date,interval_start,y,actual_production,pattern,pred,candidate
2021-07-01,2021-07-01 00:00:00,69.0,76,0c297c9204cf8e76cdb827bce0d4d59e67c26753d065f39c103e7d8ad2596be3,73.0,naive
2021-07-01,2021-07-01 00:15:00,69.0,76,0c297c9204cf8e76cdb827bce0d4d59e67c26753d065f39c103e7d8ad2596be3,70.0,naive
2021-07-01,2021-07-01 00:30:00,67.0,76,0c297c9204cf8e76cdb827bce0d4d59e67c26753d065f39c103e7d8ad2596be3,69.0,naive
2021-07-01,2021-07-01 00:45:00,67.0,76,0c297c9204cf8e76cdb827bce0d4d59e67c26753d065f39c103e7d8ad2596be3,69.0,naive
2021-07-01,2021-07-01 01:00:00,90.0,44,0c297c9204cf8e76cdb827bce0d4d59e67c26753d065f39c103e7d8ad2596be3,98.0,naive
2021-07-01,2021-07-01 01:15:00,100.0,44,0c297c9204cf8e76cdb827bce0d4d59e67c26753d065f39c103e7d8ad2596be3,106.0,naive
2021-07-01,2021-07-01 01:30:00,110.0,44,0c297c9204cf8e76cdb827bce0d4d59e67c26753d065f39c103e7d8ad2596be3,119.0,naive
2021-07-01,2021-07-01 01:45:00,115.0,44,0c297c9204cf8e76cdb827bce0d4d59e67c26753d065f39c103e7d8ad2596be3,121.0,naive
2021-07-01,2021-07-01 02:00:00,116.0,240,0c297c9204cf8e76cdb827bce0d4d59e67c26753d065f39c103e7d8ad2596be3,126.0,naive
2021-07-01,2021-07-01 02:15:00,113.0,240,0c297c9204cf8e76cdb827bce0d4d59e67c26753d065f39c103e7d8ad2596be3,120.0,naive
2021-07-01,2021-07-01 02:30:00,111.0,240,0c297c9204cf8e76cdb827bce0d4d59e67c26753d065f39c103e7d8ad2596be3,113.0,naive
2021-07-01,2021-07-01 02:45:00,112.0,240,0c297c9204cf8e76cdb827bce0d4d59e67c26753d065f39c103e7d8ad2596be3,113.0,naive
2021-07-01,2021-07-01 03:00:00,95.0,402,0c297c9204cf8e76cdb827bce0d4d59e67c26753d065f39c103e7d8ad2596be3,106.0,naive
2021-07-01,2021-07-01 03:15:00,109.0,402,0c297c9204cf8e76cdb827bce0d4d59e67c26753d065f39c103e7d8ad2596be3,117.0,naive
2021-07-01,2021-07-01 03:30:00,112.0,402,0c297c9204cf8e76cdb827bce0d4d59e67c26753d065f39c103e7d8ad2596be3,121.0,naive
2021-07-01,2021-07-01 03:45:00,111.0,402,0c297c9204cf8e76cdb827bce0d4d59e67c26753d065f39c103e7d8ad2596be3,123.0,naive
2021-07-01,2021-07-01 04:00:00,111.0,185,0c297c9204cf8e76cdb827bce0d4d59e67c26753d065f39c103e7d8ad2596be3,118.0,naive
2021-07-01,2021-07-01 04:15:00,106.0,185,0c297c9204cf8e76cdb827bce0d4d59e67c26753d065f39c103e7d8ad2596be3,114.0,naive
2021-07-01,2021-07-01 04:30:00,97.0,185,0c297c9204cf8e76cdb827bce0d4d59e67c26753d065f39c103e7d8ad2596be3,121.0,naive
2021-07-01,2021-07-01 04:45:00,100.0,185,0c297c9204cf8e76cdb827bce0d4d59e67c26753d065f39c103e7d8ad2596be3,112.0,naive
2021-07-01,2021-07-01 05:00:00,82.0,174,0c297c9204cf8e76cdb827bce0d4d59e67c26753d065f39c103e7d8ad2596be3,99.0,naive
2021-07-01,2021-07-01 05:15:00,77.0,174,0c297c9204cf8e76cdb827bce0d4d59e67c26753d065f39c103e7d8ad2596be3,83.0,naive
2021-07-01,2021-07-01 05:30:00,99.0,174,0c297c9204cf8e76cdb827bce0d4d59e67c26753d065f39c103e7d8ad2596be3,106.0,naive
2021-07-01,2021-07-01 05:45:00,114.0,174,0c297c9204cf8e76cdb827bce0d4d59e67c26753d065f39c103e7d8ad2596be3,116.0,naive
2021-07-01,2021-07-01 06:00:00,110.0,23,0c297c9204cf8e76cdb827bce0d4d59e67c26753d065f39c103e7d8ad2596be3,124.0,naive
2021-07-01,2021-07-01 06:15:00,104.0,23,0c297c9204cf8e76cdb827bce0d4d59e67c26753d065f39c103e7d8ad2596be3,122.0,naive
2021-07-01,2021-07-01 06:30:00,115.0,23,0c297c9204cf8e76cdb827bce0d4d59e67c26753d065f39c103e7d8ad2596be3,112.0,naive
2021-07-01,2021-07-01 06:45:00,112.0,23,0c297c9204cf8e76cdb827bce0d4d59e67c26753d065f39c103e7d8ad2596be3,113.0,naive
2021-07-01,2021-07-01 07:00:00,105.0,752,0c297c9204cf8e76cdb827bce0d4d59e67c26753d065f39c103e7d8ad2596be3,120.0,naive
2021-07-01,2021-07-01 07:15:00,125.0,752,0c297c9204cf8e76cdb827bce0d4d59e67c26753d065f39c103e7d8ad2596be3,136.0,naive
2021-07-01,2021-07-01 07:30:00,148.0,752,0c297c9204cf8e76cdb827bce0d4d59e67c26753d065f39c103e7d8ad2596be3,169.0,naive
2021-07-01,2021-07-01 07:45:00,138.0,752,0c297c9204cf8e76cdb827bce0d4d59e67c26753d065f39c103e7d8ad2596be3,172.0,naive
2021-07-01,2021-07-01 08:00:00,163.0,676,0c297c9204cf8e76cdb827bce0d4d59e67c26753d065f39c103e7d8ad2596be3,171.0,naive
2021-07-01,2021-07-01 08:15:00,180.0,676,0c297c9204cf8e76cdb827bce0d4d59e67c26753d065f39c103e7d8ad2596be3,188.0,naive
2021-07-01,2021-07-01 08:30:00,190.0,676,0c297c9204cf8e76cdb827bce0d4d59e67c26753d065f39c103e7d8ad2596be3,185.0,naive
2021-07-01,2021-07-01 08:45:00,194.0,676,0c297c9204cf8e76cdb827bce0d4d59e67c26753d065f39c103e7d8ad2596be3,184.0,naive
2021-07-01,2021-07-01 09:00:00,171.0,1028,0c297c9204cf8e76cdb827bce0d4d59e67c26753d065f39c103e7d8ad2596be3,154.0,naive
2021-07-01,2021-07-01 09:15:00,184.0,1028,0c297c9204cf8e76cdb827bce0d4d59e67c26753d065f39c103e7d8ad2596be3,165.0,naive
2021-07-01,2021-07-01 09:30:00,183.0,1028,0c297c9204cf8e76cdb827bce0d4d59e67c26753d065f39c103e7d8ad2596be3,172.0,naive
2021-07-01,2021-07-01 09:45:00,174.0,1028,0c297c9204cf8e76cdb827bce0d4d59e67c26753d065f39c103e7d8ad2596be3,156.0,naive
2021-07-01,2021-07-01 10:00:00,147.0,2373,0c297c9204cf8e76cdb827bce0d4d59e67c26753d065f39c103e7d8ad2596be3,123.0,naive
2021-07-01,2021-07-01 10:15:00,179.0,2373,0c297c9204cf8e76cdb827bce0d4d59e67c26753d065f39c103e7d8ad2596be3,154.0,naive
2021-07-01,2021-07-01 10:30:00,185.0,2373,0c297c9204cf8e76cdb827bce0d4d59e67c26753d065f39c103e7d8ad2596be3,168.0,naive
2021-07-01,2021-07-01 10:45:00,175.0,2373,0c297c9204cf8e76cdb827bce0d4d59e67c26753d065f39c103e7d8ad2596be3,171.0,naive
2021-07-01,2021-07-01 11:00:00,190.0,992,0c297c9204cf8e76cdb827bce0d4d59e67c26753d065f39c103e7d8ad2596be3,163.0,naive
2021-07-01,2021-07-01 11:15:00,188.0,992,0c297c9204cf8e76cdb827bce0d4d59e67c26753d065f39c103e7d8ad2596be3,165.0,naive
2021-07-01,2021-07-01 11:30:00,187.0,992,0c297c9204cf8e76cdb827bce0d4d59e67c26753d065f39c103e7d8ad2596be3,170.0,naive
2021-07-01,2021-07-01 11:45:00,187.0,992,0c297c9204cf8e76cdb827bce0d4d59e67c26753d065f39c103e7d8ad2596be3,156.0,naive
2021-07-01,2021-07-01 12:00:00,115.0,340,0c297c9204cf8e76cdb827bce0d4d59e67c26753d065f39c103e7d8ad2596be3,113.0,naive
2021-07-01,2021-07-01 12:15:00,105.0,340,0c297c9204cf8e76cdb827bce0d4d59e67c26753d065f39c103e7d8ad2596be3,93.0,naive
2021-07-01,2021-07-01 12:30:00,110.0,340,0c297c9204cf8e76cdb827bce0d4d59e67c26753d065f39c103e7d8ad2596be3,99.0,naive
2021-07-01,2021-07-01 12:45:00,115.0,340,0c297c9204cf8e76cdb827bce0d4d59e67c26753d065f39c103e7d8ad2596be3,116.0,naive
2021-07-01,2021-07-01 13:00:00,163.0,474,0c297c9204cf8e76cdb827bce0d4d59e67c26753d065f39c103e7d8ad2596be3,147.0,naive
2021-07-01,2021-07-01 13:15:00,196.0,474,0c297c9204cf8e76cdb827bce0d4d59e67c26753d065f39c103e7d8ad2596be3,163.0,naive
2021-07-01,2021-07-01 13:30:00,194.0,474,0c297c9204cf8e76cdb827bce0d4d59e67c26753d065f39c103e7d8ad2596be3,182.0,naive
2021-07-01,2021-07-01 13:45:00,206.0,474,0c297c9204cf8e76cdb827bce0d4d59e67c26753d065f39c103e7d8ad2596be3,190.0,naive
2021-07-01,2021-07-01 14:00:00,191.0,3036,0c297c9204cf8e76cdb827bce0d4d59e67c26753d065f39c103e7d8ad2596be3,175.0,naive
2021-07-01,2021-07-01 14:15:00,192.0,3036,0c297c9204cf8e76cdb827bce0d4d59e67c26753d065f39c103e7d8ad2596be3,169.0,naive
2021-07-01,2021-07-01 14:30:00,190.0,3036,0c297c9204cf8e76cdb827bce0d4d59e67c26753d065f39c103e7d8ad2596be3,151.0,naive
2021-07-01,2021-07-01 14:45:00,173.0,3036,0c297c9204cf8e76cdb827bce0d4d59e67c26753d065f39c103e7d8ad2596be3,158.0,naive
2021-07-01,2021-07-01 15:00:00,135.0,354,0c297c9204cf8e76cdb827bce0d4d59e67c26753d065f39c103e7d8ad2596be3,114.0,naive
2021-07-01,2021-07-01 15:15:00,144.0,354,0c297c9204cf8e76cdb827bce0d4d59e67c26753d065f39c103e7d8ad2596be3,141.0,naive
2021-07-01,2021-07-01 15:30:00,179.0,354,0c297c9204cf8e76cdb827bce0d4d59e67c26753d065f39c103e7d8ad2596be3,166.0,naive
2021-07-01,2021-07-01 15:45:00,197.0,354,0c297c9204cf8e76cdb827bce0d4d59e67c26753d065f39c103e7d8ad2596be3,180.0,naive
2021-07-01,2021-07-01 16:00:00,188.0,1794,0c297c9204cf8e76cdb827bce0d4d59e67c26753d065f39c103e7d8ad2596be3,163.0,naive
2021-07-01,2021-07-01 16:15:00,165.0,1794,0c297c9204cf8e76cdb827bce0d4d59e67c26753d065f39c103e7d8ad2596be3,157.0,naive
2021-07-01,2021-07-01 16:30:00,163.0,1794,0c297c9204cf8e76cdb827bce0d4d59e67c26753d065f39c103e7d8ad2596be3,165.0,naive
2021-07-01,2021-07-01 16:45:00,163.0,1794,0c297c9204cf8e76cdb827bce0d4d59e67c26753d065f39c103e7d8ad2596be3,164.0,naive
2021-07-01,2021-07-01 17:00:00,126.0,1125,0c297c9204cf8e76cdb827bce0d4d59e67c26753d065f39c103e7d8ad2596be3,123.0,naive
2021-07-01,2021-07-01 17:15:00,106.0,1125,0c297c9204cf8e76cdb827bce0d4d59e67c26753d065f39c103e7d8ad2596be3,107.0,naive
2021-07-01,2021-07-01 17:30:00,146.0,1125,0c297c9204cf8e76cdb827bce0d4d59e67c26753d065f39c103e7d8ad2596be3,145.0,naive
2021-07-01,2021-07-01 17:45:00,160.0,1125,0c297c9204cf8e76cdb827bce0d4d59e67c26753d065f39c103e7d8ad2596be3,164.0,naive
2021-07-01,2021-07-01 18:00:00,164.0,1767,0c297c9204cf8e76cdb827bce0d4d59e67c26753d065f39c103e7d8ad2596be3,152.0,naive
2021-07-01,2021-07-01 18:15:00,164.0,1767,0c297c9204cf8e76cdb827bce0d4d59e67c26753d065f39c103e7d8ad2596be3,146.0,naive
2021-07-01,2021-07-01 18:30:00,143.0,1767,0c297c9204cf8e76cdb827bce0d4d59e67c26753d065f39c103e7d8ad2596be3,142.0,naive
2021-07-01,2021-07-01 18:45:00,156.0,1767,0c297c9204cf8e76cdb827bce0d4d59e67c26753d065f39c103e7d8ad2596be3,159.0,naive
2021-07-01,2021-07-01 19:00:00,163.0,2064,0c297c9204cf8e76cdb827bce0d4d59e67c26753d065f39c103e7d8ad2596be3,160.0,naive
2021-07-01,2021-07-01 19:15:00,171.0,2064,0c297c9204cf8e76cdb827bce0d4d59e67c26753d065f39c103e7d8ad2596be3,154.0,naive
2021-07-01,2021-07-01 19:30:00,165.0,2064,0c297c9204cf8e76cdb827bce0d4d59e67c26753d065f39c103e7d8ad2596be3,168.0,naive
2021-07-01,2021-07-01 19:45:00,154.0,2064,0c297c9204cf8e76cdb827bce0d4d59e67c26753d065f39c103e7d8ad2596be3,155.0,naive
2021-07-01,2021-07-01 20:00:00,137.0,6,0c297c9204cf8e76cdb827bce0d4d59e67c26753d065f39c103e7d8ad2596be3,128.0,naive
2021-07-01,2021-07-01 20:15:00,143.0,6,0c297c9204cf8e76cdb827bce0d4d59e67c26753d065f39c103e7d8ad2596be3,131.0,naive
2021-07-01,2021-07-01 20:30:00,147.0,6,0c297c9204cf8e76cdb827bce0d4d59e67c26753d065f39c103e7d8ad2596be3,141.0,naive
2021-07-01,2021-07-01 20:45:00,140.0,6,0c297c9204cf8e76cdb827bce0d4d59e67c26753d065f39c103e7d8ad2596be3,142.0,naive
2021-07-01,2021-07-01 21:00:00,139.0,66,0c297c9204cf8e76cdb827bce0d4d59e67c26753d065f39c103e7d8ad2596be3,140.0,naive
2021-07-01,2021-07-01 21:15:00,141.0,66,0c297c9204cf8e76cdb827bce0d4d59e67c26753d065f39c103e7d8ad2596be3,142.0,naive
2021-07-01,2021-07-01 21:30:00,138.0,66,0c297c9204cf8e76cdb827bce0d4d59e67c26753d065f39c103e7d8ad2596be3,122.0,naive
2021-07-01,2021-07-01 21:45:00,140.0,66,0c297c9204cf8e76cdb827bce0d4d59e67c26753d065f39c103e7d8ad2596be3,120.0,naive
2021-07-01,2021-07-01 22:00:00,113.0,244,0c297c9204cf8e76cdb827bce0d4d59e67c26753d065f39c103e7d8ad2596be3,104.0,naive
2021-07-01,2021-07-01 22:15:00,121.0,244,0c297c9204cf8e76cdb827bce0d4d59e67c26753d065f39c103e7d8ad2596be3,124.0,naive
2021-07-01,2021-07-01 22:30:00,122.0,244,0c297c9204cf8e76cdb827bce0d4d59e67c26753d065f39c103e7d8ad2596be3,122.0,naive
2021-07-01,2021-07-01 22:45:00,121.0,244,0c297c9204cf8e76cdb827bce0d4d59e67c26753d065f39c103e7d8ad2596be3,135.0,naive
2021-07-01,2021-07-01 23:00:00,124.0,118,0c297c9204cf8e76cdb827bce0d4d59e67c26753d065f39c103e7d8ad2596be3,129.0,naive
2021-07-01,2021-07-01 23:15:00,120.0,118,0c297c9204cf8e76cdb827bce0d4d59e67c26753d065f39c103e7d8ad2596be3,122.0,naive
2021-07-01,2021-07-01 23:30:00,110.0,118,0c297c9204cf8e76cdb827bce0d4d59e67c26753d065f39c103e7d8ad2596be3,119.0,naive
2021-07-01,2021-07-01 23:45:00,79.0,118,0c297c9204cf8e76cdb827bce0d4d59e67c26753d065f39c103e7d8ad2596be3,89.0,naive
2021-07-02,2021-07-02 00:00:00,69.0,0,202457aff9fea5431fe7335873a525d3ddda188bb73e93aabfe8c4da1188c052,74.0,naive
2021-07-02,2021-07-02 00:15:00,68.0,0,202457aff9fea5431fe7335873a525d3ddda188bb73e93aabfe8c4da1188c052,70.0,naive
2021-07-02,2021-07-02 00:30:00,68.0,0,202457aff9fea5431fe7335873a525d3ddda188bb73e93aabfe8c4da1188c052,70.0,naive
2021-07-02,2021-07-02 00:45:00,68.0,0,202457aff9fea5431fe7335873a525d3ddda188bb73e93aabfe8c4da1188c052,70.0,naive
2021-07-02,2021-07-02 01:00:00,97.0,309,202457aff9fea5431fe7335873a525d3ddda188bb73e93aabfe8c4da1188c052,104.0,naive
2021-07-02,2021-07-02 01:15:00,104.0,309,202457aff9fea5431fe7335873a525d3ddda188bb73e93aabfe8c4da1188c052,123.0,naive
2021-07-02,2021-07-02 01:30:00,109.0,309,202457aff9fea5431fe7335873a525d3ddda188bb73e93aabfe8c4da1188c052,128.0,naive
2021-07-02,2021-07-02 01:45:00,115.0,309,202457aff9fea5431fe7335873a525d3ddda188bb73e93aabfe8c4da1188c052,121.0,naive
2021-07-02,2021-07-02 02:00:00,115.0,15,202457aff9fea5431fe7335873a525d3ddda188bb73e93aabfe8c4da1188c052,125.0,naive
2021-07-02,2021-07-02 02:15:00,121.0,15,202457aff9fea5431fe7335873a525d3ddda188bb73e93aabfe8c4da1188c052,126.0,naive
2021-07-02,2021-07-02 02:30:00,117.0,15,202457aff9fea5431fe7335873a525d3ddda188bb73e93aabfe8c4da1188c052,102.0,naive
2021-07-02,2021-07-02 02:45:00,111.0,15,202457aff9fea5431fe7335873a525d3ddda188bb73e93aabfe8c4da1188c052,115.0,naive
2021-07-02,2021-07-02 03:00:00,92.0,101,202457aff9fea5431fe7335873a525d3ddda188bb73e93aabfe8c4da1188c052,98.0,naive
2021-07-02,2021-07-02 03:15:00,112.0,101,202457aff9fea5431fe7335873a525d3ddda188bb73e93aabfe8c4da1188c052,124.0,naive
2021-07-02,2021-07-02 03:30:00,115.0,101,202457aff9fea5431fe7335873a525d3ddda188bb73e93aabfe8c4da1188c052,127.0,naive
2021-07-02,2021-07-02 03:45:00,113.0,101,202457aff9fea5431fe7335873a525d3ddda188bb73e93aabfe8c4da1188c052,128.0,naive
2021-07-02,2021-07-02 04:00:00,109.0,382,202457aff9fea5431fe7335873a525d3ddda188bb73e93aabfe8c4da1188c052,116.0,naive
2021-07-02,2021-07-02 04:15:00,110.0,382,202457aff9fea5431fe7335873a525d3ddda188bb73e93aabfe8c4da1188c052,116.0,naive
2021-07-02,2021-07-02 04:30:00,102.0,382,202457aff9fea5431fe7335873a525d3ddda188bb73e93aabfe8c4da1188c052,122.0,naive
2021-07-02,2021-07-02 04:45:00,104.0,382,202457aff9fea5431fe7335873a525d3ddda188bb73e93aabfe8c4da1188c052,119.0,naive
2021-07-02,2021-07-02 05:00:00,83.0,698,202457aff9fea5431fe7335873a525d3ddda188bb73e93aabfe8c4da1188c052,105.0,naive
2021-07-02,2021-07-02 05:15:00,79.0,698,202457aff9fea5431fe7335873a525d3ddda188bb73e93aabfe8c4da1188c052,93.0,naive
2021-07-02,2021-07-02 05:30:00,103.0,698,202457aff9fea5431fe7335873a525d3ddda188bb73e93aabfe8c4da1188c052,112.0,naive
2021-07-02,2021-07-02 05:45:00,120.0,698,202457aff9fea5431fe7335873a525d3ddda188bb73e93aabfe8c4da1188c052,114.0,naive
2021-07-02,2021-07-02 06:00:00,117.0,36,202457aff9fea5431fe7335873a525d3ddda188bb73e93aabfe8c4da1188c052,108.0,naive
2021-07-02,2021-07-02 06:15:00,114.0,36,202457aff9fea5431fe7335873a525d3ddda188bb73e93aabfe8c4da1188c052,107.0,naive
2021-07-02,2021-07-02 06:30:00,110.0,36,202457aff9fea5431fe7335873a525d3ddda188bb73e93aabfe8c4da1188c052,120.0,naive
2021-07-02,2021-07-02 06:45:00,106.0,36,202457aff9fea5431fe7335873a525d3ddda188bb73e93aabfe8c4da1188c052,122.0,naive
2021-07-02,2021-07-02 07:00:00,118.0,938,202457aff9fea5431fe7335873a525d3ddda188bb73e93aabfe8c4da1188c052,122.0,naive
2021-07-02,2021-07-02 07:15:00,130.0,938,202457aff9fea5431fe7335873a525d3ddda188bb73e93aabfe8c4da1188c052,124.0,naive
2021-07-02,2021-07-02 07:30:00,143.0,938,202457aff9fea5431fe7335873a525d3ddda188bb73e93aabfe8c4da1188c052,152.0,naive
2021-07-02,2021-07-02 07:45:00,139.0,938,202457aff9fea5431fe7335873a525d3ddda188bb73e93aabfe8c4da1188c052,142.0,naive
2021-07-02,2021-07-02 08:00:00,145.0,813,202457aff9fea5431fe7335873a525d3ddda188bb73e93aabfe8c4da1188c052,135.0,naive
2021-07-02,2021-07-02 08:15:00,158.0,813,202457aff9fea5431fe7335873a525d3ddda188bb73e93aabfe8c4da1188c052,154.0,naive
2021-07-02,2021-07-02 08:30:00,168.0,813,202457aff9fea5431fe7335873a525d3ddda188bb73e93aabfe8c4da1188c052,166.0,naive
2021-07-02,2021-07-02 08:45:00,173.0,813,202457aff9fea5431fe7335873a525d3ddda188bb73e93aabfe8c4da1188c052,168.0,naive
2021-07-02,2021-07-02 09:00:00,187.0,852,202457aff9fea5431fe7335873a525d3ddda188bb73e93aabfe8c4da1188c052,162.0,naive
2021-07-02,2021-07-02 09:15:00,175.0,852,202457aff9fea5431fe7335873a525d3ddda188bb73e93aabfe8c4da1188c052,170.0,naive
2021-07-02,2021-07-02 09:30:00,172.0,852,202457aff9fea5431fe7335873a525d3ddda188bb73e93aabfe8c4da1188c052,178.0,naive
2021-07-02,2021-07-02 09:45:00,165.0,852,202457aff9fea5431fe7335873a525d3ddda188bb73e93aabfe8c4da1188c052,169.0,naive
2021-07-02,2021-07-02 10:00:00,140.0,512,202457aff9fea5431fe7335873a525d3ddda188bb73e93aabfe8c4da1188c052,151.0,naive
2021-07-02,2021-07-02 10:15:00,162.0,512,202457aff9fea5431fe7335873a525d3ddda188bb73e93aabfe8c4da1188c052,176.0,naive
2021-07-02,2021-07-02 10:30:00,179.0,512,202457aff9fea5431fe7335873a525d3ddda188bb73e93aabfe8c4da1188c052,178.0,naive
2021-07-02,2021-07-02 10:45:00,175.0,512,202457aff9fea5431fe7335873a525d3ddda188bb73e93aabfe8c4da1188c052,182.0,naive
2021-07-02,2021-07-02 11:00:00,184.0,1301,202457aff9fea5431fe7335873a525d3ddda188bb73e93aabfe8c4da1188c052,184.0,naive
2021-07-02,2021-07-02 11:15:00,177.0,1301,202457aff9fea5431fe7335873a525d3ddda188bb73e93aabfe8c4da1188c052,177.0,naive
2021-07-02,2021-07-02 11:30:00,186.0,1301,202457aff9fea5431fe7335873a525d3ddda188bb73e93aabfe8c4da1188c052,177.0,naive
2021-07-02,2021-07-02 11:45:00,167.0,1301,202457aff9fea5431fe7335873a525d3ddda188bb73e93aabfe8c4da1188c052,183.0,naive
2021-07-02,2021-07-02 12:00:00,113.0,0,202457aff9fea5431fe7335873a525d3ddda188bb73e93aabfe8c4da1188c052,136.0,naive
2021-07-02,2021-07-02 12:15:00,98.0,0,202457aff9fea5431fe7335873a525d3ddda188bb73e93aabfe8c4da1188c052,112.0,naive
2021-07-02,2021-07-02 12:30:00,103.0,0,202457aff9fea5431fe7335873a525d3ddda188bb73e93aabfe8c4da1188c052,105.0,naive
2021-07-02,2021-07-02 12:45:00,117.0,0,202457aff9fea5431fe7335873a525d3ddda188bb73e93aabfe8c4da1188c052,134.0,naive
2021-07-02,2021-07-02 13:00:00,157.0,1376,202457aff9fea5431fe7335873a525d3ddda188bb73e93aabfe8c4da1188c052,185.0,naive
2021-07-02,2021-07-02 13:15:00,166.0,1376,202457aff9fea5431fe7335873a525d3ddda188bb73e93aabfe8c4da1188c052,184.0,naive
2021-07-02,2021-07-02 13:30:00,177.0,1376,202457aff9fea5431fe7335873a525d3ddda188bb73e93aabfe8c4da1188c052,174.0,naive
2021-07-02,2021-07-02 13:45:00,178.0,1376,202457aff9fea5431fe7335873a525d3ddda188bb73e93aabfe8c4da1188c052,174.0,naive
2021-07-02,2021-07-02 14:00:00,167.0,855,202457aff9fea5431fe7335873a525d3ddda188bb73e93aabfe8c4da1188c052,184.0,naive
2021-07-02,2021-07-02 14:15:00,173.0,855,202457aff9fea5431fe7335873a525d3ddda188bb73e93aabfe8c4da1188c052,177.0,naive
2021-07-02,2021-07-02 14:30:00,183.0,855,202457aff9fea5431fe7335873a525d3ddda188bb73e93aabfe8c4da1188c052,169.0,naive
2021-07-02,2021-07-02 14:45:00,177.0,855,202457aff9fea5431fe7335873a525d3ddda188bb73e93aabfe8c4da1188c052,178.0,naive
2021-07-02,2021-07-02 15:00:00,138.0,5516,202457aff9fea5431fe7335873a525d3ddda188bb73e93aabfe8c4da1188c052,152.0,naive
2021-07-02,2021-07-02 15:15:00,133.0,5516,202457aff9fea5431fe7335873a525d3ddda188bb73e93aabfe8c4da1188c052,182.0,naive
2021-07-02,2021-07-02 15:30:00,142.0,5516,202457aff9fea5431fe7335873a525d3ddda188bb73e93aabfe8c4da1188c052,186.0,naive
2021-07-02,2021-07-02 15:45:00,160.0,5516,202457aff9fea5431fe7335873a525d3ddda188bb73e93aabfe8c4da1188c052,178.0,naive
2021-07-02,2021-07-02 16:00:00,164.0,1544,202457aff9fea5431fe7335873a525d3ddda188bb73e93aabfe8c4da1188c052,165.0,naive
2021-07-02,2021-07-02 16:15:00,153.0,1544,202457aff9fea5431fe7335873a525d3ddda188bb73e93aabfe8c4da1188c052,155.0,naive
2021-07-02,2021-07-02 16:30:00,158.0,1544,202457aff9fea5431fe7335873a525d3ddda188bb73e93aabfe8c4da1188c052,169.0,naive
2021-07-02,2021-07-02 16:45:00,158.0,1544,202457aff9fea5431fe7335873a525d3ddda188bb73e93aabfe8c4da1188c052,176.0,naive
2021-07-02,2021-07-02 17:00:00,120.0,795,202457aff9fea5431fe7335873a525d3ddda188bb73e93aabfe8c4da1188c052,126.0,naive
2021-07-02,2021-07-02 17:15:00,126.0,795,202457aff9fea5431fe7335873a525d3ddda188bb73e93aabfe8c4da1188c052,104.0,naive
2021-07-02,2021-07-02 17:30:00,168.0,795,202457aff9fea5431fe7335873a525d3ddda188bb73e93aabfe8c4da1188c052,154.0,naive
2021-07-02,2021-07-02 17:45:00,175.0,795,202457aff9fea5431fe7335873a525d3ddda188bb73e93aabfe8c4da1188c052,180.0,naive
2021-07-02,2021-07-02 18:00:00,169.0,972,202457aff9fea5431fe7335873a525d3ddda188bb73e93aabfe8c4da1188c052,164.0,naive
2021-07-02,2021-07-02 18:15:00,160.0,972,202457aff9fea5431fe7335873a525d3ddda188bb73e93aabfe8c4da1188c052,148.0,naive
2021-07-02,2021-07-02 18:30:00,155.0,972,202457aff9fea5431fe7335873a525d3ddda188bb73e93aabfe8c4da1188c052,130.0,naive
2021-07-02,2021-07-02 18:45:00,155.0,972,202457aff9fea5431fe7335873a525d3ddda188bb73e93aabfe8c4da1188c052,124.0,naive
2021-07-02,2021-07-02 19:00:00,149.0,2548,202457aff9fea5431fe7335873a525d3ddda188bb73e93aabfe8c4da1188c052,127.0,naive
2021-07-02,2021-07-02 19:15:00,137.0,2548,202457aff9fea5431fe7335873a525d3ddda188bb73e93aabfe8c4da1188c052,111.0,naive
2021-07-02,2021-07-02 19:30:00,136.0,2548,202457aff9fea5431fe7335873a525d3ddda188bb73e93aabfe8c4da1188c052,107.0,naive
2021-07-02,2021-07-02 19:45:00,120.0,2548,202457aff9fea5431fe7335873a525d3ddda188bb73e93aabfe8c4da1188c052,96.0,naive
2021-07-02,2021-07-02 20:00:00,116.0,21,202457aff9fea5431fe7335873a525d3ddda188bb73e93aabfe8c4da1188c052,100.0,naive
2021-07-02,2021-07-02 20:15:00,118.0,21,202457aff9fea5431fe7335873a525d3ddda188bb73e93aabfe8c4da1188c052,109.0,naive
2021-07-02,2021-07-02 20:30:00,130.0,21,202457aff9fea5431fe7335873a525d3ddda188bb73e93aabfe8c4da1188c052,111.0,naive
2021-07-02,2021-07-02 20:45:00,123.0,21,202457aff9fea5431fe7335873a525d3ddda188bb73e93aabfe8c4da1188c052,115.0,naive
2021-07-02,2021-07-02 21:00:00,116.0,70,202457aff9fea5431fe7335873a525d3ddda188bb73e93aabfe8c4da1188c052,121.0,naive
2021-07-02,2021-07-02 21:15:00,107.0,70,202457aff9fea5431fe7335873a525d3ddda188bb73e93aabfe8c4da1188c052,118.0,naive
2021-07-02,2021-07-02 21:30:00,111.0,70,202457aff9fea5431fe7335873a525d3ddda188bb73e93aabfe8c4da1188c052,118.0,naive
2021-07-02,2021-07-02 21:45:00,121.0,70,202457aff9fea5431fe7335873a525d3ddda188bb73e93aabfe8c4da1188c052,108.0,naive
2021-07-02,2021-07-02 22:00:00,107.0,119,202457aff9fea5431fe7335873a525d3ddda188bb73e93aabfe8c4da1188c052,108.0,naive
2021-07-02,2021-07-02 22:15:00,117.0,119,202457aff9fea5431fe7335873a525d3ddda188bb73e93aabfe8c4da1188c052,116.0,naive
2021-07-02,2021-07-02 22:30:00,113.0,119,202457aff9fea5431fe7335873a525d3ddda188bb73e93aabfe8c4da1188c052,136.0,naive
2021-07-02,2021-07-02 22:45:00,106.0,119,202457aff9fea5431fe7335873a525d3ddda188bb73e93aabfe8c4da1188c052,132.0,naive
2021-07-02,2021-07-02 23:00:00,95.0,76,202457aff9fea5431fe7335873a525d3ddda188bb73e93aabfe8c4da1188c052,122.0,naive
2021-07-02,2021-07-02 23:15:00,103.0,76,202457aff9fea5431fe7335873a525d3ddda188bb73e93aabfe8c4da1188c052,107.0,naive
2021-07-02,2021-07-02 23:30:00,96.0,76,202457aff9fea5431fe7335873a525d3ddda188bb73e93aabfe8c4da1188c052,94.0,naive
2021-07-02,2021-07-02 23:45:00,79.0,76,202457aff9fea5431fe7335873a525d3ddda188bb73e93aabfe8c4da1188c052,84.0,naive
2021-07-03,2021-07-03 00:00:00,76.0,154,71209cf6b664c04414b4ae88c4fb06c40806df98a73458863876cf68c5bdb2a9,71.0,naive
2021-07-03,2021-07-03 00:15:00,65.0,154,71209cf6b664c04414b4ae88c4fb06c40806df98a73458863876cf68c5bdb2a9,71.0,naive
2021-07-03,2021-07-03 00:30:00,64.0,154,71209cf6b664c04414b4ae88c4fb06c40806df98a73458863876cf68c5bdb2a9,71.0,naive
2021-07-03,2021-07-03 00:45:00,63.0,154,71209cf6b664c04414b4ae88c4fb06c40806df98a73458863876cf68c5bdb2a9,71.0,naive
2021-07-03,2021-07-03 01:00:00,92.0,270,71209cf6b664c04414b4ae88c4fb06c40806df98a73458863876cf68c5bdb2a9,103.0,naive
2021-07-03,2021-07-03 01:15:00,105.0,270,71209cf6b664c04414b4ae88c4fb06c40806df98a73458863876cf68c5bdb2a9,124.0,naive
2021-07-03,2021-07-03 01:30:00,107.0,270,71209cf6b664c04414b4ae88c4fb06c40806df98a73458863876cf68c5bdb2a9,124.0,naive
2021-07-03,2021-07-03 01:45:00,110.0,270,71209cf6b664c04414b4ae88c4fb06c40806df98a73458863876cf68c5bdb2a9,112.0,naive
2021-07-03,2021-07-03 02:00:00,107.0,0,71209cf6b664c04414b4ae88c4fb06c40806df98a73458863876cf68c5bdb2a9,107.0,naive
2021-07-03,2021-07-03 02:15:00,106.0,0,71209cf6b664c04414b4ae88c4fb06c40806df98a73458863876cf68c5bdb2a9,103.0,naive
2021-07-03,2021-07-03 02:30:00,105.0,0,71209cf6b664c04414b4ae88c4fb06c40806df98a73458863876cf68c5bdb2a9,109.0,naive
2021-07-03,2021-07-03 02:45:00,105.0,0,71209cf6b664c04414b4ae88c4fb06c40806df98a73458863876cf68c5bdb2a9,125.0,naive
2021-07-03,2021-07-03 03:00:00,94.0,94,71209cf6b664c04414b4ae88c4fb06c40806df98a73458863876cf68c5bdb2a9,104.0,naive
2021-07-03,2021-07-03 03:15:00,105.0,94,71209cf6b664c04414b4ae88c4fb06c40806df98a73458863876cf68c5bdb2a9,113.0,naive
2021-07-03,2021-07-03 03:30:00,103.0,94,71209cf6b664c04414b4ae88c4fb06c40806df98a73458863876cf68c5bdb2a9,113.0,naive
2021-07-03,2021-07-03 03:45:00,108.0,94,71209cf6b664c04414b4ae88c4fb06c40806df98a73458863876cf68c5bdb2a9,107.0,naive
2021-07-03,2021-07-03 04:00:00,112.0,36,71209cf6b664c04414b4ae88c4fb06c40806df98a73458863876cf68c5bdb2a9,120.0,naive
2021-07-03,2021-07-03 04:15:00,106.0,36,71209cf6b664c04414b4ae88c4fb06c40806df98a73458863876cf68c5bdb2a9,131.0,naive
2021-07-03,2021-07-03 04:30:00,100.0,36,71209cf6b664c04414b4ae88c4fb06c40806df98a73458863876cf68c5bdb2a9,124.0,naive
2021-07-03,2021-07-03 04:45:00,99.0,36,71209cf6b664c04414b4ae88c4fb06c40806df98a73458863876cf68c5bdb2a9,126.0,naive
2021-07-03,2021-07-03 05:00:00,80.0,39,71209cf6b664c04414b4ae88c4fb06c40806df98a73458863876cf68c5bdb2a9,96.0,naive
2021-07-03,2021-07-03 05:15:00,73.0,39,71209cf6b664c04414b4ae88c4fb06c40806df98a73458863876cf68c5bdb2a9,79.0,naive
2021-07-03,2021-07-03 05:30:00,96.0,39,71209cf6b664c04414b4ae88c4fb06c40806df98a73458863876cf68c5bdb2a9,101.0,naive
2021-07-03,2021-07-03 05:45:00,105.0,39,71209cf6b664c04414b4ae88c4fb06c40806df98a73458863876cf68c5bdb2a9,113.0,naive
2021-07-03,2021-07-03 06:00:00,105.0,0,71209cf6b664c04414b4ae88c4fb06c40806df98a73458863876cf68c5bdb2a9,119.0,naive
2021-07-03,2021-07-03 06:15:00,101.0,0,71209cf6b664c04414b4ae88c4fb06c40806df98a73458863876cf68c5bdb2a9,127.0,naive
2021-07-03,2021-07-03 06:30:00,95.0,0,71209cf6b664c04414b4ae88c4fb06c40806df98a73458863876cf68c5bdb2a9,119.0,naive
2021-07-03,2021-07-03 06:45:00,91.0,0,71209cf6b664c04414b4ae88c4fb06c40806df98a73458863876cf68c5bdb2a9,107.0,naive
2021-07-03,2021-07-03 07:00:00,83.0,1142,71209cf6b664c04414b4ae88c4fb06c40806df98a73458863876cf68c5bdb2a9,95.0,naive
2021-07-03,2021-07-03 07:15:00,68.0,1142,71209cf6b664c04414b4ae88c4fb06c40806df98a73458863876cf68c5bdb2a9,94.0,naive
2021-07-03,2021-07-03 07:30:00,31.0,1142,71209cf6b664c04414b4ae88c4fb06c40806df98a73458863876cf68c5bdb2a9,64.0,naive
2021-07-03,2021-07-03 07:45:00,28.0,1142,71209cf6b664c04414b4ae88c4fb06c40806df98a73458863876cf68c5bdb2a9,30.0,naive
2021-07-03,2021-07-03 08:00:00,23.0,0,71209cf6b664c04414b4ae88c4fb06c40806df98a73458863876cf68c5bdb2a9,24.0,naive
2021-07-03,2021-07-03 08:15:00,22.0,0,71209cf6b664c04414b4ae88c4fb06c40806df98a73458863876cf68c5bdb2a9,23.0,naive
2021-07-03,2021-07-03 08:30:00,22.0,0,71209cf6b664c04414b4ae88c4fb06c40806df98a73458863876cf68c5bdb2a9,23.0,naive
2021-07-03,2021-07-03 08:45:00,22.0,0,71209cf6b664c04414b4ae88c4fb06c40806df98a73458863876cf68c5bdb2a9,23.0,naive
2021-07-03,2021-07-03 09:00:00,23.0,0,71209cf6b664c04414b4ae88c4fb06c40806df98a73458863876cf68c5bdb2a9,23.0,naive
2021-07-03,2021-07-03 09:15:00,27.0,0,71209cf6b664c04414b4ae88c4fb06c40806df98a73458863876cf68c5bdb2a9,23.0,naive
2021-07-03,2021-07-03 09:30:00,25.0,0,71209cf6b664c04414b4ae88c4fb06c40806df98a73458863876cf68c5bdb2a9,23.0,naive
2021-07-03,2021-07-03 09:45:00,23.0,0,71209cf6b664c04414b4ae88c4fb06c40806df98a73458863876cf68c5bdb2a9,23.0,naive
2021-07-03,2021-07-03 10:00:00,23.0,0,71209cf6b664c04414b4ae88c4fb06c40806df98a73458863876cf68c5bdb2a9,23.0,naive
2021-07-03,2021-07-03 10:15:00,23.0,0,71209cf6b664c04414b4ae88c4fb06c40806df98a73458863876cf68c5bdb2a9,25.0,naive
2021-07-03,2021-07-03 10:30:00,22.0,0,71209cf6b664c04414b4ae88c4fb06c40806df98a73458863876cf68c5bdb2a9,28.0,naive
2021-07-03,2021-07-03 10:45:00,22.0,0,71209cf6b664c04414b4ae88c4fb06c40806df98a73458863876cf68c5bdb2a9,27.0,naive
2021-07-03,2021-07-03 11:00:00,22.0,0,71209cf6b664c04414b4ae88c4fb06c40806df98a73458863876cf68c5bdb2a9,23.0,naive
2021-07-03,2021-07-03 11:15:00,23.0,0,71209cf6b664c04414b4ae88c4fb06c40806df98a73458863876cf68c5bdb2a9,24.0,naive
2021-07-03,2021-07-03 11:30:00,22.0,0,71209cf6b664c04414b4ae88c4fb06c40806df98a73458863876cf68c5bdb2a9,24.0,naive
2021-07-03,2021-07-03 11:45:00,23.0,0,71209cf6b664c04414b4ae88c4fb06c40806df98a73458863876cf68c5bdb2a9,24.0,naive
2021-07-03,2021-07-03 12:00:00,22.0,0,71209cf6b664c04414b4ae88c4fb06c40806df98a73458863876cf68c5bdb2a9,23.0,naive
2021-07-03,2021-07-03 12:15:00,22.0,0,71209cf6b664c04414b4ae88c4fb06c40806df98a73458863876cf68c5bdb2a9,24.0,naive
2021-07-03,2021-07-03 12:30:00,27.0,0,71209cf6b664c04414b4ae88c4fb06c40806df98a73458863876cf68c5bdb2a9,24.0,naive
2021-07-03,2021-07-03 12:45:00,26.0,0,71209cf6b664c04414b4ae88c4fb06c40806df98a73458863876cf68c5bdb2a9,24.0,naive
2021-07-03,2021-07-03 13:00:00,22.0,0,71209cf6b664c04414b4ae88c4fb06c40806df98a73458863876cf68c5bdb2a9,23.0,naive
2021-07-03,2021-07-03 13:15:00,22.0,0,71209cf6b664c04414b4ae88c4fb06c40806df98a73458863876cf68c5bdb2a9,23.0,naive
2021-07-03,2021-07-03 13:30:00,22.0,0,71209cf6b664c04414b4ae88c4fb06c40806df98a73458863876cf68c5bdb2a9,27.0,naive
2021-07-03,2021-07-03 13:45:00,22.0,0,71209cf6b664c04414b4ae88c4fb06c40806df98a73458863876cf68c5bdb2a9,28.0,naive
2021-07-03,2021-07-03 14:00:00,22.0,0,71209cf6b664c04414b4ae88c4fb06c40806df98a73458863876cf68c5bdb2a9,25.0,naive
2021-07-03,2021-07-03 14:15:00,22.0,0,71209cf6b664c04414b4ae88c4fb06c40806df98a73458863876cf68c5bdb2a9,23.0,naive
2021-07-03,2021-07-03 14:30:00,22.0,0,71209cf6b664c04414b4ae88c4fb06c40806df98a73458863876cf68c5bdb2a9,23.0,naive
2021-07-03,2021-07-03 14:45:00,23.0,0,71209cf6b664c04414b4ae88c4fb06c40806df98a73458863876cf68c5bdb2a9,24.0,naive
2021-07-03,2021-07-03 15:00:00,21.0,0,71209cf6b664c04414b4ae88c4fb06c40806df98a73458863876cf68c5bdb2a9,23.0,naive
2021-07-03,2021-07-03 15:15:00,22.0,0,71209cf6b664c04414b4ae88c4fb06c40806df98a73458863876cf68c5bdb2a9,23.0,naive
2021-07-03,2021-07-03 15:30:00,22.0,0,71209cf6b664c04414b4ae88c4fb06c40806df98a73458863876cf68c5bdb2a9,23.0,naive
2021-07-03,2021-07-03 15:45:00,25.0,0,71209cf6b664c04414b4ae88c4fb06c40806df98a73458863876cf68c5bdb2a9,24.0,naive
2021-07-03,2021-07-03 16:00:00,26.0,0,71209cf6b664c04414b4ae88c4fb06c40806df98a73458863876cf68c5bdb2a9,23.0,naive
2021-07-03,2021-07-03 16:15:00,22.0,0,71209cf6b664c04414b4ae88c4fb06c40806df98a73458863876cf68c5bdb2a9,23.0,naive
2021-07-03,2021-07-03 16:30:00,22.0,0,71209cf6b664c04414b4ae88c4fb06c40806df98a73458863876cf68c5bdb2a9,23.0,naive
2021-07-03,2021-07-03 16:45:00,22.0,0,71209cf6b664c04414b4ae88c4fb06c40806df98a73458863876cf68c5bdb2a9,24.0,naive
2021-07-03,2021-07-03 17:00:00,22.0,0,71209cf6b664c04414b4ae88c4fb06c40806df98a73458863876cf68c5bdb2a9,28.0,naive
2021-07-03,2021-07-03 17:15:00,22.0,0,71209cf6b664c04414b4ae88c4fb06c40806df98a73458863876cf68c5bdb2a9,28.0,naive
2021-07-03,2021-07-03 17:30:00,22.0,0,71209cf6b664c04414b4ae88c4fb06c40806df98a73458863876cf68c5bdb2a9,23.0,naive
2021-07-03,2021-07-03 17:45:00,22.0,0,71209cf6b664c04414b4ae88c4fb06c40806df98a73458863876cf68c5bdb2a9,24.0,naive
2021-07-03,2021-07-03 18:00:00,22.0,0,71209cf6b664c04414b4ae88c4fb06c40806df98a73458863876cf68c5bdb2a9,24.0,naive
2021-07-03,2021-07-03 18:15:00,23.0,0,71209cf6b664c04414b4ae88c4fb06c40806df98a73458863876cf68c5bdb2a9,24.0,naive
2021-07-03,2021-07-03 18:30:00,21.0,0,71209cf6b664c04414b4ae88c4fb06c40806df98a73458863876cf68c5bdb2a9,23.0,naive
2021-07-03,2021-07-03 18:45:00,22.0,0,71209cf6b664c04414b4ae88c4fb06c40806df98a73458863876cf68c5bdb2a9,24.0,naive
2021-07-03,2021-07-03 19:00:00,26.0,0,71209cf6b664c04414b4ae88c4fb06c40806df98a73458863876cf68c5bdb2a9,24.0,naive
2021-07-03,2021-07-03 19:15:00,27.0,0,71209cf6b664c04414b4ae88c4fb06c40806df98a73458863876cf68c5bdb2a9,23.0,naive
2021-07-03,2021-07-03 19:30:00,22.0,0,71209cf6b664c04414b4ae88c4fb06c40806df98a73458863876cf68c5bdb2a9,24.0,naive
2021-07-03,2021-07-03 19:45:00,22.0,0,71209cf6b664c04414b4ae88c4fb06c40806df98a73458863876cf68c5bdb2a9,24.0,naive
2021-07-03,2021-07-03 20:00:00,23.0,0,71209cf6b664c04414b4ae88c4fb06c40806df98a73458863876cf68c5bdb2a9,24.0,naive
2021-07-03,2021-07-03 20:15:00,22.0,0,71209cf6b664c04414b4ae88c4fb06c40806df98a73458863876cf68c5bdb2a9,28.0,naive
2021-07-03,2021-07-03 20:30:00,22.0,0,71209cf6b664c04414b4ae88c4fb06c40806df98a73458863876cf68c5bdb2a9,25.0,naive
2021-07-03,2021-07-03 20:45:00,22.0,0,71209cf6b664c04414b4ae88c4fb06c40806df98a73458863876cf68c5bdb2a9,23.0,naive
2021-07-03,2021-07-03 21:00:00,23.0,0,71209cf6b664c04414b4ae88c4fb06c40806df98a73458863876cf68c5bdb2a9,23.0,naive
2021-07-03,2021-07-03 21:15:00,23.0,0,71209cf6b664c04414b4ae88c4fb06c40806df98a73458863876cf68c5bdb2a9,24.0,naive
2021-07-03,2021-07-03 21:30:00,23.0,0,71209cf6b664c04414b4ae88c4fb06c40806df98a73458863876cf68c5bdb2a9,23.0,naive
2021-07-03,2021-07-03 21:45:00,22.0,0,71209cf6b664c04414b4ae88c4fb06c40806df98a73458863876cf68c5bdb2a9,24.0,naive
2021-07-03,2021-07-03 22:00:00,23.0,0,71209cf6b664c04414b4ae88c4fb06c40806df98a73458863876cf68c5bdb2a9,24.0,naive
2021-07-03,2021-07-03 22:15:00,24.0,0,71209cf6b664c04414b4ae88c4fb06c40806df98a73458863876cf68c5bdb2a9,24.0,naive
2021-07-03,2021-07-03 22:30:00,27.0,0,71209cf6b664c04414b4ae88c4fb06c40806df98a73458863876cf68c5bdb2a9,23.0,naive
2021-07-03,2021-07-03 22:45:00,23.0,0,71209cf6b664c04414b4ae88c4fb06c40806df98a73458863876cf68c5bdb2a9,24.0,naive
2021-07-03,2021-07-03 23:00:00,23.0,0,71209cf6b664c04414b4ae88c4fb06c40806df98a73458863876cf68c5bdb2a9,23.0,naive
2021-07-03,2021-07-03 23:15:00,22.0,0,71209cf6b664c04414b4ae88c4fb06c40806df98a73458863876cf68c5bdb2a9,24.0,naive
2021-07-03,2021-07-03 23:30:00,22.0,0,71209cf6b664c04414b4ae88c4fb06c40806df98a73458863876cf68c5bdb2a9,28.0,naive
2021-07-03,2021-07-03 23:45:00,22.0,0,71209cf6b664c04414b4ae88c4fb06c40806df98a73458863876cf68c5bdb2a9,27.0,naive
2021-07-04,2021-07-04 00:00:00,22.0,0,7ba19748a927bf6672862f7b601d6b701e8713c3a3ae2ddfbe768b3500380e39,23.0,naive
2021-07-04,2021-07-04 00:15:00,23.0,0,7ba19748a927bf6672862f7b601d6b701e8713c3a3ae2ddfbe768b3500380e39,23.0,naive
2021-07-04,2021-07-04 00:30:00,22.0,0,7ba19748a927bf6672862f7b601d6b701e8713c3a3ae2ddfbe768b3500380e39,23.0,naive
2021-07-04,2021-07-04 00:45:00,22.0,0,7ba19748a927bf6672862f7b601d6b701e8713c3a3ae2ddfbe768b3500380e39,23.0,naive
2021-07-04,2021-07-04 01:00:00,22.0,0,7ba19748a927bf6672862f7b601d6b701e8713c3a3ae2ddfbe768b3500380e39,23.0,naive
2021-07-04,2021-07-04 01:15:00,22.0,0,7ba19748a927bf6672862f7b601d6b701e8713c3a3ae2ddfbe768b3500380e39,23.0,naive
2021-07-04,2021-07-04 01:30:00,27.0,0,7ba19748a927bf6672862f7b601d6b701e8713c3a3ae2ddfbe768b3500380e39,23.0,naive
2021-07-04,2021-07-04 01:45:00,27.0,0,7ba19748a927bf6672862f7b601d6b701e8713c3a3ae2ddfbe768b3500380e39,23.0,naive
2021-07-04,2021-07-04 02:00:00,24.0,0,7ba19748a927bf6672862f7b601d6b701e8713c3a3ae2ddfbe768b3500380e39,23.0,naive
2021-07-04,2021-07-04 02:15:00,23.0,0,7ba19748a927bf6672862f7b601d6b701e8713c3a3ae2ddfbe768b3500380e39,23.0,naive
2021-07-04,2021-07-04 02:30:00,23.0,0,7ba19748a927bf6672862f7b601d6b701e8713c3a3ae2ddfbe768b3500380e39,24.0,naive
2021-07-04,2021-07-04 02:45:00,22.0,0,7ba19748a927bf6672862f7b601d6b701e8713c3a3ae2ddfbe768b3500380e39,24.0,naive
2021-07-04,2021-07-04 03:00:00,22.0,0,7ba19748a927bf6672862f7b601d6b701e8713c3a3ae2ddfbe768b3500380e39,27.0,naive
2021-07-04,2021-07-04 03:15:00,23.0,0,7ba19748a927bf6672862f7b601d6b701e8713c3a3ae2ddfbe768b3500380e39,24.0,naive
2021-07-04,2021-07-04 03:30:00,23.0,0,7ba19748a927bf6672862f7b601d6b701e8713c3a3ae2ddfbe768b3500380e39,23.0,naive
2021-07-04,2021-07-04 03:45:00,22.0,0,7ba19748a927bf6672862f7b601d6b701e8713c3a3ae2ddfbe768b3500380e39,24.0,naive
2021-07-04,2021-07-04 04:00:00,23.0,0,7ba19748a927bf6672862f7b601d6b701e8713c3a3ae2ddfbe768b3500380e39,22.0,naive
2021-07-04,2021-07-04 04:15:00,23.0,0,7ba19748a927bf6672862f7b601d6b701e8713c3a3ae2ddfbe768b3500380e39,22.0,naive
2021-07-04,2021-07-04 04:30:00,22.0,0,7ba19748a927bf6672862f7b601d6b701e8713c3a3ae2ddfbe768b3500380e39,23.0,naive
2021-07-04,2021-07-04 04:45:00,22.0,0,7ba19748a927bf6672862f7b601d6b701e8713c3a3ae2ddfbe768b3500380e39,23.0,naive
2021-07-04,2021-07-04 05:00:00,23.0,0,7ba19748a927bf6672862f7b601d6b701e8713c3a3ae2ddfbe768b3500380e39,22.0,naive
2021-07-04,2021-07-04 05:15:00,27.0,0,7ba19748a927bf6672862f7b601d6b701e8713c3a3ae2ddfbe768b3500380e39,23.0,naive
2021-07-04,2021-07-04 05:30:00,23.0,0,7ba19748a927bf6672862f7b601d6b701e8713c3a3ae2ddfbe768b3500380e39,23.0,naive
2021-07-04,2021-07-04 05:45:00,23.0,0,7ba19748a927bf6672862f7b601d6b701e8713c3a3ae2ddfbe768b3500380e39,24.0,naive
2021-07-04,2021-07-04 06:00:00,22.0,0,7ba19748a927bf6672862f7b601d6b701e8713c3a3ae2ddfbe768b3500380e39,27.0,naive
2021-07-04,2021-07-04 06:15:00,22.0,0,7ba19748a927bf6672862f7b601d6b701e8713c3a3ae2ddfbe768b3500380e39,24.0,naive
2021-07-04,2021-07-04 06:30:00,23.0,0,7ba19748a927bf6672862f7b601d6b701e8713c3a3ae2ddfbe768b3500380e39,23.0,naive
2021-07-04,2021-07-04 06:45:00,22.0,0,7ba19748a927bf6672862f7b601d6b701e8713c3a3ae2ddfbe768b3500380e39,24.0,naive
2021-07-04,2021-07-04 07:00:00,21.0,0,7ba19748a927bf6672862f7b601d6b701e8713c3a3ae2ddfbe768b3500380e39,23.0,naive
2021-07-04,2021-07-04 07:15:00,22.0,0,7ba19748a927bf6672862f7b601d6b701e8713c3a3ae2ddfbe768b3500380e39,23.0,naive
2021-07-04,2021-07-04 07:30:00,23.0,0,7ba19748a927bf6672862f7b601d6b701e8713c3a3ae2ddfbe768b3500380e39,23.0,naive
2021-07-04,2021-07-04 07:45:00,22.0,0,7ba19748a927bf6672862f7b601d6b701e8713c3a3ae2ddfbe768b3500380e39,23.0,naive
2021-07-04,2021-07-04 08:00:00,24.0,0,7ba19748a927bf6672862f7b601d6b701e8713c3a3ae2ddfbe768b3500380e39,23.0,naive
2021-07-04,2021-07-04 08:15:00,28.0,0,7ba19748a927bf6672862f7b601d6b701e8713c3a3ae2ddfbe768b3500380e39,23.0,naive
2021-07-04,2021-07-04 08:30:00,24.0,0,7ba19748a927bf6672862f7b601d6b701e8713c3a3ae2ddfbe768b3500380e39,23.0,naive
2021-07-04,2021-07-04 08:45:00,21.0,0,7ba19748a927bf6672862f7b601d6b701e8713c3a3ae2ddfbe768b3500380e39,26.0,naive
2021-07-04,2021-07-04 09:00:00,22.0,0,7ba19748a927bf6672862f7b601d6b701e8713c3a3ae2ddfbe768b3500380e39,28.0,naive
2021-07-04,2021-07-04 09:15:00,22.0,0,7ba19748a927bf6672862f7b601d6b701e8713c3a3ae2ddfbe768b3500380e39,26.0,naive
2021-07-04,2021-07-04 09:30:00,22.0,0,7ba19748a927bf6672862f7b601d6b701e8713c3a3ae2ddfbe768b3500380e39,24.0,naive
2021-07-04,2021-07-04 09:45:00,22.0,0,7ba19748a927bf6672862f7b601d6b701e8713c3a3ae2ddfbe768b3500380e39,24.0,naive
2021-07-04,2021-07-04 10:00:00,22.0,0,7ba19748a927bf6672862f7b601d6b701e8713c3a3ae2ddfbe768b3500380e39,24.0,naive
2021-07-04,2021-07-04 10:15:00,23.0,0,7ba19748a927bf6672862f7b601d6b701e8713c3a3ae2ddfbe768b3500380e39,24.0,naive
2021-07-04,2021-07-04 10:30:00,23.0,0,7ba19748a927bf6672862f7b601d6b701e8713c3a3ae2ddfbe768b3500380e39,24.0,naive
2021-07-04,2021-07-04 10:45:00,23.0,0,7ba19748a927bf6672862f7b601d6b701e8713c3a3ae2ddfbe768b3500380e39,24.0,naive
2021-07-04,2021-07-04 11:00:00,24.0,0,7ba19748a927bf6672862f7b601d6b701e8713c3a3ae2ddfbe768b3500380e39,24.0,naive
2021-07-04,2021-07-04 11:15:00,26.0,0,7ba19748a927bf6672862f7b601d6b701e8713c3a3ae2ddfbe768b3500380e39,24.0,naive
2021-07-04,2021-07-04 11:30:00,28.0,0,7ba19748a927bf6672862f7b601d6b701e8713c3a3ae2ddfbe768b3500380e39,24.0,naive
2021-07-04,2021-07-04 11:45:00,25.0,0,7ba19748a927bf6672862f7b601d6b701e8713c3a3ae2ddfbe768b3500380e39,24.0,naive
2021-07-04,2021-07-04 12:00:00,24.0,0,7ba19748a927bf6672862f7b601d6b701e8713c3a3ae2ddfbe768b3500380e39,27.0,naive
2021-07-04,2021-07-04 12:15:00,23.0,0,7ba19748a927bf6672862f7b601d6b701e8713c3a3ae2ddfbe768b3500380e39,31.0,naive
2021-07-04,2021-07-04 12:30:00,23.0,0,7ba19748a927bf6672862f7b601d6b701e8713c3a3ae2ddfbe768b3500380e39,23.0,naive
2021-07-04,2021-07-04 12:45:00,23.0,0,7ba19748a927bf6672862f7b601d6b701e8713c3a3ae2ddfbe768b3500380e39,24.0,naive
2021-07-04,2021-07-04 13:00:00,23.0,0,7ba19748a927bf6672862f7b601d6b701e8713c3a3ae2ddfbe768b3500380e39,24.0,naive
2021-07-04,2021-07-04 13:15:00,24.0,0,7ba19748a927bf6672862f7b601d6b701e8713c3a3ae2ddfbe768b3500380e39,24.0,naive
2021-07-04,2021-07-04 13:30:00,23.0,0,7ba19748a927bf6672862f7b601d6b701e8713c3a3ae2ddfbe768b3500380e39,24.0,naive
2021-07-04,2021-07-04 13:45:00,23.0,0,7ba19748a927bf6672862f7b601d6b701e8713c3a3ae2ddfbe768b3500380e39,24.0,naive
2021-07-04,2021-07-04 14:00:00,23.0,0,7ba19748a927bf6672862f7b601d6b701e8713c3a3ae2ddfbe768b3500380e39,24.0,naive
2021-07-04,2021-07-04 14:15:00,23.0,0,7ba19748a927bf6672862f7b601d6b701e8713c3a3ae2ddfbe768b3500380e39,24.0,naive
2021-07-04,2021-07-04 14:30:00,23.0,0,7ba19748a927bf6672862f7b601d6b701e8713c3a3ae2ddfbe768b3500380e39,24.0,naive
2021-07-04,2021-07-04 14:45:00,27.0,0,7ba19748a927bf6672862f7b601d6b701e8713c3a3ae2ddfbe768b3500380e39,24.0,naive
2021-07-04,2021-07-04 15:00:00,27.0,0,7ba19748a927bf6672862f7b601d6b701e8713c3a3ae2ddfbe768b3500380e39,24.0,naive
2021-07-04,2021-07-04 15:15:00,23.0,0,7ba19748a927bf6672862f7b601d6b701e8713c3a3ae2ddfbe768b3500380e39,29.0,naive
2021-07-04,2021-07-04 15:30:00,23.0,0,7ba19748a927bf6672862f7b601d6b701e8713c3a3ae2ddfbe768b3500380e39,28.0,naive
2021-07-04,2021-07-04 15:45:00,23.0,0,7ba19748a927bf6672862f7b601d6b701e8713c3a3ae2ddfbe768b3500380e39,24.0,naive
2021-07-04,2021-07-04 16:00:00,23.0,0,7ba19748a927bf6672862f7b601d6b701e8713c3a3ae2ddfbe768b3500380e39,24.0,naive
2021-07-04,2021-07-04 16:15:00,23.0,0,7ba19748a927bf6672862f7b601d6b701e8713c3a3ae2ddfbe768b3500380e39,24.0,naive
2021-07-04,2021-07-04 16:30:00,23.0,0,7ba19748a927bf6672862f7b601d6b701e8713c3a3ae2ddfbe768b3500380e39,24.0,naive
2021-07-04,2021-07-04 16:45:00,25.0,0,7ba19748a927bf6672862f7b601d6b701e8713c3a3ae2ddfbe768b3500380e39,24.0,naive
2021-07-04,2021-07-04 17:00:00,22.0,0,7ba19748a927bf6672862f7b601d6b701e8713c3a3ae2ddfbe768b3500380e39,24.0,naive
2021-07-04,2021-07-04 17:15:00,22.0,0,7ba19748a927bf6672862f7b601d6b701e8713c3a3ae2ddfbe768b3500380e39,24.0,naive
2021-07-04,2021-07-04 17:30:00,22.0,0,7ba19748a927bf6672862f7b601d6b701e8713c3a3ae2ddfbe768b3500380e39,24.0,naive
2021-07-04,2021-07-04 17:45:00,22.0,0,7ba19748a927bf6672862f7b601d6b701e8713c3a3ae2ddfbe768b3500380e39,24.0,naive
2021-07-04,2021-07-04 18:00:00,25.0,0,7ba19748a927bf6672862f7b601d6b701e8713c3a3ae2ddfbe768b3500380e39,24.0,naive
2021-07-04,2021-07-04 18:15:00,27.0,0,7ba19748a927bf6672862f7b601d6b701e8713c3a3ae2ddfbe768b3500380e39,24.0,naive
2021-07-04,2021-07-04 18:30:00,23.0,0,7ba19748a927bf6672862f7b601d6b701e8713c3a3ae2ddfbe768b3500380e39,26.0,naive
2021-07-04,2021-07-04 18:45:00,23.0,0,7ba19748a927bf6672862f7b601d6b701e8713c3a3ae2ddfbe768b3500380e39,28.0,naive
2021-07-04,2021-07-04 19:00:00,23.0,0,7ba19748a927bf6672862f7b601d6b701e8713c3a3ae2ddfbe768b3500380e39,25.0,naive
2021-07-04,2021-07-04 19:15:00,22.0,0,7ba19748a927bf6672862f7b601d6b701e8713c3a3ae2ddfbe768b3500380e39,25.0,naive
2021-07-04,2021-07-04 19:30:00,22.0,0,7ba19748a927bf6672862f7b601d6b701e8713c3a3ae2ddfbe768b3500380e39,24.0,naive
2021-07-04,2021-07-04 19:45:00,23.0,0,7ba19748a927bf6672862f7b601d6b701e8713c3a3ae2ddfbe768b3500380e39,23.0,naive
2021-07-04,2021-07-04 20:00:00,22.0,0,7ba19748a927bf6672862f7b601d6b701e8713c3a3ae2ddfbe768b3500380e39,24.0,naive
2021-07-04,2021-07-04 20:15:00,23.0,0,7ba19748a927bf6672862f7b601d6b701e8713c3a3ae2ddfbe768b3500380e39,24.0,naive
2021-07-04,2021-07-04 20:30:00,22.0,0,7ba19748a927bf6672862f7b601d6b701e8713c3a3ae2ddfbe768b3500380e39,24.0,naive
2021-07-04,2021-07-04 20:45:00,22.0,0,7ba19748a927bf6672862f7b601d6b701e8713c3a3ae2ddfbe768b3500380e39,24.0,naive
2021-07-04,2021-07-04 21:00:00,24.0,0,7ba19748a927bf6672862f7b601d6b701e8713c3a3ae2ddfbe768b3500380e39,24.0,naive
2021-07-04,2021-07-04 21:15:00,24.0,0,7ba19748a927bf6672862f7b601d6b701e8713c3a3ae2ddfbe768b3500380e39,24.0,naive
2021-07-04,2021-07-04 21:30:00,28.0,0,7ba19748a927bf6672862f7b601d6b701e8713c3a3ae2ddfbe768b3500380e39,24.0,naive
2021-07-04,2021-07-04 21:45:00,25.0,0,7ba19748a927bf6672862f7b601d6b701e8713c3a3ae2ddfbe768b3500380e39,24.0,naive
2021-07-04,2021-07-04 22:00:00,23.0,0,7ba19748a927bf6672862f7b601d6b701e8713c3a3ae2ddfbe768b3500380e39,29.0,naive
2021-07-04,2021-07-04 22:15:00,24.0,0,7ba19748a927bf6672862f7b601d6b701e8713c3a3ae2ddfbe768b3500380e39,27.0,naive
2021-07-04,2021-07-04 22:30:00,23.0,0,7ba19748a927bf6672862f7b601d6b701e8713c3a3ae2ddfbe768b3500380e39,24.0,naive
2021-07-04,2021-07-04 22:45:00,23.0,0,7ba19748a927bf6672862f7b601d6b701e8713c3a3ae2ddfbe768b3500380e39,24.0,naive
2021-07-04,2021-07-04 23:00:00,23.0,0,7ba19748a927bf6672862f7b601d6b701e8713c3a3ae2ddfbe768b3500380e39,24.0,naive
2021-07-04,2021-07-04 23:15:00,23.0,0,7ba19748a927bf6672862f7b601d6b701e8713c3a3ae2ddfbe768b3500380e39,24.0,naive
2021-07-04,2021-07-04 23:30:00,22.0,0,7ba19748a927bf6672862f7b601d6b701e8713c3a3ae2ddfbe768b3500380e39,24.0,naive
2021-07-04,2021-07-04 23:45:00,22.0,0,7ba19748a927bf6672862f7b601d6b701e8713c3a3ae2ddfbe768b3500380e39,24.0,naive
2021-07-05,2021-07-05 00:00:00,23.0,0,ba77fa53d55065005f6017eee04e6443af87de2baed631859bf3bcd6f1cce190,24.0,naive
2021-07-05,2021-07-05 00:15:00,23.0,0,ba77fa53d55065005f6017eee04e6443af87de2baed631859bf3bcd6f1cce190,23.0,naive
2021-07-05,2021-07-05 00:30:00,27.0,0,ba77fa53d55065005f6017eee04e6443af87de2baed631859bf3bcd6f1cce190,24.0,naive
2021-07-05,2021-07-05 00:45:00,28.0,0,ba77fa53d55065005f6017eee04e6443af87de2baed631859bf3bcd6f1cce190,24.0,naive
2021-07-05,2021-07-05 01:00:00,23.0,0,ba77fa53d55065005f6017eee04e6443af87de2baed631859bf3bcd6f1cce190,23.0,naive
2021-07-05,2021-07-05 01:15:00,23.0,0,ba77fa53d55065005f6017eee04e6443af87de2baed631859bf3bcd6f1cce190,26.0,naive
2021-07-05,2021-07-05 01:30:00,23.0,0,ba77fa53d55065005f6017eee04e6443af87de2baed631859bf3bcd6f1cce190,28.0,naive
2021-07-05,2021-07-05 01:45:00,22.0,0,ba77fa53d55065005f6017eee04e6443af87de2baed631859bf3bcd6f1cce190,25.0,naive
2021-07-05,2021-07-05 02:00:00,23.0,0,ba77fa53d55065005f6017eee04e6443af87de2baed631859bf3bcd6f1cce190,23.0,naive
2021-07-05,2021-07-05 02:15:00,23.0,0,ba77fa53d55065005f6017eee04e6443af87de2baed631859bf3bcd6f1cce190,24.0,naive
2021-07-05,2021-07-05 02:30:00,22.0,0,ba77fa53d55065005f6017eee04e6443af87de2baed631859bf3bcd6f1cce190,24.0,naive
2021-07-05,2021-07-05 02:45:00,23.0,0,ba77fa53d55065005f6017eee04e6443af87de2baed631859bf3bcd6f1cce190,25.0,naive
2021-07-05,2021-07-05 03:00:00,23.0,0,ba77fa53d55065005f6017eee04e6443af87de2baed631859bf3bcd6f1cce190,23.0,naive
2021-07-05,2021-07-05 03:15:00,23.0,0,ba77fa53d55065005f6017eee04e6443af87de2baed631859bf3bcd6f1cce190,24.0,naive
2021-07-05,2021-07-05 03:30:00,23.0,0,ba77fa53d55065005f6017eee04e6443af87de2baed631859bf3bcd6f1cce190,24.0,naive
2021-07-05,2021-07-05 03:45:00,25.0,0,ba77fa53d55065005f6017eee04e6443af87de2baed631859bf3bcd6f1cce190,23.0,naive
2021-07-05,2021-07-05 04:00:00,27.0,0,ba77fa53d55065005f6017eee04e6443af87de2baed631859bf3bcd6f1cce190,24.0,naive
2021-07-05,2021-07-05 04:15:00,23.0,0,ba77fa53d55065005f6017eee04e6443af87de2baed631859bf3bcd6f1cce190,24.0,naive
2021-07-05,2021-07-05 04:30:00,23.0,0,ba77fa53d55065005f6017eee04e6443af87de2baed631859bf3bcd6f1cce190,26.0,naive
2021-07-05,2021-07-05 04:45:00,22.0,0,ba77fa53d55065005f6017eee04e6443af87de2baed631859bf3bcd6f1cce190,28.0,naive
2021-07-05,2021-07-05 05:00:00,23.0,0,ba77fa53d55065005f6017eee04e6443af87de2baed631859bf3bcd6f1cce190,24.0,naive
2021-07-05,2021-07-05 05:15:00,23.0,0,ba77fa53d55065005f6017eee04e6443af87de2baed631859bf3bcd6f1cce190,23.0,naive
2021-07-05,2021-07-05 05:30:00,22.0,0,ba77fa53d55065005f6017eee04e6443af87de2baed631859bf3bcd6f1cce190,24.0,naive
2021-07-05,2021-07-05 05:45:00,22.0,0,ba77fa53d55065005f6017eee04e6443af87de2baed631859bf3bcd6f1cce190,23.0,naive
2021-07-05,2021-07-05 06:00:00,23.0,0,ba77fa53d55065005f6017eee04e6443af87de2baed631859bf3bcd6f1cce190,23.0,naive
2021-07-05,2021-07-05 06:15:00,22.0,0,ba77fa53d55065005f6017eee04e6443af87de2baed631859bf3bcd6f1cce190,23.0,naive
2021-07-05,2021-07-05 06:30:00,21.0,0,ba77fa53d55065005f6017eee04e6443af87de2baed631859bf3bcd6f1cce190,23.0,naive
2021-07-05,2021-07-05 06:45:00,23.0,0,ba77fa53d55065005f6017eee04e6443af87de2baed631859bf3bcd6f1cce190,23.0,naive
2021-07-05,2021-07-05 07:00:00,33.0,0,ba77fa53d55065005f6017eee04e6443af87de2baed631859bf3bcd6f1cce190,28.0,naive
2021-07-05,2021-07-05 07:15:00,46.0,0,ba77fa53d55065005f6017eee04e6443af87de2baed631859bf3bcd6f1cce190,42.0,naive
2021-07-05,2021-07-05 07:30:00,69.0,0,ba77fa53d55065005f6017eee04e6443af87de2baed631859bf3bcd6f1cce190,66.0,naive
2021-07-05,2021-07-05 07:45:00,104.0,0,ba77fa53d55065005f6017eee04e6443af87de2baed631859bf3bcd6f1cce190,92.0,naive
2021-07-05,2021-07-05 08:00:00,145.0,982,ba77fa53d55065005f6017eee04e6443af87de2baed631859bf3bcd6f1cce190,144.0,naive
2021-07-05,2021-07-05 08:15:00,172.0,982,ba77fa53d55065005f6017eee04e6443af87de2baed631859bf3bcd6f1cce190,167.0,naive
2021-07-05,2021-07-05 08:30:00,183.0,982,ba77fa53d55065005f6017eee04e6443af87de2baed631859bf3bcd6f1cce190,190.0,naive
2021-07-05,2021-07-05 08:45:00,173.0,982,ba77fa53d55065005f6017eee04e6443af87de2baed631859bf3bcd6f1cce190,198.0,naive
2021-07-05,2021-07-05 09:00:00,172.0,2566,ba77fa53d55065005f6017eee04e6443af87de2baed631859bf3bcd6f1cce190,185.0,naive
2021-07-05,2021-07-05 09:15:00,170.0,2566,ba77fa53d55065005f6017eee04e6443af87de2baed631859bf3bcd6f1cce190,182.0,naive
2021-07-05,2021-07-05 09:30:00,175.0,2566,ba77fa53d55065005f6017eee04e6443af87de2baed631859bf3bcd6f1cce190,174.0,naive
2021-07-05,2021-07-05 09:45:00,163.0,2566,ba77fa53d55065005f6017eee04e6443af87de2baed631859bf3bcd6f1cce190,172.0,naive
2021-07-05,2021-07-05 10:00:00,148.0,814,ba77fa53d55065005f6017eee04e6443af87de2baed631859bf3bcd6f1cce190,135.0,naive
2021-07-05,2021-07-05 10:15:00,180.0,814,ba77fa53d55065005f6017eee04e6443af87de2baed631859bf3bcd6f1cce190,184.0,naive
2021-07-05,2021-07-05 10:30:00,179.0,814,ba77fa53d55065005f6017eee04e6443af87de2baed631859bf3bcd6f1cce190,182.0,naive
2021-07-05,2021-07-05 10:45:00,185.0,814,ba77fa53d55065005f6017eee04e6443af87de2baed631859bf3bcd6f1cce190,168.0,naive
2021-07-05,2021-07-05 11:00:00,185.0,1097,ba77fa53d55065005f6017eee04e6443af87de2baed631859bf3bcd6f1cce190,176.0,naive
2021-07-05,2021-07-05 11:15:00,169.0,1097,ba77fa53d55065005f6017eee04e6443af87de2baed631859bf3bcd6f1cce190,178.0,naive
2021-07-05,2021-07-05 11:30:00,168.0,1097,ba77fa53d55065005f6017eee04e6443af87de2baed631859bf3bcd6f1cce190,193.0,naive
2021-07-05,2021-07-05 11:45:00,164.0,1097,ba77fa53d55065005f6017eee04e6443af87de2baed631859bf3bcd6f1cce190,184.0,naive
2021-07-05,2021-07-05 12:00:00,116.0,31,ba77fa53d55065005f6017eee04e6443af87de2baed631859bf3bcd6f1cce190,131.0,naive
2021-07-05,2021-07-05 12:15:00,101.0,31,ba77fa53d55065005f6017eee04e6443af87de2baed631859bf3bcd6f1cce190,112.0,naive
2021-07-05,2021-07-05 12:30:00,99.0,31,ba77fa53d55065005f6017eee04e6443af87de2baed631859bf3bcd6f1cce190,107.0,naive
2021-07-05,2021-07-05 12:45:00,100.0,31,ba77fa53d55065005f6017eee04e6443af87de2baed631859bf3bcd6f1cce190,135.0,naive
2021-07-05,2021-07-05 13:00:00,148.0,613,ba77fa53d55065005f6017eee04e6443af87de2baed631859bf3bcd6f1cce190,169.0,naive
2021-07-05,2021-07-05 13:15:00,165.0,613,ba77fa53d55065005f6017eee04e6443af87de2baed631859bf3bcd6f1cce190,189.0,naive
2021-07-05,2021-07-05 13:30:00,176.0,613,ba77fa53d55065005f6017eee04e6443af87de2baed631859bf3bcd6f1cce190,191.0,naive
2021-07-05,2021-07-05 13:45:00,181.0,613,ba77fa53d55065005f6017eee04e6443af87de2baed631859bf3bcd6f1cce190,191.0,naive
2021-07-05,2021-07-05 14:00:00,169.0,2781,ba77fa53d55065005f6017eee04e6443af87de2baed631859bf3bcd6f1cce190,183.0,naive
2021-07-05,2021-07-05 14:15:00,170.0,2781,ba77fa53d55065005f6017eee04e6443af87de2baed631859bf3bcd6f1cce190,171.0,naive
2021-07-05,2021-07-05 14:30:00,167.0,2781,ba77fa53d55065005f6017eee04e6443af87de2baed631859bf3bcd6f1cce190,178.0,naive
2021-07-05,2021-07-05 14:45:00,168.0,2781,ba77fa53d55065005f6017eee04e6443af87de2baed631859bf3bcd6f1cce190,189.0,naive
2021-07-05,2021-07-05 15:00:00,141.0,711,ba77fa53d55065005f6017eee04e6443af87de2baed631859bf3bcd6f1cce190,155.0,naive
2021-07-05,2021-07-05 15:15:00,140.0,711,ba77fa53d55065005f6017eee04e6443af87de2baed631859bf3bcd6f1cce190,188.0,naive
2021-07-05,2021-07-05 15:30:00,174.0,711,ba77fa53d55065005f6017eee04e6443af87de2baed631859bf3bcd6f1cce190,194.0,naive
2021-07-05,2021-07-05 15:45:00,183.0,711,ba77fa53d55065005f6017eee04e6443af87de2baed631859bf3bcd6f1cce190,189.0,naive
2021-07-05,2021-07-05 16:00:00,173.0,2870,ba77fa53d55065005f6017eee04e6443af87de2baed631859bf3bcd6f1cce190,172.0,naive
2021-07-05,2021-07-05 16:15:00,156.0,2870,ba77fa53d55065005f6017eee04e6443af87de2baed631859bf3bcd6f1cce190,163.0,naive
2021-07-05,2021-07-05 16:30:00,151.0,2870,ba77fa53d55065005f6017eee04e6443af87de2baed631859bf3bcd6f1cce190,164.0,naive
2021-07-05,2021-07-05 16:45:00,153.0,2870,ba77fa53d55065005f6017eee04e6443af87de2baed631859bf3bcd6f1cce190,172.0,naive
2021-07-05,2021-07-05 17:00:00,128.0,224,ba77fa53d55065005f6017eee04e6443af87de2baed631859bf3bcd6f1cce190,132.0,naive
2021-07-05,2021-07-05 17:15:00,115.0,224,ba77fa53d55065005f6017eee04e6443af87de2baed631859bf3bcd6f1cce190,123.0,naive
2021-07-05,2021-07-05 17:30:00,133.0,224,ba77fa53d55065005f6017eee04e6443af87de2baed631859bf3bcd6f1cce190,166.0,naive
2021-07-05,2021-07-05 17:45:00,140.0,224,ba77fa53d55065005f6017eee04e6443af87de2baed631859bf3bcd6f1cce190,179.0,naive
2021-07-05,2021-07-05 18:00:00,153.0,308,ba77fa53d55065005f6017eee04e6443af87de2baed631859bf3bcd6f1cce190,183.0,naive
2021-07-05,2021-07-05 18:15:00,156.0,308,ba77fa53d55065005f6017eee04e6443af87de2baed631859bf3bcd6f1cce190,185.0,naive
2021-07-05,2021-07-05 18:30:00,163.0,308,ba77fa53d55065005f6017eee04e6443af87de2baed631859bf3bcd6f1cce190,168.0,naive
2021-07-05,2021-07-05 18:45:00,158.0,308,ba77fa53d55065005f6017eee04e6443af87de2baed631859bf3bcd6f1cce190,171.0,naive
2021-07-05,2021-07-05 19:00:00,153.0,1932,ba77fa53d55065005f6017eee04e6443af87de2baed631859bf3bcd6f1cce190,158.0,naive
2021-07-05,2021-07-05 19:15:00,141.0,1932,ba77fa53d55065005f6017eee04e6443af87de2baed631859bf3bcd6f1cce190,169.0,naive
2021-07-05,2021-07-05 19:30:00,141.0,1932,ba77fa53d55065005f6017eee04e6443af87de2baed631859bf3bcd6f1cce190,163.0,naive
2021-07-05,2021-07-05 19:45:00,122.0,1932,ba77fa53d55065005f6017eee04e6443af87de2baed631859bf3bcd6f1cce190,121.0,naive
2021-07-05,2021-07-05 20:00:00,113.0,9,ba77fa53d55065005f6017eee04e6443af87de2baed631859bf3bcd6f1cce190,110.0,naive
2021-07-05,2021-07-05 20:15:00,111.0,9,ba77fa53d55065005f6017eee04e6443af87de2baed631859bf3bcd6f1cce190,113.0,naive
2021-07-05,2021-07-05 20:30:00,126.0,9,ba77fa53d55065005f6017eee04e6443af87de2baed631859bf3bcd6f1cce190,111.0,naive
2021-07-05,2021-07-05 20:45:00,130.0,9,ba77fa53d55065005f6017eee04e6443af87de2baed631859bf3bcd6f1cce190,113.0,naive
2021-07-05,2021-07-05 21:00:00,124.0,356,ba77fa53d55065005f6017eee04e6443af87de2baed631859bf3bcd6f1cce190,115.0,naive
2021-07-05,2021-07-05 21:15:00,122.0,356,ba77fa53d55065005f6017eee04e6443af87de2baed631859bf3bcd6f1cce190,120.0,naive
2021-07-05,2021-07-05 21:30:00,110.0,356,ba77fa53d55065005f6017eee04e6443af87de2baed631859bf3bcd6f1cce190,123.0,naive
2021-07-05,2021-07-05 21:45:00,110.0,356,ba77fa53d55065005f6017eee04e6443af87de2baed631859bf3bcd6f1cce190,113.0,naive
2021-07-05,2021-07-05 22:00:00,94.0,89,ba77fa53d55065005f6017eee04e6443af87de2baed631859bf3bcd6f1cce190,102.0,naive
2021-07-05,2021-07-05 22:15:00,100.0,89,ba77fa53d55065005f6017eee04e6443af87de2baed631859bf3bcd6f1cce190,104.0,naive
2021-07-05,2021-07-05 22:30:00,108.0,89,ba77fa53d55065005f6017eee04e6443af87de2baed631859bf3bcd6f1cce190,111.0,naive
2021-07-05,2021-07-05 22:45:00,115.0,89,ba77fa53d55065005f6017eee04e6443af87de2baed631859bf3bcd6f1cce190,119.0,naive
2021-07-05,2021-07-05 23:00:00,116.0,332,ba77fa53d55065005f6017eee04e6443af87de2baed631859bf3bcd6f1cce190,126.0,naive
2021-07-05,2021-07-05 23:15:00,107.0,332,ba77fa53d55065005f6017eee04e6443af87de2baed631859bf3bcd6f1cce190,111.0,naive
2021-07-05,2021-07-05 23:30:00,100.0,332,ba77fa53d55065005f6017eee04e6443af87de2baed631859bf3bcd6f1cce190,111.0,naive
2021-07-05,2021-07-05 23:45:00,83.0,332,ba77fa53d55065005f6017eee04e6443af87de2baed631859bf3bcd6f1cce190,81.0,naive
2021-07-06,2021-07-06 00:00:00,68.0,50,13a3539e6c73c447878ad9ba59d087359f350522329bfc6e2e70d71ff3aa2289,67.0,naive
2021-07-06,2021-07-06 00:15:00,68.0,50,13a3539e6c73c447878ad9ba59d087359f350522329bfc6e2e70d71ff3aa2289,66.0,naive
2021-07-06,2021-07-06 00:30:00,68.0,50,13a3539e6c73c447878ad9ba59d087359f350522329bfc6e2e70d71ff3aa2289,66.0,naive
2021-07-06,2021-07-06 00:45:00,68.0,50,13a3539e6c73c447878ad9ba59d087359f350522329bfc6e2e70d71ff3aa2289,66.0,naive
2021-07-06,2021-07-06 01:00:00,86.0,434,13a3539e6c73c447878ad9ba59d087359f350522329bfc6e2e70d71ff3aa2289,94.0,naive
2021-07-06,2021-07-06 01:15:00,108.0,434,13a3539e6c73c447878ad9ba59d087359f350522329bfc6e2e70d71ff3aa2289,101.0,naive
2021-07-06,2021-07-06 01:30:00,111.0,434,13a3539e6c73c447878ad9ba59d087359f350522329bfc6e2e70d71ff3aa2289,112.0,naive
2021-07-06,2021-07-06 01:45:00,108.0,434,13a3539e6c73c447878ad9ba59d087359f350522329bfc6e2e70d71ff3aa2289,110.0,naive
2021-07-06,2021-07-06 02:00:00,110.0,246,13a3539e6c73c447878ad9ba59d087359f350522329bfc6e2e70d71ff3aa2289,124.0,naive
2021-07-06,2021-07-06 02:15:00,108.0,246,13a3539e6c73c447878ad9ba59d087359f350522329bfc6e2e70d71ff3aa2289,124.0,naive
2021-07-06,2021-07-06 02:30:00,107.0,246,13a3539e6c73c447878ad9ba59d087359f350522329bfc6e2e70d71ff3aa2289,107.0,naive
2021-07-06,2021-07-06 02:45:00,93.0,246,13a3539e6c73c447878ad9ba59d087359f350522329bfc6e2e70d71ff3aa2289,95.0,naive
2021-07-06,2021-07-06 03:00:00,88.0,236,13a3539e6c73c447878ad9ba59d087359f350522329bfc6e2e70d71ff3aa2289,90.0,naive
2021-07-06,2021-07-06 03:15:00,102.0,236,13a3539e6c73c447878ad9ba59d087359f350522329bfc6e2e70d71ff3aa2289,100.0,naive
2021-07-06,2021-07-06 03:30:00,114.0,236,13a3539e6c73c447878ad9ba59d087359f350522329bfc6e2e70d71ff3aa2289,109.0,naive
2021-07-06,2021-07-06 03:45:00,116.0,236,13a3539e6c73c447878ad9ba59d087359f350522329bfc6e2e70d71ff3aa2289,115.0,naive
2021-07-06,2021-07-06 04:00:00,106.0,262,13a3539e6c73c447878ad9ba59d087359f350522329bfc6e2e70d71ff3aa2289,112.0,naive
2021-07-06,2021-07-06 04:15:00,103.0,262,13a3539e6c73c447878ad9ba59d087359f350522329bfc6e2e70d71ff3aa2289,114.0,naive
2021-07-06,2021-07-06 04:30:00,103.0,262,13a3539e6c73c447878ad9ba59d087359f350522329bfc6e2e70d71ff3aa2289,114.0,naive
2021-07-06,2021-07-06 04:45:00,112.0,262,13a3539e6c73c447878ad9ba59d087359f350522329bfc6e2e70d71ff3aa2289,99.0,naive
2021-07-06,2021-07-06 05:00:00,94.0,2,13a3539e6c73c447878ad9ba59d087359f350522329bfc6e2e70d71ff3aa2289,76.0,naive
2021-07-06,2021-07-06 05:15:00,89.0,2,13a3539e6c73c447878ad9ba59d087359f350522329bfc6e2e70d71ff3aa2289,72.0,naive
2021-07-06,2021-07-06 05:30:00,98.0,2,13a3539e6c73c447878ad9ba59d087359f350522329bfc6e2e70d71ff3aa2289,102.0,naive
2021-07-06,2021-07-06 05:45:00,110.0,2,13a3539e6c73c447878ad9ba59d087359f350522329bfc6e2e70d71ff3aa2289,110.0,naive
2021-07-06,2021-07-06 06:00:00,105.0,70,13a3539e6c73c447878ad9ba59d087359f350522329bfc6e2e70d71ff3aa2289,119.0,naive
2021-07-06,2021-07-06 06:15:00,99.0,70,13a3539e6c73c447878ad9ba59d087359f350522329bfc6e2e70d71ff3aa2289,113.0,naive
2021-07-06,2021-07-06 06:30:00,95.0,70,13a3539e6c73c447878ad9ba59d087359f350522329bfc6e2e70d71ff3aa2289,108.0,naive
2021-07-06,2021-07-06 06:45:00,91.0,70,13a3539e6c73c447878ad9ba59d087359f350522329bfc6e2e70d71ff3aa2289,112.0,naive
2021-07-06,2021-07-06 07:00:00,93.0,2041,13a3539e6c73c447878ad9ba59d087359f350522329bfc6e2e70d71ff3aa2289,113.0,naive
2021-07-06,2021-07-06 07:15:00,105.0,2041,13a3539e6c73c447878ad9ba59d087359f350522329bfc6e2e70d71ff3aa2289,120.0,naive
2021-07-06,2021-07-06 07:30:00,132.0,2041,13a3539e6c73c447878ad9ba59d087359f350522329bfc6e2e70d71ff3aa2289,154.0,naive
2021-07-06,2021-07-06 07:45:00,145.0,2041,13a3539e6c73c447878ad9ba59d087359f350522329bfc6e2e70d71ff3aa2289,160.0,naive
2021-07-06,2021-07-06 08:00:00,166.0,313,13a3539e6c73c447878ad9ba59d087359f350522329bfc6e2e70d71ff3aa2289,190.0,naive
2021-07-06,2021-07-06 08:15:00,177.0,313,13a3539e6c73c447878ad9ba59d087359f350522329bfc6e2e70d71ff3aa2289,222.0,naive
2021-07-06,2021-07-06 08:30:00,182.0,313,13a3539e6c73c447878ad9ba59d087359f350522329bfc6e2e70d71ff3aa2289,207.0,naive
2021-07-06,2021-07-06 08:45:00,193.0,313,13a3539e6c73c447878ad9ba59d087359f350522329bfc6e2e70d71ff3aa2289,189.0,naive
2021-07-06,2021-07-06 09:00:00,176.0,734,13a3539e6c73c447878ad9ba59d087359f350522329bfc6e2e70d71ff3aa2289,183.0,naive
2021-07-06,2021-07-06 09:15:00,176.0,734,13a3539e6c73c447878ad9ba59d087359f350522329bfc6e2e70d71ff3aa2289,179.0,naive
2021-07-06,2021-07-06 09:30:00,185.0,734,13a3539e6c73c447878ad9ba59d087359f350522329bfc6e2e70d71ff3aa2289,179.0,naive
2021-07-06,2021-07-06 09:45:00,182.0,734,13a3539e6c73c447878ad9ba59d087359f350522329bfc6e2e70d71ff3aa2289,176.0,naive
2021-07-06,2021-07-06 10:00:00,150.0,792,13a3539e6c73c447878ad9ba59d087359f350522329bfc6e2e70d71ff3aa2289,139.0,naive
2021-07-06,2021-07-06 10:15:00,176.0,792,13a3539e6c73c447878ad9ba59d087359f350522329bfc6e2e70d71ff3aa2289,169.0,naive
2021-07-06,2021-07-06 10:30:00,172.0,792,13a3539e6c73c447878ad9ba59d087359f350522329bfc6e2e70d71ff3aa2289,175.0,naive
2021-07-06,2021-07-06 10:45:00,175.0,792,13a3539e6c73c447878ad9ba59d087359f350522329bfc6e2e70d71ff3aa2289,168.0,naive
2021-07-06,2021-07-06 11:00:00,177.0,568,13a3539e6c73c447878ad9ba59d087359f350522329bfc6e2e70d71ff3aa2289,182.0,naive
2021-07-06,2021-07-06 11:15:00,182.0,568,13a3539e6c73c447878ad9ba59d087359f350522329bfc6e2e70d71ff3aa2289,191.0,naive
2021-07-06,2021-07-06 11:30:00,175.0,568,13a3539e6c73c447878ad9ba59d087359f350522329bfc6e2e70d71ff3aa2289,200.0,naive
2021-07-06,2021-07-06 11:45:00,171.0,568,13a3539e6c73c447878ad9ba59d087359f350522329bfc6e2e70d71ff3aa2289,200.0,naive
2021-07-06,2021-07-06 12:00:00,132.0,0,13a3539e6c73c447878ad9ba59d087359f350522329bfc6e2e70d71ff3aa2289,134.0,naive
2021-07-06,2021-07-06 12:15:00,106.0,0,13a3539e6c73c447878ad9ba59d087359f350522329bfc6e2e70d71ff3aa2289,104.0,naive
2021-07-06,2021-07-06 12:30:00,106.0,0,13a3539e6c73c447878ad9ba59d087359f350522329bfc6e2e70d71ff3aa2289,100.0,naive
2021-07-06,2021-07-06 12:45:00,97.0,0,13a3539e6c73c447878ad9ba59d087359f350522329bfc6e2e70d71ff3aa2289,133.0,naive
2021-07-06,2021-07-06 13:00:00,141.0,2227,13a3539e6c73c447878ad9ba59d087359f350522329bfc6e2e70d71ff3aa2289,179.0,naive
2021-07-06,2021-07-06 13:15:00,170.0,2227,13a3539e6c73c447878ad9ba59d087359f350522329bfc6e2e70d71ff3aa2289,194.0,naive
2021-07-06,2021-07-06 13:30:00,169.0,2227,13a3539e6c73c447878ad9ba59d087359f350522329bfc6e2e70d71ff3aa2289,186.0,naive
2021-07-06,2021-07-06 13:45:00,154.0,2227,13a3539e6c73c447878ad9ba59d087359f350522329bfc6e2e70d71ff3aa2289,187.0,naive
2021-07-06,2021-07-06 14:00:00,182.0,648,13a3539e6c73c447878ad9ba59d087359f350522329bfc6e2e70d71ff3aa2289,168.0,naive
2021-07-06,2021-07-06 14:15:00,176.0,648,13a3539e6c73c447878ad9ba59d087359f350522329bfc6e2e70d71ff3aa2289,181.0,naive
2021-07-06,2021-07-06 14:30:00,172.0,648,13a3539e6c73c447878ad9ba59d087359f350522329bfc6e2e70d71ff3aa2289,183.0,naive
2021-07-06,2021-07-06 14:45:00,185.0,648,13a3539e6c73c447878ad9ba59d087359f350522329bfc6e2e70d71ff3aa2289,177.0,naive
2021-07-06,2021-07-06 15:00:00,147.0,1272,13a3539e6c73c447878ad9ba59d087359f350522329bfc6e2e70d71ff3aa2289,139.0,naive
2021-07-06,2021-07-06 15:15:00,144.0,1272,13a3539e6c73c447878ad9ba59d087359f350522329bfc6e2e70d71ff3aa2289,179.0,naive
2021-07-06,2021-07-06 15:30:00,173.0,1272,13a3539e6c73c447878ad9ba59d087359f350522329bfc6e2e70d71ff3aa2289,170.0,naive
2021-07-06,2021-07-06 15:45:00,169.0,1272,13a3539e6c73c447878ad9ba59d087359f350522329bfc6e2e70d71ff3aa2289,165.0,naive
2021-07-06,2021-07-06 16:00:00,177.0,985,13a3539e6c73c447878ad9ba59d087359f350522329bfc6e2e70d71ff3aa2289,167.0,naive
2021-07-06,2021-07-06 16:15:00,172.0,985,13a3539e6c73c447878ad9ba59d087359f350522329bfc6e2e70d71ff3aa2289,167.0,naive
2021-07-06,2021-07-06 16:30:00,167.0,985,13a3539e6c73c447878ad9ba59d087359f350522329bfc6e2e70d71ff3aa2289,157.0,naive
2021-07-06,2021-07-06 16:45:00,168.0,985,13a3539e6c73c447878ad9ba59d087359f350522329bfc6e2e70d71ff3aa2289,164.0,naive
2021-07-06,2021-07-06 17:00:00,124.0,124,13a3539e6c73c447878ad9ba59d087359f350522329bfc6e2e70d71ff3aa2289,122.0,naive
2021-07-06,2021-07-06 17:15:00,107.0,124,13a3539e6c73c447878ad9ba59d087359f350522329bfc6e2e70d71ff3aa2289,99.0,naive
2021-07-06,2021-07-06 17:30:00,136.0,124,13a3539e6c73c447878ad9ba59d087359f350522329bfc6e2e70d71ff3aa2289,136.0,naive
2021-07-06,2021-07-06 17:45:00,148.0,124,13a3539e6c73c447878ad9ba59d087359f350522329bfc6e2e70d71ff3aa2289,153.0,naive
2021-07-06,2021-07-06 18:00:00,146.0,1300,13a3539e6c73c447878ad9ba59d087359f350522329bfc6e2e70d71ff3aa2289,160.0,naive
2021-07-06,2021-07-06 18:15:00,161.0,1300,13a3539e6c73c447878ad9ba59d087359f350522329bfc6e2e70d71ff3aa2289,163.0,naive
2021-07-06,2021-07-06 18:30:00,153.0,1300,13a3539e6c73c447878ad9ba59d087359f350522329bfc6e2e70d71ff3aa2289,164.0,naive
2021-07-06,2021-07-06 18:45:00,153.0,1300,13a3539e6c73c447878ad9ba59d087359f350522329bfc6e2e70d71ff3aa2289,175.0,naive
2021-07-06,2021-07-06 19:00:00,153.0,3876,13a3539e6c73c447878ad9ba59d087359f350522329bfc6e2e70d71ff3aa2289,177.0,naive
2021-07-06,2021-07-06 19:15:00,157.0,3876,13a3539e6c73c447878ad9ba59d087359f350522329bfc6e2e70d71ff3aa2289,173.0,naive
2021-07-06,2021-07-06 19:30:00,146.0,3876,13a3539e6c73c447878ad9ba59d087359f350522329bfc6e2e70d71ff3aa2289,154.0,naive
2021-07-06,2021-07-06 19:45:00,147.0,3876,13a3539e6c73c447878ad9ba59d087359f350522329bfc6e2e70d71ff3aa2289,137.0,naive
2021-07-06,2021-07-06 20:00:00,131.0,10,13a3539e6c73c447878ad9ba59d087359f350522329bfc6e2e70d71ff3aa2289,132.0,naive
2021-07-06,2021-07-06 20:15:00,133.0,10,13a3539e6c73c447878ad9ba59d087359f350522329bfc6e2e70d71ff3aa2289,134.0,naive
2021-07-06,2021-07-06 20:30:00,138.0,10,13a3539e6c73c447878ad9ba59d087359f350522329bfc6e2e70d71ff3aa2289,137.0,naive
2021-07-06,2021-07-06 20:45:00,133.0,10,13a3539e6c73c447878ad9ba59d087359f350522329bfc6e2e70d71ff3aa2289,135.0,naive
2021-07-06,2021-07-06 21:00:00,132.0,166,13a3539e6c73c447878ad9ba59d087359f350522329bfc6e2e70d71ff3aa2289,125.0,naive
2021-07-06,2021-07-06 21:15:00,120.0,166,13a3539e6c73c447878ad9ba59d087359f350522329bfc6e2e70d71ff3aa2289,126.0,naive
2021-07-06,2021-07-06 21:30:00,122.0,166,13a3539e6c73c447878ad9ba59d087359f350522329bfc6e2e70d71ff3aa2289,125.0,naive
2021-07-06,2021-07-06 21:45:00,129.0,166,13a3539e6c73c447878ad9ba59d087359f350522329bfc6e2e70d71ff3aa2289,119.0,naive
2021-07-06,2021-07-06 22:00:00,109.0,150,13a3539e6c73c447878ad9ba59d087359f350522329bfc6e2e70d71ff3aa2289,105.0,naive
2021-07-06,2021-07-06 22:15:00,114.0,150,13a3539e6c73c447878ad9ba59d087359f350522329bfc6e2e70d71ff3aa2289,108.0,naive
2021-07-06,2021-07-06 22:30:00,110.0,150,13a3539e6c73c447878ad9ba59d087359f350522329bfc6e2e70d71ff3aa2289,121.0,naive
2021-07-06,2021-07-06 22:45:00,115.0,150,13a3539e6c73c447878ad9ba59d087359f350522329bfc6e2e70d71ff3aa2289,116.0,naive
2021-07-06,2021-07-06 23:00:00,104.0,75,13a3539e6c73c447878ad9ba59d087359f350522329bfc6e2e70d71ff3aa2289,110.0,naive
2021-07-06,2021-07-06 23:15:00,99.0,75,13a3539e6c73c447878ad9ba59d087359f350522329bfc6e2e70d71ff3aa2289,113.0,naive
2021-07-06,2021-07-06 23:30:00,114.0,75,13a3539e6c73c447878ad9ba59d087359f350522329bfc6e2e70d71ff3aa2289,109.0,naive
2021-07-06,2021-07-06 23:45:00,107.0,75,13a3539e6c73c447878ad9ba59d087359f350522329bfc6e2e70d71ff3aa2289,82.0,naive
2021-07-07,2021-07-07 00:00:00,89.0,250,ca02b2048246b34a832e2684f864861df37d5cfff8d073e6c1e52af511a8466b,69.0,naive
2021-07-07,2021-07-07 00:15:00,72.0,250,ca02b2048246b34a832e2684f864861df37d5cfff8d073e6c1e52af511a8466b,67.0,naive
2021-07-07,2021-07-07 00:30:00,71.0,250,ca02b2048246b34a832e2684f864861df37d5cfff8d073e6c1e52af511a8466b,67.0,naive
2021-07-07,2021-07-07 00:45:00,70.0,250,ca02b2048246b34a832e2684f864861df37d5cfff8d073e6c1e52af511a8466b,65.0,naive
2021-07-07,2021-07-07 01:00:00,91.0,5,ca02b2048246b34a832e2684f864861df37d5cfff8d073e6c1e52af511a8466b,90.0,naive
2021-07-07,2021-07-07 01:15:00,97.0,5,ca02b2048246b34a832e2684f864861df37d5cfff8d073e6c1e52af511a8466b,102.0,naive
2021-07-07,2021-07-07 01:30:00,106.0,5,ca02b2048246b34a832e2684f864861df37d5cfff8d073e6c1e52af511a8466b,112.0,naive
2021-07-07,2021-07-07 01:45:00,112.0,5,ca02b2048246b34a832e2684f864861df37d5cfff8d073e6c1e52af511a8466b,112.0,naive
2021-07-07,2021-07-07 02:00:00,106.0,42,ca02b2048246b34a832e2684f864861df37d5cfff8d073e6c1e52af511a8466b,118.0,naive
2021-07-07,2021-07-07 02:15:00,106.0,42,ca02b2048246b34a832e2684f864861df37d5cfff8d073e6c1e52af511a8466b,110.0,naive
2021-07-07,2021-07-07 02:30:00,107.0,42,ca02b2048246b34a832e2684f864861df37d5cfff8d073e6c1e52af511a8466b,108.0,naive
2021-07-07,2021-07-07 02:45:00,105.0,42,ca02b2048246b34a832e2684f864861df37d5cfff8d073e6c1e52af511a8466b,103.0,naive
2021-07-07,2021-07-07 03:00:00,107.0,442,ca02b2048246b34a832e2684f864861df37d5cfff8d073e6c1e52af511a8466b,101.0,naive
2021-07-07,2021-07-07 03:15:00,109.0,442,ca02b2048246b34a832e2684f864861df37d5cfff8d073e6c1e52af511a8466b,110.0,naive
2021-07-07,2021-07-07 03:30:00,115.0,442,ca02b2048246b34a832e2684f864861df37d5cfff8d073e6c1e52af511a8466b,120.0,naive
2021-07-07,2021-07-07 03:45:00,109.0,442,ca02b2048246b34a832e2684f864861df37d5cfff8d073e6c1e52af511a8466b,117.0,naive
2021-07-07,2021-07-07 04:00:00,108.0,90,ca02b2048246b34a832e2684f864861df37d5cfff8d073e6c1e52af511a8466b,116.0,naive
2021-07-07,2021-07-07 04:15:00,105.0,90,ca02b2048246b34a832e2684f864861df37d5cfff8d073e6c1e52af511a8466b,114.0,naive
2021-07-07,2021-07-07 04:30:00,104.0,90,ca02b2048246b34a832e2684f864861df37d5cfff8d073e6c1e52af511a8466b,103.0,naive
2021-07-07,2021-07-07 04:45:00,108.0,90,ca02b2048246b34a832e2684f864861df37d5cfff8d073e6c1e52af511a8466b,103.0,naive
2021-07-07,2021-07-07 05:00:00,95.0,387,ca02b2048246b34a832e2684f864861df37d5cfff8d073e6c1e52af511a8466b,93.0,naive
2021-07-07,2021-07-07 05:15:00,85.0,387,ca02b2048246b34a832e2684f864861df37d5cfff8d073e6c1e52af511a8466b,82.0,naive
2021-07-07,2021-07-07 05:30:00,96.0,387,ca02b2048246b34a832e2684f864861df37d5cfff8d073e6c1e52af511a8466b,103.0,naive
2021-07-07,2021-07-07 05:45:00,101.0,387,ca02b2048246b34a832e2684f864861df37d5cfff8d073e6c1e52af511a8466b,115.0,naive
2021-07-07,2021-07-07 06:00:00,101.0,38,ca02b2048246b34a832e2684f864861df37d5cfff8d073e6c1e52af511a8466b,113.0,naive
2021-07-07,2021-07-07 06:15:00,106.0,38,ca02b2048246b34a832e2684f864861df37d5cfff8d073e6c1e52af511a8466b,111.0,naive
2021-07-07,2021-07-07 06:30:00,101.0,38,ca02b2048246b34a832e2684f864861df37d5cfff8d073e6c1e52af511a8466b,115.0,naive
2021-07-07,2021-07-07 06:45:00,100.0,38,ca02b2048246b34a832e2684f864861df37d5cfff8d073e6c1e52af511a8466b,118.0,naive
2021-07-07,2021-07-07 07:00:00,114.0,1847,ca02b2048246b34a832e2684f864861df37d5cfff8d073e6c1e52af511a8466b,116.0,naive
2021-07-07,2021-07-07 07:15:00,122.0,1847,ca02b2048246b34a832e2684f864861df37d5cfff8d073e6c1e52af511a8466b,125.0,naive
2021-07-07,2021-07-07 07:30:00,138.0,1847,ca02b2048246b34a832e2684f864861df37d5cfff8d073e6c1e52af511a8466b,142.0,naive
2021-07-07,2021-07-07 07:45:00,145.0,1847,ca02b2048246b34a832e2684f864861df37d5cfff8d073e6c1e52af511a8466b,143.0,naive
2021-07-07,2021-07-07 08:00:00,157.0,675,ca02b2048246b34a832e2684f864861df37d5cfff8d073e6c1e52af511a8466b,164.0,naive
2021-07-07,2021-07-07 08:15:00,172.0,675,ca02b2048246b34a832e2684f864861df37d5cfff8d073e6c1e52af511a8466b,177.0,naive
2021-07-07,2021-07-07 08:30:00,192.0,675,ca02b2048246b34a832e2684f864861df37d5cfff8d073e6c1e52af511a8466b,185.0,naive
2021-07-07,2021-07-07 08:45:00,203.0,675,ca02b2048246b34a832e2684f864861df37d5cfff8d073e6c1e52af511a8466b,193.0,naive
2021-07-07,2021-07-07 09:00:00,187.0,1990,ca02b2048246b34a832e2684f864861df37d5cfff8d073e6c1e52af511a8466b,184.0,naive
2021-07-07,2021-07-07 09:15:00,182.0,1990,ca02b2048246b34a832e2684f864861df37d5cfff8d073e6c1e52af511a8466b,187.0,naive
2021-07-07,2021-07-07 09:30:00,168.0,1990,ca02b2048246b34a832e2684f864861df37d5cfff8d073e6c1e52af511a8466b,173.0,naive
2021-07-07,2021-07-07 09:45:00,175.0,1990,ca02b2048246b34a832e2684f864861df37d5cfff8d073e6c1e52af511a8466b,171.0,naive
2021-07-07,2021-07-07 10:00:00,152.0,3638,ca02b2048246b34a832e2684f864861df37d5cfff8d073e6c1e52af511a8466b,142.0,naive
2021-07-07,2021-07-07 10:15:00,185.0,3638,ca02b2048246b34a832e2684f864861df37d5cfff8d073e6c1e52af511a8466b,171.0,naive
2021-07-07,2021-07-07 10:30:00,186.0,3638,ca02b2048246b34a832e2684f864861df37d5cfff8d073e6c1e52af511a8466b,169.0,naive
2021-07-07,2021-07-07 10:45:00,171.0,3638,ca02b2048246b34a832e2684f864861df37d5cfff8d073e6c1e52af511a8466b,152.0,naive
2021-07-07,2021-07-07 11:00:00,172.0,954,ca02b2048246b34a832e2684f864861df37d5cfff8d073e6c1e52af511a8466b,146.0,naive
2021-07-07,2021-07-07 11:15:00,183.0,954,ca02b2048246b34a832e2684f864861df37d5cfff8d073e6c1e52af511a8466b,139.0,naive
2021-07-07,2021-07-07 11:30:00,181.0,954,ca02b2048246b34a832e2684f864861df37d5cfff8d073e6c1e52af511a8466b,141.0,naive
2021-07-07,2021-07-07 11:45:00,174.0,954,ca02b2048246b34a832e2684f864861df37d5cfff8d073e6c1e52af511a8466b,150.0,naive
2021-07-07,2021-07-07 12:00:00,131.0,0,ca02b2048246b34a832e2684f864861df37d5cfff8d073e6c1e52af511a8466b,119.0,naive
2021-07-07,2021-07-07 12:15:00,105.0,0,ca02b2048246b34a832e2684f864861df37d5cfff8d073e6c1e52af511a8466b,104.0,naive
2021-07-07,2021-07-07 12:30:00,104.0,0,ca02b2048246b34a832e2684f864861df37d5cfff8d073e6c1e52af511a8466b,99.0,naive
2021-07-07,2021-07-07 12:45:00,106.0,0,ca02b2048246b34a832e2684f864861df37d5cfff8d073e6c1e52af511a8466b,109.0,naive
2021-07-07,2021-07-07 13:00:00,146.0,320,ca02b2048246b34a832e2684f864861df37d5cfff8d073e6c1e52af511a8466b,145.0,naive
2021-07-07,2021-07-07 13:15:00,178.0,320,ca02b2048246b34a832e2684f864861df37d5cfff8d073e6c1e52af511a8466b,166.0,naive
2021-07-07,2021-07-07 13:30:00,185.0,320,ca02b2048246b34a832e2684f864861df37d5cfff8d073e6c1e52af511a8466b,171.0,naive
2021-07-07,2021-07-07 13:45:00,182.0,320,ca02b2048246b34a832e2684f864861df37d5cfff8d073e6c1e52af511a8466b,184.0,naive
2021-07-07,2021-07-07 14:00:00,185.0,1323,ca02b2048246b34a832e2684f864861df37d5cfff8d073e6c1e52af511a8466b,177.0,naive
2021-07-07,2021-07-07 14:15:00,181.0,1323,ca02b2048246b34a832e2684f864861df37d5cfff8d073e6c1e52af511a8466b,160.0,naive
2021-07-07,2021-07-07 14:30:00,167.0,1323,ca02b2048246b34a832e2684f864861df37d5cfff8d073e6c1e52af511a8466b,161.0,naive
2021-07-07,2021-07-07 14:45:00,167.0,1323,ca02b2048246b34a832e2684f864861df37d5cfff8d073e6c1e52af511a8466b,165.0,naive
2021-07-07,2021-07-07 15:00:00,144.0,1208,ca02b2048246b34a832e2684f864861df37d5cfff8d073e6c1e52af511a8466b,133.0,naive
2021-07-07,2021-07-07 15:15:00,138.0,1208,ca02b2048246b34a832e2684f864861df37d5cfff8d073e6c1e52af511a8466b,175.0,naive
2021-07-07,2021-07-07 15:30:00,176.0,1208,ca02b2048246b34a832e2684f864861df37d5cfff8d073e6c1e52af511a8466b,178.0,naive
2021-07-07,2021-07-07 15:45:00,173.0,1208,ca02b2048246b34a832e2684f864861df37d5cfff8d073e6c1e52af511a8466b,168.0,naive
2021-07-07,2021-07-07 16:00:00,178.0,1579,ca02b2048246b34a832e2684f864861df37d5cfff8d073e6c1e52af511a8466b,163.0,naive
2021-07-07,2021-07-07 16:15:00,181.0,1579,ca02b2048246b34a832e2684f864861df37d5cfff8d073e6c1e52af511a8466b,165.0,naive
2021-07-07,2021-07-07 16:30:00,174.0,1579,ca02b2048246b34a832e2684f864861df37d5cfff8d073e6c1e52af511a8466b,152.0,naive
2021-07-07,2021-07-07 16:45:00,175.0,1579,ca02b2048246b34a832e2684f864861df37d5cfff8d073e6c1e52af511a8466b,162.0,naive
2021-07-07,2021-07-07 17:00:00,120.0,175,ca02b2048246b34a832e2684f864861df37d5cfff8d073e6c1e52af511a8466b,133.0,naive
2021-07-07,2021-07-07 17:15:00,98.0,175,ca02b2048246b34a832e2684f864861df37d5cfff8d073e6c1e52af511a8466b,144.0,naive
2021-07-07,2021-07-07 17:30:00,156.0,175,ca02b2048246b34a832e2684f864861df37d5cfff8d073e6c1e52af511a8466b,181.0,naive
2021-07-07,2021-07-07 17:45:00,179.0,175,ca02b2048246b34a832e2684f864861df37d5cfff8d073e6c1e52af511a8466b,167.0,naive
2021-07-07,2021-07-07 18:00:00,169.0,1717,ca02b2048246b34a832e2684f864861df37d5cfff8d073e6c1e52af511a8466b,153.0,naive
2021-07-07,2021-07-07 18:15:00,173.0,1717,ca02b2048246b34a832e2684f864861df37d5cfff8d073e6c1e52af511a8466b,156.0,naive
2021-07-07,2021-07-07 18:30:00,165.0,1717,ca02b2048246b34a832e2684f864861df37d5cfff8d073e6c1e52af511a8466b,164.0,naive
2021-07-07,2021-07-07 18:45:00,167.0,1717,ca02b2048246b34a832e2684f864861df37d5cfff8d073e6c1e52af511a8466b,165.0,naive
2021-07-07,2021-07-07 19:00:00,164.0,2321,ca02b2048246b34a832e2684f864861df37d5cfff8d073e6c1e52af511a8466b,162.0,naive
2021-07-07,2021-07-07 19:15:00,169.0,2321,ca02b2048246b34a832e2684f864861df37d5cfff8d073e6c1e52af511a8466b,155.0,naive
2021-07-07,2021-07-07 19:30:00,159.0,2321,ca02b2048246b34a832e2684f864861df37d5cfff8d073e6c1e52af511a8466b,141.0,naive
2021-07-07,2021-07-07 19:45:00,134.0,2321,ca02b2048246b34a832e2684f864861df37d5cfff8d073e6c1e52af511a8466b,107.0,naive
2021-07-07,2021-07-07 20:00:00,106.0,162,ca02b2048246b34a832e2684f864861df37d5cfff8d073e6c1e52af511a8466b,100.0,naive
2021-07-07,2021-07-07 20:15:00,127.0,162,ca02b2048246b34a832e2684f864861df37d5cfff8d073e6c1e52af511a8466b,109.0,naive
2021-07-07,2021-07-07 20:30:00,124.0,162,ca02b2048246b34a832e2684f864861df37d5cfff8d073e6c1e52af511a8466b,115.0,naive
2021-07-07,2021-07-07 20:45:00,109.0,162,ca02b2048246b34a832e2684f864861df37d5cfff8d073e6c1e52af511a8466b,112.0,naive
2021-07-07,2021-07-07 21:00:00,117.0,68,ca02b2048246b34a832e2684f864861df37d5cfff8d073e6c1e52af511a8466b,113.0,naive
2021-07-07,2021-07-07 21:15:00,120.0,68,ca02b2048246b34a832e2684f864861df37d5cfff8d073e6c1e52af511a8466b,117.0,naive
2021-07-07,2021-07-07 21:30:00,110.0,68,ca02b2048246b34a832e2684f864861df37d5cfff8d073e6c1e52af511a8466b,113.0,naive
2021-07-07,2021-07-07 21:45:00,113.0,68,ca02b2048246b34a832e2684f864861df37d5cfff8d073e6c1e52af511a8466b,108.0,naive
2021-07-07,2021-07-07 22:00:00,87.0,104,ca02b2048246b34a832e2684f864861df37d5cfff8d073e6c1e52af511a8466b,88.0,naive
2021-07-07,2021-07-07 22:15:00,105.0,104,ca02b2048246b34a832e2684f864861df37d5cfff8d073e6c1e52af511a8466b,103.0,naive
2021-07-07,2021-07-07 22:30:00,112.0,104,ca02b2048246b34a832e2684f864861df37d5cfff8d073e6c1e52af511a8466b,114.0,naive
2021-07-07,2021-07-07 22:45:00,113.0,104,ca02b2048246b34a832e2684f864861df37d5cfff8d073e6c1e52af511a8466b,118.0,naive
2021-07-07,2021-07-07 23:00:00,110.0,72,ca02b2048246b34a832e2684f864861df37d5cfff8d073e6c1e52af511a8466b,120.0,naive
2021-07-07,2021-07-07 23:15:00,107.0,72,ca02b2048246b34a832e2684f864861df37d5cfff8d073e6c1e52af511a8466b,116.0,naive
2021-07-07,2021-07-07 23:30:00,97.0,72,ca02b2048246b34a832e2684f864861df37d5cfff8d073e6c1e52af511a8466b,103.0,naive
2021-07-07,2021-07-07 23:45:00,105.0,72,ca02b2048246b34a832e2684f864861df37d5cfff8d073e6c1e52af511a8466b,77.0,naive
2021-07-08,2021-07-08 00:00:00,78.0,242,8f7b73889ffdf4ab203e31dec96e3759b9ce67543508c335ef2cb363b425e73d,69.0,naive
2021-07-08,2021-07-08 00:15:00,72.0,242,8f7b73889ffdf4ab203e31dec96e3759b9ce67543508c335ef2cb363b425e73d,69.0,naive
2021-07-08,2021-07-08 00:30:00,73.0,242,8f7b73889ffdf4ab203e31dec96e3759b9ce67543508c335ef2cb363b425e73d,67.0,naive
2021-07-08,2021-07-08 00:45:00,70.0,242,8f7b73889ffdf4ab203e31dec96e3759b9ce67543508c335ef2cb363b425e73d,67.0,naive
2021-07-08,2021-07-08 01:00:00,89.0,703,8f7b73889ffdf4ab203e31dec96e3759b9ce67543508c335ef2cb363b425e73d,90.0,naive
2021-07-08,2021-07-08 01:15:00,102.0,703,8f7b73889ffdf4ab203e31dec96e3759b9ce67543508c335ef2cb363b425e73d,100.0,naive
2021-07-08,2021-07-08 01:30:00,101.0,703,8f7b73889ffdf4ab203e31dec96e3759b9ce67543508c335ef2cb363b425e73d,110.0,naive
2021-07-08,2021-07-08 01:45:00,104.0,703,8f7b73889ffdf4ab203e31dec96e3759b9ce67543508c335ef2cb363b425e73d,115.0,naive
2021-07-08,2021-07-08 02:00:00,106.0,192,8f7b73889ffdf4ab203e31dec96e3759b9ce67543508c335ef2cb363b425e73d,116.0,naive
2021-07-08,2021-07-08 02:15:00,98.0,192,8f7b73889ffdf4ab203e31dec96e3759b9ce67543508c335ef2cb363b425e73d,113.0,naive
2021-07-08,2021-07-08 02:30:00,110.0,192,8f7b73889ffdf4ab203e31dec96e3759b9ce67543508c335ef2cb363b425e73d,111.0,naive
2021-07-08,2021-07-08 02:45:00,102.0,192,8f7b73889ffdf4ab203e31dec96e3759b9ce67543508c335ef2cb363b425e73d,112.0,naive
2021-07-08,2021-07-08 03:00:00,94.0,130,8f7b73889ffdf4ab203e31dec96e3759b9ce67543508c335ef2cb363b425e73d,95.0,naive
2021-07-08,2021-07-08 03:15:00,102.0,130,8f7b73889ffdf4ab203e31dec96e3759b9ce67543508c335ef2cb363b425e73d,109.0,naive
2021-07-08,2021-07-08 03:30:00,115.0,130,8f7b73889ffdf4ab203e31dec96e3759b9ce67543508c335ef2cb363b425e73d,112.0,naive
2021-07-08,2021-07-08 03:45:00,109.0,130,8f7b73889ffdf4ab203e31dec96e3759b9ce67543508c335ef2cb363b425e73d,111.0,naive
2021-07-08,2021-07-08 04:00:00,100.0,208,8f7b73889ffdf4ab203e31dec96e3759b9ce67543508c335ef2cb363b425e73d,111.0,naive
2021-07-08,2021-07-08 04:15:00,105.0,208,8f7b73889ffdf4ab203e31dec96e3759b9ce67543508c335ef2cb363b425e73d,106.0,naive
2021-07-08,2021-07-08 04:30:00,108.0,208,8f7b73889ffdf4ab203e31dec96e3759b9ce67543508c335ef2cb363b425e73d,97.0,naive
2021-07-08,2021-07-08 04:45:00,109.0,208,8f7b73889ffdf4ab203e31dec96e3759b9ce67543508c335ef2cb363b425e73d,100.0,naive
2021-07-08,2021-07-08 05:00:00,102.0,314,8f7b73889ffdf4ab203e31dec96e3759b9ce67543508c335ef2cb363b425e73d,82.0,naive
2021-07-08,2021-07-08 05:15:00,81.0,314,8f7b73889ffdf4ab203e31dec96e3759b9ce67543508c335ef2cb363b425e73d,77.0,naive
2021-07-08,2021-07-08 05:30:00,94.0,314,8f7b73889ffdf4ab203e31dec96e3759b9ce67543508c335ef2cb363b425e73d,99.0,naive
2021-07-08,2021-07-08 05:45:00,107.0,314,8f7b73889ffdf4ab203e31dec96e3759b9ce67543508c335ef2cb363b425e73d,114.0,naive
2021-07-08,2021-07-08 06:00:00,109.0,58,8f7b73889ffdf4ab203e31dec96e3759b9ce67543508c335ef2cb363b425e73d,110.0,naive
2021-07-08,2021-07-08 06:15:00,109.0,58,8f7b73889ffdf4ab203e31dec96e3759b9ce67543508c335ef2cb363b425e73d,104.0,naive
2021-07-08,2021-07-08 06:30:00,107.0,58,8f7b73889ffdf4ab203e31dec96e3759b9ce67543508c335ef2cb363b425e73d,115.0,naive
2021-07-08,2021-07-08 06:45:00,115.0,58,8f7b73889ffdf4ab203e31dec96e3759b9ce67543508c335ef2cb363b425e73d,112.0,naive
2021-07-08,2021-07-08 07:00:00,116.0,436,8f7b73889ffdf4ab203e31dec96e3759b9ce67543508c335ef2cb363b425e73d,105.0,naive
2021-07-08,2021-07-08 07:15:00,125.0,436,8f7b73889ffdf4ab203e31dec96e3759b9ce67543508c335ef2cb363b425e73d,125.0,naive
2021-07-08,2021-07-08 07:30:00,143.0,436,8f7b73889ffdf4ab203e31dec96e3759b9ce67543508c335ef2cb363b425e73d,148.0,naive
2021-07-08,2021-07-08 07:45:00,146.0,436,8f7b73889ffdf4ab203e31dec96e3759b9ce67543508c335ef2cb363b425e73d,138.0,naive
2021-07-08,2021-07-08 08:00:00,150.0,560,8f7b73889ffdf4ab203e31dec96e3759b9ce67543508c335ef2cb363b425e73d,163.0,naive
2021-07-08,2021-07-08 08:15:00,154.0,560,8f7b73889ffdf4ab203e31dec96e3759b9ce67543508c335ef2cb363b425e73d,180.0,naive
2021-07-08,2021-07-08 08:30:00,173.0,560,8f7b73889ffdf4ab203e31dec96e3759b9ce67543508c335ef2cb363b425e73d,190.0,naive
2021-07-08,2021-07-08 08:45:00,187.0,560,8f7b73889ffdf4ab203e31dec96e3759b9ce67543508c335ef2cb363b425e73d,194.0,naive
2021-07-08,2021-07-08 09:00:00,172.0,516,8f7b73889ffdf4ab203e31dec96e3759b9ce67543508c335ef2cb363b425e73d,171.0,naive
2021-07-08,2021-07-08 09:15:00,186.0,516,8f7b73889ffdf4ab203e31dec96e3759b9ce67543508c335ef2cb363b425e73d,184.0,naive
2021-07-08,2021-07-08 09:30:00,177.0,516,8f7b73889ffdf4ab203e31dec96e3759b9ce67543508c335ef2cb363b425e73d,183.0,naive
2021-07-08,2021-07-08 09:45:00,184.0,516,8f7b73889ffdf4ab203e31dec96e3759b9ce67543508c335ef2cb363b425e73d,174.0,naive
2021-07-08,2021-07-08 10:00:00,159.0,112,8f7b73889ffdf4ab203e31dec96e3759b9ce67543508c335ef2cb363b425e73d,147.0,naive
2021-07-08,2021-07-08 10:15:00,186.0,112,8f7b73889ffdf4ab203e31dec96e3759b9ce67543508c335ef2cb363b425e73d,179.0,naive
2021-07-08,2021-07-08 10:30:00,190.0,112,8f7b73889ffdf4ab203e31dec96e3759b9ce67543508c335ef2cb363b425e73d,185.0,naive
2021-07-08,2021-07-08 10:45:00,201.0,112,8f7b73889ffdf4ab203e31dec96e3759b9ce67543508c335ef2cb363b425e73d,175.0,naive
2021-07-08,2021-07-08 11:00:00,191.0,562,8f7b73889ffdf4ab203e31dec96e3759b9ce67543508c335ef2cb363b425e73d,190.0,naive
2021-07-08,2021-07-08 11:15:00,190.0,562,8f7b73889ffdf4ab203e31dec96e3759b9ce67543508c335ef2cb363b425e73d,188.0,naive
2021-07-08,2021-07-08 11:30:00,192.0,562,8f7b73889ffdf4ab203e31dec96e3759b9ce67543508c335ef2cb363b425e73d,187.0,naive
2021-07-08,2021-07-08 11:45:00,187.0,562,8f7b73889ffdf4ab203e31dec96e3759b9ce67543508c335ef2cb363b425e73d,187.0,naive
2021-07-08,2021-07-08 12:00:00,131.0,0,8f7b73889ffdf4ab203e31dec96e3759b9ce67543508c335ef2cb363b425e73d,115.0,naive
2021-07-08,2021-07-08 12:15:00,112.0,0,8f7b73889ffdf4ab203e31dec96e3759b9ce67543508c335ef2cb363b425e73d,105.0,naive
2021-07-08,2021-07-08 12:30:00,116.0,0,8f7b73889ffdf4ab203e31dec96e3759b9ce67543508c335ef2cb363b425e73d,110.0,naive
2021-07-08,2021-07-08 12:45:00,120.0,0,8f7b73889ffdf4ab203e31dec96e3759b9ce67543508c335ef2cb363b425e73d,115.0,naive
2021-07-08,2021-07-08 13:00:00,166.0,2140,8f7b73889ffdf4ab203e31dec96e3759b9ce67543508c335ef2cb363b425e73d,163.0,naive
2021-07-08,2021-07-08 13:15:00,186.0,2140,8f7b73889ffdf4ab203e31dec96e3759b9ce67543508c335ef2cb363b425e73d,196.0,naive
2021-07-08,2021-07-08 13:30:00,201.0,2140,8f7b73889ffdf4ab203e31dec96e3759b9ce67543508c335ef2cb363b425e73d,194.0,naive
2021-07-08,2021-07-08 13:45:00,191.0,2140,8f7b73889ffdf4ab203e31dec96e3759b9ce67543508c335ef2cb363b425e73d,206.0,naive
2021-07-08,2021-07-08 14:00:00,185.0,1434,8f7b73889ffdf4ab203e31dec96e3759b9ce67543508c335ef2cb363b425e73d,191.0,naive
2021-07-08,2021-07-08 14:15:00,200.0,1434,8f7b73889ffdf4ab203e31dec96e3759b9ce67543508c335ef2cb363b425e73d,192.0,naive
2021-07-08,2021-07-08 14:30:00,190.0,1434,8f7b73889ffdf4ab203e31dec96e3759b9ce67543508c335ef2cb363b425e73d,190.0,naive
2021-07-08,2021-07-08 14:45:00,161.0,1434,8f7b73889ffdf4ab203e31dec96e3759b9ce67543508c335ef2cb363b425e73d,173.0,naive
2021-07-08,2021-07-08 15:00:00,148.0,350,8f7b73889ffdf4ab203e31dec96e3759b9ce67543508c335ef2cb363b425e73d,135.0,naive
2021-07-08,2021-07-08 15:15:00,142.0,350,8f7b73889ffdf4ab203e31dec96e3759b9ce67543508c335ef2cb363b425e73d,144.0,naive
2021-07-08,2021-07-08 15:30:00,168.0,350,8f7b73889ffdf4ab203e31dec96e3759b9ce67543508c335ef2cb363b425e73d,179.0,naive
2021-07-08,2021-07-08 15:45:00,184.0,350,8f7b73889ffdf4ab203e31dec96e3759b9ce67543508c335ef2cb363b425e73d,197.0,naive
2021-07-08,2021-07-08 16:00:00,177.0,2282,8f7b73889ffdf4ab203e31dec96e3759b9ce67543508c335ef2cb363b425e73d,188.0,naive
2021-07-08,2021-07-08 16:15:00,183.0,2282,8f7b73889ffdf4ab203e31dec96e3759b9ce67543508c335ef2cb363b425e73d,165.0,naive
2021-07-08,2021-07-08 16:30:00,186.0,2282,8f7b73889ffdf4ab203e31dec96e3759b9ce67543508c335ef2cb363b425e73d,163.0,naive
2021-07-08,2021-07-08 16:45:00,149.0,2282,8f7b73889ffdf4ab203e31dec96e3759b9ce67543508c335ef2cb363b425e73d,163.0,naive
2021-07-08,2021-07-08 17:00:00,118.0,86,8f7b73889ffdf4ab203e31dec96e3759b9ce67543508c335ef2cb363b425e73d,126.0,naive
2021-07-08,2021-07-08 17:15:00,102.0,86,8f7b73889ffdf4ab203e31dec96e3759b9ce67543508c335ef2cb363b425e73d,106.0,naive
2021-07-08,2021-07-08 17:30:00,138.0,86,8f7b73889ffdf4ab203e31dec96e3759b9ce67543508c335ef2cb363b425e73d,146.0,naive
2021-07-08,2021-07-08 17:45:00,155.0,86,8f7b73889ffdf4ab203e31dec96e3759b9ce67543508c335ef2cb363b425e73d,160.0,naive
2021-07-08,2021-07-08 18:00:00,155.0,3577,8f7b73889ffdf4ab203e31dec96e3759b9ce67543508c335ef2cb363b425e73d,164.0,naive
2021-07-08,2021-07-08 18:15:00,153.0,3577,8f7b73889ffdf4ab203e31dec96e3759b9ce67543508c335ef2cb363b425e73d,164.0,naive
2021-07-08,2021-07-08 18:30:00,141.0,3577,8f7b73889ffdf4ab203e31dec96e3759b9ce67543508c335ef2cb363b425e73d,143.0,naive
2021-07-08,2021-07-08 18:45:00,139.0,3577,8f7b73889ffdf4ab203e31dec96e3759b9ce67543508c335ef2cb363b425e73d,156.0,naive
2021-07-08,2021-07-08 19:00:00,141.0,5585,8f7b73889ffdf4ab203e31dec96e3759b9ce67543508c335ef2cb363b425e73d,163.0,naive
2021-07-08,2021-07-08 19:15:00,142.0,5585,8f7b73889ffdf4ab203e31dec96e3759b9ce67543508c335ef2cb363b425e73d,171.0,naive
2021-07-08,2021-07-08 19:30:00,153.0,5585,8f7b73889ffdf4ab203e31dec96e3759b9ce67543508c335ef2cb363b425e73d,165.0,naive
2021-07-08,2021-07-08 19:45:00,151.0,5585,8f7b73889ffdf4ab203e31dec96e3759b9ce67543508c335ef2cb363b425e73d,154.0,naive
2021-07-08,2021-07-08 20:00:00,132.0,26,8f7b73889ffdf4ab203e31dec96e3759b9ce67543508c335ef2cb363b425e73d,137.0,naive
2021-07-08,2021-07-08 20:15:00,132.0,26,8f7b73889ffdf4ab203e31dec96e3759b9ce67543508c335ef2cb363b425e73d,143.0,naive
2021-07-08,2021-07-08 20:30:00,126.0,26,8f7b73889ffdf4ab203e31dec96e3759b9ce67543508c335ef2cb363b425e73d,147.0,naive
2021-07-08,2021-07-08 20:45:00,129.0,26,8f7b73889ffdf4ab203e31dec96e3759b9ce67543508c335ef2cb363b425e73d,140.0,naive
2021-07-08,2021-07-08 21:00:00,127.0,6,8f7b73889ffdf4ab203e31dec96e3759b9ce67543508c335ef2cb363b425e73d,139.0,naive
2021-07-08,2021-07-08 21:15:00,128.0,6,8f7b73889ffdf4ab203e31dec96e3759b9ce67543508c335ef2cb363b425e73d,141.0,naive
2021-07-08,2021-07-08 21:30:00,123.0,6,8f7b73889ffdf4ab203e31dec96e3759b9ce67543508c335ef2cb363b425e73d,138.0,naive
2021-07-08,2021-07-08 21:45:00,120.0,6,8f7b73889ffdf4ab203e31dec96e3759b9ce67543508c335ef2cb363b425e73d,140.0,naive
2021-07-08,2021-07-08 22:00:00,104.0,0,8f7b73889ffdf4ab203e31dec96e3759b9ce67543508c335ef2cb363b425e73d,113.0,naive
2021-07-08,2021-07-08 22:15:00,109.0,0,8f7b73889ffdf4ab203e31dec96e3759b9ce67543508c335ef2cb363b425e73d,121.0,naive
2021-07-08,2021-07-08 22:30:00,113.0,0,8f7b73889ffdf4ab203e31dec96e3759b9ce67543508c335ef2cb363b425e73d,122.0,naive
2021-07-08,2021-07-08 22:45:00,118.0,0,8f7b73889ffdf4ab203e31dec96e3759b9ce67543508c335ef2cb363b425e73d,121.0,naive
2021-07-08,2021-07-08 23:00:00,119.0,0,8f7b73889ffdf4ab203e31dec96e3759b9ce67543508c335ef2cb363b425e73d,124.0,naive
2021-07-08,2021-07-08 23:15:00,115.0,0,8f7b73889ffdf4ab203e31dec96e3759b9ce67543508c335ef2cb363b425e73d,120.0,naive
2021-07-08,2021-07-08 23:30:00,116.0,0,8f7b73889ffdf4ab203e31dec96e3759b9ce67543508c335ef2cb363b425e73d,110.0,naive
2021-07-08,2021-07-08 23:45:00,103.0,0,8f7b73889ffdf4ab203e31dec96e3759b9ce67543508c335ef2cb363b425e73d,79.0,naive
2021-07-09,2021-07-09 00:00:00,78.0,0,ce066052fff6d909b5dec1a1586261968582fa2ccaea1f374ffdec386d5ce5ca,69.0,naive
2021-07-09,2021-07-09 00:15:00,72.0,0,ce066052fff6d909b5dec1a1586261968582fa2ccaea1f374ffdec386d5ce5ca,68.0,naive
2021-07-09,2021-07-09 00:30:00,72.0,0,ce066052fff6d909b5dec1a1586261968582fa2ccaea1f374ffdec386d5ce5ca,68.0,naive
2021-07-09,2021-07-09 00:45:00,71.0,0,ce066052fff6d909b5dec1a1586261968582fa2ccaea1f374ffdec386d5ce5ca,68.0,naive
2021-07-09,2021-07-09 01:00:00,94.0,37,ce066052fff6d909b5dec1a1586261968582fa2ccaea1f374ffdec386d5ce5ca,97.0,naive
2021-07-09,2021-07-09 01:15:00,105.0,37,ce066052fff6d909b5dec1a1586261968582fa2ccaea1f374ffdec386d5ce5ca,104.0,naive
2021-07-09,2021-07-09 01:30:00,104.0,37,ce066052fff6d909b5dec1a1586261968582fa2ccaea1f374ffdec386d5ce5ca,109.0,naive
2021-07-09,2021-07-09 01:45:00,105.0,37,ce066052fff6d909b5dec1a1586261968582fa2ccaea1f374ffdec386d5ce5ca,115.0,naive
2021-07-09,2021-07-09 02:00:00,105.0,12,ce066052fff6d909b5dec1a1586261968582fa2ccaea1f374ffdec386d5ce5ca,115.0,naive
2021-07-09,2021-07-09 02:15:00,111.0,12,ce066052fff6d909b5dec1a1586261968582fa2ccaea1f374ffdec386d5ce5ca,121.0,naive
2021-07-09,2021-07-09 02:30:00,114.0,12,ce066052fff6d909b5dec1a1586261968582fa2ccaea1f374ffdec386d5ce5ca,117.0,naive
2021-07-09,2021-07-09 02:45:00,108.0,12,ce066052fff6d909b5dec1a1586261968582fa2ccaea1f374ffdec386d5ce5ca,111.0,naive
2021-07-09,2021-07-09 03:00:00,86.0,0,ce066052fff6d909b5dec1a1586261968582fa2ccaea1f374ffdec386d5ce5ca,92.0,naive
2021-07-09,2021-07-09 03:15:00,101.0,0,ce066052fff6d909b5dec1a1586261968582fa2ccaea1f374ffdec386d5ce5ca,112.0,naive
2021-07-09,2021-07-09 03:30:00,98.0,0,ce066052fff6d909b5dec1a1586261968582fa2ccaea1f374ffdec386d5ce5ca,115.0,naive
2021-07-09,2021-07-09 03:45:00,109.0,0,ce066052fff6d909b5dec1a1586261968582fa2ccaea1f374ffdec386d5ce5ca,113.0,naive
2021-07-09,2021-07-09 04:00:00,105.0,32,ce066052fff6d909b5dec1a1586261968582fa2ccaea1f374ffdec386d5ce5ca,109.0,naive
2021-07-09,2021-07-09 04:15:00,105.0,32,ce066052fff6d909b5dec1a1586261968582fa2ccaea1f374ffdec386d5ce5ca,110.0,naive
2021-07-09,2021-07-09 04:30:00,106.0,32,ce066052fff6d909b5dec1a1586261968582fa2ccaea1f374ffdec386d5ce5ca,102.0,naive
2021-07-09,2021-07-09 04:45:00,99.0,32,ce066052fff6d909b5dec1a1586261968582fa2ccaea1f374ffdec386d5ce5ca,104.0,naive
2021-07-09,2021-07-09 05:00:00,99.0,0,ce066052fff6d909b5dec1a1586261968582fa2ccaea1f374ffdec386d5ce5ca,83.0,naive
2021-07-09,2021-07-09 05:15:00,85.0,0,ce066052fff6d909b5dec1a1586261968582fa2ccaea1f374ffdec386d5ce5ca,79.0,naive
2021-07-09,2021-07-09 05:30:00,104.0,0,ce066052fff6d909b5dec1a1586261968582fa2ccaea1f374ffdec386d5ce5ca,103.0,naive
2021-07-09,2021-07-09 05:45:00,105.0,0,ce066052fff6d909b5dec1a1586261968582fa2ccaea1f374ffdec386d5ce5ca,120.0,naive
2021-07-09,2021-07-09 06:00:00,109.0,0,ce066052fff6d909b5dec1a1586261968582fa2ccaea1f374ffdec386d5ce5ca,117.0,naive
2021-07-09,2021-07-09 06:15:00,109.0,0,ce066052fff6d909b5dec1a1586261968582fa2ccaea1f374ffdec386d5ce5ca,114.0,naive
2021-07-09,2021-07-09 06:30:00,125.0,0,ce066052fff6d909b5dec1a1586261968582fa2ccaea1f374ffdec386d5ce5ca,110.0,naive
2021-07-09,2021-07-09 06:45:00,110.0,0,ce066052fff6d909b5dec1a1586261968582fa2ccaea1f374ffdec386d5ce5ca,106.0,naive
2021-07-09,2021-07-09 07:00:00,113.0,536,ce066052fff6d909b5dec1a1586261968582fa2ccaea1f374ffdec386d5ce5ca,118.0,naive
2021-07-09,2021-07-09 07:15:00,128.0,536,ce066052fff6d909b5dec1a1586261968582fa2ccaea1f374ffdec386d5ce5ca,130.0,naive
2021-07-09,2021-07-09 07:30:00,150.0,536,ce066052fff6d909b5dec1a1586261968582fa2ccaea1f374ffdec386d5ce5ca,143.0,naive
2021-07-09,2021-07-09 07:45:00,156.0,536,ce066052fff6d909b5dec1a1586261968582fa2ccaea1f374ffdec386d5ce5ca,139.0,naive
2021-07-09,2021-07-09 08:00:00,154.0,564,ce066052fff6d909b5dec1a1586261968582fa2ccaea1f374ffdec386d5ce5ca,145.0,naive
2021-07-09,2021-07-09 08:15:00,170.0,564,ce066052fff6d909b5dec1a1586261968582fa2ccaea1f374ffdec386d5ce5ca,158.0,naive
2021-07-09,2021-07-09 08:30:00,188.0,564,ce066052fff6d909b5dec1a1586261968582fa2ccaea1f374ffdec386d5ce5ca,168.0,naive
2021-07-09,2021-07-09 08:45:00,183.0,564,ce066052fff6d909b5dec1a1586261968582fa2ccaea1f374ffdec386d5ce5ca,173.0,naive
2021-07-09,2021-07-09 09:00:00,168.0,565,ce066052fff6d909b5dec1a1586261968582fa2ccaea1f374ffdec386d5ce5ca,187.0,naive
2021-07-09,2021-07-09 09:15:00,163.0,565,ce066052fff6d909b5dec1a1586261968582fa2ccaea1f374ffdec386d5ce5ca,175.0,naive
2021-07-09,2021-07-09 09:30:00,168.0,565,ce066052fff6d909b5dec1a1586261968582fa2ccaea1f374ffdec386d5ce5ca,172.0,naive
2021-07-09,2021-07-09 09:45:00,165.0,565,ce066052fff6d909b5dec1a1586261968582fa2ccaea1f374ffdec386d5ce5ca,165.0,naive
2021-07-09,2021-07-09 10:00:00,139.0,1753,ce066052fff6d909b5dec1a1586261968582fa2ccaea1f374ffdec386d5ce5ca,140.0,naive
2021-07-09,2021-07-09 10:15:00,171.0,1753,ce066052fff6d909b5dec1a1586261968582fa2ccaea1f374ffdec386d5ce5ca,162.0,naive
2021-07-09,2021-07-09 10:30:00,168.0,1753,ce066052fff6d909b5dec1a1586261968582fa2ccaea1f374ffdec386d5ce5ca,179.0,naive
2021-07-09,2021-07-09 10:45:00,176.0,1753,ce066052fff6d909b5dec1a1586261968582fa2ccaea1f374ffdec386d5ce5ca,175.0,naive
2021-07-09,2021-07-09 11:00:00,163.0,1082,ce066052fff6d909b5dec1a1586261968582fa2ccaea1f374ffdec386d5ce5ca,184.0,naive
2021-07-09,2021-07-09 11:15:00,169.0,1082,ce066052fff6d909b5dec1a1586261968582fa2ccaea1f374ffdec386d5ce5ca,177.0,naive
2021-07-09,2021-07-09 11:30:00,176.0,1082,ce066052fff6d909b5dec1a1586261968582fa2ccaea1f374ffdec386d5ce5ca,186.0,naive
2021-07-09,2021-07-09 11:45:00,175.0,1082,ce066052fff6d909b5dec1a1586261968582fa2ccaea1f374ffdec386d5ce5ca,167.0,naive
2021-07-09,2021-07-09 12:00:00,112.0,0,ce066052fff6d909b5dec1a1586261968582fa2ccaea1f374ffdec386d5ce5ca,113.0,naive
2021-07-09,2021-07-09 12:15:00,90.0,0,ce066052fff6d909b5dec1a1586261968582fa2ccaea1f374ffdec386d5ce5ca,98.0,naive
2021-07-09,2021-07-09 12:30:00,97.0,0,ce066052fff6d909b5dec1a1586261968582fa2ccaea1f374ffdec386d5ce5ca,103.0,naive
2021-07-09,2021-07-09 12:45:00,99.0,0,ce066052fff6d909b5dec1a1586261968582fa2ccaea1f374ffdec386d5ce5ca,117.0,naive
2021-07-09,2021-07-09 13:00:00,156.0,1119,ce066052fff6d909b5dec1a1586261968582fa2ccaea1f374ffdec386d5ce5ca,157.0,naive
2021-07-09,2021-07-09 13:15:00,186.0,1119,ce066052fff6d909b5dec1a1586261968582fa2ccaea1f374ffdec386d5ce5ca,166.0,naive
2021-07-09,2021-07-09 13:30:00,185.0,1119,ce066052fff6d909b5dec1a1586261968582fa2ccaea1f374ffdec386d5ce5ca,177.0,naive
2021-07-09,2021-07-09 13:45:00,168.0,1119,ce066052fff6d909b5dec1a1586261968582fa2ccaea1f374ffdec386d5ce5ca,178.0,naive
2021-07-09,2021-07-09 14:00:00,165.0,2229,ce066052fff6d909b5dec1a1586261968582fa2ccaea1f374ffdec386d5ce5ca,167.0,naive
2021-07-09,2021-07-09 14:15:00,182.0,2229,ce066052fff6d909b5dec1a1586261968582fa2ccaea1f374ffdec386d5ce5ca,173.0,naive
2021-07-09,2021-07-09 14:30:00,185.0,2229,ce066052fff6d909b5dec1a1586261968582fa2ccaea1f374ffdec386d5ce5ca,183.0,naive
2021-07-09,2021-07-09 14:45:00,192.0,2229,ce066052fff6d909b5dec1a1586261968582fa2ccaea1f374ffdec386d5ce5ca,177.0,naive
2021-07-09,2021-07-09 15:00:00,153.0,774,ce066052fff6d909b5dec1a1586261968582fa2ccaea1f374ffdec386d5ce5ca,138.0,naive
2021-07-09,2021-07-09 15:15:00,149.0,774,ce066052fff6d909b5dec1a1586261968582fa2ccaea1f374ffdec386d5ce5ca,133.0,naive
2021-07-09,2021-07-09 15:30:00,179.0,774,ce066052fff6d909b5dec1a1586261968582fa2ccaea1f374ffdec386d5ce5ca,142.0,naive
2021-07-09,2021-07-09 15:45:00,188.0,774,ce066052fff6d909b5dec1a1586261968582fa2ccaea1f374ffdec386d5ce5ca,160.0,naive
2021-07-09,2021-07-09 16:00:00,176.0,1881,ce066052fff6d909b5dec1a1586261968582fa2ccaea1f374ffdec386d5ce5ca,164.0,naive
2021-07-09,2021-07-09 16:15:00,163.0,1881,ce066052fff6d909b5dec1a1586261968582fa2ccaea1f374ffdec386d5ce5ca,153.0,naive
2021-07-09,2021-07-09 16:30:00,173.0,1881,ce066052fff6d909b5dec1a1586261968582fa2ccaea1f374ffdec386d5ce5ca,158.0,naive
2021-07-09,2021-07-09 16:45:00,172.0,1881,ce066052fff6d909b5dec1a1586261968582fa2ccaea1f374ffdec386d5ce5ca,158.0,naive
2021-07-09,2021-07-09 17:00:00,124.0,955,ce066052fff6d909b5dec1a1586261968582fa2ccaea1f374ffdec386d5ce5ca,120.0,naive
2021-07-09,2021-07-09 17:15:00,120.0,955,ce066052fff6d909b5dec1a1586261968582fa2ccaea1f374ffdec386d5ce5ca,126.0,naive
2021-07-09,2021-07-09 17:30:00,163.0,955,ce066052fff6d909b5dec1a1586261968582fa2ccaea1f374ffdec386d5ce5ca,168.0,naive
2021-07-09,2021-07-09 17:45:00,165.0,955,ce066052fff6d909b5dec1a1586261968582fa2ccaea1f374ffdec386d5ce5ca,175.0,naive
2021-07-09,2021-07-09 18:00:00,168.0,1186,ce066052fff6d909b5dec1a1586261968582fa2ccaea1f374ffdec386d5ce5ca,169.0,naive
2021-07-09,2021-07-09 18:15:00,174.0,1186,ce066052fff6d909b5dec1a1586261968582fa2ccaea1f374ffdec386d5ce5ca,160.0,naive
2021-07-09,2021-07-09 18:30:00,173.0,1186,ce066052fff6d909b5dec1a1586261968582fa2ccaea1f374ffdec386d5ce5ca,155.0,naive
2021-07-09,2021-07-09 18:45:00,163.0,1186,ce066052fff6d909b5dec1a1586261968582fa2ccaea1f374ffdec386d5ce5ca,155.0,naive
2021-07-09,2021-07-09 19:00:00,140.0,3718,ce066052fff6d909b5dec1a1586261968582fa2ccaea1f374ffdec386d5ce5ca,149.0,naive
2021-07-09,2021-07-09 19:15:00,134.0,3718,ce066052fff6d909b5dec1a1586261968582fa2ccaea1f374ffdec386d5ce5ca,137.0,naive
2021-07-09,2021-07-09 19:30:00,139.0,3718,ce066052fff6d909b5dec1a1586261968582fa2ccaea1f374ffdec386d5ce5ca,136.0,naive
2021-07-09,2021-07-09 19:45:00,123.0,3718,ce066052fff6d909b5dec1a1586261968582fa2ccaea1f374ffdec386d5ce5ca,120.0,naive
2021-07-09,2021-07-09 20:00:00,97.0,36,ce066052fff6d909b5dec1a1586261968582fa2ccaea1f374ffdec386d5ce5ca,116.0,naive
2021-07-09,2021-07-09 20:15:00,101.0,36,ce066052fff6d909b5dec1a1586261968582fa2ccaea1f374ffdec386d5ce5ca,118.0,naive
2021-07-09,2021-07-09 20:30:00,106.0,36,ce066052fff6d909b5dec1a1586261968582fa2ccaea1f374ffdec386d5ce5ca,130.0,naive
2021-07-09,2021-07-09 20:45:00,111.0,36,ce066052fff6d909b5dec1a1586261968582fa2ccaea1f374ffdec386d5ce5ca,123.0,naive
2021-07-09,2021-07-09 21:00:00,106.0,3,ce066052fff6d909b5dec1a1586261968582fa2ccaea1f374ffdec386d5ce5ca,116.0,naive
2021-07-09,2021-07-09 21:15:00,97.0,3,ce066052fff6d909b5dec1a1586261968582fa2ccaea1f374ffdec386d5ce5ca,107.0,naive
2021-07-09,2021-07-09 21:30:00,101.0,3,ce066052fff6d909b5dec1a1586261968582fa2ccaea1f374ffdec386d5ce5ca,111.0,naive
2021-07-09,2021-07-09 21:45:00,109.0,3,ce066052fff6d909b5dec1a1586261968582fa2ccaea1f374ffdec386d5ce5ca,121.0,naive
2021-07-09,2021-07-09 22:00:00,91.0,45,ce066052fff6d909b5dec1a1586261968582fa2ccaea1f374ffdec386d5ce5ca,107.0,naive
2021-07-09,2021-07-09 22:15:00,102.0,45,ce066052fff6d909b5dec1a1586261968582fa2ccaea1f374ffdec386d5ce5ca,117.0,naive
2021-07-09,2021-07-09 22:30:00,111.0,45,ce066052fff6d909b5dec1a1586261968582fa2ccaea1f374ffdec386d5ce5ca,113.0,naive
2021-07-09,2021-07-09 22:45:00,104.0,45,ce066052fff6d909b5dec1a1586261968582fa2ccaea1f374ffdec386d5ce5ca,106.0,naive
2021-07-09,2021-07-09 23:00:00,93.0,0,ce066052fff6d909b5dec1a1586261968582fa2ccaea1f374ffdec386d5ce5ca,95.0,naive
2021-07-09,2021-07-09 23:15:00,100.0,0,ce066052fff6d909b5dec1a1586261968582fa2ccaea1f374ffdec386d5ce5ca,103.0,naive
2021-07-09,2021-07-09 23:30:00,106.0,0,ce066052fff6d909b5dec1a1586261968582fa2ccaea1f374ffdec386d5ce5ca,96.0,naive
2021-07-09,2021-07-09 23:45:00,85.0,0,ce066052fff6d909b5dec1a1586261968582fa2ccaea1f374ffdec386d5ce5ca,79.0,naive
2021-07-10,2021-07-10 00:00:00,70.0,0,f0a36f94ca4710df54aeeb92df72d769c0d72cb82c7d2ea8a07ebb01b32198fe,76.0,naive
2021-07-10,2021-07-10 00:15:00,62.0,0,f0a36f94ca4710df54aeeb92df72d769c0d72cb82c7d2ea8a07ebb01b32198fe,65.0,naive
2021-07-10,2021-07-10 00:30:00,64.0,0,f0a36f94ca4710df54aeeb92df72d769c0d72cb82c7d2ea8a07ebb01b32198fe,64.0,naive
2021-07-10,2021-07-10 00:45:00,64.0,0,f0a36f94ca4710df54aeeb92df72d769c0d72cb82c7d2ea8a07ebb01b32198fe,63.0,naive
2021-07-10,2021-07-10 01:00:00,89.0,6,f0a36f94ca4710df54aeeb92df72d769c0d72cb82c7d2ea8a07ebb01b32198fe,92.0,naive
2021-07-10,2021-07-10 01:15:00,102.0,6,f0a36f94ca4710df54aeeb92df72d769c0d72cb82c7d2ea8a07ebb01b32198fe,105.0,naive
2021-07-10,2021-07-10 01:30:00,98.0,6,f0a36f94ca4710df54aeeb92df72d769c0d72cb82c7d2ea8a07ebb01b32198fe,107.0,naive
2021-07-10,2021-07-10 01:45:00,97.0,6,f0a36f94ca4710df54aeeb92df72d769c0d72cb82c7d2ea8a07ebb01b32198fe,110.0,naive
2021-07-10,2021-07-10 02:00:00,100.0,41,f0a36f94ca4710df54aeeb92df72d769c0d72cb82c7d2ea8a07ebb01b32198fe,107.0,naive
2021-07-10,2021-07-10 02:15:00,97.0,41,f0a36f94ca4710df54aeeb92df72d769c0d72cb82c7d2ea8a07ebb01b32198fe,106.0,naive
2021-07-10,2021-07-10 02:30:00,96.0,41,f0a36f94ca4710df54aeeb92df72d769c0d72cb82c7d2ea8a07ebb01b32198fe,105.0,naive
2021-07-10,2021-07-10 02:45:00,94.0,41,f0a36f94ca4710df54aeeb92df72d769c0d72cb82c7d2ea8a07ebb01b32198fe,105.0,naive
2021-07-10,2021-07-10 03:00:00,85.0,0,f0a36f94ca4710df54aeeb92df72d769c0d72cb82c7d2ea8a07ebb01b32198fe,94.0,naive
2021-07-10,2021-07-10 03:15:00,96.0,0,f0a36f94ca4710df54aeeb92df72d769c0d72cb82c7d2ea8a07ebb01b32198fe,105.0,naive
2021-07-10,2021-07-10 03:30:00,100.0,0,f0a36f94ca4710df54aeeb92df72d769c0d72cb82c7d2ea8a07ebb01b32198fe,103.0,naive
2021-07-10,2021-07-10 03:45:00,106.0,0,f0a36f94ca4710df54aeeb92df72d769c0d72cb82c7d2ea8a07ebb01b32198fe,108.0,naive
2021-07-10,2021-07-10 04:00:00,106.0,30,f0a36f94ca4710df54aeeb92df72d769c0d72cb82c7d2ea8a07ebb01b32198fe,112.0,naive
2021-07-10,2021-07-10 04:15:00,96.0,30,f0a36f94ca4710df54aeeb92df72d769c0d72cb82c7d2ea8a07ebb01b32198fe,106.0,naive
2021-07-10,2021-07-10 04:30:00,99.0,30,f0a36f94ca4710df54aeeb92df72d769c0d72cb82c7d2ea8a07ebb01b32198fe,100.0,naive
2021-07-10,2021-07-10 04:45:00,98.0,30,f0a36f94ca4710df54aeeb92df72d769c0d72cb82c7d2ea8a07ebb01b32198fe,99.0,naive
2021-07-10,2021-07-10 05:00:00,83.0,0,f0a36f94ca4710df54aeeb92df72d769c0d72cb82c7d2ea8a07ebb01b32198fe,80.0,naive
2021-07-10,2021-07-10 05:15:00,69.0,0,f0a36f94ca4710df54aeeb92df72d769c0d72cb82c7d2ea8a07ebb01b32198fe,73.0,naive
2021-07-10,2021-07-10 05:30:00,84.0,0,f0a36f94ca4710df54aeeb92df72d769c0d72cb82c7d2ea8a07ebb01b32198fe,96.0,naive
2021-07-10,2021-07-10 05:45:00,97.0,0,f0a36f94ca4710df54aeeb92df72d769c0d72cb82c7d2ea8a07ebb01b32198fe,105.0,naive
2021-07-10,2021-07-10 06:00:00,103.0,120,f0a36f94ca4710df54aeeb92df72d769c0d72cb82c7d2ea8a07ebb01b32198fe,105.0,naive
2021-07-10,2021-07-10 06:15:00,102.0,120,f0a36f94ca4710df54aeeb92df72d769c0d72cb82c7d2ea8a07ebb01b32198fe,101.0,naive
2021-07-10,2021-07-10 06:30:00,104.0,120,f0a36f94ca4710df54aeeb92df72d769c0d72cb82c7d2ea8a07ebb01b32198fe,95.0,naive
2021-07-10,2021-07-10 06:45:00,94.0,120,f0a36f94ca4710df54aeeb92df72d769c0d72cb82c7d2ea8a07ebb01b32198fe,91.0,naive
2021-07-10,2021-07-10 07:00:00,105.0,290,f0a36f94ca4710df54aeeb92df72d769c0d72cb82c7d2ea8a07ebb01b32198fe,83.0,naive
2021-07-10,2021-07-10 07:15:00,91.0,290,f0a36f94ca4710df54aeeb92df72d769c0d72cb82c7d2ea8a07ebb01b32198fe,68.0,naive
2021-07-10,2021-07-10 07:30:00,69.0,290,f0a36f94ca4710df54aeeb92df72d769c0d72cb82c7d2ea8a07ebb01b32198fe,31.0,naive
2021-07-10,2021-07-10 07:45:00,34.0,290,f0a36f94ca4710df54aeeb92df72d769c0d72cb82c7d2ea8a07ebb01b32198fe,28.0,naive
2021-07-10,2021-07-10 08:00:00,26.0,0,f0a36f94ca4710df54aeeb92df72d769c0d72cb82c7d2ea8a07ebb01b32198fe,23.0,naive
2021-07-10,2021-07-10 08:15:00,27.0,0,f0a36f94ca4710df54aeeb92df72d769c0d72cb82c7d2ea8a07ebb01b32198fe,22.0,naive
2021-07-10,2021-07-10 08:30:00,26.0,0,f0a36f94ca4710df54aeeb92df72d769c0d72cb82c7d2ea8a07ebb01b32198fe,22.0,naive
2021-07-10,2021-07-10 08:45:00,26.0,0,f0a36f94ca4710df54aeeb92df72d769c0d72cb82c7d2ea8a07ebb01b32198fe,22.0,naive
2021-07-10,2021-07-10 09:00:00,27.0,0,f0a36f94ca4710df54aeeb92df72d769c0d72cb82c7d2ea8a07ebb01b32198fe,23.0,naive
2021-07-10,2021-07-10 09:15:00,27.0,0,f0a36f94ca4710df54aeeb92df72d769c0d72cb82c7d2ea8a07ebb01b32198fe,27.0,naive
2021-07-10,2021-07-10 09:30:00,27.0,0,f0a36f94ca4710df54aeeb92df72d769c0d72cb82c7d2ea8a07ebb01b32198fe,25.0,naive
2021-07-10,2021-07-10 09:45:00,26.0,0,f0a36f94ca4710df54aeeb92df72d769c0d72cb82c7d2ea8a07ebb01b32198fe,23.0,naive
2021-07-10,2021-07-10 10:00:00,27.0,0,f0a36f94ca4710df54aeeb92df72d769c0d72cb82c7d2ea8a07ebb01b32198fe,23.0,naive
2021-07-10,2021-07-10 10:15:00,32.0,0,f0a36f94ca4710df54aeeb92df72d769c0d72cb82c7d2ea8a07ebb01b32198fe,23.0,naive
2021-07-10,2021-07-10 10:30:00,30.0,0,f0a36f94ca4710df54aeeb92df72d769c0d72cb82c7d2ea8a07ebb01b32198fe,22.0,naive
2021-07-10,2021-07-10 10:45:00,29.0,0,f0a36f94ca4710df54aeeb92df72d769c0d72cb82c7d2ea8a07ebb01b32198fe,22.0,naive
2021-07-10,2021-07-10 11:00:00,31.0,0,f0a36f94ca4710df54aeeb92df72d769c0d72cb82c7d2ea8a07ebb01b32198fe,22.0,naive
2021-07-10,2021-07-10 11:15:00,29.0,0,f0a36f94ca4710df54aeeb92df72d769c0d72cb82c7d2ea8a07ebb01b32198fe,23.0,naive
2021-07-10,2021-07-10 11:30:00,29.0,0,f0a36f94ca4710df54aeeb92df72d769c0d72cb82c7d2ea8a07ebb01b32198fe,22.0,naive
2021-07-10,2021-07-10 11:45:00,28.0,0,f0a36f94ca4710df54aeeb92df72d769c0d72cb82c7d2ea8a07ebb01b32198fe,23.0,naive
2021-07-10,2021-07-10 12:00:00,26.0,0,f0a36f94ca4710df54aeeb92df72d769c0d72cb82c7d2ea8a07ebb01b32198fe,22.0,naive
2021-07-10,2021-07-10 12:15:00,25.0,0,f0a36f94ca4710df54aeeb92df72d769c0d72cb82c7d2ea8a07ebb01b32198fe,22.0,naive
2021-07-10,2021-07-10 12:30:00,26.0,0,f0a36f94ca4710df54aeeb92df72d769c0d72cb82c7d2ea8a07ebb01b32198fe,27.0,naive
2021-07-10,2021-07-10 12:45:00,25.0,0,f0a36f94ca4710df54aeeb92df72d769c0d72cb82c7d2ea8a07ebb01b32198fe,26.0,naive
2021-07-10,2021-07-10 13:00:00,27.0,0,f0a36f94ca4710df54aeeb92df72d769c0d72cb82c7d2ea8a07ebb01b32198fe,22.0,naive
2021-07-10,2021-07-10 13:15:00,28.0,0,f0a36f94ca4710df54aeeb92df72d769c0d72cb82c7d2ea8a07ebb01b32198fe,22.0,naive
2021-07-10,2021-07-10 13:30:00,23.0,0,f0a36f94ca4710df54aeeb92df72d769c0d72cb82c7d2ea8a07ebb01b32198fe,22.0,naive
2021-07-10,2021-07-10 13:45:00,22.0,0,f0a36f94ca4710df54aeeb92df72d769c0d72cb82c7d2ea8a07ebb01b32198fe,22.0,naive
2021-07-10,2021-07-10 14:00:00,23.0,0,f0a36f94ca4710df54aeeb92df72d769c0d72cb82c7d2ea8a07ebb01b32198fe,22.0,naive
2021-07-10,2021-07-10 14:15:00,22.0,0,f0a36f94ca4710df54aeeb92df72d769c0d72cb82c7d2ea8a07ebb01b32198fe,22.0,naive
2021-07-10,2021-07-10 14:30:00,22.0,0,f0a36f94ca4710df54aeeb92df72d769c0d72cb82c7d2ea8a07ebb01b32198fe,22.0,naive
2021-07-10,2021-07-10 14:45:00,23.0,0,f0a36f94ca4710df54aeeb92df72d769c0d72cb82c7d2ea8a07ebb01b32198fe,23.0,naive
2021-07-10,2021-07-10 15:00:00,24.0,0,f0a36f94ca4710df54aeeb92df72d769c0d72cb82c7d2ea8a07ebb01b32198fe,21.0,naive
2021-07-10,2021-07-10 15:15:00,23.0,0,f0a36f94ca4710df54aeeb92df72d769c0d72cb82c7d2ea8a07ebb01b32198fe,22.0,naive
2021-07-10,2021-07-10 15:30:00,23.0,0,f0a36f94ca4710df54aeeb92df72d769c0d72cb82c7d2ea8a07ebb01b32198fe,22.0,naive
2021-07-10,2021-07-10 15:45:00,25.0,0,f0a36f94ca4710df54aeeb92df72d769c0d72cb82c7d2ea8a07ebb01b32198fe,25.0,naive
2021-07-10,2021-07-10 16:00:00,24.0,0,f0a36f94ca4710df54aeeb92df72d769c0d72cb82c7d2ea8a07ebb01b32198fe,26.0,naive
2021-07-10,2021-07-10 16:15:00,27.0,0,f0a36f94ca4710df54aeeb92df72d769c0d72cb82c7d2ea8a07ebb01b32198fe,22.0,naive
2021-07-10,2021-07-10 16:30:00,24.0,0,f0a36f94ca4710df54aeeb92df72d769c0d72cb82c7d2ea8a07ebb01b32198fe,22.0,naive
2021-07-10,2021-07-10 16:45:00,22.0,0,f0a36f94ca4710df54aeeb92df72d769c0d72cb82c7d2ea8a07ebb01b32198fe,22.0,naive
2021-07-10,2021-07-10 17:00:00,23.0,0,f0a36f94ca4710df54aeeb92df72d769c0d72cb82c7d2ea8a07ebb01b32198fe,22.0,naive
2021-07-10,2021-07-10 17:15:00,23.0,0,f0a36f94ca4710df54aeeb92df72d769c0d72cb82c7d2ea8a07ebb01b32198fe,22.0,naive
2021-07-10,2021-07-10 17:30:00,22.0,0,f0a36f94ca4710df54aeeb92df72d769c0d72cb82c7d2ea8a07ebb01b32198fe,22.0,naive
2021-07-10,2021-07-10 17:45:00,22.0,0,f0a36f94ca4710df54aeeb92df72d769c0d72cb82c7d2ea8a07ebb01b32198fe,22.0,naive
2021-07-10,2021-07-10 18:00:00,22.0,0,f0a36f94ca4710df54aeeb92df72d769c0d72cb82c7d2ea8a07ebb01b32198fe,22.0,naive
2021-07-10,2021-07-10 18:15:00,22.0,0,f0a36f94ca4710df54aeeb92df72d769c0d72cb82c7d2ea8a07ebb01b32198fe,23.0,naive
2021-07-10,2021-07-10 18:30:00,22.0,0,f0a36f94ca4710df54aeeb92df72d769c0d72cb82c7d2ea8a07ebb01b32198fe,21.0,naive
2021-07-10,2021-07-10 18:45:00,22.0,0,f0a36f94ca4710df54aeeb92df72d769c0d72cb82c7d2ea8a07ebb01b32198fe,22.0,naive
2021-07-10,2021-07-10 19:00:00,22.0,0,f0a36f94ca4710df54aeeb92df72d769c0d72cb82c7d2ea8a07ebb01b32198fe,26.0,naive
2021-07-10,2021-07-10 19:15:00,26.0,0,f0a36f94ca4710df54aeeb92df72d769c0d72cb82c7d2ea8a07ebb01b32198fe,27.0,naive
2021-07-10,2021-07-10 19:30:00,26.0,0,f0a36f94ca4710df54aeeb92df72d769c0d72cb82c7d2ea8a07ebb01b32198fe,22.0,naive
2021-07-10,2021-07-10 19:45:00,23.0,0,f0a36f94ca4710df54aeeb92df72d769c0d72cb82c7d2ea8a07ebb01b32198fe,22.0,naive
2021-07-10,2021-07-10 20:00:00,21.0,0,f0a36f94ca4710df54aeeb92df72d769c0d72cb82c7d2ea8a07ebb01b32198fe,23.0,naive
2021-07-10,2021-07-10 20:15:00,22.0,0,f0a36f94ca4710df54aeeb92df72d769c0d72cb82c7d2ea8a07ebb01b32198fe,22.0,naive
2021-07-10,2021-07-10 20:30:00,23.0,0,f0a36f94ca4710df54aeeb92df72d769c0d72cb82c7d2ea8a07ebb01b32198fe,22.0,naive
2021-07-10,2021-07-10 20:45:00,22.0,0,f0a36f94ca4710df54aeeb92df72d769c0d72cb82c7d2ea8a07ebb01b32198fe,22.0,naive
2021-07-10,2021-07-10 21:00:00,23.0,0,f0a36f94ca4710df54aeeb92df72d769c0d72cb82c7d2ea8a07ebb01b32198fe,23.0,naive
2021-07-10,2021-07-10 21:15:00,22.0,0,f0a36f94ca4710df54aeeb92df72d769c0d72cb82c7d2ea8a07ebb01b32198fe,23.0,naive
2021-07-10,2021-07-10 21:30:00,22.0,0,f0a36f94ca4710df54aeeb92df72d769c0d72cb82c7d2ea8a07ebb01b32198fe,23.0,naive
2021-07-10,2021-07-10 21:45:00,22.0,0,f0a36f94ca4710df54aeeb92df72d769c0d72cb82c7d2ea8a07ebb01b32198fe,22.0,naive
2021-07-10,2021-07-10 22:00:00,23.0,0,f0a36f94ca4710df54aeeb92df72d769c0d72cb82c7d2ea8a07ebb01b32198fe,23.0,naive
2021-07-10,2021-07-10 22:15:00,26.0,0,f0a36f94ca4710df54aeeb92df72d769c0d72cb82c7d2ea8a07ebb01b32198fe,24.0,naive
2021-07-10,2021-07-10 22:30:00,26.0,0,f0a36f94ca4710df54aeeb92df72d769c0d72cb82c7d2ea8a07ebb01b32198fe,27.0,naive
2021-07-10,2021-07-10 22:45:00,23.0,0,f0a36f94ca4710df54aeeb92df72d769c0d72cb82c7d2ea8a07ebb01b32198fe,23.0,naive
2021-07-10,2021-07-10 23:00:00,22.0,0,f0a36f94ca4710df54aeeb92df72d769c0d72cb82c7d2ea8a07ebb01b32198fe,23.0,naive
2021-07-10,2021-07-10 23:15:00,22.0,0,f0a36f94ca4710df54aeeb92df72d769c0d72cb82c7d2ea8a07ebb01b32198fe,22.0,naive
2021-07-10,2021-07-10 23:30:00,22.0,0,f0a36f94ca4710df54aeeb92df72d769c0d72cb82c7d2ea8a07ebb01b32198fe,22.0,naive
2021-07-10,2021-07-10 23:45:00,23.0,0,f0a36f94ca4710df54aeeb92df72d769c0d72cb82c7d2ea8a07ebb01b32198fe,22.0,naive
2021-07-11,2021-07-11 00:00:00,22.0,0,f081e5b66500fa42ced35b1c88f13e9f605801fdb57f73029681b30b0dfcca4a,22.0,naive
2021-07-11,2021-07-11 00:15:00,22.0,0,f081e5b66500fa42ced35b1c88f13e9f605801fdb57f73029681b30b0dfcca4a,23.0,naive
2021-07-11,2021-07-11 00:30:00,23.0,0,f081e5b66500fa42ced35b1c88f13e9f605801fdb57f73029681b30b0dfcca4a,22.0,naive
2021-07-11,2021-07-11 00:45:00,23.0,0,f081e5b66500fa42ced35b1c88f13e9f605801fdb57f73029681b30b0dfcca4a,22.0,naive
2021-07-11,2021-07-11 01:00:00,23.0,0,f081e5b66500fa42ced35b1c88f13e9f605801fdb57f73029681b30b0dfcca4a,22.0,naive
2021-07-11,2021-07-11 01:15:00,26.0,0,f081e5b66500fa42ced35b1c88f13e9f605801fdb57f73029681b30b0dfcca4a,22.0,naive
2021-07-11,2021-07-11 01:30:00,27.0,0,f081e5b66500fa42ced35b1c88f13e9f605801fdb57f73029681b30b0dfcca4a,27.0,naive
2021-07-11,2021-07-11 01:45:00,26.0,0,f081e5b66500fa42ced35b1c88f13e9f605801fdb57f73029681b30b0dfcca4a,27.0,naive
2021-07-11,2021-07-11 02:00:00,23.0,0,f081e5b66500fa42ced35b1c88f13e9f605801fdb57f73029681b30b0dfcca4a,24.0,naive
2021-07-11,2021-07-11 02:15:00,23.0,0,f081e5b66500fa42ced35b1c88f13e9f605801fdb57f73029681b30b0dfcca4a,23.0,naive
2021-07-11,2021-07-11 02:30:00,22.0,0,f081e5b66500fa42ced35b1c88f13e9f605801fdb57f73029681b30b0dfcca4a,23.0,naive
2021-07-11,2021-07-11 02:45:00,22.0,0,f081e5b66500fa42ced35b1c88f13e9f605801fdb57f73029681b30b0dfcca4a,22.0,naive
2021-07-11,2021-07-11 03:00:00,24.0,0,f081e5b66500fa42ced35b1c88f13e9f605801fdb57f73029681b30b0dfcca4a,22.0,naive
2021-07-11,2021-07-11 03:15:00,22.0,0,f081e5b66500fa42ced35b1c88f13e9f605801fdb57f73029681b30b0dfcca4a,23.0,naive
2021-07-11,2021-07-11 03:30:00,23.0,0,f081e5b66500fa42ced35b1c88f13e9f605801fdb57f73029681b30b0dfcca4a,23.0,naive
2021-07-11,2021-07-11 03:45:00,23.0,0,f081e5b66500fa42ced35b1c88f13e9f605801fdb57f73029681b30b0dfcca4a,22.0,naive
2021-07-11,2021-07-11 04:00:00,23.0,0,f081e5b66500fa42ced35b1c88f13e9f605801fdb57f73029681b30b0dfcca4a,23.0,naive
2021-07-11,2021-07-11 04:15:00,22.0,0,f081e5b66500fa42ced35b1c88f13e9f605801fdb57f73029681b30b0dfcca4a,23.0,naive
2021-07-11,2021-07-11 04:30:00,24.0,0,f081e5b66500fa42ced35b1c88f13e9f605801fdb57f73029681b30b0dfcca4a,22.0,naive
2021-07-11,2021-07-11 04:45:00,23.0,0,f081e5b66500fa42ced35b1c88f13e9f605801fdb57f73029681b30b0dfcca4a,22.0,naive
2021-07-11,2021-07-11 05:00:00,27.0,0,f081e5b66500fa42ced35b1c88f13e9f605801fdb57f73029681b30b0dfcca4a,23.0,naive
2021-07-11,2021-07-11 05:15:00,24.0,0,f081e5b66500fa42ced35b1c88f13e9f605801fdb57f73029681b30b0dfcca4a,27.0,naive
2021-07-11,2021-07-11 05:30:00,22.0,0,f081e5b66500fa42ced35b1c88f13e9f605801fdb57f73029681b30b0dfcca4a,23.0,naive
2021-07-11,2021-07-11 05:45:00,21.0,0,f081e5b66500fa42ced35b1c88f13e9f605801fdb57f73029681b30b0dfcca4a,23.0,naive
2021-07-11,2021-07-11 06:00:00,22.0,0,f081e5b66500fa42ced35b1c88f13e9f605801fdb57f73029681b30b0dfcca4a,22.0,naive
2021-07-11,2021-07-11 06:15:00,22.0,0,f081e5b66500fa42ced35b1c88f13e9f605801fdb57f73029681b30b0dfcca4a,22.0,naive
2021-07-11,2021-07-11 06:30:00,22.0,0,f081e5b66500fa42ced35b1c88f13e9f605801fdb57f73029681b30b0dfcca4a,23.0,naive
2021-07-11,2021-07-11 06:45:00,22.0,0,f081e5b66500fa42ced35b1c88f13e9f605801fdb57f73029681b30b0dfcca4a,22.0,naive
2021-07-11,2021-07-11 07:00:00,22.0,0,f081e5b66500fa42ced35b1c88f13e9f605801fdb57f73029681b30b0dfcca4a,21.0,naive
2021-07-11,2021-07-11 07:15:00,22.0,0,f081e5b66500fa42ced35b1c88f13e9f605801fdb57f73029681b30b0dfcca4a,22.0,naive
2021-07-11,2021-07-11 07:30:00,22.0,0,f081e5b66500fa42ced35b1c88f13e9f605801fdb57f73029681b30b0dfcca4a,23.0,naive
2021-07-11,2021-07-11 07:45:00,22.0,0,f081e5b66500fa42ced35b1c88f13e9f605801fdb57f73029681b30b0dfcca4a,22.0,naive
2021-07-11,2021-07-11 08:00:00,22.0,0,f081e5b66500fa42ced35b1c88f13e9f605801fdb57f73029681b30b0dfcca4a,24.0,naive
2021-07-11,2021-07-11 08:15:00,27.0,0,f081e5b66500fa42ced35b1c88f13e9f605801fdb57f73029681b30b0dfcca4a,28.0,naive
2021-07-11,2021-07-11 08:30:00,24.0,0,f081e5b66500fa42ced35b1c88f13e9f605801fdb57f73029681b30b0dfcca4a,24.0,naive
2021-07-11,2021-07-11 08:45:00,22.0,0,f081e5b66500fa42ced35b1c88f13e9f605801fdb57f73029681b30b0dfcca4a,21.0,naive
2021-07-11,2021-07-11 09:00:00,22.0,0,f081e5b66500fa42ced35b1c88f13e9f605801fdb57f73029681b30b0dfcca4a,22.0,naive
2021-07-11,2021-07-11 09:15:00,22.0,0,f081e5b66500fa42ced35b1c88f13e9f605801fdb57f73029681b30b0dfcca4a,22.0,naive
2021-07-11,2021-07-11 09:30:00,22.0,0,f081e5b66500fa42ced35b1c88f13e9f605801fdb57f73029681b30b0dfcca4a,22.0,naive
2021-07-11,2021-07-11 09:45:00,22.0,0,f081e5b66500fa42ced35b1c88f13e9f605801fdb57f73029681b30b0dfcca4a,22.0,naive
2021-07-11,2021-07-11 10:00:00,23.0,0,f081e5b66500fa42ced35b1c88f13e9f605801fdb57f73029681b30b0dfcca4a,22.0,naive
2021-07-11,2021-07-11 10:15:00,22.0,0,f081e5b66500fa42ced35b1c88f13e9f605801fdb57f73029681b30b0dfcca4a,23.0,naive
2021-07-11,2021-07-11 10:30:00,23.0,0,f081e5b66500fa42ced35b1c88f13e9f605801fdb57f73029681b30b0dfcca4a,23.0,naive
2021-07-11,2021-07-11 10:45:00,22.0,0,f081e5b66500fa42ced35b1c88f13e9f605801fdb57f73029681b30b0dfcca4a,23.0,naive
2021-07-11,2021-07-11 11:00:00,22.0,0,f081e5b66500fa42ced35b1c88f13e9f605801fdb57f73029681b30b0dfcca4a,24.0,naive
2021-07-11,2021-07-11 11:15:00,26.0,0,f081e5b66500fa42ced35b1c88f13e9f605801fdb57f73029681b30b0dfcca4a,26.0,naive
2021-07-11,2021-07-11 11:30:00,28.0,0,f081e5b66500fa42ced35b1c88f13e9f605801fdb57f73029681b30b0dfcca4a,28.0,naive
2021-07-11,2021-07-11 11:45:00,23.0,0,f081e5b66500fa42ced35b1c88f13e9f605801fdb57f73029681b30b0dfcca4a,25.0,naive
2021-07-11,2021-07-11 12:00:00,23.0,0,f081e5b66500fa42ced35b1c88f13e9f605801fdb57f73029681b30b0dfcca4a,24.0,naive
2021-07-11,2021-07-11 12:15:00,23.0,0,f081e5b66500fa42ced35b1c88f13e9f605801fdb57f73029681b30b0dfcca4a,23.0,naive
2021-07-11,2021-07-11 12:30:00,24.0,0,f081e5b66500fa42ced35b1c88f13e9f605801fdb57f73029681b30b0dfcca4a,23.0,naive
2021-07-11,2021-07-11 12:45:00,22.0,0,f081e5b66500fa42ced35b1c88f13e9f605801fdb57f73029681b30b0dfcca4a,23.0,naive
2021-07-11,2021-07-11 13:00:00,24.0,0,f081e5b66500fa42ced35b1c88f13e9f605801fdb57f73029681b30b0dfcca4a,23.0,naive
2021-07-11,2021-07-11 13:15:00,24.0,0,f081e5b66500fa42ced35b1c88f13e9f605801fdb57f73029681b30b0dfcca4a,24.0,naive
2021-07-11,2021-07-11 13:30:00,23.0,0,f081e5b66500fa42ced35b1c88f13e9f605801fdb57f73029681b30b0dfcca4a,23.0,naive
2021-07-11,2021-07-11 13:45:00,23.0,0,f081e5b66500fa42ced35b1c88f13e9f605801fdb57f73029681b30b0dfcca4a,23.0,naive
2021-07-11,2021-07-11 14:00:00,24.0,0,f081e5b66500fa42ced35b1c88f13e9f605801fdb57f73029681b30b0dfcca4a,23.0,naive
2021-07-11,2021-07-11 14:15:00,24.0,0,f081e5b66500fa42ced35b1c88f13e9f605801fdb57f73029681b30b0dfcca4a,23.0,naive
2021-07-11,2021-07-11 14:30:00,28.0,0,f081e5b66500fa42ced35b1c88f13e9f605801fdb57f73029681b30b0dfcca4a,23.0,naive
2021-07-11,2021-07-11 14:45:00,27.0,0,f081e5b66500fa42ced35b1c88f13e9f605801fdb57f73029681b30b0dfcca4a,27.0,naive
2021-07-11,2021-07-11 15:00:00,24.0,0,f081e5b66500fa42ced35b1c88f13e9f605801fdb57f73029681b30b0dfcca4a,27.0,naive
2021-07-11,2021-07-11 15:15:00,24.0,0,f081e5b66500fa42ced35b1c88f13e9f605801fdb57f73029681b30b0dfcca4a,23.0,naive
2021-07-11,2021-07-11 15:30:00,24.0,0,f081e5b66500fa42ced35b1c88f13e9f605801fdb57f73029681b30b0dfcca4a,23.0,naive
2021-07-11,2021-07-11 15:45:00,24.0,0,f081e5b66500fa42ced35b1c88f13e9f605801fdb57f73029681b30b0dfcca4a,23.0,naive
2021-07-11,2021-07-11 16:00:00,24.0,0,f081e5b66500fa42ced35b1c88f13e9f605801fdb57f73029681b30b0dfcca4a,23.0,naive
2021-07-11,2021-07-11 16:15:00,24.0,0,f081e5b66500fa42ced35b1c88f13e9f605801fdb57f73029681b30b0dfcca4a,23.0,naive
2021-07-11,2021-07-11 16:30:00,24.0,0,f081e5b66500fa42ced35b1c88f13e9f605801fdb57f73029681b30b0dfcca4a,23.0,naive
2021-07-11,2021-07-11 16:45:00,26.0,0,f081e5b66500fa42ced35b1c88f13e9f605801fdb57f73029681b30b0dfcca4a,25.0,naive
2021-07-11,2021-07-11 17:00:00,23.0,0,f081e5b66500fa42ced35b1c88f13e9f605801fdb57f73029681b30b0dfcca4a,22.0,naive
2021-07-11,2021-07-11 17:15:00,23.0,0,f081e5b66500fa42ced35b1c88f13e9f605801fdb57f73029681b30b0dfcca4a,22.0,naive
2021-07-11,2021-07-11 17:30:00,23.0,0,f081e5b66500fa42ced35b1c88f13e9f605801fdb57f73029681b30b0dfcca4a,22.0,naive
2021-07-11,2021-07-11 17:45:00,26.0,0,f081e5b66500fa42ced35b1c88f13e9f605801fdb57f73029681b30b0dfcca4a,22.0,naive
2021-07-11,2021-07-11 18:00:00,26.0,0,f081e5b66500fa42ced35b1c88f13e9f605801fdb57f73029681b30b0dfcca4a,25.0,naive
2021-07-11,2021-07-11 18:15:00,23.0,0,f081e5b66500fa42ced35b1c88f13e9f605801fdb57f73029681b30b0dfcca4a,27.0,naive
2021-07-11,2021-07-11 18:30:00,22.0,0,f081e5b66500fa42ced35b1c88f13e9f605801fdb57f73029681b30b0dfcca4a,23.0,naive
2021-07-11,2021-07-11 18:45:00,22.0,0,f081e5b66500fa42ced35b1c88f13e9f605801fdb57f73029681b30b0dfcca4a,23.0,naive
2021-07-11,2021-07-11 19:00:00,22.0,0,f081e5b66500fa42ced35b1c88f13e9f605801fdb57f73029681b30b0dfcca4a,23.0,naive
2021-07-11,2021-07-11 19:15:00,23.0,0,f081e5b66500fa42ced35b1c88f13e9f605801fdb57f73029681b30b0dfcca4a,22.0,naive
2021-07-11,2021-07-11 19:30:00,22.0,0,f081e5b66500fa42ced35b1c88f13e9f605801fdb57f73029681b30b0dfcca4a,22.0,naive
2021-07-11,2021-07-11 19:45:00,22.0,0,f081e5b66500fa42ced35b1c88f13e9f605801fdb57f73029681b30b0dfcca4a,23.0,naive
2021-07-11,2021-07-11 20:00:00,23.0,0,f081e5b66500fa42ced35b1c88f13e9f605801fdb57f73029681b30b0dfcca4a,22.0,naive
2021-07-11,2021-07-11 20:15:00,23.0,0,f081e5b66500fa42ced35b1c88f13e9f605801fdb57f73029681b30b0dfcca4a,23.0,naive
2021-07-11,2021-07-11 20:30:00,22.0,0,f081e5b66500fa42ced35b1c88f13e9f605801fdb57f73029681b30b0dfcca4a,22.0,naive
2021-07-11,2021-07-11 20:45:00,23.0,0,f081e5b66500fa42ced35b1c88f13e9f605801fdb57f73029681b30b0dfcca4a,22.0,naive
2021-07-11,2021-07-11 21:00:00,26.0,0,f081e5b66500fa42ced35b1c88f13e9f605801fdb57f73029681b30b0dfcca4a,24.0,naive
2021-07-11,2021-07-11 21:15:00,28.0,0,f081e5b66500fa42ced35b1c88f13e9f605801fdb57f73029681b30b0dfcca4a,24.0,naive
2021-07-11,2021-07-11 21:30:00,24.0,0,f081e5b66500fa42ced35b1c88f13e9f605801fdb57f73029681b30b0dfcca4a,28.0,naive
2021-07-11,2021-07-11 21:45:00,23.0,0,f081e5b66500fa42ced35b1c88f13e9f605801fdb57f73029681b30b0dfcca4a,25.0,naive
2021-07-11,2021-07-11 22:00:00,23.0,0,f081e5b66500fa42ced35b1c88f13e9f605801fdb57f73029681b30b0dfcca4a,23.0,naive
2021-07-11,2021-07-11 22:15:00,22.0,0,f081e5b66500fa42ced35b1c88f13e9f605801fdb57f73029681b30b0dfcca4a,24.0,naive
2021-07-11,2021-07-11 22:30:00,24.0,0,f081e5b66500fa42ced35b1c88f13e9f605801fdb57f73029681b30b0dfcca4a,23.0,naive
2021-07-11,2021-07-11 22:45:00,23.0,0,f081e5b66500fa42ced35b1c88f13e9f605801fdb57f73029681b30b0dfcca4a,23.0,naive
2021-07-11,2021-07-11 23:00:00,23.0,0,f081e5b66500fa42ced35b1c88f13e9f605801fdb57f73029681b30b0dfcca4a,23.0,naive
2021-07-11,2021-07-11 23:15:00,22.0,0,f081e5b66500fa42ced35b1c88f13e9f605801fdb57f73029681b30b0dfcca4a,23.0,naive
2021-07-11,2021-07-11 23:30:00,22.0,0,f081e5b66500fa42ced35b1c88f13e9f605801fdb57f73029681b30b0dfcca4a,22.0,naive
2021-07-11,2021-07-11 23:45:00,23.0,0,f081e5b66500fa42ced35b1c88f13e9f605801fdb57f73029681b30b0dfcca4a,22.0,naive
2021-07-12,2021-07-12 00:00:00,23.0,0,dc2070bafeee3d5b4590839db5b774bf1a95f1bb09b6be8637cc037c0e87bee4,23.0,naive
2021-07-12,2021-07-12 00:15:00,26.0,0,dc2070bafeee3d5b4590839db5b774bf1a95f1bb09b6be8637cc037c0e87bee4,23.0,naive
2021-07-12,2021-07-12 00:30:00,26.0,0,dc2070bafeee3d5b4590839db5b774bf1a95f1bb09b6be8637cc037c0e87bee4,27.0,naive
2021-07-12,2021-07-12 00:45:00,23.0,0,dc2070bafeee3d5b4590839db5b774bf1a95f1bb09b6be8637cc037c0e87bee4,28.0,naive
2021-07-12,2021-07-12 01:00:00,23.0,0,dc2070bafeee3d5b4590839db5b774bf1a95f1bb09b6be8637cc037c0e87bee4,23.0,naive
2021-07-12,2021-07-12 01:15:00,23.0,0,dc2070bafeee3d5b4590839db5b774bf1a95f1bb09b6be8637cc037c0e87bee4,23.0,naive
2021-07-12,2021-07-12 01:30:00,23.0,0,dc2070bafeee3d5b4590839db5b774bf1a95f1bb09b6be8637cc037c0e87bee4,23.0,naive
2021-07-12,2021-07-12 01:45:00,22.0,0,dc2070bafeee3d5b4590839db5b774bf1a95f1bb09b6be8637cc037c0e87bee4,22.0,naive
2021-07-12,2021-07-12 02:00:00,23.0,0,dc2070bafeee3d5b4590839db5b774bf1a95f1bb09b6be8637cc037c0e87bee4,23.0,naive
2021-07-12,2021-07-12 02:15:00,22.0,0,dc2070bafeee3d5b4590839db5b774bf1a95f1bb09b6be8637cc037c0e87bee4,23.0,naive
2021-07-12,2021-07-12 02:30:00,23.0,0,dc2070bafeee3d5b4590839db5b774bf1a95f1bb09b6be8637cc037c0e87bee4,22.0,naive
2021-07-12,2021-07-12 02:45:00,22.0,0,dc2070bafeee3d5b4590839db5b774bf1a95f1bb09b6be8637cc037c0e87bee4,23.0,naive
2021-07-12,2021-07-12 03:00:00,22.0,0,dc2070bafeee3d5b4590839db5b774bf1a95f1bb09b6be8637cc037c0e87bee4,23.0,naive
2021-07-12,2021-07-12 03:15:00,23.0,0,dc2070bafeee3d5b4590839db5b774bf1a95f1bb09b6be8637cc037c0e87bee4,23.0,naive
2021-07-12,2021-07-12 03:30:00,24.0,0,dc2070bafeee3d5b4590839db5b774bf1a95f1bb09b6be8637cc037c0e87bee4,23.0,naive
2021-07-12,2021-07-12 03:45:00,27.0,0,dc2070bafeee3d5b4590839db5b774bf1a95f1bb09b6be8637cc037c0e87bee4,25.0,naive
2021-07-12,2021-07-12 04:00:00,23.0,0,dc2070bafeee3d5b4590839db5b774bf1a95f1bb09b6be8637cc037c0e87bee4,27.0,naive
2021-07-12,2021-07-12 04:15:00,21.0,0,dc2070bafeee3d5b4590839db5b774bf1a95f1bb09b6be8637cc037c0e87bee4,23.0,naive
2021-07-12,2021-07-12 04:30:00,22.0,0,dc2070bafeee3d5b4590839db5b774bf1a95f1bb09b6be8637cc037c0e87bee4,23.0,naive
2021-07-12,2021-07-12 04:45:00,22.0,0,dc2070bafeee3d5b4590839db5b774bf1a95f1bb09b6be8637cc037c0e87bee4,22.0,naive
2021-07-12,2021-07-12 05:00:00,23.0,0,dc2070bafeee3d5b4590839db5b774bf1a95f1bb09b6be8637cc037c0e87bee4,23.0,naive
2021-07-12,2021-07-12 05:15:00,23.0,0,dc2070bafeee3d5b4590839db5b774bf1a95f1bb09b6be8637cc037c0e87bee4,23.0,naive
2021-07-12,2021-07-12 05:30:00,23.0,0,dc2070bafeee3d5b4590839db5b774bf1a95f1bb09b6be8637cc037c0e87bee4,22.0,naive
2021-07-12,2021-07-12 05:45:00,23.0,0,dc2070bafeee3d5b4590839db5b774bf1a95f1bb09b6be8637cc037c0e87bee4,22.0,naive
2021-07-12,2021-07-12 06:00:00,23.0,0,dc2070bafeee3d5b4590839db5b774bf1a95f1bb09b6be8637cc037c0e87bee4,23.0,naive
2021-07-12,2021-07-12 06:15:00,23.0,0,dc2070bafeee3d5b4590839db5b774bf1a95f1bb09b6be8637cc037c0e87bee4,22.0,naive
2021-07-12,2021-07-12 06:30:00,23.0,0,dc2070bafeee3d5b4590839db5b774bf1a95f1bb09b6be8637cc037c0e87bee4,21.0,naive
2021-07-12,2021-07-12 06:45:00,25.0,0,dc2070bafeee3d5b4590839db5b774bf1a95f1bb09b6be8637cc037c0e87bee4,23.0,naive
2021-07-12,2021-07-12 07:00:00,31.0,0,dc2070bafeee3d5b4590839db5b774bf1a95f1bb09b6be8637cc037c0e87bee4,33.0,naive
2021-07-12,2021-07-12 07:15:00,40.0,0,dc2070bafeee3d5b4590839db5b774bf1a95f1bb09b6be8637cc037c0e87bee4,46.0,naive
2021-07-12,2021-07-12 07:30:00,66.0,0,dc2070bafeee3d5b4590839db5b774bf1a95f1bb09b6be8637cc037c0e87bee4,69.0,naive
2021-07-12,2021-07-12 07:45:00,123.0,0,dc2070bafeee3d5b4590839db5b774bf1a95f1bb09b6be8637cc037c0e87bee4,104.0,naive
2021-07-12,2021-07-12 08:00:00,153.0,522,dc2070bafeee3d5b4590839db5b774bf1a95f1bb09b6be8637cc037c0e87bee4,145.0,naive
2021-07-12,2021-07-12 08:15:00,196.0,522,dc2070bafeee3d5b4590839db5b774bf1a95f1bb09b6be8637cc037c0e87bee4,172.0,naive
2021-07-12,2021-07-12 08:30:00,198.0,522,dc2070bafeee3d5b4590839db5b774bf1a95f1bb09b6be8637cc037c0e87bee4,183.0,naive
2021-07-12,2021-07-12 08:45:00,195.0,522,dc2070bafeee3d5b4590839db5b774bf1a95f1bb09b6be8637cc037c0e87bee4,173.0,naive
2021-07-12,2021-07-12 09:00:00,195.0,498,dc2070bafeee3d5b4590839db5b774bf1a95f1bb09b6be8637cc037c0e87bee4,172.0,naive
2021-07-12,2021-07-12 09:15:00,192.0,498,dc2070bafeee3d5b4590839db5b774bf1a95f1bb09b6be8637cc037c0e87bee4,170.0,naive
2021-07-12,2021-07-12 09:30:00,187.0,498,dc2070bafeee3d5b4590839db5b774bf1a95f1bb09b6be8637cc037c0e87bee4,175.0,naive
2021-07-12,2021-07-12 09:45:00,191.0,498,dc2070bafeee3d5b4590839db5b774bf1a95f1bb09b6be8637cc037c0e87bee4,163.0,naive
2021-07-12,2021-07-12 10:00:00,149.0,1883,dc2070bafeee3d5b4590839db5b774bf1a95f1bb09b6be8637cc037c0e87bee4,148.0,naive
2021-07-12,2021-07-12 10:15:00,180.0,1883,dc2070bafeee3d5b4590839db5b774bf1a95f1bb09b6be8637cc037c0e87bee4,180.0,naive
2021-07-12,2021-07-12 10:30:00,183.0,1883,dc2070bafeee3d5b4590839db5b774bf1a95f1bb09b6be8637cc037c0e87bee4,179.0,naive
2021-07-12,2021-07-12 10:45:00,186.0,1883,dc2070bafeee3d5b4590839db5b774bf1a95f1bb09b6be8637cc037c0e87bee4,185.0,naive
2021-07-12,2021-07-12 11:00:00,188.0,1127,dc2070bafeee3d5b4590839db5b774bf1a95f1bb09b6be8637cc037c0e87bee4,185.0,naive
2021-07-12,2021-07-12 11:15:00,187.0,1127,dc2070bafeee3d5b4590839db5b774bf1a95f1bb09b6be8637cc037c0e87bee4,169.0,naive
2021-07-12,2021-07-12 11:30:00,187.0,1127,dc2070bafeee3d5b4590839db5b774bf1a95f1bb09b6be8637cc037c0e87bee4,168.0,naive
2021-07-12,2021-07-12 11:45:00,180.0,1127,dc2070bafeee3d5b4590839db5b774bf1a95f1bb09b6be8637cc037c0e87bee4,164.0,naive
2021-07-12,2021-07-12 12:00:00,134.0,194,dc2070bafeee3d5b4590839db5b774bf1a95f1bb09b6be8637cc037c0e87bee4,116.0,naive
2021-07-12,2021-07-12 12:15:00,115.0,194,dc2070bafeee3d5b4590839db5b774bf1a95f1bb09b6be8637cc037c0e87bee4,101.0,naive
2021-07-12,2021-07-12 12:30:00,107.0,194,dc2070bafeee3d5b4590839db5b774bf1a95f1bb09b6be8637cc037c0e87bee4,99.0,naive
2021-07-12,2021-07-12 12:45:00,103.0,194,dc2070bafeee3d5b4590839db5b774bf1a95f1bb09b6be8637cc037c0e87bee4,100.0,naive
2021-07-12,2021-07-12 13:00:00,146.0,676,dc2070bafeee3d5b4590839db5b774bf1a95f1bb09b6be8637cc037c0e87bee4,148.0,naive
2021-07-12,2021-07-12 13:15:00,169.0,676,dc2070bafeee3d5b4590839db5b774bf1a95f1bb09b6be8637cc037c0e87bee4,165.0,naive
2021-07-12,2021-07-12 13:30:00,178.0,676,dc2070bafeee3d5b4590839db5b774bf1a95f1bb09b6be8637cc037c0e87bee4,176.0,naive
2021-07-12,2021-07-12 13:45:00,174.0,676,dc2070bafeee3d5b4590839db5b774bf1a95f1bb09b6be8637cc037c0e87bee4,181.0,naive
2021-07-12,2021-07-12 14:00:00,177.0,5121,dc2070bafeee3d5b4590839db5b774bf1a95f1bb09b6be8637cc037c0e87bee4,169.0,naive
2021-07-12,2021-07-12 14:15:00,184.0,5121,dc2070bafeee3d5b4590839db5b774bf1a95f1bb09b6be8637cc037c0e87bee4,170.0,naive
2021-07-12,2021-07-12 14:30:00,185.0,5121,dc2070bafeee3d5b4590839db5b774bf1a95f1bb09b6be8637cc037c0e87bee4,167.0,naive
2021-07-12,2021-07-12 14:45:00,190.0,5121,dc2070bafeee3d5b4590839db5b774bf1a95f1bb09b6be8637cc037c0e87bee4,168.0,naive
2021-07-12,2021-07-12 15:00:00,143.0,1018,dc2070bafeee3d5b4590839db5b774bf1a95f1bb09b6be8637cc037c0e87bee4,141.0,naive
2021-07-12,2021-07-12 15:15:00,143.0,1018,dc2070bafeee3d5b4590839db5b774bf1a95f1bb09b6be8637cc037c0e87bee4,140.0,naive
2021-07-12,2021-07-12 15:30:00,182.0,1018,dc2070bafeee3d5b4590839db5b774bf1a95f1bb09b6be8637cc037c0e87bee4,174.0,naive
2021-07-12,2021-07-12 15:45:00,188.0,1018,dc2070bafeee3d5b4590839db5b774bf1a95f1bb09b6be8637cc037c0e87bee4,183.0,naive
2021-07-12,2021-07-12 16:00:00,177.0,1233,dc2070bafeee3d5b4590839db5b774bf1a95f1bb09b6be8637cc037c0e87bee4,173.0,naive
2021-07-12,2021-07-12 16:15:00,164.0,1233,dc2070bafeee3d5b4590839db5b774bf1a95f1bb09b6be8637cc037c0e87bee4,156.0,naive
2021-07-12,2021-07-12 16:30:00,177.0,1233,dc2070bafeee3d5b4590839db5b774bf1a95f1bb09b6be8637cc037c0e87bee4,151.0,naive
2021-07-12,2021-07-12 16:45:00,177.0,1233,dc2070bafeee3d5b4590839db5b774bf1a95f1bb09b6be8637cc037c0e87bee4,153.0,naive
2021-07-12,2021-07-12 17:00:00,125.0,509,dc2070bafeee3d5b4590839db5b774bf1a95f1bb09b6be8637cc037c0e87bee4,128.0,naive
2021-07-12,2021-07-12 17:15:00,105.0,509,dc2070bafeee3d5b4590839db5b774bf1a95f1bb09b6be8637cc037c0e87bee4,115.0,naive
2021-07-12,2021-07-12 17:30:00,147.0,509,dc2070bafeee3d5b4590839db5b774bf1a95f1bb09b6be8637cc037c0e87bee4,133.0,naive
2021-07-12,2021-07-12 17:45:00,173.0,509,dc2070bafeee3d5b4590839db5b774bf1a95f1bb09b6be8637cc037c0e87bee4,140.0,naive
2021-07-12,2021-07-12 18:00:00,164.0,1047,dc2070bafeee3d5b4590839db5b774bf1a95f1bb09b6be8637cc037c0e87bee4,153.0,naive
2021-07-12,2021-07-12 18:15:00,153.0,1047,dc2070bafeee3d5b4590839db5b774bf1a95f1bb09b6be8637cc037c0e87bee4,156.0,naive
2021-07-12,2021-07-12 18:30:00,162.0,1047,dc2070bafeee3d5b4590839db5b774bf1a95f1bb09b6be8637cc037c0e87bee4,163.0,naive
2021-07-12,2021-07-12 18:45:00,149.0,1047,dc2070bafeee3d5b4590839db5b774bf1a95f1bb09b6be8637cc037c0e87bee4,158.0,naive
2021-07-12,2021-07-12 19:00:00,158.0,2885,dc2070bafeee3d5b4590839db5b774bf1a95f1bb09b6be8637cc037c0e87bee4,153.0,naive
2021-07-12,2021-07-12 19:15:00,175.0,2885,dc2070bafeee3d5b4590839db5b774bf1a95f1bb09b6be8637cc037c0e87bee4,141.0,naive
2021-07-12,2021-07-12 19:30:00,165.0,2885,dc2070bafeee3d5b4590839db5b774bf1a95f1bb09b6be8637cc037c0e87bee4,141.0,naive
2021-07-12,2021-07-12 19:45:00,129.0,2885,dc2070bafeee3d5b4590839db5b774bf1a95f1bb09b6be8637cc037c0e87bee4,122.0,naive
2021-07-12,2021-07-12 20:00:00,117.0,6,dc2070bafeee3d5b4590839db5b774bf1a95f1bb09b6be8637cc037c0e87bee4,113.0,naive
2021-07-12,2021-07-12 20:15:00,119.0,6,dc2070bafeee3d5b4590839db5b774bf1a95f1bb09b6be8637cc037c0e87bee4,111.0,naive
2021-07-12,2021-07-12 20:30:00,136.0,6,dc2070bafeee3d5b4590839db5b774bf1a95f1bb09b6be8637cc037c0e87bee4,126.0,naive
2021-07-12,2021-07-12 20:45:00,127.0,6,dc2070bafeee3d5b4590839db5b774bf1a95f1bb09b6be8637cc037c0e87bee4,130.0,naive
2021-07-12,2021-07-12 21:00:00,119.0,217,dc2070bafeee3d5b4590839db5b774bf1a95f1bb09b6be8637cc037c0e87bee4,124.0,naive
2021-07-12,2021-07-12 21:15:00,133.0,217,dc2070bafeee3d5b4590839db5b774bf1a95f1bb09b6be8637cc037c0e87bee4,122.0,naive
2021-07-12,2021-07-12 21:30:00,120.0,217,dc2070bafeee3d5b4590839db5b774bf1a95f1bb09b6be8637cc037c0e87bee4,110.0,naive
2021-07-12,2021-07-12 21:45:00,106.0,217,dc2070bafeee3d5b4590839db5b774bf1a95f1bb09b6be8637cc037c0e87bee4,110.0,naive
2021-07-12,2021-07-12 22:00:00,104.0,28,dc2070bafeee3d5b4590839db5b774bf1a95f1bb09b6be8637cc037c0e87bee4,94.0,naive
2021-07-12,2021-07-12 22:15:00,120.0,28,dc2070bafeee3d5b4590839db5b774bf1a95f1bb09b6be8637cc037c0e87bee4,100.0,naive
2021-07-12,2021-07-12 22:30:00,125.0,28,dc2070bafeee3d5b4590839db5b774bf1a95f1bb09b6be8637cc037c0e87bee4,108.0,naive
2021-07-12,2021-07-12 22:45:00,113.0,28,dc2070bafeee3d5b4590839db5b774bf1a95f1bb09b6be8637cc037c0e87bee4,115.0,naive
2021-07-12,2021-07-12 23:00:00,112.0,79,dc2070bafeee3d5b4590839db5b774bf1a95f1bb09b6be8637cc037c0e87bee4,116.0,naive
2021-07-12,2021-07-12 23:15:00,115.0,79,dc2070bafeee3d5b4590839db5b774bf1a95f1bb09b6be8637cc037c0e87bee4,107.0,naive
2021-07-12,2021-07-12 23:30:00,105.0,79,dc2070bafeee3d5b4590839db5b774bf1a95f1bb09b6be8637cc037c0e87bee4,100.0,naive
2021-07-12,2021-07-12 23:45:00,79.0,79,dc2070bafeee3d5b4590839db5b774bf1a95f1bb09b6be8637cc037c0e87bee4,83.0,naive
2021-07-14,2021-07-14 00:00:00,75.0,327,bd20b52bd77c9eaf41494db9c761093acb96a6188658527ed298117049dccbc4,89.0,naive
2021-07-14,2021-07-14 00:15:00,71.0,327,bd20b52bd77c9eaf41494db9c761093acb96a6188658527ed298117049dccbc4,72.0,naive
2021-07-14,2021-07-14 00:30:00,73.0,327,bd20b52bd77c9eaf41494db9c761093acb96a6188658527ed298117049dccbc4,71.0,naive
2021-07-14,2021-07-14 00:45:00,72.0,327,bd20b52bd77c9eaf41494db9c761093acb96a6188658527ed298117049dccbc4,70.0,naive
2021-07-14,2021-07-14 01:00:00,90.0,166,bd20b52bd77c9eaf41494db9c761093acb96a6188658527ed298117049dccbc4,91.0,naive
2021-07-14,2021-07-14 01:15:00,112.0,166,bd20b52bd77c9eaf41494db9c761093acb96a6188658527ed298117049dccbc4,97.0,naive
2021-07-14,2021-07-14 01:30:00,107.0,166,bd20b52bd77c9eaf41494db9c761093acb96a6188658527ed298117049dccbc4,106.0,naive
2021-07-14,2021-07-14 01:45:00,99.0,166,bd20b52bd77c9eaf41494db9c761093acb96a6188658527ed298117049dccbc4,112.0,naive
2021-07-14,2021-07-14 02:00:00,109.0,354,bd20b52bd77c9eaf41494db9c761093acb96a6188658527ed298117049dccbc4,106.0,naive
2021-07-14,2021-07-14 02:15:00,108.0,354,bd20b52bd77c9eaf41494db9c761093acb96a6188658527ed298117049dccbc4,106.0,naive
2021-07-14,2021-07-14 02:30:00,107.0,354,bd20b52bd77c9eaf41494db9c761093acb96a6188658527ed298117049dccbc4,107.0,naive
2021-07-14,2021-07-14 02:45:00,97.0,354,bd20b52bd77c9eaf41494db9c761093acb96a6188658527ed298117049dccbc4,105.0,naive
2021-07-14,2021-07-14 03:00:00,86.0,111,bd20b52bd77c9eaf41494db9c761093acb96a6188658527ed298117049dccbc4,107.0,naive
2021-07-14,2021-07-14 03:15:00,100.0,111,bd20b52bd77c9eaf41494db9c761093acb96a6188658527ed298117049dccbc4,109.0,naive
2021-07-14,2021-07-14 03:30:00,114.0,111,bd20b52bd77c9eaf41494db9c761093acb96a6188658527ed298117049dccbc4,115.0,naive
2021-07-14,2021-07-14 03:45:00,109.0,111,bd20b52bd77c9eaf41494db9c761093acb96a6188658527ed298117049dccbc4,109.0,naive
2021-07-14,2021-07-14 04:00:00,106.0,66,bd20b52bd77c9eaf41494db9c761093acb96a6188658527ed298117049dccbc4,108.0,naive
2021-07-14,2021-07-14 04:15:00,107.0,66,bd20b52bd77c9eaf41494db9c761093acb96a6188658527ed298117049dccbc4,105.0,naive
2021-07-14,2021-07-14 04:30:00,105.0,66,bd20b52bd77c9eaf41494db9c761093acb96a6188658527ed298117049dccbc4,104.0,naive
2021-07-14,2021-07-14 04:45:00,103.0,66,bd20b52bd77c9eaf41494db9c761093acb96a6188658527ed298117049dccbc4,108.0,naive
2021-07-14,2021-07-14 05:00:00,81.0,0,bd20b52bd77c9eaf41494db9c761093acb96a6188658527ed298117049dccbc4,95.0,naive
2021-07-14,2021-07-14 05:15:00,73.0,0,bd20b52bd77c9eaf41494db9c761093acb96a6188658527ed298117049dccbc4,85.0,naive
2021-07-14,2021-07-14 05:30:00,88.0,0,bd20b52bd77c9eaf41494db9c761093acb96a6188658527ed298117049dccbc4,96.0,naive
2021-07-14,2021-07-14 05:45:00,115.0,0,bd20b52bd77c9eaf41494db9c761093acb96a6188658527ed298117049dccbc4,101.0,naive
2021-07-14,2021-07-14 06:00:00,112.0,45,bd20b52bd77c9eaf41494db9c761093acb96a6188658527ed298117049dccbc4,101.0,naive
2021-07-14,2021-07-14 06:15:00,100.0,45,bd20b52bd77c9eaf41494db9c761093acb96a6188658527ed298117049dccbc4,106.0,naive
2021-07-14,2021-07-14 06:30:00,100.0,45,bd20b52bd77c9eaf41494db9c761093acb96a6188658527ed298117049dccbc4,101.0,naive
2021-07-14,2021-07-14 06:45:00,110.0,45,bd20b52bd77c9eaf41494db9c761093acb96a6188658527ed298117049dccbc4,100.0,naive
2021-07-14,2021-07-14 07:00:00,111.0,582,bd20b52bd77c9eaf41494db9c761093acb96a6188658527ed298117049dccbc4,114.0,naive
2021-07-14,2021-07-14 07:15:00,126.0,582,bd20b52bd77c9eaf41494db9c761093acb96a6188658527ed298117049dccbc4,122.0,naive
2021-07-14,2021-07-14 07:30:00,154.0,582,bd20b52bd77c9eaf41494db9c761093acb96a6188658527ed298117049dccbc4,138.0,naive
2021-07-14,2021-07-14 07:45:00,137.0,582,bd20b52bd77c9eaf41494db9c761093acb96a6188658527ed298117049dccbc4,145.0,naive
2021-07-14,2021-07-14 08:00:00,157.0,530,bd20b52bd77c9eaf41494db9c761093acb96a6188658527ed298117049dccbc4,157.0,naive
2021-07-14,2021-07-14 08:15:00,186.0,530,bd20b52bd77c9eaf41494db9c761093acb96a6188658527ed298117049dccbc4,172.0,naive
2021-07-14,2021-07-14 08:30:00,186.0,530,bd20b52bd77c9eaf41494db9c761093acb96a6188658527ed298117049dccbc4,192.0,naive
2021-07-14,2021-07-14 08:45:00,186.0,530,bd20b52bd77c9eaf41494db9c761093acb96a6188658527ed298117049dccbc4,203.0,naive
2021-07-14,2021-07-14 09:00:00,177.0,1304,bd20b52bd77c9eaf41494db9c761093acb96a6188658527ed298117049dccbc4,187.0,naive
2021-07-14,2021-07-14 09:15:00,180.0,1304,bd20b52bd77c9eaf41494db9c761093acb96a6188658527ed298117049dccbc4,182.0,naive
2021-07-14,2021-07-14 09:30:00,195.0,1304,bd20b52bd77c9eaf41494db9c761093acb96a6188658527ed298117049dccbc4,168.0,naive
2021-07-14,2021-07-14 09:45:00,188.0,1304,bd20b52bd77c9eaf41494db9c761093acb96a6188658527ed298117049dccbc4,175.0,naive
2021-07-14,2021-07-14 10:00:00,158.0,1851,bd20b52bd77c9eaf41494db9c761093acb96a6188658527ed298117049dccbc4,152.0,naive
2021-07-14,2021-07-14 10:15:00,182.0,1851,bd20b52bd77c9eaf41494db9c761093acb96a6188658527ed298117049dccbc4,185.0,naive
2021-07-14,2021-07-14 10:30:00,185.0,1851,bd20b52bd77c9eaf41494db9c761093acb96a6188658527ed298117049dccbc4,186.0,naive
2021-07-14,2021-07-14 10:45:00,173.0,1851,bd20b52bd77c9eaf41494db9c761093acb96a6188658527ed298117049dccbc4,171.0,naive
2021-07-14,2021-07-14 11:00:00,182.0,1796,bd20b52bd77c9eaf41494db9c761093acb96a6188658527ed298117049dccbc4,172.0,naive
2021-07-14,2021-07-14 11:15:00,193.0,1796,bd20b52bd77c9eaf41494db9c761093acb96a6188658527ed298117049dccbc4,183.0,naive
2021-07-14,2021-07-14 11:30:00,189.0,1796,bd20b52bd77c9eaf41494db9c761093acb96a6188658527ed298117049dccbc4,181.0,naive
2021-07-14,2021-07-14 11:45:00,177.0,1796,bd20b52bd77c9eaf41494db9c761093acb96a6188658527ed298117049dccbc4,174.0,naive
2021-07-14,2021-07-14 12:00:00,110.0,88,bd20b52bd77c9eaf41494db9c761093acb96a6188658527ed298117049dccbc4,131.0,naive
2021-07-14,2021-07-14 12:15:00,94.0,88,bd20b52bd77c9eaf41494db9c761093acb96a6188658527ed298117049dccbc4,105.0,naive
2021-07-14,2021-07-14 12:30:00,96.0,88,bd20b52bd77c9eaf41494db9c761093acb96a6188658527ed298117049dccbc4,104.0,naive
2021-07-14,2021-07-14 12:45:00,97.0,88,bd20b52bd77c9eaf41494db9c761093acb96a6188658527ed298117049dccbc4,106.0,naive
2021-07-14,2021-07-14 13:00:00,143.0,1564,bd20b52bd77c9eaf41494db9c761093acb96a6188658527ed298117049dccbc4,146.0,naive
2021-07-14,2021-07-14 13:15:00,179.0,1564,bd20b52bd77c9eaf41494db9c761093acb96a6188658527ed298117049dccbc4,178.0,naive
2021-07-14,2021-07-14 13:30:00,168.0,1564,bd20b52bd77c9eaf41494db9c761093acb96a6188658527ed298117049dccbc4,185.0,naive
2021-07-14,2021-07-14 13:45:00,173.0,1564,bd20b52bd77c9eaf41494db9c761093acb96a6188658527ed298117049dccbc4,182.0,naive
2021-07-14,2021-07-14 14:00:00,186.0,1154,bd20b52bd77c9eaf41494db9c761093acb96a6188658527ed298117049dccbc4,185.0,naive
2021-07-14,2021-07-14 14:15:00,176.0,1154,bd20b52bd77c9eaf41494db9c761093acb96a6188658527ed298117049dccbc4,181.0,naive
2021-07-14,2021-07-14 14:30:00,170.0,1154,bd20b52bd77c9eaf41494db9c761093acb96a6188658527ed298117049dccbc4,167.0,naive
2021-07-14,2021-07-14 14:45:00,179.0,1154,bd20b52bd77c9eaf41494db9c761093acb96a6188658527ed298117049dccbc4,167.0,naive
2021-07-14,2021-07-14 15:00:00,141.0,587,bd20b52bd77c9eaf41494db9c761093acb96a6188658527ed298117049dccbc4,144.0,naive
2021-07-14,2021-07-14 15:15:00,123.0,587,bd20b52bd77c9eaf41494db9c761093acb96a6188658527ed298117049dccbc4,138.0,naive
2021-07-14,2021-07-14 15:30:00,136.0,587,bd20b52bd77c9eaf41494db9c761093acb96a6188658527ed298117049dccbc4,176.0,naive
2021-07-14,2021-07-14 15:45:00,136.0,587,bd20b52bd77c9eaf41494db9c761093acb96a6188658527ed298117049dccbc4,173.0,naive
2021-07-14,2021-07-14 16:00:00,155.0,1732,bd20b52bd77c9eaf41494db9c761093acb96a6188658527ed298117049dccbc4,178.0,naive
2021-07-14,2021-07-14 16:15:00,150.0,1732,bd20b52bd77c9eaf41494db9c761093acb96a6188658527ed298117049dccbc4,181.0,naive
2021-07-14,2021-07-14 16:30:00,156.0,1732,bd20b52bd77c9eaf41494db9c761093acb96a6188658527ed298117049dccbc4,174.0,naive
2021-07-14,2021-07-14 16:45:00,156.0,1732,bd20b52bd77c9eaf41494db9c761093acb96a6188658527ed298117049dccbc4,175.0,naive
2021-07-14,2021-07-14 17:00:00,125.0,2473,bd20b52bd77c9eaf41494db9c761093acb96a6188658527ed298117049dccbc4,120.0,naive
2021-07-14,2021-07-14 17:15:00,110.0,2473,bd20b52bd77c9eaf41494db9c761093acb96a6188658527ed298117049dccbc4,98.0,naive
2021-07-14,2021-07-14 17:30:00,145.0,2473,bd20b52bd77c9eaf41494db9c761093acb96a6188658527ed298117049dccbc4,156.0,naive
2021-07-14,2021-07-14 17:45:00,179.0,2473,bd20b52bd77c9eaf41494db9c761093acb96a6188658527ed298117049dccbc4,179.0,naive
2021-07-14,2021-07-14 18:00:00,169.0,283,bd20b52bd77c9eaf41494db9c761093acb96a6188658527ed298117049dccbc4,169.0,naive
2021-07-14,2021-07-14 18:15:00,164.0,283,bd20b52bd77c9eaf41494db9c761093acb96a6188658527ed298117049dccbc4,173.0,naive
2021-07-14,2021-07-14 18:30:00,163.0,283,bd20b52bd77c9eaf41494db9c761093acb96a6188658527ed298117049dccbc4,165.0,naive
2021-07-14,2021-07-14 18:45:00,163.0,283,bd20b52bd77c9eaf41494db9c761093acb96a6188658527ed298117049dccbc4,167.0,naive
2021-07-14,2021-07-14 19:00:00,148.0,1793,bd20b52bd77c9eaf41494db9c761093acb96a6188658527ed298117049dccbc4,164.0,naive
2021-07-14,2021-07-14 19:15:00,148.0,1793,bd20b52bd77c9eaf41494db9c761093acb96a6188658527ed298117049dccbc4,169.0,naive
2021-07-14,2021-07-14 19:30:00,142.0,1793,bd20b52bd77c9eaf41494db9c761093acb96a6188658527ed298117049dccbc4,159.0,naive
2021-07-14,2021-07-14 19:45:00,114.0,1793,bd20b52bd77c9eaf41494db9c761093acb96a6188658527ed298117049dccbc4,134.0,naive
2021-07-14,2021-07-14 20:00:00,110.0,268,bd20b52bd77c9eaf41494db9c761093acb96a6188658527ed298117049dccbc4,106.0,naive
2021-07-14,2021-07-14 20:15:00,120.0,268,bd20b52bd77c9eaf41494db9c761093acb96a6188658527ed298117049dccbc4,127.0,naive
2021-07-14,2021-07-14 20:30:00,111.0,268,bd20b52bd77c9eaf41494db9c761093acb96a6188658527ed298117049dccbc4,124.0,naive
2021-07-14,2021-07-14 20:45:00,106.0,268,bd20b52bd77c9eaf41494db9c761093acb96a6188658527ed298117049dccbc4,109.0,naive
2021-07-14,2021-07-14 21:00:00,113.0,58,bd20b52bd77c9eaf41494db9c761093acb96a6188658527ed298117049dccbc4,117.0,naive
2021-07-14,2021-07-14 21:15:00,110.0,58,bd20b52bd77c9eaf41494db9c761093acb96a6188658527ed298117049dccbc4,120.0,naive
2021-07-14,2021-07-14 21:30:00,112.0,58,bd20b52bd77c9eaf41494db9c761093acb96a6188658527ed298117049dccbc4,110.0,naive
2021-07-14,2021-07-14 21:45:00,111.0,58,bd20b52bd77c9eaf41494db9c761093acb96a6188658527ed298117049dccbc4,113.0,naive
2021-07-14,2021-07-14 22:00:00,101.0,51,bd20b52bd77c9eaf41494db9c761093acb96a6188658527ed298117049dccbc4,87.0,naive
2021-07-14,2021-07-14 22:15:00,115.0,51,bd20b52bd77c9eaf41494db9c761093acb96a6188658527ed298117049dccbc4,105.0,naive
2021-07-14,2021-07-14 22:30:00,113.0,51,bd20b52bd77c9eaf41494db9c761093acb96a6188658527ed298117049dccbc4,112.0,naive
2021-07-14,2021-07-14 22:45:00,112.0,51,bd20b52bd77c9eaf41494db9c761093acb96a6188658527ed298117049dccbc4,113.0,naive
2021-07-14,2021-07-14 23:00:00,109.0,70,bd20b52bd77c9eaf41494db9c761093acb96a6188658527ed298117049dccbc4,110.0,naive
2021-07-14,2021-07-14 23:15:00,112.0,70,bd20b52bd77c9eaf41494db9c761093acb96a6188658527ed298117049dccbc4,107.0,naive
2021-07-14,2021-07-14 23:30:00,112.0,70,bd20b52bd77c9eaf41494db9c761093acb96a6188658527ed298117049dccbc4,97.0,naive
2021-07-14,2021-07-14 23:45:00,83.0,70,bd20b52bd77c9eaf41494db9c761093acb96a6188658527ed298117049dccbc4,105.0,naive
2021-07-16,2021-07-16 00:00:00,67.0,36,49683028352627f022e574c2b765a51389e996fecec24567cb215b0e57aaff5b,78.0,naive
2021-07-16,2021-07-16 00:15:00,65.0,36,49683028352627f022e574c2b765a51389e996fecec24567cb215b0e57aaff5b,72.0,naive
2021-07-16,2021-07-16 00:30:00,64.0,36,49683028352627f022e574c2b765a51389e996fecec24567cb215b0e57aaff5b,72.0,naive
2021-07-16,2021-07-16 00:45:00,65.0,36,49683028352627f022e574c2b765a51389e996fecec24567cb215b0e57aaff5b,71.0,naive
2021-07-16,2021-07-16 01:00:00,95.0,74,49683028352627f022e574c2b765a51389e996fecec24567cb215b0e57aaff5b,94.0,naive
2021-07-16,2021-07-16 01:15:00,96.0,74,49683028352627f022e574c2b765a51389e996fecec24567cb215b0e57aaff5b,105.0,naive
2021-07-16,2021-07-16 01:30:00,100.0,74,49683028352627f022e574c2b765a51389e996fecec24567cb215b0e57aaff5b,104.0,naive
2021-07-16,2021-07-16 01:45:00,92.0,74,49683028352627f022e574c2b765a51389e996fecec24567cb215b0e57aaff5b,105.0,naive
2021-07-16,2021-07-16 02:00:00,99.0,37,49683028352627f022e574c2b765a51389e996fecec24567cb215b0e57aaff5b,105.0,naive
2021-07-16,2021-07-16 02:15:00,103.0,37,49683028352627f022e574c2b765a51389e996fecec24567cb215b0e57aaff5b,111.0,naive
2021-07-16,2021-07-16 02:30:00,101.0,37,49683028352627f022e574c2b765a51389e996fecec24567cb215b0e57aaff5b,114.0,naive
2021-07-16,2021-07-16 02:45:00,102.0,37,49683028352627f022e574c2b765a51389e996fecec24567cb215b0e57aaff5b,108.0,naive
2021-07-16,2021-07-16 03:00:00,98.0,175,49683028352627f022e574c2b765a51389e996fecec24567cb215b0e57aaff5b,86.0,naive
2021-07-16,2021-07-16 03:15:00,114.0,175,49683028352627f022e574c2b765a51389e996fecec24567cb215b0e57aaff5b,101.0,naive
2021-07-16,2021-07-16 03:30:00,106.0,175,49683028352627f022e574c2b765a51389e996fecec24567cb215b0e57aaff5b,98.0,naive
2021-07-16,2021-07-16 03:45:00,108.0,175,49683028352627f022e574c2b765a51389e996fecec24567cb215b0e57aaff5b,109.0,naive
2021-07-16,2021-07-16 04:00:00,109.0,211,49683028352627f022e574c2b765a51389e996fecec24567cb215b0e57aaff5b,105.0,naive
2021-07-16,2021-07-16 04:15:00,106.0,211,49683028352627f022e574c2b765a51389e996fecec24567cb215b0e57aaff5b,105.0,naive
2021-07-16,2021-07-16 04:30:00,105.0,211,49683028352627f022e574c2b765a51389e996fecec24567cb215b0e57aaff5b,106.0,naive
2021-07-16,2021-07-16 04:45:00,102.0,211,49683028352627f022e574c2b765a51389e996fecec24567cb215b0e57aaff5b,99.0,naive
2021-07-16,2021-07-16 05:00:00,80.0,92,49683028352627f022e574c2b765a51389e996fecec24567cb215b0e57aaff5b,99.0,naive
2021-07-16,2021-07-16 05:15:00,74.0,92,49683028352627f022e574c2b765a51389e996fecec24567cb215b0e57aaff5b,85.0,naive
2021-07-16,2021-07-16 05:30:00,89.0,92,49683028352627f022e574c2b765a51389e996fecec24567cb215b0e57aaff5b,104.0,naive
2021-07-16,2021-07-16 05:45:00,107.0,92,49683028352627f022e574c2b765a51389e996fecec24567cb215b0e57aaff5b,105.0,naive
2021-07-16,2021-07-16 06:00:00,108.0,304,49683028352627f022e574c2b765a51389e996fecec24567cb215b0e57aaff5b,109.0,naive
2021-07-16,2021-07-16 06:15:00,109.0,304,49683028352627f022e574c2b765a51389e996fecec24567cb215b0e57aaff5b,109.0,naive
2021-07-16,2021-07-16 06:30:00,98.0,304,49683028352627f022e574c2b765a51389e996fecec24567cb215b0e57aaff5b,125.0,naive
2021-07-16,2021-07-16 06:45:00,109.0,304,49683028352627f022e574c2b765a51389e996fecec24567cb215b0e57aaff5b,110.0,naive
2021-07-16,2021-07-16 07:00:00,107.0,563,49683028352627f022e574c2b765a51389e996fecec24567cb215b0e57aaff5b,113.0,naive
2021-07-16,2021-07-16 07:15:00,120.0,563,49683028352627f022e574c2b765a51389e996fecec24567cb215b0e57aaff5b,128.0,naive
2021-07-16,2021-07-16 07:30:00,157.0,563,49683028352627f022e574c2b765a51389e996fecec24567cb215b0e57aaff5b,150.0,naive
2021-07-16,2021-07-16 07:45:00,157.0,563,49683028352627f022e574c2b765a51389e996fecec24567cb215b0e57aaff5b,156.0,naive
2021-07-16,2021-07-16 08:00:00,177.0,555,49683028352627f022e574c2b765a51389e996fecec24567cb215b0e57aaff5b,154.0,naive
2021-07-16,2021-07-16 08:15:00,193.0,555,49683028352627f022e574c2b765a51389e996fecec24567cb215b0e57aaff5b,170.0,naive
2021-07-16,2021-07-16 08:30:00,194.0,555,49683028352627f022e574c2b765a51389e996fecec24567cb215b0e57aaff5b,188.0,naive
2021-07-16,2021-07-16 08:45:00,182.0,555,49683028352627f022e574c2b765a51389e996fecec24567cb215b0e57aaff5b,183.0,naive
2021-07-16,2021-07-16 09:00:00,190.0,1863,49683028352627f022e574c2b765a51389e996fecec24567cb215b0e57aaff5b,168.0,naive
2021-07-16,2021-07-16 09:15:00,173.0,1863,49683028352627f022e574c2b765a51389e996fecec24567cb215b0e57aaff5b,163.0,naive
2021-07-16,2021-07-16 09:30:00,188.0,1863,49683028352627f022e574c2b765a51389e996fecec24567cb215b0e57aaff5b,168.0,naive
2021-07-16,2021-07-16 09:45:00,189.0,1863,49683028352627f022e574c2b765a51389e996fecec24567cb215b0e57aaff5b,165.0,naive
2021-07-16,2021-07-16 10:00:00,130.0,4118,49683028352627f022e574c2b765a51389e996fecec24567cb215b0e57aaff5b,139.0,naive
2021-07-16,2021-07-16 10:15:00,171.0,4118,49683028352627f022e574c2b765a51389e996fecec24567cb215b0e57aaff5b,171.0,naive
2021-07-16,2021-07-16 10:30:00,187.0,4118,49683028352627f022e574c2b765a51389e996fecec24567cb215b0e57aaff5b,168.0,naive
2021-07-16,2021-07-16 10:45:00,187.0,4118,49683028352627f022e574c2b765a51389e996fecec24567cb215b0e57aaff5b,176.0,naive
2021-07-16,2021-07-16 11:00:00,177.0,1964,49683028352627f022e574c2b765a51389e996fecec24567cb215b0e57aaff5b,163.0,naive
2021-07-16,2021-07-16 11:15:00,182.0,1964,49683028352627f022e574c2b765a51389e996fecec24567cb215b0e57aaff5b,169.0,naive
2021-07-16,2021-07-16 11:30:00,194.0,1964,49683028352627f022e574c2b765a51389e996fecec24567cb215b0e57aaff5b,176.0,naive
2021-07-16,2021-07-16 11:45:00,197.0,1964,49683028352627f022e574c2b765a51389e996fecec24567cb215b0e57aaff5b,175.0,naive
2021-07-16,2021-07-16 12:00:00,128.0,248,49683028352627f022e574c2b765a51389e996fecec24567cb215b0e57aaff5b,112.0,naive
2021-07-16,2021-07-16 12:15:00,108.0,248,49683028352627f022e574c2b765a51389e996fecec24567cb215b0e57aaff5b,90.0,naive
2021-07-16,2021-07-16 12:30:00,110.0,248,49683028352627f022e574c2b765a51389e996fecec24567cb215b0e57aaff5b,97.0,naive
2021-07-16,2021-07-16 12:45:00,119.0,248,49683028352627f022e574c2b765a51389e996fecec24567cb215b0e57aaff5b,99.0,naive
2021-07-16,2021-07-16 13:00:00,154.0,2135,49683028352627f022e574c2b765a51389e996fecec24567cb215b0e57aaff5b,156.0,naive
2021-07-16,2021-07-16 13:15:00,176.0,2135,49683028352627f022e574c2b765a51389e996fecec24567cb215b0e57aaff5b,186.0,naive
2021-07-16,2021-07-16 13:30:00,177.0,2135,49683028352627f022e574c2b765a51389e996fecec24567cb215b0e57aaff5b,185.0,naive
2021-07-16,2021-07-16 13:45:00,181.0,2135,49683028352627f022e574c2b765a51389e996fecec24567cb215b0e57aaff5b,168.0,naive
2021-07-16,2021-07-16 14:00:00,161.0,2010,49683028352627f022e574c2b765a51389e996fecec24567cb215b0e57aaff5b,165.0,naive
2021-07-16,2021-07-16 14:15:00,147.0,2010,49683028352627f022e574c2b765a51389e996fecec24567cb215b0e57aaff5b,182.0,naive
2021-07-16,2021-07-16 14:30:00,173.0,2010,49683028352627f022e574c2b765a51389e996fecec24567cb215b0e57aaff5b,185.0,naive
2021-07-16,2021-07-16 14:45:00,181.0,2010,49683028352627f022e574c2b765a51389e996fecec24567cb215b0e57aaff5b,192.0,naive
2021-07-16,2021-07-16 15:00:00,134.0,1731,49683028352627f022e574c2b765a51389e996fecec24567cb215b0e57aaff5b,153.0,naive
2021-07-16,2021-07-16 15:15:00,133.0,1731,49683028352627f022e574c2b765a51389e996fecec24567cb215b0e57aaff5b,149.0,naive
2021-07-16,2021-07-16 15:30:00,189.0,1731,49683028352627f022e574c2b765a51389e996fecec24567cb215b0e57aaff5b,179.0,naive
2021-07-16,2021-07-16 15:45:00,176.0,1731,49683028352627f022e574c2b765a51389e996fecec24567cb215b0e57aaff5b,188.0,naive
2021-07-16,2021-07-16 16:00:00,178.0,2823,49683028352627f022e574c2b765a51389e996fecec24567cb215b0e57aaff5b,176.0,naive
2021-07-16,2021-07-16 16:15:00,176.0,2823,49683028352627f022e574c2b765a51389e996fecec24567cb215b0e57aaff5b,163.0,naive
2021-07-16,2021-07-16 16:30:00,149.0,2823,49683028352627f022e574c2b765a51389e996fecec24567cb215b0e57aaff5b,173.0,naive
2021-07-16,2021-07-16 16:45:00,156.0,2823,49683028352627f022e574c2b765a51389e996fecec24567cb215b0e57aaff5b,172.0,naive
2021-07-16,2021-07-16 17:00:00,114.0,2670,49683028352627f022e574c2b765a51389e996fecec24567cb215b0e57aaff5b,124.0,naive
2021-07-16,2021-07-16 17:15:00,106.0,2670,49683028352627f022e574c2b765a51389e996fecec24567cb215b0e57aaff5b,120.0,naive
2021-07-16,2021-07-16 17:30:00,157.0,2670,49683028352627f022e574c2b765a51389e996fecec24567cb215b0e57aaff5b,163.0,naive
2021-07-16,2021-07-16 17:45:00,176.0,2670,49683028352627f022e574c2b765a51389e996fecec24567cb215b0e57aaff5b,165.0,naive
2021-07-16,2021-07-16 18:00:00,168.0,1066,49683028352627f022e574c2b765a51389e996fecec24567cb215b0e57aaff5b,168.0,naive
2021-07-16,2021-07-16 18:15:00,155.0,1066,49683028352627f022e574c2b765a51389e996fecec24567cb215b0e57aaff5b,174.0,naive
2021-07-16,2021-07-16 18:30:00,156.0,1066,49683028352627f022e574c2b765a51389e996fecec24567cb215b0e57aaff5b,173.0,naive
2021-07-16,2021-07-16 18:45:00,151.0,1066,49683028352627f022e574c2b765a51389e996fecec24567cb215b0e57aaff5b,163.0,naive
2021-07-16,2021-07-16 19:00:00,143.0,1287,49683028352627f022e574c2b765a51389e996fecec24567cb215b0e57aaff5b,140.0,naive
2021-07-16,2021-07-16 19:15:00,141.0,1287,49683028352627f022e574c2b765a51389e996fecec24567cb215b0e57aaff5b,134.0,naive
2021-07-16,2021-07-16 19:30:00,146.0,1287,49683028352627f022e574c2b765a51389e996fecec24567cb215b0e57aaff5b,139.0,naive
2021-07-16,2021-07-16 19:45:00,115.0,1287,49683028352627f022e574c2b765a51389e996fecec24567cb215b0e57aaff5b,123.0,naive
2021-07-16,2021-07-16 20:00:00,104.0,16,49683028352627f022e574c2b765a51389e996fecec24567cb215b0e57aaff5b,97.0,naive
2021-07-16,2021-07-16 20:15:00,111.0,16,49683028352627f022e574c2b765a51389e996fecec24567cb215b0e57aaff5b,101.0,naive
2021-07-16,2021-07-16 20:30:00,123.0,16,49683028352627f022e574c2b765a51389e996fecec24567cb215b0e57aaff5b,106.0,naive
2021-07-16,2021-07-16 20:45:00,117.0,16,49683028352627f022e574c2b765a51389e996fecec24567cb215b0e57aaff5b,111.0,naive
2021-07-16,2021-07-16 21:00:00,117.0,45,49683028352627f022e574c2b765a51389e996fecec24567cb215b0e57aaff5b,106.0,naive
2021-07-16,2021-07-16 21:15:00,120.0,45,49683028352627f022e574c2b765a51389e996fecec24567cb215b0e57aaff5b,97.0,naive
2021-07-16,2021-07-16 21:30:00,111.0,45,49683028352627f022e574c2b765a51389e996fecec24567cb215b0e57aaff5b,101.0,naive
2021-07-16,2021-07-16 21:45:00,106.0,45,49683028352627f022e574c2b765a51389e996fecec24567cb215b0e57aaff5b,109.0,naive
2021-07-16,2021-07-16 22:00:00,94.0,59,49683028352627f022e574c2b765a51389e996fecec24567cb215b0e57aaff5b,91.0,naive
2021-07-16,2021-07-16 22:15:00,106.0,59,49683028352627f022e574c2b765a51389e996fecec24567cb215b0e57aaff5b,102.0,naive
2021-07-16,2021-07-16 22:30:00,112.0,59,49683028352627f022e574c2b765a51389e996fecec24567cb215b0e57aaff5b,111.0,naive
2021-07-16,2021-07-16 22:45:00,95.0,59,49683028352627f022e574c2b765a51389e996fecec24567cb215b0e57aaff5b,104.0,naive
2021-07-16,2021-07-16 23:00:00,118.0,330,49683028352627f022e574c2b765a51389e996fecec24567cb215b0e57aaff5b,93.0,naive
2021-07-16,2021-07-16 23:15:00,111.0,330,49683028352627f022e574c2b765a51389e996fecec24567cb215b0e57aaff5b,100.0,naive
2021-07-16,2021-07-16 23:30:00,99.0,330,49683028352627f022e574c2b765a51389e996fecec24567cb215b0e57aaff5b,106.0,naive
2021-07-16,2021-07-16 23:45:00,77.0,330,49683028352627f022e574c2b765a51389e996fecec24567cb215b0e57aaff5b,85.0,naive
2021-07-17,2021-07-17 00:00:00,66.0,21,a84ee64f6552390ac0ad141d30f0d65f16c1ffd6f8f093dec0a13e0638bd49de,70.0,naive
2021-07-17,2021-07-17 00:15:00,63.0,21,a84ee64f6552390ac0ad141d30f0d65f16c1ffd6f8f093dec0a13e0638bd49de,62.0,naive
2021-07-17,2021-07-17 00:30:00,62.0,21,a84ee64f6552390ac0ad141d30f0d65f16c1ffd6f8f093dec0a13e0638bd49de,64.0,naive
2021-07-17,2021-07-17 00:45:00,63.0,21,a84ee64f6552390ac0ad141d30f0d65f16c1ffd6f8f093dec0a13e0638bd49de,64.0,naive
2021-07-17,2021-07-17 01:00:00,90.0,130,a84ee64f6552390ac0ad141d30f0d65f16c1ffd6f8f093dec0a13e0638bd49de,89.0,naive
2021-07-17,2021-07-17 01:15:00,110.0,130,a84ee64f6552390ac0ad141d30f0d65f16c1ffd6f8f093dec0a13e0638bd49de,102.0,naive
2021-07-17,2021-07-17 01:30:00,102.0,130,a84ee64f6552390ac0ad141d30f0d65f16c1ffd6f8f093dec0a13e0638bd49de,98.0,naive
2021-07-17,2021-07-17 01:45:00,100.0,130,a84ee64f6552390ac0ad141d30f0d65f16c1ffd6f8f093dec0a13e0638bd49de,97.0,naive
2021-07-17,2021-07-17 02:00:00,105.0,426,a84ee64f6552390ac0ad141d30f0d65f16c1ffd6f8f093dec0a13e0638bd49de,100.0,naive
2021-07-17,2021-07-17 02:15:00,101.0,426,a84ee64f6552390ac0ad141d30f0d65f16c1ffd6f8f093dec0a13e0638bd49de,97.0,naive
2021-07-17,2021-07-17 02:30:00,92.0,426,a84ee64f6552390ac0ad141d30f0d65f16c1ffd6f8f093dec0a13e0638bd49de,96.0,naive
2021-07-17,2021-07-17 02:45:00,95.0,426,a84ee64f6552390ac0ad141d30f0d65f16c1ffd6f8f093dec0a13e0638bd49de,94.0,naive
2021-07-17,2021-07-17 03:00:00,85.0,108,a84ee64f6552390ac0ad141d30f0d65f16c1ffd6f8f093dec0a13e0638bd49de,85.0,naive
2021-07-17,2021-07-17 03:15:00,90.0,108,a84ee64f6552390ac0ad141d30f0d65f16c1ffd6f8f093dec0a13e0638bd49de,96.0,naive
2021-07-17,2021-07-17 03:30:00,99.0,108,a84ee64f6552390ac0ad141d30f0d65f16c1ffd6f8f093dec0a13e0638bd49de,100.0,naive
2021-07-17,2021-07-17 03:45:00,102.0,108,a84ee64f6552390ac0ad141d30f0d65f16c1ffd6f8f093dec0a13e0638bd49de,106.0,naive
2021-07-17,2021-07-17 04:00:00,97.0,95,a84ee64f6552390ac0ad141d30f0d65f16c1ffd6f8f093dec0a13e0638bd49de,106.0,naive
2021-07-17,2021-07-17 04:15:00,89.0,95,a84ee64f6552390ac0ad141d30f0d65f16c1ffd6f8f093dec0a13e0638bd49de,96.0,naive
2021-07-17,2021-07-17 04:30:00,96.0,95,a84ee64f6552390ac0ad141d30f0d65f16c1ffd6f8f093dec0a13e0638bd49de,99.0,naive
2021-07-17,2021-07-17 04:45:00,103.0,95,a84ee64f6552390ac0ad141d30f0d65f16c1ffd6f8f093dec0a13e0638bd49de,98.0,naive
2021-07-17,2021-07-17 05:00:00,77.0,63,a84ee64f6552390ac0ad141d30f0d65f16c1ffd6f8f093dec0a13e0638bd49de,83.0,naive
2021-07-17,2021-07-17 05:15:00,64.0,63,a84ee64f6552390ac0ad141d30f0d65f16c1ffd6f8f093dec0a13e0638bd49de,69.0,naive
2021-07-17,2021-07-17 05:30:00,87.0,63,a84ee64f6552390ac0ad141d30f0d65f16c1ffd6f8f093dec0a13e0638bd49de,84.0,naive
2021-07-17,2021-07-17 05:45:00,108.0,63,a84ee64f6552390ac0ad141d30f0d65f16c1ffd6f8f093dec0a13e0638bd49de,97.0,naive
2021-07-17,2021-07-17 06:00:00,96.0,30,a84ee64f6552390ac0ad141d30f0d65f16c1ffd6f8f093dec0a13e0638bd49de,103.0,naive
2021-07-17,2021-07-17 06:15:00,76.0,30,a84ee64f6552390ac0ad141d30f0d65f16c1ffd6f8f093dec0a13e0638bd49de,102.0,naive
2021-07-17,2021-07-17 06:30:00,81.0,30,a84ee64f6552390ac0ad141d30f0d65f16c1ffd6f8f093dec0a13e0638bd49de,104.0,naive
2021-07-17,2021-07-17 06:45:00,87.0,30,a84ee64f6552390ac0ad141d30f0d65f16c1ffd6f8f093dec0a13e0638bd49de,94.0,naive
2021-07-17,2021-07-17 07:00:00,88.0,994,a84ee64f6552390ac0ad141d30f0d65f16c1ffd6f8f093dec0a13e0638bd49de,105.0,naive
2021-07-17,2021-07-17 07:15:00,73.0,994,a84ee64f6552390ac0ad141d30f0d65f16c1ffd6f8f093dec0a13e0638bd49de,91.0,naive
2021-07-17,2021-07-17 07:30:00,40.0,994,a84ee64f6552390ac0ad141d30f0d65f16c1ffd6f8f093dec0a13e0638bd49de,69.0,naive
2021-07-17,2021-07-17 07:45:00,28.0,994,a84ee64f6552390ac0ad141d30f0d65f16c1ffd6f8f093dec0a13e0638bd49de,34.0,naive
2021-07-17,2021-07-17 08:00:00,25.0,0,a84ee64f6552390ac0ad141d30f0d65f16c1ffd6f8f093dec0a13e0638bd49de,26.0,naive
2021-07-17,2021-07-17 08:15:00,27.0,0,a84ee64f6552390ac0ad141d30f0d65f16c1ffd6f8f093dec0a13e0638bd49de,27.0,naive
2021-07-17,2021-07-17 08:30:00,24.0,0,a84ee64f6552390ac0ad141d30f0d65f16c1ffd6f8f093dec0a13e0638bd49de,26.0,naive
2021-07-17,2021-07-17 08:45:00,23.0,0,a84ee64f6552390ac0ad141d30f0d65f16c1ffd6f8f093dec0a13e0638bd49de,26.0,naive
2021-07-17,2021-07-17 09:00:00,23.0,0,a84ee64f6552390ac0ad141d30f0d65f16c1ffd6f8f093dec0a13e0638bd49de,27.0,naive
2021-07-17,2021-07-17 09:15:00,23.0,0,a84ee64f6552390ac0ad141d30f0d65f16c1ffd6f8f093dec0a13e0638bd49de,27.0,naive
2021-07-17,2021-07-17 09:30:00,22.0,0,a84ee64f6552390ac0ad141d30f0d65f16c1ffd6f8f093dec0a13e0638bd49de,27.0,naive
2021-07-17,2021-07-17 09:45:00,24.0,0,a84ee64f6552390ac0ad141d30f0d65f16c1ffd6f8f093dec0a13e0638bd49de,26.0,naive
2021-07-17,2021-07-17 10:00:00,24.0,0,a84ee64f6552390ac0ad141d30f0d65f16c1ffd6f8f093dec0a13e0638bd49de,27.0,naive
2021-07-17,2021-07-17 10:15:00,23.0,0,a84ee64f6552390ac0ad141d30f0d65f16c1ffd6f8f093dec0a13e0638bd49de,32.0,naive
2021-07-17,2021-07-17 10:30:00,23.0,0,a84ee64f6552390ac0ad141d30f0d65f16c1ffd6f8f093dec0a13e0638bd49de,30.0,naive
2021-07-17,2021-07-17 10:45:00,23.0,0,a84ee64f6552390ac0ad141d30f0d65f16c1ffd6f8f093dec0a13e0638bd49de,29.0,naive
2021-07-17,2021-07-17 11:00:00,23.0,0,a84ee64f6552390ac0ad141d30f0d65f16c1ffd6f8f093dec0a13e0638bd49de,31.0,naive
2021-07-17,2021-07-17 11:15:00,24.0,0,a84ee64f6552390ac0ad141d30f0d65f16c1ffd6f8f093dec0a13e0638bd49de,29.0,naive
2021-07-17,2021-07-17 11:30:00,23.0,0,a84ee64f6552390ac0ad141d30f0d65f16c1ffd6f8f093dec0a13e0638bd49de,29.0,naive
2021-07-17,2021-07-17 11:45:00,27.0,0,a84ee64f6552390ac0ad141d30f0d65f16c1ffd6f8f093dec0a13e0638bd49de,28.0,naive
2021-07-17,2021-07-17 12:00:00,26.0,0,a84ee64f6552390ac0ad141d30f0d65f16c1ffd6f8f093dec0a13e0638bd49de,26.0,naive
2021-07-17,2021-07-17 12:15:00,24.0,0,a84ee64f6552390ac0ad141d30f0d65f16c1ffd6f8f093dec0a13e0638bd49de,25.0,naive
2021-07-17,2021-07-17 12:30:00,23.0,0,a84ee64f6552390ac0ad141d30f0d65f16c1ffd6f8f093dec0a13e0638bd49de,26.0,naive
2021-07-17,2021-07-17 12:45:00,24.0,0,a84ee64f6552390ac0ad141d30f0d65f16c1ffd6f8f093dec0a13e0638bd49de,25.0,naive
2021-07-17,2021-07-17 13:00:00,24.0,0,a84ee64f6552390ac0ad141d30f0d65f16c1ffd6f8f093dec0a13e0638bd49de,27.0,naive
2021-07-17,2021-07-17 13:15:00,23.0,0,a84ee64f6552390ac0ad141d30f0d65f16c1ffd6f8f093dec0a13e0638bd49de,28.0,naive
2021-07-17,2021-07-17 13:30:00,23.0,0,a84ee64f6552390ac0ad141d30f0d65f16c1ffd6f8f093dec0a13e0638bd49de,23.0,naive
2021-07-17,2021-07-17 13:45:00,23.0,0,a84ee64f6552390ac0ad141d30f0d65f16c1ffd6f8f093dec0a13e0638bd49de,22.0,naive
2021-07-17,2021-07-17 14:00:00,23.0,0,a84ee64f6552390ac0ad141d30f0d65f16c1ffd6f8f093dec0a13e0638bd49de,23.0,naive
2021-07-17,2021-07-17 14:15:00,24.0,0,a84ee64f6552390ac0ad141d30f0d65f16c1ffd6f8f093dec0a13e0638bd49de,22.0,naive
2021-07-17,2021-07-17 14:30:00,23.0,0,a84ee64f6552390ac0ad141d30f0d65f16c1ffd6f8f093dec0a13e0638bd49de,22.0,naive
2021-07-17,2021-07-17 14:45:00,23.0,0,a84ee64f6552390ac0ad141d30f0d65f16c1ffd6f8f093dec0a13e0638bd49de,23.0,naive
2021-07-17,2021-07-17 15:00:00,28.0,0,a84ee64f6552390ac0ad141d30f0d65f16c1ffd6f8f093dec0a13e0638bd49de,24.0,naive
2021-07-17,2021-07-17 15:15:00,27.0,0,a84ee64f6552390ac0ad141d30f0d65f16c1ffd6f8f093dec0a13e0638bd49de,23.0,naive
2021-07-17,2021-07-17 15:30:00,23.0,0,a84ee64f6552390ac0ad141d30f0d65f16c1ffd6f8f093dec0a13e0638bd49de,23.0,naive
2021-07-17,2021-07-17 15:45:00,23.0,0,a84ee64f6552390ac0ad141d30f0d65f16c1ffd6f8f093dec0a13e0638bd49de,25.0,naive
2021-07-17,2021-07-17 16:00:00,23.0,0,a84ee64f6552390ac0ad141d30f0d65f16c1ffd6f8f093dec0a13e0638bd49de,24.0,naive
2021-07-17,2021-07-17 16:15:00,23.0,0,a84ee64f6552390ac0ad141d30f0d65f16c1ffd6f8f093dec0a13e0638bd49de,27.0,naive
2021-07-17,2021-07-17 16:30:00,24.0,0,a84ee64f6552390ac0ad141d30f0d65f16c1ffd6f8f093dec0a13e0638bd49de,24.0,naive
2021-07-17,2021-07-17 16:45:00,22.0,0,a84ee64f6552390ac0ad141d30f0d65f16c1ffd6f8f093dec0a13e0638bd49de,22.0,naive
2021-07-17,2021-07-17 17:00:00,22.0,0,a84ee64f6552390ac0ad141d30f0d65f16c1ffd6f8f093dec0a13e0638bd49de,23.0,naive
2021-07-17,2021-07-17 17:15:00,22.0,0,a84ee64f6552390ac0ad141d30f0d65f16c1ffd6f8f093dec0a13e0638bd49de,23.0,naive
2021-07-17,2021-07-17 17:30:00,23.0,0,a84ee64f6552390ac0ad141d30f0d65f16c1ffd6f8f093dec0a13e0638bd49de,22.0,naive
2021-07-17,2021-07-17 17:45:00,22.0,0,a84ee64f6552390ac0ad141d30f0d65f16c1ffd6f8f093dec0a13e0638bd49de,22.0,naive
2021-07-17,2021-07-17 18:00:00,22.0,0,a84ee64f6552390ac0ad141d30f0d65f16c1ffd6f8f093dec0a13e0638bd49de,22.0,naive
2021-07-17,2021-07-17 18:15:00,25.0,0,a84ee64f6552390ac0ad141d30f0d65f16c1ffd6f8f093dec0a13e0638bd49de,22.0,naive
2021-07-17,2021-07-17 18:30:00,27.0,0,a84ee64f6552390ac0ad141d30f0d65f16c1ffd6f8f093dec0a13e0638bd49de,22.0,naive
2021-07-17,2021-07-17 18:45:00,23.0,0,a84ee64f6552390ac0ad141d30f0d65f16c1ffd6f8f093dec0a13e0638bd49de,22.0,naive
2021-07-17,2021-07-17 19:00:00,22.0,0,a84ee64f6552390ac0ad141d30f0d65f16c1ffd6f8f093dec0a13e0638bd49de,22.0,naive
2021-07-17,2021-07-17 19:15:00,23.0,0,a84ee64f6552390ac0ad141d30f0d65f16c1ffd6f8f093dec0a13e0638bd49de,26.0,naive
2021-07-17,2021-07-17 19:30:00,23.0,0,a84ee64f6552390ac0ad141d30f0d65f16c1ffd6f8f093dec0a13e0638bd49de,26.0,naive
2021-07-17,2021-07-17 19:45:00,23.0,0,a84ee64f6552390ac0ad141d30f0d65f16c1ffd6f8f093dec0a13e0638bd49de,23.0,naive
2021-07-17,2021-07-17 20:00:00,23.0,0,a84ee64f6552390ac0ad141d30f0d65f16c1ffd6f8f093dec0a13e0638bd49de,21.0,naive
2021-07-17,2021-07-17 20:15:00,22.0,0,a84ee64f6552390ac0ad141d30f0d65f16c1ffd6f8f093dec0a13e0638bd49de,22.0,naive
2021-07-17,2021-07-17 20:30:00,23.0,0,a84ee64f6552390ac0ad141d30f0d65f16c1ffd6f8f093dec0a13e0638bd49de,23.0,naive
2021-07-17,2021-07-17 20:45:00,23.0,0,a84ee64f6552390ac0ad141d30f0d65f16c1ffd6f8f093dec0a13e0638bd49de,22.0,naive
2021-07-17,2021-07-17 21:00:00,24.0,0,a84ee64f6552390ac0ad141d30f0d65f16c1ffd6f8f093dec0a13e0638bd49de,23.0,naive
2021-07-17,2021-07-17 21:15:00,24.0,0,a84ee64f6552390ac0ad141d30f0d65f16c1ffd6f8f093dec0a13e0638bd49de,22.0,naive
2021-07-17,2021-07-17 21:30:00,23.0,0,a84ee64f6552390ac0ad141d30f0d65f16c1ffd6f8f093dec0a13e0638bd49de,22.0,naive
2021-07-17,2021-07-17 21:45:00,24.0,0,a84ee64f6552390ac0ad141d30f0d65f16c1ffd6f8f093dec0a13e0638bd49de,22.0,naive
2021-07-17,2021-07-17 22:00:00,28.0,0,a84ee64f6552390ac0ad141d30f0d65f16c1ffd6f8f093dec0a13e0638bd49de,23.0,naive
2021-07-17,2021-07-17 22:15:00,24.0,0,a84ee64f6552390ac0ad141d30f0d65f16c1ffd6f8f093dec0a13e0638bd49de,26.0,naive
2021-07-17,2021-07-17 22:30:00,24.0,0,a84ee64f6552390ac0ad141d30f0d65f16c1ffd6f8f093dec0a13e0638bd49de,26.0,naive
2021-07-17,2021-07-17 22:45:00,24.0,0,a84ee64f6552390ac0ad141d30f0d65f16c1ffd6f8f093dec0a13e0638bd49de,23.0,naive
2021-07-17,2021-07-17 23:00:00,23.0,0,a84ee64f6552390ac0ad141d30f0d65f16c1ffd6f8f093dec0a13e0638bd49de,22.0,naive
2021-07-17,2021-07-17 23:15:00,22.0,0,a84ee64f6552390ac0ad141d30f0d65f16c1ffd6f8f093dec0a13e0638bd49de,22.0,naive
2021-07-17,2021-07-17 23:30:00,23.0,0,a84ee64f6552390ac0ad141d30f0d65f16c1ffd6f8f093dec0a13e0638bd49de,22.0,naive
2021-07-17,2021-07-17 23:45:00,24.0,0,a84ee64f6552390ac0ad141d30f0d65f16c1ffd6f8f093dec0a13e0638bd49de,23.0,naive
2021-07-18,2021-07-18 00:00:00,23.0,0,738ffc06780fbddfc50b1ba026b0d3515080ba38325f2d987ef2f4c06e7f4023,22.0,naive
2021-07-18,2021-07-18 00:15:00,22.0,0,738ffc06780fbddfc50b1ba026b0d3515080ba38325f2d987ef2f4c06e7f4023,22.0,naive
2021-07-18,2021-07-18 00:30:00,23.0,0,738ffc06780fbddfc50b1ba026b0d3515080ba38325f2d987ef2f4c06e7f4023,23.0,naive
2021-07-18,2021-07-18 00:45:00,24.0,0,738ffc06780fbddfc50b1ba026b0d3515080ba38325f2d987ef2f4c06e7f4023,23.0,naive
2021-07-18,2021-07-18 01:00:00,28.0,0,738ffc06780fbddfc50b1ba026b0d3515080ba38325f2d987ef2f4c06e7f4023,23.0,naive
2021-07-18,2021-07-18 01:15:00,26.0,0,738ffc06780fbddfc50b1ba026b0d3515080ba38325f2d987ef2f4c06e7f4023,26.0,naive
2021-07-18,2021-07-18 01:30:00,23.0,0,738ffc06780fbddfc50b1ba026b0d3515080ba38325f2d987ef2f4c06e7f4023,27.0,naive
2021-07-18,2021-07-18 01:45:00,23.0,0,738ffc06780fbddfc50b1ba026b0d3515080ba38325f2d987ef2f4c06e7f4023,26.0,naive
2021-07-18,2021-07-18 02:00:00,23.0,0,738ffc06780fbddfc50b1ba026b0d3515080ba38325f2d987ef2f4c06e7f4023,23.0,naive
2021-07-18,2021-07-18 02:15:00,23.0,0,738ffc06780fbddfc50b1ba026b0d3515080ba38325f2d987ef2f4c06e7f4023,23.0,naive
2021-07-18,2021-07-18 02:30:00,23.0,0,738ffc06780fbddfc50b1ba026b0d3515080ba38325f2d987ef2f4c06e7f4023,22.0,naive
2021-07-18,2021-07-18 02:45:00,24.0,0,738ffc06780fbddfc50b1ba026b0d3515080ba38325f2d987ef2f4c06e7f4023,22.0,naive
2021-07-18,2021-07-18 03:00:00,22.0,0,738ffc06780fbddfc50b1ba026b0d3515080ba38325f2d987ef2f4c06e7f4023,24.0,naive
2021-07-18,2021-07-18 03:15:00,23.0,0,738ffc06780fbddfc50b1ba026b0d3515080ba38325f2d987ef2f4c06e7f4023,22.0,naive
2021-07-18,2021-07-18 03:30:00,24.0,0,738ffc06780fbddfc50b1ba026b0d3515080ba38325f2d987ef2f4c06e7f4023,23.0,naive
2021-07-18,2021-07-18 03:45:00,23.0,0,738ffc06780fbddfc50b1ba026b0d3515080ba38325f2d987ef2f4c06e7f4023,23.0,naive
2021-07-18,2021-07-18 04:00:00,23.0,0,738ffc06780fbddfc50b1ba026b0d3515080ba38325f2d987ef2f4c06e7f4023,23.0,naive
2021-07-18,2021-07-18 04:15:00,28.0,0,738ffc06780fbddfc50b1ba026b0d3515080ba38325f2d987ef2f4c06e7f4023,22.0,naive
2021-07-18,2021-07-18 04:30:00,25.0,0,738ffc06780fbddfc50b1ba026b0d3515080ba38325f2d987ef2f4c06e7f4023,24.0,naive
2021-07-18,2021-07-18 04:45:00,23.0,0,738ffc06780fbddfc50b1ba026b0d3515080ba38325f2d987ef2f4c06e7f4023,23.0,naive
2021-07-18,2021-07-18 05:00:00,22.0,0,738ffc06780fbddfc50b1ba026b0d3515080ba38325f2d987ef2f4c06e7f4023,27.0,naive
2021-07-18,2021-07-18 05:15:00,22.0,0,738ffc06780fbddfc50b1ba026b0d3515080ba38325f2d987ef2f4c06e7f4023,24.0,naive
2021-07-18,2021-07-18 05:30:00,22.0,0,738ffc06780fbddfc50b1ba026b0d3515080ba38325f2d987ef2f4c06e7f4023,22.0,naive
2021-07-18,2021-07-18 05:45:00,22.0,0,738ffc06780fbddfc50b1ba026b0d3515080ba38325f2d987ef2f4c06e7f4023,21.0,naive
2021-07-18,2021-07-18 06:00:00,23.0,0,738ffc06780fbddfc50b1ba026b0d3515080ba38325f2d987ef2f4c06e7f4023,22.0,naive
2021-07-18,2021-07-18 06:15:00,23.0,0,738ffc06780fbddfc50b1ba026b0d3515080ba38325f2d987ef2f4c06e7f4023,22.0,naive
2021-07-18,2021-07-18 06:30:00,23.0,0,738ffc06780fbddfc50b1ba026b0d3515080ba38325f2d987ef2f4c06e7f4023,22.0,naive
2021-07-18,2021-07-18 06:45:00,22.0,0,738ffc06780fbddfc50b1ba026b0d3515080ba38325f2d987ef2f4c06e7f4023,22.0,naive
2021-07-18,2021-07-18 07:00:00,23.0,0,738ffc06780fbddfc50b1ba026b0d3515080ba38325f2d987ef2f4c06e7f4023,22.0,naive
2021-07-18,2021-07-18 07:15:00,25.0,0,738ffc06780fbddfc50b1ba026b0d3515080ba38325f2d987ef2f4c06e7f4023,22.0,naive
2021-07-18,2021-07-18 07:30:00,28.0,0,738ffc06780fbddfc50b1ba026b0d3515080ba38325f2d987ef2f4c06e7f4023,22.0,naive
2021-07-18,2021-07-18 07:45:00,25.0,0,738ffc06780fbddfc50b1ba026b0d3515080ba38325f2d987ef2f4c06e7f4023,22.0,naive
2021-07-18,2021-07-18 08:00:00,22.0,0,738ffc06780fbddfc50b1ba026b0d3515080ba38325f2d987ef2f4c06e7f4023,22.0,naive
2021-07-18,2021-07-18 08:15:00,23.0,0,738ffc06780fbddfc50b1ba026b0d3515080ba38325f2d987ef2f4c06e7f4023,27.0,naive
2021-07-18,2021-07-18 08:30:00,23.0,0,738ffc06780fbddfc50b1ba026b0d3515080ba38325f2d987ef2f4c06e7f4023,24.0,naive
2021-07-18,2021-07-18 08:45:00,24.0,0,738ffc06780fbddfc50b1ba026b0d3515080ba38325f2d987ef2f4c06e7f4023,22.0,naive
2021-07-18,2021-07-18 09:00:00,22.0,0,738ffc06780fbddfc50b1ba026b0d3515080ba38325f2d987ef2f4c06e7f4023,22.0,naive
2021-07-18,2021-07-18 09:15:00,23.0,0,738ffc06780fbddfc50b1ba026b0d3515080ba38325f2d987ef2f4c06e7f4023,22.0,naive
2021-07-18,2021-07-18 09:30:00,23.0,0,738ffc06780fbddfc50b1ba026b0d3515080ba38325f2d987ef2f4c06e7f4023,22.0,naive
2021-07-18,2021-07-18 09:45:00,23.0,0,738ffc06780fbddfc50b1ba026b0d3515080ba38325f2d987ef2f4c06e7f4023,22.0,naive
2021-07-18,2021-07-18 10:00:00,22.0,0,738ffc06780fbddfc50b1ba026b0d3515080ba38325f2d987ef2f4c06e7f4023,23.0,naive
2021-07-18,2021-07-18 10:15:00,22.0,0,738ffc06780fbddfc50b1ba026b0d3515080ba38325f2d987ef2f4c06e7f4023,22.0,naive
2021-07-18,2021-07-18 10:30:00,23.0,0,738ffc06780fbddfc50b1ba026b0d3515080ba38325f2d987ef2f4c06e7f4023,23.0,naive
2021-07-18,2021-07-18 10:45:00,23.0,0,738ffc06780fbddfc50b1ba026b0d3515080ba38325f2d987ef2f4c06e7f4023,22.0,naive
2021-07-18,2021-07-18 11:00:00,24.0,0,738ffc06780fbddfc50b1ba026b0d3515080ba38325f2d987ef2f4c06e7f4023,22.0,naive
2021-07-18,2021-07-18 11:15:00,27.0,0,738ffc06780fbddfc50b1ba026b0d3515080ba38325f2d987ef2f4c06e7f4023,26.0,naive
2021-07-18,2021-07-18 11:30:00,23.0,0,738ffc06780fbddfc50b1ba026b0d3515080ba38325f2d987ef2f4c06e7f4023,28.0,naive
2021-07-18,2021-07-18 11:45:00,24.0,0,738ffc06780fbddfc50b1ba026b0d3515080ba38325f2d987ef2f4c06e7f4023,23.0,naive
2021-07-18,2021-07-18 12:00:00,23.0,0,738ffc06780fbddfc50b1ba026b0d3515080ba38325f2d987ef2f4c06e7f4023,23.0,naive
2021-07-18,2021-07-18 12:15:00,23.0,0,738ffc06780fbddfc50b1ba026b0d3515080ba38325f2d987ef2f4c06e7f4023,23.0,naive
2021-07-18,2021-07-18 12:30:00,22.0,0,738ffc06780fbddfc50b1ba026b0d3515080ba38325f2d987ef2f4c06e7f4023,24.0,naive
2021-07-18,2021-07-18 12:45:00,23.0,0,738ffc06780fbddfc50b1ba026b0d3515080ba38325f2d987ef2f4c06e7f4023,22.0,naive
2021-07-18,2021-07-18 13:00:00,23.0,0,738ffc06780fbddfc50b1ba026b0d3515080ba38325f2d987ef2f4c06e7f4023,24.0,naive
2021-07-18,2021-07-18 13:15:00,23.0,0,738ffc06780fbddfc50b1ba026b0d3515080ba38325f2d987ef2f4c06e7f4023,24.0,naive
2021-07-18,2021-07-18 13:30:00,23.0,0,738ffc06780fbddfc50b1ba026b0d3515080ba38325f2d987ef2f4c06e7f4023,23.0,naive
2021-07-18,2021-07-18 13:45:00,23.0,0,738ffc06780fbddfc50b1ba026b0d3515080ba38325f2d987ef2f4c06e7f4023,23.0,naive
2021-07-18,2021-07-18 14:00:00,24.0,0,738ffc06780fbddfc50b1ba026b0d3515080ba38325f2d987ef2f4c06e7f4023,24.0,naive
2021-07-18,2021-07-18 14:15:00,25.0,0,738ffc06780fbddfc50b1ba026b0d3515080ba38325f2d987ef2f4c06e7f4023,24.0,naive
2021-07-18,2021-07-18 14:30:00,27.0,0,738ffc06780fbddfc50b1ba026b0d3515080ba38325f2d987ef2f4c06e7f4023,28.0,naive
2021-07-18,2021-07-18 14:45:00,24.0,0,738ffc06780fbddfc50b1ba026b0d3515080ba38325f2d987ef2f4c06e7f4023,27.0,naive
2021-07-18,2021-07-18 15:00:00,24.0,0,738ffc06780fbddfc50b1ba026b0d3515080ba38325f2d987ef2f4c06e7f4023,24.0,naive
2021-07-18,2021-07-18 15:15:00,26.0,0,738ffc06780fbddfc50b1ba026b0d3515080ba38325f2d987ef2f4c06e7f4023,24.0,naive
2021-07-18,2021-07-18 15:30:00,24.0,0,738ffc06780fbddfc50b1ba026b0d3515080ba38325f2d987ef2f4c06e7f4023,24.0,naive
2021-07-18,2021-07-18 15:45:00,23.0,0,738ffc06780fbddfc50b1ba026b0d3515080ba38325f2d987ef2f4c06e7f4023,24.0,naive
2021-07-18,2021-07-18 16:00:00,23.0,0,738ffc06780fbddfc50b1ba026b0d3515080ba38325f2d987ef2f4c06e7f4023,24.0,naive
2021-07-18,2021-07-18 16:15:00,23.0,0,738ffc06780fbddfc50b1ba026b0d3515080ba38325f2d987ef2f4c06e7f4023,24.0,naive
2021-07-18,2021-07-18 16:30:00,23.0,0,738ffc06780fbddfc50b1ba026b0d3515080ba38325f2d987ef2f4c06e7f4023,24.0,naive
2021-07-18,2021-07-18 16:45:00,23.0,0,738ffc06780fbddfc50b1ba026b0d3515080ba38325f2d987ef2f4c06e7f4023,26.0,naive
2021-07-18,2021-07-18 17:00:00,23.0,0,738ffc06780fbddfc50b1ba026b0d3515080ba38325f2d987ef2f4c06e7f4023,23.0,naive
2021-07-18,2021-07-18 17:15:00,24.0,0,738ffc06780fbddfc50b1ba026b0d3515080ba38325f2d987ef2f4c06e7f4023,23.0,naive
2021-07-18,2021-07-18 17:30:00,23.0,0,738ffc06780fbddfc50b1ba026b0d3515080ba38325f2d987ef2f4c06e7f4023,23.0,naive
2021-07-18,2021-07-18 17:45:00,27.0,0,738ffc06780fbddfc50b1ba026b0d3515080ba38325f2d987ef2f4c06e7f4023,26.0,naive
2021-07-18,2021-07-18 18:00:00,25.0,0,738ffc06780fbddfc50b1ba026b0d3515080ba38325f2d987ef2f4c06e7f4023,26.0,naive
2021-07-18,2021-07-18 18:15:00,23.0,0,738ffc06780fbddfc50b1ba026b0d3515080ba38325f2d987ef2f4c06e7f4023,23.0,naive
2021-07-18,2021-07-18 18:30:00,23.0,0,738ffc06780fbddfc50b1ba026b0d3515080ba38325f2d987ef2f4c06e7f4023,22.0,naive
2021-07-18,2021-07-18 18:45:00,23.0,0,738ffc06780fbddfc50b1ba026b0d3515080ba38325f2d987ef2f4c06e7f4023,22.0,naive
2021-07-18,2021-07-18 19:00:00,23.0,0,738ffc06780fbddfc50b1ba026b0d3515080ba38325f2d987ef2f4c06e7f4023,22.0,naive
2021-07-18,2021-07-18 19:15:00,23.0,0,738ffc06780fbddfc50b1ba026b0d3515080ba38325f2d987ef2f4c06e7f4023,23.0,naive
2021-07-18,2021-07-18 19:30:00,23.0,0,738ffc06780fbddfc50b1ba026b0d3515080ba38325f2d987ef2f4c06e7f4023,22.0,naive
2021-07-18,2021-07-18 19:45:00,22.0,0,738ffc06780fbddfc50b1ba026b0d3515080ba38325f2d987ef2f4c06e7f4023,22.0,naive
2021-07-18,2021-07-18 20:00:00,23.0,0,738ffc06780fbddfc50b1ba026b0d3515080ba38325f2d987ef2f4c06e7f4023,23.0,naive
2021-07-18,2021-07-18 20:15:00,23.0,0,738ffc06780fbddfc50b1ba026b0d3515080ba38325f2d987ef2f4c06e7f4023,23.0,naive
2021-07-18,2021-07-18 20:30:00,22.0,0,738ffc06780fbddfc50b1ba026b0d3515080ba38325f2d987ef2f4c06e7f4023,22.0,naive
2021-07-18,2021-07-18 20:45:00,23.0,0,738ffc06780fbddfc50b1ba026b0d3515080ba38325f2d987ef2f4c06e7f4023,23.0,naive
2021-07-18,2021-07-18 21:00:00,26.0,0,738ffc06780fbddfc50b1ba026b0d3515080ba38325f2d987ef2f4c06e7f4023,26.0,naive
2021-07-18,2021-07-18 21:15:00,28.0,0,738ffc06780fbddfc50b1ba026b0d3515080ba38325f2d987ef2f4c06e7f4023,28.0,naive
2021-07-18,2021-07-18 21:30:00,23.0,0,738ffc06780fbddfc50b1ba026b0d3515080ba38325f2d987ef2f4c06e7f4023,24.0,naive
2021-07-18,2021-07-18 21:45:00,24.0,0,738ffc06780fbddfc50b1ba026b0d3515080ba38325f2d987ef2f4c06e7f4023,23.0,naive
2021-07-18,2021-07-18 22:00:00,23.0,0,738ffc06780fbddfc50b1ba026b0d3515080ba38325f2d987ef2f4c06e7f4023,23.0,naive
2021-07-18,2021-07-18 22:15:00,23.0,0,738ffc06780fbddfc50b1ba026b0d3515080ba38325f2d987ef2f4c06e7f4023,22.0,naive
2021-07-18,2021-07-18 22:30:00,24.0,0,738ffc06780fbddfc50b1ba026b0d3515080ba38325f2d987ef2f4c06e7f4023,24.0,naive
2021-07-18,2021-07-18 22:45:00,24.0,0,738ffc06780fbddfc50b1ba026b0d3515080ba38325f2d987ef2f4c06e7f4023,23.0,naive
2021-07-18,2021-07-18 23:00:00,23.0,0,738ffc06780fbddfc50b1ba026b0d3515080ba38325f2d987ef2f4c06e7f4023,23.0,naive
2021-07-18,2021-07-18 23:15:00,22.0,0,738ffc06780fbddfc50b1ba026b0d3515080ba38325f2d987ef2f4c06e7f4023,22.0,naive
2021-07-18,2021-07-18 23:30:00,22.0,0,738ffc06780fbddfc50b1ba026b0d3515080ba38325f2d987ef2f4c06e7f4023,22.0,naive
2021-07-18,2021-07-18 23:45:00,23.0,0,738ffc06780fbddfc50b1ba026b0d3515080ba38325f2d987ef2f4c06e7f4023,23.0,naive
2021-07-19,2021-07-19 00:00:00,23.0,0,0b4fcebc5a8a32bb918faeecf3f2f58de687ba36031c78d9e6b8403f723f7749,23.0,naive
2021-07-19,2021-07-19 00:15:00,25.0,0,0b4fcebc5a8a32bb918faeecf3f2f58de687ba36031c78d9e6b8403f723f7749,26.0,naive
2021-07-19,2021-07-19 00:30:00,28.0,0,0b4fcebc5a8a32bb918faeecf3f2f58de687ba36031c78d9e6b8403f723f7749,26.0,naive
2021-07-19,2021-07-19 00:45:00,26.0,0,0b4fcebc5a8a32bb918faeecf3f2f58de687ba36031c78d9e6b8403f723f7749,23.0,naive
2021-07-19,2021-07-19 01:00:00,24.0,0,0b4fcebc5a8a32bb918faeecf3f2f58de687ba36031c78d9e6b8403f723f7749,23.0,naive
2021-07-19,2021-07-19 01:15:00,24.0,0,0b4fcebc5a8a32bb918faeecf3f2f58de687ba36031c78d9e6b8403f723f7749,23.0,naive
2021-07-19,2021-07-19 01:30:00,23.0,0,0b4fcebc5a8a32bb918faeecf3f2f58de687ba36031c78d9e6b8403f723f7749,23.0,naive
2021-07-19,2021-07-19 01:45:00,23.0,0,0b4fcebc5a8a32bb918faeecf3f2f58de687ba36031c78d9e6b8403f723f7749,22.0,naive
2021-07-19,2021-07-19 02:00:00,23.0,0,0b4fcebc5a8a32bb918faeecf3f2f58de687ba36031c78d9e6b8403f723f7749,23.0,naive
2021-07-19,2021-07-19 02:15:00,22.0,0,0b4fcebc5a8a32bb918faeecf3f2f58de687ba36031c78d9e6b8403f723f7749,22.0,naive
2021-07-19,2021-07-19 02:30:00,24.0,0,0b4fcebc5a8a32bb918faeecf3f2f58de687ba36031c78d9e6b8403f723f7749,23.0,naive
2021-07-19,2021-07-19 02:45:00,24.0,0,0b4fcebc5a8a32bb918faeecf3f2f58de687ba36031c78d9e6b8403f723f7749,22.0,naive
2021-07-19,2021-07-19 03:00:00,24.0,0,0b4fcebc5a8a32bb918faeecf3f2f58de687ba36031c78d9e6b8403f723f7749,22.0,naive
2021-07-19,2021-07-19 03:15:00,23.0,0,0b4fcebc5a8a32bb918faeecf3f2f58de687ba36031c78d9e6b8403f723f7749,23.0,naive
2021-07-19,2021-07-19 03:30:00,22.0,0,0b4fcebc5a8a32bb918faeecf3f2f58de687ba36031c78d9e6b8403f723f7749,24.0,naive
2021-07-19,2021-07-19 03:45:00,23.0,0,0b4fcebc5a8a32bb918faeecf3f2f58de687ba36031c78d9e6b8403f723f7749,27.0,naive
2021-07-19,2021-07-19 04:00:00,27.0,0,0b4fcebc5a8a32bb918faeecf3f2f58de687ba36031c78d9e6b8403f723f7749,23.0,naive
2021-07-19,2021-07-19 04:15:00,27.0,0,0b4fcebc5a8a32bb918faeecf3f2f58de687ba36031c78d9e6b8403f723f7749,21.0,naive
2021-07-19,2021-07-19 04:30:00,22.0,0,0b4fcebc5a8a32bb918faeecf3f2f58de687ba36031c78d9e6b8403f723f7749,22.0,naive
2021-07-19,2021-07-19 04:45:00,22.0,0,0b4fcebc5a8a32bb918faeecf3f2f58de687ba36031c78d9e6b8403f723f7749,22.0,naive
2021-07-19,2021-07-19 05:00:00,22.0,0,0b4fcebc5a8a32bb918faeecf3f2f58de687ba36031c78d9e6b8403f723f7749,23.0,naive
2021-07-19,2021-07-19 05:15:00,23.0,0,0b4fcebc5a8a32bb918faeecf3f2f58de687ba36031c78d9e6b8403f723f7749,23.0,naive
2021-07-19,2021-07-19 05:30:00,23.0,0,0b4fcebc5a8a32bb918faeecf3f2f58de687ba36031c78d9e6b8403f723f7749,23.0,naive
2021-07-19,2021-07-19 05:45:00,23.0,0,0b4fcebc5a8a32bb918faeecf3f2f58de687ba36031c78d9e6b8403f723f7749,23.0,naive
2021-07-19,2021-07-19 06:00:00,23.0,0,0b4fcebc5a8a32bb918faeecf3f2f58de687ba36031c78d9e6b8403f723f7749,23.0,naive
2021-07-19,2021-07-19 06:15:00,23.0,0,0b4fcebc5a8a32bb918faeecf3f2f58de687ba36031c78d9e6b8403f723f7749,23.0,naive
2021-07-19,2021-07-19 06:30:00,22.0,0,0b4fcebc5a8a32bb918faeecf3f2f58de687ba36031c78d9e6b8403f723f7749,23.0,naive
2021-07-19,2021-07-19 06:45:00,23.0,0,0b4fcebc5a8a32bb918faeecf3f2f58de687ba36031c78d9e6b8403f723f7749,25.0,naive
2021-07-19,2021-07-19 07:00:00,24.0,0,0b4fcebc5a8a32bb918faeecf3f2f58de687ba36031c78d9e6b8403f723f7749,31.0,naive
2021-07-19,2021-07-19 07:15:00,39.0,0,0b4fcebc5a8a32bb918faeecf3f2f58de687ba36031c78d9e6b8403f723f7749,40.0,naive
2021-07-19,2021-07-19 07:30:00,76.0,0,0b4fcebc5a8a32bb918faeecf3f2f58de687ba36031c78d9e6b8403f723f7749,66.0,naive
2021-07-19,2021-07-19 07:45:00,119.0,0,0b4fcebc5a8a32bb918faeecf3f2f58de687ba36031c78d9e6b8403f723f7749,123.0,naive
2021-07-19,2021-07-19 08:00:00,172.0,604,0b4fcebc5a8a32bb918faeecf3f2f58de687ba36031c78d9e6b8403f723f7749,153.0,naive
2021-07-19,2021-07-19 08:15:00,200.0,604,0b4fcebc5a8a32bb918faeecf3f2f58de687ba36031c78d9e6b8403f723f7749,196.0,naive
2021-07-19,2021-07-19 08:30:00,194.0,604,0b4fcebc5a8a32bb918faeecf3f2f58de687ba36031c78d9e6b8403f723f7749,198.0,naive
2021-07-19,2021-07-19 08:45:00,185.0,604,0b4fcebc5a8a32bb918faeecf3f2f58de687ba36031c78d9e6b8403f723f7749,195.0,naive
2021-07-19,2021-07-19 09:00:00,182.0,1431,0b4fcebc5a8a32bb918faeecf3f2f58de687ba36031c78d9e6b8403f723f7749,195.0,naive
2021-07-19,2021-07-19 09:15:00,174.0,1431,0b4fcebc5a8a32bb918faeecf3f2f58de687ba36031c78d9e6b8403f723f7749,192.0,naive
2021-07-19,2021-07-19 09:30:00,185.0,1431,0b4fcebc5a8a32bb918faeecf3f2f58de687ba36031c78d9e6b8403f723f7749,187.0,naive
2021-07-19,2021-07-19 09:45:00,176.0,1431,0b4fcebc5a8a32bb918faeecf3f2f58de687ba36031c78d9e6b8403f723f7749,191.0,naive
2021-07-19,2021-07-19 10:00:00,146.0,568,0b4fcebc5a8a32bb918faeecf3f2f58de687ba36031c78d9e6b8403f723f7749,149.0,naive
2021-07-19,2021-07-19 10:15:00,180.0,568,0b4fcebc5a8a32bb918faeecf3f2f58de687ba36031c78d9e6b8403f723f7749,180.0,naive
2021-07-19,2021-07-19 10:30:00,209.0,568,0b4fcebc5a8a32bb918faeecf3f2f58de687ba36031c78d9e6b8403f723f7749,183.0,naive
2021-07-19,2021-07-19 10:45:00,203.0,568,0b4fcebc5a8a32bb918faeecf3f2f58de687ba36031c78d9e6b8403f723f7749,186.0,naive
2021-07-19,2021-07-19 11:00:00,182.0,1280,0b4fcebc5a8a32bb918faeecf3f2f58de687ba36031c78d9e6b8403f723f7749,188.0,naive
2021-07-19,2021-07-19 11:15:00,222.0,1280,0b4fcebc5a8a32bb918faeecf3f2f58de687ba36031c78d9e6b8403f723f7749,187.0,naive
2021-07-19,2021-07-19 11:30:00,207.0,1280,0b4fcebc5a8a32bb918faeecf3f2f58de687ba36031c78d9e6b8403f723f7749,187.0,naive
2021-07-19,2021-07-19 11:45:00,186.0,1280,0b4fcebc5a8a32bb918faeecf3f2f58de687ba36031c78d9e6b8403f723f7749,180.0,naive
2021-07-19,2021-07-19 12:00:00,134.0,0,0b4fcebc5a8a32bb918faeecf3f2f58de687ba36031c78d9e6b8403f723f7749,134.0,naive
2021-07-19,2021-07-19 12:15:00,111.0,0,0b4fcebc5a8a32bb918faeecf3f2f58de687ba36031c78d9e6b8403f723f7749,115.0,naive
2021-07-19,2021-07-19 12:30:00,111.0,0,0b4fcebc5a8a32bb918faeecf3f2f58de687ba36031c78d9e6b8403f723f7749,107.0,naive
2021-07-19,2021-07-19 12:45:00,113.0,0,0b4fcebc5a8a32bb918faeecf3f2f58de687ba36031c78d9e6b8403f723f7749,103.0,naive
2021-07-19,2021-07-19 13:00:00,157.0,645,0b4fcebc5a8a32bb918faeecf3f2f58de687ba36031c78d9e6b8403f723f7749,146.0,naive
2021-07-19,2021-07-19 13:15:00,188.0,645,0b4fcebc5a8a32bb918faeecf3f2f58de687ba36031c78d9e6b8403f723f7749,169.0,naive
2021-07-19,2021-07-19 13:30:00,193.0,645,0b4fcebc5a8a32bb918faeecf3f2f58de687ba36031c78d9e6b8403f723f7749,178.0,naive
2021-07-19,2021-07-19 13:45:00,174.0,645,0b4fcebc5a8a32bb918faeecf3f2f58de687ba36031c78d9e6b8403f723f7749,174.0,naive
2021-07-19,2021-07-19 14:00:00,175.0,2075,0b4fcebc5a8a32bb918faeecf3f2f58de687ba36031c78d9e6b8403f723f7749,177.0,naive
2021-07-19,2021-07-19 14:15:00,190.0,2075,0b4fcebc5a8a32bb918faeecf3f2f58de687ba36031c78d9e6b8403f723f7749,184.0,naive
2021-07-19,2021-07-19 14:30:00,177.0,2075,0b4fcebc5a8a32bb918faeecf3f2f58de687ba36031c78d9e6b8403f723f7749,185.0,naive
2021-07-19,2021-07-19 14:45:00,170.0,2075,0b4fcebc5a8a32bb918faeecf3f2f58de687ba36031c78d9e6b8403f723f7749,190.0,naive
2021-07-19,2021-07-19 15:00:00,141.0,2253,0b4fcebc5a8a32bb918faeecf3f2f58de687ba36031c78d9e6b8403f723f7749,143.0,naive
2021-07-19,2021-07-19 15:15:00,141.0,2253,0b4fcebc5a8a32bb918faeecf3f2f58de687ba36031c78d9e6b8403f723f7749,143.0,naive
2021-07-19,2021-07-19 15:30:00,194.0,2253,0b4fcebc5a8a32bb918faeecf3f2f58de687ba36031c78d9e6b8403f723f7749,182.0,naive
2021-07-19,2021-07-19 15:45:00,201.0,2253,0b4fcebc5a8a32bb918faeecf3f2f58de687ba36031c78d9e6b8403f723f7749,188.0,naive
2021-07-19,2021-07-19 16:00:00,187.0,1495,0b4fcebc5a8a32bb918faeecf3f2f58de687ba36031c78d9e6b8403f723f7749,177.0,naive
2021-07-19,2021-07-19 16:15:00,183.0,1495,0b4fcebc5a8a32bb918faeecf3f2f58de687ba36031c78d9e6b8403f723f7749,164.0,naive
2021-07-19,2021-07-19 16:30:00,185.0,1495,0b4fcebc5a8a32bb918faeecf3f2f58de687ba36031c78d9e6b8403f723f7749,177.0,naive
2021-07-19,2021-07-19 16:45:00,178.0,1495,0b4fcebc5a8a32bb918faeecf3f2f58de687ba36031c78d9e6b8403f723f7749,177.0,naive
2021-07-19,2021-07-19 17:00:00,136.0,389,0b4fcebc5a8a32bb918faeecf3f2f58de687ba36031c78d9e6b8403f723f7749,125.0,naive
2021-07-19,2021-07-19 17:15:00,110.0,389,0b4fcebc5a8a32bb918faeecf3f2f58de687ba36031c78d9e6b8403f723f7749,105.0,naive
2021-07-19,2021-07-19 17:30:00,161.0,389,0b4fcebc5a8a32bb918faeecf3f2f58de687ba36031c78d9e6b8403f723f7749,147.0,naive
2021-07-19,2021-07-19 17:45:00,190.0,389,0b4fcebc5a8a32bb918faeecf3f2f58de687ba36031c78d9e6b8403f723f7749,173.0,naive
2021-07-19,2021-07-19 18:00:00,188.0,465,0b4fcebc5a8a32bb918faeecf3f2f58de687ba36031c78d9e6b8403f723f7749,164.0,naive
2021-07-19,2021-07-19 18:15:00,167.0,465,0b4fcebc5a8a32bb918faeecf3f2f58de687ba36031c78d9e6b8403f723f7749,153.0,naive
2021-07-19,2021-07-19 18:30:00,166.0,465,0b4fcebc5a8a32bb918faeecf3f2f58de687ba36031c78d9e6b8403f723f7749,162.0,naive
2021-07-19,2021-07-19 18:45:00,162.0,465,0b4fcebc5a8a32bb918faeecf3f2f58de687ba36031c78d9e6b8403f723f7749,149.0,naive
2021-07-19,2021-07-19 19:00:00,154.0,1962,0b4fcebc5a8a32bb918faeecf3f2f58de687ba36031c78d9e6b8403f723f7749,158.0,naive
2021-07-19,2021-07-19 19:15:00,162.0,1962,0b4fcebc5a8a32bb918faeecf3f2f58de687ba36031c78d9e6b8403f723f7749,175.0,naive
2021-07-19,2021-07-19 19:30:00,156.0,1962,0b4fcebc5a8a32bb918faeecf3f2f58de687ba36031c78d9e6b8403f723f7749,165.0,naive
2021-07-19,2021-07-19 19:45:00,131.0,1962,0b4fcebc5a8a32bb918faeecf3f2f58de687ba36031c78d9e6b8403f723f7749,129.0,naive
2021-07-19,2021-07-19 20:00:00,115.0,72,0b4fcebc5a8a32bb918faeecf3f2f58de687ba36031c78d9e6b8403f723f7749,117.0,naive
2021-07-19,2021-07-19 20:15:00,126.0,72,0b4fcebc5a8a32bb918faeecf3f2f58de687ba36031c78d9e6b8403f723f7749,119.0,naive
2021-07-19,2021-07-19 20:30:00,136.0,72,0b4fcebc5a8a32bb918faeecf3f2f58de687ba36031c78d9e6b8403f723f7749,136.0,naive
2021-07-19,2021-07-19 20:45:00,132.0,72,0b4fcebc5a8a32bb918faeecf3f2f58de687ba36031c78d9e6b8403f723f7749,127.0,naive
2021-07-19,2021-07-19 21:00:00,129.0,94,0b4fcebc5a8a32bb918faeecf3f2f58de687ba36031c78d9e6b8403f723f7749,119.0,naive
2021-07-19,2021-07-19 21:15:00,126.0,94,0b4fcebc5a8a32bb918faeecf3f2f58de687ba36031c78d9e6b8403f723f7749,133.0,naive
2021-07-19,2021-07-19 21:30:00,127.0,94,0b4fcebc5a8a32bb918faeecf3f2f58de687ba36031c78d9e6b8403f723f7749,120.0,naive
2021-07-19,2021-07-19 21:45:00,114.0,94,0b4fcebc5a8a32bb918faeecf3f2f58de687ba36031c78d9e6b8403f723f7749,106.0,naive
2021-07-19,2021-07-19 22:00:00,94.0,70,0b4fcebc5a8a32bb918faeecf3f2f58de687ba36031c78d9e6b8403f723f7749,104.0,naive
2021-07-19,2021-07-19 22:15:00,106.0,70,0b4fcebc5a8a32bb918faeecf3f2f58de687ba36031c78d9e6b8403f723f7749,120.0,naive
2021-07-19,2021-07-19 22:30:00,109.0,70,0b4fcebc5a8a32bb918faeecf3f2f58de687ba36031c78d9e6b8403f723f7749,125.0,naive
2021-07-19,2021-07-19 22:45:00,114.0,70,0b4fcebc5a8a32bb918faeecf3f2f58de687ba36031c78d9e6b8403f723f7749,113.0,naive
2021-07-19,2021-07-19 23:00:00,119.0,181,0b4fcebc5a8a32bb918faeecf3f2f58de687ba36031c78d9e6b8403f723f7749,112.0,naive
2021-07-19,2021-07-19 23:15:00,120.0,181,0b4fcebc5a8a32bb918faeecf3f2f58de687ba36031c78d9e6b8403f723f7749,115.0,naive
2021-07-19,2021-07-19 23:30:00,106.0,181,0b4fcebc5a8a32bb918faeecf3f2f58de687ba36031c78d9e6b8403f723f7749,105.0,naive
2021-07-19,2021-07-19 23:45:00,93.0,181,0b4fcebc5a8a32bb918faeecf3f2f58de687ba36031c78d9e6b8403f723f7749,79.0,naive
2021-07-20,2021-07-20 00:00:00,76.0,1584,1ccbb5fc7ebe6e186a9f1671b2b11754d81a743148ddac88ac31fef2d117f367,23.0,naive
2021-07-20,2021-07-20 00:15:00,69.0,1584,1ccbb5fc7ebe6e186a9f1671b2b11754d81a743148ddac88ac31fef2d117f367,22.0,naive
2021-07-20,2021-07-20 00:30:00,68.0,1584,1ccbb5fc7ebe6e186a9f1671b2b11754d81a743148ddac88ac31fef2d117f367,23.0,naive
2021-07-20,2021-07-20 00:45:00,69.0,1584,1ccbb5fc7ebe6e186a9f1671b2b11754d81a743148ddac88ac31fef2d117f367,24.0,naive
2021-07-20,2021-07-20 01:00:00,83.0,567,1ccbb5fc7ebe6e186a9f1671b2b11754d81a743148ddac88ac31fef2d117f367,28.0,naive
2021-07-20,2021-07-20 01:15:00,104.0,567,1ccbb5fc7ebe6e186a9f1671b2b11754d81a743148ddac88ac31fef2d117f367,26.0,naive
2021-07-20,2021-07-20 01:30:00,112.0,567,1ccbb5fc7ebe6e186a9f1671b2b11754d81a743148ddac88ac31fef2d117f367,23.0,naive
2021-07-20,2021-07-20 01:45:00,102.0,567,1ccbb5fc7ebe6e186a9f1671b2b11754d81a743148ddac88ac31fef2d117f367,23.0,naive
2021-07-20,2021-07-20 02:00:00,106.0,591,1ccbb5fc7ebe6e186a9f1671b2b11754d81a743148ddac88ac31fef2d117f367,23.0,naive
2021-07-20,2021-07-20 02:15:00,104.0,591,1ccbb5fc7ebe6e186a9f1671b2b11754d81a743148ddac88ac31fef2d117f367,23.0,naive
2021-07-20,2021-07-20 02:30:00,100.0,591,1ccbb5fc7ebe6e186a9f1671b2b11754d81a743148ddac88ac31fef2d117f367,23.0,naive
2021-07-20,2021-07-20 02:45:00,103.0,591,1ccbb5fc7ebe6e186a9f1671b2b11754d81a743148ddac88ac31fef2d117f367,24.0,naive
2021-07-20,2021-07-20 03:00:00,87.0,392,1ccbb5fc7ebe6e186a9f1671b2b11754d81a743148ddac88ac31fef2d117f367,22.0,naive
2021-07-20,2021-07-20 03:15:00,103.0,392,1ccbb5fc7ebe6e186a9f1671b2b11754d81a743148ddac88ac31fef2d117f367,23.0,naive
2021-07-20,2021-07-20 03:30:00,116.0,392,1ccbb5fc7ebe6e186a9f1671b2b11754d81a743148ddac88ac31fef2d117f367,24.0,naive
2021-07-20,2021-07-20 03:45:00,112.0,392,1ccbb5fc7ebe6e186a9f1671b2b11754d81a743148ddac88ac31fef2d117f367,23.0,naive
2021-07-20,2021-07-20 04:00:00,110.0,796,1ccbb5fc7ebe6e186a9f1671b2b11754d81a743148ddac88ac31fef2d117f367,23.0,naive
2021-07-20,2021-07-20 04:15:00,110.0,796,1ccbb5fc7ebe6e186a9f1671b2b11754d81a743148ddac88ac31fef2d117f367,28.0,naive
2021-07-20,2021-07-20 04:30:00,108.0,796,1ccbb5fc7ebe6e186a9f1671b2b11754d81a743148ddac88ac31fef2d117f367,25.0,naive
2021-07-20,2021-07-20 04:45:00,100.0,796,1ccbb5fc7ebe6e186a9f1671b2b11754d81a743148ddac88ac31fef2d117f367,23.0,naive
2021-07-20,2021-07-20 05:00:00,91.0,388,1ccbb5fc7ebe6e186a9f1671b2b11754d81a743148ddac88ac31fef2d117f367,22.0,naive
2021-07-20,2021-07-20 05:15:00,79.0,388,1ccbb5fc7ebe6e186a9f1671b2b11754d81a743148ddac88ac31fef2d117f367,22.0,naive
2021-07-20,2021-07-20 05:30:00,87.0,388,1ccbb5fc7ebe6e186a9f1671b2b11754d81a743148ddac88ac31fef2d117f367,22.0,naive
2021-07-20,2021-07-20 05:45:00,106.0,388,1ccbb5fc7ebe6e186a9f1671b2b11754d81a743148ddac88ac31fef2d117f367,22.0,naive
2021-07-20,2021-07-20 06:00:00,109.0,102,1ccbb5fc7ebe6e186a9f1671b2b11754d81a743148ddac88ac31fef2d117f367,23.0,naive
2021-07-20,2021-07-20 06:15:00,110.0,102,1ccbb5fc7ebe6e186a9f1671b2b11754d81a743148ddac88ac31fef2d117f367,23.0,naive
2021-07-20,2021-07-20 06:30:00,117.0,102,1ccbb5fc7ebe6e186a9f1671b2b11754d81a743148ddac88ac31fef2d117f367,23.0,naive
2021-07-20,2021-07-20 06:45:00,104.0,102,1ccbb5fc7ebe6e186a9f1671b2b11754d81a743148ddac88ac31fef2d117f367,22.0,naive
2021-07-20,2021-07-20 07:00:00,109.0,1086,1ccbb5fc7ebe6e186a9f1671b2b11754d81a743148ddac88ac31fef2d117f367,23.0,naive
2021-07-20,2021-07-20 07:15:00,130.0,1086,1ccbb5fc7ebe6e186a9f1671b2b11754d81a743148ddac88ac31fef2d117f367,25.0,naive
2021-07-20,2021-07-20 07:30:00,148.0,1086,1ccbb5fc7ebe6e186a9f1671b2b11754d81a743148ddac88ac31fef2d117f367,28.0,naive
2021-07-20,2021-07-20 07:45:00,146.0,1086,1ccbb5fc7ebe6e186a9f1671b2b11754d81a743148ddac88ac31fef2d117f367,25.0,naive
2021-07-20,2021-07-20 08:00:00,170.0,1248,1ccbb5fc7ebe6e186a9f1671b2b11754d81a743148ddac88ac31fef2d117f367,22.0,naive
2021-07-20,2021-07-20 08:15:00,191.0,1248,1ccbb5fc7ebe6e186a9f1671b2b11754d81a743148ddac88ac31fef2d117f367,23.0,naive
2021-07-20,2021-07-20 08:30:00,201.0,1248,1ccbb5fc7ebe6e186a9f1671b2b11754d81a743148ddac88ac31fef2d117f367,23.0,naive
2021-07-20,2021-07-20 08:45:00,191.0,1248,1ccbb5fc7ebe6e186a9f1671b2b11754d81a743148ddac88ac31fef2d117f367,24.0,naive
2021-07-20,2021-07-20 09:00:00,199.0,1828,1ccbb5fc7ebe6e186a9f1671b2b11754d81a743148ddac88ac31fef2d117f367,22.0,naive
2021-07-20,2021-07-20 09:15:00,195.0,1828,1ccbb5fc7ebe6e186a9f1671b2b11754d81a743148ddac88ac31fef2d117f367,23.0,naive
2021-07-20,2021-07-20 09:30:00,171.0,1828,1ccbb5fc7ebe6e186a9f1671b2b11754d81a743148ddac88ac31fef2d117f367,23.0,naive
2021-07-20,2021-07-20 09:45:00,200.0,1828,1ccbb5fc7ebe6e186a9f1671b2b11754d81a743148ddac88ac31fef2d117f367,23.0,naive
2021-07-20,2021-07-20 10:00:00,164.0,1282,1ccbb5fc7ebe6e186a9f1671b2b11754d81a743148ddac88ac31fef2d117f367,22.0,naive
2021-07-20,2021-07-20 10:15:00,196.0,1282,1ccbb5fc7ebe6e186a9f1671b2b11754d81a743148ddac88ac31fef2d117f367,22.0,naive
2021-07-20,2021-07-20 10:30:00,197.0,1282,1ccbb5fc7ebe6e186a9f1671b2b11754d81a743148ddac88ac31fef2d117f367,23.0,naive
2021-07-20,2021-07-20 10:45:00,197.0,1282,1ccbb5fc7ebe6e186a9f1671b2b11754d81a743148ddac88ac31fef2d117f367,23.0,naive
2021-07-20,2021-07-20 11:00:00,192.0,1327,1ccbb5fc7ebe6e186a9f1671b2b11754d81a743148ddac88ac31fef2d117f367,24.0,naive
2021-07-20,2021-07-20 11:15:00,191.0,1327,1ccbb5fc7ebe6e186a9f1671b2b11754d81a743148ddac88ac31fef2d117f367,27.0,naive
2021-07-20,2021-07-20 11:30:00,188.0,1327,1ccbb5fc7ebe6e186a9f1671b2b11754d81a743148ddac88ac31fef2d117f367,23.0,naive
2021-07-20,2021-07-20 11:45:00,190.0,1327,1ccbb5fc7ebe6e186a9f1671b2b11754d81a743148ddac88ac31fef2d117f367,24.0,naive
2021-07-20,2021-07-20 12:00:00,142.0,0,1ccbb5fc7ebe6e186a9f1671b2b11754d81a743148ddac88ac31fef2d117f367,23.0,naive
2021-07-20,2021-07-20 12:15:00,121.0,0,1ccbb5fc7ebe6e186a9f1671b2b11754d81a743148ddac88ac31fef2d117f367,23.0,naive
2021-07-20,2021-07-20 12:30:00,109.0,0,1ccbb5fc7ebe6e186a9f1671b2b11754d81a743148ddac88ac31fef2d117f367,22.0,naive
2021-07-20,2021-07-20 12:45:00,112.0,0,1ccbb5fc7ebe6e186a9f1671b2b11754d81a743148ddac88ac31fef2d117f367,23.0,naive
2021-07-20,2021-07-20 13:00:00,157.0,1234,1ccbb5fc7ebe6e186a9f1671b2b11754d81a743148ddac88ac31fef2d117f367,23.0,naive
2021-07-20,2021-07-20 13:15:00,177.0,1234,1ccbb5fc7ebe6e186a9f1671b2b11754d81a743148ddac88ac31fef2d117f367,23.0,naive
2021-07-20,2021-07-20 13:30:00,183.0,1234,1ccbb5fc7ebe6e186a9f1671b2b11754d81a743148ddac88ac31fef2d117f367,23.0,naive
2021-07-20,2021-07-20 13:45:00,194.0,1234,1ccbb5fc7ebe6e186a9f1671b2b11754d81a743148ddac88ac31fef2d117f367,23.0,naive
2021-07-20,2021-07-20 14:00:00,192.0,823,1ccbb5fc7ebe6e186a9f1671b2b11754d81a743148ddac88ac31fef2d117f367,24.0,naive
2021-07-20,2021-07-20 14:15:00,186.0,823,1ccbb5fc7ebe6e186a9f1671b2b11754d81a743148ddac88ac31fef2d117f367,25.0,naive
2021-07-20,2021-07-20 14:30:00,185.0,823,1ccbb5fc7ebe6e186a9f1671b2b11754d81a743148ddac88ac31fef2d117f367,27.0,naive
2021-07-20,2021-07-20 14:45:00,183.0,823,1ccbb5fc7ebe6e186a9f1671b2b11754d81a743148ddac88ac31fef2d117f367,24.0,naive
2021-07-20,2021-07-20 15:00:00,145.0,419,1ccbb5fc7ebe6e186a9f1671b2b11754d81a743148ddac88ac31fef2d117f367,24.0,naive
2021-07-20,2021-07-20 15:15:00,144.0,419,1ccbb5fc7ebe6e186a9f1671b2b11754d81a743148ddac88ac31fef2d117f367,26.0,naive
2021-07-20,2021-07-20 15:30:00,180.0,419,1ccbb5fc7ebe6e186a9f1671b2b11754d81a743148ddac88ac31fef2d117f367,24.0,naive
2021-07-20,2021-07-20 15:45:00,199.0,419,1ccbb5fc7ebe6e186a9f1671b2b11754d81a743148ddac88ac31fef2d117f367,23.0,naive
2021-07-20,2021-07-20 16:00:00,201.0,2403,1ccbb5fc7ebe6e186a9f1671b2b11754d81a743148ddac88ac31fef2d117f367,23.0,naive
2021-07-20,2021-07-20 16:15:00,179.0,2403,1ccbb5fc7ebe6e186a9f1671b2b11754d81a743148ddac88ac31fef2d117f367,23.0,naive
2021-07-20,2021-07-20 16:30:00,179.0,2403,1ccbb5fc7ebe6e186a9f1671b2b11754d81a743148ddac88ac31fef2d117f367,23.0,naive
2021-07-20,2021-07-20 16:45:00,181.0,2403,1ccbb5fc7ebe6e186a9f1671b2b11754d81a743148ddac88ac31fef2d117f367,23.0,naive
2021-07-20,2021-07-20 17:00:00,116.0,881,1ccbb5fc7ebe6e186a9f1671b2b11754d81a743148ddac88ac31fef2d117f367,23.0,naive
2021-07-20,2021-07-20 17:15:00,107.0,881,1ccbb5fc7ebe6e186a9f1671b2b11754d81a743148ddac88ac31fef2d117f367,24.0,naive
2021-07-20,2021-07-20 17:30:00,145.0,881,1ccbb5fc7ebe6e186a9f1671b2b11754d81a743148ddac88ac31fef2d117f367,23.0,naive
2021-07-20,2021-07-20 17:45:00,159.0,881,1ccbb5fc7ebe6e186a9f1671b2b11754d81a743148ddac88ac31fef2d117f367,27.0,naive
2021-07-20,2021-07-20 18:00:00,179.0,2031,1ccbb5fc7ebe6e186a9f1671b2b11754d81a743148ddac88ac31fef2d117f367,25.0,naive
2021-07-20,2021-07-20 18:15:00,182.0,2031,1ccbb5fc7ebe6e186a9f1671b2b11754d81a743148ddac88ac31fef2d117f367,23.0,naive
2021-07-20,2021-07-20 18:30:00,160.0,2031,1ccbb5fc7ebe6e186a9f1671b2b11754d81a743148ddac88ac31fef2d117f367,23.0,naive
2021-07-20,2021-07-20 18:45:00,177.0,2031,1ccbb5fc7ebe6e186a9f1671b2b11754d81a743148ddac88ac31fef2d117f367,23.0,naive
2021-07-20,2021-07-20 19:00:00,176.0,3506,1ccbb5fc7ebe6e186a9f1671b2b11754d81a743148ddac88ac31fef2d117f367,23.0,naive
2021-07-20,2021-07-20 19:15:00,173.0,3506,1ccbb5fc7ebe6e186a9f1671b2b11754d81a743148ddac88ac31fef2d117f367,23.0,naive
2021-07-20,2021-07-20 19:30:00,173.0,3506,1ccbb5fc7ebe6e186a9f1671b2b11754d81a743148ddac88ac31fef2d117f367,23.0,naive
2021-07-20,2021-07-20 19:45:00,159.0,3506,1ccbb5fc7ebe6e186a9f1671b2b11754d81a743148ddac88ac31fef2d117f367,22.0,naive
2021-07-20,2021-07-20 20:00:00,132.0,80,1ccbb5fc7ebe6e186a9f1671b2b11754d81a743148ddac88ac31fef2d117f367,23.0,naive
2021-07-20,2021-07-20 20:15:00,131.0,80,1ccbb5fc7ebe6e186a9f1671b2b11754d81a743148ddac88ac31fef2d117f367,23.0,naive
2021-07-20,2021-07-20 20:30:00,124.0,80,1ccbb5fc7ebe6e186a9f1671b2b11754d81a743148ddac88ac31fef2d117f367,22.0,naive
2021-07-20,2021-07-20 20:45:00,120.0,80,1ccbb5fc7ebe6e186a9f1671b2b11754d81a743148ddac88ac31fef2d117f367,23.0,naive
2021-07-20,2021-07-20 21:00:00,121.0,562,1ccbb5fc7ebe6e186a9f1671b2b11754d81a743148ddac88ac31fef2d117f367,26.0,naive
2021-07-20,2021-07-20 21:15:00,127.0,562,1ccbb5fc7ebe6e186a9f1671b2b11754d81a743148ddac88ac31fef2d117f367,28.0,naive
2021-07-20,2021-07-20 21:30:00,137.0,562,1ccbb5fc7ebe6e186a9f1671b2b11754d81a743148ddac88ac31fef2d117f367,23.0,naive
2021-07-20,2021-07-20 21:45:00,133.0,562,1ccbb5fc7ebe6e186a9f1671b2b11754d81a743148ddac88ac31fef2d117f367,24.0,naive
2021-07-20,2021-07-20 22:00:00,108.0,235,1ccbb5fc7ebe6e186a9f1671b2b11754d81a743148ddac88ac31fef2d117f367,23.0,naive
2021-07-20,2021-07-20 22:15:00,111.0,235,1ccbb5fc7ebe6e186a9f1671b2b11754d81a743148ddac88ac31fef2d117f367,23.0,naive
2021-07-20,2021-07-20 22:30:00,108.0,235,1ccbb5fc7ebe6e186a9f1671b2b11754d81a743148ddac88ac31fef2d117f367,24.0,naive
2021-07-20,2021-07-20 22:45:00,121.0,235,1ccbb5fc7ebe6e186a9f1671b2b11754d81a743148ddac88ac31fef2d117f367,24.0,naive
2021-07-20,2021-07-20 23:00:00,117.0,108,1ccbb5fc7ebe6e186a9f1671b2b11754d81a743148ddac88ac31fef2d117f367,23.0,naive
2021-07-20,2021-07-20 23:15:00,111.0,108,1ccbb5fc7ebe6e186a9f1671b2b11754d81a743148ddac88ac31fef2d117f367,22.0,naive
2021-07-20,2021-07-20 23:30:00,112.0,108,1ccbb5fc7ebe6e186a9f1671b2b11754d81a743148ddac88ac31fef2d117f367,22.0,naive
2021-07-20,2021-07-20 23:45:00,96.0,108,1ccbb5fc7ebe6e186a9f1671b2b11754d81a743148ddac88ac31fef2d117f367,23.0,naive
2021-07-21,2021-07-21 00:00:00,85.0,286,f266403f0a38876934dee5f9b09e82e6787f25e18eb53babbde4cf44d8ee9cd0,75.0,naive
2021-07-21,2021-07-21 00:15:00,79.0,286,f266403f0a38876934dee5f9b09e82e6787f25e18eb53babbde4cf44d8ee9cd0,71.0,naive
2021-07-21,2021-07-21 00:30:00,74.0,286,f266403f0a38876934dee5f9b09e82e6787f25e18eb53babbde4cf44d8ee9cd0,73.0,naive
2021-07-21,2021-07-21 00:45:00,72.0,286,f266403f0a38876934dee5f9b09e82e6787f25e18eb53babbde4cf44d8ee9cd0,72.0,naive
2021-07-21,2021-07-21 01:00:00,96.0,270,f266403f0a38876934dee5f9b09e82e6787f25e18eb53babbde4cf44d8ee9cd0,90.0,naive
2021-07-21,2021-07-21 01:15:00,105.0,270,f266403f0a38876934dee5f9b09e82e6787f25e18eb53babbde4cf44d8ee9cd0,112.0,naive
2021-07-21,2021-07-21 01:30:00,112.0,270,f266403f0a38876934dee5f9b09e82e6787f25e18eb53babbde4cf44d8ee9cd0,107.0,naive
2021-07-21,2021-07-21 01:45:00,113.0,270,f266403f0a38876934dee5f9b09e82e6787f25e18eb53babbde4cf44d8ee9cd0,99.0,naive
2021-07-21,2021-07-21 02:00:00,89.0,126,f266403f0a38876934dee5f9b09e82e6787f25e18eb53babbde4cf44d8ee9cd0,109.0,naive
2021-07-21,2021-07-21 02:15:00,100.0,126,f266403f0a38876934dee5f9b09e82e6787f25e18eb53babbde4cf44d8ee9cd0,108.0,naive
2021-07-21,2021-07-21 02:30:00,108.0,126,f266403f0a38876934dee5f9b09e82e6787f25e18eb53babbde4cf44d8ee9cd0,107.0,naive
2021-07-21,2021-07-21 02:45:00,101.0,126,f266403f0a38876934dee5f9b09e82e6787f25e18eb53babbde4cf44d8ee9cd0,97.0,naive
2021-07-21,2021-07-21 03:00:00,85.0,528,f266403f0a38876934dee5f9b09e82e6787f25e18eb53babbde4cf44d8ee9cd0,86.0,naive
2021-07-21,2021-07-21 03:15:00,104.0,528,f266403f0a38876934dee5f9b09e82e6787f25e18eb53babbde4cf44d8ee9cd0,100.0,naive
2021-07-21,2021-07-21 03:30:00,106.0,528,f266403f0a38876934dee5f9b09e82e6787f25e18eb53babbde4cf44d8ee9cd0,114.0,naive
2021-07-21,2021-07-21 03:45:00,111.0,528,f266403f0a38876934dee5f9b09e82e6787f25e18eb53babbde4cf44d8ee9cd0,109.0,naive
2021-07-21,2021-07-21 04:00:00,100.0,158,f266403f0a38876934dee5f9b09e82e6787f25e18eb53babbde4cf44d8ee9cd0,106.0,naive
2021-07-21,2021-07-21 04:15:00,117.0,158,f266403f0a38876934dee5f9b09e82e6787f25e18eb53babbde4cf44d8ee9cd0,107.0,naive
2021-07-21,2021-07-21 04:30:00,111.0,158,f266403f0a38876934dee5f9b09e82e6787f25e18eb53babbde4cf44d8ee9cd0,105.0,naive
2021-07-21,2021-07-21 04:45:00,99.0,158,f266403f0a38876934dee5f9b09e82e6787f25e18eb53babbde4cf44d8ee9cd0,103.0,naive
2021-07-21,2021-07-21 05:00:00,86.0,187,f266403f0a38876934dee5f9b09e82e6787f25e18eb53babbde4cf44d8ee9cd0,81.0,naive
2021-07-21,2021-07-21 05:15:00,78.0,187,f266403f0a38876934dee5f9b09e82e6787f25e18eb53babbde4cf44d8ee9cd0,73.0,naive
2021-07-21,2021-07-21 05:30:00,99.0,187,f266403f0a38876934dee5f9b09e82e6787f25e18eb53babbde4cf44d8ee9cd0,88.0,naive
2021-07-21,2021-07-21 05:45:00,111.0,187,f266403f0a38876934dee5f9b09e82e6787f25e18eb53babbde4cf44d8ee9cd0,115.0,naive
2021-07-21,2021-07-21 06:00:00,108.0,56,f266403f0a38876934dee5f9b09e82e6787f25e18eb53babbde4cf44d8ee9cd0,112.0,naive
2021-07-21,2021-07-21 06:15:00,99.0,56,f266403f0a38876934dee5f9b09e82e6787f25e18eb53babbde4cf44d8ee9cd0,100.0,naive
2021-07-21,2021-07-21 06:30:00,110.0,56,f266403f0a38876934dee5f9b09e82e6787f25e18eb53babbde4cf44d8ee9cd0,100.0,naive
2021-07-21,2021-07-21 06:45:00,106.0,56,f266403f0a38876934dee5f9b09e82e6787f25e18eb53babbde4cf44d8ee9cd0,110.0,naive
2021-07-21,2021-07-21 07:00:00,104.0,842,f266403f0a38876934dee5f9b09e82e6787f25e18eb53babbde4cf44d8ee9cd0,111.0,naive
2021-07-21,2021-07-21 07:15:00,111.0,842,f266403f0a38876934dee5f9b09e82e6787f25e18eb53babbde4cf44d8ee9cd0,126.0,naive
2021-07-21,2021-07-21 07:30:00,149.0,842,f266403f0a38876934dee5f9b09e82e6787f25e18eb53babbde4cf44d8ee9cd0,154.0,naive
2021-07-21,2021-07-21 07:45:00,148.0,842,f266403f0a38876934dee5f9b09e82e6787f25e18eb53babbde4cf44d8ee9cd0,137.0,naive
2021-07-21,2021-07-21 08:00:00,164.0,933,f266403f0a38876934dee5f9b09e82e6787f25e18eb53babbde4cf44d8ee9cd0,157.0,naive
2021-07-21,2021-07-21 08:15:00,200.0,933,f266403f0a38876934dee5f9b09e82e6787f25e18eb53babbde4cf44d8ee9cd0,186.0,naive
2021-07-21,2021-07-21 08:30:00,209.0,933,f266403f0a38876934dee5f9b09e82e6787f25e18eb53babbde4cf44d8ee9cd0,186.0,naive
2021-07-21,2021-07-21 08:45:00,199.0,933,f266403f0a38876934dee5f9b09e82e6787f25e18eb53babbde4cf44d8ee9cd0,186.0,naive
2021-07-21,2021-07-21 09:00:00,195.0,1013,f266403f0a38876934dee5f9b09e82e6787f25e18eb53babbde4cf44d8ee9cd0,177.0,naive
2021-07-21,2021-07-21 09:15:00,200.0,1013,f266403f0a38876934dee5f9b09e82e6787f25e18eb53babbde4cf44d8ee9cd0,180.0,naive
2021-07-21,2021-07-21 09:30:00,205.0,1013,f266403f0a38876934dee5f9b09e82e6787f25e18eb53babbde4cf44d8ee9cd0,195.0,naive
2021-07-21,2021-07-21 09:45:00,214.0,1013,f266403f0a38876934dee5f9b09e82e6787f25e18eb53babbde4cf44d8ee9cd0,188.0,naive
2021-07-21,2021-07-21 10:00:00,164.0,628,f266403f0a38876934dee5f9b09e82e6787f25e18eb53babbde4cf44d8ee9cd0,158.0,naive
2021-07-21,2021-07-21 10:15:00,197.0,628,f266403f0a38876934dee5f9b09e82e6787f25e18eb53babbde4cf44d8ee9cd0,182.0,naive
2021-07-21,2021-07-21 10:30:00,183.0,628,f266403f0a38876934dee5f9b09e82e6787f25e18eb53babbde4cf44d8ee9cd0,185.0,naive
2021-07-21,2021-07-21 10:45:00,173.0,628,f266403f0a38876934dee5f9b09e82e6787f25e18eb53babbde4cf44d8ee9cd0,173.0,naive
2021-07-21,2021-07-21 11:00:00,180.0,1336,f266403f0a38876934dee5f9b09e82e6787f25e18eb53babbde4cf44d8ee9cd0,182.0,naive
2021-07-21,2021-07-21 11:15:00,200.0,1336,f266403f0a38876934dee5f9b09e82e6787f25e18eb53babbde4cf44d8ee9cd0,193.0,naive
2021-07-21,2021-07-21 11:30:00,200.0,1336,f266403f0a38876934dee5f9b09e82e6787f25e18eb53babbde4cf44d8ee9cd0,189.0,naive
2021-07-21,2021-07-21 11:45:00,206.0,1336,f266403f0a38876934dee5f9b09e82e6787f25e18eb53babbde4cf44d8ee9cd0,177.0,naive
2021-07-21,2021-07-21 12:00:00,150.0,88,f266403f0a38876934dee5f9b09e82e6787f25e18eb53babbde4cf44d8ee9cd0,110.0,naive
2021-07-21,2021-07-21 12:15:00,128.0,88,f266403f0a38876934dee5f9b09e82e6787f25e18eb53babbde4cf44d8ee9cd0,94.0,naive
2021-07-21,2021-07-21 12:30:00,116.0,88,f266403f0a38876934dee5f9b09e82e6787f25e18eb53babbde4cf44d8ee9cd0,96.0,naive
2021-07-21,2021-07-21 12:45:00,116.0,88,f266403f0a38876934dee5f9b09e82e6787f25e18eb53babbde4cf44d8ee9cd0,97.0,naive
2021-07-21,2021-07-21 13:00:00,177.0,1911,f266403f0a38876934dee5f9b09e82e6787f25e18eb53babbde4cf44d8ee9cd0,143.0,naive
2021-07-21,2021-07-21 13:15:00,181.0,1911,f266403f0a38876934dee5f9b09e82e6787f25e18eb53babbde4cf44d8ee9cd0,179.0,naive
2021-07-21,2021-07-21 13:30:00,193.0,1911,f266403f0a38876934dee5f9b09e82e6787f25e18eb53babbde4cf44d8ee9cd0,168.0,naive
2021-07-21,2021-07-21 13:45:00,204.0,1911,f266403f0a38876934dee5f9b09e82e6787f25e18eb53babbde4cf44d8ee9cd0,173.0,naive
2021-07-21,2021-07-21 14:00:00,197.0,972,f266403f0a38876934dee5f9b09e82e6787f25e18eb53babbde4cf44d8ee9cd0,186.0,naive
2021-07-21,2021-07-21 14:15:00,203.0,972,f266403f0a38876934dee5f9b09e82e6787f25e18eb53babbde4cf44d8ee9cd0,176.0,naive
2021-07-21,2021-07-21 14:30:00,201.0,972,f266403f0a38876934dee5f9b09e82e6787f25e18eb53babbde4cf44d8ee9cd0,170.0,naive
2021-07-21,2021-07-21 14:45:00,194.0,972,f266403f0a38876934dee5f9b09e82e6787f25e18eb53babbde4cf44d8ee9cd0,179.0,naive
2021-07-21,2021-07-21 15:00:00,151.0,4021,f266403f0a38876934dee5f9b09e82e6787f25e18eb53babbde4cf44d8ee9cd0,141.0,naive
2021-07-21,2021-07-21 15:15:00,151.0,4021,f266403f0a38876934dee5f9b09e82e6787f25e18eb53babbde4cf44d8ee9cd0,123.0,naive
2021-07-21,2021-07-21 15:30:00,199.0,4021,f266403f0a38876934dee5f9b09e82e6787f25e18eb53babbde4cf44d8ee9cd0,136.0,naive
2021-07-21,2021-07-21 15:45:00,183.0,4021,f266403f0a38876934dee5f9b09e82e6787f25e18eb53babbde4cf44d8ee9cd0,136.0,naive
2021-07-21,2021-07-21 16:00:00,180.0,865,f266403f0a38876934dee5f9b09e82e6787f25e18eb53babbde4cf44d8ee9cd0,155.0,naive
2021-07-21,2021-07-21 16:15:00,178.0,865,f266403f0a38876934dee5f9b09e82e6787f25e18eb53babbde4cf44d8ee9cd0,150.0,naive
2021-07-21,2021-07-21 16:30:00,182.0,865,f266403f0a38876934dee5f9b09e82e6787f25e18eb53babbde4cf44d8ee9cd0,156.0,naive
2021-07-21,2021-07-21 16:45:00,189.0,865,f266403f0a38876934dee5f9b09e82e6787f25e18eb53babbde4cf44d8ee9cd0,156.0,naive
2021-07-21,2021-07-21 17:00:00,133.0,593,f266403f0a38876934dee5f9b09e82e6787f25e18eb53babbde4cf44d8ee9cd0,125.0,naive
2021-07-21,2021-07-21 17:15:00,116.0,593,f266403f0a38876934dee5f9b09e82e6787f25e18eb53babbde4cf44d8ee9cd0,110.0,naive
2021-07-21,2021-07-21 17:30:00,149.0,593,f266403f0a38876934dee5f9b09e82e6787f25e18eb53babbde4cf44d8ee9cd0,145.0,naive
2021-07-21,2021-07-21 17:45:00,153.0,593,f266403f0a38876934dee5f9b09e82e6787f25e18eb53babbde4cf44d8ee9cd0,179.0,naive
2021-07-21,2021-07-21 18:00:00,162.0,972,f266403f0a38876934dee5f9b09e82e6787f25e18eb53babbde4cf44d8ee9cd0,169.0,naive
2021-07-21,2021-07-21 18:15:00,168.0,972,f266403f0a38876934dee5f9b09e82e6787f25e18eb53babbde4cf44d8ee9cd0,164.0,naive
2021-07-21,2021-07-21 18:30:00,152.0,972,f266403f0a38876934dee5f9b09e82e6787f25e18eb53babbde4cf44d8ee9cd0,163.0,naive
2021-07-21,2021-07-21 18:45:00,167.0,972,f266403f0a38876934dee5f9b09e82e6787f25e18eb53babbde4cf44d8ee9cd0,163.0,naive
2021-07-21,2021-07-21 19:00:00,170.0,3122,f266403f0a38876934dee5f9b09e82e6787f25e18eb53babbde4cf44d8ee9cd0,148.0,naive
2021-07-21,2021-07-21 19:15:00,161.0,3122,f266403f0a38876934dee5f9b09e82e6787f25e18eb53babbde4cf44d8ee9cd0,148.0,naive
2021-07-21,2021-07-21 19:30:00,174.0,3122,f266403f0a38876934dee5f9b09e82e6787f25e18eb53babbde4cf44d8ee9cd0,142.0,naive
2021-07-21,2021-07-21 19:45:00,143.0,3122,f266403f0a38876934dee5f9b09e82e6787f25e18eb53babbde4cf44d8ee9cd0,114.0,naive
2021-07-21,2021-07-21 20:00:00,126.0,0,f266403f0a38876934dee5f9b09e82e6787f25e18eb53babbde4cf44d8ee9cd0,110.0,naive
2021-07-21,2021-07-21 20:15:00,138.0,0,f266403f0a38876934dee5f9b09e82e6787f25e18eb53babbde4cf44d8ee9cd0,120.0,naive
2021-07-21,2021-07-21 20:30:00,131.0,0,f266403f0a38876934dee5f9b09e82e6787f25e18eb53babbde4cf44d8ee9cd0,111.0,naive
2021-07-21,2021-07-21 20:45:00,128.0,0,f266403f0a38876934dee5f9b09e82e6787f25e18eb53babbde4cf44d8ee9cd0,106.0,naive
2021-07-21,2021-07-21 21:00:00,118.0,273,f266403f0a38876934dee5f9b09e82e6787f25e18eb53babbde4cf44d8ee9cd0,113.0,naive
2021-07-21,2021-07-21 21:15:00,116.0,273,f266403f0a38876934dee5f9b09e82e6787f25e18eb53babbde4cf44d8ee9cd0,110.0,naive
2021-07-21,2021-07-21 21:30:00,118.0,273,f266403f0a38876934dee5f9b09e82e6787f25e18eb53babbde4cf44d8ee9cd0,112.0,naive
2021-07-21,2021-07-21 21:45:00,116.0,273,f266403f0a38876934dee5f9b09e82e6787f25e18eb53babbde4cf44d8ee9cd0,111.0,naive
2021-07-21,2021-07-21 22:00:00,88.0,275,f266403f0a38876934dee5f9b09e82e6787f25e18eb53babbde4cf44d8ee9cd0,101.0,naive
2021-07-21,2021-07-21 22:15:00,102.0,275,f266403f0a38876934dee5f9b09e82e6787f25e18eb53babbde4cf44d8ee9cd0,115.0,naive
2021-07-21,2021-07-21 22:30:00,110.0,275,f266403f0a38876934dee5f9b09e82e6787f25e18eb53babbde4cf44d8ee9cd0,113.0,naive
2021-07-21,2021-07-21 22:45:00,114.0,275,f266403f0a38876934dee5f9b09e82e6787f25e18eb53babbde4cf44d8ee9cd0,112.0,naive
2021-07-21,2021-07-21 23:00:00,106.0,6,f266403f0a38876934dee5f9b09e82e6787f25e18eb53babbde4cf44d8ee9cd0,109.0,naive
2021-07-21,2021-07-21 23:15:00,111.0,6,f266403f0a38876934dee5f9b09e82e6787f25e18eb53babbde4cf44d8ee9cd0,112.0,naive
2021-07-21,2021-07-21 23:30:00,107.0,6,f266403f0a38876934dee5f9b09e82e6787f25e18eb53babbde4cf44d8ee9cd0,112.0,naive
2021-07-21,2021-07-21 23:45:00,88.0,6,f266403f0a38876934dee5f9b09e82e6787f25e18eb53babbde4cf44d8ee9cd0,83.0,naive
2021-07-22,2021-07-22 00:00:00,73.0,222,dea5f37dc95bdd1290cce2f6733b48a569be996fad842d82e9cc4d3463cc6120,76.0,naive
2021-07-22,2021-07-22 00:15:00,72.0,222,dea5f37dc95bdd1290cce2f6733b48a569be996fad842d82e9cc4d3463cc6120,69.0,naive
2021-07-22,2021-07-22 00:30:00,70.0,222,dea5f37dc95bdd1290cce2f6733b48a569be996fad842d82e9cc4d3463cc6120,68.0,naive
2021-07-22,2021-07-22 00:45:00,67.0,222,dea5f37dc95bdd1290cce2f6733b48a569be996fad842d82e9cc4d3463cc6120,69.0,naive
2021-07-22,2021-07-22 01:00:00,88.0,150,dea5f37dc95bdd1290cce2f6733b48a569be996fad842d82e9cc4d3463cc6120,83.0,naive
2021-07-22,2021-07-22 01:15:00,96.0,150,dea5f37dc95bdd1290cce2f6733b48a569be996fad842d82e9cc4d3463cc6120,104.0,naive
2021-07-22,2021-07-22 01:30:00,106.0,150,dea5f37dc95bdd1290cce2f6733b48a569be996fad842d82e9cc4d3463cc6120,112.0,naive
2021-07-22,2021-07-22 01:45:00,106.0,150,dea5f37dc95bdd1290cce2f6733b48a569be996fad842d82e9cc4d3463cc6120,102.0,naive
2021-07-22,2021-07-22 02:00:00,97.0,23,dea5f37dc95bdd1290cce2f6733b48a569be996fad842d82e9cc4d3463cc6120,106.0,naive
2021-07-22,2021-07-22 02:15:00,111.0,23,dea5f37dc95bdd1290cce2f6733b48a569be996fad842d82e9cc4d3463cc6120,104.0,naive
2021-07-22,2021-07-22 02:30:00,108.0,23,dea5f37dc95bdd1290cce2f6733b48a569be996fad842d82e9cc4d3463cc6120,100.0,naive
2021-07-22,2021-07-22 02:45:00,95.0,23,dea5f37dc95bdd1290cce2f6733b48a569be996fad842d82e9cc4d3463cc6120,103.0,naive
2021-07-22,2021-07-22 03:00:00,86.0,162,dea5f37dc95bdd1290cce2f6733b48a569be996fad842d82e9cc4d3463cc6120,87.0,naive
2021-07-22,2021-07-22 03:15:00,104.0,162,dea5f37dc95bdd1290cce2f6733b48a569be996fad842d82e9cc4d3463cc6120,103.0,naive
2021-07-22,2021-07-22 03:30:00,103.0,162,dea5f37dc95bdd1290cce2f6733b48a569be996fad842d82e9cc4d3463cc6120,116.0,naive
2021-07-22,2021-07-22 03:45:00,105.0,162,dea5f37dc95bdd1290cce2f6733b48a569be996fad842d82e9cc4d3463cc6120,112.0,naive
2021-07-22,2021-07-22 04:00:00,101.0,82,dea5f37dc95bdd1290cce2f6733b48a569be996fad842d82e9cc4d3463cc6120,110.0,naive
2021-07-22,2021-07-22 04:15:00,105.0,82,dea5f37dc95bdd1290cce2f6733b48a569be996fad842d82e9cc4d3463cc6120,110.0,naive
2021-07-22,2021-07-22 04:30:00,106.0,82,dea5f37dc95bdd1290cce2f6733b48a569be996fad842d82e9cc4d3463cc6120,108.0,naive
2021-07-22,2021-07-22 04:45:00,108.0,82,dea5f37dc95bdd1290cce2f6733b48a569be996fad842d82e9cc4d3463cc6120,100.0,naive
2021-07-22,2021-07-22 05:00:00,80.0,0,dea5f37dc95bdd1290cce2f6733b48a569be996fad842d82e9cc4d3463cc6120,91.0,naive
2021-07-22,2021-07-22 05:15:00,74.0,0,dea5f37dc95bdd1290cce2f6733b48a569be996fad842d82e9cc4d3463cc6120,79.0,naive
2021-07-22,2021-07-22 05:30:00,85.0,0,dea5f37dc95bdd1290cce2f6733b48a569be996fad842d82e9cc4d3463cc6120,87.0,naive
2021-07-22,2021-07-22 05:45:00,103.0,0,dea5f37dc95bdd1290cce2f6733b48a569be996fad842d82e9cc4d3463cc6120,106.0,naive
2021-07-22,2021-07-22 06:00:00,104.0,482,dea5f37dc95bdd1290cce2f6733b48a569be996fad842d82e9cc4d3463cc6120,109.0,naive
2021-07-22,2021-07-22 06:15:00,106.0,482,dea5f37dc95bdd1290cce2f6733b48a569be996fad842d82e9cc4d3463cc6120,110.0,naive
2021-07-22,2021-07-22 06:30:00,109.0,482,dea5f37dc95bdd1290cce2f6733b48a569be996fad842d82e9cc4d3463cc6120,117.0,naive
2021-07-22,2021-07-22 06:45:00,104.0,482,dea5f37dc95bdd1290cce2f6733b48a569be996fad842d82e9cc4d3463cc6120,104.0,naive
2021-07-22,2021-07-22 07:00:00,101.0,1255,dea5f37dc95bdd1290cce2f6733b48a569be996fad842d82e9cc4d3463cc6120,109.0,naive
2021-07-22,2021-07-22 07:15:00,108.0,1255,dea5f37dc95bdd1290cce2f6733b48a569be996fad842d82e9cc4d3463cc6120,130.0,naive
2021-07-22,2021-07-22 07:30:00,132.0,1255,dea5f37dc95bdd1290cce2f6733b48a569be996fad842d82e9cc4d3463cc6120,148.0,naive
2021-07-22,2021-07-22 07:45:00,146.0,1255,dea5f37dc95bdd1290cce2f6733b48a569be996fad842d82e9cc4d3463cc6120,146.0,naive
2021-07-22,2021-07-22 08:00:00,184.0,709,dea5f37dc95bdd1290cce2f6733b48a569be996fad842d82e9cc4d3463cc6120,170.0,naive
2021-07-22,2021-07-22 08:15:00,213.0,709,dea5f37dc95bdd1290cce2f6733b48a569be996fad842d82e9cc4d3463cc6120,191.0,naive
2021-07-22,2021-07-22 08:30:00,193.0,709,dea5f37dc95bdd1290cce2f6733b48a569be996fad842d82e9cc4d3463cc6120,201.0,naive
2021-07-22,2021-07-22 08:45:00,196.0,709,dea5f37dc95bdd1290cce2f6733b48a569be996fad842d82e9cc4d3463cc6120,191.0,naive
2021-07-22,2021-07-22 09:00:00,186.0,491,dea5f37dc95bdd1290cce2f6733b48a569be996fad842d82e9cc4d3463cc6120,199.0,naive
2021-07-22,2021-07-22 09:15:00,197.0,491,dea5f37dc95bdd1290cce2f6733b48a569be996fad842d82e9cc4d3463cc6120,195.0,naive
2021-07-22,2021-07-22 09:30:00,192.0,491,dea5f37dc95bdd1290cce2f6733b48a569be996fad842d82e9cc4d3463cc6120,171.0,naive
2021-07-22,2021-07-22 09:45:00,191.0,491,dea5f37dc95bdd1290cce2f6733b48a569be996fad842d82e9cc4d3463cc6120,200.0,naive
2021-07-22,2021-07-22 10:00:00,148.0,679,dea5f37dc95bdd1290cce2f6733b48a569be996fad842d82e9cc4d3463cc6120,164.0,naive
2021-07-22,2021-07-22 10:15:00,192.0,679,dea5f37dc95bdd1290cce2f6733b48a569be996fad842d82e9cc4d3463cc6120,196.0,naive
2021-07-22,2021-07-22 10:30:00,188.0,679,dea5f37dc95bdd1290cce2f6733b48a569be996fad842d82e9cc4d3463cc6120,197.0,naive
2021-07-22,2021-07-22 10:45:00,190.0,679,dea5f37dc95bdd1290cce2f6733b48a569be996fad842d82e9cc4d3463cc6120,197.0,naive
2021-07-22,2021-07-22 11:00:00,177.0,691,dea5f37dc95bdd1290cce2f6733b48a569be996fad842d82e9cc4d3463cc6120,192.0,naive
2021-07-22,2021-07-22 11:15:00,188.0,691,dea5f37dc95bdd1290cce2f6733b48a569be996fad842d82e9cc4d3463cc6120,191.0,naive
2021-07-22,2021-07-22 11:30:00,188.0,691,dea5f37dc95bdd1290cce2f6733b48a569be996fad842d82e9cc4d3463cc6120,188.0,naive
2021-07-22,2021-07-22 11:45:00,192.0,691,dea5f37dc95bdd1290cce2f6733b48a569be996fad842d82e9cc4d3463cc6120,190.0,naive
2021-07-22,2021-07-22 12:00:00,119.0,30,dea5f37dc95bdd1290cce2f6733b48a569be996fad842d82e9cc4d3463cc6120,142.0,naive
2021-07-22,2021-07-22 12:15:00,99.0,30,dea5f37dc95bdd1290cce2f6733b48a569be996fad842d82e9cc4d3463cc6120,121.0,naive
2021-07-22,2021-07-22 12:30:00,99.0,30,dea5f37dc95bdd1290cce2f6733b48a569be996fad842d82e9cc4d3463cc6120,109.0,naive
2021-07-22,2021-07-22 12:45:00,97.0,30,dea5f37dc95bdd1290cce2f6733b48a569be996fad842d82e9cc4d3463cc6120,112.0,naive
2021-07-22,2021-07-22 13:00:00,157.0,2297,dea5f37dc95bdd1290cce2f6733b48a569be996fad842d82e9cc4d3463cc6120,157.0,naive
2021-07-22,2021-07-22 13:15:00,174.0,2297,dea5f37dc95bdd1290cce2f6733b48a569be996fad842d82e9cc4d3463cc6120,177.0,naive
2021-07-22,2021-07-22 13:30:00,177.0,2297,dea5f37dc95bdd1290cce2f6733b48a569be996fad842d82e9cc4d3463cc6120,183.0,naive
2021-07-22,2021-07-22 13:45:00,174.0,2297,dea5f37dc95bdd1290cce2f6733b48a569be996fad842d82e9cc4d3463cc6120,194.0,naive
2021-07-22,2021-07-22 14:00:00,178.0,383,dea5f37dc95bdd1290cce2f6733b48a569be996fad842d82e9cc4d3463cc6120,192.0,naive
2021-07-22,2021-07-22 14:15:00,178.0,383,dea5f37dc95bdd1290cce2f6733b48a569be996fad842d82e9cc4d3463cc6120,186.0,naive
2021-07-22,2021-07-22 14:30:00,182.0,383,dea5f37dc95bdd1290cce2f6733b48a569be996fad842d82e9cc4d3463cc6120,185.0,naive
2021-07-22,2021-07-22 14:45:00,189.0,383,dea5f37dc95bdd1290cce2f6733b48a569be996fad842d82e9cc4d3463cc6120,183.0,naive
2021-07-22,2021-07-22 15:00:00,149.0,727,dea5f37dc95bdd1290cce2f6733b48a569be996fad842d82e9cc4d3463cc6120,145.0,naive
2021-07-22,2021-07-22 15:15:00,143.0,727,dea5f37dc95bdd1290cce2f6733b48a569be996fad842d82e9cc4d3463cc6120,144.0,naive
2021-07-22,2021-07-22 15:30:00,182.0,727,dea5f37dc95bdd1290cce2f6733b48a569be996fad842d82e9cc4d3463cc6120,180.0,naive
2021-07-22,2021-07-22 15:45:00,180.0,727,dea5f37dc95bdd1290cce2f6733b48a569be996fad842d82e9cc4d3463cc6120,199.0,naive
2021-07-22,2021-07-22 16:00:00,172.0,634,dea5f37dc95bdd1290cce2f6733b48a569be996fad842d82e9cc4d3463cc6120,201.0,naive
2021-07-22,2021-07-22 16:15:00,166.0,634,dea5f37dc95bdd1290cce2f6733b48a569be996fad842d82e9cc4d3463cc6120,179.0,naive
2021-07-22,2021-07-22 16:30:00,166.0,634,dea5f37dc95bdd1290cce2f6733b48a569be996fad842d82e9cc4d3463cc6120,179.0,naive
2021-07-22,2021-07-22 16:45:00,157.0,634,dea5f37dc95bdd1290cce2f6733b48a569be996fad842d82e9cc4d3463cc6120,181.0,naive
2021-07-22,2021-07-22 17:00:00,110.0,552,dea5f37dc95bdd1290cce2f6733b48a569be996fad842d82e9cc4d3463cc6120,116.0,naive
2021-07-22,2021-07-22 17:15:00,97.0,552,dea5f37dc95bdd1290cce2f6733b48a569be996fad842d82e9cc4d3463cc6120,107.0,naive
2021-07-22,2021-07-22 17:30:00,133.0,552,dea5f37dc95bdd1290cce2f6733b48a569be996fad842d82e9cc4d3463cc6120,145.0,naive
2021-07-22,2021-07-22 17:45:00,155.0,552,dea5f37dc95bdd1290cce2f6733b48a569be996fad842d82e9cc4d3463cc6120,159.0,naive
2021-07-22,2021-07-22 18:00:00,157.0,992,dea5f37dc95bdd1290cce2f6733b48a569be996fad842d82e9cc4d3463cc6120,179.0,naive
2021-07-22,2021-07-22 18:15:00,168.0,992,dea5f37dc95bdd1290cce2f6733b48a569be996fad842d82e9cc4d3463cc6120,182.0,naive
2021-07-22,2021-07-22 18:30:00,160.0,992,dea5f37dc95bdd1290cce2f6733b48a569be996fad842d82e9cc4d3463cc6120,160.0,naive
2021-07-22,2021-07-22 18:45:00,169.0,992,dea5f37dc95bdd1290cce2f6733b48a569be996fad842d82e9cc4d3463cc6120,177.0,naive
2021-07-22,2021-07-22 19:00:00,163.0,4520,dea5f37dc95bdd1290cce2f6733b48a569be996fad842d82e9cc4d3463cc6120,176.0,naive
2021-07-22,2021-07-22 19:15:00,152.0,4520,dea5f37dc95bdd1290cce2f6733b48a569be996fad842d82e9cc4d3463cc6120,173.0,naive
2021-07-22,2021-07-22 19:30:00,162.0,4520,dea5f37dc95bdd1290cce2f6733b48a569be996fad842d82e9cc4d3463cc6120,173.0,naive
2021-07-22,2021-07-22 19:45:00,138.0,4520,dea5f37dc95bdd1290cce2f6733b48a569be996fad842d82e9cc4d3463cc6120,159.0,naive
2021-07-22,2021-07-22 20:00:00,132.0,368,dea5f37dc95bdd1290cce2f6733b48a569be996fad842d82e9cc4d3463cc6120,132.0,naive
2021-07-22,2021-07-22 20:15:00,138.0,368,dea5f37dc95bdd1290cce2f6733b48a569be996fad842d82e9cc4d3463cc6120,131.0,naive
2021-07-22,2021-07-22 20:30:00,127.0,368,dea5f37dc95bdd1290cce2f6733b48a569be996fad842d82e9cc4d3463cc6120,124.0,naive
2021-07-22,2021-07-22 20:45:00,130.0,368,dea5f37dc95bdd1290cce2f6733b48a569be996fad842d82e9cc4d3463cc6120,120.0,naive
2021-07-22,2021-07-22 21:00:00,119.0,0,dea5f37dc95bdd1290cce2f6733b48a569be996fad842d82e9cc4d3463cc6120,121.0,naive
2021-07-22,2021-07-22 21:15:00,119.0,0,dea5f37dc95bdd1290cce2f6733b48a569be996fad842d82e9cc4d3463cc6120,127.0,naive
2021-07-22,2021-07-22 21:30:00,123.0,0,dea5f37dc95bdd1290cce2f6733b48a569be996fad842d82e9cc4d3463cc6120,137.0,naive
2021-07-22,2021-07-22 21:45:00,118.0,0,dea5f37dc95bdd1290cce2f6733b48a569be996fad842d82e9cc4d3463cc6120,133.0,naive
2021-07-22,2021-07-22 22:00:00,104.0,270,dea5f37dc95bdd1290cce2f6733b48a569be996fad842d82e9cc4d3463cc6120,108.0,naive
2021-07-22,2021-07-22 22:15:00,122.0,270,dea5f37dc95bdd1290cce2f6733b48a569be996fad842d82e9cc4d3463cc6120,111.0,naive
2021-07-22,2021-07-22 22:30:00,119.0,270,dea5f37dc95bdd1290cce2f6733b48a569be996fad842d82e9cc4d3463cc6120,108.0,naive
2021-07-22,2021-07-22 22:45:00,114.0,270,dea5f37dc95bdd1290cce2f6733b48a569be996fad842d82e9cc4d3463cc6120,121.0,naive
2021-07-22,2021-07-22 23:00:00,107.0,82,dea5f37dc95bdd1290cce2f6733b48a569be996fad842d82e9cc4d3463cc6120,117.0,naive
2021-07-22,2021-07-22 23:15:00,104.0,82,dea5f37dc95bdd1290cce2f6733b48a569be996fad842d82e9cc4d3463cc6120,111.0,naive
2021-07-22,2021-07-22 23:30:00,114.0,82,dea5f37dc95bdd1290cce2f6733b48a569be996fad842d82e9cc4d3463cc6120,112.0,naive
2021-07-22,2021-07-22 23:45:00,104.0,82,dea5f37dc95bdd1290cce2f6733b48a569be996fad842d82e9cc4d3463cc6120,96.0,naive
2021-07-23,2021-07-23 00:00:00,87.0,200,5233b86e7c6af93f2acd7b2dac75a983a10fcf42c1a3456251b73df4ab1a1a23,67.0,naive
2021-07-23,2021-07-23 00:15:00,79.0,200,5233b86e7c6af93f2acd7b2dac75a983a10fcf42c1a3456251b73df4ab1a1a23,65.0,naive
2021-07-23,2021-07-23 00:30:00,74.0,200,5233b86e7c6af93f2acd7b2dac75a983a10fcf42c1a3456251b73df4ab1a1a23,64.0,naive
2021-07-23,2021-07-23 00:45:00,71.0,200,5233b86e7c6af93f2acd7b2dac75a983a10fcf42c1a3456251b73df4ab1a1a23,65.0,naive
2021-07-23,2021-07-23 01:00:00,98.0,91,5233b86e7c6af93f2acd7b2dac75a983a10fcf42c1a3456251b73df4ab1a1a23,95.0,naive
2021-07-23,2021-07-23 01:15:00,111.0,91,5233b86e7c6af93f2acd7b2dac75a983a10fcf42c1a3456251b73df4ab1a1a23,96.0,naive
2021-07-23,2021-07-23 01:30:00,106.0,91,5233b86e7c6af93f2acd7b2dac75a983a10fcf42c1a3456251b73df4ab1a1a23,100.0,naive
2021-07-23,2021-07-23 01:45:00,103.0,91,5233b86e7c6af93f2acd7b2dac75a983a10fcf42c1a3456251b73df4ab1a1a23,92.0,naive
2021-07-23,2021-07-23 02:00:00,104.0,376,5233b86e7c6af93f2acd7b2dac75a983a10fcf42c1a3456251b73df4ab1a1a23,99.0,naive
2021-07-23,2021-07-23 02:15:00,105.0,376,5233b86e7c6af93f2acd7b2dac75a983a10fcf42c1a3456251b73df4ab1a1a23,103.0,naive
2021-07-23,2021-07-23 02:30:00,102.0,376,5233b86e7c6af93f2acd7b2dac75a983a10fcf42c1a3456251b73df4ab1a1a23,101.0,naive
2021-07-23,2021-07-23 02:45:00,110.0,376,5233b86e7c6af93f2acd7b2dac75a983a10fcf42c1a3456251b73df4ab1a1a23,102.0,naive
2021-07-23,2021-07-23 03:00:00,89.0,102,5233b86e7c6af93f2acd7b2dac75a983a10fcf42c1a3456251b73df4ab1a1a23,98.0,naive
2021-07-23,2021-07-23 03:15:00,103.0,102,5233b86e7c6af93f2acd7b2dac75a983a10fcf42c1a3456251b73df4ab1a1a23,114.0,naive
2021-07-23,2021-07-23 03:30:00,109.0,102,5233b86e7c6af93f2acd7b2dac75a983a10fcf42c1a3456251b73df4ab1a1a23,106.0,naive
2021-07-23,2021-07-23 03:45:00,106.0,102,5233b86e7c6af93f2acd7b2dac75a983a10fcf42c1a3456251b73df4ab1a1a23,108.0,naive
2021-07-23,2021-07-23 04:00:00,100.0,162,5233b86e7c6af93f2acd7b2dac75a983a10fcf42c1a3456251b73df4ab1a1a23,109.0,naive
2021-07-23,2021-07-23 04:15:00,97.0,162,5233b86e7c6af93f2acd7b2dac75a983a10fcf42c1a3456251b73df4ab1a1a23,106.0,naive
2021-07-23,2021-07-23 04:30:00,101.0,162,5233b86e7c6af93f2acd7b2dac75a983a10fcf42c1a3456251b73df4ab1a1a23,105.0,naive
2021-07-23,2021-07-23 04:45:00,98.0,162,5233b86e7c6af93f2acd7b2dac75a983a10fcf42c1a3456251b73df4ab1a1a23,102.0,naive
2021-07-23,2021-07-23 05:00:00,87.0,0,5233b86e7c6af93f2acd7b2dac75a983a10fcf42c1a3456251b73df4ab1a1a23,80.0,naive
2021-07-23,2021-07-23 05:15:00,76.0,0,5233b86e7c6af93f2acd7b2dac75a983a10fcf42c1a3456251b73df4ab1a1a23,74.0,naive
2021-07-23,2021-07-23 05:30:00,93.0,0,5233b86e7c6af93f2acd7b2dac75a983a10fcf42c1a3456251b73df4ab1a1a23,89.0,naive
2021-07-23,2021-07-23 05:45:00,99.0,0,5233b86e7c6af93f2acd7b2dac75a983a10fcf42c1a3456251b73df4ab1a1a23,107.0,naive
2021-07-23,2021-07-23 06:00:00,103.0,0,5233b86e7c6af93f2acd7b2dac75a983a10fcf42c1a3456251b73df4ab1a1a23,108.0,naive
2021-07-23,2021-07-23 06:15:00,105.0,0,5233b86e7c6af93f2acd7b2dac75a983a10fcf42c1a3456251b73df4ab1a1a23,109.0,naive
2021-07-23,2021-07-23 06:30:00,100.0,0,5233b86e7c6af93f2acd7b2dac75a983a10fcf42c1a3456251b73df4ab1a1a23,98.0,naive
2021-07-23,2021-07-23 06:45:00,105.0,0,5233b86e7c6af93f2acd7b2dac75a983a10fcf42c1a3456251b73df4ab1a1a23,109.0,naive
2021-07-23,2021-07-23 07:00:00,98.0,2387,5233b86e7c6af93f2acd7b2dac75a983a10fcf42c1a3456251b73df4ab1a1a23,107.0,naive
2021-07-23,2021-07-23 07:15:00,104.0,2387,5233b86e7c6af93f2acd7b2dac75a983a10fcf42c1a3456251b73df4ab1a1a23,120.0,naive
2021-07-23,2021-07-23 07:30:00,143.0,2387,5233b86e7c6af93f2acd7b2dac75a983a10fcf42c1a3456251b73df4ab1a1a23,157.0,naive
2021-07-23,2021-07-23 07:45:00,144.0,2387,5233b86e7c6af93f2acd7b2dac75a983a10fcf42c1a3456251b73df4ab1a1a23,157.0,naive
2021-07-23,2021-07-23 08:00:00,169.0,999,5233b86e7c6af93f2acd7b2dac75a983a10fcf42c1a3456251b73df4ab1a1a23,177.0,naive
2021-07-23,2021-07-23 08:15:00,202.0,999,5233b86e7c6af93f2acd7b2dac75a983a10fcf42c1a3456251b73df4ab1a1a23,193.0,naive
2021-07-23,2021-07-23 08:30:00,199.0,999,5233b86e7c6af93f2acd7b2dac75a983a10fcf42c1a3456251b73df4ab1a1a23,194.0,naive
2021-07-23,2021-07-23 08:45:00,192.0,999,5233b86e7c6af93f2acd7b2dac75a983a10fcf42c1a3456251b73df4ab1a1a23,182.0,naive
2021-07-23,2021-07-23 09:00:00,179.0,1838,5233b86e7c6af93f2acd7b2dac75a983a10fcf42c1a3456251b73df4ab1a1a23,190.0,naive
2021-07-23,2021-07-23 09:15:00,183.0,1838,5233b86e7c6af93f2acd7b2dac75a983a10fcf42c1a3456251b73df4ab1a1a23,173.0,naive
2021-07-23,2021-07-23 09:30:00,190.0,1838,5233b86e7c6af93f2acd7b2dac75a983a10fcf42c1a3456251b73df4ab1a1a23,188.0,naive
2021-07-23,2021-07-23 09:45:00,189.0,1838,5233b86e7c6af93f2acd7b2dac75a983a10fcf42c1a3456251b73df4ab1a1a23,189.0,naive
2021-07-23,2021-07-23 10:00:00,162.0,1231,5233b86e7c6af93f2acd7b2dac75a983a10fcf42c1a3456251b73df4ab1a1a23,130.0,naive
2021-07-23,2021-07-23 10:15:00,189.0,1231,5233b86e7c6af93f2acd7b2dac75a983a10fcf42c1a3456251b73df4ab1a1a23,171.0,naive
2021-07-23,2021-07-23 10:30:00,182.0,1231,5233b86e7c6af93f2acd7b2dac75a983a10fcf42c1a3456251b73df4ab1a1a23,187.0,naive
2021-07-23,2021-07-23 10:45:00,182.0,1231,5233b86e7c6af93f2acd7b2dac75a983a10fcf42c1a3456251b73df4ab1a1a23,187.0,naive
2021-07-23,2021-07-23 11:00:00,179.0,1813,5233b86e7c6af93f2acd7b2dac75a983a10fcf42c1a3456251b73df4ab1a1a23,177.0,naive
2021-07-23,2021-07-23 11:15:00,185.0,1813,5233b86e7c6af93f2acd7b2dac75a983a10fcf42c1a3456251b73df4ab1a1a23,182.0,naive
2021-07-23,2021-07-23 11:30:00,199.0,1813,5233b86e7c6af93f2acd7b2dac75a983a10fcf42c1a3456251b73df4ab1a1a23,194.0,naive
2021-07-23,2021-07-23 11:45:00,189.0,1813,5233b86e7c6af93f2acd7b2dac75a983a10fcf42c1a3456251b73df4ab1a1a23,197.0,naive
2021-07-23,2021-07-23 12:00:00,125.0,0,5233b86e7c6af93f2acd7b2dac75a983a10fcf42c1a3456251b73df4ab1a1a23,128.0,naive
2021-07-23,2021-07-23 12:15:00,110.0,0,5233b86e7c6af93f2acd7b2dac75a983a10fcf42c1a3456251b73df4ab1a1a23,108.0,naive
2021-07-23,2021-07-23 12:30:00,108.0,0,5233b86e7c6af93f2acd7b2dac75a983a10fcf42c1a3456251b73df4ab1a1a23,110.0,naive
2021-07-23,2021-07-23 12:45:00,109.0,0,5233b86e7c6af93f2acd7b2dac75a983a10fcf42c1a3456251b73df4ab1a1a23,119.0,naive
2021-07-23,2021-07-23 13:00:00,161.0,979,5233b86e7c6af93f2acd7b2dac75a983a10fcf42c1a3456251b73df4ab1a1a23,154.0,naive
2021-07-23,2021-07-23 13:15:00,192.0,979,5233b86e7c6af93f2acd7b2dac75a983a10fcf42c1a3456251b73df4ab1a1a23,176.0,naive
2021-07-23,2021-07-23 13:30:00,178.0,979,5233b86e7c6af93f2acd7b2dac75a983a10fcf42c1a3456251b73df4ab1a1a23,177.0,naive
2021-07-23,2021-07-23 13:45:00,188.0,979,5233b86e7c6af93f2acd7b2dac75a983a10fcf42c1a3456251b73df4ab1a1a23,181.0,naive
2021-07-23,2021-07-23 14:00:00,177.0,1335,5233b86e7c6af93f2acd7b2dac75a983a10fcf42c1a3456251b73df4ab1a1a23,161.0,naive
2021-07-23,2021-07-23 14:15:00,186.0,1335,5233b86e7c6af93f2acd7b2dac75a983a10fcf42c1a3456251b73df4ab1a1a23,147.0,naive
2021-07-23,2021-07-23 14:30:00,190.0,1335,5233b86e7c6af93f2acd7b2dac75a983a10fcf42c1a3456251b73df4ab1a1a23,173.0,naive
2021-07-23,2021-07-23 14:45:00,183.0,1335,5233b86e7c6af93f2acd7b2dac75a983a10fcf42c1a3456251b73df4ab1a1a23,181.0,naive
2021-07-23,2021-07-23 15:00:00,152.0,923,5233b86e7c6af93f2acd7b2dac75a983a10fcf42c1a3456251b73df4ab1a1a23,134.0,naive
2021-07-23,2021-07-23 15:15:00,151.0,923,5233b86e7c6af93f2acd7b2dac75a983a10fcf42c1a3456251b73df4ab1a1a23,133.0,naive
2021-07-23,2021-07-23 15:30:00,192.0,923,5233b86e7c6af93f2acd7b2dac75a983a10fcf42c1a3456251b73df4ab1a1a23,189.0,naive
2021-07-23,2021-07-23 15:45:00,206.0,923,5233b86e7c6af93f2acd7b2dac75a983a10fcf42c1a3456251b73df4ab1a1a23,176.0,naive
2021-07-23,2021-07-23 16:00:00,195.0,6161,5233b86e7c6af93f2acd7b2dac75a983a10fcf42c1a3456251b73df4ab1a1a23,178.0,naive
2021-07-23,2021-07-23 16:15:00,197.0,6161,5233b86e7c6af93f2acd7b2dac75a983a10fcf42c1a3456251b73df4ab1a1a23,176.0,naive
2021-07-23,2021-07-23 16:30:00,188.0,6161,5233b86e7c6af93f2acd7b2dac75a983a10fcf42c1a3456251b73df4ab1a1a23,149.0,naive
2021-07-23,2021-07-23 16:45:00,177.0,6161,5233b86e7c6af93f2acd7b2dac75a983a10fcf42c1a3456251b73df4ab1a1a23,156.0,naive
2021-07-23,2021-07-23 17:00:00,110.0,555,5233b86e7c6af93f2acd7b2dac75a983a10fcf42c1a3456251b73df4ab1a1a23,114.0,naive
2021-07-23,2021-07-23 17:15:00,111.0,555,5233b86e7c6af93f2acd7b2dac75a983a10fcf42c1a3456251b73df4ab1a1a23,106.0,naive
2021-07-23,2021-07-23 17:30:00,154.0,555,5233b86e7c6af93f2acd7b2dac75a983a10fcf42c1a3456251b73df4ab1a1a23,157.0,naive
2021-07-23,2021-07-23 17:45:00,178.0,555,5233b86e7c6af93f2acd7b2dac75a983a10fcf42c1a3456251b73df4ab1a1a23,176.0,naive
2021-07-23,2021-07-23 18:00:00,175.0,1693,5233b86e7c6af93f2acd7b2dac75a983a10fcf42c1a3456251b73df4ab1a1a23,168.0,naive
2021-07-23,2021-07-23 18:15:00,174.0,1693,5233b86e7c6af93f2acd7b2dac75a983a10fcf42c1a3456251b73df4ab1a1a23,155.0,naive
2021-07-23,2021-07-23 18:30:00,173.0,1693,5233b86e7c6af93f2acd7b2dac75a983a10fcf42c1a3456251b73df4ab1a1a23,156.0,naive
2021-07-23,2021-07-23 18:45:00,176.0,1693,5233b86e7c6af93f2acd7b2dac75a983a10fcf42c1a3456251b73df4ab1a1a23,151.0,naive
2021-07-23,2021-07-23 19:00:00,165.0,2039,5233b86e7c6af93f2acd7b2dac75a983a10fcf42c1a3456251b73df4ab1a1a23,143.0,naive
2021-07-23,2021-07-23 19:15:00,148.0,2039,5233b86e7c6af93f2acd7b2dac75a983a10fcf42c1a3456251b73df4ab1a1a23,141.0,naive
2021-07-23,2021-07-23 19:30:00,145.0,2039,5233b86e7c6af93f2acd7b2dac75a983a10fcf42c1a3456251b73df4ab1a1a23,146.0,naive
2021-07-23,2021-07-23 19:45:00,120.0,2039,5233b86e7c6af93f2acd7b2dac75a983a10fcf42c1a3456251b73df4ab1a1a23,115.0,naive
2021-07-23,2021-07-23 20:00:00,107.0,113,5233b86e7c6af93f2acd7b2dac75a983a10fcf42c1a3456251b73df4ab1a1a23,104.0,naive
2021-07-23,2021-07-23 20:15:00,115.0,113,5233b86e7c6af93f2acd7b2dac75a983a10fcf42c1a3456251b73df4ab1a1a23,111.0,naive
2021-07-23,2021-07-23 20:30:00,115.0,113,5233b86e7c6af93f2acd7b2dac75a983a10fcf42c1a3456251b73df4ab1a1a23,123.0,naive
2021-07-23,2021-07-23 20:45:00,105.0,113,5233b86e7c6af93f2acd7b2dac75a983a10fcf42c1a3456251b73df4ab1a1a23,117.0,naive
2021-07-23,2021-07-23 21:00:00,104.0,12,5233b86e7c6af93f2acd7b2dac75a983a10fcf42c1a3456251b73df4ab1a1a23,117.0,naive
2021-07-23,2021-07-23 21:15:00,110.0,12,5233b86e7c6af93f2acd7b2dac75a983a10fcf42c1a3456251b73df4ab1a1a23,120.0,naive
2021-07-23,2021-07-23 21:30:00,107.0,12,5233b86e7c6af93f2acd7b2dac75a983a10fcf42c1a3456251b73df4ab1a1a23,111.0,naive
2021-07-23,2021-07-23 21:45:00,105.0,12,5233b86e7c6af93f2acd7b2dac75a983a10fcf42c1a3456251b73df4ab1a1a23,106.0,naive
2021-07-23,2021-07-23 22:00:00,93.0,371,5233b86e7c6af93f2acd7b2dac75a983a10fcf42c1a3456251b73df4ab1a1a23,94.0,naive
2021-07-23,2021-07-23 22:15:00,104.0,371,5233b86e7c6af93f2acd7b2dac75a983a10fcf42c1a3456251b73df4ab1a1a23,106.0,naive
2021-07-23,2021-07-23 22:30:00,107.0,371,5233b86e7c6af93f2acd7b2dac75a983a10fcf42c1a3456251b73df4ab1a1a23,112.0,naive
2021-07-23,2021-07-23 22:45:00,96.0,371,5233b86e7c6af93f2acd7b2dac75a983a10fcf42c1a3456251b73df4ab1a1a23,95.0,naive
2021-07-23,2021-07-23 23:00:00,98.0,180,5233b86e7c6af93f2acd7b2dac75a983a10fcf42c1a3456251b73df4ab1a1a23,118.0,naive
2021-07-23,2021-07-23 23:15:00,111.0,180,5233b86e7c6af93f2acd7b2dac75a983a10fcf42c1a3456251b73df4ab1a1a23,111.0,naive
2021-07-23,2021-07-23 23:30:00,107.0,180,5233b86e7c6af93f2acd7b2dac75a983a10fcf42c1a3456251b73df4ab1a1a23,99.0,naive
2021-07-23,2021-07-23 23:45:00,91.0,180,5233b86e7c6af93f2acd7b2dac75a983a10fcf42c1a3456251b73df4ab1a1a23,77.0,naive
2021-07-24,2021-07-24 00:00:00,72.0,0,be2349db3d45309ede7beefb3d8020a4fa2e59eb5d453df6048cd17b68712609,66.0,naive
2021-07-24,2021-07-24 00:15:00,67.0,0,be2349db3d45309ede7beefb3d8020a4fa2e59eb5d453df6048cd17b68712609,63.0,naive
2021-07-24,2021-07-24 00:30:00,65.0,0,be2349db3d45309ede7beefb3d8020a4fa2e59eb5d453df6048cd17b68712609,62.0,naive
2021-07-24,2021-07-24 00:45:00,69.0,0,be2349db3d45309ede7beefb3d8020a4fa2e59eb5d453df6048cd17b68712609,63.0,naive
2021-07-24,2021-07-24 01:00:00,93.0,501,be2349db3d45309ede7beefb3d8020a4fa2e59eb5d453df6048cd17b68712609,90.0,naive
2021-07-24,2021-07-24 01:15:00,92.0,501,be2349db3d45309ede7beefb3d8020a4fa2e59eb5d453df6048cd17b68712609,110.0,naive
2021-07-24,2021-07-24 01:30:00,101.0,501,be2349db3d45309ede7beefb3d8020a4fa2e59eb5d453df6048cd17b68712609,102.0,naive
2021-07-24,2021-07-24 01:45:00,99.0,501,be2349db3d45309ede7beefb3d8020a4fa2e59eb5d453df6048cd17b68712609,100.0,naive
2021-07-24,2021-07-24 02:00:00,100.0,51,be2349db3d45309ede7beefb3d8020a4fa2e59eb5d453df6048cd17b68712609,105.0,naive
2021-07-24,2021-07-24 02:15:00,99.0,51,be2349db3d45309ede7beefb3d8020a4fa2e59eb5d453df6048cd17b68712609,101.0,naive
2021-07-24,2021-07-24 02:30:00,97.0,51,be2349db3d45309ede7beefb3d8020a4fa2e59eb5d453df6048cd17b68712609,92.0,naive
2021-07-24,2021-07-24 02:45:00,84.0,51,be2349db3d45309ede7beefb3d8020a4fa2e59eb5d453df6048cd17b68712609,95.0,naive
2021-07-24,2021-07-24 03:00:00,72.0,42,be2349db3d45309ede7beefb3d8020a4fa2e59eb5d453df6048cd17b68712609,85.0,naive
2021-07-24,2021-07-24 03:15:00,96.0,42,be2349db3d45309ede7beefb3d8020a4fa2e59eb5d453df6048cd17b68712609,90.0,naive
2021-07-24,2021-07-24 03:30:00,104.0,42,be2349db3d45309ede7beefb3d8020a4fa2e59eb5d453df6048cd17b68712609,99.0,naive
2021-07-24,2021-07-24 03:45:00,101.0,42,be2349db3d45309ede7beefb3d8020a4fa2e59eb5d453df6048cd17b68712609,102.0,naive
2021-07-24,2021-07-24 04:00:00,100.0,262,be2349db3d45309ede7beefb3d8020a4fa2e59eb5d453df6048cd17b68712609,97.0,naive
2021-07-24,2021-07-24 04:15:00,98.0,262,be2349db3d45309ede7beefb3d8020a4fa2e59eb5d453df6048cd17b68712609,89.0,naive
2021-07-24,2021-07-24 04:30:00,98.0,262,be2349db3d45309ede7beefb3d8020a4fa2e59eb5d453df6048cd17b68712609,96.0,naive
2021-07-24,2021-07-24 04:45:00,90.0,262,be2349db3d45309ede7beefb3d8020a4fa2e59eb5d453df6048cd17b68712609,103.0,naive
2021-07-24,2021-07-24 05:00:00,75.0,62,be2349db3d45309ede7beefb3d8020a4fa2e59eb5d453df6048cd17b68712609,77.0,naive
2021-07-24,2021-07-24 05:15:00,69.0,62,be2349db3d45309ede7beefb3d8020a4fa2e59eb5d453df6048cd17b68712609,64.0,naive
2021-07-24,2021-07-24 05:30:00,87.0,62,be2349db3d45309ede7beefb3d8020a4fa2e59eb5d453df6048cd17b68712609,87.0,naive
2021-07-24,2021-07-24 05:45:00,91.0,62,be2349db3d45309ede7beefb3d8020a4fa2e59eb5d453df6048cd17b68712609,108.0,naive
2021-07-24,2021-07-24 06:00:00,98.0,919,be2349db3d45309ede7beefb3d8020a4fa2e59eb5d453df6048cd17b68712609,96.0,naive
2021-07-24,2021-07-24 06:15:00,97.0,919,be2349db3d45309ede7beefb3d8020a4fa2e59eb5d453df6048cd17b68712609,76.0,naive
2021-07-24,2021-07-24 06:30:00,96.0,919,be2349db3d45309ede7beefb3d8020a4fa2e59eb5d453df6048cd17b68712609,81.0,naive
2021-07-24,2021-07-24 06:45:00,87.0,919,be2349db3d45309ede7beefb3d8020a4fa2e59eb5d453df6048cd17b68712609,87.0,naive
2021-07-24,2021-07-24 07:00:00,81.0,482,be2349db3d45309ede7beefb3d8020a4fa2e59eb5d453df6048cd17b68712609,88.0,naive
2021-07-24,2021-07-24 07:15:00,75.0,482,be2349db3d45309ede7beefb3d8020a4fa2e59eb5d453df6048cd17b68712609,73.0,naive
2021-07-24,2021-07-24 07:30:00,56.0,482,be2349db3d45309ede7beefb3d8020a4fa2e59eb5d453df6048cd17b68712609,40.0,naive
2021-07-24,2021-07-24 07:45:00,32.0,482,be2349db3d45309ede7beefb3d8020a4fa2e59eb5d453df6048cd17b68712609,28.0,naive
2021-07-24,2021-07-24 08:00:00,28.0,0,be2349db3d45309ede7beefb3d8020a4fa2e59eb5d453df6048cd17b68712609,25.0,naive
2021-07-24,2021-07-24 08:15:00,23.0,0,be2349db3d45309ede7beefb3d8020a4fa2e59eb5d453df6048cd17b68712609,27.0,naive
2021-07-24,2021-07-24 08:30:00,23.0,0,be2349db3d45309ede7beefb3d8020a4fa2e59eb5d453df6048cd17b68712609,24.0,naive
2021-07-24,2021-07-24 08:45:00,24.0,0,be2349db3d45309ede7beefb3d8020a4fa2e59eb5d453df6048cd17b68712609,23.0,naive
2021-07-24,2021-07-24 09:00:00,24.0,0,be2349db3d45309ede7beefb3d8020a4fa2e59eb5d453df6048cd17b68712609,23.0,naive
2021-07-24,2021-07-24 09:15:00,24.0,0,be2349db3d45309ede7beefb3d8020a4fa2e59eb5d453df6048cd17b68712609,23.0,naive
2021-07-24,2021-07-24 09:30:00,24.0,0,be2349db3d45309ede7beefb3d8020a4fa2e59eb5d453df6048cd17b68712609,22.0,naive
2021-07-24,2021-07-24 09:45:00,24.0,0,be2349db3d45309ede7beefb3d8020a4fa2e59eb5d453df6048cd17b68712609,24.0,naive
2021-07-24,2021-07-24 10:00:00,24.0,0,be2349db3d45309ede7beefb3d8020a4fa2e59eb5d453df6048cd17b68712609,24.0,naive
2021-07-24,2021-07-24 10:15:00,24.0,0,be2349db3d45309ede7beefb3d8020a4fa2e59eb5d453df6048cd17b68712609,23.0,naive
2021-07-24,2021-07-24 10:30:00,24.0,0,be2349db3d45309ede7beefb3d8020a4fa2e59eb5d453df6048cd17b68712609,23.0,naive
2021-07-24,2021-07-24 10:45:00,24.0,0,be2349db3d45309ede7beefb3d8020a4fa2e59eb5d453df6048cd17b68712609,23.0,naive
2021-07-24,2021-07-24 11:00:00,26.0,0,be2349db3d45309ede7beefb3d8020a4fa2e59eb5d453df6048cd17b68712609,23.0,naive
2021-07-24,2021-07-24 11:15:00,27.0,0,be2349db3d45309ede7beefb3d8020a4fa2e59eb5d453df6048cd17b68712609,24.0,naive
2021-07-24,2021-07-24 11:30:00,29.0,0,be2349db3d45309ede7beefb3d8020a4fa2e59eb5d453df6048cd17b68712609,23.0,naive
2021-07-24,2021-07-24 11:45:00,25.0,0,be2349db3d45309ede7beefb3d8020a4fa2e59eb5d453df6048cd17b68712609,27.0,naive
2021-07-24,2021-07-24 12:00:00,24.0,0,be2349db3d45309ede7beefb3d8020a4fa2e59eb5d453df6048cd17b68712609,26.0,naive
2021-07-24,2021-07-24 12:15:00,22.0,0,be2349db3d45309ede7beefb3d8020a4fa2e59eb5d453df6048cd17b68712609,24.0,naive
2021-07-24,2021-07-24 12:30:00,23.0,0,be2349db3d45309ede7beefb3d8020a4fa2e59eb5d453df6048cd17b68712609,23.0,naive
2021-07-24,2021-07-24 12:45:00,23.0,0,be2349db3d45309ede7beefb3d8020a4fa2e59eb5d453df6048cd17b68712609,24.0,naive
2021-07-24,2021-07-24 13:00:00,23.0,0,be2349db3d45309ede7beefb3d8020a4fa2e59eb5d453df6048cd17b68712609,24.0,naive
2021-07-24,2021-07-24 13:15:00,24.0,0,be2349db3d45309ede7beefb3d8020a4fa2e59eb5d453df6048cd17b68712609,23.0,naive
2021-07-24,2021-07-24 13:30:00,24.0,0,be2349db3d45309ede7beefb3d8020a4fa2e59eb5d453df6048cd17b68712609,23.0,naive
2021-07-24,2021-07-24 13:45:00,24.0,0,be2349db3d45309ede7beefb3d8020a4fa2e59eb5d453df6048cd17b68712609,23.0,naive
2021-07-24,2021-07-24 14:00:00,24.0,0,be2349db3d45309ede7beefb3d8020a4fa2e59eb5d453df6048cd17b68712609,23.0,naive
2021-07-24,2021-07-24 14:15:00,24.0,0,be2349db3d45309ede7beefb3d8020a4fa2e59eb5d453df6048cd17b68712609,24.0,naive
2021-07-24,2021-07-24 14:30:00,24.0,0,be2349db3d45309ede7beefb3d8020a4fa2e59eb5d453df6048cd17b68712609,23.0,naive
2021-07-24,2021-07-24 14:45:00,24.0,0,be2349db3d45309ede7beefb3d8020a4fa2e59eb5d453df6048cd17b68712609,23.0,naive
2021-07-24,2021-07-24 15:00:00,27.0,0,be2349db3d45309ede7beefb3d8020a4fa2e59eb5d453df6048cd17b68712609,28.0,naive
2021-07-24,2021-07-24 15:15:00,28.0,0,be2349db3d45309ede7beefb3d8020a4fa2e59eb5d453df6048cd17b68712609,27.0,naive
2021-07-24,2021-07-24 15:30:00,24.0,0,be2349db3d45309ede7beefb3d8020a4fa2e59eb5d453df6048cd17b68712609,23.0,naive
2021-07-24,2021-07-24 15:45:00,24.0,0,be2349db3d45309ede7beefb3d8020a4fa2e59eb5d453df6048cd17b68712609,23.0,naive
2021-07-24,2021-07-24 16:00:00,24.0,0,be2349db3d45309ede7beefb3d8020a4fa2e59eb5d453df6048cd17b68712609,23.0,naive
2021-07-24,2021-07-24 16:15:00,24.0,0,be2349db3d45309ede7beefb3d8020a4fa2e59eb5d453df6048cd17b68712609,23.0,naive
2021-07-24,2021-07-24 16:30:00,24.0,0,be2349db3d45309ede7beefb3d8020a4fa2e59eb5d453df6048cd17b68712609,24.0,naive
2021-07-24,2021-07-24 16:45:00,25.0,0,be2349db3d45309ede7beefb3d8020a4fa2e59eb5d453df6048cd17b68712609,22.0,naive
2021-07-24,2021-07-24 17:00:00,24.0,0,be2349db3d45309ede7beefb3d8020a4fa2e59eb5d453df6048cd17b68712609,22.0,naive
2021-07-24,2021-07-24 17:15:00,24.0,0,be2349db3d45309ede7beefb3d8020a4fa2e59eb5d453df6048cd17b68712609,22.0,naive
2021-07-24,2021-07-24 17:30:00,24.0,0,be2349db3d45309ede7beefb3d8020a4fa2e59eb5d453df6048cd17b68712609,23.0,naive
2021-07-24,2021-07-24 17:45:00,24.0,0,be2349db3d45309ede7beefb3d8020a4fa2e59eb5d453df6048cd17b68712609,22.0,naive
2021-07-24,2021-07-24 18:00:00,24.0,0,be2349db3d45309ede7beefb3d8020a4fa2e59eb5d453df6048cd17b68712609,22.0,naive
2021-07-24,2021-07-24 18:15:00,23.0,0,be2349db3d45309ede7beefb3d8020a4fa2e59eb5d453df6048cd17b68712609,25.0,naive
2021-07-24,2021-07-24 18:30:00,24.0,0,be2349db3d45309ede7beefb3d8020a4fa2e59eb5d453df6048cd17b68712609,27.0,naive
2021-07-24,2021-07-24 18:45:00,29.0,0,be2349db3d45309ede7beefb3d8020a4fa2e59eb5d453df6048cd17b68712609,23.0,naive
2021-07-24,2021-07-24 19:00:00,28.0,0,be2349db3d45309ede7beefb3d8020a4fa2e59eb5d453df6048cd17b68712609,22.0,naive
2021-07-24,2021-07-24 19:15:00,24.0,0,be2349db3d45309ede7beefb3d8020a4fa2e59eb5d453df6048cd17b68712609,23.0,naive
2021-07-24,2021-07-24 19:30:00,23.0,0,be2349db3d45309ede7beefb3d8020a4fa2e59eb5d453df6048cd17b68712609,23.0,naive
2021-07-24,2021-07-24 19:45:00,23.0,0,be2349db3d45309ede7beefb3d8020a4fa2e59eb5d453df6048cd17b68712609,23.0,naive
2021-07-24,2021-07-24 20:00:00,23.0,0,be2349db3d45309ede7beefb3d8020a4fa2e59eb5d453df6048cd17b68712609,23.0,naive
2021-07-24,2021-07-24 20:15:00,23.0,0,be2349db3d45309ede7beefb3d8020a4fa2e59eb5d453df6048cd17b68712609,22.0,naive
2021-07-24,2021-07-24 20:30:00,24.0,0,be2349db3d45309ede7beefb3d8020a4fa2e59eb5d453df6048cd17b68712609,23.0,naive
2021-07-24,2021-07-24 20:45:00,25.0,0,be2349db3d45309ede7beefb3d8020a4fa2e59eb5d453df6048cd17b68712609,23.0,naive
2021-07-24,2021-07-24 21:00:00,24.0,0,be2349db3d45309ede7beefb3d8020a4fa2e59eb5d453df6048cd17b68712609,24.0,naive
2021-07-24,2021-07-24 21:15:00,24.0,0,be2349db3d45309ede7beefb3d8020a4fa2e59eb5d453df6048cd17b68712609,24.0,naive
2021-07-24,2021-07-24 21:30:00,25.0,0,be2349db3d45309ede7beefb3d8020a4fa2e59eb5d453df6048cd17b68712609,23.0,naive
2021-07-24,2021-07-24 21:45:00,25.0,0,be2349db3d45309ede7beefb3d8020a4fa2e59eb5d453df6048cd17b68712609,24.0,naive
2021-07-24,2021-07-24 22:00:00,24.0,0,be2349db3d45309ede7beefb3d8020a4fa2e59eb5d453df6048cd17b68712609,28.0,naive
2021-07-24,2021-07-24 22:15:00,25.0,0,be2349db3d45309ede7beefb3d8020a4fa2e59eb5d453df6048cd17b68712609,24.0,naive
2021-07-24,2021-07-24 22:30:00,28.0,0,be2349db3d45309ede7beefb3d8020a4fa2e59eb5d453df6048cd17b68712609,24.0,naive
2021-07-24,2021-07-24 22:45:00,25.0,0,be2349db3d45309ede7beefb3d8020a4fa2e59eb5d453df6048cd17b68712609,24.0,naive
2021-07-24,2021-07-24 23:00:00,24.0,0,be2349db3d45309ede7beefb3d8020a4fa2e59eb5d453df6048cd17b68712609,23.0,naive
2021-07-24,2021-07-24 23:15:00,24.0,0,be2349db3d45309ede7beefb3d8020a4fa2e59eb5d453df6048cd17b68712609,22.0,naive
2021-07-24,2021-07-24 23:30:00,24.0,0,be2349db3d45309ede7beefb3d8020a4fa2e59eb5d453df6048cd17b68712609,23.0,naive
2021-07-24,2021-07-24 23:45:00,24.0,0,be2349db3d45309ede7beefb3d8020a4fa2e59eb5d453df6048cd17b68712609,24.0,naive
2021-07-25,2021-07-25 00:00:00,24.0,0,b5f1969f3952250c2f06a2c18849f313e3e35a7e2b39f71eca3ea6ee4023b9d3,23.0,naive
2021-07-25,2021-07-25 00:15:00,24.0,0,b5f1969f3952250c2f06a2c18849f313e3e35a7e2b39f71eca3ea6ee4023b9d3,22.0,naive
2021-07-25,2021-07-25 00:30:00,24.0,0,b5f1969f3952250c2f06a2c18849f313e3e35a7e2b39f71eca3ea6ee4023b9d3,23.0,naive
2021-07-25,2021-07-25 00:45:00,24.0,0,b5f1969f3952250c2f06a2c18849f313e3e35a7e2b39f71eca3ea6ee4023b9d3,24.0,naive
2021-07-25,2021-07-25 01:00:00,24.0,0,b5f1969f3952250c2f06a2c18849f313e3e35a7e2b39f71eca3ea6ee4023b9d3,28.0,naive
2021-07-25,2021-07-25 01:15:00,24.0,0,b5f1969f3952250c2f06a2c18849f313e3e35a7e2b39f71eca3ea6ee4023b9d3,26.0,naive
2021-07-25,2021-07-25 01:30:00,24.0,0,b5f1969f3952250c2f06a2c18849f313e3e35a7e2b39f71eca3ea6ee4023b9d3,23.0,naive
2021-07-25,2021-07-25 01:45:00,26.0,0,b5f1969f3952250c2f06a2c18849f313e3e35a7e2b39f71eca3ea6ee4023b9d3,23.0,naive
2021-07-25,2021-07-25 02:00:00,29.0,0,b5f1969f3952250c2f06a2c18849f313e3e35a7e2b39f71eca3ea6ee4023b9d3,23.0,naive
2021-07-25,2021-07-25 02:15:00,25.0,0,b5f1969f3952250c2f06a2c18849f313e3e35a7e2b39f71eca3ea6ee4023b9d3,23.0,naive
2021-07-25,2021-07-25 02:30:00,23.0,0,b5f1969f3952250c2f06a2c18849f313e3e35a7e2b39f71eca3ea6ee4023b9d3,23.0,naive
2021-07-25,2021-07-25 02:45:00,24.0,0,b5f1969f3952250c2f06a2c18849f313e3e35a7e2b39f71eca3ea6ee4023b9d3,24.0,naive
2021-07-25,2021-07-25 03:00:00,24.0,0,b5f1969f3952250c2f06a2c18849f313e3e35a7e2b39f71eca3ea6ee4023b9d3,22.0,naive
2021-07-25,2021-07-25 03:15:00,26.0,0,b5f1969f3952250c2f06a2c18849f313e3e35a7e2b39f71eca3ea6ee4023b9d3,23.0,naive
2021-07-25,2021-07-25 03:30:00,23.0,0,b5f1969f3952250c2f06a2c18849f313e3e35a7e2b39f71eca3ea6ee4023b9d3,24.0,naive
2021-07-25,2021-07-25 03:45:00,23.0,0,b5f1969f3952250c2f06a2c18849f313e3e35a7e2b39f71eca3ea6ee4023b9d3,23.0,naive
2021-07-25,2021-07-25 04:00:00,23.0,0,b5f1969f3952250c2f06a2c18849f313e3e35a7e2b39f71eca3ea6ee4023b9d3,23.0,naive
2021-07-25,2021-07-25 04:15:00,24.0,0,b5f1969f3952250c2f06a2c18849f313e3e35a7e2b39f71eca3ea6ee4023b9d3,28.0,naive
2021-07-25,2021-07-25 04:30:00,24.0,0,b5f1969f3952250c2f06a2c18849f313e3e35a7e2b39f71eca3ea6ee4023b9d3,25.0,naive
2021-07-25,2021-07-25 04:45:00,24.0,0,b5f1969f3952250c2f06a2c18849f313e3e35a7e2b39f71eca3ea6ee4023b9d3,23.0,naive
2021-07-25,2021-07-25 05:00:00,24.0,0,b5f1969f3952250c2f06a2c18849f313e3e35a7e2b39f71eca3ea6ee4023b9d3,22.0,naive
2021-07-25,2021-07-25 05:15:00,24.0,0,b5f1969f3952250c2f06a2c18849f313e3e35a7e2b39f71eca3ea6ee4023b9d3,22.0,naive
2021-07-25,2021-07-25 05:30:00,28.0,0,b5f1969f3952250c2f06a2c18849f313e3e35a7e2b39f71eca3ea6ee4023b9d3,22.0,naive
2021-07-25,2021-07-25 05:45:00,27.0,0,b5f1969f3952250c2f06a2c18849f313e3e35a7e2b39f71eca3ea6ee4023b9d3,22.0,naive
2021-07-25,2021-07-25 06:00:00,23.0,0,b5f1969f3952250c2f06a2c18849f313e3e35a7e2b39f71eca3ea6ee4023b9d3,23.0,naive
2021-07-25,2021-07-25 06:15:00,24.0,0,b5f1969f3952250c2f06a2c18849f313e3e35a7e2b39f71eca3ea6ee4023b9d3,23.0,naive
2021-07-25,2021-07-25 06:30:00,24.0,0,b5f1969f3952250c2f06a2c18849f313e3e35a7e2b39f71eca3ea6ee4023b9d3,23.0,naive
2021-07-25,2021-07-25 06:45:00,24.0,0,b5f1969f3952250c2f06a2c18849f313e3e35a7e2b39f71eca3ea6ee4023b9d3,22.0,naive
2021-07-25,2021-07-25 07:00:00,24.0,0,b5f1969f3952250c2f06a2c18849f313e3e35a7e2b39f71eca3ea6ee4023b9d3,23.0,naive
2021-07-25,2021-07-25 07:15:00,24.0,0,b5f1969f3952250c2f06a2c18849f313e3e35a7e2b39f71eca3ea6ee4023b9d3,25.0,naive
2021-07-25,2021-07-25 07:30:00,24.0,0,b5f1969f3952250c2f06a2c18849f313e3e35a7e2b39f71eca3ea6ee4023b9d3,28.0,naive
2021-07-25,2021-07-25 07:45:00,24.0,0,b5f1969f3952250c2f06a2c18849f313e3e35a7e2b39f71eca3ea6ee4023b9d3,25.0,naive
2021-07-25,2021-07-25 08:00:00,24.0,0,b5f1969f3952250c2f06a2c18849f313e3e35a7e2b39f71eca3ea6ee4023b9d3,22.0,naive
2021-07-25,2021-07-25 08:15:00,23.0,0,b5f1969f3952250c2f06a2c18849f313e3e35a7e2b39f71eca3ea6ee4023b9d3,23.0,naive
2021-07-25,2021-07-25 08:30:00,23.0,0,b5f1969f3952250c2f06a2c18849f313e3e35a7e2b39f71eca3ea6ee4023b9d3,23.0,naive
2021-07-25,2021-07-25 08:45:00,24.0,0,b5f1969f3952250c2f06a2c18849f313e3e35a7e2b39f71eca3ea6ee4023b9d3,24.0,naive
2021-07-25,2021-07-25 09:00:00,25.0,0,b5f1969f3952250c2f06a2c18849f313e3e35a7e2b39f71eca3ea6ee4023b9d3,22.0,naive
2021-07-25,2021-07-25 09:15:00,29.0,0,b5f1969f3952250c2f06a2c18849f313e3e35a7e2b39f71eca3ea6ee4023b9d3,23.0,naive
2021-07-25,2021-07-25 09:30:00,25.0,0,b5f1969f3952250c2f06a2c18849f313e3e35a7e2b39f71eca3ea6ee4023b9d3,23.0,naive
2021-07-25,2021-07-25 09:45:00,24.0,0,b5f1969f3952250c2f06a2c18849f313e3e35a7e2b39f71eca3ea6ee4023b9d3,23.0,naive
2021-07-25,2021-07-25 10:00:00,24.0,0,b5f1969f3952250c2f06a2c18849f313e3e35a7e2b39f71eca3ea6ee4023b9d3,22.0,naive
2021-07-25,2021-07-25 10:15:00,23.0,0,b5f1969f3952250c2f06a2c18849f313e3e35a7e2b39f71eca3ea6ee4023b9d3,22.0,naive
2021-07-25,2021-07-25 10:30:00,24.0,0,b5f1969f3952250c2f06a2c18849f313e3e35a7e2b39f71eca3ea6ee4023b9d3,23.0,naive
2021-07-25,2021-07-25 10:45:00,24.0,0,b5f1969f3952250c2f06a2c18849f313e3e35a7e2b39f71eca3ea6ee4023b9d3,23.0,naive
2021-07-25,2021-07-25 11:00:00,23.0,0,b5f1969f3952250c2f06a2c18849f313e3e35a7e2b39f71eca3ea6ee4023b9d3,24.0,naive
2021-07-25,2021-07-25 11:15:00,23.0,0,b5f1969f3952250c2f06a2c18849f313e3e35a7e2b39f71eca3ea6ee4023b9d3,27.0,naive
2021-07-25,2021-07-25 11:30:00,24.0,0,b5f1969f3952250c2f06a2c18849f313e3e35a7e2b39f71eca3ea6ee4023b9d3,23.0,naive
2021-07-25,2021-07-25 11:45:00,24.0,0,b5f1969f3952250c2f06a2c18849f313e3e35a7e2b39f71eca3ea6ee4023b9d3,24.0,naive
2021-07-25,2021-07-25 12:00:00,26.0,0,b5f1969f3952250c2f06a2c18849f313e3e35a7e2b39f71eca3ea6ee4023b9d3,23.0,naive
2021-07-25,2021-07-25 12:15:00,25.0,0,b5f1969f3952250c2f06a2c18849f313e3e35a7e2b39f71eca3ea6ee4023b9d3,23.0,naive
2021-07-25,2021-07-25 12:30:00,28.0,0,b5f1969f3952250c2f06a2c18849f313e3e35a7e2b39f71eca3ea6ee4023b9d3,22.0,naive
2021-07-25,2021-07-25 12:45:00,26.0,0,b5f1969f3952250c2f06a2c18849f313e3e35a7e2b39f71eca3ea6ee4023b9d3,23.0,naive
2021-07-25,2021-07-25 13:00:00,24.0,0,b5f1969f3952250c2f06a2c18849f313e3e35a7e2b39f71eca3ea6ee4023b9d3,23.0,naive
2021-07-25,2021-07-25 13:15:00,24.0,0,b5f1969f3952250c2f06a2c18849f313e3e35a7e2b39f71eca3ea6ee4023b9d3,23.0,naive
2021-07-25,2021-07-25 13:30:00,24.0,0,b5f1969f3952250c2f06a2c18849f313e3e35a7e2b39f71eca3ea6ee4023b9d3,23.0,naive
2021-07-25,2021-07-25 13:45:00,23.0,0,b5f1969f3952250c2f06a2c18849f313e3e35a7e2b39f71eca3ea6ee4023b9d3,23.0,naive
2021-07-25,2021-07-25 14:00:00,24.0,0,b5f1969f3952250c2f06a2c18849f313e3e35a7e2b39f71eca3ea6ee4023b9d3,24.0,naive
2021-07-25,2021-07-25 14:15:00,24.0,0,b5f1969f3952250c2f06a2c18849f313e3e35a7e2b39f71eca3ea6ee4023b9d3,25.0,naive
2021-07-25,2021-07-25 14:30:00,25.0,0,b5f1969f3952250c2f06a2c18849f313e3e35a7e2b39f71eca3ea6ee4023b9d3,27.0,naive
2021-07-25,2021-07-25 14:45:00,24.0,0,b5f1969f3952250c2f06a2c18849f313e3e35a7e2b39f71eca3ea6ee4023b9d3,24.0,naive
2021-07-25,2021-07-25 15:00:00,24.0,0,b5f1969f3952250c2f06a2c18849f313e3e35a7e2b39f71eca3ea6ee4023b9d3,24.0,naive
2021-07-25,2021-07-25 15:15:00,24.0,0,b5f1969f3952250c2f06a2c18849f313e3e35a7e2b39f71eca3ea6ee4023b9d3,26.0,naive
2021-07-25,2021-07-25 15:30:00,25.0,0,b5f1969f3952250c2f06a2c18849f313e3e35a7e2b39f71eca3ea6ee4023b9d3,24.0,naive
2021-07-25,2021-07-25 15:45:00,25.0,0,b5f1969f3952250c2f06a2c18849f313e3e35a7e2b39f71eca3ea6ee4023b9d3,23.0,naive
2021-07-25,2021-07-25 16:00:00,29.0,0,b5f1969f3952250c2f06a2c18849f313e3e35a7e2b39f71eca3ea6ee4023b9d3,23.0,naive
2021-07-25,2021-07-25 16:15:00,27.0,0,b5f1969f3952250c2f06a2c18849f313e3e35a7e2b39f71eca3ea6ee4023b9d3,23.0,naive
2021-07-25,2021-07-25 16:30:00,25.0,0,b5f1969f3952250c2f06a2c18849f313e3e35a7e2b39f71eca3ea6ee4023b9d3,23.0,naive
2021-07-25,2021-07-25 16:45:00,24.0,0,b5f1969f3952250c2f06a2c18849f313e3e35a7e2b39f71eca3ea6ee4023b9d3,23.0,naive
2021-07-25,2021-07-25 17:00:00,24.0,0,b5f1969f3952250c2f06a2c18849f313e3e35a7e2b39f71eca3ea6ee4023b9d3,23.0,naive
2021-07-25,2021-07-25 17:15:00,24.0,0,b5f1969f3952250c2f06a2c18849f313e3e35a7e2b39f71eca3ea6ee4023b9d3,24.0,naive
2021-07-25,2021-07-25 17:30:00,24.0,0,b5f1969f3952250c2f06a2c18849f313e3e35a7e2b39f71eca3ea6ee4023b9d3,23.0,naive
2021-07-25,2021-07-25 17:45:00,23.0,0,b5f1969f3952250c2f06a2c18849f313e3e35a7e2b39f71eca3ea6ee4023b9d3,27.0,naive
2021-07-25,2021-07-25 18:00:00,23.0,0,b5f1969f3952250c2f06a2c18849f313e3e35a7e2b39f71eca3ea6ee4023b9d3,25.0,naive
2021-07-25,2021-07-25 18:15:00,24.0,0,b5f1969f3952250c2f06a2c18849f313e3e35a7e2b39f71eca3ea6ee4023b9d3,23.0,naive
2021-07-25,2021-07-25 18:30:00,23.0,0,b5f1969f3952250c2f06a2c18849f313e3e35a7e2b39f71eca3ea6ee4023b9d3,23.0,naive
2021-07-25,2021-07-25 18:45:00,23.0,0,b5f1969f3952250c2f06a2c18849f313e3e35a7e2b39f71eca3ea6ee4023b9d3,23.0,naive
2021-07-25,2021-07-25 19:00:00,24.0,0,b5f1969f3952250c2f06a2c18849f313e3e35a7e2b39f71eca3ea6ee4023b9d3,23.0,naive
2021-07-25,2021-07-25 19:15:00,24.0,0,b5f1969f3952250c2f06a2c18849f313e3e35a7e2b39f71eca3ea6ee4023b9d3,23.0,naive
2021-07-25,2021-07-25 19:30:00,25.0,0,b5f1969f3952250c2f06a2c18849f313e3e35a7e2b39f71eca3ea6ee4023b9d3,23.0,naive
2021-07-25,2021-07-25 19:45:00,28.0,0,b5f1969f3952250c2f06a2c18849f313e3e35a7e2b39f71eca3ea6ee4023b9d3,22.0,naive
2021-07-25,2021-07-25 20:00:00,23.0,0,b5f1969f3952250c2f06a2c18849f313e3e35a7e2b39f71eca3ea6ee4023b9d3,23.0,naive
2021-07-25,2021-07-25 20:15:00,24.0,0,b5f1969f3952250c2f06a2c18849f313e3e35a7e2b39f71eca3ea6ee4023b9d3,23.0,naive
2021-07-25,2021-07-25 20:30:00,24.0,0,b5f1969f3952250c2f06a2c18849f313e3e35a7e2b39f71eca3ea6ee4023b9d3,22.0,naive
2021-07-25,2021-07-25 20:45:00,24.0,0,b5f1969f3952250c2f06a2c18849f313e3e35a7e2b39f71eca3ea6ee4023b9d3,23.0,naive
2021-07-25,2021-07-25 21:00:00,24.0,0,b5f1969f3952250c2f06a2c18849f313e3e35a7e2b39f71eca3ea6ee4023b9d3,26.0,naive
2021-07-25,2021-07-25 21:15:00,24.0,0,b5f1969f3952250c2f06a2c18849f313e3e35a7e2b39f71eca3ea6ee4023b9d3,28.0,naive
2021-07-25,2021-07-25 21:30:00,23.0,0,b5f1969f3952250c2f06a2c18849f313e3e35a7e2b39f71eca3ea6ee4023b9d3,23.0,naive
2021-07-25,2021-07-25 21:45:00,24.0,0,b5f1969f3952250c2f06a2c18849f313e3e35a7e2b39f71eca3ea6ee4023b9d3,24.0,naive
2021-07-25,2021-07-25 22:00:00,23.0,0,b5f1969f3952250c2f06a2c18849f313e3e35a7e2b39f71eca3ea6ee4023b9d3,23.0,naive
2021-07-25,2021-07-25 22:15:00,24.0,0,b5f1969f3952250c2f06a2c18849f313e3e35a7e2b39f71eca3ea6ee4023b9d3,23.0,naive
2021-07-25,2021-07-25 22:30:00,24.0,0,b5f1969f3952250c2f06a2c18849f313e3e35a7e2b39f71eca3ea6ee4023b9d3,24.0,naive
2021-07-25,2021-07-25 22:45:00,24.0,0,b5f1969f3952250c2f06a2c18849f313e3e35a7e2b39f71eca3ea6ee4023b9d3,24.0,naive
2021-07-25,2021-07-25 23:00:00,26.0,0,b5f1969f3952250c2f06a2c18849f313e3e35a7e2b39f71eca3ea6ee4023b9d3,23.0,naive
2021-07-25,2021-07-25 23:15:00,28.0,0,b5f1969f3952250c2f06a2c18849f313e3e35a7e2b39f71eca3ea6ee4023b9d3,22.0,naive
2021-07-25,2021-07-25 23:30:00,24.0,0,b5f1969f3952250c2f06a2c18849f313e3e35a7e2b39f71eca3ea6ee4023b9d3,22.0,naive
2021-07-25,2021-07-25 23:45:00,24.0,0,b5f1969f3952250c2f06a2c18849f313e3e35a7e2b39f71eca3ea6ee4023b9d3,23.0,naive
2021-07-26,2021-07-26 00:00:00,24.0,0,e498e0850141d1eb6102944e8468072300bbf5f3c1006c2aea7368b94d11c906,23.0,naive
2021-07-26,2021-07-26 00:15:00,24.0,0,e498e0850141d1eb6102944e8468072300bbf5f3c1006c2aea7368b94d11c906,25.0,naive
2021-07-26,2021-07-26 00:30:00,24.0,0,e498e0850141d1eb6102944e8468072300bbf5f3c1006c2aea7368b94d11c906,28.0,naive
2021-07-26,2021-07-26 00:45:00,24.0,0,e498e0850141d1eb6102944e8468072300bbf5f3c1006c2aea7368b94d11c906,26.0,naive
2021-07-26,2021-07-26 01:00:00,23.0,0,e498e0850141d1eb6102944e8468072300bbf5f3c1006c2aea7368b94d11c906,24.0,naive
2021-07-26,2021-07-26 01:15:00,24.0,0,e498e0850141d1eb6102944e8468072300bbf5f3c1006c2aea7368b94d11c906,24.0,naive
2021-07-26,2021-07-26 01:30:00,24.0,0,e498e0850141d1eb6102944e8468072300bbf5f3c1006c2aea7368b94d11c906,23.0,naive
2021-07-26,2021-07-26 01:45:00,24.0,0,e498e0850141d1eb6102944e8468072300bbf5f3c1006c2aea7368b94d11c906,23.0,naive
2021-07-26,2021-07-26 02:00:00,24.0,0,e498e0850141d1eb6102944e8468072300bbf5f3c1006c2aea7368b94d11c906,23.0,naive
2021-07-26,2021-07-26 02:15:00,24.0,0,e498e0850141d1eb6102944e8468072300bbf5f3c1006c2aea7368b94d11c906,22.0,naive
2021-07-26,2021-07-26 02:30:00,24.0,0,e498e0850141d1eb6102944e8468072300bbf5f3c1006c2aea7368b94d11c906,24.0,naive
2021-07-26,2021-07-26 02:45:00,27.0,0,e498e0850141d1eb6102944e8468072300bbf5f3c1006c2aea7368b94d11c906,24.0,naive
2021-07-26,2021-07-26 03:00:00,27.0,0,e498e0850141d1eb6102944e8468072300bbf5f3c1006c2aea7368b94d11c906,24.0,naive
2021-07-26,2021-07-26 03:15:00,24.0,0,e498e0850141d1eb6102944e8468072300bbf5f3c1006c2aea7368b94d11c906,23.0,naive
2021-07-26,2021-07-26 03:30:00,24.0,0,e498e0850141d1eb6102944e8468072300bbf5f3c1006c2aea7368b94d11c906,22.0,naive
2021-07-26,2021-07-26 03:45:00,24.0,0,e498e0850141d1eb6102944e8468072300bbf5f3c1006c2aea7368b94d11c906,23.0,naive
2021-07-26,2021-07-26 04:00:00,23.0,0,e498e0850141d1eb6102944e8468072300bbf5f3c1006c2aea7368b94d11c906,27.0,naive
2021-07-26,2021-07-26 04:15:00,23.0,0,e498e0850141d1eb6102944e8468072300bbf5f3c1006c2aea7368b94d11c906,27.0,naive
2021-07-26,2021-07-26 04:30:00,24.0,0,e498e0850141d1eb6102944e8468072300bbf5f3c1006c2aea7368b94d11c906,22.0,naive
2021-07-26,2021-07-26 04:45:00,24.0,0,e498e0850141d1eb6102944e8468072300bbf5f3c1006c2aea7368b94d11c906,22.0,naive
2021-07-26,2021-07-26 05:00:00,24.0,0,e498e0850141d1eb6102944e8468072300bbf5f3c1006c2aea7368b94d11c906,22.0,naive
2021-07-26,2021-07-26 05:15:00,24.0,0,e498e0850141d1eb6102944e8468072300bbf5f3c1006c2aea7368b94d11c906,23.0,naive
2021-07-26,2021-07-26 05:30:00,23.0,0,e498e0850141d1eb6102944e8468072300bbf5f3c1006c2aea7368b94d11c906,23.0,naive
2021-07-26,2021-07-26 05:45:00,23.0,0,e498e0850141d1eb6102944e8468072300bbf5f3c1006c2aea7368b94d11c906,23.0,naive
2021-07-26,2021-07-26 06:00:00,25.0,0,e498e0850141d1eb6102944e8468072300bbf5f3c1006c2aea7368b94d11c906,23.0,naive
2021-07-26,2021-07-26 06:15:00,26.0,0,e498e0850141d1eb6102944e8468072300bbf5f3c1006c2aea7368b94d11c906,23.0,naive
2021-07-26,2021-07-26 06:30:00,26.0,0,e498e0850141d1eb6102944e8468072300bbf5f3c1006c2aea7368b94d11c906,22.0,naive
2021-07-26,2021-07-26 06:45:00,27.0,0,e498e0850141d1eb6102944e8468072300bbf5f3c1006c2aea7368b94d11c906,23.0,naive
2021-07-26,2021-07-26 07:00:00,30.0,0,e498e0850141d1eb6102944e8468072300bbf5f3c1006c2aea7368b94d11c906,24.0,naive
2021-07-26,2021-07-26 07:15:00,50.0,0,e498e0850141d1eb6102944e8468072300bbf5f3c1006c2aea7368b94d11c906,39.0,naive
2021-07-26,2021-07-26 07:30:00,75.0,0,e498e0850141d1eb6102944e8468072300bbf5f3c1006c2aea7368b94d11c906,76.0,naive
2021-07-26,2021-07-26 07:45:00,127.0,0,e498e0850141d1eb6102944e8468072300bbf5f3c1006c2aea7368b94d11c906,119.0,naive
2021-07-26,2021-07-26 08:00:00,177.0,805,e498e0850141d1eb6102944e8468072300bbf5f3c1006c2aea7368b94d11c906,172.0,naive
2021-07-26,2021-07-26 08:15:00,217.0,805,e498e0850141d1eb6102944e8468072300bbf5f3c1006c2aea7368b94d11c906,200.0,naive
2021-07-26,2021-07-26 08:30:00,206.0,805,e498e0850141d1eb6102944e8468072300bbf5f3c1006c2aea7368b94d11c906,194.0,naive
2021-07-26,2021-07-26 08:45:00,191.0,805,e498e0850141d1eb6102944e8468072300bbf5f3c1006c2aea7368b94d11c906,185.0,naive
2021-07-26,2021-07-26 09:00:00,182.0,1283,e498e0850141d1eb6102944e8468072300bbf5f3c1006c2aea7368b94d11c906,182.0,naive
2021-07-26,2021-07-26 09:15:00,178.0,1283,e498e0850141d1eb6102944e8468072300bbf5f3c1006c2aea7368b94d11c906,174.0,naive
2021-07-26,2021-07-26 09:30:00,189.0,1283,e498e0850141d1eb6102944e8468072300bbf5f3c1006c2aea7368b94d11c906,185.0,naive
2021-07-26,2021-07-26 09:45:00,186.0,1283,e498e0850141d1eb6102944e8468072300bbf5f3c1006c2aea7368b94d11c906,176.0,naive
2021-07-26,2021-07-26 10:00:00,148.0,1149,e498e0850141d1eb6102944e8468072300bbf5f3c1006c2aea7368b94d11c906,146.0,naive
2021-07-26,2021-07-26 10:15:00,192.0,1149,e498e0850141d1eb6102944e8468072300bbf5f3c1006c2aea7368b94d11c906,180.0,naive
2021-07-26,2021-07-26 10:30:00,191.0,1149,e498e0850141d1eb6102944e8468072300bbf5f3c1006c2aea7368b94d11c906,209.0,naive
2021-07-26,2021-07-26 10:45:00,207.0,1149,e498e0850141d1eb6102944e8468072300bbf5f3c1006c2aea7368b94d11c906,203.0,naive
2021-07-26,2021-07-26 11:00:00,202.0,3069,e498e0850141d1eb6102944e8468072300bbf5f3c1006c2aea7368b94d11c906,182.0,naive
2021-07-26,2021-07-26 11:15:00,190.0,3069,e498e0850141d1eb6102944e8468072300bbf5f3c1006c2aea7368b94d11c906,222.0,naive
2021-07-26,2021-07-26 11:30:00,182.0,3069,e498e0850141d1eb6102944e8468072300bbf5f3c1006c2aea7368b94d11c906,207.0,naive
2021-07-26,2021-07-26 11:45:00,186.0,3069,e498e0850141d1eb6102944e8468072300bbf5f3c1006c2aea7368b94d11c906,186.0,naive
2021-07-26,2021-07-26 12:00:00,130.0,0,e498e0850141d1eb6102944e8468072300bbf5f3c1006c2aea7368b94d11c906,134.0,naive
2021-07-26,2021-07-26 12:15:00,111.0,0,e498e0850141d1eb6102944e8468072300bbf5f3c1006c2aea7368b94d11c906,111.0,naive
2021-07-26,2021-07-26 12:30:00,105.0,0,e498e0850141d1eb6102944e8468072300bbf5f3c1006c2aea7368b94d11c906,111.0,naive
2021-07-26,2021-07-26 12:45:00,106.0,0,e498e0850141d1eb6102944e8468072300bbf5f3c1006c2aea7368b94d11c906,113.0,naive
2021-07-26,2021-07-26 13:00:00,151.0,1969,e498e0850141d1eb6102944e8468072300bbf5f3c1006c2aea7368b94d11c906,157.0,naive
2021-07-26,2021-07-26 13:15:00,178.0,1969,e498e0850141d1eb6102944e8468072300bbf5f3c1006c2aea7368b94d11c906,188.0,naive
2021-07-26,2021-07-26 13:30:00,180.0,1969,e498e0850141d1eb6102944e8468072300bbf5f3c1006c2aea7368b94d11c906,193.0,naive
2021-07-26,2021-07-26 13:45:00,167.0,1969,e498e0850141d1eb6102944e8468072300bbf5f3c1006c2aea7368b94d11c906,174.0,naive
2021-07-26,2021-07-26 14:00:00,176.0,669,e498e0850141d1eb6102944e8468072300bbf5f3c1006c2aea7368b94d11c906,175.0,naive
2021-07-26,2021-07-26 14:15:00,182.0,669,e498e0850141d1eb6102944e8468072300bbf5f3c1006c2aea7368b94d11c906,190.0,naive
2021-07-26,2021-07-26 14:30:00,199.0,669,e498e0850141d1eb6102944e8468072300bbf5f3c1006c2aea7368b94d11c906,177.0,naive
2021-07-26,2021-07-26 14:45:00,185.0,669,e498e0850141d1eb6102944e8468072300bbf5f3c1006c2aea7368b94d11c906,170.0,naive
2021-07-26,2021-07-26 15:00:00,137.0,2463,e498e0850141d1eb6102944e8468072300bbf5f3c1006c2aea7368b94d11c906,141.0,naive
2021-07-26,2021-07-26 15:15:00,136.0,2463,e498e0850141d1eb6102944e8468072300bbf5f3c1006c2aea7368b94d11c906,141.0,naive
2021-07-26,2021-07-26 15:30:00,180.0,2463,e498e0850141d1eb6102944e8468072300bbf5f3c1006c2aea7368b94d11c906,194.0,naive
2021-07-26,2021-07-26 15:45:00,177.0,2463,e498e0850141d1eb6102944e8468072300bbf5f3c1006c2aea7368b94d11c906,201.0,naive
2021-07-26,2021-07-26 16:00:00,163.0,1238,e498e0850141d1eb6102944e8468072300bbf5f3c1006c2aea7368b94d11c906,187.0,naive
2021-07-26,2021-07-26 16:15:00,163.0,1238,e498e0850141d1eb6102944e8468072300bbf5f3c1006c2aea7368b94d11c906,183.0,naive
2021-07-26,2021-07-26 16:30:00,177.0,1238,e498e0850141d1eb6102944e8468072300bbf5f3c1006c2aea7368b94d11c906,185.0,naive
2021-07-26,2021-07-26 16:45:00,173.0,1238,e498e0850141d1eb6102944e8468072300bbf5f3c1006c2aea7368b94d11c906,178.0,naive
2021-07-26,2021-07-26 17:00:00,122.0,6579,e498e0850141d1eb6102944e8468072300bbf5f3c1006c2aea7368b94d11c906,136.0,naive
2021-07-26,2021-07-26 17:15:00,108.0,6579,e498e0850141d1eb6102944e8468072300bbf5f3c1006c2aea7368b94d11c906,110.0,naive
2021-07-26,2021-07-26 17:30:00,144.0,6579,e498e0850141d1eb6102944e8468072300bbf5f3c1006c2aea7368b94d11c906,161.0,naive
2021-07-26,2021-07-26 17:45:00,169.0,6579,e498e0850141d1eb6102944e8468072300bbf5f3c1006c2aea7368b94d11c906,190.0,naive
2021-07-26,2021-07-26 18:00:00,186.0,1120,e498e0850141d1eb6102944e8468072300bbf5f3c1006c2aea7368b94d11c906,188.0,naive
2021-07-26,2021-07-26 18:15:00,181.0,1120,e498e0850141d1eb6102944e8468072300bbf5f3c1006c2aea7368b94d11c906,167.0,naive
2021-07-26,2021-07-26 18:30:00,169.0,1120,e498e0850141d1eb6102944e8468072300bbf5f3c1006c2aea7368b94d11c906,166.0,naive
2021-07-26,2021-07-26 18:45:00,162.0,1120,e498e0850141d1eb6102944e8468072300bbf5f3c1006c2aea7368b94d11c906,162.0,naive
2021-07-26,2021-07-26 19:00:00,169.0,3479,e498e0850141d1eb6102944e8468072300bbf5f3c1006c2aea7368b94d11c906,154.0,naive
2021-07-26,2021-07-26 19:15:00,177.0,3479,e498e0850141d1eb6102944e8468072300bbf5f3c1006c2aea7368b94d11c906,162.0,naive
2021-07-26,2021-07-26 19:30:00,160.0,3479,e498e0850141d1eb6102944e8468072300bbf5f3c1006c2aea7368b94d11c906,156.0,naive
2021-07-26,2021-07-26 19:45:00,122.0,3479,e498e0850141d1eb6102944e8468072300bbf5f3c1006c2aea7368b94d11c906,131.0,naive
2021-07-26,2021-07-26 20:00:00,98.0,19,e498e0850141d1eb6102944e8468072300bbf5f3c1006c2aea7368b94d11c906,115.0,naive
2021-07-26,2021-07-26 20:15:00,103.0,19,e498e0850141d1eb6102944e8468072300bbf5f3c1006c2aea7368b94d11c906,126.0,naive
2021-07-26,2021-07-26 20:30:00,103.0,19,e498e0850141d1eb6102944e8468072300bbf5f3c1006c2aea7368b94d11c906,136.0,naive
2021-07-26,2021-07-26 20:45:00,102.0,19,e498e0850141d1eb6102944e8468072300bbf5f3c1006c2aea7368b94d11c906,132.0,naive
2021-07-26,2021-07-26 21:00:00,105.0,0,e498e0850141d1eb6102944e8468072300bbf5f3c1006c2aea7368b94d11c906,129.0,naive
2021-07-26,2021-07-26 21:15:00,108.0,0,e498e0850141d1eb6102944e8468072300bbf5f3c1006c2aea7368b94d11c906,126.0,naive
2021-07-26,2021-07-26 21:30:00,116.0,0,e498e0850141d1eb6102944e8468072300bbf5f3c1006c2aea7368b94d11c906,127.0,naive
2021-07-26,2021-07-26 21:45:00,110.0,0,e498e0850141d1eb6102944e8468072300bbf5f3c1006c2aea7368b94d11c906,114.0,naive
2021-07-26,2021-07-26 22:00:00,96.0,132,e498e0850141d1eb6102944e8468072300bbf5f3c1006c2aea7368b94d11c906,94.0,naive
2021-07-26,2021-07-26 22:15:00,112.0,132,e498e0850141d1eb6102944e8468072300bbf5f3c1006c2aea7368b94d11c906,106.0,naive
2021-07-26,2021-07-26 22:30:00,116.0,132,e498e0850141d1eb6102944e8468072300bbf5f3c1006c2aea7368b94d11c906,109.0,naive
2021-07-26,2021-07-26 22:45:00,114.0,132,e498e0850141d1eb6102944e8468072300bbf5f3c1006c2aea7368b94d11c906,114.0,naive
2021-07-26,2021-07-26 23:00:00,106.0,48,e498e0850141d1eb6102944e8468072300bbf5f3c1006c2aea7368b94d11c906,119.0,naive
2021-07-26,2021-07-26 23:15:00,107.0,48,e498e0850141d1eb6102944e8468072300bbf5f3c1006c2aea7368b94d11c906,120.0,naive
2021-07-26,2021-07-26 23:30:00,95.0,48,e498e0850141d1eb6102944e8468072300bbf5f3c1006c2aea7368b94d11c906,106.0,naive
2021-07-26,2021-07-26 23:45:00,72.0,48,e498e0850141d1eb6102944e8468072300bbf5f3c1006c2aea7368b94d11c906,93.0,naive
2021-07-27,2021-07-27 00:00:00,70.0,89,da8114dd6157d3658d6c439a6cf7870005b770ed8b84649956d042e8fb7c1306,76.0,naive
2021-07-27,2021-07-27 00:15:00,70.0,89,da8114dd6157d3658d6c439a6cf7870005b770ed8b84649956d042e8fb7c1306,69.0,naive
2021-07-27,2021-07-27 00:30:00,67.0,89,da8114dd6157d3658d6c439a6cf7870005b770ed8b84649956d042e8fb7c1306,68.0,naive
2021-07-27,2021-07-27 00:45:00,65.0,89,da8114dd6157d3658d6c439a6cf7870005b770ed8b84649956d042e8fb7c1306,69.0,naive
2021-07-27,2021-07-27 01:00:00,84.0,63,da8114dd6157d3658d6c439a6cf7870005b770ed8b84649956d042e8fb7c1306,83.0,naive
2021-07-27,2021-07-27 01:15:00,106.0,63,da8114dd6157d3658d6c439a6cf7870005b770ed8b84649956d042e8fb7c1306,104.0,naive
2021-07-27,2021-07-27 01:30:00,109.0,63,da8114dd6157d3658d6c439a6cf7870005b770ed8b84649956d042e8fb7c1306,112.0,naive
2021-07-27,2021-07-27 01:45:00,110.0,63,da8114dd6157d3658d6c439a6cf7870005b770ed8b84649956d042e8fb7c1306,102.0,naive
2021-07-27,2021-07-27 02:00:00,116.0,4,da8114dd6157d3658d6c439a6cf7870005b770ed8b84649956d042e8fb7c1306,106.0,naive
2021-07-27,2021-07-27 02:15:00,113.0,4,da8114dd6157d3658d6c439a6cf7870005b770ed8b84649956d042e8fb7c1306,104.0,naive
2021-07-27,2021-07-27 02:30:00,119.0,4,da8114dd6157d3658d6c439a6cf7870005b770ed8b84649956d042e8fb7c1306,100.0,naive
2021-07-27,2021-07-27 02:45:00,112.0,4,da8114dd6157d3658d6c439a6cf7870005b770ed8b84649956d042e8fb7c1306,103.0,naive
2021-07-27,2021-07-27 03:00:00,95.0,74,da8114dd6157d3658d6c439a6cf7870005b770ed8b84649956d042e8fb7c1306,87.0,naive
2021-07-27,2021-07-27 03:15:00,109.0,74,da8114dd6157d3658d6c439a6cf7870005b770ed8b84649956d042e8fb7c1306,103.0,naive
2021-07-27,2021-07-27 03:30:00,111.0,74,da8114dd6157d3658d6c439a6cf7870005b770ed8b84649956d042e8fb7c1306,116.0,naive
2021-07-27,2021-07-27 03:45:00,106.0,74,da8114dd6157d3658d6c439a6cf7870005b770ed8b84649956d042e8fb7c1306,112.0,naive
2021-07-27,2021-07-27 04:00:00,114.0,36,da8114dd6157d3658d6c439a6cf7870005b770ed8b84649956d042e8fb7c1306,110.0,naive
2021-07-27,2021-07-27 04:15:00,113.0,36,da8114dd6157d3658d6c439a6cf7870005b770ed8b84649956d042e8fb7c1306,110.0,naive
2021-07-27,2021-07-27 04:30:00,110.0,36,da8114dd6157d3658d6c439a6cf7870005b770ed8b84649956d042e8fb7c1306,108.0,naive
2021-07-27,2021-07-27 04:45:00,96.0,36,da8114dd6157d3658d6c439a6cf7870005b770ed8b84649956d042e8fb7c1306,100.0,naive
2021-07-27,2021-07-27 05:00:00,81.0,2,da8114dd6157d3658d6c439a6cf7870005b770ed8b84649956d042e8fb7c1306,91.0,naive
2021-07-27,2021-07-27 05:15:00,76.0,2,da8114dd6157d3658d6c439a6cf7870005b770ed8b84649956d042e8fb7c1306,79.0,naive
2021-07-27,2021-07-27 05:30:00,92.0,2,da8114dd6157d3658d6c439a6cf7870005b770ed8b84649956d042e8fb7c1306,87.0,naive
2021-07-27,2021-07-27 05:45:00,106.0,2,da8114dd6157d3658d6c439a6cf7870005b770ed8b84649956d042e8fb7c1306,106.0,naive
2021-07-27,2021-07-27 06:00:00,111.0,229,da8114dd6157d3658d6c439a6cf7870005b770ed8b84649956d042e8fb7c1306,109.0,naive
2021-07-27,2021-07-27 06:15:00,109.0,229,da8114dd6157d3658d6c439a6cf7870005b770ed8b84649956d042e8fb7c1306,110.0,naive
2021-07-27,2021-07-27 06:30:00,103.0,229,da8114dd6157d3658d6c439a6cf7870005b770ed8b84649956d042e8fb7c1306,117.0,naive
2021-07-27,2021-07-27 06:45:00,98.0,229,da8114dd6157d3658d6c439a6cf7870005b770ed8b84649956d042e8fb7c1306,104.0,naive
2021-07-27,2021-07-27 07:00:00,104.0,1262,da8114dd6157d3658d6c439a6cf7870005b770ed8b84649956d042e8fb7c1306,109.0,naive
2021-07-27,2021-07-27 07:15:00,122.0,1262,da8114dd6157d3658d6c439a6cf7870005b770ed8b84649956d042e8fb7c1306,130.0,naive
2021-07-27,2021-07-27 07:30:00,148.0,1262,da8114dd6157d3658d6c439a6cf7870005b770ed8b84649956d042e8fb7c1306,148.0,naive
2021-07-27,2021-07-27 07:45:00,161.0,1262,da8114dd6157d3658d6c439a6cf7870005b770ed8b84649956d042e8fb7c1306,146.0,naive
2021-07-27,2021-07-27 08:00:00,179.0,1862,da8114dd6157d3658d6c439a6cf7870005b770ed8b84649956d042e8fb7c1306,170.0,naive
2021-07-27,2021-07-27 08:15:00,207.0,1862,da8114dd6157d3658d6c439a6cf7870005b770ed8b84649956d042e8fb7c1306,191.0,naive
2021-07-27,2021-07-27 08:30:00,202.0,1862,da8114dd6157d3658d6c439a6cf7870005b770ed8b84649956d042e8fb7c1306,201.0,naive
2021-07-27,2021-07-27 08:45:00,187.0,1862,da8114dd6157d3658d6c439a6cf7870005b770ed8b84649956d042e8fb7c1306,191.0,naive
2021-07-27,2021-07-27 09:00:00,171.0,593,da8114dd6157d3658d6c439a6cf7870005b770ed8b84649956d042e8fb7c1306,199.0,naive
2021-07-27,2021-07-27 09:15:00,172.0,593,da8114dd6157d3658d6c439a6cf7870005b770ed8b84649956d042e8fb7c1306,195.0,naive
2021-07-27,2021-07-27 09:30:00,188.0,593,da8114dd6157d3658d6c439a6cf7870005b770ed8b84649956d042e8fb7c1306,171.0,naive
2021-07-27,2021-07-27 09:45:00,192.0,593,da8114dd6157d3658d6c439a6cf7870005b770ed8b84649956d042e8fb7c1306,200.0,naive
2021-07-27,2021-07-27 10:00:00,152.0,976,da8114dd6157d3658d6c439a6cf7870005b770ed8b84649956d042e8fb7c1306,164.0,naive
2021-07-27,2021-07-27 10:15:00,194.0,976,da8114dd6157d3658d6c439a6cf7870005b770ed8b84649956d042e8fb7c1306,196.0,naive
2021-07-27,2021-07-27 10:30:00,206.0,976,da8114dd6157d3658d6c439a6cf7870005b770ed8b84649956d042e8fb7c1306,197.0,naive
2021-07-27,2021-07-27 10:45:00,201.0,976,da8114dd6157d3658d6c439a6cf7870005b770ed8b84649956d042e8fb7c1306,197.0,naive
2021-07-27,2021-07-27 11:00:00,203.0,857,da8114dd6157d3658d6c439a6cf7870005b770ed8b84649956d042e8fb7c1306,192.0,naive
2021-07-27,2021-07-27 11:15:00,210.0,857,da8114dd6157d3658d6c439a6cf7870005b770ed8b84649956d042e8fb7c1306,191.0,naive
2021-07-27,2021-07-27 11:30:00,211.0,857,da8114dd6157d3658d6c439a6cf7870005b770ed8b84649956d042e8fb7c1306,188.0,naive
2021-07-27,2021-07-27 11:45:00,203.0,857,da8114dd6157d3658d6c439a6cf7870005b770ed8b84649956d042e8fb7c1306,190.0,naive
2021-07-27,2021-07-27 12:00:00,124.0,184,da8114dd6157d3658d6c439a6cf7870005b770ed8b84649956d042e8fb7c1306,142.0,naive
2021-07-27,2021-07-27 12:15:00,97.0,184,da8114dd6157d3658d6c439a6cf7870005b770ed8b84649956d042e8fb7c1306,121.0,naive
2021-07-27,2021-07-27 12:30:00,105.0,184,da8114dd6157d3658d6c439a6cf7870005b770ed8b84649956d042e8fb7c1306,109.0,naive
2021-07-27,2021-07-27 12:45:00,112.0,184,da8114dd6157d3658d6c439a6cf7870005b770ed8b84649956d042e8fb7c1306,112.0,naive
2021-07-27,2021-07-27 13:00:00,156.0,606,da8114dd6157d3658d6c439a6cf7870005b770ed8b84649956d042e8fb7c1306,157.0,naive
2021-07-27,2021-07-27 13:15:00,186.0,606,da8114dd6157d3658d6c439a6cf7870005b770ed8b84649956d042e8fb7c1306,177.0,naive
2021-07-27,2021-07-27 13:30:00,187.0,606,da8114dd6157d3658d6c439a6cf7870005b770ed8b84649956d042e8fb7c1306,183.0,naive
2021-07-27,2021-07-27 13:45:00,198.0,606,da8114dd6157d3658d6c439a6cf7870005b770ed8b84649956d042e8fb7c1306,194.0,naive
2021-07-27,2021-07-27 14:00:00,194.0,1654,da8114dd6157d3658d6c439a6cf7870005b770ed8b84649956d042e8fb7c1306,192.0,naive
2021-07-27,2021-07-27 14:15:00,192.0,1654,da8114dd6157d3658d6c439a6cf7870005b770ed8b84649956d042e8fb7c1306,186.0,naive
2021-07-27,2021-07-27 14:30:00,199.0,1654,da8114dd6157d3658d6c439a6cf7870005b770ed8b84649956d042e8fb7c1306,185.0,naive
2021-07-27,2021-07-27 14:45:00,195.0,1654,da8114dd6157d3658d6c439a6cf7870005b770ed8b84649956d042e8fb7c1306,183.0,naive
2021-07-27,2021-07-27 15:00:00,155.0,1224,da8114dd6157d3658d6c439a6cf7870005b770ed8b84649956d042e8fb7c1306,145.0,naive
2021-07-27,2021-07-27 15:15:00,162.0,1224,da8114dd6157d3658d6c439a6cf7870005b770ed8b84649956d042e8fb7c1306,144.0,naive
2021-07-27,2021-07-27 15:30:00,199.0,1224,da8114dd6157d3658d6c439a6cf7870005b770ed8b84649956d042e8fb7c1306,180.0,naive
2021-07-27,2021-07-27 15:45:00,201.0,1224,da8114dd6157d3658d6c439a6cf7870005b770ed8b84649956d042e8fb7c1306,199.0,naive
2021-07-27,2021-07-27 16:00:00,184.0,1271,da8114dd6157d3658d6c439a6cf7870005b770ed8b84649956d042e8fb7c1306,201.0,naive
2021-07-27,2021-07-27 16:15:00,186.0,1271,da8114dd6157d3658d6c439a6cf7870005b770ed8b84649956d042e8fb7c1306,179.0,naive
2021-07-27,2021-07-27 16:30:00,187.0,1271,da8114dd6157d3658d6c439a6cf7870005b770ed8b84649956d042e8fb7c1306,179.0,naive
2021-07-27,2021-07-27 16:45:00,186.0,1271,da8114dd6157d3658d6c439a6cf7870005b770ed8b84649956d042e8fb7c1306,181.0,naive
2021-07-27,2021-07-27 17:00:00,143.0,350,da8114dd6157d3658d6c439a6cf7870005b770ed8b84649956d042e8fb7c1306,116.0,naive
2021-07-27,2021-07-27 17:15:00,136.0,350,da8114dd6157d3658d6c439a6cf7870005b770ed8b84649956d042e8fb7c1306,107.0,naive
2021-07-27,2021-07-27 17:30:00,172.0,350,da8114dd6157d3658d6c439a6cf7870005b770ed8b84649956d042e8fb7c1306,145.0,naive
2021-07-27,2021-07-27 17:45:00,184.0,350,da8114dd6157d3658d6c439a6cf7870005b770ed8b84649956d042e8fb7c1306,159.0,naive
2021-07-27,2021-07-27 18:00:00,170.0,5796,da8114dd6157d3658d6c439a6cf7870005b770ed8b84649956d042e8fb7c1306,179.0,naive
2021-07-27,2021-07-27 18:15:00,159.0,5796,da8114dd6157d3658d6c439a6cf7870005b770ed8b84649956d042e8fb7c1306,182.0,naive
2021-07-27,2021-07-27 18:30:00,172.0,5796,da8114dd6157d3658d6c439a6cf7870005b770ed8b84649956d042e8fb7c1306,160.0,naive
2021-07-27,2021-07-27 18:45:00,174.0,5796,da8114dd6157d3658d6c439a6cf7870005b770ed8b84649956d042e8fb7c1306,177.0,naive
2021-07-27,2021-07-27 19:00:00,172.0,3392,da8114dd6157d3658d6c439a6cf7870005b770ed8b84649956d042e8fb7c1306,176.0,naive
2021-07-27,2021-07-27 19:15:00,162.0,3392,da8114dd6157d3658d6c439a6cf7870005b770ed8b84649956d042e8fb7c1306,173.0,naive
2021-07-27,2021-07-27 19:30:00,180.0,3392,da8114dd6157d3658d6c439a6cf7870005b770ed8b84649956d042e8fb7c1306,173.0,naive
2021-07-27,2021-07-27 19:45:00,161.0,3392,da8114dd6157d3658d6c439a6cf7870005b770ed8b84649956d042e8fb7c1306,159.0,naive
2021-07-27,2021-07-27 20:00:00,146.0,2,da8114dd6157d3658d6c439a6cf7870005b770ed8b84649956d042e8fb7c1306,132.0,naive
2021-07-27,2021-07-27 20:15:00,147.0,2,da8114dd6157d3658d6c439a6cf7870005b770ed8b84649956d042e8fb7c1306,131.0,naive
2021-07-27,2021-07-27 20:30:00,141.0,2,da8114dd6157d3658d6c439a6cf7870005b770ed8b84649956d042e8fb7c1306,124.0,naive
2021-07-27,2021-07-27 20:45:00,141.0,2,da8114dd6157d3658d6c439a6cf7870005b770ed8b84649956d042e8fb7c1306,120.0,naive
2021-07-27,2021-07-27 21:00:00,144.0,8,da8114dd6157d3658d6c439a6cf7870005b770ed8b84649956d042e8fb7c1306,121.0,naive
2021-07-27,2021-07-27 21:15:00,138.0,8,da8114dd6157d3658d6c439a6cf7870005b770ed8b84649956d042e8fb7c1306,127.0,naive
2021-07-27,2021-07-27 21:30:00,144.0,8,da8114dd6157d3658d6c439a6cf7870005b770ed8b84649956d042e8fb7c1306,137.0,naive
2021-07-27,2021-07-27 21:45:00,148.0,8,da8114dd6157d3658d6c439a6cf7870005b770ed8b84649956d042e8fb7c1306,133.0,naive
2021-07-27,2021-07-27 22:00:00,131.0,41,da8114dd6157d3658d6c439a6cf7870005b770ed8b84649956d042e8fb7c1306,108.0,naive
2021-07-27,2021-07-27 22:15:00,132.0,41,da8114dd6157d3658d6c439a6cf7870005b770ed8b84649956d042e8fb7c1306,111.0,naive
2021-07-27,2021-07-27 22:30:00,127.0,41,da8114dd6157d3658d6c439a6cf7870005b770ed8b84649956d042e8fb7c1306,108.0,naive
2021-07-27,2021-07-27 22:45:00,127.0,41,da8114dd6157d3658d6c439a6cf7870005b770ed8b84649956d042e8fb7c1306,121.0,naive
2021-07-27,2021-07-27 23:00:00,139.0,201,da8114dd6157d3658d6c439a6cf7870005b770ed8b84649956d042e8fb7c1306,117.0,naive
2021-07-27,2021-07-27 23:15:00,138.0,201,da8114dd6157d3658d6c439a6cf7870005b770ed8b84649956d042e8fb7c1306,111.0,naive
2021-07-27,2021-07-27 23:30:00,116.0,201,da8114dd6157d3658d6c439a6cf7870005b770ed8b84649956d042e8fb7c1306,112.0,naive
2021-07-27,2021-07-27 23:45:00,93.0,201,da8114dd6157d3658d6c439a6cf7870005b770ed8b84649956d042e8fb7c1306,96.0,naive
2021-07-28,2021-07-28 00:00:00,91.0,1158,0c908e4442e44ccefdcb1f0eaf272d40329f19c4800fc519cf6d6c555a3c672e,85.0,naive
2021-07-28,2021-07-28 00:15:00,88.0,1158,0c908e4442e44ccefdcb1f0eaf272d40329f19c4800fc519cf6d6c555a3c672e,79.0,naive
2021-07-28,2021-07-28 00:30:00,86.0,1158,0c908e4442e44ccefdcb1f0eaf272d40329f19c4800fc519cf6d6c555a3c672e,74.0,naive
2021-07-28,2021-07-28 00:45:00,85.0,1158,0c908e4442e44ccefdcb1f0eaf272d40329f19c4800fc519cf6d6c555a3c672e,72.0,naive
2021-07-28,2021-07-28 01:00:00,110.0,83,0c908e4442e44ccefdcb1f0eaf272d40329f19c4800fc519cf6d6c555a3c672e,96.0,naive
2021-07-28,2021-07-28 01:15:00,123.0,83,0c908e4442e44ccefdcb1f0eaf272d40329f19c4800fc519cf6d6c555a3c672e,105.0,naive
2021-07-28,2021-07-28 01:30:00,130.0,83,0c908e4442e44ccefdcb1f0eaf272d40329f19c4800fc519cf6d6c555a3c672e,112.0,naive
2021-07-28,2021-07-28 01:45:00,122.0,83,0c908e4442e44ccefdcb1f0eaf272d40329f19c4800fc519cf6d6c555a3c672e,113.0,naive
2021-07-28,2021-07-28 02:00:00,119.0,4,0c908e4442e44ccefdcb1f0eaf272d40329f19c4800fc519cf6d6c555a3c672e,89.0,naive
2021-07-28,2021-07-28 02:15:00,113.0,4,0c908e4442e44ccefdcb1f0eaf272d40329f19c4800fc519cf6d6c555a3c672e,100.0,naive
2021-07-28,2021-07-28 02:30:00,115.0,4,0c908e4442e44ccefdcb1f0eaf272d40329f19c4800fc519cf6d6c555a3c672e,108.0,naive
2021-07-28,2021-07-28 02:45:00,130.0,4,0c908e4442e44ccefdcb1f0eaf272d40329f19c4800fc519cf6d6c555a3c672e,101.0,naive
2021-07-28,2021-07-28 03:00:00,109.0,308,0c908e4442e44ccefdcb1f0eaf272d40329f19c4800fc519cf6d6c555a3c672e,85.0,naive
2021-07-28,2021-07-28 03:15:00,124.0,308,0c908e4442e44ccefdcb1f0eaf272d40329f19c4800fc519cf6d6c555a3c672e,104.0,naive
2021-07-28,2021-07-28 03:30:00,128.0,308,0c908e4442e44ccefdcb1f0eaf272d40329f19c4800fc519cf6d6c555a3c672e,106.0,naive
2021-07-28,2021-07-28 03:45:00,127.0,308,0c908e4442e44ccefdcb1f0eaf272d40329f19c4800fc519cf6d6c555a3c672e,111.0,naive
2021-07-28,2021-07-28 04:00:00,119.0,177,0c908e4442e44ccefdcb1f0eaf272d40329f19c4800fc519cf6d6c555a3c672e,100.0,naive
2021-07-28,2021-07-28 04:15:00,123.0,177,0c908e4442e44ccefdcb1f0eaf272d40329f19c4800fc519cf6d6c555a3c672e,117.0,naive
2021-07-28,2021-07-28 04:30:00,116.0,177,0c908e4442e44ccefdcb1f0eaf272d40329f19c4800fc519cf6d6c555a3c672e,111.0,naive
2021-07-28,2021-07-28 04:45:00,118.0,177,0c908e4442e44ccefdcb1f0eaf272d40329f19c4800fc519cf6d6c555a3c672e,99.0,naive
2021-07-28,2021-07-28 05:00:00,97.0,56,0c908e4442e44ccefdcb1f0eaf272d40329f19c4800fc519cf6d6c555a3c672e,86.0,naive
2021-07-28,2021-07-28 05:15:00,91.0,56,0c908e4442e44ccefdcb1f0eaf272d40329f19c4800fc519cf6d6c555a3c672e,78.0,naive
2021-07-28,2021-07-28 05:30:00,113.0,56,0c908e4442e44ccefdcb1f0eaf272d40329f19c4800fc519cf6d6c555a3c672e,99.0,naive
2021-07-28,2021-07-28 05:45:00,119.0,56,0c908e4442e44ccefdcb1f0eaf272d40329f19c4800fc519cf6d6c555a3c672e,111.0,naive
2021-07-28,2021-07-28 06:00:00,123.0,52,0c908e4442e44ccefdcb1f0eaf272d40329f19c4800fc519cf6d6c555a3c672e,108.0,naive
2021-07-28,2021-07-28 06:15:00,122.0,52,0c908e4442e44ccefdcb1f0eaf272d40329f19c4800fc519cf6d6c555a3c672e,99.0,naive
2021-07-28,2021-07-28 06:30:00,122.0,52,0c908e4442e44ccefdcb1f0eaf272d40329f19c4800fc519cf6d6c555a3c672e,110.0,naive
2021-07-28,2021-07-28 06:45:00,127.0,52,0c908e4442e44ccefdcb1f0eaf272d40329f19c4800fc519cf6d6c555a3c672e,106.0,naive
2021-07-28,2021-07-28 07:00:00,132.0,1841,0c908e4442e44ccefdcb1f0eaf272d40329f19c4800fc519cf6d6c555a3c672e,104.0,naive
2021-07-28,2021-07-28 07:15:00,144.0,1841,0c908e4442e44ccefdcb1f0eaf272d40329f19c4800fc519cf6d6c555a3c672e,111.0,naive
2021-07-28,2021-07-28 07:30:00,174.0,1841,0c908e4442e44ccefdcb1f0eaf272d40329f19c4800fc519cf6d6c555a3c672e,149.0,naive
2021-07-28,2021-07-28 07:45:00,174.0,1841,0c908e4442e44ccefdcb1f0eaf272d40329f19c4800fc519cf6d6c555a3c672e,148.0,naive
2021-07-28,2021-07-28 08:00:00,187.0,2013,0c908e4442e44ccefdcb1f0eaf272d40329f19c4800fc519cf6d6c555a3c672e,164.0,naive
2021-07-28,2021-07-28 08:15:00,200.0,2013,0c908e4442e44ccefdcb1f0eaf272d40329f19c4800fc519cf6d6c555a3c672e,200.0,naive
2021-07-28,2021-07-28 08:30:00,200.0,2013,0c908e4442e44ccefdcb1f0eaf272d40329f19c4800fc519cf6d6c555a3c672e,209.0,naive
2021-07-28,2021-07-28 08:45:00,204.0,2013,0c908e4442e44ccefdcb1f0eaf272d40329f19c4800fc519cf6d6c555a3c672e,199.0,naive
2021-07-28,2021-07-28 09:00:00,192.0,2284,0c908e4442e44ccefdcb1f0eaf272d40329f19c4800fc519cf6d6c555a3c672e,195.0,naive
2021-07-28,2021-07-28 09:15:00,198.0,2284,0c908e4442e44ccefdcb1f0eaf272d40329f19c4800fc519cf6d6c555a3c672e,200.0,naive
2021-07-28,2021-07-28 09:30:00,199.0,2284,0c908e4442e44ccefdcb1f0eaf272d40329f19c4800fc519cf6d6c555a3c672e,205.0,naive
2021-07-28,2021-07-28 09:45:00,204.0,2284,0c908e4442e44ccefdcb1f0eaf272d40329f19c4800fc519cf6d6c555a3c672e,214.0,naive
2021-07-28,2021-07-28 10:00:00,160.0,1029,0c908e4442e44ccefdcb1f0eaf272d40329f19c4800fc519cf6d6c555a3c672e,164.0,naive
2021-07-28,2021-07-28 10:15:00,196.0,1029,0c908e4442e44ccefdcb1f0eaf272d40329f19c4800fc519cf6d6c555a3c672e,197.0,naive
2021-07-28,2021-07-28 10:30:00,194.0,1029,0c908e4442e44ccefdcb1f0eaf272d40329f19c4800fc519cf6d6c555a3c672e,183.0,naive
2021-07-28,2021-07-28 10:45:00,202.0,1029,0c908e4442e44ccefdcb1f0eaf272d40329f19c4800fc519cf6d6c555a3c672e,173.0,naive
2021-07-28,2021-07-28 11:00:00,202.0,2429,0c908e4442e44ccefdcb1f0eaf272d40329f19c4800fc519cf6d6c555a3c672e,180.0,naive
2021-07-28,2021-07-28 11:15:00,211.0,2429,0c908e4442e44ccefdcb1f0eaf272d40329f19c4800fc519cf6d6c555a3c672e,200.0,naive
2021-07-28,2021-07-28 11:30:00,205.0,2429,0c908e4442e44ccefdcb1f0eaf272d40329f19c4800fc519cf6d6c555a3c672e,200.0,naive
2021-07-28,2021-07-28 11:45:00,212.0,2429,0c908e4442e44ccefdcb1f0eaf272d40329f19c4800fc519cf6d6c555a3c672e,206.0,naive
2021-07-28,2021-07-28 12:00:00,145.0,296,0c908e4442e44ccefdcb1f0eaf272d40329f19c4800fc519cf6d6c555a3c672e,150.0,naive
2021-07-28,2021-07-28 12:15:00,111.0,296,0c908e4442e44ccefdcb1f0eaf272d40329f19c4800fc519cf6d6c555a3c672e,128.0,naive
2021-07-28,2021-07-28 12:30:00,111.0,296,0c908e4442e44ccefdcb1f0eaf272d40329f19c4800fc519cf6d6c555a3c672e,116.0,naive
2021-07-28,2021-07-28 12:45:00,116.0,296,0c908e4442e44ccefdcb1f0eaf272d40329f19c4800fc519cf6d6c555a3c672e,116.0,naive
2021-07-28,2021-07-28 13:00:00,178.0,1488,0c908e4442e44ccefdcb1f0eaf272d40329f19c4800fc519cf6d6c555a3c672e,177.0,naive
2021-07-28,2021-07-28 13:15:00,200.0,1488,0c908e4442e44ccefdcb1f0eaf272d40329f19c4800fc519cf6d6c555a3c672e,181.0,naive
2021-07-28,2021-07-28 13:30:00,200.0,1488,0c908e4442e44ccefdcb1f0eaf272d40329f19c4800fc519cf6d6c555a3c672e,193.0,naive
2021-07-28,2021-07-28 13:45:00,199.0,1488,0c908e4442e44ccefdcb1f0eaf272d40329f19c4800fc519cf6d6c555a3c672e,204.0,naive
2021-07-28,2021-07-28 14:00:00,190.0,1197,0c908e4442e44ccefdcb1f0eaf272d40329f19c4800fc519cf6d6c555a3c672e,197.0,naive
2021-07-28,2021-07-28 14:15:00,196.0,1197,0c908e4442e44ccefdcb1f0eaf272d40329f19c4800fc519cf6d6c555a3c672e,203.0,naive
2021-07-28,2021-07-28 14:30:00,203.0,1197,0c908e4442e44ccefdcb1f0eaf272d40329f19c4800fc519cf6d6c555a3c672e,201.0,naive
2021-07-28,2021-07-28 14:45:00,196.0,1197,0c908e4442e44ccefdcb1f0eaf272d40329f19c4800fc519cf6d6c555a3c672e,194.0,naive
2021-07-28,2021-07-28 15:00:00,135.0,300,0c908e4442e44ccefdcb1f0eaf272d40329f19c4800fc519cf6d6c555a3c672e,151.0,naive
2021-07-28,2021-07-28 15:15:00,143.0,300,0c908e4442e44ccefdcb1f0eaf272d40329f19c4800fc519cf6d6c555a3c672e,151.0,naive
2021-07-28,2021-07-28 15:30:00,187.0,300,0c908e4442e44ccefdcb1f0eaf272d40329f19c4800fc519cf6d6c555a3c672e,199.0,naive
2021-07-28,2021-07-28 15:45:00,180.0,300,0c908e4442e44ccefdcb1f0eaf272d40329f19c4800fc519cf6d6c555a3c672e,183.0,naive
2021-07-28,2021-07-28 16:00:00,181.0,2747,0c908e4442e44ccefdcb1f0eaf272d40329f19c4800fc519cf6d6c555a3c672e,180.0,naive
2021-07-28,2021-07-28 16:15:00,177.0,2747,0c908e4442e44ccefdcb1f0eaf272d40329f19c4800fc519cf6d6c555a3c672e,178.0,naive
2021-07-28,2021-07-28 16:30:00,171.0,2747,0c908e4442e44ccefdcb1f0eaf272d40329f19c4800fc519cf6d6c555a3c672e,182.0,naive
2021-07-28,2021-07-28 16:45:00,165.0,2747,0c908e4442e44ccefdcb1f0eaf272d40329f19c4800fc519cf6d6c555a3c672e,189.0,naive
2021-07-28,2021-07-28 17:00:00,123.0,682,0c908e4442e44ccefdcb1f0eaf272d40329f19c4800fc519cf6d6c555a3c672e,133.0,naive
2021-07-28,2021-07-28 17:15:00,106.0,682,0c908e4442e44ccefdcb1f0eaf272d40329f19c4800fc519cf6d6c555a3c672e,116.0,naive
2021-07-28,2021-07-28 17:30:00,169.0,682,0c908e4442e44ccefdcb1f0eaf272d40329f19c4800fc519cf6d6c555a3c672e,149.0,naive
2021-07-28,2021-07-28 17:45:00,190.0,682,0c908e4442e44ccefdcb1f0eaf272d40329f19c4800fc519cf6d6c555a3c672e,153.0,naive
2021-07-28,2021-07-28 18:00:00,190.0,1952,0c908e4442e44ccefdcb1f0eaf272d40329f19c4800fc519cf6d6c555a3c672e,162.0,naive
2021-07-28,2021-07-28 18:15:00,177.0,1952,0c908e4442e44ccefdcb1f0eaf272d40329f19c4800fc519cf6d6c555a3c672e,168.0,naive
2021-07-28,2021-07-28 18:30:00,181.0,1952,0c908e4442e44ccefdcb1f0eaf272d40329f19c4800fc519cf6d6c555a3c672e,152.0,naive
2021-07-28,2021-07-28 18:45:00,185.0,1952,0c908e4442e44ccefdcb1f0eaf272d40329f19c4800fc519cf6d6c555a3c672e,167.0,naive
2021-07-28,2021-07-28 19:00:00,175.0,3635,0c908e4442e44ccefdcb1f0eaf272d40329f19c4800fc519cf6d6c555a3c672e,170.0,naive
2021-07-28,2021-07-28 19:15:00,152.0,3635,0c908e4442e44ccefdcb1f0eaf272d40329f19c4800fc519cf6d6c555a3c672e,161.0,naive
2021-07-28,2021-07-28 19:30:00,153.0,3635,0c908e4442e44ccefdcb1f0eaf272d40329f19c4800fc519cf6d6c555a3c672e,174.0,naive
2021-07-28,2021-07-28 19:45:00,124.0,3635,0c908e4442e44ccefdcb1f0eaf272d40329f19c4800fc519cf6d6c555a3c672e,143.0,naive
2021-07-28,2021-07-28 20:00:00,104.0,308,0c908e4442e44ccefdcb1f0eaf272d40329f19c4800fc519cf6d6c555a3c672e,126.0,naive
2021-07-28,2021-07-28 20:15:00,110.0,308,0c908e4442e44ccefdcb1f0eaf272d40329f19c4800fc519cf6d6c555a3c672e,138.0,naive
2021-07-28,2021-07-28 20:30:00,100.0,308,0c908e4442e44ccefdcb1f0eaf272d40329f19c4800fc519cf6d6c555a3c672e,131.0,naive
2021-07-28,2021-07-28 20:45:00,113.0,308,0c908e4442e44ccefdcb1f0eaf272d40329f19c4800fc519cf6d6c555a3c672e,128.0,naive
2021-07-28,2021-07-28 21:00:00,115.0,21,0c908e4442e44ccefdcb1f0eaf272d40329f19c4800fc519cf6d6c555a3c672e,118.0,naive
2021-07-28,2021-07-28 21:15:00,104.0,21,0c908e4442e44ccefdcb1f0eaf272d40329f19c4800fc519cf6d6c555a3c672e,116.0,naive
2021-07-28,2021-07-28 21:30:00,108.0,21,0c908e4442e44ccefdcb1f0eaf272d40329f19c4800fc519cf6d6c555a3c672e,118.0,naive
2021-07-28,2021-07-28 21:45:00,111.0,21,0c908e4442e44ccefdcb1f0eaf272d40329f19c4800fc519cf6d6c555a3c672e,116.0,naive
2021-07-28,2021-07-28 22:00:00,95.0,189,0c908e4442e44ccefdcb1f0eaf272d40329f19c4800fc519cf6d6c555a3c672e,88.0,naive
2021-07-28,2021-07-28 22:15:00,107.0,189,0c908e4442e44ccefdcb1f0eaf272d40329f19c4800fc519cf6d6c555a3c672e,102.0,naive
2021-07-28,2021-07-28 22:30:00,101.0,189,0c908e4442e44ccefdcb1f0eaf272d40329f19c4800fc519cf6d6c555a3c672e,110.0,naive
2021-07-28,2021-07-28 22:45:00,109.0,189,0c908e4442e44ccefdcb1f0eaf272d40329f19c4800fc519cf6d6c555a3c672e,114.0,naive
2021-07-28,2021-07-28 23:00:00,116.0,36,0c908e4442e44ccefdcb1f0eaf272d40329f19c4800fc519cf6d6c555a3c672e,106.0,naive
2021-07-28,2021-07-28 23:15:00,111.0,36,0c908e4442e44ccefdcb1f0eaf272d40329f19c4800fc519cf6d6c555a3c672e,111.0,naive
2021-07-28,2021-07-28 23:30:00,103.0,36,0c908e4442e44ccefdcb1f0eaf272d40329f19c4800fc519cf6d6c555a3c672e,107.0,naive
2021-07-28,2021-07-28 23:45:00,80.0,36,0c908e4442e44ccefdcb1f0eaf272d40329f19c4800fc519cf6d6c555a3c672e,88.0,naive
2021-07-29,2021-07-29 00:00:00,68.0,0,e4f4f910da5b981393d38fd74b3c97d0161234719167a8c0386a58acd9fb0a4c,73.0,naive
2021-07-29,2021-07-29 00:15:00,70.0,0,e4f4f910da5b981393d38fd74b3c97d0161234719167a8c0386a58acd9fb0a4c,72.0,naive
2021-07-29,2021-07-29 00:30:00,67.0,0,e4f4f910da5b981393d38fd74b3c97d0161234719167a8c0386a58acd9fb0a4c,70.0,naive
2021-07-29,2021-07-29 00:45:00,67.0,0,e4f4f910da5b981393d38fd74b3c97d0161234719167a8c0386a58acd9fb0a4c,67.0,naive
2021-07-29,2021-07-29 01:00:00,98.0,313,e4f4f910da5b981393d38fd74b3c97d0161234719167a8c0386a58acd9fb0a4c,88.0,naive
2021-07-29,2021-07-29 01:15:00,118.0,313,e4f4f910da5b981393d38fd74b3c97d0161234719167a8c0386a58acd9fb0a4c,96.0,naive
2021-07-29,2021-07-29 01:30:00,116.0,313,e4f4f910da5b981393d38fd74b3c97d0161234719167a8c0386a58acd9fb0a4c,106.0,naive
2021-07-29,2021-07-29 01:45:00,109.0,313,e4f4f910da5b981393d38fd74b3c97d0161234719167a8c0386a58acd9fb0a4c,106.0,naive
2021-07-29,2021-07-29 02:00:00,103.0,206,e4f4f910da5b981393d38fd74b3c97d0161234719167a8c0386a58acd9fb0a4c,97.0,naive
2021-07-29,2021-07-29 02:15:00,118.0,206,e4f4f910da5b981393d38fd74b3c97d0161234719167a8c0386a58acd9fb0a4c,111.0,naive
2021-07-29,2021-07-29 02:30:00,115.0,206,e4f4f910da5b981393d38fd74b3c97d0161234719167a8c0386a58acd9fb0a4c,108.0,naive
2021-07-29,2021-07-29 02:45:00,106.0,206,e4f4f910da5b981393d38fd74b3c97d0161234719167a8c0386a58acd9fb0a4c,95.0,naive
2021-07-29,2021-07-29 03:00:00,91.0,49,e4f4f910da5b981393d38fd74b3c97d0161234719167a8c0386a58acd9fb0a4c,86.0,naive
2021-07-29,2021-07-29 03:15:00,116.0,49,e4f4f910da5b981393d38fd74b3c97d0161234719167a8c0386a58acd9fb0a4c,104.0,naive
2021-07-29,2021-07-29 03:30:00,117.0,49,e4f4f910da5b981393d38fd74b3c97d0161234719167a8c0386a58acd9fb0a4c,103.0,naive
2021-07-29,2021-07-29 03:45:00,117.0,49,e4f4f910da5b981393d38fd74b3c97d0161234719167a8c0386a58acd9fb0a4c,105.0,naive
2021-07-29,2021-07-29 04:00:00,113.0,100,e4f4f910da5b981393d38fd74b3c97d0161234719167a8c0386a58acd9fb0a4c,101.0,naive
2021-07-29,2021-07-29 04:15:00,110.0,100,e4f4f910da5b981393d38fd74b3c97d0161234719167a8c0386a58acd9fb0a4c,105.0,naive
2021-07-29,2021-07-29 04:30:00,116.0,100,e4f4f910da5b981393d38fd74b3c97d0161234719167a8c0386a58acd9fb0a4c,106.0,naive
2021-07-29,2021-07-29 04:45:00,105.0,100,e4f4f910da5b981393d38fd74b3c97d0161234719167a8c0386a58acd9fb0a4c,108.0,naive
2021-07-29,2021-07-29 05:00:00,85.0,156,e4f4f910da5b981393d38fd74b3c97d0161234719167a8c0386a58acd9fb0a4c,80.0,naive
2021-07-29,2021-07-29 05:15:00,73.0,156,e4f4f910da5b981393d38fd74b3c97d0161234719167a8c0386a58acd9fb0a4c,74.0,naive
2021-07-29,2021-07-29 05:30:00,99.0,156,e4f4f910da5b981393d38fd74b3c97d0161234719167a8c0386a58acd9fb0a4c,85.0,naive
2021-07-29,2021-07-29 05:45:00,119.0,156,e4f4f910da5b981393d38fd74b3c97d0161234719167a8c0386a58acd9fb0a4c,103.0,naive
2021-07-29,2021-07-29 06:00:00,121.0,94,e4f4f910da5b981393d38fd74b3c97d0161234719167a8c0386a58acd9fb0a4c,104.0,naive
2021-07-29,2021-07-29 06:15:00,121.0,94,e4f4f910da5b981393d38fd74b3c97d0161234719167a8c0386a58acd9fb0a4c,106.0,naive
2021-07-29,2021-07-29 06:30:00,112.0,94,e4f4f910da5b981393d38fd74b3c97d0161234719167a8c0386a58acd9fb0a4c,109.0,naive
2021-07-29,2021-07-29 06:45:00,111.0,94,e4f4f910da5b981393d38fd74b3c97d0161234719167a8c0386a58acd9fb0a4c,104.0,naive
2021-07-29,2021-07-29 07:00:00,121.0,925,e4f4f910da5b981393d38fd74b3c97d0161234719167a8c0386a58acd9fb0a4c,101.0,naive
2021-07-29,2021-07-29 07:15:00,133.0,925,e4f4f910da5b981393d38fd74b3c97d0161234719167a8c0386a58acd9fb0a4c,108.0,naive
2021-07-29,2021-07-29 07:30:00,149.0,925,e4f4f910da5b981393d38fd74b3c97d0161234719167a8c0386a58acd9fb0a4c,132.0,naive
2021-07-29,2021-07-29 07:45:00,159.0,925,e4f4f910da5b981393d38fd74b3c97d0161234719167a8c0386a58acd9fb0a4c,146.0,naive
2021-07-29,2021-07-29 08:00:00,175.0,909,e4f4f910da5b981393d38fd74b3c97d0161234719167a8c0386a58acd9fb0a4c,184.0,naive
2021-07-29,2021-07-29 08:15:00,189.0,909,e4f4f910da5b981393d38fd74b3c97d0161234719167a8c0386a58acd9fb0a4c,213.0,naive
2021-07-29,2021-07-29 08:30:00,201.0,909,e4f4f910da5b981393d38fd74b3c97d0161234719167a8c0386a58acd9fb0a4c,193.0,naive
2021-07-29,2021-07-29 08:45:00,204.0,909,e4f4f910da5b981393d38fd74b3c97d0161234719167a8c0386a58acd9fb0a4c,196.0,naive
2021-07-29,2021-07-29 09:00:00,195.0,1181,e4f4f910da5b981393d38fd74b3c97d0161234719167a8c0386a58acd9fb0a4c,186.0,naive
2021-07-29,2021-07-29 09:15:00,198.0,1181,e4f4f910da5b981393d38fd74b3c97d0161234719167a8c0386a58acd9fb0a4c,197.0,naive
2021-07-29,2021-07-29 09:30:00,205.0,1181,e4f4f910da5b981393d38fd74b3c97d0161234719167a8c0386a58acd9fb0a4c,192.0,naive
2021-07-29,2021-07-29 09:45:00,195.0,1181,e4f4f910da5b981393d38fd74b3c97d0161234719167a8c0386a58acd9fb0a4c,191.0,naive
2021-07-29,2021-07-29 10:00:00,161.0,884,e4f4f910da5b981393d38fd74b3c97d0161234719167a8c0386a58acd9fb0a4c,148.0,naive
2021-07-29,2021-07-29 10:15:00,187.0,884,e4f4f910da5b981393d38fd74b3c97d0161234719167a8c0386a58acd9fb0a4c,192.0,naive
2021-07-29,2021-07-29 10:30:00,196.0,884,e4f4f910da5b981393d38fd74b3c97d0161234719167a8c0386a58acd9fb0a4c,188.0,naive
2021-07-29,2021-07-29 10:45:00,203.0,884,e4f4f910da5b981393d38fd74b3c97d0161234719167a8c0386a58acd9fb0a4c,190.0,naive
2021-07-29,2021-07-29 11:00:00,207.0,1597,e4f4f910da5b981393d38fd74b3c97d0161234719167a8c0386a58acd9fb0a4c,177.0,naive
2021-07-29,2021-07-29 11:15:00,206.0,1597,e4f4f910da5b981393d38fd74b3c97d0161234719167a8c0386a58acd9fb0a4c,188.0,naive
2021-07-29,2021-07-29 11:30:00,205.0,1597,e4f4f910da5b981393d38fd74b3c97d0161234719167a8c0386a58acd9fb0a4c,188.0,naive
2021-07-29,2021-07-29 11:45:00,211.0,1597,e4f4f910da5b981393d38fd74b3c97d0161234719167a8c0386a58acd9fb0a4c,192.0,naive
2021-07-29,2021-07-29 12:00:00,133.0,200,e4f4f910da5b981393d38fd74b3c97d0161234719167a8c0386a58acd9fb0a4c,119.0,naive
2021-07-29,2021-07-29 12:15:00,108.0,200,e4f4f910da5b981393d38fd74b3c97d0161234719167a8c0386a58acd9fb0a4c,99.0,naive
2021-07-29,2021-07-29 12:30:00,106.0,200,e4f4f910da5b981393d38fd74b3c97d0161234719167a8c0386a58acd9fb0a4c,99.0,naive
2021-07-29,2021-07-29 12:45:00,101.0,200,e4f4f910da5b981393d38fd74b3c97d0161234719167a8c0386a58acd9fb0a4c,97.0,naive
2021-07-29,2021-07-29 13:00:00,170.0,1480,e4f4f910da5b981393d38fd74b3c97d0161234719167a8c0386a58acd9fb0a4c,157.0,naive
2021-07-29,2021-07-29 13:15:00,196.0,1480,e4f4f910da5b981393d38fd74b3c97d0161234719167a8c0386a58acd9fb0a4c,174.0,naive
2021-07-29,2021-07-29 13:30:00,206.0,1480,e4f4f910da5b981393d38fd74b3c97d0161234719167a8c0386a58acd9fb0a4c,177.0,naive
2021-07-29,2021-07-29 13:45:00,195.0,1480,e4f4f910da5b981393d38fd74b3c97d0161234719167a8c0386a58acd9fb0a4c,174.0,naive
2021-07-29,2021-07-29 14:00:00,170.0,3092,e4f4f910da5b981393d38fd74b3c97d0161234719167a8c0386a58acd9fb0a4c,178.0,naive
2021-07-29,2021-07-29 14:15:00,187.0,3092,e4f4f910da5b981393d38fd74b3c97d0161234719167a8c0386a58acd9fb0a4c,178.0,naive
2021-07-29,2021-07-29 14:30:00,191.0,3092,e4f4f910da5b981393d38fd74b3c97d0161234719167a8c0386a58acd9fb0a4c,182.0,naive
2021-07-29,2021-07-29 14:45:00,201.0,3092,e4f4f910da5b981393d38fd74b3c97d0161234719167a8c0386a58acd9fb0a4c,189.0,naive
2021-07-29,2021-07-29 15:00:00,143.0,2184,e4f4f910da5b981393d38fd74b3c97d0161234719167a8c0386a58acd9fb0a4c,149.0,naive
2021-07-29,2021-07-29 15:15:00,147.0,2184,e4f4f910da5b981393d38fd74b3c97d0161234719167a8c0386a58acd9fb0a4c,143.0,naive
2021-07-29,2021-07-29 15:30:00,186.0,2184,e4f4f910da5b981393d38fd74b3c97d0161234719167a8c0386a58acd9fb0a4c,182.0,naive
2021-07-29,2021-07-29 15:45:00,178.0,2184,e4f4f910da5b981393d38fd74b3c97d0161234719167a8c0386a58acd9fb0a4c,180.0,naive
2021-07-29,2021-07-29 16:00:00,164.0,2656,e4f4f910da5b981393d38fd74b3c97d0161234719167a8c0386a58acd9fb0a4c,172.0,naive
2021-07-29,2021-07-29 16:15:00,158.0,2656,e4f4f910da5b981393d38fd74b3c97d0161234719167a8c0386a58acd9fb0a4c,166.0,naive
2021-07-29,2021-07-29 16:30:00,169.0,2656,e4f4f910da5b981393d38fd74b3c97d0161234719167a8c0386a58acd9fb0a4c,166.0,naive
2021-07-29,2021-07-29 16:45:00,172.0,2656,e4f4f910da5b981393d38fd74b3c97d0161234719167a8c0386a58acd9fb0a4c,157.0,naive
2021-07-29,2021-07-29 17:00:00,117.0,735,e4f4f910da5b981393d38fd74b3c97d0161234719167a8c0386a58acd9fb0a4c,110.0,naive
2021-07-29,2021-07-29 17:15:00,106.0,735,e4f4f910da5b981393d38fd74b3c97d0161234719167a8c0386a58acd9fb0a4c,97.0,naive
2021-07-29,2021-07-29 17:30:00,142.0,735,e4f4f910da5b981393d38fd74b3c97d0161234719167a8c0386a58acd9fb0a4c,133.0,naive
2021-07-29,2021-07-29 17:45:00,152.0,735,e4f4f910da5b981393d38fd74b3c97d0161234719167a8c0386a58acd9fb0a4c,155.0,naive
2021-07-29,2021-07-29 18:00:00,165.0,5687,e4f4f910da5b981393d38fd74b3c97d0161234719167a8c0386a58acd9fb0a4c,157.0,naive
2021-07-29,2021-07-29 18:15:00,171.0,5687,e4f4f910da5b981393d38fd74b3c97d0161234719167a8c0386a58acd9fb0a4c,168.0,naive
2021-07-29,2021-07-29 18:30:00,180.0,5687,e4f4f910da5b981393d38fd74b3c97d0161234719167a8c0386a58acd9fb0a4c,160.0,naive
2021-07-29,2021-07-29 18:45:00,179.0,5687,e4f4f910da5b981393d38fd74b3c97d0161234719167a8c0386a58acd9fb0a4c,169.0,naive
2021-07-29,2021-07-29 19:00:00,172.0,2616,e4f4f910da5b981393d38fd74b3c97d0161234719167a8c0386a58acd9fb0a4c,163.0,naive
2021-07-29,2021-07-29 19:15:00,163.0,2616,e4f4f910da5b981393d38fd74b3c97d0161234719167a8c0386a58acd9fb0a4c,152.0,naive
2021-07-29,2021-07-29 19:30:00,181.0,2616,e4f4f910da5b981393d38fd74b3c97d0161234719167a8c0386a58acd9fb0a4c,162.0,naive
2021-07-29,2021-07-29 19:45:00,159.0,2616,e4f4f910da5b981393d38fd74b3c97d0161234719167a8c0386a58acd9fb0a4c,138.0,naive
2021-07-29,2021-07-29 20:00:00,130.0,149,e4f4f910da5b981393d38fd74b3c97d0161234719167a8c0386a58acd9fb0a4c,132.0,naive
2021-07-29,2021-07-29 20:15:00,134.0,149,e4f4f910da5b981393d38fd74b3c97d0161234719167a8c0386a58acd9fb0a4c,138.0,naive
2021-07-29,2021-07-29 20:30:00,120.0,149,e4f4f910da5b981393d38fd74b3c97d0161234719167a8c0386a58acd9fb0a4c,127.0,naive
2021-07-29,2021-07-29 20:45:00,129.0,149,e4f4f910da5b981393d38fd74b3c97d0161234719167a8c0386a58acd9fb0a4c,130.0,naive
2021-07-29,2021-07-29 21:00:00,124.0,131,e4f4f910da5b981393d38fd74b3c97d0161234719167a8c0386a58acd9fb0a4c,119.0,naive
2021-07-29,2021-07-29 21:15:00,119.0,131,e4f4f910da5b981393d38fd74b3c97d0161234719167a8c0386a58acd9fb0a4c,119.0,naive
2021-07-29,2021-07-29 21:30:00,131.0,131,e4f4f910da5b981393d38fd74b3c97d0161234719167a8c0386a58acd9fb0a4c,123.0,naive
2021-07-29,2021-07-29 21:45:00,129.0,131,e4f4f910da5b981393d38fd74b3c97d0161234719167a8c0386a58acd9fb0a4c,118.0,naive
2021-07-29,2021-07-29 22:00:00,114.0,180,e4f4f910da5b981393d38fd74b3c97d0161234719167a8c0386a58acd9fb0a4c,104.0,naive
2021-07-29,2021-07-29 22:15:00,130.0,180,e4f4f910da5b981393d38fd74b3c97d0161234719167a8c0386a58acd9fb0a4c,122.0,naive
2021-07-29,2021-07-29 22:30:00,123.0,180,e4f4f910da5b981393d38fd74b3c97d0161234719167a8c0386a58acd9fb0a4c,119.0,naive
2021-07-29,2021-07-29 22:45:00,121.0,180,e4f4f910da5b981393d38fd74b3c97d0161234719167a8c0386a58acd9fb0a4c,114.0,naive
2021-07-29,2021-07-29 23:00:00,127.0,174,e4f4f910da5b981393d38fd74b3c97d0161234719167a8c0386a58acd9fb0a4c,107.0,naive
2021-07-29,2021-07-29 23:15:00,120.0,174,e4f4f910da5b981393d38fd74b3c97d0161234719167a8c0386a58acd9fb0a4c,104.0,naive
2021-07-29,2021-07-29 23:30:00,117.0,174,e4f4f910da5b981393d38fd74b3c97d0161234719167a8c0386a58acd9fb0a4c,114.0,naive
2021-07-29,2021-07-29 23:45:00,93.0,174,e4f4f910da5b981393d38fd74b3c97d0161234719167a8c0386a58acd9fb0a4c,104.0,naive
2021-07-30,2021-07-30 00:00:00,91.0,82,0c908e4442e44ccefdcb1f0eaf272d40329f19c4800fc519cf6d6c555a3c672e,87.0,naive
2021-07-30,2021-07-30 00:15:00,88.0,82,0c908e4442e44ccefdcb1f0eaf272d40329f19c4800fc519cf6d6c555a3c672e,79.0,naive
2021-07-30,2021-07-30 00:30:00,86.0,82,0c908e4442e44ccefdcb1f0eaf272d40329f19c4800fc519cf6d6c555a3c672e,74.0,naive
2021-07-30,2021-07-30 00:45:00,85.0,82,0c908e4442e44ccefdcb1f0eaf272d40329f19c4800fc519cf6d6c555a3c672e,71.0,naive
2021-07-30,2021-07-30 01:00:00,110.0,164,0c908e4442e44ccefdcb1f0eaf272d40329f19c4800fc519cf6d6c555a3c672e,98.0,naive
2021-07-30,2021-07-30 01:15:00,123.0,164,0c908e4442e44ccefdcb1f0eaf272d40329f19c4800fc519cf6d6c555a3c672e,111.0,naive
2021-07-30,2021-07-30 01:30:00,130.0,164,0c908e4442e44ccefdcb1f0eaf272d40329f19c4800fc519cf6d6c555a3c672e,106.0,naive
2021-07-30,2021-07-30 01:45:00,122.0,164,0c908e4442e44ccefdcb1f0eaf272d40329f19c4800fc519cf6d6c555a3c672e,103.0,naive
2021-07-30,2021-07-30 02:00:00,119.0,30,0c908e4442e44ccefdcb1f0eaf272d40329f19c4800fc519cf6d6c555a3c672e,104.0,naive
2021-07-30,2021-07-30 02:15:00,113.0,30,0c908e4442e44ccefdcb1f0eaf272d40329f19c4800fc519cf6d6c555a3c672e,105.0,naive
2021-07-30,2021-07-30 02:30:00,115.0,30,0c908e4442e44ccefdcb1f0eaf272d40329f19c4800fc519cf6d6c555a3c672e,102.0,naive
2021-07-30,2021-07-30 02:45:00,130.0,30,0c908e4442e44ccefdcb1f0eaf272d40329f19c4800fc519cf6d6c555a3c672e,110.0,naive
2021-07-30,2021-07-30 03:00:00,109.0,498,0c908e4442e44ccefdcb1f0eaf272d40329f19c4800fc519cf6d6c555a3c672e,89.0,naive
2021-07-30,2021-07-30 03:15:00,124.0,498,0c908e4442e44ccefdcb1f0eaf272d40329f19c4800fc519cf6d6c555a3c672e,103.0,naive
2021-07-30,2021-07-30 03:30:00,128.0,498,0c908e4442e44ccefdcb1f0eaf272d40329f19c4800fc519cf6d6c555a3c672e,109.0,naive
2021-07-30,2021-07-30 03:45:00,127.0,498,0c908e4442e44ccefdcb1f0eaf272d40329f19c4800fc519cf6d6c555a3c672e,106.0,naive
2021-07-30,2021-07-30 04:00:00,119.0,42,0c908e4442e44ccefdcb1f0eaf272d40329f19c4800fc519cf6d6c555a3c672e,100.0,naive
2021-07-30,2021-07-30 04:15:00,123.0,42,0c908e4442e44ccefdcb1f0eaf272d40329f19c4800fc519cf6d6c555a3c672e,97.0,naive
2021-07-30,2021-07-30 04:30:00,116.0,42,0c908e4442e44ccefdcb1f0eaf272d40329f19c4800fc519cf6d6c555a3c672e,101.0,naive
2021-07-30,2021-07-30 04:45:00,118.0,42,0c908e4442e44ccefdcb1f0eaf272d40329f19c4800fc519cf6d6c555a3c672e,98.0,naive
2021-07-30,2021-07-30 05:00:00,97.0,108,0c908e4442e44ccefdcb1f0eaf272d40329f19c4800fc519cf6d6c555a3c672e,87.0,naive
2021-07-30,2021-07-30 05:15:00,91.0,108,0c908e4442e44ccefdcb1f0eaf272d40329f19c4800fc519cf6d6c555a3c672e,76.0,naive
2021-07-30,2021-07-30 05:30:00,113.0,108,0c908e4442e44ccefdcb1f0eaf272d40329f19c4800fc519cf6d6c555a3c672e,93.0,naive
2021-07-30,2021-07-30 05:45:00,119.0,108,0c908e4442e44ccefdcb1f0eaf272d40329f19c4800fc519cf6d6c555a3c672e,99.0,naive
2021-07-30,2021-07-30 06:00:00,123.0,461,0c908e4442e44ccefdcb1f0eaf272d40329f19c4800fc519cf6d6c555a3c672e,103.0,naive
2021-07-30,2021-07-30 06:15:00,122.0,461,0c908e4442e44ccefdcb1f0eaf272d40329f19c4800fc519cf6d6c555a3c672e,105.0,naive
2021-07-30,2021-07-30 06:30:00,122.0,461,0c908e4442e44ccefdcb1f0eaf272d40329f19c4800fc519cf6d6c555a3c672e,100.0,naive
2021-07-30,2021-07-30 06:45:00,127.0,461,0c908e4442e44ccefdcb1f0eaf272d40329f19c4800fc519cf6d6c555a3c672e,105.0,naive
2021-07-30,2021-07-30 07:00:00,132.0,1229,0c908e4442e44ccefdcb1f0eaf272d40329f19c4800fc519cf6d6c555a3c672e,98.0,naive
2021-07-30,2021-07-30 07:15:00,144.0,1229,0c908e4442e44ccefdcb1f0eaf272d40329f19c4800fc519cf6d6c555a3c672e,104.0,naive
2021-07-30,2021-07-30 07:30:00,174.0,1229,0c908e4442e44ccefdcb1f0eaf272d40329f19c4800fc519cf6d6c555a3c672e,143.0,naive
2021-07-30,2021-07-30 07:45:00,174.0,1229,0c908e4442e44ccefdcb1f0eaf272d40329f19c4800fc519cf6d6c555a3c672e,144.0,naive
2021-07-30,2021-07-30 08:00:00,187.0,1134,0c908e4442e44ccefdcb1f0eaf272d40329f19c4800fc519cf6d6c555a3c672e,169.0,naive
2021-07-30,2021-07-30 08:15:00,200.0,1134,0c908e4442e44ccefdcb1f0eaf272d40329f19c4800fc519cf6d6c555a3c672e,202.0,naive
2021-07-30,2021-07-30 08:30:00,200.0,1134,0c908e4442e44ccefdcb1f0eaf272d40329f19c4800fc519cf6d6c555a3c672e,199.0,naive
2021-07-30,2021-07-30 08:45:00,204.0,1134,0c908e4442e44ccefdcb1f0eaf272d40329f19c4800fc519cf6d6c555a3c672e,192.0,naive
2021-07-30,2021-07-30 09:00:00,192.0,2079,0c908e4442e44ccefdcb1f0eaf272d40329f19c4800fc519cf6d6c555a3c672e,179.0,naive
2021-07-30,2021-07-30 09:15:00,198.0,2079,0c908e4442e44ccefdcb1f0eaf272d40329f19c4800fc519cf6d6c555a3c672e,183.0,naive
2021-07-30,2021-07-30 09:30:00,199.0,2079,0c908e4442e44ccefdcb1f0eaf272d40329f19c4800fc519cf6d6c555a3c672e,190.0,naive
2021-07-30,2021-07-30 09:45:00,204.0,2079,0c908e4442e44ccefdcb1f0eaf272d40329f19c4800fc519cf6d6c555a3c672e,189.0,naive
2021-07-30,2021-07-30 10:00:00,160.0,439,0c908e4442e44ccefdcb1f0eaf272d40329f19c4800fc519cf6d6c555a3c672e,162.0,naive
2021-07-30,2021-07-30 10:15:00,196.0,439,0c908e4442e44ccefdcb1f0eaf272d40329f19c4800fc519cf6d6c555a3c672e,189.0,naive
2021-07-30,2021-07-30 10:30:00,194.0,439,0c908e4442e44ccefdcb1f0eaf272d40329f19c4800fc519cf6d6c555a3c672e,182.0,naive
2021-07-30,2021-07-30 10:45:00,202.0,439,0c908e4442e44ccefdcb1f0eaf272d40329f19c4800fc519cf6d6c555a3c672e,182.0,naive
2021-07-30,2021-07-30 11:00:00,202.0,1084,0c908e4442e44ccefdcb1f0eaf272d40329f19c4800fc519cf6d6c555a3c672e,179.0,naive
2021-07-30,2021-07-30 11:15:00,211.0,1084,0c908e4442e44ccefdcb1f0eaf272d40329f19c4800fc519cf6d6c555a3c672e,185.0,naive
2021-07-30,2021-07-30 11:30:00,205.0,1084,0c908e4442e44ccefdcb1f0eaf272d40329f19c4800fc519cf6d6c555a3c672e,199.0,naive
2021-07-30,2021-07-30 11:45:00,212.0,1084,0c908e4442e44ccefdcb1f0eaf272d40329f19c4800fc519cf6d6c555a3c672e,189.0,naive
2021-07-30,2021-07-30 12:00:00,145.0,0,0c908e4442e44ccefdcb1f0eaf272d40329f19c4800fc519cf6d6c555a3c672e,125.0,naive
2021-07-30,2021-07-30 12:15:00,111.0,0,0c908e4442e44ccefdcb1f0eaf272d40329f19c4800fc519cf6d6c555a3c672e,110.0,naive
2021-07-30,2021-07-30 12:30:00,111.0,0,0c908e4442e44ccefdcb1f0eaf272d40329f19c4800fc519cf6d6c555a3c672e,108.0,naive
2021-07-30,2021-07-30 12:45:00,116.0,0,0c908e4442e44ccefdcb1f0eaf272d40329f19c4800fc519cf6d6c555a3c672e,109.0,naive
2021-07-30,2021-07-30 13:00:00,178.0,1769,0c908e4442e44ccefdcb1f0eaf272d40329f19c4800fc519cf6d6c555a3c672e,161.0,naive
2021-07-30,2021-07-30 13:15:00,200.0,1769,0c908e4442e44ccefdcb1f0eaf272d40329f19c4800fc519cf6d6c555a3c672e,192.0,naive
2021-07-30,2021-07-30 13:30:00,200.0,1769,0c908e4442e44ccefdcb1f0eaf272d40329f19c4800fc519cf6d6c555a3c672e,178.0,naive
2021-07-30,2021-07-30 13:45:00,199.0,1769,0c908e4442e44ccefdcb1f0eaf272d40329f19c4800fc519cf6d6c555a3c672e,188.0,naive
2021-07-30,2021-07-30 14:00:00,190.0,1204,0c908e4442e44ccefdcb1f0eaf272d40329f19c4800fc519cf6d6c555a3c672e,177.0,naive
2021-07-30,2021-07-30 14:15:00,196.0,1204,0c908e4442e44ccefdcb1f0eaf272d40329f19c4800fc519cf6d6c555a3c672e,186.0,naive
2021-07-30,2021-07-30 14:30:00,203.0,1204,0c908e4442e44ccefdcb1f0eaf272d40329f19c4800fc519cf6d6c555a3c672e,190.0,naive
2021-07-30,2021-07-30 14:45:00,196.0,1204,0c908e4442e44ccefdcb1f0eaf272d40329f19c4800fc519cf6d6c555a3c672e,183.0,naive
2021-07-30,2021-07-30 15:00:00,135.0,790,0c908e4442e44ccefdcb1f0eaf272d40329f19c4800fc519cf6d6c555a3c672e,152.0,naive
2021-07-30,2021-07-30 15:15:00,143.0,790,0c908e4442e44ccefdcb1f0eaf272d40329f19c4800fc519cf6d6c555a3c672e,151.0,naive
2021-07-30,2021-07-30 15:30:00,187.0,790,0c908e4442e44ccefdcb1f0eaf272d40329f19c4800fc519cf6d6c555a3c672e,192.0,naive
2021-07-30,2021-07-30 15:45:00,180.0,790,0c908e4442e44ccefdcb1f0eaf272d40329f19c4800fc519cf6d6c555a3c672e,206.0,naive
2021-07-30,2021-07-30 16:00:00,181.0,1575,0c908e4442e44ccefdcb1f0eaf272d40329f19c4800fc519cf6d6c555a3c672e,195.0,naive
2021-07-30,2021-07-30 16:15:00,177.0,1575,0c908e4442e44ccefdcb1f0eaf272d40329f19c4800fc519cf6d6c555a3c672e,197.0,naive
2021-07-30,2021-07-30 16:30:00,171.0,1575,0c908e4442e44ccefdcb1f0eaf272d40329f19c4800fc519cf6d6c555a3c672e,188.0,naive
2021-07-30,2021-07-30 16:45:00,165.0,1575,0c908e4442e44ccefdcb1f0eaf272d40329f19c4800fc519cf6d6c555a3c672e,177.0,naive
2021-07-30,2021-07-30 17:00:00,123.0,0,0c908e4442e44ccefdcb1f0eaf272d40329f19c4800fc519cf6d6c555a3c672e,110.0,naive
2021-07-30,2021-07-30 17:15:00,106.0,0,0c908e4442e44ccefdcb1f0eaf272d40329f19c4800fc519cf6d6c555a3c672e,111.0,naive
2021-07-30,2021-07-30 17:30:00,169.0,0,0c908e4442e44ccefdcb1f0eaf272d40329f19c4800fc519cf6d6c555a3c672e,154.0,naive
2021-07-30,2021-07-30 17:45:00,190.0,0,0c908e4442e44ccefdcb1f0eaf272d40329f19c4800fc519cf6d6c555a3c672e,178.0,naive
2021-07-30,2021-07-30 18:00:00,190.0,0,0c908e4442e44ccefdcb1f0eaf272d40329f19c4800fc519cf6d6c555a3c672e,175.0,naive
2021-07-30,2021-07-30 18:15:00,177.0,0,0c908e4442e44ccefdcb1f0eaf272d40329f19c4800fc519cf6d6c555a3c672e,174.0,naive
2021-07-30,2021-07-30 18:30:00,181.0,0,0c908e4442e44ccefdcb1f0eaf272d40329f19c4800fc519cf6d6c555a3c672e,173.0,naive
2021-07-30,2021-07-30 18:45:00,185.0,0,0c908e4442e44ccefdcb1f0eaf272d40329f19c4800fc519cf6d6c555a3c672e,176.0,naive
2021-07-30,2021-07-30 19:00:00,175.0,0,0c908e4442e44ccefdcb1f0eaf272d40329f19c4800fc519cf6d6c555a3c672e,165.0,naive
2021-07-30,2021-07-30 19:15:00,152.0,0,0c908e4442e44ccefdcb1f0eaf272d40329f19c4800fc519cf6d6c555a3c672e,148.0,naive
2021-07-30,2021-07-30 19:30:00,153.0,0,0c908e4442e44ccefdcb1f0eaf272d40329f19c4800fc519cf6d6c555a3c672e,145.0,naive
2021-07-30,2021-07-30 19:45:00,124.0,0,0c908e4442e44ccefdcb1f0eaf272d40329f19c4800fc519cf6d6c555a3c672e,120.0,naive
2021-07-30,2021-07-30 20:00:00,104.0,0,0c908e4442e44ccefdcb1f0eaf272d40329f19c4800fc519cf6d6c555a3c672e,107.0,naive
2021-07-30,2021-07-30 20:15:00,110.0,0,0c908e4442e44ccefdcb1f0eaf272d40329f19c4800fc519cf6d6c555a3c672e,115.0,naive
2021-07-30,2021-07-30 20:30:00,100.0,0,0c908e4442e44ccefdcb1f0eaf272d40329f19c4800fc519cf6d6c555a3c672e,115.0,naive
2021-07-30,2021-07-30 20:45:00,113.0,0,0c908e4442e44ccefdcb1f0eaf272d40329f19c4800fc519cf6d6c555a3c672e,105.0,naive
2021-07-30,2021-07-30 21:00:00,115.0,0,0c908e4442e44ccefdcb1f0eaf272d40329f19c4800fc519cf6d6c555a3c672e,104.0,naive
2021-07-30,2021-07-30 21:15:00,104.0,0,0c908e4442e44ccefdcb1f0eaf272d40329f19c4800fc519cf6d6c555a3c672e,110.0,naive
2021-07-30,2021-07-30 21:30:00,108.0,0,0c908e4442e44ccefdcb1f0eaf272d40329f19c4800fc519cf6d6c555a3c672e,107.0,naive
2021-07-30,2021-07-30 21:45:00,111.0,0,0c908e4442e44ccefdcb1f0eaf272d40329f19c4800fc519cf6d6c555a3c672e,105.0,naive
2021-07-30,2021-07-30 22:00:00,95.0,0,0c908e4442e44ccefdcb1f0eaf272d40329f19c4800fc519cf6d6c555a3c672e,93.0,naive
2021-07-30,2021-07-30 22:15:00,107.0,0,0c908e4442e44ccefdcb1f0eaf272d40329f19c4800fc519cf6d6c555a3c672e,104.0,naive
2021-07-30,2021-07-30 22:30:00,101.0,0,0c908e4442e44ccefdcb1f0eaf272d40329f19c4800fc519cf6d6c555a3c672e,107.0,naive
2021-07-30,2021-07-30 22:45:00,109.0,0,0c908e4442e44ccefdcb1f0eaf272d40329f19c4800fc519cf6d6c555a3c672e,96.0,naive
2021-07-30,2021-07-30 23:00:00,116.0,0,0c908e4442e44ccefdcb1f0eaf272d40329f19c4800fc519cf6d6c555a3c672e,98.0,naive
2021-07-30,2021-07-30 23:15:00,111.0,0,0c908e4442e44ccefdcb1f0eaf272d40329f19c4800fc519cf6d6c555a3c672e,111.0,naive
2021-07-30,2021-07-30 23:30:00,103.0,0,0c908e4442e44ccefdcb1f0eaf272d40329f19c4800fc519cf6d6c555a3c672e,107.0,naive
2021-07-30,2021-07-30 23:45:00,80.0,0,0c908e4442e44ccefdcb1f0eaf272d40329f19c4800fc519cf6d6c555a3c672e,91.0,naive
2021-07-31,2021-07-31 00:00:00,21.0,0,f687f6fbf063217c3d828c9511ae23ba8a8df6324b15adf5988685b8fd5be12e,72.0,naive
2021-07-31,2021-07-31 00:15:00,21.0,0,f687f6fbf063217c3d828c9511ae23ba8a8df6324b15adf5988685b8fd5be12e,67.0,naive
2021-07-31,2021-07-31 00:30:00,24.0,0,f687f6fbf063217c3d828c9511ae23ba8a8df6324b15adf5988685b8fd5be12e,65.0,naive
2021-07-31,2021-07-31 00:45:00,24.0,0,f687f6fbf063217c3d828c9511ae23ba8a8df6324b15adf5988685b8fd5be12e,69.0,naive
2021-07-31,2021-07-31 01:00:00,21.0,0,f687f6fbf063217c3d828c9511ae23ba8a8df6324b15adf5988685b8fd5be12e,93.0,naive
2021-07-31,2021-07-31 01:15:00,21.0,0,f687f6fbf063217c3d828c9511ae23ba8a8df6324b15adf5988685b8fd5be12e,92.0,naive
2021-07-31,2021-07-31 01:30:00,21.0,0,f687f6fbf063217c3d828c9511ae23ba8a8df6324b15adf5988685b8fd5be12e,101.0,naive
2021-07-31,2021-07-31 01:45:00,21.0,0,f687f6fbf063217c3d828c9511ae23ba8a8df6324b15adf5988685b8fd5be12e,99.0,naive
2021-07-31,2021-07-31 02:00:00,21.0,0,f687f6fbf063217c3d828c9511ae23ba8a8df6324b15adf5988685b8fd5be12e,100.0,naive
2021-07-31,2021-07-31 02:15:00,21.0,0,f687f6fbf063217c3d828c9511ae23ba8a8df6324b15adf5988685b8fd5be12e,99.0,naive
2021-07-31,2021-07-31 02:30:00,21.0,0,f687f6fbf063217c3d828c9511ae23ba8a8df6324b15adf5988685b8fd5be12e,97.0,naive
2021-07-31,2021-07-31 02:45:00,21.0,0,f687f6fbf063217c3d828c9511ae23ba8a8df6324b15adf5988685b8fd5be12e,84.0,naive
2021-07-31,2021-07-31 03:00:00,21.0,0,f687f6fbf063217c3d828c9511ae23ba8a8df6324b15adf5988685b8fd5be12e,72.0,naive
2021-07-31,2021-07-31 03:15:00,20.0,0,f687f6fbf063217c3d828c9511ae23ba8a8df6324b15adf5988685b8fd5be12e,96.0,naive
2021-07-31,2021-07-31 03:30:00,21.0,0,f687f6fbf063217c3d828c9511ae23ba8a8df6324b15adf5988685b8fd5be12e,104.0,naive
2021-07-31,2021-07-31 03:45:00,21.0,0,f687f6fbf063217c3d828c9511ae23ba8a8df6324b15adf5988685b8fd5be12e,101.0,naive
2021-07-31,2021-07-31 04:00:00,26.0,0,f687f6fbf063217c3d828c9511ae23ba8a8df6324b15adf5988685b8fd5be12e,100.0,naive
2021-07-31,2021-07-31 04:15:00,24.0,0,f687f6fbf063217c3d828c9511ae23ba8a8df6324b15adf5988685b8fd5be12e,98.0,naive
2021-07-31,2021-07-31 04:30:00,21.0,0,f687f6fbf063217c3d828c9511ae23ba8a8df6324b15adf5988685b8fd5be12e,98.0,naive
2021-07-31,2021-07-31 04:45:00,21.0,0,f687f6fbf063217c3d828c9511ae23ba8a8df6324b15adf5988685b8fd5be12e,90.0,naive
2021-07-31,2021-07-31 05:00:00,21.0,0,f687f6fbf063217c3d828c9511ae23ba8a8df6324b15adf5988685b8fd5be12e,75.0,naive
2021-07-31,2021-07-31 05:15:00,20.0,0,f687f6fbf063217c3d828c9511ae23ba8a8df6324b15adf5988685b8fd5be12e,69.0,naive
2021-07-31,2021-07-31 05:30:00,20.0,0,f687f6fbf063217c3d828c9511ae23ba8a8df6324b15adf5988685b8fd5be12e,87.0,naive
2021-07-31,2021-07-31 05:45:00,19.0,0,f687f6fbf063217c3d828c9511ae23ba8a8df6324b15adf5988685b8fd5be12e,91.0,naive
2021-07-31,2021-07-31 06:00:00,20.0,0,f687f6fbf063217c3d828c9511ae23ba8a8df6324b15adf5988685b8fd5be12e,98.0,naive
2021-07-31,2021-07-31 06:15:00,21.0,0,f687f6fbf063217c3d828c9511ae23ba8a8df6324b15adf5988685b8fd5be12e,97.0,naive
2021-07-31,2021-07-31 06:30:00,20.0,0,f687f6fbf063217c3d828c9511ae23ba8a8df6324b15adf5988685b8fd5be12e,96.0,naive
2021-07-31,2021-07-31 06:45:00,21.0,0,f687f6fbf063217c3d828c9511ae23ba8a8df6324b15adf5988685b8fd5be12e,87.0,naive
2021-07-31,2021-07-31 07:00:00,20.0,0,f687f6fbf063217c3d828c9511ae23ba8a8df6324b15adf5988685b8fd5be12e,81.0,naive
2021-07-31,2021-07-31 07:15:00,20.0,0,f687f6fbf063217c3d828c9511ae23ba8a8df6324b15adf5988685b8fd5be12e,75.0,naive
2021-07-31,2021-07-31 07:30:00,23.0,0,f687f6fbf063217c3d828c9511ae23ba8a8df6324b15adf5988685b8fd5be12e,56.0,naive
2021-07-31,2021-07-31 07:45:00,23.0,0,f687f6fbf063217c3d828c9511ae23ba8a8df6324b15adf5988685b8fd5be12e,32.0,naive
2021-07-31,2021-07-31 08:00:00,20.0,0,f687f6fbf063217c3d828c9511ae23ba8a8df6324b15adf5988685b8fd5be12e,28.0,naive
2021-07-31,2021-07-31 08:15:00,20.0,0,f687f6fbf063217c3d828c9511ae23ba8a8df6324b15adf5988685b8fd5be12e,23.0,naive
2021-07-31,2021-07-31 08:30:00,21.0,0,f687f6fbf063217c3d828c9511ae23ba8a8df6324b15adf5988685b8fd5be12e,23.0,naive
2021-07-31,2021-07-31 08:45:00,21.0,0,f687f6fbf063217c3d828c9511ae23ba8a8df6324b15adf5988685b8fd5be12e,24.0,naive
2021-07-31,2021-07-31 09:00:00,21.0,0,f687f6fbf063217c3d828c9511ae23ba8a8df6324b15adf5988685b8fd5be12e,24.0,naive
2021-07-31,2021-07-31 09:15:00,21.0,0,f687f6fbf063217c3d828c9511ae23ba8a8df6324b15adf5988685b8fd5be12e,24.0,naive
2021-07-31,2021-07-31 09:30:00,21.0,0,f687f6fbf063217c3d828c9511ae23ba8a8df6324b15adf5988685b8fd5be12e,24.0,naive
2021-07-31,2021-07-31 09:45:00,20.0,0,f687f6fbf063217c3d828c9511ae23ba8a8df6324b15adf5988685b8fd5be12e,24.0,naive
2021-07-31,2021-07-31 10:00:00,21.0,0,f687f6fbf063217c3d828c9511ae23ba8a8df6324b15adf5988685b8fd5be12e,24.0,naive
2021-07-31,2021-07-31 10:15:00,21.0,0,f687f6fbf063217c3d828c9511ae23ba8a8df6324b15adf5988685b8fd5be12e,24.0,naive
2021-07-31,2021-07-31 10:30:00,21.0,0,f687f6fbf063217c3d828c9511ae23ba8a8df6324b15adf5988685b8fd5be12e,24.0,naive
2021-07-31,2021-07-31 10:45:00,23.0,0,f687f6fbf063217c3d828c9511ae23ba8a8df6324b15adf5988685b8fd5be12e,24.0,naive
2021-07-31,2021-07-31 11:00:00,26.0,0,f687f6fbf063217c3d828c9511ae23ba8a8df6324b15adf5988685b8fd5be12e,26.0,naive
2021-07-31,2021-07-31 11:15:00,25.0,0,f687f6fbf063217c3d828c9511ae23ba8a8df6324b15adf5988685b8fd5be12e,27.0,naive
2021-07-31,2021-07-31 11:30:00,21.0,0,f687f6fbf063217c3d828c9511ae23ba8a8df6324b15adf5988685b8fd5be12e,29.0,naive
2021-07-31,2021-07-31 11:45:00,21.0,0,f687f6fbf063217c3d828c9511ae23ba8a8df6324b15adf5988685b8fd5be12e,25.0,naive
2021-07-31,2021-07-31 12:00:00,21.0,0,f687f6fbf063217c3d828c9511ae23ba8a8df6324b15adf5988685b8fd5be12e,24.0,naive
2021-07-31,2021-07-31 12:15:00,21.0,0,f687f6fbf063217c3d828c9511ae23ba8a8df6324b15adf5988685b8fd5be12e,22.0,naive
2021-07-31,2021-07-31 12:30:00,21.0,0,f687f6fbf063217c3d828c9511ae23ba8a8df6324b15adf5988685b8fd5be12e,23.0,naive
2021-07-31,2021-07-31 12:45:00,21.0,0,f687f6fbf063217c3d828c9511ae23ba8a8df6324b15adf5988685b8fd5be12e,23.0,naive
2021-07-31,2021-07-31 13:00:00,21.0,0,f687f6fbf063217c3d828c9511ae23ba8a8df6324b15adf5988685b8fd5be12e,23.0,naive
2021-07-31,2021-07-31 13:15:00,21.0,0,f687f6fbf063217c3d828c9511ae23ba8a8df6324b15adf5988685b8fd5be12e,24.0,naive
2021-07-31,2021-07-31 13:30:00,21.0,0,f687f6fbf063217c3d828c9511ae23ba8a8df6324b15adf5988685b8fd5be12e,24.0,naive
2021-07-31,2021-07-31 13:45:00,21.0,0,f687f6fbf063217c3d828c9511ae23ba8a8df6324b15adf5988685b8fd5be12e,24.0,naive
2021-07-31,2021-07-31 14:00:00,21.0,0,f687f6fbf063217c3d828c9511ae23ba8a8df6324b15adf5988685b8fd5be12e,24.0,naive
2021-07-31,2021-07-31 14:15:00,21.0,0,f687f6fbf063217c3d828c9511ae23ba8a8df6324b15adf5988685b8fd5be12e,24.0,naive
2021-07-31,2021-07-31 14:30:00,22.0,0,f687f6fbf063217c3d828c9511ae23ba8a8df6324b15adf5988685b8fd5be12e,24.0,naive
2021-07-31,2021-07-31 14:45:00,25.0,0,f687f6fbf063217c3d828c9511ae23ba8a8df6324b15adf5988685b8fd5be12e,24.0,naive
2021-07-31,2021-07-31 15:00:00,21.0,0,f687f6fbf063217c3d828c9511ae23ba8a8df6324b15adf5988685b8fd5be12e,27.0,naive
2021-07-31,2021-07-31 15:15:00,23.0,0,f687f6fbf063217c3d828c9511ae23ba8a8df6324b15adf5988685b8fd5be12e,28.0,naive
2021-07-31,2021-07-31 15:30:00,21.0,0,f687f6fbf063217c3d828c9511ae23ba8a8df6324b15adf5988685b8fd5be12e,24.0,naive
2021-07-31,2021-07-31 15:45:00,21.0,0,f687f6fbf063217c3d828c9511ae23ba8a8df6324b15adf5988685b8fd5be12e,24.0,naive
2021-07-31,2021-07-31 16:00:00,20.0,0,f687f6fbf063217c3d828c9511ae23ba8a8df6324b15adf5988685b8fd5be12e,24.0,naive
2021-07-31,2021-07-31 16:15:00,21.0,0,f687f6fbf063217c3d828c9511ae23ba8a8df6324b15adf5988685b8fd5be12e,24.0,naive
2021-07-31,2021-07-31 16:30:00,21.0,0,f687f6fbf063217c3d828c9511ae23ba8a8df6324b15adf5988685b8fd5be12e,24.0,naive
2021-07-31,2021-07-31 16:45:00,21.0,0,f687f6fbf063217c3d828c9511ae23ba8a8df6324b15adf5988685b8fd5be12e,25.0,naive
2021-07-31,2021-07-31 17:00:00,21.0,0,f687f6fbf063217c3d828c9511ae23ba8a8df6324b15adf5988685b8fd5be12e,24.0,naive
2021-07-31,2021-07-31 17:15:00,21.0,0,f687f6fbf063217c3d828c9511ae23ba8a8df6324b15adf5988685b8fd5be12e,24.0,naive
2021-07-31,2021-07-31 17:30:00,21.0,0,f687f6fbf063217c3d828c9511ae23ba8a8df6324b15adf5988685b8fd5be12e,24.0,naive
2021-07-31,2021-07-31 17:45:00,21.0,0,f687f6fbf063217c3d828c9511ae23ba8a8df6324b15adf5988685b8fd5be12e,24.0,naive
2021-07-31,2021-07-31 18:00:00,23.0,0,f687f6fbf063217c3d828c9511ae23ba8a8df6324b15adf5988685b8fd5be12e,24.0,naive
2021-07-31,2021-07-31 18:15:00,28.0,0,f687f6fbf063217c3d828c9511ae23ba8a8df6324b15adf5988685b8fd5be12e,23.0,naive
2021-07-31,2021-07-31 18:30:00,21.0,0,f687f6fbf063217c3d828c9511ae23ba8a8df6324b15adf5988685b8fd5be12e,24.0,naive
2021-07-31,2021-07-31 18:45:00,21.0,0,f687f6fbf063217c3d828c9511ae23ba8a8df6324b15adf5988685b8fd5be12e,29.0,naive
2021-07-31,2021-07-31 19:00:00,20.0,0,f687f6fbf063217c3d828c9511ae23ba8a8df6324b15adf5988685b8fd5be12e,28.0,naive
2021-07-31,2021-07-31 19:15:00,20.0,0,f687f6fbf063217c3d828c9511ae23ba8a8df6324b15adf5988685b8fd5be12e,24.0,naive
2021-07-31,2021-07-31 19:30:00,21.0,0,f687f6fbf063217c3d828c9511ae23ba8a8df6324b15adf5988685b8fd5be12e,23.0,naive
2021-07-31,2021-07-31 19:45:00,21.0,0,f687f6fbf063217c3d828c9511ae23ba8a8df6324b15adf5988685b8fd5be12e,23.0,naive
2021-07-31,2021-07-31 20:00:00,21.0,0,f687f6fbf063217c3d828c9511ae23ba8a8df6324b15adf5988685b8fd5be12e,23.0,naive
2021-07-31,2021-07-31 20:15:00,20.0,0,f687f6fbf063217c3d828c9511ae23ba8a8df6324b15adf5988685b8fd5be12e,23.0,naive
2021-07-31,2021-07-31 20:30:00,20.0,0,f687f6fbf063217c3d828c9511ae23ba8a8df6324b15adf5988685b8fd5be12e,24.0,naive
2021-07-31,2021-07-31 20:45:00,21.0,0,f687f6fbf063217c3d828c9511ae23ba8a8df6324b15adf5988685b8fd5be12e,25.0,naive
2021-07-31,2021-07-31 21:00:00,21.0,0,f687f6fbf063217c3d828c9511ae23ba8a8df6324b15adf5988685b8fd5be12e,24.0,naive
2021-07-31,2021-07-31 21:15:00,21.0,0,f687f6fbf063217c3d828c9511ae23ba8a8df6324b15adf5988685b8fd5be12e,24.0,naive
2021-07-31,2021-07-31 21:30:00,24.0,0,f687f6fbf063217c3d828c9511ae23ba8a8df6324b15adf5988685b8fd5be12e,25.0,naive
2021-07-31,2021-07-31 21:45:00,25.0,0,f687f6fbf063217c3d828c9511ae23ba8a8df6324b15adf5988685b8fd5be12e,25.0,naive
2021-07-31,2021-07-31 22:00:00,21.0,0,f687f6fbf063217c3d828c9511ae23ba8a8df6324b15adf5988685b8fd5be12e,24.0,naive
2021-07-31,2021-07-31 22:15:00,21.0,0,f687f6fbf063217c3d828c9511ae23ba8a8df6324b15adf5988685b8fd5be12e,25.0,naive
2021-07-31,2021-07-31 22:30:00,21.0,0,f687f6fbf063217c3d828c9511ae23ba8a8df6324b15adf5988685b8fd5be12e,28.0,naive
2021-07-31,2021-07-31 22:45:00,21.0,0,f687f6fbf063217c3d828c9511ae23ba8a8df6324b15adf5988685b8fd5be12e,25.0,naive
2021-07-31,2021-07-31 23:00:00,21.0,0,f687f6fbf063217c3d828c9511ae23ba8a8df6324b15adf5988685b8fd5be12e,24.0,naive
2021-07-31,2021-07-31 23:15:00,21.0,0,f687f6fbf063217c3d828c9511ae23ba8a8df6324b15adf5988685b8fd5be12e,24.0,naive
2021-07-31,2021-07-31 23:30:00,21.0,0,f687f6fbf063217c3d828c9511ae23ba8a8df6324b15adf5988685b8fd5be12e,24.0,naive
2021-07-31,2021-07-31 23:45:00,21.0,0,f687f6fbf063217c3d828c9511ae23ba8a8df6324b15adf5988685b8fd5be12e,24.0,naive
