date,interval_start,y,actual_production,pred,positive_record_probability
2021-07-01,2021-07-01 00:00:00,69.0,76,73.0,0.4453975981689082
2021-07-01,2021-07-01 00:15:00,69.0,76,70.0,0.4127379601914136
2021-07-01,2021-07-01 00:30:00,67.0,76,69.0,0.43168568905170673
2021-07-01,2021-07-01 00:45:00,67.0,76,69.0,0.43166875732200705
2021-07-01,2021-07-01 01:00:00,90.0,44,94.61396345915665,0.8539816685757808
2021-07-01,2021-07-01 01:15:00,100.0,44,94.68867787556324,0.8657143760677319
2021-07-01,2021-07-01 01:30:00,110.0,44,98.58035794258821,0.8077035427568048
2021-07-01,2021-07-01 01:45:00,115.0,44,98.17214520540706,0.8789142064686628
2021-07-01,2021-07-01 02:00:00,116.0,240,99.60639692150498,0.9111882043537648
2021-07-01,2021-07-01 02:15:00,113.0,240,99.11398214155113,0.907245892201248
2021-07-01,2021-07-01 02:30:00,111.0,240,97.06255118409194,0.8125677431394661
2021-07-01,2021-07-01 02:45:00,112.0,240,96.04126765381625,0.834602637521206
2021-07-01,2021-07-01 03:00:00,95.0,402,95.63928278500278,0.840015327845364
2021-07-01,2021-07-01 03:15:00,109.0,402,98.9705602836716,0.7947774819996951
2021-07-01,2021-07-01 03:30:00,112.0,402,97.30532023571902,0.7902382894798349
2021-07-01,2021-07-01 03:45:00,111.0,402,97.10105211269733,0.7788065487852666
2021-07-01,2021-07-01 04:00:00,111.0,185,96.6952327872209,0.5833767989909997
2021-07-01,2021-07-01 04:15:00,106.0,185,95.5989255276924,0.5398698514641037
2021-07-01,2021-07-01 04:30:00,97.0,185,96.02038437722587,0.6297019767215895
2021-07-01,2021-07-01 04:45:00,100.0,185,95.92540071350919,0.6936655098139025
2021-07-01,2021-07-01 05:00:00,82.0,174,90.84669796998968,0.636669352636119
2021-07-01,2021-07-01 05:15:00,77.0,174,77.23403225761594,0.5788658246269092
2021-07-01,2021-07-01 05:30:00,99.0,174,90.85926958610732,0.5849713724545186
2021-07-01,2021-07-01 05:45:00,114.0,174,97.45931465263682,0.6322272508494438
2021-07-01,2021-07-01 06:00:00,110.0,23,100.67459993925783,0.8984196091417905
2021-07-01,2021-07-01 06:15:00,104.0,23,99.76820831382094,0.9027740818607106
2021-07-01,2021-07-01 06:30:00,115.0,23,98.68154927987784,0.916433297492499
2021-07-01,2021-07-01 06:45:00,112.0,23,98.84190441867509,0.8945844072301106
2021-07-01,2021-07-01 07:00:00,105.0,752,100.20064476761942,0.9715785199008145
2021-07-01,2021-07-01 07:15:00,125.0,752,110.00298727996106,0.9783248937476682
2021-07-01,2021-07-01 07:30:00,148.0,752,166.44555821922265,0.9850085881530195
2021-07-01,2021-07-01 07:45:00,138.0,752,164.0586931150047,0.9850085881530195
2021-07-01,2021-07-01 08:00:00,163.0,676,175.36109022114215,0.9982974529412301
2021-07-01,2021-07-01 08:15:00,180.0,676,188.370068150576,0.9985454152797122
2021-07-01,2021-07-01 08:30:00,190.0,676,188.37222064289892,0.998571798657596
2021-07-01,2021-07-01 08:45:00,194.0,676,188.2889557801681,0.998571798657596
2021-07-01,2021-07-01 09:00:00,171.0,1028,182.57090098220556,0.9984833030105944
2021-07-01,2021-07-01 09:15:00,184.0,1028,180.27578696706098,0.998651484352318
2021-07-01,2021-07-01 09:30:00,183.0,1028,178.60369035297293,0.998651484352318
2021-07-01,2021-07-01 09:45:00,174.0,1028,179.33240300943885,0.998504686851171
2021-07-01,2021-07-01 10:00:00,147.0,2373,131.06763394464372,0.9928668363753507
2021-07-01,2021-07-01 10:15:00,179.0,2373,174.25421467856543,0.998482025079663
2021-07-01,2021-07-01 10:30:00,185.0,2373,179.04361938826537,0.998641753550147
2021-07-01,2021-07-01 10:45:00,175.0,2373,178.59771678211692,0.998641753550147
2021-07-01,2021-07-01 11:00:00,190.0,992,183.02927865501832,0.9986759978057992
2021-07-01,2021-07-01 11:15:00,188.0,992,183.16872490443552,0.9985650686095455
2021-07-01,2021-07-01 11:30:00,187.0,992,178.74878318345822,0.9986036092677036
2021-07-01,2021-07-01 11:45:00,187.0,992,177.0467282594315,0.9985491986443288
2021-07-01,2021-07-01 12:00:00,115.0,340,101.7235238925092,0.9809115523463059
2021-07-01,2021-07-01 12:15:00,105.0,340,93.79489463625717,0.9486404809260847
2021-07-01,2021-07-01 12:30:00,110.0,340,91.8005381195787,0.947131288116107
2021-07-01,2021-07-01 12:45:00,115.0,340,108.39843047074373,0.980208151523504
2021-07-01,2021-07-01 13:00:00,163.0,474,172.77835995004156,0.9988965668349127
2021-07-01,2021-07-01 13:15:00,196.0,474,182.95136247568078,0.9990856015791807
2021-07-01,2021-07-01 13:30:00,194.0,474,183.69678795337907,0.9991149849420393
2021-07-01,2021-07-01 13:45:00,206.0,474,182.0594835058118,0.9992117390170945
2021-07-01,2021-07-01 14:00:00,191.0,3036,175.23012997213976,0.9992117390170945
2021-07-01,2021-07-01 14:15:00,192.0,3036,177.2345439666378,0.9995058631617383
2021-07-01,2021-07-01 14:30:00,190.0,3036,172.11245615299808,0.9994753206296453
2021-07-01,2021-07-01 14:45:00,173.0,3036,180.9773626503779,0.9995094063173832
2021-07-01,2021-07-01 15:00:00,135.0,354,137.8725392879296,0.998680260546329
2021-07-01,2021-07-01 15:15:00,144.0,354,174.29787089528554,0.9990708436152665
2021-07-01,2021-07-01 15:30:00,179.0,354,176.49993614816847,0.9991160302552503
2021-07-01,2021-07-01 15:45:00,197.0,354,174.69046171451146,0.9991160302552503
2021-07-01,2021-07-01 16:00:00,188.0,1794,167.69342645390054,0.9991160302552503
2021-07-01,2021-07-01 16:15:00,165.0,1794,167.02939125434185,0.999520746188884
2021-07-01,2021-07-01 16:30:00,163.0,1794,167.16817557686596,0.9996183492563037
2021-07-01,2021-07-01 16:45:00,163.0,1794,167.77805056708374,0.9996183492563037
2021-07-01,2021-07-01 17:00:00,126.0,1125,102.31527486128795,0.998747052505397
2021-07-01,2021-07-01 17:15:00,106.0,1125,95.29565983429686,0.9963347620648739
2021-07-01,2021-07-01 17:30:00,146.0,1125,144.2546225243295,0.9993187057824613
2021-07-01,2021-07-01 17:45:00,160.0,1125,162.79508769866808,0.9995135132472409
2021-07-01,2021-07-01 18:00:00,164.0,1767,162.51125211828705,0.9994818229927465
2021-07-01,2021-07-01 18:15:00,164.0,1767,160.85553642236792,0.9994705217518368
2021-07-01,2021-07-01 18:30:00,143.0,1767,159.393017103487,0.9989382801008652
2021-07-01,2021-07-01 18:45:00,156.0,1767,164.1472424606351,0.9990809961232571
2021-07-01,2021-07-01 19:00:00,163.0,2064,165.83597851753444,0.9990809961232571
2021-07-01,2021-07-01 19:15:00,171.0,2064,162.9100159685147,0.9990191777538018
2021-07-01,2021-07-01 19:30:00,165.0,2064,162.94084338649574,0.9990259030607144
2021-07-01,2021-07-01 19:45:00,154.0,2064,149.70119506335743,0.9989226954646774
2021-07-01,2021-07-01 20:00:00,137.0,6,109.68465343893544,0.9785667411087555
2021-07-01,2021-07-01 20:15:00,143.0,6,124.77792348756435,0.9846573613324832
2021-07-01,2021-07-01 20:30:00,147.0,6,138.78388452354304,0.9892359352130581
2021-07-01,2021-07-01 20:45:00,140.0,6,128.54794294011964,0.9879745454114774
2021-07-01,2021-07-01 21:00:00,139.0,66,127.46854961286753,0.9923217514625304
2021-07-01,2021-07-01 21:15:00,141.0,66,127.09733263189578,0.995325374349759
2021-07-01,2021-07-01 21:30:00,138.0,66,99.04122738481752,0.9848460169618772
2021-07-01,2021-07-01 21:45:00,140.0,66,98.80830425461721,0.9801669151995472
2021-07-01,2021-07-01 22:00:00,113.0,244,96.16646131711745,0.94647962833142
2021-07-01,2021-07-01 22:15:00,121.0,244,97.32298252625128,0.9144479476001122
2021-07-01,2021-07-01 22:30:00,122.0,244,97.61434997270665,0.941243555660332
2021-07-01,2021-07-01 22:45:00,121.0,244,100.60580548677831,0.9330085081137118
2021-07-01,2021-07-01 23:00:00,124.0,118,97.60556647746374,0.7598993720797823
2021-07-01,2021-07-01 23:15:00,120.0,118,94.85948058802384,0.7761140139449105
2021-07-01,2021-07-01 23:30:00,110.0,118,91.23515837184837,0.7439492592511172
2021-07-01,2021-07-01 23:45:00,79.0,118,89.92090583257863,0.8192952023304865
2021-07-02,2021-07-02 00:00:00,69.0,0,75.11376528580334,0.5267527306966419
2021-07-02,2021-07-02 00:15:00,68.0,0,69.10250773232224,0.5015520263520347
2021-07-02,2021-07-02 00:30:00,68.0,0,70.0,0.3941408981055816
2021-07-02,2021-07-02 00:45:00,68.0,0,70.0,0.4178029484051637
2021-07-02,2021-07-02 01:00:00,97.0,309,92.36053924233273,0.8535741328189688
2021-07-02,2021-07-02 01:15:00,104.0,309,99.68167763268774,0.9030564459742121
2021-07-02,2021-07-02 01:30:00,109.0,309,102.47985583534951,0.9067704690645207
2021-07-02,2021-07-02 01:45:00,115.0,309,101.19958626850487,0.9105316225631467
2021-07-02,2021-07-02 02:00:00,115.0,15,100.34950028246453,0.9100725439200401
2021-07-02,2021-07-02 02:15:00,121.0,15,100.28085118771804,0.9020779932508135
2021-07-02,2021-07-02 02:30:00,117.0,15,101.0668741872917,0.9180038050553562
2021-07-02,2021-07-02 02:45:00,111.0,15,101.71785964634037,0.8469960280214377
2021-07-02,2021-07-02 03:00:00,92.0,101,105.56984244365968,0.7944060473780236
2021-07-02,2021-07-02 03:15:00,112.0,101,101.2043930235001,0.8247133190666005
2021-07-02,2021-07-02 03:30:00,115.0,101,100.75221997461209,0.8667636526826878
2021-07-02,2021-07-02 03:45:00,113.0,101,101.66598536849104,0.7865565526917888
2021-07-02,2021-07-02 04:00:00,109.0,382,101.15789342822026,0.5626826075839544
2021-07-02,2021-07-02 04:15:00,110.0,382,101.86780831154368,0.6427502338787202
2021-07-02,2021-07-02 04:30:00,102.0,382,100.00968857972089,0.6888577068650871
2021-07-02,2021-07-02 04:45:00,104.0,382,100.70748835915305,0.7205681979162163
2021-07-02,2021-07-02 05:00:00,83.0,698,96.76266237795812,0.5599237913794295
2021-07-02,2021-07-02 05:15:00,79.0,698,95.40504012857403,0.6843289979846141
2021-07-02,2021-07-02 05:30:00,103.0,698,100.01222844028743,0.5737795367499136
2021-07-02,2021-07-02 05:45:00,120.0,698,103.52669029809725,0.6804631665332015
2021-07-02,2021-07-02 06:00:00,117.0,36,104.32115806365651,0.8871555893314496
2021-07-02,2021-07-02 06:15:00,114.0,36,104.55208550047752,0.8884256599549917
2021-07-02,2021-07-02 06:30:00,110.0,36,101.87015053224312,0.8810953311612468
2021-07-02,2021-07-02 06:45:00,106.0,36,101.38729449797944,0.9040358016581056
2021-07-02,2021-07-02 07:00:00,118.0,938,102.01341937494652,0.9805003291076396
2021-07-02,2021-07-02 07:15:00,130.0,938,106.83606904496162,0.9842195697712385
2021-07-02,2021-07-02 07:30:00,143.0,938,145.97784751960953,0.9911730347757258
2021-07-02,2021-07-02 07:45:00,139.0,938,152.00308525380754,0.9889535480536871
2021-07-02,2021-07-02 08:00:00,145.0,813,165.74102912469013,0.9980476639614649
2021-07-02,2021-07-02 08:15:00,158.0,813,177.2442637555193,0.9987582477565181
2021-07-02,2021-07-02 08:30:00,168.0,813,180.1213307295054,0.9989484046930359
2021-07-02,2021-07-02 08:45:00,173.0,813,183.74099235699745,0.9989484046930359
2021-07-02,2021-07-02 09:00:00,187.0,852,182.6532328797701,0.9989607600874629
2021-07-02,2021-07-02 09:15:00,175.0,852,180.7443154165656,0.9988898987260231
2021-07-02,2021-07-02 09:30:00,172.0,852,180.45686121165,0.9988898987260231
2021-07-02,2021-07-02 09:45:00,165.0,852,184.6788413860687,0.9988166016378245
2021-07-02,2021-07-02 10:00:00,140.0,512,168.49424579982153,0.9986335039986848
2021-07-02,2021-07-02 10:15:00,162.0,512,183.21774092819322,0.9988166016378245
2021-07-02,2021-07-02 10:30:00,179.0,512,181.82339672377904,0.9988502845847981
2021-07-02,2021-07-02 10:45:00,175.0,512,184.30726036432887,0.9988502845847981
2021-07-02,2021-07-02 11:00:00,184.0,1301,183.44057442462412,0.9988792772337866
2021-07-02,2021-07-02 11:15:00,177.0,1301,184.84652510242017,0.9987963963251034
2021-07-02,2021-07-02 11:30:00,186.0,1301,185.11252787263737,0.9988523116243843
2021-07-02,2021-07-02 11:45:00,167.0,1301,184.71803377051145,0.9989169125019385
2021-07-02,2021-07-02 12:00:00,113.0,0,103.09804119030372,0.9654894150364632
2021-07-02,2021-07-02 12:15:00,98.0,0,90.33796932225198,0.9253704130054742
2021-07-02,2021-07-02 12:30:00,103.0,0,90.77308368209314,0.9272342197425776
2021-07-02,2021-07-02 12:45:00,117.0,0,107.28621998317456,0.9710535570635024
2021-07-02,2021-07-02 13:00:00,157.0,1376,181.43066360518785,0.9991883951876358
2021-07-02,2021-07-02 13:15:00,166.0,1376,183.59439346796094,0.9992312688704581
2021-07-02,2021-07-02 13:30:00,177.0,1376,182.62243626999475,0.9992559748330814
2021-07-02,2021-07-02 13:45:00,178.0,1376,179.52076886313648,0.9992434446141756
2021-07-02,2021-07-02 14:00:00,167.0,855,179.6537926355132,0.9992434446141756
2021-07-02,2021-07-02 14:15:00,173.0,855,179.3249857105921,0.9995074988570615
2021-07-02,2021-07-02 14:30:00,183.0,855,177.2195779104296,0.9995380230857948
2021-07-02,2021-07-02 14:45:00,177.0,855,178.58213743939552,0.9995380230857948
2021-07-02,2021-07-02 15:00:00,138.0,5516,147.20504717238737,0.9986983450670384
2021-07-02,2021-07-02 15:15:00,133.0,5516,179.62291076990854,0.9992875187059105
2021-07-02,2021-07-02 15:30:00,142.0,5516,178.92436196394183,0.9992875187059105
2021-07-02,2021-07-02 15:45:00,160.0,5516,177.44551951816453,0.9992875187059105
2021-07-02,2021-07-02 16:00:00,164.0,1544,168.22583125999108,0.9992875187059105
2021-07-02,2021-07-02 16:15:00,153.0,1544,169.8840392897442,0.999508158163829
2021-07-02,2021-07-02 16:30:00,158.0,1544,170.97450946408557,0.999623911324791
2021-07-02,2021-07-02 16:45:00,158.0,1544,169.61849638030623,0.999623911324791
2021-07-02,2021-07-02 17:00:00,120.0,795,114.31320896638522,0.9987969666394279
2021-07-02,2021-07-02 17:15:00,126.0,795,120.9049306292488,0.9984735773948638
2021-07-02,2021-07-02 17:30:00,168.0,795,163.22087417884688,0.9994202956034572
2021-07-02,2021-07-02 17:45:00,175.0,795,169.73660756165842,0.999474052039508
2021-07-02,2021-07-02 18:00:00,169.0,972,164.98839176257908,0.999474052039508
2021-07-02,2021-07-02 18:15:00,160.0,972,147.48217309050904,0.9993728390422997
2021-07-02,2021-07-02 18:30:00,155.0,972,151.54121905722366,0.9980801187925781
2021-07-02,2021-07-02 18:45:00,155.0,972,147.72160722548927,0.9979958557779083
2021-07-02,2021-07-02 19:00:00,149.0,2548,131.29909075998455,0.9964035957360353
2021-07-02,2021-07-02 19:15:00,137.0,2548,132.29205711744933,0.9957529068121045
2021-07-02,2021-07-02 19:30:00,136.0,2548,126.69990999024732,0.996539277175265
2021-07-02,2021-07-02 19:45:00,120.0,2548,112.28034178431213,0.9921610514968753
2021-07-02,2021-07-02 20:00:00,116.0,21,102.58607282231931,0.9155920285745603
2021-07-02,2021-07-02 20:15:00,118.0,21,99.1121734855232,0.9134964402169685
2021-07-02,2021-07-02 20:30:00,130.0,21,99.28550333557651,0.9074644152411213
2021-07-02,2021-07-02 20:45:00,123.0,21,99.88873271739962,0.9051515408751829
2021-07-02,2021-07-02 21:00:00,116.0,70,97.88729942411737,0.947629177613336
2021-07-02,2021-07-02 21:15:00,107.0,70,100.06386072099258,0.9739824752538367
2021-07-02,2021-07-02 21:30:00,111.0,70,99.69271192421469,0.962522175237347
2021-07-02,2021-07-02 21:45:00,121.0,70,98.72554582506169,0.9732967712447453
2021-07-02,2021-07-02 22:00:00,107.0,119,98.25296360890854,0.9451510572037697
2021-07-02,2021-07-02 22:15:00,117.0,119,100.43794752073464,0.9217075465965385
2021-07-02,2021-07-02 22:30:00,113.0,119,101.90571554170285,0.9432719225132488
2021-07-02,2021-07-02 22:45:00,106.0,119,100.98243180076275,0.9250426629388538
2021-07-02,2021-07-02 23:00:00,95.0,76,98.01513977438418,0.8987037655385208
2021-07-02,2021-07-02 23:15:00,103.0,76,97.38360061461056,0.8530019685701324
2021-07-02,2021-07-02 23:30:00,96.0,76,102.50330249356196,0.8471961944888186
2021-07-02,2021-07-02 23:45:00,79.0,76,82.88276954879737,0.8495837697103857
2021-07-03,2021-07-03 00:00:00,76.0,154,67.70763177558383,0.8208237108903128
2021-07-03,2021-07-03 00:15:00,65.0,154,67.92526260475566,0.8287977228060692
2021-07-03,2021-07-03 00:30:00,64.0,154,68.03495835821825,0.8500628169793348
2021-07-03,2021-07-03 00:45:00,63.0,154,68.28178950446315,0.8496654071125775
2021-07-03,2021-07-03 01:00:00,92.0,270,87.85531614582284,0.9801553040317915
2021-07-03,2021-07-03 01:15:00,105.0,270,96.8192160261673,0.9776207356556134
2021-07-03,2021-07-03 01:30:00,107.0,270,100.48178019086369,0.9762550327325875
2021-07-03,2021-07-03 01:45:00,110.0,270,99.471883371395,0.9790176665844126
2021-07-03,2021-07-03 02:00:00,107.0,0,99.39084109796475,0.9751353928096769
2021-07-03,2021-07-03 02:15:00,106.0,0,99.1112373383614,0.9792954413679164
2021-07-03,2021-07-03 02:30:00,105.0,0,96.95125325405526,0.9765886207615594
2021-07-03,2021-07-03 02:45:00,105.0,0,98.62175360849439,0.9732635664310108
2021-07-03,2021-07-03 03:00:00,94.0,94,92.23631797861691,0.9669029326455012
2021-07-03,2021-07-03 03:15:00,105.0,94,98.00536152053431,0.9599174781983754
2021-07-03,2021-07-03 03:30:00,103.0,94,98.93199766323167,0.9485830703003318
2021-07-03,2021-07-03 03:45:00,108.0,94,96.15554769073785,0.9588413497389775
2021-07-03,2021-07-03 04:00:00,112.0,36,99.17121843243604,0.9237623601398333
2021-07-03,2021-07-03 04:15:00,106.0,36,100.96230234466391,0.9204521686460956
2021-07-03,2021-07-03 04:30:00,100.0,36,97.38488223957535,0.9522669095690005
2021-07-03,2021-07-03 04:45:00,99.0,36,98.01571945623905,0.9425556088219036
2021-07-03,2021-07-03 05:00:00,80.0,39,91.34658380689251,0.945383473665932
2021-07-03,2021-07-03 05:15:00,73.0,39,84.53782780209607,0.9101905329470366
2021-07-03,2021-07-03 05:30:00,96.0,39,93.20561562933634,0.9107428095571741
2021-07-03,2021-07-03 05:45:00,105.0,39,101.14730241902166,0.855130181329553
2021-07-03,2021-07-03 06:00:00,105.0,0,100.14336067684789,0.9509683090280143
2021-07-03,2021-07-03 06:15:00,101.0,0,99.67419781594299,0.9519265168854404
2021-07-03,2021-07-03 06:30:00,95.0,0,99.98073883588714,0.9427222192881662
2021-07-03,2021-07-03 06:45:00,91.0,0,95.85603908610967,0.9636848663421916
2021-07-03,2021-07-03 07:00:00,83.0,1142,95.36892084846102,0.988957084265595
2021-07-03,2021-07-03 07:15:00,68.0,1142,100.56032887919548,0.9850297201625917
2021-07-03,2021-07-03 07:30:00,31.0,1142,80.6418791477145,0.9839563030615558
2021-07-03,2021-07-03 07:45:00,28.0,1142,64.35109484008639,0.9806352954100005
2021-07-03,2021-07-03 08:00:00,23.0,0,24.0,0.05907515371312632
2021-07-03,2021-07-03 08:15:00,22.0,0,23.0,0.04366861694821703
2021-07-03,2021-07-03 08:30:00,22.0,0,23.0,0.04366861694821703
2021-07-03,2021-07-03 08:45:00,22.0,0,23.0,0.04366861694821703
2021-07-03,2021-07-03 09:00:00,23.0,0,23.0,0.012130604440411199
2021-07-03,2021-07-03 09:15:00,27.0,0,23.0,0.011031453700103158
2021-07-03,2021-07-03 09:30:00,25.0,0,23.0,0.011031453700103158
2021-07-03,2021-07-03 09:45:00,23.0,0,23.0,0.010291599170395519
2021-07-03,2021-07-03 10:00:00,23.0,0,23.0,0.009172532588337225
2021-07-03,2021-07-03 10:15:00,23.0,0,25.0,0.014188167999139854
2021-07-03,2021-07-03 10:30:00,22.0,0,28.0,0.04741032785960046
2021-07-03,2021-07-03 10:45:00,22.0,0,27.0,0.02078279556277297
2021-07-03,2021-07-03 11:00:00,22.0,0,23.0,0.009672872452976582
2021-07-03,2021-07-03 11:15:00,23.0,0,24.0,0.03597086102145567
2021-07-03,2021-07-03 11:30:00,22.0,0,24.0,0.010625728769995546
2021-07-03,2021-07-03 11:45:00,23.0,0,24.0,0.010845317950520206
2021-07-03,2021-07-03 12:00:00,22.0,0,23.0,0.003528967518190791
2021-07-03,2021-07-03 12:15:00,22.0,0,24.0,0.006442504299796339
2021-07-03,2021-07-03 12:30:00,27.0,0,24.0,0.006372542386715623
2021-07-03,2021-07-03 12:45:00,26.0,0,24.0,0.006372542386715623
2021-07-03,2021-07-03 13:00:00,22.0,0,23.0,0.003964922262051772
2021-07-03,2021-07-03 13:15:00,22.0,0,23.0,0.00416083188677939
2021-07-03,2021-07-03 13:30:00,22.0,0,27.0,0.00864073848336474
2021-07-03,2021-07-03 13:45:00,22.0,0,28.0,0.02286648042553163
2021-07-03,2021-07-03 14:00:00,22.0,0,25.0,0.006711963824592491
2021-07-03,2021-07-03 14:15:00,22.0,0,23.0,0.0036730267513868094
2021-07-03,2021-07-03 14:30:00,22.0,0,23.0,0.013559925712571232
2021-07-03,2021-07-03 14:45:00,23.0,0,24.0,0.0072647093555181135
2021-07-03,2021-07-03 15:00:00,21.0,0,23.0,0.0038045535194659646
2021-07-03,2021-07-03 15:15:00,22.0,0,23.0,0.0044911681256671965
2021-07-03,2021-07-03 15:30:00,22.0,0,23.0,0.00469966025242228
2021-07-03,2021-07-03 15:45:00,25.0,0,24.0,0.007823762034485525
2021-07-03,2021-07-03 16:00:00,26.0,0,23.0,0.00469966025242228
2021-07-03,2021-07-03 16:15:00,22.0,0,23.0,0.004332592197737952
2021-07-03,2021-07-03 16:30:00,22.0,0,23.0,0.0047214705910989
2021-07-03,2021-07-03 16:45:00,22.0,0,24.0,0.009434191380204234
2021-07-03,2021-07-03 17:00:00,22.0,0,28.0,0.03199681539352901
2021-07-03,2021-07-03 17:15:00,22.0,0,28.0,0.04070008881443458
2021-07-03,2021-07-03 17:30:00,22.0,0,23.0,0.003904570434410921
2021-07-03,2021-07-03 17:45:00,22.0,0,24.0,0.0064367098663299874
2021-07-03,2021-07-03 18:00:00,22.0,0,24.0,0.0064367098663299874
2021-07-03,2021-07-03 18:15:00,23.0,0,24.0,0.017489954046675152
2021-07-03,2021-07-03 18:30:00,21.0,0,23.0,0.0032390113855404828
2021-07-03,2021-07-03 18:45:00,22.0,0,24.0,0.005526599710830173
2021-07-03,2021-07-03 19:00:00,26.0,0,24.0,0.005526599710830173
2021-07-03,2021-07-03 19:15:00,27.0,0,23.0,0.0033516168772581307
2021-07-03,2021-07-03 19:30:00,22.0,0,24.0,0.005526599710830173
2021-07-03,2021-07-03 19:45:00,22.0,0,24.0,0.005526599710830173
2021-07-03,2021-07-03 20:00:00,23.0,0,24.0,0.005475444290425317
2021-07-03,2021-07-03 20:15:00,22.0,0,28.0,0.013890253850942575
2021-07-03,2021-07-03 20:30:00,22.0,0,25.0,0.005559189980178085
2021-07-03,2021-07-03 20:45:00,22.0,0,23.0,0.004400050676711174
2021-07-03,2021-07-03 21:00:00,23.0,0,23.0,0.004605277353580809
2021-07-03,2021-07-03 21:15:00,23.0,0,24.0,0.007194927927748775
2021-07-03,2021-07-03 21:30:00,23.0,0,23.0,0.004776833582459891
2021-07-03,2021-07-03 21:45:00,22.0,0,24.0,0.020847743748188985
2021-07-03,2021-07-03 22:00:00,23.0,0,24.0,0.004976485878554563
2021-07-03,2021-07-03 22:15:00,24.0,0,24.0,0.005088333520153771
2021-07-03,2021-07-03 22:30:00,27.0,0,23.0,0.00398789608264735
2021-07-03,2021-07-03 22:45:00,23.0,0,24.0,0.005088333520153771
2021-07-03,2021-07-03 23:00:00,23.0,0,23.0,0.0033366784670118424
2021-07-03,2021-07-03 23:15:00,22.0,0,24.0,0.004216194757249638
2021-07-03,2021-07-03 23:30:00,22.0,0,28.0,0.010423841243649052
2021-07-03,2021-07-03 23:45:00,22.0,0,27.0,0.007606086277080365
2021-07-04,2021-07-04 00:00:00,22.0,0,23.0,0.00039496267730813113
2021-07-04,2021-07-04 00:15:00,23.0,0,23.0,0.00039496267730813113
2021-07-04,2021-07-04 00:30:00,22.0,0,23.0,0.00039496267730813113
2021-07-04,2021-07-04 00:45:00,22.0,0,23.0,0.00039496267730813113
2021-07-04,2021-07-04 01:00:00,22.0,0,23.0,0.00044710138138528743
2021-07-04,2021-07-04 01:15:00,22.0,0,23.0,0.0006113660224285726
2021-07-04,2021-07-04 01:30:00,27.0,0,23.0,0.00037632523111147105
2021-07-04,2021-07-04 01:45:00,27.0,0,23.0,0.0003720981148369881
2021-07-04,2021-07-04 02:00:00,24.0,0,23.0,0.0004261963557982436
2021-07-04,2021-07-04 02:15:00,23.0,0,23.0,0.0004179944912386845
2021-07-04,2021-07-04 02:30:00,23.0,0,24.0,0.0005306760113077703
2021-07-04,2021-07-04 02:45:00,22.0,0,24.0,0.0005152567058069011
2021-07-04,2021-07-04 03:00:00,22.0,0,27.0,0.0006411151324504518
2021-07-04,2021-07-04 03:15:00,23.0,0,24.0,0.000788117635925917
2021-07-04,2021-07-04 03:30:00,23.0,0,23.0,0.0006929855042137236
2021-07-04,2021-07-04 03:45:00,22.0,0,24.0,0.000788117635925917
2021-07-04,2021-07-04 04:00:00,23.0,0,22.0,0.0009298130116096277
2021-07-04,2021-07-04 04:15:00,23.0,0,22.0,0.000979706577258219
2021-07-04,2021-07-04 04:30:00,22.0,0,23.0,0.0011373954096472124
2021-07-04,2021-07-04 04:45:00,22.0,0,23.0,0.0012566078259554447
2021-07-04,2021-07-04 05:00:00,23.0,0,22.0,0.001245052259281473
2021-07-04,2021-07-04 05:15:00,27.0,0,23.0,0.0012310790846175941
2021-07-04,2021-07-04 05:30:00,23.0,0,23.0,0.0011530154742273536
2021-07-04,2021-07-04 05:45:00,23.0,0,24.0,0.0011125245984840502
2021-07-04,2021-07-04 06:00:00,22.0,0,27.0,0.0011451819260174649
2021-07-04,2021-07-04 06:15:00,22.0,0,24.0,0.0011461739642911178
2021-07-04,2021-07-04 06:30:00,23.0,0,23.0,0.0010286702386739807
2021-07-04,2021-07-04 06:45:00,22.0,0,24.0,0.0013170773736190166
2021-07-04,2021-07-04 07:00:00,21.0,0,23.0,0.0009077001881662542
2021-07-04,2021-07-04 07:15:00,22.0,0,23.0,0.0009077001881662542
2021-07-04,2021-07-04 07:30:00,23.0,0,23.0,0.0009720142122322046
2021-07-04,2021-07-04 07:45:00,22.0,0,23.0,0.0009720142122322046
2021-07-04,2021-07-04 08:00:00,24.0,0,23.0,0.0007959188858206158
2021-07-04,2021-07-04 08:15:00,28.0,0,23.0,0.0005908703058371255
2021-07-04,2021-07-04 08:30:00,24.0,0,23.0,0.0005908703058371255
2021-07-04,2021-07-04 08:45:00,21.0,0,26.0,0.0007525176267507984
2021-07-04,2021-07-04 09:00:00,22.0,0,28.0,0.0005427602956650184
2021-07-04,2021-07-04 09:15:00,22.0,0,26.0,0.00035107139001115597
2021-07-04,2021-07-04 09:30:00,22.0,0,24.0,0.00034544374086929063
2021-07-04,2021-07-04 09:45:00,22.0,0,24.0,0.00031175901726784714
2021-07-04,2021-07-04 10:00:00,22.0,0,24.0,0.00031175901726784714
2021-07-04,2021-07-04 10:15:00,23.0,0,24.0,0.0003066509803796909
2021-07-04,2021-07-04 10:30:00,23.0,0,24.0,0.0003266367153074445
2021-07-04,2021-07-04 10:45:00,23.0,0,24.0,0.00037820347511469793
2021-07-04,2021-07-04 11:00:00,24.0,0,24.0,0.00038799490873428694
2021-07-04,2021-07-04 11:15:00,26.0,0,24.0,0.0003830464223173823
2021-07-04,2021-07-04 11:30:00,28.0,0,24.0,0.0005363341783852651
2021-07-04,2021-07-04 11:45:00,25.0,0,24.0,0.0003712913748008371
2021-07-04,2021-07-04 12:00:00,24.0,0,27.0,0.0004032916676674192
2021-07-04,2021-07-04 12:15:00,23.0,0,31.0,0.0009133373127744089
2021-07-04,2021-07-04 12:30:00,23.0,0,23.0,0.0003140546080566599
2021-07-04,2021-07-04 12:45:00,23.0,0,24.0,0.0003743138741047496
2021-07-04,2021-07-04 13:00:00,23.0,0,24.0,0.00037264007706685234
2021-07-04,2021-07-04 13:15:00,24.0,0,24.0,0.00036033984435835395
2021-07-04,2021-07-04 13:30:00,23.0,0,24.0,0.00033546687572225397
2021-07-04,2021-07-04 13:45:00,23.0,0,24.0,0.00033546687572225397
2021-07-04,2021-07-04 14:00:00,23.0,0,24.0,0.0003149410250051019
2021-07-04,2021-07-04 14:15:00,23.0,0,24.0,0.00033546687572225397
2021-07-04,2021-07-04 14:30:00,23.0,0,24.0,0.0003344709402709107
2021-07-04,2021-07-04 14:45:00,27.0,0,24.0,0.0003382707482303596
2021-07-04,2021-07-04 15:00:00,27.0,0,24.0,0.0004114009746823872
2021-07-04,2021-07-04 15:15:00,23.0,0,29.0,0.0006240518658987107
2021-07-04,2021-07-04 15:30:00,23.0,0,28.0,0.0005582895349277511
2021-07-04,2021-07-04 15:45:00,23.0,0,24.0,0.00031616351000130557
2021-07-04,2021-07-04 16:00:00,23.0,0,24.0,0.00031616351000130557
2021-07-04,2021-07-04 16:15:00,23.0,0,24.0,0.00031616351000130557
2021-07-04,2021-07-04 16:30:00,23.0,0,24.0,0.0003197554001426559
2021-07-04,2021-07-04 16:45:00,25.0,0,24.0,0.0003197554001426559
2021-07-04,2021-07-04 17:00:00,22.0,0,24.0,0.0003630186641968701
2021-07-04,2021-07-04 17:15:00,22.0,0,24.0,0.00035821700744494167
2021-07-04,2021-07-04 17:30:00,22.0,0,24.0,0.0003172650042857591
2021-07-04,2021-07-04 17:45:00,22.0,0,24.0,0.000320982805720148
2021-07-04,2021-07-04 18:00:00,25.0,0,24.0,0.000320982805720148
2021-07-04,2021-07-04 18:15:00,27.0,0,24.0,0.0003208694043355329
2021-07-04,2021-07-04 18:30:00,23.0,0,26.0,0.00033989719182580126
2021-07-04,2021-07-04 18:45:00,23.0,0,28.0,0.0005323104687328441
2021-07-04,2021-07-04 19:00:00,23.0,0,25.0,0.0003360791201068584
2021-07-04,2021-07-04 19:15:00,22.0,0,25.0,0.0003360791201068584
2021-07-04,2021-07-04 19:30:00,22.0,0,24.0,0.00032615267872748125
2021-07-04,2021-07-04 19:45:00,23.0,0,23.0,0.0002993042603522753
2021-07-04,2021-07-04 20:00:00,22.0,0,24.0,0.0005533194311030056
2021-07-04,2021-07-04 20:15:00,23.0,0,24.0,0.000509308782704534
2021-07-04,2021-07-04 20:30:00,22.0,0,24.0,0.000534520608718199
2021-07-04,2021-07-04 20:45:00,22.0,0,24.0,0.000534520608718199
2021-07-04,2021-07-04 21:00:00,24.0,0,24.0,0.00040037959683089105
2021-07-04,2021-07-04 21:15:00,24.0,0,24.0,0.00046231175457868114
2021-07-04,2021-07-04 21:30:00,28.0,0,24.0,0.0004195704624254298
2021-07-04,2021-07-04 21:45:00,25.0,0,24.0,0.0005986334088530165
2021-07-04,2021-07-04 22:00:00,23.0,0,29.0,0.000776658785516346
2021-07-04,2021-07-04 22:15:00,24.0,0,27.0,0.0004464612183641627
2021-07-04,2021-07-04 22:30:00,23.0,0,24.0,0.00039896342292287793
2021-07-04,2021-07-04 22:45:00,23.0,0,24.0,0.0004731882027696724
2021-07-04,2021-07-04 23:00:00,23.0,0,24.0,0.0004655862317415237
2021-07-04,2021-07-04 23:15:00,23.0,0,24.0,0.0004655862317415237
2021-07-04,2021-07-04 23:30:00,22.0,0,24.0,0.0004655862317415237
2021-07-04,2021-07-04 23:45:00,22.0,0,24.0,0.00047978589253839013
2021-07-05,2021-07-05 00:00:00,23.0,0,24.0,0.0026733502149388307
2021-07-05,2021-07-05 00:15:00,23.0,0,23.0,0.0028446823621924556
2021-07-05,2021-07-05 00:30:00,27.0,0,24.0,0.005341321535753079
2021-07-05,2021-07-05 00:45:00,28.0,0,24.0,0.005396791629940165
2021-07-05,2021-07-05 01:00:00,23.0,0,23.0,0.002259316748949159
2021-07-05,2021-07-05 01:15:00,23.0,0,26.0,0.0031185051028224304
2021-07-05,2021-07-05 01:30:00,23.0,0,28.0,0.00404309131046225
2021-07-05,2021-07-05 01:45:00,22.0,0,25.0,0.002713496633066528
2021-07-05,2021-07-05 02:00:00,23.0,0,23.0,0.0019468182461250625
2021-07-05,2021-07-05 02:15:00,23.0,0,24.0,0.003678658862458155
2021-07-05,2021-07-05 02:30:00,22.0,0,24.0,0.00378068795414829
2021-07-05,2021-07-05 02:45:00,23.0,0,25.0,0.003996910873016555
2021-07-05,2021-07-05 03:00:00,23.0,0,23.0,0.0020994709661201184
2021-07-05,2021-07-05 03:15:00,23.0,0,24.0,0.004440144293187118
2021-07-05,2021-07-05 03:30:00,23.0,0,24.0,0.004337533730428997
2021-07-05,2021-07-05 03:45:00,25.0,0,23.0,0.0021149318193483687
2021-07-05,2021-07-05 04:00:00,27.0,0,24.0,0.004422514004479399
2021-07-05,2021-07-05 04:15:00,23.0,0,24.0,0.0063987318057842114
2021-07-05,2021-07-05 04:30:00,23.0,0,26.0,0.005113113759504002
2021-07-05,2021-07-05 04:45:00,22.0,0,28.0,0.005547331013484049
2021-07-05,2021-07-05 05:00:00,23.0,0,24.0,0.008500000789926673
2021-07-05,2021-07-05 05:15:00,23.0,0,23.0,0.005950897784086702
2021-07-05,2021-07-05 05:30:00,22.0,0,24.0,0.004465554866206826
2021-07-05,2021-07-05 05:45:00,22.0,0,23.0,0.002647636656389065
2021-07-05,2021-07-05 06:00:00,23.0,0,23.0,0.0034545123289636106
2021-07-05,2021-07-05 06:15:00,22.0,0,23.0,0.0034545123289636106
2021-07-05,2021-07-05 06:30:00,21.0,0,23.0,0.003969970550940053
2021-07-05,2021-07-05 06:45:00,23.0,0,23.0,0.00481014213694883
2021-07-05,2021-07-05 07:00:00,33.0,0,28.0,0.03975602021794222
2021-07-05,2021-07-05 07:15:00,46.0,0,42.0,0.07327723625243451
2021-07-05,2021-07-05 07:30:00,69.0,0,66.0,0.09811899101663808
2021-07-05,2021-07-05 07:45:00,104.0,0,92.0,0.22111457327609862
2021-07-05,2021-07-05 08:00:00,145.0,982,148.06644279637248,0.9985109059445061
2021-07-05,2021-07-05 08:15:00,172.0,982,184.63458301016206,0.9986886111441413
2021-07-05,2021-07-05 08:30:00,183.0,982,185.15429174190936,0.9986886111441413
2021-07-05,2021-07-05 08:45:00,173.0,982,185.89260832784774,0.9986886111441413
2021-07-05,2021-07-05 09:00:00,172.0,2566,180.3579167150061,0.9987808412279878
2021-07-05,2021-07-05 09:15:00,170.0,2566,179.0373056193822,0.9980218149282445
2021-07-05,2021-07-05 09:30:00,175.0,2566,174.55279336520323,0.9980218149282445
2021-07-05,2021-07-05 09:45:00,163.0,2566,175.2615864753126,0.9987897874276406
2021-07-05,2021-07-05 10:00:00,148.0,814,145.70915897142754,0.9981002074270945
2021-07-05,2021-07-05 10:15:00,180.0,814,178.59045292106492,0.9988687452856813
2021-07-05,2021-07-05 10:30:00,179.0,814,178.80341535570975,0.9989146515417938
2021-07-05,2021-07-05 10:45:00,185.0,814,173.71407149072633,0.9989146515417938
2021-07-05,2021-07-05 11:00:00,185.0,1097,168.00464292994016,0.9989146515417938
2021-07-05,2021-07-05 11:15:00,169.0,1097,167.517910519408,0.9988372438366208
2021-07-05,2021-07-05 11:30:00,168.0,1097,181.29738456790662,0.9988403273384944
2021-07-05,2021-07-05 11:45:00,164.0,1097,179.3523308549017,0.9988610123352224
2021-07-05,2021-07-05 12:00:00,116.0,31,118.46414012324894,0.9950598656928743
2021-07-05,2021-07-05 12:15:00,101.0,31,103.6976988147605,0.9879991288749306
2021-07-05,2021-07-05 12:30:00,99.0,31,100.2122362089516,0.9489674982619751
2021-07-05,2021-07-05 12:45:00,100.0,31,119.67373581202752,0.972408234975136
2021-07-05,2021-07-05 13:00:00,148.0,613,168.98878454971063,0.998981387557729
2021-07-05,2021-07-05 13:15:00,165.0,613,178.58850020257586,0.9989972735463035
2021-07-05,2021-07-05 13:30:00,176.0,613,179.88264120130268,0.9989907588030679
2021-07-05,2021-07-05 13:45:00,181.0,613,180.70814902950045,0.9989907588030679
2021-07-05,2021-07-05 14:00:00,169.0,2781,171.66512470121768,0.9989907588030679
2021-07-05,2021-07-05 14:15:00,170.0,2781,174.10360262968956,0.9988901319637251
2021-07-05,2021-07-05 14:30:00,167.0,2781,177.06769502017278,0.9988901319637251
2021-07-05,2021-07-05 14:45:00,168.0,2781,178.17195268587716,0.998887180741902
2021-07-05,2021-07-05 15:00:00,141.0,711,162.7926922747723,0.9988336597759103
2021-07-05,2021-07-05 15:15:00,140.0,711,167.8694407742916,0.9985966241127953
2021-07-05,2021-07-05 15:30:00,174.0,711,176.1923892939187,0.9985966241127953
2021-07-05,2021-07-05 15:45:00,183.0,711,166.67753213764718,0.9979255509173269
2021-07-05,2021-07-05 16:00:00,173.0,2870,163.52191952283624,0.9979255509173269
2021-07-05,2021-07-05 16:15:00,156.0,2870,160.032370241659,0.9992172595240663
2021-07-05,2021-07-05 16:30:00,151.0,2870,164.0595432777633,0.999252160348888
2021-07-05,2021-07-05 16:45:00,153.0,2870,164.51365970333674,0.999252160348888
2021-07-05,2021-07-05 17:00:00,128.0,224,117.42984882669931,0.9955126852398442
2021-07-05,2021-07-05 17:15:00,115.0,224,112.80006301744328,0.9946067056065541
2021-07-05,2021-07-05 17:30:00,133.0,224,153.76151305686162,0.9988964754018901
2021-07-05,2021-07-05 17:45:00,140.0,224,166.8087894422243,0.9988964754018901
2021-07-05,2021-07-05 18:00:00,153.0,308,164.21937595426536,0.9988964754018901
2021-07-05,2021-07-05 18:15:00,156.0,308,163.15465655858512,0.9988683392226204
2021-07-05,2021-07-05 18:30:00,163.0,308,159.102076570995,0.9987005474930326
2021-07-05,2021-07-05 18:45:00,158.0,308,159.55101541114868,0.998738642006018
2021-07-05,2021-07-05 19:00:00,153.0,1932,153.40033601065502,0.9975983135160906
2021-07-05,2021-07-05 19:15:00,141.0,1932,159.85517214082623,0.9983679306862661
2021-07-05,2021-07-05 19:30:00,141.0,1932,156.89872712665664,0.9987885691210907
2021-07-05,2021-07-05 19:45:00,122.0,1932,117.82601219516285,0.990196388914579
2021-07-05,2021-07-05 20:00:00,113.0,9,114.27928347604961,0.9479291148716762
2021-07-05,2021-07-05 20:15:00,111.0,9,117.85132954621469,0.9468431394781573
2021-07-05,2021-07-05 20:30:00,126.0,9,119.8761940915279,0.943186635456073
2021-07-05,2021-07-05 20:45:00,130.0,9,115.85571535810857,0.9402424257122687
2021-07-05,2021-07-05 21:00:00,124.0,356,115.8239978068334,0.964877361332497
2021-07-05,2021-07-05 21:15:00,122.0,356,116.71522578420655,0.9666834217423863
2021-07-05,2021-07-05 21:30:00,110.0,356,118.65670820401247,0.97433892274386
2021-07-05,2021-07-05 21:45:00,110.0,356,117.42579633264613,0.9671525932592037
2021-07-05,2021-07-05 22:00:00,94.0,89,107.84931720777713,0.9677715724617915
2021-07-05,2021-07-05 22:15:00,100.0,89,111.67368326893194,0.9263390673076175
2021-07-05,2021-07-05 22:30:00,108.0,89,112.45832398975094,0.944760507427836
2021-07-05,2021-07-05 22:45:00,115.0,89,114.57751843061422,0.9587155151074591
2021-07-05,2021-07-05 23:00:00,116.0,332,115.66327918890137,0.9675447459861276
2021-07-05,2021-07-05 23:15:00,107.0,332,115.35346441516023,0.9725620140899075
2021-07-05,2021-07-05 23:30:00,100.0,332,108.35836999583027,0.9841270488548377
2021-07-05,2021-07-05 23:45:00,83.0,332,76.28781794340964,0.9802041756133006
2021-07-06,2021-07-06 00:00:00,68.0,50,66.13528931710087,0.7505915429314324
2021-07-06,2021-07-06 00:15:00,68.0,50,65.90128399826817,0.7452029833317791
2021-07-06,2021-07-06 00:30:00,68.0,50,66.37570065017368,0.7334205820326728
2021-07-06,2021-07-06 00:45:00,68.0,50,65.71117332685586,0.7271615055226646
2021-07-06,2021-07-06 01:00:00,86.0,434,95.90431977497403,0.9574914293668437
2021-07-06,2021-07-06 01:15:00,108.0,434,108.84844419880251,0.9759409382056321
2021-07-06,2021-07-06 01:30:00,111.0,434,112.75682639937253,0.9666215510960487
2021-07-06,2021-07-06 01:45:00,108.0,434,113.63572268201499,0.9700914525026394
2021-07-06,2021-07-06 02:00:00,110.0,246,112.9970677045011,0.9789627192891692
2021-07-06,2021-07-06 02:15:00,108.0,246,112.42105029932156,0.9761443552403093
2021-07-06,2021-07-06 02:30:00,107.0,246,109.65281458274865,0.978292122153726
2021-07-06,2021-07-06 02:45:00,93.0,246,106.77283973537041,0.9805502600826089
2021-07-06,2021-07-06 03:00:00,88.0,236,98.37803358122991,0.9812625019921435
2021-07-06,2021-07-06 03:15:00,102.0,236,111.44195081999683,0.9864129743362215
2021-07-06,2021-07-06 03:30:00,114.0,236,111.5857976930533,0.9857669394851538
2021-07-06,2021-07-06 03:45:00,116.0,236,113.90463626276902,0.9830584503802876
2021-07-06,2021-07-06 04:00:00,106.0,262,112.1602218089526,0.9877157345993951
2021-07-06,2021-07-06 04:15:00,103.0,262,112.53163924045934,0.984212201915571
2021-07-06,2021-07-06 04:30:00,103.0,262,112.73117022152076,0.9833602226715578
2021-07-06,2021-07-06 04:45:00,112.0,262,109.29301602674583,0.9875239039072755
2021-07-06,2021-07-06 05:00:00,94.0,2,79.9907967850746,0.8675818828051407
2021-07-06,2021-07-06 05:15:00,89.0,2,76.78002404661669,0.7799074747989162
2021-07-06,2021-07-06 05:30:00,98.0,2,104.95864272807671,0.9162712923337833
2021-07-06,2021-07-06 05:45:00,110.0,2,111.52737710656957,0.9299789011157876
2021-07-06,2021-07-06 06:00:00,105.0,70,114.6603832032316,0.9877085287829568
2021-07-06,2021-07-06 06:15:00,99.0,70,113.91097434335963,0.9881110047593091
2021-07-06,2021-07-06 06:30:00,95.0,70,112.49070562726205,0.9906834762731592
2021-07-06,2021-07-06 06:45:00,91.0,70,111.52335535282126,0.9908597667665155
2021-07-06,2021-07-06 07:00:00,93.0,2041,112.76777991322977,0.9957074105561932
2021-07-06,2021-07-06 07:15:00,105.0,2041,120.59473637389092,0.9976232713694257
2021-07-06,2021-07-06 07:30:00,132.0,2041,167.6799709656086,0.9956100325277435
2021-07-06,2021-07-06 07:45:00,145.0,2041,166.69967053445035,0.9961999319737496
2021-07-06,2021-07-06 08:00:00,166.0,313,172.87858554115124,0.9991166708025735
2021-07-06,2021-07-06 08:15:00,177.0,313,185.23593951452017,0.9987461189971092
2021-07-06,2021-07-06 08:30:00,182.0,313,185.85437233406358,0.9989979187720667
2021-07-06,2021-07-06 08:45:00,193.0,313,188.36628838649224,0.9991380359947905
2021-07-06,2021-07-06 09:00:00,176.0,734,179.54515074489942,0.999175368465475
2021-07-06,2021-07-06 09:15:00,176.0,734,179.79483901877234,0.9991132973525557
2021-07-06,2021-07-06 09:30:00,185.0,734,176.55868269905898,0.9991132973525557
2021-07-06,2021-07-06 09:45:00,182.0,734,176.3554849624535,0.9991132973525557
2021-07-06,2021-07-06 10:00:00,150.0,792,139.14512246700772,0.9969465189470242
2021-07-06,2021-07-06 10:15:00,176.0,792,176.53259619977499,0.9991132973525557
2021-07-06,2021-07-06 10:30:00,172.0,792,185.92436398747498,0.9991385427631099
2021-07-06,2021-07-06 10:45:00,175.0,792,186.3437999242207,0.9991385427631099
2021-07-06,2021-07-06 11:00:00,177.0,568,180.74706035924896,0.9989985078359285
2021-07-06,2021-07-06 11:15:00,182.0,568,181.58085519246558,0.997847884923078
2021-07-06,2021-07-06 11:30:00,175.0,568,185.7931487793928,0.9969265364995318
2021-07-06,2021-07-06 11:45:00,171.0,568,182.3920521523227,0.9977932124012169
2021-07-06,2021-07-06 12:00:00,132.0,0,119.91956316225853,0.98209486262871
2021-07-06,2021-07-06 12:15:00,106.0,0,106.23473959132713,0.9854781509498765
2021-07-06,2021-07-06 12:30:00,106.0,0,103.07510375932998,0.9858835076036375
2021-07-06,2021-07-06 12:45:00,97.0,0,124.47474304233859,0.9878047536620056
2021-07-06,2021-07-06 13:00:00,141.0,2227,175.39157145246767,0.9991693959440718
2021-07-06,2021-07-06 13:15:00,170.0,2227,180.43604151634102,0.9990387844492877
2021-07-06,2021-07-06 13:30:00,169.0,2227,178.38347412547418,0.9991741533650638
2021-07-06,2021-07-06 13:45:00,154.0,2227,184.42796837606994,0.9991741533650638
2021-07-06,2021-07-06 14:00:00,182.0,648,176.16498452124293,0.9991741533650638
2021-07-06,2021-07-06 14:15:00,176.0,648,174.9978277536965,0.9993012890876274
2021-07-06,2021-07-06 14:30:00,172.0,648,169.19277795645968,0.998610419040873
2021-07-06,2021-07-06 14:45:00,185.0,648,176.31182446195578,0.9990560111973186
2021-07-06,2021-07-06 15:00:00,147.0,1272,133.4289548220198,0.9957546204791186
2021-07-06,2021-07-06 15:15:00,144.0,1272,177.13491775953548,0.9993457662263323
2021-07-06,2021-07-06 15:30:00,173.0,1272,177.11509146522994,0.9993457662263323
2021-07-06,2021-07-06 15:45:00,169.0,1272,175.95460259246664,0.9993457662263323
2021-07-06,2021-07-06 16:00:00,177.0,985,160.90825427370635,0.9993457662263323
2021-07-06,2021-07-06 16:15:00,172.0,985,169.65806159358962,0.9994779901185021
2021-07-06,2021-07-06 16:30:00,167.0,985,167.85246530957363,0.9996149366278575
2021-07-06,2021-07-06 16:45:00,168.0,985,163.83470875448265,0.9994805811500487
2021-07-06,2021-07-06 17:00:00,124.0,124,110.89837302602277,0.9978554212088308
2021-07-06,2021-07-06 17:15:00,107.0,124,98.4244239696559,0.9969906992369767
2021-07-06,2021-07-06 17:30:00,136.0,124,125.7541812445867,0.9992465594242966
2021-07-06,2021-07-06 17:45:00,148.0,124,167.60918572145357,0.9995588579539678
2021-07-06,2021-07-06 18:00:00,146.0,1300,167.5236332469267,0.9994768331567165
2021-07-06,2021-07-06 18:15:00,161.0,1300,164.14062660517394,0.9994602283790263
2021-07-06,2021-07-06 18:30:00,153.0,1300,157.36632153734377,0.9994252384845055
2021-07-06,2021-07-06 18:45:00,153.0,1300,158.17422300102606,0.9994252384845055
2021-07-06,2021-07-06 19:00:00,153.0,3876,164.61679734515974,0.9994252384845055
2021-07-06,2021-07-06 19:15:00,157.0,3876,157.46024019351862,0.9991882260617775
2021-07-06,2021-07-06 19:30:00,146.0,3876,166.29052863921376,0.9994081645596201
2021-07-06,2021-07-06 19:45:00,147.0,3876,139.49177301978503,0.9992854947458264
2021-07-06,2021-07-06 20:00:00,131.0,10,122.58915569706005,0.9977512481641526
2021-07-06,2021-07-06 20:15:00,133.0,10,123.3846979055681,0.9975904491148194
2021-07-06,2021-07-06 20:30:00,138.0,10,123.4581595220222,0.9969573521507579
2021-07-06,2021-07-06 20:45:00,133.0,10,123.58242849392597,0.9969674969150424
2021-07-06,2021-07-06 21:00:00,132.0,166,118.64651451878704,0.9945922077240401
2021-07-06,2021-07-06 21:15:00,120.0,166,120.08249759712332,0.9944823716254817
2021-07-06,2021-07-06 21:30:00,122.0,166,118.03488038202462,0.9919118218168719
2021-07-06,2021-07-06 21:45:00,129.0,166,116.07284935343947,0.9937096833392121
2021-07-06,2021-07-06 22:00:00,109.0,150,106.18462308256531,0.9927520240392038
2021-07-06,2021-07-06 22:15:00,114.0,150,112.69902997535401,0.9917761109300433
2021-07-06,2021-07-06 22:30:00,110.0,150,112.81890233284508,0.9916066269119409
2021-07-06,2021-07-06 22:45:00,115.0,150,113.8540093665496,0.9917800620233153
2021-07-06,2021-07-06 23:00:00,104.0,75,115.87438634555514,0.9940375111506423
2021-07-06,2021-07-06 23:15:00,99.0,75,110.862279491778,0.9912454182315633
2021-07-06,2021-07-06 23:30:00,114.0,75,106.01189120243687,0.9942466679350348
2021-07-06,2021-07-06 23:45:00,107.0,75,83.1879548522505,0.9902469807127954
2021-07-07,2021-07-07 00:00:00,89.0,250,62.288107707365135,0.6451891537223712
2021-07-07,2021-07-07 00:15:00,72.0,250,63.697008425315246,0.6615090335763941
2021-07-07,2021-07-07 00:30:00,71.0,250,62.512093431082555,0.5631082002685673
2021-07-07,2021-07-07 00:45:00,70.0,250,65.0,0.4890243728814065
2021-07-07,2021-07-07 01:00:00,91.0,5,94.12058525064597,0.9418927873166225
2021-07-07,2021-07-07 01:15:00,97.0,5,109.58305375092353,0.9530523995598493
2021-07-07,2021-07-07 01:30:00,106.0,5,111.13436766630035,0.9522474224633197
2021-07-07,2021-07-07 01:45:00,112.0,5,112.48004579430504,0.9527854154218423
2021-07-07,2021-07-07 02:00:00,106.0,42,112.93428429397459,0.966074214126524
2021-07-07,2021-07-07 02:15:00,106.0,42,112.52371104216783,0.9660002990977383
2021-07-07,2021-07-07 02:30:00,107.0,42,110.35509172120614,0.9651375348907286
2021-07-07,2021-07-07 02:45:00,105.0,42,110.32838078350083,0.9694824193004503
2021-07-07,2021-07-07 03:00:00,107.0,442,101.08021421131342,0.9661416666167879
2021-07-07,2021-07-07 03:15:00,109.0,442,110.13237596392548,0.9739436630464681
2021-07-07,2021-07-07 03:30:00,115.0,442,109.92099294190342,0.9741118034810131
2021-07-07,2021-07-07 03:45:00,109.0,442,111.81238528194449,0.9758896136219253
2021-07-07,2021-07-07 04:00:00,108.0,90,111.89463169312425,0.9796136146983602
2021-07-07,2021-07-07 04:15:00,105.0,90,110.90893725846803,0.9782363072698017
2021-07-07,2021-07-07 04:30:00,104.0,90,110.47891891796219,0.9810985203651432
2021-07-07,2021-07-07 04:45:00,108.0,90,110.40057655719353,0.9813979714133404
2021-07-07,2021-07-07 05:00:00,95.0,387,91.98979815309295,0.9543734901670565
2021-07-07,2021-07-07 05:15:00,85.0,387,79.79295624040586,0.9348562591838389
2021-07-07,2021-07-07 05:30:00,96.0,387,105.01664301638573,0.9527536340908556
2021-07-07,2021-07-07 05:45:00,101.0,387,112.9922635512396,0.9573739725476761
2021-07-07,2021-07-07 06:00:00,101.0,38,113.33548843175146,0.9874601714769643
2021-07-07,2021-07-07 06:15:00,106.0,38,111.94062160097349,0.9899619239411283
2021-07-07,2021-07-07 06:30:00,101.0,38,111.57976443543251,0.980897495076543
2021-07-07,2021-07-07 06:45:00,100.0,38,111.18208889393912,0.9895557125817978
2021-07-07,2021-07-07 07:00:00,114.0,1847,111.64995608234713,0.988294056019816
2021-07-07,2021-07-07 07:15:00,122.0,1847,115.74384380830114,0.9850727911629198
2021-07-07,2021-07-07 07:30:00,138.0,1847,145.11872453096439,0.9858475597776452
2021-07-07,2021-07-07 07:45:00,145.0,1847,136.79051447646648,0.9829724179174364
2021-07-07,2021-07-07 08:00:00,157.0,675,157.34304781393834,0.9986575759765977
2021-07-07,2021-07-07 08:15:00,172.0,675,171.11344410607325,0.9985397222012925
2021-07-07,2021-07-07 08:30:00,192.0,675,172.51553836410034,0.9984993551735475
2021-07-07,2021-07-07 08:45:00,203.0,675,173.89379185483077,0.9985397222012925
2021-07-07,2021-07-07 09:00:00,187.0,1990,169.12319745591174,0.9985361176924743
2021-07-07,2021-07-07 09:15:00,182.0,1990,169.3036498343162,0.9987149406190725
2021-07-07,2021-07-07 09:30:00,168.0,1990,169.33956734930672,0.9987149406190725
2021-07-07,2021-07-07 09:45:00,175.0,1990,169.19097401577517,0.9987149406190725
2021-07-07,2021-07-07 10:00:00,152.0,3638,145.2625356511936,0.9934475600580771
2021-07-07,2021-07-07 10:15:00,185.0,3638,169.41278991470992,0.99867941081647
2021-07-07,2021-07-07 10:30:00,186.0,3638,172.50062930360957,0.9987011893103176
2021-07-07,2021-07-07 10:45:00,171.0,3638,167.81833795300935,0.9985371624965085
2021-07-07,2021-07-07 11:00:00,172.0,954,169.1516911046399,0.9986199123804627
2021-07-07,2021-07-07 11:15:00,183.0,954,162.89633538510452,0.9961962929720358
2021-07-07,2021-07-07 11:30:00,181.0,954,165.382309711449,0.9973468725741992
2021-07-07,2021-07-07 11:45:00,174.0,954,163.77627407111677,0.9974009228814478
2021-07-07,2021-07-07 12:00:00,131.0,0,107.17017797550068,0.8465996002952748
2021-07-07,2021-07-07 12:15:00,105.0,0,92.65638136534068,0.8502685684561606
2021-07-07,2021-07-07 12:30:00,104.0,0,91.06825359959086,0.8502685684561606
2021-07-07,2021-07-07 12:45:00,106.0,0,107.25335077062402,0.8977170420228467
2021-07-07,2021-07-07 13:00:00,146.0,320,162.20925308429858,0.9984741230680704
2021-07-07,2021-07-07 13:15:00,178.0,320,170.82574462702465,0.9991662561545835
2021-07-07,2021-07-07 13:30:00,185.0,320,172.04002258080493,0.9991409047988257
2021-07-07,2021-07-07 13:45:00,182.0,320,168.35086499245645,0.9992456171206826
2021-07-07,2021-07-07 14:00:00,185.0,1323,165.1917717248538,0.9992456171206826
2021-07-07,2021-07-07 14:15:00,181.0,1323,165.034961430979,0.9994370556913857
2021-07-07,2021-07-07 14:30:00,167.0,1323,167.59228482100946,0.9994660963265102
2021-07-07,2021-07-07 14:45:00,167.0,1323,168.26838512945616,0.9994660963265102
2021-07-07,2021-07-07 15:00:00,144.0,1208,128.4585686190275,0.9970236526506854
2021-07-07,2021-07-07 15:15:00,138.0,1208,165.63348490320615,0.99916115309468
2021-07-07,2021-07-07 15:30:00,176.0,1208,166.7442372643249,0.9992188496193324
2021-07-07,2021-07-07 15:45:00,173.0,1208,162.79273900636858,0.9983945537038037
2021-07-07,2021-07-07 16:00:00,178.0,1579,155.67320013196306,0.9983945537038037
2021-07-07,2021-07-07 16:15:00,181.0,1579,161.58905012218634,0.999407200259293
2021-07-07,2021-07-07 16:30:00,174.0,1579,156.5472143734224,0.9993068720714527
2021-07-07,2021-07-07 16:45:00,175.0,1579,160.92959142145634,0.9994251684096069
2021-07-07,2021-07-07 17:00:00,120.0,175,116.38957362653446,0.9946311051279088
2021-07-07,2021-07-07 17:15:00,98.0,175,121.18017016909843,0.9928905322208096
2021-07-07,2021-07-07 17:30:00,156.0,175,148.84069089286362,0.9990094349310454
2021-07-07,2021-07-07 17:45:00,179.0,175,157.80383934640784,0.9994562490623639
2021-07-07,2021-07-07 18:00:00,169.0,1717,158.0414879975198,0.9994287146803886
2021-07-07,2021-07-07 18:15:00,173.0,1717,157.73270051915438,0.9994272334416743
2021-07-07,2021-07-07 18:30:00,165.0,1717,159.1266369052852,0.9993856502730819
2021-07-07,2021-07-07 18:45:00,167.0,1717,156.70057033509573,0.9993856502730819
2021-07-07,2021-07-07 19:00:00,164.0,2321,152.50495788676716,0.9993856502730819
2021-07-07,2021-07-07 19:15:00,169.0,2321,147.6264516286843,0.9987744304784604
2021-07-07,2021-07-07 19:30:00,159.0,2321,134.8331827115101,0.9987383126172402
2021-07-07,2021-07-07 19:45:00,134.0,2321,119.59189189013868,0.9944930854290749
2021-07-07,2021-07-07 20:00:00,106.0,162,118.52374141636383,0.983883057942323
2021-07-07,2021-07-07 20:15:00,127.0,162,118.09392764058363,0.9821953384384429
2021-07-07,2021-07-07 20:30:00,124.0,162,122.57075751051742,0.9889557458777767
2021-07-07,2021-07-07 20:45:00,109.0,162,129.73704503790722,0.9890050150463098
2021-07-07,2021-07-07 21:00:00,117.0,68,121.58153540022269,0.9908334437748268
2021-07-07,2021-07-07 21:15:00,120.0,68,122.17970516543927,0.9897079030638083
2021-07-07,2021-07-07 21:30:00,110.0,68,119.38527349298903,0.9838801447382398
2021-07-07,2021-07-07 21:45:00,113.0,68,117.55579367395119,0.9836541481323072
2021-07-07,2021-07-07 22:00:00,87.0,104,97.42775423444866,0.9378826461649252
2021-07-07,2021-07-07 22:15:00,105.0,104,114.72376927250492,0.9647757713929888
2021-07-07,2021-07-07 22:30:00,112.0,104,115.60717925838618,0.9515199997961008
2021-07-07,2021-07-07 22:45:00,113.0,104,116.78571633263921,0.9552056067082658
2021-07-07,2021-07-07 23:00:00,110.0,72,109.55306849607965,0.8364080442284886
2021-07-07,2021-07-07 23:15:00,107.0,72,110.11195082935022,0.8400546572772398
2021-07-07,2021-07-07 23:30:00,97.0,72,105.12297231794825,0.8798521773366771
2021-07-07,2021-07-07 23:45:00,105.0,72,96.38125630734082,0.8810811404897096
2021-07-08,2021-07-08 00:00:00,78.0,242,69.0,0.32415655150858247
2021-07-08,2021-07-08 00:15:00,72.0,242,69.0,0.3225317333011911
2021-07-08,2021-07-08 00:30:00,73.0,242,67.0,0.355357500186004
2021-07-08,2021-07-08 00:45:00,70.0,242,67.0,0.3584562040378175
2021-07-08,2021-07-08 01:00:00,89.0,703,99.94456266079882,0.9481138910495294
2021-07-08,2021-07-08 01:15:00,102.0,703,113.72353906534221,0.95872101429407
2021-07-08,2021-07-08 01:30:00,101.0,703,116.76070167989533,0.9667887303280933
2021-07-08,2021-07-08 01:45:00,104.0,703,117.2230341921806,0.9601583515312984
2021-07-08,2021-07-08 02:00:00,106.0,192,117.61735619664634,0.9586486725009878
2021-07-08,2021-07-08 02:15:00,98.0,192,116.03022615220297,0.9595379411167501
2021-07-08,2021-07-08 02:30:00,110.0,192,115.61252507781482,0.9698578209889408
2021-07-08,2021-07-08 02:45:00,102.0,192,115.22239635557816,0.9671798611147698
2021-07-08,2021-07-08 03:00:00,94.0,130,109.68094199130181,0.9485563873668369
2021-07-08,2021-07-08 03:15:00,102.0,130,116.56434220108548,0.9538694651236052
2021-07-08,2021-07-08 03:30:00,115.0,130,118.22144307937684,0.9494400212970369
2021-07-08,2021-07-08 03:45:00,109.0,130,118.58117500620205,0.9459771743858184
2021-07-08,2021-07-08 04:00:00,100.0,208,117.11480419443808,0.9411334450719153
2021-07-08,2021-07-08 04:15:00,105.0,208,116.57628034344091,0.9583229472235836
2021-07-08,2021-07-08 04:30:00,108.0,208,114.19524779690394,0.9557242844618986
2021-07-08,2021-07-08 04:45:00,109.0,208,116.32066842160121,0.9575441646116606
2021-07-08,2021-07-08 05:00:00,102.0,314,105.45776181307136,0.8434186005437302
2021-07-08,2021-07-08 05:15:00,81.0,314,92.26843507454205,0.6538632389588215
2021-07-08,2021-07-08 05:30:00,94.0,314,116.36737704437701,0.7474400174733895
2021-07-08,2021-07-08 05:45:00,107.0,314,120.73523092480355,0.779525252222279
2021-07-08,2021-07-08 06:00:00,109.0,58,119.23859458150673,0.9235156837071145
2021-07-08,2021-07-08 06:15:00,109.0,58,118.9016738811567,0.9268720431129164
2021-07-08,2021-07-08 06:30:00,107.0,58,119.0016773734716,0.9171220330156115
2021-07-08,2021-07-08 06:45:00,115.0,58,117.68341915502553,0.9515556487084905
2021-07-08,2021-07-08 07:00:00,116.0,436,117.72365160455763,0.9890946475065621
2021-07-08,2021-07-08 07:15:00,125.0,436,130.83683744828795,0.9902557878388599
2021-07-08,2021-07-08 07:30:00,143.0,436,162.68918785429292,0.9931792518681193
2021-07-08,2021-07-08 07:45:00,146.0,436,161.66807528757784,0.9926970602858826
2021-07-08,2021-07-08 08:00:00,150.0,560,173.49115579446826,0.9991011108035375
2021-07-08,2021-07-08 08:15:00,154.0,560,187.13527968691932,0.9991702478010236
2021-07-08,2021-07-08 08:30:00,173.0,560,184.94232365270364,0.9991853071615697
2021-07-08,2021-07-08 08:45:00,187.0,560,186.29919118170042,0.9991853071615697
2021-07-08,2021-07-08 09:00:00,172.0,516,175.95482329193555,0.9991911961165529
2021-07-08,2021-07-08 09:15:00,186.0,516,176.25739885384456,0.9992206398409448
2021-07-08,2021-07-08 09:30:00,177.0,516,175.55270660526202,0.9992206398409448
2021-07-08,2021-07-08 09:45:00,184.0,516,174.49046901707,0.9992150127998815
2021-07-08,2021-07-08 10:00:00,159.0,112,157.29991621863377,0.9963077216293758
2021-07-08,2021-07-08 10:15:00,186.0,112,176.55221983544575,0.9992150127998815
2021-07-08,2021-07-08 10:30:00,190.0,112,177.4701001410233,0.9992150127998815
2021-07-08,2021-07-08 10:45:00,201.0,112,175.64170412953314,0.9992150127998815
2021-07-08,2021-07-08 11:00:00,191.0,562,176.80074126184837,0.9992150127998815
2021-07-08,2021-07-08 11:15:00,190.0,562,176.23745753400445,0.9990888665773878
2021-07-08,2021-07-08 11:30:00,192.0,562,177.15157583496264,0.9991133510976743
2021-07-08,2021-07-08 11:45:00,187.0,562,177.7544559558952,0.999131480452984
2021-07-08,2021-07-08 12:00:00,131.0,0,123.65749211219723,0.9866833848698996
2021-07-08,2021-07-08 12:15:00,112.0,0,107.30482280540257,0.9650473039381922
2021-07-08,2021-07-08 12:30:00,116.0,0,109.41497892641291,0.9760268397656093
2021-07-08,2021-07-08 12:45:00,120.0,0,119.95358565807405,0.9797812157770551
2021-07-08,2021-07-08 13:00:00,166.0,2140,171.19504291056842,0.9993621803760333
2021-07-08,2021-07-08 13:15:00,186.0,2140,177.6767053140023,0.9994116161705233
2021-07-08,2021-07-08 13:30:00,201.0,2140,180.83982050894082,0.9994248445377806
2021-07-08,2021-07-08 13:45:00,191.0,2140,183.74690809900355,0.9994902654576368
2021-07-08,2021-07-08 14:00:00,185.0,1434,173.48221771465091,0.9994902654576368
2021-07-08,2021-07-08 14:15:00,200.0,1434,174.33284173853457,0.9996695587883219
2021-07-08,2021-07-08 14:30:00,190.0,1434,172.68836105169896,0.9996719285671545
2021-07-08,2021-07-08 14:45:00,161.0,1434,171.22554624106107,0.9996719285671545
2021-07-08,2021-07-08 15:00:00,148.0,350,144.55471675709344,0.9981157380744689
2021-07-08,2021-07-08 15:15:00,142.0,350,160.64942007289199,0.998679651983105
2021-07-08,2021-07-08 15:30:00,168.0,350,172.6784993193865,0.9994264623466268
2021-07-08,2021-07-08 15:45:00,184.0,350,175.87114958396947,0.9994264623466268
2021-07-08,2021-07-08 16:00:00,177.0,2282,166.6090525347708,0.9994264623466268
2021-07-08,2021-07-08 16:15:00,183.0,2282,166.87491786866713,0.9996916273365551
2021-07-08,2021-07-08 16:30:00,186.0,2282,169.59984208791954,0.9997180957621833
2021-07-08,2021-07-08 16:45:00,149.0,2282,169.49605167077027,0.9997180957621833
2021-07-08,2021-07-08 17:00:00,118.0,86,123.42941504172158,0.9982709661687877
2021-07-08,2021-07-08 17:15:00,102.0,86,113.46149394203425,0.995982728840704
2021-07-08,2021-07-08 17:30:00,138.0,86,147.68463359129512,0.9991236670769632
2021-07-08,2021-07-08 17:45:00,155.0,86,164.40314638016483,0.9994775166443732
2021-07-08,2021-07-08 18:00:00,155.0,3577,162.36728346533877,0.9994775166443732
2021-07-08,2021-07-08 18:15:00,153.0,3577,161.3332345089907,0.9994418781281038
2021-07-08,2021-07-08 18:30:00,141.0,3577,150.36302429421445,0.9986533801728966
2021-07-08,2021-07-08 18:45:00,139.0,3577,164.00424876580948,0.9992953398038446
2021-07-08,2021-07-08 19:00:00,141.0,5585,165.26601023266826,0.9993324815596591
2021-07-08,2021-07-08 19:15:00,142.0,5585,161.01375710627758,0.9993324815596591
2021-07-08,2021-07-08 19:30:00,153.0,5585,162.4939877062177,0.9993324815596591
2021-07-08,2021-07-08 19:45:00,151.0,5585,157.25506844287858,0.9992702465724536
2021-07-08,2021-07-08 20:00:00,132.0,26,128.86300433726458,0.9817542833296419
2021-07-08,2021-07-08 20:15:00,132.0,26,137.2824138255547,0.99033419205634
2021-07-08,2021-07-08 20:30:00,126.0,26,144.3280331517365,0.9897250272529252
2021-07-08,2021-07-08 20:45:00,129.0,26,142.3133373568205,0.9883853752532076
2021-07-08,2021-07-08 21:00:00,127.0,6,136.01598620188014,0.9948197259710142
2021-07-08,2021-07-08 21:15:00,128.0,6,142.5829233127207,0.9949733706335925
2021-07-08,2021-07-08 21:30:00,123.0,6,127.73363218490647,0.9921385406354978
2021-07-08,2021-07-08 21:45:00,120.0,6,136.44209062495028,0.9952168259542301
2021-07-08,2021-07-08 22:00:00,104.0,0,113.98915098731163,0.9278311218504262
2021-07-08,2021-07-08 22:15:00,109.0,0,118.59621465905113,0.9229039989454987
2021-07-08,2021-07-08 22:30:00,113.0,0,117.87356901668268,0.9169630547789994
2021-07-08,2021-07-08 22:45:00,118.0,0,124.87355143131236,0.9399449610651397
2021-07-08,2021-07-08 23:00:00,119.0,0,121.33081532249297,0.8797729515412973
2021-07-08,2021-07-08 23:15:00,115.0,0,117.66649310171056,0.8275609883074808
2021-07-08,2021-07-08 23:30:00,116.0,0,114.72423957780298,0.8922186047702173
2021-07-08,2021-07-08 23:45:00,103.0,0,93.88604019850435,0.881943875568185
2021-07-09,2021-07-09 00:00:00,78.0,0,69.0,0.24424804730263144
2021-07-09,2021-07-09 00:15:00,72.0,0,68.0,0.22521395150508805
2021-07-09,2021-07-09 00:30:00,72.0,0,68.0,0.23742277192792396
2021-07-09,2021-07-09 00:45:00,71.0,0,68.0,0.199267565859223
2021-07-09,2021-07-09 01:00:00,94.0,37,108.2262329856865,0.6705017962061554
2021-07-09,2021-07-09 01:15:00,105.0,37,116.0232426139677,0.7410859596138242
2021-07-09,2021-07-09 01:30:00,104.0,37,118.93851295971898,0.764899755669282
2021-07-09,2021-07-09 01:45:00,105.0,37,119.96974638090103,0.7445158008043568
2021-07-09,2021-07-09 02:00:00,105.0,12,119.22615159162359,0.7249243571005992
2021-07-09,2021-07-09 02:15:00,111.0,12,116.21151447938261,0.7263100619749742
2021-07-09,2021-07-09 02:30:00,114.0,12,116.64967200580553,0.608754131624921
2021-07-09,2021-07-09 02:45:00,108.0,12,116.22650800681254,0.7405950340665931
2021-07-09,2021-07-09 03:00:00,86.0,0,106.5311686495076,0.6167487849597033
2021-07-09,2021-07-09 03:15:00,101.0,0,116.56127257482945,0.66908020110337
2021-07-09,2021-07-09 03:30:00,98.0,0,118.51270620946683,0.6662136755443545
2021-07-09,2021-07-09 03:45:00,109.0,0,117.4483558751295,0.6164628136005383
2021-07-09,2021-07-09 04:00:00,105.0,32,116.25509523310978,0.6625365702813811
2021-07-09,2021-07-09 04:15:00,105.0,32,116.54743475696964,0.6243520075945984
2021-07-09,2021-07-09 04:30:00,106.0,32,116.47109102033889,0.643763932987954
2021-07-09,2021-07-09 04:45:00,99.0,32,116.0943284133246,0.643246679532406
2021-07-09,2021-07-09 05:00:00,99.0,0,99.17869486898127,0.5320650064105865
2021-07-09,2021-07-09 05:15:00,85.0,0,93.09064120141187,0.5539609690299487
2021-07-09,2021-07-09 05:30:00,104.0,0,115.11989210912667,0.6272454655043748
2021-07-09,2021-07-09 05:45:00,105.0,0,116.9735160022885,0.5734123422300229
2021-07-09,2021-07-09 06:00:00,109.0,0,120.09168604425717,0.501322814306493
2021-07-09,2021-07-09 06:15:00,109.0,0,120.50004220923208,0.5003148615526278
2021-07-09,2021-07-09 06:30:00,125.0,0,118.3927141779654,0.6949829914144002
2021-07-09,2021-07-09 06:45:00,110.0,0,117.25574638327126,0.7026548266803397
2021-07-09,2021-07-09 07:00:00,113.0,536,119.118105158731,0.8620486608747807
2021-07-09,2021-07-09 07:15:00,128.0,536,124.10422471224149,0.8918672022375347
2021-07-09,2021-07-09 07:30:00,150.0,536,150.09447090436458,0.9576311476828613
2021-07-09,2021-07-09 07:45:00,156.0,536,142.8382227521938,0.9534265905071344
2021-07-09,2021-07-09 08:00:00,154.0,564,145.50185856666775,0.9912241588779607
2021-07-09,2021-07-09 08:15:00,170.0,564,173.92063251518303,0.9977663099767655
2021-07-09,2021-07-09 08:30:00,188.0,564,180.14066459267096,0.9978682346096585
2021-07-09,2021-07-09 08:45:00,183.0,564,179.71126901322546,0.9978682346096585
2021-07-09,2021-07-09 09:00:00,168.0,565,178.65370057677742,0.997705354126128
2021-07-09,2021-07-09 09:15:00,163.0,565,178.3379635549293,0.99800261425846
2021-07-09,2021-07-09 09:30:00,168.0,565,179.6055352449678,0.99800261425846
2021-07-09,2021-07-09 09:45:00,165.0,565,180.24284060244605,0.9978708569685568
2021-07-09,2021-07-09 10:00:00,139.0,1753,165.5518148904711,0.9972250151273443
2021-07-09,2021-07-09 10:15:00,171.0,1753,181.14973696738443,0.9978708569685568
2021-07-09,2021-07-09 10:30:00,168.0,1753,181.03526494454624,0.9978708569685568
2021-07-09,2021-07-09 10:45:00,176.0,1753,183.6944162878511,0.9978708569685568
2021-07-09,2021-07-09 11:00:00,163.0,1082,186.61088723322297,0.9979244967575828
2021-07-09,2021-07-09 11:15:00,169.0,1082,181.6579931664947,0.9972378375023312
2021-07-09,2021-07-09 11:30:00,176.0,1082,183.0869231057778,0.9973119301471786
2021-07-09,2021-07-09 11:45:00,175.0,1082,185.598602099997,0.9973667961716706
2021-07-09,2021-07-09 12:00:00,112.0,0,131.30673658333077,0.9618504321012723
2021-07-09,2021-07-09 12:15:00,90.0,0,112.68216899310251,0.9156942249789671
2021-07-09,2021-07-09 12:30:00,97.0,0,114.83270599450216,0.892585937544819
2021-07-09,2021-07-09 12:45:00,99.0,0,126.46873072509328,0.942461866015954
2021-07-09,2021-07-09 13:00:00,156.0,1119,180.9546463248472,0.9979395119760051
2021-07-09,2021-07-09 13:15:00,186.0,1119,184.09884480685088,0.9983984395068556
2021-07-09,2021-07-09 13:30:00,185.0,1119,178.61954505620565,0.9984238355080597
2021-07-09,2021-07-09 13:45:00,168.0,1119,178.10927415824045,0.9985754428791017
2021-07-09,2021-07-09 14:00:00,165.0,2229,181.72970096820436,0.9985754428791017
2021-07-09,2021-07-09 14:15:00,182.0,2229,178.18537716724765,0.9990163306371126
2021-07-09,2021-07-09 14:30:00,185.0,2229,178.54545684219272,0.9991049573820294
2021-07-09,2021-07-09 14:45:00,192.0,2229,180.58250758158556,0.9991049573820294
2021-07-09,2021-07-09 15:00:00,153.0,774,163.49917552998724,0.9980498803423954
2021-07-09,2021-07-09 15:15:00,149.0,774,158.18988335879757,0.9969297904047599
2021-07-09,2021-07-09 15:30:00,179.0,774,179.21862294275525,0.9983009809169571
2021-07-09,2021-07-09 15:45:00,188.0,774,179.79537202240087,0.9986669116852436
2021-07-09,2021-07-09 16:00:00,176.0,1881,173.98575708209276,0.9986669116852436
2021-07-09,2021-07-09 16:15:00,163.0,1881,169.25278644482353,0.998842125274005
2021-07-09,2021-07-09 16:30:00,173.0,1881,170.77189950555433,0.9990555429339696
2021-07-09,2021-07-09 16:45:00,172.0,1881,171.7921063367482,0.9990555429339696
2021-07-09,2021-07-09 17:00:00,124.0,955,118.09804705132268,0.9914641162719262
2021-07-09,2021-07-09 17:15:00,120.0,955,115.50058894355183,0.9727373509929379
2021-07-09,2021-07-09 17:30:00,163.0,955,164.50587294321753,0.9987243397906304
2021-07-09,2021-07-09 17:45:00,165.0,955,169.8867120459105,0.9987243397906304
2021-07-09,2021-07-09 18:00:00,168.0,1186,168.44106167567543,0.9987243397906304
2021-07-09,2021-07-09 18:15:00,174.0,1186,158.04114382672452,0.9986654873431144
2021-07-09,2021-07-09 18:30:00,173.0,1186,147.8070462358428,0.9969644664032972
2021-07-09,2021-07-09 18:45:00,163.0,1186,148.83846751684638,0.9947334585569912
2021-07-09,2021-07-09 19:00:00,140.0,3718,137.10797516635833,0.9953452062449707
2021-07-09,2021-07-09 19:15:00,134.0,3718,136.53550898162086,0.9892958201382895
2021-07-09,2021-07-09 19:30:00,139.0,3718,136.3383228702792,0.9811484425307143
2021-07-09,2021-07-09 19:45:00,123.0,3718,115.30154824018429,0.9706089966066708
2021-07-09,2021-07-09 20:00:00,97.0,36,114.00056413160338,0.8889960740207195
2021-07-09,2021-07-09 20:15:00,101.0,36,119.68870468059808,0.9575836086486937
2021-07-09,2021-07-09 20:30:00,106.0,36,116.86433224213461,0.9632236215281327
2021-07-09,2021-07-09 20:45:00,111.0,36,114.89896489234577,0.956194022601584
2021-07-09,2021-07-09 21:00:00,106.0,3,117.80027987556669,0.9752229565395898
2021-07-09,2021-07-09 21:15:00,97.0,3,116.75789386859643,0.9848487638729752
2021-07-09,2021-07-09 21:30:00,101.0,3,115.58453719881564,0.9754307572530898
2021-07-09,2021-07-09 21:45:00,109.0,3,113.38861151722952,0.9550338722823534
2021-07-09,2021-07-09 22:00:00,91.0,45,113.97402275541259,0.9277683383046283
2021-07-09,2021-07-09 22:15:00,102.0,45,117.11825946531884,0.9363254622270034
2021-07-09,2021-07-09 22:30:00,111.0,45,123.56214951276412,0.9315713390777176
2021-07-09,2021-07-09 22:45:00,104.0,45,120.3607760362414,0.9388007987409724
2021-07-09,2021-07-09 23:00:00,93.0,0,113.36175262085501,0.8453671632831204
2021-07-09,2021-07-09 23:15:00,100.0,0,114.17097461364173,0.8350251060476974
2021-07-09,2021-07-09 23:30:00,106.0,0,102.03224308867328,0.8231010405838601
2021-07-09,2021-07-09 23:45:00,85.0,0,84.97655214851214,0.8344913257928077
2021-07-10,2021-07-10 00:00:00,70.0,0,76.0,0.38681211667443255
2021-07-10,2021-07-10 00:15:00,62.0,0,65.0,0.40431287111223263
2021-07-10,2021-07-10 00:30:00,64.0,0,64.0,0.4107591364055316
2021-07-10,2021-07-10 00:45:00,64.0,0,63.0,0.3698084718764285
2021-07-10,2021-07-10 01:00:00,89.0,6,101.4597117746659,0.9029733924818841
2021-07-10,2021-07-10 01:15:00,102.0,6,113.05910200526422,0.919598212121166
2021-07-10,2021-07-10 01:30:00,98.0,6,114.39081427404727,0.919598212121166
2021-07-10,2021-07-10 01:45:00,97.0,6,114.69509606077982,0.9312070007871721
2021-07-10,2021-07-10 02:00:00,100.0,41,113.4260339510202,0.893407115199196
2021-07-10,2021-07-10 02:15:00,97.0,41,111.3537599288985,0.9026745432591534
2021-07-10,2021-07-10 02:30:00,96.0,41,112.60951058163266,0.9148479071296574
2021-07-10,2021-07-10 02:45:00,94.0,41,112.8886007444583,0.9159457991327558
2021-07-10,2021-07-10 03:00:00,85.0,0,104.1043570509393,0.9202564702678544
2021-07-10,2021-07-10 03:15:00,96.0,0,113.95413445422002,0.941316926920468
2021-07-10,2021-07-10 03:30:00,100.0,0,115.8595555449561,0.9406945973331733
2021-07-10,2021-07-10 03:45:00,106.0,0,113.70435982092326,0.9049779432525271
2021-07-10,2021-07-10 04:00:00,106.0,30,113.61880963195847,0.9190150698438578
2021-07-10,2021-07-10 04:15:00,96.0,30,115.59051536296928,0.8903674516255248
2021-07-10,2021-07-10 04:30:00,99.0,30,114.05576276511867,0.9339329294460171
2021-07-10,2021-07-10 04:45:00,98.0,30,113.69871489211907,0.9332904370409215
2021-07-10,2021-07-10 05:00:00,83.0,0,101.44049132588569,0.8980361430621837
2021-07-10,2021-07-10 05:15:00,69.0,0,83.01740356604131,0.8695210721001099
2021-07-10,2021-07-10 05:30:00,84.0,0,105.06130671261722,0.8566129401428962
2021-07-10,2021-07-10 05:45:00,97.0,0,114.46673481929349,0.9081285449601161
2021-07-10,2021-07-10 06:00:00,103.0,120,116.48809154843255,0.9546382482941068
2021-07-10,2021-07-10 06:15:00,102.0,120,116.90755494026773,0.9500008386447482
2021-07-10,2021-07-10 06:30:00,104.0,120,112.74441729162358,0.9587975348136933
2021-07-10,2021-07-10 06:45:00,94.0,120,110.77068082123037,0.9497897936706542
2021-07-10,2021-07-10 07:00:00,105.0,290,104.07800164773917,0.9861280833490863
2021-07-10,2021-07-10 07:15:00,91.0,290,101.33746372319531,0.9862453732489056
2021-07-10,2021-07-10 07:30:00,69.0,290,85.9656216402494,0.982932010288386
2021-07-10,2021-07-10 07:45:00,34.0,290,60.69247200499042,0.7333862843447133
2021-07-10,2021-07-10 08:00:00,26.0,0,23.0,0.04281157927968176
2021-07-10,2021-07-10 08:15:00,27.0,0,22.0,0.03539032623661034
2021-07-10,2021-07-10 08:30:00,26.0,0,22.0,0.04227720942686412
2021-07-10,2021-07-10 08:45:00,26.0,0,22.0,0.041541725160968934
2021-07-10,2021-07-10 09:00:00,27.0,0,23.0,0.01079812906239312
2021-07-10,2021-07-10 09:15:00,27.0,0,27.0,0.013337134435282805
2021-07-10,2021-07-10 09:30:00,27.0,0,25.0,0.011498914894515787
2021-07-10,2021-07-10 09:45:00,26.0,0,23.0,0.008449466739146943
2021-07-10,2021-07-10 10:00:00,27.0,0,23.0,0.007161675147603461
2021-07-10,2021-07-10 10:15:00,32.0,0,23.0,0.006728655168277176
2021-07-10,2021-07-10 10:30:00,30.0,0,22.0,0.022632215418673544
2021-07-10,2021-07-10 10:45:00,29.0,0,22.0,0.023230072789967932
2021-07-10,2021-07-10 11:00:00,31.0,0,22.0,0.0073352814244210945
2021-07-10,2021-07-10 11:15:00,29.0,0,23.0,0.005273313108404962
2021-07-10,2021-07-10 11:30:00,29.0,0,22.0,0.005164079438767289
2021-07-10,2021-07-10 11:45:00,28.0,0,23.0,0.005164079438767289
2021-07-10,2021-07-10 12:00:00,26.0,0,22.0,0.003080044430482615
2021-07-10,2021-07-10 12:15:00,25.0,0,22.0,0.002813656009942635
2021-07-10,2021-07-10 12:30:00,26.0,0,27.0,0.005218882199133279
2021-07-10,2021-07-10 12:45:00,25.0,0,26.0,0.005023677320672303
2021-07-10,2021-07-10 13:00:00,27.0,0,22.0,0.003245968723181579
2021-07-10,2021-07-10 13:15:00,28.0,0,22.0,0.003594005029325151
2021-07-10,2021-07-10 13:30:00,23.0,0,22.0,0.01096139422681576
2021-07-10,2021-07-10 13:45:00,22.0,0,22.0,0.01084958299211826
2021-07-10,2021-07-10 14:00:00,23.0,0,22.0,0.003524086754303306
2021-07-10,2021-07-10 14:15:00,22.0,0,22.0,0.003544980499404347
2021-07-10,2021-07-10 14:30:00,22.0,0,22.0,0.0038834576603123507
2021-07-10,2021-07-10 14:45:00,23.0,0,23.0,0.0034530158893055175
2021-07-10,2021-07-10 15:00:00,24.0,0,21.0,0.0034969383636684636
2021-07-10,2021-07-10 15:15:00,23.0,0,22.0,0.004081704469414533
2021-07-10,2021-07-10 15:30:00,23.0,0,22.0,0.004150028341422571
2021-07-10,2021-07-10 15:45:00,25.0,0,25.0,0.007194854341262287
2021-07-10,2021-07-10 16:00:00,24.0,0,26.0,0.007477085207408358
2021-07-10,2021-07-10 16:15:00,27.0,0,22.0,0.004251172283182492
2021-07-10,2021-07-10 16:30:00,24.0,0,22.0,0.00487277973310715
2021-07-10,2021-07-10 16:45:00,22.0,0,22.0,0.004413061390606813
2021-07-10,2021-07-10 17:00:00,23.0,0,22.0,0.013719098239632153
2021-07-10,2021-07-10 17:15:00,23.0,0,22.0,0.01438957638327217
2021-07-10,2021-07-10 17:30:00,22.0,0,22.0,0.004052707784829495
2021-07-10,2021-07-10 17:45:00,22.0,0,22.0,0.004096276151785438
2021-07-10,2021-07-10 18:00:00,22.0,0,22.0,0.004096276151785438
2021-07-10,2021-07-10 18:15:00,22.0,0,23.0,0.0038536934144146923
2021-07-10,2021-07-10 18:30:00,22.0,0,21.0,0.004246059148409002
2021-07-10,2021-07-10 18:45:00,22.0,0,22.0,0.004259713543197098
2021-07-10,2021-07-10 19:00:00,22.0,0,26.0,0.00746157856975722
2021-07-10,2021-07-10 19:15:00,26.0,0,27.0,0.0076888826187146
2021-07-10,2021-07-10 19:30:00,26.0,0,22.0,0.004499036125941589
2021-07-10,2021-07-10 19:45:00,23.0,0,22.0,0.004424991905757326
2021-07-10,2021-07-10 20:00:00,21.0,0,23.0,0.00512244809383248
2021-07-10,2021-07-10 20:15:00,22.0,0,22.0,0.015244735300412786
2021-07-10,2021-07-10 20:30:00,23.0,0,22.0,0.005100401099663343
2021-07-10,2021-07-10 20:45:00,22.0,0,22.0,0.00527859495588142
2021-07-10,2021-07-10 21:00:00,23.0,0,23.0,0.004796292020883119
2021-07-10,2021-07-10 21:15:00,22.0,0,23.0,0.004960080747417262
2021-07-10,2021-07-10 21:30:00,22.0,0,23.0,0.0049894456413073374
2021-07-10,2021-07-10 21:45:00,22.0,0,22.0,0.0048324381985235575
2021-07-10,2021-07-10 22:00:00,23.0,0,23.0,0.003902526055779569
2021-07-10,2021-07-10 22:15:00,26.0,0,24.0,0.003879735175298273
2021-07-10,2021-07-10 22:30:00,26.0,0,27.0,0.004526228398095329
2021-07-10,2021-07-10 22:45:00,23.0,0,23.0,0.0033291238282230178
2021-07-10,2021-07-10 23:00:00,22.0,0,23.0,0.002561634591260026
2021-07-10,2021-07-10 23:15:00,22.0,0,22.0,0.0022090134159130073
2021-07-10,2021-07-10 23:30:00,22.0,0,22.0,0.006592372943618058
2021-07-10,2021-07-10 23:45:00,23.0,0,22.0,0.006942416363136366
2021-07-11,2021-07-11 00:00:00,22.0,0,22.0,0.0005502648593948766
2021-07-11,2021-07-11 00:15:00,22.0,0,23.0,0.000504968743784149
2021-07-11,2021-07-11 00:30:00,23.0,0,22.0,0.000504968743784149
2021-07-11,2021-07-11 00:45:00,23.0,0,22.0,0.000504968743784149
2021-07-11,2021-07-11 01:00:00,23.0,0,22.0,0.0005798567115008319
2021-07-11,2021-07-11 01:15:00,26.0,0,22.0,0.0005570369763586887
2021-07-11,2021-07-11 01:30:00,27.0,0,27.0,0.0005662044376359299
2021-07-11,2021-07-11 01:45:00,26.0,0,27.0,0.0005662044376359299
2021-07-11,2021-07-11 02:00:00,23.0,0,24.0,0.0006287501644271104
2021-07-11,2021-07-11 02:15:00,23.0,0,23.0,0.0006597028611137776
2021-07-11,2021-07-11 02:30:00,22.0,0,23.0,0.0007061456623912276
2021-07-11,2021-07-11 02:45:00,22.0,0,22.0,0.0006856314137321149
2021-07-11,2021-07-11 03:00:00,24.0,0,22.0,0.0009812695794148515
2021-07-11,2021-07-11 03:15:00,22.0,0,23.0,0.0007327248020362852
2021-07-11,2021-07-11 03:30:00,23.0,0,23.0,0.0007244972882194481
2021-07-11,2021-07-11 03:45:00,23.0,0,22.0,0.0007418144691340592
2021-07-11,2021-07-11 04:00:00,23.0,0,23.0,0.0009720834589113058
2021-07-11,2021-07-11 04:15:00,22.0,0,23.0,0.0010242429222710521
2021-07-11,2021-07-11 04:30:00,24.0,0,22.0,0.0010242429222710521
2021-07-11,2021-07-11 04:45:00,23.0,0,22.0,0.0010242429222710521
2021-07-11,2021-07-11 05:00:00,27.0,0,23.0,0.0010396650023845155
2021-07-11,2021-07-11 05:15:00,24.0,0,27.0,0.0012589441322197867
2021-07-11,2021-07-11 05:30:00,22.0,0,23.0,0.0010200278327232538
2021-07-11,2021-07-11 05:45:00,21.0,0,23.0,0.0010316079767338057
2021-07-11,2021-07-11 06:00:00,22.0,0,22.0,0.0011482417937681935
2021-07-11,2021-07-11 06:15:00,22.0,0,22.0,0.0009782311423397882
2021-07-11,2021-07-11 06:30:00,22.0,0,23.0,0.0009672495909706346
2021-07-11,2021-07-11 06:45:00,22.0,0,22.0,0.0009918743063015057
2021-07-11,2021-07-11 07:00:00,22.0,0,21.0,0.000959622820779042
2021-07-11,2021-07-11 07:15:00,22.0,0,22.0,0.0010312571656458864
2021-07-11,2021-07-11 07:30:00,22.0,0,23.0,0.0009255137864711089
2021-07-11,2021-07-11 07:45:00,22.0,0,22.0,0.0009255137864711089
2021-07-11,2021-07-11 08:00:00,22.0,0,24.0,0.0007316027939646484
2021-07-11,2021-07-11 08:15:00,27.0,0,28.0,0.0009058674053468647
2021-07-11,2021-07-11 08:30:00,24.0,0,24.0,0.0006101485197251384
2021-07-11,2021-07-11 08:45:00,22.0,0,21.0,0.0006268096982935017
2021-07-11,2021-07-11 09:00:00,22.0,0,22.0,0.0005163524432075814
2021-07-11,2021-07-11 09:15:00,22.0,0,22.0,0.00036651412144365696
2021-07-11,2021-07-11 09:30:00,22.0,0,22.0,0.0003909593944283501
2021-07-11,2021-07-11 09:45:00,22.0,0,22.0,0.0003523329496827059
2021-07-11,2021-07-11 10:00:00,23.0,0,22.0,0.0003523329496827059
2021-07-11,2021-07-11 10:15:00,22.0,0,23.0,0.0004027782402199745
2021-07-11,2021-07-11 10:30:00,23.0,0,23.0,0.00036703844709821433
2021-07-11,2021-07-11 10:45:00,22.0,0,23.0,0.0003954704162535303
2021-07-11,2021-07-11 11:00:00,22.0,0,24.0,0.0003504283182757511
2021-07-11,2021-07-11 11:15:00,26.0,0,26.0,0.0003994869123864662
2021-07-11,2021-07-11 11:30:00,28.0,0,28.0,0.0006063170439559767
2021-07-11,2021-07-11 11:45:00,23.0,0,25.0,0.00040782974254808467
2021-07-11,2021-07-11 12:00:00,23.0,0,24.0,0.0005048264300999387
2021-07-11,2021-07-11 12:15:00,23.0,0,23.0,0.0006594161738290704
2021-07-11,2021-07-11 12:30:00,24.0,0,23.0,0.00039852822317196977
2021-07-11,2021-07-11 12:45:00,22.0,0,23.0,0.00040305547021637846
2021-07-11,2021-07-11 13:00:00,24.0,0,23.0,0.0003629534258018569
2021-07-11,2021-07-11 13:15:00,24.0,0,24.0,0.00039282282945101555
2021-07-11,2021-07-11 13:30:00,23.0,0,23.0,0.0003968822869242988
2021-07-11,2021-07-11 13:45:00,23.0,0,23.0,0.0003683488500750494
2021-07-11,2021-07-11 14:00:00,24.0,0,23.0,0.00034531684403937233
2021-07-11,2021-07-11 14:15:00,24.0,0,23.0,0.0003968822869242988
2021-07-11,2021-07-11 14:30:00,28.0,0,23.0,0.00040126579572505983
2021-07-11,2021-07-11 14:45:00,27.0,0,27.0,0.0004607051160916761
2021-07-11,2021-07-11 15:00:00,24.0,0,27.0,0.00038440114434998247
2021-07-11,2021-07-11 15:15:00,24.0,0,23.0,0.0005509063063016353
2021-07-11,2021-07-11 15:30:00,24.0,0,23.0,0.0005289137945851644
2021-07-11,2021-07-11 15:45:00,24.0,0,23.0,0.00039336001758717633
2021-07-11,2021-07-11 16:00:00,24.0,0,23.0,0.00039336001758717633
2021-07-11,2021-07-11 16:15:00,24.0,0,23.0,0.00036091681466310284
2021-07-11,2021-07-11 16:30:00,24.0,0,23.0,0.00039336001758717633
2021-07-11,2021-07-11 16:45:00,26.0,0,25.0,0.0004038556476338536
2021-07-11,2021-07-11 17:00:00,23.0,0,22.0,0.000406330756875408
2021-07-11,2021-07-11 17:15:00,23.0,0,22.0,0.000406330756875408
2021-07-11,2021-07-11 17:30:00,23.0,0,22.0,0.0003744226785097013
2021-07-11,2021-07-11 17:45:00,26.0,0,22.0,0.0003744226785097013
2021-07-11,2021-07-11 18:00:00,26.0,0,25.0,0.00039852127470191913
2021-07-11,2021-07-11 18:15:00,23.0,0,27.0,0.0004357520509052108
2021-07-11,2021-07-11 18:30:00,22.0,0,23.0,0.00040971715140575326
2021-07-11,2021-07-11 18:45:00,22.0,0,23.0,0.0004980865363031657
2021-07-11,2021-07-11 19:00:00,22.0,0,23.0,0.0003960152446758546
2021-07-11,2021-07-11 19:15:00,23.0,0,22.0,0.0003960152446758546
2021-07-11,2021-07-11 19:30:00,22.0,0,22.0,0.00041512952335209135
2021-07-11,2021-07-11 19:45:00,22.0,0,23.0,0.00042925845704033496
2021-07-11,2021-07-11 20:00:00,23.0,0,22.0,0.0007628575140374136
2021-07-11,2021-07-11 20:15:00,23.0,0,23.0,0.0007021920596782721
2021-07-11,2021-07-11 20:30:00,22.0,0,22.0,0.0007069760192552726
2021-07-11,2021-07-11 20:45:00,23.0,0,22.0,0.0007157464939069479
2021-07-11,2021-07-11 21:00:00,26.0,0,24.0,0.0005349160781156867
2021-07-11,2021-07-11 21:15:00,28.0,0,24.0,0.0005411656894918124
2021-07-11,2021-07-11 21:30:00,24.0,0,28.0,0.000758709386003519
2021-07-11,2021-07-11 21:45:00,23.0,0,25.0,0.0005708229121802489
2021-07-11,2021-07-11 22:00:00,23.0,0,23.0,0.0007890738759989104
2021-07-11,2021-07-11 22:15:00,22.0,0,24.0,0.0006753817488316382
2021-07-11,2021-07-11 22:30:00,24.0,0,23.0,0.0004970305241162017
2021-07-11,2021-07-11 22:45:00,23.0,0,23.0,0.0004909387918278097
2021-07-11,2021-07-11 23:00:00,23.0,0,23.0,0.0004910289971931854
2021-07-11,2021-07-11 23:15:00,22.0,0,23.0,0.00048305178780569456
2021-07-11,2021-07-11 23:30:00,22.0,0,22.0,0.00048305178780569456
2021-07-11,2021-07-11 23:45:00,23.0,0,22.0,0.0004977838558011951
2021-07-12,2021-07-12 00:00:00,23.0,0,23.0,0.0025594738460543143
2021-07-12,2021-07-12 00:15:00,26.0,0,23.0,0.003811861812262571
2021-07-12,2021-07-12 00:30:00,26.0,0,27.0,0.0069007452224677385
2021-07-12,2021-07-12 00:45:00,23.0,0,28.0,0.007361527186733736
2021-07-12,2021-07-12 01:00:00,23.0,0,23.0,0.0023860450613154382
2021-07-12,2021-07-12 01:15:00,23.0,0,23.0,0.0022027109970281958
2021-07-12,2021-07-12 01:30:00,23.0,0,23.0,0.002861140476997186
2021-07-12,2021-07-12 01:45:00,22.0,0,22.0,0.00232766688264958
2021-07-12,2021-07-12 02:00:00,23.0,0,23.0,0.002875652366681202
2021-07-12,2021-07-12 02:15:00,22.0,0,23.0,0.0029055910702228045
2021-07-12,2021-07-12 02:30:00,23.0,0,22.0,0.0029351656103854
2021-07-12,2021-07-12 02:45:00,22.0,0,23.0,0.0030650939313044637
2021-07-12,2021-07-12 03:00:00,22.0,0,23.0,0.004339788171263801
2021-07-12,2021-07-12 03:15:00,23.0,0,23.0,0.004359050524408221
2021-07-12,2021-07-12 03:30:00,24.0,0,23.0,0.0037055497831566643
2021-07-12,2021-07-12 03:45:00,27.0,0,25.0,0.006722189674857461
2021-07-12,2021-07-12 04:00:00,23.0,0,27.0,0.006815007440925587
2021-07-12,2021-07-12 04:15:00,21.0,0,23.0,0.0039058487080469192
2021-07-12,2021-07-12 04:30:00,22.0,0,23.0,0.0033986876129878133
2021-07-12,2021-07-12 04:45:00,22.0,0,22.0,0.0044634493141066395
2021-07-12,2021-07-12 05:00:00,23.0,0,23.0,0.00651073496013727
2021-07-12,2021-07-12 05:15:00,23.0,0,23.0,0.010757060297691013
2021-07-12,2021-07-12 05:30:00,23.0,0,22.0,0.006156441674550113
2021-07-12,2021-07-12 05:45:00,23.0,0,22.0,0.003477261634618912
2021-07-12,2021-07-12 06:00:00,23.0,0,23.0,0.004113305648014354
2021-07-12,2021-07-12 06:15:00,23.0,0,22.0,0.004113305648014354
2021-07-12,2021-07-12 06:30:00,23.0,0,21.0,0.003834978186236162
2021-07-12,2021-07-12 06:45:00,25.0,0,23.0,0.005674822328723982
2021-07-12,2021-07-12 07:00:00,31.0,0,33.0,0.06197149093789516
2021-07-12,2021-07-12 07:15:00,40.0,0,46.0,0.07122534918759045
2021-07-12,2021-07-12 07:30:00,66.0,0,69.0,0.06153089488351281
2021-07-12,2021-07-12 07:45:00,123.0,0,104.0,0.12200709131061395
2021-07-12,2021-07-12 08:00:00,153.0,522,152.26127551911185,0.9956684855378388
2021-07-12,2021-07-12 08:15:00,196.0,522,176.28851226448447,0.9980618927785305
2021-07-12,2021-07-12 08:30:00,198.0,522,187.28267037717646,0.9980618927785305
2021-07-12,2021-07-12 08:45:00,195.0,522,187.02710349690759,0.9980618927785305
2021-07-12,2021-07-12 09:00:00,195.0,498,179.08921046029616,0.9981612037922868
2021-07-12,2021-07-12 09:15:00,192.0,498,177.7149827525333,0.9981451826918966
2021-07-12,2021-07-12 09:30:00,187.0,498,170.09341827690147,0.9981451826918966
2021-07-12,2021-07-12 09:45:00,191.0,498,170.7626790756579,0.9981587847616736
2021-07-12,2021-07-12 10:00:00,149.0,1883,150.59407240144307,0.9948656119895138
2021-07-12,2021-07-12 10:15:00,180.0,1883,177.10562889244878,0.9931090469669664
2021-07-12,2021-07-12 10:30:00,183.0,1883,176.02912171075295,0.9931090469669664
2021-07-12,2021-07-12 10:45:00,186.0,1883,171.09249938760723,0.9942819702482336
2021-07-12,2021-07-12 11:00:00,188.0,1127,174.66173695579644,0.9931090469669664
2021-07-12,2021-07-12 11:15:00,187.0,1127,174.947015015756,0.9916048034969559
2021-07-12,2021-07-12 11:30:00,187.0,1127,182.28108526113346,0.9916048034969559
2021-07-12,2021-07-12 11:45:00,180.0,1127,178.2513381049982,0.9960956086939006
2021-07-12,2021-07-12 12:00:00,134.0,194,122.83942899287031,0.9549768756833538
2021-07-12,2021-07-12 12:15:00,115.0,194,107.3858394564003,0.9031474657278407
2021-07-12,2021-07-12 12:30:00,107.0,194,106.50928451006482,0.8891586886715364
2021-07-12,2021-07-12 12:45:00,103.0,194,128.8108721782714,0.9424095396748149
2021-07-12,2021-07-12 13:00:00,146.0,676,165.5896851187874,0.9983329957916827
2021-07-12,2021-07-12 13:15:00,169.0,676,181.99842698834198,0.9978914944640397
2021-07-12,2021-07-12 13:30:00,178.0,676,180.14231349886674,0.9988601750731158
2021-07-12,2021-07-12 13:45:00,174.0,676,182.24352393665148,0.998863197833075
2021-07-12,2021-07-12 14:00:00,177.0,5121,174.98146514541202,0.9988601750731158
2021-07-12,2021-07-12 14:15:00,184.0,5121,169.55087098099665,0.9991032063726522
2021-07-12,2021-07-12 14:30:00,185.0,5121,174.20267579936404,0.9991032063726522
2021-07-12,2021-07-12 14:45:00,190.0,5121,180.6450149493433,0.9991008212215386
2021-07-12,2021-07-12 15:00:00,143.0,1018,160.96904048350902,0.9988786715799384
2021-07-12,2021-07-12 15:15:00,143.0,1018,173.70953329842945,0.998397395179171
2021-07-12,2021-07-12 15:30:00,182.0,1018,180.85879560533346,0.9985658867766501
2021-07-12,2021-07-12 15:45:00,188.0,1018,180.44951639078576,0.99813377640727
2021-07-12,2021-07-12 16:00:00,177.0,1233,167.6779189935184,0.9983466201250787
2021-07-12,2021-07-12 16:15:00,164.0,1233,166.86160603598015,0.9988396108027426
2021-07-12,2021-07-12 16:30:00,177.0,1233,166.73706146779,0.9989581184032387
2021-07-12,2021-07-12 16:45:00,177.0,1233,167.63281720267616,0.9991581208050004
2021-07-12,2021-07-12 17:00:00,125.0,509,131.47284824864994,0.9974694836400072
2021-07-12,2021-07-12 17:15:00,105.0,509,118.7540051536218,0.9957681143836573
2021-07-12,2021-07-12 17:30:00,147.0,509,155.7210310587764,0.9985426798103224
2021-07-12,2021-07-12 17:45:00,173.0,509,170.89950413603614,0.9989363418307674
2021-07-12,2021-07-12 18:00:00,164.0,1047,175.69506460486346,0.9990045380275072
2021-07-12,2021-07-12 18:15:00,153.0,1047,176.09649260886195,0.9990103147556267
2021-07-12,2021-07-12 18:30:00,162.0,1047,166.28998902221363,0.9989352735201811
2021-07-12,2021-07-12 18:45:00,149.0,1047,166.45099068234873,0.9989352735201811
2021-07-12,2021-07-12 19:00:00,158.0,2885,162.19675525376314,0.9988749753609512
2021-07-12,2021-07-12 19:15:00,175.0,2885,161.37201753174313,0.9986534585791323
2021-07-12,2021-07-12 19:30:00,165.0,2885,160.41246741940031,0.9986534585791323
2021-07-12,2021-07-12 19:45:00,129.0,2885,120.62030881173374,0.9917813121336996
2021-07-12,2021-07-12 20:00:00,117.0,6,113.98081971739062,0.9791038975190627
2021-07-12,2021-07-12 20:15:00,119.0,6,114.75509444942347,0.9769065923457076
2021-07-12,2021-07-12 20:30:00,136.0,6,121.77189936356565,0.9736580367822238
2021-07-12,2021-07-12 20:45:00,127.0,6,123.44136991048023,0.9778846598870151
2021-07-12,2021-07-12 21:00:00,119.0,217,122.3895246002227,0.9904193146379567
2021-07-12,2021-07-12 21:15:00,133.0,217,119.47484206503364,0.9897007159003586
2021-07-12,2021-07-12 21:30:00,120.0,217,117.93475054412531,0.9865385661536799
2021-07-12,2021-07-12 21:45:00,106.0,217,114.15356406954992,0.990732914469275
2021-07-12,2021-07-12 22:00:00,104.0,28,105.30013807745448,0.9728898469710507
2021-07-12,2021-07-12 22:15:00,120.0,28,107.27691132915194,0.9571516061753117
2021-07-12,2021-07-12 22:30:00,125.0,28,111.64886304627696,0.9753428756410011
2021-07-12,2021-07-12 22:45:00,113.0,28,115.37748211962295,0.9804455045348325
2021-07-12,2021-07-12 23:00:00,112.0,79,117.58198637028339,0.9789743300661583
2021-07-12,2021-07-12 23:15:00,115.0,79,111.28510307229514,0.9854989694669892
2021-07-12,2021-07-12 23:30:00,105.0,79,106.94837618255141,0.9774971921908283
2021-07-12,2021-07-12 23:45:00,79.0,79,76.77170351465466,0.9750544895665519
2021-07-14,2021-07-14 00:00:00,75.0,327,89.0,0.33475346260219546
2021-07-14,2021-07-14 00:15:00,71.0,327,72.0,0.30196770449694715
2021-07-14,2021-07-14 00:30:00,73.0,327,71.0,0.31088734648330235
2021-07-14,2021-07-14 00:45:00,72.0,327,70.0,0.4403844471564632
2021-07-14,2021-07-14 01:00:00,90.0,166,78.09053551607776,0.684021802334824
2021-07-14,2021-07-14 01:15:00,112.0,166,88.41757556269985,0.7095683638147843
2021-07-14,2021-07-14 01:30:00,107.0,166,93.94383733180103,0.7070534330378936
2021-07-14,2021-07-14 01:45:00,99.0,166,93.89717136238654,0.7346244339411464
2021-07-14,2021-07-14 02:00:00,109.0,354,94.30092807670539,0.7524701531838702
2021-07-14,2021-07-14 02:15:00,108.0,354,93.81014935566598,0.7610077342758323
2021-07-14,2021-07-14 02:30:00,107.0,354,92.3972485959739,0.7552480274940205
2021-07-14,2021-07-14 02:45:00,97.0,354,91.39724700654867,0.7867824679932671
2021-07-14,2021-07-14 03:00:00,86.0,111,90.4960505642277,0.807774281936898
2021-07-14,2021-07-14 03:15:00,100.0,111,94.23339042576569,0.7558813421413049
2021-07-14,2021-07-14 03:30:00,114.0,111,95.0894116602174,0.6894684598633082
2021-07-14,2021-07-14 03:45:00,109.0,111,94.39953837260069,0.673132223194672
2021-07-14,2021-07-14 04:00:00,106.0,66,94.14255016851394,0.7722269920068762
2021-07-14,2021-07-14 04:15:00,107.0,66,93.81649614709859,0.8310929699510531
2021-07-14,2021-07-14 04:30:00,105.0,66,92.51733186684729,0.8038553870953564
2021-07-14,2021-07-14 04:45:00,103.0,66,92.21517100560483,0.8004385687385281
2021-07-14,2021-07-14 05:00:00,81.0,0,86.65239695530089,0.7601219810482355
2021-07-14,2021-07-14 05:15:00,73.0,0,73.86923102737919,0.719701535818398
2021-07-14,2021-07-14 05:30:00,88.0,0,89.55276507953761,0.7207638530906989
2021-07-14,2021-07-14 05:45:00,115.0,0,94.09254462104805,0.7348935627941974
2021-07-14,2021-07-14 06:00:00,112.0,45,95.11772630893026,0.7958412725081445
2021-07-14,2021-07-14 06:15:00,100.0,45,94.7934132265674,0.7782261688277942
2021-07-14,2021-07-14 06:30:00,100.0,45,94.75172196557811,0.7977992410115691
2021-07-14,2021-07-14 06:45:00,110.0,45,95.28766551870595,0.7415878775522533
2021-07-14,2021-07-14 07:00:00,111.0,582,95.90899232174132,0.6882695081371245
2021-07-14,2021-07-14 07:15:00,126.0,582,99.19546365974902,0.6858843475079897
2021-07-14,2021-07-14 07:30:00,154.0,582,125.20970220784277,0.8482957649939472
2021-07-14,2021-07-14 07:45:00,137.0,582,129.45483054179468,0.8548300610374563
2021-07-14,2021-07-14 08:00:00,157.0,530,167.60791675889422,0.9969195039125537
2021-07-14,2021-07-14 08:15:00,186.0,530,185.25659236820334,0.9974416053343467
2021-07-14,2021-07-14 08:30:00,186.0,530,190.3844710790914,0.9974416053343467
2021-07-14,2021-07-14 08:45:00,186.0,530,193.47720520943477,0.9974416053343467
2021-07-14,2021-07-14 09:00:00,177.0,1304,183.54342820282406,0.9973380304717203
2021-07-14,2021-07-14 09:15:00,180.0,1304,182.96109713959072,0.9976825084858266
2021-07-14,2021-07-14 09:30:00,195.0,1304,177.24103534472158,0.9976825084858266
2021-07-14,2021-07-14 09:45:00,188.0,1304,177.0671849387717,0.9976825084858266
2021-07-14,2021-07-14 10:00:00,158.0,1851,150.60788388781097,0.9897942181796779
2021-07-14,2021-07-14 10:15:00,182.0,1851,177.69263783718654,0.9977331797686357
2021-07-14,2021-07-14 10:30:00,185.0,1851,182.0091375347059,0.9979822251800107
2021-07-14,2021-07-14 10:45:00,173.0,1851,182.49460857413314,0.9979822251800107
2021-07-14,2021-07-14 11:00:00,182.0,1796,178.53652131455038,0.9980237691095394
2021-07-14,2021-07-14 11:15:00,193.0,1796,176.28504785468502,0.9842249530831437
2021-07-14,2021-07-14 11:30:00,189.0,1796,178.42877427686096,0.9846529747409789
2021-07-14,2021-07-14 11:45:00,177.0,1796,180.9079712339795,0.9963057424696189
2021-07-14,2021-07-14 12:00:00,110.0,88,108.00409046640604,0.8083743500851793
2021-07-14,2021-07-14 12:15:00,94.0,88,91.81918886167183,0.7281315163591672
2021-07-14,2021-07-14 12:30:00,96.0,88,90.30884928881633,0.7167187268769918
2021-07-14,2021-07-14 12:45:00,97.0,88,99.38540908764374,0.7622133211312564
2021-07-14,2021-07-14 13:00:00,143.0,1564,158.83163686706618,0.9923465524680184
2021-07-14,2021-07-14 13:15:00,179.0,1564,180.4898550940343,0.9980878219083351
2021-07-14,2021-07-14 13:30:00,168.0,1564,181.0039542046865,0.9982214417373793
2021-07-14,2021-07-14 13:45:00,173.0,1564,183.70660332444146,0.9982189719271507
2021-07-14,2021-07-14 14:00:00,186.0,1154,179.60061298414846,0.9982189719271507
2021-07-14,2021-07-14 14:15:00,176.0,1154,178.21520367411387,0.99827895397623
2021-07-14,2021-07-14 14:30:00,170.0,1154,178.60975055761207,0.998330558484507
2021-07-14,2021-07-14 14:45:00,179.0,1154,178.4778023354552,0.998330558484507
2021-07-14,2021-07-14 15:00:00,141.0,587,147.01134025195714,0.9934338257553091
2021-07-14,2021-07-14 15:15:00,123.0,587,161.91342667687005,0.9964903845259552
2021-07-14,2021-07-14 15:30:00,136.0,587,180.2593661799176,0.9979939980152137
2021-07-14,2021-07-14 15:45:00,136.0,587,177.50610584064228,0.9979939980152137
2021-07-14,2021-07-14 16:00:00,155.0,1732,171.14158229483786,0.9979939980152137
2021-07-14,2021-07-14 16:15:00,150.0,1732,168.47474302998185,0.9985422865863737
2021-07-14,2021-07-14 16:30:00,156.0,1732,168.36122764646785,0.9985422865863737
2021-07-14,2021-07-14 16:45:00,156.0,1732,169.27756955711516,0.9985422865863737
2021-07-14,2021-07-14 17:00:00,125.0,2473,110.88908704592723,0.993878332240676
2021-07-14,2021-07-14 17:15:00,110.0,2473,126.13567079890255,0.989923620874819
2021-07-14,2021-07-14 17:30:00,145.0,2473,165.4088771082016,0.9985796836943059
2021-07-14,2021-07-14 17:45:00,179.0,2473,168.74485154432233,0.9986980492744532
2021-07-14,2021-07-14 18:00:00,169.0,283,166.30304406653488,0.9986980492744532
2021-07-14,2021-07-14 18:15:00,164.0,283,165.8913458692549,0.9986156290958071
2021-07-14,2021-07-14 18:30:00,163.0,283,167.4753289024253,0.9986473767270027
2021-07-14,2021-07-14 18:45:00,163.0,283,166.58868255420666,0.9985617533350943
2021-07-14,2021-07-14 19:00:00,148.0,1793,166.31577951259518,0.9985617533350943
2021-07-14,2021-07-14 19:15:00,148.0,1793,163.97962263924512,0.9986473767270027
2021-07-14,2021-07-14 19:30:00,142.0,1793,158.11171836134764,0.9974207102862591
2021-07-14,2021-07-14 19:45:00,114.0,1793,115.85994437492684,0.9787204130164291
2021-07-14,2021-07-14 20:00:00,110.0,268,103.29533383119849,0.9241016317511558
2021-07-14,2021-07-14 20:15:00,120.0,268,107.48317857557153,0.9354697324225405
2021-07-14,2021-07-14 20:30:00,111.0,268,115.70951291861552,0.9587739742594957
2021-07-14,2021-07-14 20:45:00,106.0,268,112.39433635785846,0.9646704948346713
2021-07-14,2021-07-14 21:00:00,113.0,58,107.29615782178463,0.9618782758092967
2021-07-14,2021-07-14 21:15:00,110.0,58,113.91804598341758,0.9648937328371674
2021-07-14,2021-07-14 21:30:00,112.0,58,106.55977686377842,0.9655092616144064
2021-07-14,2021-07-14 21:45:00,111.0,58,103.228243461282,0.930349652765225
2021-07-14,2021-07-14 22:00:00,101.0,51,87.77750502326147,0.905710595082905
2021-07-14,2021-07-14 22:15:00,115.0,51,101.92500229903203,0.9187078594096351
2021-07-14,2021-07-14 22:30:00,113.0,51,105.05218329530908,0.9633532983661616
2021-07-14,2021-07-14 22:45:00,112.0,51,103.46522758453823,0.9280567505427437
2021-07-14,2021-07-14 23:00:00,109.0,70,102.50251128981799,0.9114463139752524
2021-07-14,2021-07-14 23:15:00,112.0,70,102.4599948827067,0.9198499902251094
2021-07-14,2021-07-14 23:30:00,112.0,70,92.35424442607241,0.8738900914995041
2021-07-14,2021-07-14 23:45:00,83.0,70,83.91769735226259,0.8471159853857522
2021-07-16,2021-07-16 00:00:00,67.0,36,78.0,0.19086946374291552
2021-07-16,2021-07-16 00:15:00,65.0,36,72.0,0.20075442546746108
2021-07-16,2021-07-16 00:30:00,64.0,36,72.0,0.2021276273705712
2021-07-16,2021-07-16 00:45:00,65.0,36,71.0,0.19815400115790024
2021-07-16,2021-07-16 01:00:00,95.0,74,89.40411093909691,0.6153445580674247
2021-07-16,2021-07-16 01:15:00,96.0,74,94.58609271575604,0.6018298766994582
2021-07-16,2021-07-16 01:30:00,100.0,74,95.54731828371465,0.6103375117651932
2021-07-16,2021-07-16 01:45:00,92.0,74,94.79573790875487,0.6605963616475088
2021-07-16,2021-07-16 02:00:00,99.0,37,94.74058083955488,0.6120008671047674
2021-07-16,2021-07-16 02:15:00,103.0,37,95.60218482560535,0.587523313519161
2021-07-16,2021-07-16 02:30:00,101.0,37,94.65869422058469,0.5995782684321673
2021-07-16,2021-07-16 02:45:00,102.0,37,93.81567762201011,0.5776086348814987
2021-07-16,2021-07-16 03:00:00,98.0,175,86.0,0.42573161915214414
2021-07-16,2021-07-16 03:15:00,114.0,175,101.0,0.363815830739629
2021-07-16,2021-07-16 03:30:00,106.0,175,98.0,0.36431798438747165
2021-07-16,2021-07-16 03:45:00,108.0,175,109.0,0.33610471518966445
2021-07-16,2021-07-16 04:00:00,109.0,211,105.0,0.2668794716689473
2021-07-16,2021-07-16 04:15:00,106.0,211,105.0,0.2893242612316227
2021-07-16,2021-07-16 04:30:00,105.0,211,106.0,0.2927897555249161
2021-07-16,2021-07-16 04:45:00,102.0,211,99.0,0.31054949300007423
2021-07-16,2021-07-16 05:00:00,80.0,92,99.0,0.3572549138899291
2021-07-16,2021-07-16 05:15:00,74.0,92,85.0,0.3370594537024438
2021-07-16,2021-07-16 05:30:00,89.0,92,104.0,0.2916713300755661
2021-07-16,2021-07-16 05:45:00,107.0,92,105.0,0.2633524011592144
2021-07-16,2021-07-16 06:00:00,108.0,304,109.0,0.38225354017632596
2021-07-16,2021-07-16 06:15:00,109.0,304,109.0,0.4234639625875377
2021-07-16,2021-07-16 06:30:00,98.0,304,125.0,0.37107094077197283
2021-07-16,2021-07-16 06:45:00,109.0,304,110.0,0.33275485850459635
2021-07-16,2021-07-16 07:00:00,107.0,563,95.93319783763681,0.5829988965344495
2021-07-16,2021-07-16 07:15:00,120.0,563,101.71008805556166,0.8359889956854613
2021-07-16,2021-07-16 07:30:00,157.0,563,127.80151007835052,0.8859633682130404
2021-07-16,2021-07-16 07:45:00,157.0,563,133.99557622037963,0.8856384056629554
2021-07-16,2021-07-16 08:00:00,177.0,555,145.87695454228728,0.9946278622838914
2021-07-16,2021-07-16 08:15:00,193.0,555,169.80978376851638,0.998263838977349
2021-07-16,2021-07-16 08:30:00,194.0,555,171.5472967113455,0.9982953208905663
2021-07-16,2021-07-16 08:45:00,182.0,555,171.14462178948247,0.9982953208905663
2021-07-16,2021-07-16 09:00:00,190.0,1863,169.06836904465956,0.9983964872862006
2021-07-16,2021-07-16 09:15:00,173.0,1863,166.6578594328728,0.9986002641545787
2021-07-16,2021-07-16 09:30:00,188.0,1863,166.89189885722917,0.9986002641545787
2021-07-16,2021-07-16 09:45:00,189.0,1863,166.8277551623697,0.9986002641545787
2021-07-16,2021-07-16 10:00:00,130.0,4118,132.78586787885519,0.9918472837144086
2021-07-16,2021-07-16 10:15:00,171.0,4118,166.71116183638378,0.9986308965115622
2021-07-16,2021-07-16 10:30:00,187.0,4118,170.65843424397826,0.9987496831402143
2021-07-16,2021-07-16 10:45:00,187.0,4118,168.3488768348684,0.9987496831402143
2021-07-16,2021-07-16 11:00:00,177.0,1964,171.2383319529134,0.9988063229144234
2021-07-16,2021-07-16 11:15:00,182.0,1964,171.27067714870242,0.9985238224064844
2021-07-16,2021-07-16 11:30:00,194.0,1964,171.74306870710464,0.9985236545214077
2021-07-16,2021-07-16 11:45:00,197.0,1964,169.547750494573,0.9985647775400831
2021-07-16,2021-07-16 12:00:00,128.0,248,98.09784806645484,0.9220681366456783
2021-07-16,2021-07-16 12:15:00,108.0,248,93.49634364645125,0.913233122115361
2021-07-16,2021-07-16 12:30:00,110.0,248,93.5481880082473,0.9148923490150205
2021-07-16,2021-07-16 12:45:00,119.0,248,106.05792984783395,0.9160127508684222
2021-07-16,2021-07-16 13:00:00,154.0,2135,159.80273473415681,0.9984362262125932
2021-07-16,2021-07-16 13:15:00,176.0,2135,170.98585635208343,0.9987324551017619
2021-07-16,2021-07-16 13:30:00,177.0,2135,170.50907570922487,0.9987751197032766
2021-07-16,2021-07-16 13:45:00,181.0,2135,169.7396817246211,0.9988107520703202
2021-07-16,2021-07-16 14:00:00,161.0,2010,166.7101524611937,0.9988107520703202
2021-07-16,2021-07-16 14:15:00,147.0,2010,165.08810375118287,0.9990755196051648
2021-07-16,2021-07-16 14:30:00,173.0,2010,166.18343613353542,0.9991032610372754
2021-07-16,2021-07-16 14:45:00,181.0,2010,168.9184047274444,0.9991032610372754
2021-07-16,2021-07-16 15:00:00,134.0,1731,148.42621181815866,0.9970212362538154
2021-07-16,2021-07-16 15:15:00,133.0,1731,138.9622340574862,0.9961978433097287
2021-07-16,2021-07-16 15:30:00,189.0,1731,154.28733246628929,0.996855889652031
2021-07-16,2021-07-16 15:45:00,176.0,1731,162.44784641707497,0.9987613124098477
2021-07-16,2021-07-16 16:00:00,178.0,2823,156.4838016001531,0.9988795080315968
2021-07-16,2021-07-16 16:15:00,176.0,2823,152.12808740922458,0.9991891409427833
2021-07-16,2021-07-16 16:30:00,149.0,2823,154.17243874390343,0.9991258974084454
2021-07-16,2021-07-16 16:45:00,156.0,2823,154.3911732609136,0.9991258974084454
2021-07-16,2021-07-16 17:00:00,114.0,2670,102.30272419010181,0.989249662530702
2021-07-16,2021-07-16 17:15:00,106.0,2670,98.56240463738122,0.9884879052590073
2021-07-16,2021-07-16 17:30:00,157.0,2670,150.57296739310442,0.9989355956589517
2021-07-16,2021-07-16 17:45:00,176.0,2670,156.5135352584569,0.9989989853406694
2021-07-16,2021-07-16 18:00:00,168.0,1066,155.13421683789488,0.9989989853406694
2021-07-16,2021-07-16 18:15:00,155.0,1066,155.04393398969287,0.9989039742825606
2021-07-16,2021-07-16 18:30:00,156.0,1066,152.95243500518234,0.9988010519610814
2021-07-16,2021-07-16 18:45:00,151.0,1066,152.58751027319624,0.9988010519610814
2021-07-16,2021-07-16 19:00:00,143.0,1287,127.60980888504936,0.9984987280750178
2021-07-16,2021-07-16 19:15:00,141.0,1287,124.80469233149311,0.9950920869701436
2021-07-16,2021-07-16 19:30:00,146.0,1287,123.1875137972017,0.9962096464097523
2021-07-16,2021-07-16 19:45:00,115.0,1287,105.62739681801568,0.9733871234705986
2021-07-16,2021-07-16 20:00:00,104.0,16,103.56306214959474,0.8989978623645476
2021-07-16,2021-07-16 20:15:00,111.0,16,107.60006308881387,0.921962573883689
2021-07-16,2021-07-16 20:30:00,123.0,16,111.67658685243943,0.9119568106710043
2021-07-16,2021-07-16 20:45:00,117.0,16,107.55206403925501,0.9077880511802034
2021-07-16,2021-07-16 21:00:00,117.0,45,107.27164312452199,0.9213796800159699
2021-07-16,2021-07-16 21:15:00,120.0,45,104.64571346256166,0.8888122165775485
2021-07-16,2021-07-16 21:30:00,111.0,45,106.77902351566559,0.8997885556479872
2021-07-16,2021-07-16 21:45:00,106.0,45,106.15171380205021,0.9210813292105666
2021-07-16,2021-07-16 22:00:00,94.0,59,102.47878661257178,0.7636178993963221
2021-07-16,2021-07-16 22:15:00,106.0,59,105.96158624071543,0.7755478095109146
2021-07-16,2021-07-16 22:30:00,112.0,59,105.76806946388703,0.8484960813905336
2021-07-16,2021-07-16 22:45:00,95.0,59,105.40669244201058,0.7515549626941095
2021-07-16,2021-07-16 23:00:00,118.0,330,100.66788958070124,0.7167574931250816
2021-07-16,2021-07-16 23:15:00,111.0,330,102.33699284502423,0.731858458422358
2021-07-16,2021-07-16 23:30:00,99.0,330,96.02519995426508,0.7667271554372724
2021-07-16,2021-07-16 23:45:00,77.0,330,79.13078327161043,0.749351302987369
2021-07-17,2021-07-17 00:00:00,66.0,21,66.49120881920831,0.7371933728584548
2021-07-17,2021-07-17 00:15:00,63.0,21,64.05993733953734,0.7029548670214447
2021-07-17,2021-07-17 00:30:00,62.0,21,63.90934044577987,0.7288820051418978
2021-07-17,2021-07-17 00:45:00,63.0,21,63.88867591409354,0.7296660120249145
2021-07-17,2021-07-17 01:00:00,90.0,130,82.1141894948263,0.935139819067673
2021-07-17,2021-07-17 01:15:00,110.0,130,104.71625855232331,0.9487753606072777
2021-07-17,2021-07-17 01:30:00,102.0,130,101.33250655322628,0.9470960726084069
2021-07-17,2021-07-17 01:45:00,100.0,130,99.81235442226269,0.9481927144430643
2021-07-17,2021-07-17 02:00:00,105.0,426,103.0312651709007,0.9742571864318497
2021-07-17,2021-07-17 02:15:00,101.0,426,99.27689567678097,0.9746359701022766
2021-07-17,2021-07-17 02:30:00,92.0,426,98.25080149977326,0.9746359701022766
2021-07-17,2021-07-17 02:45:00,95.0,426,93.9795642027892,0.9746359701022766
2021-07-17,2021-07-17 03:00:00,85.0,108,87.90294782516494,0.9750266953277079
2021-07-17,2021-07-17 03:15:00,90.0,108,98.96611543965042,0.9752675447004071
2021-07-17,2021-07-17 03:30:00,99.0,108,100.42389954066041,0.9766905662327139
2021-07-17,2021-07-17 03:45:00,102.0,108,104.79382696816842,0.9754136042761504
2021-07-17,2021-07-17 04:00:00,97.0,95,104.58350123753277,0.9816138959865899
2021-07-17,2021-07-17 04:15:00,89.0,95,98.4423937324433,0.9827221379675557
2021-07-17,2021-07-17 04:30:00,96.0,95,97.86461919849287,0.9829149106389826
2021-07-17,2021-07-17 04:45:00,103.0,95,96.2147549458741,0.9829149106389826
2021-07-17,2021-07-17 05:00:00,77.0,63,74.86265675526597,0.892118534621576
2021-07-17,2021-07-17 05:15:00,64.0,63,67.24052360478821,0.7915634242889152
2021-07-17,2021-07-17 05:30:00,87.0,63,87.43280491665656,0.8514060360160706
2021-07-17,2021-07-17 05:45:00,108.0,63,101.55457976172877,0.8603495774973344
2021-07-17,2021-07-17 06:00:00,96.0,30,105.07934184933197,0.9489571257748847
2021-07-17,2021-07-17 06:15:00,76.0,30,102.46473585504262,0.9478342682747117
2021-07-17,2021-07-17 06:30:00,81.0,30,100.07680262277,0.9478342682747117
2021-07-17,2021-07-17 06:45:00,87.0,30,84.84525783827586,0.9531186169134158
2021-07-17,2021-07-17 07:00:00,88.0,994,80.57062308620264,0.9896155482824865
2021-07-17,2021-07-17 07:15:00,73.0,994,72.31019980277796,0.9889679480428861
2021-07-17,2021-07-17 07:30:00,40.0,994,46.130653761204385,0.9882637039577955
2021-07-17,2021-07-17 07:45:00,28.0,994,36.85499852161065,0.9876219831748373
2021-07-17,2021-07-17 08:00:00,25.0,0,26.0,0.35180391145148887
2021-07-17,2021-07-17 08:15:00,27.0,0,27.0,0.2892117306637532
2021-07-17,2021-07-17 08:30:00,24.0,0,26.0,0.27085749259905584
2021-07-17,2021-07-17 08:45:00,23.0,0,26.0,0.27085749259905584
2021-07-17,2021-07-17 09:00:00,23.0,0,27.0,0.13485688618808755
2021-07-17,2021-07-17 09:15:00,23.0,0,27.0,0.20055493096854823
2021-07-17,2021-07-17 09:30:00,22.0,0,27.0,0.1402191684109184
2021-07-17,2021-07-17 09:45:00,24.0,0,26.0,0.12347121475104722
2021-07-17,2021-07-17 10:00:00,24.0,0,27.0,0.14188737283828168
2021-07-17,2021-07-17 10:15:00,23.0,0,54.55136908182618,0.5371167494814644
2021-07-17,2021-07-17 10:30:00,23.0,0,56.44906088562932,0.5490275116930844
2021-07-17,2021-07-17 10:45:00,23.0,0,56.292689677216146,0.5155243418255406
2021-07-17,2021-07-17 11:00:00,23.0,0,53.77142471691868,0.6039877833370542
2021-07-17,2021-07-17 11:15:00,24.0,0,53.819784454958935,0.5219846394726977
2021-07-17,2021-07-17 11:30:00,23.0,0,53.41750491705265,0.5219846394726977
2021-07-17,2021-07-17 11:45:00,27.0,0,28.0,0.3630415029107207
2021-07-17,2021-07-17 12:00:00,26.0,0,26.0,0.08762932576905617
2021-07-17,2021-07-17 12:15:00,24.0,0,25.0,0.08762932576905617
2021-07-17,2021-07-17 12:30:00,23.0,0,26.0,0.1240261416550183
2021-07-17,2021-07-17 12:45:00,24.0,0,25.0,0.08529451272380674
2021-07-17,2021-07-17 13:00:00,24.0,0,27.0,0.10160552142736977
2021-07-17,2021-07-17 13:15:00,23.0,0,28.0,0.2256336049635995
2021-07-17,2021-07-17 13:30:00,23.0,0,23.0,0.04108886907525024
2021-07-17,2021-07-17 13:45:00,23.0,0,22.0,0.04176241373611505
2021-07-17,2021-07-17 14:00:00,23.0,0,23.0,0.04176241373611505
2021-07-17,2021-07-17 14:15:00,24.0,0,22.0,0.042916259559668726
2021-07-17,2021-07-17 14:30:00,23.0,0,22.0,0.04220048128882542
2021-07-17,2021-07-17 14:45:00,23.0,0,23.0,0.04220048128882542
2021-07-17,2021-07-17 15:00:00,28.0,0,24.0,0.06527899845979496
2021-07-17,2021-07-17 15:15:00,27.0,0,23.0,0.03925356827183756
2021-07-17,2021-07-17 15:30:00,23.0,0,23.0,0.03925356827183756
2021-07-17,2021-07-17 15:45:00,23.0,0,25.0,0.061897026719065315
2021-07-17,2021-07-17 16:00:00,23.0,0,24.0,0.06689069031105563
2021-07-17,2021-07-17 16:15:00,23.0,0,27.0,0.09187307319264852
2021-07-17,2021-07-17 16:30:00,24.0,0,24.0,0.09040807014275488
2021-07-17,2021-07-17 16:45:00,22.0,0,22.0,0.04778779377391321
2021-07-17,2021-07-17 17:00:00,22.0,0,23.0,0.05164739043835145
2021-07-17,2021-07-17 17:15:00,22.0,0,23.0,0.05164739043835145
2021-07-17,2021-07-17 17:30:00,23.0,0,22.0,0.046003493357346714
2021-07-17,2021-07-17 17:45:00,22.0,0,22.0,0.046003493357346714
2021-07-17,2021-07-17 18:00:00,22.0,0,22.0,0.046003493357346714
2021-07-17,2021-07-17 18:15:00,25.0,0,22.0,0.04329780008043474
2021-07-17,2021-07-17 18:30:00,27.0,0,22.0,0.04420652539325148
2021-07-17,2021-07-17 18:45:00,23.0,0,22.0,0.04420652539325148
2021-07-17,2021-07-17 19:00:00,22.0,0,22.0,0.04337216280050022
2021-07-17,2021-07-17 19:15:00,23.0,0,26.0,0.09006372153183806
2021-07-17,2021-07-17 19:30:00,23.0,0,26.0,0.07286295802386557
2021-07-17,2021-07-17 19:45:00,23.0,0,23.0,0.04690168544128683
2021-07-17,2021-07-17 20:00:00,23.0,0,21.0,0.036018415916090625
2021-07-17,2021-07-17 20:15:00,22.0,0,22.0,0.0343503146692188
2021-07-17,2021-07-17 20:30:00,23.0,0,23.0,0.033556874262238
2021-07-17,2021-07-17 20:45:00,23.0,0,22.0,0.033556874262238
2021-07-17,2021-07-17 21:00:00,24.0,0,23.0,0.039384252086907365
2021-07-17,2021-07-17 21:15:00,24.0,0,22.0,0.038731046611879566
2021-07-17,2021-07-17 21:30:00,23.0,0,22.0,0.038731046611879566
2021-07-17,2021-07-17 21:45:00,24.0,0,22.0,0.038731046611879566
2021-07-17,2021-07-17 22:00:00,28.0,0,23.0,0.038327552792298304
2021-07-17,2021-07-17 22:15:00,24.0,0,26.0,0.04196398238209666
2021-07-17,2021-07-17 22:30:00,24.0,0,26.0,0.059667284898591036
2021-07-17,2021-07-17 22:45:00,24.0,0,23.0,0.033473713965621786
2021-07-17,2021-07-17 23:00:00,23.0,0,22.0,0.025834695388342606
2021-07-17,2021-07-17 23:15:00,22.0,0,22.0,0.02562505629379725
2021-07-17,2021-07-17 23:30:00,23.0,0,22.0,0.02562505629379725
2021-07-17,2021-07-17 23:45:00,24.0,0,23.0,0.02562505629379725
2021-07-18,2021-07-18 00:00:00,23.0,0,22.0,0.00040394544847840503
2021-07-18,2021-07-18 00:15:00,22.0,0,22.0,0.00040394544847840503
2021-07-18,2021-07-18 00:30:00,23.0,0,23.0,0.00040463055838479506
2021-07-18,2021-07-18 00:45:00,24.0,0,23.0,0.00040394544847840503
2021-07-18,2021-07-18 01:00:00,28.0,0,23.0,0.0004361700017737129
2021-07-18,2021-07-18 01:15:00,26.0,0,26.0,0.0005388622346670413
2021-07-18,2021-07-18 01:30:00,23.0,0,27.0,0.0008975552277393316
2021-07-18,2021-07-18 01:45:00,23.0,0,26.0,0.0007873618755392969
2021-07-18,2021-07-18 02:00:00,23.0,0,23.0,0.0005217569599449764
2021-07-18,2021-07-18 02:15:00,23.0,0,23.0,0.000513051328071875
2021-07-18,2021-07-18 02:30:00,23.0,0,22.0,0.0005316746284106961
2021-07-18,2021-07-18 02:45:00,24.0,0,22.0,0.0005162263221093454
2021-07-18,2021-07-18 03:00:00,22.0,0,24.0,0.0005253266509606396
2021-07-18,2021-07-18 03:15:00,23.0,0,22.0,0.0005602144897401334
2021-07-18,2021-07-18 03:30:00,24.0,0,23.0,0.0006020308108317877
2021-07-18,2021-07-18 03:45:00,23.0,0,23.0,0.0005602144897401334
2021-07-18,2021-07-18 04:00:00,23.0,0,23.0,0.0007541696509771819
2021-07-18,2021-07-18 04:15:00,28.0,0,22.0,0.0008421076972975359
2021-07-18,2021-07-18 04:30:00,25.0,0,24.0,0.0009719438147271767
2021-07-18,2021-07-18 04:45:00,23.0,0,23.0,0.0008250057634969915
2021-07-18,2021-07-18 05:00:00,22.0,0,27.0,0.0012863733838369986
2021-07-18,2021-07-18 05:15:00,22.0,0,24.0,0.0012205833419714552
2021-07-18,2021-07-18 05:30:00,22.0,0,22.0,0.0009960847212340399
2021-07-18,2021-07-18 05:45:00,22.0,0,21.0,0.0007406240626169683
2021-07-18,2021-07-18 06:00:00,23.0,0,22.0,0.0007804844580785564
2021-07-18,2021-07-18 06:15:00,23.0,0,22.0,0.0007804844580785564
2021-07-18,2021-07-18 06:30:00,23.0,0,22.0,0.00082169531578858
2021-07-18,2021-07-18 06:45:00,22.0,0,22.0,0.0008119332406366255
2021-07-18,2021-07-18 07:00:00,23.0,0,22.0,0.0007597025885785367
2021-07-18,2021-07-18 07:15:00,25.0,0,22.0,0.0008677853487591036
2021-07-18,2021-07-18 07:30:00,28.0,0,22.0,0.000774573580482483
2021-07-18,2021-07-18 07:45:00,25.0,0,22.0,0.000774573580482483
2021-07-18,2021-07-18 08:00:00,22.0,0,22.0,0.0007920557458942294
2021-07-18,2021-07-18 08:15:00,23.0,0,27.0,0.0009186854898644808
2021-07-18,2021-07-18 08:30:00,23.0,0,24.0,0.000656066866237747
2021-07-18,2021-07-18 08:45:00,24.0,0,22.0,0.0005018513186185914
2021-07-18,2021-07-18 09:00:00,22.0,0,22.0,0.0003633879133741956
2021-07-18,2021-07-18 09:15:00,23.0,0,22.0,0.0003894156009204242
2021-07-18,2021-07-18 09:30:00,23.0,0,22.0,0.0003742337597107628
2021-07-18,2021-07-18 09:45:00,23.0,0,22.0,0.00036742398524718106
2021-07-18,2021-07-18 10:00:00,22.0,0,23.0,0.00033280888893786725
2021-07-18,2021-07-18 10:15:00,22.0,0,22.0,0.00037133687663581873
2021-07-18,2021-07-18 10:30:00,23.0,0,23.0,0.0003568596048781774
2021-07-18,2021-07-18 10:45:00,23.0,0,22.0,0.00039572933820089453
2021-07-18,2021-07-18 11:00:00,24.0,0,22.0,0.0004281534379237128
2021-07-18,2021-07-18 11:15:00,27.0,0,26.0,0.0004527226942204571
2021-07-18,2021-07-18 11:30:00,23.0,0,28.0,0.0007867117882728068
2021-07-18,2021-07-18 11:45:00,24.0,0,23.0,0.0004222946923972924
2021-07-18,2021-07-18 12:00:00,23.0,0,23.0,0.00038251219250143997
2021-07-18,2021-07-18 12:15:00,23.0,0,23.0,0.00033923122984821626
2021-07-18,2021-07-18 12:30:00,22.0,0,24.0,0.0003950024026274373
2021-07-18,2021-07-18 12:45:00,23.0,0,22.0,0.0003827188264544786
2021-07-18,2021-07-18 13:00:00,23.0,0,24.0,0.00042645735751300736
2021-07-18,2021-07-18 13:15:00,23.0,0,24.0,0.0004527207286584042
2021-07-18,2021-07-18 13:30:00,23.0,0,23.0,0.00036119499995605406
2021-07-18,2021-07-18 13:45:00,23.0,0,23.0,0.00035747156508734735
2021-07-18,2021-07-18 14:00:00,24.0,0,24.0,0.00036438377051862256
2021-07-18,2021-07-18 14:15:00,25.0,0,24.0,0.00036405646684885176
2021-07-18,2021-07-18 14:30:00,27.0,0,28.0,0.0005975649572807486
2021-07-18,2021-07-18 14:45:00,24.0,0,27.0,0.000587024098258654
2021-07-18,2021-07-18 15:00:00,24.0,0,24.0,0.00045762193980219436
2021-07-18,2021-07-18 15:15:00,26.0,0,24.0,0.0003800910478533437
2021-07-18,2021-07-18 15:30:00,24.0,0,24.0,0.0003934895782999799
2021-07-18,2021-07-18 15:45:00,23.0,0,24.0,0.0004020234000533549
2021-07-18,2021-07-18 16:00:00,23.0,0,24.0,0.0003932480080749541
2021-07-18,2021-07-18 16:15:00,23.0,0,24.0,0.0003932480080749541
2021-07-18,2021-07-18 16:30:00,23.0,0,24.0,0.0003660743133205342
2021-07-18,2021-07-18 16:45:00,23.0,0,26.0,0.0003819636071054137
2021-07-18,2021-07-18 17:00:00,23.0,0,23.0,0.00035812897733331864
2021-07-18,2021-07-18 17:15:00,24.0,0,23.0,0.00037177966293975
2021-07-18,2021-07-18 17:30:00,23.0,0,23.0,0.00032472832588036646
2021-07-18,2021-07-18 17:45:00,27.0,0,26.0,0.00040371905191827553
2021-07-18,2021-07-18 18:00:00,25.0,0,26.0,0.00039449387786142314
2021-07-18,2021-07-18 18:15:00,23.0,0,23.0,0.0004086019912183027
2021-07-18,2021-07-18 18:30:00,23.0,0,22.0,0.00032472832588036646
2021-07-18,2021-07-18 18:45:00,23.0,0,22.0,0.00032472832588036646
2021-07-18,2021-07-18 19:00:00,23.0,0,22.0,0.00032472832588036646
2021-07-18,2021-07-18 19:15:00,23.0,0,23.0,0.00032472832588036646
2021-07-18,2021-07-18 19:30:00,23.0,0,22.0,0.0003238658117294838
2021-07-18,2021-07-18 19:45:00,22.0,0,22.0,0.00034402310229797705
2021-07-18,2021-07-18 20:00:00,23.0,0,23.0,0.0006268323273814733
2021-07-18,2021-07-18 20:15:00,23.0,0,23.0,0.0005408899223082863
2021-07-18,2021-07-18 20:30:00,22.0,0,22.0,0.0006190803407865811
2021-07-18,2021-07-18 20:45:00,23.0,0,23.0,0.0005445755465079566
2021-07-18,2021-07-18 21:00:00,26.0,0,26.0,0.00047252003846726516
2021-07-18,2021-07-18 21:15:00,28.0,0,28.0,0.0007275167346944869
2021-07-18,2021-07-18 21:30:00,23.0,0,24.0,0.0006846030698165436
2021-07-18,2021-07-18 21:45:00,24.0,0,23.0,0.0004257801943147613
2021-07-18,2021-07-18 22:00:00,23.0,0,23.0,0.0004063608050425952
2021-07-18,2021-07-18 22:15:00,23.0,0,22.0,0.00040340071103405574
2021-07-18,2021-07-18 22:30:00,24.0,0,24.0,0.00044231577682332586
2021-07-18,2021-07-18 22:45:00,24.0,0,23.0,0.000373039517882104
2021-07-18,2021-07-18 23:00:00,23.0,0,23.0,0.0003404726380515716
2021-07-18,2021-07-18 23:15:00,22.0,0,22.0,0.0003404726380515716
2021-07-18,2021-07-18 23:30:00,22.0,0,22.0,0.0003462690750904596
2021-07-18,2021-07-18 23:45:00,23.0,0,23.0,0.0003553972925283197
2021-07-19,2021-07-19 00:00:00,23.0,0,23.0,0.0012735888672314073
2021-07-19,2021-07-19 00:15:00,25.0,0,26.0,0.001978792730099878
2021-07-19,2021-07-19 00:30:00,28.0,0,26.0,0.0030490422097525427
2021-07-19,2021-07-19 00:45:00,26.0,0,23.0,0.0016726782079404831
2021-07-19,2021-07-19 01:00:00,24.0,0,23.0,0.0010769739577913308
2021-07-19,2021-07-19 01:15:00,24.0,0,23.0,0.0010293291630539486
2021-07-19,2021-07-19 01:30:00,23.0,0,23.0,0.0010769739577913308
2021-07-19,2021-07-19 01:45:00,23.0,0,22.0,0.0010769739577913308
2021-07-19,2021-07-19 02:00:00,23.0,0,23.0,0.0013878511010269792
2021-07-19,2021-07-19 02:15:00,22.0,0,22.0,0.001400376062969558
2021-07-19,2021-07-19 02:30:00,24.0,0,23.0,0.0014393073439072396
2021-07-19,2021-07-19 02:45:00,24.0,0,22.0,0.001444018268729037
2021-07-19,2021-07-19 03:00:00,24.0,0,22.0,0.0017146772096702293
2021-07-19,2021-07-19 03:15:00,23.0,0,23.0,0.0022941863121057923
2021-07-19,2021-07-19 03:30:00,22.0,0,24.0,0.0024221517656724065
2021-07-19,2021-07-19 03:45:00,23.0,0,27.0,0.0028635528817485796
2021-07-19,2021-07-19 04:00:00,27.0,0,23.0,0.002602373380776011
2021-07-19,2021-07-19 04:15:00,27.0,0,21.0,0.0029410818976997218
2021-07-19,2021-07-19 04:30:00,22.0,0,22.0,0.002419513270062634
2021-07-19,2021-07-19 04:45:00,22.0,0,22.0,0.002104939910686618
2021-07-19,2021-07-19 05:00:00,22.0,0,23.0,0.0032306824407373285
2021-07-19,2021-07-19 05:15:00,23.0,0,23.0,0.006300950616986612
2021-07-19,2021-07-19 05:30:00,23.0,0,23.0,0.002803415955048652
2021-07-19,2021-07-19 05:45:00,23.0,0,23.0,0.001716726537082818
2021-07-19,2021-07-19 06:00:00,23.0,0,23.0,0.002780394517405539
2021-07-19,2021-07-19 06:15:00,23.0,0,23.0,0.0039556735731440685
2021-07-19,2021-07-19 06:30:00,22.0,0,23.0,0.00327527754842744
2021-07-19,2021-07-19 06:45:00,23.0,0,25.0,0.004930935550562376
2021-07-19,2021-07-19 07:00:00,24.0,0,31.0,0.015956436073372156
2021-07-19,2021-07-19 07:15:00,39.0,0,40.0,0.015702424288717043
2021-07-19,2021-07-19 07:30:00,76.0,0,66.0,0.018601911297591006
2021-07-19,2021-07-19 07:45:00,119.0,0,123.0,0.04002429908632285
2021-07-19,2021-07-19 08:00:00,172.0,604,160.72903960268218,0.9849707246045395
2021-07-19,2021-07-19 08:15:00,200.0,604,184.89774416485076,0.9937445183406717
2021-07-19,2021-07-19 08:30:00,194.0,604,188.3154648947018,0.9953579537205549
2021-07-19,2021-07-19 08:45:00,185.0,604,185.1970521754647,0.9972057431367782
2021-07-19,2021-07-19 09:00:00,182.0,1431,181.0878335953033,0.9979115939797898
2021-07-19,2021-07-19 09:15:00,174.0,1431,179.00367412734175,0.9979115939797898
2021-07-19,2021-07-19 09:30:00,185.0,1431,176.85196293798833,0.9979516495791285
2021-07-19,2021-07-19 09:45:00,176.0,1431,177.65142079936362,0.9968227466406211
2021-07-19,2021-07-19 10:00:00,146.0,568,161.88554129564417,0.9965327293215047
2021-07-19,2021-07-19 10:15:00,180.0,568,179.7550375234243,0.998100330822581
2021-07-19,2021-07-19 10:30:00,209.0,568,180.38797243465024,0.9981725193367375
2021-07-19,2021-07-19 10:45:00,203.0,568,181.11687391092116,0.9981725193367375
2021-07-19,2021-07-19 11:00:00,182.0,1280,181.4545419508709,0.9981725193367375
2021-07-19,2021-07-19 11:15:00,222.0,1280,177.92479639463707,0.9966796146990191
2021-07-19,2021-07-19 11:30:00,207.0,1280,178.9147699821506,0.9980295487363051
2021-07-19,2021-07-19 11:45:00,186.0,1280,178.0418163497111,0.9957016664355773
2021-07-19,2021-07-19 12:00:00,134.0,0,121.09484810783148,0.9250497159532334
2021-07-19,2021-07-19 12:15:00,111.0,0,107.60272937410427,0.8773205658375981
2021-07-19,2021-07-19 12:30:00,111.0,0,103.83927052871095,0.9509392184559197
2021-07-19,2021-07-19 12:45:00,113.0,0,109.0213760578484,0.8199424864250204
2021-07-19,2021-07-19 13:00:00,157.0,645,162.9927383274372,0.9976753382637609
2021-07-19,2021-07-19 13:15:00,188.0,645,177.46299043011433,0.9983115405622554
2021-07-19,2021-07-19 13:30:00,193.0,645,178.70703149727544,0.9983115405622554
2021-07-19,2021-07-19 13:45:00,174.0,645,180.1551171844875,0.9983115405622554
2021-07-19,2021-07-19 14:00:00,175.0,2075,172.8059406354346,0.9983115405622554
2021-07-19,2021-07-19 14:15:00,190.0,2075,173.79768278436626,0.99870986793089
2021-07-19,2021-07-19 14:30:00,177.0,2075,173.91890841374118,0.9989867838703367
2021-07-19,2021-07-19 14:45:00,170.0,2075,174.60071092846616,0.9989867838703367
2021-07-19,2021-07-19 15:00:00,141.0,2253,160.85482558808513,0.9909685324673433
2021-07-19,2021-07-19 15:15:00,141.0,2253,159.3023385528045,0.991176005890642
2021-07-19,2021-07-19 15:30:00,194.0,2253,174.55784505947173,0.9982723345450238
2021-07-19,2021-07-19 15:45:00,201.0,2253,177.78516103727733,0.9982723345450238
2021-07-19,2021-07-19 16:00:00,187.0,1495,164.34984510581438,0.9982723345450238
2021-07-19,2021-07-19 16:15:00,183.0,1495,161.57091655333272,0.9990362468560602
2021-07-19,2021-07-19 16:30:00,185.0,1495,160.38787979501393,0.9985615248029298
2021-07-19,2021-07-19 16:45:00,178.0,1495,160.61647316584086,0.999026460688365
2021-07-19,2021-07-19 17:00:00,136.0,389,127.58206492229863,0.994420122645916
2021-07-19,2021-07-19 17:15:00,110.0,389,111.50601763961771,0.985896714353672
2021-07-19,2021-07-19 17:30:00,161.0,389,141.42150443846012,0.9977871810850755
2021-07-19,2021-07-19 17:45:00,190.0,389,156.6704388094079,0.9979747582892103
2021-07-19,2021-07-19 18:00:00,188.0,465,159.48546593159224,0.9989682260197872
2021-07-19,2021-07-19 18:15:00,167.0,465,158.11496751926384,0.998561867283386
2021-07-19,2021-07-19 18:30:00,166.0,465,159.35880349251178,0.9985268640774252
2021-07-19,2021-07-19 18:45:00,162.0,465,152.0431155378119,0.9986991671056027
2021-07-19,2021-07-19 19:00:00,154.0,1962,155.14250545282812,0.9988199955934127
2021-07-19,2021-07-19 19:15:00,162.0,1962,156.4454741501324,0.9976117857350252
2021-07-19,2021-07-19 19:30:00,156.0,1962,156.43530893067734,0.9976542799054902
2021-07-19,2021-07-19 19:45:00,131.0,1962,126.4647114712977,0.9878110506250432
2021-07-19,2021-07-19 20:00:00,115.0,72,118.85178486745352,0.944902911820634
2021-07-19,2021-07-19 20:15:00,126.0,72,119.44523114055305,0.9427996769085917
2021-07-19,2021-07-19 20:30:00,136.0,72,129.12310050394007,0.9644648433262375
2021-07-19,2021-07-19 20:45:00,132.0,72,130.5847299447518,0.9492458623443872
2021-07-19,2021-07-19 21:00:00,129.0,94,123.0233272116805,0.9525777689327488
2021-07-19,2021-07-19 21:15:00,126.0,94,126.33495749674506,0.9733166586466707
2021-07-19,2021-07-19 21:30:00,127.0,94,119.2322877389791,0.9767253376146492
2021-07-19,2021-07-19 21:45:00,114.0,94,115.00274511996238,0.9345855248570083
2021-07-19,2021-07-19 22:00:00,94.0,70,107.4471106435125,0.7093154387266176
2021-07-19,2021-07-19 22:15:00,106.0,70,114.2036370763088,0.9203341393566442
2021-07-19,2021-07-19 22:30:00,109.0,70,120.22704492442307,0.9079851321982796
2021-07-19,2021-07-19 22:45:00,114.0,70,115.34483460458614,0.9165901207200662
2021-07-19,2021-07-19 23:00:00,119.0,181,114.84279076558265,0.9269617958623034
2021-07-19,2021-07-19 23:15:00,120.0,181,115.5777741665933,0.9389053777229582
2021-07-19,2021-07-19 23:30:00,106.0,181,107.70912956572609,0.8732869047058137
2021-07-19,2021-07-19 23:45:00,93.0,181,77.53064780957176,0.7782394410948705
2021-07-20,2021-07-20 00:00:00,76.0,1584,23.0,0.10661062053128295
2021-07-20,2021-07-20 00:15:00,69.0,1584,22.0,0.11889004500431705
2021-07-20,2021-07-20 00:30:00,68.0,1584,23.0,0.09993035876610763
2021-07-20,2021-07-20 00:45:00,69.0,1584,24.0,0.07851295563946153
2021-07-20,2021-07-20 01:00:00,83.0,567,28.0,0.15780766924413084
2021-07-20,2021-07-20 01:15:00,104.0,567,26.0,0.32213484376650225
2021-07-20,2021-07-20 01:30:00,112.0,567,23.0,0.389993686577967
2021-07-20,2021-07-20 01:45:00,102.0,567,23.0,0.37748634786456997
2021-07-20,2021-07-20 02:00:00,106.0,591,95.10440241187166,0.7888823156452032
2021-07-20,2021-07-20 02:15:00,104.0,591,94.74326202165585,0.7694982167161226
2021-07-20,2021-07-20 02:30:00,100.0,591,93.91519880331586,0.7764252679282266
2021-07-20,2021-07-20 02:45:00,103.0,591,87.41208111877035,0.7332842631604534
2021-07-20,2021-07-20 03:00:00,87.0,392,78.45746005283105,0.8410451145712596
2021-07-20,2021-07-20 03:15:00,103.0,392,98.4766211853839,0.8933245177842505
2021-07-20,2021-07-20 03:30:00,116.0,392,99.8287283942608,0.9037408572538469
2021-07-20,2021-07-20 03:45:00,112.0,392,99.82054406723034,0.9054483741539909
2021-07-20,2021-07-20 04:00:00,110.0,796,98.41463119739258,0.9107952590461132
2021-07-20,2021-07-20 04:15:00,110.0,796,94.14805925615235,0.849322278452426
2021-07-20,2021-07-20 04:30:00,108.0,796,96.50882473727239,0.9071085715755488
2021-07-20,2021-07-20 04:45:00,100.0,796,96.2912360956659,0.9231622319300936
2021-07-20,2021-07-20 05:00:00,91.0,388,80.92802611990435,0.7297508064041167
2021-07-20,2021-07-20 05:15:00,79.0,388,70.28738841823298,0.7324390875966481
2021-07-20,2021-07-20 05:30:00,87.0,388,81.14778619256165,0.7025645623710827
2021-07-20,2021-07-20 05:45:00,106.0,388,92.32428170256841,0.7045274097444807
2021-07-20,2021-07-20 06:00:00,109.0,102,104.8134155284361,0.94504676565525
2021-07-20,2021-07-20 06:15:00,110.0,102,103.20296274694009,0.9444257369351662
2021-07-20,2021-07-20 06:30:00,117.0,102,97.49231707064759,0.9444257369351662
2021-07-20,2021-07-20 06:45:00,104.0,102,91.83182817225514,0.9532390249327621
2021-07-20,2021-07-20 07:00:00,109.0,1086,99.27605199785455,0.9634806045319082
2021-07-20,2021-07-20 07:15:00,130.0,1086,111.14360542278814,0.9671891014988254
2021-07-20,2021-07-20 07:30:00,148.0,1086,123.86851708475243,0.9312644855425676
2021-07-20,2021-07-20 07:45:00,146.0,1086,135.07452525548211,0.956054742796607
2021-07-20,2021-07-20 08:00:00,170.0,1248,147.71997035557047,0.9789028234009863
2021-07-20,2021-07-20 08:15:00,191.0,1248,154.28624526556726,0.9776892523935337
2021-07-20,2021-07-20 08:30:00,201.0,1248,154.55491453510749,0.9776892523935337
2021-07-20,2021-07-20 08:45:00,191.0,1248,155.6950819243392,0.977688834373531
2021-07-20,2021-07-20 09:00:00,199.0,1828,149.32906223158437,0.9655322492800152
2021-07-20,2021-07-20 09:15:00,195.0,1828,148.99121951576913,0.9628821003265974
2021-07-20,2021-07-20 09:30:00,171.0,1828,149.24066286070982,0.9628821003265974
2021-07-20,2021-07-20 09:45:00,200.0,1828,149.00016833285156,0.9614452021560332
2021-07-20,2021-07-20 10:00:00,164.0,1282,143.83400844976381,0.9654633793956826
2021-07-20,2021-07-20 10:15:00,196.0,1282,146.51543531957876,0.9542278129610025
2021-07-20,2021-07-20 10:30:00,197.0,1282,148.51242631102483,0.9501610818644038
2021-07-20,2021-07-20 10:45:00,197.0,1282,148.46194697128945,0.9496942800579419
2021-07-20,2021-07-20 11:00:00,192.0,1327,148.51910369119315,0.9517429685848309
2021-07-20,2021-07-20 11:15:00,191.0,1327,143.9344313685927,0.9330947218245765
2021-07-20,2021-07-20 11:30:00,188.0,1327,142.7250559702003,0.9456360326796827
2021-07-20,2021-07-20 11:45:00,190.0,1327,140.98510850340375,0.942862808621098
2021-07-20,2021-07-20 12:00:00,142.0,0,112.92772336736152,0.8724459455309157
2021-07-20,2021-07-20 12:15:00,121.0,0,97.9714048092927,0.810281737750959
2021-07-20,2021-07-20 12:30:00,109.0,0,98.48315507208851,0.8272230329466755
2021-07-20,2021-07-20 12:45:00,112.0,0,96.32013631060539,0.783703447776285
2021-07-20,2021-07-20 13:00:00,157.0,1234,133.55461650275885,0.8927511412711452
2021-07-20,2021-07-20 13:15:00,177.0,1234,147.49040230914554,0.9527428141301125
2021-07-20,2021-07-20 13:30:00,183.0,1234,148.04058095389502,0.9536923308341606
2021-07-20,2021-07-20 13:45:00,194.0,1234,144.7897355339868,0.9536923308341606
2021-07-20,2021-07-20 14:00:00,192.0,823,145.71942182078658,0.9524249004469547
2021-07-20,2021-07-20 14:15:00,186.0,823,144.88422023138418,0.9463817060870972
2021-07-20,2021-07-20 14:30:00,185.0,823,145.08029133757813,0.9480079948438598
2021-07-20,2021-07-20 14:45:00,183.0,823,145.9820350813813,0.954465652665966
2021-07-20,2021-07-20 15:00:00,145.0,419,140.54907154857196,0.9528119795615126
2021-07-20,2021-07-20 15:15:00,144.0,419,137.73327387864828,0.9135967111126793
2021-07-20,2021-07-20 15:30:00,180.0,419,144.89242544267057,0.9538563486788582
2021-07-20,2021-07-20 15:45:00,199.0,419,145.1437874934151,0.9546234291931659
2021-07-20,2021-07-20 16:00:00,201.0,2403,143.67527822584526,0.9546234291931659
2021-07-20,2021-07-20 16:15:00,179.0,2403,144.57530310958674,0.9618762554981978
2021-07-20,2021-07-20 16:30:00,179.0,2403,142.6014992130942,0.9651229340132301
2021-07-20,2021-07-20 16:45:00,181.0,2403,142.44871977253908,0.9651229340132301
2021-07-20,2021-07-20 17:00:00,116.0,881,113.4595410431116,0.9247294484687095
2021-07-20,2021-07-20 17:15:00,107.0,881,105.64292542362736,0.8946470053103223
2021-07-20,2021-07-20 17:30:00,145.0,881,120.98704459376076,0.9254087350345841
2021-07-20,2021-07-20 17:45:00,159.0,881,134.61557130773517,0.9589703516321937
2021-07-20,2021-07-20 18:00:00,179.0,2031,134.67517383241326,0.9589703516321937
2021-07-20,2021-07-20 18:15:00,182.0,2031,135.74871939625302,0.9642293037152537
2021-07-20,2021-07-20 18:30:00,160.0,2031,130.33196635382808,0.9546042796516042
2021-07-20,2021-07-20 18:45:00,177.0,2031,127.25551334261712,0.9546042796516042
2021-07-20,2021-07-20 19:00:00,176.0,3506,128.58613334892527,0.9546042796516042
2021-07-20,2021-07-20 19:15:00,173.0,3506,128.95532186959971,0.9569027058957672
2021-07-20,2021-07-20 19:30:00,173.0,3506,127.05244075344633,0.9569027058957672
2021-07-20,2021-07-20 19:45:00,159.0,3506,126.29209607338552,0.959918537283493
2021-07-20,2021-07-20 20:00:00,132.0,80,111.7039332760023,0.9156321791547933
2021-07-20,2021-07-20 20:15:00,131.0,80,112.40032764183982,0.9107962945783072
2021-07-20,2021-07-20 20:30:00,124.0,80,115.89039637259918,0.8849945078598777
2021-07-20,2021-07-20 20:45:00,120.0,80,111.8405928481203,0.896991455331907
2021-07-20,2021-07-20 21:00:00,121.0,562,109.83935388540247,0.864626291740736
2021-07-20,2021-07-20 21:15:00,127.0,562,99.4219379498029,0.7943886304438488
2021-07-20,2021-07-20 21:30:00,137.0,562,103.7817868931471,0.8885089377454691
2021-07-20,2021-07-20 21:45:00,133.0,562,107.53192731694973,0.87888612269729
2021-07-20,2021-07-20 22:00:00,108.0,235,100.54732325568656,0.8578574936228266
2021-07-20,2021-07-20 22:15:00,111.0,235,99.89919226084199,0.8335753621620675
2021-07-20,2021-07-20 22:30:00,108.0,235,97.27144320511034,0.793252623452519
2021-07-20,2021-07-20 22:45:00,121.0,235,97.32497021795908,0.8007964147867137
2021-07-20,2021-07-20 23:00:00,117.0,108,92.24734427259932,0.7625468173735852
2021-07-20,2021-07-20 23:15:00,111.0,108,89.9329147859336,0.7545676569570514
2021-07-20,2021-07-20 23:30:00,112.0,108,89.89056577285704,0.804528078139749
2021-07-20,2021-07-20 23:45:00,96.0,108,87.47769407152607,0.7690658980392708
2021-07-21,2021-07-21 00:00:00,85.0,286,81.38051072471245,0.7893221905965566
2021-07-21,2021-07-21 00:15:00,79.0,286,86.26428296646563,0.5846539050309972
2021-07-21,2021-07-21 00:30:00,74.0,286,80.15728809952039,0.6208688181470216
2021-07-21,2021-07-21 00:45:00,72.0,286,80.33509597600641,0.6095553885870106
2021-07-21,2021-07-21 01:00:00,96.0,270,85.8887057335609,0.8766608272672414
2021-07-21,2021-07-21 01:15:00,105.0,270,91.38835708728043,0.9431606126410244
2021-07-21,2021-07-21 01:30:00,112.0,270,98.90312433967318,0.9519111093807049
2021-07-21,2021-07-21 01:45:00,113.0,270,97.6410025918139,0.9551408202956013
2021-07-21,2021-07-21 02:00:00,89.0,126,99.05464535940031,0.9576278850050797
2021-07-21,2021-07-21 02:15:00,100.0,126,99.02146676542058,0.9574061997472798
2021-07-21,2021-07-21 02:30:00,108.0,126,97.55471688567111,0.9486405375186894
2021-07-21,2021-07-21 02:45:00,101.0,126,94.12232973845558,0.9445526657029504
2021-07-21,2021-07-21 03:00:00,85.0,528,94.78525684138106,0.941654598110732
2021-07-21,2021-07-21 03:15:00,104.0,528,97.68538565231324,0.959262009259962
2021-07-21,2021-07-21 03:30:00,106.0,528,97.47405475817887,0.9606821793137774
2021-07-21,2021-07-21 03:45:00,111.0,528,97.7762165371354,0.9645319222412644
2021-07-21,2021-07-21 04:00:00,100.0,158,98.09128386118353,0.956786199206431
2021-07-21,2021-07-21 04:15:00,117.0,158,98.29499984978304,0.9670079988950148
2021-07-21,2021-07-21 04:30:00,111.0,158,97.6844808660856,0.95689935612906
2021-07-21,2021-07-21 04:45:00,99.0,158,97.58733241946945,0.9533975057115882
2021-07-21,2021-07-21 05:00:00,86.0,187,88.63051128962574,0.8811086186074872
2021-07-21,2021-07-21 05:15:00,78.0,187,87.30089894768503,0.8241879785808125
2021-07-21,2021-07-21 05:30:00,99.0,187,88.51479799994499,0.8491903230756712
2021-07-21,2021-07-21 05:45:00,111.0,187,94.89538026656467,0.8928546565620038
2021-07-21,2021-07-21 06:00:00,108.0,56,97.2710739715385,0.9245622658032343
2021-07-21,2021-07-21 06:15:00,99.0,56,100.20335924086976,0.9122993563289853
2021-07-21,2021-07-21 06:30:00,110.0,56,98.7596470644286,0.9119915154974464
2021-07-21,2021-07-21 06:45:00,106.0,56,96.57207705332631,0.9380720238965544
2021-07-21,2021-07-21 07:00:00,104.0,842,98.26913020463901,0.9748371518658555
2021-07-21,2021-07-21 07:15:00,111.0,842,99.34353808776436,0.9650867856905451
2021-07-21,2021-07-21 07:30:00,149.0,842,143.66781495414384,0.9598696689739034
2021-07-21,2021-07-21 07:45:00,148.0,842,122.06685514135197,0.9346983788675527
2021-07-21,2021-07-21 08:00:00,164.0,933,157.78730636254295,0.993220788060598
2021-07-21,2021-07-21 08:15:00,200.0,933,176.0340803345327,0.9937925352640106
2021-07-21,2021-07-21 08:30:00,209.0,933,182.31727184762354,0.9937925352640106
2021-07-21,2021-07-21 08:45:00,199.0,933,181.59706574424717,0.9935906467139344
2021-07-21,2021-07-21 09:00:00,195.0,1013,175.64250480308326,0.9932598142949942
2021-07-21,2021-07-21 09:15:00,200.0,1013,174.15144180421922,0.9940551832849622
2021-07-21,2021-07-21 09:30:00,205.0,1013,172.97012271869175,0.9940551832849622
2021-07-21,2021-07-21 09:45:00,214.0,1013,170.80889833852208,0.9942015716481595
2021-07-21,2021-07-21 10:00:00,164.0,628,163.76838685534292,0.9940551345705941
2021-07-21,2021-07-21 10:15:00,197.0,628,174.0821964394252,0.9943279199068648
2021-07-21,2021-07-21 10:30:00,183.0,628,178.61016184018882,0.9944940771272972
2021-07-21,2021-07-21 10:45:00,173.0,628,174.83317606035266,0.9944940771272972
2021-07-21,2021-07-21 11:00:00,180.0,1336,175.09386616558123,0.9946070503836403
2021-07-21,2021-07-21 11:15:00,200.0,1336,178.39840060783712,0.9918472348078711
2021-07-21,2021-07-21 11:30:00,200.0,1336,176.82830347302743,0.9918937782733018
2021-07-21,2021-07-21 11:45:00,206.0,1336,173.11204899042866,0.9918937782733018
2021-07-21,2021-07-21 12:00:00,150.0,88,108.74865236607633,0.9042644053893796
2021-07-21,2021-07-21 12:15:00,128.0,88,100.81421205306552,0.862950559382836
2021-07-21,2021-07-21 12:30:00,116.0,88,95.09294066878199,0.8654580417987897
2021-07-21,2021-07-21 12:45:00,116.0,88,106.83243463445422,0.8654580417987897
2021-07-21,2021-07-21 13:00:00,177.0,1911,162.97770979720877,0.9934929966047207
2021-07-21,2021-07-21 13:15:00,181.0,1911,175.56103754659364,0.9966200739124781
2021-07-21,2021-07-21 13:30:00,193.0,1911,176.67650981827862,0.9969775563653769
2021-07-21,2021-07-21 13:45:00,204.0,1911,176.39979434422045,0.997065327081181
2021-07-21,2021-07-21 14:00:00,197.0,972,173.83024175324564,0.997065327081181
2021-07-21,2021-07-21 14:15:00,203.0,972,171.9997143368695,0.9975251283886897
2021-07-21,2021-07-21 14:30:00,201.0,972,169.50851055436505,0.9975384601045666
2021-07-21,2021-07-21 14:45:00,194.0,972,170.13724162332923,0.9975384601045666
2021-07-21,2021-07-21 15:00:00,151.0,4021,155.39558636819777,0.9939773067262968
2021-07-21,2021-07-21 15:15:00,151.0,4021,126.30429298764419,0.9795732365437588
2021-07-21,2021-07-21 15:30:00,199.0,4021,159.7881357261573,0.9927407770118621
2021-07-21,2021-07-21 15:45:00,183.0,4021,158.79399442987855,0.9927407770118621
2021-07-21,2021-07-21 16:00:00,180.0,865,160.4495544764781,0.9959145777240818
2021-07-21,2021-07-21 16:15:00,178.0,865,156.8425165184901,0.9974138949634686
2021-07-21,2021-07-21 16:30:00,182.0,865,155.33718644535296,0.9974399130990314
2021-07-21,2021-07-21 16:45:00,189.0,865,155.34356154589003,0.997506276497524
2021-07-21,2021-07-21 17:00:00,133.0,593,110.73113733714807,0.9907906692001736
2021-07-21,2021-07-21 17:15:00,116.0,593,103.35874346754396,0.9793686169040144
2021-07-21,2021-07-21 17:30:00,149.0,593,148.12038966617828,0.9973741269493094
2021-07-21,2021-07-21 17:45:00,153.0,593,159.03958343427382,0.9976463126629302
2021-07-21,2021-07-21 18:00:00,162.0,972,156.64314830945077,0.9976463126629302
2021-07-21,2021-07-21 18:15:00,168.0,972,156.17651266265634,0.9975917717595586
2021-07-21,2021-07-21 18:30:00,152.0,972,154.96254272156997,0.9972152261488212
2021-07-21,2021-07-21 18:45:00,167.0,972,155.17852894363193,0.9972152261488212
2021-07-21,2021-07-21 19:00:00,170.0,3122,149.96544624717652,0.9968933438560046
2021-07-21,2021-07-21 19:15:00,161.0,3122,150.26725386176972,0.9969276957178933
2021-07-21,2021-07-21 19:30:00,174.0,3122,148.8863419330474,0.9968541294567876
2021-07-21,2021-07-21 19:45:00,143.0,3122,118.39607200226997,0.9876244267577182
2021-07-21,2021-07-21 20:00:00,126.0,0,107.6947854672379,0.9291676862266995
2021-07-21,2021-07-21 20:15:00,138.0,0,108.20838902856508,0.9709290907638013
2021-07-21,2021-07-21 20:30:00,131.0,0,113.87293329949699,0.9667965726559338
2021-07-21,2021-07-21 20:45:00,128.0,0,116.36441135631547,0.9696226425071127
2021-07-21,2021-07-21 21:00:00,118.0,273,113.68451143636602,0.9745586576820424
2021-07-21,2021-07-21 21:15:00,116.0,273,111.54030270111322,0.9743843913499722
2021-07-21,2021-07-21 21:30:00,118.0,273,112.54137239521351,0.9736011162559808
2021-07-21,2021-07-21 21:45:00,116.0,273,109.78308028911833,0.961199617995221
2021-07-21,2021-07-21 22:00:00,88.0,275,100.72968947377551,0.9316297687454741
2021-07-21,2021-07-21 22:15:00,102.0,275,105.15572525772298,0.936312561125164
2021-07-21,2021-07-21 22:30:00,110.0,275,107.52173290070446,0.9467754415304084
2021-07-21,2021-07-21 22:45:00,114.0,275,107.31389976058983,0.9455624648995341
2021-07-21,2021-07-21 23:00:00,106.0,6,103.04229941838658,0.8491566197266712
2021-07-21,2021-07-21 23:15:00,111.0,6,100.40079464866987,0.8055330532794838
2021-07-21,2021-07-21 23:30:00,107.0,6,91.54577146299036,0.7493567149113273
2021-07-21,2021-07-21 23:45:00,88.0,6,93.24412445107178,0.7691902844822711
2021-07-22,2021-07-22 00:00:00,73.0,222,93.16859255154225,0.7035136929549689
2021-07-22,2021-07-22 00:15:00,72.0,222,94.0487976340673,0.5239980362245579
2021-07-22,2021-07-22 00:30:00,70.0,222,94.46640415555004,0.5213446819107969
2021-07-22,2021-07-22 00:45:00,67.0,222,95.6772394102207,0.5198791233232859
2021-07-22,2021-07-22 01:00:00,88.0,150,96.41269787363541,0.9250689011572691
2021-07-22,2021-07-22 01:15:00,96.0,150,105.67908321751682,0.9542847563777408
2021-07-22,2021-07-22 01:30:00,106.0,150,107.540133532896,0.9581134639513724
2021-07-22,2021-07-22 01:45:00,106.0,150,106.82527947911848,0.961193042538018
2021-07-22,2021-07-22 02:00:00,97.0,23,105.65564775329126,0.977480945748842
2021-07-22,2021-07-22 02:15:00,111.0,23,106.69670205405433,0.982169075853673
2021-07-22,2021-07-22 02:30:00,108.0,23,102.97477062820252,0.9836360384970706
2021-07-22,2021-07-22 02:45:00,95.0,23,105.87926213303065,0.9821299610444998
2021-07-22,2021-07-22 03:00:00,86.0,162,100.04667185259599,0.9756477706802512
2021-07-22,2021-07-22 03:15:00,104.0,162,106.40674616787425,0.9675661827066343
2021-07-22,2021-07-22 03:30:00,103.0,162,105.4526406426796,0.9759273000529888
2021-07-22,2021-07-22 03:45:00,105.0,162,105.31561129665127,0.9668156644453221
2021-07-22,2021-07-22 04:00:00,101.0,82,105.57747311046026,0.9644829753239436
2021-07-22,2021-07-22 04:15:00,105.0,82,103.00956503593228,0.9686356610468241
2021-07-22,2021-07-22 04:30:00,106.0,82,102.81176896198487,0.9687511887307948
2021-07-22,2021-07-22 04:45:00,108.0,82,101.04598215528559,0.9720716536374331
2021-07-22,2021-07-22 05:00:00,80.0,0,96.9858460876168,0.954685137092076
2021-07-22,2021-07-22 05:15:00,74.0,0,94.49194312972064,0.9526604532069713
2021-07-22,2021-07-22 05:30:00,85.0,0,96.5269513832718,0.9469779927360247
2021-07-22,2021-07-22 05:45:00,103.0,0,107.85287937313973,0.913875073241776
2021-07-22,2021-07-22 06:00:00,104.0,482,108.69434753577931,0.9374336302268639
2021-07-22,2021-07-22 06:15:00,106.0,482,107.92656520080578,0.9385778581531191
2021-07-22,2021-07-22 06:30:00,109.0,482,107.804694204969,0.9227068024411247
2021-07-22,2021-07-22 06:45:00,104.0,482,106.83649931346463,0.961498143721203
2021-07-22,2021-07-22 07:00:00,101.0,1255,107.14165099928867,0.9826691287568301
2021-07-22,2021-07-22 07:15:00,108.0,1255,118.13881920212377,0.9845284143920446
2021-07-22,2021-07-22 07:30:00,132.0,1255,140.2259410054957,0.984297709079211
2021-07-22,2021-07-22 07:45:00,146.0,1255,143.4979061845624,0.9764653729835465
2021-07-22,2021-07-22 08:00:00,184.0,709,161.88016420452504,0.9932223732048784
2021-07-22,2021-07-22 08:15:00,213.0,709,166.43707739752176,0.9926219117628465
2021-07-22,2021-07-22 08:30:00,193.0,709,168.26512058819264,0.9926219117628465
2021-07-22,2021-07-22 08:45:00,196.0,709,168.89751081956462,0.9926219117628465
2021-07-22,2021-07-22 09:00:00,186.0,491,166.08043735064703,0.9932325487069446
2021-07-22,2021-07-22 09:15:00,197.0,491,166.67641180303883,0.993395926186872
2021-07-22,2021-07-22 09:30:00,192.0,491,165.43570738816862,0.993515017536396
2021-07-22,2021-07-22 09:45:00,191.0,491,166.87070900337415,0.9929192682249148
2021-07-22,2021-07-22 10:00:00,148.0,679,162.8146638152713,0.9926223535218591
2021-07-22,2021-07-22 10:15:00,192.0,679,165.87167233545992,0.9920280343120459
2021-07-22,2021-07-22 10:30:00,188.0,679,167.6561871308529,0.9923161382368214
2021-07-22,2021-07-22 10:45:00,190.0,679,167.45527684559136,0.9918953354566663
2021-07-22,2021-07-22 11:00:00,177.0,691,167.65495841698132,0.9920612053253391
2021-07-22,2021-07-22 11:15:00,188.0,691,165.18676293841622,0.9901571595022084
2021-07-22,2021-07-22 11:30:00,188.0,691,164.77972139139993,0.9901560494606982
2021-07-22,2021-07-22 11:45:00,192.0,691,161.6202667984333,0.9905132489615374
2021-07-22,2021-07-22 12:00:00,119.0,30,128.15431814844237,0.9721206423023913
2021-07-22,2021-07-22 12:15:00,99.0,30,107.13844794612837,0.9388904119361736
2021-07-22,2021-07-22 12:30:00,99.0,30,107.1122402346714,0.9335869611051192
2021-07-22,2021-07-22 12:45:00,97.0,30,115.72401794842065,0.924412383589446
2021-07-22,2021-07-22 13:00:00,157.0,2297,161.01617920403788,0.9925672030573063
2021-07-22,2021-07-22 13:15:00,174.0,2297,163.9656385861589,0.9925737581313022
2021-07-22,2021-07-22 13:30:00,177.0,2297,166.52602568768492,0.9929494388413644
2021-07-22,2021-07-22 13:45:00,174.0,2297,166.6547542159584,0.9932895096064771
2021-07-22,2021-07-22 14:00:00,178.0,383,164.09195406361556,0.9932895096064771
2021-07-22,2021-07-22 14:15:00,178.0,383,165.67375495115803,0.9935513169958134
2021-07-22,2021-07-22 14:30:00,182.0,383,165.9701518629987,0.9939270441803879
2021-07-22,2021-07-22 14:45:00,189.0,383,162.44734000567357,0.9939270441803879
2021-07-22,2021-07-22 15:00:00,149.0,727,151.12232779951842,0.9936057129129399
2021-07-22,2021-07-22 15:15:00,143.0,727,145.1563209753106,0.984422068803923
2021-07-22,2021-07-22 15:30:00,182.0,727,162.71454266809116,0.9934725319578441
2021-07-22,2021-07-22 15:45:00,180.0,727,164.08414861396525,0.9934725319578441
2021-07-22,2021-07-22 16:00:00,172.0,634,162.54731621441064,0.9934725319578441
2021-07-22,2021-07-22 16:15:00,166.0,634,163.58202455534638,0.9949811038121602
2021-07-22,2021-07-22 16:30:00,166.0,634,162.7357019713966,0.995313096038623
2021-07-22,2021-07-22 16:45:00,157.0,634,157.7571410753463,0.995313096038623
2021-07-22,2021-07-22 17:00:00,110.0,552,118.70775354118078,0.9771081673047906
2021-07-22,2021-07-22 17:15:00,97.0,552,114.71637038227882,0.9619379993569348
2021-07-22,2021-07-22 17:30:00,133.0,552,140.5347221862411,0.9878498221501156
2021-07-22,2021-07-22 17:45:00,155.0,552,160.1810190805449,0.994676267646591
2021-07-22,2021-07-22 18:00:00,157.0,992,160.74458502399807,0.9944449612658176
2021-07-22,2021-07-22 18:15:00,168.0,992,158.16489390424908,0.9943505865685759
2021-07-22,2021-07-22 18:30:00,160.0,992,148.67224123700672,0.9873890564996045
2021-07-22,2021-07-22 18:45:00,169.0,992,142.90681808203647,0.9865425060797294
2021-07-22,2021-07-22 19:00:00,163.0,4520,147.27207539786974,0.9868453214677932
2021-07-22,2021-07-22 19:15:00,152.0,4520,145.44277004600252,0.9868453214677932
2021-07-22,2021-07-22 19:30:00,162.0,4520,151.4272535616423,0.9941995282289161
2021-07-22,2021-07-22 19:45:00,138.0,4520,151.19311565749578,0.9943607705375778
2021-07-22,2021-07-22 20:00:00,132.0,368,121.57142584260839,0.9653844368958473
2021-07-22,2021-07-22 20:15:00,138.0,368,121.99199918446368,0.9641110302008824
2021-07-22,2021-07-22 20:30:00,127.0,368,114.16450873689197,0.9594379128436982
2021-07-22,2021-07-22 20:45:00,130.0,368,116.0379181671887,0.9559688605526034
2021-07-22,2021-07-22 21:00:00,119.0,0,115.17571254143853,0.9685028537731348
2021-07-22,2021-07-22 21:15:00,119.0,0,116.55192462449736,0.9716162311017571
2021-07-22,2021-07-22 21:30:00,123.0,0,116.9609952192741,0.9761235149383967
2021-07-22,2021-07-22 21:45:00,118.0,0,115.84404258034223,0.9727360601977492
2021-07-22,2021-07-22 22:00:00,104.0,270,109.46733906086973,0.9258549658395704
2021-07-22,2021-07-22 22:15:00,122.0,270,111.0356180127284,0.93515339744067
2021-07-22,2021-07-22 22:30:00,119.0,270,111.31251590077345,0.9413077124793339
2021-07-22,2021-07-22 22:45:00,114.0,270,111.99974229273552,0.9370612001981842
2021-07-22,2021-07-22 23:00:00,107.0,82,110.89382926354239,0.8586486375216653
2021-07-22,2021-07-22 23:15:00,104.0,82,109.42310704666257,0.8676751513736912
2021-07-22,2021-07-22 23:30:00,114.0,82,103.68586082472025,0.8466735810846288
2021-07-22,2021-07-22 23:45:00,104.0,82,98.7502629223439,0.8276423627874914
2021-07-23,2021-07-23 00:00:00,87.0,200,80.7034418256917,0.8267255360037473
2021-07-23,2021-07-23 00:15:00,79.0,200,79.85715689783711,0.7907590190558924
2021-07-23,2021-07-23 00:30:00,74.0,200,80.07408416506831,0.7646806470130132
2021-07-23,2021-07-23 00:45:00,71.0,200,79.80460204317235,0.7876754789444327
2021-07-23,2021-07-23 01:00:00,98.0,91,82.93342693509007,0.9646452171650757
2021-07-23,2021-07-23 01:15:00,111.0,91,90.70367681817801,0.9664854159734381
2021-07-23,2021-07-23 01:30:00,106.0,91,88.34609344781656,0.9640637992539867
2021-07-23,2021-07-23 01:45:00,103.0,91,96.09534879926186,0.9647771371040434
2021-07-23,2021-07-23 02:00:00,104.0,376,87.48453608900613,0.9662553885543333
2021-07-23,2021-07-23 02:15:00,105.0,376,81.5551975503345,0.9697595921341399
2021-07-23,2021-07-23 02:30:00,102.0,376,82.96036612666632,0.973699605828912
2021-07-23,2021-07-23 02:45:00,110.0,376,80.77309139856087,0.963871464037065
2021-07-23,2021-07-23 03:00:00,89.0,102,78.47405994572796,0.9339187532961996
2021-07-23,2021-07-23 03:15:00,103.0,102,81.55513133178512,0.912761881587712
2021-07-23,2021-07-23 03:30:00,109.0,102,78.65042501089373,0.9360177467929007
2021-07-23,2021-07-23 03:45:00,106.0,102,81.48247728669158,0.9236091477098586
2021-07-23,2021-07-23 04:00:00,100.0,162,82.76752538091696,0.8719015612233086
2021-07-23,2021-07-23 04:15:00,97.0,162,82.89736382705334,0.8716013767989516
2021-07-23,2021-07-23 04:30:00,101.0,162,82.9641947460545,0.8518848265325509
2021-07-23,2021-07-23 04:45:00,98.0,162,81.18266182011769,0.8787984744065178
2021-07-23,2021-07-23 05:00:00,87.0,0,90.28703768319161,0.8972784468324159
2021-07-23,2021-07-23 05:15:00,76.0,0,80.8875713160186,0.8548880656122056
2021-07-23,2021-07-23 05:30:00,93.0,0,91.46332684301487,0.8781440504616009
2021-07-23,2021-07-23 05:45:00,99.0,0,83.5275770237677,0.8522965429553487
2021-07-23,2021-07-23 06:00:00,103.0,0,81.86233764196984,0.9448269852073209
2021-07-23,2021-07-23 06:15:00,105.0,0,81.23155962048537,0.9505690805050184
2021-07-23,2021-07-23 06:30:00,100.0,0,94.0032779782767,0.9553751858830349
2021-07-23,2021-07-23 06:45:00,105.0,0,79.5496823604311,0.9497895599958335
2021-07-23,2021-07-23 07:00:00,98.0,2387,78.90612713403978,0.9832434230307617
2021-07-23,2021-07-23 07:15:00,104.0,2387,81.47333551600953,0.9814947548138263
2021-07-23,2021-07-23 07:30:00,143.0,2387,148.19986652721192,0.9795822861892011
2021-07-23,2021-07-23 07:45:00,144.0,2387,147.7684162330242,0.9789716518013759
2021-07-23,2021-07-23 08:00:00,169.0,999,159.81978020709374,0.9977869298255585
2021-07-23,2021-07-23 08:15:00,202.0,999,172.49824613508014,0.9980132519485162
2021-07-23,2021-07-23 08:30:00,199.0,999,180.0043813226888,0.998103929882163
2021-07-23,2021-07-23 08:45:00,192.0,999,176.31705636362457,0.9980419867532073
2021-07-23,2021-07-23 09:00:00,179.0,1838,170.0866597147484,0.9976048446124237
2021-07-23,2021-07-23 09:15:00,183.0,1838,168.09251628845792,0.9977389407870326
2021-07-23,2021-07-23 09:30:00,190.0,1838,169.51679075354465,0.9977389407870326
2021-07-23,2021-07-23 09:45:00,189.0,1838,169.37644624712465,0.9977948195548318
2021-07-23,2021-07-23 10:00:00,162.0,1231,126.49091457741905,0.9848431568885173
2021-07-23,2021-07-23 10:15:00,189.0,1231,168.10709944199442,0.9978430404975849
2021-07-23,2021-07-23 10:30:00,182.0,1231,172.34219735397477,0.9978713665937059
2021-07-23,2021-07-23 10:45:00,182.0,1231,175.03058933346645,0.9978713665937059
2021-07-23,2021-07-23 11:00:00,179.0,1813,170.93182818829084,0.9979677134409187
2021-07-23,2021-07-23 11:15:00,185.0,1813,172.1708198868089,0.9977269232467421
2021-07-23,2021-07-23 11:30:00,199.0,1813,174.57089121156648,0.9977879256863706
2021-07-23,2021-07-23 11:45:00,189.0,1813,171.985216112505,0.9979069032482748
2021-07-23,2021-07-23 12:00:00,125.0,0,116.86127866108126,0.9810276794912419
2021-07-23,2021-07-23 12:15:00,110.0,0,96.84615815752304,0.9700606759741812
2021-07-23,2021-07-23 12:30:00,108.0,0,83.79453219636562,0.9691908494990007
2021-07-23,2021-07-23 12:45:00,109.0,0,85.85337991268321,0.9687002117304716
2021-07-23,2021-07-23 13:00:00,161.0,979,167.26359650988394,0.998319818989676
2021-07-23,2021-07-23 13:15:00,192.0,979,175.22612664552867,0.9985683978132575
2021-07-23,2021-07-23 13:30:00,178.0,979,175.5868793535243,0.9986200145344872
2021-07-23,2021-07-23 13:45:00,188.0,979,170.68813790690092,0.9985707395700535
2021-07-23,2021-07-23 14:00:00,177.0,1335,169.0443174762417,0.9984911384466657
2021-07-23,2021-07-23 14:15:00,186.0,1335,169.23546798940063,0.998499627454561
2021-07-23,2021-07-23 14:30:00,190.0,1335,174.3566182241506,0.9986732370424761
2021-07-23,2021-07-23 14:45:00,183.0,1335,176.86688803798285,0.9986732370424761
2021-07-23,2021-07-23 15:00:00,152.0,923,149.38827682912978,0.9970759044704295
2021-07-23,2021-07-23 15:15:00,151.0,923,147.8780771424963,0.997194187659264
2021-07-23,2021-07-23 15:30:00,192.0,923,171.5236885502034,0.9986168692537883
2021-07-23,2021-07-23 15:45:00,206.0,923,175.07174977467233,0.9986168692537883
2021-07-23,2021-07-23 16:00:00,195.0,6161,164.03286218113823,0.9986168692537883
2021-07-23,2021-07-23 16:15:00,197.0,6161,160.51236921978918,0.9987607655587485
2021-07-23,2021-07-23 16:30:00,188.0,6161,156.82293160640904,0.9986480398041555
2021-07-23,2021-07-23 16:45:00,177.0,6161,158.79859764694226,0.9987059822294476
2021-07-23,2021-07-23 17:00:00,110.0,555,93.81377855186825,0.9950333295651465
2021-07-23,2021-07-23 17:15:00,111.0,555,86.95629098907094,0.9924754158059412
2021-07-23,2021-07-23 17:30:00,154.0,555,153.5823840103568,0.9982253237841217
2021-07-23,2021-07-23 17:45:00,178.0,555,159.16252325276534,0.9983970380814733
2021-07-23,2021-07-23 18:00:00,175.0,1693,160.76734738469395,0.9983970380814733
2021-07-23,2021-07-23 18:15:00,174.0,1693,157.4725602535294,0.9980720202927555
2021-07-23,2021-07-23 18:30:00,173.0,1693,153.8830138332768,0.997886110776937
2021-07-23,2021-07-23 18:45:00,176.0,1693,154.04767404425965,0.9978431347221653
2021-07-23,2021-07-23 19:00:00,165.0,2039,137.40258519108647,0.9962452740678649
2021-07-23,2021-07-23 19:15:00,148.0,2039,131.30192258161338,0.9959950346589278
2021-07-23,2021-07-23 19:30:00,145.0,2039,138.31395887950308,0.9961614935084515
2021-07-23,2021-07-23 19:45:00,120.0,2039,112.02287305155635,0.9916371226780069
2021-07-23,2021-07-23 20:00:00,107.0,113,89.74248417526138,0.9684042748641024
2021-07-23,2021-07-23 20:15:00,115.0,113,94.04772501561268,0.9601401318131938
2021-07-23,2021-07-23 20:30:00,115.0,113,98.70556692071693,0.9653773669191926
2021-07-23,2021-07-23 20:45:00,105.0,113,93.65111631851276,0.9768372656133533
2021-07-23,2021-07-23 21:00:00,104.0,12,91.283508463941,0.9564313972483208
2021-07-23,2021-07-23 21:15:00,110.0,12,89.38994635304657,0.9549534191612018
2021-07-23,2021-07-23 21:30:00,107.0,12,88.86269191651036,0.9630985747553003
2021-07-23,2021-07-23 21:45:00,105.0,12,92.01125620764171,0.9703364747244297
2021-07-23,2021-07-23 22:00:00,93.0,371,97.0413679890077,0.9482759883671801
2021-07-23,2021-07-23 22:15:00,104.0,371,88.10110904867372,0.9409855148435287
2021-07-23,2021-07-23 22:30:00,107.0,371,90.76139012786341,0.9453214394654077
2021-07-23,2021-07-23 22:45:00,96.0,371,98.98613282631403,0.9364251665531867
2021-07-23,2021-07-23 23:00:00,98.0,180,87.7076839459304,0.8696253430166476
2021-07-23,2021-07-23 23:15:00,111.0,180,87.94326558777729,0.8682499396795393
2021-07-23,2021-07-23 23:30:00,107.0,180,89.39988699997028,0.8817853813693225
2021-07-23,2021-07-23 23:45:00,91.0,180,84.88611776726128,0.907636428589542
2021-07-24,2021-07-24 00:00:00,72.0,0,66.0,0.3442596312161466
2021-07-24,2021-07-24 00:15:00,67.0,0,65.39152561933435,0.537466444783007
2021-07-24,2021-07-24 00:30:00,65.0,0,62.0,0.4605232492095691
2021-07-24,2021-07-24 00:45:00,69.0,0,63.0,0.46243553657625197
2021-07-24,2021-07-24 01:00:00,93.0,501,89.39594170897139,0.7846397473925144
2021-07-24,2021-07-24 01:15:00,92.0,501,95.9140810652577,0.8190254151716939
2021-07-24,2021-07-24 01:30:00,101.0,501,97.17998145629166,0.8320333987754829
2021-07-24,2021-07-24 01:45:00,99.0,501,101.3192510645022,0.8419032429960862
2021-07-24,2021-07-24 02:00:00,100.0,51,96.79006913941103,0.8182704266402077
2021-07-24,2021-07-24 02:15:00,99.0,51,98.37884079121102,0.8138403446941515
2021-07-24,2021-07-24 02:30:00,97.0,51,102.80941632142324,0.8212401775853027
2021-07-24,2021-07-24 02:45:00,84.0,51,98.59790589510301,0.8197773945431781
2021-07-24,2021-07-24 03:00:00,72.0,42,91.1077857300623,0.884006436964583
2021-07-24,2021-07-24 03:15:00,96.0,42,103.74269755597595,0.90720135031497
2021-07-24,2021-07-24 03:30:00,104.0,42,102.03984040084724,0.9086422719188457
2021-07-24,2021-07-24 03:45:00,101.0,42,98.56257096784879,0.9040965655713871
2021-07-24,2021-07-24 04:00:00,100.0,262,104.38153014160973,0.8761094787896723
2021-07-24,2021-07-24 04:15:00,98.0,262,102.57263461954038,0.8779708847008083
2021-07-24,2021-07-24 04:30:00,98.0,262,103.86189129359886,0.8614305999567701
2021-07-24,2021-07-24 04:45:00,90.0,262,94.74338593839067,0.8445230385757528
2021-07-24,2021-07-24 05:00:00,75.0,62,84.27120014125099,0.8011041175827253
2021-07-24,2021-07-24 05:15:00,69.0,62,77.52145358497303,0.7704956412509688
2021-07-24,2021-07-24 05:30:00,87.0,62,91.53552678091637,0.8065620303993719
2021-07-24,2021-07-24 05:45:00,91.0,62,96.84365871870646,0.8137836330646485
2021-07-24,2021-07-24 06:00:00,98.0,919,107.2063129871942,0.9112435483220698
2021-07-24,2021-07-24 06:15:00,97.0,919,110.56936775368546,0.9169409120412454
2021-07-24,2021-07-24 06:30:00,96.0,919,109.38245161540017,0.9073335771108868
2021-07-24,2021-07-24 06:45:00,87.0,919,106.60490650414202,0.9163679973009565
2021-07-24,2021-07-24 07:00:00,81.0,482,111.03841156501731,0.9703007246723715
2021-07-24,2021-07-24 07:15:00,75.0,482,102.6046985280821,0.9643846611021258
2021-07-24,2021-07-24 07:30:00,56.0,482,94.2951565136017,0.9574947733424533
2021-07-24,2021-07-24 07:45:00,32.0,482,67.51688162268978,0.6182042937518151
2021-07-24,2021-07-24 08:00:00,28.0,0,25.0,0.0483316256125686
2021-07-24,2021-07-24 08:15:00,23.0,0,27.0,0.145168834228704
2021-07-24,2021-07-24 08:30:00,23.0,0,24.0,0.04137984133568404
2021-07-24,2021-07-24 08:45:00,24.0,0,23.0,0.04018094836303654
2021-07-24,2021-07-24 09:00:00,24.0,0,23.0,0.031347997501550255
2021-07-24,2021-07-24 09:15:00,24.0,0,23.0,0.0269368934296766
2021-07-24,2021-07-24 09:30:00,24.0,0,22.0,0.0269368934296766
2021-07-24,2021-07-24 09:45:00,24.0,0,24.0,0.009669169754904975
2021-07-24,2021-07-24 10:00:00,24.0,0,24.0,0.025601541788594494
2021-07-24,2021-07-24 10:15:00,24.0,0,23.0,0.03533260246250307
2021-07-24,2021-07-24 10:30:00,24.0,0,23.0,0.0337914190290653
2021-07-24,2021-07-24 10:45:00,24.0,0,23.0,0.027867654680814726
2021-07-24,2021-07-24 11:00:00,26.0,0,23.0,0.0402782090241323
2021-07-24,2021-07-24 11:15:00,27.0,0,24.0,0.030611537773024992
2021-07-24,2021-07-24 11:30:00,29.0,0,23.0,0.022569872835775308
2021-07-24,2021-07-24 11:45:00,25.0,0,27.0,0.031296766063483666
2021-07-24,2021-07-24 12:00:00,24.0,0,26.0,0.005351371597080368
2021-07-24,2021-07-24 12:15:00,22.0,0,24.0,0.004355076393896838
2021-07-24,2021-07-24 12:30:00,23.0,0,23.0,0.0030558757983452337
2021-07-24,2021-07-24 12:45:00,23.0,0,24.0,0.004294283123349249
2021-07-24,2021-07-24 13:00:00,23.0,0,24.0,0.015160719722406589
2021-07-24,2021-07-24 13:15:00,24.0,0,23.0,0.011425842782398488
2021-07-24,2021-07-24 13:30:00,24.0,0,23.0,0.003310742492088612
2021-07-24,2021-07-24 13:45:00,24.0,0,23.0,0.0033370848769154393
2021-07-24,2021-07-24 14:00:00,24.0,0,23.0,0.0032767128551706194
2021-07-24,2021-07-24 14:15:00,24.0,0,24.0,0.004866412599964629
2021-07-24,2021-07-24 14:30:00,24.0,0,23.0,0.003589667912280251
2021-07-24,2021-07-24 14:45:00,24.0,0,23.0,0.003589667912280251
2021-07-24,2021-07-24 15:00:00,27.0,0,28.0,0.012871957968652419
2021-07-24,2021-07-24 15:15:00,28.0,0,27.0,0.006813588389502556
2021-07-24,2021-07-24 15:30:00,24.0,0,23.0,0.004323431738367684
2021-07-24,2021-07-24 15:45:00,24.0,0,23.0,0.00437235053287171
2021-07-24,2021-07-24 16:00:00,24.0,0,23.0,0.00437235053287171
2021-07-24,2021-07-24 16:15:00,24.0,0,23.0,0.011046974845515726
2021-07-24,2021-07-24 16:30:00,24.0,0,24.0,0.007215966462566315
2021-07-24,2021-07-24 16:45:00,25.0,0,22.0,0.004396521588036999
2021-07-24,2021-07-24 17:00:00,24.0,0,22.0,0.004457602595952791
2021-07-24,2021-07-24 17:15:00,24.0,0,22.0,0.004840902122500597
2021-07-24,2021-07-24 17:30:00,24.0,0,23.0,0.004124898359163725
2021-07-24,2021-07-24 17:45:00,24.0,0,22.0,0.004193942211277599
2021-07-24,2021-07-24 18:00:00,24.0,0,22.0,0.004193942211277599
2021-07-24,2021-07-24 18:15:00,23.0,0,25.0,0.006686945964376517
2021-07-24,2021-07-24 18:30:00,24.0,0,27.0,0.0061003752582592975
2021-07-24,2021-07-24 18:45:00,29.0,0,23.0,0.0031614463448950874
2021-07-24,2021-07-24 19:00:00,28.0,0,22.0,0.003254445607636866
2021-07-24,2021-07-24 19:15:00,24.0,0,23.0,0.0032699055466075223
2021-07-24,2021-07-24 19:30:00,23.0,0,23.0,0.003324686035988305
2021-07-24,2021-07-24 19:45:00,23.0,0,23.0,0.0032332810871104475
2021-07-24,2021-07-24 20:00:00,23.0,0,23.0,0.004517802899233767
2021-07-24,2021-07-24 20:15:00,23.0,0,22.0,0.004564389876067493
2021-07-24,2021-07-24 20:30:00,24.0,0,23.0,0.004564389876067493
2021-07-24,2021-07-24 20:45:00,25.0,0,23.0,0.004696136209651849
2021-07-24,2021-07-24 21:00:00,24.0,0,24.0,0.005864836329970779
2021-07-24,2021-07-24 21:15:00,24.0,0,24.0,0.005877082816446838
2021-07-24,2021-07-24 21:30:00,25.0,0,23.0,0.004375348673670466
2021-07-24,2021-07-24 21:45:00,25.0,0,24.0,0.00536958670357968
2021-07-24,2021-07-24 22:00:00,24.0,0,28.0,0.011115192851267282
2021-07-24,2021-07-24 22:15:00,25.0,0,24.0,0.004952183705052428
2021-07-24,2021-07-24 22:30:00,28.0,0,24.0,0.004406883370153676
2021-07-24,2021-07-24 22:45:00,25.0,0,24.0,0.003980770046458123
2021-07-24,2021-07-24 23:00:00,24.0,0,23.0,0.00222328895763726
2021-07-24,2021-07-24 23:15:00,24.0,0,22.0,0.0023123017980794785
2021-07-24,2021-07-24 23:30:00,24.0,0,23.0,0.0021540062270106555
2021-07-24,2021-07-24 23:45:00,24.0,0,24.0,0.0027808329341784087
2021-07-25,2021-07-25 00:00:00,24.0,0,23.0,0.0005308873699235655
2021-07-25,2021-07-25 00:15:00,24.0,0,22.0,0.0005308873699235655
2021-07-25,2021-07-25 00:30:00,24.0,0,23.0,0.0005308873699235655
2021-07-25,2021-07-25 00:45:00,24.0,0,24.0,0.0005769958551385316
2021-07-25,2021-07-25 01:00:00,24.0,0,28.0,0.000922250625798282
2021-07-25,2021-07-25 01:15:00,24.0,0,26.0,0.0006620240140459015
2021-07-25,2021-07-25 01:30:00,24.0,0,23.0,0.0008110867864095899
2021-07-25,2021-07-25 01:45:00,26.0,0,23.0,0.0006337131240743983
2021-07-25,2021-07-25 02:00:00,29.0,0,23.0,0.0007329805587270699
2021-07-25,2021-07-25 02:15:00,25.0,0,23.0,0.0007329805587270699
2021-07-25,2021-07-25 02:30:00,23.0,0,23.0,0.0007757687249299505
2021-07-25,2021-07-25 02:45:00,24.0,0,24.0,0.000794794997113678
2021-07-25,2021-07-25 03:00:00,24.0,0,22.0,0.0007522505527446234
2021-07-25,2021-07-25 03:15:00,26.0,0,23.0,0.001251497823359018
2021-07-25,2021-07-25 03:30:00,23.0,0,24.0,0.001233254578666341
2021-07-25,2021-07-25 03:45:00,23.0,0,23.0,0.001251497823359018
2021-07-25,2021-07-25 04:00:00,23.0,0,23.0,0.001667810947092049
2021-07-25,2021-07-25 04:15:00,24.0,0,28.0,0.0021941107347926664
2021-07-25,2021-07-25 04:30:00,24.0,0,25.0,0.0021104906212499426
2021-07-25,2021-07-25 04:45:00,24.0,0,23.0,0.0017319635669212942
2021-07-25,2021-07-25 05:00:00,24.0,0,22.0,0.0017512893224845383
2021-07-25,2021-07-25 05:15:00,24.0,0,22.0,0.0017650345933839303
2021-07-25,2021-07-25 05:30:00,28.0,0,22.0,0.0016195695738363668
2021-07-25,2021-07-25 05:45:00,27.0,0,22.0,0.001406172848619011
2021-07-25,2021-07-25 06:00:00,23.0,0,23.0,0.0016930238145174829
2021-07-25,2021-07-25 06:15:00,24.0,0,23.0,0.0016930238145174829
2021-07-25,2021-07-25 06:30:00,24.0,0,23.0,0.0016930238145174829
2021-07-25,2021-07-25 06:45:00,24.0,0,22.0,0.0016952307001352593
2021-07-25,2021-07-25 07:00:00,24.0,0,23.0,0.0018723162078397907
2021-07-25,2021-07-25 07:15:00,24.0,0,25.0,0.0023036936128959062
2021-07-25,2021-07-25 07:30:00,24.0,0,28.0,0.0019748643203017007
2021-07-25,2021-07-25 07:45:00,24.0,0,25.0,0.0016970376455689986
2021-07-25,2021-07-25 08:00:00,24.0,0,22.0,0.0014160816855321506
2021-07-25,2021-07-25 08:15:00,23.0,0,23.0,0.0014289096097704918
2021-07-25,2021-07-25 08:30:00,23.0,0,23.0,0.001032367260136087
2021-07-25,2021-07-25 08:45:00,24.0,0,24.0,0.0010925861193089353
2021-07-25,2021-07-25 09:00:00,25.0,0,22.0,0.00047613890219145276
2021-07-25,2021-07-25 09:15:00,29.0,0,23.0,0.0004903483167672012
2021-07-25,2021-07-25 09:30:00,25.0,0,23.0,0.0004903483167672012
2021-07-25,2021-07-25 09:45:00,24.0,0,23.0,0.0004713780092157357
2021-07-25,2021-07-25 10:00:00,24.0,0,22.0,0.0004072918166176466
2021-07-25,2021-07-25 10:15:00,23.0,0,22.0,0.0004603490341599225
2021-07-25,2021-07-25 10:30:00,24.0,0,23.0,0.0004603490341599225
2021-07-25,2021-07-25 10:45:00,24.0,0,23.0,0.0005330139568965729
2021-07-25,2021-07-25 11:00:00,23.0,0,24.0,0.0005851623654616231
2021-07-25,2021-07-25 11:15:00,23.0,0,27.0,0.0006189301772624257
2021-07-25,2021-07-25 11:30:00,24.0,0,23.0,0.0007264694302256089
2021-07-25,2021-07-25 11:45:00,24.0,0,24.0,0.0005658366919706239
2021-07-25,2021-07-25 12:00:00,26.0,0,23.0,0.0005005020472160255
2021-07-25,2021-07-25 12:15:00,25.0,0,23.0,0.00048014378050722633
2021-07-25,2021-07-25 12:30:00,28.0,0,22.0,0.00048559772300849963
2021-07-25,2021-07-25 12:45:00,26.0,0,23.0,0.00048014378050722633
2021-07-25,2021-07-25 13:00:00,24.0,0,23.0,0.0004497940659362593
2021-07-25,2021-07-25 13:15:00,24.0,0,23.0,0.0004969105276213738
2021-07-25,2021-07-25 13:30:00,24.0,0,23.0,0.0004294346058367886
2021-07-25,2021-07-25 13:45:00,23.0,0,23.0,0.00042500801145450867
2021-07-25,2021-07-25 14:00:00,24.0,0,24.0,0.0005036087444238112
2021-07-25,2021-07-25 14:15:00,24.0,0,25.0,0.0005118117519284669
2021-07-25,2021-07-25 14:30:00,25.0,0,27.0,0.0008276484696406815
2021-07-25,2021-07-25 14:45:00,24.0,0,24.0,0.0006951224513036296
2021-07-25,2021-07-25 15:00:00,24.0,0,24.0,0.0004410810777038417
2021-07-25,2021-07-25 15:15:00,24.0,0,26.0,0.0004877792320559176
2021-07-25,2021-07-25 15:30:00,25.0,0,24.0,0.0004916295466827849
2021-07-25,2021-07-25 15:45:00,25.0,0,23.0,0.0004161568969689557
2021-07-25,2021-07-25 16:00:00,29.0,0,23.0,0.0004161568969689557
2021-07-25,2021-07-25 16:15:00,27.0,0,23.0,0.0004161568969689557
2021-07-25,2021-07-25 16:30:00,25.0,0,23.0,0.0004161568969689557
2021-07-25,2021-07-25 16:45:00,24.0,0,23.0,0.0004161568969689557
2021-07-25,2021-07-25 17:00:00,24.0,0,23.0,0.0004975931474453485
2021-07-25,2021-07-25 17:15:00,24.0,0,24.0,0.0005858685448667818
2021-07-25,2021-07-25 17:30:00,24.0,0,23.0,0.0004292514214981038
2021-07-25,2021-07-25 17:45:00,23.0,0,27.0,0.0005558221755699365
2021-07-25,2021-07-25 18:00:00,23.0,0,25.0,0.0005032248794831483
2021-07-25,2021-07-25 18:15:00,24.0,0,23.0,0.000416951331576345
2021-07-25,2021-07-25 18:30:00,23.0,0,23.0,0.000416951331576345
2021-07-25,2021-07-25 18:45:00,23.0,0,23.0,0.000416951331576345
2021-07-25,2021-07-25 19:00:00,24.0,0,23.0,0.0004292514214981038
2021-07-25,2021-07-25 19:15:00,24.0,0,23.0,0.00043361706852383116
2021-07-25,2021-07-25 19:30:00,25.0,0,23.0,0.00043246545901415073
2021-07-25,2021-07-25 19:45:00,28.0,0,22.0,0.00048279417364261823
2021-07-25,2021-07-25 20:00:00,23.0,0,23.0,0.0009630284011618564
2021-07-25,2021-07-25 20:15:00,24.0,0,23.0,0.0008117216705224043
2021-07-25,2021-07-25 20:30:00,24.0,0,22.0,0.000817251233378538
2021-07-25,2021-07-25 20:45:00,24.0,0,23.0,0.0009282789880442773
2021-07-25,2021-07-25 21:00:00,24.0,0,26.0,0.0008194664157506904
2021-07-25,2021-07-25 21:15:00,24.0,0,28.0,0.0014886142587965763
2021-07-25,2021-07-25 21:30:00,23.0,0,23.0,0.0006576440154442907
2021-07-25,2021-07-25 21:45:00,24.0,0,24.0,0.0008071924106683756
2021-07-25,2021-07-25 22:00:00,23.0,0,23.0,0.0006724282203356021
2021-07-25,2021-07-25 22:15:00,24.0,0,23.0,0.0006343217168455272
2021-07-25,2021-07-25 22:30:00,24.0,0,24.0,0.0006837287387200648
2021-07-25,2021-07-25 22:45:00,24.0,0,24.0,0.0007031614242575828
2021-07-25,2021-07-25 23:00:00,26.0,0,23.0,0.0005463921492222712
2021-07-25,2021-07-25 23:15:00,28.0,0,22.0,0.0004912833354625377
2021-07-25,2021-07-25 23:30:00,24.0,0,22.0,0.0005253228046443423
2021-07-25,2021-07-25 23:45:00,24.0,0,23.0,0.0005554147921703182
2021-07-26,2021-07-26 00:00:00,24.0,0,23.0,0.001617639388104425
2021-07-26,2021-07-26 00:15:00,24.0,0,25.0,0.002997616721540781
2021-07-26,2021-07-26 00:30:00,24.0,0,28.0,0.0037476919423087974
2021-07-26,2021-07-26 00:45:00,24.0,0,26.0,0.0027193872414765724
2021-07-26,2021-07-26 01:00:00,23.0,0,24.0,0.0018519771074277285
2021-07-26,2021-07-26 01:15:00,24.0,0,24.0,0.0018519771074277285
2021-07-26,2021-07-26 01:30:00,24.0,0,23.0,0.0012932089868484347
2021-07-26,2021-07-26 01:45:00,24.0,0,23.0,0.0012932089868484347
2021-07-26,2021-07-26 02:00:00,24.0,0,23.0,0.001642793543363595
2021-07-26,2021-07-26 02:15:00,24.0,0,22.0,0.001642793543363595
2021-07-26,2021-07-26 02:30:00,24.0,0,24.0,0.0025291967864603322
2021-07-26,2021-07-26 02:45:00,27.0,0,24.0,0.0029923719966810426
2021-07-26,2021-07-26 03:00:00,27.0,0,24.0,0.004556414653596551
2021-07-26,2021-07-26 03:15:00,24.0,0,23.0,0.002438699653711736
2021-07-26,2021-07-26 03:30:00,24.0,0,22.0,0.0020940895801390075
2021-07-26,2021-07-26 03:45:00,24.0,0,23.0,0.0027216172419010413
2021-07-26,2021-07-26 04:00:00,23.0,0,27.0,0.004119926561262593
2021-07-26,2021-07-26 04:15:00,23.0,0,27.0,0.003059589209625506
2021-07-26,2021-07-26 04:30:00,24.0,0,22.0,0.002515803485049431
2021-07-26,2021-07-26 04:45:00,24.0,0,22.0,0.0033417333471678834
2021-07-26,2021-07-26 05:00:00,24.0,0,22.0,0.0038720541176626077
2021-07-26,2021-07-26 05:15:00,24.0,0,23.0,0.006685621448776715
2021-07-26,2021-07-26 05:30:00,23.0,0,23.0,0.003505293298185458
2021-07-26,2021-07-26 05:45:00,23.0,0,23.0,0.0030888960147542406
2021-07-26,2021-07-26 06:00:00,25.0,0,23.0,0.0029285275675598904
2021-07-26,2021-07-26 06:15:00,26.0,0,23.0,0.0033657670878999677
2021-07-26,2021-07-26 06:30:00,26.0,0,22.0,0.0033657670878999677
2021-07-26,2021-07-26 06:45:00,27.0,0,23.0,0.004575767823138818
2021-07-26,2021-07-26 07:00:00,30.0,0,24.0,0.01018910412164579
2021-07-26,2021-07-26 07:15:00,50.0,0,39.0,0.022247038445960737
2021-07-26,2021-07-26 07:30:00,75.0,0,76.0,0.01885168512431899
2021-07-26,2021-07-26 07:45:00,127.0,0,119.0,0.021116676938388704
2021-07-26,2021-07-26 08:00:00,177.0,805,167.47986377099457,0.9913329959382314
2021-07-26,2021-07-26 08:15:00,217.0,805,194.0581047145024,0.9967918675775088
2021-07-26,2021-07-26 08:30:00,206.0,805,194.06248964407823,0.9967918675775088
2021-07-26,2021-07-26 08:45:00,191.0,805,192.8930987853703,0.9958280923761745
2021-07-26,2021-07-26 09:00:00,182.0,1283,189.41819218462217,0.9962875019871551
2021-07-26,2021-07-26 09:15:00,178.0,1283,187.44612857701483,0.9962875019871551
2021-07-26,2021-07-26 09:30:00,189.0,1283,184.49984187999317,0.9962875019871551
2021-07-26,2021-07-26 09:45:00,186.0,1283,185.71673935765781,0.9963146768263653
2021-07-26,2021-07-26 10:00:00,148.0,1149,161.9457501794426,0.9959232167274692
2021-07-26,2021-07-26 10:15:00,192.0,1149,182.52832871812993,0.9965545611860125
2021-07-26,2021-07-26 10:30:00,191.0,1149,186.05890967604458,0.9966852947527689
2021-07-26,2021-07-26 10:45:00,207.0,1149,186.28527538005312,0.9966852947527689
2021-07-26,2021-07-26 11:00:00,202.0,3069,187.22113396139645,0.9963714701878752
2021-07-26,2021-07-26 11:15:00,190.0,3069,186.98216384377767,0.9960420053501586
2021-07-26,2021-07-26 11:30:00,182.0,3069,187.41631887780747,0.985569619625962
2021-07-26,2021-07-26 11:45:00,186.0,3069,183.94913143390457,0.9961226909576026
2021-07-26,2021-07-26 12:00:00,130.0,0,122.28246553562501,0.9750363450911064
2021-07-26,2021-07-26 12:15:00,111.0,0,107.3672473747257,0.9543898933385679
2021-07-26,2021-07-26 12:30:00,105.0,0,105.96799283096226,0.9305624190809508
2021-07-26,2021-07-26 12:45:00,106.0,0,110.62158098603155,0.9346496154992957
2021-07-26,2021-07-26 13:00:00,151.0,1969,167.2402040640063,0.9973499688276439
2021-07-26,2021-07-26 13:15:00,178.0,1969,178.43484978476795,0.9969925503592274
2021-07-26,2021-07-26 13:30:00,180.0,1969,183.96668873201932,0.9969730503353557
2021-07-26,2021-07-26 13:45:00,167.0,1969,178.55792769112884,0.9969730503353557
2021-07-26,2021-07-26 14:00:00,176.0,669,179.21630164582047,0.9969730503353557
2021-07-26,2021-07-26 14:15:00,182.0,669,183.36325923023983,0.9981462989300014
2021-07-26,2021-07-26 14:30:00,199.0,669,182.5826966743052,0.9981462989300014
2021-07-26,2021-07-26 14:45:00,185.0,669,186.15443538829962,0.9981462989300014
2021-07-26,2021-07-26 15:00:00,137.0,2463,160.31453006042673,0.994181428865841
2021-07-26,2021-07-26 15:15:00,136.0,2463,160.56339311530647,0.9822690290074235
2021-07-26,2021-07-26 15:30:00,180.0,2463,184.6213083992983,0.9968699610899566
2021-07-26,2021-07-26 15:45:00,177.0,2463,186.18776702063076,0.9968699610899566
2021-07-26,2021-07-26 16:00:00,163.0,1238,173.33564527903044,0.9968699610899566
2021-07-26,2021-07-26 16:15:00,163.0,1238,169.44104424867174,0.998208294426441
2021-07-26,2021-07-26 16:30:00,177.0,1238,173.05547031747304,0.9981675133969146
2021-07-26,2021-07-26 16:45:00,173.0,1238,172.37425811029547,0.9981725120038527
2021-07-26,2021-07-26 17:00:00,122.0,6579,121.7204369454678,0.9902804359153868
2021-07-26,2021-07-26 17:15:00,108.0,6579,111.11904828284763,0.9709603816557568
2021-07-26,2021-07-26 17:30:00,144.0,6579,154.9979945006093,0.997994279540942
2021-07-26,2021-07-26 17:45:00,169.0,6579,170.67202903065402,0.997994279540942
2021-07-26,2021-07-26 18:00:00,186.0,1120,169.01641279662834,0.997994279540942
2021-07-26,2021-07-26 18:15:00,181.0,1120,164.25144738447082,0.9981914665227987
2021-07-26,2021-07-26 18:30:00,169.0,1120,166.61635797216107,0.9977495399311795
2021-07-26,2021-07-26 18:45:00,162.0,1120,156.25057348257164,0.9916945550502374
2021-07-26,2021-07-26 19:00:00,169.0,3479,161.43197355659012,0.9955353574978126
2021-07-26,2021-07-26 19:15:00,177.0,3479,166.50495851576534,0.9977495399311795
2021-07-26,2021-07-26 19:30:00,160.0,3479,166.09007418337586,0.9976740783228556
2021-07-26,2021-07-26 19:45:00,122.0,3479,124.97530815249733,0.9936154479008903
2021-07-26,2021-07-26 20:00:00,98.0,19,115.76987912622003,0.8272397439375114
2021-07-26,2021-07-26 20:15:00,103.0,19,117.04621763846332,0.8254940323436514
2021-07-26,2021-07-26 20:30:00,103.0,19,127.30238181956912,0.9231520418345349
2021-07-26,2021-07-26 20:45:00,102.0,19,122.67714393443293,0.8955242406517094
2021-07-26,2021-07-26 21:00:00,105.0,0,120.87920422441594,0.8979077458555902
2021-07-26,2021-07-26 21:15:00,108.0,0,121.92373755818404,0.9272123603499752
2021-07-26,2021-07-26 21:30:00,116.0,0,118.62387095474476,0.904423590813095
2021-07-26,2021-07-26 21:45:00,110.0,0,115.42788153945313,0.8983874865779029
2021-07-26,2021-07-26 22:00:00,96.0,132,100.75366182489971,0.746582925207267
2021-07-26,2021-07-26 22:15:00,112.0,132,111.95729886610789,0.7942875237302984
2021-07-26,2021-07-26 22:30:00,116.0,132,110.45018993052963,0.7042503692347668
2021-07-26,2021-07-26 22:45:00,114.0,132,114.1860766276104,0.8539014923433658
2021-07-26,2021-07-26 23:00:00,106.0,48,114.34244639756291,0.8703190322389717
2021-07-26,2021-07-26 23:15:00,107.0,48,113.99599918975026,0.8790965979211948
2021-07-26,2021-07-26 23:30:00,95.0,48,105.07564043867535,0.8237788736760585
2021-07-26,2021-07-26 23:45:00,72.0,48,88.00020736820144,0.7374203113499229
2021-07-27,2021-07-27 00:00:00,70.0,89,70.5478351240017,0.5853752704475117
2021-07-27,2021-07-27 00:15:00,70.0,89,61.09106209920424,0.6004886239145487
2021-07-27,2021-07-27 00:30:00,67.0,89,60.9775916983387,0.5877355474345112
2021-07-27,2021-07-27 00:45:00,65.0,89,61.170971613506616,0.5877355474345112
2021-07-27,2021-07-27 01:00:00,84.0,63,80.24383524505026,0.8351368613582453
2021-07-27,2021-07-27 01:15:00,106.0,63,100.7728723838004,0.8622035119016052
2021-07-27,2021-07-27 01:30:00,109.0,63,103.53111649238276,0.8410323089440804
2021-07-27,2021-07-27 01:45:00,110.0,63,102.8050964118303,0.8747809908832439
2021-07-27,2021-07-27 02:00:00,116.0,4,102.1991476510062,0.855212526446127
2021-07-27,2021-07-27 02:15:00,113.0,4,104.11351366094654,0.9522958772333671
2021-07-27,2021-07-27 02:30:00,119.0,4,101.64989581289575,0.963125764812469
2021-07-27,2021-07-27 02:45:00,112.0,4,102.76452069970847,0.9526134940175812
2021-07-27,2021-07-27 03:00:00,95.0,74,93.31310365239158,0.9605634738380494
2021-07-27,2021-07-27 03:15:00,109.0,74,102.73070288775675,0.9605889899701986
2021-07-27,2021-07-27 03:30:00,111.0,74,105.42270128188258,0.9424441693316016
2021-07-27,2021-07-27 03:45:00,106.0,74,103.89148292423258,0.9603284533132641
2021-07-27,2021-07-27 04:00:00,114.0,36,101.91516732412445,0.9699110092200148
2021-07-27,2021-07-27 04:15:00,113.0,36,101.48212979822449,0.9600944383143797
2021-07-27,2021-07-27 04:30:00,110.0,36,101.47369060356587,0.9658745470940049
2021-07-27,2021-07-27 04:45:00,96.0,36,98.05488693484142,0.9702908237875346
2021-07-27,2021-07-27 05:00:00,81.0,2,88.94022963587545,0.958636969060379
2021-07-27,2021-07-27 05:15:00,76.0,2,80.21790492080223,0.9543338932685833
2021-07-27,2021-07-27 05:30:00,92.0,2,87.26548191598414,0.9192364079930777
2021-07-27,2021-07-27 05:45:00,106.0,2,100.32488538667566,0.9530257974639922
2021-07-27,2021-07-27 06:00:00,111.0,229,102.1070065363471,0.9834330520255611
2021-07-27,2021-07-27 06:15:00,109.0,229,101.69251761620524,0.9804710672698413
2021-07-27,2021-07-27 06:30:00,103.0,229,106.0898779717233,0.9745818824062721
2021-07-27,2021-07-27 06:45:00,98.0,229,102.79969019291835,0.9827071181511013
2021-07-27,2021-07-27 07:00:00,104.0,1262,102.14934904867555,0.9946204189322473
2021-07-27,2021-07-27 07:15:00,122.0,1262,120.1015008367161,0.994342747270592
2021-07-27,2021-07-27 07:30:00,148.0,1262,135.96573190621135,0.9944450582820001
2021-07-27,2021-07-27 07:45:00,161.0,1262,136.49806774207926,0.9940163546773563
2021-07-27,2021-07-27 08:00:00,179.0,1862,156.07217989033668,0.9933180812830928
2021-07-27,2021-07-27 08:15:00,207.0,1862,166.58789097238005,0.9950682198358852
2021-07-27,2021-07-27 08:30:00,202.0,1862,166.54906124818245,0.9950682198358852
2021-07-27,2021-07-27 08:45:00,187.0,1862,166.326462067729,0.9931986623712579
2021-07-27,2021-07-27 09:00:00,171.0,593,165.84827882720262,0.9930022663528809
2021-07-27,2021-07-27 09:15:00,172.0,593,166.25865015535422,0.9777682649427042
2021-07-27,2021-07-27 09:30:00,188.0,593,165.03089159494573,0.9916010562900403
2021-07-27,2021-07-27 09:45:00,192.0,593,166.32000198297814,0.991254936517658
2021-07-27,2021-07-27 10:00:00,152.0,976,163.8987541021123,0.991254936517658
2021-07-27,2021-07-27 10:15:00,194.0,976,168.18683826340995,0.9940673263590508
2021-07-27,2021-07-27 10:30:00,206.0,976,171.79988961906744,0.9920604597202005
2021-07-27,2021-07-27 10:45:00,201.0,976,171.60476141172,0.9920604597202005
2021-07-27,2021-07-27 11:00:00,203.0,857,170.0690417910194,0.9943592082339967
2021-07-27,2021-07-27 11:15:00,210.0,857,166.52225394371183,0.9943685526776791
2021-07-27,2021-07-27 11:30:00,211.0,857,165.2318146172621,0.9919361165637784
2021-07-27,2021-07-27 11:45:00,203.0,857,163.72446627839125,0.9919361165637784
2021-07-27,2021-07-27 12:00:00,124.0,184,146.65239135308192,0.9912148496109442
2021-07-27,2021-07-27 12:15:00,97.0,184,116.0203103166063,0.9883977685763544
2021-07-27,2021-07-27 12:30:00,105.0,184,108.79301410350112,0.9809300927719914
2021-07-27,2021-07-27 12:45:00,112.0,184,117.2931959403503,0.9890923554130473
2021-07-27,2021-07-27 13:00:00,156.0,606,157.91070113426625,0.9930266800905382
2021-07-27,2021-07-27 13:15:00,186.0,606,162.56014716589016,0.9935756172686412
2021-07-27,2021-07-27 13:30:00,187.0,606,165.16069816659223,0.9935756172686412
2021-07-27,2021-07-27 13:45:00,198.0,606,164.83249914405897,0.9951397768965522
2021-07-27,2021-07-27 14:00:00,194.0,1654,162.511760080615,0.993284560417051
2021-07-27,2021-07-27 14:15:00,192.0,1654,160.74400280780876,0.993344246918373
2021-07-27,2021-07-27 14:30:00,199.0,1654,161.09181907248583,0.9936935162755626
2021-07-27,2021-07-27 14:45:00,195.0,1654,161.09544147850124,0.993234424255809
2021-07-27,2021-07-27 15:00:00,155.0,1224,150.3688617990455,0.9926634050700383
2021-07-27,2021-07-27 15:15:00,162.0,1224,151.34321211960832,0.9915242573197613
2021-07-27,2021-07-27 15:30:00,199.0,1224,159.93881102079123,0.992444786927282
2021-07-27,2021-07-27 15:45:00,201.0,1224,160.54004301686598,0.992444786927282
2021-07-27,2021-07-27 16:00:00,184.0,1271,153.63943378649665,0.9805089294118959
2021-07-27,2021-07-27 16:15:00,186.0,1271,152.10052544791512,0.9945869154296908
2021-07-27,2021-07-27 16:30:00,187.0,1271,151.9596442349027,0.9951251583026957
2021-07-27,2021-07-27 16:45:00,186.0,1271,153.3806055176707,0.9950191875425357
2021-07-27,2021-07-27 17:00:00,143.0,350,121.76585010541409,0.9924868614584177
2021-07-27,2021-07-27 17:15:00,136.0,350,116.35936498195396,0.9935105981750753
2021-07-27,2021-07-27 17:30:00,172.0,350,142.41056053621722,0.9905183440157341
2021-07-27,2021-07-27 17:45:00,184.0,350,154.1238469549702,0.9940402238604195
2021-07-27,2021-07-27 18:00:00,170.0,5796,154.7116957317897,0.9940402238604195
2021-07-27,2021-07-27 18:15:00,159.0,5796,155.2056294025594,0.9905845756195402
2021-07-27,2021-07-27 18:30:00,172.0,5796,150.33971974670834,0.9914530097262421
2021-07-27,2021-07-27 18:45:00,174.0,5796,149.99335201479,0.9914530097262421
2021-07-27,2021-07-27 19:00:00,172.0,3392,149.7148890299219,0.9880160961918656
2021-07-27,2021-07-27 19:15:00,162.0,3392,149.9642020049848,0.9880160961918656
2021-07-27,2021-07-27 19:30:00,180.0,3392,148.21991407063643,0.9883652491043103
2021-07-27,2021-07-27 19:45:00,161.0,3392,145.46656372504683,0.9809315120854546
2021-07-27,2021-07-27 20:00:00,146.0,2,120.4881431604218,0.9810532232878819
2021-07-27,2021-07-27 20:15:00,147.0,2,120.60387893790693,0.9736293506752701
2021-07-27,2021-07-27 20:30:00,141.0,2,117.84769708573192,0.9679991986206194
2021-07-27,2021-07-27 20:45:00,141.0,2,116.77478922503995,0.9674675616717325
2021-07-27,2021-07-27 21:00:00,144.0,8,115.9549967435871,0.9710393178591962
2021-07-27,2021-07-27 21:15:00,138.0,8,117.09264414811824,0.9730643324261088
2021-07-27,2021-07-27 21:30:00,144.0,8,120.67551559999089,0.9848857061263907
2021-07-27,2021-07-27 21:45:00,148.0,8,118.23087478287556,0.9788642475197762
2021-07-27,2021-07-27 22:00:00,131.0,41,105.46383435220886,0.9861734526406193
2021-07-27,2021-07-27 22:15:00,132.0,41,107.77419103289975,0.9786679440701336
2021-07-27,2021-07-27 22:30:00,127.0,41,105.46508514704361,0.9812779453836048
2021-07-27,2021-07-27 22:45:00,127.0,41,111.76558522622237,0.9734224214329289
2021-07-27,2021-07-27 23:00:00,139.0,201,108.97570052538974,0.9721915594757555
2021-07-27,2021-07-27 23:15:00,138.0,201,105.46708723671146,0.9657655890640813
2021-07-27,2021-07-27 23:30:00,116.0,201,101.11679022385903,0.981291738076129
2021-07-27,2021-07-27 23:45:00,93.0,201,95.5289013895398,0.9824686494823017
2021-07-28,2021-07-28 00:00:00,91.0,1158,79.77926750823222,0.7053780998776008
2021-07-28,2021-07-28 00:15:00,88.0,1158,72.97589288594092,0.5865742956882087
2021-07-28,2021-07-28 00:30:00,86.0,1158,69.19721648423409,0.5599191524186317
2021-07-28,2021-07-28 00:45:00,85.0,1158,69.44073514515631,0.5571182869799421
2021-07-28,2021-07-28 01:00:00,110.0,83,95.30878819297565,0.9719092475329818
2021-07-28,2021-07-28 01:15:00,123.0,83,114.70032913335379,0.9815323401343748
2021-07-28,2021-07-28 01:30:00,130.0,83,116.48837771357495,0.9708612517833286
2021-07-28,2021-07-28 01:45:00,122.0,83,115.31478783708438,0.9614967173026849
2021-07-28,2021-07-28 02:00:00,119.0,4,107.01344853972586,0.9791640514655918
2021-07-28,2021-07-28 02:15:00,113.0,4,113.7407394060555,0.9785962232440117
2021-07-28,2021-07-28 02:30:00,115.0,4,113.99530013234505,0.9758108090687533
2021-07-28,2021-07-28 02:45:00,130.0,4,107.91169469264443,0.9824182875434553
2021-07-28,2021-07-28 03:00:00,109.0,308,93.36921498349241,0.9736730503842028
2021-07-28,2021-07-28 03:15:00,124.0,308,113.7110265360905,0.9809884103733999
2021-07-28,2021-07-28 03:30:00,128.0,308,115.81281942675469,0.983010968323775
2021-07-28,2021-07-28 03:45:00,127.0,308,115.19744704080242,0.9750993627282607
2021-07-28,2021-07-28 04:00:00,119.0,177,113.3040152606906,0.9811259686594099
2021-07-28,2021-07-28 04:15:00,123.0,177,115.55807311321077,0.9592107194063066
2021-07-28,2021-07-28 04:30:00,116.0,177,115.4251655899062,0.9759917891046289
2021-07-28,2021-07-28 04:45:00,118.0,177,109.28471534939327,0.9818847826095318
2021-07-28,2021-07-28 05:00:00,97.0,56,90.31905147792182,0.9537773545415014
2021-07-28,2021-07-28 05:15:00,91.0,56,82.47420141914453,0.8989313812296637
2021-07-28,2021-07-28 05:30:00,113.0,56,98.44071827371545,0.9404948214659257
2021-07-28,2021-07-28 05:45:00,119.0,56,116.49644020510875,0.9565480439737651
2021-07-28,2021-07-28 06:00:00,123.0,52,117.1695017133723,0.9604921233890819
2021-07-28,2021-07-28 06:15:00,122.0,52,114.44717835443582,0.9569584796627634
2021-07-28,2021-07-28 06:30:00,122.0,52,115.5584897706387,0.9560858872295706
2021-07-28,2021-07-28 06:45:00,127.0,52,115.26349860932241,0.9669377635536893
2021-07-28,2021-07-28 07:00:00,132.0,1841,117.11514767849059,0.9864610249457872
2021-07-28,2021-07-28 07:15:00,144.0,1841,122.08130664959802,0.9868026723090371
2021-07-28,2021-07-28 07:30:00,174.0,1841,151.9332832594529,0.9798815441854992
2021-07-28,2021-07-28 07:45:00,174.0,1841,140.22783723641038,0.9847023244729101
2021-07-28,2021-07-28 08:00:00,187.0,2013,170.03783987087672,0.9962167491845435
2021-07-28,2021-07-28 08:15:00,200.0,2013,185.91040410210132,0.9967682898620144
2021-07-28,2021-07-28 08:30:00,200.0,2013,185.91577101538306,0.9968268044549463
2021-07-28,2021-07-28 08:45:00,204.0,2013,185.9160400628089,0.9968268044549463
2021-07-28,2021-07-28 09:00:00,192.0,2284,179.00759725620387,0.9967538589524161
2021-07-28,2021-07-28 09:15:00,198.0,2284,179.4291297528145,0.9970904490280132
2021-07-28,2021-07-28 09:30:00,199.0,2284,184.2472511706584,0.9970904490280132
2021-07-28,2021-07-28 09:45:00,204.0,2284,183.4379216938393,0.996898707858555
2021-07-28,2021-07-28 10:00:00,160.0,1029,170.71993354720232,0.9968201680605622
2021-07-28,2021-07-28 10:15:00,196.0,1029,182.28763988228093,0.9969664646075673
2021-07-28,2021-07-28 10:30:00,194.0,1029,181.66004126961639,0.9971611163597731
2021-07-28,2021-07-28 10:45:00,202.0,1029,177.74305086980675,0.9971611163597731
2021-07-28,2021-07-28 11:00:00,202.0,2429,182.93238926872803,0.997219518982773
2021-07-28,2021-07-28 11:15:00,211.0,2429,186.19967770042717,0.9953272217195748
2021-07-28,2021-07-28 11:30:00,205.0,2429,185.7988737793303,0.9953539912869296
2021-07-28,2021-07-28 11:45:00,212.0,2429,180.0510715873797,0.9956033024207183
2021-07-28,2021-07-28 12:00:00,145.0,296,142.99968603138296,0.9535986223434023
2021-07-28,2021-07-28 12:15:00,111.0,296,105.22030848007844,0.8048110932413982
2021-07-28,2021-07-28 12:30:00,111.0,296,102.7905354349979,0.8537319860592282
2021-07-28,2021-07-28 12:45:00,116.0,296,109.89937819286406,0.8537319860592282
2021-07-28,2021-07-28 13:00:00,178.0,1488,170.79831013789988,0.9947360395066814
2021-07-28,2021-07-28 13:15:00,200.0,1488,177.75016991815053,0.9973897223355251
2021-07-28,2021-07-28 13:30:00,200.0,1488,178.26994473226392,0.9975903023245333
2021-07-28,2021-07-28 13:45:00,199.0,1488,177.77036521209155,0.997634224984518
2021-07-28,2021-07-28 14:00:00,190.0,1197,179.78102057898607,0.997634224984518
2021-07-28,2021-07-28 14:15:00,196.0,1197,175.97998484394333,0.9984708773277919
2021-07-28,2021-07-28 14:30:00,203.0,1197,175.51008037202396,0.9986085799341896
2021-07-28,2021-07-28 14:45:00,196.0,1197,178.0493947085283,0.9986085799341896
2021-07-28,2021-07-28 15:00:00,135.0,300,154.85030811611887,0.9966049478938604
2021-07-28,2021-07-28 15:15:00,143.0,300,147.43915898697762,0.9886330619278829
2021-07-28,2021-07-28 15:30:00,187.0,300,166.32169322767467,0.9950781521268138
2021-07-28,2021-07-28 15:45:00,180.0,300,164.59856878607886,0.9950781521268138
2021-07-28,2021-07-28 16:00:00,181.0,2747,166.5451926811518,0.9974875694820007
2021-07-28,2021-07-28 16:15:00,177.0,2747,167.26012142397752,0.9985173114101028
2021-07-28,2021-07-28 16:30:00,171.0,2747,167.43227772086996,0.9986386554680701
2021-07-28,2021-07-28 16:45:00,165.0,2747,167.05056400096257,0.9986386554680701
2021-07-28,2021-07-28 17:00:00,123.0,682,116.87759101674897,0.9937037742760029
2021-07-28,2021-07-28 17:15:00,106.0,682,115.33759905723514,0.985191293910296
2021-07-28,2021-07-28 17:30:00,169.0,682,142.4827988683145,0.9975171651920697
2021-07-28,2021-07-28 17:45:00,190.0,682,168.7826213265729,0.997908689689364
2021-07-28,2021-07-28 18:00:00,190.0,1952,170.14847066185698,0.9981259248396355
2021-07-28,2021-07-28 18:15:00,177.0,1952,167.79160711679518,0.9980550009933593
2021-07-28,2021-07-28 18:30:00,181.0,1952,163.58822057077438,0.997574570169442
2021-07-28,2021-07-28 18:45:00,185.0,1952,167.60226831412336,0.9978264364361202
2021-07-28,2021-07-28 19:00:00,175.0,3635,159.44776931669426,0.9978264364361202
2021-07-28,2021-07-28 19:15:00,152.0,3635,159.64324236879256,0.9978264364361202
2021-07-28,2021-07-28 19:30:00,153.0,3635,155.80964811404928,0.9968226030226187
2021-07-28,2021-07-28 19:45:00,124.0,3635,135.46758383694814,0.9914176674845935
2021-07-28,2021-07-28 20:00:00,104.0,308,113.61627919920423,0.8969668401028983
2021-07-28,2021-07-28 20:15:00,110.0,308,121.37564953327953,0.9372737664070859
2021-07-28,2021-07-28 20:30:00,100.0,308,115.4329839548818,0.9133666253620208
2021-07-28,2021-07-28 20:45:00,113.0,308,113.707421699386,0.8899049225732153
2021-07-28,2021-07-28 21:00:00,115.0,21,118.60696471042341,0.9608075195936358
2021-07-28,2021-07-28 21:15:00,104.0,21,118.40939275826808,0.9532893898751498
2021-07-28,2021-07-28 21:30:00,108.0,21,118.5749481206778,0.959048192834986
2021-07-28,2021-07-28 21:45:00,111.0,21,118.22057010271601,0.9492993175639706
2021-07-28,2021-07-28 22:00:00,95.0,189,104.03483642499137,0.9405589076326156
2021-07-28,2021-07-28 22:15:00,107.0,189,116.55082912323391,0.9465859073939934
2021-07-28,2021-07-28 22:30:00,101.0,189,117.27594457512991,0.94180867676437
2021-07-28,2021-07-28 22:45:00,109.0,189,116.09526406561612,0.9216536466489537
2021-07-28,2021-07-28 23:00:00,116.0,36,112.1128031610181,0.891879387619579
2021-07-28,2021-07-28 23:15:00,111.0,36,112.05556466828322,0.8862941865390827
2021-07-28,2021-07-28 23:30:00,103.0,36,106.12116746782472,0.890483356765071
2021-07-28,2021-07-28 23:45:00,80.0,36,84.78065060815574,0.8784547988656716
2021-07-29,2021-07-29 00:00:00,68.0,0,73.0,0.19067818710727505
2021-07-29,2021-07-29 00:15:00,70.0,0,72.0,0.18945665668896572
2021-07-29,2021-07-29 00:30:00,67.0,0,70.0,0.18234263969090878
2021-07-29,2021-07-29 00:45:00,67.0,0,67.0,0.17731993586314074
2021-07-29,2021-07-29 01:00:00,98.0,313,84.33365988847382,0.5223877957074495
2021-07-29,2021-07-29 01:15:00,118.0,313,96.40089561210905,0.5656555339869199
2021-07-29,2021-07-29 01:30:00,116.0,313,95.57078398268573,0.5567998217096217
2021-07-29,2021-07-29 01:45:00,109.0,313,95.95672176787704,0.5517796836501621
2021-07-29,2021-07-29 02:00:00,103.0,206,98.61343662553986,0.5439547235646883
2021-07-29,2021-07-29 02:15:00,118.0,206,96.99450485411323,0.5234354652792763
2021-07-29,2021-07-29 02:30:00,115.0,206,97.38156260574331,0.5759991482229089
2021-07-29,2021-07-29 02:45:00,106.0,206,98.62105818457891,0.5848224568458041
2021-07-29,2021-07-29 03:00:00,91.0,49,86.0,0.48671550210542736
2021-07-29,2021-07-29 03:15:00,116.0,49,104.0,0.43515266107798656
2021-07-29,2021-07-29 03:30:00,117.0,49,103.0,0.41662583766371064
2021-07-29,2021-07-29 03:45:00,117.0,49,105.0,0.418317575691178
2021-07-29,2021-07-29 04:00:00,113.0,100,99.29963055308184,0.5465980307862869
2021-07-29,2021-07-29 04:15:00,110.0,100,98.46603520451526,0.5301815918918521
2021-07-29,2021-07-29 04:30:00,116.0,100,97.18748545653534,0.5301815918918521
2021-07-29,2021-07-29 04:45:00,105.0,100,94.45014433553703,0.5452307197915569
2021-07-29,2021-07-29 05:00:00,85.0,156,80.0,0.4802174006586721
2021-07-29,2021-07-29 05:15:00,73.0,156,74.0,0.4599783205569628
2021-07-29,2021-07-29 05:30:00,99.0,156,85.0,0.4106024594988128
2021-07-29,2021-07-29 05:45:00,119.0,156,103.0,0.4065340127623279
2021-07-29,2021-07-29 06:00:00,121.0,94,104.0,0.3367131336061193
2021-07-29,2021-07-29 06:15:00,121.0,94,106.0,0.3584915847744993
2021-07-29,2021-07-29 06:30:00,112.0,94,109.0,0.36402754227502176
2021-07-29,2021-07-29 06:45:00,111.0,94,104.0,0.3969644328412066
2021-07-29,2021-07-29 07:00:00,121.0,925,107.27218761241798,0.8003642529594975
2021-07-29,2021-07-29 07:15:00,133.0,925,111.12911807444371,0.8135795720183165
2021-07-29,2021-07-29 07:30:00,149.0,925,131.4771960621488,0.8364958306001733
2021-07-29,2021-07-29 07:45:00,159.0,925,126.2623041277538,0.8555930388188041
2021-07-29,2021-07-29 08:00:00,175.0,909,144.28086954946133,0.8544170763458591
2021-07-29,2021-07-29 08:15:00,189.0,909,152.1448822469378,0.8501473129134729
2021-07-29,2021-07-29 08:30:00,201.0,909,151.99792840141671,0.8501473129134729
2021-07-29,2021-07-29 08:45:00,204.0,909,151.74584595419014,0.8501473129134729
2021-07-29,2021-07-29 09:00:00,195.0,1181,145.87135527089964,0.7789964114720523
2021-07-29,2021-07-29 09:15:00,198.0,1181,149.28507446469152,0.7918611853035883
2021-07-29,2021-07-29 09:30:00,205.0,1181,149.57926059587987,0.7918611853035883
2021-07-29,2021-07-29 09:45:00,195.0,1181,148.04554815189272,0.7524619223737896
2021-07-29,2021-07-29 10:00:00,161.0,884,135.40218794114617,0.7474222534149612
2021-07-29,2021-07-29 10:15:00,187.0,884,148.4649640639289,0.749977207562304
2021-07-29,2021-07-29 10:30:00,196.0,884,149.29444542811552,0.7577986063365989
2021-07-29,2021-07-29 10:45:00,203.0,884,149.1455225120924,0.7527995625025342
2021-07-29,2021-07-29 11:00:00,207.0,1597,146.5389137112515,0.7566582802646163
2021-07-29,2021-07-29 11:15:00,206.0,1597,142.88119446052855,0.7329108635062922
2021-07-29,2021-07-29 11:30:00,205.0,1597,142.22744871270717,0.7328885684127598
2021-07-29,2021-07-29 11:45:00,211.0,1597,142.96564774691672,0.744088153504072
2021-07-29,2021-07-29 12:00:00,133.0,200,112.98810480670666,0.5721563543577041
2021-07-29,2021-07-29 12:15:00,108.0,200,110.1460686278703,0.5346930168961225
2021-07-29,2021-07-29 12:30:00,106.0,200,111.45913821410544,0.536693983823243
2021-07-29,2021-07-29 12:45:00,101.0,200,114.86551548066873,0.5042358717930765
2021-07-29,2021-07-29 13:00:00,170.0,1480,138.28273454019433,0.7615294861697344
2021-07-29,2021-07-29 13:15:00,196.0,1480,143.35292591477966,0.7744149991054513
2021-07-29,2021-07-29 13:30:00,206.0,1480,143.40287578786285,0.7791051868047866
2021-07-29,2021-07-29 13:45:00,195.0,1480,142.77129674977107,0.7822623182514601
2021-07-29,2021-07-29 14:00:00,170.0,3092,141.54826646091658,0.7822623182514601
2021-07-29,2021-07-29 14:15:00,187.0,3092,141.46759586924725,0.7852672302329058
2021-07-29,2021-07-29 14:30:00,191.0,3092,143.3812231858483,0.8007736901717726
2021-07-29,2021-07-29 14:45:00,201.0,3092,143.36533694956205,0.8007736901717726
2021-07-29,2021-07-29 15:00:00,143.0,2184,131.19667041982817,0.755357688515887
2021-07-29,2021-07-29 15:15:00,147.0,2184,132.3935822755453,0.7672688412982885
2021-07-29,2021-07-29 15:30:00,186.0,2184,141.63341776453382,0.7847621297459108
2021-07-29,2021-07-29 15:45:00,178.0,2184,141.3377561946493,0.7847621297459108
2021-07-29,2021-07-29 16:00:00,164.0,2656,136.26012000517608,0.7847621297459108
2021-07-29,2021-07-29 16:15:00,158.0,2656,138.01027000589696,0.823031118244538
2021-07-29,2021-07-29 16:30:00,169.0,2656,137.59443251476443,0.8289910554385855
2021-07-29,2021-07-29 16:45:00,172.0,2656,137.42466506403468,0.8164343163354957
2021-07-29,2021-07-29 17:00:00,117.0,735,112.62427160558121,0.7075574451159212
2021-07-29,2021-07-29 17:15:00,106.0,735,111.82526203067012,0.7005667498281088
2021-07-29,2021-07-29 17:30:00,142.0,735,114.70832572459045,0.6006335945359697
2021-07-29,2021-07-29 17:45:00,152.0,735,132.13447294653668,0.6739775212794702
2021-07-29,2021-07-29 18:00:00,165.0,5687,132.27613157453806,0.6739775212794702
2021-07-29,2021-07-29 18:15:00,171.0,5687,133.2571838668007,0.6879214685141484
2021-07-29,2021-07-29 18:30:00,180.0,5687,128.87587447117417,0.6302396954849566
2021-07-29,2021-07-29 18:45:00,179.0,5687,125.96408212768954,0.6302396954849566
2021-07-29,2021-07-29 19:00:00,172.0,2616,126.53303372929557,0.6302396954849566
2021-07-29,2021-07-29 19:15:00,163.0,2616,118.16292668908316,0.592891015539711
2021-07-29,2021-07-29 19:30:00,181.0,2616,126.80647981961403,0.6302396954849566
2021-07-29,2021-07-29 19:45:00,159.0,2616,105.87912141949047,0.5475375516232489
2021-07-29,2021-07-29 20:00:00,130.0,149,132.0,0.42600010662910254
2021-07-29,2021-07-29 20:15:00,134.0,149,138.0,0.45320194530906044
2021-07-29,2021-07-29 20:30:00,120.0,149,127.0,0.3558921963219173
2021-07-29,2021-07-29 20:45:00,129.0,149,130.0,0.3624720735940203
2021-07-29,2021-07-29 21:00:00,124.0,131,119.0,0.3750409276642991
2021-07-29,2021-07-29 21:15:00,119.0,131,119.0,0.38716174899813477
2021-07-29,2021-07-29 21:30:00,131.0,131,123.0,0.38716174899813477
2021-07-29,2021-07-29 21:45:00,129.0,131,118.0,0.3983448781062077
2021-07-29,2021-07-29 22:00:00,114.0,180,104.0,0.354361937553369
2021-07-29,2021-07-29 22:15:00,130.0,180,122.0,0.3093084719830537
2021-07-29,2021-07-29 22:30:00,123.0,180,119.0,0.3238982550375611
2021-07-29,2021-07-29 22:45:00,121.0,180,114.0,0.3238982550375611
2021-07-29,2021-07-29 23:00:00,127.0,174,107.0,0.31538270345132235
2021-07-29,2021-07-29 23:15:00,120.0,174,104.0,0.3199982454219666
2021-07-29,2021-07-29 23:30:00,117.0,174,114.0,0.20645681731262555
2021-07-29,2021-07-29 23:45:00,93.0,174,104.0,0.2635136633652048
2021-07-30,2021-07-30 00:00:00,91.0,82,88.60321459192774,0.9254272850699806
2021-07-30,2021-07-30 00:15:00,88.0,82,88.36040352739317,0.9208624444725497
2021-07-30,2021-07-30 00:30:00,86.0,82,89.39098319541792,0.9276736086122126
2021-07-30,2021-07-30 00:45:00,85.0,82,90.62651077926299,0.9173457467724772
2021-07-30,2021-07-30 01:00:00,110.0,164,103.48785165215644,0.9821807991798902
2021-07-30,2021-07-30 01:15:00,123.0,164,102.13192110786102,0.9824312870197103
2021-07-30,2021-07-30 01:30:00,130.0,164,111.13522143205137,0.9842889814259096
2021-07-30,2021-07-30 01:45:00,122.0,164,103.36720308931709,0.9827089625514313
2021-07-30,2021-07-30 02:00:00,119.0,30,104.74038694317473,0.9805373490760958
2021-07-30,2021-07-30 02:15:00,113.0,30,104.4989977367716,0.9811349339852825
2021-07-30,2021-07-30 02:30:00,115.0,30,102.69299636482457,0.9799077593059127
2021-07-30,2021-07-30 02:45:00,130.0,30,109.23367563418611,0.9789682967853053
2021-07-30,2021-07-30 03:00:00,109.0,498,107.95531779279484,0.9572493422611881
2021-07-30,2021-07-30 03:15:00,124.0,498,106.68385184058256,0.9684138796180816
2021-07-30,2021-07-30 03:30:00,128.0,498,107.34679256407888,0.9570862017358129
2021-07-30,2021-07-30 03:45:00,127.0,498,107.23385361686564,0.9533532833879445
2021-07-30,2021-07-30 04:00:00,119.0,42,109.79662370445425,0.9473964541105621
2021-07-30,2021-07-30 04:15:00,123.0,42,113.62061545187993,0.9372900862795636
2021-07-30,2021-07-30 04:30:00,116.0,42,106.324982470082,0.9286376201625822
2021-07-30,2021-07-30 04:45:00,118.0,42,110.08761157643603,0.9281252982414795
2021-07-30,2021-07-30 05:00:00,97.0,108,95.95920351416885,0.8445454458975054
2021-07-30,2021-07-30 05:15:00,91.0,108,95.84944107696978,0.752465412705155
2021-07-30,2021-07-30 05:30:00,113.0,108,102.35232788402008,0.7559237353321024
2021-07-30,2021-07-30 05:45:00,119.0,108,113.11073739997946,0.8064562217902295
2021-07-30,2021-07-30 06:00:00,123.0,461,107.55052066141111,0.897898186084627
2021-07-30,2021-07-30 06:15:00,122.0,461,106.48809445749916,0.9142637337638073
2021-07-30,2021-07-30 06:30:00,122.0,461,111.16959908548456,0.8920780800611179
2021-07-30,2021-07-30 06:45:00,127.0,461,107.84473589470942,0.9319270662796995
2021-07-30,2021-07-30 07:00:00,132.0,1229,123.26381202957391,0.9852754100349863
2021-07-30,2021-07-30 07:15:00,144.0,1229,129.67251885812448,0.9921030681146008
2021-07-30,2021-07-30 07:30:00,174.0,1229,160.63787533782693,0.991802043331306
2021-07-30,2021-07-30 07:45:00,174.0,1229,159.4108507041791,0.991802043331306
2021-07-30,2021-07-30 08:00:00,187.0,1134,170.4934032662756,0.998668591065876
2021-07-30,2021-07-30 08:15:00,200.0,1134,180.0584671811306,0.9986764042335161
2021-07-30,2021-07-30 08:30:00,200.0,1134,179.8909411298669,0.9986387279554906
2021-07-30,2021-07-30 08:45:00,204.0,1134,177.88874088014003,0.9986387279554906
2021-07-30,2021-07-30 09:00:00,192.0,2079,177.19022360406095,0.9984386874504722
2021-07-30,2021-07-30 09:15:00,198.0,2079,173.07281050599954,0.9985210847843828
2021-07-30,2021-07-30 09:30:00,199.0,2079,175.84459531967332,0.9985210847843828
2021-07-30,2021-07-30 09:45:00,204.0,2079,177.38688170397182,0.9984234743086775
2021-07-30,2021-07-30 10:00:00,160.0,439,165.88063047299204,0.9962480648876987
2021-07-30,2021-07-30 10:15:00,196.0,439,172.71041672630795,0.998457969628186
2021-07-30,2021-07-30 10:30:00,194.0,439,176.445830820503,0.9985917386408077
2021-07-30,2021-07-30 10:45:00,202.0,439,176.74553847021227,0.9985917386408077
2021-07-30,2021-07-30 11:00:00,202.0,1084,172.74446568898261,0.9986207506521958
2021-07-30,2021-07-30 11:15:00,211.0,1084,176.12281072734302,0.9985748209282832
2021-07-30,2021-07-30 11:30:00,205.0,1084,178.4432824878043,0.9985915634102766
2021-07-30,2021-07-30 11:45:00,212.0,1084,177.3292834786519,0.9986497268720002
2021-07-30,2021-07-30 12:00:00,145.0,0,125.7620354310899,0.9866594747616363
2021-07-30,2021-07-30 12:15:00,111.0,0,96.16252080221143,0.9686434653923164
2021-07-30,2021-07-30 12:30:00,111.0,0,95.36506693886025,0.9718506795650373
2021-07-30,2021-07-30 12:45:00,116.0,0,101.46790472555797,0.9690429133312448
2021-07-30,2021-07-30 13:00:00,178.0,1769,169.5868649258436,0.9988172440703098
2021-07-30,2021-07-30 13:15:00,200.0,1769,171.69506441089337,0.9987220776878065
2021-07-30,2021-07-30 13:30:00,200.0,1769,169.92156882985392,0.998640809527846
2021-07-30,2021-07-30 13:45:00,199.0,1769,172.8506885733877,0.9987074463637461
2021-07-30,2021-07-30 14:00:00,190.0,1204,168.61430261879255,0.9987074463637461
2021-07-30,2021-07-30 14:15:00,196.0,1204,168.03610896905747,0.9991101118257447
2021-07-30,2021-07-30 14:30:00,203.0,1204,169.23334114694265,0.9991652447326481
2021-07-30,2021-07-30 14:45:00,196.0,1204,171.9072621051346,0.9991652447326481
2021-07-30,2021-07-30 15:00:00,135.0,790,149.5717148968306,0.9976066341705949
2021-07-30,2021-07-30 15:15:00,143.0,790,149.74641356154538,0.9977696767977076
2021-07-30,2021-07-30 15:30:00,187.0,790,176.20120785380482,0.9990476241635238
2021-07-30,2021-07-30 15:45:00,180.0,790,170.7067400073018,0.9990476241635238
2021-07-30,2021-07-30 16:00:00,181.0,1575,167.38633193519476,0.9990476241635238
2021-07-30,2021-07-30 16:15:00,177.0,1575,168.02723625092673,0.999199127979563
2021-07-30,2021-07-30 16:30:00,171.0,1575,162.58371763217937,0.9992905788161033
2021-07-30,2021-07-30 16:45:00,165.0,1575,165.47417106932613,0.9992905788161033
2021-07-30,2021-07-30 17:00:00,123.0,0,104.8467369228012,0.9945910925259542
2021-07-30,2021-07-30 17:15:00,106.0,0,101.05789234915112,0.9896235886014669
2021-07-30,2021-07-30 17:30:00,169.0,0,164.79730849573448,0.9985149396059553
2021-07-30,2021-07-30 17:45:00,190.0,0,167.3755385712195,0.9986927816223488
2021-07-30,2021-07-30 18:00:00,190.0,0,167.12897017647882,0.9986927816223488
2021-07-30,2021-07-30 18:15:00,177.0,0,164.20457248930003,0.9985551135973839
2021-07-30,2021-07-30 18:30:00,181.0,0,162.8898074803394,0.9977871502294064
2021-07-30,2021-07-30 18:45:00,185.0,0,162.44454179257548,0.9977871502294064
2021-07-30,2021-07-30 19:00:00,175.0,0,159.45450408568152,0.9959801863229779
2021-07-30,2021-07-30 19:15:00,152.0,0,143.89909785558197,0.9952906947102652
2021-07-30,2021-07-30 19:30:00,153.0,0,147.10013490007242,0.9974067880118042
2021-07-30,2021-07-30 19:45:00,124.0,0,103.59552066350453,0.9797168192388651
2021-07-30,2021-07-30 20:00:00,104.0,0,97.04384114592682,0.9081487638669756
2021-07-30,2021-07-30 20:15:00,110.0,0,102.56023824123359,0.8936456547292501
2021-07-30,2021-07-30 20:30:00,100.0,0,102.87459665512641,0.8865111332487461
2021-07-30,2021-07-30 20:45:00,113.0,0,102.947878153336,0.9214154067055981
2021-07-30,2021-07-30 21:00:00,115.0,0,102.90204165245889,0.9395827225802418
2021-07-30,2021-07-30 21:15:00,104.0,0,102.5867613026723,0.9351366533895629
2021-07-30,2021-07-30 21:30:00,108.0,0,101.65507218714068,0.9494714593188788
2021-07-30,2021-07-30 21:45:00,111.0,0,101.32480142403502,0.9395480720235797
2021-07-30,2021-07-30 22:00:00,95.0,0,102.81860530907473,0.8785713462556141
2021-07-30,2021-07-30 22:15:00,107.0,0,99.3329182531057,0.8810701049868596
2021-07-30,2021-07-30 22:30:00,101.0,0,100.12104216091738,0.8977833086030862
2021-07-30,2021-07-30 22:45:00,109.0,0,104.21276830909761,0.8640221087268146
2021-07-30,2021-07-30 23:00:00,116.0,0,107.78579289510367,0.845996240247708
2021-07-30,2021-07-30 23:15:00,111.0,0,98.66458871644082,0.8591559861519574
2021-07-30,2021-07-30 23:30:00,103.0,0,90.2827056722366,0.8611278597677046
2021-07-30,2021-07-30 23:45:00,80.0,0,90.21555632085932,0.8446437407474304
2021-07-31,2021-07-31 00:00:00,21.0,0,87.48201888729908,0.5969811611807377
2021-07-31,2021-07-31 00:15:00,21.0,0,95.01722168459514,0.633219900952609
2021-07-31,2021-07-31 00:30:00,24.0,0,91.60596996632646,0.6690472785742204
2021-07-31,2021-07-31 00:45:00,24.0,0,93.23255263697726,0.6551551641393967
2021-07-31,2021-07-31 01:00:00,21.0,0,98.87353546169888,0.8954104544386601
2021-07-31,2021-07-31 01:15:00,21.0,0,116.0008268029369,0.9060175594085809
2021-07-31,2021-07-31 01:30:00,21.0,0,109.10308738464983,0.8909759001424209
2021-07-31,2021-07-31 01:45:00,21.0,0,111.80282381392223,0.9023659277738538
2021-07-31,2021-07-31 02:00:00,21.0,0,113.06543417096313,0.9081599855197064
2021-07-31,2021-07-31 02:15:00,21.0,0,112.5435440485505,0.8871877763459995
2021-07-31,2021-07-31 02:30:00,21.0,0,108.12326610377183,0.8817026386908097
2021-07-31,2021-07-31 02:45:00,21.0,0,112.92294429383203,0.9024886640881464
2021-07-31,2021-07-31 03:00:00,21.0,0,101.13715201558173,0.8811044327661816
2021-07-31,2021-07-31 03:15:00,20.0,0,106.47224835659351,0.8785668796253197
2021-07-31,2021-07-31 03:30:00,21.0,0,107.50635146892637,0.8843579292991081
2021-07-31,2021-07-31 03:45:00,21.0,0,108.20585912873378,0.8746550623850673
2021-07-31,2021-07-31 04:00:00,26.0,0,107.91928631780144,0.771037093093718
2021-07-31,2021-07-31 04:15:00,24.0,0,104.23822325338337,0.7516495390732137
2021-07-31,2021-07-31 04:30:00,21.0,0,110.40560495286951,0.7655974806811862
2021-07-31,2021-07-31 04:45:00,21.0,0,111.0013984389854,0.837213337290699
2021-07-31,2021-07-31 05:00:00,21.0,0,101.32349532393488,0.7286005140852038
2021-07-31,2021-07-31 05:15:00,20.0,0,101.99048215604645,0.726660854886923
2021-07-31,2021-07-31 05:30:00,20.0,0,98.70240330988244,0.7437425087183672
2021-07-31,2021-07-31 05:45:00,19.0,0,117.0929335774812,0.7184383844357634
2021-07-31,2021-07-31 06:00:00,20.0,0,115.3855479115294,0.7511857822761566
2021-07-31,2021-07-31 06:15:00,21.0,0,108.06917141934403,0.6459985346729857
2021-07-31,2021-07-31 06:30:00,20.0,0,108.20357670804746,0.6835451974423096
2021-07-31,2021-07-31 06:45:00,21.0,0,109.16171396300422,0.7346576193286304
2021-07-31,2021-07-31 07:00:00,20.0,0,112.27287063158136,0.9121717089558794
2021-07-31,2021-07-31 07:15:00,20.0,0,114.3421936583193,0.9072520590700246
2021-07-31,2021-07-31 07:30:00,23.0,0,110.34183698791921,0.9167325757514845
2021-07-31,2021-07-31 07:45:00,23.0,0,100.81777885531116,0.8704599638350656
2021-07-31,2021-07-31 08:00:00,20.0,0,28.0,0.12835420294781996
2021-07-31,2021-07-31 08:15:00,20.0,0,23.0,0.11688468133827275
2021-07-31,2021-07-31 08:30:00,21.0,0,23.0,0.04868307454572937
2021-07-31,2021-07-31 08:45:00,21.0,0,24.0,0.04596085524212113
2021-07-31,2021-07-31 09:00:00,21.0,0,24.0,0.014313510800986688
2021-07-31,2021-07-31 09:15:00,21.0,0,24.0,0.013518172825500623
2021-07-31,2021-07-31 09:30:00,21.0,0,24.0,0.013518172825500623
2021-07-31,2021-07-31 09:45:00,20.0,0,24.0,0.012537665338623504
2021-07-31,2021-07-31 10:00:00,21.0,0,24.0,0.012302859818601401
2021-07-31,2021-07-31 10:15:00,21.0,0,24.0,0.01195326486201213
2021-07-31,2021-07-31 10:30:00,21.0,0,24.0,0.011850101113097306
2021-07-31,2021-07-31 10:45:00,23.0,0,24.0,0.013158610958542547
2021-07-31,2021-07-31 11:00:00,26.0,0,26.0,0.015363057665584746
2021-07-31,2021-07-31 11:15:00,25.0,0,27.0,0.01355065653036048
2021-07-31,2021-07-31 11:30:00,21.0,0,29.0,0.04547474534844499
2021-07-31,2021-07-31 11:45:00,21.0,0,25.0,0.027554670165290753
2021-07-31,2021-07-31 12:00:00,21.0,0,24.0,0.005719280467717151
2021-07-31,2021-07-31 12:15:00,21.0,0,22.0,0.003802778695547916
2021-07-31,2021-07-31 12:30:00,21.0,0,23.0,0.0037263788395457444
2021-07-31,2021-07-31 12:45:00,21.0,0,23.0,0.0037685676651451525
2021-07-31,2021-07-31 13:00:00,21.0,0,23.0,0.004430994636882556
2021-07-31,2021-07-31 13:15:00,21.0,0,24.0,0.005438829394481932
2021-07-31,2021-07-31 13:30:00,21.0,0,24.0,0.005357857774892818
2021-07-31,2021-07-31 13:45:00,21.0,0,24.0,0.005449014190823821
2021-07-31,2021-07-31 14:00:00,21.0,0,24.0,0.005449014190823821
2021-07-31,2021-07-31 14:15:00,21.0,0,24.0,0.005510598246896404
2021-07-31,2021-07-31 14:30:00,22.0,0,24.0,0.006008676250754256
2021-07-31,2021-07-31 14:45:00,25.0,0,24.0,0.006008676250754256
2021-07-31,2021-07-31 15:00:00,21.0,0,27.0,0.018544249917790592
2021-07-31,2021-07-31 15:15:00,23.0,0,28.0,0.040096084372642886
2021-07-31,2021-07-31 15:30:00,21.0,0,24.0,0.006146410872555103
2021-07-31,2021-07-31 15:45:00,21.0,0,24.0,0.006146410872555103
2021-07-31,2021-07-31 16:00:00,20.0,0,24.0,0.006111903669576436
2021-07-31,2021-07-31 16:15:00,21.0,0,24.0,0.007249612354867029
2021-07-31,2021-07-31 16:30:00,21.0,0,24.0,0.0077084902587809916
2021-07-31,2021-07-31 16:45:00,21.0,0,25.0,0.008092496388703907
2021-07-31,2021-07-31 17:00:00,21.0,0,24.0,0.007156135821647562
2021-07-31,2021-07-31 17:15:00,21.0,0,24.0,0.007879269580566799
2021-07-31,2021-07-31 17:30:00,21.0,0,24.0,0.006753403582888378
2021-07-31,2021-07-31 17:45:00,21.0,0,24.0,0.006753403582888378
2021-07-31,2021-07-31 18:00:00,23.0,0,24.0,0.006866140846855297
2021-07-31,2021-07-31 18:15:00,28.0,0,23.0,0.004100811682267049
2021-07-31,2021-07-31 18:30:00,21.0,0,24.0,0.01351469682976594
2021-07-31,2021-07-31 18:45:00,21.0,0,29.0,0.026954634304833996
2021-07-31,2021-07-31 19:00:00,20.0,0,28.0,0.017103453841890656
2021-07-31,2021-07-31 19:15:00,20.0,0,24.0,0.006697959797208704
2021-07-31,2021-07-31 19:30:00,21.0,0,23.0,0.004034096942456958
2021-07-31,2021-07-31 19:45:00,21.0,0,23.0,0.00425225789801126
2021-07-31,2021-07-31 20:00:00,21.0,0,23.0,0.005117234551395074
2021-07-31,2021-07-31 20:15:00,20.0,0,23.0,0.005169970684975926
2021-07-31,2021-07-31 20:30:00,20.0,0,24.0,0.005553798992065725
2021-07-31,2021-07-31 20:45:00,21.0,0,25.0,0.006409143247787774
2021-07-31,2021-07-31 21:00:00,21.0,0,24.0,0.007462645837641616
2021-07-31,2021-07-31 21:15:00,21.0,0,24.0,0.00728480932871792
2021-07-31,2021-07-31 21:30:00,24.0,0,25.0,0.008037566890568257
2021-07-31,2021-07-31 21:45:00,25.0,0,25.0,0.008128167339270761
2021-07-31,2021-07-31 22:00:00,21.0,0,24.0,0.012803344298290309
2021-07-31,2021-07-31 22:15:00,21.0,0,25.0,0.007282555962011998
2021-07-31,2021-07-31 22:30:00,21.0,0,28.0,0.015783452798807565
2021-07-31,2021-07-31 22:45:00,21.0,0,25.0,0.006715327718036127
2021-07-31,2021-07-31 23:00:00,21.0,0,24.0,0.004037426331755323
2021-07-31,2021-07-31 23:15:00,21.0,0,24.0,0.003709028232011198
2021-07-31,2021-07-31 23:30:00,21.0,0,24.0,0.0034805551059414706
2021-07-31,2021-07-31 23:45:00,21.0,0,24.0,0.003587883056271906
