tree
version=v4
num_class=1
num_tree_per_iteration=1
label_index=0
max_feature_idx=34
objective=binary sigmoid:1
feature_names=hour dow month lag0 lag1 lag2 lag3 lag4 lag5 lag6 lag7 day week mean1 max1 std1 slope1 mean3 max3 std3 slope3 mean6 max6 std6 slope6 mean24 max24 std24 slope24 rise15 day_early_max day_ready_max week_early_max week_ready_max threshold_headroom
feature_infos=[0:23] [0:6] [1:6] [19:176] [19:187] [19:190] [19:186] [19:200] [19:207] [19:222] [19:190] [19:190] [19:190] [19.25:181.25] [20:190] [0:47.724906146232378] [-158:153] [19.833333333333332:182.41666666666666] [21:222] [0.28867513446694376:76.398873543972456] [-51:51.333333333333336] [20:173.54166666666666] [24:222] [1.0494995356242562:77.910018704225536] [-25.5:25.666666666666668] [20.510416666666668:141.07291666666666] [25:222] [1.4010882361273347:75.505382055176412] [-7.166666666666667:6.458333333333333] [-42:68] [19:222] [20:222] [19:222] [20:222] [0:0.89204545454545459]
tree_sizes=1255 1284 1290 1396 1297 1399 1291 1503 1402 1403 1404 1406 1398 1403 1308 1195 1293 1197 1515 1404 1297 1403 1507 1407 1622 1294 1619 1733 1517 1727 1618 1617 1620 1399 1731 1730 1731 1726 1729 1516 1720 1719 1614 1723 1720 1620 1725 1713 1726 1721 1721 1718 1728 1721 1718 1720 1720 1305 1624 1718 1728 1721 1727 1725 1615 1723 1722 1721 1718 1726 1725 1722 1733 1726 1715 1732 1729 1719 1722 1730 1726 1726 1730 1727 1716 1727 1733 1724 1733 1729 1728 1721 1726 1734 1736 1731 1729 1728 1723 1741 1736 1732 1723 1734 1740 1731 1731 1738 1731 1739 1732 1736 1733 1727 1727 1729 1737 1729 1733 1734 1735 1735 1727 1731 1738 1739 1733 1729 1747 1742 1731 1729 1734 1729 1731 1739 1731 1730 1739 1744 1738 1731 1737 1735 1729 1728 1737 1737 1737 1745 1749 1743 1746 1730 1745 1730 1741 1731 1732 1734 1740 1730 1732 1736 1744 1738 1741 1738 1737 1744 1733 1736 1739 1745 1744 1732 1742 1738 1741 1742 1748 1749 1749 1744 1740 1747 1747 1741 1748 1746 1735 1745 1753 1750 1740 1749 1750 1747 1751 1751 1755 1750 1746 1748 1758 1753 1754 1745 1751 1749 1752 1753 1747 1749 1749 1763 1746 1738 1761 1749 1751 1752 1753 1759 1758 1742 1759 1754 1745 1752 1745 1763 1755 1751 1743 1759 1758 1744 1758 1748 1748 1748 1750 1757 1745 1762 1765 1759 1748 1749 1752 1756 1762 1761 1761 1751 1758 1754 1759 1750 1761 1753 1759 1760 1762 1758 1750 1749 1758 1765 1764 1759 1744 1760 1757 1753 1767 1750 1762 1758 1751 1756 1755 1761 1752 1750 1754 1752 1749 1752 1758 1762 1757 1765 1753 1756 1759 1752 1756 1756

Tree=0
num_leaves=11
num_cat=0
split_feature=33 26 5 13 0 31 31 7 28 13
split_gain=444.567 94.2704 58.6117 44.5499 33.173 18.8769 10.7659 3.75889 3.22291 3.13398
threshold=160.50000000000003 177.50000000000003 92.500000000000014 161.87500000000003 8.5000000000000018 160.50000000000003 172.50000000000003 161.50000000000003 -4.6874999999999991 154.75000000000003
decision_type=2 2 2 2 2 2 2 2 2 2
left_child=3 4 -3 6 -2 -4 7 -1 -8 -6
right_child=1 2 5 -5 9 -7 8 -9 -10 -11
leaf_value=-2.6384935174069644 -2.4962309103935678 -2.5781258737553716 -2.5278095006959491 -2.5221934548963398 -2.6214791237957185 -2.3653259276423562 -2.6059604989297287 -2.5920676058858363 -2.5662998254071541 -2.581001948910759
leaf_weight=143.3968859910965 5.7879015207290676 5.5277711153030422 7.0235209465026882 5.2026081085205069 8.3241729736328107 19.314682602882385 5.3326733112335205 5.4627385139465323 5.202608108520506 5.2026081085205069
leaf_count=2205 89 85 108 80 128 297 82 84 80 80
internal_value=-2.58789 -2.46599 -2.41872 -2.62828 -2.56274 -2.39216 -2.63363 -2.63698 -2.58573 -2.60825
internal_weight=215.778 51.1807 31.866 164.598 19.3147 26.3382 159.395 148.86 10.5353 13.5268
internal_count=3318 787 490 2531 297 405 2451 2289 162 208
is_linear=0
shrinkage=1


Tree=1
num_leaves=11
num_cat=0
split_feature=33 26 13 5 0 10 31 7 22 28
split_gain=387.42 67.9579 43.1343 30.8078 29.9572 22.454 10.4824 3.65149 3.1344 2.98591
threshold=160.50000000000003 177.50000000000003 162.12500000000003 93.500000000000014 8.5000000000000018 157.50000000000003 172.50000000000003 161.50000000000003 173.50000000000003 -4.6874999999999991
decision_type=2 2 2 2 2 2 2 2 2 2
left_child=2 4 6 -3 -2 -5 7 -1 -6 -8
right_child=1 3 -4 5 8 -7 9 -9 -10 -11
leaf_value=-0.050284785995941043 0.085374893227163448 0.020531032668435204 0.063685976008657441 0.19680260431294561 -0.033290747229894301 0.063435299597211989 -0.017745647591225776 -0.0043996349084387456 0.007195405550589614 0.020342606543593461
leaf_weight=137.26705636829138 6.2592050135135677 6.0152248963713637 5.3659248054027548 18.961476780474189 8.1650514453649503 11.301750607788561 5.2503316253423691 5.5119489878416053 5.1550237089395514 5.36877693235874
leaf_count=2205 89 91 78 249 128 150 82 85 80 81
internal_value=0.00027805 0.107989 -0.039758 0.144771 0.02425 0.163053 -0.0452726 -0.0487222 -0.0199347 0.00185857
internal_weight=214.622 55.8577 158.764 36.2785 19.5793 30.2632 153.398 142.779 13.3201 10.6191
internal_count=3318 787 2531 490 297 399 2453 2290 208 163
is_linear=0
shrinkage=0.05


Tree=2
num_leaves=11
num_cat=0
split_feature=33 26 13 0 27 27 31 7 18 28
split_gain=341.351 50.858 43.4055 27.0781 17.8561 13.0742 10.2936 4.04052 3.06895 2.82891
threshold=160.50000000000003 177.50000000000003 162.37500000000003 8.5000000000000018 48.781269210569299 31.335729774911769 172.50000000000003 162.50000000000003 170.50000000000003 -4.6874999999999991
decision_type=2 2 2 2 2 2 2 2 2 2
left_child=2 3 6 -2 5 -3 7 -1 -5 -8
right_child=1 4 -4 8 -6 -7 9 -9 -10 -11
leaf_value=-0.049998555494688707 0.07961702758745294 0.050261240819100876 0.06514232431136173 -0.032915677658662643 0.037694080833993004 0.166367195687395 -0.017430416760975172 -0.0022268193569836212 0.0072025306910767362 0.019632797328092928
leaf_weight=132.25278098508716 6.7254908159375217 8.9841888472437876 5.2276505827903739 7.966498062014578 9.3544398397207242 21.967004291713238 5.1704813838005066 5.0674556493759146 5.1538143418729305 5.4630714505910856
leaf_count=2218 89 104 72 128 127 259 82 78 80 81
internal_value=0.000548626 0.0968551 -0.0391352 0.0233392 0.126482 0.144343 -0.0448287 -0.0483758 -0.0195178 0.00180021
internal_weight=213.333 60.1514 153.181 19.8458 40.3056 30.9512 147.954 137.32 13.1203 10.6336
internal_count=3318 787 2531 297 490 363 2459 2296 208 163
is_linear=0
shrinkage=0.05


Tree=3
num_leaves=12
num_cat=0
split_feature=33 13 26 27 12 24 31 27 7 23 34
split_gain=302.689 46.1982 39.1874 19.286 18.805 10.2794 9.92611 7.56605 4.07213 3.60611 3.28823
threshold=160.50000000000003 163.87500000000003 181.50000000000003 48.781269210569299 122.50000000000001 2.5833333333333335 172.50000000000003 31.062453559680559 163.50000000000003 29.813794103410544 0.84943181818181823
decision_type=2 2 2 2 2 2 2 2 2 2 2
left_child=1 6 4 9 -2 -6 8 -7 -1 -4 -8
right_child=2 -3 3 -5 5 7 10 -9 -10 -11 -12
leaf_value=-0.049718394829892099 0.083953778672100243 0.071794104376591616 0.15449322241655997 0.029452243224935355 -0.02975006006841734 -0.0069506333261082371 0.021065170327191841 0.055596907822651621 -0.001786349506202164 0.049986914956079313 -0.018710240216650163
leaf_weight=127.35805101320148 7.0579385459423092 4.6773389354348174 20.304461695253853 8.3586642965674383 8.2066167891025561 7.0750727578997594 5.2587404921650869 5.6250515170395374 4.9778829813003531 7.5675242841243735 5.5430014282464981
leaf_count=2229 89 61 210 109 124 100 77 72 76 83 88
internal_value=0.000794371 -0.0385096 0.0875381 0.119596 0.0341639 0.00439627 -0.0444155 0.028632 -0.0480461 0.138038 0.00119228
internal_weight=212.01 147.815 64.1953 36.2307 27.9647 20.9067 143.138 12.7001 132.336 27.872 10.8017
internal_count=3318 2531 787 402 385 296 2470 172 2305 293 165
is_linear=0
shrinkage=0.05


Tree=4
num_leaves=11
num_cat=0
split_feature=33 13 13 0 26 31 23 18 29 34
split_gain=271.263 45.9213 33.4039 65.9984 33.5285 9.65051 8.49825 7.2257 4.01054 3.03476
threshold=160.50000000000003 164.62500000000003 164.62500000000003 8.5000000000000018 186.50000000000003 172.50000000000003 13.073888189929056 175.50000000000003 13.500000000000002 0.84943181818181823
decision_type=2 2 2 2 2 2 2 2 2 2
left_child=1 5 3 6 7 8 -2 -5 -1 -7
right_child=2 -3 -4 4 -6 9 -8 -9 -10 -11
leaf_value=-0.049446878491196777 0.14477567591633642 0.072146374165793226 0.14273040274629878 -0.038008628304941033 0.065305006378227226 0.019745223591622264 0.039413574460872756 0.014493611811694057 -0.0020725510971967166 -0.018377624392997078
leaf_weight=122.01947700977325 10.812107712030413 4.6379950717091551 13.740524269640444 17.918442711234096 11.313024595379828 5.4352183341979963 7.8775353282690039 6.1037670075893393 5.0944060757756224 5.4539243578910828
leaf_count=2217 110 57 141 262 120 78 84 70 91 88
internal_value=0.00108815 -0.0378781 0.0800759 0.0533998 0.00880514 -0.0439691 0.118058 -0.0244697 -0.0476985 0.000876537
internal_weight=210.406 142.641 67.7654 54.0249 35.3352 138.003 18.6896 24.0222 127.114 10.8891
internal_count=3318 2531 787 646 452 2474 194 332 2308 166
is_linear=0
shrinkage=0.05


Tree=5
num_leaves=12
num_cat=0
split_feature=33 13 26 0 0 28 31 23 7 5 34
split_gain=245.152 43.6312 26.364 20.5352 12.2099 15.4104 9.46709 9.08444 4.00648 3.27432 2.87627
threshold=160.50000000000003 164.62500000000003 177.50000000000003 8.5000000000000018 15.500000000000002 -0.35416666666666657 172.50000000000003 31.294765038909983 163.50000000000003 157.50000000000003 0.84943181818181823
decision_type=2 2 2 2 2 2 2 2 2 2 2
left_child=1 6 3 -2 5 -4 8 -7 -1 -5 -8
right_child=2 -3 4 9 -6 7 10 -9 -10 -11 -12
leaf_value=-0.049129655275878828 0.065304386171575649 0.068365065177504694 0.034879289438911221 -0.032591458916721376 0.025683577531907531 0.14568050258454815 0.01905912935319494 0.046841412923075997 -0.0015903339660301209 0.0087492701601415424 -0.018051100873706042
leaf_weight=116.92454775050282 8.0493806973099726 4.9189925864338866 11.726932130753992 7.8308184258639795 10.003784283995627 18.543665505945686 5.5269522741436941 9.8709084391593915 4.9525813125073901 4.8986539430916309 5.3675975352525711
leaf_count=2230 89 57 117 132 103 165 78 105 78 76 88
internal_value=0.00141131 -0.0372438 0.0739661 0.0201953 0.092396 0.104335 -0.0434955 0.123492 -0.0473367 -0.0187016 0.000848593
internal_weight=208.615 137.691 70.9241 20.7789 50.1453 40.1415 132.772 28.4146 121.877 12.7295 10.8945
internal_count=3318 2531 787 297 490 387 2474 270 2308 208 166
is_linear=0
shrinkage=0.05


Tree=6
num_leaves=11
num_cat=0
split_feature=33 13 13 0 26 31 18 15 7 34
split_gain=221.19 41.4539 24.9058 48.7311 28.6051 9.28362 6.5933 5.62874 4.90066 2.72639
threshold=160.50000000000003 164.62500000000003 164.62500000000003 8.5000000000000018 186.50000000000003 172.50000000000003 175.50000000000003 7.8315600829814249 164.50000000000003 0.84943181818181823
decision_type=2 2 2 2 2 2 2 2 2 2
left_child=1 5 3 7 6 8 -5 -2 -1 -7
right_child=2 -3 -4 4 -6 9 -8 -9 -10 -11
leaf_value=-0.048863867332376965 0.12656161001573737 0.064808231611628436 0.11878652557205319 -0.037602303973521489 0.056967340319163867 0.018397945464538615 0.012559533617912597 0.043846728890541378 0.0030471232865786611 -0.017730571676327345
leaf_weight=112.722147423774 9.5655016824603099 5.1966491192579261 16.154615700244904 17.431050755083564 12.427125997841356 5.6166718006134015 6.3839326575398436 12.127298504114149 4.1378671340644351 5.2839228212833405
leaf_count=2243 83 57 141 262 120 78 70 111 65 88
internal_value=0.00164532 -0.0366106 0.0682718 0.0458681 0.00708729 -0.0430213 -0.0243097 0.0971951 -0.0469762 0.000816644
internal_weight=207.047 132.957 74.0895 57.9349 36.2421 127.761 23.815 21.6928 116.86 10.9006
internal_count=3318 2531 787 646 452 2474 332 194 2308 166
is_linear=0
shrinkage=0.05


Tree=7
num_leaves=13
num_cat=0
split_feature=33 13 12 26 23 31 11 19 7 31 28 16
split_gain=200.946 39.383 21.1938 27.0654 12.0847 9.09883 8.68779 5.49335 4.82536 4.50681 2.64918 0.133229
threshold=160.50000000000003 164.62500000000003 122.50000000000001 179.50000000000003 30.44664494498193 172.50000000000003 101.50000000000001 18.263019432387456 164.50000000000003 27.500000000000004 -4.3124999999999991 43.500000000000007
decision_type=2 2 2 2 2 2 2 2 2 2 2 2
left_child=1 5 6 9 7 8 -2 -5 11 -4 -7 -1
right_child=2 -3 3 4 -6 10 -8 -9 -10 -11 -12 -13
leaf_value=-0.049338690676058949 0.13042633963361092 0.061465750074099025 0.014783209131919592 0.026273493581606168 0.011420586478017967 -0.01757178255561212 0.038356670353108219 0.092114958027094573 0.0029744976604120931 -0.028541788579001765 0.018038324731800337 -0.011672502774937976
leaf_weight=104.03132020682096 11.629104301333429 5.4700142294168463 6.1453828141093245 9.8043883517384547 11.630285404622553 5.2415903061628342 9.8987700790166837 18.162193946540356 4.1487558335065833 9.5904026702046377 5.665591746568678 3.8612071275711051
leaf_count=2163 100 57 87 95 115 88 88 150 65 152 78 80
internal_value=0.00190906 -0.0359748 0.0635367 0.0407873 0.0608221 -0.0425426 0.1033 0.0765183 -0.0466133 -0.0121371 0.000781182 -0.0485674
internal_weight=205.279 128.418 76.8605 55.3327 39.5969 122.948 21.5279 27.9666 112.041 15.7358 10.9072 107.893
internal_count=3318 2531 787 599 360 2474 188 245 2308 239 166 2243
is_linear=0
shrinkage=0.05


Tree=8
num_leaves=12
num_cat=0
split_feature=33 13 13 0 21 31 34 7 15 28 16
split_gain=182.666 37.4205 19.4509 37.4183 23.3 8.91644 5.61241 4.75154 4.3668 2.51165 0.144724
threshold=160.50000000000003 164.62500000000003 165.00000000000003 8.5000000000000018 149.87500000000003 172.50000000000003 0.093750000000000014 164.50000000000003 7.8315600829814249 -4.3124999999999991 43.500000000000007
decision_type=2 2 2 2 2 2 2 2 2 2 2
left_child=1 5 3 8 6 7 -5 10 -2 -7 -1
right_child=2 -3 -4 4 -6 9 -8 -9 -10 -11 -12
leaf_value=-0.049072032216426212 0.10699407979463085 0.058326483404266549 0.10243469306377634 0.007727528830399984 0.049861786840059381 -0.017260081653691934 -0.036386432648300673 0.0029035866471449276 0.038245967570361111 0.017414251610495191 -0.011471678118388277
leaf_weight=99.508398003876209 11.154485672712328 5.7382831424474707 17.510361418128014 8.799148593097927 13.536442555487154 5.161767452955246 15.568221122026442 4.1594080924987784 13.004651404917238 5.7521463111042959 3.8209186531603327
leaf_count=2163 83 57 135 104 129 88 225 65 111 78 80
internal_value=0.00211059 -0.0353479 0.0591838 0.0402537 0.00658425 -0.0420671 -0.0218532 -0.0462538 0.0828913 0.000744483 -0.0482753
internal_weight=203.714 124.141 79.5733 62.0629 37.9038 118.403 24.3674 107.489 24.1591 10.9139 103.329
internal_count=3318 2531 787 652 458 2474 329 2308 194 166 2243
is_linear=0
shrinkage=0.05


Tree=9
num_leaves=12
num_cat=0
split_feature=33 13 26 13 11 23 31 3 7 28 16
split_gain=166.421 35.5568 16.9113 29.017 30.688 14.0941 8.73364 8.09824 4.67839 2.38159 0.155782
threshold=160.50000000000003 164.62500000000003 189.50000000000003 164.62500000000003 97.500000000000014 27.755630059503069 172.50000000000003 140.50000000000003 164.50000000000003 -4.3124999999999991 43.500000000000007
decision_type=2 2 2 2 2 2 2 2 2 2 2
left_child=1 6 3 4 -2 -4 8 -6 10 -8 -1
right_child=2 -3 5 -5 7 -7 9 -9 -10 -11 -12
leaf_value=-0.048806543394843277 0.060774609709538886 0.055378829010798228 0.11014592647589286 0.093766553157398055 0.0092771505292138755 0.024317205461061274 -0.016954145270523201 -0.037577580457069069 0.0028343523823342949 0.016812819632017206 -0.011274646567372414
leaf_weight=95.183819398283958 14.764858968555926 6.0007869824767104 16.930087476968769 10.245686598122118 13.651439666748049 10.619852773845194 5.0843641124665737 15.849818684160708 4.1698278449475756 5.8366942107677442 3.7816847078502169
leaf_count=2163 158 57 118 75 151 91 88 194 65 78 80
internal_value=0.00228571 -0.0347218 0.0553128 0.0339476 0.011991 0.0858785 -0.0415889 -0.0176937 -0.0458929 0.000704954 -0.0479836
internal_weight=202.119 120.057 82.0617 54.5118 44.2661 27.5499 114.056 29.5013 103.135 10.9211 98.9655
internal_count=3318 2531 787 578 503 209 2474 345 2308 166 2243
is_linear=0
shrinkage=0.05


Tree=10
num_leaves=12
num_cat=0
split_feature=33 13 12 15 26 23 31 11 29 28 19
split_gain=151.927 33.787 15.63 22.6506 16.7549 10.1441 8.55047 6.28287 4.72902 2.55384 0.392472
threshold=160.50000000000003 164.62500000000003 122.50000000000001 5.1961524227086517 177.50000000000003 30.44664494498193 172.50000000000003 101.50000000000001 13.500000000000002 -4.1874999999999991 33.760727435061185
decision_type=2 2 2 2 2 2 2 2 2 2 2
left_child=1 6 7 -4 -5 -6 8 -2 10 -8 -1
right_child=2 -3 3 4 5 -7 9 -9 -10 -11 -12
leaf_value=-0.048602616597349171 0.10454905223665062 0.052611052499428247 -0.020579828370171943 -0.0053454945891541258 0.077302005511171279 0.01290653746122687 -0.017391263412076176 0.031825314508650962 0.0029586995616102899 0.017555856031283054 -0.0095575288146196279
leaf_weight=91.302567102015018 14.018929630517961 6.2569830045104018 12.506431840360163 10.701735526323317 25.880159668624401 10.501369789242743 5.2113669887185097 10.781913407146929 4.2305767759680739 5.7171725183725339 3.4402569122612467
leaf_count=2140 100 57 151 153 194 101 91 88 91 75 77
internal_value=0.00244475 -0.0340966 0.0518358 0.033178 0.0480622 0.0625199 -0.0411077 0.0835773 -0.0455301 0.000662996 -0.047735
internal_weight=200.549 116.159 84.3905 59.5897 47.0833 36.3815 109.902 24.8008 98.9734 10.9285 94.7428
internal_count=3318 2531 787 599 448 295 2474 188 2308 166 2217
is_linear=0
shrinkage=0.05


Tree=11
num_leaves=12
num_cat=0
split_feature=33 13 33 27 27 31 17 7 11 28 20
split_gain=138.307 32.1034 15.5958 27.7039 17.1628 8.36823 5.70326 4.74276 3.22731 2.89072 0.533087
threshold=160.50000000000003 164.62500000000003 181.50000000000003 31.335729774911769 44.080222057790785 172.50000000000003 147.50000000000003 164.50000000000003 141.50000000000003 -3.8958333333333326 15.500000000000002
decision_type=2 2 2 2 2 2 2 2 2 2 2
left_child=1 5 3 8 6 7 -5 10 -2 -7 -1
right_child=2 -3 -4 4 -6 9 -8 -9 -10 -11 -12
leaf_value=-0.048315391189407787 0.0047462666189731651 0.050011593054944771 0.082070740703908795 0.086884281176852499 0.0011449780979013637 -0.018163270150563793 0.029261026587751777 0.0036719747164205294 -0.03081543702241506 0.019001205833456346 -0.0084799516202327258
leaf_weight=87.706823363900185 9.1778926588594931 6.5064427033066741 22.514694340527058 17.866336680948734 12.915436014533041 5.4336792193353176 14.478545360267161 4.0449266135692588 9.793175168335436 5.499972924590109 3.2447123154997817
leaf_count=2167 96 57 196 132 143 95 106 65 114 71 76
internal_value=0.00252899 -0.0334684 0.0484684 0.0316133 0.051277 -0.040619 0.0684615 -0.0451603 -0.0162098 0.000627754 -0.0474102
internal_weight=199.183 112.437 86.7461 64.2314 45.2603 105.93 32.3449 94.9965 18.9711 10.9337 90.9515
internal_count=3318 2531 787 591 381 2474 238 2308 210 166 2243
is_linear=0
shrinkage=0.05


Tree=12
num_leaves=12
num_cat=0
split_feature=33 13 13 0 9 31 31 26 28 24 23
split_gain=125.843 30.5042 15.5639 35.1877 14.898 8.24712 4.30702 4.19116 3.94185 2.56733 2.24357
threshold=160.50000000000003 164.62500000000003 162.87500000000003 9.5000000000000018 164.50000000000003 162.50000000000003 178.50000000000003 179.50000000000003 -0.85416666666666663 9.4166666666666696 39.096381424965678
decision_type=2 2 2 2 2 2 2 2 2 2 2
left_child=1 5 3 6 -5 10 -2 -7 -9 -4 -1
right_child=2 -3 9 4 -6 7 -8 8 -10 -11 -12
leaf_value=-0.047477086927811545 0.029397704833498451 0.047569266722831925 0.09007970997008935 -0.036213853297761181 0.024508336215245702 -0.028381941534135466 0.08142561542983924 -0.012919121112976113 0.032387352633567533 0.032142207816530106 -0.001583506534238089
leaf_weight=82.876699205487967 16.368739336729053 6.7488390728831282 16.037032533437017 17.414801463484768 13.764286030083893 5.7722208350896862 14.288334317505358 5.308437269181014 5.0510848201811287 11.202011723071335 3.1087732315063468
leaf_count=2115 137 57 106 236 136 118 84 94 73 88 74
internal_value=0.00257818 -0.032841 0.0453115 0.0276334 -0.00972509 -0.0401276 0.061664 -0.0053656 0.0125233 0.0749333 -0.045996
internal_weight=197.941 108.866 89.0752 61.8362 31.1791 102.117 30.6571 16.1317 10.3595 27.239 85.9855
internal_count=3318 2531 787 593 372 2474 221 285 167 194 2189
is_linear=0
shrinkage=0.05


Tree=13
num_leaves=12
num_cat=0
split_feature=33 13 13 0 9 31 23 26 28 23 24
split_gain=115.439 28.9857 13.3146 31.4286 13.9821 8.10108 4.15321 4.01437 3.69711 2.21524 1.92834
threshold=160.50000000000003 164.62500000000003 162.87500000000003 9.5000000000000018 164.50000000000003 162.50000000000003 13.073888189929056 179.50000000000003 -0.85416666666666663 39.096381424965678 9.4166666666666696
decision_type=2 2 2 2 2 2 2 2 2 2 2
left_child=1 5 3 6 -5 9 -2 -7 -9 -1 -4
right_child=2 -3 10 4 -6 7 -8 8 -10 -11 -12
leaf_value=-0.047187179570316623 0.072316604619008629 0.045273364664914384 0.083115544478639988 -0.035634720480986128 0.023287432424044546 -0.028005359491861937 0.022810813748425696 -0.012661701905349348 0.031131731373098451 -0.0015540311396791467 0.030571843657007405
leaf_weight=79.336933076381683 18.545690972357992 6.9839351400732985 16.907108522951606 16.90714026987553 14.017116885632275 5.6282419040799168 13.072765074670313 5.2487210296094426 5.190126929432151 3.1042998991906634 11.439153991639612
leaf_count=2115 114 57 106 236 136 118 107 94 73 74 88
internal_value=0.00268525 -0.032218 0.042764 0.0263123 -0.00940298 -0.0396335 0.0577577 -0.00522985 0.0121427 -0.045656 0.0696749
internal_weight=196.381 105.492 90.889 62.5427 30.9243 98.5083 31.6185 16.0671 10.4388 82.4412 28.3463
internal_count=3318 2531 787 593 372 2474 221 285 167 2189 194
is_linear=0
shrinkage=0.05


Tree=14
num_leaves=11
num_cat=0
split_feature=33 13 33 27 27 31 17 28 31 23
split_gain=105.868 27.5429 12.9958 22.7316 12.8411 7.94977 5.36639 3.84623 2.82164 2.34599
threshold=160.50000000000003 164.62500000000003 181.50000000000003 31.335729774911769 44.080222057790785 162.50000000000003 147.50000000000003 -0.81249999999999989 169.50000000000003 39.947701317844071
decision_type=2 2 2 2 2 2 2 2 2 2
left_child=1 5 3 8 6 9 -5 -7 -2 -1
right_child=2 -3 -4 4 -6 7 -8 -9 -10 -11
leaf_value=-0.046905275939764512 0.00097635327649558176 0.043113756079639388 0.069308313591975312 0.073013380349492604 -7.8742430598137874e-05 -0.022542972971694483 0.023316975654572396 0.016169581776778685 -0.032837340794690605 -0.00054329366724596652
leaf_weight=76.110049821436405 11.08723032847047 7.2115733474493018 24.867223184555769 19.7853789255023 13.173641957342623 8.6335736811161059 15.543742019683121 7.3730321601033202 8.1618877090513688 2.9456462189555159
leaf_count=2119 133 57 196 132 143 173 106 112 77 70
internal_value=0.00275752 -0.0315976 0.0403692 0.0257142 0.0427502 -0.0391364 0.0567501 -0.0051067 -0.0171757 -0.0453129
internal_weight=194.893 102.274 92.6191 67.7519 48.5028 95.0623 35.3291 16.0066 19.2491 79.0557
internal_count=3318 2531 787 591 381 2474 238 285 210 2189
is_linear=0
shrinkage=0.05


Tree=15
num_leaves=10
num_cat=0
split_feature=33 18 13 0 21 31 20 15 23
split_gain=96.5937 26.6392 12.3822 19.2428 17.6479 11.7775 8.40706 5.69106 2.17915
threshold=160.50000000000003 177.50000000000003 165.00000000000003 8.5000000000000018 149.87500000000003 173.50000000000003 12.833333333333334 7.8315600829814249 39.947701317844071
decision_type=2 2 2 2 2 2 2 2 2
left_child=1 5 3 7 6 8 -5 -2 -1
right_child=2 -3 -4 4 -6 -7 -8 -9 -10
leaf_value=-0.047029017001450825 0.071075437119160034 0.035934032789890061 0.067796989745795386 -0.03760771153913893 0.036511801542320206 0.0089240330167931203 0.017706701054003345 0.020787155378246963 -0.0015012055364046057
leaf_weight=77.134272806346416 14.802303895354273 9.405949477106331 22.655125558376312 19.036842286586765 15.773855730891226 9.5839061774313432 6.1870671287178984 16.097602218389511 3.0619723238050929
leaf_count=2199 83 118 135 258 129 145 71 111 69
internal_value=0.0027502 -0.0309733 0.0379051 0.0246903 0.00114367 -0.0395088 -0.0233552 0.0514212 -0.0454808
internal_weight=193.739 99.1861 94.5528 71.8977 40.9978 89.7802 25.2239 30.8999 80.1962
internal_count=3318 2531 787 652 458 2413 329 194 2268
is_linear=0
shrinkage=0.05


Tree=16
num_leaves=11
num_cat=0
split_feature=33 31 14 0 8 13 4 15 24 30
split_gain=88.7097 24.678 15.0062 16.7518 14.504 13.5472 7.20019 4.77961 4.24646 2.52577
threshold=157.50000000000003 162.50000000000003 175.50000000000003 8.5000000000000018 168.50000000000003 102.37500000000001 163.50000000000003 7.8315600829814249 10.083333333333334 167.50000000000003
decision_type=2 2 2 2 2 2 2 2 2 2
left_child=1 8 3 7 6 -3 9 -2 -1 -5
right_child=2 5 -4 4 -6 -7 -8 -9 -10 -11
leaf_value=-0.046540074261261236 0.065177578810880446 -0.022022355543233299 0.06940869189102096 -0.040717377417863632 0.034939244064566673 0.049674879715374889 0.011586176711183289 0.019477315209706941 0.0020705665709092819 -0.0012575355131081471
leaf_weight=70.222369659692049 15.572882357984783 8.3786439783871192 20.110371619462967 14.554800212383276 16.498508159071207 9.0121632590889913 11.63972621411085 16.395655013620853 4.3358716033399096 5.5282592736184588
leaf_count=2081 89 167 123 220 134 116 103 114 105 66
internal_value=0.00281304 -0.0317703 0.0345201 0.0222103 0.00252667 0.017928 -0.0167925 0.0475437 -0.0437607 -0.0322712
internal_weight=192.249 91.949 100.3 80.1898 48.2213 17.3908 31.7228 31.9685 74.5582 20.0831
internal_count=3318 2469 849 726 523 283 389 203 2186 286
is_linear=0
shrinkage=0.05


Tree=17
num_leaves=10
num_cat=0
split_feature=33 18 33 27 31 31 27 31 20
split_gain=81.6583 24.6167 10.7976 19.0905 11.1057 10.4878 5.67423 2.71188 0.845341
threshold=160.50000000000003 175.50000000000003 181.50000000000003 31.335729774911769 163.50000000000003 175.50000000000003 33.221279308920096 169.50000000000003 15.500000000000002
decision_type=2 2 2 2 2 2 2 2 2
left_child=1 5 3 7 -5 8 -6 -2 -1
right_child=2 -3 -4 4 6 -7 -8 -9 -10
leaf_value=-0.04587253725493376 0.00015728004430518592 0.029223453921858118 0.059220298511390074 0.00060565250435481934 0.074346851257229646 0.010672193085183941 0.025734721256127552 -0.033214332531259105 -0.0052019639522284094
leaf_weight=71.547745138406754 11.19969552755356 11.673709742724894 26.90619296208024 15.846263721585272 12.606235083192585 7.6253667473793021 22.600254289805889 8.2162631414830667 2.6916399486362925
leaf_count=2195 133 150 196 151 73 112 157 77 74
internal_value=0.00283546 -0.029729 0.0340411 0.0211406 0.0362494 -0.0393337 0.0502221 -0.0178744 -0.0448193
internal_weight=190.913 93.5385 97.3749 70.4687 51.0528 81.8648 35.2065 19.416 74.2394
internal_count=3318 2531 787 591 381 2381 230 210 2269
is_linear=0
shrinkage=0.05


Tree=18
num_leaves=13
num_cat=0
split_feature=33 31 26 28 33 12 34 28 7 23 10 16
split_gain=74.949 23.3681 12.8459 12.2073 9.26274 7.2297 6.87401 5.97477 5.95846 4.48671 1.81151 0.924574
threshold=157.50000000000003 162.50000000000003 181.50000000000003 -0.81249999999999989 181.50000000000003 155.50000000000003 0.093750000000000014 -0.10416666666666664 161.50000000000003 42.645127319049784 102.50000000000001 43.500000000000007
decision_type=2 2 2 2 2 2 2 2 2 2 2 2
left_child=1 9 4 -3 6 7 -2 -4 -7 11 -8 -1
right_child=2 3 5 -5 -6 8 10 -9 -10 -11 -12 -13
leaf_value=-0.046650128836134286 0.019627713329292286 -0.02137054142022185 0.018982135900438693 0.046605983016463806 0.037541662736419616 0.035344549295902243 -0.0047228311253775706 0.069773349106035915 -0.0079237150266137975 0.0085747659806923154 -0.036031268783185369 -0.0049102667529277097
leaf_weight=63.877825940027833 9.551558021456005 8.147794898599388 13.087463170289992 9.3838619105517846 11.199175901710985 13.692324236035349 9.4432544857263583 25.893479170277715 11.210487551987169 2.5301385857164851 9.1441825628280622 2.6306520253419867
leaf_count=2057 98 171 86 112 94 93 100 158 87 55 133 74
internal_value=0.00282535 -0.0305411 0.0309273 0.0172823 0.00712506 0.0440032 -0.00881838 0.0568173 0.0177985 -0.0430324 -0.024498 -0.0454579
internal_weight=189.792 86.5703 103.222 17.5317 39.3382 63.8838 28.139 38.9809 24.9028 69.0386 18.5874 66.5085
internal_count=3318 2469 849 283 425 424 331 244 180 2186 233 2131
is_linear=0
shrinkage=0.05


Tree=19
num_leaves=12
num_cat=0
split_feature=33 31 14 0 8 13 4 11 23 11 16
split_gain=68.9073 22.4328 12.7329 14.3275 12.5687 11.3748 6.43384 4.58292 4.40345 2.37326 0.915261
threshold=157.50000000000003 162.50000000000003 175.50000000000003 8.5000000000000018 168.50000000000003 102.37500000000001 163.50000000000003 96.500000000000014 42.645127319049784 158.50000000000003 43.500000000000007
decision_type=2 2 2 2 2 2 2 2 2 2 2
left_child=1 8 3 7 6 -3 9 -2 10 -5 -1
right_child=2 5 -4 4 -6 -7 -8 -9 -10 -11 -12
leaf_value=-0.046359761451137016 0.059759553645543889 -0.021128301496585299 0.060259559533034648 -0.040614776002405734 0.029900595461516539 0.04429728614811379 0.0092343567325316091 0.017776034579547476 0.0084089570595897358 -0.0019335276025373061 -0.004833292198192108
leaf_weight=61.164063382893801 14.338755268603562 8.0259021483361739 21.558940343558788 14.319924825802447 17.46829304844141 9.6955155320465547 12.039909180253742 19.209377598017454 2.5491334050893775 5.6427897382527581 2.6188498362898818
leaf_count=2057 82 167 123 219 134 116 103 121 55 67 74
internal_value=0.00281685 -0.0299251 0.0292976 0.0182908 0.000439049 0.0165375 -0.0175096 0.0411439 -0.0426273 -0.0322582 -0.04513
internal_weight=188.631 84.0535 104.578 83.019 49.4709 17.7214 32.0026 33.5481 66.332 19.9627 63.7829
internal_count=3318 2469 849 726 523 283 389 203 2186 286 2131
is_linear=0
shrinkage=0.05


Tree=20
num_leaves=11
num_cat=0
split_feature=33 18 12 15 31 26 23 11 19 23
split_gain=63.4805 22.3715 9.92987 15.5819 9.75641 8.49187 8.73617 3.93561 1.13305 0.763235
threshold=160.50000000000003 175.50000000000003 122.50000000000001 5.1961524227086517 175.50000000000003 177.50000000000003 29.377030155044114 97.500000000000014 35.347562263864361 25.16487269019402
decision_type=2 2 2 2 2 2 2 2 2 2
left_child=1 4 7 -4 8 -5 9 -2 -1 -7
right_child=2 -3 3 5 -6 6 -8 -9 -10 -11
leaf_value=-0.04505562144598256 0.066887687955404521 0.027337166881965726 -0.025097138203738479 -0.0080634727862934942 0.0097807111445512643 0.026499612758055492 0.0038313360927546961 0.021611806057294194 -0.0027491610418622844 0.062877779638455825
leaf_weight=64.010949745774269 16.044486373662952 11.966692224144934 13.737701490521429 11.346801184117792 7.7666359767317763 15.278968632221224 15.161616139113901 15.301208905875681 2.308725429698824 14.447204470634459
leaf_count=2204 87 150 151 153 112 90 117 101 65 88
internal_value=0.00281217 -0.0279039 0.0289858 0.0164775 -0.0379909 0.0278538 0.0368312 0.0508 -0.0438788 0.0506875
internal_weight=187.371 86.053 101.318 69.9723 74.0863 56.2346 44.8878 31.3457 66.3197 29.7262
internal_count=3318 2531 787 599 2381 448 295 188 2269 178
is_linear=0
shrinkage=0.05


Tree=21
num_leaves=12
num_cat=0
split_feature=33 31 26 13 11 23 28 33 3 19 24
split_gain=58.6483 21.1526 11.0088 17.488 19.0629 11.0624 10.3392 6.15733 5.4375 5.27452 4.33981
threshold=157.50000000000003 162.50000000000003 189.50000000000003 164.62500000000003 97.500000000000014 26.966834165832331 -0.81249999999999989 180.50000000000003 140.50000000000003 16.770283964273183 10.083333333333334
decision_type=2 2 2 2 2 2 2 2 2 2 2
left_child=1 10 3 4 7 -4 -3 -2 9 -6 -1
right_child=2 6 5 -5 8 -7 -8 -9 -10 -11 -12
leaf_value=-0.045134170032922381 0.00094253939175349243 -0.020559238429555218 0.066654367916749349 0.051975064335986504 -0.023095935329157241 0.010332181316568045 0.041767316824043027 0.05285273371117815 -0.039627363459530766 0.021838271696065961 0.0039682802254948895
leaf_weight=57.48689254373312 9.578571682795884 7.8356432393193272 21.81743829138577 15.711242616176603 8.2722238041460532 16.081189688295126 10.019699282944201 9.8640004098415357 17.489962322637439 7.8689911514520636 4.0185153409838668
leaf_count=2081 98 171 115 88 83 106 112 68 213 78 105
internal_value=0.00284408 -0.0286989 0.0265429 0.0129985 -0.00202108 0.0467454 0.0159018 0.0327029 -0.0237299 -0.00120608 -0.0418689
internal_weight=186.044 79.3608 106.684 68.785 53.0737 37.8986 17.8553 19.4426 33.6312 16.1412 61.5054
internal_count=3318 2469 849 628 540 221 283 166 374 161 2186
is_linear=0
shrinkage=0.05


Tree=22
num_leaves=13
num_cat=0
split_feature=33 31 8 0 13 31 27 18 23 13 16 21
split_gain=54.1793 20.2665 10.4076 17.2488 9.61597 7.27012 8.14344 7.19429 4.78521 4.14432 1.02374 0.906951
threshold=157.50000000000003 162.50000000000003 169.50000000000003 10.500000000000002 102.37500000000001 178.50000000000003 29.757347368641319 175.50000000000003 44.526962195044241 166.12500000000003 43.500000000000007 147.89583333333334
decision_type=2 2 2 2 2 2 2 2 2 2 2 2
left_child=1 8 3 5 -3 6 -2 11 10 -4 -1 -5
right_child=2 4 9 7 -6 -7 -8 -9 -10 -11 -12 -13
leaf_value=-0.045589230614175816 0.037795388183311053 -0.020292040072451775 0.020515152227167179 -0.037328257196670572 0.039684216355998357 0.052891869380916591 -0.011106539326954802 0.012159090606400934 0.011380085763790645 0.066034301196991815 -0.0036952485414862278 -0.0082698535314297862
leaf_weight=54.501295251771808 10.382471550256016 7.7092431001365211 15.723611749708654 11.146159676834943 10.322515755891798 19.124909237027168 15.318534813821314 14.140617616474627 2.1920700259506694 14.165208615362642 2.4439437929540864 7.496235938742756
leaf_count=2066 77 167 118 187 116 93 121 99 46 74 74 80
internal_value=0.00285241 -0.0280898 0.025326 0.0140228 0.0152036 0.0327486 0.0115865 -0.0125273 -0.0414467 0.0484599 -0.0442346 -0.0298637
internal_weight=184.667 77.1691 107.498 77.6089 18.0318 44.8259 25.701 32.783 59.1373 29.8888 56.9452 18.6424
internal_count=3318 2469 849 657 283 291 198 366 2186 192 2140 267
is_linear=0
shrinkage=0.05


Tree=23
num_leaves=12
num_cat=0
split_feature=33 31 27 33 13 28 27 7 23 16 31
split_gain=50.0383 19.4038 9.75834 15.9238 13.39 8.93015 8.70636 7.96307 4.69133 1.28186 0.921942
threshold=157.50000000000003 162.50000000000003 31.335729774911769 178.50000000000003 106.62500000000001 -0.81249999999999989 49.312556108711597 169.50000000000003 44.526962195044241 44.500000000000007 164.50000000000003
decision_type=2 2 2 2 2 2 2 2 2 2 2
left_child=1 8 3 10 -4 -3 7 -6 9 -1 -2
right_child=2 5 4 -5 6 -7 -8 -9 -10 -11 -12
leaf_value=-0.045317580379610839 -0.0065632366909217435 -0.019938021118720558 -0.0075854856175068229 0.032367614037432185 0.067803257033863126 0.037739772310604366 0.0067186425124083045 0.017082886051830778 0.011172305895271935 -0.0017095996580624839 -0.034281770221157692
leaf_weight=52.501805856823921 7.2132010068744448 7.6092362385243204 14.153578275814651 16.883184090256691 29.279529416933656 10.594462275505064 14.245693104341624 15.515811644494532 2.2136361002922049 2.1488397773355237 11.012415453791617
leaf_count=2075 83 171 139 133 162 112 123 90 46 65 119
internal_value=0.00285404 -0.0274809 0.0241649 0.00197499 0.0340017 0.0145291 0.043785 0.0537145 -0.0410167 -0.04389 -0.0270861
internal_weight=183.371 75.068 108.303 35.1088 73.1946 18.2037 59.041 44.7953 56.8643 54.6506 18.2256
internal_count=3318 2469 849 335 514 283 375 252 2186 2140 202
is_linear=0
shrinkage=0.05


Tree=24
num_leaves=14
num_cat=0
split_feature=33 31 14 12 30 33 19 13 11 23 21 16 20
split_gain=45.9734 18.5655 9.81685 11.2452 11.6196 9.82375 8.69689 8.32192 6.59095 4.59756 1.44141 1.26354 0.0297006
threshold=157.50000000000003 162.50000000000003 175.50000000000003 122.50000000000001 177.50000000000003 181.50000000000003 31.570858364902183 102.37500000000001 101.50000000000001 44.526962195044241 112.97916666666669 44.500000000000007 -1.0000000180025095e-35
decision_type=2 2 2 2 2 2 2 2 2 2 2 2 2
left_child=1 9 3 8 5 6 10 12 -2 11 -5 -1 -3
right_child=2 7 -4 4 -6 -7 -8 -9 -10 -11 -12 -13 -14
leaf_value=-0.045010556616754627 0.051023876881998789 -0.02307580205580019 0.048912528362588192 -0.010141779406731048 0.037073619136875381 0.020330272755737601 0.01415041725569147 0.035905972331596321 0.0042317106851505878 0.010967604402449168 -0.045767756672852433 -0.0016847193567274489 -0.0048191926718485264
leaf_weight=50.306661143898964 18.393934231251482 3.8451290782541045 23.378529660403728 7.2356806080788401 10.572621699422596 12.227536305785177 7.6063880845904341 10.878571830689905 12.533386033028362 2.2349823080003253 17.280651073902845 2.145472139120101 3.6430674586445111
leaf_count=2075 103 82 123 87 63 102 81 116 94 46 196 65 85
internal_value=0.0027784 -0.026875 0.0229193 0.0135385 -0.000631935 -0.012466 -0.0260068 0.0138819 0.0352892 -0.0405795 -0.0387523 -0.0435392 -0.0196795
internal_weight=182.283 73.0539 109.229 85.8502 54.9229 44.3503 32.1227 18.3668 30.9273 54.6871 24.5163 52.4521 7.4882
internal_count=3318 2469 849 726 529 466 364 283 197 2186 283 2140 167
is_linear=0
shrinkage=0.05


Tree=25
num_leaves=11
num_cat=0
split_feature=33 18 31 12 15 15 23 3 6 16
split_gain=42.5515 19.3557 8.64104 8.20566 12.7986 7.41656 6.40491 4.40738 3.9523 1.40069
threshold=160.50000000000003 175.50000000000003 175.50000000000003 122.50000000000001 5.1961524227086517 21.17191535974052 29.377030155044114 164.50000000000003 114.50000000000001 45.500000000000007
decision_type=2 2 2 2 2 2 2 2 2 2
left_child=1 2 9 8 -5 6 7 -6 -2 -1
right_child=3 -3 -4 4 5 -7 -8 -9 -10 -11
leaf_value=-0.043689573409912703 0.014589054119881751 0.025301681544949384 0.0085404209374686096 -0.025540931349638349 0.018673846905535002 -0.011257147536662833 0.0027607335743902819 0.061513490082087813 0.055332702288392689 -0.00018822537945466835
leaf_weight=53.499576728790998 14.257303610444067 12.225897759199141 7.9488040991127482 13.681978631764649 19.309011019766334 10.923860635608433 16.086982190608978 12.386277191340922 18.804968040436506 1.9556764289736737
leaf_count=2209 82 150 112 151 157 91 136 64 106 60
internal_value=0.00275514 -0.0249374 -0.035766 0.0228462 0.0119558 0.0220134 0.0299655 0.0415158 0.0419875 -0.0422979
internal_weight=181.08 75.63 63.4041 105.45 72.3881 58.7061 47.7823 31.6953 33.0623 55.4553
internal_count=3318 2531 2381 787 599 448 357 221 188 2269
is_linear=0
shrinkage=0.05


Tree=26
num_leaves=14
num_cat=0
split_feature=33 31 8 24 24 23 28 23 11 7 26 16 8
split_gain=39.2947 17.3465 9.10715 14.9227 12.6466 11.0711 7.66124 4.4992 3.91599 3.73665 2.18085 1.56295 0.0147528
threshold=157.50000000000003 162.50000000000003 169.50000000000003 5.7500000000000009 7.5833333333333348 13.073888189929056 -0.81249999999999989 44.526962195044241 161.50000000000003 174.50000000000003 181.50000000000003 45.500000000000007 22.500000000000004
decision_type=2 2 2 2 2 2 2 2 2 2 2 2 2
left_child=1 7 3 5 -5 -2 12 11 -7 -4 -6 -1 -3
right_child=2 6 9 4 10 8 -8 -9 -10 -11 -12 -13 -14
leaf_value=-0.044495965831857158 0.018895552086562274 -0.0048590320294047661 0.057619994721543472 0.056841245818485708 -0.010381969356474757 -0.040464227422163969 0.034027975654847414 0.011007378226010793 0.0008144645663298619 0.016977630629711821 0.015801344002863617 0.00073748703508484767 -0.022540748088135887
leaf_weight=46.791624885052443 15.460099736228583 3.6700311508029726 15.221396572887899 17.653766807168722 11.307653065770866 16.474366992712024 11.138559091836212 2.2265641018748275 7.5791193656623355 16.127204444259405 10.725086510181425 1.8150954134762276 3.6925619747489691
leaf_count=2085 124 93 96 100 115 199 112 46 62 96 57 55 78
internal_value=0.00275712 -0.0256792 0.0209314 0.0106264 0.0305873 -0.0106056 0.0132376 -0.0397603 -0.0295558 0.0419231 0.00292874 -0.0428956 -0.0192569
internal_weight=179.883 69.3344 110.549 79.2001 39.6865 39.5136 18.5012 50.8333 24.0535 31.3486 22.0327 48.6067 7.36259
internal_count=3318 2469 849 657 272 385 283 2186 261 192 172 2140 171
is_linear=0
shrinkage=0.05


Tree=27
num_leaves=15
num_cat=0
split_feature=33 31 8 0 13 29 13 28 23 13 28 16 23 20
split_gain=36.3599 16.5109 8.16509 13.9714 7.1767 7.00259 6.96928 5.28624 4.40457 3.9661 1.80354 1.53836 0.068595 0.0500875
threshold=157.50000000000003 162.50000000000003 169.50000000000003 11.500000000000002 102.37500000000001 2.5000000000000004 163.37500000000003 -0.062499999999999993 44.526962195044241 166.12500000000003 -0.56249999999999989 45.500000000000007 1.3425612404077654 -1.0000000180025095e-35
decision_type=2 2 2 2 2 2 2 2 2 2 2 2 2 2
left_child=1 8 3 5 13 7 10 -2 11 -4 -5 12 -1 -3
right_child=2 4 9 6 -6 -7 -8 -9 -10 -11 -12 -13 -14 -15
leaf_value=-0.0059201418091285778 0.0082710481755540171 -0.022557678464916457 0.015604559206740058 -0.0040263700791158411 0.032367681666677528 -0.0040643941246467485 0.012483496426973363 0.049382015586085112 0.010805547062396226 0.055733400003244921 -0.039709234970722776 0.00072753212004253746 -0.044963928861163432 -0.0044299720420020727
leaf_weight=1.7640254944562901 14.449907094240187 3.7011956367641696 16.697263017296795 5.9928659796714809 11.410990346223114 13.706529792398213 11.203092958778141 21.476077724248171 2.2476023137569419 15.222037225961683 12.402629578486087 1.8163197301328171 43.094924526289105 3.5741683878004569
leaf_count=88 98 82 118 79 116 100 66 131 46 74 183 55 1997 85
internal_value=0.00273446 -0.0250985 0.020016 0.0102011 0.0125356 0.0254845 -0.0154063 0.0358773 -0.0393026 0.0396979 -0.0314294 -0.0425275 -0.0441762 -0.0190839
internal_weight=178.76 67.6092 111.15 79.2311 18.6864 49.6325 29.5986 35.926 48.9229 31.9193 18.3955 46.6753 44.859 7.27536
internal_count=3318 2469 849 657 283 329 328 229 2186 192 262 2140 2085 167
is_linear=0
shrinkage=0.05


Tree=28
num_leaves=13
num_cat=0
split_feature=33 31 31 9 33 30 25 5 10 24 23 19
split_gain=33.6284 15.7157 7.91585 11.8931 8.17796 7.29478 6.82519 6.72334 9.04863 4.42685 0.475526 0.112102
threshold=157.50000000000003 162.50000000000003 192.50000000000003 176.50000000000003 181.50000000000003 175.50000000000003 123.08854166666667 163.50000000000003 104.50000000000001 10.083333333333334 25.257781702339852 30.754526643907784
decision_type=2 2 2 2 2 2 2 2 2 2 2 2
left_child=1 9 3 4 5 7 10 8 -2 11 -3 -1
right_child=2 6 -4 -5 -6 -7 -8 -9 -10 -11 -12 -13
leaf_value=-0.043667039564186799 0.0054876191346941196 -0.021715487038422965 0.051829595259205052 0.046305823820796017 0.02627375180446059 0.027234322260320729 0.033388997694253894 0.0091970841308351061 -0.043958221485851497 0.0066512920313972768 -0.00027932845931528109 -0.0050737770216271435
leaf_weight=41.921568794175982 13.304599644616244 5.0914952885359543 11.577891424298285 16.45899124443531 23.760178953409195 8.8461117930710298 10.116491757333277 18.403710570186377 19.357489010319114 3.6039621457457534 3.6564218457788229 1.6078783515840758
leaf_count=2024 124 117 52 92 156 55 99 135 235 105 67 57
internal_value=0.00267396 -0.0245368 0.0191126 0.0130445 0.00425963 -0.00582217 0.0118656 -0.0134666 -0.0257623 -0.038847 -0.0161159 -0.0429111
internal_weight=177.707 65.9978 111.709 100.131 83.6721 59.9119 18.8644 51.0658 32.6621 47.1334 8.74792 43.5294
internal_count=3318 2469 849 797 705 549 283 494 359 2186 184 2081
is_linear=0
shrinkage=0.05


Tree=29
num_leaves=15
num_cat=0
split_feature=33 31 12 14 15 7 26 28 12 24 20 19 23 8
split_gain=31.2094 15.0009 7.4338 13.1149 11.6981 7.28185 9.52367 6.43792 5.58717 4.32881 3.59518 0.124895 0.112621 0.0604979
threshold=157.50000000000003 162.50000000000003 151.50000000000003 175.50000000000003 6.2383224240722406 168.50000000000003 179.50000000000003 -0.81249999999999989 118.50000000000001 10.083333333333334 7.5000000000000009 30.960626794889219 1.3425612404077654 22.500000000000004
decision_type=2 2 2 2 2 2 2 2 2 2 2 2 2 2
left_child=1 9 3 4 8 6 -4 13 -2 11 -8 12 -1 -3
right_child=2 7 5 -5 -6 -7 10 -9 -10 -11 -12 -13 -14 -15
leaf_value=-0.0053535913648518219 0.043588926491120755 -0.0042504076241723088 -0.020999927596318364 0.065450718049514051 -0.015321286447627674 -0.02632921707769106 0.0058342324272337119 0.029744093253201112 0.0014725715284271002 0.0064956766315598302 0.042537058827415403 -0.0048844501028129858 -0.044189161454146871 -0.022292495695565288
leaf_weight=1.682014688849448 20.685235965996981 3.565751817077401 10.210348345339296 13.500330731272696 18.306923314929008 10.826666776090859 13.398508798331024 11.817887272685764 11.875110199674962 3.6250311136245719 13.305666096508501 1.5812320914119471 38.550829492509365 3.6227952837944031
leaf_count=88 119 93 153 62 146 80 102 112 115 105 72 56 1937 78
internal_value=0.0026622 -0.0239723 0.0183428 0.0288061 0.0140932 0.002842 0.0135178 0.0113137 0.0304694 -0.0383902 0.0279462 -0.0425597 -0.0433368 -0.0187579
internal_weight=176.554 64.4455 112.109 64.3676 50.8673 47.7412 36.9145 19.0064 32.5603 45.4391 26.7042 41.8141 40.2328 7.18855
internal_count=3318 2469 849 442 380 407 327 283 234 2186 174 2081 2025 171
is_linear=0
shrinkage=0.05


Tree=30
num_leaves=14
num_cat=0
split_feature=33 7 24 31 9 27 27 23 19 33 23 13 31
split_gain=29.0677 16.8648 7.02612 6.82946 7.9632 7.77545 6.34809 7.72082 8.5798 5.71325 1.28248 1.16614 1.14914
threshold=160.50000000000003 164.50000000000003 6.0833333333333348 192.50000000000003 176.50000000000003 28.695974215365471 31.335729774911769 31.294765038909983 20.886417218908953 49.000000000000007 33.446248389700884 159.12500000000003 169.50000000000003
decision_type=2 2 2 2 2 2 2 2 2 2 2 2 2
left_child=1 2 10 4 5 -2 12 8 -8 -4 11 -1 -7
right_child=3 -3 9 -5 -6 6 7 -9 -10 -11 -12 -13 -14
leaf_value=-0.042991796188613277 0.032294009229348303 0.028522148242920625 0.032095098498255072 0.048514770245212613 0.03997529114930868 -0.006430899741255997 -0.0047272178438242957 -0.022033800578510482 0.03992692817615727 -0.022523596536217185 -0.0038675842142446536 -0.00028047976066730679 -0.035635996935286816
leaf_weight=43.146480144932866 14.98383625783026 9.8098108917474729 4.3110900893807393 11.782352417707441 16.006183929741383 8.1159533746540564 20.016028303653002 12.720441289246081 16.119133643805981 4.9964244049042463 3.5053596552461377 1.7211493756622065 8.2483039759099466
leaf_count=2081 127 114 59 52 86 98 146 111 103 128 125 24 64
internal_value=0.00259715 -0.0221904 -0.0324024 0.0183847 0.0124804 0.0049694 -0.00316074 0.00621137 0.017624 0.00515009 -0.0394335 -0.0415458 -0.0260465
internal_weight=175.483 67.4903 57.6805 107.992 96.2099 80.2037 65.2199 48.8556 36.1352 9.30751 48.373 44.8676 16.3643
internal_count=3318 2531 2417 787 735 649 522 360 249 187 2230 2105 162
is_linear=0
shrinkage=0.05


Tree=31
num_leaves=14
num_cat=0
split_feature=33 7 24 12 15 23 8 24 33 11 4 23 5
split_gain=26.7941 15.9215 6.81838 6.66465 10.7643 6.26538 5.45342 6.46631 5.42088 3.65467 2.12549 1.25708 1.28951
threshold=160.50000000000003 164.50000000000003 6.0833333333333348 122.50000000000001 5.1961524227086517 29.377030155044114 165.50000000000003 6.0833333333333348 49.000000000000007 97.500000000000014 167.50000000000003 33.446248389700884 161.50000000000003
decision_type=2 2 2 2 2 2 2 2 2 2 2 2 2
left_child=1 2 11 9 -5 6 7 -6 -4 -2 -7 12 -1
right_child=3 -3 8 4 5 10 -8 -9 -10 -11 -12 -13 -14
leaf_value=-0.042664881992260081 0.04799193220457626 0.027199691189228794 0.031005306144309339 -0.026045409636607987 -0.011118449846182972 0.0089910443488872126 0.050084077074976453 0.030248876506436109 -0.022170854370130125 0.011975905273162106 -0.018443603624587617 -0.0037935791370588092 0.00071978988728421504
leaf_weight=41.540230458602309 17.832589529454708 10.010285172611473 4.4126100298017246 13.675656806677578 14.043534642085435 9.5190834105014819 12.279016345739363 15.155598018318413 4.9040260128676891 16.548392031341791 9.4250278174877149 3.4929118715226641 1.6075615156441916
leaf_count=2078 87 114 59 151 123 97 66 97 128 101 65 125 27
internal_value=0.00257855 -0.0215952 -0.0318392 0.0175828 0.00810932 0.0172395 0.0271817 0.0116362 0.00504728 0.0343781 -0.00565934 -0.0389827 -0.0411416
internal_weight=174.447 65.9676 55.9573 108.479 74.0979 60.4223 41.4781 29.1991 9.31664 34.381 18.9441 46.6407 43.1478
internal_count=3318 2531 2417 787 599 448 286 220 187 188 162 2230 2105
is_linear=0
shrinkage=0.05


Tree=32
num_leaves=14
num_cat=0
split_feature=13 31 20 33 11 9 8 23 28 22 23 25 25
split_gain=24.8606 24.5597 24.8155 15.8864 14.3289 7.81147 4.26964 2.48723 9.11504 1.50831 0.79514 0.198935 1.03384
threshold=164.62500000000003 193.50000000000003 16.833333333333339 180.50000000000003 176.50000000000003 173.50000000000003 177.50000000000003 12.444587322333346 0.35416666666666669 192.50000000000003 42.645127319049784 24.734375000000004 22.364583333333339
decision_type=2 2 2 2 2 2 2 2 2 2 2 2 2
left_child=1 2 3 4 6 -2 7 8 11 10 -9 12 -1
right_child=5 -3 -4 -5 -6 -7 -8 9 -10 -11 -12 -13 -14
leaf_value=-0.01887697889478944 0.012184392662245282 0.053783311498274734 0.04379397851025893 0.01322698705311552 0.037565747327646538 0.058404235779169249 0.008726349683249859 -0.046968003439865853 0.024812360998936748 -0.0021916352979305478 -0.0056351318398996982 -0.037430253815407176 0.0085197932447294445
leaf_weight=5.5127428043633762 22.607174679636955 9.7690203376114351 11.625714836642144 22.728816039860249 3.2588927857577792 15.631009958684443 3.475359519943594 52.261487029492855 5.2593341544270507 2.6090981960296622 2.6869355440139762 14.252601668238638 1.6715879086405037
leaf_count=271 122 44 138 152 40 76 28 1694 42 24 59 550 78
internal_value=0.00256572 -0.00773468 -0.0144085 -0.0219527 -0.0309718 0.0356471 -0.035406 -0.0376133 -0.019172 -0.0439508 -0.0455854 -0.0326149 -0.0116222
internal_weight=173.35 135.112 125.343 113.717 90.988 38.2382 87.7291 84.2538 26.6963 57.5575 54.9484 21.4369 7.18433
internal_count=3318 3120 3076 2938 2786 198 2746 2718 941 1777 1753 899 349
is_linear=0
shrinkage=0.05


Tree=33
num_leaves=12
num_cat=0
split_feature=33 7 31 12 15 21 20 8 6 16 23
split_gain=22.9713 14.546 6.70054 6.02551 9.86108 5.92574 9.95557 6.1677 3.65589 3.44845 0.119581
threshold=160.50000000000003 164.50000000000003 173.50000000000003 122.50000000000001 5.1961524227086517 149.87500000000003 15.500000000000002 125.50000000000001 114.50000000000001 30.500000000000004 1.3425612404077654
decision_type=2 2 2 2 2 2 2 2 2 2 2
left_child=1 2 9 8 -5 6 7 -6 -2 10 -1
right_child=3 -3 -4 4 5 -7 -8 -9 -10 -11 -12
leaf_value=-0.0052287791003582567 0.008991907943527843 0.025632436480376566 0.0038671537834918434 -0.025590609912958136 0.010179596287507676 0.033566457095686585 0.028071954027848962 -0.035993649363029255 0.044300274736647265 0.0018978672374755493 -0.04389054546568244
leaf_weight=1.6666234340518702 14.85459344089031 10.215624155476688 10.392354581505058 13.428322233259676 9.399353180080654 22.804575573652983 16.211063608527184 12.31326770223677 19.791761003434658 4.289106545969843 36.501240782439709
leaf_count=95 82 114 148 151 64 137 103 144 106 139 2035
internal_value=0.00264699 -0.02041 -0.030756 0.0163209 0.00733429 0.0160076 0.00276882 -0.0178413 0.032205 -0.0387454 -0.0430035
internal_weight=171.868 63.0649 52.8493 108.803 74.1566 60.7283 37.9237 21.7126 34.6464 42.457 38.1679
internal_count=3318 2531 2417 787 599 448 311 208 188 2269 2130
is_linear=0
shrinkage=0.05


Tree=34
num_leaves=15
num_cat=0
split_feature=13 31 20 33 11 9 8 23 21 31 22 21 33 26
split_gain=21.538 22.0489 22.3372 14.5272 13.4012 6.95926 3.83207 4.33405 9.52397 2.1225 1.03408 1.35289 0.592473 0.498185
threshold=164.62500000000003 193.50000000000003 16.833333333333339 181.50000000000003 176.50000000000003 173.50000000000003 177.50000000000003 12.444587322333346 101.18750000000001 178.50000000000003 192.50000000000003 56.541666666666671 179.50000000000003 93.500000000000014
decision_type=2 2 2 2 2 2 2 2 2 2 2 2 2 2
left_child=1 2 3 4 6 -2 7 8 9 13 11 -9 -13 -1
right_child=5 -3 -4 -5 -6 -7 -8 10 -10 -11 -12 12 -14 -15
leaf_value=-0.010820750993772589 0.011056107444948858 0.050736912376659504 0.040649671213062594 0.014881272312815372 0.036329654898513454 0.054233052818018157 0.008010845428379338 -0.0021005979583380938 0.030018773256134109 0.0038672197822706522 -0.0048636857197961389 -0.048211787989591651 -0.0065896257666450686 -0.039881287575527224
leaf_weight=6.9484340911731222 22.759744420647621 9.8777514733374101 12.037000695243476 19.690329369157553 3.3496562354266635 16.018400281667709 3.5298049729317418 2.2384532010182729 4.738431414589285 3.2754725515842429 2.945053892210125 48.342905484139919 2.623474307358264 12.532434203661976
leaf_count=352 122 44 138 129 40 76 28 105 43 47 26 1629 30 509
internal_value=0.00257688 -0.00724509 -0.0137395 -0.0211858 -0.0293992 0.0330486 -0.0337586 -0.0358737 -0.0155154 -0.0286963 -0.0437587 -0.0453089 -0.0468494 -0.033843
internal_weight=170.907 132.129 122.251 110.214 90.5241 38.7781 87.1745 83.6447 27.4948 22.7563 56.1499 53.2048 50.9664 19.4809
internal_count=3318 3120 3076 2938 2809 198 2769 2741 951 908 1790 1764 1659 861
is_linear=0
shrinkage=0.05


Tree=35
num_leaves=15
num_cat=0
split_feature=33 31 31 9 27 27 13 10 13 1 20 17 31 20
split_gain=19.6801 13.1297 6.54688 8.57863 6.52617 6.30604 6.57252 11.0157 5.03014 4.52538 3.25088 2.83595 1.07458 0.225764
threshold=157.50000000000003 162.50000000000003 193.50000000000003 176.50000000000003 28.695974215365471 31.335729774911769 106.62500000000001 108.50000000000001 102.37500000000001 5.5000000000000009 -0.83333333333333315 23.375000000000004 169.50000000000003 -1.0000000180025095e-35
decision_type=2 2 2 2 2 2 2 2 2 2 2 2 2 2
left_child=1 9 3 4 -2 12 -7 -8 13 -1 -9 -11 -6 -3
right_child=2 8 -4 -5 5 6 7 10 -10 11 -12 -13 -14 -15
leaf_value=-0.043768952052603893 0.026308922819907449 -0.020933982120768441 0.045068080382220994 0.036137045991078483 -0.0076899241663397734 -0.021950670377842717 0.046529912853252184 0.013029143289327735 0.027395172868013091 -0.019282087491044819 -0.017146030567582796 0.020604160610913774 -0.036818167855321542 -0.0017854082210827561
leaf_weight=29.662724035792053 16.001448189839721 3.2791024092584857 10.605429232120512 18.439640946686268 8.4071359038352984 12.79497431591153 11.439364615827797 10.936557559296485 12.099047880619763 4.6456608856096855 15.841505113989118 3.2943598348647356 8.8928792960941774 3.1421026978641766
leaf_count=1785 140 82 44 96 108 130 58 85 116 303 116 98 72 85
internal_value=0.00264326 -0.0204777 0.0144718 0.00936912 0.00181961 -0.00531982 0.00400985 0.0142353 0.0119293 -0.0359658 -0.00471109 -0.00116616 -0.027561 -0.0164476
internal_weight=169.482 56.123 113.359 102.754 84.3139 68.3124 51.0124 38.2174 18.5203 37.6027 26.7781 7.94002 17.3 6.42121
internal_count=3318 2469 849 805 709 569 389 259 283 2186 201 401 180 167
is_linear=0
shrinkage=0.05


Tree=36
num_leaves=15
num_cat=0
split_feature=13 31 20 33 11 9 8 23 9 22 23 31 25 25
split_gain=18.6082 19.3347 20.0858 13.3771 13.0907 5.99286 3.76923 2.52414 8.45491 1.29687 1.12922 0.42978 0.498552 0.988216
threshold=164.62500000000003 193.50000000000003 16.833333333333339 180.50000000000003 176.50000000000003 173.50000000000003 177.50000000000003 12.444587322333346 75.500000000000014 192.50000000000003 44.526962195044241 179.50000000000003 24.734375000000004 22.364583333333339
decision_type=2 2 2 2 2 2 2 2 2 2 2 2 2 2
left_child=1 2 3 4 6 -2 7 8 11 10 -9 12 13 -1
right_child=5 -3 -4 -5 -6 -7 -8 9 -10 -11 -12 -13 -14 -15
leaf_value=-0.017571082433578401 0.010222762018614474 0.047254288279663444 0.03787405920934539 0.011510827369301195 0.035348621608631767 0.050049796126723327 0.0075967474443949384 -0.046022824554919912 0.026070153852382691 -0.0028144268197359034 -0.002822340552937438 -0.0019592262763113992 -0.038652389614779972 0.0090200199782764397
leaf_weight=5.1065370561555126 22.864876113831997 9.9837223738431913 12.400689085945485 23.05409612134099 3.4237597659230223 16.394973903894424 3.5626513827592126 47.005747502669692 4.6226841788738957 2.6598944403231135 2.2559074014425269 1.9031195230782021 11.696162448264657 1.6100891493260858
leaf_count=271 122 44 138 152 40 76 28 1704 45 24 49 36 511 78
internal_value=0.00257592 -0.00676644 -0.0130061 -0.0203369 -0.0292486 0.0306298 -0.0339067 -0.036177 -0.0175682 -0.0427868 -0.0444868 -0.0306855 -0.0326021 -0.0100677
internal_weight=168.545 129.285 119.301 106.901 83.8466 39.2599 80.4228 76.8601 24.9386 51.9215 49.2617 20.3159 18.4128 6.71663
internal_count=3318 3120 3076 2938 2786 198 2746 2718 941 1777 1753 896 860 349
is_linear=0
shrinkage=0.05


Tree=37
num_leaves=15
num_cat=0
split_feature=0 0 5 22 26 30 13 0 3 13 24 5 27 20
split_gain=17.6223 17.4803 14.4124 12.2231 13.9926 14.8564 10.5389 8.20238 7.24083 6.01884 1.88657 1.78181 1.19443 0.758071
threshold=6.5000000000000009 18.500000000000004 21.500000000000004 196.00000000000003 192.50000000000003 101.50000000000001 164.62500000000003 12.500000000000002 142.50000000000003 103.37500000000001 1.0000000180025095e-35 26.500000000000004 29.460453346876651 1.0000000180025095e-35
decision_type=2 2 2 2 2 2 2 2 2 2 2 2 2 2
left_child=-1 2 -2 4 5 7 8 13 9 11 -9 -7 -10 -4
right_child=1 -3 3 -5 -6 6 -8 10 12 -11 -12 -13 -14 -15
leaf_value=-0.039637794778426078 -0.036032048019552392 -0.038278088335584118 0.060224567090730596 -0.028188291085348163 0.051987939340454085 0.0043054647604935858 0.026745352483579211 -0.019934263758103487 -0.0061272965266637395 0.024175202974169682 0.013564221518303721 -0.030439630209000975 -0.037476027175320135 0.02109016203932396
leaf_weight=16.728617295622826 8.6180322170257551 13.098062165081499 13.620666266418999 8.6258712857961637 26.837162400595844 3.9966114731505531 17.232536509633064 4.0652890978381029 6.1383494678884771 12.829153086990116 3.197383408434689 5.5083146896213293 16.77467421349138 9.898467834107576
leaf_count=1022 257 728 122 51 139 119 86 132 90 116 51 75 233 97
internal_value=0.00262929 0.00845312 0.0140978 0.0186757 0.0230338 0.0124804 -0.0020713 0.038179 -0.0146155 0.00548359 -0.00566913 -0.019382 -0.0316797 0.0503393
internal_weight=167.169 150.441 137.343 128.724 120.099 93.2614 62.4796 30.7818 45.2471 22.3341 7.26267 9.50493 22.913 23.5191
internal_count=3318 2296 1568 1311 1260 1121 719 402 633 310 183 194 323 219
is_linear=0
shrinkage=0.05


Tree=38
num_leaves=15
num_cat=0
split_feature=0 0 5 22 26 30 13 0 3 13 13 24 19 20
split_gain=16.6178 16.4115 13.5162 11.3693 12.5696 13.6456 9.76882 7.47657 6.82292 5.62566 1.82149 1.8152 1.19039 0.671982
threshold=6.5000000000000009 18.500000000000004 21.500000000000004 196.00000000000003 192.50000000000003 101.50000000000001 164.62500000000003 12.500000000000002 142.50000000000003 103.37500000000001 25.125000000000004 1.0000000180025095e-35 21.195695221306206 1.0000000180025095e-35
decision_type=2 2 2 2 2 2 2 2 2 2 2 2 2 2
left_child=-1 2 -2 4 5 7 8 13 9 10 -7 -9 -10 -4
right_child=1 -3 3 -5 -6 6 -8 11 12 -11 -12 -13 -14 -15
leaf_value=-0.039252822768970616 -0.035545423591100953 -0.037852847426763835 0.057219074445544874 -0.027547564848776091 0.049311004616106574 0.0047789916938320732 0.025536832646983559 -0.019629483732518493 -0.040146227820703276 0.023094827144748638 -0.030199213094414912 0.013248023469302051 -0.010592583602556566 0.020216708909877409
leaf_weight=16.112727243453264 8.3738777982071024 12.650492622517048 13.875183021649724 8.504570357501505 27.142641351558268 3.9220427135005611 17.378444336354733 4.0012514470145097 12.188927757553758 12.987588183023034 5.4752838499844074 3.2285528983920813 10.230978579260407 10.022606689482926
leaf_count=1022 257 728 122 51 139 117 86 132 181 116 77 51 142 97
internal_value=0.00244638 0.008048 0.0134574 0.0178474 0.0220226 0.0119807 -0.00205733 0.0364278 -0.0142495 0.00517487 -0.019011 -0.00553385 -0.0310507 0.0478835
internal_weight=166.095 149.982 137.332 128.958 120.454 93.3109 62.1833 31.1276 44.8048 22.3849 9.39733 7.2298 22.4199 23.8978
internal_count=3318 2296 1568 1311 1260 1121 719 402 633 310 194 183 323 219
is_linear=0
shrinkage=0.05


Tree=39
num_leaves=13
num_cat=0
split_feature=18 31 33 21 21 30 6 31 12 26 27 19
split_gain=16.0171 20.7918 16.665 11.5343 11.4137 6.91333 5.77317 2.41465 2.15137 2.30371 2.88307 1.50732
threshold=175.50000000000003 178.50000000000003 181.50000000000003 156.95833333333334 149.87500000000003 124.50000000000001 158.50000000000003 175.50000000000003 166.50000000000003 93.500000000000014 1.647216490449581 37.818295361896382
decision_type=2 2 2 2 2 2 2 2 2 2 2 2
left_child=1 2 7 4 6 -3 -2 8 9 10 -1 -11
right_child=3 5 -4 -5 -6 -7 -8 -9 -10 11 -12 -13
leaf_value=-0.023569311655913538 -0.014547874466859298 0.047501282440479062 0.018367478643988102 -0.0093143712668706854 0.059824773644572594 0.0013717796015207681 0.027861739832099677 -0.00080673246115504883 0.0040339553614962137 -0.043983841873256525 0.018466082664186974 0.0007081228096802194
leaf_weight=3.9841597974300376 11.213329307734968 11.508210066705944 16.228315349668264 18.449961829930544 18.655695613473654 16.594088654965162 11.502732314169405 5.2801425606012335 2.1601186748594037 44.957485146820545 2.7089435253292322 1.79748708102852
leaf_count=243 108 63 108 123 132 134 59 60 40 2075 119 54
internal_value=0.00225287 -0.00941418 -0.022546 0.021917 0.0353474 0.0245839 0.00807926 -0.0340169 -0.0368436 -0.0386994 -0.00593482 -0.0423632
internal_weight=165.041 105.219 77.1167 59.8217 41.3718 28.1023 22.7161 60.8883 55.6082 53.4481 6.6931 46.755
internal_count=3318 2896 2699 422 299 197 167 2591 2531 2491 362 2129
is_linear=0
shrinkage=0.05


Tree=40
num_leaves=15
num_cat=0
split_feature=14 27 22 33 8 18 5 33 27 23 13 26 27 31
split_gain=15.0093 11.9711 13.0758 9.47942 8.1123 16.9306 10.6243 6.8437 6.13282 2.43433 2.15402 1.42965 2.77953 1.84814
threshold=114.50000000000001 31.335729774911769 196.00000000000003 178.50000000000003 106.50000000000001 174.50000000000003 168.50000000000003 180.50000000000003 33.132343557998091 39.947701317844071 166.12500000000003 93.500000000000014 1.647216490449581 180.50000000000003
decision_type=2 2 2 2 2 2 2 2 2 2 2 2 2 2
left_child=7 3 4 10 -3 8 -7 9 -6 11 -2 12 -1 -13
right_child=1 2 -4 -5 5 6 -8 -9 -10 -11 -12 13 -14 -15
leaf_value=-0.023509421247736459 -0.037431020666441113 0.053649223244208649 -0.026996538492494799 0.018071844961767582 0.017465033553364259 0.051392154648160937 0.001601750542348078 0.010917833356242614 -0.036189903076416743 0.0092365754289853753 0.00088782818623990122 -0.041105251425131752 0.017714318774893961 -0.00026096722458232905
leaf_weight=3.974878028035163 16.120227687992159 18.470179153606296 8.4211557274684292 11.989362798631189 4.1274557178840068 23.331317965872586 17.761987332254648 10.813901487737892 12.562045882456003 1.6890350822359312 4.1623891517519942 24.543454662896696 2.7846784275025129 3.1268571056425563
leaf_count=245 460 135 55 94 77 189 103 69 330 57 24 1309 120 51
internal_value=0.00226544 0.0117901 0.0213344 -0.0127546 0.0280047 0.0161877 0.0323792 -0.020318 -0.0219534 -0.0298603 -0.0309468 -0.0327063 -0.0062157 -0.037236
internal_weight=163.879 116.946 84.6741 32.272 76.253 57.7828 41.0933 46.9328 16.6895 36.1189 20.2826 34.4299 6.75956 27.6703
internal_count=3318 1467 889 578 834 699 292 1851 407 1782 484 1725 365 1360
is_linear=0
shrinkage=0.05


Tree=41
num_leaves=15
num_cat=0
split_feature=0 0 5 12 23 24 3 19 15 9 14 11 31 26
split_gain=14.2871 14.2259 12.0143 9.94905 6.15985 6.0717 5.45879 7.42231 5.43939 5.15247 4.81121 2.44391 1.85167 0.60106
threshold=6.5000000000000009 18.500000000000004 21.500000000000004 123.50000000000001 29.377030155044114 -0.58333333333333315 167.50000000000003 20.886417218908953 6.1644140029703172 177.50000000000003 154.50000000000003 157.50000000000003 162.50000000000003 181.50000000000003
decision_type=2 2 2 2 2 2 2 2 2 2 2 2 2 2
left_child=-1 2 -2 5 6 12 7 11 13 -6 -9 -5 -4 -7
right_child=1 -3 3 4 9 8 -8 10 -10 -11 -12 -13 -14 -15
leaf_value=-0.038169457819530024 -0.034825470757193888 -0.036908774294899513 -0.019567842492277835 -0.034332867592647753 -0.028555763248016786 0.026679210214004379 0.035423564310042711 0.038378207199766257 0.011057856144911161 0.012213153981119164 -0.0029728838521486502 0.0011696340990021324 0.012269398100683183 0.063118811200257557
leaf_weight=14.543780536390839 7.9317504419013849 11.623463370837269 4.1093726847320777 7.7797516360878927 16.119510103948418 15.050382036715748 13.948456468060611 9.6968592191115039 16.474425343796611 8.6779444590210897 12.220535821281372 7.2959310561418533 4.467235716059804 13.067449901252983
leaf_count=1022 257 728 147 123 178 222 70 71 127 52 126 48 79 68
internal_value=0.00216932 0.00723585 0.0121545 0.0162376 0.00400859 0.0318159 0.0135799 0.00210655 0.0385702 -0.0146332 0.0190525 -0.0211392 -0.00457356 0.0505868
internal_weight=163.007 148.463 136.84 128.908 75.739 53.1689 50.9415 36.9931 44.5923 24.7975 21.9174 15.0757 8.57661 28.1178
internal_count=3318 2296 1568 1311 668 643 438 368 417 230 197 171 226 290
is_linear=0
shrinkage=0.05


Tree=42
num_leaves=14
num_cat=0
split_feature=8 24 24 7 33 0 28 11 20 10 23 30 13
split_gain=13.698 21.7428 11.8213 7.81684 6.77059 5.2035 5.12762 3.22194 3.03732 2.95893 2.78268 1.93265 1.58729
threshold=169.50000000000003 5.7500000000000009 7.5833333333333348 174.50000000000003 167.50000000000003 7.5000000000000009 0.60416666666666685 157.50000000000003 16.000000000000004 102.50000000000001 33.446248389700884 184.50000000000003 165.00000000000003
decision_type=2 2 2 2 2 2 2 2 2 2 2 2 2
left_child=1 4 9 -2 10 -6 8 -7 -4 -3 11 12 -1
right_child=3 2 6 -5 5 7 -8 -9 -10 -11 -12 -13 -14
leaf_value=-0.042444044092441263 0.043764881041409152 0.057143493251644931 -0.032352569557123394 0.001300313182837622 0.020713773663171522 -0.030721527198136353 0.017619227831049741 0.0059949750397876892 0.003625559140592496 0.013410596136346754 0.0044355176266263202 0.0042447159059710556 0.00044043028647485703
leaf_weight=36.349599382840097 20.724682312458754 10.586422873660924 9.5549094378948265 19.270930780097842 9.4823144897818583 10.623998297378423 12.362723178230224 7.4183887522667638 8.3013643901795131 10.468838264234362 3.1183140957728019 1.62974253296852 2.1688197180628768
leaf_count=2190 142 73 107 110 44 144 140 56 69 88 129 13 13
internal_value=0.00206788 -0.0063899 0.0174389 0.0257225 -0.023661 -0.00324559 -0.00331486 -0.0176 -0.0184922 0.0421454 -0.0349671 -0.0381797 -0.0402562
internal_weight=162.061 122.065 51.2743 39.9956 70.7912 27.5247 30.219 18.0424 17.8563 21.0553 43.2665 40.1482 38.5184
internal_count=3318 3066 477 252 2589 244 316 200 176 161 2345 2216 2203
is_linear=0
shrinkage=0.05


Tree=43
num_leaves=15
num_cat=0
split_feature=0 0 5 22 26 30 13 0 3 13 13 24 25 20
split_gain=13.0451 12.8773 10.9636 9.62673 10.132 12.0535 7.86558 6.26169 6.07943 4.7597 1.89019 1.87872 1.42486 0.536721
threshold=6.5000000000000009 18.500000000000004 21.500000000000004 196.00000000000003 192.50000000000003 101.50000000000001 164.62500000000003 12.500000000000002 142.50000000000003 103.37500000000001 25.125000000000004 0.25000000000000006 132.72916666666669 1.0000000180025095e-35
decision_type=2 2 2 2 2 2 2 2 2 2 2 2 2 2
left_child=-1 2 -2 4 5 7 8 13 9 10 -7 -9 -10 -4
right_child=1 -3 3 -5 -6 6 -8 11 12 -11 -12 -13 -14 -15
leaf_value=-0.03749417363246875 -0.034164633846985377 -0.036179470452357879 0.051591012176632534 -0.026664084394455036 0.043385940538057326 0.0055956165397254365 0.021438351772175627 -0.01985724265615647 -0.036230777631081061 0.020455780259969983 -0.029880843106509555 0.013735465897646787 -0.0034256563370162656 0.018442612265076205
leaf_weight=13.63735689781606 7.5443166960030785 10.909079088829456 14.115948823280638 8.2949606627225858 27.527898345142603 3.7874470241367835 17.677677929401398 4.0190470824018112 16.383950275368992 13.211139014922081 5.3070979351177812 3.0787641061469913 5.2470924220979205 10.217228008434175
leaf_count=1022 257 728 122 51 139 117 86 145 282 116 77 38 41 97
internal_value=0.00206412 0.00683653 0.0114342 0.01528 0.0191124 0.0100846 -0.00315215 0.0329041 -0.0142255 0.00416431 -0.0183627 -0.00563142 -0.0304104 0.0431885
internal_weight=160.959 147.322 136.413 128.868 120.573 93.0454 61.6144 31.431 43.9367 22.3057 9.09454 7.09781 21.631 24.3332
internal_count=3318 2296 1568 1311 1260 1121 719 402 633 310 194 183 323 219
is_linear=0
shrinkage=0.05


Tree=44
num_leaves=15
num_cat=0
split_feature=0 0 5 22 26 11 17 17 16 8 27 20 16 0
split_gain=12.319 12.1252 10.3214 8.98105 9.2554 10.1902 7.04168 10.0994 6.93663 5.5342 5.20302 4.42716 3.17565 2.71344
threshold=6.5000000000000009 18.500000000000004 21.500000000000004 196.00000000000003 193.50000000000003 126.50000000000001 147.50000000000003 143.54166666666671 -5.4999999999999991 165.50000000000003 30.386218881108373 14.833333333333334 7.5000000000000009 12.500000000000002
decision_type=2 2 2 2 2 2 2 2 2 2 2 2 2 2
left_child=-1 2 -2 4 5 8 7 10 9 -4 -7 -12 13 -10
right_child=1 -3 3 -5 -6 6 -8 -9 12 -11 11 -13 -14 -15
leaf_value=-0.037101111218606632 -0.033698028036188613 -0.035755443390535525 -0.021208624462744047 -0.026062677992667205 0.044705426226668864 0.019716242978749843 -0.027172231038996471 0.045784938351963893 0.055650975471884613 0.022953907552302477 -0.036674554570883075 0.0084255577485890035 0.0092097474056623396 0.007941304561772982
leaf_weight=13.15789853595197 7.3407543553039423 10.554831292480229 9.7421579398214764 8.1803584396839124 21.789534959942102 6.6276624146848979 17.562743498012424 7.2529479889199129 16.149290944449614 8.6737459897994977 10.637860606424512 5.934822015464305 10.634994858875869 5.6490295957773915
leaf_count=1022 257 728 111 51 113 97 177 53 161 67 189 36 90 166
internal_value=0.00188585 0.00648934 0.0109141 0.0146199 0.0183055 0.0106151 -0.00573799 0.00871216 0.0251883 5.14612e-05 -0.00894052 -0.0223143 0.0375478 0.0470756
internal_weight=159.889 146.731 136.176 128.835 120.655 98.8653 48.016 30.4533 50.8492 18.4159 23.2003 16.5727 32.4333 21.7983
internal_count=3318 2296 1568 1311 1260 1147 552 375 595 178 322 225 417 327
is_linear=0
shrinkage=0.05


Tree=45
num_leaves=14
num_cat=0
split_feature=8 24 24 7 11 19 0 26 31 10 25 22 23
split_gain=11.6848 18.6944 10.6394 6.86153 6.44066 6.17887 4.98074 4.58587 3.37733 2.45442 1.04014 0.262343 0.219916
threshold=169.50000000000003 5.7500000000000009 7.5833333333333348 174.50000000000003 166.50000000000003 1.5954480704561667 7.5000000000000009 176.50000000000003 173.50000000000003 102.50000000000001 46.276041666666671 26.500000000000004 36.9862636076179
decision_type=2 2 2 2 2 2 2 2 2 2 2 2 2
left_child=1 4 9 -2 5 6 11 10 12 -3 -4 -1 -7
right_child=3 2 7 -5 -6 8 -8 -9 -10 -11 -12 -13 -14
leaf_value=0.0042196687737071246 0.040123348172038005 0.052745328619984516 -0.0018611721555080369 0.00057993993147973158 0.012715983180941803 -0.043188462036365019 -0.021207895648133839 0.010391913023447467 -0.0089517955566265472 0.012540305601977504 -0.032334069682415055 0.034773827145149795 -0.0041045019476214041
leaf_weight=2.511192166246472 21.137568900361657 10.681878916919233 4.5601294469088334 19.160858418792486 8.2550039235502464 34.693226967006922 4.8136719949543476 19.070901492610574 13.259036727249621 10.395476711913942 6.4542684396728873 2.4658575458452106 1.4877371340990055
leaf_count=90 142 73 88 110 85 1883 260 129 133 88 99 71 67
internal_value=0.00178289 -0.00623089 0.0157079 0.0234608 -0.0227995 -0.0283538 0.00562406 -0.00393365 -0.0349811 0.0391224 -0.0242379 0.0291981 -0.0422748
internal_weight=158.947 118.648 51.1627 40.2984 67.4857 59.2307 9.79072 30.0853 49.44 21.0774 11.0144 4.97705 36.181
internal_count=3318 3066 477 252 2589 2504 421 316 2083 161 187 161 1950
is_linear=0
shrinkage=0.05


Tree=46
num_leaves=15
num_cat=0
split_feature=0 0 5 22 26 30 19 20 28 0 28 24 26 20
split_gain=11.2974 11.0219 9.43133 8.43063 8.24034 10.732 7.02926 6.31466 6.71092 5.37305 3.7986 1.7535 0.76624 0.990832
threshold=6.5000000000000009 18.500000000000004 21.500000000000004 196.00000000000003 192.50000000000003 101.50000000000001 31.570858364902183 15.500000000000002 0.35416666666666669 12.500000000000002 -1.0208333333333333 0.25000000000000006 177.50000000000003 1.0000000180025095e-35
decision_type=2 2 2 2 2 2 2 2 2 2 2 2 2 2
left_child=-1 2 -2 4 5 9 7 8 10 12 -7 -11 13 -4
right_child=1 -3 3 -5 -6 6 -8 -9 -10 11 -12 -13 -14 -15
leaf_value=-0.036442203316198268 -0.032920869301189724 -0.035040357035812174 0.028455709054131268 -0.025702891234213883 0.03912907314842487 0.0031872097723098895 0.024403383778895005 0.015606875044078867 0.012506943024225673 -0.019342228632740693 -0.039465437059262032 0.01318106763497064 0.051909868536311438 0.0025980385147874666
leaf_weight=12.390083716250954 7.0329911429435006 9.9334748070687038 7.5513135679066234 8.0946615189313871 27.811448512598872 5.5389810977503613 12.448178379796444 11.501213828101752 8.3122090827673656 3.8821610603481522 23.130675781518228 3.1185903744772077 10.398183343932031 6.820836154744029
leaf_count=1022 257 728 89 51 139 145 125 75 79 145 295 38 56 74
internal_value=0.00177821 0.00613328 0.0102871 0.0137935 0.0173646 0.00916681 -0.0034396 -0.0122015 -0.0216785 0.0305239 -0.0319754 -0.00539875 0.0398781 0.0200219
internal_weight=157.965 145.575 135.641 128.608 120.514 92.7023 60.9313 48.4831 36.9819 31.7711 28.6697 7.00075 24.7703 14.3721
internal_count=3318 2296 1568 1311 1260 1121 719 594 519 402 440 183 219 163
is_linear=0
shrinkage=0.05


Tree=47
num_leaves=15
num_cat=0
split_feature=0 0 5 12 23 9 25 25 24 27 24 26 27 2
split_gain=10.7241 10.4382 8.93278 8.21472 5.29991 4.88365 4.77156 6.24487 4.61544 4.5926 4.25711 2.76896 3.79074 1.80027
threshold=6.5000000000000009 18.500000000000004 21.500000000000004 123.50000000000001 29.377030155044114 177.50000000000003 137.03645833333337 121.45312500000001 -1.2499999999999998 34.352868329365457 7.5833333333333348 189.50000000000003 31.69788857875027 3.5000000000000004
decision_type=2 2 2 2 2 2 2 2 2 2 2 2 2 2
left_child=-1 2 -2 8 6 -6 7 -5 13 10 -10 12 -9 -4
right_child=1 -3 3 4 5 -7 -8 11 9 -11 -12 -13 -14 -15
leaf_value=-0.036047321382637117 -0.032471166768942648 -0.034619947436318702 0.011391068946872663 -0.0081370099579591484 -0.028701592124547648 0.011208840102318375 -0.015136710375971793 -0.010104254923294004 0.027289689012318076 0.047984318059055481 -0.0094235387864788026 0.046893530992614292 0.028187878962248843 -0.021562424863106722
leaf_weight=11.965094706974922 6.8478306662291279 9.6200851732864958 3.8600601963698855 13.078214215114711 15.83207541704178 8.7184755876660329 9.674550920724867 8.064163179136818 15.163644210435452 21.331968116573989 9.6954964920878393 10.210752479732035 9.5616975147277099 3.2691917531192303
leaf_count=1022 257 728 99 164 178 52 49 122 176 210 62 47 56 96
internal_value=0.00169177 0.00590571 0.00991802 0.0133095 0.00222577 -0.01503 0.0111985 0.0183959 0.027399 0.0327263 0.0137906 0.0302024 0.0123071 -0.00637948
internal_weight=156.893 144.928 135.308 128.46 75.1399 24.5506 50.5894 40.9148 53.3204 46.1911 24.8591 27.8366 17.6259 7.12925
internal_count=3318 2296 1568 1311 668 230 438 389 643 448 238 225 178 195
is_linear=0
shrinkage=0.05


Tree=48
num_leaves=15
num_cat=0
split_feature=18 31 33 21 24 12 30 16 30 12 25 27 31 19
split_gain=10.324 13.45 12.2256 10.0401 9.36205 5.79246 5.23851 2.2944 2.2788 1.97266 1.38628 1.78956 0.210651 0.187236
threshold=175.50000000000003 178.50000000000003 181.50000000000003 156.95833333333334 10.583333333333334 149.50000000000003 124.50000000000001 66.500000000000014 178.50000000000003 166.50000000000003 24.734375000000004 1.647216490449581 176.50000000000003 37.174853018803617
decision_type=2 2 2 2 2 2 2 2 2 2 2 2 2 2
left_child=1 2 7 4 5 -2 -3 8 9 10 11 -1 13 -12
right_child=3 6 -4 -5 -6 -7 -8 -9 -10 -11 12 -13 -14 -15
leaf_value=-0.020931302016476503 0.060410662570196144 0.038911478203670871 0.014323990225147659 -0.011728631800634172 -0.0032136809167642652 0.010799307039059909 -0.00091481035737381181 0.0081977255626001361 0.007565266087546825 0.0038390110321330747 -0.042468590712900524 0.013466269386435446 -0.0068588180758973926 -0.0040427348640160281
leaf_weight=3.220899279229342 15.959976601414384 11.179978445172312 16.43216922134161 18.35834956727922 14.330768615007399 11.799282833933828 16.404440496116877 1.6733881458640087 1.6087644882500161 2.1553666703402987 36.388416389934719 2.4588836431503296 2.6631293203681699 1.4441258627921332
leaf_count=243 116 63 108 123 96 87 134 19 19 42 2066 113 33 56
internal_value=0.00156921 -0.00853404 -0.0201079 0.0169835 0.0294224 0.0441898 0.0187208 -0.031367 -0.0333181 -0.0352607 -0.0372825 -0.00670714 -0.0403625 -0.041645
internal_weight=156.078 95.6296 68.0451 60.4484 42.09 27.7593 27.5844 51.613 49.9396 48.3308 46.1755 5.67978 40.4957 37.8325
internal_count=3318 2896 2699 422 299 203 197 2591 2572 2553 2511 356 2155 2122
is_linear=0
shrinkage=0.05


Tree=49
num_leaves=15
num_cat=0
split_feature=14 27 22 33 9 8 30 26 27 7 17 29 2 16
split_gain=9.76911 7.68315 9.57306 9.24976 5.77765 13.322 12.7499 5.5659 6.50284 4.60823 4.30847 4.97928 1.98576 1.27799
threshold=111.50000000000001 31.335729774911769 196.00000000000003 178.50000000000003 176.50000000000003 106.50000000000001 176.50000000000003 93.500000000000014 1.647216490449581 104.50000000000001 162.25000000000003 8.5000000000000018 4.5000000000000009 -14.499999999999998
decision_type=2 2 2 2 2 2 2 2 2 2 2 2 2 2
left_child=7 3 4 12 5 -3 10 8 -1 -9 11 -7 -2 -11
right_child=1 2 -4 -5 -6 6 -8 9 -10 13 -12 -13 -14 -15
leaf_value=-0.024549806921513914 -0.036725538673587854 0.042402197314025683 -0.025440687449286972 0.018028727268891358 0.046668409591353877 -0.041887910808651722 0.034252034293259868 -0.037521936691399624 0.033555358196324082 0.019997193804211968 0.0061746104350432034 0.0045234547723077903 0.00038722018282411779 -0.010403839053845234
leaf_weight=3.9917622916400415 14.91073199268431 20.017228130251169 8.0466139633208495 12.704964822158216 14.174900894984601 15.33717444445938 11.231804046779869 22.644905506633226 5.8592800749465823 2.7794757215306163 10.207088474184273 6.8165179239585987 4.2745431717485181 2.0748419761657706
leaf_count=254 407 170 55 98 67 428 60 1115 135 68 76 121 118 146
internal_value=0.0015933 0.00869227 0.0162408 -0.0110718 0.0218288 0.0132958 -0.00305726 -0.019166 0.00967212 -0.0293954 -0.0188575 -0.0294041 -0.0300861 0.00831739
internal_weight=155.072 117.722 85.8313 31.8902 77.7847 63.6098 43.5926 37.3503 9.85104 27.4992 32.3608 22.1537 19.1853 4.85432
internal_count=3318 1600 977 623 922 855 685 1718 389 1329 625 549 525 214
is_linear=0
shrinkage=0.05


Tree=50
num_leaves=15
num_cat=0
split_feature=0 0 7 22 11 26 0 13 3 13 26 26 28 25
split_gain=9.3686 9.11558 7.39946 7.46569 7.68185 8.67193 6.40203 6.28757 5.42053 4.67349 3.82624 4.86565 3.31823 1.26589
threshold=6.5000000000000009 18.500000000000004 21.500000000000004 196.00000000000003 101.50000000000001 192.50000000000003 13.500000000000002 164.62500000000003 142.50000000000003 103.37500000000001 180.50000000000003 137.50000000000003 6.0208333333333348 132.72916666666669
decision_type=2 2 2 2 2 2 2 2 2 2 2 2 2 2
left_child=-1 2 -2 4 6 7 10 8 9 -6 11 -4 -8 -10
right_child=1 -3 3 -5 5 -7 12 -9 13 -11 -12 -13 -14 -15
leaf_value=-0.034967567905868913 -0.025798207424684711 -0.033557015231742933 0.036635036298740001 -0.024791004158940647 -0.019340332923865028 0.03091155856933361 -0.022503723604773387 0.018175223652964055 -0.03523934531580189 0.019937579981389716 0.060021902261223815 -0.0099646401938228695 0.019159140407697464 -0.0035254022172938218
leaf_weight=10.902219036594031 9.2327408296987397 8.8479115664958936 7.2136628543958086 7.8968631848692885 8.2331456271931547 20.434050901792943 4.6196280708536488 17.694033645093441 15.383197462186219 12.932801359333096 13.613238517194985 7.2429963666945696 4.5450978633016348 5.1449334323406211
leaf_count=1022 269 728 131 51 197 96 133 86 282 113 74 67 28 41
internal_value=0.00155793 0.00542897 0.00911274 0.0125856 0.0160194 0.00643963 0.0333625 -0.00372713 -0.0139729 0.00388303 0.0436244 0.016727 -0.0023722 -0.0295382
internal_weight=153.937 143.034 134.186 124.954 117.057 79.8222 37.2346 59.3881 41.6941 21.1659 28.0699 14.4567 9.16473 20.5281
internal_count=3318 2296 1568 1299 1248 815 433 719 633 310 272 198 161 323
is_linear=0
shrinkage=0.05


Tree=51
num_leaves=15
num_cat=0
split_feature=0 0 7 22 11 21 29 16 0 29 24 26 26 28
split_gain=8.8887 8.63574 6.94368 7.00518 7.14769 8.09874 10.758 6.57082 5.9174 4.49451 4.91223 3.5159 4.53588 3.17353
threshold=6.5000000000000009 18.500000000000004 21.500000000000004 196.00000000000003 101.50000000000001 149.87500000000003 3.5000000000000004 -6.4999999999999991 13.500000000000002 2.5000000000000004 5.416666666666667 180.50000000000003 137.50000000000003 6.0208333333333348
decision_type=2 2 2 2 2 2 2 2 2 2 2 2 2 2
left_child=-1 2 -2 4 8 7 -7 -6 11 10 -9 12 -4 -10
right_child=1 -3 3 -5 5 6 -8 9 13 -11 -12 -13 -14 -15
leaf_value=-0.034573503707546777 -0.025258646104139682 -0.033144409004205642 0.035236546802652376 -0.024236288100785597 -0.031651559369431009 -0.0045212052625509076 0.051211990097239701 -0.01129674343968669 -0.022149025812609233 -0.01579002390116872 0.028448761159938513 0.057683707678327936 -0.0097043373614663711 0.018651694889543484
leaf_weight=10.541321158409117 9.0694529740139824 8.5792313823476416 7.3206261005252617 7.7908744513988486 12.212506809271863 15.010784331709148 13.319674522615967 8.4523822441697209 4.5409993389621359 12.684343028813599 17.825656002387404 13.658244821242986 7.2006190987303853 4.570689020678401
leaf_count=1022 269 728 131 51 191 110 78 180 133 138 118 74 67 28
internal_value=0.00144188 0.00519448 0.00876185 0.0121174 0.0154378 0.0061661 0.0254336 -0.00581479 0.0321391 0.00496236 0.0159023 0.0419541 0.016174 -0.00232533
internal_weight=152.777 142.236 133.657 124.587 116.797 79.5053 28.3305 51.1749 37.2912 38.9624 26.278 28.1795 14.5212 9.11169
internal_count=3318 2296 1568 1299 1248 815 188 627 433 436 298 272 198 161
is_linear=0
shrinkage=0.05


Tree=52
num_leaves=15
num_cat=0
split_feature=8 24 11 24 33 11 26 10 27 3 23 27 30 19
split_gain=8.48903 10.294 12.4241 11.8359 6.15599 5.62974 4.95562 3.16079 3.00534 1.99458 2.0614 1.27459 0.839215 0.781336
threshold=176.50000000000003 5.7500000000000009 165.50000000000003 7.5833333333333348 173.50000000000003 102.50000000000001 177.50000000000003 80.500000000000014 32.846809186605746 173.50000000000003 33.446248389700884 33.829068968059467 178.50000000000003 1.5642792899726887
decision_type=2 2 2 2 2 2 2 2 2 2 2 2 2 2
left_child=1 2 4 11 9 6 -5 -6 -7 10 12 -3 13 -1
right_child=-2 3 -4 5 7 8 -8 -9 -10 -11 -12 -13 -14 -15
leaf_value=-0.0089748617308933933 0.026606595098885077 0.013685211908070934 0.023988974737692115 -0.011636371358691375 0.015399230625037173 -0.0019757047368051213 0.034141295312342994 -0.017482326532668801 -0.036514446784819687 0.0035587637024536651 0.0017784309069320929 0.047111052767246822 -0.0022172736893772489 -0.045615183579291591
leaf_weight=4.4829157683998337 22.504078634083271 10.409503358416261 11.686001194640992 7.4939412986859661 9.5392740629613417 12.314424446783962 7.7182281808927655 9.725425945594905 9.3415178796276432 2.2243267744779578 2.6183139858767381 11.22846166603267 1.9280161522328843 28.636498162522912
leaf_count=331 132 91 112 124 68 110 49 96 86 11 126 76 18 1888
internal_value=0.00133475 -0.00388869 -0.0162025 0.0111229 -0.0253931 -0.00642609 0.01429 -0.0013823 -0.0209289 -0.0355434 -0.037999 0.0366177 -0.0408217 -0.0424834
internal_weight=151.851 129.347 70.8408 58.5061 59.1548 36.8681 15.2122 19.2647 21.6559 39.8901 37.6657 21.638 35.0474 33.1194
internal_count=3318 3186 2650 536 2538 369 173 164 196 2374 2363 167 2237 2219
is_linear=0
shrinkage=0.05


Tree=53
num_leaves=15
num_cat=0
split_feature=0 0 7 22 30 24 21 30 29 26 25 29 27 19
split_gain=8.10184 7.87262 6.39535 6.65477 6.67731 9.20741 8.58561 7.64417 7.17124 5.4224 8.67029 3.98462 3.64527 1.19733
threshold=6.5000000000000009 18.500000000000004 21.500000000000004 196.00000000000003 124.50000000000001 -1.0833333333333333 147.89583333333334 177.50000000000003 3.5000000000000004 183.00000000000003 114.03645833333336 -3.4999999999999996 29.569293306736579 1.5508919199760427
decision_type=2 2 2 2 2 2 2 2 2 2 2 2 2 2
left_child=-1 2 13 4 5 -4 7 11 -8 10 -7 -6 -13 -2
right_child=1 -3 3 -5 6 9 8 -9 -10 -11 -12 12 -14 -15
leaf_value=-0.033840844697724019 0.001443014957522385 -0.032454639287522256 -0.015904197706719601 -0.023991890534085871 0.0027930350301759031 0.036239845216406344 -0.0032480023859508302 0.018208255441217132 0.045432285449503534 0.054705894755547248 -0.014657651402804121 0.0017177985383333304 -0.044094804136254481 -0.032292925844285607
leaf_weight=9.8982975766994041 2.9207082241773588 8.0882158097811025 7.4567383592948309 7.743965044617652 9.5517452894709951 15.002921080216767 12.431232958100738 12.282297939062117 12.13608654681593 17.542369809001684 10.70592268090695 5.1512743057683208 14.062474582344292 5.9334212080575526
leaf_count=1022 103 728 169 51 123 221 101 75 75 100 85 65 234 166
internal_value=0.00133129 0.00487455 0.00824024 0.0114525 0.0147037 0.0274607 0.00359867 -0.0101589 0.024416 0.0358103 0.0161091 -0.0231738 -0.0339938 -0.02466
internal_weight=150.908 141.009 132.921 124.067 116.323 50.708 65.6151 41.0478 24.5673 43.2512 25.7088 28.7655 19.2137 8.85413
internal_count=3318 2296 1568 1299 1248 575 673 497 176 406 306 422 299 269
is_linear=0
shrinkage=0.05


Tree=54
num_leaves=15
num_cat=0
split_feature=0 0 7 22 30 24 21 30 29 26 10 18 29 27
split_gain=7.68179 7.45386 6.03104 6.235 6.07719 8.49467 7.95485 7.1561 6.58335 5.0505 6.38551 5.0866 3.79454 3.51078
threshold=6.5000000000000009 18.500000000000004 21.500000000000004 196.00000000000003 124.50000000000001 -1.0833333333333333 147.89583333333334 177.50000000000003 3.5000000000000004 183.00000000000003 71.500000000000014 171.50000000000003 -3.4999999999999996 29.569293306736579
decision_type=2 2 2 2 2 2 2 2 2 2 2 2 2 2
left_child=-1 2 -2 4 5 -4 7 12 -8 10 -7 -12 -6 -14
right_child=1 -3 3 -5 6 9 8 -9 -10 -11 11 -13 13 -15
leaf_value=-0.033448954361845959 -0.024223572315912368 -0.032048897190871693 -0.015522110359543553 -0.02345660540503483 0.0026990170449765647 0.043808863639785041 -0.0031344169018683215 0.017499198815481936 0.043422786337155357 0.052417669513197256 -0.022792885936753521 0.01922148884738957 0.0016733149763779897 -0.043384151196673236
leaf_weight=9.5802211938425881 8.7214504978619498 7.8504314031451932 7.383239760529249 7.6413744688034049 9.5640975502319581 7.0593012226745513 12.419138667173685 12.342010136693714 12.290162308141587 17.609220861457288 9.4712148383259791 9.3914379794150573 5.1565892500802972 13.67008370393887
leaf_count=1022 269 728 169 51 123 144 101 75 75 100 96 66 65 234
internal_value=0.00119583 0.00462477 0.00787884 0.0109882 0.0141235 0.0262544 0.00349191 -0.00984437 0.0234333 0.0342092 0.0153641 -0.00223009 -0.0225716 -0.0332816
internal_weight=150.15 140.57 132.719 123.998 116.356 50.9144 65.4421 40.7328 24.7093 43.5312 25.922 18.8627 28.3908 18.8267
internal_count=3318 2296 1568 1299 1248 575 673 497 176 406 306 162 422 299
is_linear=0
shrinkage=0.05


Tree=55
num_leaves=15
num_cat=0
split_feature=0 0 7 22 30 24 21 30 29 26 25 29 27 19
split_gain=7.30346 7.07846 5.66871 5.85845 5.60157 7.89341 7.37379 6.70035 6.049 4.6502 7.56809 3.61368 3.38133 1.19501
threshold=6.5000000000000009 18.500000000000004 21.500000000000004 196.00000000000003 124.50000000000001 -1.0833333333333333 147.89583333333334 177.50000000000003 3.5000000000000004 184.50000000000003 114.03645833333336 -3.4999999999999996 29.569293306736579 1.5508919199760427
decision_type=2 2 2 2 2 2 2 2 2 2 2 2 2 2
left_child=-1 2 13 4 5 -4 7 11 -8 10 -7 -6 -13 -2
right_child=1 -3 3 -5 6 9 8 -9 -10 -11 -12 12 -14 -15
leaf_value=-0.03305837979450528 0.001870152344837595 -0.031646511217912107 -0.015148709802454585 -0.022934177551844324 0.0026082028363054646 0.034212776576707231 -0.0030247639581699711 0.01682026303206215 0.041529489892339379 0.054295234346272883 -0.011049231714730226 0.0016299847474056418 -0.042686077920709442 -0.031468292984774125
leaf_weight=9.2755583575926703 2.8772538807243091 7.6221197303384534 7.3120391042903057 7.5411297008395186 9.5760370469652063 18.38406823575497 12.407449295744302 12.398522686213253 12.432149734348057 13.21092329546809 12.081448578275738 5.1617688694968917 13.290400093886999 5.6977474624291062
leaf_count=1022 103 728 169 51 123 244 101 75 75 70 92 65 234 166
internal_value=0.00110475 0.00443025 0.00758385 0.0105881 0.0136187 0.0252472 0.00338395 -0.00954321 0.0224968 0.0328714 0.0172364 -0.0219862 -0.0325847 -0.0237133
internal_weight=149.269 139.993 132.371 123.796 116.255 50.9885 65.2663 40.4267 24.8396 43.6764 30.4655 28.0282 18.4522 8.575
internal_count=3318 2296 1568 1299 1248 575 673 497 176 406 336 422 299 269
is_linear=0
shrinkage=0.05


Tree=56
num_leaves=15
num_cat=0
split_feature=5 33 31 27 25 11 27 24 12 0 20 33 0 9
split_gain=6.95221 7.11822 7.35739 8.16794 6.9146 5.09303 12.687 5.05175 4.23154 3.51951 3.3631 2.57376 2.45083 2.22423
threshold=21.500000000000004 181.50000000000003 162.50000000000003 31.335729774911769 84.869791666666686 126.50000000000001 33.221279308920096 6.5833333333333348 130.50000000000003 6.5000000000000009 0.50000000000000011 189.50000000000003 15.500000000000002 174.50000000000003
decision_type=2 2 2 2 2 2 2 2 2 2 2 2 2 2
left_child=-1 2 4 10 8 -5 -7 -8 9 -2 -4 -3 -11 -6
right_child=1 11 3 5 13 6 7 -9 -10 12 -12 -13 -14 -15
leaf_value=-0.033768416896298357 -0.016812867328615238 0.034123791876238145 -0.034417249928037227 0.037108057096603426 -0.040358113285137734 0.036810353530447419 0.004026196939575081 -0.037589410358312147 -0.020852308198946488 0.037519449906254186 0.0037987333320678809 0.0048970728589795053 -0.0042991265968042687 0.0062121726004180471
leaf_weight=8.2184486701153201 2.4743454339914051 17.047204077243808 8.5264454102143663 15.781923976726828 17.749288524035368 13.318835983984171 13.067616859450938 9.3579520266503078 7.2520046825520685 7.8307804279029352 8.4636523295193893 14.387758128345011 3.5264743585139513 1.5151794310659159
leaf_count=504 246 97 112 98 1298 74 136 68 97 165 111 81 217 14
internal_value=0.000983627 0.00411131 -0.00219478 0.00767364 -0.017951 0.0173112 0.00508928 -0.0170266 0.0024383 0.016944 -0.0188448 0.0232545 0.0271896 -0.03617
internal_weight=148.518 140.299 108.864 68.5164 40.3481 51.5263 35.7444 22.4256 21.0836 13.8316 16.9901 31.435 11.3573 19.2645
internal_count=3318 2814 2636 599 2037 376 278 204 725 628 223 178 382 1312
is_linear=0
shrinkage=0.05


Tree=57
num_leaves=11
num_cat=0
split_feature=18 0 21 24 0 12 0 26 22 16
split_gain=6.74411 10.0537 8.34009 7.51184 7.08845 5.18699 4.99604 8.07233 3.78433 2.55661
threshold=175.50000000000003 14.500000000000002 156.95833333333334 10.583333333333334 6.5000000000000009 149.50000000000003 7.5000000000000009 178.50000000000003 149.50000000000003 35.500000000000007
decision_type=2 2 2 2 2 2 2 2 2 2
left_child=1 4 3 5 -1 -2 -6 9 -9 -8
right_child=2 -3 -4 -5 6 -7 7 8 -10 -11
leaf_value=-0.032280067236396467 0.052846313449772267 -0.039823633002285322 -0.012903365190852648 -0.0043906596424687595 0.024108833752359324 0.0075851357859985039 -0.035631614170009165 -0.0095390320158533475 0.025256286919209722 0.0020973939233069907
leaf_weight=8.7028282699175161 16.045249930582944 14.385920624248682 17.98078048042953 14.204860657453535 21.646646834909916 11.810975747182964 11.702613282948734 8.8291280018165725 16.945943830534816 5.4149180781096211
leaf_count=1022 116 1070 123 96 146 87 369 118 112 59
internal_value=0.000890544 -0.00780398 0.0132042 0.0245501 0.000628192 0.0377304 0.00706765 -0.00315164 0.013724 -0.0259205
internal_weight=147.67 87.628 60.0419 42.0611 73.2421 27.8562 64.5393 42.8926 25.7751 17.1175
internal_count=3318 2896 422 299 1826 203 804 658 230 428
is_linear=0
shrinkage=0.05


Tree=58
num_leaves=14
num_cat=0
split_feature=13 20 31 11 33 27 4 15 0 0 23 22 15
split_gain=6.44999 10.1411 10.2947 7.52667 7.21442 6.69745 5.01706 2.93031 4.0247 5.85749 2.08876 1.38193 0.785999
threshold=164.62500000000003 16.833333333333339 193.50000000000003 176.50000000000003 178.50000000000003 30.386218881108373 170.50000000000003 5.8022983951779592 7.5000000000000009 6.5000000000000009 33.446248389700884 192.50000000000003 5.5677643628305491
decision_type=2 2 2 2 2 2 2 2 2 2 2 2 2
left_child=1 2 3 4 7 -6 -2 8 9 -1 12 -9 -10
right_child=6 -3 -4 -5 5 -7 -8 11 10 -11 -12 -13 -14
leaf_value=-0.023562256193548077 0.033108130200135609 0.027915604109454074 0.031426937957946183 0.028062690073060583 0.02433158174494016 -0.018445052888651742 -0.00030585640883737055 -0.044448012343074661 -0.036515091758518803 0.030530307477035518 0.0072571421272620788 -0.0017659192452814992 0.0012544798165237828
leaf_weight=4.3702325755730289 17.996940866112709 14.214648926630614 7.6555937156081191 4.2275875099003306 11.087213549762966 16.220307422801852 21.785528093576431 26.0555590572767 11.603213320951907 6.0940556954592466 1.8873348743654776 2.4717141678556791 1.1481267493218172
leaf_count=582 91 145 37 42 82 125 107 1049 870 65 73 22 28
internal_value=0.000804073 -0.00563321 -0.0119352 -0.0173596 -0.0212268 5.46585e-07 0.0168189 -0.0311137 -0.014306 0.00762538 -0.0279333 -0.0415647 -0.0337189
internal_weight=146.818 107.036 92.8209 85.1653 80.9378 27.3075 39.7825 53.6302 25.103 10.4643 14.6387 28.5273 12.7513
internal_count=3318 3120 2975 2938 2896 207 198 2689 1618 647 971 1071 898
is_linear=0
shrinkage=0.05


Tree=59
num_leaves=15
num_cat=0
split_feature=5 33 31 27 25 11 27 24 12 0 20 9 33 0
split_gain=6.35791 6.10126 6.09827 7.11236 6.47663 4.61223 11.5582 4.88035 4.03653 3.24906 3.24733 2.83859 2.44819 2.04662
threshold=21.500000000000004 181.50000000000003 162.50000000000003 31.335729774911769 84.869791666666686 126.50000000000001 33.221279308920096 6.5833333333333348 130.50000000000003 6.5000000000000009 0.50000000000000011 176.50000000000003 189.50000000000003 15.500000000000002
decision_type=2 2 2 2 2 2 2 2 2 2 2 2 2 2
left_child=-1 2 4 10 8 -5 -7 -8 9 -2 -4 -6 -3 -11
right_child=1 12 3 5 11 6 7 -9 -10 13 -12 -13 -14 -15
leaf_value=-0.033054377214138141 -0.016115455295768976 0.03199871959813514 -0.033682397406180807 0.034675404086869303 -0.039868524246957693 0.034471089376007694 0.0038461781030717508 -0.03723687092219715 -0.02018140969731267 0.035889753832942066 0.0040465872613635453 0.010685176855990424 0.0039384703046603676 -0.0034366309565309373
leaf_weight=7.7178671010769895 2.327050352003428 17.152078889310364 8.2376816757023352 15.674274523742495 16.852459462359551 13.373326561413704 12.99073773995042 9.2307071276009065 7.0738802915439001 7.9000706011429411 8.3386104740202409 1.0868048155680288 14.42260157316923 3.358773679472506
leaf_count=504 246 97 112 98 1303 74 136 68 97 165 111 9 81 217
internal_value=0.000855121 0.0038406 -0.00211813 0.00683125 -0.0168279 0.0158084 0.00425269 -0.0169246 0.00282573 0.0170116 -0.0181635 -0.0351444 0.0214721 0.0267088
internal_weight=145.737 138.019 106.444 67.8453 38.599 51.269 35.5948 22.2214 20.6598 13.5859 16.5763 17.9393 31.5747 11.2588
internal_count=3318 2814 2636 599 2037 376 278 204 725 628 223 1312 178 382
is_linear=0
shrinkage=0.05


Tree=60
num_leaves=15
num_cat=0
split_feature=8 24 24 11 19 11 0 26 31 27 19 24 28 27
split_gain=6.09594 7.4429 10.2585 9.90656 5.16643 4.40251 4.12698 3.94368 2.85898 2.595 2.26063 2.2609 1.39093 1.2453
threshold=176.50000000000003 5.7500000000000009 7.5833333333333348 165.50000000000003 1.5954480704561667 102.50000000000001 7.5000000000000009 177.50000000000003 191.50000000000003 32.846809186605746 29.703076057415533 4.916666666666667 -3.1458333333333326 33.829068968059467
decision_type=2 2 2 2 2 2 2 2 2 2 2 2 2 2
left_child=1 3 13 4 6 7 -1 -4 10 -7 11 12 -6 -3
right_child=-2 2 5 -5 8 9 -8 -9 -10 -11 -12 -13 -14 -15
leaf_value=0.029242236161265641 0.02214846647187256 0.011482458125189356 -0.011743880333381827 0.020595760474197058 -0.0074021333720029354 -0.0024715611940632175 -0.018590687353198243 0.028751239617500875 0.0088604668991031921 -0.035366705170970743 -0.0058494587010806407 -0.0019515306995168532 -0.046834025010542284 0.042821203096288472
leaf_weight=4.4836979978717846 22.384648058563471 10.143424416892232 7.4193650870583934 11.836613719351588 4.6987965493462935 12.060957323759796 3.9928237870335579 7.8206254290416837 2.4288651496171942 8.770424163900314 8.5971382283605617 4.3579789716750374 24.870845675002791 11.040290557313709
leaf_count=161 132 91 124 112 277 110 260 49 11 86 153 66 1610 76
internal_value=0.000767263 -0.00385432 0.00890407 -0.0148838 -0.0238335 -0.00746078 0.00817286 0.0110058 -0.0300827 -0.020486 -0.0330052 -0.0382511 -0.042545 0.0328734
internal_weight=144.906 122.522 57.2551 65.2668 53.4301 36.0714 8.47652 15.24 44.9536 20.8314 42.5248 33.9276 29.5696 21.1837
internal_count=3318 3186 536 2650 2538 369 421 173 2117 196 2106 1953 1887 167
is_linear=0
shrinkage=0.05


Tree=61
num_leaves=15
num_cat=0
split_feature=5 33 27 31 9 23 8 26 24 33 2 15 29 28
split_gain=5.95376 5.42021 5.4423 6.71179 4.61312 4.26841 3.72792 4.12015 2.93853 2.19214 1.76762 1.73474 1.41913 0.954181
threshold=21.500000000000004 181.50000000000003 31.335729774911769 162.50000000000003 172.50000000000003 31.294765038909983 176.50000000000003 93.500000000000014 6.416666666666667 189.50000000000003 2.5000000000000004 8.6168439698081354 -7.4999999999999991 -0.35416666666666657
decision_type=2 2 2 2 2 2 2 2 2 2 2 2 2 2
left_child=-1 2 6 4 8 11 7 10 -4 -3 -2 -5 13 -9
right_child=1 9 3 5 -6 -7 -8 12 -10 -11 -12 -13 -14 -15
leaf_value=-0.032432319684497203 -0.011585879803436127 0.030141742380839553 -0.035657808420216278 0.030172963951823548 0.014242821748960167 -0.0085802578249428753 0.017060990163632862 -0.01443530993421417 0.0013584043075637244 0.0036416813944745111 0.027203405310873577 0.006826775363137672 -0.037567428241318229 0.012027514711320195
leaf_weight=7.4266391461715093 1.4780557146295967 17.264005370438102 12.689191413577651 22.870350996032357 7.1221963446587315 11.941192216239868 2.5685688629746428 1.7591071520000698 7.1830200557596973 14.40364360436797 1.6836409736424685 16.284147935919464 17.448229555506252 1.918070128653208
leaf_count=504 121 97 1052 156 52 119 13 70 119 81 55 101 688 90
internal_value=0.000779915 0.00366677 -0.00202349 0.00480586 -0.013801 0.01499 -0.0195191 -0.02564 -0.0246946 0.0202287 0.0130811 0.022336 -0.0328295 -0.00165522
internal_weight=144.04 136.613 104.946 78.0901 26.9944 51.0957 26.8557 24.2871 19.8722 31.6676 3.1617 39.1545 21.1254 3.67718
internal_count=3318 2814 2636 1599 1223 376 1037 1024 1171 178 176 257 848 160
is_linear=0
shrinkage=0.05


Tree=62
num_leaves=15
num_cat=0
split_feature=5 0 21 0 21 16 30 11 30 29 20 8 16 0
split_gain=5.68764 5.05299 5.51934 7.44639 9.55799 9.33403 9.36515 5.95269 5.13362 4.06578 3.13384 2.10718 0.820456 0.644416
threshold=21.500000000000004 6.5000000000000009 156.95833333333334 15.500000000000002 149.87500000000003 -5.4999999999999991 154.50000000000003 166.50000000000003 177.50000000000003 1.5000000000000002 -2.8333333333333326 177.50000000000003 24.500000000000004 8.5000000000000018
decision_type=2 2 2 2 2 2 2 2 2 2 2 2 2 2
left_child=-1 -2 3 4 5 10 9 11 12 13 -3 -5 -8 -7
right_child=1 2 -4 7 -6 6 8 -9 -10 -11 -12 -13 -14 -15
leaf_value=-0.032006198477889762 -0.028546782096159063 -0.033420415746930089 -0.016069356195233087 -0.036566619018542405 0.044661723800950417 0.055190736701649118 -0.028055395135328239 0.025483280579041801 0.018528746700700722 0.0040270903553269377 -0.00064553606487921045 0.0084322282096335847 -0.004202816960374136 0.017088437509985187
leaf_weight=7.2210384160280219 6.4381072851829222 9.2065080562606472 18.924594454467297 11.323306587059049 17.291567726060748 11.438202939927583 7.4095712518319514 2.1236956249922505 10.497673399746416 8.7545890430919808 15.402856188826261 1.1532693039625872 8.0130914608016592 7.9262045016512266
leaf_count=504 886 136 144 857 106 83 116 13 60 76 117 10 63 147
internal_value=0.000741627 0.00355565 0.00615418 0.0104896 0.0156077 0.00693213 0.0180866 -0.018544 -0.0037417 0.0357353 -0.0164799 -0.0311847 -0.0197255 0.0463022
internal_weight=143.124 135.903 129.465 110.541 95.9403 78.6487 54.0393 14.6003 25.9203 28.119 24.6094 12.4766 15.4227 19.3644
internal_count=3318 2814 1928 1784 904 798 545 880 239 306 253 867 179 230
is_linear=0
shrinkage=0.05


Tree=63
num_leaves=15
num_cat=0
split_feature=9 31 11 0 27 33 13 9 29 27 22 7 17 10
split_gain=5.46811 7.63517 5.83827 5.94653 4.67092 5.39047 5.23572 5.94163 5.04199 3.71263 1.82283 3.31819 1.61136 1.54731
threshold=176.50000000000003 193.50000000000003 176.50000000000003 16.500000000000004 28.628881935386762 181.50000000000003 106.62500000000001 106.50000000000001 5.5000000000000009 33.526309859682904 105.50000000000001 24.500000000000004 162.25000000000003 22.500000000000004
decision_type=2 2 2 2 2 2 2 2 2 2 2 2 2 2
left_child=1 2 3 4 5 13 10 9 12 -8 11 -6 -9 -1
right_child=-2 -3 -4 -5 6 -7 7 8 -10 -11 -12 -13 -14 -15
leaf_value=0.0065647597048044256 0.020772676968655084 0.030411016390539492 0.025311097311876737 -0.037095436676087744 -0.023318768605351991 0.031476851211130447 -0.0053794982446761534 -0.031114846839801504 0.014200831910751527 0.03468429727417794 -0.037102827172933291 0.021811167548861587 -0.0013845601588862661 -0.024755202096396464
leaf_weight=3.9709457810968178 22.675190208479762 9.6424131914973241 7.2994343470782033 13.834132859483359 3.8451667306944755 11.047037567943333 7.845046614296737 16.679673778358854 8.1170621402561647 9.0333527885377389 14.930692099500446 2.6210821019485593 6.3813179461285463 4.2599791721440852
leaf_count=245 121 46 56 983 236 66 85 268 71 82 703 65 57 234
internal_value=0.000690799 -0.00380069 -0.00799639 -0.0114332 -0.0056668 0.013789 -0.0116304 -0.0016286 -0.0139323 0.019089 -0.0295306 -0.00349144 -0.0246006 -0.0128744
internal_weight=142.183 119.507 109.865 102.565 88.7314 19.278 69.4534 48.0565 31.1781 16.8784 21.3969 6.46625 23.061 8.23092
internal_count=3318 3197 3151 3095 2112 545 1567 563 396 167 1004 301 325 479
is_linear=0
shrinkage=0.05


Tree=64
num_leaves=14
num_cat=0
split_feature=5 0 21 21 0 16 21 26 8 27 24 30 23
split_gain=5.37609 4.66153 5.22525 6.45463 7.54711 7.28563 5.13611 6.38371 4.22103 4.11456 3.43298 3.16543 1.81315
threshold=21.500000000000004 6.5000000000000009 156.95833333333334 149.87500000000003 10.500000000000002 2.5000000000000004 93.937500000000014 189.50000000000003 169.50000000000003 32.604849426739229 6.7500000000000009 165.50000000000003 58.796217726827777
decision_type=2 2 2 2 2 2 2 2 2 2 2 2 2
left_child=-1 -2 3 4 6 12 -3 10 11 -7 -8 -5 -6
right_child=1 2 -4 8 5 9 7 -9 -10 -11 -12 -13 -14
leaf_value=-0.031507407033169316 -0.027872349449294228 0.034172049040038059 -0.015742528913380096 -0.013186358149550829 -0.036936873109657153 -0.018979853520048232 -0.029277543829043996 0.024410641676257769 0.046350371594128331 0.029110107732588764 0.003393742112836641 0.024777479980144453 0.0017693905460951721
leaf_weight=6.9547796421684316 6.1113617569208136 14.985132499132304 18.805268056690693 7.0938785625621694 15.922652977984404 2.7690164451487345 9.7972294404171425 15.099735945463179 12.318849759176372 7.3350407010875642 15.616240866482256 5.33824990876019 3.0195727171376339
leaf_count=504 886 150 144 150 780 135 98 71 73 145 114 35 33
internal_value=0.000695162 0.00343557 0.00592012 0.010173 0.00294057 -0.0160666 0.0133941 0.0027989 0.0302315 0.0140108 -0.0119441 0.00554617 -0.0316858
internal_weight=141.167 134.212 128.101 109.296 84.5446 29.0463 55.4983 40.5132 24.751 10.1041 25.4135 12.4321 18.9422
internal_count=3318 2814 1928 1784 1526 1093 433 283 258 280 212 185 813
is_linear=0
shrinkage=0.05


Tree=65
num_leaves=15
num_cat=0
split_feature=5 0 12 21 21 20 17 33 24 27 27 11 32 29
split_gain=5.13409 4.45215 5.03008 4.03663 6.52295 5.38747 4.1487 3.92169 3.88525 3.33348 5.21067 3.06785 2.93246 2.1274
threshold=21.500000000000004 6.5000000000000009 123.50000000000001 156.95833333333334 149.87500000000003 7.5000000000000009 147.50000000000003 179.50000000000003 -3.2499999999999996 34.352868329365457 28.628881935386762 109.50000000000001 168.50000000000003 -2.4999999999999996
decision_type=2 2 2 2 2 2 2 2 2 2 2 2 2 2
left_child=-1 -2 8 4 5 -4 -6 12 -3 10 -10 -12 -7 -11
right_child=1 2 3 -5 6 7 -8 -9 9 13 11 -13 -14 -15
leaf_value=-0.031091499842420059 -0.027521733646788494 -0.01358923887129803 -0.030770153857313381 -0.023084388246552207 0.042654251548596089 -0.026065119009962202 -0.0015072194031608621 0.01986619035146021 0.03280470617527869 0.0058341184892808096 -0.023981786635611367 0.0097626375672202059 0.0076792563450912444 0.041827189885162104
leaf_weight=6.7670813309960058 5.9476191210560492 5.8629232314415267 11.22164840204641 13.74160410184413 8.6598897580988723 8.4151866417378205 8.1686424650251848 14.780719403177498 6.7455382826738086 7.4150636573322144 8.8203796087764221 9.1473693740554136 9.0220311731100065 15.593031937722115
leaf_count=504 886 464 293 101 79 95 86 79 149 72 68 95 74 273
internal_value=0.000639985 0.00331201 0.00573291 -0.00275914 0.00328858 -0.00718761 0.025783 0.00405659 0.0166964 0.0213531 0.00646132 -0.0084171 -0.0107852 0.0333396
internal_weight=140.309 133.542 127.594 74.0097 60.2681 43.4396 16.8285 32.2179 53.5843 47.7214 24.7133 17.9677 17.4372 23.0081
internal_count=3318 2814 1928 807 706 541 165 248 1121 657 312 163 169 345
is_linear=0
shrinkage=0.05


Tree=66
num_leaves=15
num_cat=0
split_feature=26 0 15 21 27 27 27 33 14 24 31 21 7 19
split_gain=4.99149 6.28851 5.16725 6.24725 5.33928 5.0159 4.07815 5.4388 3.60157 4.47968 3.53491 3.075 2.51357 2.33075
threshold=175.50000000000003 8.5000000000000018 21.360009363293909 156.95833333333334 59.239705805402174 31.69788857875027 30.386218881108373 176.50000000000003 111.50000000000001 11.250000000000002 55.000000000000007 89.395833333333343 21.500000000000004 20.886417218908953
decision_type=2 2 2 2 2 2 2 2 2 2 2 2 2 2
left_child=1 10 3 4 5 6 7 -2 11 13 12 -7 -1 -10
right_child=2 -3 -4 -5 -6 8 -8 -9 9 -11 -12 -13 -14 -15
leaf_value=-0.0083620808604458821 -0.01735007224116605 -0.035894224274709591 -0.02540567564823475 -0.014534031643627605 -0.022330178006972901 0.016418069952283929 -0.020974914204813604 0.034338283862691228 0.017704495379300293 0.0018230493377570406 -0.017913105004615043 -0.025297162129292075 0.029836222352166233 0.05009703516432619
leaf_weight=3.8128535351716035 4.6594505337998289 13.666672035586087 7.2688860036432734 18.449775508139282 4.7154307924211016 4.7322127036750308 9.6302581806667131 7.3357590511441231 18.346818974707276 11.421751276589928 6.3334337533451608 3.1832806835882366 7.7311746426858008 18.439921115525067
leaf_count=90 181 940 107 138 171 156 202 39 330 88 354 197 186 139
internal_value=0.000574166 -0.0155124 0.00574274 0.00907979 0.0148917 0.0183621 -0.00191064 0.0150629 0.0256908 0.0304003 0.00450834 -0.00365682 0.0185056 0.0379933
internal_weight=139.728 31.5441 108.184 100.915 82.4649 77.7495 21.6255 11.9952 56.124 48.2085 17.8775 7.91549 11.544 36.7867
internal_count=3318 1570 1748 1641 1503 1332 422 220 910 557 630 353 276 469
is_linear=0
shrinkage=0.05


Tree=67
num_leaves=15
num_cat=0
split_feature=9 31 11 0 27 33 13 26 27 19 8 22 7 9
split_gain=4.88121 6.58056 5.25545 5.38898 4.15941 4.57059 4.4383 5.66392 7.46122 4.91184 3.55659 1.6936 3.03887 1.47017
threshold=176.50000000000003 193.50000000000003 176.50000000000003 16.500000000000004 28.628881935386762 181.50000000000003 106.62500000000001 183.00000000000003 31.69788857875027 14.629515619889455 158.50000000000003 105.50000000000001 24.500000000000004 23.500000000000004
decision_type=2 2 2 2 2 2 2 2 2 2 2 2 2 2
left_child=1 2 3 4 5 13 11 8 -8 -9 -10 12 -6 -1
right_child=-2 -3 -4 -5 6 -7 7 9 10 -11 -12 -13 -14 -15
leaf_value=0.0066613898762839449 0.019430485858595203 0.028125474939517215 0.02375386769806068 -0.036162527181806549 -0.022395457408224625 0.029020514443890019 -0.020969462722967774 0.010863049067795959 0.042115628358474801 -0.033507066080513286 0.0020679250570680087 -0.035740362642048301 0.021135203208024374 -0.023970556242090397
leaf_weight=3.9128069346770671 22.625253010541201 9.4449858665466291 7.3194242641329756 13.04675843240693 3.6020571519620743 11.023881800472735 7.9283096110448268 6.452460301108661 9.8646331327036041 13.479531723074613 9.7072548950090987 14.043366238009183 2.5643039182759821 4.0147567032836378
leaf_count=255 121 46 56 983 236 66 152 109 76 140 86 703 65 224
internal_value=0.000475847 -0.00385682 -0.00781093 -0.0111539 -0.0056175 0.0128721 -0.0113272 -0.00208725 0.0118568 -0.0198454 0.0267154 -0.0282982 -0.00293506 -0.0121227
internal_weight=139.03 116.405 106.96 99.6401 86.5934 18.9514 67.6419 47.4322 27.5002 19.932 19.5719 20.2097 6.16636 7.92756
internal_count=3318 3197 3151 3095 2112 545 1567 563 314 249 162 1004 301 479
is_linear=0
shrinkage=0.05


Tree=68
num_leaves=15
num_cat=0
split_feature=5 0 12 30 9 4 33 24 15 19 19 16 19 0
split_gain=4.71036 4.05927 4.89625 3.75834 4.69979 3.98935 4.51399 3.36823 3.10885 4.0209 2.77012 2.57317 2.62686 1.4472
threshold=21.500000000000004 6.5000000000000009 123.50000000000001 177.50000000000003 177.50000000000003 176.50000000000003 178.50000000000003 -3.2499999999999996 6.1644140029703172 14.947759556449112 31.570858364902183 3.5000000000000004 12.421724539737948 14.500000000000002
decision_type=2 2 2 2 2 2 2 2 2 2 2 2 2 2
left_child=-1 -2 7 4 5 6 10 -3 11 -10 -4 12 13 -9
right_child=1 2 3 -5 -6 -7 -8 8 9 -11 -12 -13 -14 -15
leaf_value=-0.030388958207723721 -0.026839598777418684 -0.01255927400754437 -0.042503410125921015 0.014617607982779546 0.017231444489850849 0.013415662562463813 -0.0019306988701009488 0.053367146898023667 -0.016789228947534329 0.021120069707125485 -0.00062712944107604627 0.00019520607656140073 0.0062648409583536324 0.0086212122407578907
leaf_weight=6.42820288427174 5.6433501089923075 5.6021833284758022 16.53382644336671 17.465474376454949 9.2008901983499509 6.4367196429520837 18.415614383295178 10.791960366070276 8.8989625768736023 9.1764636482112092 5.02144213579595 6.2490006107836953 7.6922445138916364 4.5525234029628328
leaf_count=504 886 464 416 93 48 38 153 107 86 89 59 88 66 221
internal_value=0.000465045 0.00302781 0.00533822 -0.00307695 -0.00938187 -0.0158211 -0.0214973 0.0162126 0.0204902 0.00286257 -0.0347029 0.0293661 0.035833 0.0454731
internal_weight=138.109 131.681 126.037 73.074 55.6085 46.4076 39.9709 52.9633 47.3612 18.0754 21.5553 29.2857 23.0367 15.3445
internal_count=3318 2814 1928 807 714 666 628 1121 657 175 475 482 394 328
is_linear=0
shrinkage=0.05


Tree=69
num_leaves=15
num_cat=0
split_feature=26 0 15 21 27 21 20 4 27 30 29 31 31 11
split_gain=4.59231 5.71905 4.78513 5.72125 4.87074 4.83591 5.11263 3.86421 6.49939 5.16132 3.98393 3.19142 2.44833 2.43903
threshold=175.50000000000003 8.5000000000000018 21.360009363293909 156.95833333333334 59.239705805402174 149.87500000000003 -3.1666666666666665 170.50000000000003 34.636684170844909 178.50000000000003 -5.4999999999999991 55.000000000000007 25.500000000000004 118.50000000000001
decision_type=2 2 2 2 2 2 2 2 2 2 2 2 2 2
left_child=1 11 3 4 5 6 12 8 9 10 -8 -1 -2 -10
right_child=2 -3 -4 -5 -6 -7 7 -9 13 -11 -12 -13 -14 -15
leaf_value=0.017268943271784933 0.012138587500036829 -0.035170030471272463 -0.024814699322103527 -0.014057289020611263 -0.021654702740456874 0.035575601143294402 0.015583024842364008 -0.0090621190498091971 0.050529489013780841 0.028275759326245015 -0.027832494324268084 -0.017514131546076422 -0.030310140210052461 0.0055006073948509482
leaf_weight=11.48044850910083 1.6718944101594369 12.935531174298374 7.0671108718961468 18.247164830099791 4.5458474182523778 21.115523173939437 4.1690079546533481 10.339754614979027 11.41864875238389 6.0695503056049338 10.263841507025068 6.1415961966849855 6.5841708388179541 5.3259111531078807
leaf_count=276 42 940 107 138 171 194 60 62 214 30 227 354 426 77
internal_value=0.000443432 -0.015224 0.00540575 0.00862905 0.014227 0.0175383 0.00835487 0.0148034 0.0217169 0.00121753 -0.0145089 0.00395475 -0.0203779 0.0407654
internal_weight=137.376 30.5576 106.818 99.7513 81.5042 76.9583 55.8428 47.5867 37.247 20.5024 14.4328 17.622 8.25607 16.7446
internal_count=3318 1570 1748 1641 1503 1332 1138 670 608 317 287 630 468 291
is_linear=0
shrinkage=0.05


Tree=70
num_leaves=15
num_cat=0
split_feature=5 0 12 30 9 4 33 33 27 27 26 18 29 19
split_gain=4.40885 3.87443 4.49893 3.41746 4.31299 3.70991 4.30066 3.19072 2.75139 4.83915 4.15887 3.96113 2.6648 2.62452
threshold=21.500000000000004 6.5000000000000009 123.50000000000001 177.50000000000003 177.50000000000003 176.50000000000003 178.50000000000003 22.500000000000004 34.352868329365457 26.531963585889169 175.50000000000003 175.50000000000003 -7.4999999999999991 31.570858364902183
decision_type=2 2 2 2 2 2 2 2 2 2 2 2 2 2
left_child=-1 -2 7 4 5 6 13 -3 9 -9 -10 12 -11 -4
right_child=1 2 3 -5 -6 -7 -8 8 10 11 -12 -13 -14 -15
leaf_value=-0.029813208894956818 -0.026511464378708299 -0.012733423852428222 -0.041707289878102523 0.013864627016595353 0.016413466138889023 0.01292069894951137 -0.0017804129091616762 0.035091788684558554 -0.0081696612277353722 0.0061946771778434197 0.038496235558681542 0.017043057995602566 -0.032734952119372232 -0.00067764465861991233
leaf_weight=6.1725705731660119 5.498767687007784 5.3561742869205764 15.966868974501269 17.475387925282121 9.20477546751499 6.4046294409781686 18.299054379574955 4.651159746572378 4.0258288080804077 4.5556045752018717 19.271910450421274 6.6475590020418158 8.073036599904297 4.9928880454972377
leaf_count=504 886 173 416 93 48 38 153 91 214 87 291 43 222 59
internal_value=0.000389631 0.00286701 0.00513064 -0.00298159 -0.00905688 -0.0153043 -0.0208484 0.0155815 0.0197046 0.00582269 0.0304137 -0.00701268 -0.0209177 -0.0339465
internal_weight=136.596 130.424 124.925 72.3436 54.8682 45.6634 39.2588 52.5813 47.2251 23.9274 23.2977 19.2762 12.6286 20.9598
internal_count=3318 2814 1928 807 714 666 628 1121 948 443 505 352 309 475
is_linear=0
shrinkage=0.05


Tree=71
num_leaves=15
num_cat=0
split_feature=5 0 0 26 25 27 24 18 20 2 12 16 14 3
split_gain=4.21631 3.70595 4.40834 6.19169 5.97739 5.28885 3.54394 3.95896 6.28573 3.10147 3.0867 2.67228 1.25447 1.11413
threshold=21.500000000000004 6.5000000000000009 7.5000000000000009 175.50000000000003 136.90625000000003 58.933055932362898 10.583333333333334 175.50000000000003 16.833333333333339 1.5000000000000002 161.50000000000003 35.500000000000007 172.50000000000003 164.50000000000003
decision_type=2 2 2 2 2 2 2 2 2 2 2 2 2 2
left_child=-1 -2 -3 11 5 6 7 8 9 -5 -11 -4 -9 -7
right_child=1 2 3 4 -6 13 -8 12 -10 10 -12 -13 -14 -15
leaf_value=-0.029417837809571159 -0.026176474064039702 0.024373905848345825 -0.034072788140324571 0.018307954947986194 -0.018810645019077317 -0.027439076292798271 -0.0028729560675129439 0.014224140281507737 0.038107145166567206 -0.030878392922355242 0.0086006868767052585 0.0043577886181661281 0.044393815988933126 0.0012015743319943287
leaf_weight=6.0139852887950829 5.3582407257053992 18.868005032185465 11.050819013500584 3.2980229733511868 15.13032447081059 4.4099860121496004 16.122688210569322 12.593448499683292 4.9822252364829174 9.7890201460104418 4.760018460918217 4.8640801496803752 13.949399767443536 4.6841315515339375
leaf_count=504 886 123 673 70 114 130 116 117 27 356 43 51 75 33
internal_value=0.000339774 0.00275747 0.00496529 0.000553706 0.00596678 0.0118589 0.0168863 0.0230096 0.00573481 -0.0096642 -0.0190658 -0.0240934 0.0346033 -0.0174942
internal_weight=135.874 129.86 124.502 105.634 89.7193 74.5889 65.4948 49.3721 22.8293 17.8471 14.549 15.9149 26.5428 9.09412
internal_count=3318 2814 1928 1805 1081 967 804 688 496 469 399 724 192 163
is_linear=0
shrinkage=0.05


Tree=72
num_leaves=15
num_cat=0
split_feature=3 25 25 24 21 28 0 10 16 13 2 24 27 6
split_gain=4.09864 4.65235 7.58286 7.16427 6.50119 5.89988 5.96751 4.89564 3.97314 3.78155 3.76367 1.99025 1.94157 1.86829
threshold=171.50000000000003 136.90625000000003 133.84895833333334 -0.58333333333333315 150.29166666666671 0.35416666666666669 7.5000000000000009 70.500000000000014 33.500000000000007 106.62500000000001 1.5000000000000002 7.916666666666667 31.116319334832866 22.500000000000004
decision_type=2 2 2 2 2 2 2 2 2 2 2 2 2 2
left_child=1 2 3 10 5 6 7 13 -8 12 -1 -11 -7 -5
right_child=-2 -3 -4 4 -6 9 8 -9 -10 11 -12 -13 -14 -15
leaf_value=0.010510471533398555 0.01909700403138986 -0.027004290978510915 0.031811141396194474 -0.0027086444590062025 0.028384154884873031 0.0097886822731885099 -0.036421629273576991 -0.019220976749585509 0.0072232766234585511 0.036897819355848252 -0.038832051169930243 0.0035564774217616301 -0.025500555894745199 0.039378098270890241
leaf_weight=2.5859579213429269 19.12669899687171 12.900032693985848 11.566688372055067 2.8033428373746556 13.533662136178462 3.3019880135543671 20.994091818341989 4.8276077175978571 4.6877857390791169 7.6581384069286313 13.757115138694642 8.7582209371030313 3.9572430874686688 4.5700274514965713
leaf_count=154 105 157 157 168 122 74 753 126 45 96 1089 80 91 101
internal_value=0.000290504 -0.00347446 0.000586183 -0.00480837 0.0023092 -0.00512502 -0.0165556 0.0096981 -0.0285761 0.0128625 -0.0303914 0.0240932 -0.0120031 0.0287483
internal_weight=135.029 115.902 103.002 91.4352 75.0921 61.5584 37.8829 12.201 25.6819 23.6756 16.3431 16.4164 7.25923 7.37337
internal_count=3318 3213 3056 2899 1656 1534 1193 395 798 341 1243 176 165 269
is_linear=0
shrinkage=0.05


Tree=73
num_leaves=15
num_cat=0
split_feature=5 22 9 30 9 20 22 0 31 31 23 12 25 0
split_gain=3.91039 3.58024 5.80368 4.69652 7.55927 3.96287 3.9056 4.15611 3.46065 5.35384 2.89978 2.43152 1.67996 1.52076
threshold=21.500000000000004 196.00000000000003 176.50000000000003 176.50000000000003 94.500000000000014 -3.4999999999999996 175.50000000000003 16.500000000000004 173.50000000000003 63.000000000000007 28.143749788787815 166.50000000000003 23.125000000000004 7.5000000000000009
decision_type=2 2 2 2 2 2 2 2 2 2 2 2 2 2
left_child=-1 2 3 4 5 -2 11 10 9 12 -8 -6 13 -7
right_child=1 -3 -4 -5 6 8 7 -9 -10 -11 -12 -13 -14 -15
leaf_value=-0.028721346505423601 -0.018198681114948458 -0.023117572459424657 0.028245904407945274 0.020538485931441548 -0.039182453460191918 0.01365632483378804 0.020749351217076287 -0.02834964395382087 0.032540305118515765 -0.02744535860919824 -0.0094778593305114012 0.0013449349387896707 0.027798655865256656 -0.018744565766346179
leaf_weight=5.7257107293698928 5.2688931478187433 7.4010609723627558 17.279000080190599 17.546765634790063 15.219476728467273 2.3441019668243879 11.698206248926004 6.9632346346043041 14.290483336895702 5.2638437319546929 10.976001997943966 4.133819247595965 7.6270074439235032 2.3259765957482159
leaf_count=504 143 55 87 105 1122 68 87 231 103 356 115 43 206 93
internal_value=0.000335793 0.00266056 0.00509332 0.000111776 -0.00494925 0.0112328 -0.0171151 -0.00416009 0.01791 0.00143124 0.00704839 -0.0320271 0.0181525 -0.00382921
internal_weight=134.064 128.338 120.937 103.658 86.111 37.1203 48.9907 29.6374 31.8514 17.5609 22.6742 19.3533 12.2971 4.67008
internal_count=3318 2814 2759 2672 2567 969 1598 433 826 723 202 1165 367 161
is_linear=0
shrinkage=0.05


Tree=74
num_leaves=15
num_cat=0
split_feature=5 22 9 0 24 30 0 21 6 27 27 28 9 6
split_gain=3.72823 3.36979 5.37221 4.4587 5.95727 5.52731 4.58047 5.26317 5.31471 5.58474 5.35119 2.76407 1.18724 0.724785
threshold=21.500000000000004 196.00000000000003 176.50000000000003 14.500000000000002 11.583333333333334 164.50000000000003 6.5000000000000009 93.937500000000014 108.50000000000001 31.69788857875027 29.660237939780007 3.4375000000000004 173.50000000000003 23.500000000000004
decision_type=2 2 2 2 2 2 2 2 2 2 2 2 2 2
left_child=-1 2 3 4 6 12 -2 13 -9 10 -10 -6 -5 -8
right_child=1 -3 -4 5 11 -7 7 8 9 -11 -12 -13 -14 -15
leaf_value=-0.028340681827873776 -0.023312651209881335 -0.022604359328954524 0.027103626652255783 -0.037951018131907654 -0.036138326733081344 0.011146619331279898 0.011597063379717115 -0.017411844813967625 0.016716490631990953 0.027625509790811527 -0.029335734059044324 0.0038271572862823137 0.001435983070626671 0.049735364371735785
leaf_weight=5.583267501089721 4.284851264441385 7.306578109972178 17.316586080007255 11.463229240849616 6.3008182598277909 7.8527961836662135 5.8936600964516384 12.571149381343274 8.1030020490288717 25.811255911365151 7.5355012230575076 5.6023377352394164 1.762919658794998 5.8125558686442673
leaf_count=504 808 55 87 940 96 78 128 139 73 145 93 80 16 76
internal_value=0.000226342 0.00249755 0.00486311 4.20346e-05 0.00548074 -0.018092 0.0112539 0.0149961 0.00671844 0.0151233 -0.00720507 -0.0217602 -0.0337474 0.0397517
internal_weight=133.201 127.617 120.311 102.994 81.9151 21.0789 70.012 65.7271 54.0209 41.4498 15.6385 11.9032 13.2261 11.7062
internal_count=3318 2814 2759 2672 1638 1034 1462 654 450 311 166 176 956 204
is_linear=0
shrinkage=0.05


Tree=75
num_leaves=15
num_cat=0
split_feature=5 18 9 30 9 20 16 5 31 31 12 19 15 9
split_gain=3.55745 3.33189 7.1373 4.45043 6.82597 4.00712 3.65635 3.72437 3.14428 4.99785 2.9634 2.78121 1.75721 1.69324
threshold=21.500000000000004 191.50000000000003 176.50000000000003 176.50000000000003 94.500000000000014 -3.4999999999999996 -31.499999999999996 163.50000000000003 173.50000000000003 63.000000000000007 166.50000000000003 14.468356276138746 11.846237095944831 23.500000000000004
decision_type=2 2 2 2 2 2 2 2 2 2 2 2 2 2
left_child=-1 2 3 4 5 -2 12 10 9 13 -8 -9 -6 -7
right_child=1 -3 -4 -5 6 8 7 11 -10 -11 -12 -13 -14 -15
leaf_value=-0.027965431793054288 -0.018974546151271674 -0.02163602495765812 0.031803397956488545 0.019382646039501437 0.02657266468324497 0.027752704283597319 -0.040234606734227123 0.011939482893470469 0.030874273827426718 -0.026970792506730373 0.0027010160802170211 -0.018800095178115924 -0.0091831448040311566 -0.0034455929215574861
leaf_weight=5.4458624557591966 5.4540460854768744 8.2182454168796522 15.449560821056364 17.567231371998787 2.8081682345364234 7.0490359896794015 19.191908183973286 9.9210322392173129 14.176053285598753 5.1131111662834874 4.0976259908638886 9.8014392615295929 2.7213947062846273 5.2539234799332917
leaf_count=504 145 46 83 105 41 237 1194 80 103 356 50 100 144 130
internal_value=0.000126275 0.00234752 0.00481736 -0.000507776 -0.00543485 0.00998878 -0.0170395 -0.0218466 0.0168985 0.00117344 -0.0335382 -0.00404972 0.0129708 0.0172839
internal_weight=132.269 126.823 118.605 103.155 85.5877 37.0462 48.5416 43.012 31.5921 17.4161 23.2895 19.7225 5.52956 12.303
internal_count=3318 2814 2768 2685 2580 971 1609 1424 826 723 1244 180 185 367
is_linear=0
shrinkage=0.05


Tree=76
num_leaves=15
num_cat=0
split_feature=3 25 25 24 21 28 0 10 2 16 13 24 27 6
split_gain=3.50418 4.57066 6.57188 6.23416 5.88063 5.46821 5.30657 4.5875 3.67177 3.53374 3.45816 1.81442 1.79703 1.55396
threshold=171.50000000000003 136.90625000000003 133.84895833333334 -0.58333333333333315 150.29166666666671 0.35416666666666669 7.5000000000000009 70.500000000000014 1.5000000000000002 33.500000000000007 106.62500000000001 7.916666666666667 31.116319334832866 22.500000000000004
decision_type=2 2 2 2 2 2 2 2 2 2 2 2 2 2
left_child=1 2 3 8 5 6 7 13 -1 -8 12 -12 -7 -5
right_child=-2 -3 -4 4 -6 10 9 -9 -10 -11 11 -13 -14 -15
leaf_value=0.010944261215563265 0.017517054578484171 -0.026912340125877759 0.02978940924470452 -0.0021978358000465529 0.027024571910526991 0.0093016730911172248 -0.035519112113183475 -0.019109488931408521 -0.037871076323248237 0.0063006050449021956 0.035342446068033155 0.0033646458765808846 -0.024795150019043619 0.037124772855435119
leaf_weight=2.5149433955084524 18.938487038947642 12.671399809420107 11.42051063547842 2.6977535672485811 13.341447883984072 3.31500843074173 19.942332867765803 4.7585904696024954 12.716151276137678 4.6423457693308583 7.550804695114496 8.6668880092911404 3.8031297733541578 4.467466187197715
leaf_count=154 105 157 157 168 122 74 753 126 1089 45 96 80 91 101
internal_value=8.37351e-05 -0.00347128 0.000645499 -0.00451187 0.00213849 -0.00506552 -0.0163123 0.00874965 -0.029098 -0.027892 0.0123035 0.0230732 -0.0116298 0.0275013
internal_weight=131.447 112.509 99.8374 88.4169 73.1858 59.8443 36.5085 11.9238 15.2311 24.5847 23.3358 16.2177 7.11814 7.16522
internal_count=3318 3213 3056 2899 1656 1534 1193 395 1243 798 341 176 165 269
is_linear=0
shrinkage=0.05


Tree=77
num_leaves=15
num_cat=0
split_feature=0 21 21 0 16 8 30 30 27 4 30 23 16 32
split_gain=3.31186 3.24109 5.47755 4.60498 6.13837 3.39719 3.23946 4.88691 4.0809 3.06453 2.46098 1.76575 1.40126 1.4934
threshold=6.5000000000000009 156.95833333333334 149.87500000000003 10.500000000000002 2.5000000000000004 169.50000000000003 124.50000000000001 177.50000000000003 30.436904466596875 163.50000000000003 165.50000000000003 58.796217726827777 -6.4999999999999991 118.50000000000001
decision_type=2 2 2 2 2 2 2 2 2 2 2 2 2 2
left_child=-1 2 3 6 11 10 12 8 -8 -6 -4 -5 -2 -14
right_child=1 -3 5 4 9 -7 7 -9 -10 -11 -12 -13 13 -15
leaf_value=-0.026732690760783679 0.0010692608011746629 -0.014899335041604653 -0.013723925499954352 -0.035668857810424281 -0.013178392728650293 0.038992712362872009 0.0093175771736404046 0.018358237754721101 -0.031324248360409389 0.027783152364877141 0.020031072638137255 0.0023021013114615657 0.036415810805864021 0.005838724292214225
leaf_weight=5.6124894570093593 8.5798720647580939 17.980129126925021 6.5610807680059242 15.119915329618385 3.9693033022340369 11.913397345691918 6.8286744919605615 10.755805017426608 11.886205255519597 5.8263597059994936 5.2221733145415783 2.9263755194842807 8.4088411484845 8.9356151679530722
leaf_count=1022 71 144 150 1028 277 73 66 56 143 45 35 33 112 63
internal_value=0.000128288 0.00231759 0.00574872 -0.00070403 -0.0157365 0.0245881 0.0075287 -0.00375636 -0.017657 0.0123407 0.00274665 -0.0303479 0.0188906 0.0254945
internal_weight=130.526 124.914 106.934 83.237 27.842 23.6967 55.395 29.4707 18.7149 9.79566 11.7833 18.0463 25.9243 17.3445
internal_count=3318 2296 2152 1894 1383 258 511 265 209 322 185 1061 246 175
is_linear=0
shrinkage=0.05


Tree=78
num_leaves=15
num_cat=0
split_feature=7 25 26 7 15 9 0 11 14 19 15 28 31 12
split_gain=3.29572 3.33819 4.19111 4.45933 5.01115 3.98495 3.94231 4.57933 3.1988 3.6605 5.40949 3.07646 2.30334 2.17926
threshold=21.500000000000004 41.213541666666671 176.50000000000003 175.50000000000003 21.360009363293909 176.50000000000003 14.500000000000002 165.50000000000003 172.50000000000003 20.886417218908953 5.8022983951779592 3.4791666666666674 173.50000000000003 152.50000000000003
decision_type=2 2 2 2 2 2 2 2 2 2 2 2 2 2
left_child=-1 -2 11 4 5 6 8 -8 9 10 -4 12 -3 -12
right_child=1 2 3 -5 -6 -7 7 -9 -10 -11 13 -13 -14 -15
leaf_value=-0.023865620084303218 0.024969056021816417 -0.03749179531702633 0.025496702374226972 -0.015291740218884393 -0.02263102894961147 0.038150599276108421 -0.030182974605483939 0.021086344471524337 -0.0060914450785677686 0.037439640367220875 -0.024757854750136088 0.0095789598510387999 0.0045533588231452633 0.0096053207452184812
leaf_weight=7.9544277598615727 9.75327515369281 10.137596714776011 11.742882133461537 18.660960037261248 6.3043782417662433 8.9472898207604867 8.1549368891864997 2.3316674530506125 13.386703558266161 12.941041228361426 8.5872084286529553 4.2179361016023895 2.8842141842469564 3.7250529751181594
leaf_count=508 314 794 253 125 96 45 454 16 76 204 280 84 43 26
internal_value=0.000162364 0.00261124 -0.000319041 0.0040689 0.00946511 0.0136821 0.00746252 -0.0156559 0.0132534 0.020145 0.00599911 -0.0199345 -0.0294996 -0.0145898
internal_weight=129.73 121.775 112.022 94.7821 76.1212 69.8168 60.8695 10.4866 50.3829 36.9962 24.0551 17.2397 13.0218 12.3123
internal_count=3318 2810 2496 1575 1450 1354 1309 470 839 763 559 921 837 306
is_linear=0
shrinkage=0.05


Tree=79
num_leaves=15
num_cat=0
split_feature=5 22 9 31 9 11 0 13 23 16 25 16 24 15
split_gain=3.21222 3.0435 4.39197 3.86739 4.24345 4.44072 3.65143 3.04007 4.27791 4.17794 3.5668 4.74658 3.22456 2.96247
threshold=21.500000000000004 196.00000000000003 176.50000000000003 193.50000000000003 23.500000000000004 176.50000000000003 14.500000000000002 104.12500000000001 24.697810253660457 -16.499999999999996 135.79166666666671 -5.4999999999999991 6.0833333333333348 5.4467115461247149
decision_type=2 2 2 2 2 2 2 2 2 2 2 2 2 2
left_child=-1 2 3 4 6 7 -2 -6 10 -10 11 -9 -13 -11
right_child=1 -3 -4 -5 5 -7 -8 8 9 13 -12 12 -14 -15
leaf_value=-0.02703155831006808 0.030924601717592412 -0.021768896413714042 0.024697472433448761 0.024843192932094933 -0.030484828740455196 0.022239047869950429 -0.016123784257055348 -0.014676772405226166 0.011614670876861886 -0.0033060232901303854 -0.022988602602994963 -0.0014080909006048475 0.040069952677666658 -0.035739954412749478
leaf_weight=5.0732579571194938 9.4364579298999143 7.0896727484650901 17.185473923571408 8.7988629937171918 12.234949802514164 6.3120816592127076 2.2080981915350995 5.7643520571291438 7.4664111947640768 12.319735609693454 2.7165642098989329 6.2530961188022145 10.446124904556198 15.825164782349018
leaf_count=504 278 55 87 46 746 39 227 300 76 143 105 324 77 311
internal_value=0.000168404 0.00228491 0.00457551 9.675e-05 -0.00346593 -0.00785988 0.0198395 -0.0117199 -0.00591347 -0.0161718 0.00887011 0.0162067 0.0277927 -0.0241832
internal_weight=129.13 124.057 116.967 99.7819 90.983 79.3385 11.6446 73.0264 60.7914 35.6113 25.1801 22.4636 16.6992 28.1449
internal_count=3318 2814 2759 2672 2626 2121 505 2082 1336 530 806 701 401 454
is_linear=0
shrinkage=0.05


Tree=80
num_leaves=15
num_cat=0
split_feature=3 25 25 24 21 28 0 10 2 16 13 27 24 17
split_gain=3.10568 4.35291 5.82812 5.49551 5.18569 4.8239 4.77107 4.1752 3.50564 3.19345 3.05404 1.64823 1.59057 1.4566
threshold=171.50000000000003 136.90625000000003 133.84895833333334 -0.58333333333333315 150.29166666666671 0.35416666666666669 7.5000000000000009 70.500000000000014 1.5000000000000002 33.500000000000007 106.62500000000001 31.116319334832866 7.916666666666667 21.875000000000004
decision_type=2 2 2 2 2 2 2 2 2 2 2 2 2 2
left_child=1 2 3 8 5 6 7 13 -1 -8 11 -7 -12 -5
right_child=-2 -3 -4 4 -6 10 9 -9 -10 -11 12 -13 -14 -15
leaf_value=0.0109397434140817 0.016581138526309325 -0.02628973592442049 0.0283259139517705 -0.002407420165765963 0.025426319476164951 0.0088484817692097827 -0.034400489090998819 -0.018505019607583269 -0.036867036935829343 0.0057675701358442426 0.033088846740275214 -0.023902371498474392 0.0031052938635787583 0.035474404028409311
leaf_weight=2.4932161641772828 18.725969703868032 12.450274264439939 11.266031956300138 2.6520242160186154 13.274370478233321 3.3324006344191757 18.902662397595126 4.6380787678062916 11.82011779071763 4.611370835453271 7.5149371330626336 3.6687790455762297 8.6157494159415347 4.4334360277280211
leaf_count=154 105 157 157 106 122 74 753 126 1089 45 96 91 80 163
internal_value=0.000118885 -0.00329234 0.000794523 -0.00417264 0.00206934 -0.00482958 -0.0156311 0.00824413 -0.0278633 -0.026893 0.0114785 -0.0111218 0.0215982 0.0261656
internal_weight=128.399 109.673 97.2232 85.9571 71.6438 58.3694 35.2376 11.7235 14.3133 23.514 23.1319 7.00118 16.1307 7.08546
internal_count=3318 3213 3056 2899 1656 1534 1193 395 1243 798 341 165 176 269
is_linear=0
shrinkage=0.05


Tree=81
num_leaves=15
num_cat=0
split_feature=0 21 21 11 16 25 16 21 7 8 24 28 30 33
split_gain=3.07871 3.0675 4.69865 4.11243 4.40925 3.24296 3.16241 4.75982 4.4462 2.99267 2.67814 3.23901 2.23752 2.14907
threshold=6.5000000000000009 156.95833333333334 149.87500000000003 125.50000000000001 33.500000000000007 134.30729166666671 -5.4999999999999991 89.395833333333343 21.500000000000004 169.50000000000003 6.7500000000000009 -0.97916666666666663 165.50000000000003 181.50000000000003
decision_type=2 2 2 2 2 2 2 2 2 2 2 2 2 2
left_child=-1 2 3 6 5 -5 7 -2 -8 12 11 -10 -4 -13
right_child=1 -3 9 4 -6 -7 8 -9 10 -11 -12 13 -14 -15
leaf_value=-0.026088813662547439 0.024055165984293178 -0.014569961089204201 -0.013329915416073913 -0.031728270915429208 0.010217238067606424 0.0058087177271145748 -0.015334242731924574 -0.022289933337870899 0.027309082630783795 0.036739344150965199 0.035379998723077115 -0.026895194185375705 0.01898047398386786 0.011173271387387799
leaf_weight=5.3402362640481433 3.6159617798402897 17.677505129948258 6.3933453997597116 17.999192364746708 11.57880573812872 5.8448995018843553 5.0131322888191816 11.48550040880218 2.6139121630694726 11.76161049120128 15.918461913242934 4.5845491983927795 5.1987715382128954 2.5124119706451893
leaf_count=1022 28 144 150 539 83 40 252 291 101 73 109 434 35 17
internal_value=0.00015421 0.00228151 0.00566664 -0.000428264 -0.0123034 -0.0231149 0.00907375 -0.00796968 0.0174129 0.0231897 0.0252759 0.00231726 0.00251355 -0.0143706
internal_weight=127.538 122.198 104.521 81.1668 35.4229 23.8441 45.7439 15.1015 30.6425 23.3537 25.6293 9.71087 11.5921 7.09696
internal_count=3318 2296 2152 1894 662 579 1232 319 913 258 661 552 185 451
is_linear=0
shrinkage=0.05


Tree=82
num_leaves=15
num_cat=0
split_feature=0 18 9 0 24 11 8 8 10 14 10 5 34 28
split_gain=2.96635 2.99145 5.68987 3.93848 5.16102 4.84322 2.61878 2.45222 3.51556 3.71375 4.76052 5.1555 2.23311 2.11043
threshold=6.5000000000000009 191.50000000000003 176.50000000000003 14.500000000000002 11.583333333333334 165.50000000000003 177.50000000000003 168.50000000000003 108.50000000000001 114.50000000000001 71.500000000000014 21.500000000000004 0.0085227272727272738 -0.062499999999999993
decision_type=2 2 2 2 2 2 2 2 2 2 2 2 2 2
left_child=-1 2 3 4 7 6 12 8 9 10 11 -2 -5 -10
right_child=1 -3 -4 5 -6 -7 -8 -9 13 -11 -12 -13 -14 -15
leaf_value=-0.025759565510980516 -0.021225571167222002 -0.020608723281264871 0.028878996163731047 0.0083689755224695787 -0.020833747817924672 0.019013174623593032 0.010134561736421502 0.030901820582667036 -0.02420864526746376 0.026199227329709352 -0.026676859739587607 0.030551529352719865 -0.038419105785059381 0.0036117285051598894
leaf_weight=5.2054044024553141 3.1177790923975435 8.0217158272862417 15.1604031259194 1.1258221641182959 11.270036908797918 3.4953394988551727 1.7537521719932545 7.5084478603675953 7.7249213838949826 20.671576796099544 6.6733765220269552 8.8984744157642108 13.848964887671171 12.314690246246753
leaf_count=1022 182 46 83 6 102 27 13 48 94 148 93 168 1176 110
internal_value=0.000178867 0.00226298 0.00467952 -0.000264899 0.00499562 -0.0175597 -0.0278181 0.0104924 0.00571366 0.0138292 -0.0024945 0.0148279 -0.0336871 -0.00980515
internal_weight=126.791 121.585 113.564 98.4032 78.1793 20.2239 16.7285 66.9093 59.4008 39.3612 18.6896 12.0163 14.9748 20.0396
internal_count=3318 2296 2250 2167 945 1222 1195 843 795 591 443 350 1182 204
is_linear=0
shrinkage=0.05


Tree=83
num_leaves=15
num_cat=0
split_feature=7 21 21 16 21 31 24 28 8 22 22 19 28 32
split_gain=2.84373 2.9181 4.12711 4.30896 4.29107 5.84217 3.55023 4.73141 4.57128 5.03666 2.93867 5.79815 1.54301 1.21886
threshold=21.500000000000004 156.95833333333334 149.87500000000003 -5.4999999999999991 89.395833333333343 192.50000000000003 6.0833333333333348 -1.2291666666666663 106.50000000000001 176.50000000000003 186.50000000000003 31.955817035779052 -3.7708333333333326 180.50000000000003
decision_type=2 2 2 2 2 2 2 2 2 2 2 2 2 2
left_child=-1 2 3 4 -2 -6 7 12 -8 -10 11 -4 -5 -9
right_child=1 -3 10 6 5 -7 8 13 9 -11 -12 -13 -14 -15
leaf_value=-0.0226437986741829 0.016458562173540657 -0.014049253364838622 -0.019541493271886409 -0.0052812311958160014 -0.036632814188237432 0.016410093116986071 0.035205557383545007 -0.028311765451577327 -0.016540758956731724 0.022343497925722391 0.03848111258584274 0.029769391783197836 0.03095854445333068 0.0056414763400031778
leaf_weight=7.4605802423320702 4.4306474188342717 17.527904120273888 7.8509488743729907 2.6922981985844672 15.698308590799572 3.7069285213947287 12.604743310716001 10.749922181945292 13.390333986375483 10.235310940071939 9.0952118686400336 6.2275350764393806 2.8871366360690471 1.4130372731015075
leaf_count=508 74 144 164 166 722 21 135 917 158 62 59 35 140 13
internal_value=0.000126279 0.00241837 0.00580468 -0.000124572 -0.0159572 -0.0252141 0.00762767 -0.00906587 0.0159107 0.0012653 0.0222019 0.00435622 0.0192401 -0.0238729
internal_weight=125.971 118.51 100.982 77.8087 23.8359 19.4052 53.9728 17.7424 36.2304 23.6256 23.1737 14.0785 5.57943 12.163
internal_count=3318 2810 2666 2408 817 743 1591 1236 355 220 258 199 306 930
is_linear=0
shrinkage=0.05


Tree=84
num_leaves=15
num_cat=0
split_feature=0 11 11 12 9 0 24 7 6 14 18 10 6 17
split_gain=2.80695 2.95768 4.04861 3.57989 3.55132 5.74703 3.76268 3.10595 2.98886 2.54258 2.05399 4.49032 2.98016 1.1731
threshold=6.5000000000000009 135.50000000000003 176.50000000000003 165.50000000000003 176.50000000000003 15.500000000000002 11.583333333333334 99.500000000000014 93.500000000000014 175.50000000000003 114.50000000000001 71.500000000000014 22.500000000000004 22.541666666666668
decision_type=2 2 2 2 2 2 2 2 2 2 2 2 2 2
left_child=-1 4 3 7 5 6 10 8 -3 -9 11 12 13 -2
right_child=1 2 -4 -5 -6 -7 -8 9 -10 -11 -12 -13 -14 -15
leaf_value=-0.025269612230246426 -0.018066820987276546 -0.01854462868451762 0.016704157385882611 0.0068522389534805108 0.026363783935710844 -0.028270302984302484 -0.014496805186302589 -0.038980804513438966 0.025181619368616927 -0.0019873628605038651 0.024414166052103628 -0.023687587070107999 0.034654500509407819 0.010499234608306894
leaf_weight=5.0099338956642887 2.9975325253326464 2.678292560856792 9.8908294634893519 12.390842152759431 15.526226918213068 7.8704119182657442 9.1519805304706079 14.899747713468971 3.2256312817335129 6.789787806570529 21.509506565285847 5.7628040979616335 5.1633673622272909 2.1800616469699889
leaf_count=1022 123 177 70 118 83 879 77 272 23 46 194 67 98 69
internal_value=0.000215822 0.00224745 -0.00667862 -0.0136765 0.00861479 0.00178342 0.00908342 -0.022532 0.00593765 -0.029942 0.0158487 0.0013342 0.018454 -0.0067899
internal_weight=125.047 120.037 49.8751 39.9843 70.1619 54.6357 46.7653 27.5935 5.90392 21.6895 37.6133 16.1038 10.341 5.17759
internal_count=3318 2296 706 636 1590 1507 628 518 200 318 551 357 290 192
is_linear=0
shrinkage=0.05


Tree=85
num_leaves=15
num_cat=0
split_feature=5 18 9 24 21 13 13 6 20 20 29 28 0 23
split_gain=2.69429 2.85339 4.95211 3.77005 5.31825 5.83446 6.17506 3.59877 5.17976 3.45767 3.1002 2.44612 2.42647 2.65677
threshold=21.500000000000004 191.50000000000003 176.50000000000003 11.583333333333334 156.95833333333334 163.12500000000003 138.75000000000003 112.50000000000001 -1.1666666666666663 1.5000000000000002 6.5000000000000009 3.4375000000000004 6.5000000000000009 15.611218559983117
decision_type=2 2 2 2 2 2 2 2 2 2 2 2 2 2
left_child=-1 2 3 4 5 6 7 8 -2 -9 -8 -5 -10 -14
right_child=1 -3 -4 11 -6 -7 10 9 12 -11 -12 -13 13 -15
leaf_value=-0.025454366610230331 -0.023411466363493769 -0.020268306169884828 0.027083589203320942 -0.035315100174080558 -0.026627311632307717 0.031556839767962308 -0.032751753849765607 0.037338713543227701 -0.015914406576947253 -0.0074110781211271003 0.0099011937504739633 0.0026909196850790516 0.0032831754878254885 0.037866838753787359
leaf_weight=4.5464367559179655 10.593557693995523 7.9591113626956931 15.094857319258152 6.2979972572065872 7.5943665897939345 15.384797342121599 11.421256793430073 10.736047773389144 2.2979041151702537 3.96276801964268 3.1627593387383959 5.7166021885350347 14.058805898763241 5.5086870884988448
leaf_count=504 658 46 83 107 90 92 316 295 438 73 59 83 362 112
internal_value=0.000152988 0.00210583 0.0044975 -0.000184757 0.0039161 0.00836161 0.000650723 0.00959463 -0.000552757 0.0264554 -0.0233356 -0.021755 0.0128181 0.0187445
internal_weight=124.336 119.79 111.83 96.7356 84.721 77.1266 61.7418 47.1578 32.459 14.6988 14.584 12.0146 21.8654 19.5675
internal_count=3318 2814 2768 2685 2495 2405 2313 1938 1570 368 375 190 912 474
is_linear=0
shrinkage=0.05


Tree=86
num_leaves=15
num_cat=0
split_feature=0 7 9 0 11 12 33 24 24 24 10 29 7 19
split_gain=2.60737 2.83848 5.81299 2.98782 5.09615 3.23868 3.05598 2.95017 5.40661 3.82208 2.17217 1.87561 1.74116 1.13424
threshold=6.5000000000000009 175.50000000000003 176.50000000000003 14.500000000000002 165.50000000000003 25.500000000000004 22.500000000000004 7.5833333333333348 6.0833333333333348 3.5833333333333335 104.50000000000001 8.5000000000000018 130.50000000000003 2.0816659994547542
decision_type=2 2 2 2 2 2 2 2 2 2 2 2 2 2
left_child=-1 2 3 5 11 6 -2 8 9 10 -7 -5 -9 -8
right_child=1 -3 -4 4 -6 7 13 12 -10 -11 -12 -13 -14 -15
leaf_value=-0.024746243990876778 -0.0082490005007367084 -0.013339874390953091 0.034330055194156529 -0.036012757732298839 0.020799125066697122 -0.0079218269932415722 0.0030522277973740585 -0.025131057998865964 0.027989243715347008 -0.024694623843924745 0.022899329014196512 0.0034173144313926099 0.0001013789947196438 0.042693696237603863
leaf_weight=4.8102693990804246 3.4945922428742042 19.608105899766088 10.033593686297534 9.8405783833004516 3.2094949558377257 7.2645560335367936 3.1440690520685148 9.3967595901340264 14.00105032045394 10.053447649348525 7.0327917896211147 2.7693041015882036 12.943861024454234 5.9527902244590223
leaf_count=1022 115 133 53 1039 24 114 150 67 96 91 57 125 141 91
internal_value=6.84772e-05 0.00203297 0.00556805 0.000677292 -0.016194 0.00512091 0.0240117 -0.000327522 0.00780753 -0.00658769 0.00924403 -0.0288418 -0.0131667 0.0349349
internal_weight=123.555 118.745 99.1369 89.1033 15.8194 73.2839 12.5915 60.6925 38.3518 24.3508 14.2973 12.6099 22.3406 9.09686
internal_count=3318 2296 2163 2110 1188 922 356 566 358 262 171 1164 208 241
is_linear=0
shrinkage=0.05


Tree=87
num_leaves=15
num_cat=0
split_feature=5 22 9 24 21 13 13 6 21 4 11 20 29 0
split_gain=2.53765 2.73453 3.08115 3.23805 4.58827 5.28708 5.69961 3.27205 5.01094 5.71805 3.43869 3.17127 3.04557 2.81799
threshold=21.500000000000004 196.00000000000003 176.50000000000003 11.583333333333334 156.95833333333334 163.12500000000003 138.75000000000003 112.50000000000001 92.687500000000014 148.50000000000003 176.50000000000003 1.5000000000000002 1.5000000000000002 8.5000000000000018
decision_type=2 2 2 2 2 2 2 2 2 2 2 2 2 2
left_child=-1 2 3 4 5 6 7 8 13 10 -10 -9 -8 -2
right_child=1 -3 -4 -5 -6 -7 12 11 9 -11 -12 -13 -14 -15
leaf_value=-0.024967961037545353 0.029726858513056967 -0.021022783387047814 0.02112800910190862 -0.020106581922239887 -0.025007092299844685 0.030216305656247191 -0.035878552716857325 0.035884312953812711 -0.033969447953420932 0.028132998850439336 0.013253817644816574 -0.007090553725003234 0.0042240685175799538 -0.0085032463896760283
leaf_weight=4.3922228715382508 9.6398604654241336 6.8314174318220457 16.932201739400625 11.398817203240467 7.064156193053349 15.355190865695475 8.3755217446014267 10.638957348652182 14.269936931785201 1.8055163261014957 1.9812449943274248 3.9376852069981387 5.8534120430704197 4.4778597792610517
leaf_count=504 327 55 87 186 81 92 254 295 831 12 13 73 121 387
internal_value=9.04169e-05 0.0019915 0.00423886 0.00031483 0.00408537 0.0081494 0.000724074 0.0093104 -0.00043032 -0.0160735 -0.0264485 0.0254293 -0.0225727 0.0185485
internal_weight=122.954 118.562 111.73 94.7982 83.3993 76.3352 60.98 46.7511 32.1744 18.0567 16.2512 14.5766 14.2289 14.1177
internal_count=3318 2814 2759 2672 2486 2405 2313 1938 1570 856 844 368 375 714
is_linear=0
shrinkage=0.05


Tree=88
num_leaves=15
num_cat=0
split_feature=0 11 30 9 0 12 19 24 18 15 27 28 29 30
split_gain=2.47483 2.76439 3.98522 3.96566 4.41011 3.64537 3.18505 2.88714 2.94983 2.13221 1.74478 1.5839 1.28485 0.629007
threshold=6.5000000000000009 126.50000000000001 175.50000000000003 176.50000000000003 14.500000000000002 25.500000000000004 31.955817035779052 7.5833333333333348 114.50000000000001 19.411121974258624 28.455312765130397 -0.35416666666666657 8.5000000000000018 142.50000000000003
decision_type=2 2 2 2 2 2 2 2 2 2 2 2 2 2
left_child=-1 3 6 4 5 -2 9 8 -7 10 -3 -4 -6 -12
right_child=1 2 11 -5 12 7 -8 -9 -10 -11 13 -13 -14 -15
leaf_value=-0.024320675938979516 0.031766720719141404 0.0012176786631283242 -0.0032200923071414415 0.029986631899776857 -0.030215175281892871 -0.0069005728369152365 0.0090945172794337954 -0.014057773177118572 0.02703121808521038 0.00074186263927737152 -0.0046549754078690012 0.01955234117244864 0.0059556318340022382 -0.03894763765215635
leaf_weight=4.6541256019845596 7.5465325207915148 3.5286104679107728 12.167830179445447 11.905856771394609 6.6159824524074784 8.9556050342507678 7.4114611041732124 14.589692034758626 8.7631658473983389 7.1979588582180432 3.0525724480394301 11.186012987047432 1.2902723762672392 13.146325508132575
leaf_count=1022 210 64 103 65 803 99 97 122 65 123 91 63 71 320
internal_value=5.36063e-05 0.00197456 -0.00559473 0.00915986 0.00161846 0.00889328 -0.0155561 9.27461e-06 0.0121368 -0.0227031 -0.0296777 0.00921189 -0.0242918 -0.0351075
internal_weight=122.012 117.358 57.6908 59.6671 47.7613 39.855 34.3369 32.3085 17.7188 26.9255 19.7275 23.3538 7.90625 16.1989
internal_count=3318 2296 861 1435 1370 496 695 286 164 598 475 166 874 411
is_linear=0
shrinkage=0.05


Tree=89
num_leaves=15
num_cat=0
split_feature=3 22 26 4 30 20 0 13 17 6 17 17 27 7
split_gain=2.42397 3.93648 4.0368 5.1107 4.06941 3.89778 2.74785 3.0021 4.10322 3.31705 2.47256 4.71618 3.71273 1.60563
threshold=174.50000000000003 196.00000000000003 193.50000000000003 176.50000000000003 101.50000000000001 1.1666666666666667 13.500000000000002 106.62500000000001 86.833333333333357 22.500000000000004 147.50000000000003 143.54166666666671 28.455312765130397 93.500000000000014
decision_type=2 2 2 2 2 2 2 2 2 2 2 2 2 2
left_child=1 2 3 4 6 -4 7 8 9 -1 11 12 -6 -14
right_child=-2 -3 5 -5 10 -7 -8 -9 -10 -11 -12 -13 13 -15
leaf_value=-0.011693687410022633 0.021702583485464767 -0.031520687587665387 0.032575033011487113 0.027964891458341037 0.014294784489956153 -0.0070033553365273869 -0.018918183064741839 0.026828516683092937 -0.028861704137914952 0.029213896639308012 -0.029718361867700945 0.022367821017479406 -0.0026079174744334747 -0.030242461282068422
leaf_weight=5.1432995824143344 6.7679873183369628 5.3721488737501195 11.73719284986146 6.3018860127776852 5.0466142522636828 7.5197793107945463 4.4661564729176453 11.698890433879567 4.2958535074722013 6.2333256811834872 16.232417135499418 6.2212133591528973 8.370376266306268 15.976873317733405
leaf_count=250 38 48 236 39 188 94 402 135 248 209 257 82 560 532
internal_value=5.21393e-05 -0.00208004 0.000683898 -0.00399427 -0.0078419 0.018862 0.00570577 0.0120251 -0.00284134 0.0127961 -0.0159311 -0.00676234 -0.0152832 -0.0228049
internal_weight=121.384 114.616 109.244 89.9869 83.685 19.257 31.8375 27.3714 15.6725 11.3766 51.8475 35.6151 29.3939 24.3472
internal_count=3318 3280 3232 2902 2863 330 1244 842 707 459 1619 1362 1280 1092
is_linear=0
shrinkage=0.05


Tree=90
num_leaves=15
num_cat=0
split_feature=5 7 9 9 13 4 29 20 20 26 0 7 6 24
split_gain=2.39504 2.74011 4.90047 2.66958 3.50419 4.01502 4.03006 5.04027 3.70115 3.5684 2.82665 2.24425 2.09225 1.24319
threshold=21.500000000000004 175.50000000000003 176.50000000000003 23.500000000000004 103.37500000000001 138.50000000000003 -6.4999999999999991 -2.1666666666666665 17.500000000000004 181.50000000000003 14.500000000000002 21.500000000000004 115.50000000000001 6.0833333333333348
decision_type=2 2 2 2 2 2 2 2 2 2 2 2 2 2
left_child=-1 2 3 10 -5 9 13 -8 -9 12 11 -2 -6 -7
right_child=1 -3 -4 4 5 6 7 8 -10 -11 -12 -13 -14 -15
leaf_value=-0.024471704985231817 -0.0042191076178881431 -0.013291433970589742 0.031931146099755496 -0.023830732171938568 -0.022001856635773951 -0.0034685424289304444 0.013151476306251082 -0.036741316263622356 0.0015308362590910707 0.030537020439469653 -0.014227960001216906 0.038722048364015479 0.013415071599729211 0.023320377397334044
leaf_weight=4.2376728816889218 2.9136279339436424 19.186276026070118 9.9225277844816429 11.055058722384272 4.0008342706132707 4.9427077739965153 8.4278992791660112 15.650050234980883 8.5439117923378927 12.920602865982799 1.8429909257683892 6.4851193765643984 3.2779246887657791 7.1999978227540851
leaf_count=504 72 133 53 702 242 148 137 262 63 400 227 206 112 57
internal_value=7.35033e-05 0.00193866 0.00544869 0.000870046 -0.00288458 0.00212821 -0.00625662 -0.0149216 -0.0252784 0.0182646 0.0193315 0.0285677 -0.00708428 0.0145847
internal_weight=120.607 116.37 97.1833 87.2607 76.019 64.9639 44.7646 32.6219 24.194 20.1994 11.2417 9.39875 7.27876 12.1427
internal_count=3318 2814 2681 2628 2123 1421 667 462 325 754 505 278 354 205
is_linear=0
shrinkage=0.05


Tree=91
num_leaves=15
num_cat=0
split_feature=0 18 9 0 24 11 15 22 3 24 24 23 0 15
split_gain=2.37318 2.59268 3.58342 2.95228 3.69019 3.16673 2.28903 2.72024 2.95612 4.00156 2.84086 2.45798 2.49242 1.25445
threshold=6.5000000000000009 191.50000000000003 176.50000000000003 16.500000000000004 11.583333333333334 176.50000000000003 21.360009363293909 115.50000000000001 130.50000000000003 6.0833333333333348 3.9166666666666674 1.6891598116762079 7.5000000000000009 8.0208062770108892
decision_type=2 2 2 2 2 2 2 2 2 2 2 2 2 2
left_child=-1 2 3 4 6 -5 7 11 -9 10 13 12 -2 -10
right_child=1 -3 -4 5 -6 -7 -8 8 9 -11 -12 -13 -14 -15
leaf_value=-0.023948019553109587 0.026988694557710274 -0.019479993905313145 0.023595980674949849 -0.029967830340445003 -0.018640504568316799 0.016151238758249382 -0.014560487851040728 0.031978413407241592 -0.0080654693951622888 0.020045313957457081 -0.027750419523618366 -0.01869230232381074 -0.013239153713570678 0.017493071152172301
leaf_weight=4.5214105485938481 4.2209796588867929 7.7699610702693453 14.872052370570598 8.7847060216590744 10.700189662165938 1.5400418117642392 5.70159688591957 14.808995858300475 5.0044545244891214 18.736624959856272 6.229520113207399 9.2909198526758683 2.6629328511189669 5.137670376803726
leaf_count=1022 39 46 83 981 103 9 77 127 80 156 54 279 177 85
internal_value=8.6005e-05 0.00198212 0.00432624 0.000190416 0.00372705 -0.0200635 0.00805735 0.0108954 0.0162844 0.00650321 -0.0100589 -0.00565382 0.0124043 0.00638275
internal_weight=119.982 115.461 107.691 92.8186 82.4939 10.3247 71.7937 66.0921 49.9173 35.1083 16.3716 16.1748 6.88391 10.1421
internal_count=3318 2296 2250 2167 1177 990 1074 997 502 375 219 495 216 165
is_linear=0
shrinkage=0.05


Tree=92
num_leaves=15
num_cat=0
split_feature=3 25 25 9 0 24 24 15 9 10 5 11 29 28
split_gain=2.32813 3.79225 4.02748 4.98816 3.64173 3.51146 4.56124 4.04734 2.63057 3.9788 3.93481 2.41018 2.1566 2.09448
threshold=174.50000000000003 136.90625000000003 133.37500000000003 176.50000000000003 14.500000000000002 7.5833333333333348 6.0833333333333348 4.4347115652186604 156.50000000000003 67.500000000000014 21.500000000000004 159.50000000000003 8.5000000000000018 -0.43749999999999994
decision_type=2 2 2 2 2 2 2 2 2 2 2 2 2 2
left_child=1 2 3 4 5 6 8 -7 9 10 -1 -11 -9 -4
right_child=-2 -3 13 -5 -6 7 -8 12 -10 11 -12 -13 -14 -15
leaf_value=-0.021784387978336425 0.021241258682607234 -0.022795298688612468 0.038297592157619076 0.022217262141045593 -0.029476807499982063 0.013063024147453152 0.027466140915199569 -0.035417676680134881 0.0210278813053832 -0.035789847829289088 0.021719457456572819 0.0061586308101644451 -0.0003964809373957752 0.0023029558928290331
leaf_weight=3.3808285237755689 6.7315231226384631 13.680236523272468 5.155525831039995 11.84376649186015 10.590187599649651 5.7640614365227547 11.665696840500457 11.624422724125909 3.2256229710765174 9.3813154695089889 9.4973072221036983 2.7853367347270241 6.1314832868520162 7.8526919970754516
leaf_count=316 38 166 59 69 1078 59 107 182 37 585 367 43 72 140
internal_value=1.84239e-06 -0.00211742 0.00170223 -0.00265896 -0.00779158 -0.0022839 0.00659279 -0.0158696 -0.00485381 -0.0111319 0.00740024 -0.0271898 -0.0260685 0.0232411
internal_weight=119.31 112.578 98.8982 85.89 74.0463 63.4561 39.9361 23.52 28.2704 25.0448 12.8781 12.1667 17.7559 13.0082
internal_count=3318 3280 3114 2915 2846 1768 1455 313 1348 1311 683 628 254 199
is_linear=0
shrinkage=0.05


Tree=93
num_leaves=15
num_cat=0
split_feature=7 7 9 29 12 33 32 29 20 20 7 10 19 19
split_gain=2.25805 2.66871 4.10197 3.16917 2.42218 3.04529 2.61547 1.83647 2.71865 2.63692 3.01429 1.06393 1.03153 1.00717
threshold=21.500000000000004 175.50000000000003 176.50000000000003 13.500000000000002 24.500000000000004 160.50000000000003 22.500000000000004 -6.4999999999999991 -1.8333333333333333 16.833333333333339 109.50000000000001 107.50000000000001 1.5508919199760427 29.931613975050954
decision_type=2 2 2 2 2 2 2 2 2 2 2 2 2 2
left_child=12 2 3 4 6 -6 11 -7 -9 10 -10 -2 -1 -5
right_child=1 -3 -4 13 5 7 -8 8 9 -11 -12 -13 -14 -15
leaf_value=0.0037577598717988183 -0.017468356277376553 -0.012913324249494871 0.029925585152444506 0.031409079229719146 -0.02586738598788061 0.012547072775013608 0.029434127112422787 0.012514264326479183 0.0021775077839965196 0.0063099457451052544 -0.035039141568249402 0.009030743813267076 -0.027968649568247211 0.0016694301147743445
leaf_weight=2.0368230917956671 3.4549234169535321 18.975391069427133 9.8696268098428828 5.0955192085821164 11.121852310723623 13.176460949704049 5.9009694391861558 9.4019232657738012 7.3687084307894173 8.8276855917647463 11.146541811991481 2.6980180153623223 4.6962693899404258 4.7900455454364419
leaf_count=145 321 133 53 121 1309 105 250 93 79 62 143 77 363 64
internal_value=5.2092e-05 0.00215005 0.00573096 0.00131623 -0.00278666 -0.00696992 0.0142305 -0.000788131 -0.00650012 -0.0139621 -0.022914 -0.00700934 -0.0208597 0.0223999
internal_weight=118.561 111.828 92.8523 82.9826 73.0971 61.0432 12.0539 49.9213 36.7449 27.3429 18.5153 6.15294 6.73309 9.88556
internal_count=3318 2810 2677 2624 2439 1791 648 482 377 284 222 398 508 185
is_linear=0
shrinkage=0.05


Tree=94
num_leaves=15
num_cat=0
split_feature=3 22 26 4 30 20 0 13 17 6 17 8 12 15
split_gain=2.21533 3.6725 3.66754 4.41334 3.74878 3.32389 2.49439 2.65267 3.68197 2.97226 2.14111 3.09884 2.08167 1.63594
threshold=174.50000000000003 196.00000000000003 193.50000000000003 176.50000000000003 101.50000000000001 1.1666666666666667 13.500000000000002 106.62500000000001 86.833333333333357 22.500000000000004 151.79166666666671 169.50000000000003 161.50000000000003 4.5734742446709324
decision_type=2 2 2 2 2 2 2 2 2 2 2 2 2 2
left_child=1 2 3 4 6 -4 7 8 9 -1 11 12 13 -6
right_child=-2 -3 5 -5 10 -7 -8 -9 -10 -11 -12 -13 -14 -15
leaf_value=-0.011210699811574599 0.020793880495595621 -0.030713423385188555 0.030896342107307635 0.026064578377740517 -0.0021536952074412666 -0.0061155437007640806 -0.018147258763641566 0.025679630752957233 -0.02760932005930853 0.027733093604250438 -0.031009195984342992 0.015706160691820299 0.004529789568522743 -0.029317516018269974
leaf_weight=4.9863027136307263 6.7283520735800257 5.1696778289042404 11.462732521584259 6.1455334629863492 8.9996416975045594 7.3674460130278012 4.2281504718121132 11.467724885791538 4.0485018782783291 6.1980824205093086 11.355454785516484 6.8165283449925473 8.9972864016890508 14.115214027115142
leaf_count=250 38 48 236 39 668 94 402 135 248 209 179 48 110 614
internal_value=8.53628e-05 -0.00200562 0.000710277 -0.00383322 -0.00747607 0.0181704 0.00568348 0.0117243 -0.00253147 0.0122713 -0.0153522 -0.00777543 -0.0142044 -0.0210053
internal_weight=118.087 111.358 106.189 87.3584 81.2129 18.8302 30.9288 26.7006 15.2329 11.1844 50.2841 38.9287 32.1121 23.1149
internal_count=3318 3280 3232 2902 2863 330 1244 842 707 459 1619 1440 1392 1282
is_linear=0
shrinkage=0.05


Tree=95
num_leaves=15
num_cat=0
split_feature=0 12 5 32 15 15 15 29 30 12 16 4 8 19
split_gain=2.17863 2.51359 2.57205 2.45461 3.19921 2.43128 2.50284 2.94668 2.11493 2.0157 1.5682 1.5215 1.52016 1.29413
threshold=6.5000000000000009 123.50000000000001 21.500000000000004 163.50000000000003 7.7028133388613798 6.1644140029703172 8.2360931853695138 1.0000000180025095e-35 139.50000000000003 169.50000000000003 3.5000000000000004 166.50000000000003 166.50000000000003 20.968952517874971
decision_type=2 2 2 2 2 2 2 2 2 2 2 2 2 2
left_child=-1 2 -2 11 -5 8 -7 12 10 13 -4 -3 -8 -6
right_child=1 3 5 4 9 6 7 -9 -10 -11 -12 -13 -14 -15
leaf_value=-0.023258499023620191 -0.018815219806247323 -0.026968610122342071 0.031311731734139862 -0.015333310464400016 0.0020386463204773143 -0.019169231461274847 -0.021625776248515988 0.029314580303058387 -0.0066342431581704027 -0.0068663372263534118 8.1670483973980178e-05 -0.00051267543131370955 0.0098652083331891363 0.025364055445621026
leaf_weight=4.2830935597885391 2.659956951159983 10.237056791083889 19.392321429215379 13.12136768340133 10.325511467410253 6.2799002542160478 3.4787548267049697 4.9709614608436823 3.8013903521932653 9.3618874358944577 4.8442097910447037 8.7543447450734657 3.0187467965297401 12.879485360346733
leaf_count=1022 322 343 488 152 94 132 144 87 122 95 112 77 36 92
internal_value=6.74036e-05 0.00189765 0.00998891 -0.00444475 0.00213591 0.0133499 -0.00123901 0.0114183 0.0213748 0.0102784 0.0261512 -0.0174218 -0.00906745 0.0171863
internal_weight=117.409 113.126 48.4462 64.6797 45.6883 45.7863 17.7484 11.4685 28.0379 32.5669 24.2365 18.9914 6.4975 23.205
internal_count=3318 2296 1443 853 433 1121 399 267 722 281 600 420 180 186
is_linear=0
shrinkage=0.05


Tree=96
num_leaves=15
num_cat=0
split_feature=26 27 15 7 10 24 6 25 12 12 28 22 11 19
split_gain=2.20938 3.83705 3.33005 4.35476 3.58011 3.71018 3.14503 3.09685 1.96718 2.3482 1.68747 1.07431 1.04586 0.84406
threshold=175.50000000000003 26.531963585889169 21.360009363293909 175.50000000000003 132.50000000000003 6.0833333333333348 166.50000000000003 23.125000000000004 24.500000000000004 161.50000000000003 3.4791666666666674 106.50000000000001 159.50000000000003 1.5508919199760427
decision_type=2 2 2 2 2 2 2 2 2 2 2 2 2 2
left_child=1 7 3 4 5 8 12 13 -2 11 -3 -10 -6 -1
right_child=2 10 -4 -5 6 -7 -8 -9 9 -11 -12 -13 -14 -15
leaf_value=0.0051462614105170293 0.011252448736333843 -0.033936969655257498 -0.022448041306078279 -0.012591397305285841 0.038613802559029999 0.014827746991689057 -0.0048339112626777326 0.027644063785811274 0.0028287583549101657 0.008873354390199777 0.0011879527752469733 -0.031619067086584927 0.0083386458676337257 -0.020614652459355374
leaf_weight=2.5505360178649443 3.4911858076229718 9.6696535449009371 6.1893785567954174 18.689991527236998 14.578975592507055 21.329122560797259 5.8905116468667975 4.5973886488936841 1.7481134042609472 3.3715340835042289 4.02969095413573 10.368691242882049 7.2856906852684906 3.2266524722799659
leaf_count=122 205 963 107 133 278 153 37 157 47 33 93 678 77 235
internal_value=-2.30324e-05 -0.0121256 0.00357072 0.00654913 0.012307 0.00206091 0.0246013 0.0087533 -0.0123866 -0.0191607 -0.0260499 -0.0272747 0.0319552 -0.0121305
internal_weight=117.017 24.0739 92.9432 86.7538 68.0638 40.3086 27.7552 10.3746 18.9795 15.4883 13.6993 12.1168 21.8647 5.77719
internal_count=3318 1570 1748 1641 1508 1116 392 514 963 758 1056 725 355 357
is_linear=0
shrinkage=0.05


Tree=97
num_leaves=15
num_cat=0
split_feature=3 22 26 4 30 20 0 13 17 6 17 8 16 12
split_gain=2.10188 3.44464 3.43468 4.17345 3.33883 3.02955 2.29666 2.41871 3.37651 2.70646 2.06932 2.79952 1.94513 1.5825
threshold=174.50000000000003 196.00000000000003 193.50000000000003 176.50000000000003 101.50000000000001 1.1666666666666667 13.500000000000002 106.62500000000001 86.833333333333357 22.500000000000004 151.79166666666671 169.50000000000003 19.500000000000004 161.50000000000003
decision_type=2 2 2 2 2 2 2 2 2 2 2 2 2 2
left_child=1 2 3 4 6 -4 7 8 9 -1 11 12 -6 -14
right_child=-2 -3 5 -5 10 -7 -8 -9 -10 -11 -12 -13 13 -15
leaf_value=-0.010952945325132434 0.020124451215462972 -0.030096532116426107 0.029705917555236983 0.025277602002865024 -0.02266575768649012 -0.0057609064497054644 -0.017826401025181095 0.024203339025445979 -0.026927408687906107 0.026230652424869841 -0.030453955161130492 0.01488321565313782 -0.012428552935637251 0.013333851936838413
leaf_weight=4.9138516618404591 6.7259217314422122 5.0286236710380754 11.334725944092499 6.0857156477868548 17.693461822695102 7.3302231207489958 4.157104361918754 11.447270906297488 3.9171971714822567 6.19619758753106 11.083137112902476 6.7739866888150564 6.7515512411482614 7.1134329549968243
leaf_count=250 38 48 236 39 1201 94 402 135 248 209 179 48 142 49
internal_value=-4.16574e-05 -0.00209918 0.000553613 -0.00387806 -0.00745045 0.0175029 0.00504668 0.0108996 -0.00274722 0.0114896 -0.014949 -0.00746937 -0.0136467 0.000819717
internal_weight=116.552 109.826 104.798 86.1329 80.0472 18.6649 30.6316 26.4745 15.0272 11.11 49.4156 38.3324 31.5584 13.865
internal_count=3318 3280 3232 2902 2863 330 1244 842 707 459 1619 1440 1392 191
is_linear=0
shrinkage=0.05


Tree=98
num_leaves=15
num_cat=0
split_feature=7 9 26 15 7 10 24 6 11 0 33 18 25 31
split_gain=2.05907 2.38309 3.02183 3.00476 3.9802 3.42094 3.96035 2.96166 2.65492 1.68832 1.6346 1.41675 1.28557 0.971949
threshold=21.500000000000004 23.500000000000004 175.50000000000003 21.360009363293909 175.50000000000003 132.50000000000003 6.0833333333333348 166.50000000000003 159.50000000000003 9.5000000000000018 195.50000000000003 105.50000000000001 102.72916666666667 183.50000000000003
decision_type=2 2 2 2 2 2 2 2 2 2 2 2 2 2
left_child=-1 9 10 4 5 6 8 -7 11 -2 -3 -4 -11 -13
right_child=1 2 3 -5 -6 7 -8 -9 -10 12 -12 13 -14 -15
leaf_value=-0.020261084006679371 0.031784776589412762 -0.025337000368904624 0.0067875980657819196 -0.021774686688965185 -0.01222745246871629 0.030687626315729889 0.013770701658394606 -0.0049341774536661234 0.0092055485729593944 -0.01659764863808991 0.0086175521923988266 -0.036180850639936139 0.014763424129001019 0.0018222488380545119
leaf_weight=6.453348178882151 5.3420317636337113 11.100746988435274 1.0210936887888227 6.0439298138953736 18.492010870948434 21.768265615100976 20.754101258469746 5.8627007361501446 4.6636488949879995 2.3647082739043985 1.8801252432167519 7.6394991505658236 1.0363105088472364 1.4076628573238847
leaf_count=508 200 726 45 106 133 355 147 37 40 264 11 717 18 11
internal_value=-5.07663e-05 0.00197525 -0.000659598 0.00301101 0.00599773 0.0118429 0.000959554 0.0235315 -0.0160047 0.021509 -0.0193903 -0.0268619 -0.00394241 -0.031724
internal_weight=115.83 109.377 100.634 87.6529 81.609 63.117 35.486 27.631 14.7319 8.74305 12.9809 10.0683 3.40102 9.04716
internal_count=3318 2810 2328 1591 1485 1352 960 392 813 482 737 773 282 728
is_linear=0
shrinkage=0.05


Tree=99
num_leaves=15
num_cat=0
split_feature=8 29 29 28 11 31 25 27 24 13 16 13 16 33
split_gain=2.01454 2.65277 3.15694 2.99675 3.51602 2.61359 3.61528 4.87533 3.15027 3.82405 3.81703 2.78856 3.14612 1.67631
threshold=177.50000000000003 -11.499999999999998 -7.4999999999999991 3.4375000000000004 176.50000000000003 193.50000000000003 126.67187500000001 28.049374934399083 11.583333333333334 165.00000000000003 33.500000000000007 95.125000000000014 -3.4999999999999996 200.50000000000003
decision_type=2 2 2 2 2 2 2 2 2 2 2 2 2 2
left_child=1 -1 -3 4 5 6 8 -8 9 10 11 12 -4 -14
right_child=-2 2 3 -5 -6 -7 7 -9 -10 -11 -12 -13 13 -15
leaf_value=-0.023145308550948838 0.014016148770316358 0.022978538567600668 0.023355975746019789 0.014013442306277567 0.016851305644676899 0.015011540339106101 0.011047720995250528 -0.039873655615542847 -0.029713207541159178 0.028511468494756609 0.023871867266591889 -0.032844033535406984 -0.020728245849422615 0.012513437424423405
leaf_weight=9.0539668067358416 16.057756777852774 8.1946796465199423 4.0003179186023763 15.143189906026235 7.887050572782754 4.0369852632284156 3.6856499093119082 16.067225884762593 4.4379501962102941 5.5701701939105979 3.5067069239448747 6.9959105552406973 9.2901524254120975 1.4372962564229954
leaf_count=292 102 173 229 338 58 20 68 436 94 31 75 403 992 7
internal_value=-9.42344e-05 -0.00293835 0.000197287 -0.00326679 -0.00787978 -0.0122421 -0.0153272 -0.03006 -0.00435975 0.00293297 -0.00649575 -0.014947 -0.000276052 -0.0137121
internal_weight=115.365 99.3073 90.2533 82.0586 66.9154 59.0284 54.9914 19.7529 35.2385 30.8006 25.2304 21.7237 14.7278 10.7274
internal_count=3318 3216 2924 2751 2413 2355 2335 504 1831 1737 1706 1631 1228 999
is_linear=0
shrinkage=0.05


Tree=100
num_leaves=15
num_cat=0
split_feature=3 25 14 27 26 27 16 15 16 15 19 8 0 13
split_gain=1.94702 3.34192 3.05722 2.85361 4.03933 3.09776 2.15009 3.10767 3.67654 2.16467 2.10691 2.80254 1.54209 1.43788
threshold=175.50000000000003 136.90625000000003 179.50000000000003 55.803847917665664 189.50000000000003 46.087156826026515 30.500000000000004 6.1644140029703172 -39.499999999999993 4.9916597106256351 1.5954480704561667 170.50000000000003 7.5000000000000009 156.62500000000003
decision_type=2 2 2 2 2 2 2 2 2 2 2 2 2 2
left_child=1 2 3 4 5 6 7 9 -9 10 12 -12 -1 -7
right_child=-2 -3 -4 -5 -6 13 -8 8 -10 -11 11 -13 -14 -15
leaf_value=0.024190422247306172 0.02371619740904192 -0.021415759539268268 0.022677344465373783 -0.021217993529828252 0.020701562010271266 0.028185888614783564 0.0079083461086435925 0.0099110844102238832 -0.036881050775877076 0.018494589017172547 -0.025822024890793389 0.013601586537629315 -0.010002176748464077 -0.0039482850992860396
leaf_weight=2.7675013365224066 3.0794471502304068 13.127745539881287 10.110254410654305 10.50001259089913 16.85916560725309 4.7591420061653462 11.336412237840703 3.1134618856012848 13.397746067494152 4.9125159711111328 12.335947852814568 2.58583317301236 2.0667345717083663 3.7237981362268329
leaf_count=115 13 166 57 395 286 221 169 70 593 99 864 25 214 31
internal_value=-2.11076e-05 -0.00166506 0.00187574 -0.00159151 0.00217598 -0.00412461 -0.00891657 -0.0139031 -0.0278048 -0.00148054 -0.00917973 -0.0172911 0.0119192 0.0178467
internal_weight=114.676 111.596 98.4685 88.3583 77.8583 60.9991 52.5162 41.1797 16.5112 24.6685 19.756 14.9218 4.83424 8.48294
internal_count=3318 3305 3139 3082 2687 2401 2149 1980 663 1317 1218 889 329 252
is_linear=0
shrinkage=0.05


Tree=101
num_leaves=15
num_cat=0
split_feature=0 12 30 15 31 15 5 15 15 30 29 25 9 16
split_gain=1.94502 2.40286 2.50445 2.63457 3.23877 2.36418 2.2909 2.11243 2.2765 1.94706 1.91175 1.44699 2.16118 1.36655
threshold=6.5000000000000009 123.50000000000001 177.50000000000003 7.7028133388613798 176.50000000000003 21.17191535974052 21.500000000000004 6.1644140029703172 8.3466560170334443 139.50000000000003 1.0000000180025095e-35 126.32291666666667 171.50000000000003 -1.4999999999999998
decision_type=2 2 2 2 2 2 2 2 2 2 2 2 2 2
left_child=-1 6 3 -3 5 11 -2 9 -9 13 -10 12 -5 -8
right_child=1 2 -4 4 -6 -7 7 8 10 -11 -12 -13 -14 -15
leaf_value=-0.022333653733659906 -0.017806999594515687 -0.023961836193023611 0.010566663134855306 -0.013849343354671332 -0.019704070516238723 -0.012500720211310476 0.036706514783544995 -0.017405483953254298 -0.0063109759410986113 -0.0064399042663384172 0.025844867775626751 0.029504941252128398 0.01924546760603988 0.0095102188137095867
leaf_weight=3.9808990519959471 2.4705571364611378 15.602522789267821 15.941584857180713 5.5268754665739923 9.5780821125954372 5.1458594650030127 9.7601525153731945 6.6722783929435563 5.8232914227992278 3.7284301123581818 4.7610488393111154 6.8615416300017378 4.3469881657510996 13.83800390653778
leaf_count=1022 322 312 96 166 70 104 220 143 170 122 86 72 33 380
internal_value=8.0139e-05 0.00182619 -0.00444681 -0.0100588 -0.000823031 0.0095695 0.00984587 0.0130194 -0.000862403 0.0205632 0.0118046 0.0176703 0.0022924 0.0252096
internal_weight=114.038 110.057 63.0035 47.0619 31.4593 21.8813 47.0538 44.5832 17.2566 27.3266 10.5843 16.7354 9.87386 23.5982
internal_count=3318 2296 853 757 445 375 1443 1121 399 722 256 271 199 600
is_linear=0
shrinkage=0.05


Tree=102
num_leaves=15
num_cat=0
split_feature=0 12 30 26 9 15 13 33 33 14 27 27 26 33
split_gain=1.87394 2.2218 2.32235 2.58302 5.03172 2.34072 2.24418 3.41046 1.93386 2.7876 2.08646 2.80042 2.44571 2.21765
threshold=6.5000000000000009 123.50000000000001 177.50000000000003 196.00000000000003 177.50000000000003 7.7028133388613798 162.87500000000003 179.50000000000003 22.500000000000004 22.500000000000004 34.550484276605552 26.531963585889169 177.50000000000003 170.50000000000003
decision_type=2 2 2 2 2 2 2 2 2 2 2 2 2 2
left_child=-1 8 3 4 5 -3 7 -7 -2 -10 11 -11 -12 -13
right_child=1 2 -4 -5 -6 6 -8 -9 9 10 12 13 -14 -15
leaf_value=-0.022056818894617716 -0.01230284888457921 -0.024530646474467944 0.010155336113520683 -0.029990238792299413 0.028778973746396815 -0.025742770481067712 0.020157858210878336 0.01016668344892668 -0.017006153982984908 0.027271138599662816 -0.0059032190990919615 0.0093352293588544258 0.033691447073259183 -0.019916371527715512
leaf_weight=3.8942757002077988 4.880403220653533 12.470886923256328 15.95994997397065 7.1309196879155925 5.0840038508176795 8.202135645435197 4.6360057806596151 9.2434226321056467 2.9163846707670009 3.8585513340076458 3.1662080450914827 8.5149780367501098 15.523038274841381 8.1534576714038831
leaf_count=1022 271 275 96 74 26 282 33 67 260 85 206 299 264 58
internal_value=5.50476e-05 0.00176668 -0.00428378 -0.00971624 -0.00311796 -0.010856 -2.99074e-05 -0.00868997 0.00947529 0.0130355 0.01694 0.00414381 0.0271534 -0.00626735
internal_weight=113.635 109.74 62.7273 46.7674 39.6365 34.5525 22.0816 17.4456 47.013 42.1326 39.2162 20.527 18.6892 16.6684
internal_count=3318 2296 853 757 683 657 382 349 1443 1172 912 442 470 357
is_linear=0
shrinkage=0.05


Tree=103
num_leaves=15
num_cat=0
split_feature=3 25 14 27 26 31 25 19 19 21 27 20 10 31
split_gain=1.82828 3.11698 2.86224 2.65053 3.55285 2.86686 2.31498 2.30091 2.35973 3.55294 2.23587 2.08445 1.48787 1.4443
threshold=175.50000000000003 136.90625000000003 179.50000000000003 55.803847917665664 189.50000000000003 55.000000000000007 23.125000000000004 20.886417218908953 24.429707449344871 147.89583333333334 35.550948679805224 -3.1666666666666665 151.50000000000003 172.50000000000003
decision_type=2 2 2 2 2 2 2 2 2 2 2 2 2 2
left_child=1 2 3 4 5 6 -1 10 -9 -10 11 -7 -6 -12
right_child=-2 -3 -4 -5 12 7 -8 8 9 -11 13 -13 -14 -15
leaf_value=-0.010852238095614978 0.023033232938496975 -0.020740913075443512 0.021994638961215989 -0.020640184994503444 0.026947174387879049 0.0027971028037484559 0.019927773178891876 0.021738677131194525 -0.024947778232124188 0.014521923087098376 -0.014568224110681802 -0.034620760085471013 -0.0019542153293206819 0.015885034995861188
leaf_weight=5.3426706804893938 3.05897432565689 12.988478682236744 10.057974465191363 10.223876847652717 11.457830989500509 3.7990172171266741 13.270455939113161 4.8266565635567558 7.7834553496213612 5.9157091500237584 1.959086880669928 13.058296064962638 5.2288909950293592 4.1426061168313026
leaf_count=356 13 166 57 395 222 275 358 144 205 69 340 590 64 64
internal_value=1.12984e-05 -0.00160175 0.00184985 -0.00154754 0.00210109 -0.00386596 0.0106656 -0.0108318 0.00226206 -0.00857802 -0.0199124 -0.0274773 0.0195282 0.00394977
internal_weight=113.114 110.055 97.0665 87.0086 76.7847 60.098 18.6131 41.4848 18.5258 13.6992 22.959 16.8573 16.6867 6.10169
internal_count=3318 3305 3139 3082 2687 2401 714 1687 418 274 1269 865 286 404
is_linear=0
shrinkage=0.05


Tree=104
num_leaves=15
num_cat=0
split_feature=18 8 14 24 24 28 21 28 24 14 34 31 26 27
split_gain=1.82161 3.36212 3.98669 2.94176 4.08068 2.85407 2.96354 2.76224 2.06162 3.73239 1.90151 2.24973 1.72517 1.69125
threshold=191.50000000000003 169.50000000000003 172.50000000000003 6.0833333333333348 7.5833333333333348 -0.77083333333333315 89.395833333333343 -3.7708333333333326 8.7500000000000018 170.50000000000003 0.048295454545454551 183.50000000000003 180.50000000000003 1.647216490449581
decision_type=2 2 2 2 2 2 2 2 2 2 2 2 2 2
left_child=1 3 -3 5 -5 7 13 -1 -6 12 -8 -12 -10 -7
right_child=-2 2 -4 4 8 6 10 -9 9 -11 11 -13 -14 -15
leaf_value=-0.014990713005221284 -0.018131605457628579 -0.0023619542226248338 0.032110214377054032 0.022733977676819964 -0.023692414159461737 -0.015971774752802811 0.0022726518473058775 0.021490404572507286 -0.002145386401944495 -0.015028117995912369 -0.040962892878789167 0.0028588524224808084 0.034002500004592859 0.016094362752189787
leaf_weight=4.6823358265683055 7.3908748105168334 15.068296720506625 12.275512300431727 15.197184507735072 6.1703478302806642 1.9746522658970231 3.5040133474394706 6.7710649884538707 4.3104677232913691 9.6577268717810494 13.221159705542957 2.7485536020249119 4.0760176037438214 5.4622929594479501
leaf_count=386 46 137 69 142 64 245 34 357 135 84 1280 21 33 285
internal_value=4.60511e-05 0.00208935 0.0156852 -0.00334931 0.00591881 -0.0124552 -0.0203044 0.00655304 -0.00671918 0.00296624 -0.0288028 -0.0345374 0.0215615 0.00458202
internal_weight=112.511 105.12 27.3438 77.7758 39.4117 38.3641 26.9107 11.4534 24.2146 18.0442 19.4737 15.9697 8.38649 7.43695
internal_count=3318 3272 206 3066 458 2608 1865 743 316 252 1335 1301 168 530
is_linear=0
shrinkage=0.05


Tree=105
num_leaves=15
num_cat=0
split_feature=0 21 21 30 16 4 27 20 3 7 0 8 31 19
split_gain=1.75587 2.17461 2.90088 2.71336 2.90809 3.40158 3.11344 2.48477 2.61572 3.45311 1.82499 1.65939 1.19844 1.05155
threshold=6.5000000000000009 156.95833333333334 149.87500000000003 124.50000000000001 33.500000000000007 176.50000000000003 28.455312765130397 -3.1666666666666665 167.50000000000003 21.500000000000004 11.500000000000002 167.50000000000003 23.500000000000004 1.5569978883431912
decision_type=2 2 2 2 2 2 2 2 2 2 2 2 2 2
left_child=-1 2 3 7 5 6 -5 12 9 13 -11 -4 -2 -9
right_child=1 -3 11 4 -6 -7 -8 8 -10 10 -12 -13 -14 -15
leaf_value=-0.021556412582971071 0.0082043501687608135 -0.013035598571489591 -0.00065408781979646273 0.0075476053690823235 0.0094453513444848133 0.01364231051481074 -0.032768703981506178 0.008692797209209728 -0.011567572041799271 0.032691667694661274 -0.0020558919639659867 0.027362368130325589 -0.022502541451220007 -0.021014063327583283
leaf_weight=3.7410268192179492 1.7350485451752309 15.860812422353773 7.129599385662007 4.0426342352293494 10.708464188501237 3.8107931762933722 17.027891641133465 1.3520435785176292 4.7108885794877997 17.854851967189465 3.8475446478696531 13.174538928084074 4.0744073666865006 2.7445719367824495
leaf_count=1022 54 144 154 77 83 22 571 71 37 169 371 104 271 168
internal_value=3.57518e-05 0.00170332 0.00477851 -0.000322847 -0.00948524 -0.0178498 -0.0250695 0.00871683 0.0143373 0.0201775 0.0272999 0.0193393 -0.0137787 -0.0118206
internal_weight=111.815 108.074 92.2133 71.9091 35.5898 24.8813 21.0705 36.3194 30.5099 25.799 21.7024 20.3041 5.80946 4.09662
internal_count=3318 2296 2152 1894 753 670 648 1141 816 779 540 258 325 239
is_linear=0
shrinkage=0.05


Tree=106
num_leaves=15
num_cat=0
split_feature=26 27 15 7 28 7 31 25 28 22 24 7 28 28
split_gain=1.78494 3.31632 2.82191 3.78648 2.94892 3.21285 4.20107 2.58585 2.26372 2.10494 2.50422 1.5587 1.38474 1.1944
threshold=175.50000000000003 26.531963585889169 21.360009363293909 175.50000000000003 -0.22916666666666666 155.50000000000003 163.50000000000003 23.125000000000004 -0.77083333333333315 179.50000000000003 6.7500000000000009 121.50000000000001 3.4791666666666674 5.9375000000000009
decision_type=2 2 2 2 2 2 2 2 2 2 2 2 2 2
left_child=1 7 3 4 8 6 13 -1 11 10 -10 -2 -3 -6
right_child=2 12 -4 -5 5 -7 -8 -9 9 -11 -12 -13 -14 -15
leaf_value=-0.011336566503918229 -0.0063424434650592434 -0.0322843519522878 -0.021035627134531075 -0.012077256413403147 -0.028712897661819094 0.030454504398556251 0.016727821144661023 0.025411917423147391 -0.015870975834008576 -0.027748943297775525 0.022103212197111609 0.02406224104241924 0.00058947434944429207 0.0059375071302149307
leaf_weight=5.3990161078982073 4.3651272602146509 8.5839805080322531 5.8452765520196399 17.834627747535706 4.7979925342369851 21.265922607621178 14.479546980001031 4.5599459327058867 3.826765430509111 6.0879670409485698 3.7136170589365065 5.1259888410568237 3.9607726987451306 1.361015737056732
leaf_count=357 198 963 107 133 674 231 104 157 138 62 25 68 93 8
internal_value=-7.27205e-06 -0.0112065 0.00328029 0.00609517 0.0115859 0.0188086 0.00320963 0.00835936 -0.00252187 -0.0136979 0.00418724 0.0127151 -0.024695 -0.0218263
internal_weight=111.208 22.5037 88.7038 82.8586 65.0239 41.9045 20.6386 9.95896 23.1195 13.6283 7.54038 9.49112 12.5448 6.15901
internal_count=3318 1570 1748 1641 1508 1017 786 514 491 225 163 266 1056 682
is_linear=0
shrinkage=0.05


Tree=107
num_leaves=15
num_cat=0
split_feature=3 25 14 24 20 8 8 5 28 31 10 0 5 25
split_gain=1.75269 2.81548 2.67111 2.41031 3.71099 3.35049 2.72382 3.17342 2.89622 2.53601 1.90944 3.11496 2.34089 1.44259
threshold=175.50000000000003 136.90625000000003 179.50000000000003 11.583333333333334 15.500000000000002 168.50000000000003 106.50000000000001 109.50000000000001 -0.97916666666666663 25.500000000000004 70.500000000000014 7.5000000000000009 21.500000000000004 79.625000000000014
decision_type=2 2 2 2 2 2 2 2 2 2 2 2 2 2
left_child=1 2 3 4 5 6 7 10 -8 -5 11 12 -1 -10
right_child=-2 -3 -4 9 -6 -7 8 -9 13 -11 -12 -13 -14 -15
leaf_value=-0.012909508415670807 0.022481264370679158 -0.019987695745295315 0.021194944408531022 0.0046586569278495018 0.024041326302832296 0.014479014607825469 0.011210286632459279 0.017644816831939362 0.0050852526481157999 -0.032027242091578464 -0.025631064896276409 -0.017714569847906921 0.028665150378112632 -0.035846758476351825
leaf_weight=1.5276962390635214 3.0402326583862296 12.734912111540323 9.9073480069637281 6.0239573696162534 10.637779554817824 15.166947639081625 2.3066488190088412 10.420280973543411 1.1672900710254897 6.6952118419576436 7.0036027274327344 6.6005467548966408 5.8762173106661066 11.610849472228436
leaf_count=157 13 166 57 82 104 139 59 143 46 120 377 724 258 873
internal_value=-7.58131e-05 -0.00168201 0.00165044 -0.00167718 0.00222718 -0.00305567 -0.00962376 -0.000372697 -0.0240069 -0.0182406 -0.0109837 0.00115764 0.0183409 -0.031729
internal_weight=110.72 107.679 94.9444 85.037 72.3179 61.6801 46.5131 31.4283 15.0848 12.7192 21.0081 14.0045 7.40391 12.7781
internal_count=3318 3305 3139 3082 2880 2776 2637 1659 978 202 1516 1139 415 919
is_linear=0
shrinkage=0.05


Tree=108
num_leaves=15
num_cat=0
split_feature=22 18 31 0 26 27 25 20 32 25 10 27 28 14
split_gain=1.70311 2.50528 4.03908 3.3403 2.51458 3.90113 2.19203 2.16569 2.48519 2.02322 1.68412 1.42425 1.30197 1.23049
threshold=196.00000000000003 175.50000000000003 176.50000000000003 14.500000000000002 178.50000000000003 26.531963585889169 23.812500000000004 -2.8333333333333326 115.50000000000001 131.70833333333334 157.50000000000003 34.636684170844909 2.8750000000000004 149.50000000000003
decision_type=2 2 2 2 2 2 2 2 2 2 2 2 2 2
left_child=1 3 10 4 5 6 -1 9 11 -6 -3 -9 -7 -10
right_child=-2 2 -4 -5 7 12 -8 8 13 -11 -12 -13 -14 -15
leaf_value=-0.0066854293949765112 -0.01870866850828037 0.030023178256700634 -0.0075418441506041219 -0.029591060812323034 -0.023646331016224181 -0.033888686780538212 0.028878535755004271 -0.00049438078515914841 -0.010057286357040706 0.01384650622609207 0.004325072429395972 0.038004426181252215 -0.0016973166619269346 0.011700982725508621
leaf_weight=6.4315674055833387 6.1131079157348713 14.886887728702279 17.04310854524374 6.1658372983802101 4.4078316226368797 7.8540104404091817 2.8608083360595629 2.8768914013635385 7.919100898900072 1.7420362201519308 12.250171336811034 6.4880656914319843 4.8869814737699926 8.1164440084248763
leaf_count=248 55 121 109 1066 236 603 94 126 115 68 141 190 99 47
internal_value=-6.56553e-05 0.00183933 0.0102771 -0.00471157 0.000432494 -0.0111641 0.0105359 0.0089504 0.0150079 -0.0115792 0.0209004 0.0301221 -0.0254995 0.00111926
internal_weight=110.043 103.93 44.1802 59.7496 53.5837 22.0334 9.29238 31.5504 25.4005 6.14987 27.1371 9.36496 12.741 16.0355
internal_count=3318 3263 371 2892 1826 1044 342 782 478 304 262 316 702 162
is_linear=0
shrinkage=0.05


Tree=109
num_leaves=15
num_cat=0
split_feature=31 22 9 11 0 1 18 24 13 20 23 12 5 10
split_gain=1.68526 2.29469 3.48774 2.24154 2.43404 2.00761 3.05019 2.40898 2.44056 3.07321 2.51411 2.56142 1.53157 2.29213
threshold=192.50000000000003 196.00000000000003 176.50000000000003 176.50000000000003 16.500000000000004 5.5000000000000009 26.500000000000004 11.250000000000002 162.87500000000003 16.833333333333339 13.073888189929056 166.50000000000003 109.50000000000001 70.500000000000014
decision_type=2 2 2 2 2 2 2 2 2 2 2 2 2 2
left_child=1 2 3 4 5 7 -7 8 9 10 12 -12 13 -1
right_child=-2 -3 -4 -5 -6 6 -8 -9 -10 -11 11 -13 -14 -15
leaf_value=0.010363398188595678 0.015965492951686529 -0.024537427920957321 0.018996895387134477 0.016942478047062112 -0.027515254243191956 -0.013898001472482378 0.030119374210424727 -0.025175997806754214 0.013351035315868599 0.01876405497495448 -0.034677519251832913 0.0049867305288289268 0.016796241111573639 -0.023150263347364346
leaf_weight=5.5790516114793736 9.4013555571436864 5.4251678788568816 14.904528396204112 6.3125355560332528 7.3372586196055627 2.7211975514655924 5.0788156541530043 8.5473437560722214 14.554109876975415 4.3324547351803622 11.262095975689588 3.915363961365073 4.2932988742832086 5.8440434250514954
leaf_count=322 58 51 83 54 975 190 123 164 96 45 1003 55 32 67
internal_value=-7.83444e-05 -0.00227288 0.000169649 -0.00426072 -0.00704614 -0.00300042 0.0153327 -0.00646906 -0.00125233 -0.00819541 -0.0140633 -0.0257451 0.000708857 -0.00861029
internal_weight=109.509 100.107 94.6821 79.7776 73.465 66.1278 7.80001 58.3278 49.7804 35.2263 30.8939 15.1775 15.7164 11.4231
internal_count=3318 3260 3209 3126 3072 2097 313 1784 1620 1524 1479 1058 421 389
is_linear=0
shrinkage=0.05


Tree=110
num_leaves=15
num_cat=0
split_feature=3 22 26 4 4 20 13 4 4 15 20 5 9 0
split_gain=1.67446 2.85936 2.80958 3.29938 2.74951 3.81679 3.19713 2.73603 2.71526 2.48163 2.41743 2.24402 1.99752 1.48313
threshold=174.50000000000003 196.00000000000003 193.50000000000003 176.50000000000003 169.50000000000003 16.833333333333339 164.62500000000003 152.50000000000003 149.50000000000003 6.1644140029703172 1.1666666666666667 21.500000000000004 164.50000000000003 7.5000000000000009
decision_type=2 2 2 2 2 2 2 2 2 2 2 2 2 2
left_child=1 2 3 4 5 6 7 8 9 11 -4 -1 -11 -13
right_child=-2 -3 10 -5 -6 -7 -8 -9 -10 12 -12 13 -14 -15
leaf_value=-0.0210964964484955 0.018081009563640511 -0.028099566276634028 0.027274225748810027 0.022609875649140434 -0.028148369072902291 0.018093290882853965 0.015949546878979006 -0.032805538456434934 0.022472254642665154 -0.032612384827855709 -0.0050328999183935639 0.01738762488965287 0.0019725796585897343 -0.0073757327162334713
leaf_weight=3.3323490916518521 6.4638584516942492 4.5762559599243096 10.635167685220951 5.7500233165919772 7.9583220216445616 12.403434053063391 6.8938914984464637 8.7198019032366556 2.6695861221523947 9.5093835663283226 7.0630851240130132 11.733641311060639 5.0996204705443224 5.9528407689649603
leaf_count=504 38 48 236 39 72 134 46 238 51 682 94 491 67 578
internal_value=-8.61742e-05 -0.00202318 0.000506295 -0.0036898 -0.00702352 -0.00269256 -0.00860456 -0.0133918 -0.00569366 -0.01031 0.0161125 0.00132172 -0.0231151 0.00926424
internal_weight=108.761 102.297 97.7211 80.0229 74.2729 66.3145 53.9111 47.0172 38.2974 35.6278 17.6983 21.0188 14.609 17.6865
internal_count=3318 3280 3232 2902 2863 2791 2657 2611 2373 2322 330 1573 749 1069
is_linear=0
shrinkage=0.05


Tree=111
num_leaves=15
num_cat=0
split_feature=7 18 31 0 26 27 25 13 12 17 17 15 28 23
split_gain=1.64283 2.95853 3.91738 3.1109 2.34247 3.61187 2.06494 1.99365 2.53989 2.35315 3.29063 1.4339 1.28652 0.721871
threshold=178.50000000000003 175.50000000000003 179.50000000000003 14.500000000000002 178.50000000000003 26.531963585889169 23.125000000000004 104.12500000000001 22.500000000000004 106.50000000000001 118.04166666666669 12.776765866921785 2.8750000000000004 1.5673294928681274
decision_type=2 2 2 2 2 2 2 2 2 2 2 2 2 2
left_child=1 3 11 4 5 6 13 8 -6 -9 -11 -3 -7 -1
right_child=-2 2 -4 -5 7 12 -8 9 -10 10 -12 -13 -14 -15
leaf_value=0.0060357198809379833 -0.013624600457838082 0.029194342522474277 -0.010689575426712042 -0.028818858529326443 0.016905136812191014 -0.033276512726454523 0.024729076370281308 0.033629300966914598 -0.021515164206569796 -0.017259050711493851 0.018357506679674777 0.0037724678956888311 -0.0013476039888197929 -0.017722108598674551
leaf_weight=2.2357054464519042 13.882701660506426 16.424001716542993 9.6033371109515411 5.8353791993577024 2.4619623245671409 7.508118989877401 4.4573665501084179 6.0894409471657154 6.1870885940734297 6.8826261643553179 9.3971367138437909 9.7377577347215247 4.8047702907351777 2.5492502017877996
leaf_count=84 108 128 59 1070 125 603 120 121 336 113 87 127 99 138
internal_value=-0.000112031 0.00246641 0.0128775 -0.00442132 0.000554296 -0.0107581 0.0100936 0.00881765 -0.00839227 0.0157894 0.00278258 0.0218555 -0.0248046 -0.00920964
internal_weight=108.057 94.1739 35.7651 58.4088 52.5735 21.5552 9.24232 31.0183 8.64905 22.3692 16.2798 26.1618 12.3129 4.78496
internal_count=3318 3210 314 2896 1826 1044 342 782 461 321 200 255 702 222
is_linear=0
shrinkage=0.05


Tree=112
num_leaves=15
num_cat=0
split_feature=21 21 20 24 24 15 20 3 19 24 5 5 22 19
split_gain=1.65247 3.05296 1.97849 1.81217 3.7883 2.41973 2.25028 1.95826 2.82515 1.67937 2.14059 2.35133 1.67521 3.19744
threshold=156.95833333333334 149.87500000000003 -4.1666666666666652 7.5833333333333348 6.7500000000000009 4.6547466812565315 20.166666666666668 142.50000000000003 12.630830486860711 1.0000000180025095e-35 21.500000000000004 25.500000000000004 186.50000000000003 31.955817035779052
decision_type=2 2 2 2 2 2 2 2 2 2 2 2 2 2
left_child=1 2 -1 4 7 -5 -7 8 9 10 -4 -12 13 -3
right_child=-2 12 3 5 -6 6 -8 -9 -10 -11 11 -13 -14 -15
leaf_value=-0.020694091989368713 -0.013042224087630037 -0.016150803626684852 -0.017840587348719926 0.012587449192140096 0.031001609433832095 -0.027132348111334356 0.0011190894709113834 -0.021273645729180623 0.021750108555536159 -0.02337006708862838 0.027094051478942095 -0.013770467929798814 0.03051042848998517 0.022217390103815821
leaf_weight=7.44325074518565 15.465709548676385 6.3519008656730893 2.5420826573390567 7.0777207086794105 7.5375363999046376 10.826022004475819 12.023683809442444 4.4856655868934459 8.739056784543207 4.5058054385008282 5.7122290564002469 1.5898509291000662 7.7539147161878637 5.4933441625908017
leaf_count=747 144 164 373 77 61 162 111 159 279 355 318 274 59 35
internal_value=-0.0001361 0.00259163 -0.00241756 0.00100204 0.00818955 -0.00739586 -0.0147343 -0.00184753 0.00504154 -0.00812478 0.00437459 0.0162161 0.0178429 0.00295587
internal_weight=107.548 92.0821 72.4829 65.0397 35.1122 29.9274 22.8497 27.5747 23.089 14.35 9.84416 7.30208 19.5992 11.8452
internal_count=3318 3174 2916 2169 1819 350 273 1758 1599 1320 965 592 258 199
is_linear=0
shrinkage=0.05


Tree=113
num_leaves=15
num_cat=0
split_feature=3 22 26 4 4 20 13 4 4 15 20 5 9 29
split_gain=1.58449 2.67464 2.60283 3.06896 2.54382 3.49816 2.91232 2.57367 2.55126 2.2828 2.1962 2.04651 1.85182 1.3669
threshold=174.50000000000003 196.00000000000003 193.50000000000003 176.50000000000003 169.50000000000003 16.833333333333339 164.62500000000003 152.50000000000003 149.50000000000003 6.1644140029703172 1.1666666666666667 21.500000000000004 164.50000000000003 -1.4999999999999998
decision_type=2 2 2 2 2 2 2 2 2 2 2 2 2 2
left_child=1 2 3 4 5 6 7 8 9 11 13 -1 -11 -4
right_child=-2 -3 10 -5 -6 -7 -8 -9 -10 12 -12 -13 -14 -15
leaf_value=-0.020451473942719074 0.01753715972880162 -0.027466961468703834 0.00016504682224917922 0.021800364348830724 -0.0273536461603286 0.017164073892296756 0.015089121193039293 -0.032140684442286425 0.021799345174443378 -0.03178823045289448 -0.0047669108649537354 0.008774157226375116 0.0018244735617383582 0.034711960833440747
leaf_weight=3.1759747425094274 6.4356978647410861 4.4319669585674992 3.8600724937859932 5.6643829373642793 7.8028219703119239 12.417624209076164 6.8131301142275325 8.4027466110419464 2.6398707405896848 9.1694672447629255 6.9962913399795061 17.498627006774768 5.036487228004261 6.6479291124269375
leaf_count=504 38 48 123 39 72 134 46 238 51 682 94 1069 67 113
internal_value=-0.000147974 -0.00205691 0.000414789 -0.00366718 -0.0069159 -0.00269318 -0.0084504 -0.0130814 -0.00553548 -0.010078 0.0154904 0.00117609 -0.0224988 0.0261662
internal_weight=106.993 100.557 96.1254 78.6211 72.9567 65.1539 52.7363 45.9232 37.5204 34.8806 17.5043 20.6746 14.206 10.508
internal_count=3318 3280 3232 2902 2863 2791 2657 2611 2373 2322 330 1573 749 236
is_linear=0
shrinkage=0.05


Tree=114
num_leaves=15
num_cat=0
split_feature=7 9 11 23 13 8 5 27 25 19 5 29 33 7
split_gain=1.55831 3.3035 1.75158 2.32929 3.22375 2.86155 3.82234 2.30445 2.52985 2.29294 2.59791 2.24822 1.95513 1.22282
threshold=175.50000000000003 176.50000000000003 176.50000000000003 24.697810253660457 106.62500000000001 106.50000000000001 153.50000000000003 10.836094452447513 23.125000000000004 12.421724539737948 165.50000000000003 8.5000000000000018 185.50000000000003 104.50000000000001
decision_type=2 2 2 2 2 2 2 2 2 2 2 2 2 2
left_child=1 2 3 4 7 -6 12 8 -1 10 -5 -11 -7 -9
right_child=-2 -3 -4 9 5 6 -8 13 -10 11 -12 -13 -14 -15
leaf_value=-0.011138282522943381 -0.012070305209479718 0.025012640084299639 0.016255964477136713 -0.013903827147790794 0.028179982386424343 -0.031194585186428536 0.021919195408046446 -0.028056354886592996 0.027156773845733069 -0.026769806425342227 0.027716249723057931 0.0045806300764874878 0.0075195013528508853 0.0027950913280383274
leaf_weight=5.1886847369605693 17.190206792205572 9.0707166492938978 7.5002795774489632 3.0665767941391122 11.546786708408037 4.9516746980370936 4.337183864787221 8.3083018721081299 2.9388621980324388 18.21715400158428 2.6190219260752201 5.8567549757426596 2.4524592161178589 3.1264675367856389
leaf_count=357 133 53 60 216 146 469 99 891 40 443 16 136 14 245
internal_value=-0.000156889 0.00265839 -0.00119347 -0.00392708 0.0035108 0.0147253 -0.00297086 -0.0101195 0.00777826 -0.0136013 0.00926616 -0.0196667 -0.0205093 -0.021337
internal_weight=106.371 89.1809 80.1102 72.6099 42.8504 23.2881 11.7413 19.5623 8.12755 29.7595 5.6856 24.0739 7.40413 11.4348
internal_count=3318 3185 3132 3072 2261 728 582 1533 397 811 232 579 483 1136
is_linear=0
shrinkage=0.05


Tree=115
num_leaves=15
num_cat=0
split_feature=21 21 20 24 24 15 15 21 17 31 27 31 22 19
split_gain=1.55766 2.87193 1.81719 1.73597 3.48356 2.8363 2.19856 1.87253 4.40543 3.64751 1.71639 1.59336 1.49125 2.96631
threshold=156.95833333333334 149.87500000000003 -4.1666666666666652 7.5833333333333348 6.7500000000000009 4.6457866215893606 9.3452305125844379 92.687500000000014 22.875000000000004 183.50000000000003 32.846809186605746 23.500000000000004 186.50000000000003 31.955817035779052
decision_type=2 2 2 2 2 2 2 2 2 2 2 2 2 2
left_child=1 2 11 4 7 -5 -7 8 -4 -9 -8 -1 13 -3
right_child=-2 12 3 5 -6 6 10 9 -10 -11 -12 -13 -14 -15
leaf_value=0.008043324813095316 -0.01266381455388545 -0.015539352592773607 -0.013550920691099972 0.014864714716099684 0.029996830683207056 -0.02981691825417139 0.012170528474734842 -0.028212985315701357 0.029515377640538583 0.013967902840726857 -0.014224019897793172 -0.028319710267025806 0.029526422331773119 0.021626034244924607
leaf_weight=1.6833530082367349 15.240277350414543 6.1810456850798818 7.6150428920518625 6.5217593151610371 7.4489947110414496 8.3104232253972459 7.3374663493596 8.0212794189574179 6.8900421789148822 4.5587995611131182 7.3374628548044711 5.5094133943784982 7.6086603002622715 5.4286580588668585
leaf_count=81 144 164 776 72 61 117 91 630 323 29 70 666 59 35
internal_value=-6.76203e-05 0.00260689 -0.0022987 0.000994018 0.00808342 -0.00727221 -0.0150868 -0.00167863 0.00922804 -0.0133021 -0.00128767 -0.020001 0.0175104 0.00311771
internal_weight=105.693 90.4524 71.234 64.0413 34.5342 29.5071 22.9854 27.0852 14.5051 12.5801 14.6749 7.19277 19.2184 11.6097
internal_count=3318 3174 2916 2169 1819 350 278 1758 1099 659 161 747 258 199
is_linear=0
shrinkage=0.05


Tree=116
num_leaves=15
num_cat=0
split_feature=3 22 26 0 27 20 27 1 25 30 8 27 32 27
split_gain=1.49108 2.53682 2.37662 2.85708 3.13551 2.45176 2.25198 2.46309 2.48942 1.96793 1.93948 1.53116 1.46493 1.34023
threshold=174.50000000000003 196.00000000000003 192.50000000000003 14.500000000000002 36.532603799220226 -2.4999999999999996 27.571436322345932 2.5000000000000004 127.15104166666667 24.500000000000004 176.50000000000003 55.545866830629414 26.500000000000004 34.23396506251877
decision_type=2 2 2 2 2 2 2 2 2 2 2 2 2 2
left_child=1 2 3 4 6 -4 9 8 -8 -1 -5 -6 -9 -7
right_child=-2 -3 5 10 11 13 7 12 -10 -11 -12 -13 -14 -15
leaf_value=-0.011478429034421304 0.017120034515256774 -0.026852836194217619 0.026130044364114369 -0.032159616446899006 0.021973287407975932 0.010202708291674389 0.014046262478899963 0.0029057058618505325 -0.014944743523687227 0.020596050212073794 0.005693842559390077 -0.0064909049585868631 -0.032615537007545319 -0.01467116968267859
leaf_weight=3.6766780160833132 6.4198472276329985 4.287195769371464 10.677534795249814 7.5231044357642514 14.193322876933964 5.9262452130205912 9.8314236390870082 2.6510503571480504 9.793070800486019 7.6249546833569184 2.8275592932477593 3.7443452626466742 9.9152682333951798 5.9468228067271411
leaf_count=213 38 48 218 1050 356 67 166 161 129 215 26 154 356 121
internal_value=-2.81587e-05 -0.00191671 0.000511226 -0.00403419 0.0007289 0.0130861 -0.00652804 -0.0128255 -0.000517882 0.00984132 -0.0233325 0.0159119 -0.0264277 -0.00291147
internal_weight=105.038 98.6186 94.3314 71.7808 61.4301 22.5506 43.4924 32.1908 19.6245 11.3016 10.3507 17.9377 12.5663 11.8731
internal_count=3318 3280 3232 2826 1750 406 1240 812 295 428 1076 510 517 188
is_linear=0
shrinkage=0.05


Tree=117
num_leaves=15
num_cat=0
split_feature=0 12 30 15 31 15 33 13 25 6 5 25 9 27
split_gain=1.48135 2.04408 2.1641 2.29037 2.60353 1.97127 1.53237 2.07086 1.64609 2.17154 2.16708 1.0799 1.64696 1.05753
threshold=6.5000000000000009 123.50000000000001 177.50000000000003 7.7028133388613798 176.50000000000003 21.17191535974052 22.500000000000004 22.125000000000004 108.50000000000001 112.50000000000001 166.50000000000003 126.32291666666667 171.50000000000003 31.335729774911769
decision_type=2 2 2 2 2 2 2 2 2 2 2 2 2 2
left_child=-1 6 3 -3 5 11 -2 -8 -9 -10 13 12 -5 -11
right_child=1 2 -4 4 -6 -7 7 8 9 10 -12 -13 -14 -15
leaf_value=-0.020310968656972378 -0.010825044363248293 -0.023402916684351713 0.0097646379057641074 -0.01243227582330296 -0.018311141684039595 -0.011707924496138491 -0.013703769426447791 0.027638606190456907 -0.013473144358062256 -0.00072692868278873002 -0.0089818494007233626 0.026770072971726705 0.017153711158764011 0.029066203938942065
leaf_weight=3.3816942647099486 4.4333399577299124 14.103321332600897 15.037333264946936 4.9578356863930875 8.7246109712868911 4.7859099028864867 2.9319325282704076 12.958314489456823 6.0412852165754911 3.4973594631301266 4.5791418231092385 6.3803504334064192 3.9869321975857019 8.7423108735820261
leaf_count=1022 271 312 96 166 70 104 287 388 189 138 32 72 33 138
internal_value=-7.79546e-05 0.00152318 -0.00448246 -0.00996989 -0.000912425 0.00877864 0.00921452 0.0124823 0.0160419 0.00568773 0.0140806 0.0164827 0.00217721 0.0228113
internal_weight=104.542 101.16 57.9763 42.939 28.8356 20.111 43.1837 38.7503 35.8184 22.8601 16.8188 15.3251 8.94477 12.2397
internal_count=3318 2296 853 757 445 375 1443 1172 885 497 308 271 199 276
is_linear=0
shrinkage=0.05


Tree=118
num_leaves=15
num_cat=0
split_feature=21 21 20 24 24 15 20 19 0 10 31 30 13 22
split_gain=1.45483 2.73604 1.72207 1.64904 3.26957 2.59672 2.20799 1.76704 1.72591 2.2558 1.49122 1.41482 1.40013 1.32411
threshold=156.95833333333334 149.87500000000003 -4.1666666666666652 7.5833333333333348 6.7500000000000009 4.6457866215893606 20.166666666666668 20.886417218908953 7.5000000000000009 70.500000000000014 23.500000000000004 179.50000000000003 21.875000000000004 186.50000000000003
decision_type=2 2 2 2 2 2 2 2 2 2 2 2 2 2
left_child=1 2 10 4 7 -5 -7 8 9 12 -1 -10 -4 -3
right_child=-2 13 3 5 -6 6 -8 -9 11 -11 -12 -13 -14 -15
leaf_value=0.0076081051556844484 -0.012361163187507795 0.0032743642504748267 -0.0079864745572816066 0.014061862226995434 0.029146053411987768 -0.026902732381001555 0.0011723178135908733 0.016835022492400681 -0.02634689862399596 -0.014695197992647202 -0.027824690592532616 0.004899254646087179 0.026546168203157042 0.02853635354875287
leaf_weight=1.6862476639216755 15.027314005652441 11.445226773736069 1.4896242199465684 6.4828569169621941 7.3530636811628929 10.868545956793243 11.820043745683504 4.7257551293587303 7.9213769389316422 4.1970949827227741 5.3370635602623224 3.1338294092565775 5.1862452073255554 7.4540110453963271
leaf_count=81 144 199 131 72 61 167 111 162 869 338 666 36 222 59
internal_value=-0.000129978 0.00248007 -0.00233855 0.000893139 0.00786042 -0.00719075 -0.014706 -0.001688 -0.00806461 0.00525569 -0.0196914 -0.0187222 0.0187204 0.0171235
internal_weight=104.128 89.101 70.2017 63.1784 34.007 29.1714 22.6886 26.6539 21.9282 10.873 7.02331 11.0552 6.67587 18.8992
internal_count=3318 3174 2916 2169 1819 350 278 1758 1596 691 747 905 353 258
is_linear=0
shrinkage=0.05


Tree=119
num_leaves=15
num_cat=0
split_feature=7 18 0 8 26 27 25 20 32 22 28 27 28 19
split_gain=1.45856 3.03428 2.6544 2.27717 2.21004 3.16041 1.88291 1.72033 2.09999 1.80451 1.16132 1.07803 1.04999 0.811027
threshold=175.50000000000003 175.50000000000003 14.500000000000002 156.50000000000003 178.50000000000003 26.531963585889169 23.812500000000004 -2.8333333333333326 115.50000000000001 184.50000000000003 -0.10416666666666664 34.636684170844909 3.4791666666666674 1.5508919199760427
decision_type=2 2 2 2 2 2 2 2 2 2 2 2 2 2
left_child=1 2 4 -3 5 6 13 9 11 -6 -5 -9 -7 -1
right_child=-2 3 -4 10 7 12 -8 8 -10 -11 -12 -13 -14 -15
leaf_value=0.0075181619381543248 -0.011713829621921279 -0.005315659253041928 -0.027454293454795997 0.0034241386165892078 -0.02202379341076895 -0.031247578894818769 0.02599207431958719 -0.00019163940978229885 0.00086654135451238274 0.013906359699898488 0.028261412333329197 0.034872646485673217 -0.00069569517927507284 -0.015793607927470147
leaf_weight=2.6395361409522611 16.793478194624186 8.9615923871751892 5.2992105142911887 8.3073566071689164 4.0807785575743791 7.6736026986618509 2.8363630344392732 2.6569488486275095 15.1602719273651 1.4745493738446382 13.972717511933293 6.2138895908137783 3.912501888233237 3.5656227620784193
leaf_count=90 133 86 1070 67 293 632 94 126 162 11 136 190 70 158
internal_value=-9.00463e-05 0.00267572 -0.00433023 0.0140045 0.00037529 -0.0107846 0.00896174 0.0085902 0.0140215 -0.0104171 0.0213255 0.028087 -0.0242504 -0.00694741
internal_weight=103.548 86.7549 55.5133 31.2417 50.2141 20.6276 9.04152 29.5864 24.0311 5.55533 22.2801 8.87084 11.5861 6.20516
internal_count=3318 3185 2896 289 1826 1044 342 782 478 304 203 316 702 248
is_linear=0
shrinkage=0.05


Tree=120
num_leaves=15
num_cat=0
split_feature=34 25 14 24 20 8 31 8 5 28 33 10 0 0
split_gain=1.42978 2.46188 2.35106 2.16189 2.69829 2.3227 2.15266 2.13728 2.49557 2.2805 1.75449 1.46642 2.32239 1.85133
threshold=1.0000000180025095e-35 136.90625000000003 179.50000000000003 11.583333333333334 15.500000000000002 168.50000000000003 25.500000000000004 106.50000000000001 109.50000000000001 -0.97916666666666663 170.50000000000003 70.500000000000014 7.5000000000000009 6.5000000000000009
decision_type=2 2 2 2 2 2 2 2 2 2 2 2 2 2
left_child=-1 2 3 4 5 7 -5 8 11 -9 -3 12 13 -2
right_child=1 10 -4 6 -6 -7 -8 9 -10 -11 -12 -13 -14 -15
leaf_value=0.020347089113393446 -0.011564284813873222 -0.030380028432597728 0.020172955236440797 0.0039152964483159481 0.020856159708211069 0.012303026286126098 -0.030631627890603186 0.010085632214364102 0.016259950564492354 -0.029077448710210826 0.002112465081516998 -0.023124731140372022 -0.015706746305740347 0.025656733273244359
leaf_weight=2.9603168964385977 1.4927913394058174 6.402034260099752 9.4848268739879114 5.8687046039849502 10.370824136305599 14.151658430695532 6.1835829707561061 2.1039295449154443 9.7358388197608274 11.142642112914471 5.5773715674877167 6.1907036405173121 5.9634660976007581 5.4610448996536434
leaf_count=13 360 131 57 82 104 139 120 59 143 919 35 377 724 55
internal_value=-8.79089e-05 -0.00163105 0.00163799 -0.00166883 0.00223973 -0.00261556 -0.017594 -0.00840523 5.71261e-05 -0.021798 -0.0190849 -0.00985858 0.00117827 0.0161715
internal_weight=103.09 100.129 88.15 78.6652 66.6129 56.2421 12.0523 42.0904 28.8438 13.2466 11.9794 19.108 12.9173 6.95384
internal_count=3318 3305 3139 3082 2880 2776 202 2637 1659 978 166 1516 1139 415
is_linear=0
shrinkage=0.05


Tree=121
num_leaves=15
num_cat=0
split_feature=7 18 31 0 26 27 25 20 25 22 33 3 21 28
split_gain=1.39498 2.41083 3.22538 2.52089 2.10926 2.94991 1.81049 1.59101 1.96695 1.74184 1.66368 1.36291 2.08065 1.02156
threshold=178.50000000000003 175.50000000000003 179.50000000000003 14.500000000000002 178.50000000000003 26.531963585889169 23.812500000000004 -2.8333333333333326 129.03645833333334 184.50000000000003 180.50000000000003 170.50000000000003 153.27083333333334 2.8750000000000004
decision_type=2 2 2 2 2 2 2 2 2 2 2 2 2 2
left_child=1 3 11 4 5 6 -1 9 10 -6 -9 12 -3 -7
right_child=-2 2 -4 -5 7 13 -8 8 -10 -11 -12 -13 -14 -15
leaf_value=-0.0070062726393580249 -0.012751855845047483 0.021240824780031177 -0.0098706289557759057 -0.026909261383196416 -0.021530391804191942 -0.031558864339156105 0.025262718275111506 0.031215625988863904 -0.0031157483226312344 0.013796849700500277 -0.0018574290472295495 0.032541533268081305 -0.0073262976198247001 -0.0017238025872592139
leaf_weight=6.1581538445316273 13.260038826614617 7.7323757475242081 9.2304454129189235 5.089483203017152 3.9689909490989548 6.7208692373824288 2.8459933560807258 9.703375141834842 9.7326171393506211 1.4669890834484247 4.4061636207625261 8.5232869535684568 9.0110537088476104 4.6043917508795857
leaf_count=248 108 90 59 1070 293 603 94 272 171 11 35 53 112 99
internal_value=-0.000108403 0.00234835 0.0118338 -0.00412418 0.000463297 -0.0105182 0.00857132 0.00851035 0.0137161 -0.0099542 0.0231038 0.0200836 0.00771714 -0.0236721
internal_weight=102.454 89.1942 34.4972 54.697 49.6075 20.3294 9.00415 29.2781 23.8422 5.43598 14.1095 25.2667 16.7434 11.3253
internal_count=3318 3210 314 2896 1826 1044 342 782 478 304 307 255 202 702
is_linear=0
shrinkage=0.05


Tree=122
num_leaves=15
num_cat=0
split_feature=0 12 30 15 31 15 30 26 17 28 31 5 29 25
split_gain=1.38861 1.8371 1.9805 2.09449 2.32718 1.8201 1.48425 2.27627 2.94341 2.3732 2.09158 1.96103 0.995872 0.970333
threshold=6.5000000000000009 123.50000000000001 177.50000000000003 7.7028133388613798 176.50000000000003 21.17191535974052 124.50000000000001 184.50000000000003 87.541666666666671 3.4791666666666674 176.50000000000003 21.500000000000004 -4.4999999999999991 126.32291666666667
decision_type=2 2 2 2 2 2 2 2 2 2 2 2 2 2
left_child=-1 6 3 12 5 13 7 8 11 -10 -8 -2 -3 -5
right_child=1 2 -4 4 -6 -7 10 -9 9 -11 -12 -13 -14 -15
leaf_value=-0.019841034048196357 -0.01089763702162126 -0.0012565499513448629 0.0093985855242495718 0.0020742908764302789 -0.017447186221504304 -0.011359337144508133 0.01402394204685095 0.030398673484543531 -0.022625848504092508 0.011146105453941475 -0.016698146393976106 0.02900969610731334 -0.029309571645614808 0.02563299928532884
leaf_weight=3.2524302371311924 1.2528024413622976 4.6888576558558261 14.825230292975901 8.7206868610228465 8.4871610905975086 4.6997731329174703 4.948408068274146 8.5403527588350681 8.1157905969303084 4.7231631763279429 7.888233982026577 6.624119047774002 8.9896197611233202 6.2653839343693098
leaf_count=1022 203 78 96 199 70 104 297 163 268 88 118 306 234 72
internal_value=-0.000105359 0.00146923 -0.00428273 -0.00961494 -0.000852191 0.00838713 0.00884648 0.0143711 0.00313779 -0.0105601 -0.00424372 0.0208956 -0.0226038 0.0158724
internal_weight=102.022 98.7696 56.6767 41.8515 28.173 19.6858 42.0929 29.2562 20.7159 12.839 12.8366 7.87692 13.6785 14.9861
internal_count=3318 2296 853 757 445 375 1443 1028 865 356 415 509 312 271
is_linear=0
shrinkage=0.05


Tree=123
num_leaves=15
num_cat=0
split_feature=29 4 4 13 6 7 7 0 21 6 17 27 32 32
split_gain=1.35656 2.47125 2.94961 3.74216 2.18186 1.81238 1.9282 2.10501 1.67733 2.24668 1.74883 1.35082 2.73686 1.33139
threshold=-12.499999999999998 176.50000000000003 169.50000000000003 164.62500000000003 142.50000000000003 21.500000000000004 174.50000000000003 6.5000000000000009 93.937500000000014 104.50000000000001 22.875000000000004 34.636684170844909 163.50000000000003 159.50000000000003
decision_type=2 2 2 2 2 2 2 2 2 2 2 2 2 2
left_child=13 2 3 4 5 -2 7 -7 10 -10 -9 12 -11 -1
right_child=1 -3 -4 -5 -6 6 -8 8 9 11 -12 -13 -14 -15
leaf_value=0.0034802297690946769 -0.017330918102654077 0.022522879665891754 -0.021117960478405858 0.023272933628528277 -0.019215379150100936 -0.017233135010990802 -0.01893574995692025 -0.0041522241002111583 -0.016013468729515236 -0.014939066960977089 0.033105459741405496 0.022332607543057829 0.017344576815910007 -0.026749187678078674
leaf_weight=4.5111326266778615 5.3204431007616213 7.6759448982775202 10.344411894679068 12.544272560626267 10.47232916759094 2.6037150929914779 2.4384789830073705 2.7975021087331688 5.6506228214711909 8.5655351834138909 8.2741610590601322 8.9350925491889921 7.7317330323858178 3.7326956004835665
leaf_count=236 508 52 81 82 288 794 29 205 217 279 248 198 69 32
internal_value=-0.000120953 0.00190737 -0.00107965 0.00281503 -0.00268721 0.00200885 0.00565428 0.00877466 0.0120519 0.00442615 0.0253284 0.0108949 0.000853165 -0.0151385
internal_weight=101.598 93.3542 85.6783 75.3339 62.7896 52.3173 46.9968 44.5584 41.9546 30.883 11.0717 25.2324 16.2973 8.24383
internal_count=3318 3050 2998 2917 2835 2547 2039 2010 1216 763 453 546 348 268
is_linear=0
shrinkage=0.05


Tree=124
num_leaves=15
num_cat=0
split_feature=3 25 14 24 20 8 31 8 5 28 33 25 10 0
split_gain=1.32967 2.23228 2.16299 2.04322 2.36189 2.13973 2.02306 1.94608 2.31477 2.15944 1.64665 1.35071 1.26219 2.13467
threshold=175.50000000000003 136.90625000000003 179.50000000000003 11.583333333333334 15.500000000000002 168.50000000000003 25.500000000000004 106.50000000000001 109.50000000000001 -0.97916666666666663 170.50000000000003 79.625000000000014 70.500000000000014 7.5000000000000009
decision_type=2 2 2 2 2 2 2 2 2 2 2 2 2 2
left_child=1 2 3 4 5 7 -5 8 12 -9 -3 -11 13 -1
right_child=-2 10 -4 6 -6 -7 -8 9 -10 11 -12 -13 -14 -15
leaf_value=0.015367691071827375 0.019565437406783723 -0.029485933498962797 0.019299380328892283 0.0036676979817307945 0.019548042583184072 0.011833705499992631 -0.030052321953622126 0.0098927440843040188 0.015658211321227935 0.005842899811037504 0.0021275204015656856 -0.032842411618474447 -0.022106037700319145 -0.015362566519116286
leaf_weight=6.7731612195493707 2.9129610955715171 6.2214813824975845 9.3551181219518167 5.8270442849025113 10.269790415302849 13.997113978257401 6.0321345627307892 2.0776612099725744 9.5926825089845789 1.072419469244777 5.5139317587018013 9.6569043039344233 5.9555796362110405 5.8770829627756029
leaf_count=415 13 131 57 82 104 139 120 59 143 46 35 873 377 724
internal_value=-0.000196964 -0.0017024 0.00145138 -0.00175649 0.00209994 -0.00251533 -0.0173099 -0.00816713 4.13404e-06 -0.021108 -0.0184344 -0.0283475 -0.0096738 0.000783354
internal_weight=101.135 98.2221 86.4867 77.1316 65.2724 55.0026 11.8592 41.0055 28.1985 12.807 11.7354 10.7293 18.6058 12.6502
internal_count=3318 3305 3139 3082 2880 2776 202 2637 1659 978 166 919 1516 1139
is_linear=0
shrinkage=0.05


Tree=125
num_leaves=15
num_cat=0
split_feature=7 9 29 29 29 20 33 12 18 20 20 23 31 21
split_gain=1.32715 2.72894 1.43334 1.77162 1.5506 2.99783 2.10094 2.57596 1.67886 1.4227 2.32451 1.51591 1.20314 1.01191
threshold=175.50000000000003 176.50000000000003 13.500000000000002 26.500000000000004 -6.4999999999999991 -1.4999999999999998 195.50000000000003 24.500000000000004 26.500000000000004 16.833333333333339 -1.8333333333333333 12.444587322333346 166.50000000000003 101.18750000000001
decision_type=2 2 2 2 2 2 2 2 2 2 2 2 2 2
left_child=1 2 4 -4 5 -1 7 8 -6 10 12 13 -9 -12
right_child=-2 -3 3 -5 6 -7 -8 9 -10 -11 11 -13 -14 -15
leaf_value=-0.013482919282250811 -0.011388787140733464 0.023003387094416839 0.024738747874042125 -0.0073176328196078097 -0.012772458339732321 0.021941389518172098 0.015028762978034444 -0.014307006628281349 0.017475450616571003 0.00077897827216821109 -0.014184009122662534 -0.037545730784398573 0.011935421054013597 0.011134620280627085
leaf_weight=5.9339034937438546 16.377731503918767 8.7229786813259107 5.5505710717989114 4.254309760639444 2.865174721926449 9.2470804214244691 4.2811131654307237 2.6424314196337866 7.5276204345282167 8.1685214701574278 4.9144361993530898 12.865717515116556 5.2205068722832948 1.9890582058578727
leaf_count=353 133 53 121 75 490 143 28 454 424 102 275 590 57 20
internal_value=-0.000208932 0.00248265 -0.00117155 0.0130557 -0.00406977 0.00818492 -0.00816107 -0.0115682 0.00769634 -0.0174184 -0.022093 -0.0296169 0.000983114 -0.00527626
internal_weight=100.561 84.1834 75.4604 9.80488 65.6556 15.181 50.4746 46.1935 10.3928 35.8007 27.6322 19.7692 7.86294 6.90349
internal_count=3318 3185 3132 196 2936 496 2440 2412 914 1498 1396 885 511 295
is_linear=0
shrinkage=0.05


Tree=126
num_leaves=15
num_cat=0
split_feature=3 25 14 27 26 27 33 23 16 15 16 15 19 8
split_gain=1.30382 2.11043 1.98948 2.00506 2.10879 2.12267 1.56257 1.5245 1.43933 2.16661 2.876 1.36679 1.48345 1.92681
threshold=175.50000000000003 136.90625000000003 179.50000000000003 55.803847917665664 189.50000000000003 46.087156826026515 170.50000000000003 27.966896672123735 30.500000000000004 6.1644140029703172 -39.499999999999993 4.9916597106256351 1.5642792899726887 170.50000000000003
decision_type=2 2 2 2 2 2 2 2 2 2 2 2 2 2
left_child=1 2 3 4 5 8 -3 -6 9 11 -11 12 -1 -14
right_child=-2 6 -4 -5 7 -7 -8 -9 -10 10 -12 -13 13 -15
leaf_value=0.010934811761969428 0.01940324543187397 -0.028860101479852227 0.018533616871233692 -0.019091946968630556 0.023380377668334503 0.015067715983894973 0.002059784634185297 -0.0055988654265086302 0.0063950361533448132 0.0098158844476378491 -0.033486741499779968 0.015481947821036604 -0.02237070240278926 0.011358667521120566
leaf_weight=3.9565600608475568 2.9058281481266013 6.0983929978683573 9.3247113488614541 8.7948050051345472 10.423780019278636 8.0971774751087633 5.4809285178780556 4.1135505086276671 10.541474693687631 2.5709876889595753 10.812865381885784 4.0849542942596591 10.530596938799134 2.3392839641310266
leaf_count=280 13 131 57 395 238 252 35 48 169 70 593 99 913 25
internal_value=-0.000167057 -0.00167321 0.0014103 -0.00169479 0.00173367 -0.00317512 -0.0180172 0.015846 -0.00765082 -0.0122325 -0.0247612 -0.00098315 -0.0076113 -0.0147771
internal_weight=100.076 97.1701 85.5907 76.266 67.4712 52.9339 11.5793 14.5373 44.8367 34.2952 13.3839 20.9114 16.8264 12.8699
internal_count=3318 3305 3139 3082 2687 2401 166 286 2149 1980 663 1317 1218 938
is_linear=0
shrinkage=0.05


Tree=127
num_leaves=15
num_cat=0
split_feature=15 15 10 8 0 11 0 24 12 6 21 13 20 15
split_gain=1.31287 2.14703 2.34571 2.72436 1.89999 1.42609 1.42182 1.5741 1.19554 1.82199 2.99643 1.66225 1.02432 0.710904
threshold=21.360009363293909 18.430047929038853 169.50000000000003 177.50000000000003 15.500000000000002 176.50000000000003 6.5000000000000009 10.583333333333334 149.50000000000003 112.50000000000001 89.395833333333343 21.875000000000004 3.1666666666666674 26.285293733696083
decision_type=2 2 2 2 2 2 2 2 2 2 2 2 2 2
left_child=1 2 3 4 6 -6 -1 8 9 10 11 -8 -10 -2
right_child=13 -3 -4 -5 5 -7 7 -9 12 -11 -12 -13 -14 -15
leaf_value=-0.018616392046009334 -0.022130097635078887 0.019471456275567178 -0.020384383693983162 0.021115556692062748 -0.027929577798885032 0.0094529582040385595 -0.010609012149324819 -0.011399744033743105 -0.013042765992458578 0.022441703718930103 -0.02102747145005876 0.022888460099709792 0.0076139031681691661 0.0011638882094981661
leaf_weight=2.9367286206688723 4.5444841687567514 9.8375564243178797 8.4471228448674065 10.395831551402805 5.2975459824665441 0.6897970288991927 1.9069291815394551 8.809070957824586 7.0547819803468865 15.627915270975789 5.2461340825539073 7.1130235645687208 7.3498562476597726 4.2634241232881323
leaf_count=988 99 146 82 69 979 3 153 86 104 175 70 231 61 72
internal_value=-0.000108042 0.0019762 -0.00116172 0.00225176 -0.00224883 -0.0212809 0.00136094 0.00397247 0.00787549 0.0129377 -0.000595738 0.0145487 -0.0032568 -0.0145162
internal_weight=99.5202 90.7123 80.8747 72.4276 62.0318 5.98734 56.0444 53.1077 44.2986 29.894 14.2661 9.01995 14.4046 8.80791
internal_count=3318 3147 3001 2919 2850 982 1868 880 794 629 454 384 165 171
is_linear=0
shrinkage=0.05


Tree=128
num_leaves=15
num_cat=0
split_feature=34 22 22 0 29 28 28 31 27 18 21 9 18 21
split_gain=1.26913 2.00845 1.7309 2.51048 1.65093 2.85278 2.22742 2.65449 1.69902 1.59909 1.41113 1.16146 1.15627 1.1553
threshold=1.0000000180025095e-35 196.00000000000003 187.50000000000003 14.500000000000002 2.5000000000000004 0.35416666666666669 -1.0000000180025095e-35 23.500000000000004 27.202739477627777 26.500000000000004 101.18750000000001 174.50000000000003 183.50000000000003 117.06250000000001
decision_type=2 2 2 2 2 2 2 2 2 2 2 2 2 2
left_child=-1 2 3 4 5 8 -6 -8 9 -2 -7 12 -5 -10
right_child=1 -3 -4 11 6 10 7 -9 13 -11 -12 -13 -14 -15
leaf_value=0.019124587571272524 -0.0057333797072910073 -0.023079680485647219 0.013792703161996094 -0.031761794033255075 0.010654765362973986 -0.00063850885043830732 0.0089080788850524079 -0.029120947942622995 -0.016723343311928471 0.027690847429817624 0.028738452413927945 0.0029003543128078967 0.0057366542661358997 0.0029882353754996909
leaf_weight=2.8868404626846305 4.0873433634405982 4.9127734637586391 14.87167853838764 7.1108151985099521 6.0527690010494579 5.2905112261651075 3.9307389488676554 9.5286841033957881 13.118923922535034 2.6851312990766019 10.272415655257644 3.1071969391778111 0.84239721344783891 10.394463818694929
leaf_count=13 225 53 122 1141 130 139 58 273 749 61 155 26 7 166
internal_value=-0.000203975 -0.00170015 0.000589022 -0.00266964 0.00156715 0.00660851 -0.00921046 -0.0186102 -0.00272914 0.013651 0.021025 -0.0204 -0.0271088 -0.00901355
internal_weight=99.0927 96.2058 91.2931 76.4214 65.361 45.8488 19.5122 13.4594 30.2859 6.77247 15.5629 11.0604 7.95321 23.5134
internal_count=3318 3305 3252 3130 1956 1495 461 331 1201 286 294 1174 1148 915
is_linear=0
shrinkage=0.05


Tree=129
num_leaves=15
num_cat=0
split_feature=21 21 11 24 24 21 7 31 15 15 8 19 0 28
split_gain=1.27733 2.40248 1.61598 2.05355 3.41696 2.16273 2.4356 2.31383 1.9664 3.70574 1.13748 0.958183 0.628026 0.464559
threshold=156.95833333333334 149.87500000000003 165.50000000000003 6.0833333333333348 7.5833333333333348 89.395833333333343 24.500000000000004 183.50000000000003 4.4347115652186604 8.3466560170334443 167.50000000000003 1.5508919199760427 7.5000000000000009 -5.9791666666666652
decision_type=2 2 2 2 2 2 2 2 2 2 2 2 2 2
left_child=1 2 3 5 -5 6 11 -7 -6 -10 -3 12 -1 -13
right_child=-2 10 -4 4 8 7 -8 -9 9 -11 -12 13 -14 -15
leaf_value=0.014068524062083119 -0.011790332589326333 -0.0010863479095052553 -0.016610172420291301 0.027352519904612217 0.015290204753987697 -0.032197209092114813 0.024391298778267258 0.0097350083872050734 -0.031686355151875387 0.0061224759240020481 0.02318962149444101 0.0035979785212753596 -0.0078036784418249478 -0.022659677424389072
leaf_weight=2.1463528953027002 14.385244980570858 6.1846499185776365 10.468600877793504 10.092116405488921 6.1557682631537345 7.1147780112805759 3.5609944707248351 1.9101790245622394 6.0399125462863621 12.595617520273661 11.671649072552098 0.57637964794412155 1.7620583600364623 3.8811977027216935
leaf_count=87 144 154 151 107 71 1216 198 19 104 149 104 43 190 581
internal_value=-0.00016543 0.00237134 -0.00228641 0.00154361 0.00855733 -0.00953259 0.00445455 -0.0230155 -0.00240043 -0.0102425 0.0163832 -0.00998143 0.00536232 -0.0191573
internal_weight=98.5455 84.1603 66.304 55.8354 34.8834 20.9519 11.927 9.02496 24.7913 18.6355 17.8563 8.36599 3.90841 4.45758
internal_count=3318 3174 2916 2765 431 2334 1099 1235 324 253 258 901 277 624
is_linear=0
shrinkage=0.05


Tree=130
num_leaves=15
num_cat=0
split_feature=7 18 31 0 26 27 25 20 32 22 15 27 28 27
split_gain=1.25174 2.0539 2.74679 2.14135 1.9212 2.57664 1.62823 1.33576 1.79397 1.5754 1.32015 0.926086 0.84219 0.837919
threshold=178.50000000000003 175.50000000000003 179.50000000000003 14.500000000000002 178.50000000000003 26.531963585889169 23.812500000000004 -2.8333333333333326 115.50000000000001 187.50000000000003 12.433147374603882 33.132343557998091 3.4791666666666674 34.636684170844909
decision_type=2 2 2 2 2 2 2 2 2 2 2 2 2 2
left_child=1 3 10 4 5 6 -1 9 13 -6 -3 -10 -7 -9
right_child=-2 2 -4 -5 7 12 -8 8 11 -11 -12 -13 -14 -15
leaf_value=-0.0070544240872241135 -0.01231101882559495 0.0262536922931868 -0.0092308971993981005 -0.025485812691550376 -0.020340198681327193 -0.029486646725313915 0.023603334427878285 5.5077436214450772e-05 0.010336059894484648 0.013526759961027202 0.0023479580370142045 -0.009139538526825015 -0.0010100160179592739 0.032126089356532869
leaf_weight=5.9849922115681711 12.70312824193388 14.748067724052818 8.8891437910497171 4.5767427988466798 3.7419158886186805 6.8307809886755404 2.8117010548012331 2.5227862015017326 7.0391287859529239 1.3442810773849485 9.6688854137901199 7.3956046625971794 3.79488944564946 5.9568251720629632
leaf_count=248 108 125 59 1070 296 632 94 126 62 8 130 100 70 190
internal_value=-0.000161144 0.00222958 0.0110868 -0.00391841 0.000395303 -0.0102711 0.00774747 0.00822916 0.0130242 -0.00912085 0.0187953 0.000573563 -0.0228939 0.0261442
internal_weight=98.0089 85.3057 33.3061 51.9996 47.4229 19.4224 8.79669 28.0005 22.9143 5.0862 24.417 14.4347 10.6257 8.47961
internal_count=3318 3210 314 2896 1826 1044 342 782 478 304 255 162 702 316
is_linear=0
shrinkage=0.05


Tree=131
num_leaves=15
num_cat=0
split_feature=3 22 26 31 20 29 4 0 3 13 9 8 5 7
split_gain=1.23167 2.14972 1.90694 2.53144 1.73612 1.9042 1.64303 1.89406 2.57391 2.2438 2.6153 1.96994 1.88468 1.65731
threshold=174.50000000000003 196.00000000000003 193.50000000000003 185.50000000000003 13.16666666666667 -9.4999999999999982 176.50000000000003 14.500000000000002 168.50000000000003 109.37500000000001 23.500000000000004 176.50000000000003 21.500000000000004 102.50000000000001
decision_type=2 2 2 2 2 2 2 2 2 2 2 2 2 2
left_child=1 2 3 6 5 -4 7 8 9 10 12 -9 -1 -12
right_child=-2 -3 4 -5 -6 -7 -8 11 -10 -11 13 -13 -14 -15
leaf_value=-0.013739815105792511 0.015644671240217348 -0.025317385056231181 -0.0054830953659995591 -0.027388237733473056 -0.0068111571093843401 0.03080418408138022 0.018801386123812051 -0.028474165025576384 -0.020158637952699926 0.015805919248126039 -0.029642801181538211 0.007346648834690838 0.020587367904889284 0.00092500294162616362
leaf_weight=1.7606051863404006 6.0578043162822715 3.9487961165141305 3.1714635731186727 4.5452730655670157 4.8992520142346612 8.0095123049104586 5.2062777867540708 6.7999018952832539 6.2380794412456444 23.207627799245529 5.4826024245703575 3.1764773353934288 7.9256473223213106 7.1776804478722624
leaf_count=256 38 48 73 51 43 214 39 1059 61 328 453 30 271 354
internal_value=-0.00017013 -0.00197259 0.000389932 -0.0032986 0.0136866 0.0219976 0.000125306 -0.00273891 0.00163842 0.00632181 -0.00461681 -0.0184239 0.0117944 -0.0169572
internal_weight=97.607 91.5492 87.6004 71.5202 16.0802 11.181 66.9749 61.7686 51.7922 45.5542 22.3465 9.97638 9.68625 12.6603
internal_count=3318 3280 3232 2902 330 287 2851 2812 1723 1662 1334 1089 527 807
is_linear=0
shrinkage=0.05


Tree=132
num_leaves=15
num_cat=0
split_feature=31 7 9 11 23 5 19 5 14 33 20 12 32 23
split_gain=1.21191 1.78234 3.18678 1.53266 1.58125 2.63113 2.16321 2.08141 1.94338 1.46637 1.10082 1.01852 1.48461 0.957478
threshold=192.50000000000003 175.50000000000003 176.50000000000003 176.50000000000003 24.697810253660457 153.50000000000003 12.421724539737948 165.50000000000003 129.50000000000003 179.50000000000003 -14.166666666666666 21.500000000000004 21.500000000000004 1.503016290949974
decision_type=2 2 2 2 2 2 2 2 2 2 2 2 2 2
left_child=1 2 3 4 5 9 7 -6 10 11 -8 12 -1 -13
right_child=-2 -3 -4 -5 6 -7 8 -9 -10 -11 -12 13 -14 -15
leaf_value=-0.013173467309602125 0.013852942247418979 -0.015904033436084448 0.023724588438406954 0.014639948272060369 -0.012477716150866376 0.023526811793475995 -0.011846474356805966 0.025446719153076149 -0.025806608590485464 0.0062196176550180227 0.016801610033623782 0.0059061421884606721 0.020897789324842812 -0.022632493525606437
leaf_weight=1.7137627930496884 8.3094440363347513 14.118030111305414 8.1319334004074317 5.8410308798775068 2.7767959399498094 5.2863979588728389 1.3879808914498424 2.4723188132047653 17.746507106348872 12.375097466167061 2.6931343510514152 1.420768922776914 1.4186877745087256 11.464565613074226
leaf_count=345 58 123 51 53 216 109 167 16 327 101 83 164 50 1455
internal_value=-0.000280771 -0.00227026 0.00114132 -0.00308048 -0.00576777 0.00157845 -0.013727 0.00908462 -0.0198835 -0.00541891 0.00590038 -0.0137512 0.00561858 -0.0187143
internal_weight=97.1565 88.847 74.729 66.597 60.756 33.6793 27.0767 5.24911 21.8276 28.3929 4.08112 16.0178 3.13245 12.8853
internal_count=3318 3260 3137 3086 3033 2224 809 232 577 2115 250 2014 395 1619
is_linear=0
shrinkage=0.05


Tree=133
num_leaves=15
num_cat=0
split_feature=29 4 4 13 6 7 7 0 30 12 11 32 7 8
split_gain=1.20512 2.02742 2.70501 3.22531 1.86687 1.5738 1.66858 1.83147 1.67594 1.64602 1.55256 1.24202 1.1722 1.08046
threshold=-12.499999999999998 176.50000000000003 169.50000000000003 164.62500000000003 142.50000000000003 21.500000000000004 174.50000000000003 6.5000000000000009 124.50000000000001 161.50000000000003 176.50000000000003 159.50000000000003 172.50000000000003 96.500000000000014
decision_type=2 2 2 2 2 2 2 2 2 2 2 2 2 2
left_child=11 2 3 4 5 -2 7 -7 -9 10 13 -1 -6 -10
right_child=1 -3 -4 -5 12 6 -8 8 9 -11 -12 -13 -14 -15
leaf_value=0.003689109593879298 -0.016296727468511883 0.020736684270642992 -0.020421400268027939 0.022059419762392399 -0.025245456719406357 -0.016226219571967137 -0.017702272044587762 0.020942419159995118 0.0043068955735486407 0.014291897384513544 0.010449738616315537 -0.025768367602403933 0.0043170836533157871 -0.024229078403682658
leaf_weight=4.2786901753279372 4.9915926345856851 7.3208167701959601 9.8997468873858434 12.081722285598515 6.9403259202954342 2.3804758728365405 2.2510559875518075 18.216596576676238 2.7872802063357103 8.5827441803412494 3.7232375964522353 3.5568632977083325 2.878089452162385 6.7066776992869563
leaf_count=236 508 52 81 82 256 794 29 759 112 108 28 32 32 209
internal_value=-0.000149839 0.00182426 -0.000976979 0.00287202 -0.00243552 0.00202124 0.00550414 0.00847375 0.0115821 0.00131253 -0.00872513 -0.0145117 -0.018047 -0.0172557
internal_weight=96.5959 88.7604 81.4395 71.5398 59.4581 49.6397 44.6481 42.397 40.0165 21.7999 13.2172 7.83555 9.81842 9.49396
internal_count=3318 3050 2998 2917 2835 2547 2039 2010 1216 457 349 268 288 321
is_linear=0
shrinkage=0.05


Tree=134
num_leaves=15
num_cat=0
split_feature=15 15 10 8 29 23 6 5 27 21 20 14 19 19
split_gain=1.19445 1.97685 2.8741 2.48037 1.74743 1.9514 3.3176 3.20483 1.85959 2.43546 1.52356 1.43232 1.16793 1.11409
threshold=21.360009363293909 17.606816861659571 169.50000000000003 177.50000000000003 7.5000000000000009 13.073888189929056 168.50000000000003 109.50000000000001 29.975016052638924 49.666666666666671 12.833333333333334 167.50000000000003 1.5642792899726887 23.995580401143918
decision_type=2 2 2 2 2 2 2 2 2 2 2 2 2 2
left_child=1 2 3 4 5 7 8 12 11 -10 -3 -7 -1 -6
right_child=-2 10 -4 -5 13 6 -8 -9 9 -11 -12 -13 -14 -15
leaf_value=0.0079684381771567333 -0.014112651068291801 -0.0034171463838502825 -0.023748809518096641 0.02053596868793317 -0.005211723516416562 -0.013806923670484243 0.009514423859032381 0.027416757757275336 0.010846111005557938 -0.031782168517841637 0.027785492723065366 0.018236328027804758 -0.015110113570754626 0.023655658066966762
leaf_weight=4.8669961156556409 8.5480741914943774 4.4658253326197137 7.3158819414675227 10.015412466600536 2.8003021957119918 1.799121181305966 9.1408475227653962 5.423475428542587 1.4377082677092428 17.424459627654869 6.3532648459076881 2.4375653511378914 9.5259208774659765 4.6605814923532307
leaf_count=348 171 150 76 67 173 303 65 58 82 1044 51 30 638 62
internal_value=-0.000256929 0.00178266 -0.00144066 0.00234223 -0.00207363 -0.00563759 -0.0125289 0.00583945 -0.0213929 -0.0269411 0.0178967 0.00452099 -0.00726367 0.0150771
internal_weight=96.2154 87.6674 76.8483 69.5324 59.517 52.0561 32.2397 19.8164 23.0989 18.8622 10.8191 4.23669 14.3929 7.46088
internal_count=3318 3147 2946 2870 2803 2568 1524 1044 1459 1126 201 333 986 235
is_linear=0
shrinkage=0.05


Tree=135
num_leaves=15
num_cat=0
split_feature=15 15 10 8 33 27 4 26 26 23 14 20 30 25
split_gain=1.14136 1.84483 2.75277 2.28857 1.66772 2.09173 2.09956 1.95929 2.57643 1.77759 1.98458 1.44399 1.18169 1.13513
threshold=21.360009363293909 17.606816861659571 169.50000000000003 169.50000000000003 49.000000000000007 28.628881935386762 176.50000000000003 179.50000000000003 185.50000000000003 12.844597917106677 114.50000000000001 12.833333333333334 178.50000000000003 130.22916666666671
decision_type=2 2 2 2 2 2 2 2 2 2 2 2 2 2
left_child=1 2 3 4 7 13 9 -1 -9 10 -7 -3 -11 -6
right_child=-2 11 -4 -5 5 6 -8 8 -10 12 -12 -13 -14 -15
leaf_value=-0.010254193918680559 -0.013728751829739927 -0.0033387726255311224 -0.023205952127906604 0.015361566018123671 -0.0042052838326700316 -0.01495444297528134 0.013092439241907852 0.033507001734707907 -0.0097949291367036562 -0.030741130060291569 0.017276117740065423 0.027047539956558259 -0.00095730812547893294 0.022631722229574033
leaf_weight=4.204955594846977 8.4890823670430091 4.4596503507345897 7.2317903013899913 18.525482701836154 5.3544728459091839 5.1035298259230384 2.7359964400529853 5.2327085063443519 2.4307487646583468 14.181082439841704 4.0597634288715199 6.3371056914329529 4.4282725807279339 2.8254666967550293
leaf_count=795 171 150 76 138 294 143 18 157 102 1118 41 51 29 35
internal_value=-0.000152132 0.00184434 -0.00129342 0.00241186 -0.00328872 -0.00820365 -0.0138548 0.0104156 0.0213278 -0.018102 0.000383024 0.0174123 -0.0253575 0.0101336
internal_weight=95.6001 87.111 76.3143 69.0825 50.557 38.6886 30.5086 11.8684 7.66346 27.7726 9.16329 10.7968 18.6094 8.17994
internal_count=3318 3147 2946 2870 2732 1678 1349 1054 259 1331 184 201 1147 329
is_linear=0
shrinkage=0.05


Tree=136
num_leaves=15
num_cat=0
split_feature=21 21 11 30 30 0 12 27 0 22 29 22 19 21
split_gain=1.15837 2.15509 1.5419 1.88205 1.54508 1.69358 1.68183 1.54667 1.44719 2.58404 1.24362 0.996806 2.26997 0.94961
threshold=156.95833333333334 149.87500000000003 165.50000000000003 177.50000000000003 124.50000000000001 6.5000000000000009 153.50000000000003 30.386218881108373 10.500000000000002 177.50000000000003 -3.4999999999999996 186.50000000000003 31.955817035779052 91.020833333333357
decision_type=2 2 2 2 2 2 2 2 2 2 2 2 2 2
left_child=1 2 3 4 5 -1 8 -6 13 -10 -9 12 -3 -7
right_child=-2 11 -4 -5 7 6 -8 10 9 -11 -12 -13 -14 -15
leaf_value=-0.01777992616735961 -0.01129135271771224 -0.014194463134511982 -0.016259011763974499 0.022489190349881991 0.0057968886931395805 0.028075927651647899 -0.01044200135307783 0.0011815568000382286 -0.020165257646239124 0.018020063952391033 -0.029682558089250639 0.025878785319938105 0.019269541569668203 0.0038835837762997978
leaf_weight=2.7330708946683435 13.949531738180665 5.3849356927676144 10.150084730703382 4.2058484731242052 5.3984763729968099 9.1397958492161795 5.6633090412942684 4.0558696273365049 4.5131055085803373 3.3796065271599218 6.3942986445035777 6.8115624627098432 5.0100650610402226 8.2895753232296538
leaf_count=1011 144 164 151 36 190 126 83 85 770 65 302 59 35 97
internal_value=-0.000104082 0.00236329 -0.00214152 0.00167977 -0.00198484 0.00410466 0.00823722 -0.0128178 0.0134478 -0.00316715 -0.021198 0.0158129 0.00295426 0.0200005
internal_weight=95.0791 81.1296 63.923 53.773 49.5671 33.7185 30.9854 15.8486 25.3221 7.89271 10.4502 17.2066 10.395 17.4294
internal_count=3318 3174 2916 2765 2729 2152 1141 577 1058 835 387 258 199 223
is_linear=0
shrinkage=0.05


Tree=137
num_leaves=15
num_cat=0
split_feature=29 4 4 13 6 7 7 0 30 12 11 32 26 8
split_gain=1.14273 1.84423 2.43229 2.99403 1.67683 1.46668 1.56926 1.65471 1.49699 1.48774 1.46541 1.1106 1.04152 0.979825
threshold=-12.499999999999998 176.50000000000003 169.50000000000003 164.62500000000003 142.50000000000003 21.500000000000004 174.50000000000003 6.5000000000000009 124.50000000000001 161.50000000000003 176.50000000000003 159.50000000000003 189.50000000000003 96.500000000000014
decision_type=2 2 2 2 2 2 2 2 2 2 2 2 2 2
left_child=11 2 3 4 5 -2 7 -7 -9 10 13 -1 -6 -10
right_child=1 -3 -4 -5 12 6 -8 8 9 -11 -12 -13 -14 -15
leaf_value=0.0033196152815381818 -0.015887304615441307 0.019971433071272901 -0.019415455796452281 0.021373152866421871 -0.024286402199535418 -0.015556786823993848 -0.017293298916738004 0.019986373186512391 0.0040531809062334659 0.013647560583107407 0.010254351382829313 -0.024900805933472898 0.0038871027770949482 -0.023465638666601937
leaf_weight=4.1909373326925552 4.8724709372618227 7.1896247556433073 9.7075516071636212 11.924592621624468 6.5943321421509591 2.2391830935375756 2.1901931986212722 18.08967395167565 2.7032898503821361 8.4569045061944035 3.6609653495252124 3.4156993287615478 2.8735101782949641 6.4998351982212625
leaf_count=236 508 52 81 82 239 794 29 759 112 108 28 32 49 209
internal_value=-8.92971e-05 0.00184944 -0.000864162 0.00282621 -0.00236576 0.00188987 0.00528985 0.00820364 0.0111531 0.0012856 -0.00838641 -0.0142026 -0.0173474 -0.0168011
internal_weight=94.6088 87.0021 79.8125 70.105 58.1804 48.7125 43.84 41.6499 39.4107 21.321 12.8641 7.60664 9.46784 9.20313
internal_count=3318 3050 2998 2917 2835 2547 2039 2010 1216 457 349 268 288 321
is_linear=0
shrinkage=0.05


Tree=138
num_leaves=15
num_cat=0
split_feature=34 25 14 24 20 31 8 8 5 28 25 10 0 0
split_gain=1.13449 1.76716 1.66121 1.80473 1.76533 1.71318 1.66714 1.59685 1.8607 1.82214 1.26094 1.05417 1.77349 1.36024
threshold=1.0000000180025095e-35 136.90625000000003 179.50000000000003 11.583333333333334 15.500000000000002 25.500000000000004 168.50000000000003 106.50000000000001 109.50000000000001 -0.97916666666666663 79.625000000000014 70.500000000000014 7.5000000000000009 6.5000000000000009
decision_type=2 2 2 2 2 2 2 2 2 2 2 2 2 2
left_child=-1 2 3 4 6 -5 7 8 11 -9 -11 12 13 -2
right_child=1 -3 -4 5 -6 -7 -8 9 -10 10 -12 -13 -14 -15
leaf_value=0.018140997515940779 -0.010134195611875313 -0.016945661514929655 0.01714620029936801 0.0031663399146708016 0.017348139914792386 -0.028622840112743644 0.01080075771261749 0.0092743051897094305 0.014524160374499918 0.0059967515091072284 -0.031214265379539047 -0.020375106801084366 -0.014074917889297683 0.022519807791145898
leaf_weight=2.8088981211185446 1.2627959427190996 10.857848320156334 8.8353599756956083 5.5958936242386681 9.7838205695734342 5.5213251414243132 13.092097500921225 1.9267114285612468 8.9774655621731636 1.0250095376977686 8.5430425211088714 5.4131381238112217 5.4645421496825293 5.127028166083619
leaf_count=13 360 166 57 82 104 120 139 59 143 46 873 377 724 55
internal_value=-0.000199293 -0.00167422 0.00125378 -0.00169341 0.00209797 -0.0166034 -0.00212803 -0.00735195 0.000260679 -0.0195435 -0.0265379 -0.00875114 0.0010266 0.0144506
internal_weight=94.235 91.4261 80.5682 71.7329 60.6157 11.1172 50.8318 37.7397 26.245 11.4948 9.56805 17.2675 11.8544 6.38982
internal_count=3318 3305 3139 3082 2880 202 2776 2637 1659 978 919 1516 1139 415
is_linear=0
shrinkage=0.05


Tree=139
num_leaves=15
num_cat=0
split_feature=7 9 30 3 6 29 28 21 6 20 0 19 26 33
split_gain=1.12037 2.20876 1.21021 1.3326 2.67592 2.66006 2.23998 1.97196 2.12239 0.98342 0.746622 0.645335 0.620076 0.584391
threshold=175.50000000000003 176.50000000000003 175.50000000000003 130.50000000000003 112.50000000000001 -6.4999999999999991 -0.35416666666666657 92.687500000000014 22.500000000000004 -2.1666666666666665 8.5000000000000018 1.5508919199760427 183.00000000000003 49.000000000000007
decision_type=2 2 2 2 2 2 2 2 2 2 2 2 2 2
left_child=1 2 3 4 7 12 -7 8 11 -8 -10 -1 -5 -9
right_child=-2 -3 -4 5 -6 6 9 13 10 -11 -12 -13 -14 -15
leaf_value=0.0041630963696542463 -0.010743239946658888 0.021148886514480155 0.0097728759763567284 0.017169418269940073 0.022178448961540961 0.0079964991905721785 -0.0011354916175833586 0.0025649810748171274 0.021926195639248379 -0.031059475861470967 -0.0045761543393146647 -0.019067783344255528 -0.0032850351465863767 -0.02664392299745898
leaf_weight=2.2229221045272487 15.242588935419915 8.1967142373323423 14.670343929668887 3.7945199550595161 7.0506694548530495 3.6451815654290902 3.7044788364437489 1.0826085406588379 6.6610403636586835 12.884906810941164 1.5063316574087364 4.0240200228872709 4.0803552644792944 4.9557287475909106
leaf_count=212 133 53 133 87 323 75 150 112 271 283 215 549 78 644
internal_value=-0.000199581 0.00236905 -0.0010803 -0.0045133 0.00312329 -0.0113285 -0.0196654 -0.00651201 0.00432207 -0.0261879 0.0171567 -0.0126255 0.00941116 -0.0226173
internal_weight=93.7224 78.4798 70.2831 55.6128 27.5033 28.1094 20.2346 20.4527 14.4143 16.5894 8.16737 6.24694 7.87488 6.03834
internal_count=3318 3185 3132 2999 2326 673 508 2003 1247 433 486 761 165 756
is_linear=0
shrinkage=0.05


Tree=140
num_leaves=15
num_cat=0
split_feature=3 22 22 0 29 28 28 31 27 18 21 25 26 25
split_gain=1.11059 1.71877 1.4879 2.11017 1.33719 2.39194 1.85291 2.26475 1.34948 1.43496 1.17015 1.07783 2.55548 1.52083
threshold=175.50000000000003 196.00000000000003 187.50000000000003 14.500000000000002 2.5000000000000004 0.35416666666666669 -1.0000000180025095e-35 23.500000000000004 27.202739477627777 26.500000000000004 101.18750000000001 126.67187500000001 176.50000000000003 135.53645833333334
decision_type=2 2 2 2 2 2 2 2 2 2 2 2 2 2
left_child=1 2 3 4 5 8 -6 -8 9 -1 -7 12 -10 -13
right_child=-2 -3 -4 -5 6 10 7 -9 11 -11 -12 13 -14 -15
leaf_value=-0.005995458492509112 0.017980129033235537 -0.021831181753674579 0.012997968345833624 -0.019390860445498578 0.0098428893820971738 -0.00069808287363620606 0.0081367970631032165 -0.027442621962470631 -0.02144611728111246 0.025553994896232269 0.026690282428048585 -0.028938579998415648 0.013345916764147765 0.0035514394394763581
leaf_weight=4.0145120524102849 2.8012984842061988 4.4961861512856549 14.153000719612463 10.044391274859661 5.766410969838037 4.9759244726155876 3.8755381159717208 8.760504878300706 3.1708181262365569 2.5563468908658251 9.6403464754112047 4.9074006549199094 9.952798643964341 4.1220075492747128
leaf_count=225 13 53 122 1174 130 139 58 273 402 61 155 161 263 89
internal_value=-0.000166893 -0.00164155 0.000556954 -0.00258248 0.00139975 0.00605824 -0.0085219 -0.0173171 -0.00269645 0.0120171 0.0195649 -0.0084699 0.00134225 -0.0181269
internal_weight=93.2375 90.4362 85.94 71.787 61.7426 43.3402 18.4025 12.636 28.7239 6.57086 14.6163 22.153 13.1236 9.02941
internal_count=3318 3305 3252 3130 1956 1495 461 331 1201 286 294 915 665 250
is_linear=0
shrinkage=0.05


Tree=141
num_leaves=15
num_cat=0
split_feature=29 4 4 13 6 7 20 0 3 19 29 14 15 15
split_gain=1.09413 1.67057 2.27439 2.81339 1.49117 1.4337 1.41043 1.49829 1.47784 1.43909 1.37938 1.33944 1.2134 1.18876
threshold=-12.499999999999998 176.50000000000003 169.50000000000003 164.62500000000003 135.50000000000003 21.500000000000004 -14.499999999999998 6.5000000000000009 130.50000000000003 17.286139131120962 6.5000000000000009 150.50000000000003 6.1644140029703172 19.329381750028595
decision_type=2 2 2 2 2 2 2 2 2 2 2 2 2 2
left_child=-1 2 3 4 5 -2 -7 -8 9 12 -6 -10 -9 -13
right_child=1 -3 -4 -5 10 6 7 8 11 -11 -12 13 -14 -15
leaf_value=-0.014023106362702249 -0.015558060065976757 0.01906965680965049 -0.018918010685502654 0.02078219107489053 -0.024880620727269931 -0.013176341765164412 -0.014315896118028294 0.01271160784232501 -0.015507324565234227 0.032957551916731727 0.0038005307310285405 0.019637958571965992 -0.011654243430087753 -0.0063450600099176496
leaf_weight=7.5223370652529402 4.7673171405331223 7.0709433145821086 9.5125475081149471 11.769736837595699 6.573889965307897 4.0721129467128696 1.989036317972938 12.020180010236801 4.3533988864510311 6.2235568870673879 4.7487147890496999 4.5881449628504907 2.8555606526206239 4.7346691753482446
leaf_count=268 508 52 81 82 267 271 683 541 122 88 65 74 124 92
internal_value=-0.000181333 0.00174864 -0.000869156 0.00274406 -0.00236223 0.00206763 0.00559794 0.00900592 0.0119718 0.0189547 -0.0153723 -0.000991725 0.00627917 0.00883378
internal_weight=92.8021 85.2798 78.2089 68.6963 56.9266 45.604 40.8367 36.7645 34.7755 21.0993 11.3226 13.6762 14.8757 9.32281
internal_count=3318 3050 2998 2917 2835 2503 1995 1724 1041 753 332 288 665 166
is_linear=0
shrinkage=0.05


Tree=142
num_leaves=15
num_cat=0
split_feature=34 22 26 25 27 8 26 7 20 31 20 3 15 22
split_gain=1.0723 1.62212 1.45829 2.18027 2.28246 2.68857 2.16479 2.32887 2.06231 1.95974 1.55018 1.53269 1.44929 1.54126
threshold=1.0000000180025095e-35 196.00000000000003 192.50000000000003 127.15104166666667 28.628881935386762 175.50000000000003 176.50000000000003 173.50000000000003 -2.4999999999999996 55.000000000000007 -4.833333333333333 160.50000000000003 11.165422816296493 164.50000000000003
decision_type=2 2 2 2 2 2 2 2 2 2 2 2 2 2
left_child=-1 2 3 6 -5 -6 9 10 -4 -2 -8 -10 13 -12
right_child=1 -3 8 4 5 -7 7 -9 11 -11 12 -13 -14 -15
leaf_value=0.017611708254945575 0.0025440448849508236 -0.021404931365873018 0.023124841419320984 0.0069390897338652965 -0.034598088703988471 0.008028018019746298 -0.0061495105199325046 -0.011961649597842204 0.0095093901835867634 -0.025691684169069154 0.0025879425437156166 -0.017981606704620227 -0.00024942254644675277 0.037372020008679341
leaf_weight=2.7836666405200949 13.204054578149227 4.4044598843902341 9.5634249830036442 5.4225321270059821 9.4415049086092022 2.8085061125457278 3.8848509795498165 5.3577683288604012 6.1908364237169717 5.3395839625154613 5.192484610364775 4.5647254977375269 5.6293473167461334 8.6047051260829885
leaf_count=13 685 53 218 129 327 21 277 57 145 891 264 45 101 92
internal_value=-0.000239775 -0.00169578 0.000453036 -0.00329597 -0.0160828 -0.0253311 0.00257214 0.010503 0.0107116 -0.00931587 0.0168669 -0.00416177 0.0217862 0.0284517
internal_weight=92.3925 89.6088 85.2043 64.8853 17.6725 12.25 47.2128 28.6692 20.319 18.5436 23.3114 10.7556 19.4265 13.7972
internal_count=3318 3305 3252 2844 477 348 2367 791 408 1576 734 190 457 356
is_linear=0
shrinkage=0.05


Tree=143
num_leaves=15
num_cat=0
split_feature=27 28 24 3 25 26 27 31 27 25 16 32 31 27
split_gain=1.04046 1.46524 1.91459 1.4971 1.97035 2.12084 2.54288 1.68651 1.45905 1.35714 1.33409 1.31552 0.921555 0.468545
threshold=58.933055932362898 3.4375000000000004 11.583333333333334 174.50000000000003 136.90625000000003 178.50000000000003 26.531963585889169 162.50000000000003 1.647216490449581 127.15104166666667 -34.499999999999993 125.50000000000001 25.500000000000004 28.628881935386762
decision_type=2 2 2 2 2 2 2 2 2 2 2 2 2 2
left_child=1 2 3 4 5 6 8 10 -1 -9 -7 -2 -3 -12
right_child=11 12 -4 -5 -6 7 -8 9 -10 -11 13 -13 -14 -15
leaf_value=-0.013495062214045698 0.0072774211796616146 0.021434670472781372 -0.022120610477455279 0.02169858136340377 -0.01707312720038056 0.012280750681005564 -0.025796560912716926 0.022338603065350016 0.017348685798911051 0.0024832363677349191 0.0035391974312177772 -0.023015867572542877 -0.001090657613347074 -0.02323386537824193
leaf_weight=1.5685756060993279 2.6524118972010902 8.0660263768513669 4.894977177726104 3.0576649010181418 10.182342865271492 0.98757605347782274 6.8573797421413474 14.876341816037892 5.6737457491108216 17.678958696313202 0.56151825533015642 4.9071981922606938 6.2504056751495218 3.6688477718853392
leaf_count=254 175 140 110 17 163 46 1044 183 227 153 21 97 126 562
internal_value=-0.000258109 0.00164934 -0.00160609 0.00140364 -0.00113975 0.0032139 -0.0109608 0.00916768 0.00788512 0.0133224 -0.0105888 -0.0137212 0.0138636 -0.019688
internal_weight=91.884 84.3244 70.0079 65.113 62.0553 51.8729 14.0997 37.7732 7.24232 32.5553 5.21794 7.55961 14.3164 4.23037
internal_count=3318 3046 2780 2670 2653 2490 1525 965 481 336 629 272 266 583
is_linear=0
shrinkage=0.05


Tree=144
num_leaves=15
num_cat=0
split_feature=31 7 9 11 23 5 19 5 16 0 21 7 31 24
split_gain=1.07152 1.56297 2.76462 1.2587 1.29027 2.29606 1.9899 1.7519 1.74041 1.21103 1.73264 1.82176 1.27069 0.972243
threshold=192.50000000000003 175.50000000000003 176.50000000000003 176.50000000000003 24.697810253660457 153.50000000000003 12.421724539737948 165.50000000000003 -29.499999999999996 8.5000000000000018 92.687500000000014 21.500000000000004 183.50000000000003 6.7500000000000009
decision_type=2 2 2 2 2 2 2 2 2 2 2 2 2 2
left_child=1 2 3 4 5 9 7 -6 -8 10 11 -1 13 -12
right_child=-2 -3 -4 -5 6 -7 8 -9 -10 -11 12 -13 -14 -15
leaf_value=-0.0094173731507242679 0.01321060640895688 -0.015290321774778555 0.022357171099346696 0.013174111198035014 -0.011318748264916436 0.021952221843330212 0.0077390651863866429 0.024032947636333693 -0.024148363871260538 -0.021431973431287551 -0.024506328449344177 0.023101705921494308 0.009806062007849321 0.001755467962591514
leaf_weight=3.3490054643480196 7.8582659587264052 13.239586453419177 7.7618028428405514 5.6466472214087835 2.5669149770401445 5.0581131641520178 2.7771386755630436 2.3500415738672018 17.480294124048665 3.6547642874065778 6.1550526341306959 6.8014604345662519 2.6073218919336787 4.2344239765079692
leaf_count=162 58 123 51 53 216 109 77 16 500 1038 573 273 19 50
internal_value=-0.000293849 -0.00223532 0.00106909 -0.00302392 -0.00556017 0.00126849 -0.0129805 0.00917571 -0.0191102 -0.00547265 0.000406696 0.0128054 -0.0101441 -0.01671
internal_weight=91.5408 83.6826 70.443 62.6812 57.0345 31.8601 25.1744 4.91696 20.2574 26.802 23.1473 10.1505 12.9968 10.3895
internal_count=3318 3260 3137 3086 3033 2224 809 232 577 2115 1077 435 642 623
is_linear=0
shrinkage=0.05


Tree=145
num_leaves=15
num_cat=0
split_feature=15 15 10 8 29 23 5 6 27 21 14 20 19 2
split_gain=1.03344 1.71802 2.53073 2.12462 1.48881 1.55234 2.8 2.76406 1.62477 2.27119 1.23073 1.22801 0.99468 0.993696
threshold=21.360009363293909 17.606816861659571 169.50000000000003 177.50000000000003 7.5000000000000009 13.073888189929056 109.50000000000001 168.50000000000003 29.975016052638924 49.666666666666671 167.50000000000003 12.833333333333334 1.5642792899726887 2.5000000000000004
decision_type=2 2 2 2 2 2 2 2 2 2 2 2 2 2
left_child=1 2 3 4 5 6 12 8 10 -10 -7 -3 13 -1
right_child=-2 11 -4 -5 -6 7 -8 -9 9 -11 -12 -13 -14 -15
leaf_value=-0.009802805788631342 -0.013252156456796879 -0.0029722467777424373 -0.022614168479051049 0.01938108515288918 0.01411768138151198 -0.012832829368693208 0.025598671200957018 0.0087501153532646113 0.010667267278188116 -0.030406334994763265 0.017223171553797614 0.0258796241015277 -0.014671520096564701 0.017023239925270908
leaf_weight=1.8386799091240416 8.1732092055026424 4.1297737379791197 6.8963000720832488 9.5599091127514821 7.0948078173096283 1.6354108939413046 5.1182447735918677 8.7336925044655782 1.4388449541875186 16.059601996385027 2.3181702210567892 6.0758803188800812 8.9692897007917036 2.9475405225530267
leaf_count=149 171 150 76 67 235 303 58 65 82 1044 30 51 638 199
internal_value=-0.000202498 0.0017666 -0.00134477 0.00232849 -0.00192186 -0.00533265 0.00512352 -0.0116695 -0.0200654 -0.0254089 0.004567 0.0170663 -0.00728832 0.00697457
internal_weight=90.9894 82.8161 72.6105 65.7142 56.1543 49.0595 18.8738 30.1857 21.452 17.4984 3.95358 10.2057 13.7555 4.78622
internal_count=3318 3147 2946 2870 2803 2568 1044 1524 1459 1126 333 201 986 348
is_linear=0
shrinkage=0.05


Tree=146
num_leaves=15
num_cat=0
split_feature=29 4 13 13 20 13 14 3 7 27 4 32 9 18
split_gain=0.997105 1.53595 2.06046 2.40269 1.56902 3.23686 2.05733 1.63258 1.51323 1.33811 1.28985 1.03189 0.916411 1.34966
threshold=-12.499999999999998 176.50000000000003 169.62500000000003 164.62500000000003 16.833333333333339 138.75000000000003 149.50000000000003 129.50000000000003 102.50000000000001 31.062453559680559 152.50000000000003 159.50000000000003 23.500000000000004 26.500000000000004
decision_type=2 2 2 2 2 2 2 2 2 2 2 2 2 2
left_child=11 2 3 4 5 6 7 8 12 -10 -7 -1 13 -2
right_child=1 -3 -4 -5 -6 10 -8 -9 9 -11 -12 -13 -14 -15
leaf_value=0.0034843335670098072 -0.0099201314260378062 0.018447299022277618 -0.019414492036857706 0.019137468547371264 0.01125735323864978 0.0024656964392978853 0.022257419074198724 -0.02229404607732749 -0.0071700116766837685 0.019671880140103765 -0.0328476784897496 -0.023858140179640833 -0.018899028585893922 0.017063745978097278
leaf_weight=4.0353298283880568 5.9479948820662738 6.924801235087215 7.6389620415866366 11.733274623751639 11.622094673803074 2.4372691445169021 4.3344419572968027 4.2242615777067831 3.7978402375010765 9.1386866578832251 7.343093988543842 3.24489989830181 4.9026516858139066 3.1030992533778772
leaf_count=236 610 52 53 83 137 127 68 131 266 428 260 32 577 258
internal_value=-0.000112058 0.00175309 -0.000805776 0.00244522 -0.00226836 -0.00651855 0.00147548 -0.00410026 0.00180516 0.0119897 -0.0261904 -0.0134546 -0.00830901 0.00211113
internal_weight=90.4287 83.1485 76.2237 68.5847 56.8514 45.2293 35.449 31.1145 26.8903 12.9365 9.78036 7.28023 13.9537 9.05109
internal_count=3318 3050 2998 2945 2862 2725 2338 2270 2139 694 387 268 1445 868
is_linear=0
shrinkage=0.05


Tree=147
num_leaves=15
num_cat=0
split_feature=15 15 10 8 33 32 27 4 5 30 31 20 10 25
split_gain=0.998427 1.59433 2.40465 1.99479 1.43886 1.81993 1.79721 1.72734 1.68477 1.43132 2.0733 1.15716 1.0957 0.970748
threshold=21.360009363293909 17.606816861659571 169.50000000000003 169.50000000000003 49.000000000000007 22.500000000000004 28.628881935386762 176.50000000000003 22.500000000000004 178.50000000000003 193.50000000000003 12.833333333333334 107.50000000000001 130.22916666666671
decision_type=2 2 2 2 2 2 2 2 2 2 2 2 2 2
left_child=1 2 3 4 5 12 13 9 -7 10 -8 -3 -1 -6
right_child=-2 11 -4 -5 6 8 7 -9 -10 -11 -12 -13 -14 -15
leaf_value=-0.017852788874735771 -0.013019250563141441 -0.0029357458498242544 -0.022075535163003923 0.014655643105046835 -0.004118490345657976 -0.0091902127360242065 -0.026727181607073408 0.011611036406881457 0.030348114775408726 0.0039645052099183077 0.010299453488897346 0.02513807598917478 0.0099224259045312402 0.021016018069039952
leaf_weight=3.5861643363605236 8.1080607904586923 4.086664326314347 6.7799753420986226 17.580398823018186 5.0472262651310293 1.1094932503765447 18.997765794367307 2.5626923888921729 4.8833573009469546 4.8663876391947261 1.77477891370654 6.0130623057484627 1.9292089828522874 2.6523427601205185
leaf_count=543 171 150 76 138 294 254 1276 18 196 34 21 51 61 35
internal_value=-0.000164159 0.00178504 -0.00123884 0.00235668 -0.00316711 0.00964739 -0.00795203 -0.0133936 0.0221775 -0.0173799 -0.0221793 0.0165679 -0.00803894 0.00940523
internal_weight=89.9776 81.8695 71.7698 64.9898 47.4094 11.5082 35.9012 28.2016 5.99285 25.6389 20.7725 10.0997 5.51537 7.69957
internal_count=3318 3147 2946 2870 2732 1054 1678 1349 450 1331 1297 201 604 329
is_linear=0
shrinkage=0.05


Tree=148
num_leaves=15
num_cat=0
split_feature=21 21 11 30 30 0 12 27 0 22 29 12 21 28
split_gain=0.995666 1.88851 1.43637 1.62332 1.34602 1.43243 1.49445 1.41437 1.21171 2.10898 0.971805 0.867633 0.803725 0.788854
threshold=156.95833333333334 149.87500000000003 165.50000000000003 177.50000000000003 124.50000000000001 6.5000000000000009 153.50000000000003 30.386218881108373 10.500000000000002 177.50000000000003 -3.4999999999999996 147.50000000000003 91.020833333333357 -0.14583333333333329
decision_type=2 2 2 2 2 2 2 2 2 2 2 2 2 2
left_child=1 2 3 4 5 -1 8 13 12 -10 -9 -3 -7 -6
right_child=-2 11 -4 -5 7 6 -8 10 9 -11 -12 -13 -14 -15
leaf_value=-0.016550789778158038 -0.010608839392901921 0.022484305797478621 -0.01586651828885749 0.021182590823932475 0.0162493144876159 0.026247407890687108 -0.0099792329288479909 0.00067460859629477239 -0.018669216923129443 0.016382130740741477 -0.028058435988878017 0.0005393278689617136 0.0034812456785133722 -0.0073422509603000346
leaf_weight=2.45285612359294 13.301500886911525 8.9367772683035565 9.6374511173926276 4.0667909514158955 2.1727019750978798 8.9459971629548907 5.3986941550974725 3.7198497473727903 4.1188446119194841 3.1951081533916295 5.8716336952056727 7.0261860573082222 7.7977147968485943 2.8578934357501558
leaf_count=1011 144 165 151 36 93 126 83 85 770 65 302 93 97 97
internal_value=-7.73921e-05 0.00230108 -0.00203878 0.00178504 -0.00180111 0.00399597 0.00786035 -0.0122465 0.0128919 -0.00292257 -0.0205023 0.0152576 0.0188835 0.00586773
internal_weight=89.5 76.1985 60.2355 50.5981 46.5313 31.9092 29.4564 14.6221 24.0577 7.31395 9.59148 15.963 16.7437 5.0306
internal_count=3318 3174 2916 2765 2729 2152 1141 577 1058 835 387 258 223 190
is_linear=0
shrinkage=0.05


Tree=149
num_leaves=15
num_cat=0
split_feature=29 29 28 17 21 24 22 31 0 20 24 20 16 5
split_gain=0.970128 1.46456 1.99475 1.81454 1.94931 2.61964 1.93477 1.78669 1.57153 1.90897 1.55625 2.75522 2.30957 1.42846
threshold=-12.499999999999998 -6.4999999999999991 0.35416666666666669 168.79166666666671 156.95833333333334 11.583333333333334 177.50000000000003 23.500000000000004 10.500000000000002 1.5000000000000002 8.7500000000000018 1.0000000180025095e-35 39.500000000000007 21.500000000000004
decision_type=2 2 2 2 2 2 2 2 2 2 2 2 2 2
left_child=-1 2 -2 4 5 6 8 -7 10 -10 11 13 -13 -3
right_child=1 3 -4 -5 -6 7 -8 -9 9 -11 -12 12 -14 -15
leaf_value=-0.013303342960746221 -0.0035062584089044363 -0.011635152752505417 0.029002106558605741 0.018008266619447939 -0.02294046935525219 0.0046104436634615571 0.017021617000697195 -0.030397874182852114 -0.027232944158026406 0.010810220837330622 0.021940654591549619 -0.029284651501100597 0.0062510806948073531 0.019077169270237435
leaf_weight=7.1538681206293395 6.9675612188293581 1.3938234171364516 5.2704954602522776 5.6025786362588397 6.5860310980351633 3.8188338826876116 15.030507567746097 5.4540333567420021 5.3530942613142534 1.6414618684211744 3.6658530028071246 6.4961813596019038 5.1549345869570971 9.5371639586519432
leaf_count=268 190 197 95 35 73 56 239 134 966 131 33 358 63 480
internal_value=-7.51117e-05 0.00177777 0.0148453 -0.0013553 -0.00422701 -0.000422612 0.00470574 -0.019416 -0.00236027 -0.0175204 0.00383663 -0.00254685 -0.0164062 0.0127384
internal_weight=89.1264 81.9726 12.2381 69.7345 64.1319 57.5459 48.273 9.27287 33.2425 6.99456 26.248 22.5821 11.6511 10.931
internal_count=3318 3050 285 2765 2730 2657 2467 190 2228 1097 1131 1098 421 677
is_linear=0
shrinkage=0.05


Tree=150
num_leaves=15
num_cat=0
split_feature=7 9 24 24 16 20 15 29 11 19 34 28 27 26
split_gain=0.955245 1.85227 1.00646 2.17383 2.19463 1.18061 1.08362 1.02918 1.00072 1.48375 1.14771 0.823373 0.747025 0.683018
threshold=175.50000000000003 176.50000000000003 7.916666666666667 6.0833333333333348 -3.4999999999999996 -14.499999999999998 4.4347115652186604 -4.4999999999999991 156.50000000000003 1.5508919199760427 0.0085227272727272738 -5.9791666666666652 29.975016052638924 192.50000000000003
decision_type=2 2 2 2 2 2 2 2 2 2 2 2 2 2
left_child=1 2 3 4 5 -1 -4 13 9 -6 -11 -12 -8 -7
right_child=-2 -3 6 -5 8 7 12 -9 -10 10 11 -13 -14 -15
leaf_value=-0.010280831317550507 -0.010036105091890747 0.019754384883840723 0.0072519564572448309 0.017387863325973498 0.0043289335106294095 -0.013023538714961761 0.0010191279359071897 0.023102405149931858 0.0019736707772865163 0.006824506099113334 0.0042361415914734671 -0.032708606641641678 -0.019788282770806531 0.010120863190942157
leaf_weight=1.9172066041501228 14.427326048724352 7.8084385972470036 4.5807176106609431 12.785778819117693 3.7341556143364931 2.1395207181922156 5.3061608991120002 7.260717415483664 7.0625194396125144 0.59728331491351028 0.50916988414245778 8.7901318460062665 10.650722324091474 1.0498729117680339
leaf_count=254 133 53 66 156 273 263 90 387 146 4 32 1231 173 57
internal_value=-0.000106078 0.00233663 -0.000952302 0.00318095 -0.00387585 0.0103865 -0.00899531 0.0162782 -0.0127622 -0.0188779 -0.0261483 -0.0299118 -0.0142768 -0.0038772
internal_weight=88.6197 74.1924 66.384 45.8464 33.0606 12.3673 20.5376 10.4501 20.6933 13.6307 9.89659 9.2993 15.9569 3.18939
internal_count=3318 3185 3132 2803 2647 961 329 707 1686 1540 1267 1263 263 320
is_linear=0
shrinkage=0.05


Tree=151
num_leaves=15
num_cat=0
split_feature=15 15 10 10 31 20 12 9 31 29 20 19 14 29
split_gain=0.962196 1.47297 2.27006 1.77385 2.04155 1.68765 1.54629 2.07437 1.14407 1.09267 1.08741 1.01914 0.849923 1.03497
threshold=21.360009363293909 17.606816861659571 169.50000000000003 132.50000000000003 179.50000000000003 18.833333333333339 161.50000000000003 90.500000000000014 173.50000000000003 -1.4999999999999998 12.833333333333334 1.5642792899726887 180.50000000000003 -6.4999999999999991
decision_type=2 2 2 2 2 2 2 2 2 2 2 2 2 2
left_child=1 2 3 6 5 9 7 8 11 -5 -3 -1 13 -9
right_child=-2 10 -4 4 -6 -7 -8 12 -10 -11 -12 -13 -14 -15
leaf_value=0.0070014483974458934 -0.012743640267782297 -0.0029228122237028851 -0.021478265104694666 0.0024045576590621988 -0.0083082828197122253 -0.0035891254709469952 0.011893347873236473 0.0014751336154587677 0.010402481966105159 0.034066370281885139 0.024461836816286678 -0.015933404340321967 0.0038756950304181742 -0.032964330068970149
leaf_weight=4.1387038350803795 7.9989770022220901 3.9857279432471824 6.6130047289188942 4.4574676516349454 6.080819195136427 4.7515564817003897 7.4661273595411322 2.1793051974382243 10.685197073966263 8.1524364477372746 5.9121093256399035 7.9164836543495767 1.3045983314514149 6.5600760368979527
leaf_count=335 171 150 76 202 58 48 95 202 183 153 51 830 9 755
internal_value=-7.63459e-05 0.0018607 -0.00109059 0.00243547 0.0120853 0.0194888 -0.00389908 -0.00859349 0.000769477 0.0267348 0.0161545 -0.00831532 -0.0230022 -0.0269648
internal_weight=88.2026 80.2036 70.3058 63.6928 23.4423 17.3615 40.2505 32.7844 22.7404 12.6099 9.89784 12.0552 10.044 8.73938
internal_count=3318 3147 2946 2870 461 403 2409 2314 1348 355 201 1165 966 957
is_linear=0
shrinkage=0.05


Tree=152
num_leaves=15
num_cat=0
split_feature=31 7 9 11 26 27 19 19 27 19 5 24 0 19
split_gain=0.935831 1.45324 2.31487 1.11873 1.15378 3.35003 3.84275 2.37966 2.21346 1.63976 1.00271 1.22568 0.928952 0.86161
threshold=192.50000000000003 175.50000000000003 176.50000000000003 176.50000000000003 183.00000000000003 28.725970084276724 14.468356276138746 20.886417218908953 31.69788857875027 12.741901266299093 165.50000000000003 1.0000000180025095e-35 8.5000000000000018 10.120486274098448
decision_type=2 2 2 2 2 2 2 2 2 2 2 2 2 2
left_child=1 2 3 4 7 -6 13 9 -9 10 11 12 -1 -7
right_child=-2 -3 -4 -5 5 6 -8 8 -10 -11 -12 -13 -14 -15
leaf_value=0.015536367362562515 0.012688312135288957 -0.014724413302728764 0.020966053178558656 0.012729503580571681 0.018557868721794959 -0.0096566213181943777 -0.035171754430650633 -0.0073052738940866157 0.024271025041771404 -0.025825054127474895 0.016324686950213246 -0.016210469684702494 -0.0090353260901227094 0.015355906769373233
leaf_weight=4.5704592633992451 7.5200105458497992 12.691181527450679 7.4660309869796029 5.5200210278853765 2.5699800286674899 1.3285226644366073 10.476503291691186 6.0302854109322643 9.4164936686283891 4.7630405865493222 1.988335795700549 6.9035565947415307 2.2724765882012434 4.2812412898638286
leaf_count=320 58 123 51 53 36 195 419 223 225 395 16 409 635 160
internal_value=-8.08832e-05 -0.00195084 0.00129677 -0.00256807 -0.00505277 -0.0136304 -0.0219539 0.000520065 0.0131719 -0.00972748 0.000197789 -0.00586677 0.00700679 0.0076731
internal_weight=87.7981 80.2781 67.5869 60.1209 54.6009 18.6562 16.0863 35.9446 15.4468 20.4979 15.7348 13.7465 6.84294 5.60976
internal_count=3318 3260 3137 3086 3033 810 774 2223 448 1775 1380 1364 955 355
is_linear=0
shrinkage=0.05


Tree=153
num_leaves=15
num_cat=0
split_feature=3 22 22 0 11 13 27 9 19 5 9 10 7 3
split_gain=0.920711 1.5713 1.52843 1.68389 1.13239 1.60788 2.66682 1.84947 1.60933 1.17681 1.13559 1.72955 1.00053 0.941826
threshold=174.50000000000003 196.00000000000003 187.50000000000003 14.500000000000002 168.50000000000003 106.62500000000001 31.975319429703074 23.500000000000004 23.771951066636039 21.500000000000004 99.500000000000014 132.50000000000003 104.50000000000001 102.50000000000001
decision_type=2 2 2 2 2 2 2 2 2 2 2 2 2 2
left_child=1 2 3 4 5 7 8 9 -7 -1 -8 -12 -9 -14
right_child=-2 -3 -4 -5 -6 6 10 12 -10 -11 11 -13 13 -15
leaf_value=-0.012413225308675406 0.013917457491472652 -0.022404306977067429 0.013368475696111118 -0.018362280631912923 -0.011712038689034471 0.0065969806407071042 0.031274205384776252 -0.027353187866177547 -0.023463304654446585 0.014584146397440427 -0.00995383418528103 0.017828755967560127 0.014177512806418924 -0.012539669913276151
leaf_weight=1.532584192405922 5.550507239997386 3.308642301708459 13.10667140886653 9.1274655876914021 9.1915923939086479 6.0584542269352841 6.8733962546102729 4.8290714191971329 3.3258154389914125 7.6244284560671076 5.7014140097890031 7.7628916357643902 1.8247346156276765 1.4453339487663468
leaf_count=241 38 48 120 1173 120 162 78 543 68 271 127 64 120 145
internal_value=-3.05192e-05 -0.00172584 0.000437598 -0.00292417 0.000880358 0.00423378 0.0106549 -0.00673499 -0.00850921 0.00727739 0.0194318 0.00655461 -0.0193082 0.00192688
internal_weight=87.263 81.7125 78.4039 65.2972 56.1697 46.9781 29.722 17.2562 9.38427 9.15701 20.3377 13.4643 8.09914 3.27007
internal_count=3318 3280 3232 3112 1939 1819 499 1320 230 512 269 191 808 265
is_linear=0
shrinkage=0.05


Tree=154
num_leaves=15
num_cat=0
split_feature=34 25 14 24 31 21 19 20 29 5 15 16 15 33
split_gain=0.90055 1.47282 1.40768 1.49217 1.3376 1.30917 2.16943 1.46664 1.69377 1.1638 1.72639 1.11528 1.11118 0.990277
threshold=1.0000000180025095e-35 136.90625000000003 179.50000000000003 11.583333333333334 25.500000000000004 156.95833333333334 20.886417218908953 1.0000000180025095e-35 -6.4999999999999991 22.500000000000004 7.135591542869542 -6.4999999999999991 7.7028133388613798 169.50000000000003
decision_type=2 2 2 2 2 2 2 2 2 2 2 2 2 2
left_child=-1 2 3 5 -5 6 7 9 -9 -2 11 -11 -8 -3
right_child=1 13 -4 4 -6 -7 12 8 -10 10 -12 -13 -14 -15
leaf_value=0.016372555500144281 -0.012039319953888036 -0.024952276782135577 0.01619543665303546 0.002531815348424084 -0.026480791813043188 -0.014515301613530349 -0.0016616276319998437 0.0086241263999336897 -0.023688977999226552 -0.0042170694155991015 -0.0099085786597794944 0.024557377121689886 0.02160494170587797 0.0011255027958894314
leaf_weight=2.6445087343454352 3.4390392273198875 4.9800857728114334 8.2586031630635244 5.3137777078663913 4.883702406368684 5.3127650768728918 6.059681671671572 2.8523616368765943 7.9444020240043738 2.7437700715381608 4.1716525406227438 8.7133774842950533 14.409391460823825 5.0809769108891487
leaf_count=13 583 128 57 82 120 78 310 68 616 192 353 397 283 38
internal_value=-0.000102684 -0.00150944 0.00130327 -0.00157581 -0.0155036 0.00204429 0.00494585 -0.00365097 -0.0151246 0.00463815 0.0103365 0.0184788 0.0157431 -0.0157811
internal_weight=86.8081 84.1636 74.1025 65.8439 10.1975 55.6464 50.3337 29.8646 10.7968 19.0678 15.6288 11.4571 20.4691 10.0611
internal_count=3318 3305 3139 3082 202 2880 2802 2209 684 1525 942 589 593 166
is_linear=0
shrinkage=0.05


Tree=155
num_leaves=15
num_cat=0
split_feature=15 26 7 6 8 31 16 30 0 19 6 11 32 15
split_gain=0.894279 1.38023 1.98502 1.67621 2.23117 2.17222 1.60863 2.34892 1.39557 0.875753 1.13691 0.678268 0.640287 0.598009
threshold=21.360009363293909 175.50000000000003 174.50000000000003 166.50000000000003 151.50000000000003 163.50000000000003 33.500000000000007 124.50000000000001 7.5000000000000009 1.5954480704561667 115.50000000000001 159.50000000000003 183.50000000000003 26.285293733696083
decision_type=2 2 2 2 2 2 2 2 2 2 2 2 2 2
left_child=1 8 3 4 5 -3 7 -7 9 -1 -11 -6 -10 -2
right_child=13 2 -4 -5 11 6 -8 -9 12 10 -12 -13 -14 -15
leaf_value=0.015911985105572981 -0.019663875807656432 -0.019449931496504893 -0.0090321176272020031 -0.0068023964196530264 0.029806405034723711 0.015022389587675239 0.023647362413670554 -0.017115513057039084 -0.024989440587983112 -0.017013358755996497 0.011962470061570502 0.0040205883144976027 0.0042819019251098571 0.001744468448580944
leaf_weight=2.5870879010763002 3.9391152280732049 3.7969672861509052 15.084398940671234 9.4297858588397485 12.43692381453002 6.1690227675717342 6.0844497717916957 6.6290925829671323 5.8938391725532711 3.4255623987119179 1.2367978877737185 5.037794566480442 0.68585203192196775 3.9578643444692716
leaf_count=130 99 861 150 78 226 80 39 137 932 405 22 70 17 72
internal_value=-0.0001724 0.00172933 0.00488447 0.0095577 0.0137275 0.00215918 0.0096667 -0.00175594 -0.010404 0.00424395 -0.00711416 0.0249209 -0.0214068 -0.0124177
internal_weight=86.3946 78.4976 64.6684 49.584 40.1543 22.6795 18.8826 12.7981 13.8291 7.24945 4.66236 17.4747 6.57969 7.89698
internal_count=3318 3147 1641 1491 1413 1117 256 217 1506 557 427 296 949 171
is_linear=0
shrinkage=0.05


Tree=156
num_leaves=15
num_cat=0
split_feature=17 21 24 13 13 13 23 0 10 19 20 14 25 18
split_gain=0.909734 1.69694 2.09403 2.36275 2.79382 2.65184 1.57278 1.51386 1.6516 1.33609 1.84591 0.795466 0.720039 0.604496
threshold=167.29166666666671 156.95833333333334 7.916666666666667 163.12500000000003 138.75000000000003 103.37500000000001 33.446248389700884 7.5000000000000009 70.500000000000014 24.429707449344871 17.500000000000004 114.50000000000001 137.14062500000003 26.500000000000004
decision_type=2 2 2 2 2 2 2 2 2 2 2 2 2 2
left_child=1 2 3 4 5 6 7 8 13 10 -4 -7 -13 -1
right_child=-2 -3 9 -5 -6 11 -8 -9 -10 -11 -12 12 -14 -15
leaf_value=-0.0016515452218651121 0.011208502915035426 -0.019347416554267954 -0.012197216504984303 0.026669813555563394 -0.021968285856412972 -0.0037042815710377993 0.014662269939026291 -0.025196416435189502 -0.017137037806422586 -0.018811305350586283 0.017070961244624535 0.025990114292329933 -0.00086396501622285353 0.02189552187589193
leaf_weight=3.2570900727296266 9.8331365548074228 7.3289464799454427 6.385770342138132 6.6254957602359346 5.5857773490715763 1.9726520343392646 2.4352530161268069 5.9174568016314879 2.0897162776673213 12.363341115647925 5.305145253892988 11.78898944359389 2.5630303101497693 2.5152271680999547
leaf_count=230 77 108 159 49 303 164 139 791 367 147 53 535 64 132
internal_value=-0.000187131 -0.00225898 0.000748639 0.00693129 0.000806641 0.00712153 -0.00644113 -0.0130815 0.00228705 -0.00996698 0.00221941 0.0189445 0.0222103 0.0140093
internal_weight=85.967 76.1339 68.8049 44.7507 38.1252 32.5394 16.2147 13.7795 7.86203 24.0543 11.6909 16.3247 14.352 5.77232
internal_count=3318 3241 3133 2774 2725 2422 1659 1520 729 359 212 763 599 362
is_linear=0
shrinkage=0.05


Tree=157
num_leaves=15
num_cat=0
split_feature=19 21 24 8 24 5 13 13 5 9 27 33 23 18
split_gain=0.897857 2.4724 2.79862 2.18721 2.09528 2.18192 2.03965 3.03547 1.70654 1.61351 1.63259 1.58424 0.899533 0.639434
threshold=12.421724539737948 156.95833333333334 7.416666666666667 171.50000000000003 6.7500000000000009 25.500000000000004 163.12500000000003 138.75000000000003 22.500000000000004 172.50000000000003 32.846809186605746 173.50000000000003 29.469186806128516 26.500000000000004
decision_type=2 2 2 2 2 2 2 2 2 2 2 2 2 2
left_child=3 2 6 4 5 8 7 11 13 10 -4 12 -2 -1
right_child=1 -3 9 -5 -6 -7 -8 -9 -10 -11 -12 -13 -14 -15
leaf_value=-0.018782066070042888 -0.013485593280538721 -0.02317441644086329 -0.0011636481543394019 0.024897247052120937 0.015716791470127348 -0.027368035819453091 0.028475492296580286 -0.02242875673399497 0.018488360765172324 0.006278581330745635 -0.029433140617886357 0.021781726482661835 0.0091595269719023185 0.0059301006718620979
leaf_weight=2.8093513532658165 4.5936759212927516 7.8273291175719342 9.5165312829194644 5.9161041611805549 5.6106471082894123 5.6008261024835511 6.2385733593255273 4.3603034941479555 4.3125476601999253 7.714609593152999 7.2141859275288871 9.1558756874874216 3.463424758228939 1.0992566068307494
leaf_count=557 663 109 137 47 100 648 46 215 235 70 105 93 142 151
internal_value=-0.000189892 -0.0034918 0.00122262 0.00692252 -0.00252495 -0.0121378 0.0111718 0.00175153 0.00466428 -0.0100717 -0.0173208 0.0115466 -0.00397144 -0.0124045
internal_weight=85.4332 60.0845 52.2572 25.3487 19.4326 13.822 27.8119 21.5733 8.22116 24.4453 16.7307 17.213 8.0571 3.90861
internal_count=3318 1580 1471 1738 1691 1591 1159 1113 943 312 242 898 805 708
is_linear=0
shrinkage=0.05


Tree=158
num_leaves=15
num_cat=0
split_feature=12 17 7 8 9 18 7 8 9 17 30 30 20 31
split_gain=0.900021 1.93111 1.76675 2.97293 1.36116 1.68421 1.29622 1.61369 1.9076 1.87515 1.03883 2.42982 0.98529 0.779275
threshold=151.50000000000003 169.95833333333334 168.50000000000003 93.500000000000014 23.500000000000004 26.500000000000004 102.50000000000001 106.50000000000001 156.50000000000003 148.20833333333334 177.50000000000003 165.50000000000003 -1.8333333333333333 183.50000000000003
decision_type=2 2 2 2 2 2 2 2 2 2 2 2 2 2
left_child=1 4 3 -2 5 -1 13 -8 -9 -10 11 -5 -11 -6
right_child=2 -3 -4 10 6 -7 7 8 9 12 -12 -13 -14 -15
leaf_value=-0.0061789168983757553 -0.021913028648613091 0.022614314868241069 -0.022218058976159961 0.015324227631711854 -0.025709283465135287 0.024853783276665962 0.014942915812768007 -0.022454470634516516 0.017531466926886764 0.0051530148411708639 0.022499083524657307 -0.018517204797541389 -0.016542426680005617 0.0036257859930195224
leaf_weight=4.9369972178246808 4.7126887369668173 5.8114249743521205 6.9420625818893305 7.0773964403197187 4.360035699006402 4.9908035870175809 7.7145802270388222 6.5074125847022541 6.9674163091112886 5.9316682093776771 5.6914135180413714 4.4616633052937686 7.2243502873461667 1.5268494361080227
leaf_count=583 102 41 90 167 603 265 258 780 117 91 32 79 93 17
internal_value=-0.000198083 0.00344332 -0.00672103 0.001395 -0.00062633 0.0125209 -0.00489601 -0.000113939 -0.0061483 0.00254412 0.0112647 0.000596964 -0.00803532 -0.0199299
internal_weight=84.8568 55.9715 28.8852 21.9432 50.1601 9.9278 40.2323 34.3454 26.6308 20.1234 17.2305 11.5391 13.156 5.88689
internal_count=3318 2848 470 380 2807 848 1959 1339 1081 301 278 246 184 620
is_linear=0
shrinkage=0.05


Tree=159
num_leaves=15
num_cat=0
split_feature=12 17 7 8 29 15 14 17 24 20 5 30 30 26
split_gain=0.860799 1.83555 1.67055 2.8311 1.31005 1.48723 2.68618 1.41978 1.30404 1.21695 1.52527 0.997151 2.30942 0.876602
threshold=151.50000000000003 169.95833333333334 168.50000000000003 93.500000000000014 13.500000000000002 6.1644140029703172 173.50000000000003 106.50000000000001 -1.5833333333333333 20.166666666666668 21.500000000000004 177.50000000000003 165.50000000000003 176.50000000000003
decision_type=2 2 2 2 2 2 2 2 2 2 2 2 2 2
left_child=1 4 3 -2 5 8 7 -7 -1 10 -10 12 -5 -12
right_child=2 -3 -4 11 -6 6 -8 -9 9 -11 13 -13 -14 -15
leaf_value=-0.013820048392468809 -0.021497631211308862 0.022070518941789935 -0.02174423267010675 0.014858614833816475 0.016925085143935422 0.00070175195049442364 0.0073566026356703231 -0.033655177435097459 -0.012773441807573192 -0.012197915404305405 0.0018717529073586947 0.02197967128253122 -0.01816929043286759 0.023001568137067437
leaf_weight=3.8439406489196726 4.6614860192057739 5.7808604054152957 6.8499808106571427 7.0905596284428629 4.0836715073673977 3.7463622299837898 7.549199288187082 6.9839878645143472 1.6077446545823537 2.0866182339377692 8.2970489581348392 5.6537341400980941 4.416634714230895 11.743984713626558
leaf_count=586 102 41 90 167 107 361 71 484 406 39 554 32 79 199
internal_value=-0.000211132 0.00335575 -0.00661215 0.0013057 -0.000621862 -0.00369471 -0.0130959 -0.0252496 0.00358993 0.00832357 0.0122191 0.0109527 0.000518283 0.0163742
internal_weight=84.3958 55.7234 28.6724 21.8224 49.9426 45.8589 18.2795 10.7304 27.5793 23.7354 21.6488 17.1609 11.5072 20.041
internal_count=3318 2848 470 380 2807 2700 916 845 1784 1198 1159 278 246 753
is_linear=0
shrinkage=0.05


Tree=160
num_leaves=15
num_cat=0
split_feature=3 22 26 25 27 8 26 31 20 0 24 34 13 11
split_gain=0.842589 1.38012 1.39413 1.67634 1.85134 2.11379 1.77787 1.8404 1.53845 1.50905 1.38336 1.20849 1.01341 0.998324
threshold=174.50000000000003 196.00000000000003 192.50000000000003 127.15104166666667 28.628881935386762 175.50000000000003 177.50000000000003 55.000000000000007 -2.4999999999999996 14.500000000000002 11.250000000000002 0.088068181818181837 103.37500000000001 26.500000000000004
decision_type=2 2 2 2 2 2 2 2 2 2 2 2 2 2
left_child=1 2 3 6 -5 -6 7 13 -4 10 12 -10 -8 -1
right_child=-2 -3 8 4 5 -7 9 -9 11 -11 -12 -13 -14 -15
leaf_value=-0.0051939734397055074 0.013199934805299938 -0.021506784418308902 0.021489865350139942 0.0065422464487109467 -0.032369721638029418 0.0070369292050279676 0.00023298202467284727 -0.02493426706488763 -0.015954508258613206 -0.011070997341295675 -0.0047991475345920322 0.0091239700761199371 0.026627647521394338 0.017461011368059817
leaf_weight=10.012058764928954 5.347297826781868 3.1251788447843856 8.6635294387815538 4.6587865035398854 8.3965277455863525 2.5014308393001548 4.8265302082290935 5.0675718655984374 4.0017919777892512 3.3694774648174635 5.0688772723078719 5.5875759319751523 10.94094169908203 2.3312170119024804
leaf_count=657 38 48 218 127 327 21 288 947 43 250 57 145 120 32
internal_value=-0.000274797 -0.00192711 0.000170761 -0.00374558 -0.0154531 -0.0239562 0.00181886 -0.00896839 0.0106055 0.00978499 0.0146475 -0.00322279 0.0205494 0.00288517
internal_weight=83.8988 78.5515 75.4263 57.1734 15.5567 10.898 41.6167 17.4108 18.2529 24.2058 20.8363 9.58937 15.7675 12.3433
internal_count=3318 3280 3232 2826 475 348 2351 1636 406 715 465 188 408 689
is_linear=0
shrinkage=0.05


Tree=161
num_leaves=15
num_cat=0
split_feature=19 21 24 6 13 13 9 27 33 5 5 16 23 18
split_gain=0.848224 2.2624 2.60276 1.98002 1.92544 2.7409 1.52918 1.54621 1.42874 1.1053 1.58924 0.829462 0.829142 0.599673
threshold=12.421724539737948 156.95833333333334 7.416666666666667 112.50000000000001 163.12500000000003 138.75000000000003 172.50000000000003 32.846809186605746 173.50000000000003 25.500000000000004 22.500000000000004 -6.4999999999999991 29.469186806128516 26.500000000000004
decision_type=2 2 2 2 2 2 2 2 2 2 2 2 2 2
left_child=3 2 4 9 5 8 7 -4 12 10 13 -5 -2 -1
right_child=1 -3 6 11 -6 -7 -8 -9 -10 -11 -12 -13 -14 -15
leaf_value=-0.01824857345727442 -0.013104652202675433 -0.022535351705644621 -0.0011535812291156714 -0.0011763990928230173 0.02762162009233279 -0.021705901782991328 0.0061205734556125371 -0.02890703884472073 0.020665048289476157 -0.018354116906483926 0.01794516280775621 0.023856995680191839 0.0087373490602547423 0.0057436891338326218
leaf_weight=2.6924863234744429 4.4789428924850752 7.5943923322483888 9.35647182015237 3.7925806549610561 6.100714156869798 4.1716214679763644 7.5632247873581937 7.0294569239486 8.9625882012769562 4.4210112575674421 4.322016456280835 8.4187124338932318 3.4269117680960335 1.0946571047534233
leaf_count=557 663 109 137 137 46 215 70 105 93 501 235 157 142 151
internal_value=-0.000304735 -0.00354456 0.00103559 0.00668381 0.0107493 0.00149269 -0.00992786 -0.0170344 0.0108809 -0.00633196 0.00472296 0.017999 -0.00391988 -0.0119915
internal_weight=83.4258 58.6843 51.0899 24.7415 27.1408 21.0401 23.9492 16.3859 16.8684 12.5302 8.10916 12.2113 7.90585 3.78714
internal_count=3318 1580 1471 1738 1159 1113 312 242 898 1444 943 294 805 708
is_linear=0
shrinkage=0.05


Tree=162
num_leaves=15
num_cat=0
split_feature=12 17 7 9 32 9 5 7 8 9 17 20 31 9
split_gain=0.808222 1.70902 1.53277 2.27713 1.31334 1.30978 1.5349 1.20469 1.48506 1.69892 1.78749 0.893101 0.738304 0.605379
threshold=151.50000000000003 169.95833333333334 168.50000000000003 88.500000000000014 167.50000000000003 23.500000000000004 21.500000000000004 102.50000000000001 106.50000000000001 156.50000000000003 148.20833333333334 -1.8333333333333333 183.50000000000003 74.500000000000014
decision_type=2 2 2 2 2 2 2 2 2 2 2 2 2 2
left_child=1 5 3 -2 -5 6 -1 12 13 -10 -11 -12 -7 -9
right_child=2 -3 -4 4 -6 7 -8 8 9 10 11 -13 -14 -15
leaf_value=-0.012163320072652997 -0.019151304166769554 0.021316238531407447 -0.02116114936916191 -0.0072301657680839231 0.01709886085967199 -0.025215014389060958 0.019515919566715671 -0.0029196013797612658 -0.021649278621815368 0.016944873245600983 0.0046771468869770743 -0.016220708432072625 0.0034932560798235884 0.019979600192103847
leaf_weight=1.5146702801575873 4.7490015837829622 5.6537444479763499 6.6890421845018855 4.8897884009638828 11.814041272853499 4.2261097033915567 8.3500630462076497 2.4585091937333337 6.2595395815733381 6.8452247849199948 5.7953683966770777 7.1075348004233065 1.517402676399797 5.054676696046954
leaf_count=366 105 41 90 131 144 603 482 34 780 117 91 93 17 224
internal_value=-0.00033404 0.00315631 -0.0065797 0.00110726 0.00995198 -0.0007095 0.0121966 -0.00496344 -0.000255285 -0.00609354 0.0022149 -0.00814959 -0.0195345 0.0143139
internal_weight=82.9247 54.7828 28.1419 21.4528 16.7038 49.1291 9.86473 39.2644 33.5209 26.0077 19.7481 12.9029 5.74351 7.51319
internal_count=3318 2848 470 380 275 2807 848 1959 1339 1081 301 184 620 258
is_linear=0
shrinkage=0.05


Tree=163
num_leaves=15
num_cat=0
split_feature=31 7 18 9 18 8 12 7 23 19 15 29 1 8
split_gain=0.798466 1.23177 1.8915 1.65471 1.53175 1.2225 1.13414 0.919469 0.853112 1.0353 0.543343 0.765626 0.515426 0.488079
threshold=192.50000000000003 175.50000000000003 175.50000000000003 23.500000000000004 26.500000000000004 156.50000000000003 161.50000000000003 164.50000000000003 10.515645343272181 10.120486274098448 2.2173557826100425 -2.4999999999999996 4.5000000000000009 173.50000000000003
decision_type=2 2 2 2 2 2 2 2 2 2 2 2 2 2
left_child=1 2 3 4 10 -4 7 8 9 -5 11 -1 -6 -7
right_child=-2 -3 5 6 12 13 -8 -9 -10 -11 -12 -13 -14 -15
leaf_value=0.0073388216967849645 0.011630538672550206 -0.01419125035687732 -0.0045272322894189384 -0.015925560657820213 -0.00010510224308474627 0.0221051476677998 0.0035130603856779181 0.0032265658932376009 -0.026500304415694776 0.0098976771199416232 0.006506122018877617 -0.020322392819836565 0.02645991563473675 0.0037219315005216757
leaf_weight=0.65100224112393323 7.0685164704918853 11.854834319557993 7.4181022287812111 1.980605469550947 2.3120335284620523 9.688425665721299 7.4373637345852321 3.4704453195445231 11.287171634787226 3.864684755273629 1.4827628794591872 3.0282668861909756 3.0333647553343326 7.9840526124462476
leaf_count=22 58 123 86 192 82 121 141 74 1522 45 112 472 192 76
internal_value=-0.000385604 -0.00216326 0.000947922 -0.00578061 0.00853071 0.0105281 -0.0116228 -0.0167057 -0.0205601 -0.00216041 -0.00782366 -0.0140198 0.0204723 0.0164524
internal_weight=82.5616 75.4931 63.6383 38.5477 10.5074 25.0906 28.0403 20.6029 17.1325 5.84529 5.16203 3.67927 5.3454 17.6725
internal_count=3318 3260 3137 2854 880 283 1974 1833 1759 237 606 494 274 197
is_linear=0
shrinkage=0.05


Tree=164
num_leaves=15
num_cat=0
split_feature=10 9 31 29 23 10 12 15 5 2 24 20 8 14
split_gain=0.796402 1.3805 1.09577 1.21532 1.4827 1.30927 1.62455 1.43322 0.987458 0.859694 0.763585 0.705145 0.640397 0.767721
threshold=169.50000000000003 176.50000000000003 193.50000000000003 5.5000000000000009 20.216222385712317 123.50000000000001 161.50000000000003 6.1644140029703172 22.500000000000004 3.5000000000000004 -2.9166666666666665 1.0000000180025095e-35 93.500000000000014 116.50000000000001
decision_type=2 2 2 2 2 2 2 2 2 2 2 2 2 2
left_child=1 2 3 5 -5 6 7 8 -1 -6 -7 12 -10 -14
right_child=-2 -3 -4 4 9 10 -8 -9 11 -11 -12 -13 13 -15
leaf_value=-0.012570013646562815 -0.01067869550406407 0.016338072413309302 0.013797237092364073 -0.012178477566209206 0.02152261529796709 0.0031733799252811842 0.014777284839171824 -0.020630046948796832 0.018592930560092726 -0.0030863543999450596 -0.022316467030006091 -0.0059412153389670763 -0.01399730853703751 0.010353818315480927
leaf_weight=3.8907020806800672 10.439351515611632 8.4435599818825704 5.5378286726772776 2.9107272953842758 7.2678472510306147 2.2195194884552629 6.6880207088543093 6.9694466539367559 6.8421644089976308 3.4153900227684062 10.773059496306811 3.7308905840618527 1.5775536877335983 1.554414836456999
leaf_count=747 127 56 46 194 125 249 94 481 287 132 280 259 173 68
internal_value=-0.00033313 0.00176778 -0.00122612 -0.00364788 0.00762197 -0.00753271 -0.00115481 -0.00725796 0.00143157 0.0151795 -0.0182902 0.00770401 0.0130876 -0.0029765
internal_weight=82.2605 71.8211 63.3776 57.8397 13.594 44.2458 31.2532 24.5652 17.5957 10.6832 12.9926 13.705 9.97413 3.13197
internal_count=3318 3191 3135 3089 451 2638 2109 2015 1534 257 529 787 528 241
is_linear=0
shrinkage=0.05


Tree=165
num_leaves=15
num_cat=0
split_feature=12 17 1 18 29 15 14 17 24 20 5 27 26 0
split_gain=0.795505 1.6071 1.42216 1.70686 1.18727 1.31109 2.44558 1.32593 1.1941 1.09717 1.33797 1.03071 0.809502 1.03007
threshold=151.50000000000003 169.95833333333334 1.5000000000000002 171.50000000000003 13.500000000000002 6.1644140029703172 173.50000000000003 106.50000000000001 -1.5833333333333333 20.166666666666668 21.500000000000004 33.221279308920096 176.50000000000003 8.5000000000000018
decision_type=2 2 2 2 2 2 2 2 2 2 2 2 2 2
left_child=1 4 11 -4 5 8 7 -7 -1 10 -10 -2 13 -12
right_child=2 -3 3 -5 -6 6 -8 -9 9 -11 12 -13 -14 -15
leaf_value=-0.013369587026974007 0.013416240978952138 0.020808745722450114 0.0042308534332020017 -0.025859378706291826 0.016115455677483844 0.00087864158227900745 0.0070383252371507693 -0.03266992607026814 -0.01203740025981136 -0.011656555450522809 0.010488277930690999 -0.0074214278042830616 0.021990761383486716 -0.014142463582791687
leaf_weight=3.7704279525496558 7.4232618215610291 5.5920895189046851 5.4545534740318535 8.0512348244665173 4.013374453643336 3.6038863940339088 7.391140191757585 6.6048625404655468 1.4940574755892218 2.0113908775383598 6.2431285420316289 6.9225792073993944 11.440818214730823 1.8586793482536448
leaf_count=586 91 41 141 132 107 361 71 484 406 39 253 106 199 301
internal_value=-0.000327567 0.00316172 -0.00654684 -0.0158472 -0.000632422 -0.00362307 -0.0125822 -0.0244314 0.00330975 0.00793524 0.0116872 0.00404174 0.0155838 0.00159691
internal_weight=81.8755 54.0239 27.8516 13.5058 48.4318 44.4184 17.5999 10.2087 26.8185 23.0481 21.0367 14.3458 19.5426 8.10181
internal_count=3318 2848 470 273 2807 2700 916 845 1784 1198 1159 197 753 554
is_linear=0
shrinkage=0.05


Tree=166
num_leaves=15
num_cat=0
split_feature=3 25 25 9 14 0 13 9 7 18 27 33 24 28
split_gain=0.778308 1.2972 1.75686 1.52771 1.48392 1.49343 1.22028 1.49509 1.43884 1.31383 1.05392 0.788024 0.611296 0.571049
threshold=174.50000000000003 136.90625000000003 133.37500000000003 176.50000000000003 170.50000000000003 14.500000000000002 106.62500000000001 23.500000000000004 104.50000000000001 26.500000000000004 31.69788857875027 169.50000000000003 5.0833333333333348 -0.43749999999999994
decision_type=2 2 2 2 2 2 2 2 2 2 2 2 2 2
left_child=1 2 3 4 5 6 7 9 -9 -1 -8 -3 -10 -4
right_child=-2 11 13 -5 -6 -7 10 8 12 -11 -12 -13 -14 -15
leaf_value=-0.0072323602681887205 0.012658366386540202 -0.02386962886847304 0.024915041081079451 0.012595956911408352 -0.018773103401782579 -0.018383418526715638 -0.0044868410635716142 -0.026473982811598424 0.012583027679996979 0.019789670132477875 0.019108401353405538 0.00050246782381801385 -0.0079658146573698997 0.0017347506421522534
leaf_weight=4.9157765920390393 5.2051831986755124 4.6163461176911351 3.6716128473053686 8.5438336711376888 11.510195065464357 4.5307142360252319 4.5308874228503546 4.637048052827593 2.5479434060107451 4.3806685880990699 10.249703053967094 4.7545206844806671 2.3561071631847881 4.9964173540938628
leaf_count=381 38 128 59 69 149 1046 166 528 174 154 152 38 96 140
internal_value=-0.000379554 -0.00199395 0.000871632 -0.00270162 -0.00624503 -0.000727709 0.00372383 -0.00439754 -0.0150437 0.00796882 0.0125696 -0.0156314 0.0036731 0.017076
internal_weight=81.447 76.2418 66.8709 58.2029 49.659 38.1488 33.6181 18.8375 9.5411 9.29645 14.7806 9.37087 4.90405 8.66803
internal_count=3318 3280 3114 2915 2846 2697 1651 1333 798 535 318 166 270 199
is_linear=0
shrinkage=0.05


Tree=167
num_leaves=15
num_cat=0
split_feature=15 15 10 7 0 31 18 0 16 23 20 2 15 27
split_gain=0.772508 1.19629 1.83272 1.32566 1.6475 1.34991 1.92487 1.31316 1.26928 1.22572 0.867024 0.741873 0.485617 0.399336
threshold=21.360009363293909 17.606816861659571 169.50000000000003 121.50000000000001 7.5000000000000009 176.50000000000003 175.50000000000003 6.5000000000000009 45.500000000000007 33.446248389700884 13.500000000000002 2.5000000000000004 26.285293733696083 33.719248498420455
decision_type=2 2 2 2 2 2 2 2 2 2 2 2 2 2
left_child=1 2 3 4 7 6 11 -1 9 -6 13 -5 -2 -3
right_child=12 10 -4 5 8 -7 -8 -9 -10 -11 -12 -13 -14 -15
leaf_value=-0.014415643286567859 -0.018543950198615804 0.0072986936186246361 -0.020013943251804403 0.0081487430873581328 -0.028744176085105929 -0.0035147557574239327 0.022876950461534488 0.01180632103001588 0.0068232187085022203 0.0063972623953557455 0.023329604983463832 -0.014049101201297376 0.0012955798907475524 -0.0093596006006403613
leaf_weight=2.0107956354622738 3.6359295144793569 2.2244281769962964 6.0572279889602205 2.3395335649256621 7.5937853634823096 13.785106852650641 14.247624205891041 11.516761825303547 2.1120053648482999 1.1299142864882012 4.5326583529822528 3.7437087358266581 3.8493976391619071 2.2921418132027611
leaf_count=936 99 95 76 146 918 132 138 143 28 76 36 353 72 70
internal_value=-0.000373625 0.00148272 -0.00129931 0.00206287 -0.00614099 0.00795758 0.0148946 0.00507013 -0.0173189 -0.0235201 0.0147247 -0.00568726 -0.0119083 -0.00163112
internal_weight=81.071 73.5857 64.5365 58.4792 24.3633 34.116 20.3309 13.5276 10.8357 8.7237 9.04923 6.08324 7.48533 4.51657
internal_count=3318 3147 2946 2870 2101 769 637 1079 1022 994 201 499 171 165
is_linear=0
shrinkage=0.05


Tree=168
num_leaves=15
num_cat=0
split_feature=19 21 24 8 24 5 13 13 5 9 27 33 23 18
split_gain=0.755373 2.05605 2.43546 1.76829 1.85452 2.03321 1.76557 2.46792 1.38347 1.36511 1.44013 1.25448 0.69763 0.536994
threshold=12.421724539737948 156.95833333333334 7.416666666666667 171.50000000000003 6.7500000000000009 25.500000000000004 163.12500000000003 138.75000000000003 22.500000000000004 172.50000000000003 32.846809186605746 173.50000000000003 29.469186806128516 26.500000000000004
decision_type=2 2 2 2 2 2 2 2 2 2 2 2 2 2
left_child=3 2 6 4 5 8 7 11 13 10 -4 12 -2 -1
right_child=1 -3 9 -5 -6 -7 -8 -9 -10 -11 -12 -13 -14 -15
leaf_value=-0.017275610836168423 -0.012233964364612968 -0.021792779050727892 -0.0010507863000141224 0.022736937534266449 0.015047361212066963 -0.026523932882109819 0.026737647827343961 -0.020871205237667438 0.017000652148260794 0.00561821026047888 -0.028109875325311451 0.019636444904899301 0.0079641375278240722 0.0054900401810341615
leaf_weight=2.4833214813843427 4.2578795189620093 7.3285424925852558 9.1389668942429143 5.4870255663990966 5.2390404526959164 5.2936672077339608 5.9162639458663753 3.9497607013327061 4.2828120415797457 7.3848651840817174 6.773520110116805 8.7082783058285695 3.3665557924541645 1.0793626348022369
leaf_count=557 663 109 137 47 100 648 46 215 235 70 105 93 142 151
internal_value=-0.000418595 -0.00351421 0.000943337 0.00628423 -0.00244019 -0.0116388 0.0105016 0.00141447 0.00481965 -0.00976164 -0.016536 0.0104325 -0.00369349 -0.0112001
internal_weight=80.6899 56.8246 49.4961 23.8652 18.3782 13.1392 26.1987 20.2825 7.8455 23.2974 15.9125 16.3327 7.62444 3.56268
internal_count=3318 1580 1471 1738 1691 1591 1159 1113 943 312 242 898 805 708
is_linear=0
shrinkage=0.05


Tree=169
num_leaves=15
num_cat=0
split_feature=31 7 9 11 1 18 19 12 5 32 20 23 24 23
split_gain=0.733348 1.18044 1.69183 0.964706 1.00878 1.61461 1.13494 1.59148 1.28445 1.1092 0.94933 0.61632 0.838263 0.520409
threshold=192.50000000000003 175.50000000000003 176.50000000000003 176.50000000000003 5.5000000000000009 26.500000000000004 12.421724539737948 165.50000000000003 164.50000000000003 178.50000000000003 29.833333333333339 1.6891598116762079 6.7500000000000009 33.446248389700884
decision_type=2 2 2 2 2 2 2 2 2 2 2 2 2 2
left_child=1 2 3 4 6 -6 8 9 11 10 -8 -1 13 -13
right_child=-2 -3 -4 -5 5 -7 7 -9 -10 -11 -12 12 -14 -15
leaf_value=0.0072330030979443141 0.01117340135985607 -0.014064335998505807 0.018166247589488281 0.011886235142064343 -0.012082476120407208 0.020128712330577208 -0.024975959556478772 0.0041942982203242198 0.019857907088543878 0.0054912453448220863 0.0047409954316009369 -0.022552980858616137 0.0049427222075976744 0.0043002671949364506
leaf_weight=2.9304831473273207 6.8868657276034346 11.466346021275966 6.8243865538388482 5.1731243138201526 2.3267527472926295 4.5738385626464151 17.643058405257772 8.2806868973420915 2.4916570902569211 2.2140913093462578 1.4245692719705392 4.2198154661455192 3.2114294038619846 0.50682146986946452
leaf_count=352 58 123 51 53 270 176 1142 108 27 23 21 772 85 57
internal_value=-0.00042449 -0.00215837 0.000937075 -0.00253663 -0.00498163 0.0087545 -0.00787296 -0.0127235 0.00340209 -0.0188518 -0.0222321 -0.00543878 -0.0111042 -0.0189432
internal_weight=80.1739 73.2871 61.8207 54.9963 49.8232 6.90059 42.9226 29.5624 13.3602 21.2817 19.0676 10.8685 7.93807 4.72664
internal_count=3318 3260 3137 3086 3033 446 2587 1294 1293 1186 1163 1266 914 829
is_linear=0
shrinkage=0.05


Tree=170
num_leaves=15
num_cat=0
split_feature=12 17 7 8 21 17 21 21 31 11 30 30 6 13
split_gain=0.752502 1.44669 1.35112 2.38571 1.12562 1.37638 1.01609 1.88069 1.19606 1.31217 0.876846 2.0754 0.599265 0.582042
threshold=151.50000000000003 169.95833333333334 168.50000000000003 93.500000000000014 89.395833333333343 22.875000000000004 145.93750000000003 156.95833333333334 193.50000000000003 22.500000000000004 177.50000000000003 165.50000000000003 163.50000000000003 163.12500000000003
decision_type=2 2 2 2 2 2 2 2 2 2 2 2 2 2
left_child=1 4 3 -2 5 -1 8 13 9 -6 11 -5 -7 -8
right_child=2 -3 -4 10 6 12 7 -9 -10 -11 -12 -13 -14 -15
leaf_value=-0.0071831521450484315 -0.020280551007073717 0.019993336807251405 -0.020315036181200546 0.013936810417953539 0.0057404253229838692 0.022190595758637525 -0.00084895649891690442 -0.014108394567056657 0.0079147916609197313 -0.022244464164574682 0.020348299962725129 -0.0177184158984619 -0.0028227254105881194 0.020968026591698732
leaf_weight=5.2278422546223728 4.3686860881862293 5.4355484545230857 6.3272002190351477 6.8216172380198277 3.1928288963099538 7.2855063567985763 3.7935687245917489 4.474808615166693 3.2158070318400851 12.867429301841183 5.446299470961093 4.2134137486573309 1.694693644531071 5.4321439294144511
leaf_count=751 102 41 90 167 186 436 229 77 31 1041 32 79 13 43
internal_value=-0.000294063 0.0031431 -0.00640334 0.000931174 -0.000527658 0.00938447 -0.00547161 0.00414971 -0.0117562 -0.016639 0.00996554 9.40779e-05 0.0181489 0.0148517
internal_weight=79.7974 52.6202 27.1772 20.85 47.1846 14.208 32.9766 13.7005 19.2761 16.0603 16.4813 11.035 8.9802 9.22571
internal_count=3318 2848 470 380 2807 1200 1607 349 1258 1227 278 246 449 272
is_linear=0
shrinkage=0.05


Tree=171
num_leaves=15
num_cat=0
split_feature=15 26 7 6 8 31 16 30 19 2 11 25 15 10
split_gain=0.75321 1.09098 1.61613 1.44088 1.73614 1.72823 1.25565 1.94337 1.17125 0.690148 0.611645 0.520677 0.448174 0.393792
threshold=21.360009363293909 175.50000000000003 174.50000000000003 166.50000000000003 151.50000000000003 163.50000000000003 33.500000000000007 124.50000000000001 1.5642792899726887 2.5000000000000004 158.50000000000003 129.65104166666671 26.285293733696083 21.500000000000004
decision_type=2 2 2 2 2 2 2 2 2 2 2 2 2 2
left_child=1 8 3 4 5 13 7 -7 9 -1 -6 -10 -2 -3
right_child=12 2 -4 -5 10 6 -8 -9 11 -11 -12 -13 -14 -15
leaf_value=-0.0076808910695862946 -0.018122207566903203 0.0038634015004903178 -0.0084866663735506925 -0.0066165162292816139 0.028188267540072 0.014059570236210687 0.021424752586062898 -0.015890208429380586 -0.019756864911777673 0.016059767532305966 0.0037887363604553505 0.0047282764412610243 0.0011372043570433213 -0.020821723172507273
leaf_weight=1.3965077968314283 3.538025675341486 0.31699264631606938 13.791620650794355 8.7915252214297634 10.854585836728804 5.6238742852583545 5.7603810261934987 6.0964841027744114 8.2891856499190872 2.2789389080717228 5.1539986159186801 0.6038799309171744 3.8154985307483003 3.0795341423945501
leaf_count=133 99 19 150 78 216 80 39 137 1171 184 80 18 72 842
internal_value=-0.000265971 0.00158698 0.00450676 0.00888018 0.0129226 0.00215989 0.00905576 -0.00161231 -0.009579 0.00781138 0.0231041 -0.0169909 -0.0117135 -0.0175892
internal_weight=79.391 72.0375 59.469 45.6774 36.8859 20.8773 17.4807 11.7204 12.5685 3.67545 16.0086 8.89307 7.35352 3.39653
internal_count=3318 3147 1641 1491 1413 1117 256 217 1506 317 296 1189 171 861
is_linear=0
shrinkage=0.05


Tree=172
num_leaves=15
num_cat=0
split_feature=12 17 1 18 9 18 7 8 9 17 12 20 31 5
split_gain=0.733822 1.37674 1.28177 1.4922 1.08039 1.26963 1.05241 1.34998 1.37796 1.58731 0.937517 0.770534 0.6164 0.577983
threshold=151.50000000000003 169.95833333333334 1.5000000000000002 171.50000000000003 23.500000000000004 26.500000000000004 102.50000000000001 106.50000000000001 156.50000000000003 148.20833333333334 166.50000000000003 -1.8333333333333333 183.50000000000003 180.50000000000003
decision_type=2 2 2 2 2 2 2 2 2 2 2 2 2 2
left_child=1 4 10 -4 5 -1 12 -8 13 -10 -2 -11 -6 -9
right_child=2 -3 3 -5 6 -7 7 8 9 11 -12 -13 -14 -15
leaf_value=-0.0055186617522864764 -0.0068447072244388662 0.019586646076523551 0.0038295330418278012 -0.024794399848908504 -0.023704708135691456 0.021733292916754063 0.014060114074713246 -0.023848392792036828 0.015896972784459694 0.0042539177974609014 0.013203243042569715 -0.015510649998326796 0.0031269547970485174 0.0039335360661888787
leaf_weight=4.6156997488578764 7.1189131462015229 5.4068967103958121 5.2742956274887529 7.6595143113518134 3.8303673421905833 5.0372140296385624 7.1154791205190149 5.0128225147782386 6.6199230483034652 5.5033267574617648 6.794089182978496 6.8628283033613089 1.4420691984705625 0.75531267002224911
leaf_count=583 125 41 141 132 603 265 258 773 117 91 72 93 17 7
internal_value=-0.000266974 0.00313504 -0.00633563 -0.0153085 -0.000473126 0.0112657 -0.00449862 -1.09647e-05 -0.00573866 0.00189284 0.00384761 -0.00802249 -0.018416 -0.0200732
internal_weight=79.0488 52.2019 26.8468 12.9338 46.795 9.65291 37.1421 31.8697 24.7542 18.9861 13.913 12.3662 5.27244 5.76814
internal_count=3318 2848 470 273 2807 848 1959 1339 1081 301 197 184 620 780
is_linear=0
shrinkage=0.05


Tree=173
num_leaves=15
num_cat=0
split_feature=20 25 25 16 16 29 20 9 18 9 30 23 29 30
split_gain=0.716007 0.862448 1.9597 1.49671 1.59987 0.993299 1.51796 1.58466 1.53175 1.41056 1.4128 0.967095 0.925018 0.576384
threshold=-14.499999999999998 138.59895833333334 136.90625000000003 -14.499999999999998 -6.4999999999999991 -6.4999999999999991 -2.1666666666666665 23.500000000000004 26.500000000000004 177.50000000000003 177.50000000000003 24.697810253660457 2.5000000000000004 25.500000000000004
decision_type=2 2 2 2 2 2 2 2 2 2 2 2 2 2
left_child=-1 2 3 -2 -5 -6 -7 8 -8 10 11 12 -9 -10
right_child=1 -3 -4 4 5 6 7 9 13 -11 -12 -13 -14 -15
leaf_value=-0.013766222162221051 0.015234989723078822 0.016711231821568268 -0.019364850667206522 -0.019074568089233003 0.013950578587043422 0.01587994959562793 -0.0082038183099087982 0.0069462508564758886 -0.0012967606820710157 0.0094301598162141991 0.0053418961036795238 -0.031265863775260104 -0.016084347058889 0.026030435946289638
leaf_weight=3.8180550783581557 12.87286360314465 3.1069926393101914 6.7179851934779427 5.5430212972860238 8.6090808492735871 5.0246348483778922 5.1274060471041789 4.7526573879295118 1.9330912336008621 2.8973612599074832 3.7834068387746802 7.8415324257803141 3.5163636190409306 3.158079820626881
leaf_count=364 333 47 99 313 142 275 594 388 98 22 31 264 213 135
internal_value=-0.000258719 0.0012485 -0.000465527 0.00272875 -0.00141848 0.00232334 -0.00162355 -0.00602631 0.00790379 -0.0125703 -0.0170249 -0.0222987 -0.00521785 0.020153
internal_weight=78.7025 74.8845 71.7775 65.0595 52.1866 46.6436 38.0345 33.0099 10.2186 22.7913 19.894 16.1106 8.26902 5.09117
internal_count=3318 2954 2907 2808 2475 2162 2020 1745 827 918 896 865 601 233
is_linear=0
shrinkage=0.05


Tree=174
num_leaves=15
num_cat=0
split_feature=3 22 26 25 27 8 26 31 0 20 24 34 13 11
split_gain=0.699649 1.15967 1.15287 1.45966 1.61749 1.73662 1.41186 1.59123 1.36359 1.32515 1.19967 1.09079 0.859614 0.81043
threshold=174.50000000000003 196.00000000000003 192.50000000000003 127.15104166666667 28.628881935386762 175.50000000000003 177.50000000000003 55.000000000000007 14.500000000000002 -2.4999999999999996 11.250000000000002 0.088068181818181837 103.37500000000001 26.500000000000004
decision_type=2 2 2 2 2 2 2 2 2 2 2 2 2 2
left_child=1 2 3 6 -5 -6 7 13 10 -4 12 -11 -8 -1
right_child=-2 -3 9 4 5 -7 8 -9 -10 11 -12 -13 -14 -15
leaf_value=-0.0045876695409123079 0.012224409803072723 -0.020071510104014197 0.020238148716356062 0.0063707388997061958 -0.030677483470512697 0.0062705291090701448 0.00019034790391829929 -0.023369196754072223 -0.010994674255563395 -0.015366404670132528 -0.0046289758790603389 0.0088403079024539626 0.025005509765148561 0.016034286096377019
leaf_weight=9.4165295382845233 4.9953635577112427 2.8363506257301188 8.0345943611464481 4.2468831119767847 7.6871406559075677 2.2817808054387569 4.6101122813124737 4.5532899151148731 3.1305860076681702 3.7962139018345606 4.8222026883158824 5.182594278419856 10.424522104149217 2.3053119454998514
leaf_count=657 38 48 218 127 327 21 288 947 250 43 57 145 120 32
internal_value=-0.000248194 -0.00182397 0.000191009 -0.00349236 -0.0148128 -0.0229508 0.0018167 -0.00809657 0.00902789 0.00993246 0.0137612 -0.00322981 0.0193429 0.00304974
internal_weight=78.3235 73.3281 70.4918 53.4784 14.2158 9.96892 39.2626 16.2751 22.9874 17.0134 19.8568 8.97881 15.0346 11.7218
internal_count=3318 3280 3232 2826 475 348 2351 1636 715 406 465 188 408 689
is_linear=0
shrinkage=0.05


Tree=175
num_leaves=15
num_cat=0
split_feature=15 15 10 7 0 0 31 16 23 18 19 20 15 27
split_gain=0.695641 1.0591 1.68491 1.2072 1.58892 1.2258 1.16591 1.13711 1.14841 1.00275 1.00828 0.75947 0.411895 0.359084
threshold=21.360009363293909 17.606816861659571 169.50000000000003 121.50000000000001 7.5000000000000009 6.5000000000000009 180.50000000000003 45.500000000000007 33.446248389700884 175.50000000000003 21.195695221306206 13.500000000000002 26.285293733696083 33.719248498420455
decision_type=2 2 2 2 2 2 2 2 2 2 2 2 2 2
left_child=1 2 3 4 5 -1 9 8 -6 10 -5 13 -2 -3
right_child=12 11 -4 6 7 -7 -8 -9 -10 -11 -12 -13 -14 -15
leaf_value=-0.013785314487523351 -0.017514550726962352 0.0069676337260697998 -0.019302987431391871 -0.013918876075723917 -0.02800796328938511 0.011875255032600745 -0.0062852284244794753 0.0062826739983139453 0.0060956236376767253 0.01809580165933351 0.0098926803943017727 0.02217339148118826 0.0010617867850048529 -0.0089578460260684289
leaf_weight=1.8898593822377741 3.4443957691837559 2.1165687122265791 5.8022822234779587 3.3611721607157987 7.2793438371736539 11.083613461698405 7.7786945663392535 2.0729951036628327 1.152631393226329 17.01678421208635 4.5752507606521249 4.3716661231592298 3.7824184721102938 2.1692715146346018
leaf_count=936 99 95 76 368 918 143 77 28 76 168 156 36 72 70
internal_value=-0.000282806 0.00152149 -0.00116448 0.00213169 -0.00582756 0.00534221 0.00785651 -0.0168964 -0.0228124 0.0125782 -0.00167382 0.0141436 -0.0113337 -0.00157612
internal_weight=77.8969 70.6701 62.0126 56.2103 23.4784 12.9735 32.7319 10.505 8.43198 24.9532 7.93642 8.65751 7.22681 4.28584
internal_count=3318 3147 2946 2870 2101 1079 769 1022 994 692 524 201 171 165
is_linear=0
shrinkage=0.05


Tree=176
num_leaves=15
num_cat=0
split_feature=19 21 24 13 13 6 9 27 33 5 5 28 23 18
split_gain=0.681763 1.81589 2.19058 1.59798 2.21055 1.50476 1.24602 1.40178 1.10386 0.969005 1.26758 0.696604 0.600773 0.474997
threshold=12.421724539737948 156.95833333333334 7.416666666666667 163.12500000000003 138.75000000000003 112.50000000000001 172.50000000000003 32.846809186605746 173.50000000000003 25.500000000000004 22.500000000000004 -0.27083333333333331 29.469186806128516 26.500000000000004
decision_type=2 2 2 2 2 2 2 2 2 2 2 2 2 2
left_child=5 2 3 4 8 9 7 -4 12 10 13 -7 -2 -1
right_child=1 -3 6 -5 -6 11 -8 -9 -10 -11 -12 -13 -14 -15
leaf_value=-0.016529413425230458 -0.011539715416457388 -0.020747829000750957 -0.00056343948663849523 0.025686621541741957 -0.0200541614221873 -0.0022766210142209221 0.0054714590672388973 -0.027400246034101197 0.018654651237644395 -0.017066604080701681 0.016432221485272912 0.02125756613420355 0.0073725649725732076 0.0050861478346539007
leaf_weight=2.329896635579646 4.0550895160413409 6.991601158049888 8.7875826682429778 5.7128771510906509 3.7305986902501891 2.9517791962134643 7.1593441648874423 6.5347949714050619 8.3947526719421131 4.0570795315143187 4.2510196598013863 8.2596565856074431 3.2723652170388959 1.0628978611202908
leaf_count=557 663 109 137 46 215 82 70 105 93 501 235 212 142 151
internal_value=-0.000348249 -0.00334735 0.000933898 0.0101593 0.0012794 0.00612217 -0.00936242 -0.0159344 0.00995887 -0.00556143 0.00487928 0.0162703 -0.00352908 -0.0107619
internal_weight=77.5513 54.639 47.6474 25.1657 19.4528 22.9123 22.4817 15.3224 15.7222 11.7009 7.64381 11.2114 7.32745 3.39279
internal_count=3318 1580 1471 1159 1113 1738 312 242 898 1444 943 294 805 708
is_linear=0
shrinkage=0.05


Tree=177
num_leaves=15
num_cat=0
split_feature=3 25 25 9 0 24 13 5 5 19 33 24 24 33
split_gain=0.663257 1.11893 1.64427 1.26468 1.37023 1.68998 1.25496 1.58064 1.3326 1.06821 0.928388 0.831682 1.46018 0.67328
threshold=174.50000000000003 136.90625000000003 133.37500000000003 176.50000000000003 14.500000000000002 7.916666666666667 103.37500000000001 25.500000000000004 21.500000000000004 27.845352150109413 173.50000000000003 6.0833333333333348 3.5833333333333335 172.50000000000003
decision_type=2 2 2 2 2 2 2 2 2 2 2 2 2 2
left_child=1 2 3 4 5 6 7 8 -1 13 -3 12 -8 -7
right_child=-2 10 -4 -5 -6 9 11 -9 -10 -11 -12 -13 -14 -15
leaf_value=-0.012608056430865117 0.011798865566050969 -0.023554115927722909 0.016791731547914336 0.011426357398254004 -0.022265372871515841 0.0082943485323425849 0.015074830161429832 -0.018878801712628443 0.016767508912723238 -0.024184465511866315 0.0022649647674110106 0.021831042373894795 -0.014645463503621612 -0.010043810495052548
leaf_weight=1.5986436813836933 4.9384326059371224 4.5746567544992995 8.1428152330336143 8.1195113286375982 5.4508100467501199 5.3079988780082186 3.0914037854818144 4.9526843274070416 6.046971739444416 5.271496138884685 4.2112955823540688 7.2092248145490885 3.447701073018834 4.7587891439907253
leaf_count=322 38 133 199 69 1078 151 196 487 325 83 33 78 61 65
internal_value=-0.000383352 -0.00192714 0.000817498 -0.00273462 -0.00603585 -0.00175629 0.00570829 -0.00487892 0.00806874 -0.0128294 -0.0148455 0.0141237 -0.000151135 -0.000830787
internal_weight=77.1224 72.184 63.3981 55.2552 47.1357 41.6849 26.3466 12.5983 7.64562 15.3383 8.78595 13.7483 6.5391 10.0668
internal_count=3318 3280 3114 2915 2846 1768 1469 1134 647 299 166 335 257 216
is_linear=0
shrinkage=0.05


Tree=178
num_leaves=15
num_cat=0
split_feature=31 7 18 9 17 31 12 7 31 23 23 0 21 1
split_gain=0.670724 1.12367 1.51497 1.38734 1.12996 1.02817 0.837782 0.710727 0.923076 0.635254 0.567232 0.542705 0.49974 0.471126
threshold=192.50000000000003 175.50000000000003 175.50000000000003 23.500000000000004 22.875000000000004 176.50000000000003 165.50000000000003 164.50000000000003 183.50000000000003 10.515645343272181 9.896383333459827 7.5000000000000009 153.93750000000003 4.5000000000000009
decision_type=2 2 2 2 2 2 2 2 2 2 2 2 2 2
left_child=1 2 3 4 11 12 7 8 9 10 -5 -1 -4 -6
right_child=-2 -3 5 6 13 -7 -8 -9 -10 -11 -12 -13 -14 -15
leaf_value=0.0050282430542267342 0.010776819228667675 -0.013929872761140348 0.021855885565277938 -0.011469577655062659 -0.00072059122699275448 -0.003013183345097471 0.0034779514731167697 0.002858809590817587 0.003555588477230566 -0.027781215985261516 0.0084874136741538569 -0.015033196001570158 0.002543130752087135 0.02386165192455561
leaf_weight=2.9740581305231881 6.6117861326783887 10.945515977684407 8.2412066668039206 2.4525779143732604 2.2054209224297665 8.7170358793809992 5.914574568741954 3.2810024645877993 2.6373555222526184 9.3387799904157855 2.04217563389102 1.9800963057205079 6.4631862672977141 2.9417512929649092
leaf_count=216 58 123 105 206 79 77 89 80 37 1540 22 436 101 149
internal_value=-0.000434954 -0.00213875 0.000956934 -0.00529324 0.00791146 0.00975386 -0.0109327 -0.0150788 -0.0184856 -0.0225161 -0.00270761 -0.00651363 0.0161665 0.0181638
internal_weight=76.7465 70.1347 59.1892 35.7678 10.1013 23.4214 25.6665 19.7519 16.4709 13.8335 4.49475 4.95415 14.7044 5.14717
internal_count=3318 3260 3137 2854 880 283 1974 1885 1805 1768 228 652 206 228
is_linear=0
shrinkage=0.05


Tree=179
num_leaves=15
num_cat=0
split_feature=12 17 1 18 13 13 21 26 17 27 20 8 18 19
split_gain=0.667082 1.22719 1.17244 1.31777 1.02205 1.45513 1.6068 1.26794 1.23566 0.872765 0.680893 0.672796 0.88314 0.641018
threshold=151.50000000000003 169.95833333333334 1.5000000000000002 171.50000000000003 169.62500000000003 164.62500000000003 89.395833333333343 189.50000000000003 22.875000000000004 33.221279308920096 -9.1666666666666661 104.50000000000001 177.50000000000003 11.39959314020639
decision_type=2 2 2 2 2 2 2 2 2 2 2 2 2 2
left_child=1 4 9 -4 5 6 8 10 -1 -2 -8 -9 -13 -12
right_child=2 -3 3 -5 -6 -7 7 11 -10 -11 13 12 -14 -15
leaf_value=-0.0064700750048415235 0.012425184892663269 0.018579579707485441 0.0034158423952204103 -0.023941713370389923 -0.014039516786226704 0.01844279339859697 0.0033726986232571893 0.01557494974218813 0.018212901260053118 -0.0071005886824429786 7.2169424456205541e-05 -0.016577360968213408 0.0082311350508924071 -0.025792292264659435
leaf_weight=5.0131185543432348 6.9830907459254394 5.2097562104463568 5.1239737117430177 7.332258262031246 6.1419362574815741 6.3020060677081338 1.9628795473545277 2.0766597966721738 7.9968268387601711 6.4711526109313127 2.902741018100647 2.0136799419124145 2.9563115579076111 7.9964223833812866
leaf_count=751 91 41 141 132 46 57 350 85 443 106 280 274 36 485
internal_value=-0.000384334 0.00291362 -0.00625139 -0.014933 -0.000551525 0.0029093 -0.00210423 -0.0101055 0.00954608 0.00365445 -0.0174198 0.00493413 -0.00509317 -0.0210475
internal_weight=76.4828 50.5723 25.9105 12.4562 45.3626 39.2206 32.9186 19.9087 13.0099 13.4542 12.862 7.04665 4.96999 10.8992
internal_count=3318 2848 470 273 2807 2761 2704 1510 1194 197 1115 395 310 765
is_linear=0
shrinkage=0.05


Tree=180
num_leaves=15
num_cat=0
split_feature=14 24 24 31 3 20 28 16 19 18 24 9 15 31
split_gain=0.66249 1.25215 1.48731 1.41967 1.12969 1.23235 1.35699 1.23654 1.17356 0.993753 0.989278 0.972038 0.808774 0.710405
threshold=179.50000000000003 7.916666666666667 6.7500000000000009 25.500000000000004 170.50000000000003 16.833333333333339 -0.77083333333333315 -14.499999999999998 1.5508919199760427 26.500000000000004 -1.5833333333333333 169.50000000000003 5.7263904462577724 193.50000000000003
decision_type=2 2 2 2 2 2 2 2 2 2 2 2 2 2
left_child=1 2 4 -3 5 6 9 11 -9 -1 -11 -8 -5 -10
right_child=-2 3 -4 12 -6 -7 7 8 13 10 -12 -13 -14 -15
leaf_value=-0.010225430152190908 0.0091691544552975658 0.0054288283096693198 0.017943438829253696 0.00041937489740703825 0.014039638215653336 0.015347548816986419 0.011056886224570565 0.0048025398155934268 -0.028235140227989855 -0.0044944303559607416 0.022751524930160954 -0.012017089204774838 -0.024152470434022466 0.0019441960309515582
leaf_weight=2.6092427900584827 10.122785348445175 6.4034832036122706 6.7855416841339311 4.1317837465321636 4.1173505927436045 1.6723428882542055 5.405816236772802 2.2445035318960533 11.627266314055303 3.1768596052424982 3.6082108396221884 3.1647669547237456 9.5454652722692099 1.5119389593601216
leaf_count=415 77 99 90 73 33 28 359 147 1400 188 159 47 188 15
internal_value=-0.000355203 -0.00235872 0.00231899 -0.0113861 -0.00211565 -0.00553174 -0.00844332 -0.0139904 -0.0207038 0.0056475 0.0135001 0.00124823 -0.0186044 -0.0251837
internal_weight=76.1274 66.0046 45.9238 20.0807 39.1383 35.0209 33.3486 23.9543 15.3837 9.39431 6.78507 8.57058 13.6772 13.1392
internal_count=3318 3241 2881 360 2791 2758 2730 1968 1562 762 347 406 261 1415
is_linear=0
shrinkage=0.05


Tree=181
num_leaves=15
num_cat=0
split_feature=20 25 25 16 16 20 18 29 0 30 20 9 20 15
split_gain=0.653015 0.784541 1.75961 1.26009 1.38932 0.926084 0.983644 0.968275 1.38154 1.44762 0.863788 0.83687 0.977347 0.475348
threshold=-14.499999999999998 138.59895833333334 136.90625000000003 -14.499999999999998 -6.4999999999999991 24.500000000000004 26.500000000000004 2.5000000000000004 14.500000000000002 166.50000000000003 -1.1666666666666663 170.50000000000003 20.500000000000004 2.2173557826100425
decision_type=2 2 2 2 2 2 2 2 2 2 2 2 2 2
left_child=-1 2 3 -2 -5 6 13 8 9 10 -8 12 -9 -6
right_child=1 -3 -4 4 5 -7 7 11 -10 -11 -12 -13 -14 -15
leaf_value=-0.01326526697715056 0.014211518533589077 0.016040223023963799 -0.018594746643726963 -0.017937494182744682 -0.014835661028042469 -0.011597614190596177 0.0013973996120207029 -0.018243534306080018 -0.0093599881355435188 -0.00015855992738096337 0.02988837103780749 0.010629875250778003 0.0088234924461762822 0.0050396096024858785
leaf_weight=3.6679533550632177 12.455779577139763 2.9984582568285978 6.4235568516887716 5.2715952508151451 3.780077651696053 5.1951836791122323 3.8497027328121414 5.4334248022933007 2.8420270202623206 8.6336163275409472 10.064747484400879 2.1576695265248418 1.3682329077273605 1.5742925022495908
leaf_count=364 333 47 99 313 608 84 128 404 341 98 345 26 11 117
internal_value=-0.000268181 0.0012114 -0.000472127 0.00262408 -0.00127996 0.00227722 0.00518682 0.00836091 0.0127365 0.016715 0.0244589 -0.00415975 -0.0113673 -0.00938023
internal_weight=75.7163 72.0484 69.0499 62.6263 50.1706 44.899 39.7038 34.3494 25.3901 22.5481 13.9145 8.95933 6.80166 5.35437
internal_count=3318 2954 2907 2808 2475 2162 2078 1353 912 571 473 441 415 725
is_linear=0
shrinkage=0.05


Tree=182
num_leaves=15
num_cat=0
split_feature=7 18 8 14 24 26 27 33 15 31 12 32 20 21
split_gain=0.640823 1.15149 1.19207 1.85114 1.11329 1.08736 0.942887 0.941688 1.17959 0.931998 0.916132 0.662454 0.465716 0.452802
threshold=175.50000000000003 175.50000000000003 106.50000000000001 109.50000000000001 6.0833333333333348 93.500000000000014 1.647216490449581 185.50000000000003 3.5000000000027627 176.50000000000003 22.500000000000004 22.500000000000004 22.166666666666668 153.93750000000003
decision_type=2 2 2 2 2 2 2 2 2 2 2 2 2 2
left_child=1 2 3 5 -5 6 -1 8 -4 13 11 -7 -10 -3
right_child=-2 9 7 4 -6 10 -8 -9 12 -11 -12 -13 -14 -15
leaf_value=-0.01118641035836361 -0.0089094878854240438 0.021287017999734672 0.0055144460493234126 -0.0041518288083512026 0.022609190239828447 -0.0097836171654193307 0.014692769007558899 0.0041007754518649448 -0.027238243614764363 -0.0023822561317513348 -0.023684896600787875 0.013190886047611653 0.0017568978393910067 0.0025902308326958071
leaf_weight=1.2369993833708592 12.234908355865626 8.1168213357450458 2.2247474983450948 3.6700074483233021 7.6006245760945603 1.1902244142547718 4.2074488188955002 4.3515304615721098 7.3781931903213245 9.159739298745988 5.1157765792740975 1.6561266096541656 0.90761022130027402 6.3773021223023525
leaf_count=254 133 105 168 206 113 349 135 42 900 83 612 96 21 101
internal_value=-0.000312547 0.00188313 -0.00329011 0.00343877 0.0152971 -0.00797761 0.00627255 -0.0125159 -0.0184997 0.00959576 -0.0163826 0.00347135 -0.0245963 0.0158349
internal_weight=75.4281 63.1932 39.5393 24.6772 11.2706 13.4066 5.44445 14.8621 10.5106 23.6539 7.96213 2.84635 8.2858 14.4941
internal_count=3318 3185 2896 1765 319 1446 389 1131 1089 289 1057 445 921 206
is_linear=0
shrinkage=0.05


Tree=183
num_leaves=15
num_cat=0
split_feature=31 7 18 9 18 8 31 12 7 23 23 8 1 15
split_gain=0.639178 1.04632 1.33848 1.26152 0.994273 0.912392 0.785316 0.755139 0.892082 0.573846 0.516871 0.506399 0.476322 0.462287
threshold=192.50000000000003 175.50000000000003 175.50000000000003 23.500000000000004 26.500000000000004 156.50000000000003 183.50000000000003 166.50000000000003 164.50000000000003 10.515645343272181 9.896383333459827 173.50000000000003 4.5000000000000009 2.2173557826100425
decision_type=2 2 2 2 2 2 2 2 2 2 2 2 2 2
left_child=1 2 3 4 13 -4 7 8 9 10 -5 -7 -6 -1
right_child=-2 -3 5 6 12 11 -8 -9 -10 -11 -12 -13 -14 -15
leaf_value=-0.012419918788930395 0.010696788880890158 -0.013450252123830636 -0.0040951819487324344 -0.011077060389532758 -0.0011683954944571378 0.020226166244573494 0.0060157619007962003 0.0020380178220733647 0.0027577214311327401 -0.027115539514239326 0.0080788633006088802 0.0021793856633408829 0.022611421693712053 0.0064760697103457936
leaf_weight=3.2412390956014843 6.4651018921285859 10.718036591075359 6.8127066903980475 2.364546737691863 2.2090921399649233 9.0024100439623016 3.2882326859980813 5.0212578979553646 3.239739485201425 9.0026842859806475 1.9873783577932043 7.2418576972559086 3.1352369557716884 1.4051942220830822
leaf_count=494 58 123 86 206 82 121 44 76 79 1547 22 76 192 112
internal_value=-0.000304641 -0.0019961 0.00102236 -0.00494203 0.00764812 0.00932102 -0.0104271 -0.0135887 -0.0176942 -0.0220554 -0.00268688 0.0145872 0.0169684 -0.00631063
internal_weight=75.1347 68.6696 57.9516 34.8946 9.99076 23.057 24.9038 21.6156 16.5943 13.3546 4.35193 16.2443 5.34433 4.64643
internal_count=3318 3260 3137 2854 880 283 1974 1930 1854 1775 228 197 274 606
is_linear=0
shrinkage=0.05


Tree=184
num_leaves=15
num_cat=0
split_feature=10 9 7 0 24 7 17 24 9 18 23 27 13 6
split_gain=0.656481 1.85858 1.75414 1.34925 1.62047 1.25851 1.08647 1.43669 1.03156 0.796391 0.710427 0.663311 0.625209 0.381049
threshold=157.50000000000003 176.50000000000003 178.50000000000003 15.500000000000002 11.583333333333334 123.50000000000001 111.87500000000001 4.916666666666667 23.500000000000004 26.500000000000004 31.720803214112994 32.898084907688776 110.37500000000001 22.500000000000004
decision_type=2 2 2 2 2 2 2 2 2 2 2 2 2 2
left_child=1 3 10 4 5 6 7 8 9 13 11 -2 -9 -1
right_child=2 -3 -4 -5 -6 -7 -8 12 -10 -11 -12 -13 -14 -15
leaf_value=-0.012388663293032582 -0.0037453317467040568 0.022650422543294749 -0.02291829015068423 -0.019143247147401149 -0.01535722694802477 0.016674767322079845 -0.013027499991041719 0.00049759409221746854 -0.018444138328426708 0.015042228335827138 -0.0069539943514730935 0.017231209980672235 0.023026026813746062 0.0049196893486248179
leaf_weight=2.845276870124513 3.6736998790875095 4.7106092497706404 5.3527512038126579 3.8165148539119391 6.0199734628549768 12.293560320715185 6.7099452026886857 4.7727878787554783 3.471708430792205 3.1643577262293547 6.2584906712872899 4.9454695056774653 5.0165150668472052 1.8389672914054243
leaf_count=320 105 32 63 990 139 199 124 112 726 148 103 101 59 97
internal_value=-0.000255446 0.00261924 -0.00700235 -0.00115897 0.00205526 0.00608089 -0.000427733 0.00530507 -0.00594291 0.00461243 0.0030484 0.0101979 0.0159239 -0.00656189
internal_weight=74.8906 54.6602 20.2304 49.9496 46.1331 40.1131 27.8196 21.1096 11.3203 7.8486 14.8777 8.61917 9.7893 4.68424
internal_count=3318 2946 372 2914 1924 1785 1586 1462 1291 565 309 206 171 417
is_linear=0
shrinkage=0.05


Tree=185
num_leaves=15
num_cat=0
split_feature=25 25 25 24 9 24 0 25 23 21 20 20 8 13
split_gain=0.635274 1.43925 1.04566 1.32747 1.39287 1.19561 1.28632 1.01441 1.10081 0.844006 0.682882 0.630234 0.79368 0.944052
threshold=138.59895833333334 136.90625000000003 133.37500000000003 -1.5833333333333333 172.50000000000003 11.583333333333334 14.500000000000002 127.15104166666667 15.611218559983117 47.375000000000007 -3.1666666666666665 1.0000000180025095e-35 93.500000000000014 21.875000000000004
decision_type=2 2 2 2 2 2 2 2 2 2 2 2 2 2
left_child=1 2 3 9 5 6 7 8 11 -1 -10 12 13 -5
right_child=-2 -3 -4 4 -6 -7 -8 -9 10 -11 -12 -13 -14 -15
leaf_value=0.0059117268960627665 0.012844575929413325 -0.018161138793736816 0.013740395390363386 -0.007715406895551548 0.014737568154453007 -0.016283587886693467 -0.017432411549867063 -0.0076403547164930656 -0.0014957037688661879 -0.023053850250076252 0.022804631246116452 -0.011470198413696075 -0.009154920634808883 0.019845494339059314
leaf_weight=1.0855178692145262 3.3311507134349077 6.3241625932278103 8.3075422478432284 1.4058865372207998 9.8585477543529105 7.2930528782890169 2.4305165716505135 7.1304693313722955 2.90092893509427 4.9120038062392268 9.0772280769306217 3.5998459646070833 2.1092682243324816 4.7369507949915715
leaf_count=87 60 113 203 212 104 182 602 143 81 901 249 177 53 151
internal_value=-0.00028237 -0.00169957 0.00109095 -0.00173302 0.00154626 -0.00291339 0.00174727 0.00546741 0.0100344 -0.017507 0.0182121 -0.00118183 0.00594063 0.0129061
internal_weight=74.5031 71.1719 64.8478 56.5402 50.5427 40.6841 33.3911 30.9606 23.8301 5.99752 11.9782 11.852 8.25211 6.14284
internal_count=3318 3258 3145 2942 1954 1850 1668 1066 923 988 330 593 416 363
is_linear=0
shrinkage=0.05


Tree=186
num_leaves=15
num_cat=0
split_feature=31 7 9 11 23 19 5 16 5 28 26 27 31 27
split_gain=0.634151 0.954732 1.2585 0.809133 0.948184 1.41711 1.28528 1.25799 1.04246 0.731728 0.896016 0.894081 0.717622 0.662191
threshold=192.50000000000003 175.50000000000003 176.50000000000003 176.50000000000003 24.697810253660457 12.421724539737948 153.50000000000003 -37.499999999999993 165.50000000000003 3.4375000000000004 93.500000000000014 1.647216490449581 183.50000000000003 36.532603799220226
decision_type=2 2 2 2 2 2 2 2 2 2 2 2 2 2
left_child=1 2 3 4 6 8 9 -7 -6 10 11 -1 13 -12
right_child=-2 -3 -4 -5 5 7 -8 -9 -10 -11 12 -13 -14 -15
leaf_value=-0.011019469076496943 0.010648446933787021 -0.013062066908018782 0.016007520011660583 0.011069007043819346 -0.0087900393458265735 0.0070936279878694919 0.017906888908673882 -0.021725549486248032 0.019379754091828086 0.010349284061652891 -0.021928688818629465 0.014187057874406762 0.0045934077041899042 0.0025139942571777599
leaf_weight=1.2125692712434197 6.3946027625352135 10.489352542441337 6.3284312132745972 4.8996695885434738 2.1364795034460284 2.1665707850479583 4.0415321370819575 14.268883141514374 2.0607337597757578 2.6412653590377877 8.6192072582925885 4.1854686536826193 2.4388309498317531 2.2894030873139846
leaf_count=254 58 123 51 53 216 60 109 517 16 186 1061 135 42 437
internal_value=-0.000341867 -0.00203909 0.000865666 -0.00227693 -0.00464148 -0.0114574 0.00186296 -0.017158 0.00805737 -0.00398757 -0.00776151 0.00594877 -0.0134164 -0.017621
internal_weight=74.173 67.7784 57.289 50.9606 46.0609 20.6327 25.4283 16.4355 4.19721 21.3867 18.7455 5.39804 13.3474 10.9086
internal_count=3318 3260 3137 3086 3033 809 2224 577 232 2115 1929 389 1540 1498
is_linear=0
shrinkage=0.05


Tree=187
num_leaves=15
num_cat=0
split_feature=10 9 7 0 24 7 7 13 9 18 23 7 4 27
split_gain=0.63123 1.75115 1.62327 1.26959 1.43724 1.14892 1.06765 0.970207 1.17207 1.04023 0.683306 0.654186 0.635341 0.625227
threshold=157.50000000000003 176.50000000000003 178.50000000000003 15.500000000000002 11.583333333333334 123.50000000000001 116.50000000000001 106.62500000000001 23.500000000000004 26.500000000000004 31.720803214112994 104.50000000000001 138.50000000000003 32.898084907688776
decision_type=2 2 2 2 2 2 2 2 2 2 2 2 2 2
left_child=1 3 10 4 5 6 7 8 9 -1 13 -10 -9 -2
right_child=2 -3 -4 -5 -6 -7 -8 12 11 -11 -12 -13 -14 -15
leaf_value=-0.0066564063673866984 -0.0036452143367461348 0.022127287917797552 -0.02228328107830526 -0.01865669374577842 -0.014486875123725738 0.015990494238141844 -0.015871144549465827 0.019649765624532241 -0.022366127213361814 0.018212292927260672 -0.0069408111416663382 0.0033543213816683327 -0.0011332613912378761 0.016779538328724006
leaf_weight=4.6491496725939268 3.6440573585568945 4.6407333612442008 5.2144742403179398 3.6929556636023326 5.8681016863265532 12.17102397236158 3.5666921832598737 5.8162721010448859 3.4782717930647777 3.3277633383404464 6.1891923280199981 1.866112721385434 4.7882372841704637 4.8710148054524325
leaf_count=417 105 32 63 990 139 199 90 166 531 156 103 174 52 101
internal_value=-0.00021016 0.00262625 -0.00686842 -0.00108305 0.00204731 0.00584142 -0.000420854 0.00422767 -0.00432043 0.00673804 0.00286535 -0.0161049 0.0129094 0.00992386
internal_weight=73.7841 53.8653 19.9187 49.2246 45.5316 39.6635 27.4925 23.9258 13.3213 7.97691 14.7043 5.34438 10.6045 8.51507
internal_count=3318 2946 372 2914 1924 1785 1586 1496 1278 573 309 705 218 206
is_linear=0
shrinkage=0.05


Tree=188
num_leaves=15
num_cat=0
split_feature=29 29 28 30 5 9 10 14 33 15 26 27 31 32
split_gain=0.617436 1.11725 1.35603 0.985596 1.54967 1.51146 1.31766 0.978959 0.897806 0.815631 0.758453 0.862872 0.6139 0.596403
threshold=-12.499999999999998 -6.4999999999999991 0.35416666666666669 176.50000000000003 166.50000000000003 169.50000000000003 105.50000000000001 111.50000000000001 181.50000000000003 3.5000000000027627 93.500000000000014 1.647216490449581 173.50000000000003 159.50000000000003
decision_type=2 2 2 2 2 2 2 2 2 2 2 2 2 2
left_child=13 2 -2 4 5 6 7 10 9 -8 11 -3 -12 -1
right_child=1 3 -4 -5 -6 -7 8 -9 -10 -11 12 -13 -14 -15
leaf_value=0.0028621375926194737 -0.003278078169688919 -0.010894202152672597 0.02504677729074746 0.0086152435512251244 -0.01874173393649051 0.015024118136562369 0.0039274188882084298 0.013675087441795714 0.0032035087975379136 -0.028114653932892805 -0.020243585448356818 0.013872071417336327 0.0031888500465505733 -0.019382958439814493
leaf_weight=3.1668345426733131 5.7187366033613198 1.1974104551191027 4.6306715690589044 12.718468736857174 9.7580689876340312 7.7538940927479407 1.0913125046063195 6.5352295429038341 2.9360726689919829 5.2601698330545332 3.5497178207879188 4.1806432087323628 2.3873710526386276 2.5263570800889283
leaf_count=236 190 254 95 127 113 108 145 232 40 615 900 135 96 32
internal_value=-0.000252584 0.00141235 0.013426 -0.00165753 -0.00515663 0.000515533 -0.00532239 0.00297869 -0.0167359 -0.0233043 -0.0054968 0.00576589 -0.0136709 -0.0114567
internal_weight=73.411 67.7178 10.3494 57.3684 44.6499 34.8918 27.1379 17.8504 9.28756 6.35148 11.3151 5.37805 5.93709 5.69319
internal_count=3318 3050 285 2765 2638 2525 2417 1617 800 760 1385 389 996 268
is_linear=0
shrinkage=0.05


Tree=189
num_leaves=15
num_cat=0
split_feature=3 22 28 24 19 31 27 19 16 13 30 2 27 15
split_gain=0.606331 0.993432 1.00227 1.18329 1.73247 1.30298 0.918851 0.894329 1.11656 0.828433 1.1206 0.66094 0.608485 0.583705
threshold=174.50000000000003 196.00000000000003 3.4375000000000004 7.416666666666667 24.429707449344871 163.50000000000003 58.933055932362898 1.5642792899726887 -14.499999999999998 103.37500000000001 118.50000000000001 2.5000000000000004 31.335729774911769 9.3452305125844379
decision_type=2 2 2 2 2 2 2 2 2 2 2 2 2 2
left_child=1 2 3 5 13 7 -4 11 -9 10 -7 -1 -11 -5
right_child=-2 -3 6 4 -6 9 -8 8 -10 12 -12 -13 -14 -15
leaf_value=-0.0082928828336896812 0.011522924532506857 -0.018915907609160225 0.016121940281558243 -0.0071748043759824872 -0.027494323047357157 0.01084279175603807 -0.0065988601973999738 0.0046697619354307655 -0.024415713403510789 -0.00097809265071326676 -0.01634673040020693 0.014488690188522514 0.016417837581891435 0.010009762307503233
leaf_weight=1.4056822819402435 4.6488999724388114 2.6091071783448561 10.020572598441502 5.4649806771194545 5.1272639282979062 2.3005679514026296 3.1192371555662239 2.8430362894141501 5.1878340338589686 6.1015518335625556 3.5243437375174835 2.2685701479203999 14.02764631481841 4.4396770684106741
leaf_count=139 38 48 251 105 78 39 142 334 1404 127 209 189 130 85
internal_value=-0.000278962 -0.00181056 0.000154816 -0.00307876 -0.0129312 0.00190862 0.0103961 -0.00957357 -0.0162781 0.00779696 -0.00556001 0.00601671 0.0119994 0.00130192
internal_weight=73.089 68.4401 65.831 52.6912 15.0319 37.6592 13.1398 11.7051 8.03087 25.9541 5.82491 3.67425 20.1292 9.90466
internal_count=3318 3280 3232 2839 268 2571 393 2066 1738 505 248 328 257 190
is_linear=0
shrinkage=0.05


Tree=190
num_leaves=15
num_cat=0
split_feature=12 17 7 9 30 30 21 5 17 13 13 20 23 5
split_gain=0.599422 1.07623 1.06019 1.74576 1.00042 1.51283 0.947327 1.01136 0.781507 1.54461 1.25131 1.06363 0.985166 0.715833
threshold=151.50000000000003 169.95833333333334 168.50000000000003 88.500000000000014 177.50000000000003 165.50000000000003 89.395833333333343 21.500000000000004 143.54166666666671 169.62500000000003 164.62500000000003 -9.1666666666666661 12.444587322333346 162.50000000000003
decision_type=2 2 2 2 2 2 2 2 2 2 2 2 2 2
left_child=1 6 3 -2 5 -5 7 -1 12 10 11 -10 -8 -9
right_child=2 -3 -4 4 -6 -7 8 13 9 -11 -12 -13 -14 -15
leaf_value=-0.011126927993955274 -0.017336925936459625 0.017677413080486006 -0.018681882484410831 0.011265121983260946 0.02018635756561326 -0.016549514866198094 0.0014669805728236784 0.017312159230347041 0.012135746772157174 -0.014880296040530629 0.021239633929687876 -0.012893547683052467 -0.022501983695380062 -0.0061414544789497663
leaf_weight=1.3676308832655184 4.1904710946837502 4.9505821429193011 5.6323374714702359 5.9664581630495359 5.0214574597775927 3.8588304511504248 6.2712658459786343 10.630685377313055 2.3909443003940405 4.7074548974633208 5.5150585044175386 5.3522927111771432 5.512070998607669 1.4122330397367466
leaf_count=471 105 41 90 162 33 80 100 719 54 39 53 236 1125 10
internal_value=-0.000351975 0.00285 -0.00602438 0.000827523 0.00903049 -0.00155618 -0.00050948 0.00871067 -0.00532114 0.0015285 0.00983404 -0.0034358 -0.0131087 0.013567
internal_weight=72.7798 48.1102 24.6696 19.0372 14.8467 9.82529 43.1596 13.4105 29.7491 17.9658 13.2583 7.74324 11.7833 12.0429
internal_count=3318 2848 470 380 275 242 2807 1200 1607 382 343 290 1225 729
is_linear=0
shrinkage=0.05


Tree=191
num_leaves=15
num_cat=0
split_feature=14 24 24 31 15 3 21 22 20 5 5 31 21 21
split_gain=0.603857 1.13734 1.35868 1.26825 0.935088 0.932893 1.0808 1.23548 1.11664 1.19384 0.974644 0.961917 0.756623 0.685334
threshold=179.50000000000003 7.5833333333333348 6.7500000000000009 25.500000000000004 4.6547466812565315 170.50000000000003 156.95833333333334 186.50000000000003 16.833333333333339 25.500000000000004 21.500000000000004 181.50000000000003 156.54166666666671 49.666666666666671
decision_type=2 2 2 2 2 2 2 2 2 2 2 2 2 2
left_child=1 2 5 -3 -5 6 7 8 9 10 -1 12 -11 -12
right_child=-2 3 -4 4 -6 -7 -8 -9 -10 11 13 -13 -14 -15
leaf_value=-0.012346345565220181 0.0088126281083889743 0.0052515296434744469 0.018149735525908779 0.0015992242669025899 -0.023538872777928196 0.012928266339176106 -0.020770155386402572 0.015568273835809221 0.014426653970677572 -0.024691563446920202 0.017270476620995533 0.0018894739713615945 0.0054463432009364239 -0.0064680165723129237
leaf_weight=1.5696531667490576 9.7060017436742765 6.2038988952990648 5.6317612942657425 4.1385063355555749 9.6859658705652674 3.8793653487227848 3.5704229144030242 4.2348390589468172 1.5758663108572353 9.8893274006986722 5.6326916610705666 4.8963313610292962 0.58118416188517663 1.2685127119184469
leaf_count=504 77 99 73 66 212 33 81 51 28 1503 434 55 9 93
internal_value=-0.000397886 -0.00236754 0.00234273 -0.0108772 -0.0175876 -0.00192752 -0.00512679 -0.000517513 -0.00531676 -0.00889701 0.00460072 -0.0156404 -0.0217991 0.0120229
internal_weight=72.4643 62.7583 42.73 20.0284 13.8245 37.0982 33.2188 29.6484 25.4136 23.8377 8.47086 15.3668 10.4705 6.9012
internal_count=3318 3241 2864 377 278 2791 2758 2677 2626 2598 1031 1567 1512 527
is_linear=0
shrinkage=0.05


Tree=192
num_leaves=15
num_cat=0
split_feature=25 25 25 24 9 24 0 25 23 21 20 8 13 28
split_gain=0.576565 1.37463 0.906533 1.17185 1.20139 1.01032 1.1766 0.866972 1.07703 0.773426 0.559529 0.717282 0.84242 0.489073
threshold=138.59895833333334 136.90625000000003 133.37500000000003 -1.5833333333333333 172.50000000000003 11.583333333333334 14.500000000000002 127.15104166666667 15.611218559983117 47.375000000000007 1.0000000180025095e-35 93.500000000000014 21.875000000000004 -0.43749999999999994
decision_type=2 2 2 2 2 2 2 2 2 2 2 2 2 2
left_child=1 2 3 9 5 6 7 8 10 -1 11 12 -5 -4
right_child=-2 -3 13 4 -6 -7 -8 -9 -10 -11 -12 -13 -14 -15
leaf_value=0.0056543588254801443 0.01225357789425272 -0.017925753732003311 0.020066352648257468 -0.0074483859902007834 0.013882692231228795 -0.015145328004221765 -0.016831883120577051 -0.0070504497941156685 0.017651757254648303 -0.022102290533934962 -0.011214737383868424 -0.008964786953296517 0.018625910657678237 -9.0032847918096448e-05
leaf_weight=1.0980440137791436 3.2115284831379531 6.1277150218375018 3.4723566533066332 1.3510770048014871 9.5424158587120456 6.9871288417198221 2.3151966812729361 6.8714750135550267 11.683339594907009 4.6208809362433385 3.5215566345432299 2.0452886887069326 4.6540601579472423 4.598392858533769
leaf_count=87 60 113 61 212 104 182 602 143 330 901 177 53 151 142
internal_value=-0.000338321 -0.00171481 0.00107388 -0.00161463 0.00151534 -0.00270324 0.00164111 0.00525453 0.00949464 -0.0166213 -0.00158196 0.00531407 0.0120408 0.0129407
internal_weight=72.1005 68.8889 62.7612 54.6905 48.9715 39.4291 32.442 30.1268 23.2553 5.71892 11.572 8.05043 6.00514 8.07075
internal_count=3318 3258 3145 2942 1954 1850 1668 1066 923 988 593 416 363 203
is_linear=0
shrinkage=0.05


Tree=193
num_leaves=15
num_cat=0
split_feature=31 7 18 9 31 18 12 7 23 19 15 29 1 21
split_gain=0.577364 0.877745 1.2215 1.10456 0.937587 0.913841 0.743342 0.636672 0.576156 0.524055 0.431306 0.581039 0.410828 0.388548
threshold=192.50000000000003 175.50000000000003 175.50000000000003 23.500000000000004 176.50000000000003 26.500000000000004 161.50000000000003 164.50000000000003 10.515645343272181 10.395220346896989 2.2173557826100425 -2.4999999999999996 4.5000000000000009 153.93750000000003
decision_type=2 2 2 2 2 2 2 2 2 2 2 2 2 2
left_child=1 2 3 5 13 10 7 8 9 -5 11 -1 -7 -4
right_child=-2 -3 4 6 -6 12 -8 -9 -10 -11 -12 -13 -14 -15
leaf_value=0.0064206160216651077 0.010202726639107105 -0.012737007025011935 0.020233014070211039 -0.011425868113804643 -0.0033875181377194517 -0.0011783591615271379 0.0026296718592693381 0.0026751746730439316 -0.023531096996080025 0.0074272670587101838 0.0060955295582104246 -0.018068551862082827 0.021040067444968422 0.0024240324448745396
leaf_weight=0.58846286611515086 6.1730752307921639 10.083725006552411 7.7833806612761709 1.8254510451806769 8.2623678622767311 2.1160314165172167 6.6728219108772455 3.0504425198305389 8.9707172646012605 3.150290449266322 1.3845970466209108 2.5284390399174286 3.1597956371842884 6.0447529011871666
leaf_count=22 58 123 105 193 77 82 141 74 1522 44 112 472 192 101
internal_value=-0.000384551 -0.00203235 0.000802714 -0.00499124 0.00887738 0.00690709 -0.0102536 -0.0147595 -0.0182725 -0.00174948 -0.00644415 -0.012338 0.0158914 0.0151592
internal_weight=71.7944 65.6213 55.5376 33.447 22.0905 9.77733 23.6697 16.9969 13.9465 4.97574 4.5015 3.1169 5.27583 13.8281
internal_count=3318 3260 3137 2854 283 880 1974 1833 1759 237 606 494 274 206
is_linear=0
shrinkage=0.05


Tree=194
num_leaves=15
num_cat=0
split_feature=12 17 7 9 30 30 29 15 14 17 9 26 0 19
split_gain=0.583632 1.0157 0.980676 1.65525 0.933173 1.40581 0.875492 0.903646 1.79116 1.05184 0.87521 0.860529 0.93218 0.597784
threshold=151.50000000000003 169.95833333333334 168.50000000000003 88.500000000000014 177.50000000000003 165.50000000000003 13.500000000000002 6.1644140029703172 173.50000000000003 106.50000000000001 178.50000000000003 175.50000000000003 8.5000000000000018 2.0816659994547542
decision_type=2 2 2 2 2 2 2 2 2 2 2 2 2 2
left_child=1 6 3 -2 5 -5 7 10 9 -9 11 12 -1 -13
right_child=2 -3 -4 4 -6 -7 -8 8 -10 -11 -12 13 -14 -15
leaf_value=0.005947572617333031 -0.017022144967304108 0.017290349148382702 -0.018196672553303241 0.010859856232614677 0.01958116929166832 -0.016068134921775667 0.014103647686067956 0.00151711182747097 0.0063179365164682845 -0.029489132823433108 -0.014491075084666473 -0.0049257512242104045 -0.017207985586348538 0.015947437273159663
leaf_weight=6.1874780590296776 4.1169168128399241 4.8750514537096015 5.5239770081825545 5.9003235981508606 4.928274502977728 3.7668326770653948 3.6679106842202591 3.0650626512942818 6.5466055891010901 5.5061196700407891 1.3310421183705319 1.8361536643933494 2.4964504287927411 11.825360894494223
leaf_count=437 105 41 90 162 33 80 107 361 71 484 8 117 683 539
internal_value=-0.000339125 0.00284322 -0.00597799 0.000705415 0.0087733 -0.00153341 -0.000462195 -0.00329235 -0.0111657 -0.0219274 0.00280523 0.00629676 -0.00456451 0.0125739
internal_weight=71.5736 47.3372 24.2363 18.7123 14.5954 9.66716 42.4622 38.7943 15.1178 8.57118 23.6765 22.3454 8.68393 13.6615
internal_count=3318 2848 470 380 275 242 2807 2700 916 845 1784 1776 1120 656
is_linear=0
shrinkage=0.05


Tree=195
num_leaves=15
num_cat=0
split_feature=15 26 28 18 7 27 12 19 30 30 7 18 2 3
split_gain=0.567302 0.907558 1.17448 1.68105 1.46884 1.36297 0.956937 0.875044 0.656424 1.96071 0.995176 0.665116 0.577927 0.550246
threshold=21.360009363293909 175.50000000000003 -0.22916666666666666 180.50000000000003 119.50000000000001 57.782843008365084 22.500000000000004 1.5642792899726887 176.50000000000003 123.50000000000001 104.50000000000001 179.50000000000003 2.5000000000000004 167.50000000000003
decision_type=2 2 2 2 2 2 2 2 2 2 2 2 2 2
left_child=1 7 3 4 6 8 -3 12 9 10 -4 -11 -1 -7
right_child=-2 2 5 -5 -6 13 -8 -9 -10 11 -12 -13 -14 -15
leaf_value=-0.0075921511355307187 -0.010578946231989622 0.0085355771674468436 -0.0053836172038475329 -0.019670526708735946 0.016542219559552922 -0.015565509096101368 -0.017864356052585583 -0.015914819362139478 0.025136671000015084 -0.013632255977837722 0.022731271364538654 0.0048999393216686976 0.014010366112687384 0.0043703348204506909
leaf_weight=1.2924746080534517 6.6905630684050257 1.8321579489856974 1.8892913679010295 6.0649919188581398 6.9361334214918315 2.8904420620820011 3.8819781806960236 7.7776716266089352 4.9499879386275998 6.5524325437727367 10.232317132336901 4.9002972226589918 2.2141848304308951 3.1297770016826689
leaf_count=133 171 96 221 66 168 181 202 1189 39 156 429 53 184 30
internal_value=-0.000410315 0.00132856 0.0041615 -0.00508358 0.00550109 0.00917968 -0.00936654 -0.00921465 0.0134319 0.00700579 0.0180568 -0.00662351 0.00626567 -0.0079208
internal_weight=71.2347 64.5441 53.2598 18.7153 12.6503 34.5445 5.71414 11.2843 28.5243 23.5743 12.1216 11.4527 3.50666 6.02022
internal_count=3318 3147 1641 532 466 1109 298 1506 898 859 650 209 317 211
is_linear=0
shrinkage=0.05


Tree=196
num_leaves=15
num_cat=0
split_feature=10 8 7 0 24 22 8 14 27 25 29 21 23 27
split_gain=0.558583 1.57223 1.42175 1.2425 0.90018 0.851866 1.41608 1.58237 0.912342 0.842129 0.763763 0.686857 0.613689 0.554161
threshold=157.50000000000003 175.50000000000003 178.50000000000003 15.500000000000002 11.583333333333334 161.50000000000003 106.50000000000001 114.50000000000001 9.5720241481755632 23.125000000000004 -3.4999999999999996 115.35416666666669 31.720803214112994 32.898084907688776
decision_type=2 2 2 2 2 2 2 2 2 2 2 2 2 2
left_child=1 3 12 4 5 6 7 8 9 -1 -7 -8 13 -2
right_child=2 -3 -4 -5 -6 10 11 -9 -10 -11 -12 -13 -14 -15
leaf_value=-0.0062937722006403494 -0.0035022192858800713 0.019053809857682496 -0.021349727122544706 -0.019843057419922417 -0.012028120951368137 -0.0013635872102799613 -0.023911784247863083 0.019000910702752508 -0.013043320141657301 0.018977676953432197 0.019112584764397419 0.0038742678639393235 -0.0067970243063504828 0.015871533830105946
leaf_weight=2.9800046511809395 3.5449358798214252 6.278012230526655 4.9519761302508405 2.9493066474824436 5.1180889547104007 5.9772421394009134 3.0189781951630712 6.3775056959711938 7.8415187594946474 1.5985721386969087 8.2875231514044554 1.3899404434196183 5.9473219498759127 4.6652279315749183
leaf_count=231 105 59 63 977 133 136 236 126 831 29 136 52 103 101
internal_value=-0.000425012 0.00230805 -0.00677765 -0.00165721 0.00155466 0.00460751 -0.00153523 0.00519751 -0.00530966 0.0078301 0.0124056 -0.0177482 0.00256122 0.00934703
internal_weight=70.9262 51.8167 19.1095 45.5387 42.5894 37.4713 23.2065 18.7976 12.4201 4.57858 14.2648 4.40892 14.1575 8.21016
internal_count=3318 2946 372 2887 1910 1777 1505 1217 1091 260 272 288 309 206
is_linear=0
shrinkage=0.05


Tree=197
num_leaves=15
num_cat=0
split_feature=3 25 25 4 24 22 8 14 2 26 25 11 33 16
split_gain=0.553294 0.915193 1.2305 0.92813 1.07843 1.16404 1.04152 1.60695 0.932061 0.861064 0.777266 0.755902 0.694718 0.437407
threshold=174.50000000000003 136.90625000000003 133.37500000000003 169.50000000000003 -1.2499999999999998 177.50000000000003 106.50000000000001 109.50000000000001 1.5000000000000002 93.500000000000014 23.125000000000004 21.500000000000004 173.50000000000003 -3.4999999999999996
decision_type=2 2 2 2 2 2 2 2 2 2 2 2 2 2
left_child=1 2 3 4 8 6 7 9 -1 10 -6 -8 -3 -11
right_child=-2 12 -4 -5 5 -7 11 -9 -10 13 -12 -13 -14 -15
leaf_value=0.0072848653260809901 0.01093281513678576 -0.02156961769692951 0.014842862400511629 -0.01387133734275036 -0.0073418810433936001 0.015027144426587877 0.0058994490401896547 0.016135149873569503 -0.021542089081493271 0.0013923812824370174 0.015765855563910119 -0.019364054557666061 0.0017673771981451362 -0.021607526634038351
leaf_weight=1.2424026808875996 4.4769970141351214 4.0987853810365769 7.4609544498816822 8.6781364454072882 3.1814099476032549 11.034390570188405 1.494580509723163 8.8685647317033709 3.4766112564830109 1.9961298792622937 2.0918318738695234 5.3918787690345198 3.830900777131319 3.2446449330018412
leaf_count=116 38 133 199 107 352 174 37 199 914 111 37 316 33 552
internal_value=-0.000447297 -0.00193289 0.000684564 -0.00254428 0.00102113 0.00437659 -0.00178472 0.00439281 -0.0141093 -0.00751986 0.00503657 -0.0137059 -0.0139717 -0.0164446
internal_weight=70.5682 66.0912 58.1615 50.7006 42.0224 37.3034 26.269 19.3826 4.71901 10.514 5.27324 6.88646 7.92969 5.24077
internal_count=3318 3280 3114 2915 2808 1778 1604 1251 1030 1052 389 353 166 663
is_linear=0
shrinkage=0.05


Tree=198
num_leaves=15
num_cat=0
split_feature=20 24 31 14 31 31 20 0 15 25 28 28 27 26
split_gain=0.546524 0.703194 1.25471 1.18106 1.22407 1.02968 1.35843 0.81092 0.80768 0.737141 0.692809 1.09313 0.477078 0.176382
threshold=-14.499999999999998 7.5833333333333348 163.50000000000003 179.50000000000003 25.500000000000004 55.000000000000007 -9.1666666666666661 10.500000000000002 4.6547466812565315 77.338541666666686 -0.31249999999999994 -1.0624999999999998 1.6960670336155503 193.50000000000003
decision_type=2 2 2 2 2 2 2 2 2 2 2 2 2 2
left_child=13 2 5 4 -3 7 -7 12 -6 -9 11 -4 -2 -1
right_child=1 3 10 -5 8 6 -8 9 -10 -11 -12 -13 -14 -15
leaf_value=-0.015721252107645026 -0.0036718230397635981 0.0053760034494857376 0.013360175808198788 0.0096938483585207874 0.0011634222378305492 0.0091917404340144775 -0.024827573078103411 -0.017015404797983563 -0.022822514436429249 0.0059900479651006982 0.016652444663899216 -0.0096720302619348504 0.017697616164833837 0.0010835923318596355
leaf_weight=2.0903015306685115 1.6061044899979622 6.0182976233772996 4.202365424745949 5.7697678860276929 4.0308588432380921 1.2285161262261679 4.3167882597190319 2.1659183272277005 9.3324625250534137 3.1143832646775991 14.302535870578138 6.71672161947936 4.1517416747228708 1.2255720449611542
leaf_count=300 127 96 157 44 65 169 1124 334 210 144 189 107 188 64
internal_value=-0.000482365 0.000950765 0.00472972 -0.00507311 -0.0105556 -0.00508168 -0.0165061 0.00401431 -0.0172407 -0.00713262 0.0109542 0.000604352 0.0128007 -0.0125931
internal_weight=70.2723 66.9565 41.8051 25.1514 19.3816 16.5835 5.5453 11.0381 13.3633 5.2803 25.2216 10.9191 5.75785 3.31587
internal_count=3318 2954 2539 415 371 2086 1293 793 275 478 453 264 315 364
is_linear=0
shrinkage=0.05


Tree=199
num_leaves=15
num_cat=0
split_feature=3 22 28 24 19 31 27 10 19 16 28 31 19 2
split_gain=0.541746 0.873465 0.867218 1.01066 1.50704 1.12956 0.806163 0.759598 0.749344 1.0126 0.723089 0.74552 0.627935 0.598347
threshold=174.50000000000003 196.00000000000003 3.4375000000000004 7.416666666666667 24.429707449344871 163.50000000000003 58.933055932362898 148.50000000000003 1.5642792899726887 -14.499999999999998 -0.10416666666666664 176.50000000000003 16.149631762383244 2.5000000000000004
decision_type=2 2 2 2 2 2 2 2 2 2 2 2 2 2
left_child=1 2 3 5 12 8 -4 10 13 -10 11 -7 -5 -1
right_child=-2 -3 6 4 -6 7 -8 -9 9 -11 -12 -13 -14 -15
leaf_value=-0.0081623388102672386 0.010775533540168686 -0.018144004576820146 0.015002255796549924 -0.0074937101316516338 -0.026121589840720202 0.01261502960830943 -0.0064222667610473365 -0.0043192427118861274 0.0046293086764525124 -0.023396039852455013 0.019665464818253042 -0.0073426075311590171 0.010506015280384466 0.013441375498450035
leaf_weight=1.3822956387884899 4.4443339835852376 2.473903614038135 9.7084577060304564 5.4453370219853223 4.8364099706523112 2.8588500736514142 2.9737115599564268 7.4039463873486957 2.6996365195227483 4.8309908122755658 7.9656874628271916 6.6179660947527736 4.0941849483060651 2.236586679238826
leaf_count=139 38 48 251 132 78 137 142 120 334 1404 102 146 58 189
internal_value=-0.000507046 -0.00198194 -6.13566e-05 -0.00313564 -0.0123696 0.00161106 0.00958314 0.00721138 -0.00923787 -0.015511 0.0119777 0.00095556 0.00118775 0.00524142
internal_weight=69.9723 65.528 63.0541 50.3719 14.3759 35.996 12.6822 24.8465 11.1495 7.53063 17.4425 9.47682 9.53952 3.61888
internal_count=3318 3280 3232 2839 268 2571 393 505 2066 1738 385 283 190 328
is_linear=0
shrinkage=0.05


Tree=200
num_leaves=15
num_cat=0
split_feature=19 21 24 13 13 6 27 33 24 5 5 16 23 23
split_gain=0.547303 1.33738 1.67123 1.18782 1.78282 1.16669 1.12675 0.886994 0.80215 0.646427 1.00568 0.425735 0.418121 0.417593
threshold=12.421724539737948 156.95833333333334 7.416666666666667 163.12500000000003 138.75000000000003 112.50000000000001 32.846809186605746 173.50000000000003 1.0000000180025095e-35 21.500000000000004 25.500000000000004 -6.4999999999999991 29.469186806128516 10.050895167972428
decision_type=2 2 2 2 2 2 2 2 2 2 2 2 2 2
left_child=5 2 3 4 7 8 -4 12 9 -1 -11 -7 -2 -10
right_child=1 -3 6 -5 -6 11 -8 -9 13 10 -12 -13 -14 -15
leaf_value=-0.0098641111601410272 -0.010312626534416565 -0.018738691942065067 0.0036576558235756965 0.022821298187783431 -0.01863241503272357 -0.00057240055135052495 -0.016650632190133897 0.017123394673171463 -0.020024154965943248 0.018124901753295602 -0.0098518086766634719 0.019264670920611911 0.0059390831969289327 0.0032261632237083763
leaf_weight=1.1804446215392106 3.4997900475282275 6.2051890400471157 9.1407479231711495 5.0421081609092644 3.274659192597027 3.1492658857314382 11.387712802097665 7.551472584484145 2.7891006227000621 4.7814636446128134 1.0321158078877486 6.7322063816827704 2.9920457207481377 0.94866333185927931
leaf_count=385 663 109 157 46 215 137 155 93 275 324 332 157 142 128
internal_value=-0.000534265 -0.00335313 0.000596956 0.00912758 0.000921105 0.00552331 -0.00866264 0.00917562 -0.00507778 0.00474371 0.0108993 0.0148744 -0.00349724 -0.0156538
internal_weight=69.707 49.0937 42.8885 22.3601 17.318 20.6133 20.5285 14.0433 10.7318 6.99402 5.81358 9.88147 6.49184 3.73776
internal_count=3318 1580 1471 1159 1113 1738 312 898 1444 1041 656 294 805 403
is_linear=0
shrinkage=0.05


Tree=201
num_leaves=15
num_cat=0
split_feature=14 24 24 31 15 3 20 28 16 19 9 18 24 31
split_gain=0.578774 0.948275 1.20644 1.09112 0.991617 0.784363 0.954591 1.08554 0.969809 0.892367 0.801451 0.758646 0.773234 0.584523
threshold=179.50000000000003 7.5833333333333348 6.7500000000000009 25.500000000000004 4.6457866215893606 170.50000000000003 16.833333333333339 -0.77083333333333315 -14.499999999999998 1.5508919199760427 169.50000000000003 26.500000000000004 -1.5833333333333333 193.50000000000003
decision_type=2 2 2 2 2 2 2 2 2 2 2 2 2 2
left_child=1 2 5 -3 -5 6 7 11 10 -10 -9 -1 -13 -11
right_child=-2 3 -4 4 -6 -7 -8 8 9 13 -12 12 -14 -15
leaf_value=-0.0090614985212468264 0.0085582244746339239 0.0047253984194215864 0.016995471483369107 0.0028608700922205456 -0.02278218661862097 0.011615846811316737 0.013509340923648267 0.010148261102995576 0.0038474840810085588 -0.026299678018615082 -0.011243421866565396 -0.0042402709242085838 0.020240968235047452 0.0018518127993374701
leaf_weight=2.356240405293649 9.3779154550284129 6.0864367231261012 5.3523133450071319 3.7249404774047425 9.465562328026861 3.7062036939896634 1.483577879553194 4.9990665170335005 2.1216001132270348 10.201125257430247 2.8174378254916519 2.8966718480514828 3.3996665379381739 1.3848039470612992
leaf_count=415 77 99 73 61 217 33 28 359 147 1400 47 188 159 15
internal_value=-0.000559413 -0.00253332 0.00191505 -0.0103888 -0.0167448 -0.00218967 -0.00516961 -0.00787762 -0.0130818 -0.0192736 0.00105945 0.00511807 0.0120865 -0.023391
internal_weight=69.3736 59.9956 40.7187 19.2769 13.1905 35.3664 31.6602 30.1766 21.524 13.7075 7.8165 8.65258 6.29634 11.5859
internal_count=3318 3241 2864 377 278 2791 2758 2730 1968 1562 406 762 347 1415
is_linear=0
shrinkage=0.05


Tree=202
num_leaves=15
num_cat=0
split_feature=14 7 5 18 2 0 5 22 21 22 24 31 21 24
split_gain=0.533785 0.908101 0.708367 1.33399 0.83698 1.40581 0.89072 0.654053 0.609782 0.640439 0.535968 0.632213 0.856971 0.92122
threshold=179.50000000000003 178.50000000000003 168.50000000000003 175.50000000000003 1.5000000000000002 9.5000000000000018 162.50000000000003 184.50000000000003 61.854166666666679 110.50000000000001 7.916666666666667 183.50000000000003 92.687500000000014 6.7500000000000009
decision_type=2 2 2 2 2 2 2 2 2 2 2 2 2 2
left_child=1 2 3 4 8 10 -7 -5 9 -1 11 12 -6 -14
right_child=-2 -3 -4 7 5 6 -8 -9 -10 -11 -12 -13 13 -15
leaf_value=-0.0034295670796995539 0.0082812508009757115 -0.016377637940018838 -0.01008783156041052 0.020605557409912503 0.0092861702349536328 -0.024969620067356663 0.0042024783638193444 -0.00042763052770597074 -0.0035029945463169697 0.024938607942277313 -0.0084881103169055505 0.016129207799357802 -0.018699959386683424 0.0072235107666054751
leaf_weight=1.3441100787313183 9.374312683939932 4.820591152412816 8.4811651930795033 7.0376224139472452 5.6222766593564355 6.0333597673306931 1.7610691666777709 5.0458888292778283 3.5319686190632638 1.3980268160812555 4.6287834473187095 3.6980905798263839 4.0947351308568614 2.1398877771571279
leaf_count=173 77 72 119 118 422 1222 49 75 242 18 123 42 542 24
internal_value=-0.000466356 -0.0023756 0.000121786 0.00279105 -0.00255948 -0.00631867 -0.019312 0.0142679 0.00957175 0.0177987 0.00153699 0.00585928 -0.00117791 -0.0105474
internal_weight=69.0119 59.6376 54.817 46.3358 34.2523 27.9782 7.79443 12.0835 6.27411 2.74214 20.1838 15.555 11.8569 6.23462
internal_count=3318 3241 3169 3050 2857 2424 1271 193 433 191 1153 1030 988 566
is_linear=0
shrinkage=0.05


Tree=203
num_leaves=15
num_cat=0
split_feature=31 7 18 9 31 18 12 7 23 15 29 31 1 23
split_gain=0.517222 0.7906 1.01944 1.06326 0.821047 0.814367 0.728093 0.556897 0.459016 0.403512 0.528018 0.36788 0.340333 0.222452
threshold=192.50000000000003 175.50000000000003 175.50000000000003 23.500000000000004 176.50000000000003 26.500000000000004 161.50000000000003 164.50000000000003 10.515645343272181 2.2173557826100425 -2.4999999999999996 162.50000000000003 4.5000000000000009 9.896383333459827
decision_type=2 2 2 2 2 2 2 2 2 2 2 2 2 2
left_child=1 2 3 5 11 9 7 8 13 10 -1 -4 -7 -5
right_child=-2 -3 4 6 -6 12 -8 -9 -10 -11 -12 -13 -14 -15
leaf_value=0.0061391717325436001 0.0097414979965200921 -0.01233870495519823 0.0031366027646559293 -0.0074389403145153007 -0.0033512657760959574 -0.00083770553374582282 0.0028028790735444586 0.0022777031104340003 -0.022703427381866256 0.0060593210961192136 -0.017319050670480309 0.020318809195372094 0.02007623159288623 0.005017997844361707
leaf_weight=0.56692580599337805 5.8414849024265996 9.601203168043865 7.4346732386620733 2.5071864807396258 7.9927199464291325 2.050608072837349 6.4661539579974479 2.9274445240152991 8.4534708785940875 1.3485448147694112 2.3779980050167056 5.8417478045448661 3.1250798176042736 2.1888372166431509
leaf_count=22 58 123 143 211 77 82 141 74 1522 112 472 63 192 26
internal_value=-0.000430442 -0.00202329 0.000734603 -0.00467246 0.00821313 0.00705493 -0.00998498 -0.0145731 -0.0179185 -0.00593274 -0.0117816 0.0141874 0.01545 -0.00203918
internal_weight=68.7241 62.8826 53.2814 32.0122 21.2691 9.46916 22.5431 16.0769 13.1495 4.29347 2.94492 13.2764 5.17569 4.69602
internal_count=3318 3260 3137 2854 283 880 1974 1833 1759 606 494 206 274 237
is_linear=0
shrinkage=0.05


Tree=204
num_leaves=15
num_cat=0
split_feature=15 26 21 24 19 32 0 22 20 15 31 11 19 6
split_gain=0.527048 0.811261 1.03636 0.901073 0.862307 0.907127 0.801902 0.771432 0.741435 0.529052 0.537969 0.507389 0.491548 0.614322
threshold=21.360009363293909 175.50000000000003 156.95833333333334 10.583333333333334 20.886417218908953 136.50000000000003 7.5000000000000009 182.50000000000003 -1.0000000180025095e-35 5.1234753829814741 193.50000000000003 114.50000000000001 1.5954480704561667 115.50000000000001
decision_type=2 2 2 2 2 2 2 2 2 2 2 2 2 2
left_child=1 6 3 4 5 7 12 9 -6 11 -11 -3 -1 -14
right_child=-2 2 -4 -5 8 -7 -8 -9 -10 10 -12 -13 13 -15
leaf_value=0.011972779281258282 -0.010249953631519957 0.012954828471997746 -0.0078774964067763169 -0.0045906600622685782 0.00054866543327133715 -0.0098053663373829335 -0.017645991550273816 0.020495427750899707 0.02318358213244219 -0.015950627779957066 0.0066835692230825848 -0.0070462584359724124 -0.013530521198030672 0.0087366103285306512
leaf_weight=2.3280003068502975 6.4796887473930829 3.7083060247823614 9.945103253819978 9.1085770493955334 5.0147612734144795 5.6313335812446885 4.9465226776810596 2.7021376982447682 10.780887754284773 2.5951887340488615 0.66225815750658501 1.1064915610477326 2.5811837440560343 0.92118100560037408
leaf_count=130 171 253 138 127 216 138 949 48 136 479 8 98 405 22
internal_value=-0.000371921 0.0013475 0.00406989 0.00748612 0.0110601 0.0018732 -0.00878665 0.00915037 0.0178572 -0.00103404 -0.0100883 0.00711035 0.00340618 -0.00598026
internal_weight=68.5116 62.0319 51.255 41.3099 32.2014 16.4057 10.7769 10.7744 15.7956 8.07224 3.25745 4.8148 5.83037 3.50236
internal_count=3318 3147 1641 1503 1376 1024 1506 886 352 838 487 351 557 427
is_linear=0
shrinkage=0.05


Tree=205
num_leaves=15
num_cat=0
split_feature=19 21 24 6 27 13 13 33 24 5 5 23 22 19
split_gain=0.530139 1.23528 1.52375 1.10201 1.08008 1.06851 1.68573 0.875387 0.73718 0.595976 0.948102 0.395846 0.389836 0.446867
threshold=12.421724539737948 156.95833333333334 7.416666666666667 112.50000000000001 32.846809186605746 163.12500000000003 138.75000000000003 173.50000000000003 1.0000000180025095e-35 21.500000000000004 25.500000000000004 10.050895167972428 191.50000000000003 42.471959935873883
decision_type=2 2 2 2 2 2 2 2 2 2 2 2 2 2
left_child=3 2 5 8 -4 6 7 12 9 -1 -11 -10 13 -2
right_child=1 -3 4 -5 -6 -7 -8 -9 11 10 -12 -13 -14 -15
leaf_value=-0.0095079143514147698 -0.013111600452907799 -0.018055872090826399 0.0038206297870713966 0.014731301126992433 -0.016124567410858364 0.021974240263572229 -0.018188278134507511 0.016989597868326583 -0.019373776040365408 0.017539608576512964 -0.0096440895308123609 0.0032091427767973486 0.0080972347157217423 0.0060664355518417644
leaf_weight=1.129589868971381 4.506008613505406 6.0523234391584984 8.985403580823915 9.7150236463930906 11.17267007313785 4.8820844697765997 3.160683209222042 7.3920823745429516 2.6728301297116563 4.7510508747946005 1.0088112961384466 0.93493297052918922 0.84130644984543312 1.0156731809256596
leaf_count=385 773 109 157 294 155 46 215 93 275 324 332 128 10 22
internal_value=-0.000362264 -0.00317859 0.00066164 0.00563085 -0.00824166 0.00889669 0.000970118 0.00904767 -0.00482701 0.00460917 0.0105094 -0.0150568 -0.00359473 -0.00837749
internal_weight=68.2205 48.0082 41.9559 20.2122 20.1581 21.7978 16.9158 13.7551 10.4972 6.88945 5.75986 3.60776 6.36299 5.52168
internal_count=3318 1580 1471 1738 312 1159 1113 898 1444 1041 656 403 805 795
is_linear=0
shrinkage=0.05


Tree=206
num_leaves=15
num_cat=0
split_feature=14 24 31 24 3 20 28 16 19 9 18 24 27 31
split_gain=0.516488 0.861069 1.0892 0.992617 0.717698 0.884172 0.969761 0.884868 0.829365 0.738069 0.700033 0.717412 0.573743 0.523156
threshold=179.50000000000003 7.916666666666667 25.500000000000004 6.7500000000000009 170.50000000000003 16.833333333333339 -0.77083333333333315 -14.499999999999998 1.5508919199760427 169.50000000000003 26.500000000000004 -1.5833333333333333 32.510614824371153 193.50000000000003
decision_type=2 2 2 2 2 2 2 2 2 2 2 2 2 2
left_child=1 3 -3 4 5 6 10 9 -9 -8 -1 -12 -4 -10
right_child=-2 2 12 -5 -6 -7 7 8 13 -11 11 -13 -14 -15
leaf_value=-0.0088352272457884948 0.0082260174707553865 0.0049133156940126144 -0.002323012311092059 0.015004027227466974 0.011200960695398167 0.01308278040618282 0.0097999649365319227 0.0037803418805634919 -0.025417291937208243 -0.010829687261027419 -0.0041916210841189292 0.019394842541696832 -0.023677406254718644 0.0016610263952780376
leaf_weight=2.3079630250576901 9.3021029382944089 6.0108116642804843 6.0992442514980194 6.0300643347436553 3.650214367080479 1.4409986762912002 4.9027254673565066 2.0718942458042902 9.7888194930274022 2.741362351924181 2.8538920453574974 3.3580643198511098 5.9816950639942661 1.3614191468805064
leaf_count=415 77 99 126 90 33 28 359 147 1400 47 188 159 135 15
internal_value=-0.000386365 -0.00229273 -0.010034 0.0018873 -0.00201658 -0.00492643 -0.00758346 -0.0125794 -0.0185813 0.00104474 0.00477927 0.0115219 -0.0167322 -0.0226204
internal_weight=67.9013 58.5992 18.0918 40.5074 34.4774 30.8271 29.3861 20.8662 13.2221 7.64409 8.51992 6.21196 12.0809 11.1502
internal_count=3318 3241 360 2881 2791 2758 2730 1968 1562 406 762 347 261 1415
is_linear=0
shrinkage=0.05


Tree=207
num_leaves=15
num_cat=0
split_feature=30 27 27 10 10 12 0 28 24 23 26 25 8 32
split_gain=0.505296 1.51359 1.63406 1.43607 0.999128 0.874753 1.06805 0.754722 0.624099 0.638935 0.628608 1.13691 0.410922 0.374083
threshold=124.50000000000001 33.221279308920096 31.975319429703074 164.50000000000003 148.50000000000003 151.50000000000003 6.5000000000000009 0.43750000000000006 -1.5833333333333333 33.446248389700884 184.50000000000003 123.48437500000001 119.50000000000001 23.500000000000004
decision_type=2 2 2 2 2 2 2 2 2 2 2 2 2 2
left_child=5 2 4 7 12 6 -1 -3 9 -8 11 13 -2 -10
right_child=1 3 -4 -5 -6 -7 8 -9 10 -11 -12 -13 -14 -15
leaf_value=-0.012399722958112329 -0.0042195337348414543 -0.025703157344974817 0.018248401892249588 0.0055555870727968274 -0.017690896383624661 -0.0089391226058667152 -0.01286973664994787 0.0015755840887705802 -0.0021279819554537857 0.0099713583081233511 0.022919776974596896 -0.012077082687228409 0.011724559209249573 0.01437733165596676
leaf_weight=1.6380472496384779 4.1534808330470714 8.7306089009507541 7.1059786050172979 4.8205296739470205 4.1422319688135758 6.0311953440250354 2.3847197214345246 2.4330026381649068 2.9333060672215678 0.64475114154629398 6.2516164531698442 2.8500812228012355 3.2992923794081435 10.184775893430922
leaf_count=1011 100 394 96 65 183 122 426 27 296 32 77 46 127 316
internal_value=-0.000329831 -0.00425316 0.0049729 -0.0136603 -0.00620983 0.00381978 0.00763469 -0.0211097 0.0107692 -0.00482642 0.0133915 0.00508526 0.00471237 0.0111179
internal_weight=67.6036 34.6851 18.701 15.9841 11.595 32.9185 26.8873 11.1636 25.2493 3.02947 22.2198 15.9682 7.45277 13.1181
internal_count=3318 992 506 486 410 2326 2204 421 1193 458 735 658 227 612
is_linear=0
shrinkage=0.05


Tree=208
num_leaves=15
num_cat=0
split_feature=3 25 25 9 13 13 12 27 15 23 18 31 33 27
split_gain=0.493934 0.837187 1.10764 0.89589 1.03432 0.982728 0.875232 0.963832 0.873063 0.811486 0.746702 0.629974 0.622524 0.458914
threshold=174.50000000000003 136.90625000000003 133.84895833333334 176.50000000000003 138.75000000000003 106.62500000000001 22.500000000000004 32.567297058848105 5.9125562084234806 24.452223454811914 26.500000000000004 176.50000000000003 173.50000000000003 33.372479206990768
decision_type=2 2 2 2 2 2 2 2 2 2 2 2 2 2
left_child=1 2 3 4 5 6 10 -8 -6 -10 -1 -12 -3 -7
right_child=-2 12 -4 -5 8 13 7 -9 9 -11 11 -13 -14 -15
leaf_value=-0.0080179533767949229 0.01050901176562319 -0.020713357339438423 0.014955590549341294 0.010118165848252758 0.0011611425298388869 -0.0015671795635937664 0.0021110617752189767 -0.021476996138563235 0.0024568802724799586 -0.024386750393563 0.021520560312089501 -0.0042872322972585392 0.0017460454899265638 0.018217171154851646
leaf_weight=1.8625905183143974 4.2514151744544497 3.8811598986794698 6.2902490676788139 7.1092894151806822 6.8753122648922753 3.1989143369719377 6.2897084441647149 4.8406237709423294 2.4910339888883746 8.3456649006402568 2.4374834684131206 1.4078699664678422 3.6277542393654585 4.3657003010739572
leaf_count=407 38 133 161 69 186 265 515 637 114 228 276 29 33 227
internal_value=-0.000356172 -0.00180769 0.000758971 -0.00226695 -0.00520955 0.00162625 -0.00503478 -0.0116249 -0.0129123 -0.0193887 0.00724349 0.0149894 -0.0135019 0.0125565
internal_weight=67.2748 63.0234 55.5144 49.2242 42.1149 24.4029 16.8383 11.1303 17.712 10.8367 5.70794 3.84535 7.50891 7.56461
internal_count=3318 3280 3114 2953 2884 2356 1864 1152 528 342 712 305 166 492
is_linear=0
shrinkage=0.05


Tree=209
num_leaves=15
num_cat=0
split_feature=20 25 25 16 7 13 31 20 25 29 25 4 33 21
split_gain=0.493683 0.583868 1.27023 0.999943 0.996332 0.746217 0.724837 1.18198 0.986012 1.16226 0.875948 0.840835 0.523129 0.403046
threshold=-14.499999999999998 138.59895833333334 136.90625000000003 -14.499999999999998 170.50000000000003 170.75000000000003 166.50000000000003 10.833333333333334 44.083333333333336 -7.4999999999999991 23.125000000000004 108.50000000000001 197.50000000000003 52.687500000000007
decision_type=2 2 2 2 2 2 2 2 2 2 2 2 2 2
left_child=-1 2 3 -2 5 6 8 11 10 -10 -5 13 -11 -8
right_child=1 -3 -4 4 -6 -7 7 -9 9 12 -12 -13 -14 -15
leaf_value=-0.011944425814626444 0.012986968324788468 0.0141113471517956 -0.01644692453034571 -0.0091285743110600861 -0.015407171211772859 0.016177675611801334 0.00663183712563535 -0.008214637200623964 0.0075323084337781919 -0.024690921964446135 0.0130228180225166 0.019310645141909392 0.0037625413998988093 -0.010353346127664812
leaf_weight=3.1577792686148305 11.160702978508196 2.6344239852041929 5.6067341462185132 3.377735599002337 5.1837777262553564 2.660306839272379 2.0761066244449484 6.6459102041553697 1.7605994535406289 6.7590020682691874 5.1468536772299558 7.9955752573441714 0.48837214522063721 2.3273882071953267
leaf_count=364 333 47 99 357 76 20 121 99 116 1230 273 133 4 46
internal_value=-0.000333529 0.00106696 -0.00051821 0.00231335 -0.00141093 0.00197055 -0.000883963 0.00525476 -0.00723857 -0.0156174 0.00411575 0.0127603 -0.0220203 -0.00307709
internal_weight=66.9813 63.8235 61.1891 55.5823 44.4216 39.2379 36.5775 19.045 17.5326 9.00797 8.52459 12.3991 7.24737 4.40349
internal_count=3318 2954 2907 2808 2475 2399 2379 399 1980 1350 630 300 1234 167
is_linear=0
shrinkage=0.05


Tree=210
num_leaves=15
num_cat=0
split_feature=29 29 30 5 12 0 28 29 32 22 13 17 1 32
split_gain=0.499107 1.11698 0.873103 1.66166 1.26729 0.895929 0.801782 0.662685 0.625847 0.759337 0.551027 0.48715 0.413102 0.52962
threshold=-11.499999999999998 -6.4999999999999991 177.50000000000003 166.50000000000003 151.50000000000003 6.5000000000000009 0.35416666666666669 2.5000000000000004 159.50000000000003 185.50000000000003 22.375000000000004 140.58333333333334 1.0000000180025095e-35 22.500000000000004
decision_type=2 2 2 2 2 2 2 2 2 2 2 2 2 2
left_child=8 6 3 4 5 -3 11 -6 9 -1 -7 -2 -12 -14
right_child=1 2 -4 -5 7 10 -8 -9 -10 -11 12 -13 13 -15
leaf_value=-0.0097142842499751622 -0.0099936130255333534 -0.011538792181755169 0.009046848421278798 -0.01917585313877113 0.0033824697748475446 -0.0052516054803910276 0.023089640641821896 -0.017837281087375284 -0.018696357564239551 0.014012449828060792 -0.0016900709807821206 0.0083582504188634242 -0.0019294631846810979 0.018180181587769056
leaf_weight=1.9522505190107033 2.3355390862125187 1.491484450642022 9.6822935212403518 9.3466115608462115 3.5420379172719532 2.3768268581188776 3.8486808685120195 5.6170561393955722 2.4787912557367235 1.7583501152112146 3.290217867310278 2.2035823847108986 2.8787180079234558 13.894422921497606
leaf_count=248 100 860 110 115 127 431 80 165 35 24 134 66 189 634
internal_value=-0.000328698 0.00136007 -0.00178781 -0.00495279 0.00105435 0.00693521 0.0142827 -0.0113345 -0.0100686 0.0031186 0.0100419 -0.00137321 0.0125399 0.0150783
internal_weight=66.6969 60.5075 52.1197 42.4374 33.0908 23.9317 8.3878 9.15909 6.18939 3.7106 22.4402 4.53912 20.0634 16.7731
internal_count=3318 3011 2765 2655 2540 2248 246 292 307 272 1388 166 957 823
is_linear=0
shrinkage=0.05


Tree=211
num_leaves=15
num_cat=0
split_feature=3 25 25 9 13 13 12 27 15 23 18 31 33 27
split_gain=0.479814 0.759756 1.02606 0.842833 0.944244 0.921443 0.830011 0.915079 0.804102 0.776921 0.717896 0.615677 0.597212 0.458957
threshold=174.50000000000003 136.90625000000003 133.84895833333334 176.50000000000003 138.75000000000003 106.62500000000001 22.500000000000004 32.567297058848105 5.9125562084234806 24.233428522827985 26.500000000000004 176.50000000000003 173.50000000000003 33.372479206990768
decision_type=2 2 2 2 2 2 2 2 2 2 2 2 2 2
left_child=1 2 3 4 5 6 10 -8 -6 -10 -1 -12 -3 -7
right_child=-2 12 -4 -5 8 13 7 -9 9 -11 11 -13 -14 -15
leaf_value=-0.0079596358766243821 0.010351950328767488 -0.020142427695117971 0.014352254553580827 0.0097688470457627449 0.0010615230577561839 -0.0017921359803567509 0.0019778518035654595 -0.021129509255518215 0.002518428284470688 -0.023742056692941035 0.021038287107621581 -0.0043303633322349976 0.0018280380988688724 0.017771456309960552
leaf_weight=1.8501481067214687 4.2036803830415002 3.7812476514081927 6.2158590103499582 7.0455254130065432 6.7875196883396738 3.1890281335217869 6.2626885325007589 4.7389636104635429 2.453745550941675 8.1822878201201075 2.4509797044156589 1.4074092991650102 3.5962644051760435 4.297372681539855
leaf_count=407 38 133 161 69 186 265 515 637 110 232 276 29 33 227
internal_value=-0.000383397 -0.00182391 0.000642715 -0.00228239 -0.00515136 0.00142253 -0.00502155 -0.0114678 -0.0125622 -0.0188157 0.00695564 0.0145635 -0.0130205 0.0120573
internal_weight=66.4627 62.259 54.8815 48.6657 41.6201 24.1966 16.7102 11.0017 17.4236 10.636 5.70854 3.85839 7.37751 7.4864
internal_count=3318 3280 3114 2953 2884 2356 1864 1152 528 342 712 305 166 492
is_linear=0
shrinkage=0.05


Tree=212
num_leaves=15
num_cat=0
split_feature=5 5 4 14 9 26 2 31 3 1 18 23 7 2
split_gain=0.489937 0.965599 0.962287 0.909442 0.840069 0.702679 0.640321 0.719274 0.587092 0.527344 0.957349 0.680533 0.636284 0.511204
threshold=174.50000000000003 168.50000000000003 161.50000000000003 158.50000000000003 175.50000000000003 193.50000000000003 1.5000000000000002 176.50000000000003 161.50000000000003 5.5000000000000009 26.500000000000004 15.862975631224231 172.50000000000003 3.5000000000000004
decision_type=2 2 2 2 2 2 2 2 2 2 2 2 2 2
left_child=1 2 3 5 -4 6 7 -1 -5 11 -11 13 -13 -8
right_child=-2 -3 4 8 -6 -7 9 -9 -10 10 -12 12 -14 -15
leaf_value=0.016350882891128505 0.0078631072027353713 -0.014552867596098482 -0.00091986960643266615 -0.022598577906533159 0.020599671298220462 0.012293453897568418 -0.0088800623001672012 -0.0077161514415887249 0.0014179823002043544 -0.0098922135879755211 0.01716313519808076 -0.023125850202796679 0.0038123298895332159 0.0067815255487503699
leaf_weight=3.010129314629018 9.7028888720087689 7.7606778955669133 7.862278371001592 3.1718552707461631 4.5512288138270378 5.0345151885703663 4.8136642603203708 1.3372095222584901 2.8876489882532042 1.8516065125586458 1.7740492259035816 5.0792177879193323 1.1994523443281648 6.1446874811372254
leaf_count=297 92 117 179 142 43 266 325 41 64 251 97 1062 13 329
internal_value=-0.000361983 -0.00229962 0.0008252 -0.00340385 0.0106194 0.000933335 -0.0029945 0.00878045 -0.0156868 -0.0066713 0.00562118 -0.00993946 -0.018571 -0.000724885
internal_weight=66.1811 56.4782 48.7175 36.304 12.4135 30.2445 25.21 4.34734 6.0595 20.8627 3.62566 17.237 6.27867 10.9584
internal_count=3318 3226 3109 2887 222 2681 2415 338 206 2077 348 1729 1075 654
is_linear=0
shrinkage=0.05


Tree=213
num_leaves=15
num_cat=0
split_feature=15 26 7 6 8 8 20 11 19 25 2 0 15 25
split_gain=0.474157 0.780196 1.04297 1.1274 1.14847 1.45832 0.851998 0.736836 0.708088 0.626878 0.487375 0.411126 0.345265 0.328984
threshold=21.360009363293909 175.50000000000003 174.50000000000003 166.50000000000003 119.50000000000001 106.50000000000001 -0.83333333333333315 105.50000000000001 1.5642792899726887 128.38541666666671 2.5000000000000004 16.500000000000004 26.285293733696083 129.65104166666671
decision_type=2 2 2 2 2 2 2 2 2 2 2 2 2 2
left_child=1 8 3 4 5 6 9 -8 10 -3 -1 -6 -2 -10
right_child=12 2 -4 -5 11 -7 7 -9 13 -11 -12 -13 -14 -15
leaf_value=-0.0072066775367301827 -0.01560772607335139 -0.01326918587126924 -0.0071864796783355171 -0.0065313475782238957 0.021614001971432852 -0.018534096661611578 -0.0035356203179017979 0.021912568399428942 -0.017284270775474807 0.0085740707328330317 0.012647481939303765 0.00057534264674740255 0.0015682153585664428 0.0035659411418488239
leaf_weight=1.2211341167567282 2.8994915601215316 2.9911647386616051 11.370463968487455 7.4447075189091256 13.90855987260875 2.2000865790905655 2.2760674834717127 4.9059621045889799 6.5439391999098007 1.2420549570815635 2.149640054180054 2.9649919802177456 3.3329347287071869 0.47509201429784287
leaf_count=133 99 224 150 78 251 283 141 138 1171 63 184 313 72 18
internal_value=-0.00035131 0.00131864 0.00404614 0.00785789 0.0117966 0.000288801 0.00845697 0.0157067 -0.00873393 -0.00568777 0.00544648 0.0188937 -0.00981313 -0.0149766
internal_weight=65.9263 59.6939 49.3041 37.9336 30.4889 13.6153 11.4152 7.18203 10.3898 4.23322 3.37077 16.8736 6.23243 7.01903
internal_count=3318 3147 1641 1491 1413 849 566 279 1506 287 317 564 171 1189
is_linear=0
shrinkage=0.05


Tree=214
num_leaves=15
num_cat=0
split_feature=10 8 12 29 20 28 30 27 19 33 6 21 22 3
split_gain=0.475231 0.724319 0.940278 1.22519 2.06981 1.20231 1.11957 1.1756 1.00722 1.09356 0.635975 0.570536 0.570228 0.495002
threshold=169.50000000000003 169.50000000000003 25.500000000000004 -2.4999999999999996 -1.0000000180025095e-35 -0.062499999999999993 177.50000000000003 27.202739477627777 2.0816659994547542 22.500000000000004 25.500000000000004 29.333333333333339 185.50000000000003 174.50000000000003
decision_type=2 2 2 2 2 2 2 2 2 2 2 2 2 2
left_child=1 2 8 4 -4 -6 7 11 10 -10 -1 -5 -3 -9
right_child=-2 12 3 6 5 -7 -8 13 9 -11 -12 -13 -14 -15
leaf_value=-0.013381448294947055 -0.0090367022647604694 -0.0011435813740710711 -0.012953133076644639 -0.0082063081460445331 -0.0051900137190168064 0.024624769167404699 0.0057805702904356465 -0.027319313283795776 -0.0068144413420419261 0.024129804954769043 0.0092669412681664395 0.011996879275614788 0.015985484230816339 0.001207128470418351
leaf_weight=3.3540252678212692 8.103500684257595 6.9675067596835998 5.8908837741037123 2.278776827297416 2.7804001999029424 5.7061781507072649 3.7832351699471465 9.3350903627870121 1.4873979320254873 4.8311144213948864 0.65440534107619885 1.9105249116400953 7.3885625563561916 1.2421955950558174
leaf_count=688 127 93 478 116 103 152 38 993 104 228 41 69 73 15
internal_value=-0.00040155 0.00143774 -0.00195494 -0.00601042 0.0042413 0.016554 -0.0131697 -0.0182589 0.00871831 0.017053 -0.0065927 0.00252172 0.00952421 -0.024657
internal_weight=65.7138 57.6103 43.2542 32.9273 14.3775 8.48658 18.5498 14.7666 10.3269 6.31851 4.00843 4.1893 14.3561 10.5773
internal_count=3318 3191 3025 1964 733 255 1231 1193 1061 332 729 185 166 1008
is_linear=0
shrinkage=0.05


Tree=215
num_leaves=15
num_cat=0
split_feature=19 21 24 13 13 6 27 33 24 5 5 16 23 22
split_gain=0.48121 1.11194 1.34769 0.982555 1.53332 0.97905 0.911164 0.804975 0.700679 0.549075 0.885692 0.390532 0.344375 0.344301
threshold=12.421724539737948 156.95833333333334 7.416666666666667 163.12500000000003 138.75000000000003 112.50000000000001 32.846809186605746 173.50000000000003 1.0000000180025095e-35 25.500000000000004 22.500000000000004 -6.4999999999999991 10.050895167972428 191.50000000000003
decision_type=2 2 2 2 2 2 2 2 2 2 2 2 2 2
left_child=5 2 3 4 7 8 -4 13 9 10 -1 -7 -10 -2
right_child=1 -3 6 -5 -6 11 -8 -9 12 -11 -12 -13 -14 -15
leaf_value=-0.0066020899495867341 -0.0081480703097658105 -0.017358538284246876 0.0034250232356874397 0.021169932925560547 -0.017627139574681188 -0.00076384859798778182 -0.015191675130962159 0.016333936688790806 -0.018650528161380863 -0.0092276736691797364 0.01902135325362439 0.018381454259957009 0.0028961008216372851 0.0074990111973774823
leaf_weight=2.3914072959305503 5.2770891023246858 5.7825512951239935 8.693943068559749 4.6636844286695114 2.9992726125492473 2.9788419941469328 10.680159906332845 7.0896969060413539 2.5465350415179278 0.96115619216288894 3.3243059129454195 6.3247383672278357 0.88982266781385977 0.78786176396533836
leaf_count=553 795 109 157 46 215 137 155 93 275 332 156 157 128 10
internal_value=-0.000353004 -0.00309495 0.000650707 0.00854891 0.000762641 0.00544356 -0.00784873 0.00865548 -0.00457587 0.00467019 0.0102224 0.0141273 -0.0146615 -0.00364531
internal_weight=65.3911 45.9743 40.1917 20.8176 16.1539 19.4168 19.3741 13.1546 10.1132 6.67687 5.71571 9.30358 3.43636 6.06495
internal_count=3318 1580 1471 1159 1113 1738 312 898 1444 1041 709 294 403 805
is_linear=0
shrinkage=0.05


Tree=216
num_leaves=15
num_cat=0
split_feature=30 27 27 10 10 12 0 28 24 23 26 25 8 25
split_gain=0.48367 1.32241 1.41922 1.31914 0.920001 0.751755 0.971516 0.662642 0.55911 0.587134 0.528659 1.01855 0.371973 0.343935
threshold=124.50000000000001 33.221279308920096 31.975319429703074 164.50000000000003 148.50000000000003 151.50000000000003 6.5000000000000009 0.43750000000000006 -1.5833333333333333 33.446248389700884 184.50000000000003 123.48437500000001 119.50000000000001 23.125000000000004
decision_type=2 2 2 2 2 2 2 2 2 2 2 2 2 2
left_child=5 2 4 7 12 6 -1 -3 9 -8 11 13 -2 -10
right_child=1 3 -4 -5 -6 -7 8 -9 10 -11 -12 -13 -14 -15
leaf_value=-0.011911163911004089 -0.0040197582259733243 -0.024799259706931448 0.017028165288576154 0.0054421006016990847 -0.017112466327159331 -0.0082522598372582086 -0.012381608821970078 0.0013851700122105748 -0.0026568596456862451 0.0095508429523239978 0.021775072605134158 -0.011434446126949931 0.011297545659240238 0.013568106840240905
leaf_weight=1.5537113028258378 4.0036245424416865 8.3106196358421567 6.8398861908935933 4.6286851027980438 3.9747481094091199 5.7766027565230607 2.284599012025875 2.3322524494142263 2.3136938331299417 0.65575221588369448 5.987798139511141 2.7370491986512198 3.1762587617267855 10.497847461170748
leaf_count=1011 100 394 96 65 183 122 426 27 234 32 77 46 127 378
internal_value=-0.000354792 -0.00426817 0.00453198 -0.0131976 -0.00602928 0.00376191 0.00732816 -0.0204526 0.0103627 -0.0045562 0.0128743 0.00498215 0.00461246 0.0107147
internal_weight=65.0731 33.2661 17.9945 15.2716 11.1546 31.8071 26.0305 10.6429 24.4767 2.94035 21.5364 15.5486 7.17988 12.8115
internal_count=3318 992 506 486 410 2326 2204 421 1193 458 735 658 227 612
is_linear=0
shrinkage=0.05


Tree=217
num_leaves=15
num_cat=0
split_feature=6 7 7 12 4 13 9 7 18 24 30 15 32 9
split_gain=0.475366 2.18262 0.828104 0.728996 1.54565 0.915001 0.908748 0.60131 0.596963 0.560061 0.481201 0.374944 0.335605 0.545091
threshold=168.50000000000003 174.50000000000003 163.50000000000003 165.50000000000003 138.50000000000003 106.62500000000001 23.500000000000004 104.50000000000001 26.500000000000004 7.916666666666667 25.500000000000004 2.2173557826100425 25.500000000000004 165.50000000000003
decision_type=2 2 2 2 2 2 2 2 2 2 2 2 2 2
left_child=1 2 3 4 5 6 8 -8 11 -7 -10 -1 -6 -14
right_child=-2 -3 -4 -5 12 9 7 -9 10 -11 -12 -13 13 -15
leaf_value=-0.011443975575754148 0.007002101561647405 -0.02369257702889925 0.010957437399856539 0.0084762948334539418 0.00044321103830263482 0.01809506330288221 -0.021410241536637974 0.0023177933471012209 -0.0038165880165409757 -0.0049974979676567742 0.018210332440325928 0.0058711368003653269 -0.026850202134641312 0.0012424205113498981
leaf_weight=2.7788232716557157 11.967347356490789 5.0806178671773514 11.892684341815764 7.2923447518260209 1.64733180508483 4.8638617710967074 3.3165196591435224 2.6285838917829096 1.475679356488399 1.146880082786083 3.0011028720764443 1.2974497240502385 4.8151873097813223 1.5785044445365199
leaf_count=487 114 97 218 119 54 497 666 306 107 39 159 111 286 58
internal_value=-0.000384388 -0.00251889 0.00176742 -0.00225001 -0.0058447 0.0022083 -0.00468952 -0.0146529 0.0050867 0.0134204 0.0127668 -0.00573445 -0.0193559 -0.022413
internal_weight=64.7829 52.8156 47.735 35.8423 28.5499 20.5089 14.4982 5.9451 8.55306 6.01074 4.47678 4.07627 8.04102 6.39369
internal_count=3318 3204 3107 2889 2770 2372 1836 972 864 536 266 598 398 344
is_linear=0
shrinkage=0.05


Tree=218
num_leaves=15
num_cat=0
split_feature=31 7 18 9 31 12 18 16 15 15 29 12 21 17
split_gain=0.465646 0.674475 0.942865 0.988703 0.757113 0.683891 0.665606 0.437495 0.383935 0.35339 0.454095 0.286084 0.279518 0.257077
threshold=192.50000000000003 175.50000000000003 175.50000000000003 23.500000000000004 176.50000000000003 161.50000000000003 26.500000000000004 -14.499999999999998 8.8670487118968726 2.2173557826100425 -2.4999999999999996 24.500000000000004 153.93750000000003 163.87500000000003
decision_type=2 2 2 2 2 2 2 2 2 2 2 2 2 2
left_child=1 2 3 6 12 7 9 8 -5 10 -1 -8 -4 -9
right_child=-2 -3 4 5 -6 -7 11 13 -10 -11 -12 -13 -14 -15
leaf_value=0.0057034968458552354 0.0094025507249305973 -0.011739600250484055 0.018221087624274161 0.0094248941304954127 -0.0033336494561457377 0.0027044432469229811 0.018766266967907584 -0.01900962251749172 -0.0079464286618107071 0.0057786228274471947 -0.016221479318608543 -0.00047595956073535748 0.0021227433226415145 0.0018163927842956525
leaf_weight=0.53609010801301327 5.4099128050729623 8.9379425724036974 7.0786543542053568 1.500358040488208 7.5438124127686015 6.1187816464807829 2.8441288777976297 11.414985285708099 1.3078620208543723 1.3020231861155478 2.1754498205555159 2.2423371383338235 5.3770038918592036 0.7265140153467663
leaf_count=22 58 123 105 160 77 141 192 1432 231 112 472 82 101 10
internal_value=-0.000439123 -0.00200302 0.000638416 -0.00469389 0.00801206 -0.00999025 0.00676266 -0.0145617 0.00142673 -0.00537017 -0.0109993 0.0142526 0.0138702 -0.0175971
internal_weight=64.5159 59.1059 50.168 30.1685 19.9995 21.0685 9.10003 14.9497 2.80822 4.01356 2.71154 5.08647 12.4557 12.1415
internal_count=3318 3260 3137 2854 283 1974 880 1833 391 606 494 274 206 1442
is_linear=0
shrinkage=0.05


Tree=219
num_leaves=15
num_cat=0
split_feature=19 21 24 13 13 22 0 27 33 20 6 22 20 16
split_gain=0.464488 1.02795 1.29155 0.931096 1.4454 0.920526 0.985757 0.823778 0.74344 0.528091 0.401765 0.322735 0.363964 0.447435
threshold=12.421724539737948 156.95833333333334 7.416666666666667 163.12500000000003 138.75000000000003 175.50000000000003 7.5000000000000009 32.846809186605746 173.50000000000003 -0.83333333333333315 113.50000000000001 191.50000000000003 18.833333333333339 -43.499999999999993
decision_type=2 2 2 2 2 2 2 2 2 2 2 2 2 2
left_child=5 2 3 4 8 6 9 -4 11 10 -1 12 13 -2
right_child=1 -3 7 -5 -6 -7 -8 -9 -10 -11 -12 -13 -14 -15
leaf_value=-0.012700594320090873 0.0038903670231645576 -0.016860907238768746 0.0030637753819397415 0.020699106780116328 -0.017227514147131178 0.015509541011844659 -0.015077394373077353 -0.01477426484246068 0.015824669014839844 0.012247907511953137 0.0061675960224746237 0.0072917750808831885 0.0060347144752072625 -0.016997173577052677
leaf_weight=1.4977377744507978 1.4742762998794194 5.6630832575028753 8.6247043371549825 4.5710304314270607 2.916079014845308 6.7736978452303438 4.1566416244895654 10.535536984825738 6.9771997509524226 5.6250664795079519 1.0295702389266805 0.7696012589149176 0.54015010409057129 3.1783209115237723
leaf_count=192 71 109 157 46 215 128 904 155 93 478 36 10 6 718
internal_value=-0.000364516 -0.00307695 0.000564569 0.00837528 0.000711735 0.00537082 -0.00307705 -0.0077724 0.00842931 0.00644733 -0.00602303 -0.00349534 -0.00788677 -0.0117918
internal_weight=64.3327 45.25 39.5869 20.4267 15.8556 19.0827 12.309 19.1602 12.9395 8.15237 2.52731 5.96235 5.19275 4.6526
internal_count=3318 1580 1471 1159 1113 1738 1610 312 898 706 228 805 795 789
is_linear=0
shrinkage=0.05


Tree=220
num_leaves=15
num_cat=0
split_feature=14 24 24 29 5 11 31 31 15 5 13 25 18 25
split_gain=0.48794 0.747364 0.968035 1.27014 1.43922 1.09339 0.954818 0.880439 0.796695 0.724636 0.692036 0.455091 0.30924 0.106726
threshold=179.50000000000003 7.5833333333333348 6.0833333333333348 3.5000000000000004 25.500000000000004 166.50000000000003 25.500000000000004 183.50000000000003 4.6457866215893606 22.500000000000004 103.37500000000001 137.14062500000003 26.500000000000004 27.052083333333339
decision_type=2 2 2 2 2 2 2 2 2 2 2 2 2 2
left_child=1 2 3 4 9 7 -3 -6 -8 12 -5 -12 -1 -14
right_child=-2 6 -4 10 5 -7 8 -9 -10 -11 11 -13 13 -15
leaf_value=-0.012856074865681515 0.0081426460763118561 0.0047532817301463989 0.013115195099708597 -0.0075130234515320728 -0.028391080585964863 0.0045225499057725002 0.0025417071686848688 0.0044123537392188189 -0.021155545633885185 0.013784434352565947 0.01784328902388491 -0.002504336893400249 0.0075793191538751602 -0.0027296689110030111
leaf_weight=1.6506472316978098 8.8117469698190671 5.8179059800459099 8.3391693067096622 1.7439903099293577 7.6125191234459617 2.5008832975290707 3.467707233852706 0.99529797374270845 8.6610705425846373 4.1650145809107926 6.4010967904032423 2.1614740238001104 0.60446930245961983 1.0747216349991502
leaf_count=530 77 99 141 207 1166 26 61 18 217 250 292 28 25 181
internal_value=-0.000359395 -0.00228031 0.0018651 -0.00283534 -0.00978569 -0.0184811 -0.00941593 -0.0243705 -0.0156161 0.00534055 0.00880868 0.0136772 -0.00715562 0.00387713
internal_weight=64.0077 55.196 37.2493 28.9101 18.6036 11.1087 17.9467 8.60782 12.1288 7.49485 10.3066 8.56257 3.32984 1.67919
internal_count=3318 3241 2864 2723 2196 1210 377 1184 278 986 527 320 736 206
is_linear=0
shrinkage=0.05


Tree=221
num_leaves=15
num_cat=0
split_feature=14 7 28 27 14 27 30 30 31 31 24 18 27 27
split_gain=0.456956 0.729862 0.579083 0.868596 0.874509 0.664247 0.994562 0.882828 0.747579 0.738178 0.681476 0.518778 0.610479 0.63702
threshold=179.50000000000003 178.50000000000003 0.47916666666666669 57.782843008365084 111.50000000000001 33.221279308920096 175.50000000000003 120.50000000000001 169.50000000000003 177.50000000000003 -0.91666666666666663 176.50000000000003 27.202739477627777 1.647216490449581
decision_type=2 2 2 2 2 2 2 2 2 2 2 2 2 2
left_child=1 2 5 4 -4 6 9 8 -7 11 -9 12 13 -1
right_child=-2 -3 3 -5 -6 7 -8 10 -10 -11 -12 -13 -14 -15
leaf_value=-0.0093773238911291981 0.0078849225687476956 -0.015056487158957334 -0.0069880664222072425 -0.010248358827160504 0.015637625523524202 -0.0091798457136353772 0.015441492546345734 0.0023758860625870178 0.013725164575708172 -0.015811022226480138 -0.022099243909114434 0.012237864494113723 -0.012893884838606413 0.012172324524495329
leaf_weight=1.010625928145602 8.8082933351397497 4.3306772855576119 2.4801193376479231 2.0584222174074958 12.246732935294856 1.96294780311291 4.4359155658166847 2.5829722983326064 2.8396470821462572 3.3924061888828865 6.6275314345257339 3.0902363286586469 3.5500486960954731 4.2866499307856429
leaf_count=254 77 72 162 194 364 569 46 149 43 57 300 50 733 248
internal_value=-0.000339576 -0.00220732 0.000149015 0.00665996 0.0110218 -0.00352792 0.0023602 -0.0102699 0.00445613 -0.0042918 -0.0168146 0.00268282 -0.00386839 0.00550403
internal_weight=63.7032 54.8949 50.5643 16.7853 14.7269 33.779 19.7659 14.0131 4.80259 15.33 9.2105 11.9376 8.84732 5.29728
internal_count=3318 3241 3169 720 526 2449 1388 1061 612 1342 449 1285 1235 502
is_linear=0
shrinkage=0.05


Tree=222
num_leaves=15
num_cat=0
split_feature=12 1 18 17 21 32 31 7 30 17 17 9 12 19
split_gain=0.457274 0.856088 0.841424 0.808705 0.781236 0.745901 0.621694 0.60921 0.667099 0.574761 1.19037 0.708012 0.550952 0.549381
threshold=151.50000000000003 1.5000000000000002 171.50000000000003 169.95833333333334 89.395833333333343 21.500000000000004 191.50000000000003 21.500000000000004 118.50000000000001 143.54166666666671 155.29166666666669 168.50000000000003 166.50000000000003 1.4974726182565303
decision_type=2 2 2 2 2 2 2 2 2 2 2 2 2 2
left_child=3 12 -3 4 5 -1 9 -7 13 -6 -11 -12 -2 -9
right_child=1 2 -4 -5 6 7 -8 8 -10 10 11 -13 -14 -15
leaf_value=-0.0096587591627397117 -0.0055200506267673102 0.0026505204935623177 -0.020972922341869635 0.015745852924302018 -0.0160725962680996 -0.0047521101185781772 0.0079105135100180825 -0.0026588690139317962 -0.0038337294772147128 0.010987018492112931 0.0028721753063962207 -0.01925567491107797 0.010877734737737239 0.024473041262817054
leaf_weight=1.0964228362572601 5.6032598140882346 4.2103366489754972 5.9665787183621433 4.3493662234395734 7.860726961589541 2.0435578082688144 3.2459541969001284 1.1541611996362897 1.7687279794190542 6.3407240276865187 4.1665015072503575 3.9694829114014283 5.5810095900669694 6.1123718153685331
leaf_count=332 125 141 132 41 1196 274 37 106 102 210 102 62 72 386
internal_value=-0.000405781 -0.00565309 -0.0135462 0.00257363 -0.000607483 0.00799321 -0.00533821 0.0122005 0.0163617 -0.00835814 -0.00111851 -0.0111439 0.00349518 0.0208364
internal_weight=63.4692 21.3612 10.1769 42.108 37.7586 12.1752 25.5834 11.0788 9.03526 22.3374 14.4767 8.13598 11.1843 7.26653
internal_count=3318 470 273 2848 2807 1200 1607 868 594 1570 374 164 197 492
is_linear=0
shrinkage=0.05


Tree=223
num_leaves=15
num_cat=0
split_feature=3 25 25 9 13 13 12 27 15 23 18 31 33 27
split_gain=0.448602 0.688026 0.920597 0.775519 0.865187 0.804402 0.716401 0.771981 0.707137 0.655306 0.610495 0.543004 0.527184 0.428349
threshold=174.50000000000003 136.90625000000003 133.84895833333334 176.50000000000003 138.75000000000003 106.62500000000001 22.500000000000004 32.567297058848105 5.9125562084234806 24.452223454811914 26.500000000000004 176.50000000000003 173.50000000000003 33.372479206990768
decision_type=2 2 2 2 2 2 2 2 2 2 2 2 2 2
left_child=1 2 3 4 5 6 10 -8 -6 -10 -1 -12 -3 -7
right_child=-2 12 -4 -5 8 13 7 -9 9 -11 11 -13 -14 -15
leaf_value=-0.0074778210166701947 0.010085138632976855 -0.019364824778753346 0.013737406176111881 0.0094727151559838556 0.00089697255887888317 -0.0019699800665028467 0.0017401991851444965 -0.019955974772009472 0.0020566133754576078 -0.022770757624098584 0.019424485644182934 -0.0042857170283397373 0.0017131187878831706 0.016959242779839779
leaf_weight=1.7488943331263751 3.9806302841752759 3.5719793865573584 5.8883507818100034 6.6777817718684664 6.4605967162060578 3.0496741717797695 5.9830572610953805 4.3794254177046241 2.3775276553642453 7.7916208108072169 2.4828918974671983 1.3421391148585824 3.3935272116214037 4.1163453218759969
leaf_count=407 38 133 161 69 186 265 515 637 114 228 276 29 33 227
internal_value=-0.000414389 -0.00184942 0.000571834 -0.00227218 -0.00508432 0.00136605 -0.00479352 -0.0109398 -0.0122897 -0.0182016 0.00640289 0.0133904 -0.0126711 0.0114046
internal_weight=63.2444 59.2638 52.2983 46.41 39.7322 23.1024 15.9364 10.3625 16.6297 10.1691 5.57393 3.82503 6.96551 7.16602
internal_count=3318 3280 3114 2953 2884 2356 1864 1152 528 342 712 305 166 492
is_linear=0
shrinkage=0.05


Tree=224
num_leaves=15
num_cat=0
split_feature=5 5 17 0 11 33 0 30 19 33 23 16 14 32
split_gain=0.45898 0.848395 0.830746 0.685494 1.12772 0.68085 0.630421 0.583591 0.579431 0.637722 0.427454 0.290939 0.346314 0.00328862
threshold=174.50000000000003 168.50000000000003 162.25000000000003 10.500000000000002 169.50000000000003 23.500000000000004 6.5000000000000009 165.50000000000003 38.185890672603783 191.50000000000003 33.446248389700884 -5.4999999999999991 109.50000000000001 181.50000000000003
decision_type=2 2 2 2 2 2 2 2 2 2 2 2 2 2
left_child=1 2 3 6 5 10 -1 11 9 13 -5 -8 -13 -7
right_child=-2 -3 -4 4 -6 8 7 -9 -10 -11 -12 12 -14 -15
leaf_value=-0.011802938501685248 0.0076584896585749533 -0.013950779971318951 0.013508885574203015 -0.0070384753591804031 0.0082534857440185721 -0.026041125167758146 -0.00071732089651634729 -0.0040253329510523154 0.0029750992693700546 0.0040223432652628814 0.01254681242561524 0.0019125602208262338 0.018612217297375614 -0.0013597923534190229
leaf_weight=1.5352669086278208 9.3221947331912798 7.3994490246404885 5.2730097607709459 0.9743688431335602 3.5849206167040384 7.3859535360679711 4.3186112936527978 7.8640131111023939 1.3988926778547455 0.70459820772521187 0.78338077574153431 6.1829010516521521 5.6709912198130041 0.58709836099296797
leaf_count=1022 92 117 75 269 76 1127 90 136 30 17 17 142 81 27
internal_value=-0.000395846 -0.00232851 0.000709733 -0.00222637 -0.00914777 -0.0153048 0.00276062 0.00556308 -0.019113 -0.0224597 0.00451519 0.0100751 0.0130533 -0.0254482
internal_weight=62.9857 53.6635 46.264 40.991 15.4192 11.8343 25.5718 24.0365 10.0765 8.67765 1.75775 16.1725 11.8539 7.97305
internal_count=3318 3226 3109 3034 1563 1487 1471 449 1201 1171 286 313 223 1154
is_linear=0
shrinkage=0.05


Tree=225
num_leaves=15
num_cat=0
split_feature=15 26 28 18 27 7 12 19 9 11 20 2 3 7
split_gain=0.463635 0.722984 0.894767 1.26522 1.04289 1.04241 0.745663 0.638822 0.515163 0.608075 0.636655 0.431026 0.36852 0.329427
threshold=21.360009363293909 175.50000000000003 -0.22916666666666666 180.50000000000003 57.782843008365084 121.50000000000001 22.500000000000004 1.5642792899726887 75.500000000000014 136.50000000000003 24.833333333333339 2.5000000000000004 167.50000000000003 155.50000000000003
decision_type=2 2 2 2 2 2 2 2 2 2 2 2 2 2
left_child=1 7 3 5 8 6 -3 11 -4 10 13 -1 -6 -10
right_child=-2 2 4 -5 12 -7 -8 -9 9 -11 -12 -13 -14 -15
leaf_value=-0.0068330950437481726 -0.009798898908917969 0.0078841109897872484 -0.0037825643756887115 -0.017521793951173203 -0.013377142084787325 0.014933818909951073 -0.015418088789873675 -0.014499392770690379 0.0019789298322268768 0.0029220840568180669 -0.0019228879597277056 0.011935068398117983 0.00350718291502602 0.026843732541225976
leaf_weight=1.1547409298364057 5.9960039100260465 1.786792919941943 2.3228477826924161 5.2921503462130195 2.4265121112839543 5.9235363897169009 3.6019641384773422 6.652504468234838 2.4163077999983242 9.7825142654182837 2.0276647489517918 2.0897341750969645 2.8285540847573429 8.4546191643457842
leaf_count=133 171 97 83 66 181 158 211 1189 516 153 24 184 30 122
internal_value=-0.000361956 0.00134753 0.00404172 -0.00445857 0.008677 0.00515023 -0.00761573 -0.00848452 0.0125927 0.0146501 0.0202438 0.00516231 -0.00701013 0.0236816
internal_weight=62.7564 56.7604 46.8635 16.6044 30.259 11.3123 5.38876 9.89698 25.004 22.6811 12.8986 3.24448 5.25507 10.8709
internal_count=3318 3147 1641 532 1109 466 308 1506 898 815 662 317 211 638
is_linear=0
shrinkage=0.05


Tree=226
num_leaves=15
num_cat=0
split_feature=31 7 18 9 31 17 12 16 0 15 1 21 17 33
split_gain=0.437838 0.621396 0.850595 0.892977 0.683498 0.611007 0.600125 0.412726 0.348232 0.342342 0.254528 0.21845 0.216496 0.165107
threshold=192.50000000000003 175.50000000000003 175.50000000000003 23.500000000000004 176.50000000000003 22.875000000000004 161.50000000000003 -14.499999999999998 7.5000000000000009 8.8670487118968726 4.5000000000000009 153.93750000000003 163.87500000000003 195.50000000000003
decision_type=2 2 2 2 2 2 2 2 2 2 2 2 2 2
left_child=1 2 3 5 11 8 7 9 -1 -5 -7 -4 13 -9
right_child=-2 -3 4 6 -6 10 -8 12 -10 -11 -12 -13 -14 -15
leaf_value=0.0043171372284471401 0.0092065303389122586 -0.011379831805899771 0.017249153895625115 0.0090462332532600179 -0.0032004376632774976 -0.00075784950179297523 0.0024377524497436577 -0.019672611640951621 -0.012147126401973343 -0.0074446224386788057 0.017813829385348357 0.0022390628486515891 0.0015534315230654463 6.5936030735166718e-06
leaf_weight=2.6495395298698003 5.2606771299615493 8.6451133443042618 6.8761840008664894 1.4639634946943254 7.2983172219246617 1.8946119238098615 5.9749941540358114 9.8192862650175794 1.4902738553646484 1.2375414864218326 2.9046409632428549 5.1794263008050621 0.69661407917738039 1.1448249509558088
leaf_count=216 58 123 105 160 77 79 141 1421 436 231 149 101 10 11
internal_value=-0.000393955 -0.00194413 0.000637844 -0.0044952 0.00773126 0.00644037 -0.00962424 -0.013976 -0.00501258 0.00156312 0.0138364 0.0133473 -0.0169647 -0.0182593
internal_weight=62.536 57.2753 48.6302 29.2763 19.3539 8.93907 20.3372 14.3622 4.13981 2.7015 4.79925 12.0556 11.6607 10.9641
internal_count=3318 3260 3137 2854 283 880 1974 1833 652 391 228 206 1442 1432
is_linear=0
shrinkage=0.05


Tree=227
num_leaves=15
num_cat=0
split_feature=15 26 7 6 9 33 26 19 33 2 20 18 0 31
split_gain=0.44753 0.676149 0.808609 1.03525 1.01071 1.07939 0.802925 0.702151 0.433222 0.412897 0.400177 0.385963 0.211388 0.171398
threshold=21.360009363293909 173.50000000000003 174.50000000000003 166.50000000000003 81.500000000000014 49.000000000000007 198.50000000000003 1.5642792899726887 186.50000000000003 2.5000000000000004 -14.499999999999998 149.50000000000003 16.500000000000004 178.50000000000003
decision_type=2 2 2 2 2 2 2 2 2 2 2 2 2 2
left_child=1 7 3 4 5 -3 8 9 10 -1 -6 -12 -13 -7
right_child=-2 2 -4 -5 6 13 -8 -9 -10 -11 11 12 -14 -15
leaf_value=-0.00661546973527306 -0.0096239696545300669 0.010853285563251111 -0.0063906788010703042 -0.0067323332258663179 -0.0015300345266806808 -0.017574787646142363 -0.0061021153558241913 -0.015986317032667906 -0.00082443346652459788 0.011845040778118883 0.00081260679755174926 0.026052813377428659 0.0027770208612719702 -0.00031540411679278408
leaf_weight=1.1269670061592463 5.9671774687303687 3.3357033549691577 10.729768294142557 7.2107879645191124 1.345433534283077 2.3790111264388543 1.5497936016326992 5.0709879953647032 2.3671850487589827 2.0686134848801885 2.3827699537942051 12.413555298000572 2.4047005676839026 2.0177933244267479
leaf_count=124 171 171 153 81 189 142 107 886 25 176 537 253 257 46
internal_value=-0.000341775 0.00134394 0.00377001 0.00709437 0.0108835 -0.00325374 0.0154563 -0.00887967 0.0179231 0.00527055 0.0199829 0.0216312 0.0239292 -0.0140365
internal_weight=62.3702 56.4031 48.1365 37.4067 30.1959 7.73251 22.4634 8.26657 20.9136 3.19558 18.5465 17.201 14.8183 4.3968
internal_count=3318 3147 1961 1808 1727 359 1368 1186 1261 300 1236 1047 510 188
is_linear=0
shrinkage=0.05


Tree=228
num_leaves=15
num_cat=0
split_feature=6 7 6 7 8 14 9 12 12 23 18 10 8 22
split_gain=0.475187 1.88065 0.729551 1.14254 0.613841 1.30246 1.03454 1.21382 0.599334 0.728467 0.508314 0.467927 0.439973 0.371734
threshold=168.50000000000003 174.50000000000003 166.50000000000003 163.50000000000003 106.50000000000001 109.50000000000001 173.50000000000003 165.50000000000003 22.500000000000004 1.6448717669796811 26.500000000000004 22.500000000000004 92.500000000000014 192.50000000000003
decision_type=2 2 2 2 2 2 2 2 2 2 2 2 2 2
left_child=1 2 3 4 5 8 7 13 10 -10 -1 -12 -7 -6
right_child=-2 -3 -4 -5 6 12 -8 -9 9 -11 11 -13 -14 -15
leaf_value=-0.0073257234600877788 0.0070447380145434446 -0.022567179778753176 -0.013865066686219816 0.015000116119941037 -0.02526084902376869 -0.0014334215726118356 0.011041850312273782 0.0038009773393345527 0.0045109999693577303 -0.019767368349161134 0.017696575497299204 -0.00468944829582246 0.018145380588634307 0.0021905955213849192
leaf_weight=1.7214974722010099 11.638044179417191 4.7415211440529665 1.9300342708011147 10.05234233336523 5.7270506989007099 2.8696944819675974 1.5497562075033773 4.8164709808188491 2.277127061781357 4.4992038833443075 1.8792017792584377 0.98352716991212208 6.9688321909197839 0.54634599550627161
leaf_count=407 114 97 32 200 992 116 25 74 239 541 96 166 207 12
internal_value=-0.000397722 -0.00259055 0.00149349 0.00351774 -0.00138523 0.00364098 -0.00845772 -0.0137672 -0.00675454 -0.0131575 0.00463669 0.0119143 0.0138759 -0.0229589
internal_weight=62.2006 50.5626 45.8211 43.8911 33.8387 21.1991 12.6396 11.0899 11.3606 6.77633 4.58423 2.86273 9.83853 6.2734
internal_count=3318 3204 3107 3075 2875 1772 1103 1078 1449 780 669 262 323 1004
is_linear=0
shrinkage=0.05


Tree=229
num_leaves=15
num_cat=0
split_feature=25 25 25 24 8 26 22 24 16 12 2 21 5 16
split_gain=0.45269 0.85645 0.614643 0.73551 0.81169 0.880158 0.828021 0.805591 1.02779 0.744979 0.679352 0.595262 0.461602 0.433416
threshold=138.59895833333334 136.90625000000003 133.37500000000003 -1.5833333333333333 175.50000000000003 188.50000000000003 181.50000000000003 11.583333333333334 33.500000000000007 148.50000000000003 2.5000000000000004 47.375000000000007 115.50000000000001 -6.4999999999999991
decision_type=2 2 2 2 2 2 2 2 2 2 2 2 2 2
left_child=1 2 3 11 5 6 7 8 9 10 12 -1 -5 -12
right_child=-2 -3 -4 4 -6 -7 -8 -9 -10 -11 13 -13 -14 -15
leaf_value=0.0051451745888514257 0.011042491114706732 -0.015146130840715297 0.010897121740404518 -0.014816391694552542 0.013141173832536868 -0.014817585115918472 0.015355001554638634 -0.014334293126052484 0.014830563365324873 -0.016307596990645271 -0.0043686173990531638 -0.019379558087239908 0.0050925853329683657 0.012729037073644181
leaf_weight=1.0454991265869455 2.7112122589314813 5.1139948641794026 6.8374044403608414 2.8498929419292969 5.7924200287088743 5.5154569373989935 3.5821743009437332 4.7086115507554487 5.7655130728089707 3.0719783819076829 2.398016157589157 3.7213884177617729 1.5134522376902166 7.2846284665210943
leaf_count=87 60 113 203 390 68 141 66 159 121 167 99 901 46 697
internal_value=-0.000439243 -0.00178412 0.000654066 -0.00172917 0.00100173 -0.00226101 0.00170157 -0.00215471 0.00247242 -0.0041016 0.00214825 -0.0141203 -0.00887896 0.00844891
internal_weight=61.9116 59.2004 54.0864 47.249 42.4821 36.6897 31.1743 27.5921 22.8835 17.118 14.046 4.76689 4.36335 9.68264
internal_count=3318 3258 3145 2942 1954 1886 1745 1679 1520 1399 1232 988 436 796
is_linear=0
shrinkage=0.05


Tree=230
num_leaves=15
num_cat=0
split_feature=6 7 6 7 8 14 9 12 12 23 18 10 8 11
split_gain=0.45399 1.7947 0.700321 1.06631 0.584236 1.22737 0.993308 1.13584 0.572218 0.696796 0.492562 0.447955 0.412586 0.361098
threshold=168.50000000000003 174.50000000000003 166.50000000000003 163.50000000000003 106.50000000000001 109.50000000000001 173.50000000000003 165.50000000000003 22.500000000000004 1.6448717669796811 26.500000000000004 22.500000000000004 92.500000000000014 177.50000000000003
decision_type=2 2 2 2 2 2 2 2 2 2 2 2 2 2
left_child=1 2 3 4 5 8 7 13 10 -10 -1 -12 -7 -6
right_child=-2 -3 -4 -5 6 12 -8 -9 9 -11 11 -13 -14 -15
leaf_value=-0.0072403454425925343 0.0068318956725407498 -0.022209501091833443 -0.013667710705273315 0.01449715947597357 -0.025649480597466492 -0.0013759387714964238 0.010839082098869236 0.0035537328949020995 0.0044145953491662284 -0.01937226855288075 0.017338608088879767 -0.0045891673785516578 0.017631048167536783 0.00067642100618935704
leaf_weight=1.7077856395917494 11.566443254239855 4.6579060086514792 1.9016002354910586 10.00762518373085 4.9360834263570705 2.8589915380871371 1.5266715241596092 4.8004576558014378 2.2686639070161618 4.4279288798716152 1.8898798192967663 0.97459690294635937 6.928823006033781 1.2095502279698847
leaf_count=407 114 97 32 200 992 116 25 74 239 541 96 166 207 12
internal_value=-0.000461038 -0.00261204 0.00139938 0.00339765 -0.00136664 0.00354718 -0.00830342 -0.0135348 -0.00658168 -0.0128715 0.00454185 0.0117036 0.0134911 -0.0224891
internal_weight=61.663 50.0966 45.4387 43.5371 33.5294 21.0567 12.4728 10.9461 11.2689 6.69659 4.57226 2.86448 9.78781 6.14563
internal_count=3318 3204 3107 3075 2875 1772 1103 1078 1449 780 669 262 323 1004
is_linear=0
shrinkage=0.05


Tree=231
num_leaves=15
num_cat=0
split_feature=19 30 12 14 19 33 24 27 1 5 5 4 11 28
split_gain=0.460499 0.885994 1.01704 0.816165 0.767493 0.83714 0.75324 0.686626 0.551411 0.461936 0.602991 0.418948 0.339849 0.312627
threshold=12.421724539737948 175.50000000000003 26.500000000000004 109.50000000000001 38.185890672603783 176.50000000000003 1.0000000180025095e-35 30.436904466596875 1.0000000180025095e-35 21.500000000000004 24.500000000000004 176.50000000000003 103.50000000000001 -0.27083333333333331
decision_type=2 2 2 2 2 2 2 2 2 2 2 2 2 2
left_child=3 2 12 6 5 11 9 -7 -5 -1 -11 -4 -2 -10
right_child=1 -3 4 8 -6 7 -8 -9 13 10 -12 -13 -14 -15
leaf_value=-0.0081933902761402236 0.013235397114510229 0.0066261522719763743 -0.024563590668864165 -0.0040367519441460529 0.0051555066670552234 0.0077985271160627622 -0.016447313381461014 -0.010159582187261722 -0.00069371476243579788 0.016288461116708106 -0.0057463157211036821 0.00084831109483218944 -0.0035563528974873388 0.020122809323599992
leaf_weight=0.94815517855750098 2.9676165244309258 11.850379339419304 9.2128695330102399 1.9793620374693981 3.584849309117998 4.6916622656863165 2.1557150397711666 7.3208261969848536 1.7711165113141758 3.6475825666566379 1.7179905902303287 1.463154597673564 2.1230034560139757 5.9496256609418197
leaf_count=385 105 124 943 95 58 81 338 120 93 268 240 24 125 319
internal_value=-0.000510737 -0.00326034 -0.00739326 0.00532122 -0.0111587 -0.0142019 -0.00476454 -0.00291514 0.0127527 0.00473023 0.00986459 -0.0219211 0.00794031 0.0169518
internal_weight=61.3839 43.2144 31.364 18.1695 26.2734 22.6885 8.46944 12.0125 9.7001 6.31373 5.36557 10.676 5.09062 7.72074
internal_count=3318 1580 1456 1738 1226 1168 1231 201 507 893 508 967 230 412
is_linear=0
shrinkage=0.05


Tree=232
num_leaves=15
num_cat=0
split_feature=25 25 25 24 9 14 21 7 20 20 29 14 29 32
split_gain=0.446628 0.795013 0.579401 0.682569 0.763123 0.828487 0.563168 0.542799 0.712044 0.616443 0.634884 0.598578 0.701108 0.458427
threshold=138.59895833333334 136.90625000000003 133.37500000000003 -1.5833333333333333 172.50000000000003 170.50000000000003 47.375000000000007 21.500000000000004 16.833333333333339 1.0000000180025095e-35 -6.4999999999999991 129.50000000000003 -4.4999999999999991 180.50000000000003
decision_type=2 2 2 2 2 2 2 2 2 2 2 2 2 2
left_child=1 2 3 6 5 7 -1 -5 9 11 -11 12 -9 -12
right_child=-2 -3 -4 4 -6 -7 -8 8 -10 10 13 -13 -14 -15
leaf_value=0.0049647337585951249 0.010926206008166864 -0.014761709900899334 0.010507814428617854 -0.0096357358400815229 0.011242399204069 -0.012268687726740508 -0.01894440351531337 -0.0070773427390793744 0.01645505314266715 0.0071777727894036126 -0.019994129636470414 -0.0076153005141996345 0.015353495267687088 0.0037410319237221041
leaf_weight=1.0544298912573129 2.6831314740120424 5.036123171914368 6.7665686769032609 2.781533907022097 8.0787575754802656 9.5203556196065602 3.625371319198166 1.4848330729728312 4.548995055462 1.0350301827711517 3.4287271126668193 2.4852454348292659 7.7548904202849442 0.88195924460887898
leaf_count=87 60 113 203 464 104 144 901 45 89 26 387 163 521 11
internal_value=-0.000500779 -0.00184431 0.000531567 -0.00179126 0.000867468 -0.00273024 -0.0137755 0.00244481 0.00551702 -0.000465233 -0.00997537 0.00555662 0.0105295 -0.0157368
internal_weight=61.166 58.4828 53.4467 46.6801 42.0003 33.9216 4.6798 24.4012 21.6197 17.0707 5.34572 11.725 9.23972 4.31069
internal_count=3318 3258 3145 2942 1954 1850 988 1706 1242 1153 424 729 566 398
is_linear=0
shrinkage=0.05


Tree=233
num_leaves=15
num_cat=0
split_feature=6 7 6 7 16 0 23 25 10 8 0 19 25 30
split_gain=0.450165 1.71093 0.663783 0.992837 0.569032 0.87379 1.34626 0.719221 0.682791 0.605827 0.545213 0.291827 0.232529 0.109188
threshold=168.50000000000003 174.50000000000003 166.50000000000003 163.50000000000003 33.500000000000007 7.5000000000000009 33.446248389700884 134.30729166666671 101.50000000000001 167.50000000000003 6.5000000000000009 1.3789543688813992 126.06250000000001 184.50000000000003
decision_type=2 2 2 2 2 2 2 2 2 2 2 2 2 2
left_child=1 2 3 4 5 10 7 9 -6 11 -1 -7 -5 -13
right_child=-2 -3 -4 12 8 6 -8 -9 -10 -11 -12 13 -14 -15
leaf_value=-0.0094127397093311839 0.0067719087159302015 -0.021885080067476553 -0.013412712120421142 0.0021800977352087535 -0.0057790791844513217 0.0011867529676370234 0.0093795254841643316 0.0020937450279505431 0.013499189671819229 0.0031880387254615769 0.0089213157696359201 -0.029526907680315091 0.018412259582668691 -0.00034213247179353971
leaf_weight=1.1548723248270114 11.454786921851335 4.570168283302336 1.8633726038970042 4.7570272102020663 4.0521203136158856 0.47227053524693285 2.3607615011278531 2.4557278888969449 6.2964417053153738 0.81266839860472817 8.9678820330882445 6.0858869421572308 5.1796526443795301 0.451795786153525
leaf_count=913 114 97 32 117 159 83 97 89 72 34 146 1270 83 12
internal_value=-0.00051614 -0.00266998 0.00128193 0.00324761 -0.00138187 -0.00550552 -0.0124451 -0.018887 0.00652699 -0.0237215 0.0044091 -0.0268696 0.0139724 -0.0285323
internal_weight=60.9354 49.4806 44.9105 43.0471 33.1104 22.7619 12.6391 10.2783 10.3486 7.82262 10.1228 7.00995 9.93668 6.53768
internal_count=3318 3204 3107 3075 2875 2644 1585 1488 231 1399 1059 1365 200 1282
is_linear=0
shrinkage=0.05


Tree=234
num_leaves=15
num_cat=0
split_feature=30 30 19 4 12 0 27 0 9 3 15 33 17 21
split_gain=0.454128 1.07651 0.835073 0.914346 0.657165 0.832407 0.553266 0.462519 0.609537 0.37824 0.339622 0.584523 0.309008 0.330615
threshold=124.50000000000001 177.50000000000003 31.570858364902183 176.50000000000003 151.50000000000003 6.5000000000000009 28.049374934399083 13.500000000000002 174.50000000000003 174.50000000000003 20.189661796718482 161.50000000000003 87.541666666666671 105.41666666666667
decision_type=2 2 2 2 2 2 2 2 2 2 2 2 2 2
left_child=4 2 3 6 5 -1 -2 12 9 -9 11 -8 -7 -14
right_child=1 -3 -4 -5 -6 7 10 8 -10 -11 -12 -13 13 -15
leaf_value=-0.011065735169647298 0.0014143299637324296 0.0064400024303916219 0.0043561156174217099 0.004409244798524321 -0.0078648908806033396 0.019239400691626708 -0.0012037754741903565 -0.015836764666147921 0.0085944683085269653 0.0050303204440628113 -0.00023864764394965432 -0.03074432861467143 -0.003385082658202216 0.0097334596278973607
leaf_weight=1.4125686800180179 2.0295663010038032 10.84615722671151 4.9297169948113142 2.9612522842362514 5.4104109128820701 6.6427147853828563 2.4702468087489233 2.1410900478076651 2.8061478398740292 0.38915675878524769 1.5424985116260348 6.0527951333497185 5.1306775405537319 5.8776770236436278
leaf_count=1011 78 134 123 37 122 207 351 777 27 3 86 183 81 98
internal_value=-0.000550883 -0.00446567 -0.0104884 -0.0152231 0.00355795 0.00699763 -0.0199134 0.00988622 -0.0018278 -0.0114183 -0.023256 -0.0257933 0.0130494 0.00447168
internal_weight=60.6427 30.8322 19.9861 15.0564 29.8104 24.4 12.0951 22.9875 5.33639 2.53025 10.0655 8.52304 17.6511 11.0084
internal_count=3318 992 858 735 2326 2204 698 1193 807 780 620 534 386 179
is_linear=0
shrinkage=0.05


Tree=235
num_leaves=15
num_cat=0
split_feature=25 25 25 24 8 26 22 16 19 2 21 21 28 20
split_gain=0.435314 0.744515 0.548491 0.636785 0.736683 0.803504 0.777971 0.623883 1.03995 0.993229 0.54282 0.485554 0.399518 0.262914
threshold=138.59895833333334 136.90625000000003 133.37500000000003 -1.5833333333333333 175.50000000000003 188.50000000000003 180.50000000000003 33.500000000000007 12.741901266299093 2.5000000000000004 47.375000000000007 21.729166666666668 -0.43749999999999994 1.0000000180025095e-35
decision_type=2 2 2 2 2 2 2 2 2 2 2 2 2 2
left_child=1 2 3 10 5 6 7 8 9 -5 -1 -11 -4 -13
right_child=-2 -3 12 4 -6 -7 -8 -9 -10 11 -12 13 -14 -15
leaf_value=0.004888243843023464 0.010734605553140025 -0.014440774442993555 0.016690766228367519 -0.012016270771095471 0.01240714553268432 -0.014442183783773663 0.012421520130017797 0.0064516971095979515 -0.019094993860893979 -0.0058467534003321551 -0.018586418532934964 0.017123993525731136 -0.0014014706513364081 -0.0012507640678764117
leaf_weight=1.0545892124500813 2.6559118409059002 4.9658849628031012 2.8577439334185328 3.2811604317103136 5.6373927975073448 5.362262691371142 6.3656058369961093 7.4319575251720371 5.5468240343761854 1.0318783369293667 3.5456821204279549 5.256950082432013 3.8262441424594718 1.6096663010321206
leaf_count=87 60 113 61 432 68 141 105 159 321 309 901 270 142 149
internal_value=-0.000569621 -0.00190292 0.000423155 -0.00184493 0.000750521 -0.00237397 0.00148043 -0.00303813 -0.00776906 0.00201471 -0.0134618 0.010242 0.0101662 0.0141045
internal_weight=60.4298 57.7738 52.808 46.124 41.5237 35.8863 30.524 24.1584 16.7265 11.1797 4.60027 7.89849 6.68399 6.86662
internal_count=3318 3258 3145 2942 1954 1886 1745 1640 1481 1160 988 728 203 419
is_linear=0
shrinkage=0.05


Tree=236
num_leaves=15
num_cat=0
split_feature=31 19 17 22 10 25 16 25 9 0 31 20 2 11
split_gain=0.441359 0.571904 1.12371 0.883117 0.858201 0.701029 0.932772 0.808849 0.726751 0.649447 0.605956 0.430804 0.351123 0.304351
threshold=192.50000000000003 12.421724539737948 153.66666666666671 175.50000000000003 100.50000000000001 127.15104166666667 33.500000000000007 132.17187500000003 156.50000000000003 7.5000000000000009 22.500000000000004 -0.83333333333333315 1.5000000000000002 161.50000000000003
decision_type=2 2 2 2 2 2 2 2 2 2 2 2 2 2
left_child=1 3 4 9 10 6 8 -7 13 11 -3 -1 -11 -6
right_child=-2 2 -4 -5 5 7 -8 -9 -10 12 -12 -13 -14 -15
leaf_value=-0.0065391351938099973 0.0091653422719177018 0.0047861842282556841 -0.016482606772431851 0.014636382715235353 -0.016005429247307256 -0.016119974948331377 0.022238166514744223 0.0060288194132708459 0.0077596449408854967 0.0039671320717294904 -0.016646674860532673 0.010080931954534795 -0.017117381805992257 0.003720197738410402
leaf_weight=2.0848067988408729 5.071764299646019 2.2598679236980415 9.8959409306989965 6.2878791997936778 2.0488960161819727 2.5036237533058729 4.2585064411396152 5.0270512704883004 6.5568483298120555 0.51074694676208343 4.7928958707489073 5.1111393155442801 3.2422152580256807 0.53560294327326108
leaf_count=221 58 42 210 128 365 140 53 150 159 135 402 473 767 15
internal_value=-0.000568481 -0.00215199 -0.00538631 0.00456863 0.000441531 0.00550838 0.0110513 -0.00482871 -0.000180324 -0.00398912 -0.0106425 0.00455899 -0.0136209 -0.0121599
internal_weight=60.1878 55.116 37.8792 17.2368 27.9833 20.9305 13.3999 7.53068 9.14135 10.9489 7.05276 7.19595 3.75296 2.5845
internal_count=3318 3260 1536 1724 1326 882 592 290 539 1596 444 694 902 380
is_linear=0
shrinkage=0.05


Tree=237
num_leaves=15
num_cat=0
split_feature=6 7 6 7 8 14 9 12 26 25 12 25 8 22
split_gain=0.424694 1.63615 0.63103 0.948675 0.509087 1.16501 0.943125 1.03346 0.514926 0.544578 0.521909 0.453828 0.395592 0.342407
threshold=168.50000000000003 174.50000000000003 166.50000000000003 163.50000000000003 106.50000000000001 109.50000000000001 173.50000000000003 165.50000000000003 93.500000000000014 23.125000000000004 22.500000000000004 102.56250000000001 92.500000000000014 192.50000000000003
decision_type=2 2 2 2 2 2 2 2 2 2 2 2 2 2
left_child=1 2 3 4 5 8 7 13 9 -1 11 -10 -7 -6
right_child=-2 -3 -4 -5 6 12 -8 -9 10 -11 -12 -13 -14 -15
leaf_value=-0.0067097272254117192 0.0065404242862519713 -0.02155594369489626 -0.013132546710724103 0.013690112063046839 -0.024097749832466105 -0.0014645421006755561 0.010667539837133422 0.0033524787425072431 -0.008020214385382177 0.0129348155972152 -0.018908847939761494 0.011090154599382221 0.01714214440949479 0.0021752200720312025
leaf_weight=2.7299602924758819 11.318198774009941 4.4704832653515032 1.8204247548128467 9.8006924121291359 5.3349267652156396 2.8048174261493823 1.4895865584257979 4.6641949817421846 1.3172515361657136 1.9507010905072091 3.6790022363711614 1.3243180884310275 6.7186988473404199 0.52817365783266712
leaf_count=352 114 97 32 200 992 116 25 74 328 37 614 118 207 12
internal_value=-0.000568193 -0.00267806 0.00123086 0.00317014 -0.00139955 0.00324608 -0.0079566 -0.0131784 -0.00666185 0.0039295 -0.0127766 0.00254816 0.0130446 -0.0218191
internal_weight=59.9514 48.6332 44.1627 42.3423 32.5416 20.5247 12.0169 10.5273 11.0012 4.68066 6.32057 2.64157 9.52352 5.8631
internal_count=3318 3204 3107 3075 2875 1772 1103 1078 1449 389 1060 446 323 1004
is_linear=0
shrinkage=0.05


Tree=238
num_leaves=15
num_cat=0
split_feature=31 19 17 22 7 0 10 7 15 25 29 20 2 25
split_gain=0.426274 0.555664 1.04747 0.837265 0.819964 0.612478 0.580812 0.597213 0.520255 0.605217 0.736281 0.413078 0.34343 0.292831
threshold=192.50000000000003 12.421724539737948 153.66666666666671 175.50000000000003 123.50000000000001 7.5000000000000009 157.50000000000003 170.50000000000003 20.189661796718482 134.04166666666671 3.5000000000000004 -0.83333333333333315 1.5000000000000002 126.67187500000001
decision_type=2 2 2 2 2 2 2 2 2 2 2 2 2 2
left_child=1 3 4 5 8 11 13 -8 9 10 -3 -1 -7 -6
right_child=-2 2 -4 -5 6 12 7 -9 -10 -11 -12 -13 -14 -15
leaf_value=-0.0064491380587346925 0.008983104127319853 -0.0227531255239425 -0.016106365374842599 0.014297764645074131 0.015904668425695816 0.0039705352654311231 0.0070931470274642298 -0.012210999894400885 0.0037524032998605128 0.0058409038453095643 0.0049842897032419693 0.0098356404192816351 -0.016792783649718066 -0.00037343884886369421
leaf_weight=2.0619542550412007 5.0274339294992378 5.1921769504406274 9.8048198479809781 6.2400442270591148 6.8065027396660316 0.50942793148715315 3.3057185179495709 3.2014487320557237 3.9201639975508442 0.91938665989437129 1.1157940709526881 5.0954610610642721 3.1742545578090358 3.3131831242353655
leaf_count=221 58 493 210 128 257 135 137 54 75 61 131 473 767 118
internal_value=-0.000606648 -0.00216761 -0.0053638 0.00448646 0.000307114 -0.00389123 0.00663249 -0.00358335 -0.00825974 -0.0136453 -0.0178123 0.00442132 -0.0132885 0.0122141
internal_weight=59.6878 54.6603 37.5792 17.0811 27.7744 10.8411 16.6269 6.50717 11.1475 7.22736 6.30797 7.15742 3.68368 10.1197
internal_count=3318 3260 1536 1724 1326 1596 566 191 760 685 624 694 902 375
is_linear=0
shrinkage=0.05


Tree=239
num_leaves=15
num_cat=0
split_feature=12 1 17 18 21 32 31 7 30 29 19 21 21 11
split_gain=0.423893 0.727313 0.723914 0.700519 0.68622 0.666525 0.557132 0.534398 0.56135 0.507023 0.484741 0.444118 0.959119 0.682126
threshold=151.50000000000003 1.5000000000000002 169.95833333333334 171.50000000000003 89.395833333333343 21.500000000000004 191.50000000000003 21.500000000000004 118.50000000000001 -1.4999999999999998 1.4974726182565303 145.93750000000003 156.95833333333334 22.500000000000004
decision_type=2 2 2 2 2 2 2 2 2 2 2 2 2 2
left_child=2 9 4 -3 5 -1 11 -7 10 -2 -9 13 -13 -6
right_child=1 3 -4 -5 6 7 -8 8 -10 -11 -12 12 -14 -15
leaf_value=-0.0092618410471537998 0.010587370597325117 0.0023035568556052056 0.015012416947703323 -0.019960707172436431 0.004276686839634415 -0.0045661622766641988 0.0074209931614532256 -0.002595077537972371 -0.0035065187359426958 -0.005396032423713607 0.022949378432333918 0.0096117472362686335 -0.012927780486514412 -0.017852739772579045
leaf_weight=1.040173866713302 4.8202345099998638 3.9020102687936724 4.0559992454946032 5.5636035621864721 2.4473337542876896 1.920660109957679 3.0650062388740471 1.11062549750204 1.6739142014994284 5.600174835664804 5.9213370599900372 6.2912615876848559 3.1110621159605216 8.9446078451655904
leaf_count=332 77 141 41 132 186 274 37 106 102 120 386 270 75 1039
internal_value=-0.000579683 -0.00576947 0.00238231 -0.0131588 -0.000733956 0.00743003 -0.00532163 0.0115046 0.0154224 0.0030331 0.0195131 -0.00827427 0.00025487 -0.0132443
internal_weight=59.468 19.886 39.582 9.46561 35.526 11.6667 23.8593 10.6265 8.70588 10.4204 7.03196 20.7943 9.40232 11.3919
internal_count=3318 470 2848 273 2807 1200 1607 868 594 197 492 1570 345 1225
is_linear=0
shrinkage=0.05


Tree=240
num_leaves=15
num_cat=0
split_feature=5 5 4 4 10 13 9 2 6 20 17 25 25 1
split_gain=0.417526 0.714216 0.69982 0.771175 0.966902 0.830029 0.712021 0.513852 0.461637 0.44936 0.396351 0.381419 0.771751 0.574981
threshold=174.50000000000003 168.50000000000003 161.50000000000003 138.50000000000003 108.50000000000001 109.37500000000001 175.50000000000003 1.5000000000000002 122.50000000000001 -1.0000000180025095e-35 147.50000000000003 24.734375000000004 23.125000000000004 2.5000000000000004
decision_type=2 2 2 2 2 2 2 2 2 2 2 2 2 2
left_child=1 2 3 5 -5 7 10 9 -7 -1 -4 12 -9 -13
right_child=-2 -3 6 4 -6 8 -8 11 -10 -11 -12 13 -14 -15
leaf_value=-0.0061547471856777365 0.0072588845792156244 -0.013314201251968522 0.0066950400807087021 0.0070718401005162509 -0.018985225023890009 0.017363170930197406 0.018484470954103369 -0.0093609806792599518 -0.003799449342059251 0.013571997298405579 -0.0086283141895105563 0.0006863336039604291 0.013905527096419191 -0.019385544797209733
leaf_weight=1.0937157663793189 8.8030597926117462 6.9193562307045786 3.2944523138576169 2.036848175514022 6.9691979424678721 4.5531919451168497 4.0387035626918077 2.6119412273983462 1.4397294375376075 2.2883316947263728 3.7658454841584899 5.2365947577418392 1.8398144444217903 4.3496431458479492
leaf_count=133 92 117 63 63 333 324 43 261 161 174 116 446 35 957
internal_value=-0.000568979 -0.00246668 0.000452418 -0.00334115 -0.0126713 0.00184606 0.00912932 -0.00396762 0.0128634 0.0073266 -0.00166686 -0.00789822 0.00252397 -0.0119443
internal_weight=59.2404 50.4374 43.518 32.419 9.00605 23.413 11.099 17.42 5.99292 3.38205 7.0603 14.038 4.45176 9.58624
internal_count=3318 3226 3109 2887 396 2491 222 2006 485 307 179 1699 296 1403
is_linear=0
shrinkage=0.05


Tree=241
num_leaves=15
num_cat=0
split_feature=12 1 28 29 19 18 27 29 5 5 33 19 26 24
split_gain=0.414211 0.694541 0.687305 0.934448 0.676667 0.661812 0.518131 0.483902 0.470964 0.488534 0.446975 0.34582 0.298418 0.557012
threshold=151.50000000000003 1.5000000000000002 -0.10416666666666664 -1.4999999999999998 10.120486274098448 171.50000000000003 55.803847917665664 -1.4999999999999998 22.500000000000004 24.500000000000004 167.50000000000003 1.5954480704561667 175.50000000000003 10.41666666666667
decision_type=2 2 2 2 2 2 2 2 2 2 2 2 2 2
left_child=2 7 3 -1 11 -3 12 -2 -5 -10 -11 -4 -6 -14
right_child=1 5 4 8 6 -7 -8 -9 9 10 -12 -13 13 -15
leaf_value=-0.015573152438361 0.010338273516921235 0.0021821673168069874 0.0046875428092391933 -0.0074784959104507555 -9.5080168471926111e-05 -0.019564666192266721 -0.0033070819171827936 -0.0052958813739513583 0.01791448257278732 -0.0084404016398723757 0.0086338965623628874 -0.012808266847557434 0.020255804715492435 -0.00051554214278053817
leaf_weight=5.5487466655904418 4.7982937251508702 3.8857300290546828 1.4066255532088718 1.9761935115820941 3.4021497940266334 5.4762926847033668 3.7281822177465065 5.56572259537643 2.0917980913363863 3.4977300584505429 2.0253460898529738 1.94934745082719 9.8334483591679582 3.8142021228268268
leaf_count=370 77 141 161 470 257 132 210 120 88 228 31 488 491 54
internal_value=-0.000522274 -0.00567145 0.00241242 -0.00498867 0.00711465 -0.0129212 0.0103288 0.00295122 0.00437297 0.00919373 -0.0010518 -0.00705816 0.0133843 0.015869
internal_weight=58.9998 19.726 39.2738 15.1398 24.134 9.36202 20.778 10.364 9.59107 7.61487 5.52308 3.35597 17.0498 13.6477
internal_count=3318 470 2848 1187 1661 273 1012 197 817 347 259 649 802 545
is_linear=0
shrinkage=0.05


Tree=242
num_leaves=15
num_cat=0
split_feature=3 30 27 27 24 18 0 12 0 9 32 12 21 17
split_gain=0.410652 0.522126 0.979808 1.15373 0.741727 0.523892 0.51288 0.710969 0.705202 0.738995 0.455925 0.434613 0.294676 0.302858
threshold=174.50000000000003 122.50000000000001 33.221279308920096 31.69788857875027 -0.91666666666666663 171.50000000000003 6.5000000000000009 151.50000000000003 13.500000000000002 174.50000000000003 171.50000000000003 161.50000000000003 91.020833333333357 22.875000000000004
decision_type=2 2 2 2 2 2 2 2 2 2 2 2 2 2
left_child=1 6 3 5 -4 11 -1 8 12 -10 -6 -3 13 -8
right_child=-2 2 4 -5 10 -7 7 -9 9 -11 -12 -13 -14 -15
leaf_value=-0.010708373916661964 0.0096643816795676379 -0.0069805730188265136 0.0039279767317404084 0.013442814388941777 -0.023107598755848294 -0.014283509299701489 0.0013173946935446782 -0.0071252843499796372 -0.015188402641994969 0.0084990954134144866 -4.922591203499835e-05 0.011169844778097173 0.0034238301980630231 0.022172867504249519
leaf_weight=1.3545501115440881 3.7000089362263671 1.6254422725760398 2.6557469950348613 6.6379054598219218 7.2053667714790173 5.1134935432637576 2.9213340335700293 5.1945347809232763 2.0153472832971597 1.8388928566128013 2.6264598526176997 2.1570223528251518 8.8427135471138154 4.9129366931738332
leaf_count=990 38 221 150 110 299 161 132 121 741 21 44 46 165 79
internal_value=-0.000533863 -0.00196569 -0.00625827 0.00222479 -0.0144297 -0.00797086 0.00275918 0.00509548 0.0089773 -0.00546942 -0.019041 0.00383645 0.0128075 0.017939
internal_weight=58.8018 55.1017 28.0214 15.5339 12.4876 8.89596 27.0803 25.7258 20.5312 3.85424 9.83183 3.78246 16.677 7.83427
internal_count=3318 3280 1031 538 493 428 2249 1259 1138 762 343 267 376 211
is_linear=0
shrinkage=0.05


Tree=243
num_leaves=15
num_cat=0
split_feature=14 24 31 24 15 29 21 5 24 11 31 5 16 18
split_gain=0.404579 0.687473 0.824537 0.815211 0.620438 0.516635 0.857397 0.675653 0.941576 0.864129 0.770526 0.600285 0.430417 0.238698
threshold=179.50000000000003 7.5833333333333348 25.500000000000004 6.7500000000000009 4.6457866215893606 3.5000000000000004 149.87500000000003 25.500000000000004 6.0833333333333348 166.50000000000003 183.50000000000003 22.500000000000004 45.500000000000007 26.500000000000004
decision_type=2 2 2 2 2 2 2 2 2 2 2 2 2 2
left_child=1 3 -3 5 -4 7 12 11 9 10 -9 13 -7 -1
right_child=-2 2 4 -5 -6 6 -8 8 -10 -11 -12 -13 -14 -15
leaf_value=-0.011949147591272566 0.0074162054700596426 0.0042110972579455725 0.0018844587343379536 0.014571004689749565 -0.020258695709091674 -0.01502159025074673 0.012457697974473178 -0.026485838972784517 0.0069192216729648051 0.0040729263424858272 0.0043518235038903933 0.012204012893512093 0.0059473128047465148 0.0031697240676181815
leaf_weight=1.4962591907678935 8.1141027603298408 5.4624678699765381 3.1420498365769145 4.5754114506416945 7.8990413859428372 1.9263071516470502 7.483844161091838 6.7780872909424925 2.4728578517679116 2.2445515792351216 0.92280082800425578 3.9433781291299965 0.51573989805183362 1.6003008104162288
leaf_count=530 77 99 61 73 217 407 116 1166 45 26 18 250 27 206
internal_value=-0.000525019 -0.00235537 -0.00938988 0.00182959 -0.015334 -0.00198474 0.00564654 -0.00623607 -0.0117672 -0.0171739 -0.0225321 0.00435563 -0.00957268 -0.00700342
internal_weight=58.5772 50.4631 16.5036 33.9595 11.0411 29.3841 9.92589 19.4582 12.4183 9.94544 7.70089 7.03994 2.44205 3.09656
internal_count=3318 3241 377 2864 278 2791 550 2241 1255 1210 1184 986 434 736
is_linear=0
shrinkage=0.05


Tree=244
num_leaves=15
num_cat=0
split_feature=19 30 32 15 27 15 19 6 20 24 17 31 10 18
split_gain=0.39545 0.77689 0.792461 0.651138 0.886684 0.875974 0.696223 0.58576 0.700162 1.02909 0.785245 0.479291 0.463028 0.395732
threshold=34.777539773928289 177.50000000000003 140.50000000000003 17.606816861659571 29.569293306736579 21.17191535974052 31.570858364902183 112.50000000000001 -1.8333333333333333 -0.24999999999999997 155.29166666666669 28.500000000000004 22.500000000000004 26.500000000000004
decision_type=2 2 2 2 2 2 2 2 2 2 2 2 2 2
left_child=1 2 7 4 -4 -5 -6 12 9 -9 -10 -2 13 -1
right_child=11 -3 3 5 6 -7 -8 8 10 -11 -12 -13 -14 -15
leaf_value=-0.0047324994265261653 0.0037584314762446379 0.01144812622999479 0.0042796609024177484 0.012777817541968054 -0.025563697463800328 -0.0097802203859887367 0.0015407480590203372 -0.0061473578461971826 0.0098088233594890196 0.022612151964693461 -0.013118692712208436 -0.014506985247015922 -0.011053406858119926 0.01215060391800811
leaf_weight=3.0157133851898852 3.1125261402630704 9.3121579149737936 3.0863142806629211 3.8444469593814565 5.787123658192284 3.534756931650918 2.3424093551584519 1.8755981579452052 2.2808378892004821 5.9837303257663734 2.9505866558465641 4.434152720234124 4.7754608195318724 1.9645016875583676
leaf_count=544 54 115 108 86 246 97 38 303 131 109 56 138 1142 151
internal_value=-0.000489273 0.00135237 -0.0019045 -0.008489 -0.0141737 0.00238633 -0.0201413 0.00401669 0.00957474 0.0160272 -0.0032141 -0.008478 -0.00415864 0.00467811
internal_weight=58.3003 50.7536 41.4415 18.5951 11.2158 7.3792 8.12953 22.8464 13.0908 7.85933 5.23142 7.54668 9.75568 4.98022
internal_count=3318 3126 3011 575 392 183 284 2436 599 412 187 192 1837 695
is_linear=0
shrinkage=0.05


Tree=245
num_leaves=15
num_cat=0
split_feature=5 5 20 26 15 31 11 13 12 33 16 15 25 26
split_gain=0.392135 0.646296 0.67332 0.911729 0.673916 0.501156 0.46093 0.428288 0.565022 0.367708 0.245499 0.217729 0.185871 0.171469
threshold=174.50000000000003 168.50000000000003 16.833333333333339 193.50000000000003 6.1644140029703172 166.50000000000003 126.50000000000001 165.37500000000003 161.50000000000003 174.50000000000003 -88.499999999999986 1.0000000180025095e-35 61.401041666666671 201.50000000000003
decision_type=2 2 2 2 2 2 2 2 2 2 2 2 2 2
left_child=1 2 3 4 5 9 -7 8 12 10 -1 -12 -6 -5
right_child=-2 -3 -4 13 7 6 -8 -9 -10 -11 11 -13 -14 -15
leaf_value=0.0037170985593860404 0.007130780257593854 -0.012737351321151537 0.0097974879919472888 0.01299712963941075 0.00043037943879093034 0.013479194915337063 -0.00467265153675609 0.0034450030756351308 -0.00049311595714088513 0.0038447124124954472 0.0022926694116242765 -0.016027897022097292 -0.023877020056277086 -0.0008149873636269701
leaf_weight=0.29410422500222289 8.6300306611228716 6.7643413180485359 9.018987246003233 3.8477733703912227 0.66030280191625745 4.5356296727550207 2.3862590568023734 1.4435788094997395 4.3467357343470212 3.3109010988846421 0.60206469656260075 4.2215114801656455 5.7053136738250032 2.263514930891688
leaf_count=4 92 117 145 221 44 99 159 15 116 75 265 1112 762 92
internal_value=-0.000493718 -0.00235864 0.000452051 -0.00299906 -0.00691841 0.000525451 0.00788627 -0.013732 -0.0164065 -0.00620512 -0.0113938 -0.0137381 -0.0222755 0.00981668
internal_weight=58.031 49.401 42.6367 33.6177 27.5064 15.3505 6.92189 12.1559 10.7124 8.42858 5.11768 4.82358 6.36562 6.11129
internal_count=3318 3226 3109 2964 2651 1714 258 937 922 1456 1381 1377 806 313
is_linear=0
shrinkage=0.05


Tree=246
num_leaves=15
num_cat=0
split_feature=15 26 21 24 19 32 19 20 22 22 4 10 2 33
split_gain=0.396223 0.605327 0.705034 0.676729 0.677629 0.681045 0.606601 0.564689 0.529043 0.346941 0.393192 0.37316 0.34222 0.310984
threshold=21.360009363293909 173.50000000000003 156.95833333333334 10.583333333333334 20.886417218908953 136.50000000000003 1.5642792899726887 -1.0000000180025095e-35 182.50000000000003 126.50000000000001 108.50000000000001 70.500000000000014 2.5000000000000004 177.50000000000003
decision_type=2 2 2 2 2 2 2 2 2 2 2 2 2 2
left_child=1 6 3 4 5 8 12 13 9 10 11 -3 -1 -6
right_child=-2 2 -4 -5 7 -7 -8 -9 -10 -11 -12 -13 -14 -15
leaf_value=-0.00611484455343142 -0.0093113594081696335 0.0058155615292552129 -0.0069204587134940009 -0.0044336289106353902 -0.0065987347441700921 -0.0093294740745729614 -0.015359136954792444 0.020804900643226057 0.017375591008667628 -0.0095317618902291002 0.012799930289505004 -0.010871158739659464 0.010793660812315349 0.0082834545561748189
leaf_weight=1.0377208479330868 5.6310543557774499 2.1214213595376368 8.2469373769272334 7.8584891201753626 2.9072611371520916 4.6799522457804406 4.6690595838153968 9.5247112687065929 2.3032167110941373 1.782892166971578 1.8170758602136627 1.9334962900829848 1.9996145820623494 1.3127656491706146
leaf_count=124 171 150 138 130 263 167 886 171 48 561 75 237 176 21
internal_value=-0.000477801 0.00120591 0.00361395 0.00655952 0.00981142 0.00128495 -0.00864735 0.0161271 0.00772443 -0.000897273 0.00490232 -0.00375046 0.00480654 1.23198e-05
internal_weight=57.8257 52.1946 44.4882 36.2413 28.3828 14.6381 7.7064 13.7447 9.9581 7.65489 5.87199 4.05492 3.03734 4.22003
internal_count=3318 3147 1961 1823 1693 1238 1186 455 1071 1023 462 387 300 284
is_linear=0
shrinkage=0.05


Tree=247
num_leaves=15
num_cat=0
split_feature=3 22 28 24 19 31 27 10 28 28 19 16 19 2
split_gain=0.384815 0.508884 0.718212 0.70565 0.897175 0.768405 0.57971 0.521108 0.457637 0.545694 0.441798 0.6129 0.414755 0.376033
threshold=174.50000000000003 196.00000000000003 3.4375000000000004 7.416666666666667 24.429707449344871 163.50000000000003 58.933055932362898 148.50000000000003 -0.31249999999999994 -0.77083333333333315 1.5642792899726887 -34.499999999999993 16.149631762383244 2.5000000000000004
decision_type=2 2 2 2 2 2 2 2 2 2 2 2 2 2
left_child=1 2 3 5 12 10 -4 8 9 -7 13 -12 -5 -1
right_child=-2 -3 6 4 -6 7 -8 -9 -10 -11 11 -13 -14 -15
leaf_value=-0.0069837717979232584 0.0094311999495901907 -0.014662911082338631 0.013752167456163832 -0.0068935280835492017 -0.022314975759688726 0.008566530441197772 -0.0054807345454855102 -0.004008611399919918 0.016220492007315481 -0.0094327057993406332 0.0061550108956406257 -0.018026897884172301 0.0082914021544345014 0.010291190275111186
leaf_weight=1.1569411271484589 3.635877674445509 1.8744249731535081 8.3337554323079512 4.4820534003374615 3.9501091588754198 3.9144770927377985 2.4072312010102896 5.9419309647055334 7.4205614064121628 2.9812588572967798 0.7887813476409028 5.1110823797280354 3.5636855985212605 2.0402183286350919
leaf_count=139 38 48 251 132 78 212 142 120 119 54 99 1639 58 189
internal_value=-0.000465856 -0.00187582 -0.00017185 -0.00329188 -0.0114193 0.00120794 0.00907001 0.00628258 0.0104859 9.08958e-05 -0.00831295 -0.0134535 0.000432337 0.00359314
internal_weight=57.6024 53.9665 52.0921 41.3511 11.9958 29.3553 10.741 20.2582 14.3163 6.89574 9.09702 5.89986 8.04574 3.19716
internal_count=3318 3280 3232 2839 268 2571 393 505 385 266 2066 1738 190 328
is_linear=0
shrinkage=0.05


Tree=248
num_leaves=15
num_cat=0
split_feature=19 19 30 30 4 25 27 0 16 3 6 31 33 15
split_gain=0.3843 0.717957 0.735677 1.22192 0.857368 0.565032 0.502759 0.485513 0.594711 0.754189 0.447472 0.436431 0.326308 0.296013
threshold=34.777539773928289 31.570858364902183 124.50000000000001 177.50000000000003 176.50000000000003 23.125000000000004 28.049374934399083 6.5000000000000009 -6.4999999999999991 164.50000000000003 168.50000000000003 28.500000000000004 144.50000000000003 2.1602468994711685
decision_type=2 2 2 2 2 2 2 2 2 2 2 2 2 2
left_child=1 2 5 4 6 -1 -4 -7 10 13 -9 -2 -8 -10
right_child=11 -3 3 -5 -6 7 12 8 9 -11 -12 -13 -14 -15
leaf_value=-0.0081710312012810947 0.0034284834157667235 0.013004435835795958 0.0015149820467409171 0.0065968126941540473 0.0046423567652585712 -0.0077284757127888491 -0.00094378398704961892 -0.0086086138023221612 2.6652787320216582e-05 -0.0023494850082330532 0.0085106062845051265 -0.01418221911107711 -0.025349915187391981 0.022488953374866279
leaf_weight=2.9450996578088988 3.0912819002405731 5.6679922378389156 1.9084622410446197 7.3813580526038995 2.8183321449905625 0.91051304267603228 1.9891926313721322 4.3774204534638601 1.6756613096513264 3.9255654208827773 1.6054512094706295 4.325982933951309 7.3130051555344835 7.470394339543418
leaf_count=357 54 88 78 100 37 864 323 302 235 61 24 138 297 360
internal_value=-0.00050536 0.00132728 -0.00133304 -0.00720516 -0.0142923 0.00446234 -0.0190161 0.00758919 0.00977544 0.014368 -0.00223167 -0.0084175 -0.0222854 0.0198376
internal_weight=57.4057 49.9884 44.3205 21.4104 14.029 22.9101 11.2107 19.965 19.0545 13.0716 5.98287 7.41726 9.3022 9.14606
internal_count=3318 3126 3038 835 735 2203 698 1846 982 656 326 192 620 595
is_linear=0
shrinkage=0.05


Tree=249
num_leaves=15
num_cat=0
split_feature=15 26 28 18 27 7 12 0 9 7 0 32 3 14
split_gain=0.385622 0.578632 0.7579 0.947628 0.861577 0.858945 0.594318 0.527722 0.414839 0.484567 0.328812 0.287447 0.27751 0.244692
threshold=21.360009363293909 175.50000000000003 -0.22916666666666666 180.50000000000003 57.782843008365084 121.50000000000001 22.500000000000004 7.5000000000000009 75.500000000000014 178.50000000000003 6.5000000000000009 183.50000000000003 167.50000000000003 173.50000000000003
decision_type=2 2 2 2 2 2 2 2 2 2 2 2 2 2
left_child=1 7 3 5 8 6 -3 10 -4 -10 -1 13 -6 -9
right_child=-2 2 4 -5 12 -7 -8 11 9 -11 -12 -13 -14 -15
leaf_value=-0.0075208857600560508 -0.009242791219852357 0.0066995397689285268 -0.0033042221177813687 -0.015870197332995759 -0.012093947373668522 0.013497755877386912 -0.014465036310792359 -0.020323798722696827 0.016596071871824367 -0.001502726748432608 0.0078721113976485627 0.0029298425341360876 0.0029637759273113263 0.0021634040060952808
leaf_weight=0.88052802530728325 5.576672197195875 1.7849781100667259 2.1466612834629002 4.7809972533723331 2.1302336705994085 5.4148373880743748 3.2298174291063333 3.1596031878070794 16.975711584447712 3.5057214498519889 4.1286601540050469 0.48941305943299074 2.6137877372093499 0.38094419101253141
leaf_count=487 171 97 83 66 181 158 211 920 768 47 70 17 30 12
internal_value=-0.000511638 0.00116448 0.00370743 -0.00436591 0.00817517 0.00434155 -0.00734797 -0.00786905 0.0118834 0.0138112 0.00276097 -0.0152946 -0.00653397 -0.0180542
internal_weight=57.1986 51.6219 42.5827 15.2106 27.3721 10.4296 5.0148 9.03915 22.6281 20.4814 5.00919 4.02996 4.74402 3.54055
internal_count=3318 3147 1641 532 1109 466 308 1506 898 815 557 949 211 932
is_linear=0
shrinkage=0.05


Tree=250
num_leaves=15
num_cat=0
split_feature=14 24 31 24 15 29 21 5 24 11 31 5 16 18
split_gain=0.372362 0.668429 0.759382 0.722853 0.547466 0.471287 0.797076 0.625499 0.832605 0.786133 0.710115 0.547712 0.409112 0.231271
threshold=179.50000000000003 7.5833333333333348 25.500000000000004 6.7500000000000009 4.6457866215893606 3.5000000000000004 149.87500000000003 25.500000000000004 6.0833333333333348 166.50000000000003 183.50000000000003 22.500000000000004 45.500000000000007 26.500000000000004
decision_type=2 2 2 2 2 2 2 2 2 2 2 2 2 2
left_child=1 3 -3 5 -4 7 12 11 9 10 -9 13 -7 -1
right_child=-2 2 4 -5 -6 6 -8 8 -10 -11 -12 -13 -14 -15
leaf_value=-0.011627244096838943 0.007059231467817677 0.0038386541346786662 0.001531594863329266 0.013860924140270597 -0.019783497577516393 -0.014629229967618493 0.012131423794849968 -0.025557807563978515 0.0064275985205268201 0.0039047180291737109 0.0042130040175208661 0.011712711047192174 0.005822965961832475 0.0032121719575101343
leaf_weight=1.4454278426128504 7.9318005777895442 5.3994947734754559 3.0662275480572116 4.446696212689857 7.6527622471039649 1.8580158907061544 7.2482052906416357 6.4894595507575996 2.3897734789352389 2.1841646917164326 0.89551597833633412 3.9095894792408217 0.51135742483893398 1.5764948837168047
leaf_count=530 77 99 61 73 217 407 116 1166 45 26 18 250 27 206
internal_value=-0.000615744 -0.00239431 -0.00937764 0.00180673 -0.0151385 -0.00186123 0.00549702 -0.00597391 -0.0113956 -0.016525 -0.0217043 0.00423565 -0.00925927 -0.00670883
internal_weight=57.005 49.0732 16.1185 32.9547 10.719 28.508 9.61758 18.8904 11.9589 9.56914 7.38498 6.93151 2.36937 3.02192
internal_count=3318 3241 377 2864 278 2791 550 2241 1255 1210 1184 986 434 736
is_linear=0
shrinkage=0.05


Tree=251
num_leaves=15
num_cat=0
split_feature=12 17 1 21 14 14 32 31 7 30 29 4 16 19
split_gain=0.365439 0.64401 0.622855 0.611479 0.604836 0.881004 0.598936 0.479624 0.457083 0.502339 0.445283 0.423826 0.45879 0.413719
threshold=151.50000000000003 169.95833333333334 1.5000000000000002 89.395833333333343 169.50000000000003 151.50000000000003 21.500000000000004 191.50000000000003 21.500000000000004 118.50000000000001 -1.4999999999999998 172.50000000000003 -14.499999999999998 1.4974726182565303
decision_type=2 2 2 2 2 2 2 2 2 2 2 2 2 2
left_child=1 3 10 6 5 -4 -1 11 -8 13 -2 12 -5 -10
right_child=2 -3 4 7 -6 -7 8 -9 9 -11 -12 -13 -14 -15
leaf_value=-0.0088689099155752557 0.0099422177150582623 0.014273936420777907 -0.011073756525082738 0.0015430930823865699 -0.020833625327839479 0.012826010531280078 -0.0041831853182019907 0.0067902113957447763 -0.0024066727711419197 -0.0033927686772984959 -0.0051941473998501934 0.0045547850622467117 -0.01449985596998158 0.021582670469047778
leaf_weight=0.98769189715676375 4.6402406211418565 3.8298234418034545 3.192978337290695 4.8175014848966429 3.4586957604624331 2.2855762063554721 1.8499171705625475 2.9223091914318493 1.0469506422814427 1.6312370548112083 5.3377649805770506 2.7842795597389332 12.171840663744664 5.7892400383861968
leaf_count=332 77 41 135 426 72 66 274 37 106 102 120 36 1108 386
internal_value=-0.000580784 0.00222963 -0.00549264 -0.000783044 -0.0124492 0.000259371 0.00699481 -0.00522062 0.0109128 0.0145395 0.00281409 -0.00800788 -0.0106342 0.0184441
internal_weight=56.746 37.8308 18.9153 34.001 8.93725 5.47855 11.305 22.6959 10.3173 8.46743 9.97801 19.7736 16.9893 6.83619
internal_count=3318 2848 470 2807 273 201 1200 1607 868 594 197 1570 1534 492
is_linear=0
shrinkage=0.05


Tree=252
num_leaves=15
num_cat=0
split_feature=19 19 28 28 18 19 19 16 11 31 12 31 10 19
split_gain=0.371499 0.67429 0.682242 0.862619 0.637692 0.532501 0.842992 0.797556 0.610034 0.409151 0.397617 0.365865 0.569649 0.323553
threshold=34.777539773928289 31.570858364902183 3.4375000000000004 -0.77083333333333315 26.500000000000004 11.60035265921498 10.120486274098448 33.500000000000007 125.50000000000001 28.500000000000004 158.50000000000003 184.50000000000003 129.50000000000003 1.5508919199760427
decision_type=2 2 2 2 2 2 2 2 2 2 2 2 2 2
left_child=1 2 3 4 -1 6 13 8 11 -2 -4 12 -7 -5
right_child=9 -3 10 5 -6 7 -8 -9 -10 -11 -12 -13 -14 -15
leaf_value=-0.0072635472330062527 0.0032488012023325027 0.012626216140618358 0.013125025295914812 0.0032863669488995039 0.013405731055203802 -0.013707897576217713 0.013903523650044059 0.0026802521381217663 -0.022126218834800083 -0.013931143605038387 -0.0039434196479726756 0.0087649462858089694 0.0067282259552313818 -0.014177640297838851
leaf_weight=1.8930652935086936 3.050111472606658 5.5862453998415722 5.9107221960148291 1.7928369079018076 5.6986474186560372 3.5915435293500222 2.8046048478936427 5.8659807194489977 9.1166961603521468 4.2616217672766652 2.2493474084767513 0.89466939866542805 1.8055357949779134 2.0468338346108794
leaf_count=415 54 88 311 147 307 444 147 147 298 138 51 13 139 619
internal_value=-0.000549799 0.00127213 -0.00132817 -0.00442501 0.00741401 -0.00828144 0.00265605 -0.0115528 -0.0163004 -0.00835559 0.0087094 -0.00179922 -0.00692337 -0.00877677
internal_weight=56.5685 49.2567 43.6705 35.5104 7.59171 27.9187 6.64428 21.2744 15.4084 7.31173 8.16007 6.29175 5.39708 3.83967
internal_count=3318 3126 3038 2676 722 1954 913 1041 894 192 362 596 583 766
is_linear=0
shrinkage=0.05


Tree=253
num_leaves=15
num_cat=0
split_feature=15 26 21 24 19 32 19 20 22 22 4 10 2 33
split_gain=0.3663 0.567128 0.665004 0.632564 0.623333 0.616992 0.562212 0.504356 0.503357 0.316575 0.370509 0.330188 0.313619 0.283848
threshold=21.360009363293909 173.50000000000003 156.95833333333334 10.583333333333334 20.886417218908953 136.50000000000003 1.5642792899726887 -1.0000000180025095e-35 182.50000000000003 126.50000000000001 108.50000000000001 70.500000000000014 2.5000000000000004 177.50000000000003
decision_type=2 2 2 2 2 2 2 2 2 2 2 2 2 2
left_child=1 6 3 4 5 8 12 13 9 10 11 -3 -1 -6
right_child=-2 2 -4 -5 7 -7 -8 -9 -10 -11 -12 -13 -14 -15
leaf_value=-0.005885758108495058 -0.0090542773124981085 0.0053223098497567761 -0.0068205178118747175 -0.0043080789802396411 -0.0063057503104341122 -0.0089336293970959206 -0.014949641909669157 0.020110364892345051 0.01685552909088715 -0.0092526798626258646 0.012333762411810395 -0.010459093487903769 0.010333021603933104 0.0079760484054455828
leaf_weight=1.0079811351315577 5.4907211543686563 2.1321680790861159 8.0027085513138427 7.6948607881204216 2.811864022645751 4.5259273781703078 4.543863230428542 9.3052668157179106 2.2447083942533936 1.7289486652516641 1.7555672933813182 1.8594747026436378 1.9753455266036324 1.2729260156629605
leaf_count=124 171 150 138 130 263 167 886 171 48 561 75 237 176 21
internal_value=-0.000514693 0.0011351 0.00350414 0.00639834 0.00958262 0.00126196 -0.0084586 0.0156855 0.00743094 -0.00101983 0.00460932 -0.0037573 0.00459894 8.5142e-05
internal_weight=56.3523 50.8616 43.3344 35.3317 27.6369 14.2468 7.52719 13.3901 9.72087 7.47616 5.74721 3.99164 2.98333 4.08479
internal_count=3318 3147 1961 1823 1693 1238 1186 455 1071 1023 462 387 300 284
is_linear=0
shrinkage=0.05


Tree=254
num_leaves=15
num_cat=0
split_feature=19 30 32 15 27 15 19 24 20 29 2 31 31 17
split_gain=0.36065 0.642768 0.727764 0.611661 0.825462 0.788331 0.573794 0.54287 0.958314 0.827754 0.886991 0.394434 0.346872 0.244552
threshold=34.777539773928289 177.50000000000003 140.50000000000003 17.606816861659571 29.569293306736579 21.17191535974052 31.570858364902183 -0.58333333333333315 -2.1666666666666665 1.0000000180025095e-35 2.5000000000000004 28.500000000000004 162.50000000000003 21.875000000000004
decision_type=2 2 2 2 2 2 2 2 2 2 2 2 2 2
left_child=1 2 7 4 -4 -5 -6 12 -9 10 -10 -2 -1 -12
right_child=11 -3 3 5 6 -7 -8 8 9 -11 13 -13 -14 -15
leaf_value=-0.013623235418087671 0.0031912441534109057 0.010535935886215146 0.0041880395496253333 0.012323965232702726 -0.024626738046219503 -0.0092516926019007868 0.00099425380117531344 0.017859515204600881 -0.008826936473395516 -0.013735374212159113 -0.0012226402999877108 -0.013706615584620467 0.0037364736136630428 0.01728124696897132
leaf_weight=1.7586989056799205 3.0374263976700595 9.0607246013823879 2.9854881080682407 3.7267633282754096 5.4357976068422431 3.3986595594979008 2.2893914988962933 6.4286871077274581 2.62307444495673 3.3918322180106761 1.4392915448552228 4.212410842825193 2.0893304727214854 4.2636674043314997
leaf_count=1081 54 115 108 86 246 97 38 163 272 385 239 138 96 200
internal_value=-0.000503012 0.00129644 -0.00174604 -0.00816523 -0.0137683 0.00246148 -0.0196266 0.00400769 0.00750748 -0.00181474 0.00637297 -0.00821412 -0.00741253 0.0142217
internal_weight=56.1412 48.8914 39.8307 17.8361 10.7107 7.12542 7.72519 21.9946 18.1466 11.7179 8.32603 7.24984 3.84803 5.70296
internal_count=3318 3126 3011 575 392 183 284 2436 1259 1096 711 192 1177 439
is_linear=0
shrinkage=0.05


Tree=255
num_leaves=15
num_cat=0
split_feature=5 4 4 5 28 15 12 25 23 18 20 20 9 8
split_gain=0.351407 0.586943 0.630549 0.667622 0.532812 0.509499 0.437282 0.567239 0.601683 0.504697 0.487812 0.487157 0.449631 0.439153
threshold=174.50000000000003 170.50000000000003 164.50000000000003 145.50000000000003 3.4375000000000004 9.5350231602588238 22.500000000000004 126.18229166666667 1.6448717669796811 26.500000000000004 -2.1666666666666665 13.16666666666667 169.50000000000003 99.500000000000014
decision_type=2 2 2 2 2 2 2 2 2 2 2 2 2 2
left_child=1 2 3 4 6 -5 9 8 -8 -1 -11 12 13 -9
right_child=-2 -3 -4 5 -6 -7 7 11 -10 10 -12 -13 -14 -15
leaf_value=-0.0068596418312704662 0.0067570621729877477 -0.012440897545625999 0.010481576404298474 -0.017645305608595781 0.011453895118972393 0.0035682281129286253 0.004191298966089765 -0.0044706319990100328 -0.017837817232746647 -0.0047289786213819667 0.017239315320539721 -0.009147626807648716 -0.0059788012543403801 0.016270194461935981
leaf_weight=1.5849252372572724 8.3250126375351083 6.2985646968882056 6.8060496182297348 4.8983539315959197 4.4635702088999087 1.9454391987965207 2.0742282171268034 1.0400714811476044 6.0742711282582604 1.1163157582632264 3.304987326846458 1.7034814806247593 1.3882445674389599 4.8697616817225935
leaf_count=407 92 111 130 231 279 103 239 70 861 139 213 40 28 375
internal_value=-0.00054209 -0.00234072 0.000378579 -0.00269183 0.00133806 -0.0126544 -0.00229957 -0.00604177 -0.0127688 0.00627628 0.0121266 0.00243294 0.00775617 0.012244
internal_weight=55.8933 47.5683 41.2697 34.4637 27.6199 6.84379 23.1563 17.1501 8.1485 6.00623 4.4213 9.00156 7.29808 5.90983
internal_count=3318 3226 3115 2985 2651 334 2372 1613 1100 759 352 513 473 445
is_linear=0
shrinkage=0.05


Tree=256
num_leaves=15
num_cat=0
split_feature=3 25 25 9 14 20 33 22 0 32 2 25 0 18
split_gain=0.355087 0.474779 0.696685 0.608825 0.879563 0.651843 0.423801 0.399022 0.758271 0.621256 0.456159 0.570068 0.416852 0.403699
threshold=174.50000000000003 136.90625000000003 133.37500000000003 176.50000000000003 170.50000000000003 16.833333333333339 173.50000000000003 179.50000000000003 7.5000000000000009 193.50000000000003 1.5000000000000002 126.46354166666667 6.5000000000000009 178.50000000000003
decision_type=2 2 2 2 2 2 2 2 2 2 2 2 2 2
left_child=1 2 3 4 5 7 -3 8 12 10 -10 -12 -1 -9
right_child=-2 6 -4 -5 -6 -7 -8 13 9 -11 11 -13 -14 -15
leaf_value=-0.0088177793127344022 0.0090192936273958326 -0.017360630907209195 0.011611605929149327 0.0083667768986071048 -0.015791898437076183 0.010736972910516404 0.0019948628842728815 0.011506615881668538 0.0023731252794667126 0.0064734363539761895 -0.026213853453983034 0.0018220472475709408 0.0074130273813414324 -0.0058035736618037275
leaf_weight=1.0657109597305039 3.5176231265068045 3.0458105636207611 5.8630203854263518 5.8175627319142214 8.0084278971480654 5.2720074091339475 2.9343618042767048 2.8880713289399855 1.2630404735973551 0.4856456983834504 4.8912270841028658 1.4671372335797057 7.342054276028648 1.8609760405379345
leaf_count=860 38 133 199 69 149 107 33 138 172 4 1101 117 127 71
internal_value=-0.000554962 -0.00193203 0.000260238 -0.00248681 -0.00514144 6.7009e-05 -0.0112796 -0.00411886 -0.00739602 -0.01504 -0.0184322 -0.0217904 0.00283462 0.00522583
internal_weight=55.7227 52.2051 46.2249 40.3619 34.5443 26.5359 5.98017 21.2639 16.5148 8.10705 7.6214 6.35836 8.40777 4.74905
internal_count=3318 3280 3114 2915 2846 2697 166 2590 2381 1394 1390 1218 987 209
is_linear=0
shrinkage=0.05


Tree=257
num_leaves=15
num_cat=0
split_feature=4 4 13 23 0 7 22 20 8 17 14 5 13 25
split_gain=0.347502 0.840359 0.733685 0.743687 0.950148 0.828356 0.517392 0.514406 0.483917 0.819241 0.580979 0.736333 0.346228 0.172462
threshold=176.50000000000003 170.50000000000003 164.62500000000003 33.446248389700884 9.5000000000000018 172.50000000000003 187.50000000000003 -1.0000000180025095e-35 106.50000000000001 114.95833333333336 109.50000000000001 25.500000000000004 21.875000000000004 123.29687500000001
decision_type=2 2 2 2 2 2 2 2 2 2 2 2 2 2
left_child=1 2 3 4 8 6 -6 -5 10 -10 11 12 -1 -12
right_child=-2 -3 -4 7 5 -7 -8 -9 9 -11 13 -13 -14 -15
leaf_value=-0.0049751810976151464 0.0072964708923602128 -0.014958671532711352 0.011245401167614549 -0.0047865130682486733 -0.025399555508567474 0.0040546917363919553 -4.1730316705931881e-05 0.015434830016740141 -0.018121681524533886 0.0061196977111441352 0.00021161267454580286 -0.012485672509455 0.012920073746609638 0.016204567679217092
leaf_weight=0.92262643110007614 6.7451703669503322 5.4265064736246122 7.6166175873950115 2.0199692118330859 5.485836408530302 2.7119953631190583 2.509459733046242 3.6495914457482277 2.1487437384203067 3.2108370858622948 2.2305496333865449 3.8637061692934367 2.7963624581170734 4.1487660902203061
leaf_count=166 82 87 91 152 1404 53 61 97 288 75 104 350 182 126
internal_value=-0.000542074 -0.00220475 0.000775744 -0.00256518 -0.0058324 -0.0149853 -0.0205189 0.00936344 0.00127774 -0.00765469 0.0058209 -0.00313175 0.00817336 0.0131626
internal_weight=55.4867 48.7416 43.3151 35.6984 30.0289 10.7073 7.9953 5.66956 19.3216 5.35958 13.962 7.5827 3.71899 6.37932
internal_count=3318 3236 3149 3058 2809 1518 1465 249 1291 363 928 698 348 230
is_linear=0
shrinkage=0.05


Tree=258
num_leaves=15
num_cat=0
split_feature=20 20 13 13 14 15 6 24 5 5 10 7 18 20
split_gain=0.34487 0.694451 0.727124 1.20821 0.595068 0.576658 0.715107 0.490907 0.46826 0.498251 0.301187 0.292057 0.205007 0.115789
threshold=24.500000000000004 15.500000000000002 164.62500000000003 138.75000000000003 149.50000000000003 12.776765866921785 112.50000000000001 -3.2499999999999996 25.500000000000004 22.500000000000004 177.50000000000003 99.500000000000014 26.500000000000004 1.0000000180025095e-35
decision_type=2 2 2 2 2 2 2 2 2 2 2 2 2 2
left_child=1 2 3 4 5 6 8 -5 9 12 11 -7 -1 -11
right_child=-2 -3 -4 7 -6 10 -8 -9 -10 13 -12 -13 -14 -15
leaf_value=-0.011454618823311757 -0.0087829167238736346 0.01064869413800835 0.0069329457563829652 0.0025376096521223788 0.012819193502680532 0.002139046250500857 0.013318760528258101 -0.022545782563169484 -0.012370478218478202 0.0128867777094383 0.0024239097898397966 -0.019620784027392271 0.0027891461553254935 -0.00079717779807412625
leaf_weight=1.4200283206155382 5.5661474489606908 9.2447511626523902 11.238505872897802 1.2486814258591037 2.6371392456057938 0.80229369633889236 3.8911147149992749 5.6558595343230982 3.9250291407952318 2.6906076701707211 1.3200684394687412 2.7837807432078989 1.5763819969142785 1.2441829347226301
leaf_count=557 103 129 136 100 71 46 278 357 758 169 17 292 215 90
internal_value=-0.000548887 0.00109246 -0.00202391 -0.00598139 0.000727481 -0.00316582 0.00237727 -0.0188489 -0.00450762 0.00326312 -0.0126177 -0.0163419 -0.00690266 0.0105352
internal_weight=55.2446 49.6784 40.4337 29.1952 22.2906 19.6535 14.7473 6.90454 10.8562 6.9312 4.90614 3.58607 2.99641 3.93479
internal_count=3318 3215 3086 2950 2493 2422 2067 457 1789 1031 355 338 772 259
is_linear=0
shrinkage=0.05


Tree=259
num_leaves=15
num_cat=0
split_feature=12 28 29 1 14 14 19 27 27 5 5 8 19 20
split_gain=0.348348 0.622372 0.777015 0.5693 0.572192 0.790433 0.53958 0.472907 0.412635 0.392657 0.388168 0.391558 0.300409 0.259568
threshold=151.50000000000003 -0.10416666666666664 -1.4999999999999998 1.5000000000000002 169.50000000000003 151.50000000000003 10.120486274098448 55.803847917665664 33.221279308920096 22.500000000000004 24.500000000000004 169.50000000000003 1.5954480704561667 -2.4999999999999996
decision_type=2 2 2 2 2 2 2 2 2 2 2 2 2 2
left_child=1 2 -1 8 5 -5 12 -8 -2 -4 -11 13 -3 -12
right_child=3 6 9 4 -6 -7 7 -9 -10 10 11 -13 -14 -15
leaf_value=-0.014787534169654335 0.009149771752891776 0.0046003415187546226 -0.0069872102164301314 -0.01050622723741888 -0.020285392245693163 0.012279149028377246 0.012731121978562451 -0.0033997684863693468 -0.0055103284846052814 0.016012770772795861 0.0036386111058248137 0.007621617200522051 -0.011732271170029328 -0.01289376178896643
leaf_weight=5.11610364079388 5.0569861504918681 1.3125239085347886 1.8580646631162361 3.0544097659731033 3.3440494666574523 2.2200083605566761 15.998449392318436 3.5068544521564027 4.6382960535120219 2.070016529149143 0.95793690146092592 2.268635424785316 1.7597701279009923 1.8532354273193048
leaf_count=370 91 161 470 135 72 66 802 210 106 88 86 27 488 146
internal_value=-0.000562548 0.00221953 -0.00499828 -0.00541823 -0.0121327 0.000392635 0.00682238 0.00972902 0.00264772 0.00385534 0.00838892 -0.00111973 -0.00622719 -0.00853718
internal_weight=55.0153 36.7016 14.124 18.3137 8.61847 5.27442 22.5776 19.5053 9.69528 9.00789 7.14982 5.07981 3.07229 2.81117
internal_count=3318 2848 1187 470 273 201 1661 1012 197 817 347 259 649 232
is_linear=0
shrinkage=0.05


Tree=260
num_leaves=15
num_cat=0
split_feature=19 14 21 24 9 27 13 13 24 33 1 5 5 28
split_gain=0.333767 0.669156 0.662088 1.10577 0.644529 0.677903 0.625877 1.06588 0.562168 0.541417 0.432752 0.340675 0.428441 0.236514
threshold=12.421724539737948 109.50000000000001 156.95833333333334 7.416666666666667 172.50000000000003 30.155996101556852 163.12500000000003 138.75000000000003 1.0000000180025095e-35 173.50000000000003 1.0000000180025095e-35 21.500000000000004 24.500000000000004 -0.27083333333333331
decision_type=2 2 2 2 2 2 2 2 2 2 2 2 2 2
left_child=1 8 3 6 5 -5 7 9 11 -2 -3 -1 -13 -12
right_child=2 10 -4 4 -6 -7 -8 -9 -10 -11 13 12 -14 -15
leaf_value=-0.0072354919002028551 -0.0030695522657544884 -0.0036752391005564137 -0.014536851672995635 0.002780036181816561 0.0041452628183558252 -0.018549809486152962 0.018371726364215551 -0.014959802062815539 -0.014876000023325647 0.014456004073457658 -0.00069721527361825571 0.013829199276328218 -0.0050029369237608616 0.018260906097214244
leaf_weight=0.82093381951563316 4.9557925108965737 1.7573734507968746 4.7810403551411573 3.6197347071720305 5.3287038375856346 7.7713816019677324 3.8435032006818792 2.43261404390796 1.8932785491706452 5.8831625808961689 1.5354622657905563 3.4692238161806017 1.5368748940818475 5.2273935199700645
leaf_count=385 805 95 109 83 70 159 46 215 338 93 93 268 240 319
internal_value=-0.000620476 0.00457273 -0.00307839 0.000203911 -0.00783286 -0.0129914 0.00805094 0.000852515 -0.00473595 0.00800351 0.0116396 0.00390704 0.00843676 0.0154898
internal_weight=54.8565 16.2405 38.6159 33.8349 16.7198 11.3911 17.1151 13.2716 7.72031 10.839 8.52023 5.82703 5.0061 6.76286
internal_count=3318 1738 1580 1471 312 242 1159 1113 1231 898 507 893 508 412
is_linear=0
shrinkage=0.05


Tree=261
num_leaves=15
num_cat=0
split_feature=3 25 25 9 13 13 15 2 27 25 23 33 2 27
split_gain=0.33902 0.444777 0.655301 0.545569 0.676666 0.588084 0.484609 0.455404 0.520233 0.502588 0.43402 0.392366 0.350461 0.303771
threshold=174.50000000000003 136.90625000000003 133.84895833333334 176.50000000000003 138.75000000000003 106.62500000000001 5.9125562084234806 1.5000000000000002 32.567297058848105 23.812500000000004 24.233428522827985 173.50000000000003 2.5000000000000004 33.372479206990768
decision_type=2 2 2 2 2 2 2 2 2 2 2 2 2 2
left_child=1 2 3 4 5 7 -6 -1 9 -9 -8 -3 -11 -7
right_child=-2 11 -4 -5 6 13 10 8 -10 12 -12 -13 -14 -15
leaf_value=0.0068162195848674436 0.0087414827868778546 -0.016957601399051433 0.01170726428788824 0.0079216390646383913 0.00048104464565452108 -0.001853828110219924 0.0013939932988879988 -0.0077932099646812582 -0.015675319947852696 -0.0047894647769428558 -0.020407439015674378 0.001861659462316891 0.014158106521430264 0.014834508334011729
leaf_weight=2.8098841896426192 3.4782631117850533 2.9571228025451992 5.0353281090792725 5.7261874154210082 5.5223804086999726 2.5420793661251073 2.0807405893865489 3.1433945340540941 4.7924183411669219 0.68928496453736476 6.7425233173271408 2.8804085068404675 2.6565643088324578 3.5577199320832733
leaf_count=275 38 133 161 69 186 265 110 285 877 84 232 33 343 227
internal_value=-0.000637511 -0.00199724 0.000161948 -0.00241566 -0.00491463 0.00120649 -0.0116152 -0.0043252 -0.0083412 0.00153976 -0.0166216 -0.0110969 0.00972385 0.0101775
internal_weight=54.6143 51.136 45.2985 40.2632 34.537 20.1913 14.3456 14.0915 11.2817 6.48924 8.82326 5.83753 3.34585 6.0998
internal_count=3318 3280 3114 2953 2884 2356 528 1864 1589 712 342 166 427 492
is_linear=0
shrinkage=0.05


Tree=262
num_leaves=15
num_cat=0
split_feature=5 19 17 22 0 29 16 9 30 20 0 28 2 32
split_gain=0.344714 0.568916 0.95276 0.696786 0.613738 0.577416 0.738284 0.479528 0.735357 0.403591 0.366544 0.330312 0.277418 0.200786
threshold=174.50000000000003 12.421724539737948 155.29166666666669 175.50000000000003 7.5000000000000009 -2.4999999999999996 -31.499999999999996 23.500000000000004 177.50000000000003 -2.8333333333333326 6.5000000000000009 -0.27083333333333331 1.5000000000000002 185.50000000000003
decision_type=2 2 2 2 2 2 2 2 2 2 2 2 2 2
left_child=1 3 5 4 10 9 -7 -8 11 -3 -1 -9 -6 -14
right_child=-2 2 -4 -5 12 6 7 8 -10 -11 -12 -13 13 -15
leaf_value=-0.0070861942601139804 0.0066691365895495585 -0.0054023167918974416 -0.017862823499688259 0.014454829826236257 0.003272773736880587 0.0074693723543575209 0.0038845629618164145 0.0013660039405079673 0.003617786453367629 0.011764823261490248 0.0091425059017847757 -0.022531100940155119 -0.018087998757850006 0.0021506419355580195
leaf_weight=0.8222755755778034 8.1491751905996335 1.463891164436063 6.509283279941882 4.6824819328176082 0.55455001845984986 4.1286272153374801 2.3977296832017556 1.0353798278447399 2.7260841280221939 6.8672312969356479 6.1248610268812627 6.0324036630990969 2.5970079092367091 0.30853250110521901
leaf_count=597 92 299 166 118 136 103 55 112 23 207 109 533 760 8
internal_value=-0.000607116 -0.00241474 -0.00598294 0.00460887 -0.00307439 -0.000362836 -0.00541526 -0.0106819 -0.0143557 0.00785349 0.0050599 -0.0199148 -0.0127444 -0.0159379
internal_weight=54.3995 46.2503 31.1606 15.0897 10.4072 24.6513 16.3202 12.1916 9.79387 8.33112 6.94714 7.06778 3.46009 2.90554
internal_count=3318 3226 1498 1728 1610 1332 826 723 668 506 706 645 904 768
is_linear=0
shrinkage=0.05


Tree=263
num_leaves=15
num_cat=0
split_feature=3 25 25 28 5 29 29 12 19 5 12 29 21 33
split_gain=0.32861 0.434632 0.618082 0.532071 0.641238 0.581658 0.722998 0.720358 0.658169 0.553489 0.544744 0.466759 0.387729 0.380953
threshold=174.50000000000003 136.90625000000003 133.84895833333334 -0.10416666666666664 24.500000000000004 -11.499999999999998 -2.4999999999999996 151.50000000000003 10.395220346896989 22.500000000000004 91.500000000000014 8.5000000000000018 152.81250000000003 173.50000000000003
decision_type=2 2 2 2 2 2 2 2 2 2 2 2 2 2
left_child=1 2 3 4 9 -5 10 8 -8 -1 -7 12 -6 -3
right_child=-2 13 -4 5 11 6 7 -9 -10 -11 -12 -13 -14 -15
leaf_value=-0.0076964502398741245 0.0086327853471632604 -0.016757755560420824 0.011404853492900642 -0.011043581353837689 -0.020942582232128568 -0.0042228444948918609 -0.0093512879769566907 -0.012152146497321013 0.010298148144602856 0.012317740511566961 0.017258378533440529 0.0036090288633196695 0.0020523469365807501 0.00183367533927573
leaf_weight=1.9599839553848095 3.4533078484237185 2.9211644523456917 5.0090698823623816 2.3655843575834288 6.283153535674499 1.6961466161301357 1.7129792581618009 5.0201414028415465 8.8243522719130834 2.3939439940440934 7.1745976507882006 1.3201845105650134 1.1968034436285959 2.8613487873226404
leaf_count=496 38 133 161 169 491 117 518 175 506 110 278 60 33 33
internal_value=-0.00061056 -0.00195761 0.000184347 -0.00233476 -0.00899309 0.00183428 0.00474582 -0.00205161 0.00512252 0.00401003 0.0131094 -0.0145484 -0.0179152 -0.0109739
internal_weight=54.1928 50.7395 44.9569 39.9479 13.1541 26.7938 24.4282 15.5575 10.5373 4.35393 8.87074 8.80014 7.47996 5.78251
internal_count=3318 3280 3114 2953 1190 1763 1594 1199 1024 606 395 584 524 166
is_linear=0
shrinkage=0.05


Tree=264
num_leaves=15
num_cat=0
split_feature=5 19 17 22 0 29 16 9 30 20 0 28 2 21
split_gain=0.329721 0.531755 0.890235 0.663013 0.579812 0.531554 0.701208 0.452142 0.711401 0.379821 0.352374 0.323117 0.271775 0.199085
threshold=174.50000000000003 12.421724539737948 155.29166666666669 175.50000000000003 7.5000000000000009 -2.4999999999999996 -31.499999999999996 23.500000000000004 177.50000000000003 -2.8333333333333326 6.5000000000000009 -0.27083333333333331 1.5000000000000002 114.58333333333334
decision_type=2 2 2 2 2 2 2 2 2 2 2 2 2 2
left_child=1 3 5 4 10 9 -7 -8 11 -3 -1 -9 -6 -11
right_child=-2 2 -4 -5 12 6 7 8 -10 13 -12 -13 -14 -15
leaf_value=-0.0070163370089074487 0.006491163300806891 -0.0053093767568209924 -0.017387582384759858 0.014020611008633388 0.0032634271074400666 0.0072837207819575677 0.0037452922416047123 0.0013971685507086788 0.0036191295977912236 0.00062565613037004022 0.0088768852605517722 -0.022128206603272669 -0.015704007675218661 0.01563459343326383
leaf_weight=0.81287970671837495 8.0886961601208878 1.4537038111011495 6.4446334939566432 4.6564590354973907 0.55397668803925659 4.1229994121531552 2.3939728793920905 1.0305287621085923 2.7113509513437748 3.6167207216713049 6.1025832078885287 5.9396608896786285 2.8520382509668707 3.2156805357080884
leaf_count=597 92 299 166 118 136 103 55 112 23 118 109 533 768 89
internal_value=-0.000645481 -0.00241698 -0.00587318 0.00440372 -0.0030945 -0.000407815 -0.00526448 -0.0104271 -0.0140136 0.00749466 0.00484843 -0.0195193 -0.0125129 0.0113113
internal_weight=53.9959 45.9072 30.9293 14.9779 10.3215 24.4846 16.1985 12.0755 9.68154 8.28611 6.91546 6.97019 3.40601 6.8324
internal_count=3318 3226 1498 1728 1610 1332 826 723 668 506 706 645 904 207
is_linear=0
shrinkage=0.05


Tree=265
num_leaves=15
num_cat=0
split_feature=15 26 28 31 27 19 28 9 7 2 13 29 25 33
split_gain=0.324474 0.500464 0.657727 0.825913 0.793438 0.444264 0.389094 0.368066 0.46329 0.271926 0.230859 0.227769 0.20233 0.177869
threshold=21.360009363293909 175.50000000000003 -0.22916666666666666 174.50000000000003 57.782843008365084 1.5642792899726887 -0.77083333333333315 75.500000000000014 178.50000000000003 2.5000000000000004 170.12500000000003 -5.4999999999999991 129.65104166666671 184.50000000000003
decision_type=2 2 2 2 2 2 2 2 2 2 2 2 2 2
left_child=1 5 3 11 7 9 -5 -4 13 -1 -6 -3 -7 -9
right_child=-2 2 4 6 10 12 -8 8 -10 -11 -12 -13 -14 -15
leaf_value=-0.005545909389037252 -0.0087274770258228256 -0.0029054911018248412 -0.0031035717722333023 0.0010438409497323647 -0.010919667396079594 -0.014745149584258533 -0.015386612199730899 0.0175615971115037 -0.0017794251859248212 0.0096088333479705367 0.0031791167998629875 0.012790886749366221 0.0026586350320272141 0.00053208374556295082
leaf_weight=0.95151930360589032 5.2714752406609469 1.1022901691321743 2.0666019059281195 4.4346202900633216 2.668571793488808 5.1573730257659918 6.1784515259787423 13.899270173860716 3.2891222592443219 1.9304501295118823 1.8166824635118244 2.631230700455486 0.38403595442650829 2.0160387181676915
leaf_count=133 171 100 83 129 192 1171 85 740 47 184 19 218 18 28
internal_value=-0.000627565 0.000985398 0.00342806 -0.00425244 0.00770202 -0.00758906 -0.0103855 0.0113796 0.0132573 0.00426124 -0.00654355 0.00914638 -0.0128501 0.0160473
internal_weight=53.7977 48.5263 40.1029 14.3466 25.7563 8.42338 10.6131 21.271 19.2044 2.88197 4.48525 3.73352 5.54141 15.9153
internal_count=3318 3147 1641 532 1109 1506 214 898 815 317 211 318 1189 768
is_linear=0
shrinkage=0.05


Tree=266
num_leaves=15
num_cat=0
split_feature=6 7 6 7 12 9 26 4 18 8 15 29 30 9
split_gain=0.32118 1.31926 0.513891 0.806643 0.402684 0.730436 0.53379 0.644967 0.435373 0.384596 0.264067 0.328345 0.243103 0.218787
threshold=168.50000000000003 174.50000000000003 166.50000000000003 163.50000000000003 161.50000000000003 23.500000000000004 191.50000000000003 141.50000000000003 26.500000000000004 113.50000000000001 2.2173557826100425 -2.4999999999999996 25.500000000000004 172.50000000000003
decision_type=2 2 2 2 2 2 2 2 2 2 2 2 2 2
left_child=1 2 3 4 5 8 13 -8 10 -6 11 -1 -10 -7
right_child=-2 -3 -4 -5 9 6 7 -9 12 -11 -12 -13 -14 -15
leaf_value=0.0047939628696224293 0.0057441731398138081 -0.020026557656284649 -0.011929529027710994 0.013069095523537525 -0.0036875236589739343 -0.016298749304283419 0.012570042002263929 -0.0091681431426387482 -0.0016969221931185511 0.012271380108266734 0.0050255580303391915 -0.014304219233570829 0.015191361711195176 0.0022858106408699566
leaf_weight=0.4579821899387756 10.171065818518398 3.8914944414282209 1.6393964545277402 8.7468347157700901 3.465607999591156 9.3787002819444716 2.0468092860537577 1.8355208297725765 1.6586116523249073 3.8479028012952767 1.1315861761540871 1.8317505170780406 3.0292609931202605 0.51507360697724003
leaf_count=21 114 97 32 200 73 1504 268 47 107 101 108 465 163 18
internal_value=-0.000665219 -0.00260247 0.00116423 0.00305298 -0.00141954 -0.00468306 -0.0104302 0.00291699 0.00533469 0.00628244 -0.00483806 -0.0098162 0.0114242 -0.0148887
internal_weight=53.6476 43.4765 39.585 37.9456 29.1988 21.8853 13.7761 3.88233 8.10919 7.31351 3.42132 2.28973 4.68787 9.89377
internal_count=3318 3204 3107 3075 2875 2701 1837 315 864 174 594 486 270 1522
is_linear=0
shrinkage=0.05


Tree=267
num_leaves=15
num_cat=0
split_feature=19 19 30 30 4 27 25 20 0 16 3 31 6 15
split_gain=0.325572 0.578268 0.650053 0.997145 0.710662 0.56127 0.46862 0.445146 0.434705 0.48184 0.680244 0.369737 0.34984 0.321108
threshold=34.777539773928289 31.570858364902183 124.50000000000001 177.50000000000003 176.50000000000003 27.464517145339858 23.125000000000004 -10.166666666666666 6.5000000000000009 -6.4999999999999991 164.50000000000003 28.500000000000004 168.50000000000003 20.189661796718482
decision_type=2 2 2 2 2 2 2 2 2 2 2 2 2 2
left_child=1 2 6 4 5 -4 -1 -7 -8 12 -11 -2 -10 -9
right_child=11 -3 3 -5 -6 7 8 13 9 10 -12 -13 -14 -15
leaf_value=-0.0074824518679607105 0.0031281303841248897 0.011746152087619281 0.0040009022466531039 0.0057850401010520972 0.0041278507700007868 0.0013956222366128183 -0.0073692788030481947 -0.026522028246784447 -0.00768282369365271 0.018753970467884292 -0.002589642706029207 -0.013395851549967974 0.0076224990701963509 8.1155623489101498e-05
leaf_weight=2.7176104496466023 2.9236831589660133 5.3121336545445947 0.98058719196706334 6.8987056798068798 2.622912121936678 1.3898829991667287 0.86087396975199482 6.6459847083460764 4.0874493378360119 8.6153891050998883 3.6373862670734516 4.0379107448970899 1.4928694516420362 1.2229703676566712
leaf_count=357 54 88 35 100 37 108 864 487 302 595 61 138 24 68
internal_value=-0.000661592 0.0011191 -0.00137552 -0.00707659 -0.0136633 -0.0180797 0.00422968 -0.0210012 0.00715199 0.00931321 0.0135036 -0.00804945 -0.00192106 -0.0239623
internal_weight=53.4463 46.4848 41.1726 19.761 12.8623 10.2394 21.4116 9.25884 18.694 17.8331 12.2528 6.96159 5.58032 7.86896
internal_count=3318 3126 3038 835 735 698 2203 663 1846 982 656 192 326 555
is_linear=0
shrinkage=0.05


Tree=268
num_leaves=15
num_cat=0
split_feature=15 26 21 32 27 26 27 27 33 19 33 27 17 0
split_gain=0.322361 0.470641 0.583081 0.566971 0.550214 0.689088 0.555574 0.502758 0.635248 0.488536 0.437091 0.365504 0.346013 0.204489
threshold=21.360009363293909 173.50000000000003 156.95833333333334 22.500000000000004 36.532603799220226 192.50000000000003 57.782843008365084 30.749908656968092 176.50000000000003 1.5954480704561667 172.50000000000003 32.69076100770895 147.50000000000003 7.5000000000000009
decision_type=2 2 2 2 2 2 2 2 2 2 2 2 2 2
left_child=1 9 3 11 5 7 -6 8 -5 13 12 -3 -9 -1
right_child=-2 2 -4 4 6 -7 -8 10 -10 -11 -12 -13 -14 -15
leaf_value=0.0086545646630565212 -0.0087474263154133682 0.0053643689943681698 -0.0066191807432450164 -0.0084526745730382595 0.01904854657954598 0.012812943759226415 -0.0028271219229971042 0.0081929129660958788 0.01268765148357953 -0.014290708926290745 -0.015883045643529919 -0.012095596249855636 -0.0073297520332109333 -0.0045467730104891309
leaf_weight=2.0078594930528193 5.2399994934894485 1.2959900764253682 7.5747679382620836 1.5922935799390021 8.8618143080529972 4.2514902045659246 2.1969149147480485 2.8439269818118174 3.828503096010536 4.0225054187903879 4.1570750836399384 2.6265141156181926 1.7331110082304801 1.0176535010978112
leaf_count=122 171 39 138 466 410 155 184 193 72 833 64 184 56 231
internal_value=-0.000668321 0.000955353 0.00318288 0.0059792 0.00835629 0.00189263 0.0151756 -0.00387573 0.00540174 -0.00793898 -0.00950405 -0.00655345 0.00155712 0.00414791
internal_weight=53.2504 48.0104 40.9624 33.3876 29.4651 18.4064 11.0587 14.1549 5.4208 7.04802 8.73411 3.9225 4.57704 3.02551
internal_count=3318 3147 1961 1823 1600 1006 594 851 538 1186 313 223 249 353
is_linear=0
shrinkage=0.05


Tree=269
num_leaves=15
num_cat=0
split_feature=19 20 14 29 18 30 27 28 28 18 33 24 22 31
split_gain=0.315144 0.560861 0.775637 0.689794 0.90171 0.779185 0.634099 0.613967 0.67139 0.490341 0.376615 0.371238 0.425741 0.35264
threshold=34.777539773928289 -2.4999999999999996 115.50000000000001 1.0000000180025095e-35 185.50000000000003 177.50000000000003 30.047851513439529 0.35416666666666669 -0.77083333333333315 26.500000000000004 174.50000000000003 -0.24999999999999997 191.50000000000003 28.500000000000004
decision_type=2 2 2 2 2 2 2 2 2 2 2 2 2 2
left_child=1 2 -1 4 7 6 -5 8 9 -3 -10 12 -4 -2
right_child=13 3 11 5 -6 -7 -8 -9 10 -11 -12 -13 -14 -15
leaf_value=-0.0095862391787752479 0.0030076801802621351 -0.0050745562337785495 -0.0098105723752250577 0.00082267869548402245 -0.012410909867199971 0.0065323835267740889 -0.021356001167750206 0.015922834091748026 -0.01344111617249797 0.01537982014301649 0.0026058009077344246 0.016603496416111582 0.0083202027830936998 -0.013205144173565726
leaf_weight=1.1068649553126295 2.9058122586575328 1.5259183458838368 1.4825328992592397 4.0942002040319476 2.7502112891525021 2.6272391099482766 5.7300698444232694 6.1981886697321888 3.9946128317606115 3.4244873995776288 3.8658720233361237 7.8544849514291846 1.5199611610150894 3.9934101321414346
leaf_count=402 54 307 386 265 39 31 461 193 605 145 81 187 24 138
internal_value=-0.000697621 0.00106435 0.00857928 -0.00232257 0.00301861 -0.00984704 -0.0149532 0.00737067 -7.54582e-05 0.00969317 -0.0076043 0.01287 -0.00116838 -0.00798213
internal_weight=53.0739 46.1746 11.9638 34.2108 21.7593 12.4515 9.82427 19.0091 12.8109 4.95041 7.86048 10.857 3.00249 6.89922
internal_count=3318 3126 999 2127 1370 757 726 1331 1138 452 686 597 410 192
is_linear=0
shrinkage=0.05


Tree=270
num_leaves=15
num_cat=0
split_feature=3 22 28 24 19 26 20 33 27 27 33 28 27 19
split_gain=0.325066 0.398438 0.542168 0.557008 0.745479 0.621761 0.541487 0.827234 0.519522 0.48967 0.46566 0.348485 0.519068 0.344422
threshold=174.50000000000003 196.00000000000003 3.4375000000000004 7.416666666666667 24.429707449344871 192.50000000000003 -1.0000000180025095e-35 180.50000000000003 36.532603799220226 58.933055932362898 22.500000000000004 -0.062499999999999993 31.116319334832866 16.149631762383244
decision_type=2 2 2 2 2 2 2 2 2 2 2 2 2 2
left_child=1 2 3 5 13 6 7 10 11 -4 -1 -8 -13 -5
right_child=-2 -3 9 4 -6 -7 8 -9 -10 -11 -12 12 -14 -15
leaf_value=0.0039507473027223681 0.0084957169911043934 -0.013519405723329306 0.01224099350836946 -0.0063359293108662083 -0.020715382551832369 0.010195965340514025 -0.010265523354028194 0.0058241478784727407 0.012251080526030474 -0.0054769942385077923 -0.020501480687773369 0.011466597423216896 -0.0086326020894824038 0.0077733339636486699
leaf_weight=0.6547859765996672 3.3968849610537282 1.6944262676115602 7.7747320392008969 4.0444156841986096 3.5786576625541784 6.9750482933741287 3.6289254479925148 2.9196870808955282 3.4976104069428402 2.24102844313893 5.4334389247815125 2.7886727503282658 0.92015315087337501 3.3129001850320492
leaf_count=127 38 48 251 132 78 267 382 56 310 142 986 340 103 58
internal_value=-0.000733767 -0.00208933 -0.000441342 -0.00327466 -0.0106925 0.00095511 -0.00369143 -0.0103823 0.0033929 0.00777292 -0.017276 -0.00408317 0.00438673 0.00059189
internal_weight=52.8614 49.4645 47.7701 37.7543 10.936 26.8183 19.8433 9.00791 10.8354 10.0158 6.08822 7.33775 3.70883 7.35732
internal_count=3318 3280 3232 2839 268 2571 2304 1169 1135 393 1113 825 443 190
is_linear=0
shrinkage=0.05


Tree=271
num_leaves=15
num_cat=0
split_feature=14 24 31 24 15 29 21 21 12 31 7 16 19 27
split_gain=0.315687 0.541819 0.631914 0.595489 0.462295 0.433276 0.635173 0.533077 0.623941 0.590173 0.47201 0.346601 0.250669 0.336498
threshold=179.50000000000003 7.5833333333333348 25.500000000000004 6.7500000000000009 4.6457866215893606 3.5000000000000004 149.87500000000003 92.687500000000014 165.50000000000003 193.50000000000003 24.500000000000004 45.500000000000007 2.0816659994547542 9.5720241481755632
decision_type=2 2 2 2 2 2 2 2 2 2 2 2 2 2
left_child=1 3 -3 5 -4 7 11 10 9 -9 12 -7 13 -1
right_child=-2 2 4 -5 -6 6 -8 8 -10 -11 -12 -13 -14 -15
leaf_value=0.0025655291669224012 0.0064692293770491176 0.0034237282916030204 0.0014968093912187343 0.012631248744997998 -0.018656004386175311 -0.013308720463053765 0.011388061705120762 -0.020417858040474371 0.0056641934083010541 0.0042739027129653443 0.011316466013673419 0.0054836100356960432 0.0051047264329210276 -0.014808164566267462
leaf_weight=2.5577046160178813 7.3723768815398207 5.1435803757631211 2.8163723411271331 4.0918832726893006 7.0002043108543148 1.6569002989344865 6.6016622438328341 6.4233536036335845 1.5142305727349592 1.1669911388307808 2.8264658326661447 0.4954142448841593 1.0068424163764573 1.9858749733684815
leaf_count=298 77 99 61 73 217 407 116 1077 21 17 230 27 64 534
internal_value=-0.000758208 -0.00246101 -0.00889008 0.00151977 -0.0143202 -0.00195779 0.00535557 -0.00599662 -0.0120518 -0.0164319 0.00262937 -0.00817359 -0.00506095 -0.00880786
internal_weight=52.6599 45.2875 14.9602 30.3273 9.81658 26.2354 8.75398 17.4815 9.10458 7.59034 8.37689 2.15231 5.55042 4.54358
internal_count=3318 3241 377 2864 278 2791 550 2241 1115 1094 1126 434 896 832
is_linear=0
shrinkage=0.05


Tree=272
num_leaves=15
num_cat=0
split_feature=12 17 21 33 2 1 14 14 31 27 4 30 33 27
split_gain=0.313457 0.542518 0.523395 0.538409 0.5858 0.49593 0.48333 0.725391 0.385999 0.385431 0.37669 0.387125 0.350766 0.248623
threshold=151.50000000000003 169.95833333333334 89.395833333333343 172.50000000000003 1.5000000000000002 1.5000000000000002 169.50000000000003 151.50000000000003 191.50000000000003 33.221279308920096 172.50000000000003 163.50000000000003 49.000000000000007 9.5720241481755632
decision_type=2 2 2 2 2 2 2 2 2 2 2 2 2 2
left_child=1 2 3 4 -1 9 7 -7 10 -2 11 12 -4 -6
right_child=5 -3 8 -5 13 6 -8 -9 -10 -11 -12 -13 -14 -15
leaf_value=0.0092804637002022496 0.0087549172539473329 0.013214728698619933 0.0014693558754386958 0.0148749933667678 0.0019884438254437436 -0.010294219309840445 -0.019293469348110086 0.011720766366443532 0.005943330305066833 -0.0055585589278311894 0.004331212842928295 0.00093871097967558777 -0.017261711666875502 -0.013862465313544209
leaf_weight=2.158472509938294 4.8034068981360196 3.5124129122123113 2.1648512852189077 3.7053889598464593 1.9969236914621431 2.8845538055466005 3.1194891654886305 2.122618841327494 2.6704984386451533 4.4175904233416077 2.5955438200908238 4.9917137629308845 8.4349256873683753 2.8565623820977635
leaf_count=209 91 41 196 61 253 135 72 66 37 106 36 125 1213 677
internal_value=-0.000713071 0.00199317 -0.000891003 0.00642145 -0.002378 -0.005408 -0.0117574 0.000231556 -0.00516355 0.00235425 -0.00772435 -0.0102956 -0.0141914 -0.00964109
internal_weight=52.435 35.0873 31.5749 10.7173 7.01196 17.3477 8.12666 5.00717 20.8575 9.221 18.187 15.5915 10.5998 4.85349
internal_count=3318 2848 2807 1200 1139 470 273 201 1607 197 1570 1534 1409 930
is_linear=0
shrinkage=0.05


Tree=273
num_leaves=15
num_cat=0
split_feature=20 20 13 13 14 30 26 24 19 22 20 6 2 27
split_gain=0.313229 0.640922 0.734456 1.03937 0.516564 0.510998 0.584031 0.48035 0.370331 0.323229 0.32006 0.264356 0.254537 0.229613
threshold=24.500000000000004 16.833333333333339 164.62500000000003 138.75000000000003 149.50000000000003 124.50000000000001 179.50000000000003 -4.2499999999999991 1.5642792899726887 179.50000000000003 -2.8333333333333326 115.50000000000001 2.5000000000000004 29.975016052638924
decision_type=2 2 2 2 2 2 2 2 2 2 2 2 2 2
left_child=1 2 3 4 5 6 8 -5 12 13 -8 -10 -1 -7
right_child=-2 -3 -4 7 -6 9 10 -9 11 -11 -12 -13 -14 -15
leaf_value=-0.005285311001592314 -0.0085604113559270764 0.010397983225580961 0.0070552163740512323 0.0029241902126507413 0.011765157656588273 0.0011795939897903387 -0.0024689787714204979 -0.021880500211875917 -0.014717577360602394 0.0015801477264355199 0.015298981065648405 0.0036508459771592769 0.0095078418811035698 -0.018408112818870347
leaf_weight=0.90620588551974846 5.3338612642255603 8.5593780177005083 10.744375915266572 1.0868135044220251 2.4563895035971646 1.1359627663186973 1.8721086969817404 5.4085506458432056 2.9862520455571944 2.8286158884002361 3.5763726509831031 0.40054709897231067 1.8651795839250551 3.0872847839564201
leaf_count=119 103 101 139 77 71 79 412 393 850 70 339 66 148 351
internal_value=-0.000653249 0.000983645 -0.00207418 -0.00616386 0.000342338 -0.00333011 0.00303961 -0.0182635 -0.00571462 -0.0107256 0.0109339 -0.0116638 0.00438235 -0.0153562
internal_weight=52.2479 46.914 38.3547 27.6103 21.1149 18.6585 11.6067 6.49536 6.15818 7.05186 5.44848 3.3868 2.77139 4.22325
internal_count=3318 3215 3114 2975 2505 2434 1934 470 1183 500 751 916 267 430
is_linear=0
shrinkage=0.05


Tree=274
num_leaves=15
num_cat=0
split_feature=12 28 29 7 8 19 27 5 5 8 19 28 20 26
split_gain=0.312411 0.511566 0.65705 0.473778 0.96968 0.469297 0.444632 0.354759 0.315725 0.333706 0.268231 0.250773 0.231418 0.200728
threshold=151.50000000000003 -0.10416666666666664 -1.4999999999999998 168.50000000000003 113.50000000000001 10.120486274098448 55.803847917665664 22.500000000000004 24.500000000000004 169.50000000000003 1.5954480704561667 -0.60416666666666663 -2.4999999999999996 175.50000000000003
decision_type=2 2 2 2 2 2 2 2 2 2 2 2 2 2
left_child=1 2 11 4 -2 10 13 -4 -9 12 -3 -1 -10 -7
right_child=3 5 7 -5 -6 6 -8 8 9 -11 -12 -13 -14 -15
leaf_value=0.0014326140598783562 -0.010096837439956057 0.0043708738789543077 -0.0067020086473040504 -0.014408778767327254 0.010247476725953683 0.0001604575560947845 -0.0035739124908405109 0.014815869299671972 0.0035159894148942585 0.0071840996304838763 -0.011188469479907502 -0.017156817911875007 -0.012066145605954592 0.014226096340769909
leaf_weight=1.398216837980726 6.4554082207760093 1.2432642715575668 1.7763696329566281 3.7685891278088084 6.9910217139404267 3.1150615659789791 3.374042550341982 2.0346521651663352 0.93694869449973373 2.1245049089193344 1.6526294712675733 3.3905109720071769 1.7334430331975452 12.044612159239476
leaf_count=162 158 161 470 90 222 257 210 88 86 27 488 208 146 545
internal_value=-0.000659031 0.00204749 -0.00463006 -0.0053626 0.000391096 0.00630763 0.00908706 0.00364693 0.00803371 -0.000938172 -0.00597073 -0.0137697 -0.00787084 0.0120925
internal_weight=52.0393 34.8243 13.3946 17.215 13.4464 21.4296 18.5337 8.60592 6.82955 4.7949 2.89589 4.78873 2.67039 15.1597
internal_count=3318 2848 1187 470 380 1661 1012 817 347 259 649 370 232 802
is_linear=0
shrinkage=0.05


Tree=275
num_leaves=15
num_cat=0
split_feature=19 19 30 30 4 27 25 24 31 3 20 31 15 16
split_gain=0.301391 0.534771 0.60132 0.88514 0.651964 0.528597 0.445169 0.409561 0.444715 0.40296 0.388414 0.32391 0.292442 0.250111
threshold=34.777539773928289 31.570858364902183 124.50000000000001 177.50000000000003 176.50000000000003 27.464517145339858 23.125000000000004 -0.58333333333333315 163.50000000000003 164.50000000000003 -10.166666666666666 28.500000000000004 20.189661796718482 -6.4999999999999991
decision_type=2 2 2 2 2 2 2 2 2 2 2 2 2 2
left_child=1 2 6 4 5 -4 -1 8 -8 13 -7 -2 -12 -9
right_child=11 -3 3 -5 -6 10 7 9 -10 -11 12 -13 -14 -15
leaf_value=-0.0073811742494060877 0.0028030365375185627 0.011298307945653155 0.00393472143125432 0.0053271833264481707 0.0039228798603106151 0.0011629811122693479 -0.011978669752490937 0.00073580820649511844 0.0073609890384815834 -0.0022151090957299798 -0.025701879075420649 -0.012887534641573259 9.085442493544372e-05 0.016596582960235112
leaf_weight=2.6562751926103401 2.8625471138802814 5.1980838056188068 0.94756927901471755 6.7111094756983212 2.5726287197321644 1.347167547821299 1.8517666678453708 3.6801899163256158 0.91057863499736402 3.9152382046449921 6.3323575136528225 3.8898371479299385 1.1780867154957375 7.8351906861425951
leaf_count=357 54 88 35 100 37 108 983 139 23 63 487 138 68 638
internal_value=-0.000712845 0.0010367 -0.00140737 -0.00696686 -0.0132474 -0.0175559 0.00404574 0.00694571 -0.00496852 0.00977254 -0.0204451 -0.00787322 -0.0232367 0.013285
internal_weight=51.8886 45.1362 39.9382 19.0889 12.3778 9.80518 20.8492 18.193 2.76235 15.4306 8.85761 6.75238 7.51044 11.5154
internal_count=3318 3126 3038 835 735 698 2203 1846 1006 840 663 192 555 777
is_linear=0
shrinkage=0.05


Tree=276
num_leaves=15
num_cat=0
split_feature=15 26 7 6 9 33 26 19 20 18 22 0 31 31
split_gain=0.307899 0.444933 0.571248 0.678207 0.784261 0.692815 0.578773 0.448676 0.305506 0.254687 0.230298 0.194258 0.137848 0.114172
threshold=21.360009363293909 173.50000000000003 174.50000000000003 166.50000000000003 81.500000000000014 49.000000000000007 198.50000000000003 1.5954480704561667 -14.499999999999998 149.50000000000003 140.50000000000003 7.5000000000000009 26.500000000000004 178.50000000000003
decision_type=2 2 2 2 2 2 2 2 2 2 2 2 2 2
left_child=1 7 3 4 5 -3 8 11 -6 10 -10 -1 -2 -7
right_child=12 2 -4 -5 6 13 -8 -9 9 -11 -12 -13 -14 -15
leaf_value=0.0083547009817039886 0.00064452630013010466 0.0082141655170302041 -0.0060234663483437227 -0.0056682909271216393 -0.0019507710164669461 -0.01521797754099186 -0.0052787516229055986 -0.013896992983907289 0.0067337198601587715 0.019771553609327964 -0.0068892805912402696 -0.0045034809167177363 -0.011907847323596505 -9.2562690038484427e-05
leaf_weight=1.972593710466753 2.3691885929147238 3.0699088969850044 8.6866838139248994 6.0809254604391745 1.1626748781491247 1.9626175292214614 1.2416954384971166 3.9021674053947208 1.9059226589015446 13.341869030402448 0.68305780140508421 0.99462944590777613 2.7373111400520429 1.5950005620252339
leaf_count=122 47 171 153 81 190 142 107 833 316 527 228 231 124 46
internal_value=-0.000711473 0.000911635 0.0031186 0.00615746 0.00950338 -0.00346418 0.0139286 -0.00778946 0.0162027 0.0176771 0.000968558 0.00392323 -0.00864642 -0.0124529
internal_weight=51.7062 46.5997 39.7304 31.0437 24.9627 6.62753 18.3352 6.86939 17.0935 15.9308 2.58898 2.96722 5.1065 3.55762
internal_count=3318 3147 1961 1808 1727 359 1368 1186 1261 1071 544 353 171 188
is_linear=0
shrinkage=0.05


Tree=277
num_leaves=15
num_cat=0
split_feature=6 7 6 7 8 14 9 12 26 12 25 25 8 22
split_gain=0.307654 1.15239 0.452931 0.727351 0.402986 0.864448 0.717292 0.788039 0.402408 0.378199 0.369205 0.341927 0.280008 0.259736
threshold=168.50000000000003 174.50000000000003 166.50000000000003 163.50000000000003 106.50000000000001 109.50000000000001 173.50000000000003 165.50000000000003 93.500000000000014 22.500000000000004 23.125000000000004 102.56250000000001 92.500000000000014 192.50000000000003
decision_type=2 2 2 2 2 2 2 2 2 2 2 2 2 2
left_child=1 2 3 4 5 8 7 13 10 11 -1 -10 -7 -6
right_child=-2 -3 -4 -5 6 12 -8 -9 9 -11 -12 -13 -14 -15
leaf_value=-0.0055375430986084797 0.0055497908809130966 -0.01918960967656895 -0.011404449100433669 0.012349483885732874 -0.022149074774362308 -0.0012146926065731791 0.009154580469086784 0.0030079755690290777 -0.0071786432652710674 -0.016945534827331476 0.011027460505259974 0.0094831473938182167 0.015365224382980014 0.0018632621122523258
leaf_weight=2.3628968487901201 9.836149853654204 3.6745006935670963 1.5741361819964357 8.433409388526341 4.5624136853330111 2.4470624093228235 1.2443801976041857 4.0113745105918497 1.2077152732381367 3.1117362085205968 1.7639790934044866 1.2830328107884268 5.6068633331160527 0.45053439799812611
leaf_count=352 114 97 32 200 992 116 25 74 328 614 37 118 207 12
internal_value=-0.000800127 -0.00273036 0.000902459 0.00274395 -0.00157515 0.00286659 -0.00768711 -0.0124453 -0.0060166 -0.011548 0.00370523 0.00200513 0.0117919 -0.0201382
internal_weight=51.5702 41.734 38.0595 36.4854 28.052 17.7833 10.2687 9.02432 9.72936 5.60248 4.12688 2.49075 8.05393 5.01295
internal_count=3318 3204 3107 3075 2875 1772 1103 1078 1449 1060 389 446 323 1004
is_linear=0
shrinkage=0.05


Tree=278
num_leaves=15
num_cat=0
split_feature=25 25 16 10 7 13 22 17 30 23 33 15 24 29
split_gain=0.302453 0.517311 0.393518 0.56923 0.496283 0.564278 0.465776 0.454115 0.539493 0.682841 0.585596 0.326739 0.319657 0.414714
threshold=138.59895833333334 136.90625000000003 -14.499999999999998 169.50000000000003 170.50000000000003 170.75000000000003 186.50000000000003 162.25000000000003 177.50000000000003 27.234056630984746 25.500000000000004 5.1961524227086517 5.7500000000000009 2.5000000000000004
decision_type=2 2 2 2 2 2 2 2 2 2 2 2 2 2
left_child=1 2 3 6 5 7 11 8 9 12 -11 -1 -4 -14
right_child=-2 -3 4 -5 -6 -7 -8 -9 -10 10 -12 -13 13 -15
leaf_value=0.0082144991201408921 0.0088590848267758905 -0.012950671541749521 -0.0066233386414189868 -0.0065820919332940766 -0.012876955164347567 0.013141858333092962 0.018806007280844292 0.0090005649683887606 0.0068048176447712732 0.0033053068412944617 -0.022527754843469673 -0.0069543045352218977 0.010201597858091098 -0.0052521881038702211
leaf_weight=1.286714261113955 2.2298372689110684 4.065312218386679 7.4867160821268213 2.344619985553436 3.9487490681931368 2.1497253198176614 3.4857783833285794 2.6445561930886461 4.1061016323510549 1.3785938558430633 4.2721116924367379 3.1783758443634724 5.3500108943553624 3.4286589749026462
leaf_count=112 60 113 1774 54 76 20 51 46 61 92 345 308 122 84
internal_value=-0.000834485 -0.00205221 0.000126327 0.00693067 -0.00250681 0.000434122 0.0119182 -0.00232906 -0.00474555 -0.00777166 -0.0176323 -0.000552843 -0.00100567 0.00445019
internal_weight=51.3559 49.126 45.0607 10.2955 34.7652 30.8165 7.95087 28.6667 26.0222 21.9161 5.65071 4.46509 16.2654 8.77867
internal_count=3318 3258 3145 525 2620 2544 471 2524 2478 2417 437 420 1980 206
is_linear=0
shrinkage=0.05


Tree=279
num_leaves=15
num_cat=0
split_feature=12 17 33 12 1 14 14 29 27 27 31 28 5 24
split_gain=0.309151 0.51754 0.533826 0.467459 0.451445 0.444448 0.653479 0.442738 0.356829 0.335512 0.32966 0.434943 0.484066 0.310081
threshold=151.50000000000003 169.95833333333334 179.50000000000003 122.50000000000001 1.5000000000000002 169.50000000000003 151.50000000000003 7.5000000000000009 33.221279308920096 32.186394780639922 191.50000000000003 -0.60416666666666663 169.50000000000003 -11.916666666666666
decision_type=2 2 2 2 2 2 2 2 2 2 2 2 2 2
left_child=1 2 3 7 8 6 -6 10 -2 -5 11 13 -13 -1
right_child=4 -3 -4 9 5 -7 -8 -9 -10 -11 -12 12 -14 -15
leaf_value=-0.0067243197602058248 0.0083165827036607784 0.012948761888120584 0.0082335002927269516 0.0018875707776622838 -0.0098704912653428262 -0.018812931642206647 0.011130577352143692 0.010306201291327465 -0.0055124877556750754 -0.016396872752969856 0.0077241793143994434 -0.014758203225360381 0.004735871393688783 0.0087516068170676014
leaf_weight=0.73312888397776976 4.6761462599388341 3.4249110678210846 6.6997386754374011 2.1358773966567233 2.7883441883896003 3.0160160642699338 2.0645032970496686 3.0821387355026664 4.3216049955808558 4.4698338467205758 0.9073373135179289 7.5252467399914185 1.6172792252618817 3.673883894211035
leaf_count=138 91 41 117 162 135 72 66 198 106 184 19 1440 22 527
internal_value=-0.000776179 0.00194525 -0.00091237 -0.00442733 -0.005486 -0.011582 0.000178346 0.000566704 0.00207799 -0.0122187 -0.00362459 -0.00626175 -0.0108546 0.0039714
internal_weight=51.136 34.2694 30.8445 24.1447 16.8666 7.86886 4.85285 17.539 8.99775 6.60571 14.4569 13.5495 9.14253 4.40701
internal_count=3318 2848 2807 2690 470 273 201 2344 197 346 2146 2127 1462 665
is_linear=0
shrinkage=0.05


Tree=280
num_leaves=15
num_cat=0
split_feature=12 17 21 33 2 1 14 14 31 17 17 9 12 26
split_gain=0.302165 0.493469 0.508753 0.513029 0.546585 0.434427 0.433176 0.633146 0.371696 0.349703 0.88483 0.415847 0.340687 0.320329
threshold=151.50000000000003 169.95833333333334 89.395833333333343 172.50000000000003 1.5000000000000002 1.5000000000000002 169.50000000000003 151.50000000000003 191.50000000000003 143.54166666666671 155.29166666666669 168.50000000000003 166.50000000000003 183.00000000000003
decision_type=2 2 2 2 2 2 2 2 2 2 2 2 2 2
left_child=1 2 3 4 -1 12 7 -7 9 -4 13 -12 -2 -11
right_child=5 -3 8 -5 -6 6 -8 -9 -10 10 11 -13 -14 -15
leaf_value=0.0089724864300451384 -0.0052785076746967299 0.012710643386386958 -0.014015256165439392 0.014662740577032539 -0.0093687090142804842 -0.0097072491748231016 -0.018557784299687054 0.01097454863387007 0.0058685407167095634 0.015123121008192079 0.0019405563681845449 -0.016575400535662855 0.0082340991713551557 -0.0022267282482201882
leaf_weight=2.130855757903193 4.4747783598868427 3.408701521344482 6.1301990071988319 3.6262499634176493 4.7425481225145631 2.7778232972486867 2.9744094438501634 2.0603544648183743 2.569000180810689 2.7427444769855338 3.342834451716044 3.1273961012484506 4.5148426958476193 2.3421817693670164
leaf_count=209 125 41 1196 61 930 135 72 66 37 120 102 62 72 90
internal_value=-0.000731769 0.00195894 -0.000843609 0.00639955 -0.00229872 -0.0053972 -0.0113954 0.000201555 -0.00512202 -0.00766011 -0.00107397 -0.0103333 0.00202532 0.0099897
internal_weight=50.9649 34.1627 30.754 10.4997 6.8734 16.8022 7.81259 4.83818 20.2544 17.6854 11.5552 6.47023 8.98962 5.08493
internal_count=3318 2848 2807 1200 1139 470 273 201 1607 1570 374 164 197 210
is_linear=0
shrinkage=0.05


Tree=281
num_leaves=15
num_cat=0
split_feature=12 28 29 7 8 19 27 5 5 33 19 28 20 9
split_gain=0.295493 0.486761 0.604928 0.420707 0.866225 0.412036 0.416459 0.33261 0.29664 0.31702 0.259179 0.227732 0.184419 0.269735
threshold=151.50000000000003 -0.10416666666666664 -1.4999999999999998 168.50000000000003 113.50000000000001 10.120486274098448 55.803847917665664 22.500000000000004 24.500000000000004 167.50000000000003 1.5954480704561667 -0.60416666666666663 24.500000000000004 75.500000000000014
decision_type=2 2 2 2 2 2 2 2 2 2 2 2 2 2
left_child=1 2 11 4 -2 10 12 -4 -9 -10 -3 -1 13 -7
right_child=3 5 7 -5 -6 6 -8 8 9 -11 -12 -13 -14 -15
leaf_value=0.0013226374734763384 -0.0097207379402371868 0.004463763921287776 -0.0065564317285271324 -0.013895087902076773 0.0096399872132320423 -0.00086034442171615015 -0.0035205298298416629 0.014286416180014742 -0.0074177310051688206 0.0073705637892604141 -0.010743284006750196 -0.016638445507839671 0.00031827501537290388 0.016326572493903901
leaf_weight=1.3680283030917051 6.2914145362010476 1.2270682925882312 1.7447328852795161 3.6145927943289271 6.8329762163339183 2.1391093510028467 3.3015392491433877 2.0211773698101752 2.9711069209115522 1.6971278724959118 1.583558623678982 3.278503530942543 3.2508248357917173 9.4434154159389418
leaf_count=162 158 161 470 90 222 119 210 88 228 31 488 208 63 620
internal_value=-0.000685977 0.00197657 -0.00459046 -0.00530805 0.000237738 0.00617204 0.00877763 0.00344794 0.0077456 -0.0010101 -0.00549673 -0.0134057 0.0117124 0.0138501
internal_weight=50.7652 34.0262 13.0807 16.739 13.1244 20.9455 18.1349 8.43415 6.68941 4.66823 2.81063 4.64653 14.8333 11.5825
internal_count=3318 2848 1187 470 380 1661 1012 817 347 259 649 370 802 739
is_linear=0
shrinkage=0.05


Tree=282
num_leaves=15
num_cat=0
split_feature=5 11 27 10 11 24 16 24 2 19 31 33 31 7
split_gain=0.288872 0.494524 0.644224 0.749723 0.421691 0.425871 0.418426 0.418347 0.406645 0.765725 0.477184 0.345248 0.292337 0.281017
threshold=174.50000000000003 126.50000000000001 33.221279308920096 148.50000000000003 105.50000000000001 -0.58333333333333315 -6.4999999999999991 -0.91666666666666663 3.5000000000000004 12.741901266299093 63.000000000000007 179.50000000000003 163.50000000000003 110.50000000000001
decision_type=2 2 2 2 2 2 2 2 2 2 2 2 2 2
left_child=1 4 3 11 5 -1 -6 -4 10 -10 -7 -3 -8 -9
right_child=-2 2 7 -5 6 8 12 13 9 -11 -12 -13 -14 -15
leaf_value=-0.011709723985002014 0.0060899818950160426 0.014803763210759161 0.0021571289728034002 -0.0098886960416312789 -0.0051767679723373379 0.012545751162110826 -0.0026016364703524081 -0.0010435532109867669 0.007084253599727159 -0.013696400779265781 -0.0054478571605374457 -0.0027011908931306649 0.017782560597977198 -0.022263923690709436
leaf_weight=2.6220648388553007 7.585576365934684 3.5933531623231847 1.9479161926574304 3.5709709599541384 0.84204656869405869 6.5673757207987382 0.78066999129441583 2.485084851679856 4.2169844600794004 4.2073546791507397 2.0462592798212427 2.2206393015221693 3.5112741745251697 4.4225980022456497
leaf_count=833 92 170 116 186 130 355 379 173 354 124 163 37 87 119
internal_value=-0.000723975 -0.00243394 -0.00773018 0.00159569 0.00210579 -0.0017571 0.0104668 -0.0146228 0.00208378 -0.00452999 0.00784026 0.00996021 0.01467 -0.0182735
internal_weight=50.6202 43.0346 18.2406 9.38496 24.794 19.66 5.13399 8.8556 17.038 8.42434 8.61364 5.81399 4.29194 6.90768
internal_count=3318 3226 801 393 2425 1829 596 408 996 478 518 207 466 292
is_linear=0
shrinkage=0.05


Tree=283
num_leaves=15
num_cat=0
split_feature=3 24 24 22 4 23 19 20 13 18 20 15 29 24
split_gain=0.290172 0.379602 0.822255 0.594375 0.635844 0.698175 0.557696 0.360804 0.542456 0.345675 0.548106 0.234139 0.335819 0.203398
threshold=174.50000000000003 7.5833333333333348 6.0833333333333348 189.50000000000003 101.50000000000001 13.073888189929056 24.429707449344871 17.500000000000004 166.12500000000003 26.500000000000004 -14.499999999999998 2.2173557826100425 -2.4999999999999996 -11.916666666666666
decision_type=2 2 2 2 2 2 2 2 2 2 2 2 2 2
left_child=1 2 3 4 9 -6 7 8 -3 11 -11 12 -1 -12
right_child=-2 6 -4 -5 5 -7 -8 -9 -10 10 13 -13 -14 -15
leaf_value=0.0046464731339029893 0.0080481911971020479 -0.013293803455320986 0.012275229939135912 0.007181685673487855 0.0047977276368184755 -0.019449310380812403 -0.014391337451976417 0.0082448657342381482 0.0059712590161780247 -0.0080302004664150623 -0.0021578559969123831 0.0038890634418161695 -0.014998651654524436 0.014579252512269707
leaf_weight=0.44776869042834766 3.2328182309865943 2.8303660387755389 6.8320944053848498 5.4108502911403766 1.7395890404732179 6.7106779939858825 6.9927042519557281 4.0490651671134401 2.8420982323586941 0.91866891233803905 0.81668586232263329 1.1748115239170145 1.979601118953733 4.4679509339693961
leaf_count=22 38 165 145 88 43 1107 138 55 39 223 74 118 596 467
internal_value=-0.000754139 -0.00206985 0.001329 -0.00342084 -0.00743177 -0.0145298 -0.00714973 0.00117788 -0.00536597 0.00152636 0.0069583 -0.00643528 -0.0106864 0.0122011
internal_weight=50.4458 47.2129 30.4987 23.6666 18.2558 8.45027 16.7142 9.72153 5.67246 9.80549 6.20331 3.60218 2.42737 5.28464
internal_count=3318 3280 2883 2738 2650 1150 397 259 204 1500 764 736 618 541
is_linear=0
shrinkage=0.05


Tree=284
num_leaves=15
num_cat=0
split_feature=6 7 6 7 8 14 9 12 26 25 12 25 8 22
split_gain=0.284547 1.06765 0.426743 0.68028 0.376579 0.829572 0.685133 0.703624 0.389055 0.348965 0.345423 0.325063 0.243741 0.241444
threshold=168.50000000000003 174.50000000000003 166.50000000000003 163.50000000000003 106.50000000000001 109.50000000000001 173.50000000000003 165.50000000000003 93.500000000000014 23.125000000000004 22.500000000000004 102.56250000000001 92.500000000000014 192.50000000000003
decision_type=2 2 2 2 2 2 2 2 2 2 2 2 2 2
left_child=1 2 3 4 5 8 7 13 9 -1 11 -10 -7 -6
right_child=-2 -3 -4 -5 6 12 -8 -9 10 -11 -12 -13 -14 -15
leaf_value=-0.0053808287920181922 0.005421480611606396 -0.018610272425001854 -0.011072206111576721 0.012069379127926945 -0.021484738946904291 -0.00095722229575869681 0.0089830921608580073 0.0026732992738528276 -0.0071160118584082596 0.010776674910285618 -0.016589077518611255 0.0091244760789691275 0.014933183958340033 0.0018040893831036339
leaf_weight=2.320955530405632 9.5752824544906598 3.5059908643597728 1.5202652286097862 8.2499697027960774 4.3804490259244613 2.392032743577146 1.2184122181497503 3.9326161773060448 1.1868704619628263 1.7328654222656039 3.0148697556651314 1.2823346685763679 5.4904200550809037 0.4375633843592367
leaf_count=352 114 97 32 200 992 116 25 74 328 37 614 118 207 12
internal_value=-0.000732392 -0.00261636 0.000920814 0.00273171 -0.00150988 0.00281363 -0.00748121 -0.0122065 -0.00594976 0.0036631 -0.0114137 0.00178027 0.0116111 -0.0195281
internal_weight=50.2409 40.6656 37.1596 35.6394 27.3894 17.4203 9.96904 8.75063 9.5379 4.05382 5.48407 2.46921 7.88245 4.81801
internal_count=3318 3204 3107 3075 2875 1772 1103 1078 1449 389 1060 446 323 1004
is_linear=0
shrinkage=0.05


Tree=285
num_leaves=15
num_cat=0
split_feature=3 11 27 27 18 9 0 0 24 24 24 31 18 32
split_gain=0.280618 0.358956 0.70982 0.741883 0.456336 0.447521 0.600458 0.421467 0.483406 0.411747 0.287272 0.373713 0.227068 0.426425
threshold=174.50000000000003 126.50000000000001 33.221279308920096 31.69788857875027 171.50000000000003 176.50000000000003 13.500000000000002 6.5000000000000009 11.583333333333334 8.0833333333333339 6.0833333333333348 176.50000000000003 26.500000000000004 80.500000000000014
decision_type=2 2 2 2 2 2 2 2 2 2 2 2 2 2
left_child=1 5 3 4 -3 6 7 -1 12 10 11 -4 -9 -14
right_child=-2 2 9 -5 -6 -7 -8 8 -10 -11 -12 -13 13 -15
leaf_value=-0.0095487981162122419 0.0078888392520727827 0.0051044870719911721 0.0044344678328727934 0.011857749546121794 -0.012925205294730478 0.011274712374634269 -0.013314038095979414 -0.0015027287001141577 -0.005385774740224945 -0.02152310335284105 0.0059394695872083333 -0.012754124753368424 0.019644982419163411 0.0016017851061168834
leaf_weight=1.1739909980679026 3.2280026376247397 2.3037932123261289 1.9175946276955054 4.9252276598708704 3.9922012636088766 4.0173111204057923 2.9985347777983398 2.7279686342517406 4.1586425839923313 2.8455886199371889 2.0956903514452279 3.3457401660270989 3.2390694396162854 7.0689953113324009
leaf_count=1022 38 178 219 94 146 56 909 139 63 56 34 111 92 161
internal_value=-0.000769604 -0.00207038 -0.00619608 0.00238866 -0.00698867 0.0018585 -0.00171418 0.00262294 0.00541792 -0.0133172 -0.00272045 -0.00738228 0.00940203 0.0118361
internal_weight=50.0384 46.8103 21.4258 11.2212 6.29599 25.3845 21.3672 18.3687 17.1947 10.2046 7.35903 5.26333 13.036 10.3081
internal_count=3318 3280 838 418 324 2442 2386 1477 455 420 364 330 392 253
is_linear=0
shrinkage=0.05


Tree=286
num_leaves=15
num_cat=0
split_feature=31 19 17 7 22 7 25 15 0 6 4 25 33 20
split_gain=0.279497 0.364036 0.769864 0.629181 0.574977 0.406708 0.479127 0.405873 0.397109 0.385788 0.548716 0.351638 0.319681 0.266497
threshold=192.50000000000003 12.421724539737948 153.66666666666671 123.50000000000001 175.50000000000003 174.50000000000003 126.67187500000001 9.9121138007997889 7.5000000000000009 106.50000000000001 65.500000000000014 134.30729166666671 176.50000000000003 -0.83333333333333315
decision_type=2 2 2 2 2 2 2 2 2 2 2 2 2 2
left_child=1 4 3 9 8 6 7 -5 13 10 -3 -8 -12 -1
right_child=-2 2 -4 5 -6 -7 11 -9 -10 -11 12 -13 -14 -15
leaf_value=-0.0054211228515581586 0.0074008518945027973 -0.010229380103105866 -0.014689206069143821 0.019176325203674752 0.012083780131483188 -0.0052305428931177303 -0.0096190188073999958 -0.0014797504617004983 -0.011409056173961795 -0.013514068095988142 -0.0040079553099783057 0.0064230665785891764 0.013795494430153111 0.0080562464297320568
leaf_weight=1.6969286503008332 4.0483596487902096 1.1080122794373943 8.024234296201028 5.0821159648694429 5.2322477544366839 2.6302785583538926 2.017209312456544 2.2323751188669121 3.0939450556033989 4.5313998200654169 1.0702437993422793 1.9669898115098474 2.7507507540285587 4.370558692076882
leaf_count=221 58 176 210 180 128 52 112 167 902 233 318 55 33 473
internal_value=-0.000776226 -0.00215611 -0.0049441 0.000397441 0.00363451 0.00633823 0.00980978 0.014831 -0.00375369 -0.00751659 0.00202588 -0.00253214 0.00936359 0.0035407
internal_weight=49.8556 45.8073 31.4136 23.3894 14.3937 13.929 11.2987 7.31449 9.16143 9.46041 4.92901 3.9842 3.82099 6.06749
internal_count=3318 3260 1536 1326 1724 566 514 347 1596 760 527 167 351 694
is_linear=0
shrinkage=0.05


Tree=287
num_leaves=15
num_cat=0
split_feature=14 24 31 24 29 21 21 12 31 7 16 15 19 27
split_gain=0.279573 0.465068 0.572406 0.473522 0.37313 0.56699 0.453027 0.530138 0.52462 0.401532 0.316881 0.283679 0.224882 0.302329
threshold=179.50000000000003 7.5833333333333348 25.500000000000004 6.7500000000000009 3.5000000000000004 149.87500000000003 92.687500000000014 165.50000000000003 193.50000000000003 24.500000000000004 45.500000000000007 4.6547466812565315 2.0816659994547542 9.5720241481755632
decision_type=2 2 2 2 2 2 2 2 2 2 2 2 2 2
left_child=1 3 -3 4 6 10 9 8 -8 12 -6 -4 13 -1
right_child=-2 2 11 -5 5 -7 7 -9 -10 -11 -12 -13 -14 -15
leaf_value=0.0024935791502481322 0.0061286042268276983 0.0033398943457311849 0.00014267417070692849 0.011352255071245708 -0.012735758065334699 0.010927243658336246 -0.019336411531271195 0.0052110083893009895 0.0041530009606214639 0.010507597938330898 0.0052659175809384225 -0.017337858443824964 0.004853970224976978 -0.014100580840038516
leaf_weight=2.4638141511968668 6.977325393818318 4.9354222922702311 2.8159308198373747 3.9006081103871102 1.5713495373129247 6.1668577347591054 5.9786293485740298 1.4237110887770539 1.087443907279521 2.6772212522992049 0.48459135636221606 6.344822905928595 0.98814027248590708 1.8590235241208573
leaf_count=298 77 99 66 73 407 116 1077 21 17 230 27 212 64 534
internal_value=-0.000779852 -0.00243288 -0.00850414 0.00137952 -0.0018413 0.00508313 -0.00567564 -0.0113814 -0.0154985 0.00243535 -0.00776788 -0.0138114 -0.00475594 -0.00837777
internal_weight=49.6749 42.6976 14.0962 28.6014 24.7008 8.2228 16.478 8.48978 7.06607 7.9882 2.05594 9.16075 5.31098 4.32284
internal_count=3318 3241 377 2864 2791 550 2241 1115 1094 1126 434 278 896 832
is_linear=0
shrinkage=0.05


Tree=288
num_leaves=15
num_cat=0
split_feature=12 17 21 33 2 1 14 14 20 24 11 16 4 8
split_gain=0.275094 0.450907 0.479428 0.483107 0.512943 0.406255 0.397516 0.585964 0.35722 0.482928 0.471849 0.394529 0.443364 0.570409
threshold=151.50000000000003 169.95833333333334 89.395833333333343 172.50000000000003 1.5000000000000002 1.5000000000000002 169.50000000000003 151.50000000000003 -2.1666666666666665 5.2500000000000009 147.50000000000003 -14.499999999999998 176.50000000000003 96.500000000000014
decision_type=2 2 2 2 2 2 2 2 2 2 2 2 2 2
left_child=1 2 3 4 -1 -2 7 -7 9 10 -4 -10 13 -13
right_child=5 -3 8 -5 -6 6 -8 -9 11 -11 -12 12 -14 -15
leaf_value=0.0086663185121976776 0.0020170275778071982 0.012201289179696175 -0.01274990736598472 0.014269962106349184 -0.0091677142744154561 -0.0094039444009066681 -0.017981068841266004 0.010572147487512165 0.0043708253996465546 0.010514144187382113 0.0063208048586759213 0.0038371294021209653 0.0038982368137290141 -0.019693378340980353
leaf_weight=2.1039076646702615 8.7367878873628815 3.2926932685077182 2.7896929350863529 3.5309713971801102 4.636187928954314 2.6968887240509494 2.8493909083190374 2.0196422170847654 1.8128299551099178 3.4281787409126991 1.6193100445234447 1.4641550336527851 1.5140025760047127 6.9839923785511928
leaf_count=209 197 41 745 61 930 135 72 66 43 79 62 97 17 564
internal_value=-0.000740738 0.00186628 -0.000858136 0.00621827 -0.00228082 -0.00523883 -0.0110862 0.000188501 -0.00507449 0.0024255 -0.00610888 -0.00930139 -0.0124186 -0.0157049
internal_weight=49.4786 33.1759 29.8832 10.2711 6.7401 16.3027 7.56592 4.71653 19.6122 7.83718 4.409 11.775 9.96215 8.44815
internal_count=3318 2848 2807 1200 1139 470 273 201 1607 886 807 721 678 661
is_linear=0
shrinkage=0.05


Tree=289
num_leaves=15
num_cat=0
split_feature=12 28 31 14 29 31 19 18 1 14 14 27 31 12
split_gain=0.273313 0.452291 0.587504 0.562912 0.54616 0.51783 0.560743 0.500215 0.390399 0.387683 0.568028 0.327061 0.296967 0.284044
threshold=151.50000000000003 -0.18749999999999997 176.50000000000003 175.50000000000003 5.5000000000000009 176.50000000000003 1.5508919199760427 26.500000000000004 1.5000000000000002 169.50000000000003 151.50000000000003 33.221279308920096 171.50000000000003 132.50000000000003
decision_type=2 2 2 2 2 2 2 2 2 2 2 2 2 2
left_child=1 2 7 4 5 6 -3 -1 11 10 -10 -2 -6 -9
right_child=8 3 -4 -5 12 -7 -8 13 9 -11 -12 -13 -14 -15
leaf_value=-0.0079267666028625186 0.007968179403892113 0.0057014503972286495 -0.011845924258975684 0.014416222669667604 0.013552769064919616 0.0056221613422190106 -0.015645011534050724 0.014596098110484368 -0.0092508906969983578 -0.017742390338526526 0.010425902315171823 -0.0053580103187985395 -0.0033022904525619257 -0.0036375217784541179
leaf_weight=1.1042854405022788 4.547153491846986 1.3193197706132211 6.251168786722701 6.0033482764847568 3.110719738790066 3.420350378844887 6.332092127064243 3.3710879294412734 2.6873981327080392 2.8115589611697942 2.0158063330454752 4.1913131735273055 1.474171385169029 0.63625768756901369
leaf_count=365 91 127 160 67 269 66 1219 495 135 72 66 106 27 53
internal_value=-0.000672012 0.00192686 -0.00488819 0.00574827 -0.000260339 -0.00584384 -0.0111657 0.00527076 -0.00516339 -0.0109123 0.000209295 0.00195264 0.00923778 0.0112889
internal_weight=49.276 33.0228 11.3628 21.66 15.6567 11.0718 7.65141 5.11163 16.2532 7.51476 4.7032 8.73847 4.58489 4.00735
internal_count=3318 2848 1073 1775 1708 1412 1346 913 470 273 201 197 296 548
is_linear=0
shrinkage=0.05


Tree=290
num_leaves=15
num_cat=0
split_feature=12 28 31 14 29 31 19 18 17 29 30 12 31 9
split_gain=0.265345 0.436073 0.553135 0.529654 0.630221 0.553412 0.500047 0.484539 0.394864 0.387907 0.478699 0.276102 0.265442 0.199682
threshold=151.50000000000003 -0.18749999999999997 176.50000000000003 179.50000000000003 5.5000000000000009 176.50000000000003 1.5508919199760427 26.500000000000004 164.62500000000003 -2.4999999999999996 178.50000000000003 132.50000000000003 171.50000000000003 164.50000000000003
decision_type=2 2 2 2 2 2 2 2 2 2 2 2 2 2
left_child=1 2 7 4 5 6 -3 -1 -8 -2 13 -9 -6 -11
right_child=9 3 -4 -5 12 -7 8 11 -10 10 -12 -13 -14 -15
leaf_value=-0.0078639099742071842 0.0030490071240285195 0.0056428031642632801 -0.01154430692850896 0.01616336113809767 0.014354555414118876 0.0062788475168671868 -0.017324649202461066 0.014300282758281966 0.0028926190693311813 -0.017945173293484554 0.0036089080994681499 -0.0036179144736769261 -0.0023592584703041996 -0.00056889770514264605
leaf_weight=1.0975906274834395 6.6377442906741662 1.3183708383876425 6.2250736664282158 3.292763663455843 3.5514789456719873 3.8230105885304502 6.561813566098861 3.3721839419231401 1.4458096353337166 4.3194550805492309 2.8189246882684529 0.63485358560865268 1.5788005590438841 2.4196440919768065
leaf_count=365 156 127 160 31 274 70 1221 495 23 212 41 53 29 61
internal_value=-0.000652419 0.00191191 -0.00478872 0.00566998 0.000714118 -0.00499242 -0.0101917 0.00508552 -0.0139656 -0.00508398 -0.00983942 0.011029 0.0105853 -0.0146059
internal_weight=49.0975 32.9017 11.3297 21.572 18.2793 13.149 9.32599 5.10463 8.00762 16.1958 9.55802 4.00704 5.13028 6.7391
internal_count=3318 2848 1073 1775 1744 1441 1371 913 1244 470 314 548 303 273
is_linear=0
shrinkage=0.05


Tree=291
num_leaves=15
num_cat=0
split_feature=15 26 21 32 33 12 0 0 0 32 15 25 0 31
split_gain=0.268317 0.398549 0.573206 0.500904 0.584373 0.473349 0.372304 0.336967 0.258794 0.207923 0.182499 0.196176 0.317941 0.173804
threshold=21.360009363293909 175.50000000000003 156.95833333333334 22.500000000000004 189.50000000000003 170.50000000000003 7.5000000000000009 15.500000000000002 6.5000000000000009 183.50000000000003 2.7537852736443775 137.14062500000003 7.5000000000000009 162.50000000000003
decision_type=2 2 2 2 2 2 2 2 2 2 2 2 2 2
left_child=1 6 3 -3 5 7 8 10 -1 -8 -5 12 -12 -9
right_child=-2 2 -4 4 -6 -7 9 13 -10 -11 11 -13 -14 -15
leaf_value=-0.0066913567587155434 -0.0080988128813486993 -0.0059390070785619899 -0.0066919703312236598 0.00061286922377126653 -0.0063255763475048828 -0.0046612844117804404 -0.015746136107478947 -0.0076022047024038256 0.0072127075848147917 0.0025090680760486549 0.00041044610573446444 0.00062617748256603943 0.020123875841256317 0.0047263004407931096
leaf_weight=0.76859165388668671 4.8277397320707669 3.5889287436584736 6.9359890230261945 2.5255154935221205 2.4711272706044829 1.8595531948958512 2.9086371304183563 0.86684904301364329 3.595270110439742 0.42934020265238348 2.5584462450642631 2.2504828516975968 12.338559437688671 0.99680344632361084
leaf_count=487 171 192 138 164 44 42 932 366 70 17 367 76 210 42
internal_value=-0.000599176 0.000963138 0.00325657 0.00623028 0.00860721 0.0110205 -0.00688974 0.0129977 0.00249848 -0.0133015 0.0146384 0.0160994 0.0176922 -0.00236875
internal_weight=48.9218 44.0941 36.3923 29.4563 25.8673 23.3962 7.70184 21.5367 4.36386 3.33798 19.673 17.1475 14.897 1.86365
internal_count=3318 3147 1641 1503 1311 1267 1506 1225 557 949 817 653 577 408
is_linear=0
shrinkage=0.05


Tree=292
num_leaves=15
num_cat=0
split_feature=31 7 9 16 26 29 9 20 11 20 20 27 32 5
split_gain=0.266872 0.364576 0.562278 0.315306 0.51366 0.462367 0.607297 0.651885 0.538567 0.419772 0.347842 0.347266 0.22894 0.258647
threshold=192.50000000000003 175.50000000000003 176.50000000000003 -10.499999999999998 185.50000000000003 -6.4999999999999991 23.500000000000004 -1.8333333333333333 159.50000000000003 15.500000000000002 -14.499999999999998 1.647216490449581 170.50000000000003 22.500000000000004
decision_type=2 2 2 2 2 2 2 2 2 2 2 2 2 2
left_child=1 2 3 10 5 -5 11 -8 -9 -6 -1 -7 13 -13
right_child=-2 -3 -4 4 9 6 7 8 -10 -11 -12 12 -14 -15
leaf_value=-0.0062006240356537491 0.0073112956801673831 -0.0099012577389955888 0.01142832145257754 0.010169575246518629 -0.017139133302450843 -0.0067638634796448344 0.0065167077250581741 -0.018266398675740092 0.0027343666012029262 0.003477939890071253 0.010080972713037113 -0.0020763204254298762 -0.0030665801704020386 0.015204393238142395
leaf_weight=1.0007567789725724 3.9891307153739026 6.4362586943898341 4.0826881946995845 3.2197081133417695 5.0089295318393843 0.70840524358210188 2.0923554602122776 7.1589451530635362 2.521021507360274 1.3466337140998801 4.5012035644249364 1.4207134525204308 1.09576495627698 4.2008773399720667
leaf_count=211 58 123 51 117 420 209 314 695 80 26 388 380 24 222
internal_value=-0.000689365 -0.00206447 0.000240665 -0.0023772 -0.00449876 -8.9974e-05 -0.00355639 -0.00926026 -0.0137286 -0.0131628 0.00557733 0.00557377 0.00920593 0.0119156
internal_weight=48.7834 44.7943 38.358 34.2753 28.7734 22.4178 19.1981 11.7723 9.67997 6.35556 5.50196 7.42576 6.71736 5.62159
internal_count=3318 3260 3137 3086 2487 2041 1924 1089 775 446 599 835 626 602
is_linear=0
shrinkage=0.05


Tree=293
num_leaves=15
num_cat=0
split_feature=20 20 13 13 14 30 26 24 19 22 20 6 2 20
split_gain=0.25877 0.545324 0.611835 0.88942 0.42571 0.439513 0.506144 0.407181 0.307683 0.270552 0.269286 0.237757 0.230153 0.213358
threshold=24.500000000000004 16.833333333333339 164.62500000000003 138.75000000000003 149.50000000000003 120.50000000000001 179.50000000000003 -4.2499999999999991 1.5642792899726887 179.50000000000003 -2.8333333333333326 115.50000000000001 2.5000000000000004 -6.4999999999999991
decision_type=2 2 2 2 2 2 2 2 2 2 2 2 2 2
left_child=1 2 3 4 5 6 8 -5 12 -7 -8 -10 -1 -9
right_child=-2 -3 -4 7 -6 9 10 13 11 -11 -12 -13 -14 -15
leaf_value=-0.0051321383375686411 -0.0079188163446403306 0.0097601353270182038 0.0065465762273990494 0.0027155138147187986 0.010846370089417376 -0.014180102470748341 -0.0022161515910447539 0.00017183148091141735 -0.013804001218131925 0.0015352266249141228 0.014583418857871691 0.0035454721984143215 0.0089610122888591597 -0.023127627097570547
leaf_weight=0.85786934453063635 5.0083402749150983 8.0043323887803108 9.9385251831263286 0.99685246889566759 2.2637455877847961 4.0775911754099061 1.7253048653365111 1.0215322299482066 2.7457734514209737 2.6488842270337045 3.2167771534077474 0.38258475181646634 1.7798685297020709 3.9402946416303157
leaf_count=116 103 101 139 77 71 500 387 43 834 78 315 57 147 350
internal_value=-0.000641674 0.000922947 -0.00202162 -0.005867 0.000388021 -0.00308459 0.00304151 -0.0172875 -0.00530812 -0.00997558 0.0105536 -0.0108065 0.00401835 -0.0206521
internal_weight=48.6083 43.5999 35.5956 25.6571 19.6984 17.4347 10.7082 5.95868 5.7661 6.72648 4.94208 3.12836 2.63774 4.96183
internal_count=3318 3215 3114 2975 2505 2434 1856 470 1154 578 702 891 263 393
is_linear=0
shrinkage=0.05


Tree=294
num_leaves=15
num_cat=0
split_feature=12 28 31 14 29 31 33 18 1 18 15 27 17 32
split_gain=0.256696 0.443645 0.518395 0.489682 0.59359 0.516415 0.48434 0.461573 0.38474 0.375064 0.335353 0.311528 0.309025 0.263523
threshold=151.50000000000003 -0.18749999999999997 176.50000000000003 179.50000000000003 5.5000000000000009 176.50000000000003 183.50000000000003 26.500000000000004 1.5000000000000002 171.50000000000003 1.8929694486032145 33.221279308920096 162.25000000000003 124.50000000000001
decision_type=2 2 2 2 2 2 2 2 2 2 2 2 2 2
left_child=1 2 7 4 5 6 10 -1 11 -10 -3 -2 -12 -9
right_child=8 3 -4 -5 -6 -7 -8 13 9 -11 12 -13 -14 -15
leaf_value=-0.0077786018303861951 0.0079149285917429115 0.0021554945705310326 -0.011408569622191597 0.015815152646323542 0.01041145755224932 0.0061258803153898499 0.0046058679852931063 0.014169168757255143 0.0017266432715089637 -0.015941044994767044 -0.020917845915179412 -0.0051603219085539316 0.00092215157964300283 -0.0031451658344401746
leaf_weight=1.0853624033843496 4.464310085604664 1.4813602288850285 6.1558135177474469 3.2534022592008105 5.0760832776941234 3.7684456584975115 2.0344848127570003 3.0511289172100082 3.1354375257506026 4.2426249125855975 4.1577844096209446 4.1228581103860051 1.4732180209830401 0.91787116751584097
leaf_count=365 91 361 160 31 303 70 28 454 141 132 956 106 26 94
internal_value=-0.000649032 0.0018899 -0.00488226 0.0057127 0.000843785 -0.00477285 -0.00984116 0.00478693 -0.00503012 -0.0107683 -0.0141691 0.00204844 -0.0174576 0.0106439
internal_weight=48.4202 32.455 11.2102 21.2448 17.9914 12.9153 9.14685 5.05436 15.9652 7.37806 7.11236 8.58717 5.631 3.969
internal_count=3318 2848 1073 1775 1744 1441 1371 913 470 273 1343 197 982 548
is_linear=0
shrinkage=0.05


Tree=295
num_leaves=15
num_cat=0
split_feature=18 5 17 14 24 5 14 8 18 11 5 20 21 32
split_gain=0.255281 0.52092 0.368209 0.588681 0.508933 0.516008 0.512682 0.488562 0.958002 0.468918 0.361656 0.254956 0.274053 0.179442
threshold=191.50000000000003 172.50000000000003 169.95833333333334 170.50000000000003 2.2500000000000004 25.500000000000004 109.50000000000001 106.50000000000001 161.50000000000003 176.50000000000003 22.500000000000004 12.833333333333334 146.93750000000003 187.50000000000003
decision_type=2 2 2 2 2 2 2 2 2 2 2 2 2 2
left_child=1 2 3 4 5 10 -6 -8 -9 13 -1 12 -10 -7
right_child=-2 -3 -4 -5 6 9 7 8 11 -11 -12 -13 -14 -15
leaf_value=-0.0061420727623787662 -0.0086178401565058706 0.0099750144350743593 0.009665826827641541 -0.012904263318461144 -0.0073886025939782253 -0.019940918532521171 0.015308982233962876 -0.013592475885744174 -0.0076605953937478408 0.0044078065209112874 0.0090129822735358182 0.013793302127637587 0.0065208529708553264 0.0015514230603088737
leaf_weight=2.6525451200577681 3.4452447900548568 6.9301957458374082 1.333471044898032 6.6766077917127395 2.7369263026630533 3.5709361900044319 6.3054349655576543 2.815107087037175 1.8437006437743551 0.87176522240042675 3.588822389167035 3.3120875918539241 1.8348112507155745 0.3288354044780134
leaf_count=772 46 110 21 140 143 1313 167 117 82 11 259 48 82 7
internal_value=-0.000621912 0.000796469 -0.00185064 -0.00338385 0.000290326 -0.00664183 0.00488409 0.0082251 3.82595e-05 -0.0139961 0.00270505 0.0089064 -0.000905457 -0.0182752
internal_weight=48.2465 44.8012 37.8711 36.5376 29.861 11.0129 18.8481 16.1111 9.80571 4.77154 6.24137 6.9906 3.67851 3.89977
internal_count=3318 3272 3162 3141 3001 2362 639 496 329 1331 1031 212 164 1320
is_linear=0
shrinkage=0.05


Tree=296
num_leaves=15
num_cat=0
split_feature=20 20 13 13 14 30 26 24 19 21 20 20 6 2
split_gain=0.252906 0.506491 0.520497 0.823399 0.405501 0.430895 0.476944 0.388095 0.285959 0.265683 0.257487 0.237464 0.228456 0.219872
threshold=24.500000000000004 15.500000000000002 164.62500000000003 138.75000000000003 149.50000000000003 120.50000000000001 179.50000000000003 -4.2499999999999991 1.5642792899726887 149.87500000000003 -2.8333333333333326 -7.1666666666666652 115.50000000000001 2.5000000000000004
decision_type=2 2 2 2 2 2 2 2 2 2 2 2 2 2
left_child=1 2 3 4 5 6 8 -5 13 -7 -8 -9 -10 -1
right_child=-2 -3 -4 7 -6 9 10 11 12 -11 -12 -13 -14 -15
leaf_value=-0.0050366547729652159 -0.0078316243843083357 0.009374161230600378 0.0060083042781580416 0.0027278150795007196 0.010682925468245702 -0.01335190012214804 -0.0021506483244516121 0.00059913501074481659 -0.013395458615891044 0.0023906347281711922 0.014343712632615524 -0.02260404972922727 0.0035237944207537567 0.0087426077250383483
leaf_weight=0.8470480229589249 4.9572687960753674 8.1447891263378533 9.7519791116937977 0.98567191181064107 2.2440534812558317 4.7766381293258737 1.7125479455062302 0.97195931235910382 2.6799822515422425 1.8706988395715596 3.1762531923232018 3.7911552798977928 0.37999685153772578 1.7699694547045508
leaf_count=116 103 129 136 77 71 534 387 39 831 43 307 341 57 147
internal_value=-0.000621922 0.000935132 -0.00195803 -0.00552451 0.000488059 -0.00294651 0.0031261 -0.0166354 -0.00507458 -0.00979721 0.0103998 -0.0199872 -0.0104118 0.0039041
internal_weight=48.06 43.1027 34.958 25.206 19.4572 17.2131 10.5658 5.74879 5.677 6.64734 4.8888 4.76311 3.05998 2.61702
internal_count=3318 3215 3086 2950 2493 2422 1845 457 1151 577 694 380 888 263
is_linear=0
shrinkage=0.05


Tree=297
num_leaves=15
num_cat=0
split_feature=12 28 31 14 29 31 33 18 7 8 15 17 12 31
split_gain=0.252086 0.428459 0.490063 0.456732 0.568024 0.480938 0.458285 0.441026 0.36608 0.772995 0.320353 0.295252 0.255578 0.252558
threshold=151.50000000000003 -0.18749999999999997 176.50000000000003 179.50000000000003 5.5000000000000009 176.50000000000003 183.50000000000003 26.500000000000004 168.50000000000003 113.50000000000001 1.8929694486032145 162.25000000000003 132.50000000000003 171.50000000000003
decision_type=2 2 2 2 2 2 2 2 2 2 2 2 2 2
left_child=1 2 7 4 5 6 10 -1 9 -2 -3 -12 -9 -6
right_child=8 3 -4 -5 13 -7 -8 12 -10 -11 11 -13 -14 -15
leaf_value=-0.0076389605450738543 -0.0092527562164827111 0.0021317811021156394 -0.011152209190606463 0.015444376921387285 0.013939251600950676 0.0059147415087452727 0.0044946591472198533 0.013563192033089162 -0.013077868194345449 0.0093230883509363358 -0.02045516596670514 0.00091056200558183433 -0.0035680896010847258 -0.0023477164171920827
leaf_weight=1.069685434908022 5.9427077750442532 1.47138639594778 6.0723594904411584 3.2202169820666304 3.4976022048358564 3.7167313233949235 2.0218929433031008 3.3273696218748232 3.3578188784886143 6.47652164658939 4.0541768481198233 1.4686193594243375 0.61959209228371026 1.5597618133760986
leaf_count=365 158 361 160 31 274 70 28 495 90 222 956 26 53 29
internal_value=-0.000622277 0.0019044 -0.00478295 0.00567485 0.000906046 -0.0046468 -0.00955746 0.00464511 -0.00498416 0.000329889 -0.0137999 -0.0170406 0.0103828 0.0102462
internal_weight=47.8764 32.0994 11.089 21.0104 17.7902 12.7328 9.01608 5.01665 15.777 12.4192 6.99418 5.5228 3.94696 5.05736
internal_count=3318 2848 1073 1775 1744 1441 1371 913 470 380 1343 982 548 303
is_linear=0
shrinkage=0.05


Tree=298
num_leaves=15
num_cat=0
split_feature=15 26 21 32 12 19 27 33 32 32 10 20 31 2
split_gain=0.253114 0.360195 0.527154 0.479982 0.431623 0.35432 0.297964 0.290013 0.417101 0.650123 0.597101 0.435026 0.333549 0.188374
threshold=21.360009363293909 173.50000000000003 156.95833333333334 22.500000000000004 169.50000000000003 1.5954480704561667 32.69076100770895 189.50000000000003 162.50000000000003 26.500000000000004 129.50000000000003 1.8333333333333337 193.50000000000003 2.5000000000000004
decision_type=2 2 2 2 2 2 2 2 2 2 2 2 2 2
left_child=1 5 3 6 7 13 -3 8 9 -5 12 -12 -11 -1
right_child=-2 2 -4 4 -6 -7 -8 -9 -10 10 11 -13 -14 -15
leaf_value=-0.0046329730268330396 -0.0079171129946047081 0.0048928210450951085 -0.0065907607893258965 0.014986973759733863 -0.0045409138985280035 -0.012571653774839707 -0.011098832673588205 -0.0025136676365956684 0.018565063434914958 -0.013903893262826648 0.01264563031736117 -0.0058082984582426373 0.0043823973761897691 0.00801424337902675
leaf_weight=0.93077715448453036 4.7205622539186143 1.1799616121643368 6.7864830530015743 2.7961474398689559 2.9709346619201815 3.5668307164196449 2.3714749993450823 2.259485130198299 7.8823545387858749 4.9099488665451627 3.1984659149093204 1.5335516645209279 0.73568307445384551 1.8651629765518007
leaf_count=145 171 39 138 127 67 833 184 38 177 873 237 62 19 208
internal_value=-0.000602207 0.000942287 0.00301205 0.0058286 0.00813877 -0.00705438 -0.00603142 0.010271 0.011862 0.00384707 -0.0030515 0.00675358 -0.0105819 0.00353286
internal_weight=47.7078 42.9873 36.6245 29.838 26.2866 6.36277 3.55144 23.3156 21.0562 13.1738 10.3776 4.73202 5.64563 2.79594
internal_count=3318 3147 1961 1823 1600 1186 223 1533 1495 1318 1191 299 892 353
is_linear=0
shrinkage=0.05


Tree=299
num_leaves=15
num_cat=0
split_feature=12 28 29 1 14 14 19 27 5 27 5 8 19 11
split_gain=0.254399 0.425242 0.533314 0.367129 0.358366 0.514544 0.355218 0.414636 0.299668 0.297977 0.231829 0.277697 0.213 0.193797
threshold=151.50000000000003 -0.10416666666666664 -1.4999999999999998 1.5000000000000002 169.50000000000003 151.50000000000003 10.120486274098448 55.803847917665664 22.500000000000004 33.221279308920096 24.500000000000004 169.50000000000003 1.5954480704561667 136.50000000000003
decision_type=2 2 2 2 2 2 2 2 2 2 2 2 2 2
left_child=1 2 -1 9 5 -5 12 13 -4 -2 -10 -12 -3 -8
right_child=3 6 8 4 -6 -7 7 -9 10 -11 11 -13 -14 -15
leaf_value=-0.012727133318689847 0.0077450091621574808 0.0040325530047423822 -0.0062130282486295915 -0.0088335210047572246 -0.017199282101492696 0.0099997831024898828 0.013204158681758303 -0.0038209899300322911 0.013219567175728662 -0.0050855703280932966 -0.0072046619727799176 0.0067384905430770406 -0.0099148377401887533 -0.001088575353961388
leaf_weight=4.3358271687866363 4.3924645057704748 1.1589695240982139 1.6481806347510444 2.5930219404908703 2.6948252227739431 1.9449031057738464 11.972645080382792 3.1152693112744592 1.9509265942615455 4.0617221664724639 2.4224151752096077 1.9157683458179233 1.4218395569077982 1.9190459291639843
leaf_count=370 91 161 470 135 72 66 735 210 88 106 232 27 488 67
internal_value=-0.00060299 0.0019431 -0.00434835 -0.00499399 -0.0106248 0.000248944 0.00596777 0.0084323 0.00337851 0.00198159 0.00753063 -0.000736134 -0.00512282 0.0114642
internal_weight=47.5478 31.8609 12.2731 15.6869 7.23275 4.53793 19.5878 17.007 7.93729 8.45419 6.28911 4.33818 2.58081 13.8917
internal_count=3318 2848 1187 470 273 201 1661 1012 817 197 347 259 649 802
is_linear=0
shrinkage=0.05


end of trees

feature_importances:
day_ready_max=221
hour=205
std24=201
slope6=196
slope3=167
std3=161
lag4=159
mean1=149
std1=149
mean24=149
week_ready_max=144
lag6=140
lag2=137
mean6=134
max24=132
week=130
slope24=120
lag5=110
max3=109
rise15=109
day_early_max=109
std6=106
max6=99
max1=95
slope1=94
day=87
mean3=77
lag0=70
lag3=68
lag7=68
lag1=60
week_early_max=50
month=44
dow=30
threshold_headroom=16

parameters:
[boosting: gbdt]
[objective: binary]
[metric: binary_logloss]
[tree_learner: serial]
[device_type: cpu]
[data_sample_strategy: bagging]
[data: ]
[valid: ]
[num_iterations: 300]
[learning_rate: 0.05]
[num_leaves: 15]
[num_threads: 2]
[seed: 42]
[deterministic: 0]
[force_col_wise: 0]
[force_row_wise: 0]
[histogram_pool_size: -1]
[max_depth: -1]
[min_data_in_leaf: 80]
[min_sum_hessian_in_leaf: 0.001]
[bagging_fraction: 1]
[pos_bagging_fraction: 1]
[neg_bagging_fraction: 1]
[bagging_freq: 0]
[bagging_seed: 400]
[bagging_by_query: 0]
[feature_fraction: 1]
[feature_fraction_bynode: 1]
[feature_fraction_seed: 30056]
[extra_trees: 0]
[extra_seed: 12879]
[early_stopping_round: 0]
[early_stopping_min_delta: 0]
[first_metric_only: 0]
[max_delta_step: 0]
[lambda_l1: 0]
[lambda_l2: 5]
[linear_lambda: 0]
[min_gain_to_split: 0]
[drop_rate: 0.1]
[max_drop: 50]
[skip_drop: 0.5]
[xgboost_dart_mode: 0]
[uniform_drop: 0]
[drop_seed: 17869]
[top_rate: 0.2]
[other_rate: 0.1]
[min_data_per_group: 100]
[max_cat_threshold: 32]
[cat_l2: 10]
[cat_smooth: 10]
[max_cat_to_onehot: 4]
[top_k: 20]
[monotone_constraints: ]
[monotone_constraints_method: basic]
[monotone_penalty: 0]
[feature_contri: ]
[forcedsplits_filename: ]
[refit_decay_rate: 0.9]
[cegb_tradeoff: 1]
[cegb_penalty_split: 0]
[cegb_penalty_feature_lazy: ]
[cegb_penalty_feature_coupled: ]
[path_smooth: 0]
[interaction_constraints: ]
[verbosity: -1]
[saved_feature_importance_type: 0]
[use_quantized_grad: 0]
[num_grad_quant_bins: 4]
[quant_train_renew_leaf: 0]
[stochastic_rounding: 1]
[linear_tree: 0]
[max_bin: 255]
[max_bin_by_feature: ]
[min_data_in_bin: 3]
[bin_construct_sample_cnt: 200000]
[data_random_seed: 175]
[is_enable_sparse: 1]
[enable_bundle: 1]
[use_missing: 1]
[zero_as_missing: 0]
[feature_pre_filter: 1]
[pre_partition: 0]
[two_round: 0]
[header: 0]
[label_column: ]
[weight_column: ]
[group_column: ]
[ignore_column: ]
[categorical_feature: ]
[forcedbins_filename: ]
[precise_float_parser: 0]
[parser_config_file: ]
[objective_seed: 16083]
[num_class: 1]
[is_unbalance: 0]
[scale_pos_weight: 1]
[sigmoid: 1]
[boost_from_average: 1]
[reg_sqrt: 0]
[alpha: 0.9]
[fair_c: 1]
[poisson_max_delta_step: 0.7]
[tweedie_variance_power: 1.5]
[lambdarank_truncation_level: 30]
[lambdarank_norm: 1]
[label_gain: ]
[lambdarank_position_bias_regularization: 0]
[eval_at: ]
[multi_error_top_k: 1]
[auc_mu_weights: ]
[num_machines: 1]
[local_listen_port: 12400]
[time_out: 120]
[machine_list_filename: ]
[machines: ]
[gpu_platform_id: -1]
[gpu_device_id: -1]
[gpu_device_id_list: ]
[gpu_use_dp: 0]
[num_gpu: 1]

end of parameters

pandas_categorical:[]
