tree
version=v4
num_class=1
num_tree_per_iteration=1
label_index=0
max_feature_idx=17
objective=binary sigmoid:1
feature_names=hour dow month lag0 lag1 lag2 lag3 lag4 lag5 lag6 lag7 day week day_early_max day_window_max week_early_max week_window_max threshold_headroom
feature_infos=[0:23] [0:6] [1:6] [19:178] [19:196] [19:202] [19:188] [19:200] [19:207] [19:222] [19:192] [19:192] [19:190] [19:222] [20:222] [19:222] [20:222] [0:0.8932584269662921]
tree_sizes=1350 1285 1287 1398 1186 1392 1178 1392 1500 1189 1496 1498 1394 1501 1399 1395 1391 1502 1402 1497 1398 1499 1504 1497 1495 1504 1600 1711 1618 1609 1614 1606 1496 1506 1710 1716 1605 1716 1508 1396 1401 1723 1725 1610 1615 1617 1721 1722 1721 1721 1718 1716 1616 1719 1718 1613 1719 1715 1729 1717 1726 1726 1620 1711 1716 1718 1619 1726 1717 1721 1726 1723 1717 1723 1713 1721 1716 1619 1732 1726 1615 1715 1714 1727 1724 1732 1726 1724 1737 1716 1728 1734 1718 1724 1717 1722 1724 1721 1726 1726 1733 1721 1723 1729 1726 1718 1720 1721 1715 1727 1728 1725 1725 1727 1723 1719 1726 1724 1729 1723 1722 1723 1722 1729 1726 1727 1729 1730 1725 1733 1729 1726 1722 1730 1728 1723 1727 1723 1737 1732 1732 1730 1722 1736 1728 1742 1732 1729 1728 1732 1726 1724 1729 1732 1730 1729 1742 1729 1739 1724 1638 1735 1734 1728 1738 1736 1736 1747 1733 1732 1728 1730 1736 1740 1735 1731 1733 1732 1747 1735 1732 1738 1731 1732 1729 1738 1739 1727 1739 1739 1735 1737 1737 1745 1744 1731 1739 1741 1742 1735 1745 1737 1735 1739 1741 1745 1731 1745 1743 1748 1736 1736 1739 1635 1739 1740 1742 1747 1739 1746 1749 1745 1741 1745 1742 1744 1742 1743 1741 1740 1743 1738 1743 1742 1737 1739 1751 1745 1747 1741 1743 1738 1746 1739 1747 1732 1742 1744 1747 1744 1750 1741 1746 1752 1753 1742 1747 1751 1744 1748 1741 1757 1744 1753 1750 1745 1750 1745 1755 1741 1745 1755 1753 1753 1749 1756 1743 1746 1758 1749 1740 1743 1747 1746 1749 1741 1750 1753 1751 1757 1753 1743 1744 1750 1758 1752 1752 1752 1754 1754

Tree=0
num_leaves=12
num_cat=0
split_feature=16 0 14 2 14 14 3 7 8 5 5
split_gain=618.985 116.977 55.7063 49.0296 32.8608 21.1878 17.7162 15.1849 3.46329 1.16399 0.13749
threshold=157.50000000000003 15.500000000000002 178.50000000000003 3.5000000000000004 172.50000000000003 96.500000000000014 94.500000000000014 162.50000000000003 161.50000000000003 158.50000000000003 155.50000000000003
decision_type=2 2 2 2 2 2 2 2 2 2 2
left_child=4 2 3 8 9 -5 -6 -3 -2 -1 -7
right_child=1 7 -4 5 6 10 -8 -9 -10 -11 -12
leaf_value=-2.3395106358838755 -2.2185861797338449 -2.3232858169744937 -2.0715166863650829 -2.2099577627078557 -2.3101954196965955 -2.299260032265789 -2.2272008259718796 -2.2467897888563173 -2.1008331669387399 -2.3016859960538993 -2.288859863382668
leaf_weight=181.01264418661594 10.962855473160745 9.4565089195966738 19.833562955260277 8.0338482856750506 9.7912525981664675 7.1969890892505628 6.9459313303232184 6.7785594910383216 7.1133031696081153 6.6948735713958731 6.694873571395874
leaf_count=2163 131 113 237 96 117 86 83 81 85 80 80
internal_value=-2.28726 -2.16995 -2.13989 -2.194 -2.33266 -2.25597 -2.26986 -2.28934 -2.1419 -2.33857 -2.296
internal_weight=280.515 76.0705 59.8354 40.0019 204.445 21.9257 16.7372 16.2351 18.0762 187.708 13.8919
internal_count=3352 909 715 478 2443 262 200 194 216 2243 166
is_linear=0
shrinkage=1


Tree=1
num_leaves=11
num_cat=0
split_feature=16 0 3 14 14 2 3 7 14 5
split_gain=546.802 92.2633 37.6997 31.9921 29.2154 37.1352 16.2421 14.2676 13.9316 1.1755
threshold=157.50000000000003 15.500000000000002 85.500000000000014 172.50000000000003 178.50000000000003 3.5000000000000004 94.500000000000014 162.50000000000003 159.50000000000003 158.50000000000003
decision_type=2 2 2 2 2 2 2 2 2 2
left_child=3 2 -2 9 5 -4 -5 -3 -7 -1
right_child=1 7 4 6 -6 8 -8 -9 -10 -11
leaf_value=-0.051881339962559628 0.019482775300864369 -0.035542463761394361 0.13866261169130817 -0.022461650886911509 0.19521995503677725 0.068673961838926406 0.056625410436133741 0.038543050848108967 -0.0054889591606230043 -0.014112220115978414
leaf_weight=173.42108186334372 8.6887504979968053 9.181679882109167 16.749426074326038 9.6093547046184558 21.365724764764309 7.3065876215696361 7.2924074679613105 7.0050627887248984 11.6526563167572 6.6164350509643546
leaf_count=2163 96 113 181 117 215 83 83 81 140 80
internal_value=0.000314534 0.105141 0.129776 -0.0448291 0.143645 0.0925987 0.0167983 -0.00195122 0.0314591 -0.0509122
internal_weight=278.889 81.9499 65.7631 196.939 57.0744 35.7087 16.9018 16.1867 18.9592 180.038
internal_count=3352 909 715 2443 619 404 200 194 223 2243
is_linear=0
shrinkage=0.05


Tree=2
num_leaves=11
num_cat=0
split_feature=16 0 14 14 13 3 5 17 3 4
split_gain=484.052 73.4982 31.1303 29.8428 38.878 24.5406 16.2389 15.1033 13.9074 1.22794
threshold=157.50000000000003 15.500000000000002 172.50000000000003 189.50000000000003 101.50000000000001 167.50000000000003 124.50000000000001 0.41853932584269665 158.50000000000003 159.50000000000003
decision_type=2 2 2 2 2 2 2 2 2 2
left_child=2 3 9 4 -2 6 -6 -4 -3 -1
right_child=1 8 7 -5 5 -7 -8 -9 -10 -11
leaf_value=-0.051523969676053688 0.13972921750961237 -0.03536448450331052 0.055982273741362824 0.19310240372951984 0.047854105364787569 0.099906160456852161 -0.017583298630497093 -0.020332449090562581 0.037787068470971394 -0.0136330569245534
leaf_weight=166.15861782431602 20.675192378461361 9.0368638113141078 6.8950066342949894 10.308596849441527 15.457260869443418 11.168958105146883 13.95803092420101 10.169183120131491 7.1055968999862662 6.5082655847072592
leaf_count=2162 212 111 75 90 158 108 147 125 83 81
internal_value=0.000522396 0.0945495 -0.0442568 0.114992 0.0882678 0.0496004 0.0187597 0.0162019 -0.00184328 -0.0505196
internal_weight=277.442 87.7105 189.731 71.568 61.2594 40.5842 29.4153 17.0642 16.1425 172.667
internal_count=3352 909 2443 715 625 413 305 200 194 2243
is_linear=0
shrinkage=0.05


Tree=3
num_leaves=12
num_cat=0
split_feature=16 9 0 14 14 16 17 5 14 6 13
split_gain=433.672 62.4935 73.9897 30.3164 18.832 37.6149 13.8718 8.33319 8.04704 1.47226 1.00958
threshold=157.50000000000003 176.50000000000003 14.500000000000002 172.50000000000003 178.50000000000003 181.50000000000003 0.41853932584269665 159.50000000000003 142.50000000000003 155.50000000000003 158.50000000000003
decision_type=2 2 2 2 2 2 2 2 2 2 2
left_child=3 2 4 9 5 8 -5 -4 -2 -1 -10
right_child=1 -3 7 6 -6 -7 -8 -9 10 -11 -12
leaf_value=-0.051181842274740909 0.039614049017541182 0.17589389776097697 -0.039176017296633135 0.052935880016350328 0.12370636576081512 0.10639321919240428 -0.019877642612244617 0.016969880250509786 0.0020698693551946179 -0.012148383528353263 -0.019595779905577662
leaf_weight=159.45276018232107 7.7975475788116482 12.926579818129538 12.258879400789739 7.2067597880959537 22.956975668668747 13.911798268556593 10.000489033758639 7.0693834573030463 7.5784630700945845 6.1352862045168868 8.2820661216974241
leaf_count=2164 74 114 147 75 187 136 125 77 81 79 93
internal_value=0.000787153 0.0861626 0.0621289 -0.0436873 0.0876476 0.0536721 0.0156706 -0.0193733 0.00951655 -0.0501341 -0.0112287
internal_weight=275.577 92.7817 79.8551 182.795 60.5269 37.5699 17.2072 19.3283 23.6581 165.588 15.8605
internal_count=3352 909 795 2443 571 384 200 224 248 2243 174
is_linear=0
shrinkage=0.05


Tree=4
num_leaves=10
num_cat=0
split_feature=16 7 0 4 14 3 2 9 6
split_gain=389.729 52.7309 77.1001 34.5121 29.5081 12.761 7.50999 3.13411 1.47635
threshold=157.50000000000003 167.50000000000003 9.5000000000000018 163.50000000000003 172.50000000000003 94.500000000000014 3.5000000000000004 161.50000000000003 155.50000000000003
decision_type=2 2 2 2 2 2 2 2 2
left_child=4 2 -2 7 8 -6 -3 -4 -1
right_child=1 6 3 -5 5 -7 -8 -9 -10
leaf_value=-0.050835930651308203 0.10201170717857139 0.15442441685846298 -0.04012775191301398 0.058286104823195767 -0.021153466451422586 0.048189325738807402 0.055104538429431908 -0.0018639979427931372 -0.011881136944555202
leaf_weight=152.71543845534325 29.918096527457237 18.882070504128937 19.036917217075828 11.307070218026636 9.1254248544573802 8.2225638553500158 10.881295815110205 7.5341149792075148 6.0736681073904029
leaf_count=2164 259 152 210 106 117 83 101 81 79
internal_value=0.000993666 0.0788588 0.0484176 -0.000873066 -0.0431209 0.0151416 0.131262 -0.0312917 -0.0497541
internal_weight=273.697 97.5596 67.7962 37.8781 176.137 17.348 29.7634 26.571 158.789
internal_count=3352 909 656 397 2443 200 253 291 2243
is_linear=0
shrinkage=0.05


Tree=5
num_leaves=12
num_cat=0
split_feature=16 3 0 14 14 11 3 14 5 11 4
split_gain=350.496 46.8132 74.1238 28.6748 16.6104 35.2658 11.7976 11.0194 4.49364 4.2934 1.85673
threshold=157.50000000000003 171.50000000000003 14.500000000000002 172.50000000000003 189.50000000000003 97.500000000000014 104.50000000000001 169.50000000000003 164.50000000000003 152.50000000000003 160.50000000000003
decision_type=2 2 2 2 2 2 2 2 2 2 2
left_child=3 2 4 10 5 -2 -5 -7 -4 -9 -1
right_child=1 -3 8 6 -6 7 -8 9 -10 -11 -12
leaf_value=-0.050510460070301522 0.099528080841566224 0.14622570683034741 -0.039931658703082601 -0.019073032849206507 0.12801889503050878 -0.017118322615427256 0.047542904683163835 0.005130793343256188 0.0044252419907435314 0.050094409933115674 -0.0096230710785539814
leaf_weight=146.73831875622272 21.530895099043846 14.660829819738863 13.09744716435671 9.7065389305353182 11.901094496250151 11.079315960407255 7.7940138056874266 9.1437998116016406 7.0049177706241599 13.818975642323492 5.5274603441357604
leaf_count=2170 177 112 160 125 77 113 75 83 70 117 73
internal_value=0.00112541 0.0722664 0.0526563 -0.0425592 0.0765001 0.0558106 0.014567 0.018955 -0.0266722 0.0363088 -0.0493793
internal_weight=272.004 102.237 87.5764 169.766 67.4741 55.573 17.5006 34.0421 20.1024 22.9628 152.266
internal_count=3352 909 797 2443 567 490 200 313 230 200 2243
is_linear=0
shrinkage=0.05


Tree=6
num_leaves=10
num_cat=0
split_feature=16 8 0 3 14 8 4 13 4
split_gain=318.055 40.1475 48.645 38.43 27.8851 17.9846 11.0369 2.3648 1.8507
threshold=157.50000000000003 169.50000000000003 8.5000000000000018 167.50000000000003 172.50000000000003 163.50000000000003 27.500000000000004 166.50000000000003 160.50000000000003
decision_type=2 2 2 2 2 2 2 2 2
left_child=4 2 -2 5 8 7 -6 -4 -1
right_child=1 -3 3 -5 6 -7 -8 -9 -10
leaf_value=-0.050176914157652214 0.092100928796422885 0.11512385669065711 -0.042707514209993767 0.069291387839446203 -0.024241896166531978 0.033255626734340217 0.040256662562084419 -0.0057909609062114786 -0.009411009864062049
leaf_weight=140.51874623447657 26.90738670527935 28.311867140233517 20.111329101026062 14.396181449294088 7.316339090466502 9.1112128272652608 10.318077072501181 7.3621203601360312 5.4832098856568328
leaf_count=2170 204 209 228 114 97 83 103 71 73
internal_value=0.0013123 0.0669327 0.0435277 0.0119547 -0.0419972 -0.016226 0.0140531 -0.0352297 -0.0490082
internal_weight=269.836 106.2 77.8882 50.9808 163.636 36.5847 17.6344 27.4734 146.002
internal_count=3352 909 700 496 2443 382 200 299 2243
is_linear=0
shrinkage=0.05


Tree=7
num_leaves=12
num_cat=0
split_feature=16 3 0 14 5 5 3 4 5 5 6
split_gain=287.774 34.5446 59.7219 27.0175 14.4301 35.0244 25.2998 10.1918 4.24077 3.94562 2.14652
threshold=157.50000000000003 171.50000000000003 14.500000000000002 172.50000000000003 142.50000000000003 164.50000000000003 121.50000000000001 27.500000000000004 92.500000000000014 164.50000000000003 157.50000000000003
decision_type=2 2 2 2 2 2 2 2 2 2 2
left_child=3 2 4 10 6 -6 8 -5 -2 -4 -1
right_child=1 -3 9 7 5 -7 -8 -9 -10 -11 -12
leaf_value=-0.049862947619076732 0.014206622922433089 0.12140489633715812 -0.039404511454363932 -0.023813413886999112 -0.02552206739156437 0.072870256219677354 0.12126775011777996 0.038077391878112071 0.057931834430235279 0.0026398890557074832 -0.0076310007494964117
leaf_weight=134.89698557555676 15.557230494916441 17.107674360275269 12.605835139751436 7.1693037673831013 13.279707714915277 14.446554832160471 19.378204062581062 10.640837132930754 10.576252639293669 7.2990451902151099 5.1004609987139693
leaf_count=2173 132 112 160 97 122 105 134 103 74 70 70
internal_value=0.00138049 0.0618126 0.0452398 -0.0414415 0.0652016 0.0290452 0.0821731 0.013405 0.0383642 -0.0265523 -0.0486405
internal_weight=268.058 110.251 93.1428 157.808 73.2379 27.7263 45.5117 17.8101 26.1335 19.9049 139.997
internal_count=3352 909 797 2443 567 227 340 200 206 230 2243
is_linear=0
shrinkage=0.05


Tree=8
num_leaves=13
num_cat=0
split_feature=16 9 0 14 14 16 6 3 11 0 14 6
split_gain=262.596 31.1034 39.6126 26.1693 15.0374 14.3614 13.8565 9.56139 9.45429 7.3137 4.06955 2.40089
threshold=157.50000000000003 176.50000000000003 15.500000000000002 172.50000000000003 189.50000000000003 179.50000000000003 163.50000000000003 104.50000000000001 97.500000000000014 10.500000000000002 174.50000000000003 158.50000000000003
decision_type=2 2 2 2 2 2 2 2 2 2 2 2
left_child=3 2 4 11 5 6 8 -5 -2 -7 -10 -1
right_child=1 -3 -4 7 -6 9 -8 -9 10 -11 -12 -13
leaf_value=-0.049548953872337542 0.029769184946106093 0.11140798886071078 -0.029307496870720512 -0.018257440966222577 0.10290954914880759 0.084868731649448192 0.055164644185681989 0.041041979048472392 -0.035592875843479185 0.022489681267975129 0.0043805665677928568 -0.0060283862449289497
leaf_weight=129.46867720782757 10.081838004291059 19.007939204573631 13.497944101691244 9.4124944135546702 11.188958793878554 16.308400407433513 11.408500075340269 8.5666531696915609 11.00677812844515 12.158802747726439 8.9395315796136838 4.7694935798645011
leaf_count=2177 77 114 172 125 62 115 84 75 115 103 67 66
internal_value=0.00151516 0.0576595 0.0418077 -0.0408861 0.0546595 0.0405826 0.0182071 0.0127797 -0.00170406 0.0655661 -0.0203904 -0.0482747
internal_weight=265.816 113.599 94.5908 152.217 81.0928 69.9039 41.4366 17.9791 30.0281 28.4672 19.9463 134.238
internal_count=3352 909 795 2443 623 561 343 200 259 218 182 2243
is_linear=0
shrinkage=0.05


Tree=9
num_leaves=10
num_cat=0
split_feature=16 7 0 14 4 4 2 9 3
split_gain=240.784 27.753 41.2516 25.4515 25.0747 9.98364 6.24411 3.16947 0.963296
threshold=157.50000000000003 167.50000000000003 9.5000000000000018 169.50000000000003 163.50000000000003 27.500000000000004 3.5000000000000004 162.50000000000003 158.50000000000003
decision_type=2 2 2 2 2 2 2 2 2
left_child=3 2 -2 8 7 -5 -3 -4 -1
right_child=1 6 4 5 -6 -7 -8 -9 -10
leaf_value=-0.049200352588964692 0.066812822999211041 0.10312044206334979 -0.039713647521282994 -0.024951822698745733 0.043006690555984391 0.034324204463464965 0.037263507918086962 -0.0010809224500089949 -0.010109500241982969
leaf_weight=122.72928803414106 38.460956014692783 25.45494220405817 18.518168777227405 7.7138181328773525 13.410269021987913 11.79259906709194 13.410904183983801 7.2259802967309943 4.5781029984354964
leaf_count=2150 259 152 216 111 106 113 101 75 69
internal_value=0.00168804 0.0541227 0.0332663 -0.0403257 -0.00352044 0.0105752 0.0872337 -0.0308094 -0.0482298
internal_weight=263.295 116.481 77.6154 146.814 39.1544 19.5064 38.8658 25.7441 127.307
internal_count=3352 909 656 2443 397 224 253 291 2219
is_linear=0
shrinkage=0.05


Tree=10
num_leaves=13
num_cat=0
split_feature=16 10 14 14 6 0 8 4 3 11 4 5
split_gain=219.572 26.7014 28.9796 24.6687 17.4544 41.9263 11.3322 9.24671 5.70705 4.724 4.301 1.06539
threshold=157.50000000000003 172.50000000000003 189.50000000000003 169.50000000000003 162.50000000000003 8.5000000000000018 165.50000000000003 27.500000000000004 168.50000000000003 100.50000000000001 164.50000000000003 160.50000000000003
decision_type=2 2 2 2 2 2 2 2 2 2 2 2
left_child=3 2 4 11 5 9 10 -5 -6 -2 -7 -1
right_child=1 -3 -4 7 8 6 -8 -9 -10 -11 -12 -13
leaf_value=-0.048878573433231896 0.074712878308746303 0.10801955412528078 0.094158095170682729 -0.024515204557903618 0.020879787341884212 -0.045299934790336151 0.015842920663927559 0.032509601036410408 0.077321658591847697 0.020116981067410514 -0.0021522379458851445 -0.0092231746237876212
leaf_weight=117.69073789194226 12.271737307310106 14.050763338804243 14.882628783583639 7.5518266707658794 12.992244385182859 21.548791497945789 12.085488267242907 12.099301841109989 12.070159509778021 11.653595589101313 8.0425284057855588 4.3710284866392604
leaf_count=2156 81 80 75 111 106 253 95 113 72 81 66 63
internal_value=0.00171127 0.0504898 0.038292 -0.0397729 0.0246796 0.00942459 -0.0205679 0.0100677 0.0564016 0.0561944 -0.0355791 -0.0478773
internal_weight=261.311 119.598 105.547 141.713 90.6645 65.6021 41.6768 19.6511 25.0624 23.9253 29.5913 122.062
internal_count=3352 909 829 2443 754 576 414 224 178 162 319 2219
is_linear=0
shrinkage=0.05


Tree=11
num_leaves=13
num_cat=0
split_feature=16 14 3 0 7 0 4 3 10 8 5 9
split_gain=202.824 23.9032 23.6826 42.2145 12.2465 21.0079 10.5974 8.64931 5.86576 4.58925 3.07802 1.13727
threshold=157.50000000000003 169.50000000000003 171.50000000000003 14.500000000000002 171.50000000000003 8.5000000000000018 163.50000000000003 104.50000000000001 140.50000000000003 96.500000000000014 164.50000000000003 163.50000000000003
decision_type=2 2 2 2 2 2 2 2 2 2 2 2
left_child=1 11 3 4 5 9 8 -3 -7 -2 -5 -1
right_child=2 7 -4 10 -6 6 -8 -9 -10 -11 -12 -13
leaf_value=-0.0485762423129091 0.080173539131383767 -0.019242656574343979 0.093205445726507977 -0.038478254805812462 0.086232020434211201 -0.037579375745703247 0.03300091342161518 0.035114775564448579 0.009192897965664611 0.029104525028850192 -0.00022739928608979799 -0.0087555747046133281
leaf_weight=112.71787822246552 15.600878179073332 9.8759467452764529 20.432686246931553 11.71737162768841 16.384087271988392 9.6475219801068324 13.620937198400496 9.913606643676756 9.4428191855549795 17.122382685542107 7.7605550885200492 4.3184178508818141
leaf_count=2149 95 139 112 160 93 95 100 85 78 106 70 70
internal_value=0.0018903 -0.0392202 0.0478236 0.0347159 0.0499471 0.0353852 0.00521951 0.00957804 -0.0173378 0.0608512 -0.0263975 -0.0475259
internal_weight=258.555 136.826 121.729 101.297 81.8186 65.4345 32.7113 19.7896 19.0903 32.7233 19.4779 117.036
internal_count=3352 2443 909 797 567 474 273 224 173 201 230 2219
is_linear=0
shrinkage=0.05


Tree=12
num_leaves=12
num_cat=0
split_feature=16 14 10 14 16 6 0 0 4 14 7
split_gain=186.401 23.22 21.8961 24.6603 16.7253 23.6229 9.97967 8.68364 8.0838 2.45434 1.23181
threshold=157.50000000000003 169.50000000000003 172.50000000000003 189.50000000000003 179.50000000000003 163.50000000000003 10.500000000000002 8.5000000000000018 27.500000000000004 174.50000000000003 162.50000000000003
decision_type=2 2 2 2 2 2 2 2 2 2 2
left_child=1 10 3 4 5 7 -6 -2 -3 -9 -1
right_child=2 8 -4 -5 6 -7 -8 9 -10 -11 -12
leaf_value=-0.048263852819505598 0.01505930391578069 -0.023747991233700454 0.095464825720588301 0.084286850618504036 0.06671066216184296 0.046130559652779818 0.010450745275990088 -0.037499662170316327 0.029571972852346341 -0.0036457039970447594 -0.0079932279801696177
leaf_weight=108.06164051964879 12.08299797773361 7.2744282558560398 15.203158177435396 15.839648887515066 19.644395619630814 17.475975967943668 14.777471065521238 20.777697619050745 12.608785983175038 8.2269986569881421 4.1667408645153037
leaf_count=2151 83 111 80 75 120 115 126 244 113 66 68
internal_value=0.0019695 -0.0386607 0.0450687 0.034144 0.0217373 0.00439262 0.0469469 -0.0164386 0.00921238 -0.0298452 -0.0471734
internal_weight=256.14 132.112 124.028 108.825 92.9855 58.5637 34.4219 41.0877 19.8832 29.0047 112.228
internal_count=3352 2443 909 829 754 508 246 393 224 310 2219
is_linear=0
shrinkage=0.05


Tree=13
num_leaves=13
num_cat=0
split_feature=16 14 3 0 7 0 5 3 8 11 5 5
split_gain=172.005 22.4844 19.7922 35.5183 10.4783 17.1404 9.90954 7.52138 5.61071 4.48213 2.82149 1.40367
threshold=157.50000000000003 169.50000000000003 171.50000000000003 14.500000000000002 171.50000000000003 8.5000000000000018 164.50000000000003 104.50000000000001 140.50000000000003 96.500000000000014 164.50000000000003 161.50000000000003
decision_type=2 2 2 2 2 2 2 2 2 2 2 2
left_child=1 11 3 4 5 9 8 -3 -7 -2 -5 -1
right_child=2 7 -4 10 -6 6 -8 -9 -10 -11 -12 -13
leaf_value=-0.047948628489516559 0.073628685143637115 -0.018589078555787505 0.082925843707675556 -0.037809926653142444 0.076697919383213492 -0.036480305210668765 0.037038047075771172 0.031912814601399914 0.0061879332811202118 0.026989412934385549 -0.00075988673767735755 -0.0066549690213732167
leaf_weight=103.74267653748393 14.565060496330259 9.6285908520221728 21.757270537316799 11.186696365475656 17.445064306259155 8.9611891210079211 9.6491047292947751 10.381601318717001 14.518821410834787 20.027557671070099 7.8345545232295981 3.8835613280534735
leaf_count=2160 82 139 112 160 93 91 67 85 115 119 70 59
internal_value=0.00206674 -0.038106 0.0426794 0.0308623 0.0442687 0.0312159 0.00404014 0.00875396 -0.0136421 0.053445 -0.0258842 -0.0468202
internal_weight=253.582 127.636 125.945 104.188 85.1668 67.7217 33.1291 20.0102 23.48 34.5926 19.0213 107.626
internal_count=3352 2443 909 797 567 474 273 224 206 201 230 2219
is_linear=0
shrinkage=0.05


Tree=14
num_leaves=12
num_cat=0
split_feature=16 14 10 14 16 6 11 0 4 14 5
split_gain=158.474 21.8251 18.5741 21.5608 14.5794 20.5121 8.34426 8.00462 7.08927 2.41047 1.50346
threshold=157.50000000000003 169.50000000000003 172.50000000000003 189.50000000000003 179.50000000000003 163.50000000000003 97.500000000000014 10.500000000000002 27.500000000000004 174.50000000000003 162.50000000000003
decision_type=2 2 2 2 2 2 2 2 2 2 2
left_child=1 10 3 4 5 6 -2 -6 -3 -8 -1
right_child=2 8 -4 -5 7 -7 9 -9 -10 -11 -12
leaf_value=-0.04763840628846 0.012699908626885699 -0.023003977558488504 0.085570097291586156 0.076359851404553966 0.059136489151794674 0.040939628062555085 -0.040673032879834224 0.0093729557725299433 0.026958921430727041 -0.0074871191426568763 -0.005852223417684565
leaf_weight=99.48169519379735 13.389664035290478 7.0140554755926159 16.114909023046494 16.593900352716446 20.861922174692154 18.324490644037724 16.624751873314384 14.949851013720034 13.080701000988482 10.937683328986166 3.7363795675337306
leaf_count=2162 111 111 80 75 120 115 198 126 113 84 57
internal_value=0.00212507 -0.0375442 0.0403748 0.0304661 0.0190426 0.00294931 -0.0166548 0.0420558 0.00841073 -0.0306756 -0.0464661
internal_weight=251.11 123.313 127.797 111.682 95.0884 59.2766 40.9521 35.8118 20.0948 27.5624 103.218
internal_count=3352 2443 909 829 754 508 393 246 224 282 2219
is_linear=0
shrinkage=0.05


Tree=15
num_leaves=12
num_cat=0
split_feature=16 14 3 0 5 3 5 4 10 5 7
split_gain=146.402 21.1195 16.8567 30.4926 9.74572 20.2307 19.0098 6.59519 5.22482 2.5978 1.70336
threshold=157.50000000000003 169.50000000000003 171.50000000000003 14.500000000000002 126.50000000000001 121.50000000000001 164.50000000000003 27.500000000000004 79.500000000000014 164.50000000000003 164.50000000000003
decision_type=2 2 2 2 2 2 2 2 2 2 2
left_child=1 10 3 4 5 8 -6 -3 -2 -5 -1
right_child=2 7 -4 9 6 -7 -8 -9 -10 -11 -12
leaf_value=-0.047343555373502447 0.036893634640471386 -0.022599071509125539 0.074560283171404687 -0.037244772934738157 -0.020463037195187217 0.084430833641478034 0.04572793401745754 0.025614209931517681 -0.001288668194345398 -0.001276245283078071 -0.0045398511067360108
leaf_weight=95.47280652821064 15.917173922061922 6.8758511021733311 22.836788654327393 10.753224618732931 16.391678839921951 22.411770053207874 18.048115983605385 13.33486697822809 15.101946637034414 7.9053888097405425 3.5274957045912734
leaf_count=2160 108 111 112 160 136 120 105 113 98 70 59
internal_value=0.00218682 -0.0369871 0.0383187 0.0275552 0.0395863 0.0523731 0.0156239 0.00798271 0.0207058 -0.0254958 -0.04611
internal_weight=248.577 119.211 129.366 106.529 87.8707 53.4309 34.4398 20.2107 31.0191 18.6586 99.0003
internal_count=3352 2443 909 797 567 326 241 224 206 230 2219
is_linear=0
shrinkage=0.05


Tree=16
num_leaves=12
num_cat=0
split_feature=16 14 10 13 10 5 0 8 3 6 4
split_gain=134.954 20.432 15.8755 19.7504 14.7034 15.9147 37.4438 8.72077 5.56875 3.29458 1.12662
threshold=157.50000000000003 172.50000000000003 172.50000000000003 181.50000000000003 158.50000000000003 162.50000000000003 8.5000000000000018 96.500000000000014 104.50000000000001 159.50000000000003 161.50000000000003
decision_type=2 2 2 2 2 2 2 2 2 2 2
left_child=1 9 3 4 5 6 7 -2 -3 -1 -8
right_child=2 8 -4 -5 -6 -7 10 -9 -10 -11 -12
leaf_value=-0.047108370247600825 0.062158847926843092 -0.015970632738446275 0.077168423251520707 0.07772672305055367 -0.018474835295149976 0.056204878239472116 -0.038912281861503938 0.0094981237011049907 0.02854619895542191 0.00056547833939237771 -0.0083944015552998765
leaf_weight=92.75328217074275 17.893138833343983 8.6210921891033667 16.870262444019318 12.151983410120009 18.83443321660161 25.37807510048151 17.263247154653076 15.186876162886618 10.270501300692557 3.6410578377544871 7.3634655810892573
leaf_count=2183 95 125 80 59 148 162 217 90 75 60 58
internal_value=0.00219258 -0.0364277 0.0362845 0.0272516 0.0178799 0.0267021 0.0102804 0.0424041 0.00914034 -0.0453685 -0.032744
internal_weight=246.227 115.286 130.941 114.071 101.919 83.0848 57.7067 33.08 18.8916 96.3943 24.6267
internal_count=3352 2443 909 829 770 622 460 185 200 2243 275
is_linear=0
shrinkage=0.05


Tree=17
num_leaves=13
num_cat=0
split_feature=16 14 3 0 7 0 4 17 10 11 7 9
split_gain=124.795 19.8633 14.4832 26.2002 8.76711 12.8086 8.01145 5.77084 5.42715 4.84528 2.36472 1.85813
threshold=157.50000000000003 169.50000000000003 171.50000000000003 14.500000000000002 171.50000000000003 8.5000000000000018 163.50000000000003 0.46910112359550565 141.50000000000003 96.500000000000014 164.50000000000003 165.50000000000003
decision_type=2 2 2 2 2 2 2 2 2 2 2 2
left_child=1 11 3 4 5 9 8 -3 -7 -2 -5 -1
right_child=2 7 -4 10 -6 6 -8 -9 -10 -11 -12 -13
leaf_value=-0.046722405741102986 0.061454874166610232 0.025610509447317572 0.06744298707633789 -0.03646682226364012 0.063632247275719686 -0.037498957788499918 0.024676251867688098 -0.018657055042042413 0.0077969119755494521 0.019774771559724052 -0.0016746981030981174 -0.0032356389757922255
leaf_weight=87.796009503304958 15.999270811676977 12.008180610835554 23.736336044967175 10.351026028394701 18.795967258512974 9.6839407756924647 14.946651227772234 8.3446696400642377 9.434029169380663 21.340251781046391 7.8996678851544848 3.3184715360403052
leaf_count=2160 82 93 112 164 93 100 100 131 73 119 66 59
internal_value=0.0022537 -0.0358551 0.0345247 0.0246652 0.0355009 0.0244162 0.00138532 0.00736075 -0.0181645 0.0427822 -0.025006 -0.0453893
internal_weight=243.654 111.467 132.187 108.451 90.2001 71.4041 34.0646 20.3529 19.118 37.3395 18.2507 91.1145
internal_count=3352 2443 909 797 567 474 273 224 173 201 230 2219
is_linear=0
shrinkage=0.05


Tree=18
num_leaves=12
num_cat=0
split_feature=16 14 14 10 16 6 11 0 3 7 14
split_gain=115.262 19.2315 14.16 17.3019 12.6585 16.9922 8.16579 5.64749 5.38299 2.02441 1.65317
threshold=157.50000000000003 169.50000000000003 189.50000000000003 172.50000000000003 179.50000000000003 162.50000000000003 97.500000000000014 10.500000000000002 104.50000000000001 166.50000000000003 178.50000000000003
decision_type=2 2 2 2 2 2 2 2 2 2 2
left_child=1 9 3 4 5 6 -2 -6 -3 -1 -8
right_child=2 8 -4 -5 7 -7 10 -9 -10 -11 -12
leaf_value=-0.046410336963984777 0.010177461411906327 -0.017001854441075132 0.067161428313304877 0.068349462656951646 0.049053150220894182 0.031975179701457426 -0.040225032352772611 0.0078357709259352804 0.025503165470853174 -0.0019754054860460662 -0.0073731891589477478
leaf_weight=84.317179016768932 13.697440326213835 9.0512511394917983 21.296109944581985 13.683985792100428 22.498929306864738 21.032206099480391 18.35223496705294 15.082633912563322 11.379303134977816 3.1077663116157046 7.7307443991303435
leaf_count=2166 109 139 90 65 120 131 216 126 85 53 52
internal_value=0.00225981 -0.0352879 0.0328013 0.0236831 0.0144664 -0.000160055 -0.0188234 0.0353738 0.00703196 -0.0450231 -0.0332404
internal_weight=241.23 107.855 133.374 112.078 98.3942 60.8126 39.7804 37.5816 20.4306 87.4249 26.083
internal_count=3352 2443 909 819 754 508 377 246 224 2219 268
is_linear=0
shrinkage=0.05


Tree=19
num_leaves=13
num_cat=0
split_feature=16 14 13 10 10 5 0 8 17 7 7 4
split_gain=106.707 18.6268 13.3295 16.686 12.8506 13.4454 31.0145 7.33585 5.00584 2.94529 1.99569 0.837881
threshold=157.50000000000003 169.50000000000003 181.50000000000003 172.50000000000003 158.50000000000003 162.50000000000003 8.5000000000000018 96.500000000000014 0.46910112359550565 164.50000000000003 166.50000000000003 161.50000000000003
decision_type=2 2 2 2 2 2 2 2 2 2 2 2
left_child=1 10 3 4 5 6 7 -2 -3 -7 -1 -8
right_child=2 8 -4 -5 -6 9 11 -9 -10 -11 -12 -13
leaf_value=-0.046084636692657617 0.053560508241060373 0.023338446976807144 0.069889727227800152 0.066304083895062468 -0.019077114685108334 0.020946183558673118 -0.038051206618763302 0.0069217927580950541 -0.017897576986670858 0.065077674619136189 -0.0019388580416431296 -0.0092849299527204363
leaf_weight=80.79209391027689 19.034515455365181 12.402670204639437 15.67450964450836 14.703602060675619 18.845254298299551 13.726661600172521 16.356865692883733 15.588407948613165 8.0922805406153184 12.919070877134798 3.1024160161614409 7.469457395374774
leaf_count=2166 95 93 71 68 148 96 217 90 131 66 53 58
internal_value=0.0022923 -0.0347161 0.0312682 0.0235458 0.0147316 0.0228621 0.00790202 0.0360854 0.00673981 0.0492447 -0.044653 -0.0322078
internal_weight=238.708 104.389 134.318 118.644 103.94 85.095 58.4492 34.6229 20.495 26.6457 83.8945 23.8263
internal_count=3352 2443 909 838 770 622 460 185 224 162 2219 275
is_linear=0
shrinkage=0.05


Tree=20
num_leaves=12
num_cat=0
split_feature=16 14 3 0 5 3 5 13 3 7 7
split_gain=99.1015 18.0183 12.5832 21.6627 7.67648 16.7142 13.7317 8.97241 4.66557 1.98922 1.96677
threshold=157.50000000000003 169.50000000000003 171.50000000000003 14.500000000000002 126.50000000000001 121.50000000000001 164.50000000000003 100.50000000000001 104.50000000000001 164.50000000000003 166.50000000000003
decision_type=2 2 2 2 2 2 2 2 2 2 2
left_child=1 10 3 4 5 7 -6 -2 -3 -5 -1
right_child=2 8 -4 9 6 -7 -8 -9 -10 -11 -12
leaf_value=-0.04575587009269752 0.034243731607871496 -0.016294253711946458 0.059958839628380917 -0.035622065700154186 -0.020511530572646812 0.069172283351918273 0.03483403397279386 -0.012636745296732303 0.023247831372676081 -0.0028003748317334213 -0.0019030015883633716
leaf_weight=77.425226718187332 17.971192859113216 8.8115029819309729 24.532502576708794 9.7464699968695658 16.170564088970423 24.256540194153786 19.523774422705173 14.731208086013792 11.753351822495459 8.0620439425110799 3.0971722602844229
leaf_count=2166 98 139 112 164 136 120 105 108 85 66 53
internal_value=0.00235391 -0.0341456 0.0299291 0.0209521 0.0305268 0.0413342 0.0103214 0.0142506 0.00643191 -0.0246346 -0.044279
internal_weight=236.082 101.087 134.994 110.462 92.6533 56.9589 35.6943 32.7024 20.5649 17.8085 80.5224
internal_count=3352 2443 909 797 567 326 241 206 224 230 2219
is_linear=0
shrinkage=0.05


Tree=21
num_leaves=13
num_cat=0
split_feature=16 14 14 8 0 4 8 12 13 17 7 10
split_gain=91.5619 17.4359 12.0532 14.5037 11.4175 12.7728 7.72016 6.77136 5.37728 4.35184 2.2618 1.53221
threshold=157.50000000000003 169.50000000000003 189.50000000000003 169.50000000000003 8.5000000000000018 169.50000000000003 95.500000000000014 166.50000000000003 127.50000000000001 0.46910112359550565 167.50000000000003 156.50000000000003
decision_type=2 2 2 2 2 2 2 2 2 2 2 2
left_child=1 10 3 4 6 7 -2 11 -5 -3 -1 -6
right_child=2 9 -4 8 5 -7 -8 -9 -10 -11 -12 -13
leaf_value=-0.045453976627698373 0.050091305094953756 0.021303764413226987 0.059731009214394663 0.061177026987276388 -0.041609917597202534 0.027301512053505006 0.001979644674512413 0.0084041834203143449 0.015799707872503132 -0.017165809102307382 0.00011974090620365738 -0.0082210079962087707
leaf_weight=74.510189365595579 14.840062342584135 12.765963189303877 21.763179570436478 18.680635415017605 17.695550687611107 14.122944839298723 15.121718764305113 10.689213030040262 15.377962693572043 7.8562630750238887 2.7918427176773539 7.5044746361672869
leaf_count=2171 74 93 90 95 228 82 88 93 85 131 48 74
internal_value=0.00232226 -0.0335716 0.0284788 0.0202559 0.00753677 -0.00714785 0.0295651 -0.022385 0.0453339 0.00615847 -0.0439008 -0.0346741
internal_weight=233.72 97.9243 135.796 114.033 79.974 50.0122 29.9618 35.8892 34.0586 20.6222 77.302 25.2
internal_count=3352 2443 909 819 639 477 162 395 180 224 2219 302
is_linear=0
shrinkage=0.05


Tree=22
num_leaves=13
num_cat=0
split_feature=16 14 13 10 10 5 0 11 12 7 3 8
split_gain=84.9578 16.8499 11.4766 14.322 11.7198 11.4772 25.691 4.92632 4.5271 2.53908 2.36739 0.825045
threshold=157.50000000000003 169.50000000000003 181.50000000000003 172.50000000000003 158.50000000000003 162.50000000000003 9.5000000000000018 96.500000000000014 21.500000000000004 164.50000000000003 160.50000000000003 166.50000000000003
decision_type=2 2 2 2 2 2 2 2 2 2 2 2
left_child=1 10 3 4 5 6 7 -2 -3 -7 -1 -8
right_child=2 8 -4 -5 -6 9 11 -9 -10 -11 -12 -13
leaf_value=-0.045141026978830913 0.044922815997054395 0.027896183240488238 0.062542099655319053 0.059283725544248704 -0.019868945600626561 0.018471503047045267 -0.040447458219999462 0.0084231716489575371 -0.011339362908247056 0.058004543749150907 0.00089853542673706127 -0.0089510025899710213
leaf_weight=71.521119151264429 18.383352473378181 7.7114246189594295 16.054249994456768 15.127740547060965 18.937165971845388 14.020480547100307 14.032906457781793 20.017221890389919 12.973406814038752 13.524339981377123 2.6975687853991976 6.2458279356360427
leaf_count=2166 89 86 71 68 148 96 207 116 138 66 53 48
internal_value=0.00234668 -0.0329972 0.0272452 0.0202264 0.0121722 0.0199126 0.00613506 0.0290588 0.00587091 0.0438114 -0.0435166 -0.0344358
internal_weight=231.247 94.9035 136.343 120.289 105.161 86.2241 58.6793 38.4006 20.6848 27.5448 74.2187 20.2787
internal_count=3352 2443 909 838 770 622 460 205 224 162 2219 255
is_linear=0
shrinkage=0.05


Tree=23
num_leaves=13
num_cat=0
split_feature=16 14 3 0 7 0 4 0 5 11 12 5
split_gain=78.8575 16.3728 10.9301 18.0302 6.89377 8.07611 6.31833 9.75565 4.23639 4.1896 3.87076 1.67941
threshold=157.50000000000003 172.50000000000003 171.50000000000003 14.500000000000002 171.50000000000003 8.5000000000000018 98.500000000000014 11.500000000000002 165.50000000000003 96.500000000000014 22.500000000000004 164.50000000000003
decision_type=2 2 2 2 2 2 2 2 2 2 2 2
left_child=1 8 3 4 5 9 -7 -8 -1 -2 -3 -5
right_child=2 10 -4 11 -6 6 7 -9 -10 -11 -12 -13
leaf_value=-0.044956302497273004 0.047045826812780946 0.022665403494830753 0.053668584513410125 -0.034814533854107509 0.050310550679263093 -0.027056051656567201 -0.017218529723208587 0.036906112713933951 0.0075447456104086544 0.012458024045259688 -0.014203100193668531 -0.0037447746494821996
leaf_weight=70.024053767323494 17.705587148666382 10.990294158458711 25.102112539112568 9.047983121126892 19.793612651526928 10.055816102772949 11.465808816254141 12.846675805747507 2.655089057981967 22.444190680980682 8.3418032154440862 8.249970503151415
leaf_count=2198 82 120 112 160 93 90 88 95 45 119 80 70
internal_value=0.00239598 -0.0323892 0.0261242 0.0178937 0.0264346 0.017328 -0.000818337 0.0127978 -0.0426762 0.0312317 0.00710714 -0.0241588
internal_weight=228.723 92.0112 136.712 111.61 94.3117 74.5181 34.3683 24.3125 72.6791 40.1498 19.3321 17.298
internal_count=3352 2443 909 797 567 474 273 183 2243 201 200 230
is_linear=0
shrinkage=0.05


Tree=24
num_leaves=13
num_cat=0
split_feature=16 14 13 10 10 5 0 17 11 3 7 9
split_gain=72.9 15.8807 10.5431 13.1617 10.5833 10.0695 22.8591 4.06426 4.05677 2.47552 2.45328 0.86264
threshold=157.50000000000003 169.50000000000003 181.50000000000003 172.50000000000003 158.50000000000003 162.50000000000003 9.5000000000000018 0.46910112359550565 96.500000000000014 161.50000000000003 164.50000000000003 165.50000000000003
decision_type=2 2 2 2 2 2 2 2 2 2 2 2
left_child=1 9 3 4 5 6 8 -3 -2 -1 -7 -8
right_child=2 7 -4 -5 -6 10 11 -9 -10 -11 -12 -13
leaf_value=-0.044475129865552632 0.04040948231960298 0.020075214139439485 0.058497079091687124 0.05552843713181569 -0.019839708724443239 0.016473606289946079 -0.040142371908679642 -0.017013356339173207 0.0075739340960968814 0.0020355126682208252 0.053511548742798391 -0.0085960556836998728
leaf_weight=65.919274007901549 18.951456539332867 12.984959356486799 16.20699355751276 15.26384489238262 18.79677564278245 14.305691093206407 13.426028657704594 7.8070864193141452 20.187200456857681 2.5361578129231921 13.885052204132078 6.2209420651197425
leaf_count=2170 89 93 71 68 148 96 200 131 116 49 66 55
internal_value=0.00237208 -0.0317849 0.0249203 0.018282 0.0106433 0.0179515 0.00505618 0.00555056 0.0262498 -0.0427307 0.0400293 -0.0339239
internal_weight=226.491 89.2475 137.244 121.037 105.773 86.9764 58.7856 20.792 39.1387 68.4554 28.1907 19.647
internal_count=3352 2443 909 838 770 622 460 224 205 2219 162 255
is_linear=0
shrinkage=0.05


Tree=25
num_leaves=13
num_cat=0
split_feature=16 14 14 10 16 6 11 12 0 1 3 14
split_gain=67.7563 15.3223 10.1723 11.5362 10.6556 12.937 7.20073 4.01608 3.24751 2.80209 4.23185 2.59409
threshold=157.50000000000003 169.50000000000003 189.50000000000003 172.50000000000003 179.50000000000003 162.50000000000003 22.500000000000004 21.500000000000004 10.500000000000002 5.5000000000000009 89.500000000000014 178.50000000000003
decision_type=2 2 2 2 2 2 2 2 2 2 2 2
left_child=1 9 3 4 5 6 -2 -3 -6 -1 -11 -8
right_child=2 7 -4 -5 8 -7 11 -9 -10 10 -12 -13
leaf_value=-0.047216809082291943 0.014295372990531206 0.025698385128418672 0.05233551750579446 0.051878769362836745 0.037919625009014683 0.023526872102552901 -0.038465213778945649 -0.011052477947864646 0.006504081098168882 -0.026653338482446366 0.020724310299379864 -0.0046315055475461293
leaf_weight=53.697512401267886 8.625109311193226 7.9946645423769978 21.967698633670807 14.653368234634398 24.152630023658276 22.300160977989435 21.786516070365909 12.851906567811964 14.845992062240837 9.3813354745507223 2.6881896946579209 9.1024242863059026
leaf_count=1818 74 86 90 65 120 131 246 138 126 328 73 57
internal_value=0.00239271 -0.0312056 0.0239191 0.016565 0.00922323 -0.00387045 -0.0202383 0.00528635 0.0280585 -0.0423289 -0.0131215 -0.0305293
internal_weight=224.048 86.6136 137.434 115.466 100.813 61.8142 39.514 20.8466 38.9986 65.767 12.0695 30.8889
internal_count=3352 2443 909 819 754 508 377 224 246 2219 401 303
is_linear=0
shrinkage=0.05


Tree=26
num_leaves=14
num_cat=0
split_feature=16 14 3 0 3 5 5 3 6 3 1 3 7
split_gain=62.8938 14.8684 9.76186 15.3263 6.26836 11.429 10.1949 7.7548 8.79081 3.78961 2.82845 4.06748 1.45001
threshold=157.50000000000003 169.50000000000003 171.50000000000003 14.500000000000002 85.500000000000014 126.50000000000001 165.50000000000003 128.50000000000003 108.50000000000001 104.50000000000001 5.5000000000000009 89.500000000000014 164.50000000000003
decision_type=2 2 2 2 2 2 2 2 2 2 2 2 2
left_child=1 10 3 4 -2 7 -7 8 -6 -3 -1 -12 -5
right_child=2 9 -4 12 5 6 -8 -9 -10 -11 11 -13 -14
leaf_value=-0.046967561882077589 -0.0070953360445810618 -0.015581169885007726 0.048703705378151482 -0.03400733620403739 -0.0051292029333657183 -0.018701797022282082 0.028335295821673719 0.067772149368102094 0.044062628069661339 0.019909607146871677 -0.02621881185682063 0.020223801456124534 -0.0042871420873494643
leaf_weight=51.368815930560231 12.910014454275368 8.5734291560947913 25.369171857833862 8.6532550603151339 15.173415485769512 17.980920195579529 18.354972302913666 16.352747835218906 14.619710505008696 12.319741941988466 9.1487719640135747 2.7394164334982625 8.2230620384216291
leaf_count=1818 90 139 112 164 90 146 95 76 70 85 328 73 66
internal_value=0.00239225 -0.0306069 0.0229333 0.0152817 0.0230403 0.027893 0.00561221 0.0431735 0.0218728 0.0051496 -0.041929 -0.0126978 -0.0238157
internal_weight=221.787 84.1502 137.637 112.268 95.3918 82.4818 36.3359 46.1459 29.7931 20.8932 63.257 11.8882 16.8763
internal_count=3352 2443 909 797 567 477 241 236 160 224 2219 401 230
is_linear=0
shrinkage=0.05


Tree=27
num_leaves=15
num_cat=0
split_feature=16 14 13 10 10 3 11 4 9 13 12 1 3 15
split_gain=58.3797 14.3499 9.11998 10.9272 9.45889 9.06864 8.44277 6.53009 6.07634 4.1285 3.73605 2.85053 3.90837 2.06512
threshold=157.50000000000003 169.50000000000003 181.50000000000003 172.50000000000003 158.50000000000003 171.50000000000003 97.500000000000014 108.50000000000001 100.50000000000001 24.500000000000004 21.500000000000004 5.5000000000000009 89.500000000000014 166.50000000000003
decision_type=2 2 2 2 2 2 2 2 2 2 2 2 2 2
left_child=1 11 3 4 5 6 9 -8 -9 -2 -3 -1 -13 -10
right_child=2 10 -4 -5 -6 -7 7 8 13 -11 -12 12 -14 -15
leaf_value=-0.046715991453234129 0.005781645614664814 0.024433094664033348 0.052998939295417116 0.049573478784297027 -0.019902369677334358 0.048705489999093063 -0.033439566198548765 0.029334418072387847 -0.020182771465953403 0.041723862041510705 -0.010903903787901769 -0.025788892130484554 0.019732964339311095 0.0059780878605305435
leaf_weight=49.146342169493437 16.866392157971863 8.1573241800069827 16.296163737773895 15.466008096933363 18.627929154783487 12.295203879475592 10.379935782402752 10.9796115309 12.550731748342516 14.272529039531944 12.777257964015005 8.9252805374562723 2.7902500145137301 10.073765233159063
leaf_count=1818 116 86 71 68 148 53 96 76 124 77 138 328 73 80
internal_value=0.00235523 -0.0300388 0.0219613 0.0158687 0.00894234 0.0158331 0.00774924 -0.00632157 0.00530105 0.0257492 0.00492133 -0.0415247 -0.0122875 -0.00956072
internal_weight=219.605 81.7965 137.808 121.512 106.046 87.4182 75.123 43.984 33.6041 31.1389 20.9346 60.8619 11.7155 22.6245
internal_count=3352 2443 909 838 770 622 569 376 280 193 224 2219 401 204
is_linear=0
shrinkage=0.05


Tree=28
num_leaves=14
num_cat=0
split_feature=16 14 14 8 8 12 0 13 17 4 4 5 1
split_gain=54.3305 13.9106 8.71533 9.99682 8.70239 8.57901 7.55247 4.84463 3.55081 2.88469 2.15207 0.658708 0.0604164
threshold=157.50000000000003 169.50000000000003 189.50000000000003 169.50000000000003 96.500000000000014 166.50000000000003 8.5000000000000018 127.50000000000001 0.46910112359550565 165.50000000000003 166.50000000000003 123.50000000000001 5.5000000000000009
decision_type=2 2 2 2 2 2 2 2 2 2 2 2 2
left_child=1 9 3 4 6 10 -2 -5 -3 12 11 -6 -1
right_child=2 8 -4 7 5 -7 -8 -9 -10 -11 -12 -13 -14
leaf_value=-0.046306158310951452 0.04080067867785097 0.018150217254604615 0.047381634725160625 0.049105089188047901 -0.012506338991914879 0.022039890159386497 -0.0052695029558245191 0.0096231700267869116 -0.016480562101622576 0.0054704337669309929 -0.0012342854272839969 -0.035511314710514698 -0.019312421605352844
leaf_weight=45.716179799288511 17.447383351624016 13.337300963699819 21.933531388640404 19.434850454330444 14.407816071063282 12.287791382521389 13.036352917551993 15.771602116525171 7.639587588608264 2.1001785937696686 11.756845153868197 11.775239534676073 10.760256770998238
leaf_count=1788 81 93 90 95 104 84 140 85 131 43 78 152 388
internal_value=0.00237931 -0.0294427 0.0211314 0.0144106 0.00399868 -0.00865677 0.0231325 0.0348144 0.00479343 -0.0411157 -0.0200074 -0.0268874 -0.0431521
internal_weight=217.405 79.5535 137.851 115.918 80.7114 50.2277 30.4837 35.2065 20.9769 58.5766 37.9399 26.1831 56.4764
internal_count=3352 2443 909 819 639 418 221 180 224 2219 334 256 2176
is_linear=0
shrinkage=0.05


Tree=29
num_leaves=14
num_cat=0
split_feature=16 14 13 10 10 5 0 6 11 12 7 8 1
split_gain=50.5081 13.4091 8.33452 9.931 8.59239 8.61703 18.6281 4.83278 3.51721 3.3161 2.23042 0.787122 0.064454
threshold=157.50000000000003 172.50000000000003 181.50000000000003 172.50000000000003 158.50000000000003 162.50000000000003 9.5000000000000018 161.50000000000003 96.500000000000014 22.500000000000004 164.50000000000003 167.50000000000003 5.5000000000000009
decision_type=2 2 2 2 2 2 2 2 2 2 2 2 2
left_child=1 7 3 4 5 6 8 12 -2 -3 -7 -8 -1
right_child=2 9 -4 -5 -6 10 11 -9 -10 -11 -12 -13 -14
leaf_value=-0.046229360336962538 0.034197404640920186 0.019964022288020411 0.049878189050222725 0.046543276271179705 -0.019634845494996746 0.013573252684363929 -0.039384293109872001 0.012467459991466144 0.004757682626864785 -0.013958392216562072 0.04688254171089945 -0.0082441015410423413 -0.019227228213211177
leaf_weight=44.994128631427884 19.610561721026897 11.411735333502294 16.268241599202156 15.509260609745978 18.474810171872377 14.559105794876816 12.847583200782539 2.0915100947022429 20.462802328169346 8.2326200045645219 14.318024776875971 5.9138184897601596 10.721423190087078
leaf_count=1811 89 120 71 68 148 96 210 41 116 80 66 45 391
internal_value=0.00232911 -0.0288913 0.0202533 0.0144809 0.00791557 0.0144645 0.00266112 -0.0402035 0.0213599 0.00580004 0.0345708 -0.0333688 -0.0430446
internal_weight=215.416 77.4514 137.964 121.696 106.187 87.7119 58.8348 57.8071 40.0734 19.6444 28.8771 18.7614 55.7156
internal_count=3352 2443 909 838 770 622 460 2243 205 200 162 255 2202
is_linear=0
shrinkage=0.05


Tree=30
num_leaves=14
num_cat=0
split_feature=16 9 14 10 13 10 5 0 11 16 3 8 12
split_gain=47.1005 20.0942 10.6189 7.52703 8.57892 8.53176 6.07844 17.2377 2.67626 1.53441 4.38827 0.635567 0.150063
threshold=160.50000000000003 168.50000000000003 178.50000000000003 172.50000000000003 181.50000000000003 158.50000000000003 162.50000000000003 9.5000000000000018 96.500000000000014 25.500000000000004 121.50000000000001 166.50000000000003 21.500000000000004
decision_type=2 2 2 2 2 2 2 2 2 2 2 2 2
left_child=1 2 9 4 5 6 7 8 -2 10 -1 -9 -11
right_child=3 -3 -4 -5 -6 -7 -8 11 -10 12 -12 -13 -14
leaf_value=-0.028917570284062583 0.034313881410489855 0.03265462108797005 0.0099612673554394463 0.048022604473957675 0.047109013717911097 -0.018926820807719302 0.03400430851393773 -0.037375621201208846 0.0070807084268558907 -0.010709612506326238 0.018934028766742744 -0.0079320088154139195 -0.047718309720695157
leaf_weight=13.028874220326541 19.384266912937164 8.9332811553031188 9.8010345511138421 17.726779267191887 12.752515360713003 18.197923857718706 24.492193944752216 11.088782057166101 19.521650932729244 3.6770512908697119 2.6551573537290087 5.7930204160511485 46.202521421015263
leaf_count=503 87 84 101 77 56 147 139 190 108 121 41 42 1656
internal_value=0.00231244 -0.0258708 -0.0344081 0.0210135 0.0148284 0.00857391 0.015552 0.00532033 0.0230117 -0.0412767 -0.018198 -0.0313931 -0.0462144
internal_weight=213.255 84.2979 75.3646 128.957 111.23 98.4778 80.2799 55.7877 38.9059 65.5636 15.684 16.8818 49.8796
internal_count=3352 2506 2422 846 769 713 566 427 195 2321 544 232 1777
is_linear=0
shrinkage=0.05


Tree=31
num_leaves=14
num_cat=0
split_feature=16 14 3 0 7 0 4 0 8 17 9 7 1
split_gain=43.6555 12.6332 8.15875 12.2321 5.4946 5.03071 5.43144 8.67204 3.61304 3.23988 3.09209 1.13453 0.215067
threshold=157.50000000000003 169.50000000000003 171.50000000000003 14.500000000000002 171.50000000000003 8.5000000000000018 98.500000000000014 11.500000000000002 96.500000000000014 0.46910112359550565 167.50000000000003 164.50000000000003 5.5000000000000009
decision_type=2 2 2 2 2 2 2 2 2 2 2 2 2
left_child=1 10 3 4 5 8 -7 -8 -2 -3 12 -5 -1
right_child=2 9 -4 11 -6 6 7 -9 -10 -11 -12 -13 -14
leaf_value=-0.045577736365810112 0.034171340488124001 0.017073465020242765 0.042090603306472595 -0.032993627991730189 0.039623351793756811 -0.027465507425387815 -0.01835121095544729 0.032289311730649924 0.0047739495416120048 -0.016037579280327955 0.0074716545291102776 -0.0052493731344033043 -0.017915247136237943
leaf_weight=40.432223966345191 21.357255026698112 13.522820591926576 25.434694401919842 8.0186233334243315 19.835503444075584 9.7475631982088071 11.345505721867086 13.203462880104778 20.440611101686954 7.5007424317300311 1.8669856134802092 8.2828120589256269 10.131329057738183
leaf_count=1788 95 93 112 164 93 90 88 95 106 131 42 66 389
internal_value=0.00229502 -0.0277195 0.01872 0.0118543 0.0187155 0.0111584 -0.00298326 0.00974036 0.0218411 0.00444855 -0.0398825 -0.0234378 -0.042146
internal_weight=211.12 73.4541 137.666 112.231 95.9299 76.0944 34.2965 24.549 41.7979 21.0236 52.4305 16.3014 50.5636
internal_count=3352 2443 909 797 567 474 273 183 201 224 2219 230 2177
is_linear=0
shrinkage=0.05


Tree=32
num_leaves=13
num_cat=0
split_feature=16 9 14 3 5 3 0 8 15 16 3 12
split_gain=40.6855 18.4278 10.8884 7.09285 6.20886 15.482 9.54735 7.61375 4.89029 1.61733 3.9268 0.216727
threshold=160.50000000000003 169.50000000000003 178.50000000000003 85.500000000000014 126.50000000000001 167.50000000000003 11.500000000000002 163.50000000000003 152.50000000000003 25.500000000000004 121.50000000000001 21.500000000000004
decision_type=2 2 2 2 2 2 2 2 2 2 2 2
left_child=1 2 9 -2 8 7 -7 -6 -5 10 -1 -11
right_child=3 -3 -4 4 5 6 -8 -9 -10 11 -12 -13
leaf_value=-0.027928695190704872 -0.011236420451753668 0.032758513778487486 0.01031873644623986 0.010254115471000535 -0.033992959745751679 0.0056942712473601765 0.055474097416024638 0.0089841407048431732 0.047886122350208615 -0.010049869690610766 0.017301428001810708 -0.047315383196280723
leaf_weight=12.314445070922373 13.892627611756323 8.23441727273166 10.357737403362988 15.923272868618367 14.20823867805302 19.271025594323874 17.207912418991327 18.779097367078066 29.626768006011844 3.543906580656766 2.8157263547182074 43.132186375558376
leaf_count=503 121 71 104 81 172 97 82 124 169 121 43 1664
internal_value=0.00220092 -0.02482 -0.0330871 0.019351 0.0233597 0.0125004 0.0330329 -0.0115646 0.0370463 -0.0405891 -0.0173047 -0.0457321
internal_weight=209.307 80.3984 72.164 128.909 115.016 69.4663 36.4789 32.9873 45.55 61.8063 15.1302 46.6761
internal_count=3352 2506 2435 846 725 475 179 296 250 2331 546 1785
is_linear=0
shrinkage=0.05


Tree=33
num_leaves=13
num_cat=0
split_feature=16 14 6 10 13 10 5 0 10 11 8 1
split_gain=37.576 17.5982 7.46497 6.85958 7.88133 7.83705 5.34643 15.1868 3.19395 2.50009 0.451005 0.377055
threshold=160.50000000000003 172.50000000000003 168.50000000000003 172.50000000000003 181.50000000000003 158.50000000000003 162.50000000000003 9.5000000000000018 108.50000000000001 96.500000000000014 166.50000000000003 5.5000000000000009
decision_type=2 2 2 2 2 2 2 2 2 2 2 2
left_child=1 2 11 4 5 6 7 9 -3 -2 -9 -1
right_child=3 8 -4 -5 -6 -7 -8 10 -10 -11 -12 -13
leaf_value=-0.046459622626462138 0.031162693189988044 -0.0073546925870529014 0.018918228763604335 0.044277801213204307 0.043586640232166581 -0.019387608824079583 0.030707832900051697 -0.036628900319411108 0.024370623773864033 0.0055248897102826537 -0.0085934617934036207 -0.017693600450850614
leaf_weight=42.296338178217411 19.679388828575611 11.413659654557707 2.561965011060237 17.54388827085495 12.758461400866507 18.217823825776577 24.795608069747686 10.508276458829643 12.172095928341149 19.731338150799274 5.8378083556890479 10.024022037163375
leaf_count=1864 87 141 27 77 56 147 139 190 79 108 42 395
internal_value=0.00216058 -0.0242292 -0.038745 0.0185092 0.0127297 0.00683577 0.0135529 0.00402471 0.010417 0.020394 -0.0309746 -0.0429725
internal_weight=207.541 78.4681 54.8823 129.073 111.529 98.7702 80.5524 55.7568 23.5858 39.4107 16.3461 52.3204
internal_count=3352 2506 2286 846 769 713 566 427 220 195 232 2259
is_linear=0
shrinkage=0.05


Tree=34
num_leaves=15
num_cat=0
split_feature=16 14 14 16 3 11 4 0 15 1 3 12 16 17
split_gain=34.8798 11.3277 7.28497 7.53733 7.64542 8.50758 5.9082 3.62896 3.24027 3.23709 3.5746 3.12554 1.215 0.568762
threshold=157.50000000000003 169.50000000000003 189.50000000000003 187.50000000000003 167.50000000000003 97.500000000000014 92.500000000000014 10.500000000000002 169.50000000000003 5.5000000000000009 89.500000000000014 21.500000000000004 172.50000000000003 0.11516853932584271
decision_type=2 2 2 2 2 2 2 2 2 2 2 2 2 2
left_child=1 9 3 4 5 7 -7 -2 13 -1 -11 -3 -6 -8
right_child=2 11 -4 -5 12 6 8 -9 -10 10 -12 -13 -14 -15
leaf_value=-0.044970539266294629 0.028133323730404305 0.021531468821411541 0.040517699372627961 0.035428037992812973 0.030971748392500904 0.012027331854227765 -0.013635135760242542 -0.0049328743017060528 -0.0019368136621121163 -0.022996714776275073 0.020960277811699356 -0.010596891335997977 0.008550837783080285 -0.04518561013240046
leaf_weight=36.693747866898775 14.141737937927248 8.5037093013525027 21.492383763194084 19.403497237712145 15.718147654086353 8.4013399109244329 7.9795803911984029 12.3882475849241 8.8117794003337604 7.6174859441816789 2.6576272305101156 12.569201443344353 15.980588138103483 13.153029531240461
leaf_count=1818 67 86 90 102 79 85 84 109 72 328 73 138 85 136
internal_value=0.00213257 -0.0260135 0.0164877 0.010544 0.00404652 -0.00586836 -0.0199051 0.0143592 -0.0293033 -0.038574 -0.00848797 0.0040109 0.0223735 -0.0381605
internal_weight=205.512 68.0418 137.47 115.978 96.5745 64.8757 38.3457 26.53 29.9444 46.9689 10.2751 21.0729 31.6987 21.1326
internal_count=3352 2443 909 819 717 553 377 176 292 2219 401 224 164 220
is_linear=0
shrinkage=0.05


Tree=35
num_leaves=15
num_cat=0
split_feature=16 9 14 3 15 10 10 2 13 12 4 16 3 12
split_gain=32.3898 16.5737 9.95418 6.5524 5.93872 7.31067 11.7433 3.76569 4.0086 3.43212 2.39115 1.8082 3.60977 0.307522
threshold=160.50000000000003 169.50000000000003 178.50000000000003 85.500000000000014 173.50000000000003 172.50000000000003 158.50000000000003 3.5000000000000004 101.50000000000001 119.50000000000001 153.50000000000003 25.500000000000004 121.50000000000001 21.500000000000004
decision_type=2 2 2 2 2 2 2 2 2 2 2 2 2 2
left_child=1 2 11 -2 5 6 7 9 -9 -5 -6 12 -1 -13
right_child=3 -3 -4 4 10 -7 -8 8 -10 -11 -12 13 -14 -15
leaf_value=-0.02646213864582175 -0.012030981383714411 0.030959588817724561 0.0095080488982995821 0.0030902185439284006 0.050356106233934654 0.042126638869744104 -0.028718065392418019 0.017861285764304052 -0.017687544549892745 0.035311773548620133 0.015608600342774429 -0.0090803820866604615 0.016974519068414278 -0.046638976966330889
leaf_weight=11.337174534797667 13.911605931818483 8.324844812974332 10.475230082869528 13.527261719107626 16.487349353730682 12.136527851223944 14.738141715526579 10.180236596614124 11.614738045260308 21.456178966909647 14.788707751780747 3.3527658600360146 2.8349471036344758 38.620037203654647
leaf_count=503 121 71 104 71 91 54 118 62 105 138 86 121 43 1664
internal_value=0.00209436 -0.0231396 -0.0315892 0.0170887 0.0209681 0.0126763 0.00525234 0.0156808 -0.000848494 0.024797 0.0383419 -0.0394074 -0.0156124 -0.0449247
internal_weight=203.786 74.945 66.6202 128.841 114.929 83.6531 71.5166 56.7784 21.795 34.9834 31.2761 56.1449 14.1721 41.9728
internal_count=3352 2506 2435 846 725 548 494 376 167 209 177 2331 546 1785
is_linear=0
shrinkage=0.05


Tree=36
num_leaves=14
num_cat=0
split_feature=16 14 3 0 7 8 3 5 5 1 3 12 5
split_gain=30.0962 10.5981 7.00081 9.99466 4.90338 4.55905 4.29103 4.01546 10.3005 3.3306 3.37131 2.80509 0.967475
threshold=157.50000000000003 169.50000000000003 171.50000000000003 14.500000000000002 171.50000000000003 96.500000000000014 105.50000000000001 108.50000000000001 142.50000000000003 5.5000000000000009 89.500000000000014 21.500000000000004 164.50000000000003
decision_type=2 2 2 2 2 2 2 2 2 2 2 2 2
left_child=1 9 3 4 5 6 -2 -7 -9 -1 -11 -3 -5
right_child=2 11 -4 12 -6 7 -8 8 -10 10 -12 -13 -14
leaf_value=-0.044446259641102694 0.0028347076557159786 0.020304695609563887 0.036798526201169766 -0.032369953043456828 0.034868863567716728 -0.02038228133770037 0.037248944081004737 0.032326723750609236 -0.01947715906011278 -0.022062905224702434 0.020720944316924922 -0.010098854085949526 -0.005779992584735787
leaf_weight=33.837228475138545 18.488144744187593 8.6686222963035124 25.32915073633194 7.5237736012786618 19.631980508565903 14.504888217896221 14.627506989985703 14.921505235135557 13.917582865804432 7.2293350435793382 2.6793989911675453 12.402663763612507 8.3692513853311521
leaf_count=1818 113 86 112 160 93 96 87 67 111 328 73 138 70
internal_value=0.00208992 -0.0248516 0.0152336 0.00899169 0.0151799 0.00829451 0.020928 -0.00252395 0.00814254 -0.0376823 -0.00742452 0.00390431 -0.0231019
internal_weight=202.131 64.8172 137.314 111.985 96.0916 76.4596 33.1157 43.344 28.8391 43.746 9.90873 21.0713 15.893
internal_count=3352 2443 909 797 567 474 200 274 178 2219 401 224 230
is_linear=0
shrinkage=0.05


Tree=37
num_leaves=15
num_cat=0
split_feature=16 9 14 10 13 12 15 10 3 0 13 16 17 5
split_gain=27.9339 15.3219 8.52582 6.11698 7.04427 6.88609 8.78106 7.24328 5.88245 3.84841 1.98719 1.95257 3.57298 1.13861
threshold=160.50000000000003 168.50000000000003 178.50000000000003 172.50000000000003 181.50000000000003 105.50000000000001 172.50000000000003 158.50000000000003 167.50000000000003 8.5000000000000018 157.50000000000003 25.500000000000004 0.31741573033707871 164.50000000000003
decision_type=2 2 2 2 2 2 2 2 2 2 2 2 2 2
left_child=1 2 11 4 5 -2 7 8 9 -7 -8 12 -1 -11
right_child=3 -3 -4 -5 -6 6 10 -9 -10 13 -12 -13 -14 -15
leaf_value=0.017801244780808002 0.029884661655300123 0.027737968409203465 0.0079891054708049313 0.040189156315111413 0.039685943825246608 0.0047389465728851074 0.031276284621066956 -0.041382474604599317 0.022397082114471889 -0.034324670066563923 0.0040896634890035055 -0.044299440505759791 -0.025528379275642051 -0.0048808371075353017
leaf_weight=2.7312918454408637 16.92905130982399 9.2676761448383314 10.060641016811131 17.20730085670948 12.619461283087729 15.483737044036387 12.590481163933875 11.075703589245675 12.210760056972502 10.277294600382449 13.690540028735994 38.897861901670694 10.767253756523131 6.601677641272544
leaf_count=41 88 84 101 77 56 75 86 98 57 171 89 1777 503 49
internal_value=0.00202764 -0.0220719 -0.030971 0.0157829 0.0104523 0.00498965 -0.00157737 -0.0125925 -0.00198638 -0.0129526 0.0200314 -0.0384961 -0.0143193 -0.0265558
internal_weight=200.411 71.7247 62.457 128.686 111.479 98.8592 81.9302 55.6492 44.5735 32.3627 26.281 52.3964 13.4985 16.879
internal_count=3352 2506 2422 846 769 713 625 450 352 295 175 2321 544 220
is_linear=0
shrinkage=0.05


Tree=38
num_leaves=13
num_cat=0
split_feature=16 14 3 0 0 11 14 16 1 17 3 7
split_gain=25.9093 9.9171 6.36818 8.9286 4.61193 7.83498 5.44898 5.6303 3.41601 3.17025 2.57806 0.971973
threshold=157.50000000000003 169.50000000000003 171.50000000000003 14.500000000000002 12.500000000000002 97.500000000000014 188.50000000000003 179.50000000000003 5.5000000000000009 0.51966292134831471 104.50000000000001 164.50000000000003
decision_type=2 2 2 2 2 2 2 2 2 2 2 2
left_child=1 8 3 4 5 -2 7 -7 -1 -10 -3 -5
right_child=2 10 -4 11 -6 6 -8 -9 9 -11 -12 -13
leaf_value=-0.043909460050149132 0.024286711072166525 -0.013806204267314671 0.034665946774227102 -0.031757156368912548 0.031074138559292887 -0.035922734930227199 0.015873481659443699 0.0039764141933763012 0.020468292856760054 -0.021120925184680325 0.015539193626996142 -0.0052781495428262451
leaf_weight=31.235992947593331 30.043917372822762 8.0102846156805771 25.204819850623608 7.3322665169835082 23.729748595505953 14.510676570236685 13.185360535979269 14.528827130794523 2.702347291633485 6.8597548380494118 13.028874322772024 8.1641080230474454
leaf_count=1818 145 139 112 164 157 124 57 84 73 328 85 66
internal_value=0.00202346 -0.0236905 0.0140809 0.00813921 0.0139536 0.00668503 -0.00708434 -0.0183088 -0.0367687 -0.00637512 0.00386078 -0.0224976
internal_weight=198.537 61.8373 136.7 111.495 95.9985 72.2688 42.2249 29.0395 40.7981 9.5621 21.0392 15.4964
internal_count=3352 2443 909 797 567 410 265 208 2219 401 224 230
is_linear=0
shrinkage=0.05


Tree=39
num_leaves=12
num_cat=0
split_feature=3 0 5 5 16 9 2 14 5 6 6
split_gain=24.3098 17.2481 13.6153 15.404 11.7547 9.22022 8.2128 6.12607 3.5524 0.660844 0.600084
threshold=121.50000000000001 15.500000000000002 123.50000000000001 163.50000000000003 173.50000000000003 174.50000000000003 3.5000000000000004 180.50000000000003 154.50000000000003 115.50000000000001 121.50000000000001
decision_type=2 2 2 2 2 2 2 2 2 2 2
left_child=4 2 -2 8 7 -3 -5 9 -4 -1 -11
right_child=1 5 3 6 -6 -7 -8 -9 -10 10 -12
leaf_value=-0.041109589997094728 0.05361433806754691 -0.0373930714225977 0.00092919909234521862 0.043461805327029694 0.0062225140477322367 0.021138374839692275 0.0017934908780465977 0.0083350126338170676 -0.032279842894840247 0.0068604078702765208 -0.015036657465273461
leaf_weight=39.133958459831774 24.464403833262622 16.362691296264533 15.107415349222721 27.874931484460831 27.42163872346282 5.9915181305259457 19.166353803128004 6.0985948592424384 11.606927240267394 1.7043260671198361 2.0810969667509198
leaf_count=1851 130 443 124 134 159 35 116 68 105 70 117
internal_value=0.0019179 0.015672 0.0245541 0.0121231 -0.0194077 -0.0207088 0.028288 -0.0329946 -0.0163139 -0.0391243 -0.00688431
internal_weight=197.014 120.574 98.22 73.7556 76.4396 22.3542 47.0413 49.018 26.7143 42.9194 3.78542
internal_count=3352 1087 609 479 2265 478 250 2106 229 2038 187
is_linear=0
shrinkage=0.05


Tree=40
num_leaves=12
num_cat=0
split_feature=3 0 5 5 16 9 0 14 5 6 6
split_gain=22.4591 15.8323 12.354 14.2125 11.1512 8.80189 8.08049 5.91803 3.40054 0.638542 0.585695
threshold=121.50000000000001 15.500000000000002 123.50000000000001 163.50000000000003 173.50000000000003 174.50000000000003 11.500000000000002 180.50000000000003 149.50000000000003 115.50000000000001 121.50000000000001
decision_type=2 2 2 2 2 2 2 2 2 2 2
left_child=4 2 -2 8 7 -3 -5 9 -4 -1 -11
right_child=1 5 3 6 -6 -7 -8 -9 -10 10 -12
leaf_value=-0.040643829132838136 0.051030806669124677 -0.036851500919820361 0.0061552911766576688 0.0037698340181994468 0.0059496728069618433 0.020499810787378416 0.044398769789777547 0.0080831665714848518 -0.02692877440580942 0.0067645270757640532 -0.014879652681715592
leaf_weight=37.697135495953262 24.665581833571196 15.859304763376715 9.6023561423644441 22.696369040757418 27.473131934180856 6.0241499673575154 24.40149156935513 6.1291739568114272 16.888145472854376 1.712717538699507 2.0514127956703305
leaf_count=1851 130 443 75 120 159 35 130 68 154 70 117
internal_value=0.0018466 0.0150348 0.0234773 0.0115827 -0.0188816 -0.0201873 0.0270606 -0.032419 -0.0158632 -0.0386319 -0.00679066
internal_weight=195.201 120.137 98.2539 73.5884 75.0636 21.8835 47.0979 47.5904 26.4905 41.4613 3.76413
internal_count=3352 1087 609 479 2265 478 250 2106 229 2038 187
is_linear=0
shrinkage=0.05


Tree=41
num_leaves=15
num_cat=0
split_feature=3 16 14 6 5 5 3 6 14 16 6 10 12 14
split_gain=21.4967 20.8061 8.46491 6.16743 5.50511 11.5425 9.54788 5.91453 3.75603 2.08971 1.8541 1.58904 0.542381 0.316212
threshold=175.50000000000003 160.50000000000003 178.50000000000003 168.50000000000003 141.50000000000003 164.50000000000003 110.50000000000001 158.50000000000003 96.500000000000014 25.500000000000004 111.50000000000001 140.50000000000003 21.500000000000004 173.50000000000003
decision_type=2 2 2 2 2 2 2 2 2 2 2 2 2 2
left_child=1 2 3 9 6 -6 8 -7 -3 11 -8 13 -11 -1
right_child=-2 4 -4 -5 5 7 10 -9 -10 12 -12 -13 -14 -15
leaf_value=-0.022079395077698707 0.059044964119953858 0.013987614863659785 0.0086454232269210785 0.01790874075814099 -0.030794423117246686 -0.0092743458450444682 0.0158327456023496 0.027090846131018809 -0.018413005497925596 -0.0069754340344483998 0.044470298925121853 0.011290531561209901 -0.045724972073198845 0.00023750762239395156
leaf_weight=8.9481438687071186 10.15487778931856 11.709514698013665 12.952041584998367 2.6131219342350951 17.696666490286589 15.25897419080138 18.754187129437923 23.114393591880798 14.561976850032805 2.970909481868147 18.539528716355562 2.0070463800802818 32.599296911619604 1.6719423532485951
leaf_count=493 47 70 117 27 197 104 110 110 114 123 105 32 1681 22
internal_value=0.00179059 -0.00286252 -0.0248762 -0.0334302 0.00939749 -0.00204972 0.0189081 0.0132283 -0.00404421 -0.0376353 0.0336434 -0.0128931 -0.0437471 -0.0196146
internal_weight=193.553 183.398 63.7625 50.8105 119.635 56.07 63.5652 38.3734 26.2715 48.1973 37.2937 12.6271 35.5702 10.6201
internal_count=3352 3305 2495 2378 810 411 399 214 184 2351 215 547 1804 515
is_linear=0
shrinkage=0.05


Tree=42
num_leaves=15
num_cat=0
split_feature=3 16 14 6 5 5 3 6 14 16 10 6 12 15
split_gain=20.1474 19.3869 8.07365 5.98187 5.08271 10.7673 8.76091 5.43007 3.49852 2.0785 1.86266 1.71469 0.536372 0.328256
threshold=175.50000000000003 160.50000000000003 178.50000000000003 168.50000000000003 141.50000000000003 164.50000000000003 110.50000000000001 158.50000000000003 96.500000000000014 25.500000000000004 142.50000000000003 111.50000000000001 21.500000000000004 22.500000000000004
decision_type=2 2 2 2 2 2 2 2 2 2 2 2 2 2
left_child=1 2 3 9 6 -6 8 -7 -3 10 13 -8 -11 -1
right_child=-2 4 -4 -5 5 7 11 -9 -10 12 -12 -13 -14 -15
leaf_value=-0.023588357006274051 0.057332498400059377 0.013455510529146057 0.0083038066356397721 0.017532191426573824 -0.030078621710715861 -0.0089450864132885402 0.015161102267873011 0.02589644093724694 -0.017827734700463099 -0.0068621229432124873 0.013494894061079558 0.042602028280948993 -0.045383634153515352 -0.0019552216891936215
leaf_weight=7.483716660179196 10.086344055831431 11.760348133742811 13.01470986753702 2.6424233131110659 17.34004925377667 15.214799139648674 18.82539421133697 23.199814260005951 14.454941991716622 2.9520121440291396 1.8021320439875115 18.602516232058406 31.273472481407225 3.1702189743518829
leaf_count=363 47 70 117 27 197 104 110 110 114 123 29 105 1681 155
internal_value=0.00178834 -0.00274693 -0.024293 -0.0328667 0.00902676 -0.00201641 0.0181433 0.0126559 -0.00388651 -0.0371398 -0.0125258 0.0322131 -0.0433593 -0.0198318
internal_weight=191.823 181.737 62.3387 49.324 119.398 55.7547 63.6432 38.4146 26.2153 46.6816 12.4561 37.4279 34.2255 10.6539
internal_count=3352 3305 2495 2378 810 411 399 214 184 2351 547 215 1804 518
is_linear=0
shrinkage=0.05


Tree=43
num_leaves=14
num_cat=0
split_feature=3 0 0 5 5 5 0 3 10 6 3 4 9
split_gain=18.9013 18.2888 19.4577 11.3914 11.7403 13.9293 11.8483 7.11936 8.05135 18.1921 3.5939 2.01022 0.295713
threshold=175.50000000000003 15.500000000000002 6.5000000000000009 22.500000000000004 145.50000000000003 162.50000000000003 11.500000000000002 128.50000000000003 69.500000000000014 112.50000000000001 167.50000000000003 21.500000000000004 174.50000000000003
decision_type=2 2 2 2 2 2 2 2 2 2 2 2 2
left_child=1 2 -1 11 7 -6 -7 8 -5 -10 12 -4 -3
right_child=-2 10 3 4 5 6 -8 -9 9 -11 -12 -13 -14
leaf_value=-0.039944557521137736 0.05570912064478914 -0.043244496720223763 -0.037413282190032225 0.042227760053864145 -0.035449379490451863 -0.011911577028680641 0.036386149967587565 0.0501148125581697 -0.032552564015103695 0.034727485797189164 0.0045994545406925326 0.0017715006350688817 -0.0054264011467754216
leaf_weight=16.355085527524352 10.008898384869097 23.287454460747547 8.0695852804929 12.05057810526341 15.075507439672945 20.500198729336262 21.903737409040332 22.884556394070387 16.122593678534034 14.163503400981424 3.8261162824928752 3.7862044740468255 2.1193525642156592
leaf_count=1022 47 1082 176 151 160 115 118 119 142 68 38 96 18
internal_value=0.00177933 -0.00264059 0.00469769 0.0113606 0.0161225 -0.000584007 0.014243 0.0298392 0.0147436 -0.000626147 -0.0356766 -0.028086 -0.0415009
internal_weight=190.153 180.144 150.912 134.556 122.701 57.4794 42.4039 65.2212 42.3367 30.2861 29.2329 11.8558 25.4068
internal_count=3352 3305 2167 1145 873 393 233 480 361 210 1138 272 1100
is_linear=0
shrinkage=0.05


Tree=44
num_leaves=14
num_cat=0
split_feature=3 0 0 5 5 5 0 9 10 5 17 4 9
split_gain=17.7815 17.2434 18.3464 10.6867 10.8258 13.0956 9.11727 6.75314 7.84332 17.7714 3.49923 1.944 0.291821
threshold=175.50000000000003 15.500000000000002 6.5000000000000009 22.500000000000004 145.50000000000003 164.50000000000003 11.500000000000002 162.50000000000003 69.500000000000014 108.50000000000001 0.058988764044943826 21.500000000000004 174.50000000000003
decision_type=2 2 2 2 2 2 2 2 2 2 2 2 2
left_child=1 2 -1 11 7 -6 -7 8 -5 -10 -3 -4 -12
right_child=-2 10 3 4 5 6 -8 -9 9 -11 12 -13 -14
leaf_value=-0.039545082400952565 0.054166373495891644 0.004494716672889522 -0.036871580293459182 0.044594874858030646 -0.031675466522845135 -0.0089393143362627766 0.034847667622379085 0.05518975636707002 -0.028962283597128033 0.031765058023219404 -0.042863127051565135 0.0017323885884093873 -0.0053505806585803584
leaf_weight=15.759912662208079 9.9238247871398908 3.8357750382274416 7.8575871074572188 12.778258845210074 17.503354064188898 19.162647696211934 20.56579690054059 14.083816777914761 17.601701795123518 20.88192580640316 22.387248707935218 3.7908666841685772 2.1129312422126523
leaf_count=1022 47 38 176 154 182 104 107 76 146 104 1082 96 18
internal_value=0.00171813 -0.00259843 0.00449008 0.0108949 0.0154863 -0.000608907 0.0150891 0.0286243 0.0170695 0.00385304 -0.0351646 -0.0275611 -0.0410832
internal_weight=188.246 178.322 149.986 134.226 122.578 57.2318 39.7284 65.3457 51.2619 38.4836 28.336 11.6485 24.5002
internal_count=3352 3305 2167 1145 873 393 211 480 404 250 1138 272 1100
is_linear=0
shrinkage=0.05


Tree=45
num_leaves=14
num_cat=0
split_feature=3 0 5 5 2 16 9 14 6 14 6 6 15
split_gain=16.7999 11.7247 10.0148 10.931 8.64527 8.58171 7.23746 5.69231 3.16621 0.729084 0.814653 0.549549 0.204326
threshold=121.50000000000001 15.500000000000002 123.50000000000001 162.50000000000003 3.5000000000000004 173.50000000000003 174.50000000000003 193.50000000000003 140.50000000000003 180.50000000000003 115.50000000000001 121.50000000000001 163.50000000000003
decision_type=2 2 2 2 2 2 2 2 2 2 2 2 2
left_child=5 2 -2 8 -5 7 12 9 -4 10 -1 -12 -3
right_child=1 6 3 4 -6 -7 -8 -9 -10 -11 11 -13 -14
leaf_value=-0.038950050020715991 0.044847329276708266 -0.037713916409682607 0.0048793916750474332 0.037720115337684851 -0.0027342827689700545 0.0043770040955760248 0.018140306932943211 0.022105681465956525 -0.028659658733659235 -0.0063678115213657311 0.0076824118999662865 -0.013116557552400768 -0.005629886555048539
leaf_weight=32.492641766555607 24.69138178601861 11.446255641989412 9.222366491332652 28.524780593812466 20.741850197315216 27.450939891859889 5.953087616711854 1.5805178433656681 13.786451420746742 4.5691447332501403 1.5721552902832621 1.7312705572694538 2.5526401009410611
leaf_count=1851 130 393 62 138 128 159 35 8 151 60 70 117 50
internal_value=0.00167829 0.0130632 0.0201706 0.00938405 0.0220057 -0.0170918 -0.018599 -0.0301116 -0.0167453 -0.0343672 -0.0367227 -0.00455247 -0.0348848
internal_weight=186.315 116.919 96.9668 72.2754 49.2666 69.3967 19.952 41.9457 23.0088 40.3652 35.7961 3.30343 13.9989
internal_count=3352 1087 609 479 266 2265 478 2106 213 2098 2038 187 443
is_linear=0
shrinkage=0.05


Tree=46
num_leaves=15
num_cat=0
split_feature=3 0 0 5 5 5 0 9 10 5 17 4 10 9
split_gain=16.3838 15.5133 16.443 9.57082 9.81294 11.5888 7.46222 6.14738 7.57341 16.3098 3.37404 1.91323 1.50908 0.241069
threshold=175.50000000000003 15.500000000000002 6.5000000000000009 22.500000000000004 145.50000000000003 165.50000000000003 11.500000000000002 162.50000000000003 69.500000000000014 108.50000000000001 0.058988764044943826 21.500000000000004 133.50000000000003 174.50000000000003
decision_type=2 2 2 2 2 2 2 2 2 2 2 2 2 2
left_child=1 2 -1 11 7 12 -7 8 -5 -10 -3 -4 -6 -12
right_child=-2 10 3 4 5 6 -8 -9 9 -11 13 -13 -14 -15
leaf_value=-0.038805950702050326 0.052193731674705639 0.0045055753489293996 -0.036188896972825665 0.042777305479291899 -0.0071017101677849741 -0.0074650813170077067 0.03315730384307921 0.052172434986994698 -0.028617285014486116 0.02963637770126511 -0.042186930423348486 0.0020483542855785119 -0.038491840615133936 -0.005488573266227305
leaf_weight=14.714548677206038 9.7720634192228299 3.8187352176755693 7.5305109918117505 12.907674757763742 8.7485050167888421 18.376514060422778 19.221182622015476 14.052563574165104 17.404082675464451 20.966585760936141 20.890985290519897 3.7352170227095485 10.414305217564104 2.1223738659173241
leaf_count=1022 47 38 176 154 86 98 100 76 146 104 1082 96 109 18
internal_value=0.00160741 -0.00259096 0.0040863 0.0100504 0.0143685 -0.00100973 0.0147567 0.0268512 0.0158934 0.00296079 -0.034293 -0.0267785 -0.0285961 -0.0403862
internal_weight=184.676 174.904 148.072 133.357 122.091 56.7605 37.5977 65.3309 51.2783 38.3707 26.8321 11.2657 19.1628 23.0134
internal_count=3352 3305 2167 1145 873 393 198 480 404 250 1138 272 195 1100
is_linear=0
shrinkage=0.05


Tree=47
num_leaves=15
num_cat=0
split_feature=3 0 0 9 5 5 0 3 10 6 17 9 5 9
split_gain=15.4411 14.6327 15.5277 9.10367 9.13644 10.9883 9.40212 5.85182 8.03613 16.1632 3.28269 1.54282 0.918584 0.237751
threshold=175.50000000000003 15.500000000000002 6.5000000000000009 21.500000000000004 145.50000000000003 162.50000000000003 11.500000000000002 128.50000000000003 69.500000000000014 112.50000000000001 0.058988764044943826 23.500000000000004 22.500000000000004 174.50000000000003
decision_type=2 2 2 2 2 2 2 2 2 2 2 2 2 2
left_child=1 2 -1 12 7 -6 -7 8 11 -10 -3 -5 -4 -12
right_child=-2 10 3 4 5 6 -8 -9 9 -11 13 -13 -14 -15
leaf_value=-0.038402539148991034 0.050815264651203784 0.0044032307790264754 -0.034071181224728402 0.050728388226183245 -0.033184407410233478 -0.01151199256941206 0.031366974311085753 0.044062360417671628 -0.032509440443268638 0.030908641997392263 -0.04180063332014522 0.0080589255623179628 -0.0030753794794926913 -0.0054118414422716392
leaf_weight=14.191480235196648 9.6734297350049001 3.8280963953584459 6.6400353526696545 6.7430404694750887 13.939335507340727 20.320317750796676 22.271452579647303 23.067986910231411 16.146541336551312 14.17029060423374 20.096224784851078 5.2976115085184574 4.3683916702866554 2.1158997081220141
leaf_count=1022 47 38 166 115 160 115 118 119 155 68 1082 79 50 18
internal_value=0.00154629 -0.00255411 0.00390087 0.00964407 0.0138311 -0.00104914 0.0118494 0.02585 0.0123266 -0.00268808 -0.0337844 0.0398279 -0.0265736 -0.0399656
internal_weight=182.87 173.197 147.156 132.965 121.957 56.5311 42.5918 65.4255 42.3575 30.3168 26.0402 12.0407 11.0084 22.2121
internal_count=3352 3305 2167 1145 929 393 233 536 417 223 1138 194 216 1100
is_linear=0
shrinkage=0.05


Tree=48
num_leaves=15
num_cat=0
split_feature=3 0 0 5 5 5 0 9 10 5 17 4 10 9
split_gain=14.5543 13.8164 14.6817 8.65217 8.54225 10.3067 6.23158 5.74544 6.8621 14.2602 3.19296 1.75628 1.46281 0.234266
threshold=175.50000000000003 15.500000000000002 6.5000000000000009 22.500000000000004 145.50000000000003 165.50000000000003 11.500000000000002 162.50000000000003 69.500000000000014 108.50000000000001 0.058988764044943826 21.500000000000004 133.50000000000003 174.50000000000003
decision_type=2 2 2 2 2 2 2 2 2 2 2 2 2 2
left_child=1 2 -1 11 7 12 -7 8 -5 -10 -3 -4 -6 -12
right_child=-2 10 3 4 5 6 -8 -9 9 -11 13 -13 -14 -15
leaf_value=-0.037998274216792652 0.049495703227604174 0.0043031857001888741 -0.035298554321401047 0.039796807670918116 -0.0065382241241269531 -0.0067377760195315925 0.030369450153337654 0.0493679104750335 -0.027705044691312061 0.026963672957369868 -0.041412626212936399 0.0016959875558913427 -0.037391272473006158 -0.0053362875364644157
leaf_weight=13.691246364265679 9.5706690996885282 3.8372508902102735 7.2112144157290441 13.194491067901252 8.5944804539904016 18.316213931888342 19.393380720168352 14.038338195532559 17.015592988580465 21.068126514554024 19.336420333012942 3.754057596437633 9.973198193125425 2.1095181237906209
leaf_count=1022 47 38 176 154 86 98 100 76 146 104 1082 96 109 18
internal_value=0.00149858 -0.00250543 0.00373852 0.00927374 0.0133646 -0.00106135 0.013667 0.0249858 0.0145177 0.00215741 -0.0332774 -0.0260685 -0.0275271 -0.0395438
internal_weight=181.104 171.534 146.25 132.559 121.594 56.2773 37.7096 65.3165 51.2782 38.0837 25.2832 10.9653 18.5677 21.4459
internal_count=3352 3305 2167 1145 873 393 198 480 404 250 1138 272 195 1100
is_linear=0
shrinkage=0.05


Tree=49
num_leaves=15
num_cat=0
split_feature=3 0 0 9 5 3 8 6 5 0 14 17 4 5
split_gain=13.7378 13.0304 13.8734 8.41327 8.09475 8.26023 8.43843 14.1282 6.56497 5.7256 4.4966 3.10486 2.0123 0.719878
threshold=175.50000000000003 15.500000000000002 6.5000000000000009 21.500000000000004 123.50000000000001 128.50000000000003 24.500000000000004 112.50000000000001 165.50000000000003 11.500000000000002 178.50000000000003 0.058988764044943826 161.50000000000003 22.500000000000004
decision_type=2 2 2 2 2 2 2 2 2 2 2 2 2 2
left_child=1 2 -1 13 5 6 -5 10 12 -10 -8 -3 -6 -4
right_child=-2 11 3 4 8 -7 7 -9 9 -11 -12 -13 -14 -15
leaf_value=-0.037593362757027737 0.048230262632989331 0.0042053918054748233 -0.033137408055094041 0.045227071045751181 -0.029218436875755451 0.052537827176312661 -0.041807831681066714 0.030590287552739216 -0.0064793428882025028 0.029072776609371073 0.0023048077124089451 -0.039121046724604286 -0.0027668385786034457 -0.0039109661167750073
leaf_weight=13.212789138779042 9.4645751714706403 3.8462030049413469 6.3388321632519347 8.3534337515011412 11.349713501520457 15.163520105183123 11.287354988977315 14.35475382208824 18.294426243752241 19.466499648988247 8.1807967610657197 20.713254173286259 14.917509377002714 4.4327606726437807
leaf_count=1022 47 38 166 137 129 73 154 68 98 100 57 1100 113 50
internal_value=0.00143152 -0.00247949 0.00355855 0.00889397 0.0129174 0.0257426 0.0115618 -0.00150664 0.000399184 0.0131049 -0.026588 -0.0327722 -0.0170409 -0.0261629
internal_weight=179.376 169.912 145.352 132.14 121.368 57.3399 42.1763 33.8229 64.0281 37.7609 19.4682 24.5595 26.2672 10.7716
internal_count=3352 3305 2167 1145 929 489 416 279 440 198 211 1138 242 216
is_linear=0
shrinkage=0.05


Tree=50
num_leaves=15
num_cat=0
split_feature=3 0 0 9 5 5 0 9 8 5 8 17 5 9
split_gain=12.962 12.2618 13.1248 7.94991 7.69623 9.42581 7.49652 5.19592 8.95507 11.4304 4.4733 3.01057 0.700707 0.298955
threshold=175.50000000000003 15.500000000000002 6.5000000000000009 21.500000000000004 145.50000000000003 162.50000000000003 11.500000000000002 162.50000000000003 24.500000000000004 108.50000000000001 94.500000000000014 0.058988764044943826 22.500000000000004 174.50000000000003
decision_type=2 2 2 2 2 2 2 2 2 2 2 2 2 2
left_child=1 2 -1 12 7 -6 -7 8 -5 10 -10 -3 -4 -13
right_child=-2 11 3 4 5 6 -8 -9 9 -11 -12 13 -14 -15
leaf_value=-0.037188014720756606 0.04701470915313493 0.0041097988466147831 -0.032664177600961193 0.048136477861459838 -0.03176421648082383 -0.010466221978149767 0.02779329700333601 0.04664189423910986 0.0039404336574088775 0.025017400239215722 -0.037384589979640059 -0.04064993290966426 -0.0038219108593533255 -0.0047196481904503611
leaf_weight=12.755099501460789 9.3558555543422681 3.8549570422619608 6.1854748018085939 9.0456875432282668 13.234794185496865 20.173020729795098 22.50950582139194 14.011290088295935 9.3409128719940799 21.110535260289907 11.706177660264073 17.947213919833306 4.4259278867393732 2.057189403101801
leaf_count=1022 47 38 166 140 160 115 118 77 108 104 107 1082 50 18
internal_value=0.00138718 -0.00243127 0.00339963 0.00854532 0.0124465 -0.00128207 0.0105094 0.023471 0.0135452 0.00180615 -0.0218084 -0.0322155 -0.0257113 -0.0386376
internal_weight=177.714 168.358 144.498 131.743 121.132 55.9173 42.6825 65.2146 51.2033 42.1576 21.0471 23.8594 10.6114 20.0044
internal_count=3352 3305 2167 1145 929 393 233 536 459 319 215 1138 216 1100
is_linear=0
shrinkage=0.05


Tree=51
num_leaves=15
num_cat=0
split_feature=3 0 0 5 4 4 3 10 6 16 0 17 5 3
split_gain=12.2463 11.5693 12.4176 7.60403 7.37331 6.09095 5.96529 5.66706 14.177 4.42594 10.3269 2.92568 2.28531 0.876723
threshold=175.50000000000003 15.500000000000002 6.5000000000000009 22.500000000000004 151.50000000000003 163.50000000000003 128.50000000000003 79.500000000000014 112.50000000000001 179.50000000000003 11.500000000000002 0.058988764044943826 21.500000000000004 85.500000000000014
decision_type=2 2 2 2 2 2 2 2 2 2 2 2 2 2
left_child=1 2 -1 12 6 -6 7 13 -9 10 -7 -3 -4 -5
right_child=-2 11 3 4 5 9 -8 8 -10 -11 -12 -13 -14 -15
leaf_value=-0.036782444958925117 0.045845285535977727 0.0040163581945120604 -0.035196666902317986 0.0098850344347914173 -0.023299988446738685 -0.027644519556875965 0.043745000200149466 -0.034453043473741417 0.028669461672471971 0.027488294882457739 0.023679005505058668 -0.03821183554813487 0.005457412192919708 0.039607767604427024
leaf_weight=12.317212224937974 9.2451393306255323 3.8635171186178949 7.4709315700456482 8.6701834946870822 15.766169608570634 14.999590195715429 19.152029628865421 13.34096151776612 12.350326482206581 14.553737841546534 14.270974768325685 19.333503466099501 3.1312190918251872 7.5824281852692357
leaf_count=1022 47 38 195 133 155 96 109 131 58 69 83 1100 77 39
internal_value=0.00132532 -0.00240466 0.00323744 0.00820371 0.012035 -0.000664404 0.0235347 0.01063 -0.00438162 0.0090311 -0.00281762 -0.0317136 -0.0252888 0.0298077
internal_weight=176.048 166.803 143.606 131.289 120.686 59.5905 61.0959 41.9439 25.6913 43.8243 29.2706 23.197 10.6022 16.2526
internal_count=3352 3305 2167 1145 873 403 470 361 189 248 179 1138 272 172
is_linear=0
shrinkage=0.05


Tree=52
num_leaves=14
num_cat=0
split_feature=0 0 5 1 11 10 13 15 8 8 0 5 2
split_gain=11.7292 12.9151 11.4755 6.93355 7.20624 5.16983 6.85244 5.71217 3.4671 3.08937 8.56023 2.09312 0.907606
threshold=17.500000000000004 6.5000000000000009 21.500000000000004 5.5000000000000009 174.50000000000003 175.50000000000003 123.50000000000001 172.50000000000003 96.500000000000014 169.50000000000003 8.5000000000000018 154.50000000000003 2.5000000000000004
decision_type=2 2 2 2 2 2 2 2 2 2 2 2 2
left_child=1 -1 -3 4 5 6 9 8 -8 10 -4 -10 -12
right_child=-2 2 3 -5 -6 -7 7 -9 11 -11 12 -13 -14
leaf_value=-0.036376868660787952 -0.037502374271746707 -0.03573339544333972 0.023541417320097215 0.046160293681930177 0.038426794796026759 0.032307659075214157 0.004665645421339841 0.011275045222762398 -0.0081523379132936499 0.031193735117765888 -0.0015782603391490025 -0.036736718726803445 -0.026273556386972388
leaf_weight=11.898209555074571 12.642286848276852 8.1057470608502609 20.895977017469704 9.9699816908687335 13.612820602953432 9.8635750878602249 9.647158860228954 17.800824226811528 13.962014731019737 12.639592083171008 5.8609831212088457 17.594006745144725 9.8746878551319224
leaf_count=1022 867 248 125 124 71 52 124 117 132 76 84 151 159
internal_value=0.00130758 0.00537509 0.00975841 0.0134894 0.00941973 0.00465273 0.000818579 -0.0102993 -0.0198314 0.0138549 0.00484429 -0.0269344 -0.0196739
internal_weight=174.368 161.726 149.827 141.722 131.752 118.139 108.275 59.004 41.2032 49.2712 36.6316 31.556 15.7357
internal_count=3352 2485 1463 1215 1091 1020 968 524 407 444 368 283 243
is_linear=0
shrinkage=0.05


Tree=53
num_leaves=15
num_cat=0
split_feature=3 0 0 9 5 3 8 6 5 0 14 17 5 10
split_gain=11.3595 10.4179 11.1394 6.96629 6.55932 7.18464 7.11908 11.8456 5.71582 4.38405 4.22911 2.78796 2.59092 1.46483
threshold=175.50000000000003 15.500000000000002 6.5000000000000009 21.500000000000004 123.50000000000001 128.50000000000003 24.500000000000004 112.50000000000001 165.50000000000003 11.500000000000002 178.50000000000003 0.058988764044943826 146.50000000000003 133.50000000000003
decision_type=2 2 2 2 2 2 2 2 2 2 2 2 2 2
left_child=1 2 -1 -4 5 6 -5 10 12 -10 -8 -3 -6 -14
right_child=-2 11 3 4 8 -7 7 -9 9 -11 -12 -13 13 -15
leaf_value=-0.035971505888782083 0.044411535973229992 0.0039641089317651 -0.024903014043928338 0.040003309171324213 0.0047372122596239796 0.047747896889134396 -0.040822488181970068 0.026916000781159279 -0.005586789067476546 0.025638933543236115 0.0023229132934975585 -0.037446452045886168 -0.005116106523949792 -0.035561535607341863
leaf_weight=11.497214060276745 9.0555384457111341 3.8433170840144184 10.20531832333654 8.7229651147499663 8.3266077376902121 15.055844109505413 10.80923553556204 14.331697449088095 18.013309426605701 19.538198299705982 8.0652075074613077 18.216778094880283 8.1905468320474046 9.1519453674554807
leaf_count=1022 47 38 216 137 56 73 154 68 98 100 57 1100 81 105
internal_value=0.00125069 -0.00237664 0.00294575 0.0075783 0.0112203 0.0227781 0.00967998 -0.00247842 -0.000103421 0.0117637 -0.0257607 -0.0308325 -0.0165515 -0.0255455
internal_weight=173.024 163.968 141.908 130.411 120.206 56.9849 41.9291 33.2061 63.2206 37.5515 18.8744 22.0601 25.6691 17.3425
internal_count=3352 3305 2167 1145 929 489 416 279 440 198 211 1138 242 186
is_linear=0
shrinkage=0.05


Tree=54
num_leaves=15
num_cat=0
split_feature=3 0 0 5 5 3 5 10 6 0 6 5 5 10
split_gain=10.7384 9.80376 10.5579 6.60073 6.18147 6.58632 5.34298 5.14501 12.4703 4.03362 3.0292 2.39364 1.96935 1.41305
threshold=175.50000000000003 15.500000000000002 6.5000000000000009 22.500000000000004 123.50000000000001 128.50000000000003 165.50000000000003 79.500000000000014 112.50000000000001 11.500000000000002 167.50000000000003 148.50000000000003 21.500000000000004 133.50000000000003
decision_type=2 2 2 2 2 2 2 2 2 2 2 2 2 2
left_child=1 2 -1 12 5 7 11 -5 -9 -8 -3 -6 -4 -13
right_child=-2 10 3 4 6 -7 9 8 -10 -11 -12 13 -14 -15
leaf_value=-0.035566574278343817 0.043337520478765476 -0.035204689917266961 -0.033906098754276214 0.027630010412784869 0.0042790472313975498 0.04600711403642524 -0.0053725082424245924 -0.033396453442190666 0.026131387033960347 0.024572597132750066 0.011850585843390301 -0.0049252194431901701 0.0044133879509478261 -0.034892873224195979
leaf_weight=11.113389742560683 8.9427485018968564 19.959090980701152 6.9692525966092926 16.369561496190727 8.4059700248762983 15.033950429409741 17.99507206864655 13.002442927099766 12.318750724196432 19.58256533369422 1.5082570016384114 8.1519837370142358 3.2131044594570994 8.8713047849014384
leaf_count=1022 47 1121 195 172 60 73 98 131 57 100 17 80 77 102
internal_value=0.00120495 -0.00233826 0.00280704 0.00728614 0.010844 0.0220899 -0.000160352 0.00946197 -0.00490267 0.0112856 -0.0302845 -0.0161496 -0.0243429 -0.0249184
internal_weight=171.437 162.495 141.027 129.914 119.732 56.7247 63.0069 41.6908 25.3212 37.5776 21.4673 25.4293 10.1824 17.0233
internal_count=3352 3305 2167 1145 873 433 440 360 188 198 1138 242 272 182
is_linear=0
shrinkage=0.05


Tree=55
num_leaves=14
num_cat=0
split_feature=0 0 5 1 11 10 13 15 15 8 0 7 2
split_gain=10.2523 11.0327 9.96003 6.43346 6.55789 4.73165 6.15984 5.19072 3.24812 2.94401 7.7753 1.68364 0.842315
threshold=17.500000000000004 6.5000000000000009 21.500000000000004 5.5000000000000009 174.50000000000003 175.50000000000003 123.50000000000001 172.50000000000003 103.50000000000001 169.50000000000003 8.5000000000000018 142.50000000000003 2.5000000000000004
decision_type=2 2 2 2 2 2 2 2 2 2 2 2 2
left_child=1 -1 -3 4 5 6 9 8 -8 10 -4 -10 -12
right_child=-2 2 3 -5 -6 -7 7 -9 11 -11 12 -13 -14
leaf_value=-0.035162292429950129 -0.036446312822584363 -0.034471786433782951 0.021776467668471071 0.043626637440658131 0.036187872016171581 0.030521005192165669 0.0039971376029228779 0.010261081266392316 -0.009009565328913012 0.029578753390780643 -0.0017791905839648866 -0.035891367771950802 -0.025990784473511993
leaf_weight=10.745937977917491 11.498267712071536 7.5393613576889029 20.795159093104303 10.052371853031216 13.405446156859396 9.6140900477766973 9.8670209394767863 17.716612452641129 13.977120379917325 12.477542189881204 5.792693877592682 16.71873673889786 9.6674199793487769
leaf_count=1022 867 248 125 124 71 52 132 117 100 76 84 175 159
internal_value=0.00115436 0.00491622 0.00889 0.0123313 0.00838612 0.0038342 0.000181258 -0.0103978 -0.0195568 0.012623 0.00390998 -0.0266275 -0.0195708
internal_weight=169.868 158.37 147.624 140.084 130.032 116.626 107.012 58.2795 40.5629 48.7328 36.2553 30.6959 15.4601
internal_count=3352 2485 1463 1215 1091 1020 968 524 407 444 368 275 243
is_linear=0
shrinkage=0.05


Tree=56
num_leaves=15
num_cat=0
split_feature=3 10 5 6 2 0 0 8 15 4 12 5 14 3
split_gain=10.0461 8.06561 7.01593 12.7411 6.26417 6.01308 9.33781 5.63361 4.66593 2.79925 2.36082 1.2839 2.60379 1.12494
threshold=121.50000000000001 178.50000000000003 120.50000000000001 155.50000000000003 3.5000000000000004 8.5000000000000018 6.5000000000000009 90.500000000000014 161.50000000000003 98.500000000000014 152.50000000000003 154.50000000000003 171.50000000000003 128.50000000000003
decision_type=2 2 2 2 2 2 2 2 2 2 2 2 2 2
left_child=5 2 13 11 8 6 -1 -8 -5 -7 -11 12 -4 -2
right_child=1 -3 3 4 -6 9 7 -9 -10 10 -12 -13 -14 -15
leaf_value=-0.034278567457698056 0.0059569165996922581 0.044331478754436097 -0.028325772040781339 0.0051654277713507708 -0.0095752065824466666 -0.039540963995793411 0.031140112178287768 -0.0082738039069126818 0.043182015425082147 -0.016720607890100294 0.025276571431560164 -0.038613526343074925 0.0070848603759609205 0.032162958841122392
leaf_weight=10.038045621477066 8.4943972611799854 9.9450885783880931 4.9226082656532544 18.436199640855197 19.110262615606189 17.846874563023452 14.169162349775435 14.052780201658605 11.93536859564483 2.4700640747323628 1.1342756496742366 12.940166160464285 7.6460886150598526 15.490183702670036
leaf_count=1008 70 56 209 151 153 768 104 107 67 272 6 175 52 154
internal_value=0.00109321 0.0100004 0.00458482 -0.00328416 0.0114075 -0.0146718 -0.00176125 0.0132229 0.0240974 -0.0330132 0.00350398 -0.0289818 -0.0108983 0.0255105
internal_weight=168.632 108.92 98.9753 74.9907 49.4818 59.7112 38.26 28.2219 30.3716 21.4512 3.60434 25.5089 12.5687 23.9846
internal_count=3352 1087 1031 807 371 2265 1219 211 218 1046 278 436 261 224
is_linear=0
shrinkage=0.05


Tree=57
num_leaves=15
num_cat=0
split_feature=3 0 0 9 4 3 10 9 0 8 6 16 1 5
split_gain=9.7251 8.46486 9.03557 6.09452 5.52998 5.5215 5.75124 5.41127 11.3306 4.88375 2.9881 1.26904 0.370569 0.28139
threshold=175.50000000000003 15.500000000000002 6.5000000000000009 21.500000000000004 151.50000000000003 159.50000000000003 141.50000000000003 162.50000000000003 8.5000000000000018 94.500000000000014 171.50000000000003 169.50000000000003 4.5000000000000009 22.500000000000004
decision_type=2 2 2 2 2 2 2 2 2 2 2 2 2 2
left_child=1 2 -1 13 7 -6 -7 8 9 -5 11 -3 -10 -4
right_child=-2 10 3 4 5 6 -8 -9 12 -11 -12 -13 -14 -15
leaf_value=-0.034381103225841973 0.041578854681013681 -0.039379501616373019 -0.029840505886143787 0.041865336459259862 -0.023863923614126568 0.02319446093951729 -0.0097623222164661735 0.043770265076376894 -0.031305472872151519 0.005632625057357143 0.012529091410932553 -0.0033086324777034867 -0.0055085804898158258 -0.0055444073313739226
leaf_weight=10.072195395827292 8.6554574370384199 14.839623088948434 5.2615954671055061 14.091106006875632 14.183045919984577 22.568795569241047 21.419827748090029 12.904217519797383 7.1902811992913467 21.731005805544555 1.403683854267 3.8953382009640327 4.4389181192964315 4.4974089097231627
leaf_count=1022 47 1051 166 80 134 126 143 71 93 142 13 74 140 50
internal_value=0.00106798 -0.0023482 0.00241737 0.00648791 0.00990566 -0.00120716 0.00778802 0.0198893 0.00984158 0.0232673 -0.0290578 -0.0341566 -0.0260757 -0.0243152
internal_weight=167.153 158.497 138.358 128.286 118.527 58.1717 43.9886 60.3555 47.4513 35.8221 20.1386 18.735 11.6292 9.759
internal_count=3352 3305 2167 1145 929 403 269 526 455 222 1138 1125 233 216
is_linear=0
shrinkage=0.05


Tree=58
num_leaves=15
num_cat=0
split_feature=3 0 0 9 9 0 14 7 14 2 9 6 16 15
split_gain=9.21871 7.94444 8.56036 5.77134 5.46653 8.05504 5.66831 6.1425 4.71445 10.1009 3.05241 2.90837 1.24006 0.295139
threshold=175.50000000000003 15.500000000000002 6.5000000000000009 21.500000000000004 25.500000000000004 8.5000000000000018 189.50000000000003 104.50000000000001 177.50000000000003 3.5000000000000004 162.50000000000003 171.50000000000003 169.50000000000003 130.50000000000003
decision_type=2 2 2 2 2 2 2 2 2 2 2 2 2 2
left_child=1 2 -1 13 5 -5 7 -6 9 -9 -11 12 -3 -4
right_child=-2 11 3 4 6 -7 -8 8 -10 10 -12 -13 -14 -15
leaf_value=-0.033979832096672782 0.040601561017961446 -0.038957529105662345 -0.0070302423575216606 0.061581750067932053 -0.026025334567531363 -0.0082857712452197967 0.027670452253659217 0.034282065343034671 -0.0099128851706870233 -0.021742936610683425 0.0085628608912271323 0.012381751825022878 -0.0032397026221572967 -0.031361280202169967
leaf_weight=9.7488488983362895 8.5438083559274656 14.317760230973368 5.9251985345035774 5.8713655527681095 13.904528220184146 4.9539561402052641 17.479787319898605 24.429681394249201 27.257802832871675 12.411056971177461 11.997186928987501 1.408738650381564 3.8859322154894462 3.7067313995212317
leaf_count=1022 47 1051 176 34 140 139 84 153 149 136 94 13 74 40
internal_value=0.000995168 -0.00234064 0.00225758 0.00619306 0.00951419 0.0370925 0.00521113 -0.000377654 0.00562446 0.0144115 -0.00792373 -0.0285225 -0.033674 -0.0239108
internal_weight=165.842 157.299 137.686 127.937 118.305 10.8253 107.48 90.0003 76.0957 48.8379 24.4082 19.6124 18.2037 9.63193
internal_count=3352 3305 2167 1145 929 173 756 672 532 383 230 1138 1125 216
is_linear=0
shrinkage=0.05


Tree=59
num_leaves=15
num_cat=0
split_feature=0 5 0 1 11 4 5 6 3 3 10 6 15 0
split_gain=8.82652 9.05697 8.60137 5.82139 5.84559 4.26515 4.45548 5.41901 6.17746 5.41246 5.12769 6.67736 4.2608 3.60442
threshold=17.500000000000004 21.500000000000004 6.5000000000000009 5.5000000000000009 174.50000000000003 177.50000000000003 121.50000000000001 174.50000000000003 171.50000000000003 128.50000000000003 79.500000000000014 109.50000000000001 125.50000000000001 7.5000000000000009
decision_type=2 2 2 2 2 2 2 2 2 2 2 2 2 2
left_child=1 -1 -3 4 5 6 9 8 12 10 13 -12 -8 -4
right_child=-2 2 3 -5 -6 -7 7 -9 -10 -11 11 -13 -14 -15
leaf_value=-0.035261835354025578 -0.035278873151627754 -0.031617531830519151 0.035001970396962533 0.040826999909687987 0.033831157566076263 0.029164719959032033 0.0013228278018539627 0.01973911159246489 0.011761097747094841 0.033016097080194685 -0.035870786269761278 0.011942082635449436 -0.034968770137693297 -0.005057881059384553
leaf_weight=8.3541997838765365 10.354889185633509 8.0268059647642058 7.5205580620095125 10.031041466630993 13.037557035684584 8.8083008397370559 10.493052245583383 8.6209953278303129 11.795992234721778 12.476698227226732 11.122741425409915 9.8783737421035749 25.748055293224752 8.1884398004040104
leaf_count=384 867 886 39 124 71 53 137 40 62 60 125 48 290 166
internal_value=0.000954337 0.00442118 0.0077899 0.0111139 0.00732922 0.00302782 -0.000364717 -0.00954167 -0.016162 0.0101112 -0.000698104 -0.0154092 -0.0255747 0.0179409
internal_weight=164.458 154.103 145.749 137.722 127.691 114.653 105.845 56.6581 48.0371 49.1868 36.7101 21.0011 36.2411 15.709
internal_count=3352 2485 2101 1215 1091 1020 967 529 489 438 378 173 427 205
is_linear=0
shrinkage=0.05


Tree=60
num_leaves=15
num_cat=0
split_feature=3 0 0 9 9 14 7 11 0 14 9 6 1 5
split_gain=8.46248 7.23576 7.77819 5.3551 5.12376 5.11575 5.69468 5.10544 7.24186 7.97356 2.95353 2.78413 2.49236 1.27997
threshold=175.50000000000003 15.500000000000002 6.5000000000000009 21.500000000000004 25.500000000000004 189.50000000000003 102.50000000000001 102.50000000000001 12.500000000000002 174.50000000000003 162.50000000000003 171.50000000000003 1.0000000180025095e-35 174.50000000000003
decision_type=2 2 2 2 2 2 2 2 2 2 2 2 2 2
left_child=1 2 -1 -4 -5 6 -6 12 9 -9 -10 13 -8 -3
right_child=-2 11 3 4 5 -7 7 8 10 -11 -12 -13 -14 -15
leaf_value=-0.033198735267077041 0.039180421530547176 -0.036047287154214284 -0.023357762639512461 0.035738917177239135 -0.027692281738074517 0.026283975322658665 0.0032137020242871354 0.0076466174151616634 -0.0026045392286108801 -0.037899372235500162 0.030853488443543464 0.012173065366079355 0.033081488778238771 0.0036981370984899157
leaf_weight=9.1546216658316535 8.3512615486979467 16.088134265970446 9.4393767490982992 10.793796063400803 11.078793296590446 17.275595173239708 13.398719333112242 14.736082348041238 10.563790244050326 16.664071464911103 9.8751217313110811 1.402392305433749 12.925563800148664 1.2737171314656723
leaf_count=1022 47 1112 216 173 114 84 79 124 105 101 58 13 91 13
internal_value=0.000964043 -0.00226172 0.00211421 0.00582781 0.00903505 0.004848 -0.000475941 0.00481468 -0.00442878 -0.0184104 0.0164478 -0.0277321 0.0208187 -0.0329565
internal_weight=163.021 154.67 135.906 126.751 117.312 106.518 89.2421 78.1633 51.8391 31.4002 20.4389 18.7642 26.3243 17.3619
internal_count=3352 3305 2167 1145 929 756 672 558 388 225 163 1138 170 1125
is_linear=0
shrinkage=0.05


Tree=61
num_leaves=15
num_cat=0
split_feature=3 10 5 6 0 0 2 8 15 4 12 5 14 14
split_gain=8.16753 6.98443 6.17699 10.7984 5.33386 7.36357 5.28782 4.9514 4.28099 2.86237 1.96381 1.28215 2.45378 1.10979
threshold=121.50000000000001 178.50000000000003 120.50000000000001 155.50000000000003 8.5000000000000018 6.5000000000000009 3.5000000000000004 90.500000000000014 161.50000000000003 98.500000000000014 152.50000000000003 154.50000000000003 171.50000000000003 178.50000000000003
decision_type=2 2 2 2 2 2 2 2 2 2 2 2 2 2
left_child=4 2 13 11 5 -1 8 -7 -5 -6 -11 12 -4 -2
right_child=1 -3 3 6 9 7 -8 -9 -10 10 -12 -13 -14 -15
leaf_value=-0.032291492902982673 0.0082115275459793378 0.041555722845995964 -0.027272733737695339 0.0038538576674480396 -0.038573672915741965 0.028371895998477323 -0.0092994128907697617 -0.0085915422799658341 0.040179510405988661 -0.014924191444529909 0.023955284797977594 -0.037413783415329339 0.0074083712449434028 0.033123097187230777
leaf_weight=8.5503965420648438 12.314094430767001 9.4256025701761228 4.5591504941694456 18.119067642837766 16.328208864666525 14.067563271149995 18.790826813317835 13.856871904805301 11.674796221777795 2.0986226391978557 1.1691318834200499 12.226009219419209 7.4823557324707508 11.099475108087061
leaf_count=1008 168 56 209 151 768 104 153 107 67 272 6 175 52 56
internal_value=0.000962887 0.00903438 0.00395554 -0.00353077 -0.0137456 -0.00141265 0.0100372 0.0115104 0.0218166 -0.0317477 0.00506088 -0.0277687 -0.00987179 0.0237717
internal_weight=161.762 105.691 96.2658 72.8522 56.0708 36.4748 48.5847 27.9244 29.7939 19.596 3.26775 24.2675 12.0415 23.4136
internal_count=3352 1087 1031 807 2265 1219 371 211 218 1046 278 436 261 224
is_linear=0
shrinkage=0.05


Tree=62
num_leaves=14
num_cat=0
split_feature=0 5 0 1 11 10 13 15 15 8 0 7 2
split_gain=7.95135 8.19579 7.48332 5.23865 5.11706 3.68355 4.93141 4.21015 3.11435 2.77022 6.26635 1.65451 0.672254
threshold=17.500000000000004 21.500000000000004 6.5000000000000009 5.5000000000000009 174.50000000000003 175.50000000000003 123.50000000000001 172.50000000000003 103.50000000000001 169.50000000000003 8.5000000000000018 142.50000000000003 2.5000000000000004
decision_type=2 2 2 2 2 2 2 2 2 2 2 2 2
left_child=1 -1 -3 4 5 6 9 8 -8 10 -4 -10 -12
right_child=-2 2 3 -5 -6 -7 7 -9 11 -11 12 -13 -14
leaf_value=-0.034368082540550675 -0.034372476108066777 -0.03044324545788267 0.018501899024455561 0.038629246345919181 0.031847336820231095 0.026823931784082957 0.0045905712973406771 0.0087605521511207943 -0.0082458642756708146 0.027307881047748585 -0.0021874277082377627 -0.034947274297234029 -0.02488676613901751
leaf_weight=7.8020694041624656 9.597636759746818 7.3258150070905677 20.616164659149945 10.030642328783868 12.727264333516358 9.0367995090782625 9.5741471443325263 17.329236233606935 13.587852492928507 12.200497452169655 5.5960039114579549 15.773964665830134 9.1554103046655637
leaf_count=384 867 886 125 124 71 52 132 117 100 76 84 175 159
internal_value=0.000944544 0.00422418 0.00742072 0.0104756 0.00683428 0.00278249 -0.000446093 -0.0100668 -0.0184897 0.0108088 0.00243976 -0.0255885 -0.0190093
internal_weight=160.354 150.756 142.954 135.628 125.597 112.87 103.833 56.2652 38.936 47.5681 35.3676 29.3618 14.7514
internal_count=3352 2485 2101 1215 1091 1020 968 524 407 444 368 275 243
is_linear=0
shrinkage=0.05


Tree=63
num_leaves=15
num_cat=0
split_feature=3 5 0 0 5 5 0 9 7 6 12 3 10 16
split_gain=7.69831 6.35415 6.45611 6.40054 4.49789 6.63073 5.2916 4.59313 5.16897 2.46287 2.40648 1.95241 7.11388 1.23208
threshold=175.50000000000003 21.500000000000004 15.500000000000002 6.5000000000000009 145.50000000000003 162.50000000000003 11.500000000000002 162.50000000000003 116.50000000000001 171.50000000000003 108.50000000000001 104.50000000000001 69.500000000000014 169.50000000000003
decision_type=2 2 2 2 2 2 2 2 2 2 2 2 2 2
left_child=1 -1 3 -3 7 -6 -7 8 10 13 11 12 -5 -4
right_child=-2 2 9 4 5 6 -8 -9 -10 -11 -12 -13 -14 -15
leaf_value=-0.035020280679879147 0.037698342121322323 -0.030064374586422693 -0.036379471581813205 0.031083467235264735 -0.029108942710974636 -0.010667050144969185 0.021886120550543699 0.03838422431422412 -0.019514744183977015 0.011882585911805972 0.0030156565578626365 0.043109275356258234 -0.023966106478117376 -0.0016754219587506022
leaf_weight=8.5036319778300804 8.0826709941029531 7.1155844908207646 11.131863752380015 9.2099384078755993 12.035632577724753 18.834502730518579 22.271335307508707 13.189441092312334 9.1361366743221861 1.3967629857361306 23.590046070516109 5.7897260412573806 5.3741235490888348 3.6343832919374099
leaf_count=504 47 886 880 176 160 115 118 77 65 13 128 30 81 72
internal_value=0.000877677 -0.0022341 0.00083884 0.00493536 0.0081449 -0.00263615 0.00743116 0.0163663 0.0080647 -0.0248228 0.0152035 0.0259403 0.00985836 -0.0304223
internal_weight=159.296 151.213 142.709 126.546 119.431 53.1415 41.1058 66.2894 53.1 16.163 43.9638 20.3738 14.5841 14.7662
internal_count=3352 3305 2801 1836 950 393 233 557 480 965 415 287 257 952
is_linear=0
shrinkage=0.05


Tree=64
num_leaves=15
num_cat=0
split_feature=3 10 5 6 0 0 2 8 3 4 14 12 5 9
split_gain=7.38561 6.20945 5.50754 9.73492 4.90375 6.3336 4.84143 4.55085 4.05129 2.87645 2.31034 1.78307 1.23405 2.40744
threshold=121.50000000000001 178.50000000000003 120.50000000000001 155.50000000000003 8.5000000000000018 6.5000000000000009 3.5000000000000004 90.500000000000014 171.50000000000003 98.500000000000014 175.50000000000003 152.50000000000003 154.50000000000003 121.50000000000001
decision_type=2 2 2 2 2 2 2 2 2 2 2 2 2 2
left_child=4 2 -2 12 5 -1 8 -7 10 -6 -5 -11 13 -4
right_child=1 -3 3 6 9 7 -8 -9 -10 11 -12 -13 -14 -15
leaf_value=-0.031147476615937971 0.022508582622811704 0.039568138488842441 -0.024875040178284513 0.017513070350272712 -0.038054088786765437 0.026508082558816256 -0.009092929617170932 -0.0088376053194218589 0.0394683012966928 -0.014044507602976548 -0.011045775856140912 0.023313296039748715 -0.036407337361471066 0.0093207681911179931
leaf_weight=7.8121472522616378 23.150305116549134 9.1091913264244777 5.4819899769499916 9.2758914399892145 15.519544240552934 14.068099323660137 18.613674364984035 13.835175519809125 10.83613011240959 1.9293101150542491 9.3541036490350944 1.1851237686350939 11.693660927470772 6.271838387940079
leaf_count=1008 224 56 75 102 768 104 153 107 57 272 59 6 175 186
internal_value=0.000834749 0.00855084 0.00373147 -0.00341942 -0.0133791 -0.00147524 0.00945313 0.010303 0.0207882 -0.031056 0.00387061 0.00577697 -0.0268371 -0.00929207
internal_weight=158.136 103.787 94.6776 71.5273 54.3494 35.7154 48.0798 27.9033 29.4661 18.634 18.63 3.11443 23.4475 11.7538
internal_count=3352 1087 1031 807 2265 1219 371 211 218 1046 161 278 436 261
is_linear=0
shrinkage=0.05


Tree=65
num_leaves=15
num_cat=0
split_feature=0 3 17 5 6 3 3 16 14 2 15 4 10 4
split_gain=7.23924 7.35517 4.67233 5.06472 5.12777 12.0385 5.00564 4.63415 3.05251 6.7384 1.99273 1.59284 1.36881 6.21659
threshold=17.500000000000004 104.50000000000001 0.01404494382022472 120.50000000000001 108.50000000000001 123.50000000000001 156.50000000000003 198.50000000000003 176.50000000000003 3.5000000000000004 125.50000000000001 166.50000000000003 67.500000000000014 66.500000000000014
decision_type=2 2 2 2 2 2 2 2 2 2 2 2 2 2
left_child=1 7 -3 4 5 -4 10 12 9 -8 -5 -11 13 -1
right_child=-2 2 3 6 -6 -7 8 -9 -10 11 -12 -13 -14 -15
leaf_value=-0.020991317321033702 -0.033639298047735418 0.039179920668936524 -0.034830429307922108 0.001094723950380326 0.038148102498382019 0.027752468248050912 0.03416455986940943 0.022036967381991464 -0.0069558501923915874 0.0064362079011748676 -0.034088584305977297 -0.019470967111706129 -0.034056653878658444 0.032642093363541964
leaf_weight=18.749862187076367 9.0001569967716915 7.4943387657403937 8.0140460017137247 5.2508131684735408 15.22266766708344 13.805079730227588 15.101208959240468 3.1855766996741286 24.935383513569832 7.8033756962977332 8.8208341174758953 7.4187021069228649 9.8707796265371126 2.2441818900406352
leaf_count=797 867 45 285 98 123 71 121 16 140 107 117 58 480 27
internal_value=0.000801055 0.00392802 0.0100011 0.0062787 0.0199815 0.00255797 -0.00189407 -0.015061 0.0052959 0.0149292 -0.0241149 -0.00788242 -0.0214284 -0.0100821
internal_weight=156.917 147.917 113.866 106.372 37.0418 21.8191 69.3303 34.0504 55.2587 30.3233 14.0716 15.2221 30.8648 20.994
internal_count=3352 2485 1165 1120 479 356 641 1320 426 286 215 165 1304 824
is_linear=0
shrinkage=0.05


Tree=66
num_leaves=14
num_cat=0
split_feature=0 5 0 1 13 10 13 16 8 8 0 2 10
split_gain=6.91489 7.03778 6.25824 4.70554 4.87686 4.38511 5.06499 4.95686 5.2612 2.50224 5.65779 0.548283 0.516537
threshold=17.500000000000004 21.500000000000004 6.5000000000000009 5.5000000000000009 181.50000000000003 175.50000000000003 123.50000000000001 183.50000000000003 96.500000000000014 169.50000000000003 8.5000000000000018 2.5000000000000004 148.50000000000003
decision_type=2 2 2 2 2 2 2 2 2 2 2 2 2
left_child=1 -1 -3 4 5 6 9 8 -8 10 -4 -12 -10
right_child=-2 2 3 -5 -6 -7 7 -9 12 -11 11 -13 -14
leaf_value=-0.032991618939169957 -0.03322639861043386 -0.029029122477547131 0.017075374098480645 0.036163751929881992 0.029335860119605046 0.027829132846001182 0.0080914999999246225 0.013751237911545264 -0.014086254616965728 0.025424849333581828 -0.0026685833261519492 -0.024217530784660057 -0.035847878476446625
leaf_weight=7.1030667452141634 8.7255196939222497 6.5676966309547415 20.432735902257264 10.016268929466603 14.139755450189112 9.256945585831998 10.858124242164193 11.033998216502367 15.338058596011253 12.034484917297958 5.4916995801031581 8.8921568570658547 15.882103073876349
leaf_count=384 867 886 125 124 81 52 132 67 130 76 84 159 185
internal_value=0.000788772 0.00383343 0.00677615 0.00952448 0.00603706 0.00186864 -0.00174653 -0.0118093 -0.0192605 0.00969972 0.00175409 -0.0188008 -0.0285771
internal_weight=155.773 147.047 139.944 133.376 123.36 109.22 99.9634 53.1123 42.0783 46.8511 34.8166 14.3839 31.2202
internal_count=3352 2485 2101 1215 1091 1010 958 514 447 444 368 243 315
is_linear=0
shrinkage=0.05


Tree=67
num_leaves=15
num_cat=0
split_feature=0 5 0 1 11 12 5 15 16 13 3 10 11 16
split_gain=6.58817 6.70208 5.95602 4.35907 4.56672 3.01915 3.58448 3.04532 3.2074 3.78441 2.62346 3.58587 1.68198 0.856991
threshold=17.500000000000004 21.500000000000004 6.5000000000000009 5.5000000000000009 174.50000000000003 105.50000000000001 175.50000000000003 173.50000000000003 171.50000000000003 165.50000000000003 104.50000000000001 69.500000000000014 101.50000000000001 179.50000000000003
decision_type=2 2 2 2 2 2 2 2 2 2 2 2 2 2
left_child=1 -1 -3 4 5 10 7 8 9 12 11 -4 -7 -10
right_child=-2 2 3 -5 -6 6 -8 -9 13 -11 -12 -13 -14 -15
leaf_value=-0.032541603576352315 -0.03281638692452081 -0.028663395755797901 0.016598090275578899 0.03479234275988359 0.029721336118867195 0.0032534330540071586 0.018623119751107954 0.0073253167268473134 -0.030018574546345225 0.021582515786739837 0.024645893116831508 -0.02484638500021949 -0.025723329807769625 -0.0080313948012311238
leaf_weight=6.9151552277617148 8.4619838004000467 6.3873061211779705 6.2143757399171609 10.085804685950277 12.340106379240749 7.1820780755952018 11.139580830931662 21.194118113256991 16.534986175596718 7.9870875924825659 17.352012171410024 4.8680100375786424 6.3596292221918702 11.669607988558708
leaf_count=384 867 886 142 124 71 67 62 137 126 61 143 82 117 83
internal_value=0.000726454 0.00368831 0.0065518 0.00922166 0.00584355 0.00200584 -0.00298804 -0.00738506 -0.0137505 0.00104491 0.0147105 -0.00367154 -0.0136219 -0.0235007
internal_weight=154.692 146.23 139.315 132.927 122.842 110.501 82.0671 70.9275 49.7334 21.5288 28.4344 11.0824 13.5417 28.2046
internal_count=3352 2485 2101 1215 1091 1020 653 591 454 245 367 224 184 209
is_linear=0
shrinkage=0.05


Tree=68
num_leaves=15
num_cat=0
split_feature=3 5 0 0 12 15 12 2 0 0 9 6 11 13
split_gain=6.43426 5.23627 5.3683 5.10619 3.83704 4.12624 3.85037 5.13899 3.34356 2.57545 2.55904 2.20853 2.09379 1.94748
threshold=175.50000000000003 21.500000000000004 15.500000000000002 6.5000000000000009 74.500000000000014 167.50000000000003 170.50000000000003 3.5000000000000004 8.5000000000000018 11.500000000000002 87.500000000000014 171.50000000000003 113.50000000000001 173.50000000000003
decision_type=2 2 2 2 2 2 2 2 2 2 2 2 2 2
left_child=1 -1 3 -3 8 10 7 -7 -5 -10 -6 -4 -12 -14
right_child=-2 2 11 4 5 6 -8 -9 9 -11 12 -13 13 -15
leaf_value=-0.033223923146618831 0.034913550150363744 -0.028301474967712681 -0.029149721389049955 0.041261951587001085 0.007507713774476274 0.036181728151403483 -0.0078136403108207061 -0.0022642657676078385 -0.016988822833288782 0.017638555341628961 0.0023284889035367828 0.011245609484362271 -0.032052017407574636 -0.0033017177483610732
leaf_weight=7.506171482615172 7.6309718638658515 6.2138885031454256 13.638935434632002 8.6795562063343841 17.543943168595433 17.55490326136351 12.991289958357809 13.234457783401011 4.5086019583977741 7.5475228726863861 12.466499808244405 1.3679455369710911 12.139507266692819 10.917761530727146
leaf_count=504 47 886 952 81 123 107 85 85 87 127 82 13 116 57
internal_value=0.000647142 -0.0022347 0.000538021 0.0042631 0.0070682 0.00237827 0.0130013 0.0216485 0.0242553 0.00350491 -0.00675053 -0.0235773 -0.0138497 -0.021453
internal_weight=153.942 146.311 138.805 123.798 117.584 96.8484 43.7807 30.7894 20.7357 12.0561 53.0677 15.0069 35.5238 23.0573
internal_count=3352 3305 2801 1836 950 655 277 192 295 214 378 965 255 173
is_linear=0
shrinkage=0.05


Tree=69
num_leaves=15
num_cat=0
split_feature=3 5 0 0 5 5 0 9 12 10 4 6 16 6
split_gain=6.10854 5.00963 5.01195 4.86181 3.68679 5.89458 4.65511 4.26022 4.77296 3.04332 7.04045 2.13936 1.22066 0.345734
threshold=175.50000000000003 21.500000000000004 15.500000000000002 6.5000000000000009 145.50000000000003 162.50000000000003 11.500000000000002 162.50000000000003 153.50000000000003 69.500000000000014 108.50000000000001 171.50000000000003 169.50000000000003 22.500000000000004
decision_type=2 2 2 2 2 2 2 2 2 2 2 2 2 2
left_child=1 -1 3 -3 7 -6 -7 8 9 13 -11 12 -4 -5
right_child=-2 2 11 4 5 6 -8 -9 -10 10 -12 -13 -14 -15
leaf_value=-0.032779649845402187 0.034134362975953493 -0.027943455914572077 -0.034885380230336042 0.0091253151678590202 -0.028251020731753607 -0.010679517455557485 0.020059656409712204 0.035680226570446713 -0.014060725892832854 -0.021805675653718701 0.024033096486388562 0.011118956916072859 -0.00080576729593821316 0.037239824272553665
leaf_weight=7.3005090504884711 7.5315807014703742 6.047129741869866 9.8156357603147608 5.8164257714524847 11.661708763334898 18.192578444257379 22.217307543382049 12.765957109630106 15.432056486606596 10.760473862290384 12.967103322036563 1.3712217099964608 3.4867169708013526 7.6870837137103081
leaf_count=504 47 886 880 113 160 115 118 77 91 114 70 13 72 92
internal_value=0.000610511 -0.00220077 0.000502315 0.00408244 0.00680391 -0.00302122 0.00656871 0.0142826 0.00645154 0.0156119 0.00306804 -0.023018 -0.0286131 0.0308681
internal_weight=153.053 145.522 138.221 123.548 117.501 52.0716 40.4099 65.4291 52.6631 37.2311 23.7276 14.6736 13.3024 13.5035
internal_count=3352 3305 2801 1836 950 393 233 557 480 389 184 965 952 205
is_linear=0
shrinkage=0.05


Tree=70
num_leaves=15
num_cat=0
split_feature=3 0 3 8 10 5 3 5 11 16 14 17 14 0
split_gain=5.86647 5.51515 4.29945 3.92281 6.51656 4.64028 5.78627 4.17879 5.01624 3.52704 2.09927 3.25855 1.93531 1.67909
threshold=85.500000000000014 17.500000000000004 175.50000000000003 96.500000000000014 117.50000000000001 145.50000000000003 128.50000000000003 162.50000000000003 132.50000000000003 203.00000000000003 169.50000000000003 0.26123595505617986 194.50000000000003 7.5000000000000009
decision_type=2 2 2 2 2 2 2 2 2 2 2 2 2 2
left_child=9 2 3 10 12 6 -6 -7 -9 13 11 -2 -5 -1
right_child=1 -3 -4 4 5 7 -8 8 -10 -11 -12 -13 -14 -15
leaf_value=-0.0041796850277893314 -0.019841682769675552 -0.029024859644228896 0.036416648480235646 -0.026770418973844381 -0.0044228020320734437 -0.024571635610385278 0.041504430078211682 0.019570480803861409 -0.015114349648296386 0.018575176355618662 0.030283887090879827 0.020331233294893374 0.0043499863875034626 -0.033517518490439317
leaf_weight=8.6548771862871998 4.6849459996446985 6.1127844923175862 7.0651535093784323 18.559679081663493 9.9496166696771997 9.8885337365791184 12.196494680829344 21.714072554372251 12.527037685737012 1.7657587081193913 14.169308651238678 5.564818671438843 4.741448462009429 14.361810900736598
leaf_count=555 47 577 45 471 101 179 98 140 99 8 77 153 22 780
internal_value=0.000579556 0.00507909 0.00788403 0.0046598 -0.000514438 0.00757163 0.0238565 -0.00219701 0.00657212 -0.0194866 0.0205021 0.00148397 -0.0207881 -0.0252004
internal_weight=151.956 127.174 121.061 113.996 89.5769 66.2758 22.1461 44.1296 34.2411 24.7824 24.4191 10.2498 23.3011 23.0167
internal_count=3352 2009 1432 1387 1110 617 199 418 239 1343 277 200 493 1335
is_linear=0
shrinkage=0.05


Tree=71
num_leaves=15
num_cat=0
split_feature=0 3 16 2 3 6 14 14 8 3 17 6 3 10
split_gain=5.61045 5.77799 3.92002 3.25937 5.86444 5.76993 6.35915 4.88016 3.81858 2.75042 3.67325 2.08202 2.07091 1.58351
threshold=17.500000000000004 104.50000000000001 203.00000000000003 3.5000000000000004 139.50000000000003 111.50000000000001 176.50000000000003 189.50000000000003 169.50000000000003 166.50000000000003 0.15449438202247193 165.50000000000003 123.50000000000001 67.500000000000014
decision_type=2 2 2 2 2 2 2 2 2 2 2 2 2 2
left_child=1 2 13 5 -5 12 9 -8 11 10 -7 -6 -3 -1
right_child=-2 3 -4 4 8 6 7 -9 -10 -11 -12 -13 -14 -15
leaf_value=-0.0082546148563557246 -0.031476751943600827 -0.027647868059724454 0.021578980042334901 0.02149323360243801 -0.033582740694890451 -0.0056414039325268402 -0.011955655111773241 0.022797477039549742 0.0091686315419672922 0.052514367526575373 0.034320645637590533 -0.00082162640052477133 0.006026404339191686 -0.033128046433542085
leaf_weight=20.221375425811861 7.6008348520845166 5.2663431218825263 2.5991067439317694 12.608076786156742 12.988392820581799 9.1388973644934612 17.56247392855585 13.503375522792338 9.4022397091612202 11.453846275806425 6.4796254076063624 6.9901925120502701 5.5851200786419213 9.3949319515377265
leaf_count=827 867 200 12 164 200 105 113 73 70 67 95 46 32 481
internal_value=0.000572216 0.00327801 -0.0140019 0.00868151 -0.00220153 0.0150064 0.0210707 0.00421676 -0.0140166 0.0367384 0.0152399 -0.0245791 -0.0138821 -0.0197903
internal_weight=150.795 143.194 32.2154 110.979 41.9889 68.9897 58.1382 31.0658 29.3808 27.0724 15.6185 19.9786 10.8515 29.6163
internal_count=3352 2485 1320 1165 480 685 453 186 316 267 200 246 232 1308
is_linear=0
shrinkage=0.05


Tree=72
num_leaves=15
num_cat=0
split_feature=5 0 0 1 13 10 10 16 2 3 4 15 3 13
split_gain=5.423 5.50974 4.92221 3.82687 4.18575 3.68021 4.26706 3.87678 2.47348 3.64634 3.37857 2.65166 2.74742 1.5063
threshold=21.500000000000004 17.500000000000004 6.5000000000000009 5.5000000000000009 181.50000000000003 175.50000000000003 158.50000000000003 174.50000000000003 4.5000000000000009 167.50000000000003 154.50000000000003 115.50000000000001 89.500000000000014 102.50000000000001
decision_type=2 2 2 2 2 2 2 2 2 2 2 2 2 2
left_child=-1 2 -2 4 5 6 8 -8 9 10 11 12 -4 -10
right_child=1 -3 3 -5 -6 -7 7 -9 13 -11 -12 -13 -14 -15
leaf_value=-0.03193224886066455 -0.02721834827149924 -0.029965588375729654 -0.0042862645742201303 0.03212920823527108 0.026848212222184989 0.025185379330450782 -0.036871067049542905 0.003257269230990169 0.0040200971905541959 0.025374317896009094 -0.017244675949556532 -0.0032100930056699348 0.03582232655163093 -0.020624564609078883
leaf_weight=6.8941437229514113 5.7279137414880088 6.704038450960069 5.0350695136003214 10.049591097980736 13.668418154120443 8.9482283871620876 9.6060392037034052 8.9662957787513715 8.1896913959644753 15.648278788663445 13.739058722276239 19.155993387103081 7.4203359154053032 10.062277609482406
leaf_count=504 886 747 153 124 81 52 112 67 60 89 148 139 67 123
internal_value=0.000568382 0.0031625 0.00579617 0.00819634 0.00499829 0.00112525 -0.00219329 -0.0209164 0.00317537 0.00795707 2.42378e-05 0.00885979 0.0230251 -0.0110799
internal_weight=149.815 142.921 136.217 130.489 120.44 106.771 97.823 18.5723 79.2507 60.9987 45.3505 31.6114 12.4554 18.252
internal_count=3352 2848 2101 1215 1091 1010 958 179 779 596 507 359 220 183
is_linear=0
shrinkage=0.05


Tree=73
num_leaves=15
num_cat=0
split_feature=3 5 0 1 14 8 9 5 3 11 10 11 14 11
split_gain=5.18029 4.39872 4.29617 4.25493 4.17985 3.91399 4.77842 5.1541 4.6426 4.63556 3.65471 2.89711 2.84406 3.24576
threshold=175.50000000000003 21.500000000000004 15.500000000000002 5.5000000000000009 189.50000000000003 95.500000000000014 162.50000000000003 108.50000000000001 164.50000000000003 156.50000000000003 124.50000000000001 108.50000000000001 169.50000000000003 22.500000000000004
decision_type=2 2 2 2 2 2 2 2 2 2 2 2 2 2
left_child=1 -1 3 4 5 12 7 -7 -8 10 11 -9 13 -3
right_child=-2 2 -4 -5 -6 6 8 9 -10 -11 -12 -13 -14 -15
leaf_value=-0.031503572064048697 0.031846912750428127 0.013297586279584096 -0.021913785495601877 0.029837488403754848 0.020485281390569793 -0.042872859321137727 0.018905684389360633 -0.0018903418031181582 -0.01478350935896759 -0.02583587140470572 -0.01516229603412097 0.042806226471261581 0.023348927222474735 -0.023297628466596079
leaf_weight=6.7112454962916663 7.1656208857893935 8.1681919516995567 13.760190356057135 8.8914981815032643 16.484688766300678 11.85615988448262 17.351732475683097 5.3432748615741747 14.049373932182787 9.6940696490928513 4.7062248778529456 4.1300653903745115 14.063254311680792 6.4479353707283726
leaf_count=504 47 157 965 200 85 463 110 175 86 78 70 41 115 256
internal_value=0.000508693 -0.00210823 0.000427002 0.0037315 0.000480642 -0.00380659 -0.0102209 -0.0215617 0.00387236 -0.00538662 0.0116844 0.0256521 0.0104961 -0.00466986
internal_weight=148.824 141.658 134.947 121.186 112.295 95.8103 67.1309 35.7298 31.4011 23.8736 14.1796 9.47334 28.6794 14.6161
internal_count=3352 3305 2801 1836 1636 1551 1023 827 196 364 286 216 528 413
is_linear=0
shrinkage=0.05


Tree=74
num_leaves=15
num_cat=0
split_feature=3 10 5 6 0 9 2 15 9 5 3 4 3 12
split_gain=5.12221 4.86908 4.70855 7.90865 4.11239 4.5156 3.67579 3.8246 3.27886 4.53745 4.3516 2.87165 1.41504 1.27062
threshold=121.50000000000001 178.50000000000003 120.50000000000001 155.50000000000003 8.5000000000000018 87.500000000000014 3.5000000000000004 161.50000000000003 21.500000000000004 94.500000000000014 105.50000000000001 98.500000000000014 21.500000000000004 152.50000000000003
decision_type=2 2 2 2 2 2 2 2 2 2 2 2 2 2
left_child=4 2 -2 -4 5 8 7 -5 12 -10 -11 -6 -1 -13
right_child=1 -3 3 6 11 -7 -8 -9 9 10 -12 13 -14 -15
leaf_value=0.0049701733689113629 0.020432562875940315 0.035327758140553035 -0.025844208890792766 0.0011745861743912317 -0.03654741553427919 -0.028491764281742132 -0.0085298613084948249 0.035463062418547325 0.038039409673449126 -0.023752200443864283 0.01985636478999717 -0.01131369599707545 -0.027886127322619365 0.021251152282294555
leaf_weight=3.4630060875788358 21.982985330279917 8.274628207087515 21.792101971805096 17.27029124926776 13.518075839150699 5.9662110824137917 18.032574353739619 10.994916941970585 8.2070173430256563 6.5473681995645148 6.3951464174315333 1.4497977430000895 2.7738375561311841 1.2149400282651184
leaf_count=94 224 56 436 151 768 609 153 67 252 83 90 272 91 6
internal_value=0.000486147 0.0070132 0.00269092 -0.00404294 -0.0119275 -0.00085492 0.00773761 0.0178381 0.00863506 0.0173761 -0.00267572 -0.0291597 -0.0155488 0.0077111
internal_weight=147.883 98.3475 90.0729 68.0899 49.5354 33.3526 46.2978 28.2652 27.3864 21.1495 12.9425 16.1828 6.23684 2.66474
internal_count=3352 1087 1031 807 2265 1219 371 218 610 425 173 1046 185 278
is_linear=0
shrinkage=0.05


Tree=75
num_leaves=15
num_cat=0
split_feature=0 5 0 12 2 3 5 8 11 5 11 6 0 16
split_gain=4.91619 4.96487 4.48196 3.59769 3.58003 6.20886 4.36163 4.08307 2.6264 2.6208 1.69839 0.763095 0.471947 0.194735
threshold=17.500000000000004 21.500000000000004 6.5000000000000009 105.50000000000001 4.5000000000000009 167.50000000000003 126.50000000000001 102.50000000000001 94.500000000000014 171.50000000000003 115.50000000000001 162.50000000000003 8.5000000000000018 25.500000000000004
decision_type=2 2 2 2 2 2 2 2 2 2 2 2 2 2
left_child=1 -1 -3 8 5 6 7 -5 12 11 -10 -8 -4 -12
right_child=-2 2 3 4 -6 -7 9 -9 10 -11 13 -13 -14 -15
leaf_value=-0.029787776721980602 -0.030331209730564447 -0.026501528941551174 0.040994140189779676 -0.010615914956445857 -0.015525359194248998 0.025210255812920624 -0.036282946304181982 0.021663897055561491 -0.0091668621278707518 0.0043697665503312135 0.0044097869532044604 -0.0063360845886778847 0.0094361158726201325 0.019651053259626572
leaf_weight=5.8077053264714769 6.9679103628732255 5.4305812916718414 8.2041532215662283 13.192656206898393 17.504709627479315 24.835909033194184 7.7825954798609036 17.63566025160253 7.4095351952128139 7.0026169698685399 7.0807211860083026 5.5808600410819054 5.4666644679382435 6.8919399799779058
leaf_count=384 867 886 71 79 159 156 144 106 89 46 82 49 150 84
internal_value=0.000484458 0.00301422 0.00545594 0.00774697 0.00224935 0.00704715 -0.00322342 0.00829637 0.0203047 -0.0188592 0.00656526 -0.0289069 0.0342812 0.0151251
internal_weight=146.794 139.826 134.019 128.588 93.535 76.0303 51.1944 30.8283 35.053 20.3661 21.3822 13.3635 13.6708 13.9727
internal_count=3352 2485 2101 1215 739 580 424 185 476 239 255 193 221 166
is_linear=0
shrinkage=0.05


Tree=76
num_leaves=15
num_cat=0
split_feature=3 10 5 6 0 10 9 8 5 9 9 4 5 3
split_gain=4.74008 4.6082 4.32827 7.25618 3.82396 4.28373 3.87873 3.5562 3.50718 4.8542 3.08806 2.79326 2.60991 1.37092
threshold=121.50000000000001 178.50000000000003 120.50000000000001 155.50000000000003 8.5000000000000018 84.500000000000014 21.500000000000004 93.500000000000014 164.50000000000003 168.50000000000003 173.50000000000003 98.500000000000014 117.50000000000001 21.500000000000004
decision_type=2 2 2 2 2 2 2 2 2 2 2 2 2 2
left_child=4 2 -2 -4 5 6 13 -8 10 -10 -5 -6 -7 -1
right_child=1 -3 3 8 11 12 7 -9 9 -11 -12 -13 -14 -15
leaf_value=0.0050003984442938488 0.019494876751833264 0.034419798477016289 -0.025091755606006228 -0.02782344036664311 -0.035982909829034508 -0.031906822825394171 0.034372309991152893 -0.0072630374065632041 0.028820920119115485 -0.0062054009571469509 0.010617908262825212 0.0078166831235030008 0.00984593690664704 -0.027343362058428345
leaf_weight=3.4352165260352221 21.926146916579455 8.0999644380062801 21.381710821762681 6.7667790669947845 13.024180346634237 7.9616991281509382 10.924680799245836 5.3623131848871699 19.397626702673733 14.127942770719526 5.7406425401568413 2.6087670954875639 2.5659089935943484 2.7340261545032263
leaf_count=94 224 56 436 130 768 557 350 68 118 74 49 278 59 91
internal_value=0.000394711 0.00668652 0.00248116 -0.00401641 -0.0116633 -0.000954664 0.0110289 0.0221782 0.00727209 0.0151708 -0.0121862 -0.0285508 -0.0218368 -0.0151572
internal_weight=146.058 97.4408 89.3408 67.4147 48.6168 32.9838 22.4562 16.287 46.033 33.5256 12.5074 15.6329 10.5276 6.16924
internal_count=3352 1087 1031 807 2265 1219 603 418 371 192 179 1046 616 185
is_linear=0
shrinkage=0.05


Tree=77
num_leaves=14
num_cat=0
split_feature=3 5 0 0 1 14 8 14 2 9 15 14 0
split_gain=4.68222 3.83384 3.6387 3.5821 3.8589 3.17085 3.51519 4.29423 4.98535 3.90436 2.38961 1.96968 2.97469
threshold=175.50000000000003 21.500000000000004 17.500000000000004 6.5000000000000009 5.5000000000000009 189.50000000000003 95.500000000000014 177.50000000000003 3.5000000000000004 162.50000000000003 159.50000000000003 169.50000000000003 8.5000000000000018
decision_type=2 2 2 2 2 2 2 2 2 2 2 2 2
left_child=1 -1 3 -3 5 6 11 8 10 -10 -8 12 -5
right_child=-2 2 -4 4 -6 -7 7 -9 9 -11 -12 -13 -14
leaf_value=-0.030303740420380129 0.030513901200763645 -0.02606017300297301 -0.027680880268497656 0.014870432516196797 0.029092655659592057 0.019051457111640913 -0.0010042529207666719 -0.023662240458761634 -0.032349592179511735 0.0046161650109938787 0.027693226611035779 0.022013896270704558 -0.021046932082118597
leaf_weight=6.1576466157566747 6.8748030066490164 5.2528299344703546 5.8096908151637754 7.4315985748544353 9.4065421102568489 16.160389497876167 12.223993422463538 22.879519946873188 9.4023188836872595 12.032216927967964 11.707204616628585 13.952166766859589 5.8069152515381575
leaf_count=504 47 886 745 38 120 85 132 150 157 133 83 118 154
internal_value=0.00035377 -0.00215919 0.000210644 0.00249965 0.00472437 0.00151085 -0.00225991 -0.00821348 0.00115343 -0.0146507 0.0153944 0.0116376 -0.00233512
internal_weight=145.098 138.223 132.065 126.256 121.003 111.596 95.4359 68.2453 45.3657 21.4345 23.9312 27.1907 13.2385
internal_count=3352 3305 2801 2056 1170 1050 965 655 505 290 215 310 192
is_linear=0
shrinkage=0.05


Tree=78
num_leaves=15
num_cat=0
split_feature=13 6 10 16 15 17 11 8 8 17 6 10 5 6
split_gain=4.50178 4.31393 4.81873 5.7271 4.78849 4.77793 3.87767 4.29598 3.59598 2.4647 1.97431 1.50567 1.11635 0.14037
threshold=181.50000000000003 178.50000000000003 175.50000000000003 173.50000000000003 106.50000000000001 0.4971910112359551 155.50000000000003 101.50000000000001 99.500000000000014 0.036516853932584276 139.50000000000003 129.50000000000003 171.50000000000003 25.500000000000004
decision_type=2 2 2 2 2 2 2 2 2 2 2 2 2 2
left_child=1 2 3 4 5 8 7 -5 -1 -6 -9 12 -10 -7
right_child=-2 -3 -4 6 9 13 -8 10 11 -11 -12 -13 -14 -15
leaf_value=0.03399123076941233 0.023088747392695317 0.023990722046586987 0.021870788170090003 -0.0061159533226078505 -0.0023449261653122641 -0.026050796275389698 -0.018586725120423427 0.03437847667301213 -0.024707886924843155 -0.038237886471461487 0.0045800819677186905 0.0092403122477952813 0.0068058137209109845 -0.0031684354406834726
leaf_weight=5.2791480822488728 14.002268329262732 8.6196433920413238 9.5282352450303716 20.706455447711051 6.5996239818632629 8.7636090212035906 11.200812833383678 11.027348609641196 4.2557506300508958 22.853466100757942 11.227271479554473 6.3708652604836971 1.5044704638421533 2.3143813523929557
leaf_count=135 97 45 66 134 42 862 94 75 307 1004 98 113 10 270
internal_value=0.000310006 -0.00290178 -0.00567959 -0.00885508 -0.0191279 -0.00333486 0.0028224 0.00975997 0.0120503 -0.0317028 0.0229436 -0.00463202 -0.0171392 -0.0237423
internal_weight=144.253 130.251 121.631 112.103 57.9413 28.4882 54.1619 42.9611 17.4102 29.4531 22.2546 12.1311 5.76022 11.078
internal_count=3352 3255 3210 3144 2743 1697 401 307 565 1046 173 430 317 1132
is_linear=0
shrinkage=0.05


Tree=79
num_leaves=15
num_cat=0
split_feature=3 5 0 1 14 8 3 16 8 10 10 5 3 2
split_gain=4.35495 3.59982 3.42173 3.66906 3.25515 3.65855 4.33609 3.84433 3.89738 2.71149 2.20577 1.85935 1.83806 1.65476
threshold=175.50000000000003 21.500000000000004 15.500000000000002 5.5000000000000009 189.50000000000003 24.500000000000004 105.50000000000001 187.50000000000003 97.500000000000014 115.50000000000001 140.50000000000003 145.50000000000003 167.50000000000003 2.5000000000000004
decision_type=2 2 2 2 2 2 2 2 2 2 2 2 2 2
left_child=1 -1 3 4 5 -3 -7 8 -8 -10 -11 -12 -4 -5
right_child=-2 2 12 13 -6 6 7 -9 9 10 11 -13 -14 -15
leaf_value=-0.029682850005155959 0.029605578511897119 0.019248663754130268 -0.028297784016828011 0.0010917932253274056 0.017967141291786667 -0.031698534784409364 0.014037134476689901 0.021331899435332285 -0.031446058079096575 0.009709509883800916 0.0027561646154824408 -0.021180558702206222 0.0060023777458353775 0.03940682175397571
leaf_weight=5.9036908976268014 6.7430815175175658 10.124456331133841 9.5123978366609645 4.4513843124732357 15.979052662849424 10.292761833872644 12.776719966437666 9.4902450777590257 10.158309222664682 12.109660735819487 11.21913941530511 16.971808055881411 3.278681186027824 4.3590203379280865
leaf_count=504 47 215 927 111 85 541 151 52 242 111 78 161 38 89
internal_value=0.000356431 -0.00208136 0.000212754 0.00317127 9.39738e-05 -0.00373138 -0.00746813 -0.00222032 -0.00705908 -0.0131848 -0.00561904 -0.0126743 -0.0202898 0.0274524
internal_weight=143.37 136.627 130.724 117.933 109.122 93.1431 83.0186 72.7259 63.2356 50.4589 40.3006 28.1909 12.7911 8.8104
internal_count=3352 3305 2801 1836 1636 1551 1336 795 743 592 350 239 965 200
is_linear=0
shrinkage=0.05


Tree=80
num_leaves=14
num_cat=0
split_feature=0 3 5 0 12 15 12 2 4 16 3 9 6
split_gain=4.21491 4.18894 3.55022 3.2691 3.59378 4.21882 3.56138 5.98523 3.36242 2.72314 1.83298 3.56215 1.79729
threshold=17.500000000000004 175.50000000000003 21.500000000000004 6.5000000000000009 105.50000000000001 166.50000000000003 170.50000000000003 3.5000000000000004 166.50000000000003 171.50000000000003 104.50000000000001 23.500000000000004 141.50000000000003
decision_type=2 2 2 2 2 2 2 2 2 2 2 2 2
left_child=1 2 -1 -4 8 9 7 -7 10 12 11 -5 -6
right_child=-2 -3 3 4 5 6 -8 -9 -10 -11 -12 -13 -14
leaf_value=-0.028203842742804811 -0.029041460927259989 0.031897509750739114 -0.025305686054615795 0.024658622691041184 0.01297570360387142 0.032714558560512655 -0.010750127536847606 -0.0063480811143972679 -0.010978144495658228 -0.023433750675308136 0.033935469880694735 -0.014824498413921836 -0.011000606658654984
leaf_weight=5.2297087749466291 6.290557232219725 6.306361809372901 4.9623739146627477 6.7930195233784634 10.278895804658534 18.412578135728836 12.735824320465325 14.493470680899916 5.6484116585925213 19.434950700961053 14.385693028103558 6.4971842672675848 11.02394349593669
leaf_count=384 867 45 886 164 122 124 88 101 43 145 130 133 120
internal_value=0.000368516 0.00270709 0.000160146 0.00239168 0.00450848 -0.00108446 0.00891601 0.0169415 0.017256 -0.0120386 0.0238164 0.00658055 0.000835702
internal_weight=142.493 136.202 129.896 124.666 119.704 86.3797 45.6419 32.906 33.3243 40.7378 27.6759 13.2902 21.3028
internal_count=3352 2485 2440 2056 1170 700 313 225 470 387 427 297 242
is_linear=0
shrinkage=0.05


Tree=81
num_leaves=15
num_cat=0
split_feature=0 3 1 13 10 8 2 8 14 16 14 14 0 5
split_gain=4.02768 4.02852 3.31944 2.59118 3.00668 4.21325 4.36849 4.50229 4.47632 4.76902 2.61006 3.74195 2.57157 2.92554
threshold=17.500000000000004 85.500000000000014 5.5000000000000009 181.50000000000003 175.50000000000003 96.500000000000014 3.5000000000000004 169.50000000000003 176.50000000000003 163.50000000000003 169.50000000000003 24.500000000000004 7.5000000000000009 25.500000000000004
decision_type=2 2 2 2 2 2 2 2 2 2 2 2 2 2
left_child=1 12 3 4 5 10 8 -8 9 -7 11 -3 13 -1
right_child=-2 2 -4 -5 -6 6 7 -9 -10 -11 -12 -13 -14 -15
leaf_value=0.018718367976376212 -0.028667808026733538 0.018931636458254311 0.031574326128723809 0.021363929748475147 0.022276997883697663 -0.015776237893512034 -0.035681125824074525 0.0046862274764689999 -0.014195512250427103 0.027692760106182102 0.025333170160958481 -0.025314757668110727 -0.027271262652065045 -0.021481439490960201
leaf_weight=6.5891529640648532 6.1233424569945774 4.4083062056452054 6.8449242892675093 12.105061307549475 8.486880846321581 5.2953614431899068 16.900264784460891 8.5532694198191148 19.228569712489843 15.544652816839514 12.805168837308882 4.9145200541242957 11.645921982359139 2.5209239772520959
leaf_count=344 867 39 65 71 52 306 372 65 123 117 71 151 493 216
internal_value=0.000308 0.00258549 0.00635151 0.0034328 0.000230442 -0.00299126 -0.00929259 -0.023574 0.00138853 0.015732 0.013941 -0.00508762 -0.0154754 0.00392413
internal_weight=141.966 135.843 115.087 108.242 96.137 87.6501 65.5221 25.4535 40.0686 20.84 22.128 9.32283 20.756 9.11008
internal_count=3352 2485 1432 1367 1296 1244 983 437 546 423 261 190 1053 560
is_linear=0
shrinkage=0.05


Tree=82
num_leaves=15
num_cat=0
split_feature=3 10 5 6 14 16 5 9 9 8 4 0 5 15
split_gain=3.88172 3.97958 4.04796 6.61339 3.40111 3.44 3.07988 5.13858 2.83006 2.56728 4.41514 3.66056 2.93505 2.01482
threshold=121.50000000000001 180.00000000000003 120.50000000000001 155.50000000000003 197.50000000000003 196.00000000000003 164.50000000000003 169.50000000000003 173.50000000000003 93.500000000000014 66.500000000000014 7.5000000000000009 21.500000000000004 181.50000000000003
decision_type=2 2 2 2 2 2 2 2 2 2 2 2 2 2
left_child=4 2 -2 -4 5 9 8 -8 -5 10 11 12 -1 -11
right_child=1 -3 3 6 -6 -7 7 -9 -10 13 -12 -13 -14 -15
leaf_value=-0.018056791025820321 0.018768397028873521 0.032499792729291606 -0.024633396007343752 -0.027133500604893959 0.021576003219698072 0.015183125495905093 0.027834957405878449 -0.0082117379118613661 0.010084598379261829 -0.037883956997906282 0.019736145439187027 -0.031457384150587013 0.025750780367075673 0.0069848895611271614
leaf_weight=2.224496563896543 21.36107064737007 7.46270428597927 20.651446614880115 6.3935503535903973 2.847798414528369 4.5380659662187091 19.69069691747427 13.446088038384913 5.6331685837358236 13.853208953514693 6.3156597865745416 11.558289657114072 3.7500674733892083 1.2761207297444332
leaf_count=156 224 53 437 130 14 23 121 73 49 938 164 749 211 10
internal_value=0.000293454 0.00603964 0.00213447 -0.00420826 -0.010882 -0.0150108 0.00665572 0.0140492 -0.0118588 -0.0198527 -0.00702577 -0.0189062 0.00864452 -0.0333044
internal_weight=141.002 94.6387 87.176 65.815 46.3637 43.5159 45.1635 33.1368 12.0267 38.9778 23.8485 17.5329 5.97456 15.1293
internal_count=3352 1087 1034 810 2265 2251 373 194 179 2228 1280 1116 367 948
is_linear=0
shrinkage=0.05


Tree=83
num_leaves=15
num_cat=0
split_feature=3 5 0 1 13 6 10 3 12 16 10 0 5 2
split_gain=3.82688 3.18168 2.93848 2.89121 3.04117 2.64459 3.19794 3.70994 3.08211 3.85589 3.58569 2.6206 2.02987 1.90564
threshold=175.50000000000003 21.500000000000004 17.500000000000004 5.5000000000000009 181.50000000000003 178.50000000000003 67.500000000000014 104.50000000000001 105.50000000000001 181.50000000000003 170.50000000000003 8.5000000000000018 121.50000000000001 2.5000000000000004
decision_type=2 2 2 2 2 2 2 2 2 2 2 2 2 2
left_child=1 -1 3 4 5 6 11 -8 -9 10 12 -3 -10 -5
right_child=-2 2 -4 13 -6 -7 7 8 9 -11 -12 -13 -14 -15
leaf_value=-0.028511494049422006 0.028074677792395464 0.024983338846770668 -0.025854990182824989 -0.001642802862001603 0.019599612993737539 0.019013158471392361 -0.034435538163213666 0.011852023366097329 -0.0047808261659395904 0.0080065704410138255 0.0092958835933326638 -0.011269865450394746 -0.032235401619622454 0.034881874146679211
leaf_weight=5.4478433576878151 6.4691396653652182 8.940891308244316 5.0557019980624309 4.80193226598203 11.333618503063915 6.8578044325113288 8.178758832626043 16.15803372208029 11.682654430624096 16.946823631413281 7.0578653598204246 4.1670516086742273 21.555101739242673 5.3251073462888598
leaf_count=504 47 189 745 124 69 30 464 305 162 104 52 145 315 97
internal_value=0.000329184 -0.00198014 0.00017748 0.00221557 -0.000512821 -0.00357204 -0.00607939 -0.00982933 -0.00506628 -0.0104103 -0.0181846 0.0135288 -0.0244724 0.0227445
internal_weight=139.978 133.509 128.061 123.006 112.879 101.545 94.6872 81.5792 73.4005 57.2424 40.2956 13.1079 33.2378 10.127
internal_count=3352 3305 2801 2056 1835 1766 1736 1402 938 633 529 334 477 221
is_linear=0
shrinkage=0.05


Tree=84
num_leaves=15
num_cat=0
split_feature=0 0 9 9 0 7 0 4 3 3 10 9 14 6
split_gain=3.67263 3.83909 3.31486 4.06863 3.66017 3.54236 2.31381 2.12019 7.20651 6.48849 2.96123 3.41378 1.72993 1.05032
threshold=17.500000000000004 6.5000000000000009 21.500000000000004 24.500000000000004 8.5000000000000018 104.50000000000001 7.5000000000000009 151.50000000000003 159.50000000000003 128.50000000000003 143.50000000000003 177.50000000000003 178.50000000000003 155.50000000000003
decision_type=2 2 2 2 2 2 2 2 2 2 2 2 2 2
left_child=1 -1 6 4 -4 12 -3 9 13 -7 -10 -12 -5 -9
right_child=-2 2 3 5 -6 7 -8 8 10 -11 11 -13 -14 -15
leaf_value=-0.026677575666093439 -0.027830876759013475 0.0082004162272037457 0.049618592696783773 -0.024890442924655257 -0.0036806776288282835 -0.0018586384199130179 -0.032338289841540642 -0.035211600482350669 0.021948313945287339 0.039506363200931913 -0.014778629178401493 0.016062101983453463 0.0040946298168826048 -0.0058155558376092303
leaf_weight=5.5311402962543061 5.7451960765756658 2.9047008357010773 4.6671980200335366 9.5517076302785409 3.8634852897375822 20.189210282638669 4.8426309283822775 6.3354799728840572 23.527184894774109 12.191255852114407 15.034581999760123 11.269361682236193 6.0513964882120481 7.4146622596308589
leaf_count=1022 867 30 30 156 147 139 221 109 152 126 147 72 50 84
internal_value=0.000340027 0.0025153 0.0047349 0.00705437 0.0330397 0.00373544 -0.0198843 0.00745201 0.00175006 0.0169165 0.0107851 -0.00111052 -0.0153835 -0.0251379
internal_weight=139.119 133.374 127.843 120.096 8.53068 111.565 7.74733 95.9617 63.5813 32.3805 49.8311 26.3039 15.6031 13.7501
internal_count=3352 2485 1463 1212 177 1035 251 829 564 265 371 219 206 193
is_linear=0
shrinkage=0.05


Tree=85
num_leaves=15
num_cat=0
split_feature=3 5 13 13 10 16 8 0 1 17 3 10 13 6
split_gain=3.61993 2.97098 2.73726 3.23365 4.08826 4.78864 6.12529 4.07098 3.07357 2.82052 2.48823 3.48011 2.35815 2.33571
threshold=175.50000000000003 21.500000000000004 181.50000000000003 102.50000000000001 176.50000000000003 184.50000000000003 109.50000000000001 14.500000000000002 1.0000000180025095e-35 0.33988764044943826 110.50000000000001 67.500000000000014 25.500000000000004 171.50000000000003
decision_type=2 2 2 2 2 2 2 2 2 2 2 2 2 2
left_child=1 -1 3 7 5 6 9 8 -3 -5 11 12 -10 -9
right_child=-2 2 -4 4 -6 -7 -8 13 10 -11 -12 -13 -14 -15
leaf_value=-0.027916525147135759 0.027395261432347159 -0.0024558258671384839 0.019060859656709082 0.013104245687359534 0.023497225510493901 0.011369566503998497 -0.032779177664103473 -0.029902626067208352 -0.007787093208238012 -0.016252689294092799 0.037448063177470174 -0.019529550744320417 0.033854871396610205 0.012395036231640308
leaf_weight=5.2272725158836684 6.3465978726744643 16.682053968077525 11.695657741278408 13.873247710056605 4.1421201084740451 12.924455631524323 28.786598801845685 5.5127222768496713 2.8787472024559992 9.4460333883762342 10.495904243318362 4.3781318673864007 4.5087714609690011 1.4906622860580681
leaf_count=504 47 191 74 112 29 78 782 382 115 472 119 342 95 10
internal_value=0.000263364 -0.00199266 9.4302e-05 -0.00254583 -0.0091187 -0.0127255 -0.0191743 0.00727331 0.0137553 0.000442553 0.0241258 0.00461748 0.0210345 -0.0194867
internal_weight=138.389 132.042 126.815 115.119 69.1725 65.0303 52.1059 45.947 38.9436 23.3193 22.2616 11.7657 7.38752 7.00338
internal_count=3352 3305 2801 2727 1473 1444 1366 1254 862 584 671 552 210 392
is_linear=0
shrinkage=0.05


Tree=86
num_leaves=15
num_cat=0
split_feature=3 5 0 1 14 6 8 10 12 15 15 9 8 7
split_gain=3.42877 2.87405 2.61224 2.59351 2.86033 3.07548 3.67773 4.21774 4.39498 3.07398 4.98591 1.80202 2.37136 3.02101
threshold=175.50000000000003 21.500000000000004 17.500000000000004 5.5000000000000009 191.50000000000003 178.50000000000003 24.500000000000004 175.50000000000003 166.50000000000003 173.50000000000003 144.50000000000003 174.50000000000003 96.500000000000014 102.50000000000001
decision_type=2 2 2 2 2 2 2 2 2 2 2 2 2 2
left_child=1 -1 3 4 5 6 -3 8 9 10 11 12 13 -8
right_child=-2 2 -4 -5 -6 -7 7 -9 -10 -11 -12 -13 -14 -15
leaf_value=-0.027542522922143927 0.026813211413254531 0.01687909522713844 -0.024858210016481423 0.021544047022512985 0.017637631005918638 0.021596486067893366 -0.014961912436443195 0.018014519693681726 0.0083892597553027349 0.0061486559879521275 -0.041087653709000423 0.013894780876648525 -0.021490312133004813 0.025313518421995748
leaf_weight=5.1043622610159209 6.2706279233098021 10.11008966504596 4.6905436764936885 10.074360987171529 13.413678973913191 5.9828717708587638 4.8788952960167133 7.5067653339356175 14.714980767108498 7.943253048695623 19.624486577231437 3.1513980980962506 19.815074647078291 4.093198191607371
leaf_count=504 47 249 745 221 71 26 229 44 110 55 231 22 768 30
internal_value=0.000320672 -0.00188493 0.000166058 0.00207937 -0.000534433 -0.00376278 -0.00644462 -0.0101366 -0.0139411 -0.0196853 -0.0238567 -0.0091408 -0.0133456 0.00589559
internal_weight=137.375 131.104 126 121.309 111.235 97.821 91.8381 81.7281 74.2213 59.5063 51.5631 31.9386 28.7872 8.97209
internal_count=3352 3305 2801 2056 1835 1764 1738 1489 1445 1335 1280 1049 1027 259
is_linear=0
shrinkage=0.05


Tree=87
num_leaves=15
num_cat=0
split_feature=0 0 9 9 0 3 12 15 16 2 0 12 15 5
split_gain=3.32862 3.56765 3.07896 3.67134 3.48529 3.33164 2.50151 2.56733 3.83945 2.7713 2.25508 1.49972 1.02056 0.96775
threshold=17.500000000000004 6.5000000000000009 21.500000000000004 24.500000000000004 8.5000000000000018 104.50000000000001 105.50000000000001 166.50000000000003 171.50000000000003 3.5000000000000004 7.5000000000000009 143.50000000000003 175.50000000000003 95.500000000000014
decision_type=2 2 2 2 2 2 2 2 2 2 2 2 2 2
left_child=1 -1 10 4 -4 13 -7 8 11 12 -3 -8 -9 -5
right_child=-2 2 3 5 -6 6 7 9 -10 -11 -12 -13 -14 -15
leaf_value=-0.026053189392496318 -0.026949900280322521 0.0082746227633029162 0.047882097283196853 -0.00075446061294484341 -0.0038456517355175395 0.020277125691659858 0.016204676161419799 0.027742239119206848 -0.022072617047783911 -0.0049535684223932196 -0.031828101748025008 -0.0059812546846787027 0.0056205954371848065 -0.027665076934256155
leaf_weight=5.2738028739113352 5.3607969393488011 2.8697311421856275 4.6000924455001933 5.4784858140628767 3.8833622427191585 20.685854995623231 11.702075827633964 12.247249201871456 16.27052275557071 16.147691279649734 4.6610860193613917 10.328661513514815 12.033596480265258 4.8976766346022487
leaf_count=1022 867 30 30 143 147 173 136 90 128 122 221 113 80 50
internal_value=0.000383821 0.00245084 0.00459593 0.00684282 0.031558 0.00364173 0.00670174 0.002137 -0.00670948 0.010334 -0.0193423 0.00662087 0.0196106 -0.0183222
internal_weight=136.441 131.08 125.806 118.275 8.48345 109.792 99.4157 78.7298 38.3013 40.4285 7.53082 22.0307 24.2808 10.3762
internal_count=3352 2485 1463 1212 177 1035 842 669 377 292 251 249 170 193
is_linear=0
shrinkage=0.05


Tree=88
num_leaves=15
num_cat=0
split_feature=13 6 10 16 15 17 14 2 8 17 10 5 12 6
split_gain=3.26123 3.21732 3.37361 4.25913 4.21849 3.73398 3.58001 3.92313 3.08431 2.16807 1.29474 0.942714 0.734117 0.288411
threshold=181.50000000000003 178.50000000000003 175.50000000000003 173.50000000000003 106.50000000000001 0.4971910112359551 177.50000000000003 3.5000000000000004 99.500000000000014 0.036516853932584276 129.50000000000003 171.50000000000003 163.50000000000003 25.500000000000004
decision_type=2 2 2 2 2 2 2 2 2 2 2 2 2 2
left_child=1 2 3 4 5 8 7 -5 -1 -6 11 -10 -11 -7
right_child=-2 -3 -4 6 9 13 -8 -9 10 12 -12 -13 -14 -15
leaf_value=0.031460784110072748 0.020148354348691958 0.020821428911434379 0.018433719036756339 0.02305653907492056 -0.001556407560426539 -0.024111649800204964 -0.014443234213599502 -0.0071834469579311932 -0.023463590971866968 -0.038619816300253934 0.0083691417950243607 0.005936862861492951 -0.0020619741920888672 -0.0010251215186629253
leaf_weight=5.2553824521601262 13.142716111615298 8.4444682821631414 9.0317468866705877 20.571921985596418 6.1380701921880272 7.7529450946021807 16.304833699017763 15.25264353211969 3.9086612658575159 18.203499261057008 6.3596166186034679 1.5282409936189649 2.0811940478160968 2.0271676769480109
leaf_count=135 97 45 66 162 42 862 100 139 307 968 113 10 36 270
internal_value=0.000320792 -0.00250518 -0.00502652 -0.00778104 -0.0170854 -0.00211289 0.00238766 0.0108787 0.0112208 -0.0295344 -0.00447722 -0.0163144 -0.0360185 -0.021292
internal_weight=136.003 122.86 114.416 105.384 53.2548 26.832 52.1294 35.8246 17.0519 26.4228 11.7965 5.4369 20.2847 9.78011
internal_count=3352 3255 3210 3144 2743 1697 401 301 565 1046 430 317 1004 1132
is_linear=0
shrinkage=0.05


Tree=89
num_leaves=15
num_cat=0
split_feature=3 5 0 1 14 6 8 10 12 15 15 2 9 8
split_gain=3.141 2.6527 2.35521 2.29825 2.58304 2.76295 3.40884 3.78179 3.83422 2.7627 4.60909 1.75146 1.66083 2.21997
threshold=175.50000000000003 21.500000000000004 17.500000000000004 5.5000000000000009 191.50000000000003 178.50000000000003 24.500000000000004 175.50000000000003 166.50000000000003 173.50000000000003 144.50000000000003 2.5000000000000004 174.50000000000003 96.500000000000014
decision_type=2 2 2 2 2 2 2 2 2 2 2 2 2 2
left_child=1 -1 3 4 5 6 -3 8 9 10 12 -5 13 -8
right_child=-2 2 -4 11 -6 -7 7 -9 -10 -11 -12 -13 -14 -15
leaf_value=-0.026793027107702552 0.025847809549627555 0.016347442703478866 -0.023988438017582426 -0.0023657653425328204 0.016829530532922868 0.020462415884474124 0.0058395285758055145 0.016972853380791842 0.0074876632568568 0.0056827144350377846 -0.039684793497049731 0.032030855071262944 0.01337294570499007 -0.02073254788123903
leaf_weight=4.837194347055628 6.1267855465412131 10.018131774384527 4.3870253448840222 4.7845607828348857 13.263047263026236 5.9562044739723197 8.9004998637829029 7.4591249320656052 14.748332958668469 7.953402340412139 18.968864921480417 5.2636191584169865 3.164382701739668 19.468362414510921
leaf_count=504 47 249 745 124 71 26 259 44 110 55 231 97 22 768
internal_value=0.000330192 -0.00179826 0.00017235 0.00198058 -0.000505947 -0.00359604 -0.006163 -0.00974973 -0.0133837 -0.0188246 -0.0228484 0.0203084 -0.00867531 -0.01277
internal_weight=135.3 129.173 124.336 119.949 109.9 96.6373 90.6811 80.663 73.2038 58.4555 50.5021 10.0482 31.5332 28.3689
internal_count=3352 3305 2801 2056 1835 1764 1738 1489 1445 1335 1280 221 1049 1027
is_linear=0
shrinkage=0.05


Tree=90
num_leaves=15
num_cat=0
split_feature=3 12 16 9 0 5 5 5 4 10 3 9 6 2
split_gain=3.11506 2.92431 3.51541 3.21575 2.40903 2.56521 3.97579 1.87235 2.24463 3.55378 3.24245 1.67456 1.52798 1.51571
threshold=85.500000000000014 72.500000000000014 160.50000000000003 177.50000000000003 7.5000000000000009 25.500000000000004 21.500000000000004 175.50000000000003 151.50000000000003 136.50000000000003 128.50000000000003 177.50000000000003 122.50000000000001 1.5000000000000002
decision_type=2 2 2 2 2 2 2 2 2 2 2 2 2 2
left_child=4 12 3 -3 5 6 -1 8 10 -10 -4 -11 -2 -6
right_child=1 2 7 -5 13 -7 -8 -9 9 11 -12 -13 -14 -15
leaf_value=-0.017220946023621383 0.032641384538339008 -0.030255682083874715 -0.0036786585667724948 0.013414105794788174 0.0041930323787592342 -0.020316096770730017 0.035296299549307637 0.019808237144830557 0.0076715784890840581 -0.028242295115288397 0.023502630477848157 -0.00012830945768868516 0.0028736888690087722 -0.032986814615883431
leaf_weight=2.1100465643685329 6.9134955995250484 10.189499773317946 21.471877606585622 2.5613849088549605 2.1116780319716772 2.3424268639646471 4.1579654344823211 10.787056544795631 18.656578081659973 12.44369687093422 15.235296566039322 7.6719111502170554 8.4233680220786464 9.3578229758422804
leaf_count=159 150 1014 133 19 140 216 185 68 151 163 151 46 114 643
internal_value=0.000396335 0.00374877 0.000192115 -0.0201759 -0.0156367 0.00379349 0.0178204 0.00414307 0.000812743 -0.00714592 0.00906803 -0.01968 0.0210184 -0.0269467
internal_weight=134.434 114.354 99.0173 12.7509 20.0799 8.61044 6.26801 86.2664 75.4794 38.7722 36.7072 20.1156 15.3369 11.4695
internal_count=3352 2009 1745 1033 1343 560 344 712 644 360 284 209 264 783
is_linear=0
shrinkage=0.05


Tree=91
num_leaves=15
num_cat=0
split_feature=3 5 0 1 14 6 8 10 12 8 16 11 12 10
split_gain=2.97357 2.48827 2.2256 2.15104 2.33581 2.5312 3.16404 3.53209 3.49988 2.65985 2.43906 2.42921 2.52629 2.02213
threshold=175.50000000000003 21.500000000000004 17.500000000000004 5.5000000000000009 191.50000000000003 178.50000000000003 24.500000000000004 175.50000000000003 166.50000000000003 177.50000000000003 183.50000000000003 22.500000000000004 24.500000000000004 133.50000000000003
decision_type=2 2 2 2 2 2 2 2 2 2 2 2 2 2
left_child=1 -1 3 4 5 6 -3 8 9 10 11 13 -13 -8
right_child=-2 2 -4 -5 -6 -7 7 -9 -10 -11 -12 12 -14 -15
leaf_value=-0.026160705267106607 0.025317063411105907 0.015798696031913095 -0.023492091304106486 0.019689871764309204 0.016072003489866982 0.019622307668410961 0.015244053111147744 0.016485532388572161 0.007023968001505578 0.010281658851451008 0.00080606132611053512 -0.0020702271379248751 -0.036473158451802219 -0.019163508022960546
leaf_weight=4.6421391041949382 6.0318290032446376 9.9814458496402931 4.225879860809072 10.040356163866816 13.14050257951021 5.9315709769725791 4.7687184712849549 7.4010352715849868 14.734854792244731 4.5512981265783301 9.9753967821598035 7.0862045977264634 28.652548965532333 2.5870355358347297
leaf_count=504 47 249 745 221 71 26 199 44 110 37 57 156 852 34
internal_value=0.000386402 -0.00170043 0.000207417 0.00196446 -0.000464299 -0.00342104 -0.00589938 -0.00938666 -0.0129275 -0.018183 -0.0212992 -0.0259679 -0.0307431 0.00028494
internal_weight=133.751 127.719 123.077 118.851 108.811 95.6701 89.7385 79.7571 72.3561 57.6212 53.0699 43.0945 35.7388 7.35575
internal_count=3352 3305 2801 2056 1835 1764 1738 1489 1445 1335 1298 1241 1008 233
is_linear=0
shrinkage=0.05


Tree=92
num_leaves=15
num_cat=0
split_feature=3 12 16 9 0 5 5 5 4 3 10 3 2 6
split_gain=3.0004 2.64565 3.1741 2.99192 2.27306 2.44721 3.69234 1.65719 2.08322 3.5825 4.62794 3.05256 1.46935 1.46447
threshold=85.500000000000014 72.500000000000014 160.50000000000003 177.50000000000003 7.5000000000000009 25.500000000000004 21.500000000000004 175.50000000000003 151.50000000000003 159.50000000000003 136.50000000000003 128.50000000000003 1.5000000000000002 122.50000000000001
decision_type=2 2 2 2 2 2 2 2 2 2 2 2 2 2
left_child=4 13 3 -3 5 6 -1 8 11 -10 -11 -4 -6 -2
right_child=1 2 7 -5 12 -7 -8 -9 9 10 -12 -13 -14 -15
leaf_value=-0.016746122605214742 0.031475480759119566 -0.029257335025783912 -0.0035494187008169712 0.013003942419998974 0.004116921950327525 -0.020013502964393061 0.034005660393971925 0.01884266112150873 -0.027793160001924534 0.021181625510629798 -0.013286603649847307 0.022903535689557608 -0.032542586159398437 0.0025570243346158214
leaf_weight=2.0427146041765827 6.9381611726712427 9.7971822849940491 21.353560703340918 2.5465143220499149 2.114951530005782 2.2989342075306922 4.1867330188397318 10.665700390934942 8.9053420848213118 12.818639619275929 16.599294513463974 15.107454680372028 9.1075819206889701 8.4405745961703342
leaf_count=159 150 1014 133 19 140 216 185 68 125 87 148 151 643 114
internal_value=0.000435489 0.00373593 0.000305047 -0.0193034 -0.0154103 0.00357659 0.0173172 0.00404808 0.000889462 -0.00683298 0.00262789 0.0088515 -0.0264944 0.0201253
internal_weight=132.923 113.172 97.7937 12.3437 19.7509 8.52838 6.22945 85.45 74.7843 38.3233 29.4179 36.461 11.2225 15.3787
internal_count=3352 2009 1745 1033 1343 560 344 712 644 360 235 284 783 264
is_linear=0
shrinkage=0.05


Tree=93
num_leaves=15
num_cat=0
split_feature=3 12 4 15 9 3 9 0 5 5 2 1 8 2
split_gain=2.85327 2.4853 3.01404 3.53542 2.19426 4.39389 3.32623 2.13905 2.35053 3.54567 1.92852 1.61257 1.74662 1.42271
threshold=85.500000000000014 72.500000000000014 177.50000000000003 166.50000000000003 83.500000000000014 171.50000000000003 76.500000000000014 7.5000000000000009 25.500000000000004 21.500000000000004 3.5000000000000004 4.5000000000000009 181.50000000000003 1.5000000000000002
decision_type=2 2 2 2 2 2 2 2 2 2 2 2 2 2
left_child=7 -2 3 4 6 11 -3 8 9 -1 -5 12 -6 -9
right_child=1 2 -4 10 5 -7 -8 13 -10 -11 -12 -13 -14 -15
leaf_value=-0.016564958927649785 0.019494008093676008 -0.014021973550276035 0.023298418074293024 0.016546918736511429 -0.031248318758549273 0.011416959283726862 0.024897393536080222 0.0040515805578097202 -0.019780471190902722 0.03315930527526089 -0.0038090138823641188 0.0048710439576380403 0.0046283567940137021 -0.032031920792084903
leaf_weight=2.0171325290575641 15.421789017505942 6.8036122040357423 7.5590504342690101 21.49726879876107 24.790422940859578 7.9616712639108291 5.5473799291066825 2.1220641022082409 2.269370321650058 4.2060408352408558 17.991683235391974 2.7536793726030728 2.4900704286992541 8.8757647029124183
leaf_count=159 264 134 59 165 1004 54 48 140 216 185 136 130 15 643
internal_value=0.000421063 0.00363438 0.000293846 -0.00276813 -0.0110827 -0.0165244 0.00559578 -0.0151233 0.00335265 0.0168426 0.00788673 -0.0245037 -0.0277639 -0.0259793
internal_weight=132.307 112.817 97.3948 89.8358 50.3468 37.9958 12.351 19.4904 8.49254 6.22317 39.489 30.0342 27.2805 10.9978
internal_count=3352 2009 1745 1686 1385 1203 182 1343 560 344 301 1149 1019 783
is_linear=0
shrinkage=0.05


Tree=94
num_leaves=15
num_cat=0
split_feature=13 3 9 15 3 10 10 13 16 5 0 9 16 0
split_gain=2.7704 2.78 4.66608 4.34717 3.85473 3.54442 4.08781 2.4381 2.00422 1.74309 3.2859 1.59519 1.58838 2.47392
threshold=181.50000000000003 128.50000000000003 87.500000000000014 185.50000000000003 110.50000000000001 175.50000000000003 159.50000000000003 174.50000000000003 203.00000000000003 162.50000000000003 9.5000000000000018 170.50000000000003 184.50000000000003 8.5000000000000018
decision_type=2 2 2 2 2 2 2 2 2 2 2 2 2 2
left_child=1 2 4 -4 8 6 7 9 12 10 -3 -12 13 -1
right_child=-2 5 3 -5 -6 -7 -8 -9 -10 -11 11 -13 -14 -15
leaf_value=0.0067894047163492444 0.0189375210664985 0.016449902335598548 -0.040058234560327421 0.014636010346157339 0.027847952649503845 0.028319154213494315 -0.021851980663202049 -0.013930201171105756 0.017688535221172905 0.017767642833943338 -0.026585011127673169 0.0062960039124876693 -0.030059291781739911 -0.022905512894964671
leaf_weight=15.650355015182877 12.69457204453647 8.7637203438207525 12.111949162092058 1.8514917790889729 4.7583807709161183 7.4468839513137928 12.516382033005355 8.3217625636607391 2.1036840826272956 25.79205524828285 6.6034503749106062 3.0558083169162273 4.2926063844934097 5.8022952496539792
leaf_count=516 97 51 1027 11 71 54 188 55 11 192 325 37 35 682
internal_value=0.000443393 -0.00221205 -0.0111371 -0.0308592 0.000288429 0.00386965 -0.00075067 0.0057386 -0.00794254 0.0104796 -0.00133828 -0.0175833 -0.0125729 -0.0040536
internal_weight=131.765 119.071 46.5708 13.9634 32.6073 72.5001 65.0532 52.5368 27.8489 44.215 18.423 9.65926 25.7453 21.4527
internal_count=3352 3255 2353 1038 1315 902 848 660 1244 605 413 362 1233 1198
is_linear=0
shrinkage=0.05


Tree=95
num_leaves=15
num_cat=0
split_feature=0 0 9 9 10 9 9 5 3 0 9 10 10 11
split_gain=2.68277 3.04586 2.61766 3.48936 2.83001 3.80706 2.59246 3.18886 2.60129 2.05472 2.03244 4.35725 1.74476 1.45313
threshold=17.500000000000004 6.5000000000000009 21.500000000000004 24.500000000000004 113.50000000000001 126.50000000000001 158.50000000000003 145.50000000000003 171.50000000000003 7.5000000000000009 95.500000000000014 97.500000000000014 149.50000000000003 24.500000000000004
decision_type=2 2 2 2 2 2 2 2 2 2 2 2 2 2
left_child=1 -1 9 -4 10 -6 -7 -8 12 -3 11 13 -9 -5
right_child=-2 2 3 4 5 6 7 8 -10 -11 -12 -13 -14 -15
leaf_value=-0.024741792710786002 -0.02507053352629144 0.0081186165005825862 0.030820146590962407 0.0046745981509409293 0.031772692493447149 -0.015776049899815538 0.025351969058413193 0.0054450486038763977 0.013722953381524405 -0.030499930502551634 -0.021036841156799241 0.023357946512701167 -0.019225298812277646 -0.020536500574029948
leaf_weight=4.7787935729138544 4.630493623437359 2.779016586020588 8.0678802530746889 6.3947306715417715 9.7837799321860057 9.7904635104350728 12.678343898616729 8.7703250001650321 14.144261742942033 4.2852015062235296 11.391855695517732 8.6424460178241116 13.561258231289683 11.307084526866673
leaf_count=1022 867 30 177 73 58 177 101 91 97 221 98 56 142 142
internal_value=0.000418678 0.00227123 0.00426812 0.00636122 0.00320836 0.00902523 0.0030604 0.0079224 -0.000461711 -0.0182393 -0.00720229 0.00118155 -0.0103128 -0.0124054
internal_weight=131.006 126.375 121.597 114.532 106.465 68.7284 58.9447 49.1542 36.4758 7.06422 37.7361 26.3443 22.3316 17.7018
internal_count=3352 2485 1463 1212 1035 666 608 431 330 251 369 271 233 215
is_linear=0
shrinkage=0.05


Tree=96
num_leaves=15
num_cat=0
split_feature=3 5 8 9 14 16 3 3 3 8 3 14 7 9
split_gain=2.65684 2.20342 2.02354 2.93145 2.82948 3.22553 2.89163 5.17955 4.02383 2.8512 2.46636 5.01502 2.2413 1.69744
threshold=175.50000000000003 22.500000000000004 24.500000000000004 21.500000000000004 189.50000000000003 187.50000000000003 128.50000000000003 139.50000000000003 156.50000000000003 96.500000000000014 169.50000000000003 166.50000000000003 102.50000000000001 166.50000000000003
decision_type=2 2 2 2 2 2 2 2 2 2 2 2 2 2
left_child=1 -1 3 -3 5 6 9 -8 -9 12 11 13 -4 -10
right_child=-2 2 4 -5 -6 -7 7 8 10 -11 -12 -13 -14 -15
leaf_value=-0.021322472128058378 0.024153744952457718 -0.0089689332852691036 -0.015080265982155564 0.030668448825943818 0.015428129487853562 0.014450114783767476 0.02682417741310272 -0.031576057815208489 -0.025085396628523424 -0.034496444129187523 -0.014009795243058475 0.025074751971442572 0.021565117872952937 0.0050950243844064616
leaf_weight=7.8038159571588031 5.8274037390947333 4.7090441486798209 4.2808816644828793 6.9203815963119268 14.635602157562969 12.587727840989826 7.1800735634751609 9.8078363917302323 5.8770228906068969 12.606363216880707 16.279875873122364 13.611157599836586 2.6169190227519721 5.6908098869025707
leaf_count=772 47 135 217 208 84 72 110 255 143 981 115 139 24 50
internal_value=0.000371761 -0.00162933 0.00050767 0.0167474 -0.00196655 -0.00543868 -0.00932779 -0.00300557 -0.00919574 -0.0237941 -0.0010728 0.0082271 0.00204253 -0.0131812
internal_weight=130.435 124.608 116.804 11.6294 105.174 90.5387 77.9509 58.4468 51.2667 19.5042 41.4589 25.179 6.8978 11.5678
internal_count=3352 3305 2533 343 2190 2106 2034 812 702 1222 447 332 241 193
is_linear=0
shrinkage=0.05


Tree=97
num_leaves=15
num_cat=0
split_feature=0 0 9 9 0 7 0 4 3 3 10 9 14 7
split_gain=2.53514 2.83163 2.40368 3.13923 2.87613 2.64501 2.00953 2.00361 6.04979 5.1411 2.59851 2.45797 1.4192 1.11634
threshold=17.500000000000004 6.5000000000000009 21.500000000000004 24.500000000000004 8.5000000000000018 104.50000000000001 7.5000000000000009 151.50000000000003 159.50000000000003 128.50000000000003 143.50000000000003 177.50000000000003 178.50000000000003 170.50000000000003
decision_type=2 2 2 2 2 2 2 2 2 2 2 2 2 2
left_child=1 -1 6 4 -4 12 -3 9 13 -7 -10 -12 -5 -9
right_child=-2 2 3 5 -6 7 -8 8 10 -11 11 -13 -14 -15
leaf_value=-0.02416321987041356 -0.024617735227829424 0.0082390592045970615 0.044123876112425769 -0.022701738734398288 -0.0035292807580169362 -0.0014367861302022067 -0.029899146461094581 -0.032777987587177662 0.019665161573679528 0.036263777214474123 -0.014007484156425524 0.012838536436789449 0.0039938774385583483 -0.0026181927080685813
leaf_weight=4.5705626020207992 4.470435152295976 2.7682683332823208 4.4006514251232129 8.8467619849834573 3.7376408595591784 19.227102302480493 4.1630939745809883 7.4743650576565397 23.005900012329221 11.484055695123969 13.964619670761751 10.587182953953741 5.7478856844827524 5.3114971211180091
leaf_count=1022 867 30 30 156 147 139 221 151 152 126 147 72 50 42
internal_value=0.000374499 0.00217675 0.00409535 0.00610189 0.0292242 0.00308066 -0.0175978 0.00637442 0.00075491 0.0157644 0.00923196 -0.00221746 -0.0138517 -0.0245072
internal_weight=129.76 125.29 120.719 113.788 8.13829 105.649 6.93136 91.0547 60.3436 30.7112 47.5577 24.5518 14.5946 12.7859
internal_count=3352 2485 1463 1212 177 1035 251 829 564 265 371 219 206 193
is_linear=0
shrinkage=0.05


Tree=98
num_leaves=15
num_cat=0
split_feature=3 5 13 13 13 10 16 9 14 3 9 15 14 5
split_gain=2.52704 2.05339 1.88856 2.54562 3.56772 3.17811 3.49218 5.21279 3.15664 2.38679 2.17033 1.81322 1.38293 1.00437
threshold=175.50000000000003 21.500000000000004 181.50000000000003 102.50000000000001 25.500000000000004 176.50000000000003 184.50000000000003 89.500000000000014 191.50000000000003 104.50000000000001 165.50000000000003 169.50000000000003 21.500000000000004 172.50000000000003
decision_type=2 2 2 2 2 2 2 2 2 2 2 2 2 2
left_child=1 -1 3 4 10 6 7 9 11 -5 12 -9 -3 -14
right_child=-2 2 -4 5 -6 -7 -8 8 -10 -11 -12 -13 13 -15
leaf_value=-0.024506056112423645 0.023599328234289407 0.0075314738572399582 0.016160533888502287 -0.01278270871057369 0.022913464934688654 0.020800914593125601 0.0090866722390633408 -0.038891948623100615 0.007789352207108434 0.019832259672930966 0.010014604228984914 -0.0079959246463172217 -0.024350829323154102 0.0043243494106482332
leaf_weight=4.1360565666109315 5.7292750068008891 3.194976444123319 11.003246165812014 5.2961267263162872 15.110784295247866 3.9626105511561027 12.794473484158514 20.8513351243455 3.9050139337778083 8.2547872581053507 11.857304987264795 9.6302896095439774 11.277020753361283 2.1035830518230787
leaf_count=504 47 84 74 263 526 29 78 875 19 114 91 95 540 13
internal_value=0.000298258 -0.00166077 8.59898e-05 -0.00218952 0.00670956 -0.00823082 -0.0115632 -0.0174124 -0.0267356 0.00707566 -0.00404096 -0.031633 -0.0140863 -0.0198927
internal_weight=129.107 123.378 119.242 108.238 43.5437 64.6946 60.732 47.9376 34.3866 13.5509 28.4329 30.4816 16.5756 13.3806
internal_count=3352 3305 2801 2727 1254 1473 1444 1366 989 377 728 970 637 553
is_linear=0
shrinkage=0.05


Tree=99
num_leaves=15
num_cat=0
split_feature=3 0 0 12 15 12 2 11 3 16 3 11 5 7
split_gain=2.39829 1.99794 2.15244 2.32587 2.96448 3.16544 4.5484 2.47722 2.1373 1.83467 1.44581 0.875971 1.35991 1.94321
threshold=175.50000000000003 6.5000000000000009 15.500000000000002 105.50000000000001 166.50000000000003 170.50000000000003 3.5000000000000004 94.500000000000014 89.500000000000014 171.50000000000003 167.50000000000003 108.50000000000001 147.50000000000003 97.500000000000014
decision_type=2 2 2 2 2 2 2 2 2 2 2 2 2 2
left_child=1 -1 3 7 9 6 -6 8 -3 -5 -4 -9 13 -13
right_child=-2 2 10 4 5 -7 -8 11 -10 -11 -12 12 -14 -15
leaf_value=-0.023732310793379605 0.023107683497157829 0.0010095245948197188 -0.025045342371969221 0.00053608992140907611 0.028688196601181465 -0.012339474082457769 -0.006338630051199153 -0.011498553729019891 0.038524925208343282 -0.021423155684072308 0.0058831217334432322 -0.0069578411304199936 -0.008564947517916319 0.029055709839126816
leaf_weight=4.4215344320982686 5.6665962636470786 5.9757631483953464 7.6842662161216122 15.853046190226449 16.705669963732365 11.807511805556713 13.546585817821322 5.3144083935767439 6.9205302535556257 17.917802663519979 3.0947532863356173 3.6198900064919126 5.3783690659329295 4.3649915782734752
leaf_count=1022 47 200 1100 157 113 93 107 65 54 135 38 149 42 30
internal_value=0.000343148 -0.0015732 0.000185466 0.00260582 -0.00225226 0.00632686 0.0143292 0.0129862 0.0262802 -0.0123751 -0.0171151 0.000195952 0.00671126 0.0163367
internal_weight=128.272 122.605 118.184 107.405 75.8306 42.0598 30.2523 31.574 12.8963 33.7708 10.779 18.6777 13.3633 7.98488
internal_count=3352 3305 2283 1145 605 313 220 540 254 292 1138 286 221 179
is_linear=0
shrinkage=0.05


Tree=100
num_leaves=15
num_cat=0
split_feature=5 15 0 4 16 8 16 15 9 10 9 10 16 4
split_gain=2.34094 2.17949 2.99756 2.80009 2.17486 2.68416 2.4436 2.80116 3.15699 2.32765 2.14655 0.877742 0.42267 0.270271
threshold=22.500000000000004 41.000000000000007 14.500000000000002 177.50000000000003 160.50000000000003 171.50000000000003 170.50000000000003 166.50000000000003 88.500000000000014 154.50000000000003 161.50000000000003 105.50000000000001 92.500000000000014 27.500000000000004
decision_type=2 2 2 2 2 2 2 2 2 2 2 2 2 2
left_child=-1 2 13 4 5 12 9 8 -8 -6 11 -9 -3 -2
right_child=1 3 -4 -5 6 -7 7 10 -10 -11 -12 -13 -14 -15
leaf_value=-0.020407070687392018 0.0039586790856276271 0.00086208035398928698 -0.014522990274048809 0.021629435602994129 0.022644610636907963 0.0099695255591264846 0.0024743488604359802 0.0042114807942213667 -0.030587113646891335 -0.006609580949343866 0.015892290289753655 -0.012860030338345525 -0.032748017843357499 0.026063077950958153
leaf_weight=7.3826075969263902 3.6904516075737837 0.73765444708987882 3.1874735532328478 7.3273321231827131 13.384658102644609 3.0083890452515325 11.149254890158774 9.7597794118337351 12.413125768769531 7.894096173811703 14.057968262583016 12.750297441612927 7.784453357453458 13.234363635536281
leaf_count=772 142 22 221 59 141 39 70 69 125 87 101 117 1177 210
internal_value=0.000346465 0.00238229 0.0155597 -0.00087444 -0.00366228 -0.0201978 -0.000287048 -0.0054643 -0.0172485 0.0125991 0.00329017 -0.00603811 -0.0305958 0.0232452
internal_weight=127.762 120.379 20.1123 100.267 92.9397 11.5305 81.4092 60.1304 23.5624 21.2788 36.568 22.5101 8.52211 16.9248
internal_count=3352 2580 573 2007 1948 1238 710 482 195 228 287 186 1199 352
is_linear=0
shrinkage=0.05


Tree=101
num_leaves=15
num_cat=0
split_feature=13 3 8 10 5 14 10 9 4 7 16 0 5 5
split_gain=2.29931 2.1748 2.72838 3.28013 3.0815 3.06188 3.0233 3.58032 3.33151 2.92262 2.5927 2.5357 2.28181 3.16386
threshold=181.50000000000003 85.500000000000014 94.500000000000014 115.50000000000001 110.50000000000001 197.50000000000003 124.50000000000001 158.50000000000003 169.50000000000003 167.50000000000003 187.50000000000003 7.5000000000000009 25.500000000000004 21.500000000000004
decision_type=2 2 2 2 2 2 2 2 2 2 2 2 2 2
left_child=1 11 4 5 -3 10 -5 -8 9 -9 -4 12 13 -1
right_child=-2 2 3 6 -6 -7 7 8 -10 -11 -12 -13 -14 -15
leaf_value=-0.015433792285000903 0.017350487668243497 0.030974268410513591 -0.033224891222262458 0.024511373571704822 -0.0043807096315631689 0.014083864876266087 -0.024665672938547004 -0.0057862712413108827 -0.012052796755506039 0.023869579431794758 0.0076485918599000797 -0.02925217548874234 -0.01925632652105792 0.032381278468606181
leaf_weight=1.8518184220884011 12.281305581331251 9.0589456257876027 13.762703428743412 7.9293163572438052 9.0407440739218128 2.6560738682746878 8.776739096385425 10.498696970753373 15.584908156190066 17.819222398102283 2.845137156546115 9.0712452596053463 2.1656404538080096 4.0766374093946069
leaf_count=159 97 154 631 162 87 13 410 194 126 142 14 762 216 185
internal_value=0.000308162 -0.00215613 0.000994463 -0.00319955 0.0161888 -0.0187751 0.00280454 -0.00230433 0.00423084 0.0136565 -0.0260732 -0.0163063 0.00383224 0.0172178
internal_weight=127.419 115.138 97.9725 79.8728 18.0997 19.2639 60.6089 52.6796 43.9028 28.3179 16.6078 17.1653 8.0941 5.92846
internal_count=3352 3255 1933 1692 241 658 1034 872 462 336 645 1322 560 344
is_linear=0
shrinkage=0.05


Tree=102
num_leaves=15
num_cat=0
split_feature=3 0 12 15 12 2 4 12 0 11 14 12 3 16
split_gain=2.25344 1.87422 1.96799 2.53299 3.44031 4.04929 2.39816 2.3532 2.11887 2.24184 1.6601 1.64347 1.55909 1.38574
threshold=175.50000000000003 6.5000000000000009 105.50000000000001 166.50000000000003 170.50000000000003 3.5000000000000004 176.50000000000003 143.50000000000003 14.500000000000002 94.500000000000014 175.50000000000003 115.50000000000001 89.500000000000014 158.50000000000003
decision_type=2 2 2 2 2 2 2 2 2 2 2 2 2 2
left_child=1 -1 8 6 5 -5 7 10 9 12 11 -4 -3 -10
right_child=-2 2 3 4 -6 -7 -8 -9 13 -11 -12 -13 -14 -15
leaf_value=-0.023231428179403692 0.022474841893906548 0.0026539433826896506 -0.013365733370241446 0.026256349984464095 -0.014493352337485799 -0.0066187846935536233 0.011877161177719343 -0.030464006772425296 -0.022445979318408398 0.0012807640296180118 -0.01503576122270691 0.017321400412605627 0.037359027336047158 0.011346461840592209
leaf_weight=4.2495520540978751 5.5654709599912158 5.5851287385448831 2.2744536421960238 16.914492525160316 12.38376285182312 13.495074018370358 5.0178698441013685 13.129810518235898 3.6747655853396273 17.570610552560538 11.340002488810567 7.7605491513386369 6.8218105034902692 0.96482175216078747
leaf_count=1022 47 180 168 125 109 112 43 244 613 261 78 290 52 8
internal_value=0.000303761 -0.00156469 0.000143054 -0.00405624 0.00420625 0.0127926 -0.0124702 -0.017066 0.00938022 0.0142563 -0.00462113 0.00823426 0.026986 -0.0131784
internal_weight=126.748 121.183 116.933 82.316 42.7933 30.4096 39.5227 34.5048 34.6171 29.9775 21.375 10.035 12.4069 4.63959
internal_count=3352 3305 2283 1169 346 237 823 780 1114 493 536 458 232 621
is_linear=0
shrinkage=0.05


Tree=103
num_leaves=15
num_cat=0
split_feature=13 10 6 14 16 15 14 3 7 13 3 16 9 6
split_gain=2.18956 2.15511 2.36792 2.505 3.58229 2.99793 3.25709 2.14488 2.48962 1.90834 1.8604 1.81288 1.27592 1.23711
threshold=181.50000000000003 180.00000000000003 178.50000000000003 197.50000000000003 181.50000000000003 117.50000000000001 171.50000000000003 105.50000000000001 173.50000000000003 164.50000000000003 140.50000000000003 164.50000000000003 23.500000000000004 25.500000000000004
decision_type=2 2 2 2 2 2 2 2 2 2 2 2 2 2
left_child=1 2 3 4 5 7 9 12 -9 10 11 -7 13 -1
right_child=-2 -3 -4 -5 -6 6 -8 8 -10 -11 -12 -13 -14 -15
leaf_value=-0.0092411374936664046 0.01696732740786604 0.018680052698004056 0.016277639871160217 0.019985691155830924 0.0062369981836629959 -0.016677551976329374 -0.036480286693205438 0.015394440120205369 -0.018261458982135697 0.01618937960011823 -0.024202881327813924 0.016243580731058832 -0.025403047991194302 0.018850865616902843
leaf_weight=6.1610438857460377 12.193193670362232 6.4437221903353921 8.0285036908462626 3.6878183707594863 26.882551682647318 2.0821332688210594 17.049705225974321 16.301374538452368 2.8032447518780819 2.8690607680473468 8.8330101363826525 5.572517849272117 6.3812231873162091 1.0483779245987532
leaf_count=685 97 50 42 19 192 280 188 622 23 52 257 58 720 67
internal_value=0.000297487 -0.00212055 -0.00413858 -0.00648209 -0.00843821 -0.0141829 -0.0231404 -0.00246231 0.00769247 -0.00631368 -0.0130855 0.00423741 -0.0149667 0.000890822
internal_weight=126.337 114.144 107.701 99.6721 95.9842 69.1017 36.4064 32.6953 19.1046 19.3567 16.4877 7.65465 13.5906 7.20942
internal_count=3352 3255 3205 3163 3144 2952 835 2117 645 647 595 338 1472 752
is_linear=0
shrinkage=0.05


Tree=104
num_leaves=15
num_cat=0
split_feature=3 5 12 15 12 2 4 16 11 16 0 4 0 13
split_gain=2.14528 1.80797 1.65488 2.53056 3.21243 3.46793 2.25577 2.21385 2.84044 2.17746 2.10781 2.6972 2.42839 1.45769
threshold=175.50000000000003 21.500000000000004 105.50000000000001 166.50000000000003 170.50000000000003 3.5000000000000004 176.50000000000003 187.50000000000003 24.500000000000004 165.50000000000003 6.5000000000000009 166.50000000000003 14.500000000000002 166.50000000000003
decision_type=2 2 2 2 2 2 2 2 2 2 2 2 2 2
left_child=1 -1 10 6 5 -5 7 8 -4 13 -3 12 -12 -10
right_child=-2 2 3 4 -6 -7 -8 -9 9 -11 11 -13 -14 -15
leaf_value=-0.023354552720781616 0.022022661274498131 -0.017153800010286487 0.0048159474015014615 0.025246985896172622 -0.013725780599053312 -0.0055438904763117601 0.011522133528439529 0.010473857160611501 -0.01833804610923781 -0.037803187528393845 0.024022858485497258 -0.011900753059417723 -0.010201567679829673 0.0092262621588411944
leaf_weight=3.8148312263656399 5.4860807061195365 2.5929997939383602 6.9726219626609263 16.800509516615424 12.122023243457077 13.16252574091777 4.9786697705276302 3.5777849033474913 4.5447115473216417 14.111360022099687 23.408560554496948 5.5427677393890908 3.3977516810409716 5.2479790206998587
leaf_count=504 47 704 198 125 100 104 43 18 500 148 309 49 454 49
internal_value=0.000308603 -0.00152128 0.000125871 -0.00376546 0.00455968 0.0128623 -0.0121638 -0.0166128 -0.0207737 -0.0277799 0.00853909 0.0126193 0.0187631 -0.00544058
internal_weight=125.761 120.275 116.46 81.5182 42.0851 29.963 39.4331 34.4545 30.8767 23.9041 34.9421 32.3491 26.8063 9.79269
internal_count=3352 3305 2801 1285 329 229 956 913 895 697 1516 812 763 549
is_linear=0
shrinkage=0.05


Tree=105
num_leaves=15
num_cat=0
split_feature=0 0 9 9 9 0 14 14 2 9 9 9 13 14
split_gain=2.09582 2.31317 2.02989 2.91996 2.5444 1.88394 1.82361 3.24987 2.96886 2.42746 3.3926 2.36882 1.42557 1.67093
threshold=17.500000000000004 6.5000000000000009 21.500000000000004 24.500000000000004 76.500000000000014 7.5000000000000009 191.50000000000003 180.50000000000003 3.5000000000000004 97.500000000000014 174.50000000000003 176.50000000000003 165.50000000000003 160.50000000000003
decision_type=2 2 2 2 2 2 2 2 2 2 2 2 2 2
left_child=1 -1 5 -4 -5 -3 7 8 11 -10 -11 12 13 -6
right_child=-2 2 3 4 6 -7 -8 -9 9 10 -12 -13 -14 -15
leaf_value=-0.022619147697082603 -0.023131604941129796 0.0082643638930432559 0.027915060221156238 -0.015851974843225917 0.0072450402723007561 -0.028797911063561832 0.021562797014673882 -0.013711010303307758 0.01636420283903112 -0.022232841591060645 0.013645301379118839 -0.0035078329639840777 0.0035912125381107802 0.041153126303917181
leaf_weight=4.0500262916320926 3.9693048465996972 2.7062376975081852 7.9454546296037725 11.361112109152598 8.4060949815902912 3.8943504138151184 10.057189896702765 18.642660750076175 5.8599163410253849 15.688100425293671 5.6974084228277198 9.6338593587279302 8.5590278757736069 8.9544885072391462
leaf_count=1022 867 30 177 162 82 221 66 128 53 271 38 68 83 84
internal_value=0.000232964 0.00188096 0.00361553 0.00548346 0.00253701 -0.0165898 0.00552336 0.00240997 0.00785391 -0.00422609 -0.0118999 0.0164908 0.0232892 0.030026
internal_weight=125.425 121.456 117.406 110.805 102.86 6.60059 91.4987 81.4416 62.7989 27.2454 21.3855 35.5535 25.9196 17.3606
internal_count=3352 2485 1463 1212 1035 251 873 807 679 362 309 317 249 166
is_linear=0
shrinkage=0.05


Tree=106
num_leaves=15
num_cat=0
split_feature=3 5 0 12 4 0 15 12 2 10 9 8 13 13
split_gain=2.05577 1.70189 1.54412 2.39788 2.47088 2.23833 2.02844 2.88449 3.04922 2.1128 2.63449 1.92468 1.56205 0.983043
threshold=175.50000000000003 21.500000000000004 6.5000000000000009 105.50000000000001 166.50000000000003 14.500000000000002 166.50000000000003 170.50000000000003 3.5000000000000004 176.50000000000003 84.500000000000014 181.50000000000003 181.50000000000003 106.50000000000001
decision_type=2 2 2 2 2 2 2 2 2 2 2 2 2 2
left_child=1 -1 -3 4 5 13 9 8 -8 10 -5 12 -12 -4
right_child=-2 2 3 6 -6 -7 7 -9 -10 -11 11 -13 -14 -15
leaf_value=-0.022897485691807943 0.021567763572367855 -0.020608093000318555 0.031223354476246825 0.0056082758479275019 -0.011493326325644487 -0.0099728754672179093 0.0237670603285778 -0.013095641713040122 -0.005192356260533269 0.011634974245532151 -0.031868071661486343 0.0059092942881890037 0.0031441971261802074 0.0075863432850005394
leaf_weight=3.6890290734590954 5.4170671440660945 3.4453885805560267 11.885937758022925 8.9873552368953806 5.4989301073364905 3.3493948172545052 16.703658084850762 12.074827765580265 13.061528791207818 5.0691437553614369 18.146993431611925 3.2730625644326201 2.7150189243257037 11.672479793196542
leaf_count=504 47 886 173 83 49 454 125 100 104 37 619 18 17 136
internal_value=0.000238444 -0.00155473 4.36732e-05 0.00152695 0.0120241 0.0178781 -0.00318071 0.00423664 0.01214 -0.0108564 -0.0153731 -0.0228077 -0.0275846 0.0228906
internal_weight=124.99 119.573 115.884 112.438 32.4067 26.9078 80.0316 41.84 29.7652 38.1916 33.1224 24.1351 20.862 23.5584
internal_count=3352 3305 2801 1915 812 763 1103 329 229 774 737 654 636 309
is_linear=0
shrinkage=0.05


Tree=107
num_leaves=15
num_cat=0
split_feature=3 5 3 10 10 9 14 8 0 9 16 11 4 2
split_gain=2.082 3.29383 5.04006 2.48386 3.17667 2.95899 2.41181 2.45404 3.09618 2.85001 2.26497 2.08861 1.38017 1.14883
threshold=121.50000000000001 120.50000000000001 156.50000000000003 117.50000000000001 148.50000000000003 177.50000000000003 197.50000000000003 93.500000000000014 8.5000000000000018 21.500000000000004 187.50000000000003 94.500000000000014 24.500000000000004 1.5000000000000002
decision_type=2 2 2 2 2 2 2 2 2 2 2 2 2 2
left_child=6 -2 -3 -4 -5 -6 7 8 9 12 -9 -11 -1 -10
right_child=1 2 3 4 5 -7 -8 10 13 11 -12 -13 -14 -15
leaf_value=0.006972697559220903 0.019889510053019935 -0.026489739510464374 -0.010638691647606092 0.024664308733683665 -0.01480856210910337 0.015290804317526023 0.01869639895169135 -0.034799779861271724 0.0063621332313552187 0.030536426471015121 0.0038953438689267508 -0.0082642101815108369 -0.025216585180260556 -0.027604314378663897
leaf_weight=3.0136729555670234 20.295210663462058 10.61066718760412 13.40428132121451 17.644936002790928 13.094465663656594 9.9115316420793516 2.6791448146104804 10.095429620472713 1.164245665539055 8.3947753601241839 3.8097100630402556 2.2784482154529533 2.3773976834490895 5.6835890106158331
leaf_count=144 235 339 118 160 165 70 14 936 123 224 19 162 41 602
internal_value=0.000216022 0.00458384 -0.00130253 0.00546574 0.0113596 -0.00142626 -0.00863894 -0.0126257 -0.00132463 0.0103835 -0.0259718 0.0222595 -0.0125257 -0.0215816
internal_weight=124.458 84.9611 64.6659 54.0552 40.6509 23.006 39.4964 36.8173 22.9121 16.0643 13.9051 10.6732 5.39107 6.84783
internal_count=3352 1087 852 513 395 235 2265 2251 1296 571 955 386 185 725
is_linear=0
shrinkage=0.05


Tree=108
num_leaves=15
num_cat=0
split_feature=13 3 9 15 3 5 4 7 7 13 8 16 16 0
split_gain=2.03579 2.07599 3.66433 3.636 3.18234 3.10753 3.32577 3.42562 2.44337 3.18547 1.65405 1.51658 1.52903 1.97709
threshold=181.50000000000003 128.50000000000003 87.500000000000014 185.50000000000003 110.50000000000001 121.50000000000001 161.50000000000003 173.50000000000003 164.50000000000003 164.50000000000003 168.50000000000003 203.00000000000003 184.50000000000003 8.5000000000000018
decision_type=2 2 2 2 2 2 2 2 2 2 2 2 2 2
left_child=1 2 4 -4 11 -3 10 8 9 -8 -7 12 13 -1
right_child=-2 5 3 -5 -6 6 7 -9 -10 -11 -12 -13 -14 -15
leaf_value=0.0065742976665544746 0.016337676307714509 0.02221886223150011 -0.037681363719595212 0.013158468714789312 0.02549082482157506 -0.032128604105476195 -0.015155944717437779 -0.01233095849796767 0.028365409880732023 0.017394180539455805 0.0014970259744151433 0.015244174987226919 -0.02879754039685304 -0.020752726246412428
leaf_weight=14.897940287832183 11.971880817785857 11.624424881301819 10.555014362907967 1.8225714489817608 4.4904914558865121 6.4383495068177563 9.9399015672970616 15.806610682513563 10.37443010509014 10.162028038874267 4.7486369591206312 1.8791584223508824 4.1218097168020895 5.0394957131939
leaf_count=516 97 147 1027 11 71 283 127 124 94 69 58 11 35 682
internal_value=0.000161418 -0.00219399 -0.0102453 -0.0285632 0.00018544 0.00314883 -0.00217809 0.00422829 0.0133442 0.00148605 -0.0218017 -0.00760707 -0.0117077 -0.00310906
internal_weight=123.873 111.901 42.8065 12.3776 30.4289 69.0944 57.47 46.283 30.4764 20.1019 11.187 25.9384 24.0592 19.9374
internal_count=3352 3255 2353 1038 1315 902 755 414 290 196 341 1244 1233 1198
is_linear=0
shrinkage=0.05


Tree=109
num_leaves=15
num_cat=0
split_feature=3 5 12 4 13 12 8 7 14 11 11 16 8 0
split_gain=1.98646 1.60804 1.71326 1.93198 1.80977 2.23084 3.20895 3.39845 3.3169 2.83344 2.62322 1.58309 1.63772 0.948661
threshold=175.50000000000003 22.500000000000004 21.500000000000004 177.50000000000003 181.50000000000003 160.50000000000003 96.500000000000014 167.50000000000003 197.50000000000003 159.50000000000003 102.50000000000001 172.50000000000003 90.500000000000014 8.5000000000000018
decision_type=2 2 2 2 2 2 2 2 2 2 2 2 2 2
left_child=1 -1 13 4 5 6 11 8 -8 -7 -9 12 -4 -3
right_child=-2 2 3 -5 -6 9 7 10 -10 -11 -12 -13 -14 -15
leaf_value=-0.019231947595438816 0.021186357791854796 0.026237212963907065 -0.018453969634966413 0.01756243578014759 0.012978582323677983 0.018134001989369649 -0.035813113910577177 0.01415285447075197 0.010548706497054274 -0.01228538292082719 -0.015336336258662471 0.014165510458002441 0.011238822410563386 -0.00064769071161598459
leaf_weight=6.7333860992221153 5.3454289101064196 4.0920349380467069 7.0036574110854435 6.5541076622903338 9.0584530606865865 13.548709623049946 19.76096786942799 8.8409409639425593 2.2713641822338095 8.5618027327582222 11.698746041627599 11.650647344999014 3.3851344774011523 4.7664851143490523
leaf_count=772 47 97 367 48 63 139 1274 67 11 86 112 76 60 133
internal_value=0.000149633 -0.00162689 0.000220905 -0.00192442 -0.00406304 -0.00645356 -0.0109419 -0.0182938 -0.0299665 0.00626142 -0.00235746 0.00401594 -0.0082707 0.0167568
internal_weight=123.272 117.926 111.193 102.335 95.7804 86.722 64.6115 42.572 22.0323 22.1105 20.5397 22.0394 10.3888 8.85852
internal_count=3352 3305 2533 2303 2255 2192 1967 1464 1285 225 179 503 427 230
is_linear=0
shrinkage=0.05


Tree=110
num_leaves=15
num_cat=0
split_feature=0 10 9 12 0 9 4 3 4 11 0 5 13 16
split_gain=1.88166 2.16128 2.80559 2.27886 2.13594 1.8839 4.46407 2.68445 2.51512 2.30341 1.76624 2.57918 1.77144 0.156055
threshold=17.500000000000004 117.50000000000001 145.50000000000003 153.50000000000003 6.5000000000000009 161.50000000000003 152.50000000000003 171.50000000000003 162.50000000000003 97.500000000000014 8.5000000000000018 95.500000000000014 165.50000000000003 24.500000000000004
decision_type=2 2 2 2 2 2 2 2 2 2 2 2 2 2
left_child=1 3 -3 4 -1 8 -7 9 -4 -8 11 -6 13 -12
right_child=-2 2 5 -5 10 6 7 -9 -10 -11 12 -13 -14 -15
leaf_value=-0.020873811774401688 -0.022260732628574694 0.028947499593441891 -0.028566665173692843 -0.017415870349067959 0.027939013396986612 0.02862939341363532 0.0051277887153732887 0.011990402262626007 0.0093475822957782683 -0.024549429534260273 -0.00060511839597758978 -0.00075849074965613026 0.0089505071820722686 -0.02421332906243312
leaf_weight=3.5244273708667597 3.6993459655204779 7.9465107225114471 4.8999048375990224 18.20912912581116 9.8414111908059585 11.267602942883967 8.476617384701969 13.18152722623199 4.4858389142900705 11.330996338510884 1.0457137294579277 16.030261186417192 4.8817535974085331 3.7299251819495112
leaf_count=966 867 116 114 161 110 102 60 97 61 136 111 112 95 244
internal_value=0.000226326 0.00179668 0.00799765 -0.00497945 0.00213771 0.00269065 0.00714469 -0.00299579 -0.0134951 -0.0133754 0.00671397 0.0129149 -0.00863675 -0.0219974
internal_weight=122.551 118.852 61.589 57.2626 39.0535 53.6425 44.2567 32.9891 9.38574 19.8076 35.5291 25.8717 9.65739 4.77564
internal_count=3352 2485 686 1799 1638 570 395 293 175 196 672 222 450 355
is_linear=0
shrinkage=0.05


Tree=111
num_leaves=15
num_cat=0
split_feature=3 8 10 14 16 5 13 13 11 13 13 0 0 5
split_gain=1.9007 1.73818 2.88897 2.56887 3.11318 2.42442 1.96157 2.70373 2.2435 4.35983 2.31554 2.87204 1.60635 2.10668
threshold=85.500000000000014 94.500000000000014 108.50000000000001 197.50000000000003 187.50000000000003 110.50000000000001 173.50000000000003 168.50000000000003 155.50000000000003 152.50000000000003 102.50000000000001 14.500000000000002 7.5000000000000009 25.500000000000004
decision_type=2 2 2 2 2 2 2 2 2 2 2 2 2 2
left_child=12 5 3 4 -3 -2 7 8 9 10 11 -4 13 -1
right_child=1 2 6 -5 -6 -7 -8 -9 -10 -11 -12 -13 -14 -15
leaf_value=0.016492324868984751 0.028416058204247918 -0.032845916155734386 0.017858659847780196 0.013058764592425968 0.011591376244063594 -0.003124614814182392 0.016032703506379305 -0.022989845326835536 -0.01802527372307133 0.033974917823157133 -0.015904743377107747 -0.014628637958976934 -0.023129348811802179 -0.018859020869963133
leaf_weight=5.6323895857203778 8.8165360798593628 11.464502010727303 15.938112506526524 2.6550566256046286 2.4007515832781783 9.3051065804902446 19.140564220026135 6.4404723760671905 4.9249131979886434 7.1603958732448509 10.978742799023165 5.6745485696010283 9.4510349314659816 2.0683657977497205
leaf_count=344 154 532 137 15 12 90 140 67 103 87 462 210 783 216
internal_value=0.000177782 0.00286425 -0.000361017 -0.016498 -0.0241188 0.0150471 0.0042774 -0.00116062 0.00398343 0.0084194 -0.000967383 0.00818304 -0.0131905 0.00331086
internal_weight=122.051 104.9 86.7781 16.5203 13.8653 18.1216 70.2577 51.1172 44.6767 39.7518 32.5914 21.6127 17.1518 7.70076
internal_count=3352 2009 1765 559 544 244 1206 1066 999 896 809 347 1343 560
is_linear=0
shrinkage=0.05


Tree=112
num_leaves=15
num_cat=0
split_feature=3 5 12 15 12 2 4 12 12 0 4 0 11 7
split_gain=1.863 1.55227 1.53686 1.91554 2.65134 2.87544 2.02369 1.99817 1.75467 1.73791 2.33003 1.87513 1.69223 2.18535
threshold=175.50000000000003 21.500000000000004 105.50000000000001 166.50000000000003 170.50000000000003 3.5000000000000004 176.50000000000003 143.50000000000003 134.50000000000003 6.5000000000000009 166.50000000000003 14.500000000000002 126.50000000000001 168.50000000000003
decision_type=2 2 2 2 2 2 2 2 2 2 2 2 2 2
left_child=1 -1 9 6 5 -5 7 8 12 -3 11 -11 13 -4
right_child=-2 2 3 4 -6 -7 -8 -9 -10 10 -12 -13 -14 -15
leaf_value=-0.022216373088474031 0.020595910871021691 -0.015791207737863668 -0.011614653370880815 0.022711541541164251 -0.013153625662580923 -0.0055510088550953058 0.01116497571250399 -0.028437621965913276 0.017649460890332144 0.022111311975008773 -0.011116403777715231 -0.0088024801173550073 -0.027588047768784454 0.019071956311304775
leaf_weight=3.4862648536218321 5.2596005238592616 2.2935686124255872 10.214802264817996 16.197662391234193 11.780746732372789 12.843521419446914 4.8817975483834735 12.105499124969354 2.5442812024848527 23.064758850960068 5.4190511840861282 3.1272763839224345 3.8266947513911864 4.3779268157668403
leaf_count=504 47 704 485 125 100 104 43 223 69 309 49 454 98 38
internal_value=0.000143251 -0.0015945 -3.96126e-05 -0.00385176 0.00352788 0.0112329 -0.0112763 -0.0156204 -0.00416805 0.00817413 0.0118321 0.0176009 -0.0103064 0.000109263
internal_weight=121.423 116.164 112.678 78.7729 40.8219 29.0412 37.951 33.0692 20.9637 33.9047 31.6111 26.192 18.4194 14.5927
internal_count=3352 3305 2801 1285 329 229 956 913 690 1516 812 763 621 523
is_linear=0
shrinkage=0.05


Tree=113
num_leaves=15
num_cat=0
split_feature=3 5 3 14 10 10 9 8 13 8 0 16 2 9
split_gain=1.86424 2.86576 4.49687 2.20052 2.04806 2.85082 2.48568 2.02672 2.65002 2.63673 2.17368 2.05325 0.934042 0.899706
threshold=121.50000000000001 120.50000000000001 156.50000000000003 197.50000000000003 117.50000000000001 143.50000000000003 177.50000000000003 93.500000000000014 115.50000000000001 20.500000000000004 8.5000000000000018 187.50000000000003 2.5000000000000004 162.50000000000003
decision_type=2 2 2 2 2 2 2 2 2 2 2 2 2 2
left_child=3 13 -3 7 -4 -6 -7 8 9 -1 12 -9 -11 -2
right_child=1 2 4 -5 5 6 -8 11 -10 10 -12 -13 -14 -15
leaf_value=-0.01879165933429745 0.0062298269095419339 -0.02542612785415363 -0.0096361176654356593 0.01778058280721832 0.025249163865426541 -0.011762280698923308 0.014780093851269424 -0.033348522155754616 -0.02192183754120855 -0.00066030415787995099 -0.010890259185555036 0.0037161081451667147 0.030058768974435109 0.028869013752459066
leaf_weight=2.4582927426090526 12.569399219239132 10.209632668760603 13.104942263569681 2.6241969391703597 13.965456719975917 15.241033093770968 10.634652886539696 9.5316783979069424 5.640001341700553 2.7599712922237805 2.5781155861914149 3.7887140586972228 8.7474386231042427 7.2391137769445768
leaf_count=141 162 339 118 14 127 193 75 936 355 148 358 19 294 73
internal_value=7.33967e-05 0.00424564 -0.00131054 -0.00844478 0.00513238 0.010523 -0.000226686 -0.0123388 -0.00175923 0.00860691 0.017059 -0.0246692 0.0247227 0.0186543
internal_weight=121.093 82.9642 63.1557 38.1284 52.9461 39.8411 25.8757 35.5042 22.1838 16.5438 14.0855 13.3204 11.5074 19.8085
internal_count=3352 1087 852 2265 513 395 268 2251 1296 941 800 955 442 235
is_linear=0
shrinkage=0.05


Tree=114
num_leaves=15
num_cat=0
split_feature=3 5 12 15 12 2 10 9 14 13 4 0 0 1
split_gain=1.79327 1.46678 1.38762 1.77514 2.48239 2.67347 1.97897 2.28802 1.85834 2.59371 1.64514 2.21199 1.73729 1.35432
threshold=175.50000000000003 21.500000000000004 105.50000000000001 166.50000000000003 170.50000000000003 3.5000000000000004 176.50000000000003 83.500000000000014 191.50000000000003 101.50000000000001 166.50000000000003 6.5000000000000009 14.500000000000002 1.5000000000000002
decision_type=2 2 2 2 2 2 2 2 2 2 2 2 2 2
left_child=1 -1 10 6 5 -5 7 -4 9 13 11 -3 -13 -9
right_child=-2 2 3 4 -6 -7 -8 8 -10 -11 -12 12 -14 -15
leaf_value=-0.021815918366773299 0.020186929782349206 -0.015562703709114598 0.0044366753945354349 0.021933046773875278 -0.012816205410145798 -0.0053775024087665789 0.011091136816351387 -0.014548898162206544 0.0054124715346092252 -0.03818882911790044 -0.011087202949715781 0.021243421490635114 -0.0085709632268455918 0.013051191399472657
leaf_weight=3.3900190787389866 5.1967735253274432 2.2455033040605512 9.055110539426094 16.090275306254629 11.700411126017569 12.778711047489194 4.9436684749089173 4.4903497112682151 3.4836612567305556 12.207747362437656 5.4114935968536875 23.024006643798206 3.080828411737456 3.4385029423283413
leaf_count=504 47 704 149 125 100 104 37 134 19 534 49 309 454 83
internal_value=5.64514e-05 -0.00165161 -0.000134406 -0.00376964 0.00335605 0.010835 -0.0109464 -0.01531 -0.0223327 -0.0272545 0.00768466 0.0123928 0.0169127 -0.00216118
internal_weight=120.537 115.34 111.95 78.1884 40.5694 28.869 37.619 32.6754 23.6203 20.1366 33.7618 28.3503 26.1048 7.92885
internal_count=3352 3305 2801 1285 329 229 956 919 770 751 1516 1467 763 217
is_linear=0
shrinkage=0.05


Tree=115
num_leaves=15
num_cat=0
split_feature=3 5 3 14 10 10 9 8 13 8 0 0 16 3
split_gain=1.863 2.69964 4.21819 2.1164 1.89194 2.6587 2.56946 1.87491 2.46891 2.46728 2.06451 2.92173 1.93172 0.905876
threshold=121.50000000000001 120.50000000000001 156.50000000000003 197.50000000000003 117.50000000000001 148.50000000000003 177.50000000000003 93.500000000000014 115.50000000000001 20.500000000000004 6.5000000000000009 8.5000000000000018 187.50000000000003 128.50000000000003
decision_type=2 2 2 2 2 2 2 2 2 2 2 2 2 2
left_child=3 13 -3 7 -4 -6 -7 8 9 -1 -11 -12 -9 -2
right_child=1 2 4 -5 5 6 -8 12 -10 10 11 -13 -14 -15
leaf_value=-0.018473377216734251 0.0012883111269986175 -0.024715542487924902 -0.0092228470307921511 0.0172785657530947 0.022438440324948045 -0.01424449349886465 0.014132143996275269 -0.032802907364171623 -0.021577497054929302 -0.012923461599151406 0.032392350823002139 -0.010815266974712419 0.003382008890438873 0.023991312327442005
leaf_weight=2.4192369363736423 6.5875088735483613 10.07141059823334 13.028115860419346 2.5954750254750243 17.269288038602099 12.655189748154955 9.6010504327714425 9.3651917262468469 5.549679428455419 1.7251585971098382 9.7435106239281577 2.5638220788678145 3.7997036203742018 13.092303750803692
leaf_count=141 73 339 118 14 160 165 70 936 355 367 75 358 19 162
internal_value=-1.03451e-05 0.00417801 -0.00124548 -0.00856032 0.00500876 0.0102086 -0.00165632 -0.0123809 -0.00206782 0.00800875 0.016228 0.0228673 -0.0243029 0.0181925
internal_weight=120.067 82.3049 62.6251 37.7618 52.5536 39.5255 22.2562 35.1663 22.0014 16.4517 14.0325 12.3073 13.1649 19.6798
internal_count=3352 1087 852 2265 513 395 235 2251 1296 941 800 433 955 235
is_linear=0
shrinkage=0.05


Tree=116
num_leaves=15
num_cat=0
split_feature=13 3 6 10 14 10 10 3 0 13 5 5 5 13
split_gain=1.82505 1.94041 3.3422 5.18226 3.8622 2.67658 3.64123 2.42248 2.21451 2.16371 1.58052 1.20366 2.34757 0.99827
threshold=181.50000000000003 128.50000000000003 112.50000000000001 79.500000000000014 177.50000000000003 172.50000000000003 159.50000000000003 85.500000000000014 7.5000000000000009 174.50000000000003 21.500000000000004 162.50000000000003 145.50000000000003 164.50000000000003
decision_type=2 2 2 2 2 2 2 2 2 2 2 2 2 2
left_child=1 2 3 7 -4 6 9 8 10 11 -1 12 -3 -14
right_child=-2 5 4 -5 -6 -7 -8 -9 -10 -11 -12 -13 13 -15
leaf_value=-0.014267455389916306 0.015421355141049978 0.01358233721101452 0.028883222190997093 -0.040539805688954184 -0.013541082170232878 0.023743857531369483 -0.022853692756552694 0.019123144122348074 -0.0248662715780711 -0.014049174920626498 0.017812044167923091 0.015529195462806076 -0.023510105989186243 0.004379833268749282
leaf_weight=1.6802265085279993 11.580000037327407 8.7894520292757097 5.7936250078491849 10.044106023036873 6.4026897624135017 7.6944981208071104 10.342158262850715 5.0200579677475607 6.8833410174120218 7.7518107108771792 5.0514319399371743 24.467794846044853 5.3013583802385247 2.6917894030921161
leaf_count=157 97 176 295 814 35 69 173 125 706 55 221 192 195 42
internal_value=-7.19389e-05 -0.00234374 -0.0103037 -0.018707 0.00915021 0.00288797 -0.00145111 -0.00085266 -0.0113762 0.00476378 0.00713682 0.00943574 -0.000973451 -0.0160467
internal_weight=119.494 107.914 40.8755 28.6792 12.1963 67.0389 59.3444 18.6351 13.615 49.0022 6.73166 41.2504 16.7826 7.99315
internal_count=3352 3255 2353 2023 330 902 833 1209 1084 660 378 605 413 237
is_linear=0
shrinkage=0.05


Tree=117
num_leaves=15
num_cat=0
split_feature=3 9 8 3 0 5 3 6 17 14 14 6 7 0
split_gain=1.7217 1.37368 2.4219 2.56106 2.19273 2.03621 3.03661 2.92415 5.68733 2.57308 3.81137 2.8658 2.07504 1.19324
threshold=175.50000000000003 21.500000000000004 24.500000000000004 104.50000000000001 8.5000000000000018 122.50000000000001 156.50000000000003 108.50000000000001 0.30056179775280906 176.50000000000003 166.50000000000003 167.50000000000003 117.50000000000001 7.5000000000000009
decision_type=2 2 2 2 2 2 2 2 2 2 2 2 2 2
left_child=1 13 4 -4 -3 7 -7 8 -5 10 11 -8 -9 -1
right_child=-2 2 3 5 -6 6 9 12 -10 -11 -12 -13 -14 -15
leaf_value=0.0035656467940792338 0.019717377799197546 0.030938169498834163 -0.022584800415404102 0.015879080201110191 -0.0069419638602525513 -0.024564751381467773 -0.018582312311262079 0.035549000097273721 -0.030977157105863504 -0.010802266479038376 0.02927299087728058 0.014593242707957402 0.0010876495455028653 -0.027641639712239832
leaf_weight=3.1470603321213266 5.1013711653649798 5.8499173242598754 8.9698468856513482 10.723242590203887 3.5309572231490165 10.157986145466564 9.680428154068073 7.3178234398365003 6.1124001243151715 20.537323066964746 9.6957035413943213 6.9448438296094528 7.2729085816536099 3.7586196289630607
leaf_count=162 47 182 682 118 306 425 169 95 404 146 101 46 127 342
internal_value=-0.000103109 -0.0017855 9.97864e-06 -0.00268853 0.0192238 0.000429855 -0.00510363 0.00979167 -0.00433053 0.00107686 0.0105905 -0.00455404 0.0230331 -0.0178951
internal_weight=118.8 113.699 106.793 97.4125 9.38087 88.4427 57.0163 31.4264 16.8356 46.8583 26.321 16.6253 14.5907 6.90568
internal_count=3352 3305 2801 2313 488 1631 887 744 522 462 316 215 222 504
is_linear=0
shrinkage=0.05


Tree=118
num_leaves=15
num_cat=0
split_feature=13 10 6 15 15 3 7 10 7 4 6 14 2 5
split_gain=1.76723 1.82572 1.99444 1.89742 2.21705 1.62025 2.77136 1.93263 1.9139 1.66256 1.33799 1.23538 2.98828 2.58518
threshold=181.50000000000003 180.00000000000003 178.50000000000003 117.50000000000001 187.50000000000003 104.50000000000001 173.50000000000003 67.500000000000014 24.500000000000004 26.500000000000004 108.50000000000001 175.50000000000003 3.5000000000000004 101.50000000000001
decision_type=2 2 2 2 2 2 2 2 2 2 2 2 2 2
left_child=1 2 3 5 11 7 10 8 9 -1 -7 12 13 -5
right_child=-2 -3 -4 4 -6 6 -8 -9 -10 -11 -12 -13 -14 -15
leaf_value=-0.017299600215772662 0.015185156695091363 0.017228020645644552 0.014642328610303052 -0.018250533661437741 0.012443506401797109 -0.0068633726268896847 -0.018345817790972226 -0.024935589278122575 0.022539490160850432 0.016354083782698408 0.021541730993039382 -0.024731057886327106 -0.021114119802095332 0.014768808566676533
leaf_weight=7.0728503105929104 11.518205709755419 5.9770657559856764 7.8182023325934997 3.7282345448620644 4.5658151274546972 2.6336556472815635 2.7689636289142063 4.8514473197283214 2.9681500816950575 0.8025952448369934 16.472287182114087 17.294866411946714 15.10814930743072 14.683266919455489
leaf_count=792 97 50 42 109 31 317 24 495 149 37 350 160 371 328
internal_value=-8.32046e-05 -0.00233645 -0.00425647 -0.00651238 -0.0120156 0.00205818 0.00995835 -0.00869836 0.00414292 -0.00885091 0.0170148 -0.0151312 -0.00761072 0.00561277
internal_weight=118.264 106.746 100.768 92.9503 55.3803 37.5699 21.8749 15.695 10.8436 7.87545 19.1059 50.8145 33.5197 18.4115
internal_count=3352 3255 3205 3163 999 2164 691 1473 978 829 667 968 808 437
is_linear=0
shrinkage=0.05


Tree=119
num_leaves=15
num_cat=0
split_feature=13 10 6 14 16 15 14 13 3 3 7 3 9 9
split_gain=1.64963 1.73009 1.87721 1.88779 2.33135 2.33749 2.62968 1.73072 1.57228 1.49483 2.17107 1.22277 1.11479 1.04474
threshold=181.50000000000003 180.00000000000003 178.50000000000003 197.50000000000003 181.50000000000003 117.50000000000001 171.50000000000003 164.50000000000003 140.50000000000003 105.50000000000001 173.50000000000003 128.50000000000003 23.500000000000004 121.50000000000001
decision_type=2 2 2 2 2 2 2 2 2 2 2 2 2 2
left_child=1 2 3 4 5 9 7 8 11 12 -11 -7 -1 -6
right_child=-2 -3 -4 -5 13 6 -8 -9 -10 10 -12 -13 -14 -15
leaf_value=0.0015855664483733556 0.014693923428924366 0.016820527873971602 0.014214927725071477 0.017109945797942318 -0.0049274113431394609 -0.0085087588271326297 -0.033614413051505039 0.016036428978004068 -0.022714830863947294 0.013743552036769358 -0.017821032312414133 0.018918660933168407 -0.023380897749253639 0.012515790140280101
leaf_weight=6.7519006860675308 11.476345032453535 5.9379044640809289 7.8013751264661542 3.425915613770484 13.10017644101754 4.9200875684618977 15.38241152372211 2.677606889512389 8.0618785424157959 15.706910335225986 2.6978972088545552 2.1220463989302516 5.5072757941670716 12.239581728354095
leaf_count=752 97 50 42 19 95 273 188 52 257 622 23 65 720 97
internal_value=-7.50829e-05 -0.0022574 -0.00413022 -0.00632495 -0.00808601 -0.012902 -0.0211819 -0.00540984 -0.0122546 -0.0022329 0.00629794 0.00417965 -0.0131545 0.00417208
internal_weight=117.809 106.333 100.395 92.5937 89.1678 63.828 33.164 17.7816 15.104 30.664 18.4048 7.04213 12.2592 25.3398
internal_count=3352 3255 3205 3163 3144 2952 835 647 595 2117 645 338 1472 192
is_linear=0
shrinkage=0.05


Tree=120
num_leaves=15
num_cat=0
split_feature=0 3 9 8 3 5 6 6 17 14 14 0 9 3
split_gain=1.62167 1.78355 1.35522 2.32134 2.44516 2.25608 4.22515 3.38024 3.00054 2.4568 2.15777 1.7714 1.69368 1.33234
threshold=17.500000000000004 175.50000000000003 21.500000000000004 24.500000000000004 104.50000000000001 145.50000000000003 111.50000000000001 155.50000000000003 0.27808988764044951 177.50000000000003 182.50000000000003 8.5000000000000018 168.50000000000003 167.50000000000003
decision_type=2 2 2 2 2 2 2 2 2 2 2 2 2 2
left_child=1 2 -1 11 -5 6 8 13 -6 -8 -10 -4 -9 -7
right_child=-2 -3 3 4 5 7 9 12 10 -11 -12 -13 -14 -15
leaf_value=-0.016598445567558132 -0.021263846101379429 0.022046884073097045 0.030411482826951886 -0.021112907843043909 0.0099252573500619411 -0.033162566178883329 0.038763579948934035 0.012029141315270643 -0.033165200972888491 0.0030483300433341957 0.0077734830203616961 -0.0052990625967007619 -0.0072712670951942107 -0.0022823257280019239
leaf_weight=6.565943114925175 3.4078746980521819 4.6651077456772319 5.8494515728671086 8.54847619589418 10.966244511655534 6.5776900060009194 8.487843409180643 19.187725214287639 5.5935998245840883 8.9308852441608888 2.3341389670968056 3.2094540458638221 16.887262066826224 6.1371954157948494
leaf_count=383 867 45 182 599 61 179 135 163 308 56 15 166 126 67
internal_value=-4.40321e-05 0.00145784 -0.000347309 0.00141387 -0.00135992 0.00168574 0.010395 -0.00515999 -0.00568587 0.0252157 -0.0227671 0.0203747 0.003209 -0.0231085
internal_weight=117.349 113.941 109.276 102.71 93.6511 85.1026 36.3127 48.7899 18.894 17.4187 7.92774 9.05891 36.075 12.7149
internal_count=3352 2485 2440 2057 1709 1110 575 535 384 191 323 348 289 246
is_linear=0
shrinkage=0.05


Tree=121
num_leaves=15
num_cat=0
split_feature=0 3 5 5 6 9 7 16 5 8 2 7 9 3
split_gain=1.56426 1.71443 1.2822 1.5272 3.36092 2.86228 2.94199 2.51244 5.11695 3.83243 1.86109 1.82461 1.64867 1.25399
threshold=17.500000000000004 175.50000000000003 22.500000000000004 145.50000000000003 155.50000000000003 162.50000000000003 118.50000000000001 197.50000000000003 108.50000000000001 94.500000000000014 3.5000000000000004 105.50000000000001 168.50000000000003 167.50000000000003
decision_type=2 2 2 2 2 2 2 2 2 2 2 2 2 2
left_child=1 2 -1 5 13 6 7 8 9 10 -4 -10 -6 -5
right_child=-2 -3 3 4 12 -7 -8 -9 11 -11 -12 -13 -14 -15
leaf_value=-0.016890308975656066 -0.021001478330460441 0.021648862048019742 -0.0080111408911850319 -0.032657555506202446 0.012019443017614659 0.02540116384006362 -0.021738814496089231 -0.017847468221637235 0.0015944284679272312 -0.028366101018845798 0.020404056265728818 0.040988666702041425 -0.0069972618863194426 -0.0024883612068821235
leaf_weight=5.6733192343963301 3.3420612441841504 4.6067474670708171 6.4248474900377941 6.5023832954466325 19.437002532649785 10.293997411616145 6.880210760748013 4.3069948926568022 4.336188339861109 5.424588219379074 8.4757353116292489 8.0308650856604782 16.867430508136749 6.1897265622392297
leaf_count=562 867 45 259 180 165 84 130 23 70 424 188 161 126 68
internal_value=-7.73714e-05 0.00139951 -0.000370709 0.00127644 -0.00486655 0.00677415 0.000252956 0.0064436 0.0115868 -0.00443319 0.0092175 0.0316118 0.00340658 -0.0228059
internal_weight=116.792 113.45 108.843 103.17 48.9965 54.1734 43.8794 36.9992 32.6922 20.3252 14.9006 12.3671 36.3044 12.6921
internal_count=3352 2485 2440 1878 539 1339 1255 1125 1102 871 447 231 291 248
is_linear=0
shrinkage=0.05


Tree=122
num_leaves=15
num_cat=0
split_feature=13 3 9 15 4 3 4 7 4 7 7 13 16 12
split_gain=1.52303 1.5963 2.89853 2.89365 2.59992 2.58994 1.57757 3.13766 2.28226 3.48932 2.13886 3.0078 1.25624 1.4248
threshold=181.50000000000003 128.50000000000003 87.500000000000014 185.50000000000003 134.50000000000003 110.50000000000001 161.50000000000003 173.50000000000003 152.50000000000003 104.50000000000001 164.50000000000003 164.50000000000003 203.00000000000003 22.500000000000004
decision_type=2 2 2 2 2 2 2 2 2 2 2 2 2 2
left_child=1 2 5 -4 -3 12 8 10 9 -6 11 -8 13 -1
right_child=-2 4 3 -5 6 -7 7 -9 -10 -11 -12 -13 -14 -15
leaf_value=0.0057164053693571325 0.014116548478951579 0.025103343227536896 -0.035415228649539089 0.011379962560991403 -0.021033305456574374 0.023040329192933903 -0.015192060543181908 -0.012571729175071418 -0.027663944675964492 0.022423694236120374 0.026687410943540602 0.016789369397713649 0.013787141300331915 -0.017797074411104223
leaf_weight=6.4562065704958611 11.313566555269061 5.8097339018713674 9.1237616512225923 1.7071289643645275 3.4094825903885049 4.224353940691798 9.5555949218105578 15.072263140231369 6.6886379139032206 5.4099816874368116 9.8734162873588485 9.8774085938930494 1.7208172976970662 15.928615401848218
leaf_count=609 97 83 1027 11 24 71 127 124 172 209 94 69 11 624
internal_value=-0.000144956 -0.00225616 -0.00963876 -0.0267748 0.00251498 -5.36092e-05 -0.0014419 0.00350845 -0.0130096 0.00409213 0.0124054 0.00117271 -0.00736349 -0.0112099
internal_weight=116.171 104.857 39.1609 10.8309 65.6965 28.33 59.8868 44.3787 15.5081 8.81946 29.3064 19.433 24.1056 22.3848
internal_count=3352 3255 2353 1038 902 1315 819 414 405 233 290 196 1244 1233
is_linear=0
shrinkage=0.05


Tree=123
num_leaves=15
num_cat=0
split_feature=0 3 10 9 9 10 10 3 5 7 10 0 5 5
split_gain=1.50272 1.64495 1.24446 3.04975 2.79563 2.44526 2.43814 2.45259 2.11947 2.41875 1.89344 1.36338 1.71501 2.4132
threshold=17.500000000000004 175.50000000000003 117.50000000000001 145.50000000000003 99.500000000000014 97.500000000000014 84.500000000000014 85.500000000000014 145.50000000000003 167.50000000000003 158.50000000000003 7.5000000000000009 25.500000000000004 21.500000000000004
decision_type=2 2 2 2 2 2 2 2 2 2 2 2 2 2
left_child=1 2 4 -4 5 6 7 11 -5 -10 -11 12 13 -1
right_child=-2 -3 3 8 -6 -7 -8 -9 9 10 -12 -13 -14 -15
leaf_value=-0.013659372951815166 -0.020684871431712961 0.021266904767311256 0.026627212942313551 0.013145881373787988 -0.022408928998987641 0.018584081649155478 -0.025750872655258179 0.016149903829148143 -0.02479595286500753 0.011276444530025281 -0.011950239878186927 -0.02083800582066939 -0.016783040560208684 0.029088239543117334
leaf_weight=1.6012790520908362 3.2642836952581993 4.5482942424714556 7.5488540326477951 13.260785692371426 12.321351778809911 9.5700634507229534 5.7180158840492359 11.432146462611852 8.3300595225300622 14.98187434859574 10.682655504439024 6.9303668051725253 1.6913467245176432 3.7917000043671578
leaf_count=157 867 45 116 142 545 106 124 191 183 109 100 443 51 173
internal_value=-7.99615e-05 0.0013738 -0.000370069 0.00470831 -0.00556947 0.00141708 -0.00569506 0.00230031 -0.00100591 -0.00750408 0.00123638 -0.0102731 0.00440774 0.0159305
internal_weight=115.673 112.409 107.86 54.8042 53.0563 40.7349 31.1649 25.4468 47.2554 33.9946 25.6645 14.0147 7.08433 5.39298
internal_count=3352 2485 2440 650 1790 1245 1139 1015 534 392 209 824 381 330
is_linear=0
shrinkage=0.05


Tree=124
num_leaves=15
num_cat=0
split_feature=4 11 4 8 4 0 16 4 11 14 16 15 16 16
split_gain=1.5056 1.66436 2.10393 3.33773 2.45436 3.69234 2.79995 1.36994 1.35568 1.6126 1.41414 1.31386 1.2487 1.03391
threshold=177.50000000000003 174.50000000000003 170.50000000000003 177.50000000000003 163.50000000000003 13.500000000000002 26.500000000000004 27.500000000000004 22.500000000000004 197.50000000000003 184.50000000000003 172.50000000000003 172.50000000000003 196.00000000000003
decision_type=2 2 2 2 2 2 2 2 2 2 2 2 2 2
left_child=1 2 3 4 5 6 7 -1 10 11 12 13 -8 -10
right_child=-2 -3 -4 -5 -6 -7 8 -9 9 -11 -12 -13 -14 -15
leaf_value=-0.0039653647282725689 0.016073857318369626 0.014173223369737779 -0.019547159029218955 0.022555809271540876 0.011392811854031144 -0.033036842495806851 -0.0057283373632602257 0.027805476658747438 -0.0250725580500714 0.010323007761750321 -0.011998886342403953 -0.00015491875776111987 0.02348748275390276 0.0039813236677439584
leaf_weight=3.5142424782970902 7.881976129487156 9.2333398601040226 13.183166320784947 8.258615125436334 14.705484172794966 7.8086205406580111 3.2106574241770414 4.7462848438881338 19.023551910300746 3.2997136637568465 3.712936799041926 9.4488855497911555 5.0775449331849813 2.078178569674491
leaf_count=363 66 89 111 65 149 1197 212 116 818 19 25 78 32 12
internal_value=-0.000121374 -0.00197371 -0.0041078 -0.000756005 -0.00449626 -0.00883902 -0.00284809 0.0178905 -0.00797606 -0.0126308 0.00500656 -0.0162132 0.014273 -0.0219967
internal_weight=115.183 107.301 98.0679 84.8847 76.6261 61.9206 54.112 8.26053 45.8515 33.8503 12.0011 30.5506 8.2882 21.1017
internal_count=3352 3286 3197 3086 3021 2872 1675 479 1196 927 269 908 244 830
is_linear=0
shrinkage=0.05


Tree=125
num_leaves=15
num_cat=0
split_feature=0 3 12 12 4 4 14 12 3 9 9 5 6 0
split_gain=1.42041 1.5484 1.22599 3.09292 1.96155 2.51734 2.96869 2.50139 2.34807 3.14711 1.71447 1.50087 1.2801 0.83734
threshold=17.500000000000004 175.50000000000003 170.50000000000003 166.50000000000003 177.50000000000003 166.50000000000003 190.50000000000003 122.50000000000001 105.50000000000001 23.500000000000004 95.500000000000014 21.500000000000004 108.50000000000001 8.5000000000000018
decision_type=2 2 2 2 2 2 2 2 2 2 2 2 2 2
left_child=1 2 3 4 5 6 7 8 9 11 -9 -1 -10 -13
right_child=-2 -3 -4 -5 -6 -7 -8 10 12 -11 -12 13 -14 -15
leaf_value=-0.012834981863539855 -0.020238150951365663 0.020741879867345589 -0.013129792233432191 0.024996038022838327 0.019704037631912891 -0.017815121871856424 0.022342009537610029 0.0054871640393102574 -0.0048574485392063362 -0.025154750087044264 -0.021196649626796814 0.024505297591162347 0.021746053540933258 -0.0031243535712190624
leaf_weight=1.5737925062421725 3.1461041296133763 4.4669450744986525 11.123138971626757 7.5204842071980229 4.9084206288680425 18.497208759654313 8.520761623978613 5.8632384121883687 3.9122371702687841 7.0455112300114697 17.263839200953953 5.2258666523266584 13.268320076051166 2.3519490309990942
leaf_count=268 867 45 97 62 38 150 55 95 252 656 237 188 208 134
internal_value=-5.5272e-05 0.00135785 -0.00034009 0.00171942 -0.00149184 -0.00378005 0.00119935 -0.003546 0.00506061 -0.0075368 -0.0146588 0.0101221 0.0159587 0.0180968
internal_weight=114.688 111.542 107.075 95.9516 88.4311 83.5227 65.0255 56.5048 33.3777 16.1971 23.1271 9.15161 17.1806 7.57782
internal_count=3352 2485 2440 2343 2281 2243 2093 2038 1706 1246 332 590 460 322
is_linear=0
shrinkage=0.05


Tree=126
num_leaves=15
num_cat=0
split_feature=9 8 7 14 0 6 15 9 8 8 3 9 4 9
split_gain=1.40851 1.90228 2.28402 1.94564 1.73921 1.63318 1.47229 1.29558 2.88529 2.11303 1.92609 1.46864 1.43286 2.43927
threshold=21.500000000000004 24.500000000000004 104.50000000000001 182.50000000000003 8.5000000000000018 115.50000000000001 179.50000000000003 80.500000000000014 112.50000000000001 90.500000000000014 138.50000000000003 117.50000000000001 152.50000000000003 162.50000000000003
decision_type=2 2 2 2 2 2 2 2 2 2 2 2 2 2
left_child=-1 4 3 5 -2 6 -3 -4 9 -9 -11 -10 13 -13
right_child=1 2 7 -5 -6 -7 -8 8 11 10 -12 12 -14 -15
leaf_value=-0.016616130255713246 0.029031995326417759 -0.035620848528388045 -0.012776437596405801 0.0097594422418822852 -0.0057097039692130501 0.0076061614902235121 0.0052444821122543507 -0.005712143667742268 -0.01794705516067216 0.00018055888314195493 0.040056439600576116 -0.0086734284025381768 -0.0027763463813989999 0.023599597090461829
leaf_weight=6.5784907623892641 5.8007353621069324 8.0209236724767816 7.2957646370632565 2.6306175636127582 3.2975297208176926 1.4242737741442386 1.2550538815557946 3.8075275800656518 5.2932581369532263 4.1419470639666525 6.7420555492863059 5.9729105292353806 41.057965170941316 10.92792901501525
leaf_count=504 182 614 65 22 306 13 10 27 247 244 43 455 488 132
internal_value=-9.83978e-06 0.00169716 -0.000723896 -0.0167846 0.0188811 -0.0243402 -0.0301914 0.00257873 0.00469957 0.0214146 0.0297152 -0.000467189 0.00242773 0.0128178
internal_weight=114.247 107.668 98.5702 13.3309 9.09827 10.7003 9.27598 85.2394 77.9436 14.6915 10.884 63.2521 57.9588 16.9008
internal_count=3352 2848 2360 659 488 637 624 1701 1636 314 287 1322 1075 587
is_linear=0
shrinkage=0.05


Tree=127
num_leaves=15
num_cat=0
split_feature=5 12 2 16 9 16 9 8 6 4 14 0 2 10
split_gain=1.38861 1.2859 1.84287 1.50461 1.98383 1.64123 1.84761 3.55533 1.57497 1.16222 1.03806 0.883461 0.704675 0.610614
threshold=22.500000000000004 21.500000000000004 1.5000000000000002 160.50000000000003 175.50000000000003 170.50000000000003 170.50000000000003 164.50000000000003 102.50000000000001 176.50000000000003 176.50000000000003 11.500000000000002 3.5000000000000004 105.50000000000001
decision_type=2 2 2 2 2 2 2 2 2 2 2 2 2 2
left_child=-1 11 10 4 9 12 7 8 -7 -4 -3 -2 -5 -10
right_child=1 2 3 5 -6 6 -8 -9 13 -11 -12 -13 -14 -15
leaf_value=-0.01718691681355846 0.022736094017727707 0.021985719191468491 -0.028574530097202247 0.01795438378335135 0.01044512373416453 0.0060311338925348838 -0.018967983091898059 0.022245435598787115 -0.0033976325505830143 0.0064621999828618285 -2.6535928557812851e-05 -0.0031681900081974128 -0.00026190333716460864 -0.02114179722141581
leaf_weight=5.7232679356820872 5.8966250467346963 7.5999986206879866 9.3175548188155481 9.2072481201030332 2.4132552510127416 11.239209837280216 11.331493120640515 8.9609119622036797 10.543787963921206 0.9139240968506791 9.2949248631484789 3.1508795423433185 8.2500596081372333 10.002770440652965
leaf_count=772 115 273 1298 100 18 90 91 73 81 11 79 117 114 120
internal_value=9.61197e-06 0.0016393 -0.000350525 -0.00359166 -0.016632 -0.00026368 -0.00475253 0.000841805 -0.00739571 -0.0243509 0.0126349 0.015798 0.011204 -0.0144833
internal_weight=113.846 108.123 99.0751 82.1802 12.6447 69.5355 52.0782 40.7467 31.7858 10.2315 16.8949 9.0475 17.4573 20.5466
internal_count=3352 2580 2348 1996 1327 669 455 364 291 1309 352 232 214 201
is_linear=0
shrinkage=0.05


Tree=128
num_leaves=15
num_cat=0
split_feature=0 3 9 8 9 9 10 9 5 7 7 15 0 0
split_gain=1.36688 1.45641 1.18514 2.12923 2.01794 1.80948 3.3483 3.2818 2.51317 3.48587 2.40803 1.60178 1.34193 1.13388
threshold=17.500000000000004 175.50000000000003 21.500000000000004 24.500000000000004 76.500000000000014 87.500000000000014 112.50000000000001 125.50000000000001 145.50000000000003 164.50000000000003 173.50000000000003 172.50000000000003 8.5000000000000018 7.5000000000000009
decision_type=2 2 2 2 2 2 2 2 2 2 2 2 2 2
left_child=1 2 13 12 -5 -6 11 -8 -9 -10 -11 -7 -4 -1
right_child=-2 -3 3 4 5 6 7 8 9 10 -12 -13 -14 -15
leaf_value=0.0044285192069714197 -0.019877079114016257 0.020281151626112794 0.028265596335177886 -0.018183946276114242 0.018008656040393336 -0.029119163388625052 0.025425214487286379 0.013584192437236152 -0.031214976987345641 0.014364715321118585 -0.01079024134093799 0.0019253555311742688 -0.0040271839326189067 -0.025622384916605501
leaf_weight=3.0285901497118166 3.0545489316573358 4.4084797315299502 5.7750387149862927 9.9393532118992862 9.2855827034218219 8.4285827841958945 9.1350252171978337 13.639890184975227 7.014251801534555 12.50123808369972 15.866193969734011 5.1675609136000267 3.0016777517739683 3.271862481138669
leaf_count=162 867 45 182 276 86 573 157 160 175 123 126 33 166 221
internal_value=3.91135e-05 0.00142674 -0.000234823 0.0014349 -0.00127141 0.0017391 -0.00140235 0.00417721 -0.00176907 -0.00863697 0.000786666 -0.0199747 0.019768 -0.0156091
internal_weight=113.518 110.463 106.055 99.7544 90.9777 81.0383 71.7527 58.1566 49.0216 35.3817 28.3674 13.5961 8.77672 6.30045
internal_count=3352 2485 2440 2057 1709 1433 1347 741 584 424 249 606 348 383
is_linear=0
shrinkage=0.05


Tree=129
num_leaves=15
num_cat=0
split_feature=5 12 3 0 7 5 3 9 15 4 14 14 10 4
split_gain=1.33378 1.31566 1.84749 3.46885 2.56474 1.69965 2.13492 1.22872 1.20692 1.14792 1.27204 1.11957 0.853981 0.848688
threshold=22.500000000000004 105.50000000000001 167.50000000000003 13.500000000000002 171.50000000000003 125.50000000000001 128.50000000000003 83.500000000000014 151.50000000000003 166.50000000000003 169.50000000000003 92.500000000000014 123.50000000000001 98.500000000000014
decision_type=2 2 2 2 2 2 2 2 2 2 2 2 2 2
left_child=-1 9 4 -4 5 6 7 -3 12 10 11 -2 -7 -9
right_child=1 2 3 -5 -6 8 -8 13 -10 -11 -12 -13 -14 -15
leaf_value=-0.016921392155976364 0.008879262381654136 -0.00012317439433527806 -0.0070327876071223016 0.025647126971025891 0.010866135811210598 0.014902992289313617 0.011006773177700253 -0.031661665926548468 -0.030707071063956561 -0.0059546964836953934 0.020565014999666915 -0.016333460080459827 -0.011359012683810855 -0.0018960575631680803
leaf_weight=5.6288266149349502 6.11713039677125 10.226119871134875 14.337420682422819 9.8566914964467269 11.242441103328018 1.1129400138743215 10.105197598575613 4.2841786731150915 9.8009705985896272 6.4672665800899258 15.977033683331682 2.328944482083898 1.38210914703086 4.1398144631530158
leaf_count=772 404 145 121 83 107 45 139 82 210 54 151 664 152 223
internal_value=8.48547e-06 0.00160935 -0.00197892 0.00839332 -0.00709141 -0.0126551 -0.00435185 -0.0132413 -0.0252016 0.00953219 0.0139481 -0.00156143 0.00248252 -0.0231885
internal_weight=113.007 107.378 76.4879 24.1941 52.2938 41.0513 28.7553 18.6501 12.296 30.8904 24.4231 8.44607 2.49505 8.42399
internal_count=3352 2580 1307 204 1103 996 589 450 407 1273 1219 1068 197 305
is_linear=0
shrinkage=0.05


Tree=130
num_leaves=15
num_cat=0
split_feature=0 3 12 12 4 4 14 6 15 0 6 2 6 8
split_gain=1.32079 1.39698 1.12633 2.78328 1.82824 2.31639 2.70497 2.41461 3.02068 1.90888 1.65327 1.55415 1.0396 1.83194
threshold=17.500000000000004 175.50000000000003 170.50000000000003 166.50000000000003 177.50000000000003 166.50000000000003 190.50000000000003 174.50000000000003 144.50000000000003 6.5000000000000009 105.50000000000001 2.5000000000000004 22.500000000000004 93.500000000000014
decision_type=2 2 2 2 2 2 2 2 2 2 2 2 2 2
left_child=1 2 3 4 5 6 7 8 9 -1 -10 -11 -13 -14
right_child=-2 -3 -4 -5 -6 -7 -8 -9 10 11 -12 12 13 -15
leaf_value=-0.019305601840606108 -0.019691946431998959 0.019851803508223534 -0.012647845822310894 0.023836173717063307 0.019020463084476205 -0.017184730199667438 0.021466008499280438 0.023572997093537718 -0.0019446276016768548 -0.0058641632159829871 -0.029567315249050381 -0.0053904197779806222 0.033162623805825991 0.0022303251525891943
leaf_weight=3.1045414146501562 3.0047206330345935 4.3378818836063138 10.920450148172675 7.4198577846400431 4.924787717871367 18.22009688289836 8.362542260438202 2.5486729741096488 9.3769547527190316 10.676540881977418 10.829866527114062 3.0238865533610833 6.1880931577179572 9.7311294734245148
leaf_count=1022 867 45 97 62 38 150 55 13 97 274 176 197 90 169
internal_value=-5.78881e-05 0.00131528 -0.000313222 0.00167798 -0.00140497 -0.00365271 0.00117686 -0.00340317 -0.00662456 0.00297519 -0.0196774 0.00776148 0.0150619 0.0193067
internal_weight=112.67 109.665 105.327 94.407 86.9871 82.0623 63.8422 55.4797 52.931 32.7242 20.2068 29.6197 18.9431 15.9192
internal_count=3352 2485 2440 2343 2281 2243 2093 2038 2025 1752 273 730 456 259
is_linear=0
shrinkage=0.05


Tree=131
num_leaves=15
num_cat=0
split_feature=9 8 9 14 14 6 3 4 3 10 9 14 0 10
split_gain=1.29207 1.75292 2.15994 1.69546 2.15281 2.80459 3.01913 2.9704 3.35567 2.52359 2.13374 1.91291 1.50608 1.38996
threshold=21.500000000000004 24.500000000000004 76.500000000000014 191.50000000000003 180.50000000000003 112.50000000000001 128.50000000000003 117.50000000000001 156.50000000000003 148.50000000000003 177.50000000000003 167.50000000000003 8.5000000000000018 123.50000000000001
decision_type=2 2 2 2 2 2 2 2 2 2 2 2 2 2
left_child=-1 12 -3 4 5 6 -4 -7 13 11 -11 -10 -2 -9
right_child=1 2 3 -5 -6 7 -8 8 9 10 -12 -13 -14 -15
leaf_value=-0.016012318133574708 0.027605085712956542 -0.018341048246228508 -0.031331944707550137 0.018277964930389533 -0.01409480942410709 0.033594806846532071 0.0067780384236071876 0.0066147623737227174 0.00061641378031983501 -0.016581054152364879 0.011835924370420898 0.030446893991037807 -0.0051384255172247754 -0.028845302699702226
leaf_weight=6.4072988779516882 5.7440810445696098 9.873678182368165 5.441835882549638 8.9220069069415313 17.11244610697031 5.3515665238955981 7.4971157630207017 1.6481600689003233 8.4952571002068016 9.3540903653483856 7.5313185751438132 10.686772323213516 3.2085387484403327 4.9144923327257857
leaf_count=504 182 305 767 66 132 167 104 129 121 163 55 86 306 265
internal_value=1.0996e-05 0.00166044 -0.000692009 0.00220034 -0.000627865 0.00393712 -0.0135157 0.00947487 0.00323819 0.00964866 -0.00409799 0.0200948 0.018234 -0.0209304
internal_weight=112.189 105.781 96.8287 86.9551 78.0331 60.9206 12.939 47.9817 42.6301 36.0674 16.8854 19.182 8.95262 6.56265
internal_count=3352 2848 2360 2055 1989 1857 871 986 819 425 218 207 488 394
is_linear=0
shrinkage=0.05


Tree=132
num_leaves=15
num_cat=0
split_feature=13 10 6 15 4 6 7 7 14 8 3 3 2 6
split_gain=1.30397 1.53819 1.63538 1.56878 1.74433 2.81292 1.42033 2.2679 1.3549 1.94156 1.95051 1.39686 1.12941 1.12469
threshold=181.50000000000003 180.00000000000003 178.50000000000003 117.50000000000001 112.50000000000001 112.50000000000001 173.50000000000003 167.50000000000003 191.50000000000003 96.500000000000014 89.500000000000014 170.50000000000003 3.5000000000000004 116.50000000000001
decision_type=2 2 2 2 2 2 2 2 2 2 2 2 2 2
left_child=1 2 3 6 5 12 7 8 9 10 -1 -11 -5 -6
right_child=-2 -3 -4 4 13 -7 -8 -9 -10 11 -12 -13 -14 -15
leaf_value=-0.0077219882813826749 0.013383513164199319 0.016185803791384162 0.013361400170298954 -0.021452003340008727 0.00013362168165740852 0.02288328885850353 -0.01785673382203349 0.026217018567861301 0.017695609540387968 -0.025016515985768831 0.020693852356581822 0.0081012144937999634 0.0033303447891685004 -0.020819928288182795
leaf_weight=9.784503577393485 10.872475316748021 5.6810546289198092 7.65217644535005 5.1666885407175887 7.8901594299823037 4.8239716634852803 2.7034835149534038 4.9917977328877887 2.6429817751049987 8.4639493104768899 5.5924688441446042 1.5487874252721656 6.2869865843676962 27.609481157851405
leaf_count=1012 97 50 42 144 155 41 25 44 16 900 156 11 112 547
internal_value=2.02564e-05 -0.00198477 -0.00382345 -0.0059672 -0.0111472 0.00208193 0.00198656 0.00574545 -0.0013165 -0.00588142 0.00515451 -0.0189018 -0.0109706 -0.0167213
internal_weight=111.711 100.838 95.1574 87.5053 51.7773 16.2776 35.728 33.0245 28.0327 25.3897 15.377 10.0127 11.4537 35.4996
internal_count=3352 3255 3205 3163 999 297 2164 2139 2095 2079 1168 911 256 702
is_linear=0
shrinkage=0.05


Tree=133
num_leaves=15
num_cat=0
split_feature=0 3 5 5 7 6 12 0 13 3 5 5 4 15
split_gain=1.26716 1.32062 1.11942 2.65471 1.3009 3.08942 1.63483 1.79297 1.59067 2.23505 2.69025 1.16661 1.02477 0.824785
threshold=17.500000000000004 175.50000000000003 179.50000000000003 176.50000000000003 184.50000000000003 171.50000000000003 105.50000000000001 6.5000000000000009 152.50000000000003 167.50000000000003 126.50000000000001 22.500000000000004 112.50000000000001 22.500000000000004
decision_type=2 2 2 2 2 2 2 2 2 2 2 2 2 2
left_child=1 2 3 4 5 6 7 -1 12 10 -10 -9 -8 -13
right_child=-2 -3 -4 -5 -6 -7 8 11 9 -11 -12 13 -14 -15
leaf_value=-0.015544317977098505 -0.019240121303198719 0.019548641045081687 -0.015441256565910317 0.027098319209239365 0.01625714144980648 -0.030965013446497453 -0.00097633812914010474 -0.007174516296135987 0.0061541725243763092 0.019872792528888066 -0.024477042821147321 0.0012230618675174508 -0.019957493465760628 0.021629577720057139
leaf_weight=2.2417074186378185 2.9023312508943482 4.2735188491642466 5.8073106557130805 4.2115133218467227 4.9582791663706294 3.8007018268108359 12.210116743051914 3.3047774013830375 15.655067303217953 7.8630832927301517 6.3058912742417297 7.2680507828481522 14.041479364503173 16.309599763713777
leaf_count=825 867 45 33 26 29 27 261 283 145 72 136 121 237 245
internal_value=0.000123239 0.00146892 -0.000136984 0.00147281 -0.000986939 -0.00276126 0.000143619 0.00890197 -0.0047616 0.00304403 -0.0055495 0.0130586 -0.0126977 0.0166537
internal_weight=111.153 108.251 103.978 98.1703 93.9588 89.0005 85.1998 29.1241 56.0756 29.824 21.961 26.8824 26.2516 23.5777
internal_count=3352 2485 2440 2407 2381 2352 2325 1474 851 353 281 649 498 366
is_linear=0
shrinkage=0.05


Tree=134
num_leaves=15
num_cat=0
split_feature=9 8 7 14 14 14 16 6 16 14 5 10 6 0
split_gain=1.22326 1.66734 2.12654 1.70935 1.54367 1.62908 3.38543 2.77085 3.20127 3.06784 2.15145 1.87932 1.45082 1.447
threshold=21.500000000000004 24.500000000000004 104.50000000000001 182.50000000000003 22.500000000000004 176.50000000000003 178.50000000000003 167.50000000000003 190.50000000000003 170.50000000000003 143.50000000000003 168.50000000000003 115.50000000000001 8.5000000000000018
decision_type=2 2 2 2 2 2 2 2 2 2 2 2 2 2
left_child=-1 13 3 12 -4 7 10 8 9 11 -7 -6 -3 -2
right_child=1 2 4 -5 5 6 -8 -9 -10 -11 -12 -13 -14 -15
leaf_value=-0.015581882683678614 0.027033670664006738 -0.029139090365944094 -0.017634414414180091 0.008902970242142344 -0.024297588287622417 0.020037723920012161 -0.021759376572940747 0.029141946907283108 0.026939785649685445 0.01508817781258638 -0.0044484059756059241 0.0047140617506542292 0.0070346397999890165 -0.005084845249874583
leaf_weight=6.3204216714948407 5.7323708359617722 8.8453465582570043 3.7408311695326111 2.5590767143294206 12.532747434161147 10.901291524060072 10.487059047445653 9.4101223387988266 4.7678992990404359 7.5508218528702846 17.324591826181859 6.1221040976233772 1.3795660638716061 3.1851552834268659
leaf_count=504 182 624 73 22 1066 85 74 64 31 100 140 68 13 306
internal_value=6.84075e-05 0.00168268 -0.000637995 -0.0163779 0.0025851 0.00453298 -0.00269192 0.0109925 0.00219442 -0.00590291 0.00660078 -0.0157927 -0.0235511 0.0178563
internal_weight=110.859 104.539 95.6215 12.784 82.8375 79.0966 38.7129 40.3837 30.9736 26.2057 28.2259 18.6549 10.2249 8.91753
internal_count=3352 2848 2360 659 1701 1628 299 1329 1265 1234 225 1134 637 488
is_linear=0
shrinkage=0.05


Tree=135
num_leaves=15
num_cat=0
split_feature=5 14 13 13 5 10 3 8 9 3 7 7 6 15
split_gain=1.21139 1.17172 2.32286 1.6817 1.54498 1.36284 2.75732 2.48461 4.43713 2.01257 2.83773 2.65036 2.39986 2.31687
threshold=22.500000000000004 199.50000000000003 181.50000000000003 176.50000000000003 176.50000000000003 67.500000000000014 104.50000000000001 90.500000000000014 89.500000000000014 128.50000000000003 173.50000000000003 167.50000000000003 146.50000000000003 185.50000000000003
decision_type=2 2 2 2 2 2 2 2 2 2 2 2 2 2
left_child=-1 2 3 4 5 -2 -7 -8 -9 13 11 12 -11 -10
right_child=1 -3 -4 -5 -6 6 7 8 9 10 -12 -13 -14 -15
leaf_value=-0.016211158714065574 0.0128399158793753 -0.016401327953648077 0.022032998683276971 -0.017431022448374911 0.018773311489743844 -0.027064396323989399 -0.023243372859201819 0.032775522010407336 -0.02859655845825675 0.011937071849791446 -0.013718461353966744 0.028038062696400863 -0.015922571387002728 0.013244449299305287
leaf_weight=5.3950896855676538 11.450225766631773 3.4379659555852404 8.9312839061021787 7.044709861278533 7.5038343099877229 5.2994434005813664 4.3605129832867524 6.2863260864978647 6.5253909440943962 13.058276497875346 12.476177613716571 8.8604730893857759 8.5150698880897817 1.2868025973439214
leaf_count=772 414 22 73 55 57 503 93 53 577 299 114 90 222 8
internal_value=0.000108832 0.00164563 0.00299697 0.000128241 0.00245498 -0.000147522 -0.00311827 0.000832721 0.00439999 -0.00174219 0.00311507 0.0109779 1.3859e-05 -0.0192255
internal_weight=110.432 105.036 101.599 92.6672 85.6225 78.1187 66.6685 61.369 57.0085 50.7222 42.91 30.4338 21.5733 7.81219
internal_count=3352 2580 2558 2485 2430 2373 1959 1456 1363 1310 725 611 521 585
is_linear=0
shrinkage=0.05


Tree=136
num_leaves=15
num_cat=0
split_feature=0 3 9 9 9 10 9 10 10 10 9 16 3 0
split_gain=1.20032 1.27515 1.09362 2.17085 2.47917 2.15521 2.05202 2.19928 2.18471 2.01324 2.60253 1.95406 1.94569 1.1553
threshold=17.500000000000004 175.50000000000003 178.50000000000003 174.50000000000003 171.50000000000003 117.50000000000001 99.500000000000014 97.500000000000014 84.500000000000014 124.50000000000001 158.50000000000003 169.50000000000003 85.500000000000014 7.5000000000000009
decision_type=2 2 2 2 2 2 2 2 2 2 2 2 2 2
left_child=1 2 3 4 5 6 7 8 12 -7 -11 -12 13 -1
right_child=-2 -3 -4 -5 -6 9 -8 -9 -10 10 11 -13 -14 -15
leaf_value=0.004321945332154983 -0.018882421949700655 0.019188543714626027 -0.012421574478781389 0.020871382327604923 -0.025781055947087919 0.029081507685315568 -0.019508574523429981 0.017806394443642123 -0.024636823856849434 -0.015988980449516015 -0.0063291110146780462 0.022935778280533933 0.01472184389396889 -0.019252780594774071
leaf_weight=6.8158442686544785 2.8198599739116608 4.224153257906436 10.748908609151838 7.9277225714176884 4.1401491360738865 5.9765976881608394 11.318616722128352 9.3092942787916382 5.4799146151635787 7.4860593025805455 6.3530809350777444 10.087519268505273 10.983286172675433 6.3897597262402996
leaf_count=381 867 45 75 56 54 87 544 106 124 170 114 95 191 443
internal_value=6.07933e-05 0.00137787 -0.000206868 0.00178148 -0.00108057 0.00163268 -0.00460536 0.00144825 -0.00551232 0.0112816 0.0025772 0.0127883 0.00229835 -0.00923985
internal_weight=110.061 107.241 103.017 92.2678 84.3401 80.2 50.2967 38.9781 29.6688 29.9033 23.9267 16.4406 24.1889 13.2056
internal_count=3352 2485 2440 2365 2309 2255 1789 1245 1139 466 379 209 1015 824
is_linear=0
shrinkage=0.05


Tree=137
num_leaves=15
num_cat=0
split_feature=0 9 8 9 8 9 10 9 15 7 5 5 11 14
split_gain=1.1608 1.23765 1.50434 2.32124 1.68143 3.30696 2.60403 2.06059 2.13992 2.02458 1.60819 2.62601 1.74045 1.19387
threshold=17.500000000000004 21.500000000000004 24.500000000000004 76.500000000000014 90.500000000000014 89.500000000000014 108.50000000000001 125.50000000000001 171.50000000000003 90.500000000000014 145.50000000000003 162.50000000000003 126.50000000000001 165.50000000000003
decision_type=2 2 2 2 2 2 2 2 2 2 2 2 2 2
left_child=1 -1 -3 -4 -5 -6 9 8 -8 -7 -9 -12 -13 -11
right_child=-2 2 3 4 5 6 7 10 -10 13 11 12 -14 -15
leaf_value=-0.014675614479225212 -0.018660643105459677 0.018442047885893757 -0.017868359708624409 -0.015738401295425562 0.03085352854447343 0.01225254184739772 0.033192281776114385 0.013006034394924176 -0.0032083260484684142 0.0031893538696799715 -0.024661817090630676 0.011876813775164788 -0.0089775454098362691 -0.033151802369721116
leaf_weight=6.0525721319718278 2.7713594313827334 8.6271236165193823 9.620930540841071 5.2908513502916312 6.4192606832366428 1.3290734515758211 6.3750906353816372 13.224603442125952 5.0060757882893085 1.8395973709411917 6.970465706428512 16.93044096254744 13.633399935672058 5.5571232235524803
leaf_count=383 867 348 276 80 46 47 179 160 33 416 188 135 137 57
internal_value=2.64722e-05 0.00132336 0.00293182 0.000606447 0.00365622 0.00585961 0.00171136 0.00566667 0.021089 -0.0182595 0.000627666 -0.00474986 0.00262012 -0.0264726
internal_weight=109.648 106.877 100.824 92.1969 82.576 77.2851 70.8659 62.1401 11.3812 8.72579 50.7589 37.5343 30.5638 7.39672
internal_count=3352 2485 2102 1754 1478 1398 1352 832 212 520 620 460 272 473
is_linear=0
shrinkage=0.05


Tree=138
num_leaves=15
num_cat=0
split_feature=0 16 0 16 8 3 13 14 12 14 9 8 6 17
split_gain=1.16314 1.20815 2.36643 3.28367 2.48381 1.88297 1.40757 1.60031 1.53915 1.19875 1.19138 4.646 1.21186 1.10406
threshold=6.5000000000000009 170.50000000000003 8.5000000000000018 168.50000000000003 185.50000000000003 174.50000000000003 165.50000000000003 180.50000000000003 163.50000000000003 184.50000000000003 170.50000000000003 165.50000000000003 102.50000000000001 0.10393258426966294
decision_type=2 2 2 2 2 2 2 2 2 2 2 2 2 2
left_child=-1 2 -2 4 5 6 8 -8 9 -4 11 12 -3 -14
right_child=1 10 3 -5 -6 -7 7 -9 -10 -11 -12 -13 13 -15
leaf_value=-0.018533806916033079 0.024947025738104513 0.0032910515074525376 -0.030922212852629229 0.027222132866311467 0.022091568159411535 0.012799310310505503 0.011993997097373954 -0.014800381296664059 0.0082525013510289149 0.0048672422673704911 -0.014261659286441667 0.024717202002485995 0.00099495911544300575 -0.020106139835817133
leaf_weight=2.9100508220144539 8.5292202595155668 13.983375933952628 12.996999108465394 4.2338421982713035 2.1015172228217116 3.4369550039991728 6.5688517217058671 5.7804493922740221 1.2828762759454537 1.2694427613168944 12.900764056481419 9.9349880367517454 8.3220271612517553 15.026190717937423
leaf_count=1022 129 144 1330 50 11 27 118 62 21 10 114 76 97 141
internal_value=-7.50128e-06 0.0013087 0.00700796 0.000499053 -0.00598562 -0.0106494 -0.0150444 -0.00119878 -0.0230734 -0.0273009 -0.00326947 0.000808009 -0.00772282 -0.0137361
internal_weight=109.278 106.367 46.2002 37.6709 33.4371 31.3356 27.8986 12.3493 15.5493 14.2664 60.1673 47.2666 37.3316 23.3482
internal_count=3352 2330 1758 1629 1579 1568 1541 180 1361 1340 572 458 382 238
is_linear=0
shrinkage=0.05


Tree=139
num_leaves=15
num_cat=0
split_feature=0 16 0 16 8 3 13 14 12 9 8 14 6 17
split_gain=1.13916 1.17398 2.16338 2.90499 2.37994 1.78635 1.32314 1.51321 1.4829 1.27829 4.29182 1.15638 1.14225 1.06832
threshold=6.5000000000000009 171.50000000000003 8.5000000000000018 168.50000000000003 185.50000000000003 174.50000000000003 165.50000000000003 180.50000000000003 163.50000000000003 170.50000000000003 165.50000000000003 184.50000000000003 102.50000000000001 0.10393258426966294
decision_type=2 2 2 2 2 2 2 2 2 2 2 2 2 2
left_child=-1 2 -2 4 5 6 8 -8 11 10 12 -4 -3 -14
right_child=1 9 3 -5 -6 -7 7 -9 -10 -11 -12 -13 13 -15
leaf_value=-0.018317926887490742 0.024088940345329619 0.003387827404399787 -0.030274792146671139 0.024541025610442621 0.021819857547111771 0.012553914871281744 0.011624272056126792 -0.014426025546232327 0.0081662180729014117 -0.014877018510610161 0.023944098526557905 0.0048168491502527354 0.0012684691387722304 -0.019404510042322812
leaf_weight=2.8573909057886331 8.5684849135577661 13.911700295982881 12.725078990275511 5.0829330483684307 2.0840064808726302 3.4269235394895068 6.5971941445022804 5.7640994042158127 1.2844002489000548 12.193571337498723 9.9051869157701713 1.2708605285733927 8.2477246215567011 14.973195022204889
leaf_count=1022 129 141 1330 60 11 27 118 62 21 109 76 10 95 141
internal_value=8.39562e-05 0.00138238 0.00693165 0.000745607 -0.00564074 -0.0102522 -0.0145695 -0.0011793 -0.0224403 -0.00320083 0.000964589 -0.0266592 -0.0072793 -0.013138
internal_weight=108.893 106.035 46.804 38.2355 33.1526 31.0686 27.6416 12.3613 15.2803 59.2314 47.0378 13.9959 37.1326 23.2209
internal_count=3352 2330 1768 1639 1579 1568 1541 180 1361 562 453 1340 377 236
is_linear=0
shrinkage=0.05


Tree=140
num_leaves=15
num_cat=0
split_feature=9 9 7 14 14 14 16 6 16 14 5 10 0 15
split_gain=1.13058 1.50153 1.81957 1.59026 1.44775 1.50048 2.86532 2.40464 2.81288 2.65382 2.01637 1.69747 1.34928 1.26989
threshold=21.500000000000004 24.500000000000004 104.50000000000001 182.50000000000003 22.500000000000004 176.50000000000003 178.50000000000003 167.50000000000003 190.50000000000003 170.50000000000003 143.50000000000003 168.50000000000003 8.5000000000000018 179.50000000000003
decision_type=2 2 2 2 2 2 2 2 2 2 2 2 2 2
left_child=-1 -2 3 13 -4 7 10 8 9 11 -7 12 -6 -3
right_child=1 2 4 -5 5 6 -8 -9 -10 -11 -12 -13 -14 -15
leaf_value=-0.014986763548625028 0.017580443119402843 -0.026897748734539591 -0.017091259010089451 0.0092589513248377709 0.0061013545858825896 0.019263194016592846 -0.020015024866792894 0.027696277501639433 0.025588273398388185 0.014103974085372343 -0.0045875769290542037 0.0046521471981593662 -0.028168991186269435 0.0065430812106485369
leaf_weight=6.1646730573847881 8.1213945184135792 9.1272457782179099 3.6514619016670613 2.486858492717146 1.6221084494027405 10.699735610745849 10.435055894777177 9.307895112782715 4.6701625417917958 7.4613910978659979 16.947120547294617 6.0217751925811163 10.351795387337914 1.4531560381874431
leaf_count=504 455 659 73 21 327 85 74 64 31 100 140 68 739 12
internal_value=0.000163524 0.00173147 -0.000451391 -0.0148582 0.00259553 0.00450231 -0.00248805 0.0107732 0.00234667 -0.00541781 0.00617955 -0.0148187 -0.0230967 -0.021679
internal_weight=108.522 102.357 94.2358 13.0673 81.1685 77.517 38.0819 39.4351 30.1272 25.4571 27.6469 17.9957 11.9739 10.5804
internal_count=3352 2848 2393 692 1701 1628 299 1329 1265 1234 225 1134 1066 671
is_linear=0
shrinkage=0.05


Tree=141
num_leaves=15
num_cat=0
split_feature=13 10 10 5 8 7 4 10 14 3 7 6 16 12
split_gain=1.11726 1.37021 1.47187 2.81926 2.32514 2.11235 3.85619 2.40867 2.66819 2.35039 1.03014 1.01404 0.957857 1.22298
threshold=181.50000000000003 180.00000000000003 158.50000000000003 147.50000000000003 181.50000000000003 173.50000000000003 164.50000000000003 102.50000000000001 193.50000000000003 110.50000000000001 165.50000000000003 118.50000000000001 203.00000000000003 22.500000000000004
decision_type=2 2 2 2 2 2 2 2 2 2 2 2 2 2
left_child=1 2 4 -4 5 6 7 9 10 12 -9 -11 13 -1
right_child=-2 -3 3 -5 -6 -7 -8 8 -10 11 -12 -13 -14 -15
leaf_value=0.0052129129165524573 0.012629135536083375 0.015516288655469269 0.0062328162959006334 -0.028116785270789015 0.022948738395168672 -0.024303062594296529 0.016607307510040237 -0.032036131797959291 0.01440443096086997 0.027522513169862213 0.0018008066171376408 -0.0014962769464527809 0.011564536257756827 -0.016885594046688046
leaf_weight=6.2841629789909446 10.654545076191424 5.5473561640828839 7.6159015128505443 9.4492211368633416 4.6656425036489955 5.1625418530311427 19.205946098081768 11.423255955916828 1.3909771591424931 4.1382539457408702 2.0130650876089922 3.759400348411873 1.6397866904735554 15.191807578608858
leaf_count=654 97 50 140 145 26 51 160 917 9 108 31 71 12 881
internal_value=0.000195905 -0.00171278 -0.00349901 -0.0148485 -0.00014474 -0.00310302 0.000194235 -0.00763935 -0.021256 0.000917991 -0.0278531 0.0184841 -0.00730342 -0.010656
internal_weight=108.142 97.4873 91.94 17.0651 74.8748 70.2092 65.0467 45.8407 14.8273 31.0134 13.4363 7.89765 23.1158 21.476
internal_count=3352 3255 3205 285 2920 2894 2843 2683 957 1726 948 179 1547 1535
is_linear=0
shrinkage=0.05


Tree=142
num_leaves=15
num_cat=0
split_feature=5 12 12 12 7 5 6 0 16 0 6 2 3 2
split_gain=1.10309 1.13392 2.00205 1.65739 1.937 2.57015 3.54697 1.76864 1.2083 1.60704 1.4856 0.944516 1.00772 0.755301
threshold=21.500000000000004 170.50000000000003 166.50000000000003 156.50000000000003 173.50000000000003 163.50000000000003 124.50000000000001 6.5000000000000009 197.50000000000003 8.5000000000000018 118.50000000000001 1.5000000000000002 124.50000000000001 3.5000000000000004
decision_type=2 2 2 2 2 2 2 2 2 2 2 2 2 2
left_child=-1 2 3 4 5 6 7 -2 9 -9 11 -11 -13 -5
right_child=1 -3 -4 13 -6 -7 -8 8 -10 10 -12 12 -14 -15
leaf_value=-0.018205743195891307 -0.0161127691035436 -0.010918627277847301 0.022427503467570331 -0.019869017534767247 -0.0098745158444088661 0.022278206966011058 -0.023215125723238077 0.020666839811244193 -0.0087735888174569777 0.0089932110747772756 0.017441223866177302 -0.025791967621266839 0.0054021165397631805 0.00070749040026239524
leaf_weight=2.5802402136032461 2.354141167306806 11.013839921215547 7.192824258003383 7.3597806300967914 15.225880487239918 16.086962850415148 6.939141704409848 21.338272241177041 3.1240261271595946 0.86755283159436558 1.2485089754336511 4.2659594299620949 1.5447156064328735 6.4574227402918041
leaf_count=504 869 108 61 91 141 146 397 193 19 74 71 519 70 89
internal_value=0.000254845 0.00151519 0.0034498 0.000741662 0.00391774 0.00804988 0.000760577 0.00786737 0.011532 0.0146635 -0.00323997 -0.0129184 -0.0188362 -0.0126199
internal_weight=107.599 105.019 94.0052 86.8124 72.9952 57.7693 41.6823 34.7432 32.389 29.265 7.92674 6.67823 5.81068 13.8172
internal_count=3352 2848 2740 2679 2499 2358 2212 1815 946 927 734 663 589 180
is_linear=0
shrinkage=0.05


Tree=143
num_leaves=15
num_cat=0
split_feature=4 8 0 12 0 4 13 10 4 10 10 11 6 0
split_gain=1.08406 1.227 1.31839 1.19201 1.522 2.46762 2.2746 2.00618 1.19943 1.18156 1.87989 0.964838 0.848681 0.809819
threshold=177.50000000000003 185.50000000000003 15.500000000000002 72.500000000000014 12.500000000000002 166.50000000000003 152.50000000000003 117.50000000000001 27.500000000000004 102.50000000000001 97.500000000000014 22.500000000000004 124.50000000000001 7.5000000000000009
decision_type=2 2 2 2 2 2 2 2 2 2 2 2 2 2
left_child=1 2 3 8 5 7 -6 9 13 10 11 -5 -10 -1
right_child=-2 -3 -4 4 6 -7 -8 -9 12 -11 -12 -13 -14 -15
leaf_value=0.0069937610303624706 0.014064034352495959 0.017102841833778221 -0.019381163349953129 0.0055998520710897224 -0.011844660790627208 -0.023925105606490416 0.016163121766317595 0.014178489180796755 0.023292826734823288 -0.019848548648172974 0.020150238327899528 -0.015105534883235495 -0.00014479697417962774 -0.015241806627192184
leaf_weight=3.808948092977519 7.5175032587721935 3.2811792977154246 5.9086863011470987 5.6542508734855863 7.2377957233693477 12.691776182968168 14.080052544013595 9.9550191729213093 7.1684287746320461 7.709170888119842 3.2141886309836982 10.088262171659151 5.5684791728854179 3.4379422490019351
leaf_count=283 66 26 1118 130 81 107 154 152 239 238 89 322 52 295
internal_value=0.000163532 -0.00150451 -0.0029482 -0.000919184 -0.00400357 -0.00858424 0.00621026 -0.00103206 0.00860178 -0.00805267 -0.000114214 -0.00811156 0.0158938 -0.00547092
internal_weight=107.322 99.8042 96.523 90.6143 70.6305 49.3127 21.3178 36.6209 19.9838 26.6659 18.9567 15.7425 12.7369 7.24689
internal_count=3352 3286 3260 2142 1273 1038 235 931 869 779 541 452 291 578
is_linear=0
shrinkage=0.05


Tree=144
num_leaves=15
num_cat=0
split_feature=13 13 6 3 10 7 4 6 14 8 0 6 2 0
split_gain=1.0709 1.33463 1.63608 1.98639 4.06854 1.95528 2.6298 3.1023 2.1147 1.41359 2.00704 1.41222 1.15998 0.997001
threshold=181.50000000000003 176.50000000000003 112.50000000000001 128.50000000000003 79.500000000000014 173.50000000000003 163.50000000000003 124.50000000000001 177.50000000000003 20.500000000000004 8.5000000000000018 21.500000000000004 2.5000000000000004 11.500000000000002
decision_type=2 2 2 2 2 2 2 2 2 2 2 2 2 2
left_child=1 2 3 4 9 6 7 8 -4 -1 11 -11 -13 -8
right_child=-2 -3 5 -5 -6 -7 13 -9 -10 10 -12 12 -14 -15
leaf_value=-0.017228710646560369 0.012380062845213318 -0.017312091425331855 0.026529265313259581 0.0097995727771494345 -0.035806451960263913 -0.0078320556968109606 0.0036540671248095368 -0.020455874960307426 -0.0066435001159929471 -0.0078537376185349849 -0.013678175476984198 -0.0032611669100154513 0.030967561659407151 0.027036082172058669
leaf_weight=2.296312256716198 10.577520739287136 7.0650222152471533 5.3099130487535167 7.6474328596377736 7.6727641836041576 16.477671777131036 8.3086536144837755 8.1184438277268764 6.0232100896537304 1.8566669148858626 3.1539627375314003 2.0426156758330745 6.3219163994072005 14.132791366078889
leaf_count=167 97 66 218 106 809 158 81 447 38 138 559 137 193 138
internal_value=0.000181549 -0.00170089 0.000385264 -0.00814828 -0.0147194 0.00520153 0.0106165 -0.00278377 0.0122623 0.00176848 0.00883057 0.0179877 0.024516 0.0206223
internal_weight=107.005 96.4274 89.3624 30.9917 23.3442 58.3707 41.893 19.4516 11.3331 15.6715 13.3752 10.2212 8.36453 22.4414
internal_count=3352 3255 3189 2109 2003 1080 922 703 256 1194 1027 468 330 219
is_linear=0
shrinkage=0.05


Tree=145
num_leaves=15
num_cat=0
split_feature=0 12 12 12 7 5 0 11 5 16 14 2 14 14
split_gain=1.05436 1.10341 1.82558 1.61081 1.76505 2.20148 3.60354 1.43622 1.22444 0.727624 0.806017 0.640398 0.485724 0.520142
threshold=6.5000000000000009 170.50000000000003 166.50000000000003 156.50000000000003 173.50000000000003 163.50000000000003 8.5000000000000018 170.50000000000003 95.500000000000014 25.500000000000004 188.50000000000003 3.5000000000000004 179.50000000000003 172.50000000000003
decision_type=2 2 2 2 2 2 2 2 2 2 2 2 2 2
left_child=-1 2 3 4 5 6 8 9 -2 12 -11 -5 13 -8
right_child=1 -3 -4 11 -6 -7 7 -9 -10 10 -12 -13 -14 -15
leaf_value=-0.017735619266692721 0.022067630019856038 -0.010830054550619224 0.021466278097550029 -0.019131227387190808 -0.0093082566823263699 0.021033948784489203 -0.0056161267408541314 0.0069086387414587702 0.0015702147098994126 -0.030833436169429879 0.0040100123446092798 0.00013216060730433991 -0.010993875105881198 0.016310413182152622
leaf_weight=2.7193898528930722 9.6600212461780774 11.083569423062725 7.1525075770914546 7.3269816908286867 15.12406532326713 16.001514211064205 1.5290664206841027 3.1196600312832734 16.149725737050176 7.476786762068512 0.69823592156171788 6.532752200611867 1.0820984700694678 0.93512160587124515
leaf_count=1022 114 117 62 97 141 146 317 44 127 1025 6 99 21 14
internal_value=0.000126616 0.00138729 0.00332578 0.000710029 0.00389001 0.00788261 0.000968999 -0.0157495 0.0115782 -0.0220426 -0.027465 -0.0124236 -0.000787431 0.00805663
internal_weight=106.591 103.872 92.7885 85.636 71.7763 56.6522 40.6507 14.841 25.8097 11.7213 8.17502 13.8597 3.54629 2.46419
internal_count=3352 2330 2213 2151 1955 1814 1668 1427 241 1383 1031 196 352 331
is_linear=0
shrinkage=0.05


Tree=146
num_leaves=15
num_cat=0
split_feature=9 8 9 14 14 6 3 4 3 10 11 14 10 0
split_gain=1.0449 1.40288 1.8435 1.50575 2.32317 2.13856 2.58891 2.41868 2.72239 1.96556 1.9523 1.52621 1.13481 1.09539
threshold=21.500000000000004 24.500000000000004 76.500000000000014 189.50000000000003 180.50000000000003 112.50000000000001 128.50000000000003 117.50000000000001 156.50000000000003 148.50000000000003 127.50000000000001 167.50000000000003 123.50000000000001 7.5000000000000009
decision_type=2 2 2 2 2 2 2 2 2 2 2 2 2 2
left_child=13 -2 -3 4 5 6 -4 -7 12 11 -11 -10 -9 -1
right_child=1 2 3 -5 -6 7 -8 8 9 10 -12 -13 -14 -15
leaf_value=0.0049270917805981597 0.016602574233451316 -0.017129577719783181 -0.029035163590347687 0.01646147967201457 -0.015748280779124917 0.030909003945442784 0.0068434254228952347 0.0060735628006611357 0.00037420869086106416 0.010270319128299147 -0.017305377012628995 0.027465734029296737 -0.026693219141460785 -0.024504704521988559
leaf_weight=2.8848083580378434 8.6156449581612815 9.3860254366882128 4.7755792997195368 10.265444656834005 14.609568436630068 5.0747906371252602 7.2698691120604053 1.4991076026926737 8.0820228725206125 8.5599176808027568 7.4406650015152982 10.314542550127952 4.4292612299323082 3.1317359944223426
leaf_count=162 488 305 767 80 118 167 104 129 121 98 120 86 265 342
internal_value=9.42239e-05 0.00162271 -0.000570253 0.00219053 -0.000778825 0.00398433 -0.0117256 0.00890217 0.00302854 0.00887107 -0.00362017 0.0181873 -0.0194196 -0.0145614
internal_weight=106.339 100.322 91.7068 82.3208 72.0553 57.4458 12.0454 45.4003 40.3255 34.3971 16.0006 18.3966 5.92837 6.01654
internal_count=3352 2848 2360 2055 1975 1857 871 986 819 425 218 207 394 504
is_linear=0
shrinkage=0.05


Tree=147
num_leaves=15
num_cat=0
split_feature=3 5 5 7 6 12 0 7 3 5 3 6 8 13
split_gain=1.03908 0.987474 2.40439 1.29662 2.62945 1.39045 1.38777 1.25215 1.21053 2.64918 2.79893 1.27977 0.945994 0.833529
threshold=175.50000000000003 179.50000000000003 176.50000000000003 184.50000000000003 171.50000000000003 105.50000000000001 6.5000000000000009 21.500000000000004 167.50000000000003 125.50000000000001 128.50000000000003 117.50000000000001 95.500000000000014 98.500000000000014
decision_type=2 2 2 2 2 2 2 2 2 2 2 2 2 2
left_child=1 2 3 4 5 6 -1 -8 9 10 11 -7 -11 -14
right_child=-2 -3 -4 -5 -6 8 7 -9 -10 12 -12 -13 13 -15
leaf_value=-0.01448039768162479 0.015987575036844993 -0.015666023080843756 0.024890859787642734 0.01538177718857614 -0.029931555532508619 -0.016236607078473884 -0.0095519608542807052 0.014646013125982515 0.007309872894584628 0.0013810965449829846 0.015893987624339613 0.008261482503133433 -0.0036148324432119317 -0.035801127558325797
leaf_weight=2.0260442158905816 4.4107974935322991 5.8165119495242825 4.0509799029678097 4.8019738942384711 3.7251806017011395 15.730462617299059 2.9442632948048439 23.611270914843772 10.575715490849687 2.5695157740265122 11.375198589405043 3.724340515327639 3.921480324235743 6.6750859291641973
leaf_count=825 47 37 26 29 32 515 307 785 110 34 160 45 95 305
internal_value=6.44637e-05 -0.00134496 0.000259588 -0.00205975 -0.00380839 -0.00100679 0.007189 0.0108747 -0.00554238 -0.00906248 -0.000118593 -0.0108165 -0.0242087 -0.0288673
internal_weight=105.959 101.548 95.7315 91.6805 86.8786 83.1534 28.5816 26.5555 54.5718 43.9961 30.83 19.4548 13.1661 10.5966
internal_count=3352 3305 3268 3242 3213 3181 1917 1092 1264 1154 720 560 434 400
is_linear=0
shrinkage=0.05


Tree=148
num_leaves=15
num_cat=0
split_feature=13 10 10 6 8 7 4 10 14 3 7 10 6 16
split_gain=1.02888 1.32649 1.27678 2.62729 2.23916 1.766 3.0685 2.05383 2.47114 2.04225 1.03248 1.02698 0.998946 0.90926
threshold=181.50000000000003 180.00000000000003 158.50000000000003 133.50000000000003 181.50000000000003 173.50000000000003 164.50000000000003 102.50000000000001 193.50000000000003 110.50000000000001 165.50000000000003 121.50000000000001 118.50000000000001 203.00000000000003
decision_type=2 2 2 2 2 2 2 2 2 2 2 2 2 2
left_child=1 2 4 -4 5 6 7 9 10 13 -9 -8 -11 -1
right_child=-2 -3 3 -5 -6 -7 11 8 -10 12 -12 -13 -14 -15
leaf_value=-0.010399505042820618 0.011998328440553365 0.015225826114281443 0.0036244773956010863 -0.029859082746325805 0.02230274366644373 -0.022837488823816639 0.0011043984310660764 -0.031005645631009632 0.014049315052072912 0.026204496711163074 0.0023311676878317519 0.022848349437291946 -0.0021126110519468365 0.011345195869436182
leaf_weight=20.987511973653461 10.500274688936768 5.4107751166447988 9.4999446001020278 7.1115707845310672 4.5992169175297013 5.0624881929252288 9.557473510969432 10.886000327300279 1.3598705232143391 4.0184592340956433 1.9424537444720034 9.4435551599599403 3.7013307148008607 1.5905917584896077
leaf_count=1535 97 50 187 98 26 51 67 917 9 108 31 93 71 12
internal_value=1.09877e-05 -0.00184446 -0.00362254 -0.0143019 -0.000437477 -0.00337564 -0.000269762 -0.00736698 -0.0201695 0.000636184 -0.0267197 0.0144197 0.0171341 -0.00708844
internal_weight=105.672 95.1712 89.7605 16.6115 73.149 68.5497 63.4872 44.4862 14.1883 30.2979 12.8285 19.001 7.71979 22.5781
internal_count=3352 3255 3205 285 2920 2894 2843 2683 957 1726 948 160 179 1547
is_linear=0
shrinkage=0.05


Tree=149
num_leaves=15
num_cat=0
split_feature=5 14 14 8 7 16 16 10 6 0 17 15 14 11
split_gain=0.997593 1.02821 2.14079 1.44206 2.10424 1.60273 2.37738 2.95554 2.99432 1.78908 1.41762 1.08369 2.03692 1.03767
threshold=22.500000000000004 199.50000000000003 191.50000000000003 24.500000000000004 102.50000000000001 187.50000000000003 176.50000000000003 176.50000000000003 178.50000000000003 8.5000000000000018 0.01404494382022472 105.50000000000001 175.50000000000003 176.50000000000003
decision_type=2 2 2 2 2 2 2 2 2 2 2 2 2 2
left_child=-1 2 3 -2 -5 6 7 8 9 -6 -11 12 -12 -13
right_child=1 -3 -4 4 5 -7 -8 -9 -10 10 11 13 -14 -15
leaf_value=-0.015056864190241187 0.014444198837360098 -0.015394971262921399 0.021778067000770618 -0.020836470355038005 0.013234091423675945 0.016007157442607479 -0.014640310115648522 0.029104750029575285 0.023803811249905604 0.010479006273561273 0.015026806843298372 -0.026162724543064998 -0.017137174553619624 0.0041696249894122833
leaf_weight=4.9399419859983018 9.802231765992472 3.4074634313583365 8.0110690798610431 8.1751752381096576 4.1055708586936808 9.3057728316634876 20.264712208416313 4.66100109508261 4.3044095132499924 2.4416743367910412 4.8284289666917193 14.142514953040516 4.8930747425183654 1.8449594657868136
leaf_count=772 341 22 59 435 432 65 207 48 27 18 190 681 35 20
internal_value=8.78119e-05 0.00151476 0.00283716 5.7712e-05 -0.00248186 0.00087251 -0.00244961 0.00447881 -0.00178446 -0.00793541 -0.0125532 -0.0160907 -0.00148419 -0.0225029
internal_weight=105.128 100.188 96.7806 88.7695 78.9673 70.7921 61.4863 41.2216 36.5606 32.2562 28.1507 25.709 9.7215 15.9875
internal_count=3352 2580 2558 2499 2158 1723 1658 1451 1403 1376 944 926 225 701
is_linear=0
shrinkage=0.05


Tree=150
num_leaves=15
num_cat=0
split_feature=5 12 12 4 12 15 16 3 6 6 0 4 0 13
split_gain=0.98272 0.974877 1.72148 1.40192 1.7904 1.35672 1.44224 1.33331 1.18513 1.67544 1.15737 1.26939 1.02955 1.02783
threshold=21.500000000000004 170.50000000000003 166.50000000000003 177.50000000000003 107.50000000000001 173.50000000000003 170.50000000000003 171.50000000000003 125.50000000000001 178.50000000000003 6.5000000000000009 166.50000000000003 14.500000000000002 174.50000000000003
decision_type=2 2 2 2 2 2 2 2 2 2 2 2 2 2
left_child=-1 2 3 4 10 6 7 8 13 -10 -2 12 -12 -6
right_child=1 -3 -4 -5 5 -7 -8 -9 9 -11 11 -13 -14 -15
leaf_value=-0.017433884445946516 -0.01335191979287152 -0.010223536200844496 0.020919919930706458 0.017632458378954032 -0.0079693607939075265 0.0068062183573932081 -0.018850178257022749 0.015746271141029042 -0.02771897791012063 0.0084149211894062725 0.017490499515356316 -0.0077513930459379501 -0.0066242841028495286 0.017945156105105411
leaf_weight=2.4206053036032236 1.8107315134257103 10.777970175025983 7.0159028596244744 5.7326569524593642 3.5986197965685296 9.6869743014685792 20.875553877092898 3.9417325062677255 4.5986604320351034 2.025994592346251 22.136553685064435 4.9300171097274861 2.5831856292788862 2.5103363003581762
leaf_count=504 749 108 61 54 375 83 225 34 261 12 316 48 501 21
internal_value=0.000170904 0.00138129 0.00320814 0.000649033 -0.00156753 -0.00742163 -0.0114605 4.87801e-06 -0.0079337 -0.017802 0.00703476 0.0100268 0.01428 0.00596354
internal_weight=104.645 102.225 91.4469 84.431 78.6984 47.2379 37.5509 16.6753 12.7336 6.62466 31.4605 29.6498 24.7197 6.10896
internal_count=3352 2848 2740 2679 2625 1011 928 703 669 273 1614 865 817 396
is_linear=0
shrinkage=0.05


Tree=151
num_leaves=15
num_cat=0
split_feature=9 8 9 8 9 10 15 9 15 9 4 7 15 4
split_gain=0.958825 1.25128 1.73102 1.42219 3.11033 2.20975 1.91759 1.73288 2.9087 1.55258 1.88085 1.53577 1.89195 1.17271
threshold=21.500000000000004 24.500000000000004 76.500000000000014 90.500000000000014 89.500000000000014 108.50000000000001 171.50000000000003 125.50000000000001 177.50000000000003 158.50000000000003 167.50000000000003 171.50000000000003 106.50000000000001 169.50000000000003
decision_type=2 2 2 2 2 2 2 2 2 2 2 2 2 2
left_child=-1 -2 -3 -4 -5 6 -6 8 -7 13 11 12 -11 -9
right_child=1 2 3 4 5 7 -8 9 -10 10 -12 -13 -14 -15
leaf_value=-0.013977171505253853 0.015743315432346382 -0.016590597302020459 -0.015644639828308621 0.028654817856386617 -0.030475821025309737 0.029066201927182362 0.0056115913942529211 -0.022712704853930142 -0.012540227617897677 0.01756732043028655 -0.0067964644273883386 0.024020799414418245 -0.011582304748940592 0.0071497147255677185
leaf_weight=5.8785742719774126 8.6370904928189685 9.2646376978373137 5.0968832081416613 6.2965123818139537 4.6355945685063471 8.5761116351350193 3.8152010915800929 6.2350570627604593 2.7516023591160765 4.3113771495409337 19.067757946206257 9.0519618317484838 8.8417487301630882 1.9176105577498672
leaf_count=504 488 305 81 66 594 341 29 401 15 54 182 90 182 20
internal_value=0.000150253 0.0016279 -0.000487096 0.00222497 0.0043281 0.000333061 -0.018154 0.00408953 0.0182144 -0.000523639 0.0038299 0.0125269 0.000179396 -0.0156409
internal_weight=104.378 98.4991 89.8621 80.5974 75.5005 69.204 8.4508 60.7532 11.3277 49.4255 41.2728 22.2051 13.1531 8.15267
internal_count=3352 2848 2360 2055 1974 1908 623 1285 356 929 508 326 236 421
is_linear=0
shrinkage=0.05


Tree=152
num_leaves=15
num_cat=0
split_feature=5 14 14 10 10 3 16 8 10 9 8 4 9 9
split_gain=0.952762 0.990289 1.97128 1.28619 1.69841 2.0974 1.87399 1.71757 1.63163 2.2568 1.43867 1.24305 3.22374 1.5726
threshold=22.500000000000004 199.50000000000003 191.50000000000003 180.00000000000003 67.500000000000014 105.50000000000001 187.50000000000003 97.500000000000014 108.50000000000001 125.50000000000001 182.50000000000003 152.50000000000003 162.50000000000003 168.50000000000003
decision_type=2 2 2 2 2 2 2 2 2 2 2 2 2 2
left_child=-1 2 3 4 -2 -6 7 -7 -9 -10 11 12 -11 -13
right_child=1 -3 -4 -5 5 6 -8 8 9 10 -12 13 -14 -15
leaf_value=-0.014740271467410544 0.012511867817698431 -0.015059352719191755 0.021112373135007134 0.016485742542665407 -0.02719575948744471 0.010029754638439014 0.014977947826533611 -0.026684501392815571 0.016859516269976414 -0.022083896365719974 0.01090114784913292 -0.00096019565151343939 0.019805340072264227 -0.026725873736294245
leaf_weight=4.8422349166939957 12.054376383952329 3.4071484245359889 7.8787305112928143 5.7286334154196075 4.3473426445852956 10.241178348194806 8.9463533591479045 5.9660612287116228 5.6264443129766724 3.104933744180018 3.7615452203899613 9.3760859210160579 5.6606621428509243 13.09339755354449
leaf_count=772 424 22 59 54 525 130 60 303 228 292 25 235 93 130
internal_value=0.000136114 0.00153483 0.00284291 0.000157406 -0.00186107 -0.0050001 -0.00171553 -0.00534216 -0.00936578 -0.00417658 -0.00924341 -0.0128388 0.0023355 -0.0181061
internal_weight=104.035 99.1929 95.7857 87.907 82.1784 70.124 65.7767 56.8303 46.5891 40.6231 34.9966 31.2351 8.7656 22.4695
internal_count=3352 2580 2558 2499 2445 2021 1496 1436 1306 1003 775 750 385 365
is_linear=0
shrinkage=0.05


Tree=153
num_leaves=15
num_cat=0
split_feature=3 16 16 14 16 8 8 3 3 9 14 9 4 0
split_gain=0.938603 0.924685 1.19981 1.75027 1.25736 1.42152 2.28953 2.10437 2.05991 1.96396 2.29157 1.62951 2.28158 1.19276
threshold=175.50000000000003 198.50000000000003 192.50000000000003 189.50000000000003 187.50000000000003 96.500000000000014 90.500000000000014 128.50000000000003 139.50000000000003 81.500000000000014 173.50000000000003 174.50000000000003 172.50000000000003 8.5000000000000018
decision_type=2 2 2 2 2 2 2 2 2 2 2 2 2 2
left_child=1 2 3 4 5 6 9 -7 -9 10 13 12 -10 -1
right_child=-2 -3 -4 -5 -6 7 -8 8 11 -11 -12 -13 -14 -15
leaf_value=0.003634515361479216 0.015338159970316524 0.015268452604056522 -0.018369991457715999 0.014224849256644707 0.013231976771132232 -0.027551646753763811 0.022786904021194897 0.016445729595469843 -0.022153816447813876 -0.025879265862467016 0.020538421046976282 0.0047191207881776727 0.010763693826464166 -0.021366437065936897
leaf_weight=7.4665530357742771 4.2786013334989539 2.9315501376986495 5.6488584000617257 11.700875537469981 5.3465809668414286 8.3362340226885845 5.4831296323100096 5.3653603701968668 18.278946216567423 2.9432420611265107 5.9735344346845514 12.179140795022247 3.5205715143238185 4.1340025203535333
leaf_count=482 47 24 39 84 40 998 85 106 500 58 125 89 45 630
internal_value=0.000103235 -0.00125691 -0.00248783 -0.00059115 -0.00350073 -0.00547863 0.00351094 -0.0102487 -0.00388933 -0.00509604 0.00334578 -0.008798 -0.0158214 -0.00902688
internal_weight=103.587 99.3086 96.377 90.7282 79.0273 73.6807 26.0005 47.6803 39.344 20.5173 17.5741 33.9787 21.7995 11.6006
internal_count=3352 3305 3281 3242 3158 3118 1380 1738 740 1295 1237 634 545 1112
is_linear=0
shrinkage=0.05


Tree=154
num_leaves=15
num_cat=0
split_feature=9 9 7 14 14 16 6 16 14 5 10 14 6 0
split_gain=0.946776 1.12009 1.61382 1.30319 1.54446 2.34074 1.77236 2.22513 2.3176 1.56744 1.47667 1.28856 1.26753 1.08553
threshold=21.500000000000004 24.500000000000004 104.50000000000001 22.500000000000004 176.50000000000003 178.50000000000003 167.50000000000003 190.50000000000003 170.50000000000003 143.50000000000003 168.50000000000003 182.50000000000003 105.50000000000001 7.5000000000000009
decision_type=2 2 2 2 2 2 2 2 2 2 2 2 2 2
left_child=13 -2 11 -4 6 9 7 8 10 -6 12 -3 -5 -1
right_child=1 2 3 4 5 -7 -8 -9 -10 -11 -12 -13 -14 -15
leaf_value=0.0052686674903546704 0.015340839090351902 -0.020531263398701028 -0.016265636371013727 0.0062138370837858045 0.017091778569383275 -0.018712559937500994 0.025495741566478838 0.023836675945415907 0.01409170310981181 -0.0043620943946209812 0.004772219322688326 0.008011525007062403 -0.026758735238752149 -0.023925621055973536
leaf_weight=2.8194545636652029 8.0043010475928877 9.815089156443717 3.4854795043356708 1.6184654044918811 10.121749113313856 10.063834544271229 9.1662092223996279 4.4597636405378571 7.0602509193122378 15.958547354210166 5.7494132313877335 2.3696314217522731 9.3463857984752376 3.0259545890148729
leaf_count=162 455 671 73 274 85 74 64 31 100 140 68 21 792 342
internal_value=0.000146381 0.00163029 -0.000348676 0.00258783 0.00445991 -0.00279137 0.0109704 0.00312847 -0.00422308 0.00537429 -0.0134228 -0.0142644 -0.02147 -0.0139071
internal_weight=103.065 97.2191 89.2148 77.0301 73.5446 36.1441 37.4005 28.2343 23.7745 26.0803 16.7143 12.1847 10.9649 5.84541
internal_count=3352 2848 2393 1701 1628 299 1329 1265 1234 225 1134 692 1066 504
is_linear=0
shrinkage=0.05


Tree=155
num_leaves=15
num_cat=0
split_feature=3 5 15 15 3 9 7 14 8 13 8 0 8 13
split_gain=0.939996 1.8073 2.09185 1.83089 1.65329 2.27053 2.41238 1.49623 1.40129 1.70603 1.81261 1.64906 1.32129 1.4227
threshold=121.50000000000001 105.50000000000001 180.50000000000003 173.50000000000003 156.50000000000003 173.50000000000003 169.50000000000003 197.50000000000003 93.500000000000014 115.50000000000001 20.500000000000004 6.5000000000000009 171.50000000000003 154.50000000000003
decision_type=2 2 2 2 2 2 2 2 2 2 2 2 2 2
left_child=7 -2 3 4 12 6 -6 8 9 10 -1 -12 13 -3
right_child=1 2 -4 -5 5 -7 -8 -9 -10 -11 11 -13 -14 -15
leaf_value=-0.015693844457976305 0.019250572633131291 0.013467336956709697 -0.020165773772943846 0.020866013113163662 0.0048942751935780468 0.017681382540137638 -0.024035821791440863 0.015121827579760688 -0.021267032224617542 -0.018005358323062898 -0.011586336357534747 0.021461720522846752 -0.029708692731295991 -0.014419179957340197
leaf_weight=2.0308760832413197 9.4394634034251776 4.2195258116116729 6.2287904918193808 6.958399868104606 18.330734776856847 13.452195290476082 5.6858820486813775 2.469232201576232 10.549454446765592 4.4725694846129036 1.4947190508246411 10.758221807831431 2.5714674560585982 4.0810017446056008
leaf_count=141 130 256 52 66 264 110 84 14 955 355 367 433 39 86
internal_value=0.000160099 0.00332961 -0.000376176 0.00334019 -0.000901995 0.00432325 -0.00491639 -0.00640902 -0.0101627 -0.000755583 0.00791374 0.0152408 -0.0145991 -0.000509614
internal_weight=102.743 70.9675 61.528 55.2992 48.3408 37.4688 24.0166 31.7751 29.3058 18.7564 14.2838 12.2529 10.872 8.30053
internal_count=3352 1087 957 905 839 458 348 2265 2251 1296 941 800 381 342
is_linear=0
shrinkage=0.05


Tree=156
num_leaves=15
num_cat=0
split_feature=5 14 13 13 5 16 9 9 10 14 0 16 11 4
split_gain=0.90887 0.952039 1.76539 1.39054 1.19858 1.14845 1.96744 2.12665 1.79393 1.35895 1.07089 0.75379 0.825497 0.829653
threshold=22.500000000000004 199.50000000000003 181.50000000000003 176.50000000000003 176.50000000000003 183.50000000000003 173.50000000000003 89.500000000000014 168.50000000000003 169.50000000000003 8.5000000000000018 177.50000000000003 169.50000000000003 172.50000000000003
decision_type=2 2 2 2 2 2 2 2 2 2 2 2 2 2
left_child=-1 2 3 4 5 6 7 9 11 10 -2 12 13 -9
right_child=1 -3 -4 -5 -6 -7 -8 8 -10 -11 -12 -13 -14 -15
leaf_value=-0.014535881858253509 0.0052223356773791439 -0.014818042610570448 0.019690352917200483 -0.016154317121645632 0.01695758722435638 0.0097429964521971637 0.011881589740398468 -0.031097533588193678 0.0080368032979092393 0.014415773442619613 -0.019533562460737234 -0.0022746050508196322 0.0034448370651626922 0.0012213707006549822
leaf_weight=4.7521610551048061 5.7312880913377757 3.4074076041579238 8.3046349342912418 6.5643034214153877 7.0165152372792354 16.845496831228957 11.157600332051514 13.780703530588662 3.6959136450896031 9.2439827639609558 3.4387419689446688 5.4380075766239306 1.195104220882057 1.8088138080202032
leaf_count=772 266 22 73 55 57 125 109 1376 51 94 238 73 11 30
internal_value=5.32871e-05 0.00143701 0.00274195 0.000110944 0.00233426 -8.88471e-05 -0.00363219 -0.00834519 -0.0164378 0.00412325 -0.00767792 -0.0212367 -0.0254481 -0.0279617
internal_weight=102.381 97.6285 94.2211 85.9165 79.3522 72.3357 55.4902 44.3326 25.9185 18.414 9.17003 22.2226 16.7846 15.5895
internal_count=3352 2580 2558 2485 2430 2373 2248 2139 1541 598 504 1490 1417 1406
is_linear=0
shrinkage=0.05


Tree=157
num_leaves=15
num_cat=0
split_feature=3 5 3 14 10 10 9 10 4 4 0 4 5 2
split_gain=0.892759 1.76798 2.40901 1.45418 1.45341 1.43296 1.50229 1.31116 1.82071 1.7083 1.82066 1.36385 1.19173 0.809337
threshold=121.50000000000001 120.50000000000001 156.50000000000003 197.50000000000003 117.50000000000001 148.50000000000003 177.50000000000003 67.500000000000014 108.50000000000001 61.500000000000007 7.5000000000000009 112.50000000000001 21.500000000000004 1.5000000000000002
decision_type=2 2 2 2 2 2 2 2 2 2 2 2 2 2
left_child=3 -2 -3 7 -4 -6 -7 9 -9 10 12 -10 -1 -12
right_child=1 2 4 -5 5 6 -8 8 11 -11 13 -13 -14 -15
leaf_value=-0.011465343501709933 0.015263199104377307 -0.02051542189171307 -0.0091883685128737198 0.014869853117521823 0.017902380919565083 -0.011300997008303629 0.011556082222653686 -0.027238803107797652 0.019266907301737617 0.019548477426233852 0.0042736066777097348 -0.012882660301148572 0.017895129565404972 -0.025357565170956543
leaf_weight=1.3090258348966068 16.537384477385785 8.1685953950509411 11.814196909428572 2.4559960663318625 14.953756494331172 10.743874220177533 8.2578171100467426 9.8303227987198607 2.046403431508224 2.9764742034021756 1.3126454978482796 1.5894089713692663 4.3771079229190946 5.6269814986735582
leaf_count=157 235 339 118 14 160 165 70 704 117 70 128 276 198 601
internal_value=3.05149e-05 0.00313455 -0.00156346 -0.00638797 0.00350626 0.00853556 -0.00102964 -0.0101028 -0.0191208 0.000432027 -0.00834161 0.00589097 0.00893395 -0.0203102
internal_weight=102 70.4756 53.9382 31.5244 45.7696 33.9554 19.0017 29.0684 13.4661 15.6022 12.6258 3.63581 5.68613 6.93963
internal_count=3352 1087 852 2265 513 395 235 2251 1097 1154 1084 393 355 729
is_linear=0
shrinkage=0.05


Tree=158
num_leaves=15
num_cat=0
split_feature=3 5 5 7 6 12 3 3 5 3 6 8 2 2
split_gain=0.891326 0.876859 2.0796 0.992973 2.35223 1.11257 1.24309 1.09927 2.14136 2.37632 1.11315 0.920474 0.883177 0.785078
threshold=175.50000000000003 179.50000000000003 176.50000000000003 184.50000000000003 171.50000000000003 105.50000000000001 104.50000000000001 167.50000000000003 125.50000000000001 128.50000000000003 117.50000000000001 95.500000000000014 1.5000000000000002 2.5000000000000004
decision_type=2 2 2 2 2 2 2 2 2 2 2 2 2 2
left_child=1 2 3 4 5 6 12 8 9 10 -7 -10 -1 -14
right_child=-2 -3 -4 -5 -6 7 -8 -9 11 -11 -12 -13 13 -15
leaf_value=0.011863846419844358 0.014942089569211859 -0.014886447111003218 0.023281247787372939 0.013475927641813169 -0.028439067012956065 -0.015409681419279696 0.014731045951627057 0.0073770108454233336 0.0020852158315071358 0.014800028431709678 0.0076996703324012901 -0.027119957824786396 -0.020832649070385196 0.00077178330687761767
leaf_weight=2.0432883629691814 4.1974356323480597 5.6530485786497584 3.9357110969722262 4.5750642493367186 3.5691242925822726 14.974797676288295 14.5364506279584 10.115607120329512 2.4690509312786153 10.846429362660272 3.6172839022474355 9.9075933563290146 2.969172343669924 8.1820406131446344
leaf_count=241 47 37 26 29 32 515 501 110 34 160 45 400 265 910
internal_value=3.36024e-05 -0.00130717 0.000255721 -0.00197504 -0.0035399 -0.000810645 0.00658421 -0.00499094 -0.00845124 -0.000201153 -0.0102346 -0.0223702 -0.00397289 -0.00964914
internal_weight=101.592 97.3947 91.7416 87.8059 83.2308 79.6617 27.731 51.9308 41.8152 29.4385 18.5921 12.3766 13.1945 11.1512
internal_count=3352 3305 3268 3242 3213 3181 1917 1264 1154 720 560 434 1416 1175
is_linear=0
shrinkage=0.05


Tree=159
num_leaves=15
num_cat=0
split_feature=9 8 9 8 9 10 15 9 15 7 10 14 2 4
split_gain=0.860217 1.08207 1.60696 1.28864 2.89028 1.89147 1.72836 1.55 2.56609 1.31271 1.35933 1.32189 1.68102 1.11328
threshold=21.500000000000004 24.500000000000004 76.500000000000014 90.500000000000014 89.500000000000014 108.50000000000001 171.50000000000003 125.50000000000001 177.50000000000003 167.50000000000003 176.50000000000003 176.50000000000003 3.5000000000000004 141.50000000000003
decision_type=2 2 2 2 2 2 2 2 2 2 2 2 2 2
left_child=-1 -2 -3 -4 -5 6 -6 8 -7 10 13 12 -11 -9
right_child=1 2 3 4 5 7 -8 9 -10 11 -12 -13 -14 -15
leaf_value=-0.013435569158958188 0.014628272109385054 -0.016254169750004471 -0.014996688777489607 0.027666281493813595 -0.029110807049975724 0.027546141404176945 0.0054849393135454651 0.003349185732849608 -0.011778962093267361 0.02226299193919834 0.010978981145184254 -0.0054652124327363239 -0.0042865467165358138 -0.022691237359372254
leaf_weight=5.7052203111816189 8.5357437288621423 8.897201505431438 4.9599648264702401 6.2052121544256797 4.3199533571605553 8.2960693025961501 3.7016185279935598 4.0963215224910554 2.7058009691536418 10.444267550134105 2.2734794833231708 13.990705650299786 7.4647709835553533 9.6941337001626362
leaf_count=504 488 305 81 66 594 341 29 250 15 101 20 125 94 339
internal_value=4.08417e-05 0.0014731 -0.000541369 0.00211726 0.0041618 0.000214131 -0.0171702 0.00373636 0.0172161 -0.000688979 -0.0105919 0.00505739 0.0126764 -0.0161232
internal_weight=101.29 95.5852 87.0495 78.1523 73.1923 66.9871 8.02157 58.9655 11.0019 47.9637 16.0639 31.8997 17.909 13.7905
internal_count=3352 2848 2360 2055 1974 1908 623 1285 356 929 609 320 195 589
is_linear=0
shrinkage=0.05


Tree=160
num_leaves=14
num_cat=0
split_feature=0 12 12 12 7 4 0 14 5 15 17 10 7
split_gain=0.872602 0.927219 1.60264 1.39558 1.66443 1.77598 2.56925 1.32679 1.2077 0.949471 0.515197 0.283946 0.236327
threshold=6.5000000000000009 170.50000000000003 166.50000000000003 153.50000000000003 173.50000000000003 164.50000000000003 8.5000000000000018 172.50000000000003 95.500000000000014 173.50000000000003 0.10393258426966294 168.50000000000003 158.50000000000003
decision_type=2 2 2 2 2 2 2 2 2 2 2 2 2
left_child=-1 2 3 4 5 6 8 11 -2 10 -5 -8 -9
right_child=1 -3 -4 9 -6 -7 7 12 -10 -11 -12 -13 -14
leaf_value=-0.016514621712947219 0.021646151832905136 -0.010178772019833146 0.020282132392088498 -0.0024954690262816771 -0.0093035371279511832 0.021361035766722367 -0.026319491436059262 0.0068686227616351877 0.00087985908696693212 0.0043935122771872953 -0.023344970737775434 0.0011319120865912146 -0.004525907292951401
leaf_weight=2.4420061410055487 8.9305927013047057 10.510720613645388 6.7820923645049325 5.9614025687333214 13.709683524561113 12.389590953476725 5.1504228569974648 4.0192504783626628 14.971326886210589 5.3794536702334872 5.6641623443574645 0.59837829077150662 4.4231618354097009
leaf_count=1022 111 117 62 78 133 130 1209 120 121 42 141 17 49
internal_value=2.33291e-05 0.00121145 0.00304641 0.00051379 0.00397433 0.00809369 0.00180075 -0.0125847 0.0110413 -0.0104843 -0.0166195 -0.0242648 0.00143586
internal_weight=100.932 98.4902 87.9795 81.1974 64.1924 50.4827 38.0931 14.1912 23.9019 17.005 11.6256 5.7488 8.44241
internal_count=3352 2330 2213 2151 1890 1757 1627 1395 232 261 219 1226 169
is_linear=0
shrinkage=0.05


Tree=161
num_leaves=15
num_cat=0
split_feature=3 9 9 9 10 9 10 10 3 6 0 12 5 0
split_gain=0.850192 0.849967 2.00271 1.68567 1.3841 2.23801 2.13142 1.67049 1.63981 1.24225 1.80085 1.82592 0.933124 0.922412
threshold=175.50000000000003 178.50000000000003 174.50000000000003 171.50000000000003 112.50000000000001 94.500000000000014 97.500000000000014 84.500000000000014 85.500000000000014 171.50000000000003 14.500000000000002 169.50000000000003 174.50000000000003 7.5000000000000009
decision_type=2 2 2 2 2 2 2 2 2 2 2 2 2 2
left_child=1 2 3 4 5 6 7 8 13 10 11 -6 -12 -1
right_child=-2 -3 -4 -5 9 -7 -8 -9 -10 -11 12 -13 -14 -15
leaf_value=0.0033717637557990456 0.014586995569604719 -0.012287020567106075 0.019198829712592153 -0.023105392055208215 0.022353833554591643 -0.023320119972518864 0.018314502441874363 -0.0228183499213843 0.013098262126395574 -0.011440121298628571 -0.019440330554773202 -0.0045276135914852069 0.0096563057800147095 -0.018270529569087601
leaf_weight=6.5037859467556753 4.1436205916106692 10.084703757893292 7.4952435437589875 3.6937146489508441 18.385124635184194 7.8487467302184077 7.5924442262039511 5.1127208839752702 10.308971159975043 3.3008836628869167 2.9687978383735749 6.6384989460930219 0.56907805707305659 6.0758279576548375
leaf_count=381 47 79 59 62 293 648 89 105 188 34 569 60 8 730
internal_value=-1.71534e-05 -0.00133091 0.000548175 -0.00225884 0.000138625 -0.00542536 0.000906949 -0.00587273 0.00132483 0.0074317 0.0109922 0.0156561 -0.011846 -0.00930471
internal_weight=100.722 96.5785 86.4938 78.9986 75.3049 43.4425 35.5938 28.0013 22.8886 31.8624 28.5615 25.0236 3.53788 12.5796
internal_count=3352 3305 3226 3167 3105 2141 1493 1404 1299 964 930 353 577 1111
is_linear=0
shrinkage=0.05


Tree=162
num_leaves=15
num_cat=0
split_feature=13 10 13 8 13 13 13 13 8 7 7 0 0 3
split_gain=0.832371 1.1013 1.19897 2.0491 1.90645 1.40549 1.42495 1.5793 1.5265 1.95962 1.53743 1.54966 1.48541 1.21037
threshold=181.50000000000003 180.00000000000003 168.50000000000003 99.500000000000014 164.50000000000003 155.50000000000003 152.50000000000003 123.50000000000001 182.50000000000003 172.50000000000003 165.50000000000003 8.5000000000000018 6.5000000000000009 168.50000000000003
decision_type=2 2 2 2 2 2 2 2 2 2 2 2 2 2
left_child=1 2 4 -4 5 6 7 8 9 10 11 12 -1 -13
right_child=-2 -3 3 -5 -6 -7 -8 -9 -10 -11 -12 13 -14 -15
leaf_value=-0.015990563592909228 0.010846308528969119 0.014006348429331168 0.0070764022071672554 -0.021982024934743136 0.01835941409765187 -0.021623701403588904 0.019695961069296681 -0.019392794145069933 0.020325909029508066 -0.021298019257266154 0.018314519255501482 -0.023695043566832039 0.010088749561050818 0.0061883838920071006
leaf_weight=2.3288798673020272 10.017642906401305 5.0638757972046724 6.221958696027289 12.906212147092445 6.9241660533007225 4.0940316045307545 2.8087690043612374 6.7934307925170279 3.5981531236320725 5.864023031666874 6.4508685205364591 6.296668632217914 18.641479006502777 2.3887230935506523
leaf_count=1002 97 50 94 147 115 174 58 338 28 55 70 930 169 25
internal_value=-9.98337e-05 -0.00181806 -0.00348069 -0.0130223 -2.28669e-06 -0.00340906 -0.000372885 -0.00307237 0.00103759 -0.00260366 0.00265374 -0.00290372 0.00467148 -0.0162181
internal_weight=100.399 90.3812 85.3174 19.1282 66.1892 59.265 55.171 52.3622 45.5688 41.9706 36.1066 29.6558 20.9704 8.68539
internal_count=3352 3255 3205 241 2964 2849 2675 2617 2279 2251 2196 2126 1171 955
is_linear=0
shrinkage=0.05


Tree=163
num_leaves=15
num_cat=0
split_feature=9 9 9 8 9 10 15 9 15 9 4 7 15 12
split_gain=0.832849 1.01671 1.45673 1.24835 2.67248 1.72033 1.61831 1.40221 2.40561 1.33111 1.81351 1.36181 1.61786 1.05022
threshold=21.500000000000004 24.500000000000004 76.500000000000014 90.500000000000014 89.500000000000014 108.50000000000001 171.50000000000003 125.50000000000001 177.50000000000003 158.50000000000003 167.50000000000003 171.50000000000003 106.50000000000001 160.50000000000003
decision_type=2 2 2 2 2 2 2 2 2 2 2 2 2 2
left_child=-1 -2 -3 -4 -5 6 -6 8 -7 -9 11 12 -11 -14
right_child=1 2 3 4 5 7 -8 9 -10 10 -12 -13 13 -15
leaf_value=-0.01338793692100225 0.014487483163671653 -0.015206099576252475 -0.014854756410959034 0.026653535461347189 -0.028208542023052154 0.026581569980454762 0.0054023974642177439 -0.01493550075521982 -0.011467282998848744 0.016363431712935469 -0.0070756738373669928 0.023183681087631421 -0.020269242991484859 0.0054605780625941406
leaf_weight=5.6364126393455072 7.805120531236752 9.4261284536914882 4.9028515500831409 6.1914861620753063 4.1546731888665809 8.1537958848639374 3.6551467427052557 7.634856760792899 2.720064263790845 4.2184551720274639 18.408105442416854 8.576287708245216 4.5860722822835651 3.8848199950298294
leaf_count=504 455 338 81 66 594 341 29 421 15 54 182 90 130 52
internal_value=-9.48218e-05 0.00133357 -0.000579879 0.00202589 0.00406048 0.000212849 -0.0165093 0.00358631 0.0164497 -0.000660089 0.00345124 0.0121759 0.000286013 -0.0108223
internal_weight=99.9543 94.3179 86.5127 77.0866 72.1838 65.9923 7.80982 58.1825 10.8739 47.3086 39.6737 21.2656 12.6893 8.47089
internal_count=3352 2848 2393 2055 1974 1908 623 1285 356 929 508 326 236 182
is_linear=0
shrinkage=0.05


Tree=164
num_leaves=15
num_cat=0
split_feature=3 16 16 14 14 16 12 3 3 16 16 10 9 0
split_gain=0.828261 0.826145 2.08321 1.53034 1.33331 1.43311 1.66383 1.43458 2.32641 1.67759 2.05802 1.51262 2.17367 1.28667
threshold=175.50000000000003 198.50000000000003 197.50000000000003 189.50000000000003 185.50000000000003 187.50000000000003 23.500000000000004 128.50000000000003 139.50000000000003 171.50000000000003 169.50000000000003 106.50000000000001 176.50000000000003 14.500000000000002
decision_type=2 2 2 2 2 2 2 2 2 2 2 2 2 2
left_child=1 2 3 4 5 6 13 -8 -9 10 11 -10 -13 -1
right_child=-2 -3 -4 -5 -6 -7 7 8 9 -11 -12 12 -14 -15
leaf_value=0.015827927663853367 0.014355052243351388 0.014370513403193043 -0.02837377896440639 0.013565664647351218 -0.021807604545981362 0.014463837784464615 -0.018102107556974396 0.019585081273990574 0.013334781756622499 -0.016060109045284016 0.023778501772929762 -0.026465879368529094 0.0087861315320284777 -0.012120533321853063
leaf_weight=11.309686518856322 4.0844213161617509 2.783419892191886 2.2565708234906188 11.270944125950335 3.6405694219283751 7.857221833895891 15.708777294552418 5.4009010596200815 2.7790058265673023 17.447633228613995 3.4228042699396601 6.2284950669272785 3.9962611049413681 1.464015518024097
leaf_count=549 47 24 10 84 43 63 1437 102 47 230 33 286 28 369
internal_value=-0.000108679 -0.00140982 -0.00259383 -0.000499716 -0.00318629 -0.000992772 -0.00365593 -0.00743197 -0.00160193 -0.00706453 0.00400826 -0.00635413 -0.0143273 0.0101161
internal_weight=99.6507 95.5663 92.7829 90.5263 79.2554 75.6148 67.7576 54.9839 39.2751 33.8742 16.4266 13.0038 10.2248 12.7737
internal_count=3352 3305 3281 3271 3187 3144 3081 2163 726 624 394 361 314 918
is_linear=0
shrinkage=0.05


Tree=165
num_leaves=15
num_cat=0
split_feature=0 14 14 16 9 16 6 14 8 4 6 4 0 12
split_gain=0.813621 0.855124 1.4673 1.11623 2.0374 2.02275 2.52419 2.14361 1.96645 1.51815 0.783249 0.749089 1.52801 0.596028
threshold=6.5000000000000009 199.50000000000003 189.50000000000003 170.50000000000003 173.50000000000003 187.50000000000003 102.50000000000001 172.50000000000003 126.50000000000001 171.50000000000003 106.50000000000001 27.500000000000004 7.5000000000000009 22.500000000000004
decision_type=2 2 2 2 2 2 2 2 2 2 2 2 2 2
left_child=-1 2 3 4 8 6 -5 -8 11 10 -10 12 -2 -13
right_child=1 -3 -4 5 -6 -7 7 -9 9 -11 -12 13 -14 -15
leaf_value=-0.016123675441222545 0.015888448018020623 -0.014316287563146946 0.01723100332090725 0.0080080054671370707 0.021785845554623446 0.0095995311525157237 -0.0031564072942127878 -0.031468570115210856 0.0037209258774227923 0.0083529545393950851 -0.024834542883678569 0.024157273949985097 -0.016471024954997721 0.0026377242476283928
leaf_weight=2.3571914743224616 1.4269264654722125 3.3749418333172789 9.1780437473207694 9.4663139348849636 8.6531397032085788 12.566431899555026 13.973610806977378 10.480432042852042 1.4902361170097709 3.2168934157234608 8.4511473987367918 3.3653221607673895 3.7314227279857732 7.5257016061805189
leaf_count=1022 25 22 75 108 83 102 186 108 67 49 486 56 683 280
internal_value=-6.88922e-05 0.00109364 0.00234802 -0.000145067 0.00582346 -0.00509955 -0.0110788 -0.0185725 -0.00139872 -0.0132869 -0.0207413 0.00918893 -0.00410515 0.0147959
internal_weight=99.2578 96.9006 93.5256 84.3476 37.8608 46.4868 33.9204 24.454 29.2076 13.1583 9.94138 16.0494 5.15835 10.891
internal_count=3352 2330 2308 2233 1729 504 402 294 1646 602 553 1044 708 336
is_linear=0
shrinkage=0.05


Tree=166
num_leaves=15
num_cat=0
split_feature=6 5 8 13 10 3 6 4 13 13 5 9 9 11
split_gain=0.810634 1.89992 1.59159 1.67855 1.48998 1.43534 1.6778 1.57675 1.27886 1.22555 1.12185 1.68904 1.41443 0.884167
threshold=155.50000000000003 154.50000000000003 105.50000000000001 120.50000000000001 171.50000000000003 128.50000000000003 112.50000000000001 144.50000000000003 184.50000000000003 25.500000000000004 164.50000000000003 169.50000000000003 173.50000000000003 159.50000000000003
decision_type=2 2 2 2 2 2 2 2 2 2 2 2 2 2
left_child=1 2 3 9 -3 6 8 -7 -4 -1 12 -12 -2 -5
right_child=10 4 5 13 -6 7 -8 -9 -10 -11 11 -13 -14 -15
leaf_value=-0.010388471727146364 -0.020509710461110987 -0.029662974953230531 -0.025933887184968418 -0.026939874959114964 0.0034058484926976426 0.028893370540464609 0.012040260376001817 -0.00048352150908204149 0.0088309897266633224 0.0098578044872138192 0.018756071080453754 -0.003564487009915419 0.0086759132039267682 -0.00017390064525579327
leaf_weight=7.3730837386683623 3.721625822945497 5.3562072151107696 3.7656142905470933 5.5291892919631191 3.6863866320345551 6.8232577955932339 4.1907930021989159 7.1793906087405048 0.92501475661993016 14.227673162502468 15.621897038538011 12.074209298938511 3.9584336876869202 4.4566954025649466
leaf_count=556 134 158 463 253 40 188 272 152 7 753 121 90 51 114
internal_value=-5.53916e-05 -0.00336466 0.000791772 -0.0061305 -0.0197692 0.0097325 -0.0046352 0.0176673 -0.018059 0.00229336 0.00556689 0.00996831 -0.00797752 -0.0190379
internal_weight=98.8895 63.5133 54.4707 31.5866 9.04259 22.8841 8.88142 14.0026 4.69063 21.6008 35.3762 27.6961 7.68006 9.98588
internal_count=3352 2956 2758 1676 198 1082 742 340 470 1309 396 211 185 367
is_linear=0
shrinkage=0.05


Tree=167
num_leaves=15
num_cat=0
split_feature=5 14 13 13 5 16 9 9 10 14 0 16 11 4
split_gain=0.790039 0.853274 1.54343 1.28839 1.08598 1.06111 1.60179 1.79501 1.59151 1.1712 0.908467 0.591213 0.737229 0.718489
threshold=22.500000000000004 199.50000000000003 181.50000000000003 176.50000000000003 176.50000000000003 183.50000000000003 173.50000000000003 89.500000000000014 168.50000000000003 169.50000000000003 8.5000000000000018 177.50000000000003 169.50000000000003 172.50000000000003
decision_type=2 2 2 2 2 2 2 2 2 2 2 2 2 2
left_child=-1 2 3 4 5 6 7 9 11 10 -2 12 13 -9
right_child=1 -3 -4 -5 -6 -7 -8 8 -10 -11 -12 -13 -14 -15
leaf_value=-0.013903170556088865 0.0045567874367990575 -0.014184959805613101 0.018580331963286942 -0.015808943678425919 0.016202780966765622 0.0093776054610067716 0.010485894743244706 -0.029705365622321053 0.0076144161899517121 0.013203761429664335 -0.018501040843972593 -0.0025097305683187366 0.0032962783412591305 0.0010364506780953142
leaf_weight=4.4810424802708431 5.7011017392505909 3.3706506192684165 7.8939963411539784 6.3353136265650383 6.8100587846711269 16.307336481288075 10.865312582813202 12.791658728208864 3.5570165211101985 9.0456448501208779 3.2372652553021908 5.1806485117413095 1.1525525720790017 1.7592799983685825
leaf_count=772 266 22 73 55 57 125 109 1376 51 94 238 73 11 30
internal_value=-0.000120249 0.00120568 0.00248972 -1.66996e-05 0.00218325 -0.000182602 -0.00366155 -0.00800831 -0.0156793 0.00355987 -0.00743526 -0.0203512 -0.0242095 -0.026674
internal_weight=98.4889 94.0078 90.6372 82.7432 76.4079 69.5978 53.2905 42.4252 24.4412 17.984 8.93837 20.8841 15.7035 14.5509
internal_count=3352 2580 2558 2485 2430 2373 2248 2139 1541 598 504 1490 1417 1406
is_linear=0
shrinkage=0.05


Tree=168
num_leaves=15
num_cat=0
split_feature=3 9 9 9 10 9 10 10 3 6 0 12 5 0
split_gain=0.770372 0.855197 1.77328 1.51726 1.33524 1.94899 1.97868 1.50082 1.4204 1.12043 1.5659 1.73711 0.923709 1.46729
threshold=175.50000000000003 178.50000000000003 174.50000000000003 171.50000000000003 112.50000000000001 94.500000000000014 97.500000000000014 84.500000000000014 85.500000000000014 171.50000000000003 14.500000000000002 169.50000000000003 25.500000000000004 7.5000000000000009
decision_type=2 2 2 2 2 2 2 2 2 2 2 2 2 2
left_child=1 2 3 4 5 6 7 8 12 10 11 -6 13 -1
right_child=-2 -3 -4 -5 9 -7 -8 -9 -10 -11 -12 -13 -14 -15
leaf_value=0.014324990329175686 0.013872628393961632 -0.0124406170108433 0.018126144932423951 -0.022109091473263454 0.021817212026812693 -0.022314412488120442 0.017485795874623823 -0.022067252089491195 0.011993648608692084 -0.010730005226195383 -0.010944877963172285 -0.0045973840592976089 -0.021862295767323306 -0.01304575862336875
leaf_weight=4.8366176519775816 3.9994164165109387 9.9258048650808615 7.3846354773268095 3.5509004015475503 17.794188919768214 7.5014301567862267 7.4567077973042606 5.0160843489866229 10.21402917569503 3.1797840679064384 3.3227041585778343 6.4811310963705173 2.7129229975398621 4.7665361894760281
leaf_count=330 47 79 59 62 293 648 89 105 188 34 577 60 119 662
internal_value=-0.000141282 -0.00140622 0.000518602 -0.00217782 0.000138415 -0.00536429 0.000603333 -0.00595094 0.000993352 0.00742534 0.0108421 0.0151842 -0.00895842 0.000924292
internal_weight=98.1429 94.1435 84.2177 76.833 73.2821 42.5043 35.0029 27.5462 22.5301 30.7778 27.598 24.2753 12.3161 9.60315
internal_count=3352 3305 3226 3167 3105 2141 1493 1404 1299 964 930 353 1111 992
is_linear=0
shrinkage=0.05


Tree=169
num_leaves=15
num_cat=0
split_feature=0 14 14 10 14 10 2 12 16 5 6 8 16 9
split_gain=0.765858 0.783894 1.35737 1.0907 1.12426 3.36896 2.46897 1.9786 1.57826 1.12876 1.96191 1.78718 0.730089 0.858398
threshold=6.5000000000000009 199.50000000000003 191.50000000000003 180.00000000000003 176.50000000000003 102.50000000000001 3.5000000000000004 170.50000000000003 161.50000000000003 87.500000000000014 169.50000000000003 20.500000000000004 25.500000000000004 173.50000000000003
decision_type=2 2 2 2 2 2 2 2 2 2 2 2 2 2
left_child=-1 2 3 4 6 -6 7 8 12 11 -11 -8 -2 -14
right_child=1 -3 -4 -5 5 -7 9 -9 -10 10 -12 -13 13 -15
leaf_value=-0.015863885533790312 0.010544687153332229 -0.013817472658738478 0.017507791601168759 0.015223588960555944 0.012659133081389374 -0.018867067894104004 -0.01548328827949251 -0.012016025706109603 0.024013017390756217 -0.023318866107539492 0.0074938169397408888 0.018119283519758816 -0.017051000103939663 0.0088830907452389484
leaf_weight=2.3022149912721934 2.8700972382212111 3.3857473842799655 7.506087537854909 5.3139207158237687 8.5410485786851513 20.423961233347654 1.9855616094428139 3.7027094098739317 15.885563692776485 11.342949815356407 4.6864564325660458 4.6982621451024897 4.0496112538676243 1.1606281171552835
leaf_count=1022 161 22 61 54 133 194 123 46 191 538 26 214 558 9
internal_value=-0.000239006 0.00090757 0.00213168 -0.000131892 -0.00200174 -0.00907574 0.00251738 0.011643 0.0167415 -0.0086942 -0.0146704 0.00578288 -0.00126845 -0.00975291
internal_weight=97.8548 95.5526 92.1669 84.6608 79.3468 28.965 50.3818 27.6686 23.9659 22.7132 16.0294 6.68382 8.08034 5.21024
internal_count=3352 2330 2308 2247 2193 327 1866 965 919 901 564 337 728 567
is_linear=0
shrinkage=0.05


Tree=170
num_leaves=15
num_cat=0
split_feature=3 5 3 14 10 10 9 10 4 4 0 4 5 2
split_gain=0.791827 1.5252 2.07388 1.36224 1.30256 1.25145 1.28387 1.24845 1.67791 1.4971 1.48875 1.13266 1.06948 0.783891
threshold=121.50000000000001 120.50000000000001 156.50000000000003 197.50000000000003 117.50000000000001 148.50000000000003 177.50000000000003 67.500000000000014 108.50000000000001 61.500000000000007 7.5000000000000009 112.50000000000001 21.500000000000004 1.5000000000000002
decision_type=2 2 2 2 2 2 2 2 2 2 2 2 2 2
left_child=3 -2 -3 7 -4 -6 -7 9 -9 10 12 -10 -1 -12
right_child=1 2 4 -5 5 6 -8 8 11 -11 13 -13 -14 -15
leaf_value=-0.011267796786685828 0.014282830352532999 -0.019533669325621016 -0.0089776587606496452 0.014275240608804102 0.016914371537534355 -0.01077167274068439 0.01070211085536263 -0.026825934374974703 0.017688043338105398 0.018420291578053874 0.0045653082181119188 -0.01179365009135544 0.016429043848393814 -0.024208412973831209
leaf_weight=1.2776291999034635 15.650441218749618 7.7244845852837889 11.366516373935154 2.4217004626989356 14.31139908696059 10.18173860514071 7.8911509178578845 9.4123684897785989 1.9956665041099761 2.8658005016623056 1.2805244607152415 1.4992314838746095 4.3403273781295866 5.2112238386762328
leaf_count=157 235 339 118 14 160 165 70 704 117 70 128 276 198 601
internal_value=-0.00023409 0.00278025 -0.00167186 -0.00635913 0.00316173 0.00805338 -0.00110824 -0.0100494 -0.0189608 0.000454704 -0.00793745 0.00554333 0.00779035 -0.0190158
internal_weight=97.4302 67.1257 51.4753 30.3045 43.7508 32.3843 18.0729 27.8828 12.9073 14.9755 12.1097 3.4949 5.61796 6.49175
internal_count=3352 1087 852 2265 513 395 235 2251 1097 1154 1084 393 355 729
is_linear=0
shrinkage=0.05


Tree=171
num_leaves=15
num_cat=0
split_feature=9 8 9 8 9 10 15 10 9 4 8 0 10 2
split_gain=0.757999 0.938855 1.51675 1.14459 2.40028 1.46926 1.47305 1.27344 1.53825 1.84989 1.46166 1.41983 1.42132 1.00753
threshold=21.500000000000004 24.500000000000004 76.500000000000014 90.500000000000014 89.500000000000014 108.50000000000001 171.50000000000003 124.50000000000001 158.50000000000003 167.50000000000003 105.50000000000001 14.500000000000002 157.50000000000003 2.5000000000000004
decision_type=2 2 2 2 2 2 2 2 2 2 2 2 2 2
left_child=-1 13 -3 -4 -5 6 -6 10 -9 11 -7 -10 -13 -2
right_child=1 2 3 4 5 7 -8 8 9 -11 -12 12 -14 -15
leaf_value=-0.012972784996949233 -0.0034171030821075789 -0.01617868512813676 -0.014324767683365614 0.025313987597399463 -0.026908271446371829 -0.0080683408756617551 0.0053773877188556286 -0.016928037906438976 0.018782190692596297 -0.007191997045051292 0.022505942242327558 0.011070978542177264 -0.020099856744474467 0.022999729665988775
leaf_weight=5.5011676592985159 4.0984861500328389 8.5536669890279864 4.7858633843134148 6.1520626322599119 3.8834525249840217 2.5237929500581222 3.552446085261181 6.6967576081515281 15.233311040326955 17.971270216978155 8.7892059882869926 2.7718619971419676 2.3874251128872856 4.1551587973372079
leaf_count=504 264 305 81 66 594 78 29 431 151 182 270 90 83 224
internal_value=-0.000224934 0.00117315 -0.000749732 0.00191954 0.00391212 0.000159213 -0.0155235 0.00332397 -0.000911507 0.00351381 0.0153028 0.0125069 -0.0061465 0.0135416
internal_weight=97.0559 91.5548 83.3011 74.7474 69.9616 63.8095 7.4359 56.3736 45.0606 38.3639 11.313 20.3926 5.15929 8.25364
internal_count=3352 2848 2360 2055 1974 1908 623 1285 937 506 348 324 173 488
is_linear=0
shrinkage=0.05


Tree=172
num_leaves=15
num_cat=0
split_feature=3 9 9 9 10 16 5 4 12 1 12 10 14 6
split_gain=0.755201 0.815151 1.65295 1.43978 1.18892 1.45958 1.82327 1.35601 1.14444 1.06396 0.94279 1.42595 1.5462 1.43453
threshold=175.50000000000003 178.50000000000003 174.50000000000003 171.50000000000003 117.50000000000001 168.50000000000003 145.50000000000003 165.50000000000003 153.50000000000003 1.5000000000000002 119.50000000000001 67.500000000000014 197.50000000000003 25.500000000000004
decision_type=2 2 2 2 2 2 2 2 2 2 2 2 2 2
left_child=1 2 3 4 8 6 -6 -7 10 -10 11 13 -13 -1
right_child=-2 -3 -4 -5 5 7 -8 -9 9 -11 -12 12 -14 -15
leaf_value=-0.0049949651409667067 0.013655552954113651 -0.012324345652516172 0.017416533753580734 -0.021745021707091087 0.011099696798329322 0.00013123591461937961 -0.019378474777012433 0.025597843198202342 -0.00011429293233369012 -0.024261264443831327 0.012239281443031002 -0.020186891842944372 0.010668578501224692 0.022471824406354445
leaf_weight=8.1045848790090584 3.9446991570293894 9.8275498081929964 7.326470428146421 3.4710799900349221 4.9650781807431503 8.9298003977164644 5.1988138284650631 7.7850630148313931 7.7544825810764433 6.2476403916953132 7.6479552093369412 10.419623923255129 1.9975293725728978 3.1322071739705271
leaf_count=908 47 79 59 62 424 144 208 73 65 118 168 850 12 135
internal_value=-0.000264507 -0.001524 0.000382821 -0.0022442 4.14623e-05 0.00759346 -0.00573917 0.0151554 -0.00474852 -0.0144373 0.000977081 -0.00416459 -0.0135855 0.00722363
internal_weight=96.7526 92.8079 82.9803 75.6539 72.1828 26.8788 10.1639 16.7149 45.304 14.0021 31.3019 23.6539 12.4172 11.2368
internal_count=3352 3305 3226 3167 3105 849 632 217 2256 183 2073 1905 862 1043
is_linear=0
shrinkage=0.05


Tree=173
num_leaves=15
num_cat=0
split_feature=5 14 14 14 12 2 16 11 10 13 8 7 16 4
split_gain=0.732494 0.774761 1.5028 1.11123 0.971686 1.38797 1.03192 1.15548 1.60048 1.10414 1.08599 1.95023 1.94368 1.44241
threshold=21.500000000000004 199.50000000000003 189.50000000000003 187.50000000000003 21.500000000000004 1.5000000000000002 187.50000000000003 22.500000000000004 176.50000000000003 21.500000000000004 96.500000000000014 123.50000000000001 180.50000000000003 92.500000000000014
decision_type=2 2 2 2 2 2 2 2 2 2 2 2 2 2
left_child=-1 2 3 4 -2 -6 7 9 10 -7 11 12 -9 -12
right_child=1 -3 -4 -5 5 6 -8 8 -10 -11 13 -13 -14 -15
leaf_value=-0.015746161919312607 0.013988311792542594 -0.013749840103486018 0.017481126313097874 -0.018700067718455834 0.012926890181728462 -0.0071621786048206475 0.0084868577461552682 -0.022193766849435255 0.010762322722441271 0.014921088368679595 0.0077407426435702927 0.018941184990308304 0.011855517894956546 -0.023146721598671063
leaf_weight=2.0887621833826406 7.7639901198563157 3.3751838393509379 8.6628489736467582 2.5986872762441626 9.9173229198786412 6.844369004655162 9.3596745077520591 6.8601496591290907 3.9107019491493693 6.526755953207612 1.9566962921526307 2.9378631818108252 2.6383888921700418 20.961205555446213
leaf_count=504 276 22 73 22 347 225 67 436 32 203 104 16 22 1003
internal_value=-0.000227814 0.000891315 0.002123 -0.000402914 0.00126281 -0.00093112 -0.00394726 -0.00670271 -0.0106965 0.00474442 -0.0141095 -0.00127961 -0.0119091 -0.0195956
internal_weight=96.4026 94.3138 90.9387 82.2758 79.6771 71.9131 61.9958 52.6361 39.265 13.3711 35.3543 12.4364 9.49854 22.9179
internal_count=3352 2848 2826 2753 2731 2455 2108 2041 1613 428 1581 474 458 1107
is_linear=0
shrinkage=0.05


Tree=174
num_leaves=15
num_cat=0
split_feature=6 6 3 5 11 14 10 6 14 4 0 14 5 9
split_gain=0.741308 1.71067 1.12617 1.62687 1.57593 1.52396 1.15577 2.08756 2.98593 1.59335 1.39191 1.08642 1.00343 1.60508
threshold=155.50000000000003 139.50000000000003 128.50000000000003 105.50000000000001 154.50000000000003 197.50000000000003 67.500000000000014 112.50000000000001 177.50000000000003 61.500000000000007 7.5000000000000009 182.50000000000003 164.50000000000003 169.50000000000003
decision_type=2 2 2 2 2 2 2 2 2 2 2 2 2 2
left_child=1 2 5 -4 -5 6 9 11 -9 10 -1 -8 -2 -14
right_child=12 -3 3 4 -6 -7 7 8 -10 -11 -12 -13 13 -15
leaf_value=0.0075756132950665278 -0.0076983544350308422 -0.021421131116808607 0.024168409546090997 0.012356823808043224 -0.012335834562006803 0.015854392049898091 -0.033767508201944553 0.021408699586189527 -0.019242987202605467 0.019449658952389842 -0.018440059724470503 0.0022919881554409947 0.018103182130287804 -0.0037687224096996097
leaf_weight=5.5815405393950659 7.4125218073022543 5.9843537718697908 4.9250032696872976 6.9695742686162729 9.0895188499707711 2.7654297463595858 6.9155022367194778 4.3695206015545391 3.7702246364206076 3.0370450922055161 6.3325275084935129 1.8005663584917782 15.25395272485912 11.840694445185362
leaf_count=355 185 232 87 172 133 18 878 236 26 70 729 20 121 90
internal_value=-0.000178248 -0.00339113 0.000159331 0.00823471 -0.00122988 -0.00516327 -0.00889613 -0.0162404 0.00242196 0.00137872 -0.0076156 -0.0281983 0.00525568 0.00944684
internal_weight=96.048 61.5408 55.5565 20.9841 16.0591 34.5724 31.8069 16.8558 8.13975 14.9511 11.9141 8.71607 34.5072 27.0946
internal_count=3352 2956 2724 392 305 2332 2314 1160 262 1154 1084 898 396 211
is_linear=0
shrinkage=0.05


Tree=175
num_leaves=15
num_cat=0
split_feature=3 5 5 13 11 8 1 1 11 14 4 8 16 5
split_gain=0.734388 0.755418 1.82782 0.884972 1.21901 1.2445 1.31964 1.42568 1.32627 0.864031 0.81845 0.794935 0.696878 0.452233
threshold=175.50000000000003 179.50000000000003 175.50000000000003 22.500000000000004 22.500000000000004 176.50000000000003 4.5000000000000009 2.5000000000000004 107.50000000000001 177.50000000000003 163.50000000000003 21.500000000000004 184.50000000000003 140.00000000000003
decision_type=2 2 2 2 2 2 2 2 2 2 2 2 2 2
left_child=1 2 3 -1 -5 6 7 8 -6 12 -9 -8 -10 -13
right_child=-2 -3 -4 4 5 -7 11 10 9 -11 -12 13 -14 -15
leaf_value=-0.012307626252863926 0.013573499867390926 -0.014138558614761 0.020780807531006869 0.016311173333587111 -0.014534098614811336 0.011833855557759556 -0.009657503087234131 -0.023726871254376634 0.0011529444456414482 -0.0035304482421954714 8.43090834907998e-05 0.017184120814574919 0.023664014738017946 -0.0033400764999927572
leaf_weight=12.306374240433795 3.9212771616876116 5.4170166263356796 4.620074442587792 5.3299195918953037 7.5791951686842394 8.4558205439243448 1.0475076510338102 11.460392358159881 7.0987658696831222 12.105148365488274 4.5770496705663382 7.1929124157468305 2.8342380430549383 1.6166799205821005
leaf_count=599 47 37 35 137 424 84 155 694 395 129 66 503 16 31
internal_value=-0.000160616 -0.00142015 0.000110023 -0.00219246 0.000311238 -0.00210778 -0.00503377 -0.00856037 -0.0012675 0.00513903 -0.0185263 0.00868409 0.0133489 0.013572
internal_weight=95.5624 91.6411 86.2241 81.604 69.2976 63.9677 55.5119 45.6548 29.6173 22.0382 16.0374 9.8571 9.933 8.80959
internal_count=3352 3305 3268 3233 2634 2497 2413 1724 964 540 760 689 411 534
is_linear=0
shrinkage=0.05


Tree=176
num_leaves=15
num_cat=0
split_feature=0 12 12 12 7 15 5 6 3 5 0 2 4 4
split_gain=0.735701 0.801161 1.38676 1.23272 1.79422 1.76514 1.17068 1.90766 1.02612 1.6514 1.77193 0.968511 0.926242 0.485014
threshold=6.5000000000000009 170.50000000000003 166.50000000000003 143.50000000000003 173.50000000000003 173.50000000000003 163.50000000000003 124.50000000000001 110.50000000000001 94.500000000000014 8.5000000000000018 1.5000000000000002 169.50000000000003 105.50000000000001
decision_type=2 2 2 2 2 2 2 2 2 2 2 2 2 2
left_child=-1 2 3 4 6 12 7 8 9 10 -2 -12 -5 -11
right_child=1 -3 -4 5 -6 -7 -8 -9 -10 13 11 -13 -14 -15
leaf_value=-0.015490533820603459 0.021608365454994269 -0.0097198316160307281 0.019067238819164029 -0.022673689949697467 -0.010064473133988696 0.0077804075890125016 0.019892594265369351 -0.016767392749703524 0.019361997376909534 -0.020296311113647717 0.01026689657507217 -0.018440602829975485 0.00094261665515650128 0.00094840646596173843
leaf_weight=2.2240147020202121 6.8309751707129269 9.9605507822707278 6.4207309121265999 10.221703208517285 11.65510762517806 8.162517322227357 11.795767723931929 4.8109004403231657 7.9088063975796095 3.2999331250030073 0.76644357293844256 2.7612888760340866 5.1784599565435192 3.3417629982868675
leaf_count=1022 97 117 62 273 116 69 111 339 243 67 121 563 57 95
internal_value=-9.54617e-05 0.00104291 0.00281029 0.000366771 0.00452297 -0.00816198 0.00925986 0.0027828 0.0087305 0.000508265 0.0111812 -0.00984076 -0.0164478 -0.0137907
internal_weight=95.339 93.1149 83.1544 76.7337 53.171 23.5627 41.5159 29.7201 24.9092 17.0004 10.3587 3.52773 15.4002 6.6417
internal_count=3352 2330 2213 2151 1752 399 1636 1525 1186 943 781 684 330 162
is_linear=0
shrinkage=0.05


Tree=177
num_leaves=15
num_cat=0
split_feature=13 13 6 7 9 12 3 10 7 6 16 4 0 2
split_gain=0.746973 0.97603 1.1462 1.65509 1.80333 1.51762 1.36952 2.7974 1.26135 1.18659 0.987446 0.982988 0.71107 0.345217
threshold=181.50000000000003 176.50000000000003 112.50000000000001 173.50000000000003 76.500000000000014 169.50000000000003 128.50000000000003 79.500000000000014 24.500000000000004 171.50000000000003 203.00000000000003 27.500000000000004 15.500000000000002 3.5000000000000004
decision_type=2 2 2 2 2 2 2 2 2 2 2 2 2 2
left_child=1 2 6 4 -4 9 7 8 10 12 11 -1 13 -6
right_child=-2 -3 3 -5 5 -7 -8 -9 -10 -11 -12 -13 -14 -15
leaf_value=-0.020038228317552743 0.010421015796978446 -0.015593943706833131 -0.012424595153683195 -0.0080580460348650667 0.028694650819704487 -0.0065353617493054128 0.007967974171653314 -0.031954650213415696 0.016004592542180771 -0.0044802117646661364 0.011577209211901637 0.006258645131247683 -0.00050909135692258614 0.0081127169246006329
leaf_weight=6.7900151771609725 9.4893282139673811 6.2429509542416772 3.9877884779125443 14.710041563608682 13.216349796159202 5.2310622206423423 7.0101629563723682 6.1605263516830737 3.8074619417893691 3.502776136621832 1.1744764335453499 2.3378479750826955 3.1562379921087986 8.2423867756151576
leaf_count=887 97 66 38 158 199 54 106 809 264 25 10 33 441 165
internal_value=-0.000125987 -0.00180633 0.000139009 0.00439183 0.00966926 0.0135867 -0.00739818 -0.0132374 0.00115737 0.0177517 -0.00776632 -0.0134717 0.0211377 0.0238161
internal_weight=95.0594 85.5701 79.3271 52.0466 37.3366 33.3488 27.2805 20.2703 14.1098 28.1178 10.3023 9.12786 24.615 21.4587
internal_count=3352 3255 3189 1080 922 884 2109 2003 1194 830 930 920 805 364
is_linear=0
shrinkage=0.05


Tree=178
num_leaves=15
num_cat=0
split_feature=3 16 16 14 14 16 12 15 15 11 17 0 5 12
split_gain=0.704304 0.71661 1.91482 1.19122 1.12718 1.02937 1.39725 1.1565 2.0935 1.17001 1.42949 1.10295 0.678475 0.563694
threshold=175.50000000000003 198.50000000000003 197.50000000000003 189.50000000000003 185.50000000000003 187.50000000000003 23.500000000000004 163.50000000000003 170.50000000000003 22.500000000000004 0.10393258426966294 14.500000000000002 22.500000000000004 123.50000000000001
decision_type=2 2 2 2 2 2 2 2 2 2 2 2 2 2
left_child=1 2 3 4 5 6 11 9 -9 13 -11 12 -1 -8
right_child=-2 -3 -4 -5 -6 -7 7 8 -10 10 -12 -13 -14 -15
leaf_value=-0.0049201071500992958 0.013330701066652989 0.013495755530283796 -0.027229944672610387 0.012145300015589952 -0.020232069626508004 0.012483083806996293 0.0097989236062663854 0.016384539939239849 -0.0091556023132213556 -0.0019708437273852088 -0.027101710167005178 -0.011310727691076126 0.018772563803016302 -0.0084114043203999816
leaf_weight=1.5933772796997789 3.879803590476512 2.5859862044453612 2.2364198789000502 10.809485955163835 3.3843981120735398 7.4805074478499582 5.1533599129761596 8.6298887425800803 14.599650849355383 10.067969231866302 10.978393925004637 1.3407201333902765 9.4115510995616187 2.5665157057810575
leaf_count=294 47 24 10 84 43 63 329 145 168 130 1312 369 255 79
internal_value=-0.000147991 -0.00138913 -0.00252552 -0.000422593 -0.00287351 -0.00079196 -0.00312418 -0.00672012 0.00155415 -0.0126426 -0.017766 0.00959223 0.0148768 0.00281819
internal_weight=94.718 90.8382 88.2522 86.0158 75.2063 71.8219 64.3414 51.9958 23.2295 28.7662 21.0464 12.3456 11.0049 7.71988
internal_count=3352 3305 3281 3271 3187 3144 3081 2163 313 1850 1442 918 549 408
is_linear=0
shrinkage=0.05


Tree=179
num_leaves=15
num_cat=0
split_feature=13 10 10 9 8 7 4 10 14 3 9 7 6 16
split_gain=0.703045 0.961088 0.992987 2.13044 1.58792 1.3142 2.15452 1.41515 1.73155 1.62861 1.25965 0.872724 0.743117 0.64239
threshold=181.50000000000003 180.00000000000003 158.50000000000003 170.50000000000003 181.50000000000003 173.50000000000003 164.50000000000003 102.50000000000001 193.50000000000003 110.50000000000001 164.50000000000003 165.50000000000003 118.50000000000001 203.00000000000003
decision_type=2 2 2 2 2 2 2 2 2 2 2 2 2 2
left_child=1 2 4 10 5 6 7 9 11 13 -4 -9 -11 -1
right_child=-2 -3 3 -5 -6 -7 -8 8 -10 12 -12 -13 -14 -15
leaf_value=-0.0095857296075822565 0.010081818959655722 0.013197645057164309 -0.010340531333228804 -0.026827056364727375 0.019094199957900081 -0.02020788704797424 0.012468877810208839 -0.027867102026171538 0.011746722739834816 0.023565708440226124 0.016445299542955281 0.0027700028452535951 -0.0019471286511388197 0.0093297245797176534
leaf_weight=18.99716734155664 9.4188897283747774 4.7570374086499205 3.9065917023981438 6.8775947235990316 4.183839999139308 4.5930723705096161 17.402516771107912 9.2237048546085116 1.1546441540122021 3.5597774880880015 4.0336869170423597 1.7698878411902104 3.2226201028679498 1.3460577093064774
leaf_count=1535 97 50 146 77 26 51 160 917 9 108 62 31 71 12
internal_value=-0.000177416 -0.00181068 -0.00342181 -0.0132294 -0.000420193 -0.00309286 -0.000180075 -0.00656009 -0.017805 0.000463285 0.00436334 -0.0236108 0.0157614 -0.0067404
internal_weight=94.4471 85.0282 80.2712 14.8179 65.4533 61.2694 56.6764 39.2739 12.1482 27.1256 7.94028 10.9936 6.7824 20.3432
internal_count=3352 3255 3205 285 2920 2894 2843 2683 957 1726 208 948 179 1547
is_linear=0
shrinkage=0.05


Tree=180
num_leaves=15
num_cat=0
split_feature=14 13 6 10 4 9 10 3 9 8 7 4 10 7
split_gain=0.68107 1.46244 1.19258 1.04983 1.08708 3.16053 2.19661 1.89808 1.62758 1.40282 0.948425 0.835029 0.7285 1.49728
threshold=199.50000000000003 181.50000000000003 178.50000000000003 180.00000000000003 152.50000000000003 162.50000000000003 102.50000000000001 105.50000000000001 163.50000000000003 148.50000000000003 110.50000000000001 138.50000000000003 67.500000000000014 24.500000000000004
decision_type=2 2 2 2 2 2 2 2 2 2 2 2 2 2
left_child=1 2 3 4 5 6 7 12 9 -6 -9 -8 13 -1
right_child=-2 -3 -4 -5 8 -7 11 10 -10 -11 -12 -13 -14 -15
leaf_value=-0.0083719642826440618 -0.01383203276736002 0.016852632533089763 0.013792863389086561 0.012551122963423277 -0.010958351670232942 0.024443806364535414 -0.029922970788893256 0.024989051109457587 -0.020977735757061869 0.011863177136979861 -0.0033900119028082475 -0.00060272909933590168 -0.017192660366208493 0.018621173668452572
leaf_weight=10.660198135155957 3.3192750476300708 7.7700429367832831 6.6314779678359619 4.6431370852515093 8.9571922544564639 5.7865635960479258 4.9533898333029338 4.7962261752982149 14.971581203571985 8.010895897750741 2.68320309362025 3.4890209345321637 4.671025933494092 2.6499856891459777
leaf_count=942 22 85 43 47 132 99 698 174 203 178 94 144 325 166
internal_value=-0.000115322 0.00108343 -0.00126903 -0.00334657 -0.0051288 0.000549116 -0.00614669 0.00209538 -0.0113037 6.38536e-05 0.017529 -0.022537 -0.0067414 0.000619606
internal_weight=93.9932 90.6739 82.9039 76.2724 71.6293 39.6896 33.903 25.4606 31.9397 16.9681 7.47943 8.44241 17.9812 13.3102
internal_count=3352 3330 3245 3202 3155 2642 2543 1701 513 310 268 842 1433 1108
is_linear=0
shrinkage=0.05


Tree=181
num_leaves=15
num_cat=0
split_feature=3 5 5 7 6 12 0 3 5 8 3 4 7 8
split_gain=0.670751 0.717913 1.69362 0.847704 1.92904 0.960197 0.973488 0.939816 1.76424 1.96266 1.53286 1.48673 0.884105 0.772782
threshold=175.50000000000003 179.50000000000003 176.50000000000003 184.50000000000003 171.50000000000003 105.50000000000001 6.5000000000000009 167.50000000000003 125.50000000000001 105.50000000000001 128.50000000000003 95.500000000000014 21.500000000000004 95.500000000000014
decision_type=2 2 2 2 2 2 2 2 2 2 2 2 2 2
left_child=1 2 3 4 5 6 -1 8 9 -7 11 -11 -8 -10
right_child=-2 -3 -4 -5 -6 7 12 -9 13 10 -12 -13 -14 -15
leaf_value=-0.012460396121612054 0.01312897529019114 -0.013719074813516065 0.021316161950855041 0.012523749395612252 -0.026300108513255229 -0.01153371687042884 -0.0082198384913254909 0.0068915698157401943 0.0018377585276425639 -0.017730360353726448 0.023040725961730832 0.012459221513985852 0.012744484863703187 -0.025693698580514159
leaf_weight=1.6497335471212888 3.8160753287374964 5.3504626220092169 3.6352632818743578 4.3301799297332755 3.3024234520271412 13.776898279786112 2.5878366323595428 9.3367959042079729 2.3423513774760059 3.6110892279830278 6.3131256373599172 3.0342271780536976 21.50576147067477 8.9795644381374569
leaf_count=825 47 37 26 29 32 339 307 110 34 55 136 190 785 400
internal_value=-6.58121e-05 -0.00128998 0.000221078 -0.00191565 -0.00345229 -0.000803704 0.0062639 -0.00487407 -0.00822569 -0.000267282 0.011587 -0.00451491 0.00946708 -0.0211797
internal_weight=93.5718 89.7557 84.4053 80.77 76.4398 73.1374 25.7433 47.3941 38.0573 26.7353 12.9584 6.64532 24.0936 11.3219
internal_count=3352 3305 3268 3242 3213 3181 1917 1264 1154 720 381 245 1092 434
is_linear=0
shrinkage=0.05


Tree=182
num_leaves=15
num_cat=0
split_feature=5 5 5 4 9 8 8 14 2 12 16 9 14 6
split_gain=0.654781 0.813107 0.989684 1.1022 1.02333 1.02889 2.33425 1.42448 1.87307 1.5752 1.94942 1.43472 1.3607 0.943431
threshold=22.500000000000004 24.500000000000004 32.000000000000007 76.500000000000014 76.500000000000014 90.500000000000014 99.500000000000014 176.50000000000003 3.5000000000000004 174.50000000000003 161.50000000000003 177.50000000000003 184.50000000000003 102.50000000000001
decision_type=2 2 2 2 2 2 2 2 2 2 2 2 2 2
left_child=-1 -2 -3 -4 -5 -6 -7 8 9 10 -8 13 -9 -10
right_child=1 2 3 4 5 6 7 12 11 -11 -12 -13 -14 -15
leaf_value=-0.012893545717995409 0.015877002415043816 -0.016260678360742947 0.0190190902759006 -0.013485483565702056 -0.013783847146692375 0.023686523463109101 -0.0045755200465182402 -0.01654068365552416 0.007124283084824737 -0.0089821872646815414 0.02734350280201844 0.013092912589195323 0.0036073459122295732 -0.019726609517990368
leaf_weight=4.1043600472330573 3.52474791224813 3.8025822421768671 3.0024841695849309 7.806955066509544 4.5419476056704289 7.1794853786996091 4.8186924457550111 14.271125910338016 1.4957453679817252 3.0461474871262899 12.613796434830872 2.2561130765825501 12.196110638789831 8.6590098082378955
leaf_count=772 189 164 145 179 65 120 584 141 180 32 166 16 114 485
internal_value=-9.34087e-05 0.00114848 -0.000299303 0.00133497 -0.000431636 0.00179421 0.0037467 -0.00031799 0.00623551 0.0143032 0.0194672 -0.00736119 -0.00815849 -0.014726
internal_weight=93.3193 89.2149 85.6902 81.8876 78.8851 71.0782 66.5362 59.3567 32.8895 20.4786 17.4325 12.4109 26.4672 10.1548
internal_count=3352 2580 2391 2227 2082 1903 1838 1718 1463 782 750 681 255 665
is_linear=0
shrinkage=0.05


Tree=183
num_leaves=15
num_cat=0
split_feature=14 14 3 10 3 6 5 10 10 10 6 14 4 0
split_gain=0.640437 1.40159 1.33455 1.52683 1.29522 2.30363 1.1642 1.26923 1.34246 1.16314 1.73973 1.62387 1.41464 1.27885
threshold=199.50000000000003 197.50000000000003 128.50000000000003 172.50000000000003 139.50000000000003 155.50000000000003 154.50000000000003 117.50000000000001 124.50000000000001 67.500000000000014 108.50000000000001 177.50000000000003 61.500000000000007 7.5000000000000009
decision_type=2 2 2 2 2 2 2 2 2 2 2 2 2 2
left_child=1 2 9 4 -4 6 7 -6 -9 12 -11 -12 13 -1
right_child=-2 -3 3 -5 5 -7 -8 8 -10 10 11 -13 -14 -15
leaf_value=0.0076441128704982366 -0.013374233680438961 0.022399212817216886 0.015792410469258979 0.020125867267789043 -0.015907684990029841 0.0045587989427355582 -0.02876232046026124 0.022875233161722002 -0.008243383033402182 -0.028684322784162816 0.014183857677003576 -0.014829229655917646 0.018856937539757368 -0.017407485302711353
leaf_weight=5.4636168842553179 3.3230275996029368 2.1402277573943129 5.7448123048525295 6.6927901292219749 3.7430022978223843 30.334553502325434 5.1606650565518057 2.391323629533872 2.9050840139389038 6.7089156846923315 4.9583835698722378 4.3525539580732584 2.9954383030999443 6.0672295384574682
leaf_count=355 22 16 107 79 66 343 163 25 160 826 359 31 71 729
internal_value=-8.05904e-05 0.00109253 -0.000610881 0.00385149 6.07458e-05 -0.00335782 -0.0170526 -0.0025049 0.0100922 -0.00830479 -0.0158567 0.000178683 0.00195131 -0.0068156
internal_weight=92.9816 89.6586 87.5184 56.9722 50.2794 44.5346 14.2001 9.03941 5.29641 30.5461 16.0199 9.31094 14.5263 11.5308
internal_count=3352 3330 3314 943 864 757 414 251 185 2371 1216 390 1155 1084
is_linear=0
shrinkage=0.05


Tree=184
num_leaves=15
num_cat=0
split_feature=3 9 9 9 10 9 10 10 3 5 5 4 3 4
split_gain=0.627597 0.725828 1.5243 1.24853 0.982412 1.62706 1.5817 1.413 1.14874 0.96264 2.25051 1.12131 1.10376 1.01546
threshold=175.50000000000003 178.50000000000003 174.50000000000003 171.50000000000003 112.50000000000001 94.500000000000014 97.500000000000014 84.500000000000014 85.500000000000014 174.50000000000003 124.50000000000001 165.50000000000003 126.50000000000001 151.50000000000003
decision_type=2 2 2 2 2 2 2 2 2 2 2 2 2 2
left_child=1 2 3 4 5 6 7 8 -1 10 12 13 -6 -12
right_child=-2 -3 -4 -5 9 -7 -8 -9 -10 -11 11 -13 -14 -15
leaf_value=-0.0076558121013952157 0.012728503614117995 -0.011564790057762819 0.017015878788224203 -0.020442969751060289 -0.0031344371329708391 -0.020646866840924524 0.016066891132397558 -0.021018922322590228 0.011642152876242214 0.02096248404111101 0.0041264205134101395 0.0030315142162953635 0.023882196973748448 -0.026481565824837263
leaf_weight=11.532968534505931 3.7520825434476128 9.4937763107009214 7.1372859943658105 3.2413041935069478 4.1373007798101806 6.8349486697989041 7.1118721635721149 4.7708277072524643 9.560171540360896 3.6566317658871403 2.0750615307479148 7.933811928902287 6.2136690561892465 5.0645942355622537
leaf_count=1111 47 79 59 62 306 648 89 105 188 36 177 125 139 181
internal_value=-8.04609e-05 -0.00127178 0.000573989 -0.00205043 0.00013967 -0.00473521 0.00084702 -0.0052629 0.00164558 0.00652881 0.00134906 -0.00986987 0.0155799 -0.0195501
internal_weight=92.5163 88.7642 79.2704 72.1332 68.8919 39.8108 32.9758 25.864 21.0931 29.0811 25.4244 15.0735 10.351 7.13966
internal_count=3352 3305 3226 3167 3105 2141 1493 1404 1299 964 928 483 445 358
is_linear=0
shrinkage=0.05


Tree=185
num_leaves=15
num_cat=0
split_feature=5 5 5 4 9 8 8 14 16 14 7 2 7 10
split_gain=0.607436 0.812087 0.917382 1.05059 0.967417 0.990249 2.1867 1.28876 1.78523 1.31328 1.21702 1.30406 1.00701 1.01557
threshold=22.500000000000004 24.500000000000004 32.000000000000007 76.500000000000014 76.500000000000014 90.500000000000014 99.500000000000014 176.50000000000003 190.50000000000003 184.50000000000003 164.50000000000003 3.5000000000000004 142.50000000000003 115.50000000000001
decision_type=2 2 2 2 2 2 2 2 2 2 2 2 2 2
left_child=-1 -2 -3 -4 -5 -6 -7 8 10 -9 12 -12 13 -8
right_child=1 2 3 4 5 6 7 9 -10 -11 11 -13 -14 -15
leaf_value=-0.012465507030732757 0.015842486794695739 -0.015758014301331471 0.018565425007408938 -0.0132116672452505 -0.013599786367273801 0.023000262018364123 -0.010013320051920649 -0.016109465668355787 0.024642725929533746 0.0037299854489827298 0.016830144938349081 -0.006524844565824345 -0.017824423446733809 0.01710623287506843
leaf_weight=4.021562870242632 3.515731716528534 3.7373003785614847 2.9524473340425166 7.7241129414178422 4.5052333229978094 7.0878381718066512 2.1541167597752082 14.076645485125484 4.5221359226852647 12.077063697855918 9.1934265185845998 6.7299294185359022 7.6615507932438049 2.1893797814263962
leaf_count=772 189 164 145 179 65 120 536 141 34 114 116 108 391 278
internal_value=-8.13702e-05 0.0011227 -0.000338764 0.0012498 -0.000486184 0.00169942 0.00363635 -0.000329579 0.0059453 -0.00781985 -0.000364325 0.00775886 -0.0102521 0.00549545
internal_weight=92.1485 88.1269 84.6112 80.8739 77.9214 70.1973 65.6921 58.6042 32.4505 26.1537 27.9284 15.9234 12.005 4.3435
internal_count=3352 2580 2391 2227 2082 1903 1838 1718 1463 255 1429 224 1205 814
is_linear=0
shrinkage=0.05


Tree=186
num_leaves=15
num_cat=0
split_feature=14 13 6 10 15 5 8 16 16 2 15 2 17 14
split_gain=0.609175 1.34136 1.08116 0.980568 0.987198 1.20379 1.05904 0.87379 1.08231 0.890115 1.26646 0.792128 1.277 0.574014
threshold=199.50000000000003 181.50000000000003 178.50000000000003 180.00000000000003 144.50000000000003 124.50000000000001 105.50000000000001 158.50000000000003 26.500000000000004 2.5000000000000004 21.500000000000004 3.5000000000000004 0.058988764044943826 177.50000000000003
decision_type=2 2 2 2 2 2 2 2 2 2 2 2 2 2
left_child=1 2 3 4 7 6 -6 8 9 -1 -11 12 -7 -9
right_child=-2 -3 -4 -5 5 11 -8 13 -10 10 -12 -13 -14 -15
leaf_value=-0.0090393321906981593 -0.012994795104293511 0.016297269196311272 0.013191270744703899 0.012266896954191472 -0.0098606581864606035 0.0073835434777725613 0.011171319494110109 0.012601976520142633 -0.018112427580086302 -0.0060302698148766197 0.023310407913516355 -0.028079756002665719 -0.016815692327087295 -0.002351038985199633
leaf_weight=4.7582045315648447 3.3311914429068556 7.6134769660420707 6.55560971610248 4.5041943634860209 7.0660657327389327 6.3237933604978043 6.8958928288775496 11.501928799785675 5.7100242715387131 3.7659048006753437 3.1266971314908005 5.8848986641387446 6.494518552266527 8.2952347625978273
leaf_count=323 22 85 43 47 113 50 120 155 1484 303 232 179 124 72
internal_value=-4.13536e-05 0.0011151 -0.0011796 -0.00319865 -0.00494937 -0.0106573 0.000733757 0.000737297 -0.00651212 0.00290486 0.0114841 -0.0175218 -0.00615538 0.00712579
internal_weight=91.8276 88.4964 80.883 74.3274 69.8232 32.6652 13.962 37.158 17.3608 11.6508 6.8926 18.7032 12.8183 19.7972
internal_count=3352 3330 3245 3202 3155 586 233 2569 2342 858 535 353 174 227
is_linear=0
shrinkage=0.05


Tree=187
num_leaves=15
num_cat=0
split_feature=3 5 5 5 3 10 7 13 14 9 10 8 6 14
split_gain=0.593353 0.722737 1.59357 0.854317 1.70316 1.68022 1.62956 2.14167 1.37096 1.30258 1.29242 1.1574 1.78451 2.4476
threshold=175.50000000000003 179.50000000000003 175.50000000000003 145.50000000000003 128.50000000000003 148.50000000000003 167.50000000000003 164.50000000000003 197.50000000000003 117.50000000000001 176.50000000000003 90.500000000000014 112.50000000000001 177.50000000000003
decision_type=2 2 2 2 2 2 2 2 2 2 2 2 2 2
left_child=1 2 3 4 8 6 7 -5 11 -6 -7 -1 -13 -14
right_child=-2 -3 -4 5 9 10 -8 -9 -10 -11 -12 12 13 -15
leaf_value=0.0016458799086175116 0.012426769482105677 -0.013743822414786559 0.019761636591016908 -0.022918875462734051 -0.00057132093973066812 -0.027682975659376309 0.014354762046201702 0.0104091424107757 0.015519162728356559 0.024759437151446066 0.002487983889231785 -0.028523253351640666 0.019125559124179081 -0.018046289126693663
leaf_weight=15.571314526547214 3.7038661409169427 5.2600615667179218 4.4405152797698966 5.8675052744220064 8.6557656109507644 7.3685909837658965 8.3265387535793689 4.7094267089851201 2.7295074313879004 6.5583641239791168 3.9035806935280561 6.7028689035796543 4.1338507714681327 3.618417851626873
leaf_count=1272 47 37 35 187 75 212 90 56 18 220 29 781 267 26
internal_value=-5.90162e-05 -0.00122632 0.00031002 -0.00191719 0.0022191 -0.00787341 0.00181125 -0.0095015 -0.00425975 0.0137714 -0.0196807 -0.00801641 -0.0161728 0.00150244
internal_weight=91.5502 87.8463 82.5862 78.1457 47.9701 30.1756 18.9035 10.5769 32.756 15.2141 11.2722 30.0265 14.4551 7.75227
internal_count=3352 3305 3268 3233 2659 574 333 243 2364 295 241 2346 1074 293
is_linear=0
shrinkage=0.05


Tree=188
num_leaves=15
num_cat=0
split_feature=14 14 10 6 3 2 14 12 3 6 10 8 2 14
split_gain=0.599324 1.2732 1.01347 0.960572 0.893377 1.70637 1.78256 1.54214 1.47781 1.3384 2.51608 1.11217 1.37541 0.974194
threshold=199.50000000000003 191.50000000000003 180.00000000000003 178.50000000000003 139.50000000000003 3.5000000000000004 175.50000000000003 105.50000000000001 128.50000000000003 112.50000000000001 79.500000000000014 20.500000000000004 2.5000000000000004 160.50000000000003
decision_type=2 2 2 2 2 2 2 2 2 2 2 2 2 2
left_child=1 2 3 4 8 6 13 -7 9 10 11 -1 -13 -6
right_child=-2 -3 -4 -5 5 7 -8 -9 -10 -11 -12 12 -14 -15
leaf_value=-0.014882367306774958 -0.01288321550219978 0.016290605766825568 0.014089916071113477 0.011123121035303709 -0.004629672405122842 0.0019810543519052852 -0.013602871402452059 -0.029263434826492213 0.016758014559556562 0.011248731146992661 -0.028285327885910712 -0.0081648963777458793 0.017905880448506148 0.017085777352564026
leaf_weight=1.9650172101683043 3.3264785483479491 7.0566604845225802 4.9078530804254106 6.1104300767183295 5.5442213319765896 4.6732752869720562 9.6392774493433517 8.9395964140421693 6.1884343323763451 5.6410583172983015 5.960658246302045 4.5389740130631244 8.0296646459319145 8.5849971623683796
leaf_count=168 22 61 54 38 125 84 112 264 116 302 815 463 593 135
internal_value=-3.4774e-05 0.00112017 -0.00107882 -0.00287174 -0.0047609 -0.00954664 -0.000550681 -0.0208865 0.00131111 -0.00445026 -0.0101301 0.00265014 0.00884661 0.00958188
internal_weight=91.1066 87.7801 80.7235 75.8156 69.7052 37.3814 23.7685 13.6129 32.3238 26.1354 20.4943 14.5337 12.5686 14.1292
internal_count=3352 3330 3269 3215 3177 720 372 348 2457 2341 2039 1224 1056 260
is_linear=0
shrinkage=0.05


Tree=189
num_leaves=15
num_cat=0
split_feature=5 14 13 13 5 16 9 9 10 3 3 5 10 16
split_gain=0.644204 0.671271 1.19925 1.05081 0.834872 0.724836 1.22022 1.47659 1.18663 1.14856 1.5474 0.863884 0.654968 0.45447
threshold=21.500000000000004 199.50000000000003 181.50000000000003 176.50000000000003 176.50000000000003 183.50000000000003 173.50000000000003 89.500000000000014 168.50000000000003 160.50000000000003 105.50000000000001 25.500000000000004 22.500000000000004 177.50000000000003
decision_type=2 2 2 2 2 2 2 2 2 2 2 2 2 2
left_child=-1 2 3 4 5 6 7 9 13 10 11 12 -2 -9
right_child=1 -3 -4 -5 -6 -7 -8 8 -10 -11 -12 -13 -14 -15
leaf_value=-0.01477200365145619 0.015043501597475485 -0.012608597226041962 0.016697062673128472 -0.014591393673473035 0.01452857737796681 0.0079669896931625316 0.0095157497064857002 -0.022108913308929393 0.0063634929331303205 -0.01503988155738244 0.022700237440352013 -0.0118083950651038 -0.0080344969279648615 -0.0020712425169412438
leaf_weight=1.9167958922917012 3.7626611874729914 3.3376000337302676 7.3820498790591946 5.8830067133530966 6.3503911569714537 15.23797812941484 10.203398776939137 14.183793876087298 3.2881745483027762 1.9989470914006222 5.1722353245131663 6.3940361029817723 0.93932917958591122 4.6260549223516128
leaf_count=504 298 22 74 59 57 130 110 1438 51 22 136 210 168 73
internal_value=-4.87693e-05 0.00103999 0.00224098 -4.94889e-05 0.00200486 -0.000144285 -0.00308541 -0.00696842 -0.0144412 0.00323224 0.00848534 -0.00313392 0.00866849 -0.0186507
internal_weight=90.6765 88.7597 85.4221 78.04 72.157 65.8066 50.5686 40.3652 22.098 18.2672 16.2683 11.096 4.70199 18.8098
internal_count=3352 2848 2826 2752 2693 2636 2506 2396 1562 834 812 676 466 1511
is_linear=0
shrinkage=0.05


Tree=190
num_leaves=15
num_cat=0
split_feature=9 8 9 8 8 3 3 3 0 7 13 4 0 2
split_gain=0.594918 0.845874 1.16345 0.976183 1.96665 1.03139 1.51315 1.55291 1.45835 1.92208 1.80186 1.15402 0.842389 0.799179
threshold=21.500000000000004 24.500000000000004 76.500000000000014 90.500000000000014 99.500000000000014 171.50000000000003 168.50000000000003 167.50000000000003 13.500000000000002 171.50000000000003 154.50000000000003 98.500000000000014 7.5000000000000009 2.5000000000000004
decision_type=2 2 2 2 2 2 2 2 2 2 2 2 2 2
left_child=12 13 -3 -4 -5 6 7 8 9 10 11 -6 -1 -2
right_child=1 2 3 4 5 -7 -8 -9 -10 -11 -12 -13 -14 -15
leaf_value=0.0051031255632784196 -0.0027580216261666422 -0.014563664608690944 -0.013487278128126126 0.022069286748730883 -0.011748729502631852 0.010124459548846722 -0.021808595525972804 0.019736449041488701 -0.01929196270425226 0.016967886510132108 -0.016214956471202375 0.014749120740315931 -0.020833165141627967 0.021457091360338871
leaf_weight=2.6661947882384984 3.8593538294662713 7.8477177383319932 4.4674039974343023 7.0274071256862944 1.6740854646777794 13.038488591089843 4.478503080783411 3.5468184854835263 6.0297777792729894 8.4478976423852128 12.58566048578359 8.2271181765827333 2.5072053805633914 3.9929665244999342
leaf_count=162 264 305 81 155 195 134 57 34 766 82 157 394 342 224
internal_value=-6.90678e-05 0.00122683 -0.000702192 0.00173462 0.00366792 -0.000134496 -0.00382292 0.000342899 -0.0036478 0.00166157 -0.00612927 0.00782999 -0.0115278 0.0131127
internal_weight=90.3966 85.2232 77.3709 69.5232 65.0558 58.0283 44.9899 40.5114 36.9645 30.9348 22.4869 9.9012 5.1734 7.85232
internal_count=3352 2848 2360 2055 1974 1819 1685 1628 1594 828 746 589 504 488
is_linear=0
shrinkage=0.05


Tree=191
num_leaves=15
num_cat=0
split_feature=5 5 5 10 9 8 9 10 15 9 15 9 4 0
split_gain=0.58855 0.723743 0.875152 1.03389 1.34543 0.894343 1.87268 1.26658 1.23538 1.14254 1.91134 0.958904 1.57948 1.09923
threshold=22.500000000000004 24.500000000000004 32.000000000000007 67.500000000000014 76.500000000000014 90.500000000000014 89.500000000000014 108.50000000000001 171.50000000000003 125.50000000000001 177.50000000000003 158.50000000000003 167.50000000000003 14.500000000000002
decision_type=2 2 2 2 2 2 2 2 2 2 2 2 2 2
left_child=-1 -2 -3 -4 -5 -6 -7 8 -8 10 -9 -11 13 -13
right_child=1 2 3 4 5 6 7 9 -10 11 -12 12 -14 -15
leaf_value=-0.012317176489045005 0.014971896289556162 -0.015417147352437486 0.016955920953339768 -0.017419421540295774 -0.012896906879386646 0.02276776163243216 -0.025326285897591234 0.024618192025599357 0.0050375196575516692 -0.013486964914341629 -0.010242991513287244 0.016985319585604532 -0.0072853621355348248 -0.0055075965136245006
leaf_weight=3.9601390945608719 3.5396002648631102 3.6632299398770547 4.350178654654882 5.4384558802703387 4.3763646692386819 5.7777225914178407 3.5369685948535325 7.1792390348855388 3.2275704680941999 6.6254301542357998 2.4971267879009247 14.276758232386785 16.836470984038897 4.7826911218580781
leaf_count=772 189 164 91 118 66 66 589 331 29 418 15 151 182 171
internal_value=-9.43037e-05 0.00111295 -0.000302115 0.00127652 -0.000646526 0.00175936 0.00360373 9.28531e-05 -0.0148551 0.00315926 0.0151971 -0.000890875 0.00279872 0.0113695
internal_weight=90.0679 86.1078 82.5682 78.905 74.5548 69.1163 64.74 58.9623 6.76454 52.1977 9.67637 42.5214 35.8959 19.0594
internal_count=3352 2580 2391 2227 2136 2018 1952 1886 618 1268 346 922 504 322
is_linear=0
shrinkage=0.05


Tree=192
num_leaves=15
num_cat=0
split_feature=6 5 10 3 14 8 6 14 4 0 9 0 2 7
split_gain=0.577898 1.54921 1.39356 1.28178 1.35326 1.11135 1.51062 2.2524 1.15885 1.20127 0.887086 0.843488 0.795862 0.783866
threshold=155.50000000000003 145.50000000000003 176.50000000000003 128.50000000000003 197.50000000000003 90.500000000000014 112.50000000000001 177.50000000000003 61.500000000000007 7.5000000000000009 117.50000000000001 6.5000000000000009 1.5000000000000002 173.50000000000003
decision_type=2 2 2 2 2 2 2 2 2 2 2 2 2 2
left_child=1 3 -3 4 5 8 -7 -8 9 11 -5 -1 -11 -2
right_child=13 2 -4 10 -6 6 7 -9 -10 12 -12 -13 -14 -15
leaf_value=-0.009874695336295175 0.0099270300191324438 -0.024903518777545829 0.0057102972746824292 -0.00047527215950780009 0.015358360259427901 -0.027694960464165808 0.017939317027399926 -0.017869798905733925 0.015561781449077104 0.0054732145555467784 0.020643758524416078 0.014965079892252925 -0.022613632665951913 -0.0042610523514729137
leaf_weight=1.2199932205257953 20.38648144720355 7.2554631669190695 3.0725972857326269 8.4866226334706862 2.7146703489124766 6.4201430827088171 4.0082619936438277 3.5729342494159937 4.0294312919140785 1.190427513385657 6.3016257311683139 4.1987887718714774 4.7821852739143651 12.144183982280081
leaf_count=310 279 284 25 70 18 781 267 26 163 129 213 46 624 117
internal_value=-0.000139415 -0.00308698 -0.0169041 0.00128903 -0.00430746 -0.00808927 -0.0162028 0.000668097 0.00144093 -0.00677728 0.0114663 0.00731756 -0.0170724 0.00476837
internal_weight=89.7838 57.2531 10.3281 46.9251 32.1368 29.4222 14.0013 7.5812 15.4208 11.3914 14.7882 5.41878 5.97261 32.5307
internal_count=3352 2956 309 2647 2364 2346 1074 293 1272 1109 283 356 753 396
is_linear=0
shrinkage=0.05


Tree=193
num_leaves=15
num_cat=0
split_feature=12 12 4 15 6 14 0 17 16 1 2 4 8 15
split_gain=0.576171 1.26275 1.02548 1.08596 1.22257 1.09925 0.972437 1.31005 0.656186 0.813612 0.630639 0.520872 0.426254 0.401906
threshold=170.50000000000003 166.50000000000003 177.50000000000003 117.50000000000001 174.50000000000003 169.50000000000003 8.5000000000000018 0.030898876404494385 160.50000000000003 5.5000000000000009 2.5000000000000004 92.500000000000014 101.50000000000001 22.500000000000004
decision_type=2 2 2 2 2 2 2 2 2 2 2 2 2 2
left_child=1 2 3 5 6 8 12 -8 9 -1 -11 -9 -5 -7
right_child=-2 -3 -4 4 -6 13 7 11 -10 10 -12 -13 -14 -15
leaf_value=-0.021886751913561542 -0.0094518796231327466 0.01730488457026547 0.014232580521849968 -0.0068624555188862655 0.0085960721348489807 -0.00044003845807626335 0.0033422389221424717 -0.0014059717992964797 0.0053640762731796375 -0.0096594677507592878 0.011351908230866972 -0.027503927670994438 0.0063479457884452126 0.014343588261218759
leaf_weight=3.3831534779892554 9.2165786419063789 5.922648647800087 5.0032591428607693 8.7310258860234153 5.4904928421601644 5.842595596797767 4.311406823340806 2.8133127021137616 4.8099215247784741 1.7977231891709378 2.6983133140602149 10.772637312853474 6.1033130961004636 12.489635775331406
leaf_count=1497 117 62 54 97 42 99 45 107 56 138 234 543 97 164
internal_value=-0.000140549 0.00142196 -0.000856913 -0.0028323 -0.00803389 0.00380225 -0.0115929 -0.0180664 -0.00616937 -0.0125592 0.00228813 -0.0239318 -0.00119718 0.0105473
internal_weight=89.386 80.1694 74.2468 69.2435 38.2222 31.0213 32.7317 17.8974 12.6891 7.87919 4.49604 13.586 14.8343 18.3322
internal_count=3352 3235 3173 3119 931 2188 889 695 1925 1869 372 650 194 263
is_linear=0
shrinkage=0.05


Tree=194
num_leaves=15
num_cat=0
split_feature=5 12 2 16 9 16 9 8 6 0 4 10 16 16
split_gain=0.557214 0.713663 1.02668 1.01712 1.05091 0.806363 1.04689 1.51067 0.949124 0.752706 0.535826 0.38512 0.382729 0.378904
threshold=22.500000000000004 21.500000000000004 1.5000000000000002 160.50000000000003 175.50000000000003 170.50000000000003 170.50000000000003 164.50000000000003 102.50000000000001 11.500000000000002 176.50000000000003 105.50000000000001 23.500000000000004 167.50000000000003
decision_type=2 2 2 2 2 2 2 2 2 2 2 2 2 2
left_child=12 -2 9 4 10 13 7 8 -7 -3 -4 -10 -1 -5
right_child=1 2 3 5 -6 6 -8 -9 11 -11 -12 -13 -14 -15
leaf_value=0.0048866246694522818 0.012003901955910766 -0.0020352037912656005 -0.02430803709276972 0.00039024165802212555 0.0065954659753941136 0.0061075368598104965 -0.015261223605024644 0.015941791838950579 -0.001799176008274894 0.017479482874904476 0.0031984681081465207 -0.016801697521265181 -0.015842182504227139 0.015060074335514696
leaf_weight=0.44304980535525773 7.7972520364273796 6.8992692289175448 6.8102610563219041 8.277418398531152 1.9947469187900422 8.6996431113220805 8.95673277415335 6.9394664128776631 8.5114522730000335 6.7898162725323346 0.83365938486531366 7.6174896334996438 3.4488693160819821 5.116403645661193
leaf_count=131 232 181 1298 154 18 90 91 73 81 171 11 120 641 60
internal_value=-0.000125581 0.00105746 -0.000705771 -0.00349128 -0.0151853 -0.000300393 -0.00383368 0.00102542 -0.00511703 0.00973094 -0.0212296 -0.0111839 -0.0120616 0.00856457
internal_weight=89.1355 85.2436 77.4464 63.7573 9.63867 54.1186 40.7248 31.7681 24.8286 13.6891 7.64392 16.1289 3.89192 13.3938
internal_count=3352 2580 2348 1996 1327 669 455 364 291 352 1309 201 772 214
is_linear=0
shrinkage=0.05


Tree=195
num_leaves=15
num_cat=0
split_feature=9 8 7 14 14 16 12 2 16 6 5 6 14 0
split_gain=0.556764 0.829668 1.09967 0.996244 1.04674 1.5305 1.29834 1.7746 1.43587 1.36481 1.09071 0.904307 0.812904 0.788922
threshold=21.500000000000004 24.500000000000004 104.50000000000001 22.500000000000004 176.50000000000003 178.50000000000003 178.50000000000003 3.5000000000000004 161.50000000000003 169.50000000000003 143.50000000000003 102.50000000000001 182.50000000000003 7.5000000000000009
decision_type=2 2 2 2 2 2 2 2 2 2 2 2 2 2
left_child=13 -2 12 -4 6 10 7 8 -5 11 -6 -9 -3 -1
right_child=1 2 3 4 5 -7 -8 9 -10 -11 -12 -13 -14 -15
leaf_value=0.0049048542364015556 0.012996130231621961 -0.018826048025103841 -0.014985375394514586 -0.002420698008622324 0.014692997106813314 -0.01592163329134685 -0.011022611162467272 0.0086051953306904485 0.027261245396771001 0.013628761772151951 -0.0041067164286625992 -0.017579068210779345 0.0056024338387089725 -0.020301105147776864
leaf_weight=2.650628645613323 7.712449991493485 7.3259927633334865 3.0568148748425292 4.2700917051697678 8.7363630346953922 8.9182086214423162 2.9185867123305789 1.1526709759345957 13.106729025719686 3.7908967956900597 13.911066329805179 6.840345076911035 2.1097024129703641 2.4272982552938629
leaf_count=162 488 637 73 544 85 74 32 97 169 21 140 466 22 342
internal_value=-0.000105736 0.00116292 -0.000762743 0.00181768 0.00365745 -0.00266465 0.00939877 0.0127569 0.0210562 -0.00210846 0.00449105 -0.0119447 -0.0133155 -0.0112381
internal_weight=88.9278 83.8499 76.1375 66.7018 63.645 31.5656 32.0793 29.1607 17.3768 11.7839 22.6474 7.99302 9.4357 5.07793
internal_count=3352 2848 2360 1701 1628 299 1329 1297 713 584 225 563 659 504
is_linear=0
shrinkage=0.05


Tree=196
num_leaves=15
num_cat=0
split_feature=13 10 10 9 8 7 4 4 5 10 3 9 4 15
split_gain=0.55959 0.759982 0.90881 1.7363 1.23937 1.3194 1.87909 1.19509 1.05017 1.16138 1.47271 0.953719 0.892251 0.874277
threshold=181.50000000000003 180.00000000000003 158.50000000000003 170.50000000000003 181.50000000000003 173.50000000000003 164.50000000000003 152.50000000000003 117.50000000000001 84.500000000000014 105.50000000000001 164.50000000000003 114.50000000000001 124.50000000000001
decision_type=2 2 2 2 2 2 2 2 2 2 2 2 2 2
left_child=1 2 4 11 5 6 7 8 9 10 -1 -4 -11 -10
right_child=-2 -3 3 -5 -6 -7 -8 -9 13 12 -12 -13 -14 -15
leaf_value=-0.0051915417291024998 0.009111935899717892 0.011906720812402632 -0.0091649916464955992 -0.025237798853327151 0.017210963914054616 -0.019977604429329679 0.01232356119627572 -0.021457305976151499 0.021276216805287386 -0.026513981892177768 0.020487786536743314 0.014616934890822964 -0.00018591154343958264 -0.0055497648101084434
leaf_weight=15.444030349142855 9.0206250920891744 4.4134331741370252 3.6005089787649904 6.347581425216049 3.9396906588226548 4.3859079984249538 16.469449846539646 4.5245382442080873 3.1358161514508529 3.4888086863793415 2.7415446928062002 3.6397575262526516 5.2973624519363511 2.1885099879582413
leaf_count=1195 97 50 146 77 26 51 160 171 265 691 87 62 144 130
internal_value=-0.000147754 -0.00167331 -0.00316287 -0.0128538 -0.0002214 -0.00269018 0.000324216 -0.00587465 -0.00110764 -0.00545843 0.00226309 0.00387763 -0.0164648 0.012902
internal_weight=88.6376 79.6169 75.2035 13.5878 61.6157 57.676 53.2901 36.8206 32.2961 26.9717 18.1856 7.24027 8.78617 5.32433
internal_count=3352 3255 3205 285 2920 2894 2843 2683 2512 2117 1282 208 835 395
is_linear=0
shrinkage=0.05


Tree=197
num_leaves=15
num_cat=0
split_feature=5 5 5 4 9 10 10 10 9 4 1 10 7 12
split_gain=0.529774 0.70407 0.795502 0.963548 0.820974 0.928999 1.15379 1.47526 1.18524 1.55931 1.09431 0.98844 0.880662 0.776111
threshold=22.500000000000004 24.500000000000004 32.000000000000007 76.500000000000014 80.500000000000014 102.50000000000001 117.50000000000001 124.50000000000001 158.50000000000003 167.50000000000003 1.5000000000000002 169.50000000000003 167.50000000000003 119.50000000000001
decision_type=2 2 2 2 2 2 2 2 2 2 2 2 2 2
left_child=-1 -2 -3 -4 -5 13 10 -8 -9 11 -7 12 -10 -6
right_child=1 2 3 4 5 6 7 8 9 -11 -12 -13 -14 -15
leaf_value=-0.011822086191235667 0.014681128127300361 -0.014882253198436885 0.017807163166475567 -0.011251295332296012 -0.0044320753896405626 0.0033375777672085636 0.020277163837790692 -0.015587614495266798 -0.001086941523337281 -0.0070240821068556338 -0.020969808134247328 -0.0039338877559460597 0.023718565511590732 0.02133044559770967
leaf_weight=3.8483577565057194 3.5175197152711908 3.5767684393213122 2.8353250748477867 9.8143255534232576 2.1205213293869738 5.752416069241006 5.0093876944738431 5.8640510087570865 4.2720953224634313 16.605623896117322 6.5156982976041036 5.4216806459007776 8.6962149078026396 4.4253148826828692
leaf_count=772 189 164 145 209 355 142 137 416 153 182 271 72 92 53
internal_value=-0.000158965 0.00100393 -0.000410528 0.00112195 -0.000593121 0.00171532 -0.000791272 0.00305955 -0.00103197 0.00305081 -0.011906 0.0117049 0.0175184 0.0146795
internal_weight=88.2753 84.4269 80.9094 77.3327 74.4973 64.683 58.1372 45.8691 40.8597 34.9956 12.2681 18.39 12.9683 6.54584
internal_count=3352 2580 2391 2227 2082 1873 1465 1052 915 499 413 317 245 408
is_linear=0
shrinkage=0.05


Tree=198
num_leaves=15
num_cat=0
split_feature=12 12 4 12 14 15 16 3 14 6 6 2 13 5
split_gain=0.53367 1.1345 0.952288 1.02114 1.10577 1.00823 1.19769 0.967255 0.788932 0.723087 1.04447 0.633059 0.625984 0.505719
threshold=170.50000000000003 166.50000000000003 177.50000000000003 107.50000000000001 169.50000000000003 172.50000000000003 170.50000000000003 171.50000000000003 92.500000000000014 125.50000000000001 178.50000000000003 2.5000000000000004 174.50000000000003 112.50000000000001
decision_type=2 2 2 2 2 2 2 2 2 2 2 2 2 2
left_child=1 2 3 4 8 6 7 9 11 12 -11 -1 -5 -6
right_child=-2 -3 -4 5 13 -7 -8 -9 -10 10 -12 -13 -14 -15
leaf_value=-0.0085794920214757129 -0.009124702460591794 0.01651413490935566 0.013783915283153862 -0.0066993047200494468 0.0004623308947355934 0.0050618769316978229 -0.018773627575935706 0.013837006328261771 -0.017388554078539151 -0.023319913814590806 0.0063997992004794155 0.010673110130181454 0.014320737341070582 0.016476223227421882
leaf_weight=2.7481568263319804 9.0848924953024817 5.8186126211658111 4.9448911678045979 2.9352448182908137 7.9549324363470104 9.1851542526856047 16.788636901183054 3.2778733228333286 3.3781001763854874 3.7408441771694925 1.8376697888597844 5.0051541005959734 1.9606893090531228 9.375217982567845
leaf_count=277 117 62 54 422 179 99 228 34 1068 261 12 443 21 75
internal_value=-0.000124425 0.00139301 -0.000789883 -0.00271624 0.00410819 -0.00751824 -0.0114815 5.26093e-05 -0.00653211 -0.00733819 -0.0151322 0.00316082 0.00470108 0.0108749
internal_weight=88.0361 78.9512 73.1326 68.1877 28.4616 39.7261 30.541 13.7523 11.1314 10.4744 5.57851 7.75331 4.89593 17.3302
internal_count=3352 3235 3173 3119 2042 1077 978 750 1788 716 273 720 443 254
is_linear=0
shrinkage=0.05


Tree=199
num_leaves=15
num_cat=0
split_feature=16 16 14 14 12 4 7 4 6 14 3 10 7 13
split_gain=0.524695 1.74999 0.957857 0.78152 0.798771 1.11944 2.85142 1.47906 1.17438 2.19022 1.2576 1.51731 0.941705 0.777435
threshold=198.50000000000003 197.50000000000003 189.50000000000003 187.50000000000003 178.50000000000003 161.50000000000003 173.50000000000003 152.50000000000003 112.50000000000001 177.50000000000003 128.50000000000003 79.500000000000014 24.500000000000004 164.50000000000003
decision_type=2 2 2 2 2 2 2 2 2 2 2 2 2 2
left_child=1 2 3 4 5 7 13 8 10 -10 11 12 -1 -7
right_child=-2 -3 -4 -5 -6 6 -8 -9 9 -11 -12 -13 -14 -15
leaf_value=-0.0077175161802422497 0.012741097713754992 -0.02482688461742846 0.012198833217158951 -0.0169524572852357 -0.014724722589485756 0.004481312235525732 -0.0096780468805631389 -0.021845590235128744 0.024199944260450024 -0.013479807546683579 0.0090124234934321219 -0.025670658887940935 0.013387372447469662 0.02562135597801056
leaf_weight=8.976910030760342 2.3798168506473294 2.1759274676442137 10.452767324633895 2.3526954837143412 3.108591600554063 9.7955058050574788 10.789476321428081 3.972110713744768 6.1263278858095855 2.0250991340726614 7.3366242962074457 4.9924378784198771 3.5024709586286908 9.8051832376513612
leaf_count=941 24 10 93 22 42 169 119 165 470 26 110 800 264 97
internal_value=-8.25263e-05 -0.00112468 0.000866665 -0.00144034 0.000167196 0.00182528 0.00827407 -0.00383508 0.000926996 0.013273 -0.00467555 -0.0111497 0.0003409 0.0181146
internal_weight=87.7919 85.4121 83.2362 72.7834 70.4307 67.3221 30.3902 36.932 32.9599 8.15143 24.8084 17.4718 12.4794 19.6007
internal_count=3352 3328 3318 3225 3203 3161 385 2776 2611 496 2115 2005 1205 266
is_linear=0
shrinkage=0.05


Tree=200
num_leaves=15
num_cat=0
split_feature=8 12 15 12 6 0 5 0 15 2 16 13 16 13
split_gain=0.583042 0.608733 1.18309 1.33321 1.41235 1.13666 0.994199 0.881041 0.551067 0.899332 0.532355 0.382044 0.364926 0.112019
threshold=20.500000000000004 170.50000000000003 167.50000000000003 143.50000000000003 171.50000000000003 6.5000000000000009 173.50000000000003 16.500000000000004 22.500000000000004 2.5000000000000004 170.50000000000003 165.50000000000003 163.50000000000003 109.50000000000001
decision_type=2 2 2 2 2 2 2 2 2 2 2 2 2 2
left_child=-1 2 3 4 5 -2 -5 8 9 -7 13 -4 -9 -10
right_child=1 -3 11 6 -6 7 -8 12 10 -11 -12 -13 -14 -15
leaf_value=-0.014189415642440998 -0.013522632329943799 -0.0087733337065026267 0.016688575337087876 -0.019437221120290692 -0.013358825092786171 -0.011934708969064022 0.0044698484742763658 -0.013884306900200939 0.0056567046214145086 0.010367177921218624 0.0048278438747209242 0.0015917080439084446 0.0045620459716845122 0.024032424669468852
leaf_weight=1.8839953863061953 1.8389059571491078 9.0322494825813902 10.489413878531197 8.8725867236207687 5.9918357359711072 3.4575516016338934 4.0313322283327571 1.7655216660496074 5.0676316599128794 4.7104658290627412 13.575404118397271 7.3271270401310167 1.3247265510726718 8.0783925709256419
leaf_count=168 979 115 120 247 46 104 44 811 159 117 137 96 37 172
internal_value=-0.000169619 0.000905435 0.00251572 -0.00114588 0.00307549 0.00676293 -0.0128059 0.009204 0.0115486 -2.03744e-05 0.0145307 0.0121893 -0.00804436 0.0204593
internal_weight=87.4471 85.5631 76.5309 58.7144 45.8104 39.8186 12.9039 37.9797 34.8894 8.16802 26.7214 17.8165 3.09025 13.146
internal_count=3352 3184 3069 2853 2562 2516 291 1537 689 221 468 216 848 331
is_linear=0
shrinkage=0.05


Tree=201
num_leaves=15
num_cat=0
split_feature=13 10 10 9 8 7 4 10 14 3 9 7 6 10
split_gain=0.542463 0.756545 0.861573 1.61567 1.18281 1.1904 1.64982 1.17682 1.37178 1.18127 0.895076 0.665307 0.642498 0.573408
threshold=181.50000000000003 180.00000000000003 158.50000000000003 170.50000000000003 181.50000000000003 173.50000000000003 164.50000000000003 102.50000000000001 193.50000000000003 110.50000000000001 164.50000000000003 165.50000000000003 118.50000000000001 67.500000000000014
decision_type=2 2 2 2 2 2 2 2 2 2 2 2 2 2
left_child=1 2 4 10 5 6 7 9 11 13 -4 -9 -11 -1
right_child=-2 -3 3 -5 -6 -7 -8 8 -10 12 -12 -13 -14 -15
leaf_value=0.0013412711202481923 0.0089247234006882819 0.011854423014501979 -0.0090237487714953726 -0.024706284046098922 0.016764446916286282 -0.019201668411012864 0.01145068191193855 -0.025556011570852341 0.010450425611373696 0.021431260281879153 0.014057103599521321 0.0021546967166531784 -0.0023932738564795952 -0.013680110489915329
leaf_weight=12.57148285399308 8.9226894942112249 4.3579265153966835 3.5492107105092128 6.2329785461770371 3.8694977760314933 4.3471606422681353 16.264160597929731 8.2563866723794472 1.0471268221735943 3.2882220593455704 3.5970481131807901 1.7140907639404748 2.9214546993607655 6.3934203309472641
leaf_count=1117 97 50 146 77 26 51 160 917 9 108 62 31 71 430
internal_value=-0.00022394 -0.0017376 -0.00323667 -0.012722 -0.000335671 -0.00276257 0.000152191 -0.00569877 -0.016302 0.000874037 0.00359812 -0.0216635 0.0141546 -0.00552037
internal_weight=87.3329 78.4102 74.0522 13.3792 60.673 56.8035 52.4563 36.1922 11.0176 25.1746 7.14626 9.97048 6.20968 18.9649
internal_count=3352 3255 3205 285 2920 2894 2843 2683 957 1726 208 948 179 1547
is_linear=0
shrinkage=0.05


Tree=202
num_leaves=15
num_cat=0
split_feature=3 9 9 9 10 9 10 10 3 6 0 12 5 0
split_gain=0.527952 0.652075 1.33032 1.01157 0.802985 1.36714 1.26457 1.28884 0.97756 0.907755 1.108 1.27048 0.807913 1.0524
threshold=175.50000000000003 178.50000000000003 174.50000000000003 171.50000000000003 112.50000000000001 94.500000000000014 97.500000000000014 84.500000000000014 85.500000000000014 171.50000000000003 14.500000000000002 169.50000000000003 25.500000000000004 7.5000000000000009
decision_type=2 2 2 2 2 2 2 2 2 2 2 2 2 2
left_child=1 2 3 4 5 6 7 8 12 10 11 -6 13 -1
right_child=-2 -3 -4 -5 9 -7 -8 -9 -10 -11 -12 -13 -14 -15
leaf_value=0.01328127778167488 0.011666186020526768 -0.011255804688036077 0.016003873744348984 -0.018889669119563579 0.019121235434653969 -0.019440669354026646 0.014573210807440826 -0.020033717421920963 0.011270600402863097 -0.010467619578248086 -0.0095345200478953607 -0.0044382501853692646 -0.01923638642216996 -0.0105237357758709
leaf_weight=4.5588252235902562 3.5571596156805745 8.9742105086334032 6.8367493725381783 2.9644676288589826 15.712899713224042 6.2769597649603375 6.7126437294064081 4.5324959197896524 8.9997590297716652 2.8275946259964249 2.8885488628293379 5.6753217335790387 2.3172192299389271 4.1507573458075058
leaf_count=330 47 79 59 62 293 648 89 105 188 34 577 60 119 662
internal_value=-0.000204133 -0.00134127 0.000486875 -0.00207594 -4.35563e-06 -0.00450849 0.000755454 -0.00484756 0.00190526 0.00596575 0.00934061 0.0132133 -0.00686997 0.0022359
internal_weight=86.9856 83.4285 74.4542 67.6175 64.653 37.5487 31.2717 24.5591 20.0266 27.1044 24.2768 21.3882 11.0268 8.70958
internal_count=3352 3305 3226 3167 3105 2141 1493 1404 1299 964 930 353 1111 992
is_linear=0
shrinkage=0.05


Tree=203
num_leaves=15
num_cat=0
split_feature=13 13 10 10 4 4 7 8 3 10 10 4 9 10
split_gain=0.519751 0.729659 0.779206 1.34745 1.48089 1.16053 1.08347 1.28451 1.18563 1.38223 1.16319 1.02643 0.967468 0.686965
threshold=181.50000000000003 176.50000000000003 180.00000000000003 159.50000000000003 114.50000000000001 161.50000000000003 117.50000000000001 177.50000000000003 110.50000000000001 102.50000000000001 111.50000000000001 166.50000000000003 157.50000000000003 84.500000000000014
decision_type=2 2 2 2 2 2 2 2 2 2 2 2 2 2
left_child=1 2 3 5 -5 6 8 -8 13 -10 -11 -7 -13 -1
right_child=-2 -3 -4 4 -6 11 7 -9 9 10 -12 12 -14 -15
leaf_value=9.2508746013509637e-05 0.0086700064579347032 -0.014007363092360553 0.014402205231514423 0.0052763902118920991 -0.023902423079065829 0.020152330463298371 -0.024402239177539767 0.0086359332259988968 0.023646697030071794 -0.018583180333908236 0.010817342890042251 0.010489708723056108 -0.0086396282259661138 -0.018169118428418476
leaf_weight=15.99505355424481 8.8877470646984857 5.6405873650219283 3.4447248931974164 4.4666398115805332 6.8942321166687179 7.4144925135769908 5.1203379625221705 1.2412349921651182 4.6102733709558361 1.9485801673436074 2.0285444359178655 7.9104830920696285 8.5763347683241573 2.5603157520090454
leaf_count=1219 97 66 43 57 193 106 526 15 131 55 122 76 86 560
internal_value=-0.000298476 -0.00178377 1.62887e-05 -0.0016317 -0.0143239 0.00182654 -0.00400805 -0.0169924 0.00120502 0.0128174 -0.00591465 0.00928379 0.0008439 -0.00574909
internal_weight=86.7396 77.8518 72.2112 68.7665 11.3609 57.4057 33.5043 6.36157 27.1428 8.5874 3.97712 23.9013 16.4868 18.5554
internal_count=3352 3255 3189 3146 250 2896 2628 541 2087 308 177 268 162 1779
is_linear=0
shrinkage=0.05


Tree=204
num_leaves=15
num_cat=0
split_feature=3 5 5 5 3 13 14 9 10 6 14 4 0 15
split_gain=0.523444 0.603471 1.37683 0.845292 1.40203 1.23177 1.2281 1.06149 1.04309 1.23425 1.24127 1.11804 1.04865 0.91288
threshold=175.50000000000003 179.50000000000003 175.50000000000003 145.50000000000003 128.50000000000003 164.50000000000003 197.50000000000003 117.50000000000001 67.500000000000014 108.50000000000001 177.50000000000003 61.500000000000007 7.5000000000000009 117.50000000000001
decision_type=2 2 2 2 2 2 2 2 2 2 2 2 2 2
left_child=1 2 3 4 6 13 8 -6 11 -10 -11 12 -1 -5
right_child=-2 -3 -4 5 7 -7 -8 -9 9 10 -12 -13 -14 -15
leaf_value=0.0071329189640109356 0.011543565060656952 -0.012954525473621636 0.018321748061850274 -0.0014162400366893348 -0.00049941588229723572 0.0038968282496677138 0.014848612785138146 0.022913376853947068 -0.026256209941384681 0.012334298537810052 -0.013583392681147784 0.017226351870687988 -0.015804848735638671 -0.023107830735876862
leaf_weight=5.3215093110920915 3.5283603547140947 5.0636599147692314 4.2274185409769407 8.5861418138374628 8.2024304250953701 11.160149637493303 2.6335939317941657 6.1243359647924072 5.932684644314576 4.4166859797842317 4.0744786057621241 2.8357301529031238 5.6261582972947508 8.6971066939295252
leaf_count=355 47 37 35 148 75 157 18 220 826 334 31 71 729 269
internal_value=-0.000300703 -0.00143274 5.34636e-05 -0.00209428 0.00215567 -0.00815642 -0.00391056 0.0128476 -0.00763406 -0.0151445 -0.000527307 0.00216461 -0.00591449 -0.0150674
internal_weight=86.4304 82.9021 77.8384 73.611 45.1676 28.4434 30.8408 14.3268 28.2072 14.4238 8.49116 13.7834 10.9477 17.2832
internal_count=3352 3305 3268 3233 2659 574 2364 295 2346 1191 365 1155 1084 417
is_linear=0
shrinkage=0.05


Tree=205
num_leaves=15
num_cat=0
split_feature=14 14 10 6 13 14 8 2 16 11 5 8 16 15
split_gain=0.520718 1.19458 0.972085 0.998012 0.870452 1.20703 1.76458 1.76148 1.61433 1.30902 1.25132 1.12578 0.854419 0.771109
threshold=199.50000000000003 197.50000000000003 180.00000000000003 178.50000000000003 181.50000000000003 176.50000000000003 99.500000000000014 3.5000000000000004 161.50000000000003 169.50000000000003 87.500000000000014 20.500000000000004 23.500000000000004 168.50000000000003
decision_type=2 2 2 2 2 2 2 2 2 2 2 2 2 2
left_child=1 2 3 4 5 7 -7 8 12 10 11 -9 -1 -10
right_child=-2 -3 -4 -5 -6 6 -8 9 13 -11 -12 -13 -14 -15
leaf_value=0.0084187212555156387 -0.012269589538228867 0.020704338622492754 0.014108328279953434 0.011592074829123715 0.0090255922354089604 0.0021556829293908918 -0.024032990024133033 -0.014067947280973365 0.022554821496499396 0.01147946912985872 -0.023112400087999828 0.012636065835937266 -0.015608240108888069 0.0017874488306243268
leaf_weight=1.8888686602585973 3.2209282778203479 2.0082935914397231 4.8458295692689708 6.2280272059142581 6.1496697044931343 8.9718158456380497 12.477343272650613 1.8669004727271445 8.0300351657788287 1.804650240112095 10.571732835800502 4.3841125262115384 5.3985141038428992 8.2275984635343757
leaf_count=164 22 16 58 40 72 128 154 166 131 14 745 408 1126 108
internal_value=-0.000247789 0.00089126 -0.000778167 -0.00253965 -0.00449192 -0.00636095 -0.014742 -0.000987538 0.00746984 -0.0109962 -0.015485 0.00195316 -0.00848896 0.0149374
internal_weight=86.0743 82.8534 80.8451 75.9993 69.7712 63.6216 21.4492 42.1724 23.545 18.6274 16.8227 6.25101 7.28738 16.2576
internal_count=3352 3330 3314 3256 3216 3144 282 2862 1529 1333 1319 574 1290 239
is_linear=0
shrinkage=0.05


Tree=206
num_leaves=15
num_cat=0
split_feature=14 14 3 10 8 6 6 11 11 15 4 9 2 2
split_gain=0.506283 1.15583 1.00525 1.35464 1.08178 1.05208 1.46298 1.67503 1.10072 0.887684 0.99166 0.862425 0.915516 1.19792
threshold=199.50000000000003 197.50000000000003 121.50000000000001 174.50000000000003 90.500000000000014 102.50000000000001 155.50000000000003 157.50000000000003 133.50000000000003 163.50000000000003 166.50000000000003 21.500000000000004 2.5000000000000004 1.5000000000000002
decision_type=2 2 2 2 2 2 2 2 2 2 2 2 2 2
left_child=1 2 4 5 11 -4 7 8 -7 10 -8 -1 13 -13
right_child=-2 -3 3 -5 -6 6 9 -9 -10 -11 -12 12 -14 -15
leaf_value=-0.010608227581215946 -0.012015960119947149 0.020473055319028773 0.015225119143295156 0.01901925363299008 -0.017971589858651431 -0.0093356388053280805 0.0092473002706040149 -0.023201968797928487 0.015141958855677724 0.01319828929936891 -0.0098557665815876966 0.01212909566448849 0.016769433058475322 -0.01778568163662873
leaf_weight=4.9412676136707914 3.2297808527946463 1.986468918621539 4.158146266185212 5.8413200530922031 9.5373831462493381 4.8114160024561006 6.437862945662352 9.3713746319408511 3.8448068300203886 9.5795998061075789 12.244118183269164 1.4861789627466335 5.7027308800606988 2.5097844108822756
leaf_count=504 22 16 62 74 980 297 141 162 111 100 116 113 398 256
internal_value=-0.000167987 0.00095658 -0.000694768 0.0029819 -0.00829875 -0.000422695 -0.00317555 -0.0126419 0.00309982 0.00385553 -0.00271027 0.000973747 0.00847583 -0.0061022
internal_weight=85.6822 82.4525 80.466 56.2886 24.1773 50.4473 46.2892 18.0276 8.65622 28.2616 18.682 14.64 9.69869 3.99596
internal_count=3352 3330 3314 1063 2251 989 927 570 408 357 257 1271 767 369
is_linear=0
shrinkage=0.05


Tree=207
num_leaves=15
num_cat=0
split_feature=5 5 5 4 9 8 8 3 3 7 17 4 5 8
split_gain=0.508013 0.663246 0.702749 0.87573 0.764835 0.871131 1.76992 0.951514 1.28493 1.43131 1.47281 1.00182 1.37675 1.17691
threshold=22.500000000000004 24.500000000000004 32.000000000000007 76.500000000000014 76.500000000000014 90.500000000000014 99.500000000000014 171.50000000000003 168.50000000000003 171.50000000000003 0.092696629213483164 150.50000000000003 108.50000000000001 105.50000000000001
decision_type=2 2 2 2 2 2 2 2 2 2 2 2 2 2
left_child=-1 -2 -3 -4 -5 -6 -7 8 9 10 -8 12 -12 -14
right_child=1 2 3 4 5 6 7 -9 -10 -11 11 -13 13 -15
leaf_value=-0.011593379341187388 0.01434251649612079 -0.014046091699925007 0.017118692480162467 -0.012123512655722962 -0.013060054563706666 0.021144484666563854 0.010125771852252094 0.0096944512083553709 -0.020718525543557523 0.011990451620617848 -0.013489948374976119 -0.023681643961040399 -0.0090182547768310958 0.019670362219623393
leaf_weight=3.7326751892105667 3.4814127997669848 3.4561286576499688 2.7262647364987052 7.1275211018510154 4.1967571243585544 6.5868935512844464 6.0843806099728708 12.284661503974347 4.2579330580774686 11.447390975197775 7.4850113643478853 5.9641823277343056 2.0876304732955759 4.4351845681521809
leaf_count=772 189 164 145 179 65 120 113 134 57 141 462 213 41 557
internal_value=-0.000104481 0.0010598 -0.000358959 0.00111606 -0.000563062 0.00148498 0.00340995 -0.000358912 -0.00403659 7.18283e-05 -0.00625181 -0.0122696 -0.00245934 0.0105595
internal_weight=85.354 81.6214 78.1399 74.6838 71.9575 64.83 60.6333 54.0464 41.7617 37.5038 26.0564 19.972 14.0078 6.52282
internal_count=3352 2580 2391 2227 2082 1903 1838 1718 1584 1527 1386 1273 1060 598
is_linear=0
shrinkage=0.05


Tree=208
num_leaves=15
num_cat=0
split_feature=2 0 12 3 5 6 10 7 3 0 5 11 15 11
split_gain=0.492065 0.818805 0.811836 0.827357 1.19137 0.954737 1.54226 1.03183 1.30378 0.815318 0.659572 0.612758 0.590341 0.578232
threshold=1.5000000000000002 11.500000000000002 21.500000000000004 121.50000000000001 120.50000000000001 155.50000000000003 176.50000000000003 171.50000000000003 168.50000000000003 7.5000000000000009 25.500000000000004 108.50000000000001 21.500000000000004 22.500000000000004
decision_type=2 2 2 2 2 2 2 2 2 2 2 2 2 2
left_child=1 -1 12 9 -5 6 -6 8 -7 10 -4 13 -2 -12
right_child=2 -3 3 4 5 7 -8 -9 -10 -11 11 -13 -14 -15
leaf_value=-0.003729965761802428 -0.0014139397167287631 0.01546334997846264 0.010570834505623286 0.011815221823236161 -0.022531389337736414 -0.0057824804853168592 0.0091274577040970327 -0.0093103241803630526 0.018108117415660211 -0.020430270465319599 0.0027934587701135445 0.0071869959291670713 0.019084270227262674 -0.019404026428455196
leaf_weight=7.5808134366670838 5.5212890872498965 6.7769366996071767 2.8572627284156651 10.337146405508973 7.6465293187065964 6.8429182650579632 2.3285355346743017 8.9846233067801204 8.0525090572191385 7.4078499871829981 2.7139398258295824 1.7541889631102092 2.3438706496672239 3.9360084332001861
leaf_count=273 353 264 185 183 344 150 20 91 68 728 129 84 49 431
internal_value=-0.000138185 0.0069835 -0.00194955 -0.00402156 1.69205e-05 -0.00464236 -0.0145611 0.00130448 0.00843786 -0.0115653 -0.00124502 -0.00770685 0.00973761 -0.013034
internal_weight=85.0844 14.3578 70.7267 62.8615 44.1923 33.8551 9.97506 23.8801 14.8954 18.6692 11.2614 8.40414 7.86516 6.64995
internal_count=3352 537 2815 2413 856 673 364 309 218 1557 829 644 402 560
is_linear=0
shrinkage=0.05


Tree=209
num_leaves=15
num_cat=0
split_feature=5 5 5 4 16 14 16 16 9 5 6 11 10 14
split_gain=0.488407 0.637666 0.664467 0.86249 0.730896 0.880088 1.11746 1.52462 1.91138 1.85892 1.14686 0.818112 0.83309 0.780228
threshold=22.500000000000004 24.500000000000004 32.000000000000007 76.500000000000014 197.50000000000003 189.50000000000003 187.50000000000003 171.50000000000003 173.50000000000003 172.50000000000003 105.50000000000001 162.50000000000003 98.500000000000014 172.50000000000003
decision_type=2 2 2 2 2 2 2 2 2 2 2 2 2 2
left_child=-1 -2 -3 -4 5 6 7 8 9 11 -9 12 -5 -12
right_child=1 2 3 4 -6 -7 -8 10 -10 -11 13 -13 -14 -15
leaf_value=-0.011387708571264941 0.014058604039952389 -0.013699866495614822 0.016965702528041405 0.0026093623156946476 -0.014978554862712046 0.012109234788596407 0.012815739170991314 0.0045095904943820795 0.018974423641092406 0.012370239823812445 -0.0048871201311860395 0.0037276985360835341 -0.024048104889285972 -0.025962214468163766
leaf_weight=3.6971050593128885 3.4891675230464889 3.4101396235928396 2.7221769243769804 2.6171488364780151 2.9338069651275864 9.4246841706335527 6.4786558654159299 5.7655670694075551 7.7051692097447804 6.0618116491823448 11.100541369174609 3.5102290301583698 8.0183668195095361 7.8793414244428268
leaf_count=772 189 164 145 425 19 88 57 61 83 62 176 57 956 98
internal_value=-0.000100516 0.00104524 -0.000355008 0.00108416 -0.000589943 0.00100201 -0.00157418 -0.00430243 0.00353793 -0.00494417 -0.0122544 -0.0136567 -0.0187516 -0.0172253
internal_weight=84.8139 81.1168 77.6276 74.2175 71.4953 68.5615 59.1368 52.6582 27.9127 20.2076 24.7454 14.1457 10.6355 18.9799
internal_count=3352 2580 2391 2227 2082 2063 1975 1918 1583 1500 335 1438 1381 274
is_linear=0
shrinkage=0.05


Tree=210
num_leaves=15
num_cat=0
split_feature=5 14 14 8 7 14 14 6 4 2 2 2 17 9
split_gain=0.555417 0.566959 1.03569 0.78685 1.17233 0.744894 1.0847 1.24306 1.4869 1.05633 0.674144 0.931277 0.655034 0.403977
threshold=21.500000000000004 199.50000000000003 191.50000000000003 24.500000000000004 102.50000000000001 176.50000000000003 22.500000000000004 112.50000000000001 170.50000000000003 3.5000000000000004 2.5000000000000004 1.5000000000000002 0.27808988764044951 21.500000000000004
decision_type=2 2 2 2 2 2 2 2 2 2 2 2 2 2
left_child=-1 2 3 10 -5 6 -6 12 -9 -7 11 -2 -8 -12
right_child=1 -3 -4 4 5 9 7 8 -10 -11 13 -13 -14 -15
leaf_value=-0.013895036115408297 0.010785584480337061 -0.011633424879526816 0.016156999444786709 -0.017055909680795303 -0.012582010552290059 -0.012816702019660032 0.005061260028617163 0.019633987327129808 -0.002809532668209362 0.0062390587582909418 0.000274583600586819 -0.015352671681529474 -0.016996505045683032 0.022102535393118933
leaf_weight=1.7587276369449671 1.8746161418966933 3.2144228629767886 6.4121220875531426 6.3025165593280681 3.0830891114601391 13.751229461049663 2.892721233249179 16.588223316502994 9.5096847426611912 8.0150401499122363 2.9919993168732617 2.0272924760356545 2.5813717216951773 3.5129957011085935
leaf_count=504 90 22 59 493 84 162 75 742 107 66 112 187 494 155
internal_value=-8.81681e-05 0.000980207 0.00214781 -3.58818e-05 -0.00235391 0.000543116 0.00485401 0.00804407 0.0123191 -0.00594507 0.0101651 -0.00379031 -0.00848854 0.0165453
internal_weight=84.5161 82.7573 79.5429 73.1308 62.7239 56.4214 34.6551 31.572 26.0979 21.7663 10.4069 3.90191 5.47409 6.505
internal_count=3352 2848 2826 2767 2223 1730 1502 1418 849 228 544 277 569 267
is_linear=0
shrinkage=0.05


Tree=211
num_leaves=15
num_cat=0
split_feature=13 13 10 10 4 4 7 8 3 10 10 4 9 10
split_gain=0.478335 0.687111 0.657446 1.25954 1.36172 1.06185 1.02216 1.14988 1.09273 1.23578 1.07498 0.897267 0.863626 0.641389
threshold=181.50000000000003 176.50000000000003 180.00000000000003 159.50000000000003 114.50000000000001 161.50000000000003 117.50000000000001 177.50000000000003 110.50000000000001 102.50000000000001 111.50000000000001 166.50000000000003 157.50000000000003 84.500000000000014
decision_type=2 2 2 2 2 2 2 2 2 2 2 2 2 2
left_child=1 2 3 5 -5 6 8 -8 13 -10 -11 -7 -13 -1
right_child=-2 -3 -4 4 -6 11 7 -9 9 10 -12 12 -14 -15
leaf_value=0.00028429070048213527 0.008507607414920574 -0.013565738996525868 0.013487013662351818 0.0051465477149615435 -0.023077650814087729 0.019343679445993796 -0.023534859143920471 0.0080244774937998729 0.022843254613376978 -0.017769301001156507 0.010568536083418111 0.010185834460524658 -0.008024402887490378 -0.017458945665925599
leaf_weight=15.58593676629244 8.6722226925194246 5.4549058878328642 3.2890314697287968 4.3434686627588217 6.6465128880226985 7.2951789916842271 4.8972082736872826 1.2285851780325172 4.483761423151007 1.8748068658023842 1.9862030190706716 7.7283228724263635 8.3855310819344577 2.4551757630688362
leaf_count=1219 97 66 43 57 193 106 526 15 131 55 122 76 86 560
internal_value=-0.000148602 -0.00160675 0.000162719 -0.00138446 -0.0138016 0.00198832 -0.00370397 -0.0164436 0.0014021 0.0126127 -0.00545384 0.00915454 0.00105323 -0.00539501
internal_weight=84.3269 75.6546 70.1997 66.9107 10.99 55.9207 32.5117 6.12579 26.3859 8.34477 3.86101 23.409 16.1139 18.0411
internal_count=3352 3255 3189 3146 250 2896 2628 541 2087 308 177 268 162 1779
is_linear=0
shrinkage=0.05


Tree=212
num_leaves=15
num_cat=0
split_feature=4 4 0 0 9 16 14 12 4 11 7 2 15 11
split_gain=0.482381 0.622962 3.30944 1.6371 1.90548 1.15956 1.50928 1.06091 1.16636 0.912417 0.866905 0.482263 0.581785 0.294926
threshold=177.50000000000003 166.50000000000003 13.500000000000002 14.500000000000002 162.50000000000003 189.50000000000003 197.50000000000003 22.500000000000004 133.50000000000003 22.500000000000004 188.50000000000003 2.5000000000000004 22.500000000000004 108.50000000000001
decision_type=2 2 2 2 2 2 2 2 2 2 2 2 2 2
left_child=1 3 -3 4 5 6 7 11 9 -9 -5 12 -1 -13
right_child=-2 2 -4 10 -6 -7 -8 8 -10 -11 -12 13 -14 -15
leaf_value=-0.01108605700080036 0.009683365358323032 -0.021529310223477212 0.012035686841179314 -0.021609163737919337 0.018754476876385706 -0.014873183677306463 0.023240562329665131 0.0031853985934621101 0.0056829042101778525 -0.02032342751391928 0.007412661454863214 0.020998721986412817 0.0094154183040523094 -0.00059728177334163082
leaf_weight=2.2907365916762523 6.0153009039349845 12.091826826799663 8.6142578340368328 5.3189696734189047 11.892542840912936 6.6445381669327608 2.5419511236250392 4.0787628154939766 8.4463531955843774 9.5463550177664711 0.69983857870101918 2.494997367815813 1.6960049099870955 1.6621558644110335
leaf_count=153 66 123 114 1167 124 62 22 242 135 802 5 207 43 87
internal_value=-0.000156787 -0.00145297 -0.00794047 0.0013399 0.00469366 -0.00118427 0.00319428 -0.00155249 -0.00702947 -0.01432 -0.0164023 0.0103186 -0.00197845 0.0167526
internal_weight=84.0346 78.0193 20.7061 57.3132 51.2944 39.4019 32.7573 30.2154 22.0715 13.6251 6.01881 8.14389 3.98674 4.15715
internal_count=3352 3286 237 3049 1877 1753 1691 1669 1179 1044 1172 490 196 294
is_linear=0
shrinkage=0.05


Tree=213
num_leaves=14
num_cat=0
split_feature=16 16 14 3 12 17 0 16 5 6 1 2 4
split_gain=0.476548 1.48886 0.828219 1.21698 1.118 0.793921 1.63937 0.662501 0.59337 1.11947 0.472028 0.63121 0.413725
threshold=198.50000000000003 197.50000000000003 166.50000000000003 169.50000000000003 157.50000000000003 0.058988764044943826 13.500000000000002 164.50000000000003 109.50000000000001 105.50000000000001 5.5000000000000009 2.5000000000000004 27.500000000000004
decision_type=2 2 2 2 2 2 2 2 2 2 2 2 2
left_child=1 2 5 4 8 -1 7 10 9 12 -7 -12 -4
right_child=-2 -3 3 -5 -6 6 -8 -9 -10 -11 11 -13 -14
leaf_value=0.0066225189451578521 0.012218969790746489 -0.023066944707502705 -0.0019486822283906781 -0.0071964991513982779 -0.0034215515455643069 -0.017082782974302151 -0.025517288329733753 0.005540157313393944 0.018495403299909462 -0.012132651673062289 -0.010139994799657657 0.011938225875511908 0.018002235118368719
leaf_weight=6.9930727372411665 2.2566798683255902 2.1001179218292227 2.5281609470257553 11.914278391748665 10.89174088265281 2.6370211199246176 4.9804588593397048 13.111467319657093 16.579946881945943 3.4582975838566199 1.1631601437402426 2.0124079765519127 3.0689074892434292
leaf_count=87 24 10 150 122 147 990 1150 132 212 45 87 144 52
internal_value=-9.31279e-05 -0.00112136 0.000792621 0.00469671 0.00897541 -0.00512987 -0.00911879 -0.000372006 0.0139413 0.00198976 -0.0101031 0.0025957 0.0123231
internal_weight=83.6957 81.439 79.3389 48.4413 36.5271 30.8976 23.9045 18.9241 25.6353 9.05537 5.81259 3.17557 5.59707
internal_count=3352 3328 3318 728 606 2590 2503 1353 459 247 1221 231 202
is_linear=0
shrinkage=0.05


Tree=214
num_leaves=15
num_cat=0
split_feature=3 9 9 9 10 9 10 10 6 0 12 3 5 5
split_gain=0.481367 0.612786 1.13936 0.904881 0.768892 1.19291 0.991325 1.12749 0.830855 0.986114 1.13122 0.819292 0.757643 1.00268
threshold=175.50000000000003 178.50000000000003 174.50000000000003 171.50000000000003 112.50000000000001 94.500000000000014 97.500000000000014 84.500000000000014 171.50000000000003 14.500000000000002 169.50000000000003 85.500000000000014 25.500000000000004 21.500000000000004
decision_type=2 2 2 2 2 2 2 2 2 2 2 2 2 2
left_child=1 2 3 4 5 6 7 11 9 10 -6 12 13 -1
right_child=-2 -3 -4 -5 8 -7 -8 -9 -10 -11 -12 -13 -14 -15
leaf_value=-0.013613862376662565 0.011243249113531591 -0.010994645318367732 0.015050268821657959 -0.017925224482570931 0.018614138536128682 -0.018508179895457749 0.012965742758197769 -0.018764153894509247 -0.0098779227216974734 -0.0088470945940602105 -0.0040840050781475769 0.010663046174063863 -0.018290516160974997 0.010719627391225969
leaf_weight=1.7146531574835622 3.4235980827361336 8.6614777329377812 6.5497625549323848 2.8281739482190451 15.11878066646751 5.9703541130002113 6.5085667445528079 4.316905566098284 2.7154806500766417 2.7364037951920173 5.4121897025033823 8.6134755586972442 2.180552666890434 6.7596463979862165
leaf_count=501 47 79 59 62 293 648 89 105 34 577 60 188 119 491
internal_value=-0.000167809 -0.00128765 0.000531786 -0.00190605 0.00010644 -0.00438768 0.000651541 -0.00442019 0.00604569 0.00932261 0.0130027 0.00199733 -0.00617632 0.00257131
internal_weight=83.51 80.0864 71.4249 64.8752 62.047 36.0642 30.0938 23.5852 25.9829 23.2674 20.531 19.2683 10.6549 8.4743
internal_count=3352 3305 3226 3167 3105 2141 1493 1404 964 930 353 1299 1111 992
is_linear=0
shrinkage=0.05


Tree=215
num_leaves=15
num_cat=0
split_feature=3 5 5 5 3 13 14 7 8 6 14 8 4 0
split_gain=0.472024 0.577243 1.21109 0.783066 1.22122 1.10427 1.05646 0.979006 0.945061 1.21534 1.76489 0.928999 0.876834 0.965446
threshold=175.50000000000003 179.50000000000003 176.50000000000003 145.50000000000003 128.50000000000003 164.50000000000003 197.50000000000003 167.50000000000003 90.500000000000014 112.50000000000001 177.50000000000003 105.50000000000001 61.500000000000007 7.5000000000000009
decision_type=2 2 2 2 2 2 2 2 2 2 2 2 2 2
left_child=1 2 3 4 6 7 8 -5 12 -10 -11 -6 13 -1
right_child=-2 -3 -4 5 11 -7 -8 -9 9 10 -12 -13 -14 -15
leaf_value=0.0069248920012643586 0.011042649912874883 -0.012700081108827137 0.018352963439649633 -0.024484415887210877 -0.004868685088780151 0.0037094988591520012 0.01400379400281055 -0.0022465341693892645 -0.025452833673887561 0.016372036899160228 -0.015882633716483928 0.01823674702351262 0.014200708803449686 -0.01519546354892647
leaf_weight=5.2430642117979058 3.4028587611392132 4.9469387633725992 3.2140065701678386 6.4415789862832815 3.6411941405385724 11.212480293703264 2.5256974548101416 10.715945750300305 5.6589187582867435 3.6669311380246654 3.3137059211730957 10.101587738812666 3.7550669366901266 5.4651455615239684
leaf_count=356 47 37 26 283 29 161 18 139 781 267 26 266 163 753
internal_value=-0.000278374 -0.00138243 0.000112003 -0.00184772 0.00234665 -0.00765078 -0.00346021 -0.0142366 -0.00701528 -0.0148217 0.000822308 0.0124492 0.00186184 -0.00560794
internal_weight=83.3051 79.9023 74.9553 71.7413 43.3713 28.37 29.6285 17.1575 27.1028 12.6396 6.98064 13.7428 14.4633 10.7082
internal_count=3352 3305 3268 3242 2659 583 2364 422 2346 1074 293 295 1272 1109
is_linear=0
shrinkage=0.05


Tree=216
num_leaves=15
num_cat=0
split_feature=16 16 14 14 14 9 16 14 3 0 3 5 10 9
split_gain=0.470593 1.42764 0.798607 0.682703 0.700983 1.21578 1.24697 1.14069 0.768742 1.50786 0.732418 0.678855 0.628072 0.527759
threshold=198.50000000000003 197.50000000000003 189.50000000000003 187.50000000000003 166.50000000000003 94.500000000000014 170.50000000000003 176.50000000000003 167.50000000000003 13.500000000000002 107.50000000000001 162.50000000000003 152.50000000000003 23.500000000000004
decision_type=2 2 2 2 2 2 2 2 2 2 2 2 2 2
left_child=1 2 3 4 8 10 11 -8 9 12 13 -7 -1 -6
right_child=-2 -3 -4 -5 5 6 7 -9 -10 -11 -12 -13 -14 -15
leaf_value=-0.0060656226824226025 0.012014424950933709 -0.022783762794717218 0.011167626567038022 -0.016141926498081809 0.0092903739171679607 -0.0041775946333732382 0.0035581793098004252 -0.021179697313869501 0.0064801156783029883 -0.024912396698769608 0.022202884487876533 0.014261815574140198 0.0093044307056455635 -0.0094825015160245468
leaf_weight=13.313117196827088 2.2193719297647467 2.0843769237399092 9.8495897315442544 2.2274033986032 2.3531640538130869 5.3626186549081485 5.9202736043371242 6.0657932888716459 6.9634299606550476 4.8403595606796435 6.2863572875503451 7.3633251080755144 5.4479208702687165 2.6336210675071925
leaf_count=1297 24 10 93 22 115 124 96 69 87 1150 51 78 56 80
internal_value=-0.000261074 -0.0012798 0.000618409 -0.0015468 3.55731e-05 0.00449032 -0.00210289 -0.0115102 -0.0051031 -0.00905604 0.0151487 0.00750497 -0.000583666 -0.000407757
internal_weight=82.9307 80.7114 78.627 68.7774 66.55 35.9852 24.712 11.9861 30.5648 23.6014 11.2731 12.7259 18.761 4.98679
internal_count=3352 3328 3318 3225 3203 613 367 165 2590 2503 246 202 1353 195
is_linear=0
shrinkage=0.05


Tree=217
num_leaves=15
num_cat=0
split_feature=16 16 13 14 14 14 9 14 3 0 3 7 16 16
split_gain=0.459774 1.384 0.769032 0.652316 0.813105 0.73393 1.11591 1.10103 0.732754 0.777017 0.873155 0.639769 0.545455 1.32846
threshold=198.50000000000003 197.50000000000003 181.50000000000003 197.50000000000003 181.50000000000003 166.50000000000003 94.500000000000014 175.50000000000003 171.50000000000003 13.500000000000002 167.50000000000003 164.50000000000003 184.50000000000003 172.50000000000003
decision_type=2 2 2 2 2 2 2 2 2 2 2 2 2 2
left_child=1 2 3 4 5 8 -7 11 9 12 -11 -8 13 -1
right_child=-2 -3 -4 -5 -6 6 7 -9 -10 10 -12 -13 -14 -15
leaf_value=-0.0079816240678241956 0.011848132734606318 -0.022497278953418021 0.011743920116038614 0.012808032311669696 -0.012942643670815934 0.016191383907268556 -0.0034717596404322208 -0.01192850892258385 0.0091799974534946087 -0.024523659968966639 0.0053008902713795394 0.016015426148131017 -0.011760064381030931 0.014461929715407572
leaf_weight=9.5507590280322017 2.2084493227303019 2.0694216564297667 8.0607751426286978 2.4573843032121649 10.453419894212855 8.8866476870025526 5.0472292357299029 8.7335696651134622 3.3905659227166316 4.752721248602028 1.2505457107909022 4.2958926214487292 4.2335760951973489 7.2713503700215361
leaf_count=1265 24 10 95 19 124 189 110 121 39 1150 21 70 45 70
internal_value=-0.000296573 -0.00130368 0.000571304 -0.0014039 -0.00276206 -2.00787e-05 0.00547562 -0.0021591 -0.00497249 -0.007901 -0.0187253 0.00794779 -0.00181376 0.00281039
internal_weight=82.6623 80.4539 78.3844 70.3237 67.8663 57.4129 26.9633 18.0767 30.4495 27.059 6.00327 9.34312 21.0557 16.8221
internal_count=3352 3328 3318 3223 3204 3080 490 301 2590 2551 1171 180 1380 1335
is_linear=0
shrinkage=0.05


Tree=218
num_leaves=15
num_cat=0
split_feature=8 8 2 9 8 8 3 3 3 0 7 12 6 8
split_gain=0.515189 0.549492 1.03612 0.875944 0.898187 1.5287 0.848577 1.19159 1.21905 1.06053 1.38437 1.50239 0.801994 0.662491
threshold=20.500000000000004 24.500000000000004 2.5000000000000004 76.500000000000014 90.500000000000014 99.500000000000014 171.50000000000003 168.50000000000003 167.50000000000003 13.500000000000002 171.50000000000003 153.50000000000003 21.500000000000004 105.50000000000001
decision_type=2 2 2 2 2 2 2 2 2 2 2 2 2 2
left_child=-1 2 -2 -3 -5 -6 7 8 9 10 11 13 -4 -7
right_child=1 3 12 4 5 6 -8 -9 -10 -11 -12 -13 -14 -15
leaf_value=-0.013506510426976582 -0.0060379697141119152 -0.013377340149260279 -0.0041726026586755421 -0.013526528028129002 0.019867434105644538 -0.0084644703827305486 0.0092992260733059211 -0.019971941233874191 0.017448049370221264 -0.017404777589497659 0.014520527069670608 -0.016324580638754235 0.024227744840012708 0.011420860328002996
leaf_weight=1.8030908518994682 4.2242704627569747 7.0614726919447994 1.635238172690151 4.1329672445426686 6.3967697291227514 1.8642928388435454 11.914555277442558 4.12910673522856 3.3769195266067973 5.2406132546020663 7.7239223225042215 9.8753319520037603 4.3610666093591135 8.6648103741172218
leaf_count=168 377 312 215 81 155 171 134 57 34 766 82 116 225 459
internal_value=-0.000276375 0.000791222 0.00942247 -0.00100405 0.00125389 0.00325929 -0.000298023 -0.00380414 0.000187111 -0.00360577 0.00120398 -0.00570264 0.0181071 0.00630824
internal_weight=82.4044 80.6013 10.2206 70.3808 63.3193 59.1863 52.7896 40.875 36.7459 33.369 28.1284 20.4044 5.9963 10.5291
internal_count=3352 3184 817 2367 2055 1974 1819 1685 1628 1594 828 746 440 630
is_linear=0
shrinkage=0.05


Tree=219
num_leaves=15
num_cat=0
split_feature=8 14 13 13 0 10 14 14 8 3 8 2 4 6
split_gain=0.499807 0.529464 0.846142 0.959643 1.40025 1.27121 0.869196 1.53653 1.51408 0.752994 0.714016 0.619305 1.00373 0.642048
threshold=20.500000000000004 199.50000000000003 181.50000000000003 102.50000000000001 12.500000000000002 176.50000000000003 176.50000000000003 169.50000000000003 99.500000000000014 167.50000000000003 169.50000000000003 2.5000000000000004 166.50000000000003 115.50000000000001
decision_type=2 2 2 2 2 2 2 2 2 2 2 2 2 2
left_child=-1 2 3 4 11 6 7 10 -8 -6 -5 13 -13 -2
right_child=1 -3 -4 5 9 -7 8 -9 -10 -11 -12 12 -14 -15
leaf_value=-0.013349112967802385 -0.010613013261500793 -0.011489676866854958 0.014233648881684664 -0.019347223899032533 -0.014733118541138649 0.01412441403155805 0.0026351135925378466 0.010602195624491025 -0.022435564576392831 0.0068857374409617136 0.0038129283538612239 0.021647439508508351 -0.0055355609624015319 0.0092193491018948241
leaf_weight=1.7923591620929062 2.8891973287682111 3.1177306734025469 6.9092180365696541 4.9486871035042013 5.7960769439814595 3.117168430122546 7.8776287564542171 10.919022437010424 11.888138427399097 2.7328209764091298 2.8918991120299324 11.724105374916688 2.0762030556797972 3.4635808922466822
leaf_count=168 242 22 85 1150 482 38 114 203 155 28 41 541 22 61
internal_value=-0.000309862 0.000745967 0.00190846 -0.000166906 0.00627487 -0.00480082 -0.00777874 0.000268875 -0.0139289 -0.00782131 -0.0126465 0.0126093 0.0171733 -0.000502031
internal_weight=82.1438 80.3515 77.2337 70.3245 28.682 41.6425 38.5254 18.7596 19.7658 8.5289 7.84059 20.1531 13.8003 6.35278
internal_count=3352 3184 3162 3077 1376 1701 1663 1394 269 510 1191 866 563 303
is_linear=0
shrinkage=0.05


Tree=220
num_leaves=15
num_cat=0
split_feature=2 0 12 16 9 16 9 8 15 7 7 2 16 16
split_gain=0.459276 0.77472 0.712735 0.776319 0.819869 0.628162 0.670421 1.49043 0.531276 0.515106 0.481388 0.415652 0.446458 0.414208
threshold=1.5000000000000002 11.500000000000002 21.500000000000004 160.50000000000003 175.50000000000003 170.50000000000003 170.50000000000003 165.50000000000003 21.500000000000004 116.50000000000001 102.50000000000001 4.5000000000000009 166.50000000000003 22.500000000000004
decision_type=2 2 2 2 2 2 2 2 2 2 2 2 2 2
left_child=1 -1 8 4 13 11 7 9 -2 10 -7 12 -5 -4
right_child=2 -3 3 5 -6 6 -8 -9 -10 -11 -12 -13 -14 -15
leaf_value=-0.0038540568027087422 -0.0016172917490419629 0.014966637017767551 0.0032661367167299048 -0.0010518394880785471 0.0058115481058842542 -0.0065646096734154101 -0.013558253956762429 0.015487335048921767 0.017777743707688035 -0.013775281990104605 0.0069342149599491004 -0.0032229739532476371 0.017973288040123932 -0.021546433550212751
leaf_weight=7.3240865690022456 5.3754712237277991 6.5393224464642117 0.56784427078673427 3.8854298717924376 1.8215907532721747 8.9275668745394885 8.2288551423698646 6.152002550661563 2.3156973490840755 7.3215945601114063 7.5643452377989879 4.3776029181899503 4.0469200716470368 7.4375429671490565
leaf_count=273 353 264 32 101 18 115 91 64 49 153 68 69 62 1640
internal_value=-0.000337485 0.00663757 -0.0021162 -0.0040992 -0.0141738 -0.00103867 -0.00418305 -3.78604e-05 0.00892561 -0.00604017 -0.000200316 0.00710765 0.0118507 -0.0192074
internal_weight=81.8859 13.8634 68.0225 60.3313 9.82698 50.5043 38.1944 29.9655 7.69117 23.8135 16.4919 12.31 7.93235 8.00539
internal_count=3352 537 2815 2413 1690 723 491 400 402 336 183 232 163 1672
is_linear=0
shrinkage=0.05


Tree=221
num_leaves=15
num_cat=0
split_feature=16 16 14 14 16 16 6 9 5 10 14 12 15 12
split_gain=0.433675 1.33089 0.754391 0.644065 0.687838 1.30576 1.51028 1.27377 1.92658 1.26051 0.978169 0.901464 0.702937 0.363341
threshold=198.50000000000003 197.50000000000003 189.50000000000003 187.50000000000003 187.50000000000003 170.50000000000003 102.50000000000001 173.50000000000003 172.50000000000003 22.500000000000004 172.50000000000003 21.500000000000004 21.500000000000004 22.500000000000004
decision_type=2 2 2 2 2 2 2 2 2 2 2 2 2 2
left_child=1 2 3 4 5 7 -7 8 9 12 -8 -11 -1 -14
right_child=-2 -3 -4 -5 -6 6 10 -9 -10 11 -12 -13 13 -15
leaf_value=-0.0087687982101321213 0.011539726622927227 -0.02206377128514999 0.010891877974239387 -0.015748218786506559 0.011375658351653523 0.0065555197835068515 -0.0035361921399977244 0.017813140812861544 0.016921763221242375 0.0038620610635449154 -0.02557303717213821 -0.020053880191201079 0.018854516656997135 -0.0025242781499155852
leaf_weight=1.0366092379263196 2.1816853489726773 2.0507132783532134 9.7107068737968785 2.1775141246616831 6.3424879743251941 7.7621108151506659 11.581040334596766 7.2042101770639411 5.2219021075870833 3.3108081228565416 7.5629922174848607 11.522629923580096 2.7778858410893008 1.2524374880013054
leaf_count=236 24 10 93 22 66 111 186 82 58 204 99 1666 190 305
internal_value=-0.000272909 -0.00126056 0.000594574 -0.00152842 2.6021e-05 -0.00198017 -0.0092849 0.00452905 -0.00160485 -0.008888 -0.0157351 -0.015088 0.00774134 0.0144918
internal_weight=81.6957 79.514 77.4633 67.7526 65.5751 59.2326 26.9061 32.3265 25.1223 19.9004 19.144 14.8334 5.06693 4.03032
internal_count=3352 3328 3318 3225 3203 3137 396 2741 2659 2601 285 1870 731 495
is_linear=0
shrinkage=0.05


Tree=222
num_leaves=15
num_cat=0
split_feature=14 13 6 10 4 9 10 9 3 8 4 7 10 7
split_gain=0.433159 0.941319 0.743254 0.655818 0.765631 1.95213 1.40519 1.15689 1.12428 1.09966 0.678745 0.636544 0.550807 1.06348
threshold=199.50000000000003 181.50000000000003 178.50000000000003 180.00000000000003 152.50000000000003 162.50000000000003 102.50000000000001 163.50000000000003 105.50000000000001 148.50000000000003 138.50000000000003 110.50000000000001 67.500000000000014 24.500000000000004
decision_type=2 2 2 2 2 2 2 2 2 2 2 2 2 2
left_child=1 2 3 4 5 6 8 9 12 -6 -8 -10 13 -1
right_child=-2 -3 -4 -5 7 -7 10 -9 11 -11 -12 -13 -14 -15
leaf_value=-0.0069565871796412222 -0.011278562921739753 0.013917458429275886 0.010899247214296805 0.010059550778081346 -0.010028842858763196 0.020074510217669594 -0.025877442750272081 -0.018661995020296848 0.020513594468481926 0.011066021238439729 0.00058779483122188222 -0.0034044801770221969 -0.014759921764916036 0.01634790685850181
leaf_weight=9.4533998620754627 3.1130844652652732 6.8237868943251661 6.0583798242732874 3.8867431194521478 7.783561158867089 4.8844909729377823 3.9871293510223031 12.794659548322668 4.1019105572777326 6.9574606934329495 3.0191070261207642 2.2177791423164308 3.896411684138001 2.4275952184980261
leaf_count=942 22 85 43 47 132 99 698 203 174 178 144 94 325 166
internal_value=-0.000262759 0.000826007 -0.00125224 -0.00307178 -0.00459509 0.00057159 -0.00516493 -0.0100802 0.00190829 0.00020856 -0.0189777 0.0143237 -0.00531496 0.00123685
internal_weight=81.4055 78.2924 71.4686 65.4102 61.5235 33.9878 29.1033 27.5357 22.0971 14.741 7.00624 6.31969 15.7774 11.881
internal_count=3352 3330 3245 3202 3155 2642 2543 513 1701 310 842 268 1433 1108
is_linear=0
shrinkage=0.05


Tree=223
num_leaves=15
num_cat=0
split_feature=4 3 4 7 9 16 10 13 0 4 15 12 0 13
split_gain=0.422636 0.564179 1.48138 1.56023 1.27485 1.20573 1.69173 1.17376 1.08827 0.927891 0.584693 0.428149 0.428385 0.425902
threshold=177.50000000000003 171.50000000000003 170.50000000000003 171.50000000000003 145.50000000000003 189.50000000000003 112.50000000000001 120.50000000000001 6.5000000000000009 163.50000000000003 116.50000000000001 145.50000000000003 8.5000000000000018 179.50000000000003
decision_type=2 2 2 2 2 2 2 2 2 2 2 2 2 2
left_child=1 2 3 4 5 6 7 8 -1 13 -6 12 -10 -9
right_child=-2 -3 -4 -5 10 -7 -8 9 11 -11 -12 -13 -14 -15
leaf_value=-0.012338305278543861 0.0090602712317473869 0.0074614127460653759 -0.019483809553070899 0.015658020674874255 -0.00048879643578107399 -0.013100973405040635 0.022610743186243391 -0.020590685411182579 0.017574461720270298 0.0079562747810598151 -0.020316163781999963 -0.0034950554312171769 -0.0031426612739942116 0.0013620166637232781
leaf_weight=1.6259034224203848 5.8483021932188413 10.004096455406396 6.7186901682289308 7.9025935780373393 5.5932127398264111 6.097463477170094 5.5677935111598336 6.5310017158190004 10.281748414505271 1.8585631689056743 7.814755895306007 1.8619334428803984 1.3640109422558442 2.0038482586387545
leaf_count=885 66 109 74 117 147 58 406 394 129 25 318 39 552 33
internal_value=-0.000215069 -0.0014559 -0.00325758 -6.73007e-06 -0.00364129 0.00149478 0.00577523 -0.000998786 0.00709428 -0.0112596 -0.0144244 0.0121347 0.0149328 -0.0168374
internal_weight=81.0739 75.2256 65.2215 58.5028 50.6002 37.1923 31.0948 25.527 15.1336 10.3934 13.408 13.5077 11.6458 8.53485
internal_count=3352 3286 3177 3103 2986 2521 2463 2057 1605 452 465 720 681 427
is_linear=0
shrinkage=0.05


Tree=224
num_leaves=15
num_cat=0
split_feature=16 16 14 14 16 16 6 9 5 10 14 12 15 12
split_gain=0.4316 1.26051 0.690835 0.628139 0.664861 1.25093 1.38499 1.18394 1.7985 1.19045 0.910872 0.833669 0.671937 0.342113
threshold=198.50000000000003 197.50000000000003 189.50000000000003 187.50000000000003 187.50000000000003 170.50000000000003 102.50000000000001 173.50000000000003 172.50000000000003 22.500000000000004 172.50000000000003 21.500000000000004 21.500000000000004 22.500000000000004
decision_type=2 2 2 2 2 2 2 2 2 2 2 2 2 2
left_child=1 2 3 4 5 7 -7 8 9 12 -8 -11 -1 -14
right_child=-2 -3 -4 -5 -6 6 10 -9 -10 11 -12 -13 13 -15
leaf_value=-0.0086199765242537547 0.011549301574954733 -0.021518802289208019 0.010482009540500483 -0.015523892549255004 0.011272639568239247 0.0061721801397558278 -0.0034413648496328 0.017318948775162397 0.01641988588371681 0.0036637287527813457 -0.024838026385357596 -0.019467011664050515 0.018335550404710462 -0.0024485672531407709
leaf_weight=1.0158504628634606 2.1697189528495064 2.0203113481402388 9.5797476191073638 2.1496430896222583 6.2703113432507953 7.6902535725384977 11.470303654554302 7.1389752724207929 5.195879978768061 3.2841576182690906 7.4371805097907773 11.326842525741084 2.8074126456922386 1.2415396773722021
leaf_count=236 24 10 93 22 66 111 186 82 58 204 99 1666 190 305
internal_value=-0.000238605 -0.00123495 0.000585623 -0.00145822 8.52446e-05 -0.00190367 -0.00909144 0.00449004 -0.0014748 -0.00856994 -0.0152921 -0.0146593 0.00755245 0.014131
internal_weight=80.7981 78.6284 76.6081 67.0284 64.8787 58.6084 26.5977 32.0107 24.8717 19.6758 18.9075 14.611 5.0648 4.04895
internal_count=3352 3328 3318 3225 3203 3137 396 2741 2659 2601 285 1870 731 495
is_linear=0
shrinkage=0.05


Tree=225
num_leaves=15
num_cat=0
split_feature=5 5 5 4 9 8 8 3 3 3 4 8 2 4
split_gain=0.421831 0.582413 0.589784 0.740725 0.684257 0.761657 1.48899 0.778685 1.06426 1.13259 0.9867 1.32028 1.2522 0.932086
threshold=22.500000000000004 24.500000000000004 32.000000000000007 76.500000000000014 76.500000000000014 90.500000000000014 99.500000000000014 171.50000000000003 168.50000000000003 167.50000000000003 152.50000000000003 102.50000000000001 3.5000000000000004 97.500000000000014
decision_type=2 2 2 2 2 2 2 2 2 2 2 2 2 2
left_child=-1 -2 -3 -4 -5 -6 -7 8 9 10 11 -8 -12 -13
right_child=1 2 3 4 5 6 7 -9 -10 -11 12 13 -14 -15
leaf_value=-0.010813775613461566 0.013346062077680951 -0.013155430669979751 0.015743324933053578 -0.011813288948383628 -0.012395120354936987 0.019692791520014668 -0.016178645989644875 0.0088535597703880056 -0.019160837520525473 0.016737479156565115 -0.019169778526129246 -0.0038074283198270159 0.0056403994882213192 0.016950074603974175
leaf_weight=3.5116245984827392 3.4182799051632164 3.2740286999323862 2.583374229623586 6.6806434810277997 3.9960033905226728 6.2208074689551713 1.6773949279304421 11.652723812032489 4.016918458393774 3.3182387743145219 9.7320674897055124 6.2507884208171154 4.9564220797183216 9.2295400118164235
leaf_count=772 189 164 145 179 65 120 83 134 57 34 202 132 139 937
internal_value=-0.000230533 0.00088197 -0.00050927 0.000913835 -0.000695188 0.0013236 0.00320573 -0.000394701 -0.00383586 8.21139e-05 -0.00368907 0.00407641 -0.0114916 0.00968516
internal_weight=80.5189 77.0072 73.589 70.3149 67.7315 61.0509 57.0549 50.8341 39.1814 35.1645 31.8462 17.1577 14.6885 15.4803
internal_count=3352 2580 2391 2227 2082 1903 1838 1718 1584 1527 1493 1152 341 1069
is_linear=0
shrinkage=0.05


Tree=226
num_leaves=15
num_cat=0
split_feature=8 14 13 13 0 10 6 14 14 9 8 13 16 2
split_gain=0.486077 0.48427 0.717013 0.827543 1.36096 1.14349 0.805228 0.800054 1.42988 1.4168 0.64752 0.646458 0.874444 0.404963
threshold=20.500000000000004 199.50000000000003 181.50000000000003 102.50000000000001 14.500000000000002 176.50000000000003 171.50000000000003 176.50000000000003 169.50000000000003 87.500000000000014 169.50000000000003 22.500000000000004 172.50000000000003 3.5000000000000004
decision_type=2 2 2 2 2 2 2 2 2 2 2 2 2 2
left_child=-1 2 3 4 11 7 -6 8 10 -9 -5 12 -2 -10
right_child=1 -3 -4 5 6 -7 -8 9 13 -11 -12 -13 -14 -15
leaf_value=-0.013125822810006023 -0.011818094447590168 -0.010923456461864198 0.01336756335107982 -0.018616220331035358 -0.019602865979103962 0.013574757901663473 0.0072925900461700173 0.0044095726040018889 0.015938114104041525 -0.020468071251158966 0.0036230183493555211 0.015503625054225959 0.0097561666293555227 -0.00066632060925890437
leaf_weight=1.7657983197423153 3.8166075814806444 3.0751751363277426 6.7209373400546601 4.7464242984569891 2.8632641845470057 3.063189764507114 1.1225902708247302 6.1545796918799196 5.7327769644325581 13.063771083485333 2.8355694391939323 15.2839470457111 5.0582332815974951 4.9953815080807544
leaf_count=168 281 22 85 1150 420 38 12 100 107 169 41 612 51 96
internal_value=-0.00024807 0.000809826 0.00193712 -1.1186e-05 0.00600145 -0.00438108 -0.012185 -0.00727034 0.00048678 -0.0132356 -0.0121645 0.0105769 -0.000437173 0.0104526
internal_weight=80.2982 78.5324 75.4573 68.7363 28.1446 40.5917 3.98585 37.5285 18.3102 19.2184 7.58199 24.1588 8.87484 10.7282
internal_count=3352 3184 3162 3077 1376 1701 432 1663 1394 269 1191 944 332 203
is_linear=0
shrinkage=0.05


Tree=227
num_leaves=15
num_cat=0
split_feature=16 16 14 3 5 13 6 4 3 0 3 10 0 0
split_gain=0.409844 1.20628 0.687435 1.04712 0.957958 2.51113 1.41457 0.782326 0.64531 0.635401 0.751689 0.53144 0.412485 0.754758
threshold=198.50000000000003 197.50000000000003 166.50000000000003 169.50000000000003 108.50000000000001 171.50000000000003 102.50000000000001 27.500000000000004 171.50000000000003 13.500000000000002 167.50000000000003 152.50000000000003 8.5000000000000018 6.5000000000000009
decision_type=2 2 2 2 2 2 2 2 2 2 2 2 2 2
left_child=1 2 8 4 6 -6 7 -4 9 11 -11 12 13 -1
right_child=-2 -3 3 -5 5 -7 -8 -9 -10 10 -12 -13 -14 -15
leaf_value=-0.013066561574354802 0.011241844356031839 -0.021111843587429971 -0.0048724692670149995 -0.0069903616405892297 0.023807032463137517 -0.0062330383515191365 -0.014071930837983741 0.019369556032891071 0.0084784964758627748 -0.023200058061253411 0.004855272759337336 0.0071605388102232957 -0.013644449150571695 0.0076409404352564426
leaf_weight=1.7554079043184261 2.1375505402684203 2.0004042014479628 2.8606319846294337 11.39452902972698 14.021379728947069 8.2730926501099002 6.56068461376708 3.2864297105552396 3.2978676238562903 4.4270053860964245 1.2124117870116604 5.9627632193732998 5.207090827432693 7.6467386633739807
leaf_count=1019 24 10 163 122 199 104 88 52 39 1150 21 64 197 100
internal_value=-0.000271869 -0.00124671 0.000549172 0.00418372 0.00824038 0.0135599 -0.00228586 0.0109629 -0.00494355 -0.00771999 -0.0177213 -0.00204942 -0.00667579 0.000580679
internal_weight=80.044 77.9064 75.906 46.3967 35.0022 22.2945 12.7077 6.14706 29.5093 26.2114 5.63942 20.572 14.6092 9.40215
internal_count=3352 3328 3318 728 606 303 303 215 2590 2551 1171 1380 1316 1119
is_linear=0
shrinkage=0.05


Tree=228
num_leaves=15
num_cat=0
split_feature=2 0 3 0 5 6 7 10 3 9 4 7 10 7
split_gain=0.404965 0.717927 0.685204 1.10429 1.10199 1.02631 1.23419 0.896812 0.868903 0.832506 0.664444 0.579038 0.433017 0.420652
threshold=1.5000000000000002 11.500000000000002 121.50000000000001 8.5000000000000018 145.50000000000003 155.50000000000003 173.50000000000003 84.500000000000014 168.50000000000003 165.50000000000003 98.500000000000014 118.50000000000001 171.50000000000003 21.500000000000004
decision_type=2 2 2 2 2 2 2 2 2 2 2 2 2 2
left_child=1 -1 3 7 9 12 8 13 -7 11 -5 -4 -6 -2
right_child=2 -3 4 10 5 6 -8 -9 -10 -11 -12 -13 -14 -15
leaf_value=-0.0038614131312347667 -0.003927621794701343 0.014360134515364923 0.0072929168052524923 -0.025930634509325114 -0.02058812485936537 -0.0027989744614527034 -0.010276652284102654 -0.01370203120028432 0.017042713431615949 0.021487878312154245 0.0045632679059539908 -0.0099732096205148793 0.0015208763894604552 0.010956059016443391
leaf_weight=7.1479324643441924 4.2190560064627816 6.3743637488951208 7.3831050851149467 4.2085537000239119 4.6531945011956877 7.4290989982837372 8.5979866134002787 3.3662520460784426 8.1036272641504166 4.5333171422826117 0.5828376405261223 3.0040471794491168 2.0343960408354178 8.1851264958095253
leaf_count=273 151 264 95 637 230 149 90 520 74 58 242 190 31 348
internal_value=-0.000320471 0.00628589 -0.00201418 -0.00859462 0.00149948 -0.00388773 0.00167489 -0.000307485 0.00918206 0.0108097 -0.0217852 0.000681277 -0.0160891 0.00621966
internal_weight=79.8229 13.5223 66.3006 20.5618 45.7388 30.8183 24.1307 15.7704 15.5327 14.9205 4.79139 10.3872 6.68759 12.4042
internal_count=3352 537 2815 1898 917 574 313 1019 223 343 879 285 261 499
is_linear=0
shrinkage=0.05


Tree=229
num_leaves=15
num_cat=0
split_feature=16 16 14 14 16 16 6 9 5 6 14 0 8 0
split_gain=0.402557 1.15982 0.661249 0.58144 0.613017 1.19708 1.29769 1.108 1.67238 1.09793 0.731237 0.702482 0.650612 0.600791
threshold=198.50000000000003 197.50000000000003 189.50000000000003 187.50000000000003 187.50000000000003 171.50000000000003 102.50000000000001 173.50000000000003 172.50000000000003 122.50000000000001 172.50000000000003 6.5000000000000009 166.50000000000003 14.500000000000002
decision_type=2 2 2 2 2 2 2 2 2 2 2 2 2 2
left_child=1 2 3 4 5 7 -7 8 9 11 -8 -1 13 -13
right_child=-2 -3 -4 -5 -6 6 10 -9 -10 -11 -12 12 -14 -15
leaf_value=-0.012670075627538822 0.011079908693835573 -0.02081342758393399 0.010181145006543393 -0.015129257927951362 0.010747209168684367 0.0058424184283606892 -0.0039080902844285167 0.016634742856212519 0.01579425173001504 -0.019512427166492787 -0.023887656385306818 0.014884331137462332 -0.008730120854910834 -0.0070780226563315939
leaf_weight=1.6848984450625817 2.1223949342966071 1.9821953698992718 9.4626826718449575 2.097329717129468 6.1812419330235562 7.5400962475687292 11.185585765051657 7.214542349567636 5.1329503803281105 6.6588536780909626 7.1834247107617548 8.7750216122076345 1.5150598247128062 0.81349114955810442
leaf_count=998 24 10 93 22 66 108 185 84 58 461 96 394 28 725
internal_value=-0.000347145 -0.00131348 0.000460648 -0.00155235 -4.08276e-05 -0.00196127 -0.00909194 0.00429528 -0.00152607 -0.0083929 -0.0151606 0.0012541 0.0066449 0.0112338
internal_weight=79.5498 77.4274 75.4452 65.9825 63.8852 57.7039 25.9091 31.7948 24.5803 19.4473 18.369 12.7885 11.1036 9.58851
internal_count=3352 3328 3318 3225 3203 3137 389 2748 2664 2606 281 2145 1147 1119
is_linear=0
shrinkage=0.05


Tree=230
num_leaves=15
num_cat=0
split_feature=16 16 14 3 5 13 6 4 3 0 3 10 0 0
split_gain=0.395647 1.12188 0.658976 0.976984 0.899679 2.33824 1.31883 0.74529 0.602955 0.582314 0.710548 0.50784 0.356398 0.695809
threshold=198.50000000000003 197.50000000000003 166.50000000000003 169.50000000000003 108.50000000000001 171.50000000000003 102.50000000000001 27.500000000000004 171.50000000000003 13.500000000000002 167.50000000000003 152.50000000000003 8.5000000000000018 6.5000000000000009
decision_type=2 2 2 2 2 2 2 2 2 2 2 2 2 2
left_child=1 2 8 4 6 -6 7 -4 9 11 -11 12 13 -1
right_child=-2 -3 3 -5 5 -7 -8 -9 -10 10 -12 -13 -14 -15
leaf_value=-0.012846725829784272 0.010929972943608174 -0.020565478829383258 -0.0048560190525014603 -0.0068473368060929483 0.022980345650132343 -0.0060765216577888864 -0.013727486960032596 0.018764064318430078 0.0080603993194829672 -0.02271087134617121 0.004689534090842884 0.006883341409286513 -0.013187779955175652 0.0070640393128729734
leaf_weight=1.715953385137263 2.1127678249031296 1.9664689451456059 2.848179701541083 11.298536083661018 13.921776064467851 8.2064215508289617 6.4783371068770066 3.2557009413576452 3.2605995628982773 4.3121958710980826 1.2046641898341475 5.9110864114481947 5.142765446973498 7.6617611321853474
leaf_count=1019 24 10 163 122 199 104 88 52 39 1150 21 64 197 100
internal_value=-0.000410634 -0.00136714 0.000385339 0.00396419 0.00790248 0.0130705 -0.00231877 0.0105188 -0.00500739 -0.00768639 -0.0173427 -0.00218196 -0.00669017 0.000220144
internal_weight=79.2972 77.1844 75.218 46.009 34.7104 22.1282 12.5822 6.10388 29.209 25.9484 5.51686 20.4316 14.5205 9.37771
internal_count=3352 3328 3318 728 606 303 303 215 2590 2551 1171 1380 1316 1119
is_linear=0
shrinkage=0.05


Tree=231
num_leaves=15
num_cat=0
split_feature=8 8 2 7 6 6 9 8 10 2 9 5 4 8
split_gain=0.468485 0.45789 0.913569 0.912535 0.703927 0.647154 0.912089 1.00852 0.677194 0.876269 0.903213 1.22493 1.0885 0.66138
threshold=20.500000000000004 24.500000000000004 2.5000000000000004 104.50000000000001 21.500000000000004 102.50000000000001 80.500000000000014 112.50000000000001 180.00000000000003 3.5000000000000004 178.50000000000003 162.50000000000003 150.50000000000003 169.50000000000003
decision_type=2 2 2 2 2 2 2 2 2 2 2 2 2 2
left_child=-1 2 -2 -3 -4 -5 -7 -8 9 10 11 12 -9 -11
right_child=1 3 4 5 -6 6 7 8 -10 13 -12 -13 -14 -15
leaf_value=-0.013094282371508507 -0.0058999722492692856 -0.012975053446266795 -0.0040819252117354071 0.01415386248764656 0.022585054682181697 -0.014699532466291021 0.013090103849519044 0.008410574962307623 0.010533145360476406 -0.020384896606918872 -0.01136250585394994 0.01531074938149579 -0.016133340744907243 0.00015803521545848189
leaf_weight=1.7544562862167357 4.143751284980679 8.226377417566253 1.5636745480296665 3.6943080878554602 4.2302379026659764 4.5819280036375849 10.085366391002024 4.1694311003520905 4.3406573086976996 6.0838233281392586 5.1713775675743809 10.377539044246076 4.7195779600151582 5.9421701835817657
leaf_count=168 377 666 215 254 225 59 222 343 57 379 52 123 134 78
internal_value=-0.000455517 0.000609044 0.00855054 -0.00107169 0.0168311 0.00146542 -0.000480016 0.00200076 -0.00186983 -0.00443839 0.00136491 0.00641841 -0.00573756 -0.0131689
internal_weight=79.0847 77.3302 9.93766 67.3926 5.79391 59.1662 55.4719 50.8899 40.8046 36.4639 24.4379 19.2665 8.88901 12.026
internal_count=3352 3184 817 2367 440 1701 1447 1388 1166 1109 652 600 477 457
is_linear=0
shrinkage=0.05


Tree=232
num_leaves=15
num_cat=0
split_feature=8 12 15 12 7 12 0 2 15 2 1 4 10 4
split_gain=0.455233 0.442889 1.13109 0.719154 1.57199 1.11301 0.993583 0.536066 0.972011 1.04471 0.601009 0.456257 0.294185 1.51206
threshold=20.500000000000004 174.50000000000003 173.50000000000003 143.50000000000003 173.50000000000003 166.50000000000003 6.5000000000000009 2.5000000000000004 22.500000000000004 1.5000000000000002 2.5000000000000004 169.50000000000003 69.500000000000014 164.50000000000003
decision_type=2 2 2 2 2 2 2 2 2 2 2 2 2 2
left_child=-1 2 3 4 6 11 -2 8 -8 -10 -11 -5 -9 -14
right_child=1 -3 -4 5 -6 -7 7 12 9 10 -12 -13 13 -15
leaf_value=-0.012943996147762475 -0.012351433481220525 -0.0090379627451694627 0.014219847765739396 -0.019604277644770459 -0.012444674075690908 0.0072639895698132636 -0.013191246094664389 0.021896314907627605 0.017672192412097519 0.0055421521561443568 -0.015158598672850141 -0.00031161677385777351 -0.0053444009221196593 0.019947845695319794
leaf_weight=1.7443921133672109 1.6279706316854561 5.6078877417603499 9.950709742959587 8.0073105716728623 8.843873799138235 4.7519453503191462 3.0777989632770177 4.785339348716664 5.6360637126199418 3.2780747250653803 1.9167935269797451 4.2233121320023193 9.6639710023591743 5.6972384277614756
leaf_count=168 979 80 121 263 107 65 175 314 173 83 155 57 543 69
internal_value=-0.000477772 0.000575813 0.00187195 -0.00104447 0.00237381 -0.00850833 0.00712456 0.00951767 0.00118653 0.0081481 -0.00578434 -0.014966 0.0138898 0.00663108
internal_weight=78.8127 77.0683 71.4604 61.5097 44.5271 16.9826 35.6833 34.0553 13.9087 10.8309 5.19487 12.2306 20.1465 15.3612
internal_count=3352 3184 3104 2983 2598 385 2491 1512 586 411 238 320 926 612
is_linear=0
shrinkage=0.05


Tree=233
num_leaves=15
num_cat=0
split_feature=8 8 4 5 9 6 7 3 10 8 2 2 2 17
split_gain=0.407442 0.67088 0.812786 0.762977 1.56001 1.05203 0.93373 1.00138 1.16916 0.952942 0.915817 0.5113 0.527463 0.704174
threshold=185.50000000000003 174.50000000000003 176.50000000000003 145.50000000000003 162.50000000000003 155.50000000000003 118.50000000000001 110.50000000000001 102.50000000000001 105.50000000000001 3.5000000000000004 1.5000000000000002 2.5000000000000004 0.452247191011236
decision_type=2 2 2 2 2 2 2 2 2 2 2 2 2 2
left_child=1 2 3 4 6 -5 7 11 -9 -10 -7 -1 -13 -14
right_child=-2 -3 -4 5 -6 10 -8 8 9 -11 -12 12 13 -15
leaf_value=0.0074203987898218554 0.010201341578419386 -0.010593252923397526 0.013418548561453478 -0.020820231963656538 0.02053129302478722 0.0089926952615137206 -0.015577212684490714 0.023507464824389934 -0.014726440720590345 0.0094942471275562563 -0.010236390514689074 -0.017348019838385478 -0.012654795611037967 0.0060220280175243028
leaf_weight=2.8030573116848307 3.134716233238577 11.356805134448221 5.6906501212506546 5.0998155452398377 4.5562393424333996 8.3160743320477177 4.7420833638316244 3.9880506354093068 2.7014729840884684 3.7758802683529211 6.5740486177091944 3.8975616803945732 2.8828363008215083 9.0934626464659214
leaf_count=274 35 127 67 255 84 144 384 124 45 159 103 357 268 926
internal_value=-0.000496841 -0.00154734 0.000705203 -0.0014931 0.0026312 -0.00836375 -0.00210627 0.00204595 0.0117159 -0.00262211 6.38969e-05 -0.00470237 -0.00810773 -0.000876779
internal_weight=78.6128 75.478 64.1212 58.4306 38.4406 19.9899 33.8844 29.1423 10.4654 6.47735 14.8901 18.6769 15.8739 11.9763
internal_count=3352 3317 3190 3123 2621 502 2537 2153 328 204 247 1825 1551 1194
is_linear=0
shrinkage=0.05


Tree=234
num_leaves=15
num_cat=0
split_feature=10 9 10 10 13 10 8 3 4 4 4 4 5 5
split_gain=0.395832 0.866867 1.05608 0.821117 0.761481 0.809474 1.30531 0.65593 0.647801 1.06332 0.790785 0.98105 0.647518 0.889462
threshold=108.50000000000001 94.500000000000014 97.500000000000014 84.500000000000014 173.50000000000003 159.50000000000003 174.50000000000003 85.500000000000014 166.50000000000003 161.50000000000003 152.50000000000003 138.50000000000003 25.500000000000004 21.500000000000004
decision_type=2 2 2 2 2 2 2 2 2 2 2 2 2 2
left_child=1 2 3 7 5 8 -7 12 9 10 11 -2 13 -1
right_child=4 -3 -4 -5 -6 6 -8 -9 -10 -11 -12 -13 -14 -15
leaf_value=-0.01315704627377577 -0.01051773229307295 -0.017368041815171764 0.013220488914984174 -0.017520197576014272 0.010983991031846108 0.0041730859793865554 -0.021818390223288964 0.0088312088793147617 -0.004277429221626365 0.0204251543409231 -0.015038103125337208 0.01711814975646811 -0.017625329038284024 0.0099244642137583574
leaf_weight=1.6309328261850256 1.2114098842139376 4.5327781313608275 5.8880221383005837 4.0500787856872185 12.30447363713756 6.7371059953875356 5.0661499843699858 8.027507617720401 10.201431201538069 5.2199864525464363 2.1323812676710077 2.7551002499385504 2.0842930993821929 6.4702898214745801
leaf_count=501 432 576 81 105 146 217 63 188 120 84 92 137 119 491
internal_value=-0.000481192 -0.0043361 6.52902e-05 -0.00520045 0.00243565 -0.00174201 -0.0101556 0.000722811 0.00391727 0.0103506 -0.00358905 0.00751943 -0.0064713 0.00202981
internal_weight=78.3119 32.6839 28.1511 22.2631 45.628 33.3236 11.8033 18.213 21.5203 11.3189 6.09889 3.96651 10.1855 8.10122
internal_count=3352 2061 1485 1404 1291 1145 280 1299 865 745 661 569 1111 992
is_linear=0
shrinkage=0.05


Tree=235
num_leaves=15
num_cat=0
split_feature=8 0 8 10 5 5 10 16 14 8 8 10 14 10
split_gain=0.398969 0.648986 0.652989 1.15141 0.676336 1.59446 1.6462 0.619652 1.27086 0.775884 1.02827 1.13132 1.03505 0.755994
threshold=185.50000000000003 16.500000000000004 174.50000000000003 117.50000000000001 173.50000000000003 145.50000000000003 140.50000000000003 184.50000000000003 197.50000000000003 94.500000000000014 90.500000000000014 101.50000000000001 173.50000000000003 108.50000000000001
decision_type=2 2 2 2 2 2 2 2 2 2 2 2 2 2
left_child=1 2 3 7 5 -5 -7 8 9 10 11 12 -1 -11
right_child=-2 -3 -4 4 -6 6 -8 -9 -10 13 -12 -13 -14 -15
leaf_value=-0.0064702987763856652 0.010046529877944049 -0.014673061405535016 -0.0095642542469132237 0.015298226313231559 0.020849291251978153 0.0085670258985400365 -0.020079776543876299 -0.012676038806314028 0.019687443865284961 -0.019621558446932731 0.01691757479416631 -0.020278649203859925 0.014837469668756263 0.003966365339525435
leaf_weight=8.6253669414145495 3.113855672068893 3.4839894611868649 9.7436555350432155 8.973870543908566 4.3686265936121336 5.4126949687488359 5.8126116576750064 7.6300186906009904 2.0373611114919177 5.510617103209368 3.1727498574764459 2.2339654280222012 5.0773780468152827 2.9003318712784676
leaf_count=799 35 1006 97 176 52 53 190 78 18 522 49 29 126 122
internal_value=-0.000557249 -0.00159811 -4.36056e-05 0.00206239 0.0095102 0.00340751 -0.0078833 -0.00340192 0.000479754 -0.00375052 0.00219543 -0.00407573 0.00328094 -0.0130415
internal_weight=78.0971 74.9832 71.4992 61.7556 24.5678 20.1992 11.2253 37.1878 29.5578 27.5204 19.1095 15.9367 13.7027 8.41095
internal_count=3352 3317 2311 2214 471 419 243 1743 1665 1647 1003 954 925 644
is_linear=0
shrinkage=0.05


Tree=236
num_leaves=15
num_cat=0
split_feature=8 14 13 13 0 10 14 14 9 6 15 1 3 0
split_gain=0.43366 0.424623 0.699267 0.746487 1.1647 1.08938 0.775306 1.27183 1.21248 0.727688 0.59453 0.577387 0.783241 0.581542
threshold=20.500000000000004 199.50000000000003 181.50000000000003 102.50000000000001 14.500000000000002 176.50000000000003 176.50000000000003 169.50000000000003 87.500000000000014 171.50000000000003 172.50000000000003 1.0000000180025095e-35 89.500000000000014 11.500000000000002
decision_type=2 2 2 2 2 2 2 2 2 2 2 2 2 2
left_child=-1 2 3 4 11 6 7 10 -8 -6 -5 13 -13 -2
right_child=1 -3 -4 5 9 -7 8 -9 -10 -11 -12 12 -14 -15
leaf_value=-0.01269045983227661 0.0078926570780191805 -0.010479468024935866 0.012994267679822076 -0.017640003274473952 -0.018652789417327308 0.01313500117888273 0.0035360497321249118 0.0098927352212000268 -0.020025260546214205 0.0069948937166261884 0.003936453006925471 -0.0018228009208172023 0.020528295745273095 -0.0093669858779477731
leaf_weight=1.7246234058839025 5.5631785887380882 2.998354133218526 6.5295210294425479 4.7796164853061809 2.7106353579583806 2.9842375043081111 5.9985333622898933 10.441017818462567 12.645257393131031 1.0982585372403262 2.4671831750310957 4.3338844692043486 9.4554512531030905 4.0723098507151008
leaf_count=168 165 22 85 1148 420 38 100 203 169 12 43 426 319 34
internal_value=-0.000511281 0.000530399 0.00162428 -0.000321396 0.00548975 -0.00451195 -0.00737508 0.000424706 -0.0132999 -0.0114848 -0.0116862 0.00978452 0.0148878 -0.000109914
internal_weight=77.8021 76.0774 73.0791 66.5496 27.2337 39.3158 36.3316 17.6878 18.6438 3.80889 7.2468 23.4248 13.7893 9.63549
internal_count=3352 3184 3162 3077 1376 1701 1663 1394 269 432 1191 944 745 199
is_linear=0
shrinkage=0.05


Tree=237
num_leaves=15
num_cat=0
split_feature=8 12 15 12 7 12 0 5 6 16 5 4 13 15
split_gain=0.422077 0.416749 1.06027 0.668418 1.42185 1.03947 0.942532 0.499403 1.42069 0.852845 0.583703 0.422949 0.355004 0.336528
threshold=20.500000000000004 174.50000000000003 173.50000000000003 143.50000000000003 173.50000000000003 166.50000000000003 6.5000000000000009 163.50000000000003 122.50000000000001 193.50000000000003 22.500000000000004 169.50000000000003 133.50000000000003 22.500000000000004
decision_type=2 2 2 2 2 2 2 2 2 2 2 2 2 2
left_child=-1 2 3 4 6 11 -2 8 9 10 -8 -5 -10 -12
right_child=1 -3 -4 5 -6 -7 7 -9 12 -11 13 -13 -14 -15
leaf_value=-0.012546312584996864 -0.012164457828870968 -0.008850381015857332 0.013823774589086952 -0.019075527510907488 -0.011914444403528393 0.0070163869828071884 -0.0044648189809558397 0.016507827199065069 -0.018413997399410784 -0.0084667129228045198 0.0012941605022005614 -0.00032953699557938045 0.001466995212754907 0.019438721545056131
leaf_weight=1.7149079541850358 1.5956223884568306 5.5183086100732899 9.7344105608062801 7.8435301728459326 8.6878669463912939 4.6831369483843437 1.9016219727345838 10.0511857229867 2.4932245631498509 1.997515819966792 3.9366518226743201 4.1625409562257119 2.2289372708182782 11.011091199652581
leaf_count=168 979 80 121 263 107 65 406 107 254 17 148 57 97 483
internal_value=-0.000523464 0.000507509 0.00178051 -0.00106054 0.00225978 -0.00830256 0.00680316 0.0091617 0.00368807 0.00975977 0.0133636 -0.014584 -0.0131016 0.0161823
internal_weight=77.5606 75.8456 70.3273 60.5929 43.9037 16.6892 35.2159 33.6202 23.569 18.8469 16.8494 12.0061 4.72216 14.9477
internal_count=3352 3184 3104 2983 2598 385 2491 1512 1405 1054 1037 320 351 631
is_linear=0
shrinkage=0.05


Tree=238
num_leaves=15
num_cat=0
split_feature=8 14 13 13 0 10 14 14 8 6 8 1 3 0
split_gain=0.405789 0.399601 0.669597 0.690206 1.08421 1.05577 0.729049 1.18878 1.1271 0.716705 0.587062 0.521982 0.729005 0.548383
threshold=20.500000000000004 199.50000000000003 181.50000000000003 102.50000000000001 14.500000000000002 176.50000000000003 176.50000000000003 169.50000000000003 99.500000000000014 171.50000000000003 169.50000000000003 1.0000000180025095e-35 89.500000000000014 11.500000000000002
decision_type=2 2 2 2 2 2 2 2 2 2 2 2 2 2
left_child=-1 2 3 4 11 6 7 10 -8 -6 -5 13 -13 -2
right_child=1 -3 -4 5 9 -7 8 -9 -10 -11 -12 12 -14 -15
leaf_value=-0.01240425990837526 0.0076868117023462792 -0.010270212860421827 0.012616429550422243 -0.017682755347051601 -0.018381741571312976 0.012940935747633395 0.0017734402585218589 0.0094762926197949956 -0.020595151676351731 0.0070178439879081027 0.0036422051223715594 -0.0018392411771325492 0.019675372910366438 -0.0090878557759714804
leaf_weight=1.7053214878833376 5.5430714887916164 2.986446361988782 6.5044165491126469 4.4453217892078127 2.6716566452669208 2.9629029737552619 7.5571298114955452 10.438250860141123 10.9853176868055 1.0962358051910994 2.7104662853234913 4.327265163359697 9.3833198775973852 4.058215921279043
leaf_count=168 165 22 85 1150 420 38 114 203 155 12 41 426 319 34
internal_value=-0.000610202 0.000407946 0.00147948 -0.000424467 0.00518486 -0.0044568 -0.00728282 0.000325801 -0.0130382 -0.0112041 -0.0114296 0.00934466 0.0142081 -8.74686e-05
internal_weight=77.3753 75.67 72.6836 66.1792 27.0798 39.0994 36.1365 17.594 18.5424 3.76789 7.15579 23.3119 13.7106 9.60129
internal_count=3352 3184 3162 3077 1376 1701 1663 1394 269 432 1191 944 745 199
is_linear=0
shrinkage=0.05


Tree=239
num_leaves=15
num_cat=0
split_feature=8 0 8 10 5 5 10 4 16 14 8 8 10 14
split_gain=0.406175 0.586657 0.591746 1.11394 0.624548 1.52482 1.5065 0.614867 0.553334 1.2324 0.707832 0.984766 1.04898 0.916339
threshold=185.50000000000003 16.500000000000004 174.50000000000003 117.50000000000001 173.50000000000003 145.50000000000003 140.50000000000003 98.500000000000014 184.50000000000003 197.50000000000003 94.500000000000014 90.500000000000014 101.50000000000001 173.50000000000003
decision_type=2 2 2 2 2 2 2 2 2 2 2 2 2 2
left_child=1 2 3 8 5 7 -7 -5 9 10 11 12 13 -1
right_child=-2 -3 -4 4 -6 6 -8 -9 -10 -11 -12 -13 -14 -15
leaf_value=-0.0062789855805390447 0.010095656347860671 -0.014202002052809748 -0.0092824597447200962 -0.00053470368980291616 0.020154780371607305 0.0080937940498720159 -0.019496892456492599 0.021817570189455054 -0.012312697422513716 0.019202476275627121 -0.012827018222340905 0.016262318343725109 -0.019898899143067174 0.013779169818546922
leaf_weight=8.5290433684131219 3.078946851193904 3.3711744494503355 9.6153536387719196 4.1563563613162895 4.2933710105717173 5.3101150812581164 5.7150929215422366 4.7364830962615088 7.5696813531685612 1.9928986057639111 8.3369869144298701 3.1612147291598367 2.194148196373134 5.0799309198046094
leaf_count=799 35 1006 97 87 52 53 190 89 78 18 644 49 29 126
internal_value=-0.000629027 -0.00168515 -0.000189503 0.00183613 0.00922151 0.00329349 -0.00782911 0.0149379 -0.00353647 0.000195842 -0.00394921 0.00181558 -0.00428836 0.00289884
internal_weight=77.1408 74.0619 70.6907 61.0753 24.2114 19.918 11.0252 8.89284 36.8639 29.2942 27.3013 18.9643 15.8031 13.609
internal_count=3352 3317 2311 2214 471 419 243 176 1743 1665 1647 1003 954 925
is_linear=0
shrinkage=0.05


Tree=240
num_leaves=15
num_cat=0
split_feature=3 5 5 4 5 3 14 7 10 7 10 6 7 10
split_gain=0.394613 0.511379 0.96268 0.557569 1.01204 1.25163 0.954857 0.770682 1.19867 0.994649 0.766674 0.973976 0.811615 0.638543
threshold=175.50000000000003 179.50000000000003 176.50000000000003 177.50000000000003 145.50000000000003 128.50000000000003 197.50000000000003 167.50000000000003 148.50000000000003 142.50000000000003 67.500000000000014 117.50000000000001 24.500000000000004 117.50000000000001
decision_type=2 2 2 2 2 2 2 2 2 2 2 2 2 2
left_child=1 2 3 4 5 6 10 9 -9 -6 12 -12 -1 -7
right_child=-2 -3 -4 -5 7 13 -8 8 -10 -11 11 -13 -14 -15
leaf_value=-0.0058205106280745742 0.0099375269009669594 -0.012412993177746887 0.016460119368653027 0.010826063974993869 -0.00069060643728678509 -0.00066191648751660697 0.012719467814454523 0.011257612875993937 -0.01192228579409562 -0.027481759306393412 -0.020856606030726938 0.003709922684920282 0.01426601661936229 0.018970371770319325
leaf_weight=9.9662760786304769 3.1783021651208392 4.6172808911651364 2.9052901910617939 2.9254547669552258 5.7123207498952997 5.897502674139103 2.3089476041495791 5.8415779506904055 6.509353420289699 4.9783576976624317 8.8545823564782022 3.8249885170371263 2.6065244344354133 6.732639194233343
leaf_count=963 47 37 26 30 105 63 18 77 97 276 995 196 192 230
internal_value=-0.000555378 -0.00161074 -9.93161e-05 -0.00193199 -0.0032723 0.00162662 -0.0043564 -0.0105839 -0.000874161 -0.0179483 -0.00776191 -0.0144924 0.00121799 0.0122154
internal_weight=76.8594 73.6811 69.0638 66.1585 63.2331 40.1915 27.5613 23.0416 12.3509 10.6907 25.2524 12.6796 12.5728 12.6301
internal_count=3352 3305 3268 3242 3212 2657 2364 555 174 381 2346 1191 1155 293
is_linear=0
shrinkage=0.05


Tree=241
num_leaves=15
num_cat=0
split_feature=16 16 8 10 5 0 7 7 9 9 4 0 10 11
split_gain=0.386969 0.998267 0.640784 0.823094 1.98356 0.816586 1.06042 0.80679 1.07654 0.791002 0.8863 0.758475 0.74122 0.702805
threshold=198.50000000000003 197.50000000000003 90.500000000000014 124.50000000000001 108.50000000000001 7.5000000000000009 129.50000000000003 22.500000000000004 21.500000000000004 158.50000000000003 167.50000000000003 6.5000000000000009 169.50000000000003 159.50000000000003
decision_type=2 2 2 2 2 2 2 2 2 2 2 2 2 2
left_child=1 2 5 4 13 11 7 8 -7 -5 12 -1 -11 -4
right_child=-2 -3 3 9 -6 6 -8 -9 -10 10 -12 -13 -14 -15
leaf_value=-0.010305142348143035 0.010798226394443017 -0.019610413468929756 -0.017181586900500884 -0.014154267572998723 0.017233793617328904 -0.015750791624754183 0.0093430182876194715 -0.026925607054671313 0.010966695870672134 0.014335735434050124 -0.0060002059510612287 0.012470534970658791 -0.0048158464441456061 0.0074861565003174219
leaf_weight=1.2887177641096084 2.0356251504272214 1.9053144305944432 3.9194192929790033 4.914708876363874 15.834467638131171 1.7868455908028371 1.1919035315513618 4.5775084876950132 3.5233996681345161 10.952005885177643 14.41451059625251 4.8281248984858394 4.4505806544329962 0.91461731866002072
leaf_count=443 24 10 524 431 533 294 7 260 258 250 180 54 70 14
internal_value=-0.000474776 -0.00144253 0.000267171 0.002921 0.00974287 -0.00701453 -0.0132748 -0.0182234 -0.00130207 -0.00185381 0.00191515 0.00519535 0.00897784 -0.0110811
internal_weight=76.5377 74.5021 72.5968 55.4003 20.6685 17.1965 11.0797 9.88775 5.31025 34.7318 29.8171 6.11684 15.4026 4.83404
internal_count=3352 3328 3318 2002 1071 1316 819 812 552 931 500 497 320 538
is_linear=0
shrinkage=0.05


Tree=242
num_leaves=15
num_cat=0
split_feature=8 12 15 12 7 0 5 2 15 1 14 2 14 13
split_gain=0.387312 0.390117 1.06452 0.920729 0.925225 0.809611 0.643729 0.587902 0.766988 1.15889 0.482538 0.303062 0.233468 0.167349
threshold=20.500000000000004 170.50000000000003 167.50000000000003 143.50000000000003 173.50000000000003 6.5000000000000009 172.50000000000003 2.5000000000000004 22.500000000000004 4.5000000000000009 173.50000000000003 3.5000000000000004 177.50000000000003 22.500000000000004
decision_type=2 2 2 2 2 2 2 2 2 2 2 2 2 2
left_child=-1 2 3 4 5 -2 -5 8 -7 12 13 -4 -10 -9
right_child=1 -3 11 6 -6 7 -8 10 9 -11 -12 -13 -14 -15
leaf_value=-0.012092669255320323 -0.011811802249425676 -0.0076811787432686726 0.015867080795287865 -0.017666884832401388 -0.010351904989845066 -0.012876262541646578 0.0027363741646157921 0.00090065627802287404 0.0021910062296890669 0.019051322992037809 0.0027990391184012468 0.0014650040396427498 -0.010916766941130866 0.020907664838545961
leaf_weight=1.6802988788840583 1.5356524745948252 7.6402268811361855 8.7333483751281147 7.313757491487193 7.015663909551221 2.9985568479023668 3.9059109016670845 1.6540275949664662 3.5277642284490849 3.5159838335966924 10.271125626284627 6.4916335525340392 2.9251676109852269 7.0936168991756858
leaf_count=168 979 115 125 237 86 175 54 165 221 144 148 91 41 603
internal_value=-0.000552092 0.000450829 0.00184751 -0.00179282 0.00200758 0.00560215 -0.01191 0.00792195 -0.000477729 0.00630693 0.0125563 0.0116066 -0.00592275 0.0188281
internal_weight=76.3027 74.6224 66.9822 51.7572 40.5376 33.5219 11.2197 31.9862 12.9675 9.96892 19.0188 15.225 6.45293 8.74764
internal_count=3352 3184 3069 2853 2562 2476 291 1497 581 406 916 216 262 768
is_linear=0
shrinkage=0.05


Tree=243
num_leaves=15
num_cat=0
split_feature=8 0 8 10 5 5 10 4 16 14 8 8 10 14
split_gain=0.394632 0.575085 0.537099 1.04723 0.597707 1.41514 1.33966 0.547549 0.515741 1.14616 0.689102 0.937987 0.975442 0.865656
threshold=185.50000000000003 16.500000000000004 174.50000000000003 117.50000000000001 173.50000000000003 145.50000000000003 140.50000000000003 98.500000000000014 184.50000000000003 197.50000000000003 94.500000000000014 90.500000000000014 101.50000000000001 173.50000000000003
decision_type=2 2 2 2 2 2 2 2 2 2 2 2 2 2
left_child=1 2 3 8 5 7 -7 -5 9 10 11 12 13 -1
right_child=-2 -3 -4 4 -6 6 -8 -9 -10 -11 -12 -13 -14 -15
leaf_value=-0.0061410586869863615 0.0099966467680336138 -0.014053010196012567 -0.0088175222284713195 -0.00040251779753749397 0.019709924150021711 0.0074999399230316621 -0.0186728243485072 0.020923734365065609 -0.011930493745006536 0.018600588639588616 -0.012607702261915191 0.015970366167316067 -0.019262170569840496 0.013414157452401912
leaf_weight=8.4289265585539486 3.0595129607245317 3.3278692018429856 9.5559033298632112 4.1018311372608931 4.241804053541272 5.2618463756516558 5.588068852564902 4.6650854912004434 7.4818913761991999 1.9342368170619 8.2486268294524034 3.1407929064007467 2.1284103249781756 5.0284297703765324
leaf_count=799 35 1006 97 87 52 53 190 89 78 18 644 49 29 126
internal_value=-0.000579435 -0.00163328 -0.000141469 0.00180482 0.00900858 0.00316126 -0.00761808 0.0144234 -0.00343577 0.000197704 -0.00382412 0.0018864 -0.00414138 0.00282029
internal_weight=76.1932 73.1337 69.8059 60.25 23.8586 19.6168 10.8499 8.76692 36.3913 28.9094 26.9752 18.7266 15.5858 13.4574
internal_count=3352 3317 2311 2214 471 419 243 176 1743 1665 1647 1003 954 925
is_linear=0
shrinkage=0.05


Tree=244
num_leaves=15
num_cat=0
split_feature=3 3 3 0 16 4 3 14 10 13 11 5 1 6
split_gain=0.391454 0.879204 0.996764 1.25099 1.16384 0.860178 1.11756 1.20791 1.05142 0.801823 0.850045 0.572506 0.478269 0.372131
threshold=171.50000000000003 169.50000000000003 167.50000000000003 14.500000000000002 184.50000000000003 168.50000000000003 128.50000000000003 197.50000000000003 67.500000000000014 184.50000000000003 25.500000000000004 22.500000000000004 1.5000000000000002 174.50000000000003
decision_type=2 2 2 2 2 2 2 2 2 2 2 2 2 2
left_child=1 2 3 4 5 6 7 8 11 10 -10 -1 -8 -5
right_child=-2 -3 -4 13 -6 -7 12 -9 9 -11 -12 -13 -14 -15
leaf_value=-0.0077807768716048817 0.0063863160218116865 -0.01714393029474472 0.014169285398462862 -0.020959379949008008 -0.01062027298658921 -0.011467006892533859 0.022579083889070432 0.017857983216118225 0.0031910665448739517 0.0069148854188408708 -0.025493875305975335 0.010342027605029572 0.004083982394800398 0.0032669269704974635
leaf_weight=2.4266440489154828 11.739331080811096 3.5563509414205319 5.5321568573126561 4.9002302659719126 11.558504154905675 2.5225105229765168 6.7161515851039431 1.8117093294858921 2.0736538252240262 0.95813767053186882 5.6980563113029348 7.0924338136101142 8.8880091026076098 0.44956708303652693
leaf_count=438 139 46 64 1195 120 24 78 16 208 9 616 252 135 12
internal_value=-0.000508569 -0.00214006 -2.08499e-05 -0.00250603 0.000714171 0.00497724 0.00740725 -0.000799818 -0.00609436 -0.0152196 -0.0195872 0.00463357 0.0155919 -0.0183288
internal_weight=75.9234 64.1841 60.6278 55.0956 49.7458 38.1873 35.6648 20.0606 18.2489 8.72985 7.77171 9.51908 15.6042 5.3498
internal_count=3352 3213 3167 3103 1896 1776 1752 1539 1523 833 824 690 213 1207
is_linear=0
shrinkage=0.05


Tree=245
num_leaves=15
num_cat=0
split_feature=16 16 7 7 5 3 3 6 13 4 17 6 9 9
split_gain=0.389323 0.9326 0.616404 1.4648 1.23566 0.78769 0.710293 1.00958 0.685128 0.61423 0.934384 1.05849 0.705517 0.615733
threshold=198.50000000000003 197.50000000000003 104.50000000000001 116.50000000000001 108.50000000000001 92.500000000000014 156.50000000000003 119.50000000000001 98.500000000000014 176.50000000000003 0.098314606741573038 169.50000000000003 173.50000000000003 145.50000000000003
decision_type=2 2 2 2 2 2 2 2 2 2 2 2 2 2
left_child=1 2 -1 4 5 -4 7 -5 -9 10 11 12 13 -8
right_child=-2 -3 3 6 -6 -7 9 8 -10 -11 -12 -13 -14 -15
leaf_value=-0.0068725194693119093 0.01080963683820934 -0.019080582767364143 0.010436222924764576 0.0039373632383981989 0.025695387977213296 -0.015313698681478281 0.0060429519559493652 0.0028726727814278648 -0.023068706951229409 0.011847831071794877 0.011129757828460814 -0.01789603477116573 0.012522470231504832 -0.013234153702038254
leaf_weight=17.46685024168255 2.0291045214980832 1.8691071271896351 0.8408154275384726 6.9821766732202359 5.516451886651339 1.6160156534388077 3.4708472048514611 2.0432770419720327 5.3516245302889729 7.8729536798782638 5.5804264629987292 6.3169664698652914 4.2757461993023753 4.4018058695510263
leaf_count=1632 24 10 27 253 239 211 62 110 332 91 129 56 49 127
internal_value=-0.000500365 -0.00147991 0.000192061 0.0028538 0.0177183 -0.00541244 -0.00118378 -0.00884485 -0.0176335 0.00299752 -0.0014409 -0.00680192 0.00250281 -0.00568927
internal_weight=75.6342 73.6051 71.736 54.2691 7.97328 2.45683 46.2958 14.3771 7.3949 31.9187 24.0458 18.4654 12.1484 7.87265
internal_count=3352 3328 3318 1686 477 238 1209 695 442 514 423 294 238 189
is_linear=0
shrinkage=0.05


Tree=246
num_leaves=15
num_cat=0
split_feature=16 16 8 0 7 3 9 7 9 10 9 15 0 14
split_gain=0.377766 0.911429 0.589494 0.777744 0.991398 0.775624 1.74323 0.760838 1.01976 0.751339 1.28637 0.954935 0.715638 0.699577
threshold=198.50000000000003 197.50000000000003 90.500000000000014 7.5000000000000009 129.50000000000003 104.50000000000001 89.500000000000014 22.500000000000004 21.500000000000004 108.50000000000001 125.50000000000001 171.50000000000003 6.5000000000000009 197.50000000000003
decision_type=2 2 2 2 2 2 2 2 2 2 2 2 2 2
left_child=1 2 3 12 7 13 -7 8 -5 11 -11 -8 -1 -4
right_child=-2 -3 5 4 -6 6 9 -9 -10 10 -12 -13 -14 -15
leaf_value=-0.010026074539171656 0.01066799620321735 -0.01886513104911372 -0.018847488769619655 -0.015389549499894363 0.0090196377197130119 0.023734918007394593 -0.021266701441309391 -0.026287823969980757 0.010663536395245915 0.017418962310767349 -0.0014704967816944487 0.0063440820248195752 0.012175057001631517 0.0076573000253505417
leaf_weight=1.2453969371563314 2.0198632273823014 1.8534297943115223 2.3593479356641178 1.7450753922894326 1.1629780903458602 4.8582168598513809 2.7897573149821246 4.4560019983618986 3.5160672453930601 6.8502040505409232 34.945084955616039 2.2464581218082458 4.7933195213554427 0.49820503592491139
leaf_count=443 24 10 471 294 7 58 287 260 258 266 894 23 54 3
internal_value=-0.000477957 -0.00144647 0.000209298 -0.00681445 -0.0129711 0.0027771 0.00462117 -0.0177731 -0.00126616 0.000539996 0.00315585 -0.0119258 0.00512898 -0.0122944
internal_weight=75.3394 73.3195 71.4661 16.9188 10.8801 54.5473 51.6897 9.71714 5.26114 46.8315 41.7953 5.03622 6.03872 2.85755
internal_count=3352 3328 3318 1316 819 2002 1528 812 552 1470 1160 310 497 474
is_linear=0
shrinkage=0.05


Tree=247
num_leaves=15
num_cat=0
split_feature=8 0 8 10 5 5 10 9 3 8 13 8 10 3
split_gain=0.375497 0.541478 0.489202 0.983616 0.56837 1.31277 1.26883 0.582179 0.491403 0.818894 0.719645 0.617235 0.870016 0.970491
threshold=185.50000000000003 16.500000000000004 174.50000000000003 117.50000000000001 173.50000000000003 145.50000000000003 140.50000000000003 162.50000000000003 139.50000000000003 102.50000000000001 119.50000000000001 20.500000000000004 67.500000000000014 104.50000000000001
decision_type=2 2 2 2 2 2 2 2 2 2 2 2 2 2
left_child=1 2 3 8 5 7 -7 -5 9 10 11 -1 -13 -14
right_child=-2 -3 -4 4 -6 6 -8 -9 -10 -11 -12 12 13 -15
leaf_value=-0.011201881829367355 0.0098287284547950264 -0.013640870905796125 -0.0083883291371538871 -0.00027934581792630098 0.019245532551378196 0.0073381481995336258 -0.018197478673477162 0.021286066304063128 -0.010003725190610808 0.015215949202201085 -0.013453514724431397 0.014626636919049653 -0.016846862716255268 0.0079956755996750568
leaf_weight=1.553755209519301 3.0227759480476371 3.2602383146077036 9.4665307875256968 4.5836138090817311 4.1883154576644293 5.2298563160002214 5.4972060791915283 4.0680880143772811 11.534414174733682 2.7051833974401225 5.7183561176207141 7.84715089650126 2.6259754819257068 3.769744347417145
leaf_count=100 35 1006 97 129 52 53 190 47 148 418 260 523 189 105
internal_value=-0.000501653 -0.00154476 -8.5987e-05 0.00178797 0.00879426 0.00305152 -0.00737293 0.0139431 -0.00334247 0.000998783 -0.00332103 0.0026996 0.00673272 -0.00512067
internal_weight=75.0712 72.0484 68.7882 59.3217 23.5671 19.3788 10.7271 8.6517 35.7546 24.2202 21.515 15.7966 14.2429 6.39572
internal_count=3352 3317 2311 2214 471 419 243 176 1743 1595 1177 917 817 294
is_linear=0
shrinkage=0.05


Tree=248
num_leaves=15
num_cat=0
split_feature=3 3 3 0 16 4 3 14 9 11 13 8 1 6
split_gain=0.374826 0.822897 0.937251 1.15629 1.0854 0.790539 1.03739 1.12133 0.990947 0.816731 0.841014 0.628082 0.430167 0.359436
threshold=171.50000000000003 169.50000000000003 167.50000000000003 14.500000000000002 184.50000000000003 168.50000000000003 128.50000000000003 197.50000000000003 23.500000000000004 25.500000000000004 184.50000000000003 20.500000000000004 1.5000000000000002 174.50000000000003
decision_type=2 2 2 2 2 2 2 2 2 2 2 2 2 2
left_child=1 2 3 4 5 6 7 8 11 -10 -11 -1 -8 -5
right_child=-2 -3 -4 13 -6 -7 12 -9 9 10 -12 -13 -14 -15
leaf_value=-0.0087520087272586911 0.0062897923061593312 -0.016668539224620121 0.013784642371126761 -0.020391473999566423 -0.010328290788493871 -0.01098400559543717 0.021769986518756113 0.017258220790243115 0.0041125548419828203 -0.023979940986786664 0.0053658432332332638 0.011920189573564249 0.0040014816038780095 0.0032657166960714055
leaf_weight=1.2871187554264967 11.648354468867181 3.4692483722465104 5.4618469371926031 4.7687994531952418 11.380427923519163 2.4914841242134562 6.5949163890909395 1.7522218637168396 3.1390892331110063 6.5738019431883004 1.1003911923617122 5.9066536223108415 8.7982454799930547 0.44704125635325898
leaf_count=100 139 46 64 1195 120 24 78 16 293 711 12 407 135 12
internal_value=-0.000467367 -0.00208328 -1.3133e-05 -0.00244872 0.000672829 0.0048197 0.00716812 -0.000800391 -0.00592637 -0.0133643 -0.0193153 0.00614941 0.0150852 -0.0177579
internal_weight=74.8196 63.1713 59.702 54.2402 49.0244 37.6439 35.1524 19.7593 18.0071 10.8133 7.67419 7.19377 15.3932 5.21584
internal_count=3352 3213 3167 3103 1896 1776 1752 1539 1523 1016 723 507 213 1207
is_linear=0
shrinkage=0.05


Tree=249
num_leaves=15
num_cat=0
split_feature=16 16 7 7 5 3 6 7 7 7 5 14 16 12
split_gain=0.370343 0.87662 0.591392 1.34708 1.12376 0.745131 0.680892 1.00971 0.732845 0.952624 0.89942 0.397975 0.526054 0.367689
threshold=198.50000000000003 197.50000000000003 104.50000000000001 116.50000000000001 108.50000000000001 92.500000000000014 155.50000000000003 171.50000000000003 173.50000000000003 167.50000000000003 172.50000000000003 178.50000000000003 23.500000000000004 153.50000000000003
decision_type=2 2 2 2 2 2 2 2 2 2 2 2 2 2
left_child=1 2 11 4 5 -4 7 13 9 10 -8 12 -1 -5
right_child=-2 -3 3 6 -6 -7 8 -9 -10 -11 -12 -13 -14 -15
leaf_value=0.0047344913239737822 0.010588270983571985 -0.018532347360349612 0.010232257556414472 -0.0015528395566347948 0.024867741264200941 -0.014830859791411631 -0.010363976212912067 0.0072738211275656071 -0.0053283643373182414 0.020087770827877532 0.010350426331389027 0.0028181150823966793 -0.014460733371421418 -0.01787653383825473
leaf_weight=2.0494331122463363 2.0023793950676909 1.8294487446546543 0.83174330519977901 6.101525954683896 5.348666251571558 1.5684425072322481 6.0027421509148606 5.1383471018052651 9.8686289400793594 5.565431441034888 5.0192989278584719 5.4916294132126486 9.7241646626716811 8.0194369346136209
leaf_count=281 24 10 27 534 239 211 156 103 114 67 45 113 1238 190
internal_value=-0.000456918 -0.00142467 0.000212198 0.00284019 0.0172254 -0.00510038 -0.00105598 -0.00726471 0.00390011 0.00935301 -0.000644621 -0.00673607 -0.0107041 -0.0130737
internal_weight=74.5613 72.5589 70.7295 53.4643 7.74885 2.40019 45.7154 19.2593 26.4561 16.5875 11.022 17.2652 11.7736 14.121
internal_count=3352 3328 3318 1686 477 238 1209 827 382 268 201 1632 1519 724
is_linear=0
shrinkage=0.05


Tree=250
num_leaves=15
num_cat=0
split_feature=3 5 5 7 6 13 16 16 0 15 15 0 10 4
split_gain=0.365458 0.466649 0.855417 0.507195 1.20522 0.527918 0.673558 0.723137 0.639006 0.607863 0.705438 0.5724 0.719767 0.392383
threshold=175.50000000000003 179.50000000000003 176.50000000000003 184.50000000000003 171.50000000000003 22.500000000000004 170.50000000000003 167.50000000000003 15.500000000000002 173.50000000000003 118.50000000000001 6.5000000000000009 160.50000000000003 27.500000000000004
decision_type=2 2 2 2 2 2 2 2 2 2 2 2 2 2
left_child=1 2 3 4 5 -1 7 8 11 10 -8 -7 13 -13
right_child=-2 -3 -4 -5 -6 6 9 -9 -10 -11 -12 12 -14 -15
leaf_value=-0.0095709307412442657 0.0097037263209221111 -0.01184739617513313 0.015674500445729361 0.0098826515263495344 -0.021755529741053603 -0.0096513212237400673 0.0038718574614226651 0.019430313308623961 -0.012559759327214801 0.0050126171771503747 -0.013852254481395765 -0.00094200584801305571 -0.0061658200135170128 0.016470168274320511
leaf_weight=8.1531175242344016 3.11727450788021 4.4704060079529873 2.8275065515190354 3.5313633587211362 2.6888225846923879 1.1883857497960075 5.8177061923779609 3.4447077578515737 1.5801703461038403 9.6406312438193691 11.394155515474266 3.503518296187397 3.5059892958961418 9.4268229204462823
leaf_count=589 47 37 26 29 32 813 69 59 834 144 211 247 51 164
internal_value=-0.000410456 -0.00146131 1.23641e-05 -0.00176849 -0.00315435 -0.000619961 0.00159707 0.00719241 0.00143706 -0.00351067 -0.0083384 0.00519031 0.00826426 0.0128052
internal_weight=74.2906 71.1733 66.7029 63.8754 60.344 57.6552 49.5021 22.6496 19.2049 26.8525 17.2119 17.6247 16.4363 12.9303
internal_count=3352 3305 3268 3242 3213 3181 2592 2168 2109 424 280 1275 462 411
is_linear=0
shrinkage=0.05


Tree=251
num_leaves=15
num_cat=0
split_feature=16 16 7 7 5 3 6 7 7 7 5 14 12 11
split_gain=0.358409 0.852203 0.554355 1.2735 1.08314 0.730687 0.644351 0.95069 0.697697 0.89505 0.848248 0.373565 0.594577 0.458199
threshold=198.50000000000003 197.50000000000003 104.50000000000001 116.50000000000001 108.50000000000001 92.500000000000014 155.50000000000003 171.50000000000003 173.50000000000003 167.50000000000003 172.50000000000003 173.50000000000003 170.50000000000003 152.50000000000003
decision_type=2 2 2 2 2 2 2 2 2 2 2 2 2 2
left_child=1 2 -1 4 5 -4 7 11 9 10 -8 12 13 -5
right_child=-2 -3 3 6 -6 -7 8 -9 -10 -11 -12 -13 -14 -15
leaf_value=-0.0064948773054121934 0.010456502634883569 -0.018261961610297927 0.010125439194564495 -0.0051931024807466905 0.024356899753500444 -0.014713607040217161 -0.010055786079967776 0.0070574700408989974 -0.0051930336112894025 0.019582016161161762 0.010096473020525007 -0.018146714375093999 -0.012835224405053037 0.013187951026001593
leaf_weight=17.169437863703934 1.993133421987294 1.8085665032267559 0.82784287030517534 2.3810751177807123 5.2929588375918684 1.5547280361060982 5.9556304534489808 5.1256935138371764 9.816973048145881 5.5250566410832098 4.9887728774920106 7.0337264267727733 1.8373522426700217 2.7771391503774794
leaf_count=1632 24 10 27 503 239 211 156 103 114 67 45 100 35 86
internal_value=-0.000411272 -0.00137039 0.000248217 0.0027991 0.0168254 -0.00507062 -0.00100305 -0.00705593 0.00383044 0.00916584 -0.000584287 -0.0127119 -0.00196115 0.00632334
internal_weight=74.0881 72.095 70.2864 53.1169 7.67553 2.38257 45.4414 19.155 26.2864 16.4695 10.9444 14.0293 6.99557 5.15821
internal_count=3352 3328 3318 1686 477 238 1209 827 382 268 201 724 624 589
is_linear=0
shrinkage=0.05


Tree=252
num_leaves=15
num_cat=0
split_feature=3 5 5 5 3 9 13 13 12 7 2 0 5 4
split_gain=0.35297 0.454671 0.817973 0.502055 1.00068 1.10994 0.883273 1.12661 0.676424 0.671989 0.656812 0.923614 0.787717 0.595658
threshold=175.50000000000003 179.50000000000003 176.50000000000003 145.50000000000003 121.50000000000001 165.50000000000003 164.50000000000003 171.50000000000003 153.50000000000003 167.50000000000003 1.5000000000000002 8.5000000000000018 25.500000000000004 108.50000000000001
decision_type=2 2 2 2 2 2 2 2 2 2 2 2 2 2
left_child=1 2 3 4 10 8 9 -8 -6 -5 -1 12 -12 -14
right_child=-2 -3 -4 6 5 -7 7 -9 -10 -11 11 -13 13 -15
leaf_value=0.0080552737465003268 0.0095628927547772892 -0.011674843029636034 0.01537344564206638 -0.021572721854315132 0.009239058861014917 0.022566289020492701 0.015138063175750699 -0.008915795510935038 -0.0087524367739742325 -0.0020417534380605604 0.011542262776715578 -0.020457010710603935 -0.012372567854300631 0.0062403890628458299
leaf_weight=3.9208339112519779 3.1067952625453463 4.4566838303580871 2.8063716897740951 5.5253304408397552 4.7661491894104966 4.5310217840597025 4.8219361711526272 5.0592216040240601 6.2477159682312049 9.5944388332136423 4.018774530763042 4.4145353932108256 7.7712384702099353 2.7892946911742911
leaf_count=364 47 37 26 283 244 71 84 77 92 139 281 869 569 169
internal_value=-0.000379366 -0.00141871 4.17497e-05 -0.00170953 0.00185974 0.0100689 -0.0065951 0.00396469 -0.000512986 -0.0127665 -0.00451523 -0.00824799 -0.000271088 -0.00703091
internal_weight=73.8303 70.7235 66.2669 63.4605 38.4596 15.5449 25.0009 9.88116 11.0139 15.1198 22.9147 18.9938 14.5793 10.5605
internal_count=3352 3305 3268 3242 2659 407 583 161 336 422 2252 1888 1019 738
is_linear=0
shrinkage=0.05


Tree=253
num_leaves=15
num_cat=0
split_feature=8 8 9 2 8 8 3 3 7 3 5 4 8 6
split_gain=0.343679 0.371782 0.804866 0.782251 0.638549 1.04726 0.680915 0.840338 0.863705 0.934926 0.719909 0.859705 1.63618 0.584904
threshold=20.500000000000004 24.500000000000004 76.500000000000014 2.5000000000000004 90.500000000000014 99.500000000000014 171.50000000000003 168.50000000000003 171.50000000000003 161.50000000000003 122.50000000000001 98.500000000000014 104.50000000000001 21.500000000000004
decision_type=2 2 2 2 2 2 2 2 2 2 2 2 2 2
left_child=-1 3 -3 -2 -4 -6 7 8 9 10 11 -7 -13 -5
right_child=1 2 4 13 5 6 -8 -9 -10 -11 -12 12 -14 -15
leaf_value=-0.011245415484172063 -0.0056251250789517157 -0.013288323163196817 -0.01153073059445746 -0.0037896679538406315 0.017166168246806161 -0.011969138556794294 0.0087793121465242433 -0.017360893412543283 0.009849118373284102 0.008415634707576251 -0.019249761658088775 -0.013001014779514458 0.01949241151592122 0.020800406837722454
leaf_weight=1.6138970351166779 3.9818901842081669 6.1257022893405511 3.5626067746343315 1.4712256094790062 5.8140834427467771 4.3934843238967058 10.708929660730062 3.5980244451202443 9.9414172254619171 5.3450389335630453 6.0733178097216287 2.0785247815583716 4.7639211148270988 4.1016004845732823
leaf_count=168 377 312 81 215 155 255 134 57 143 113 479 105 533 225
internal_value=-0.000324256 0.000635372 -0.000969822 0.00785099 0.00134582 0.00313954 -8.53947e-05 -0.00345552 0.000184159 -0.00507105 -0.0101884 -0.000870757 0.00830017 0.0155865
internal_weight=73.5737 71.9598 62.4051 9.55472 56.2793 52.7167 46.9027 36.1937 32.5957 22.6543 17.3092 11.2359 6.84245 5.57283
internal_count=3352 3184 2367 817 2055 1974 1819 1685 1628 1485 1372 893 638 440
is_linear=0
shrinkage=0.05


Tree=254
num_leaves=15
num_cat=0
split_feature=16 16 14 10 16 12 0 16 16 6 7 14 12 4
split_gain=0.339465 0.821876 0.557794 0.493008 0.490172 0.686642 0.792426 0.651067 1.35547 1.30744 0.660014 0.593734 0.544827 0.402422
threshold=198.50000000000003 197.50000000000003 189.50000000000003 180.00000000000003 187.50000000000003 23.500000000000004 14.500000000000002 161.50000000000003 170.50000000000003 102.50000000000001 189.50000000000003 172.50000000000003 144.50000000000003 27.500000000000004
decision_type=2 2 2 2 2 2 2 2 2 2 2 2 2 2
left_child=1 2 3 4 5 6 13 10 12 -10 -7 -11 -9 -1
right_child=-2 -3 -4 -5 -6 7 -8 8 9 11 -12 -13 -14 -15
leaf_value=-0.0021200022681222416 0.010209236576567811 -0.017935195133094609 0.0094787257215992876 0.0098450334648222011 0.0071083472242406106 -0.020780768029927232 -0.011858679344289771 0.016089189978496381 0.0065588613161648244 -0.0040942760488821414 0.0060445209832061097 -0.023460221075195492 -0.0030422922568662711 0.014280057356202589
leaf_weight=3.7941202157671778 1.9692316520959128 1.7852811962366093 8.6057413695380074 3.4786794888786963 5.7725254262331864 7.323967842035926 1.2538188226462796 5.2632225330453348 6.4213829343207207 9.9598397226654942 0.49987772107124318 6.6697481726296237 3.7101776107447222 6.8208717643719865
leaf_count=411 24 10 93 46 68 1579 373 78 106 178 3 101 131 151
internal_value=-0.000381439 -0.00132306 0.000277138 -0.00164167 -0.00306884 -0.0047313 0.00450519 -0.00767796 -0.00328122 -0.00927288 -0.0173784 -0.0154892 0.00992085 0.00961635
internal_weight=73.3285 71.3593 69.574 60.9682 57.4896 51.717 11.8688 39.8482 32.0244 23.051 7.82385 16.6296 8.9734 10.615
internal_count=3352 3328 3318 3225 3179 3111 935 2176 594 385 1582 279 209 562
is_linear=0
shrinkage=0.05


Tree=255
num_leaves=15
num_cat=0
split_feature=8 0 8 10 5 5 10 9 3 8 8 3 5 5
split_gain=0.335361 0.492084 0.475606 0.880349 0.507127 1.2464 1.186 0.530879 0.445671 0.700168 0.691634 0.873117 0.638213 0.778541
threshold=185.50000000000003 16.500000000000004 174.50000000000003 117.50000000000001 173.50000000000003 145.50000000000003 140.50000000000003 162.50000000000003 139.50000000000003 102.50000000000001 94.500000000000014 85.500000000000014 25.500000000000004 21.500000000000004
decision_type=2 2 2 2 2 2 2 2 2 2 2 2 2 2
left_child=1 2 3 8 5 7 -7 -5 9 10 11 12 13 -1
right_child=-2 -3 -4 4 -6 6 -8 -9 -10 -11 -12 -13 -14 -15
leaf_value=-0.011989439198651508 0.0094158806695010169 -0.013023279542398703 -0.0082170213862536989 -0.00019332389824019866 0.018533433813806444 0.0070832582823920484 -0.017766227245589451 0.020763226170060625 -0.0094354360740350803 0.014328263203919334 -0.012970511704305965 0.013262521510990985 -0.016781097371756294 0.0099613574625806341
leaf_weight=1.4449796124245091 2.9497968805953851 3.1060318861345868 9.2839598704595101 4.4285345094540443 4.0528076482005408 5.1457950859330577 5.3394283892994281 3.9345833123661578 11.232166456116827 2.6009728045173679 5.563971761155698 5.776331882341764 1.9832437734876291 6.2298021377937403
leaf_count=355 35 1006 97 129 52 53 190 47 148 418 196 170 92 364
internal_value=-0.000376392 -0.0013876 1.84256e-05 0.00189213 0.0085889 0.00301324 -0.00722155 0.0137459 -0.00303634 0.00112646 -0.00294992 0.00295224 -0.00563474 0.00272923
internal_weight=73.0724 70.1226 67.0166 57.7326 22.9011 18.8483 10.4852 8.36312 34.8315 23.5993 20.9983 15.4344 9.65803 7.67478
internal_count=3352 3317 2311 2214 471 419 243 176 1743 1595 1177 981 811 719
is_linear=0
shrinkage=0.05


Tree=256
num_leaves=15
num_cat=0
split_feature=6 5 10 3 9 5 9 9 2 0 10 12 4 1
split_gain=0.340522 0.986407 0.787185 0.786966 0.757957 0.644009 0.741648 0.729589 0.636496 0.881632 0.723158 0.611656 0.569018 0.364594
threshold=155.50000000000003 145.50000000000003 176.50000000000003 121.50000000000001 165.50000000000003 164.50000000000003 169.50000000000003 173.50000000000003 1.5000000000000002 8.5000000000000018 84.500000000000014 153.50000000000003 98.500000000000014 4.5000000000000009
decision_type=2 2 2 2 2 2 2 2 2 2 2 2 2 2
left_child=1 3 -3 8 11 7 -7 -2 13 10 -10 -5 -11 -1
right_child=5 2 -4 4 -6 6 -8 -9 9 12 -12 -13 -14 -15
leaf_value=-0.0043205065665368903 -0.016489245764846679 -0.02116091218128641 0.0037458061745034008 0.0089225271957260825 0.018961843988065177 0.01386142695428999 -0.0025432549031931266 0.0061718195714669374 0.0057402052458169709 -0.024075651194541192 -0.012588501772719606 -0.0082710434849826344 0.0043815178063281897 0.013592559532153301
leaf_weight=1.6142759153444814 2.7109365302458199 5.4805489056816423 2.673606775701046 4.6866338149702624 4.3258188534528008 11.855622617295014 9.4077062387950701 2.930575103033334 11.432780071219897 3.8207845115975934 3.0050994996781801 6.1071952120400965 0.5113855173185583 2.275173810965498
leaf_count=244 134 284 25 238 67 121 90 51 499 637 520 90 232 120
internal_value=-0.000349322 -0.00286629 -0.0146748 0.00109971 0.00851883 0.00372354 0.00750097 -0.00734872 -0.00449579 -0.00818941 -0.000331553 -0.000344365 -0.0201687 0.00790951
internal_weight=72.8381 45.9333 8.15416 37.7791 15.1196 26.9048 21.2633 5.64151 22.6595 18.77 14.4379 10.7938 4.33217 3.88945
internal_count=3352 2956 309 2647 395 396 211 185 2252 1888 1019 328 869 364
is_linear=0
shrinkage=0.05


Tree=257
num_leaves=15
num_cat=0
split_feature=3 5 5 7 6 13 16 16 0 0 10 15 15 4
split_gain=0.331383 0.443662 0.785364 0.459315 1.15255 0.486203 0.579031 0.650434 0.583372 0.558733 0.676389 0.553398 0.65284 0.327801
threshold=175.50000000000003 179.50000000000003 176.50000000000003 184.50000000000003 171.50000000000003 22.500000000000004 170.50000000000003 167.50000000000003 15.500000000000002 6.5000000000000009 160.50000000000003 173.50000000000003 118.50000000000001 27.500000000000004
decision_type=2 2 2 2 2 2 2 2 2 2 2 2 2 2
left_child=1 2 3 4 5 -1 7 8 9 -7 13 12 -8 -11
right_child=-2 -3 -4 -5 -6 6 11 -9 -10 10 -12 -13 -14 -15
leaf_value=-0.0091563620726899646 0.0092777309744431751 -0.011550449143419706 0.015123645883251345 0.0094370957632487103 -0.021264592950215207 -0.0096342959932137692 0.0039077737394054924 0.018498332595600808 -0.012101919191878863 -0.00058234260821344252 -0.0060138208321425289 0.005011293221023054 -0.013208485003883894 0.015833851723709508
leaf_weight=7.9539048517472102 3.0608406439423552 4.4043226270005098 2.7576050451025358 3.4767861096188417 2.6266437058802685 1.1856071334259564 5.695966395782313 3.3694002700503907 1.5095223913303915 3.4276433108025257 3.4285943750292054 9.3489108183421177 11.074526755313853 9.2501951832236937
leaf_count=589 47 37 26 29 32 813 69 59 834 247 51 144 211 164
internal_value=-0.000379457 -0.00139876 6.28081e-05 -0.00167667 -0.00302041 -0.000501906 0.00164892 0.0068635 0.0013305 0.00495449 0.00805629 -0.00316896 -0.00783275 0.0124861
internal_weight=72.5705 69.5096 65.1053 62.3477 58.8709 56.2443 48.2904 22.171 18.8016 17.292 16.1064 26.1194 16.7705 12.6778
internal_count=3352 3305 3268 3242 3213 3181 2592 2168 2109 1275 462 424 280 411
is_linear=0
shrinkage=0.05


Tree=258
num_leaves=15
num_cat=0
split_feature=16 16 7 7 5 17 3 6 13 9 4 17 6 9
split_gain=0.325067 0.782463 0.527493 1.1999 0.999555 0.695609 0.633617 0.872644 0.587137 0.563147 0.503226 0.828602 0.963494 0.639071
threshold=198.50000000000003 197.50000000000003 104.50000000000001 116.50000000000001 108.50000000000001 0.48595505617977536 156.50000000000003 119.50000000000001 98.500000000000014 162.50000000000003 176.50000000000003 0.098314606741573038 169.50000000000003 173.50000000000003
decision_type=2 2 2 2 2 2 2 2 2 2 2 2 2 2
left_child=1 2 -1 4 5 -4 7 9 -9 -5 11 12 13 -8
right_child=-2 -3 3 6 -6 -7 10 8 -10 -11 -12 -13 -14 -15
leaf_value=-0.0063580429413627269 0.010000692182550949 -0.01754951460822704 -0.014300746218018698 -0.007666575148444545 0.023713896564826645 0.0099461422154147605 -0.0053228792823718715 0.0026248000400612851 -0.021763882240420897 0.011118219010340435 0.011084642916684586 0.010763538022897744 -0.016991401680207994 0.01223730542134371
leaf_weight=16.833716408691544 1.9396986616775382 1.7564288601279248 1.5148815502398059 2.5403375593377842 5.1793704457668355 0.82280986732803274 7.5299167590274099 1.9773542302136773 5.0085781538655283 4.1247176609467715 7.6141312427353105 5.3730194417148587 6.0645116362720719 4.0987337590195239
leaf_count=1632 24 10 211 200 239 27 189 110 332 53 91 129 56 49
internal_value=-0.000382526 -0.00131234 0.000265615 0.0027862 0.0164687 -0.0048044 -0.000967917 -0.00835716 -0.0166455 0.00374126 0.00303026 -0.00112956 -0.006317 0.00268505
internal_weight=72.3782 70.4385 68.6821 51.8484 7.51706 2.33769 44.3313 13.651 6.98593 6.66506 30.6803 23.0662 17.6932 11.6287
internal_count=3352 3328 3318 1686 477 238 1209 695 442 253 514 423 294 238
is_linear=0
shrinkage=0.05


Tree=259
num_leaves=15
num_cat=0
split_feature=2 0 1 9 9 13 0 11 13 11 13 15 9 13
split_gain=0.327833 0.639742 0.588644 0.95899 0.883389 0.669931 0.552891 0.514007 0.563512 0.515408 0.544091 0.421117 0.346136 0.331842
threshold=1.5000000000000002 11.500000000000002 2.5000000000000004 177.50000000000003 178.50000000000003 101.50000000000001 8.5000000000000018 107.50000000000001 102.50000000000001 155.50000000000003 168.50000000000003 167.50000000000003 162.50000000000003 34.500000000000007
decision_type=2 2 2 2 2 2 2 2 2 2 2 2 2 2
left_child=1 -1 4 5 7 6 -4 8 12 10 -9 -7 13 -2
right_child=2 -3 3 -5 -6 11 -8 9 -10 -11 -12 -13 -14 -15
leaf_value=-0.0040896979615261562 -0.0067645673133356204 0.01350270940488859 0.0082237090218424316 0.010404061950185377 -0.011893983000745914 -0.022321281282438009 -0.0089233653919228596 0.02018910349737333 -0.013754183254360057 0.00059831504801456257 -0.0021366697278048614 -0.0012466481440986492 0.010949353011046242 0.0071064743507891978
leaf_weight=6.4686014193721331 7.1058518581412482 5.8858079408528283 4.568504785842384 2.1677493005990973 4.7282308386638752 6.8806802552135178 4.245241354292375 6.7573251405701757 1.8473522498752561 10.209949495998442 2.404724013293162 3.7381326816393994 3.1504954392439677 1.9478621596426817
leaf_count=273 337 264 299 30 45 778 412 287 148 170 43 76 52 138
internal_value=-0.000359876 0.00576711 -0.0019742 -0.00771877 0.00179571 -0.0114558 -0.000275817 0.00502805 -0.00196588 0.00946368 0.0156438 -0.0176765 0.00329725 -0.0023137
internal_weight=72.1065 12.3544 59.7521 21.6003 38.1518 19.4326 8.81375 33.4236 14.0516 19.372 9.16205 10.6188 12.2042 9.05371
internal_count=3352 537 2815 1595 1220 1565 711 1175 675 500 330 854 527 475
is_linear=0
shrinkage=0.05


Tree=260
num_leaves=15
num_cat=0
split_feature=2 3 4 15 5 8 4 2 1 14 9 12 6 14
split_gain=0.317565 0.990145 1.47908 1.12967 0.586991 0.57708 0.759698 0.609214 0.746431 0.570839 0.555762 0.467297 0.527908 0.380428
threshold=4.5000000000000009 167.50000000000003 152.50000000000003 160.50000000000003 173.50000000000003 102.50000000000001 95.500000000000014 3.5000000000000004 4.5000000000000009 178.50000000000003 176.50000000000003 105.50000000000001 105.50000000000001 26.500000000000004
decision_type=2 2 2 2 2 2 2 2 2 2 2 2 2 2
left_child=1 2 5 -3 -4 7 -7 8 13 -9 11 -2 -13 -1
right_child=10 3 4 -5 -6 6 -8 9 -10 -11 -12 12 -14 -15
leaf_value=0.0024765867444173535 0.0016307384446515522 -0.0019033483358535997 -0.01959402294608514 0.020301752723335904 0.00087733596102148887 -0.0042923696088532975 0.016954675008168048 -0.004911281603710415 0.0056401615453837532 0.015999431095534065 0.0082924440941157754 0.0016175106417133864 -0.01992960689808429 -0.017834518518450474
leaf_weight=1.5261658050003513 5.4963657974803928 9.3618284761905688 8.2153447265009145 7.156259750481694 4.2021516794338813 3.8640500819310528 7.2635190464789048 2.660246892948634 4.0469572361325845 2.3467939866241068 1.7203902881592501 2.973995972723058 5.1637713515156065 5.9457814462220995
leaf_count=131 477 101 247 104 45 148 767 299 353 26 15 114 164 361
internal_value=-0.000343784 0.00146722 -0.00286422 0.0101988 -0.0144032 0.00372932 0.0105333 -0.00223456 -0.00775014 0.00798667 -0.0057391 -0.00925963 -0.0144364 -0.0143562
internal_weight=71.9436 56.5891 40.071 16.5181 12.4175 27.6535 11.1276 16.5259 11.5189 5.00704 15.3545 13.6341 8.13777 7.47195
internal_count=3352 2582 2377 205 292 2085 915 1170 845 325 770 755 278 492
is_linear=0
shrinkage=0.05


Tree=261
num_leaves=15
num_cat=0
split_feature=5 5 5 4 9 8 8 3 3 7 3 13 13 7
split_gain=0.318238 0.510491 0.486034 0.548359 0.570233 0.546658 1.05644 0.669523 0.72278 0.835212 0.930103 0.551749 0.640178 0.381351
threshold=22.500000000000004 24.500000000000004 32.000000000000007 76.500000000000014 76.500000000000014 90.500000000000014 99.500000000000014 171.50000000000003 168.50000000000003 171.50000000000003 161.50000000000003 154.50000000000003 133.50000000000003 170.50000000000003
decision_type=2 2 2 2 2 2 2 2 2 2 2 2 2 2
left_child=-1 -2 -3 -4 -5 -6 -7 8 9 10 11 12 13 -8
right_child=1 2 3 4 5 6 7 -9 -10 -11 -12 -13 -14 -15
leaf_value=-0.0096611233346616532 0.012487742056140793 -0.012284321638688412 0.013650690542441644 -0.011296283753745607 -0.010767044224917959 0.017088315353324415 -0.012223636893289978 0.0084780904177495248 -0.016732237516930658 0.009377753903276562 0.0080858519333335734 -0.016339292542234804 0.011956776507216393 0.0058636398295688853
leaf_weight=3.1621878647129043 3.2388921980309524 3.0157607462897422 2.3560705865384071 5.7841675603413014 3.4377890192408804 5.6499954766040892 4.0983470301434961 10.460685651283709 3.4827333240536964 9.6491613863036019 5.235256653832038 9.3603369129414187 1.9865450846846213 0.78237483045086254
leaf_count=772 189 164 145 179 65 120 954 134 57 141 113 199 113 7
internal_value=-0.00031076 0.00074819 -0.00068087 0.000752095 -0.000767194 0.00121754 0.00292358 -0.000382203 -0.00379364 -0.000229101 -0.00550392 -0.0107601 0.000524757 -0.00782424
internal_weight=71.7003 68.5381 65.2992 62.2835 59.9274 54.1432 50.7054 45.0554 34.5948 31.112 21.4629 16.2276 6.86727 4.88072
internal_count=3352 2580 2391 2227 2082 1903 1838 1718 1584 1527 1386 1273 1074 961
is_linear=0
shrinkage=0.05


Tree=262
num_leaves=15
num_cat=0
split_feature=13 10 10 9 8 7 4 10 14 3 9 8 16 12
split_gain=0.320211 0.505432 0.560044 0.941704 0.772734 0.844048 1.1459 0.665999 0.847488 0.726127 0.545826 0.383797 0.369088 0.491594
threshold=181.50000000000003 180.00000000000003 158.50000000000003 170.50000000000003 181.50000000000003 173.50000000000003 164.50000000000003 102.50000000000001 193.50000000000003 110.50000000000001 164.50000000000003 173.50000000000003 203.00000000000003 22.500000000000004
decision_type=2 2 2 2 2 2 2 2 2 2 2 2 2 2
left_child=1 2 4 10 5 6 7 9 11 12 -4 -9 13 -1
right_child=-2 -3 3 -5 -6 -7 -8 8 -10 -11 -12 -13 -14 -15
leaf_value=0.00343053404181434 0.007116903739315724 0.010063465372288936 -0.0075226897149749967 -0.020570161580038646 0.013974642436475452 -0.016773061947158614 0.010222977311084007 -0.020740517389273436 0.008157108522271703 0.011579803022458529 0.011308955741012391 0.0028357535918712719 0.0074084289141395122 -0.012158786596736861
leaf_weight=4.9235481943032999 7.3945477656088761 3.4469415717758229 2.8290450802305696 5.0455919604282826 3.1559866890311232 3.7197863095207131 13.627656459488206 7.1496193157436192 0.82955056428909291 4.778449323392123 2.8660545667225961 0.734188038681168 1.0392716228961933 9.9595067247646494
leaf_count=654 97 50 146 77 26 51 160 927 9 179 62 21 12 881
internal_value=-0.000304065 -0.00161307 -0.00299242 -0.0112179 -0.000362345 -0.0025864 0.000257721 -0.00517371 -0.0137221 0.00039406 0.00281076 -0.0182965 -0.00492798 -0.0074358
internal_weight=71.4997 64.1052 60.6583 10.7407 49.9176 46.7616 43.0418 29.4141 8.71336 20.7008 5.6951 7.88381 15.9223 14.8831
internal_count=3352 3255 3205 285 2920 2894 2843 2683 957 1726 208 948 1547 1535
is_linear=0
shrinkage=0.05


Tree=263
num_leaves=15
num_cat=0
split_feature=5 5 5 4 9 8 8 3 3 3 4 9 2 7
split_gain=0.306033 0.487896 0.464635 0.531848 0.534742 0.533413 0.994609 0.626436 0.706056 0.787254 0.69437 1.02225 0.97226 0.907033
threshold=22.500000000000004 24.500000000000004 32.000000000000007 76.500000000000014 76.500000000000014 90.500000000000014 99.500000000000014 171.50000000000003 168.50000000000003 167.50000000000003 152.50000000000003 162.50000000000003 3.5000000000000004 118.50000000000001
decision_type=2 2 2 2 2 2 2 2 2 2 2 2 2 2
left_child=-1 -2 -3 -4 -5 -6 -7 8 9 10 11 13 -12 -8
right_child=1 2 3 4 5 6 7 -9 -10 -11 12 -13 -14 -15
leaf_value=-0.0094490458999412965 0.012236605330814818 -0.011993349765692206 0.013483272853189407 -0.010937638048374408 -0.01064713547195492 0.01665759769498815 0.0055619818245465731 0.0082521662480128238 -0.016461612274617964 0.013939312625147571 -0.017362295176922785 0.01381413728489121 0.0052513115045735087 -0.017528887587182639
leaf_weight=3.1344274678122011 3.2535635176900533 2.9928198425332075 2.3419476885974282 5.7611431825498576 3.4234671835729378 5.6091866092101546 5.0833467312040792 10.381156199378891 3.446303332457318 3.0150485534686586 8.5290027039300167 6.4919175696559241 4.4537507570203152 3.3225114890374243
leaf_count=772 189 164 145 179 65 120 600 134 57 34 202 127 139 425
internal_value=-0.000263453 0.000776649 -0.000633036 0.000772406 -0.000733938 0.00119733 0.00289227 -0.000335612 -0.00365045 -0.000127473 -0.00353705 0.00346521 -0.0103015 -0.00669864
internal_weight=71.2396 68.1052 64.8516 61.8588 59.5168 53.7557 50.3322 44.723 34.3419 30.8956 27.8805 14.8978 12.9828 8.40586
internal_count=3352 2580 2391 2227 2082 1903 1838 1718 1584 1527 1493 1152 341 1025
is_linear=0
shrinkage=0.05


Tree=264
num_leaves=15
num_cat=0
split_feature=2 0 1 9 9 13 0 7 14 17 0 14 15 6
split_gain=0.306831 0.58106 0.562753 0.896071 0.853879 0.661595 0.528166 0.466633 0.559734 0.754601 0.882866 0.413623 0.372259 0.360603
threshold=1.5000000000000002 11.500000000000002 2.5000000000000004 177.50000000000003 178.50000000000003 101.50000000000001 8.5000000000000018 102.50000000000001 177.50000000000003 0.064606741573033713 14.500000000000002 178.50000000000003 167.50000000000003 23.500000000000004
decision_type=2 2 2 2 2 2 2 2 2 2 2 2 2 2
left_child=1 -1 4 5 7 6 -4 11 9 -9 -11 13 -7 -2
right_child=2 -3 3 -5 -6 12 -8 8 -10 10 -12 -13 -14 -15
leaf_value=-0.0038198500395875351 0.002942298300664942 0.013054867575045351 0.0081795933060204839 0.01008459348484407 -0.011648564107797689 -0.021779369230095845 -0.0086210738256017761 -0.0027542767397281519 -0.0011579385709825486 0.021947543055861971 -0.0051211015880634446 0.0058932834651154774 -0.0014095436575393356 -0.016210786034484812
leaf_weight=6.3732699691317958 1.7554245419596548 5.8029236518341349 4.5354772577993625 2.1196870412677518 4.6730213537812224 6.7256526759738318 4.1834194135080907 4.6614705507527168 10.607027681544421 9.7526571922207932 1.7354634119837999 2.2742804391891696 3.6805697420495562 2.1369434112930321
leaf_count=273 100 264 299 30 45 778 412 73 120 283 387 32 76 180
internal_value=-0.00026861 0.0056815 -0.00184843 -0.00750581 0.00185422 -0.0111414 -8.56199e-05 0.00505388 0.00770262 0.0124202 0.0175455 -0.00474176 -0.0173704 -0.0107754
internal_weight=71.0173 12.1762 58.8411 21.2448 37.5963 19.1251 8.7189 32.9233 26.7566 16.1496 11.4881 6.16665 10.4062 3.89237
internal_count=3352 537 2815 1595 1220 1565 711 1175 863 743 670 312 854 280
is_linear=0
shrinkage=0.05


Tree=265
num_leaves=15
num_cat=0
split_feature=13 10 10 9 8 7 4 13 11 10 8 0 9 11
split_gain=0.318778 0.470666 0.55237 0.872112 0.732956 0.806353 1.06025 0.664294 0.710694 0.953799 0.810484 0.758867 0.515377 0.413195
threshold=181.50000000000003 180.00000000000003 158.50000000000003 170.50000000000003 181.50000000000003 173.50000000000003 164.50000000000003 122.50000000000001 107.50000000000001 67.500000000000014 20.500000000000004 6.5000000000000009 164.50000000000003 22.500000000000004
decision_type=2 2 2 2 2 2 2 2 2 2 2 2 2 2
left_child=1 2 4 12 5 6 7 8 9 10 -1 -12 -4 -11
right_child=-2 -3 3 -5 -6 -7 -8 -9 -10 13 11 -13 -14 -15
leaf_value=-0.010321620979535357 0.0071169372551184926 0.0096864305069869691 -0.0074385569747804602 -0.020153786742838839 0.013677911424715299 -0.016396359859075491 0.0098761316805101862 -0.012732192607568521 0.014132631897724002 0.0010332080219017852 -0.0077656130688679827 0.0171802988298509 0.010874145955822706 -0.018507431993424153
leaf_weight=1.4938639075699116 7.3677995912730685 3.414604232646524 2.8048857209651015 4.9730047438060865 3.1062884461134663 3.679515525000169 13.570548559800953 10.284579689723612 2.4920387953534364 3.0978741307917508 0.91283725859830145 6.4644898521946743 2.8256726787803927 4.3614463961857837
leaf_count=136 97 50 146 77 26 51 160 644 276 275 275 389 62 688
internal_value=-0.0002907 -0.0016073 -0.00294431 -0.0111483 -0.0003236 -0.00250211 0.000289674 -0.0049724 0.00104993 -0.00379129 0.00605711 0.0122035 0.00254365 -0.0132342
internal_weight=70.8494 63.4816 60.067 10.6036 49.4635 46.3572 42.6777 29.1071 18.8226 16.3305 8.87119 7.37733 5.63056 7.45932
internal_count=3352 3255 3205 285 2920 2894 2843 2683 2039 1763 800 664 208 963
is_linear=0
shrinkage=0.05


Tree=266
num_leaves=15
num_cat=0
split_feature=12 15 8 7 10 9 14 14 4 0 2 12 6 7
split_gain=0.304291 0.62617 0.484058 0.780074 0.816782 0.839665 0.63981 0.767167 0.615716 0.49563 0.349896 0.350667 0.346329 0.308977
threshold=174.50000000000003 172.50000000000003 185.50000000000003 169.50000000000003 113.50000000000001 87.500000000000014 173.50000000000003 92.500000000000014 108.50000000000001 16.500000000000004 2.5000000000000004 123.50000000000001 165.50000000000003 167.50000000000003
decision_type=2 2 2 2 2 2 2 2 2 2 2 2 2 2
left_child=1 2 3 4 5 6 7 10 -8 -6 -1 -12 -7 -11
right_child=-2 -3 -4 -5 9 12 8 -9 -10 13 11 -13 -14 -15
leaf_value=-0.0059024663280038666 -0.0084783782758625307 0.0096451247868152949 0.010824711438037211 -0.012121779753267579 0.011565697788119677 -0.020171664696346563 -0.0026558250767957643 -0.017536435939226099 0.016147035822278614 -0.011407158622132194 0.013170136136516783 -0.0045131338008590474 0.001228682559216696 0.0058465679153406691
leaf_weight=2.6060499133454922 4.9527370884316033 10.867608321364967 2.2335530994459978 11.567963810986837 13.187519940998753 3.7202638670132719 5.813285382697357 2.802024522839929 4.5192437330260873 1.3706508099276096 3.5960080626973649 1.2052275007590649 1.7180547708994707 0.45947079276083957
leaf_count=248 81 150 23 190 361 722 154 600 35 447 291 28 15 7
internal_value=-0.000309942 0.000862432 -0.00154015 -0.00296011 0.000661606 -0.00449214 0.00111506 -0.00634536 0.00815191 0.0084725 0.00324899 0.00869335 -0.0160608 -0.00596649
internal_weight=70.6197 65.6669 54.7993 52.5658 40.9978 25.9802 20.5418 10.2093 10.3325 15.0176 7.40729 4.80124 5.43832 1.83012
internal_count=3352 3271 3121 3098 2908 2093 1356 1167 189 815 567 319 737 454
is_linear=0
shrinkage=0.05


Tree=267
num_leaves=15
num_cat=0
split_feature=13 10 10 6 8 7 7 13 14 14 5 10 8 2
split_gain=0.30369 0.456027 0.518449 0.839456 0.70185 0.744406 1.01836 0.394479 0.800438 0.89862 0.82538 0.529516 0.402941 0.753392
threshold=181.50000000000003 180.00000000000003 158.50000000000003 133.50000000000003 181.50000000000003 173.50000000000003 166.50000000000003 178.50000000000003 169.50000000000003 92.500000000000014 108.50000000000001 69.500000000000014 20.500000000000004 2.5000000000000004
decision_type=2 2 2 2 2 2 2 2 2 2 2 2 2 2
left_child=1 2 4 -4 5 6 7 8 9 12 11 -10 -1 -14
right_child=-2 -3 3 -5 -6 -7 -8 -9 10 -11 -12 -13 13 -15
leaf_value=-0.0097549254605515893 0.0068955288832843872 0.0095002275191415093 0.0021705308186340875 -0.02017088938098726 0.01333997071574205 -0.015901439904102293 0.015089510996448095 -0.013882325499482488 0.005490631137797501 -0.019093887279282351 0.011331802512451477 -0.013461763620836087 -0.0069134365077026128 0.01290837774084207
leaf_weight=1.4056399767869177 7.3463122970424584 3.3998740417882791 5.9418323515565117 4.5801300839375472 3.0749522857367984 3.6436151688103555 4.3796648917486882 2.1023725771810851 2.7962951547815491 4.6959980564060961 13.118306576157918 3.5485853308346123 4.2422360018026648 6.1499096897023264
leaf_count=105 97 50 187 98 26 51 66 30 120 1478 152 83 344 465
internal_value=-0.00034329 -0.00163085 -0.00295036 -0.0109194 -0.000393994 -0.00252644 0.000176828 -0.00309215 -0.000843534 -0.0077971 0.0054384 -0.00637049 0.00104449 0.00519951
internal_weight=70.4257 63.0794 59.6795 10.522 49.1576 46.0826 42.439 38.0593 35.957 16.4938 19.4632 6.34488 11.7978 10.3921
internal_count=3352 3255 3205 285 2920 2894 2843 2777 2747 2392 355 203 914 809
is_linear=0
shrinkage=0.05


Tree=268
num_leaves=15
num_cat=0
split_feature=6 13 10 14 14 2 16 8 11 5 16 8 15 6
split_gain=0.307037 0.382431 0.516529 0.538856 0.690055 1.18201 1.07724 0.875367 0.865389 0.813798 0.69425 0.619882 0.422227 0.402309
threshold=178.50000000000003 181.50000000000003 180.00000000000003 197.50000000000003 176.50000000000003 3.5000000000000004 161.50000000000003 99.500000000000014 169.50000000000003 87.500000000000014 23.500000000000004 20.500000000000004 168.50000000000003 21.500000000000004
decision_type=2 2 2 2 2 2 2 2 2 2 2 2 2 2
left_child=1 2 3 4 5 6 10 -6 9 11 -1 -7 -8 -13
right_child=-2 -3 -4 -5 7 8 12 -9 -10 -11 -12 13 -14 -15
leaf_value=0.007869738328275741 0.0074923508538259423 0.006611603022826415 0.0089945725424519507 0.0093362105974455628 0.00076540706210203495 -0.010658679859163158 0.018924202192585393 -0.019805786896024816 0.0089803376589074162 -0.02034907340459155 -0.014265868925257547 -0.0053081772587808525 0.0015529212473470806 0.014464927175874135
leaf_weight=1.7200281932164241 5.7439304748550049 7.3146445318125179 3.3221807014197102 2.0207365453243247 7.4061795468442169 1.5553370945272025 6.5096465755486843 9.7645795042626542 1.6009370032697905 8.6885258993643202 4.3904371268654359 0.74886174703715402 6.4239809054415673 2.9863444063012139
leaf_count=164 47 95 47 19 128 166 131 154 14 745 1126 171 108 237
internal_value=-0.000402572 -0.00159489 -0.00309295 -0.00454035 -0.00585599 -0.00125333 0.00642459 -0.0127613 -0.00991912 -0.0138792 -0.00729743 0.00147074 0.0131346 0.00973141
internal_weight=70.1964 64.4524 57.1378 53.8156 51.7949 34.6241 19.0441 17.1708 15.58 13.9791 6.11047 5.29054 12.9336 3.73521
internal_count=3352 3305 3210 3163 3144 2862 1529 282 1333 1319 1290 574 239 408
is_linear=0
shrinkage=0.05


Tree=269
num_leaves=15
num_cat=0
split_feature=3 5 5 5 3 13 6 14 8 6 14 5 8 7
split_gain=0.297485 0.389127 0.719538 0.459338 0.951963 0.773255 0.815414 0.678635 0.639852 0.846398 1.11463 0.578385 0.560191 0.555212
threshold=175.50000000000003 179.50000000000003 176.50000000000003 145.50000000000003 128.50000000000003 164.50000000000003 156.50000000000003 197.50000000000003 90.500000000000014 112.50000000000001 177.50000000000003 21.500000000000004 105.50000000000001 167.50000000000003
decision_type=2 2 2 2 2 2 2 2 2 2 2 2 2 2
left_child=1 2 3 4 7 13 -7 8 11 -10 -11 -1 -6 -5
right_child=-2 -3 -4 5 12 6 -8 -9 9 10 -12 -13 -14 -15
leaf_value=-0.011784464065828573 0.0088745597842677972 -0.010899187841755885 0.014554891222049983 -0.020398553832330885 -0.0034605518170801549 -0.0077068509727938675 0.013095160382660618 0.010985601278359767 -0.022575123010833378 0.01372387527471204 -0.01290396553123746 0.0059828828878147194 0.016009294908159714 -0.0020519706152281386
leaf_weight=1.416741104942054 2.9372210716828695 4.2554631857201448 2.6714841481298199 5.1962880513019654 2.9966949615627518 4.5995688515249622 4.7195234252139926 2.0446197800338259 4.6636713154730369 2.9964169753948227 2.743981346487999 11.232302537115173 8.3826257157634227 9.0517238257452828
leaf_count=502 47 37 26 283 29 101 60 18 781 267 26 770 266 139
internal_value=-0.00033629 -0.00132873 7.7482e-05 -0.00163598 0.00185925 -0.00642442 0.00372204 -0.00363673 -0.00666046 -0.0135253 0.000913724 0.00121809 0.0113908 -0.0123038
internal_weight=69.9083 66.9711 62.7156 60.0442 36.4771 23.5671 9.31909 25.0977 23.0531 10.4041 5.7404 12.649 11.3793 14.248
internal_count=3352 3305 3268 3242 2659 583 161 2364 2346 1074 293 1272 295 422
is_linear=0
shrinkage=0.05


Tree=270
num_leaves=15
num_cat=0
split_feature=6 5 10 3 9 10 5 9 9 2 0 5 4 4
split_gain=0.301856 0.903089 0.795516 0.630492 0.715463 0.747447 0.613557 0.625731 0.620836 0.592516 0.830727 0.66812 0.515442 0.508194
threshold=155.50000000000003 154.50000000000003 176.50000000000003 121.50000000000001 165.50000000000003 124.50000000000001 164.50000000000003 173.50000000000003 169.50000000000003 1.5000000000000002 8.5000000000000018 25.500000000000004 108.50000000000001 98.500000000000014
decision_type=2 2 2 2 2 2 2 2 2 2 2 2 2 2
left_child=1 3 -3 9 5 -5 7 -2 -8 -1 11 -11 -13 -12
right_child=6 2 -4 4 -6 -7 8 -9 -10 10 13 12 -14 -15
leaf_value=0.0076673814318972376 -0.01581075875786369 -0.022885507474417793 0.0034439748617470234 0.0065894947899777234 0.017763852605189513 -0.012560522628439184 0.0131825000898027 0.005542725611582624 -0.0021697315125294779 0.010684215170679986 -0.023388013807312473 -0.011662351984060354 0.005903578265664032 0.0040619209095065665
leaf_weight=3.7820398172334562 2.5556138465617577 3.5958466733427477 2.584333747625351 8.8425302730902349 4.1230580720439312 3.0732705499904105 11.377931101014839 2.7822715193033218 8.9593803053721768 3.8931849125074249 3.6469919836017644 7.3469421213667356 2.6115980147078517 0.47851436488417665
leaf_count=364 134 173 25 178 75 246 121 51 90 281 637 569 169 239
internal_value=-0.000350005 -0.00276486 -0.0152592 0.000822045 0.00721862 -0.000602349 0.00356278 -0.00738304 0.00732572 -0.00436071 -0.008009 -0.000214411 -0.00662222 -0.019723
internal_weight=69.6535 43.9783 6.18018 37.7981 16.0389 11.9158 25.6752 5.33789 20.3373 21.7593 17.9772 13.8517 9.95854 4.12551
internal_count=3352 2956 198 2758 499 424 396 185 211 2259 1895 1019 738 876
is_linear=0
shrinkage=0.05


Tree=271
num_leaves=15
num_cat=0
split_feature=12 15 10 10 10 9 7 14 3 8 9 5 5 3
split_gain=0.293437 0.595216 0.465422 1.03119 0.665229 0.98385 0.890296 0.688013 0.511962 0.676272 0.653433 0.420601 0.522072 0.468238
threshold=174.50000000000003 172.50000000000003 176.50000000000003 159.50000000000003 108.50000000000001 89.500000000000014 173.50000000000003 171.50000000000003 104.50000000000001 90.500000000000014 23.500000000000004 21.500000000000004 25.500000000000004 22.500000000000004
decision_type=2 2 2 2 2 2 2 2 2 2 2 2 2 2
left_child=1 2 3 4 5 8 7 -6 10 -10 11 -1 13 -13
right_child=-2 -3 -4 -5 6 -7 -8 -9 9 -11 -12 12 -14 -15
leaf_value=-0.0084966944326611699 -0.0084343893069680608 0.0094029428279292192 0.0089374612268366179 -0.016959345010606426 -0.0017415148657278275 -0.019703800397168951 -0.0066711883706874336 0.018178113715995599 -0.0044683172229296334 0.015478703950209411 -0.014392491624163129 0.018662017688741369 -0.0061373532529961933 -0.0031713528621836427
leaf_weight=0.96391715128266309 4.8562538604019201 10.672722318500744 4.3040533585008225 5.9241785196209085 5.2294372195974601 3.112587506613635 5.7056372679653569 8.3244028146145848 4.4778380849456862 4.6513266533293063 4.4278181432600832 3.442281867042766 1.6172739026078486 1.6810744706017429
leaf_count=375 81 150 60 207 676 619 68 121 133 56 328 221 100 157
internal_value=-0.00038067 0.000788287 -0.00157244 -0.00322064 0.000196485 -0.00488262 0.00630593 0.0120944 0.000625481 0.00757582 -0.00528905 0.00354801 0.00815539 0.01347
internal_weight=69.3908 64.5345 53.8618 49.5578 43.6336 24.3741 19.2595 13.5538 21.2615 9.12916 12.1324 7.70455 6.74063 5.12336
internal_count=3352 3271 3121 3061 2854 1989 865 797 1370 189 1181 853 478 378
is_linear=0
shrinkage=0.05


Tree=272
num_leaves=15
num_cat=0
split_feature=6 13 10 14 14 2 16 6 11 5 16 8 15 6
split_gain=0.295662 0.346035 0.493393 0.496739 0.650373 1.10161 1.00053 0.852181 0.811665 0.727576 0.662111 0.590878 0.39846 0.383158
threshold=178.50000000000003 181.50000000000003 180.00000000000003 197.50000000000003 176.50000000000003 3.5000000000000004 161.50000000000003 109.50000000000001 169.50000000000003 87.500000000000014 23.500000000000004 20.500000000000004 168.50000000000003 21.500000000000004
decision_type=2 2 2 2 2 2 2 2 2 2 2 2 2 2
left_child=1 2 3 4 5 6 10 -6 9 11 -1 -7 -8 -13
right_child=-2 -3 -4 -5 7 8 12 -9 -10 -11 -12 13 -14 -15
leaf_value=0.0077047601095770113 0.007330567770983668 0.0062336690180406183 0.0088142687260569352 0.0089054965936032817 0.0018397036650557052 -0.010564250765482728 0.018362541125250875 -0.018717767106975175 0.0086810397819154055 -0.019690711799132024 -0.013906689363344021 -0.0052388585192984036 0.0014264383163249815 0.014013510599143728
leaf_weight=1.7321562890865632 5.703961747698485 7.2237310046330085 3.2614642321132115 1.9932325966656197 6.2054476752528016 1.5403218324499892 6.4148861321154964 10.715433255070819 1.5880845775827754 8.4853058024164039 4.3202362261290546 0.7414267934218518 6.303649618581403 2.9561715423260466
leaf_count=164 47 95 47 19 133 166 131 149 14 745 1126 171 108 237
internal_value=-0.000428886 -0.00161041 -0.00304421 -0.00447098 -0.00574216 -0.00122909 0.00622552 -0.0124787 -0.00965088 -0.013524 -0.00703413 0.00120354 0.0127398 0.00936067
internal_weight=69.1855 63.4815 56.2578 52.9964 51.0031 34.0822 18.7709 16.9209 15.3113 13.7232 6.05239 5.23792 12.7185 3.6976
internal_count=3352 3305 3210 3163 3144 2862 1529 282 1333 1319 1290 574 239 408
is_linear=0
shrinkage=0.05


Tree=273
num_leaves=15
num_cat=0
split_feature=6 6 5 9 9 3 10 10 2 0 10 4 13 1
split_gain=0.29575 0.861033 0.577175 0.606859 0.58115 0.496913 0.587306 0.926295 0.554274 0.809375 0.670747 0.503461 0.44463 0.316528
threshold=155.50000000000003 139.50000000000003 164.50000000000003 173.50000000000003 169.50000000000003 121.50000000000001 168.50000000000003 124.50000000000001 1.5000000000000002 8.5000000000000018 84.500000000000014 98.500000000000014 170.50000000000003 4.5000000000000009
decision_type=2 2 2 2 2 2 2 2 2 2 2 2 2 2
left_child=1 5 3 -2 -4 8 7 -7 13 10 -10 -11 -9 -1
right_child=2 -3 4 -5 -6 6 -8 12 9 11 -12 -13 -14 -15
leaf_value=-0.0041066020533041979 -0.015510214533312217 -0.016673214462896924 0.012859827229019592 0.0055382682057867954 -0.0020556794625362809 0.0082805865390765104 0.015578659641800921 -0.017418259253561285 0.0057519375995091146 -0.023133127984250903 -0.012140297733500435 0.004122615576910741 0.0027821979820345181 0.012651201331217799
leaf_weight=1.5410599978495185 2.4978221228520878 4.0501489395537638 11.276026487816127 2.7563631846569479 8.8991378406062704 8.3172515509795648 4.1367256157100192 3.1214296856851425 10.957356225379046 3.5833205766684832 2.7982981276290948 0.45960957732313534 2.2974249202525243 2.2197832422389183
leaf_count=244 134 232 121 51 90 141 75 237 499 637 520 212 44 115
internal_value=-0.000358587 -0.00276188 0.00352944 -0.00715181 0.00717909 0.000382438 0.00574718 -0.000580891 -0.00430965 -0.00784869 -0.000153977 -0.0194684 -0.0116288 0.00735973
internal_weight=68.9118 43.4824 25.4293 5.25419 20.1752 39.4323 17.8728 13.7361 21.5594 17.7986 13.7557 4.04293 5.41885 3.76084
internal_count=3352 2956 396 185 211 2724 497 422 2227 1868 1019 849 281 359
is_linear=0
shrinkage=0.05


Tree=274
num_leaves=15
num_cat=0
split_feature=3 5 5 12 7 15 12 11 13 0 3 5 3 3
split_gain=0.293994 0.374785 0.690779 0.444241 0.951703 0.739898 0.859781 0.682066 0.753008 0.591996 0.576637 0.507694 0.905107 0.569926
threshold=175.50000000000003 179.50000000000003 176.50000000000003 143.50000000000003 171.50000000000003 166.50000000000003 169.50000000000003 162.50000000000003 122.50000000000001 6.5000000000000009 172.50000000000003 94.500000000000014 104.50000000000001 163.50000000000003
decision_type=2 2 2 2 2 2 2 2 2 2 2 2 2 2
left_child=1 2 3 7 5 -5 -7 8 9 -1 -10 -11 -13 -14
right_child=-2 -3 -4 4 -6 6 -8 -9 10 11 -12 12 13 -15
leaf_value=-0.011028754712980725 0.0087589408698482401 -0.010822675318768023 0.014250811187209639 -0.021648567743602132 0.0090173919645690475 0.0058675448303284333 -0.013288305348526387 0.013395319891777283 -0.015548191369129303 0.014237000832355054 0.0056074729734128604 -0.014716726450371836 0.012294547986580744 -0.0044083811168959021
leaf_weight=1.4054383738403036 2.8991312822327009 4.2125252261757842 2.5926739061251274 4.6868962533408256 3.8849203020508858 9.2640227554365975 5.1590094194980329 4.6965405857481519 7.011362579338309 6.2341010682721416 1.5199680395890025 2.2930067234774461 7.6382966573582944 5.1973420280846767
leaf_count=990 47 37 26 217 70 139 92 93 520 541 18 82 410 70
internal_value=-0.000422216 -0.00141679 -8.99852e-06 -0.00170026 -0.00646154 -0.0108258 -0.00264126 0.00175844 -0.00159229 0.00332737 -0.0110998 0.00618445 0.000153969 0.00619144
internal_weight=68.6952 65.7961 61.5836 58.9909 22.9948 19.1099 14.423 35.9961 31.2995 22.7682 8.53133 21.3627 15.1286 12.8356
internal_count=3352 3305 3268 3242 518 448 231 2724 2631 2093 538 1103 562 480
is_linear=0
shrinkage=0.05


Tree=275
num_leaves=15
num_cat=0
split_feature=9 7 7 14 12 15 12 7 1 10 0 13 6 16
split_gain=0.295042 0.486385 0.575377 0.475698 0.503699 0.904425 0.63356 0.733475 0.532929 0.518212 0.431569 0.399417 0.369066 0.449158
threshold=21.500000000000004 22.500000000000004 104.50000000000001 22.500000000000004 174.50000000000003 166.50000000000003 153.50000000000003 173.50000000000003 1.0000000180025095e-35 97.500000000000014 7.5000000000000009 166.50000000000003 108.50000000000001 180.50000000000003
decision_type=2 2 2 2 2 2 2 2 2 2 2 2 2 2
left_child=10 -2 12 -4 5 6 7 8 -5 -10 -1 -7 13 -3
right_child=1 2 3 4 -6 11 -8 -9 9 -11 -12 -13 -14 -15
leaf_value=0.0036378164994212286 0.011178666049973007 -0.019066846139323627 -0.010673054963703929 -0.0066132619240120904 -0.0080044309474681871 0.019117889651574023 -0.010705651113733131 -0.0079051781912739746 -0.0027812905951225459 0.014227570800214265 -0.015761250690854035 0.0015259874524252985 0.0028890427228368963 0.0019764352998654505
leaf_weight=2.3363998039567369 4.598095637644291 4.1550373459904204 2.3227255077508735 2.0343943152256641 4.4740402877796432 6.9178390931338054 5.7033512185080317 6.0425417450605883 4.0098885783154428 13.544506156933492 1.8346114078303797 5.7118293412495404 2.4844982018403243 2.3179543428122997
leaf_count=162 368 701 73 182 64 116 148 88 176 764 342 90 46 32
internal_value=-0.000430367 0.00071277 -0.000894442 0.00144517 0.00297052 0.00479072 -0.000264644 0.0034269 0.00781917 0.010587 -0.00883584 0.0138511 -0.00992092 -0.013954
internal_weight=68.4877 64.3167 59.7186 50.7611 48.4384 43.9644 31.3347 25.6313 19.5888 17.5544 4.17101 12.6297 8.95749 6.47299
internal_count=3352 2848 2480 1701 1628 1564 1358 1210 1122 940 504 206 779 733
is_linear=0
shrinkage=0.05


Tree=276
num_leaves=15
num_cat=0
split_feature=3 5 5 5 3 13 6 14 8 6 14 4 0 2
split_gain=0.291679 0.349555 0.671291 0.427275 0.859893 0.707438 0.743366 0.615102 0.556589 0.80939 1.00585 0.594761 0.545994 0.570469
threshold=175.50000000000003 179.50000000000003 176.50000000000003 145.50000000000003 128.50000000000003 164.50000000000003 156.50000000000003 197.50000000000003 90.500000000000014 112.50000000000001 177.50000000000003 61.500000000000007 7.5000000000000009 1.5000000000000002
decision_type=2 2 2 2 2 2 2 2 2 2 2 2 2 2
left_child=1 2 3 4 7 -5 -7 8 11 -10 -11 12 -1 -14
right_child=-2 -3 -4 5 -6 6 -8 -9 9 10 -12 -13 13 -15
leaf_value=0.0046767217496144035 0.0086568105559739084 -0.010584035877949927 0.013969331767007926 -0.01207244150998877 0.010770889556600185 -0.007525976893788807 0.012448453866602144 0.010364660739213428 -0.021900919965841571 0.013297479177371382 -0.012162102205478333 0.011559552954428676 0.0051535174135702959 -0.018286366921665419
leaf_weight=4.7339358214521834 2.8860696563497177 4.1915765618905416 2.5682251695543519 13.953711544403633 11.137923703208797 4.4596673678606731 4.6119584152474999 2.0111817456781855 4.5019359060097468 2.9095970972703071 2.6411029566079378 3.1100421480805371 1.1751327713718636 3.4705361541709863
leaf_count=356 47 37 26 422 295 101 60 18 781 267 26 163 129 624
internal_value=-0.000501847 -0.00149106 -0.00011769 -0.0017817 0.00164243 -0.00643549 0.00344387 -0.00362012 -0.0065229 -0.0130114 0.00116066 0.000926245 -0.00539297 -0.0127593
internal_weight=68.3626 65.4765 61.285 58.7167 35.6914 23.0253 9.07163 24.5535 22.5423 10.0526 5.5507 12.4896 9.3796 4.64567
internal_count=3352 3305 3268 3242 2659 583 161 2364 2346 1074 293 1272 1109 753
is_linear=0
shrinkage=0.05


Tree=277
num_leaves=15
num_cat=0
split_feature=8 12 15 12 7 0 2 15 1 5 14 2 11 13
split_gain=0.292438 0.328678 0.764996 0.715041 0.706351 0.680872 0.547314 0.683064 0.856629 0.457226 0.28637 0.24666 0.201981 0.0715401
threshold=20.500000000000004 170.50000000000003 167.50000000000003 143.50000000000003 173.50000000000003 6.5000000000000009 2.5000000000000004 22.500000000000004 4.5000000000000009 172.50000000000003 173.50000000000003 3.5000000000000004 28.500000000000004 22.500000000000004
decision_type=2 2 2 2 2 2 2 2 2 2 2 2 2 2
left_child=-1 2 3 4 5 -2 7 -7 12 -5 13 -4 -9 -8
right_child=1 -3 11 9 -6 6 10 8 -10 -11 -12 -13 -14 -15
leaf_value=-0.010554205766821069 -0.010824216926580603 -0.0072333438285040021 0.014482947779734454 -0.015626301214226191 -0.0090568244082922175 -0.012543684854976861 0.001392907522848651 0.0035967501364471861 0.016872149890999135 0.0023455976913551286 0.0032838822295476015 0.0010510593867078101 -0.0089302108059192854 0.018768037626256871
leaf_weight=1.5338371789621295 1.3721503664928629 6.7394799296744159 7.5852287745219638 6.4866104180982784 6.3115992196253492 2.7336982420238227 1.5226033315775582 1.6659069862071172 3.2531914698047331 3.4421669756411575 9.1373187300050613 5.8447983076330274 3.938415659700695 6.5340782201383263
leaf_count=168 979 115 125 237 86 175 165 73 144 54 148 91 189 603
internal_value=-0.000450624 0.00050328 0.00186547 -0.00141515 0.00209689 0.00538729 0.00764762 -0.000820092 0.00601859 -0.0106969 0.0122548 0.0105084 -0.00526637 0.0172752
internal_weight=68.1011 66.5672 59.8278 46.3977 36.469 30.1574 28.7852 11.5912 8.85751 9.92878 17.194 13.43 5.60432 8.05668
internal_count=3352 3184 3069 2853 2562 2476 1497 581 406 291 916 216 262 768
is_linear=0
shrinkage=0.05


Tree=278
num_leaves=15
num_cat=0
split_feature=10 9 10 10 13 10 8 3 5 5 0 2 4 4
split_gain=0.296451 0.596682 0.766142 0.644255 0.566448 0.621636 0.827834 0.540311 0.507449 0.679082 0.694629 0.643181 0.423307 0.838932
threshold=108.50000000000001 94.500000000000014 97.500000000000014 84.500000000000014 173.50000000000003 159.50000000000003 174.50000000000003 85.500000000000014 25.500000000000004 21.500000000000004 7.5000000000000009 1.5000000000000002 166.50000000000003 161.50000000000003
decision_type=2 2 2 2 2 2 2 2 2 2 2 2 2 2
left_child=1 2 3 7 5 12 -7 8 9 -1 -11 -12 13 -2
right_child=4 -3 -4 -5 -6 6 -8 -9 -10 10 11 -13 -14 -15
leaf_value=-0.011619041802054673 -0.0039177440355374488 -0.015099617329546539 0.011621832624719886 -0.015958709914477596 0.0099298474710621688 0.0032037424027792725 -0.018800497517707564 0.0085676396112767256 -0.015826421930145936 0.017255021142561194 0.0096228857378916257 -0.013391290956893929 -0.0034158764296097462 0.018109747957500099
leaf_weight=1.3862938052043441 5.2326367622954475 3.8901294809184028 5.0714720776013555 3.4434853529310194 10.668839836493133 5.6131556008767785 4.3416243162937462 6.8843902359658378 1.8433431631274286 3.0902441631769761 0.74029532237909768 2.1823288490413688 9.0275588996882998 4.5776859919424169
leaf_count=501 661 576 81 105 146 217 63 188 119 173 22 296 120 84
internal_value=-0.000473465 -0.00399523 9.09645e-06 -0.00475285 0.00223582 -0.00166253 -0.00947024 0.000850471 -0.00588754 0.00197209 0.00895815 -0.00516779 0.00358439 0.00900457
internal_weight=67.9935 28.532 24.6419 19.5704 39.4615 28.7927 9.95478 16.1269 9.24251 7.39916 6.01287 2.92262 18.8379 9.81032
internal_count=3352 2061 1485 1404 1291 1145 280 1299 1111 992 491 318 865 745
is_linear=0
shrinkage=0.05


Tree=279
num_leaves=15
num_cat=0
split_feature=3 3 3 0 16 4 3 14 10 13 11 0 1 7
split_gain=0.294769 0.611656 0.763938 0.954288 0.941719 0.673202 0.707017 0.815183 0.744689 0.638055 0.63177 0.482047 0.324386 0.313616
threshold=171.50000000000003 169.50000000000003 167.50000000000003 14.500000000000002 184.50000000000003 168.50000000000003 128.50000000000003 197.50000000000003 67.500000000000014 184.50000000000003 25.500000000000004 6.5000000000000009 1.5000000000000002 21.500000000000004
decision_type=2 2 2 2 2 2 2 2 2 2 2 2 2 2
left_child=1 2 3 4 5 6 7 8 11 10 -10 -1 -8 -13
right_child=-2 -3 -4 -5 -6 -7 12 -9 9 -11 -12 13 -14 -15
leaf_value=-0.0088186699246761476 0.0056563451359778671 -0.014864626619309535 0.012639555098283821 -0.016747072962662739 -0.01005484326097734 -0.010084179754856917 0.019552875358921223 0.015284065253745163 0.0029388279778756526 0.0064565748439728097 -0.0225613628670151 -0.0023080580079937961 0.0034153147950142385 0.013190531565081995
leaf_weight=1.0630057313828816 10.634583591949193 3.0777265641954719 4.9474009453551835 4.5924547978138426 10.182755904039366 2.3763100178912273 5.9740065565565583 1.579983104020356 1.8477843424916489 0.89074647612869728 4.7891278873503325 2.9433347232406959 7.9853665911941789 4.9164736653328873
leaf_count=360 139 46 64 1207 120 24 78 16 208 9 616 149 135 181
internal_value=-0.000519234 -0.0020306 -0.000104301 -0.0024361 0.000580271 0.00460833 0.00691531 -0.000135752 -0.00483417 -0.0129871 -0.0172496 0.00423781 0.0136567 0.00874584
internal_weight=67.8011 57.1665 54.0888 49.1413 44.5489 34.3661 31.9898 18.0305 16.4505 7.52766 6.63691 8.92281 13.9594 7.85981
internal_count=3352 3213 3167 3103 1896 1776 1752 1539 1523 833 824 690 213 330
is_linear=0
shrinkage=0.05


Tree=280
num_leaves=15
num_cat=0
split_feature=10 10 9 4 7 15 3 7 8 8 3 5 5 0
split_gain=0.292332 0.683833 0.674126 0.666723 0.441598 0.722698 0.431929 0.892962 0.56971 0.502562 0.830444 0.489421 0.64549 0.688865
threshold=117.50000000000001 124.50000000000001 158.50000000000003 167.50000000000003 171.50000000000003 110.50000000000001 139.50000000000003 123.50000000000001 102.50000000000001 94.500000000000014 85.500000000000014 25.500000000000004 21.500000000000004 7.5000000000000009
decision_type=2 2 2 2 2 2 2 2 2 2 2 2 2 2
left_child=6 -2 -3 4 5 -4 8 -8 9 10 11 12 -1 -14
right_child=1 2 3 -5 -6 -7 7 -9 -10 -11 -12 -13 13 -15
leaf_value=-0.011492395886958426 0.014755593833937528 -0.012697331619509592 0.01091664906149196 -0.0045926662920676717 0.015768269157977074 -0.0090425541737937463 -0.019400246155905007 0.0032149028044544171 0.01276000521545987 -0.011753456941512318 0.012551941994567059 -0.01584501318248362 0.0168939021978151 -0.0052982440979261929
leaf_weight=1.36877160348377 3.8728312474268014 4.1947697397845358 3.4047882488666819 13.096322104858698 5.530871696304529 4.8529213421643362 4.8046809000661579 5.6856691424109158 2.3974898682863559 5.1005800721468395 5.3755140306020612 1.8586159928236154 3.0874037613393739 2.9501197218050947
leaf_count=502 149 431 63 182 90 171 77 123 532 214 174 137 174 333
internal_value=-0.000517188 0.00249733 -0.000863346 0.00268465 0.0089794 0.000200378 -0.00364914 -0.0100617 0.000683419 -0.00306556 0.00218283 -0.0061242 0.00171797 0.00856226
internal_weight=67.5813 34.9525 31.0797 26.8849 13.7886 8.25771 32.6288 10.4904 22.1385 19.741 14.6404 9.26491 7.4063 6.03752
internal_count=3352 1086 937 506 324 234 2266 200 2066 1534 1320 1146 1009 507
is_linear=0
shrinkage=0.05


Tree=281
num_leaves=15
num_cat=0
split_feature=3 16 16 5 5 6 9 8 13 3 15 0 7 7
split_gain=0.288321 0.333593 0.611762 0.557056 1.30057 0.7473 0.725368 0.726346 1.04925 0.79467 0.603455 0.625047 0.535589 0.582077
threshold=175.50000000000003 198.50000000000003 197.50000000000003 145.50000000000003 108.50000000000001 155.50000000000003 162.50000000000003 94.500000000000014 193.50000000000003 85.500000000000014 169.50000000000003 13.500000000000002 104.50000000000001 118.50000000000001
decision_type=2 2 2 2 2 2 2 2 2 2 2 2 2 2
left_child=1 2 3 4 6 -5 7 9 -9 -1 11 -7 -6 -14
right_child=-2 -3 -4 5 12 10 -8 8 -10 -11 -12 -13 13 -15
leaf_value=-0.0079011474314380197 0.0086095573099108889 0.0092519234386594616 -0.016829142342448103 -0.015313027188278556 -0.0027068152768263127 -0.01092474060364549 0.008444380252558727 -0.024912064295375874 0.0081349335111196193 0.011201590352413374 0.01010906510075274 0.0048235712781386237 0.024906846412661131 -0.00018859240931190402
leaf_weight=8.3614606362680295 2.8647081144154063 1.7682384252548207 1.6938738226890553 7.1614827958619598 2.1768167293266725 9.5982179357670301 4.8703352708253069 3.8854114784480762 0.59482023119926442 4.1885832948755697 5.2268959186039856 7.2118597376684184 4.8486057996415184 2.9213962480644113
leaf_count=1137 47 24 10 301 76 111 73 619 3 142 63 168 264 314
internal_value=-0.000504351 -0.00149929 -0.00246284 -0.000820338 0.00350748 -0.00536345 -0.00353656 -0.00810179 -0.0185481 -0.000150662 0.000103835 -0.00461149 0.0150117 0.0190919
internal_weight=67.3727 64.508 62.7398 61.0459 31.8474 29.1985 21.9006 17.0303 4.48023 12.55 22.037 16.8101 9.94682 7.77
internal_count=3352 3305 3281 3271 2628 643 1974 1901 622 1279 342 279 654 578
is_linear=0
shrinkage=0.05


Tree=282
num_leaves=15
num_cat=0
split_feature=10 10 9 4 10 7 3 7 3 12 4 7 11 3
split_gain=0.296017 0.643203 0.643755 0.607693 0.41899 0.413347 0.407826 0.842972 0.543 0.387634 0.542672 0.392074 0.341535 0.324303
threshold=117.50000000000001 124.50000000000001 158.50000000000003 167.50000000000003 169.50000000000003 167.50000000000003 139.50000000000003 123.50000000000001 110.50000000000001 27.500000000000004 27.500000000000004 24.500000000000004 174.50000000000003 171.50000000000003
decision_type=2 2 2 2 2 2 2 2 2 2 2 2 2 2
left_child=6 -2 12 4 5 -4 8 -8 9 10 11 -1 -3 -5
right_child=1 2 3 13 -6 -7 7 -9 -10 -11 -12 -13 -14 -15
leaf_value=-0.010056976507266556 0.014480371195014712 -0.016085106401371601 -0.0013495086638409298 -0.0090530104700100467 -0.0027974535085961063 0.017165856959605232 -0.018976455158602159 0.0030733231763635377 0.0097701945386841869 -0.0092412187693423336 0.013289535685058015 0.0069489762146624284 0.0037607254723644626 0.0033507313159274674
leaf_weight=4.3369042323029197 3.8396765255019991 3.3538062810766887 3.1457142229628534 7.409091076027833 3.9367136019282034 6.6333330251800362 4.7398382115643454 5.6656659108266467 5.6069787317246655 8.8921459048797242 2.006592977733817 1.0682969478948505 0.7787593426182865 5.6420837682671845
leaf_count=729 149 419 155 104 73 96 77 123 250 820 136 131 12 78
internal_value=-0.000458398 0.00257642 -0.000713576 0.00273941 0.00874682 0.0127683 -0.00362883 -0.00986976 0.000618101 -0.00408368 0.00333407 -0.0049718 -0.0123338 -0.00424797
internal_weight=67.0556 34.7392 30.8995 26.7669 13.7158 9.77905 32.3164 10.4055 21.9109 16.3039 7.41179 5.4052 4.13257 13.0512
internal_count=3352 1086 937 506 324 251 2266 200 2066 1816 996 860 431 182
is_linear=0
shrinkage=0.05


Tree=283
num_leaves=15
num_cat=0
split_feature=2 3 4 15 4 15 15 12 17 5 0 3 3 2
split_gain=0.276917 0.873476 1.26665 0.956836 0.505699 0.699239 0.686122 0.500029 0.48857 0.471942 0.397053 0.314075 0.478728 0.302029
threshold=4.5000000000000009 167.50000000000003 152.50000000000003 160.50000000000003 27.500000000000004 115.50000000000001 172.50000000000003 105.50000000000001 0.11516853932584271 173.50000000000003 7.5000000000000009 160.50000000000003 128.50000000000003 2.5000000000000004
decision_type=2 2 2 2 2 2 2 2 2 2 2 2 2 2
left_child=1 2 4 -3 10 -6 -7 8 -2 -4 13 12 -9 -1
right_child=7 3 9 -5 5 6 -8 11 -10 -11 -12 -13 -14 -15
leaf_value=-0.0056852466270549667 0.0128382891310115 -0.0017484159466236186 -0.018538194579061164 0.019234645886936318 0.016177105492535534 -0.0079093270622658425 0.0095144923339915023 -0.0099036185659576014 -0.0051437870469265446 0.00059625050424204329 -0.012390394740949455 -0.0172840785324197 0.0079307075099354345 0.010150539360712692
leaf_weight=1.165286246774488 1.9385857344022941 8.8000605278066342 7.5748403285542718 6.5925280819647005 6.3637643956099081 8.1992781049557362 4.8915437317918977 2.1451986847678182 4.0862944647742552 3.9250940645579249 3.1517060667101759 3.2593210002523847 2.9749008238723036 1.8019132819172228
leaf_count=117 26 101 247 104 743 422 78 124 457 45 575 59 104 150
internal_value=-0.000422089 0.00135026 -0.002882 0.00975109 0.00348464 0.00709676 -0.000568487 -0.00556216 0.00384055 -0.0138057 -0.00602676 -0.0112315 -0.000742751 0.00426648
internal_weight=66.8703 52.466 37.0734 15.3926 25.5735 19.4546 13.0908 14.4043 6.02488 11.4999 6.11891 8.37942 5.1201 2.9672
internal_count=3352 2582 2377 205 2085 1243 500 770 483 292 842 287 228 267
is_linear=0
shrinkage=0.05


Tree=284
num_leaves=15
num_cat=0
split_feature=8 14 14 9 4 7 15 12 0 0 2 10 9 11
split_gain=0.277848 0.300908 0.538576 0.592454 0.70877 0.893371 0.80465 0.590992 0.574058 0.462145 0.698719 0.28021 0.47667 0.148412
threshold=20.500000000000004 199.50000000000003 189.50000000000003 24.500000000000004 161.50000000000003 173.50000000000003 169.50000000000003 150.50000000000003 6.5000000000000009 8.5000000000000018 1.5000000000000002 84.500000000000014 75.500000000000014 176.50000000000003
decision_type=2 2 2 2 2 2 2 2 2 2 2 2 2 2
left_child=-1 2 3 8 6 7 11 -6 -2 -10 -11 12 -5 -13
right_child=1 -3 -4 4 5 -7 -8 -9 9 10 -12 13 -14 -15
leaf_value=-0.010272501181032477 -0.0074833699196011801 -0.0089873714572450449 0.01163830025742945 -0.009100596502503798 0.014685081786872514 -0.0076418093069556174 0.0034014420430648717 -0.0015054583221150444 0.018799736338219561 0.011109523177033058 -0.012433699677434849 -0.018204358109477212 0.0093568597321104317 0.000512637791862611
leaf_weight=1.5071734098455625 0.87321573588996937 2.5354481041431418 6.0806135148741296 2.6644935860531431 9.3914940967224592 8.9220713646500354 7.722897160681895 7.8711043135263017 4.4535722266882658 1.1154023922426861 1.5781668139243263 9.6289271833811618 1.4675212736328829 0.85215249285101968
leaf_count=168 254 22 75 290 164 124 137 120 62 99 372 1396 54 15
internal_value=-0.000410024 0.000533957 0.00155549 -0.000386324 -0.00268487 0.00274409 -0.0083871 0.00862268 0.00921031 0.0134907 -0.00180043 -0.0138961 -0.00101136 -0.0170085
internal_weight=66.6643 65.1571 62.6216 56.541 48.5207 26.1847 22.336 17.2626 8.02036 7.14714 2.69357 14.6131 4.13201 10.4811
internal_count=3352 3184 3162 3087 2300 408 1892 284 787 533 471 1755 344 1411
is_linear=0
shrinkage=0.05


Tree=285
num_leaves=15
num_cat=0
split_feature=8 0 8 10 3 8 10 3 4 5 9 4 3 3
split_gain=0.280526 0.411041 0.346315 0.775343 0.402991 0.526345 0.52375 0.614172 0.374938 1.02873 0.538711 0.406446 0.349637 0.657363
threshold=185.50000000000003 16.500000000000004 174.50000000000003 117.50000000000001 139.50000000000003 102.50000000000001 84.500000000000014 105.50000000000001 172.50000000000003 145.50000000000003 163.50000000000003 98.500000000000014 98.500000000000014 85.500000000000014
decision_type=2 2 2 2 2 2 2 2 2 2 2 2 2 2
left_child=1 2 3 4 5 6 7 12 9 11 -11 -5 13 -1
right_child=-2 -3 -4 8 -6 -7 -8 -9 -10 10 -12 -13 -14 -15
leaf_value=-0.0050521861163844821 0.0086567161407124209 -0.012199090218452379 -0.0072557955679032199 -0.00067667302363103022 -0.0093931270076790339 0.012633617838637385 -0.012134802552526391 0.014596411528527135 0.016708860894396674 0.0038848240642528585 -0.01386579274284197 0.018469248393603779 -0.012003233493556965 0.013620554968580176
leaf_weight=8.873660346129336 2.720960014499723 2.811273014296602 8.3948874990455788 3.5068571178562769 10.212945435530854 2.3235691264635525 4.3042781319454653 1.9784151897765685 3.939429531863424 4.5394783604788227 4.794869995850604 4.0328611039149109 1.8560779240360705 2.2158830008120267
leaf_count=778 35 1006 97 87 148 418 222 85 54 138 103 89 54 38
internal_value=-0.000412257 -0.00140027 -1.55568e-05 0.00167015 -0.00314221 0.00103097 -0.00268895 0.00239694 0.00820063 0.00284901 -0.00688936 0.0128451 -0.00301484 0.00175219
internal_weight=66.5054 63.7845 60.9732 52.5783 31.7648 21.5519 19.2283 14.924 20.8135 16.8741 9.33435 7.53972 12.9456 11.0895
internal_count=3352 3317 2311 2214 1743 1595 1177 955 471 417 241 176 870 816
is_linear=0
shrinkage=0.05


Tree=286
num_leaves=15
num_cat=0
split_feature=17 5 5 4 5 3 8 16 13 13 16 11 8 8
split_gain=0.271547 0.333927 0.613249 0.431096 0.774689 0.748331 0.632649 0.777212 0.558387 0.604292 0.641409 0.575534 0.527123 0.512693
threshold=0.01404494382022472 179.50000000000003 176.50000000000003 177.50000000000003 145.50000000000003 128.50000000000003 176.50000000000003 183.50000000000003 180.50000000000003 120.50000000000001 188.50000000000003 105.50000000000001 105.50000000000001 93.500000000000014
decision_type=2 2 2 2 2 2 2 2 2 2 2 2 2 2
left_child=-1 2 3 4 5 8 7 -6 9 11 -11 13 -7 -2
right_child=1 -3 -4 -5 6 12 -8 -9 -10 10 -12 -13 -14 -15
leaf_value=0.0085047531445501656 0.0022819035842465275 -0.01025152321485469 0.013538780198112096 0.0097627174039437107 -0.018389223862587772 -0.0038317069680589011 0.0032734984862037722 0.00395757818403692 0.0093776132394800312 -0.021202421698642213 0.0045291434821878159 0.011671552520415192 0.014927954188284921 -0.013393679378702662
leaf_weight=2.8375937268137923 9.3744834546814726 4.0849675489589563 2.4994815811514846 2.6347308480180791 11.622836487993483 2.8732557687908393 5.1290444262558585 3.071916004177182 2.5226613064296535 3.9766685386821328 1.2663717942778019 2.3718460372911059 7.8830896786093945 4.1541297908333936
leaf_count=47 852 37 26 30 442 29 69 44 40 445 18 310 264 699
internal_value=-0.000336637 -0.00132417 3.84385e-05 -0.0016008 -0.00293005 0.00169912 -0.00969144 -0.0138989 -0.00331982 -0.00633852 -0.0158103 -0.000180159 0.0102911 -0.0048469
internal_weight=66.3031 63.4655 59.3805 56.881 54.2463 34.4225 19.8238 14.6948 23.6662 21.1435 5.24304 15.9005 10.7563 13.5286
internal_count=3352 3305 3268 3242 3212 2657 555 486 2364 2324 463 1861 293 1551
is_linear=0
shrinkage=0.05


Tree=287
num_leaves=15
num_cat=0
split_feature=5 5 7 13 14 12 15 12 7 1 10 13 16 12
split_gain=0.273273 0.427177 0.441677 0.53124 0.425252 0.457588 0.7164 0.540218 0.625121 0.488747 0.449547 0.4036 0.383368 0.290462
threshold=22.500000000000004 24.500000000000004 104.50000000000001 41.000000000000007 22.500000000000004 174.50000000000003 166.50000000000003 153.50000000000003 173.50000000000003 1.0000000180025095e-35 97.500000000000014 166.50000000000003 22.500000000000004 143.50000000000003
decision_type=2 2 2 2 2 2 2 2 2 2 2 2 2 2
left_child=12 -2 3 13 -4 6 7 8 9 -6 -11 -8 -1 -3
right_child=1 2 4 -5 5 -7 11 -9 -10 10 -12 -13 -14 -15
leaf_value=0.0060566088201456508 0.011538564588983906 0.0090113626798545617 -0.0099653582320917023 -0.014052232194481103 -0.0063215673246407788 -0.0075567596624867969 0.018255041142867703 -0.009604711948784761 -0.007044302719570416 -0.0024863262079008819 0.013727756090991619 0.0009287592452716085 -0.01361220428387327 -0.0053672657316378401
leaf_weight=0.29917225537064895 3.1273373369913307 2.7183406827462004 2.2455094980396089 6.2495690859577735 1.9443270762130946 4.3010184288723385 6.6440721945255046 5.5328759620606425 5.8875155467831055 3.8163245023388326 13.1261574608543 5.5169640823733062 2.6204770288968575 2.0399823136103805
leaf_count=79 189 208 73 466 182 64 116 148 87 176 757 90 693 24
internal_value=-0.000269874 0.000769723 -0.000635489 -0.00789075 0.00157352 0.0030365 0.00479231 0.000145919 0.00357077 0.00766164 0.0103412 0.0129556 -0.00904541 0.00325541
internal_weight=66.0696 63.15 60.0227 11.0079 49.0148 46.7693 42.4682 30.3072 24.7743 18.8868 16.9425 12.161 2.91965 4.75832
internal_count=3352 2580 2391 698 1693 1620 1556 1350 1202 1115 933 206 772 232
is_linear=0
shrinkage=0.05


Tree=288
num_leaves=15
num_cat=0
split_feature=8 12 15 12 7 0 2 15 1 5 2 14 11 13
split_gain=0.271598 0.298942 0.6348 0.614238 0.616051 0.654273 0.452246 0.660937 0.753699 0.421039 0.245375 0.237491 0.190298 0.0547747
threshold=20.500000000000004 170.50000000000003 167.50000000000003 143.50000000000003 173.50000000000003 6.5000000000000009 2.5000000000000004 22.500000000000004 4.5000000000000009 172.50000000000003 3.5000000000000004 173.50000000000003 28.500000000000004 22.500000000000004
decision_type=2 2 2 2 2 2 2 2 2 2 2 2 2 2
left_child=-1 2 3 4 5 -2 7 -7 12 -5 -4 13 -9 -8
right_child=1 -3 10 9 -6 6 11 8 -10 -11 -12 -13 -14 -15
leaf_value=-0.010080900450884382 -0.0106380524810377 -0.0068403986999713944 0.013875894834630254 -0.014637949818097405 -0.0083390415148851729 -0.012104525269975325 0.0013801074137605729 0.0037265453498723719 0.016373412160063012 0.0025266400411058619 0.000663987962842789 0.0032030377081349935 -0.0083447197067200076 0.017712093094396055
leaf_weight=1.4882494719859085 1.3423263746517502 6.5090729981893665 7.3015504566137661 6.2401598429787537 6.1715403890702865 2.6306253333314116 1.4811676744866442 1.6133867771277417 3.1846190317810397 3.3564075305475853 5.6563433026603889 8.8167507540783827 3.7778723096998874 6.3940175144234672
leaf_count=168 979 115 125 237 86 175 165 73 144 54 91 148 189 603
internal_value=-0.000315077 0.000619615 0.00193396 -0.00111972 0.00216329 0.00527393 0.00753998 -0.00042938 0.00629104 -0.00982555 0.00989931 0.0117561 -0.00467737 0.0163692
internal_weight=65.9641 64.4758 57.9668 45.0089 35.4123 29.2408 27.8984 11.2065 8.57588 9.59657 12.9579 16.6919 5.39126 7.87519
internal_count=3352 3184 3069 2853 2562 2476 1497 581 406 291 216 916 262 768
is_linear=0
shrinkage=0.05


Tree=289
num_leaves=15
num_cat=0
split_feature=6 7 12 7 15 5 6 0 12 5 16 15 16 12
split_gain=0.277233 0.336299 0.545989 0.901923 0.637562 0.624404 0.702352 0.608557 0.536162 0.391227 0.317798 0.242302 0.21927 0.0692545
threshold=178.50000000000003 175.50000000000003 143.50000000000003 173.50000000000003 167.50000000000003 163.50000000000003 124.50000000000001 6.5000000000000009 169.50000000000003 22.500000000000004 192.50000000000003 22.500000000000004 24.500000000000004 105.50000000000001
decision_type=2 2 2 2 2 2 2 2 2 2 2 2 2 2
left_child=1 2 3 5 -4 6 7 -1 -6 12 11 -11 -9 -13
right_child=-2 -3 4 -5 8 -7 -8 9 -10 10 -12 13 -14 -15
leaf_value=-0.01084192648962745 0.0072429265046181461 0.0065319110035380219 -0.016785379421174449 -0.015380834797042862 0.0064212021303183603 0.012769514311911302 -0.01321752074308985 0.0049751369589469529 -0.0085223656347855961 -2.9451295742162147e-05 -0.0032566364135452456 0.017200285670651932 -0.0094626389095384296 0.0031871267722311403
leaf_weight=1.3753919375885839 5.4597245678305617 6.3073902564938171 7.0807993606504196 2.0104150008410206 7.7026897242758405 8.47132981350296 3.234418506777728 0.39721726340940522 6.4232519859797321 3.4630384634510838 2.025719938799738 6.119695563138519 1.8571437495338612 3.9344949527294375
leaf_count=1005 47 118 264 29 125 108 356 117 114 160 18 285 385 221
internal_value=-0.000340662 -0.00152744 -0.00294029 0.00118265 -0.00834012 0.00425423 -0.000707373 0.00370052 -0.000825402 0.00695578 0.00957058 0.0118532 -0.00524302 0.0145964
internal_weight=65.8627 60.403 54.0956 32.8889 21.2067 30.8785 22.4071 19.1727 14.1259 17.7973 15.5429 13.5172 2.25436 10.0542
internal_count=3352 3305 3187 2684 503 2655 2547 2191 239 1186 684 666 502 506
is_linear=0
shrinkage=0.05


Tree=290
num_leaves=15
num_cat=0
split_feature=3 5 5 4 5 6 14 7 10 7 14 8 3 8
split_gain=0.275535 0.315538 0.588927 0.405332 0.753451 0.742814 1.02039 0.600658 0.798747 0.681213 0.571258 0.449686 0.519767 0.44153
threshold=175.50000000000003 179.50000000000003 176.50000000000003 177.50000000000003 145.50000000000003 112.50000000000001 177.50000000000003 167.50000000000003 148.50000000000003 142.50000000000003 178.50000000000003 24.500000000000004 128.50000000000003 20.500000000000004
decision_type=2 2 2 2 2 2 2 2 2 2 2 2 2 2
left_child=1 2 3 4 5 10 -7 9 -9 -6 11 13 -13 -1
right_child=-2 -3 -4 -5 7 6 -8 8 -10 -11 -12 12 -14 -15
leaf_value=-0.010025917916688498 0.008524341623994184 -0.010089102155145609 0.013203027185328309 0.0093953950303043675 -0.00061442364849193291 0.020162181142407906 -0.0037127884785100652 0.0096745255196995367 -0.009978436935809798 -0.024530795167847456 0.0051998779821719118 -0.021083212384374203 0.00078861678416710333 0.0063223305997980915
leaf_weight=1.4775231960302351 2.8217928707599631 4.0387169411405912 2.4755796696990719 2.6032165000215164 4.8124846698628989 4.9357365178293531 5.7720930464565754 5.1139942273730394 5.5866018901288044 4.1185472183351521 8.4957975518773292 3.5557067232693953 3.4705083370790817 6.4295082769385772
leaf_count=167 47 37 26 30 105 405 68 77 97 276 156 1021 96 744
internal_value=-0.000392615 -0.00139111 -5.08094e-05 -0.0016611 -0.00295021 0.00163846 0.0102071 -0.00964223 -0.000496137 -0.0164894 -0.00338412 -0.00834705 -0.0144436 0.000566979
internal_weight=65.7078 62.886 58.8473 56.3717 53.7685 34.1369 10.7078 19.6316 10.7006 8.93103 23.429 14.9332 7.02622 7.90703
internal_count=3352 3305 3268 3242 3212 2657 473 555 174 381 2184 2028 1117 911
is_linear=0
shrinkage=0.05


Tree=291
num_leaves=15
num_cat=0
split_feature=2 3 4 15 4 15 12 9 5 12 6 0 8 10
split_gain=0.274279 0.818221 1.16481 0.877211 0.490689 0.60494 0.616267 0.483945 0.438549 0.386098 0.422256 0.368392 0.339066 0.314947
threshold=4.5000000000000009 167.50000000000003 152.50000000000003 160.50000000000003 27.500000000000004 115.50000000000001 119.50000000000001 176.50000000000003 173.50000000000003 105.50000000000001 105.50000000000001 7.5000000000000009 162.50000000000003 103.50000000000001
decision_type=2 2 2 2 2 2 2 2 2 2 2 2 2 2
left_child=1 2 4 -3 11 -6 -7 9 -4 12 -11 -1 -2 -8
right_child=7 3 8 -5 5 6 13 -9 -10 10 -12 -13 -14 -15
leaf_value=0.0040289722431068624 -0.0055664637040369978 -0.0015849235577635756 -0.017897543972422495 0.018716367345541031 0.015453420602505983 -0.012291563303383622 0.01218810694146568 0.0077368645685550481 0.00061086307929387204 0.0013466820720139329 -0.018725374973139013 -0.01212759358254023 0.0096232515761335916 -0.0013113256590772397
leaf_weight=2.9307276819017742 3.6748023252657713 8.6320464019663614 7.3955945004126971 6.4120310833677641 6.2660973993843099 2.2458633877322418 3.1714748722006316 1.5758575238287438 3.8821986855473369 2.728485675444972 4.6774708752091101 3.0779118966092938 1.4546414248179642 7.3585678208110039
leaf_count=267 458 101 247 104 743 166 46 15 45 114 164 575 19 288
internal_value=-0.000399094 0.00138319 -0.00275869 0.00957819 0.003408 0.00700547 -0.000319212 -0.00555187 -0.0132957 -0.00895216 -0.0137681 -0.00599647 0.001365 0.00536951
internal_weight=65.4838 51.3725 36.3284 15.0441 25.0506 19.042 12.7759 14.1113 11.2778 12.5354 7.40596 6.00864 5.12944 10.53
internal_count=3352 2582 2377 205 2085 1243 500 770 292 755 278 842 477 334
is_linear=0
shrinkage=0.05


Tree=292
num_leaves=15
num_cat=0
split_feature=8 0 2 3 8 2 2 1 5 12 17 13 14 9
split_gain=0.267263 0.396253 0.322951 0.682211 0.782308 0.506526 0.603923 0.539429 0.42431 0.394581 0.388268 0.260948 0.241989 0.285241
threshold=185.50000000000003 16.500000000000004 4.5000000000000009 171.50000000000003 170.50000000000003 2.5000000000000004 1.5000000000000002 4.5000000000000009 104.50000000000001 105.50000000000001 0.12078651685393259 93.500000000000014 185.50000000000003 94.500000000000014
decision_type=2 2 2 2 2 2 2 2 2 2 2 2 2 2
left_child=1 2 3 4 5 6 7 -1 -8 10 -4 -12 13 -7
right_child=-2 -3 9 -5 -6 12 8 -9 -10 -11 11 -13 -14 -15
leaf_value=-0.0054917022371272668 0.0084749102594195175 -0.012005034029656051 0.011318538169069546 0.012334420391393281 -0.011982016044801532 0.01381141319799337 -0.017553028075425105 0.01321918313021859 0.00041726348414690743 -0.010595743622722396 0.0036939998391531483 -0.01077795970711647 -0.00248135062710537 0.00016244083441261523
leaf_weight=3.2697767223362471 2.7012872309423974 2.7419994878582648 1.7737036552280177 7.3374087440315625 7.1024595762137315 8.4349632070516254 2.9165110344547429 3.4060249502799707 5.2281524452046142 8.0805286104441603 2.401013029928436 1.5370114722245487 2.8278124113567165 5.5211742147876057
leaf_count=215 35 1006 17 97 95 438 238 108 165 193 170 159 39 377
internal_value=-0.000379939 -0.00136093 1.50099e-05 0.002077 -0.00105603 0.00270066 -0.00348051 0.0056275 -0.0102468 -0.00558985 0.00313228 -0.00482392 0.00770482 0.00987885
internal_weight=65.2798 62.5785 59.8365 46.0443 38.7069 31.6044 14.8205 6.6758 8.14466 13.7923 5.71173 3.93802 16.7839 13.9561
internal_count=3352 3317 2311 1772 1675 1580 726 323 403 539 346 329 854 815
is_linear=0
shrinkage=0.05


Tree=293
num_leaves=15
num_cat=0
split_feature=10 9 10 10 13 10 8 3 5 5 0 2 8 7
split_gain=0.272208 0.553435 0.719322 0.546042 0.540579 0.550091 0.743238 0.447941 0.462726 0.608766 0.586675 0.595149 0.407856 0.927897
threshold=108.50000000000001 94.500000000000014 97.500000000000014 84.500000000000014 173.50000000000003 159.50000000000003 174.50000000000003 85.500000000000014 25.500000000000004 21.500000000000004 7.5000000000000009 1.5000000000000002 181.50000000000003 173.50000000000003
decision_type=2 2 2 2 2 2 2 2 2 2 2 2 2 2
left_child=1 2 3 7 5 12 -7 8 9 -1 -11 -12 13 -2
right_child=4 -3 -4 -5 -6 6 -8 -9 -10 10 11 -13 -14 -15
leaf_value=-0.010968735881213694 0.0059098440592532629 -0.014602601907795696 0.011445658490616861 -0.015008453277136119 0.0098572437867541062 0.0031466457239683085 -0.017953161130353137 0.0078528227859036813 -0.01503151109208313 0.016222138587951306 0.0093771959808689135 -0.012757234815364504 0.012624492920073341 -0.014487390274790094
leaf_weight=1.2939765064002218 11.832933427926042 3.7099236868634753 4.8695663312682873 3.2601059335793243 10.232599256560205 5.3598575028518081 4.1654555193381384 6.5481601315841536 1.7400099482038056 3.0380570348352194 0.7503474939730953 2.0676052869966952 2.9141591330990186 3.3620928300078949
leaf_count=501 789 576 81 105 146 217 63 188 119 173 22 296 26 50
internal_value=-0.00038858 -0.00383253 0.000121883 -0.00461982 0.00224995 -0.00164558 -0.00908415 0.000708952 -0.00548567 0.00206721 0.00867294 -0.00463561 0.00338599 -0.00107278
internal_weight=65.1449 27.2778 23.5678 18.6983 37.8671 27.6345 9.52531 15.4382 8.89 7.14999 5.85601 2.81795 18.1092 15.195
internal_count=3352 2061 1485 1404 1291 1145 280 1299 1111 992 491 318 865 839
is_linear=0
shrinkage=0.05


Tree=294
num_leaves=15
num_cat=0
split_feature=17 16 16 14 14 7 4 12 14 0 8 8 7 11
split_gain=0.265563 0.306565 0.543788 0.526784 0.390992 0.4498 1.18484 0.90015 0.458526 0.422235 0.576502 0.480895 0.459922 0.363034
threshold=0.01404494382022472 198.50000000000003 197.50000000000003 189.50000000000003 185.50000000000003 173.50000000000003 164.50000000000003 22.500000000000004 172.50000000000003 8.5000000000000018 177.50000000000003 105.50000000000001 171.50000000000003 22.500000000000004
decision_type=2 2 2 2 2 2 2 2 2 2 2 2 2 2
left_child=-1 2 3 4 5 6 7 8 -2 11 12 13 -11 -9
right_child=1 -3 -4 -5 -6 -7 -8 9 -10 10 -12 -13 -14 -15
leaf_value=0.0083274138976100389 -0.0038669451142722628 0.0089134452948367148 -0.015984163123371583 0.0085994752731160164 -0.013676963040058752 -0.0089910894612296073 0.01160629106295045 0.0037539661334696529 0.013744604633871938 -0.021446379085250006 0.0050328984009611367 0.0091837539985971939 0.0032725263378014118 -0.011407577237988707
leaf_weight=2.77518047671765 3.3227482090296716 1.6961944829672564 1.6275399550795544 7.4193114871159187 2.2335084504447869 8.5859954472689406 12.92483873356832 3.1715245941013581 4.0330226519727148 7.1751227560853277 0.96727763779927034 2.4267951900328617 0.81300059589557339 5.7890077729316545
leaf_count=47 690 24 10 84 43 136 198 153 91 1059 19 348 15 435
internal_value=-0.000457781 -0.00144039 -0.00238908 -0.000791149 -0.00278732 -0.00107715 0.00139756 -0.00441242 0.00744362 -0.00932225 -0.0151953 -0.00147644 -0.0186393 -0.00661872
internal_weight=64.9611 62.1859 60.4897 58.8622 51.4428 49.2093 40.6233 27.6985 7.35577 20.3427 8.9554 11.3873 7.98812 8.96053
internal_count=3352 3305 3281 3271 3187 3144 3008 2810 781 2029 1093 936 1074 588
is_linear=0
shrinkage=0.05


Tree=295
num_leaves=15
num_cat=0
split_feature=10 9 10 10 13 13 9 3 2 15 16 9 5 0
split_gain=0.26647 0.52744 0.682868 0.518059 0.506635 0.514581 0.442555 0.453002 0.493303 0.418115 0.788842 0.949694 0.591312 0.348809
threshold=108.50000000000001 94.500000000000014 97.500000000000014 84.500000000000014 173.50000000000003 168.50000000000003 21.500000000000004 85.500000000000014 1.5000000000000002 179.50000000000003 169.50000000000003 173.50000000000003 182.50000000000003 7.5000000000000009
decision_type=2 2 2 2 2 2 2 2 2 2 2 2 2 2
left_child=1 2 3 6 5 9 13 8 -8 10 11 12 -2 -1
right_child=4 -3 -4 -5 -6 -7 7 -9 -10 -11 -12 -13 -14 -15
leaf_value=0.0031217095615791988 -0.017949592141976872 -0.014388225307578698 0.011086115122906871 -0.014722894082058161 0.0095605198962641497 -0.012321542318738908 0.0085509311612934954 0.011582156762791958 -0.0099690324192150959 -0.0086656108069251489 0.011451273487608507 0.0089009417202526187 0.0061434463729355951 -0.014680476169510646
leaf_weight=2.2414712773461463 5.2010544078039036 3.6808986209107379 4.8481797722924957 3.2290855661995002 10.148655781755222 3.4197780599351963 1.259918689756885 5.9448171204130631 4.2161240319983335 2.8591386377811423 11.613891579327172 3.7368025763425976 0.6697886399924754 1.6815882812952621
leaf_count=162 755 576 81 105 146 70 94 184 517 49 207 58 6 342
internal_value=-0.000447641 -0.00386102 3.36318e-05 -0.00459094 0.0021741 -0.00160323 0.000635755 0.00538442 -0.00366051 0.00177572 0.0045666 -0.00482672 -0.0136395 -0.00845933
internal_weight=64.7512 27.1021 23.4212 18.573 37.6491 27.5005 15.3439 11.4209 5.47604 24.0807 21.2215 9.60765 5.87084 3.92306
internal_count=3352 2061 1485 1404 1291 1145 1299 795 611 1075 1026 819 761 504
is_linear=0
shrinkage=0.05


Tree=296
num_leaves=15
num_cat=0
split_feature=17 5 5 7 6 6 14 12 16 10 11 15 16 7
split_gain=0.25839 0.306571 0.553402 0.373719 0.893158 0.396589 0.48366 0.676364 0.658567 0.721129 0.310739 0.335803 0.23636 0.181147
threshold=0.01404494382022472 179.50000000000003 177.50000000000003 184.50000000000003 171.50000000000003 168.50000000000003 170.50000000000003 158.50000000000003 177.50000000000003 168.50000000000003 105.50000000000001 22.500000000000004 22.500000000000004 22.500000000000004
decision_type=2 2 2 2 2 2 2 2 2 2 2 2 2 2
left_child=-1 2 3 4 5 6 8 10 9 12 -8 -12 13 -2
right_child=1 -3 -4 -5 -6 -7 7 -9 -10 -11 11 -13 -14 -15
leaf_value=0.0081784207980652411 0.0070259163324048043 -0.010075005141531297 0.013131608053606046 0.00852930451519604 -0.019242566227629959 0.010114617842049553 -0.0025502566860670707 -0.007176869676568865 0.0029121596470672896 0.0060381378599411667 -0.0019703735540078648 0.012945333151198278 -0.018677634496325968 -0.0057751812979771168
leaf_weight=2.7472537071444085 0.52226146316388866 3.9752666708081952 2.057696681469678 3.1865326873958102 2.356064799707382 2.7059841360896817 4.4785703429952326 8.2645270555512962 8.3523083947366086 1.6709951176890161 3.3793569206609382 11.057180749543475 9.1709730498987465 0.60656055885192472
leaf_count=47 92 37 19 29 32 25 68 129 160 41 87 243 2244 99
internal_value=-0.000507381 -0.00147698 -0.000130768 -0.00166074 -0.00296566 -0.000528325 -0.00204011 0.00223696 -0.00707243 -0.0128444 0.00699066 0.00984512 -0.01688 0.00104752
internal_weight=64.5315 61.7843 57.809 55.7513 52.5648 50.2087 47.5027 27.1796 20.3231 11.9708 18.9151 14.4365 10.2998 1.12882
internal_count=3352 3305 3268 3249 3220 3188 3163 527 2636 2476 398 330 2435 191
is_linear=0
shrinkage=0.05


Tree=297
num_leaves=15
num_cat=0
split_feature=16 16 14 10 10 7 11 6 9 6 6 9 8 0
split_gain=0.249244 0.609792 0.457207 0.442421 0.372553 0.544246 0.75236 0.665951 0.595584 0.478275 0.548317 0.468608 0.493489 0.478097
threshold=198.50000000000003 197.50000000000003 189.50000000000003 180.00000000000003 133.50000000000003 104.50000000000001 170.50000000000003 171.50000000000003 82.500000000000014 172.50000000000003 105.50000000000001 24.500000000000004 20.500000000000004 6.5000000000000009
decision_type=2 2 2 2 2 2 2 2 2 2 2 2 2 2
left_child=1 2 3 4 5 11 7 8 -7 10 -6 12 -1 -14
right_child=-2 -3 -4 -5 9 6 -8 -9 -10 -11 -12 -13 13 -15
leaf_value=-0.0098400221432242072 0.0087786045909426201 -0.015777276233794418 0.0088457039421460902 0.0094660202914984663 0.0051513655154142163 -0.0038256376170066257 -0.0099952637350174747 -0.0054451481407298786 0.017343634337647868 0.0046573387951614987 -0.014111641975447878 -0.013122156213606557 -0.0072498676857646466 0.011816885151515086
leaf_weight=1.4609492167292062 1.6842001453042019 1.6100785210728634 7.5409985827282062 3.0604863986372939 1.8884480793785794 2.2339260059816324 2.1240932433865956 3.1422031214460722 10.494835382611198 3.2713469999143845 13.477176443528149 5.488984412062563 0.84152226505102579 6.0383597288309829
leaf_count=168 24 10 93 46 84 48 25 33 816 29 533 668 254 521
internal_value=-0.000471727 -0.00135054 0.000195165 -0.00167527 -0.00314345 0.000336579 0.00545855 0.00942586 0.0135972 -0.00790016 -0.0110607 -0.00600777 0.00183743 0.00741495
internal_weight=64.3576 62.6734 61.0633 53.5223 50.4618 31.8249 17.9951 15.871 12.7288 18.637 15.3656 13.8298 8.34083 6.87988
internal_count=3352 3328 3318 3225 3179 2533 922 897 864 646 617 1611 943 775
is_linear=0
shrinkage=0.05


Tree=298
num_leaves=15
num_cat=0
split_feature=3 5 3 9 6 15 4 12 2 0 5 4 4 10
split_gain=0.255703 0.300358 0.726355 0.773306 0.724009 0.611997 0.593987 0.470562 0.455259 0.608713 0.535672 0.43054 0.422561 0.413968
threshold=175.50000000000003 145.50000000000003 121.50000000000001 165.50000000000003 155.50000000000003 163.50000000000003 166.50000000000003 153.50000000000003 1.5000000000000002 8.5000000000000018 25.500000000000004 108.50000000000001 98.500000000000014 176.50000000000003
decision_type=2 2 2 2 2 2 2 2 2 2 2 2 2 2
left_child=1 2 8 7 13 6 -6 -4 -1 10 -10 -12 -11 -3
right_child=-2 4 3 -5 5 -7 -8 -9 9 12 11 -13 -14 -15
leaf_value=0.0066086956512327851 0.008145982821579285 -0.01935067152373857 0.0078422334300736526 0.019565331569683916 0.0055507207853771187 0.0091953312376396607 -0.010955903665308299 -0.0077512160886903285 0.009477576993380166 -0.021222303941866826 -0.011009067210812011 0.0054182047717162111 0.0038165464272209935 0.0015896637857031359
leaf_weight=3.5828932356307659 2.7373205884359768 4.633963779728222 4.0967272602865688 3.9591606493340796 4.9952609176834839 7.1769102562684557 9.0341844338254287 5.3613131291785976 3.6910930086014586 3.1702455935519533 6.7188248419843131 2.3911876958009088 0.44643055375126994 2.1871242038905621
leaf_count=364 47 284 244 71 137 102 106 92 281 637 569 169 232 17
internal_value=-0.000497816 -0.00146689 0.00166162 0.00903041 -0.00488394 0.000522562 -0.00516443 -0.000620701 -0.00409905 -0.00743311 -0.000370531 -0.00630519 -0.0177104 -0.0148039
internal_weight=64.1826 61.4453 33.4179 13.4172 28.0274 21.2064 14.0294 9.45804 20.0007 16.4178 12.8011 9.11001 3.61668 6.82109
internal_count=3352 3305 2659 407 646 345 243 336 2252 1888 1019 738 869 301
is_linear=0
shrinkage=0.05


Tree=299
num_leaves=15
num_cat=0
split_feature=9 7 7 6 9 8 10 14 14 2 7 16 0 9
split_gain=0.253941 0.433895 0.470866 0.387712 0.549504 0.497888 0.538562 0.637411 0.706592 0.693107 0.551921 0.415065 0.333245 0.325733
threshold=21.500000000000004 22.500000000000004 104.50000000000001 102.50000000000001 80.500000000000014 112.50000000000001 180.00000000000003 191.50000000000003 176.50000000000003 3.5000000000000004 164.50000000000003 185.50000000000003 7.5000000000000009 176.50000000000003
decision_type=2 2 2 2 2 2 2 2 2 2 2 2 2 2
left_child=12 -2 -3 -4 -5 -6 7 8 9 10 11 -7 -1 -11
right_child=1 2 3 4 5 6 -8 -9 -10 13 -12 -13 -14 -15
leaf_value=0.0030148735979995912 0.010642738820668081 -0.0093003992941990982 0.011479141119983532 -0.012034725929404442 0.010086304649607076 -0.011595533423665075 0.010017089455017537 0.0095320426273170292 -0.015189920129994232 -0.013184037553353371 0.012458070182481819 0.0063016365580042342 -0.014437886051669305 0.0036160266162349728
leaf_weight=2.23942023696145 4.3667474693938848 8.2372848728555237 2.9092547997715874 3.6152261208917471 7.9220092283649128 2.3613234115109756 3.6331464746035627 2.8567605395801356 8.8426887667737883 5.0598282618593649 7.1039561492798384 1.5964755113236604 1.6557573015234082 1.5642764195799825
leaf_count=162 368 779 254 59 222 377 57 39 142 405 114 19 342 13
internal_value=-0.000450064 0.000664385 -0.000930065 0.00127047 -0.000487057 0.00173149 -0.00133593 -0.00399208 -0.00672913 -8.33339e-05 0.00666192 -0.00488846 -0.00834937 -0.00936782
internal_weight=63.9642 60.069 55.7022 47.4649 44.5557 40.9405 33.0185 29.3853 26.5285 17.6859 11.0618 3.9578 3.89518 6.6241
internal_count=3352 2848 2480 1701 1447 1388 1166 1109 1070 928 510 396 504 418
is_linear=0
shrinkage=0.05


end of trees

feature_importances:
lag2=396
lag0=391
hour=365
lag7=336
day_window_max=330
lag6=317
week_window_max=265
lag5=255
lag1=226
lag3=220
lag4=196
day_early_max=176
week=168
week_early_max=134
month=131
day=88
dow=53
threshold_headroom=49

parameters:
[boosting: gbdt]
[objective: binary]
[metric: binary_logloss]
[tree_learner: serial]
[device_type: cpu]
[data_sample_strategy: bagging]
[data: ]
[valid: ]
[num_iterations: 300]
[learning_rate: 0.05]
[num_leaves: 15]
[num_threads: 2]
[seed: 42]
[deterministic: 0]
[force_col_wise: 0]
[force_row_wise: 0]
[histogram_pool_size: -1]
[max_depth: -1]
[min_data_in_leaf: 80]
[min_sum_hessian_in_leaf: 0.001]
[bagging_fraction: 1]
[pos_bagging_fraction: 1]
[neg_bagging_fraction: 1]
[bagging_freq: 0]
[bagging_seed: 400]
[bagging_by_query: 0]
[feature_fraction: 1]
[feature_fraction_bynode: 1]
[feature_fraction_seed: 30056]
[extra_trees: 0]
[extra_seed: 12879]
[early_stopping_round: 0]
[early_stopping_min_delta: 0]
[first_metric_only: 0]
[max_delta_step: 0]
[lambda_l1: 0]
[lambda_l2: 5]
[linear_lambda: 0]
[min_gain_to_split: 0]
[drop_rate: 0.1]
[max_drop: 50]
[skip_drop: 0.5]
[xgboost_dart_mode: 0]
[uniform_drop: 0]
[drop_seed: 17869]
[top_rate: 0.2]
[other_rate: 0.1]
[min_data_per_group: 100]
[max_cat_threshold: 32]
[cat_l2: 10]
[cat_smooth: 10]
[max_cat_to_onehot: 4]
[top_k: 20]
[monotone_constraints: ]
[monotone_constraints_method: basic]
[monotone_penalty: 0]
[feature_contri: ]
[forcedsplits_filename: ]
[refit_decay_rate: 0.9]
[cegb_tradeoff: 1]
[cegb_penalty_split: 0]
[cegb_penalty_feature_lazy: ]
[cegb_penalty_feature_coupled: ]
[path_smooth: 0]
[interaction_constraints: ]
[verbosity: -1]
[saved_feature_importance_type: 0]
[use_quantized_grad: 0]
[num_grad_quant_bins: 4]
[quant_train_renew_leaf: 0]
[stochastic_rounding: 1]
[linear_tree: 0]
[max_bin: 255]
[max_bin_by_feature: ]
[min_data_in_bin: 3]
[bin_construct_sample_cnt: 200000]
[data_random_seed: 175]
[is_enable_sparse: 1]
[enable_bundle: 1]
[use_missing: 1]
[zero_as_missing: 0]
[feature_pre_filter: 1]
[pre_partition: 0]
[two_round: 0]
[header: 0]
[label_column: ]
[weight_column: ]
[group_column: ]
[ignore_column: ]
[categorical_feature: ]
[forcedbins_filename: ]
[precise_float_parser: 0]
[parser_config_file: ]
[objective_seed: 16083]
[num_class: 1]
[is_unbalance: 0]
[scale_pos_weight: 1]
[sigmoid: 1]
[boost_from_average: 1]
[reg_sqrt: 0]
[alpha: 0.9]
[fair_c: 1]
[poisson_max_delta_step: 0.7]
[tweedie_variance_power: 1.5]
[lambdarank_truncation_level: 30]
[lambdarank_norm: 1]
[label_gain: ]
[lambdarank_position_bias_regularization: 0]
[eval_at: ]
[multi_error_top_k: 1]
[auc_mu_weights: ]
[num_machines: 1]
[local_listen_port: 12400]
[time_out: 120]
[machine_list_filename: ]
[machines: ]
[gpu_platform_id: -1]
[gpu_device_id: -1]
[gpu_device_id_list: ]
[gpu_use_dp: 0]
[num_gpu: 1]

end of parameters

pandas_categorical:[]
