date,fold,model,fraction,window_minutes,original_peak,adjusted_peak,peak_reduction,predicted_reduction,worsened,moved_load_sum,total_load_sum,energy_conservation_error
2021-04-01,2021-04,retained_model,0.0,30,184.0,184.0,0.0,0.0,0,0.0,9698.0,0.0
2021-04-01,2021-04,seasonal_naive,0.0,30,184.0,184.0,0.0,0.0,0,0.0,9698.0,0.0
2021-04-01,2021-04,oracle_reference,0.0,30,184.0,184.0,0.0,0.0,0,0.0,9698.0,0.0
2021-04-01,2021-04,retained_model,0.0,60,184.0,184.0,0.0,0.0,0,0.0,9698.0,0.0
2021-04-01,2021-04,seasonal_naive,0.0,60,184.0,184.0,0.0,0.0,0,0.0,9698.0,0.0
2021-04-01,2021-04,oracle_reference,0.0,60,184.0,184.0,0.0,0.0,0,0.0,9698.0,0.0
2021-04-01,2021-04,retained_model,0.05,30,184.0,182.0,2.0,8.963337046372118,0,50.37567841754104,9698.0,0.0
2021-04-01,2021-04,seasonal_naive,0.05,30,184.0,184.58324333891892,-0.5832433389189191,9.299999899999989,1,71.80565401866141,9698.0,0.0
2021-04-01,2021-04,oracle_reference,0.05,30,184.0,174.8000001,9.199999899999995,9.199999899999995,0,57.59999869999996,9698.0,0.0
2021-04-01,2021-04,retained_model,0.05,60,184.0,182.0,2.0,8.963337046372004,0,34.024756581269386,9698.0,0.0
2021-04-01,2021-04,seasonal_naive,0.05,60,184.0,184.4945653097826,-0.49456530978258684,9.299999900000017,1,60.69217851407145,9698.0,0.0
2021-04-01,2021-04,oracle_reference,0.05,60,184.0,174.8000001,9.199999899999995,9.199999899999995,0,50.99999899999996,9698.0,0.0
2021-04-01,2021-04,retained_model,0.1,30,184.0,180.99906620444617,3.000933795553834,13.045618834258704,0,164.9727206299632,9698.0,0.0
2021-04-01,2021-04,seasonal_naive,0.1,30,184.0,189.31877517786296,-5.31877517786296,15.19166656666664,1,264.8432879877244,9698.0,0.0
2021-04-01,2021-04,oracle_reference,0.1,30,184.0,166.4800001,17.519999899999988,17.519999899999988,0,247.47999610000056,9698.0,0.0
2021-04-01,2021-04,retained_model,0.1,60,184.0,175.95586495753432,8.044135042465683,17.677060298950806,0,240.3661200154139,9698.0,0.0
2021-04-01,2021-04,seasonal_naive,0.1,60,184.0,197.40235262705883,-13.402352627058832,18.599999899999972,1,307.73249808072825,9698.0,0.0
2021-04-01,2021-04,oracle_reference,0.1,60,184.0,165.60000010000002,18.399999899999983,18.399999899999983,0,171.7999983000002,9698.0,0.0
2021-04-01,2021-04,retained_model,0.15,30,184.0,178.5020427940819,5.497957205918112,15.338768997193341,0,264.8609117123599,9698.0,0.0
2021-04-01,2021-04,seasonal_naive,0.15,30,184.0,198.6871795937271,-14.687179593727109,18.215384515384585,1,466.8882996896621,9698.0,0.0
2021-04-01,2021-04,oracle_reference,0.15,30,184.0,160.4766667666667,23.52333323333329,23.52333323333329,0,494.7999924999989,9698.0,-1.8189894035458565e-12
2021-04-01,2021-04,retained_model,0.15,60,184.0,173.39653305855362,10.603466941446385,22.285931194231495,0,458.9135435337927,9698.0,0.0
2021-04-01,2021-04,seasonal_naive,0.15,60,184.0,188.97395641440085,-4.9739564144008455,24.342646958823508,1,656.5633948215342,9698.0,0.0
2021-04-01,2021-04,oracle_reference,0.15,60,184.0,156.40000010000003,27.599999899999972,27.599999899999972,0,408.59999590000007,9698.0,0.0
2021-04-02,2021-04,retained_model,0.0,30,181.0,181.0,0.0,0.0,0,0.0,12537.0,0.0
2021-04-02,2021-04,seasonal_naive,0.0,30,181.0,181.0,0.0,0.0,0,0.0,12537.0,0.0
2021-04-02,2021-04,oracle_reference,0.0,30,181.0,181.0,0.0,0.0,0,0.0,12537.0,0.0
2021-04-02,2021-04,retained_model,0.0,60,181.0,181.0,0.0,0.0,0,0.0,12537.0,0.0
2021-04-02,2021-04,seasonal_naive,0.0,60,181.0,181.0,0.0,0.0,0,0.0,12537.0,0.0
2021-04-02,2021-04,oracle_reference,0.0,60,181.0,181.0,0.0,0.0,0,0.0,12537.0,0.0
2021-04-02,2021-04,retained_model,0.05,30,181.0,187.93484994250468,-6.934849942504684,6.682718909512857,1,126.23639558306937,12537.0,0.0
2021-04-02,2021-04,seasonal_naive,0.05,30,181.0,181.0,0.0,1.2999998999999995,0,53.6679945978461,12537.0,0.0
2021-04-02,2021-04,oracle_reference,0.05,30,181.0,171.9500001,9.049999899999989,9.049999899999989,0,40.54999890000017,12537.0,0.0
2021-04-02,2021-04,retained_model,0.05,60,181.0,191.1284736924478,-10.128473692447812,7.022430078953818,1,94.36902299637504,12537.0,0.0
2021-04-02,2021-04,seasonal_naive,0.05,60,181.0,181.0,0.0,1.2999998999999995,0,53.6679945978461,12537.0,0.0
2021-04-02,2021-04,oracle_reference,0.05,60,181.0,171.95000009999998,9.049999900000017,9.049999900000017,0,40.54999890000019,12537.0,0.0
2021-04-02,2021-04,retained_model,0.1,30,181.0,209.2547125015218,-28.254712501521794,9.457965591291469,1,270.3297707182664,12537.0,0.0
2021-04-02,2021-04,seasonal_naive,0.1,30,181.0,186.06153913076923,-5.0615391307692335,2.5999999000000003,1,149.19599038117946,12537.0,0.0
2021-04-02,2021-04,oracle_reference,0.1,30,181.0,163.9266667666667,17.0733332333333,17.0733332333333,0,240.55999459999975,12537.0,0.0
2021-04-02,2021-04,retained_model,0.1,60,181.0,243.2729836313863,-62.272983631386296,14.044860257907587,1,356.3143813782584,12537.0,0.0
2021-04-02,2021-04,seasonal_naive,0.1,60,181.0,185.06153913076923,-4.0615391307692335,2.5999999000000003,1,141.4709916686795,12537.0,0.0
2021-04-02,2021-04,oracle_reference,0.1,60,181.0,162.90000010000003,18.099999899999972,18.099999899999972,0,214.39999660000007,12537.0,0.0
2021-04-02,2021-04,retained_model,0.15,30,181.0,229.33500895892962,-48.33500895892962,11.903841262270163,1,415.2317709025958,12537.0,0.0
2021-04-02,2021-04,seasonal_naive,0.15,30,181.0,192.57142625714283,-11.571426257142832,3.4999998999999953,1,320.52888377595093,12537.0,0.0
2021-04-02,2021-04,oracle_reference,0.15,30,181.0,161.69375010000002,19.306249899999983,19.306249899999983,0,358.73748980000113,12537.0,0.0
2021-04-02,2021-04,retained_model,0.15,60,181.0,286.9920277158454,-105.99202771584538,19.304852141071734,1,645.4562932524026,12537.0,0.0
2021-04-02,2021-04,seasonal_naive,0.15,60,181.0,185.7476198428572,-4.747619842857205,3.8999998999999903,1,374.8625921449722,12537.0,0.0
2021-04-02,2021-04,oracle_reference,0.15,60,181.0,155.23437510000002,25.765624899999978,25.765624899999978,0,602.2656185000004,12537.0,0.0
2021-04-03,2021-04,retained_model,0.0,30,118.0,118.0,0.0,0.0,0,0.0,4370.0,0.0
2021-04-03,2021-04,seasonal_naive,0.0,30,118.0,118.0,0.0,0.0,0,0.0,4370.0,0.0
2021-04-03,2021-04,oracle_reference,0.0,30,118.0,118.0,0.0,0.0,0,0.0,4370.0,0.0
2021-04-03,2021-04,retained_model,0.0,60,118.0,118.0,0.0,0.0,0,0.0,4370.0,0.0
2021-04-03,2021-04,seasonal_naive,0.0,60,118.0,118.0,0.0,0.0,0,0.0,4370.0,0.0
2021-04-03,2021-04,oracle_reference,0.0,60,118.0,118.0,0.0,0.0,0,0.0,4370.0,0.0
2021-04-03,2021-04,retained_model,0.05,30,118.0,118.67728741742994,-0.6772874174299375,5.549999900000003,1,5.777287325538047,4370.0,0.0
2021-04-03,2021-04,seasonal_naive,0.05,30,118.0,120.87433618053097,-2.8743361805309746,5.799999900000003,1,9.3594711246363,4370.0,0.0
2021-04-03,2021-04,oracle_reference,0.05,30,118.0,112.1000001,5.899999899999997,5.899999899999997,0,13.399999400000057,4370.0,0.0
2021-04-03,2021-04,retained_model,0.05,60,118.0,118.0,0.0,5.549999900000003,0,5.777287325538047,4370.0,0.0
2021-04-03,2021-04,seasonal_naive,0.05,60,118.0,120.87433618053097,-2.8743361805309746,5.799999900000003,1,9.3594711246363,4370.0,0.0
2021-04-03,2021-04,oracle_reference,0.05,60,118.0,112.10000010000003,5.899999899999969,5.899999899999969,0,12.69999969999994,4370.0,0.0
2021-04-03,2021-04,retained_model,0.1,30,118.0,115.73624897616591,2.2637510238340894,11.099999900000043,0,91.68661475723519,4370.0,0.0
2021-04-03,2021-04,seasonal_naive,0.1,30,118.0,118.16385451637736,-0.1638545163773557,11.599999899999986,1,72.6760467404752,4370.0,0.0
2021-04-03,2021-04,oracle_reference,0.1,30,118.0,106.2000001,11.799999900000003,11.799999900000003,0,56.19999910000003,4370.0,0.0
2021-04-03,2021-04,retained_model,0.1,60,118.0,115.73624897616601,2.26375102383399,11.099999899999958,0,61.236739634623774,4370.0,0.0
2021-04-03,2021-04,seasonal_naive,0.1,60,118.0,119.92510554853642,-1.925105548536422,11.5999999,1,61.00293788242638,4370.0,0.0
2021-04-03,2021-04,oracle_reference,0.1,60,118.0,106.20000010000004,11.79999989999996,11.79999989999996,0,37.79999939999976,4370.0,0.0
2021-04-03,2021-04,retained_model,0.15,30,118.0,114.30813208208265,3.6918679179173495,13.425499064896584,0,237.750726864895,4370.0,0.0
2021-04-03,2021-04,seasonal_naive,0.15,30,118.0,116.45508030537235,1.5449196946276516,14.174999899999989,0,174.68084811339696,4370.0,0.0
2021-04-03,2021-04,oracle_reference,0.15,30,118.0,100.90833343333328,17.091666566666717,17.091666566666717,0,227.84165996667005,4370.0,0.0
2021-04-03,2021-04,retained_model,0.15,60,118.0,110.46179734727414,7.538202652725857,16.124607743013684,0,278.7649438971526,4370.0,0.0
2021-04-03,2021-04,seasonal_naive,0.15,60,118.0,113.89194451823664,4.108055481763358,17.39999990000001,0,254.49800796513364,4370.0,0.0
2021-04-03,2021-04,oracle_reference,0.15,60,118.0,100.30000010000002,17.69999989999998,17.69999989999998,0,114.79999759999987,4370.0,0.0
2021-04-04,2021-04,retained_model,0.0,30,26.0,26.0,0.0,0.0,0,0.0,2067.0,0.0
2021-04-04,2021-04,seasonal_naive,0.0,30,26.0,26.0,0.0,0.0,0,0.0,2067.0,0.0
2021-04-04,2021-04,oracle_reference,0.0,30,26.0,26.0,0.0,0.0,0,0.0,2067.0,0.0
2021-04-04,2021-04,retained_model,0.0,60,26.0,26.0,0.0,0.0,0,0.0,2067.0,0.0
2021-04-04,2021-04,seasonal_naive,0.0,60,26.0,26.0,0.0,0.0,0,0.0,2067.0,0.0
2021-04-04,2021-04,oracle_reference,0.0,60,26.0,26.0,0.0,0.0,0,0.0,2067.0,0.0
2021-04-04,2021-04,retained_model,0.05,30,26.0,26.0,0.0,9.899999900000012,0,3.395121238834183,2067.0,0.0
2021-04-04,2021-04,seasonal_naive,0.05,30,26.0,26.0,0.0,9.899999900000012,0,3.395121238834183,2067.0,0.0
2021-04-04,2021-04,oracle_reference,0.05,30,26.0,24.7000001,1.2999998999999995,1.2999998999999995,0,7.299998899999996,2067.0,0.0
2021-04-04,2021-04,retained_model,0.05,60,26.0,26.59988366038394,-0.5998836603839415,9.899999900000012,1,3.395121238834183,2067.0,0.0
2021-04-04,2021-04,seasonal_naive,0.05,60,26.0,26.59988366038394,-0.5998836603839415,9.899999900000012,1,3.395121238834183,2067.0,0.0
2021-04-04,2021-04,oracle_reference,0.05,60,26.0,24.7000001,1.2999998999999995,1.2999998999999995,0,7.299998899999996,2067.0,0.0
2021-04-04,2021-04,retained_model,0.1,30,26.0,26.828905832035364,-0.8289058320353639,19.799999900000017,1,23.215502654087572,2067.0,0.0
2021-04-04,2021-04,seasonal_naive,0.1,30,26.0,26.828905832035364,-0.8289058320353639,19.799999900000017,1,23.215502654087572,2067.0,0.0
2021-04-04,2021-04,oracle_reference,0.1,30,26.0,23.4000001,2.5999999000000003,2.5999999000000003,0,23.999998499999997,2067.0,0.0
2021-04-04,2021-04,retained_model,0.1,60,26.0,27.109191270184724,-1.1091912701847235,19.799999900000017,1,19.272494008722887,2067.0,0.0
2021-04-04,2021-04,seasonal_naive,0.1,60,26.0,27.109191270184724,-1.1091912701847235,19.799999900000017,1,19.272494008722887,2067.0,0.0
2021-04-04,2021-04,oracle_reference,0.1,60,26.0,23.4000001,2.5999999000000003,2.5999999000000003,0,23.99999849999999,2067.0,0.0
2021-04-04,2021-04,retained_model,0.15,30,26.0,28.018527807588324,-2.018527807588324,24.762499899999995,1,54.50411490264072,2067.0,0.0
2021-04-04,2021-04,seasonal_naive,0.15,30,26.0,28.018527807588324,-2.018527807588324,24.762499899999995,1,54.50411490264072,2067.0,0.0
2021-04-04,2021-04,oracle_reference,0.15,30,26.0,22.100000100000006,3.899999899999994,3.899999899999994,0,57.39999439999987,2067.0,0.0
2021-04-04,2021-04,retained_model,0.15,60,26.0,30.373163541092453,-4.3731635410924525,29.699999899999966,1,61.94935396626402,2067.0,0.0
2021-04-04,2021-04,seasonal_naive,0.15,60,26.0,30.373163541092453,-4.3731635410924525,29.699999899999966,1,61.94935396626402,2067.0,0.0
2021-04-04,2021-04,oracle_reference,0.15,60,26.0,22.1000001,3.899999900000001,3.899999900000001,0,46.19999820000008,2067.0,0.0
2021-04-05,2021-04,retained_model,0.0,30,184.0,184.0,0.0,0.0,0,0.0,9698.0,0.0
2021-04-05,2021-04,seasonal_naive,0.0,30,184.0,184.0,0.0,0.0,0,0.0,9698.0,0.0
2021-04-05,2021-04,oracle_reference,0.0,30,184.0,184.0,0.0,0.0,0,0.0,9698.0,0.0
2021-04-05,2021-04,retained_model,0.0,60,184.0,184.0,0.0,0.0,0,0.0,9698.0,0.0
2021-04-05,2021-04,seasonal_naive,0.0,60,184.0,184.0,0.0,0.0,0,0.0,9698.0,0.0
2021-04-05,2021-04,oracle_reference,0.0,60,184.0,184.0,0.0,0.0,0,0.0,9698.0,0.0
2021-04-05,2021-04,retained_model,0.05,30,184.0,179.55569234551464,4.444307654485357,8.877662820189698,0,78.82220849512518,9698.0,0.0
2021-04-05,2021-04,seasonal_naive,0.05,30,184.0,183.0,1.0,11.0999999,0,9.199999917117125,9698.0,0.0
2021-04-05,2021-04,oracle_reference,0.05,30,184.0,174.8000001,9.199999899999995,9.199999899999995,0,57.59999869999996,9698.0,0.0
2021-04-05,2021-04,retained_model,0.05,60,184.0,179.61457092530063,4.385429074699374,8.877662820190011,0,55.912671796656454,9698.0,0.0
2021-04-05,2021-04,seasonal_naive,0.05,60,184.0,190.1999999171171,-6.199999917117111,11.0999999,1,9.199999917117125,9698.0,0.0
2021-04-05,2021-04,oracle_reference,0.05,60,184.0,174.8000001,9.199999899999995,9.199999899999995,0,50.99999899999996,9698.0,0.0
2021-04-05,2021-04,retained_model,0.1,30,184.0,174.6424829032416,9.357517096758386,13.609447262085155,0,242.0615343146344,9698.0,0.0
2021-04-05,2021-04,seasonal_naive,0.1,30,184.0,187.36521730289854,-3.365217302898543,22.199999899999995,1,25.117217044015653,9698.0,0.0
2021-04-05,2021-04,oracle_reference,0.1,30,184.0,166.4800001,17.519999899999988,17.519999899999988,0,247.47999610000056,9698.0,0.0
2021-04-05,2021-04,retained_model,0.1,60,184.0,172.562349709471,11.437650290529007,17.755325740380385,0,296.8605897633441,9698.0,0.0
2021-04-05,2021-04,seasonal_naive,0.1,60,184.0,188.3490012524481,-4.34900125244809,22.199999899999995,1,25.117217044015653,9698.0,0.0
2021-04-05,2021-04,oracle_reference,0.1,60,184.0,165.60000010000002,18.399999899999983,18.399999899999983,0,171.7999983000002,9698.0,0.0
2021-04-05,2021-04,retained_model,0.15,30,184.0,172.35630807454345,11.643691925456551,15.753474820190291,0,339.76250983546896,9698.0,0.0
2021-04-05,2021-04,seasonal_naive,0.15,30,184.0,187.38828183584872,-3.3882818358487157,33.29999990000002,1,87.26512378019844,9698.0,0.0
2021-04-05,2021-04,oracle_reference,0.15,30,184.0,160.4766667666667,23.52333323333329,23.52333323333329,0,494.7999924999989,9698.0,-1.8189894035458565e-12
2021-04-05,2021-04,retained_model,0.15,60,184.0,168.3560916259659,15.643908374034112,22.24053804012661,0,521.1212222426183,9698.0,0.0
2021-04-05,2021-04,seasonal_naive,0.15,60,184.0,186.57536240724636,-2.5753624072463595,33.29999990000002,1,71.87991668534659,9698.0,0.0
2021-04-05,2021-04,oracle_reference,0.15,60,184.0,156.40000010000003,27.599999899999972,27.599999899999972,0,408.59999590000007,9698.0,0.0
2021-04-06,2021-04,retained_model,0.0,30,181.0,181.0,0.0,0.0,0,0.0,12537.0,0.0
2021-04-06,2021-04,seasonal_naive,0.0,30,181.0,181.0,0.0,0.0,0,0.0,12537.0,0.0
2021-04-06,2021-04,oracle_reference,0.0,30,181.0,181.0,0.0,0.0,0,0.0,12537.0,0.0
2021-04-06,2021-04,retained_model,0.0,60,181.0,181.0,0.0,0.0,0,0.0,12537.0,0.0
2021-04-06,2021-04,seasonal_naive,0.0,60,181.0,181.0,0.0,0.0,0,0.0,12537.0,0.0
2021-04-06,2021-04,oracle_reference,0.0,60,181.0,181.0,0.0,0.0,0,0.0,12537.0,0.0
2021-04-06,2021-04,retained_model,0.05,30,181.0,180.63519054385287,0.36480945614712823,8.85323105710998,0,93.81688146223384,12537.0,0.0
2021-04-06,2021-04,seasonal_naive,0.05,30,181.0,186.75777211139905,-5.757772111399049,9.649999899999898,1,17.458066424385112,12537.0,0.0
2021-04-06,2021-04,oracle_reference,0.05,30,181.0,171.9500001,9.049999899999989,9.049999899999989,0,40.54999890000017,12537.0,0.0
2021-04-06,2021-04,retained_model,0.05,60,181.0,180.0,1.0,8.853231057110037,0,65.13447736439588,12537.0,0.0
2021-04-06,2021-04,seasonal_naive,0.05,60,181.0,186.38189198175886,-5.381891981758855,9.649999900000012,1,14.427088347211885,12537.0,0.0
2021-04-06,2021-04,oracle_reference,0.05,60,181.0,171.95000009999998,9.049999900000017,9.049999900000017,0,40.54999890000019,12537.0,0.0
2021-04-06,2021-04,retained_model,0.1,30,181.0,181.51738814330417,-0.5173881433041743,12.301293066178744,1,243.86683441903585,12537.0,0.0
2021-04-06,2021-04,seasonal_naive,0.1,30,181.0,180.0,1.0,19.299999900000017,0,120.73813713727276,12537.0,0.0
2021-04-06,2021-04,oracle_reference,0.1,30,181.0,163.9266667666667,17.0733332333333,17.0733332333333,0,240.55999459999975,12537.0,0.0
2021-04-06,2021-04,retained_model,0.1,60,181.0,174.1503650570177,6.849634942982306,17.70646221422001,0,411.06719195500364,12537.0,0.0
2021-04-06,2021-04,seasonal_naive,0.1,60,181.0,182.26086939130437,-1.260869391304368,19.299999900000017,1,74.68478571508253,12537.0,0.0
2021-04-06,2021-04,oracle_reference,0.1,60,181.0,162.90000010000003,18.099999899999972,18.099999899999972,0,214.39999660000007,12537.0,0.0
2021-04-06,2021-04,retained_model,0.15,30,181.0,177.46769116788718,3.532308832112818,15.177159747214404,0,444.859727293889,12537.0,0.0
2021-04-06,2021-04,seasonal_naive,0.15,30,181.0,197.97499880000007,-16.974998800000066,26.593749899999978,1,319.2653870598009,12537.0,0.0
2021-04-06,2021-04,oracle_reference,0.15,30,181.0,161.69375010000002,19.306249899999983,19.306249899999983,0,358.73748980000113,12537.0,0.0
2021-04-06,2021-04,retained_model,0.15,60,181.0,182.25715442329155,-1.2571544232915528,20.502269470896067,1,772.8446563038924,12537.0,0.0
2021-04-06,2021-04,seasonal_naive,0.15,60,181.0,194.3975353021127,-13.397535302112686,28.949999899999966,1,244.19913235304182,12537.0,0.0
2021-04-06,2021-04,oracle_reference,0.15,60,181.0,155.23437510000002,25.765624899999978,25.765624899999978,0,602.2656185000004,12537.0,0.0
2021-04-07,2021-04,retained_model,0.0,30,199.0,199.0,0.0,0.0,0,0.0,9934.0,0.0
2021-04-07,2021-04,seasonal_naive,0.0,30,199.0,199.0,0.0,0.0,0,0.0,9934.0,0.0
2021-04-07,2021-04,oracle_reference,0.0,30,199.0,199.0,0.0,0.0,0,0.0,9934.0,0.0
2021-04-07,2021-04,retained_model,0.0,60,199.0,199.0,0.0,0.0,0,0.0,9934.0,0.0
2021-04-07,2021-04,seasonal_naive,0.0,60,199.0,199.0,0.0,0.0,0,0.0,9934.0,0.0
2021-04-07,2021-04,oracle_reference,0.0,60,199.0,199.0,0.0,0.0,0,0.0,9934.0,0.0
2021-04-07,2021-04,retained_model,0.05,30,199.0,205.30491580862773,-6.304915808627726,5.945226362606235,1,105.38960616326817,9934.0,0.0
2021-04-07,2021-04,seasonal_naive,0.05,30,199.0,199.0,0.0,1.2999998999999995,0,38.55799577553842,9934.0,0.0
2021-04-07,2021-04,oracle_reference,0.05,30,199.0,189.05000009999998,9.949999900000023,9.949999900000023,0,16.699999400000138,9934.0,0.0
2021-04-07,2021-04,retained_model,0.05,60,199.0,206.05539613920243,-7.055396139202429,7.2975125260217055,1,117.68165045327319,9934.0,0.0
2021-04-07,2021-04,seasonal_naive,0.05,60,199.0,199.0,0.0,1.2999998999999995,0,38.55799577553842,9934.0,0.0
2021-04-07,2021-04,oracle_reference,0.05,60,199.0,189.0500001,9.949999899999995,9.949999899999995,0,12.849999699999978,9934.0,0.0
2021-04-07,2021-04,retained_model,0.1,30,199.0,203.75616403123578,-4.756164031235784,8.418219375729393,1,269.072944315082,9934.0,0.0
2021-04-07,2021-04,seasonal_naive,0.1,30,199.0,199.0,0.0,2.5999999000000003,0,116.30099197137177,9934.0,0.0
2021-04-07,2021-04,oracle_reference,0.1,30,199.0,179.10000010000013,19.89999989999987,19.89999989999987,0,109.59999869999827,9934.0,0.0
2021-04-07,2021-04,retained_model,0.1,60,199.0,197.24861270999466,1.75138729000534,12.206430924752482,0,385.89873858427654,9934.0,0.0
2021-04-07,2021-04,seasonal_naive,0.1,60,199.0,199.0,0.0,2.5999999000000003,0,107.45099344637178,9934.0,0.0
2021-04-07,2021-04,oracle_reference,0.1,60,199.0,179.1000001,19.89999990000001,19.89999990000001,0,71.29999930000008,9934.0,0.0
2021-04-07,2021-04,retained_model,0.15,30,199.0,200.7223177465977,-1.722317746597696,10.301538839204369,1,424.9167384374347,9934.0,0.0
2021-04-07,2021-04,seasonal_naive,0.15,30,199.0,202.42856914285713,-3.4285691428571283,3.4999998999999953,1,237.85005553509944,9934.0,0.0
2021-04-07,2021-04,oracle_reference,0.15,30,199.0,173.12857152857146,25.871428471428544,25.871428471428544,0,256.7785652285715,9934.0,0.0
2021-04-07,2021-04,retained_model,0.15,60,199.0,192.78815713095642,6.211842869043579,15.742376109490664,0,660.8331414720695,9934.0,0.0
2021-04-07,2021-04,seasonal_naive,0.15,60,199.0,203.75000043181822,-4.750000431818222,3.8999998999999903,1,268.41871933278566,9934.0,0.0
2021-04-07,2021-04,oracle_reference,0.15,60,199.0,169.15000010000003,29.849999899999972,29.849999899999972,0,218.04999669999904,9934.0,0.0
2021-04-08,2021-04,retained_model,0.0,30,181.0,181.0,0.0,0.0,0,0.0,11493.0,0.0
2021-04-08,2021-04,seasonal_naive,0.0,30,181.0,181.0,0.0,0.0,0,0.0,11493.0,0.0
2021-04-08,2021-04,oracle_reference,0.0,30,181.0,181.0,0.0,0.0,0,0.0,11493.0,0.0
2021-04-08,2021-04,retained_model,0.0,60,181.0,181.0,0.0,0.0,0,0.0,11493.0,0.0
2021-04-08,2021-04,seasonal_naive,0.0,60,181.0,181.0,0.0,0.0,0,0.0,11493.0,0.0
2021-04-08,2021-04,oracle_reference,0.0,60,181.0,181.0,0.0,0.0,0,0.0,11493.0,0.0
2021-04-08,2021-04,retained_model,0.05,30,181.0,178.3895957825855,2.610404217414498,7.802158252045899,0,81.86399448974399,11493.0,0.0
2021-04-08,2021-04,seasonal_naive,0.05,30,181.0,176.75307272681565,4.246927273184355,9.199999899999995,0,54.79232734832378,11493.0,0.0
2021-04-08,2021-04,oracle_reference,0.05,30,181.0,171.95000009999998,9.049999900000017,9.049999900000017,0,32.449999100000156,11493.0,0.0
2021-04-08,2021-04,retained_model,0.05,60,181.0,177.08715360150728,3.912846398492718,9.069549544745655,0,94.7714852159973,11493.0,0.0
2021-04-08,2021-04,seasonal_naive,0.05,60,181.0,176.75307272681565,4.246927273184355,9.199999899999995,0,48.39928085262487,11493.0,0.0
2021-04-08,2021-04,oracle_reference,0.05,60,181.0,171.95000009999998,9.049999900000017,9.049999900000017,0,23.399999200000117,11493.0,0.0
2021-04-08,2021-04,retained_model,0.1,30,181.0,175.3376724917919,5.662327508208108,10.559895520836903,0,198.79057092392515,11493.0,0.0
2021-04-08,2021-04,seasonal_naive,0.1,30,181.0,179.42517157789305,1.5748284221069468,17.519999899999988,0,236.05931240136755,11493.0,0.0
2021-04-08,2021-04,oracle_reference,0.1,30,181.0,163.48571438571426,17.51428561428574,17.51428561428574,0,181.08570948571682,11493.0,0.0
2021-04-08,2021-04,retained_model,0.1,60,181.0,169.73434174959607,11.26565825040393,15.269455141350221,0,325.85728494614665,11493.0,0.0
2021-04-08,2021-04,seasonal_naive,0.1,60,181.0,183.72019195442624,-2.720191954426241,18.399999899999983,1,162.68230486157051,11493.0,0.0
2021-04-08,2021-04,oracle_reference,0.1,60,181.0,162.90000010000006,18.099999899999943,18.099999899999943,0,119.49999849999958,11493.0,0.0
2021-04-08,2021-04,retained_model,0.15,30,181.0,172.8389754714843,8.161024528515696,12.917219177749502,0,332.99148174180095,11493.0,0.0
2021-04-08,2021-04,seasonal_naive,0.15,30,181.0,187.11409441032316,-6.114094410323162,23.52333323333329,1,469.24511676450487,11493.0,0.0
2021-04-08,2021-04,oracle_reference,0.15,30,181.0,159.9285715285714,21.07142847142859,21.07142847142859,0,329.857136057146,11493.0,0.0
2021-04-08,2021-04,retained_model,0.15,60,181.0,164.4695799983189,16.530420001681108,19.863584787244832,0,583.8961593314261,11493.0,0.0
2021-04-08,2021-04,seasonal_naive,0.15,60,181.0,181.7551201442944,-0.7551201442944091,27.599999899999972,1,386.6278838518655,11493.0,0.0
2021-04-08,2021-04,oracle_reference,0.15,60,181.0,153.85000010000002,27.149999899999983,27.149999899999983,0,376.7499963000005,11493.0,0.0
2021-04-09,2021-04,retained_model,0.0,30,184.0,184.0,0.0,0.0,0,0.0,9857.0,0.0
2021-04-09,2021-04,seasonal_naive,0.0,30,184.0,184.0,0.0,0.0,0,0.0,9857.0,0.0
2021-04-09,2021-04,oracle_reference,0.0,30,184.0,184.0,0.0,0.0,0,0.0,9857.0,0.0
2021-04-09,2021-04,retained_model,0.0,60,184.0,184.0,0.0,0.0,0,0.0,9857.0,0.0
2021-04-09,2021-04,seasonal_naive,0.0,60,184.0,184.0,0.0,0.0,0,0.0,9857.0,0.0
2021-04-09,2021-04,oracle_reference,0.0,60,184.0,184.0,0.0,0.0,0,0.0,9857.0,0.0
2021-04-09,2021-04,retained_model,0.05,30,184.0,184.0,0.0,8.999999900000006,0,26.10778693050637,9857.0,0.0
2021-04-09,2021-04,seasonal_naive,0.05,30,184.0,187.09635999904023,-3.0963599990402315,9.049999899999989,1,37.55640988263127,9857.0,0.0
2021-04-09,2021-04,oracle_reference,0.05,30,184.0,174.8000001,9.199999899999995,9.199999899999995,0,21.599999699999962,9857.0,0.0
2021-04-09,2021-04,retained_model,0.05,60,184.0,184.0,0.0,8.999999900000006,0,26.10778693050639,9857.0,0.0
2021-04-09,2021-04,seasonal_naive,0.05,60,184.0,186.36271195254236,-2.362711952542355,9.049999900000017,1,37.5564098826313,9857.0,0.0
2021-04-09,2021-04,oracle_reference,0.05,60,184.0,174.8000001,9.199999899999995,9.199999899999995,0,21.599999699999962,9857.0,0.0
2021-04-09,2021-04,retained_model,0.1,30,184.0,205.49977729071387,-21.499777290713865,17.999999900000006,1,165.43057659494934,9857.0,0.0
2021-04-09,2021-04,seasonal_naive,0.1,30,184.0,177.83743548113685,6.1625645188631495,17.0733332333333,0,227.90042789370887,9857.0,0.0
2021-04-09,2021-04,oracle_reference,0.1,30,184.0,165.6000000999999,18.399999900000097,18.399999900000097,0,93.79999880000115,9857.0,0.0
2021-04-09,2021-04,retained_model,0.1,60,184.0,204.01323820615787,-20.013238206157865,17.999999900000006,1,158.8367652973129,9857.0,0.0
2021-04-09,2021-04,seasonal_naive,0.1,60,184.0,177.53173663592813,6.468263364071873,18.099999899999972,0,200.39220158026038,9857.0,0.0
2021-04-09,2021-04,oracle_reference,0.1,60,184.0,165.60000010000002,18.399999899999983,18.399999899999983,0,68.79999930000008,9857.0,0.0
2021-04-09,2021-04,retained_model,0.15,30,184.0,209.7878677459616,-25.78786774596159,23.265624899999978,1,471.7830943700858,9857.0,0.0
2021-04-09,2021-04,seasonal_naive,0.15,30,184.0,174.42827939651823,9.571720603481765,19.306249899999983,0,337.9686972590729,9857.0,0.0
2021-04-09,2021-04,oracle_reference,0.15,30,184.0,157.84333343333333,26.156666566666672,26.156666566666672,0,297.1666596666671,9857.0,0.0
2021-04-09,2021-04,retained_model,0.15,60,184.0,203.28583846186856,-19.285838461868565,26.999999900000006,1,468.32018624066825,9857.0,0.0
2021-04-09,2021-04,seasonal_naive,0.15,60,184.0,166.4082628,17.59173720000001,25.765624899999978,0,568.7688160858554,9857.0,0.0
2021-04-09,2021-04,oracle_reference,0.15,60,184.0,156.40000010000003,27.599999899999972,27.599999899999972,0,192.59999689999995,9857.0,0.0
2021-04-10,2021-04,retained_model,0.0,30,115.0,115.0,0.0,0.0,0,0.0,4390.0,0.0
2021-04-10,2021-04,seasonal_naive,0.0,30,115.0,115.0,0.0,0.0,0,0.0,4390.0,0.0
2021-04-10,2021-04,oracle_reference,0.0,30,115.0,115.0,0.0,0.0,0,0.0,4390.0,0.0
2021-04-10,2021-04,retained_model,0.0,60,115.0,115.0,0.0,0.0,0,0.0,4390.0,0.0
2021-04-10,2021-04,seasonal_naive,0.0,60,115.0,115.0,0.0,0.0,0,0.0,4390.0,0.0
2021-04-10,2021-04,oracle_reference,0.0,60,115.0,115.0,0.0,0.0,0,0.0,4390.0,0.0
2021-04-10,2021-04,retained_model,0.05,30,115.0,114.0,1.0,5.683591221638281,0,8.241506908504252,4390.0,0.0
2021-04-10,2021-04,seasonal_naive,0.05,30,115.0,114.0,1.0,5.899999899999997,0,12.454810296657055,4390.0,0.0
2021-04-10,2021-04,oracle_reference,0.05,30,115.0,109.2500001,5.749999900000006,5.749999900000006,0,18.49999940000003,4390.0,0.0
2021-04-10,2021-04,retained_model,0.05,60,115.0,114.0,1.0,5.683591221638281,0,8.241506908504252,4390.0,0.0
2021-04-10,2021-04,seasonal_naive,0.05,60,115.0,114.0,1.0,5.899999899999969,0,11.83985728918031,4390.0,0.0
2021-04-10,2021-04,oracle_reference,0.05,60,115.0,109.2500001,5.749999900000006,5.749999900000006,0,18.49999940000003,4390.0,0.0
2021-04-10,2021-04,retained_model,0.1,30,115.0,116.40672187963568,-1.4067218796356826,11.367182543276499,1,48.562208184826396,4390.0,0.0
2021-04-10,2021-04,seasonal_naive,0.1,30,115.0,115.38571419285715,-0.3857141928571508,11.799999900000003,1,52.08658164245829,4390.0,0.0
2021-04-10,2021-04,oracle_reference,0.1,30,115.0,103.50000009999995,11.499999900000049,11.499999900000049,0,83.49999810000091,4390.0,0.0
2021-04-10,2021-04,retained_model,0.1,60,115.0,114.55892731423252,0.44107268576748027,11.367182543276584,0,34.760011802759266,4390.0,0.0
2021-04-10,2021-04,seasonal_naive,0.1,60,115.0,115.38571419285711,-0.3857141928571082,11.79999989999996,1,35.39081243249477,4390.0,0.0
2021-04-10,2021-04,oracle_reference,0.1,60,115.0,103.5000001,11.499999900000006,11.499999900000006,0,70.99999880000006,4390.0,0.0
2021-04-10,2021-04,retained_model,0.15,30,115.0,111.52931465584692,3.4706853441530825,15.194176339554474,0,182.3981821041732,4390.0,0.0
2021-04-10,2021-04,seasonal_naive,0.15,30,115.0,113.16584169702966,1.8341583029703372,17.091666566666717,0,227.1908690514651,4390.0,0.0
2021-04-10,2021-04,oracle_reference,0.15,30,115.0,100.85769240769233,14.142307592307674,14.142307592307674,0,192.29999349999974,4390.0,0.0
2021-04-10,2021-04,retained_model,0.15,60,115.0,110.39605450358586,4.603945496414141,17.05077386491486,0,153.97547928232757,4390.0,0.0
2021-04-10,2021-04,seasonal_naive,0.15,60,115.0,113.2099011029703,1.7900988970296936,17.69999989999998,0,109.86661375565643,4390.0,0.0
2021-04-10,2021-04,oracle_reference,0.15,60,115.0,97.7500001,17.249999900000006,17.249999900000006,0,202.24999620000023,4390.0,0.0
2021-04-11,2021-04,retained_model,0.0,30,25.0,25.0,0.0,0.0,0,0.0,1975.0,0.0
2021-04-11,2021-04,seasonal_naive,0.0,30,25.0,25.0,0.0,0.0,0,0.0,1975.0,0.0
2021-04-11,2021-04,oracle_reference,0.0,30,25.0,25.0,0.0,0.0,0,0.0,1975.0,0.0
2021-04-11,2021-04,retained_model,0.0,60,25.0,25.0,0.0,0.0,0,0.0,1975.0,0.0
2021-04-11,2021-04,seasonal_naive,0.0,60,25.0,25.0,0.0,0.0,0,0.0,1975.0,0.0
2021-04-11,2021-04,oracle_reference,0.0,60,25.0,25.0,0.0,0.0,0,0.0,1975.0,0.0
2021-04-11,2021-04,retained_model,0.05,30,25.0,25.0,0.0,1.2999998999999995,0,6.509999022307689,1975.0,0.0
2021-04-11,2021-04,seasonal_naive,0.05,30,25.0,25.0,0.0,1.2999998999999995,0,6.509999022307689,1975.0,0.0
2021-04-11,2021-04,oracle_reference,0.05,30,25.0,23.7500001,1.2499998999999988,1.2499998999999988,0,8.999998799999982,1975.0,0.0
2021-04-11,2021-04,retained_model,0.05,60,25.0,25.0,0.0,1.2999998999999995,0,6.509999022307689,1975.0,0.0
2021-04-11,2021-04,seasonal_naive,0.05,60,25.0,25.0,0.0,1.2999998999999995,0,6.509999022307689,1975.0,0.0
2021-04-11,2021-04,oracle_reference,0.05,60,25.0,23.7500001,1.2499998999999988,1.2499998999999988,0,8.999998799999982,1975.0,0.0
2021-04-11,2021-04,retained_model,0.1,30,25.0,25.34615394230769,-0.3461539423076907,2.5999999000000003,1,21.54499863480769,1975.0,0.0
2021-04-11,2021-04,seasonal_naive,0.1,30,25.0,25.34615394230769,-0.3461539423076907,2.5999999000000003,1,21.54499863480769,1975.0,0.0
2021-04-11,2021-04,oracle_reference,0.1,30,25.0,22.500000100000005,2.4999998999999953,2.4999998999999953,0,24.99999859999992,1975.0,0.0
2021-04-11,2021-04,retained_model,0.1,60,25.0,25.5999999,-0.5999999000000003,2.5999999000000003,1,21.544998634807687,1975.0,0.0
2021-04-11,2021-04,seasonal_naive,0.1,60,25.0,25.5999999,-0.5999999000000003,2.5999999000000003,1,21.544998634807687,1975.0,0.0
2021-04-11,2021-04,oracle_reference,0.1,60,25.0,22.5000001,2.499999899999999,2.499999899999999,0,24.999998599999994,1975.0,0.0
2021-04-11,2021-04,retained_model,0.15,30,25.0,25.382783917582415,-0.38278391758241526,3.899999899999994,1,53.18552689329242,1975.0,-2.2737367544323206e-13
2021-04-11,2021-04,seasonal_naive,0.15,30,25.0,25.382783917582415,-0.38278391758241526,3.899999899999994,1,53.18552689329242,1975.0,-2.2737367544323206e-13
2021-04-11,2021-04,oracle_reference,0.15,30,25.0,21.2500001,3.749999899999999,3.749999899999999,0,53.74999549999995,1975.0,-2.2737367544323206e-13
2021-04-11,2021-04,retained_model,0.15,60,25.0,26.100000099999995,-1.1000000999999955,3.899999900000001,1,41.9142374739382,1975.0,0.0
2021-04-11,2021-04,seasonal_naive,0.15,60,25.0,26.100000099999995,-1.1000000999999955,3.899999900000001,1,41.9142374739382,1975.0,0.0
2021-04-11,2021-04,oracle_reference,0.15,60,25.0,21.2500001,3.749999899999999,3.749999899999999,0,43.24999849999999,1975.0,0.0
2021-04-12,2021-04,retained_model,0.0,30,182.0,182.0,0.0,0.0,0,0.0,11854.0,0.0
2021-04-12,2021-04,seasonal_naive,0.0,30,182.0,182.0,0.0,0.0,0,0.0,11854.0,0.0
2021-04-12,2021-04,oracle_reference,0.0,30,182.0,182.0,0.0,0.0,0,0.0,11854.0,0.0
2021-04-12,2021-04,retained_model,0.0,60,182.0,182.0,0.0,0.0,0,0.0,11854.0,0.0
2021-04-12,2021-04,seasonal_naive,0.0,60,182.0,182.0,0.0,0.0,0,0.0,11854.0,0.0
2021-04-12,2021-04,oracle_reference,0.0,60,182.0,182.0,0.0,0.0,0,0.0,11854.0,0.0
2021-04-12,2021-04,retained_model,0.05,30,182.0,184.49896985142118,-2.4989698514211796,9.095974363990251,1,60.245671324503135,11854.0,0.0
2021-04-12,2021-04,seasonal_naive,0.05,30,182.0,180.3,1.6999999999999886,9.199999899999995,0,54.813664260030706,11854.0,0.0
2021-04-12,2021-04,oracle_reference,0.05,30,182.0,172.9000001,9.0999999,9.0999999,0,33.79999919999997,11854.0,0.0
2021-04-12,2021-04,retained_model,0.05,60,182.0,182.0,0.0,9.095974363990251,0,42.03527603250216,11854.0,0.0
2021-04-12,2021-04,seasonal_naive,0.05,60,182.0,179.7378532101695,2.2621467898304957,9.199999899999995,0,48.48534063106746,11854.0,0.0
2021-04-12,2021-04,oracle_reference,0.05,60,182.0,172.9000001,9.0999999,9.0999999,0,33.79999919999997,11854.0,0.0
2021-04-12,2021-04,retained_model,0.1,30,182.0,181.39543133321092,0.6045686667890777,15.062143800918989,0,242.8022365494519,11854.0,0.0
2021-04-12,2021-04,seasonal_naive,0.1,30,182.0,182.75497981411291,-0.7549798141129145,17.519999899999988,1,242.08501986959146,11854.0,0.0
2021-04-12,2021-04,oracle_reference,0.1,30,182.0,163.8000001000001,18.19999989999991,18.19999989999991,0,263.3999931999957,11854.0,0.0
2021-04-12,2021-04,retained_model,0.1,60,182.0,178.37551729033737,3.6244827096626295,18.19194882798044,0,249.95072739601306,11854.0,0.0
2021-04-12,2021-04,seasonal_naive,0.1,60,182.0,183.6000001,-1.6000000999999884,18.399999899999983,1,164.8129923344854,11854.0,0.0
2021-04-12,2021-04,oracle_reference,0.1,60,182.0,163.8000001,18.199999899999995,18.199999899999995,0,184.99999699999978,11854.0,0.0
2021-04-12,2021-04,retained_model,0.15,30,182.0,178.53080297475083,3.469197025249173,17.26982379359177,0,330.8869523504571,11854.0,0.0
2021-04-12,2021-04,seasonal_naive,0.15,30,182.0,184.4131300717221,-2.413130071722094,23.52333323333329,1,491.3731441023593,11854.0,0.0
2021-04-12,2021-04,oracle_reference,0.15,30,182.0,160.28125010000005,21.71874989999995,21.71874989999995,0,506.44373749999727,11854.0,1.8189894035458565e-12
2021-04-12,2021-04,retained_model,0.15,60,182.0,180.85,1.1500000000000057,23.936771082939885,0,505.8380070668884,11854.0,0.0
2021-04-12,2021-04,seasonal_naive,0.15,60,182.0,178.33645225248787,3.6635477475121263,27.599999899999972,0,400.12953610316504,11854.0,0.0
2021-04-12,2021-04,oracle_reference,0.15,60,182.0,154.7000001,27.29999989999999,27.29999989999999,0,575.1499935000012,11854.0,0.0
2021-04-13,2021-04,retained_model,0.0,30,182.0,182.0,0.0,0.0,0,0.0,11854.0,0.0
2021-04-13,2021-04,seasonal_naive,0.0,30,182.0,182.0,0.0,0.0,0,0.0,11854.0,0.0
2021-04-13,2021-04,oracle_reference,0.0,30,182.0,182.0,0.0,0.0,0,0.0,11854.0,0.0
2021-04-13,2021-04,retained_model,0.0,60,182.0,182.0,0.0,0.0,0,0.0,11854.0,0.0
2021-04-13,2021-04,seasonal_naive,0.0,60,182.0,182.0,0.0,0.0,0,0.0,11854.0,0.0
2021-04-13,2021-04,oracle_reference,0.0,60,182.0,182.0,0.0,0.0,0,0.0,11854.0,0.0
2021-04-13,2021-04,retained_model,0.05,30,182.0,183.0745477362295,-1.0745477362295048,8.792755238061176,1,40.84335403179197,11854.0,0.0
2021-04-13,2021-04,seasonal_naive,0.05,30,182.0,182.0,0.0,9.049999899999989,0,39.22962765308335,11854.0,0.0
2021-04-13,2021-04,oracle_reference,0.05,30,182.0,172.9000001,9.0999999,9.0999999,0,33.79999919999997,11854.0,0.0
2021-04-13,2021-04,retained_model,0.05,60,182.0,183.0745477362295,-1.0745477362295048,8.792755238061147,1,27.01234853242269,11854.0,0.0
2021-04-13,2021-04,seasonal_naive,0.05,60,182.0,182.0,0.0,9.049999900000017,0,39.22962765308337,11854.0,0.0
2021-04-13,2021-04,oracle_reference,0.05,60,182.0,172.9000001,9.0999999,9.0999999,0,33.79999919999997,11854.0,0.0
2021-04-13,2021-04,retained_model,0.1,30,182.0,183.0309539962085,-1.0309539962084955,14.392418963783683,1,275.74321568758097,11854.0,0.0
2021-04-13,2021-04,seasonal_naive,0.1,30,182.0,181.05013192787194,0.949868072128055,17.0733332333333,0,234.57304807504772,11854.0,0.0
2021-04-13,2021-04,oracle_reference,0.1,30,182.0,163.8000001000001,18.19999989999991,18.19999989999991,0,263.3999931999957,11854.0,0.0
2021-04-13,2021-04,retained_model,0.1,60,182.0,179.95622667461538,2.0437733253846204,17.585510576122715,0,319.6698088930784,11854.0,0.0
2021-04-13,2021-04,seasonal_naive,0.1,60,182.0,179.50411933829267,2.495880661707332,18.099999899999972,0,208.23878131039396,11854.0,0.0
2021-04-13,2021-04,oracle_reference,0.1,60,182.0,163.8000001,18.199999899999995,18.199999899999995,0,184.99999699999978,11854.0,0.0
2021-04-13,2021-04,retained_model,0.15,30,182.0,180.18418105829818,1.8158189417018207,16.464835295308546,0,432.08625132996497,11854.0,0.0
2021-04-13,2021-04,seasonal_naive,0.15,30,182.0,178.5536841677966,3.446315832203396,19.306249899999983,0,350.51208169895307,11854.0,0.0
2021-04-13,2021-04,oracle_reference,0.15,30,182.0,160.28125010000005,21.71874989999995,21.71874989999995,0,506.44373749999727,11854.0,1.8189894035458565e-12
2021-04-13,2021-04,retained_model,0.15,60,182.0,172.31362394180064,9.686376058199357,22.815052529513082,0,673.8513282773465,11854.0,0.0
2021-04-13,2021-04,seasonal_naive,0.15,60,182.0,172.14748273499998,9.852517265000017,25.765624899999978,0,588.2376394683246,11854.0,0.0
2021-04-13,2021-04,oracle_reference,0.15,60,182.0,154.7000001,27.29999989999999,27.29999989999999,0,575.1499935000012,11854.0,0.0
2021-04-14,2021-04,retained_model,0.0,30,182.0,182.0,0.0,0.0,0,0.0,11854.0,0.0
2021-04-14,2021-04,seasonal_naive,0.0,30,182.0,182.0,0.0,0.0,0,0.0,11854.0,0.0
2021-04-14,2021-04,oracle_reference,0.0,30,182.0,182.0,0.0,0.0,0,0.0,11854.0,0.0
2021-04-14,2021-04,retained_model,0.0,60,182.0,182.0,0.0,0.0,0,0.0,11854.0,0.0
2021-04-14,2021-04,seasonal_naive,0.0,60,182.0,182.0,0.0,0.0,0,0.0,11854.0,0.0
2021-04-14,2021-04,oracle_reference,0.0,60,182.0,182.0,0.0,0.0,0,0.0,11854.0,0.0
2021-04-14,2021-04,retained_model,0.05,30,182.0,185.69101969230462,-3.6910196923046215,6.421271185970966,1,103.79574099435192,11854.0,0.0
2021-04-14,2021-04,seasonal_naive,0.05,30,182.0,182.0,0.0,9.949999900000023,0,15.008036111160875,11854.0,0.0
2021-04-14,2021-04,oracle_reference,0.05,30,182.0,172.9000001,9.0999999,9.0999999,0,33.79999919999997,11854.0,0.0
2021-04-14,2021-04,retained_model,0.05,60,182.0,183.53045782258963,-1.530457822589625,8.431087701314198,1,121.14540519952888,11854.0,0.0
2021-04-14,2021-04,seasonal_naive,0.05,60,182.0,182.0,0.0,9.949999899999995,0,11.541020674511515,11854.0,0.0
2021-04-14,2021-04,oracle_reference,0.05,60,182.0,172.9000001,9.0999999,9.0999999,0,33.79999919999997,11854.0,0.0
2021-04-14,2021-04,retained_model,0.1,30,182.0,183.4542361466746,-1.4542361466745888,8.502220238366874,1,183.21968124961052,11854.0,0.0
2021-04-14,2021-04,seasonal_naive,0.1,30,182.0,182.0,0.0,19.89999989999987,0,99.25394590592379,11854.0,0.0
2021-04-14,2021-04,oracle_reference,0.1,30,182.0,163.8000001000001,18.19999989999991,18.19999989999991,0,263.3999931999957,11854.0,0.0
2021-04-14,2021-04,retained_model,0.1,60,182.0,178.8018189253641,3.1981810746358974,12.649200565957415,0,260.4885802215195,11854.0,0.0
2021-04-14,2021-04,seasonal_naive,0.1,60,182.0,185.12638155303893,-3.126381553038925,19.89999990000001,1,64.40407558442476,11854.0,0.0
2021-04-14,2021-04,oracle_reference,0.1,60,182.0,163.8000001,18.199999899999995,18.199999899999995,0,184.99999699999978,11854.0,0.0
2021-04-14,2021-04,retained_model,0.15,30,182.0,180.68164767107382,1.3183523289261814,10.557543666077578,0,282.9562612589834,11854.0,0.0
2021-04-14,2021-04,seasonal_naive,0.15,30,182.0,182.0,0.0,25.871428471428544,0,238.8008479550349,11854.0,0.0
2021-04-14,2021-04,oracle_reference,0.15,30,182.0,160.28125010000005,21.71874989999995,21.71874989999995,0,506.44373749999727,11854.0,1.8189894035458565e-12
2021-04-14,2021-04,retained_model,0.15,60,182.0,174.06868252206397,7.931317477936034,16.77801415746336,0,427.30456234473706,11854.0,0.0
2021-04-14,2021-04,seasonal_naive,0.15,60,182.0,179.0,3.0,29.849999899999972,0,201.13074381508758,11854.0,0.0
2021-04-14,2021-04,oracle_reference,0.15,60,182.0,154.7000001,27.29999989999999,27.29999989999999,0,575.1499935000012,11854.0,0.0
2021-04-15,2021-04,retained_model,0.0,30,182.0,182.0,0.0,0.0,0,0.0,11854.0,0.0
2021-04-15,2021-04,seasonal_naive,0.0,30,182.0,182.0,0.0,0.0,0,0.0,11854.0,0.0
2021-04-15,2021-04,oracle_reference,0.0,30,182.0,182.0,0.0,0.0,0,0.0,11854.0,0.0
2021-04-15,2021-04,retained_model,0.0,60,182.0,182.0,0.0,0.0,0,0.0,11854.0,0.0
2021-04-15,2021-04,seasonal_naive,0.0,60,182.0,182.0,0.0,0.0,0,0.0,11854.0,0.0
2021-04-15,2021-04,oracle_reference,0.0,60,182.0,182.0,0.0,0.0,0,0.0,11854.0,0.0
2021-04-15,2021-04,retained_model,0.05,30,182.0,180.80408866606712,1.1959113339328837,7.4384149156365424,0,114.16274277610779,11854.0,0.0
2021-04-15,2021-04,seasonal_naive,0.05,30,182.0,180.64455369057737,1.3554463094226321,9.049999900000017,0,31.404052149561423,11854.0,0.0
2021-04-15,2021-04,oracle_reference,0.05,30,182.0,172.9000001,9.0999999,9.0999999,0,33.79999919999997,11854.0,0.0
2021-04-15,2021-04,retained_model,0.05,60,182.0,179.40394037676538,2.5960596232346234,8.733449883549184,0,111.35239184403592,11854.0,0.0
2021-04-15,2021-04,seasonal_naive,0.05,60,182.0,179.85574723103446,2.1442527689655435,9.049999900000017,0,22.69475640510402,11854.0,0.0
2021-04-15,2021-04,oracle_reference,0.05,60,182.0,172.9000001,9.0999999,9.0999999,0,33.79999919999997,11854.0,0.0
2021-04-15,2021-04,retained_model,0.1,30,182.0,178.1112583414513,3.888741658548696,9.899523757699512,0,207.99816848981726,11854.0,0.0
2021-04-15,2021-04,seasonal_naive,0.1,30,182.0,179.0,3.0,17.51428561428574,0,180.80150735934026,11854.0,0.0
2021-04-15,2021-04,oracle_reference,0.1,30,182.0,163.8000001000001,18.19999989999991,18.19999989999991,0,263.3999931999957,11854.0,0.0
2021-04-15,2021-04,retained_model,0.1,60,182.0,178.85488510513096,3.145114894869039,14.477266853132932,0,300.5136449521164,11854.0,0.0
2021-04-15,2021-04,seasonal_naive,0.1,60,182.0,179.0,3.0,18.099999899999943,0,118.13122340980634,11854.0,0.0
2021-04-15,2021-04,oracle_reference,0.1,60,182.0,163.8000001,18.199999899999995,18.199999899999995,0,184.99999699999978,11854.0,0.0
2021-04-15,2021-04,retained_model,0.15,30,182.0,181.17693913139502,0.8230608686049834,12.190088299191757,0,321.28556633559947,11854.0,0.0
2021-04-15,2021-04,seasonal_naive,0.15,30,182.0,179.0,3.0,21.07142847142859,0,332.5213806285102,11854.0,0.0
2021-04-15,2021-04,oracle_reference,0.15,30,182.0,160.28125010000005,21.71874989999995,21.71874989999995,0,506.44373749999727,11854.0,1.8189894035458565e-12
2021-04-15,2021-04,retained_model,0.15,60,182.0,174.4642813660618,7.535718633938188,18.746820619214674,0,460.3240661483205,11854.0,0.0
2021-04-15,2021-04,seasonal_naive,0.15,60,182.0,179.0,3.0,27.149999899999983,0,379.755054219695,11854.0,0.0
2021-04-15,2021-04,oracle_reference,0.15,60,182.0,154.7000001,27.29999989999999,27.29999989999999,0,575.1499935000012,11854.0,0.0
2021-04-16,2021-04,retained_model,0.0,30,182.0,182.0,0.0,0.0,0,0.0,11854.0,0.0
2021-04-16,2021-04,seasonal_naive,0.0,30,182.0,182.0,0.0,0.0,0,0.0,11854.0,0.0
2021-04-16,2021-04,oracle_reference,0.0,30,182.0,182.0,0.0,0.0,0,0.0,11854.0,0.0
2021-04-16,2021-04,retained_model,0.0,60,182.0,182.0,0.0,0.0,0,0.0,11854.0,0.0
2021-04-16,2021-04,seasonal_naive,0.0,60,182.0,182.0,0.0,0.0,0,0.0,11854.0,0.0
2021-04-16,2021-04,oracle_reference,0.0,60,182.0,182.0,0.0,0.0,0,0.0,11854.0,0.0
2021-04-16,2021-04,retained_model,0.05,30,182.0,182.0,0.0,6.299999900000003,0,11.211459357454741,11854.0,0.0
2021-04-16,2021-04,seasonal_naive,0.05,30,182.0,182.0,0.0,9.199999899999995,0,20.525482010885852,11854.0,0.0
2021-04-16,2021-04,oracle_reference,0.05,30,182.0,172.9000001,9.0999999,9.0999999,0,33.79999919999997,11854.0,0.0
2021-04-16,2021-04,retained_model,0.05,60,182.0,188.4999998968254,-6.499999896825386,6.299999900000003,1,11.211459357454729,11854.0,0.0
2021-04-16,2021-04,seasonal_naive,0.05,60,182.0,182.0,0.0,9.199999899999995,0,20.525482010885852,11854.0,0.0
2021-04-16,2021-04,oracle_reference,0.05,60,182.0,172.9000001,9.0999999,9.0999999,0,33.79999919999997,11854.0,0.0
2021-04-16,2021-04,retained_model,0.1,30,182.0,186.6115871303377,-4.6115871303377105,12.599999899999943,1,59.910499818688336,11854.0,0.0
2021-04-16,2021-04,seasonal_naive,0.1,30,182.0,184.5146107910486,-2.5146107910485966,18.399999900000097,1,91.01529429851499,11854.0,0.0
2021-04-16,2021-04,oracle_reference,0.1,30,182.0,163.8000001000001,18.19999989999991,18.19999989999991,0,263.3999931999957,11854.0,0.0
2021-04-16,2021-04,retained_model,0.1,60,182.0,183.26013445522213,-1.2601344552221292,12.599999899999986,1,52.580827605755616,11854.0,0.0
2021-04-16,2021-04,seasonal_naive,0.1,60,182.0,189.25444482872138,-7.254444828721375,18.399999899999983,1,65.5936997182958,11854.0,0.0
2021-04-16,2021-04,oracle_reference,0.1,60,182.0,163.8000001,18.199999899999995,18.199999899999995,0,184.99999699999978,11854.0,0.0
2021-04-16,2021-04,retained_model,0.15,30,182.0,185.69338533657555,-3.6933853365755454,17.557692207692327,1,163.1497984464943,11854.0,0.0
2021-04-16,2021-04,seasonal_naive,0.15,30,182.0,184.0513622593692,-2.051362259369199,26.156666566666672,1,297.84352505916104,11854.0,0.0
2021-04-16,2021-04,oracle_reference,0.15,30,182.0,160.28125010000005,21.71874989999995,21.71874989999995,0,506.44373749999727,11854.0,1.8189894035458565e-12
2021-04-16,2021-04,retained_model,0.15,60,182.0,184.3767557751833,-2.3767557751833124,18.899999899999997,1,131.98176195571833,11854.0,0.0
2021-04-16,2021-04,seasonal_naive,0.15,60,182.0,184.59877310981594,-2.5987731098159372,27.599999899999972,1,187.3672534920981,11854.0,0.0
2021-04-16,2021-04,oracle_reference,0.15,60,182.0,154.7000001,27.29999989999999,27.29999989999999,0,575.1499935000012,11854.0,0.0
2021-04-17,2021-04,retained_model,0.0,30,115.0,115.0,0.0,0.0,0,0.0,4390.0,0.0
2021-04-17,2021-04,seasonal_naive,0.0,30,115.0,115.0,0.0,0.0,0,0.0,4390.0,0.0
2021-04-17,2021-04,oracle_reference,0.0,30,115.0,115.0,0.0,0.0,0,0.0,4390.0,0.0
2021-04-17,2021-04,retained_model,0.0,60,115.0,115.0,0.0,0.0,0,0.0,4390.0,0.0
2021-04-17,2021-04,seasonal_naive,0.0,60,115.0,115.0,0.0,0.0,0,0.0,4390.0,0.0
2021-04-17,2021-04,oracle_reference,0.0,60,115.0,115.0,0.0,0.0,0,0.0,4390.0,0.0
2021-04-17,2021-04,retained_model,0.05,30,115.0,115.0,0.0,5.699999900000009,0,17.49999950000003,4390.0,0.0
2021-04-17,2021-04,seasonal_naive,0.05,30,115.0,109.2500001,5.749999900000006,5.749999900000006,0,18.49999940000003,4390.0,0.0
2021-04-17,2021-04,oracle_reference,0.05,30,115.0,109.2500001,5.749999900000006,5.749999900000006,0,18.49999940000003,4390.0,0.0
2021-04-17,2021-04,retained_model,0.05,60,115.0,115.0,0.0,5.699999900000009,0,17.49999950000004,4390.0,0.0
2021-04-17,2021-04,seasonal_naive,0.05,60,115.0,109.2500001,5.749999900000006,5.749999900000006,0,18.49999940000003,4390.0,0.0
2021-04-17,2021-04,oracle_reference,0.05,60,115.0,109.2500001,5.749999900000006,5.749999900000006,0,18.49999940000003,4390.0,0.0
2021-04-17,2021-04,retained_model,0.1,30,115.0,116.39999990000001,-1.3999999000000116,11.399999899999997,1,77.99999760000027,4390.0,0.0
2021-04-17,2021-04,seasonal_naive,0.1,30,115.0,103.50000009999995,11.499999900000049,11.499999900000049,0,83.49999810000091,4390.0,0.0
2021-04-17,2021-04,oracle_reference,0.1,30,115.0,103.50000009999995,11.499999900000049,11.499999900000049,0,83.49999810000091,4390.0,0.0
2021-04-17,2021-04,retained_model,0.1,60,115.0,115.0,0.0,11.399999900000012,0,63.999999000000116,4390.0,0.0
2021-04-17,2021-04,seasonal_naive,0.1,60,115.0,103.5000001,11.499999900000006,11.499999900000006,0,70.99999880000006,4390.0,0.0
2021-04-17,2021-04,oracle_reference,0.1,60,115.0,103.5000001,11.499999900000006,11.499999900000006,0,70.99999880000006,4390.0,0.0
2021-04-17,2021-04,retained_model,0.15,30,115.0,113.61148636039562,1.3885136396043833,15.453736364036729,0,241.23821806291207,4390.0,0.0
2021-04-17,2021-04,seasonal_naive,0.15,30,115.0,100.85769240769233,14.142307592307674,14.142307592307674,0,192.29999349999974,4390.0,0.0
2021-04-17,2021-04,oracle_reference,0.15,30,115.0,100.85769240769233,14.142307592307674,14.142307592307674,0,192.29999349999974,4390.0,0.0
2021-04-17,2021-04,retained_model,0.15,60,115.0,112.63034902802733,2.369650971972675,17.09999990000003,0,172.68143750527918,4390.0,0.0
2021-04-17,2021-04,seasonal_naive,0.15,60,115.0,97.7500001,17.249999900000006,17.249999900000006,0,202.24999620000023,4390.0,0.0
2021-04-17,2021-04,oracle_reference,0.15,60,115.0,97.7500001,17.249999900000006,17.249999900000006,0,202.24999620000023,4390.0,0.0
2021-04-18,2021-04,retained_model,0.0,30,25.0,25.0,0.0,0.0,0,0.0,1975.0,0.0
2021-04-18,2021-04,seasonal_naive,0.0,30,25.0,25.0,0.0,0.0,0,0.0,1975.0,0.0
2021-04-18,2021-04,oracle_reference,0.0,30,25.0,25.0,0.0,0.0,0,0.0,1975.0,0.0
2021-04-18,2021-04,retained_model,0.0,60,25.0,25.0,0.0,0.0,0,0.0,1975.0,0.0
2021-04-18,2021-04,seasonal_naive,0.0,60,25.0,25.0,0.0,0.0,0,0.0,1975.0,0.0
2021-04-18,2021-04,oracle_reference,0.0,60,25.0,25.0,0.0,0.0,0,0.0,1975.0,0.0
2021-04-18,2021-04,retained_model,0.05,30,25.0,23.7500001,1.2499998999999988,1.2499998999999988,0,8.999998799999982,1975.0,0.0
2021-04-18,2021-04,seasonal_naive,0.05,30,25.0,23.7500001,1.2499998999999988,1.2499998999999988,0,8.999998799999982,1975.0,0.0
2021-04-18,2021-04,oracle_reference,0.05,30,25.0,23.7500001,1.2499998999999988,1.2499998999999988,0,8.999998799999982,1975.0,0.0
2021-04-18,2021-04,retained_model,0.05,60,25.0,23.7500001,1.2499998999999988,1.2499998999999988,0,8.999998799999982,1975.0,0.0
2021-04-18,2021-04,seasonal_naive,0.05,60,25.0,23.7500001,1.2499998999999988,1.2499998999999988,0,8.999998799999982,1975.0,0.0
2021-04-18,2021-04,oracle_reference,0.05,60,25.0,23.7500001,1.2499998999999988,1.2499998999999988,0,8.999998799999982,1975.0,0.0
2021-04-18,2021-04,retained_model,0.1,30,25.0,22.500000100000005,2.4999998999999953,2.4999998999999953,0,24.99999859999992,1975.0,0.0
2021-04-18,2021-04,seasonal_naive,0.1,30,25.0,22.500000100000005,2.4999998999999953,2.4999998999999953,0,24.99999859999992,1975.0,0.0
2021-04-18,2021-04,oracle_reference,0.1,30,25.0,22.500000100000005,2.4999998999999953,2.4999998999999953,0,24.99999859999992,1975.0,0.0
2021-04-18,2021-04,retained_model,0.1,60,25.0,22.5000001,2.499999899999999,2.499999899999999,0,24.999998599999994,1975.0,0.0
2021-04-18,2021-04,seasonal_naive,0.1,60,25.0,22.5000001,2.499999899999999,2.499999899999999,0,24.999998599999994,1975.0,0.0
2021-04-18,2021-04,oracle_reference,0.1,60,25.0,22.5000001,2.499999899999999,2.499999899999999,0,24.999998599999994,1975.0,0.0
2021-04-18,2021-04,retained_model,0.15,30,25.0,21.2500001,3.749999899999999,3.749999899999999,0,53.74999549999995,1975.0,-2.2737367544323206e-13
2021-04-18,2021-04,seasonal_naive,0.15,30,25.0,21.2500001,3.749999899999999,3.749999899999999,0,53.74999549999995,1975.0,-2.2737367544323206e-13
2021-04-18,2021-04,oracle_reference,0.15,30,25.0,21.2500001,3.749999899999999,3.749999899999999,0,53.74999549999995,1975.0,-2.2737367544323206e-13
2021-04-18,2021-04,retained_model,0.15,60,25.0,21.2500001,3.749999899999999,3.749999899999999,0,43.24999849999999,1975.0,0.0
2021-04-18,2021-04,seasonal_naive,0.15,60,25.0,21.2500001,3.749999899999999,3.749999899999999,0,43.24999849999999,1975.0,0.0
2021-04-18,2021-04,oracle_reference,0.15,60,25.0,21.2500001,3.749999899999999,3.749999899999999,0,43.24999849999999,1975.0,0.0
2021-04-19,2021-04,retained_model,0.0,30,172.0,172.0,0.0,0.0,0,0.0,9521.0,0.0
2021-04-19,2021-04,seasonal_naive,0.0,30,172.0,172.0,0.0,0.0,0,0.0,9521.0,0.0
2021-04-19,2021-04,oracle_reference,0.0,30,172.0,172.0,0.0,0.0,0,0.0,9521.0,0.0
2021-04-19,2021-04,retained_model,0.0,60,172.0,172.0,0.0,0.0,0,0.0,9521.0,0.0
2021-04-19,2021-04,seasonal_naive,0.0,60,172.0,172.0,0.0,0.0,0,0.0,9521.0,0.0
2021-04-19,2021-04,oracle_reference,0.0,60,172.0,172.0,0.0,0.0,0,0.0,9521.0,0.0
2021-04-19,2021-04,retained_model,0.05,30,172.0,166.10871863935432,5.891281360645678,8.956099650002727,0,74.09916987027643,9521.0,0.0
2021-04-19,2021-04,seasonal_naive,0.05,30,172.0,177.63631294469275,-5.636312944692747,9.0999999,1,30.041777766947384,9521.0,0.0
2021-04-19,2021-04,oracle_reference,0.05,30,172.0,163.40000010000003,8.599999899999972,8.599999899999972,0,34.39999909999974,9521.0,0.0
2021-04-19,2021-04,retained_model,0.05,60,172.0,166.2194682093341,5.78053179066589,8.956099650002926,0,51.69379539902962,9521.0,0.0
2021-04-19,2021-04,seasonal_naive,0.05,60,172.0,172.0,0.0,9.0999999,0,30.041777766947384,9521.0,0.0
2021-04-19,2021-04,oracle_reference,0.05,60,172.0,163.4000001,8.5999999,8.5999999,0,34.3999991,9521.0,0.0
2021-04-19,2021-04,retained_model,0.1,30,172.0,174.70378938647423,-2.7037893864742273,13.678201900333306,1,220.55316817252452,9521.0,0.0
2021-04-19,2021-04,seasonal_naive,0.1,30,172.0,168.18885277107188,3.811147228928121,18.19999989999991,0,245.21215500099225,9521.0,0.0
2021-04-19,2021-04,oracle_reference,0.1,30,172.0,157.25714295714286,14.742857042857139,14.742857042857139,0,179.44285144285857,9521.0,0.0
2021-04-19,2021-04,retained_model,0.1,60,172.0,169.6530326621973,2.3469673378027096,17.912199400005505,0,274.8111134789111,9521.0,0.0
2021-04-19,2021-04,seasonal_naive,0.1,60,172.0,168.7041917197605,3.2958082802394983,18.199999899999995,0,170.68054498067244,9521.0,0.0
2021-04-19,2021-04,oracle_reference,0.1,60,172.0,154.80000010000006,17.199999899999938,17.199999899999938,0,199.3999967999989,9521.0,0.0
2021-04-19,2021-04,retained_model,0.15,30,172.0,172.41527735102636,-0.41527735102636143,16.029327079015616,1,317.0290706230235,9521.0,0.0
2021-04-19,2021-04,seasonal_naive,0.15,30,172.0,164.4440547261611,7.555945273838887,21.71874989999995,0,475.0176930394356,9521.0,0.0
2021-04-19,2021-04,oracle_reference,0.15,30,172.0,154.8500001,17.14999990000001,17.14999990000001,0,291.54999400000077,9521.0,0.0
2021-04-19,2021-04,retained_model,0.15,60,172.0,165.08877014828894,6.911229851711056,22.799405923073607,0,486.4274205819096,9521.0,0.0
2021-04-19,2021-04,seasonal_naive,0.15,60,172.0,163.0,9.0,27.29999989999999,0,539.2151535663886,9521.0,0.0
2021-04-19,2021-04,oracle_reference,0.15,60,172.0,148.26875010000003,23.731249899999966,23.731249899999966,0,494.87499399999797,9521.0,0.0
2021-04-20,2021-04,retained_model,0.0,30,172.0,172.0,0.0,0.0,0,0.0,9521.0,0.0
2021-04-20,2021-04,seasonal_naive,0.0,30,172.0,172.0,0.0,0.0,0,0.0,9521.0,0.0
2021-04-20,2021-04,oracle_reference,0.0,30,172.0,172.0,0.0,0.0,0,0.0,9521.0,0.0
2021-04-20,2021-04,retained_model,0.0,60,172.0,172.0,0.0,0.0,0,0.0,9521.0,0.0
2021-04-20,2021-04,seasonal_naive,0.0,60,172.0,172.0,0.0,0.0,0,0.0,9521.0,0.0
2021-04-20,2021-04,oracle_reference,0.0,60,172.0,172.0,0.0,0.0,0,0.0,9521.0,0.0
2021-04-20,2021-04,retained_model,0.05,30,172.0,165.0,7.0,8.471732952765876,0,107.92671226325737,9521.0,0.0
2021-04-20,2021-04,seasonal_naive,0.05,30,172.0,177.63631294469275,-5.636312944692747,9.0999999,1,30.041777766947384,9521.0,0.0
2021-04-20,2021-04,oracle_reference,0.05,30,172.0,163.40000010000003,8.599999899999972,8.599999899999972,0,34.39999909999974,9521.0,0.0
2021-04-20,2021-04,retained_model,0.05,60,172.0,166.9506010287978,5.0493989712022085,8.47173295276562,0,69.32528935629048,9521.0,0.0
2021-04-20,2021-04,seasonal_naive,0.05,60,172.0,172.0,0.0,9.0999999,0,30.041777766947384,9521.0,0.0
2021-04-20,2021-04,oracle_reference,0.05,60,172.0,163.4000001,8.5999999,8.5999999,0,34.3999991,9521.0,0.0
2021-04-20,2021-04,retained_model,0.1,30,172.0,164.56684467416295,7.433155325837049,11.160915861578985,0,204.2599550465738,9521.0,0.0
2021-04-20,2021-04,seasonal_naive,0.1,30,172.0,168.18885277107188,3.811147228928121,18.19999989999991,0,245.21215500099225,9521.0,0.0
2021-04-20,2021-04,oracle_reference,0.1,30,172.0,157.25714295714286,14.742857042857139,14.742857042857139,0,179.44285144285857,9521.0,0.0
2021-04-20,2021-04,retained_model,0.1,60,172.0,163.0,9.0,15.318638576715898,0,284.50328368758994,9521.0,0.0
2021-04-20,2021-04,seasonal_naive,0.1,60,172.0,168.7041917197605,3.2958082802394983,18.199999899999995,0,170.68054498067244,9521.0,0.0
2021-04-20,2021-04,oracle_reference,0.1,60,172.0,154.80000010000006,17.199999899999938,17.199999899999938,0,199.3999967999989,9521.0,0.0
2021-04-20,2021-04,retained_model,0.15,30,172.0,163.0,9.0,13.213221637722313,0,306.3060236794377,9521.0,0.0
2021-04-20,2021-04,seasonal_naive,0.15,30,172.0,164.4440547261611,7.555945273838887,21.71874989999995,0,475.0176930394356,9521.0,0.0
2021-04-20,2021-04,oracle_reference,0.15,30,172.0,154.8500001,17.14999990000001,17.14999990000001,0,291.54999400000077,9521.0,0.0
2021-04-20,2021-04,retained_model,0.15,60,172.0,163.0,9.0,19.449805710427654,0,497.8703360667841,9521.0,0.0
2021-04-20,2021-04,seasonal_naive,0.15,60,172.0,163.0,9.0,27.29999989999999,0,539.2151535663886,9521.0,0.0
2021-04-20,2021-04,oracle_reference,0.15,60,172.0,148.26875010000003,23.731249899999966,23.731249899999966,0,494.87499399999797,9521.0,0.0
2021-04-21,2021-04,retained_model,0.0,30,174.0,174.0,0.0,0.0,0,0.0,11753.0,0.0
2021-04-21,2021-04,seasonal_naive,0.0,30,174.0,174.0,0.0,0.0,0,0.0,11753.0,0.0
2021-04-21,2021-04,oracle_reference,0.0,30,174.0,174.0,0.0,0.0,0,0.0,11753.0,0.0
2021-04-21,2021-04,retained_model,0.0,60,174.0,174.0,0.0,0.0,0,0.0,11753.0,0.0
2021-04-21,2021-04,seasonal_naive,0.0,60,174.0,174.0,0.0,0.0,0,0.0,11753.0,0.0
2021-04-21,2021-04,oracle_reference,0.0,60,174.0,174.0,0.0,0.0,0,0.0,11753.0,0.0
2021-04-21,2021-04,retained_model,0.05,30,174.0,173.30965197135953,0.6903480286404715,8.39447944312775,0,50.30896683087872,11753.0,0.0
2021-04-21,2021-04,seasonal_naive,0.05,30,174.0,174.0,0.0,9.0999999,0,28.57086285688419,11753.0,0.0
2021-04-21,2021-04,oracle_reference,0.05,30,174.0,165.30000009999998,8.699999900000023,8.699999900000023,0,33.59999920000019,11753.0,0.0
2021-04-21,2021-04,retained_model,0.05,60,174.0,172.53271374400447,1.467286255995532,8.394479443127835,0,33.28897219854021,11753.0,0.0
2021-04-21,2021-04,seasonal_naive,0.05,60,174.0,174.0,0.0,9.0999999,0,28.57086285688419,11753.0,0.0
2021-04-21,2021-04,oracle_reference,0.05,60,174.0,165.3000001,8.699999899999995,8.699999899999995,0,31.499999499999973,11753.0,0.0
2021-04-21,2021-04,retained_model,0.1,30,174.0,168.8050029297076,5.194997070292402,12.653067638507423,0,202.60260316892294,11753.0,0.0
2021-04-21,2021-04,seasonal_naive,0.1,30,174.0,173.69485722971433,0.30514277028566994,18.19999989999991,0,240.60205064609477,11753.0,0.0
2021-04-21,2021-04,oracle_reference,0.1,30,174.0,156.60000010000002,17.399999899999983,17.399999899999983,0,160.6999972000003,11753.0,0.0
2021-04-21,2021-04,retained_model,0.1,60,174.0,164.77499603914424,9.225003960855759,16.784229233293644,0,254.1591340579837,11753.0,0.0
2021-04-21,2021-04,seasonal_naive,0.1,60,174.0,173.6948572297143,0.30514277028569836,18.199999899999995,0,164.76342305317002,11753.0,0.0
2021-04-21,2021-04,oracle_reference,0.1,60,174.0,156.6000001,17.39999990000001,17.39999990000001,0,120.59999860000013,11753.0,0.0
2021-04-21,2021-04,retained_model,0.15,30,174.0,167.04080303503346,6.959196964966537,14.702072558931661,0,293.8150516263996,11753.0,0.0
2021-04-21,2021-04,seasonal_naive,0.15,30,174.0,169.98553533660305,4.01446466339695,21.71874989999995,0,470.65553029780574,11753.0,0.0
2021-04-21,2021-04,oracle_reference,0.15,30,174.0,152.54666676666668,21.453333233333325,21.453333233333325,0,339.4666586666682,11753.0,0.0
2021-04-21,2021-04,retained_model,0.15,60,174.0,160.3944981607036,13.605501839296409,20.80132364657922,0,446.91471416109175,11753.0,0.0
2021-04-21,2021-04,seasonal_naive,0.15,60,174.0,164.19079765214724,9.80920234785276,27.29999989999999,0,534.0147143748206,11753.0,0.0
2021-04-21,2021-04,oracle_reference,0.15,60,174.0,147.90000010000003,26.099999899999972,26.099999899999972,0,413.9999949999986,11753.0,0.0
2021-04-22,2021-04,retained_model,0.0,30,174.0,174.0,0.0,0.0,0,0.0,11753.0,0.0
2021-04-22,2021-04,seasonal_naive,0.0,30,174.0,174.0,0.0,0.0,0,0.0,11753.0,0.0
2021-04-22,2021-04,oracle_reference,0.0,30,174.0,174.0,0.0,0.0,0,0.0,11753.0,0.0
2021-04-22,2021-04,retained_model,0.0,60,174.0,174.0,0.0,0.0,0,0.0,11753.0,0.0
2021-04-22,2021-04,seasonal_naive,0.0,60,174.0,174.0,0.0,0.0,0,0.0,11753.0,0.0
2021-04-22,2021-04,oracle_reference,0.0,60,174.0,174.0,0.0,0.0,0,0.0,11753.0,0.0
2021-04-22,2021-04,retained_model,0.05,30,174.0,171.23816647544817,2.7618335245518324,8.362603718838955,0,73.88710522489082,11753.0,0.0
2021-04-22,2021-04,seasonal_naive,0.05,30,174.0,174.0,0.0,9.0999999,0,28.57086285688419,11753.0,0.0
2021-04-22,2021-04,oracle_reference,0.05,30,174.0,165.30000009999998,8.699999900000023,8.699999900000023,0,33.59999920000019,11753.0,0.0
2021-04-22,2021-04,retained_model,0.05,60,174.0,171.238166475448,2.761833524552003,8.362603718839125,0,51.174942114109164,11753.0,0.0
2021-04-22,2021-04,seasonal_naive,0.05,60,174.0,174.0,0.0,9.0999999,0,28.57086285688419,11753.0,0.0
2021-04-22,2021-04,oracle_reference,0.05,60,174.0,165.3000001,8.699999899999995,8.699999899999995,0,31.499999499999973,11753.0,0.0
2021-04-22,2021-04,retained_model,0.1,30,174.0,167.92849954401385,6.071500455986154,11.42433488117328,0,182.18257760142697,11753.0,0.0
2021-04-22,2021-04,seasonal_naive,0.1,30,174.0,173.69485722971433,0.30514277028566994,18.19999989999991,0,240.60205064609477,11753.0,0.0
2021-04-22,2021-04,oracle_reference,0.1,30,174.0,156.60000010000002,17.399999899999983,17.399999899999983,0,160.6999972000003,11753.0,0.0
2021-04-22,2021-04,retained_model,0.1,60,174.0,163.4209017910392,10.5790982089608,15.616133051106061,0,274.3034949205339,11753.0,0.0
2021-04-22,2021-04,seasonal_naive,0.1,60,174.0,173.6948572297143,0.30514277028569836,18.199999899999995,0,164.76342305317002,11753.0,0.0
2021-04-22,2021-04,oracle_reference,0.1,60,174.0,156.6000001,17.39999990000001,17.39999990000001,0,120.59999860000013,11753.0,0.0
2021-04-22,2021-04,retained_model,0.15,30,174.0,166.709047898628,7.290952101372,13.514828436387432,0,286.6307932529603,11753.0,0.0
2021-04-22,2021-04,seasonal_naive,0.15,30,174.0,169.98553533660305,4.01446466339695,21.71874989999995,0,470.65553029780574,11753.0,0.0
2021-04-22,2021-04,oracle_reference,0.15,30,174.0,152.54666676666668,21.453333233333325,21.453333233333325,0,339.4666586666682,11753.0,0.0
2021-04-22,2021-04,retained_model,0.15,60,174.0,159.05013160060264,14.94986839939736,19.6717088900771,0,482.5039994637703,11753.0,0.0
2021-04-22,2021-04,seasonal_naive,0.15,60,174.0,164.19079765214724,9.80920234785276,27.29999989999999,0,534.0147143748206,11753.0,0.0
2021-04-22,2021-04,oracle_reference,0.15,60,174.0,147.90000010000003,26.099999899999972,26.099999899999972,0,413.9999949999986,11753.0,0.0
2021-04-23,2021-04,retained_model,0.0,30,174.0,174.0,0.0,0.0,0,0.0,11753.0,0.0
2021-04-23,2021-04,seasonal_naive,0.0,30,174.0,174.0,0.0,0.0,0,0.0,11753.0,0.0
2021-04-23,2021-04,oracle_reference,0.0,30,174.0,174.0,0.0,0.0,0,0.0,11753.0,0.0
2021-04-23,2021-04,retained_model,0.0,60,174.0,174.0,0.0,0.0,0,0.0,11753.0,0.0
2021-04-23,2021-04,seasonal_naive,0.0,60,174.0,174.0,0.0,0.0,0,0.0,11753.0,0.0
2021-04-23,2021-04,oracle_reference,0.0,60,174.0,174.0,0.0,0.0,0,0.0,11753.0,0.0
2021-04-23,2021-04,retained_model,0.05,30,174.0,173.0,1.0,6.499999899999949,0,20.858452447668114,11753.0,0.0
2021-04-23,2021-04,seasonal_naive,0.05,30,174.0,174.0,0.0,9.0999999,0,28.57086285688419,11753.0,0.0
2021-04-23,2021-04,oracle_reference,0.05,30,174.0,165.30000009999998,8.699999900000023,8.699999900000023,0,33.59999920000019,11753.0,0.0
2021-04-23,2021-04,retained_model,0.05,60,174.0,173.0,1.0,6.499999900000006,0,20.733260372182496,11753.0,0.0
2021-04-23,2021-04,seasonal_naive,0.05,60,174.0,174.0,0.0,9.0999999,0,28.57086285688419,11753.0,0.0
2021-04-23,2021-04,oracle_reference,0.05,60,174.0,165.3000001,8.699999899999995,8.699999899999995,0,31.499999499999973,11753.0,0.0
2021-04-23,2021-04,retained_model,0.1,30,174.0,165.8276256259527,8.172374374047308,12.912377650982194,0,298.9283335620983,11753.0,0.0
2021-04-23,2021-04,seasonal_naive,0.1,30,174.0,173.69485722971433,0.30514277028566994,18.19999989999991,0,240.60205064609477,11753.0,0.0
2021-04-23,2021-04,oracle_reference,0.1,30,174.0,156.60000010000002,17.399999899999983,17.399999899999983,0,160.6999972000003,11753.0,0.0
2021-04-23,2021-04,retained_model,0.1,60,174.0,165.07401631621926,8.925983683780743,12.999999900000006,0,186.2683140373746,11753.0,0.0
2021-04-23,2021-04,seasonal_naive,0.1,60,174.0,173.6948572297143,0.30514277028569836,18.199999899999995,0,164.76342305317002,11753.0,0.0
2021-04-23,2021-04,oracle_reference,0.1,60,174.0,156.6000001,17.39999990000001,17.39999990000001,0,120.59999860000013,11753.0,0.0
2021-04-23,2021-04,retained_model,0.15,30,174.0,170.707231713209,3.292768286790988,14.448552367503012,0,426.3859898606772,11753.0,0.0
2021-04-23,2021-04,seasonal_naive,0.15,30,174.0,169.98553533660305,4.01446466339695,21.71874989999995,0,470.65553029780574,11753.0,0.0
2021-04-23,2021-04,oracle_reference,0.15,30,174.0,152.54666676666668,21.453333233333325,21.453333233333325,0,339.4666586666682,11753.0,0.0
2021-04-23,2021-04,retained_model,0.15,60,174.0,162.75709084341068,11.24290915658932,17.245812542699156,0,619.872158123555,11753.0,0.0
2021-04-23,2021-04,seasonal_naive,0.15,60,174.0,164.19079765214724,9.80920234785276,27.29999989999999,0,534.0147143748206,11753.0,0.0
2021-04-23,2021-04,oracle_reference,0.15,60,174.0,147.90000010000003,26.099999899999972,26.099999899999972,0,413.9999949999986,11753.0,0.0
2021-04-24,2021-04,retained_model,0.0,30,112.0,112.0,0.0,0.0,0,0.0,4129.0,0.0
2021-04-24,2021-04,seasonal_naive,0.0,30,112.0,112.0,0.0,0.0,0,0.0,4129.0,0.0
2021-04-24,2021-04,oracle_reference,0.0,30,112.0,112.0,0.0,0.0,0,0.0,4129.0,0.0
2021-04-24,2021-04,retained_model,0.0,60,112.0,112.0,0.0,0.0,0,0.0,4129.0,0.0
2021-04-24,2021-04,seasonal_naive,0.0,60,112.0,112.0,0.0,0.0,0,0.0,4129.0,0.0
2021-04-24,2021-04,oracle_reference,0.0,60,112.0,112.0,0.0,0.0,0,0.0,4129.0,0.0
2021-04-24,2021-04,retained_model,0.05,30,112.0,108.10305920812179,3.896940791878208,5.549999899999989,0,20.02527207714496,4129.0,0.0
2021-04-24,2021-04,seasonal_naive,0.05,30,112.0,107.33333343157894,4.666666568421064,5.749999900000006,0,16.98660878556736,4129.0,0.0
2021-04-24,2021-04,oracle_reference,0.05,30,112.0,106.4000001,5.5999999,5.5999999,0,6.199999799999993,4129.0,0.0
2021-04-24,2021-04,retained_model,0.05,60,112.0,107.0,5.0,5.549999899999989,0,20.02527207714489,4129.0,0.0
2021-04-24,2021-04,seasonal_naive,0.05,60,112.0,109.14999991043479,2.8500000895652136,5.749999900000006,0,16.98660878556736,4129.0,0.0
2021-04-24,2021-04,oracle_reference,0.05,60,112.0,106.4000001,5.5999999,5.5999999,0,6.199999799999993,4129.0,0.0
2021-04-24,2021-04,retained_model,0.1,30,112.0,111.05626808993009,0.9437319100699142,10.791055159239221,0,113.56556029173024,4129.0,0.0
2021-04-24,2021-04,seasonal_naive,0.1,30,112.0,108.93917538259966,3.0608246174003426,11.499999900000049,0,78.71961352887057,4129.0,0.0
2021-04-24,2021-04,oracle_reference,0.1,30,112.0,100.80000009999999,11.199999900000009,11.199999900000009,0,51.19999840000015,4129.0,0.0
2021-04-24,2021-04,retained_model,0.1,60,112.0,110.74361807699007,1.2563819230099256,11.099999900000014,0,81.61848540038693,4129.0,0.0
2021-04-24,2021-04,seasonal_naive,0.1,60,112.0,111.42105272982455,0.5789472701754477,11.499999900000006,0,66.11221999340177,4129.0,0.0
2021-04-24,2021-04,oracle_reference,0.1,60,112.0,100.80000009999999,11.199999900000009,11.199999900000009,0,47.19999890000008,4129.0,0.0
2021-04-24,2021-04,retained_model,0.15,30,112.0,109.3967170129444,2.603282987055593,12.430938594513592,0,181.60576330101233,4129.0,0.0
2021-04-24,2021-04,seasonal_naive,0.15,30,112.0,108.82510131282052,3.1748986871794784,14.142307592307674,0,183.6812477756566,4129.0,0.0
2021-04-24,2021-04,oracle_reference,0.15,30,112.0,95.44333343333334,16.556666566666664,16.556666566666664,0,204.25332653333408,4129.0,0.0
2021-04-24,2021-04,retained_model,0.15,60,112.0,106.58852789114961,5.41147210885039,16.649999899999997,0,238.02752220908596,4129.0,0.0
2021-04-24,2021-04,seasonal_naive,0.15,60,112.0,105.64899000707071,6.351009992929292,17.249999900000006,0,192.8437496224118,4129.0,0.0
2021-04-24,2021-04,oracle_reference,0.15,60,112.0,95.20000009999993,16.799999900000074,16.799999900000074,0,135.99999750000188,4129.0,0.0
2021-04-25,2021-04,retained_model,0.0,30,25.0,25.0,0.0,0.0,0,0.0,1975.0,0.0
2021-04-25,2021-04,seasonal_naive,0.0,30,25.0,25.0,0.0,0.0,0,0.0,1975.0,0.0
2021-04-25,2021-04,oracle_reference,0.0,30,25.0,25.0,0.0,0.0,0,0.0,1975.0,0.0
2021-04-25,2021-04,retained_model,0.0,60,25.0,25.0,0.0,0.0,0,0.0,1975.0,0.0
2021-04-25,2021-04,seasonal_naive,0.0,60,25.0,25.0,0.0,0.0,0,0.0,1975.0,0.0
2021-04-25,2021-04,oracle_reference,0.0,60,25.0,25.0,0.0,0.0,0,0.0,1975.0,0.0
2021-04-25,2021-04,retained_model,0.05,30,25.0,23.7500001,1.2499998999999988,1.2499998999999988,0,8.999998799999982,1975.0,0.0
2021-04-25,2021-04,seasonal_naive,0.05,30,25.0,23.7500001,1.2499998999999988,1.2499998999999988,0,8.999998799999982,1975.0,0.0
2021-04-25,2021-04,oracle_reference,0.05,30,25.0,23.7500001,1.2499998999999988,1.2499998999999988,0,8.999998799999982,1975.0,0.0
2021-04-25,2021-04,retained_model,0.05,60,25.0,23.7500001,1.2499998999999988,1.2499998999999988,0,8.999998799999982,1975.0,0.0
2021-04-25,2021-04,seasonal_naive,0.05,60,25.0,23.7500001,1.2499998999999988,1.2499998999999988,0,8.999998799999982,1975.0,0.0
2021-04-25,2021-04,oracle_reference,0.05,60,25.0,23.7500001,1.2499998999999988,1.2499998999999988,0,8.999998799999982,1975.0,0.0
2021-04-25,2021-04,retained_model,0.1,30,25.0,22.500000100000005,2.4999998999999953,2.4999998999999953,0,24.99999859999992,1975.0,0.0
2021-04-25,2021-04,seasonal_naive,0.1,30,25.0,22.500000100000005,2.4999998999999953,2.4999998999999953,0,24.99999859999992,1975.0,0.0
2021-04-25,2021-04,oracle_reference,0.1,30,25.0,22.500000100000005,2.4999998999999953,2.4999998999999953,0,24.99999859999992,1975.0,0.0
2021-04-25,2021-04,retained_model,0.1,60,25.0,22.5000001,2.499999899999999,2.499999899999999,0,24.999998599999994,1975.0,0.0
2021-04-25,2021-04,seasonal_naive,0.1,60,25.0,22.5000001,2.499999899999999,2.499999899999999,0,24.999998599999994,1975.0,0.0
2021-04-25,2021-04,oracle_reference,0.1,60,25.0,22.5000001,2.499999899999999,2.499999899999999,0,24.999998599999994,1975.0,0.0
2021-04-25,2021-04,retained_model,0.15,30,25.0,21.2500001,3.749999899999999,3.749999899999999,0,53.74999549999995,1975.0,-2.2737367544323206e-13
2021-04-25,2021-04,seasonal_naive,0.15,30,25.0,21.2500001,3.749999899999999,3.749999899999999,0,53.74999549999995,1975.0,-2.2737367544323206e-13
2021-04-25,2021-04,oracle_reference,0.15,30,25.0,21.2500001,3.749999899999999,3.749999899999999,0,53.74999549999995,1975.0,-2.2737367544323206e-13
2021-04-25,2021-04,retained_model,0.15,60,25.0,21.2500001,3.749999899999999,3.749999899999999,0,43.24999849999999,1975.0,0.0
2021-04-25,2021-04,seasonal_naive,0.15,60,25.0,21.2500001,3.749999899999999,3.749999899999999,0,43.24999849999999,1975.0,0.0
2021-04-25,2021-04,oracle_reference,0.15,60,25.0,21.2500001,3.749999899999999,3.749999899999999,0,43.24999849999999,1975.0,0.0
2021-04-26,2021-04,retained_model,0.0,30,176.0,176.0,0.0,0.0,0,0.0,11380.0,0.0
2021-04-26,2021-04,seasonal_naive,0.0,30,176.0,176.0,0.0,0.0,0,0.0,11380.0,0.0
2021-04-26,2021-04,oracle_reference,0.0,30,176.0,176.0,0.0,0.0,0,0.0,11380.0,0.0
2021-04-26,2021-04,retained_model,0.0,60,176.0,176.0,0.0,0.0,0,0.0,11380.0,0.0
2021-04-26,2021-04,seasonal_naive,0.0,60,176.0,176.0,0.0,0.0,0,0.0,11380.0,0.0
2021-04-26,2021-04,oracle_reference,0.0,60,176.0,176.0,0.0,0.0,0,0.0,11380.0,0.0
2021-04-26,2021-04,retained_model,0.05,30,176.0,172.16983348526338,3.830166514736618,8.135458943728906,0,130.812880197148,11380.0,0.0
2021-04-26,2021-04,seasonal_naive,0.05,30,176.0,180.8538006842104,-4.853800684210398,8.599999899999972,1,31.320046488232784,11380.0,0.0
2021-04-26,2021-04,oracle_reference,0.05,30,176.0,167.20000009999998,8.799999900000017,8.799999900000017,0,9.599999800000042,11380.0,0.0
2021-04-26,2021-04,retained_model,0.05,60,176.0,172.10111709164602,3.8988829083539827,8.63353397440693,0,105.605307602176,11380.0,0.0
2021-04-26,2021-04,seasonal_naive,0.05,60,176.0,180.65964883157895,-4.659648831578949,8.5999999,1,31.320046488233025,11380.0,0.0
2021-04-26,2021-04,oracle_reference,0.05,60,176.0,167.20000009999998,8.799999900000017,8.799999900000017,0,9.599999800000042,11380.0,0.0
2021-04-26,2021-04,retained_model,0.1,30,176.0,168.77249005748578,7.227509942514217,10.903364763741848,0,236.82091822353988,11380.0,0.0
2021-04-26,2021-04,seasonal_naive,0.1,30,176.0,177.36171103380397,-1.3617110338039708,14.742857042857139,1,173.9309551082794,11380.0,0.0
2021-04-26,2021-04,oracle_reference,0.1,30,176.0,158.40000010000014,17.599999899999858,17.599999899999858,0,114.99999799999713,11380.0,0.0
2021-04-26,2021-04,retained_model,0.1,60,176.0,165.6,10.400000000000006,15.32776235279161,0,339.42804185057554,11380.0,0.0
2021-04-26,2021-04,seasonal_naive,0.1,60,176.0,178.78598736178347,-2.7859873617834694,17.199999899999938,1,190.27534797422118,11380.0,0.0
2021-04-26,2021-04,oracle_reference,0.1,60,176.0,158.4000001,17.5999999,17.5999999,0,103.99999849999998,11380.0,0.0
2021-04-26,2021-04,retained_model,0.15,30,176.0,175.4,0.5999999999999943,13.162922947111753,0,356.44638593813187,11380.0,0.0
2021-04-26,2021-04,seasonal_naive,0.15,30,176.0,175.4,0.5999999999999943,17.14999990000001,0,282.715646900259,11380.0,0.0
2021-04-26,2021-04,oracle_reference,0.15,30,176.0,151.56923086923075,24.43076913076925,24.43076913076925,0,350.5653748153893,11380.0,0.0
2021-04-26,2021-04,retained_model,0.15,60,176.0,195.64999852689903,-19.649998526899026,19.52885981074911,1,526.9938063477769,11380.0,0.0
2021-04-26,2021-04,seasonal_naive,0.15,60,176.0,195.37067646917814,-19.370676469178136,23.731249899999966,1,483.1003843325013,11380.0,0.0
2021-04-26,2021-04,oracle_reference,0.15,60,176.0,149.6000001,26.39999990000001,26.39999990000001,0,296.7999968000004,11380.0,0.0
2021-04-27,2021-04,retained_model,0.0,30,176.0,176.0,0.0,0.0,0,0.0,11380.0,0.0
2021-04-27,2021-04,seasonal_naive,0.0,30,176.0,176.0,0.0,0.0,0,0.0,11380.0,0.0
2021-04-27,2021-04,oracle_reference,0.0,30,176.0,176.0,0.0,0.0,0,0.0,11380.0,0.0
2021-04-27,2021-04,retained_model,0.0,60,176.0,176.0,0.0,0.0,0,0.0,11380.0,0.0
2021-04-27,2021-04,seasonal_naive,0.0,60,176.0,176.0,0.0,0.0,0,0.0,11380.0,0.0
2021-04-27,2021-04,oracle_reference,0.0,60,176.0,176.0,0.0,0.0,0,0.0,11380.0,0.0
2021-04-27,2021-04,retained_model,0.05,30,176.0,175.109306529011,0.8906934709889924,7.2262832648807205,0,88.34988143404777,11380.0,0.0
2021-04-27,2021-04,seasonal_naive,0.05,30,176.0,180.8538006842104,-4.853800684210398,8.599999899999972,1,31.320046488232784,11380.0,0.0
2021-04-27,2021-04,oracle_reference,0.05,30,176.0,167.20000009999998,8.799999900000017,8.799999900000017,0,9.599999800000042,11380.0,0.0
2021-04-27,2021-04,retained_model,0.05,60,176.0,174.45558325273254,1.5444167472674621,8.169079236652124,0,83.10294137793153,11380.0,0.0
2021-04-27,2021-04,seasonal_naive,0.05,60,176.0,180.65964883157895,-4.659648831578949,8.5999999,1,31.320046488233025,11380.0,0.0
2021-04-27,2021-04,oracle_reference,0.05,60,176.0,167.20000009999998,8.799999900000017,8.799999900000017,0,9.599999800000042,11380.0,0.0
2021-04-27,2021-04,retained_model,0.1,30,176.0,171.84238956580435,4.157610434195647,9.58946375356976,0,178.12715347983374,11380.0,0.0
2021-04-27,2021-04,seasonal_naive,0.1,30,176.0,177.36171103380397,-1.3617110338039708,14.742857042857139,1,173.9309551082794,11380.0,0.0
2021-04-27,2021-04,oracle_reference,0.1,30,176.0,158.40000010000014,17.599999899999858,17.599999899999858,0,114.99999799999713,11380.0,0.0
2021-04-27,2021-04,retained_model,0.1,60,176.0,177.7,-1.6999999999999886,13.708619098288494,1,262.3962263807184,11380.0,0.0
2021-04-27,2021-04,seasonal_naive,0.1,60,176.0,178.78598736178347,-2.7859873617834694,17.199999899999938,1,190.27534797422118,11380.0,0.0
2021-04-27,2021-04,oracle_reference,0.1,60,176.0,158.4000001,17.5999999,17.5999999,0,103.99999849999998,11380.0,0.0
2021-04-27,2021-04,retained_model,0.15,30,176.0,175.4,0.5999999999999943,11.654102870023792,0,276.92314856932364,11380.0,0.0
2021-04-27,2021-04,seasonal_naive,0.15,30,176.0,175.4,0.5999999999999943,17.14999990000001,0,282.715646900259,11380.0,0.0
2021-04-27,2021-04,oracle_reference,0.15,30,176.0,151.56923086923075,24.43076913076925,24.43076913076925,0,350.5653748153893,11380.0,0.0
2021-04-27,2021-04,retained_model,0.15,60,176.0,182.22726249403155,-6.2272624940315495,17.66769420194089,1,448.20843657657537,11380.0,0.0
2021-04-27,2021-04,seasonal_naive,0.15,60,176.0,195.37067646917814,-19.370676469178136,23.731249899999966,1,483.1003843325013,11380.0,0.0
2021-04-27,2021-04,oracle_reference,0.15,60,176.0,149.6000001,26.39999990000001,26.39999990000001,0,296.7999968000004,11380.0,0.0
2021-04-28,2021-04,retained_model,0.0,30,175.0,175.0,0.0,0.0,0,0.0,11649.0,0.0
2021-04-28,2021-04,seasonal_naive,0.0,30,175.0,175.0,0.0,0.0,0,0.0,11649.0,0.0
2021-04-28,2021-04,oracle_reference,0.0,30,175.0,175.0,0.0,0.0,0,0.0,11649.0,0.0
2021-04-28,2021-04,retained_model,0.0,60,175.0,175.0,0.0,0.0,0,0.0,11649.0,0.0
2021-04-28,2021-04,seasonal_naive,0.0,60,175.0,175.0,0.0,0.0,0,0.0,11649.0,0.0
2021-04-28,2021-04,oracle_reference,0.0,60,175.0,175.0,0.0,0.0,0,0.0,11649.0,0.0
2021-04-28,2021-04,retained_model,0.05,30,175.0,169.32840313613312,5.671596863866881,8.105647179429013,0,39.992125316733485,11649.0,0.0
2021-04-28,2021-04,seasonal_naive,0.05,30,175.0,175.97500009244183,-0.9750000924418316,8.699999900000023,1,31.91654530580349,11649.0,0.0
2021-04-28,2021-04,oracle_reference,0.05,30,175.0,166.2500001,8.749999900000006,8.749999900000006,0,23.249999300000056,11649.0,0.0
2021-04-28,2021-04,retained_model,0.05,60,175.0,170.52440763681733,4.47559236318267,8.105647179429042,0,29.589720910343132,11649.0,0.0
2021-04-28,2021-04,seasonal_naive,0.05,60,175.0,178.68023266279073,-3.680232662790729,8.699999899999995,1,29.880181960348732,11649.0,0.0
2021-04-28,2021-04,oracle_reference,0.05,60,175.0,166.2500001,8.749999900000006,8.749999900000006,0,23.249999300000056,11649.0,0.0
2021-04-28,2021-04,retained_model,0.1,30,175.0,166.66422391754122,8.335776082458779,12.818172259099185,0,191.481627124515,11649.0,0.0
2021-04-28,2021-04,seasonal_naive,0.1,30,175.0,182.26293718041956,-7.262937180419556,17.399999899999983,1,156.56631690291616,11649.0,0.0
2021-04-28,2021-04,oracle_reference,0.1,30,175.0,157.50000010000002,17.499999899999978,17.499999899999978,0,141.79999660000016,11649.0,0.0
2021-04-28,2021-04,retained_model,0.1,60,175.0,162.87633459316334,12.123665406836665,16.21129445885785,0,249.62564060491746,11649.0,0.0
2021-04-28,2021-04,seasonal_naive,0.1,60,175.0,180.57209311569767,-5.572093115697669,17.39999990000001,1,115.04424511477959,11649.0,0.0
2021-04-28,2021-04,oracle_reference,0.1,60,175.0,157.5000001,17.499999900000006,17.499999900000006,0,114.99999860000008,11649.0,0.0
2021-04-28,2021-04,retained_model,0.15,30,175.0,163.9396331160637,11.060366883936297,14.748778627196884,0,302.9530759774041,11649.0,0.0
2021-04-28,2021-04,seasonal_naive,0.15,30,175.0,176.64363648111888,-1.6436364811188753,21.453333233333325,1,335.2582640360762,11649.0,0.0
2021-04-28,2021-04,oracle_reference,0.15,30,175.0,154.22000010000005,20.77999989999995,20.77999989999995,0,260.53999069999804,11649.0,0.0
2021-04-28,2021-04,retained_model,0.15,60,175.0,158.0,17.0,20.59795834068413,0,488.24226005742855,11649.0,0.0
2021-04-28,2021-04,seasonal_naive,0.15,60,175.0,169.27736876663116,5.722631233368844,26.099999899999972,0,408.4435949577287,11649.0,0.0
2021-04-28,2021-04,oracle_reference,0.15,60,175.0,148.75000010000002,26.249999899999978,26.249999899999978,0,366.14999490000025,11649.0,0.0
2021-04-29,2021-04,retained_model,0.0,30,175.0,175.0,0.0,0.0,0,0.0,11649.0,0.0
2021-04-29,2021-04,seasonal_naive,0.0,30,175.0,175.0,0.0,0.0,0,0.0,11649.0,0.0
2021-04-29,2021-04,oracle_reference,0.0,30,175.0,175.0,0.0,0.0,0,0.0,11649.0,0.0
2021-04-29,2021-04,retained_model,0.0,60,175.0,175.0,0.0,0.0,0,0.0,11649.0,0.0
2021-04-29,2021-04,seasonal_naive,0.0,60,175.0,175.0,0.0,0.0,0,0.0,11649.0,0.0
2021-04-29,2021-04,oracle_reference,0.0,60,175.0,175.0,0.0,0.0,0,0.0,11649.0,0.0
2021-04-29,2021-04,retained_model,0.05,30,175.0,171.55648110569925,3.4435188943007518,6.8565445978574076,0,114.21760925794709,11649.0,0.0
2021-04-29,2021-04,seasonal_naive,0.05,30,175.0,175.97500009244183,-0.9750000924418316,8.699999900000023,1,31.91654530580349,11649.0,0.0
2021-04-29,2021-04,oracle_reference,0.05,30,175.0,166.2500001,8.749999900000006,8.749999900000006,0,23.249999300000056,11649.0,0.0
2021-04-29,2021-04,retained_model,0.05,60,175.0,171.11902214450592,3.8809778554940806,7.208508491186876,0,87.11915897324295,11649.0,0.0
2021-04-29,2021-04,seasonal_naive,0.05,60,175.0,178.68023266279073,-3.680232662790729,8.699999899999995,1,29.880181960348732,11649.0,0.0
2021-04-29,2021-04,oracle_reference,0.05,60,175.0,166.2500001,8.749999900000006,8.749999900000006,0,23.249999300000056,11649.0,0.0
2021-04-29,2021-04,retained_model,0.1,30,175.0,173.58087499503097,1.4191250049690325,10.871688560236066,0,277.92745769189,11649.0,0.0
2021-04-29,2021-04,seasonal_naive,0.1,30,175.0,182.26293718041956,-7.262937180419556,17.399999899999983,1,156.56631690291616,11649.0,0.0
2021-04-29,2021-04,oracle_reference,0.1,30,175.0,157.50000010000002,17.499999899999978,17.499999899999978,0,141.79999660000016,11649.0,0.0
2021-04-29,2021-04,retained_model,0.1,60,175.0,187.28496184647048,-12.28496184647048,14.417017082373832,1,299.53737877421224,11649.0,0.0
2021-04-29,2021-04,seasonal_naive,0.1,60,175.0,180.57209311569767,-5.572093115697669,17.39999990000001,1,115.04424511477959,11649.0,0.0
2021-04-29,2021-04,oracle_reference,0.1,60,175.0,157.5000001,17.499999900000006,17.499999900000006,0,114.99999860000008,11649.0,0.0
2021-04-29,2021-04,retained_model,0.15,30,175.0,189.7007860077855,-14.700786007785496,13.974157406850054,1,441.8790676813835,11649.0,0.0
2021-04-29,2021-04,seasonal_naive,0.15,30,175.0,176.64363648111888,-1.6436364811188753,21.453333233333325,1,335.2582640360762,11649.0,0.0
2021-04-29,2021-04,oracle_reference,0.15,30,175.0,154.22000010000005,20.77999989999995,20.77999989999995,0,260.53999069999804,11649.0,0.0
2021-04-29,2021-04,retained_model,0.15,60,175.0,184.22682175742995,-9.226821757429946,19.28176400811192,1,581.1620548604915,11649.0,0.0
2021-04-29,2021-04,seasonal_naive,0.15,60,175.0,169.27736876663116,5.722631233368844,26.099999899999972,0,408.4435949577287,11649.0,0.0
2021-04-29,2021-04,oracle_reference,0.15,60,175.0,148.75000010000002,26.249999899999978,26.249999899999978,0,366.14999490000025,11649.0,0.0
2021-04-30,2021-04,retained_model,0.0,30,174.0,174.0,0.0,0.0,0,0.0,11753.0,0.0
2021-04-30,2021-04,seasonal_naive,0.0,30,174.0,174.0,0.0,0.0,0,0.0,11753.0,0.0
2021-04-30,2021-04,oracle_reference,0.0,30,174.0,174.0,0.0,0.0,0,0.0,11753.0,0.0
2021-04-30,2021-04,retained_model,0.0,60,174.0,174.0,0.0,0.0,0,0.0,11753.0,0.0
2021-04-30,2021-04,seasonal_naive,0.0,60,174.0,174.0,0.0,0.0,0,0.0,11753.0,0.0
2021-04-30,2021-04,oracle_reference,0.0,60,174.0,174.0,0.0,0.0,0,0.0,11753.0,0.0
2021-04-30,2021-04,retained_model,0.05,30,174.0,174.0,0.0,6.799999900000017,0,6.7999999000000155,11753.0,0.0
2021-04-30,2021-04,seasonal_naive,0.05,30,174.0,165.30000009999998,8.699999900000023,8.699999900000023,0,33.59999920000019,11753.0,0.0
2021-04-30,2021-04,oracle_reference,0.05,30,174.0,165.30000009999998,8.699999900000023,8.699999900000023,0,33.59999920000019,11753.0,0.0
2021-04-30,2021-04,retained_model,0.05,60,174.0,174.0,0.0,6.799999900000017,0,6.7999999000000155,11753.0,0.0
2021-04-30,2021-04,seasonal_naive,0.05,60,174.0,165.3000001,8.699999899999995,8.699999899999995,0,31.499999499999973,11753.0,0.0
2021-04-30,2021-04,oracle_reference,0.05,60,174.0,165.3000001,8.699999899999995,8.699999899999995,0,31.499999499999973,11753.0,0.0
2021-04-30,2021-04,retained_model,0.1,30,174.0,174.0,0.0,13.599999899999986,0,20.399999600000015,11753.0,0.0
2021-04-30,2021-04,seasonal_naive,0.1,30,174.0,156.60000010000002,17.399999899999983,17.399999899999983,0,160.6999972000003,11753.0,0.0
2021-04-30,2021-04,oracle_reference,0.1,30,174.0,156.60000010000002,17.399999899999983,17.399999899999983,0,160.6999972000003,11753.0,0.0
2021-04-30,2021-04,retained_model,0.1,60,174.0,174.0,0.0,13.599999899999986,0,20.399999600000015,11753.0,0.0
2021-04-30,2021-04,seasonal_naive,0.1,60,174.0,156.6000001,17.39999990000001,17.39999990000001,0,120.59999860000013,11753.0,0.0
2021-04-30,2021-04,oracle_reference,0.1,60,174.0,156.6000001,17.39999990000001,17.39999990000001,0,120.59999860000013,11753.0,0.0
2021-04-30,2021-04,retained_model,0.15,30,174.0,174.0,0.0,20.399999899999955,0,96.19999819999943,11753.0,0.0
2021-04-30,2021-04,seasonal_naive,0.15,30,174.0,152.54666676666668,21.453333233333325,21.453333233333325,0,339.4666586666682,11753.0,0.0
2021-04-30,2021-04,oracle_reference,0.15,30,174.0,152.54666676666668,21.453333233333325,21.453333233333325,0,339.4666586666682,11753.0,0.0
2021-04-30,2021-04,retained_model,0.15,60,174.0,174.0,0.0,20.399999899999997,0,59.19999920000007,11753.0,0.0
2021-04-30,2021-04,seasonal_naive,0.15,60,174.0,147.90000010000003,26.099999899999972,26.099999899999972,0,413.9999949999986,11753.0,0.0
2021-04-30,2021-04,oracle_reference,0.15,60,174.0,147.90000010000003,26.099999899999972,26.099999899999972,0,413.9999949999986,11753.0,0.0
2021-05-01,2021-05,retained_model,0.0,30,118.0,118.0,0.0,0.0,0,0.0,4370.0,0.0
2021-05-01,2021-05,seasonal_naive,0.0,30,118.0,118.0,0.0,0.0,0,0.0,4370.0,0.0
2021-05-01,2021-05,oracle_reference,0.0,30,118.0,118.0,0.0,0.0,0,0.0,4370.0,0.0
2021-05-01,2021-05,retained_model,0.0,60,118.0,118.0,0.0,0.0,0,0.0,4370.0,0.0
2021-05-01,2021-05,seasonal_naive,0.0,60,118.0,118.0,0.0,0.0,0,0.0,4370.0,0.0
2021-05-01,2021-05,oracle_reference,0.0,60,118.0,118.0,0.0,0.0,0,0.0,4370.0,0.0
2021-05-01,2021-05,retained_model,0.05,30,118.0,116.8549316635044,1.1450683364955978,5.2883649339206755,0,28.69463075274586,4370.0,0.0
2021-05-01,2021-05,seasonal_naive,0.05,30,118.0,118.0,0.0,5.5999999,0,5.66588767252169,4370.0,0.0
2021-05-01,2021-05,oracle_reference,0.05,30,118.0,112.1000001,5.899999899999997,5.899999899999997,0,13.399999400000057,4370.0,0.0
2021-05-01,2021-05,retained_model,0.05,60,118.0,116.19915265603882,1.8008473439611805,5.923533515485488,0,25.985908456431098,4370.0,0.0
2021-05-01,2021-05,seasonal_naive,0.05,60,118.0,118.0,0.0,5.5999999,0,5.66588767252169,4370.0,0.0
2021-05-01,2021-05,oracle_reference,0.05,60,118.0,112.10000010000003,5.899999899999969,5.899999899999969,0,12.69999969999994,4370.0,0.0
2021-05-01,2021-05,retained_model,0.1,30,118.0,112.96683003141695,5.033169968583053,9.027911407268547,0,131.48977288027663,4370.0,0.0
2021-05-01,2021-05,seasonal_naive,0.1,30,118.0,118.90097098640776,-0.9009709864077564,11.199999900000009,1,49.92252170890279,4370.0,0.0
2021-05-01,2021-05,oracle_reference,0.1,30,118.0,106.2000001,11.799999900000003,11.799999900000003,0,56.19999910000003,4370.0,0.0
2021-05-01,2021-05,retained_model,0.1,60,118.0,112.3235652219538,5.6764347780462,11.847067130970927,0,138.07193591824267,4370.0,0.0
2021-05-01,2021-05,seasonal_naive,0.1,60,118.0,118.79230779134615,-0.7923077913461469,11.199999900000009,1,45.84371530913819,4370.0,0.0
2021-05-01,2021-05,oracle_reference,0.1,60,118.0,106.20000010000004,11.79999989999996,11.79999989999996,0,37.79999939999976,4370.0,0.0
2021-05-01,2021-05,retained_model,0.15,30,118.0,111.14718170529008,6.85281829470992,10.661568915171543,0,187.7321328235245,4370.0,0.0
2021-05-01,2021-05,seasonal_naive,0.15,30,118.0,115.12503079381361,2.8749692061863925,16.556666566666664,0,205.98816255395877,4370.0,0.0
2021-05-01,2021-05,oracle_reference,0.15,30,118.0,100.90833343333328,17.091666566666717,17.091666566666717,0,227.84165996667005,4370.0,0.0
2021-05-01,2021-05,retained_model,0.15,60,118.0,109.80394629590997,8.196053704090033,15.278924690093561,0,263.4548822724289,4370.0,0.0
2021-05-01,2021-05,seasonal_naive,0.15,60,118.0,114.05889707762208,3.9411029223779224,16.799999900000074,0,135.86143749539823,4370.0,0.0
2021-05-01,2021-05,oracle_reference,0.15,60,118.0,100.30000010000002,17.69999989999998,17.69999989999998,0,114.79999759999987,4370.0,0.0
2021-05-02,2021-05,retained_model,0.0,30,26.0,26.0,0.0,0.0,0,0.0,2067.0,0.0
2021-05-02,2021-05,seasonal_naive,0.0,30,26.0,26.0,0.0,0.0,0,0.0,2067.0,0.0
2021-05-02,2021-05,oracle_reference,0.0,30,26.0,26.0,0.0,0.0,0,0.0,2067.0,0.0
2021-05-02,2021-05,retained_model,0.0,60,26.0,26.0,0.0,0.0,0,0.0,2067.0,0.0
2021-05-02,2021-05,seasonal_naive,0.0,60,26.0,26.0,0.0,0.0,0,0.0,2067.0,0.0
2021-05-02,2021-05,oracle_reference,0.0,60,26.0,26.0,0.0,0.0,0,0.0,2067.0,0.0
2021-05-02,2021-05,retained_model,0.05,30,26.0,26.0,0.0,1.2499998999999988,0,8.797915499499984,2067.0,0.0
2021-05-02,2021-05,seasonal_naive,0.05,30,26.0,26.0,0.0,1.2499998999999988,0,8.797915499499984,2067.0,0.0
2021-05-02,2021-05,oracle_reference,0.05,30,26.0,24.7000001,1.2999998999999995,1.2999998999999995,0,7.299998899999996,2067.0,0.0
2021-05-02,2021-05,retained_model,0.05,60,26.0,26.0,0.0,1.2499998999999988,0,8.797915499499984,2067.0,0.0
2021-05-02,2021-05,seasonal_naive,0.05,60,26.0,26.0,0.0,1.2499998999999988,0,8.797915499499984,2067.0,0.0
2021-05-02,2021-05,oracle_reference,0.05,60,26.0,24.7000001,1.2999998999999995,1.2999998999999995,0,7.299998899999996,2067.0,0.0
2021-05-02,2021-05,retained_model,0.1,30,26.0,28.099999915999994,-2.0999999159999945,2.4999998999999953,1,24.45271601109412,2067.0,0.0
2021-05-02,2021-05,seasonal_naive,0.1,30,26.0,28.099999915999994,-2.0999999159999945,2.4999998999999953,1,24.45271601109412,2067.0,0.0
2021-05-02,2021-05,oracle_reference,0.1,30,26.0,23.4000001,2.5999999000000003,2.5999999000000003,0,23.999998499999997,2067.0,0.0
2021-05-02,2021-05,retained_model,0.1,60,26.0,26.312499912499998,-0.3124999124999981,2.499999899999999,1,24.452716011094196,2067.0,0.0
2021-05-02,2021-05,seasonal_naive,0.1,60,26.0,26.312499912499998,-0.3124999124999981,2.499999899999999,1,24.452716011094196,2067.0,0.0
2021-05-02,2021-05,oracle_reference,0.1,60,26.0,23.4000001,2.5999999000000003,2.5999999000000003,0,23.99999849999999,2067.0,0.0
2021-05-02,2021-05,retained_model,0.15,30,26.0,26.7499999,-0.7499998999999988,3.749999899999999,1,54.270112161324704,2067.0,0.0
2021-05-02,2021-05,seasonal_naive,0.15,30,26.0,26.7499999,-0.7499998999999988,3.749999899999999,1,54.270112161324704,2067.0,0.0
2021-05-02,2021-05,oracle_reference,0.15,30,26.0,22.100000100000006,3.899999899999994,3.899999899999994,0,57.39999439999987,2067.0,0.0
2021-05-02,2021-05,retained_model,0.15,60,26.0,26.209999411999995,-0.20999941199999483,3.749999899999999,1,42.55761543632475,2067.0,0.0
2021-05-02,2021-05,seasonal_naive,0.15,60,26.0,26.209999411999995,-0.20999941199999483,3.749999899999999,1,42.55761543632475,2067.0,0.0
2021-05-02,2021-05,oracle_reference,0.15,60,26.0,22.1000001,3.899999900000001,3.899999900000001,0,46.19999820000008,2067.0,0.0
2021-05-03,2021-05,retained_model,0.0,30,184.0,184.0,0.0,0.0,0,0.0,9698.0,0.0
2021-05-03,2021-05,seasonal_naive,0.0,30,184.0,184.0,0.0,0.0,0,0.0,9698.0,0.0
2021-05-03,2021-05,oracle_reference,0.0,30,184.0,184.0,0.0,0.0,0,0.0,9698.0,0.0
2021-05-03,2021-05,retained_model,0.0,60,184.0,184.0,0.0,0.0,0,0.0,9698.0,0.0
2021-05-03,2021-05,seasonal_naive,0.0,60,184.0,184.0,0.0,0.0,0,0.0,9698.0,0.0
2021-05-03,2021-05,oracle_reference,0.0,60,184.0,184.0,0.0,0.0,0,0.0,9698.0,0.0
2021-05-03,2021-05,retained_model,0.05,30,184.0,193.35125711694076,-9.351257116940758,7.468693579549296,1,72.01431645734591,9698.0,0.0
2021-05-03,2021-05,seasonal_naive,0.05,30,184.0,183.0,1.0,8.799999900000017,0,10.052380741287923,9698.0,0.0
2021-05-03,2021-05,oracle_reference,0.05,30,184.0,174.8000001,9.199999899999995,9.199999899999995,0,57.59999869999996,9698.0,0.0
2021-05-03,2021-05,retained_model,0.05,60,184.0,184.19149299246973,-0.19149299246973328,7.468693579549324,1,58.40844952899965,9698.0,0.0
2021-05-03,2021-05,seasonal_naive,0.05,60,184.0,187.19999989545457,-3.1999998954545674,8.799999900000017,1,10.052380741287923,9698.0,0.0
2021-05-03,2021-05,oracle_reference,0.05,60,184.0,174.8000001,9.199999899999995,9.199999899999995,0,50.99999899999996,9698.0,0.0
2021-05-03,2021-05,retained_model,0.1,30,184.0,188.54916163320433,-4.549161633204335,10.256264029043933,1,228.464344186391,9698.0,0.0
2021-05-03,2021-05,seasonal_naive,0.1,30,184.0,204.90704747232692,-20.907047472326923,17.599999899999858,1,120.56018327774967,9698.0,0.0
2021-05-03,2021-05,oracle_reference,0.1,30,184.0,166.4800001,17.519999899999988,17.519999899999988,0,247.47999610000056,9698.0,0.0
2021-05-03,2021-05,retained_model,0.1,60,184.0,182.5269468068088,1.4730531931911912,14.153544911555656,0,354.72524618709235,9698.0,0.0
2021-05-03,2021-05,seasonal_naive,0.1,60,184.0,190.5084336361446,-6.508433636144588,17.5999999,1,108.95983772920775,9698.0,0.0
2021-05-03,2021-05,oracle_reference,0.1,60,184.0,165.60000010000002,18.399999899999983,18.399999899999983,0,171.7999983000002,9698.0,0.0
2021-05-03,2021-05,retained_model,0.15,30,184.0,185.16099489773657,-1.1609948977365718,12.150814038369788,1,379.19458691568,9698.0,0.0
2021-05-03,2021-05,seasonal_naive,0.15,30,184.0,208.22284533489335,-24.22284533489335,24.43076913076925,1,368.6308512590427,9698.0,0.0
2021-05-03,2021-05,oracle_reference,0.15,30,184.0,160.4766667666667,23.52333323333329,23.52333323333329,0,494.7999924999989,9698.0,-1.8189894035458565e-12
2021-05-03,2021-05,retained_model,0.15,60,184.0,178.63043700696383,5.369562993036169,17.51689269610071,0,575.4886868866047,9698.0,0.0
2021-05-03,2021-05,seasonal_naive,0.15,60,184.0,211.53362895315755,-27.533628953157546,26.39999990000001,1,314.4638085437832,9698.0,0.0
2021-05-03,2021-05,oracle_reference,0.15,60,184.0,156.40000010000003,27.599999899999972,27.599999899999972,0,408.59999590000007,9698.0,0.0
2021-05-04,2021-05,retained_model,0.0,30,181.0,181.0,0.0,0.0,0,0.0,12537.0,0.0
2021-05-04,2021-05,seasonal_naive,0.0,30,181.0,181.0,0.0,0.0,0,0.0,12537.0,0.0
2021-05-04,2021-05,oracle_reference,0.0,30,181.0,181.0,0.0,0.0,0,0.0,12537.0,0.0
2021-05-04,2021-05,retained_model,0.0,60,181.0,181.0,0.0,0.0,0,0.0,12537.0,0.0
2021-05-04,2021-05,seasonal_naive,0.0,60,181.0,181.0,0.0,0.0,0,0.0,12537.0,0.0
2021-05-04,2021-05,oracle_reference,0.0,60,181.0,181.0,0.0,0.0,0,0.0,12537.0,0.0
2021-05-04,2021-05,retained_model,0.05,30,181.0,181.0,0.0,7.272527940651827,0,78.9341915524605,12537.0,0.0
2021-05-04,2021-05,seasonal_naive,0.05,30,181.0,180.0,1.0,8.799999900000017,0,9.87380931799247,12537.0,0.0
2021-05-04,2021-05,oracle_reference,0.05,30,181.0,171.9500001,9.049999899999989,9.049999899999989,0,40.54999890000017,12537.0,0.0
2021-05-04,2021-05,retained_model,0.05,60,181.0,180.690357650581,0.3096423494189935,8.47046671826925,0,89.22579907031896,12537.0,0.0
2021-05-04,2021-05,seasonal_naive,0.05,60,181.0,180.0,1.0,8.799999900000017,0,9.87380931799247,12537.0,0.0
2021-05-04,2021-05,oracle_reference,0.05,60,181.0,171.95000009999998,9.049999900000017,9.049999900000017,0,40.54999890000019,12537.0,0.0
2021-05-04,2021-05,retained_model,0.1,30,181.0,189.73857196652745,-8.738571966527445,11.205178426640998,1,226.8593961530948,12537.0,0.0
2021-05-04,2021-05,seasonal_naive,0.1,30,181.0,188.03435997426362,-7.034359974263623,17.599999899999858,1,119.28931826945683,12537.0,0.0
2021-05-04,2021-05,oracle_reference,0.1,30,181.0,163.9266667666667,17.0733332333333,17.0733332333333,0,240.55999459999975,12537.0,0.0
2021-05-04,2021-05,retained_model,0.1,60,181.0,182.98304833829056,-1.9830483382905584,16.29147510655929,1,344.2631048447887,12537.0,0.0
2021-05-04,2021-05,seasonal_naive,0.1,60,181.0,180.0,1.0,17.5999999,0,107.51805091342709,12537.0,0.0
2021-05-04,2021-05,oracle_reference,0.1,60,181.0,162.90000010000003,18.099999899999972,18.099999899999972,0,214.39999660000007,12537.0,0.0
2021-05-04,2021-05,retained_model,0.15,30,181.0,186.68555131924327,-5.685551319243274,13.773588691741566,1,359.7783468989189,12537.0,0.0
2021-05-04,2021-05,seasonal_naive,0.15,30,181.0,192.25250242238178,-11.252502422381781,24.43076913076925,1,368.90203590724434,12537.0,0.0
2021-05-04,2021-05,oracle_reference,0.15,30,181.0,161.69375010000002,19.306249899999983,19.306249899999983,0,358.73748980000113,12537.0,0.0
2021-05-04,2021-05,retained_model,0.15,60,181.0,177.39503254823944,3.604967451760558,21.107706462675225,0,585.8122487686296,12537.0,0.0
2021-05-04,2021-05,seasonal_naive,0.15,60,181.0,194.13583677925294,-13.13583677925294,26.39999990000001,1,310.53125280024483,12537.0,0.0
2021-05-04,2021-05,oracle_reference,0.15,60,181.0,155.23437510000002,25.765624899999978,25.765624899999978,0,602.2656185000004,12537.0,0.0
2021-05-05,2021-05,retained_model,0.0,30,120.0,120.0,0.0,0.0,0,0.0,4388.0,0.0
2021-05-05,2021-05,seasonal_naive,0.0,30,120.0,120.0,0.0,0.0,0,0.0,4388.0,0.0
2021-05-05,2021-05,oracle_reference,0.0,30,120.0,120.0,0.0,0.0,0,0.0,4388.0,0.0
2021-05-05,2021-05,retained_model,0.0,60,120.0,120.0,0.0,0.0,0,0.0,4388.0,0.0
2021-05-05,2021-05,seasonal_naive,0.0,60,120.0,120.0,0.0,0.0,0,0.0,4388.0,0.0
2021-05-05,2021-05,oracle_reference,0.0,60,120.0,120.0,0.0,0.0,0,0.0,4388.0,0.0
2021-05-05,2021-05,retained_model,0.05,30,120.0,120.0,0.0,8.749999900000006,0,2.887600569556824,4388.0,0.0
2021-05-05,2021-05,seasonal_naive,0.05,30,120.0,120.0,0.0,8.749999900000006,0,2.887600569556824,4388.0,0.0
2021-05-05,2021-05,oracle_reference,0.05,30,120.0,114.00000010000001,5.999999899999992,5.999999899999992,0,6.9999998000000065,4388.0,0.0
2021-05-05,2021-05,retained_model,0.05,60,120.0,120.0,0.0,8.749999900000006,0,2.887600569556824,4388.0,-9.094947017729282e-13
2021-05-05,2021-05,seasonal_naive,0.05,60,120.0,120.0,0.0,8.749999900000006,0,2.887600569556824,4388.0,-9.094947017729282e-13
2021-05-05,2021-05,oracle_reference,0.05,60,120.0,114.0000001,5.999999900000006,5.999999900000006,0,6.99999980000002,4388.0,0.0
2021-05-05,2021-05,retained_model,0.1,30,120.0,120.0,0.0,17.499999899999978,0,18.570923505346293,4388.0,0.0
2021-05-05,2021-05,seasonal_naive,0.1,30,120.0,120.0,0.0,17.499999899999978,0,18.570923505346293,4388.0,0.0
2021-05-05,2021-05,oracle_reference,0.1,30,120.0,108.00000010000001,11.999999899999992,11.999999899999992,0,53.99999879999988,4388.0,0.0
2021-05-05,2021-05,retained_model,0.1,60,120.0,120.0,0.0,17.499999900000006,0,14.977744200631214,4388.0,0.0
2021-05-05,2021-05,seasonal_naive,0.1,60,120.0,120.0,0.0,17.499999900000006,0,14.977744200631214,4388.0,0.0
2021-05-05,2021-05,oracle_reference,0.1,60,120.0,108.00000010000001,11.999999899999992,11.999999899999992,0,44.99999899999991,4388.0,0.0
2021-05-05,2021-05,retained_model,0.15,30,120.0,120.0,0.0,20.77999989999995,0,34.35387006106078,4388.0,0.0
2021-05-05,2021-05,seasonal_naive,0.15,30,120.0,120.0,0.0,20.77999989999995,0,34.35387006106078,4388.0,0.0
2021-05-05,2021-05,oracle_reference,0.15,30,120.0,103.69642867142856,16.303571328571437,16.303571328571437,0,185.89285174285837,4388.0,0.0
2021-05-05,2021-05,retained_model,0.15,60,120.0,120.0,0.0,26.249999899999978,0,50.82124334567965,4388.0,0.0
2021-05-05,2021-05,seasonal_naive,0.15,60,120.0,120.0,0.0,26.249999899999978,0,50.82124334567965,4388.0,0.0
2021-05-05,2021-05,oracle_reference,0.15,60,120.0,102.00000010000001,17.99999989999999,17.99999989999999,0,148.99999760000014,4388.0,0.0
2021-05-06,2021-05,retained_model,0.0,30,199.0,199.0,0.0,0.0,0,0.0,9934.0,0.0
2021-05-06,2021-05,seasonal_naive,0.0,30,199.0,199.0,0.0,0.0,0,0.0,9934.0,0.0
2021-05-06,2021-05,oracle_reference,0.0,30,199.0,199.0,0.0,0.0,0,0.0,9934.0,0.0
2021-05-06,2021-05,retained_model,0.0,60,199.0,199.0,0.0,0.0,0,0.0,9934.0,0.0
2021-05-06,2021-05,seasonal_naive,0.0,60,199.0,199.0,0.0,0.0,0,0.0,9934.0,0.0
2021-05-06,2021-05,oracle_reference,0.0,60,199.0,199.0,0.0,0.0,0,0.0,9934.0,0.0
2021-05-06,2021-05,retained_model,0.05,30,199.0,199.0,0.0,8.436337646257755,0,23.32748419275894,9934.0,0.0
2021-05-06,2021-05,seasonal_naive,0.05,30,199.0,199.0,0.0,8.749999900000006,0,24.457353994518265,9934.0,0.0
2021-05-06,2021-05,oracle_reference,0.05,30,199.0,189.05000009999998,9.949999900000023,9.949999900000023,0,16.699999400000138,9934.0,0.0
2021-05-06,2021-05,retained_model,0.05,60,199.0,199.0,0.0,8.436337646257783,0,22.581547440364098,9934.0,0.0
2021-05-06,2021-05,seasonal_naive,0.05,60,199.0,199.0,0.0,8.749999900000006,0,24.457353994518265,9934.0,0.0
2021-05-06,2021-05,oracle_reference,0.05,60,199.0,189.0500001,9.949999899999995,9.949999899999995,0,12.849999699999978,9934.0,0.0
2021-05-06,2021-05,retained_model,0.1,30,199.0,198.50159577466263,0.4984042253373673,16.872675392515532,0,171.37438954429933,9934.0,0.0
2021-05-06,2021-05,seasonal_naive,0.1,30,199.0,192.460365975,6.539634024999998,17.499999899999978,0,149.3665115986533,9934.0,0.0
2021-05-06,2021-05,oracle_reference,0.1,30,199.0,179.10000010000013,19.89999989999987,19.89999989999987,0,109.59999869999827,9934.0,0.0
2021-05-06,2021-05,retained_model,0.1,60,199.0,196.81489229300985,2.185107706990152,16.872675392515617,0,134.79409851182498,9934.0,0.0
2021-05-06,2021-05,seasonal_naive,0.1,60,199.0,192.0089286827381,6.9910713172619126,17.499999900000006,0,121.7062029136659,9934.0,0.0
2021-05-06,2021-05,oracle_reference,0.1,60,199.0,179.1000001,19.89999990000001,19.89999990000001,0,71.29999930000008,9934.0,0.0
2021-05-06,2021-05,retained_model,0.15,30,199.0,194.1708041564136,4.829195843586405,20.433257482814327,0,326.60102477473964,9934.0,0.0
2021-05-06,2021-05,seasonal_naive,0.15,30,199.0,188.330694664881,10.669305335118992,20.77999989999995,0,277.21896566267964,9934.0,0.0
2021-05-06,2021-05,oracle_reference,0.15,30,199.0,173.12857152857146,25.871428471428544,25.871428471428544,0,256.7785652285715,9934.0,0.0
2021-05-06,2021-05,retained_model,0.15,60,199.0,190.85077978370683,8.149220216293173,25.30901313877331,0,395.5945788439436,9934.0,0.0
2021-05-06,2021-05,seasonal_naive,0.15,60,199.0,181.80555567777776,17.19444432222224,26.249999899999978,0,381.9562223830188,9934.0,0.0
2021-05-06,2021-05,oracle_reference,0.15,60,199.0,169.15000010000003,29.849999899999972,29.849999899999972,0,218.04999669999904,9934.0,0.0
2021-05-07,2021-05,retained_model,0.0,30,181.0,181.0,0.0,0.0,0,0.0,11493.0,0.0
2021-05-07,2021-05,seasonal_naive,0.0,30,181.0,181.0,0.0,0.0,0,0.0,11493.0,0.0
2021-05-07,2021-05,oracle_reference,0.0,30,181.0,181.0,0.0,0.0,0,0.0,11493.0,0.0
2021-05-07,2021-05,retained_model,0.0,60,181.0,181.0,0.0,0.0,0,0.0,11493.0,0.0
2021-05-07,2021-05,seasonal_naive,0.0,60,181.0,181.0,0.0,0.0,0,0.0,11493.0,0.0
2021-05-07,2021-05,oracle_reference,0.0,60,181.0,181.0,0.0,0.0,0,0.0,11493.0,0.0
2021-05-07,2021-05,retained_model,0.05,30,181.0,179.8646586993059,1.1353413006941082,7.103340720004354,0,81.06812524184426,11493.0,0.0
2021-05-07,2021-05,seasonal_naive,0.05,30,181.0,181.0,0.0,8.699999900000023,0,32.90538450041321,11493.0,0.0
2021-05-07,2021-05,oracle_reference,0.05,30,181.0,171.95000009999998,9.049999900000017,9.049999900000017,0,32.449999100000156,11493.0,0.0
2021-05-07,2021-05,retained_model,0.05,60,181.0,178.15767116477875,2.8423288352212523,8.684271349849098,0,80.62023635610512,11493.0,0.0
2021-05-07,2021-05,seasonal_naive,0.05,60,181.0,181.0,0.0,8.699999899999995,0,30.779930258594817,11493.0,0.0
2021-05-07,2021-05,oracle_reference,0.05,60,181.0,171.95000009999998,9.049999900000017,9.049999900000017,0,23.399999200000117,11493.0,0.0
2021-05-07,2021-05,retained_model,0.1,30,181.0,175.04994737399488,5.950052626005117,11.511883157077591,0,212.3978442376757,11493.0,0.0
2021-05-07,2021-05,seasonal_naive,0.1,30,181.0,184.9512196219512,-3.9512196219511964,17.399999899999983,1,159.5858661383537,11493.0,0.0
2021-05-07,2021-05,oracle_reference,0.1,30,181.0,163.48571438571426,17.51428561428574,17.51428561428574,0,181.08570948571682,11493.0,0.0
2021-05-07,2021-05,retained_model,0.1,60,181.0,170.2345852553271,10.76541474467291,15.805924162122608,0,274.52793461076595,11493.0,0.0
2021-05-07,2021-05,seasonal_naive,0.1,60,181.0,187.66204483974607,-6.662044839746073,17.39999990000001,1,118.62492884007554,11493.0,0.0
2021-05-07,2021-05,oracle_reference,0.1,60,181.0,162.90000010000006,18.099999899999943,18.099999899999943,0,119.49999849999958,11493.0,0.0
2021-05-07,2021-05,retained_model,0.15,30,181.0,172.63001971057372,8.36998028942628,13.618559063926426,0,301.2050725474826,11493.0,0.0
2021-05-07,2021-05,seasonal_naive,0.15,30,181.0,184.57809820920247,-3.578098209202466,21.453333233333325,1,340.2155294775505,11493.0,0.0
2021-05-07,2021-05,oracle_reference,0.15,30,181.0,159.9285715285714,21.07142847142859,21.07142847142859,0,329.857136057146,11493.0,0.0
2021-05-07,2021-05,retained_model,0.15,60,181.0,165.9019059082137,15.098094091786294,20.059620571494037,0,440.53464869126253,11493.0,0.0
2021-05-07,2021-05,seasonal_naive,0.15,60,181.0,179.17055225276076,1.829447747239243,26.099999899999972,0,416.7571510745988,11493.0,0.0
2021-05-07,2021-05,oracle_reference,0.15,60,181.0,153.85000010000002,27.149999899999983,27.149999899999983,0,376.7499963000005,11493.0,0.0
2021-05-08,2021-05,retained_model,0.0,30,115.0,115.0,0.0,0.0,0,0.0,4390.0,0.0
2021-05-08,2021-05,seasonal_naive,0.0,30,115.0,115.0,0.0,0.0,0,0.0,4390.0,0.0
2021-05-08,2021-05,oracle_reference,0.0,30,115.0,115.0,0.0,0.0,0,0.0,4390.0,0.0
2021-05-08,2021-05,retained_model,0.0,60,115.0,115.0,0.0,0.0,0,0.0,4390.0,0.0
2021-05-08,2021-05,seasonal_naive,0.0,60,115.0,115.0,0.0,0.0,0,0.0,4390.0,0.0
2021-05-08,2021-05,oracle_reference,0.0,60,115.0,115.0,0.0,0.0,0,0.0,4390.0,0.0
2021-05-08,2021-05,retained_model,0.05,30,115.0,115.0,0.0,5.258213749197182,0,9.086696595935196,4390.0,0.0
2021-05-08,2021-05,seasonal_naive,0.05,30,115.0,114.0,1.0,5.899999899999997,0,12.454810296657055,4390.0,0.0
2021-05-08,2021-05,oracle_reference,0.05,30,115.0,109.2500001,5.749999900000006,5.749999900000006,0,18.49999940000003,4390.0,0.0
2021-05-08,2021-05,retained_model,0.05,60,115.0,115.0,0.0,5.258213749197182,0,9.086696595935196,4390.0,0.0
2021-05-08,2021-05,seasonal_naive,0.05,60,115.0,114.0,1.0,5.899999899999969,0,11.83985728918031,4390.0,0.0
2021-05-08,2021-05,oracle_reference,0.05,60,115.0,109.2500001,5.749999900000006,5.749999900000006,0,18.49999940000003,4390.0,0.0
2021-05-08,2021-05,retained_model,0.1,30,115.0,114.1200713777871,0.8799286222129012,10.516427598394372,0,36.54822302581067,4390.0,0.0
2021-05-08,2021-05,seasonal_naive,0.1,30,115.0,115.38571419285715,-0.3857141928571508,11.799999900000003,1,52.08658164245829,4390.0,0.0
2021-05-08,2021-05,oracle_reference,0.1,30,115.0,103.50000009999995,11.499999900000049,11.499999900000049,0,83.49999810000091,4390.0,0.0
2021-05-08,2021-05,retained_model,0.1,60,115.0,114.39447926861358,0.6055207313864202,10.516427598394372,0,31.577740238069005,4390.0,0.0
2021-05-08,2021-05,seasonal_naive,0.1,60,115.0,115.38571419285711,-0.3857141928571082,11.79999989999996,1,35.39081243249477,4390.0,0.0
2021-05-08,2021-05,oracle_reference,0.1,60,115.0,103.5000001,11.499999900000006,11.499999900000006,0,70.99999880000006,4390.0,0.0
2021-05-08,2021-05,retained_model,0.15,30,115.0,110.12852363247605,4.871476367523954,14.30090100398013,0,180.98325121694023,4390.0,0.0
2021-05-08,2021-05,seasonal_naive,0.15,30,115.0,113.16584169702966,1.8341583029703372,17.091666566666717,0,227.1908690514651,4390.0,0.0
2021-05-08,2021-05,oracle_reference,0.15,30,115.0,100.85769240769233,14.142307592307674,14.142307592307674,0,192.29999349999974,4390.0,0.0
2021-05-08,2021-05,retained_model,0.15,60,115.0,108.3423159605513,6.6576840394486965,15.774641447591549,0,181.91460362773074,4390.0,0.0
2021-05-08,2021-05,seasonal_naive,0.15,60,115.0,113.2099011029703,1.7900988970296936,17.69999989999998,0,109.86661375565643,4390.0,0.0
2021-05-08,2021-05,oracle_reference,0.15,60,115.0,97.7500001,17.249999900000006,17.249999900000006,0,202.24999620000023,4390.0,0.0
2021-05-09,2021-05,retained_model,0.0,30,184.0,184.0,0.0,0.0,0,0.0,9857.0,0.0
2021-05-09,2021-05,seasonal_naive,0.0,30,184.0,184.0,0.0,0.0,0,0.0,9857.0,0.0
2021-05-09,2021-05,oracle_reference,0.0,30,184.0,184.0,0.0,0.0,0,0.0,9857.0,0.0
2021-05-09,2021-05,retained_model,0.0,60,184.0,184.0,0.0,0.0,0,0.0,9857.0,0.0
2021-05-09,2021-05,seasonal_naive,0.0,60,184.0,184.0,0.0,0.0,0,0.0,9857.0,0.0
2021-05-09,2021-05,oracle_reference,0.0,60,184.0,184.0,0.0,0.0,0,0.0,9857.0,0.0
2021-05-09,2021-05,retained_model,0.05,30,184.0,184.0,0.0,1.2999998999999995,0,29.38199601369229,9857.0,0.0
2021-05-09,2021-05,seasonal_naive,0.05,30,184.0,184.0,0.0,1.2999998999999995,0,29.38199601369229,9857.0,0.0
2021-05-09,2021-05,oracle_reference,0.05,30,184.0,174.8000001,9.199999899999995,9.199999899999995,0,21.599999699999962,9857.0,0.0
2021-05-09,2021-05,retained_model,0.05,60,184.0,184.0,0.0,1.2999998999999995,0,29.38199601369229,9857.0,0.0
2021-05-09,2021-05,seasonal_naive,0.05,60,184.0,184.0,0.0,1.2999998999999995,0,29.38199601369229,9857.0,0.0
2021-05-09,2021-05,oracle_reference,0.05,60,184.0,174.8000001,9.199999899999995,9.199999899999995,0,21.599999699999962,9857.0,0.0
2021-05-09,2021-05,retained_model,0.1,30,184.0,185.79999935384615,-1.7999993538461467,2.5999999000000003,1,90.6539944386923,9857.0,0.0
2021-05-09,2021-05,seasonal_naive,0.1,30,184.0,185.79999935384615,-1.7999993538461467,2.5999999000000003,1,90.6539944386923,9857.0,0.0
2021-05-09,2021-05,oracle_reference,0.1,30,184.0,165.6000000999999,18.399999900000097,18.399999900000097,0,93.79999880000115,9857.0,0.0
2021-05-09,2021-05,retained_model,0.1,60,184.0,185.023999496,-1.0239994959999876,2.5999999000000003,1,90.65399443869228,9857.0,0.0
2021-05-09,2021-05,seasonal_naive,0.1,60,184.0,185.023999496,-1.0239994959999876,2.5999999000000003,1,90.65399443869228,9857.0,0.0
2021-05-09,2021-05,oracle_reference,0.1,60,184.0,165.60000010000002,18.399999899999983,18.399999899999983,0,68.79999930000008,9857.0,0.0
2021-05-09,2021-05,retained_model,0.15,30,184.0,194.2689450536232,-10.268945053623213,3.899999899999994,1,229.73913607585706,9857.0,0.0
2021-05-09,2021-05,seasonal_naive,0.15,30,184.0,194.2689450536232,-10.268945053623213,3.899999899999994,1,229.73913607585706,9857.0,0.0
2021-05-09,2021-05,oracle_reference,0.15,30,184.0,157.84333343333333,26.156666566666672,26.156666566666672,0,297.1666596666671,9857.0,0.0
2021-05-09,2021-05,retained_model,0.15,60,184.0,188.15008689095654,-4.150086890956544,3.899999900000001,1,174.92490615173608,9857.0,0.0
2021-05-09,2021-05,seasonal_naive,0.15,60,184.0,188.15008689095654,-4.150086890956544,3.899999900000001,1,174.92490615173608,9857.0,0.0
2021-05-09,2021-05,oracle_reference,0.15,60,184.0,156.40000010000003,27.599999899999972,27.599999899999972,0,192.59999689999995,9857.0,0.0
2021-05-10,2021-05,retained_model,0.0,30,184.0,184.0,0.0,0.0,0,0.0,9857.0,0.0
2021-05-10,2021-05,seasonal_naive,0.0,30,184.0,184.0,0.0,0.0,0,0.0,9857.0,0.0
2021-05-10,2021-05,oracle_reference,0.0,30,184.0,184.0,0.0,0.0,0,0.0,9857.0,0.0
2021-05-10,2021-05,retained_model,0.0,60,184.0,184.0,0.0,0.0,0,0.0,9857.0,0.0
2021-05-10,2021-05,seasonal_naive,0.0,60,184.0,184.0,0.0,0.0,0,0.0,9857.0,0.0
2021-05-10,2021-05,oracle_reference,0.0,60,184.0,184.0,0.0,0.0,0,0.0,9857.0,0.0
2021-05-10,2021-05,retained_model,0.05,30,184.0,181.8519192245817,2.1480807754182933,8.436530243577124,0,93.45788005940622,9857.0,0.0
2021-05-10,2021-05,seasonal_naive,0.05,30,184.0,179.68268166703913,4.317318332960866,9.199999899999995,0,53.47725670632464,9857.0,0.0
2021-05-10,2021-05,oracle_reference,0.05,30,184.0,174.8000001,9.199999899999995,9.199999899999995,0,21.599999699999962,9857.0,0.0
2021-05-10,2021-05,retained_model,0.05,60,184.0,182.20908396631336,1.790916033686642,8.436530243577124,0,66.16417656007658,9857.0,0.0
2021-05-10,2021-05,seasonal_naive,0.05,60,184.0,179.6826816670391,4.317318332960895,9.199999899999995,0,47.48214073087965,9857.0,0.0
2021-05-10,2021-05,oracle_reference,0.05,60,184.0,174.8000001,9.199999899999995,9.199999899999995,0,21.599999699999962,9857.0,0.0
2021-05-10,2021-05,retained_model,0.1,30,184.0,177.05317369324348,6.94682630675652,11.798339944906076,0,208.8585937071416,9857.0,0.0
2021-05-10,2021-05,seasonal_naive,0.1,30,184.0,177.75384398718361,6.246156012816385,17.519999899999988,0,230.15913911958748,9857.0,0.0
2021-05-10,2021-05,oracle_reference,0.1,30,184.0,165.6000000999999,18.399999900000097,18.399999900000097,0,93.79999880000115,9857.0,0.0
2021-05-10,2021-05,retained_model,0.1,60,184.0,171.7857923896401,12.214207610359892,16.190305082646233,0,294.04730338461553,9857.0,0.0
2021-05-10,2021-05,seasonal_naive,0.1,60,184.0,186.15505588820227,-2.15505588820227,18.399999899999983,1,159.48783233025048,9857.0,0.0
2021-05-10,2021-05,oracle_reference,0.1,60,184.0,165.60000010000002,18.399999899999983,18.399999899999983,0,68.79999930000008,9857.0,0.0
2021-05-10,2021-05,retained_model,0.15,30,184.0,173.31284700709506,10.687152992904942,13.989274464862689,0,315.059485397039,9857.0,0.0
2021-05-10,2021-05,seasonal_naive,0.15,30,184.0,187.74969300850293,-3.7496930085029305,23.52333323333329,1,461.9917310092046,9857.0,0.0
2021-05-10,2021-05,oracle_reference,0.15,30,184.0,157.84333343333333,26.156666566666672,26.156666566666672,0,297.1666596666671,9857.0,0.0
2021-05-10,2021-05,retained_model,0.15,60,184.0,182.59999823922516,1.4000017607748418,20.572227427863538,0,474.4741715406601,9857.0,0.0
2021-05-10,2021-05,seasonal_naive,0.15,60,184.0,183.9480511095928,0.05194889040720341,27.599999899999972,0,381.50531521126743,9857.0,0.0
2021-05-10,2021-05,oracle_reference,0.15,60,184.0,156.40000010000003,27.599999899999972,27.599999899999972,0,192.59999689999995,9857.0,0.0
2021-05-11,2021-05,retained_model,0.0,30,185.0,185.0,0.0,0.0,0,0.0,12211.0,0.0
2021-05-11,2021-05,seasonal_naive,0.0,30,185.0,185.0,0.0,0.0,0,0.0,12211.0,0.0
2021-05-11,2021-05,oracle_reference,0.0,30,185.0,185.0,0.0,0.0,0,0.0,12211.0,0.0
2021-05-11,2021-05,retained_model,0.0,60,185.0,185.0,0.0,0.0,0,0.0,12211.0,0.0
2021-05-11,2021-05,seasonal_naive,0.0,60,185.0,185.0,0.0,0.0,0,0.0,12211.0,0.0
2021-05-11,2021-05,oracle_reference,0.0,60,185.0,185.0,0.0,0.0,0,0.0,12211.0,0.0
2021-05-11,2021-05,retained_model,0.05,30,185.0,187.42676874765573,-2.4267687476557285,8.7162387315106,1,42.42099223805751,12211.0,0.0
2021-05-11,2021-05,seasonal_naive,0.05,30,185.0,185.0,0.0,9.049999899999989,0,37.63350429350605,12211.0,0.0
2021-05-11,2021-05,oracle_reference,0.05,30,185.0,175.7500001,9.249999900000006,9.249999900000006,0,11.749999700000007,12211.0,0.0
2021-05-11,2021-05,retained_model,0.05,60,185.0,185.0,0.0,8.716238731510629,0,32.41052199250964,12211.0,0.0
2021-05-11,2021-05,seasonal_naive,0.05,60,185.0,185.0,0.0,9.049999900000017,0,37.633504293506064,12211.0,0.0
2021-05-11,2021-05,oracle_reference,0.05,60,185.0,175.7500001,9.249999900000006,9.249999900000006,0,11.749999700000027,12211.0,0.0
2021-05-11,2021-05,retained_model,0.1,30,185.0,181.24835820454643,3.7516417954535655,14.8509554823016,0,242.66225403662241,12211.0,0.0
2021-05-11,2021-05,seasonal_naive,0.1,30,185.0,179.81835067989505,5.1816493201049525,17.0733332333333,0,229.82180860551784,12211.0,0.0
2021-05-11,2021-05,oracle_reference,0.1,30,185.0,166.50000010000002,18.499999899999978,18.499999899999978,0,146.99999739999942,12211.0,0.0
2021-05-11,2021-05,retained_model,0.1,60,185.0,179.05763744933327,5.942362550666729,17.432477563021195,0,233.64355543773397,12211.0,0.0
2021-05-11,2021-05,seasonal_naive,0.1,60,185.0,179.12965126569767,5.8703487343023255,18.099999899999972,0,202.32212598173345,12211.0,0.0
2021-05-11,2021-05,oracle_reference,0.1,60,185.0,166.5000001,18.499999900000006,18.499999900000006,0,113.49999830000013,12211.0,0.0
2021-05-11,2021-05,retained_model,0.15,30,185.0,179.4377428480136,5.562257151986387,16.926066758759077,0,337.1292781739519,12211.0,0.0
2021-05-11,2021-05,seasonal_naive,0.15,30,185.0,177.58029670847458,7.419703291525423,19.306249899999983,0,344.0091730356752,12211.0,0.0
2021-05-11,2021-05,oracle_reference,0.15,30,185.0,162.1200001,22.8799999,22.8799999,0,338.289993200002,12211.0,0.0
2021-05-11,2021-05,retained_model,0.15,60,185.0,171.63306709537838,13.36693290462162,23.247884881970265,0,487.5166714048801,12211.0,0.0
2021-05-11,2021-05,seasonal_naive,0.15,60,185.0,171.23040264067797,13.769597359322034,25.765624899999978,0,574.2581491011774,12211.0,0.0
2021-05-11,2021-05,oracle_reference,0.15,60,185.0,157.25000010000002,27.749999899999978,27.749999899999978,0,380.9999961000002,12211.0,0.0
2021-05-12,2021-05,retained_model,0.0,30,184.0,184.0,0.0,0.0,0,0.0,12099.0,0.0
2021-05-12,2021-05,seasonal_naive,0.0,30,184.0,184.0,0.0,0.0,0,0.0,12099.0,0.0
2021-05-12,2021-05,oracle_reference,0.0,30,184.0,184.0,0.0,0.0,0,0.0,12099.0,0.0
2021-05-12,2021-05,retained_model,0.0,60,184.0,184.0,0.0,0.0,0,0.0,12099.0,0.0
2021-05-12,2021-05,seasonal_naive,0.0,60,184.0,184.0,0.0,0.0,0,0.0,12099.0,0.0
2021-05-12,2021-05,oracle_reference,0.0,60,184.0,184.0,0.0,0.0,0,0.0,12099.0,0.0
2021-05-12,2021-05,retained_model,0.05,30,184.0,184.0,0.0,6.314279513110918,0,7.899999874886703,12099.0,0.0
2021-05-12,2021-05,seasonal_naive,0.05,30,184.0,184.0,0.0,5.999999899999992,0,6.332608508224644,12099.0,0.0
2021-05-12,2021-05,oracle_reference,0.05,30,184.0,174.80000010000003,9.199999899999966,9.199999899999966,0,28.199999399999953,12099.0,0.0
2021-05-12,2021-05,retained_model,0.05,60,184.0,184.0,0.0,6.314279513110961,0,7.899999874886755,12099.0,0.0
2021-05-12,2021-05,seasonal_naive,0.05,60,184.0,184.0,0.0,5.999999900000006,0,6.332608508224656,12099.0,0.0
2021-05-12,2021-05,oracle_reference,0.05,60,184.0,174.8000001,9.199999899999995,9.199999899999995,0,28.199999399999975,12099.0,0.0
2021-05-12,2021-05,retained_model,0.1,30,184.0,184.0,0.0,12.62855912622193,0,15.887838172292941,12099.0,0.0
2021-05-12,2021-05,seasonal_naive,0.1,30,184.0,184.0,0.0,11.999999899999992,0,51.12988483947586,12099.0,0.0
2021-05-12,2021-05,oracle_reference,0.1,30,184.0,165.6000001,18.39999990000001,18.39999990000001,0,149.19999720000033,12099.0,0.0
2021-05-12,2021-05,retained_model,0.1,60,184.0,184.0,0.0,12.62855912622193,0,15.887838172292941,12099.0,0.0
2021-05-12,2021-05,seasonal_naive,0.1,60,184.0,184.0,0.0,11.999999899999992,0,42.211703219475886,12099.0,0.0
2021-05-12,2021-05,oracle_reference,0.1,60,184.0,165.6000001,18.39999990000001,18.39999990000001,0,115.19999870000017,12099.0,0.0
2021-05-12,2021-05,retained_model,0.15,30,184.0,191.07855486110248,-7.078554861102475,18.942838739332885,1,49.758803504659966,12099.0,0.0
2021-05-12,2021-05,seasonal_naive,0.15,30,184.0,184.0,0.0,16.303571328571437,0,177.83557131292554,12099.0,0.0
2021-05-12,2021-05,oracle_reference,0.15,30,184.0,158.25000010000002,25.749999899999978,25.749999899999978,0,498.7499907000006,12099.0,0.0
2021-05-12,2021-05,retained_model,0.15,60,184.0,184.0,0.0,18.942838739332885,0,49.758803504659966,12099.0,0.0
2021-05-12,2021-05,seasonal_naive,0.15,60,184.0,184.0,0.0,17.99999989999999,0,142.15472778125618,12099.0,0.0
2021-05-12,2021-05,oracle_reference,0.15,60,184.0,156.4000001,27.5999999,27.5999999,0,324.7999957,12099.0,-1.8189894035458565e-12
2021-05-13,2021-05,retained_model,0.0,30,176.0,176.0,0.0,0.0,0,0.0,11712.0,0.0
2021-05-13,2021-05,seasonal_naive,0.0,30,176.0,176.0,0.0,0.0,0,0.0,11712.0,0.0
2021-05-13,2021-05,oracle_reference,0.0,30,176.0,176.0,0.0,0.0,0,0.0,11712.0,0.0
2021-05-13,2021-05,retained_model,0.0,60,176.0,176.0,0.0,0.0,0,0.0,11712.0,0.0
2021-05-13,2021-05,seasonal_naive,0.0,60,176.0,176.0,0.0,0.0,0,0.0,11712.0,0.0
2021-05-13,2021-05,oracle_reference,0.0,60,176.0,176.0,0.0,0.0,0,0.0,11712.0,0.0
2021-05-13,2021-05,retained_model,0.05,30,176.0,173.60243495007626,2.3975650499237418,7.556962895342281,0,95.48037625941808,11712.0,0.0
2021-05-13,2021-05,seasonal_naive,0.05,30,176.0,176.0,0.0,9.949999900000023,0,14.629502076395424,11712.0,0.0
2021-05-13,2021-05,oracle_reference,0.05,30,176.0,167.20000010000004,8.79999989999996,8.79999989999996,0,48.99999899999987,11712.0,0.0
2021-05-13,2021-05,retained_model,0.05,60,176.0,171.8263777033839,4.173622296616088,9.403776312815722,0,107.18221290574849,11712.0,0.0
2021-05-13,2021-05,seasonal_naive,0.05,60,176.0,176.0,0.0,9.949999899999995,0,11.081858373777479,11712.0,0.0
2021-05-13,2021-05,oracle_reference,0.05,60,176.0,167.20000009999998,8.799999900000017,8.799999900000017,0,48.99999900000013,11712.0,0.0
2021-05-13,2021-05,retained_model,0.1,30,176.0,171.21906973180435,4.780930268195647,10.035278767221683,0,180.3308505679989,11712.0,0.0
2021-05-13,2021-05,seasonal_naive,0.1,30,176.0,176.0,0.0,19.89999989999987,0,96.72039484974937,11712.0,0.0
2021-05-13,2021-05,oracle_reference,0.1,30,176.0,159.1066667666667,16.893333233333294,16.893333233333294,0,240.67332843333142,11712.0,0.0
2021-05-13,2021-05,retained_model,0.1,60,176.0,166.476178711861,9.523821288139004,14.967121358195811,0,260.10624374715917,11712.0,0.0
2021-05-13,2021-05,seasonal_naive,0.1,60,176.0,186.78413555459144,-10.784135554591444,19.89999990000001,1,62.56768638550554,11712.0,0.0
2021-05-13,2021-05,oracle_reference,0.1,60,176.0,158.40000010000003,17.599999899999972,17.599999899999972,0,194.19999729999924,11712.0,0.0
2021-05-13,2021-05,retained_model,0.15,30,176.0,168.83570451353248,7.164295486467523,12.51359463910103,0,286.84076880069074,11712.0,0.0
2021-05-13,2021-05,seasonal_naive,0.15,30,176.0,182.03197835350045,-6.031978353500449,25.871428471428544,1,235.64314723278198,11712.0,0.0
2021-05-13,2021-05,oracle_reference,0.15,30,176.0,156.8600001,19.139999899999992,19.139999899999992,0,348.9599931000015,11712.0,0.0
2021-05-13,2021-05,retained_model,0.15,60,176.0,169.1348636737296,6.865136326270402,19.833578225764256,0,410.7250009333468,11712.0,0.0
2021-05-13,2021-05,seasonal_naive,0.15,60,176.0,176.76973281262036,-0.7697328126203615,29.849999899999972,1,195.4617378947487,11712.0,0.0
2021-05-13,2021-05,oracle_reference,0.15,60,176.0,150.34000010000003,25.659999899999974,25.659999899999974,0,475.34999450000015,11712.0,0.0
2021-05-14,2021-05,retained_model,0.0,30,157.0,157.0,0.0,0.0,0,0.0,11241.0,0.0
2021-05-14,2021-05,seasonal_naive,0.0,30,157.0,157.0,0.0,0.0,0,0.0,11241.0,0.0
2021-05-14,2021-05,oracle_reference,0.0,30,157.0,157.0,0.0,0.0,0,0.0,11241.0,0.0
2021-05-14,2021-05,retained_model,0.0,60,157.0,157.0,0.0,0.0,0,0.0,11241.0,0.0
2021-05-14,2021-05,seasonal_naive,0.0,60,157.0,157.0,0.0,0.0,0,0.0,11241.0,0.0
2021-05-14,2021-05,oracle_reference,0.0,60,157.0,157.0,0.0,0.0,0,0.0,11241.0,0.0
2021-05-14,2021-05,retained_model,0.05,30,157.0,157.0,0.0,5.7289848673078865,0,22.855392249655793,11241.0,0.0
2021-05-14,2021-05,seasonal_naive,0.05,30,157.0,156.76724129310347,0.23275870689653289,9.049999900000017,0,27.372209181974,11241.0,0.0
2021-05-14,2021-05,oracle_reference,0.05,30,157.0,149.15000010000003,7.849999899999972,7.849999899999972,0,46.19999879999962,11241.0,0.0
2021-05-14,2021-05,retained_model,0.05,60,157.0,157.0,0.0,5.728984867307901,0,21.53302529950199,11241.0,0.0
2021-05-14,2021-05,seasonal_naive,0.05,60,157.0,156.0,1.0,9.049999900000017,0,19.887784225501097,11241.0,0.0
2021-05-14,2021-05,oracle_reference,0.05,60,157.0,149.1500001,7.8499999,7.8499999,0,45.3499989,11241.0,0.0
2021-05-14,2021-05,retained_model,0.1,30,157.0,157.0,0.0,9.60209378437483,0,108.3254207464609,11241.0,0.0
2021-05-14,2021-05,seasonal_naive,0.1,30,157.0,156.0,1.0,17.51428561428574,0,155.06342593508134,11241.0,0.0
2021-05-14,2021-05,oracle_reference,0.1,30,157.0,141.37333343333336,15.626666566666643,15.626666566666643,0,238.63332683333363,11241.0,0.0
2021-05-14,2021-05,retained_model,0.1,60,157.0,157.0,0.0,11.457969834615739,0,120.61637266366422,11241.0,0.0
2021-05-14,2021-05,seasonal_naive,0.1,60,157.0,157.85104633719632,-0.8510463371963226,18.099999899999943,1,102.16281289749475,11241.0,0.0
2021-05-14,2021-05,oracle_reference,0.1,60,157.0,141.3000001,15.699999899999995,15.699999899999995,0,181.79999759999995,11241.0,0.0
2021-05-14,2021-05,retained_model,0.15,30,157.0,157.0,0.0,11.066172231462488,0,157.550546097488,11241.0,0.0
2021-05-14,2021-05,seasonal_naive,0.15,30,157.0,156.55695620074692,0.4430437992530756,21.07142847142859,0,287.3322255738243,11241.0,0.0
2021-05-14,2021-05,oracle_reference,0.15,30,157.0,139.36000009999995,17.63999990000005,17.63999990000005,0,366.01998820000586,11241.0,0.0
2021-05-14,2021-05,retained_model,0.15,60,157.0,175.90512828790025,-18.905128287900254,15.389177814010878,1,334.7298319540117,11241.0,0.0
2021-05-14,2021-05,seasonal_naive,0.15,60,157.0,156.0,1.0,27.149999899999983,0,329.33375158426753,11241.0,0.0
2021-05-14,2021-05,oracle_reference,0.15,60,157.0,133.50000010000002,23.499999899999978,23.499999899999978,0,584.449991099998,11241.0,0.0
2021-05-15,2021-05,retained_model,0.0,30,105.0,105.0,0.0,0.0,0,0.0,4063.0,0.0
2021-05-15,2021-05,seasonal_naive,0.0,30,105.0,105.0,0.0,0.0,0,0.0,4063.0,0.0
2021-05-15,2021-05,oracle_reference,0.0,30,105.0,105.0,0.0,0.0,0,0.0,4063.0,0.0
2021-05-15,2021-05,retained_model,0.0,60,105.0,105.0,0.0,0.0,0,0.0,4063.0,0.0
2021-05-15,2021-05,seasonal_naive,0.0,60,105.0,105.0,0.0,0.0,0,0.0,4063.0,0.0
2021-05-15,2021-05,oracle_reference,0.0,60,105.0,105.0,0.0,0.0,0,0.0,4063.0,0.0
2021-05-15,2021-05,retained_model,0.05,30,105.0,108.85,-3.8499999999999943,6.409311793450968,1,22.74520872676746,4063.0,-4.547473508864641e-13
2021-05-15,2021-05,seasonal_naive,0.05,30,105.0,107.79385973508771,-2.7938597350877075,5.749999900000006,1,16.156735754648658,4063.0,0.0
2021-05-15,2021-05,oracle_reference,0.05,30,105.0,99.7500001,5.249999900000006,5.249999900000006,0,18.999999200000044,4063.0,0.0
2021-05-15,2021-05,retained_model,0.05,60,105.0,108.90009694655134,-3.9000969465513435,6.409311793450968,1,17.099459326942046,4063.0,0.0
2021-05-15,2021-05,seasonal_naive,0.05,60,105.0,105.0,0.0,5.749999900000006,0,16.156735754648658,4063.0,0.0
2021-05-15,2021-05,oracle_reference,0.05,60,105.0,99.7500001,5.249999900000006,5.249999900000006,0,18.999999200000055,4063.0,0.0
2021-05-15,2021-05,retained_model,0.1,30,105.0,103.71958064555416,1.28041935444584,11.287658285323118,0,117.5338860667477,4063.0,0.0
2021-05-15,2021-05,seasonal_naive,0.1,30,105.0,111.49545463363631,-6.495454633636314,11.499999900000049,1,75.49351170309488,4063.0,0.0
2021-05-15,2021-05,oracle_reference,0.1,30,105.0,95.10000010000002,9.899999899999983,9.899999899999983,0,98.59999649999989,4063.0,0.0
2021-05-15,2021-05,retained_model,0.1,60,105.0,103.2047519116906,1.7952480883094069,12.81862368690193,0,89.12985094934817,4063.0,0.0
2021-05-15,2021-05,seasonal_naive,0.1,60,105.0,109.73181809363636,-4.731818093636363,11.499999900000006,1,63.23304396489616,4063.0,0.0
2021-05-15,2021-05,oracle_reference,0.1,60,105.0,94.50000010000002,10.499999899999978,10.499999899999978,0,84.99999759999983,4063.0,0.0
2021-05-15,2021-05,retained_model,0.15,30,105.0,101.55813231115364,3.441867688846358,13.035622829272853,0,171.36955335125015,4063.0,0.0
2021-05-15,2021-05,seasonal_naive,0.15,30,105.0,106.89947379368421,-1.8994737936842085,14.142307592307674,1,178.43526465546586,4063.0,0.0
2021-05-15,2021-05,oracle_reference,0.15,30,105.0,93.7500001,11.249999900000006,11.249999900000006,0,146.0499947000011,4063.0,0.0
2021-05-15,2021-05,retained_model,0.15,60,105.0,97.8528301211898,7.147169878810203,18.043182753985718,0,277.473563389884,4063.0,0.0
2021-05-15,2021-05,seasonal_naive,0.15,60,105.0,106.58982463733332,-1.5898246373333222,17.249999900000006,1,185.2151084065763,4063.0,0.0
2021-05-15,2021-05,oracle_reference,0.15,60,105.0,89.76000010000001,15.239999899999987,15.239999899999987,0,260.77999130000006,4063.0,0.0
2021-05-16,2021-05,retained_model,0.0,30,25.0,25.0,0.0,0.0,0,0.0,1975.0,0.0
2021-05-16,2021-05,seasonal_naive,0.0,30,25.0,25.0,0.0,0.0,0,0.0,1975.0,0.0
2021-05-16,2021-05,oracle_reference,0.0,30,25.0,25.0,0.0,0.0,0,0.0,1975.0,0.0
2021-05-16,2021-05,retained_model,0.0,60,25.0,25.0,0.0,0.0,0,0.0,1975.0,0.0
2021-05-16,2021-05,seasonal_naive,0.0,60,25.0,25.0,0.0,0.0,0,0.0,1975.0,0.0
2021-05-16,2021-05,oracle_reference,0.0,60,25.0,25.0,0.0,0.0,0,0.0,1975.0,0.0
2021-05-16,2021-05,retained_model,0.05,30,25.0,25.0,0.0,9.199999899999995,0,2.340097647683544,1975.0,0.0
2021-05-16,2021-05,seasonal_naive,0.05,30,25.0,25.0,0.0,9.199999899999995,0,2.340097647683544,1975.0,0.0
2021-05-16,2021-05,oracle_reference,0.05,30,25.0,23.7500001,1.2499998999999988,1.2499998999999988,0,8.999998799999982,1975.0,0.0
2021-05-16,2021-05,retained_model,0.05,60,25.0,25.0,0.0,9.199999899999995,0,2.340097647683544,1975.0,0.0
2021-05-16,2021-05,seasonal_naive,0.05,60,25.0,25.0,0.0,9.199999899999995,0,2.340097647683544,1975.0,0.0
2021-05-16,2021-05,oracle_reference,0.05,60,25.0,23.7500001,1.2499998999999988,1.2499998999999988,0,8.999998799999982,1975.0,0.0
2021-05-16,2021-05,retained_model,0.1,30,25.0,25.0,0.0,18.399999900000097,0,10.982561885886536,1975.0,0.0
2021-05-16,2021-05,seasonal_naive,0.1,30,25.0,25.0,0.0,18.399999900000097,0,10.982561885886536,1975.0,0.0
2021-05-16,2021-05,oracle_reference,0.1,30,25.0,22.500000100000005,2.4999998999999953,2.4999998999999953,0,24.99999859999992,1975.0,0.0
2021-05-16,2021-05,retained_model,0.1,60,25.0,25.0,0.0,18.399999899999983,0,7.823911653122249,1975.0,0.0
2021-05-16,2021-05,seasonal_naive,0.1,60,25.0,25.0,0.0,18.399999899999983,0,7.823911653122249,1975.0,0.0
2021-05-16,2021-05,oracle_reference,0.1,60,25.0,22.5000001,2.499999899999999,2.499999899999999,0,24.999998599999994,1975.0,0.0
2021-05-16,2021-05,retained_model,0.15,30,25.0,25.822493656234098,-0.8224936562340979,26.156666566666672,1,36.65491482558196,1975.0,0.0
2021-05-16,2021-05,seasonal_naive,0.15,30,25.0,25.822493656234098,-0.8224936562340979,26.156666566666672,1,36.65491482558196,1975.0,0.0
2021-05-16,2021-05,oracle_reference,0.15,30,25.0,21.2500001,3.749999899999999,3.749999899999999,0,53.74999549999995,1975.0,-2.2737367544323206e-13
2021-05-16,2021-05,retained_model,0.15,60,25.0,25.760869576086957,-0.7608695760869573,27.599999899999972,1,22.799727961704946,1975.0,0.0
2021-05-16,2021-05,seasonal_naive,0.15,60,25.0,25.760869576086957,-0.7608695760869573,27.599999899999972,1,22.799727961704946,1975.0,0.0
2021-05-16,2021-05,oracle_reference,0.15,60,25.0,21.2500001,3.749999899999999,3.749999899999999,0,43.24999849999999,1975.0,0.0
2021-05-17,2021-05,retained_model,0.0,30,192.0,192.0,0.0,0.0,0,0.0,9592.0,0.0
2021-05-17,2021-05,seasonal_naive,0.0,30,192.0,192.0,0.0,0.0,0,0.0,9592.0,0.0
2021-05-17,2021-05,oracle_reference,0.0,30,192.0,192.0,0.0,0.0,0,0.0,9592.0,0.0
2021-05-17,2021-05,retained_model,0.0,60,192.0,192.0,0.0,0.0,0,0.0,9592.0,0.0
2021-05-17,2021-05,seasonal_naive,0.0,60,192.0,192.0,0.0,0.0,0,0.0,9592.0,0.0
2021-05-17,2021-05,oracle_reference,0.0,60,192.0,192.0,0.0,0.0,0,0.0,9592.0,0.0
2021-05-17,2021-05,retained_model,0.05,30,192.0,183.31305330617204,8.686946693827963,7.8519376983826135,0,119.27528746274449,9592.0,0.0
2021-05-17,2021-05,seasonal_naive,0.05,30,192.0,186.0,6.0,9.199999899999995,0,21.467496650853597,9592.0,0.0
2021-05-17,2021-05,oracle_reference,0.05,30,192.0,182.4000001,9.5999999,9.5999999,0,13.799999700000003,9592.0,0.0
2021-05-17,2021-05,retained_model,0.05,60,192.0,183.30083951416853,8.69916048583147,7.861890989125186,0,83.45296331245919,9592.0,0.0
2021-05-17,2021-05,seasonal_naive,0.05,60,192.0,188.14222212333334,3.8577778766666597,9.199999899999995,0,21.467496650853597,9592.0,0.0
2021-05-17,2021-05,oracle_reference,0.05,60,192.0,182.4000001,9.5999999,9.5999999,0,13.799999700000003,9592.0,0.0
2021-05-17,2021-05,retained_model,0.1,30,192.0,178.5763409276046,13.423659072395395,11.711989961778471,0,274.24731525420464,9592.0,0.0
2021-05-17,2021-05,seasonal_naive,0.1,30,192.0,186.0,6.0,18.399999900000097,0,91.0194907747857,9592.0,0.0
2021-05-17,2021-05,oracle_reference,0.1,30,192.0,172.8000001,19.199999899999995,19.199999899999995,0,64.59999919999998,9592.0,0.0
2021-05-17,2021-05,retained_model,0.1,60,192.0,173.65342691461814,18.346573085381863,15.723782078250366,0,333.4829832614431,9592.0,0.0
2021-05-17,2021-05,seasonal_naive,0.1,60,192.0,189.79999980000002,2.2000001999999768,18.399999899999983,0,68.0142765148835,9592.0,0.0
2021-05-17,2021-05,oracle_reference,0.1,60,192.0,172.8000001,19.199999899999995,19.199999899999995,0,64.59999919999996,9592.0,0.0
2021-05-17,2021-05,retained_model,0.15,30,192.0,176.0377620541973,15.962237945802713,13.7807343445794,0,389.3918991887319,9592.0,0.0
2021-05-17,2021-05,seasonal_naive,0.15,30,192.0,186.95856252704715,5.04143747295285,26.156666566666672,0,298.9674715591335,9592.0,0.0
2021-05-17,2021-05,oracle_reference,0.15,30,192.0,163.20000009999998,28.799999900000017,28.799999900000017,0,241.3999972000005,9592.0,0.0
2021-05-17,2021-05,retained_model,0.15,60,192.0,167.94560260478087,24.054397395219127,19.773894922059924,0,585.0439799184156,9592.0,0.0
2021-05-17,2021-05,seasonal_naive,0.15,60,192.0,189.03697507016807,2.9630249298319313,27.599999899999972,0,192.8591765670996,9592.0,0.0
2021-05-17,2021-05,oracle_reference,0.15,60,192.0,163.2000001,28.79999989999999,28.79999989999999,0,201.39999820000034,9592.0,0.0
2021-05-18,2021-05,retained_model,0.0,30,182.0,182.0,0.0,0.0,0,0.0,11854.0,0.0
2021-05-18,2021-05,seasonal_naive,0.0,30,182.0,182.0,0.0,0.0,0,0.0,11854.0,0.0
2021-05-18,2021-05,oracle_reference,0.0,30,182.0,182.0,0.0,0.0,0,0.0,11854.0,0.0
2021-05-18,2021-05,retained_model,0.0,60,182.0,182.0,0.0,0.0,0,0.0,11854.0,0.0
2021-05-18,2021-05,seasonal_naive,0.0,60,182.0,182.0,0.0,0.0,0,0.0,11854.0,0.0
2021-05-18,2021-05,oracle_reference,0.0,60,182.0,182.0,0.0,0.0,0,0.0,11854.0,0.0
2021-05-18,2021-05,retained_model,0.05,30,182.0,179.98166355965148,2.01833644034852,8.314641409799606,0,122.87824843769769,11854.0,0.0
2021-05-18,2021-05,seasonal_naive,0.05,30,182.0,185.6243244227027,-3.624324422702699,9.249999900000006,1,11.515253945689425,11854.0,0.0
2021-05-18,2021-05,oracle_reference,0.05,30,182.0,172.9000001,9.0999999,9.0999999,0,33.79999919999997,11854.0,0.0
2021-05-18,2021-05,retained_model,0.05,60,182.0,179.79291753229325,2.207082467706755,8.564032629317694,0,97.37950548024727,11854.0,1.8189894035458565e-12
2021-05-18,2021-05,seasonal_naive,0.05,60,182.0,179.0,3.0,9.249999900000006,0,11.515253945689444,11854.0,0.0
2021-05-18,2021-05,oracle_reference,0.05,60,182.0,172.9000001,9.0999999,9.0999999,0,33.79999919999997,11854.0,0.0
2021-05-18,2021-05,retained_model,0.1,30,182.0,176.54677122643398,5.453228773566025,11.327645557713566,0,245.51150339657607,11854.0,0.0
2021-05-18,2021-05,seasonal_naive,0.1,30,182.0,179.1120690626437,2.8879309373562876,18.499999899999978,0,144.563220429784,11854.0,0.0
2021-05-18,2021-05,oracle_reference,0.1,30,182.0,163.8000001000001,18.19999989999991,18.19999989999991,0,263.3999931999957,11854.0,0.0
2021-05-18,2021-05,retained_model,0.1,60,182.0,170.96593326577843,11.034066734221568,15.801581406819452,0,364.34434346494135,11854.0,0.0
2021-05-18,2021-05,seasonal_naive,0.1,60,182.0,179.0,3.0,18.499999900000006,0,111.6893029352007,11854.0,0.0
2021-05-18,2021-05,oracle_reference,0.1,60,182.0,163.8000001,18.199999899999995,18.199999899999995,0,184.99999699999978,11854.0,0.0
2021-05-18,2021-05,retained_model,0.15,30,182.0,173.84093422461936,8.15906577538064,13.564668806814154,0,378.0160129993605,11854.0,0.0
2021-05-18,2021-05,seasonal_naive,0.15,30,182.0,178.03361974171776,3.9663802582822427,22.8799999,0,335.30337269145383,11854.0,0.0
2021-05-18,2021-05,oracle_reference,0.15,30,182.0,160.28125010000005,21.71874989999995,21.71874989999995,0,506.44373749999727,11854.0,1.8189894035458565e-12
2021-05-18,2021-05,retained_model,0.15,60,182.0,165.80182587410175,16.198174125898248,20.002349848211054,0,567.9586523363859,11854.0,0.0
2021-05-18,2021-05,seasonal_naive,0.15,60,182.0,180.31441706809818,1.6855829319018198,27.749999899999978,0,376.82415598984016,11854.0,0.0
2021-05-18,2021-05,oracle_reference,0.15,60,182.0,154.7000001,27.29999989999999,27.29999989999999,0,575.1499935000012,11854.0,0.0
2021-05-19,2021-05,retained_model,0.0,30,108.0,108.0,0.0,0.0,0,0.0,4019.0,0.0
2021-05-19,2021-05,seasonal_naive,0.0,30,108.0,108.0,0.0,0.0,0,0.0,4019.0,0.0
2021-05-19,2021-05,oracle_reference,0.0,30,108.0,108.0,0.0,0.0,0,0.0,4019.0,0.0
2021-05-19,2021-05,retained_model,0.0,60,108.0,108.0,0.0,0.0,0,0.0,4019.0,0.0
2021-05-19,2021-05,seasonal_naive,0.0,60,108.0,108.0,0.0,0.0,0,0.0,4019.0,0.0
2021-05-19,2021-05,oracle_reference,0.0,60,108.0,108.0,0.0,0.0,0,0.0,4019.0,0.0
2021-05-19,2021-05,retained_model,0.05,30,108.0,108.0,0.0,9.199999899999966,0,3.182031775939804,4019.0,0.0
2021-05-19,2021-05,seasonal_naive,0.05,30,108.0,108.0,0.0,9.199999899999966,0,3.182031775939804,4019.0,0.0
2021-05-19,2021-05,oracle_reference,0.05,30,108.0,102.60000009999999,5.399999900000012,5.399999900000012,0,6.799999800000021,4019.0,0.0
2021-05-19,2021-05,retained_model,0.05,60,108.0,108.0,0.0,9.199999899999995,0,3.1820317759398065,4019.0,0.0
2021-05-19,2021-05,seasonal_naive,0.05,60,108.0,108.0,0.0,9.199999899999995,0,3.1820317759398065,4019.0,0.0
2021-05-19,2021-05,oracle_reference,0.05,60,108.0,102.60000009999999,5.399999900000012,5.399999900000012,0,6.799999800000021,4019.0,0.0
2021-05-19,2021-05,retained_model,0.1,30,108.0,108.0,0.0,18.39999990000001,0,17.808846698597307,4019.0,0.0
2021-05-19,2021-05,seasonal_naive,0.1,30,108.0,108.0,0.0,18.39999990000001,0,17.808846698597307,4019.0,0.0
2021-05-19,2021-05,oracle_reference,0.1,30,108.0,97.2000001,10.799999900000003,10.799999900000003,0,32.399999200000046,4019.0,0.0
2021-05-19,2021-05,retained_model,0.1,60,108.0,108.0,0.0,18.39999990000001,0,13.516584986081137,4019.0,0.0
2021-05-19,2021-05,seasonal_naive,0.1,60,108.0,108.0,0.0,18.39999990000001,0,13.516584986081137,4019.0,0.0
2021-05-19,2021-05,oracle_reference,0.1,60,108.0,97.2000001,10.799999900000003,10.799999900000003,0,32.39999920000003,4019.0,0.0
2021-05-19,2021-05,retained_model,0.15,30,108.0,108.0,0.0,25.749999899999978,0,63.500490293778824,4019.0,0.0
2021-05-19,2021-05,seasonal_naive,0.15,30,108.0,108.0,0.0,25.749999899999978,0,63.500490293778824,4019.0,0.0
2021-05-19,2021-05,oracle_reference,0.15,30,108.0,91.80000009999993,16.199999900000066,16.199999900000066,0,167.94999490000407,4019.0,0.0
2021-05-19,2021-05,retained_model,0.15,60,108.0,108.0,0.0,27.5999999,0,39.673192864226266,4019.0,0.0
2021-05-19,2021-05,seasonal_naive,0.15,60,108.0,108.0,0.0,27.5999999,0,39.673192864226266,4019.0,0.0
2021-05-19,2021-05,oracle_reference,0.15,60,108.0,91.8000001,16.199999899999995,16.199999899999995,0,115.39999780000018,4019.0,0.0
2021-05-20,2021-05,retained_model,0.0,30,181.0,181.0,0.0,0.0,0,0.0,9307.0,0.0
2021-05-20,2021-05,seasonal_naive,0.0,30,181.0,181.0,0.0,0.0,0,0.0,9307.0,0.0
2021-05-20,2021-05,oracle_reference,0.0,30,181.0,181.0,0.0,0.0,0,0.0,9307.0,0.0
2021-05-20,2021-05,retained_model,0.0,60,181.0,181.0,0.0,0.0,0,0.0,9307.0,0.0
2021-05-20,2021-05,seasonal_naive,0.0,60,181.0,181.0,0.0,0.0,0,0.0,9307.0,0.0
2021-05-20,2021-05,oracle_reference,0.0,60,181.0,181.0,0.0,0.0,0,0.0,9307.0,0.0
2021-05-20,2021-05,retained_model,0.05,30,181.0,181.79570178888468,-0.7957017888846849,8.74737249146034,1,9.865082997415454,9307.0,0.0
2021-05-20,2021-05,seasonal_naive,0.05,30,181.0,184.916808213552,-3.9168082135520024,8.79999989999996,1,47.34724881493698,9307.0,0.0
2021-05-20,2021-05,oracle_reference,0.05,30,181.0,171.95000009999998,9.049999900000017,9.049999900000017,0,22.2499995000001,9307.0,0.0
2021-05-20,2021-05,retained_model,0.05,60,181.0,181.79570178888468,-0.7957017888846849,8.74737249146034,1,9.865082997415454,9307.0,0.0
2021-05-20,2021-05,seasonal_naive,0.05,60,181.0,182.6402365952663,-1.6402365952662876,8.799999900000017,1,47.347248814937245,9307.0,0.0
2021-05-20,2021-05,oracle_reference,0.05,60,181.0,171.95000009999998,9.049999900000017,9.049999900000017,0,22.24999950000012,9307.0,0.0
2021-05-20,2021-05,retained_model,0.1,30,181.0,173.04254530304047,7.95745469695953,17.494745082920645,0,125.70121529454049,9307.0,0.0
2021-05-20,2021-05,seasonal_naive,0.1,30,181.0,175.24706302882456,5.752936971175444,16.893333233333294,0,242.00917471739206,9307.0,0.0
2021-05-20,2021-05,oracle_reference,0.1,30,181.0,162.90000009999997,18.09999990000003,18.09999990000003,0,137.29999770000134,9307.0,0.0
2021-05-20,2021-05,retained_model,0.1,60,181.0,173.04254530304047,7.95745469695953,17.494745082920673,0,88.59444989832949,9307.0,0.0
2021-05-20,2021-05,seasonal_naive,0.1,60,181.0,175.89202465092026,5.107975349079737,17.599999899999972,0,190.9951810560695,9307.0,0.0
2021-05-20,2021-05,oracle_reference,0.1,60,181.0,162.9000001,18.0999999,18.0999999,0,112.49999850000003,9307.0,0.0
2021-05-20,2021-05,retained_model,0.15,30,181.0,167.34999837371632,13.650001626283682,23.242772252468058,0,354.49710593849863,9307.0,0.0
2021-05-20,2021-05,seasonal_naive,0.15,30,181.0,172.17549932458445,8.82450067541555,19.139999899999992,0,352.3722588851894,9307.0,0.0
2021-05-20,2021-05,oracle_reference,0.15,30,181.0,158.57187509999997,22.42812490000003,22.42812490000003,0,266.33436830000187,9307.0,0.0
2021-05-20,2021-05,retained_model,0.15,60,181.0,170.26736163875205,10.73263836124795,26.242117674381007,0,327.4181198345067,9307.0,0.0
2021-05-20,2021-05,seasonal_naive,0.15,60,181.0,171.8037366511895,9.196263348810504,25.659999899999974,0,476.1221045198662,9307.0,0.0
2021-05-20,2021-05,oracle_reference,0.15,60,181.0,153.85000009999962,27.14999990000038,27.14999990000038,0,358.89999540001884,9307.0,0.0
2021-05-21,2021-05,retained_model,0.0,30,160.0,160.0,0.0,0.0,0,0.0,11192.0,0.0
2021-05-21,2021-05,seasonal_naive,0.0,30,160.0,160.0,0.0,0.0,0,0.0,11192.0,0.0
2021-05-21,2021-05,oracle_reference,0.0,30,160.0,160.0,0.0,0.0,0,0.0,11192.0,0.0
2021-05-21,2021-05,retained_model,0.0,60,160.0,160.0,0.0,0.0,0,0.0,11192.0,0.0
2021-05-21,2021-05,seasonal_naive,0.0,60,160.0,160.0,0.0,0.0,0,0.0,11192.0,0.0
2021-05-21,2021-05,oracle_reference,0.0,60,160.0,160.0,0.0,0.0,0,0.0,11192.0,0.0
2021-05-21,2021-05,retained_model,0.05,30,160.0,158.0,2.0,8.3794165061164,0,59.49546983860212,11192.0,0.0
2021-05-21,2021-05,seasonal_naive,0.05,30,160.0,159.09333344000004,0.9066665599999624,7.849999899999972,0,43.532380979037086,11192.0,0.0
2021-05-21,2021-05,oracle_reference,0.05,30,160.0,152.0000001,7.999999900000006,7.999999900000006,0,47.999998800000114,11192.0,0.0
2021-05-21,2021-05,retained_model,0.05,60,160.0,159.09037819533006,0.9096218046699391,8.3794165061164,0,46.62408740111901,11192.0,0.0
2021-05-21,2021-05,seasonal_naive,0.05,60,160.0,159.09333344,0.9066665599999908,7.8499999,0,42.65496172742456,11192.0,0.0
2021-05-21,2021-05,oracle_reference,0.05,60,160.0,152.0000001,7.999999900000006,7.999999900000006,0,45.99999900000009,11192.0,-1.8189894035458565e-12
2021-05-21,2021-05,retained_model,0.1,30,160.0,160.2953069505141,-0.29530695051408884,14.681100350847231,1,196.73520034278988,11192.0,0.0
2021-05-21,2021-05,seasonal_naive,0.1,30,160.0,155.02881990895278,4.971180091047216,15.626666566666643,0,235.07796715198606,11192.0,0.0
2021-05-21,2021-05,oracle_reference,0.1,30,160.0,144.17500010000003,15.824999899999966,15.824999899999966,0,252.9249938999996,11192.0,0.0
2021-05-21,2021-05,retained_model,0.1,60,160.0,160.39427932052237,-0.39427932052237225,16.758833112232736,1,182.43993926531857,11192.0,0.0
2021-05-21,2021-05,seasonal_naive,0.1,60,160.0,155.7754141591083,4.224585840891706,15.699999899999995,0,176.62172650231588,11192.0,0.0
2021-05-21,2021-05,oracle_reference,0.1,60,160.0,144.0000001,15.999999900000006,15.999999900000006,0,158.99999790000015,11192.0,0.0
2021-05-21,2021-05,retained_model,0.15,30,160.0,159.0,1.0,16.849904955512358,0,269.0348917327142,11192.0,0.0
2021-05-21,2021-05,seasonal_naive,0.15,30,160.0,153.43999991923081,6.560000080769186,17.63999990000005,0,363.51049167760675,11192.0,0.0
2021-05-21,2021-05,oracle_reference,0.15,30,160.0,142.2625001,17.73749989999999,17.73749989999999,0,343.63749269999926,11192.0,0.0
2021-05-21,2021-05,retained_model,0.15,60,160.0,155.8343841229499,4.165615877050101,23.365154071005037,0,387.98898041116183,11192.0,0.0
2021-05-21,2021-05,seasonal_naive,0.15,60,160.0,154.52390859085241,5.476091409147585,23.499999899999978,0,585.6804538693345,11192.0,0.0
2021-05-21,2021-05,oracle_reference,0.15,60,160.0,136.58888898888887,23.41111101111113,23.41111101111113,0,502.8888808888928,11192.0,0.0
2021-05-22,2021-05,retained_model,0.0,30,112.0,112.0,0.0,0.0,0,0.0,4129.0,0.0
2021-05-22,2021-05,seasonal_naive,0.0,30,112.0,112.0,0.0,0.0,0,0.0,4129.0,0.0
2021-05-22,2021-05,oracle_reference,0.0,30,112.0,112.0,0.0,0.0,0,0.0,4129.0,0.0
2021-05-22,2021-05,retained_model,0.0,60,112.0,112.0,0.0,0.0,0,0.0,4129.0,0.0
2021-05-22,2021-05,seasonal_naive,0.0,60,112.0,112.0,0.0,0.0,0,0.0,4129.0,0.0
2021-05-22,2021-05,oracle_reference,0.0,60,112.0,112.0,0.0,0.0,0,0.0,4129.0,0.0
2021-05-22,2021-05,retained_model,0.05,30,112.0,112.0,0.0,5.290765772575952,0,12.033686629119412,4129.0,0.0
2021-05-22,2021-05,seasonal_naive,0.05,30,112.0,115.55810659617477,-3.558106596174767,5.249999900000006,1,18.647446266143554,4129.0,0.0
2021-05-22,2021-05,oracle_reference,0.05,30,112.0,106.4000001,5.5999999,5.5999999,0,6.199999799999993,4129.0,0.0
2021-05-22,2021-05,retained_model,0.05,60,112.0,112.0,0.0,5.290765772575952,0,12.033686629119412,4129.0,0.0
2021-05-22,2021-05,seasonal_naive,0.05,60,112.0,112.244999902,-0.24499990200000354,5.249999900000006,1,18.647446266143564,4129.0,0.0
2021-05-22,2021-05,oracle_reference,0.05,60,112.0,106.4000001,5.5999999,5.5999999,0,6.199999799999993,4129.0,0.0
2021-05-22,2021-05,retained_model,0.1,30,112.0,110.57857546239636,1.4214245376036416,10.581531645151927,0,68.32085304722452,4129.0,0.0
2021-05-22,2021-05,seasonal_naive,0.1,30,112.0,111.19262150902402,0.807378490975978,9.899999899999983,0,100.29211419481263,4129.0,0.0
2021-05-22,2021-05,oracle_reference,0.1,30,112.0,100.80000009999999,11.199999900000009,11.199999900000009,0,51.19999840000015,4129.0,0.0
2021-05-22,2021-05,retained_model,0.1,60,112.0,110.57857546239637,1.4214245376036274,10.581531645151884,0,52.281755890329265,4129.0,0.0
2021-05-22,2021-05,seasonal_naive,0.1,60,112.0,111.41052643368421,0.5894735663157888,10.499999899999978,0,84.95136607366061,4129.0,0.0
2021-05-22,2021-05,oracle_reference,0.1,60,112.0,100.80000009999999,11.199999900000009,11.199999900000009,0,47.19999890000008,4129.0,0.0
2021-05-22,2021-05,retained_model,0.15,30,112.0,106.75,5.25,14.254068616125906,0,156.77306677203723,4129.0,0.0
2021-05-22,2021-05,seasonal_naive,0.15,30,112.0,109.64890146565149,2.351098534348509,11.249999900000006,0,148.80300723877033,4129.0,0.0
2021-05-22,2021-05,oracle_reference,0.15,30,112.0,95.44333343333334,16.556666566666664,16.556666566666664,0,204.25332653333408,4129.0,0.0
2021-05-22,2021-05,retained_model,0.15,60,112.0,106.0,6.0,15.87229751772783,0,151.69885709435422,4129.0,0.0
2021-05-22,2021-05,seasonal_naive,0.15,60,112.0,105.03439417782263,6.965605822177366,15.239999899999987,0,266.47647882472666,4129.0,0.0
2021-05-22,2021-05,oracle_reference,0.15,60,112.0,95.20000009999993,16.799999900000074,16.799999900000074,0,135.99999750000188,4129.0,0.0
2021-05-23,2021-05,retained_model,0.0,30,25.0,25.0,0.0,0.0,0,0.0,2031.0,0.0
2021-05-23,2021-05,seasonal_naive,0.0,30,25.0,25.0,0.0,0.0,0,0.0,2031.0,0.0
2021-05-23,2021-05,oracle_reference,0.0,30,25.0,25.0,0.0,0.0,0,0.0,2031.0,0.0
2021-05-23,2021-05,retained_model,0.0,60,25.0,25.0,0.0,0.0,0,0.0,2031.0,0.0
2021-05-23,2021-05,seasonal_naive,0.0,60,25.0,25.0,0.0,0.0,0,0.0,2031.0,0.0
2021-05-23,2021-05,oracle_reference,0.0,60,25.0,25.0,0.0,0.0,0,0.0,2031.0,0.0
2021-05-23,2021-05,retained_model,0.05,30,25.0,25.0,0.0,1.2499998999999988,0,7.341665665999987,2031.0,0.0
2021-05-23,2021-05,seasonal_naive,0.05,30,25.0,25.0,0.0,1.2499998999999988,0,7.341665665999987,2031.0,0.0
2021-05-23,2021-05,oracle_reference,0.05,30,25.0,23.7500001,1.2499998999999988,1.2499998999999988,0,9.749998899999984,2031.0,0.0
2021-05-23,2021-05,retained_model,0.05,60,25.0,25.0,0.0,1.2499998999999988,0,7.341665665999987,2031.0,0.0
2021-05-23,2021-05,seasonal_naive,0.05,60,25.0,25.0,0.0,1.2499998999999988,0,7.341665665999987,2031.0,0.0
2021-05-23,2021-05,oracle_reference,0.05,60,25.0,23.7500001,1.2499998999999988,1.2499998999999988,0,9.749998899999984,2031.0,0.0
2021-05-23,2021-05,retained_model,0.1,30,25.0,25.0,0.0,2.4999998999999953,0,20.719564042811527,2031.0,0.0
2021-05-23,2021-05,seasonal_naive,0.1,30,25.0,25.0,0.0,2.4999998999999953,0,20.719564042811527,2031.0,0.0
2021-05-23,2021-05,oracle_reference,0.1,30,25.0,22.5000001,2.499999899999999,2.499999899999999,0,24.999998599999994,2031.0,0.0
2021-05-23,2021-05,retained_model,0.1,60,25.0,25.0,0.0,2.499999899999999,0,20.71956404281159,2031.0,0.0
2021-05-23,2021-05,seasonal_naive,0.1,60,25.0,25.0,0.0,2.499999899999999,0,20.71956404281159,2031.0,0.0
2021-05-23,2021-05,oracle_reference,0.1,60,25.0,22.5000001,2.499999899999999,2.499999899999999,0,24.999998599999994,2031.0,0.0
2021-05-23,2021-05,retained_model,0.15,30,25.0,25.0,0.0,3.749999899999999,0,46.942716345077685,2031.0,0.0
2021-05-23,2021-05,seasonal_naive,0.15,30,25.0,25.0,0.0,3.749999899999999,0,46.942716345077685,2031.0,0.0
2021-05-23,2021-05,oracle_reference,0.15,30,25.0,21.279629729629633,3.720370270370367,3.720370270370367,0,95.32960542962965,2031.0,-4.547473508864641e-13
2021-05-23,2021-05,retained_model,0.15,60,25.0,25.050000084,-0.050000084000000555,3.749999899999999,1,36.11771941507772,2031.0,0.0
2021-05-23,2021-05,seasonal_naive,0.15,60,25.0,25.050000084,-0.050000084000000555,3.749999899999999,1,36.11771941507772,2031.0,0.0
2021-05-23,2021-05,oracle_reference,0.15,60,25.0,21.250000100000005,3.7499998999999953,3.7499998999999953,0,63.749979499999746,2031.0,-4.547473508864641e-13
2021-05-24,2021-05,retained_model,0.0,30,172.0,172.0,0.0,0.0,0,0.0,9521.0,0.0
2021-05-24,2021-05,seasonal_naive,0.0,30,172.0,172.0,0.0,0.0,0,0.0,9521.0,0.0
2021-05-24,2021-05,oracle_reference,0.0,30,172.0,172.0,0.0,0.0,0,0.0,9521.0,0.0
2021-05-24,2021-05,retained_model,0.0,60,172.0,172.0,0.0,0.0,0,0.0,9521.0,0.0
2021-05-24,2021-05,seasonal_naive,0.0,60,172.0,172.0,0.0,0.0,0,0.0,9521.0,0.0
2021-05-24,2021-05,oracle_reference,0.0,60,172.0,172.0,0.0,0.0,0,0.0,9521.0,0.0
2021-05-24,2021-05,retained_model,0.05,30,172.0,166.34284978413237,5.657150215867631,8.404184478815182,0,80.76142294426799,9521.0,0.0
2021-05-24,2021-05,seasonal_naive,0.05,30,172.0,172.54754089234973,-0.5475408923497298,9.5999999,1,12.349153616190456,9521.0,0.0
2021-05-24,2021-05,oracle_reference,0.05,30,172.0,163.40000010000003,8.599999899999972,8.599999899999972,0,34.39999909999974,9521.0,0.0
2021-05-24,2021-05,retained_model,0.05,60,172.0,166.5382317938991,5.461768206100913,8.404184478815239,0,51.92373214486864,9521.0,0.0
2021-05-24,2021-05,seasonal_naive,0.05,60,172.0,172.54754089234973,-0.5475408923497298,9.5999999,1,12.349153616190456,9521.0,0.0
2021-05-24,2021-05,oracle_reference,0.05,60,172.0,163.4000001,8.5999999,8.5999999,0,34.3999991,9521.0,0.0
2021-05-24,2021-05,retained_model,0.1,30,172.0,164.13621183544726,7.863788164552744,12.137665675352196,0,204.6342313543525,9521.0,0.0
2021-05-24,2021-05,seasonal_naive,0.1,30,172.0,174.39101132134832,-2.3910113213483157,19.199999899999995,1,57.96288257220052,9521.0,0.0
2021-05-24,2021-05,oracle_reference,0.1,30,172.0,157.25714295714286,14.742857042857139,14.742857042857139,0,179.44285144285857,9521.0,0.0
2021-05-24,2021-05,retained_model,0.1,60,172.0,163.0,9.0,16.289205797352594,0,284.1403335000309,9521.0,0.0
2021-05-24,2021-05,seasonal_naive,0.1,60,172.0,174.59999990833333,-2.5999999083333307,19.199999899999995,1,57.9628825722005,9521.0,0.0
2021-05-24,2021-05,oracle_reference,0.1,60,172.0,154.80000010000006,17.199999899999938,17.199999899999938,0,199.3999967999989,9521.0,0.0
2021-05-24,2021-05,retained_model,0.15,30,172.0,163.0,9.0,14.165854484074572,0,290.14760434956037,9521.0,0.0
2021-05-24,2021-05,seasonal_naive,0.15,30,172.0,174.42592602777776,-2.425926027777763,28.799999900000017,1,221.88606053696768,9521.0,0.0
2021-05-24,2021-05,oracle_reference,0.15,30,172.0,154.8500001,17.14999990000001,17.14999990000001,0,291.54999400000077,9521.0,0.0
2021-05-24,2021-05,retained_model,0.15,60,172.0,161.53120889615423,10.468791103845774,20.377455741860075,0,475.14806994298345,9521.0,0.0
2021-05-24,2021-05,seasonal_naive,0.15,60,172.0,173.60874326065573,-1.6087432606557286,28.79999989999999,1,183.47331985306482,9521.0,0.0
2021-05-24,2021-05,oracle_reference,0.15,60,172.0,148.26875010000003,23.731249899999966,23.731249899999966,0,494.87499399999797,9521.0,0.0
2021-05-25,2021-05,retained_model,0.0,30,174.0,174.0,0.0,0.0,0,0.0,11753.0,0.0
2021-05-25,2021-05,seasonal_naive,0.0,30,174.0,174.0,0.0,0.0,0,0.0,11753.0,0.0
2021-05-25,2021-05,oracle_reference,0.0,30,174.0,174.0,0.0,0.0,0,0.0,11753.0,0.0
2021-05-25,2021-05,retained_model,0.0,60,174.0,174.0,0.0,0.0,0,0.0,11753.0,0.0
2021-05-25,2021-05,seasonal_naive,0.0,60,174.0,174.0,0.0,0.0,0,0.0,11753.0,0.0
2021-05-25,2021-05,oracle_reference,0.0,60,174.0,174.0,0.0,0.0,0,0.0,11753.0,0.0
2021-05-25,2021-05,retained_model,0.05,30,174.0,167.82011626444924,6.17988373555076,8.055269192590202,0,96.61144416149205,11753.0,0.0
2021-05-25,2021-05,seasonal_naive,0.05,30,174.0,174.0,0.0,9.0999999,0,28.57086285688419,11753.0,0.0
2021-05-25,2021-05,oracle_reference,0.05,30,174.0,165.30000009999998,8.699999900000023,8.699999900000023,0,33.59999920000019,11753.0,0.0
2021-05-25,2021-05,retained_model,0.05,60,174.0,167.83159278316876,6.168407216831241,8.366033497083265,0,66.94617780491055,11753.0,0.0
2021-05-25,2021-05,seasonal_naive,0.05,60,174.0,174.0,0.0,9.0999999,0,28.57086285688419,11753.0,0.0
2021-05-25,2021-05,oracle_reference,0.05,60,174.0,165.3000001,8.699999899999995,8.699999899999995,0,31.499999499999973,11753.0,0.0
2021-05-25,2021-05,retained_model,0.1,30,174.0,164.91776168994352,9.082238310056482,10.772131704133159,0,186.19609436941525,11753.0,0.0
2021-05-25,2021-05,seasonal_naive,0.1,30,174.0,173.69485722971433,0.30514277028566994,18.19999989999991,0,240.60205064609477,11753.0,0.0
2021-05-25,2021-05,oracle_reference,0.1,30,174.0,156.60000010000002,17.399999899999983,17.399999899999983,0,160.6999972000003,11753.0,0.0
2021-05-25,2021-05,retained_model,0.1,60,174.0,174.82279082189785,-0.8227908218978541,14.983537288598171,1,265.1270521863878,11753.0,0.0
2021-05-25,2021-05,seasonal_naive,0.1,60,174.0,173.6948572297143,0.30514277028569836,18.199999899999995,0,164.76342305317002,11753.0,0.0
2021-05-25,2021-05,oracle_reference,0.1,60,174.0,156.6000001,17.39999990000001,17.39999990000001,0,120.59999860000013,11753.0,0.0
2021-05-25,2021-05,retained_model,0.15,30,174.0,166.1,7.900000000000006,12.868655167755293,0,282.1468591451561,11753.0,0.0
2021-05-25,2021-05,seasonal_naive,0.15,30,174.0,169.98553533660305,4.01446466339695,21.71874989999995,0,470.65553029780574,11753.0,0.0
2021-05-25,2021-05,oracle_reference,0.15,30,174.0,152.54666676666668,21.453333233333325,21.453333233333325,0,339.4666586666682,11753.0,0.0
2021-05-25,2021-05,retained_model,0.15,60,174.0,171.85853930723633,2.1414606927636726,19.057627251867558,0,440.7951138413242,11753.0,0.0
2021-05-25,2021-05,seasonal_naive,0.15,60,174.0,164.19079765214724,9.80920234785276,27.29999989999999,0,534.0147143748206,11753.0,0.0
2021-05-25,2021-05,oracle_reference,0.15,60,174.0,147.90000010000003,26.099999899999972,26.099999899999972,0,413.9999949999986,11753.0,0.0
2021-05-26,2021-05,retained_model,0.0,30,166.0,166.0,0.0,0.0,0,0.0,11460.0,0.0
2021-05-26,2021-05,seasonal_naive,0.0,30,166.0,166.0,0.0,0.0,0,0.0,11460.0,0.0
2021-05-26,2021-05,oracle_reference,0.0,30,166.0,166.0,0.0,0.0,0,0.0,11460.0,0.0
2021-05-26,2021-05,retained_model,0.0,60,166.0,166.0,0.0,0.0,0,0.0,11460.0,0.0
2021-05-26,2021-05,seasonal_naive,0.0,60,166.0,166.0,0.0,0.0,0,0.0,11460.0,0.0
2021-05-26,2021-05,oracle_reference,0.0,60,166.0,166.0,0.0,0.0,0,0.0,11460.0,0.0
2021-05-26,2021-05,retained_model,0.05,30,166.0,166.0,0.0,7.910022214951482,0,84.2402523198344,11460.0,0.0
2021-05-26,2021-05,seasonal_naive,0.05,30,166.0,166.0,0.0,5.399999900000012,0,6.563461342129651,11460.0,0.0
2021-05-26,2021-05,oracle_reference,0.05,30,166.0,157.70000009999998,8.299999900000017,8.299999900000017,0,55.19999860000028,11460.0,0.0
2021-05-26,2021-05,retained_model,0.05,60,166.0,166.0,0.0,7.910022214951596,0,53.90777551209206,11460.0,0.0
2021-05-26,2021-05,seasonal_naive,0.05,60,166.0,166.0,0.0,5.399999900000012,0,6.563461342129651,11460.0,0.0
2021-05-26,2021-05,oracle_reference,0.05,60,166.0,157.7000001,8.299999899999989,8.299999899999989,0,55.199998600000264,11460.0,0.0
2021-05-26,2021-05,retained_model,0.1,30,166.0,164.9651423331058,1.0348576668941973,10.25460545192243,0,159.62046976915866,11460.0,0.0
2021-05-26,2021-05,seasonal_naive,0.1,30,166.0,166.0,0.0,10.799999900000003,0,32.907577506455624,11460.0,0.0
2021-05-26,2021-05,oracle_reference,0.1,30,166.0,149.4000001,16.5999999,16.5999999,0,246.39999440000003,11460.0,0.0
2021-05-26,2021-05,retained_model,0.1,60,166.0,165.58483679462333,0.41516320537667184,14.123886124828772,0,245.56065230292756,11460.0,0.0
2021-05-26,2021-05,seasonal_naive,0.1,60,166.0,166.0,0.0,10.799999900000003,0,32.90757750645561,11460.0,0.0
2021-05-26,2021-05,oracle_reference,0.1,60,166.0,149.40000010000003,16.599999899999972,16.599999899999972,0,187.7999971999992,11460.0,0.0
2021-05-26,2021-05,retained_model,0.15,30,166.0,164.03265300975102,1.9673469902489842,12.147053968348189,0,251.64361992134567,11460.0,0.0
2021-05-26,2021-05,seasonal_naive,0.15,30,166.0,166.0,0.0,16.199999900000066,0,177.1544951200367,11460.0,0.0
2021-05-26,2021-05,oracle_reference,0.15,30,166.0,147.2666667666667,18.733333233333298,18.733333233333298,0,365.216657466666,11460.0,0.0
2021-05-26,2021-05,retained_model,0.15,60,166.0,162.5280684763547,3.47193152364531,17.95097497770763,0,425.83925530611526,11460.0,0.0
2021-05-26,2021-05,seasonal_naive,0.15,60,166.0,166.0,0.0,16.199999899999995,0,120.9575233151596,11460.0,0.0
2021-05-26,2021-05,oracle_reference,0.15,60,166.0,141.19375010000002,24.806249899999983,24.806249899999983,0,570.6562427000009,11460.0,0.0
2021-05-27,2021-05,retained_model,0.0,30,176.0,176.0,0.0,0.0,0,0.0,11380.0,0.0
2021-05-27,2021-05,seasonal_naive,0.0,30,176.0,176.0,0.0,0.0,0,0.0,11380.0,0.0
2021-05-27,2021-05,oracle_reference,0.0,30,176.0,176.0,0.0,0.0,0,0.0,11380.0,0.0
2021-05-27,2021-05,retained_model,0.0,60,176.0,176.0,0.0,0.0,0,0.0,11380.0,0.0
2021-05-27,2021-05,seasonal_naive,0.0,60,176.0,176.0,0.0,0.0,0,0.0,11380.0,0.0
2021-05-27,2021-05,oracle_reference,0.0,60,176.0,176.0,0.0,0.0,0,0.0,11380.0,0.0
2021-05-27,2021-05,retained_model,0.05,30,176.0,167.83178682732895,8.168213172671045,8.911368930029056,0,78.13951615272464,11380.0,0.0
2021-05-27,2021-05,seasonal_naive,0.05,30,176.0,174.93179200924854,1.0682079907514606,9.049999900000017,0,19.54849831018109,11380.0,0.0
2021-05-27,2021-05,oracle_reference,0.05,30,176.0,167.20000009999998,8.799999900000017,8.799999900000017,0,9.599999800000042,11380.0,0.0
2021-05-27,2021-05,retained_model,0.05,60,176.0,168.24964454503828,7.750355454961721,8.91136893002934,0,50.77186315814387,11380.0,0.0
2021-05-27,2021-05,seasonal_naive,0.05,60,176.0,174.93179200924854,1.0682079907514606,9.049999900000017,0,19.54849831018111,11380.0,0.0
2021-05-27,2021-05,oracle_reference,0.05,60,176.0,167.20000009999998,8.799999900000017,8.799999900000017,0,9.599999800000042,11380.0,0.0
2021-05-27,2021-05,retained_model,0.1,30,176.0,166.6,9.400000000000006,13.073588911612632,0,198.87238508204038,11380.0,0.0
2021-05-27,2021-05,seasonal_naive,0.1,30,176.0,171.05123467098758,4.948765329012417,18.09999990000003,0,127.61928592177611,11380.0,0.0
2021-05-27,2021-05,oracle_reference,0.1,30,176.0,158.40000010000014,17.599999899999858,17.599999899999858,0,114.99999799999713,11380.0,0.0
2021-05-27,2021-05,retained_model,0.1,60,176.0,177.7,-1.6999999999999886,17.399224369392442,1,270.4123876810004,11380.0,0.0
2021-05-27,2021-05,seasonal_naive,0.1,60,176.0,170.8272992089479,5.172700791052108,18.0999999,0,103.23643550057184,11380.0,0.0
2021-05-27,2021-05,oracle_reference,0.1,60,176.0,158.4000001,17.5999999,17.5999999,0,103.99999849999998,11380.0,0.0
2021-05-27,2021-05,retained_model,0.15,30,176.0,175.4,0.5999999999999943,15.20564351125401,0,289.0422149864304,11380.0,0.0
2021-05-27,2021-05,seasonal_naive,0.15,30,176.0,175.4,0.5999999999999943,22.42812490000003,0,247.46001746971325,11380.0,0.0
2021-05-27,2021-05,oracle_reference,0.15,30,176.0,151.56923086923075,24.43076913076925,24.43076913076925,0,350.5653748153893,11380.0,0.0
2021-05-27,2021-05,retained_model,0.15,60,176.0,181.27858270663364,-5.278582706633642,21.69409669792384,1,422.8657789740572,11380.0,0.0
2021-05-27,2021-05,seasonal_naive,0.15,60,176.0,182.81242001274038,-6.812420012740375,27.14999990000038,1,337.5439008013044,11380.0,0.0
2021-05-27,2021-05,oracle_reference,0.15,60,176.0,149.6000001,26.39999990000001,26.39999990000001,0,296.7999968000004,11380.0,0.0
2021-05-28,2021-05,retained_model,0.0,30,175.0,175.0,0.0,0.0,0,0.0,11649.0,0.0
2021-05-28,2021-05,seasonal_naive,0.0,30,175.0,175.0,0.0,0.0,0,0.0,11649.0,0.0
2021-05-28,2021-05,oracle_reference,0.0,30,175.0,175.0,0.0,0.0,0,0.0,11649.0,0.0
2021-05-28,2021-05,retained_model,0.0,60,175.0,175.0,0.0,0.0,0,0.0,11649.0,0.0
2021-05-28,2021-05,seasonal_naive,0.0,60,175.0,175.0,0.0,0.0,0,0.0,11649.0,0.0
2021-05-28,2021-05,oracle_reference,0.0,60,175.0,175.0,0.0,0.0,0,0.0,11649.0,0.0
2021-05-28,2021-05,retained_model,0.05,30,175.0,172.5026189343572,2.4973810656427986,6.70500588963759,0,35.894966844474524,11649.0,0.0
2021-05-28,2021-05,seasonal_naive,0.05,30,175.0,172.261375422169,2.73862457783099,7.999999900000006,0,50.175228100193294,11649.0,0.0
2021-05-28,2021-05,oracle_reference,0.05,30,175.0,166.2500001,8.749999900000006,8.749999900000006,0,23.249999300000056,11649.0,0.0
2021-05-28,2021-05,retained_model,0.05,60,175.0,176.00336577341605,-1.00336577341605,6.70500588963759,1,32.830972317291895,11649.0,0.0
2021-05-28,2021-05,seasonal_naive,0.05,60,175.0,172.1025637948718,2.8974362051282014,7.999999900000006,0,47.90495806483853,11649.0,0.0
2021-05-28,2021-05,oracle_reference,0.05,60,175.0,166.2500001,8.749999900000006,8.749999900000006,0,23.249999300000056,11649.0,0.0
2021-05-28,2021-05,retained_model,0.1,30,175.0,173.29412095674274,1.705879043257255,12.222008793117098,0,163.49952912716748,11649.0,0.0
2021-05-28,2021-05,seasonal_naive,0.1,30,175.0,171.32722613219178,3.6727738678082176,15.824999899999966,0,266.629634362738,11649.0,0.0
2021-05-28,2021-05,oracle_reference,0.1,30,175.0,157.50000010000002,17.499999899999978,17.499999899999978,0,141.79999660000016,11649.0,0.0
2021-05-28,2021-05,retained_model,0.1,60,175.0,171.7913973719583,3.208602628041689,13.410011879275189,0,149.43099353637962,11649.0,0.0
2021-05-28,2021-05,seasonal_naive,0.1,60,175.0,171.1778154299502,3.8221845700498136,15.999999900000006,0,165.71641197068382,11649.0,0.0
2021-05-28,2021-05,oracle_reference,0.1,60,175.0,157.5000001,17.499999900000006,17.499999900000006,0,114.99999860000008,11649.0,0.0
2021-05-28,2021-05,retained_model,0.15,30,175.0,171.1809497110165,3.8190502889835045,13.94295808194525,0,246.95979713446707,11649.0,0.0
2021-05-28,2021-05,seasonal_naive,0.15,30,175.0,169.32303092671233,5.676969073287665,17.73749989999999,0,362.2252053012626,11649.0,0.0
2021-05-28,2021-05,oracle_reference,0.15,30,175.0,154.22000010000005,20.77999989999995,20.77999989999995,0,260.53999069999804,11649.0,0.0
2021-05-28,2021-05,retained_model,0.15,60,175.0,163.67417975891777,11.325820241082226,19.03351073041277,0,396.439056247825,11649.0,0.0
2021-05-28,2021-05,seasonal_naive,0.15,60,175.0,164.11460296603184,10.885397033968161,23.41111101111113,0,525.5354138719812,11649.0,0.0
2021-05-28,2021-05,oracle_reference,0.15,60,175.0,148.75000010000002,26.249999899999978,26.249999899999978,0,366.14999490000025,11649.0,0.0
2021-05-29,2021-05,retained_model,0.0,30,107.0,107.0,0.0,0.0,0,0.0,4202.0,0.0
2021-05-29,2021-05,seasonal_naive,0.0,30,107.0,107.0,0.0,0.0,0,0.0,4202.0,0.0
2021-05-29,2021-05,oracle_reference,0.0,30,107.0,107.0,0.0,0.0,0,0.0,4202.0,0.0
2021-05-29,2021-05,retained_model,0.0,60,107.0,107.0,0.0,0.0,0,0.0,4202.0,0.0
2021-05-29,2021-05,seasonal_naive,0.0,60,107.0,107.0,0.0,0.0,0,0.0,4202.0,0.0
2021-05-29,2021-05,oracle_reference,0.0,60,107.0,107.0,0.0,0.0,0,0.0,4202.0,0.0
2021-05-29,2021-05,retained_model,0.05,30,107.0,106.59791689088247,0.40208310911752676,5.624158386925757,0,13.612233901537252,4202.0,0.0
2021-05-29,2021-05,seasonal_naive,0.05,30,107.0,107.0,0.0,5.5999999,0,5.816354952044385,4202.0,0.0
2021-05-29,2021-05,oracle_reference,0.05,30,107.0,101.6500001,5.3499999,5.3499999,0,21.44999929999998,4202.0,0.0
2021-05-29,2021-05,retained_model,0.05,60,107.0,106.59791689088254,0.4020831091174557,5.624158386925686,0,13.128342691529504,4202.0,0.0
2021-05-29,2021-05,seasonal_naive,0.05,60,107.0,107.0,0.0,5.5999999,0,5.816354952044385,4202.0,0.0
2021-05-29,2021-05,oracle_reference,0.05,60,107.0,101.6500001,5.3499999,5.3499999,0,21.449999299999995,4202.0,0.0
2021-05-29,2021-05,retained_model,0.1,30,107.0,105.6,1.4000000000000057,10.741264429648254,0,94.5422078160153,4202.0,0.0
2021-05-29,2021-05,seasonal_naive,0.1,30,107.0,106.74563116116504,0.25436883883496364,11.199999900000009,0,49.093241529048925,4202.0,0.0
2021-05-29,2021-05,oracle_reference,0.1,30,107.0,96.30000009999995,10.699999900000051,10.699999900000051,0,106.49999750000167,4202.0,0.0
2021-05-29,2021-05,retained_model,0.1,60,107.0,103.87231360909418,3.127686390905822,11.248316873851465,0,75.82993064746748,4202.0,0.0
2021-05-29,2021-05,seasonal_naive,0.1,60,107.0,106.79238105142856,0.2076189485714366,11.199999900000009,0,45.13441156645074,4202.0,0.0
2021-05-29,2021-05,oracle_reference,0.1,60,107.0,96.3000001,10.699999899999995,10.699999899999995,0,77.09999870000011,4202.0,0.0
2021-05-29,2021-05,retained_model,0.15,30,107.0,107.27589198809473,-0.2758919880947275,12.617339901807455,1,161.4869287280286,4202.0,0.0
2021-05-29,2021-05,seasonal_naive,0.15,30,107.0,108.57013899305555,-1.5701389930555507,16.556666566666664,1,199.16104075462835,4202.0,0.0
2021-05-29,2021-05,oracle_reference,0.15,30,107.0,94.26000009999997,12.73999990000003,12.73999990000003,0,202.97999180000238,4202.0,0.0
2021-05-29,2021-05,retained_model,0.15,60,107.0,108.5962447938302,-1.596244793830195,16.87247536077716,1,202.6033220352922,4202.0,0.0
2021-05-29,2021-05,seasonal_naive,0.15,60,107.0,109.73716220324818,-2.7371622032481753,16.799999900000074,1,132.05576435023096,4202.0,0.0
2021-05-29,2021-05,oracle_reference,0.15,60,107.0,91.41875010000003,15.581249899999975,15.581249899999975,0,266.73749139999785,4202.0,0.0
2021-05-30,2021-05,retained_model,0.0,30,26.0,26.0,0.0,0.0,0,0.0,2106.0,0.0
2021-05-30,2021-05,seasonal_naive,0.0,30,26.0,26.0,0.0,0.0,0,0.0,2106.0,0.0
2021-05-30,2021-05,oracle_reference,0.0,30,26.0,26.0,0.0,0.0,0,0.0,2106.0,0.0
2021-05-30,2021-05,retained_model,0.0,60,26.0,26.0,0.0,0.0,0,0.0,2106.0,0.0
2021-05-30,2021-05,seasonal_naive,0.0,60,26.0,26.0,0.0,0.0,0,0.0,2106.0,0.0
2021-05-30,2021-05,oracle_reference,0.0,60,26.0,26.0,0.0,0.0,0,0.0,2106.0,0.0
2021-05-30,2021-05,retained_model,0.05,30,26.0,26.0,0.0,1.2499998999999988,0,8.335415716499986,2106.0,0.0
2021-05-30,2021-05,seasonal_naive,0.05,30,26.0,26.0,0.0,1.2499998999999988,0,8.335415716499986,2106.0,0.0
2021-05-30,2021-05,oracle_reference,0.05,30,26.0,24.7000001,1.2999998999999995,1.2999998999999995,0,12.599998799999987,2106.0,0.0
2021-05-30,2021-05,retained_model,0.05,60,26.0,26.0,0.0,1.2499998999999988,0,8.335415716499986,2106.0,0.0
2021-05-30,2021-05,seasonal_naive,0.05,60,26.0,26.0,0.0,1.2499998999999988,0,8.335415716499986,2106.0,0.0
2021-05-30,2021-05,oracle_reference,0.05,60,26.0,24.7000001,1.2999998999999995,1.2999998999999995,0,12.599998799999987,2106.0,0.0
2021-05-30,2021-05,retained_model,0.1,30,26.0,26.0,0.0,2.499999899999999,0,21.58206399331159,2106.0,0.0
2021-05-30,2021-05,seasonal_naive,0.1,30,26.0,26.0,0.0,2.499999899999999,0,21.58206399331159,2106.0,0.0
2021-05-30,2021-05,oracle_reference,0.1,30,26.0,23.4000001,2.5999999000000003,2.5999999000000003,0,33.59999789999999,2106.0,0.0
2021-05-30,2021-05,retained_model,0.1,60,26.0,26.0,0.0,2.499999899999999,0,21.58206399331159,2106.0,0.0
2021-05-30,2021-05,seasonal_naive,0.1,60,26.0,26.0,0.0,2.499999899999999,0,21.58206399331159,2106.0,0.0
2021-05-30,2021-05,oracle_reference,0.1,60,26.0,23.4000001,2.5999999000000003,2.5999999000000003,0,31.7999982,2106.0,0.0
2021-05-30,2021-05,retained_model,0.15,30,26.0,27.05777729777778,-1.057777297777779,3.720370270370367,1,91.88781293122025,2106.0,0.0
2021-05-30,2021-05,seasonal_naive,0.15,30,26.0,27.05777729777778,-1.057777297777779,3.720370270370367,1,91.88781293122025,2106.0,0.0
2021-05-30,2021-05,oracle_reference,0.15,30,26.0,22.500000100000005,3.4999998999999953,3.4999998999999953,0,67.99999279999992,2106.0,0.0
2021-05-30,2021-05,retained_model,0.15,60,26.0,27.240909205454546,-1.240909205454546,3.7499998999999953,1,58.82259576984154,2106.0,0.0
2021-05-30,2021-05,seasonal_naive,0.15,60,26.0,27.240909205454546,-1.240909205454546,3.7499998999999953,1,58.82259576984154,2106.0,0.0
2021-05-30,2021-05,oracle_reference,0.15,60,26.0,22.10000010000001,3.8999998999999903,3.8999998999999903,0,78.29998329999898,2106.0,0.0
2021-05-31,2021-05,retained_model,0.0,30,172.0,172.0,0.0,0.0,0,0.0,9674.0,0.0
2021-05-31,2021-05,seasonal_naive,0.0,30,172.0,172.0,0.0,0.0,0,0.0,9674.0,0.0
2021-05-31,2021-05,oracle_reference,0.0,30,172.0,172.0,0.0,0.0,0,0.0,9674.0,0.0
2021-05-31,2021-05,retained_model,0.0,60,172.0,172.0,0.0,0.0,0,0.0,9674.0,0.0
2021-05-31,2021-05,seasonal_naive,0.0,60,172.0,172.0,0.0,0.0,0,0.0,9674.0,0.0
2021-05-31,2021-05,oracle_reference,0.0,60,172.0,172.0,0.0,0.0,0,0.0,9674.0,0.0
2021-05-31,2021-05,retained_model,0.05,30,172.0,173.96707082711166,-1.9670708271116553,8.58356426468427,1,34.02659045026029,9674.0,0.0
2021-05-31,2021-05,seasonal_naive,0.05,30,172.0,176.42882970562877,-4.428829705628772,8.599999899999972,1,34.17635749642003,9674.0,0.0
2021-05-31,2021-05,oracle_reference,0.05,30,172.0,163.8416667666667,8.158333233333309,8.158333233333309,0,81.17499610000013,9674.0,0.0
2021-05-31,2021-05,retained_model,0.05,60,172.0,174.2825163782976,-2.2825163782976006,8.583564264684242,1,28.510734835350714,9674.0,0.0
2021-05-31,2021-05,seasonal_naive,0.05,60,172.0,176.42155698562874,-4.42155698562874,8.5999999,1,34.17635749642029,9674.0,0.0
2021-05-31,2021-05,oracle_reference,0.05,60,172.0,163.40000010000003,8.599999899999972,8.599999899999972,0,71.99999849999956,9674.0,0.0
2021-05-31,2021-05,retained_model,0.1,30,172.0,170.97125555029407,1.0287444497059255,14.78623041569901,0,211.3975877830471,9674.0,0.0
2021-05-31,2021-05,seasonal_naive,0.1,30,172.0,170.25868273532933,1.7413172646706698,14.742857042857139,0,179.63670197534526,9674.0,0.0
2021-05-31,2021-05,oracle_reference,0.1,30,172.0,161.2357143857143,10.764285614285711,10.764285614285711,0,164.12142387142842,9674.0,0.0
2021-05-31,2021-05,retained_model,0.1,60,172.0,168.0,4.0,17.167128629368534,0,219.62530874085752,9674.0,0.0
2021-05-31,2021-05,seasonal_naive,0.1,60,172.0,168.0,4.0,17.199999899999938,0,199.3029665158126,9674.0,0.0
2021-05-31,2021-05,oracle_reference,0.1,60,172.0,156.45000010000004,15.54999989999996,15.54999989999996,0,252.84999549999947,9674.0,0.0
2021-05-31,2021-05,retained_model,0.15,30,172.0,168.77042375694046,3.2295762430595403,16.997956756300255,0,306.7693874357664,9674.0,0.0
2021-05-31,2021-05,seasonal_naive,0.15,30,172.0,168.0,4.0,17.14999990000001,0,291.85565076675186,9674.0,0.0
2021-05-31,2021-05,oracle_reference,0.15,30,172.0,158.81785724285714,13.182142757142856,13.182142757142856,0,265.6928523428585,9674.0,0.0
2021-05-31,2021-05,retained_model,0.15,60,172.0,167.10403568496983,4.89596431503017,23.483079937990453,0,499.8249444233306,9674.0,0.0
2021-05-31,2021-05,seasonal_naive,0.15,60,172.0,163.87598695263162,8.12401304736838,23.731249899999966,0,496.89512669633746,9674.0,0.0
2021-05-31,2021-05,oracle_reference,0.15,60,172.0,151.90000010000003,20.099999899999972,20.099999899999972,0,415.4499952000001,9674.0,0.0
2021-06-01,2021-06,retained_model,0.0,30,195.0,195.0,0.0,0.0,0,0.0,12353.0,0.0
2021-06-01,2021-06,seasonal_naive,0.0,30,195.0,195.0,0.0,0.0,0,0.0,12353.0,0.0
2021-06-01,2021-06,oracle_reference,0.0,30,195.0,195.0,0.0,0.0,0,0.0,12353.0,0.0
2021-06-01,2021-06,retained_model,0.0,60,195.0,195.0,0.0,0.0,0,0.0,12353.0,0.0
2021-06-01,2021-06,seasonal_naive,0.0,60,195.0,195.0,0.0,0.0,0,0.0,12353.0,0.0
2021-06-01,2021-06,oracle_reference,0.0,60,195.0,195.0,0.0,0.0,0,0.0,12353.0,0.0
2021-06-01,2021-06,retained_model,0.05,30,195.0,185.5913603199182,9.40863968008179,8.619070146276613,0,76.25969188584804,12353.0,0.0
2021-06-01,2021-06,seasonal_naive,0.05,30,195.0,195.0,0.0,8.699999900000023,0,35.30492728800069,12353.0,0.0
2021-06-01,2021-06,oracle_reference,0.05,30,195.0,185.2500001,9.749999900000006,9.749999900000006,0,11.499999800000008,12353.0,0.0
2021-06-01,2021-06,retained_model,0.05,60,195.0,185.59136031991815,9.408639680081848,8.61907014627667,0,55.221151466609214,12353.0,0.0
2021-06-01,2021-06,seasonal_naive,0.05,60,195.0,195.0,0.0,8.699999899999995,0,32.963109440727735,12353.0,0.0
2021-06-01,2021-06,oracle_reference,0.05,60,195.0,185.2500001,9.749999900000006,9.749999900000006,0,11.49999980000003,12353.0,0.0
2021-06-01,2021-06,retained_model,0.1,30,195.0,180.88569333805066,14.114306661949342,12.771262415980999,0,240.1941454882387,12353.0,0.0
2021-06-01,2021-06,seasonal_naive,0.1,30,195.0,198.92926840182926,-3.929268401829262,17.399999899999983,1,170.30925835237065,12353.0,0.0
2021-06-01,2021-06,oracle_reference,0.1,30,195.0,175.50000010000014,19.499999899999864,19.499999899999864,0,99.99999839999826,12353.0,0.0
2021-06-01,2021-06,retained_model,0.1,60,195.0,176.08117842315065,18.918821576849354,17.01067624747361,0,338.1303385462136,12353.0,0.0
2021-06-01,2021-06,seasonal_naive,0.1,60,195.0,198.92926840182926,-3.929268401829262,17.39999990000001,1,126.57895795994479,12353.0,0.0
2021-06-01,2021-06,oracle_reference,0.1,60,195.0,175.5000001,19.499999900000006,19.499999900000006,0,69.49999890000007,12353.0,0.0
2021-06-01,2021-06,retained_model,0.15,30,195.0,178.52387941249395,16.476120587506045,14.855282717877657,0,361.93153035157803,12353.0,0.0
2021-06-01,2021-06,seasonal_naive,0.15,30,195.0,193.57982315616096,1.4201768438390445,21.453333233333325,0,361.9257904162795,12353.0,0.0
2021-06-01,2021-06,oracle_reference,0.15,30,195.0,168.5642858142857,26.43571418571429,26.43571418571429,0,268.664279514286,12353.0,0.0
2021-06-01,2021-06,retained_model,0.15,60,195.0,171.3312754081452,23.66872459185481,21.173520394228802,0,561.5311659676713,12353.0,0.0
2021-06-01,2021-06,seasonal_naive,0.15,60,195.0,188.50000012745102,6.499999872548983,26.099999899999972,0,442.1528222819665,12353.0,0.0
2021-06-01,2021-06,oracle_reference,0.15,60,195.0,165.7500001,29.249999900000006,29.249999900000006,0,245.74999690000024,12353.0,0.0
2021-06-02,2021-06,retained_model,0.0,30,191.0,191.0,0.0,0.0,0,0.0,12415.0,0.0
2021-06-02,2021-06,seasonal_naive,0.0,30,191.0,191.0,0.0,0.0,0,0.0,12415.0,0.0
2021-06-02,2021-06,oracle_reference,0.0,30,191.0,191.0,0.0,0.0,0,0.0,12415.0,0.0
2021-06-02,2021-06,retained_model,0.0,60,191.0,191.0,0.0,0.0,0,0.0,12415.0,0.0
2021-06-02,2021-06,seasonal_naive,0.0,60,191.0,191.0,0.0,0.0,0,0.0,12415.0,0.0
2021-06-02,2021-06,oracle_reference,0.0,60,191.0,191.0,0.0,0.0,0,0.0,12415.0,0.0
2021-06-02,2021-06,retained_model,0.05,30,191.0,189.0,2.0,7.563566965229967,0,21.52285112741331,12415.0,0.0
2021-06-02,2021-06,seasonal_naive,0.05,30,191.0,192.91352178614463,-1.9135217861446279,8.299999900000017,1,59.627755441308324,12415.0,0.0
2021-06-02,2021-06,oracle_reference,0.05,30,191.0,181.45000009999998,9.549999900000017,9.549999900000017,0,29.749999500000065,12415.0,0.0
2021-06-02,2021-06,retained_model,0.05,60,191.0,189.0,2.0,7.563566965229882,0,21.5228511274127,12415.0,0.0
2021-06-02,2021-06,seasonal_naive,0.05,60,191.0,194.64094924183073,-3.640949241830725,8.299999899999989,1,59.627755441308295,12415.0,0.0
2021-06-02,2021-06,oracle_reference,0.05,60,191.0,181.45000009999998,9.549999900000017,9.549999900000017,0,29.749999500000065,12415.0,0.0
2021-06-02,2021-06,retained_model,0.1,30,191.0,186.60364979063306,4.396350209366943,13.823742038837366,0,181.28706259639802,12415.0,0.0
2021-06-02,2021-06,seasonal_naive,0.1,30,191.0,192.4780227446235,-1.4780227446235017,16.5999999,1,270.45042882011245,12415.0,1.8189894035458565e-12
2021-06-02,2021-06,oracle_reference,0.1,30,191.0,171.9000001,19.0999999,19.0999999,0,199.99999609999998,12415.0,0.0
2021-06-02,2021-06,retained_model,0.1,60,191.0,184.8341194092813,6.1658805907187,15.127134030459786,0,166.83011672163747,12415.0,0.0
2021-06-02,2021-06,seasonal_naive,0.1,60,191.0,192.51018577655304,-1.510185776553044,16.599999899999972,1,203.6960714739812,12415.0,0.0
2021-06-02,2021-06,oracle_reference,0.1,60,191.0,171.90000009999997,19.09999990000003,19.09999990000003,0,142.89999810000046,12415.0,0.0
2021-06-02,2021-06,retained_model,0.15,30,191.0,184.03177716938703,6.968222830612973,15.71811933426659,0,269.84586248069104,12415.0,0.0
2021-06-02,2021-06,seasonal_naive,0.15,30,191.0,188.62935586521473,2.370644134785266,18.733333233333298,0,401.1466190042471,12415.0,0.0
2021-06-02,2021-06,oracle_reference,0.15,30,191.0,166.48571438571432,24.514285614285683,24.514285614285683,0,532.1642744142854,12415.0,1.8189894035458565e-12
2021-06-02,2021-06,retained_model,0.15,60,191.0,187.3777089711989,3.6222910288011008,21.337581143288702,0,382.3816037468139,12415.0,0.0
2021-06-02,2021-06,seasonal_naive,0.15,60,191.0,180.57612510466666,10.423874895333341,24.806249899999983,0,636.5391311748299,12415.0,0.0
2021-06-02,2021-06,oracle_reference,0.15,60,191.0,162.35000010000002,28.649999899999983,28.649999899999983,0,480.49999470000057,12415.0,0.0
2021-06-03,2021-06,retained_model,0.0,30,181.0,181.0,0.0,0.0,0,0.0,12218.0,0.0
2021-06-03,2021-06,seasonal_naive,0.0,30,181.0,181.0,0.0,0.0,0,0.0,12218.0,0.0
2021-06-03,2021-06,oracle_reference,0.0,30,181.0,181.0,0.0,0.0,0,0.0,12218.0,0.0
2021-06-03,2021-06,retained_model,0.0,60,181.0,181.0,0.0,0.0,0,0.0,12218.0,0.0
2021-06-03,2021-06,seasonal_naive,0.0,60,181.0,181.0,0.0,0.0,0,0.0,12218.0,0.0
2021-06-03,2021-06,oracle_reference,0.0,60,181.0,181.0,0.0,0.0,0,0.0,12218.0,0.0
2021-06-03,2021-06,retained_model,0.05,30,181.0,175.9943488459242,5.005651154075792,8.395209221183336,0,101.36452328973778,12218.0,0.0
2021-06-03,2021-06,seasonal_naive,0.05,30,181.0,174.0,7.0,8.799999900000017,0,9.8119045638258,12218.0,0.0
2021-06-03,2021-06,oracle_reference,0.05,30,181.0,171.9500001,9.049999899999989,9.049999899999989,0,11.149999699999967,12218.0,0.0
2021-06-03,2021-06,retained_model,0.05,60,181.0,174.87752857532553,6.1224714246744725,8.4532670092089,0,70.57519095015535,12218.0,0.0
2021-06-03,2021-06,seasonal_naive,0.05,60,181.0,178.0499998971591,2.950000102840903,8.799999900000017,0,9.8119045638258,12218.0,0.0
2021-06-03,2021-06,oracle_reference,0.05,60,181.0,171.95000009999998,9.049999900000017,9.049999900000017,0,11.149999700000043,12218.0,0.0
2021-06-03,2021-06,retained_model,0.1,30,181.0,172.6035553982417,8.396444601758304,11.216430152082467,0,196.10941154599817,12218.0,0.0
2021-06-03,2021-06,seasonal_naive,0.1,30,181.0,194.71959192423117,-13.719591924231167,17.599999899999858,1,115.4352028634542,12218.0,0.0
2021-06-03,2021-06,oracle_reference,0.1,30,181.0,162.9000001,18.0999999,18.0999999,0,113.19999780000006,12218.0,0.0
2021-06-03,2021-06,retained_model,0.1,60,181.0,172.653650721979,8.346349278020995,15.629969982634321,0,283.8329401608972,12218.0,0.0
2021-06-03,2021-06,seasonal_naive,0.1,60,181.0,181.82891555963855,-0.8289155596385456,17.5999999,1,104.05571620448268,12218.0,0.0
2021-06-03,2021-06,oracle_reference,0.1,60,181.0,162.9000001,18.0999999,18.0999999,0,80.39999860000003,12218.0,0.0
2021-06-03,2021-06,retained_model,0.15,30,181.0,172.41252841582798,8.587471584172022,13.417234535818352,0,307.02291333652823,12218.0,0.0
2021-06-03,2021-06,seasonal_naive,0.15,30,181.0,197.21181659735862,-16.21181659735862,24.43076913076925,1,360.6392897672167,12218.0,0.0
2021-06-03,2021-06,oracle_reference,0.15,30,181.0,158.15937510000003,22.840624899999966,22.840624899999966,0,340.0343662999996,12218.0,0.0
2021-06-03,2021-06,retained_model,0.15,60,181.0,178.79130198661167,2.2086980133883287,20.037544281646092,0,477.3143179994737,12218.0,0.0
2021-06-03,2021-06,seasonal_naive,0.15,60,181.0,200.65514878254555,-19.655148782545552,26.39999990000001,1,299.08394279009815,12218.0,0.0
2021-06-03,2021-06,oracle_reference,0.15,60,181.0,153.85000010000002,27.149999899999983,27.149999899999983,0,379.94999460000054,12218.0,0.0
2021-06-04,2021-06,retained_model,0.0,30,173.0,173.0,0.0,0.0,0,0.0,11659.0,0.0
2021-06-04,2021-06,seasonal_naive,0.0,30,173.0,173.0,0.0,0.0,0,0.0,11659.0,0.0
2021-06-04,2021-06,oracle_reference,0.0,30,173.0,173.0,0.0,0.0,0,0.0,11659.0,0.0
2021-06-04,2021-06,retained_model,0.0,60,173.0,173.0,0.0,0.0,0,0.0,11659.0,0.0
2021-06-04,2021-06,seasonal_naive,0.0,60,173.0,173.0,0.0,0.0,0,0.0,11659.0,0.0
2021-06-04,2021-06,oracle_reference,0.0,60,173.0,173.0,0.0,0.0,0,0.0,11659.0,0.0
2021-06-04,2021-06,retained_model,0.05,30,173.0,165.765000993947,7.234999006052988,8.23486898539565,0,109.04244846777115,11659.0,0.0
2021-06-04,2021-06,seasonal_naive,0.05,30,173.0,173.0,0.0,8.749999900000006,0,20.805423692516772,11659.0,0.0
2021-06-04,2021-06,oracle_reference,0.05,30,173.0,164.35000010000002,8.649999899999983,8.649999899999983,0,13.949999699999955,11659.0,0.0
2021-06-04,2021-06,retained_model,0.05,60,173.0,166.09909007442724,6.900909925572762,8.234868985395678,0,75.99346401843438,11659.0,0.0
2021-06-04,2021-06,seasonal_naive,0.05,60,173.0,173.21802334302325,-0.21802334302324766,8.749999900000006,1,20.805423692516772,11659.0,0.0
2021-06-04,2021-06,oracle_reference,0.05,60,173.0,164.3500001,8.649999900000012,8.649999900000012,0,13.94999970000003,11659.0,0.0
2021-06-04,2021-06,retained_model,0.1,30,173.0,169.1029337842805,3.897066215719491,11.352053445349242,0,203.24508788432996,11659.0,0.0
2021-06-04,2021-06,seasonal_naive,0.1,30,173.0,166.41509440838087,6.584905591619133,17.499999899999978,0,132.2739082947947,11659.0,0.0
2021-06-04,2021-06,oracle_reference,0.1,30,173.0,155.70000009999998,17.299999900000017,17.299999900000017,0,73.39999720000046,11659.0,0.0
2021-06-04,2021-06,retained_model,0.1,60,173.0,167.93712650318582,5.062873496814177,15.651178317067092,0,264.966335066366,11659.0,0.0
2021-06-04,2021-06,seasonal_naive,0.1,60,173.0,166.41509444528302,6.584905554716983,17.499999900000006,0,106.84243041073674,11659.0,0.0
2021-06-04,2021-06,oracle_reference,0.1,60,173.0,155.7000001,17.29999989999999,17.29999989999999,0,65.5999988000002,11659.0,0.0
2021-06-04,2021-06,retained_model,0.15,30,173.0,165.6770591160677,7.32294088393229,13.492630331975874,0,295.13112200729176,11659.0,0.0
2021-06-04,2021-06,seasonal_naive,0.15,30,173.0,162.94943406792456,10.050565932075443,20.77999989999995,0,246.58630008322692,11659.0,0.0
2021-06-04,2021-06,oracle_reference,0.15,30,173.0,149.74666676666666,23.253333233333336,23.253333233333336,0,338.2233266333335,11659.0,-1.8189894035458565e-12
2021-06-04,2021-06,retained_model,0.15,60,173.0,164.06268840128257,8.937311598717429,19.941317639552636,0,435.6977743587036,11659.0,0.0
2021-06-04,2021-06,seasonal_naive,0.15,60,173.0,157.1698114264151,15.830188573584905,26.249999899999978,0,346.8709063542103,11659.0,0.0
2021-06-04,2021-06,oracle_reference,0.15,60,173.0,147.05000009999995,25.94999990000005,25.94999990000005,0,322.099996200002,11659.0,0.0
2021-06-05,2021-06,retained_model,0.0,30,116.0,116.0,0.0,0.0,0,0.0,4441.0,0.0
2021-06-05,2021-06,seasonal_naive,0.0,30,116.0,116.0,0.0,0.0,0,0.0,4441.0,0.0
2021-06-05,2021-06,oracle_reference,0.0,30,116.0,116.0,0.0,0.0,0,0.0,4441.0,0.0
2021-06-05,2021-06,retained_model,0.0,60,116.0,116.0,0.0,0.0,0,0.0,4441.0,0.0
2021-06-05,2021-06,seasonal_naive,0.0,60,116.0,116.0,0.0,0.0,0,0.0,4441.0,0.0
2021-06-05,2021-06,oracle_reference,0.0,60,116.0,116.0,0.0,0.0,0,0.0,4441.0,0.0
2021-06-05,2021-06,retained_model,0.05,30,116.0,116.0,0.0,5.670216871055331,0,18.689474466470454,4441.0,0.0
2021-06-05,2021-06,seasonal_naive,0.05,30,116.0,119.85467300280374,-3.854673002803736,5.3499999,1,22.062655185595144,4441.0,0.0
2021-06-05,2021-06,oracle_reference,0.05,30,116.0,110.2000001,5.799999900000003,5.799999900000003,0,9.399999700000015,4441.0,0.0
2021-06-05,2021-06,retained_model,0.05,60,116.0,116.0,0.0,5.670216871055317,0,18.689474466470347,4441.0,0.0
2021-06-05,2021-06,seasonal_naive,0.05,60,116.0,116.0,0.0,5.3499999,0,22.062655185595155,4441.0,0.0
2021-06-05,2021-06,oracle_reference,0.05,60,116.0,110.2000001,5.799999900000003,5.799999900000003,0,9.399999700000015,4441.0,0.0
2021-06-05,2021-06,retained_model,0.1,30,116.0,112.41135681399074,3.5886431860092642,10.897570520943901,0,143.27564605436316,4441.0,0.0
2021-06-05,2021-06,seasonal_naive,0.1,30,116.0,113.33612463969706,2.6638753603029386,10.699999900000051,0,111.9235707380787,4441.0,0.0
2021-06-05,2021-06,oracle_reference,0.1,30,116.0,104.40000010000001,11.599999899999986,11.599999899999986,0,75.59999789999972,4441.0,0.0
2021-06-05,2021-06,retained_model,0.1,60,116.0,111.31973032717308,4.680269672826924,11.340433842110599,0,100.17279838619541,4441.0,0.0
2021-06-05,2021-06,seasonal_naive,0.1,60,116.0,113.98775522040816,2.012244779591839,10.699999899999995,0,79.51175960547346,4441.0,0.0
2021-06-05,2021-06,oracle_reference,0.1,60,116.0,104.4000001,11.5999999,11.5999999,0,63.39999859999999,4441.0,0.0
2021-06-05,2021-06,retained_model,0.15,30,116.0,110.8789147397719,5.121085260228099,12.31932117995224,0,198.06155236352453,4441.0,0.0
2021-06-05,2021-06,seasonal_naive,0.15,30,116.0,109.93904919640683,6.0609508035931725,12.73999990000003,0,215.4126085052376,4441.0,0.0
2021-06-05,2021-06,oracle_reference,0.15,30,116.0,101.82500010000001,14.174999899999989,14.174999899999989,0,178.1999940000002,4441.0,0.0
2021-06-05,2021-06,retained_model,0.15,60,116.0,107.18558446431108,8.814415535688923,15.680163829546913,0,276.01837030543476,4441.0,0.0
2021-06-05,2021-06,seasonal_naive,0.15,60,116.0,107.72494584434786,8.275054155652143,15.581249899999975,0,281.5144205999326,4441.0,0.0
2021-06-05,2021-06,oracle_reference,0.15,60,116.0,98.60000009999999,17.39999990000001,17.39999990000001,0,258.2499946000014,4441.0,0.0
2021-06-06,2021-06,retained_model,0.0,30,27.0,27.0,0.0,0.0,0,0.0,2186.0,0.0
2021-06-06,2021-06,seasonal_naive,0.0,30,27.0,27.0,0.0,0.0,0,0.0,2186.0,0.0
2021-06-06,2021-06,oracle_reference,0.0,30,27.0,27.0,0.0,0.0,0,0.0,2186.0,0.0
2021-06-06,2021-06,retained_model,0.0,60,27.0,27.0,0.0,0.0,0,0.0,2186.0,0.0
2021-06-06,2021-06,seasonal_naive,0.0,60,27.0,27.0,0.0,0.0,0,0.0,2186.0,0.0
2021-06-06,2021-06,oracle_reference,0.0,60,27.0,27.0,0.0,0.0,0,0.0,2186.0,0.0
2021-06-06,2021-06,retained_model,0.05,30,27.0,28.099999915384615,-1.0999999153846147,1.2999998999999995,1,11.175998915692295,2186.0,0.0
2021-06-06,2021-06,seasonal_naive,0.05,30,27.0,28.099999915384615,-1.0999999153846147,1.2999998999999995,1,11.175998915692295,2186.0,0.0
2021-06-06,2021-06,oracle_reference,0.05,30,27.0,25.6500001,1.3499999000000003,1.3499999000000003,0,8.799999199999995,2186.0,0.0
2021-06-06,2021-06,retained_model,0.05,60,27.0,27.099999915384615,-0.09999991538461472,1.2999998999999995,1,11.175998915692295,2186.0,0.0
2021-06-06,2021-06,seasonal_naive,0.05,60,27.0,27.099999915384615,-0.09999991538461472,1.2999998999999995,1,11.175998915692295,2186.0,0.0
2021-06-06,2021-06,oracle_reference,0.05,60,27.0,25.6500001,1.3499999000000003,1.3499999000000003,0,8.799999199999991,2186.0,0.0
2021-06-06,2021-06,retained_model,0.1,30,27.0,29.030769315384614,-2.030769315384614,2.5999999000000003,1,30.271998082358973,2186.0,0.0
2021-06-06,2021-06,seasonal_naive,0.1,30,27.0,29.030769315384614,-2.030769315384614,2.5999999000000003,1,30.271998082358973,2186.0,0.0
2021-06-06,2021-06,oracle_reference,0.1,30,27.0,24.300000100000002,2.699999899999998,2.699999899999998,0,22.39999879999997,2186.0,0.0
2021-06-06,2021-06,retained_model,0.1,60,27.0,28.18461546923077,-1.1846154692307707,2.5999999000000003,1,28.62199835735898,2186.0,0.0
2021-06-06,2021-06,seasonal_naive,0.1,60,27.0,28.18461546923077,-1.1846154692307707,2.5999999000000003,1,28.62199835735898,2186.0,0.0
2021-06-06,2021-06,oracle_reference,0.1,60,27.0,24.300000100000002,2.699999899999998,2.699999899999998,0,22.39999879999997,2186.0,0.0
2021-06-06,2021-06,retained_model,0.15,30,27.0,28.440000096000002,-1.4400000960000021,3.4999998999999953,1,65.22355207131992,2186.0,0.0
2021-06-06,2021-06,seasonal_naive,0.15,30,27.0,28.440000096000002,-1.4400000960000021,3.4999998999999953,1,65.22355207131992,2186.0,0.0
2021-06-06,2021-06,oracle_reference,0.15,30,27.0,22.95000010000001,4.049999899999989,4.049999899999989,0,78.54998889999916,2186.0,0.0
2021-06-06,2021-06,retained_model,0.15,60,27.0,28.176190557142863,-1.1761905571428635,3.8999998999999903,1,75.07674821753105,2186.0,0.0
2021-06-06,2021-06,seasonal_naive,0.15,60,27.0,28.176190557142863,-1.1761905571428635,3.8999998999999903,1,75.07674821753105,2186.0,0.0
2021-06-06,2021-06,oracle_reference,0.15,60,27.0,22.950000100000008,4.049999899999992,4.049999899999992,0,53.74999649999985,2186.0,0.0
2021-06-07,2021-06,retained_model,0.0,30,182.0,182.0,0.0,0.0,0,0.0,10008.0,0.0
2021-06-07,2021-06,seasonal_naive,0.0,30,182.0,182.0,0.0,0.0,0,0.0,10008.0,0.0
2021-06-07,2021-06,oracle_reference,0.0,30,182.0,182.0,0.0,0.0,0,0.0,10008.0,0.0
2021-06-07,2021-06,retained_model,0.0,60,182.0,182.0,0.0,0.0,0,0.0,10008.0,0.0
2021-06-07,2021-06,seasonal_naive,0.0,60,182.0,182.0,0.0,0.0,0,0.0,10008.0,0.0
2021-06-07,2021-06,oracle_reference,0.0,60,182.0,182.0,0.0,0.0,0,0.0,10008.0,0.0
2021-06-07,2021-06,retained_model,0.05,30,182.0,177.38273243850702,4.61726756149298,8.527726629021402,0,128.29442941521066,10008.0,0.0
2021-06-07,2021-06,seasonal_naive,0.05,30,182.0,182.0,0.0,8.158333233333309,0,81.01789592519009,10008.0,0.0
2021-06-07,2021-06,oracle_reference,0.05,30,182.0,172.90000009999994,9.099999900000057,9.099999900000057,0,58.79999820000101,10008.0,0.0
2021-06-07,2021-06,retained_model,0.05,60,182.0,177.5336629958644,4.466337004135596,8.527726629021373,0,85.38224490378008,10008.0,0.0
2021-06-07,2021-06,seasonal_naive,0.05,60,182.0,182.63292672378046,-0.6329267237804572,8.599999899999972,1,71.815282016024,10008.0,0.0
2021-06-07,2021-06,oracle_reference,0.05,60,182.0,172.9000001,9.0999999,9.0999999,0,56.29999869999996,10008.0,0.0
2021-06-07,2021-06,retained_model,0.1,30,182.0,174.35466014693276,7.645339853067242,11.15207311512944,0,230.15044572097253,10008.0,0.0
2021-06-07,2021-06,seasonal_naive,0.1,30,182.0,184.91598421506967,-2.9159842150696704,10.764285614285711,1,166.4672387880284,10008.0,0.0
2021-06-07,2021-06,oracle_reference,0.1,30,182.0,165.88750010000004,16.11249989999996,16.11249989999996,0,266.899991199999,10008.0,0.0
2021-06-07,2021-06,retained_model,0.1,60,182.0,173.07898922996327,8.92101077003673,15.61122547334341,0,341.21496357777943,10008.0,0.0
2021-06-07,2021-06,seasonal_naive,0.1,60,182.0,181.3624204980892,0.6375795019108068,15.54999989999996,0,256.22382131055554,10008.0,0.0
2021-06-07,2021-06,oracle_reference,0.1,60,182.0,163.8000001,18.199999899999995,18.199999899999995,0,249.79999659999976,10008.0,0.0
2021-06-07,2021-06,retained_model,0.15,30,182.0,173.0,9.0,13.393369807198042,0,345.9992961226968,10008.0,0.0
2021-06-07,2021-06,seasonal_naive,0.15,30,182.0,183.9176177013066,-1.9176177013065967,13.182142757142856,1,271.1610673849565,10008.0,0.0
2021-06-07,2021-06,oracle_reference,0.15,30,182.0,162.88437510000009,19.115624899999915,19.115624899999915,0,459.50624099999493,10008.0,0.0
2021-06-07,2021-06,retained_model,0.15,60,182.0,170.67282869584983,11.32717130415017,19.97785923376418,0,563.4978017626784,10008.0,0.0
2021-06-07,2021-06,seasonal_naive,0.15,60,182.0,180.29245294025156,1.7075470597484355,20.099999899999972,0,423.32517968469494,10008.0,0.0
2021-06-07,2021-06,oracle_reference,0.15,60,182.0,156.50000010000005,25.49999989999995,25.49999989999995,0,603.1999911999981,10008.0,0.0
2021-06-08,2021-06,retained_model,0.0,30,180.0,180.0,0.0,0.0,0,0.0,12041.0,0.0
2021-06-08,2021-06,seasonal_naive,0.0,30,180.0,180.0,0.0,0.0,0,0.0,12041.0,0.0
2021-06-08,2021-06,oracle_reference,0.0,30,180.0,180.0,0.0,0.0,0,0.0,12041.0,0.0
2021-06-08,2021-06,retained_model,0.0,60,180.0,180.0,0.0,0.0,0,0.0,12041.0,0.0
2021-06-08,2021-06,seasonal_naive,0.0,60,180.0,180.0,0.0,0.0,0,0.0,12041.0,0.0
2021-06-08,2021-06,oracle_reference,0.0,60,180.0,180.0,0.0,0.0,0,0.0,12041.0,0.0
2021-06-08,2021-06,retained_model,0.05,30,180.0,179.5301180338482,0.469881966151803,7.338153252022124,0,100.05685660114727,12041.0,0.0
2021-06-08,2021-06,seasonal_naive,0.05,30,180.0,180.0,0.0,9.749999900000006,0,9.403743153242841,12041.0,0.0
2021-06-08,2021-06,oracle_reference,0.05,30,180.0,171.0000001,8.999999900000006,8.999999900000006,0,18.999999600000024,12041.0,0.0
2021-06-08,2021-06,retained_model,0.05,60,180.0,178.39014433059023,1.609855669409768,8.352254459502376,0,93.41975280245063,12041.0,0.0
2021-06-08,2021-06,seasonal_naive,0.05,60,180.0,180.0,0.0,9.749999900000006,0,9.403743153242859,12041.0,0.0
2021-06-08,2021-06,oracle_reference,0.05,60,180.0,171.0000001,8.999999900000006,8.999999900000006,0,18.999999600000045,12041.0,0.0
2021-06-08,2021-06,retained_model,0.1,30,180.0,176.84911669876277,3.1508833012372293,9.723126417101412,0,200.0436051128134,12041.0,0.0
2021-06-08,2021-06,seasonal_naive,0.1,30,180.0,180.0,0.0,19.499999899999864,0,83.70817849803774,12041.0,0.0
2021-06-08,2021-06,oracle_reference,0.1,30,180.0,162.0000001,17.999999900000006,17.999999900000006,0,90.9999988000001,12041.0,0.0
2021-06-08,2021-06,retained_model,0.1,60,180.0,172.2006826264898,7.799317373510206,13.858294265370375,0,311.5421562751983,12041.0,0.0
2021-06-08,2021-06,seasonal_naive,0.1,60,180.0,181.63985299320527,-1.6398529932052668,19.499999900000006,1,58.4997783897887,12041.0,0.0
2021-06-08,2021-06,oracle_reference,0.1,60,180.0,162.0000001,17.999999900000006,17.999999900000006,0,90.99999880000014,12041.0,0.0
2021-06-08,2021-06,retained_model,0.15,30,180.0,174.53226077665713,5.467739223342875,11.784162019458165,0,312.5755856813428,12041.0,0.0
2021-06-08,2021-06,seasonal_naive,0.15,30,180.0,180.0,0.0,26.43571418571429,0,237.6164077767845,12041.0,0.0
2021-06-08,2021-06,oracle_reference,0.15,30,180.0,156.52333343333333,23.476666566666665,23.476666566666665,0,347.18665996666664,12041.0,0.0
2021-06-08,2021-06,retained_model,0.15,60,180.0,167.59564514416184,12.404354855838164,17.95485724570426,0,512.9644112498472,12041.0,0.0
2021-06-08,2021-06,seasonal_naive,0.15,60,180.0,180.0,0.0,29.249999900000006,0,214.8048679386527,12041.0,0.0
2021-06-08,2021-06,oracle_reference,0.15,60,180.0,153.00000010000002,26.999999899999978,26.999999899999978,0,357.6999955000002,12041.0,0.0
2021-06-09,2021-06,retained_model,0.0,30,181.0,181.0,0.0,0.0,0,0.0,12179.0,0.0
2021-06-09,2021-06,seasonal_naive,0.0,30,181.0,181.0,0.0,0.0,0,0.0,12179.0,0.0
2021-06-09,2021-06,oracle_reference,0.0,30,181.0,181.0,0.0,0.0,0,0.0,12179.0,0.0
2021-06-09,2021-06,retained_model,0.0,60,181.0,181.0,0.0,0.0,0,0.0,12179.0,0.0
2021-06-09,2021-06,seasonal_naive,0.0,60,181.0,181.0,0.0,0.0,0,0.0,12179.0,0.0
2021-06-09,2021-06,oracle_reference,0.0,60,181.0,181.0,0.0,0.0,0,0.0,12179.0,0.0
2021-06-09,2021-06,retained_model,0.05,30,181.0,184.3885436206369,-3.3885436206369093,8.073486443706003,1,113.67545285028726,12179.0,0.0
2021-06-09,2021-06,seasonal_naive,0.05,30,181.0,184.14712051204188,-3.14712051204188,9.549999900000017,1,26.882189917494756,12179.0,0.0
2021-06-09,2021-06,oracle_reference,0.05,30,181.0,171.95000010000004,9.04999989999996,9.04999989999996,0,51.5499988999996,12179.0,0.0
2021-06-09,2021-06,retained_model,0.05,60,181.0,183.7743931078442,-2.7743931078441904,8.690731652780414,1,93.9125782272994,12179.0,0.0
2021-06-09,2021-06,seasonal_naive,0.05,60,181.0,184.14712051204188,-3.14712051204188,9.549999900000017,1,26.882189917494756,12179.0,0.0
2021-06-09,2021-06,oracle_reference,0.05,60,181.0,171.95000009999998,9.049999900000017,9.049999900000017,0,51.54999890000018,12179.0,0.0
2021-06-09,2021-06,retained_model,0.1,30,181.0,179.5591211893997,1.44087881060031,11.949259946047192,0,256.94029572229726,12179.0,0.0
2021-06-09,2021-06,seasonal_naive,0.1,30,181.0,186.89494179441442,-5.894941794414422,19.0999999,1,188.1091255415076,12179.0,0.0
2021-06-09,2021-06,oracle_reference,0.1,30,181.0,165.83333343333334,15.166666566666663,15.166666566666663,0,222.46666116666802,12179.0,0.0
2021-06-09,2021-06,retained_model,0.1,60,181.0,173.6911568359229,7.308843164077103,16.504472861077744,0,358.2036928016647,12179.0,0.0
2021-06-09,2021-06,seasonal_naive,0.1,60,181.0,187.06613398771012,-6.066133987710117,19.09999990000003,1,133.4870467873412,12179.0,0.0
2021-06-09,2021-06,oracle_reference,0.1,60,181.0,162.90000009999997,18.09999990000003,18.09999990000003,0,243.0999969000009,12179.0,0.0
2021-06-09,2021-06,retained_model,0.15,30,181.0,176.5702798754793,4.429720124520713,14.233063087847029,0,383.77708506779925,12179.0,0.0
2021-06-09,2021-06,seasonal_naive,0.15,30,181.0,183.95524967211705,-2.9552496721170485,24.514285614285683,1,510.6938771532867,12179.0,0.0
2021-06-09,2021-06,oracle_reference,0.15,30,181.0,163.5166667666667,17.483333233333298,17.483333233333298,0,346.36665896666614,12179.0,0.0
2021-06-09,2021-06,retained_model,0.15,60,181.0,170.76759028893798,10.232409711062019,20.858951940587133,0,580.4532866343425,12179.0,0.0
2021-06-09,2021-06,seasonal_naive,0.15,60,181.0,178.57821238547484,2.421787614525158,28.649999899999983,0,460.12099139325574,12179.0,0.0
2021-06-09,2021-06,oracle_reference,0.15,60,181.0,156.92812510000002,24.071874899999983,24.071874899999983,0,498.34999360000086,12179.0,0.0
2021-06-10,2021-06,retained_model,0.0,30,177.0,177.0,0.0,0.0,0,0.0,12103.0,0.0
2021-06-10,2021-06,seasonal_naive,0.0,30,177.0,177.0,0.0,0.0,0,0.0,12103.0,0.0
2021-06-10,2021-06,oracle_reference,0.0,30,177.0,177.0,0.0,0.0,0,0.0,12103.0,0.0
2021-06-10,2021-06,retained_model,0.0,60,177.0,177.0,0.0,0.0,0,0.0,12103.0,0.0
2021-06-10,2021-06,seasonal_naive,0.0,60,177.0,177.0,0.0,0.0,0,0.0,12103.0,0.0
2021-06-10,2021-06,oracle_reference,0.0,60,177.0,177.0,0.0,0.0,0,0.0,12103.0,0.0
2021-06-10,2021-06,retained_model,0.05,30,177.0,170.74037064401608,6.259629355983918,6.15111595905509,0,80.70666674327458,12103.0,0.0
2021-06-10,2021-06,seasonal_naive,0.05,30,177.0,177.0,0.0,9.049999899999989,0,9.734733090063967,12103.0,0.0
2021-06-10,2021-06,oracle_reference,0.05,30,177.0,168.1500001,8.8499999,8.8499999,0,18.2499995,12103.0,0.0
2021-06-10,2021-06,retained_model,0.05,60,177.0,172.96565449486476,4.034345505135235,8.206020187115541,0,107.40246407582063,12103.0,0.0
2021-06-10,2021-06,seasonal_naive,0.05,60,177.0,177.0,0.0,9.049999900000017,0,9.734733090064038,12103.0,0.0
2021-06-10,2021-06,oracle_reference,0.05,60,177.0,168.1500001,8.8499999,8.8499999,0,18.2499995,12103.0,0.0
2021-06-10,2021-06,retained_model,0.1,30,177.0,172.27120943905766,4.728790560942343,10.457221418267181,0,242.56496812775083,12103.0,0.0
2021-06-10,2021-06,seasonal_naive,0.1,30,177.0,176.13285521614063,0.8671447838593735,18.0999999,0,106.81042877427313,12103.0,0.0
2021-06-10,2021-06,oracle_reference,0.1,30,177.0,159.30000010000003,17.699999899999966,17.699999899999966,0,180.29999569999973,12103.0,0.0
2021-06-10,2021-06,retained_model,0.1,60,177.0,167.60475255080627,9.395247449193732,15.294466851084223,0,357.56235348859065,12103.0,0.0
2021-06-10,2021-06,seasonal_naive,0.1,60,177.0,175.81280498597562,1.1871950140243825,18.0999999,0,75.81178871423262,12103.0,0.0
2021-06-10,2021-06,oracle_reference,0.1,60,177.0,159.30000009999995,17.69999990000005,17.69999990000005,0,136.19999740000128,12103.0,0.0
2021-06-10,2021-06,retained_model,0.15,30,177.0,169.87330906238662,7.126690937613375,12.956416839373702,0,371.71692614582327,12103.0,0.0
2021-06-10,2021-06,seasonal_naive,0.15,30,177.0,170.70349984939023,6.2965001506097735,22.840624899999966,0,328.4338512639848,12103.0,0.0
2021-06-10,2021-06,oracle_reference,0.15,30,177.0,156.20666676666667,20.79333323333333,20.79333323333333,0,318.41999280000175,12103.0,0.0
2021-06-10,2021-06,retained_model,0.15,60,177.0,165.6926117310687,11.307388268931305,19.523148000167055,0,559.5914304756027,12103.0,0.0
2021-06-10,2021-06,seasonal_naive,0.15,60,177.0,165.74391026967456,11.256089730325442,27.149999899999983,0,366.21397647058745,12103.0,0.0
2021-06-10,2021-06,oracle_reference,0.15,60,177.0,150.45000010000007,26.549999899999932,26.549999899999932,0,467.54999399999764,12103.0,0.0
2021-06-11,2021-06,retained_model,0.0,30,175.0,175.0,0.0,0.0,0,0.0,12212.0,0.0
2021-06-11,2021-06,seasonal_naive,0.0,30,175.0,175.0,0.0,0.0,0,0.0,12212.0,0.0
2021-06-11,2021-06,oracle_reference,0.0,30,175.0,175.0,0.0,0.0,0,0.0,12212.0,0.0
2021-06-11,2021-06,retained_model,0.0,60,175.0,175.0,0.0,0.0,0,0.0,12212.0,0.0
2021-06-11,2021-06,seasonal_naive,0.0,60,175.0,175.0,0.0,0.0,0,0.0,12212.0,0.0
2021-06-11,2021-06,oracle_reference,0.0,60,175.0,175.0,0.0,0.0,0,0.0,12212.0,0.0
2021-06-11,2021-06,retained_model,0.05,30,175.0,175.08522186584744,-0.08522186584744418,6.4650121390864115,1,75.57868397724411,12212.0,0.0
2021-06-11,2021-06,seasonal_naive,0.05,30,175.0,177.56309514047618,-2.563095140476179,8.649999899999983,1,13.702552769269934,12212.0,0.0
2021-06-11,2021-06,oracle_reference,0.05,30,175.0,166.2500001,8.749999900000006,8.749999900000006,0,47.999998800000085,12212.0,0.0
2021-06-11,2021-06,retained_model,0.05,60,175.0,173.0973715731488,1.9026284268512086,8.373799554244783,0,90.76438065655041,12212.0,0.0
2021-06-11,2021-06,seasonal_naive,0.05,60,175.0,176.3999999028902,-1.3999999028901868,8.649999900000012,1,13.702552769270007,12212.0,0.0
2021-06-11,2021-06,oracle_reference,0.05,60,175.0,166.2500001,8.749999900000006,8.749999900000006,0,43.74999910000007,12212.0,0.0
2021-06-11,2021-06,retained_model,0.1,30,175.0,170.9082380265569,4.091761973443113,9.946168703360513,0,204.49459460596992,12212.0,0.0
2021-06-11,2021-06,seasonal_naive,0.1,30,175.0,188.30875319270572,-13.308753192705723,17.299999900000017,1,74.29449845796802,12212.0,0.0
2021-06-11,2021-06,oracle_reference,0.1,30,175.0,160.9466667666667,14.05333323333329,14.05333323333329,0,169.3799945999992,12212.0,0.0
2021-06-11,2021-06,retained_model,0.1,60,175.0,166.00094449008563,8.99905550991437,14.177980664677676,0,283.2193994705176,12212.0,0.0
2021-06-11,2021-06,seasonal_naive,0.1,60,175.0,188.30009643469583,-13.300096434695831,17.29999989999999,1,66.11758709882676,12212.0,0.0
2021-06-11,2021-06,oracle_reference,0.1,60,175.0,157.50000010000002,17.499999899999978,17.499999899999978,0,207.49999650000018,12212.0,0.0
2021-06-11,2021-06,retained_model,0.15,30,175.0,168.22963829122818,6.770361708771816,12.097155915567186,0,322.65396042804014,12212.0,0.0
2021-06-11,2021-06,seasonal_naive,0.15,30,175.0,177.7657920340088,-2.765792034008797,23.253333233333336,1,357.22155716396264,12212.0,0.0
2021-06-11,2021-06,oracle_reference,0.15,30,175.0,158.68666676666663,16.313333233333367,16.313333233333367,0,271.03666076666866,12212.0,-1.8189894035458565e-12
2021-06-11,2021-06,retained_model,0.15,60,175.0,166.93538499594652,8.06461500405348,18.251041961124173,0,463.6240822885957,12212.0,0.0
2021-06-11,2021-06,seasonal_naive,0.15,60,175.0,174.58545978863194,0.4145402113680632,25.94999990000005,0,339.2771329926976,12212.0,0.0
2021-06-11,2021-06,oracle_reference,0.15,60,175.0,152.24062510000005,22.759374899999955,22.759374899999955,0,435.790618699999,12212.0,0.0
2021-06-12,2021-06,retained_model,0.0,30,113.0,113.0,0.0,0.0,0,0.0,4529.0,0.0
2021-06-12,2021-06,seasonal_naive,0.0,30,113.0,113.0,0.0,0.0,0,0.0,4529.0,0.0
2021-06-12,2021-06,oracle_reference,0.0,30,113.0,113.0,0.0,0.0,0,0.0,4529.0,0.0
2021-06-12,2021-06,retained_model,0.0,60,113.0,113.0,0.0,0.0,0,0.0,4529.0,0.0
2021-06-12,2021-06,seasonal_naive,0.0,60,113.0,113.0,0.0,0.0,0,0.0,4529.0,0.0
2021-06-12,2021-06,oracle_reference,0.0,60,113.0,113.0,0.0,0.0,0,0.0,4529.0,0.0
2021-06-12,2021-06,retained_model,0.05,30,113.0,113.0,0.0,5.40086011501397,0,29.607886234377688,4529.0,0.0
2021-06-12,2021-06,seasonal_naive,0.05,30,113.0,113.0,0.0,5.799999900000003,0,8.96755532918479,4529.0,0.0
2021-06-12,2021-06,oracle_reference,0.05,30,113.0,107.35000009999999,5.649999900000012,5.649999900000012,0,29.849999100000108,4529.0,0.0
2021-06-12,2021-06,retained_model,0.05,60,113.0,114.28533415003298,-1.2853341500329805,5.400860115013899,1,29.60788623437712,4529.0,0.0
2021-06-12,2021-06,seasonal_naive,0.05,60,113.0,113.0,0.0,5.799999900000003,0,8.96755532918479,4529.0,0.0
2021-06-12,2021-06,oracle_reference,0.05,60,113.0,107.35000009999996,5.64999990000004,5.64999990000004,0,29.849999100000367,4529.0,0.0
2021-06-12,2021-06,retained_model,0.1,30,113.0,110.0268749608563,2.973125039143696,9.259817184976455,0,135.05356943829338,4529.0,0.0
2021-06-12,2021-06,seasonal_naive,0.1,30,113.0,117.04436995112908,-4.0443699511290845,11.599999899999986,1,74.33679013188791,4529.0,0.0
2021-06-12,2021-06,oracle_reference,0.1,30,113.0,104.00666676666667,8.993333233333331,8.993333233333331,0,113.35332663333412,4529.0,0.0
2021-06-12,2021-06,retained_model,0.1,60,113.0,108.7923996538145,4.207600346185501,10.801720330027791,0,131.61518476938363,4529.0,0.0
2021-06-12,2021-06,seasonal_naive,0.1,60,113.0,114.49729712432432,-1.4972971243243194,11.5999999,1,61.74305692404094,4529.0,0.0
2021-06-12,2021-06,oracle_reference,0.1,60,113.0,101.70000010000001,11.299999899999989,11.299999899999989,0,135.5999963000001,4529.0,0.0
2021-06-12,2021-06,retained_model,0.15,30,113.0,108.67623367393567,4.32376632606433,10.64139202190826,0,210.16179109062423,4529.0,0.0
2021-06-12,2021-06,seasonal_naive,0.15,30,113.0,113.3081081945946,-0.3081081945945954,14.174999899999989,1,178.72042493904866,4529.0,0.0
2021-06-12,2021-06,oracle_reference,0.15,30,113.0,102.54333343333332,10.456666566666684,10.456666566666684,0,174.7099931000012,4529.0,0.0
2021-06-12,2021-06,retained_model,0.15,60,113.0,105.70001358047728,7.299986419522725,13.579514736309818,0,279.19740003390643,4529.0,0.0
2021-06-12,2021-06,seasonal_naive,0.15,60,113.0,111.62702743783773,1.3729725621622748,17.39999990000001,0,259.4524166403347,4529.0,0.0
2021-06-12,2021-06,oracle_reference,0.15,60,113.0,98.25937510000001,14.740624899999986,14.740624899999986,0,288.3843663,4529.0,0.0
2021-06-13,2021-06,retained_model,0.0,30,27.0,27.0,0.0,0.0,0,0.0,2183.0,0.0
2021-06-13,2021-06,seasonal_naive,0.0,30,27.0,27.0,0.0,0.0,0,0.0,2183.0,0.0
2021-06-13,2021-06,oracle_reference,0.0,30,27.0,27.0,0.0,0.0,0,0.0,2183.0,0.0
2021-06-13,2021-06,retained_model,0.0,60,27.0,27.0,0.0,0.0,0,0.0,2183.0,0.0
2021-06-13,2021-06,seasonal_naive,0.0,60,27.0,27.0,0.0,0.0,0,0.0,2183.0,0.0
2021-06-13,2021-06,oracle_reference,0.0,60,27.0,27.0,0.0,0.0,0,0.0,2183.0,0.0
2021-06-13,2021-06,retained_model,0.05,30,27.0,27.0,0.0,1.3499999000000003,0,7.3057685613960075,2183.0,0.0
2021-06-13,2021-06,seasonal_naive,0.05,30,27.0,27.0,0.0,1.3499999000000003,0,7.3057685613960075,2183.0,0.0
2021-06-13,2021-06,oracle_reference,0.05,30,27.0,25.6500001,1.3499999000000003,1.3499999000000003,0,6.799999199999991,2183.0,0.0
2021-06-13,2021-06,retained_model,0.05,60,27.0,27.0,0.0,1.3499999000000003,0,7.305768561396004,2183.0,0.0
2021-06-13,2021-06,seasonal_naive,0.05,60,27.0,27.0,0.0,1.3499999000000003,0,7.305768561396004,2183.0,0.0
2021-06-13,2021-06,oracle_reference,0.05,60,27.0,25.6500001,1.3499999000000003,1.3499999000000003,0,6.799999199999991,2183.0,0.0
2021-06-13,2021-06,retained_model,0.1,30,27.0,27.0,0.0,2.699999899999998,0,18.83430666693445,2183.0,0.0
2021-06-13,2021-06,seasonal_naive,0.1,30,27.0,27.0,0.0,2.699999899999998,0,18.83430666693445,2183.0,0.0
2021-06-13,2021-06,oracle_reference,0.1,30,27.0,24.300000100000002,2.699999899999998,2.699999899999998,0,20.39999879999997,2183.0,0.0
2021-06-13,2021-06,retained_model,0.1,60,27.0,27.0,0.0,2.699999899999998,0,18.83430666693445,2183.0,0.0
2021-06-13,2021-06,seasonal_naive,0.1,60,27.0,27.0,0.0,2.699999899999998,0,18.83430666693445,2183.0,0.0
2021-06-13,2021-06,oracle_reference,0.1,60,27.0,24.3000001,2.6999999000000017,2.6999999000000017,0,20.399998800000017,2183.0,0.0
2021-06-13,2021-06,retained_model,0.15,30,27.0,27.59090790909082,-0.59090790909082,4.049999899999989,1,72.12839501826602,2183.0,0.0
2021-06-13,2021-06,seasonal_naive,0.15,30,27.0,27.59090790909082,-0.59090790909082,4.049999899999989,1,72.12839501826602,2183.0,0.0
2021-06-13,2021-06,oracle_reference,0.15,30,27.0,22.9500001,4.0499998999999995,4.0499998999999995,0,71.84998829999995,2183.0,4.547473508864641e-13
2021-06-13,2021-06,retained_model,0.15,60,27.0,27.86666676666667,-0.8666667666666683,4.049999899999992,1,47.21706026542932,2183.0,0.0
2021-06-13,2021-06,seasonal_naive,0.15,60,27.0,27.86666676666667,-0.8666667666666683,4.049999899999992,1,47.21706026542932,2183.0,0.0
2021-06-13,2021-06,oracle_reference,0.15,60,27.0,22.950000100000008,4.049999899999992,4.049999899999992,0,47.84999429999979,2183.0,0.0
2021-06-14,2021-06,retained_model,0.0,30,204.0,204.0,0.0,0.0,0,0.0,10776.0,0.0
2021-06-14,2021-06,seasonal_naive,0.0,30,204.0,204.0,0.0,0.0,0,0.0,10776.0,0.0
2021-06-14,2021-06,oracle_reference,0.0,30,204.0,204.0,0.0,0.0,0,0.0,10776.0,0.0
2021-06-14,2021-06,retained_model,0.0,60,204.0,204.0,0.0,0.0,0,0.0,10776.0,0.0
2021-06-14,2021-06,seasonal_naive,0.0,60,204.0,204.0,0.0,0.0,0,0.0,10776.0,0.0
2021-06-14,2021-06,oracle_reference,0.0,60,204.0,204.0,0.0,0.0,0,0.0,10776.0,0.0
2021-06-14,2021-06,retained_model,0.05,30,204.0,196.13882256770074,7.861177432299257,7.224962393830964,0,122.65595836879841,10776.0,0.0
2021-06-14,2021-06,seasonal_naive,0.05,30,204.0,193.80000011208784,10.199999887912156,9.099999900000057,0,61.59472808654289,10776.0,0.0
2021-06-14,2021-06,oracle_reference,0.05,30,204.0,193.8000001,10.199999899999995,10.199999899999995,0,13.399999799999991,10776.0,0.0
2021-06-14,2021-06,retained_model,0.05,60,204.0,194.4916258320487,9.508374167951303,8.610531275326736,0,118.1470424390372,10776.0,0.0
2021-06-14,2021-06,seasonal_naive,0.05,60,204.0,193.8000001120879,10.1999998879121,9.0999999,0,59.00597120784357,10776.0,0.0
2021-06-14,2021-06,oracle_reference,0.05,60,204.0,193.8000001,10.199999899999995,10.199999899999995,0,13.399999799999991,10776.0,0.0
2021-06-14,2021-06,retained_model,0.1,30,204.0,193.28797506250743,10.712024937492572,9.623003564985964,0,211.32648543880902,10776.0,0.0
2021-06-14,2021-06,seasonal_naive,0.1,30,204.0,188.23438534459314,15.765614655406864,16.11249989999996,0,278.6971074176356,10776.0,0.0
2021-06-14,2021-06,oracle_reference,0.1,30,204.0,183.60000010000002,20.399999899999983,20.399999899999983,0,83.59999859999976,10776.0,0.0
2021-06-14,2021-06,retained_model,0.1,60,204.0,187.40958865672982,16.590411343270176,14.155236281681567,0,315.98419629052387,10776.0,0.0
2021-06-14,2021-06,seasonal_naive,0.1,60,204.0,186.30736671740104,17.692633282598962,18.199999899999995,0,261.09011386233794,10776.0,0.0
2021-06-14,2021-06,oracle_reference,0.1,60,204.0,183.6000001,20.39999990000001,20.39999990000001,0,77.39999890000016,10776.0,0.0
2021-06-14,2021-06,retained_model,0.15,30,204.0,189.39264042336808,14.607359576631922,11.907762110239588,0,328.3432666256115,10776.0,0.0
2021-06-14,2021-06,seasonal_naive,0.15,30,204.0,184.51139205830347,19.48860794169653,19.115624899999915,0,483.3261416385729,10776.0,0.0
2021-06-14,2021-06,oracle_reference,0.15,30,204.0,173.4000001,30.5999999,30.5999999,0,439.9999895000001,10776.0,0.0
2021-06-14,2021-06,retained_model,0.15,60,204.0,182.0,22.0,18.70611118528302,0,548.3511039843434,10776.0,0.0
2021-06-14,2021-06,seasonal_naive,0.15,60,204.0,184.63245043642385,19.367549563576148,25.49999989999995,0,637.2060302155298,10776.0,0.0
2021-06-14,2021-06,oracle_reference,0.15,60,204.0,173.40000010000003,30.599999899999972,30.599999899999972,0,274.5999964,10776.0,0.0
2021-06-15,2021-06,retained_model,0.0,30,198.0,198.0,0.0,0.0,0,0.0,13231.0,0.0
2021-06-15,2021-06,seasonal_naive,0.0,30,198.0,198.0,0.0,0.0,0,0.0,13231.0,0.0
2021-06-15,2021-06,oracle_reference,0.0,30,198.0,198.0,0.0,0.0,0,0.0,13231.0,0.0
2021-06-15,2021-06,retained_model,0.0,60,198.0,198.0,0.0,0.0,0,0.0,13231.0,0.0
2021-06-15,2021-06,seasonal_naive,0.0,60,198.0,198.0,0.0,0.0,0,0.0,13231.0,0.0
2021-06-15,2021-06,oracle_reference,0.0,60,198.0,198.0,0.0,0.0,0,0.0,13231.0,0.0
2021-06-15,2021-06,retained_model,0.05,30,198.0,194.86016914970043,3.1398308502995746,9.35124268505308,0,52.204946847158354,13231.0,0.0
2021-06-15,2021-06,seasonal_naive,0.05,30,198.0,198.0,0.0,8.999999900000006,0,18.680283911747587,13231.0,0.0
2021-06-15,2021-06,oracle_reference,0.05,30,198.0,188.1000000999999,9.899999900000097,9.899999900000097,0,24.69999970000032,13231.0,0.0
2021-06-15,2021-06,retained_model,0.05,60,198.0,194.86016914969983,3.1398308503001715,9.351242685053649,0,33.39576315258419,13231.0,0.0
2021-06-15,2021-06,seasonal_naive,0.05,60,198.0,198.0,0.0,8.999999900000006,0,18.68028391174761,13231.0,0.0
2021-06-15,2021-06,oracle_reference,0.05,60,198.0,188.1000001,9.899999900000012,9.899999900000012,0,24.699999700000042,13231.0,0.0
2021-06-15,2021-06,retained_model,0.1,30,198.0,187.2855179794991,10.714482020500895,15.57025194850425,0,226.02686069584695,13231.0,0.0
2021-06-15,2021-06,seasonal_naive,0.1,30,198.0,199.11515129212123,-1.1151512921212259,17.999999900000006,1,92.01074123716822,13231.0,0.0
2021-06-15,2021-06,oracle_reference,0.1,30,198.0,178.20000010000004,19.79999989999996,19.79999989999996,0,134.3999979999998,13231.0,0.0
2021-06-15,2021-06,retained_model,0.1,60,198.0,184.8215403237884,13.178459676211588,18.702485470107092,0,231.52274689647143,13231.0,0.0
2021-06-15,2021-06,seasonal_naive,0.1,60,198.0,199.11515129212123,-1.1151512921212259,17.999999900000006,1,92.01074123716825,13231.0,0.0
2021-06-15,2021-06,oracle_reference,0.1,60,198.0,178.20000009999998,19.799999900000017,19.799999900000017,0,92.59999880000021,13231.0,0.0
2021-06-15,2021-06,retained_model,0.15,30,198.0,185.35008231204804,12.649917687951955,18.022545270465912,0,335.0951505362006,13231.0,0.0
2021-06-15,2021-06,seasonal_naive,0.15,30,198.0,198.7196459747538,-0.7196459747538029,23.476666566666665,1,366.146529059091,13231.0,0.0
2021-06-15,2021-06,oracle_reference,0.15,30,198.0,172.95000010000004,25.04999989999996,25.04999989999996,0,306.39999199999914,13231.0,0.0
2021-06-15,2021-06,retained_model,0.15,60,198.0,182.15953669348167,15.84046330651833,24.960376266643863,0,499.82865619889026,13231.0,0.0
2021-06-15,2021-06,seasonal_naive,0.15,60,198.0,196.61538461282052,1.3846153871794797,26.999999899999978,0,375.4443114368692,13231.0,0.0
2021-06-15,2021-06,oracle_reference,0.15,60,198.0,168.3000001,29.699999899999995,29.699999899999995,0,335.69999470000124,13231.0,0.0
2021-06-16,2021-06,retained_model,0.0,30,193.0,193.0,0.0,0.0,0,0.0,12991.0,0.0
2021-06-16,2021-06,seasonal_naive,0.0,30,193.0,193.0,0.0,0.0,0,0.0,12991.0,0.0
2021-06-16,2021-06,oracle_reference,0.0,30,193.0,193.0,0.0,0.0,0,0.0,12991.0,0.0
2021-06-16,2021-06,retained_model,0.0,60,193.0,193.0,0.0,0.0,0,0.0,12991.0,0.0
2021-06-16,2021-06,seasonal_naive,0.0,60,193.0,193.0,0.0,0.0,0,0.0,12991.0,0.0
2021-06-16,2021-06,oracle_reference,0.0,60,193.0,193.0,0.0,0.0,0,0.0,12991.0,0.0
2021-06-16,2021-06,retained_model,0.05,30,193.0,186.9595179424658,6.040482057534206,6.47319207774126,0,123.3520924893621,12991.0,0.0
2021-06-16,2021-06,seasonal_naive,0.05,30,193.0,199.73255287288333,-6.732552872883332,9.04999989999996,1,51.250528943409094,12991.0,0.0
2021-06-16,2021-06,oracle_reference,0.05,30,193.0,183.35000010000002,9.649999899999983,9.649999899999983,0,32.89999939999992,12991.0,0.0
2021-06-16,2021-06,retained_model,0.05,60,193.0,184.41031768395916,8.589682316040836,8.796265231435143,0,159.4940852465615,12991.0,0.0
2021-06-16,2021-06,seasonal_naive,0.05,60,193.0,200.2341199664669,-7.234119966466892,9.049999900000017,1,51.2505289434097,12991.0,0.0
2021-06-16,2021-06,oracle_reference,0.05,60,193.0,183.3500001,9.649999900000012,9.649999900000012,0,32.89999940000007,12991.0,0.0
2021-06-16,2021-06,retained_model,0.1,30,193.0,184.4182776209784,8.581722379021613,8.78901138155311,0,236.87491543926964,12991.0,0.0
2021-06-16,2021-06,seasonal_naive,0.1,30,193.0,193.86628915735983,-0.8662891573598301,15.166666566666663,1,227.2610372088987,12991.0,0.0
2021-06-16,2021-06,oracle_reference,0.1,30,193.0,173.70000010000007,19.299999899999932,19.299999899999932,0,237.09999389999757,12991.0,0.0
2021-06-16,2021-06,retained_model,0.1,60,193.0,183.3722769979867,9.627723002013312,13.43515768894082,0,352.7697464573273,12991.0,0.0
2021-06-16,2021-06,seasonal_naive,0.1,60,193.0,190.71219523902437,2.2878047609756322,18.09999990000003,0,248.152214495348,12991.0,0.0
2021-06-16,2021-06,oracle_reference,0.1,60,193.0,173.70000009999998,19.299999900000017,19.299999900000017,0,159.09999730000047,12991.0,0.0
2021-06-16,2021-06,retained_model,0.15,30,193.0,186.97142795666238,6.028572043337618,11.10483068536496,0,389.36856171085867,12991.0,0.0
2021-06-16,2021-06,seasonal_naive,0.15,30,193.0,191.4341464585366,1.5658535414634116,17.483333233333298,0,356.17189731756287,12991.0,0.0
2021-06-16,2021-06,oracle_reference,0.15,30,193.0,171.04666676666668,21.953333233333325,21.953333233333325,0,377.2133254333349,12991.0,1.8189894035458565e-12
2021-06-16,2021-06,retained_model,0.15,60,193.0,177.0,16.0,17.76850206249773,0,589.1974812311537,12991.0,0.0
2021-06-16,2021-06,seasonal_naive,0.15,60,193.0,190.37871310905922,2.6212868909407803,24.071874899999983,0,512.2950024763501,12991.0,0.0
2021-06-16,2021-06,oracle_reference,0.15,60,193.0,164.33437510000002,28.665624899999983,28.665624899999983,0,537.4874939999991,12991.0,0.0
2021-06-17,2021-06,retained_model,0.0,30,197.0,197.0,0.0,0.0,0,0.0,13474.0,0.0
2021-06-17,2021-06,seasonal_naive,0.0,30,197.0,197.0,0.0,0.0,0,0.0,13474.0,0.0
2021-06-17,2021-06,oracle_reference,0.0,30,197.0,197.0,0.0,0.0,0,0.0,13474.0,0.0
2021-06-17,2021-06,retained_model,0.0,60,197.0,197.0,0.0,0.0,0,0.0,13474.0,0.0
2021-06-17,2021-06,seasonal_naive,0.0,60,197.0,197.0,0.0,0.0,0,0.0,13474.0,0.0
2021-06-17,2021-06,oracle_reference,0.0,60,197.0,197.0,0.0,0.0,0,0.0,13474.0,0.0
2021-06-17,2021-06,retained_model,0.05,30,197.0,191.75593233869034,5.244067661309657,9.232768625136174,0,44.88945855537425,13474.0,0.0
2021-06-17,2021-06,seasonal_naive,0.05,30,197.0,197.0,0.0,8.8499999,0,18.310354522485213,13474.0,0.0
2021-06-17,2021-06,oracle_reference,0.05,30,197.0,187.15000009999997,9.849999900000029,9.849999900000029,0,34.349998900000344,13474.0,0.0
2021-06-17,2021-06,retained_model,0.05,60,197.0,191.75593233869034,5.244067661309657,9.232768625136174,0,30.047168640939997,13474.0,0.0
2021-06-17,2021-06,seasonal_naive,0.05,60,197.0,197.0,0.0,8.8499999,0,18.310354522485213,13474.0,0.0
2021-06-17,2021-06,oracle_reference,0.05,60,197.0,187.15000010000003,9.849999899999972,9.849999899999972,0,33.649999099999775,13474.0,0.0
2021-06-17,2021-06,retained_model,0.1,30,197.0,186.33379030118314,10.666209698816857,15.59175647617468,0,250.3841829520099,13474.0,0.0
2021-06-17,2021-06,seasonal_naive,0.1,30,197.0,199.78980904012738,-2.7898090401273805,17.699999899999966,1,198.1975795431884,13474.0,0.0
2021-06-17,2021-06,oracle_reference,0.1,30,197.0,177.30000009999986,19.699999900000137,19.699999900000137,0,224.2999961000064,13474.0,0.0
2021-06-17,2021-06,retained_model,0.1,60,197.0,185.4376819592025,11.562318040797493,18.465537350272314,0,246.21440398759427,13474.0,0.0
2021-06-17,2021-06,seasonal_naive,0.1,60,197.0,200.4909827703815,-3.4909827703814926,17.69999990000005,1,144.47850023690577,13474.0,0.0
2021-06-17,2021-06,oracle_reference,0.1,60,197.0,177.3000001,19.699999899999995,19.699999899999995,0,137.19999839999994,13474.0,0.0
2021-06-17,2021-06,retained_model,0.15,30,197.0,186.44763589700105,10.55236410299895,17.98514845759152,0,374.9246028553066,13474.0,0.0
2021-06-17,2021-06,seasonal_naive,0.15,30,197.0,196.02596255271754,0.9740374472824556,20.79333323333333,0,356.52518090139995,13474.0,0.0
2021-06-17,2021-06,oracle_reference,0.15,30,197.0,173.01562510000005,23.98437489999995,23.98437489999995,0,440.96249079999797,13474.0,0.0
2021-06-17,2021-06,retained_model,0.15,60,197.0,178.40301665938324,18.59698334061676,24.70346271122608,0,557.2308702918535,13474.0,0.0
2021-06-17,2021-06,seasonal_naive,0.15,60,197.0,193.91061110328434,3.0893888967156613,26.549999899999932,0,523.2840327981414,13474.0,0.0
2021-06-17,2021-06,oracle_reference,0.15,60,197.0,167.45000009999998,29.549999900000017,29.549999900000017,0,522.3499940000011,13474.0,0.0
2021-06-18,2021-06,retained_model,0.0,30,186.0,186.0,0.0,0.0,0,0.0,12816.0,0.0
2021-06-18,2021-06,seasonal_naive,0.0,30,186.0,186.0,0.0,0.0,0,0.0,12816.0,0.0
2021-06-18,2021-06,oracle_reference,0.0,30,186.0,186.0,0.0,0.0,0,0.0,12816.0,0.0
2021-06-18,2021-06,retained_model,0.0,60,186.0,186.0,0.0,0.0,0,0.0,12816.0,0.0
2021-06-18,2021-06,seasonal_naive,0.0,60,186.0,186.0,0.0,0.0,0,0.0,12816.0,0.0
2021-06-18,2021-06,oracle_reference,0.0,60,186.0,186.0,0.0,0.0,0,0.0,12816.0,0.0
2021-06-18,2021-06,retained_model,0.05,30,186.0,180.98302420770833,5.0169757922916745,7.0268897770220065,0,87.22199714051477,12816.0,0.0
2021-06-18,2021-06,seasonal_naive,0.05,30,186.0,185.79623832204805,0.20376167795194533,8.749999900000006,0,46.85998728129789,12816.0,0.0
2021-06-18,2021-06,oracle_reference,0.05,30,186.0,176.70000009999998,9.299999900000017,9.299999900000017,0,29.099999300000107,12816.0,0.0
2021-06-18,2021-06,retained_model,0.05,60,186.0,179.15089954418056,6.849100455819439,8.721553260488264,0,110.28419443197262,12816.0,0.0
2021-06-18,2021-06,seasonal_naive,0.05,60,186.0,185.0,1.0,8.749999900000006,0,42.33726029644939,12816.0,0.0
2021-06-18,2021-06,oracle_reference,0.05,60,186.0,176.70000009999998,9.299999900000017,9.299999900000017,0,29.09999930000012,12816.0,0.0
2021-06-18,2021-06,retained_model,0.1,30,186.0,178.39320868257806,7.606791317421937,9.422395872606927,0,191.16567635941797,12816.0,0.0
2021-06-18,2021-06,seasonal_naive,0.1,30,186.0,190.78552571834635,-4.785525718346349,14.05333323333329,1,170.5725789583533,12816.0,0.0
2021-06-18,2021-06,oracle_reference,0.1,30,186.0,167.4000000999999,18.599999900000114,18.599999900000114,0,154.49999610000447,12816.0,0.0
2021-06-18,2021-06,retained_model,0.1,60,186.0,175.48067239737077,10.519327602629232,13.969225216205757,0,278.30988648083314,12816.0,0.0
2021-06-18,2021-06,seasonal_naive,0.1,60,186.0,187.5573960766243,-1.5573960766242863,17.499999899999978,1,210.0647611967612,12816.0,0.0
2021-06-18,2021-06,oracle_reference,0.1,60,186.0,167.40000010000003,18.599999899999972,18.599999899999972,0,122.59999839999995,12816.0,0.0
2021-06-18,2021-06,retained_model,0.15,30,186.0,175.91447006211038,10.085529937889618,11.715158973713642,0,310.45139954124545,12816.0,0.0
2021-06-18,2021-06,seasonal_naive,0.15,30,186.0,189.05307056774745,-3.0530705677474543,16.313333233333367,1,273.27481213766055,12816.0,0.0
2021-06-18,2021-06,oracle_reference,0.15,30,186.0,163.18461548461542,22.81538451538458,22.81538451538458,0,367.4615302615378,12816.0,0.0
2021-06-18,2021-06,retained_model,0.15,60,186.0,174.3484637761512,11.651536223848808,18.308051256382953,0,467.9359539287729,12816.0,0.0
2021-06-18,2021-06,seasonal_naive,0.15,60,186.0,183.44316416875003,2.5568358312499697,22.759374899999955,0,443.54223517488174,12816.0,0.0
2021-06-18,2021-06,oracle_reference,0.15,60,186.0,158.10000010000016,27.89999989999984,27.89999989999984,0,443.89999469999316,12816.0,0.0
2021-06-19,2021-06,retained_model,0.0,30,119.0,119.0,0.0,0.0,0,0.0,4446.0,0.0
2021-06-19,2021-06,seasonal_naive,0.0,30,119.0,119.0,0.0,0.0,0,0.0,4446.0,0.0
2021-06-19,2021-06,oracle_reference,0.0,30,119.0,119.0,0.0,0.0,0,0.0,4446.0,0.0
2021-06-19,2021-06,retained_model,0.0,60,119.0,119.0,0.0,0.0,0,0.0,4446.0,0.0
2021-06-19,2021-06,seasonal_naive,0.0,60,119.0,119.0,0.0,0.0,0,0.0,4446.0,0.0
2021-06-19,2021-06,oracle_reference,0.0,60,119.0,119.0,0.0,0.0,0,0.0,4446.0,0.0
2021-06-19,2021-06,retained_model,0.05,30,119.0,118.1256028270902,0.874397172909795,5.63347636557134,0,59.8221593939407,4446.0,0.0
2021-06-19,2021-06,seasonal_naive,0.05,30,119.0,119.37545465272726,-0.37545465272725664,5.649999900000012,1,29.448148304768512,4446.0,0.0
2021-06-19,2021-06,oracle_reference,0.05,30,119.0,113.0500000999999,5.949999900000094,5.949999900000094,0,29.449998900001187,4446.0,0.0
2021-06-19,2021-06,retained_model,0.05,60,119.0,118.30034998435532,0.6996500156446785,5.633476365571326,0,45.620061150854994,4446.0,0.0
2021-06-19,2021-06,seasonal_naive,0.05,60,119.0,119.0,0.0,5.64999990000004,0,29.448148304768768,4446.0,0.0
2021-06-19,2021-06,oracle_reference,0.05,60,119.0,113.0500000999998,5.9499999000001935,5.9499999000001935,0,17.64999930000137,4446.0,0.0
2021-06-19,2021-06,retained_model,0.1,30,119.0,115.83899182392803,3.1610081760719737,7.307514328042416,0,128.1766573732083,4446.0,0.0
2021-06-19,2021-06,seasonal_naive,0.1,30,119.0,119.7178091383063,-0.7178091383062934,8.993333233333331,1,114.30672223257963,4446.0,0.0
2021-06-19,2021-06,oracle_reference,0.1,30,119.0,108.67142867142859,10.328571328571414,10.328571328571414,0,85.42856922857143,4446.0,0.0
2021-06-19,2021-06,retained_model,0.1,60,119.0,113.0781511595708,5.921848840429206,10.342493539313992,0,179.29176349559708,4446.0,0.0
2021-06-19,2021-06,seasonal_naive,0.1,60,119.0,117.65446438303572,1.345535616964284,11.299999899999989,0,136.3781981456158,4446.0,0.0
2021-06-19,2021-06,oracle_reference,0.1,60,119.0,107.10000009999996,11.89999990000004,11.89999990000004,0,70.79999880000065,4446.0,0.0
2021-06-19,2021-06,retained_model,0.15,30,119.0,113.9460444289949,5.053955571005105,8.838540715534009,0,201.67228341115907,4446.0,0.0
2021-06-19,2021-06,seasonal_naive,0.15,30,119.0,117.82575868785584,1.1742413121441615,10.456666566666684,0,177.1977265306098,4446.0,0.0
2021-06-19,2021-06,oracle_reference,0.15,30,119.0,105.43571438571428,13.564285614285723,13.564285614285723,0,186.15713685714422,4446.0,0.0
2021-06-19,2021-06,retained_model,0.15,60,119.0,110.62971825553653,8.370281744463469,12.506970179392852,0,293.4288493241613,4446.0,0.0
2021-06-19,2021-06,seasonal_naive,0.15,60,119.0,112.78194427507142,6.2180557249285755,14.740624899999986,0,289.6605905072903,4446.0,0.0
2021-06-19,2021-06,oracle_reference,0.15,60,119.0,101.1500001,17.8499999,17.8499999,0,210.54999480000004,4446.0,0.0
2021-06-20,2021-06,retained_model,0.0,30,28.0,28.0,0.0,0.0,0,0.0,2194.0,0.0
2021-06-20,2021-06,seasonal_naive,0.0,30,28.0,28.0,0.0,0.0,0,0.0,2194.0,0.0
2021-06-20,2021-06,oracle_reference,0.0,30,28.0,28.0,0.0,0.0,0,0.0,2194.0,0.0
2021-06-20,2021-06,retained_model,0.0,60,28.0,28.0,0.0,0.0,0,0.0,2194.0,0.0
2021-06-20,2021-06,seasonal_naive,0.0,60,28.0,28.0,0.0,0.0,0,0.0,2194.0,0.0
2021-06-20,2021-06,oracle_reference,0.0,60,28.0,28.0,0.0,0.0,0,0.0,2194.0,0.0
2021-06-20,2021-06,retained_model,0.05,30,28.0,28.0,0.0,1.3499999000000003,0,5.6615377857549785,2194.0,0.0
2021-06-20,2021-06,seasonal_naive,0.05,30,28.0,28.0,0.0,1.3499999000000003,0,5.6615377857549785,2194.0,0.0
2021-06-20,2021-06,oracle_reference,0.05,30,28.0,26.600000100000003,1.3999998999999974,1.3999998999999974,0,2.9999994999999906,2194.0,0.0
2021-06-20,2021-06,retained_model,0.05,60,28.0,28.0,0.0,1.3499999000000003,0,5.6615377857549785,2194.0,0.0
2021-06-20,2021-06,seasonal_naive,0.05,60,28.0,28.0,0.0,1.3499999000000003,0,5.6615377857549785,2194.0,0.0
2021-06-20,2021-06,oracle_reference,0.05,60,28.0,26.600000100000003,1.3999998999999974,1.3999998999999974,0,2.9999994999999906,2194.0,0.0
2021-06-20,2021-06,retained_model,0.1,30,28.0,28.0,0.0,2.699999899999998,0,17.276614352831885,2194.0,0.0
2021-06-20,2021-06,seasonal_naive,0.1,30,28.0,28.0,0.0,2.699999899999998,0,17.276614352831885,2194.0,0.0
2021-06-20,2021-06,oracle_reference,0.1,30,28.0,25.2000001,2.7999998999999995,2.7999998999999995,0,13.999999000000003,2194.0,0.0
2021-06-20,2021-06,retained_model,0.1,60,28.0,28.085184929629634,-0.08518492962963364,2.6999999000000017,1,17.276614352831924,2194.0,0.0
2021-06-20,2021-06,seasonal_naive,0.1,60,28.0,28.085184929629634,-0.08518492962963364,2.6999999000000017,1,17.276614352831924,2194.0,0.0
2021-06-20,2021-06,oracle_reference,0.1,60,28.0,25.2000001,2.7999998999999995,2.7999998999999995,0,13.999999000000003,2194.0,0.0
2021-06-20,2021-06,retained_model,0.15,30,28.0,28.6090906,-0.6090905999999983,4.0499998999999995,1,66.88660949178492,2194.0,0.0
2021-06-20,2021-06,seasonal_naive,0.15,30,28.0,28.6090906,-0.6090905999999983,4.0499998999999995,1,66.88660949178492,2194.0,0.0
2021-06-20,2021-06,oracle_reference,0.15,30,28.0,23.800000100000005,4.199999899999995,4.199999899999995,0,35.599997199999954,2194.0,0.0
2021-06-20,2021-06,retained_model,0.15,60,28.0,28.80925934444445,-0.8092593444444489,4.049999899999992,1,42.3227814185305,2194.0,0.0
2021-06-20,2021-06,seasonal_naive,0.15,60,28.0,28.80925934444445,-0.8092593444444489,4.049999899999992,1,42.3227814185305,2194.0,0.0
2021-06-20,2021-06,oracle_reference,0.15,60,28.0,23.800000100000002,4.199999899999998,4.199999899999998,0,30.799998100000025,2194.0,0.0
2021-06-21,2021-06,retained_model,0.0,30,208.0,208.0,0.0,0.0,0,0.0,10792.0,0.0
2021-06-21,2021-06,seasonal_naive,0.0,30,208.0,208.0,0.0,0.0,0,0.0,10792.0,0.0
2021-06-21,2021-06,oracle_reference,0.0,30,208.0,208.0,0.0,0.0,0,0.0,10792.0,0.0
2021-06-21,2021-06,retained_model,0.0,60,208.0,208.0,0.0,0.0,0,0.0,10792.0,0.0
2021-06-21,2021-06,seasonal_naive,0.0,60,208.0,208.0,0.0,0.0,0,0.0,10792.0,0.0
2021-06-21,2021-06,oracle_reference,0.0,60,208.0,208.0,0.0,0.0,0,0.0,10792.0,0.0
2021-06-21,2021-06,retained_model,0.05,30,208.0,202.66011259037091,5.339887409629085,8.86698176619555,0,51.79915194828715,10792.0,0.0
2021-06-21,2021-06,seasonal_naive,0.05,30,208.0,206.2999998990196,1.7000001009803896,10.199999899999995,0,13.678679996481526,10792.0,0.0
2021-06-21,2021-06,oracle_reference,0.05,30,208.0,197.60000010000002,10.399999899999983,10.399999899999983,0,27.99999950000004,10792.0,0.0
2021-06-21,2021-06,retained_model,0.05,60,208.0,202.0,6.0,8.866981766195494,0,41.19159767278333,10792.0,0.0
2021-06-21,2021-06,seasonal_naive,0.05,60,208.0,204.6213199025381,3.37868009746191,10.199999899999995,0,13.678679996481526,10792.0,0.0
2021-06-21,2021-06,oracle_reference,0.05,60,208.0,197.6000001,10.399999900000012,10.399999900000012,0,27.99999950000006,10792.0,0.0
2021-06-21,2021-06,retained_model,0.1,30,208.0,198.28174907575877,9.718250924241232,12.646908890243651,0,228.79512746340197,10792.0,0.0
2021-06-21,2021-06,seasonal_naive,0.1,30,208.0,204.6843138264706,3.3156861735294,20.399999899999983,0,83.38945536828197,10792.0,0.0
2021-06-21,2021-06,oracle_reference,0.1,30,208.0,187.2000001,20.79999989999999,20.79999989999999,0,165.19999780000035,10792.0,0.0
2021-06-21,2021-06,retained_model,0.1,60,208.0,193.02631779051168,14.973682209488317,17.22410010128999,0,347.3429411887153,10792.0,0.0
2021-06-21,2021-06,seasonal_naive,0.1,60,208.0,202.6751521026858,5.324847897314214,20.39999990000001,0,76.63215232446213,10792.0,0.0
2021-06-21,2021-06,oracle_reference,0.1,60,208.0,187.20000009999993,20.799999900000074,20.799999900000074,0,130.19999860000104,10792.0,0.0
2021-06-21,2021-06,retained_model,0.15,30,208.0,195.77748391273312,12.222516087266882,14.942004858058823,0,372.60900875667346,10792.0,0.0
2021-06-21,2021-06,seasonal_naive,0.15,30,208.0,201.45932454440603,6.54067545559397,30.5999999,0,441.65274176191826,10792.0,0.0
2021-06-21,2021-06,oracle_reference,0.15,30,208.0,180.9363637363636,27.063636263636397,27.063636263636397,0,454.5227186727326,10792.0,0.0
2021-06-21,2021-06,retained_model,0.15,60,208.0,187.8244651707221,20.175534829277893,21.539042417469005,0,628.1736849877684,10792.0,0.0
2021-06-21,2021-06,seasonal_naive,0.15,60,208.0,202.35578957052633,5.644210429473674,30.599999899999972,0,270.2886118028764,10792.0,0.0
2021-06-21,2021-06,oracle_reference,0.15,60,208.0,176.80000010000003,31.199999899999966,31.199999899999966,0,376.39999629999875,10792.0,0.0
2021-06-22,2021-06,retained_model,0.0,30,189.0,189.0,0.0,0.0,0,0.0,12847.0,0.0
2021-06-22,2021-06,seasonal_naive,0.0,30,189.0,189.0,0.0,0.0,0,0.0,12847.0,0.0
2021-06-22,2021-06,oracle_reference,0.0,30,189.0,189.0,0.0,0.0,0,0.0,12847.0,0.0
2021-06-22,2021-06,retained_model,0.0,60,189.0,189.0,0.0,0.0,0,0.0,12847.0,0.0
2021-06-22,2021-06,seasonal_naive,0.0,60,189.0,189.0,0.0,0.0,0,0.0,12847.0,0.0
2021-06-22,2021-06,oracle_reference,0.0,60,189.0,189.0,0.0,0.0,0,0.0,12847.0,0.0
2021-06-22,2021-06,retained_model,0.05,30,189.0,184.88422749829218,4.1157725017078235,8.187957041163344,0,98.86132947946169,12847.0,0.0
2021-06-22,2021-06,seasonal_naive,0.05,30,189.0,189.0,0.0,9.899999900000097,0,21.658814493332905,12847.0,0.0
2021-06-22,2021-06,oracle_reference,0.05,30,189.0,179.5500001,9.449999899999995,9.449999899999995,0,21.799999599999985,12847.0,0.0
2021-06-22,2021-06,retained_model,0.05,60,189.0,184.24292839451556,4.757071605484441,8.76780523019022,0,77.81117022866488,12847.0,0.0
2021-06-22,2021-06,seasonal_naive,0.05,60,189.0,189.0,0.0,9.899999900000012,0,21.658814493332656,12847.0,0.0
2021-06-22,2021-06,oracle_reference,0.05,60,189.0,179.5500001,9.449999899999995,9.449999899999995,0,21.799999599999985,12847.0,0.0
2021-06-22,2021-06,retained_model,0.1,30,189.0,182.33754932879796,6.662450671202038,10.49060601715479,0,181.1337460346891,12847.0,0.0
2021-06-22,2021-06,seasonal_naive,0.1,30,189.0,187.92375680165745,1.0762431983425529,19.79999989999996,0,120.72500094464993,12847.0,0.0
2021-06-22,2021-06,oracle_reference,0.1,30,189.0,170.1000000999999,18.899999900000097,18.899999900000097,0,115.19999760000232,12847.0,0.0
2021-06-22,2021-06,retained_model,0.1,60,189.0,179.5922229736325,9.407777026367512,15.079326068539274,0,281.4799697722739,12847.0,0.0
2021-06-22,2021-06,seasonal_naive,0.1,60,189.0,188.33591151878454,0.6640884812154582,19.799999900000017,0,82.55472152158161,12847.0,0.0
2021-06-22,2021-06,oracle_reference,0.1,60,189.0,170.1000000999999,18.899999900000097,18.899999900000097,0,95.6999987000013,12847.0,0.0
2021-06-22,2021-06,retained_model,0.15,30,189.0,182.95546488589446,6.044535114105543,12.793254993146235,0,300.84511037986505,12847.0,0.0
2021-06-22,2021-06,seasonal_naive,0.15,30,189.0,194.00143688218392,-5.001436882183924,25.04999989999996,1,283.6073068791867,12847.0,0.0
2021-06-22,2021-06,oracle_reference,0.15,30,189.0,164.1250001,24.874999900000006,24.874999900000006,0,385.0749905000006,12847.0,0.0
2021-06-22,2021-06,retained_model,0.15,60,189.0,174.52376575028507,14.476234249714935,19.436075898624324,0,498.59376771841914,12847.0,0.0
2021-06-22,2021-06,seasonal_naive,0.15,60,189.0,188.65957455319148,0.34042544680852416,29.699999899999995,0,312.0926870680148,12847.0,0.0
2021-06-22,2021-06,oracle_reference,0.15,60,189.0,160.65000010000009,28.349999899999915,28.349999899999915,0,376.59999639999694,12847.0,0.0
2021-06-23,2021-06,retained_model,0.0,30,174.0,174.0,0.0,0.0,0,0.0,12377.0,0.0
2021-06-23,2021-06,seasonal_naive,0.0,30,174.0,174.0,0.0,0.0,0,0.0,12377.0,0.0
2021-06-23,2021-06,oracle_reference,0.0,30,174.0,174.0,0.0,0.0,0,0.0,12377.0,0.0
2021-06-23,2021-06,retained_model,0.0,60,174.0,174.0,0.0,0.0,0,0.0,12377.0,0.0
2021-06-23,2021-06,seasonal_naive,0.0,60,174.0,174.0,0.0,0.0,0,0.0,12377.0,0.0
2021-06-23,2021-06,oracle_reference,0.0,60,174.0,174.0,0.0,0.0,0,0.0,12377.0,0.0
2021-06-23,2021-06,retained_model,0.05,30,174.0,170.0,4.0,8.66541275788282,0,59.18440240097962,12377.0,0.0
2021-06-23,2021-06,seasonal_naive,0.05,30,174.0,172.44810820216216,1.5518917978378397,9.649999899999983,0,27.487583508629477,12377.0,0.0
2021-06-23,2021-06,oracle_reference,0.05,30,174.0,165.3000001,8.699999899999995,8.699999899999995,0,17.499999499999962,12377.0,0.0
2021-06-23,2021-06,retained_model,0.05,60,174.0,170.0,4.0,8.66541275788282,0,40.31531529001913,12377.0,0.0
2021-06-23,2021-06,seasonal_naive,0.05,60,174.0,172.44810820216216,1.5518917978378397,9.649999900000012,0,27.487583508629605,12377.0,0.0
2021-06-23,2021-06,oracle_reference,0.05,60,174.0,165.3000001,8.699999899999995,8.699999899999995,0,17.499999499999962,12377.0,0.0
2021-06-23,2021-06,retained_model,0.1,30,174.0,170.0,4.0,12.099419609874218,0,201.40737933991818,12377.0,0.0
2021-06-23,2021-06,seasonal_naive,0.1,30,174.0,174.11801094161433,-0.11801094161432957,19.299999899999932,1,209.55160386042925,12377.0,0.0
2021-06-23,2021-06,oracle_reference,0.1,30,174.0,156.60000010000002,17.399999899999983,17.399999899999983,0,167.79999679999946,12377.0,0.0
2021-06-23,2021-06,retained_model,0.1,60,174.0,174.5,-0.5,16.542243262902275,1,274.57163853189434,12377.0,0.0
2021-06-23,2021-06,seasonal_naive,0.1,60,174.0,167.41500008944442,6.584999910555581,19.299999900000017,0,138.317121558751,12377.0,0.0
2021-06-23,2021-06,oracle_reference,0.1,60,174.0,156.6000001,17.39999990000001,17.39999990000001,0,132.99999800000023,12377.0,0.0
2021-06-23,2021-06,retained_model,0.15,30,174.0,177.44264390912335,-3.4426439091233476,14.348051669053092,1,315.5057708884343,12377.0,0.0
2021-06-23,2021-06,seasonal_naive,0.15,30,174.0,178.47086283392156,-4.470862833921558,21.953333233333325,1,336.0080688599216,12377.0,0.0
2021-06-23,2021-06,oracle_reference,0.15,30,174.0,151.06666676666669,22.933333233333315,22.933333233333315,0,484.88332213333445,12377.0,0.0
2021-06-23,2021-06,retained_model,0.15,60,174.0,170.57611733982642,3.4238826601735752,20.859026878994626,0,489.16422573506304,12377.0,0.0
2021-06-23,2021-06,seasonal_naive,0.15,60,174.0,171.59526335382884,2.404736646171159,28.665624899999983,0,480.5498419311907,12377.0,0.0
2021-06-23,2021-06,oracle_reference,0.15,60,174.0,147.9000000999999,26.099999900000114,26.099999900000114,0,484.799992200009,12377.0,0.0
2021-06-24,2021-06,retained_model,0.0,30,190.0,190.0,0.0,0.0,0,0.0,13037.0,0.0
2021-06-24,2021-06,seasonal_naive,0.0,30,190.0,190.0,0.0,0.0,0,0.0,13037.0,0.0
2021-06-24,2021-06,oracle_reference,0.0,30,190.0,190.0,0.0,0.0,0,0.0,13037.0,0.0
2021-06-24,2021-06,retained_model,0.0,60,190.0,190.0,0.0,0.0,0,0.0,13037.0,0.0
2021-06-24,2021-06,seasonal_naive,0.0,60,190.0,190.0,0.0,0.0,0,0.0,13037.0,0.0
2021-06-24,2021-06,oracle_reference,0.0,60,190.0,190.0,0.0,0.0,0,0.0,13037.0,0.0
2021-06-24,2021-06,retained_model,0.05,30,190.0,185.63699502042178,4.363004979578221,8.757042149372353,0,87.27909331388341,13037.0,0.0
2021-06-24,2021-06,seasonal_naive,0.05,30,190.0,194.85750229492464,-4.857502294924643,9.849999900000029,1,31.982173629319966,13037.0,0.0
2021-06-24,2021-06,oracle_reference,0.05,30,190.0,180.5000001,9.499999900000006,9.499999900000006,0,26.499999500000033,13037.0,0.0
2021-06-24,2021-06,retained_model,0.05,60,190.0,185.6369950204216,4.363004979578392,8.757042149372467,0,57.681074870625096,13037.0,0.0
2021-06-24,2021-06,seasonal_naive,0.05,60,190.0,190.0,0.0,9.849999899999972,0,31.314816307039663,13037.0,0.0
2021-06-24,2021-06,oracle_reference,0.05,60,190.0,180.5000001,9.499999900000006,9.499999900000006,0,26.499999500000033,13037.0,0.0
2021-06-24,2021-06,retained_model,0.1,30,190.0,183.86341819516863,6.136581804831366,11.973987720278302,0,213.72283644878115,13037.0,0.0
2021-06-24,2021-06,seasonal_naive,0.1,30,190.0,190.80000009606727,-0.8000000960672651,19.699999900000137,1,207.64071830690153,13037.0,0.0
2021-06-24,2021-06,oracle_reference,0.1,30,190.0,171.00000010000002,18.999999899999978,18.999999899999978,0,118.99999819999962,13037.0,0.0
2021-06-24,2021-06,retained_model,0.1,60,190.0,178.12178818159788,11.878211818402121,16.46749403938415,0,312.10957735830056,13037.0,0.0
2021-06-24,2021-06,seasonal_naive,0.1,60,190.0,190.28717559932406,-0.28717559932405834,19.699999899999995,1,124.88086208308606,13037.0,0.0
2021-06-24,2021-06,oracle_reference,0.1,60,190.0,171.0000001,18.999999900000006,18.999999900000006,0,88.99999910000005,13037.0,0.0
2021-06-24,2021-06,retained_model,0.15,30,190.0,180.91071675313754,9.089283246862465,14.247708149391713,0,347.49166719766424,13037.0,0.0
2021-06-24,2021-06,seasonal_naive,0.15,30,190.0,185.03093365316457,4.969066346835433,23.98437489999995,0,408.8798694075762,13037.0,0.0
2021-06-24,2021-06,oracle_reference,0.15,30,190.0,162.03333343333333,27.966666566666674,27.966666566666674,0,422.5999919000029,13037.0,0.0
2021-06-24,2021-06,retained_model,0.15,60,190.0,172.94059518204415,17.05940481795585,20.4988791000508,0,523.9645405359956,13037.0,0.0
2021-06-24,2021-06,seasonal_naive,0.15,60,190.0,179.984810235443,10.015189764556993,29.549999900000017,0,486.9925728093292,13037.0,0.0
2021-06-24,2021-06,oracle_reference,0.15,60,190.0,161.5000001,28.499999900000006,28.499999900000006,0,288.4999969000002,13037.0,0.0
2021-06-25,2021-06,retained_model,0.0,30,186.0,186.0,0.0,0.0,0,0.0,12954.0,0.0
2021-06-25,2021-06,seasonal_naive,0.0,30,186.0,186.0,0.0,0.0,0,0.0,12954.0,0.0
2021-06-25,2021-06,oracle_reference,0.0,30,186.0,186.0,0.0,0.0,0,0.0,12954.0,0.0
2021-06-25,2021-06,retained_model,0.0,60,186.0,186.0,0.0,0.0,0,0.0,12954.0,0.0
2021-06-25,2021-06,seasonal_naive,0.0,60,186.0,186.0,0.0,0.0,0,0.0,12954.0,0.0
2021-06-25,2021-06,oracle_reference,0.0,60,186.0,186.0,0.0,0.0,0,0.0,12954.0,0.0
2021-06-25,2021-06,retained_model,0.05,30,186.0,184.51155612142796,1.488443878572042,5.472635447384363,0,125.18199614606306,12954.0,0.0
2021-06-25,2021-06,seasonal_naive,0.05,30,186.0,195.24767458650427,-9.247674586504274,9.299999900000017,1,27.77517710437392,12954.0,0.0
2021-06-25,2021-06,oracle_reference,0.05,30,186.0,176.7000001,9.299999899999989,9.299999899999989,0,77.9999979999998,12954.0,0.0
2021-06-25,2021-06,retained_model,0.05,60,186.0,182.3950210190962,3.604978980903809,7.02050545542167,0,123.08096386748481,12954.0,0.0
2021-06-25,2021-06,seasonal_naive,0.05,60,186.0,195.0954764925483,-9.0954764925483,9.299999900000017,1,27.77517710437394,12954.0,0.0
2021-06-25,2021-06,oracle_reference,0.05,60,186.0,176.70000009999998,9.299999900000017,9.299999900000017,0,65.79999840000028,12954.0,0.0
2021-06-25,2021-06,retained_model,0.1,30,186.0,180.71581828896302,5.284181711036979,8.248544404798878,0,316.6560849840856,12954.0,0.0
2021-06-25,2021-06,seasonal_naive,0.1,30,186.0,193.11624652292906,-7.11624652292906,18.599999900000114,1,153.11549405868493,12954.0,0.0
2021-06-25,2021-06,oracle_reference,0.1,30,186.0,170.80833343333336,15.19166656666664,15.19166656666664,0,285.7416575666668,12954.0,0.0
2021-06-25,2021-06,retained_model,0.1,60,186.0,179.89828184963656,6.101718150363439,11.904924339069964,0,399.1717202790716,12954.0,0.0
2021-06-25,2021-06,seasonal_naive,0.1,60,186.0,193.08951769927313,-7.089517699273131,18.599999899999972,1,120.14209882969128,12954.0,0.0
2021-06-25,2021-06,oracle_reference,0.1,60,186.0,167.40000010000003,18.599999899999972,18.599999899999972,0,327.79999569999995,12954.0,-1.8189894035458565e-12
2021-06-25,2021-06,retained_model,0.15,30,186.0,181.63725867742556,4.362741322574436,10.068392919902891,0,468.7860058980878,12954.0,0.0
2021-06-25,2021-06,seasonal_naive,0.15,30,186.0,190.0,-4.0,22.81538451538458,1,365.7825037351794,12954.0,0.0
2021-06-25,2021-06,oracle_reference,0.15,30,186.0,167.78461548461541,18.215384515384585,18.215384515384585,0,498.33460248461523,12954.0,0.0
2021-06-25,2021-06,retained_model,0.15,60,186.0,175.67839518266535,10.321604817334645,14.921450536858742,0,718.5394921213953,12954.0,0.0
2021-06-25,2021-06,seasonal_naive,0.15,60,186.0,191.70604405329684,-5.706044053296836,27.89999989999984,1,446.81629748895875,12954.0,0.0
2021-06-25,2021-06,oracle_reference,0.15,60,186.0,161.6573530411765,24.342646958823508,24.342646958823508,0,692.6735168117657,12954.0,1.8189894035458565e-12
2021-06-26,2021-06,retained_model,0.0,30,131.0,131.0,0.0,0.0,0,0.0,4817.0,0.0
2021-06-26,2021-06,seasonal_naive,0.0,30,131.0,131.0,0.0,0.0,0,0.0,4817.0,0.0
2021-06-26,2021-06,oracle_reference,0.0,30,131.0,131.0,0.0,0.0,0,0.0,4817.0,0.0
2021-06-26,2021-06,retained_model,0.0,60,131.0,131.0,0.0,0.0,0,0.0,4817.0,0.0
2021-06-26,2021-06,seasonal_naive,0.0,60,131.0,131.0,0.0,0.0,0,0.0,4817.0,0.0
2021-06-26,2021-06,oracle_reference,0.0,60,131.0,131.0,0.0,0.0,0,0.0,4817.0,0.0
2021-06-26,2021-06,retained_model,0.05,30,131.0,128.54231416048825,2.457685839511754,3.973249356495657,0,64.99066806916264,4817.0,0.0
2021-06-26,2021-06,seasonal_naive,0.05,30,131.0,131.0,0.0,5.949999900000094,0,29.257956557583633,4817.0,0.0
2021-06-26,2021-06,oracle_reference,0.05,30,131.0,124.4500001,6.549999900000003,6.549999900000003,0,11.199999600000009,4817.0,0.0
2021-06-26,2021-06,retained_model,0.05,60,131.0,127.17396379256165,3.8260362074383494,5.4059623432339805,0,79.22695712857976,4817.0,0.0
2021-06-26,2021-06,seasonal_naive,0.05,60,131.0,131.0,0.0,5.9499999000001935,0,16.80936759354872,4817.0,0.0
2021-06-26,2021-06,oracle_reference,0.05,60,131.0,124.45000009999998,6.549999900000017,6.549999900000017,0,11.199999600000066,4817.0,0.0
2021-06-26,2021-06,retained_model,0.1,30,131.0,126.4352980166923,4.5647019833077,5.392141284516313,0,122.62118384081285,4817.0,0.0
2021-06-26,2021-06,seasonal_naive,0.1,30,131.0,131.0,0.0,10.328571328571414,0,86.90815261204703,4817.0,0.0
2021-06-26,2021-06,oracle_reference,0.1,30,131.0,117.9000001,13.0999999,13.0999999,0,62.19999880000003,4817.0,0.0
2021-06-26,2021-06,retained_model,0.1,60,131.0,123.24743989944596,7.752560100554035,8.257567257992932,0,172.17372067038912,4817.0,0.0
2021-06-26,2021-06,seasonal_naive,0.1,60,131.0,129.90833345462957,1.0916665453704297,11.89999990000004,0,71.31717788511912,4817.0,0.0
2021-06-26,2021-06,oracle_reference,0.1,60,131.0,117.9000001,13.0999999,13.0999999,0,59.99999900000002,4817.0,0.0
2021-06-26,2021-06,retained_model,0.15,30,131.0,124.70086655936355,6.299133440636453,6.811033212537012,0,194.80522228391968,4817.0,0.0
2021-06-26,2021-06,seasonal_naive,0.15,30,131.0,127.47568818256879,3.5243118174312116,13.564285614285723,0,196.44070398486522,4817.0,0.0
2021-06-26,2021-06,oracle_reference,0.15,30,131.0,111.35000009999989,19.64999990000011,19.64999990000011,0,221.5999916000094,4817.0,0.0
2021-06-26,2021-06,retained_model,0.15,60,131.0,119.45403205589452,11.545967944105485,10.947209005182586,0,336.9514198557484,4817.0,0.0
2021-06-26,2021-06,seasonal_naive,0.15,60,131.0,122.34333345428571,8.656666545714288,17.8499999,0,223.31209267859302,4817.0,0.0
2021-06-26,2021-06,oracle_reference,0.15,60,131.0,111.35000009999999,19.64999990000001,19.64999990000001,0,131.09999860000013,4817.0,0.0
2021-06-27,2021-06,retained_model,0.0,30,31.0,31.0,0.0,0.0,0,0.0,2322.0,0.0
2021-06-27,2021-06,seasonal_naive,0.0,30,31.0,31.0,0.0,0.0,0,0.0,2322.0,0.0
2021-06-27,2021-06,oracle_reference,0.0,30,31.0,31.0,0.0,0.0,0,0.0,2322.0,0.0
2021-06-27,2021-06,retained_model,0.0,60,31.0,31.0,0.0,0.0,0,0.0,2322.0,0.0
2021-06-27,2021-06,seasonal_naive,0.0,60,31.0,31.0,0.0,0.0,0,0.0,2322.0,0.0
2021-06-27,2021-06,oracle_reference,0.0,60,31.0,31.0,0.0,0.0,0,0.0,2322.0,0.0
2021-06-27,2021-06,retained_model,0.05,30,31.0,31.0,0.0,1.3999998999999974,0,2.5925921587301506,2322.0,0.0
2021-06-27,2021-06,seasonal_naive,0.05,30,31.0,31.0,0.0,1.3999998999999974,0,2.5925921587301506,2322.0,0.0
2021-06-27,2021-06,oracle_reference,0.05,30,31.0,29.4500001,1.5499998999999995,1.5499998999999995,0,1.5499998999999995,2322.0,0.0
2021-06-27,2021-06,retained_model,0.05,60,31.0,31.0,0.0,1.3999998999999974,0,2.5925921587301506,2322.0,0.0
2021-06-27,2021-06,seasonal_naive,0.05,60,31.0,31.0,0.0,1.3999998999999974,0,2.5925921587301506,2322.0,0.0
2021-06-27,2021-06,oracle_reference,0.05,60,31.0,29.4500001,1.5499998999999995,1.5499998999999995,0,1.5499998999999995,2322.0,0.0
2021-06-27,2021-06,retained_model,0.1,30,31.0,31.0,0.0,2.7999998999999995,0,12.328204236650386,2322.0,0.0
2021-06-27,2021-06,seasonal_naive,0.1,30,31.0,31.0,0.0,2.7999998999999995,0,12.328204236650386,2322.0,0.0
2021-06-27,2021-06,oracle_reference,0.1,30,31.0,27.9000001,3.0999999000000003,3.0999999000000003,0,5.5999994,2322.0,0.0
2021-06-27,2021-06,retained_model,0.1,60,31.0,31.0,0.0,2.7999998999999995,0,12.328204236650386,2322.0,0.0
2021-06-27,2021-06,seasonal_naive,0.1,60,31.0,31.0,0.0,2.7999998999999995,0,12.328204236650386,2322.0,0.0
2021-06-27,2021-06,oracle_reference,0.1,60,31.0,27.9000001,3.0999999000000003,3.0999999000000003,0,5.5999994,2322.0,0.0
2021-06-27,2021-06,retained_model,0.15,30,31.0,31.0,0.0,4.199999899999995,0,32.51776586770657,2322.0,0.0
2021-06-27,2021-06,seasonal_naive,0.15,30,31.0,31.0,0.0,4.199999899999995,0,32.51776586770657,2322.0,0.0
2021-06-27,2021-06,oracle_reference,0.15,30,31.0,26.350000100000006,4.649999899999994,4.649999899999994,0,17.49999899999997,2322.0,0.0
2021-06-27,2021-06,retained_model,0.15,60,31.0,31.0,0.0,4.199999899999998,0,27.578636380750126,2322.0,0.0
2021-06-27,2021-06,seasonal_naive,0.15,60,31.0,31.0,0.0,4.199999899999998,0,27.578636380750126,2322.0,0.0
2021-06-27,2021-06,oracle_reference,0.15,60,31.0,26.350000100000006,4.649999899999994,4.649999899999994,0,17.49999899999997,2322.0,0.0
2021-06-28,2021-06,retained_model,0.0,30,198.0,198.0,0.0,0.0,0,0.0,10759.0,0.0
2021-06-28,2021-06,seasonal_naive,0.0,30,198.0,198.0,0.0,0.0,0,0.0,10759.0,0.0
2021-06-28,2021-06,oracle_reference,0.0,30,198.0,198.0,0.0,0.0,0,0.0,10759.0,0.0
2021-06-28,2021-06,retained_model,0.0,60,198.0,198.0,0.0,0.0,0,0.0,10759.0,0.0
2021-06-28,2021-06,seasonal_naive,0.0,60,198.0,198.0,0.0,0.0,0,0.0,10759.0,0.0
2021-06-28,2021-06,oracle_reference,0.0,60,198.0,198.0,0.0,0.0,0,0.0,10759.0,0.0
2021-06-28,2021-06,retained_model,0.05,30,198.0,194.0,4.0,9.111337785578485,0,61.17825844811696,10759.0,0.0
2021-06-28,2021-06,seasonal_naive,0.05,30,198.0,194.0,4.0,10.399999899999983,0,25.93637060335402,10759.0,0.0
2021-06-28,2021-06,oracle_reference,0.05,30,198.0,188.10000009999976,9.899999900000239,9.899999900000239,0,31.099999100002186,10759.0,0.0
2021-06-28,2021-06,retained_model,0.05,60,198.0,194.0,4.0,9.111337785578485,0,46.99704115596922,10759.0,0.0
2021-06-28,2021-06,seasonal_naive,0.05,60,198.0,194.0,4.0,10.399999900000012,0,25.936370603354042,10759.0,0.0
2021-06-28,2021-06,oracle_reference,0.05,60,198.0,188.1000001,9.899999900000012,9.899999900000012,0,31.0999991000001,10759.0,0.0
2021-06-28,2021-06,retained_model,0.1,30,198.0,190.38070441059782,7.619295589402185,12.509718946363023,0,204.38240871580322,10759.0,0.0
2021-06-28,2021-06,seasonal_naive,0.1,30,198.0,194.0,4.0,20.79999989999999,0,153.46129144525332,10759.0,1.8189894035458565e-12
2021-06-28,2021-06,oracle_reference,0.1,30,198.0,178.20000009999995,19.799999900000046,19.799999900000046,0,207.29999610000175,10759.0,0.0
2021-06-28,2021-06,retained_model,0.1,60,198.0,185.0947347918917,12.90526520810829,17.221956530875843,0,306.1652186364767,10759.0,0.0
2021-06-28,2021-06,seasonal_naive,0.1,60,198.0,196.8338309343283,1.1661690656717099,20.799999900000074,0,121.43453153921043,10759.0,0.0
2021-06-28,2021-06,oracle_reference,0.1,60,198.0,178.20000009999998,19.799999900000017,19.799999900000017,0,173.1999981000003,10759.0,0.0
2021-06-28,2021-06,retained_model,0.15,30,198.0,187.71963182714927,10.280368172850729,14.88196229003782,0,326.29498997054907,10759.0,0.0
2021-06-28,2021-06,seasonal_naive,0.15,30,198.0,194.75004249041496,3.2499575095850446,27.063636263636397,0,430.55554504409565,10759.0,0.0
2021-06-28,2021-06,oracle_reference,0.15,30,198.0,173.2375001,24.762499899999995,24.762499899999995,0,477.46249150000193,10759.0,0.0
2021-06-28,2021-06,retained_model,0.15,60,198.0,184.64611881061123,13.353881189388773,21.950318666807135,0,570.2875697616731,10759.0,1.8189894035458565e-12
2021-06-28,2021-06,seasonal_naive,0.15,60,198.0,199.03792221058447,-1.037922210584469,31.199999899999966,1,358.20271720448636,10759.0,0.0
2021-06-28,2021-06,oracle_reference,0.15,60,198.0,168.30000010000003,29.699999899999966,29.699999899999966,0,537.2999931999997,10759.0,1.8189894035458565e-12
2021-06-29,2021-06,retained_model,0.0,30,222.0,222.0,0.0,0.0,0,0.0,13237.0,0.0
2021-06-29,2021-06,seasonal_naive,0.0,30,222.0,222.0,0.0,0.0,0,0.0,13237.0,0.0
2021-06-29,2021-06,oracle_reference,0.0,30,222.0,222.0,0.0,0.0,0,0.0,13237.0,0.0
2021-06-29,2021-06,retained_model,0.0,60,222.0,222.0,0.0,0.0,0,0.0,13237.0,0.0
2021-06-29,2021-06,seasonal_naive,0.0,60,222.0,222.0,0.0,0.0,0,0.0,13237.0,0.0
2021-06-29,2021-06,oracle_reference,0.0,60,222.0,222.0,0.0,0.0,0,0.0,13237.0,0.0
2021-06-29,2021-06,retained_model,0.05,30,222.0,210.90000010448867,11.099999895511331,9.25811309888195,0,61.403299202793875,13237.0,0.0
2021-06-29,2021-06,seasonal_naive,0.05,30,222.0,222.0,0.0,9.449999899999995,0,20.683866213491864,13237.0,0.0
2021-06-29,2021-06,oracle_reference,0.05,30,222.0,210.9000001,11.0999999,11.0999999,0,11.09999990000001,13237.0,0.0
2021-06-29,2021-06,retained_model,0.05,60,222.0,210.90000011989486,11.099999880105145,9.258113098881921,0,44.38418810122495,13237.0,0.0
2021-06-29,2021-06,seasonal_naive,0.05,60,222.0,222.0,0.0,9.449999899999995,0,20.683866213491864,13237.0,0.0
2021-06-29,2021-06,oracle_reference,0.05,60,222.0,210.9000001,11.0999999,11.0999999,0,11.09999990000001,13237.0,0.0
2021-06-29,2021-06,retained_model,0.1,30,222.0,205.43530400778752,16.564695992212478,13.123008604203477,0,210.0704460638758,13237.0,0.0
2021-06-29,2021-06,seasonal_naive,0.1,30,222.0,225.29157313988753,-3.2915731398875323,18.899999900000097,1,114.61914733727764,13237.0,0.0
2021-06-29,2021-06,oracle_reference,0.1,30,222.0,199.8000001,22.199999899999995,22.199999899999995,0,29.799999599999985,13237.0,0.0
2021-06-29,2021-06,retained_model,0.1,60,222.0,200.5635065893493,21.436493410650712,17.756854206202405,0,310.39097810417127,13237.0,0.0
2021-06-29,2021-06,seasonal_naive,0.1,60,222.0,222.0,0.0,18.899999900000097,0,94.81224604290335,13237.0,0.0
2021-06-29,2021-06,oracle_reference,0.1,60,222.0,199.8000001,22.199999899999995,22.199999899999995,0,29.799999599999985,13237.0,0.0
2021-06-29,2021-06,retained_model,0.15,30,222.0,201.5451353893255,20.45486461067449,15.48101653072635,0,352.84101315208045,13237.0,0.0
2021-06-29,2021-06,seasonal_naive,0.15,30,222.0,212.2453652747191,9.754634725280908,24.874999900000006,0,409.61377753635423,13237.0,0.0
2021-06-29,2021-06,oracle_reference,0.15,30,222.0,188.70000009999998,33.29999990000002,33.29999990000002,0,100.59999880000021,13237.0,0.0
2021-06-29,2021-06,retained_model,0.15,60,222.0,194.28222548195316,27.717774518046838,22.222341935913533,0,533.3077118869147,13237.0,0.0
2021-06-29,2021-06,seasonal_naive,0.15,60,222.0,208.2743750957621,13.72562490423789,28.349999899999915,0,396.36502488861726,13237.0,0.0
2021-06-29,2021-06,oracle_reference,0.15,60,222.0,188.70000009999998,33.29999990000002,33.29999990000002,0,83.39999920000014,13237.0,0.0
2021-06-30,2021-06,retained_model,0.0,30,193.0,193.0,0.0,0.0,0,0.0,12637.0,0.0
2021-06-30,2021-06,seasonal_naive,0.0,30,193.0,193.0,0.0,0.0,0,0.0,12637.0,0.0
2021-06-30,2021-06,oracle_reference,0.0,30,193.0,193.0,0.0,0.0,0,0.0,12637.0,0.0
2021-06-30,2021-06,retained_model,0.0,60,193.0,193.0,0.0,0.0,0,0.0,12637.0,0.0
2021-06-30,2021-06,seasonal_naive,0.0,60,193.0,193.0,0.0,0.0,0,0.0,12637.0,0.0
2021-06-30,2021-06,oracle_reference,0.0,60,193.0,193.0,0.0,0.0,0,0.0,12637.0,0.0
2021-06-30,2021-06,retained_model,0.05,30,193.0,187.2027249667063,5.797275033293687,8.576483698710632,0,63.20442136251576,12637.0,0.0
2021-06-30,2021-06,seasonal_naive,0.05,30,193.0,193.0,0.0,8.699999899999995,0,17.17075886932439,12637.0,0.0
2021-06-30,2021-06,oracle_reference,0.05,30,193.0,183.3500001000001,9.649999899999898,9.649999899999898,0,19.549999299999275,12637.0,0.0
2021-06-30,2021-06,retained_model,0.05,60,193.0,187.30752629955518,5.692473700444822,8.59368652670696,0,45.52310415496183,12637.0,0.0
2021-06-30,2021-06,seasonal_naive,0.05,60,193.0,193.0,0.0,8.699999899999995,0,17.17075886932439,12637.0,0.0
2021-06-30,2021-06,oracle_reference,0.05,60,193.0,183.3500001,9.649999900000012,9.649999900000012,0,16.249999500000044,12637.0,0.0
2021-06-30,2021-06,retained_model,0.1,30,193.0,183.12692491666203,9.873075083337966,12.243924846287342,0,194.75920460159966,12637.0,0.0
2021-06-30,2021-06,seasonal_naive,0.1,30,193.0,194.77209082010634,-1.7720908201063423,17.399999899999983,1,170.8891521987375,12637.0,0.0
2021-06-30,2021-06,oracle_reference,0.1,30,193.0,173.70000009999998,19.299999900000017,19.299999900000017,0,129.99999810000034,12637.0,0.0
2021-06-30,2021-06,retained_model,0.1,60,193.0,181.0,12.0,16.661676844925125,0,280.6551476068819,12637.0,0.0
2021-06-30,2021-06,seasonal_naive,0.1,60,193.0,195.32626242657287,-2.3262624265728675,17.39999990000001,1,134.72219341650234,12637.0,0.0
2021-06-30,2021-06,oracle_reference,0.1,60,193.0,173.70000009999998,19.299999900000017,19.299999900000017,0,83.99999900000017,12637.0,0.0
2021-06-30,2021-06,retained_model,0.15,30,193.0,181.0,12.0,14.47915725223541,0,311.71091200486524,12637.0,0.0
2021-06-30,2021-06,seasonal_naive,0.15,30,193.0,187.20356385391986,5.79643614608014,22.933333233333315,0,491.78027358262597,12637.0,0.0
2021-06-30,2021-06,oracle_reference,0.15,30,193.0,166.40625010000002,26.593749899999978,26.593749899999978,0,337.58124490000023,12637.0,0.0
2021-06-30,2021-06,retained_model,0.15,60,193.0,181.0,12.0,20.80990358036985,0,497.7330171242249,12637.0,0.0
2021-06-30,2021-06,seasonal_naive,0.15,60,193.0,191.45800876283414,1.5419912371658597,26.099999900000114,0,494.97260700088765,12637.0,0.0
2021-06-30,2021-06,oracle_reference,0.15,60,193.0,164.05000010000003,28.949999899999966,28.949999899999966,0,264.5999971999998,12637.0,0.0
2021-07-01,2021-07,retained_model,0.0,30,206.0,206.0,0.0,0.0,0,0.0,13323.0,0.0
2021-07-01,2021-07,seasonal_naive,0.0,30,206.0,206.0,0.0,0.0,0,0.0,13323.0,0.0
2021-07-01,2021-07,oracle_reference,0.0,30,206.0,206.0,0.0,0.0,0,0.0,13323.0,0.0
2021-07-01,2021-07,retained_model,0.0,60,206.0,206.0,0.0,0.0,0,0.0,13323.0,0.0
2021-07-01,2021-07,seasonal_naive,0.0,60,206.0,206.0,0.0,0.0,0,0.0,13323.0,0.0
2021-07-01,2021-07,oracle_reference,0.0,60,206.0,206.0,0.0,0.0,0,0.0,13323.0,0.0
2021-07-01,2021-07,retained_model,0.05,30,206.0,205.2410189937726,0.7589810062274012,9.483604855565261,0,79.5696457761119,13323.0,0.0
2021-07-01,2021-07,seasonal_naive,0.05,30,206.0,202.29999989157895,3.700000108421051,9.499999900000006,0,27.391590656760265,13323.0,0.0
2021-07-01,2021-07,oracle_reference,0.05,30,206.0,195.70000009999998,10.299999900000017,10.299999900000017,0,12.099999300000109,13323.0,0.0
2021-07-01,2021-07,retained_model,0.05,60,206.0,205.24101899377234,0.758981006227657,9.483604855565488,0,50.384078981836396,13323.0,0.0
2021-07-01,2021-07,seasonal_naive,0.05,60,206.0,206.29999989157895,-0.299999891578949,9.499999900000006,1,27.391590656760265,13323.0,0.0
2021-07-01,2021-07,oracle_reference,0.05,60,206.0,195.70000009999998,10.299999900000017,10.299999900000017,0,11.899999700000048,13323.0,0.0
2021-07-01,2021-07,retained_model,0.1,30,206.0,198.96417047670303,7.035829523296968,14.994276594124898,0,256.9236688132661,13323.0,0.0
2021-07-01,2021-07,seasonal_naive,0.1,30,206.0,204.67368431894738,1.3263156810526198,18.999999899999978,0,121.21446767584435,13323.0,0.0
2021-07-01,2021-07,oracle_reference,0.1,30,206.0,185.40000009999977,20.599999900000228,20.599999900000228,0,120.59999840000364,13323.0,0.0
2021-07-01,2021-07,retained_model,0.1,60,206.0,194.43886010535815,11.561139894641855,18.967209811131,0,292.0631494374662,13323.0,0.0
2021-07-01,2021-07,seasonal_naive,0.1,60,206.0,201.7252746186813,4.274725381318689,18.999999900000006,0,92.76876301883432,13323.0,0.0
2021-07-01,2021-07,oracle_reference,0.1,60,206.0,185.4000001,20.5999999,20.5999999,0,94.39999859999998,13323.0,0.0
2021-07-01,2021-07,retained_model,0.15,30,206.0,195.8332667412258,10.166733258774201,17.743009924923882,0,401.7158388464707,13323.0,0.0
2021-07-01,2021-07,seasonal_naive,0.15,30,206.0,200.8133255082835,5.186674491716502,27.966666566666674,0,444.5269399336241,13323.0,0.0
2021-07-01,2021-07,oracle_reference,0.15,30,206.0,175.57857152857147,30.421428471428527,30.421428471428527,0,405.53571038571374,13323.0,0.0
2021-07-01,2021-07,retained_model,0.15,60,206.0,188.2313858613941,17.768614138605898,24.17337363976179,0,558.2355412863772,13323.0,0.0
2021-07-01,2021-07,seasonal_naive,0.15,60,206.0,201.19230779890108,4.8076922010989165,28.499999900000006,0,297.8556736057274,13323.0,0.0
2021-07-01,2021-07,oracle_reference,0.15,60,206.0,175.10000010000002,30.899999899999983,30.899999899999983,0,277.99999800000023,13323.0,0.0
2021-07-02,2021-07,retained_model,0.0,30,187.0,187.0,0.0,0.0,0,0.0,12637.0,0.0
2021-07-02,2021-07,seasonal_naive,0.0,30,187.0,187.0,0.0,0.0,0,0.0,12637.0,0.0
2021-07-02,2021-07,oracle_reference,0.0,30,187.0,187.0,0.0,0.0,0,0.0,12637.0,0.0
2021-07-02,2021-07,retained_model,0.0,60,187.0,187.0,0.0,0.0,0,0.0,12637.0,0.0
2021-07-02,2021-07,seasonal_naive,0.0,60,187.0,187.0,0.0,0.0,0,0.0,12637.0,0.0
2021-07-02,2021-07,oracle_reference,0.0,60,187.0,187.0,0.0,0.0,0,0.0,12637.0,0.0
2021-07-02,2021-07,retained_model,0.05,30,187.0,183.84396837278004,3.15603162721996,5.41674946232655,0,91.7701280945982,12637.0,0.0
2021-07-02,2021-07,seasonal_naive,0.05,30,187.0,189.9187636287429,-2.9187636287429086,9.299999899999989,1,70.73566463864748,12637.0,0.0
2021-07-02,2021-07,oracle_reference,0.05,30,187.0,177.65000010000003,9.349999899999972,9.349999899999972,0,34.14999909999975,12637.0,0.0
2021-07-02,2021-07,retained_model,0.05,60,187.0,182.55155053056237,4.448449469437634,7.902032570777493,0,130.91936554628273,12637.0,0.0
2021-07-02,2021-07,seasonal_naive,0.05,60,187.0,189.54166671417718,-2.5416667141771825,9.299999900000017,1,58.51513344585128,12637.0,0.0
2021-07-02,2021-07,oracle_reference,0.05,60,187.0,177.6500001,9.3499999,9.3499999,0,31.099999400000033,12637.0,0.0
2021-07-02,2021-07,retained_model,0.1,30,187.0,182.3122806404101,4.687719359589892,7.87630906470568,0,202.74214761814136,12637.0,0.0
2021-07-02,2021-07,seasonal_naive,0.1,30,187.0,195.61346673185722,-8.613466731857216,15.19166656666664,1,266.8106318066121,12637.0,0.0
2021-07-02,2021-07,oracle_reference,0.1,30,187.0,168.3000001,18.699999899999995,18.699999899999995,0,210.8999967999998,12637.0,0.0
2021-07-02,2021-07,retained_model,0.1,60,187.0,177.52646881855003,9.473531181449971,12.737036913470718,0,300.0000363905013,12637.0,0.0
2021-07-02,2021-07,seasonal_naive,0.1,60,187.0,192.2179776247191,-5.217977624719111,18.599999899999972,1,308.8907836072088,12637.0,0.0
2021-07-02,2021-07,oracle_reference,0.1,60,187.0,168.3000001,18.699999899999995,18.699999899999995,0,147.1999983999999,12637.0,0.0
2021-07-02,2021-07,retained_model,0.15,30,187.0,179.4248295758597,7.57517042414031,10.2809494830164,0,330.62683623609576,12637.0,0.0
2021-07-02,2021-07,seasonal_naive,0.15,30,187.0,191.75651602782952,-4.7565160278295195,18.215384515384585,1,469.51713145372,12637.0,0.0
2021-07-02,2021-07,oracle_reference,0.15,30,187.0,164.70714295714288,22.292857042857122,22.292857042857122,0,366.82142187142915,12637.0,0.0
2021-07-02,2021-07,retained_model,0.15,60,187.0,175.44999859038631,11.550001409613685,17.500684802054167,0,532.9681156586973,12637.0,0.0
2021-07-02,2021-07,seasonal_naive,0.15,60,187.0,181.7835070661422,5.216492933857808,24.342646958823508,0,664.738796887736,12637.0,0.0
2021-07-02,2021-07,oracle_reference,0.15,60,187.0,158.95000009999995,28.049999900000046,28.049999900000046,0,422.79999640000165,12637.0,-1.8189894035458565e-12
2021-07-03,2021-07,retained_model,0.0,30,112.0,112.0,0.0,0.0,0,0.0,4350.0,0.0
2021-07-03,2021-07,seasonal_naive,0.0,30,112.0,112.0,0.0,0.0,0,0.0,4350.0,0.0
2021-07-03,2021-07,oracle_reference,0.0,30,112.0,112.0,0.0,0.0,0,0.0,4350.0,0.0
2021-07-03,2021-07,retained_model,0.0,60,112.0,112.0,0.0,0.0,0,0.0,4350.0,0.0
2021-07-03,2021-07,seasonal_naive,0.0,60,112.0,112.0,0.0,0.0,0,0.0,4350.0,0.0
2021-07-03,2021-07,oracle_reference,0.0,60,112.0,112.0,0.0,0.0,0,0.0,4350.0,0.0
2021-07-03,2021-07,retained_model,0.05,30,112.0,109.55950477429487,2.440495225705135,4.448775995629433,0,75.91068012081686,4350.0,0.0
2021-07-03,2021-07,seasonal_naive,0.05,30,112.0,113.29999991908397,-1.299999919083973,6.549999900000003,1,9.007809575747643,4350.0,0.0
2021-07-03,2021-07,oracle_reference,0.05,30,112.0,106.4000001,5.5999999,5.5999999,0,13.799999200000002,4350.0,0.0
2021-07-03,2021-07,retained_model,0.05,60,112.0,109.09098936854951,2.909010631450485,5.05839038493076,0,62.218300193127675,4350.0,0.0
2021-07-03,2021-07,seasonal_naive,0.05,60,112.0,113.21785706428572,-1.2178570642857238,6.549999900000017,1,9.00780957574769,4350.0,0.0
2021-07-03,2021-07,oracle_reference,0.05,60,112.0,106.4000001,5.5999999,5.5999999,0,11.999999499999996,4350.0,-9.094947017729282e-13
2021-07-03,2021-07,retained_model,0.1,30,112.0,108.43875295972298,3.561247040277024,5.520768442090258,0,130.77886772421186,4350.0,0.0
2021-07-03,2021-07,seasonal_naive,0.1,30,112.0,116.8198474091603,-4.819847409160303,13.0999999,1,51.05099061627409,4350.0,0.0
2021-07-03,2021-07,oracle_reference,0.1,30,112.0,102.3076924076923,9.6923075923077,9.6923075923077,0,101.22307202307726,4350.0,0.0
2021-07-03,2021-07,retained_model,0.1,60,112.0,106.76783533173607,5.232164668263934,7.105094578803914,0,156.73091663686571,4350.0,0.0
2021-07-03,2021-07,seasonal_naive,0.1,60,112.0,116.8198474091603,-4.819847409160303,13.0999999,1,49.3224193448455,4350.0,0.0
2021-07-03,2021-07,oracle_reference,0.1,60,112.0,100.8000001,11.199999899999995,11.199999899999995,0,95.79999759999986,4350.0,0.0
2021-07-03,2021-07,retained_model,0.15,30,112.0,107.63011831711533,4.369881682884667,6.309086205563233,0,193.44858373962398,4350.0,0.0
2021-07-03,2021-07,seasonal_naive,0.15,30,112.0,112.01163111413587,-0.011631114135866483,19.64999990000011,1,191.25923098012998,4350.0,0.0
2021-07-03,2021-07,oracle_reference,0.15,30,112.0,100.73571438571429,11.264285614285711,11.264285614285711,0,164.45713755714348,4350.0,0.0
2021-07-03,2021-07,retained_model,0.15,60,112.0,104.97387778986811,7.026122210131888,8.68557541063366,0,243.2962762772684,4350.0,0.0
2021-07-03,2021-07,seasonal_naive,0.15,60,112.0,112.83357791871627,-0.8335779187162728,19.64999990000001,1,109.29103135459093,4350.0,0.0
2021-07-03,2021-07,oracle_reference,0.15,60,112.0,96.3400001,15.659999900000003,15.659999900000003,0,266.7999925000013,4350.0,0.0
2021-07-04,2021-07,retained_model,0.0,30,28.0,28.0,0.0,0.0,0,0.0,2232.0,0.0
2021-07-04,2021-07,seasonal_naive,0.0,30,28.0,28.0,0.0,0.0,0,0.0,2232.0,0.0
2021-07-04,2021-07,oracle_reference,0.0,30,28.0,28.0,0.0,0.0,0,0.0,2232.0,0.0
2021-07-04,2021-07,retained_model,0.0,60,28.0,28.0,0.0,0.0,0,0.0,2232.0,0.0
2021-07-04,2021-07,seasonal_naive,0.0,60,28.0,28.0,0.0,0.0,0,0.0,2232.0,0.0
2021-07-04,2021-07,oracle_reference,0.0,60,28.0,28.0,0.0,0.0,0,0.0,2232.0,0.0
2021-07-04,2021-07,retained_model,0.05,30,28.0,28.0,0.0,1.5499998999999995,0,1.1499999258064513,2232.0,0.0
2021-07-04,2021-07,seasonal_naive,0.05,30,28.0,28.0,0.0,1.5499998999999995,0,1.1499999258064513,2232.0,0.0
2021-07-04,2021-07,oracle_reference,0.05,30,28.0,26.600000100000003,1.3999998999999974,1.3999998999999974,0,6.599999099999982,2232.0,0.0
2021-07-04,2021-07,retained_model,0.05,60,28.0,28.0,0.0,1.5499998999999995,0,1.1499999258064513,2232.0,0.0
2021-07-04,2021-07,seasonal_naive,0.05,60,28.0,28.0,0.0,1.5499998999999995,0,1.1499999258064513,2232.0,0.0
2021-07-04,2021-07,oracle_reference,0.05,60,28.0,26.600000100000003,1.3999998999999974,1.3999998999999974,0,6.599999099999982,2232.0,0.0
2021-07-04,2021-07,retained_model,0.1,30,28.0,28.0,0.0,3.0999999000000003,0,4.2876842533926585,2232.0,0.0
2021-07-04,2021-07,seasonal_naive,0.1,30,28.0,28.0,0.0,3.0999999000000003,0,4.2876842533926585,2232.0,0.0
2021-07-04,2021-07,oracle_reference,0.1,30,28.0,25.200000100000004,2.799999899999996,2.799999899999996,0,20.199998599999994,2232.0,0.0
2021-07-04,2021-07,retained_model,0.1,60,28.0,28.872413713793105,-0.8724137137931045,3.0999999000000003,1,4.2876842533926585,2232.0,0.0
2021-07-04,2021-07,seasonal_naive,0.1,60,28.0,28.872413713793105,-0.8724137137931045,3.0999999000000003,1,4.2876842533926585,2232.0,0.0
2021-07-04,2021-07,oracle_reference,0.1,60,28.0,25.2000001,2.7999998999999995,2.7999998999999995,0,19.999999,2232.0,0.0
2021-07-04,2021-07,retained_model,0.15,30,28.0,28.355357060714283,-0.3553570607142831,4.649999899999994,1,13.875405131407597,2232.0,0.0
2021-07-04,2021-07,seasonal_naive,0.15,30,28.0,28.355357060714283,-0.3553570607142831,4.649999899999994,1,13.875405131407597,2232.0,0.0
2021-07-04,2021-07,oracle_reference,0.15,30,28.0,23.800000100000005,4.199999899999995,4.199999899999995,0,59.999994999999906,2232.0,0.0
2021-07-04,2021-07,retained_model,0.15,60,28.0,29.863793182758624,-1.8637931827586236,4.649999899999994,1,13.875405131407597,2232.0,4.547473508864641e-13
2021-07-04,2021-07,seasonal_naive,0.15,60,28.0,29.863793182758624,-1.8637931827586236,4.649999899999994,1,13.875405131407597,2232.0,4.547473508864641e-13
2021-07-04,2021-07,oracle_reference,0.15,60,28.0,23.800000100000013,4.1999998999999875,4.1999998999999875,0,43.39999679999961,2232.0,-4.547473508864641e-13
2021-07-05,2021-07,retained_model,0.0,30,185.0,185.0,0.0,0.0,0,0.0,10137.0,0.0
2021-07-05,2021-07,seasonal_naive,0.0,30,185.0,185.0,0.0,0.0,0,0.0,10137.0,0.0
2021-07-05,2021-07,oracle_reference,0.0,30,185.0,185.0,0.0,0.0,0,0.0,10137.0,0.0
2021-07-05,2021-07,retained_model,0.0,60,185.0,185.0,0.0,0.0,0,0.0,10137.0,0.0
2021-07-05,2021-07,seasonal_naive,0.0,60,185.0,185.0,0.0,0.0,0,0.0,10137.0,0.0
2021-07-05,2021-07,oracle_reference,0.0,60,185.0,185.0,0.0,0.0,0,0.0,10137.0,0.0
2021-07-05,2021-07,retained_model,0.05,30,185.0,185.0,0.0,9.265674184866782,0,63.19881493977195,10137.0,0.0
2021-07-05,2021-07,seasonal_naive,0.05,30,185.0,185.0,0.0,9.899999900000239,0,27.91459843637149,10137.0,0.0
2021-07-05,2021-07,oracle_reference,0.05,30,185.0,175.7500001,9.249999900000006,9.249999900000006,0,49.99999880000008,10137.0,0.0
2021-07-05,2021-07,retained_model,0.05,60,185.0,186.58864683484063,-1.588646834840631,9.265674184866782,1,48.12293115382957,10137.0,0.0
2021-07-05,2021-07,seasonal_naive,0.05,60,185.0,189.26528488704665,-4.265284887046647,9.899999900000012,1,27.914598436369594,10137.0,0.0
2021-07-05,2021-07,oracle_reference,0.05,60,185.0,175.7500001,9.249999900000006,9.249999900000006,0,45.99999920000007,10137.0,0.0
2021-07-05,2021-07,retained_model,0.1,30,185.0,187.11715420677226,-2.1171542067722555,15.240149994994397,1,252.7850411358698,10137.0,0.0
2021-07-05,2021-07,seasonal_naive,0.1,30,185.0,192.06344920205464,-7.063449202054642,19.799999900000046,1,188.196945029557,10137.0,0.0
2021-07-05,2021-07,oracle_reference,0.1,30,185.0,168.05714295714287,16.942857042857128,16.942857042857128,0,233.0142796142865,10137.0,0.0
2021-07-05,2021-07,retained_model,0.1,60,185.0,183.76189074337356,1.2381092566264442,18.531348469733587,0,263.39717765424734,10137.0,0.0
2021-07-05,2021-07,seasonal_naive,0.1,60,185.0,194.50396493321693,-9.503964933216935,19.799999900000017,1,155.68559861116358,10137.0,0.0
2021-07-05,2021-07,oracle_reference,0.1,60,185.0,166.50000010000002,18.499999899999978,18.499999899999978,0,207.49999710000014,10137.0,0.0
2021-07-05,2021-07,retained_model,0.15,30,185.0,183.81596625395744,1.1840337460425587,17.66817718567637,0,378.3543353085033,10137.0,0.0
2021-07-05,2021-07,seasonal_naive,0.15,30,185.0,190.25362383988124,-5.253623839881243,24.762499899999995,1,436.9358942830278,10137.0,0.0
2021-07-05,2021-07,oracle_reference,0.15,30,185.0,165.58571438571425,19.414285614285745,19.414285614285745,0,352.9357080857162,10137.0,0.0
2021-07-05,2021-07,retained_model,0.15,60,185.0,175.84510992169677,9.154890078303225,24.658839751419322,0,569.7139434763716,10137.0,0.0
2021-07-05,2021-07,seasonal_naive,0.15,60,185.0,185.29347835869567,-0.2934783586956655,29.699999899999966,1,490.13797082599996,10137.0,0.0
2021-07-05,2021-07,oracle_reference,0.15,60,185.0,158.54000010000001,26.459999899999985,26.459999899999985,0,490.359993400001,10137.0,0.0
2021-07-06,2021-07,retained_model,0.0,30,193.0,193.0,0.0,0.0,0,0.0,12766.0,0.0
2021-07-06,2021-07,seasonal_naive,0.0,30,193.0,193.0,0.0,0.0,0,0.0,12766.0,0.0
2021-07-06,2021-07,oracle_reference,0.0,30,193.0,193.0,0.0,0.0,0,0.0,12766.0,0.0
2021-07-06,2021-07,retained_model,0.0,60,193.0,193.0,0.0,0.0,0,0.0,12766.0,0.0
2021-07-06,2021-07,seasonal_naive,0.0,60,193.0,193.0,0.0,0.0,0,0.0,12766.0,0.0
2021-07-06,2021-07,oracle_reference,0.0,60,193.0,193.0,0.0,0.0,0,0.0,12766.0,0.0
2021-07-06,2021-07,retained_model,0.05,30,193.0,186.87391483993537,6.126085160064633,9.405982198656204,0,74.0126623491233,12766.0,0.0
2021-07-06,2021-07,seasonal_naive,0.05,30,193.0,193.0,0.0,11.0999999,0,8.849999920270278,12766.0,0.0
2021-07-06,2021-07,oracle_reference,0.05,30,193.0,183.3500001,9.649999900000012,9.649999900000012,0,12.949999700000046,12766.0,0.0
2021-07-06,2021-07,retained_model,0.05,60,193.0,186.9501683283485,6.0498316716515035,9.405982198655778,0,53.98954908547078,12766.0,0.0
2021-07-06,2021-07,seasonal_naive,0.05,60,193.0,193.0,0.0,11.0999999,0,8.849999920270278,12766.0,0.0
2021-07-06,2021-07,oracle_reference,0.05,60,193.0,183.35000010000002,9.649999899999983,9.649999899999983,0,12.94999969999996,12766.0,0.0
2021-07-06,2021-07,retained_model,0.1,30,193.0,184.9239104717707,8.07608952822929,14.07635997277103,0,229.35119102480388,12766.0,0.0
2021-07-06,2021-07,seasonal_naive,0.1,30,193.0,193.0,0.0,22.199999899999995,0,24.376434441956246,12766.0,0.0
2021-07-06,2021-07,oracle_reference,0.1,30,193.0,173.7000000999999,19.299999900000103,19.299999900000103,0,137.59999590000422,12766.0,0.0
2021-07-06,2021-07,retained_model,0.1,60,193.0,182.4917168367422,10.5082831632578,18.68913137432611,0,310.51464040663797,12766.0,0.0
2021-07-06,2021-07,seasonal_naive,0.1,60,193.0,202.20070512441572,-9.20070512441572,22.199999899999995,1,24.376434441956246,12766.0,0.0
2021-07-06,2021-07,oracle_reference,0.1,60,193.0,173.70000009999998,19.299999900000017,19.299999900000017,0,96.79999840000028,12766.0,0.0
2021-07-06,2021-07,retained_model,0.15,30,193.0,182.53391591586217,10.466084084137833,16.356303946097086,0,338.01155463386453,12766.0,0.0
2021-07-06,2021-07,seasonal_naive,0.15,30,193.0,191.6638640107536,1.3361359892464009,33.29999990000002,0,86.59543041133855,12766.0,0.0
2021-07-06,2021-07,oracle_reference,0.15,30,193.0,169.5500001,23.449999899999995,23.449999899999995,0,348.1499927000017,12766.0,1.8189894035458565e-12
2021-07-06,2021-07,retained_model,0.15,60,193.0,182.0949789585181,10.905021041481888,22.760966718977414,0,488.19116900030315,12766.0,0.0
2021-07-06,2021-07,seasonal_naive,0.15,60,193.0,192.69365089576718,0.30634910423282236,33.29999990000002,0,70.46694597299967,12766.0,0.0
2021-07-06,2021-07,oracle_reference,0.15,60,193.0,164.05000010000003,28.949999899999966,28.949999899999966,0,428.2499950999984,12766.0,0.0
2021-07-07,2021-07,retained_model,0.0,30,203.0,203.0,0.0,0.0,0,0.0,12932.0,0.0
2021-07-07,2021-07,seasonal_naive,0.0,30,203.0,203.0,0.0,0.0,0,0.0,12932.0,0.0
2021-07-07,2021-07,oracle_reference,0.0,30,203.0,203.0,0.0,0.0,0,0.0,12932.0,0.0
2021-07-07,2021-07,retained_model,0.0,60,203.0,203.0,0.0,0.0,0,0.0,12932.0,0.0
2021-07-07,2021-07,seasonal_naive,0.0,60,203.0,203.0,0.0,0.0,0,0.0,12932.0,0.0
2021-07-07,2021-07,oracle_reference,0.0,60,203.0,203.0,0.0,0.0,0,0.0,12932.0,0.0
2021-07-07,2021-07,retained_model,0.05,30,203.0,193.57656013800974,9.42343986199026,8.07592769024177,0,94.99605019734484,12932.0,0.0
2021-07-07,2021-07,seasonal_naive,0.05,30,203.0,192.85000010518146,10.149999894818535,9.649999899999898,0,20.072175095970053,12932.0,0.0
2021-07-07,2021-07,oracle_reference,0.05,30,203.0,192.8500001,10.149999900000012,10.149999900000012,0,10.149999900000008,12932.0,0.0
2021-07-07,2021-07,retained_model,0.05,60,203.0,192.8500001166856,10.149999883314393,8.698592691639163,0,77.37049112510664,12932.0,0.0
2021-07-07,2021-07,seasonal_naive,0.05,60,203.0,192.85000010518132,10.149999894818677,9.649999900000012,0,16.718370951405618,12932.0,0.0
2021-07-07,2021-07,oracle_reference,0.05,60,203.0,192.8500001,10.149999900000012,10.149999900000012,0,10.149999900000008,12932.0,0.0
2021-07-07,2021-07,retained_model,0.1,30,203.0,189.6253707492906,13.374629250709404,11.462113654292352,0,273.86790536334144,12932.0,0.0
2021-07-07,2021-07,seasonal_naive,0.1,30,203.0,187.67065227282606,15.32934772717394,19.299999900000017,0,129.3240854404541,12932.0,0.0
2021-07-07,2021-07,oracle_reference,0.1,30,203.0,182.70000009999998,20.299999900000017,20.299999900000017,0,53.299998900000205,12932.0,0.0
2021-07-07,2021-07,retained_model,0.1,60,203.0,184.263454815466,18.73654518453401,15.945686700435488,0,365.23663669083135,12932.0,0.0
2021-07-07,2021-07,seasonal_naive,0.1,60,203.0,187.6278075839572,15.372192416042793,19.299999900000017,0,83.85240304369756,12932.0,0.0
2021-07-07,2021-07,oracle_reference,0.1,60,203.0,182.70000009999998,20.299999900000017,20.299999900000017,0,44.39999920000015,12932.0,0.0
2021-07-07,2021-07,retained_model,0.15,30,203.0,186.97357361684894,16.026426383151062,13.705312733875559,0,399.92276396244586,12932.0,0.0
2021-07-07,2021-07,seasonal_naive,0.15,30,203.0,193.98431820591725,9.015681794082752,26.593749899999978,0,340.104262325539,12932.0,0.0
2021-07-07,2021-07,oracle_reference,0.15,30,203.0,172.55000009999992,30.44999990000008,30.44999990000008,0,351.9499929000077,12932.0,0.0
2021-07-07,2021-07,retained_model,0.15,60,203.0,182.18264317552593,20.817356824474075,20.11467903383499,0,616.5512278094664,12932.0,0.0
2021-07-07,2021-07,seasonal_naive,0.15,60,203.0,193.76686302485203,9.233136975147971,28.949999899999966,0,266.11481558530517,12932.0,0.0
2021-07-07,2021-07,oracle_reference,0.15,60,203.0,172.5500001,30.449999899999995,30.449999899999995,0,211.19999639999986,12932.0,0.0
2021-07-08,2021-07,retained_model,0.0,30,201.0,201.0,0.0,0.0,0,0.0,13078.0,0.0
2021-07-08,2021-07,seasonal_naive,0.0,30,201.0,201.0,0.0,0.0,0,0.0,13078.0,0.0
2021-07-08,2021-07,oracle_reference,0.0,30,201.0,201.0,0.0,0.0,0,0.0,13078.0,0.0
2021-07-08,2021-07,retained_model,0.0,60,201.0,201.0,0.0,0.0,0,0.0,13078.0,0.0
2021-07-08,2021-07,seasonal_naive,0.0,60,201.0,201.0,0.0,0.0,0,0.0,13078.0,0.0
2021-07-08,2021-07,oracle_reference,0.0,60,201.0,201.0,0.0,0.0,0,0.0,13078.0,0.0
2021-07-08,2021-07,retained_model,0.05,30,201.0,201.0,0.0,9.371159272356095,0,36.439839393727304,13078.0,0.0
2021-07-08,2021-07,seasonal_naive,0.05,30,201.0,203.43058261699028,-2.4305826169902787,10.299999900000017,1,11.256122874915624,13078.0,0.0
2021-07-08,2021-07,oracle_reference,0.05,30,201.0,190.9500001000001,10.049999899999904,10.049999899999904,0,33.54999889999925,13078.0,0.0
2021-07-08,2021-07,retained_model,0.05,60,201.0,201.0,0.0,9.371159272356067,0,30.7211814195729,13078.0,0.0
2021-07-08,2021-07,seasonal_naive,0.05,60,201.0,201.0,0.0,10.299999900000017,0,11.04890679450319,13078.0,0.0
2021-07-08,2021-07,oracle_reference,0.05,60,201.0,190.95000009999998,10.049999900000017,10.049999900000017,0,30.299999400000118,13078.0,0.0
2021-07-08,2021-07,retained_model,0.1,30,201.0,196.9996232252885,4.000376774711498,15.74103326354944,0,281.558855727205,13078.0,0.0
2021-07-08,2021-07,seasonal_naive,0.1,30,201.0,207.84976453551022,-6.849764535510218,20.599999900000228,1,117.41548921311087,13078.0,0.0
2021-07-08,2021-07,oracle_reference,0.1,30,201.0,180.90000009999991,20.099999900000086,20.099999900000086,0,252.3999946000061,13078.0,0.0
2021-07-08,2021-07,retained_model,0.1,60,201.0,193.5651987196575,7.434801280342498,18.742318644712185,0,262.8050125245038,13078.0,0.0
2021-07-08,2021-07,seasonal_naive,0.1,60,201.0,203.62765947340426,-2.6276594734042646,20.5999999,1,91.22372808059617,13078.0,0.0
2021-07-08,2021-07,oracle_reference,0.1,60,201.0,180.9000001000001,20.099999899999887,20.099999899999887,0,171.3999975999979,13078.0,0.0
2021-07-08,2021-07,retained_model,0.15,30,201.0,194.45418734040786,6.545812659592144,17.967616508710933,0,399.70809142499746,13078.0,0.0
2021-07-08,2021-07,seasonal_naive,0.15,30,201.0,201.58472654483285,-0.5847265448328471,30.421428471428527,1,396.51700514523657,13078.0,0.0
2021-07-08,2021-07,oracle_reference,0.15,30,201.0,176.25384625384618,24.746153746153823,24.746153746153823,0,493.3730697230774,13078.0,0.0
2021-07-08,2021-07,retained_model,0.15,60,201.0,187.03589413298306,13.96410586701694,24.432229732246668,0,561.066766632338,13078.0,0.0
2021-07-08,2021-07,seasonal_naive,0.15,60,201.0,201.10391071843574,-0.10391071843574196,30.899999899999983,1,271.1994375493297,13078.0,0.0
2021-07-08,2021-07,oracle_reference,0.15,60,201.0,170.85000010000005,30.149999899999955,30.149999899999955,0,454.8499960999994,13078.0,0.0
2021-07-09,2021-07,retained_model,0.0,30,192.0,192.0,0.0,0.0,0,0.0,12613.0,0.0
2021-07-09,2021-07,seasonal_naive,0.0,30,192.0,192.0,0.0,0.0,0,0.0,12613.0,0.0
2021-07-09,2021-07,oracle_reference,0.0,30,192.0,192.0,0.0,0.0,0,0.0,12613.0,0.0
2021-07-09,2021-07,retained_model,0.0,60,192.0,192.0,0.0,0.0,0,0.0,12613.0,0.0
2021-07-09,2021-07,seasonal_naive,0.0,60,192.0,192.0,0.0,0.0,0,0.0,12613.0,0.0
2021-07-09,2021-07,oracle_reference,0.0,60,192.0,192.0,0.0,0.0,0,0.0,12613.0,0.0
2021-07-09,2021-07,retained_model,0.05,30,192.0,188.67812647531977,3.3218735246802282,8.12228227610882,0,109.99240694960602,12613.0,0.0
2021-07-09,2021-07,seasonal_naive,0.05,30,192.0,192.22245971336892,-0.22245971336892012,9.349999899999972,1,31.844339181934373,12613.0,0.0
2021-07-09,2021-07,oracle_reference,0.05,30,192.0,182.4000001,9.5999999,9.5999999,0,30.199999299999998,12613.0,0.0
2021-07-09,2021-07,retained_model,0.05,60,192.0,187.4200335517541,4.579966448245898,9.309645075706015,0,96.48680453694698,12613.0,0.0
2021-07-09,2021-07,seasonal_naive,0.05,60,192.0,192.0,0.0,9.3499999,0,28.93219257571994,12613.0,0.0
2021-07-09,2021-07,oracle_reference,0.05,60,192.0,182.4000001,9.5999999,9.5999999,0,30.199999299999998,12613.0,0.0
2021-07-09,2021-07,retained_model,0.1,30,192.0,185.4703011569302,6.529698843069809,11.082006973233149,0,247.83922918268394,12613.0,0.0
2021-07-09,2021-07,seasonal_naive,0.1,30,192.0,188.0,4.0,18.699999899999995,0,209.28134973314752,12613.0,0.0
2021-07-09,2021-07,oracle_reference,0.1,30,192.0,172.80000010000003,19.199999899999966,19.199999899999966,0,126.19999839999944,12613.0,0.0
2021-07-09,2021-07,retained_model,0.1,60,192.0,185.1571994444767,6.842800555523297,15.98128811791409,0,346.1062161398547,12613.0,0.0
2021-07-09,2021-07,seasonal_naive,0.1,60,192.0,197.00338993898305,-5.003389938983048,18.699999899999995,1,141.87399230503547,12613.0,0.0
2021-07-09,2021-07,oracle_reference,0.1,60,192.0,172.80000010000003,19.199999899999966,19.199999899999966,0,126.19999839999991,12613.0,0.0
2021-07-09,2021-07,retained_model,0.15,30,192.0,182.91836462032697,9.081635379673031,13.547254460911319,0,370.1760451060788,12613.0,0.0
2021-07-09,2021-07,seasonal_naive,0.15,30,192.0,188.0,4.0,22.292857042857122,0,368.5103352069382,12613.0,0.0
2021-07-09,2021-07,oracle_reference,0.15,30,192.0,167.24000010000003,24.75999989999997,24.75999989999997,0,395.5799916999998,12613.0,0.0
2021-07-09,2021-07,retained_model,0.15,60,192.0,180.18535447054427,11.814645529455731,20.796584040859642,0,623.7999374545709,12613.0,0.0
2021-07-09,2021-07,seasonal_naive,0.15,60,192.0,196.4895666768824,-4.48956667688239,28.049999900000046,1,420.8940860194267,12613.0,0.0
2021-07-09,2021-07,oracle_reference,0.15,60,192.0,163.20000010000007,28.799999899999932,28.799999899999932,0,459.1499939999976,12613.0,0.0
2021-07-10,2021-07,retained_model,0.0,30,106.0,106.0,0.0,0.0,0,0.0,4424.0,0.0
2021-07-10,2021-07,seasonal_naive,0.0,30,106.0,106.0,0.0,0.0,0,0.0,4424.0,0.0
2021-07-10,2021-07,oracle_reference,0.0,30,106.0,106.0,0.0,0.0,0,0.0,4424.0,0.0
2021-07-10,2021-07,retained_model,0.0,60,106.0,106.0,0.0,0.0,0,0.0,4424.0,0.0
2021-07-10,2021-07,seasonal_naive,0.0,60,106.0,106.0,0.0,0.0,0,0.0,4424.0,0.0
2021-07-10,2021-07,oracle_reference,0.0,60,106.0,106.0,0.0,0.0,0,0.0,4424.0,0.0
2021-07-10,2021-07,retained_model,0.05,30,106.0,110.2,-4.200000000000003,5.678218836929219,1,68.71323663855725,4424.0,0.0
2021-07-10,2021-07,seasonal_naive,0.05,30,106.0,105.0,1.0,5.5999999,0,12.810159301578341,4424.0,0.0
2021-07-10,2021-07,oracle_reference,0.05,30,106.0,100.7000001,5.299999900000003,5.299999900000003,0,23.09999930000002,4424.0,0.0
2021-07-10,2021-07,retained_model,0.05,60,106.0,110.09999991276266,-4.099999912762655,5.846117532580223,1,47.49240506049754,4424.0,0.0
2021-07-10,2021-07,seasonal_naive,0.05,60,106.0,105.0,1.0,5.5999999,0,11.155195732728044,4424.0,0.0
2021-07-10,2021-07,oracle_reference,0.05,60,106.0,100.7000001,5.299999900000003,5.299999900000003,0,23.09999930000001,4424.0,0.0
2021-07-10,2021-07,retained_model,0.1,30,106.0,109.8790401936124,-3.879040193612397,7.187318705642781,1,125.41925382818978,4424.0,0.0
2021-07-10,2021-07,seasonal_naive,0.1,30,106.0,106.64102554293041,-0.6410255429304073,9.6923075923077,1,95.18336405878895,4424.0,0.0
2021-07-10,2021-07,oracle_reference,0.1,30,106.0,95.40000010000004,10.599999899999958,10.599999899999958,0,147.0999919999977,4424.0,0.0
2021-07-10,2021-07,retained_model,0.1,60,106.0,106.00141691040116,-0.0014169104011614309,9.903756508682733,1,186.09475018499649,4424.0,0.0
2021-07-10,2021-07,seasonal_naive,0.1,60,106.0,105.0,1.0,11.199999899999995,0,89.64664830295362,4424.0,0.0
2021-07-10,2021-07,oracle_reference,0.1,60,106.0,95.40000009999999,10.599999900000014,10.599999900000014,0,90.99999750000038,4424.0,0.0
2021-07-10,2021-07,retained_model,0.15,30,106.0,106.97281014095785,-0.9728101409578471,8.696418574356457,1,223.18593285588108,4424.0,0.0
2021-07-10,2021-07,seasonal_naive,0.15,30,106.0,108.44996342993065,-2.449963429930648,11.264285614285711,1,155.1526490263168,4424.0,0.0
2021-07-10,2021-07,oracle_reference,0.15,30,106.0,94.03000010000002,11.969999899999976,11.969999899999976,0,216.56999089999917,4424.0,0.0
2021-07-10,2021-07,retained_model,0.15,60,106.0,103.68014352660674,2.3198564733932585,11.830227667488003,0,279.8726050346669,4424.0,0.0
2021-07-10,2021-07,seasonal_naive,0.15,60,106.0,118.08590485999999,-12.085904859999985,15.659999900000003,1,253.4901742820029,4424.0,0.0
2021-07-10,2021-07,oracle_reference,0.15,60,106.0,91.3340001,14.665999900000003,14.665999900000003,0,267.7259914000002,4424.0,-9.094947017729282e-13
2021-07-11,2021-07,retained_model,0.0,30,28.0,28.0,0.0,0.0,0,0.0,2242.0,0.0
2021-07-11,2021-07,seasonal_naive,0.0,30,28.0,28.0,0.0,0.0,0,0.0,2242.0,0.0
2021-07-11,2021-07,oracle_reference,0.0,30,28.0,28.0,0.0,0.0,0,0.0,2242.0,0.0
2021-07-11,2021-07,retained_model,0.0,60,28.0,28.0,0.0,0.0,0,0.0,2242.0,0.0
2021-07-11,2021-07,seasonal_naive,0.0,60,28.0,28.0,0.0,0.0,0,0.0,2242.0,0.0
2021-07-11,2021-07,oracle_reference,0.0,60,28.0,28.0,0.0,0.0,0,0.0,2242.0,0.0
2021-07-11,2021-07,retained_model,0.05,30,28.0,28.399999899999997,-0.3999998999999974,1.3999998999999974,1,6.187036195634904,2242.0,0.0
2021-07-11,2021-07,seasonal_naive,0.05,30,28.0,28.399999899999997,-0.3999998999999974,1.3999998999999974,1,6.187036195634904,2242.0,0.0
2021-07-11,2021-07,oracle_reference,0.05,30,28.0,26.600000099999995,1.3999999000000045,1.3999999000000045,0,5.799999300000028,2242.0,0.0
2021-07-11,2021-07,retained_model,0.05,60,28.0,28.0,0.0,1.3999998999999974,0,6.187036195634904,2242.0,0.0
2021-07-11,2021-07,seasonal_naive,0.05,60,28.0,28.0,0.0,1.3999998999999974,0,6.187036195634904,2242.0,0.0
2021-07-11,2021-07,oracle_reference,0.05,60,28.0,26.600000100000003,1.3999998999999974,1.3999998999999974,0,5.799999299999985,2242.0,0.0
2021-07-11,2021-07,retained_model,0.1,30,28.0,29.599999911111112,-1.5999999111111123,2.799999899999996,1,18.94999869193121,2242.0,0.0
2021-07-11,2021-07,seasonal_naive,0.1,30,28.0,29.599999911111112,-1.5999999111111123,2.799999899999996,1,18.94999869193121,2242.0,0.0
2021-07-11,2021-07,oracle_reference,0.1,30,28.0,25.2000001,2.7999998999999995,2.7999998999999995,0,21.1999986,2242.0,0.0
2021-07-11,2021-07,retained_model,0.1,60,28.0,29.7999999,-1.7999998999999995,2.7999998999999995,1,18.76666572526455,2242.0,0.0
2021-07-11,2021-07,seasonal_naive,0.1,60,28.0,29.7999999,-1.7999998999999995,2.7999998999999995,1,18.76666572526455,2242.0,0.0
2021-07-11,2021-07,oracle_reference,0.1,60,28.0,25.2000001,2.7999998999999995,2.7999998999999995,0,21.199998600000004,2242.0,0.0
2021-07-11,2021-07,retained_model,0.15,30,28.0,28.44830923478261,-0.4483092347826094,4.199999899999995,1,58.34604245617473,2242.0,0.0
2021-07-11,2021-07,seasonal_naive,0.15,30,28.0,28.44830923478261,-0.4483092347826094,4.199999899999995,1,58.34604245617473,2242.0,0.0
2021-07-11,2021-07,oracle_reference,0.15,30,28.0,23.800000100000005,4.199999899999995,4.199999899999995,0,102.59997719999956,2242.0,0.0
2021-07-11,2021-07,retained_model,0.15,60,28.0,28.800000100000013,-0.8000001000000125,4.1999998999999875,1,41.191235244053225,2242.0,0.0
2021-07-11,2021-07,seasonal_naive,0.15,60,28.0,28.800000100000013,-0.8000001000000125,4.1999998999999875,1,41.191235244053225,2242.0,0.0
2021-07-11,2021-07,oracle_reference,0.15,60,28.0,23.800000100000005,4.199999899999995,4.199999899999995,0,61.39998929999982,2242.0,0.0
2021-07-12,2021-07,retained_model,0.0,30,198.0,198.0,0.0,0.0,0,0.0,10724.0,0.0
2021-07-12,2021-07,seasonal_naive,0.0,30,198.0,198.0,0.0,0.0,0,0.0,10724.0,0.0
2021-07-12,2021-07,oracle_reference,0.0,30,198.0,198.0,0.0,0.0,0,0.0,10724.0,0.0
2021-07-12,2021-07,retained_model,0.0,60,198.0,198.0,0.0,0.0,0,0.0,10724.0,0.0
2021-07-12,2021-07,seasonal_naive,0.0,60,198.0,198.0,0.0,0.0,0,0.0,10724.0,0.0
2021-07-12,2021-07,oracle_reference,0.0,60,198.0,198.0,0.0,0.0,0,0.0,10724.0,0.0
2021-07-12,2021-07,retained_model,0.05,30,198.0,198.63315364422556,-0.6331536442255583,9.340938193150976,1,47.98720143646716,10724.0,0.0
2021-07-12,2021-07,seasonal_naive,0.05,30,198.0,197.97540994426228,0.02459005573771833,9.249999900000006,0,50.95416191348489,10724.0,0.0
2021-07-12,2021-07,oracle_reference,0.05,30,198.0,188.10000010000005,9.899999899999955,9.899999899999955,0,61.89999859999942,10724.0,0.0
2021-07-12,2021-07,retained_model,0.05,60,198.0,197.37271574173,0.6272842582700093,9.340938193151032,0,40.35404779224224,10724.0,0.0
2021-07-12,2021-07,seasonal_naive,0.05,60,198.0,200.29999989945946,-2.299999899459465,9.249999900000006,1,46.86477684756309,10724.0,0.0
2021-07-12,2021-07,oracle_reference,0.05,60,198.0,188.1000001,9.899999900000012,9.899999900000012,0,40.29999930000007,10724.0,0.0
2021-07-12,2021-07,retained_model,0.1,30,198.0,191.2465674130417,6.753432586958297,16.587323454253237,0,301.26763833372104,10724.0,0.0
2021-07-12,2021-07,seasonal_naive,0.1,30,198.0,196.13648995077548,1.8635100492245158,16.942857042857128,0,247.22923883971345,10724.0,0.0
2021-07-12,2021-07,oracle_reference,0.1,30,198.0,182.40000010000009,15.599999899999915,15.599999899999915,0,174.99999349999632,10724.0,0.0
2021-07-12,2021-07,retained_model,0.1,60,198.0,188.90134836271238,9.098651637287617,18.68187648630206,0,281.72605745764196,10724.0,0.0
2021-07-12,2021-07,seasonal_naive,0.1,60,198.0,194.5000001,3.499999900000006,18.499999899999978,0,217.937610513744,10724.0,0.0
2021-07-12,2021-07,oracle_reference,0.1,60,198.0,178.2000001,19.79999989999999,19.79999989999999,0,208.7999974000004,10724.0,0.0
2021-07-12,2021-07,retained_model,0.15,30,198.0,188.24450303260775,9.755496967392247,18.995431325406116,0,484.24875898702965,10724.0,0.0
2021-07-12,2021-07,seasonal_naive,0.15,30,198.0,193.28264703847498,4.717352961525023,19.414285614285745,0,376.60381009847606,10724.0,0.0
2021-07-12,2021-07,oracle_reference,0.15,30,198.0,178.65666676666672,19.343333233333283,19.343333233333283,0,333.273326933332,10724.0,0.0
2021-07-12,2021-07,retained_model,0.15,60,198.0,181.21097273307288,16.78902726692712,25.526908815151984,0,763.249052150026,10724.0,0.0
2021-07-12,2021-07,seasonal_naive,0.15,60,198.0,185.77386514785275,12.226134852147254,26.459999899999985,0,521.249885703778,10724.0,0.0
2021-07-12,2021-07,oracle_reference,0.15,60,198.0,171.00666676666665,26.993333233333345,26.993333233333345,0,473.30332813333405,10724.0,0.0
2021-07-14,2021-07,retained_model,0.0,30,195.0,195.0,0.0,0.0,0,0.0,12595.0,0.0
2021-07-14,2021-07,seasonal_naive,0.0,30,195.0,195.0,0.0,0.0,0,0.0,12595.0,0.0
2021-07-14,2021-07,oracle_reference,0.0,30,195.0,195.0,0.0,0.0,0,0.0,12595.0,0.0
2021-07-14,2021-07,retained_model,0.0,60,195.0,195.0,0.0,0.0,0,0.0,12595.0,0.0
2021-07-14,2021-07,seasonal_naive,0.0,60,195.0,195.0,0.0,0.0,0,0.0,12595.0,0.0
2021-07-14,2021-07,oracle_reference,0.0,60,195.0,195.0,0.0,0.0,0,0.0,12595.0,0.0
2021-07-14,2021-07,retained_model,0.05,30,195.0,195.0,0.0,9.71827303464812,0,23.252192499410135,12595.0,0.0
2021-07-14,2021-07,seasonal_naive,0.05,30,195.0,195.2999999083744,-0.2999999083743887,10.149999900000012,1,9.299999908374392,12595.0,0.0
2021-07-14,2021-07,oracle_reference,0.05,30,195.0,185.25000010000008,9.74999989999992,9.74999989999992,0,26.99999919999955,12595.0,0.0
2021-07-14,2021-07,retained_model,0.05,60,195.0,201.96232491178145,-6.962324911781451,9.71827303464815,1,16.46812876151214,12595.0,0.0
2021-07-14,2021-07,seasonal_naive,0.05,60,195.0,198.9399012945813,-3.93990129458129,10.149999900000012,1,9.299999908374392,12595.0,0.0
2021-07-14,2021-07,oracle_reference,0.05,60,195.0,185.2500001000001,9.749999899999892,9.749999899999892,0,26.999999199999174,12595.0,0.0
2021-07-14,2021-07,retained_model,0.1,30,195.0,190.72272202522646,4.27727797477354,19.436546169296548,0,262.6612857216442,12595.0,0.0
2021-07-14,2021-07,seasonal_naive,0.1,30,195.0,199.07005338128343,-4.070053381283429,20.299999900000017,1,50.71974731583501,12595.0,0.0
2021-07-14,2021-07,oracle_reference,0.1,30,195.0,177.5466667666667,17.453333233333296,17.453333233333296,0,177.6599951999996,12595.0,0.0
2021-07-14,2021-07,retained_model,0.1,60,195.0,192.31440505645728,2.685594943542725,19.43654616929632,0,135.78528866788167,12595.0,0.0
2021-07-14,2021-07,seasonal_naive,0.1,60,195.0,197.26270260432435,-2.262702604324346,20.299999900000017,1,41.94186298904925,12595.0,0.0
2021-07-14,2021-07,oracle_reference,0.1,60,195.0,175.50000010000002,19.499999899999978,19.499999899999978,0,178.49999750000015,12595.0,0.0
2021-07-14,2021-07,retained_model,0.15,30,195.0,187.03510982183738,7.964890178162619,22.049797514927405,0,372.97522672587684,12595.0,0.0
2021-07-14,2021-07,seasonal_naive,0.15,30,195.0,198.3107001635502,-3.3107001635501945,30.44999990000008,1,346.06064822880285,12595.0,0.0
2021-07-14,2021-07,oracle_reference,0.15,30,195.0,175.0866667666667,19.913333233333304,19.913333233333304,0,279.5766619666667,12595.0,0.0
2021-07-14,2021-07,retained_model,0.15,60,195.0,192.30455335275002,2.6954466472499803,29.016778042658927,0,527.4715764521417,12595.0,0.0
2021-07-14,2021-07,seasonal_naive,0.15,60,195.0,199.50027088687642,-4.500270886876422,30.449999899999995,1,203.51381217175796,12595.0,0.0
2021-07-14,2021-07,oracle_reference,0.15,60,195.0,167.70666676666667,27.29333323333333,27.29333323333333,0,426.99332873333447,12595.0,0.0
2021-07-16,2021-07,retained_model,0.0,30,197.0,197.0,0.0,0.0,0,0.0,12678.0,0.0
2021-07-16,2021-07,seasonal_naive,0.0,30,197.0,197.0,0.0,0.0,0,0.0,12678.0,0.0
2021-07-16,2021-07,oracle_reference,0.0,30,197.0,197.0,0.0,0.0,0,0.0,12678.0,0.0
2021-07-16,2021-07,retained_model,0.0,60,197.0,197.0,0.0,0.0,0,0.0,12678.0,0.0
2021-07-16,2021-07,seasonal_naive,0.0,60,197.0,197.0,0.0,0.0,0,0.0,12678.0,0.0
2021-07-16,2021-07,oracle_reference,0.0,60,197.0,197.0,0.0,0.0,0,0.0,12678.0,0.0
2021-07-16,2021-07,retained_model,0.05,30,197.0,191.59838415010856,5.401615849891442,6.833984905658411,0,132.83534506727912,12678.0,0.0
2021-07-16,2021-07,seasonal_naive,0.05,30,197.0,197.0,0.0,9.5999999,0,28.993367764696494,12678.0,0.0
2021-07-16,2021-07,oracle_reference,0.05,30,197.0,187.15000010000006,9.849999899999943,9.849999899999943,0,36.79999919999953,12678.0,0.0
2021-07-16,2021-07,retained_model,0.05,60,197.0,196.82961282891725,0.17038717108275137,8.640890318855327,0,128.9498708184271,12678.0,0.0
2021-07-16,2021-07,seasonal_naive,0.05,60,197.0,197.0,0.0,9.5999999,0,28.993367764696494,12678.0,0.0
2021-07-16,2021-07,oracle_reference,0.05,60,197.0,187.1500001,9.8499999,9.8499999,0,36.7999992,12678.0,0.0
2021-07-16,2021-07,retained_model,0.1,30,197.0,196.21867541960052,0.7813245803994846,9.577803858512112,0,227.42765179982547,12678.0,0.0
2021-07-16,2021-07,seasonal_naive,0.1,30,197.0,195.7846995530055,1.2153004469944904,19.199999899999966,0,121.76947042893283,12678.0,0.0
2021-07-16,2021-07,oracle_reference,0.1,30,197.0,177.30000010000003,19.699999899999966,19.699999899999966,0,192.89999669999975,12678.0,0.0
2021-07-16,2021-07,retained_model,0.1,60,197.0,192.13373537963633,4.8662646203636655,14.161742792622789,0,310.39559803304485,12678.0,0.0
2021-07-16,2021-07,seasonal_naive,0.1,60,197.0,194.523428684,2.4765713159999905,19.199999899999966,0,121.7694704289333,12678.0,0.0
2021-07-16,2021-07,oracle_reference,0.1,60,197.0,177.3000001000001,19.69999989999991,19.69999989999991,0,152.49999849999907,12678.0,0.0
2021-07-16,2021-07,retained_model,0.15,30,197.0,192.8071256283167,4.192874371683303,11.857705181167574,0,343.3753051387539,12678.0,0.0
2021-07-16,2021-07,seasonal_naive,0.15,30,197.0,191.3774234190184,5.622576580981587,24.75999989999997,0,387.5693509680608,12678.0,0.0
2021-07-16,2021-07,oracle_reference,0.15,30,197.0,174.80312510000002,22.196874899999983,22.196874899999983,0,295.37499439999914,12678.0,0.0
2021-07-16,2021-07,retained_model,0.15,60,197.0,186.90847323590788,10.091526764092123,18.733613582333476,0,540.4846094635822,12678.0,0.0
2021-07-16,2021-07,seasonal_naive,0.15,60,197.0,186.9381819327273,10.061818067272696,28.799999899999932,0,455.9277904944735,12678.0,0.0
2021-07-16,2021-07,oracle_reference,0.15,60,197.0,167.91250010000002,29.087499899999983,29.087499899999983,0,472.5499948000006,12678.0,0.0
2021-07-17,2021-07,retained_model,0.0,30,110.0,110.0,0.0,0.0,0,0.0,4227.0,0.0
2021-07-17,2021-07,seasonal_naive,0.0,30,110.0,110.0,0.0,0.0,0,0.0,4227.0,0.0
2021-07-17,2021-07,oracle_reference,0.0,30,110.0,110.0,0.0,0.0,0,0.0,4227.0,0.0
2021-07-17,2021-07,retained_model,0.0,60,110.0,110.0,0.0,0.0,0,0.0,4227.0,0.0
2021-07-17,2021-07,seasonal_naive,0.0,60,110.0,110.0,0.0,0.0,0,0.0,4227.0,0.0
2021-07-17,2021-07,oracle_reference,0.0,60,110.0,110.0,0.0,0.0,0,0.0,4227.0,0.0
2021-07-17,2021-07,retained_model,0.05,30,110.0,106.53054718945614,3.4694528105438565,5.269609097350596,0,31.34676553370629,4227.0,0.0
2021-07-17,2021-07,seasonal_naive,0.05,30,110.0,110.14368922718447,-0.14368922718446697,5.299999900000003,1,20.63827876219751,4227.0,0.0
2021-07-17,2021-07,oracle_reference,0.05,30,110.0,104.5000001,5.499999900000006,5.499999900000006,0,9.499999700000034,4227.0,0.0
2021-07-17,2021-07,retained_model,0.05,60,110.0,106.66890597349109,3.3310940265089073,5.269609097350596,0,27.236791093695235,4227.0,0.0
2021-07-17,2021-07,seasonal_naive,0.05,60,110.0,110.94300795019603,-0.9430079501960336,5.299999900000003,1,20.638278762197494,4227.0,0.0
2021-07-17,2021-07,oracle_reference,0.05,60,110.0,104.5000001,5.499999900000006,5.499999900000006,0,9.499999700000021,4227.0,0.0
2021-07-17,2021-07,retained_model,0.1,30,110.0,102.98594411498217,7.014055885017825,8.600998975647258,0,112.26006800958652,4227.0,0.0
2021-07-17,2021-07,seasonal_naive,0.1,30,110.0,103.78775029977768,6.212249700222316,10.599999899999958,0,141.2658959211222,4227.0,0.0
2021-07-17,2021-07,oracle_reference,0.1,30,110.0,99.00000010000004,10.999999899999963,10.999999899999963,0,39.99999909999967,4227.0,0.0
2021-07-17,2021-07,retained_model,0.1,60,110.0,102.992426834521,7.007573165479002,10.539218294701186,0,120.68695461977049,4227.0,0.0
2021-07-17,2021-07,seasonal_naive,0.1,60,110.0,106.21855681237112,3.7814431876288808,10.599999900000014,0,85.09568772770058,4227.0,0.0
2021-07-17,2021-07,oracle_reference,0.1,60,110.0,99.0000001,10.999999900000006,10.999999900000006,0,38.99999920000005,4227.0,0.0
2021-07-17,2021-07,retained_model,0.15,30,110.0,103.2249515868743,6.7750484131257025,9.97469572025031,0,159.05933430471828,4227.0,0.0
2021-07-17,2021-07,seasonal_naive,0.15,30,110.0,102.99899729933293,7.0010027006670725,11.969999899999976,0,208.42703286576062,4227.0,0.0
2021-07-17,2021-07,oracle_reference,0.15,30,110.0,93.62333343333336,16.376666566666643,16.376666566666643,0,176.07666056666605,4227.0,0.0
2021-07-17,2021-07,retained_model,0.15,60,110.0,99.54856042528762,10.451439574712381,14.04079716256409,0,241.42612790644648,4227.0,0.0
2021-07-17,2021-07,seasonal_naive,0.15,60,110.0,101.69146402886598,8.30853597113402,14.665999900000003,0,255.52988394953456,4227.0,0.0
2021-07-17,2021-07,oracle_reference,0.15,60,110.0,93.5000001,16.499999900000006,16.499999900000006,0,111.49999770000015,4227.0,0.0
2021-07-18,2021-07,retained_model,0.0,30,28.0,28.0,0.0,0.0,0,0.0,2257.0,0.0
2021-07-18,2021-07,seasonal_naive,0.0,30,28.0,28.0,0.0,0.0,0,0.0,2257.0,0.0
2021-07-18,2021-07,oracle_reference,0.0,30,28.0,28.0,0.0,0.0,0,0.0,2257.0,0.0
2021-07-18,2021-07,retained_model,0.0,60,28.0,28.0,0.0,0.0,0,0.0,2257.0,0.0
2021-07-18,2021-07,seasonal_naive,0.0,60,28.0,28.0,0.0,0.0,0,0.0,2257.0,0.0
2021-07-18,2021-07,oracle_reference,0.0,60,28.0,28.0,0.0,0.0,0,0.0,2257.0,0.0
2021-07-18,2021-07,retained_model,0.05,30,28.0,28.0,0.0,1.3999999000000045,0,5.262962343650818,2257.0,0.0
2021-07-18,2021-07,seasonal_naive,0.05,30,28.0,28.0,0.0,1.3999999000000045,0,5.262962343650818,2257.0,0.0
2021-07-18,2021-07,oracle_reference,0.05,30,28.0,26.6000001,1.399999900000001,1.399999900000001,0,6.799999300000007,2257.0,0.0
2021-07-18,2021-07,retained_model,0.05,60,28.0,28.340740655555553,-0.3407406555555532,1.3999998999999974,1,5.262962343650781,2257.0,0.0
2021-07-18,2021-07,seasonal_naive,0.05,60,28.0,28.340740655555553,-0.3407406555555532,1.3999998999999974,1,5.262962343650781,2257.0,0.0
2021-07-18,2021-07,oracle_reference,0.05,60,28.0,26.600000100000003,1.3999998999999974,1.3999998999999974,0,6.7999992999999845,2257.0,0.0
2021-07-18,2021-07,retained_model,0.1,30,28.0,29.533333248148146,-1.5333332481481463,2.7999998999999995,1,19.379485879405777,2257.0,0.0
2021-07-18,2021-07,seasonal_naive,0.1,30,28.0,29.533333248148146,-1.5333332481481463,2.7999998999999995,1,19.379485879405777,2257.0,0.0
2021-07-18,2021-07,oracle_reference,0.1,30,28.0,25.200000100000004,2.799999899999996,2.799999899999996,0,18.999998999999995,2257.0,0.0
2021-07-18,2021-07,retained_model,0.1,60,28.0,28.7999999,-0.7999998999999995,2.7999998999999995,1,19.37948587940578,2257.0,0.0
2021-07-18,2021-07,seasonal_naive,0.1,60,28.0,28.7999999,-0.7999998999999995,2.7999998999999995,1,19.37948587940578,2257.0,0.0
2021-07-18,2021-07,oracle_reference,0.1,60,28.0,25.2000001,2.7999998999999995,2.7999998999999995,0,18.999999000000003,2257.0,0.0
2021-07-18,2021-07,retained_model,0.15,30,28.0,28.599999699999994,-0.5999996999999944,4.199999899999995,1,99.85603075282539,2257.0,0.0
2021-07-18,2021-07,seasonal_naive,0.15,30,28.0,28.599999699999994,-0.5999996999999944,4.199999899999995,1,99.85603075282539,2257.0,0.0
2021-07-18,2021-07,oracle_reference,0.15,30,28.0,23.800000100000005,4.199999899999995,4.199999899999995,0,66.59999119999983,2257.0,0.0
2021-07-18,2021-07,retained_model,0.15,60,28.0,28.75384621923077,-0.7538462192307698,4.199999899999995,1,58.12628888571395,2257.0,0.0
2021-07-18,2021-07,seasonal_naive,0.15,60,28.0,28.75384621923077,-0.7538462192307698,4.199999899999995,1,58.12628888571395,2257.0,0.0
2021-07-18,2021-07,oracle_reference,0.15,60,28.0,23.800000100000002,4.199999899999998,4.199999899999998,0,43.99999600000005,2257.0,0.0
2021-07-19,2021-07,retained_model,0.0,30,222.0,222.0,0.0,0.0,0,0.0,10974.0,0.0
2021-07-19,2021-07,seasonal_naive,0.0,30,222.0,222.0,0.0,0.0,0,0.0,10974.0,0.0
2021-07-19,2021-07,oracle_reference,0.0,30,222.0,222.0,0.0,0.0,0,0.0,10974.0,0.0
2021-07-19,2021-07,retained_model,0.0,60,222.0,222.0,0.0,0.0,0,0.0,10974.0,0.0
2021-07-19,2021-07,seasonal_naive,0.0,60,222.0,222.0,0.0,0.0,0,0.0,10974.0,0.0
2021-07-19,2021-07,oracle_reference,0.0,60,222.0,222.0,0.0,0.0,0,0.0,10974.0,0.0
2021-07-19,2021-07,retained_model,0.05,30,222.0,223.468774572548,-1.468774572548,9.421040865493808,1,42.8626188370237,10974.0,0.0
2021-07-19,2021-07,seasonal_naive,0.05,30,222.0,222.0,0.0,9.899999899999955,0,59.276618743234955,10974.0,0.0
2021-07-19,2021-07,oracle_reference,0.05,30,222.0,210.90000010000014,11.099999899999858,11.099999899999858,0,11.099999899999862,10974.0,0.0
2021-07-19,2021-07,retained_model,0.05,60,222.0,223.6489168245353,-1.6489168245352914,9.421040865493808,1,31.861759871045294,10974.0,0.0
2021-07-19,2021-07,seasonal_naive,0.05,60,222.0,222.0,0.0,9.899999900000012,0,38.65400398437933,10974.0,0.0
2021-07-19,2021-07,oracle_reference,0.05,60,222.0,210.9000001,11.0999999,11.0999999,0,11.09999990000001,10974.0,0.0
2021-07-19,2021-07,retained_model,0.1,30,222.0,216.77548558162593,5.224514418374071,13.964894400153014,0,203.5200212425932,10974.0,0.0
2021-07-19,2021-07,seasonal_naive,0.1,30,222.0,216.00273726238296,5.997262737617035,15.599999899999915,0,173.9391875499574,10974.0,0.0
2021-07-19,2021-07,oracle_reference,0.1,30,222.0,199.8000001,22.199999899999995,22.199999899999995,0,43.199999399999975,10974.0,0.0
2021-07-19,2021-07,retained_model,0.1,60,222.0,209.6584327550026,12.341567244997407,18.801672377761093,0,287.86868459408896,10974.0,0.0
2021-07-19,2021-07,seasonal_naive,0.1,60,222.0,211.38160209962595,10.618397900374049,19.79999989999999,0,207.8624097548361,10974.0,0.0
2021-07-19,2021-07,oracle_reference,0.1,60,222.0,199.8000001,22.199999899999995,22.199999899999995,0,43.199999399999975,10974.0,0.0
2021-07-19,2021-07,retained_model,0.15,30,222.0,213.22322092512894,8.776779074871058,16.399315659315647,0,318.76398038520756,10974.0,0.0
2021-07-19,2021-07,seasonal_naive,0.15,30,222.0,210.2078137292115,11.792186270788505,19.343333233333283,0,339.4107832694437,10974.0,0.0
2021-07-19,2021-07,oracle_reference,0.15,30,222.0,188.70000010000004,33.29999989999996,33.29999989999996,0,156.79999839999937,10974.0,0.0
2021-07-19,2021-07,retained_model,0.15,60,222.0,204.21988325854593,17.780116741454066,23.654482625727923,0,495.4623589147402,10974.0,0.0
2021-07-19,2021-07,seasonal_naive,0.15,60,222.0,202.46963581548266,19.53036418451734,26.993333233333345,0,482.0493737481133,10974.0,0.0
2021-07-19,2021-07,oracle_reference,0.15,60,222.0,188.70000009999998,33.29999990000002,33.29999990000002,0,127.29999890000018,10974.0,0.0
2021-07-20,2021-07,retained_model,0.0,30,201.0,201.0,0.0,0.0,0,0.0,13475.0,0.0
2021-07-20,2021-07,seasonal_naive,0.0,30,201.0,201.0,0.0,0.0,0,0.0,13475.0,0.0
2021-07-20,2021-07,oracle_reference,0.0,30,201.0,201.0,0.0,0.0,0,0.0,13475.0,0.0
2021-07-20,2021-07,retained_model,0.0,60,201.0,201.0,0.0,0.0,0,0.0,13475.0,0.0
2021-07-20,2021-07,seasonal_naive,0.0,60,201.0,201.0,0.0,0.0,0,0.0,13475.0,0.0
2021-07-20,2021-07,oracle_reference,0.0,60,201.0,201.0,0.0,0.0,0,0.0,13475.0,0.0
2021-07-20,2021-07,retained_model,0.05,30,201.0,201.0,0.0,7.801111183341192,0,65.63624344610214,13475.0,0.0
2021-07-20,2021-07,seasonal_naive,0.05,30,201.0,201.0,0.0,1.399999900000001,0,31.325922273015905,13475.0,0.0
2021-07-20,2021-07,oracle_reference,0.05,30,201.0,190.95000010000015,10.049999899999847,10.049999899999847,0,77.84999829999737,13475.0,0.0
2021-07-20,2021-07,retained_model,0.05,60,201.0,201.0,0.0,7.801111183341106,0,30.220777923986006,13475.0,0.0
2021-07-20,2021-07,seasonal_naive,0.05,60,201.0,201.0,0.0,1.3999998999999974,0,31.325922273015795,13475.0,0.0
2021-07-20,2021-07,oracle_reference,0.05,60,201.0,190.95000009999998,10.049999900000017,10.049999900000017,0,71.74999850000027,13475.0,0.0
2021-07-20,2021-07,retained_model,0.1,30,201.0,201.0,0.0,11.027662609537174,0,243.86396737766026,13475.0,0.0
2021-07-20,2021-07,seasonal_naive,0.1,30,201.0,209.73333262592593,-8.733332625925925,2.799999899999996,1,93.82050774837197,13475.0,0.0
2021-07-20,2021-07,oracle_reference,0.1,30,201.0,185.73333343333334,15.266666566666657,15.266666566666657,0,242.19999580000083,13475.0,0.0
2021-07-20,2021-07,retained_model,0.1,60,201.0,198.72469893295647,2.2753010670435287,15.141626778691318,0,339.7869631223957,13475.0,0.0
2021-07-20,2021-07,seasonal_naive,0.1,60,201.0,212.62857195714287,-11.628571957142867,2.7999998999999995,1,93.82050774837202,13475.0,0.0
2021-07-20,2021-07,oracle_reference,0.1,60,201.0,180.90000010000017,20.09999989999983,20.09999989999983,0,314.19999679999546,13475.0,0.0
2021-07-20,2021-07,retained_model,0.15,30,201.0,201.40804718577493,-0.40804718577493304,13.15351101498868,1,384.05938428302204,13475.0,0.0
2021-07-20,2021-07,seasonal_naive,0.15,30,201.0,209.7043452565217,-8.704345256521691,4.199999899999995,1,376.4542817437591,13475.0,0.0
2021-07-20,2021-07,oracle_reference,0.15,30,201.0,183.1666667666667,17.833333233333292,17.833333233333292,0,364.366660766666,13475.0,0.0
2021-07-20,2021-07,retained_model,0.15,60,201.0,192.00020855486255,8.999791445137447,18.804700478367238,0,577.0082912269223,13475.0,0.0
2021-07-20,2021-07,seasonal_naive,0.15,60,201.0,208.91851913333332,-7.918519133333319,4.199999899999998,1,235.27738664893803,13475.0,0.0
2021-07-20,2021-07,oracle_reference,0.15,60,201.0,175.4366667666667,25.56333323333331,25.56333323333331,0,516.1833278333336,13475.0,0.0
2021-07-21,2021-07,retained_model,0.0,30,214.0,214.0,0.0,0.0,0,0.0,13503.0,0.0
2021-07-21,2021-07,seasonal_naive,0.0,30,214.0,214.0,0.0,0.0,0,0.0,13503.0,0.0
2021-07-21,2021-07,oracle_reference,0.0,30,214.0,214.0,0.0,0.0,0,0.0,13503.0,0.0
2021-07-21,2021-07,retained_model,0.0,60,214.0,214.0,0.0,0.0,0,0.0,13503.0,0.0
2021-07-21,2021-07,seasonal_naive,0.0,60,214.0,214.0,0.0,0.0,0,0.0,13503.0,0.0
2021-07-21,2021-07,oracle_reference,0.0,60,214.0,214.0,0.0,0.0,0,0.0,13503.0,0.0
2021-07-21,2021-07,retained_model,0.05,30,214.0,216.75804796070207,-2.758047960702072,9.108508791072808,1,71.58794163564141,13503.0,0.0
2021-07-21,2021-07,seasonal_naive,0.05,30,214.0,210.8696809648937,3.130319035106311,9.74999989999992,0,28.625628080825948,13503.0,0.0
2021-07-21,2021-07,oracle_reference,0.05,30,214.0,203.3000001,10.699999899999995,10.699999899999995,0,21.499999499999973,13503.0,0.0
2021-07-21,2021-07,retained_model,0.05,60,214.0,216.60313570442574,-2.603135704425739,9.108508791072865,1,48.62691325678989,13503.0,0.0
2021-07-21,2021-07,seasonal_naive,0.05,60,214.0,210.86968096489375,3.130319035106254,9.749999899999892,0,28.625628080825546,13503.0,0.0
2021-07-21,2021-07,oracle_reference,0.05,60,214.0,203.3000001,10.699999899999995,10.699999899999995,0,21.499999499999973,13503.0,0.0
2021-07-21,2021-07,retained_model,0.1,30,214.0,213.22796426783498,0.7720357321650226,12.088039539553336,0,200.36113509951778,13503.0,0.0
2021-07-21,2021-07,seasonal_naive,0.1,30,214.0,208.99297501630826,5.0070249836917355,17.453333233333296,0,190.97692482419797,13503.0,0.0
2021-07-21,2021-07,oracle_reference,0.1,30,214.0,192.6000000999999,21.399999900000097,21.399999900000097,0,192.7999973000026,13503.0,0.0
2021-07-21,2021-07,retained_model,0.1,60,214.0,207.33239298980618,6.667607010193819,16.822363553685022,0,284.8437577517359,13503.0,0.0
2021-07-21,2021-07,seasonal_naive,0.1,60,214.0,204.25423740451978,9.745762595480215,19.499999899999978,0,189.4887863588818,13503.0,0.0
2021-07-21,2021-07,oracle_reference,0.1,60,214.0,192.6000000999999,21.399999900000097,21.399999900000097,0,149.19999820000174,13503.0,0.0
2021-07-21,2021-07,retained_model,0.15,30,214.0,210.31810793639158,3.681892063608416,14.44125255927915,0,325.28876979327487,13503.0,0.0
2021-07-21,2021-07,seasonal_naive,0.15,30,214.0,210.9,3.0999999999999943,19.913333233333304,0,299.72624017248756,13503.0,0.0
2021-07-21,2021-07,oracle_reference,0.15,30,214.0,186.85000010000002,27.149999899999983,27.149999899999983,0,436.3499933000008,13503.0,0.0
2021-07-21,2021-07,retained_model,0.15,60,214.0,201.41343570302215,12.586564296977855,21.54273858047671,0,460.61662535504905,13503.0,0.0
2021-07-21,2021-07,seasonal_naive,0.15,60,214.0,207.0,7.0,27.29333323333333,0,455.2702613776221,13503.0,0.0
2021-07-21,2021-07,oracle_reference,0.15,60,214.0,181.90000010000003,32.09999989999997,32.09999989999997,0,436.9999948000001,13503.0,0.0
2021-07-22,2021-07,retained_model,0.0,30,213.0,213.0,0.0,0.0,0,0.0,12970.0,0.0
2021-07-22,2021-07,seasonal_naive,0.0,30,213.0,213.0,0.0,0.0,0,0.0,12970.0,0.0
2021-07-22,2021-07,oracle_reference,0.0,30,213.0,213.0,0.0,0.0,0,0.0,12970.0,0.0
2021-07-22,2021-07,retained_model,0.0,60,213.0,213.0,0.0,0.0,0,0.0,12970.0,0.0
2021-07-22,2021-07,seasonal_naive,0.0,60,213.0,213.0,0.0,0.0,0,0.0,12970.0,0.0
2021-07-22,2021-07,oracle_reference,0.0,60,213.0,213.0,0.0,0.0,0,0.0,12970.0,0.0
2021-07-22,2021-07,retained_model,0.05,30,213.0,209.54287395401897,3.4571260459810276,4.738337524569147,0,100.80670364509471,12970.0,0.0
2021-07-22,2021-07,seasonal_naive,0.05,30,213.0,212.94424094921482,0.05575905078518417,10.049999899999847,0,73.15801471295435,12970.0,0.0
2021-07-22,2021-07,oracle_reference,0.05,30,213.0,202.3500001,10.649999900000012,10.649999900000012,0,10.64999990000001,12970.0,0.0
2021-07-22,2021-07,retained_model,0.05,60,213.0,206.88873898917225,6.1112610108277465,7.111678826618686,0,144.40700980004164,12970.0,0.0
2021-07-22,2021-07,seasonal_naive,0.05,60,213.0,212.94424094921465,0.0557590507853547,10.049999900000017,0,67.17863886065999,12970.0,0.0
2021-07-22,2021-07,oracle_reference,0.05,60,213.0,202.3500001,10.649999900000012,10.649999900000012,0,10.64999990000001,12970.0,0.0
2021-07-22,2021-07,retained_model,0.1,30,213.0,205.8499841877006,7.150015812299387,7.071780708311479,0,235.66125907305553,12970.0,0.0
2021-07-22,2021-07,seasonal_naive,0.1,30,213.0,206.57500861488032,6.424991385119682,15.266666566666657,0,235.617339609645,12970.0,0.0
2021-07-22,2021-07,oracle_reference,0.1,30,213.0,191.70000009999993,21.299999900000074,21.299999900000074,0,36.29999890000084,12970.0,0.0
2021-07-22,2021-07,retained_model,0.1,60,213.0,201.16020309625915,11.839796903740847,11.288583191865257,0,331.42309474097897,12970.0,0.0
2021-07-22,2021-07,seasonal_naive,0.1,60,213.0,201.6979592816328,11.30204071836721,20.09999989999983,0,304.455236789509,12970.0,0.0
2021-07-22,2021-07,oracle_reference,0.1,60,213.0,191.70000009999998,21.299999900000017,21.299999900000017,0,33.09999930000012,12970.0,0.0
2021-07-22,2021-07,retained_model,0.15,30,213.0,202.4717736601881,10.528226339811908,9.132494490093052,0,379.0593132072106,12970.0,0.0
2021-07-22,2021-07,seasonal_naive,0.15,30,213.0,203.74994023881197,9.250059761188027,17.833333233333292,0,357.1956375145236,12970.0,0.0
2021-07-22,2021-07,oracle_reference,0.15,30,213.0,181.1531251,31.84687489999999,31.84687489999999,0,328.2843681000012,12970.0,0.0
2021-07-22,2021-07,retained_model,0.15,60,213.0,195.4408246696042,17.55917533039579,15.457698215423733,0,603.8640444296352,12970.0,0.0
2021-07-22,2021-07,seasonal_naive,0.15,60,213.0,196.34612254693877,16.653877453061227,25.56333323333331,0,501.6630818078541,12970.0,0.0
2021-07-22,2021-07,oracle_reference,0.15,60,213.0,181.0500001,31.949999899999995,31.949999899999995,0,196.69999739999986,12970.0,0.0
2021-07-23,2021-07,retained_model,0.0,30,206.0,206.0,0.0,0.0,0,0.0,13049.0,0.0
2021-07-23,2021-07,seasonal_naive,0.0,30,206.0,206.0,0.0,0.0,0,0.0,13049.0,0.0
2021-07-23,2021-07,oracle_reference,0.0,30,206.0,206.0,0.0,0.0,0,0.0,13049.0,0.0
2021-07-23,2021-07,retained_model,0.0,60,206.0,206.0,0.0,0.0,0,0.0,13049.0,0.0
2021-07-23,2021-07,seasonal_naive,0.0,60,206.0,206.0,0.0,0.0,0,0.0,13049.0,0.0
2021-07-23,2021-07,oracle_reference,0.0,60,206.0,206.0,0.0,0.0,0,0.0,13049.0,0.0
2021-07-23,2021-07,retained_model,0.05,30,206.0,203.4699712652674,2.5300287347326105,9.0803842051333,0,38.12354971066098,13049.0,0.0
2021-07-23,2021-07,seasonal_naive,0.05,30,206.0,207.87936497777773,-1.8793649777777262,9.849999899999943,1,36.8992975409038,13049.0,0.0
2021-07-23,2021-07,oracle_reference,0.05,30,206.0,195.70000009999998,10.299999900000017,10.299999900000017,0,24.499999500000087,13049.0,0.0
2021-07-23,2021-07,retained_model,0.05,60,206.0,203.4699712652674,2.5300287347326105,9.0803842051333,0,35.80734393559354,13049.0,0.0
2021-07-23,2021-07,seasonal_naive,0.05,60,206.0,207.87936497777778,-1.879364977777783,9.8499999,1,36.899297540904264,13049.0,0.0
2021-07-23,2021-07,oracle_reference,0.05,60,206.0,195.70000009999998,10.299999900000017,10.299999900000017,0,24.499999500000087,13049.0,0.0
2021-07-23,2021-07,retained_model,0.1,30,206.0,202.86611553647006,3.133884463529938,16.220386078672362,0,304.7749482613485,13049.0,0.0
2021-07-23,2021-07,seasonal_naive,0.1,30,206.0,207.2042765935828,-1.2042765935827902,19.699999899999966,1,192.7708206064305,13049.0,0.0
2021-07-23,2021-07,oracle_reference,0.1,30,206.0,185.40000010000003,20.599999899999972,20.599999899999972,0,143.999998,13049.0,0.0
2021-07-23,2021-07,retained_model,0.1,60,206.0,200.21719815689124,5.782801843108757,18.160768510266593,0,296.51621469965323,13049.0,0.0
2021-07-23,2021-07,seasonal_naive,0.1,60,206.0,207.3206350222223,-1.320635022222291,19.69999989999991,1,152.9250580320264,13049.0,0.0
2021-07-23,2021-07,oracle_reference,0.1,60,206.0,185.40000010000003,20.599999899999972,20.599999899999972,0,131.1999983,13049.0,0.0
2021-07-23,2021-07,retained_model,0.15,30,206.0,200.41777053892991,5.582229461070085,18.456749803317962,0,472.3371034639861,13049.0,0.0
2021-07-23,2021-07,seasonal_naive,0.15,30,206.0,206.72311926846447,-0.7231192684644725,22.196874899999983,1,294.75437539717973,13049.0,0.0
2021-07-23,2021-07,oracle_reference,0.15,30,206.0,178.84333343333336,27.156666566666644,27.156666566666644,0,427.87332473333385,13049.0,0.0
2021-07-23,2021-07,retained_model,0.15,60,206.0,192.91649043402936,13.083509565970644,25.04524421998758,0,696.8644777719519,13049.0,0.0
2021-07-23,2021-07,seasonal_naive,0.15,60,206.0,207.2126985142857,-1.2126985142857052,29.087499899999983,1,476.4790305879555,13049.0,0.0
2021-07-23,2021-07,oracle_reference,0.15,60,206.0,175.10000010000005,30.899999899999955,30.899999899999955,0,449.8499947999992,13049.0,0.0
2021-07-24,2021-07,retained_model,0.0,30,104.0,104.0,0.0,0.0,0,0.0,4306.0,0.0
2021-07-24,2021-07,seasonal_naive,0.0,30,104.0,104.0,0.0,0.0,0,0.0,4306.0,0.0
2021-07-24,2021-07,oracle_reference,0.0,30,104.0,104.0,0.0,0.0,0,0.0,4306.0,0.0
2021-07-24,2021-07,retained_model,0.0,60,104.0,104.0,0.0,0.0,0,0.0,4306.0,0.0
2021-07-24,2021-07,seasonal_naive,0.0,60,104.0,104.0,0.0,0.0,0,0.0,4306.0,0.0
2021-07-24,2021-07,oracle_reference,0.0,60,104.0,104.0,0.0,0.0,0,0.0,4306.0,0.0
2021-07-24,2021-07,retained_model,0.05,30,104.0,104.0,0.0,5.500085910305373,0,18.096648567735038,4306.0,0.0
2021-07-24,2021-07,seasonal_naive,0.05,30,104.0,104.0,0.0,5.499999900000006,0,8.025264287130861,4306.0,0.0
2021-07-24,2021-07,oracle_reference,0.05,30,104.0,98.80000009999999,5.199999900000009,5.199999900000009,0,12.399999300000074,4306.0,0.0
2021-07-24,2021-07,retained_model,0.05,60,104.0,104.0,0.0,5.500085910305344,0,14.665255170274104,4306.0,0.0
2021-07-24,2021-07,seasonal_naive,0.05,60,104.0,104.0,0.0,5.499999900000006,0,8.02526428713085,4306.0,0.0
2021-07-24,2021-07,oracle_reference,0.05,60,104.0,98.80000009999993,5.199999900000066,5.199999900000066,0,12.399999300000474,4306.0,0.0
2021-07-24,2021-07,retained_model,0.1,30,104.0,102.65008149530182,1.3499185046981808,10.111015170473124,0,83.57901901926357,4306.0,0.0
2021-07-24,2021-07,seasonal_naive,0.1,30,104.0,104.0,0.0,10.999999899999963,0,35.86453435070626,4306.0,0.0
2021-07-24,2021-07,oracle_reference,0.1,30,104.0,93.60000010000019,10.399999899999813,10.399999899999813,0,110.39999669999426,4306.0,0.0
2021-07-24,2021-07,retained_model,0.1,60,104.0,102.66136883626598,1.3386311637340214,11.000171920610697,0,66.20185802085057,4306.0,0.0
2021-07-24,2021-07,seasonal_naive,0.1,60,104.0,104.0,0.0,10.999999900000006,0,34.884336443307866,4306.0,0.0
2021-07-24,2021-07,oracle_reference,0.1,60,104.0,93.60000009999987,10.399999900000125,10.399999900000125,0,73.59999860000194,4306.0,0.0
2021-07-24,2021-07,retained_model,0.15,30,104.0,100.44168641328474,3.5583135867152578,13.126546062654924,0,244.87132406215278,4306.0,0.0
2021-07-24,2021-07,seasonal_naive,0.15,30,104.0,109.11367275524691,-5.11367275524691,16.376666566666643,1,169.9314120816549,4306.0,0.0
2021-07-24,2021-07,oracle_reference,0.15,30,104.0,91.7900001,12.2099999,12.2099999,0,168.2599954,4306.0,0.0
2021-07-24,2021-07,retained_model,0.15,60,104.0,100.68345463244077,3.316545367559229,15.539513189689572,0,240.13705230274843,4306.0,0.0
2021-07-24,2021-07,seasonal_naive,0.15,60,104.0,102.72727283232322,1.272727167676777,16.499999900000006,0,105.00101828145748,4306.0,0.0
2021-07-24,2021-07,oracle_reference,0.15,60,104.0,88.40000009999999,15.599999900000014,15.599999900000014,0,243.29999320000198,4306.0,0.0
2021-07-25,2021-07,retained_model,0.0,30,29.0,29.0,0.0,0.0,0,0.0,2342.0,0.0
2021-07-25,2021-07,seasonal_naive,0.0,30,29.0,29.0,0.0,0.0,0,0.0,2342.0,0.0
2021-07-25,2021-07,oracle_reference,0.0,30,29.0,29.0,0.0,0.0,0,0.0,2342.0,0.0
2021-07-25,2021-07,retained_model,0.0,60,29.0,29.0,0.0,0.0,0,0.0,2342.0,0.0
2021-07-25,2021-07,seasonal_naive,0.0,60,29.0,29.0,0.0,0.0,0,0.0,2342.0,0.0
2021-07-25,2021-07,oracle_reference,0.0,60,29.0,29.0,0.0,0.0,0,0.0,2342.0,0.0
2021-07-25,2021-07,retained_model,0.05,30,29.0,29.0,0.0,1.399999900000001,0,5.851851246031751,2342.0,0.0
2021-07-25,2021-07,seasonal_naive,0.05,30,29.0,29.0,0.0,1.399999900000001,0,5.851851246031751,2342.0,0.0
2021-07-25,2021-07,oracle_reference,0.05,30,29.0,27.550000100000002,1.4499998999999981,1.4499998999999981,0,6.149999299999982,2342.0,0.0
2021-07-25,2021-07,retained_model,0.05,60,29.0,29.0,0.0,1.3999998999999974,0,5.851851246031733,2342.0,0.0
2021-07-25,2021-07,seasonal_naive,0.05,60,29.0,29.0,0.0,1.3999998999999974,0,5.851851246031733,2342.0,0.0
2021-07-25,2021-07,oracle_reference,0.05,60,29.0,27.550000100000002,1.4499998999999981,1.4499998999999981,0,6.149999299999982,2342.0,0.0
2021-07-25,2021-07,retained_model,0.1,30,29.0,29.0,0.0,2.799999899999996,0,16.548717065974763,2342.0,0.0
2021-07-25,2021-07,seasonal_naive,0.1,30,29.0,29.0,0.0,2.799999899999996,0,16.548717065974763,2342.0,0.0
2021-07-25,2021-07,oracle_reference,0.1,30,29.0,26.100000100000003,2.8999998999999974,2.8999998999999974,0,18.099999099999984,2342.0,0.0
2021-07-25,2021-07,retained_model,0.1,60,29.0,29.0,0.0,2.7999998999999995,0,16.54871706597477,2342.0,0.0
2021-07-25,2021-07,seasonal_naive,0.1,60,29.0,29.0,0.0,2.7999998999999995,0,16.54871706597477,2342.0,0.0
2021-07-25,2021-07,oracle_reference,0.1,60,29.0,26.100000100000006,2.899999899999994,2.899999899999994,0,18.099999099999977,2342.0,0.0
2021-07-25,2021-07,retained_model,0.15,30,29.0,29.842391426630435,-0.8423914266304351,4.199999899999995,1,63.020108373255155,2342.0,0.0
2021-07-25,2021-07,seasonal_naive,0.15,30,29.0,29.842391426630435,-0.8423914266304351,4.199999899999995,1,63.020108373255155,2342.0,0.0
2021-07-25,2021-07,oracle_reference,0.15,30,29.0,24.65000010000001,4.34999989999999,4.34999989999999,0,71.24999049999934,2342.0,-4.547473508864641e-13
2021-07-25,2021-07,retained_model,0.15,60,29.0,29.753846238461538,-0.7538462384615379,4.199999899999998,1,39.696654753633,2342.0,0.0
2021-07-25,2021-07,seasonal_naive,0.15,60,29.0,29.753846238461538,-0.7538462384615379,4.199999899999998,1,39.696654753633,2342.0,0.0
2021-07-25,2021-07,oracle_reference,0.15,60,29.0,24.650000099999982,4.349999900000018,4.349999900000018,0,45.24999450000119,2342.0,0.0
2021-07-26,2021-07,retained_model,0.0,30,217.0,217.0,0.0,0.0,0,0.0,10695.0,0.0
2021-07-26,2021-07,seasonal_naive,0.0,30,217.0,217.0,0.0,0.0,0,0.0,10695.0,0.0
2021-07-26,2021-07,oracle_reference,0.0,30,217.0,217.0,0.0,0.0,0,0.0,10695.0,0.0
2021-07-26,2021-07,retained_model,0.0,60,217.0,217.0,0.0,0.0,0,0.0,10695.0,0.0
2021-07-26,2021-07,seasonal_naive,0.0,60,217.0,217.0,0.0,0.0,0,0.0,10695.0,0.0
2021-07-26,2021-07,oracle_reference,0.0,60,217.0,217.0,0.0,0.0,0,0.0,10695.0,0.0
2021-07-26,2021-07,retained_model,0.05,30,217.0,206.15414203534723,10.845857964652765,9.692299004087744,0,75.33317935309978,10695.0,0.0
2021-07-26,2021-07,seasonal_naive,0.05,30,217.0,217.0,0.0,11.099999899999858,0,9.499999914414296,10695.0,0.0
2021-07-26,2021-07,oracle_reference,0.05,30,217.0,206.1500001,10.8499999,10.8499999,0,11.6999998,10695.0,0.0
2021-07-26,2021-07,retained_model,0.05,60,217.0,206.15466350565453,10.845336494345474,9.6922990040878,0,49.38038056353393,10695.0,0.0
2021-07-26,2021-07,seasonal_naive,0.05,60,217.0,217.0,0.0,11.0999999,0,9.499999914414422,10695.0,0.0
2021-07-26,2021-07,oracle_reference,0.05,60,217.0,206.1500001,10.8499999,10.8499999,0,11.6999998,10695.0,0.0
2021-07-26,2021-07,retained_model,0.1,30,217.0,201.24093007856615,15.759069921433849,13.413510499456777,0,203.14354804676935,10695.0,0.0
2021-07-26,2021-07,seasonal_naive,0.1,30,217.0,217.76801594253632,-0.7680159425363229,22.199999899999995,1,38.27486032667758,10695.0,0.0
2021-07-26,2021-07,oracle_reference,0.1,30,217.0,195.30000010000003,21.699999899999966,21.699999899999966,0,54.49999949999997,10695.0,0.0
2021-07-26,2021-07,retained_model,0.1,60,217.0,196.2113451374819,20.788654862518086,18.436845525109362,0,289.0431800825926,10695.0,0.0
2021-07-26,2021-07,seasonal_naive,0.1,60,217.0,216.7830001085,0.2169998914999951,22.199999899999995,0,38.27486032667758,10695.0,0.0
2021-07-26,2021-07,oracle_reference,0.1,60,217.0,195.3000001,21.699999899999995,21.699999899999995,0,54.4999995,10695.0,0.0
2021-07-26,2021-07,retained_model,0.15,30,217.0,197.51547040575173,19.484529594248272,15.940151381721847,0,309.6086565345303,10695.0,0.0
2021-07-26,2021-07,seasonal_naive,0.15,30,217.0,207.73423431981985,9.265765680180152,33.29999989999996,0,146.10592555768235,10695.0,0.0
2021-07-26,2021-07,oracle_reference,0.15,30,217.0,184.45000009999998,32.54999990000002,32.54999990000002,0,205.94999710000047,10695.0,0.0
2021-07-26,2021-07,retained_model,0.15,60,217.0,189.83302453889374,27.16697546110626,23.459241744551292,0,519.965763250009,10695.0,0.0
2021-07-26,2021-07,seasonal_naive,0.15,60,217.0,208.12296659856457,8.877033401435426,33.29999990000002,0,117.77244782222417,10695.0,0.0
2021-07-26,2021-07,oracle_reference,0.15,60,217.0,184.45000009999998,32.54999990000002,32.54999990000002,0,144.69999860000024,10695.0,0.0
2021-07-27,2021-07,retained_model,0.0,30,211.0,211.0,0.0,0.0,0,0.0,13926.0,0.0
2021-07-27,2021-07,seasonal_naive,0.0,30,211.0,211.0,0.0,0.0,0,0.0,13926.0,0.0
2021-07-27,2021-07,oracle_reference,0.0,30,211.0,211.0,0.0,0.0,0,0.0,13926.0,0.0
2021-07-27,2021-07,retained_model,0.0,60,211.0,211.0,0.0,0.0,0,0.0,13926.0,0.0
2021-07-27,2021-07,seasonal_naive,0.0,60,211.0,211.0,0.0,0.0,0,0.0,13926.0,0.0
2021-07-27,2021-07,oracle_reference,0.0,60,211.0,211.0,0.0,0.0,0,0.0,13926.0,0.0
2021-07-27,2021-07,retained_model,0.05,30,211.0,209.84017612534788,1.159823874652119,7.054488189215959,0,123.38735337271459,13926.0,0.0
2021-07-27,2021-07,seasonal_naive,0.05,30,211.0,212.54994628039563,-1.5499462803956305,10.049999899999847,1,75.7221655033814,13926.0,0.0
2021-07-27,2021-07,oracle_reference,0.05,30,211.0,200.45000009999998,10.549999900000017,10.549999900000017,0,52.04999890000016,13926.0,0.0
2021-07-27,2021-07,retained_model,0.05,60,211.0,208.12048250870092,2.879517491299083,8.518938238328275,0,109.8103344958659,13926.0,0.0
2021-07-27,2021-07,seasonal_naive,0.05,60,211.0,214.0098985791878,-3.009898579187791,10.049999900000017,1,69.5483509021364,13926.0,0.0
2021-07-27,2021-07,oracle_reference,0.05,60,211.0,200.45000009999998,10.549999900000017,10.549999900000017,0,39.94999910000014,13926.0,0.0
2021-07-27,2021-07,retained_model,0.1,30,211.0,206.4702145016462,4.529785498353789,9.268840708853247,0,235.0898795004218,13926.0,0.0
2021-07-27,2021-07,seasonal_naive,0.1,30,211.0,207.38055575885784,3.619444241142162,15.266666566666657,0,246.23593570479306,13926.0,0.0
2021-07-27,2021-07,oracle_reference,0.1,30,211.0,192.37142867142862,18.628571328571383,18.628571328571383,0,183.4571405571424,13926.0,0.0
2021-07-27,2021-07,retained_model,0.1,60,211.0,201.22195116259982,9.778048837400178,13.683914101858306,0,309.3902622722948,13926.0,0.0
2021-07-27,2021-07,seasonal_naive,0.1,60,211.0,202.13451787106615,8.865482128933849,20.09999989999983,0,317.5070701836124,13926.0,0.0
2021-07-27,2021-07,oracle_reference,0.1,60,211.0,189.9000001,21.0999999,21.0999999,0,178.69999829999998,13926.0,0.0
2021-07-27,2021-07,retained_model,0.15,30,211.0,203.13727883268385,7.862721167316153,11.45240365530492,0,373.7007786970793,13926.0,0.0
2021-07-27,2021-07,seasonal_naive,0.15,30,211.0,204.0553821477468,6.944617852253202,17.833333233333292,0,373.62439112953723,13926.0,1.8189894035458565e-12
2021-07-27,2021-07,oracle_reference,0.15,30,211.0,186.5571429571429,24.4428570428571,24.4428570428571,0,378.1428493428559,13926.0,-1.8189894035458565e-12
2021-07-27,2021-07,retained_model,0.15,60,211.0,195.442204829576,15.557795170423987,17.84264102948481,0,645.6980055052787,13926.0,0.0
2021-07-27,2021-07,seasonal_naive,0.15,60,211.0,195.7010322534687,15.298967746531304,25.56333323333331,0,523.5682080681113,13926.0,0.0
2021-07-27,2021-07,oracle_reference,0.15,60,211.0,179.3500001,31.64999990000001,31.64999990000001,0,526.7499932000028,13926.0,0.0
2021-07-28,2021-07,retained_model,0.0,30,212.0,212.0,0.0,0.0,0,0.0,13976.0,0.0
2021-07-28,2021-07,seasonal_naive,0.0,30,212.0,212.0,0.0,0.0,0,0.0,13976.0,0.0
2021-07-28,2021-07,oracle_reference,0.0,30,212.0,212.0,0.0,0.0,0,0.0,13976.0,0.0
2021-07-28,2021-07,retained_model,0.0,60,212.0,212.0,0.0,0.0,0,0.0,13976.0,0.0
2021-07-28,2021-07,seasonal_naive,0.0,60,212.0,212.0,0.0,0.0,0,0.0,13976.0,0.0
2021-07-28,2021-07,oracle_reference,0.0,60,212.0,212.0,0.0,0.0,0,0.0,13976.0,0.0
2021-07-28,2021-07,retained_model,0.05,30,212.0,211.3759246935764,0.624075306423606,7.147636835652605,0,93.21425456695377,13976.0,0.0
2021-07-28,2021-07,seasonal_naive,0.05,30,212.0,213.7786406737864,-1.7786406737864127,10.699999899999995,1,20.766272782382693,13976.0,0.0
2021-07-28,2021-07,oracle_reference,0.05,30,212.0,201.40000009999997,10.599999900000029,10.599999900000029,0,41.39999910000029,13976.0,0.0
2021-07-28,2021-07,retained_model,0.05,60,212.0,208.97773794424364,3.0222620557563573,9.324580839380502,0,112.06500689917725,13976.0,0.0
2021-07-28,2021-07,seasonal_naive,0.05,60,212.0,211.0,1.0,10.699999899999995,0,20.766272782382693,13976.0,0.0
2021-07-28,2021-07,oracle_reference,0.05,60,212.0,201.4000001,10.5999999,10.5999999,0,31.79999919999999,13976.0,0.0
2021-07-28,2021-07,retained_model,0.1,30,212.0,208.20269867065585,3.797301329344151,9.606964247245628,0,192.73892349456878,13976.0,0.0
2021-07-28,2021-07,seasonal_naive,0.1,30,212.0,218.9137050862949,-6.913705086294897,21.399999900000097,1,190.54884726657374,13976.0,0.0
2021-07-28,2021-07,oracle_reference,0.1,30,212.0,193.15333343333333,18.84666656666667,18.84666656666667,0,261.38665876666687,13976.0,-1.8189894035458565e-12
2021-07-28,2021-07,retained_model,0.1,60,212.0,208.25415297101787,3.7458470289821264,14.487186704470815,0,288.5519817673111,13976.0,0.0
2021-07-28,2021-07,seasonal_naive,0.1,60,212.0,211.61766055081605,0.38233944918394513,21.399999900000097,0,147.07290403732537,13976.0,0.0
2021-07-28,2021-07,oracle_reference,0.1,60,212.0,190.80000010000006,21.199999899999938,21.199999899999938,0,214.39999729999906,13976.0,0.0
2021-07-28,2021-07,retained_model,0.15,30,212.0,205.24671676045423,6.753283239545766,12.06629165883868,0,323.3162519322664,13976.0,0.0
2021-07-28,2021-07,seasonal_naive,0.15,30,212.0,213.06820820924855,-1.068208209248553,27.149999899999983,1,439.420000849742,13976.0,0.0
2021-07-28,2021-07,oracle_reference,0.15,30,212.0,190.43000009999997,21.569999900000028,21.569999900000028,0,388.2599907000026,13976.0,0.0
2021-07-28,2021-07,retained_model,0.15,60,212.0,203.36799501651578,8.632004983484222,19.074994370588996,0,474.83241616804764,13976.0,0.0
2021-07-28,2021-07,seasonal_naive,0.15,60,212.0,209.34800945140728,2.651990548592721,32.09999989999997,0,437.7774355307159,13976.0,0.0
2021-07-28,2021-07,oracle_reference,0.15,60,212.0,182.67812510000002,29.321874899999983,29.321874899999983,0,533.5937450000006,13976.0,0.0
2021-07-29,2021-07,retained_model,0.0,30,211.0,211.0,0.0,0.0,0,0.0,13710.0,0.0
2021-07-29,2021-07,seasonal_naive,0.0,30,211.0,211.0,0.0,0.0,0,0.0,13710.0,0.0
2021-07-29,2021-07,oracle_reference,0.0,30,211.0,211.0,0.0,0.0,0,0.0,13710.0,0.0
2021-07-29,2021-07,retained_model,0.0,60,211.0,211.0,0.0,0.0,0,0.0,13710.0,0.0
2021-07-29,2021-07,seasonal_naive,0.0,60,211.0,211.0,0.0,0.0,0,0.0,13710.0,0.0
2021-07-29,2021-07,oracle_reference,0.0,60,211.0,211.0,0.0,0.0,0,0.0,13710.0,0.0
2021-07-29,2021-07,retained_model,0.05,30,211.0,214.81321851672598,-3.813218516725982,6.507003819267595,1,120.50781587116904,13710.0,0.0
2021-07-29,2021-07,seasonal_naive,0.05,30,211.0,211.0,0.0,10.649999900000012,0,9.449999911267614,13710.0,0.0
2021-07-29,2021-07,oracle_reference,0.05,30,211.0,200.45000010000004,10.54999989999996,10.54999989999996,0,52.1499986999995,13710.0,0.0
2021-07-29,2021-07,retained_model,0.05,60,211.0,212.9637445215557,-1.9637445215556966,7.55477429480581,1,91.45594941045442,13710.0,0.0
2021-07-29,2021-07,seasonal_naive,0.05,60,211.0,211.0,0.0,10.649999900000012,0,9.449999911267614,13710.0,0.0
2021-07-29,2021-07,oracle_reference,0.05,60,211.0,200.45000009999998,10.549999900000017,10.549999900000017,0,44.499999000000166,13710.0,0.0
2021-07-29,2021-07,retained_model,0.1,30,211.0,211.02041863925635,-0.02041863925634857,8.794864763234472,1,241.71341214317076,13710.0,0.0
2021-07-29,2021-07,seasonal_naive,0.1,30,211.0,210.67031260989575,0.3296873901042545,21.299999900000074,0,34.33112862668178,13710.0,0.0
2021-07-29,2021-07,oracle_reference,0.1,30,211.0,192.27857152857143,18.721428471428567,18.721428471428567,0,236.60713675714257,13710.0,0.0
2021-07-29,2021-07,retained_model,0.1,60,211.0,204.77841313782827,6.221586862171733,12.541765233559431,0,315.6511021335996,13710.0,0.0
2021-07-29,2021-07,seasonal_naive,0.1,60,211.0,210.6703126098958,0.3296873901041977,21.299999900000017,0,30.998486556214722,13710.0,0.0
2021-07-29,2021-07,oracle_reference,0.1,60,211.0,189.90000010000006,21.099999899999943,21.099999899999943,0,201.49999749999927,13710.0,0.0
2021-07-29,2021-07,retained_model,0.15,30,211.0,208.0498233933361,2.950176606663888,10.666141145971892,0,377.6153239323804,13710.0,0.0
2021-07-29,2021-07,seasonal_naive,0.15,30,211.0,210.10491950162864,0.8950804983713567,31.84687489999999,0,339.9139457853029,13710.0,0.0
2021-07-29,2021-07,oracle_reference,0.15,30,211.0,189.47333343333335,21.52666656666665,21.52666656666665,0,334.8733274333339,13710.0,0.0
2021-07-29,2021-07,retained_model,0.15,60,211.0,198.9866142138926,12.013385786107392,16.19014657918487,0,673.6450099625152,13710.0,0.0
2021-07-29,2021-07,seasonal_naive,0.15,60,211.0,210.94453134739584,0.055468652604162116,31.949999899999995,0,200.7643035807902,13710.0,0.0
2021-07-29,2021-07,oracle_reference,0.15,60,211.0,181.35333343333338,29.646666566666624,29.646666566666624,0,466.3066623666661,13710.0,0.0
2021-07-30,2021-07,retained_model,0.0,30,212.0,212.0,0.0,0.0,0,0.0,13976.0,0.0
2021-07-30,2021-07,seasonal_naive,0.0,30,212.0,212.0,0.0,0.0,0,0.0,13976.0,0.0
2021-07-30,2021-07,oracle_reference,0.0,30,212.0,212.0,0.0,0.0,0,0.0,13976.0,0.0
2021-07-30,2021-07,retained_model,0.0,60,212.0,212.0,0.0,0.0,0,0.0,13976.0,0.0
2021-07-30,2021-07,seasonal_naive,0.0,60,212.0,212.0,0.0,0.0,0,0.0,13976.0,0.0
2021-07-30,2021-07,oracle_reference,0.0,60,212.0,212.0,0.0,0.0,0,0.0,13976.0,0.0
2021-07-30,2021-07,retained_model,0.05,30,212.0,208.22067525085558,3.779324749144422,6.842886293214036,0,95.64087867855818,13976.0,0.0
2021-07-30,2021-07,seasonal_naive,0.05,30,212.0,212.0,0.0,10.299999900000017,0,23.12172398920105,13976.0,0.0
2021-07-30,2021-07,oracle_reference,0.05,30,212.0,201.40000009999997,10.599999900000029,10.599999900000029,0,41.39999910000029,13976.0,0.0
2021-07-30,2021-07,retained_model,0.05,60,212.0,205.44154706430814,6.558452935691861,9.006299746011962,0,127.28319818328562,13976.0,0.0
2021-07-30,2021-07,seasonal_naive,0.05,60,212.0,212.0,0.0,10.299999900000017,0,23.12172398920105,13976.0,0.0
2021-07-30,2021-07,oracle_reference,0.05,60,212.0,201.4000001,10.5999999,10.5999999,0,31.79999919999999,13976.0,0.0
2021-07-30,2021-07,retained_model,0.1,30,212.0,205.4068547409472,6.59314525905279,9.192060825678965,0,207.80654851462472,13976.0,0.0
2021-07-30,2021-07,seasonal_naive,0.1,30,212.0,211.4120604045226,0.587939595477394,20.599999899999972,0,140.5443697581643,13976.0,0.0
2021-07-30,2021-07,oracle_reference,0.1,30,212.0,193.15333343333333,18.84666656666667,18.84666656666667,0,261.38665876666687,13976.0,-1.8189894035458565e-12
2021-07-30,2021-07,retained_model,0.1,60,212.0,199.635188235727,12.364811764273014,13.60228476796604,0,319.9418493019683,13976.0,0.0
2021-07-30,2021-07,seasonal_naive,0.1,60,212.0,211.41481491851852,0.5851850814814838,20.599999899999972,0,128.90181683954728,13976.0,0.0
2021-07-30,2021-07,oracle_reference,0.1,60,212.0,190.80000010000006,21.199999899999938,21.199999899999938,0,214.39999729999906,13976.0,0.0
2021-07-30,2021-07,retained_model,0.15,30,212.0,202.76938318432548,9.230616815674523,11.394638297049937,0,353.3388182270925,13976.0,0.0
2021-07-30,2021-07,seasonal_naive,0.15,30,212.0,204.0,8.0,27.156666566666644,0,437.75607003229936,13976.0,0.0
2021-07-30,2021-07,oracle_reference,0.15,30,212.0,190.43000009999997,21.569999900000028,21.569999900000028,0,388.2599907000026,13976.0,0.0
2021-07-30,2021-07,retained_model,0.15,60,212.0,194.18905807032473,17.810941929675266,18.00997421048058,0,580.7218804214672,13976.0,0.0
2021-07-30,2021-07,seasonal_naive,0.15,60,212.0,204.6,7.400000000000006,30.899999899999955,0,457.5336428359735,13976.0,0.0
2021-07-30,2021-07,oracle_reference,0.15,60,212.0,182.67812510000002,29.321874899999983,29.321874899999983,0,533.5937450000006,13976.0,0.0
2021-07-31,2021-07,retained_model,0.0,30,28.0,28.0,0.0,0.0,0,0.0,2051.0,0.0
2021-07-31,2021-07,seasonal_naive,0.0,30,28.0,28.0,0.0,0.0,0,0.0,2051.0,0.0
2021-07-31,2021-07,oracle_reference,0.0,30,28.0,28.0,0.0,0.0,0,0.0,2051.0,0.0
2021-07-31,2021-07,retained_model,0.0,60,28.0,28.0,0.0,0.0,0,0.0,2051.0,0.0
2021-07-31,2021-07,seasonal_naive,0.0,60,28.0,28.0,0.0,0.0,0,0.0,2051.0,0.0
2021-07-31,2021-07,oracle_reference,0.0,60,28.0,28.0,0.0,0.0,0,0.0,2051.0,0.0
2021-07-31,2021-07,retained_model,0.05,30,28.0,28.0,0.0,5.799623124253543,0,3.2161967320834006,2051.0,0.0
2021-07-31,2021-07,seasonal_naive,0.05,30,28.0,28.0,0.0,5.199999900000009,0,2.6136998187963063,2051.0,0.0
2021-07-31,2021-07,oracle_reference,0.05,30,28.0,26.600000100000003,1.3999998999999974,1.3999998999999974,0,1.3999998999999974,2051.0,0.0
2021-07-31,2021-07,retained_model,0.05,60,28.0,28.0,0.0,5.799623124253586,0,3.2161967320834615,2051.0,0.0
2021-07-31,2021-07,seasonal_naive,0.05,60,28.0,28.0,0.0,5.199999900000066,0,2.613699818796394,2051.0,0.0
2021-07-31,2021-07,oracle_reference,0.05,60,28.0,26.600000100000003,1.3999998999999974,1.3999998999999974,0,1.3999998999999974,2051.0,0.0
2021-07-31,2021-07,retained_model,0.1,30,28.0,28.0,0.0,10.4803552339567,0,24.179703207873935,2051.0,0.0
2021-07-31,2021-07,seasonal_naive,0.1,30,28.0,28.0,0.0,10.399999899999813,0,24.147122888117895,2051.0,0.0
2021-07-31,2021-07,oracle_reference,0.1,30,28.0,25.2000001,2.7999998999999995,2.7999998999999995,0,4.3999996999999995,2051.0,0.0
2021-07-31,2021-07,retained_model,0.1,60,28.0,28.0,0.0,11.599246348507066,0,24.725868663109416,2051.0,0.0
2021-07-31,2021-07,seasonal_naive,0.1,60,28.0,28.0,0.0,10.399999900000125,0,15.866668806581297,2051.0,0.0
2021-07-31,2021-07,oracle_reference,0.1,60,28.0,25.2000001,2.7999998999999995,2.7999998999999995,0,4.3999996999999995,2051.0,0.0
2021-07-31,2021-07,retained_model,0.15,30,28.0,28.0,0.0,11.33120012232682,0,38.298547765539396,2051.0,0.0
2021-07-31,2021-07,seasonal_naive,0.15,30,28.0,29.18000001889902,-1.180000018899019,12.2099999,1,37.013460026740646,2051.0,0.0
2021-07-31,2021-07,oracle_reference,0.15,30,28.0,23.8000001,4.199999900000002,4.199999900000002,0,12.999999000000011,2051.0,0.0
2021-07-31,2021-07,retained_model,0.15,60,28.0,32.56455453527309,-4.564554535273089,13.181932450232225,1,46.10423857414618,2051.0,0.0
2021-07-31,2021-07,seasonal_naive,0.15,60,28.0,29.033152196739124,-1.033152196739124,15.599999900000014,1,53.45674684416477,2051.0,0.0
2021-07-31,2021-07,oracle_reference,0.15,60,28.0,23.800000100000002,4.199999899999998,4.199999899999998,0,12.999998999999988,2051.0,0.0
