origin,target,horizon,y,current,production,temperature,label,early,first_end,first_index,date,month,prob,model,warn,alpha,decision_threshold,headroom,recent_rise,error_type
2021-04-01 07:00:00,2021-04-01 07:15:00,1,22.0,21.0,71.0,11.8,True,False,2021-04-01 08:30:00,6,2021-04-01,4,0.21198199895847597,F0,False,0.01,0.42565391318979123,0.8820224719101124,-3.0,miss
2021-04-01 08:00:00,2021-04-01 08:15:00,1,153.0,97.0,1231.0,12.2,True,True,2021-04-01 08:30:00,2,2021-04-01,4,0.1376133610914012,F0,False,0.01,0.42565391318979123,0.4550561797752809,21.0,miss
2021-04-01 11:00:00,2021-04-01 11:15:00,1,173.0,164.0,298.0,15.6,True,False,2021-04-01 12:00:00,4,2021-04-01,4,0.1928687065511653,F0,False,0.01,0.42565391318979123,0.07865168539325842,0.0,miss
2021-04-01 15:00:00,2021-04-01 15:15:00,1,125.0,167.0,1062.0,14.9,False,False,2021-04-01 15:00:00,0,2021-04-01,4,0.8112362949773457,F0,True,0.01,0.42565391318979123,0.06179775280898876,3.0,false_alarm
2021-04-02 07:00:00,2021-04-02 07:15:00,1,108.0,111.0,62.0,12.4,True,False,2021-04-02 08:30:00,6,2021-04-02,4,0.0964684461746914,F0,False,0.01,0.42565391318979123,0.37640449438202245,-1.0,miss
2021-04-02 09:00:00,2021-04-02 09:15:00,1,169.0,175.0,0.0,12.9,False,False,2021-04-02 09:00:00,0,2021-04-02,4,0.5943276560089882,F0,True,0.01,0.42565391318979123,0.016853932584269662,8.0,false_alarm
2021-04-02 12:00:00,2021-04-02 12:15:00,1,105.0,173.0,0.0,14.8,False,False,2021-04-02 12:00:00,0,2021-04-02,4,0.6094183605661576,F0,True,0.01,0.42565391318979123,0.028089887640449437,3.0,false_alarm
2021-04-02 14:00:00,2021-04-02 14:15:00,1,161.0,160.0,0.0,15.7,True,False,2021-04-02 15:00:00,4,2021-04-02,4,0.028567497309905213,F0,False,0.01,0.42565391318979123,0.10112359550561797,-5.0,miss
2021-04-05 07:00:00,2021-04-05 07:15:00,1,22.0,21.0,0.0,6.1,True,False,2021-04-05 08:30:00,6,2021-04-05,4,0.244523158491022,F0,False,0.01,0.42565391318979123,0.8820224719101124,-3.0,miss
2021-04-05 08:00:00,2021-04-05 08:15:00,1,153.0,97.0,0.0,7.0,True,True,2021-04-05 08:30:00,2,2021-04-05,4,0.16954652511602963,F0,False,0.01,0.42565391318979123,0.4550561797752809,21.0,miss
2021-04-05 11:00:00,2021-04-05 11:15:00,1,173.0,164.0,1371.0,11.9,True,False,2021-04-05 12:00:00,4,2021-04-05,4,0.2159028091056013,F0,False,0.01,0.42565391318979123,0.07865168539325842,0.0,miss
2021-04-05 15:00:00,2021-04-05 15:15:00,1,125.0,167.0,607.0,14.1,False,False,2021-04-05 15:00:00,0,2021-04-05,4,0.844733317157028,F0,True,0.01,0.42565391318979123,0.06179775280898876,3.0,false_alarm
2021-04-06 07:00:00,2021-04-06 07:15:00,1,108.0,111.0,182.0,4.8,True,False,2021-04-06 08:30:00,6,2021-04-06,4,0.07199242098645002,F0,False,0.01,0.42565391318979123,0.37640449438202245,-1.0,miss
2021-04-06 09:00:00,2021-04-06 09:15:00,1,169.0,175.0,1007.0,8.5,False,False,2021-04-06 09:00:00,0,2021-04-06,4,0.84161460918794,F0,True,0.01,0.42565391318979123,0.016853932584269662,8.0,false_alarm
2021-04-06 10:00:00,2021-04-06 10:15:00,1,129.0,172.0,984.0,11.3,False,False,2021-04-06 10:00:00,0,2021-04-06,4,0.7077170046624038,F0,True,0.01,0.42565391318979123,0.033707865168539325,-5.0,false_alarm
2021-04-06 11:00:00,2021-04-06 11:15:00,1,178.0,174.0,927.0,13.4,False,False,2021-04-06 11:00:00,0,2021-04-06,4,0.4383379834838666,F0,True,0.01,0.42565391318979123,0.02247191011235955,5.0,false_alarm
2021-04-06 12:00:00,2021-04-06 12:15:00,1,105.0,173.0,1223.0,15.6,False,False,2021-04-06 12:00:00,0,2021-04-06,4,0.7631662981371532,F0,True,0.01,0.42565391318979123,0.028089887640449437,3.0,false_alarm
2021-04-06 14:00:00,2021-04-06 14:15:00,1,161.0,160.0,960.0,17.1,True,False,2021-04-06 15:00:00,4,2021-04-06,4,0.15613249161291545,F0,False,0.01,0.42565391318979123,0.10112359550561797,-5.0,miss
2021-04-07 07:00:00,2021-04-07 07:15:00,1,21.0,21.0,136.0,12.0,True,False,2021-04-07 08:30:00,6,2021-04-07,4,0.029276237879088788,F0,False,0.01,0.42565391318979123,0.8820224719101124,0.0,miss
2021-04-07 08:00:00,2021-04-07 08:15:00,1,160.0,95.0,593.0,12.6,True,True,2021-04-07 08:30:00,2,2021-04-07,4,0.09464418141180163,F0,False,0.01,0.42565391318979123,0.46629213483146065,28.0,miss
2021-04-08 10:00:00,2021-04-08 10:15:00,1,127.0,171.0,1501.0,15.8,False,False,2021-04-08 10:00:00,0,2021-04-08,4,0.5721829020995922,F0,True,0.01,0.42565391318979123,0.03932584269662921,8.0,false_alarm
2021-04-08 11:00:00,2021-04-08 11:15:00,1,167.0,174.0,474.0,16.5,False,False,2021-04-08 11:00:00,0,2021-04-08,4,0.7414494959901101,F0,True,0.01,0.42565391318979123,0.02247191011235955,8.0,false_alarm
2021-04-09 07:00:00,2021-04-09 07:15:00,1,26.0,22.0,123.0,7.9,True,False,2021-04-09 08:30:00,6,2021-04-09,4,0.02167014471961652,F0,False,0.01,0.42565391318979123,0.8764044943820225,-1.0,miss
2021-04-09 08:00:00,2021-04-09 08:15:00,1,160.0,131.0,440.0,8.6,True,True,2021-04-09 08:30:00,2,2021-04-09,4,0.186585865847958,F0,False,0.01,0.42565391318979123,0.2640449438202247,68.0,miss
2021-04-09 10:00:00,2021-04-09 10:15:00,1,128.0,149.0,411.0,12.8,False,False,2021-04-09 10:00:00,0,2021-04-09,4,0.6615200445578494,F0,True,0.01,0.42565391318979123,0.16292134831460675,-7.0,false_alarm
2021-04-09 13:00:00,2021-04-09 13:15:00,1,155.0,126.0,160.0,9.4,False,False,2021-04-09 13:00:00,0,2021-04-09,4,0.44601084130589974,F0,True,0.01,0.42565391318979123,0.29213483146067415,30.0,false_alarm
2021-04-12 07:00:00,2021-04-12 07:15:00,1,94.0,90.0,0.0,10.0,True,False,2021-04-12 09:00:00,8,2021-04-12,4,0.24230383274299475,F0,False,0.01,0.42565391318979123,0.4943820224719101,-4.0,miss
2021-04-12 10:00:00,2021-04-12 10:15:00,1,133.0,175.0,876.0,12.3,False,False,2021-04-12 10:00:00,0,2021-04-12,4,0.9321766933526066,F0,True,0.01,0.42565391318979123,0.016853932584269662,3.0,false_alarm
2021-04-12 11:00:00,2021-04-12 11:15:00,1,164.0,169.0,1032.0,12.7,False,False,2021-04-12 11:00:00,0,2021-04-12,4,0.8539763416609402,F0,True,0.01,0.42565391318979123,0.05056179775280899,-3.0,false_alarm
2021-04-13 07:00:00,2021-04-13 07:15:00,1,94.0,90.0,84.0,16.8,True,False,2021-04-13 09:00:00,8,2021-04-13,4,0.012481281263151596,F0,False,0.01,0.42565391318979123,0.4943820224719101,-4.0,miss
2021-04-13 08:00:00,2021-04-13 08:15:00,1,160.0,130.0,474.0,17.0,True,False,2021-04-13 09:00:00,4,2021-04-13,4,0.2058998060209939,F0,False,0.01,0.42565391318979123,0.2696629213483146,-4.0,miss
2021-04-13 10:00:00,2021-04-13 10:15:00,1,133.0,175.0,1381.0,18.6,False,False,2021-04-13 10:00:00,0,2021-04-13,4,0.911413530354502,F0,True,0.01,0.42565391318979123,0.016853932584269662,3.0,false_alarm
2021-04-13 11:00:00,2021-04-13 11:15:00,1,164.0,169.0,938.0,19.6,False,False,2021-04-13 11:00:00,0,2021-04-13,4,0.6635787199153893,F0,True,0.01,0.42565391318979123,0.05056179775280899,-3.0,false_alarm
2021-04-13 14:00:00,2021-04-13 14:15:00,1,159.0,169.0,1208.0,19.4,True,False,2021-04-13 15:45:00,7,2021-04-13,4,0.4025737348931594,F0,False,0.01,0.42565391318979123,0.05056179775280899,-8.0,miss
2021-04-14 07:00:00,2021-04-14 07:15:00,1,94.0,90.0,226.0,6.7,True,False,2021-04-14 09:00:00,8,2021-04-14,4,0.07279700351135736,F0,False,0.01,0.42565391318979123,0.4943820224719101,-4.0,miss
2021-04-14 08:00:00,2021-04-14 08:15:00,1,160.0,130.0,692.0,6.8,True,False,2021-04-14 09:00:00,4,2021-04-14,4,0.2140691623958834,F0,False,0.01,0.42565391318979123,0.2696629213483146,-4.0,miss
2021-04-14 10:00:00,2021-04-14 10:15:00,1,133.0,175.0,1260.0,8.5,False,False,2021-04-14 10:00:00,0,2021-04-14,4,0.9117577237614771,F0,True,0.01,0.42565391318979123,0.016853932584269662,3.0,false_alarm
2021-04-14 11:00:00,2021-04-14 11:15:00,1,164.0,169.0,1193.0,9.4,False,False,2021-04-14 11:00:00,0,2021-04-14,4,0.7936918691893041,F0,True,0.01,0.42565391318979123,0.05056179775280899,-3.0,false_alarm
2021-04-15 07:00:00,2021-04-15 07:15:00,1,94.0,90.0,0.0,6.8,True,False,2021-04-15 09:00:00,8,2021-04-15,4,0.02333329558928365,F0,False,0.01,0.42565391318979123,0.4943820224719101,-4.0,miss
2021-04-15 08:00:00,2021-04-15 08:15:00,1,160.0,130.0,1477.0,7.1,True,False,2021-04-15 09:00:00,4,2021-04-15,4,0.1423687829818637,F0,False,0.01,0.42565391318979123,0.2696629213483146,-4.0,miss
2021-04-15 10:00:00,2021-04-15 10:15:00,1,133.0,175.0,1672.0,11.4,False,False,2021-04-15 10:00:00,0,2021-04-15,4,0.84850472963578,F0,True,0.01,0.42565391318979123,0.016853932584269662,3.0,false_alarm
2021-04-15 11:00:00,2021-04-15 11:15:00,1,164.0,169.0,492.0,12.9,False,False,2021-04-15 11:00:00,0,2021-04-15,4,0.6862921773046666,F0,True,0.01,0.42565391318979123,0.05056179775280899,-3.0,false_alarm
2021-04-16 07:00:00,2021-04-16 07:15:00,1,94.0,90.0,48.0,7.0,True,False,2021-04-16 09:00:00,8,2021-04-16,4,0.03782852169141164,F0,False,0.01,0.42565391318979123,0.4943820224719101,-4.0,miss
2021-04-16 08:00:00,2021-04-16 08:15:00,1,160.0,130.0,1429.0,8.2,True,False,2021-04-16 09:00:00,4,2021-04-16,4,0.19812195266229665,F0,False,0.01,0.42565391318979123,0.2696629213483146,-4.0,miss
2021-04-16 10:00:00,2021-04-16 10:15:00,1,133.0,175.0,780.0,13.5,False,False,2021-04-16 10:00:00,0,2021-04-16,4,0.8969882423618316,F0,True,0.01,0.42565391318979123,0.016853932584269662,3.0,false_alarm
2021-04-16 11:00:00,2021-04-16 11:15:00,1,164.0,169.0,961.0,15.6,False,False,2021-04-16 11:00:00,0,2021-04-16,4,0.7335297172639268,F0,True,0.01,0.42565391318979123,0.05056179775280899,-3.0,false_alarm
2021-04-19 09:00:00,2021-04-19 09:15:00,1,167.0,171.0,1040.0,13.7,False,False,2021-04-19 09:00:00,0,2021-04-19,4,0.556807625020231,F0,True,0.01,0.42565391318979123,0.03932584269662921,-1.0,false_alarm
2021-04-19 13:00:00,2021-04-19 13:15:00,1,147.0,123.0,400.0,20.0,False,False,2021-04-19 13:00:00,0,2021-04-19,4,0.6343645608691734,F0,True,0.01,0.42565391318979123,0.3089887640449438,34.0,false_alarm
2021-04-20 13:00:00,2021-04-20 13:15:00,1,147.0,123.0,332.0,24.2,False,False,2021-04-20 13:00:00,0,2021-04-20,4,0.5647063772281946,F0,True,0.01,0.42565391318979123,0.3089887640449438,34.0,false_alarm
2021-04-21 08:00:00,2021-04-21 08:15:00,1,162.0,140.0,705.0,13.1,False,False,2021-04-21 08:00:00,0,2021-04-21,4,0.5572286382192897,F0,True,0.01,0.42565391318979123,0.21348314606741572,3.0,false_alarm
2021-04-22 08:00:00,2021-04-22 08:15:00,1,162.0,140.0,1582.0,14.7,False,False,2021-04-22 08:00:00,0,2021-04-22,4,0.5275684621899862,F0,True,0.01,0.42565391318979123,0.21348314606741572,3.0,false_alarm
2021-04-23 08:00:00,2021-04-23 08:15:00,1,162.0,140.0,941.0,14.7,False,False,2021-04-23 08:00:00,0,2021-04-23,4,0.5275684621899862,F0,True,0.01,0.42565391318979123,0.21348314606741572,3.0,false_alarm
2021-04-26 08:00:00,2021-04-26 08:15:00,1,145.0,149.0,63.0,9.5,False,False,2021-04-26 08:00:00,0,2021-04-26,4,0.5483034844238387,F0,True,0.01,0.42565391318979123,0.16292134831460675,9.0,false_alarm
2021-04-26 09:00:00,2021-04-26 09:15:00,1,167.0,166.0,574.0,13.3,False,False,2021-04-26 09:00:00,0,2021-04-26,4,0.5323254087727565,F0,True,0.01,0.42565391318979123,0.06741573033707865,45.0,false_alarm
2021-04-27 08:00:00,2021-04-27 08:15:00,1,145.0,149.0,2004.0,9.5,False,False,2021-04-27 08:00:00,0,2021-04-27,4,0.5427283270857834,F0,True,0.01,0.42565391318979123,0.16292134831460675,9.0,false_alarm
2021-04-28 08:00:00,2021-04-28 08:15:00,1,151.0,128.0,2047.0,16.3,False,False,2021-04-28 08:00:00,0,2021-04-28,4,0.5108704612147449,F0,True,0.01,0.42565391318979123,0.2808988764044944,-6.0,false_alarm
2021-04-28 12:00:00,2021-04-28 12:15:00,1,107.0,168.0,1180.0,21.3,False,False,2021-04-28 12:00:00,0,2021-04-28,4,0.5387962225338156,F0,True,0.01,0.42565391318979123,0.056179775280898875,-1.0,false_alarm
2021-04-28 14:00:00,2021-04-28 14:15:00,1,151.0,157.0,2313.0,22.5,False,False,2021-04-28 14:00:00,0,2021-04-28,4,0.4787959298044706,F0,True,0.01,0.42565391318979123,0.11797752808988764,-10.0,false_alarm
2021-04-29 08:00:00,2021-04-29 08:15:00,1,151.0,128.0,2098.0,14.7,False,False,2021-04-29 08:00:00,0,2021-04-29,4,0.525402263420099,F0,True,0.01,0.42565391318979123,0.2808988764044944,-6.0,false_alarm
2021-04-29 12:00:00,2021-04-29 12:15:00,1,107.0,168.0,1646.0,19.6,False,False,2021-04-29 12:00:00,0,2021-04-29,4,0.5497373262966312,F0,True,0.01,0.42565391318979123,0.056179775280898875,-1.0,false_alarm
2021-04-29 14:00:00,2021-04-29 14:15:00,1,151.0,157.0,692.0,19.4,False,False,2021-04-29 14:00:00,0,2021-04-29,4,0.441438345591274,F0,True,0.01,0.42565391318979123,0.11797752808988764,-10.0,false_alarm
2021-04-30 08:00:00,2021-04-30 08:15:00,1,162.0,140.0,1099.0,15.6,False,False,2021-04-30 08:00:00,0,2021-04-30,4,0.6625062972673171,F0,True,0.01,0.42565391318979123,0.21348314606741572,3.0,false_alarm
2021-04-01 07:00:00,2021-04-01 07:15:00,1,22.0,21.0,71.0,11.8,True,False,2021-04-01 08:30:00,6,2021-04-01,4,0.21198199895847597,F0,False,0.025,0.26120908825771744,0.8820224719101124,-3.0,miss
2021-04-01 08:00:00,2021-04-01 08:15:00,1,153.0,97.0,1231.0,12.2,True,True,2021-04-01 08:30:00,2,2021-04-01,4,0.1376133610914012,F0,False,0.025,0.26120908825771744,0.4550561797752809,21.0,miss
2021-04-01 11:00:00,2021-04-01 11:15:00,1,173.0,164.0,298.0,15.6,True,False,2021-04-01 12:00:00,4,2021-04-01,4,0.1928687065511653,F0,False,0.025,0.26120908825771744,0.07865168539325842,0.0,miss
2021-04-01 15:00:00,2021-04-01 15:15:00,1,125.0,167.0,1062.0,14.9,False,False,2021-04-01 15:00:00,0,2021-04-01,4,0.8112362949773457,F0,True,0.025,0.26120908825771744,0.06179775280898876,3.0,false_alarm
2021-04-02 07:00:00,2021-04-02 07:15:00,1,108.0,111.0,62.0,12.4,True,False,2021-04-02 08:30:00,6,2021-04-02,4,0.0964684461746914,F0,False,0.025,0.26120908825771744,0.37640449438202245,-1.0,miss
2021-04-02 09:00:00,2021-04-02 09:15:00,1,169.0,175.0,0.0,12.9,False,False,2021-04-02 09:00:00,0,2021-04-02,4,0.5943276560089882,F0,True,0.025,0.26120908825771744,0.016853932584269662,8.0,false_alarm
2021-04-02 10:00:00,2021-04-02 10:15:00,1,129.0,172.0,0.0,13.8,False,False,2021-04-02 10:00:00,0,2021-04-02,4,0.3007538534534043,F0,True,0.025,0.26120908825771744,0.033707865168539325,-5.0,false_alarm
2021-04-02 11:00:00,2021-04-02 11:15:00,1,178.0,174.0,0.0,14.4,False,False,2021-04-02 11:00:00,0,2021-04-02,4,0.38601725180588403,F0,True,0.025,0.26120908825771744,0.02247191011235955,5.0,false_alarm
2021-04-02 12:00:00,2021-04-02 12:15:00,1,105.0,173.0,0.0,14.8,False,False,2021-04-02 12:00:00,0,2021-04-02,4,0.6094183605661576,F0,True,0.025,0.26120908825771744,0.028089887640449437,3.0,false_alarm
2021-04-02 14:00:00,2021-04-02 14:15:00,1,161.0,160.0,0.0,15.7,True,False,2021-04-02 15:00:00,4,2021-04-02,4,0.028567497309905213,F0,False,0.025,0.26120908825771744,0.10112359550561797,-5.0,miss
2021-04-04 08:00:00,2021-04-04 08:15:00,1,21.0,23.0,0.0,11.0,False,False,2021-04-04 08:00:00,0,2021-04-04,4,0.39359276957584394,F0,True,0.025,0.26120908825771744,0.8707865168539326,-2.0,false_alarm
2021-04-05 07:00:00,2021-04-05 07:15:00,1,22.0,21.0,0.0,6.1,True,False,2021-04-05 08:30:00,6,2021-04-05,4,0.244523158491022,F0,False,0.025,0.26120908825771744,0.8820224719101124,-3.0,miss
2021-04-05 08:00:00,2021-04-05 08:15:00,1,153.0,97.0,0.0,7.0,True,True,2021-04-05 08:30:00,2,2021-04-05,4,0.16954652511602963,F0,False,0.025,0.26120908825771744,0.4550561797752809,21.0,miss
2021-04-05 11:00:00,2021-04-05 11:15:00,1,173.0,164.0,1371.0,11.9,True,False,2021-04-05 12:00:00,4,2021-04-05,4,0.2159028091056013,F0,False,0.025,0.26120908825771744,0.07865168539325842,0.0,miss
2021-04-05 15:00:00,2021-04-05 15:15:00,1,125.0,167.0,607.0,14.1,False,False,2021-04-05 15:00:00,0,2021-04-05,4,0.844733317157028,F0,True,0.025,0.26120908825771744,0.06179775280898876,3.0,false_alarm
2021-04-06 07:00:00,2021-04-06 07:15:00,1,108.0,111.0,182.0,4.8,True,False,2021-04-06 08:30:00,6,2021-04-06,4,0.07199242098645002,F0,False,0.025,0.26120908825771744,0.37640449438202245,-1.0,miss
2021-04-06 09:00:00,2021-04-06 09:15:00,1,169.0,175.0,1007.0,8.5,False,False,2021-04-06 09:00:00,0,2021-04-06,4,0.84161460918794,F0,True,0.025,0.26120908825771744,0.016853932584269662,8.0,false_alarm
2021-04-06 10:00:00,2021-04-06 10:15:00,1,129.0,172.0,984.0,11.3,False,False,2021-04-06 10:00:00,0,2021-04-06,4,0.7077170046624038,F0,True,0.025,0.26120908825771744,0.033707865168539325,-5.0,false_alarm
2021-04-06 11:00:00,2021-04-06 11:15:00,1,178.0,174.0,927.0,13.4,False,False,2021-04-06 11:00:00,0,2021-04-06,4,0.4383379834838666,F0,True,0.025,0.26120908825771744,0.02247191011235955,5.0,false_alarm
2021-04-06 12:00:00,2021-04-06 12:15:00,1,105.0,173.0,1223.0,15.6,False,False,2021-04-06 12:00:00,0,2021-04-06,4,0.7631662981371532,F0,True,0.025,0.26120908825771744,0.028089887640449437,3.0,false_alarm
2021-04-06 14:00:00,2021-04-06 14:15:00,1,161.0,160.0,960.0,17.1,True,False,2021-04-06 15:00:00,4,2021-04-06,4,0.15613249161291545,F0,False,0.025,0.26120908825771744,0.10112359550561797,-5.0,miss
2021-04-07 07:00:00,2021-04-07 07:15:00,1,21.0,21.0,136.0,12.0,True,False,2021-04-07 08:30:00,6,2021-04-07,4,0.029276237879088788,F0,False,0.025,0.26120908825771744,0.8820224719101124,0.0,miss
2021-04-07 08:00:00,2021-04-07 08:15:00,1,160.0,95.0,593.0,12.6,True,True,2021-04-07 08:30:00,2,2021-04-07,4,0.09464418141180163,F0,False,0.025,0.26120908825771744,0.46629213483146065,28.0,miss
2021-04-07 12:00:00,2021-04-07 12:15:00,1,108.0,169.0,1113.0,18.4,False,False,2021-04-07 12:00:00,0,2021-04-07,4,0.3290095387675259,F0,True,0.025,0.26120908825771744,0.05056179775280899,-10.0,false_alarm
2021-04-07 13:00:00,2021-04-07 13:15:00,1,173.0,123.0,2836.0,18.8,False,False,2021-04-07 13:00:00,0,2021-04-07,4,0.27412009669813175,F0,True,0.025,0.26120908825771744,0.3089887640449438,37.0,false_alarm
2021-04-07 14:00:00,2021-04-07 14:15:00,1,154.0,159.0,427.0,18.3,False,False,2021-04-07 14:00:00,0,2021-04-07,4,0.4195843454805778,F0,True,0.025,0.26120908825771744,0.10674157303370786,-4.0,false_alarm
2021-04-08 10:00:00,2021-04-08 10:15:00,1,127.0,171.0,1501.0,15.8,False,False,2021-04-08 10:00:00,0,2021-04-08,4,0.5721829020995922,F0,True,0.025,0.26120908825771744,0.03932584269662921,8.0,false_alarm
2021-04-08 11:00:00,2021-04-08 11:15:00,1,167.0,174.0,474.0,16.5,False,False,2021-04-08 11:00:00,0,2021-04-08,4,0.7414494959901101,F0,True,0.025,0.26120908825771744,0.02247191011235955,8.0,false_alarm
2021-04-08 12:00:00,2021-04-08 12:15:00,1,103.0,159.0,702.0,18.1,False,False,2021-04-08 12:00:00,0,2021-04-08,4,0.41040406107023264,F0,True,0.025,0.26120908825771744,0.10674157303370786,-8.0,false_alarm
2021-04-08 13:00:00,2021-04-08 13:15:00,1,174.0,130.0,938.0,15.9,False,False,2021-04-08 13:00:00,0,2021-04-08,4,0.37184740649245,F0,True,0.025,0.26120908825771744,0.2696629213483146,35.0,false_alarm
2021-04-09 07:00:00,2021-04-09 07:15:00,1,26.0,22.0,123.0,7.9,True,False,2021-04-09 08:30:00,6,2021-04-09,4,0.02167014471961652,F0,False,0.025,0.26120908825771744,0.8764044943820225,-1.0,miss
2021-04-09 08:00:00,2021-04-09 08:15:00,1,160.0,131.0,440.0,8.6,True,True,2021-04-09 08:30:00,2,2021-04-09,4,0.186585865847958,F0,False,0.025,0.26120908825771744,0.2640449438202247,68.0,miss
2021-04-09 10:00:00,2021-04-09 10:15:00,1,128.0,149.0,411.0,12.8,False,False,2021-04-09 10:00:00,0,2021-04-09,4,0.6615200445578494,F0,True,0.025,0.26120908825771744,0.16292134831460675,-7.0,false_alarm
2021-04-09 11:00:00,2021-04-09 11:15:00,1,173.0,168.0,663.0,12.1,False,False,2021-04-09 11:00:00,0,2021-04-09,4,0.26404399674440276,F0,True,0.025,0.26120908825771744,0.056179775280898875,5.0,false_alarm
2021-04-09 12:00:00,2021-04-09 12:15:00,1,110.0,153.0,1501.0,11.3,False,False,2021-04-09 12:00:00,0,2021-04-09,4,0.2884776206491598,F0,True,0.025,0.26120908825771744,0.1404494382022472,-19.0,false_alarm
2021-04-09 13:00:00,2021-04-09 13:15:00,1,155.0,126.0,160.0,9.4,False,False,2021-04-09 13:00:00,0,2021-04-09,4,0.44601084130589974,F0,True,0.025,0.26120908825771744,0.29213483146067415,30.0,false_alarm
2021-04-12 07:00:00,2021-04-12 07:15:00,1,94.0,90.0,0.0,10.0,True,False,2021-04-12 09:00:00,8,2021-04-12,4,0.24230383274299475,F0,False,0.025,0.26120908825771744,0.4943820224719101,-4.0,miss
2021-04-12 10:00:00,2021-04-12 10:15:00,1,133.0,175.0,876.0,12.3,False,False,2021-04-12 10:00:00,0,2021-04-12,4,0.9321766933526066,F0,True,0.025,0.26120908825771744,0.016853932584269662,3.0,false_alarm
2021-04-12 11:00:00,2021-04-12 11:15:00,1,164.0,169.0,1032.0,12.7,False,False,2021-04-12 11:00:00,0,2021-04-12,4,0.8539763416609402,F0,True,0.025,0.26120908825771744,0.05056179775280899,-3.0,false_alarm
2021-04-12 16:00:00,2021-04-12 16:15:00,1,163.0,170.0,880.0,14.9,False,False,2021-04-12 16:00:00,0,2021-04-12,4,0.2821075981345108,F0,True,0.025,0.26120908825771744,0.0449438202247191,-9.0,false_alarm
2021-04-13 07:00:00,2021-04-13 07:15:00,1,94.0,90.0,84.0,16.8,True,False,2021-04-13 09:00:00,8,2021-04-13,4,0.012481281263151596,F0,False,0.025,0.26120908825771744,0.4943820224719101,-4.0,miss
2021-04-13 08:00:00,2021-04-13 08:15:00,1,160.0,130.0,474.0,17.0,True,False,2021-04-13 09:00:00,4,2021-04-13,4,0.2058998060209939,F0,False,0.025,0.26120908825771744,0.2696629213483146,-4.0,miss
2021-04-13 10:00:00,2021-04-13 10:15:00,1,133.0,175.0,1381.0,18.6,False,False,2021-04-13 10:00:00,0,2021-04-13,4,0.911413530354502,F0,True,0.025,0.26120908825771744,0.016853932584269662,3.0,false_alarm
2021-04-13 11:00:00,2021-04-13 11:15:00,1,164.0,169.0,938.0,19.6,False,False,2021-04-13 11:00:00,0,2021-04-13,4,0.6635787199153893,F0,True,0.025,0.26120908825771744,0.05056179775280899,-3.0,false_alarm
2021-04-14 07:00:00,2021-04-14 07:15:00,1,94.0,90.0,226.0,6.7,True,False,2021-04-14 09:00:00,8,2021-04-14,4,0.07279700351135736,F0,False,0.025,0.26120908825771744,0.4943820224719101,-4.0,miss
2021-04-14 08:00:00,2021-04-14 08:15:00,1,160.0,130.0,692.0,6.8,True,False,2021-04-14 09:00:00,4,2021-04-14,4,0.2140691623958834,F0,False,0.025,0.26120908825771744,0.2696629213483146,-4.0,miss
2021-04-14 10:00:00,2021-04-14 10:15:00,1,133.0,175.0,1260.0,8.5,False,False,2021-04-14 10:00:00,0,2021-04-14,4,0.9117577237614771,F0,True,0.025,0.26120908825771744,0.016853932584269662,3.0,false_alarm
2021-04-14 11:00:00,2021-04-14 11:15:00,1,164.0,169.0,1193.0,9.4,False,False,2021-04-14 11:00:00,0,2021-04-14,4,0.7936918691893041,F0,True,0.025,0.26120908825771744,0.05056179775280899,-3.0,false_alarm
2021-04-15 07:00:00,2021-04-15 07:15:00,1,94.0,90.0,0.0,6.8,True,False,2021-04-15 09:00:00,8,2021-04-15,4,0.02333329558928365,F0,False,0.025,0.26120908825771744,0.4943820224719101,-4.0,miss
2021-04-15 08:00:00,2021-04-15 08:15:00,1,160.0,130.0,1477.0,7.1,True,False,2021-04-15 09:00:00,4,2021-04-15,4,0.1423687829818637,F0,False,0.025,0.26120908825771744,0.2696629213483146,-4.0,miss
2021-04-15 10:00:00,2021-04-15 10:15:00,1,133.0,175.0,1672.0,11.4,False,False,2021-04-15 10:00:00,0,2021-04-15,4,0.84850472963578,F0,True,0.025,0.26120908825771744,0.016853932584269662,3.0,false_alarm
2021-04-15 11:00:00,2021-04-15 11:15:00,1,164.0,169.0,492.0,12.9,False,False,2021-04-15 11:00:00,0,2021-04-15,4,0.6862921773046666,F0,True,0.025,0.26120908825771744,0.05056179775280899,-3.0,false_alarm
2021-04-16 07:00:00,2021-04-16 07:15:00,1,94.0,90.0,48.0,7.0,True,False,2021-04-16 09:00:00,8,2021-04-16,4,0.03782852169141164,F0,False,0.025,0.26120908825771744,0.4943820224719101,-4.0,miss
2021-04-16 08:00:00,2021-04-16 08:15:00,1,160.0,130.0,1429.0,8.2,True,False,2021-04-16 09:00:00,4,2021-04-16,4,0.19812195266229665,F0,False,0.025,0.26120908825771744,0.2696629213483146,-4.0,miss
2021-04-16 10:00:00,2021-04-16 10:15:00,1,133.0,175.0,780.0,13.5,False,False,2021-04-16 10:00:00,0,2021-04-16,4,0.8969882423618316,F0,True,0.025,0.26120908825771744,0.016853932584269662,3.0,false_alarm
2021-04-16 11:00:00,2021-04-16 11:15:00,1,164.0,169.0,961.0,15.6,False,False,2021-04-16 11:00:00,0,2021-04-16,4,0.7335297172639268,F0,True,0.025,0.26120908825771744,0.05056179775280899,-3.0,false_alarm
2021-04-19 07:00:00,2021-04-19 07:15:00,1,26.0,20.0,0.0,10.4,False,False,2021-04-19 07:00:00,0,2021-04-19,4,0.2991227534759396,F0,True,0.025,0.26120908825771744,0.8876404494382022,0.0,false_alarm
2021-04-19 09:00:00,2021-04-19 09:15:00,1,167.0,171.0,1040.0,13.7,False,False,2021-04-19 09:00:00,0,2021-04-19,4,0.556807625020231,F0,True,0.025,0.26120908825771744,0.03932584269662921,-1.0,false_alarm
2021-04-19 12:00:00,2021-04-19 12:15:00,1,114.0,168.0,1984.0,18.3,False,False,2021-04-19 12:00:00,0,2021-04-19,4,0.29988247725253786,F0,True,0.025,0.26120908825771744,0.056179775280898875,5.0,false_alarm
2021-04-19 13:00:00,2021-04-19 13:15:00,1,147.0,123.0,400.0,20.0,False,False,2021-04-19 13:00:00,0,2021-04-19,4,0.6343645608691734,F0,True,0.025,0.26120908825771744,0.3089887640449438,34.0,false_alarm
2021-04-20 13:00:00,2021-04-20 13:15:00,1,147.0,123.0,332.0,24.2,False,False,2021-04-20 13:00:00,0,2021-04-20,4,0.5647063772281946,F0,True,0.025,0.26120908825771744,0.3089887640449438,34.0,false_alarm
2021-04-21 08:00:00,2021-04-21 08:15:00,1,162.0,140.0,705.0,13.1,False,False,2021-04-21 08:00:00,0,2021-04-21,4,0.5572286382192897,F0,True,0.025,0.26120908825771744,0.21348314606741572,3.0,false_alarm
2021-04-21 11:00:00,2021-04-21 11:15:00,1,165.0,172.0,1219.0,20.1,False,False,2021-04-21 11:00:00,0,2021-04-21,4,0.36624058608062676,F0,True,0.025,0.26120908825771744,0.033707865168539325,0.0,false_alarm
2021-04-21 12:00:00,2021-04-21 12:15:00,1,102.0,143.0,1473.0,23.4,False,False,2021-04-21 12:00:00,0,2021-04-21,4,0.28321356323295466,F0,True,0.025,0.26120908825771744,0.19662921348314608,-12.0,false_alarm
2021-04-22 08:00:00,2021-04-22 08:15:00,1,162.0,140.0,1582.0,14.7,False,False,2021-04-22 08:00:00,0,2021-04-22,4,0.5275684621899862,F0,True,0.025,0.26120908825771744,0.21348314606741572,3.0,false_alarm
2021-04-22 09:00:00,2021-04-22 09:15:00,1,163.0,153.0,728.0,15.3,False,False,2021-04-22 09:00:00,0,2021-04-22,4,0.30194021151185507,F0,True,0.025,0.26120908825771744,0.1404494382022472,-11.0,false_alarm
2021-04-22 11:00:00,2021-04-22 11:15:00,1,165.0,172.0,1196.0,21.7,False,False,2021-04-22 11:00:00,0,2021-04-22,4,0.3701133970627171,F0,True,0.025,0.26120908825771744,0.033707865168539325,0.0,false_alarm
2021-04-22 12:00:00,2021-04-22 12:15:00,1,102.0,143.0,1131.0,22.9,False,False,2021-04-22 12:00:00,0,2021-04-22,4,0.28085738384603737,F0,True,0.025,0.26120908825771744,0.19662921348314608,-12.0,false_alarm
2021-04-22 15:00:00,2021-04-22 15:15:00,1,123.0,158.0,1547.0,24.2,False,False,2021-04-22 15:00:00,0,2021-04-22,4,0.31987813042500723,F0,True,0.025,0.26120908825771744,0.11235955056179775,-5.0,false_alarm
2021-04-23 08:00:00,2021-04-23 08:15:00,1,162.0,140.0,941.0,14.7,False,False,2021-04-23 08:00:00,0,2021-04-23,4,0.5275684621899862,F0,True,0.025,0.26120908825771744,0.21348314606741572,3.0,false_alarm
2021-04-23 09:00:00,2021-04-23 09:15:00,1,163.0,153.0,572.0,14.6,False,False,2021-04-23 09:00:00,0,2021-04-23,4,0.30194021151185507,F0,True,0.025,0.26120908825771744,0.1404494382022472,-11.0,false_alarm
2021-04-23 11:00:00,2021-04-23 11:15:00,1,165.0,172.0,172.0,17.0,False,False,2021-04-23 11:00:00,0,2021-04-23,4,0.37523130052661446,F0,True,0.025,0.26120908825771744,0.033707865168539325,0.0,false_alarm
2021-04-23 12:00:00,2021-04-23 12:15:00,1,102.0,143.0,1538.0,18.1,False,False,2021-04-23 12:00:00,0,2021-04-23,4,0.28085738384603737,F0,True,0.025,0.26120908825771744,0.19662921348314608,-12.0,false_alarm
2021-04-23 15:00:00,2021-04-23 15:15:00,1,123.0,158.0,464.0,17.6,False,False,2021-04-23 15:00:00,0,2021-04-23,4,0.31987813042500723,F0,True,0.025,0.26120908825771744,0.11235955056179775,-5.0,false_alarm
2021-04-26 08:00:00,2021-04-26 08:15:00,1,145.0,149.0,63.0,9.5,False,False,2021-04-26 08:00:00,0,2021-04-26,4,0.5483034844238387,F0,True,0.025,0.26120908825771744,0.16292134831460675,9.0,false_alarm
2021-04-26 09:00:00,2021-04-26 09:15:00,1,167.0,166.0,574.0,13.3,False,False,2021-04-26 09:00:00,0,2021-04-26,4,0.5323254087727565,F0,True,0.025,0.26120908825771744,0.06741573033707865,45.0,false_alarm
2021-04-26 12:00:00,2021-04-26 12:15:00,1,99.0,168.0,944.0,15.4,False,False,2021-04-26 12:00:00,0,2021-04-26,4,0.29689968480195583,F0,True,0.025,0.26120908825771744,0.056179775280898875,5.0,false_alarm
2021-04-27 08:00:00,2021-04-27 08:15:00,1,145.0,149.0,2004.0,9.5,False,False,2021-04-27 08:00:00,0,2021-04-27,4,0.5427283270857834,F0,True,0.025,0.26120908825771744,0.16292134831460675,9.0,false_alarm
2021-04-27 09:00:00,2021-04-27 09:15:00,1,167.0,166.0,999.0,11.9,False,False,2021-04-27 09:00:00,0,2021-04-27,4,0.34548557133272373,F0,True,0.025,0.26120908825771744,0.06741573033707865,45.0,false_alarm
2021-04-28 07:00:00,2021-04-28 07:15:00,1,98.0,107.0,60.0,14.7,False,False,2021-04-28 07:00:00,0,2021-04-28,4,0.2638063018092355,F0,True,0.025,0.26120908825771744,0.398876404494382,-7.0,false_alarm
2021-04-28 08:00:00,2021-04-28 08:15:00,1,151.0,128.0,2047.0,16.3,False,False,2021-04-28 08:00:00,0,2021-04-28,4,0.5108704612147449,F0,True,0.025,0.26120908825771744,0.2808988764044944,-6.0,false_alarm
2021-04-28 10:00:00,2021-04-28 10:15:00,1,122.0,168.0,1636.0,18.7,False,False,2021-04-28 10:00:00,0,2021-04-28,4,0.2723387400304449,F0,True,0.025,0.26120908825771744,0.056179775280898875,8.0,false_alarm
2021-04-28 12:00:00,2021-04-28 12:15:00,1,107.0,168.0,1180.0,21.3,False,False,2021-04-28 12:00:00,0,2021-04-28,4,0.5387962225338156,F0,True,0.025,0.26120908825771744,0.056179775280898875,-1.0,false_alarm
2021-04-28 14:00:00,2021-04-28 14:15:00,1,151.0,157.0,2313.0,22.5,False,False,2021-04-28 14:00:00,0,2021-04-28,4,0.4787959298044706,F0,True,0.025,0.26120908825771744,0.11797752808988764,-10.0,false_alarm
2021-04-29 08:00:00,2021-04-29 08:15:00,1,151.0,128.0,2098.0,14.7,False,False,2021-04-29 08:00:00,0,2021-04-29,4,0.525402263420099,F0,True,0.025,0.26120908825771744,0.2808988764044944,-6.0,false_alarm
2021-04-29 10:00:00,2021-04-29 10:15:00,1,122.0,168.0,853.0,15.9,False,False,2021-04-29 10:00:00,0,2021-04-29,4,0.3149901759876847,F0,True,0.025,0.26120908825771744,0.056179775280898875,8.0,false_alarm
2021-04-29 12:00:00,2021-04-29 12:15:00,1,107.0,168.0,1646.0,19.6,False,False,2021-04-29 12:00:00,0,2021-04-29,4,0.5497373262966312,F0,True,0.025,0.26120908825771744,0.056179775280898875,-1.0,false_alarm
2021-04-29 14:00:00,2021-04-29 14:15:00,1,151.0,157.0,692.0,19.4,False,False,2021-04-29 14:00:00,0,2021-04-29,4,0.441438345591274,F0,True,0.025,0.26120908825771744,0.11797752808988764,-10.0,false_alarm
2021-04-30 08:00:00,2021-04-30 08:15:00,1,162.0,140.0,1099.0,15.6,False,False,2021-04-30 08:00:00,0,2021-04-30,4,0.6625062972673171,F0,True,0.025,0.26120908825771744,0.21348314606741572,3.0,false_alarm
2021-04-30 11:00:00,2021-04-30 11:15:00,1,165.0,172.0,566.0,18.9,False,False,2021-04-30 11:00:00,0,2021-04-30,4,0.4192370514563513,F0,True,0.025,0.26120908825771744,0.033707865168539325,0.0,false_alarm
2021-04-01 08:00:00,2021-04-01 08:15:00,1,153.0,97.0,1231.0,12.2,True,True,2021-04-01 08:30:00,2,2021-04-01,4,0.1376133610914012,F0,False,0.05,0.16353266907615177,0.4550561797752809,21.0,miss
2021-04-01 15:00:00,2021-04-01 15:15:00,1,125.0,167.0,1062.0,14.9,False,False,2021-04-01 15:00:00,0,2021-04-01,4,0.8112362949773457,F0,True,0.05,0.16353266907615177,0.06179775280898876,3.0,false_alarm
2021-04-02 07:00:00,2021-04-02 07:15:00,1,108.0,111.0,62.0,12.4,True,False,2021-04-02 08:30:00,6,2021-04-02,4,0.0964684461746914,F0,False,0.05,0.16353266907615177,0.37640449438202245,-1.0,miss
2021-04-02 09:00:00,2021-04-02 09:15:00,1,169.0,175.0,0.0,12.9,False,False,2021-04-02 09:00:00,0,2021-04-02,4,0.5943276560089882,F0,True,0.05,0.16353266907615177,0.016853932584269662,8.0,false_alarm
2021-04-02 10:00:00,2021-04-02 10:15:00,1,129.0,172.0,0.0,13.8,False,False,2021-04-02 10:00:00,0,2021-04-02,4,0.3007538534534043,F0,True,0.05,0.16353266907615177,0.033707865168539325,-5.0,false_alarm
2021-04-02 11:00:00,2021-04-02 11:15:00,1,178.0,174.0,0.0,14.4,False,False,2021-04-02 11:00:00,0,2021-04-02,4,0.38601725180588403,F0,True,0.05,0.16353266907615177,0.02247191011235955,5.0,false_alarm
2021-04-02 12:00:00,2021-04-02 12:15:00,1,105.0,173.0,0.0,14.8,False,False,2021-04-02 12:00:00,0,2021-04-02,4,0.6094183605661576,F0,True,0.05,0.16353266907615177,0.028089887640449437,3.0,false_alarm
2021-04-02 14:00:00,2021-04-02 14:15:00,1,161.0,160.0,0.0,15.7,True,False,2021-04-02 15:00:00,4,2021-04-02,4,0.028567497309905213,F0,False,0.05,0.16353266907615177,0.10112359550561797,-5.0,miss
2021-04-04 08:00:00,2021-04-04 08:15:00,1,21.0,23.0,0.0,11.0,False,False,2021-04-04 08:00:00,0,2021-04-04,4,0.39359276957584394,F0,True,0.05,0.16353266907615177,0.8707865168539326,-2.0,false_alarm
2021-04-04 10:00:00,2021-04-04 10:15:00,1,21.0,20.0,0.0,10.4,False,False,2021-04-04 10:00:00,0,2021-04-04,4,0.22904069988994852,F0,True,0.05,0.16353266907615177,0.8876404494382022,-1.0,false_alarm
2021-04-04 13:00:00,2021-04-04 13:15:00,1,21.0,21.0,0.0,10.0,False,False,2021-04-04 13:00:00,0,2021-04-04,4,0.23216809109110764,F0,True,0.05,0.16353266907615177,0.8820224719101124,0.0,false_alarm
2021-04-05 15:00:00,2021-04-05 15:15:00,1,125.0,167.0,607.0,14.1,False,False,2021-04-05 15:00:00,0,2021-04-05,4,0.844733317157028,F0,True,0.05,0.16353266907615177,0.06179775280898876,3.0,false_alarm
2021-04-06 07:00:00,2021-04-06 07:15:00,1,108.0,111.0,182.0,4.8,True,False,2021-04-06 08:30:00,6,2021-04-06,4,0.07199242098645002,F0,False,0.05,0.16353266907615177,0.37640449438202245,-1.0,miss
2021-04-06 09:00:00,2021-04-06 09:15:00,1,169.0,175.0,1007.0,8.5,False,False,2021-04-06 09:00:00,0,2021-04-06,4,0.84161460918794,F0,True,0.05,0.16353266907615177,0.016853932584269662,8.0,false_alarm
2021-04-06 10:00:00,2021-04-06 10:15:00,1,129.0,172.0,984.0,11.3,False,False,2021-04-06 10:00:00,0,2021-04-06,4,0.7077170046624038,F0,True,0.05,0.16353266907615177,0.033707865168539325,-5.0,false_alarm
2021-04-06 11:00:00,2021-04-06 11:15:00,1,178.0,174.0,927.0,13.4,False,False,2021-04-06 11:00:00,0,2021-04-06,4,0.4383379834838666,F0,True,0.05,0.16353266907615177,0.02247191011235955,5.0,false_alarm
2021-04-06 12:00:00,2021-04-06 12:15:00,1,105.0,173.0,1223.0,15.6,False,False,2021-04-06 12:00:00,0,2021-04-06,4,0.7631662981371532,F0,True,0.05,0.16353266907615177,0.028089887640449437,3.0,false_alarm
2021-04-06 14:00:00,2021-04-06 14:15:00,1,161.0,160.0,960.0,17.1,True,False,2021-04-06 15:00:00,4,2021-04-06,4,0.15613249161291545,F0,False,0.05,0.16353266907615177,0.10112359550561797,-5.0,miss
2021-04-07 07:00:00,2021-04-07 07:15:00,1,21.0,21.0,136.0,12.0,True,False,2021-04-07 08:30:00,6,2021-04-07,4,0.029276237879088788,F0,False,0.05,0.16353266907615177,0.8820224719101124,0.0,miss
2021-04-07 08:00:00,2021-04-07 08:15:00,1,160.0,95.0,593.0,12.6,True,True,2021-04-07 08:30:00,2,2021-04-07,4,0.09464418141180163,F0,False,0.05,0.16353266907615177,0.46629213483146065,28.0,miss
2021-04-07 12:00:00,2021-04-07 12:15:00,1,108.0,169.0,1113.0,18.4,False,False,2021-04-07 12:00:00,0,2021-04-07,4,0.3290095387675259,F0,True,0.05,0.16353266907615177,0.05056179775280899,-10.0,false_alarm
2021-04-07 13:00:00,2021-04-07 13:15:00,1,173.0,123.0,2836.0,18.8,False,False,2021-04-07 13:00:00,0,2021-04-07,4,0.27412009669813175,F0,True,0.05,0.16353266907615177,0.3089887640449438,37.0,false_alarm
2021-04-07 14:00:00,2021-04-07 14:15:00,1,154.0,159.0,427.0,18.3,False,False,2021-04-07 14:00:00,0,2021-04-07,4,0.4195843454805778,F0,True,0.05,0.16353266907615177,0.10674157303370786,-4.0,false_alarm
2021-04-08 10:00:00,2021-04-08 10:15:00,1,127.0,171.0,1501.0,15.8,False,False,2021-04-08 10:00:00,0,2021-04-08,4,0.5721829020995922,F0,True,0.05,0.16353266907615177,0.03932584269662921,8.0,false_alarm
2021-04-08 11:00:00,2021-04-08 11:15:00,1,167.0,174.0,474.0,16.5,False,False,2021-04-08 11:00:00,0,2021-04-08,4,0.7414494959901101,F0,True,0.05,0.16353266907615177,0.02247191011235955,8.0,false_alarm
2021-04-08 12:00:00,2021-04-08 12:15:00,1,103.0,159.0,702.0,18.1,False,False,2021-04-08 12:00:00,0,2021-04-08,4,0.41040406107023264,F0,True,0.05,0.16353266907615177,0.10674157303370786,-8.0,false_alarm
2021-04-08 13:00:00,2021-04-08 13:15:00,1,174.0,130.0,938.0,15.9,False,False,2021-04-08 13:00:00,0,2021-04-08,4,0.37184740649245,F0,True,0.05,0.16353266907615177,0.2696629213483146,35.0,false_alarm
2021-04-08 14:00:00,2021-04-08 14:15:00,1,149.0,159.0,825.0,15.4,False,False,2021-04-08 14:00:00,0,2021-04-08,4,0.23663094670642315,F0,True,0.05,0.16353266907615177,0.10674157303370786,-13.0,false_alarm
2021-04-09 07:00:00,2021-04-09 07:15:00,1,26.0,22.0,123.0,7.9,True,False,2021-04-09 08:30:00,6,2021-04-09,4,0.02167014471961652,F0,False,0.05,0.16353266907615177,0.8764044943820225,-1.0,miss
2021-04-09 10:00:00,2021-04-09 10:15:00,1,128.0,149.0,411.0,12.8,False,False,2021-04-09 10:00:00,0,2021-04-09,4,0.6615200445578494,F0,True,0.05,0.16353266907615177,0.16292134831460675,-7.0,false_alarm
2021-04-09 11:00:00,2021-04-09 11:15:00,1,173.0,168.0,663.0,12.1,False,False,2021-04-09 11:00:00,0,2021-04-09,4,0.26404399674440276,F0,True,0.05,0.16353266907615177,0.056179775280898875,5.0,false_alarm
2021-04-09 12:00:00,2021-04-09 12:15:00,1,110.0,153.0,1501.0,11.3,False,False,2021-04-09 12:00:00,0,2021-04-09,4,0.2884776206491598,F0,True,0.05,0.16353266907615177,0.1404494382022472,-19.0,false_alarm
2021-04-09 13:00:00,2021-04-09 13:15:00,1,155.0,126.0,160.0,9.4,False,False,2021-04-09 13:00:00,0,2021-04-09,4,0.44601084130589974,F0,True,0.05,0.16353266907615177,0.29213483146067415,30.0,false_alarm
2021-04-12 10:00:00,2021-04-12 10:15:00,1,133.0,175.0,876.0,12.3,False,False,2021-04-12 10:00:00,0,2021-04-12,4,0.9321766933526066,F0,True,0.05,0.16353266907615177,0.016853932584269662,3.0,false_alarm
2021-04-12 11:00:00,2021-04-12 11:15:00,1,164.0,169.0,1032.0,12.7,False,False,2021-04-12 11:00:00,0,2021-04-12,4,0.8539763416609402,F0,True,0.05,0.16353266907615177,0.05056179775280899,-3.0,false_alarm
2021-04-12 16:00:00,2021-04-12 16:15:00,1,163.0,170.0,880.0,14.9,False,False,2021-04-12 16:00:00,0,2021-04-12,4,0.2821075981345108,F0,True,0.05,0.16353266907615177,0.0449438202247191,-9.0,false_alarm
2021-04-13 07:00:00,2021-04-13 07:15:00,1,94.0,90.0,84.0,16.8,True,False,2021-04-13 09:00:00,8,2021-04-13,4,0.012481281263151596,F0,False,0.05,0.16353266907615177,0.4943820224719101,-4.0,miss
2021-04-13 10:00:00,2021-04-13 10:15:00,1,133.0,175.0,1381.0,18.6,False,False,2021-04-13 10:00:00,0,2021-04-13,4,0.911413530354502,F0,True,0.05,0.16353266907615177,0.016853932584269662,3.0,false_alarm
2021-04-13 11:00:00,2021-04-13 11:15:00,1,164.0,169.0,938.0,19.6,False,False,2021-04-13 11:00:00,0,2021-04-13,4,0.6635787199153893,F0,True,0.05,0.16353266907615177,0.05056179775280899,-3.0,false_alarm
2021-04-13 16:00:00,2021-04-13 16:15:00,1,163.0,170.0,1368.0,20.6,False,False,2021-04-13 16:00:00,0,2021-04-13,4,0.20796682756058213,F0,True,0.05,0.16353266907615177,0.0449438202247191,-9.0,false_alarm
2021-04-14 07:00:00,2021-04-14 07:15:00,1,94.0,90.0,226.0,6.7,True,False,2021-04-14 09:00:00,8,2021-04-14,4,0.07279700351135736,F0,False,0.05,0.16353266907615177,0.4943820224719101,-4.0,miss
2021-04-14 10:00:00,2021-04-14 10:15:00,1,133.0,175.0,1260.0,8.5,False,False,2021-04-14 10:00:00,0,2021-04-14,4,0.9117577237614771,F0,True,0.05,0.16353266907615177,0.016853932584269662,3.0,false_alarm
2021-04-14 11:00:00,2021-04-14 11:15:00,1,164.0,169.0,1193.0,9.4,False,False,2021-04-14 11:00:00,0,2021-04-14,4,0.7936918691893041,F0,True,0.05,0.16353266907615177,0.05056179775280899,-3.0,false_alarm
2021-04-15 07:00:00,2021-04-15 07:15:00,1,94.0,90.0,0.0,6.8,True,False,2021-04-15 09:00:00,8,2021-04-15,4,0.02333329558928365,F0,False,0.05,0.16353266907615177,0.4943820224719101,-4.0,miss
2021-04-15 08:00:00,2021-04-15 08:15:00,1,160.0,130.0,1477.0,7.1,True,False,2021-04-15 09:00:00,4,2021-04-15,4,0.1423687829818637,F0,False,0.05,0.16353266907615177,0.2696629213483146,-4.0,miss
2021-04-15 10:00:00,2021-04-15 10:15:00,1,133.0,175.0,1672.0,11.4,False,False,2021-04-15 10:00:00,0,2021-04-15,4,0.84850472963578,F0,True,0.05,0.16353266907615177,0.016853932584269662,3.0,false_alarm
2021-04-15 11:00:00,2021-04-15 11:15:00,1,164.0,169.0,492.0,12.9,False,False,2021-04-15 11:00:00,0,2021-04-15,4,0.6862921773046666,F0,True,0.05,0.16353266907615177,0.05056179775280899,-3.0,false_alarm
2021-04-16 07:00:00,2021-04-16 07:15:00,1,94.0,90.0,48.0,7.0,True,False,2021-04-16 09:00:00,8,2021-04-16,4,0.03782852169141164,F0,False,0.05,0.16353266907615177,0.4943820224719101,-4.0,miss
2021-04-16 10:00:00,2021-04-16 10:15:00,1,133.0,175.0,780.0,13.5,False,False,2021-04-16 10:00:00,0,2021-04-16,4,0.8969882423618316,F0,True,0.05,0.16353266907615177,0.016853932584269662,3.0,false_alarm
2021-04-16 11:00:00,2021-04-16 11:15:00,1,164.0,169.0,961.0,15.6,False,False,2021-04-16 11:00:00,0,2021-04-16,4,0.7335297172639268,F0,True,0.05,0.16353266907615177,0.05056179775280899,-3.0,false_alarm
2021-04-19 07:00:00,2021-04-19 07:15:00,1,26.0,20.0,0.0,10.4,False,False,2021-04-19 07:00:00,0,2021-04-19,4,0.2991227534759396,F0,True,0.05,0.16353266907615177,0.8876404494382022,0.0,false_alarm
2021-04-19 09:00:00,2021-04-19 09:15:00,1,167.0,171.0,1040.0,13.7,False,False,2021-04-19 09:00:00,0,2021-04-19,4,0.556807625020231,F0,True,0.05,0.16353266907615177,0.03932584269662921,-1.0,false_alarm
2021-04-19 10:00:00,2021-04-19 10:15:00,1,132.0,162.0,854.0,15.5,False,False,2021-04-19 10:00:00,0,2021-04-19,4,0.2116667982502665,F0,True,0.05,0.16353266907615177,0.0898876404494382,-3.0,false_alarm
2021-04-19 12:00:00,2021-04-19 12:15:00,1,114.0,168.0,1984.0,18.3,False,False,2021-04-19 12:00:00,0,2021-04-19,4,0.29988247725253786,F0,True,0.05,0.16353266907615177,0.056179775280898875,5.0,false_alarm
2021-04-19 13:00:00,2021-04-19 13:15:00,1,147.0,123.0,400.0,20.0,False,False,2021-04-19 13:00:00,0,2021-04-19,4,0.6343645608691734,F0,True,0.05,0.16353266907615177,0.3089887640449438,34.0,false_alarm
2021-04-20 09:00:00,2021-04-20 09:15:00,1,167.0,171.0,69.0,16.3,False,False,2021-04-20 09:00:00,0,2021-04-20,4,0.20659209117269767,F0,True,0.05,0.16353266907615177,0.03932584269662921,-1.0,false_alarm
2021-04-20 12:00:00,2021-04-20 12:15:00,1,114.0,168.0,862.0,22.1,False,False,2021-04-20 12:00:00,0,2021-04-20,4,0.1816426088379815,F0,True,0.05,0.16353266907615177,0.056179775280898875,5.0,false_alarm
2021-04-20 13:00:00,2021-04-20 13:15:00,1,147.0,123.0,332.0,24.2,False,False,2021-04-20 13:00:00,0,2021-04-20,4,0.5647063772281946,F0,True,0.05,0.16353266907615177,0.3089887640449438,34.0,false_alarm
2021-04-21 07:00:00,2021-04-21 07:15:00,1,104.0,103.0,0.0,10.6,False,False,2021-04-21 07:00:00,0,2021-04-21,4,0.24547369895254098,F0,True,0.05,0.16353266907615177,0.42134831460674155,1.0,false_alarm
2021-04-21 08:00:00,2021-04-21 08:15:00,1,162.0,140.0,705.0,13.1,False,False,2021-04-21 08:00:00,0,2021-04-21,4,0.5572286382192897,F0,True,0.05,0.16353266907615177,0.21348314606741572,3.0,false_alarm
2021-04-21 09:00:00,2021-04-21 09:15:00,1,163.0,153.0,724.0,16.1,False,False,2021-04-21 09:00:00,0,2021-04-21,4,0.256837145068415,F0,True,0.05,0.16353266907615177,0.1404494382022472,-11.0,false_alarm
2021-04-21 11:00:00,2021-04-21 11:15:00,1,165.0,172.0,1219.0,20.1,False,False,2021-04-21 11:00:00,0,2021-04-21,4,0.36624058608062676,F0,True,0.05,0.16353266907615177,0.033707865168539325,0.0,false_alarm
2021-04-21 12:00:00,2021-04-21 12:15:00,1,102.0,143.0,1473.0,23.4,False,False,2021-04-21 12:00:00,0,2021-04-21,4,0.28321356323295466,F0,True,0.05,0.16353266907615177,0.19662921348314608,-12.0,false_alarm
2021-04-21 15:00:00,2021-04-21 15:15:00,1,123.0,158.0,2161.0,24.8,False,False,2021-04-21 15:00:00,0,2021-04-21,4,0.24512894019205675,F0,True,0.05,0.16353266907615177,0.11235955056179775,-5.0,false_alarm
2021-04-22 07:00:00,2021-04-22 07:15:00,1,104.0,103.0,11.0,13.9,False,False,2021-04-22 07:00:00,0,2021-04-22,4,0.1781998619397341,F0,True,0.05,0.16353266907615177,0.42134831460674155,1.0,false_alarm
2021-04-22 08:00:00,2021-04-22 08:15:00,1,162.0,140.0,1582.0,14.7,False,False,2021-04-22 08:00:00,0,2021-04-22,4,0.5275684621899862,F0,True,0.05,0.16353266907615177,0.21348314606741572,3.0,false_alarm
2021-04-22 09:00:00,2021-04-22 09:15:00,1,163.0,153.0,728.0,15.3,False,False,2021-04-22 09:00:00,0,2021-04-22,4,0.30194021151185507,F0,True,0.05,0.16353266907615177,0.1404494382022472,-11.0,false_alarm
2021-04-22 11:00:00,2021-04-22 11:15:00,1,165.0,172.0,1196.0,21.7,False,False,2021-04-22 11:00:00,0,2021-04-22,4,0.3701133970627171,F0,True,0.05,0.16353266907615177,0.033707865168539325,0.0,false_alarm
2021-04-22 12:00:00,2021-04-22 12:15:00,1,102.0,143.0,1131.0,22.9,False,False,2021-04-22 12:00:00,0,2021-04-22,4,0.28085738384603737,F0,True,0.05,0.16353266907615177,0.19662921348314608,-12.0,false_alarm
2021-04-22 15:00:00,2021-04-22 15:15:00,1,123.0,158.0,1547.0,24.2,False,False,2021-04-22 15:00:00,0,2021-04-22,4,0.31987813042500723,F0,True,0.05,0.16353266907615177,0.11235955056179775,-5.0,false_alarm
2021-04-23 07:00:00,2021-04-23 07:15:00,1,104.0,103.0,48.0,15.0,False,False,2021-04-23 07:00:00,0,2021-04-23,4,0.17583743794200118,F0,True,0.05,0.16353266907615177,0.42134831460674155,1.0,false_alarm
2021-04-23 08:00:00,2021-04-23 08:15:00,1,162.0,140.0,941.0,14.7,False,False,2021-04-23 08:00:00,0,2021-04-23,4,0.5275684621899862,F0,True,0.05,0.16353266907615177,0.21348314606741572,3.0,false_alarm
2021-04-23 09:00:00,2021-04-23 09:15:00,1,163.0,153.0,572.0,14.6,False,False,2021-04-23 09:00:00,0,2021-04-23,4,0.30194021151185507,F0,True,0.05,0.16353266907615177,0.1404494382022472,-11.0,false_alarm
2021-04-23 11:00:00,2021-04-23 11:15:00,1,165.0,172.0,172.0,17.0,False,False,2021-04-23 11:00:00,0,2021-04-23,4,0.37523130052661446,F0,True,0.05,0.16353266907615177,0.033707865168539325,0.0,false_alarm
2021-04-23 12:00:00,2021-04-23 12:15:00,1,102.0,143.0,1538.0,18.1,False,False,2021-04-23 12:00:00,0,2021-04-23,4,0.28085738384603737,F0,True,0.05,0.16353266907615177,0.19662921348314608,-12.0,false_alarm
2021-04-23 15:00:00,2021-04-23 15:15:00,1,123.0,158.0,464.0,17.6,False,False,2021-04-23 15:00:00,0,2021-04-23,4,0.31987813042500723,F0,True,0.05,0.16353266907615177,0.11235955056179775,-5.0,false_alarm
2021-04-26 07:00:00,2021-04-26 07:15:00,1,100.0,84.0,0.0,7.0,False,False,2021-04-26 07:00:00,0,2021-04-26,4,0.23805122420065533,F0,True,0.05,0.16353266907615177,0.5280898876404494,-5.0,false_alarm
2021-04-26 08:00:00,2021-04-26 08:15:00,1,145.0,149.0,63.0,9.5,False,False,2021-04-26 08:00:00,0,2021-04-26,4,0.5483034844238387,F0,True,0.05,0.16353266907615177,0.16292134831460675,9.0,false_alarm
2021-04-26 09:00:00,2021-04-26 09:15:00,1,167.0,166.0,574.0,13.3,False,False,2021-04-26 09:00:00,0,2021-04-26,4,0.5323254087727565,F0,True,0.05,0.16353266907615177,0.06741573033707865,45.0,false_alarm
2021-04-26 10:00:00,2021-04-26 10:15:00,1,116.0,165.0,1038.0,14.4,False,False,2021-04-26 10:00:00,0,2021-04-26,4,0.240755512071103,F0,True,0.05,0.16353266907615177,0.07303370786516854,-1.0,false_alarm
2021-04-26 11:00:00,2021-04-26 11:15:00,1,165.0,165.0,363.0,15.2,False,False,2021-04-26 11:00:00,0,2021-04-26,4,0.20684098487440583,F0,True,0.05,0.16353266907615177,0.07303370786516854,9.0,false_alarm
2021-04-26 12:00:00,2021-04-26 12:15:00,1,99.0,168.0,944.0,15.4,False,False,2021-04-26 12:00:00,0,2021-04-26,4,0.29689968480195583,F0,True,0.05,0.16353266907615177,0.056179775280898875,5.0,false_alarm
2021-04-26 14:00:00,2021-04-26 14:15:00,1,143.0,161.0,2265.0,16.0,False,False,2021-04-26 14:00:00,0,2021-04-26,4,0.22390088227445054,F0,True,0.05,0.16353266907615177,0.09550561797752809,-4.0,false_alarm
2021-04-27 08:00:00,2021-04-27 08:15:00,1,145.0,149.0,2004.0,9.5,False,False,2021-04-27 08:00:00,0,2021-04-27,4,0.5427283270857834,F0,True,0.05,0.16353266907615177,0.16292134831460675,9.0,false_alarm
2021-04-27 09:00:00,2021-04-27 09:15:00,1,167.0,166.0,999.0,11.9,False,False,2021-04-27 09:00:00,0,2021-04-27,4,0.34548557133272373,F0,True,0.05,0.16353266907615177,0.06741573033707865,45.0,false_alarm
2021-04-27 12:00:00,2021-04-27 12:15:00,1,99.0,168.0,1472.0,18.9,False,False,2021-04-27 12:00:00,0,2021-04-27,4,0.22610412780643876,F0,True,0.05,0.16353266907615177,0.056179775280898875,5.0,false_alarm
2021-04-27 14:00:00,2021-04-27 14:15:00,1,143.0,161.0,1488.0,18.3,False,False,2021-04-27 14:00:00,0,2021-04-27,4,0.17954372129362312,F0,True,0.05,0.16353266907615177,0.09550561797752809,-4.0,false_alarm
2021-04-28 07:00:00,2021-04-28 07:15:00,1,98.0,107.0,60.0,14.7,False,False,2021-04-28 07:00:00,0,2021-04-28,4,0.2638063018092355,F0,True,0.05,0.16353266907615177,0.398876404494382,-7.0,false_alarm
2021-04-28 08:00:00,2021-04-28 08:15:00,1,151.0,128.0,2047.0,16.3,False,False,2021-04-28 08:00:00,0,2021-04-28,4,0.5108704612147449,F0,True,0.05,0.16353266907615177,0.2808988764044944,-6.0,false_alarm
2021-04-28 10:00:00,2021-04-28 10:15:00,1,122.0,168.0,1636.0,18.7,False,False,2021-04-28 10:00:00,0,2021-04-28,4,0.2723387400304449,F0,True,0.05,0.16353266907615177,0.056179775280898875,8.0,false_alarm
2021-04-28 12:00:00,2021-04-28 12:15:00,1,107.0,168.0,1180.0,21.3,False,False,2021-04-28 12:00:00,0,2021-04-28,4,0.5387962225338156,F0,True,0.05,0.16353266907615177,0.056179775280898875,-1.0,false_alarm
2021-04-28 14:00:00,2021-04-28 14:15:00,1,151.0,157.0,2313.0,22.5,False,False,2021-04-28 14:00:00,0,2021-04-28,4,0.4787959298044706,F0,True,0.05,0.16353266907615177,0.11797752808988764,-10.0,false_alarm
2021-04-29 07:00:00,2021-04-29 07:15:00,1,98.0,107.0,324.0,13.7,False,False,2021-04-29 07:00:00,0,2021-04-29,4,0.22767216315982017,F0,True,0.05,0.16353266907615177,0.398876404494382,-7.0,false_alarm
2021-04-29 08:00:00,2021-04-29 08:15:00,1,151.0,128.0,2098.0,14.7,False,False,2021-04-29 08:00:00,0,2021-04-29,4,0.525402263420099,F0,True,0.05,0.16353266907615177,0.2808988764044944,-6.0,false_alarm
2021-04-29 10:00:00,2021-04-29 10:15:00,1,122.0,168.0,853.0,15.9,False,False,2021-04-29 10:00:00,0,2021-04-29,4,0.3149901759876847,F0,True,0.05,0.16353266907615177,0.056179775280898875,8.0,false_alarm
2021-04-29 12:00:00,2021-04-29 12:15:00,1,107.0,168.0,1646.0,19.6,False,False,2021-04-29 12:00:00,0,2021-04-29,4,0.5497373262966312,F0,True,0.05,0.16353266907615177,0.056179775280898875,-1.0,false_alarm
2021-04-29 14:00:00,2021-04-29 14:15:00,1,151.0,157.0,692.0,19.4,False,False,2021-04-29 14:00:00,0,2021-04-29,4,0.441438345591274,F0,True,0.05,0.16353266907615177,0.11797752808988764,-10.0,false_alarm
2021-04-30 07:00:00,2021-04-30 07:15:00,1,104.0,103.0,109.0,15.2,False,False,2021-04-30 07:00:00,0,2021-04-30,4,0.16653616017882114,F0,True,0.05,0.16353266907615177,0.42134831460674155,1.0,false_alarm
2021-04-30 08:00:00,2021-04-30 08:15:00,1,162.0,140.0,1099.0,15.6,False,False,2021-04-30 08:00:00,0,2021-04-30,4,0.6625062972673171,F0,True,0.05,0.16353266907615177,0.21348314606741572,3.0,false_alarm
2021-04-30 10:00:00,2021-04-30 10:15:00,1,125.0,152.0,709.0,17.7,False,False,2021-04-30 10:00:00,0,2021-04-30,4,0.23013067290044875,F0,True,0.05,0.16353266907615177,0.14606741573033707,0.0,false_alarm
2021-04-30 11:00:00,2021-04-30 11:15:00,1,165.0,172.0,566.0,18.9,False,False,2021-04-30 11:00:00,0,2021-04-30,4,0.4192370514563513,F0,True,0.05,0.16353266907615177,0.033707865168539325,0.0,false_alarm
2021-04-30 12:00:00,2021-04-30 12:15:00,1,102.0,143.0,867.0,19.4,False,False,2021-04-30 12:00:00,0,2021-04-30,4,0.20281939844034805,F0,True,0.05,0.16353266907615177,0.19662921348314608,-12.0,false_alarm
2021-04-01 15:00:00,2021-04-01 15:15:00,1,125.0,167.0,1062.0,14.9,False,False,2021-04-01 15:00:00,0,2021-04-01,4,0.8112362949773457,F0,True,0.1,0.06021278700966492,0.06179775280898876,3.0,false_alarm
2021-04-02 09:00:00,2021-04-02 09:15:00,1,169.0,175.0,0.0,12.9,False,False,2021-04-02 09:00:00,0,2021-04-02,4,0.5943276560089882,F0,True,0.1,0.06021278700966492,0.016853932584269662,8.0,false_alarm
2021-04-02 10:00:00,2021-04-02 10:15:00,1,129.0,172.0,0.0,13.8,False,False,2021-04-02 10:00:00,0,2021-04-02,4,0.3007538534534043,F0,True,0.1,0.06021278700966492,0.033707865168539325,-5.0,false_alarm
2021-04-02 11:00:00,2021-04-02 11:15:00,1,178.0,174.0,0.0,14.4,False,False,2021-04-02 11:00:00,0,2021-04-02,4,0.38601725180588403,F0,True,0.1,0.06021278700966492,0.02247191011235955,5.0,false_alarm
2021-04-02 12:00:00,2021-04-02 12:15:00,1,105.0,173.0,0.0,14.8,False,False,2021-04-02 12:00:00,0,2021-04-02,4,0.6094183605661576,F0,True,0.1,0.06021278700966492,0.028089887640449437,3.0,false_alarm
2021-04-02 14:00:00,2021-04-02 14:15:00,1,161.0,160.0,0.0,15.7,True,False,2021-04-02 15:00:00,4,2021-04-02,4,0.028567497309905213,F0,False,0.1,0.06021278700966492,0.10112359550561797,-5.0,miss
2021-04-04 07:00:00,2021-04-04 07:15:00,1,21.0,21.0,0.0,11.0,False,False,2021-04-04 07:00:00,0,2021-04-04,4,0.10735128029319534,F0,True,0.1,0.06021278700966492,0.8820224719101124,0.0,false_alarm
2021-04-04 08:00:00,2021-04-04 08:15:00,1,21.0,23.0,0.0,11.0,False,False,2021-04-04 08:00:00,0,2021-04-04,4,0.39359276957584394,F0,True,0.1,0.06021278700966492,0.8707865168539326,-2.0,false_alarm
2021-04-04 09:00:00,2021-04-04 09:15:00,1,21.0,21.0,0.0,10.7,False,False,2021-04-04 09:00:00,0,2021-04-04,4,0.11111362488412574,F0,True,0.1,0.06021278700966492,0.8820224719101124,0.0,false_alarm
2021-04-04 10:00:00,2021-04-04 10:15:00,1,21.0,20.0,0.0,10.4,False,False,2021-04-04 10:00:00,0,2021-04-04,4,0.22904069988994852,F0,True,0.1,0.06021278700966492,0.8876404494382022,-1.0,false_alarm
2021-04-04 11:00:00,2021-04-04 11:15:00,1,24.0,26.0,0.0,10.4,False,False,2021-04-04 11:00:00,0,2021-04-04,4,0.14768834297343547,F0,True,0.1,0.06021278700966492,0.8539325842696629,4.0,false_alarm
2021-04-04 13:00:00,2021-04-04 13:15:00,1,21.0,21.0,0.0,10.0,False,False,2021-04-04 13:00:00,0,2021-04-04,4,0.23216809109110764,F0,True,0.1,0.06021278700966492,0.8820224719101124,0.0,false_alarm
2021-04-04 14:00:00,2021-04-04 14:15:00,1,26.0,24.0,0.0,9.9,False,False,2021-04-04 14:00:00,0,2021-04-04,4,0.11906282176332413,F0,True,0.1,0.06021278700966492,0.8651685393258427,4.0,false_alarm
2021-04-05 15:00:00,2021-04-05 15:15:00,1,125.0,167.0,607.0,14.1,False,False,2021-04-05 15:00:00,0,2021-04-05,4,0.844733317157028,F0,True,0.1,0.06021278700966492,0.06179775280898876,3.0,false_alarm
2021-04-06 09:00:00,2021-04-06 09:15:00,1,169.0,175.0,1007.0,8.5,False,False,2021-04-06 09:00:00,0,2021-04-06,4,0.84161460918794,F0,True,0.1,0.06021278700966492,0.016853932584269662,8.0,false_alarm
2021-04-06 10:00:00,2021-04-06 10:15:00,1,129.0,172.0,984.0,11.3,False,False,2021-04-06 10:00:00,0,2021-04-06,4,0.7077170046624038,F0,True,0.1,0.06021278700966492,0.033707865168539325,-5.0,false_alarm
2021-04-06 11:00:00,2021-04-06 11:15:00,1,178.0,174.0,927.0,13.4,False,False,2021-04-06 11:00:00,0,2021-04-06,4,0.4383379834838666,F0,True,0.1,0.06021278700966492,0.02247191011235955,5.0,false_alarm
2021-04-06 12:00:00,2021-04-06 12:15:00,1,105.0,173.0,1223.0,15.6,False,False,2021-04-06 12:00:00,0,2021-04-06,4,0.7631662981371532,F0,True,0.1,0.06021278700966492,0.028089887640449437,3.0,false_alarm
2021-04-07 07:00:00,2021-04-07 07:15:00,1,21.0,21.0,136.0,12.0,True,False,2021-04-07 08:30:00,6,2021-04-07,4,0.029276237879088788,F0,False,0.1,0.06021278700966492,0.8820224719101124,0.0,miss
2021-04-07 12:00:00,2021-04-07 12:15:00,1,108.0,169.0,1113.0,18.4,False,False,2021-04-07 12:00:00,0,2021-04-07,4,0.3290095387675259,F0,True,0.1,0.06021278700966492,0.05056179775280899,-10.0,false_alarm
2021-04-07 13:00:00,2021-04-07 13:15:00,1,173.0,123.0,2836.0,18.8,False,False,2021-04-07 13:00:00,0,2021-04-07,4,0.27412009669813175,F0,True,0.1,0.06021278700966492,0.3089887640449438,37.0,false_alarm
2021-04-07 14:00:00,2021-04-07 14:15:00,1,154.0,159.0,427.0,18.3,False,False,2021-04-07 14:00:00,0,2021-04-07,4,0.4195843454805778,F0,True,0.1,0.06021278700966492,0.10674157303370786,-4.0,false_alarm
2021-04-07 15:00:00,2021-04-07 15:15:00,1,126.0,156.0,1325.0,18.1,False,False,2021-04-07 15:00:00,0,2021-04-07,4,0.12542996422016142,F0,True,0.1,0.06021278700966492,0.12359550561797752,-8.0,false_alarm
2021-04-08 10:00:00,2021-04-08 10:15:00,1,127.0,171.0,1501.0,15.8,False,False,2021-04-08 10:00:00,0,2021-04-08,4,0.5721829020995922,F0,True,0.1,0.06021278700966492,0.03932584269662921,8.0,false_alarm
2021-04-08 11:00:00,2021-04-08 11:15:00,1,167.0,174.0,474.0,16.5,False,False,2021-04-08 11:00:00,0,2021-04-08,4,0.7414494959901101,F0,True,0.1,0.06021278700966492,0.02247191011235955,8.0,false_alarm
2021-04-08 12:00:00,2021-04-08 12:15:00,1,103.0,159.0,702.0,18.1,False,False,2021-04-08 12:00:00,0,2021-04-08,4,0.41040406107023264,F0,True,0.1,0.06021278700966492,0.10674157303370786,-8.0,false_alarm
2021-04-08 13:00:00,2021-04-08 13:15:00,1,174.0,130.0,938.0,15.9,False,False,2021-04-08 13:00:00,0,2021-04-08,4,0.37184740649245,F0,True,0.1,0.06021278700966492,0.2696629213483146,35.0,false_alarm
2021-04-08 14:00:00,2021-04-08 14:15:00,1,149.0,159.0,825.0,15.4,False,False,2021-04-08 14:00:00,0,2021-04-08,4,0.23663094670642315,F0,True,0.1,0.06021278700966492,0.10674157303370786,-13.0,false_alarm
2021-04-09 07:00:00,2021-04-09 07:15:00,1,26.0,22.0,123.0,7.9,True,False,2021-04-09 08:30:00,6,2021-04-09,4,0.02167014471961652,F0,False,0.1,0.06021278700966492,0.8764044943820225,-1.0,miss
2021-04-09 10:00:00,2021-04-09 10:15:00,1,128.0,149.0,411.0,12.8,False,False,2021-04-09 10:00:00,0,2021-04-09,4,0.6615200445578494,F0,True,0.1,0.06021278700966492,0.16292134831460675,-7.0,false_alarm
2021-04-09 11:00:00,2021-04-09 11:15:00,1,173.0,168.0,663.0,12.1,False,False,2021-04-09 11:00:00,0,2021-04-09,4,0.26404399674440276,F0,True,0.1,0.06021278700966492,0.056179775280898875,5.0,false_alarm
2021-04-09 12:00:00,2021-04-09 12:15:00,1,110.0,153.0,1501.0,11.3,False,False,2021-04-09 12:00:00,0,2021-04-09,4,0.2884776206491598,F0,True,0.1,0.06021278700966492,0.1404494382022472,-19.0,false_alarm
2021-04-09 13:00:00,2021-04-09 13:15:00,1,155.0,126.0,160.0,9.4,False,False,2021-04-09 13:00:00,0,2021-04-09,4,0.44601084130589974,F0,True,0.1,0.06021278700966492,0.29213483146067415,30.0,false_alarm
2021-04-10 07:00:00,2021-04-10 07:15:00,1,88.0,90.0,692.0,3.3,False,False,2021-04-10 07:00:00,0,2021-04-10,4,0.06561564001801484,F0,True,0.1,0.06021278700966492,0.4943820224719101,-12.0,false_alarm
2021-04-10 08:00:00,2021-04-10 08:15:00,1,22.0,33.0,1351.0,5.5,False,False,2021-04-10 08:00:00,0,2021-04-10,4,0.08327397623762658,F0,True,0.1,0.06021278700966492,0.8146067415730337,-17.0,false_alarm
2021-04-12 10:00:00,2021-04-12 10:15:00,1,133.0,175.0,876.0,12.3,False,False,2021-04-12 10:00:00,0,2021-04-12,4,0.9321766933526066,F0,True,0.1,0.06021278700966492,0.016853932584269662,3.0,false_alarm
2021-04-12 11:00:00,2021-04-12 11:15:00,1,164.0,169.0,1032.0,12.7,False,False,2021-04-12 11:00:00,0,2021-04-12,4,0.8539763416609402,F0,True,0.1,0.06021278700966492,0.05056179775280899,-3.0,false_alarm
2021-04-12 16:00:00,2021-04-12 16:15:00,1,163.0,170.0,880.0,14.9,False,False,2021-04-12 16:00:00,0,2021-04-12,4,0.2821075981345108,F0,True,0.1,0.06021278700966492,0.0449438202247191,-9.0,false_alarm
2021-04-13 07:00:00,2021-04-13 07:15:00,1,94.0,90.0,84.0,16.8,True,False,2021-04-13 09:00:00,8,2021-04-13,4,0.012481281263151596,F0,False,0.1,0.06021278700966492,0.4943820224719101,-4.0,miss
2021-04-13 10:00:00,2021-04-13 10:15:00,1,133.0,175.0,1381.0,18.6,False,False,2021-04-13 10:00:00,0,2021-04-13,4,0.911413530354502,F0,True,0.1,0.06021278700966492,0.016853932584269662,3.0,false_alarm
2021-04-13 11:00:00,2021-04-13 11:15:00,1,164.0,169.0,938.0,19.6,False,False,2021-04-13 11:00:00,0,2021-04-13,4,0.6635787199153893,F0,True,0.1,0.06021278700966492,0.05056179775280899,-3.0,false_alarm
2021-04-13 16:00:00,2021-04-13 16:15:00,1,163.0,170.0,1368.0,20.6,False,False,2021-04-13 16:00:00,0,2021-04-13,4,0.20796682756058213,F0,True,0.1,0.06021278700966492,0.0449438202247191,-9.0,false_alarm
2021-04-13 17:00:00,2021-04-13 17:15:00,1,102.0,150.0,2151.0,20.5,False,False,2021-04-13 17:00:00,0,2021-04-13,4,0.062434387076873696,F0,True,0.1,0.06021278700966492,0.15730337078651685,5.0,false_alarm
2021-04-14 10:00:00,2021-04-14 10:15:00,1,133.0,175.0,1260.0,8.5,False,False,2021-04-14 10:00:00,0,2021-04-14,4,0.9117577237614771,F0,True,0.1,0.06021278700966492,0.016853932584269662,3.0,false_alarm
2021-04-14 11:00:00,2021-04-14 11:15:00,1,164.0,169.0,1193.0,9.4,False,False,2021-04-14 11:00:00,0,2021-04-14,4,0.7936918691893041,F0,True,0.1,0.06021278700966492,0.05056179775280899,-3.0,false_alarm
2021-04-14 16:00:00,2021-04-14 16:15:00,1,163.0,170.0,960.0,16.0,False,False,2021-04-14 16:00:00,0,2021-04-14,4,0.1528637631358008,F0,True,0.1,0.06021278700966492,0.0449438202247191,-9.0,false_alarm
2021-04-15 07:00:00,2021-04-15 07:15:00,1,94.0,90.0,0.0,6.8,True,False,2021-04-15 09:00:00,8,2021-04-15,4,0.02333329558928365,F0,False,0.1,0.06021278700966492,0.4943820224719101,-4.0,miss
2021-04-15 10:00:00,2021-04-15 10:15:00,1,133.0,175.0,1672.0,11.4,False,False,2021-04-15 10:00:00,0,2021-04-15,4,0.84850472963578,F0,True,0.1,0.06021278700966492,0.016853932584269662,3.0,false_alarm
2021-04-15 11:00:00,2021-04-15 11:15:00,1,164.0,169.0,492.0,12.9,False,False,2021-04-15 11:00:00,0,2021-04-15,4,0.6862921773046666,F0,True,0.1,0.06021278700966492,0.05056179775280899,-3.0,false_alarm
2021-04-16 07:00:00,2021-04-16 07:15:00,1,94.0,90.0,48.0,7.0,True,False,2021-04-16 09:00:00,8,2021-04-16,4,0.03782852169141164,F0,False,0.1,0.06021278700966492,0.4943820224719101,-4.0,miss
2021-04-16 10:00:00,2021-04-16 10:15:00,1,133.0,175.0,780.0,13.5,False,False,2021-04-16 10:00:00,0,2021-04-16,4,0.8969882423618316,F0,True,0.1,0.06021278700966492,0.016853932584269662,3.0,false_alarm
2021-04-16 11:00:00,2021-04-16 11:15:00,1,164.0,169.0,961.0,15.6,False,False,2021-04-16 11:00:00,0,2021-04-16,4,0.7335297172639268,F0,True,0.1,0.06021278700966492,0.05056179775280899,-3.0,false_alarm
2021-04-17 07:00:00,2021-04-17 07:15:00,1,88.0,90.0,144.0,12.4,False,False,2021-04-17 07:00:00,0,2021-04-17,4,0.06512934524610924,F0,True,0.1,0.06021278700966492,0.4943820224719101,-12.0,false_alarm
2021-04-17 12:00:00,2021-04-17 12:15:00,1,22.0,26.0,0.0,17.6,False,False,2021-04-17 12:00:00,0,2021-04-17,4,0.07859979892204634,F0,True,0.1,0.06021278700966492,0.8539325842696629,-1.0,false_alarm
2021-04-17 13:00:00,2021-04-17 13:15:00,1,22.0,22.0,0.0,19.0,False,False,2021-04-17 13:00:00,0,2021-04-17,4,0.0711647464041212,F0,True,0.1,0.06021278700966492,0.8764044943820225,-1.0,false_alarm
2021-04-19 07:00:00,2021-04-19 07:15:00,1,26.0,20.0,0.0,10.4,False,False,2021-04-19 07:00:00,0,2021-04-19,4,0.2991227534759396,F0,True,0.1,0.06021278700966492,0.8876404494382022,0.0,false_alarm
2021-04-19 08:00:00,2021-04-19 08:15:00,1,146.0,101.0,0.0,11.3,False,False,2021-04-19 08:00:00,0,2021-04-19,4,0.15089705467066108,F0,True,0.1,0.06021278700966492,0.43258426966292135,43.0,false_alarm
2021-04-19 09:00:00,2021-04-19 09:15:00,1,167.0,171.0,1040.0,13.7,False,False,2021-04-19 09:00:00,0,2021-04-19,4,0.556807625020231,F0,True,0.1,0.06021278700966492,0.03932584269662921,-1.0,false_alarm
2021-04-19 10:00:00,2021-04-19 10:15:00,1,132.0,162.0,854.0,15.5,False,False,2021-04-19 10:00:00,0,2021-04-19,4,0.2116667982502665,F0,True,0.1,0.06021278700966492,0.0898876404494382,-3.0,false_alarm
2021-04-19 12:00:00,2021-04-19 12:15:00,1,114.0,168.0,1984.0,18.3,False,False,2021-04-19 12:00:00,0,2021-04-19,4,0.29988247725253786,F0,True,0.1,0.06021278700966492,0.056179775280898875,5.0,false_alarm
2021-04-19 13:00:00,2021-04-19 13:15:00,1,147.0,123.0,400.0,20.0,False,False,2021-04-19 13:00:00,0,2021-04-19,4,0.6343645608691734,F0,True,0.1,0.06021278700966492,0.3089887640449438,34.0,false_alarm
2021-04-19 14:00:00,2021-04-19 14:15:00,1,153.0,152.0,718.0,20.8,False,False,2021-04-19 14:00:00,0,2021-04-19,4,0.07931305618379923,F0,True,0.1,0.06021278700966492,0.14606741573033707,-8.0,false_alarm
2021-04-19 15:00:00,2021-04-19 15:15:00,1,132.0,164.0,4151.0,22.3,False,False,2021-04-19 15:00:00,0,2021-04-19,4,0.09234900736717665,F0,True,0.1,0.06021278700966492,0.07865168539325842,4.0,false_alarm
2021-04-20 07:00:00,2021-04-20 07:15:00,1,26.0,20.0,125.0,13.0,False,False,2021-04-20 07:00:00,0,2021-04-20,4,0.11367555849784866,F0,True,0.1,0.06021278700966492,0.8876404494382022,0.0,false_alarm
2021-04-20 08:00:00,2021-04-20 08:15:00,1,146.0,101.0,602.0,14.4,False,False,2021-04-20 08:00:00,0,2021-04-20,4,0.09549774992205345,F0,True,0.1,0.06021278700966492,0.43258426966292135,43.0,false_alarm
2021-04-20 09:00:00,2021-04-20 09:15:00,1,167.0,171.0,69.0,16.3,False,False,2021-04-20 09:00:00,0,2021-04-20,4,0.20659209117269767,F0,True,0.1,0.06021278700966492,0.03932584269662921,-1.0,false_alarm
2021-04-20 10:00:00,2021-04-20 10:15:00,1,132.0,162.0,426.0,18.7,False,False,2021-04-20 10:00:00,0,2021-04-20,4,0.07066575936674085,F0,True,0.1,0.06021278700966492,0.0898876404494382,-3.0,false_alarm
2021-04-20 12:00:00,2021-04-20 12:15:00,1,114.0,168.0,862.0,22.1,False,False,2021-04-20 12:00:00,0,2021-04-20,4,0.1816426088379815,F0,True,0.1,0.06021278700966492,0.056179775280898875,5.0,false_alarm
2021-04-20 13:00:00,2021-04-20 13:15:00,1,147.0,123.0,332.0,24.2,False,False,2021-04-20 13:00:00,0,2021-04-20,4,0.5647063772281946,F0,True,0.1,0.06021278700966492,0.3089887640449438,34.0,false_alarm
2021-04-21 07:00:00,2021-04-21 07:15:00,1,104.0,103.0,0.0,10.6,False,False,2021-04-21 07:00:00,0,2021-04-21,4,0.24547369895254098,F0,True,0.1,0.06021278700966492,0.42134831460674155,1.0,false_alarm
2021-04-21 08:00:00,2021-04-21 08:15:00,1,162.0,140.0,705.0,13.1,False,False,2021-04-21 08:00:00,0,2021-04-21,4,0.5572286382192897,F0,True,0.1,0.06021278700966492,0.21348314606741572,3.0,false_alarm
2021-04-21 09:00:00,2021-04-21 09:15:00,1,163.0,153.0,724.0,16.1,False,False,2021-04-21 09:00:00,0,2021-04-21,4,0.256837145068415,F0,True,0.1,0.06021278700966492,0.1404494382022472,-11.0,false_alarm
2021-04-21 11:00:00,2021-04-21 11:15:00,1,165.0,172.0,1219.0,20.1,False,False,2021-04-21 11:00:00,0,2021-04-21,4,0.36624058608062676,F0,True,0.1,0.06021278700966492,0.033707865168539325,0.0,false_alarm
2021-04-21 12:00:00,2021-04-21 12:15:00,1,102.0,143.0,1473.0,23.4,False,False,2021-04-21 12:00:00,0,2021-04-21,4,0.28321356323295466,F0,True,0.1,0.06021278700966492,0.19662921348314608,-12.0,false_alarm
2021-04-21 13:00:00,2021-04-21 13:15:00,1,145.0,110.0,167.0,23.8,False,False,2021-04-21 13:00:00,0,2021-04-21,4,0.08494161457745543,F0,True,0.1,0.06021278700966492,0.38202247191011235,33.0,false_alarm
2021-04-21 15:00:00,2021-04-21 15:15:00,1,123.0,158.0,2161.0,24.8,False,False,2021-04-21 15:00:00,0,2021-04-21,4,0.24512894019205675,F0,True,0.1,0.06021278700966492,0.11235955056179775,-5.0,false_alarm
2021-04-22 07:00:00,2021-04-22 07:15:00,1,104.0,103.0,11.0,13.9,False,False,2021-04-22 07:00:00,0,2021-04-22,4,0.1781998619397341,F0,True,0.1,0.06021278700966492,0.42134831460674155,1.0,false_alarm
2021-04-22 08:00:00,2021-04-22 08:15:00,1,162.0,140.0,1582.0,14.7,False,False,2021-04-22 08:00:00,0,2021-04-22,4,0.5275684621899862,F0,True,0.1,0.06021278700966492,0.21348314606741572,3.0,false_alarm
2021-04-22 09:00:00,2021-04-22 09:15:00,1,163.0,153.0,728.0,15.3,False,False,2021-04-22 09:00:00,0,2021-04-22,4,0.30194021151185507,F0,True,0.1,0.06021278700966492,0.1404494382022472,-11.0,false_alarm
2021-04-22 11:00:00,2021-04-22 11:15:00,1,165.0,172.0,1196.0,21.7,False,False,2021-04-22 11:00:00,0,2021-04-22,4,0.3701133970627171,F0,True,0.1,0.06021278700966492,0.033707865168539325,0.0,false_alarm
2021-04-22 12:00:00,2021-04-22 12:15:00,1,102.0,143.0,1131.0,22.9,False,False,2021-04-22 12:00:00,0,2021-04-22,4,0.28085738384603737,F0,True,0.1,0.06021278700966492,0.19662921348314608,-12.0,false_alarm
2021-04-22 13:00:00,2021-04-22 13:15:00,1,145.0,110.0,450.0,24.3,False,False,2021-04-22 13:00:00,0,2021-04-22,4,0.07952121126314816,F0,True,0.1,0.06021278700966492,0.38202247191011235,33.0,false_alarm
2021-04-22 15:00:00,2021-04-22 15:15:00,1,123.0,158.0,1547.0,24.2,False,False,2021-04-22 15:00:00,0,2021-04-22,4,0.31987813042500723,F0,True,0.1,0.06021278700966492,0.11235955056179775,-5.0,false_alarm
2021-04-23 07:00:00,2021-04-23 07:15:00,1,104.0,103.0,48.0,15.0,False,False,2021-04-23 07:00:00,0,2021-04-23,4,0.17583743794200118,F0,True,0.1,0.06021278700966492,0.42134831460674155,1.0,false_alarm
2021-04-23 08:00:00,2021-04-23 08:15:00,1,162.0,140.0,941.0,14.7,False,False,2021-04-23 08:00:00,0,2021-04-23,4,0.5275684621899862,F0,True,0.1,0.06021278700966492,0.21348314606741572,3.0,false_alarm
2021-04-23 09:00:00,2021-04-23 09:15:00,1,163.0,153.0,572.0,14.6,False,False,2021-04-23 09:00:00,0,2021-04-23,4,0.30194021151185507,F0,True,0.1,0.06021278700966492,0.1404494382022472,-11.0,false_alarm
2021-04-23 10:00:00,2021-04-23 10:15:00,1,125.0,152.0,1287.0,15.4,False,False,2021-04-23 10:00:00,0,2021-04-23,4,0.060437264785884515,F0,True,0.1,0.06021278700966492,0.14606741573033707,0.0,false_alarm
2021-04-23 11:00:00,2021-04-23 11:15:00,1,165.0,172.0,172.0,17.0,False,False,2021-04-23 11:00:00,0,2021-04-23,4,0.37523130052661446,F0,True,0.1,0.06021278700966492,0.033707865168539325,0.0,false_alarm
2021-04-23 12:00:00,2021-04-23 12:15:00,1,102.0,143.0,1538.0,18.1,False,False,2021-04-23 12:00:00,0,2021-04-23,4,0.28085738384603737,F0,True,0.1,0.06021278700966492,0.19662921348314608,-12.0,false_alarm
2021-04-23 13:00:00,2021-04-23 13:15:00,1,145.0,110.0,262.0,17.7,False,False,2021-04-23 13:00:00,0,2021-04-23,4,0.07952121126314816,F0,True,0.1,0.06021278700966492,0.38202247191011235,33.0,false_alarm
2021-04-23 15:00:00,2021-04-23 15:15:00,1,123.0,158.0,464.0,17.6,False,False,2021-04-23 15:00:00,0,2021-04-23,4,0.31987813042500723,F0,True,0.1,0.06021278700966492,0.11235955056179775,-5.0,false_alarm
2021-04-26 07:00:00,2021-04-26 07:15:00,1,100.0,84.0,0.0,7.0,False,False,2021-04-26 07:00:00,0,2021-04-26,4,0.23805122420065533,F0,True,0.1,0.06021278700966492,0.5280898876404494,-5.0,false_alarm
2021-04-26 08:00:00,2021-04-26 08:15:00,1,145.0,149.0,63.0,9.5,False,False,2021-04-26 08:00:00,0,2021-04-26,4,0.5483034844238387,F0,True,0.1,0.06021278700966492,0.16292134831460675,9.0,false_alarm
2021-04-26 09:00:00,2021-04-26 09:15:00,1,167.0,166.0,574.0,13.3,False,False,2021-04-26 09:00:00,0,2021-04-26,4,0.5323254087727565,F0,True,0.1,0.06021278700966492,0.06741573033707865,45.0,false_alarm
2021-04-26 10:00:00,2021-04-26 10:15:00,1,116.0,165.0,1038.0,14.4,False,False,2021-04-26 10:00:00,0,2021-04-26,4,0.240755512071103,F0,True,0.1,0.06021278700966492,0.07303370786516854,-1.0,false_alarm
2021-04-26 11:00:00,2021-04-26 11:15:00,1,165.0,165.0,363.0,15.2,False,False,2021-04-26 11:00:00,0,2021-04-26,4,0.20684098487440583,F0,True,0.1,0.06021278700966492,0.07303370786516854,9.0,false_alarm
2021-04-26 12:00:00,2021-04-26 12:15:00,1,99.0,168.0,944.0,15.4,False,False,2021-04-26 12:00:00,0,2021-04-26,4,0.29689968480195583,F0,True,0.1,0.06021278700966492,0.056179775280898875,5.0,false_alarm
2021-04-26 13:00:00,2021-04-26 13:15:00,1,164.0,111.0,3015.0,15.6,False,False,2021-04-26 13:00:00,0,2021-04-26,4,0.13351222994890669,F0,True,0.1,0.06021278700966492,0.37640449438202245,36.0,false_alarm
2021-04-26 14:00:00,2021-04-26 14:15:00,1,143.0,161.0,2265.0,16.0,False,False,2021-04-26 14:00:00,0,2021-04-26,4,0.22390088227445054,F0,True,0.1,0.06021278700966492,0.09550561797752809,-4.0,false_alarm
2021-04-27 07:00:00,2021-04-27 07:15:00,1,100.0,84.0,109.0,8.6,False,False,2021-04-27 07:00:00,0,2021-04-27,4,0.09970148636170716,F0,True,0.1,0.06021278700966492,0.5280898876404494,-5.0,false_alarm
2021-04-27 08:00:00,2021-04-27 08:15:00,1,145.0,149.0,2004.0,9.5,False,False,2021-04-27 08:00:00,0,2021-04-27,4,0.5427283270857834,F0,True,0.1,0.06021278700966492,0.16292134831460675,9.0,false_alarm
2021-04-27 09:00:00,2021-04-27 09:15:00,1,167.0,166.0,999.0,11.9,False,False,2021-04-27 09:00:00,0,2021-04-27,4,0.34548557133272373,F0,True,0.1,0.06021278700966492,0.06741573033707865,45.0,false_alarm
2021-04-27 10:00:00,2021-04-27 10:15:00,1,116.0,165.0,685.0,15.3,False,False,2021-04-27 10:00:00,0,2021-04-27,4,0.1032680915970915,F0,True,0.1,0.06021278700966492,0.07303370786516854,-1.0,false_alarm
2021-04-27 11:00:00,2021-04-27 11:15:00,1,165.0,165.0,1554.0,16.4,False,False,2021-04-27 11:00:00,0,2021-04-27,4,0.1335759548855611,F0,True,0.1,0.06021278700966492,0.07303370786516854,9.0,false_alarm
2021-04-27 12:00:00,2021-04-27 12:15:00,1,99.0,168.0,1472.0,18.9,False,False,2021-04-27 12:00:00,0,2021-04-27,4,0.22610412780643876,F0,True,0.1,0.06021278700966492,0.056179775280898875,5.0,false_alarm
2021-04-27 13:00:00,2021-04-27 13:15:00,1,164.0,111.0,130.0,18.4,False,False,2021-04-27 13:00:00,0,2021-04-27,4,0.06491785938934189,F0,True,0.1,0.06021278700966492,0.37640449438202245,36.0,false_alarm
2021-04-27 14:00:00,2021-04-27 14:15:00,1,143.0,161.0,1488.0,18.3,False,False,2021-04-27 14:00:00,0,2021-04-27,4,0.17954372129362312,F0,True,0.1,0.06021278700966492,0.09550561797752809,-4.0,false_alarm
2021-04-28 07:00:00,2021-04-28 07:15:00,1,98.0,107.0,60.0,14.7,False,False,2021-04-28 07:00:00,0,2021-04-28,4,0.2638063018092355,F0,True,0.1,0.06021278700966492,0.398876404494382,-7.0,false_alarm
2021-04-28 08:00:00,2021-04-28 08:15:00,1,151.0,128.0,2047.0,16.3,False,False,2021-04-28 08:00:00,0,2021-04-28,4,0.5108704612147449,F0,True,0.1,0.06021278700966492,0.2808988764044944,-6.0,false_alarm
2021-04-28 09:00:00,2021-04-28 09:15:00,1,157.0,164.0,247.0,17.3,False,False,2021-04-28 09:00:00,0,2021-04-28,4,0.12181913582378362,F0,True,0.1,0.06021278700966492,0.07865168539325842,-2.0,false_alarm
2021-04-28 10:00:00,2021-04-28 10:15:00,1,122.0,168.0,1636.0,18.7,False,False,2021-04-28 10:00:00,0,2021-04-28,4,0.2723387400304449,F0,True,0.1,0.06021278700966492,0.056179775280898875,8.0,false_alarm
2021-04-28 12:00:00,2021-04-28 12:15:00,1,107.0,168.0,1180.0,21.3,False,False,2021-04-28 12:00:00,0,2021-04-28,4,0.5387962225338156,F0,True,0.1,0.06021278700966492,0.056179775280898875,-1.0,false_alarm
2021-04-28 13:00:00,2021-04-28 13:15:00,1,157.0,118.0,70.0,23.1,False,False,2021-04-28 13:00:00,0,2021-04-28,4,0.07491418562992924,F0,True,0.1,0.06021278700966492,0.33707865168539325,35.0,false_alarm
2021-04-28 14:00:00,2021-04-28 14:15:00,1,151.0,157.0,2313.0,22.5,False,False,2021-04-28 14:00:00,0,2021-04-28,4,0.4787959298044706,F0,True,0.1,0.06021278700966492,0.11797752808988764,-10.0,false_alarm
2021-04-29 07:00:00,2021-04-29 07:15:00,1,98.0,107.0,324.0,13.7,False,False,2021-04-29 07:00:00,0,2021-04-29,4,0.22767216315982017,F0,True,0.1,0.06021278700966492,0.398876404494382,-7.0,false_alarm
2021-04-29 08:00:00,2021-04-29 08:15:00,1,151.0,128.0,2098.0,14.7,False,False,2021-04-29 08:00:00,0,2021-04-29,4,0.525402263420099,F0,True,0.1,0.06021278700966492,0.2808988764044944,-6.0,false_alarm
2021-04-29 09:00:00,2021-04-29 09:15:00,1,157.0,164.0,862.0,15.0,False,False,2021-04-29 09:00:00,0,2021-04-29,4,0.11434832101568253,F0,True,0.1,0.06021278700966492,0.07865168539325842,-2.0,false_alarm
2021-04-29 10:00:00,2021-04-29 10:15:00,1,122.0,168.0,853.0,15.9,False,False,2021-04-29 10:00:00,0,2021-04-29,4,0.3149901759876847,F0,True,0.1,0.06021278700966492,0.056179775280898875,8.0,false_alarm
2021-04-29 12:00:00,2021-04-29 12:15:00,1,107.0,168.0,1646.0,19.6,False,False,2021-04-29 12:00:00,0,2021-04-29,4,0.5497373262966312,F0,True,0.1,0.06021278700966492,0.056179775280898875,-1.0,false_alarm
2021-04-29 13:00:00,2021-04-29 13:15:00,1,157.0,118.0,20.0,18.5,False,False,2021-04-29 13:00:00,0,2021-04-29,4,0.06561081063265281,F0,True,0.1,0.06021278700966492,0.33707865168539325,35.0,false_alarm
2021-04-29 14:00:00,2021-04-29 14:15:00,1,151.0,157.0,692.0,19.4,False,False,2021-04-29 14:00:00,0,2021-04-29,4,0.441438345591274,F0,True,0.1,0.06021278700966492,0.11797752808988764,-10.0,false_alarm
2021-04-30 07:00:00,2021-04-30 07:15:00,1,104.0,103.0,109.0,15.2,False,False,2021-04-30 07:00:00,0,2021-04-30,4,0.16653616017882114,F0,True,0.1,0.06021278700966492,0.42134831460674155,1.0,false_alarm
2021-04-30 08:00:00,2021-04-30 08:15:00,1,162.0,140.0,1099.0,15.6,False,False,2021-04-30 08:00:00,0,2021-04-30,4,0.6625062972673171,F0,True,0.1,0.06021278700966492,0.21348314606741572,3.0,false_alarm
2021-04-30 09:00:00,2021-04-30 09:15:00,1,163.0,153.0,1201.0,16.7,False,False,2021-04-30 09:00:00,0,2021-04-30,4,0.15374835824496327,F0,True,0.1,0.06021278700966492,0.1404494382022472,-11.0,false_alarm
2021-04-30 10:00:00,2021-04-30 10:15:00,1,125.0,152.0,709.0,17.7,False,False,2021-04-30 10:00:00,0,2021-04-30,4,0.23013067290044875,F0,True,0.1,0.06021278700966492,0.14606741573033707,0.0,false_alarm
2021-04-30 11:00:00,2021-04-30 11:15:00,1,165.0,172.0,566.0,18.9,False,False,2021-04-30 11:00:00,0,2021-04-30,4,0.4192370514563513,F0,True,0.1,0.06021278700966492,0.033707865168539325,0.0,false_alarm
2021-04-30 12:00:00,2021-04-30 12:15:00,1,102.0,143.0,867.0,19.4,False,False,2021-04-30 12:00:00,0,2021-04-30,4,0.20281939844034805,F0,True,0.1,0.06021278700966492,0.19662921348314608,-12.0,false_alarm
2021-04-30 14:00:00,2021-04-30 14:15:00,1,156.0,158.0,1732.0,21.2,False,False,2021-04-30 14:00:00,0,2021-04-30,4,0.08802009277049282,F0,True,0.1,0.06021278700966492,0.11235955056179775,4.0,false_alarm
2021-04-30 15:00:00,2021-04-30 15:15:00,1,123.0,158.0,1416.0,21.6,False,False,2021-04-30 15:00:00,0,2021-04-30,4,0.0738847379469214,F0,True,0.1,0.06021278700966492,0.11235955056179775,-5.0,false_alarm
2021-05-03 07:00:00,2021-05-03 07:15:00,1,22.0,21.0,0.0,7.6,True,False,2021-05-03 08:30:00,6,2021-05-03,5,0.5520351979232502,F0,False,0.01,0.6870637787352183,0.8806818181818182,-3.0,miss
2021-05-03 08:00:00,2021-05-03 08:15:00,1,153.0,97.0,0.0,9.6,True,True,2021-05-03 08:30:00,2,2021-05-03,5,0.6390071268211517,F0,False,0.01,0.6870637787352183,0.44886363636363635,21.0,miss
2021-05-03 11:00:00,2021-05-03 11:15:00,1,173.0,164.0,65.0,18.5,True,False,2021-05-03 12:00:00,4,2021-05-03,5,0.5673643300544627,F0,False,0.01,0.6870637787352183,0.06818181818181818,0.0,miss
2021-05-04 07:00:00,2021-05-04 07:15:00,1,108.0,111.0,28.0,14.8,True,False,2021-05-04 08:30:00,6,2021-05-04,5,0.4815673007341184,F0,False,0.01,0.6870637787352183,0.3693181818181818,-1.0,miss
2021-05-04 10:00:00,2021-05-04 10:15:00,1,129.0,172.0,2501.0,18.7,True,False,2021-05-04 11:15:00,5,2021-05-04,5,0.57873021251241,F0,False,0.01,0.6870637787352183,0.022727272727272728,-5.0,miss
2021-05-04 13:00:00,2021-05-04 13:15:00,1,170.0,129.0,132.0,20.1,True,False,2021-05-04 15:00:00,8,2021-05-04,5,0.6685087639555504,F0,False,0.01,0.6870637787352183,0.26704545454545453,38.0,miss
2021-05-04 14:00:00,2021-05-04 14:15:00,1,161.0,160.0,1749.0,20.0,True,False,2021-05-04 15:00:00,4,2021-05-04,5,0.4780128184582825,F0,False,0.01,0.6870637787352183,0.09090909090909091,-5.0,miss
2021-05-06 07:00:00,2021-05-06 07:15:00,1,21.0,21.0,0.0,9.8,True,False,2021-05-06 08:30:00,6,2021-05-06,5,0.44353341854995,F0,False,0.01,0.6870637787352183,0.8806818181818182,0.0,miss
2021-05-06 12:00:00,2021-05-06 12:15:00,1,108.0,169.0,2460.0,20.9,False,False,2021-05-06 12:00:00,0,2021-05-06,5,0.8148894069767302,F0,True,0.01,0.6870637787352183,0.03977272727272727,-10.0,false_alarm
2021-05-06 13:00:00,2021-05-06 13:15:00,1,173.0,123.0,4.0,22.3,False,False,2021-05-06 13:00:00,0,2021-05-06,5,0.7684429465202626,F0,True,0.01,0.6870637787352183,0.30113636363636365,37.0,false_alarm
2021-05-09 07:00:00,2021-05-09 07:15:00,1,26.0,22.0,0.0,13.6,True,False,2021-05-09 08:30:00,6,2021-05-09,5,0.34311120863721106,F0,False,0.01,0.6870637787352183,0.875,-1.0,miss
2021-05-09 08:00:00,2021-05-09 08:15:00,1,160.0,131.0,0.0,14.8,True,True,2021-05-09 08:30:00,2,2021-05-09,5,0.4560441208735067,F0,False,0.01,0.6870637787352183,0.2556818181818182,68.0,miss
2021-05-10 07:00:00,2021-05-10 07:15:00,1,26.0,22.0,0.0,15.3,True,False,2021-05-10 08:30:00,6,2021-05-10,5,0.3507064417974657,F0,False,0.01,0.6870637787352183,0.875,-1.0,miss
2021-05-10 08:00:00,2021-05-10 08:15:00,1,160.0,131.0,0.0,14.4,True,True,2021-05-10 08:30:00,2,2021-05-10,5,0.36881251730278247,F0,False,0.01,0.6870637787352183,0.2556818181818182,68.0,miss
2021-05-11 07:00:00,2021-05-11 07:15:00,1,106.0,93.0,188.0,13.7,True,False,2021-05-11 08:45:00,7,2021-05-11,5,0.4055662284922788,F0,False,0.01,0.6870637787352183,0.4715909090909091,-10.0,miss
2021-05-11 08:00:00,2021-05-11 08:15:00,1,157.0,140.0,2165.0,14.3,True,False,2021-05-11 08:45:00,3,2021-05-11,5,0.44440019795099883,F0,False,0.01,0.6870637787352183,0.20454545454545456,4.0,miss
2021-05-11 12:00:00,2021-05-11 12:15:00,1,102.0,163.0,1484.0,16.4,True,False,2021-05-11 13:15:00,5,2021-05-11,5,0.6005293269498375,F0,False,0.01,0.6870637787352183,0.07386363636363637,-10.0,miss
2021-05-11 13:00:00,2021-05-11 13:15:00,1,185.0,129.0,0.0,16.6,True,True,2021-05-11 13:15:00,1,2021-05-11,5,0.646490871143014,F0,False,0.01,0.6870637787352183,0.26704545454545453,42.0,miss
2021-05-11 14:00:00,2021-05-11 14:15:00,1,166.0,174.0,2483.0,18.0,False,False,2021-05-11 14:00:00,0,2021-05-11,5,0.793977498960035,F0,True,0.01,0.6870637787352183,0.011363636363636364,-1.0,false_alarm
2021-05-12 07:00:00,2021-05-12 07:15:00,1,106.0,102.0,560.0,14.9,True,False,2021-05-12 08:30:00,6,2021-05-12,5,0.1812598262683414,F0,False,0.01,0.6870637787352183,0.42045454545454547,-8.0,miss
2021-05-12 08:00:00,2021-05-12 08:15:00,1,148.0,141.0,1735.0,15.3,True,True,2021-05-12 08:30:00,2,2021-05-12,5,0.5621652489782536,F0,False,0.01,0.6870637787352183,0.19886363636363635,-6.0,miss
2021-05-12 10:00:00,2021-05-12 10:15:00,1,122.0,158.0,716.0,16.2,True,False,2021-05-12 11:30:00,6,2021-05-12,5,0.5430439399709535,F0,False,0.01,0.6870637787352183,0.10227272727272728,-7.0,miss
2021-05-12 11:00:00,2021-05-12 11:15:00,1,160.0,166.0,941.0,16.3,True,True,2021-05-12 11:30:00,2,2021-05-12,5,0.07358641197529933,F0,False,0.01,0.6870637787352183,0.056818181818181816,3.0,miss
2021-05-12 12:00:00,2021-05-12 12:15:00,1,93.0,164.0,952.0,17.0,True,False,2021-05-12 13:30:00,6,2021-05-12,5,0.15366041338313455,F0,False,0.01,0.6870637787352183,0.06818181818181818,1.0,miss
2021-05-12 13:00:00,2021-05-12 13:15:00,1,176.0,125.0,104.0,19.3,True,True,2021-05-12 13:30:00,2,2021-05-12,5,0.4899236892186376,F0,False,0.01,0.6870637787352183,0.2897727272727273,45.0,miss
2021-05-17 07:00:00,2021-05-17 07:15:00,1,22.0,19.0,0.0,13.4,True,False,2021-05-17 08:30:00,6,2021-05-17,5,0.554730214049326,F0,False,0.01,0.6870637787352183,0.8920454545454546,-4.0,miss
2021-05-17 08:00:00,2021-05-17 08:15:00,1,154.0,87.0,24.0,13.7,True,True,2021-05-17 08:30:00,2,2021-05-17,5,0.37193376149462226,F0,False,0.01,0.6870637787352183,0.5056818181818182,29.0,miss
2021-05-17 10:00:00,2021-05-17 10:15:00,1,124.0,151.0,1009.0,14.4,True,False,2021-05-17 10:45:00,3,2021-05-17,5,0.48848073537437325,F0,False,0.01,0.6870637787352183,0.14204545454545456,-11.0,miss
2021-05-17 13:00:00,2021-05-17 13:15:00,1,173.0,129.0,311.0,15.5,False,False,2021-05-17 13:00:00,0,2021-05-17,5,0.7794528216115162,F0,True,0.01,0.6870637787352183,0.26704545454545453,40.0,false_alarm
2021-05-18 07:00:00,2021-05-18 07:15:00,1,94.0,90.0,314.0,14.1,True,False,2021-05-18 09:00:00,8,2021-05-18,5,0.463455943102724,F0,False,0.01,0.6870637787352183,0.48863636363636365,-4.0,miss
2021-05-18 10:00:00,2021-05-18 10:15:00,1,133.0,175.0,598.0,15.4,False,False,2021-05-18 10:00:00,0,2021-05-18,5,0.6932661322499163,F0,True,0.01,0.6870637787352183,0.005681818181818182,3.0,false_alarm
2021-05-18 13:00:00,2021-05-18 13:15:00,1,182.0,130.0,204.0,17.4,True,True,2021-05-18 13:15:00,1,2021-05-18,5,0.6724350705826185,F0,False,0.01,0.6870637787352183,0.26136363636363635,47.0,miss
2021-05-18 14:00:00,2021-05-18 14:15:00,1,159.0,169.0,996.0,17.4,True,False,2021-05-18 15:45:00,7,2021-05-18,5,0.5199406713259357,F0,False,0.01,0.6870637787352183,0.03977272727272727,-8.0,miss
2021-05-20 08:00:00,2021-05-20 08:15:00,1,157.0,105.0,0.0,17.6,False,False,2021-05-20 08:00:00,0,2021-05-20,5,0.7142833152717136,F0,True,0.01,0.6870637787352183,0.4034090909090909,25.0,false_alarm
2021-05-20 09:00:00,2021-05-20 09:15:00,1,162.0,174.0,174.0,17.8,False,False,2021-05-20 09:00:00,0,2021-05-20,5,0.8344969766893622,F0,True,0.01,0.6870637787352183,0.011363636363636364,-2.0,false_alarm
2021-05-20 10:00:00,2021-05-20 10:15:00,1,129.0,167.0,1145.0,17.1,True,False,2021-05-20 11:45:00,7,2021-05-20,5,0.47384768125065535,F0,False,0.01,0.6870637787352183,0.05113636363636364,9.0,miss
2021-05-20 11:00:00,2021-05-20 11:15:00,1,170.0,162.0,631.0,17.2,True,False,2021-05-20 11:45:00,3,2021-05-20,5,0.4736762800901133,F0,False,0.01,0.6870637787352183,0.07954545454545454,-7.0,miss
2021-05-20 12:00:00,2021-05-20 12:15:00,1,115.0,171.0,1881.0,16.9,True,False,2021-05-20 13:15:00,5,2021-05-20,5,0.6412916428768666,F0,False,0.01,0.6870637787352183,0.028409090909090908,-7.0,miss
2021-05-24 13:00:00,2021-05-24 13:15:00,1,147.0,123.0,98.0,21.1,False,False,2021-05-24 13:00:00,0,2021-05-24,5,0.7091793716183946,F0,True,0.01,0.6870637787352183,0.30113636363636365,34.0,false_alarm
2021-05-25 11:00:00,2021-05-25 11:15:00,1,165.0,172.0,272.0,20.8,False,False,2021-05-25 11:00:00,0,2021-05-25,5,0.7124792457322946,F0,True,0.01,0.6870637787352183,0.022727272727272728,0.0,false_alarm
2021-05-31 10:00:00,2021-05-31 10:15:00,1,134.0,168.0,901.0,21.5,False,False,2021-05-31 10:00:00,0,2021-05-31,5,0.8829882322305038,F0,True,0.01,0.6870637787352183,0.045454545454545456,-3.0,false_alarm
2021-05-31 11:00:00,2021-05-31 11:15:00,1,167.0,164.0,1373.0,22.1,False,False,2021-05-31 11:00:00,0,2021-05-31,5,0.7303524627465512,F0,True,0.01,0.6870637787352183,0.06818181818181818,-5.0,false_alarm
2021-05-31 13:00:00,2021-05-31 13:15:00,1,157.0,119.0,246.0,23.8,False,False,2021-05-31 13:00:00,0,2021-05-31,5,0.7767988315345128,F0,True,0.01,0.6870637787352183,0.32386363636363635,31.0,false_alarm
2021-05-03 07:00:00,2021-05-03 07:15:00,1,22.0,21.0,0.0,7.6,True,False,2021-05-03 08:30:00,6,2021-05-03,5,0.5520351979232502,F0,False,0.025,0.5753794704311341,0.8806818181818182,-3.0,miss
2021-05-03 11:00:00,2021-05-03 11:15:00,1,173.0,164.0,65.0,18.5,True,False,2021-05-03 12:00:00,4,2021-05-03,5,0.5673643300544627,F0,False,0.025,0.5753794704311341,0.06818181818181818,0.0,miss
2021-05-04 07:00:00,2021-05-04 07:15:00,1,108.0,111.0,28.0,14.8,True,False,2021-05-04 08:30:00,6,2021-05-04,5,0.4815673007341184,F0,False,0.025,0.5753794704311341,0.3693181818181818,-1.0,miss
2021-05-04 12:00:00,2021-05-04 12:15:00,1,105.0,173.0,941.0,19.3,False,False,2021-05-04 12:00:00,0,2021-05-04,5,0.5990100023038648,F0,True,0.025,0.5753794704311341,0.017045454545454544,3.0,false_alarm
2021-05-04 14:00:00,2021-05-04 14:15:00,1,161.0,160.0,1749.0,20.0,True,False,2021-05-04 15:00:00,4,2021-05-04,5,0.4780128184582825,F0,False,0.025,0.5753794704311341,0.09090909090909091,-5.0,miss
2021-05-06 07:00:00,2021-05-06 07:15:00,1,21.0,21.0,0.0,9.8,True,False,2021-05-06 08:30:00,6,2021-05-06,5,0.44353341854995,F0,False,0.025,0.5753794704311341,0.8806818181818182,0.0,miss
2021-05-06 12:00:00,2021-05-06 12:15:00,1,108.0,169.0,2460.0,20.9,False,False,2021-05-06 12:00:00,0,2021-05-06,5,0.8148894069767302,F0,True,0.025,0.5753794704311341,0.03977272727272727,-10.0,false_alarm
2021-05-06 13:00:00,2021-05-06 13:15:00,1,173.0,123.0,4.0,22.3,False,False,2021-05-06 13:00:00,0,2021-05-06,5,0.7684429465202626,F0,True,0.025,0.5753794704311341,0.30113636363636365,37.0,false_alarm
2021-05-09 07:00:00,2021-05-09 07:15:00,1,26.0,22.0,0.0,13.6,True,False,2021-05-09 08:30:00,6,2021-05-09,5,0.34311120863721106,F0,False,0.025,0.5753794704311341,0.875,-1.0,miss
2021-05-09 08:00:00,2021-05-09 08:15:00,1,160.0,131.0,0.0,14.8,True,True,2021-05-09 08:30:00,2,2021-05-09,5,0.4560441208735067,F0,False,0.025,0.5753794704311341,0.2556818181818182,68.0,miss
2021-05-10 07:00:00,2021-05-10 07:15:00,1,26.0,22.0,0.0,15.3,True,False,2021-05-10 08:30:00,6,2021-05-10,5,0.3507064417974657,F0,False,0.025,0.5753794704311341,0.875,-1.0,miss
2021-05-10 08:00:00,2021-05-10 08:15:00,1,160.0,131.0,0.0,14.4,True,True,2021-05-10 08:30:00,2,2021-05-10,5,0.36881251730278247,F0,False,0.025,0.5753794704311341,0.2556818181818182,68.0,miss
2021-05-11 07:00:00,2021-05-11 07:15:00,1,106.0,93.0,188.0,13.7,True,False,2021-05-11 08:45:00,7,2021-05-11,5,0.4055662284922788,F0,False,0.025,0.5753794704311341,0.4715909090909091,-10.0,miss
2021-05-11 08:00:00,2021-05-11 08:15:00,1,157.0,140.0,2165.0,14.3,True,False,2021-05-11 08:45:00,3,2021-05-11,5,0.44440019795099883,F0,False,0.025,0.5753794704311341,0.20454545454545456,4.0,miss
2021-05-11 14:00:00,2021-05-11 14:15:00,1,166.0,174.0,2483.0,18.0,False,False,2021-05-11 14:00:00,0,2021-05-11,5,0.793977498960035,F0,True,0.025,0.5753794704311341,0.011363636363636364,-1.0,false_alarm
2021-05-12 07:00:00,2021-05-12 07:15:00,1,106.0,102.0,560.0,14.9,True,False,2021-05-12 08:30:00,6,2021-05-12,5,0.1812598262683414,F0,False,0.025,0.5753794704311341,0.42045454545454547,-8.0,miss
2021-05-12 08:00:00,2021-05-12 08:15:00,1,148.0,141.0,1735.0,15.3,True,True,2021-05-12 08:30:00,2,2021-05-12,5,0.5621652489782536,F0,False,0.025,0.5753794704311341,0.19886363636363635,-6.0,miss
2021-05-12 10:00:00,2021-05-12 10:15:00,1,122.0,158.0,716.0,16.2,True,False,2021-05-12 11:30:00,6,2021-05-12,5,0.5430439399709535,F0,False,0.025,0.5753794704311341,0.10227272727272728,-7.0,miss
2021-05-12 11:00:00,2021-05-12 11:15:00,1,160.0,166.0,941.0,16.3,True,True,2021-05-12 11:30:00,2,2021-05-12,5,0.07358641197529933,F0,False,0.025,0.5753794704311341,0.056818181818181816,3.0,miss
2021-05-12 12:00:00,2021-05-12 12:15:00,1,93.0,164.0,952.0,17.0,True,False,2021-05-12 13:30:00,6,2021-05-12,5,0.15366041338313455,F0,False,0.025,0.5753794704311341,0.06818181818181818,1.0,miss
2021-05-12 13:00:00,2021-05-12 13:15:00,1,176.0,125.0,104.0,19.3,True,True,2021-05-12 13:30:00,2,2021-05-12,5,0.4899236892186376,F0,False,0.025,0.5753794704311341,0.2897727272727273,45.0,miss
2021-05-13 11:00:00,2021-05-13 11:15:00,1,157.0,166.0,1880.0,22.1,False,False,2021-05-13 11:00:00,0,2021-05-13,5,0.59366540444754,F0,True,0.025,0.5753794704311341,0.056818181818181816,-8.0,false_alarm
2021-05-17 07:00:00,2021-05-17 07:15:00,1,22.0,19.0,0.0,13.4,True,False,2021-05-17 08:30:00,6,2021-05-17,5,0.554730214049326,F0,False,0.025,0.5753794704311341,0.8920454545454546,-4.0,miss
2021-05-17 08:00:00,2021-05-17 08:15:00,1,154.0,87.0,24.0,13.7,True,True,2021-05-17 08:30:00,2,2021-05-17,5,0.37193376149462226,F0,False,0.025,0.5753794704311341,0.5056818181818182,29.0,miss
2021-05-17 10:00:00,2021-05-17 10:15:00,1,124.0,151.0,1009.0,14.4,True,False,2021-05-17 10:45:00,3,2021-05-17,5,0.48848073537437325,F0,False,0.025,0.5753794704311341,0.14204545454545456,-11.0,miss
2021-05-17 13:00:00,2021-05-17 13:15:00,1,173.0,129.0,311.0,15.5,False,False,2021-05-17 13:00:00,0,2021-05-17,5,0.7794528216115162,F0,True,0.025,0.5753794704311341,0.26704545454545453,40.0,false_alarm
2021-05-17 14:00:00,2021-05-17 14:15:00,1,149.0,168.0,1419.0,16.0,False,False,2021-05-17 14:00:00,0,2021-05-17,5,0.6794487797551408,F0,True,0.025,0.5753794704311341,0.045454545454545456,-4.0,false_alarm
2021-05-18 07:00:00,2021-05-18 07:15:00,1,94.0,90.0,314.0,14.1,True,False,2021-05-18 09:00:00,8,2021-05-18,5,0.463455943102724,F0,False,0.025,0.5753794704311341,0.48863636363636365,-4.0,miss
2021-05-18 10:00:00,2021-05-18 10:15:00,1,133.0,175.0,598.0,15.4,False,False,2021-05-18 10:00:00,0,2021-05-18,5,0.6932661322499163,F0,True,0.025,0.5753794704311341,0.005681818181818182,3.0,false_alarm
2021-05-18 14:00:00,2021-05-18 14:15:00,1,159.0,169.0,996.0,17.4,True,False,2021-05-18 15:45:00,7,2021-05-18,5,0.5199406713259357,F0,False,0.025,0.5753794704311341,0.03977272727272727,-8.0,miss
2021-05-20 08:00:00,2021-05-20 08:15:00,1,157.0,105.0,0.0,17.6,False,False,2021-05-20 08:00:00,0,2021-05-20,5,0.7142833152717136,F0,True,0.025,0.5753794704311341,0.4034090909090909,25.0,false_alarm
2021-05-20 09:00:00,2021-05-20 09:15:00,1,162.0,174.0,174.0,17.8,False,False,2021-05-20 09:00:00,0,2021-05-20,5,0.8344969766893622,F0,True,0.025,0.5753794704311341,0.011363636363636364,-2.0,false_alarm
2021-05-20 10:00:00,2021-05-20 10:15:00,1,129.0,167.0,1145.0,17.1,True,False,2021-05-20 11:45:00,7,2021-05-20,5,0.47384768125065535,F0,False,0.025,0.5753794704311341,0.05113636363636364,9.0,miss
2021-05-20 11:00:00,2021-05-20 11:15:00,1,170.0,162.0,631.0,17.2,True,False,2021-05-20 11:45:00,3,2021-05-20,5,0.4736762800901133,F0,False,0.025,0.5753794704311341,0.07954545454545454,-7.0,miss
2021-05-20 14:00:00,2021-05-20 14:15:00,1,166.0,162.0,1467.0,16.5,False,False,2021-05-20 14:00:00,0,2021-05-20,5,0.5875501921963315,F0,True,0.025,0.5753794704311341,0.07954545454545454,8.0,false_alarm
2021-05-24 08:00:00,2021-05-24 08:15:00,1,146.0,101.0,0.0,18.3,False,False,2021-05-24 08:00:00,0,2021-05-24,5,0.6396786427780377,F0,True,0.025,0.5753794704311341,0.42613636363636365,43.0,false_alarm
2021-05-24 13:00:00,2021-05-24 13:15:00,1,147.0,123.0,98.0,21.1,False,False,2021-05-24 13:00:00,0,2021-05-24,5,0.7091793716183946,F0,True,0.025,0.5753794704311341,0.30113636363636365,34.0,false_alarm
2021-05-25 11:00:00,2021-05-25 11:15:00,1,165.0,172.0,272.0,20.8,False,False,2021-05-25 11:00:00,0,2021-05-25,5,0.7124792457322946,F0,True,0.025,0.5753794704311341,0.022727272727272728,0.0,false_alarm
2021-05-31 08:00:00,2021-05-31 08:15:00,1,145.0,83.0,0.0,15.6,False,False,2021-05-31 08:00:00,0,2021-05-31,5,0.5860410590154856,F0,True,0.025,0.5753794704311341,0.5284090909090909,27.0,false_alarm
2021-05-31 10:00:00,2021-05-31 10:15:00,1,134.0,168.0,901.0,21.5,False,False,2021-05-31 10:00:00,0,2021-05-31,5,0.8829882322305038,F0,True,0.025,0.5753794704311341,0.045454545454545456,-3.0,false_alarm
2021-05-31 11:00:00,2021-05-31 11:15:00,1,167.0,164.0,1373.0,22.1,False,False,2021-05-31 11:00:00,0,2021-05-31,5,0.7303524627465512,F0,True,0.025,0.5753794704311341,0.06818181818181818,-5.0,false_alarm
2021-05-31 13:00:00,2021-05-31 13:15:00,1,157.0,119.0,246.0,23.8,False,False,2021-05-31 13:00:00,0,2021-05-31,5,0.7767988315345128,F0,True,0.025,0.5753794704311341,0.32386363636363635,31.0,false_alarm
2021-05-04 07:00:00,2021-05-04 07:15:00,1,108.0,111.0,28.0,14.8,True,False,2021-05-04 08:30:00,6,2021-05-04,5,0.4815673007341184,F0,False,0.05,0.48668875593268296,0.3693181818181818,-1.0,miss
2021-05-04 12:00:00,2021-05-04 12:15:00,1,105.0,173.0,941.0,19.3,False,False,2021-05-04 12:00:00,0,2021-05-04,5,0.5990100023038648,F0,True,0.05,0.48668875593268296,0.017045454545454544,3.0,false_alarm
2021-05-04 14:00:00,2021-05-04 14:15:00,1,161.0,160.0,1749.0,20.0,True,False,2021-05-04 15:00:00,4,2021-05-04,5,0.4780128184582825,F0,False,0.05,0.48668875593268296,0.09090909090909091,-5.0,miss
2021-05-06 07:00:00,2021-05-06 07:15:00,1,21.0,21.0,0.0,9.8,True,False,2021-05-06 08:30:00,6,2021-05-06,5,0.44353341854995,F0,False,0.05,0.48668875593268296,0.8806818181818182,0.0,miss
2021-05-06 12:00:00,2021-05-06 12:15:00,1,108.0,169.0,2460.0,20.9,False,False,2021-05-06 12:00:00,0,2021-05-06,5,0.8148894069767302,F0,True,0.05,0.48668875593268296,0.03977272727272727,-10.0,false_alarm
2021-05-06 13:00:00,2021-05-06 13:15:00,1,173.0,123.0,4.0,22.3,False,False,2021-05-06 13:00:00,0,2021-05-06,5,0.7684429465202626,F0,True,0.05,0.48668875593268296,0.30113636363636365,37.0,false_alarm
2021-05-07 14:00:00,2021-05-07 14:15:00,1,149.0,159.0,1477.0,23.4,False,False,2021-05-07 14:00:00,0,2021-05-07,5,0.5536586164513403,F0,True,0.05,0.48668875593268296,0.09659090909090909,-13.0,false_alarm
2021-05-09 07:00:00,2021-05-09 07:15:00,1,26.0,22.0,0.0,13.6,True,False,2021-05-09 08:30:00,6,2021-05-09,5,0.34311120863721106,F0,False,0.05,0.48668875593268296,0.875,-1.0,miss
2021-05-09 08:00:00,2021-05-09 08:15:00,1,160.0,131.0,0.0,14.8,True,True,2021-05-09 08:30:00,2,2021-05-09,5,0.4560441208735067,F0,False,0.05,0.48668875593268296,0.2556818181818182,68.0,miss
2021-05-10 07:00:00,2021-05-10 07:15:00,1,26.0,22.0,0.0,15.3,True,False,2021-05-10 08:30:00,6,2021-05-10,5,0.3507064417974657,F0,False,0.05,0.48668875593268296,0.875,-1.0,miss
2021-05-10 08:00:00,2021-05-10 08:15:00,1,160.0,131.0,0.0,14.4,True,True,2021-05-10 08:30:00,2,2021-05-10,5,0.36881251730278247,F0,False,0.05,0.48668875593268296,0.2556818181818182,68.0,miss
2021-05-10 11:00:00,2021-05-10 11:15:00,1,173.0,168.0,628.0,15.2,False,False,2021-05-10 11:00:00,0,2021-05-10,5,0.49208598567834366,F0,True,0.05,0.48668875593268296,0.045454545454545456,5.0,false_alarm
2021-05-11 07:00:00,2021-05-11 07:15:00,1,106.0,93.0,188.0,13.7,True,False,2021-05-11 08:45:00,7,2021-05-11,5,0.4055662284922788,F0,False,0.05,0.48668875593268296,0.4715909090909091,-10.0,miss
2021-05-11 08:00:00,2021-05-11 08:15:00,1,157.0,140.0,2165.0,14.3,True,False,2021-05-11 08:45:00,3,2021-05-11,5,0.44440019795099883,F0,False,0.05,0.48668875593268296,0.20454545454545456,4.0,miss
2021-05-11 11:00:00,2021-05-11 11:15:00,1,171.0,169.0,1472.0,15.2,False,False,2021-05-11 11:00:00,0,2021-05-11,5,0.549173615513374,F0,True,0.05,0.48668875593268296,0.03977272727272727,-2.0,false_alarm
2021-05-11 14:00:00,2021-05-11 14:15:00,1,166.0,174.0,2483.0,18.0,False,False,2021-05-11 14:00:00,0,2021-05-11,5,0.793977498960035,F0,True,0.05,0.48668875593268296,0.011363636363636364,-1.0,false_alarm
2021-05-12 07:00:00,2021-05-12 07:15:00,1,106.0,102.0,560.0,14.9,True,False,2021-05-12 08:30:00,6,2021-05-12,5,0.1812598262683414,F0,False,0.05,0.48668875593268296,0.42045454545454547,-8.0,miss
2021-05-12 09:00:00,2021-05-12 09:15:00,1,159.0,173.0,691.0,15.9,False,False,2021-05-12 09:00:00,0,2021-05-12,5,0.532508404200508,F0,True,0.05,0.48668875593268296,0.017045454545454544,-5.0,false_alarm
2021-05-12 11:00:00,2021-05-12 11:15:00,1,160.0,166.0,941.0,16.3,True,True,2021-05-12 11:30:00,2,2021-05-12,5,0.07358641197529933,F0,False,0.05,0.48668875593268296,0.056818181818181816,3.0,miss
2021-05-12 12:00:00,2021-05-12 12:15:00,1,93.0,164.0,952.0,17.0,True,False,2021-05-12 13:30:00,6,2021-05-12,5,0.15366041338313455,F0,False,0.05,0.48668875593268296,0.06818181818181818,1.0,miss
2021-05-13 11:00:00,2021-05-13 11:15:00,1,157.0,166.0,1880.0,22.1,False,False,2021-05-13 11:00:00,0,2021-05-13,5,0.59366540444754,F0,True,0.05,0.48668875593268296,0.056818181818181816,-8.0,false_alarm
2021-05-16 07:00:00,2021-05-16 07:15:00,1,19.0,20.0,0.0,20.7,False,False,2021-05-16 07:00:00,0,2021-05-16,5,0.5439223290814186,F0,True,0.05,0.48668875593268296,0.8863636363636364,0.0,false_alarm
2021-05-16 08:00:00,2021-05-16 08:15:00,1,24.0,23.0,0.0,20.5,False,False,2021-05-16 08:00:00,0,2021-05-16,5,0.5094030558056764,F0,True,0.05,0.48668875593268296,0.8693181818181818,3.0,false_alarm
2021-05-17 08:00:00,2021-05-17 08:15:00,1,154.0,87.0,24.0,13.7,True,True,2021-05-17 08:30:00,2,2021-05-17,5,0.37193376149462226,F0,False,0.05,0.48668875593268296,0.5056818181818182,29.0,miss
2021-05-17 13:00:00,2021-05-17 13:15:00,1,173.0,129.0,311.0,15.5,False,False,2021-05-17 13:00:00,0,2021-05-17,5,0.7794528216115162,F0,True,0.05,0.48668875593268296,0.26704545454545453,40.0,false_alarm
2021-05-17 14:00:00,2021-05-17 14:15:00,1,149.0,168.0,1419.0,16.0,False,False,2021-05-17 14:00:00,0,2021-05-17,5,0.6794487797551408,F0,True,0.05,0.48668875593268296,0.045454545454545456,-4.0,false_alarm
2021-05-18 07:00:00,2021-05-18 07:15:00,1,94.0,90.0,314.0,14.1,True,False,2021-05-18 09:00:00,8,2021-05-18,5,0.463455943102724,F0,False,0.05,0.48668875593268296,0.48863636363636365,-4.0,miss
2021-05-18 10:00:00,2021-05-18 10:15:00,1,133.0,175.0,598.0,15.4,False,False,2021-05-18 10:00:00,0,2021-05-18,5,0.6932661322499163,F0,True,0.05,0.48668875593268296,0.005681818181818182,3.0,false_alarm
2021-05-20 08:00:00,2021-05-20 08:15:00,1,157.0,105.0,0.0,17.6,False,False,2021-05-20 08:00:00,0,2021-05-20,5,0.7142833152717136,F0,True,0.05,0.48668875593268296,0.4034090909090909,25.0,false_alarm
2021-05-20 09:00:00,2021-05-20 09:15:00,1,162.0,174.0,174.0,17.8,False,False,2021-05-20 09:00:00,0,2021-05-20,5,0.8344969766893622,F0,True,0.05,0.48668875593268296,0.011363636363636364,-2.0,false_alarm
2021-05-20 10:00:00,2021-05-20 10:15:00,1,129.0,167.0,1145.0,17.1,True,False,2021-05-20 11:45:00,7,2021-05-20,5,0.47384768125065535,F0,False,0.05,0.48668875593268296,0.05113636363636364,9.0,miss
2021-05-20 11:00:00,2021-05-20 11:15:00,1,170.0,162.0,631.0,17.2,True,False,2021-05-20 11:45:00,3,2021-05-20,5,0.4736762800901133,F0,False,0.05,0.48668875593268296,0.07954545454545454,-7.0,miss
2021-05-20 14:00:00,2021-05-20 14:15:00,1,166.0,162.0,1467.0,16.5,False,False,2021-05-20 14:00:00,0,2021-05-20,5,0.5875501921963315,F0,True,0.05,0.48668875593268296,0.07954545454545454,8.0,false_alarm
2021-05-24 07:00:00,2021-05-24 07:15:00,1,26.0,20.0,0.0,19.3,False,False,2021-05-24 07:00:00,0,2021-05-24,5,0.49469970668110774,F0,True,0.05,0.48668875593268296,0.8863636363636364,0.0,false_alarm
2021-05-24 08:00:00,2021-05-24 08:15:00,1,146.0,101.0,0.0,18.3,False,False,2021-05-24 08:00:00,0,2021-05-24,5,0.6396786427780377,F0,True,0.05,0.48668875593268296,0.42613636363636365,43.0,false_alarm
2021-05-24 10:00:00,2021-05-24 10:15:00,1,132.0,162.0,751.0,18.0,False,False,2021-05-24 10:00:00,0,2021-05-24,5,0.5237518157310103,F0,True,0.05,0.48668875593268296,0.07954545454545454,-3.0,false_alarm
2021-05-24 13:00:00,2021-05-24 13:15:00,1,147.0,123.0,98.0,21.1,False,False,2021-05-24 13:00:00,0,2021-05-24,5,0.7091793716183946,F0,True,0.05,0.48668875593268296,0.30113636363636365,34.0,false_alarm
2021-05-25 07:00:00,2021-05-25 07:15:00,1,104.0,103.0,281.0,15.0,False,False,2021-05-25 07:00:00,0,2021-05-25,5,0.4888767732743393,F0,True,0.05,0.48668875593268296,0.4147727272727273,1.0,false_alarm
2021-05-25 11:00:00,2021-05-25 11:15:00,1,165.0,172.0,272.0,20.8,False,False,2021-05-25 11:00:00,0,2021-05-25,5,0.7124792457322946,F0,True,0.05,0.48668875593268296,0.022727272727272728,0.0,false_alarm
2021-05-31 07:00:00,2021-05-31 07:15:00,1,22.0,21.0,0.0,15.8,False,False,2021-05-31 07:00:00,0,2021-05-31,5,0.5732074984421017,F0,True,0.05,0.48668875593268296,0.8806818181818182,-4.0,false_alarm
2021-05-31 08:00:00,2021-05-31 08:15:00,1,145.0,83.0,0.0,15.6,False,False,2021-05-31 08:00:00,0,2021-05-31,5,0.5860410590154856,F0,True,0.05,0.48668875593268296,0.5284090909090909,27.0,false_alarm
2021-05-31 10:00:00,2021-05-31 10:15:00,1,134.0,168.0,901.0,21.5,False,False,2021-05-31 10:00:00,0,2021-05-31,5,0.8829882322305038,F0,True,0.05,0.48668875593268296,0.045454545454545456,-3.0,false_alarm
2021-05-31 11:00:00,2021-05-31 11:15:00,1,167.0,164.0,1373.0,22.1,False,False,2021-05-31 11:00:00,0,2021-05-31,5,0.7303524627465512,F0,True,0.05,0.48668875593268296,0.06818181818181818,-5.0,false_alarm
2021-05-31 13:00:00,2021-05-31 13:15:00,1,157.0,119.0,246.0,23.8,False,False,2021-05-31 13:00:00,0,2021-05-31,5,0.7767988315345128,F0,True,0.05,0.48668875593268296,0.32386363636363635,31.0,false_alarm
2021-05-04 12:00:00,2021-05-04 12:15:00,1,105.0,173.0,941.0,19.3,False,False,2021-05-04 12:00:00,0,2021-05-04,5,0.5990100023038648,F0,True,0.1,0.35971039777637415,0.017045454545454544,3.0,false_alarm
2021-05-06 12:00:00,2021-05-06 12:15:00,1,108.0,169.0,2460.0,20.9,False,False,2021-05-06 12:00:00,0,2021-05-06,5,0.8148894069767302,F0,True,0.1,0.35971039777637415,0.03977272727272727,-10.0,false_alarm
2021-05-06 13:00:00,2021-05-06 13:15:00,1,173.0,123.0,4.0,22.3,False,False,2021-05-06 13:00:00,0,2021-05-06,5,0.7684429465202626,F0,True,0.1,0.35971039777637415,0.30113636363636365,37.0,false_alarm
2021-05-07 11:00:00,2021-05-07 11:15:00,1,167.0,174.0,1314.0,21.0,False,False,2021-05-07 11:00:00,0,2021-05-07,5,0.41013126276112355,F0,True,0.1,0.35971039777637415,0.011363636363636364,8.0,false_alarm
2021-05-07 13:00:00,2021-05-07 13:15:00,1,174.0,130.0,580.0,22.9,False,False,2021-05-07 13:00:00,0,2021-05-07,5,0.4106362673783452,F0,True,0.1,0.35971039777637415,0.26136363636363635,35.0,false_alarm
2021-05-07 14:00:00,2021-05-07 14:15:00,1,149.0,159.0,1477.0,23.4,False,False,2021-05-07 14:00:00,0,2021-05-07,5,0.5536586164513403,F0,True,0.1,0.35971039777637415,0.09659090909090909,-13.0,false_alarm
2021-05-09 07:00:00,2021-05-09 07:15:00,1,26.0,22.0,0.0,13.6,True,False,2021-05-09 08:30:00,6,2021-05-09,5,0.34311120863721106,F0,False,0.1,0.35971039777637415,0.875,-1.0,miss
2021-05-09 10:00:00,2021-05-09 10:15:00,1,128.0,149.0,0.0,18.2,False,False,2021-05-09 10:00:00,0,2021-05-09,5,0.37006176505033855,F0,True,0.1,0.35971039777637415,0.1534090909090909,-7.0,false_alarm
2021-05-10 07:00:00,2021-05-10 07:15:00,1,26.0,22.0,0.0,15.3,True,False,2021-05-10 08:30:00,6,2021-05-10,5,0.3507064417974657,F0,False,0.1,0.35971039777637415,0.875,-1.0,miss
2021-05-10 10:00:00,2021-05-10 10:15:00,1,128.0,149.0,998.0,14.7,False,False,2021-05-10 10:00:00,0,2021-05-10,5,0.4399838403293266,F0,True,0.1,0.35971039777637415,0.1534090909090909,-7.0,false_alarm
2021-05-10 11:00:00,2021-05-10 11:15:00,1,173.0,168.0,628.0,15.2,False,False,2021-05-10 11:00:00,0,2021-05-10,5,0.49208598567834366,F0,True,0.1,0.35971039777637415,0.045454545454545456,5.0,false_alarm
2021-05-10 13:00:00,2021-05-10 13:15:00,1,155.0,126.0,30.0,16.4,False,False,2021-05-10 13:00:00,0,2021-05-10,5,0.4305370367924794,F0,True,0.1,0.35971039777637415,0.2840909090909091,30.0,false_alarm
2021-05-11 11:00:00,2021-05-11 11:15:00,1,171.0,169.0,1472.0,15.2,False,False,2021-05-11 11:00:00,0,2021-05-11,5,0.549173615513374,F0,True,0.1,0.35971039777637415,0.03977272727272727,-2.0,false_alarm
2021-05-11 14:00:00,2021-05-11 14:15:00,1,166.0,174.0,2483.0,18.0,False,False,2021-05-11 14:00:00,0,2021-05-11,5,0.793977498960035,F0,True,0.1,0.35971039777637415,0.011363636363636364,-1.0,false_alarm
2021-05-12 07:00:00,2021-05-12 07:15:00,1,106.0,102.0,560.0,14.9,True,False,2021-05-12 08:30:00,6,2021-05-12,5,0.1812598262683414,F0,False,0.1,0.35971039777637415,0.42045454545454547,-8.0,miss
2021-05-12 09:00:00,2021-05-12 09:15:00,1,159.0,173.0,691.0,15.9,False,False,2021-05-12 09:00:00,0,2021-05-12,5,0.532508404200508,F0,True,0.1,0.35971039777637415,0.017045454545454544,-5.0,false_alarm
2021-05-12 11:00:00,2021-05-12 11:15:00,1,160.0,166.0,941.0,16.3,True,True,2021-05-12 11:30:00,2,2021-05-12,5,0.07358641197529933,F0,False,0.1,0.35971039777637415,0.056818181818181816,3.0,miss
2021-05-12 12:00:00,2021-05-12 12:15:00,1,93.0,164.0,952.0,17.0,True,False,2021-05-12 13:30:00,6,2021-05-12,5,0.15366041338313455,F0,False,0.1,0.35971039777637415,0.06818181818181818,1.0,miss
2021-05-13 10:00:00,2021-05-13 10:15:00,1,116.0,174.0,359.0,20.2,False,False,2021-05-13 10:00:00,0,2021-05-13,5,0.4064181285608406,F0,True,0.1,0.35971039777637415,0.011363636363636364,11.0,false_alarm
2021-05-13 11:00:00,2021-05-13 11:15:00,1,157.0,166.0,1880.0,22.1,False,False,2021-05-13 11:00:00,0,2021-05-13,5,0.59366540444754,F0,True,0.1,0.35971039777637415,0.056818181818181816,-8.0,false_alarm
2021-05-13 12:00:00,2021-05-13 12:15:00,1,103.0,170.0,470.0,22.8,False,False,2021-05-13 12:00:00,0,2021-05-13,5,0.3673924358095259,F0,True,0.1,0.35971039777637415,0.03409090909090909,9.0,false_alarm
2021-05-13 13:00:00,2021-05-13 13:15:00,1,163.0,119.0,238.0,24.2,False,False,2021-05-13 13:00:00,0,2021-05-13,5,0.45439050787523466,F0,True,0.1,0.35971039777637415,0.32386363636363635,39.0,false_alarm
2021-05-13 14:00:00,2021-05-13 14:15:00,1,169.0,163.0,1582.0,25.0,False,False,2021-05-13 14:00:00,0,2021-05-13,5,0.468952620061126,F0,True,0.1,0.35971039777637415,0.07386363636363637,-6.0,false_alarm
2021-05-16 07:00:00,2021-05-16 07:15:00,1,19.0,20.0,0.0,20.7,False,False,2021-05-16 07:00:00,0,2021-05-16,5,0.5439223290814186,F0,True,0.1,0.35971039777637415,0.8863636363636364,0.0,false_alarm
2021-05-16 08:00:00,2021-05-16 08:15:00,1,24.0,23.0,0.0,20.5,False,False,2021-05-16 08:00:00,0,2021-05-16,5,0.5094030558056764,F0,True,0.1,0.35971039777637415,0.8693181818181818,3.0,false_alarm
2021-05-16 09:00:00,2021-05-16 09:15:00,1,20.0,20.0,0.0,21.6,False,False,2021-05-16 09:00:00,0,2021-05-16,5,0.38230918355284566,F0,True,0.1,0.35971039777637415,0.8863636363636364,0.0,false_alarm
2021-05-17 13:00:00,2021-05-17 13:15:00,1,173.0,129.0,311.0,15.5,False,False,2021-05-17 13:00:00,0,2021-05-17,5,0.7794528216115162,F0,True,0.1,0.35971039777637415,0.26704545454545453,40.0,false_alarm
2021-05-17 14:00:00,2021-05-17 14:15:00,1,149.0,168.0,1419.0,16.0,False,False,2021-05-17 14:00:00,0,2021-05-17,5,0.6794487797551408,F0,True,0.1,0.35971039777637415,0.045454545454545456,-4.0,false_alarm
2021-05-18 10:00:00,2021-05-18 10:15:00,1,133.0,175.0,598.0,15.4,False,False,2021-05-18 10:00:00,0,2021-05-18,5,0.6932661322499163,F0,True,0.1,0.35971039777637415,0.005681818181818182,3.0,false_alarm
2021-05-20 08:00:00,2021-05-20 08:15:00,1,157.0,105.0,0.0,17.6,False,False,2021-05-20 08:00:00,0,2021-05-20,5,0.7142833152717136,F0,True,0.1,0.35971039777637415,0.4034090909090909,25.0,false_alarm
2021-05-20 09:00:00,2021-05-20 09:15:00,1,162.0,174.0,174.0,17.8,False,False,2021-05-20 09:00:00,0,2021-05-20,5,0.8344969766893622,F0,True,0.1,0.35971039777637415,0.011363636363636364,-2.0,false_alarm
2021-05-20 14:00:00,2021-05-20 14:15:00,1,166.0,162.0,1467.0,16.5,False,False,2021-05-20 14:00:00,0,2021-05-20,5,0.5875501921963315,F0,True,0.1,0.35971039777637415,0.07954545454545454,8.0,false_alarm
2021-05-21 08:00:00,2021-05-21 08:15:00,1,144.0,135.0,1028.0,16.2,False,False,2021-05-21 08:00:00,0,2021-05-21,5,0.37445177997608536,F0,True,0.1,0.35971039777637415,0.23295454545454544,0.0,false_alarm
2021-05-24 07:00:00,2021-05-24 07:15:00,1,26.0,20.0,0.0,19.3,False,False,2021-05-24 07:00:00,0,2021-05-24,5,0.49469970668110774,F0,True,0.1,0.35971039777637415,0.8863636363636364,0.0,false_alarm
2021-05-24 08:00:00,2021-05-24 08:15:00,1,146.0,101.0,0.0,18.3,False,False,2021-05-24 08:00:00,0,2021-05-24,5,0.6396786427780377,F0,True,0.1,0.35971039777637415,0.42613636363636365,43.0,false_alarm
2021-05-24 10:00:00,2021-05-24 10:15:00,1,132.0,162.0,751.0,18.0,False,False,2021-05-24 10:00:00,0,2021-05-24,5,0.5237518157310103,F0,True,0.1,0.35971039777637415,0.07954545454545454,-3.0,false_alarm
2021-05-24 12:00:00,2021-05-24 12:15:00,1,114.0,168.0,2479.0,19.3,False,False,2021-05-24 12:00:00,0,2021-05-24,5,0.4759646364337372,F0,True,0.1,0.35971039777637415,0.045454545454545456,5.0,false_alarm
2021-05-24 13:00:00,2021-05-24 13:15:00,1,147.0,123.0,98.0,21.1,False,False,2021-05-24 13:00:00,0,2021-05-24,5,0.7091793716183946,F0,True,0.1,0.35971039777637415,0.30113636363636365,34.0,false_alarm
2021-05-25 07:00:00,2021-05-25 07:15:00,1,104.0,103.0,281.0,15.0,False,False,2021-05-25 07:00:00,0,2021-05-25,5,0.4888767732743393,F0,True,0.1,0.35971039777637415,0.4147727272727273,1.0,false_alarm
2021-05-25 11:00:00,2021-05-25 11:15:00,1,165.0,172.0,272.0,20.8,False,False,2021-05-25 11:00:00,0,2021-05-25,5,0.7124792457322946,F0,True,0.1,0.35971039777637415,0.022727272727272728,0.0,false_alarm
2021-05-25 12:00:00,2021-05-25 12:15:00,1,102.0,143.0,1617.0,22.9,False,False,2021-05-25 12:00:00,0,2021-05-25,5,0.3776248047858253,F0,True,0.1,0.35971039777637415,0.1875,-12.0,false_alarm
2021-05-26 08:00:00,2021-05-26 08:15:00,1,141.0,131.0,1505.0,14.8,False,False,2021-05-26 08:00:00,0,2021-05-26,5,0.38768524173758534,F0,True,0.1,0.35971039777637415,0.2556818181818182,-9.0,false_alarm
2021-05-28 07:00:00,2021-05-28 07:15:00,1,98.0,107.0,51.0,16.2,False,False,2021-05-28 07:00:00,0,2021-05-28,5,0.3700307991200374,F0,True,0.1,0.35971039777637415,0.39204545454545453,-7.0,false_alarm
2021-05-28 08:00:00,2021-05-28 08:15:00,1,151.0,128.0,2813.0,17.9,False,False,2021-05-28 08:00:00,0,2021-05-28,5,0.36560940822584015,F0,True,0.1,0.35971039777637415,0.2727272727272727,-6.0,false_alarm
2021-05-31 07:00:00,2021-05-31 07:15:00,1,22.0,21.0,0.0,15.8,False,False,2021-05-31 07:00:00,0,2021-05-31,5,0.5732074984421017,F0,True,0.1,0.35971039777637415,0.8806818181818182,-4.0,false_alarm
2021-05-31 08:00:00,2021-05-31 08:15:00,1,145.0,83.0,0.0,15.6,False,False,2021-05-31 08:00:00,0,2021-05-31,5,0.5860410590154856,F0,True,0.1,0.35971039777637415,0.5284090909090909,27.0,false_alarm
2021-05-31 09:00:00,2021-05-31 09:15:00,1,168.0,171.0,697.0,17.4,False,False,2021-05-31 09:00:00,0,2021-05-31,5,0.4511997207899678,F0,True,0.1,0.35971039777637415,0.028409090909090908,2.0,false_alarm
2021-05-31 10:00:00,2021-05-31 10:15:00,1,134.0,168.0,901.0,21.5,False,False,2021-05-31 10:00:00,0,2021-05-31,5,0.8829882322305038,F0,True,0.1,0.35971039777637415,0.045454545454545456,-3.0,false_alarm
2021-05-31 11:00:00,2021-05-31 11:15:00,1,167.0,164.0,1373.0,22.1,False,False,2021-05-31 11:00:00,0,2021-05-31,5,0.7303524627465512,F0,True,0.1,0.35971039777637415,0.06818181818181818,-5.0,false_alarm
2021-05-31 12:00:00,2021-05-31 12:15:00,1,115.0,170.0,1278.0,24.4,False,False,2021-05-31 12:00:00,0,2021-05-31,5,0.413451296211152,F0,True,0.1,0.35971039777637415,0.03409090909090909,3.0,false_alarm
2021-05-31 13:00:00,2021-05-31 13:15:00,1,157.0,119.0,246.0,23.8,False,False,2021-05-31 13:00:00,0,2021-05-31,5,0.7767988315345128,F0,True,0.1,0.35971039777637415,0.32386363636363635,31.0,false_alarm
2021-06-01 07:00:00,2021-06-01 07:15:00,1,101.0,106.0,48.0,16.8,True,False,2021-06-01 08:30:00,6,2021-06-01,6,0.7144791164536545,F0,False,0.01,0.7724204616806762,0.3942857142857143,0.0,miss
2021-06-01 08:00:00,2021-06-01 08:15:00,1,165.0,139.0,1235.0,19.1,True,True,2021-06-01 08:30:00,2,2021-06-01,6,0.2838267749311626,F0,False,0.01,0.7724204616806762,0.2057142857142857,0.0,miss
2021-06-01 13:00:00,2021-06-01 13:15:00,1,163.0,121.0,554.0,24.5,True,False,2021-06-01 13:45:00,3,2021-06-01,6,0.47841465916191706,F0,False,0.01,0.7724204616806762,0.30857142857142855,41.0,miss
2021-06-02 13:00:00,2021-06-02 13:15:00,1,177.0,131.0,343.0,24.4,True,True,2021-06-02 13:15:00,1,2021-06-02,6,0.6852999207322296,F0,False,0.01,0.7724204616806762,0.25142857142857145,40.0,miss
2021-06-03 07:00:00,2021-06-03 07:15:00,1,106.0,108.0,48.0,18.4,True,False,2021-06-03 08:30:00,6,2021-06-03,6,0.517450298315345,F0,False,0.01,0.7724204616806762,0.38285714285714284,-1.0,miss
2021-06-03 08:00:00,2021-06-03 08:15:00,1,159.0,149.0,935.0,19.0,True,True,2021-06-03 08:30:00,2,2021-06-03,6,0.7505035138941951,F0,False,0.01,0.7724204616806762,0.14857142857142858,9.0,miss
2021-06-07 07:00:00,2021-06-07 07:15:00,1,24.0,22.0,0.0,21.8,True,False,2021-06-07 08:45:00,7,2021-06-07,6,0.649553435254941,F0,False,0.01,0.7724204616806762,0.8742857142857143,0.0,miss
2021-06-07 10:00:00,2021-06-07 10:15:00,1,137.0,162.0,490.0,27.3,True,True,2021-06-07 10:30:00,2,2021-06-07,6,0.7513966760740202,F0,False,0.01,0.7724204616806762,0.07428571428571429,5.0,miss
2021-06-07 12:00:00,2021-06-07 12:15:00,1,120.0,168.0,2549.0,27.5,True,False,2021-06-07 13:45:00,7,2021-06-07,6,0.6902617254109982,F0,False,0.01,0.7724204616806762,0.04,2.0,miss
2021-06-07 13:00:00,2021-06-07 13:15:00,1,169.0,129.0,100.0,26.7,True,False,2021-06-07 13:45:00,3,2021-06-07,6,0.707010041658562,F0,False,0.01,0.7724204616806762,0.26285714285714284,23.0,miss
2021-06-09 08:00:00,2021-06-09 08:15:00,1,158.0,140.0,746.0,22.5,True,False,2021-06-09 09:30:00,6,2021-06-09,6,0.6678716652689439,F0,False,0.01,0.7724204616806762,0.2,-10.0,miss
2021-06-09 10:00:00,2021-06-09 10:15:00,1,135.0,164.0,1219.0,25.8,True,True,2021-06-09 10:30:00,2,2021-06-09,6,0.6814558001811084,F0,False,0.01,0.7724204616806762,0.06285714285714286,-14.0,miss
2021-06-09 11:00:00,2021-06-09 11:15:00,1,168.0,172.0,5042.0,26.5,True,False,2021-06-09 11:45:00,3,2021-06-09,6,0.7242366837263485,F0,False,0.01,0.7724204616806762,0.017142857142857144,-6.0,miss
2021-06-10 10:00:00,2021-06-10 10:15:00,1,134.0,166.0,32.0,24.2,True,False,2021-06-10 10:45:00,3,2021-06-10,6,0.7468116314858076,F0,False,0.01,0.7724204616806762,0.05142857142857143,-3.0,miss
2021-06-16 15:00:00,2021-06-16 15:15:00,1,138.0,174.0,2028.0,19.7,True,True,2021-06-16 15:30:00,2,2021-06-16,6,0.7682713315544427,F0,False,0.01,0.7724204616806762,0.005714285714285714,2.0,miss
2021-06-16 16:00:00,2021-06-16 16:15:00,1,165.0,157.0,1068.0,19.9,True,False,2021-06-16 16:45:00,3,2021-06-16,6,0.5886678387129319,F0,False,0.01,0.7724204616806762,0.10285714285714286,-23.0,miss
2021-06-24 07:00:00,2021-06-24 07:15:00,1,120.0,113.0,116.0,19.6,True,False,2021-06-24 08:30:00,6,2021-06-24,6,0.7146125741656879,F0,False,0.01,0.7724204616806762,0.35428571428571426,1.0,miss
2021-06-24 12:00:00,2021-06-24 12:15:00,1,113.0,156.0,2152.0,24.1,True,False,2021-06-24 13:45:00,7,2021-06-24,6,0.7224168200314264,F0,False,0.01,0.7724204616806762,0.10857142857142857,-14.0,miss
2021-06-24 13:00:00,2021-06-24 13:15:00,1,147.0,116.0,328.0,25.1,True,False,2021-06-24 13:45:00,3,2021-06-24,6,0.7331642843835589,F0,False,0.01,0.7724204616806762,0.33714285714285713,17.0,miss
2021-06-25 09:00:00,2021-06-25 09:15:00,1,162.0,168.0,1077.0,22.7,True,False,2021-06-25 09:45:00,3,2021-06-25,6,0.661399145251355,F0,False,0.01,0.7724204616806762,0.04,2.0,miss
2021-06-25 10:00:00,2021-06-25 10:15:00,1,151.0,169.0,620.0,25.2,True,True,2021-06-25 10:30:00,2,2021-06-25,6,0.7648125712202163,F0,False,0.01,0.7724204616806762,0.03428571428571429,-9.0,miss
2021-06-28 17:00:00,2021-06-28 17:15:00,1,132.0,172.0,2416.0,24.4,True,False,2021-06-28 18:00:00,4,2021-06-28,6,0.7572965280576315,F0,False,0.01,0.7724204616806762,0.017142857142857144,8.0,miss
2021-06-29 19:00:00,2021-06-29 19:15:00,1,177.0,175.0,773.0,22.7,True,True,2021-06-29 19:15:00,1,2021-06-29,6,0.7458711121867159,F0,False,0.01,0.7724204616806762,0.0,11.0,miss
2021-06-30 16:00:00,2021-06-30 16:15:00,1,163.0,168.0,1370.0,24.5,True,False,2021-06-30 17:45:00,7,2021-06-30,6,0.6082707349435676,F0,False,0.01,0.7724204616806762,0.04,-10.0,miss
2021-06-30 17:00:00,2021-06-30 17:15:00,1,133.0,162.0,774.0,23.3,True,False,2021-06-30 17:45:00,3,2021-06-30,6,0.677612204329437,F0,False,0.01,0.7724204616806762,0.07428571428571429,10.0,miss
2021-06-01 08:00:00,2021-06-01 08:15:00,1,165.0,139.0,1235.0,19.1,True,True,2021-06-01 08:30:00,2,2021-06-01,6,0.2838267749311626,F0,False,0.025,0.56251845182089,0.2057142857142857,0.0,miss
2021-06-01 13:00:00,2021-06-01 13:15:00,1,163.0,121.0,554.0,24.5,True,False,2021-06-01 13:45:00,3,2021-06-01,6,0.47841465916191706,F0,False,0.025,0.56251845182089,0.30857142857142855,41.0,miss
2021-06-03 07:00:00,2021-06-03 07:15:00,1,106.0,108.0,48.0,18.4,True,False,2021-06-03 08:30:00,6,2021-06-03,6,0.517450298315345,F0,False,0.025,0.56251845182089,0.38285714285714284,-1.0,miss
2021-06-03 09:00:00,2021-06-03 09:15:00,1,170.0,167.0,1187.0,20.0,False,False,2021-06-03 09:00:00,0,2021-06-03,6,0.6653173063960445,F0,True,0.025,0.56251845182089,0.045714285714285714,-7.0,false_alarm
2021-06-01 08:00:00,2021-06-01 08:15:00,1,165.0,139.0,1235.0,19.1,True,True,2021-06-01 08:30:00,2,2021-06-01,6,0.2838267749311626,F0,False,0.05,0.337798486603088,0.2057142857142857,0.0,miss
2021-06-03 09:00:00,2021-06-03 09:15:00,1,170.0,167.0,1187.0,20.0,False,False,2021-06-03 09:00:00,0,2021-06-03,6,0.6653173063960445,F0,True,0.05,0.337798486603088,0.045714285714285714,-7.0,false_alarm
2021-06-04 07:00:00,2021-06-04 07:15:00,1,110.0,100.0,126.0,17.2,False,False,2021-06-04 07:00:00,0,2021-06-04,6,0.44958350735353614,F0,True,0.05,0.337798486603088,0.42857142857142855,-5.0,false_alarm
2021-06-04 08:00:00,2021-06-04 08:15:00,1,154.0,136.0,749.0,18.6,False,False,2021-06-04 08:00:00,0,2021-06-04,6,0.3888765955867707,F0,True,0.05,0.337798486603088,0.22285714285714286,-6.0,false_alarm
2021-06-07 11:00:00,2021-06-07 11:15:00,1,169.0,171.0,1661.0,28.8,False,False,2021-06-07 11:00:00,0,2021-06-07,6,0.4641358550334772,F0,True,0.05,0.337798486603088,0.022857142857142857,12.0,false_alarm
2021-06-07 16:00:00,2021-06-07 16:15:00,1,158.0,174.0,3211.0,27.3,False,False,2021-06-07 16:00:00,0,2021-06-07,6,0.49780325580043183,F0,True,0.05,0.337798486603088,0.005714285714285714,-1.0,false_alarm
2021-06-07 17:00:00,2021-06-07 17:15:00,1,123.0,173.0,826.0,25.4,False,False,2021-06-07 17:00:00,0,2021-06-07,6,0.5259319358453058,F0,True,0.05,0.337798486603088,0.011428571428571429,9.0,false_alarm
2021-06-08 07:00:00,2021-06-08 07:15:00,1,72.0,81.0,231.0,23.6,False,False,2021-06-08 07:00:00,0,2021-06-08,6,0.3661579737560824,F0,True,0.05,0.337798486603088,0.5371428571428571,-15.0,false_alarm
2021-06-20 07:00:00,2021-06-20 07:15:00,1,21.0,22.0,0.0,20.1,False,False,2021-06-20 07:00:00,0,2021-06-20,6,0.34236138689761453,F0,True,0.05,0.337798486603088,0.8742857142857143,0.0,false_alarm
2021-06-30 11:00:00,2021-06-30 11:15:00,1,146.0,152.0,635.0,24.7,False,False,2021-06-30 11:00:00,0,2021-06-30,6,0.4719885531173275,F0,True,0.05,0.337798486603088,0.13142857142857142,-17.0,false_alarm
2021-06-01 14:00:00,2021-06-01 14:15:00,1,167.0,163.0,476.0,25.0,False,False,2021-06-01 14:00:00,0,2021-06-01,6,0.30510151701529153,F0,True,0.1,0.0879018941170515,0.06857142857142857,-14.0,false_alarm
2021-06-03 09:00:00,2021-06-03 09:15:00,1,170.0,167.0,1187.0,20.0,False,False,2021-06-03 09:00:00,0,2021-06-03,6,0.6653173063960445,F0,True,0.1,0.0879018941170515,0.045714285714285714,-7.0,false_alarm
2021-06-03 10:00:00,2021-06-03 10:15:00,1,132.0,169.0,1096.0,18.6,False,False,2021-06-03 10:00:00,0,2021-06-03,6,0.299062452999879,F0,True,0.1,0.0879018941170515,0.03428571428571429,-2.0,false_alarm
2021-06-03 11:00:00,2021-06-03 11:15:00,1,172.0,170.0,956.0,19.3,False,False,2021-06-03 11:00:00,0,2021-06-03,6,0.2537193262523205,F0,True,0.1,0.0879018941170515,0.02857142857142857,6.0,false_alarm
2021-06-03 13:00:00,2021-06-03 13:15:00,1,152.0,121.0,50.0,18.7,False,False,2021-06-03 13:00:00,0,2021-06-03,6,0.3138789556819374,F0,True,0.1,0.0879018941170515,0.30857142857142855,31.0,false_alarm
2021-06-03 14:00:00,2021-06-03 14:15:00,1,158.0,159.0,1064.0,19.1,False,False,2021-06-03 14:00:00,0,2021-06-03,6,0.2144185121018796,F0,True,0.1,0.0879018941170515,0.09142857142857143,-6.0,false_alarm
2021-06-04 07:00:00,2021-06-04 07:15:00,1,110.0,100.0,126.0,17.2,False,False,2021-06-04 07:00:00,0,2021-06-04,6,0.44958350735353614,F0,True,0.1,0.0879018941170515,0.42857142857142855,-5.0,false_alarm
2021-06-04 08:00:00,2021-06-04 08:15:00,1,154.0,136.0,749.0,18.6,False,False,2021-06-04 08:00:00,0,2021-06-04,6,0.3888765955867707,F0,True,0.1,0.0879018941170515,0.22285714285714286,-6.0,false_alarm
2021-06-06 07:00:00,2021-06-06 07:15:00,1,21.0,22.0,0.0,19.8,False,False,2021-06-06 07:00:00,0,2021-06-06,6,0.310633772474985,F0,True,0.1,0.0879018941170515,0.8742857142857143,0.0,false_alarm
2021-06-06 08:00:00,2021-06-06 08:15:00,1,22.0,25.0,0.0,21.9,False,False,2021-06-06 08:00:00,0,2021-06-06,6,0.14073036953257378,F0,True,0.1,0.0879018941170515,0.8571428571428571,-1.0,false_alarm
2021-06-07 11:00:00,2021-06-07 11:15:00,1,169.0,171.0,1661.0,28.8,False,False,2021-06-07 11:00:00,0,2021-06-07,6,0.4641358550334772,F0,True,0.1,0.0879018941170515,0.022857142857142857,12.0,false_alarm
2021-06-07 16:00:00,2021-06-07 16:15:00,1,158.0,174.0,3211.0,27.3,False,False,2021-06-07 16:00:00,0,2021-06-07,6,0.49780325580043183,F0,True,0.1,0.0879018941170515,0.005714285714285714,-1.0,false_alarm
2021-06-07 17:00:00,2021-06-07 17:15:00,1,123.0,173.0,826.0,25.4,False,False,2021-06-07 17:00:00,0,2021-06-07,6,0.5259319358453058,F0,True,0.1,0.0879018941170515,0.011428571428571429,9.0,false_alarm
2021-06-07 18:00:00,2021-06-07 18:15:00,1,154.0,151.0,98.0,25.9,False,False,2021-06-07 18:00:00,0,2021-06-07,6,0.24877256343460655,F0,True,0.1,0.0879018941170515,0.13714285714285715,0.0,false_alarm
2021-06-08 07:00:00,2021-06-08 07:15:00,1,72.0,81.0,231.0,23.6,False,False,2021-06-08 07:00:00,0,2021-06-08,6,0.3661579737560824,F0,True,0.1,0.0879018941170515,0.5371428571428571,-15.0,false_alarm
2021-06-08 08:00:00,2021-06-08 08:15:00,1,141.0,117.0,826.0,24.9,False,False,2021-06-08 08:00:00,0,2021-06-08,6,0.11996120486133374,F0,True,0.1,0.0879018941170515,0.3314285714285714,10.0,false_alarm
2021-06-08 09:00:00,2021-06-08 09:15:00,1,165.0,160.0,1348.0,27.6,False,False,2021-06-08 09:00:00,0,2021-06-08,6,0.2759863432117879,F0,True,0.1,0.0879018941170515,0.08571428571428572,-1.0,false_alarm
2021-06-09 07:00:00,2021-06-09 07:15:00,1,105.0,105.0,246.0,20.4,False,False,2021-06-09 07:00:00,0,2021-06-09,6,0.19559593657170934,F0,True,0.1,0.0879018941170515,0.4,-1.0,false_alarm
2021-06-09 15:00:00,2021-06-09 15:15:00,1,129.0,170.0,567.0,26.8,False,False,2021-06-09 15:00:00,0,2021-06-09,6,0.18511038616412326,F0,True,0.1,0.0879018941170515,0.02857142857142857,7.0,false_alarm
2021-06-10 07:00:00,2021-06-10 07:15:00,1,106.0,107.0,80.0,19.8,False,False,2021-06-10 07:00:00,0,2021-06-10,6,0.12720191191030697,F0,True,0.1,0.0879018941170515,0.38857142857142857,5.0,false_alarm
2021-06-10 08:00:00,2021-06-10 08:15:00,1,142.0,131.0,738.0,20.7,False,False,2021-06-10 08:00:00,0,2021-06-10,6,0.3213790762628665,F0,True,0.1,0.0879018941170515,0.25142857142857145,0.0,false_alarm
2021-06-10 11:00:00,2021-06-10 11:15:00,1,161.0,175.0,2032.0,25.7,False,False,2021-06-10 11:00:00,0,2021-06-10,6,0.18733811163521336,F0,True,0.1,0.0879018941170515,0.0,-2.0,false_alarm
2021-06-10 12:00:00,2021-06-10 12:15:00,1,116.0,165.0,829.0,27.2,False,False,2021-06-10 12:00:00,0,2021-06-10,6,0.20189077732752572,F0,True,0.1,0.0879018941170515,0.05714285714285714,-3.0,false_alarm
2021-06-10 13:00:00,2021-06-10 13:15:00,1,158.0,125.0,1000.0,26.4,False,False,2021-06-10 13:00:00,0,2021-06-10,6,0.17465347127554176,F0,True,0.1,0.0879018941170515,0.2857142857142857,23.0,false_alarm
2021-06-11 10:00:00,2021-06-11 10:15:00,1,127.0,175.0,569.0,20.4,False,False,2021-06-11 10:00:00,0,2021-06-11,6,0.15471127707997245,F0,True,0.1,0.0879018941170515,0.0,7.0,false_alarm
2021-06-13 07:00:00,2021-06-13 07:15:00,1,22.0,22.0,0.0,22.2,False,False,2021-06-13 07:00:00,0,2021-06-13,6,0.32825577339316536,F0,True,0.1,0.0879018941170515,0.8742857142857143,0.0,false_alarm
2021-06-13 08:00:00,2021-06-13 08:15:00,1,21.0,21.0,0.0,22.4,False,False,2021-06-13 08:00:00,0,2021-06-13,6,0.14769213715575558,F0,True,0.1,0.0879018941170515,0.88,-1.0,false_alarm
2021-06-15 17:00:00,2021-06-15 17:15:00,1,118.0,160.0,3214.0,20.6,False,False,2021-06-15 17:00:00,0,2021-06-15,6,0.2553203945800934,F0,True,0.1,0.0879018941170515,0.08571428571428572,-21.0,false_alarm
2021-06-15 18:00:00,2021-06-15 18:15:00,1,161.0,159.0,602.0,20.7,False,False,2021-06-15 18:00:00,0,2021-06-15,6,0.33280977821877744,F0,True,0.1,0.0879018941170515,0.09142857142857143,10.0,false_alarm
2021-06-16 12:00:00,2021-06-16 12:15:00,1,120.0,170.0,376.0,19.5,False,False,2021-06-16 12:00:00,0,2021-06-16,6,0.23168841075628463,F0,True,0.1,0.0879018941170515,0.02857142857142857,-5.0,false_alarm
2021-06-16 13:00:00,2021-06-16 13:15:00,1,158.0,116.0,776.0,19.8,False,False,2021-06-16 13:00:00,0,2021-06-16,6,0.3116620304536979,F0,True,0.1,0.0879018941170515,0.33714285714285713,21.0,false_alarm
2021-06-17 16:00:00,2021-06-17 16:15:00,1,166.0,174.0,1135.0,20.7,False,False,2021-06-17 16:00:00,0,2021-06-17,6,0.26411129389361265,F0,True,0.1,0.0879018941170515,0.005714285714285714,-5.0,false_alarm
2021-06-18 14:00:00,2021-06-18 14:15:00,1,170.0,171.0,2310.0,25.0,False,False,2021-06-18 14:00:00,0,2021-06-18,6,0.3226708482740652,F0,True,0.1,0.0879018941170515,0.022857142857142857,-5.0,false_alarm
2021-06-18 15:00:00,2021-06-18 15:15:00,1,130.0,165.0,1500.0,24.7,False,False,2021-06-18 15:00:00,0,2021-06-18,6,0.19435253338273645,F0,True,0.1,0.0879018941170515,0.05714285714285714,12.0,false_alarm
2021-06-19 11:00:00,2021-06-19 11:15:00,1,24.0,22.0,0.0,26.5,False,False,2021-06-19 11:00:00,0,2021-06-19,6,0.11755116192310133,F0,True,0.1,0.0879018941170515,0.8742857142857143,0.0,false_alarm
2021-06-19 12:00:00,2021-06-19 12:15:00,1,22.0,22.0,0.0,26.6,False,False,2021-06-19 12:00:00,0,2021-06-19,6,0.10533446496882176,F0,True,0.1,0.0879018941170515,0.8742857142857143,-1.0,false_alarm
2021-06-20 07:00:00,2021-06-20 07:15:00,1,21.0,22.0,0.0,20.1,False,False,2021-06-20 07:00:00,0,2021-06-20,6,0.34236138689761453,F0,True,0.1,0.0879018941170515,0.8742857142857143,0.0,false_alarm
2021-06-21 16:00:00,2021-06-21 16:15:00,1,164.0,165.0,1258.0,21.1,False,False,2021-06-21 16:00:00,0,2021-06-21,6,0.24822342117708385,F0,True,0.1,0.0879018941170515,0.05714285714285714,-19.0,false_alarm
2021-06-22 15:00:00,2021-06-22 15:15:00,1,125.0,163.0,1159.0,22.0,False,False,2021-06-22 15:00:00,0,2021-06-22,6,0.12786109550970004,F0,True,0.1,0.0879018941170515,0.06857142857142857,23.0,false_alarm
2021-06-23 07:00:00,2021-06-23 07:15:00,1,120.0,119.0,106.0,18.3,False,False,2021-06-23 07:00:00,0,2021-06-23,6,0.19557184576993406,F0,True,0.1,0.0879018941170515,0.32,11.0,false_alarm
2021-06-23 08:00:00,2021-06-23 08:15:00,1,151.0,149.0,1090.0,19.2,False,False,2021-06-23 08:00:00,0,2021-06-23,6,0.1810410115679377,F0,True,0.1,0.0879018941170515,0.14857142857142858,-9.0,false_alarm
2021-06-23 09:00:00,2021-06-23 09:15:00,1,162.0,160.0,898.0,19.9,False,False,2021-06-23 09:00:00,0,2021-06-23,6,0.14830225056577392,F0,True,0.1,0.0879018941170515,0.08571428571428572,-5.0,false_alarm
2021-06-23 18:00:00,2021-06-23 18:15:00,1,166.0,170.0,1183.0,20.5,False,False,2021-06-23 18:00:00,0,2021-06-23,6,0.09117638818144813,F0,True,0.1,0.0879018941170515,0.02857142857142857,28.0,false_alarm
2021-06-25 07:00:00,2021-06-25 07:15:00,1,122.0,122.0,120.0,20.1,False,False,2021-06-25 07:00:00,0,2021-06-25,6,0.11217728305806013,F0,True,0.1,0.0879018941170515,0.3028571428571429,2.0,false_alarm
2021-06-26 11:00:00,2021-06-26 11:15:00,1,23.0,27.0,0.0,23.9,False,False,2021-06-26 11:00:00,0,2021-06-26,6,0.20993239289660776,F0,True,0.1,0.0879018941170515,0.8457142857142858,-1.0,false_alarm
2021-06-26 13:00:00,2021-06-26 13:15:00,1,23.0,24.0,0.0,26.0,False,False,2021-06-26 13:00:00,0,2021-06-26,6,0.09775716265596872,F0,True,0.1,0.0879018941170515,0.8628571428571429,0.0,false_alarm
2021-06-26 14:00:00,2021-06-26 14:15:00,1,25.0,28.0,0.0,27.2,False,False,2021-06-26 14:00:00,0,2021-06-26,6,0.1430137529391658,F0,True,0.1,0.0879018941170515,0.84,1.0,false_alarm
2021-06-26 15:00:00,2021-06-26 15:15:00,1,23.0,24.0,0.0,26.0,False,False,2021-06-26 15:00:00,0,2021-06-26,6,0.09445581951512513,F0,True,0.1,0.0879018941170515,0.8628571428571429,1.0,false_alarm
2021-06-27 07:00:00,2021-06-27 07:15:00,1,23.0,24.0,0.0,20.6,False,False,2021-06-27 07:00:00,0,2021-06-27,6,0.2266630632592172,F0,True,0.1,0.0879018941170515,0.8628571428571429,1.0,false_alarm
2021-06-27 08:00:00,2021-06-27 08:15:00,1,23.0,23.0,0.0,22.0,False,False,2021-06-27 08:00:00,0,2021-06-27,6,0.1442515771950091,F0,True,0.1,0.0879018941170515,0.8685714285714285,0.0,false_alarm
2021-06-29 16:00:00,2021-06-29 16:15:00,1,167.0,165.0,695.0,24.3,False,False,2021-06-29 16:00:00,0,2021-06-29,6,0.30776745601385497,F0,True,0.1,0.0879018941170515,0.05714285714285714,-5.0,false_alarm
2021-06-29 17:00:00,2021-06-29 17:15:00,1,122.0,164.0,1124.0,24.2,False,False,2021-06-29 17:00:00,0,2021-06-29,6,0.22053148475876838,F0,True,0.1,0.0879018941170515,0.06285714285714286,7.0,false_alarm
2021-06-30 10:00:00,2021-06-30 10:15:00,1,142.0,171.0,1437.0,24.0,False,False,2021-06-30 10:00:00,0,2021-06-30,6,0.2987117334313501,F0,True,0.1,0.0879018941170515,0.022857142857142857,-2.0,false_alarm
2021-06-30 11:00:00,2021-06-30 11:15:00,1,146.0,152.0,635.0,24.7,False,False,2021-06-30 11:00:00,0,2021-06-30,6,0.4719885531173275,F0,True,0.1,0.0879018941170515,0.13142857142857142,-17.0,false_alarm
2021-06-30 18:00:00,2021-06-30 18:15:00,1,153.0,167.0,3212.0,23.4,False,False,2021-06-30 18:00:00,0,2021-06-30,6,0.09099138980042205,F0,True,0.1,0.0879018941170515,0.045714285714285714,-14.0,false_alarm
2021-06-30 19:00:00,2021-06-30 19:15:00,1,162.0,165.0,1356.0,22.6,False,False,2021-06-30 19:00:00,0,2021-06-30,6,0.10052747205136355,F0,True,0.1,0.0879018941170515,0.05714285714285714,1.0,false_alarm
2021-07-01 17:00:00,2021-07-01 17:15:00,1,126.0,163.0,1794.0,25.1,False,False,2021-07-01 17:00:00,0,2021-07-01,7,0.3681624016624156,F0,True,0.01,0.2776013212395869,0.07386363636363637,0.0,false_alarm
2021-07-02 07:00:00,2021-07-02 07:15:00,1,118.0,106.0,36.0,22.0,False,False,2021-07-02 07:00:00,0,2021-07-02,7,0.9991718610488112,F0,True,0.01,0.2776013212395869,0.3977272727272727,-4.0,false_alarm
2021-07-02 16:00:00,2021-07-02 16:15:00,1,164.0,160.0,5516.0,24.2,False,False,2021-07-02 16:00:00,0,2021-07-02,7,0.7034894512397346,F0,True,0.01,0.2776013212395869,0.09090909090909091,18.0,false_alarm
2021-07-05 09:00:00,2021-07-05 09:15:00,1,172.0,173.0,982.0,23.4,True,False,2021-07-05 10:30:00,6,2021-07-05,7,0.1308591318241167,F0,False,0.01,0.2776013212395869,0.017045454545454544,-10.0,miss
2021-07-06 14:00:00,2021-07-06 14:15:00,1,182.0,154.0,2227.0,22.9,True,True,2021-07-06 14:15:00,1,2021-07-06,7,0.03700146387318797,F0,False,0.01,0.2776013212395869,0.125,-15.0,miss
2021-07-06 16:00:00,2021-07-06 16:15:00,1,177.0,169.0,1272.0,23.0,True,True,2021-07-06 16:15:00,1,2021-07-06,7,0.23842930647687757,F0,False,0.01,0.2776013212395869,0.03977272727272727,-4.0,miss
2021-07-08 17:00:00,2021-07-08 17:15:00,1,118.0,149.0,2282.0,24.6,False,False,2021-07-08 17:00:00,0,2021-07-08,7,0.29433982015224064,F0,True,0.01,0.2776013212395869,0.1534090909090909,-37.0,false_alarm
2021-07-08 18:00:00,2021-07-08 18:15:00,1,155.0,155.0,86.0,23.2,False,False,2021-07-08 18:00:00,0,2021-07-08,7,0.9116454549247743,F0,True,0.01,0.2776013212395869,0.11931818181818182,17.0,false_alarm
2021-07-09 07:00:00,2021-07-09 07:15:00,1,113.0,110.0,0.0,22.2,True,False,2021-07-09 08:45:00,7,2021-07-09,7,0.08281192108461559,F0,False,0.01,0.2776013212395869,0.375,-15.0,miss
2021-07-09 08:00:00,2021-07-09 08:15:00,1,154.0,156.0,536.0,22.3,True,False,2021-07-09 08:45:00,3,2021-07-09,7,0.1985315594281018,F0,False,0.01,0.2776013212395869,0.11363636363636363,6.0,miss
2021-07-09 10:00:00,2021-07-09 10:15:00,1,139.0,165.0,565.0,22.7,False,False,2021-07-09 10:00:00,0,2021-07-09,7,0.9400052990663408,F0,True,0.01,0.2776013212395869,0.0625,-3.0,false_alarm
2021-07-09 11:00:00,2021-07-09 11:15:00,1,163.0,176.0,1753.0,23.3,False,False,2021-07-09 11:00:00,0,2021-07-09,7,0.9942954258181795,F0,True,0.01,0.2776013212395869,0.0,8.0,false_alarm
2021-07-09 17:00:00,2021-07-09 17:15:00,1,124.0,172.0,1881.0,22.9,False,False,2021-07-09 17:00:00,0,2021-07-09,7,0.39752933486120495,F0,True,0.01,0.2776013212395869,0.022727272727272728,-1.0,false_alarm
2021-07-12 18:00:00,2021-07-12 18:15:00,1,164.0,173.0,509.0,29.7,False,False,2021-07-12 18:00:00,0,2021-07-12,7,0.8389705616116461,F0,True,0.01,0.2776013212395869,0.017045454545454544,26.0,false_alarm
2021-07-14 16:00:00,2021-07-14 16:15:00,1,155.0,136.0,587.0,30.9,True,False,2021-07-14 18:00:00,8,2021-07-14,7,0.11707800483146073,F0,False,0.01,0.2776013212395869,0.22727272727272727,0.0,miss
2021-07-14 17:00:00,2021-07-14 17:15:00,1,125.0,156.0,1732.0,30.3,True,False,2021-07-14 18:00:00,4,2021-07-14,7,1.5054643461754873e-06,F0,False,0.01,0.2776013212395869,0.11363636363636363,0.0,miss
2021-07-16 18:00:00,2021-07-16 18:15:00,1,168.0,176.0,2670.0,26.9,False,False,2021-07-16 18:00:00,0,2021-07-16,7,0.6923305856947136,F0,True,0.01,0.2776013212395869,0.0,19.0,false_alarm
2021-07-18 07:00:00,2021-07-18 07:15:00,1,23.0,22.0,0.0,24.0,False,False,2021-07-18 07:00:00,0,2021-07-18,7,0.4625523529771762,F0,True,0.01,0.2776013212395869,0.875,-1.0,false_alarm
2021-07-21 18:00:00,2021-07-21 18:15:00,1,162.0,153.0,593.0,27.3,False,False,2021-07-21 18:00:00,0,2021-07-21,7,0.9992714104616308,F0,True,0.01,0.2776013212395869,0.13068181818181818,4.0,false_alarm
2021-07-25 07:00:00,2021-07-25 07:15:00,1,24.0,24.0,0.0,25.5,False,False,2021-07-25 07:00:00,0,2021-07-25,7,0.2801052357006572,F0,True,0.01,0.2776013212395869,0.8636363636363636,0.0,false_alarm
2021-07-26 19:00:00,2021-07-26 19:15:00,1,169.0,162.0,1120.0,27.3,True,True,2021-07-26 19:30:00,2,2021-07-26,7,0.0646144420743651,F0,False,0.01,0.2776013212395869,0.07954545454545454,-7.0,miss
2021-07-01 17:00:00,2021-07-01 17:15:00,1,126.0,163.0,1794.0,25.1,False,False,2021-07-01 17:00:00,0,2021-07-01,7,0.3681624016624156,F0,True,0.025,0.08192121315293466,0.07386363636363637,0.0,false_alarm
2021-07-02 07:00:00,2021-07-02 07:15:00,1,118.0,106.0,36.0,22.0,False,False,2021-07-02 07:00:00,0,2021-07-02,7,0.9991718610488112,F0,True,0.025,0.08192121315293466,0.3977272727272727,-4.0,false_alarm
2021-07-02 16:00:00,2021-07-02 16:15:00,1,164.0,160.0,5516.0,24.2,False,False,2021-07-02 16:00:00,0,2021-07-02,7,0.7034894512397346,F0,True,0.025,0.08192121315293466,0.09090909090909091,18.0,false_alarm
2021-07-06 12:00:00,2021-07-06 12:15:00,1,132.0,171.0,568.0,23.2,False,False,2021-07-06 12:00:00,0,2021-07-06,7,0.1329693730305052,F0,True,0.025,0.08192121315293466,0.028409090909090908,-4.0,false_alarm
2021-07-06 14:00:00,2021-07-06 14:15:00,1,182.0,154.0,2227.0,22.9,True,True,2021-07-06 14:15:00,1,2021-07-06,7,0.03700146387318797,F0,False,0.025,0.08192121315293466,0.125,-15.0,miss
2021-07-06 17:00:00,2021-07-06 17:15:00,1,124.0,168.0,985.0,22.7,False,False,2021-07-06 17:00:00,0,2021-07-06,7,0.15998785962446177,F0,True,0.025,0.08192121315293466,0.045454545454545456,1.0,false_alarm
2021-07-08 17:00:00,2021-07-08 17:15:00,1,118.0,149.0,2282.0,24.6,False,False,2021-07-08 17:00:00,0,2021-07-08,7,0.29433982015224064,F0,True,0.025,0.08192121315293466,0.1534090909090909,-37.0,false_alarm
2021-07-08 18:00:00,2021-07-08 18:15:00,1,155.0,155.0,86.0,23.2,False,False,2021-07-08 18:00:00,0,2021-07-08,7,0.9116454549247743,F0,True,0.025,0.08192121315293466,0.11931818181818182,17.0,false_alarm
2021-07-09 10:00:00,2021-07-09 10:15:00,1,139.0,165.0,565.0,22.7,False,False,2021-07-09 10:00:00,0,2021-07-09,7,0.9400052990663408,F0,True,0.025,0.08192121315293466,0.0625,-3.0,false_alarm
2021-07-09 11:00:00,2021-07-09 11:15:00,1,163.0,176.0,1753.0,23.3,False,False,2021-07-09 11:00:00,0,2021-07-09,7,0.9942954258181795,F0,True,0.025,0.08192121315293466,0.0,8.0,false_alarm
2021-07-09 17:00:00,2021-07-09 17:15:00,1,124.0,172.0,1881.0,22.9,False,False,2021-07-09 17:00:00,0,2021-07-09,7,0.39752933486120495,F0,True,0.025,0.08192121315293466,0.022727272727272728,-1.0,false_alarm
2021-07-12 18:00:00,2021-07-12 18:15:00,1,164.0,173.0,509.0,29.7,False,False,2021-07-12 18:00:00,0,2021-07-12,7,0.8389705616116461,F0,True,0.025,0.08192121315293466,0.017045454545454544,26.0,false_alarm
2021-07-14 17:00:00,2021-07-14 17:15:00,1,125.0,156.0,1732.0,30.3,True,False,2021-07-14 18:00:00,4,2021-07-14,7,1.5054643461754873e-06,F0,False,0.025,0.08192121315293466,0.11363636363636363,0.0,miss
2021-07-16 17:00:00,2021-07-16 17:15:00,1,114.0,156.0,2823.0,27.0,False,False,2021-07-16 17:00:00,0,2021-07-16,7,0.09984373605258733,F0,True,0.025,0.08192121315293466,0.11363636363636363,7.0,false_alarm
2021-07-16 18:00:00,2021-07-16 18:15:00,1,168.0,176.0,2670.0,26.9,False,False,2021-07-16 18:00:00,0,2021-07-16,7,0.6923305856947136,F0,True,0.025,0.08192121315293466,0.0,19.0,false_alarm
2021-07-17 07:00:00,2021-07-17 07:15:00,1,88.0,87.0,30.0,25.3,False,False,2021-07-17 07:00:00,0,2021-07-17,7,0.2108908287924642,F0,True,0.025,0.08192121315293466,0.5056818181818182,6.0,false_alarm
2021-07-17 08:00:00,2021-07-17 08:15:00,1,25.0,28.0,994.0,25.5,False,False,2021-07-17 08:00:00,0,2021-07-17,7,0.09367352000493753,F0,True,0.025,0.08192121315293466,0.8409090909090909,-12.0,false_alarm
2021-07-18 07:00:00,2021-07-18 07:15:00,1,23.0,22.0,0.0,24.0,False,False,2021-07-18 07:00:00,0,2021-07-18,7,0.4625523529771762,F0,True,0.025,0.08192121315293466,0.875,-1.0,false_alarm
2021-07-18 08:00:00,2021-07-18 08:15:00,1,22.0,25.0,0.0,26.5,False,False,2021-07-18 08:00:00,0,2021-07-18,7,0.2765426706665573,F0,True,0.025,0.08192121315293466,0.8579545454545454,-3.0,false_alarm
2021-07-21 18:00:00,2021-07-21 18:15:00,1,162.0,153.0,593.0,27.3,False,False,2021-07-21 18:00:00,0,2021-07-21,7,0.9992714104616308,F0,True,0.025,0.08192121315293466,0.13068181818181818,4.0,false_alarm
2021-07-21 19:00:00,2021-07-21 19:15:00,1,170.0,167.0,972.0,27.0,False,False,2021-07-21 19:00:00,0,2021-07-21,7,0.0836328439794533,F0,True,0.025,0.08192121315293466,0.05113636363636364,15.0,false_alarm
2021-07-22 18:00:00,2021-07-22 18:15:00,1,157.0,155.0,552.0,27.4,False,False,2021-07-22 18:00:00,0,2021-07-22,7,0.13412952843560613,F0,True,0.025,0.08192121315293466,0.11931818181818182,22.0,false_alarm
2021-07-22 19:00:00,2021-07-22 19:15:00,1,163.0,169.0,992.0,26.8,False,False,2021-07-22 19:00:00,0,2021-07-22,7,0.226968281693327,F0,True,0.025,0.08192121315293466,0.03977272727272727,9.0,false_alarm
2021-07-24 07:00:00,2021-07-24 07:15:00,1,81.0,87.0,919.0,24.9,False,False,2021-07-24 07:00:00,0,2021-07-24,7,0.08245657070540556,F0,True,0.025,0.08192121315293466,0.5056818181818182,-9.0,false_alarm
2021-07-25 07:00:00,2021-07-25 07:15:00,1,24.0,24.0,0.0,25.5,False,False,2021-07-25 07:00:00,0,2021-07-25,7,0.2801052357006572,F0,True,0.025,0.08192121315293466,0.8636363636363636,0.0,false_alarm
2021-07-25 08:00:00,2021-07-25 08:15:00,1,24.0,24.0,0.0,27.1,False,False,2021-07-25 08:00:00,0,2021-07-25,7,0.2654909584104982,F0,True,0.025,0.08192121315293466,0.8636363636363636,0.0,false_alarm
2021-07-26 19:00:00,2021-07-26 19:15:00,1,169.0,162.0,1120.0,27.3,True,True,2021-07-26 19:30:00,2,2021-07-26,7,0.0646144420743651,F0,False,0.025,0.08192121315293466,0.07954545454545454,-7.0,miss
2021-07-01 17:00:00,2021-07-01 17:15:00,1,126.0,163.0,1794.0,25.1,False,False,2021-07-01 17:00:00,0,2021-07-01,7,0.3681624016624156,F0,True,0.05,0.01704555140447065,0.07386363636363637,0.0,false_alarm
2021-07-02 07:00:00,2021-07-02 07:15:00,1,118.0,106.0,36.0,22.0,False,False,2021-07-02 07:00:00,0,2021-07-02,7,0.9991718610488112,F0,True,0.05,0.01704555140447065,0.3977272727272727,-4.0,false_alarm
2021-07-02 16:00:00,2021-07-02 16:15:00,1,164.0,160.0,5516.0,24.2,False,False,2021-07-02 16:00:00,0,2021-07-02,7,0.7034894512397346,F0,True,0.05,0.01704555140447065,0.09090909090909091,18.0,false_alarm
2021-07-04 08:00:00,2021-07-04 08:15:00,1,24.0,22.0,0.0,25.8,False,False,2021-07-04 08:00:00,0,2021-07-04,7,0.018374052773911024,F0,True,0.05,0.01704555140447065,0.875,-1.0,false_alarm
2021-07-06 12:00:00,2021-07-06 12:15:00,1,132.0,171.0,568.0,23.2,False,False,2021-07-06 12:00:00,0,2021-07-06,7,0.1329693730305052,F0,True,0.05,0.01704555140447065,0.028409090909090908,-4.0,false_alarm
2021-07-06 17:00:00,2021-07-06 17:15:00,1,124.0,168.0,985.0,22.7,False,False,2021-07-06 17:00:00,0,2021-07-06,7,0.15998785962446177,F0,True,0.05,0.01704555140447065,0.045454545454545456,1.0,false_alarm
2021-07-08 17:00:00,2021-07-08 17:15:00,1,118.0,149.0,2282.0,24.6,False,False,2021-07-08 17:00:00,0,2021-07-08,7,0.29433982015224064,F0,True,0.05,0.01704555140447065,0.1534090909090909,-37.0,false_alarm
2021-07-08 18:00:00,2021-07-08 18:15:00,1,155.0,155.0,86.0,23.2,False,False,2021-07-08 18:00:00,0,2021-07-08,7,0.9116454549247743,F0,True,0.05,0.01704555140447065,0.11931818181818182,17.0,false_alarm
2021-07-09 10:00:00,2021-07-09 10:15:00,1,139.0,165.0,565.0,22.7,False,False,2021-07-09 10:00:00,0,2021-07-09,7,0.9400052990663408,F0,True,0.05,0.01704555140447065,0.0625,-3.0,false_alarm
2021-07-09 11:00:00,2021-07-09 11:15:00,1,163.0,176.0,1753.0,23.3,False,False,2021-07-09 11:00:00,0,2021-07-09,7,0.9942954258181795,F0,True,0.05,0.01704555140447065,0.0,8.0,false_alarm
2021-07-09 17:00:00,2021-07-09 17:15:00,1,124.0,172.0,1881.0,22.9,False,False,2021-07-09 17:00:00,0,2021-07-09,7,0.39752933486120495,F0,True,0.05,0.01704555140447065,0.022727272727272728,-1.0,false_alarm
2021-07-09 18:00:00,2021-07-09 18:15:00,1,168.0,165.0,955.0,23.2,False,False,2021-07-09 18:00:00,0,2021-07-09,7,0.06934025126380307,F0,True,0.05,0.01704555140447065,0.0625,2.0,false_alarm
2021-07-11 07:00:00,2021-07-11 07:15:00,1,22.0,22.0,0.0,23.6,False,False,2021-07-11 07:00:00,0,2021-07-11,7,0.04585911556167722,F0,True,0.05,0.01704555140447065,0.875,0.0,false_alarm
2021-07-11 08:00:00,2021-07-11 08:15:00,1,22.0,22.0,0.0,25.8,False,False,2021-07-11 08:00:00,0,2021-07-11,7,0.031133565649470334,F0,True,0.05,0.01704555140447065,0.875,0.0,false_alarm
2021-07-12 18:00:00,2021-07-12 18:15:00,1,164.0,173.0,509.0,29.7,False,False,2021-07-12 18:00:00,0,2021-07-12,7,0.8389705616116461,F0,True,0.05,0.01704555140447065,0.017045454545454544,26.0,false_alarm
2021-07-14 17:00:00,2021-07-14 17:15:00,1,125.0,156.0,1732.0,30.3,True,False,2021-07-14 18:00:00,4,2021-07-14,7,1.5054643461754873e-06,F0,False,0.05,0.01704555140447065,0.11363636363636363,0.0,miss
2021-07-16 17:00:00,2021-07-16 17:15:00,1,114.0,156.0,2823.0,27.0,False,False,2021-07-16 17:00:00,0,2021-07-16,7,0.09984373605258733,F0,True,0.05,0.01704555140447065,0.11363636363636363,7.0,false_alarm
2021-07-16 18:00:00,2021-07-16 18:15:00,1,168.0,176.0,2670.0,26.9,False,False,2021-07-16 18:00:00,0,2021-07-16,7,0.6923305856947136,F0,True,0.05,0.01704555140447065,0.0,19.0,false_alarm
2021-07-17 07:00:00,2021-07-17 07:15:00,1,88.0,87.0,30.0,25.3,False,False,2021-07-17 07:00:00,0,2021-07-17,7,0.2108908287924642,F0,True,0.05,0.01704555140447065,0.5056818181818182,6.0,false_alarm
2021-07-17 08:00:00,2021-07-17 08:15:00,1,25.0,28.0,994.0,25.5,False,False,2021-07-17 08:00:00,0,2021-07-17,7,0.09367352000493753,F0,True,0.05,0.01704555140447065,0.8409090909090909,-12.0,false_alarm
2021-07-17 11:00:00,2021-07-17 11:15:00,1,23.0,23.0,0.0,26.4,False,False,2021-07-17 11:00:00,0,2021-07-17,7,0.0773967206831083,F0,True,0.05,0.01704555140447065,0.8693181818181818,0.0,false_alarm
2021-07-18 07:00:00,2021-07-18 07:15:00,1,23.0,22.0,0.0,24.0,False,False,2021-07-18 07:00:00,0,2021-07-18,7,0.4625523529771762,F0,True,0.05,0.01704555140447065,0.875,-1.0,false_alarm
2021-07-18 08:00:00,2021-07-18 08:15:00,1,22.0,25.0,0.0,26.5,False,False,2021-07-18 08:00:00,0,2021-07-18,7,0.2765426706665573,F0,True,0.05,0.01704555140447065,0.8579545454545454,-3.0,false_alarm
2021-07-19 19:00:00,2021-07-19 19:15:00,1,154.0,162.0,465.0,28.1,False,False,2021-07-19 19:00:00,0,2021-07-19,7,0.019933075975990783,F0,True,0.05,0.01704555140447065,0.07954545454545454,-4.0,false_alarm
2021-07-21 18:00:00,2021-07-21 18:15:00,1,162.0,153.0,593.0,27.3,False,False,2021-07-21 18:00:00,0,2021-07-21,7,0.9992714104616308,F0,True,0.05,0.01704555140447065,0.13068181818181818,4.0,false_alarm
2021-07-21 19:00:00,2021-07-21 19:15:00,1,170.0,167.0,972.0,27.0,False,False,2021-07-21 19:00:00,0,2021-07-21,7,0.0836328439794533,F0,True,0.05,0.01704555140447065,0.05113636363636364,15.0,false_alarm
2021-07-22 18:00:00,2021-07-22 18:15:00,1,157.0,155.0,552.0,27.4,False,False,2021-07-22 18:00:00,0,2021-07-22,7,0.13412952843560613,F0,True,0.05,0.01704555140447065,0.11931818181818182,22.0,false_alarm
2021-07-22 19:00:00,2021-07-22 19:15:00,1,163.0,169.0,992.0,26.8,False,False,2021-07-22 19:00:00,0,2021-07-22,7,0.226968281693327,F0,True,0.05,0.01704555140447065,0.03977272727272727,9.0,false_alarm
2021-07-24 07:00:00,2021-07-24 07:15:00,1,81.0,87.0,919.0,24.9,False,False,2021-07-24 07:00:00,0,2021-07-24,7,0.08245657070540556,F0,True,0.05,0.01704555140447065,0.5056818181818182,-9.0,false_alarm
2021-07-24 08:00:00,2021-07-24 08:15:00,1,28.0,32.0,482.0,25.8,False,False,2021-07-24 08:00:00,0,2021-07-24,7,0.07919647101515358,F0,True,0.05,0.01704555140447065,0.8181818181818182,-24.0,false_alarm
2021-07-24 10:00:00,2021-07-24 10:15:00,1,24.0,24.0,0.0,29.1,False,False,2021-07-24 10:00:00,0,2021-07-24,7,0.043660831976737605,F0,True,0.05,0.01704555140447065,0.8636363636363636,0.0,false_alarm
2021-07-24 11:00:00,2021-07-24 11:15:00,1,26.0,24.0,0.0,28.8,False,False,2021-07-24 11:00:00,0,2021-07-24,7,0.04147621942054125,F0,True,0.05,0.01704555140447065,0.8636363636363636,0.0,false_alarm
2021-07-24 14:00:00,2021-07-24 14:15:00,1,24.0,24.0,0.0,30.0,False,False,2021-07-24 14:00:00,0,2021-07-24,7,0.05409655603031107,F0,True,0.05,0.01704555140447065,0.8636363636363636,0.0,false_alarm
2021-07-24 16:00:00,2021-07-24 16:15:00,1,24.0,24.0,0.0,29.3,False,False,2021-07-24 16:00:00,0,2021-07-24,7,0.020776693603999367,F0,True,0.05,0.01704555140447065,0.8636363636363636,0.0,false_alarm
2021-07-25 07:00:00,2021-07-25 07:15:00,1,24.0,24.0,0.0,25.5,False,False,2021-07-25 07:00:00,0,2021-07-25,7,0.2801052357006572,F0,True,0.05,0.01704555140447065,0.8636363636363636,0.0,false_alarm
2021-07-25 08:00:00,2021-07-25 08:15:00,1,24.0,24.0,0.0,27.1,False,False,2021-07-25 08:00:00,0,2021-07-25,7,0.2654909584104982,F0,True,0.05,0.01704555140447065,0.8636363636363636,0.0,false_alarm
2021-07-01 17:00:00,2021-07-01 17:15:00,1,126.0,163.0,1794.0,25.1,False,False,2021-07-01 17:00:00,0,2021-07-01,7,0.3681624016624156,F0,True,0.1,0.002324733177744929,0.07386363636363637,0.0,false_alarm
2021-07-02 07:00:00,2021-07-02 07:15:00,1,118.0,106.0,36.0,22.0,False,False,2021-07-02 07:00:00,0,2021-07-02,7,0.9991718610488112,F0,True,0.1,0.002324733177744929,0.3977272727272727,-4.0,false_alarm
2021-07-02 16:00:00,2021-07-02 16:15:00,1,164.0,160.0,5516.0,24.2,False,False,2021-07-02 16:00:00,0,2021-07-02,7,0.7034894512397346,F0,True,0.1,0.002324733177744929,0.09090909090909091,18.0,false_alarm
2021-07-02 18:00:00,2021-07-02 18:15:00,1,169.0,175.0,795.0,23.2,False,False,2021-07-02 18:00:00,0,2021-07-02,7,0.007058637829077199,F0,True,0.1,0.002324733177744929,0.005681818181818182,7.0,false_alarm
2021-07-03 12:00:00,2021-07-03 12:15:00,1,22.0,23.0,0.0,23.0,False,False,2021-07-03 12:00:00,0,2021-07-03,7,0.003826205980788522,F0,True,0.1,0.002324733177744929,0.8693181818181818,1.0,false_alarm
2021-07-04 07:00:00,2021-07-04 07:15:00,1,21.0,22.0,0.0,24.8,False,False,2021-07-04 07:00:00,0,2021-07-04,7,0.010575517329682912,F0,True,0.1,0.002324733177744929,0.875,-1.0,false_alarm
2021-07-04 08:00:00,2021-07-04 08:15:00,1,24.0,22.0,0.0,25.8,False,False,2021-07-04 08:00:00,0,2021-07-04,7,0.018374052773911024,F0,True,0.1,0.002324733177744929,0.875,-1.0,false_alarm
2021-07-06 12:00:00,2021-07-06 12:15:00,1,132.0,171.0,568.0,23.2,False,False,2021-07-06 12:00:00,0,2021-07-06,7,0.1329693730305052,F0,True,0.1,0.002324733177744929,0.028409090909090908,-4.0,false_alarm
2021-07-06 17:00:00,2021-07-06 17:15:00,1,124.0,168.0,985.0,22.7,False,False,2021-07-06 17:00:00,0,2021-07-06,7,0.15998785962446177,F0,True,0.1,0.002324733177744929,0.045454545454545456,1.0,false_alarm
2021-07-08 17:00:00,2021-07-08 17:15:00,1,118.0,149.0,2282.0,24.6,False,False,2021-07-08 17:00:00,0,2021-07-08,7,0.29433982015224064,F0,True,0.1,0.002324733177744929,0.1534090909090909,-37.0,false_alarm
2021-07-08 18:00:00,2021-07-08 18:15:00,1,155.0,155.0,86.0,23.2,False,False,2021-07-08 18:00:00,0,2021-07-08,7,0.9116454549247743,F0,True,0.1,0.002324733177744929,0.11931818181818182,17.0,false_alarm
2021-07-09 10:00:00,2021-07-09 10:15:00,1,139.0,165.0,565.0,22.7,False,False,2021-07-09 10:00:00,0,2021-07-09,7,0.9400052990663408,F0,True,0.1,0.002324733177744929,0.0625,-3.0,false_alarm
2021-07-09 11:00:00,2021-07-09 11:15:00,1,163.0,176.0,1753.0,23.3,False,False,2021-07-09 11:00:00,0,2021-07-09,7,0.9942954258181795,F0,True,0.1,0.002324733177744929,0.0,8.0,false_alarm
2021-07-09 17:00:00,2021-07-09 17:15:00,1,124.0,172.0,1881.0,22.9,False,False,2021-07-09 17:00:00,0,2021-07-09,7,0.39752933486120495,F0,True,0.1,0.002324733177744929,0.022727272727272728,-1.0,false_alarm
2021-07-09 18:00:00,2021-07-09 18:15:00,1,168.0,165.0,955.0,23.2,False,False,2021-07-09 18:00:00,0,2021-07-09,7,0.06934025126380307,F0,True,0.1,0.002324733177744929,0.0625,2.0,false_alarm
2021-07-10 13:00:00,2021-07-10 13:15:00,1,27.0,25.0,0.0,29.5,False,False,2021-07-10 13:00:00,0,2021-07-10,7,0.006150798992115182,F0,True,0.1,0.002324733177744929,0.8579545454545454,-1.0,false_alarm
2021-07-10 14:00:00,2021-07-10 14:15:00,1,23.0,22.0,0.0,30.0,False,False,2021-07-10 14:00:00,0,2021-07-10,7,0.006990461310847937,F0,True,0.1,0.002324733177744929,0.875,-1.0,false_alarm
2021-07-11 07:00:00,2021-07-11 07:15:00,1,22.0,22.0,0.0,23.6,False,False,2021-07-11 07:00:00,0,2021-07-11,7,0.04585911556167722,F0,True,0.1,0.002324733177744929,0.875,0.0,false_alarm
2021-07-11 08:00:00,2021-07-11 08:15:00,1,22.0,22.0,0.0,25.8,False,False,2021-07-11 08:00:00,0,2021-07-11,7,0.031133565649470334,F0,True,0.1,0.002324733177744929,0.875,0.0,false_alarm
2021-07-12 18:00:00,2021-07-12 18:15:00,1,164.0,173.0,509.0,29.7,False,False,2021-07-12 18:00:00,0,2021-07-12,7,0.8389705616116461,F0,True,0.1,0.002324733177744929,0.017045454545454544,26.0,false_alarm
2021-07-14 17:00:00,2021-07-14 17:15:00,1,125.0,156.0,1732.0,30.3,True,False,2021-07-14 18:00:00,4,2021-07-14,7,1.5054643461754873e-06,F0,False,0.1,0.002324733177744929,0.11363636363636363,0.0,miss
2021-07-16 17:00:00,2021-07-16 17:15:00,1,114.0,156.0,2823.0,27.0,False,False,2021-07-16 17:00:00,0,2021-07-16,7,0.09984373605258733,F0,True,0.1,0.002324733177744929,0.11363636363636363,7.0,false_alarm
2021-07-16 18:00:00,2021-07-16 18:15:00,1,168.0,176.0,2670.0,26.9,False,False,2021-07-16 18:00:00,0,2021-07-16,7,0.6923305856947136,F0,True,0.1,0.002324733177744929,0.0,19.0,false_alarm
2021-07-17 07:00:00,2021-07-17 07:15:00,1,88.0,87.0,30.0,25.3,False,False,2021-07-17 07:00:00,0,2021-07-17,7,0.2108908287924642,F0,True,0.1,0.002324733177744929,0.5056818181818182,6.0,false_alarm
2021-07-17 08:00:00,2021-07-17 08:15:00,1,25.0,28.0,994.0,25.5,False,False,2021-07-17 08:00:00,0,2021-07-17,7,0.09367352000493753,F0,True,0.1,0.002324733177744929,0.8409090909090909,-12.0,false_alarm
2021-07-17 10:00:00,2021-07-17 10:15:00,1,24.0,24.0,0.0,25.9,False,False,2021-07-17 10:00:00,0,2021-07-17,7,0.0028120209952023382,F0,True,0.1,0.002324733177744929,0.8636363636363636,2.0,false_alarm
2021-07-17 11:00:00,2021-07-17 11:15:00,1,23.0,23.0,0.0,26.4,False,False,2021-07-17 11:00:00,0,2021-07-17,7,0.0773967206831083,F0,True,0.1,0.002324733177744929,0.8693181818181818,0.0,false_alarm
2021-07-18 07:00:00,2021-07-18 07:15:00,1,23.0,22.0,0.0,24.0,False,False,2021-07-18 07:00:00,0,2021-07-18,7,0.4625523529771762,F0,True,0.1,0.002324733177744929,0.875,-1.0,false_alarm
2021-07-18 08:00:00,2021-07-18 08:15:00,1,22.0,25.0,0.0,26.5,False,False,2021-07-18 08:00:00,0,2021-07-18,7,0.2765426706665573,F0,True,0.1,0.002324733177744929,0.8579545454545454,-3.0,false_alarm
2021-07-19 19:00:00,2021-07-19 19:15:00,1,154.0,162.0,465.0,28.1,False,False,2021-07-19 19:00:00,0,2021-07-19,7,0.019933075975990783,F0,True,0.1,0.002324733177744929,0.07954545454545454,-4.0,false_alarm
2021-07-21 18:00:00,2021-07-21 18:15:00,1,162.0,153.0,593.0,27.3,False,False,2021-07-21 18:00:00,0,2021-07-21,7,0.9992714104616308,F0,True,0.1,0.002324733177744929,0.13068181818181818,4.0,false_alarm
2021-07-21 19:00:00,2021-07-21 19:15:00,1,170.0,167.0,972.0,27.0,False,False,2021-07-21 19:00:00,0,2021-07-21,7,0.0836328439794533,F0,True,0.1,0.002324733177744929,0.05113636363636364,15.0,false_alarm
2021-07-22 18:00:00,2021-07-22 18:15:00,1,157.0,155.0,552.0,27.4,False,False,2021-07-22 18:00:00,0,2021-07-22,7,0.13412952843560613,F0,True,0.1,0.002324733177744929,0.11931818181818182,22.0,false_alarm
2021-07-22 19:00:00,2021-07-22 19:15:00,1,163.0,169.0,992.0,26.8,False,False,2021-07-22 19:00:00,0,2021-07-22,7,0.226968281693327,F0,True,0.1,0.002324733177744929,0.03977272727272727,9.0,false_alarm
2021-07-24 07:00:00,2021-07-24 07:15:00,1,81.0,87.0,919.0,24.9,False,False,2021-07-24 07:00:00,0,2021-07-24,7,0.08245657070540556,F0,True,0.1,0.002324733177744929,0.5056818181818182,-9.0,false_alarm
2021-07-24 08:00:00,2021-07-24 08:15:00,1,28.0,32.0,482.0,25.8,False,False,2021-07-24 08:00:00,0,2021-07-24,7,0.07919647101515358,F0,True,0.1,0.002324733177744929,0.8181818181818182,-24.0,false_alarm
2021-07-24 10:00:00,2021-07-24 10:15:00,1,24.0,24.0,0.0,29.1,False,False,2021-07-24 10:00:00,0,2021-07-24,7,0.043660831976737605,F0,True,0.1,0.002324733177744929,0.8636363636363636,0.0,false_alarm
2021-07-24 11:00:00,2021-07-24 11:15:00,1,26.0,24.0,0.0,28.8,False,False,2021-07-24 11:00:00,0,2021-07-24,7,0.04147621942054125,F0,True,0.1,0.002324733177744929,0.8636363636363636,0.0,false_alarm
2021-07-24 12:00:00,2021-07-24 12:15:00,1,24.0,25.0,0.0,28.5,False,False,2021-07-24 12:00:00,0,2021-07-24,7,0.0033789820944712737,F0,True,0.1,0.002324733177744929,0.8579545454545454,-4.0,false_alarm
2021-07-24 13:00:00,2021-07-24 13:15:00,1,23.0,23.0,0.0,29.6,False,False,2021-07-24 13:00:00,0,2021-07-24,7,0.005516030849456883,F0,True,0.1,0.002324733177744929,0.8693181818181818,0.0,false_alarm
2021-07-24 14:00:00,2021-07-24 14:15:00,1,24.0,24.0,0.0,30.0,False,False,2021-07-24 14:00:00,0,2021-07-24,7,0.05409655603031107,F0,True,0.1,0.002324733177744929,0.8636363636363636,0.0,false_alarm
2021-07-24 15:00:00,2021-07-24 15:15:00,1,27.0,24.0,0.0,29.8,False,False,2021-07-24 15:00:00,0,2021-07-24,7,0.0031045855459806908,F0,True,0.1,0.002324733177744929,0.8636363636363636,0.0,false_alarm
2021-07-24 16:00:00,2021-07-24 16:15:00,1,24.0,24.0,0.0,29.3,False,False,2021-07-24 16:00:00,0,2021-07-24,7,0.020776693603999367,F0,True,0.1,0.002324733177744929,0.8636363636363636,0.0,false_alarm
2021-07-25 07:00:00,2021-07-25 07:15:00,1,24.0,24.0,0.0,25.5,False,False,2021-07-25 07:00:00,0,2021-07-25,7,0.2801052357006572,F0,True,0.1,0.002324733177744929,0.8636363636363636,0.0,false_alarm
2021-07-25 08:00:00,2021-07-25 08:15:00,1,24.0,24.0,0.0,27.1,False,False,2021-07-25 08:00:00,0,2021-07-25,7,0.2654909584104982,F0,True,0.1,0.002324733177744929,0.8636363636363636,0.0,false_alarm
2021-07-25 09:00:00,2021-07-25 09:15:00,1,25.0,24.0,0.0,28.4,False,False,2021-07-25 09:00:00,0,2021-07-25,7,0.007936401431254144,F0,True,0.1,0.002324733177744929,0.8636363636363636,1.0,false_alarm
