tree
version=v4
num_class=1
num_tree_per_iteration=1
label_index=0
max_feature_idx=14
objective=regression
feature_names=horizon hour quarter dow month lag0 lag1 lag2 lag3 lag4 lag5 lag6 lag7 day week
feature_infos=[1:8] [0:23] [0:3] [0:6] [1:5] [19:206] [19:208] [19:222] [19:192] [19:206] [19:208] [19:222] [19:192] [19:222] [19:222]
tree_sizes=1404 1433 1433 1432 1429 1426 1426 1434 1423 1427 1435 1434 1434 1435 1435 1434 1448 1442 1439 1443 1434 1442 1434 1444 1444 1445 1440 1452 1446 1454 1445 1439 1441 1457 1440 1446 1452 1427 1444 1448 1448 1439 1424 1435 1435 1429 1442 1439 1427 1441 1432 1450 1438 1447 1455 1437 1455 1450 1446 1453 1458 1454 1455 1456 1451 1457 1449 1447 1465 1448 1456 1462 1459 1451 1445 1449 1461 1439 1453 1445 1460 1448 1437 1459 1439 1447 1452 1461 1435 1458 1454 1446 1460 1452 1450 1432 1457 1451 1460 1448 1462 1457 1470 1455 1427 1463 1456 1455 1427 1454 1470 1466 1456 1458 1454 1473 1470 1455 1468 1443 1463 1450 1457 1455 1446 1471 1443 1439 1456 1466 1457 1453 1450 1468 1446 1466 1450 1459 1470 1449 1453 1463 1452 1465 1453 1445 1458 1463 1463 1462 1444 1437 1447 1456 1448 1449 1471 1446 1461 1448 1456 1458 1455 1465 1471 1466 1464 1459 1432 1448 1468 1437 1445 1461 1456 1457 1443 1464 1468 1455 1444 1454 1466 1446 1456 1447 1437 1434 1446 1429 1481 1466 1456 1460 1449 1445 1438 1452 1450 1445 1443 1460 1455 1460 1459 1469 1417 1436 1464 1448 1470 1471 1461 1459 1431 1451 1458 1449 1457 1442 1464 1452 1467 1462 1474 1437 1469 1447 1446 1463 1453 1464 1471 1448 1451 1452 1447 1456 1449 1462 1464 1445 1437 1470 1468 1455 1462 1435 1437 1462 1481 1450 1465 1440 1449 1446 1451 1439 1429 1435 1465 1436 1467 1447 1462 1446 1443 1462 1435 1455 1454 1469 1458 1445 1456 1456 1444 1467 1461 1450 1450 1462 1464 1456 1465 1456 1445 1459 1450 1461 1461 1464 1457 1451 1461 1456 1442 1451 1442 1457

Tree=0
num_leaves=15
num_cat=0
split_feature=5 14 1 5 13 14 14 14 14 1 3 9 9 14
split_gain=5.95003e+07 1.19726e+07 1.61752e+06 1.05231e+06 677383 392342 313895 294964 238126 292379 158910 155979 132372 116908
threshold=48.000000000000007 136.50000000000003 1.5000000000000002 117.50000000000001 137.50000000000003 84.500000000000014 152.50000000000003 93.500000000000014 174.50000000000003 9.5000000000000018 4.5000000000000009 104.50000000000001 113.50000000000001 30.500000000000004
decision_type=2 2 2 2 2 2 2 2 2 2 2 2 2 2
left_child=8 2 5 7 -5 -2 -3 10 11 -10 -4 13 -12 -1
right_child=1 6 3 4 -6 -7 -8 -9 9 -11 12 -13 -14 -15
leaf_value=89.300564435834119 91.363419772101011 95.480160186382534 93.008611535591484 93.949687806743924 95.509182016775299 93.039140748023726 96.323308264842083 93.478202382814573 93.283629828197519 89.512374174942153 91.63564013405778 91.697764142418222 93.769153339833949 89.793518168073334
leaf_weight=7106 1011 1558 1364 3521 870 530 4877 4207 92 108 435 80 83 1790
leaf_count=7106 1011 1558 1364 3521 870 530 4877 4207 92 108 435 80 83 1790
internal_value=92.7458 94.3817 93.4494 93.6718 94.2615 91.9388 96.1215 93.2457 89.4563 91.218 92.7253 89.4179 91.984 89.398
internal_weight=27632 18456 12021 10480 4391 1541 6435 6089 9176 200 1882 8976 518 8896
internal_count=27632 18456 12021 10480 4391 1541 6435 6089 9176 200 1882 8976 518 8896
is_linear=0
shrinkage=1


Tree=1
num_leaves=15
num_cat=0
split_feature=5 14 1 5 13 14 14 14 14 1 3 9 1 3
split_gain=5.37085e+07 1.08067e+07 1.46033e+06 952282 633955 354301 287501 287339 214062 265132 152933 140342 117824 110408
threshold=48.000000000000007 136.50000000000003 1.5000000000000002 116.50000000000001 137.50000000000003 84.500000000000014 148.50000000000003 93.500000000000014 174.50000000000003 9.5000000000000018 4.5000000000000009 104.50000000000001 15.500000000000002 5.5000000000000009
decision_type=2 2 2 2 2 2 2 2 2 2 2 2 2 2
left_child=8 2 5 7 -5 -2 -3 10 11 -10 -4 -1 -8 -12
right_child=1 6 3 4 -6 -7 12 -9 9 -11 13 -13 -14 -15
leaf_value=-3.1805540298628094 -1.3136032250805165 2.4459559042961594 0.21400793200838841 1.1291255479441762 2.6205765795042444 0.27880891997576041 3.5048018332633557 0.68998768277267919 0.51232268343266751 -3.078909949918764 -1.2161548911598681 -0.99871821571798902 2.9083515343585753 0.5475787291159997
leaf_weight=8896 1011 1103 1318 3736 882 530 4031 4051 92 108 381 80 1301 112
leaf_count=8896 1011 1103 1318 3736 882 530 4031 4051 92 108 381 80 1301 112
internal_value=-4.37538e-07 1.55426 0.668502 0.879815 1.41651 -0.76679 3.20711 0.456171 -3.12528 -1.45474 -0.0673109 -3.16167 3.36213 -0.813994
internal_weight=27632 18456 12021 10480 4618 1541 6435 5862 9176 200 1811 8976 5332 493
internal_count=27632 18456 12021 10480 4618 1541 6435 5862 9176 200 1811 8976 5332 493
is_linear=0
shrinkage=0.05


Tree=2
num_leaves=15
num_cat=0
split_feature=5 14 1 5 13 14 14 14 14 1 1 13 3 4
split_gain=4.84794e+07 9.75591e+06 1.29599e+06 840232 576007 321135 319948 248636 193666 228319 525203 225820 138767 124846
threshold=48.000000000000007 134.50000000000003 1.5000000000000002 115.50000000000001 140.50000000000003 148.50000000000003 84.500000000000014 93.500000000000014 36.000000000000007 9.5000000000000018 7.5000000000000009 28.500000000000004 4.5000000000000009 3.5000000000000004
decision_type=2 2 2 2 2 2 2 2 2 2 2 2 2 2
left_child=8 2 6 7 -5 -3 -2 12 -1 10 13 -12 -4 -10
right_child=1 5 3 4 -6 -7 -8 -9 9 -11 11 -13 -14 -15
leaf_value=-3.0940533771493079 -1.2482462917667205 2.2742113506025974 0.19668708853165495 1.0683387940397886 2.5537511355514768 3.1943239025840025 0.26499876586354781 0.63814856798828723 -1.7752451209172215 -3.0869752001888542 1.4193172877773326 -1.7760370432675541 -0.78934418370992676 -3.0775353950584581
leaf_weight=7182 1011 1229 1294 3883 785 5332 530 3905 338 940 136 86 487 494
leaf_count=7182 1011 1229 1294 3883 785 5332 530 3905 338 940 136 86 487 494
internal_value=4.54551e-05 1.47671 0.622439 0.823773 1.3206 3.02383 -0.728618 0.415094 -2.9692 -2.5129 -1.98876 0.169623 -0.0743902 -2.56225
internal_weight=27632 18456 11895 10354 4668 6561 1541 5686 9176 1994 1054 222 1781 832
internal_count=27632 18456 11895 10354 4668 6561 1541 5686 9176 1994 1054 222 1781 832
is_linear=0
shrinkage=0.05


Tree=3
num_leaves=15
num_cat=0
split_feature=5 14 1 5 13 14 14 14 14 1 9 3 9 1
split_gain=4.37614e+07 8.81046e+06 1.18982e+06 779136 501398 291091 243535 217883 174825 217987 127432 119045 108670 105511
threshold=48.000000000000007 136.50000000000003 1.5000000000000002 117.50000000000001 137.50000000000003 77.500000000000014 155.50000000000003 94.500000000000014 174.50000000000003 9.5000000000000018 104.50000000000001 4.5000000000000009 113.50000000000001 12.500000000000002
decision_type=2 2 2 2 2 2 2 2 2 2 2 2 2 2
left_child=8 2 5 7 13 -2 -3 11 10 -10 -1 -4 -13 -5
right_child=1 6 3 4 -6 -7 -8 -9 9 -11 -12 12 -14 -15
leaf_value=-2.8718908122035578 -1.2417766148370797 2.4192661910846631 0.22881158954932773 0.61492107723223022 2.3747910618577683 0.16319549292179164 3.1062053323743903 0.63384268516988473 0.47177895614781334 -2.7842569941967992 -0.80616733551025388 -0.95943426271324206 0.97049000664529483 1.2145262543946966
leaf_weight=8896 937 1994 1445 1072 870 604 4441 4120 92 108 80 441 83 2449
leaf_count=8896 937 1994 1445 1072 870 604 4441 4120 92 108 80 441 83 2449
internal_value=1.39165e-05 1.40298 0.603207 0.793947 1.30133 -0.692346 2.89539 0.427285 -2.82105 -1.3115 -2.85394 -0.00543453 -0.647457 1.0331
internal_weight=27632 18456 12021 10480 4391 1541 6435 6089 9176 200 8976 1969 524 3521
internal_count=27632 18456 12021 10480 4391 1541 6435 6089 9176 200 8976 1969 524 3521
is_linear=0
shrinkage=0.05


Tree=4
num_leaves=15
num_cat=0
split_feature=5 14 1 5 13 14 14 14 14 1 1 0 4 1
split_gain=3.95004e+07 7.95292e+06 1.056e+06 688375 472890 267366 263502 203232 170324 201893 449676 208212 113919 133363
threshold=48.000000000000007 134.50000000000003 1.5000000000000002 115.50000000000001 140.50000000000003 148.50000000000003 84.500000000000014 93.500000000000014 36.000000000000007 9.5000000000000018 7.5000000000000009 4.5000000000000009 3.5000000000000004 2.5000000000000004
decision_type=2 2 2 2 2 2 2 2 2 2 2 2 2 2
left_child=8 2 6 7 -5 -3 -2 -4 -1 10 12 -12 13 -10
right_child=1 5 3 4 -6 -7 -8 -9 9 -11 11 -13 -14 -15
leaf_value=-2.7969410284323208 -1.1294743629949771 2.0462473123154727 -0.0690414953338606 0.96453372751450783 2.3104109996406339 2.885326708969115 0.24378912990338333 0.57515656058974274 -0.68232362975040683 -2.7924207808479431 -1.6707746564672235 1.4103916598366693 -2.7830447760636439 -2.7024882454707706
leaf_weight=7182 1011 1229 1781 3883 785 5332 530 3905 198 940 84 138 494 140
leaf_count=7182 1011 1229 1781 3883 785 5332 530 3905 198 940 84 138 494 140
internal_value=4.51331e-05 1.33296 0.561661 0.743401 1.19309 2.72983 -0.657903 0.373494 -2.68016 -2.25361 -1.76216 0.233423 -2.29285 -1.54628
internal_weight=27632 18456 11895 10354 4668 6561 1541 5686 9176 1994 1054 222 832 338
internal_count=27632 18456 11895 10354 4668 6561 1541 5686 9176 1994 1054 222 832 338
is_linear=0
shrinkage=0.05


Tree=5
num_leaves=15
num_cat=0
split_feature=5 14 1 5 13 14 1 14 14 1 1 13 4 13
split_gain=3.56572e+07 7.18201e+06 969517 637372 411052 240652 227066 181636 153033 181894 406356 199143 102591 124202
threshold=48.000000000000007 136.50000000000003 1.5000000000000002 117.50000000000001 137.50000000000003 76.500000000000014 15.500000000000002 99.500000000000014 36.000000000000007 9.5000000000000018 7.5000000000000009 28.500000000000004 3.5000000000000004 74.500000000000014
decision_type=2 2 2 2 2 2 2 2 2 2 2 2 2 2
left_child=8 2 5 7 -5 -2 -3 -4 -1 10 12 -12 13 -10
right_child=1 6 3 4 -6 -7 -8 -9 9 -11 11 -13 -14 -15
leaf_value=-2.657191138673396 -1.1397685885801911 2.8202336095739264 0.054116117873840568 0.93255925371363912 2.1473515479905263 0.13011544195096791 2.1637740284146219 0.61024045889147882 -0.46158937991723503 -2.6535385222662065 1.3938209575541478 -1.6072104736998842 -2.6452869361770417 -2.3837512245391337
leaf_weight=7182 915 4394 2470 3521 870 626 2041 3619 164 940 136 86 494 174
leaf_count=7182 915 4394 2470 3521 870 626 2041 3619 164 940 136 86 494 174
internal_value=4.99801e-06 1.26642 0.544329 0.716508 1.17542 -0.625152 2.61386 0.384878 -2.54648 -2.14208 -1.67557 0.221465 -2.18005 -1.47143
internal_weight=27632 18456 12021 10480 4391 1541 6435 6089 9176 1994 1054 222 832 338
internal_count=27632 18456 12021 10480 4391 1541 6435 6089 9176 1994 1054 222 832 338
is_linear=0
shrinkage=0.05


Tree=6
num_leaves=15
num_cat=0
split_feature=5 14 1 14 13 14 1 14 1 1 0 3 3 14
split_gain=3.21878e+07 6.48343e+06 861429 617313 397702 231180 161848 137526 163911 367186 185144 125589 118449 152060
threshold=48.000000000000007 134.50000000000003 8.5000000000000018 88.500000000000014 140.50000000000003 154.50000000000003 1.5000000000000002 36.000000000000007 9.5000000000000018 7.5000000000000009 4.5000000000000009 4.5000000000000009 5.5000000000000009 114.50000000000001
decision_type=2 2 2 2 2 2 2 2 2 2 2 2 2 2
left_child=7 2 3 6 12 -3 -2 -1 9 -9 -11 -8 13 -4
right_child=1 5 4 -5 -6 -7 11 8 -10 10 -12 -13 -14 -15
leaf_value=-2.52442414593063 -0.98878691175014222 2.0040687161841282 0.46502444756419514 0.48615450949743721 1.9912533964519161 2.664464953109289 0.12819093995352973 -2.0726834058049475 -2.5215634641697799 -1.5852081105950173 1.3202038852276503 -1.0093100770108472 1.4977728489517261 1.0907085723867735
leaf_weight=7182 1059 2004 2634 4041 803 4557 972 832 940 84 138 318 521 1547
leaf_count=7182 1059 2004 2634 4041 803 4557 972 832 940 84 138 318 521 1547
internal_value=-2.50849e-05 1.2032 0.506797 0.111673 0.964926 2.46443 -0.532215 -2.41946 -2.03602 -1.59314 0.210157 -0.155031 0.787722 0.697558
internal_weight=27632 18456 11895 6390 5505 6561 2349 9176 1994 1054 222 1290 4702 4181
internal_count=27632 18456 11895 6390 5505 6561 2349 9176 1994 1054 222 1290 4702 4181
is_linear=0
shrinkage=0.05


Tree=7
num_leaves=15
num_cat=0
split_feature=5 14 1 5 13 1 14 14 3 14 7 1 1 3
split_gain=2.90548e+07 5.85604e+06 794831 535899 375508 199994 197457 152192 127833 124353 136284 152462 260096 96093.9
threshold=48.000000000000007 136.50000000000003 1.5000000000000002 113.50000000000001 135.50000000000003 16.500000000000004 76.500000000000014 93.500000000000014 4.5000000000000009 26.500000000000004 21.500000000000004 9.5000000000000018 7.5000000000000009 5.5000000000000009
decision_type=2 2 2 2 2 2 2 2 2 2 2 2 2 2
left_child=9 2 6 7 13 -3 -2 8 -4 -1 -11 12 -12 -5
right_child=1 5 3 4 -6 -7 -8 -9 -10 10 11 -13 -14 -15
leaf_value=-2.4077930077223475 -1.0339192346904589 2.5076935795733308 0.16362737984372638 0.71517912676072015 1.9115162893307183 1.8108044115406585 0.11637587055634774 0.47593893631157558 -0.8131023666971896 -2.3818126031235693 -1.6173201287539425 -2.1564781498948533 0.72499759535982011 1.4380493490375523
leaf_weight=6893 915 5056 1243 3748 937 1379 626 3572 453 1071 458 598 156 527
leaf_count=6893 915 5056 1243 3748 937 1379 626 3572 453 1071 458 598 156 527
internal_value=-1.52675e-05 1.14316 0.491121 0.647019 1.00628 2.35987 -0.56777 0.290961 -0.0988794 -2.29869 -1.96472 -1.58788 -1.02115 0.805867
internal_weight=27632 18456 12021 10480 5212 6435 1541 5268 1696 9176 2283 1212 614 4275
internal_count=27632 18456 12021 10480 5212 6435 1541 5268 1696 9176 2283 1212 614 4275
is_linear=0
shrinkage=0.05


Tree=8
num_leaves=15
num_cat=0
split_feature=5 14 5 14 13 1 1 1 1 3 9 1 9 14
split_gain=2.6227e+07 5.29098e+06 774638 500537 310316 202765 158441 139710 131098 116589 136092 129691 114187 116371
threshold=48.000000000000007 139.50000000000003 124.50000000000001 90.500000000000014 135.50000000000003 1.5000000000000002 15.500000000000002 12.500000000000002 11.500000000000002 4.5000000000000009 113.50000000000001 5.5000000000000009 104.50000000000001 30.500000000000004
decision_type=2 2 2 2 2 2 2 2 2 2 2 2 2 2
left_child=12 2 3 5 7 -2 -3 8 -4 11 -11 -7 13 -1
right_child=1 6 4 -5 -6 9 -8 -9 -10 10 -12 -13 -14 -15
leaf_value=-2.297835313879879 -0.89299871011344711 2.4449351599667049 1.1301703086806467 0.48279050793518696 1.8616962383914046 -0.18946868179110235 1.8793273828429091 1.0336266769391294 -0.16232103608291726 -1.0611762784570455 1.0418143042673669 0.84016586331076426 -0.28404226415297568 -1.8480872446149215
leaf_weight=7106 1030 4318 292 5599 929 716 1893 2091 575 395 91 527 80 1990
leaf_count=7106 1030 4318 292 5599 929 716 1893 2091 575 395 91 527 80 1990
internal_value=-1.943e-05 1.0861 0.482778 0.211313 1.06547 -0.339489 2.2742 0.812688 0.276966 -0.00812862 -0.660807 0.248687 -2.18397 -2.20051
internal_weight=27632 18456 12245 8358 3887 2759 6211 2958 867 1729 486 1243 9176 9096
internal_count=27632 18456 12245 8358 3887 2759 6211 2958 867 1729 486 1243 9176 9096
is_linear=0
shrinkage=0.05


Tree=9
num_leaves=15
num_cat=0
split_feature=5 14 1 5 13 14 14 14 3 13 14 1 9 5
split_gain=2.36734e+07 4.77677e+06 635679 433536 350720 215735 162761 112810 155440 120865 105057 137683 105942 97730.2
threshold=48.000000000000007 133.50000000000003 1.5000000000000002 110.50000000000001 149.50000000000003 148.50000000000003 76.500000000000014 86.500000000000014 3.5000000000000004 115.50000000000001 174.50000000000003 10.500000000000002 104.50000000000001 171.50000000000003
decision_type=2 2 2 2 2 2 2 2 2 2 2 2 2 2
left_child=10 2 6 7 -5 -3 -2 8 9 -4 12 -12 -1 -7
right_child=1 5 3 4 -6 13 -8 -9 -10 -11 11 -13 -14 -15
leaf_value=-2.1166231529570179 -0.94227523627974419 1.5210682304284568 -0.0044792025374542728 0.71298113121669848 1.9937868658634796 2.1084590224206341 0.10210332662433906 0.33903975720531193 -0.91746684055464334 1.9890332038375154 0.37548783204265845 -2.2004942625471688 -0.27067556493422568 2.6188511925260256
leaf_weight=8896 915 1337 603 5465 590 3934 626 3020 486 82 102 98 80 1398
leaf_count=8896 915 1337 603 5465 590 3934 626 3020 486 82 102 98 80 1398
internal_value=1.74981e-05 1.03191 0.4265 0.568896 0.839325 2.1008 -0.51906 0.177655 -0.238226 0.246844 -2.07489 -0.909628 -2.10033 2.24461
internal_weight=27632 18456 11787 10246 6055 6669 1541 4191 1171 685 9176 200 8976 5332
internal_count=27632 18456 11787 10246 6055 6669 1541 4191 1171 685 9176 200 8976 5332
is_linear=0
shrinkage=0.05


Tree=10
num_leaves=15
num_cat=0
split_feature=5 14 5 14 13 7 1 1 1 1 1 14 7 1
split_gain=2.13688e+07 4.31787e+06 641515 410777 260254 162784 138341 128437 111971 105896 100255 99601.5 122680 135261
threshold=48.000000000000007 139.50000000000003 124.50000000000001 88.500000000000014 128.50000000000003 89.500000000000014 15.500000000000002 12.500000000000002 1.5000000000000002 11.500000000000002 6.5000000000000009 26.500000000000004 21.500000000000004 9.5000000000000018
decision_type=2 2 2 2 2 2 2 2 2 2 2 2 2 2
left_child=11 2 3 5 7 -2 -3 9 -7 10 -4 -1 -13 -14
right_child=1 6 4 -5 -6 8 -8 -9 -10 -11 -12 12 13 -15
leaf_value=-2.0686343545160559 0.59103839582142725 2.213008655816413 -0.13631675419600114 0.42578730848430224 1.5766190885234774 -0.90625550526449339 1.6855633840459481 0.91799426786144078 -0.18932556986106661 -0.21763488999239999 1.8480159644312508 -2.0674359978360148 -0.78690129764053085 -1.8524492646528914
leaf_weight=6893 403 4318 110 5728 1202 948 1893 1868 1279 563 144 1071 614 598
leaf_count=6893 403 4318 110 5728 1202 948 1893 1868 1279 563 144 1071 614 598
internal_value=6.46458e-05 0.98044 0.435418 0.188381 0.965684 -0.328505 2.05374 0.689764 -0.495858 0.165525 1.00262 -1.97126 -1.67337 -1.31809
internal_weight=27632 18456 12245 8358 3887 2630 6211 2685 2227 817 254 9176 2283 1212
internal_count=27632 18456 12245 8358 3887 2630 6211 2685 2227 817 254 9176 2283 1212
is_linear=0
shrinkage=0.05


Tree=11
num_leaves=15
num_cat=0
split_feature=5 14 1 13 14 3 5 14 14 14 9 14 1 14
split_gain=1.92893e+07 3.90439e+06 494006 339949 259855 211850 208224 132823 105350 155143 93128.4 95231.3 206051 92509.6
threshold=48.000000000000007 128.50000000000003 1.5000000000000002 154.50000000000003 148.50000000000003 4.5000000000000009 110.50000000000001 76.500000000000014 27.500000000000004 95.500000000000014 104.50000000000001 165.50000000000003 9.5000000000000018 86.500000000000014
decision_type=2 2 2 2 2 2 2 2 2 2 2 2 2 2
left_child=10 2 7 6 -3 -5 13 -2 -8 -10 11 -1 -13 -4
right_child=1 4 3 5 -6 -7 8 -9 9 -11 -12 12 -14 -15
leaf_value=-1.9203923657594382 -0.85511471630114577 1.3151515518230958 -0.24202259112544633 2.2105872239031363 2.0284802183422319 -0.13551142811775208 1.1063490334862642 0.088361737746066427 -0.21115460626954397 0.64400954642027075 -0.16363336899701286 0.48512180162512736 -1.9946558294775281 0.29349517493039218
leaf_weight=8749 915 1732 1098 428 5332 123 937 626 618 3647 80 133 214 3000
leaf_count=8749 915 1732 1098 428 5332 123 937 626 618 3647 80 133 214 3000
internal_value=7.07995e-05 0.931524 0.358555 0.488778 1.85464 1.69036 0.416718 -0.4728 0.626571 0.519994 -1.87288 -1.88781 -1.0508 0.149891
internal_weight=27632 18456 11392 9851 7064 551 9300 1541 5202 4265 9176 9096 347 4098
internal_count=27632 18456 11392 9851 7064 551 9300 1541 5202 4265 9176 9096 347 4098
is_linear=0
shrinkage=0.05


Tree=12
num_leaves=15
num_cat=0
split_feature=5 14 13 1 14 3 3 13 14 10 1 13 5 14
split_gain=1.7411e+07 3.5274e+06 441806 271725 267201 214182 189904 273806 177666 156807 133361 104739 90738.1 86903.4
threshold=48.000000000000007 126.50000000000001 109.50000000000001 1.0000000180025095e-35 148.50000000000003 5.5000000000000009 4.5000000000000009 155.50000000000003 99.500000000000014 96.500000000000014 7.5000000000000009 62.500000000000007 167.50000000000003 26.500000000000004
decision_type=2 2 2 2 2 2 2 2 2 2 2 2 2 2
left_child=13 2 3 -2 -3 8 7 -4 -5 10 -8 -7 -6 -1
right_child=1 4 6 5 12 11 9 -9 -10 -11 -12 -13 -14 -15
leaf_value=-1.8701042481213941 -0.78143802684048169 1.2315583798806378 0.75232047712181638 -0.16087523233139037 1.7668862294187833 1.5023102227993663 0.2668913328245785 2.1428411389438851 0.3739620008020082 0.50942500945049174 -2.3750602157027632 -0.11714537079705108 2.2152441967752274 -1.5017835482108324
leaf_weight=6893 762 1915 2631 2888 3449 438 84 407 3348 420 103 128 1883 2283
leaf_count=6893 762 1915 2631 2888 3449 438 84 407 3348 420 103 128 1883 2283
internal_value=9.12095e-05 0.885032 0.328944 0.110855 1.74432 0.211316 0.780745 0.941823 0.126339 -0.0265483 -1.21226 1.13825 1.92715 -1.77933
internal_weight=27632 18456 11209 7564 7247 6802 3645 3038 6236 607 187 566 5332 9176
internal_count=27632 18456 11209 7564 7247 6802 3645 3038 6236 607 187 566 5332 9176
is_linear=0
shrinkage=0.05


Tree=13
num_leaves=15
num_cat=0
split_feature=5 14 5 13 14 1 9 1 3 1 9 14 1 14
split_gain=1.57158e+07 3.19152e+06 490682 309700 252220 150184 120166 116480 106728 151264 84072.3 82932.8 186581 81530.1
threshold=48.000000000000007 139.50000000000003 110.50000000000001 133.50000000000003 86.500000000000014 1.5000000000000002 91.500000000000014 15.500000000000002 3.5000000000000004 5.5000000000000009 104.50000000000001 165.50000000000003 9.5000000000000018 115.50000000000001
decision_type=2 2 2 2 2 2 2 2 2 2 2 2 2 2
left_child=10 2 4 5 6 -4 -2 -3 9 -8 11 -1 -13 -7
right_child=1 7 3 -5 -6 13 8 -9 -10 -11 -12 12 -14 -15
leaf_value=-1.7350087666379359 0.54873742112184443 1.9093451458492847 -0.56898710956977261 1.4011914497815239 0.27117191555826003 0.42707728146750246 -0.60082656368613252 1.4270938405027129 -1.0529093659344684 0.85358854249937122 -0.072044628367704505 0.53411315558613215 -1.823825238719923 0.84659731033470997
leaf_weight=8749 263 4318 305 1157 3562 3553 725 1893 716 232 80 133 214 1732
leaf_count=8749 263 4318 305 1157 3562 3553 725 1893 716 232 80 133 214 1732
internal_value=0.0001224 0.84088 0.372307 0.657861 0.021603 0.502894 -0.437089 1.76363 -0.593236 -0.245637 -1.69046 -1.70465 -0.925313 0.565233
internal_weight=27632 18456 12245 6747 5498 5590 1936 6211 1673 957 9176 9096 347 5285
internal_count=27632 18456 12245 6747 5498 5590 1936 6211 1673 957 9176 9096 347 5285
is_linear=0
shrinkage=0.05


Tree=14
num_leaves=15
num_cat=0
split_feature=5 14 5 14 13 1 5 1 1 1 14 1 9 3
split_gain=1.41854e+07 2.88089e+06 459247 283743 194872 118689 109432 95716.1 104287 77551.6 76951.8 281076 74905.1 75175.4
threshold=48.000000000000007 140.50000000000003 124.50000000000001 98.500000000000014 135.50000000000003 1.5000000000000002 167.50000000000003 12.500000000000002 11.500000000000002 15.500000000000002 126.50000000000001 8.5000000000000018 150.50000000000003 4.5000000000000009
decision_type=2 2 2 2 2 2 2 2 2 2 2 2 2 2
left_child=10 2 3 5 7 -2 9 8 -4 -3 -1 -12 13 -7
right_child=1 6 4 -5 -6 12 -8 -9 -10 -11 11 -13 -14 -15
leaf_value=-1.6528179484663692 -0.58972214088701891 1.6860951214772222 0.91177165020417061 0.40601270843257703 1.4240272192468983 0.13487309023864852 1.9893613147087974 0.7831035453266656 -0.23304571055954704 1.2082101415984239 0.77511668827548719 -1.5661617138887347 1.4495247827334838 -0.49235044499595154
leaf_weight=8333 1189 2725 298 4705 954 1753 2052 2133 575 1338 154 689 83 651
leaf_count=8333 1189 2725 298 4705 954 1753 2052 2133 575 1338 154 689 83 651
internal_value=0.000137713 0.79891 0.358893 0.149043 0.802274 -0.179963 1.68591 0.602915 0.160706 1.5304 -1.60602 -1.13641 0.0167268 -0.0356476
internal_weight=27632 18456 12341 8381 3960 3676 6115 3006 873 4063 9176 843 2487 2404
internal_count=27632 18456 12341 8381 3960 3676 6115 3006 873 4063 9176 843 2487 2404
is_linear=0
shrinkage=0.05


Tree=15
num_leaves=15
num_cat=0
split_feature=5 14 13 14 1 3 3 13 10 14 1 13 13 9
split_gain=1.28044e+07 2.60695e+06 341864 206462 204150 188472 161291 225053 137064 136080 121386 89208.7 79951.8 76077.3
threshold=48.000000000000007 126.50000000000001 109.50000000000001 152.50000000000003 1.0000000180025095e-35 5.5000000000000009 4.5000000000000009 159.50000000000003 96.500000000000014 99.500000000000014 7.5000000000000009 62.500000000000007 160.50000000000003 104.50000000000001
decision_type=2 2 2 2 2 2 2 2 2 2 2 2 2 2
left_child=13 2 4 12 -2 9 7 -4 10 -6 -8 -7 -3 -1
right_child=1 3 6 -5 5 11 8 -9 -10 -11 -12 -13 -14 -15
leaf_value=-1.5392798895375499 -0.68422759809067435 0.96024560107605073 0.66536183544097971 1.6847860123325766 -0.1547713747563699 1.3817612134228379 0.23855900134095986 1.9849156492787441 0.43621095943100319 0.31329443640245891 -2.2827741809603239 -0.11265617225571234 1.6940746586108757 0.0088194768569048714
leaf_weight=9096 762 1896 2673 4877 2888 438 84 365 420 3348 103 128 474 80
leaf_count=9096 762 1896 2673 4877 2888 438 84 365 420 3348 103 128 474 80
internal_value=0.000187211 0.759082 0.281023 1.4978 0.0891871 0.176268 0.678449 0.8269 -0.0652258 0.0965747 -1.17348 1.04577 1.11027 -1.52579
internal_weight=27632 18456 11209 7247 7564 6802 3645 3038 607 6236 187 566 2370 9176
internal_count=27632 18456 11209 7247 7564 6802 3645 3038 607 6236 187 566 2370 9176
is_linear=0
shrinkage=0.05


Tree=16
num_leaves=15
num_cat=0
split_feature=5 14 13 1 3 14 10 13 3 14 13 13 13 14
split_gain=1.15573e+07 2.35322e+06 310432 205431 193805 187271 169256 148832 142728 151123 91284.3 89527.2 84682.1 72411.2
threshold=48.000000000000007 126.50000000000001 117.50000000000001 1.0000000180025095e-35 4.5000000000000009 155.50000000000003 97.500000000000014 159.50000000000003 5.5000000000000009 95.500000000000014 162.50000000000003 62.500000000000007 91.500000000000014 26.500000000000004
decision_type=2 2 2 2 2 2 2 2 2 2 2 2 2 2
left_child=13 2 3 -2 7 10 -6 -4 9 12 -3 -10 -5 -1
right_child=1 5 4 8 6 -7 -8 -9 11 -11 -12 -13 -14 -15
leaf_value=-1.5319098558934678 -0.65023923995856059 0.95084438830208118 0.7665399423223821 -0.41012086325957819 -1.7052992003433634 1.6262087924304549 0.50120567097383384 1.8870110049320237 1.3134529575852691 0.30614278518680832 1.6653951004431609 -0.043744711754004323 0.17495576771000834 -1.1980302506934859
leaf_weight=6893 762 2234 1586 1486 127 4441 250 365 438 4975 572 167 1053 2283
leaf_count=6893 762 2234 1586 1486 127 4441 250 365 438 4975 572 167 1053 2283
internal_value=0.000219404 0.721211 0.267012 0.132096 0.780312 1.42306 -0.254691 0.980449 0.205876 0.146057 1.09921 0.941534 -0.167605 -1.44954
internal_weight=27632 18456 11209 8881 2328 7247 377 1951 8119 7514 2806 605 2539 9176
internal_count=27632 18456 11209 8881 2328 7247 377 1951 8119 7514 2806 605 2539 9176
is_linear=0
shrinkage=0.05


Tree=17
num_leaves=15
num_cat=0
split_feature=5 14 5 13 14 9 1 5 3 1 13 7 14 1
split_gain=1.04321e+07 2.12714e+06 352843 216078 179593 108036 102023 96344.9 91229.5 122895 71555.4 69748.3 140744 124206
threshold=48.000000000000007 139.50000000000003 110.50000000000001 133.50000000000003 83.500000000000014 91.500000000000014 1.5000000000000002 167.50000000000003 3.5000000000000004 5.5000000000000009 166.50000000000003 21.500000000000004 60.500000000000007 9.5000000000000018
decision_type=2 2 2 2 2 2 2 2 2 2 2 2 2 2
left_child=11 2 4 6 5 -2 -4 10 9 -7 -3 -1 -13 -14
right_child=1 7 3 -5 -6 8 -8 -9 -10 -11 -12 12 13 -15
leaf_value=-1.5361569116858673 0.56013737289249554 1.1631923844344425 -0.46804958150752135 1.1657264125063733 0.20843479235918616 -0.54732534059760529 0.46678857326958267 1.7210405640558535 -0.97769739535961886 0.79531622771091659 1.6400706381158081 -1.3775865151629372 -0.20796930909049982 -1.3484886802961924
leaf_weight=4032 251 3009 305 1157 3652 681 5285 2074 692 222 1128 4173 553 418
leaf_count=4032 251 3009 305 1157 3652 681 5285 2074 692 222 1128 4173 553 418
internal_value=0.000241477 0.685237 0.302698 0.544845 0.00531669 -0.395996 0.41541 1.43856 -0.54774 -0.214679 1.29504 -1.37714 -1.25112 -0.703338
internal_weight=27632 18456 12245 6747 5498 1846 5590 6211 1595 903 4137 9176 5144 971
internal_count=27632 18456 12245 6747 5498 1846 5590 6211 1595 903 4137 9176 5144 971
is_linear=0
shrinkage=0.05


Tree=18
num_leaves=15
num_cat=0
split_feature=5 14 13 14 1 3 3 13 10 14 1 13 13 13
split_gain=9.41684e+06 1.92653e+06 262921 157036 154728 134510 134015 162148 126622 108184 104785 85496 76098 75785.1
threshold=48.000000000000007 126.50000000000001 112.50000000000001 155.50000000000003 1.0000000180025095e-35 5.5000000000000009 4.5000000000000009 159.50000000000003 107.50000000000001 99.500000000000014 7.5000000000000009 62.500000000000007 94.500000000000014 162.50000000000003
decision_type=2 2 2 2 2 2 2 2 2 2 2 2 2 2
left_child=-1 2 4 13 -2 9 7 -4 10 12 -8 -7 -6 -3
right_child=1 3 6 -5 5 11 8 -9 -10 -11 -12 -13 -14 -15
leaf_value=-1.3084003100535857 -0.58768466981334277 0.85450419484267059 0.60887321578229558 1.4720802306378151 -0.31517343607512682 1.2284588813958335 0.16098069646235169 1.7406070121558939 0.61083650652467136 0.27707407262797284 -1.9277182357255804 -0.17573613616935657 0.20687489328544989 1.5053747160595874
leaf_weight=9176 762 2234 2298 4441 1926 438 111 365 272 3682 124 142 1089 572
leaf_count=9176 762 2234 2298 4441 1926 438 111 365 272 3682 124 142 1089 572
internal_value=0.000240774 0.651052 0.24009 1.28609 0.0878808 0.158977 0.625342 0.766964 -0.11875 0.0953884 -0.958341 0.88611 -0.126582 0.989625
internal_weight=27632 18456 11209 7247 8039 7277 3170 2663 507 6697 235 580 3015 2806
internal_count=27632 18456 11209 7247 8039 7277 3170 2663 507 6697 235 580 3015 2806
is_linear=0
shrinkage=0.05


Tree=19
num_leaves=15
num_cat=0
split_feature=5 14 5 13 14 14 7 1 14 14 3 1 9 3
split_gain=8.49972e+06 1.73901e+06 238246 197186 141703 139921 95546.6 78469.7 73214.5 85787.9 68801 90142.4 68596.8 69500
threshold=48.000000000000007 126.50000000000001 110.50000000000001 149.50000000000003 152.50000000000003 83.500000000000014 72.500000000000014 1.5000000000000002 27.500000000000004 95.500000000000014 3.5000000000000004 5.5000000000000009 104.50000000000001 1.0000000180025095e-35
decision_type=2 2 2 2 2 2 2 2 2 2 2 2 2 2
left_child=12 2 5 7 -3 6 -2 -4 -9 -10 11 -8 13 -1
right_child=1 4 3 -5 -6 -7 10 8 9 -11 -12 -13 -14 -15
leaf_value=-0.71315936708954741 0.63990335345127014 0.90098193812874205 -0.41831295178782563 1.350050666974266 1.376791368291356 0.17239655742899918 -0.44845375075207028 0.81443943566381094 -0.22885572841702406 0.40935267678213227 -0.86129955724940721 0.78348369347485347 0.20295674941119027 -1.2919504313056798
leaf_weight=574 206 2370 305 546 4877 3532 751 885 617 3478 709 180 80 8522
leaf_count=574 206 2370 305 546 4877 3532 751 885 617 3478 709 180 80 8522
internal_value=0.00026809 0.618576 0.228127 0.449362 1.22191 -0.0119391 -0.364146 0.355123 0.402864 0.313031 -0.491826 -0.207357 -1.24302 -1.25584
internal_weight=27632 18456 11209 5831 7247 5378 1846 5285 4980 4095 1640 931 9176 9096
internal_count=27632 18456 11209 5831 7247 5378 1846 5285 4980 4095 1640 931 9176 9096
is_linear=0
shrinkage=0.05


Tree=20
num_leaves=15
num_cat=0
split_feature=5 14 5 14 14 14 7 5 14 1 13 14 13 4
split_gain=7.67196e+06 1.57573e+06 270468 161394 125416 137306 90319.8 86059.9 64816.7 250143 178055 59487.4 58645.2 55959.5
threshold=48.000000000000007 140.50000000000003 124.50000000000001 88.500000000000014 61.500000000000007 114.50000000000001 90.500000000000014 167.50000000000003 126.50000000000001 9.5000000000000018 108.50000000000001 27.500000000000004 169.50000000000003 1.5000000000000002
decision_type=2 2 2 2 2 2 2 2 2 2 2 2 2 2
left_child=8 2 3 6 13 -6 11 12 -1 10 -10 -2 -3 -4
right_child=1 7 4 -5 5 -7 -8 -9 9 -11 -12 -13 -14 -15
leaf_value=-1.2235288839028604 0.88759927003279382 1.003288661308664 0.48527706764710299 0.24956975138305784 0.05020239514071239 0.74167136216258756 -0.34779199310072251 1.5109486475384057 1.6360761702445246 -1.2952722872558393 -1.1184827819623446 -0.38156712953503252 1.4718977241569693 1.2972610125824831
leaf_weight=8333 268 3178 306 5751 1305 1593 2226 2052 150 603 90 136 885 756
leaf_count=8333 268 3178 306 5751 1305 1593 2226 2052 150 603 90 136 885 756
internal_value=0.000278998 0.587708 0.262288 0.101254 0.602545 0.430918 -0.222926 1.24371 -1.18091 -0.754941 0.601371 0.460914 1.10704 1.06667
internal_weight=27632 18456 12341 8381 3960 2898 2630 6115 9176 843 240 404 4063 1062
internal_count=27632 18456 12341 8381 3960 2898 2630 6115 9176 843 240 404 4063 1062
is_linear=0
shrinkage=0.05


Tree=21
num_leaves=15
num_cat=0
split_feature=5 14 5 13 14 9 3 1 5 1 7 14 13 1
split_gain=6.92517e+06 1.42241e+06 252419 160370 124831 92016.9 84658.3 90932.9 77681.5 70120.8 63418.2 121088 113750 147774
threshold=48.000000000000007 140.50000000000003 110.50000000000001 135.50000000000003 78.500000000000014 91.500000000000014 3.5000000000000004 5.5000000000000009 167.50000000000003 1.5000000000000002 21.500000000000004 60.500000000000007 71.500000000000014 10.500000000000002
decision_type=2 2 2 2 2 2 2 2 2 2 2 2 2 2
left_child=10 2 4 9 5 -2 7 -7 -3 -4 -1 -12 13 -13
right_child=1 8 3 -5 -6 6 -8 -9 -10 -11 11 12 -14 -15
leaf_value=-1.2725967677507126 0.54082255903203802 1.051844324356892 -0.38665421095105912 1.008430721916004 0.15632342361514884 -0.48246966428101346 -0.95012044928723904 0.69997113813055023 1.4355848614660698 0.38777838208441301 -1.1198306450408975 0.58463031143701383 -1.0381676727852214 -1.3175713038944699
leaf_weight=4032 240 4063 305 1086 3814 628 617 214 2052 5437 4173 352 481 138
leaf_count=4032 240 4063 305 1086 3814 628 617 214 2052 5437 4173 352 481 138
internal_value=0.000309991 0.558417 0.249234 0.452309 -0.00246174 -0.358323 -0.507571 -0.179586 1.18168 0.346342 -1.12192 -1.0027 -0.496157 0.0410108
internal_weight=27632 18456 12341 6828 5513 1699 1459 842 6115 5742 9176 5144 971 490
internal_count=27632 18456 12341 6828 5513 1699 1459 842 6115 5742 9176 5144 971 490
is_linear=0
shrinkage=0.05


Tree=22
num_leaves=15
num_cat=0
split_feature=5 14 13 3 14 10 3 14 13 13 13 13 1 9
split_gain=6.25122e+06 1.29047e+06 187519 161102 143386 119554 107994 143195 91721.3 84914 76569.1 71303.6 64587.8 62018.9
threshold=48.000000000000007 122.50000000000001 117.50000000000001 4.5000000000000009 155.50000000000003 97.500000000000014 5.5000000000000009 95.500000000000014 159.50000000000003 62.500000000000007 91.500000000000014 162.50000000000003 19.500000000000004 104.50000000000001
decision_type=2 2 2 2 2 2 2 2 2 2 2 2 2 2
left_child=13 2 6 8 11 -5 7 10 -4 12 -2 -3 -8 -1
right_child=1 4 3 5 -6 -7 9 -9 -10 -11 -12 -13 -14 -15
leaf_value=-1.0781433195239201 -0.39956645120697498 0.66127432468964065 0.60769107610761353 -1.5787203125826277 1.207287421193455 0.32511776112618729 1.5761753739042677 0.19788258594695879 1.5115958704961745 -0.18000664614811146 0.11592592043954462 1.2725214668231777 0.28986550738200817 0.30335838991052966
leaf_weight=9096 2209 2743 1381 126 4441 219 262 4731 353 184 1065 584 158 80
leaf_count=9096 2209 2743 1381 126 4441 219 262 4731 353 184 1065 584 158 80
internal_value=0.00028814 0.530543 0.173951 0.599532 1.02075 -0.382817 0.070889 0.022044 0.795521 0.712751 -0.231961 0.770317 1.10138 -1.06594
internal_weight=27632 18456 10688 2079 7768 345 8609 8005 1734 604 3274 3327 420 9176
internal_count=27632 18456 10688 2079 7768 345 8609 8005 1734 604 3274 3327 420 9176
is_linear=0
shrinkage=0.05


Tree=23
num_leaves=15
num_cat=0
split_feature=5 14 13 3 14 10 1 3 13 14 13 13 1 7
split_gain=5.64245e+06 1.16477e+06 169275 145707 129357 108300 97763.1 95939.4 82962.5 79867.1 64459.2 60203.8 58388 56936.9
threshold=48.000000000000007 122.50000000000001 117.50000000000001 4.5000000000000009 155.50000000000003 97.500000000000014 1.0000000180025095e-35 5.5000000000000009 159.50000000000003 101.50000000000001 162.50000000000003 62.500000000000007 19.500000000000004 21.500000000000004
decision_type=2 2 2 2 2 2 2 2 2 2 2 2 2 2
left_child=13 2 6 8 10 -5 -2 9 -4 -8 -3 12 -9 -1
right_child=1 4 3 5 -6 -7 7 11 -10 -11 -12 -13 -14 -15
leaf_value=-1.1552053885055942 -0.47146564885546516 0.6282707666011671 0.57741613446887374 -1.5027971203545578 1.1469909465120576 0.30922473977719034 -0.10344161147786982 1.4988424632433202 1.437071656481514 0.22826209405924161 1.2094355124973886 -0.085412767224283107 0.27581681131950914 -0.89992366875692764
leaf_weight=4032 762 2743 1381 126 4441 219 3461 262 353 3805 584 161 158 5144
leaf_count=4032 762 2743 1381 126 4441 219 3461 262 353 3805 584 161 158 5144
internal_value=0.000317433 0.504092 0.165312 0.569659 0.969814 -0.364572 0.067391 0.119985 0.75605 0.0702998 0.731946 0.735445 1.04741 -1.01266
internal_weight=27632 18456 10688 2079 7768 345 8609 7847 1734 7266 3327 581 420 9176
internal_count=27632 18456 10688 2079 7768 345 8609 7847 1734 7266 3327 581 420 9176
is_linear=0
shrinkage=0.05


Tree=24
num_leaves=15
num_cat=0
split_feature=5 14 13 3 1 14 13 3 13 5 12 14 1 5
split_gain=5.0932e+06 1.05184e+06 162290 125404 111438 101058 86238.3 73926.5 59418.8 58970.9 66621.6 57228.8 219255 53889.1
threshold=48.000000000000007 123.50000000000001 104.50000000000001 5.5000000000000009 16.500000000000004 89.500000000000014 154.50000000000003 4.5000000000000009 62.500000000000007 104.50000000000001 72.500000000000014 126.50000000000001 8.5000000000000018 151.50000000000003
decision_type=2 2 2 2 2 2 2 2 2 2 2 2 2 2
left_child=11 2 3 5 9 -2 -4 -8 -5 10 -3 -1 -13 -6
right_child=1 4 6 8 13 -7 7 -9 -10 -11 -12 12 -14 -15
leaf_value=-1.0020014187952373 -0.32767551211332957 1.2951004425161763 0.31132937790651605 0.99477671450112537 0.32292958222117213 0.098977265544391152 1.2966413860907229 -0.092424169927835476 -0.33914067865050629 1.0900044443915469 -0.11882499793989471 1.1165205637613933 -0.94489892003172082 0.8400799326187931
leaf_weight=8333 2256 128 3951 424 907 3590 418 123 101 5181 221 154 689 1156
leaf_count=8333 2256 128 3951 424 907 3590 418 123 101 5181 221 154 689 1156
internal_value=0.000329554 0.478957 0.163234 0.000903268 0.930245 -0.0658094 0.393211 0.982874 0.737378 1.04754 0.410717 -0.962087 -0.563954 0.614045
internal_weight=27632 18456 10863 6371 7593 5846 4492 541 525 5530 349 9176 843 2063
internal_count=27632 18456 10863 6371 7593 5846 4492 541 525 5530 349 9176 843 2063
is_linear=0
shrinkage=0.05


Tree=25
num_leaves=15
num_cat=0
split_feature=5 14 5 13 14 9 3 1 5 9 3 14 11 13
split_gain=4.59725e+06 953227 179802 113295 90706.8 79019.6 74551.7 72852 67535.1 55605.5 56936.9 138210 54832.8 52864.7
threshold=48.000000000000007 140.50000000000003 110.50000000000001 133.50000000000003 78.500000000000014 91.500000000000014 3.5000000000000004 5.5000000000000009 171.50000000000003 104.50000000000001 1.0000000180025095e-35 109.50000000000001 89.500000000000014 166.50000000000003
decision_type=2 2 2 2 2 2 2 2 2 2 2 2 2 2
left_child=9 2 4 -4 5 -2 7 -7 13 10 11 -1 -8 -3
right_child=1 8 3 -5 -6 6 12 -9 -10 -11 -12 -13 -14 -15
leaf_value=-0.75443545330959161 0.51926805273610721 0.75819493983723618 0.27932559818821351 0.81590515098811189 0.12491742211575874 -0.41569135487785841 -1.7018600075647532 0.64261274365325505 1.2582278207082258 0.37838352652157053 -0.95813115326414866 1.4191627119862757 -0.59354186579311163 1.1374343992312064
leaf_weight=493 240 3285 5638 1190 3814 628 146 214 1509 80 8522 81 471 1321
leaf_count=493 240 3285 5638 1190 3814 628 146 214 1509 80 8522 81 471 1321
internal_value=0.000354154 0.455082 0.201977 0.373371 -0.0104434 -0.313783 -0.452122 -0.144511 0.965303 -0.914005 -0.925574 -0.438102 -0.867374 0.868076
internal_weight=27632 18456 12341 6828 5513 1699 1459 842 6115 9176 9096 574 617 4606
internal_count=27632 18456 12341 6828 5513 1699 1459 842 6115 9176 9096 574 617 4606
is_linear=0
shrinkage=0.05


Tree=26
num_leaves=15
num_cat=0
split_feature=5 14 13 3 14 14 3 13 13 1 14 13 9 13
split_gain=4.14925e+06 865081 135397 113896 99992.4 84982.7 74951.8 115617 57679.5 52434.1 52334.6 88880.9 51737.4 50304.9
threshold=48.000000000000007 122.50000000000001 102.50000000000001 5.5000000000000009 155.50000000000003 95.500000000000014 4.5000000000000009 150.50000000000003 62.500000000000007 19.500000000000004 174.50000000000003 22.500000000000004 104.50000000000001 162.50000000000003
decision_type=2 2 2 2 2 2 2 2 2 2 2 2 2 2
left_child=10 2 3 5 13 -2 7 -4 9 -5 12 -12 -1 -3
right_child=1 4 6 8 -6 -7 -8 -9 -10 -11 11 -13 -14 -15
leaf_value=-0.8975262232267941 -0.2867130214860284 0.53316457741854861 0.32895846101911003 1.3624321289723287 0.98946352475810861 0.11118188750398295 -0.081182435518035528 1.1619622793166262 -0.42164223448430405 0.20578529563692452 1.0887925742774882 -0.98216177214924094 0.36057718164780561 1.0462919442859084
leaf_weight=8896 2697 2743 3470 262 4441 2662 876 470 93 158 88 112 80 584
leaf_count=8896 2697 2743 3470 262 4441 2662 876 470 93 158 88 112 80 584
internal_value=0.000362772 0.432366 0.140405 -0.0207904 0.833727 -0.0891455 0.336764 0.429674 0.687242 0.934853 -0.868303 -0.0666108 -0.886119 0.624671
internal_weight=27632 18456 10688 5872 7768 5359 4816 3940 513 420 9176 200 8976 3327
internal_count=27632 18456 10688 5872 7768 5359 4816 3940 513 420 9176 200 8976 3327
is_linear=0
shrinkage=0.05


Tree=27
num_leaves=15
num_cat=0
split_feature=5 14 13 3 13 13 14 14 14 7 4 3 14 1
split_gain=3.74517e+06 780799 122219 102947 90515.7 83944 76841.4 67806.9 52798.5 51123.3 104528 222916 89423.5 109842
threshold=48.000000000000007 122.50000000000001 102.50000000000001 5.5000000000000009 166.50000000000003 28.500000000000004 89.500000000000014 21.500000000000004 63.500000000000007 21.500000000000004 1.5000000000000002 4.5000000000000009 60.500000000000007 9.5000000000000018
decision_type=2 2 2 2 2 2 2 2 2 2 2 2 2 2
left_child=9 2 3 6 5 -3 -2 -4 -5 -1 11 -11 -12 -14
right_child=1 4 7 8 -6 -7 -8 -9 -10 10 12 -13 13 -15
leaf_value=-0.95942429992152756 -0.31341986271973016 0.95504674145900081 0.80900516782214749 0.99096717792953359 1.0900580692547315 0.55410666834105371 0.071791707457793202 0.24766869430169233 -0.098713545575737957 -0.80904311311951238 -0.93222797187169404 0.86582379356557115 0.12797200389551205 -1.0239400164464887
leaf_weight=4032 2175 2009 614 353 1930 3829 3184 4202 160 552 3445 304 492 351
leaf_count=4032 2175 2009 614 353 1930 3829 3184 4202 160 552 3445 304 492 351
internal_value=0.000385513 0.410815 0.133441 -0.0197096 0.792123 0.692779 -0.0846964 0.319999 0.653433 -0.824899 -0.718626 -0.212657 -0.819266 -0.354859
internal_weight=27632 18456 10688 5872 7768 5838 5359 4816 513 9176 5144 856 4288 843
internal_count=27632 18456 10688 5872 7768 5838 5359 4816 513 9176 5144 856 4288 843
is_linear=0
shrinkage=0.05


Tree=28
num_leaves=15
num_cat=0
split_feature=5 14 5 13 14 9 3 1 5 11 3 14 4 3
split_gain=3.38078e+06 709622 140972 94140.4 71745.6 72218.4 66827.6 60375.3 59015.9 49205 47555.8 121195 48427.8 164951
threshold=48.000000000000007 140.50000000000003 109.50000000000001 156.50000000000003 78.500000000000014 91.500000000000014 3.5000000000000004 5.5000000000000009 171.50000000000003 89.500000000000014 1.0000000180025095e-35 109.50000000000001 1.5000000000000002 4.5000000000000009
decision_type=2 2 2 2 2 2 2 2 2 2 2 2 2 2
left_child=10 2 4 -4 5 -2 7 -7 -3 -8 11 -1 13 -12
right_child=1 8 3 -5 -6 6 9 -9 -10 -11 12 -13 -14 -15
leaf_value=-0.63575098385293805 0.50689810741229091 0.73991188938369745 0.26203893173579224 0.94271430158700298 0.09911682624249879 -0.3925940776545026 -1.6245901468179085 0.59150632662964719 1.1038779598570956 -0.56679810290700861 -0.85013282059723483 1.3987745545631232 -0.87342549924547441 0.27817787183686365
leaf_weight=493 232 4606 6678 546 3488 601 146 205 1509 445 1320 81 6856 426
leaf_count=493 232 4606 6678 546 3488 601 146 205 1509 445 1320 81 6856 426
internal_value=0.000380492 0.390333 0.171952 0.314102 -0.0288399 -0.302285 -0.437994 -0.140192 0.830556 -0.839551 -0.783729 -0.339049 -0.813187 -0.574832
internal_weight=27632 18456 12341 7224 5117 1629 1397 806 6115 591 9176 574 8602 1746
internal_count=27632 18456 12341 7224 5117 1629 1397 806 6115 591 9176 574 8602 1746
is_linear=0
shrinkage=0.05


Tree=29
num_leaves=15
num_cat=0
split_feature=5 14 13 3 10 14 3 14 13 14 13 7 14 13
split_gain=3.0514e+06 642311 107971 109151 91076.3 79856.3 62969.7 82421.5 54037.3 53273.1 51071.3 46087.6 89025.5 98217.4
threshold=55.500000000000007 122.50000000000001 117.50000000000001 4.5000000000000009 97.500000000000014 155.50000000000003 5.5000000000000009 101.50000000000001 62.500000000000007 28.500000000000004 94.500000000000014 21.500000000000004 60.500000000000007 71.500000000000014
decision_type=2 2 2 2 2 2 2 2 2 2 2 2 2 2
left_child=11 2 6 9 -5 -3 7 10 -8 -4 -2 -1 -13 -14
right_child=1 5 3 4 -6 -7 8 -9 -10 -11 -12 12 13 -15
leaf_value=-0.87170904816592254 -0.27225386115808009 0.53015807181686758 0.94453287045437784 -1.4094631908049111 0.2526310646544776 0.85599212362467658 0.84129398741441619 0.17234791706159525 -0.18014691472841948 0.37597955512219633 0.097154761965147621 -0.74405797690281528 0.28609885649247602 -0.71090231336924714
leaf_weight=4032 2795 3327 688 126 219 4441 420 3800 184 1046 1402 4173 490 489
leaf_count=4032 2795 3327 688 126 219 4441 420 3800 184 1046 1402 4173 490 489
internal_value=0.000370323 0.371081 0.119358 0.442258 -0.365858 0.71687 0.041096 0.00377028 0.531202 0.603632 -0.148885 -0.744078 -0.643444 -0.212974
internal_weight=27632 18448 10680 2079 345 7768 8601 7997 604 1734 4197 9184 5152 979
internal_count=27632 18448 10680 2079 345 7768 8601 7997 604 1734 4197 9184 5152 979
is_linear=0
shrinkage=0.05


Tree=30
num_leaves=15
num_cat=0
split_feature=5 14 13 3 10 13 14 3 13 1 5 12 5 13
split_gain=2.75449e+06 581360 120448 65683.3 74755.8 69278.9 64396.5 79744.3 68538.4 55237 49032.1 70737.1 46894.2 45753.7
threshold=48.000000000000007 140.50000000000003 112.50000000000001 4.5000000000000009 96.500000000000014 162.50000000000003 106.50000000000001 5.5000000000000009 62.500000000000007 15.500000000000002 104.50000000000001 72.500000000000014 152.50000000000003 94.500000000000014
decision_type=2 2 2 2 2 2 2 2 2 2 2 2 2 2
left_child=-1 2 6 5 -5 -4 7 13 -9 10 11 -3 -11 -2
right_child=1 9 3 4 -6 -7 -8 8 -10 12 -12 -13 -14 -15
leaf_value=-0.70741107249400192 -0.21844985860529864 1.086978192261008 0.38706734825282552 -0.99974179987371325 0.2687032230719123 1.1125219476766304 0.23954880087924124 0.92598542460469957 -0.40831009167760834 0.062838136778132284 0.89310824785621346 -0.52331108099991275 0.65875587992250817 0.094918760221675169
leaf_weight=9176 3304 117 2949 164 367 368 2918 348 129 433 4015 150 1400 1794
leaf_count=9176 3304 117 2949 164 367 368 2918 348 129 433 4015 150 1400 1794
internal_value=0.000353328 0.352338 0.154677 0.386548 -0.128729 0.469105 0.049455 -0.0501671 0.564646 0.750795 0.849497 0.189331 0.518539 -0.10819
internal_weight=27632 18456 12341 3848 531 3317 8493 5575 477 6115 4282 267 1833 5098
internal_count=27632 18456 12341 3848 531 3317 8493 5575 477 6115 4282 267 1833 5098
is_linear=0
shrinkage=0.05


Tree=31
num_leaves=15
num_cat=0
split_feature=5 14 13 3 13 10 13 3 14 14 13 1 14 0
split_gain=2.48626e+06 527068 86466.5 93630.6 77074.3 75113.5 63236.5 52713.4 65824.2 46306.4 44308 43718 42892.3 82598
threshold=48.000000000000007 121.50000000000001 117.50000000000001 4.5000000000000009 168.50000000000003 107.50000000000001 28.500000000000004 5.5000000000000009 95.500000000000014 28.500000000000004 62.500000000000007 19.500000000000004 174.50000000000003 5.5000000000000009
decision_type=2 2 2 2 2 2 2 2 2 2 2 2 2 2
left_child=12 2 7 9 6 -5 -3 8 -2 -4 11 -9 -1 -14
right_child=1 4 3 5 -6 -7 -8 10 -10 -11 -12 -13 13 -15
leaf_value=-0.6881882883092334 -0.17321357626130521 0.78834616077863318 0.86262606812310438 -1.0860863077810832 0.94421791612153472 0.37922546933828433 0.44862600354334659 1.1530649719055226 0.11960686027294008 0.32816014085963829 -0.15843725083642221 0.083350841431848469 -0.9140052133136326 1.0701049823386997
leaf_weight=8976 3274 2057 688 170 1676 171 4199 262 4623 1002 184 150 103 97
leaf_count=8976 3274 2057 688 170 1676 171 4199 262 4623 1002 184 150 103 97
internal_value=0.000361652 0.334769 0.102702 0.395352 0.642412 -0.35642 0.560868 0.0325272 -0.00182571 0.547644 0.483932 0.769275 -0.67206 0.0509178
internal_weight=27632 18456 10524 2031 7932 341 6256 8493 7897 1690 596 412 9176 200
internal_count=27632 18456 10524 2031 7932 341 6256 8493 7897 1690 596 412 9176 200
is_linear=0
shrinkage=0.05


Tree=32
num_leaves=15
num_cat=0
split_feature=5 14 5 13 14 9 3 11 1 1 7 4 3 14
split_gain=2.24417e+06 478733 100090 68268.4 54034.8 69524 69025.5 51082.8 49508.5 45216.7 41705.4 89146.4 187923 79664
threshold=55.500000000000007 140.50000000000003 109.50000000000001 156.50000000000003 71.500000000000014 91.500000000000014 3.5000000000000004 176.50000000000003 2.5000000000000004 15.500000000000002 21.500000000000004 1.5000000000000002 4.5000000000000009 98.500000000000014
decision_type=2 2 2 2 2 2 2 2 2 2 2 2 2 2
left_child=10 2 4 -4 5 -2 8 9 -7 -3 -1 12 -12 -14
right_child=1 7 3 -5 -6 6 -8 -9 -10 -11 11 -13 13 -15
leaf_value=-0.75923824442445809 0.51133604619700834 0.71574587234170117 0.21422068819920803 0.79382585063711919 0.071214565203484223 -0.5532469247763776 -0.88371480823822024 1.0402567771903841 0.27767040395311654 0.39240354672801264 -0.62428859872492692 -0.63532210832777425 1.4246232422915373 -0.33216480092799411
leaf_weight=4032 224 3704 6678 546 3672 338 504 853 371 1558 552 4296 215 89
leaf_count=4032 224 3704 6678 546 3672 338 504 853 371 1558 552 4296 215 89
internal_value=0.00037213 0.318289 0.138824 0.258547 -0.0305472 -0.289927 -0.439385 0.679831 -0.119551 0.620472 -0.638056 -0.542574 -0.0761151 0.913248
internal_weight=27632 18448 12333 7224 5109 1437 1213 6115 709 5262 9184 5152 856 304
internal_count=27632 18448 12333 7224 5109 1437 1213 6115 709 5262 9184 5152 856 304
is_linear=0
shrinkage=0.05


Tree=33
num_leaves=15
num_cat=0
split_feature=5 14 13 13 13 3 7 3 13 1 10 13 3 14
split_gain=2.02576e+06 434409 77614.2 79953.8 65777.4 62623.5 52850.6 47596.7 67333.4 42736.6 95350.1 42075.9 41879.7 105859
threshold=48.000000000000007 121.50000000000001 102.50000000000001 55.000000000000007 169.50000000000003 5.5000000000000009 165.50000000000003 4.5000000000000009 145.50000000000003 7.5000000000000009 107.50000000000001 91.500000000000014 1.0000000180025095e-35 109.50000000000001
decision_type=2 2 2 2 2 2 2 2 2 2 2 2 2 2
left_child=12 2 3 5 6 -2 -3 8 -4 -9 -11 -5 13 -1
right_child=1 4 7 11 -6 -7 -8 9 -10 10 -12 -13 -14 -15
leaf_value=-0.46925036974221346 0.059786942088967149 0.41755788779016556 0.23419341239299782 -0.3942002037811263 0.87759398664125221 0.72213313159861159 0.73455628845140719 0.1680192307485317 0.84483222040696127 -1.5431854118255603 0.20936172950702409 -0.013710488482776352 -0.63419541955406256 1.4310582391051359
leaf_weight=493 2483 4539 3327 1543 1522 412 1871 562 519 133 175 1370 8602 81
leaf_count=493 2483 4539 3327 1543 1522 412 1871 562 519 133 175 1370 8602 81
internal_value=0.000368476 0.302222 0.0915398 -0.0308265 0.581517 0.155131 0.510586 0.242113 0.317586 -0.0914372 -0.559982 -0.215584 -0.606594 -0.191046
internal_weight=27632 18456 10524 5808 7932 2895 6410 4716 3846 870 308 2913 9176 574
internal_count=27632 18456 10524 5808 7932 2895 6410 4716 3846 870 308 2913 9176 574
is_linear=0
shrinkage=0.05


Tree=34
num_leaves=15
num_cat=0
split_feature=5 14 13 7 14 3 13 3 10 13 14 1 11 0
split_gain=1.82834e+06 394813 87294.7 46828.4 46592.7 58389.1 52894.9 45968.9 56431 50735.7 39920.3 176333 39119.4 38870.3
threshold=48.000000000000007 140.50000000000003 112.50000000000001 177.50000000000003 106.50000000000001 5.5000000000000009 62.500000000000007 4.5000000000000009 96.500000000000014 162.50000000000003 126.50000000000001 8.5000000000000018 175.50000000000003 7.5000000000000009
decision_type=2 2 2 2 2 2 2 2 2 2 2 2 2 2
left_child=10 2 4 12 5 -2 -7 9 -9 -4 -1 -12 -3 -13
right_child=1 3 7 -5 -6 6 -8 8 -10 -11 11 13 -14 -15
leaf_value=-0.60945727545146999 -0.09969568061450719 0.51111239931083163 0.3205378132163782 0.97849095818343435 0.19637844649403513 0.79357349532352972 -0.37817775363436162 -0.86618514687880976 0.23587152497662653 0.94125626585758404 1.257472786213617 -0.7501268351037349 0.93339458063739955 0.27162757215246691
leaf_weight=8333 5098 4708 2949 780 2918 348 129 164 367 368 154 581 627 108
leaf_count=8333 5098 4708 2949 780 2918 348 129 164 367 368 154 581 627 108
internal_value=0.000373973 0.287142 0.124254 0.615505 0.0346814 -0.0500522 0.476049 0.32165 -0.109405 0.390716 -0.576255 -0.246394 0.561569 -0.589165
internal_weight=27632 18456 12341 6115 8493 5575 477 3848 531 3317 9176 843 5335 689
internal_count=27632 18456 12341 6115 8493 5575 477 3848 531 3317 9176 843 5335 689
is_linear=0
shrinkage=0.05


Tree=35
num_leaves=15
num_cat=0
split_feature=5 14 5 13 14 9 3 1 5 11 7 4 3 1
split_gain=1.65025e+06 356455 83979.7 59588.6 42906.3 58359.3 60818.1 45485.2 42438.8 41866.1 37598 81318.8 169974 76171.3
threshold=48.000000000000007 142.50000000000003 110.50000000000001 135.50000000000003 71.500000000000014 91.500000000000014 3.5000000000000004 2.5000000000000004 171.50000000000003 89.500000000000014 21.500000000000004 1.5000000000000002 4.5000000000000009 13.500000000000002
decision_type=2 2 2 2 2 2 2 2 2 2 2 2 2 2
left_child=10 2 4 -4 5 -2 7 -7 -3 -8 -1 12 -12 -14
right_child=1 8 3 -5 -6 6 9 -9 -10 -11 11 -13 13 -15
leaf_value=-0.66228692316022697 0.4707522864866106 0.51445145487476651 0.16969994185985562 0.55355101060562484 0.061422737975320385 -0.50586014380864275 -1.5393088565341064 0.27418548853695396 0.82584523900498508 -0.51921583819554085 -0.53347547741295842 -0.54558815293355944 0.16093197973763074 1.7372709576288861
leaf_weight=4032 232 4418 5802 1222 4032 346 135 395 1481 393 552 4288 159 145
leaf_count=4032 232 4418 5802 1222 4032 346 135 395 1481 393 552 4288 159 145
internal_value=0.000389076 0.272833 0.122126 0.236827 -0.0235648 -0.251305 -0.384642 -0.0909956 0.593263 -0.792028 -0.547438 -0.45686 -0.011803 0.928749
internal_weight=27632 18456 12557 7024 5533 1501 1269 741 5899 528 9176 5144 856 304
internal_count=27632 18456 12557 7024 5533 1501 1269 741 5899 528 9176 5144 856 304
is_linear=0
shrinkage=0.05


Tree=36
num_leaves=15
num_cat=0
split_feature=5 14 13 13 13 13 3 1 3 1 14 4 3 14
split_gain=1.48939e+06 323600 62828.1 67752.9 54999.2 50097.3 49920.5 38264.8 37572.5 91313.9 37461.3 37059.3 118888 171115
threshold=55.500000000000007 121.50000000000001 102.50000000000001 55.000000000000007 169.50000000000003 28.500000000000004 5.5000000000000009 19.500000000000004 1.0000000180025095e-35 6.5000000000000009 21.500000000000004 1.5000000000000002 4.5000000000000009 98.500000000000014
decision_type=2 2 2 2 2 2 2 2 2 2 2 2 2 2
left_child=8 2 3 6 5 -3 -2 -8 9 -1 -4 12 -10 -14
right_child=1 4 10 -5 -6 -7 7 -9 11 -11 -12 -13 13 -15
leaf_value=-0.41505029850838837 0.053371671885367566 0.63906238299735107 0.57579290523518767 -0.20282090258150937 0.77098129065445065 0.338804833869708 1.0037345601071357 0.0055360390966938391 -0.57244368770887266 1.2256510993809377 0.15799438161399626 -0.59828279032025522 1.3534127128016842 -0.62968615928542959
leaf_weight=476 2483 2057 614 2911 1522 4353 262 150 1320 98 4096 6864 217 209
leaf_count=476 2483 2057 614 2911 1522 4353 262 150 1320 98 4096 6864 217 209
internal_value=0.000373802 0.259368 0.0774231 -0.0326591 0.500384 0.435582 0.138498 0.644737 -0.519728 -0.126765 0.213012 -0.545837 -0.33854 0.384466
internal_weight=27632 18448 10516 5806 7932 6410 2895 412 9184 574 4710 8610 1746 426
internal_count=27632 18448 10516 5806 7932 6410 2895 412 9184 574 4710 8610 1746 426
is_linear=0
shrinkage=0.05


Tree=37
num_leaves=15
num_cat=0
split_feature=5 14 14 13 3 10 13 14 1 1 0 1 14 4
split_gain=1.34438e+06 294761 65940.2 61413 49496.3 72899.3 36692.2 35724.3 165850 34817.1 34519.7 34384.2 53193.9 84506
threshold=48.000000000000007 114.50000000000001 159.50000000000003 139.50000000000003 4.5000000000000009 98.500000000000014 160.50000000000003 129.50000000000003 8.5000000000000018 1.5000000000000002 7.5000000000000009 1.5000000000000002 60.500000000000007 3.5000000000000004
decision_type=2 2 2 2 2 2 2 2 2 2 2 2 2 2
left_child=7 3 6 9 -5 -6 -3 11 -9 -2 -10 12 -1 -14
right_child=1 2 -4 4 5 -7 -8 8 10 -11 -12 -13 13 -15
leaf_value=-0.49640122422985 -0.21141297779208054 0.27315308789076809 0.60776392706129678 0.68060704560823337 -1.3289657218316022 0.73227866148126541 0.61508103162224692 1.3534156312681225 -0.65753557077712488 0.055509297716729834 0.30519223297591758 -0.55701422445291848 1.0463420975137745 -0.83354166194956791
leaf_weight=505 1472 4415 3781 607 80 82 956 141 571 7063 108 7599 164 88
leaf_count=505 1472 4415 3781 607 80 82 956 141 571 7063 108 7599 164 88
internal_value=0.000388636 0.246291 0.447682 0.0480568 0.474519 -0.294933 0.334529 -0.494069 -0.177764 0.00937737 -0.503295 -0.524984 -0.201906 0.38643
internal_weight=27632 18456 9152 9304 769 162 5371 9176 820 8535 679 8356 757 252
internal_count=27632 18456 9152 9304 769 162 5371 9176 820 8535 679 8356 757 252
is_linear=0
shrinkage=0.05


Tree=38
num_leaves=15
num_cat=0
split_feature=5 14 13 13 13 14 3 1 14 1 14 5 4 1
split_gain=1.21335e+06 266082 60088.4 56322.2 55535 35633 34550.4 32757.6 32632.4 95685.2 31424.6 29944.5 66348.1 176433
threshold=48.000000000000007 114.50000000000001 162.50000000000003 150.50000000000003 28.500000000000004 164.50000000000003 4.5000000000000009 1.5000000000000002 165.50000000000003 9.5000000000000018 71.500000000000014 21.500000000000004 1.5000000000000002 13.500000000000002
decision_type=2 2 2 2 2 2 2 2 2 2 2 2 2 2
left_child=8 3 4 7 5 -3 -5 10 11 -10 -2 -1 13 -13
right_child=1 2 -4 6 -6 -7 -8 -9 9 -11 -12 12 -14 -15
leaf_value=-0.5920329436327828 -0.41596273571677228 0.39422539929205547 0.63163500588518484 0.72437394490257656 0.23424781032287201 0.7995412462087893 -0.19570767594807184 0.057450013997817163 1.0372836092244024 -0.64370638268179003 0.046117906122249044 -0.35575198088420312 -0.49126167893630818 1.4208554954198056
leaf_weight=3900 785 1589 2550 452 4176 837 129 7251 133 214 687 722 4039 168
leaf_count=3900 785 1589 2550 452 4176 837 129 7251 133 214 687 722 4039 168
internal_value=0.000383537 0.233996 0.425339 0.045652 0.34524 0.535421 0.520161 0.0137672 -0.469361 0.00617455 -0.200878 -0.488043 -0.405246 -0.0143281
internal_weight=27632 18456 9152 9304 6602 2426 581 8723 9176 347 1472 8829 4929 890
internal_count=27632 18456 9152 9304 6602 2426 581 8723 9176 347 1472 8829 4929 890
is_linear=0
shrinkage=0.05


Tree=39
num_leaves=15
num_cat=0
split_feature=5 5 14 6 9 14 1 14 7 5 5 3 14 4
split_gain=1.09866e+06 164967 158479 81017 52007.4 66515.1 46862.2 46554.4 43277.1 36220.8 34953.9 32405.4 81361.8 30657.5
threshold=104.50000000000001 48.000000000000007 140.50000000000003 80.500000000000014 55.500000000000007 25.500000000000004 15.500000000000002 102.50000000000001 162.50000000000003 89.500000000000014 151.50000000000003 1.0000000180025095e-35 109.50000000000001 1.5000000000000002
decision_type=2 2 2 2 2 2 2 2 2 2 2 2 2 2
left_child=1 11 4 9 -2 8 -4 -7 -6 -3 -8 12 -1 -13
right_child=2 3 6 -5 5 7 10 -9 -10 -11 -12 13 -14 -15
leaf_value=-0.32592153328968343 -1.0447853807021272 0.24638362662410787 0.59865661700344208 -0.18192810570772638 0.30820901634109882 -0.076659101792327822 -0.11539616962732042 0.20067561182398652 0.91149028561746381 1.2916561791332821 0.4086082817651619 -0.28179237879685065 1.3396288575128068 -0.51787318977217967
leaf_weight=493 83 808 4015 3152 1021 2197 407 4841 420 88 1424 1746 81 6856
leaf_count=493 83 808 4015 3152 1021 2197 407 4841 420 88 1424 1746 81 6856
internal_value=0.000388343 -0.328639 0.302386 -0.0626482 0.165208 0.177661 0.502984 0.114109 0.486588 0.355643 0.292134 -0.445883 -0.0813486 -0.470146
internal_weight=27632 13224 14408 4048 8562 8479 5846 7038 1441 896 1831 9176 574 8602
internal_count=27632 13224 14408 4048 8562 8479 5846 7038 1441 896 1831 9176 574 8602
is_linear=0
shrinkage=0.05


Tree=40
num_leaves=15
num_cat=0
split_feature=5 5 14 6 13 1 13 13 5 5 1 7 14 7
split_gain=991514 148946 143053 73244.3 49373 42292.3 41217.3 43501.3 32914.3 31563.9 31233.6 31006.1 65440.7 138412
threshold=104.50000000000001 48.000000000000007 140.50000000000003 80.500000000000014 111.50000000000001 15.500000000000002 55.000000000000007 96.500000000000014 89.500000000000014 151.50000000000003 19.500000000000004 21.500000000000004 144.50000000000003 24.500000000000004
decision_type=2 2 2 2 2 2 2 2 2 2 2 2 2 2
left_child=1 11 4 8 6 -4 -2 -8 -3 -7 -6 -1 -13 -14
right_child=2 3 5 -5 10 9 7 -9 -10 -11 -12 12 13 -15
leaf_value=-0.52769407913889788 0.21656496960328969 0.23414020831358756 0.56876101484230313 -0.17284610508986842 0.4122483247736054 -0.10969638076873081 -0.31481708356261723 0.085844839699415532 1.2305455722115053 0.38824935395614701 0.09031398191835889 -0.38960936750019376 1.2120842338219668 -0.76351018946594995
leaf_weight=4032 2307 808 4015 3152 2260 407 1091 1770 88 1424 1134 4796 190 158
leaf_count=4032 2307 808 4015 3152 2260 407 1091 1770 88 1424 1134 4796 190 158
internal_value=0.000393904 -0.312177 0.287288 -0.0594321 0.156956 0.477873 0.0595464 -0.0672243 0.338287 0.277567 0.304975 -0.423583 -0.341544 0.317009
internal_weight=27632 13224 14408 4048 8562 5846 5168 2861 896 1831 3394 9176 5144 348
internal_count=27632 13224 14408 4048 8562 5846 5168 2861 896 1831 3394 9176 5144 348
is_linear=0
shrinkage=0.05


Tree=41
num_leaves=15
num_cat=0
split_feature=5 14 13 6 14 1 10 1 1 7 1 5 9 14
split_gain=894866 136068 129807 92706.3 66546.2 38855.2 38364.8 120900 146043 125748 94941.9 52870.3 30613.9 37064.8
threshold=104.50000000000001 60.500000000000007 159.50000000000003 21.500000000000004 164.50000000000003 1.5000000000000002 24.500000000000004 10.500000000000002 7.5000000000000009 25.500000000000004 2.5000000000000004 48.000000000000007 55.500000000000007 27.500000000000004
decision_type=2 2 2 2 2 2 2 2 2 2 2 2 2 2
left_child=1 -1 4 -3 5 -2 7 8 10 -10 -5 -8 -7 -14
right_child=2 3 -4 6 -6 12 11 -9 9 -11 -12 -13 13 -15
leaf_value=-0.4250796447239682 -0.28914286842868653 -0.52457711324682388 0.55284338890759754 0.80527183901690036 0.52113404153864085 -0.77593224357156199 -0.96317901371410075 -0.46441085075223171 3.0193443036996404 0.51164566844982928 -0.72289660993942439 -0.028008577061720552 0.44510259225478505 0.14069292923178006
leaf_weight=8050 481 1011 3214 234 1349 80 154 339 99 101 172 3064 1137 8147
leaf_count=8050 481 1011 3214 234 1349 80 154 339 99 101 172 3064 1137 8147
internal_value=0.000393752 -0.296553 0.272946 -0.0963657 0.192372 0.147082 0.00813157 0.287364 0.708271 1.79632 0.156952 -0.0741867 0.169632 0.178193
internal_weight=27632 13224 14408 5174 11194 9845 4163 945 606 200 406 3218 9364 9284
internal_count=27632 13224 14408 5174 11194 9845 4163 945 606 200 406 3218 9364 9284
is_linear=0
shrinkage=0.05


Tree=42
num_leaves=15
num_cat=0
split_feature=5 14 5 13 13 7 4 3 1 14 1 10 1 4
split_gain=809547 180128 47000.1 41208 31811.1 29447.6 57379.9 132232 65473.3 47296.9 63816.6 106210 188998 107274
threshold=60.500000000000007 114.50000000000001 166.50000000000003 167.50000000000003 172.50000000000003 21.500000000000004 1.5000000000000002 4.5000000000000009 11.500000000000002 60.500000000000007 10.500000000000002 23.500000000000004 7.5000000000000009 3.5000000000000004
decision_type=2 2 2 2 2 2 2 2 2 2 2 2 2 2
left_child=5 3 4 -2 -3 -1 7 -7 -9 -8 11 12 13 -11
right_child=1 2 -4 -5 -6 6 9 8 -10 10 -12 -13 -14 -15
leaf_value=-0.47894549502102723 0.017753350867213791 0.24195540195712228 0.53240743963865522 0.62150101467890495 0.601928043576344 -0.38507083643702678 -0.4576391525187446 0.026500821659583174 1.5086218127787439 0.94258946630689844 -0.63942186522699918 -0.58638786270590082 2.5803361581103639 -0.83694304705131806
leaf_weight=4032 8816 5877 2576 287 684 552 3493 126 178 175 326 259 96 155
leaf_count=4032 8816 5877 2576 287 684 552 3493 126 178 175 326 259 96 155
internal_value=0.00039037 0.194581 0.351351 0.0371191 0.279913 -0.376646 -0.299318 0.075569 0.904691 -0.370572 -0.0689822 0.205163 0.687631 0.106732
internal_weight=27632 18240 9137 9103 6561 9392 5360 856 304 4504 1011 685 426 330
internal_count=27632 18240 9137 9103 6561 9392 5360 856 304 4504 1011 685 426 330
is_linear=0
shrinkage=0.05


Tree=43
num_leaves=15
num_cat=0
split_feature=5 14 14 6 9 14 7 14 1 10 1 1 7 1
split_gain=737914 110379 108326 75657.7 44909.1 53762.5 37756.8 35850.8 34997.8 32645.4 102279 122728 107789 82658.4
threshold=104.50000000000001 61.500000000000007 140.50000000000003 21.500000000000004 55.500000000000007 25.500000000000004 162.50000000000003 102.50000000000001 15.500000000000002 24.500000000000004 10.500000000000002 7.5000000000000009 25.500000000000004 2.5000000000000004
decision_type=2 2 2 2 2 2 2 2 2 2 2 2 2 2
left_child=1 -1 4 -3 -2 6 -6 -7 -4 10 11 13 -13 -5
right_child=2 3 8 9 5 7 -8 -9 -10 -11 -12 12 -14 -15
leaf_value=-0.38447525356905438 -0.98975196595896375 -0.47515793091799385 0.49640546690274157 0.7644000939734571 0.25740562053569765 -0.078439912576732537 0.82050117910609532 0.16491944321858265 0.23164461850724336 -0.069312049720518312 -0.42432405033776927 2.7831473971788703 0.46221688845247599 -0.67193940607673042
leaf_weight=8079 83 1009 4015 226 1021 2197 420 4841 1831 3199 339 99 101 172
leaf_count=8079 83 1009 4015 226 1021 2197 420 4841 1831 3199 339 99 101 172
internal_value=0.000404223 -0.269247 0.247904 -0.0881103 0.134491 0.146073 0.423797 0.08895 0.41375 0.00677184 0.265518 0.656858 1.65094 0.143035
internal_weight=27632 13224 14408 5145 8562 8479 1441 7038 5846 4136 937 598 200 398
internal_count=27632 13224 14408 5145 8562 8479 1441 7038 5846 4136 937 598 200 398
is_linear=0
shrinkage=0.05


Tree=44
num_leaves=15
num_cat=0
split_feature=5 5 13 6 13 13 14 4 5 14 9 3 1 1
split_gain=665908 100818 100431 64478.7 59631 74388.2 46869.8 26813 26781.1 26776.7 28311.7 25850.5 65585.4 27076.1
threshold=104.50000000000001 48.000000000000007 159.50000000000003 80.500000000000014 28.500000000000004 96.500000000000014 137.50000000000003 3.5000000000000004 89.500000000000014 39.500000000000007 121.50000000000001 1.0000000180025095e-35 6.5000000000000009 1.5000000000000002
decision_type=2 2 2 2 2 2 2 2 2 2 2 2 2 2
left_child=1 11 4 8 6 -6 9 -8 -3 10 -2 12 13 -1
right_child=2 3 -4 -5 5 -7 7 -9 -10 -11 -12 -13 -14 -15
leaf_value=0.19252039065727822 0.013617108344427637 0.23123967869795498 0.48171764170531378 -0.15422923402101646 -0.2907260636644895 0.14928564187366752 0.71860359444252364 0.29625568814103842 1.1304505057072127 0.1010261526325575 0.91078103917028652 -0.36906968066495888 1.1229234958591972 -0.57087414772649814
leaf_weight=190 143 808 3214 3152 1129 6282 878 674 88 1864 224 8602 98 286
leaf_count=190 143 808 3214 3152 1129 6282 878 674 88 1864 224 8602 98 286
internal_value=0.00041013 -0.255747 0.235524 -0.0478095 0.164654 0.0821029 0.326052 0.536727 0.325338 0.178623 0.566087 -0.347403 -0.0223174 -0.267324
internal_weight=27632 13224 14408 4048 11194 7411 3783 1552 896 2231 367 9176 574 476
internal_count=27632 13224 14408 4048 11194 7411 3783 1552 896 2231 367 9176 574 476
is_linear=0
shrinkage=0.05


Tree=45
num_leaves=15
num_cat=0
split_feature=5 14 10 14 13 13 5 4 1 1 1 1 9 13
split_gain=601164 134148 39874.4 35480.5 31211.5 25976.8 25422 55185.1 138235 93125.9 35917 35346.3 80639.2 30342.4
threshold=61.500000000000007 114.50000000000001 172.50000000000003 21.500000000000004 172.50000000000003 128.50000000000003 21.500000000000004 1.5000000000000002 13.500000000000002 19.500000000000004 2.5000000000000004 7.5000000000000009 21.500000000000004 26.500000000000004
decision_type=2 2 2 2 2 2 2 2 2 2 2 2 2 2
left_child=6 3 4 5 -3 -2 -1 8 11 -10 13 -8 -13 -9
right_child=1 2 -4 -5 -6 -7 7 10 9 -11 -12 12 -14 -15
leaf_value=-0.41775149632786379 0.099685814062868527 0.21970398794063675 0.53867412907645484 -0.0036993969831189849 0.53404767674593889 0.60565382271865498 -0.42856425016593563 0.42984510403345616 2.5276068347623983 0.20779866659513085 -0.39078013158176184 -0.59555777542052735 1.2208854789576256 -0.22597999853843992
leaf_weight=4064 631 6721 1507 8017 894 422 506 250 82 88 3648 119 116 567
leaf_count=4064 631 6721 1507 8017 894 422 506 250 82 88 3648 119 116 567
internal_value=0.000425479 0.168415 0.303749 0.0322135 0.256934 0.304361 -0.323228 -0.251452 0.102739 1.36701 -0.323752 -0.194529 0.307825 -0.0239052
internal_weight=27632 18192 9122 9070 7615 1053 9440 5376 911 170 4465 741 235 817
internal_count=27632 18192 9122 9070 7615 1053 9440 5376 911 170 4465 741 235 817
is_linear=0
shrinkage=0.05


Tree=46
num_leaves=15
num_cat=0
split_feature=5 14 13 6 13 13 5 10 1 1 7 1 5 5
split_gain=548684 85983.2 83867.2 59814.9 52891.6 65001.6 42499.2 31700.7 87747.6 106236 102669 71340.1 43803.6 24983.8
threshold=104.50000000000001 61.500000000000007 159.50000000000003 21.500000000000004 28.500000000000004 96.500000000000014 171.50000000000003 24.500000000000004 10.500000000000002 7.5000000000000009 25.500000000000004 2.5000000000000004 48.000000000000007 102.50000000000001
decision_type=2 2 2 2 2 2 2 2 2 2 2 2 2 2
left_child=1 13 4 -3 6 -6 -2 8 9 11 -11 -5 -9 -1
right_child=2 3 -4 7 5 -7 -8 12 -10 10 -12 -13 -14 -15
leaf_value=-0.32246737220835325 0.21778471756541187 -0.41635918969938746 0.43883809528419759 0.72829263929551813 -0.27714652384457228 0.1341631059151179 0.63995659156221174 -0.87189183729999487 -0.37203485993451851 2.6589217711526616 0.39748452333909162 -0.60618677314391922 -0.020556807720392454 -1.0352386775470916
leaf_weight=7958 3043 1009 3214 226 1129 6282 740 154 339 99 101 172 3045 121
leaf_count=7958 3043 1009 3214 226 1129 6282 740 154 339 99 101 172 3045 121
internal_value=0.000443294 -0.232077 0.213862 -0.0722127 0.1491 0.0713591 0.301102 0.0121451 0.267114 0.629522 1.55444 0.151217 -0.0628368 -0.333776
internal_weight=27632 13224 14408 5145 11194 7411 3783 4136 937 598 200 398 3199 8079
internal_count=27632 13224 14408 5145 11194 7411 3783 4136 937 598 200 398 3199 8079
is_linear=0
shrinkage=0.05


Tree=47
num_leaves=15
num_cat=0
split_feature=5 14 13 6 13 13 5 10 1 1 7 1 14 10
split_gain=495228 77671.5 75700.1 54040.8 47761.6 58879.1 38393.3 28758.8 80225.4 114767 106001 64551.7 40099.8 24246.6
threshold=104.50000000000001 61.500000000000007 159.50000000000003 21.500000000000004 28.500000000000004 98.500000000000014 171.50000000000003 24.500000000000004 9.5000000000000018 7.5000000000000009 25.500000000000004 2.5000000000000004 172.50000000000003 169.50000000000003
decision_type=2 2 2 2 2 2 2 2 2 2 2 2 2 2
left_child=1 -1 4 -3 6 -6 13 8 9 11 -11 -5 -9 -2
right_child=2 3 -4 7 5 -7 -8 12 -10 10 -12 -13 -14 -15
leaf_value=-0.3171294771407891 0.14919059312653565 -0.39564388314265708 0.41693026958335494 0.69266620542837953 -0.24311895262710809 0.13155853975938162 0.60817351521261598 -0.027482054190042585 -0.32455666147820328 2.8564873436222911 0.40913061696164155 -0.57673362429532637 -1.0303540074709552 0.55379334629683241
leaf_weight=8079 2615 1009 3214 226 1259 6152 740 3101 363 87 89 172 98 428
leaf_count=8079 2615 1009 3214 226 1259 6152 740 3101 363 87 89 172 98 428
internal_value=0.000432834 -0.22047 0.203189 -0.0685294 0.141661 0.0677864 0.286104 0.0116534 0.254504 0.620344 1.66439 0.143732 -0.0597646 0.206913
internal_weight=27632 13224 14408 5145 11194 7411 3783 4136 937 574 176 398 3199 3043
internal_count=27632 13224 14408 5145 11194 7411 3783 4136 937 574 176 398 3199 3043
is_linear=0
shrinkage=0.05


Tree=48
num_leaves=15
num_cat=0
split_feature=5 14 11 14 8 9 8 1 14 10 13 4 9 5
split_gain=448418 90024.5 45222.8 41009.5 40760.4 32380 31071.3 29192.8 60296.7 165950 75787.7 30556.7 129066 142945
threshold=84.500000000000014 114.50000000000001 117.50000000000001 21.500000000000004 115.50000000000001 48.000000000000007 167.50000000000003 9.5000000000000018 129.50000000000003 24.500000000000004 22.500000000000004 1.5000000000000002 21.500000000000004 21.500000000000004
decision_type=2 2 2 2 2 2 2 2 2 2 2 2 2 2
left_child=2 3 4 -2 7 -5 -3 8 -1 10 -10 12 -9 -14
right_child=1 6 -4 5 -6 -7 -8 11 9 -11 -12 -13 13 -15
leaf_value=-0.21653736434154333 0.34486444331947852 0.22973522996294604 0.2939530802395654 -0.9351402820877569 -1.3169800675404009 0.0090313978077599145 0.4918283581915085 -0.43177867974629258 2.5269926186168896 -1.1480169508959119 0.43795097139146599 -0.39700999413244387 -0.37576115803840837 2.0514959756718123
leaf_weight=4546 956 7619 360 87 88 6992 1330 672 80 90 94 4482 112 124
leaf_count=4546 956 7619 360 87 88 6992 1330 672 80 90 94 4482 112 124
internal_value=0.000437449 0.159907 -0.253879 0.0383799 -0.273183 -0.0032242 0.26894 -0.263537 -0.173701 0.554238 1.44219 -0.34347 -0.0784614 0.91568
internal_weight=27632 16984 10648 8035 10288 7079 8949 10200 4810 264 174 5390 908 236
internal_count=27632 16984 10648 8035 10288 7079 8949 10200 4810 264 174 5390 908 236
is_linear=0
shrinkage=0.05


Tree=49
num_leaves=15
num_cat=0
split_feature=5 13 14 6 14 12 3 10 9 12 13 4 5 1
split_gain=407190 65667.1 64664 46590.6 41129.8 31010 27851.3 25663.8 73108.2 56895.8 49868.6 41945.7 36939.3 25170.9
threshold=104.50000000000001 166.50000000000003 61.500000000000007 21.500000000000004 164.50000000000003 24.500000000000004 5.5000000000000009 24.500000000000004 24.500000000000004 22.500000000000004 63.500000000000007 3.5000000000000004 48.000000000000007 19.500000000000004
decision_type=2 2 2 2 2 2 2 2 2 2 2 2 2 2
left_child=2 4 -1 -4 5 -2 -7 8 9 10 11 -5 -9 -8
right_child=1 -3 3 7 -6 6 13 12 -10 -11 -12 -13 -14 -15
leaf_value=-0.28807260505011778 -0.77511587147414684 0.4395928915619573 -0.36497431138798569 1.1243746329062057 0.35992539014108582 0.088046505893307439 0.62318566349671878 -0.79722499247616951 1.6149963131005114 0.67693852617607253 -0.60774111025716993 -0.16524069568690133 -0.01544395927866524 -0.028268458630164823
leaf_weight=8079 95 2140 1009 96 1802 9690 465 154 83 281 312 165 3045 216
leaf_count=8079 95 2140 1009 96 1802 9690 465 154 83 281 312 165 3045 216
internal_value=0.000429732 0.184282 -0.199878 -0.0612438 0.139586 0.101495 0.109894 0.0132041 0.242613 0.100607 -0.185438 0.321319 -0.0542643 0.417857
internal_weight=27632 14408 13224 5145 12268 10466 10371 4136 937 854 573 261 3199 681
internal_count=27632 14408 13224 5145 12268 10466 10371 4136 937 854 573 261 3199 681
is_linear=0
shrinkage=0.05


Tree=50
num_leaves=15
num_cat=0
split_feature=5 14 6 9 13 7 3 14 6 10 14 5 14 9
split_gain=368910 83964.9 33356.2 38741.8 31313.1 34528.7 33870.5 33281.8 29894.8 33433.9 25728.3 22531.8 38000.6 20028
threshold=61.500000000000007 114.50000000000001 80.500000000000014 48.000000000000007 104.50000000000001 162.50000000000003 5.5000000000000009 68.500000000000014 173.50000000000003 186.50000000000003 81.500000000000014 94.500000000000014 42.500000000000007 21.500000000000004
decision_type=2 2 2 2 2 2 2 2 2 2 2 2 2 2
left_child=13 2 10 -4 6 11 -5 -8 9 -3 -2 12 -6 -1
right_child=1 8 3 4 5 -7 7 -9 -10 -11 -12 -13 -14 -15
leaf_value=-0.33856802172846562 1.1388562649783522 0.18471492080021812 -1.0080669715921295 -0.10100235356491077 -1.2141436712125715 0.54765710310514915 0.63009739242734453 -0.40043778579752404 0.44966158844467885 0.9182274932006621 0.23742733931694718 0.10983492556614483 0.12468053226484294 -0.19067810312513597
leaf_weight=3976 96 7547 89 4797 84 431 305 101 1421 154 386 2652 129 5464
leaf_count=3976 96 7547 89 4797 84 431 305 101 1421 154 386 2652 129 5464
internal_value=0.000425296 0.132022 0.0242677 0.0014396 0.0125975 0.133068 -0.0637729 0.37198 0.239091 0.19997 0.426814 0.0698536 -0.419044 -0.253114
internal_weight=27632 18192 9070 8588 8499 3296 5203 406 9122 7701 482 2865 213 9440
internal_count=27632 18192 9070 8588 8499 3296 5203 406 9122 7701 482 2865 213 9440
is_linear=0
shrinkage=0.05


Tree=51
num_leaves=15
num_cat=0
split_feature=5 13 14 6 11 6 12 7 1 1 1 5 5 1
split_gain=334211 56989 54560.4 39257.5 36701.8 27179.2 32342.6 25608.9 56747.5 157429 41990.9 32083.5 24779.5 23460.2
threshold=104.50000000000001 166.50000000000003 61.500000000000007 21.500000000000004 169.50000000000003 189.50000000000003 23.500000000000004 24.500000000000004 10.500000000000002 7.5000000000000009 2.5000000000000004 48.000000000000007 102.50000000000001 1.5000000000000002
decision_type=2 2 2 2 2 2 2 2 2 2 2 2 2 2
left_child=2 4 12 -4 5 6 -2 8 9 10 -5 -9 -1 -8
right_child=1 -3 3 7 -6 -7 13 11 -10 -11 -12 -13 -14 -15
leaf_value=-0.25086914120553339 -0.81537285528331993 0.40481617530638525 -0.33252299196386242 0.64503090588942824 0.33511319416194485 0.7427258997965771 -0.25119711479265722 -0.56302618927621317 -0.22803960121594946 2.5924598245059745 -0.52176858984438101 0.0036468096642096577 -0.95953161193737913 0.10519834522498502
leaf_weight=7958 95 2140 1009 179 1778 152 480 266 294 80 128 3189 121 9763
leaf_count=7958 95 2140 1009 179 1778 152 480 266 294 80 128 3189 121 9763
internal_value=0.000413876 0.166978 -0.181058 -0.0537174 0.125342 0.0896444 0.0796877 0.0146181 0.293682 0.687882 0.157982 -0.0407318 -0.26207 0.0883828
internal_weight=27632 14408 13224 5145 12268 10490 10338 4136 681 387 307 3455 8079 10243
internal_count=27632 14408 13224 5145 12268 10490 10338 4136 681 387 307 3455 8079 10243
is_linear=0
shrinkage=0.05


Tree=52
num_leaves=15
num_cat=0
split_feature=5 14 7 14 9 1 7 14 10 0 14 1 1 14
split_gain=302995 71235.4 27762 37549.8 32763.1 27897.2 27598.8 63232.3 26654.1 21546.5 51097.6 93958.3 23194.5 33098.7
threshold=55.500000000000007 114.50000000000001 90.500000000000014 27.500000000000004 48.000000000000007 7.5000000000000009 162.50000000000003 63.500000000000007 173.50000000000003 4.5000000000000009 165.50000000000003 9.5000000000000018 1.5000000000000002 61.500000000000007
decision_type=2 2 2 2 2 2 2 2 2 2 2 2 2 2
left_child=9 2 3 5 -4 -2 -6 -8 -3 -1 12 -12 13 -11
right_child=1 8 4 -5 6 -7 7 -9 -10 10 11 -13 -14 -15
leaf_value=-0.31079503261436192 0.33940134011627027 0.17945508968272728 -0.94488334237261018 0.086192246494309038 -0.039722901434245769 1.3330148406718907 0.66729882926531392 -0.17042561890536528 0.41532171802884543 -0.16531975755504535 1.8121761594499863 -0.35531639620266131 -0.2281576893619188 0.79240904791014533
leaf_weight=4592 199 7733 89 1111 6896 109 452 441 1418 250 86 108 4013 135
leaf_count=4592 199 7733 89 1111 6896 109 452 441 1418 250 86 108 4013 135
internal_value=0.000401383 0.117218 0.0197152 0.222888 -0.0169987 0.706714 -0.00579702 0.254951 0.216211 -0.234185 -0.15732 0.626921 -0.192586 0.176361
internal_weight=27632 18448 9297 1419 7878 308 7789 893 9151 9184 4592 194 4398 385
internal_count=27632 18448 9297 1419 7878 308 7789 893 9151 9184 4592 194 4398 385
is_linear=0
shrinkage=0.05


Tree=53
num_leaves=15
num_cat=0
split_feature=5 14 11 9 13 14 10 5 5 3 1 1 11 7
split_gain=275816 49420.5 44877.2 43498.8 35089.4 33084.2 40632.8 40990.8 43716.3 42269.5 27462.2 45186.9 164830 61408.4
threshold=104.50000000000001 159.50000000000003 117.50000000000001 55.500000000000007 169.50000000000003 57.500000000000007 109.50000000000001 102.50000000000001 57.500000000000007 4.5000000000000009 9.5000000000000018 7.5000000000000009 72.500000000000014 24.500000000000004
decision_type=2 2 2 2 2 2 2 2 2 2 2 2 2 2
left_child=2 3 5 -2 -5 6 7 8 -1 -10 11 -7 13 -13
right_child=1 -3 -4 4 -6 10 -8 -9 9 -11 -12 12 -14 -15
leaf_value=-0.25186842547493987 -0.91967468559741983 0.31218891335498433 0.24263563456172632 0.084829230697400851 0.4610281846287369 -0.08262446302817722 -1.0586028088864528 -1.223797097773228 0.41737174490965057 -0.67973907136042189 -0.29570488808503065 1.7303809494585605 -1.2451998443664176 0.41095097243356016
leaf_weight=7070 99 3596 640 10057 656 3112 147 98 451 104 1122 143 108 229
leaf_count=7070 99 3596 640 10057 656 3112 147 98 451 104 1122 143 108 229
internal_value=0.000412166 0.151727 -0.164445 0.0982384 0.10807 -0.185237 -0.247962 -0.231857 -0.218314 0.207553 -0.0803663 -0.0127854 0.436188 0.934374
internal_weight=27632 14408 13224 10812 10713 12584 7870 7723 7625 555 4714 3592 480 372
internal_count=27632 14408 13224 10812 10713 12584 7870 7723 7625 555 4714 3592 480 372
is_linear=0
shrinkage=0.05


Tree=54
num_leaves=15
num_cat=0
split_feature=5 13 11 7 11 8 6 9 8 5 4 1 1 4
split_gain=250255 54031 36106 36332.4 32615.5 37934.2 25976.5 34288.3 20460.2 20315.3 35100.3 158033 29451.1 19808.9
threshold=84.500000000000014 166.50000000000003 169.50000000000003 60.500000000000007 117.50000000000001 115.50000000000001 189.50000000000003 55.500000000000007 108.50000000000001 21.500000000000004 1.5000000000000002 12.500000000000002 2.5000000000000004 2.5000000000000004
decision_type=2 2 2 2 2 2 2 2 2 2 2 2 2 2
left_child=4 2 3 -2 5 9 7 -5 -9 -1 11 -11 13 -12
right_child=1 -3 -4 6 -6 -7 -8 8 -10 10 12 -13 -14 -15
leaf_value=-0.28345755369870074 0.88420997164176629 0.34828090529316613 0.29569757486168224 -0.95575428972410603 0.2754671438507838 -1.2122879223958138 0.68646224022481095 -0.025234123742838691 0.10291508139075448 -0.13930753308693941 0.3186914334098766 1.6303381055196127 -0.26268358454541296 -0.1058116399998478
leaf_weight=4064 126 2236 1778 81 360 88 152 5596 7015 790 366 145 3780 1055
leaf_count=4064 126 2236 1778 81 360 88 152 5596 7015 790 366 145 3780 1055
internal_value=0.000372581 0.119505 0.0847128 0.055687 -0.189615 -0.206015 0.0472182 0.0392953 0.0460627 -0.196744 -0.139127 0.142342 -0.189816 0.0042596
internal_weight=27632 16984 14748 12970 10648 10288 12844 12692 12611 10200 6136 935 5201 1421
internal_count=27632 16984 14748 12970 10648 10288 12844 12692 12611 10200 6136 935 5201 1421
is_linear=0
shrinkage=0.05


Tree=55
num_leaves=15
num_cat=0
split_feature=5 13 13 13 14 5 6 5 10 9 12 13 14 4
split_gain=226701 43690.5 37099 43528.1 34371.1 35177.9 30740.3 25665.7 24396 59819.6 43986.9 41187.1 35680.5 34204.9
threshold=103.50000000000001 159.50000000000003 28.500000000000004 98.500000000000014 62.500000000000007 102.50000000000001 21.500000000000004 171.50000000000003 24.500000000000004 24.500000000000004 22.500000000000004 63.500000000000007 172.50000000000003 3.5000000000000004
decision_type=2 2 2 2 2 2 2 2 2 2 2 2 2 2
left_child=4 2 7 -4 5 -1 -6 -2 9 10 11 13 -10 -8
right_child=1 -3 3 -5 6 -7 8 -9 12 -11 -12 -13 -14 -15
leaf_value=-0.2048388651153073 0.15175477245015723 0.29682112879427192 -0.23146209184516256 0.08030561848228901 -0.29196422043525189 -1.228754566978006 1.0465370103864389 0.47906133793944483 -0.020908093290571365 1.4968158090530439 0.62194025911153838 -0.52267918112902245 -0.99161547385916426 -0.12127521135622549
leaf_weight=7995 3107 3226 1356 6307 1007 80 96 740 2791 81 278 312 93 163
leaf_count=7995 3107 3226 1356 6307 1007 80 96 740 2791 81 278 312 93 163
internal_value=0.00036804 0.134323 0.0886696 0.0250221 -0.152693 -0.215737 -0.0469816 0.215255 0.0179981 0.23997 0.111997 -0.13952 -0.0538724 0.323205
internal_weight=27632 14736 11510 7663 12896 8075 4821 3847 3814 930 849 571 2884 259
internal_count=27632 14736 11510 7663 12896 8075 4821 3847 3814 930 849 571 2884 259
is_linear=0
shrinkage=0.05


Tree=56
num_leaves=15
num_cat=0
split_feature=5 13 11 7 11 8 6 9 9 4 1 1 13 10
split_gain=205857 45186.9 30727.2 32175.1 28912.1 34776.2 22303.4 31459.6 18277.6 35489.5 199212 21226.7 24073 43246.5
threshold=84.500000000000014 166.50000000000003 169.50000000000003 60.500000000000007 117.50000000000001 115.50000000000001 189.50000000000003 55.500000000000007 21.500000000000004 1.5000000000000002 13.500000000000002 9.5000000000000018 52.000000000000007 23.500000000000004
decision_type=2 2 2 2 2 2 2 2 2 2 2 2 2 2
left_child=4 2 3 -2 5 8 7 -5 -1 10 -10 12 13 -11
right_child=1 -3 -4 6 -6 -7 -8 -9 9 11 -12 -13 -14 -15
leaf_value=-0.26213127480514908 0.82948770598145849 0.31761934846358697 0.27122139760141067 -0.91861281589020138 0.26588667104097263 -1.1507787830566849 0.63416641274834895 0.040985132071433991 -0.10399885250876346 0.5522546896979984 2.1682817766425808 -0.27941934321434558 -0.17298431332025421 -0.1843469211486439
leaf_weight=3984 126 2236 1778 81 360 88 152 12611 835 362 104 2533 1950 432
leaf_count=3984 126 2236 1778 81 360 88 152 12611 835 362 104 2533 1950 432
internal_value=0.000354703 0.108404 0.0765866 0.0498108 -0.171958 -0.1874 0.0418423 0.0345017 -0.178529 -0.124779 0.157822 -0.175167 -0.0785982 0.152838
internal_weight=27632 16984 14748 12970 10648 10288 12844 12692 10200 6216 939 5277 2744 794
internal_count=27632 16984 14748 12970 10648 10288 12844 12692 10200 6216 939 5277 2744 794
is_linear=0
shrinkage=0.05


Tree=57
num_leaves=15
num_cat=0
split_feature=5 14 9 11 13 11 7 4 7 1 3 5 8 10
split_gain=186930 37288.7 35638.1 30123.9 29601.4 23538.4 24166.1 29167.8 75848.5 192148 41370.1 38285.1 26877.4 34845.4
threshold=103.50000000000001 159.50000000000003 48.000000000000007 117.50000000000001 145.50000000000003 114.50000000000001 21.500000000000004 1.5000000000000002 23.500000000000004 7.5000000000000009 3.5000000000000004 102.50000000000001 27.500000000000004 98.500000000000014
decision_type=2 2 2 2 2 2 2 2 2 2 2 2 2 2
left_child=3 2 -2 5 -4 6 -1 8 9 -8 -9 -12 -10 -14
right_child=1 -3 4 -5 -6 -7 7 10 12 -11 11 -13 13 -15
leaf_value=-0.2485309723163924 -0.84483549652191314 0.26142559995306425 0.045044142152079039 0.21865887193882891 0.25229816764048185 -0.88712631219297389 -0.22036325028640458 0.039263234173846778 -0.42111858954400194 2.1344420864157483 -0.19201461763672303 -0.9867224863949855 1.0083543682611118 -0.1530361903189712
leaf_weight=4032 99 3614 8890 560 2133 104 211 2305 400 141 4695 152 88 208
leaf_count=4032 99 3614 8890 560 2133 104 211 2305 400 141 4695 152 88 208
internal_value=0.000355128 0.121994 0.0765901 -0.138633 0.0852449 -0.154934 -0.148349 -0.0989676 0.146873 0.73958 -0.135069 -0.217927 -0.156024 0.203257
internal_weight=27632 14736 11122 12896 11023 12336 12232 8200 1048 352 7152 4847 696 296
internal_count=27632 14736 11122 12896 11023 12336 12232 8200 1048 352 7152 4847 696 296
is_linear=0
shrinkage=0.05


Tree=58
num_leaves=15
num_cat=0
split_feature=5 7 12 6 13 14 5 6 3 13 4 13 8 0
split_gain=169127 41451.5 42679.9 44393.4 30587.5 25302.1 49794.5 30453.4 29371.8 34683.4 42459.6 31374.5 19562.7 21133.9
threshold=61.500000000000007 162.50000000000003 159.50000000000003 78.000000000000014 181.50000000000003 71.500000000000014 162.50000000000003 139.50000000000003 3.5000000000000004 110.50000000000001 1.5000000000000002 84.500000000000014 147.50000000000003 4.5000000000000009
decision_type=2 2 2 2 2 2 2 2 2 2 2 2 2 2
left_child=-1 2 3 -2 5 6 7 8 11 -10 -11 -5 13 -3
right_child=1 12 -4 4 -6 -7 -8 -9 9 10 -12 -13 -14 -15
leaf_value=-0.17133125046023567 0.404774854429858 0.26964676498926571 0.28497011249264631 -0.26549337393877959 0.5650614818582288 0.020445239716400995 -1.2562644975781441 0.35386031801998619 -0.23224697294167018 -0.1230226843847948 -1.6422971839303369 0.26498233889689821 0.2947454975115199 -0.21123019859329256
leaf_weight=9440 696 452 1696 604 226 9374 95 295 599 80 106 509 3008 452
leaf_count=9440 696 452 1696 604 226 9374 95 295 599 80 106 509 3008 452
internal_value=0.000337423 0.0894405 0.0498974 0.018115 -0.00468316 -0.0159618 -0.164842 -0.114811 -0.188394 -0.421556 -1.00917 -0.0227948 0.233537 0.0293689
internal_weight=27632 18192 14280 12584 11888 11662 2288 2193 1898 785 186 1113 3912 904
internal_count=27632 18192 14280 12584 11888 11662 2288 2193 1898 785 186 1113 3912 904
is_linear=0
shrinkage=0.05


Tree=59
num_leaves=15
num_cat=0
split_feature=5 13 7 7 12 11 10 14 8 5 14 14 13 9
split_gain=154053 35724.6 28364.2 29175.4 33765 22235.4 32570.2 30940.6 24599.5 21065.9 18748.2 29979.4 18093.5 17720.5
threshold=84.500000000000014 169.50000000000003 60.500000000000007 162.50000000000003 159.50000000000003 117.50000000000001 109.50000000000001 26.500000000000004 25.500000000000004 79.500000000000014 63.500000000000007 118.50000000000001 56.500000000000007 176.50000000000003
decision_type=2 2 2 2 2 2 2 2 2 2 2 2 2 2
left_child=5 2 -2 4 -4 6 8 -8 -1 -9 -5 -12 -7 -6
right_child=1 -3 3 10 13 12 7 9 -10 -11 11 -13 -14 -15
leaf_value=-0.18235407184650865 0.79340627448643741 0.30674803293217767 -0.0042182528115717191 0.5242612352724686 0.2020906059336367 0.86933403022284095 -1.3382339527897607 -0.81362418273026693 0.025405337068299505 0.19822228286415339 -0.1928562763499693 0.23017352891720139 0.039043613767225142 0.85925495550036435
leaf_weight=8264 129 1760 10511 382 1329 81 106 93 1720 105 510 2256 279 107
leaf_count=8264 129 1760 10511 382 1329 81 106 93 1720 105 510 2256 279 107
internal_value=0.000307496 0.0937774 0.0690638 0.062613 0.0268964 -0.148755 -0.162298 -0.668203 -0.146567 -0.285373 0.197904 0.151967 0.235209 0.253869
internal_weight=27632 16984 15224 15095 11947 10648 10288 304 9984 198 3148 2766 360 1436
internal_count=27632 16984 15224 15095 11947 10648 10288 304 9984 198 3148 2766 360 1436
is_linear=0
shrinkage=0.05


Tree=60
num_leaves=15
num_cat=0
split_feature=5 14 9 11 14 1 14 4 3 1 11 4 11 1
split_gain=140113 28094.2 32540.3 26068.3 22499.1 33482.2 26988.5 20390.5 19429.4 53744.1 21182.2 21709.9 113637 211966
threshold=104.50000000000001 159.50000000000003 55.500000000000007 118.50000000000001 28.500000000000004 2.5000000000000004 93.500000000000014 3.5000000000000004 1.0000000180025095e-35 7.5000000000000009 21.500000000000004 1.5000000000000002 23.500000000000004 7.5000000000000009
decision_type=2 2 2 2 2 2 2 2 2 2 2 2 2 2
left_child=3 2 -2 8 5 -4 -6 -3 9 -1 -10 12 13 -12
right_child=1 7 4 -5 6 -7 -8 -9 10 -11 11 -13 -14 -15
leaf_value=-0.0812415931853505 -0.81249831255811922 0.32053591026790917 -0.6573671878043873 0.21288944793569275 -0.18151972370949299 0.30773436141125871 0.078531806532726511 0.073896556815700606 -0.25015481501010439 0.91698890533876709 -0.20783040362735128 -0.13699568085325173 -0.25949275992676946 2.2253970879797014
leaf_weight=826 99 2260 91 568 1135 1489 7998 1336 3636 156 210 6959 719 150
leaf_count=826 99 2260 91 568 1135 1489 7998 1336 3636 156 210 6959 719 150
internal_value=0.00030584 0.108153 0.0678289 -0.117194 0.0763394 0.250251 0.0461324 0.229133 -0.132087 0.0811788 -0.150053 -0.104645 0.103672 0.822611
internal_weight=27632 14408 10812 13224 10713 1580 9133 3596 12656 982 11674 8038 1079 360
internal_count=27632 14408 10812 13224 10713 1580 9133 3596 12656 982 11674 8038 1079 360
is_linear=0
shrinkage=0.05


Tree=61
num_leaves=15
num_cat=0
split_feature=5 14 9 11 13 4 3 1 3 1 11 4 11 1
split_gain=126380 25373.7 29503 23641.7 20787.8 18405.8 17937.3 19438.9 17658 48674.5 18775.9 19772.3 103193 191934
threshold=104.50000000000001 159.50000000000003 55.500000000000007 117.50000000000001 169.50000000000003 3.5000000000000004 5.5000000000000009 19.500000000000004 1.0000000180025095e-35 7.5000000000000009 21.500000000000004 1.5000000000000002 23.500000000000004 7.5000000000000009
decision_type=2 2 2 2 2 2 2 2 2 2 2 2 2 2
left_child=3 2 -2 8 6 -3 -4 -8 9 -1 -10 12 13 -12
right_child=1 5 4 -5 -6 -7 7 -9 10 -11 11 -13 -14 -15
leaf_value=-0.078171285271221941 -0.77382651699277072 0.30454449338470457 0.036878743809219038 0.18415079056191469 0.34416387067169363 0.070215504906035398 0.49427342746256786 -0.081711407576380013 -0.23766425028709356 0.87256336576704463 -0.19768054662748824 -0.13149936906464565 -0.25024552192336064 2.117716600510382
leaf_weight=818 99 2260 9399 640 656 1336 442 216 3636 156 210 6903 711 150
leaf_count=818 99 2260 9399 640 656 1336 442 216 3636 156 210 6903 711 150
internal_value=0.00030456 0.102731 0.0644083 -0.111289 0.0725119 0.217704 0.0546303 0.306006 -0.126381 0.0777811 -0.143535 -0.100492 0.0990418 0.782862
internal_weight=27632 14408 10812 13224 10713 3596 10057 658 12584 974 11610 7974 1071 360
internal_count=27632 14408 10812 13224 10713 3596 10057 658 12584 974 11610 7974 1071 360
is_linear=0
shrinkage=0.05


Tree=62
num_leaves=15
num_cat=0
split_feature=5 13 7 9 3 1 5 3 8 5 1 0 14 1
split_gain=114652 27705.5 23124.4 23474.1 25337.1 57777.8 59513.1 23880.7 21222 27603.9 17106.8 16798.8 39380.3 72937.4
threshold=84.500000000000014 169.50000000000003 60.500000000000007 110.50000000000001 3.5000000000000004 7.5000000000000009 103.50000000000001 5.5000000000000009 107.50000000000001 61.500000000000007 19.500000000000004 4.5000000000000009 165.50000000000003 9.5000000000000018
decision_type=2 2 2 2 2 2 2 2 2 2 2 2 2 2
left_child=8 2 -2 4 -4 -6 -7 -5 9 11 -9 -1 -13 -14
right_child=1 -3 3 7 5 6 -8 10 -10 -11 -12 12 13 -15
leaf_value=-0.2074459426366384 0.71320063447885551 0.26849901429074091 0.053093583218791908 0.071072010962476992 -0.037566083942267819 -1.5114014011422794 -0.23367931200612968 0.47502615760090655 -0.52635883658436622 0.15019821027514901 -0.041959810904162821 -0.10412134073763679 1.6584062387655072 -0.25313425780133864
leaf_weight=4720 129 1760 2627 9896 1339 145 238 638 320 888 212 4526 86 108
leaf_count=4720 129 1760 2627 9896 1339 145 238 638 320 888 212 4526 86 108
internal_value=0.000313517 0.0809494 0.0591863 0.0533629 -0.044612 -0.193389 -0.730655 0.0930165 -0.128282 -0.115699 0.346592 -0.140778 -0.0739604 0.614627
internal_weight=27632 16984 15224 15095 4349 1722 383 10746 10648 10328 850 9440 4720 194
internal_count=27632 16984 15224 15095 4349 1722 383 10746 10648 10328 850 9440 4720 194
is_linear=0
shrinkage=0.05


Tree=63
num_leaves=15
num_cat=0
split_feature=5 7 12 7 7 13 0 14 1 1 14 8 0 14
split_gain=103668 28539 31551.7 31250.1 23053.4 21584.3 16825.2 35660.8 66197.1 18403 26108.8 16578.6 17324.7 16297.2
threshold=48.000000000000007 162.50000000000003 159.50000000000003 50.000000000000007 161.50000000000003 181.50000000000003 4.5000000000000009 165.50000000000003 9.5000000000000018 1.5000000000000002 61.500000000000007 147.50000000000003 4.5000000000000009 73.500000000000014
decision_type=2 2 2 2 2 2 2 2 2 2 2 2 2 2
left_child=6 2 3 -2 5 -5 -1 9 -9 10 -8 12 -3 -4
right_child=1 11 13 4 -6 -7 7 8 -10 -11 -12 -13 -14 -15
leaf_value=-0.20467365861862818 0.71061111321186377 0.21826938954885047 0.77128927536331526 -0.0018349621377828373 -0.72317961074343518 0.48597575029059925 -0.075247190910227163 1.5800419723594583 -0.24103757570934509 -0.130494611910078 0.77626575069768089 0.24472886351840695 -0.21710170540465473 0.1928817599062741
leaf_weight=4588 152 452 128 12366 104 226 250 86 108 4009 135 3008 452 1568
leaf_count=4588 152 452 128 12366 104 226 250 86 108 4009 135 3008 452 1568
internal_value=0.000302127 0.0685871 0.0363107 0.00951525 0.000845091 0.00710964 -0.137004 -0.0691856 0.585661 -0.0987307 0.229459 0.188384 0.000587054 0.238674
internal_weight=27632 18456 14544 12848 12696 12592 9176 4588 194 4394 385 3912 904 1696
internal_count=27632 18456 14544 12848 12696 12592 9176 4588 194 4394 385 3912 904 1696
is_linear=0
shrinkage=0.05


Tree=64
num_leaves=15
num_cat=0
split_feature=5 6 9 8 5 1 1 1 2 4 1 9 11 3
split_gain=94559.5 24120 38599.2 25019 23764.3 23596.2 30840.2 25934.9 25422.4 21214.9 69977.4 94305.9 100284 32093.9
threshold=111.50000000000001 100.50000000000001 59.500000000000007 166.50000000000003 21.500000000000004 11.500000000000002 12.500000000000002 5.5000000000000009 1.5000000000000002 1.5000000000000002 7.5000000000000009 21.500000000000004 23.500000000000004 3.5000000000000004
decision_type=2 2 2 2 2 2 2 2 2 2 2 2 2 2
left_child=4 -2 -3 5 -1 7 8 -4 -7 10 -6 -12 -13 -11
right_child=1 2 3 -5 9 6 -8 -9 -10 13 11 12 -14 -15
leaf_value=-0.18526570811554377 0.38137672042270543 -0.92785721326707515 -0.023986575676999966 0.26719589657131909 -0.11132705228113229 -0.0027788450160334188 0.041094650150486127 0.2744283799943536 -0.67618398898952881 0.034036551404832686 -0.3754360026017779 2.0117308918122325 0.32037237003305052 -0.14848832845221066
leaf_weight=4064 736 88 1104 1776 1042 274 5739 2129 282 4156 168 150 207 5717
leaf_count=4064 736 88 1104 1776 1042 274 5739 2129 282 4156 168 150 207 5717
internal_value=0.000317655 0.104873 0.0868493 0.0951554 -0.081478 0.0629641 0.00654088 0.172646 -0.347309 -0.0445432 0.126099 0.593937 1.049 -0.0716769
internal_weight=27632 12128 11392 11304 15504 9528 6295 3233 556 11440 1567 525 357 9873
internal_count=27632 12128 11392 11304 15504 9528 6295 3233 556 11440 1567 525 357 9873
is_linear=0
shrinkage=0.05


Tree=65
num_leaves=15
num_cat=0
split_feature=5 6 9 8 1 1 2 1 5 4 1 9 11 3
split_gain=85302.7 21791.9 35014.7 22786.3 22528.6 26422.3 24627.2 24152.7 21463.1 19206.9 63333.7 85382 90830.3 28967.6
threshold=111.50000000000001 100.50000000000001 59.500000000000007 168.50000000000003 11.500000000000002 12.500000000000002 1.5000000000000002 5.5000000000000009 21.500000000000004 1.5000000000000002 7.5000000000000009 21.500000000000004 23.500000000000004 3.5000000000000004
decision_type=2 2 2 2 2 2 2 2 2 2 2 2 2 2
left_child=8 -2 -3 4 7 6 -6 -4 -1 10 -10 -12 -13 -11
right_child=1 2 3 -5 5 -7 -8 -9 9 13 11 12 -14 -15
leaf_value=-0.17601380703056863 0.36243655340929548 -0.88395860169523521 -0.022792654221321519 0.27354230879217684 0.017318600929501066 0.040620766827164451 -0.62474180428993586 0.26298138446524955 -0.10578728365821277 0.032336768493845494 -0.35720672864531511 1.9143890874616565 0.30473155647094519 -0.1410704000503685
leaf_weight=4064 736 88 1104 1472 294 5907 298 2229 1042 4156 168 150 207 5717
leaf_count=4064 736 88 1104 1472 294 5907 298 2229 1042 4156 168 150 207 5717
internal_value=0.000309722 0.0996154 0.0824839 0.090395 0.0628499 0.00861492 -0.308406 0.168431 -0.0773792 -0.0422782 0.120087 0.565163 0.998159 -0.0680959
internal_weight=27632 12128 11392 11304 9832 6499 592 3333 15504 11440 1567 525 357 9873
internal_count=27632 12128 11392 11304 9832 6499 592 3333 15504 11440 1567 525 357 9873
is_linear=0
shrinkage=0.05


Tree=66
num_leaves=15
num_cat=0
split_feature=5 5 7 12 7 11 3 13 14 7 0 14 1 1
split_gain=77295.7 24032.9 23263.8 17578 23417.3 17130 16046.7 15734.5 15525.4 15242.5 15114.2 31520.1 58847.4 16673.1
threshold=48.000000000000007 173.50000000000003 50.000000000000007 159.50000000000003 133.50000000000003 162.50000000000003 4.5000000000000009 181.50000000000003 146.50000000000003 172.50000000000003 4.5000000000000009 165.50000000000003 9.5000000000000018 1.5000000000000002
decision_type=2 2 2 2 2 2 2 2 2 2 2 2 2 2
left_child=10 2 -2 7 5 -5 -6 -4 -7 -3 -1 13 -13 -12
right_child=1 9 3 4 6 8 -8 -9 -10 -11 11 12 -14 -15
leaf_value=-0.18239021110762055 0.64560864972081156 0.069446560662157583 0.0051754044725205711 0.10782698615093118 0.086245574227196337 1.0295998997864177 -0.45078206956149292 0.38445535783912976 0.38225908859702551 0.35354784857990834 0.23054191872668572 1.4991057238735996 -0.21820050210452979 -0.11203224980300196
leaf_weight=4588 152 856 13750 440 1216 117 152 274 443 1056 385 86 108 4009
leaf_count=4588 152 856 13750 440 1216 117 152 274 443 1056 385 86 108 4009
internal_value=0.000302348 0.0592654 0.0398327 0.0340203 0.159873 0.343131 0.0251515 0.0127201 0.525422 0.226869 -0.11826 -0.0540005 0.561618 -0.0817882
internal_weight=27632 18456 16544 16392 2368 1000 1368 14024 560 1912 9176 4588 194 4394
internal_count=27632 18456 16544 16392 2368 1000 1368 14024 560 1912 9176 4588 194 4394
is_linear=0
shrinkage=0.05


Tree=67
num_leaves=15
num_cat=0
split_feature=5 1 1 2 1 11 14 3 7 1 1 11 7 11
split_gain=70698.6 20174.2 39023.5 33041.1 29066.4 26228.3 19865.8 18897.5 18562.5 17434.5 21978.6 101762 68988.9 16303.6
threshold=110.50000000000001 11.500000000000002 12.500000000000002 1.5000000000000002 5.5000000000000009 169.50000000000003 62.500000000000007 5.5000000000000009 181.50000000000003 9.5000000000000018 7.5000000000000009 78.500000000000014 24.500000000000004 76.500000000000014
decision_type=2 2 2 2 2 2 2 2 2 2 2 2 2 2
left_child=6 4 3 -3 -2 8 -1 -6 13 10 -8 12 -12 -4
right_child=1 2 5 -5 7 -7 9 -9 -10 -11 11 -13 -14 -15
leaf_value=-0.1235087330101379 -0.022424049836062776 0.033526422428743291 -0.59042368314545091 -0.6237027293685582 0.22776485811610653 0.26435466672891 0.0006249568608331647 0.71342949945001166 0.5175661797462473 -0.1464873121804498 1.5372716906908397 -1.0430362163094786 0.23586146381510573 0.026822349713125582
leaf_weight=8422 1265 379 104 380 2706 1500 4420 213 185 1695 143 106 334 5780
leaf_count=8422 1265 379 104 380 2706 1500 4420 213 185 1695 143 106 334 5780
internal_value=0.00032188 0.0882217 0.0431719 -0.297449 0.177732 0.0775023 -0.0724215 0.264363 0.0311407 -0.00814065 0.0388302 0.326014 0.637911 0.0154205
internal_weight=27632 12512 8328 759 4184 7569 15120 2919 6069 6698 5003 583 477 5884
internal_count=27632 12512 8328 759 4184 7569 15120 2919 6069 6698 5003 583 477 5884
is_linear=0
shrinkage=0.05


Tree=68
num_leaves=15
num_cat=0
split_feature=5 11 10 6 12 11 1 1 1 3 2 14 12 7
split_gain=64428.3 17624.5 16954.9 17143.6 20314.3 15863.4 15746.5 17476 33744.7 26920.8 24392.1 14707.9 14506 23684.1
threshold=104.50000000000001 117.50000000000001 189.50000000000003 186.50000000000003 23.500000000000004 114.50000000000001 1.5000000000000002 11.500000000000002 12.500000000000002 5.5000000000000009 1.5000000000000002 58.500000000000007 159.50000000000003 163.50000000000003
decision_type=2 2 2 2 2 2 2 2 2 2 2 2 2 2
left_child=1 5 3 4 -2 -1 11 9 10 -8 -9 -6 13 -10
right_child=2 -3 -4 -5 6 -7 7 8 12 -11 -12 -13 -14 -15
leaf_value=-0.086561129030430561 -0.62424209199914149 0.17567491946380961 0.41778927014815093 0.39938998379352586 -0.76961206654950831 -0.63582478121651298 0.12273935208935514 -0.0052492015972910901 -0.038259355104856452 0.71721238390631492 -0.60700617534265944 -0.079921272329858128 0.1727534068930178 0.20798789582556609
leaf_weight=12456 104 640 344 368 92 128 4596 331 4395 194 338 388 2008 1250
leaf_count=12456 104 640 344 368 92 128 4596 331 4395 194 338 388 2008 1250
internal_value=0.000314901 -0.079363 0.0734473 0.0648793 0.0557488 -0.0923984 0.0611795 0.071504 0.0276774 0.147539 -0.311524 -0.218683 0.0575132 0.0164042
internal_weight=27632 13224 14408 14064 13696 12584 13592 13112 8322 4790 669 480 7653 5645
internal_count=27632 13224 14408 14064 13696 12584 13592 13112 8322 4790 669 480 7653 5645
is_linear=0
shrinkage=0.05


Tree=69
num_leaves=15
num_cat=0
split_feature=5 8 11 6 13 0 14 1 1 14 11 3 14 10
split_gain=59271.1 19295.7 19710.9 20538 13788.2 13394.3 26339.5 49634 14965.7 22996.1 12665.7 46350.1 12363.8 12655.9
threshold=48.000000000000007 27.500000000000004 169.50000000000003 185.50000000000003 181.50000000000003 4.5000000000000009 165.50000000000003 9.5000000000000018 1.5000000000000002 61.500000000000007 168.50000000000003 3.5000000000000004 90.500000000000014 25.500000000000004
decision_type=2 2 2 2 2 2 2 2 2 2 2 2 2 2
left_child=5 -2 3 4 10 12 8 -8 9 -7 -3 -12 -1 -14
right_child=1 2 -4 -5 -6 6 7 -9 -10 -11 11 -13 13 -15
leaf_value=-0.12597902737788941 0.63466808378485084 0.019280806567975525 0.18059640815454528 0.47413247052337165 0.33977901562032375 -0.058769398258597241 1.3806398171644947 -0.19663639353192619 -0.097117106814640919 0.74055691395487111 0.12943268801373339 -1.2396393295701431 -0.25727450364476728 -0.82091056275017127
leaf_weight=3792 136 15066 2408 248 325 250 86 108 4009 135 186 87 682 114
leaf_count=3792 136 15066 2408 248 325 250 86 108 4009 135 186 87 682 114
internal_value=0.000293429 0.051926 0.047428 0.0272249 0.0200002 -0.103529 -0.0430477 0.51969 -0.0684556 0.227415 0.0131163 -0.321314 -0.163897 -0.342617
internal_weight=27632 18456 18320 15912 15664 9176 4588 194 4394 385 15339 273 4588 796
internal_count=27632 18456 18320 15912 15664 9176 4588 194 4394 385 15339 273 4588 796
is_linear=0
shrinkage=0.05


Tree=70
num_leaves=15
num_cat=0
split_feature=5 6 9 5 4 1 9 11 3 13 9 4 8 1
split_gain=53932.7 16651.5 30281.6 16234.8 17605.3 57168.1 75351.4 81643.6 22050 19051.8 43673.7 16402.6 16230 16126.8
threshold=111.50000000000001 100.50000000000001 59.500000000000007 21.500000000000004 1.5000000000000002 7.5000000000000009 21.500000000000004 23.500000000000004 3.5000000000000004 134.50000000000003 95.500000000000014 2.5000000000000004 166.50000000000003 11.500000000000002
decision_type=2 2 2 2 2 2 2 2 2 2 2 2 2 2
left_child=3 -2 -3 -1 5 -5 -7 -8 11 -10 -11 -6 13 -4
right_child=1 2 12 4 8 6 7 -9 9 10 -12 -13 -14 -15
leaf_value=-0.14726698597634255 0.30897748614216791 -0.83441527104505941 0.13639305904037732 -0.090162436380260114 0.22729397703246246 -0.31952954537606654 1.8227378277624808 0.29638794081742476 -0.082631105550856232 -0.15473515228110868 -1.0683905866445906 -0.018481612833429521 0.21020337782604367 -0.00092285607429960423
leaf_weight=4064 736 88 3233 1042 849 168 150 207 4928 628 161 3307 1776 6295
leaf_count=4064 736 88 3233 1042 849 168 150 207 4928 628 161 3307 1776 6295
internal_value=0.000288733 0.0792509 0.0642799 -0.061485 -0.0309604 0.124478 0.547321 0.954029 -0.0556815 -0.11935 -0.346726 0.0319389 0.071642 0.0457177
internal_weight=27632 12128 11392 15504 11440 1567 525 357 9873 5717 789 4156 11304 9528
internal_count=27632 12128 11392 15504 11440 1567 525 357 9873 5717 789 4156 11304 9528
is_linear=0
shrinkage=0.05


Tree=71
num_leaves=15
num_cat=0
split_feature=5 8 8 8 8 9 1 1 2 8 7 0 14 3
split_gain=48870.9 21991.9 20038.3 16805.6 17735.6 26642.8 26663.2 33325 25857.2 17091.7 17179.6 16707.1 19442.1 33277.4
threshold=84.500000000000014 107.50000000000001 25.500000000000004 27.500000000000004 108.50000000000001 82.500000000000014 11.500000000000002 12.500000000000002 1.5000000000000002 168.50000000000003 103.50000000000001 4.5000000000000009 71.500000000000014 4.5000000000000009
decision_type=2 2 2 2 2 2 2 2 2 2 2 2 2 2
left_child=1 2 -1 -2 11 -6 -7 8 -8 10 -9 -5 13 -13
right_child=3 -3 -4 4 5 6 7 9 -10 -11 -12 12 -14 -15
leaf_value=-0.10485044953694747 0.61284164140855246 -0.48875162143432177 0.071791333882250508 0.063162883088808519 -0.72124336220250274 0.21564465205432948 0.02282216555161002 0.44401831241414097 -0.56019410811384107 0.28014644113296544 0.028072580053202529 -0.13588618371710862 -0.030249624388891658 -0.92050701814881541
leaf_weight=8344 128 320 1984 3068 96 3193 377 255 378 904 5517 571 2324 173
leaf_count=8344 128 320 1984 3068 96 3193 377 255 378 904 5517 571 2324 173
internal_value=0.000276879 -0.0836804 -0.0708994 0.0529225 0.0484901 0.0872787 0.0949205 0.0429368 -0.270837 0.0785982 0.046817 -0.0192921 -0.101716 -0.323259
internal_weight=27632 10648 10328 16984 16856 10720 10624 7431 755 6676 5772 6136 3068 744
internal_count=27632 10648 10328 16984 16856 10720 10624 7431 755 6676 5772 6136 3068 744
is_linear=0
shrinkage=0.05


Tree=72
num_leaves=15
num_cat=0
split_feature=5 6 9 7 7 14 12 14 5 11 4 11 1 3
split_gain=44685.7 14668.2 25142.5 14520.1 22369 20397.1 18373.7 14613.8 14147 13854.1 20191.5 51359.3 125552 19222.4
threshold=111.50000000000001 100.50000000000001 59.500000000000007 162.50000000000003 144.50000000000003 63.500000000000007 165.50000000000003 118.50000000000001 144.50000000000003 21.500000000000004 1.5000000000000002 23.500000000000004 7.5000000000000009 3.5000000000000004
decision_type=2 2 2 2 2 2 2 2 2 2 2 2 2 2
left_child=9 -2 -3 4 6 -5 -4 -7 -6 -1 11 12 -11 -12
right_child=1 2 3 5 8 7 -8 -9 -10 10 13 -13 -14 -15
leaf_value=-0.13564486559168989 0.28773499132132763 -0.76081421099683288 0.063079626667385313 0.45720186458994316 -0.35303466127209315 -0.14605179092998039 0.47181479170562463 0.14429277563787443 -0.04144074246046596 -0.13479301587180345 0.028327509480049869 -0.021221909622775384 1.7383613553354818 -0.11255777941301799
leaf_weight=4032 736 88 4520 452 432 505 288 2907 2200 210 4148 1159 150 5805
leaf_count=4032 736 88 4520 452 432 505 288 2907 2200 210 4148 1159 150 5805
internal_value=0.00025197 0.0721269 0.058077 0.0647855 0.0239119 0.143354 0.0880276 0.101169 -0.0931562 -0.0559773 -0.0279301 0.141577 0.65881 -0.0538579
internal_weight=27632 12128 11392 11304 7440 3864 4808 3412 2632 15504 11472 1519 360 9953
internal_count=27632 12128 11392 11304 7440 3864 4808 3412 2632 15504 11472 1519 360 9953
is_linear=0
shrinkage=0.05


Tree=73
num_leaves=15
num_cat=0
split_feature=5 13 13 9 5 4 5 4 1 9 11 3 13 9
split_gain=40316 13818 30342.7 25484.9 18034.2 13005.3 12807.4 14634.6 47755.4 63591.7 65541.9 17008.8 17228.8 39914.5
threshold=111.50000000000001 60.500000000000007 96.500000000000014 62.500000000000007 127.50000000000001 3.5000000000000004 21.500000000000004 1.5000000000000002 7.5000000000000009 21.500000000000004 23.500000000000004 3.5000000000000004 134.50000000000003 95.500000000000014
decision_type=2 2 2 2 2 2 2 2 2 2 2 2 2 2
left_child=6 5 4 -4 -3 -2 -1 8 -8 -10 -11 -9 -13 -14
right_child=1 2 3 -5 -6 -7 7 11 9 10 -12 12 13 -15
leaf_value=-0.1293470356515436 0.24144896688321668 -0.042810908787011791 -0.79311581565890199 0.072260311440834127 -0.55410564658344208 0.036177706844077472 -0.080512970920268323 0.028369651686090354 -0.294189516131933 1.6542470702048271 0.28593699537999578 -0.069597909597465882 -0.13726864994011964 -1.0105664976507831
leaf_weight=4064 1888 372 81 8163 318 1306 1042 4156 168 150 207 4928 628 161
leaf_count=4064 1888 372 81 8163 318 1306 1042 4156 168 150 207 4928 628 161
internal_value=0.000252807 0.0685231 0.0365699 0.0632821 -0.280742 0.157703 -0.0531565 -0.0260455 0.115671 0.502136 0.875765 -0.0485853 -0.104504 -0.320712
internal_weight=27632 12128 8934 8244 690 3194 15504 11440 1567 525 357 9873 5717 789
internal_count=27632 12128 8934 8244 690 3194 15504 11440 1567 525 357 9873 5717 789
is_linear=0
shrinkage=0.05


Tree=74
num_leaves=15
num_cat=0
split_feature=5 6 5 14 8 9 3 3 1 10 13 9 10 14
split_gain=36750.6 17638.6 25570.5 16044.3 15304.8 17592.1 18530.3 21620.8 34631.8 60681.7 24391.6 19227.1 14666.2 36355
threshold=48.000000000000007 76.500000000000014 84.500000000000014 81.500000000000014 92.500000000000014 59.500000000000007 5.5000000000000009 4.5000000000000009 7.5000000000000009 97.500000000000014 133.50000000000003 160.50000000000003 108.50000000000001 55.000000000000007
decision_type=2 2 2 2 2 2 2 2 2 2 2 2 2 2
left_child=-1 3 12 -2 -4 -6 7 -7 -9 -10 -11 -12 -3 -14
right_child=1 2 4 -5 5 6 -8 8 9 10 11 -13 13 -15
leaf_value=-0.081519417974126249 0.74212749944405365 -0.031400241060657905 -0.089999673150429352 0.16339353465906589 -0.57425916227725671 0.066609268374604388 0.27936175530786389 0.063722451466912772 -1.7090157219836879 -0.7389604087552113 0.53702488313085539 -0.43675703183672898 -1.3979795796380323 -0.20381371587528727
leaf_weight=9176 136 328 1952 832 104 12804 926 623 81 127 117 82 80 264
leaf_count=9176 136 328 1952 832 104 12804 926 623 81 127 117 82 80 264
internal_value=0.000232992 0.0408899 0.0293528 0.248099 0.0414707 0.0587604 0.0634137 0.0488631 -0.170996 -0.526696 -0.211552 0.134898 -0.27195 -0.497576
internal_weight=27632 18456 17488 968 16816 14864 14760 13834 1030 407 326 199 672 344
internal_count=27632 18456 17488 968 16816 14864 14760 13834 1030 407 326 199 672 344
is_linear=0
shrinkage=0.05


Tree=75
num_leaves=15
num_cat=0
split_feature=5 6 5 14 10 14 5 7 8 1 1 2 11 11
split_gain=33243.1 19605.1 18706.8 17566.4 17320.9 33038.6 19556.7 14419.3 14182.6 23877.9 28257.4 24263.5 15097.5 16197.6
threshold=61.500000000000007 76.500000000000014 84.500000000000014 81.500000000000014 108.50000000000001 55.000000000000007 77.500000000000014 101.50000000000001 108.50000000000001 11.500000000000002 12.500000000000002 1.0000000180025095e-35 169.50000000000003 168.50000000000003
decision_type=2 2 2 2 2 2 2 2 2 2 2 2 2 2
left_child=-1 3 4 -2 7 -6 -7 -3 -4 -10 11 -11 13 -12
right_child=1 2 8 -5 5 6 -8 -9 9 10 12 -13 -14 -15
leaf_value=-0.075918347772082409 0.93751891647936203 -0.40524228329205103 -0.02152315902155541 0.19828713702102263 -1.3321923044849846 -0.62603236061793976 0.22075712753737228 0.29049132088244689 0.18752142888325801 0.22333791985070889 0.035316444248329464 -0.42515353998023536 0.20636557168003944 -0.46786026984791862
leaf_weight=9440 88 112 6096 632 80 128 136 200 3229 189 5216 570 1356 160
leaf_count=9440 88 112 6096 632 80 128 136 200 3229 189 5216 570 1356 160
internal_value=0.000190483 0.0396941 0.0291134 0.29448 -0.231822 -0.473845 -0.193812 0.0382882 0.0393585 0.0739732 0.0249357 -0.263267 0.0576004 0.0199201
internal_weight=27632 18192 17472 720 656 344 264 312 16816 10720 7491 759 6732 5376
internal_count=27632 18192 17472 720 656 344 264 312 16816 10720 7491 759 6732 5376
is_linear=0
shrinkage=0.05


Tree=76
num_leaves=15
num_cat=0
split_feature=5 6 9 7 7 14 12 11 8 6 12 5 11 14
split_gain=30265.7 13263.2 20037.9 12299.2 19833.2 18112.5 16158.3 12818.6 18103.1 13071.6 22812.9 12606.2 10901.2 10762.7
threshold=111.50000000000001 100.50000000000001 59.500000000000007 162.50000000000003 144.50000000000003 63.500000000000007 165.50000000000003 87.500000000000014 117.50000000000001 138.50000000000003 124.50000000000001 144.50000000000003 118.50000000000001 118.50000000000001
decision_type=2 2 2 2 2 2 2 2 2 2 2 2 2 2
left_child=12 -2 -3 4 6 -5 7 8 -4 -9 -11 -6 -1 -7
right_child=1 2 3 5 11 13 -8 9 -10 10 -12 -13 -14 -15
leaf_value=-0.05716937043827669 0.26433076016182605 -0.68505998555050107 0.11665046259461981 0.41998626657188987 -0.34121028737844883 -0.12761315028904482 0.4346115672344234 -0.038134422912801551 0.83888198454226526 0.46086116175800929 0.010353493625140292 -0.047039727463879015 0.11251847574512382 0.12154646693735421
leaf_weight=14496 736 88 344 452 432 505 288 2776 112 408 880 2200 1008 2907
leaf_count=14496 736 88 344 452 432 505 288 2776 112 408 880 2200 1008 2907
internal_value=0.000171422 0.0593233 0.0459683 0.0519596 0.0143474 0.124268 0.0747243 0.0513385 0.301215 0.0229655 0.154291 -0.0958785 -0.0461043 0.0845363
internal_weight=27632 12128 11392 11304 7440 3864 4808 4520 456 4064 1288 2632 15504 3412
internal_count=27632 12128 11392 11304 7440 3864 4808 4520 456 4064 1288 2632 15504 3412
is_linear=0
shrinkage=0.05


Tree=77
num_leaves=15
num_cat=0
split_feature=5 6 5 14 5 9 13 0 14 1 1 14 7 7
split_gain=27766 14988.1 20606.2 13477.7 12689.6 19019.2 12579.8 11998.2 23852.7 81779.4 14908.6 20443.4 13450.4 21498.2
threshold=48.000000000000007 76.500000000000014 84.500000000000014 81.500000000000014 181.50000000000003 48.000000000000007 176.50000000000003 4.5000000000000009 129.50000000000003 8.5000000000000018 1.5000000000000002 61.500000000000007 24.500000000000004 21.500000000000004
decision_type=2 2 2 2 2 2 2 2 2 2 2 2 2 2
left_child=7 3 -3 -2 5 -4 -7 -1 10 -10 11 -9 13 -11
right_child=1 2 4 -5 -6 6 -8 8 9 12 -12 -13 -14 -15
leaf_value=-0.12801226194608925 0.67930625296653591 -0.24559625169962845 -0.65777970694079269 0.14889306378580872 0.23364493580107948 0.01996446561579783 0.21701178234173898 -0.026816316618054521 1.6530125751290272 -0.18007459625263106 -0.081236714200964025 0.72732275477477482 -0.55605351609745246 0.73326279953414319
leaf_weight=4588 136 672 96 832 768 15101 851 250 88 171 3765 135 82 97
leaf_count=4588 136 672 96 832 768 15101 851 250 88 171 3765 135 82 97
internal_value=0.00017627 0.0355156 0.0248813 0.226522 0.0357599 0.02622 0.0305412 -0.0708836 -0.0136778 0.335109 -0.0508485 0.243556 -0.0148647 0.157874
internal_weight=27632 18456 17488 968 16816 16048 15952 9176 4588 438 4150 385 350 268
internal_count=27632 18456 17488 968 16816 16048 15952 9176 4588 438 4150 385 350 268
is_linear=0
shrinkage=0.05


Tree=78
num_leaves=15
num_cat=0
split_feature=5 6 9 14 8 1 1 1 2 3 12 14 3 7
split_gain=25276.9 11973.8 16910.2 12220.9 11007.2 10212.9 16022.3 13450.2 13010.5 10537.6 10136.4 10481.2 13724.9 25554.4
threshold=111.50000000000001 99.500000000000014 59.500000000000007 146.50000000000003 166.50000000000003 11.500000000000002 12.500000000000002 5.5000000000000009 1.0000000180025095e-35 5.5000000000000009 159.50000000000003 82.500000000000014 4.5000000000000009 143.50000000000003
decision_type=2 2 2 2 2 2 2 2 2 2 2 2 2 2
left_child=-1 3 -3 -2 5 7 8 -4 -7 -9 -8 -12 -13 -14
right_child=1 2 4 -5 -6 6 10 9 -10 -11 11 12 13 -15
leaf_value=-0.042099769362290498 0.61230909390508803 -0.6291959706173148 -0.044480976309859081 0.12707159875245841 0.16202708174709068 0.16109605362989765 -0.023717890573821399 0.14298918174259667 -0.40019307955577271 0.63388297835300711 0.56576057306476057 0.15127447480817374 0.24313226939591859 -0.94908582495415927
leaf_weight=15504 176 88 1104 472 1776 133 4338 2090 423 111 121 1124 92 80
leaf_count=15504 176 88 1104 472 1776 133 4338 2090 423 111 121 1124 92 80
internal_value=0.000190405 0.0542477 0.0423811 0.262544 0.0478426 0.0266803 -0.0106194 0.0978137 -0.265689 0.169126 0.0142325 0.130089 0.0873946 -0.322534
internal_weight=27632 12128 11480 648 11392 9616 6311 3305 556 2201 5755 1417 1296 172
internal_count=27632 12128 11480 648 11392 9616 6311 3305 556 2201 5755 1417 1296 172
is_linear=0
shrinkage=0.05


Tree=79
num_leaves=15
num_cat=0
split_feature=5 6 14 5 10 14 5 14 7 8 9 3 3 1
split_gain=23692.2 16895.3 14650.6 14250.1 15744 30111.9 17710.7 14059.2 13355.3 11729.2 12011.5 15252.7 18219.5 31845.8
threshold=61.500000000000007 76.500000000000014 81.500000000000014 84.500000000000014 108.50000000000001 55.000000000000007 77.500000000000014 52.000000000000007 85.500000000000014 92.500000000000014 59.500000000000007 5.5000000000000009 4.5000000000000009 7.5000000000000009
decision_type=2 2 2 2 2 2 2 2 2 2 2 2 2 2
left_child=8 2 -2 4 7 -6 -7 -3 -1 -5 -11 12 -12 -14
right_child=1 3 -4 9 5 6 -8 -9 -10 10 11 -13 13 -15
leaf_value=-0.058103076140545218 0.85732565615927026 0.55571281562760932 0.18219911897908811 -0.082431556708829012 -1.2540704748209786 -0.57931247473435288 0.22626110588378731 -0.16454411249069706 -0.66043554476352151 -0.47526803861517425 0.054733409858574847 0.24755493847875348 0.061698284225870571 -0.50447080990534676
leaf_weight=9352 88 92 632 1952 80 128 136 220 88 104 12804 926 623 407
leaf_count=9352 88 92 632 1952 80 128 136 220 88 104 12804 926 623 407
internal_value=0.000187314 0.0335367 0.270058 0.0237155 -0.204024 -0.43479 -0.167828 0.0532546 -0.0640647 0.0326577 0.0477944 0.0516396 0.038441 -0.163377
internal_weight=27632 18192 720 17472 656 344 264 312 9440 16816 14864 14760 13834 1030
internal_count=27632 18192 720 17472 656 344 264 312 9440 16816 14864 14760 13834 1030
is_linear=0
shrinkage=0.05


Tree=80
num_leaves=15
num_cat=0
split_feature=14 8 6 13 5 13 11 7 6 7 5 12 11 4
split_gain=22977 23462.4 16371.1 13983.2 11465.2 10704.5 9291.13 10386.6 10044.7 9716.47 17564.4 9688.34 8933.36 37588.1
threshold=190.50000000000003 25.500000000000004 27.500000000000004 176.50000000000003 113.50000000000001 137.50000000000003 169.50000000000003 113.50000000000001 189.50000000000003 70.500000000000014 65.500000000000014 23.500000000000004 168.50000000000003 2.5000000000000004
decision_type=2 2 2 2 2 2 2 2 2 2 2 2 2 2
left_child=1 2 -1 6 -5 -2 8 -8 9 -3 -11 -12 -13 -14
right_child=5 3 -4 4 -6 -7 7 -9 -10 10 11 12 13 -15
leaf_value=-0.08413133862152114 0.89537055119148745 0.11737706098245167 0.38074977726377934 0.69126000301404433 0.14842913392402887 0.12124371288836688 0.40149747482652276 0.072315586953460437 0.37751522240846347 -0.46173524307736824 -0.49675605165958409 0.0026595632751782151 -1.1413380645119167 0.12958989114947933
leaf_weight=8172 98 1577 189 105 894 82 272 1806 173 210 95 13704 82 173
leaf_count=8172 98 1577 189 105 894 82 272 1806 173 210 95 13704 82 173
internal_value=0.000163537 -0.00357838 -0.0734014 0.0270122 0.208642 0.555521 0.0169281 0.116264 0.00400587 -0.000191066 -0.0132257 -0.00636212 -0.002848 -0.29319
internal_weight=27632 27452 8361 19091 999 180 18092 2078 16014 15841 14264 14054 13959 255
internal_count=27632 27452 8361 19091 999 180 18092 2078 16014 15841 14264 14054 13959 255
is_linear=0
shrinkage=0.05


Tree=81
num_leaves=15
num_cat=0
split_feature=14 8 6 13 5 13 13 14 1 12 14 10 11 7
split_gain=20844.1 21170 14807.9 12650.7 10409.1 9708.65 8882.11 12335.8 41583.5 12914.5 9949.5 10191.7 8397.81 9395.07
threshold=190.50000000000003 25.500000000000004 27.500000000000004 176.50000000000003 113.50000000000001 137.50000000000003 59.500000000000007 133.50000000000003 9.5000000000000018 27.500000000000004 170.50000000000003 99.500000000000014 169.50000000000003 113.50000000000001
decision_type=2 2 2 2 2 2 2 2 2 2 2 2 2 2
left_child=1 2 6 12 -5 -2 7 9 -9 -1 11 -8 -3 -14
right_child=5 3 -4 4 -6 -7 10 8 -10 -11 -12 -13 13 -15
leaf_value=-0.064343673972168586 0.85277525610426097 0.0037825956801656037 0.36220294983635093 0.65826805118471388 0.14104895281467641 0.11552992771411766 -0.10359798949779558 1.0995894836444482 -0.17879643296027742 0.52103008620210534 -0.65730701406625502 -0.56951323511186713 0.38178496341076462 0.068709790400264883
leaf_weight=3326 98 16014 189 105 894 82 4293 97 166 92 82 116 272 1806
leaf_count=3326 98 16014 189 105 894 82 4293 97 166 92 82 116 272 1806
internal_value=0.000165799 -0.00339821 -0.0697225 0.0256595 0.198419 0.529119 -0.0799273 -0.0223019 0.304418 -0.0478495 -0.127082 -0.116487 0.0160679 0.110508
internal_weight=27632 27452 8361 19091 999 180 8172 3681 263 3418 4491 4409 18092 2078
internal_count=27632 27452 8361 19091 999 180 8172 3681 263 3418 4491 4409 18092 2078
is_linear=0
shrinkage=0.05


Tree=82
num_leaves=15
num_cat=0
split_feature=14 8 6 13 1 13 1 13 1 14 3 4 1 8
split_gain=18908.1 19107.7 13393.8 11442.7 9702.08 8805.47 8301.72 8047.26 11931.8 27812.9 15902.8 16400.8 17557.2 10165.3
threshold=190.50000000000003 25.500000000000004 27.500000000000004 176.50000000000003 8.5000000000000018 137.50000000000003 10.500000000000002 52.000000000000007 11.500000000000002 133.50000000000003 4.5000000000000009 3.5000000000000004 8.5000000000000018 20.500000000000004
decision_type=2 2 2 2 2 2 2 2 2 2 2 2 2 2
left_child=1 2 7 -3 -5 -2 -4 8 9 10 13 12 -12 -1
right_child=5 3 6 4 -6 -7 -8 -9 -10 -11 11 -13 -14 -15
leaf_value=0.2726509796171927 0.81220633511983076 0.015270805912666822 0.69259190910628865 0.57226718473182603 0.12478634219277207 0.11008541047915646 0.035358236840477696 -0.12054789522854381 -0.10375141173996434 0.74683431161331459 0.92289205264477503 -0.10563949081312184 0.16037892559543254 -0.16608711901222539
leaf_weight=151 98 18092 86 137 862 82 103 4515 1980 137 121 208 195 865
leaf_count=151 98 18092 86 137 862 82 103 4515 1980 137 121 208 195 865
internal_value=0.00018131 -0.00321316 -0.0662242 0.0243929 0.188697 0.503971 0.34456 -0.0759295 -0.0207535 0.0772576 0.0154671 0.237919 0.462181 -0.0998651
internal_weight=27632 27452 8361 19091 999 180 189 8172 3657 1677 1540 524 316 1016
internal_count=27632 27452 8361 19091 999 180 189 8172 3657 1677 1540 524 316 1016
is_linear=0
shrinkage=0.05


Tree=83
num_leaves=15
num_cat=0
split_feature=14 9 4 13 14 5 3 1 5 14 1 8 13 14
split_gain=17179.9 17638.4 12623.1 18128.7 38330.6 24593.7 10847.4 18141.8 24026.8 12122.5 9066.06 8278.4 12350 7237.28
threshold=195.50000000000003 110.50000000000001 3.5000000000000004 60.500000000000007 60.500000000000007 80.500000000000014 1.0000000180025095e-35 7.5000000000000009 96.500000000000014 183.50000000000003 1.5000000000000002 152.50000000000003 180.50000000000003 136.50000000000003
decision_type=2 2 2 2 2 2 2 2 2 2 2 2 2 2
left_child=1 6 3 4 -3 -5 7 10 -9 11 -1 12 -8 -6
right_child=-2 2 -4 5 13 -7 9 8 -10 -11 -12 -13 -14 -15
leaf_value=0.25024108694699726 0.70172117869316164 0.95586775955946557 -0.021949701793612719 -0.78636946457155643 0.051209638381480405 0.051203090943132627 -0.049466460628082021 1.0998989894822404 0.16201302217733529 -0.538250089510102 -0.09768137607666455 -0.49844673813717205 0.37102357418734139 0.25958789029537188
leaf_weight=241 82 156 4772 84 908 5790 13291 86 283 122 779 96 172 770
leaf_count=241 82 156 4772 84 908 5790 13291 86 283 122 779 96 172 770
internal_value=0.000208151 -0.00200679 0.0419472 0.0814942 0.218504 0.0385669 -0.0384085 0.0944962 0.392381 -0.0519316 -0.0146565 -0.047359 -0.0439586 0.147317
internal_weight=27632 27550 12480 7708 1834 5874 15070 1389 369 13681 1020 13559 13463 1678
internal_count=27632 27550 12480 7708 1834 5874 15070 1389 369 13681 1020 13559 13463 1678
is_linear=0
shrinkage=0.05


Tree=84
num_leaves=15
num_cat=0
split_feature=14 8 6 7 9 1 7 12 14 0 13 13 3 8
split_gain=16143 16146.8 11831.3 10569 43877.9 35412.2 9819.94 9626.53 16521.4 8684.71 8258.08 7839.15 7632.71 20885.2
threshold=190.50000000000003 25.500000000000004 27.500000000000004 24.500000000000004 24.500000000000004 6.5000000000000009 188.50000000000003 159.50000000000003 63.500000000000007 4.5000000000000009 188.50000000000003 137.50000000000003 4.5000000000000009 137.50000000000003
decision_type=2 2 2 2 2 2 2 2 2 2 2 2 2 2
left_child=1 2 -1 4 -3 -6 7 10 9 -9 -5 -2 -10 -14
right_child=11 3 -4 6 5 -7 -8 8 12 -11 -12 -13 13 -15
leaf_value=-0.069967444228008741 0.75647250673396282 -0.29083712286419339 0.32522931884705408 -0.007116148665287491 0.19064677049716316 1.5245515506962937 0.3159506840542014 0.71075588371117715 0.082077933601880745 0.16241677673471056 0.37072518491824097 0.09471599062283835 0.24345025393733946 -0.62645191760103913
leaf_weight=8172 98 175 189 15196 115 85 266 148 2554 144 141 82 133 134
leaf_count=8172 98 175 189 15196 115 85 266 148 2554 144 141 82 133 134
internal_value=0.000215026 -0.00292145 -0.060845 0.0224558 0.283517 0.780913 0.0171507 0.0127584 0.0928488 0.447629 -0.00352279 0.465713 0.0553987 -0.19662
internal_weight=27632 27452 8361 19091 375 200 18716 18450 3113 292 15337 180 2821 267
internal_count=27632 27452 8361 19091 375 200 18716 18450 3113 292 15337 180 2821 267
is_linear=0
shrinkage=0.05


Tree=85
num_leaves=15
num_cat=0
split_feature=11 14 3 14 14 13 4 11 7 1 8 7 10 12
split_gain=14894.5 15622.4 13506 20426.3 15200.1 58862.2 13372.8 14612.1 43777.9 61967.4 16400.2 16961.4 18912.1 14179.3
threshold=21.500000000000004 190.50000000000003 5.5000000000000009 159.50000000000003 126.50000000000001 106.50000000000001 1.5000000000000002 23.500000000000004 23.500000000000004 7.5000000000000009 22.500000000000004 89.500000000000014 120.50000000000001 86.500000000000014
decision_type=2 2 2 2 2 2 2 2 2 2 2 2 2 2
left_child=2 6 4 -4 -1 -6 7 8 9 -2 -9 12 -12 -13
right_child=1 -3 3 -5 5 -7 -8 10 -10 -11 11 13 -14 -15
leaf_value=-0.063416739969868463 -0.050132956483342629 0.49159625949915392 -0.15312978675780164 -0.80973884107008809 1.3850652779086252 -0.18270585547830609 -0.0043528271413899988 -0.22225029043118477 -0.17692458817754131 1.5880006992627704 0.22145754596897627 0.47446026238490929 1.0822184438280322 0.025925748241573406
leaf_weight=2438 106 166 1203 127 84 180 19761 431 193 121 272 186 80 2284
leaf_count=2438 106 166 1203 127 84 180 19761 431 193 121 272 186 80 2284
internal_value=0.000238492 0.0154168 -0.0885121 -0.218626 -0.0241806 0.332603 0.0119396 0.0994805 0.375276 0.838463 0.0633509 0.107286 0.429502 0.0605923
internal_weight=27632 23600 4032 1330 2702 264 23434 3673 420 227 3253 2822 352 2470
internal_count=27632 23600 4032 1330 2702 264 23434 3673 420 227 3253 2822 352 2470
is_linear=0
shrinkage=0.05


Tree=86
num_leaves=15
num_cat=0
split_feature=9 3 7 5 3 1 5 1 1 3 8 2 11 7
split_gain=13775.5 11717.7 18970.8 11074.7 9398.14 16273.9 22591.8 8876.87 13368 13369.9 17700.3 12770.2 11726.8 10725.4
threshold=110.50000000000001 5.5000000000000009 106.50000000000001 77.500000000000014 1.0000000180025095e-35 7.5000000000000009 96.500000000000014 11.500000000000002 12.500000000000002 4.5000000000000009 137.50000000000003 1.5000000000000002 162.50000000000003 165.50000000000003
decision_type=2 2 2 2 2 2 2 2 2 2 2 2 2 2
left_child=4 3 -3 -2 5 -1 -7 -5 11 12 -11 -9 13 -10
right_child=1 2 -4 7 -6 6 -8 8 9 10 -12 -13 -14 -15
leaf_value=-0.01270448788304291 -0.54324519185458919 0.81208710870503076 0.12417003243201215 0.094351941789923982 -0.044435146502275785 1.0483555230342094 0.14892927639876954 0.0062709217738075229 -0.043489762493879119 0.1296902826895901 -0.77280024919658907 -0.42046560136279459 0.12287672830600689 0.1820996799086691
leaf_weight=1020 80 110 804 3623 13723 88 289 348 4032 97 115 348 2354 601
leaf_count=1020 80 110 804 3623 13723 88 289 348 4032 97 115 348 2354 601
internal_value=0.000259187 0.0390596 0.210929 0.0254301 -0.0318509 0.0914837 0.369849 0.0296139 -0.000135178 0.0201475 -0.366395 -0.208574 0.0321296 -0.0140612
internal_weight=27632 12512 914 11598 15120 1397 377 11518 7895 7199 212 696 6987 4633
internal_count=27632 12512 914 11598 15120 1397 377 11518 7895 7199 212 696 6987 4633
is_linear=0
shrinkage=0.05


Tree=87
num_leaves=15
num_cat=0
split_feature=14 9 4 13 14 5 3 1 5 14 5 6 8 13
split_gain=13336.4 12987.6 10879.7 15810.8 33002.9 21525.6 8339.62 13936 18787 11003.9 8404.85 10851.5 7681.45 10727.6
threshold=195.50000000000003 110.50000000000001 3.5000000000000004 60.500000000000007 60.500000000000007 80.500000000000014 1.0000000180025095e-35 7.5000000000000009 96.500000000000014 183.50000000000003 21.500000000000004 22.500000000000004 152.50000000000003 180.50000000000003
decision_type=2 2 2 2 2 2 2 2 2 2 2 2 2 2
left_child=1 6 3 4 -3 -5 7 10 -9 12 -1 -12 13 -8
right_child=-2 2 -4 5 -6 -7 9 8 -10 -11 11 -13 -14 -15
leaf_value=-0.21865558618142666 0.61833454214635941 0.8848745576204351 -0.023299410669855393 -0.73910766213797452 0.1346364493130148 0.044472726347037451 -0.042297917095496351 0.97028863456223036 0.14102168950727598 -0.5081128888184161 0.49679745510789275 -0.0081301672268339186 -0.47493310980867637 0.34959113376878076
leaf_weight=328 82 156 4772 84 1678 5790 13291 86 283 122 126 566 96 172
leaf_count=328 82 156 4772 84 1678 5790 13291 86 283 122 126 566 96 172
internal_value=0.000253751 -0.00169777 0.0360189 0.0727339 0.200684 0.0326482 -0.0329338 0.0835985 0.344681 -0.0447913 -0.0120724 0.0867118 -0.0404367 -0.0371633
internal_weight=27632 27550 12480 7708 1834 5874 15070 1389 369 13681 1020 692 13559 13463
internal_count=27632 27550 12480 7708 1834 5874 15070 1389 369 13681 1020 692 13559 13463
is_linear=0
shrinkage=0.05


Tree=88
num_leaves=15
num_cat=0
split_feature=11 14 3 14 14 13 4 11 13 7 1 13 3 8
split_gain=12418.8 13175.3 11927.1 18217.4 12970.6 50667.3 11796.4 13964.4 40863.1 17037.4 22724.8 14389.4 19919.3 13749.7
threshold=21.500000000000004 190.50000000000003 5.5000000000000009 159.50000000000003 126.50000000000001 106.50000000000001 1.5000000000000002 23.500000000000004 136.50000000000003 23.500000000000004 6.5000000000000009 62.500000000000007 5.5000000000000009 22.500000000000004
decision_type=2 2 2 2 2 2 2 2 2 2 2 2 2 2
left_child=2 6 4 -4 -1 -6 7 8 9 10 -2 12 -9 -13
right_child=1 -3 3 -5 5 -7 -8 11 -10 -11 -12 13 -14 -15
leaf_value=-0.056582749440951201 -0.087569507700626298 0.45141393694133436 -0.14121872601669824 -0.7612628991687389 1.285690547224511 -0.16886863512163228 -0.0043798887991312449 0.139553976967182 1.3294110495468665 -0.25382865833308171 1.0295063824403561 -0.35233740346321396 0.87560674691012186 0.032710037158224986
leaf_weight=2438 94 166 1203 127 84 180 19761 888 82 162 82 257 98 2010
leaf_count=2438 94 166 1203 127 84 180 19761 888 82 162 82 257 98 2010
internal_value=0.000255768 0.0141154 -0.080784 -0.203055 -0.0203346 0.309241 0.010922 0.0931415 0.362746 0.112269 0.446948 0.0578292 0.21676 -0.0116205
internal_weight=27632 23600 4032 1330 2702 264 23434 3673 420 338 176 3253 986 2267
internal_count=27632 23600 4032 1330 2702 264 23434 3673 420 338 176 3253 986 2267
is_linear=0
shrinkage=0.05


Tree=89
num_leaves=15
num_cat=0
split_feature=14 5 14 10 1 1 1 2 3 13 8 9 12 14
split_gain=11266.1 11315.8 12865.8 12523 11245.3 13442.2 21133.1 18316.2 15763.2 11840.9 10866.7 9489.28 8861.01 10785.2
threshold=195.50000000000003 104.50000000000001 183.50000000000003 151.50000000000003 1.5000000000000002 11.500000000000002 12.500000000000002 1.5000000000000002 5.5000000000000009 75.500000000000014 170.50000000000003 109.50000000000001 159.50000000000003 82.500000000000014
decision_type=2 2 2 2 2 2 2 2 2 2 2 2 2 2
left_child=1 2 3 -1 9 8 7 -7 -6 11 12 -3 -8 -14
right_child=-2 4 -4 -5 5 6 10 -9 -10 -11 -12 -13 13 -15
leaf_value=-0.03452505729696409 0.56835604224396852 -0.74371014735046426 -0.59437254772101544 0.57439485057311901 0.081376957335686409 -0.003912334899900784 -0.028759452928557101 -0.49426774497930109 0.47838938904107747 0.24042434759114101 0.20666713009558135 -0.1801603879346089 0.46609165196966257 0.058271576109055992
leaf_weight=13010 82 101 97 80 4837 377 5277 380 259 110 733 270 173 1846
leaf_count=13010 82 101 97 80 4837 377 5277 380 259 110 733 270 173 1846
internal_value=0.000272992 -0.00152068 -0.0349565 -0.0305857 0.029179 0.0374431 -3.97771e-05 -0.25169 0.102004 -0.20726 0.0238285 -0.341429 0.00533044 0.0942811
internal_weight=27632 27550 13187 13090 14363 13882 8786 757 5096 481 8029 371 7296 2019
internal_count=27632 27550 13187 13090 14363 13882 8786 757 5096 481 8029 371 7296 2019
is_linear=0
shrinkage=0.05


Tree=90
num_leaves=15
num_cat=0
split_feature=11 4 11 7 1 13 3 6 8 11 6 3 14 14
split_gain=10630.2 11418.7 14872.3 40255 56007 13406.8 17127.3 13067.9 12606.3 17560.5 12771.7 10729.8 16148 11853.5
threshold=21.500000000000004 1.5000000000000002 23.500000000000004 23.500000000000004 7.5000000000000009 62.500000000000007 5.5000000000000009 173.50000000000003 22.500000000000004 74.500000000000014 179.50000000000003 5.5000000000000009 159.50000000000003 126.50000000000001
decision_type=2 2 2 2 2 2 2 2 2 2 2 2 2 2
left_child=11 2 3 4 -2 6 -4 -3 -7 -10 -11 13 -13 -1
right_child=1 7 5 -5 -6 8 -8 -9 9 10 -12 12 -14 -15
leaf_value=-0.052036681112300004 -0.043806421823866737 -0.012893751080230121 0.13832137817863746 -0.15137676144881948 1.5000658057118192 -0.33661720058276456 0.82019025088441611 0.14828846900388351 0.66158513644621486 0.034698517216259946 -0.44715085650650449 -0.13246790795118257 -0.71622724435997742 0.29767525970215691
leaf_weight=2438 106 18537 908 200 126 257 98 1344 100 1780 144 1203 127 264
leaf_count=2438 106 18537 908 200 126 257 98 1344 100 1780 144 1203 127 264
internal_value=0.000264718 0.0130875 0.0934385 0.367537 0.808633 0.056911 0.208474 -0.00196293 -0.0102432 0.031926 -0.0024306 -0.0747125 -0.190684 -0.0173812
internal_weight=27632 23600 3719 432 232 3287 1006 19881 2281 2024 1924 4032 1330 2702
internal_count=27632 23600 3719 432 232 3287 1006 19881 2281 2024 1924 4032 1330 2702
is_linear=0
shrinkage=0.05


Tree=91
num_leaves=15
num_cat=0
split_feature=14 8 7 9 1 7 7 4 7 12 0 11 9 1
split_gain=10416.1 9951.39 10400.6 37735.1 31272.8 9338.33 7725.61 7676.25 7661.23 7225.06 6739.57 10923.2 10119.3 6772.76
threshold=190.50000000000003 25.500000000000004 24.500000000000004 24.500000000000004 6.5000000000000009 27.500000000000004 188.50000000000003 2.5000000000000004 24.500000000000004 179.50000000000003 4.5000000000000009 103.50000000000001 72.500000000000014 9.5000000000000018
decision_type=2 2 2 2 2 2 2 2 2 2 2 2 2 2
left_child=1 5 3 -3 -5 8 9 -2 10 -4 11 -1 13 -12
right_child=7 2 6 4 -6 -7 -8 -9 -10 -11 12 -13 -14 -15
leaf_value=-0.070201890649191537 0.047672213951951453 -0.25627570443683201 0.003270508703275752 0.1829332309961319 1.4366762704981699 0.43514981080185289 0.2774352658938658 0.69462618966016088 -0.18370220748036803 0.19522177719876968 0.085366585223643154 -0.64408517353674943 0.55165911386994748 -0.05578443960886767
leaf_weight=3564 92 175 17951 115 85 94 266 88 989 499 1394 80 80 2160
leaf_count=3564 92 175 17951 115 85 94 266 88 989 499 1394 80 80 2160
internal_value=0.000266934 -0.00225251 0.0176699 0.27664 0.737819 -0.0477256 0.0124086 0.374186 -0.0534758 0.00851352 -0.0356656 -0.0836662 0.012516 -0.000378044
internal_weight=27632 27452 19091 375 200 8361 18716 180 8267 18450 7278 3644 3634 3554
internal_count=27632 27452 19091 375 200 8361 18716 180 8267 18450 7278 3644 3634 3554
is_linear=0
shrinkage=0.05


Tree=92
num_leaves=15
num_cat=0
split_feature=14 5 7 11 7 14 10 6 1 5 14 8 8 5
split_gain=9452.37 9118.95 18296.7 15790.2 13205.6 12062.5 11717.3 13086.5 10011.2 10489.2 11444.1 9059.5 10189.9 21062.6
threshold=190.50000000000003 125.50000000000001 124.50000000000001 162.50000000000003 162.50000000000003 183.50000000000003 145.50000000000003 138.50000000000003 17.500000000000004 173.50000000000003 73.500000000000014 151.50000000000003 113.50000000000001 80.500000000000014
decision_type=2 2 2 2 2 2 2 2 2 2 2 2 2 2
left_child=1 5 3 6 -4 11 7 -3 9 -6 -11 12 -1 -14
right_child=-2 2 4 -5 8 -7 -8 -9 -10 10 -12 -13 13 -15
leaf_value=-0.02907498138460976 0.35647995936709487 0.025334304554693848 -0.066145893670643718 0.44895083429892702 -0.038309145066719424 -0.56168925531787195 -0.13728915145124457 0.42144573241251931 0.30567145333439116 0.48512429619616859 0.08405144938951549 -0.37107907635525117 -0.6839881797485492 0.11964869576091855
leaf_weight=16164 180 476 3416 429 1881 98 368 367 395 200 1372 176 80 2030
leaf_count=16164 180 476 3416 429 1881 98 368 367 395 200 1372 176 80 2030
internal_value=0.000278011 -0.00212206 0.0394569 0.19003 0.00535449 -0.0220873 0.0968378 0.19925 0.0688313 0.0413355 0.136455 -0.0190698 -0.0155789 0.0876341
internal_weight=27632 27452 8904 1640 7264 18548 1211 843 3848 3453 1572 18450 18274 2110
internal_count=27632 27452 8904 1640 7264 18548 1211 843 3848 3453 1572 18450 18274 2110
is_linear=0
shrinkage=0.05


Tree=93
num_leaves=15
num_cat=0
split_feature=14 5 7 11 7 10 6 1 5 14 13 1 3 7
split_gain=8825.95 8534.19 16766.2 14648.1 12284.6 10631.3 11764.9 8899.04 9341.52 10284.2 8415.9 8270.54 15175.2 8153.1
threshold=195.50000000000003 125.50000000000001 124.50000000000001 162.50000000000003 162.50000000000003 145.50000000000003 138.50000000000003 17.500000000000004 173.50000000000003 73.500000000000014 152.50000000000003 17.500000000000004 5.5000000000000009 102.50000000000001
decision_type=2 2 2 2 2 2 2 2 2 2 2 2 2 2
left_child=1 -1 3 5 11 6 13 8 -6 -10 -7 12 -4 -3
right_child=-2 2 4 -5 7 10 -8 -9 9 -11 -12 -13 -14 -15
leaf_value=-0.020645558907054357 0.50308054515599521 0.39113054443793049 -0.093636346192655109 0.43021724868251826 -0.033501468423502767 0.0033590536745679053 0.40034191945303066 0.29057892586133677 0.46145969977829515 0.081559581159919459 -0.55166822338269828 0.039540439181108826 -0.75380032612727244 -0.089017037898602505
leaf_weight=18586 82 111 2094 434 1895 283 368 395 200 1390 85 1256 86 367
leaf_count=18586 82 111 2094 434 1895 283 368 395 200 1390 85 1256 86 367
internal_value=0.000267359 -0.00132023 0.0387382 0.182557 0.00623898 0.0926182 0.189876 0.0671695 0.0414676 0.130643 -0.130517 -0.0625626 -0.121345 0.0253764
internal_weight=27632 27550 8964 1648 7316 1214 846 3880 3485 1590 368 3436 2180 478
internal_count=27632 27550 8964 1648 7316 1214 846 3880 3485 1590 368 3436 2180 478
is_linear=0
shrinkage=0.05


Tree=94
num_leaves=15
num_cat=0
split_feature=11 4 11 7 1 13 3 6 8 11 7 1 6 3
split_gain=8240.68 9934.44 13982.9 36559.1 84140 11659.9 14711 11489.4 13211.4 14332.8 10504.4 17006.3 10147.9 9659.42
threshold=21.500000000000004 1.5000000000000002 23.500000000000004 41.000000000000007 7.5000000000000009 64.500000000000014 5.5000000000000009 179.50000000000003 22.500000000000004 74.500000000000014 87.500000000000014 2.5000000000000004 173.50000000000003 5.5000000000000009
decision_type=2 2 2 2 2 2 2 2 2 2 2 2 2 2
left_child=13 2 3 4 -2 6 -4 8 -7 -10 -11 -12 -3 -1
right_child=1 12 5 -5 -6 7 -8 -9 9 10 11 -13 -14 -15
leaf_value=-0.011364892244873631 -0.10746138114107764 -0.012116784515706497 0.12703031517872335 -0.53556922213524905 1.4524793486633609 -0.31495356260734891 0.75852431301931733 -0.43651394512029307 0.63172813488613988 0.36236628125964976 -0.49938756685106106 0.041521011152724496 0.12992035350724337 -0.17578425518666091
leaf_weight=2702 194 18537 920 88 150 257 98 144 100 205 157 1406 1344 1330
leaf_count=2702 194 18537 920 88 150 257 98 144 100 205 157 1406 1344 1330
internal_value=0.000263571 0.0115535 0.0865005 0.352269 0.583809 0.0510894 0.191233 -0.0120689 0.0176507 0.0641291 0.0303341 -0.0142313 -0.0024845 -0.065751
internal_weight=27632 23600 3719 432 344 3287 1018 2269 2125 1868 1768 1563 19881 4032
internal_count=27632 23600 3719 432 344 3287 1018 2269 2125 1868 1768 1563 19881 4032
is_linear=0
shrinkage=0.05


Tree=95
num_leaves=15
num_cat=0
split_feature=14 8 7 9 1 6 1 4 13 14 1 12 14 11
split_gain=7867.23 7566.28 9827.5 33943.4 28265.7 8501.42 7408.24 7100.95 6779 10002 28109.5 9756.59 7727.44 7458.24
threshold=190.50000000000003 25.500000000000004 24.500000000000004 24.500000000000004 6.5000000000000009 27.500000000000004 10.500000000000002 2.5000000000000004 59.500000000000007 133.50000000000003 9.5000000000000018 27.500000000000004 168.50000000000003 111.50000000000001
decision_type=2 2 2 2 2 2 2 2 2 2 2 2 2 2
left_child=1 5 3 -3 -5 8 -7 -2 9 11 -11 -1 13 -10
right_child=7 2 -4 4 -6 6 -8 -9 12 10 -12 -13 -14 -15
leaf_value=-0.03639814699892345 0.013059516189639101 -0.23835423608620962 0.010331417071775456 0.17686198492844901 1.3689774044354757 0.61436579836593885 -0.0045552366102735199 0.63333845074058226 -0.070247196612989907 0.9486628397714858 -0.10329211036843516 0.47233237261624678 -0.5086825592236387 -0.51397663637534863
leaf_weight=3326 92 175 18716 115 85 86 103 88 4296 97 166 92 103 92
leaf_count=3326 92 175 18716 115 85 86 103 88 4296 97 166 92 103 92
internal_value=0.000263151 -0.00192645 0.0154452 0.267178 0.704543 -0.0415774 0.285646 0.325228 -0.0493154 0.000996927 0.295152 -0.0220351 -0.0905086 -0.080125
internal_weight=27632 27452 19091 375 200 8361 189 180 8172 3681 263 3418 4491 4388
internal_count=27632 27452 19091 375 200 8361 189 180 8172 3681 263 3418 4491 4388
is_linear=0
shrinkage=0.05


Tree=96
num_leaves=15
num_cat=0
split_feature=5 14 3 8 6 11 14 14 4 6 3 13 10 13
split_gain=7382.94 8539.08 7526.51 10965.2 8639.05 6777.22 15886 9827.21 7065.89 36608.6 45834.5 37103.6 26574.4 22002.8
threshold=181.50000000000003 90.500000000000014 1.0000000180025095e-35 20.500000000000004 21.500000000000004 21.500000000000004 170.50000000000003 190.50000000000003 1.5000000000000002 167.50000000000003 4.5000000000000009 144.50000000000003 25.500000000000004 137.50000000000003
decision_type=2 2 2 2 2 2 2 2 2 2 2 2 2 2
left_child=2 -2 3 -1 -5 6 -4 8 9 11 -11 -7 -13 -12
right_child=1 -3 5 4 -6 7 -8 -9 -10 10 13 12 -14 -15
leaf_value=0.47551457968120481 0.62279629999186936 0.093087842577874572 -0.057937382587726363 -0.25416155205185498 0.062980237157071378 0.034370111400574492 -0.63848038914567629 0.44235787689685824 -0.018720912675398365 0.14036271748616577 -0.37320252740294629 1.2488650723873658 0.33311381212454005 -1.4674690163166253
leaf_weight=148 81 687 3527 224 3466 1956 117 118 16372 203 96 93 452 92
leaf_count=148 81 687 3527 224 3466 1956 117 118 16372 203 96 93 452 92
internal_value=0.000274982 0.152623 -0.00410799 0.0606701 0.0434104 -0.0149161 -0.0774265 -0.00314661 -0.00598959 0.0659921 -0.380915 0.136481 0.499312 -0.932839
internal_weight=27632 768 26864 3838 3690 23026 3644 19382 19264 2892 391 2501 545 188
internal_count=27632 768 26864 3838 3690 23026 3644 19382 19264 2892 391 2501 545 188
is_linear=0
shrinkage=0.05


Tree=97
num_leaves=15
num_cat=0
split_feature=10 6 1 1 1 3 3 12 13 6 14 7 1 4
split_gain=6920.53 7734.21 6239.04 12980.8 12010.1 23490.5 26509.5 62701 71259.9 38674.4 23807.7 18354.4 18312.5 15261
threshold=189.50000000000003 189.50000000000003 11.500000000000002 12.500000000000002 5.5000000000000009 3.5000000000000004 5.5000000000000009 21.500000000000004 59.500000000000007 22.500000000000004 122.50000000000001 20.500000000000004 4.5000000000000009 3.5000000000000004
decision_type=2 2 2 2 2 2 2 2 2 2 2 2 2 2
left_child=1 2 4 -4 12 11 13 10 9 -9 -8 -6 -1 -7
right_child=-2 -3 3 -5 5 6 7 8 -10 -11 -12 -13 -14 -15
leaf_value=0.008776456004608699 0.22150912434716621 0.24297277414084234 -0.19525838248545635 -0.015011252045986165 0.85170281862758179 -0.26430643290180478 -0.10985518571268134 0.51826907023380364 -0.090475643487139185 1.6678517568268274 -1.0641784798879834 0.13191023621155359 -0.20921972521557414 0.014916001243293887
leaf_weight=5754 344 312 1082 12334 86 1122 289 178 270 128 80 3637 1152 864
leaf_count=5754 344 312 1082 12334 86 1122 289 178 270 128 80 3637 1152 864
internal_value=0.000267054 -0.00256205 -0.00544637 -0.0296155 0.0184682 0.0663831 -0.0394677 0.177931 0.502215 1.01822 -0.328215 0.149657 -0.0277129 -0.1431
internal_weight=27632 27288 26976 13416 13560 6654 2931 945 576 306 369 3723 6906 1986
internal_count=27632 27288 26976 13416 13560 6654 2931 945 576 306 369 3723 6906 1986
is_linear=0
shrinkage=0.05


Tree=98
num_leaves=15
num_cat=0
split_feature=14 9 4 13 14 5 8 6 9 4 14 8 14 1
split_gain=6579.01 6907.61 7580.85 10347.6 24119.6 17350.4 6894.53 7279.11 8495.95 25036.2 26558.8 11599 9306.29 7619.62
threshold=195.50000000000003 110.50000000000001 3.5000000000000004 60.500000000000007 60.500000000000007 80.500000000000014 152.50000000000003 138.50000000000003 107.50000000000001 3.5000000000000004 74.500000000000014 105.50000000000001 117.50000000000001 2.5000000000000004
decision_type=2 2 2 2 2 2 2 2 2 2 2 2 2 2
left_child=1 6 3 4 -3 -5 7 8 13 10 11 -10 -12 -1
right_child=-2 2 -4 5 -6 -7 -8 -9 9 -11 12 -13 -14 -15
leaf_value=0.06483512391642092 0.43438557274318462 0.74541015325125703 -0.023107698180646036 -0.66823824671505205 0.10413707660293109 0.035245614886191767 -0.39369822297990326 0.21439436049090688 -1.2084558714392051 0.13559874858026175 -0.017965005369700804 -0.4029013076424599 -0.60514112469028025 -0.032931236502042487
leaf_weight=2419 82 156 4772 84 1678 5790 120 317 101 408 329 90 80 11206
leaf_count=2419 82 156 4772 84 1678 5790 120 317 101 408 329 90 80 11206
internal_value=0.000269165 -0.00110153 0.0264048 0.0570529 0.160562 0.0246258 -0.0238817 -0.0207826 -0.0259488 -0.165653 -0.369933 -0.848836 -0.138737 -0.0155563
internal_weight=27632 27550 12480 7708 1834 5874 15070 14950 14633 1008 600 191 409 13625
internal_count=27632 27550 12480 7708 1834 5874 15070 14950 14633 1008 600 191 409 13625
is_linear=0
shrinkage=0.05


Tree=99
num_leaves=15
num_cat=0
split_feature=5 13 13 3 1 9 7 5 3 14 1 5 4 11
split_gain=6132.66 7237.95 24535.7 17095.9 43658 66938.2 37153.6 15673.9 13085.9 25336.3 15713.8 20349.7 11837.8 11044.5
threshold=21.500000000000004 55.000000000000007 92.500000000000014 5.5000000000000009 11.500000000000002 21.500000000000004 23.500000000000004 127.50000000000001 4.5000000000000009 132.50000000000003 6.5000000000000009 94.500000000000014 2.5000000000000004 22.500000000000004
decision_type=2 2 2 2 2 2 2 2 2 2 2 2 2 2
left_child=-1 3 7 8 5 -5 -7 -3 -2 10 -10 -12 -8 -4
right_child=1 2 13 4 -6 6 12 -9 9 -11 11 -13 -14 -15
leaf_value=-0.05644464199027549 0.052149898254628568 -0.11880728226161333 -0.12364851388416682 -0.40514227621830429 0.031799641440408387 1.7519103439016774 0.1245078515013059 -0.54490053172155128 0.27765737648866357 -0.95217420630071359 -0.088955415654269093 -0.90025391985388359 0.89769774690866466 0.028858415019617167
leaf_weight=4064 4577 1809 1303 112 1078 105 85 241 254 82 872 80 120 12850
leaf_count=4064 4577 1809 1303 112 1078 105 85 241 254 82 872 80 120 12850
internal_value=0.000241067 0.0100257 -0.00865741 0.0511065 0.201439 0.629336 1.00358 -0.170103 0.0125195 -0.127967 -0.0682264 -0.161479 0.587704 0.0147791
internal_weight=27632 23568 16203 7365 1500 422 310 2050 5865 1288 1206 952 205 14153
internal_count=27632 23568 16203 7365 1500 422 310 2050 5865 1288 1206 952 205 14153
is_linear=0
shrinkage=0.05


Tree=100
num_leaves=15
num_cat=0
split_feature=10 6 1 1 9 1 3 3 12 13 12 14 8 1
split_gain=5756.57 6505.25 5446.68 10877.1 10635.9 10554.7 20465.2 21942.1 53384.6 61726.8 25350.3 21537.7 17069.3 16148.1
threshold=189.50000000000003 186.50000000000003 11.500000000000002 12.500000000000002 146.50000000000003 5.5000000000000009 3.5000000000000004 5.5000000000000009 21.500000000000004 28.500000000000004 23.500000000000004 122.50000000000001 20.500000000000004 4.5000000000000009
decision_type=2 2 2 2 2 2 2 2 2 2 2 2 2 2
left_child=1 2 5 -4 -5 13 12 -8 11 10 -10 -9 -7 -1
right_child=-2 -3 3 4 -6 6 7 8 9 -11 -12 -13 -14 -15
leaf_value=0.0081461905502844163 0.20200964071945338 0.20502594177718536 -0.1809883522344605 -0.051227243813584192 0.044252965893016673 0.76916052221542319 -0.13098796656783124 -0.098284880041467904 1.564296946742318 -0.0097771455736263939 0.54968305909251036 -1.0058121877623831 0.12170219501999409 -0.19656223084749624
leaf_weight=5754 344 368 1062 7591 4730 100 1983 289 116 317 143 80 3603 1152
leaf_count=5754 344 368 1062 7591 4730 100 1983 289 116 317 143 80 3603 1152
internal_value=0.000228781 -0.00235147 -0.00522389 -0.0278383 -0.0145696 0.0171353 0.0621691 -0.0365868 0.161153 0.460387 1.02513 -0.305855 0.1402 -0.026119
internal_weight=27632 27288 26920 13383 12321 13537 6631 2928 945 576 259 369 3703 6906
internal_count=27632 27288 26920 13383 12321 13537 6631 2928 945 576 259 369 3703 6906
is_linear=0
shrinkage=0.05


Tree=101
num_leaves=15
num_cat=0
split_feature=14 12 14 6 3 8 1 1 1 3 9 4 14 7
split_gain=5288.3 5343.74 9294.28 8535.45 8150.03 18721 7738.39 6538.59 7995.76 18831.5 18996.2 28315.7 42317.3 19272.4
threshold=195.50000000000003 159.50000000000003 27.500000000000004 189.50000000000003 4.5000000000000009 137.50000000000003 12.500000000000002 11.500000000000002 5.5000000000000009 3.5000000000000004 110.50000000000001 2.5000000000000004 141.50000000000003 126.50000000000001
decision_type=2 2 2 2 2 2 2 2 2 2 2 2 2 2
left_child=1 3 6 7 -4 -6 -3 8 -1 -10 11 12 -11 -12
right_child=-2 2 4 -5 5 -7 -8 -9 9 10 13 -13 -14 -15
leaf_value=-0.02481989050226166 0.38944330513905523 -0.050453829743189384 0.059694251084183907 0.29621310027373654 0.19069057520504834 -0.6108065530063973 0.48740372118479186 -0.040087723899309868 0.13324965972826994 -0.19394428400065367 0.60971895699174361 0.024535267658539264 -1.2568724501775492 -0.058199049297336228
leaf_weight=6906 82 96 2596 222 139 144 209 11073 3360 686 203 1589 104 223
leaf_count=6906 82 96 2596 222 139 144 209 11073 3360 686 203 1589 104 223
internal_value=0.000233539 -0.000995363 0.0598691 -0.00895941 0.031801 -0.220662 0.320028 -0.0118262 0.0121216 0.0534898 -0.0421186 -0.0972757 -0.340899 0.263462
internal_weight=27632 27550 3184 24366 2879 283 305 24144 13071 6165 2805 2379 790 426
internal_count=27632 27550 3184 24366 2879 283 305 24144 13071 6165 2805 2379 790 426
is_linear=0
shrinkage=0.05


Tree=102
num_leaves=15
num_cat=0
split_feature=10 6 3 8 6 5 14 13 13 13 12 6 5 1
split_gain=5296.1 5412.38 4804.63 9222.84 7230.65 4821.68 14354 4468.03 5755.93 17823.7 13499.2 22073.9 13252.7 12141.1
threshold=189.50000000000003 186.50000000000003 1.0000000180025095e-35 20.500000000000004 21.500000000000004 26.500000000000004 75.500000000000014 20.500000000000004 52.000000000000007 93.500000000000014 136.50000000000003 110.50000000000001 127.50000000000001 9.5000000000000018
decision_type=2 2 2 2 2 2 2 2 2 2 2 2 2 2
left_child=1 2 3 -1 -5 6 -6 -4 10 12 13 -12 -10 -9
right_child=-2 -3 7 4 5 -7 -8 8 9 -11 11 -13 -14 -15
leaf_value=0.42673180709087771 0.1937638126217619 0.18690397804627951 -0.15725765166168643 -0.24174571131970166 -0.079765098908190002 0.033956946404560942 0.77432557767213783 0.10090390944819526 -0.11084946615253116 -0.0037889641761865338 0.93499955426098103 0.11662534254158403 -0.49961260804640395 -0.060478885684966156
leaf_weight=148 344 368 524 224 113 3376 81 2028 2148 14776 97 439 240 2726
leaf_count=148 344 368 524 224 113 3376 81 2028 2148 14776 97 439 240 2726
internal_value=0.000221462 -0.00225344 -0.00487347 0.0460903 0.0306998 0.0481086 0.287335 -0.0136247 -0.0102385 -0.024292 0.0353393 0.271999 -0.150883 0.00839878
internal_weight=27632 27288 26920 3942 3794 3570 194 22978 22454 17164 5290 536 2388 4754
internal_count=27632 27288 26920 3942 3794 3570 194 22978 22454 17164 5290 536 2388 4754
is_linear=0
shrinkage=0.05


Tree=103
num_leaves=15
num_cat=0
split_feature=12 7 14 7 14 13 13 3 8 6 14 1 14 7
split_gain=5049.54 5797.55 5381.95 5160.1 5036.64 6751.74 4693.38 3783.53 7798.06 6284.57 4825.5 13590.7 4343.16 17054.1
threshold=179.50000000000003 140.00000000000003 163.50000000000003 188.50000000000003 190.50000000000003 137.50000000000003 194.50000000000003 1.0000000180025095e-35 20.500000000000004 21.500000000000004 182.50000000000003 9.5000000000000018 30.500000000000004 25.500000000000004
decision_type=2 2 2 2 2 2 2 2 2 2 2 2 2 2
left_child=3 -2 -3 4 6 -6 7 8 -1 -10 -9 -12 -11 -14
right_child=1 2 -4 -5 5 -7 -8 10 9 12 11 -13 13 -15
leaf_value=0.38930784557014708 0.43922156758774494 -0.062435948821752088 0.33954450918748286 0.21850001073346059 0.55747032795599971 -0.063028571386446894 0.36430611259797041 -0.013039512638982387 -0.22992234002457176 -0.18866019896207711 -0.69850437397415721 0.046819297175788317 0.69070165630649116 0.03364010235976423
leaf_weight=147 128 279 113 256 87 82 80 22560 224 190 92 164 97 3133
leaf_count=147 128 279 113 256 87 82 80 22560 224 190 92 164 97 3133
internal_value=0.000224995 0.153811 0.056258 -0.00274856 -0.00489785 0.26324 -0.00664487 -0.00782846 0.0383952 0.0237252 -0.0155155 -0.229281 0.0406498 0.0544093
internal_weight=27632 520 392 27112 26856 169 26687 26607 3791 3644 22816 256 3420 3230
internal_count=27632 520 392 27112 26856 169 26687 26607 3791 3644 22816 256 3420 3230
is_linear=0
shrinkage=0.05


Tree=104
num_leaves=15
num_cat=0
split_feature=5 4 6 3 3 13 11 3 7 13 3 8 6 9
split_gain=4845.18 6098.97 12892.4 34483.3 23123.8 25192.4 33887.9 17768.1 14053.7 12965.7 41555.1 8373.15 11020.6 8065.24
threshold=21.500000000000004 1.5000000000000002 167.50000000000003 4.5000000000000009 2.5000000000000004 144.50000000000003 74.500000000000014 5.5000000000000009 165.50000000000003 64.500000000000014 5.5000000000000009 25.500000000000004 98.500000000000014 162.50000000000003
decision_type=2 2 2 2 2 2 2 2 2 2 2 2 2 2
left_child=-1 2 4 -4 -2 9 -7 -5 -9 10 -6 -11 -13 -8
right_child=1 -3 3 7 5 6 13 8 -10 11 -12 12 -14 -15
leaf_value=-0.050155111376661232 -0.10019644252148768 -0.0021723662759598676 0.12448817997694801 -1.1457033889268036 0.12002686765692093 1.2964853238728313 0.46078422335651886 -0.71385767696534896 0.19976056361899658 -0.38238076452855713 1.2766327011283864 0.52080490117094347 -0.028765576463720494 4.2810561982068152e-05
leaf_weight=4064 895 19801 488 88 621 103 257 80 80 130 84 100 692 149
leaf_count=4064 895 19801 488 88 621 103 257 80 80 130 84 100 692 149
internal_value=0.000230245 0.00892735 0.0671979 -0.119941 0.112762 0.202019 0.507301 -0.593868 -0.264838 0.105252 0.265855 -0.0183242 0.0434566 0.293752
internal_weight=27632 23568 3767 736 3031 2136 509 248 160 1627 705 922 792 406
internal_count=27632 23568 3767 736 3031 2136 509 248 160 1627 705 922 792 406
is_linear=0
shrinkage=0.05


Tree=105
num_leaves=15
num_cat=0
split_feature=12 7 1 1 7 5 14 12 14 1 3 3 11 13
split_gain=4519.25 5213.62 4855.49 11019.8 9759.09 15892.8 12377 11146.9 12323.5 9244.88 16713 20828.5 45712.3 35974.6
threshold=179.50000000000003 140.00000000000003 11.500000000000002 12.500000000000002 162.50000000000003 179.50000000000003 103.50000000000001 158.50000000000003 27.500000000000004 5.5000000000000009 3.5000000000000004 5.5000000000000009 21.500000000000004 28.500000000000004
decision_type=2 2 2 2 2 2 2 2 2 2 2 2 2 2
left_child=2 -2 9 -4 5 7 -6 -5 -9 -1 -11 -12 -13 -14
right_child=1 -3 3 4 6 -7 -8 8 -10 10 11 12 13 -15
leaf_value=-0.022495659282939048 0.41618491496358606 0.05302556641493697 -0.17816670366838722 -0.045020636505666005 0.36369235430413871 -0.63956722888111506 0.033868686337443971 0.55193967113537457 0.057177099942870395 0.12855706152333293 -0.12191062684064068 -0.303077184912664 0.76697243245954283 0.024735731092783122
leaf_weight=6906 128 392 1062 8777 337 101 1698 135 1264 3836 2000 347 329 320
leaf_count=6906 128 392 1062 8777 337 101 1698 135 1264 3836 2000 347 329 320
internal_value=0.000232987 0.145531 -0.0025801 -0.0240211 -0.010658 -0.0304742 0.0892457 -0.0241177 0.106716 0.018294 0.0595117 -0.028959 0.157367 0.403988
internal_weight=27632 520 27112 13374 12312 10277 2035 10176 1399 13738 6832 2996 996 649
internal_count=27632 520 27112 13374 12312 10277 2035 10176 1399 13738 6832 2996 996 649
is_linear=0
shrinkage=0.05


Tree=106
num_leaves=15
num_cat=0
split_feature=10 1 1 2 1 3 3 10 13 11 14 7 1 3
split_gain=4154.92 4283.79 9697.66 9223.62 8527.22 14961.2 19299.4 43395.3 45363.2 26710.5 21963.3 14686.6 14357 13445.9
threshold=189.50000000000003 11.500000000000002 12.500000000000002 1.0000000180025095e-35 5.5000000000000009 3.5000000000000004 5.5000000000000009 21.500000000000004 28.500000000000004 23.500000000000004 115.50000000000001 20.500000000000004 4.5000000000000009 4.5000000000000009
decision_type=2 2 2 2 2 2 2 2 2 2 2 2 2 2
left_child=1 4 3 -3 12 11 13 10 9 -9 -8 -6 -1 -7
right_child=-2 2 -4 -5 5 6 7 8 -10 -11 -12 -13 -14 -15
leaf_value=0.01093479473644772 0.17165824239686622 0.089453426301681072 -0.0091744666065181231 -0.24367075813704386 0.75105067193917519 0.015230444635640276 -0.066918818232010721 1.3581041351271175 0.012885587066838939 0.38148399451086601 -0.98994802488123668 0.1075026837098059 -0.18208576901940599 -0.2435425609770587
leaf_weight=5754 344 272 12464 846 86 994 270 136 344 150 80 3732 1152 1008
leaf_count=5754 344 272 12464 846 86 994 270 136 344 150 80 3732 1152 1008
internal_value=0.000231161 -0.00196095 -0.0218578 -0.162587 0.0177567 0.0574814 -0.0264218 0.154895 0.401763 0.861246 -0.288868 0.122962 -0.0213717 -0.115343
internal_weight=27632 27288 13582 1118 13706 6800 2982 980 630 286 350 3818 6906 2002
internal_count=27632 27288 13582 1118 13706 6800 2982 980 630 286 350 3818 6906 2002
is_linear=0
shrinkage=0.05


Tree=107
num_leaves=15
num_cat=0
split_feature=12 7 14 7 14 4 13 3 8 6 14 1 14 7
split_gain=4107.73 4691.82 4669.33 4135.93 4002.48 6054.32 4149.92 3233.66 6659.24 5611.76 4586.91 12340.1 3928.29 15398
threshold=179.50000000000003 140.00000000000003 163.50000000000003 188.50000000000003 190.50000000000003 2.5000000000000004 194.50000000000003 1.0000000180025095e-35 20.500000000000004 21.500000000000004 182.50000000000003 9.5000000000000018 30.500000000000004 25.500000000000004
decision_type=2 2 2 2 2 2 2 2 2 2 2 2 2 2
left_child=3 -2 -3 4 6 -6 7 8 -1 -10 -9 -12 -11 -14
right_child=1 2 -4 -5 5 -7 -8 10 9 12 11 -13 13 -15
leaf_value=0.35996534081273962 0.39551173344086438 -0.059545363735204276 0.3148656545167442 0.19562695869351684 -0.053992038116019263 0.53315160314682442 0.34288002385812649 -0.011739218415765296 -0.21755533132551635 -0.17995708745832628 -0.66966675912442897 0.040638498600418044 0.65581720573645019 0.031475240486459805
leaf_weight=147 128 279 113 256 88 81 80 22560 224 190 92 164 97 3133
leaf_count=147 128 279 113 256 88 81 80 22560 224 190 92 164 97 3133
internal_value=0.000230123 0.138755 0.0509906 -0.00245184 -0.00437605 0.234654 -0.00593342 -0.00704643 0.0356864 0.0221296 -0.014153 -0.222566 0.0381229 0.0512095
internal_weight=27632 520 392 27112 26856 169 26687 26607 3791 3644 22816 256 3420 3230
internal_count=27632 520 392 27112 26856 169 26687 26607 3791 3644 22816 256 3420 3230
is_linear=0
shrinkage=0.05


Tree=108
num_leaves=15
num_cat=0
split_feature=5 4 6 14 3 13 11 13 3 12 14 7 9 3
split_gain=3995.45 5435.25 12213.1 33571.2 21349 23098.2 31513.8 11045.9 35511.7 8042.5 7883.33 13967.4 7728.92 7601.96
threshold=21.500000000000004 1.5000000000000002 167.50000000000003 23.500000000000004 2.5000000000000004 144.50000000000003 74.500000000000014 64.500000000000014 5.5000000000000009 146.50000000000003 64.500000000000014 25.500000000000004 162.50000000000003 4.5000000000000009
decision_type=2 2 2 2 2 2 2 2 2 2 2 2 2 2
left_child=-1 2 4 -4 10 7 -7 8 -6 -9 11 -2 -8 -5
right_child=1 -3 3 13 5 6 12 9 -10 -11 -12 -13 -14 -15
leaf_value=-0.045520549974124809 -0.1033066869605312 -0.0023467706103685992 -0.97602606582257789 0.11234185645238209 0.11399748900208991 1.2465599409959935 0.4432091026773094 0.055966775792359383 1.1832430431975074 -0.3243813245036804 0.04969137345789168 -0.79921452448918273 -0.0075714543752081996 -0.28035727812711037
leaf_weight=4064 357 19801 94 482 621 103 257 757 84 165 452 86 149 160
leaf_count=4064 357 19801 94 482 621 103 257 757 84 165 452 86 149 160
internal_value=0.000233791 0.00813152 0.0631401 -0.118995 0.10749 0.193254 0.485571 0.100596 0.248832 -0.0134824 -0.0971295 -0.245816 0.279695 0.0130626
internal_weight=27632 23568 3767 736 3031 2136 509 1627 705 922 895 443 406 642
internal_count=27632 23568 3767 736 3031 2136 509 1627 705 922 895 443 406 642
is_linear=0
shrinkage=0.05


Tree=109
num_leaves=15
num_cat=0
split_feature=13 13 5 11 11 13 5 14 10 12 7 7 9 6
split_gain=3690.46 16933.8 11436.1 9027.66 22813.5 22016.8 12798.2 7712.8 22548 28481.9 9069.21 7394.47 7062.44 18903.7
threshold=52.000000000000007 93.500000000000014 127.50000000000001 22.500000000000004 23.500000000000004 160.50000000000003 48.000000000000007 165.50000000000003 23.500000000000004 21.500000000000004 99.500000000000014 23.500000000000004 122.50000000000001 108.50000000000001
decision_type=2 2 2 2 2 2 2 2 2 2 2 2 2 2
left_child=7 2 -2 11 5 -5 -6 12 9 -9 -10 -3 -1 -14
right_child=1 3 -4 4 6 -7 -8 8 10 -11 -12 -13 13 -15
leaf_value=-0.014801920237310319 -0.096197723335542606 -0.028945586385963857 -0.43877545055272904 0.18871995879420411 -0.13941224745644018 1.1136798462819779 0.028998206039458088 0.065280440478932625 -0.32789175967774253 1.3148413224595377 0.1194762890704158 -0.2173277758634177 0.61934164272078984 0.047331601363504429
leaf_weight=6304 2190 2134 270 258 1244 82 11653 97 132 82 651 685 153 1697
leaf_count=6304 2190 2134 270 258 1244 82 11653 97 132 82 651 685 153 1697
internal_value=0.000228128 -0.0125927 -0.134611 0.00613834 0.023445 0.424706 0.0127062 0.0262618 0.159778 0.657879 0.0424559 -0.0750251 0.0104215 0.0961803
internal_weight=27632 18516 2460 16056 13237 340 12897 9116 962 179 783 2819 8154 1850
internal_count=27632 18516 2460 16056 13237 340 12897 9116 962 179 783 2819 8154 1850
is_linear=0
shrinkage=0.05


Tree=110
num_leaves=15
num_cat=0
split_feature=12 7 14 1 1 7 5 14 12 14 5 9 4 13
split_gain=3552.19 4211.47 4180.67 4112.73 8554.1 8473.82 14414.6 11781.2 9606.82 11115.7 9201.26 8959.25 11171.1 17509.7
threshold=179.50000000000003 140.00000000000003 167.50000000000003 11.500000000000002 12.500000000000002 162.50000000000003 179.50000000000003 103.50000000000001 158.50000000000003 27.500000000000004 125.50000000000001 171.50000000000003 1.5000000000000002 149.50000000000003
decision_type=2 2 2 2 2 2 2 2 2 2 2 2 2 2
left_child=3 -2 -3 -1 -5 6 8 -7 11 -10 -11 12 13 -6
right_child=1 2 -4 4 5 7 -8 -9 9 10 -12 -13 -14 -15
leaf_value=0.016954139095331229 0.37229961255439248 -0.040035730961170406 0.35010063323107632 -0.15780042409896852 -0.0020697579947314914 0.3506315859369607 -0.60875566777474477 0.028862504227008479 0.52166687163923464 -0.13029180839161078 0.15092070484104414 -0.38077741088979533 -0.057973014546359482 0.43454824581453366
leaf_weight=13738 128 309 83 1062 948 337 101 1698 135 445 819 186 7345 298
leaf_count=13738 128 309 83 1062 948 337 101 1698 135 445 819 186 7345 298
internal_value=0.000236933 0.129054 0.0459386 -0.00225708 -0.0219901 -0.0102162 -0.0286814 0.0828769 -0.0226278 0.0988324 0.0517946 -0.0420331 -0.0344819 0.103674
internal_weight=27632 520 392 27112 13374 12312 10277 2035 10176 1399 1264 8777 8591 1246
internal_count=27632 520 392 27112 13374 12312 10277 2035 10176 1399 1264 8777 8591 1246
is_linear=0
shrinkage=0.05


Tree=111
num_leaves=15
num_cat=0
split_feature=2 8 5 6 2 13 14 9 7 9 7 9 1 1
split_gain=3454.07 4584.73 6614.34 5673.04 4473.86 4129.37 8418.19 5869.33 5475.36 5459.71 4159.29 8963.23 7155.45 9420.62
threshold=1.0000000180025095e-35 108.50000000000001 94.500000000000014 128.50000000000003 2.5000000000000004 166.50000000000003 149.50000000000003 100.50000000000001 22.500000000000004 113.50000000000001 144.50000000000003 151.50000000000003 17.500000000000004 16.500000000000004
decision_type=2 2 2 2 2 2 2 2 2 2 2 2 2 2
left_child=1 -1 -3 -4 5 10 8 -8 -7 -9 11 -2 13 -12
right_child=4 2 3 -5 -6 6 7 9 -10 -11 12 -13 -14 -15
leaf_value=-0.0023830339263563711 -0.032239617955659945 -0.25587296427860723 0.23280719614456877 0.058061964586301411 0.022869135228764773 -0.072401847437672001 -0.40554362604937827 0.35757902784044954 0.32982524807416447 -0.045881159525491273 -0.086377997574351675 0.16085012342739549 0.066836685523084069 -0.37644348779743897
leaf_weight=4150 9212 134 600 2024 6908 110 91 93 340 576 1852 638 578 326
leaf_count=4150 9212 134 600 2024 6908 110 91 93 340 576 1852 638 578 326
internal_value=0.00023276 0.0308387 0.0807419 0.0983857 -0.00997421 -0.0263982 0.0616602 -0.0399299 0.231788 0.0124418 -0.0348717 -0.0196576 -0.089113 -0.130557
internal_weight=27632 6908 2758 2624 20724 13816 1210 760 450 669 12606 9850 2756 2178
internal_count=27632 6908 2758 2624 20724 13816 1210 760 450 669 12606 9850 2756 2178
is_linear=0
shrinkage=0.05


Tree=112
num_leaves=15
num_cat=0
split_feature=13 13 5 11 11 13 5 14 7 5 14 13 9 5
split_gain=3469.52 14967.2 10891.1 7885.14 20701.9 19543.2 11416.5 6771.37 14185.9 8058.6 6741.68 22215.4 9130.7 25237.5
threshold=52.000000000000007 92.500000000000014 128.50000000000003 22.500000000000004 23.500000000000004 160.50000000000003 48.000000000000007 173.50000000000003 24.500000000000004 123.50000000000001 135.50000000000003 139.50000000000003 100.50000000000001 129.50000000000003
decision_type=2 2 2 2 2 2 2 2 2 2 2 2 2 2
left_child=7 2 -2 -3 5 -5 -6 -1 -9 -10 -8 -12 13 -13
right_child=1 3 -4 4 6 -7 10 8 9 -11 11 12 -14 -15
leaf_value=0.014053227902410682 -0.093738863764743247 -0.07041150615832896 -0.44807259641557073 0.18081712954511209 -0.13255775004181922 1.0523764461621472 0.057261599579959022 0.74879531714477043 -0.31503200650359825 0.18019875751120612 -0.36395895727484789 -0.95358476878186194 0.030409566549767827 0.15215679777302141
leaf_weight=8524 2072 2865 238 258 1250 82 7003 90 98 404 422 83 4121 122
leaf_count=8524 2072 2865 238 258 1250 82 7003 90 98 404 422 83 4121 122
internal_value=0.000220685 -0.0122104 -0.131135 0.00477625 0.0209433 0.403222 0.0107948 0.0254631 0.188256 0.0813669 0.0260937 -0.0198889 0.0140564 -0.307579
internal_weight=27632 18516 2310 16206 13341 340 13001 9116 592 502 11751 4748 4326 205
internal_count=27632 18516 2310 16206 13341 340 13001 9116 592 502 11751 4748 4326 205
is_linear=0
shrinkage=0.05


Tree=113
num_leaves=15
num_cat=0
split_feature=1 1 2 8 9 1 3 3 10 13 11 14 7 1
split_gain=3261.48 7271.04 8874.53 7979.93 7603.65 6996.68 13506 16841.7 37323.6 33812.2 28276.5 20536.6 13062.8 12829.4
threshold=11.500000000000002 12.500000000000002 1.0000000180025095e-35 158.50000000000003 178.50000000000003 5.5000000000000009 3.5000000000000004 5.5000000000000009 21.500000000000004 28.500000000000004 23.500000000000004 115.50000000000001 20.500000000000004 4.5000000000000009
decision_type=2 2 2 2 2 2 2 2 2 2 2 2 2 2
left_child=5 2 -2 4 -3 13 12 -8 11 10 -10 -9 -7 -1
right_child=1 3 -4 -5 -6 6 7 8 9 -11 -12 -13 -14 -15
leaf_value=0.012330772124298702 0.10210646513353638 -0.030488902425455478 -0.2167637768622715 0.083693401779889487 0.23451948070717751 0.70697804627182725 -0.10966747804199294 -0.059984171344475312 1.2625802380244202 0.017004147325148725 0.3030173614865444 -0.95241781714207985 0.10019656606402008 -0.17013123664890667
leaf_weight=5754 288 10320 864 2069 273 86 2016 270 136 344 178 80 3802 1152
leaf_count=5754 288 10320 864 2069 273 86 2016 270 136 344 178 80 3802 1152
internal_value=0.000210001 -0.0169674 -0.136949 -0.00600153 -0.0235518 0.0173823 0.0529282 -0.0263053 0.140137 0.361102 0.7319 -0.27451 0.114509 -0.0182071
internal_weight=27632 13814 1152 12662 10593 13818 6912 3024 1008 658 314 350 3888 6906
internal_count=27632 13814 1152 12662 10593 13818 6912 3024 1008 658 314 350 3888 6906
is_linear=0
shrinkage=0.05


Tree=114
num_leaves=15
num_cat=0
split_feature=12 13 0 1 1 7 1 3 4 4 14 9 8 11
split_gain=3066.78 3752.86 4185.37 3556.33 6570.28 7401.98 6073.12 12194.6 15779.2 45197.7 44987.8 28646.9 16624.2 12100.8
threshold=179.50000000000003 157.50000000000003 4.5000000000000009 11.500000000000002 12.500000000000002 182.50000000000003 5.5000000000000009 3.5000000000000004 2.5000000000000004 1.5000000000000002 114.50000000000001 80.500000000000014 94.500000000000014 21.500000000000004
decision_type=2 2 2 2 2 2 2 2 2 2 2 2 2 2
left_child=3 2 -2 6 -5 -6 -1 -8 9 11 12 -9 -11 -10
right_child=1 -3 -4 4 5 -7 7 8 13 10 -12 -13 -14 -15
leaf_value=-0.017302405773499591 0.21619534120351697 0.2882769689523601 -0.14203663989901544 -0.1394812647864701 -0.015284687114391106 0.28136741924491304 0.10814385207813218 -0.55130270849435759 -0.15833172356917635 -0.13753326180919476 -1.5322602380890715 0.32757437549717727 -0.83403045959300826 0.13594810740113727
leaf_weight=6906 139 198 183 1062 12103 209 3836 112 460 388 82 445 106 1403
leaf_count=6906 139 198 183 1062 12103 209 3836 112 460 388 82 445 106 1403
internal_value=0.000211106 0.119904 0.0135451 -0.00210625 -0.020456 -0.0101368 0.0157583 0.0491652 -0.0264038 -0.173136 -0.481815 0.14752 -0.293844 0.0630571
internal_weight=27632 520 322 27112 13374 12312 13738 6832 2996 1133 576 557 494 1863
internal_count=27632 520 322 27112 13374 12312 13738 6832 2996 1133 576 557 494 1863
is_linear=0
shrinkage=0.05


Tree=115
num_leaves=15
num_cat=0
split_feature=13 13 5 11 11 13 5 14 13 4 9 3 11 7
split_gain=2968.28 12753.5 9318.99 6479.74 19025.8 17740 9796.96 6971.51 12209.4 9127.61 7024.78 18259.6 12303.3 7731.94
threshold=52.000000000000007 92.500000000000014 128.50000000000003 22.500000000000004 23.500000000000004 160.50000000000003 48.000000000000007 149.50000000000003 145.50000000000003 4.5000000000000009 161.50000000000003 4.5000000000000009 160.50000000000003 150.50000000000003
decision_type=2 2 2 2 2 2 2 2 2 2 2 2 2 2
left_child=-1 2 -2 -3 5 -5 -6 10 -9 -10 -8 12 13 -12
right_child=1 3 -4 4 6 -7 7 8 9 -11 11 -13 -14 -15
leaf_value=0.023528832872589809 -0.086504329560969359 -0.063795670638694874 -0.41426570369812199 0.17356843298209032 -0.12350547516340041 1.0039926317017311 0.069966877790284557 -0.31410723550239833 0.029927413822085469 -0.19952748879848972 -0.59639388030035456 -0.7009025538522824 0.10100645364509636 -0.078530519895110895
leaf_weight=9116 2072 2865 238 258 1250 82 6744 344 2947 503 109 97 806 201
leaf_count=9116 2072 2865 238 258 1250 82 6744 344 2947 503 109 97 806 201
internal_value=0.000180921 -0.0113172 -0.121095 0.00436307 0.0190187 0.385495 0.00929013 0.0234626 -0.0322816 -0.00376678 0.0500458 -0.0605435 -0.0020071 -0.267194
internal_weight=27632 18516 2310 16206 13341 340 13001 11751 3794 3450 7957 1213 1116 310
internal_count=27632 18516 2310 16206 13341 340 13001 11751 3794 3450 7957 1213 1116 310
is_linear=0
shrinkage=0.05


Tree=116
num_leaves=15
num_cat=0
split_feature=2 2 8 5 6 7 5 14 7 1 1 9 0 14
split_gain=2885.89 3999.18 3634.26 5825.55 5133.23 3434.5 7657.51 5648.79 5563.91 8794.15 5186.71 4785.98 7988.38 4196.13
threshold=1.0000000180025095e-35 2.5000000000000004 108.50000000000001 94.500000000000014 128.50000000000003 144.50000000000003 126.50000000000001 176.50000000000003 158.50000000000003 17.500000000000004 16.500000000000004 122.50000000000001 4.5000000000000009 171.50000000000003
decision_type=2 2 2 2 2 2 2 2 2 2 2 2 2 2
left_child=2 5 -1 -4 -5 6 7 13 -7 10 11 12 -10 -2
right_child=1 -3 3 4 -6 8 -8 -9 9 -11 -12 -13 -14 -15
leaf_value=-0.0014422376660706317 -0.024389339789419723 0.021883547615808716 -0.24330775706238189 0.21698463672833626 0.0507871157832709 -0.16348224150935939 0.1053367769625484 -0.31455525543518409 0.064351723770077307 0.25839162158195345 -0.29471828865520122 -0.005276293239876835 -0.61200149966759632 0.32456336226528404
leaf_weight=4150 9008 6908 134 600 2024 1056 1248 162 84 240 204 1648 84 82
leaf_count=4150 9008 6908 134 600 2024 1056 1248 162 84 240 204 1648 84 82
internal_value=0.000161241 -0.00916852 0.0281369 0.0725671 0.08913 -0.0246969 -0.0106738 -0.0263708 -0.0690176 -0.0246149 -0.0587944 -0.0315555 -0.281739 -0.0210648
internal_weight=27632 20724 6908 2758 2624 13816 10500 9252 3316 2260 2020 1816 168 9090
internal_count=27632 20724 6908 2758 2624 13816 10500 9252 3316 2260 2020 1816 168 9090
is_linear=0
shrinkage=0.05


Tree=117
num_leaves=15
num_cat=0
split_feature=10 1 1 13 9 11 1 12 11 7 4 3 14 3
split_gain=2830.55 3199.82 5504.6 11952.5 17586.3 13401.6 11542.3 11389.8 21995.3 23525.1 19881.8 26914.4 10555.9 10480.5
threshold=189.50000000000003 11.500000000000002 5.5000000000000009 82.500000000000014 102.50000000000001 87.500000000000014 4.5000000000000009 26.500000000000004 83.500000000000014 104.50000000000001 3.5000000000000004 2.5000000000000004 106.50000000000001 3.5000000000000004
decision_type=2 2 2 2 2 2 2 2 2 2 2 2 2 2
left_child=1 2 6 -4 7 13 -1 10 9 -9 12 -12 -5 -6
right_child=-2 -3 3 4 5 -7 -8 8 -10 -11 11 -13 -14 -15
leaf_value=0.012905743017118427 0.14164018113710478 -0.018857932153282714 0.13829737807133499 -0.067611745896503192 0.52521090796182957 0.032742797221028817 -0.16016063214502682 -0.2956000023997874 -0.069787695290729132 -1.2636420200376408 1.044031935692816 0.036789550224831144 -0.60466029433811319 -0.0049013077300422044
leaf_weight=5754 344 13582 2353 472 266 2233 1152 212 594 87 86 246 109 142
leaf_count=5754 344 13582 2353 472 266 2233 1152 212 594 87 86 246 109 142
internal_value=0.000147599 -0.00166172 0.0153796 0.0472963 -0.000955536 0.0812132 -0.0160587 -0.121007 -0.247442 -0.593422 0.00333225 0.309321 -0.172666 0.342885
internal_weight=27632 27288 13706 6800 4447 2641 6906 1806 893 299 913 332 581 408
internal_count=27632 27288 13706 6800 4447 2641 6906 1806 893 299 913 332 581 408
is_linear=0
shrinkage=0.05


Tree=118
num_leaves=15
num_cat=0
split_feature=14 12 7 14 12 5 10 6 13 14 3 4 14 4
split_gain=2735.29 2723.56 3458.79 3435.51 3254.91 5722.69 3535 3359.75 3261.88 3159.84 6068.68 6198.29 2619.66 7981.15
threshold=195.50000000000003 179.50000000000003 140.00000000000003 167.50000000000003 176.50000000000003 167.50000000000003 190.50000000000003 189.50000000000003 194.50000000000003 182.50000000000003 3.5000000000000004 3.5000000000000004 22.500000000000004 2.5000000000000004
decision_type=2 2 2 2 2 2 2 2 2 2 2 2 2 2
left_child=1 4 -3 -4 6 -6 7 8 9 12 11 -11 -1 -14
right_child=-2 2 3 -5 5 -7 -8 -9 -10 10 -12 -13 13 -15
leaf_value=-0.030606458730868581 0.28005119557867103 0.33253620073507384 -0.040498975843523341 0.31632102105420001 -0.4495996412103398 0.076406152634927546 0.20440776758705792 0.17618964830823389 0.30446548223495484 -0.17839855990931394 -0.47008688709927055 0.32520496348151939 0.050726581871104237 -0.017328299014162839
leaf_weight=6688 82 128 309 81 104 96 202 254 80 195 101 83 6508 12721
leaf_count=6688 82 128 309 81 104 96 202 254 80 195 101 83 6508 12721
internal_value=0.000135211 -0.000748598 0.112264 0.0366758 -0.00293457 -0.201411 -0.00141791 -0.00301727 -0.00477609 -0.00577459 -0.148153 -0.0249529 -0.00366433 0.00571188
internal_weight=27632 27550 518 390 27032 200 26832 26630 26376 26296 379 278 25917 19229
internal_count=27632 27550 518 390 27032 200 26832 26630 26376 26296 379 278 25917 19229
is_linear=0
shrinkage=0.05


Tree=119
num_leaves=15
num_cat=0
split_feature=2 1 10 14 1 10 10 0 12 4 5 14 4 6
split_gain=2620.49 3779.15 11156 14075.4 8304.47 5710.06 5445.59 10610.5 10153 8712.28 5138.8 4137.41 3764.98 8671.36
threshold=1.0000000180025095e-35 1.0000000180025095e-35 100.50000000000001 52.000000000000007 1.5000000000000002 114.50000000000001 108.50000000000001 4.5000000000000009 98.500000000000014 3.5000000000000004 48.000000000000007 101.50000000000001 1.5000000000000002 167.50000000000003
decision_type=2 2 2 2 2 2 2 2 2 2 2 2 2 2
left_child=-1 2 -2 -4 6 -5 7 10 -8 -9 -3 -10 13 -6
right_child=1 4 3 5 12 -7 8 9 11 -11 -12 -13 -14 -15
leaf_value=0.026794684259533765 0.11789125861622483 -0.19183433063661876 -0.76490703688882222 -0.32179266407064677 0.076530752306214131 0.040705697362653309 -0.4295195922112236 0.78493149438262233 -0.056231307756641639 0.17904431622264383 0.19982503617897496 0.41817546495383512 -0.021163692609633043 -0.14074118185179774
leaf_weight=6908 327 129 102 192 2616 240 99 117 87 123 219 90 15831 552
leaf_count=6908 327 129 102 192 2616 240 99 117 87 123 219 90 15831 552
internal_value=0.000136409 -0.008754 -0.110999 -0.250956 -0.00429516 -0.122243 0.146856 0.232267 -0.0360023 0.484405 0.0539802 0.189854 -0.0112057 0.0385106
internal_weight=27632 20724 861 534 19863 432 864 588 276 240 348 177 18999 3168
internal_count=27632 20724 861 534 19863 432 864 588 276 240 348 177 18999 3168
is_linear=0
shrinkage=0.05


Tree=120
num_leaves=15
num_cat=0
split_feature=14 12 0 13 12 5 10 6 6 4 6 13 8 5
split_gain=2482.89 2518.13 3118.3 2918.75 2890.11 5225.02 3272.24 3156 3798.71 9371.8 4208.87 4807.44 5021.82 3354.38
threshold=195.50000000000003 179.50000000000003 4.5000000000000009 194.50000000000003 176.50000000000003 167.50000000000003 190.50000000000003 185.50000000000003 179.50000000000003 2.5000000000000004 176.50000000000003 105.50000000000001 150.50000000000003 164.50000000000003
decision_type=2 2 2 2 2 2 2 2 2 2 2 2 2 2
left_child=1 3 -3 4 6 -6 7 8 10 -10 13 -12 -13 -1
right_child=-2 2 -4 -5 5 -7 -8 -9 9 -11 11 12 -14 -15
leaf_value=-0.0014368505389382481 0.2668175806302106 0.22935346186925931 -0.014566146013028218 0.2897195321672103 -0.42792184173958292 0.074631686862742561 0.19572277642462566 0.145957055451853 -0.50358796388770521 0.051011210582393378 -0.081116858760414787 -0.053981297896465379 0.36281684628706429 -0.070406707748714978
leaf_weight=23488 82 258 260 80 104 96 202 342 125 182 167 100 245 1901
leaf_count=23488 82 258 260 80 104 96 202 342 125 182 167 100 245 1901
internal_value=0.000128845 -0.000713201 0.107954 -0.00281511 -0.003737 -0.190759 -0.00230342 -0.00384663 -0.00582895 -0.179254 -0.00373917 0.137493 0.242961 -0.00661381
internal_weight=27632 27550 518 27032 26952 200 26752 26550 26208 307 25901 512 345 25389
internal_count=27632 27550 518 27032 26952 200 26752 26550 26208 307 25901 512 345 25389
is_linear=0
shrinkage=0.05


Tree=121
num_leaves=15
num_cat=0
split_feature=0 5 14 10 5 1 9 6 1 1 11 5 14 7
split_gain=2410.47 4526.76 4336.45 3912.08 4442.33 8426.71 3630.67 7326.93 3982.5 10074 39343.9 60481.3 39589.6 22315.4
threshold=1.5000000000000002 173.50000000000003 149.50000000000003 172.50000000000003 126.50000000000001 17.500000000000004 180.50000000000003 162.50000000000003 9.5000000000000018 6.5000000000000009 72.500000000000014 103.50000000000001 142.50000000000003 21.500000000000004
decision_type=2 2 2 2 2 2 2 2 2 2 2 2 2 2
left_child=1 2 3 4 -1 -6 8 -8 9 -2 13 12 -12 -11
right_child=6 -3 -4 -5 5 -7 7 -9 -10 10 11 -13 -14 -15
leaf_value=-0.047889242815436911 -0.0067397595534707047 0.16884993380393651 -0.19463321356363281 -0.34408562379733976 -0.033901535286711144 0.42280756537952735 0.36644489022974791 0.015635917469296816 -0.015594733612925772 0.012248398418089858 -0.280576304946629 0.15817011810647641 -1.4122986027404019 0.46658974665520336
leaf_weight=2219 7050 239 467 91 288 150 203 525 13376 400 511 1196 87 830
leaf_count=2219 7050 239 467 91 288 150 203 525 13376 400 511 1196 87 830
internal_value=0.00012659 -0.038914 -0.0545971 -0.0304889 -0.0191223 0.125512 0.0057107 0.11529 0.00228499 0.0260212 0.102283 -0.0471076 -0.45557 0.319484
internal_weight=27632 3454 3215 2748 2657 438 24178 728 23450 10074 3024 1794 598 1230
internal_count=27632 3454 3215 2748 2657 438 24178 728 23450 10074 3024 1794 598 1230
is_linear=0
shrinkage=0.05


Tree=122
num_leaves=15
num_cat=0
split_feature=2 2 7 5 1 1 5 14 9 5 13 6 9 14
split_gain=2321.04 3475.52 3165.46 10427.7 7485.54 11755.3 7427.57 5244.67 5153.83 5079.61 5009.88 4244.86 3915.18 3872.6
threshold=1.0000000180025095e-35 2.5000000000000004 134.50000000000003 144.50000000000003 17.500000000000004 16.500000000000004 151.50000000000003 134.50000000000003 174.50000000000003 166.50000000000003 123.50000000000001 142.50000000000003 161.50000000000003 176.50000000000003
decision_type=2 2 2 2 2 2 2 2 2 2 2 2 2 2
left_child=-1 2 3 8 5 9 10 -5 13 -4 -6 -12 -8 -2
right_child=1 -3 4 7 6 -7 12 -9 -10 -11 11 -13 -14 -15
leaf_value=0.025202643622209732 -0.017805683660639868 0.020694302890919128 -0.14240787305882871 0.52170928729287647 0.0717125829431184 -0.36257947151906211 0.43288649250542532 0.1224448507260143 0.32980098311390194 0.001646677178075517 -0.48125561890528373 -0.010468095570802688 0.07337086037886853 -0.24016672847012527
leaf_weight=6908 9449 6908 1082 113 331 368 158 287 100 1400 92 95 146 195
leaf_count=6908 9449 6908 1082 113 331 368 158 287 100 1400 92 95 146 195
internal_value=0.000113703 -0.00825334 -0.0227294 -0.00831841 -0.0624747 -0.10078 0.0701407 0.240285 -0.0186418 -0.0613123 -0.0451877 -0.248586 0.264205 -0.0224239
internal_weight=27632 20724 13816 10144 3672 2850 822 400 9744 2482 518 187 304 9644
internal_count=27632 20724 13816 10144 3672 2850 822 400 9744 2482 518 187 304 9644
is_linear=0
shrinkage=0.05


Tree=123
num_leaves=15
num_cat=0
split_feature=13 13 5 14 9 3 6 12 13 5 7 12 7 13
split_gain=2281.23 10863.9 8235.55 6514.93 11181.3 19135.6 18852.3 48931.1 9259.79 10764.9 7769.86 16688.1 10992.3 33433.9
threshold=52.000000000000007 92.500000000000014 127.50000000000001 149.50000000000003 100.50000000000001 1.5000000000000002 25.500000000000004 101.50000000000001 145.50000000000003 103.50000000000001 22.500000000000004 108.50000000000001 23.500000000000004 156.50000000000003
decision_type=2 2 2 2 2 2 2 2 2 2 2 2 2 2
left_child=-1 2 -2 10 5 -5 -7 -8 -6 -10 11 -3 13 -12
right_child=1 3 -4 4 8 6 7 -9 9 -11 12 -13 -14 -15
leaf_value=0.020579365160106756 -0.078555819431052429 -0.026748475615152846 -0.3849912708331793 0.38765624655967523 -0.26693731273990123 -0.13865630171696347 -1.6495637331937634 0.013057718455092982 0.50677069477382164 -0.0077885821992701235 -0.028427299325229582 -0.70097550015700494 0.035624052859867847 1.1288685788720927
leaf_weight=9116 2069 2724 241 92 331 295 81 91 100 3176 189 90 8949 88
leaf_count=9116 2069 2724 241 92 331 295 81 91 100 3176 189 90 8949 88
internal_value=0.000111137 -0.00996884 -0.111288 0.0045031 -0.0493548 -0.256389 -0.386029 -0.794401 -0.0169589 0.0086667 0.0231514 -0.0495173 0.0453307 0.35273
internal_weight=27632 18516 2310 16206 4166 559 467 172 3607 3276 12040 2814 9226 277
internal_count=27632 18516 2310 16206 4166 559 467 172 3607 3276 12040 2814 9226 277
is_linear=0
shrinkage=0.05


Tree=124
num_leaves=15
num_cat=0
split_feature=5 12 3 14 14 4 6 9 3 14 1 9 5 11
split_gain=2253.69 2348.23 6071.7 11194.3 9987.35 4225.11 12850.3 34858.6 18089.3 18211 22636.2 40655.5 13278.2 21021.6
threshold=198.50000000000003 21.500000000000004 5.5000000000000009 163.50000000000003 155.50000000000003 1.5000000000000002 167.50000000000003 122.50000000000001 2.5000000000000004 27.500000000000004 7.5000000000000009 24.500000000000004 166.50000000000003 165.50000000000003
decision_type=2 2 2 2 2 2 2 2 2 2 2 2 2 2
left_child=1 2 3 -1 -4 6 8 -8 -3 10 -10 -12 13 -9
right_child=-2 5 4 -5 -6 -7 7 12 9 -11 11 -13 -14 -15
leaf_value=-0.014291708345510943 0.25715753657633766 -0.087917055189713017 -0.075626116756635275 0.49400480817261655 -0.51873519820831981 -0.0037937369228824196 -1.0393249983749082 0.20908348898238996 -0.03296813304984459 0.078664030217881806 1.4324115792187779 0.3229432887179961 0.14151789160243855 -0.88573897718752359
leaf_weight=2610 80 895 1176 108 138 19833 88 80 211 1422 105 350 448 88
leaf_count=2610 80 895 1176 108 138 19833 88 80 211 1422 105 350 448 88
internal_value=9.48143e-05 -0.000698117 -0.0359286 0.00677551 -0.123953 0.00534775 0.0544599 -0.137026 0.099805 0.180288 0.395066 0.591761 -0.000795529 -0.37342
internal_weight=27632 27552 4032 2718 1314 23520 3687 704 2983 2088 666 455 616 168
internal_count=27632 27552 4032 2718 1314 23520 3687 704 2983 2088 666 455 616 168
is_linear=0
shrinkage=0.05


Tree=125
num_leaves=15
num_cat=0
split_feature=1 13 13 3 9 9 14 13 9 3 6 5 9 9
split_gain=2288.02 2778.56 9800.04 6075.77 7645.67 7426.54 6950.89 14434.7 9097.74 14850.2 11423.8 29981.7 10179.1 7567.73
threshold=21.500000000000004 52.000000000000007 70.500000000000014 5.5000000000000009 164.50000000000003 109.50000000000001 145.50000000000003 145.50000000000003 104.50000000000001 1.5000000000000002 25.500000000000004 114.50000000000001 112.50000000000001 161.50000000000003
decision_type=2 2 2 2 2 2 2 2 2 2 2 2 2 2
left_child=1 -1 -3 6 5 -5 13 -8 9 -9 -11 -12 -10 -4
right_child=-2 2 3 4 -6 -7 7 8 12 10 11 -13 -14 -15
leaf_value=0.028020486089726983 -0.04766857252050035 -0.18526479056097456 0.047677111106547994 -0.11255871561745619 -0.55690201903090764 0.23037517895451287 -0.3018313218599345 0.27551663713016378 0.30458620799084507 -0.050611802373881125 -1.2984653397390014 -0.12303929445365457 -0.0066224365144710948 -0.085216045720444292
leaf_weight=8356 2294 734 9302 1197 80 177 474 122 283 186 84 142 2995 1206
leaf_count=8356 2294 734 9302 1197 80 177 474 122 283 186 84 142 2995 1206
internal_value=9.25829e-05 0.00442524 -0.00718965 0.00090938 -0.0964386 -0.0677065 0.0105064 -0.0431252 -0.0106033 -0.200977 -0.343686 -0.578572 0.0206681 0.0323917
internal_weight=27632 25338 16982 16248 1454 1374 14794 4286 3812 534 412 226 3278 10508
internal_count=27632 25338 16982 16248 1454 1374 14794 4286 3812 534 412 226 3278 10508
is_linear=0
shrinkage=0.05


Tree=126
num_leaves=15
num_cat=0
split_feature=12 14 3 8 1 11 8 1 0 3 1 1 12 5
split_gain=2241.6 6623.1 7294.77 15402.5 5634.87 4878.07 6354.5 5259.74 4903.9 4752.23 3895.67 7060.91 29402.5 39253.6
threshold=159.50000000000003 27.500000000000004 4.5000000000000009 137.50000000000003 12.500000000000002 155.50000000000003 126.50000000000001 17.500000000000004 4.5000000000000009 3.5000000000000004 9.5000000000000018 6.5000000000000009 71.500000000000014 103.50000000000001
decision_type=2 2 2 2 2 2 2 2 2 2 2 2 2 2
left_child=10 4 5 -4 -2 6 -3 8 -7 -6 11 -1 -13 -14
right_child=1 2 3 -5 9 7 -8 -9 -10 -11 -12 12 13 -15
leaf_value=-0.0095808760617029122 -0.056452748061406738 -0.31997838876574175 0.14636736545635728 -0.57726389854871385 0.12049866087036208 0.11326998018318984 0.10173586654138159 0.23367017302894386 -0.049042174802034245 0.6052516215215854 -0.023914432923310441 0.27947403132307991 -0.29761270089279929 0.13018086208099772
leaf_weight=8058 96 192 142 144 91 945 160 396 908 118 12926 1167 847 1442
leaf_count=8058 96 192 142 144 91 945 160 396 908 118 12926 1167 847 1442
internal_value=7.09296e-05 0.039443 0.0158323 -0.221637 0.259071 0.042319 -0.12955 0.0694466 0.0338165 0.401934 -0.00507829 0.016069 0.0758016 -0.0284195
internal_weight=27632 3192 2887 286 305 2601 352 2249 1853 209 24440 11514 3456 2289
internal_count=27632 3192 2887 286 305 2601 352 2249 1853 209 24440 11514 3456 2289
is_linear=0
shrinkage=0.05


Tree=127
num_leaves=15
num_cat=0
split_feature=14 4 14 3 12 14 12 7 4 3 4 9 3 6
split_gain=2271.04 7236.33 12633.4 23567 7870.67 16496.5 13646.4 7975.75 6274.32 11555.6 11548.6 22244.9 14817.3 9630.2
threshold=22.500000000000004 1.5000000000000002 25.500000000000004 4.5000000000000009 22.500000000000004 95.500000000000014 24.500000000000004 21.500000000000004 3.5000000000000004 4.5000000000000009 4.5000000000000009 57.500000000000007 2.5000000000000004 167.50000000000003
decision_type=2 2 2 2 2 2 2 2 2 2 2 2 2 2
left_child=8 2 3 -2 5 -4 -6 -7 13 10 11 -10 -13 -1
right_child=1 -3 4 -5 6 7 -8 -9 9 -11 -12 12 -14 -15
leaf_value=-0.051526642870313867 0.0392098244147304 -0.0040307920252286985 0.27525722214527298 0.97392918653444416 0.68296562731266031 -0.1441114135467077 0.052365300217186522 -0.81819218499686142 1.0520302147625935 -0.041855875206285253 -0.019630313439784868 -0.072001607918879884 0.48039287607699238 -0.45058640806310923
leaf_weight=3579 178 17782 109 104 84 88 2431 88 82 2002 470 264 218 153
leaf_count=3579 178 17782 109 104 84 88 2431 88 82 2002 470 264 218 153
internal_value=7.09704e-05 0.00823561 0.0789001 0.394891 0.0464281 -0.200396 0.0747404 -0.494443 -0.025086 0.0282659 0.163582 0.315089 0.180204 -0.0684678
internal_weight=27632 20864 3082 282 2800 285 2515 176 6768 3036 1034 564 482 3732
internal_count=27632 20864 3082 282 2800 285 2515 176 6768 3036 1034 564 482 3732
is_linear=0
shrinkage=0.05


Tree=128
num_leaves=15
num_cat=0
split_feature=12 13 0 12 5 10 6 1 1 10 3 4 9 11
split_gain=2242.63 2843.35 3088.85 2619.9 4696.79 2834.02 2563.36 2355.59 5865.64 27577.1 26277.5 25450.2 47938.2 26569.8
threshold=179.50000000000003 157.50000000000003 4.5000000000000009 176.50000000000003 167.50000000000003 190.50000000000003 191.50000000000003 9.5000000000000018 6.5000000000000009 23.500000000000004 4.5000000000000009 2.5000000000000004 22.500000000000004 21.500000000000004
decision_type=2 2 2 2 2 2 2 2 2 2 2 2 2 2
left_child=3 2 -2 5 -5 6 7 8 -1 11 -11 -10 13 -13
right_child=1 -3 -4 4 -6 -7 -8 -9 9 10 -12 12 -14 -15
leaf_value=-0.0095324278312917659 0.18400865785208428 0.24899428897431772 -0.12373647526540654 -0.40482627078207262 0.071615774737726345 0.18111906898352254 0.1814976824240552 -0.016310381653341168 -0.062341154162872114 0.076849477745608116 -0.29527378466309212 0.039195908509062599 1.488540332837432 0.8376252427599149
leaf_weight=8058 139 198 183 104 96 208 184 15042 302 1916 625 333 97 147
leaf_count=8058 139 198 183 104 96 208 184 15042 302 1916 625 333 97 147
internal_value=8.50997e-05 0.102439 0.00989232 -0.00189655 -0.179965 -0.000540025 -0.00198863 -0.00329566 0.0137599 0.0685737 -0.0150804 0.309117 0.502403 0.289829
internal_weight=27632 520 322 27112 200 26912 26704 26520 11478 3420 2541 879 577 480
internal_count=27632 520 322 27112 200 26912 26704 26520 11478 3420 2541 879 577 480
is_linear=0
shrinkage=0.05


Tree=129
num_leaves=15
num_cat=0
split_feature=11 11 10 8 7 9 9 11 9 7 6 5 7 10
split_gain=2104.3 8352.04 14860.7 6477.63 21057.6 6292.03 15074.6 29033.3 26116 11155.8 10769.1 8479.66 16537.4 10661.7
threshold=105.50000000000001 101.50000000000001 113.50000000000001 22.500000000000004 61.500000000000007 102.50000000000001 95.500000000000014 90.500000000000014 100.50000000000001 156.50000000000003 127.50000000000001 102.50000000000001 102.50000000000001 104.50000000000001
decision_type=2 2 2 2 2 2 2 2 2 2 2 2 2 2
left_child=1 5 -3 -2 -5 6 9 8 -8 10 -1 13 -13 -7
right_child=3 2 -4 4 -6 11 7 -9 -10 -11 -12 12 -14 -15
leaf_value=-0.0033433016512120946 -0.34341335280537605 -0.069147876331113092 -0.57610186659081863 0.80265942757637654 0.013045443862970458 0.47677701695878377 -1.0907261752042194 0.063124206064923735 -0.031548216500052129 -0.506770734140359 0.51549042817389612 -0.48115195708361852 0.06770307719152828 0.010695597267697884
leaf_weight=10248 120 1184 160 80 12744 256 144 288 96 104 96 144 1736 232
leaf_count=10248 120 1184 160 80 12744 256 144 288 96 104 96 144 1736 232
internal_value=0.000102531 -0.0128484 -0.131411 0.0147977 0.0182822 -0.000862121 -0.0168165 -0.27619 -0.676345 -0.00358293 0.00171859 0.072968 0.0244984 0.257553
internal_weight=27632 14688 1344 12944 12824 13344 10976 528 240 10448 10344 2368 1880 488
internal_count=27632 14688 1344 12944 12824 13344 10976 528 240 10448 10344 2368 1880 488
is_linear=0
shrinkage=0.05


Tree=130
num_leaves=15
num_cat=0
split_feature=7 5 7 9 5 12 7 9 9 14 1 1 14 5
split_gain=2072.03 9716.13 6716.33 12570.6 8985.11 8852.34 9331.57 11872.3 6370.53 10543 6162.09 8412.14 6695.63 5240.05
threshold=162.50000000000003 179.50000000000003 147.50000000000003 173.50000000000003 144.50000000000003 92.500000000000014 149.50000000000003 155.50000000000003 133.50000000000003 167.50000000000003 17.500000000000004 19.500000000000004 142.50000000000003 146.50000000000003
decision_type=2 2 2 2 2 2 2 2 2 2 2 2 2 2
left_child=1 2 3 4 -1 -4 7 -7 9 -6 -2 12 -12 -8
right_child=10 -3 5 -5 8 6 13 -9 -10 -11 11 -13 -14 -15
leaf_value=-0.0071526970552081336 0.012142172914980692 -0.43163321213446615 -0.5436246026381113 0.35584321101490601 0.55759099700614267 -0.039110387212366142 -0.21133911607775824 -0.83770267533905374 0.063520098317933468 -0.011408112448168127 0.71826975623456146 -0.087343533834232795 0.18978518904004682 0.0067435495427249238
leaf_weight=19816 3501 128 96 248 187 104 328 80 1000 141 91 146 174 1592
leaf_count=19816 3501 128 96 248 187 104 328 80 1000 141 91 146 174 1592
internal_value=8.69776e-05 -0.00547537 -0.00307226 0.00549069 0.00129822 -0.0861589 -0.0640466 -0.3993 0.126954 0.316492 0.0337776 0.215713 0.381205 -0.0309644
internal_weight=27632 23720 23592 21392 21144 2200 2104 184 1328 328 3912 411 265 1920
internal_count=27632 23720 23592 21392 21144 2200 2104 184 1328 328 3912 411 265 1920
is_linear=0
shrinkage=0.05


Tree=131
num_leaves=15
num_cat=0
split_feature=0 5 14 10 5 1 9 7 1 14 10 10 1 3
split_gain=2067.48 3889.09 3989.81 3394.15 3823.63 7112.06 2951.02 6093.47 3132.11 5998.56 9922.6 31754.8 27301.2 27015.6
threshold=1.5000000000000002 173.50000000000003 149.50000000000003 172.50000000000003 126.50000000000001 17.500000000000004 180.50000000000003 171.50000000000003 11.500000000000002 83.500000000000014 23.500000000000004 21.500000000000004 7.5000000000000009 5.5000000000000009
decision_type=2 2 2 2 2 2 2 2 2 2 2 2 2 2
left_child=1 2 3 4 -1 -6 8 -8 9 -2 11 13 -13 -11
right_child=6 -3 -4 -5 5 -7 7 -9 -10 10 -12 12 -14 -15
leaf_value=-0.043596390370644819 -0.019594516750236737 0.15649919597828976 -0.18493205332828655 -0.31959059311387444 -0.029206711150476957 0.39039382809592832 0.27773448155981095 -0.015440902338275853 -0.016352764119646666 0.13448018530758085 0.029285334569298604 0.22720219498261429 1.1911349802240123 -0.84175016382752466
leaf_weight=2219 5270 239 467 91 288 150 294 434 11568 398 5825 190 118 81
leaf_count=2219 5270 239 467 91 288 150 294 434 11568 398 5825 190 118 81
internal_value=8.02277e-05 -0.0360762 -0.0506129 -0.027492 -0.0169064 0.117276 0.00525183 0.104044 0.00216333 0.0201894 0.0518895 0.217953 0.609629 -0.037593
internal_weight=27632 3454 3215 2748 2657 438 24178 728 23450 11882 6612 787 308 479
internal_count=27632 3454 3215 2748 2657 438 24178 728 23450 11882 6612 787 308 479
is_linear=0
shrinkage=0.05


Tree=132
num_leaves=15
num_cat=0
split_feature=5 9 7 12 10 5 11 7 9 9 4 14 0 14
split_gain=1995.33 2029.54 13869.2 6577.24 12876.4 8715.77 6159.83 8887.43 7777.15 6094.1 19591.2 19521 13429.5 6979.97
threshold=198.50000000000003 110.50000000000001 156.50000000000003 89.500000000000014 101.50000000000001 81.500000000000014 90.500000000000014 121.50000000000001 122.50000000000001 107.50000000000001 3.5000000000000004 74.500000000000014 4.5000000000000009 122.50000000000001
decision_type=2 2 2 2 2 2 2 2 2 2 2 2 2 2
left_child=1 2 9 4 -3 -5 7 -7 -9 -1 11 12 -11 -13
right_child=-2 3 -4 5 -6 6 -8 8 -10 10 -12 13 -14 -15
leaf_value=0.00048469240405927194 0.24196420233039295 0.035610550133223902 -0.5213286949727769 0.42179107013249539 -0.73929126874488948 0.64146171420812603 0.0062879256637998612 -0.18978202552507725 0.21114109906712894 -0.19518337370399599 0.13062282817059961 -0.0092954116620750545 -1.0369954749697545 -0.49827494952503754
leaf_weight=13872 80 144 128 128 80 80 11464 168 400 82 448 354 117 87
leaf_count=13872 80 144 128 128 80 80 11464 168 400 82 448 354 117 87
internal_value=8.46856e-05 -0.000661411 -0.0129935 0.0142662 -0.251239 0.0192257 0.0147991 0.164172 0.0919369 -0.0084714 -0.122141 -0.298717 -0.703404 -0.110265
internal_weight=27632 27552 15088 12464 224 12240 12112 648 568 14960 1088 640 199 441
internal_count=27632 27552 15088 12464 224 12240 12112 648 568 14960 1088 640 199 441
is_linear=0
shrinkage=0.05


Tree=133
num_leaves=15
num_cat=0
split_feature=2 2 1 1 10 14 9 11 9 11 11 10 1 1
split_gain=1960.34 3158.58 4127.2 10345.7 7055.32 6318.09 3734.69 6636.79 5261.21 20701.9 4730.15 3239.05 3122.92 26985.1
threshold=1.0000000180025095e-35 1.5000000000000002 1.0000000180025095e-35 1.5000000000000002 100.50000000000001 58.500000000000007 100.50000000000001 72.500000000000014 95.500000000000014 92.500000000000014 66.500000000000014 114.50000000000001 6.5000000000000009 8.5000000000000018
decision_type=2 2 2 2 2 2 2 2 2 2 2 2 2 2
left_child=-1 -2 4 -4 -3 -6 8 10 12 -10 -8 -7 -5 -14
right_child=1 2 3 6 5 11 7 -9 9 -11 -12 -13 13 -15
leaf_value=0.023124087920119944 -0.035215034736752832 0.098174351685150055 0.21820212588645518 -0.072476068154059117 -0.58336366055376621 -0.33429899330521096 0.024933408700367986 0.018217109948849987 -0.82077779220324931 0.021423685194118722 0.53283013502528909 0.024575893288548992 0.36146637730143572 -0.043964612428581705
leaf_weight=6908 6908 218 576 1636 102 101 80 7004 96 262 104 153 470 3014
leaf_count=6908 6908 218 576 1636 102 101 80 7004 96 262 104 153 470 3014
internal_value=6.68755e-05 -0.00762259 0.00618139 0.0118904 -0.12449 -0.260312 0.0024258 0.0261201 -0.0286603 -0.212613 0.318507 -0.121825 -0.0156031 0.0111686
internal_weight=27632 20724 13816 13242 574 356 12666 7188 5478 358 184 254 5120 3484
internal_count=27632 20724 13816 13242 574 356 12666 7188 5478 358 184 254 5120 3484
is_linear=0
shrinkage=0.05


Tree=134
num_leaves=15
num_cat=0
split_feature=9 3 14 1 5 14 10 14 13 4 14 1 0 8
split_gain=1900.75 3636.43 9478.36 15759.1 37087.2 8689.62 3613.16 16606.1 10009 16805.9 6473.37 14624.6 8192.93 5429.9
threshold=21.500000000000004 5.5000000000000009 115.50000000000001 9.5000000000000018 21.500000000000004 166.50000000000003 23.500000000000004 174.50000000000003 149.50000000000003 1.5000000000000002 23.500000000000004 1.5000000000000002 4.5000000000000009 22.500000000000004
decision_type=2 2 2 2 2 2 2 2 2 2 2 2 2 2
left_child=1 2 -1 4 -4 -3 7 8 10 -10 -2 12 -12 -8
right_child=6 5 3 -5 -6 -7 13 -9 9 -11 11 -13 -14 -15
leaf_value=-0.035657716966430233 -0.046164945385979227 -0.064922455258096229 1.2691740845159818 -0.087399408291334038 -0.1225382359150578 -0.5794511256506667 -0.11806294435470038 0.66499687437072541 0.86033604224311555 0.068573806705799975 0.11636920406669378 0.014181779678036896 0.74283703125891143 0.0030455250783981481
leaf_weight=2355 2094 1252 88 189 97 83 968 102 89 237 95 906 117 18960
leaf_count=2355 2094 1252 88 189 97 83 968 102 89 237 95 906 117 18960
internal_value=5.84014e-05 -0.0314998 0.00161909 0.233717 0.555444 -0.0989546 0.00550573 0.0512767 0.0326697 0.294461 0.00568306 0.102567 0.471258 -0.00286544
internal_weight=27632 4064 2729 374 185 1335 23568 3640 3538 326 3212 1118 212 19928
internal_count=27632 4064 2729 374 185 1335 23568 3640 3538 326 3212 1118 212 19928
is_linear=0
shrinkage=0.05


Tree=135
num_leaves=15
num_cat=0
split_feature=13 13 5 14 9 9 4 13 13 5 7 10 13 8
split_gain=1880.09 8337.53 6962.23 6694.13 9683.04 14425.7 9381.64 8131.38 7124.26 9162.72 6462.17 14969.3 9510.82 7687.41
threshold=28.500000000000004 93.500000000000014 127.50000000000001 149.50000000000003 100.50000000000001 96.500000000000014 3.5000000000000004 163.50000000000003 145.50000000000003 103.50000000000001 22.500000000000004 101.50000000000001 169.50000000000003 134.50000000000003
decision_type=2 2 2 2 2 2 2 2 2 2 2 2 2 2
left_child=-1 2 -2 10 5 6 7 -5 -6 -10 11 -3 -12 -14
right_child=1 3 -4 4 8 -7 -8 -9 9 -11 12 -13 13 -15
leaf_value=0.018863998026495923 -0.063763618530241262 -0.021283580825522831 -0.33011855667490853 -0.097302875627453142 -0.23914617432452534 -0.81990009876234193 0.098791916149421635 -0.68071916350521722 0.46215274001161255 -0.012569882713828596 0.031071116036622454 -0.65997558603945539 0.40273405784301419 0.018827785602874226
leaf_weight=8984 2322 2688 270 145 331 86 229 99 100 3176 8575 90 317 220
leaf_count=8984 2322 2688 270 145 331 86 229 99 100 3176 8575 90 317 220
internal_value=7.97723e-05 -0.00897249 -0.0920911 0.00447025 -0.0500349 -0.242702 -0.130278 -0.342933 -0.0198815 0.00260324 0.0235807 -0.0431241 0.0439297 0.247079
internal_weight=27632 18648 2592 16056 4166 559 473 244 3607 3276 11890 2778 9112 537
internal_count=27632 18648 2592 16056 4166 559 473 244 3607 3276 11890 2778 9112 537
is_linear=0
shrinkage=0.05


Tree=136
num_leaves=15
num_cat=0
split_feature=12 12 3 13 0 10 7 14 7 1 5 11 10 13
split_gain=1861.64 2453.44 4463.48 2412.84 2807.59 2297.75 2284.23 1847.92 14189 34779.1 20809.9 35680.2 11037.4 13036.7
threshold=179.50000000000003 176.50000000000003 2.5000000000000004 157.50000000000003 4.5000000000000009 190.50000000000003 190.50000000000003 145.50000000000003 24.500000000000004 9.5000000000000018 103.50000000000001 72.500000000000014 87.500000000000014 23.500000000000004
decision_type=2 2 2 2 2 2 2 2 2 2 2 2 2 2
left_child=1 5 -3 4 -2 6 7 -1 9 -9 11 12 13 -10
right_child=3 2 -4 -5 -6 -7 -8 8 10 -11 -12 -13 -14 -15
leaf_value=0.0040384235420007006 0.17409627508216849 0.053437806214761296 -0.41097206443474432 0.2283181586215649 -0.11930062970780629 0.16313698081946781 0.20495748598324626 0.92840490561265221 0.023386007349848026 -0.012819895787171038 -0.024774654594269429 -1.2197957662045957 0.34408814511572322 -0.77316760844654508
leaf_weight=20980 139 104 96 198 183 208 128 125 119 400 4687 95 85 85
leaf_count=20980 139 104 96 198 183 208 128 125 119 400 4687 95 85 85
internal_value=5.8666e-05 -0.00174682 -0.174066 0.0933142 0.00807751 -0.000434117 -0.00173849 -0.00277238 -0.0282876 0.217926 -0.0539676 -0.40539 -0.121487 -0.319068
internal_weight=27632 27112 200 520 322 26912 26704 26576 5596 525 5071 384 289 204
internal_count=27632 27112 200 520 322 26912 26704 26576 5596 525 5071 384 289 204
is_linear=0
shrinkage=0.05


Tree=137
num_leaves=15
num_cat=0
split_feature=1 12 8 10 12 8 5 7 11 1 10 10 3 5
split_gain=1859.16 2576.11 3419.57 2838.55 2286.87 14821.5 18040.4 10861.5 12517.4 18612.5 38200.9 11475.1 9198.29 7409.96
threshold=21.500000000000004 141.50000000000003 131.50000000000003 142.50000000000003 92.500000000000014 119.50000000000001 174.50000000000003 112.50000000000001 72.500000000000014 7.5000000000000009 95.500000000000014 87.500000000000014 3.5000000000000004 94.500000000000014
decision_type=2 2 2 2 2 2 2 2 2 2 2 2 2 2
left_child=4 2 -2 -3 5 7 12 8 11 13 -11 -1 -7 -10
right_child=1 3 -4 -5 -6 6 -8 -9 9 10 -12 -13 -14 -15
leaf_value=0.0017916718886165574 -0.0360753004888607 -0.39409229947626589 0.26267070304049128 -0.075403061683004313 0.017448723837017781 -0.30684542030096057 0.099107370985315205 0.28196344542395896 -0.22493397608815746 -0.084407116881636698 -1.2368429336764597 0.34868620021724883 -1.0115823854201584 0.03096837089166379
leaf_weight=8849 1860 95 96 243 14022 105 136 320 420 210 105 240 88 843
leaf_count=8849 1860 95 96 243 14022 105 136 320 420 210 105 240 88 843
internal_value=5.17797e-05 -0.0430013 -0.0207806 -0.169415 0.00395734 -0.0127606 -0.340886 -0.00278442 -0.0114547 -0.14121 -0.481876 0.0111383 -0.645607 -0.0546812
internal_weight=27632 2294 1956 338 25338 11316 329 10987 10667 1578 315 9089 193 1263
internal_count=27632 2294 1956 338 25338 11316 329 10987 10667 1578 315 9089 193 1263
is_linear=0
shrinkage=0.05


Tree=138
num_leaves=15
num_cat=0
split_feature=2 8 5 14 2 5 7 5 1 1 5 8 7 12
split_gain=1787.31 2956.63 4795.84 4396.48 2951.64 2860.55 2813.51 9016.1 6103.39 10347.9 6539.71 4357.03 4248.04 4331.92
threshold=1.0000000180025095e-35 108.50000000000001 94.500000000000014 98.500000000000014 2.5000000000000004 164.50000000000003 133.50000000000003 144.50000000000003 17.500000000000004 16.500000000000004 153.50000000000003 107.50000000000001 164.50000000000003 144.50000000000003
decision_type=2 2 2 2 2 2 2 2 2 2 2 2 2 2
left_child=1 -1 -3 5 6 -4 7 -2 9 12 -10 -9 13 -8
right_child=4 2 3 -5 -6 -7 8 11 10 -11 -12 -13 -14 -15
leaf_value=-0.0046313401022096638 -0.016312000118011757 -0.22444760076326431 0.29320157094419497 0.048355245377088511 0.019362639335847885 -0.01231693381873461 -0.24550412621794085 -0.013105101427135541 -0.041047803902404589 -0.33704055793662446 0.24596693114356044 0.34634962825896753 -0.0025443756634112684 -0.036932063605505799
leaf_weight=4150 9696 134 328 2197 6908 99 468 124 572 372 298 256 1500 530
leaf_count=4150 9696 134 328 2197 6908 99 468 124 572 372 298 256 1500 530
internal_value=2.81362e-05 0.0220443 0.0621191 0.0771523 -0.00731412 0.223044 -0.0206547 -0.00689773 -0.0576588 -0.0927915 0.0581067 0.230407 -0.0558176 -0.135476
internal_weight=27632 6908 2758 2624 20724 427 13816 10076 3740 2870 870 380 2498 998
internal_count=27632 6908 2758 2624 20724 427 13816 10076 3740 2870 870 380 2498 998
is_linear=0
shrinkage=0.05


Tree=139
num_leaves=15
num_cat=0
split_feature=1 13 14 3 8 9 8 8 1 5 14 9 4 14
split_gain=1777.54 8101.99 4121.75 4133 9488.71 5474.16 3816.24 7500.74 3218.3 15096 22865.7 10276.4 7399.1 7717.38
threshold=19.500000000000004 136.50000000000003 135.50000000000003 4.5000000000000009 151.50000000000003 146.50000000000003 124.50000000000001 105.50000000000001 17.500000000000004 144.50000000000003 134.50000000000003 157.50000000000003 1.5000000000000002 130.50000000000003
decision_type=2 2 2 2 2 2 2 2 2 2 2 2 2 2
left_child=8 2 3 5 6 -2 7 -5 -1 12 11 -11 -10 -14
right_child=1 -3 -4 4 -6 -7 -8 -9 9 10 -12 -13 13 -15
leaf_value=-0.00054239974236131754 -0.012847651011757173 -0.47579054552497291 -0.30884714490663606 -0.028197540861719751 -0.54554048354366746 0.15179811145688565 0.26646931852613176 -0.46462906173883234 0.25855842333993101 0.84382048393539222 0.050285053822884798 0.2680261389528002 -0.017370988192001193 -0.31099522194988444
leaf_weight=20730 2445 94 114 1026 98 631 86 104 148 149 831 170 676 330
leaf_count=20730 2445 94 114 1026 98 631 86 104 148 149 831 170 676 330
internal_value=2.69044e-05 -0.0283397 -0.018484 -0.010601 -0.0846537 0.0211187 -0.0454279 -0.0702346 0.0056943 0.061688 0.189516 0.545842 -0.0659651 -0.114751
internal_weight=27632 4598 4504 4390 1314 3076 1216 1130 23034 2304 1150 319 1154 1006
internal_count=27632 4598 4504 4390 1314 3076 1216 1130 23034 2304 1150 319 1154 1006
is_linear=0
shrinkage=0.05


Tree=140
num_leaves=15
num_cat=0
split_feature=13 12 13 0 12 5 5 14 14 5 11 6 3 4
split_gain=1758.97 1992.3 2632.9 2404.21 2196.79 4244.62 2211.67 6866.34 3304.21 3030.54 7635.35 2923.49 9705.97 3171.76
threshold=195.50000000000003 179.50000000000003 160.50000000000003 5.5000000000000009 176.50000000000003 167.50000000000003 181.50000000000003 90.500000000000014 164.50000000000003 179.50000000000003 163.50000000000003 179.50000000000003 2.5000000000000004 1.5000000000000002
decision_type=2 2 2 2 2 2 2 2 2 2 2 2 2 2
left_child=1 4 3 -3 6 -6 9 -8 -9 11 -11 13 -13 -1
right_child=-2 2 -4 -5 5 -7 7 8 -10 10 -12 12 -14 -15
leaf_value=0.03991105444629859 0.22449085915396952 0.12918031242868258 0.24391054427592543 -0.13842562516004045 -0.37941013116628752 0.073328244154996211 0.50440871084845351 -0.09699585974016485 0.13048151704972075 -0.52410053299559711 0.12011317299899234 0.13859295168377717 -0.52233098622376994 -0.0083012409283047661
leaf_weight=4043 82 184 186 146 104 96 81 286 349 88 88 111 103 21685
leaf_count=4043 82 184 186 146 104 96 81 286 349 88 88 111 103 21685
internal_value=2.26121e-05 -0.00068611 0.0961607 0.010486 -0.00255207 -0.165608 -0.00130616 0.0850816 0.0280698 -0.00369023 -0.207574 -0.00226727 -0.184178 -0.000718687
internal_weight=27632 27550 516 330 27034 200 26834 716 635 26118 176 25942 214 25728
internal_count=27632 27550 516 330 27034 200 26834 716 635 26118 176 25942 214 25728
is_linear=0
shrinkage=0.05


Tree=141
num_leaves=15
num_cat=0
split_feature=13 13 3 14 9 3 1 13 5 3 6 13 7 6
split_gain=1702.67 7897.02 6750.47 5845.14 8127.64 13670.5 17220.8 6446.53 7472.97 5811.22 7220.25 7097.1 6009.16 8956.35
threshold=52.000000000000007 92.500000000000014 4.5000000000000009 149.50000000000003 100.50000000000001 1.5000000000000002 8.5000000000000018 140.50000000000003 103.50000000000001 5.5000000000000009 179.50000000000003 180.50000000000003 122.50000000000001 103.50000000000001
decision_type=2 2 2 2 2 2 2 2 2 2 2 2 2 2
left_child=-1 2 -2 9 5 -5 -7 -6 -9 10 11 -3 13 -11
right_child=1 3 -4 4 7 6 -8 8 -10 12 -12 -13 -14 -15
leaf_value=0.017704138150696234 -0.15902652720048924 0.032203032268769062 0.018812530857634374 0.32066687984948922 -0.32601773568156472 -0.96558603633364504 -0.18612169919099786 0.40035856003111059 -0.018475185749799752 -0.099498621310849245 -0.29414432929483003 0.36673545905429389 -0.45691511538064128 0.41880431494665454
leaf_weight=9116 1478 10652 832 92 159 83 384 105 3343 887 162 156 96 87
leaf_count=9116 1478 10652 832 92 159 83 384 105 3343 887 162 156 96 87
internal_value=2.08923e-05 -0.00868755 -0.0950714 0.00365111 -0.0473629 -0.22388 -0.333417 -0.0197349 -0.00515942 0.021315 0.032174 0.0371989 -0.0896476 -0.0513001
internal_weight=27632 18516 2310 16206 4166 559 467 3607 3448 12040 10970 10808 1070 974
internal_count=27632 18516 2310 16206 4166 559 467 3607 3448 12040 10970 10808 1070 974
is_linear=0
shrinkage=0.05


Tree=142
num_leaves=15
num_cat=0
split_feature=1 13 14 3 8 9 8 8 9 1 5 14 9 4
split_gain=1685.64 7344.19 3713.17 3797.22 9117.25 4728.7 3509.84 6770.86 2982.9 2934.34 13743 20478.8 9306.31 6639.11
threshold=19.500000000000004 136.50000000000003 134.50000000000003 4.5000000000000009 151.50000000000003 146.50000000000003 124.50000000000001 105.50000000000001 162.50000000000003 17.500000000000004 144.50000000000003 134.50000000000003 157.50000000000003 1.5000000000000002
decision_type=2 2 2 2 2 2 2 2 2 2 2 2 2 2
left_child=9 2 3 5 6 -2 7 -5 -7 -1 13 12 -12 -11
right_child=1 -3 -4 4 -6 8 -8 -9 -10 10 11 -13 -14 -15
leaf_value=-0.00042485775216065402 -0.01101585030820262 -0.45362505163207206 -0.26894737392455553 -0.026717012324501684 -0.53759295656760731 0.20182852752740521 0.25619001355800003 -0.44140960623364933 -0.056958617966900882 0.24460693645516254 0.80172701635240751 0.049187364306581612 0.25385436320304872 -0.10901319374851735
leaf_weight=20730 2433 94 138 1024 96 481 86 104 142 148 149 831 170 1006
leaf_count=20730 2433 94 138 1024 96 481 86 104 142 148 149 831 170 1006
internal_value=1.14306e-05 -0.0276121 -0.0182279 -0.0100046 -0.0810563 0.0205355 -0.0428976 -0.0667303 0.142859 0.00553037 0.0589968 0.180962 0.51818 -0.062802
internal_weight=27632 4598 4504 4366 1310 3056 1214 1128 623 23034 2304 1150 319 1154
internal_count=27632 4598 4504 4366 1310 3056 1214 1128 623 23034 2304 1150 319 1154
is_linear=0
shrinkage=0.05


Tree=143
num_leaves=15
num_cat=0
split_feature=13 13 13 5 14 9 3 1 13 5 7 12 7 13
split_gain=1649.58 3120.83 6490.28 5538.33 5499.71 7339.37 12385.7 15665 5826.46 7769.99 5801.57 13757.5 9042.79 28580.4
threshold=20.500000000000004 27.500000000000004 94.500000000000014 127.50000000000001 149.50000000000003 100.50000000000001 1.5000000000000002 8.5000000000000018 145.50000000000003 103.50000000000001 22.500000000000004 108.50000000000001 23.500000000000004 156.50000000000003
decision_type=2 2 2 2 2 2 2 2 2 2 2 2 2 2
left_child=-1 -2 3 -3 10 6 -6 -8 -7 -10 11 -4 13 -12
right_child=1 2 4 -5 5 8 7 -9 9 -11 12 -13 -14 -15
leaf_value=-0.05490609560540112 0.029710247717189681 -0.053637831324790122 -0.020534837692553067 -0.28033809000502852 0.30548014075677732 -0.21713727713753805 -0.92002984312447633 -0.17663450200256717 0.42467417126610169 -0.012483001957945111 -0.039723057487112953 -0.63292017299877967 0.032306327106229091 1.0366879250894312
leaf_weight=1298 7612 2543 2665 297 92 331 83 384 100 3176 182 90 8691 88
leaf_count=1298 7612 2543 2665 297 92 331 83 384 100 3176 182 90 8691 88
internal_value=9.96959e-06 0.00272669 -0.00824931 -0.0777966 0.00420762 -0.0451013 -0.21284 -0.317105 -0.0188471 0.00148807 0.0217528 -0.0416505 0.041258 0.323577
internal_weight=27632 26334 18722 2840 15882 4166 559 467 3607 3276 11716 2755 8961 270
internal_count=27632 26334 18722 2840 15882 4166 559 467 3607 3276 11716 2755 8961 270
is_linear=0
shrinkage=0.05


Tree=144
num_leaves=15
num_cat=0
split_feature=1 7 9 14 7 9 14 6 3 1 13 11 13 1
split_gain=1691.98 4554.39 5681.86 12007.9 17156.7 10643.8 10268.5 21063.2 24244.6 28753.3 16933.3 9404.4 12181.4 8353.95
threshold=11.500000000000002 112.50000000000001 91.500000000000014 138.50000000000003 98.500000000000014 102.50000000000001 71.500000000000014 96.500000000000014 3.5000000000000004 7.5000000000000009 72.500000000000014 101.50000000000001 120.50000000000001 7.5000000000000009
decision_type=2 2 2 2 2 2 2 2 2 2 2 2 2 2
left_child=1 2 13 6 -5 -6 7 11 10 -10 -9 -4 -13 -1
right_child=-2 -3 3 4 5 -7 -8 8 9 -11 -12 12 -14 -15
leaf_value=-0.0093509263937018566 -0.012367946774782338 0.061038583300875637 0.32408862898185103 -0.74313399052350881 -0.49592177754356748 0.11632859592241321 0.040635634902717384 -0.29243907653337176 -0.2771399693698276 -1.2435582196610606 0.33039225582547943 0.24540269552446581 -0.49138999000022365 0.12247220866522246
leaf_weight=4459 13814 3562 264 139 100 215 2429 270 237 112 176 110 105 1640
leaf_count=4459 13814 3562 264 139 100 215 2429 270 237 112 176 110 105 1640
internal_value=4.22924e-06 0.0123728 -0.00455073 -0.0495962 -0.29083 -0.0827484 -0.0196679 -0.134352 -0.29148 -0.600464 -0.0457201 0.126753 -0.117416 0.0261671
internal_weight=27632 13818 10256 4157 454 315 3703 1274 795 349 446 479 215 6099
internal_count=27632 13818 10256 4157 454 315 3703 1274 795 349 446 479 215 6099
is_linear=0
shrinkage=0.05


Tree=145
num_leaves=15
num_cat=0
split_feature=14 4 10 1 14 0 13 14 4 1 11 4 3 4
split_gain=1707.42 6291.89 8137.58 25018 19693.4 12972.3 8243.62 19198.2 6798.87 19034.6 25996.3 5534.46 9083.43 10385.7
threshold=22.500000000000004 3.5000000000000004 23.500000000000004 2.5000000000000004 60.500000000000007 4.5000000000000009 171.50000000000003 174.50000000000003 1.5000000000000002 13.500000000000002 21.500000000000004 3.5000000000000004 4.5000000000000009 4.5000000000000009
decision_type=2 2 2 2 2 2 2 2 2 2 2 2 2 2
left_child=11 2 3 4 -2 -6 7 8 9 -5 -11 -1 13 -13
right_child=1 -3 -4 6 5 -7 -8 -9 -10 10 -12 12 -14 -15
leaf_value=-0.062574582579967869 -0.04685484846164896 -0.025504966752058281 0.012518387473601103 -0.15031366358802778 0.28249133013949923 1.0772079451287047 -0.43169844547412412 0.79897016505984697 -0.041595117563863623 -0.021817884120707204 1.108786660344294 0.29192519798901045 -0.033900861970014004 -0.025431778613477948
leaf_weight=3732 105 8666 10277 193 88 136 82 80 1039 102 96 564 2002 470
leaf_count=3732 105 8666 10277 193 88 136 82 80 1039 102 96 564 2002 470
internal_value=-1.70134e-05 0.00706238 0.0302006 0.124519 0.517976 0.777983 0.0418411 0.0688964 0.0254115 0.201745 0.540162 -0.02183 0.0282757 0.148244
internal_weight=27632 20864 12198 1921 329 224 1592 1510 1430 391 198 6768 3036 1034
internal_count=27632 20864 12198 1921 329 224 1592 1510 1430 391 198 6768 3036 1034
is_linear=0
shrinkage=0.05


Tree=146
num_leaves=15
num_cat=0
split_feature=11 11 10 7 14 8 9 10 12 8 0 7 1 4
split_gain=1641.38 7201.35 13116.2 6619.99 9020.19 10459.8 13706.6 9815.46 8297.79 4970.7 9197.88 4750.55 8445.75 4766.62
threshold=105.50000000000001 101.50000000000001 113.50000000000001 92.500000000000014 156.50000000000003 22.500000000000004 149.50000000000003 162.50000000000003 143.50000000000003 95.500000000000014 4.5000000000000009 165.50000000000003 6.5000000000000009 2.5000000000000004
decision_type=2 2 2 2 2 2 2 2 2 2 2 2 2 2
left_child=1 -1 11 4 5 -2 8 -8 -7 10 -5 12 -3 -14
right_child=3 2 -4 9 -6 6 7 -9 -10 -11 -12 -13 13 -15
leaf_value=-0.00029965424666770997 -0.28418387081027036 0.0020820500914247603 -0.53928895307761249 0.056226787500882648 -0.12652127926393542 0.15945547289616102 0.88286966292170799 0.23782269994295399 -0.33697483569140668 0.006274196000947297 -0.34358986327779129 0.24006903642135807 -0.59888308435911319 -0.17963364051640718
leaf_weight=13344 120 724 160 284 348 1026 106 137 87 10552 284 112 91 257
leaf_count=13344 120 724 160 284 348 1026 106 137 87 10552 284 112 91 257
internal_value=8.55254e-06 -0.0114295 -0.121522 0.0129871 0.101138 0.15506 0.194832 0.531328 0.119317 -0.00151112 -0.144935 -0.0630369 -0.0956722 -0.296195
internal_weight=27632 14688 1344 12944 1824 1476 1356 243 1113 11120 568 1184 1072 348
internal_count=27632 14688 1344 12944 1824 1476 1356 243 1113 11120 568 1184 1072 348
is_linear=0
shrinkage=0.05


Tree=147
num_leaves=15
num_cat=0
split_feature=2 2 1 1 10 14 9 11 11 9 11 7 5 1
split_gain=1646.69 2762.46 3349.87 8811.6 5453.54 5627.98 2893.72 5228.95 3915.15 3714.98 17448.6 2902.28 6697.56 6556.2
threshold=1.0000000180025095e-35 1.5000000000000002 1.0000000180025095e-35 1.5000000000000002 100.50000000000001 58.500000000000007 100.50000000000001 72.500000000000014 66.500000000000014 95.500000000000014 92.500000000000014 103.50000000000001 117.50000000000001 6.5000000000000009
decision_type=2 2 2 2 2 2 2 2 2 2 2 2 2 2
left_child=-1 -2 4 -4 -3 -6 9 8 -8 11 -11 13 -13 -5
right_child=1 2 3 6 5 -7 7 -9 -10 10 -12 12 -14 -15
leaf_value=0.021132971985693663 -0.032851137400667987 0.083940799218067907 0.20140736461977721 -0.11493672979813321 -0.53599736457255398 -0.1009084086523582 0.016005367110757267 0.016112874992705056 0.47763003652590674 -0.73803289815193363 0.034912094598015149 0.30353522113207998 -0.14734231509866508 0.01353563307850237
leaf_weight=6908 6908 218 576 1400 102 254 80 7004 104 96 262 204 132 3384
leaf_count=6908 6908 218 576 1400 102 254 80 7004 104 96 262 204 132 3384
internal_value=6.6579e-07 -0.00704683 0.00586253 0.0110058 -0.111862 -0.231266 0.00227106 0.0231277 0.282657 -0.0250922 -0.179669 -0.0141192 0.126842 -0.0241415
internal_weight=27632 20724 13816 13242 574 356 12666 7188 184 5478 358 5120 336 4784
internal_count=27632 20724 13816 13242 574 356 12666 7188 184 5478 358 5120 336 4784
is_linear=0
shrinkage=0.05


Tree=148
num_leaves=15
num_cat=0
split_feature=13 14 4 14 7 9 8 7 14 8 11 5 8 1
split_gain=1581.39 1751.99 3758.87 1981.78 1751.26 3548.19 1979.42 2130.2 4217.87 2278.88 2521.37 2087.72 3426.3 2029.6
threshold=195.50000000000003 190.50000000000003 2.5000000000000004 187.50000000000003 187.50000000000003 157.50000000000003 178.50000000000003 181.50000000000003 155.50000000000003 173.50000000000003 187.50000000000003 173.50000000000003 182.50000000000003 11.500000000000002
decision_type=2 2 2 2 2 2 2 2 2 2 2 2 2 2
left_child=1 3 -3 4 6 -6 7 9 -9 10 13 12 -8 -1
right_child=-2 2 -4 -5 5 -7 11 8 -10 -11 -12 -13 -14 -15
leaf_value=0.011166439604273781 0.21283233993868722 -0.071849196620525857 0.3855755430091633 -0.20193693794128376 0.30331700391182348 -0.029698622136555136 0.15845674221652675 -0.43019332993556469 0.060658102327336871 -0.16082225172261222 0.19713890892599928 0.22995862497046671 -0.22492123682474352 -0.016780649075313344
leaf_weight=13205 82 88 84 118 136 183 141 80 88 221 154 182 92 12778
leaf_count=13205 82 88 84 118 136 183 141 80 88 221 154 182 92 12778
internal_value=-3.90707e-06 -0.000675899 0.156126 -0.00168932 -0.000785637 0.114767 -0.0021749 -0.0038794 -0.178759 -0.00273107 -0.00136383 0.105523 0.00553498 -0.00257805
internal_weight=27632 27550 172 27378 27260 319 26941 26526 168 26358 26137 415 233 25983
internal_count=27632 27550 172 27378 27260 319 26941 26526 168 26358 26137 415 233 25983
is_linear=0
shrinkage=0.05


Tree=149
num_leaves=15
num_cat=0
split_feature=7 5 7 9 7 9 12 5 11 8 10 14 11 6
split_gain=1509.31 8111.79 5573.03 9994.64 7001.1 10673.1 7912.42 6791.16 7994.38 5340.24 5662.92 5427.87 4144.98 5168.08
threshold=162.50000000000003 179.50000000000003 147.50000000000003 173.50000000000003 149.50000000000003 155.50000000000003 99.500000000000014 152.50000000000003 116.50000000000001 126.50000000000001 66.500000000000014 63.500000000000007 113.50000000000001 159.50000000000003
decision_type=2 2 2 2 2 2 2 2 2 2 2 2 2 2
left_child=1 2 3 7 5 -4 -6 -1 -9 -2 -11 -12 -8 -14
right_child=9 -3 4 -5 6 -7 12 8 -10 10 11 -13 13 -15
leaf_value=-0.0040663989833482949 -0.25703908035614687 -0.39413495367827051 -0.02825396601281582 0.31764833075491339 -0.41209920648855314 -0.78497192116344683 0.16829308314144384 0.51252444529831409 0.075763930863407075 -0.32887331506993511 0.21363399099218419 0.027993853910619489 -0.15301693882715253 0.025592470896956366
leaf_weight=20360 152 128 104 248 136 80 240 120 664 96 444 3220 712 928
leaf_count=20360 152 128 104 248 136 80 240 120 664 96 444 3220 712 928
internal_value=1.13659e-07 -0.0047472 -0.00255149 0.00524861 -0.0782367 -0.369324 -0.0508212 0.00151021 0.145439 0.0287543 0.0406336 0.05075 -0.0236624 -0.0521796
internal_weight=27632 23720 23592 21392 2200 184 2016 21144 784 3912 3760 3664 1880 1640
internal_count=27632 23720 23592 21392 2200 184 2016 21144 784 3912 3760 3664 1880 1640
is_linear=0
shrinkage=0.05


Tree=150
num_leaves=15
num_cat=0
split_feature=14 4 14 3 12 14 12 7 4 6 3 3 13 1
split_gain=1497.75 5544.98 11129.7 20595.6 5819.74 13339.4 10639.8 7526.43 4951.07 8431.57 8038.97 9478.59 10785.7 15470.6
threshold=22.500000000000004 1.5000000000000002 25.500000000000004 4.5000000000000009 22.500000000000004 95.500000000000014 24.500000000000004 21.500000000000004 3.5000000000000004 167.50000000000003 4.5000000000000009 2.5000000000000004 133.50000000000003 13.500000000000002
decision_type=2 2 2 2 2 2 2 2 2 2 2 2 2 2
left_child=8 2 3 -2 5 -4 -6 -7 9 -1 11 12 -10 -14
right_child=1 -3 4 -5 6 7 -8 -9 10 -11 -12 -13 13 -15
leaf_value=-0.043132487546024223 0.032669813923831635 -0.0041161139858842408 0.25333429857304224 0.90635311749481839 0.59940272527694538 -0.10102932198994584 0.042611193374996553 -0.75278438570037975 -0.082247412772528672 -0.41650513034266762 -0.031541287326512943 0.364694972233645 0.80364175570658269 -0.067292551364044884
leaf_weight=3579 178 17782 109 104 84 88 2431 88 518 153 2002 318 92 106
leaf_count=3579 178 17782 109 104 84 88 2431 88 518 153 2002 318 92 106
internal_value=-9.1277e-06 0.00662135 0.0684789 0.365056 0.0380118 -0.174223 0.0623602 -0.4387 -0.020439 -0.0589764 0.0269522 0.139812 0.0380976 0.347211
internal_weight=27632 20864 3082 282 2800 285 2515 176 6768 3732 3036 1034 716 198
internal_count=27632 20864 3082 282 2800 285 2515 176 6768 3732 3036 1034 716 198
is_linear=0
shrinkage=0.05


Tree=151
num_leaves=15
num_cat=0
split_feature=2 1 1 7 7 1 8 14 5 3 7 3 3 5
split_gain=1486.51 2672.35 11273.5 21646.1 38844.3 68378.6 15265.8 11504.5 11632.9 7758.18 7596.79 6851.59 11748.4 27106.7
threshold=1.0000000180025095e-35 8.5000000000000018 6.5000000000000009 25.500000000000004 21.500000000000004 7.5000000000000009 112.50000000000001 146.50000000000003 104.50000000000001 5.5000000000000009 121.50000000000001 4.5000000000000009 5.5000000000000009 59.500000000000007
decision_type=2 2 2 2 2 2 2 2 2 2 2 2 2 2
left_child=-1 2 11 4 9 -6 7 -5 -9 -4 -8 -2 13 -13
right_child=1 -3 3 6 5 -7 10 8 -10 -11 -12 12 -14 -15
leaf_value=0.020083124582421924 -0.04989813968493121 -0.020597942339883196 0.23250486033237716 0.050476925297689858 0.095330044982310777 2.0143486491469451 0.49447162058546185 -0.66226312832186263 -0.058113478491967074 -0.33928686769385091 -0.043103594317728165 1.0235817255766204 -0.061844915029694664 0.10260946066020193
leaf_weight=6908 4281 12951 153 671 102 81 213 132 193 90 93 84 882 798
leaf_count=6908 4281 12951 153 671 102 81 213 132 193 90 93 84 882 798
internal_value=4.93407e-06 -0.00669103 0.0164784 0.128906 0.436051 0.975714 0.0271282 -0.0680461 -0.309808 0.0181593 0.333025 -0.0157398 0.0670649 0.195597
internal_weight=27632 20724 7773 1728 426 183 1302 996 325 243 306 6045 1764 882
internal_count=27632 20724 7773 1728 426 183 1302 996 325 243 306 6045 1764 882
is_linear=0
shrinkage=0.05


Tree=152
num_leaves=15
num_cat=0
split_feature=11 11 10 7 14 8 9 10 9 9 7 7 6 6
split_gain=1434.85 6533.05 11614.7 5819.79 8060.18 9554.3 12273.7 8990.94 7594.42 7536.49 4808 5730.55 5436.91 5561.64
threshold=105.50000000000001 101.50000000000001 113.50000000000001 92.500000000000014 156.50000000000003 22.500000000000004 149.50000000000003 162.50000000000003 108.50000000000001 104.50000000000001 104.50000000000001 102.50000000000001 113.50000000000001 102.50000000000001
decision_type=2 2 2 2 2 2 2 2 2 2 2 2 2 2
left_child=1 -1 -3 4 5 -2 8 -8 9 -7 11 -5 13 -13
right_child=3 2 -4 10 -6 6 7 -9 -10 -11 -12 12 -14 -15
leaf_value=-6.352839070871887e-05 -0.27397259216457609 -0.060482636322087203 -0.50865714297545228 -0.028771784816668384 -0.12038133135830548 0.12726078931971493 0.83857387432845332 0.22161939127213312 -0.11964203818166559 0.57425157753152589 0.009634781841125024 -0.35499307216405868 -0.58332973237675023 0.14548243363895039
leaf_weight=13344 120 1184 160 816 348 744 106 137 265 104 9992 120 96 96
leaf_count=13344 120 1184 160 816 348 744 106 137 265 104 9992 120 96 96
internal_value=3.00002e-05 -0.0106643 -0.115524 0.0121646 0.0948162 0.145789 0.183806 0.502224 0.112351 0.185125 -0.00142916 -0.0990453 -0.279485 -0.1343
internal_weight=27632 14688 1344 12944 1824 1476 1356 243 1113 848 11120 1128 312 216
internal_count=27632 14688 1344 12944 1824 1476 1356 243 1113 848 11120 1128 312 216
is_linear=0
shrinkage=0.05


Tree=153
num_leaves=15
num_cat=0
split_feature=5 12 14 14 8 1 4 3 1 1 14 3 13 1
split_gain=1426.68 1537.32 4848.13 3055.37 3349.17 5240.92 7342.1 6707.66 4147.67 6342.79 4129.7 2999.26 16087.9 34586.3
threshold=198.50000000000003 21.500000000000004 178.50000000000003 165.50000000000003 21.500000000000004 2.5000000000000004 4.5000000000000009 4.5000000000000009 6.5000000000000009 8.5000000000000018 26.500000000000004 5.5000000000000009 59.500000000000007 9.5000000000000018
decision_type=2 2 2 2 2 2 2 2 2 2 2 2 2 2
left_child=1 2 3 4 5 6 7 -1 10 -10 -6 -3 13 -13
right_child=-2 11 -4 -5 8 -7 -8 -9 9 -11 -12 12 -14 -15
leaf_value=0.13045505392519349 0.20455642567420218 -0.0021382882768559673 -0.40276054733816313 0.22962484505674721 -0.090580088561259667 -0.02430948856338791 -0.11419974887554629 0.68144794130171449 0.28032417837664381 -0.084711255903992769 -0.40792119011454198 0.76236769744696531 -0.080652683912158588 0.066662602008655078
leaf_weight=146 80 20826 80 113 259 2087 133 87 134 824 169 203 1216 1275
leaf_count=146 80 20826 80 113 259 2087 133 87 134 824 169 203 1216 1275
internal_value=2.72928e-05 -0.000603586 -0.0291092 -0.0210461 -0.0287136 0.0064186 0.179602 0.346185 -0.0906916 -0.0324617 -0.219149 0.00428825 0.0538806 0.164464
internal_weight=27632 27552 4032 3952 3839 2453 366 233 1386 958 428 23520 2694 1478
internal_count=27632 27552 4032 3952 3839 2453 366 233 1386 958 428 23520 2694 1478
is_linear=0
shrinkage=0.05


Tree=154
num_leaves=15
num_cat=0
split_feature=1 12 8 8 12 8 5 7 11 10 8 9 11 6
split_gain=1405.9 2549.86 2867.7 2424.83 1820.02 12927.1 15448.3 9107.21 11133.1 16070.6 15629.8 34622.1 30491.3 9771.65
threshold=21.500000000000004 141.50000000000003 131.50000000000003 108.50000000000001 92.500000000000014 119.50000000000001 174.50000000000003 112.50000000000001 72.500000000000014 101.50000000000001 105.50000000000001 96.500000000000014 98.500000000000014 104.50000000000001
decision_type=2 2 2 2 2 2 2 2 2 2 2 2 2 2
left_child=4 2 -2 -3 5 7 -7 8 -1 10 11 -10 -13 -12
right_child=1 3 -4 -5 -6 6 -8 -9 9 -11 13 12 -14 -15
leaf_value=0.011202282260887677 -0.029325725599042275 -0.38668652675425014 0.24424119173447686 -0.082024438424097276 0.015468366610223262 -0.59989250279360951 0.089313982075727591 0.25857562622069741 -0.14594360113224344 0.042998811810877134 -0.23261860651471236 -1.5503506491679957 -0.33289002010391822 0.46387416119548947
leaf_weight=9089 1860 85 96 253 14022 193 136 320 464 714 96 96 112 96
leaf_count=9089 1860 85 96 253 14022 193 136 320 464 714 96 96 112 96
internal_value=3.63143e-05 -0.0374024 -0.0153106 -0.163161 0.00343258 -0.0114816 -0.31792 -0.00216498 -0.0101044 -0.132475 -0.276898 -0.389928 -0.917998 0.118562
internal_weight=27632 2294 1956 338 25338 11316 329 10987 10667 1578 864 672 208 192
internal_count=27632 2294 1956 338 25338 11316 329 10987 10667 1578 864 672 208 192
is_linear=0
shrinkage=0.05


Tree=155
num_leaves=15
num_cat=0
split_feature=0 5 10 14 5 5 1 8 8 14 8 9 6 1
split_gain=1408.25 3221.72 3266.76 2615.49 2999.56 2180.73 4834.25 4114.73 2825.33 2357.1 2159.54 2004.18 5490.49 2204.11
threshold=1.5000000000000002 173.50000000000003 171.50000000000003 158.50000000000003 151.50000000000003 126.50000000000001 17.500000000000004 137.50000000000003 108.50000000000001 132.50000000000003 156.50000000000003 180.50000000000003 162.50000000000003 11.500000000000002
decision_type=2 2 2 2 2 2 2 2 2 2 2 2 2 2
left_child=1 2 3 5 -5 8 7 -7 -1 -8 -3 13 -13 -2
right_child=11 10 -4 4 -6 6 9 -9 -10 -11 -12 12 -14 -15
leaf_value=-0.012163369299076431 0.016858922957806999 0.34900102627627994 -0.24423270468060909 -0.35850995693635196 -0.021828338640684987 0.21658409075261181 0.450670320221356 -0.15431169708792725 -0.16247884002029897 0.085818573713793866 0.035493695770572056 0.30310315923908582 -0.00043281438224509637 -0.013795441465223211
leaf_weight=1885 11882 80 185 120 142 105 93 229 370 86 159 203 525 11568
leaf_count=1885 11882 80 185 120 142 105 93 229 370 86 159 203 525 11568
internal_value=1.42899e-05 -0.0298261 -0.0430604 -0.0303955 -0.17986 -0.0159495 0.0766226 -0.036238 -0.037132 0.282474 0.145435 0.00428249 0.0856972 0.00173726
internal_weight=27632 3454 3215 3030 262 2768 513 334 2255 179 239 24178 728 23450
internal_count=27632 3454 3215 3030 262 2768 513 334 2255 179 239 24178 728 23450
is_linear=0
shrinkage=0.05


Tree=156
num_leaves=15
num_cat=0
split_feature=13 13 13 5 1 3 11 3 14 9 3 1 9 3
split_gain=1345.07 2325.83 5579.21 5464.53 4808.38 5943.86 7487.52 5384.63 4502.62 6049.34 10802.3 12699.9 5272.81 21511.9
threshold=20.500000000000004 27.500000000000004 84.500000000000014 129.50000000000003 6.5000000000000009 4.5000000000000009 107.50000000000001 4.5000000000000009 149.50000000000003 100.50000000000001 1.5000000000000002 8.5000000000000018 161.50000000000003 4.5000000000000009
decision_type=2 2 2 2 2 2 2 2 2 2 2 2 2 2
left_child=-1 -2 3 4 5 6 -3 -6 12 10 -10 -12 -4 -14
right_child=1 2 8 -5 7 -7 -8 -9 9 -11 11 -13 13 -15
leaf_value=-0.049570913067879481 0.025765654406950098 -0.37628904686582665 0.027417889689203362 -0.41030595999956132 0.35168448445451173 0.023699724257782776 -0.066183457895748074 -0.052244453908668623 0.28864807309390805 -0.019414975865473527 -0.83193616733122411 -0.16544862149581363 -0.010728772145171627 -0.68368618543626691
leaf_weight=1298 7612 329 11470 120 126 504 473 220 92 3608 84 384 1185 127
leaf_count=1298 7612 329 11470 120 126 504 473 220 92 3608 84 384 1185 127
internal_value=1.80058e-05 0.00247118 -0.00700424 -0.0912919 -0.0669508 -0.110796 -0.19494 0.0977654 0.00183174 -0.0432661 -0.195403 -0.292604 0.0165486 -0.0782185
internal_weight=27632 26334 18722 1772 1652 1306 802 346 16950 4168 560 468 12782 1312
internal_count=27632 26334 18722 1772 1652 1306 802 346 16950 4168 560 468 12782 1312
is_linear=0
shrinkage=0.05


Tree=157
num_leaves=15
num_cat=0
split_feature=14 4 14 3 12 14 11 7 4 6 5 3 4 9
split_gain=1393.13 5060.87 10063.9 18738.8 5091.04 11671.1 9518.6 6786.25 4565.1 7430.79 7303.81 7269.74 9111.92 20328.8
threshold=22.500000000000004 1.5000000000000002 25.500000000000004 4.5000000000000009 22.500000000000004 95.500000000000014 24.500000000000004 21.500000000000004 3.5000000000000004 167.50000000000003 121.50000000000001 4.5000000000000009 4.5000000000000009 57.500000000000007
decision_type=2 2 2 2 2 2 2 2 2 2 2 2 2 2
left_child=8 2 3 -2 5 -4 -6 -7 9 10 -1 12 13 -10
right_child=1 -3 4 -5 6 7 -8 -9 11 -11 -12 -13 -14 -15
leaf_value=-0.063243124512543089 0.030480925763239627 -0.0038638746683568037 0.23791059936772574 0.8638303437364212 0.53493567776340656 -0.089193470964348445 0.039348172475914274 -0.70756951384646927 0.97184054513686702 -0.39235402297322891 0.19531809971761585 -0.029822261432574923 -0.029494820527732377 0.13917648863100907
leaf_weight=3286 178 17782 109 104 96 88 2419 88 82 153 293 2002 470 482
leaf_count=3286 178 17782 109 104 96 88 2419 88 82 153 293 2002 470 482
internal_value=-5.2116e-07 0.00639418 0.0654897 0.347511 0.0365174 -0.16199 0.0592891 -0.409387 -0.0197039 -0.0567087 -0.0418327 0.0258026 0.133127 0.267714
internal_weight=27632 20864 3082 282 2800 285 2515 176 6768 3732 3579 3036 1034 564
internal_count=27632 20864 3082 282 2800 285 2515 176 6768 3732 3579 3036 1034 564
is_linear=0
shrinkage=0.05


Tree=158
num_leaves=15
num_cat=0
split_feature=7 5 1 1 14 7 9 7 9 12 5 11 1 4
split_gain=1370.07 7194.88 4923.18 6685.23 5145.26 4809.45 8775.86 6216.48 9317.58 6417.49 5964.75 7287.46 4390.06 3984.86
threshold=162.50000000000003 179.50000000000003 17.500000000000004 19.500000000000004 142.50000000000003 147.50000000000003 173.50000000000003 149.50000000000003 155.50000000000003 99.500000000000014 152.50000000000003 116.50000000000001 16.500000000000004 1.5000000000000002
decision_type=2 2 2 2 2 2 2 2 2 2 2 2 2 2
left_child=1 5 12 4 -4 6 10 8 -7 -9 -1 -12 -2 -11
right_child=2 -3 3 -5 -6 7 -8 9 -10 13 11 -13 -14 -15
leaf_value=-0.0039235036261664113 0.027485204955320388 -0.37122894743443435 0.63310771019896495 -0.080074051654102002 0.16963758486890179 -0.028267000444711893 0.29753883697769862 -0.37228543991289031 -0.73539964483941311 0.16230193356368616 0.48665192995071416 0.069690455700116311 -0.15289993004093597 -0.050942466211708337
leaf_weight=20360 3128 128 91 146 174 104 248 136 80 248 120 664 373 1632
leaf_count=20360 3128 128 91 146 174 104 248 136 80 248 120 664 373 1632
internal_value=1.48584e-05 -0.00450818 0.0274106 0.19003 0.337568 -0.00244027 0.00480579 -0.0727495 -0.347037 -0.0469187 0.00130277 0.136191 0.00807615 -0.0224565
internal_weight=27632 23720 3912 411 265 23592 21392 2200 184 2016 21144 784 3501 1880
internal_count=27632 23720 3912 411 265 23592 21392 2200 184 2016 21144 784 3501 1880
is_linear=0
shrinkage=0.05


Tree=159
num_leaves=15
num_cat=0
split_feature=13 5 14 5 14 7 5 14 12 7 14 9 3 5
split_gain=1291.05 1484.49 6316.71 2368.37 6121.05 2638.57 2205.94 2531.08 1775.91 4674.69 9993.04 6581.85 6501.22 14732.6
threshold=195.50000000000003 181.50000000000003 90.500000000000014 179.50000000000003 151.50000000000003 184.50000000000003 183.50000000000003 157.50000000000003 159.50000000000003 133.50000000000003 147.50000000000003 171.50000000000003 4.5000000000000009 164.50000000000003
decision_type=2 2 2 2 2 2 2 2 2 2 2 2 2 2
left_child=1 3 -3 5 -5 8 -4 -8 -1 10 -10 -12 -11 -14
right_child=-2 2 6 4 -6 -7 7 -9 9 12 11 -13 13 -15
leaf_value=-0.0046026738259301045 0.19232263758607296 0.47176330065527977 0.25541846709216343 -0.45952560506993906 0.10506915141809353 -0.22016851489370973 -0.1613600293431422 0.054813871457900877 0.33353707472438726 0.021608950688044359 -0.11588200844913013 0.19878426575254313 -0.74986010703902983 0.11652347375681504
leaf_weight=23700 82 81 80 91 93 132 197 406 357 1538 415 270 86 104
leaf_count=23700 82 81 80 91 93 132 197 406 357 1538 415 270 86 104
internal_value=1.45804e-05 -0.000592601 0.0679012 -0.00255851 -0.17893 -0.0013052 0.0169249 -0.0165563 -0.000172402 0.0376728 0.121046 0.00868874 -0.0128065 -0.284801
internal_weight=27632 27550 764 26786 184 26602 683 603 26470 2770 1042 685 1728 190
internal_count=27632 27550 764 26786 184 26602 683 603 26470 2770 1042 685 1728 190
is_linear=0
shrinkage=0.05


Tree=160
num_leaves=15
num_cat=0
split_feature=2 14 14 7 13 14 13 13 1 1 4 5 11 2
split_gain=1282.51 2524.14 13892.7 4558.43 2955.27 3441.12 4873.25 3764.34 3181.47 18846.6 3608.35 4845.69 3352.64 2494.46
threshold=1.0000000180025095e-35 64.500000000000014 28.500000000000004 162.50000000000003 28.500000000000004 93.500000000000014 75.500000000000014 94.500000000000014 7.5000000000000009 9.5000000000000018 3.5000000000000004 100.50000000000001 97.500000000000014 2.5000000000000004
decision_type=2 2 2 2 2 2 2 2 2 2 2 2 2 2
left_child=1 2 3 -1 8 6 -6 -7 10 -10 11 -3 -12 -2
right_child=13 4 -4 -5 5 7 -8 -9 9 -11 12 -13 -14 -15
leaf_value=-0.0084666230205447928 -0.018469422242132622 0.42482672331177379 -0.49810535967246533 0.30407209233418714 -0.074431667846003802 -0.29735375186880525 0.36270593294651254 0.010483273315165785 0.81148870992239075 0.075157919450750024 -0.35471517386890594 -0.032774399400168901 0.047713023935045513 0.018318365609111938
leaf_weight=2262 13816 83 139 118 104 98 154 2766 94 723 100 167 100 6908
leaf_count=2262 13816 83 139 118 104 98 154 2766 94 723 100 167 100 6908
internal_value=1.41991e-05 0.0186639 -0.0212045 0.00763398 0.0415438 0.0153434 0.18843 -0.000550117 0.10579 0.164297 -0.0010718 0.1245 -0.157245 -0.00620537
internal_weight=27632 6908 2519 2380 4389 3122 258 2864 1267 817 450 250 200 20724
internal_count=27632 6908 2519 2380 4389 3122 258 2864 1267 817 450 250 200 20724
is_linear=0
shrinkage=0.05


Tree=161
num_leaves=15
num_cat=0
split_feature=1 12 8 10 12 8 5 3 7 11 1 10 10 3
split_gain=1259.05 2403.85 2568.36 2317.6 1497.13 11564.9 13162 8613.38 8065.24 9953.46 14995.4 29135.5 9662.41 6401.91
threshold=21.500000000000004 141.50000000000003 131.50000000000003 142.50000000000003 92.500000000000014 119.50000000000001 174.50000000000003 3.5000000000000004 112.50000000000001 72.500000000000014 7.5000000000000009 95.500000000000014 87.500000000000014 1.5000000000000002
decision_type=2 2 2 2 2 2 2 2 2 2 2 2 2 2
left_child=4 2 -2 -3 5 8 7 -7 9 12 13 -12 -1 -11
right_child=1 3 -4 -5 -6 6 -8 -9 -10 10 11 -13 -14 -15
leaf_value=0.0026166725770625904 -0.02722645499630539 -0.36058286458626387 0.23166773565629925 -0.07245329412924606 0.01415051523228021 -0.23664731905541636 0.075964373014603112 -0.91317647990360062 0.24389107704234236 -0.20609817538604636 -0.083073040708293064 -1.089795664657246 0.32093548060908006 0.032170645566274157
leaf_weight=8849 1860 95 96 243 14022 105 136 88 320 417 210 105 240 846
leaf_count=8849 1860 95 96 243 14022 105 136 88 320 417 210 105 240 846
internal_value=2.04584e-05 -0.0354091 -0.0139617 -0.157512 0.00323446 -0.0102922 -0.300137 -0.560387 -0.00148041 -0.00895214 -0.124659 -0.430432 0.0111939 -0.0470002
internal_weight=27632 2294 1956 338 25338 11316 329 193 10987 10667 1578 315 9089 1263
internal_count=27632 2294 1956 338 25338 11316 329 193 10987 10667 1578 315 9089 1263
is_linear=0
shrinkage=0.05


Tree=162
num_leaves=15
num_cat=0
split_feature=9 10 14 13 7 1 14 1 0 9 9 14 8 8
split_gain=1211.04 3258.32 12552.5 8462.77 14834.4 7893.21 4778.38 10424 6312.85 4305.69 4124.15 5003.68 3869.2 13250.6
threshold=21.500000000000004 23.500000000000004 174.50000000000003 149.50000000000003 22.500000000000004 13.500000000000002 23.500000000000004 1.5000000000000002 4.5000000000000009 55.500000000000007 24.500000000000004 78.500000000000014 22.500000000000004 61.000000000000007
decision_type=2 2 2 2 2 2 2 2 2 2 2 2 2 2
left_child=-1 2 3 6 5 -5 -2 8 -8 -3 11 -9 -11 -14
right_child=1 9 -4 4 -6 -7 7 10 -10 12 -12 -13 13 -15
leaf_value=-0.025189278468248862 -0.037734197762831621 -0.085506726663217889 0.58140500373442039 -0.30351835704596647 0.69931351087750904 0.30271940778370376 0.090529937040060765 0.086965000780377777 0.63962618120341019 -0.25077197094191644 0.30105425640269445 -0.16322602931109145 0.60036226870712417 0.002016411875731637
leaf_weight=4064 2094 1480 102 99 121 106 95 446 117 144 106 354 88 18216
leaf_count=4064 2094 1480 102 99 121 106 95 446 117 144 106 354 88 18216
internal_value=7.31911e-07 0.00434885 0.0478143 0.0316322 0.272355 0.00969498 0.00681486 0.0900512 0.401324 -0.00360045 0.0154117 -0.0240707 0.00299191 0.00505624
internal_weight=27632 23568 3640 3538 326 205 3212 1118 212 19928 906 800 18448 18304
internal_count=27632 23568 3640 3538 326 205 3212 1118 212 19928 906 800 18448 18304
is_linear=0
shrinkage=0.05


Tree=163
num_leaves=15
num_cat=0
split_feature=13 8 3 9 1 9 1 13 13 5 14 13 4 14
split_gain=1185.84 2138.64 5240.79 3273.63 2471.59 2474.02 2396.95 2121.64 5305.29 5369.97 4934.1 5890.1 6030.3 5889.25
threshold=20.500000000000004 20.500000000000004 5.5000000000000009 20.500000000000004 5.5000000000000009 91.500000000000014 8.5000000000000018 28.500000000000004 93.500000000000014 127.50000000000001 149.50000000000003 145.50000000000003 4.5000000000000009 182.50000000000003
decision_type=2 2 2 2 2 2 2 2 2 2 2 2 2 2
left_child=1 2 -1 -3 5 -5 -6 -2 9 -9 -10 -12 13 -13
right_child=7 3 -4 4 6 -7 -8 8 10 -11 11 12 -14 -15
leaf_value=0.3247114065172505 0.024423535234178274 -0.35015846230089664 -0.11069155413755159 -0.011420251060099829 0.23384738149850268 -0.34811492336544497 -0.039342008658320236 -0.048231074718174539 0.02034432985533878 -0.28210181587358768 -0.22210495878443953 0.02597435725710126 -0.16577667356250578 -0.21701083497686702
leaf_weight=116 7686 96 157 100 87 116 626 2322 11890 270 408 2876 614 268
leaf_count=116 7686 96 157 100 87 116 626 2322 11890 270 408 2876 614 268
internal_value=2.27493e-05 -0.0465386 0.0768275 -0.0796096 -0.0499271 -0.196023 -0.00461121 0.00232615 -0.00678566 -0.0730888 0.00393742 -0.0428571 -0.0231272 0.0049502
internal_weight=27632 1298 273 1025 929 216 713 26334 18648 2592 16056 4166 3758 3144
internal_count=27632 1298 273 1025 929 216 713 26334 18648 2592 16056 4166 3758 3144
is_linear=0
shrinkage=0.05


Tree=164
num_leaves=15
num_cat=0
split_feature=0 5 10 14 5 8 7 8 5 9 9 10 7 11
split_gain=1193.47 2882.86 2990.77 2255.38 2578.78 1977.21 4730.76 6488.46 9175.92 9716.76 6416.49 5301.73 4510.1 6394.49
threshold=1.5000000000000002 173.50000000000003 171.50000000000003 158.50000000000003 151.50000000000003 158.50000000000003 144.50000000000003 112.50000000000001 84.500000000000014 112.50000000000001 105.50000000000001 99.500000000000014 90.500000000000014 109.50000000000001
decision_type=2 2 2 2 2 2 2 2 2 2 2 2 2 2
left_child=1 2 3 -1 -5 6 7 12 -9 10 -10 -12 13 -2
right_child=5 -3 -4 4 -6 -7 -8 8 9 -11 11 -13 -14 -15
leaf_value=-0.014449751317483531 -0.001165013815910143 0.13832440799957171 -0.23246212285404144 -0.3323030893355608 -0.0201330314662789 0.042230076198531433 -0.060701991562023411 -0.31636526253331326 0.037560745511075549 0.055415823087000486 0.74286169643034639 0.27619751574885515 -0.044253572595952119 0.12079839843120853
leaf_weight=2768 8862 239 185 120 142 2954 2898 140 140 2646 98 175 5047 1218
leaf_count=2768 8862 239 185 120 142 2954 2898 140 140 2646 98 175 5047 1218
internal_value=1.10677e-05 -0.0274597 -0.0399796 -0.0278638 -0.166657 0.00394034 -0.0013976 0.00799456 0.0726314 0.0909217 0.315016 0.454066 -0.00569408 0.0136248
internal_weight=27632 3454 3215 3030 262 24178 21224 18326 3199 3059 413 273 15127 10080
internal_count=27632 3454 3215 3030 262 24178 21224 18326 3199 3059 413 273 15127 10080
is_linear=0
shrinkage=0.05


Tree=165
num_leaves=15
num_cat=0
split_feature=1 12 8 2 10 10 11 9 1 4 3 3 3 7
split_gain=1163.3 2207.07 2277.54 2089.47 1423.51 8493.11 6889.86 5987.73 5401.12 7706.87 8132.27 12268.8 5427.37 4392.1
threshold=21.500000000000004 141.50000000000003 131.50000000000003 1.0000000180025095e-35 101.50000000000001 100.50000000000001 92.500000000000014 110.50000000000001 1.5000000000000002 4.5000000000000009 5.5000000000000009 4.5000000000000009 1.0000000180025095e-35 77.500000000000014
decision_type=2 2 2 2 2 2 2 2 2 2 2 2 2 2
left_child=4 2 -2 -3 5 8 -6 -7 9 10 11 12 -1 -8
right_child=1 3 -4 -5 6 7 13 -9 -10 -11 -12 -13 -14 -15
leaf_value=0.36568403644720093 -0.025980991206410276 -0.031964886614435313 0.21781677669006411 -0.28003322704675288 0.23362753795443855 -0.61348672284155481 0.10790064017714447 -0.04267653213790118 -0.014084898613622561 -0.13899461830694212 -0.064133544251322755 0.69393369815718964 -0.01776519319500949 -6.1995647908563448e-05
leaf_weight=155 1860 179 96 159 344 93 1018 88 10931 233 220 137 217 11902
leaf_count=155 1860 179 96 159 344 93 1018 88 10931 233 220 137 217 11902
internal_value=1.4056e-05 -0.0340418 -0.0134906 -0.151041 0.00310344 -0.00931614 0.014408 -0.344573 -0.00407119 0.109197 0.188929 0.297868 0.144736 0.00848311
internal_weight=27632 2294 1956 338 25338 12074 13264 181 11893 962 729 509 372 12920
internal_count=27632 2294 1956 338 25338 12074 13264 181 11893 962 729 509 372 12920
is_linear=0
shrinkage=0.05


Tree=166
num_leaves=15
num_cat=0
split_feature=7 5 8 10 14 7 9 3 5 11 5 12 14 8
split_gain=1155.62 6424.19 4571.46 4654.9 4468.45 4064.27 7226.63 5698.79 5197.03 6747.81 4886.25 4569.16 4336.84 4447.09
threshold=162.50000000000003 179.50000000000003 126.50000000000001 66.500000000000014 63.500000000000007 147.50000000000003 173.50000000000003 5.5000000000000009 152.50000000000003 116.50000000000001 146.50000000000003 142.50000000000003 149.50000000000003 144.50000000000003
decision_type=2 2 2 2 2 2 2 2 2 2 2 2 2 2
left_child=1 5 -2 -4 -5 6 8 10 -1 -10 11 -7 13 -12
right_child=2 -3 3 4 -6 7 -8 -9 9 -11 12 -13 -14 -15
leaf_value=-0.0035792725052870159 -0.23923957766217974 -0.3506608565222416 -0.29883530357746535 0.19313060815688765 0.024696808864275905 -0.36186897096534576 0.27011874507774009 -0.38420404473081571 0.46441797482967379 0.063250200643541046 -0.11068080278197515 -0.002914271387419883 -0.096542565866648777 0.13137677075039295
leaf_weight=20360 152 128 96 444 3220 208 248 128 120 664 261 152 790 661
leaf_count=20360 152 128 96 444 3220 208 248 128 120 664 261 152 790 661
internal_value=1.68793e-05 -0.00413713 0.0251774 0.0361701 0.0453428 -0.00218314 0.00447795 -0.0668165 0.0012991 0.127207 -0.0463318 -0.212426 -0.0108885 0.0626277
internal_weight=27632 23720 3912 3760 3664 23592 21392 2200 21144 784 2072 360 1712 922
internal_count=27632 23720 3912 3760 3664 23592 21392 2200 21144 784 2072 360 1712 922
is_linear=0
shrinkage=0.05


Tree=167
num_leaves=15
num_cat=0
split_feature=5 12 14 14 8 1 4 8 1 1 14 3 14 13
split_gain=1147.68 1200.99 4542.39 2962.29 2899.12 4167.74 6173.56 4678.77 3964.99 5470.89 3586.94 2775.71 14142.5 10262.9
threshold=198.50000000000003 21.500000000000004 178.50000000000003 165.50000000000003 21.500000000000004 2.5000000000000004 3.5000000000000004 20.500000000000004 6.5000000000000009 8.5000000000000018 26.500000000000004 5.5000000000000009 179.50000000000003 59.500000000000007
decision_type=2 2 2 2 2 2 2 2 2 2 2 2 2 2
left_child=1 2 3 4 5 6 -1 -8 10 -10 -6 -3 13 -13
right_child=-2 11 -4 -5 8 -7 7 -9 9 -11 -12 12 -14 -15
leaf_value=0.41198203781040743 0.18345328537856831 -0.00241473210218233 -0.38742132444153815 0.22886119105111238 -0.088820215657522739 -0.020223550336060596 0.26811038989355745 -0.18860351625267124 0.26419467859693785 -0.074810668028918045 -0.38472148275923457 0.11981729429070748 0.62610900096812294 -0.079344740984306189
leaf_weight=143 80 20826 80 113 259 2087 89 134 134 824 169 1407 98 1189
leaf_count=143 80 20826 80 113 259 2087 89 134 134 824 169 1407 98 1189
internal_value=9.68927e-06 -0.000556147 -0.0257513 -0.0179498 -0.0255028 0.00718151 0.161617 -0.00444523 -0.0831668 -0.0262669 -0.208753 0.00376758 0.051476 0.0286215
internal_weight=27632 27552 4032 3952 3839 2453 366 223 1386 958 428 23520 2694 2596
internal_count=27632 27552 4032 3952 3839 2453 366 223 1386 958 428 23520 2694 2596
is_linear=0
shrinkage=0.05


Tree=168
num_leaves=15
num_cat=0
split_feature=2 7 14 10 13 7 1 1 7 7 5 9 7 9
split_gain=1135.48 2299.17 3032.31 4312.98 2469.52 3232.56 2245.27 9954.64 51308 60403.3 18676 12261 14136 7192.52
threshold=1.0000000180025095e-35 117.50000000000001 174.50000000000003 95.500000000000014 107.50000000000001 126.50000000000001 8.5000000000000018 7.5000000000000009 25.500000000000004 21.500000000000004 104.50000000000001 102.50000000000001 82.500000000000014 112.50000000000001
decision_type=2 2 2 2 2 2 2 2 2 2 2 2 2 2
left_child=1 2 -1 -4 -3 -6 7 -2 9 -9 11 12 -10 -12
right_child=6 4 3 -5 5 -7 -8 8 10 -11 13 -13 -14 -15
leaf_value=-0.011945538242060568 -0.004655382022868481 0.13043308183622659 0.4162121723304586 -0.05568799592244128 0.19899394879503562 -0.0064524566237631129 -0.01858240079804311 0.00029348530126421644 -0.15294200027001506 1.8854174454544865 0.37739796651969393 0.083190218478973427 -1.001981003381563 -0.096198995448961988
leaf_weight=4341 6909 773 96 91 217 1390 12951 84 114 81 252 135 84 114
leaf_count=4341 6909 773 96 91 217 1390 12951 84 114 81 252 135 84 114
internal_value=1.71305e-05 0.0175652 -0.00335847 0.191101 0.0572966 0.021821 -0.00583506 0.0154022 0.174897 0.953953 -0.014469 -0.283224 -0.528948 0.230576
internal_weight=27632 6908 4528 187 2380 1607 20724 7773 864 165 699 333 198 366
internal_count=27632 6908 4528 187 2380 1607 20724 7773 864 165 699 333 198 366
is_linear=0
shrinkage=0.05


Tree=169
num_leaves=15
num_cat=0
split_feature=2 1 1 13 9 1 1 14 3 14 1 13 1 9
split_gain=1120.94 2156.23 5671.47 2608.43 2125.74 3070.78 8037.99 4038.91 7984.25 3824.99 10518.5 13167.2 4136.5 4096.51
threshold=2.5000000000000004 1.0000000180025095e-35 1.5000000000000002 108.50000000000001 100.50000000000001 11.500000000000002 12.500000000000002 90.500000000000014 3.5000000000000004 141.50000000000003 19.500000000000004 143.50000000000003 16.500000000000004 151.50000000000003
decision_type=2 2 2 2 2 2 2 2 2 2 2 2 2 2
left_child=-1 -2 3 -3 -4 7 -7 8 -6 10 11 13 -11 -8
right_child=1 2 4 -5 5 6 9 -9 -10 12 -12 -13 -14 -15
leaf_value=-0.0057825714386882908 -0.11553638427763897 0.34254963382969844 -0.019807956857579107 0.023408189799525952 0.58683351539075379 -0.30476970603766362 0.24930644169534474 0.058562564698043766 0.00010030885052874806 0.031443695732554712 -0.016586464946731546 -0.04695407803170383 -0.18802697898470799 0.71182945940515097
leaf_weight=20724 287 192 2739 96 109 189 83 1110 118 649 726 155 315 140
leaf_count=20724 287 192 2739 96 109 189 83 1110 118 649 726 155 315 140
internal_value=3.20456e-05 0.0174675 0.0233156 0.238384 0.0133548 0.0386206 0.00300049 0.0985161 0.288411 0.0317957 0.095146 0.307158 -0.0408715 0.548922
internal_weight=27632 6908 6621 288 6333 3594 2257 1337 227 2068 1104 378 964 223
internal_count=27632 6908 6621 288 6333 3594 2257 1337 227 2068 1104 378 964 223
is_linear=0
shrinkage=0.05


Tree=170
num_leaves=15
num_cat=0
split_feature=13 2 2 7 6 1 1 5 13 6 5 9 14 5
split_gain=1081.99 1154.27 2263.08 2298.81 6405.41 5407.44 8680.76 4569.07 3873.12 3421.76 3396.4 3336.2 3099.4 5025.54
threshold=19.500000000000004 1.0000000180025095e-35 2.5000000000000004 134.50000000000003 143.50000000000003 17.500000000000004 16.500000000000004 153.50000000000003 123.50000000000001 142.50000000000003 166.50000000000003 161.50000000000003 176.50000000000003 110.50000000000001
decision_type=2 2 2 2 2 2 2 2 2 2 2 2 2 2
left_child=-1 -2 3 4 12 6 10 8 -7 -10 -5 -9 -3 -14
right_child=1 2 -4 5 -6 7 -8 11 9 -11 -12 -13 13 -15
leaf_value=-0.14792349901716642 0.018421220882527851 -0.0071759769046007837 0.018163081400885406 -0.11549891294464264 0.22819756338703823 0.080803865576668771 -0.30805853214798418 0.37104335286043177 -0.41375190701105241 0.0039021854826177546 0.0022912495058225435 0.036181239711327688 -0.43616311932151969 0.039096867967525435
leaf_weight=118 6886 9594 6890 1082 282 308 368 158 92 99 1400 139 105 111
leaf_count=118 6886 9594 6890 1082 282 308 368 158 92 99 1400 139 105 111
internal_value=4.22623e-05 0.000703608 -0.00521388 -0.0169404 -0.00463823 -0.0509395 -0.0830942 0.0639871 -0.0286438 -0.202694 -0.049187 0.217517 -0.0114442 -0.196573
internal_weight=27632 27514 20628 13738 10092 3646 2850 796 499 191 2482 297 9810 216
internal_count=27632 27514 20628 13738 10092 3646 2850 796 499 191 2482 297 9810 216
is_linear=0
shrinkage=0.05


Tree=171
num_leaves=15
num_cat=0
split_feature=7 7 1 1 14 8 10 5 6 0 14 7 7 5
split_gain=1047.21 5849.47 4126.44 5977.83 4384.49 3720.76 3391.02 3619.21 5239.93 4020.33 3245.47 7655.5 16893.9 15221
threshold=162.50000000000003 161.50000000000003 17.500000000000004 19.500000000000004 142.50000000000003 125.50000000000001 66.500000000000014 159.50000000000003 171.50000000000003 2.5000000000000004 170.50000000000003 24.500000000000004 21.500000000000004 89.500000000000014
decision_type=2 2 2 2 2 2 2 2 2 2 2 2 2 2
left_child=1 10 5 4 -4 -2 -7 8 9 -8 -1 12 -12 -13
right_child=2 -3 3 -5 -6 6 7 -9 -10 -11 11 13 -14 -15
leaf_value=0.0026047725149495058 -0.28980051978554544 -0.30810439232855469 0.58523708449210976 -0.082367509559092944 0.1573556472833513 -0.28259601189244177 -0.2592580711635632 0.045922652601009278 -0.41717047647943772 0.079879305130549222 -0.22735362727576611 -0.7724550537502064 0.686512954463251 -0.075677159561163748
leaf_weight=22264 98 152 91 146 174 88 118 2802 98 297 103 80 91 1030
leaf_count=22264 98 152 91 146 174 88 118 2802 98 297 103 80 91 1030
internal_value=3.44459e-05 -0.00391992 0.0239857 0.172865 0.312405 0.00628644 0.0152259 0.0235455 -0.0979416 -0.0184886 -0.00189317 -0.078406 0.207794 -0.129134
internal_weight=27632 23720 3912 411 265 3501 3403 3315 513 415 23568 1304 194 1110
internal_count=27632 23720 3912 411 265 3501 3403 3315 513 415 23568 1304 194 1110
is_linear=0
shrinkage=0.05


Tree=172
num_leaves=15
num_cat=0
split_feature=14 5 4 5 10 12 5 8 5 0 14 4 14 3
split_gain=1066.69 4219.26 23278.1 8924.84 30054.6 9923.55 9049.21 4650.32 8522.62 5839.45 4818.61 4107.7 9163.96 16839.1
threshold=22.500000000000004 163.50000000000003 1.5000000000000002 84.500000000000014 109.50000000000001 70.500000000000014 61.500000000000007 108.50000000000001 102.50000000000001 4.5000000000000009 21.500000000000004 1.5000000000000002 25.500000000000004 4.5000000000000009
decision_type=2 2 2 2 2 2 2 2 2 2 2 2 2 2
left_child=1 3 -3 4 6 -5 -1 8 -7 -10 -11 12 13 -2
right_child=11 2 -4 5 -6 7 -8 -9 9 10 -12 -13 -14 -15
leaf_value=-0.027293585619615368 0.027477863474743944 -0.84687312818132343 0.07861186697762064 0.5729065181356725 -0.79365320647484627 0.24039345599329948 0.45309005390852691 0.16011918171223863 0.029979318041287496 -0.13323473117734289 -0.65776546962120952 -0.0036238405109565637 0.031218937597961339 0.81741320233826242
leaf_weight=4998 178 91 230 102 123 171 95 619 162 97 80 17782 2800 104
leaf_count=4998 178 91 230 102 123 171 95 619 162 97 80 17782 2800 104
internal_value=2.22551e-05 -0.0172189 -0.192718 -0.00833808 -0.0369332 0.112485 -0.0178974 0.0685451 -0.0430761 -0.187481 -0.381868 0.00561782 0.0588583 0.327967
internal_weight=27632 6768 321 6447 5216 1231 5093 1129 510 339 177 20864 3082 282
internal_count=27632 6768 321 6447 5216 1231 5093 1129 510 339 177 20864 3082 282
is_linear=0
shrinkage=0.05


Tree=173
num_leaves=15
num_cat=0
split_feature=5 12 12 3 0 13 5 10 10 14 14 13 7 5
split_gain=1036.62 1030.08 2227.88 4217.47 1778.61 1327.18 1678.12 1302.57 1817.92 2224.79 1575.08 5662.59 5306.5 16383.5
threshold=198.50000000000003 179.50000000000003 176.50000000000003 2.5000000000000004 4.5000000000000009 156.50000000000003 172.50000000000003 190.50000000000003 182.50000000000003 153.50000000000003 170.50000000000003 189.50000000000003 24.500000000000004 103.50000000000001
decision_type=2 2 2 2 2 2 2 2 2 2 2 2 2 2
left_child=1 2 7 -4 -3 6 -6 8 10 -10 11 -1 -12 -14
right_child=-2 4 3 -5 5 -7 -8 -9 9 -11 12 -13 13 -15
leaf_value=0.0014657975282301619 0.17436215249492842 0.16003653760155981 0.054949437984085962 -0.39637258430693062 0.05264456552894492 0.13901626153220967 -0.24702494606930525 0.12254536141392212 -0.33556610514306362 -0.0158744011591706 0.19791286510026934 0.40101393709649868 -0.54149276380146139 -0.020673559855450451
leaf_weight=24536 80 260 104 96 90 81 89 208 85 139 194 84 164 1422
leaf_count=24536 80 260 104 96 90 81 89 208 85 139 194 84 164 1422
internal_value=2.06788e-05 -0.000517084 -0.00186394 -0.166069 0.0688495 -0.0236367 -0.0990169 -0.000609275 -0.00159425 -0.141864 -0.000377444 0.00291015 -0.0457304 -0.0760612
internal_weight=27632 27552 27032 200 520 260 179 26832 26624 224 26400 24620 1780 1586
internal_count=27632 27552 27032 200 520 260 179 26832 26624 224 26400 24620 1780 1586
is_linear=0
shrinkage=0.05


Tree=174
num_leaves=15
num_cat=0
split_feature=1 12 10 8 13 2 14 14 1 5 10 9 5 5
split_gain=1023.85 2061.98 2000.32 1981.87 1313.96 1158.47 2376.31 3470.01 3109.91 3171.96 4424.89 5008.12 2535.97 4203.26
threshold=21.500000000000004 141.50000000000003 142.50000000000003 131.50000000000003 99.500000000000014 2.5000000000000004 141.50000000000003 130.50000000000003 16.500000000000004 124.50000000000001 23.500000000000004 104.50000000000001 163.50000000000003 135.50000000000003
decision_type=2 2 2 2 2 2 2 2 2 2 2 2 2 2
left_child=5 3 -3 4 -2 -1 7 12 9 10 -8 -12 13 -7
right_child=1 2 -4 -5 -6 6 8 -9 -10 -11 11 -13 -14 -15
leaf_value=-0.0032582649400770265 -0.06818116985414277 -0.33366093109734357 -0.066029238112030486 0.20369779011096326 0.015829813084471126 0.024958662259086058 0.11787756655701541 0.23442157763656973 -0.15775927651068583 0.050635486456924811 -0.51762448614851264 -0.072561558556495875 -0.12348184792548418 0.20732700478129434
leaf_weight=19003 874 95 243 96 986 3667 139 216 356 1089 91 191 245 341
leaf_count=19003 874 95 243 96 986 3667 139 216 356 1089 91 191 245 341
internal_value=1.73559e-05 -0.031932 -0.145018 -0.0120706 -0.0237233 0.00291565 0.0214234 0.041198 -0.0259196 0.00558124 -0.110187 -0.222697 0.0311209 0.0407135
internal_weight=27632 2294 338 1956 1860 25338 6335 4469 1866 1510 421 282 4253 4008
internal_count=27632 2294 338 1956 1860 25338 6335 4469 1866 1510 421 282 4253 4008
is_linear=0
shrinkage=0.05


Tree=175
num_leaves=15
num_cat=0
split_feature=7 8 3 0 9 3 6 14 1 4 7 14 1 0
split_gain=985.403 1124.29 8567.84 10637.4 3821.62 4687.64 1835.4 4381.48 5085.32 5720.17 3571.1 20476.7 20026.9 5351.76
threshold=19.500000000000004 20.500000000000004 1.5000000000000002 4.5000000000000009 20.500000000000004 1.5000000000000002 21.500000000000004 82.500000000000014 9.5000000000000018 4.5000000000000009 24.500000000000004 144.50000000000003 12.500000000000002 4.5000000000000009
decision_type=2 2 2 2 2 2 2 2 2 2 2 2 2 2
left_child=-1 2 3 -2 5 -3 7 -6 9 -9 11 13 -13 -8
right_child=1 4 -4 -5 6 -7 10 8 -10 -11 -12 12 -14 -15
leaf_value=-0.10920326960596778 -0.054657973243909724 -0.48626567319382075 -0.011893445644953362 0.72099099048634174 -0.0022612843685247577 -0.059566875388337576 -0.038308480134308959 -0.43751523720395302 -0.015933466013720528 0.015399645791154042 -0.0027918582515589299 1.1105178779001688 0.052452147768368734 0.086671635134889805
leaf_weight=200 80 81 892 92 2124 263 1715 213 345 102 19648 83 92 1702
leaf_count=200 80 81 892 92 2124 263 1715 213 345 102 19648 83 92 1702
internal_value=1.20753e-05 0.000828093 0.0510961 0.368871 -0.00120962 -0.165567 0.000994329 -0.0373329 -0.149334 -0.292908 0.00559273 0.051396 0.571186 0.0239795
internal_weight=27632 27432 1064 172 26368 344 26024 2784 660 315 23240 3592 175 3417
internal_count=27632 27432 1064 172 26368 344 26024 2784 660 315 23240 3592 175 3417
is_linear=0
shrinkage=0.05


Tree=176
num_leaves=15
num_cat=0
split_feature=14 4 6 1 5 6 7 6 3 3 10 1 5 8
split_gain=995.765 3832.25 6530.01 6456.32 6879.44 6233.91 6072.35 5427.69 5383.68 8224.55 9707.82 4533.16 4362.78 4268.03
threshold=22.500000000000004 3.5000000000000004 167.50000000000003 1.5000000000000002 107.50000000000001 98.500000000000014 26.500000000000004 27.500000000000004 4.5000000000000009 2.5000000000000004 21.500000000000004 18.500000000000004 125.50000000000001 131.50000000000003
decision_type=2 2 2 2 2 2 2 2 2 2 2 2 2 2
left_child=1 2 3 6 5 7 -1 -5 9 10 -3 -6 -10 -13
right_child=-2 8 -4 4 11 -7 -8 -9 12 -11 -12 13 -14 -15
leaf_value=-0.084650591362733396 0.0054247535646117853 0.34223655516479434 -0.36517978110645394 -0.049442101573938621 0.2880379378061248 -0.44259688224022586 -0.59403601903468373 0.25501236666594784 -0.038229945800428163 0.32686943725795248 -0.081994032676602421 -0.28633582716257394 0.3278423277069541 0.20220316377273956
leaf_weight=155 20864 174 153 2649 274 91 91 150 1922 318 542 83 80 86
leaf_count=155 20864 174 153 2649 274 91 91 150 1922 318 542 83 80 86
internal_value=1.84156e-05 -0.0166396 -0.0505449 -0.0366037 -0.0181594 -0.0463495 -0.281162 -0.0327006 0.0250529 0.117409 0.0227595 0.164209 -0.0228214 -0.0390636
internal_weight=27632 6768 3732 3579 3333 2890 246 2799 3036 1034 716 443 2002 169
internal_count=27632 6768 3732 3579 3333 2890 246 2799 3036 1034 716 443 2002 169
is_linear=0
shrinkage=0.05


Tree=177
num_leaves=15
num_cat=0
split_feature=13 2 14 14 12 13 11 14 14 9 14 12 6 1
split_gain=978.025 1063.46 2255.82 12481.8 3820.06 3043.75 3131.76 6230.25 2953.51 3203.38 2173.14 2024.42 6444.97 1935.26
threshold=19.500000000000004 1.0000000180025095e-35 64.500000000000014 28.500000000000004 136.50000000000003 23.500000000000004 23.500000000000004 129.50000000000003 111.50000000000001 100.50000000000001 21.500000000000004 99.500000000000014 25.500000000000004 1.0000000180025095e-35
decision_type=2 2 2 2 2 2 2 2 2 2 2 2 2 2
left_child=-1 2 3 4 -2 6 7 -4 -7 11 -6 12 -10 -3
right_child=1 13 5 -5 10 8 -8 -9 9 -11 -12 -13 -14 -15
leaf_value=-0.14066155875722569 -0.011368265651492918 -0.078194854775869557 0.014467110754327573 -0.47204022028793891 0.036158667356576975 0.083987384779433794 0.074602203228839689 0.61384069500162319 -0.04013646183682508 0.01042749971875203 0.37603048869910149 0.04168118326184906 -0.53956425243988637 -0.0018298271262926918
leaf_weight=118 2193 861 89 139 88 1072 876 80 185 1868 99 102 95 19767
leaf_count=118 2193 861 89 139 88 1072 876 80 185 1868 99 102 95 19767
internal_value=1.57322e-05 0.000644506 0.0176509 -0.0200045 0.00733018 0.0393695 0.113582 0.30768 0.015889 -0.0166704 0.221198 -0.147603 -0.216078 -0.00503543
internal_weight=27632 27514 6886 2519 2380 4367 1045 169 3322 2250 187 382 280 20628
internal_count=27632 27514 6886 2519 2380 4367 1045 169 3322 2250 187 382 280 20628
is_linear=0
shrinkage=0.05


Tree=178
num_leaves=15
num_cat=0
split_feature=13 14 1 3 1 6 14 13 13 7 14 8 14 9
split_gain=952.299 1772.84 5211.92 2298.63 6172.05 1705.21 2222.53 1532.72 4566.29 4828.12 7520.58 4354.47 3816.86 5597.62
threshold=20.500000000000004 21.500000000000004 6.5000000000000009 5.5000000000000009 9.5000000000000018 133.50000000000003 114.50000000000001 28.500000000000004 75.500000000000014 72.500000000000014 39.500000000000007 91.500000000000014 149.50000000000003 161.50000000000003
decision_type=2 2 2 2 2 2 2 2 2 2 2 2 2 2
left_child=1 -1 -3 4 -4 6 -6 -2 9 -9 -11 -12 13 -10
right_child=7 2 3 -5 5 -7 -8 8 12 10 11 -13 -14 -15
leaf_value=0.082954966773296349 0.020860551371338847 -0.24368333078737631 0.36729534538383163 -0.19581694808006289 0.027704138216726921 0.026964209813445328 -0.33104195915891427 0.045561107625781007 0.024750935580456788 -0.47398234239202336 -0.33549530224262419 -0.022277456238664436 -0.04096409490440342 -0.082444941987277351
leaf_weight=230 7686 300 112 120 80 369 87 379 11955 158 138 499 4168 1351
leaf_count=230 7686 300 112 120 80 369 87 379 11955 158 138 499 4168 1351
internal_value=1.46507e-05 -0.0417106 -0.0688195 0.000621013 0.0382192 -0.033302 -0.163378 0.00207881 -0.00566583 -0.100905 -0.170578 -0.0922175 0.000759922 0.0138401
internal_weight=27632 1298 1068 768 648 536 167 26334 18648 1174 795 637 17474 13306
internal_count=27632 1298 1068 768 648 536 167 26334 18648 1174 795 637 17474 13306
is_linear=0
shrinkage=0.05


Tree=179
num_leaves=15
num_cat=0
split_feature=1 13 14 6 12 1 5 14 9 14 4 14 5 1
split_gain=1010.27 6395.88 3667.12 2884.38 4310.07 2291.65 9754.12 15287.7 8457.35 5972.9 5937.27 5987.99 6343.28 4829.64
threshold=19.500000000000004 136.50000000000003 134.50000000000003 168.50000000000003 167.50000000000003 17.500000000000004 144.50000000000003 134.50000000000003 157.50000000000003 102.50000000000001 1.5000000000000002 130.50000000000003 129.50000000000003 16.500000000000004
decision_type=2 2 2 2 2 2 2 2 2 2 2 2 2 2
left_child=5 2 3 4 -2 13 10 8 -8 -10 -7 12 -12 -1
right_child=1 -3 -4 -5 -6 6 7 -9 9 -11 11 -13 -14 -15
leaf_value=0.0048786438960672475 -0.00352092817409403 -0.41893177598413794 -0.26178368760754805 0.25318661376587909 -0.35516040398833459 0.23953498697845765 0.71527746446527452 0.040434952304927184 -0.10287002655729821 0.47678741544157593 -0.071096682374751308 -0.26767973824133123 0.36340655882139594 -0.10025110087762351
leaf_weight=19578 4181 94 138 101 84 148 149 831 84 86 583 330 93 1152
leaf_count=19578 4181 94 138 101 84 148 149 831 84 86 583 330 93 1152
internal_value=3.69985e-06 -0.0213816 -0.0126292 -0.00446353 -0.0108543 0.0042763 0.0515261 0.154276 0.445633 0.195613 -0.0510913 -0.0948207 -0.00909105 -0.000986354
internal_weight=27632 4598 4504 4366 4265 23034 2304 1150 319 170 1154 1006 676 20730
internal_count=27632 4598 4504 4366 4265 23034 2304 1150 319 170 1154 1006 676 20730
is_linear=0
shrinkage=0.05


Tree=180
num_leaves=15
num_cat=0
split_feature=14 4 6 6 1 12 11 8 5 4 5 10 12 5
split_gain=998.264 3688.48 8413.99 20934.1 43728 11174.1 7361.1 3969.06 3533.42 20775.8 7378.12 26922.9 8899.74 8339.67
threshold=22.500000000000004 1.5000000000000002 23.500000000000004 21.500000000000004 12.500000000000002 23.500000000000004 87.500000000000014 105.50000000000001 163.50000000000003 1.5000000000000002 84.500000000000014 109.50000000000001 70.500000000000014 61.500000000000007
decision_type=2 2 2 2 2 2 2 2 2 2 2 2 2 2
left_child=8 2 3 -2 -5 -4 7 -7 10 -10 11 13 -12 -1
right_child=1 -3 5 4 -6 6 -8 -9 9 -11 12 -13 -14 -15
leaf_value=-0.025546421854328528 -0.022154948410092946 -0.0033361436382962706 -0.47188232928296331 0.023962043155916036 1.4997106351571925 0.079746956609985764 0.01076491058908779 0.46844208229697881 -0.7952924847758065 0.078964030802884 0.53730618018900678 -0.75075117591768503 0.059728036360062478 0.43561846011877059
leaf_weight=4998 306 17782 106 123 80 126 2203 138 91 230 102 123 1129 95
leaf_count=4998 306 17782 106 123 80 126 2203 138 91 230 102 123 1129 95
internal_value=8.14824e-06 0.00542127 0.0558719 0.240569 0.627608 0.0189387 0.0409397 0.287859 -0.0166708 -0.177275 -0.00854304 -0.0345419 0.101313 -0.0165255
internal_weight=27632 20864 3082 509 203 2573 2467 264 6768 321 6447 5216 1231 5093
internal_count=27632 20864 3082 509 203 2573 2467 264 6768 321 6447 5216 1231 5093
is_linear=0
shrinkage=0.05


Tree=181
num_leaves=15
num_cat=0
split_feature=7 5 14 1 8 3 14 11 8 7 9 7 9 12
split_gain=986.904 5492.89 3853.3 4870.69 7294.08 4386.23 9223.64 7412.59 3785.48 3438.08 6144.04 5290.84 7903.13 4895.82
threshold=162.50000000000003 179.50000000000003 63.500000000000007 12.500000000000002 164.50000000000003 4.5000000000000009 161.50000000000003 174.50000000000003 126.50000000000001 147.50000000000003 173.50000000000003 149.50000000000003 155.50000000000003 99.500000000000014
decision_type=2 2 2 2 2 2 2 2 2 2 2 2 2 2
left_child=1 9 3 -2 -5 8 7 -7 -4 10 -1 12 -11 -13
right_child=2 -3 5 4 -6 6 -8 -9 -10 11 -12 13 -14 -15
leaf_value=0.0011813285314889958 -0.048453523695428408 -0.32424423174750538 -0.21560257434115337 0.079093681212754993 0.58828533256792614 -0.75566394037841 0.090688365449508035 -0.096508720334857079 0.036401995500836587 -0.021146640253313091 0.24904927165052404 -0.32182531990639285 -0.67214341756175555 -0.016289122204595202
leaf_weight=21144 179 128 152 181 112 80 175 89 2944 104 248 136 80 1880
leaf_count=21144 179 128 152 181 112 80 175 89 2944 104 248 136 80 1880
internal_value=1.79199e-05 -0.00382089 0.0232693 0.156447 0.280338 0.00479551 -0.163265 -0.421283 0.023702 -0.00201408 0.00411242 -0.0614601 -0.314482 -0.0376459
internal_weight=27632 23720 3912 472 293 3440 344 169 3096 23592 21392 2200 184 2016
internal_count=27632 23720 3912 472 293 3440 344 169 3096 23592 21392 2200 184 2016
is_linear=0
shrinkage=0.05


Tree=182
num_leaves=15
num_cat=0
split_feature=1 12 8 8 11 11 10 12 14 14 9 7 13 7
split_gain=972.616 1921.93 1832.38 1756.3 1186.7 6120.03 9971.97 4115.92 6439.01 4077.79 5672.91 3999.65 11824.6 11732.5
threshold=21.500000000000004 141.50000000000003 108.50000000000001 131.50000000000003 105.50000000000001 101.50000000000001 113.50000000000001 107.50000000000001 146.50000000000003 62.500000000000007 102.50000000000001 72.500000000000014 81.500000000000014 22.500000000000004
decision_type=2 2 2 2 2 2 2 2 2 2 2 2 2 2
left_child=4 3 -3 -2 5 7 9 -1 -9 10 -7 12 -6 -14
right_child=1 2 -4 -5 11 6 -8 8 -10 -11 -12 -13 13 -15
leaf_value=-0.0006785598228550415 -0.022927790421954072 -0.33460207168012857 -0.069820660292017528 0.19116194701873432 0.54579006874312952 -0.040641942028546846 -0.47381299076884081 0.45810772517607329 -0.025925680118117241 -0.0050758044003309417 -0.51699902097193096 0.0073990269128345002 -0.44040919662349759 0.14337013512097502
leaf_weight=12210 1860 85 253 96 133 159 160 121 150 870 99 10914 103 419
leaf_count=12210 1860 85 253 96 133 159 160 121 150 870 99 10914 103 419
internal_value=4.11386e-06 -0.0311357 -0.140315 -0.0119597 0.00282897 -0.00708866 -0.110637 0.00363723 0.194576 -0.0572591 -0.229784 0.0146305 0.134157 0.0250944
internal_weight=27632 2294 338 1956 25338 13769 1288 12481 271 1128 258 11569 655 522
internal_count=27632 2294 338 1956 25338 13769 1288 12481 271 1128 258 11569 655 522
is_linear=0
shrinkage=0.05


Tree=183
num_leaves=15
num_cat=0
split_feature=5 14 5 14 5 11 7 13 14 7 1 5 11 5
split_gain=953.99 5921.38 2050.69 1977.55 1854.58 5444.97 2933.86 2089.04 1621.16 5835.4 18293.8 13246.8 16720.1 4190.99
threshold=181.50000000000003 90.500000000000014 183.50000000000003 148.50000000000003 179.50000000000003 163.50000000000003 184.50000000000003 194.50000000000003 156.50000000000003 24.500000000000004 9.5000000000000018 103.50000000000001 71.500000000000014 82.500000000000014
decision_type=2 2 2 2 2 2 2 2 2 2 2 2 2 2
left_child=4 -2 -3 -4 6 -6 7 8 -1 10 -10 12 13 -11
right_child=1 2 3 -5 5 -7 -8 -9 9 11 -12 -13 -14 -15
leaf_value=0.0052487501411721971 0.44589421392180201 0.23584836644284868 -0.19443433536327898 0.021580805134787197 -0.4088984926148217 0.12368663563843696 -0.22794425910510496 0.24676812522459862 0.70181333444335248 -0.3738783631974491 -0.052243770990021136 -0.020334542493296123 -0.93262429572948879 0.067192049840321913
leaf_weight=22349 81 80 131 476 96 88 136 81 105 88 297 3413 86 125
leaf_count=22349 81 80 131 476 96 88 136 81 105 88 297 3413 86 125
internal_value=-1.38405e-06 0.0547624 0.00575782 -0.0262462 -0.00157689 -0.15765 -0.000471189 0.000736995 -6.25506e-05 -0.0288871 0.150914 -0.0485359 -0.364818 -0.11943
internal_weight=27632 768 687 607 26864 184 26680 26544 26463 4114 402 3712 299 213
internal_count=27632 768 687 607 26864 184 26680 26544 26463 4114 402 3712 299 213
is_linear=0
shrinkage=0.05


Tree=184
num_leaves=15
num_cat=0
split_feature=14 4 10 1 14 13 14 4 1 11 3 4 13 12
split_gain=949.334 3545.4 5978.89 18035.6 17425.3 6589.6 12311.3 5512.01 16869.9 20940.5 5203.44 7671.73 24595.4 12188.5
threshold=22.500000000000004 3.5000000000000004 23.500000000000004 2.5000000000000004 89.500000000000014 171.50000000000003 174.50000000000003 1.5000000000000002 13.500000000000002 21.500000000000004 3.5000000000000004 1.5000000000000002 134.50000000000003 166.50000000000003
decision_type=2 2 2 2 2 2 2 2 2 2 2 2 2 2
left_child=-1 2 3 4 -2 6 7 8 -5 -10 -4 13 -13 -12
right_child=1 -3 10 5 -6 -7 -8 -9 9 -11 11 12 -14 -15
leaf_value=-0.016269627700522721 0.18670924139137146 -0.01917274529087816 0.030915336752444435 -0.14983058106060129 0.96830080341336877 -0.39004767200128104 0.64214256537311221 -0.037664420526966252 -0.0050064083119140609 1.010414715930082 0.082959088497871036 -0.07064992581474118 -0.85346070595292578 -0.34116437842326308
leaf_weight=6768 228 8666 7168 193 101 82 80 1039 102 96 1382 1436 103 188
leaf_count=6768 228 8666 7168 193 101 82 80 1039 102 96 1382 1436 103 188
internal_value=-4.59244e-06 0.0052742 0.0226431 0.103489 0.437554 0.0332975 0.0574985 0.0226677 0.181439 0.50008 0.00748832 -0.0464871 -0.125635 0.0312505
internal_weight=27632 20864 12198 1921 329 1592 1510 1430 391 198 10277 3109 1539 1570
internal_count=27632 20864 12198 1921 329 1592 1510 1430 391 198 10277 3109 1539 1570
is_linear=0
shrinkage=0.05


Tree=185
num_leaves=15
num_cat=0
split_feature=12 12 3 0 6 9 6 4 5 6 6 13 8 9
split_gain=994.214 1873.25 3731.75 1532.25 1407.95 1404.96 1268.41 10200.3 3794.9 3258.44 3430.28 3280.37 3781.28 2217.28
threshold=179.50000000000003 176.50000000000003 2.5000000000000004 4.5000000000000009 191.50000000000003 157.50000000000003 179.50000000000003 1.5000000000000002 178.50000000000003 176.50000000000003 174.50000000000003 105.50000000000001 150.50000000000003 174.50000000000003
decision_type=2 2 2 2 2 2 2 2 2 2 2 2 2 2
left_child=1 4 -3 -2 6 -6 9 -8 -9 10 -1 13 -13 -11
right_child=3 2 -4 -5 5 -7 7 8 -10 11 -12 12 -14 -15
leaf_value=-0.00078062307718213117 0.15278241221845712 0.05584285911172629 -0.36854935406458261 -0.017758111561525545 0.26307856211217467 -0.0096849881513144387 -0.44147344667015348 0.29378995424192239 -0.047604382634993829 0.1223972243765734 -0.24807871384876418 -0.045217439617429467 0.31652060729116205 -0.21689113163932539
leaf_weight=25552 260 104 96 260 96 88 136 112 264 92 136 100 245 91
leaf_count=25552 260 104 96 260 96 88 136 112 264 92 136 100 245 91
internal_value=5.02831e-06 -0.0013144 -0.151886 0.0681551 -0.000167398 0.135821 -0.0011288 -0.0786845 0.0566085 0.000400588 -0.00213792 0.122764 0.212521 -0.0476012
internal_weight=27632 27112 200 520 26912 184 26728 512 376 26216 25688 528 345 183
internal_count=27632 27112 200 520 26912 184 26728 512 376 26216 25688 528 345 183
is_linear=0
shrinkage=0.05


Tree=186
num_leaves=15
num_cat=0
split_feature=12 0 14 13 3 7 8 6 5 11 14 14 9 14
split_gain=940.504 4145.69 4648.16 3728.38 3621.82 3311.21 2874.86 4023.33 4706.42 4388.22 3426.25 3025.67 2834.58 4402.08
threshold=159.50000000000003 4.5000000000000009 103.50000000000001 155.50000000000003 4.5000000000000009 181.50000000000003 159.50000000000003 145.50000000000003 137.50000000000003 156.50000000000003 85.500000000000014 149.50000000000003 171.50000000000003 149.50000000000003
decision_type=2 2 2 2 2 2 2 2 2 2 2 2 2 2
left_child=-1 2 3 -2 12 6 7 8 -3 -9 -11 -8 13 -4
right_child=1 5 4 -5 -6 -7 11 9 -10 10 -12 -13 -14 -15
leaf_value=-0.003332310266917 0.55904764519340688 -0.029819806475630581 0.18379021778228086 0.081715759115163669 -0.18528874644802676 -0.33512855387785856 0.33019203574481337 -0.41782793560090054 0.31938123553693298 -0.35787257379695275 -0.018479277717945553 0.0095230617323530872 0.1660890183126161 -0.069767102295403727
leaf_weight=24440 82 420 254 81 139 80 105 108 120 84 456 223 540 500
leaf_count=24440 82 420 254 81 139 80 105 108 120 84 456 223 540 500
internal_value=3.04374e-06 0.0255059 0.0823678 0.331338 0.0529946 -0.0314356 -0.0143606 -0.0505741 0.0499986 -0.134126 -0.0740727 0.115593 0.0792054 0.0162968
internal_weight=27632 3192 1596 163 1433 1596 1516 1188 540 648 540 328 1294 754
internal_count=27632 3192 1596 163 1433 1596 1516 1188 540 648 540 328 1294 754
is_linear=0
shrinkage=0.05


Tree=187
num_leaves=15
num_cat=0
split_feature=0 9 5 14 5 1 8 14 5 8 5 1 6 5
split_gain=945.319 2897.07 3456.44 2448.72 2016.72 5788.51 3223.73 2875.72 3787.22 4779.47 1637.81 1666.59 1730.82 1544.88
threshold=1.5000000000000002 183.50000000000003 173.50000000000003 149.50000000000003 126.50000000000001 17.500000000000004 141.50000000000003 83.500000000000014 96.500000000000014 104.50000000000001 157.50000000000003 12.500000000000002 95.500000000000014 84.500000000000014
decision_type=2 2 2 2 2 2 2 2 2 2 2 2 2 2
left_child=1 2 3 4 7 6 -6 13 -9 -10 11 -5 -13 -1
right_child=-2 -3 -4 10 5 -7 -8 8 9 -11 -12 12 -14 -15
leaf_value=-0.007880560140682823 0.003501982755911512 -0.30935011793827188 0.17843484183738256 -0.38475740168845129 0.2267223122161488 0.32328501262822035 -0.12658848442996926 -0.24658429041283869 0.099268935967615199 -0.16417156272181122 -0.021338759883640604 0.050538273466860552 -0.259516289798223 0.13818913180270492
leaf_weight=1041 24178 82 207 91 81 158 255 290 342 337 182 80 94 214
leaf_count=1041 24178 82 207 91 81 158 255 290 342 337 182 80 94 214
internal_value=4.99192e-06 -0.0244436 -0.0170675 -0.0301152 -0.0121711 0.0787186 -0.0393398 -0.032491 -0.0969638 -0.0317257 -0.137884 -0.216048 -0.119533 0.0174765
internal_weight=27632 3454 3372 3165 2718 494 336 2224 969 679 447 265 174 1255
internal_count=27632 3454 3372 3165 2718 494 336 2224 969 679 447 265 174 1255
is_linear=0
shrinkage=0.05


Tree=188
num_leaves=15
num_cat=0
split_feature=5 14 5 14 7 13 5 14 14 7 1 5 11 8
split_gain=907.328 5359.58 1686.91 5306.87 2657.39 1880.9 1613.91 1776.43 1473.39 5157.67 16482.9 11766.5 14758 4071.69
threshold=181.50000000000003 90.500000000000014 179.50000000000003 151.50000000000003 184.50000000000003 194.50000000000003 183.50000000000003 148.50000000000003 156.50000000000003 24.500000000000004 9.5000000000000018 103.50000000000001 71.500000000000014 21.500000000000004
decision_type=2 2 2 2 2 2 2 2 2 2 2 2 2 2
left_child=2 -2 4 -4 5 8 -3 -8 -1 10 -10 12 -11 -12
right_child=1 6 3 -5 -6 -7 7 -9 9 11 13 -13 -14 -15
leaf_value=0.0049729129904970693 0.42552392028791958 0.21088802888112912 -0.41182629248748226 0.11338851136364499 -0.21697149065501514 0.23412078994131369 -0.18104697222657062 0.023671784584571198 0.66439663356000733 -0.11355257712458389 0.09846563602686334 -0.019462652470927887 -0.87759254263652553 -0.27336184866726398
leaf_weight=22349 81 80 91 93 136 81 131 476 105 213 179 3413 86 118
leaf_count=22349 81 80 91 93 136 81 131 476 105 213 179 3413 86 118
internal_value=2.17264e-07 0.0534079 -0.00153628 -0.150388 -0.000481732 0.000668121 0.00677633 -0.0216279 -9.05408e-05 -0.02757 0.141469 -0.0460422 -0.34413 -0.0513438
internal_weight=27632 768 26864 184 26680 26544 687 607 26463 4114 402 3712 299 297
internal_count=27632 768 26864 184 26680 26544 687 607 26463 4114 402 3712 299 297
is_linear=0
shrinkage=0.05


Tree=189
num_leaves=15
num_cat=0
split_feature=14 6 4 5 10 7 5 8 5 0 10 8 8 3
split_gain=929.105 3641.77 16676.3 5573.26 24191 8375.49 7363.62 3466.93 7300.14 5985.5 4298.66 4239.89 3940.63 4448.02
threshold=22.500000000000004 167.50000000000003 1.5000000000000002 84.500000000000014 109.50000000000001 86.500000000000014 61.500000000000007 108.50000000000001 102.50000000000001 4.5000000000000009 96.500000000000014 116.50000000000001 122.50000000000001 3.5000000000000004
decision_type=2 2 2 2 2 2 2 2 2 2 2 2 2 2
left_child=1 3 -3 4 6 -5 -1 8 10 -10 -7 -9 -13 -14
right_child=-2 2 -4 5 -6 7 -8 11 9 -11 -12 12 13 -15
leaf_value=-0.02354046871508628 0.0052195741422590425 -0.75690644549375241 0.099323687649280568 0.52297060162015263 -0.71104154459899294 -0.042500808788943537 0.40979750112444163 0.36326394171054877 0.035002327951913076 -0.39999876961025388 0.4400757793459919 -0.25963977151057299 -0.042567744751360416 0.25044590761703206
leaf_weight=4998 20864 83 158 95 123 92 95 135 145 167 86 80 250 261
leaf_count=4998 20864 83 158 95 123 92 95 135 145 167 86 80 250 261
internal_value=-2.67394e-06 -0.0160935 -0.204951 -0.00896864 -0.0321407 0.0829965 -0.0150634 0.0466227 -0.0558083 -0.200471 0.196308 0.115665 0.0565343 0.108069
internal_weight=27632 6768 241 6527 5216 1311 5093 1216 490 312 178 726 591 511
internal_count=27632 6768 241 6527 5216 1311 5093 1216 490 312 178 726 591 511
is_linear=0
shrinkage=0.05


Tree=190
num_leaves=15
num_cat=0
split_feature=13 2 14 14 7 13 13 14 10 14 13 2 13 3
split_gain=920.072 986.649 2011.51 13400.1 3424.18 2885.62 3856.81 4997.37 3181.17 6213.61 2099.46 1866.44 2078.27 3393.93
threshold=19.500000000000004 1.0000000180025095e-35 62.500000000000007 28.500000000000004 164.50000000000003 28.500000000000004 70.500000000000014 93.500000000000014 23.500000000000004 112.50000000000001 81.500000000000014 2.5000000000000004 104.50000000000001 2.5000000000000004
decision_type=2 2 2 2 2 2 2 2 2 2 2 2 2 2
left_child=-1 2 3 4 -2 8 -7 10 9 -4 -8 12 13 -3
right_child=1 11 5 -5 -6 6 7 -9 -10 -11 -12 -13 -14 -15
leaf_value=-0.13644927855187314 -0.0055426193565748403 -0.076271563311616192 -0.05827897639795282 -0.52989897865985269 0.28516287749088459 -0.32057920253452132 0.061167683700720468 0.0038456506521212202 0.065279085054263705 0.49513910610892975 0.39321296988439958 0.016365161346020233 0.0048998699318682721 -0.0061518305767784319
leaf_weight=118 2279 2860 82 117 101 80 82 2858 1047 124 116 6890 6536 4342
leaf_count=118 2279 2860 82 117 101 80 82 2858 1047 124 116 6890 6536 4342
internal_value=-3.53581e-06 0.000606328 0.016987 -0.0188168 0.00736601 0.0373549 0.0116718 0.0208789 0.101332 0.278686 0.260593 -0.00486464 -0.0155141 -0.0340308
internal_weight=27632 27514 6886 2497 2380 4389 3136 3056 1253 206 198 20628 13738 7202
internal_count=27632 27514 6886 2497 2380 4389 3136 3056 1253 206 198 20628 13738 7202
is_linear=0
shrinkage=0.05


Tree=191
num_leaves=15
num_cat=0
split_feature=1 13 14 3 8 9 9 8 8 1 11 11 6 14
split_gain=916.778 5668.76 3450.77 2779.17 7331.44 3208.36 2417.96 2316.51 6406.35 1983.08 8728.92 12469.4 14999.3 9965.53
threshold=19.500000000000004 136.50000000000003 134.50000000000003 4.5000000000000009 151.50000000000003 146.50000000000003 162.50000000000003 124.50000000000001 105.50000000000001 17.500000000000004 162.50000000000003 151.50000000000003 140.50000000000003 134.50000000000003
decision_type=2 2 2 2 2 2 2 2 2 2 2 2 2 2
left_child=9 2 3 5 7 -2 -7 8 -5 -1 11 12 -11 -14
right_child=1 -3 -4 4 -6 6 -8 -9 -10 10 -12 -13 13 -15
leaf_value=-0.00082708150065045427 -0.0040891306918596519 -0.39464452016717672 -0.25382605611340153 -0.011346804065696816 -0.4743628736105886 0.17577248158109657 -0.057082088453834556 0.21211930965329265 -0.41461627790277156 -0.044379229478579529 0.22023548318413635 -0.27491837927921753 0.67095979419361829 0.14017480529113008
leaf_weight=20730 2433 94 138 1024 96 481 142 86 104 1005 553 343 128 275
leaf_count=20730 2433 94 138 1024 96 481 142 86 104 1005 553 343 128 275
internal_value=-1.62314e-06 -0.0203734 -0.0121333 -0.00421226 -0.0650014 0.0219095 0.122666 -0.0308172 -0.0501933 0.00406849 0.0480223 -0.00683828 0.0592099 0.314918
internal_weight=27632 4598 4504 4366 1310 3056 623 1214 1128 23034 2304 1751 1408 403
internal_count=27632 4598 4504 4366 1310 3056 623 1214 1128 23034 2304 1751 1408 403
is_linear=0
shrinkage=0.05


Tree=192
num_leaves=15
num_cat=0
split_feature=12 12 5 8 11 0 6 9 10 10 1 14 13 3
split_gain=909.912 1765.78 3499.96 1417.25 1582.8 1945.26 1255.58 1245.96 1222.4 1600.33 1489.9 1446.42 5070.86 4429.7
threshold=179.50000000000003 176.50000000000003 167.50000000000003 141.50000000000003 184.50000000000003 4.5000000000000009 191.50000000000003 157.50000000000003 190.50000000000003 182.50000000000003 13.500000000000002 170.50000000000003 189.50000000000003 1.5000000000000002
decision_type=2 2 2 2 2 2 2 2 2 2 2 2 2 2
left_child=1 6 -3 -2 5 -5 8 -8 9 11 -10 12 -1 -13
right_child=3 2 -4 4 -6 -7 7 -9 10 -11 -12 13 -14 -15
leaf_value=0.00087394374193286461 0.15302225193502952 -0.34162366334178035 0.069389116026387351 0.2149297977394114 -0.19268081111504753 -0.090048923428569516 0.24810453855460235 -0.0087793317853763538 -0.0093065093652061805 -0.13852097243158051 0.2549074202052598 0.047522477492205256 0.38327778937487772 -0.11246974147907418
leaf_weight=24468 240 104 96 100 80 100 96 88 110 208 98 748 82 1014
leaf_count=24468 240 104 96 100 80 100 96 88 110 208 98 748 82 1014
internal_value=-6.16286e-06 -0.00126841 -0.147457 0.0651906 -0.0114575 0.0639634 -0.000154799 0.128265 -0.00106269 -0.00202051 0.11824 -0.000915342 0.002229 -0.0446079
internal_weight=27632 27112 200 520 280 200 26912 184 26728 26520 208 26312 24550 1762
internal_count=27632 27112 200 520 280 200 26912 184 26728 26520 208 26312 24550 1762
is_linear=0
shrinkage=0.05


Tree=193
num_leaves=15
num_cat=0
split_feature=7 7 13 14 11 5 8 0 8 9 14 14 12 9
split_gain=872.266 7532.77 23963.5 16102.5 6066.6 4887.28 10346.9 4079.16 6374.76 7804.98 6105.5 5524.58 6352.23 16814.7
threshold=24.500000000000004 22.500000000000004 159.50000000000003 147.50000000000003 22.500000000000004 21.500000000000004 25.500000000000004 4.5000000000000009 158.50000000000003 122.50000000000001 149.50000000000003 28.500000000000004 157.50000000000003 162.50000000000003
decision_type=2 2 2 2 2 2 2 2 2 2 2 2 2 2
left_child=1 -1 3 5 -2 -3 -7 11 -9 -10 -11 12 13 -6
right_child=4 2 -4 -5 7 6 -8 8 9 10 -12 -13 -14 -15
leaf_value=-0.010211788660058735 -0.12279092707682367 -0.18901561924620816 0.79226802888636794 0.66384891024467974 0.12742161304622998 0.0050685385821642491 0.53958141687512406 -0.04137539127813248 -0.39040626755423763 0.22142555667881086 0.01794415940967015 0.0084974745950609689 0.38992850036234472 -0.58735586098405757
leaf_weight=6176 1040 248 115 96 1094 958 95 7768 84 570 1030 8094 180 84
leaf_count=6176 1040 248 115 96 1094 958 95 7768 84 570 1030 8094 180 84
internal_value=-1.52557e-06 0.0143013 0.114133 0.0556825 -0.00551718 0.00843659 0.0556136 0.000965378 -0.022255 0.0658056 0.0908984 0.0241852 0.117314 0.0741857
internal_weight=27632 7688 1512 1397 19944 1301 1053 18904 9452 1684 1600 9452 1358 1178
internal_count=27632 7688 1512 1397 19944 1301 1053 18904 9452 1684 1600 9452 1358 1178
is_linear=0
shrinkage=0.05


Tree=194
num_leaves=15
num_cat=0
split_feature=1 1 2 7 13 8 9 7 14 12 6 5 14 7
split_gain=893.432 3236.19 5490.91 5471.03 4755 4123.5 4404.51 9075.93 6006.11 3939.3 4216.42 3631.26 6648.34 3108.34
threshold=11.500000000000002 12.500000000000002 1.5000000000000002 140.00000000000003 82.500000000000014 158.50000000000003 171.50000000000003 156.50000000000003 149.50000000000003 107.50000000000001 169.50000000000003 176.50000000000003 84.500000000000014 112.50000000000001
decision_type=2 2 2 2 2 2 2 2 2 2 2 2 2 2
left_child=13 2 -2 -4 -5 -3 8 -8 11 -10 -11 12 -7 -1
right_child=1 5 3 4 -6 6 7 -9 9 10 -12 -13 -14 -15
leaf_value=-0.0049812951051204091 0.020205251025532899 -0.014280981870844709 0.012377857973412183 -0.51437958329916 -0.15139438459540117 0.57762248779493053 -0.48332957457005982 0.033976948111816202 -0.20225494285086879 -0.060665172416426195 0.21996874386240961 -0.096456204354763042 0.17082511185954699 0.049203658891197821
leaf_weight=10256 576 10593 202 158 216 122 95 554 166 277 251 82 522 3562
leaf_count=10256 576 10593 202 158 216 122 95 554 166 277 251 82 522 3562
internal_value=1.14395e-05 -0.00897896 -0.0890238 -0.197487 -0.309504 -0.00166414 0.0628111 -0.0448621 0.112007 0.00660776 0.0735543 0.212026 0.251746 0.00899923
internal_weight=27632 13814 1152 576 374 12662 2069 649 1420 694 528 726 644 13818
internal_count=27632 13814 1152 576 374 12662 2069 649 1420 694 528 726 644 13818
is_linear=0
shrinkage=0.05


Tree=195
num_leaves=15
num_cat=0
split_feature=0 9 5 14 5 8 1 14 5 8 5 1 6 1
split_gain=886.084 2623.41 3023.13 2197.02 1644.84 5272.69 4697.39 2564.56 3399.05 4303.21 1476.03 1537.17 1566.85 1422.97
threshold=1.5000000000000002 183.50000000000003 173.50000000000003 149.50000000000003 126.50000000000001 130.50000000000003 17.500000000000004 83.500000000000014 96.500000000000014 104.50000000000001 157.50000000000003 12.500000000000002 95.500000000000014 11.500000000000002
decision_type=2 2 2 2 2 2 2 2 2 2 2 2 2 2
left_child=1 2 3 4 7 -6 -7 -1 -9 -10 11 -5 -13 -2
right_child=13 -3 -4 10 5 6 -8 8 9 -11 -12 12 -14 -15
leaf_value=0.016987865906474844 0.01551829400436177 -0.29478130574370254 0.16619632935397469 -0.36710013132542374 0.33989565495149532 -0.12616865466238111 0.28807529244158003 -0.23282620506203278 0.095004657646560631 -0.15496296195915155 -0.02028530393179287 0.049223632201661961 -0.24572978819522895 -0.0087366812289444845
leaf_weight=1255 12090 82 207 91 128 281 85 290 342 337 182 80 94 12088
leaf_count=1255 12090 82 207 91 128 281 85 290 342 337 182 80 94 12088
internal_value=6.85495e-06 -0.0236634 -0.0166437 -0.0288452 -0.0118476 0.0702378 -0.0273786 -0.0301973 -0.0910826 -0.0292847 -0.130925 -0.205129 -0.112532 0.00339251
internal_weight=27632 3454 3372 3165 2718 494 366 2224 969 679 447 265 174 24178
internal_count=27632 3454 3372 3165 2718 494 366 2224 969 679 447 265 174 24178
is_linear=0
shrinkage=0.05


Tree=196
num_leaves=15
num_cat=0
split_feature=14 5 4 6 10 1 13 6 3 6 8 8 3 4
split_gain=878.467 3837.76 16641.4 5449.74 6252.77 35186.7 8314.19 7436.39 8037.4 15129.4 5135.39 4304.04 3069.15 2973.93
threshold=22.500000000000004 163.50000000000003 1.5000000000000002 143.50000000000003 109.50000000000001 2.5000000000000004 105.50000000000001 27.500000000000004 4.5000000000000009 97.500000000000014 107.50000000000001 100.50000000000001 3.5000000000000004 1.5000000000000002
decision_type=2 2 2 2 2 2 2 2 2 2 2 2 2 2
left_child=1 3 -3 4 7 -6 -7 -1 11 -10 -8 -9 -5 -2
right_child=13 2 -4 12 5 6 10 8 9 -11 -12 -13 -14 -15
leaf_value=-0.025433478940344725 0.050381091626197798 -0.73604344242097186 0.046789404125289716 0.0083986610636836104 -1.0485813200978251 0.31538382613578358 -0.37061185583610229 0.15321220859553158 0.26484304589125535 -0.53987536809154768 0.05103904302880357 0.46824555661253353 0.30451811137416079 -0.0027834675306265717
leaf_weight=4837 3082 91 230 150 91 143 130 354 124 102 153 157 206 17782
leaf_count=4837 3082 91 230 150 91 143 130 354 124 102 153 157 206 17782
internal_value=2.1732e-06 -0.015644 -0.18302 -0.00717486 -0.0183477 -0.183823 0.0109243 -0.00284851 0.144551 -0.102173 -0.145724 0.253603 0.181593 0.00508011
internal_weight=27632 6768 321 6447 6091 517 426 5574 737 226 283 511 356 20864
internal_count=27632 6768 321 6447 6091 517 426 5574 737 226 283 511 356 20864
is_linear=0
shrinkage=0.05


Tree=197
num_leaves=15
num_cat=0
split_feature=7 7 13 14 11 5 8 8 14 14 5 14 0 8
split_gain=908.5 6793.33 21730.4 14604.6 5269.48 4404.58 9387.66 4085.76 5550.96 5067.54 3848.55 6866.67 3693.39 5559.58
threshold=24.500000000000004 22.500000000000004 159.50000000000003 147.50000000000003 22.500000000000004 21.500000000000004 25.500000000000004 21.500000000000004 120.50000000000001 21.500000000000004 24.500000000000004 62.500000000000007 4.5000000000000009 108.50000000000001
decision_type=2 2 2 2 2 2 2 2 2 2 2 2 2 2
left_child=1 -1 3 5 7 -3 10 9 -9 -2 -7 -12 -6 -14
right_child=4 2 -4 -5 12 6 -8 8 -10 -11 11 -13 13 -15
leaf_value=-0.0086902769758729972 -0.1068029606093963 -0.17871750984635396 0.75516248650227991 0.63292174480929242 0.022499950314677521 -0.072908015922800273 0.51450585183501241 -0.12312379095309081 0.21386068949425885 -0.60105887933168567 0.011456325517324617 0.51779962032186722 -0.066848701445875583 0.01084677870995413
leaf_weight=6176 133 248 115 96 9452 594 95 680 144 83 281 83 3956 5496
leaf_count=6176 133 248 115 96 9452 594 95 680 144 83 281 83 3956 5496
internal_value=-7.52863e-06 0.0145894 0.109394 0.0537312 -0.00563658 0.00873356 0.0535175 -0.114934 -0.0632986 -0.306027 0.00536965 0.132366 0.000405228 -0.0216897
internal_weight=27632 7688 1512 1397 19944 1301 1053 1040 824 216 958 364 18904 9452
internal_count=27632 7688 1512 1397 19944 1301 1053 1040 824 216 958 364 18904 9452
is_linear=0
shrinkage=0.05


Tree=198
num_leaves=15
num_cat=0
split_feature=7 6 5 9 7 10 3 8 5 9 14 13 9 8
split_gain=867.346 7040.93 7447.86 4390.33 4958.77 4630.52 5944.03 3714.06 11831.7 6319.75 6832.13 5581.69 6061.33 4288.31
threshold=133.50000000000003 143.50000000000003 161.50000000000003 86.500000000000014 158.50000000000003 172.50000000000003 2.5000000000000004 113.50000000000001 80.500000000000014 112.50000000000001 22.500000000000004 156.50000000000003 110.50000000000001 103.50000000000001
decision_type=2 2 2 2 2 2 2 2 2 2 2 2 2 2
left_child=1 7 -3 -2 5 -5 -7 13 -9 11 -11 12 -10 -1
right_child=3 2 -4 4 -6 6 -8 8 9 10 -12 -13 -14 -15
leaf_value=0.0035457465635954839 -0.37183359132093541 0.29950825062563652 -0.11030966827622171 -0.04357091154283 0.022772177266852895 -0.042798766899758423 -0.58568386506159065 -0.51952157627133766 -0.033736250850524611 -0.2834412011210205 0.071676686386328181 0.58401472669781984 0.45037184406153286 -0.063685012305044447
leaf_weight=14464 80 384 152 2736 4464 112 88 80 172 142 1730 98 98 2832
leaf_count=14464 80 384 152 2736 4464 112 88 80 172 142 1730 98 98 2832
internal_value=6.60566e-06 0.00540375 0.183346 -0.0145278 -0.0104166 -0.060831 -0.290127 0.00049607 0.0598298 0.0816319 0.044056 0.269626 0.146971 -0.00747766
internal_weight=27632 20152 536 7480 7400 2936 200 19616 2320 2240 1872 368 270 17296
internal_count=27632 20152 536 7480 7400 2936 200 19616 2320 2240 1872 368 270 17296
is_linear=0
shrinkage=0.05


Tree=199
num_leaves=15
num_cat=0
split_feature=0 9 5 14 13 14 5 1 6 1 8 5 7 1
split_gain=854.433 2426.31 2727.24 2054.85 1502.09 1501.27 1339.57 1398.61 1401.51 1310.36 3491.27 6607.71 8612.31 9352.61
threshold=1.5000000000000002 183.50000000000003 173.50000000000003 149.50000000000003 149.50000000000003 26.500000000000004 157.50000000000003 12.500000000000002 95.500000000000014 11.500000000000002 112.50000000000001 84.500000000000014 126.50000000000001 7.5000000000000009
decision_type=2 2 2 2 2 2 2 2 2 2 2 2 2 2
left_child=1 2 3 4 -1 -6 7 -5 -9 10 -2 -12 13 -13
right_child=9 -3 -4 6 5 -7 -8 8 -10 -11 11 12 -14 -15
leaf_value=-0.02356008910698346 0.0006734008108288703 -0.28397890231304473 0.15717313495236185 -0.35203785350701461 0.012600597181390508 0.2653626349983666 -0.021338386206145595 0.044017297715386927 -0.23505010343711788 -0.0083141257651275034 -0.26310917186582911 0.099208459189190801 0.010139847176157938 0.4376884135824094
leaf_weight=2467 9428 82 207 91 164 87 182 80 94 12088 140 698 1538 286
leaf_count=2467 9428 82 207 91 164 87 182 80 94 12088 140 698 1538 286
internal_value=6.42526e-07 -0.023243 -0.0164914 -0.0280795 -0.0116407 0.103683 -0.126802 -0.197497 -0.109098 0.00332528 0.0149614 0.065469 0.0841934 0.199303
internal_weight=27632 3454 3372 3165 2718 251 447 265 174 24178 12090 2662 2522 984
internal_count=27632 3454 3372 3165 2718 251 447 265 174 24178 12090 2662 2522 984
is_linear=0
shrinkage=0.05


Tree=200
num_leaves=15
num_cat=0
split_feature=7 7 13 14 11 5 8 8 5 6 1 14 5 14
split_gain=843.227 6167.91 19683.9 13243.8 4696.18 3992.43 8509.65 3737.82 5259.26 7567.34 8080.12 4596.22 3484.39 6232.01
threshold=24.500000000000004 22.500000000000004 159.50000000000003 147.50000000000003 22.500000000000004 21.500000000000004 25.500000000000004 21.500000000000004 100.50000000000001 23.500000000000004 11.500000000000002 21.500000000000004 24.500000000000004 62.500000000000007
decision_type=2 2 2 2 2 2 2 2 2 2 2 2 2 2
left_child=1 -1 3 5 7 -3 12 11 9 -9 -11 -2 -7 -14
right_child=4 2 -4 -5 -6 6 -8 8 -10 10 -12 -13 13 -15
leaf_value=-0.0081203684930971128 -0.10164226771912713 -0.16989862926510485 0.71900599154333278 0.60296580402715372 0.00027980580165694514 -0.069121423367728071 0.49010618576966225 -0.14503178979196635 -0.39734826006069046 0.48200637377449312 -0.040925982385204084 -0.57234822340648284 0.01101113023542493 0.49338932497934862
leaf_weight=6176 133 248 115 96 18904 594 95 432 96 123 173 83 281 83
leaf_count=6176 133 248 115 96 18904 594 95 432 96 123 173 83 281 83
internal_value=-8.41624e-07 0.0140619 0.104397 0.0514191 -0.00542391 0.00856813 0.0512045 -0.108605 -0.0592269 -0.0122332 0.180771 -0.291372 0.00536211 0.126199
internal_weight=27632 7688 1512 1397 19944 1301 1053 1040 824 728 296 216 958 364
internal_count=27632 7688 1512 1397 19944 1301 1053 1040 824 728 296 216 958 364
is_linear=0
shrinkage=0.05


Tree=201
num_leaves=15
num_cat=0
split_feature=13 13 13 7 9 4 12 14 5 14 5 1 5 14
split_gain=831.844 928.582 3824.75 4538.48 5250.07 7481.51 3640.31 12037.6 7787.59 3992.98 12335.9 30005.3 8219.54 3512.3
threshold=19.500000000000004 28.500000000000004 70.500000000000014 72.500000000000014 110.50000000000001 3.5000000000000004 141.50000000000003 63.500000000000007 150.50000000000003 139.50000000000003 26.500000000000004 10.500000000000002 104.50000000000001 149.50000000000003
decision_type=2 2 2 2 2 2 2 2 2 2 2 2 2 2
left_child=-1 6 3 -3 5 -5 9 8 -8 -2 11 -11 -12 -4
right_child=1 2 13 4 -6 -7 7 -9 -10 10 12 -13 -14 -15
leaf_value=-0.12972789909539184 -0.015547022591840124 0.046362284088950496 0.01156576659818216 -0.65954691853609182 -0.021767646935949618 -0.14357716778770163 0.80328374264167968 0.033980532985942426 0.12334163701266386 0.94517686170718029 -0.39401573749879998 -0.10161550507387694 0.057791411496158684 -0.04086439401815789
leaf_weight=118 6320 306 13614 106 252 202 84 1374 84 121 115 148 620 4168
leaf_count=118 6320 306 13614 106 252 202 84 1374 84 121 115 148 620 4168
internal_value=1.09087e-05 0.000590792 -0.00574271 -0.108043 -0.192079 -0.32885 0.0139079 0.0835998 0.476703 -0.000812125 0.0915588 0.377902 -0.0150841 -0.000731598
internal_weight=27632 27514 18648 866 560 308 8866 1542 168 7324 1004 269 735 17782
internal_count=27632 27514 18648 866 560 308 8866 1542 168 7324 1004 269 735 17782
is_linear=0
shrinkage=0.05


Tree=202
num_leaves=15
num_cat=0
split_feature=12 12 3 8 11 0 10 10 10 14 14 13 6 4
split_gain=811.858 1644.55 3248.33 1314.05 1423.12 1713.9 1057.65 1428 1424.97 1801.94 1449.97 4255.78 4179.22 6305.21
threshold=179.50000000000003 176.50000000000003 2.5000000000000004 141.50000000000003 184.50000000000003 4.5000000000000009 190.50000000000003 192.50000000000003 182.50000000000003 153.50000000000003 170.50000000000003 189.50000000000003 165.50000000000003 2.5000000000000004
decision_type=2 2 2 2 2 2 2 2 2 2 2 2 2 2
left_child=1 6 -3 -2 5 -5 8 -8 10 -10 11 -1 13 -12
right_child=3 2 -4 4 -6 -7 7 -9 9 -11 12 -13 -14 -15
leaf_value=0.0019970209149604563 0.1461738004117292 0.051571121210352004 -0.34439795496735243 0.20106718939862081 -0.18400656228556356 -0.085187581855626346 0.25793301981863798 -0.0029753875017166139 -0.29949579841560786 -0.01188170812610123 -0.24997111187792967 0.34456128425650545 0.065890544269296553 -0.012325074457670296
leaf_weight=24582 240 104 96 100 80 100 88 120 85 139 425 86 590 797
leaf_count=24582 240 104 96 100 80 100 88 120 85 139 425 86 590 797
internal_value=1.50203e-05 -0.00117728 -0.142258 0.0615988 -0.0121867 0.059353 -0.000102587 0.110873 -0.000987576 -0.125177 8.64042e-05 0.00326089 -0.04302 -0.0956579
internal_weight=27632 27112 200 520 280 200 26912 208 26704 224 26480 24668 1812 1222
internal_count=27632 27112 200 520 280 200 26912 208 26704 224 26480 24668 1812 1222
is_linear=0
shrinkage=0.05


Tree=203
num_leaves=15
num_cat=0
split_feature=7 8 3 4 11 3 11 14 6 11 13 5 9 9
split_gain=808.724 1166.16 7352.68 9977.71 2730.2 2612.85 1377.88 1200.28 4729.19 4962.15 25899.4 11893.5 3223.7 5871.51
threshold=19.500000000000004 20.500000000000004 1.5000000000000002 4.5000000000000009 20.500000000000004 1.5000000000000002 24.500000000000004 156.50000000000003 165.50000000000003 23.500000000000004 22.500000000000004 82.500000000000014 170.50000000000003 118.50000000000001
decision_type=2 2 2 2 2 2 2 2 2 2 2 2 2 2
left_child=-1 2 3 -2 5 -3 -4 -6 9 10 -9 -11 13 -13
right_child=1 4 6 -5 7 -7 -8 8 -10 11 -12 12 -14 -15
leaf_value=-0.098927968177580983 0.70723055088133346 -0.28726276641600573 -0.029305480503181203 -0.041843337135182485 0.0061410244546468741 -0.045362646082357315 0.16029620077546447 0.77192824968996532 0.043183598905381149 -0.55006972955468181 -0.1935105221949163 0.022634220787510276 0.055103459798039933 -0.15551113291908011
leaf_weight=200 87 146 788 85 21177 438 104 99 1732 125 205 745 491 1210
leaf_count=200 87 146 788 85 21177 438 104 99 1732 125 205 745 491 1210
internal_value=1.31742e-05 0.000752427 0.0519479 0.346324 -0.00132287 -0.107763 -0.00642916 0.00110839 -0.0220067 -0.0612864 0.128296 -0.0839084 -0.0590123 -0.08774
internal_weight=27632 27432 1064 172 26368 584 892 25784 4607 2875 304 2571 2446 1955
internal_count=27632 27432 1064 172 26368 584 892 25784 4607 2875 304 2571 2446 1955
is_linear=0
shrinkage=0.05


Tree=204
num_leaves=15
num_cat=0
split_feature=7 6 5 9 7 10 3 1 9 6 10 14 12 8
split_gain=779.126 6200.09 6580.18 3926.61 4264.46 4161.17 5305.75 3620.09 4592.73 3404.97 3892.06 4904.3 3700.01 3077.73
threshold=133.50000000000003 143.50000000000003 161.50000000000003 86.500000000000014 158.50000000000003 172.50000000000003 2.5000000000000004 17.500000000000004 160.50000000000003 154.50000000000003 142.50000000000003 133.50000000000003 118.50000000000001 113.50000000000001
decision_type=2 2 2 2 2 2 2 2 2 2 2 2 2 2
left_child=1 13 -3 -2 5 9 -7 -6 -9 10 11 -5 -12 -1
right_child=3 2 -4 4 7 6 -8 8 -10 -11 12 -13 -14 -15
leaf_value=-0.0067328324960008457 -0.35166894534054927 0.28129772420608673 -0.10390496169851654 0.17579249214894813 0.0035401420366507393 -0.040317530142000096 -0.55322102656768213 0.32425740416738247 0.030875624859715529 0.022802325564251123 -0.45713168739395987 -0.16299948024650965 -0.11211114565965624 0.054538096791799232
leaf_weight=17296 80 384 152 256 3890 112 88 205 369 1200 80 176 1024 2320
leaf_count=17296 80 384 152 256 3890 112 88 205 369 1200 80 176 1024 2320
internal_value=1.58149e-05 0.00513112 0.17211 -0.0137597 -0.00987159 -0.0566234 -0.273984 0.0209063 0.13755 -0.0402637 -0.0894482 0.0374804 -0.139061 0.000525781
internal_weight=27632 20152 536 7480 7400 2936 200 4464 574 2736 1536 432 1104 19616
internal_count=27632 20152 536 7480 7400 2936 200 4464 574 2736 1536 432 1104 19616
is_linear=0
shrinkage=0.05


Tree=205
num_leaves=15
num_cat=0
split_feature=7 5 11 13 14 7 9 10 9 14 7 6 11 5
split_gain=776.27 8032.99 5489.99 8294.73 12765.2 10139.2 7814.84 5688.83 4456.41 4284.45 3846.52 9965.08 6949.24 7224.96
threshold=90.500000000000014 70.500000000000014 109.50000000000001 85.500000000000014 81.500000000000014 22.500000000000004 107.50000000000001 107.50000000000001 48.000000000000007 29.500000000000004 98.500000000000014 92.500000000000014 78.500000000000014 95.500000000000014
decision_type=2 2 2 2 2 2 2 2 2 2 2 2 2 2
left_child=2 -2 6 4 -4 -5 7 -1 -3 -7 11 -10 13 -12
right_child=1 8 3 5 -6 9 -8 -9 10 -11 12 -13 -14 -15
leaf_value=-0.0016024621596517998 -0.49189191981273539 -0.31197729440581085 0.83999514788731755 -0.44627354870829739 0.13457840022769316 0.37326462018214185 -0.37280253203889585 0.39128550849854948 -0.5886982370768824 0.045132104962290642 -0.23158709130677069 -0.046477707050801023 -0.0060067099441615908 0.15915099046635472
leaf_weight=9904 80 112 82 95 254 107 136 88 88 910 128 968 13576 1104
leaf_count=9904 80 112 82 95 254 107 136 88 88 910 128 968 13576 1104
internal_value=6.92824e-06 -0.00710813 0.00987438 0.100764 0.316526 0.0344442 -0.00316337 0.00205169 -0.00452743 0.0813126 -0.00225922 -0.0942241 0.00432865 0.117783
internal_weight=27632 16056 11576 1448 336 1112 10128 9992 15976 1017 15864 1056 14808 1232
internal_count=27632 16056 11576 1448 336 1112 10128 9992 15976 1017 15864 1056 14808 1232
is_linear=0
shrinkage=0.05


Tree=206
num_leaves=15
num_cat=0
split_feature=10 9 1 1 6 3 8 4 14 1 14 14 4 8
split_gain=788.77 6182.22 27691.9 31137.3 5105.55 3255.7 14358 10690.2 34812.8 11574.9 6672.49 6619.42 40656.6 14438.4
threshold=23.500000000000004 24.500000000000004 11.500000000000002 3.5000000000000004 66.500000000000014 4.5000000000000009 20.500000000000004 1.5000000000000002 27.500000000000004 13.500000000000002 98.500000000000014 43.500000000000007 3.5000000000000004 22.500000000000004
decision_type=2 2 2 2 2 2 2 2 2 2 2 2 2 2
left_child=1 4 3 -3 5 6 10 8 -7 -10 -1 -9 13 -13
right_child=-2 2 -4 -5 -6 7 -8 11 9 -11 -12 12 -14 -15
leaf_value=0.11787627991551244 -0.005122672867891238 0.071112727617795496 -0.13366810040131358 1.3416450782763689 0.30891553261562399 1.0870510661724917 -0.074615588225678292 -0.020429681965017349 -0.50998194516347406 0.29950267635078898 0.68134217140984477 1.0526276457496382 -0.29590358213705181 0.19577831606123042
leaf_weight=137 20200 108 273 83 128 92 2745 3206 82 85 83 113 208 89
leaf_count=137 20200 108 273 83 128 92 2745 3206 82 85 83 113 208 89
internal_value=1.5713e-06 0.0139232 0.189639 0.64337 0.00209469 -0.00386845 -0.0432648 0.026293 0.33345 -0.101239 0.340874 0.00386248 0.191773 0.688953
internal_weight=27632 7432 464 191 6968 6840 2965 3875 259 167 220 3616 410 202
internal_count=27632 7432 464 191 6968 6840 2965 3875 259 167 220 3616 410 202
is_linear=0
shrinkage=0.05


Tree=207
num_leaves=15
num_cat=0
split_feature=0 9 5 14 5 8 1 14 5 8 5 1 6 5
split_gain=753.934 2208 2409.61 1749.61 1395.54 4502.42 4166.64 2436.76 2992.41 4119.14 1158.54 1252.43 1224.18 1127.69
threshold=1.5000000000000002 183.50000000000003 173.50000000000003 149.50000000000003 126.50000000000001 130.50000000000003 17.500000000000004 83.500000000000014 97.500000000000014 104.50000000000001 157.50000000000003 12.500000000000002 95.500000000000014 84.500000000000014
decision_type=2 2 2 2 2 2 2 2 2 2 2 2 2 2
left_child=1 2 3 4 7 -6 -7 13 -9 -10 11 -5 -13 -1
right_child=-2 -3 -4 10 5 6 -8 8 9 -11 -12 12 -14 -15
leaf_value=-0.0036688176176936345 0.0031617208413932106 -0.27052315412752931 0.14788285185086522 -0.32924124507699165 0.31371678684214904 -0.11871172765895099 0.27142817389633922 -0.21654331845622693 0.096457683724470056 -0.15025586991091533 -0.019281970773310588 0.043395691776976865 -0.21732189460384724 0.12114014236690247
leaf_weight=1041 24178 82 207 91 128 281 85 302 332 335 182 80 94 214
leaf_count=1041 24178 82 207 91 128 281 85 302 332 335 182 80 94 214
internal_value=3.87267e-05 -0.0217952 -0.0153551 -0.0262477 -0.0110783 0.0645317 -0.0256685 -0.02798 -0.0873301 -0.0276499 -0.117343 -0.183087 -0.0995879 0.0180096
internal_weight=27632 3454 3372 3165 2718 494 366 2224 969 667 447 265 174 1255
internal_count=27632 3454 3372 3165 2718 494 366 2224 969 667 447 265 174 1255
is_linear=0
shrinkage=0.05


Tree=208
num_leaves=15
num_cat=0
split_feature=10 9 1 1 6 8 7 5 9 6 12 11 11 12
split_gain=733.617 5617.02 25126.6 28280.6 4621.86 3037.17 4623.77 4555 3026.5 4419.35 3505.8 11528.8 9035.4 7328.99
threshold=23.500000000000004 24.500000000000004 11.500000000000002 3.5000000000000004 66.500000000000014 22.500000000000004 24.500000000000004 21.500000000000004 63.500000000000007 25.500000000000004 70.500000000000014 65.500000000000014 69.500000000000014 80.500000000000014
decision_type=2 2 2 2 2 2 2 2 2 2 2 2 2 2
left_child=1 4 3 -3 5 6 -1 -8 -2 -10 -11 -12 -13 -14
right_child=8 2 -4 -5 -6 -7 7 -9 9 10 11 12 13 -15
leaf_value=0.029234591946624547 -0.061353806017536455 0.067778910155844904 -0.1270218859252473 1.2786268544997172 0.29411042259263814 -0.061593675222184577 0.0065086196671867939 -0.3333944272738753 0.33154221091184327 0.149929718452254 -0.55860073122005627 0.38727616315720065 -0.23056516842676442 0.00089886507289328081
leaf_weight=4760 2120 108 273 83 128 1688 216 176 96 376 88 144 344 17032
leaf_count=4760 2120 108 273 83 128 1688 216 176 96 376 88 144 344 17032
internal_value=3.382e-05 0.0134599 0.180951 0.613154 0.00218492 -0.00348886 0.0155898 -0.148378 -0.00490804 0.00172574 -0.000126509 -0.00337245 -0.000425057 -0.00374853
internal_weight=27632 7432 464 191 6968 6840 5152 392 20200 18080 17984 17608 17520 17376
internal_count=27632 7432 464 191 6968 6840 5152 392 20200 18080 17984 17608 17520 17376
is_linear=0
shrinkage=0.05


Tree=209
num_leaves=15
num_cat=0
split_feature=14 13 10 3 5 11 4 13 5 1 14 13 1 13
split_gain=731.544 3777.38 10211.3 11651.2 5933.78 9619.08 4603.96 4993.96 4432.38 3120.03 2573.07 2390.54 8129.29 2460.79
threshold=156.50000000000003 23.500000000000004 23.500000000000004 4.5000000000000009 104.50000000000001 72.500000000000014 3.5000000000000004 163.50000000000003 105.50000000000001 16.500000000000004 159.50000000000003 169.50000000000003 8.5000000000000018 175.50000000000003
decision_type=2 2 2 2 2 2 2 2 2 2 2 2 2 2
left_child=11 2 3 -2 5 6 7 -3 -4 -10 -6 -1 -13 -14
right_child=1 4 8 -5 10 -7 -8 -9 9 -11 -12 12 13 -15
leaf_value=0.00028389971068034048 0.82354415228893585 -0.037400098593305731 -0.35047954378086471 0.058364354854822158 -0.14787486534641714 -0.67179901219986293 0.088172754984945881 -0.53996631473366941 0.062568859147799333 -0.1941480141380976 -0.0026835956138694418 0.48683106081235572 0.12330642760132993 -0.042504659550340135
leaf_weight=21852 81 113 81 120 338 86 176 84 794 134 2767 104 390 512
leaf_count=21852 81 113 81 120 338 86 176 84 794 134 2767 104 390 512
internal_value=4.27433e-05 -0.0177484 0.0584239 0.379225 -0.043655 -0.210441 -0.0965898 -0.259754 -0.00703678 0.024658 -0.018701 0.00376158 0.0789275 0.029472
internal_weight=27632 4774 1210 201 3564 459 373 197 1009 928 3105 22858 1006 902
internal_count=27632 4774 1210 201 3564 459 373 197 1009 928 3105 22858 1006 902
is_linear=0
shrinkage=0.05


Tree=210
num_leaves=15
num_cat=0
split_feature=2 14 6 7 5 3 6 1 5 13 9 11 13 9
split_gain=741.67 1712.64 3362.53 3137.61 7620.35 5128.91 4752.85 2702.16 2620.1 2261.68 2761.77 2059.96 2019.12 1940.49
threshold=1.0000000180025095e-35 156.50000000000003 165.50000000000003 24.500000000000004 82.500000000000014 3.5000000000000004 21.500000000000004 16.500000000000004 154.50000000000003 144.50000000000003 171.50000000000003 101.50000000000001 149.50000000000003 152.50000000000003
decision_type=2 2 2 2 2 2 2 2 2 2 2 2 2 2
left_child=-1 9 3 5 -5 -3 -7 -6 -9 10 13 12 -4 -2
right_child=1 2 11 4 7 6 -8 8 -10 -11 -12 -13 -14 -15
leaf_value=0.014219787162443254 -0.0075378847002409077 0.36289701377882544 0.040042202780401805 -0.52965065705177095 -0.051519571425688894 -0.31303625831952192 0.17756417479711711 -0.44706042935450879 -0.088604026763485041 0.045195581337541153 -0.10979714072040153 0.059416223087579045 -0.25100241925062267 0.053682642006415475
leaf_weight=6908 12715 98 118 92 1592 96 92 85 125 2544 607 1011 113 1436
leaf_count=6908 12715 98 118 92 1592 96 92 85 125 2544 607 1011 113 1436
internal_value=3.74961e-05 -0.00469222 -0.036985 -0.0743347 -0.0976339 0.0789878 -0.0745748 -0.0741731 -0.240716 0.0017035 -0.00580648 0.0286077 -0.104632 -0.00130865
internal_weight=27632 20724 3422 2180 1894 286 188 1802 210 17302 14758 1242 231 14151
internal_count=27632 20724 3422 2180 1894 286 188 1802 210 17302 14758 1242 231 14151
is_linear=0
shrinkage=0.05


Tree=211
num_leaves=15
num_cat=0
split_feature=7 6 5 9 7 10 6 12 12 12 8 11 10 14
split_gain=724.339 5609.74 5893.26 3628.83 3816.19 5628.57 3848.89 4098.97 2878.01 6912.46 7701.62 6137.22 5348.16 5326.79
threshold=133.50000000000003 143.50000000000003 161.50000000000003 86.500000000000014 155.50000000000003 176.50000000000003 161.50000000000003 166.50000000000003 158.50000000000003 142.50000000000003 106.50000000000001 155.50000000000003 151.50000000000003 147.50000000000003
decision_type=2 2 2 2 2 2 2 2 2 2 2 2 2 2
left_child=1 8 -3 -2 5 6 7 -5 9 12 -11 -12 -1 -10
right_child=3 2 -4 4 -6 -7 -8 -9 13 10 11 -13 -14 -15
leaf_value=-0.00092359249249746023 -0.33809992544791279 0.26711722008170502 -0.097443274171299235 -0.058586190860935194 0.015056102298810707 -0.46157206082826152 0.096562682017903953 -0.38636546931644478 0.24013978172932085 -0.48897421764047355 0.060295006161257908 -0.42734932733370984 0.35036732969344214 -0.0023561806123976021
leaf_weight=18040 80 384 152 1800 5040 80 384 96 346 144 264 80 104 638
leaf_count=18040 80 384 152 1800 5040 80 384 96 346 144 264 80 104 638
internal_value=2.61669e-05 0.00495835 0.163789 -0.0132561 -0.00951839 -0.0619204 -0.0469182 -0.0761552 0.000577716 -0.00383316 -0.188565 -0.0576084 0.00118595 0.0836947
internal_weight=27632 20152 536 7480 7400 2360 2280 1896 19616 18632 488 344 18144 984
internal_count=27632 20152 536 7480 7400 2360 2280 1896 19616 18632 488 344 18144 984
is_linear=0
shrinkage=0.05


Tree=212
num_leaves=15
num_cat=0
split_feature=2 1 1 13 14 9 14 1 1 14 3 8 14 14
split_gain=718.226 1766.89 4869.58 1968.83 1855.12 1575.06 3418.29 2374.59 5953.52 3490 6734.09 3173.33 2934.16 2885.64
threshold=2.5000000000000004 1.0000000180025095e-35 1.5000000000000002 106.50000000000001 59.500000000000007 100.50000000000001 171.50000000000003 11.500000000000002 12.500000000000002 90.500000000000014 3.5000000000000004 159.50000000000003 156.50000000000003 141.50000000000003
decision_type=2 2 2 2 2 2 2 2 2 2 2 2 2 2
left_child=-1 4 3 -3 -2 6 -4 9 -9 10 -7 13 -13 -10
right_child=1 2 5 -5 -6 7 -8 8 11 -11 -12 12 -14 -15
leaf_value=-0.0046406508543575913 -0.2461420731135566 0.32364665838116308 -0.0066643471109906682 0.055777668435711504 0.0070416439459266428 0.53500563277813951 -0.28177255743451546 -0.26440122076262212 0.045994904804785693 0.047356360143743829 -0.0036798978845278421 0.26255246117500647 0.0092829195062319441 -0.090439694715455737
leaf_weight=20724 126 172 2626 116 161 109 113 189 980 1110 118 234 220 634
leaf_count=20724 126 172 2626 116 161 109 113 189 980 1110 118 234 220 634
internal_value=1.37127e-05 0.0139701 0.0192651 0.218548 -0.106424 0.0100373 -0.0185069 0.0317864 0.000468114 0.0844563 0.26094 0.0252546 0.141261 -0.00771216
internal_weight=27632 6908 6621 288 287 6333 2739 3594 2257 1337 227 2068 454 1614
internal_count=27632 6908 6621 288 287 6333 2739 3594 2257 1337 227 2068 454 1614
is_linear=0
shrinkage=0.05


Tree=213
num_leaves=15
num_cat=0
split_feature=7 5 11 13 14 7 9 10 9 14 7 10 12 7
split_gain=727.479 7336.4 4992.31 7433.13 11361.1 9382 7099.07 5136.58 4178.41 3582.79 3452.52 9019.85 17025.4 13916.3
threshold=90.500000000000014 70.500000000000014 109.50000000000001 85.500000000000014 81.500000000000014 22.500000000000004 107.50000000000001 107.50000000000001 48.000000000000007 29.500000000000004 98.500000000000014 99.500000000000014 72.500000000000014 93.500000000000014
decision_type=2 2 2 2 2 2 2 2 2 2 2 2 2 2
left_child=2 -2 6 4 -4 -5 7 -1 -3 -7 11 12 -10 -14
right_child=1 8 3 5 -6 9 -8 -9 10 -11 -12 -13 13 -15
leaf_value=-0.0013658864634969489 -0.47015917457201906 -0.30211078085514731 0.79435430306555899 -0.42896613723039628 0.12879833654495151 0.34554292081655669 -0.3551688525693637 0.37196558250054235 0.0070370893315141935 0.045427072651969283 0.0040327136207091762 0.048160767666336181 -0.21638392803296447 -1.0431239326794943
leaf_weight=9904 80 112 82 95 254 107 136 88 288 910 14808 560 120 88
leaf_count=9904 80 112 82 95 254 107 136 88 288 910 14808 560 120 88
internal_value=1.65452e-05 -0.00687129 0.00956886 0.0962406 0.300491 0.0334557 -0.00286397 0.00210645 -0.00440499 0.0785387 -0.00220866 -0.0893363 -0.243506 -0.582434
internal_weight=27632 16056 11576 1448 336 1112 10128 9992 15976 1017 15864 1056 496 208
internal_count=27632 16056 11576 1448 336 1112 10128 9992 15976 1017 15864 1056 496 208
is_linear=0
shrinkage=0.05


Tree=214
num_leaves=15
num_cat=0
split_feature=13 10 9 1 1 6 3 8 4 14 1 14 4 8
split_gain=704.495 816.477 4957.05 22615 25479.4 4334.5 3318.25 12846.5 9827.83 30974.1 10436.4 8543.18 32398.5 12843.1
threshold=19.500000000000004 23.500000000000004 24.500000000000004 11.500000000000002 3.5000000000000004 66.500000000000014 4.5000000000000009 20.500000000000004 1.5000000000000002 27.500000000000004 13.500000000000002 43.500000000000007 3.5000000000000004 22.500000000000004
decision_type=2 2 2 2 2 2 2 2 2 2 2 2 2 2
left_child=-1 2 5 4 -4 6 7 -2 9 -8 -11 -10 13 -13
right_child=1 -3 3 -5 -6 -7 8 -9 11 10 -12 12 -14 -15
leaf_value=-0.11938953435434618 0.32924270083621354 -0.0046810722686262659 0.064426903914561323 -0.12012107259260572 1.2137488631700928 0.28678051590135228 1.0343944731446886 -0.070420281603378737 -0.019213877513626965 -0.47499685907500916 0.2935225424129102 0.9993307263669321 -0.25837546950155271 0.19071397107649357
leaf_weight=118 212 20122 108 273 83 128 92 2743 3206 82 85 113 178 89
leaf_count=118 212 20122 108 273 83 128 92 2743 3206 82 85 113 178 89
internal_value=6.02098e-06 0.000539675 0.0147448 0.172061 0.582093 0.00409214 -0.00143586 -0.0412396 0.0291684 0.323593 -0.0866727 0.0074825 0.23004 0.656271
internal_weight=27632 27514 7392 464 191 6928 6800 2955 3845 259 167 3586 380 202
internal_count=27632 27514 7392 464 191 6928 6800 2955 3845 259 167 3586 380 202
is_linear=0
shrinkage=0.05


Tree=215
num_leaves=15
num_cat=0
split_feature=1 1 14 14 4 9 13 5 13 3 5 14 10 5
split_gain=698.538 8236.5 6935.57 5485.97 6327.17 8356.76 4141.29 4856.08 4011.06 5383.91 3644.82 6096.36 5748.98 4269.81
threshold=5.5000000000000009 4.5000000000000009 119.50000000000001 107.50000000000001 3.5000000000000004 60.500000000000007 75.500000000000014 117.50000000000001 79.500000000000014 4.5000000000000009 84.500000000000014 91.500000000000014 113.50000000000001 65.500000000000014
decision_type=2 2 2 2 2 2 2 2 2 2 2 2 2 2
left_child=1 2 3 6 5 -5 7 -1 9 -3 12 -12 13 -8
right_child=-2 8 -4 4 -6 -7 10 -9 -10 -11 11 -13 -14 -15
leaf_value=-0.030807585059338439 0.0046252091070889158 -0.30553259861255533 -0.28083597544561789 0.66256962969552635 -0.095527454638967724 0.13721197532664861 -0.021380102426769576 -0.32900479482423056 -0.042199050267386198 0.072810187292369932 0.27775947291194275 0.017772800917616131 -0.39599917237175986 0.22394991130098055
leaf_weight=2133 20726 456 192 81 240 679 1056 141 580 116 368 572 84 208
leaf_count=2133 20726 456 192 81 240 679 1056 141 580 116 368 572 84 208
internal_value=3.5978e-05 -0.0137304 0.0107373 0.0210456 0.126796 0.197169 -0.00224852 -0.0499786 -0.13546 -0.22884 0.0451951 0.120486 -0.00755867 0.019714
internal_weight=27632 6906 5754 5562 1000 760 4562 2274 1152 572 2288 940 1348 1264
internal_count=27632 6906 5754 5562 1000 760 4562 2274 1152 572 2288 940 1348 1264
is_linear=0
shrinkage=0.05


Tree=216
num_leaves=15
num_cat=0
split_feature=7 5 1 10 12 12 0 9 13 14 11 10 5 14
split_gain=683.637 5363.16 4053.31 4329.15 3906.4 4951.44 3781.03 3751.51 9010.89 10676 5542.35 5233.81 7086.47 7068.25
threshold=144.50000000000003 144.50000000000003 17.500000000000004 61.500000000000007 142.50000000000003 167.50000000000003 4.5000000000000009 151.50000000000003 134.50000000000003 73.500000000000014 162.50000000000003 130.50000000000003 142.50000000000003 167.50000000000003
decision_type=2 2 2 2 2 2 2 2 2 2 2 2 2 2
left_child=7 4 3 -3 -2 -6 -4 11 9 -9 -10 12 -1 -14
right_child=1 2 6 -5 5 -7 -8 8 10 -11 -12 -13 13 -15
leaf_value=0.0017353919574513166 -0.30645363263241959 -0.33701244394223279 0.22734175124545053 -0.011055192420533202 0.063134137273434254 -0.37643070767030995 0.020321813088056213 0.66153939156793062 -0.18702299658076041 0.12642788728563767 0.068288068621964654 -0.092078531920227635 0.4478709260315708 -0.043388105038320648
leaf_weight=17640 248 99 338 4990 256 80 621 107 331 580 574 1472 173 123
leaf_count=17640 248 99 338 4990 256 80 621 107 331 580 574 1472 173 123
internal_value=3.32331e-05 -0.0139554 7.09888e-05 -0.0177208 -0.157982 -0.0455091 0.0940868 0.00445323 0.0781163 0.213949 -0.0256054 -0.00160777 0.00584072 0.246403
internal_weight=27632 6632 6048 5089 584 336 959 21000 1592 687 905 19408 17936 296
internal_count=27632 6632 6048 5089 584 336 959 21000 1592 687 905 19408 17936 296
is_linear=0
shrinkage=0.05


Tree=217
num_leaves=15
num_cat=0
split_feature=12 12 8 8 11 0 6 6 4 5 6 6 8 0
split_gain=680.219 1429.54 3134.4 1046.84 1275.58 1509.34 969.357 1467.8 8747.89 3592.14 2573.04 3289.7 2548.03 5120.36
threshold=179.50000000000003 176.50000000000003 151.50000000000003 141.50000000000003 184.50000000000003 4.5000000000000009 191.50000000000003 179.50000000000003 1.5000000000000002 178.50000000000003 176.50000000000003 174.50000000000003 150.50000000000003 4.5000000000000009
decision_type=2 2 2 2 2 2 2 2 2 2 2 2 2 2
left_child=1 6 -3 -2 5 -5 7 10 -9 -10 11 -1 13 -12
right_child=3 2 -4 4 -6 -7 -8 8 9 -11 12 -13 -14 -15
leaf_value=-0.00013483877591395114 0.13188985298786846 0.10609486504731809 -0.28959739540815355 0.19116895453915711 -0.17217583335497799 -0.077510010628473194 0.11278149538905061 -0.42020998146939786 0.27199712607404614 -0.060029699221525179 0.22035639594582951 -0.24231237910212355 0.18121790816413175 -0.32878268359338536
leaf_weight=25552 240 80 120 100 80 100 184 136 112 264 80 136 368 80
leaf_count=25552 240 80 120 100 80 100 184 136 112 264 80 136 368 80
internal_value=3.39524e-05 -0.00105741 -0.132593 0.0564043 -0.00947634 0.0582156 -5.5441e-05 -0.000853178 -0.0842823 0.0411435 0.000791958 -0.00146391 0.109527 -0.055856
internal_weight=27632 27112 200 520 280 200 26912 26728 512 376 26216 25688 528 160
internal_count=27632 27112 200 520 280 200 26912 26728 512 376 26216 25688 528 160
is_linear=0
shrinkage=0.05


Tree=218
num_leaves=15
num_cat=0
split_feature=2 14 1 14 5 1 1 5 6 14 1 1 5 5
split_gain=660.807 1585.89 2411.23 2372.83 2989.62 1794.92 3889.83 1895.14 3374.56 3919.17 2898.93 6118.18 1904.33 2556.79
threshold=2.5000000000000004 141.50000000000003 18.500000000000004 130.50000000000003 143.50000000000003 1.0000000180025095e-35 1.5000000000000002 71.500000000000014 96.500000000000014 89.500000000000014 6.5000000000000009 8.5000000000000018 163.50000000000003 135.50000000000003
decision_type=2 2 2 2 2 2 2 2 2 2 2 2 2 2
left_child=-1 3 -3 5 -5 -2 -7 10 9 -9 -8 -12 13 -10
right_child=1 2 -4 4 -6 6 7 8 12 -11 11 -13 -14 -15
leaf_value=-0.0044355825944760495 -0.099688452152433271 -0.011764961488183375 -0.25414402536842801 0.016941502536500359 0.38160103408353674 0.204445919999376 -0.11741990152066184 0.44977622505486292 0.016536652783577049 0.0069072705281679669 0.32683494774262528 -0.016697076911832105 -0.10142940534949303 0.16540877575296029
leaf_weight=20724 287 1762 104 122 100 288 544 102 1474 94 139 1293 245 354
leaf_count=20724 287 1762 104 122 100 288 544 102 1474 94 139 1293 245 354
internal_value=2.88604e-05 0.0134157 -0.0259168 0.0279836 0.18599 0.0205209 0.0282333 0.0160517 0.0471821 0.242835 -0.0197234 0.0176697 0.0281435 0.0457389
internal_weight=27632 6908 1866 5042 222 4820 4533 4245 2269 196 1976 1432 2073 1828
internal_count=27632 6908 1866 5042 222 4820 4533 4245 2269 196 1976 1432 2073 1828
is_linear=0
shrinkage=0.05


Tree=219
num_leaves=15
num_cat=0
split_feature=7 0 9 8 9 10 14 14 11 5 8 14 14 5
split_gain=684.825 5424.52 11463.4 9052.18 20946.7 5310.82 5778.64 4397.98 3628.83 3751.13 4368.47 6406.71 3935.49 3401.21
threshold=24.500000000000004 4.5000000000000009 76.500000000000014 25.500000000000004 24.500000000000004 24.500000000000004 89.500000000000014 166.50000000000003 22.500000000000004 100.50000000000001 21.500000000000004 120.50000000000001 21.500000000000004 25.500000000000004
decision_type=2 2 2 2 2 2 2 2 2 2 2 2 2 2
left_child=1 5 3 7 -5 -1 -7 -3 9 10 12 13 -2 -12
right_child=8 2 -4 4 -6 6 -8 -9 -10 -11 11 -13 -14 -15
leaf_value=-0.0038032023733602311 -0.083798937639896431 0.012464259017366447 0.62896749099278271 -0.17588906071839794 0.87101682902562738 -0.085486923984348581 -0.46819826120436192 0.29453683300073158 0.00016273388846148448 -0.38548489070248487 -0.10364993654382514 0.39028420762883292 -0.518767442806645 0.23582999768064303
leaf_weight=3240 133 3441 80 88 96 484 120 139 18904 96 563 85 83 80
leaf_count=3240 133 3441 80 88 96 484 120 139 18904 96 563 85 83 80
internal_value=3.61273e-05 0.0127094 0.0546746 0.0416503 0.378915 -0.0292724 -0.164742 0.0238118 -0.0048511 -0.095552 -0.0641916 -0.00505053 -0.258895 -0.0599192
internal_weight=27632 7688 3844 3764 184 3844 604 3580 19944 1040 944 728 216 643
internal_count=27632 7688 3844 3764 184 3844 604 3580 19944 1040 944 728 216 643
is_linear=0
shrinkage=0.05


Tree=220
num_leaves=15
num_cat=0
split_feature=2 7 14 13 8 13 7 14 3 14 6 7 5 0
split_gain=678.29 1678.46 2147.99 3726.97 2075.78 1942.16 2320.71 1621.07 1597.73 1541.97 3092.18 2710.1 6746.88 4559.52
threshold=1.0000000180025095e-35 117.50000000000001 164.50000000000003 23.500000000000004 119.50000000000001 107.50000000000001 126.50000000000001 121.50000000000001 4.5000000000000009 156.50000000000003 165.50000000000003 24.500000000000004 82.500000000000014 4.5000000000000009
decision_type=2 2 2 2 2 2 2 2 2 2 2 2 2 2
left_child=1 2 4 -4 -1 7 -7 -3 -8 -2 11 13 -13 -11
right_child=9 5 3 -5 -6 6 8 -9 -10 10 -12 12 -14 -15
leaf_value=-0.0088911093675295705 0.0015854129252923386 0.19108673982211688 0.34373925185241438 -0.005281632316407857 -0.2571106766892034 0.16622197840463471 0.0069166580812116477 0.045490353162110343 -0.20145852015626553 -0.13701538798332746 0.027774748080929126 -0.49910354791017081 -0.070515811014518467 0.25646947472332376
leaf_weight=4117 17302 351 113 217 81 217 1296 422 94 135 1242 92 1802 151
leaf_count=4117 17302 351 113 217 81 217 1296 422 94 135 1242 92 1802 151
internal_value=3.98226e-05 0.0136026 -0.00427354 0.117578 -0.0139806 0.04755 0.0161014 0.112405 -0.00784647 -0.00448329 -0.0351249 -0.0709419 -0.0925935 0.0715707
internal_weight=27632 6908 4528 330 4198 2380 1607 773 1390 20724 3422 2180 1894 286
internal_count=27632 6908 4528 330 4198 2380 1607 773 1390 20724 3422 2180 1894 286
is_linear=0
shrinkage=0.05


Tree=221
num_leaves=15
num_cat=0
split_feature=1 1 14 14 4 9 13 5 13 3 5 14 10 5
split_gain=675.649 7342.87 6259.19 4901.55 5673.62 7475.19 3737.35 4379.52 3608.72 4852.42 3246.72 5455.82 5225.35 3812.49
threshold=5.5000000000000009 4.5000000000000009 119.50000000000001 107.50000000000001 3.5000000000000004 60.500000000000007 75.500000000000014 117.50000000000001 79.500000000000014 4.5000000000000009 84.500000000000014 91.500000000000014 113.50000000000001 65.500000000000014
decision_type=2 2 2 2 2 2 2 2 2 2 2 2 2 2
left_child=1 2 3 6 5 -5 7 -1 9 -3 12 -12 13 -8
right_child=-2 8 -4 4 -6 -7 10 -9 -10 -11 11 -13 -14 -15
leaf_value=-0.02975905923855315 0.0045499818299388735 -0.28982066719301874 -0.2673896250688485 0.62615481979798437 -0.091166046514194854 0.12929166873341033 -0.020171804241151406 -0.31294938099812974 -0.039979245309662237 0.069354573152343599 0.26228847256574489 0.01634395556521168 -0.37767011640865483 0.21164831671111739
leaf_weight=2133 20726 456 192 81 240 679 1056 141 580 116 368 572 84 208
leaf_count=2133 20726 456 192 81 240 679 1056 141 580 116 368 572 84 208
internal_value=3.6564e-05 -0.0135024 0.0096003 0.0193935 0.119352 0.185993 -0.00262432 -0.0479664 -0.128438 -0.217011 0.0424467 0.113507 -0.00734208 0.0186594
internal_weight=27632 6906 5754 5562 1000 760 4562 2274 1152 572 2288 940 1348 1264
internal_count=27632 6906 5754 5562 1000 760 4562 2274 1152 572 2288 940 1348 1264
is_linear=0
shrinkage=0.05


Tree=222
num_leaves=15
num_cat=0
split_feature=7 5 10 12 9 7 9 8 0 5 6 6 1 1
split_gain=684.837 8136.34 5030.49 14849.6 4247.81 5688.04 3682.03 3368.93 5966.87 5579.37 3961 3386.52 2562.35 22947.7
threshold=77.500000000000014 65.500000000000014 115.50000000000001 148.50000000000003 108.50000000000001 75.500000000000014 48.000000000000007 93.500000000000014 4.5000000000000009 114.50000000000001 101.50000000000001 95.500000000000014 7.5000000000000009 8.5000000000000018
decision_type=2 2 2 2 2 2 2 2 2 2 2 2 2 2
left_child=2 -2 4 -4 5 12 -3 8 -8 10 11 -10 -1 -14
right_child=1 6 3 -5 -6 -7 7 -9 9 -11 -12 -13 13 -15
leaf_value=-0.028122201606616045 -0.36446039080560494 -0.28236275943171263 0.59485148217711126 -0.16682711965441704 -0.31805884242795485 0.34301882853507998 0.026982412495708194 0.0063173079991115759 -0.0379089104059415 -0.53228535847638248 -0.015951145180753797 -0.38811730746330847 0.37123052287348413 -0.0028859823264289586
leaf_weight=3899 152 112 128 120 96 120 784 15192 112 88 404 180 436 5809
leaf_count=3899 152 112 128 120 96 120 784 15192 112 88 404 180 436 5809
internal_value=3.37475e-05 -0.00617929 0.0100028 0.230284 0.00462112 0.00779256 -0.00284451 -0.000892952 -0.0705496 -0.167634 -0.118061 -0.25669 0.00365992 0.0235094
internal_weight=27632 17024 10608 248 10360 10264 16872 16760 1568 784 696 292 10144 6245
internal_count=27632 17024 10608 248 10360 10264 16872 16760 1568 784 696 292 10144 6245
is_linear=0
shrinkage=0.05


Tree=223
num_leaves=15
num_cat=0
split_feature=13 13 5 1 3 3 11 14 3 14 13 9 7 4
split_gain=664.253 2921.06 3778.26 3047.24 4315.47 4261.15 6470.98 3159.43 3077.86 2926.97 9153.51 6108.58 19068.9 14126.9
threshold=27.500000000000004 84.500000000000014 129.50000000000003 6.5000000000000009 4.5000000000000009 4.5000000000000009 107.50000000000001 23.500000000000004 5.5000000000000009 145.50000000000003 136.50000000000003 161.50000000000003 150.50000000000003 1.5000000000000002
decision_type=2 2 2 2 2 2 2 2 2 2 2 2 2 2
left_child=-1 2 3 5 -5 6 -2 -6 -7 11 -11 -3 13 -13
right_child=1 9 -4 4 7 8 -8 -9 -10 10 -12 12 -14 -15
leaf_value=0.011258638385340908 -0.32079782995540362 0.025003647274057857 -0.33150764787793163 0.31229814775288106 0.11301531532605158 0.16168210938364008 -0.032933892199777409 -0.26153601160404655 -0.083471384797394757 -0.38197172103573196 -0.018935511295533489 -0.94021731037266398 0.014798540753107305 -0.18851608844862425
leaf_weight=8910 329 11269 120 126 126 238 473 94 266 176 4286 93 944 182
leaf_count=8910 329 11269 120 126 126 238 473 94 266 176 4286 93 944 182
internal_value=2.48726e-05 -0.00532298 -0.0663114 -0.0461055 0.0849687 -0.0810228 -0.152279 -0.0492758 0.0327466 0.0010706 -0.0336667 0.0134908 -0.0926062 -0.454978
internal_weight=27632 18722 1772 1652 346 1306 802 220 504 16950 4462 12488 1219 275
internal_count=27632 18722 1772 1652 346 1306 802 220 504 16950 4462 12488 1219 275
is_linear=0
shrinkage=0.05


Tree=224
num_leaves=15
num_cat=0
split_feature=1 12 3 7 14 13 1 1 13 3 1 11 11 6
split_gain=681.98 1806.31 1630.31 1498.51 1708.58 1065.12 976.411 2037.95 6348.49 2809.32 2187.18 6925.83 10800 11951.5
threshold=21.500000000000004 141.50000000000003 3.5000000000000004 130.50000000000003 121.50000000000001 119.50000000000001 20.500000000000004 19.500000000000004 130.50000000000003 4.5000000000000009 17.500000000000004 162.50000000000003 151.50000000000003 140.50000000000003
decision_type=2 2 2 2 2 2 2 2 2 2 2 2 2 2
left_child=6 3 -3 4 5 -2 7 10 9 -9 -1 12 13 -12
right_child=1 2 -4 -5 -6 -7 -8 8 -10 -11 11 -13 -14 -15
leaf_value=-0.0016642609932382485 -0.019650887227918291 -0.055669761956238954 -0.29086604973639957 0.15864529502685787 -0.22099703681288344 0.11685565292455589 0.047243395933616573 0.036780418166688138 -0.36685304195151375 -0.14300698882708002 -0.030310094197543505 0.20303532678273417 -0.24875889515514948 0.29044087626012594
leaf_weight=20730 1588 233 105 122 94 152 1152 696 146 310 1005 553 343 403
leaf_count=20730 1588 233 105 122 94 152 1152 696 146 310 1005 553 343 403
internal_value=6.24417e-06 -0.0260691 -0.131909 -0.0074902 -0.018943 -0.00742552 0.00237168 0.00022508 -0.064528 -0.0190545 0.00347688 0.0496372 0.000750904 0.0621986
internal_weight=27632 2294 338 1956 1834 1740 25338 24186 1152 1006 23034 2304 1751 1408
internal_count=27632 2294 338 1956 1834 1740 25338 24186 1152 1006 23034 2304 1751 1408
is_linear=0
shrinkage=0.05


Tree=225
num_leaves=15
num_cat=0
split_feature=12 0 11 14 3 7 14 9 5 8 6 5 11 14
split_gain=684.795 3107.26 3412.09 3861.12 3486.06 2813.85 2157.55 2576.65 2181.96 2148.15 3404.15 4121.16 3583.37 2968.06
threshold=159.50000000000003 4.5000000000000009 149.50000000000003 100.50000000000001 4.5000000000000009 181.50000000000003 149.50000000000003 171.50000000000003 168.50000000000003 159.50000000000003 145.50000000000003 137.50000000000003 156.50000000000003 85.500000000000014
decision_type=2 2 2 2 2 2 2 2 2 2 2 2 2 2
left_child=-1 2 -2 -4 6 9 -5 -8 -9 10 11 -3 -12 -14
right_child=1 5 3 4 -6 -7 7 8 -10 -11 12 -13 13 -15
leaf_value=-0.0028448611572076832 -0.2379760591072195 -0.025334285729071673 0.32306064285195557 0.19737113179074545 -0.17158301707742543 -0.30748765096944924 -0.034401202515990874 0.24709662123141204 0.02379512352901593 0.10053332253294933 -0.3763213627106321 0.30145378367900855 -0.32984535636359391 -0.014005317238266549
leaf_weight=24440 80 420 152 325 140 80 464 212 223 328 108 120 84 456
leaf_count=24440 80 420 152 325 140 80 464 212 223 328 108 120 84 456
internal_value=1.18492e-06 0.0217627 0.070991 0.088024 0.060748 -0.0275335 0.0879118 0.047468 0.134194 -0.011798 -0.0431034 0.0493847 -0.119965 -0.0657114
internal_weight=27632 3192 1596 1516 1364 1596 1224 899 435 1516 1188 540 648 540
internal_count=27632 3192 1596 1516 1364 1596 1224 899 435 1516 1188 540 648 540
is_linear=0
shrinkage=0.05


Tree=226
num_leaves=15
num_cat=0
split_feature=13 13 13 4 10 5 6 3 9 14 6 5 12 6
split_gain=668.917 772.438 3016.28 3198.35 2998.24 8428.56 6061.83 7350.25 5074.05 8813.46 10957.3 34720.7 6104.2 5143.04
threshold=19.500000000000004 28.500000000000004 70.500000000000014 4.5000000000000009 130.50000000000003 100.50000000000001 174.50000000000003 2.5000000000000004 102.50000000000001 140.50000000000003 24.500000000000004 104.50000000000001 87.500000000000014 110.50000000000001
decision_type=2 2 2 2 2 2 2 2 2 2 2 2 2 2
left_child=-1 -2 3 -3 6 -6 8 -8 9 -4 -11 -12 13 -10
right_child=1 2 4 -5 5 -7 7 -9 12 10 11 -13 -14 -15
leaf_value=-0.1163432663473172 0.012664289068805762 -0.15188522875239607 0.011523633109598589 0.067418825076686006 -0.51431246050210155 -0.02150898299694249 -0.0044528279229438398 -0.59625951015610201 0.31071440165473801 0.016152559069980105 -1.1253202630676957 -0.024997697097631465 0.040437841776537795 -0.071875340041929289
leaf_weight=118 8866 646 6261 220 83 6264 128 84 388 347 102 218 3796 111
leaf_count=118 8866 646 6261 220 83 6264 128 84 388 347 102 218 3796 111
internal_value=-1.64659e-06 0.000518359 -0.00525815 -0.0961057 -0.000808014 -0.0283532 0.0144866 -0.247278 0.0195392 -0.00693653 -0.179015 -0.387642 0.0622041 0.225741
internal_weight=27632 27514 18648 866 17782 6347 11435 212 11223 6928 667 320 4295 499
internal_count=27632 27514 18648 866 17782 6347 11435 212 11223 6928 667 320 4295 499
is_linear=0
shrinkage=0.05


Tree=227
num_leaves=15
num_cat=0
split_feature=12 0 11 14 3 7 12 9 8 3 11 11 7 6
split_gain=656.218 2818.53 3084.51 3516.22 3172.11 2565.26 2022.31 3925.62 2405.13 3319.56 2707.95 1989.87 3591.98 2685.43
threshold=159.50000000000003 4.5000000000000009 149.50000000000003 100.50000000000001 4.5000000000000009 181.50000000000003 161.50000000000003 167.50000000000003 163.50000000000003 4.5000000000000009 155.50000000000003 170.50000000000003 165.50000000000003 145.50000000000003
decision_type=2 2 2 2 2 2 2 2 2 2 2 2 2 2
left_child=-1 2 -2 -4 -5 6 7 -3 9 10 -8 12 13 -12
right_child=1 5 3 4 -6 -7 8 -9 -10 -11 11 -13 -14 -15
leaf_value=-0.0028072011540028938 -0.22560559002956487 0.36356061365186554 0.30865568460742382 0.084239238590468862 -0.16329831365367464 -0.29297034638769487 -0.23441558930841039 -0.098705272811852152 0.11929363838620316 -0.28454967456644981 0.10493245170839449 -0.092622593575237833 0.32642851425778296 -0.14489258728871071
leaf_weight=24440 80 92 152 1224 140 80 132 84 216 140 252 320 100 180
leaf_count=24440 80 92 152 1224 140 80 132 84 216 140 252 320 100 180
internal_value=-2.11762e-05 0.0212814 0.0681663 0.0843594 0.0583285 -0.0256699 -0.0106476 0.146302 -0.0317291 -0.061151 -0.0280887 0.00505853 0.0641294 0.00037188
internal_weight=27632 3192 1596 1516 1364 1596 1516 176 1340 1124 984 852 532 432
internal_count=27632 3192 1596 1516 1364 1596 1516 176 1340 1124 984 852 532 432
is_linear=0
shrinkage=0.05


Tree=228
num_leaves=15
num_cat=0
split_feature=0 9 5 14 5 8 5 1 8 7 5 5 8 14
split_gain=667.74 2045.68 2132.65 1060.12 3561.06 1810.37 2956.62 2842.2 1770.18 1632.08 1630.51 1428.09 2608.44 1775.99
threshold=1.5000000000000002 183.50000000000003 181.50000000000003 83.500000000000014 97.500000000000014 104.50000000000001 126.50000000000001 17.500000000000004 141.50000000000003 22.500000000000004 84.500000000000014 149.50000000000003 133.50000000000003 132.50000000000003
decision_type=2 2 2 2 2 2 2 2 2 2 2 2 2 2
left_child=1 2 3 8 9 -6 -7 11 10 -5 -1 -8 -13 -14
right_child=-2 -3 -4 4 5 6 7 -9 -10 -11 -12 12 13 -15
leaf_value=-0.00062388553306423438 0.0029168448349074639 -0.25998006438215576 0.23002218191308541 -0.049830536422364062 0.075649595744000306 -0.16122730222186479 -0.22763655546638703 0.17569027433209883 -0.20838140785694123 -0.26823016346588863 0.14022297153860563 0.19825801494328874 0.043998055135071615 -0.17075603686767449
leaf_weight=1041 24178 82 82 142 426 363 85 191 80 221 251 110 174 206
leaf_count=1041 24178 82 82 142 426 363 85 191 80 221 251 110 174 206
internal_value=-2.22229e-05 -0.0205702 -0.0143719 -0.020803 -0.0447623 -0.0116236 -0.0447424 0.0111463 0.0127321 -0.184633 0.0271739 -0.0445543 -0.0108166 -0.0731269
internal_weight=27632 3454 3372 3290 1918 1555 1129 766 1372 363 1292 575 490 380
internal_count=27632 3454 3372 3290 1918 1555 1129 766 1372 363 1292 575 490 380
is_linear=0
shrinkage=0.05


Tree=229
num_leaves=15
num_cat=0
split_feature=12 12 5 10 10 10 14 14 13 7 5 13 5 6
split_gain=664.689 1282.67 2966.28 971.217 1197.84 1153.82 1490.03 1178.81 3031.73 8570.29 6700.72 2845.03 2456.71 1466.17
threshold=179.50000000000003 176.50000000000003 167.50000000000003 190.50000000000003 192.50000000000003 182.50000000000003 153.50000000000003 168.50000000000003 23.500000000000004 23.500000000000004 83.500000000000014 188.50000000000003 104.50000000000001 165.50000000000003
decision_type=2 2 2 2 2 2 2 2 2 2 2 2 2 2
left_child=1 3 -3 5 -5 7 -7 11 9 -9 -10 -1 -11 -12
right_child=-2 2 -4 4 -6 6 -8 8 10 12 13 -13 -14 -15
leaf_value=0.0020223610637966844 0.055697698877326091 -0.30453479734138339 0.073523386870280358 0.24087722102801004 0.0017334490180015564 -0.27126711049013669 -0.0097688815685816957 0.48552436515688896 -0.36432380584003621 -0.26384298361160535 -0.070441089557038844 0.27060835415666756 0.031035243604114294 0.034282493930368217
leaf_weight=24218 520 104 96 88 120 85 139 95 167 83 962 94 354 507
leaf_count=24218 520 104 96 88 120 85 139 95 167 83 962 94 354 507
internal_value=-2.54529e-05 -0.00110428 -0.1257 -0.000155155 0.106189 -0.0010032 -0.112754 -3.67682e-05 -0.0353206 0.0679253 -0.0689991 0.00311625 -0.0273225 -0.0343039
internal_weight=27632 27112 200 26912 208 26704 224 26480 2168 532 1636 24312 437 1469
internal_count=27632 27112 200 26912 208 26704 224 26480 2168 532 1636 24312 437 1469
is_linear=0
shrinkage=0.05


Tree=230
num_leaves=15
num_cat=0
split_feature=14 6 4 13 14 14 4 3 7 11 11 8 10 1
split_gain=671.154 3357.45 11865.7 4305.32 2791.5 8053.81 5719.78 18253.4 15393.7 2647.42 4636.12 2489.41 3225.47 32305.1
threshold=22.500000000000004 167.50000000000003 1.5000000000000002 180.50000000000003 28.500000000000004 42.500000000000007 1.5000000000000002 4.5000000000000009 101.50000000000001 90.500000000000014 71.500000000000014 158.50000000000003 109.50000000000001 2.5000000000000004
decision_type=2 2 2 2 2 2 2 2 2 2 2 2 2 2
left_child=1 3 -3 11 6 -6 7 -2 -9 10 -8 12 -1 -14
right_child=4 2 -4 -5 5 -7 9 8 -10 -11 -12 -13 13 -15
leaf_value=-0.0028261043762086049 -0.013370450760383124 -0.6604959094642916 0.06223944924726077 0.32551966588944198 -0.43933925450380357 -0.00016424600843077943 0.010544381091017255 1.0970174226649971 0.12754477959039598 0.12896657437258174 -0.33954183799400928 0.20917030816376211 -0.97023870305468651 0.0096920650978715855
leaf_weight=5547 322 83 158 91 100 18020 1737 81 81 428 95 120 91 678
leaf_count=5547 322 83 158 91 100 18020 1737 81 81 428 95 120 91 678
internal_value=-2.49842e-05 -0.0137009 -0.195035 -0.00686124 0.00441352 -0.00270848 0.051363 0.206422 0.630613 0.0177734 -0.00848442 -0.0118099 -0.0161705 -0.111787
internal_weight=27632 6768 241 6527 20864 18120 2744 484 162 2260 1832 6436 6316 769
internal_count=27632 6768 241 6527 20864 18120 2744 484 162 2260 1832 6436 6316 769
is_linear=0
shrinkage=0.05


Tree=231
num_leaves=15
num_cat=0
split_feature=1 12 2 8 14 13 7 6 7 5 6 11 13 12
split_gain=656.606 1611.55 1601.45 1426.43 1129.49 1120.75 956.888 6546.47 4643.94 4138.61 6578.03 6634.34 4329.25 2922.63
threshold=21.500000000000004 141.50000000000003 1.0000000180025095e-35 131.50000000000003 120.50000000000001 119.50000000000001 126.50000000000001 157.50000000000003 117.50000000000001 142.50000000000003 122.50000000000001 100.50000000000001 130.50000000000003 100.50000000000001
decision_type=2 2 2 2 2 2 2 2 2 2 2 2 2 2
left_child=6 3 -3 4 5 -2 7 8 -1 10 11 -10 -12 -8
right_child=1 2 -4 -5 -6 -7 13 -9 9 -11 12 -13 -14 -15
leaf_value=-2.404773968252538e-05 -0.020497534575275905 -0.021540030424037709 -0.23849049373416276 0.17497994641561321 -0.17117628177743308 0.11948242820206152 -0.11912706051191431 0.44640479652320642 0.56442874771268936 0.34612343269009749 0.0016955997282392767 0.09012680911298511 -0.4168266127827347 -0.0035283638583705045
leaf_weight=16568 1600 179 159 96 108 152 588 80 80 150 184 581 88 7019
leaf_count=16568 1600 179 159 96 108 152 588 80 80 150 184 581 88 7019
internal_value=-2.78534e-05 -0.0256136 -0.125585 -0.00806208 -0.0179532 -0.0080477 0.00229317 0.00865704 0.00654718 0.106613 0.0664673 0.151337 -0.138788 -0.0125362
internal_weight=27632 2294 338 1956 1860 1752 25338 17731 17651 1083 933 661 272 7607
internal_count=27632 2294 338 1956 1860 1752 25338 17731 17651 1083 933 661 272 7607
is_linear=0
shrinkage=0.05


Tree=232
num_leaves=15
num_cat=0
split_feature=7 8 14 1 9 3 3 6 14 1 4 14 7 5
split_gain=644.461 905.618 6058.81 2715.31 1919.57 3935.42 1094.89 943.415 3908.2 5166.19 4152.33 3247.39 2333.49 7311.06
threshold=19.500000000000004 20.500000000000004 126.50000000000001 1.5000000000000002 20.500000000000004 1.5000000000000002 4.5000000000000009 21.500000000000004 80.500000000000014 9.5000000000000018 4.5000000000000009 120.50000000000001 77.500000000000014 65.500000000000014
decision_type=2 2 2 2 2 2 2 2 2 2 2 2 2 2
left_child=-1 2 3 -2 5 -3 -5 8 -6 10 11 -10 -9 -14
right_child=1 4 -4 6 7 -7 -8 12 9 -11 -12 -13 13 -15
leaf_value=-0.088342914281231241 0.23979098308299271 -0.41132408688494632 0.35622767509661452 -0.15540413354109561 0.0060973340419302833 -0.021245797477148252 -0.0038542364755002273 0.029877241864531112 -0.23502908165720729 0.0019412811429106763 -0.015376662436462596 -0.64580076182589818 -0.34552954553513771 -0.0027434046431311448
leaf_weight=200 100 81 132 139 2121 263 693 6216 134 345 104 80 152 16872
leaf_count=200 100 81 132 139 2121 263 693 6216 134 345 104 80 152 16872
internal_value=-1.96581e-05 0.000640267 0.0457557 0.00011697 -0.00118856 -0.117673 -0.0299504 0.000373505 -0.027105 -0.132573 -0.276279 -0.399827 0.00367037 -0.00590455
internal_weight=27632 27432 1064 932 26368 344 832 26024 2784 663 318 214 23240 17024
internal_count=27632 27432 1064 932 26368 344 832 26024 2784 663 318 214 23240 17024
is_linear=0
shrinkage=0.05


Tree=233
num_leaves=15
num_cat=0
split_feature=14 5 7 1 13 6 10 1 13 10 9 12 3 14
split_gain=639.469 3000.41 12193.6 6249.95 3816.27 3585.43 6119.36 25891.4 8198.87 5607.42 5474.94 4069.46 2497.29 2468.63
threshold=22.500000000000004 163.50000000000003 162.50000000000003 12.500000000000002 180.50000000000003 143.50000000000003 109.50000000000001 2.5000000000000004 134.50000000000003 102.50000000000001 142.50000000000003 103.50000000000001 3.5000000000000004 28.500000000000004
decision_type=2 2 2 2 2 2 2 2 2 2 2 2 2 2
left_child=1 4 -3 -4 5 6 9 -8 10 -1 -9 -11 -7 -2
right_child=13 2 3 -5 -6 12 7 8 -10 11 -12 -13 -14 -15
leaf_value=-0.015401196036694032 0.048453092322533725 -0.66428923446007759 -0.22143930246628174 0.28076323700283679 0.31209460461652405 -0.013170794540683164 -0.92515524340172617 -0.012401415385644545 -0.37026448721258809 0.38382130071867065 0.45364165749777574 -0.02484282724057826 0.25670995194718099 -0.0023954040926866885
leaf_weight=5261 2744 83 122 116 88 146 91 215 111 151 84 99 201 18120
leaf_count=5261 2744 83 122 116 88 146 91 215 111 151 84 99 201 18120
internal_value=-3.03506e-05 -0.0133795 -0.161374 0.0240723 -0.00589147 -0.0105337 -0.0195995 -0.186007 -0.0127829 -0.00431658 0.123835 0.224676 0.144584 0.00430212
internal_weight=27632 6768 321 238 6447 6359 6012 501 410 5511 299 250 347 20864
internal_count=27632 6768 321 238 6447 6359 6012 501 410 5511 299 250 347 20864
is_linear=0
shrinkage=0.05


Tree=234
num_leaves=15
num_cat=0
split_feature=5 7 12 6 5 5 1 9 14 5 10 12 1 11
split_gain=644.651 664.327 4462.51 4440.18 4428.76 2801.46 5107.8 5731.84 3612.24 5037.91 3405.55 3807.27 3186.75 3399.48
threshold=198.50000000000003 133.50000000000003 23.500000000000004 143.50000000000003 161.50000000000003 151.50000000000003 17.500000000000004 159.50000000000003 129.50000000000003 139.50000000000003 142.50000000000003 132.50000000000003 19.500000000000004 160.50000000000003
decision_type=2 2 2 2 2 2 2 2 2 2 2 2 2 2
left_child=1 3 -3 -1 -5 8 -7 12 10 -10 -4 -12 13 -8
right_child=-2 2 5 4 -6 6 7 -9 9 -11 11 -13 -14 -15
leaf_value=0.00035021534624897808 0.13745118819615421 -0.37347074763301547 0.15212305191316272 0.23511643399649654 -0.080988898614694368 -0.010450308588962974 0.66370112260739356 0.018095187184326681 -0.44737674917598236 -0.089902147419957668 -0.23122090732335654 0.0080891804474540283 0.09830229474701048 0.20296072273791493
leaf_weight=19616 80 80 249 384 152 4851 82 447 117 535 223 612 118 86
leaf_count=19616 80 80 249 384 152 4851 82 447 117 535 223 612 118 86
internal_value=-3.34816e-05 -0.000457549 -0.0132647 0.00424749 0.145555 -0.00907581 0.00818303 0.130734 -0.0644545 -0.156967 -0.00834535 -0.0568183 0.303445 0.440528
internal_weight=27632 27552 7400 20152 536 7320 5584 733 1736 652 1084 835 286 168
internal_count=27632 27552 7400 20152 536 7320 5584 733 1736 652 1084 835 286 168
is_linear=0
shrinkage=0.05


Tree=235
num_leaves=15
num_cat=0
split_feature=1 13 5 14 6 1 11 11 6 13 14 9 14 12
split_gain=623.633 4344.76 5162.07 3467.92 1821.16 1801.54 6080.97 9558.31 10335.8 8174.12 7484.21 5705.56 4936.3 4055.62
threshold=19.500000000000004 129.50000000000003 116.50000000000001 134.50000000000003 168.50000000000003 17.500000000000004 162.50000000000003 151.50000000000003 140.50000000000003 155.50000000000003 134.50000000000003 141.50000000000003 133.50000000000003 159.50000000000003
decision_type=2 2 2 2 2 2 2 2 2 2 2 2 2 2
left_child=5 3 -3 4 -2 -1 7 8 11 13 -10 -7 -8 -9
right_child=1 2 -4 -5 -6 6 12 9 10 -11 -12 -13 -14 -15
leaf_value=-0.0013383221695490886 -0.0010067408257104743 0.05524972146302462 -0.36289124140107543 -0.25715205154456344 0.21710864197918955 0.016785352889153751 0.46356072267444115 -0.24232014418970904 0.57799917026620962 -0.6554862864914982 0.11812730472967295 -0.33800475991689244 0.10680475429409619 0.15776814747163481
leaf_weight=20730 4077 120 182 126 93 880 122 164 128 82 275 125 431 97
leaf_count=20730 4077 120 182 126 93 880 122 164 128 82 275 125 431 97
internal_value=-2.92495e-05 -0.0168312 -0.198549 -0.00384092 0.00411189 0.00332766 0.0452213 -0.000582635 0.0572286 -0.235308 0.269484 -0.0287976 0.188959 -0.0934577
internal_weight=27632 4598 302 4296 4170 23034 2304 1751 1408 343 403 1005 553 261
internal_count=27632 4598 302 4296 4170 23034 2304 1751 1408 343 403 1005 553 261
is_linear=0
shrinkage=0.05


Tree=236
num_leaves=15
num_cat=0
split_feature=13 10 9 1 1 6 5 8 7 5 14 1 3 4
split_gain=620.538 712.374 3923.32 19493.7 23148.9 4179.91 2794.8 2616.75 3669.97 4078.93 3708.36 13804.3 3038.39 11201
threshold=19.500000000000004 23.500000000000004 24.500000000000004 11.500000000000002 3.5000000000000004 66.500000000000014 21.500000000000004 22.500000000000004 24.500000000000004 21.500000000000004 144.50000000000003 10.500000000000002 4.5000000000000009 1.5000000000000002
decision_type=2 2 2 2 2 2 2 2 2 2 2 2 2 2
left_child=-1 2 5 4 -4 7 -5 8 10 -10 12 -12 -2 -14
right_child=1 -3 3 6 -6 -7 -8 -9 9 -11 11 -13 13 -15
leaf_value=-0.11208464398949854 -0.031875253200340785 -0.0044048119273986898 0.04193051642021247 -0.0075910728812034339 1.1364299130033364 0.28186414194874526 -0.34661914281547074 -0.055282590803222377 0.01676927632588724 -0.30547963511198761 0.73132447026584346 0.0036482768819034806 0.48195986979074412 0.026264366824808316
leaf_weight=118 1872 20122 108 188 83 128 85 1677 215 175 82 260 138 2381
leaf_count=118 1872 20122 108 188 83 128 85 1677 215 175 82 260 138 2381
internal_value=-2.90968e-05 0.000471756 0.0137404 0.153695 0.534408 0.00426291 -0.117485 -0.00116579 0.0165858 -0.129866 0.0287778 0.186144 0.0163233 0.0521343
internal_weight=27632 27514 7392 464 191 6928 273 6800 5123 390 4733 342 4391 2519
internal_count=27632 27514 7392 464 191 6928 273 6800 5123 390 4733 342 4391 2519
is_linear=0
shrinkage=0.05


Tree=237
num_leaves=15
num_cat=0
split_feature=12 12 8 7 0 6 6 6 6 8 0 13 0 4
split_gain=620.241 1133.62 2895.85 921.213 1341.61 1142.32 4801.83 2291.18 3207.36 2224.89 4464.96 2969.1 1830.83 1759.08
threshold=179.50000000000003 176.50000000000003 151.50000000000003 190.50000000000003 4.5000000000000009 179.50000000000003 180.50000000000003 176.50000000000003 174.50000000000003 150.50000000000003 4.5000000000000009 105.50000000000001 5.5000000000000009 1.5000000000000002
decision_type=2 2 2 2 2 2 2 2 2 2 2 2 2 2
left_child=1 3 -3 5 -5 7 -7 8 13 10 -9 -11 -8 -1
right_child=-2 2 -4 4 -6 6 12 9 -10 11 -12 -13 -14 -15
leaf_value=0.029698906110686204 0.053816945511847736 0.11084720812902293 -0.2692009133934975 0.2501958398022846 -0.026953752305400508 -0.38369707263047154 -0.079817825286038993 0.20654905455953934 -0.26271992340429218 -0.029771399323362858 -0.30623345642734101 0.26917561281919483 0.12460679412311451 -0.0060610738667189155
leaf_weight=4090 520 80 120 84 84 96 285 80 112 123 80 245 171 21462
leaf_count=4090 520 80 120 84 84 96 285 80 112 123 80 245 171 21462
internal_value=-1.08453e-05 -0.00105298 -0.118186 -0.000160699 0.114847 -0.000904485 -0.071759 0.000602195 -0.00152847 0.103208 -0.0513526 0.170196 -0.00263855 -0.000332435
internal_weight=27632 27112 200 26912 168 26744 552 26192 25664 528 160 368 456 25552
internal_count=27632 27112 200 26912 168 26744 552 26192 25664 528 160 368 456 25552
is_linear=0
shrinkage=0.05


Tree=238
num_leaves=15
num_cat=0
split_feature=0 9 5 10 3 9 8 3 8 5 14 14 5 1
split_gain=604.347 1827.77 2002.16 1416.31 1699.01 1094.71 1826.63 1686.06 1420.49 1335.47 2020.02 1930.01 1131.61 1139.32
threshold=1.5000000000000002 183.50000000000003 173.50000000000003 168.50000000000003 2.5000000000000004 152.50000000000003 156.50000000000003 3.5000000000000004 119.50000000000001 114.50000000000001 72.500000000000014 145.50000000000003 23.500000000000004 13.500000000000002
decision_type=2 2 2 2 2 2 2 2 2 2 2 2 2 2
left_child=1 2 3 5 -5 7 -7 9 12 10 -1 -11 13 -9
right_child=-2 -3 -4 4 -6 6 -8 8 -10 11 -12 -13 -14 -15
leaf_value=-0.0070373803513570574 0.0027828833796175621 -0.2458610555050017 0.1350945986877635 -0.026480766794373913 -0.31843389038039355 0.13979487786439143 -0.09838984949924684 -0.084334943714655108 -0.16521828650843864 0.090606612079092444 -0.16123949688879904 -0.13034130853329656 0.081098752740086613 0.047491423257494524
leaf_weight=350 24178 82 207 119 82 252 113 310 97 259 537 153 556 337
leaf_count=350 24178 82 207 119 82 252 113 310 97 259 537 153 556 337
internal_value=-1.31937e-05 -0.0195615 -0.0137025 -0.0236319 -0.150424 -0.0147948 0.0657224 -0.0262071 0.0140388 -0.0663833 -0.100774 0.00797654 0.0291167 -0.0158335
internal_weight=27632 3454 3372 3165 201 2964 365 2599 1300 1299 887 412 1203 647
internal_count=27632 3454 3372 3165 201 2964 365 2599 1300 1299 887 412 1203 647
is_linear=0
shrinkage=0.05


Tree=239
num_leaves=15
num_cat=0
split_feature=10 10 14 6 8 12 14 4 8 13 7 3 5 6
split_gain=614.83 1395.82 1547.95 1225.41 1380.75 2048.67 1235.14 5142.2 8272.36 2510.83 1095.2 13549.5 3533.19 3381
threshold=190.50000000000003 182.50000000000003 153.50000000000003 191.50000000000003 178.50000000000003 135.50000000000003 182.50000000000003 2.5000000000000004 112.50000000000001 24.500000000000004 176.50000000000003 4.5000000000000009 170.50000000000003 176.50000000000003
decision_type=2 2 2 2 2 2 2 2 2 2 2 2 2 2
left_child=1 3 -3 4 6 -6 10 8 -8 -9 13 12 -12 -1
right_child=-2 2 -4 -5 5 -7 7 9 -10 -11 11 -13 -14 -15
leaf_value=-0.001256212218449718 0.071050818693635373 -0.25382213178172447 -0.013206408334718573 0.12721083685558626 -0.031503292773255052 0.24369671205256849 -0.63865298851039909 0.26012678045906051 -0.0035617926759788626 -0.056956743549671951 0.27571982148533258 -0.62518825681637169 -0.037389934924490394 0.13044057012961005
leaf_weight=25077 296 109 163 184 128 136 82 98 125 155 112 87 388 492
leaf_count=25077 296 109 163 184 128 136 82 98 125 155 112 87 388 492
internal_value=-1.92321e-05 -0.000801646 -0.112471 0.000341224 -0.000550726 0.112161 -0.00168955 -0.0824642 -0.264273 0.0685271 -0.000253496 -0.0674871 0.0347821 0.00130291
internal_weight=27632 27336 272 27064 26880 264 26616 460 207 253 26156 587 500 25569
internal_count=27632 27336 272 27064 26880 264 26616 460 207 253 26156 587 500 25569
is_linear=0
shrinkage=0.05


Tree=240
num_leaves=15
num_cat=0
split_feature=14 6 4 13 5 10 12 11 11 5 8 14 14 4
split_gain=597.332 3064.58 10538.7 3519.33 2293.29 19703.4 6398.65 5778.68 5537.66 3113.67 2890.11 2178.24 7335.48 4976.54
threshold=22.500000000000004 167.50000000000003 1.5000000000000002 180.50000000000003 84.500000000000014 109.50000000000001 70.500000000000014 105.50000000000001 88.500000000000014 98.500000000000014 108.50000000000001 28.500000000000004 42.500000000000007 1.5000000000000002
decision_type=2 2 2 2 2 2 2 2 2 2 2 2 2 2
left_child=1 3 -3 4 5 7 -6 -1 -8 -10 -11 13 -13 -2
right_child=11 2 -4 -5 6 -7 8 -9 9 10 -12 12 -14 -15
leaf_value=-0.019545047232155111 0.19026889337011535 -0.62482079541395341 0.056358361127643503 0.29412267298127215 0.41178372072072716 -0.65625790077731139 -0.30603172808331403 0.30852723120192094 0.28541123186945916 -0.1005277070205477 0.08302287067451905 -0.41883171894011045 0.00030070202996106317 0.014311054199585147
leaf_weight=4907 484 83 158 91 106 116 116 133 120 323 615 100 18020 2260
leaf_count=4907 484 83 158 91 106 116 116 133 120 323 615 100 18020 2260
internal_value=-2.32753e-05 -0.0129252 -0.18617 -0.00639074 -0.0108648 -0.0257384 0.0489149 -0.0105904 0.0145442 0.0509666 0.0196194 0.00416402 -0.00212729 0.045637
internal_weight=27632 6768 241 6527 6436 5156 1280 5040 1174 1058 938 20864 18120 2744
internal_count=27632 6768 241 6527 6436 5156 1280 5040 1174 1058 938 20864 18120 2744
is_linear=0
shrinkage=0.05


Tree=241
num_leaves=15
num_cat=0
split_feature=13 12 14 5 11 8 8 11 11 14 3 5 12 8
split_gain=605.351 2746.12 8961.04 5579.75 3291.13 3894.24 5374.94 5421.93 4277.54 3578.45 16324.9 22581.6 11468.8 3136.33
threshold=28.500000000000004 136.50000000000003 63.500000000000007 146.50000000000003 120.50000000000001 113.50000000000001 101.50000000000001 85.500000000000014 111.50000000000001 144.50000000000003 4.5000000000000009 96.500000000000014 21.500000000000004 96.500000000000014
decision_type=2 2 2 2 2 2 2 2 2 2 2 2 2 2
left_child=1 4 3 -3 5 6 9 -8 -9 13 11 -11 -12 -1
right_child=-2 2 -4 -5 -6 -7 7 8 -10 10 12 -13 -14 -15
leaf_value=-0.012666781324058211 -0.0051630008934358193 0.69427255573079871 0.027052843868133614 0.13946354020079341 -0.11552056504710316 0.10725324124279825 -0.51309588882658219 0.011104732000483918 -0.33365089110434054 1.062535984994291 -0.47740208240233611 -0.0063306506492395321 0.1806626052823754 0.19246676587835723
leaf_weight=4711 18648 80 1488 104 588 847 85 320 120 86 116 108 142 189
leaf_count=4711 18648 80 1488 104 588 847 85 320 120 86 116 108 142 189
internal_value=-2.6471e-05 0.0106323 0.0683391 0.39267 -0.00260089 0.0073522 -0.00712458 -0.159011 -0.085612 0.00790912 0.141722 0.482288 -0.118663 -0.00456636
internal_weight=27632 8984 1672 184 7312 6724 5877 525 440 5352 452 194 258 4900
internal_count=27632 8984 1672 184 7312 6724 5877 525 440 5352 452 194 258 4900
is_linear=0
shrinkage=0.05


Tree=242
num_leaves=15
num_cat=0
split_feature=14 6 10 13 5 11 5 0 9 9 4 7 7 12
split_gain=598.541 3023.15 3727.59 9067.51 8150.06 15306.9 6880.38 6749.04 4520.36 4924.79 3171.66 2942.16 4403.54 2634.53
threshold=156.50000000000003 165.50000000000003 23.500000000000004 22.500000000000004 103.50000000000001 72.500000000000014 83.500000000000014 5.5000000000000009 118.50000000000001 170.50000000000003 3.5000000000000004 124.50000000000001 108.50000000000001 104.50000000000001
decision_type=2 2 2 2 2 2 2 2 2 2 2 2 2 2
left_child=-1 2 3 7 5 6 -4 -2 11 -10 -5 12 13 -6
right_child=1 -3 4 10 8 -7 -8 -9 9 -11 -12 -13 -14 -15
leaf_value=0.0033472883184959079 0.035800704070050079 0.036555094696623186 -0.37151191285703078 -0.22287665689771213 0.18473975528464762 -0.87722828381363005 0.25762500763786111 0.62985563983974779 -0.13652410378407517 0.050698094799900575 0.10019150336081062 -0.086184238719662243 0.29871768273592914 -0.18053907466859653
leaf_weight=22858 92 1732 81 178 81 82 83 96 1210 491 126 188 223 111
leaf_count=22858 92 1732 81 178 81 82 83 96 1210 491 126 188 223 111
internal_value=-1.65451e-05 -0.0161093 -0.0461052 0.0793295 -0.0704146 -0.341027 -0.0549055 0.347607 -0.0408451 -0.0824915 -0.0895189 0.0763473 0.150126 -0.0256595
internal_weight=27632 4774 3042 492 2550 246 164 188 2304 1701 304 603 415 192
internal_count=27632 4774 3042 492 2550 246 164 188 2304 1701 304 603 415 192
is_linear=0
shrinkage=0.05


Tree=243
num_leaves=15
num_cat=0
split_feature=1 12 3 7 14 1 1 13 3 9 1 11 11 6
split_gain=590.879 1500.96 1498.74 1247.72 1418.86 878.512 1772.56 5152.89 2553.48 2096.3 1706.47 5478.51 8642 9174.19
threshold=21.500000000000004 141.50000000000003 3.5000000000000004 130.50000000000003 121.50000000000001 20.500000000000004 19.500000000000004 130.50000000000003 4.5000000000000009 24.500000000000004 17.500000000000004 162.50000000000003 151.50000000000003 140.50000000000003
decision_type=2 2 2 2 2 2 2 2 2 2 2 2 2 2
left_child=5 3 -3 4 -2 6 10 8 -8 -10 -1 12 13 -12
right_child=1 2 -4 -5 -6 -7 7 -9 9 -11 11 -13 -14 -15
leaf_value=-0.0013610455315389116 -0.0073042924700299529 -0.047818423065693443 -0.27312009357889611 0.14424726204785307 -0.20193077048117464 0.044746357433298981 0.033974965796214708 -0.33261961066564982 -0.056395906729168013 -0.34656555071986955 -0.025612770048584466 0.18038504551562037 -0.2227188524062178 0.25541301789047544
leaf_weight=20730 1740 233 105 122 94 1152 696 146 228 82 1005 553 343 403
leaf_count=20730 1740 233 105 122 94 1152 696 146 228 82 1005 553 343 403
internal_value=-1.82264e-05 -0.0242896 -0.12077 -0.00735224 -0.0178016 0.00218356 0.00014743 -0.0602425 -0.0192631 -0.137433 0.00318013 0.0439534 0.000474631 0.055442
internal_weight=27632 2294 338 1956 1834 25338 24186 1152 1006 310 23034 2304 1751 1408
internal_count=27632 2294 338 1956 1834 25338 24186 1152 1006 310 23034 2304 1751 1408
is_linear=0
shrinkage=0.05


Tree=244
num_leaves=15
num_cat=0
split_feature=7 5 12 12 9 10 14 10 5 14 14 6 13 13
split_gain=620.036 4423.78 3325.15 3900.54 3044.73 7014.01 6674.07 4133.94 5552.11 5792.54 5416.78 7863.45 5426.89 4104.71
threshold=144.50000000000003 144.50000000000003 142.50000000000003 167.50000000000003 151.50000000000003 162.50000000000003 110.50000000000001 130.50000000000003 142.50000000000003 167.50000000000003 135.50000000000003 107.50000000000001 130.50000000000003 24.500000000000004
decision_type=2 2 2 2 2 2 2 2 2 2 2 2 2 2
left_child=4 2 -2 -4 7 6 -6 8 -1 -10 11 -9 -12 -7
right_child=1 -3 3 -5 5 13 -8 10 9 -11 12 -13 -14 -15
leaf_value=0.0017098329429376881 -0.28112933409911961 -0.00060761783402386979 0.056014868608850743 -0.33412477124263262 0.50404423231647077 0.16411727667861695 0.098490954358287419 -0.39949808937981146 0.40067176401531435 -0.043894048861693596 -0.53579793721437452 0.014431386201714094 -0.10401654631347007 -0.05207977079402875
leaf_weight=17640 248 6048 256 80 149 291 307 124 173 123 112 1035 201 845
leaf_count=17640 248 6048 256 80 149 291 307 124 173 123 112 1035 201 845
internal_value=-2.50642e-05 -0.013347 -0.144154 -0.0404127 0.00418432 0.0705466 0.235037 -0.00127601 0.00534369 0.218276 -0.0816807 -0.0313803 -0.264515 0.00377818
internal_weight=27632 6632 584 336 21000 1592 456 19408 17936 296 1472 1159 313 1136
internal_count=27632 6632 584 336 21000 1592 456 19408 17936 296 1472 1159 313 1136
is_linear=0
shrinkage=0.05


Tree=245
num_leaves=15
num_cat=0
split_feature=6 5 10 9 10 7 14 14 8 5 3 14 11 6
split_gain=602.863 4578 20460.9 4265.33 8843.22 7962.32 9038.18 6955.97 4178.58 3850.92 5400.94 5179.49 3162.07 3161.35
threshold=96.500000000000014 77.500000000000014 108.50000000000001 100.50000000000001 100.50000000000001 83.500000000000014 71.500000000000014 91.500000000000014 80.500000000000014 102.50000000000001 4.5000000000000009 147.50000000000003 25.500000000000004 63.500000000000007
decision_type=2 2 2 2 2 2 2 2 2 2 2 2 2 2
left_child=3 2 -2 5 7 13 -7 -5 -6 10 -10 -11 -3 -1
right_child=1 12 -4 4 8 6 -8 -9 9 11 -12 -13 -14 -15
leaf_value=-0.0035973189544686612 0.27656961935321972 -0.29416625632714205 -0.77553470605002939 0.67762846848339719 0.3040716377422214 0.054922813343265181 -0.56426781888373878 0.13186955417500063 -0.35502858015762012 0.25662430780694673 0.073170099888287529 -0.033204950355909084 -0.0017522630630409386 0.10212616868901488
leaf_weight=9336 88 88 88 98 120 105 127 142 152 223 136 473 15696 760
leaf_count=9336 88 88 88 98 120 105 127 142 152 223 136 473 15696 760
internal_value=-2.84399e-05 -0.00634347 -0.256374 0.00860559 0.0922204 -0.00231471 -0.288784 0.364002 0.0317627 -0.00281509 -0.155026 0.0608251 -0.00347519 0.00440788
internal_weight=27632 15960 176 11672 1344 10328 232 240 1104 984 288 696 15784 10096
internal_count=27632 15960 176 11672 1344 10328 232 240 1104 984 288 696 15784 10096
is_linear=0
shrinkage=0.05


Tree=246
num_leaves=15
num_cat=0
split_feature=2 7 14 13 14 13 7 13 7 1 13 8 14 2
split_gain=593.963 1474.03 1986.03 2678.32 1733.93 2247.08 2526.5 1665.2 1879.65 1445.04 4789.73 1777.32 1413.35 1391.04
threshold=1.0000000180025095e-35 117.50000000000001 164.50000000000003 23.500000000000004 130.50000000000003 160.50000000000003 94.500000000000014 107.50000000000001 126.50000000000001 1.5000000000000002 73.500000000000014 22.500000000000004 121.50000000000001 1.5000000000000002
decision_type=2 2 2 2 2 2 2 2 2 2 2 2 2 2
left_child=1 2 4 -4 9 6 -6 12 -9 10 11 -1 -3 -2
right_child=13 7 3 -5 5 -7 -8 8 -10 -11 -12 -13 -14 -15
leaf_value=0.00058113448254656626 -0.022572178699865435 0.17799561255627178 0.30480471880696086 0.0086239974173876622 -0.074788600700227789 0.063524882818839348 -0.38904513119920797 0.15045788609044117 -0.0062006675932008946 0.0083507420582827983 0.20145004214549608 -0.25042263684072058 0.042055552660550846 0.0048994549936234042
leaf_weight=99 6908 351 113 217 180 124 97 217 1390 3353 105 240 422 13816
leaf_count=99 6908 351 113 217 180 124 97 217 1390 3353 105 240 422 13816
internal_value=-2.838e-05 0.0126634 -0.00408871 0.113079 -0.0134227 -0.111635 -0.189782 0.0444763 0.0153547 -0.00291736 -0.0871572 -0.178178 0.10453 -0.00426099
internal_weight=27632 6908 4528 330 4198 401 277 2380 1607 3797 444 339 773 20724
internal_count=27632 6908 4528 330 4198 401 277 2380 1607 3797 444 339 773 20724
is_linear=0
shrinkage=0.05


Tree=247
num_leaves=15
num_cat=0
split_feature=14 6 10 13 5 11 5 0 9 9 4 7 7 12
split_gain=585.872 2777.37 3339.46 8054.61 7448.6 13706.5 6165.79 6097.97 3947.35 4404.78 2873.45 2680.38 3871.13 2389.23
threshold=156.50000000000003 165.50000000000003 23.500000000000004 22.500000000000004 103.50000000000001 72.500000000000014 83.500000000000014 5.5000000000000009 118.50000000000001 170.50000000000003 3.5000000000000004 124.50000000000001 108.50000000000001 104.50000000000001
decision_type=2 2 2 2 2 2 2 2 2 2 2 2 2 2
left_child=-1 2 3 7 5 6 -4 -2 11 -10 -5 12 13 -6
right_child=1 -3 4 10 8 -7 -8 -9 9 -11 -12 -13 -14 -15
leaf_value=0.0033030711047668457 0.030693866067671594 0.034532462157167709 -0.35517262064440308 -0.21203047653833212 0.17606516435395841 -0.83382210084076602 0.2404337491670793 0.59516620385912389 -0.12945108265581506 0.047613211235805086 0.095472781557788836 -0.085004004219382853 0.27983552184213245 -0.17179189246019413
leaf_weight=22858 92 1732 81 178 81 82 83 96 1210 491 126 188 223 111
leaf_count=22858 92 1732 81 178 81 82 83 96 1210 491 126 188 223 111
internal_value=-2.49734e-05 -0.0159465 -0.0446968 0.0740331 -0.0677048 -0.326411 -0.0555425 0.326886 -0.0394354 -0.0783511 -0.0850959 0.070083 0.140515 -0.0242957
internal_weight=27632 4774 3042 492 2550 246 164 188 2304 1701 304 603 415 192
internal_count=27632 4774 3042 492 2550 246 164 188 2304 1701 304 603 415 192
is_linear=0
shrinkage=0.05


Tree=248
num_leaves=15
num_cat=0
split_feature=14 10 7 13 1 9 10 1 3 10 7 5 6 5
split_gain=594.791 2803.89 5770.87 3351.38 5277.28 3535.26 7092 19847.1 6195.47 5315.94 5112.38 3982.32 2741.36 2554.75
threshold=22.500000000000004 167.50000000000003 162.50000000000003 172.50000000000003 9.5000000000000018 149.50000000000003 109.50000000000001 2.5000000000000004 3.5000000000000004 103.50000000000001 110.50000000000001 105.50000000000001 106.50000000000001 63.500000000000007
decision_type=2 2 2 2 2 2 2 2 2 2 2 2 2 2
left_child=1 3 -3 5 -5 6 9 -8 -7 10 11 -1 -9 -11
right_child=-2 2 -4 4 -6 8 7 12 -10 13 -12 -13 -14 -15
leaf_value=-0.016935504820368468 0.0041520828019645612 -0.50272694648751481 0.010846728972790626 0.46384789498228773 0.016898949633064292 -0.076974653780667326 -0.85386200662081446 -0.25403209131743226 0.33305537689170017 0.0035319497655419748 -0.32067209458943924 0.324266421148318 0.061892354407388231 0.35659899746777712
leaf_weight=5031 20864 83 144 90 218 175 91 93 186 80 132 82 225 138
leaf_count=5031 20864 83 144 90 218 175 91 93 186 80 132 82 225 138
internal_value=-2.62953e-05 -0.0129007 -0.183723 -0.00683665 0.152824 -0.0148424 -0.0242207 -0.223746 0.135951 -0.00909185 -0.0192396 -0.011152 -0.0330028 0.230017
internal_weight=27632 6768 227 6541 308 6233 5872 409 361 5463 5245 5113 318 218
internal_count=27632 6768 227 6541 308 6233 5872 409 361 5463 5245 5113 318 218
is_linear=0
shrinkage=0.05


Tree=249
num_leaves=15
num_cat=0
split_feature=6 5 10 9 10 7 14 14 8 5 3 14 8 0
split_gain=588.092 4071.93 18432.4 4022.61 7819.31 7210.14 8261.25 6348.31 3830.91 3376.89 4860.44 4657.05 2799.41 7521.96
threshold=96.500000000000014 77.500000000000014 108.50000000000001 100.50000000000001 100.50000000000001 84.500000000000014 95.500000000000014 82.500000000000014 80.500000000000014 102.50000000000001 4.5000000000000009 147.50000000000003 105.50000000000001 4.5000000000000009
decision_type=2 2 2 2 2 2 2 2 2 2 2 2 2 2
left_child=3 2 -2 5 7 -1 -7 -5 -6 10 -10 -11 13 -3
right_child=1 12 -4 4 8 6 -8 -9 9 11 -12 -13 -14 -15
leaf_value=0.0035927422286984516 0.26371370191856097 0.029032119601651991 -0.73484498010447596 0.64739980887548598 0.29356868600249292 0.00044644089099371212 -0.66223891277331859 0.12538008587686597 -0.33258709918921164 0.24495502911802186 0.073520651620198441 -0.029879789900767256 0.0085781185160499502 -0.10906341263793198
leaf_weight=10144 88 1968 88 97 120 101 83 143 152 223 136 473 11848 1968
leaf_count=10144 88 1968 88 97 120 101 83 143 152 223 136 473 11848 1968
internal_value=-2.90519e-05 -0.00626624 -0.242073 0.00849855 0.0896995 -0.00210655 -0.308094 0.34527 0.0328346 -0.000285698 -0.142832 0.059297 -0.00356104 -0.0400664
internal_weight=27632 15960 176 11672 1344 10328 184 240 1104 984 288 696 15784 3936
internal_count=27632 15960 176 11672 1344 10328 184 240 1104 984 288 696 15784 3936
is_linear=0
shrinkage=0.05


Tree=250
num_leaves=15
num_cat=0
split_feature=7 5 0 6 6 5 9 0 6 7 10 10 8 7
split_gain=628.078 3650.51 3777.62 3744.11 3737.04 3563.87 3613.21 7502.38 3064.72 2839.38 6336.84 4985.41 4828.29 11040.4
threshold=133.50000000000003 126.50000000000001 4.5000000000000009 129.50000000000003 125.50000000000001 117.50000000000001 152.50000000000003 4.5000000000000009 122.50000000000001 112.50000000000001 99.500000000000014 135.50000000000003 114.50000000000001 110.50000000000001
decision_type=2 2 2 2 2 2 2 2 2 2 2 2 2 2
left_child=1 3 8 4 5 6 9 -8 -3 11 -11 12 13 -1
right_child=-2 2 -4 -5 -6 -7 7 -9 -10 10 -12 -13 -14 -15
leaf_value=-0.0016799480141076681 -0.012397479116282866 0.31085411201556479 -0.00015788378795145681 -0.30585516981116617 0.21169044887329022 -0.095667749996677764 -0.1035887099551351 0.55004938218868182 0.092658854793133807 0.40370401995182043 0.033885086195549217 -0.27379775100166914 0.21630353475616754 -0.32979887303864136
leaf_weight=14448 7480 204 940 96 200 976 84 84 736 120 1600 168 240 256
leaf_count=14448 7480 204 940 96 200 976 84 84 736 120 1600 168 240 256
internal_value=-2.92136e-05 0.00456356 0.0708114 -0.00227016 -0.000583048 -0.003003 0.00234361 0.229682 0.141406 7.01588e-06 0.0607818 -0.00692799 -0.00383728 -0.00750274
internal_weight=27632 20152 1880 18272 18176 17976 17000 168 940 16832 1720 15112 14944 14704
internal_count=27632 20152 1880 18272 18176 17976 17000 168 940 16832 1720 15112 14944 14704
is_linear=0
shrinkage=0.05


Tree=251
num_leaves=15
num_cat=0
split_feature=14 6 5 13 8 10 1 10 13 1 12 13 12 9
split_gain=575.259 2777.44 10574.4 2949.63 2047.66 2525.43 21892.5 4780.31 3546.62 2997.55 2965.92 2547.88 2387.25 4362.47
threshold=22.500000000000004 167.50000000000003 173.50000000000003 180.50000000000003 158.50000000000003 109.50000000000001 2.5000000000000004 102.50000000000001 157.50000000000003 16.500000000000004 103.50000000000001 66.500000000000014 103.50000000000001 97.500000000000014
decision_type=2 2 2 2 2 2 2 2 2 2 2 2 2 2
left_child=1 3 -3 4 5 7 -7 12 9 11 -9 -8 13 -1
right_child=-2 2 -4 -5 -6 6 8 10 -10 -11 -12 -13 -14 -15
leaf_value=-0.011372356847758142 0.0040877446956230443 -0.52239966030176888 0.1300614269207051 0.26865665875181244 0.18985905497074129 -0.8058053283020854 0.42304177533396903 0.33578561473717322 -0.22570485816863567 -0.025317179167840057 -0.0062610173873879297 0.048774268492212836 0.1808828937288906 -0.30047278780934972
leaf_weight=5007 20864 112 129 91 120 91 80 159 133 364 103 101 149 129
leaf_count=5007 20864 112 129 91 120 91 80 159 133 364 103 101 149 129
internal_value=-2.1455e-05 -0.0126827 -0.177612 -0.00646166 -0.0105572 -0.0145121 -0.0991189 -0.00270407 0.000936038 0.0577938 0.203718 0.221122 -0.0131202 -0.0189188
internal_weight=27632 6768 241 6527 6436 6316 769 5547 678 545 262 181 5285 5136
internal_count=27632 6768 241 6527 6436 6316 769 5547 678 545 262 181 5285 5136
is_linear=0
shrinkage=0.05


Tree=252
num_leaves=15
num_cat=0
split_feature=7 6 11 11 10 9 14 5 10 14 8 5 7 10
split_gain=574.178 3504.26 2632.5 4697.93 3493.98 4587.24 4881.29 3417.96 2918.66 4175.87 4064.82 9541.12 4136.69 7942.55
threshold=133.50000000000003 157.50000000000003 162.50000000000003 164.50000000000003 162.50000000000003 152.50000000000003 116.50000000000001 150.50000000000003 130.50000000000003 26.500000000000004 113.50000000000001 80.500000000000014 120.50000000000001 105.50000000000001
decision_type=2 2 2 2 2 2 2 2 2 2 2 2 2 2
left_child=1 2 4 -4 5 8 -7 -6 10 -10 -1 -12 -13 -14
right_child=-2 -3 3 -5 7 6 -8 -9 9 -11 11 12 13 -15
leaf_value=-0.0028663117292540901 -0.011848902150638789 0.28710224193375594 0.42832283491909662 0.047147592817165629 -0.045295474110302374 0.52859799274626906 -0.0025225139914020417 -0.39224797350551011 -0.39898481434012983 -0.049571872657421523 -0.43403573251822414 0.17650163251964843 -0.39823497347810338 0.090576355403829328
leaf_weight=16232 7480 104 88 632 208 80 88 104 89 975 80 912 96 464
leaf_count=16232 7480 104 88 632 208 80 88 104 89 975 80 912 96 464
internal_value=-2.32424e-05 0.00436804 0.00283013 0.0963683 -0.000678348 0.00206553 0.25836 -0.165309 -0.000286839 -0.0805285 0.00453523 0.0817068 0.111111 0.00399748
internal_weight=27632 20152 20048 720 19328 19016 168 312 18848 1064 17784 1552 1472 560
internal_count=27632 20152 20048 720 19328 19016 168 312 18848 1064 17784 1552 1472 560
is_linear=0
shrinkage=0.05


Tree=253
num_leaves=15
num_cat=0
split_feature=14 6 6 3 13 12 5 9 12 9 9 7 8 5
split_gain=568.859 2598.73 3245.77 9838.89 17228.3 9672.17 8072.81 9881.82 7402.92 3339.35 3863.59 2253.25 4921.01 1984.83
threshold=156.50000000000003 165.50000000000003 27.500000000000004 3.5000000000000004 162.50000000000003 21.500000000000004 103.50000000000001 100.50000000000001 23.500000000000004 118.50000000000001 170.50000000000003 127.50000000000001 112.50000000000001 161.50000000000003
decision_type=2 2 2 2 2 2 2 2 2 2 2 2 2 2
left_child=-1 2 3 4 -2 -5 7 -4 -7 11 13 12 -8 -11
right_child=1 -3 6 5 -6 8 9 -9 -10 10 -12 -13 -14 -15
leaf_value=0.0032556831745212986 0.88607047313714737 0.033116729084051673 -0.67614499435152697 -0.42695014352981864 -0.082845410317616552 0.44236264165180428 0.0067198617900547418 -0.012678117272646531 -0.18339820484670397 -0.15731182052850468 0.043094215883062253 -0.12887995289061074 0.34645649283441404 -0.004510506916392063
leaf_weight=22858 80 1732 110 125 98 91 369 110 89 935 491 124 145 275
leaf_count=22858 80 1732 110 125 98 91 369 110 89 935 491 124 145 275
internal_value=-2.36846e-05 -0.0157123 -0.0435225 0.074809 0.364934 -0.097665 -0.0659594 -0.352065 0.136364 -0.0383554 -0.0748894 0.0588743 0.104974 -0.122746
internal_weight=27632 4774 3042 483 178 305 2559 220 180 2339 1701 638 514 1210
internal_count=27632 4774 3042 483 178 305 2559 220 180 2339 1701 638 514 1210
is_linear=0
shrinkage=0.05


Tree=254
num_leaves=15
num_cat=0
split_feature=6 9 10 7 14 14 5 10 8 5 6 5 14 1
split_gain=569.229 3755.73 6945.53 6577.74 7418.04 5758.17 3554.38 16404.5 3327.53 3446.87 2789.03 5656.07 6416.41 3136.9
threshold=96.500000000000014 100.50000000000001 100.50000000000001 83.500000000000014 71.500000000000014 91.500000000000014 77.500000000000014 108.50000000000001 80.500000000000014 63.500000000000007 63.500000000000007 98.500000000000014 89.500000000000014 7.5000000000000009
decision_type=2 2 2 2 2 2 2 2 2 2 2 2 2 2
left_child=1 3 5 10 -5 -3 7 -2 -4 -10 13 12 -12 -1
right_child=6 2 8 4 -6 -7 -8 -9 9 -11 11 -13 -14 -15
leaf_value=-0.043118680126600119 0.25060801113585152 0.61301022082277878 0.27622549207210539 0.049154307332567197 -0.51182498469045667 0.1166456244328395 -0.003630509822009543 -0.69137232278383554 -0.24316480886638164 0.037644346326221045 0.5589857965298406 -0.14258935464417966 0.10006630714474754 0.017779558187995228
leaf_weight=3228 88 98 120 105 127 142 15784 88 120 864 86 184 490 6108
leaf_count=3228 88 98 120 105 127 142 15784 88 120 864 86 184 490 6108
internal_value=-2.17012e-05 0.00836803 0.0868291 -0.00187932 -0.262253 0.327702 -0.00615805 -0.22647 0.0332241 0.00234311 0.00423076 0.0960146 0.172806 -0.00328833
internal_weight=27632 11672 1344 10328 232 240 15960 176 1104 984 10096 760 576 9336
internal_count=27632 11672 1344 10328 232 240 15960 176 1104 984 10096 760 576 9336
is_linear=0
shrinkage=0.05


Tree=255
num_leaves=15
num_cat=0
split_feature=2 14 14 5 5 3 6 9 1 14 11 9 14 13
split_gain=558.764 1287.05 2063.92 2411.66 1935.26 2213.27 4026.64 2871.78 3703.36 2176.27 1259.76 1768.74 2286.18 1980.36
threshold=2.5000000000000004 141.50000000000003 130.50000000000003 143.50000000000003 157.50000000000003 4.5000000000000009 25.500000000000004 102.50000000000001 16.500000000000004 177.50000000000003 168.50000000000003 118.50000000000001 116.50000000000001 142.50000000000003
decision_type=2 2 2 2 2 2 2 2 2 2 2 2 2 2
left_child=-1 2 10 -4 5 6 -3 -8 -9 -6 11 12 -2 -13
right_child=1 4 3 -5 9 -7 7 8 -10 -11 -12 13 -14 -15
leaf_value=-0.0041224234390988433 0.017741131622497103 0.270997256999228 0.020708305080692602 0.34848115776975952 -0.0066974683776595103 -0.25679628679528838 -0.30386275836965071 0.031335058683046306 -0.25801157224794025 0.19560516129185659 -0.10575775995622486 0.11570695268234435 -0.15767327863152844 -0.10334221773470442
leaf_weight=20724 3550 87 122 100 761 135 115 473 139 156 191 773 191 115
leaf_count=20724 3550 87 122 100 761 135 115 473 139 156 191 773 191 115
internal_value=-1.71386e-05 0.0122928 0.0254164 0.172777 -0.0231409 -0.0730176 -0.0411566 -0.080108 -0.0359409 0.0285924 0.0184572 0.0236911 0.0085867 0.0869193
internal_weight=27632 6908 5042 222 1866 949 814 727 612 917 4820 4629 3741 888
internal_count=27632 6908 5042 222 1866 949 814 727 612 917 4820 4629 3741 888
is_linear=0
shrinkage=0.05


Tree=256
num_leaves=15
num_cat=0
split_feature=1 1 13 11 2 3 2 4 3 2 14 11 14 7
split_gain=572.346 1341.88 1707.24 1405.8 1464.41 2382.54 1302.63 1291.21 1664.45 980.592 1551.75 984.528 965.588 802.026
threshold=21.500000000000004 22.500000000000004 116.50000000000001 108.50000000000001 1.0000000180025095e-35 3.5000000000000004 1.5000000000000002 1.5000000000000002 3.5000000000000004 2.5000000000000004 99.500000000000014 126.50000000000001 108.50000000000001 126.50000000000001
decision_type=2 2 2 2 2 2 2 2 2 2 2 2 2 2
left_child=13 2 3 -2 -5 6 -6 8 -3 11 -11 12 -9 -1
right_child=1 7 -4 4 5 -7 -8 9 -10 10 -12 -13 -14 -15
leaf_value=0.0079751237942665889 -0.022872150509861518 -0.017276900790926846 0.073533765431971126 0.0032588033344257967 -0.24057468959440786 -0.39187866316023157 -0.025344944178137221 0.03532453459079745 0.27264282115928756 0.0097633014642158344 -0.2462861020597491 0.14033312232498704 -0.10141576725621954 -0.011427535145017782
leaf_weight=17731 440 96 190 127 115 104 173 398 96 142 96 132 185 7607
leaf_count=17731 440 96 190 127 115 104 173 398 96 142 96 132 185 7607
internal_value=-1.8052e-05 -0.0239057 -0.0619619 -0.0890488 -0.144399 -0.191675 -0.113926 0.0143867 0.130924 -0.00965267 -0.0964596 0.0197117 -0.00855988 0.00214893
internal_weight=27632 2294 1149 959 519 392 288 1145 192 953 238 715 583 25338
internal_count=27632 2294 1149 959 519 392 288 1145 192 953 238 715 583 25338
is_linear=0
shrinkage=0.05


Tree=257
num_leaves=15
num_cat=0
split_feature=14 10 7 13 1 9 3 10 1 10 7 5 6 5
split_gain=579.294 2613.58 5484.09 2867.73 4697.3 3093.15 5510.93 5507.38 15816.9 4447.5 4465.37 3624.04 2528.58 2185.54
threshold=22.500000000000004 167.50000000000003 162.50000000000003 172.50000000000003 9.5000000000000018 149.50000000000003 3.5000000000000004 109.50000000000001 2.5000000000000004 103.50000000000001 110.50000000000001 105.50000000000001 106.50000000000001 63.500000000000007
decision_type=2 2 2 2 2 2 2 2 2 2 2 2 2 2
left_child=1 3 -3 5 -5 7 -7 9 -9 10 11 -1 -10 -11
right_child=-2 2 -4 4 -6 6 -8 8 12 13 -12 -13 -14 -15
leaf_value=-0.016953742019679797 0.0041017837402585701 -0.48862921187908137 0.011975374402815864 0.43424929460412581 0.012658933083727253 -0.07401296024935114 0.31267663232045961 -0.7613893662268918 -0.24092205602827732 -0.00026553525534622811 -0.3007114056616777 0.30853955478717887 0.062471558647635199 0.32607194575305276
leaf_weight=5031 20864 83 144 90 218 175 186 91 93 80 132 82 225 138
leaf_count=5031 20864 83 144 90 218 175 186 91 93 80 132 82 225 138
internal_value=-2.18011e-05 -0.0127274 -0.177651 -0.00687253 0.14082 -0.0142777 0.126773 -0.0230497 -0.198877 -0.00971614 -0.0189969 -0.0114373 -0.0286127 0.208994
internal_weight=27632 6768 227 6541 308 6233 361 5872 409 5463 5245 5113 318 218
internal_count=27632 6768 227 6541 308 6233 361 5872 409 5463 5245 5113 318 218
is_linear=0
shrinkage=0.05


Tree=258
num_leaves=15
num_cat=0
split_feature=10 9 1 1 6 5 3 8 4 14 1 0 6 14
split_gain=553.837 3593.31 17311.1 20167.7 3634.47 2459.21 2427.46 10383.8 8514.97 25223.8 9320.53 5317.39 5094.22 23616.4
threshold=23.500000000000004 24.500000000000004 11.500000000000002 3.5000000000000004 66.500000000000014 21.500000000000004 4.5000000000000009 20.500000000000004 1.5000000000000002 27.500000000000004 13.500000000000002 4.5000000000000009 25.500000000000004 62.500000000000007
decision_type=2 2 2 2 2 2 2 2 2 2 2 2 2 2
left_child=1 4 3 -3 6 -4 7 11 9 -8 -11 -1 -10 -14
right_child=-2 2 5 -5 -6 -7 8 -9 12 10 -12 -13 13 -15
leaf_value=0.0267415925300757 -0.0043182538286770924 0.044437881143747179 -0.0068762849300371132 1.0663020850921219 0.26149367179469507 -0.32489189907080601 0.9391800973833222 -0.063089699664170093 -0.016697440734890094 -0.43980344011844408 0.28636037278920412 0.51562589704990391 -0.046345092958545019 0.86937066520093598
leaf_weight=104 20200 108 188 83 128 85 92 2745 3240 82 85 116 288 88
leaf_count=104 20200 108 188 83 128 85 92 2745 3240 82 85 116 288 88
internal_value=-2.44212e-05 0.0116412 0.145605 0.504368 0.0026225 -0.109955 -0.00240934 -0.036428 0.0236338 0.297765 -0.072619 0.290247 0.00361479 0.176568
internal_weight=27632 7432 464 191 6968 273 6840 2965 3875 259 167 220 3616 376
internal_count=27632 7432 464 191 6968 273 6840 2965 3875 259 167 220 3616 376
is_linear=0
shrinkage=0.05


Tree=259
num_leaves=15
num_cat=0
split_feature=13 10 9 1 1 6 3 8 4 14 1 14 4 8
split_gain=539.798 615.996 3176.36 15715.2 18311.5 3245.91 2415.64 9604.45 7547.2 22889.9 8462.06 6201.92 26600.5 11305.5
threshold=19.500000000000004 23.500000000000004 24.500000000000004 11.500000000000002 3.5000000000000004 66.500000000000014 4.5000000000000009 20.500000000000004 1.5000000000000002 27.500000000000004 13.500000000000002 43.500000000000007 3.5000000000000004 22.500000000000004
decision_type=2 2 2 2 2 2 2 2 2 2 2 2 2 2
left_child=-1 2 5 4 -4 6 7 -2 9 -8 -11 -10 13 -13
right_child=1 -3 3 -5 -6 -7 8 -9 11 10 -12 12 -14 -15
leaf_value=-0.10450675880945311 0.28587158607680585 -0.0040626738451994063 0.042314301945466912 -0.10475527375556276 1.016016261112302 0.2489105189639263 0.89464167614573054 -0.059696802993676371 -0.016140358034978593 -0.41907706666609335 0.27283779994481144 0.90409552020541695 -0.24609227666804376 0.14787686209570855
leaf_weight=118 212 20122 108 273 83 128 92 2743 3206 82 85 113 178 89
leaf_count=118 212 20122 108 273 83 128 92 2743 3206 82 85 113 178 89
internal_value=4.90978e-06 0.000472038 0.0128105 0.13874 0.480566 0.00428249 -0.000501781 -0.0344637 0.0256099 0.283621 -0.0692111 0.00660599 0.196231 0.58253
internal_weight=27632 27514 7392 464 191 6928 6800 2955 3845 259 167 3586 380 202
internal_count=27632 27514 7392 464 191 6928 6800 2955 3845 259 167 3586 380 202
is_linear=0
shrinkage=0.05


Tree=260
num_leaves=15
num_cat=0
split_feature=12 0 11 14 3 7 9 12 0 14 7 6 12 6
split_gain=539.182 2559.44 2708.25 2820.36 2834.62 2264.99 1970.16 7903.44 3628.69 3518.76 2327.41 6251.33 2926.78 4763.09
threshold=159.50000000000003 4.5000000000000009 149.50000000000003 100.50000000000001 4.5000000000000009 181.50000000000003 171.50000000000003 134.50000000000003 2.5000000000000004 143.50000000000003 164.50000000000003 172.50000000000003 107.50000000000001 168.50000000000003
decision_type=2 2 2 2 2 2 2 2 2 2 2 2 2 2
left_child=6 2 -2 -4 -5 -3 10 9 -9 -8 11 -1 -12 -14
right_child=1 5 3 4 -6 -7 7 8 -10 -11 12 -13 13 -15
leaf_value=-0.0023603243108797967 -0.21125529306940735 -0.011278845392226351 0.28010002641351361 0.080353934457203555 -0.15365175569237308 -0.27657119158436272 -0.43598157123319414 -0.18328855827648119 0.10059851424192534 -0.073558436711162273 -0.024145767104468117 -0.41316852941307974 -0.024842742652695635 0.19803371839734255
leaf_weight=21824 80 1516 152 1224 140 80 166 146 438 114 664 88 392 608
leaf_count=21824 80 1516 152 1224 140 80 166 146 438 114 664 88 392 608
internal_value=3.05195e-05 0.0193403 0.064019 0.0791921 0.0558623 -0.0253989 -0.00249488 -0.0764301 0.0286733 -0.292303 0.000230287 -0.00410404 0.0571471 0.110977
internal_weight=27632 3192 1596 1516 1364 1596 24440 864 584 280 23576 21912 1664 1000
internal_count=27632 3192 1596 1516 1364 1596 24440 864 584 280 23576 21912 1664 1000
is_linear=0
shrinkage=0.05


Tree=261
num_leaves=15
num_cat=0
split_feature=14 5 6 4 5 6 7 11 9 8 11 8 5 9
split_gain=555.08 2369.84 2911.79 2296.5 8555.83 12110.4 4098.64 14328.7 2058.66 1850.86 1693.07 1931.53 1689.86 1919.83
threshold=156.50000000000003 20.500000000000004 165.50000000000003 2.5000000000000004 103.50000000000001 23.500000000000004 24.500000000000004 21.500000000000004 113.50000000000001 112.50000000000001 101.50000000000001 150.50000000000003 89.500000000000014 118.50000000000001
decision_type=2 2 2 2 2 2 2 2 2 2 2 2 2 2
left_child=-1 -2 3 4 5 -3 7 -5 -6 -10 11 -4 -8 -14
right_child=1 2 10 6 8 -7 12 -9 9 -11 -12 -13 13 -15
leaf_value=0.003257979961633089 0.23587801833029676 -0.092626285416628026 0.13436880651642294 -0.18820805827712761 0.13637821944708017 -0.83179791483614185 -0.2565767193297771 0.6838331775630222 -0.26102099395933609 -0.028951029072115744 0.054470843556043362 -0.14328494735441552 0.04574001613064569 -0.067348628518085527
leaf_weight=22858 87 148 80 102 146 85 83 80 100 482 1414 238 544 1185
leaf_count=22858 87 148 80 102 146 85 83 80 100 482 1414 238 544 1185
internal_value=1.85815e-05 -0.0154789 -0.020391 -0.050531 -0.113817 -0.374091 -0.0198223 0.203142 -0.028531 -0.0707093 0.0310289 -0.0724362 -0.0427146 -0.0317379
internal_weight=27632 4774 4687 2955 961 233 1994 182 728 582 1732 318 1812 1729
internal_count=27632 4774 4687 2955 961 233 1994 182 728 582 1732 318 1812 1729
is_linear=0
shrinkage=0.05


Tree=262
num_leaves=15
num_cat=0
split_feature=2 7 14 13 11 10 8 14 1 14 14 5 3 1
split_gain=517.698 1356.17 1773.33 2222.76 1558.16 2289.58 1542.43 1270.05 3539 2229.47 1263.69 2132.64 2221.62 7956.89
threshold=1.0000000180025095e-35 117.50000000000001 164.50000000000003 23.500000000000004 80.500000000000014 129.50000000000003 119.50000000000001 139.50000000000003 9.5000000000000018 126.50000000000001 156.50000000000003 161.50000000000003 4.5000000000000009 9.5000000000000018
decision_type=2 2 2 2 2 2 2 2 2 2 2 2 2 2
left_child=1 2 6 -4 -3 -6 7 9 -9 -1 -2 12 -12 -14
right_child=10 4 3 -5 5 -7 -8 8 -10 -11 11 -13 13 -15
leaf_value=-0.0068642695420497481 0.0015547134815356051 -0.13273801104096342 0.28117588562101631 0.01127044862715175 0.14206614354921279 0.023647342465782182 -0.22260924439097562 -0.35270585689053996 0.0076161564791349563 0.23355112376839224 -0.043728298035018563 0.014663922585184253 -0.57684409234510825 -0.0086331454130534734
leaf_weight=3711 17302 116 113 217 530 1734 81 94 218 94 1710 1438 87 187
leaf_count=3711 17302 116 113 217 530 1734 81 94 218 94 1710 1438 87 187
internal_value=1.24431e-05 0.0118614 -0.00420674 0.10651 0.042376 0.051621 -0.0130264 -0.00863793 -0.104793 -0.000626264 -0.00393911 -0.0316782 -0.0652193 -0.196155
internal_weight=27632 6908 4528 330 2380 2264 4198 4117 312 3805 20724 3422 1984 274
internal_count=27632 6908 4528 330 2380 2264 4198 4117 312 3805 20724 3422 1984 274
is_linear=0
shrinkage=0.05


Tree=263
num_leaves=15
num_cat=0
split_feature=2 14 14 5 14 13 7 1 1 14 5 6 14 1
split_gain=529.923 1128.93 1847.4 2221.62 1837.4 2700.12 3266.41 1245.22 3615.3 1528.31 1474.2 2711.45 2736.02 2514.84
threshold=2.5000000000000004 141.50000000000003 130.50000000000003 143.50000000000003 152.50000000000003 161.50000000000003 156.50000000000003 1.0000000180025095e-35 1.5000000000000002 58.500000000000007 71.500000000000014 96.500000000000014 89.500000000000014 6.5000000000000009
decision_type=2 2 2 2 2 2 2 2 2 2 2 2 2 2
left_child=-1 2 7 -4 5 6 -3 9 -9 -2 13 12 -12 -10
right_child=1 4 3 -5 -6 -7 -8 8 10 -11 11 -13 -14 -15
leaf_value=-0.0039918020401116206 -0.21842665049470655 -0.15739797317532189 0.017837044978000989 0.33233569070785529 0.0040149129929969189 -0.31901192705696213 0.20062002678110141 0.19400040817164113 -0.11015924580487675 0.01341678163735196 0.38813710744257701 0.022782313519496295 0.017446769687412968 0.015664653971071228
leaf_weight=20724 116 174 122 100 1486 112 94 288 544 171 102 2073 94 1432
leaf_count=20724 116 174 122 100 1486 112 94 288 544 171 102 2073 94 1432
internal_value=6.13494e-06 0.0119942 0.024285 0.163703 -0.0211924 -0.118538 -0.03045 0.0177007 0.0241239 -0.0824256 0.0123841 0.0398415 0.215213 -0.0191657
internal_weight=27632 6908 5042 222 1866 380 268 4820 4533 287 4245 2269 196 1976
internal_count=27632 6908 5042 222 1866 380 268 4820 4533 287 4245 2269 196 1976
is_linear=0
shrinkage=0.05


Tree=264
num_leaves=15
num_cat=0
split_feature=7 5 0 6 6 5 9 0 6 6 14 13 14 5
split_gain=521.451 3224.63 3396.9 3351.2 3247.85 3124.76 3160.09 6870.62 2668.69 2594.19 2563.2 3139.69 3211.81 2471.23
threshold=133.50000000000003 126.50000000000001 4.5000000000000009 129.50000000000003 125.50000000000001 117.50000000000001 152.50000000000003 4.5000000000000009 122.50000000000001 143.50000000000003 183.50000000000003 180.50000000000003 25.500000000000004 115.50000000000001
decision_type=2 2 2 2 2 2 2 2 2 2 2 2 2 2
left_child=1 3 8 4 5 6 10 -8 -3 -10 11 13 -13 -1
right_child=-2 2 -4 -5 -6 -7 7 -9 9 -11 -12 12 -14 -15
leaf_value=-0.0032834159706456945 -0.011260192955417326 0.29153685096793913 -0.00083646912861950497 -0.28944273297352219 0.19726049288857456 -0.089656760120656626 -0.10396708060014115 0.52135293481431988 0.017082767364270283 0.21183642180131051 -0.19861374673728618 0.40911168029433809 -0.01970099335865063 0.12863300601430958
leaf_weight=16148 7480 204 940 96 200 976 84 84 472 264 156 90 80 358
leaf_count=16148 7480 204 940 96 200 976 84 84 472 264 156 90 80 358
internal_value=9.42183e-06 0.00419422 0.0664579 -0.0022285 -0.00063234 -0.00288832 0.0021181 0.214725 0.133401 0.0878981 -6.70562e-05 0.00184928 0.21252 -0.000384182
internal_weight=27632 20152 1880 18272 18176 17976 17000 168 940 736 16832 16676 170 16506
internal_count=27632 20152 1880 18272 18176 17976 17000 168 940 736 16832 16676 170 16506
is_linear=0
shrinkage=0.05


Tree=265
num_leaves=15
num_cat=0
split_feature=10 9 1 1 6 5 8 14 13 14 13 14 3 4
split_gain=513.518 2924.91 14208.7 16522.4 2963.12 2228.82 2217.22 2580.39 2308.57 2176.21 8444.57 4678.15 2621.1 6492.59
threshold=23.500000000000004 24.500000000000004 11.500000000000002 3.5000000000000004 66.500000000000014 21.500000000000004 23.500000000000004 71.500000000000014 144.50000000000003 144.50000000000003 22.500000000000004 161.50000000000003 4.5000000000000009 1.5000000000000002
decision_type=2 2 2 2 2 2 2 2 2 2 2 2 2 2
left_child=1 4 3 -3 6 -4 9 8 -8 12 -11 -12 -1 -14
right_child=-2 2 5 -5 -6 -7 7 -9 -10 10 11 -13 13 -15
leaf_value=-0.039087593260466118 -0.004116054725796593 0.040821389155050299 -0.0014247009446217143 0.9657668274911968 0.23685651084590231 -0.30403575602194505 -0.054387593436363138 -0.20045726713587478 0.1968520099971266 0.41976900624883318 0.20528544846090899 -0.19382959118581075 0.34305242956996718 0.014933704652521508
leaf_weight=2246 20200 108 188 83 128 85 705 267 100 147 116 182 154 2923
leaf_count=2246 20200 108 188 83 128 85 705 267 100 147 116 182 154 2923
internal_value=1.85397e-05 0.0112515 0.132115 0.457144 0.00311418 -0.0994179 -0.00142977 -0.0672889 -0.0221552 0.010858 0.116441 -0.0376455 0.00193038 0.0318855
internal_weight=27632 7432 464 191 6968 273 6840 1072 805 5768 445 298 5323 3077
internal_count=27632 7432 464 191 6968 273 6840 1072 805 5768 445 298 5323 3077
is_linear=0
shrinkage=0.05


Tree=266
num_leaves=15
num_cat=0
split_feature=13 10 1 1 4 0 3 3 4 14 4 14 9 1
split_gain=520.282 575.098 2834.33 23029.9 18997.3 24649.2 5564.9 24350.5 4201.79 7590.39 6944.26 6730.09 5125.37 2917.03
threshold=19.500000000000004 23.500000000000004 7.5000000000000009 8.5000000000000018 2.5000000000000004 4.5000000000000009 4.5000000000000009 5.5000000000000009 2.5000000000000004 58.500000000000007 4.5000000000000009 27.500000000000004 21.500000000000004 9.5000000000000018
decision_type=2 2 2 2 2 2 2 2 2 2 2 2 2 2
left_child=-1 2 6 4 -4 -6 8 -8 11 10 12 -2 -10 -5
right_child=1 -3 3 13 5 -7 7 -9 9 -11 -12 -13 -14 -15
leaf_value=-0.10257266257866854 -0.067826445335705421 -0.0038906739569230507 -0.090660420776013356 0.174440938432187 0.15615145057080349 1.2160202246093961 0.67792199638617401 -0.037114888106303638 0.50441668669498252 -0.28922848523409639 -0.19961870649757868 0.42741302027421835 -0.007494481383838643 -0.0041992139648581762
leaf_weight=118 351 20122 113 236 109 109 131 953 81 504 203 80 113 4409
leaf_count=118 351 20122 113 236 109 109 131 953 81 504 203 80 113 4409
internal_value=3.23212e-05 0.000490923 0.0124128 0.033976 0.433719 0.701469 -0.0319774 0.0520122 -0.100268 -0.161416 0.00242486 0.0279447 0.213545 0.00505482
internal_weight=27632 27514 7392 4976 331 218 2416 1084 1332 901 397 431 194 4645
internal_count=27632 27514 7392 4976 331 218 2416 1084 1332 901 397 431 194 4645
is_linear=0
shrinkage=0.05


Tree=267
num_leaves=15
num_cat=0
split_feature=7 6 14 5 9 3 1 14 4 14 6 4 5 6
split_gain=513.385 578.369 4017.93 2338.28 1548.38 2671.59 900.044 920.103 852.498 776.064 2511.66 2035.54 7407.59 10824.3
threshold=19.500000000000004 20.500000000000004 126.50000000000001 21.500000000000004 20.500000000000004 1.5000000000000002 7.5000000000000009 64.500000000000014 4.5000000000000009 156.50000000000003 165.50000000000003 2.5000000000000004 103.50000000000001 23.500000000000004
decision_type=2 2 2 2 2 2 2 2 2 2 2 2 2 2
left_child=-1 2 3 6 5 -3 7 8 -2 -6 11 12 13 -11
right_child=1 4 -4 -5 9 -7 -8 -9 -10 10 -12 -13 -14 -15
leaf_value=-0.078779271759728833 0.063598918394200163 -0.31950188133062102 0.28535514205614937 0.24394586543242136 0.0046637206757876538 -0.022218075445077073 0.017064250414780106 -0.20301750579050612 -0.11365369078093049 -0.08192627736263805 0.029686506660724844 -0.016752702945471001 -0.026277659087070859 -0.7804952270123694
leaf_weight=200 123 97 136 85 21254 295 561 107 140 148 1732 1941 728 85
leaf_count=200 123 97 136 85 21254 295 561 107 140 148 1732 1941 728 85
internal_value=5.19971e-05 0.000640988 0.035239 0.000525376 -0.00088205 -0.0988781 -0.0228832 -0.0828722 -0.0311161 0.000620628 -0.0179082 -0.0463163 -0.105632 -0.347812
internal_weight=27632 27432 1152 1016 26280 392 931 370 263 25888 4634 2902 961 233
internal_count=27632 27432 1152 1016 26280 392 931 370 263 25888 4634 2902 961 233
is_linear=0
shrinkage=0.05


Tree=268
num_leaves=15
num_cat=0
split_feature=14 5 4 13 1 6 7 13 12 10 11 5 9 11
split_gain=511.897 2578.35 10719.9 2396.98 8086.82 2571.45 3806.05 8206.92 10430.2 4439.86 7239.69 3503.91 3316.9 3259.14
threshold=22.500000000000004 163.50000000000003 1.5000000000000002 172.50000000000003 9.5000000000000018 143.50000000000003 102.50000000000001 111.50000000000001 118.50000000000001 107.50000000000001 118.50000000000001 57.500000000000007 73.500000000000014 94.500000000000014
decision_type=2 2 2 2 2 2 2 2 2 2 2 2 2 2
left_child=1 3 -3 5 -5 6 11 9 -9 -8 -11 -1 -13 -14
right_child=-2 2 -4 4 -6 -7 7 8 -10 10 -12 12 13 -15
leaf_value=-0.018550277952054422 0.0039166487953413683 -0.59294451248521607 0.035396104328175811 0.54580546599977164 -0.031546842204406858 0.12595086045424392 0.18780818351706166 -0.81749081370788945 -0.07259380828152906 -0.45975522060020302 0.12573846290978763 0.3460458146095276 -0.2102582349962685 0.13720683625669253
leaf_weight=4838 20864 91 230 80 210 317 162 81 106 97 106 120 88 242
leaf_count=4838 20864 91 230 80 210 317 162 81 106 97 106 120 88 242
internal_value=4.03665e-05 -0.0119033 -0.149094 -0.00496224 0.134274 -0.011624 -0.0191931 -0.143512 -0.408136 -0.00425431 -0.158356 -0.00609242 0.126575 0.0427942
internal_weight=27632 6768 321 6447 290 6157 5840 552 187 365 203 5288 450 330
internal_count=27632 6768 321 6447 290 6157 5840 552 187 365 203 5288 450 330
is_linear=0
shrinkage=0.05


Tree=269
num_leaves=15
num_cat=0
split_feature=6 9 10 7 14 1 5 10 3 10 5 11 7 4
split_gain=497.794 3607.86 6187.86 5995.87 6704.45 5104.49 3213.37 14635 2968.82 5045.51 3774.71 2902.84 2812.7 5948.11
threshold=96.500000000000014 100.50000000000001 100.50000000000001 84.500000000000014 95.500000000000014 7.5000000000000009 77.500000000000014 108.50000000000001 4.5000000000000009 112.50000000000001 100.50000000000001 25.500000000000004 105.50000000000001 2.5000000000000004
decision_type=2 2 2 2 2 2 2 2 2 2 2 2 2 2
left_child=1 3 5 -1 -5 -3 7 -2 10 -10 -4 -8 13 -13
right_child=6 2 8 4 -6 -7 11 -9 9 -11 -12 12 -14 -15
leaf_value=0.0030316515911761504 0.23548047197882527 0.13925802842146015 -0.2273343138622515 -0.0030750888628217413 -0.60023649648170585 0.62367648455032776 -0.2818242119525069 -0.65427872736647885 -0.028180140950060731 0.39803627518222751 0.039382785545150303 -0.1526290974865557 0.0086740864503930103 0.00072659305943285728
leaf_weight=10144 88 159 160 101 83 81 88 88 144 128 672 896 12680 2120
leaf_count=10144 88 159 160 101 83 81 88 88 144 128 672 896 12680 2120
internal_value=3.2059e-05 0.0078777 0.0847787 -0.00216573 -0.2812 0.312141 -0.00570635 -0.215184 0.0341677 0.175957 -0.0129606 -0.00330316 -0.00165238 -0.0450099
internal_weight=27632 11672 1344 10328 184 240 15960 176 1104 272 832 15784 15696 3016
internal_count=27632 11672 1344 10328 184 240 15960 176 1104 272 832 15784 15696 3016
is_linear=0
shrinkage=0.05


Tree=270
num_leaves=15
num_cat=0
split_feature=7 6 11 11 10 9 7 13 14 7 10 12 7 5
split_gain=509.847 3065.44 2341.37 4106.78 3200.56 3964.64 4474.95 3147.07 3260.83 2796.11 3862.78 3775.62 5053.7 4655.67
threshold=133.50000000000003 157.50000000000003 162.50000000000003 164.50000000000003 162.50000000000003 152.50000000000003 103.50000000000001 152.50000000000003 151.50000000000003 131.50000000000003 130.50000000000003 154.50000000000003 107.50000000000001 142.50000000000003
decision_type=2 2 2 2 2 2 2 2 2 2 2 2 2 2
left_child=1 2 4 -4 5 9 -7 -6 -9 10 -1 12 13 -12
right_child=-2 -3 3 -5 7 6 -8 8 -10 -11 11 -13 -14 -15
leaf_value=0.0036965919851408369 -0.011117585226097106 0.26860358270414925 0.40131278430582373 0.04491275040903589 0.017266322998967892 0.47622199781158925 -0.031940990291974128 -0.51482526289129804 -0.079029664833859745 0.25236392212484821 -0.50658629478257933 0.058571131110514124 -0.060880967450819092 -0.049228474641999892
leaf_weight=17776 7480 104 88 632 141 88 80 83 88 104 152 272 456 88
leaf_count=17776 7480 104 88 632 141 88 80 83 88 104 152 272 456 88
internal_value=2.59395e-05 0.00416391 0.00272549 0.09094 -0.000583318 0.00204281 0.24031 -0.15815 -0.299173 -0.000144139 -0.00161209 -0.0986169 -0.160026 -0.343315
internal_weight=27632 20152 20048 720 19328 19016 168 312 171 18848 18744 968 696 240
internal_count=27632 20152 20048 720 19328 19016 168 312 171 18848 18744 968 696 240
is_linear=0
shrinkage=0.05


Tree=271
num_leaves=15
num_cat=0
split_feature=1 12 10 8 14 13 8 10 7 14 10 10 9 11
split_gain=508.861 1253.94 1283.87 1038.87 911.288 905.837 1015.99 1633.93 1042.18 841.357 826.762 7078.45 4662.15 4321.94
threshold=21.500000000000004 141.50000000000003 142.50000000000003 131.50000000000003 120.50000000000001 119.50000000000001 106.50000000000001 126.50000000000001 108.50000000000001 99.500000000000014 101.50000000000001 100.50000000000001 110.50000000000001 90.500000000000014
decision_type=2 2 2 2 2 2 2 2 2 2 2 2 2 2
left_child=10 3 -3 4 5 6 8 -8 9 -2 11 -1 -13 -12
right_child=1 2 -4 -5 -6 -7 7 -9 -10 -11 13 12 -14 -15
leaf_value=-0.0026067127329566023 0.019060545096669913 -0.26174673418700695 -0.047536550436709679 0.14919425725641819 -0.15308386736870869 0.10808870996390084 -0.13383522898162881 0.051896050429276835 0.13361002696124283 -0.088809843814684722 0.19308886758701094 -0.55078656770745105 -0.046519697022934757 0.0062188448222229567
leaf_weight=11893 685 95 243 96 108 152 360 172 143 240 312 93 88 12952
leaf_count=11893 685 95 243 96 108 152 360 172 143 240 312 93 88 12952
internal_value=2.7079e-05 -0.0224969 -0.110681 -0.00701506 -0.0154558 -0.00656043 -0.0177549 -0.0738627 0.0104079 -0.00925445 0.00207034 -0.00739449 -0.313459 0.0106856
internal_weight=27632 2294 338 1956 1860 1752 1600 532 1068 925 25338 12074 181 13264
internal_count=27632 2294 338 1956 1860 1752 1600 532 1068 925 25338 12074 181 13264
is_linear=0
shrinkage=0.05


Tree=272
num_leaves=15
num_cat=0
split_feature=14 6 12 5 3 4 1 11 12 1 5 9 12 5
split_gain=505.757 1996.66 2638.02 7215.47 5849.24 10043.6 8604.97 3057.32 8641.98 2297.85 1967.29 1606.25 4484.49 3882.22
threshold=156.50000000000003 165.50000000000003 25.500000000000004 83.500000000000014 4.5000000000000009 3.5000000000000004 9.5000000000000018 72.500000000000014 92.500000000000014 16.500000000000004 152.50000000000003 169.50000000000003 134.50000000000003 161.50000000000003
decision_type=2 2 2 2 2 2 2 2 2 2 2 2 2 2
left_child=11 2 4 -4 6 -6 -2 -5 -9 -10 -11 -1 13 -13
right_child=1 -3 3 7 5 -7 -8 8 9 10 -12 12 -14 -15
leaf_value=0.0065161080589173749 0.49879162295357049 0.028029427022939368 -0.46824225818616888 0.18784226196105869 0.18773143135661643 -0.45946479699290965 -0.040443300830337446 -0.51093144656717782 -0.013311363364593416 -0.32525691070915325 -0.069276086144770196 -0.086134947886069624 -0.0030028594559527513 -0.47034482391713894
leaf_weight=21447 133 1732 99 131 121 110 158 95 1852 108 235 190 1123 98
leaf_count=21447 133 1732 99 131 121 110 158 95 1852 108 235 190 1123 98
internal_value=2.00824e-05 -0.0147729 -0.0391489 -0.060334 0.0627262 -0.123662 0.210274 -0.042723 -0.0562931 -0.0354998 -0.153392 0.00311221 -0.0484668 -0.222668
internal_weight=27632 4774 3042 2520 522 231 291 2421 2290 2195 343 22858 1411 288
internal_count=27632 4774 3042 2520 522 231 291 2421 2290 2195 343 22858 1411 288
is_linear=0
shrinkage=0.05


Tree=273
num_leaves=15
num_cat=0
split_feature=14 10 7 5 6 13 1 11 10 1 11 10 6 9
split_gain=507.573 2426.93 5257.68 2649.74 2938.93 3178.64 6250.95 2068.23 3558.27 14741.9 3320.25 3679.48 5420.08 6019.19
threshold=22.500000000000004 167.50000000000003 162.50000000000003 173.50000000000003 167.50000000000003 172.50000000000003 9.5000000000000018 156.50000000000003 109.50000000000001 2.5000000000000004 94.500000000000014 83.500000000000014 27.500000000000004 24.500000000000004
decision_type=2 2 2 2 2 2 2 2 2 2 2 2 2 2
left_child=1 3 -3 4 5 7 -7 8 10 -10 11 12 -1 -14
right_child=-2 2 -4 -5 -6 6 -8 -9 9 -11 -12 -13 13 -15
leaf_value=-0.021697909488556138 0.0038650546589259144 -0.47530916091901337 0.014755431265138941 0.26947263770325242 -0.301978874048766 0.51640124254366937 0.0044406575293893498 0.15732315160160842 -0.70289339042889587 -0.018105295255187559 0.1217713364958864 -0.25053597773622832 0.54720902088615631 0.0050944852973184278
leaf_weight=4586 20864 83 144 81 80 80 200 167 91 435 457 160 85 119
leaf_count=4586 20864 83 144 81 80 80 200 167 91 435 457 160 85 119
internal_value=5.17043e-06 -0.0118879 -0.170813 -0.0062463 -0.00990919 -0.00601327 0.157209 -0.013628 -0.0185683 -0.142079 -0.00643286 -0.01838 -0.0103722 0.238663
internal_weight=27632 6768 227 6541 6460 6380 280 6100 5933 526 5407 4950 4790 204
internal_count=27632 6768 227 6541 6460 6380 280 6100 5933 526 5407 4950 4790 204
is_linear=0
shrinkage=0.05


Tree=274
num_leaves=15
num_cat=0
split_feature=7 8 5 1 10 4 14 13 11 6 8 9 11 10
split_gain=485.898 2828.08 6836.3 4104.55 6589.14 10589.4 4064.64 2904.86 4164.89 2430.89 2757.86 4661.31 6821.28 3607.8
threshold=133.50000000000003 113.50000000000001 80.500000000000014 13.500000000000002 99.500000000000014 2.5000000000000004 63.500000000000007 144.50000000000003 163.50000000000003 147.50000000000003 103.50000000000001 149.50000000000003 160.50000000000003 93.500000000000014
decision_type=2 2 2 2 2 2 2 2 2 2 2 2 2 2
left_child=1 9 -3 4 5 -4 -6 -5 -9 10 11 -1 -13 -12
right_child=-2 2 3 7 6 -7 -8 8 -10 -11 13 12 -14 -15
leaf_value=-0.0001755496308663366 -0.010874918832981731 -0.38909107079619876 0.76975641422664998 0.042359385784061065 -0.2458330574648819 0.027531010355099597 0.11170000134970184 -0.35059952325527632 0.046219679477139258 0.19787729093679948 -0.32160261248548827 0.53364890863252157 0.028774054123134149 -0.037979476502728149
leaf_weight=14192 7480 80 92 1071 82 96 953 121 137 144 112 96 200 2776
leaf_count=14192 7480 80 92 1071 82 96 953 121 137 144 112 96 200 2776
internal_value=3.73427e-06 0.00404336 0.0523177 0.0668887 0.132792 0.40128 0.082328 0.00597178 -0.143013 -0.00322167 -0.00494468 0.00395397 0.198662 -0.0495155
internal_weight=27632 20152 2632 2552 1223 188 1035 1329 258 17520 17376 14488 296 2888
internal_count=27632 20152 2632 2552 1223 188 1035 1329 258 17520 17376 14488 296 2888
is_linear=0
shrinkage=0.05


Tree=275
num_leaves=15
num_cat=0
split_feature=1 1 14 14 4 9 2 3 13 7 13 5 5 14
split_gain=497.371 6514.53 5380.34 3592.92 4312.1 6021.26 2912.47 3825.84 3286.82 3044.03 2508.28 3429.8 2895.18 3185.04
threshold=4.5000000000000009 5.5000000000000009 119.50000000000001 107.50000000000001 3.5000000000000004 60.500000000000007 1.0000000180025095e-35 4.5000000000000009 78.500000000000014 25.500000000000004 75.500000000000014 117.50000000000001 65.500000000000014 93.500000000000014
decision_type=2 2 2 2 2 2 2 2 2 2 2 2 2 2
left_child=2 6 3 10 5 -5 -2 8 9 -8 11 -1 -12 -14
right_child=1 -3 -4 4 -6 -7 7 -9 -10 -11 12 -13 13 -15
leaf_value=-0.017760521310796067 0.01859503299468308 0.0030114295023758435 -0.24373571837668395 0.56085496932961221 -0.075841283071025903 0.11494869201618373 -0.079535216397423419 -0.00040543852047813541 -0.095977193739985339 -0.41906819051966587 -0.020501573093647613 -0.268323634976317 0.18390237419004207 0.021813484096405607
leaf_weight=2133 288 20726 192 81 240 679 92 252 264 256 1056 141 531 701
leaf_count=2133 288 20726 192 81 240 679 92 252 264 256 1056 141 531 701
internal_value=7.18142e-06 -0.00343351 0.0130811 0.0221573 0.107739 0.165828 -0.118898 -0.164573 -0.23162 -0.331705 0.00330032 -0.0338514 0.040218 0.0921358
internal_weight=27632 21878 5754 5562 1000 760 1152 864 612 348 4562 2274 2288 1232
internal_count=27632 21878 5754 5562 1000 760 1152 864 612 348 4562 2274 2288 1232
is_linear=0
shrinkage=0.05


Tree=276
num_leaves=15
num_cat=0
split_feature=14 7 8 5 4 9 3 4 1 1 12 14 5 9
split_gain=501.43 3426.74 7675.71 6341.27 10313.6 12441.1 4146.12 7175.83 2116.63 2004.52 3241.12 3089.09 2071.56 1990.79
threshold=149.50000000000003 25.500000000000004 22.500000000000004 103.50000000000001 2.5000000000000004 100.50000000000001 3.5000000000000004 3.5000000000000004 12.500000000000002 13.500000000000002 100.50000000000001 153.50000000000003 159.50000000000003 171.50000000000003
decision_type=2 2 2 2 2 2 2 2 2 2 2 2 2 2
left_child=13 2 6 4 -3 -6 8 -8 -2 11 -11 -5 -12 -1
right_child=1 3 -4 9 5 -7 7 -9 -10 10 12 -13 -14 -15
leaf_value=0.0067726236614996833 0.36672602408291666 -0.69736550557685817 0.41619663098699428 -0.19903501217283548 -0.40487906307374177 0.36565948027310913 0.10167315739056758 -0.41566303173753144 0.010027406877441997 -0.34892882261206126 -0.082602879607887481 0.031019243134559095 0.012350921790233144 -0.066365483535446024
leaf_weight=20795 80 85 141 150 109 92 150 114 82 80 1124 2494 1167 969
leaf_count=20795 80 85 141 150 109 92 150 114 82 80 1124 2494 1167 969
internal_value=3.9453e-06 -0.0129613 0.103329 -0.0254855 -0.252406 -0.0518798 -0.00385259 -0.125296 0.191881 -0.0123059 -0.0456407 0.0176167 -0.0343133 0.0035018
internal_weight=27632 5868 567 5301 286 201 426 264 162 5015 2371 2644 2291 21764
internal_count=27632 5868 567 5301 286 201 426 264 162 5015 2371 2644 2291 21764
is_linear=0
shrinkage=0.05


Tree=277
num_leaves=15
num_cat=0
split_feature=11 11 10 14 9 12 14 3 8 8 7 8 0 5
split_gain=517.195 4547.04 7850.8 3691.07 3707.81 3214.89 3310.36 2935.49 3352.79 2796.49 12158.8 2592.24 4823.9 2220.36
threshold=105.50000000000001 101.50000000000001 113.50000000000001 62.500000000000007 102.50000000000001 107.50000000000001 146.50000000000003 4.5000000000000009 90.500000000000014 22.500000000000004 61.500000000000007 166.50000000000003 4.5000000000000009 60.500000000000007
decision_type=2 2 2 2 2 2 2 2 2 2 2 2 2 2
left_child=1 5 3 4 -3 11 -7 8 -5 -2 -11 -1 -13 -12
right_child=9 2 -4 7 -6 6 -8 -9 -10 10 13 12 -14 -15
leaf_value=0.0014492934952513518 -0.22807754534110428 -0.0600870685649059 -0.41711788624637958 -0.24478786253972964 -0.44632699332164177 0.32923758691608512 -0.0023181702509041755 0.15757693026533004 0.0094655873097310023 0.60559583686730445 -0.21122575983659836 0.069137303719278606 -0.42277854777098001 0.0075989467579864016
leaf_weight=12856 120 159 160 165 99 146 150 216 545 80 112 96 96 12632
leaf_count=12856 120 159 160 165 99 146 150 216 545 80 112 96 96 12632
internal_value=-4.43295e-06 -0.00642503 -0.0939067 -0.0486591 -0.213963 0.00241795 0.163972 -0.00170071 -0.0509201 0.0072809 0.00957129 -0.00130839 -0.181308 0.00559373
internal_weight=27632 14688 1344 1184 258 13344 296 926 710 12944 12824 13048 192 12744
internal_count=27632 14688 1344 1184 258 13344 296 926 710 12944 12824 13048 192 12744
is_linear=0
shrinkage=0.05


Tree=278
num_leaves=15
num_cat=0
split_feature=1 13 14 3 5 14 9 5 1 11 11 6 13 14
split_gain=515.163 3565.75 2896.65 1861.15 6044.53 4697.48 2340.99 1852.01 1832.84 4363.24 7324.69 7966.13 6620.88 5666.19
threshold=19.500000000000004 136.50000000000003 135.50000000000003 4.5000000000000009 116.50000000000001 113.50000000000001 146.50000000000003 119.50000000000001 17.500000000000004 162.50000000000003 151.50000000000003 140.50000000000003 154.50000000000003 134.50000000000003
decision_type=2 2 2 2 2 2 2 2 2 2 2 2 2 2
left_child=8 2 3 6 -5 -6 -2 -8 -1 10 11 -10 -12 -13
right_child=1 -3 -4 4 5 -7 7 -9 9 -11 12 13 -14 -15
leaf_value=-0.0016671529696425651 -0.0030910323888861707 -0.31211855393091237 -0.25215828785469302 -0.0026435377946310446 -0.45295868368466963 0.01775989256713582 0.27244244469827372 0.060444983634732524 -0.018490540601317728 0.16705173125230177 -0.068785352710308695 0.51192960976097823 -0.56854661237862369 0.11150019048413794
leaf_weight=20730 2445 94 114 1089 143 82 126 505 1005 553 258 128 85 275
leaf_count=20730 2445 94 114 1089 143 82 126 505 1005 553 258 128 85 275
internal_value=-1.19244e-05 -0.015283 -0.00874867 -0.00214811 -0.0518459 -0.284751 0.0191314 0.104586 0.00303911 0.0452951 0.0064758 0.0570639 -0.199022 0.243399
internal_weight=27632 4598 4504 4390 1314 225 3076 631 23034 2304 1751 1408 343 403
internal_count=27632 4598 4504 4390 1314 225 3076 631 23034 2304 1751 1408 343 403
is_linear=0
shrinkage=0.05


Tree=279
num_leaves=15
num_cat=0
split_feature=14 5 6 13 5 13 8 13 9 11 12 10 11 7
split_gain=507.913 1984.11 2217.53 1865.8 5474.37 4015.65 3559.11 2600.37 2504.53 2408.19 5459.7 2515.07 2070.46 2987.92
threshold=156.50000000000003 20.500000000000004 165.50000000000003 24.500000000000004 27.500000000000004 136.50000000000003 22.500000000000004 163.50000000000003 168.50000000000003 76.500000000000014 97.500000000000014 87.500000000000014 121.50000000000001 109.50000000000001
decision_type=2 2 2 2 2 2 2 2 2 2 2 2 2 2
left_child=-1 -2 3 4 -3 -5 7 -7 -6 11 -11 -8 13 -12
right_child=1 2 -4 5 8 6 9 -9 -10 10 12 -13 -14 -15
leaf_value=0.0030825119917328222 0.21515496929135658 0.29773163248414863 0.025541311470578171 -0.33825571006737082 -0.11307511407963551 -0.048656288036347736 -0.092710158584470112 -0.41911641412794043 0.1062177200865059 -0.41948310440308173 -0.12931841216625317 0.24808854279333148 -0.071370972816650696 0.12045280178828642
leaf_weight=22858 87 141 1732 125 406 87 83 103 186 90 165 140 1027 402
leaf_count=22858 87 141 1732 125 406 87 83 103 186 90 165 140 1027 402
internal_value=-1.62069e-05 -0.0148406 -0.0193345 -0.0456361 0.0234181 -0.0684173 -0.0515662 -0.255082 -0.0438631 -0.0306753 -0.0511934 0.121993 -0.0291524 0.047273
internal_weight=27632 4774 4687 2955 733 2222 2097 190 592 1907 1684 223 1594 567
internal_count=27632 4774 4687 2955 733 2222 2097 190 592 1907 1684 223 1594 567
is_linear=0
shrinkage=0.05


Tree=280
num_leaves=15
num_cat=0
split_feature=1 1 13 9 14 4 3 2 2 2 14 11 14 10
split_gain=494.605 1176.3 1525.54 1258.38 1235.2 1082.53 1387.46 1010.01 1340.36 905.041 1413.4 849.103 871.416 827.39
threshold=21.500000000000004 22.500000000000004 116.50000000000001 104.50000000000001 84.500000000000014 1.5000000000000002 3.5000000000000004 1.5000000000000002 1.0000000180025095e-35 2.5000000000000004 99.500000000000014 126.50000000000001 108.50000000000001 101.50000000000001
decision_type=2 2 2 2 2 2 2 2 2 2 2 2 2 2
left_child=13 2 3 -2 -5 6 -3 8 -6 11 -11 12 -7 -1
right_child=1 5 -4 4 7 9 -8 -9 -10 10 -12 -13 -14 -15
leaf_value=-0.0074749292414297529 -0.01669952400458374 -0.01501680524964439 0.070214300103581109 -0.30690290265042208 -0.032959851944768755 0.03522316151675272 0.24971733274731306 -0.022129608864000963 -0.27003821281894569 0.0095802514623774555 -0.23478023293289807 0.13183217098134278 -0.09467449223696206 0.010611985042277545
leaf_weight=12074 409 96 190 82 106 398 96 226 136 142 96 132 185 13264
leaf_count=12074 409 96 190 82 106 398 96 226 136 142 96 132 185 13264
internal_value=-2.09662e-05 -0.0222271 -0.0578581 -0.0834648 -0.132516 0.0136244 0.120329 -0.0990399 -0.168963 -0.00838906 -0.0917881 0.0198164 -0.00645105 0.00199348
internal_weight=27632 2294 1149 959 550 1145 192 468 242 953 238 715 583 25338
internal_count=27632 2294 1149 959 550 1145 192 468 242 953 238 715 583 25338
is_linear=0
shrinkage=0.05


Tree=281
num_leaves=15
num_cat=0
split_feature=7 5 1 5 3 12 9 5 6 8 8 10 9 7
split_gain=503.562 2701.33 3599.99 3248.37 3199.34 3092.58 3995.47 4264.46 3114.2 2802.19 7365.7 4824.75 4670.36 4116.57
threshold=133.50000000000003 124.50000000000001 18.500000000000004 117.50000000000001 4.5000000000000009 159.50000000000003 142.50000000000003 158.50000000000003 144.50000000000003 120.50000000000001 118.50000000000001 116.50000000000001 115.50000000000001 112.50000000000001
decision_type=2 2 2 2 2 2 2 2 2 2 2 2 2 2
left_child=1 3 4 9 -3 6 -4 -8 -7 10 13 -12 -11 -1
right_child=-2 2 5 -5 -6 8 7 -9 -10 12 11 -13 -14 -15
leaf_value=-0.0043886760253510331 -0.01109899516302953 0.086955257886660961 0.023671365056559444 -0.088758248344964985 0.37637194182546369 0.28183710548228452 -0.4205283554837756 -0.0030469067200370459 -0.097343966195670262 0.38029142664670945 -0.59433493507259028 -0.062177946466592054 0.038373163832563811 0.093781093443535982
leaf_weight=15120 7480 1147 370 1016 100 135 133 110 85 120 80 88 504 1144
leaf_count=15120 7480 1147 370 1016 100 135 133 110 85 120 80 88 504 1144
internal_value=-2.4382e-05 0.00408802 0.0579766 -0.00212862 0.111575 -0.0224467 -0.0801077 -0.235417 0.136428 0.00305627 -0.000908029 -0.325439 0.106627 0.00254323
internal_weight=27632 20152 2080 18072 1247 833 613 243 220 17056 16432 168 624 16264
internal_count=27632 20152 2080 18072 1247 833 613 243 220 17056 16432 168 624 16264
is_linear=0
shrinkage=0.05


Tree=282
num_leaves=15
num_cat=0
split_feature=9 10 10 10 14 10 8 12 7 14 3 10 11 5
split_gain=497.271 1036.17 1269.67 1162.2 1955.32 1024.78 997.185 1906.33 1502.02 943.608 2379.99 7776.72 10161.6 12586.1
threshold=192.50000000000003 189.50000000000003 192.50000000000003 182.50000000000003 162.50000000000003 196.50000000000003 178.50000000000003 135.50000000000003 190.50000000000003 170.50000000000003 1.5000000000000002 21.500000000000004 23.500000000000004 103.50000000000001
decision_type=2 2 2 2 2 2 2 2 2 2 2 2 2 2
left_child=1 3 -3 6 -5 -2 8 -8 9 -1 -11 -12 -13 -14
right_child=5 2 -4 4 -6 -7 7 -9 -10 10 11 12 13 -15
leaf_value=0.0014159595079165194 -0.20849061290130899 0.22962142656975928 -0.013963098974402892 -0.26615931377228769 0.035372839129783888 0.033316139460250895 -0.039073756448424507 0.21167417088891291 0.20939775970052274 0.032055964438980865 -0.4783000424637327 0.42943947314365344 -0.60678421942960659 -0.022079966058621101
leaf_weight=24868 80 104 104 103 105 88 144 152 80 749 107 99 100 749
leaf_count=24868 80 104 104 103 105 88 144 152 80 749 107 99 100 749
internal_value=-2.31665e-05 0.000509048 0.11036 -0.000349353 -0.116686 -0.0845278 0.000566683 0.091066 -0.000451484 -0.00112004 -0.0359858 -0.0842156 -0.0374595 -0.0940991
internal_weight=27632 27464 208 27256 208 168 27048 296 26752 26672 1804 1055 948 849
internal_count=27632 27464 208 27256 208 168 27048 296 26752 26672 1804 1055 948 849
is_linear=0
shrinkage=0.05


Tree=283
num_leaves=15
num_cat=0
split_feature=6 9 7 14 10 14 13 7 5 5 10 11 14 7
split_gain=507.621 3483.04 5238.68 5991.49 5238.02 5114.16 2784.59 6603.66 5041.15 2752.53 12737.3 2692.67 2438.92 2428.78
threshold=96.500000000000014 100.50000000000001 84.500000000000014 75.500000000000014 100.50000000000001 82.500000000000014 107.50000000000001 77.500000000000014 100.50000000000001 77.500000000000014 108.50000000000001 25.500000000000004 149.50000000000003 105.50000000000001
decision_type=2 2 2 2 2 2 2 2 2 2 2 2 2 2
left_child=1 2 -1 -4 5 -3 7 -6 -8 10 -2 -11 -10 -13
right_child=9 4 3 -5 6 -7 8 -9 12 11 -12 13 -14 -15
leaf_value=0.0028864823125873528 0.22069459742696218 0.56364422034399186 0.052349783133038064 -0.51202392369368166 0.49065691113020438 0.096006652098652487 -0.31614370906636835 0.03324615124182486 0.19962735338452853 -0.27184552499043046 -0.60935074513958343 -0.042296289234176755 -0.036981990339549166 0.007589564282689797
leaf_weight=10144 88 97 83 101 94 143 121 393 154 88 88 3016 342 12680
leaf_count=10144 88 97 83 101 94 143 121 393 154 88 88 3016 342 12680
internal_value=-2.6102e-05 0.00789661 -0.00197163 -0.262792 0.0834556 0.292656 0.0368628 0.125624 -0.0336433 -0.00582087 -0.199696 -0.0035965 0.0377405 -0.00200646
internal_weight=27632 11672 10328 184 1344 240 1104 487 617 15960 176 15784 496 15696
internal_count=27632 11672 10328 184 1344 240 1104 487 617 15960 176 15784 496 15696
is_linear=0
shrinkage=0.05


Tree=284
num_leaves=15
num_cat=0
split_feature=7 5 0 6 6 5 9 0 6 12 14 14 8 8
split_gain=500.688 2478.39 2917.74 2860.31 2707.68 2561.75 2528.36 6128.57 2304.73 2240.43 5698.45 2703.38 2072.68 3594.37
threshold=133.50000000000003 126.50000000000001 4.5000000000000009 129.50000000000003 125.50000000000001 117.50000000000001 152.50000000000003 4.5000000000000009 122.50000000000001 121.50000000000001 88.500000000000014 120.50000000000001 144.50000000000003 136.50000000000003
decision_type=2 2 2 2 2 2 2 2 2 2 2 2 2 2
left_child=1 3 8 4 5 6 -1 -8 -3 10 -7 -12 13 -2
right_child=12 2 -4 -5 -6 9 7 -9 -10 -11 11 -13 -14 -15
leaf_value=0.00043658923959458986 -0.007065857118815611 0.26762728130190888 -0.0036921059321513568 -0.26690203643007443 0.18060677827222318 -0.49957139200093792 -0.10795223312766365 0.48226037209518674 0.078448111737585619 -0.0094655598646828116 0.013928037608637657 -0.29046968646813187 0.0052756530719151882 -0.14645648187225951
leaf_weight=16832 1392 204 940 96 200 93 84 84 736 520 268 95 5400 688
leaf_count=16832 1392 204 940 96 200 93 84 84 736 520 268 95 5400 688
internal_value=-2.58999e-05 0.00407475 0.0586605 -0.00155608 -8.15886e-05 -0.00214158 0.00239131 0.192563 0.120703 -0.0807054 -0.16096 -0.0685995 -0.0110689 -0.0534126
internal_weight=27632 20152 1880 18272 18176 17976 17000 168 940 976 456 363 7480 2080
internal_count=27632 20152 1880 18272 18176 17976 17000 168 940 976 456 363 7480 2080
is_linear=0
shrinkage=0.05


Tree=285
num_leaves=15
num_cat=0
split_feature=13 11 5 11 13 8 0 11 1 4 14 13 14 4
split_gain=488.591 588.736 4428.76 4019.67 20237.1 2669.12 3018.83 5814.71 2100.2 1963.52 1781.37 8345.24 1550.12 3403.68
threshold=19.500000000000004 23.500000000000004 114.50000000000001 22.500000000000004 146.50000000000003 22.500000000000004 4.5000000000000009 91.500000000000014 12.500000000000002 4.5000000000000009 163.50000000000003 22.500000000000004 65.500000000000014 3.5000000000000004
decision_type=2 2 2 2 2 2 2 2 2 2 2 2 2 2
left_child=-1 2 3 10 9 6 7 -3 -8 -5 12 -12 -2 -14
right_child=1 5 -4 4 -6 -7 8 -9 -10 -11 11 -13 13 -15
leaf_value=-0.09945836396115583 0.0089869214883572714 -0.087906690140156063 -0.34593921877005523 -0.014160043695608658 0.69014865102544998 0.0012914011130400428 -0.061760856226153141 -0.5273022557203384 0.10633626438473778 0.20770431056172931 0.43477811988015641 -0.12069919387949934 0.049641080981336516 -0.13041309763083384
leaf_weight=118 4754 693 80 672 126 18878 478 80 297 112 117 148 439 640
leaf_count=118 4754 693 80 672 126 18878 478 80 297 112 117 148 439 640
internal_value=-2.73458e-05 0.00041708 0.0128279 0.0171672 0.11489 -0.00389168 -0.0669005 -0.136478 0.002927 0.0186503 0.00250187 0.128059 -0.00330713 -0.0572655
internal_weight=27632 27514 7088 7008 910 20426 1548 773 775 784 6098 265 5833 1079
internal_count=27632 27514 7088 7008 910 20426 1548 773 775 784 6098 265 5833 1079
is_linear=0
shrinkage=0.05


Tree=286
num_leaves=15
num_cat=0
split_feature=14 5 6 4 5 6 7 11 9 8 11 11 14 4
split_gain=506.628 1884.37 2049.5 1709.91 6252.18 7911.77 3592.74 11865.4 1637.38 1644.54 1488.5 2919.52 1366.45 1909.9
threshold=156.50000000000003 20.500000000000004 165.50000000000003 2.5000000000000004 104.50000000000001 25.500000000000004 24.500000000000004 21.500000000000004 113.50000000000001 112.50000000000001 61.500000000000007 73.500000000000014 161.50000000000003 3.5000000000000004
decision_type=2 2 2 2 2 2 2 2 2 2 2 2 2 2
left_child=-1 -2 3 4 5 -3 7 -5 -6 -10 -8 -12 -4 -14
right_child=1 2 12 6 8 -7 10 -9 9 -11 11 -13 13 -15
leaf_value=0.0030698262275856056 0.209311413815569 -0.10536912960288602 -0.068816084495492647 -0.16558835763727953 0.12297507342666586 -0.69995935791782271 -0.19797779134590263 0.62810622006654748 -0.25467257991993941 -0.024683703435615531 0.23302246076967933 -0.043001564353867497 0.082217022087514108 -0.045183025921384498
leaf_weight=22858 87 163 319 102 146 82 132 80 88 482 97 1583 1001 412
leaf_count=22858 87 163 319 102 146 82 132 80 88 482 97 1583 1001 412
internal_value=-2.49721e-05 -0.0148306 -0.0192098 -0.0444949 -0.0991043 -0.314394 -0.017994 0.190754 -0.0237674 -0.0620965 -0.0394283 -0.0264203 0.0239336 0.0450416
internal_weight=27632 4774 4687 2955 961 245 1994 182 716 570 1812 1680 1732 1413
internal_count=27632 4774 4687 2955 961 245 1994 182 716 570 1812 1680 1732 1413
is_linear=0
shrinkage=0.05


Tree=287
num_leaves=15
num_cat=0
split_feature=1 12 3 7 14 7 6 7 7 10 13 5 5 1
split_gain=494.791 1115.47 1140.49 999.931 1218.64 750.586 4023.24 2921.94 2882.91 4781.77 3391.15 2746.76 2166.49 1838.64
threshold=21.500000000000004 141.50000000000003 3.5000000000000004 131.50000000000003 121.50000000000001 126.50000000000001 157.50000000000003 117.50000000000001 121.50000000000001 105.50000000000001 161.50000000000003 109.50000000000001 130.50000000000003 17.500000000000004
decision_type=2 2 2 2 2 2 2 2 2 2 2 2 2 2
left_child=5 3 -3 4 -2 6 7 -1 10 -10 -9 -7 -11 -13
right_child=1 2 -4 -5 -6 11 -8 8 9 12 -12 13 -14 -15
leaf_value=0.00075751825780696338 -0.006323757733449494 -0.041772185813854723 -0.23831229006024923 0.14562541662466408 -0.18662217164581474 -0.25259488838692679 0.3507941435321289 0.10592932241819362 -0.23320271208123039 0.1845066201052297 0.43363171961746716 -0.021522295768453624 -0.086245426070799533 0.035964840787856271
leaf_weight=16568 1766 233 105 96 94 111 80 506 152 231 90 5657 104 1839
leaf_count=16568 1766 233 105 96 94 111 80 506 152 231 90 5657 104 1839
internal_value=-2.66773e-05 -0.022237 -0.105411 -0.00763223 -0.0159115 0.00198815 0.00762442 0.00597016 0.0853446 -0.00502036 0.15861 -0.0111457 0.10042 -0.00740436
internal_weight=27632 2294 338 1956 1860 25338 17731 17651 1083 487 596 7607 335 7496
internal_count=27632 2294 338 1956 1860 25338 17731 17651 1083 487 596 7607 335 7496
is_linear=0
shrinkage=0.05


Tree=288
num_leaves=15
num_cat=0
split_feature=2 14 14 6 14 13 7 1 1 14 5 6 14 14
split_gain=481.882 1034.69 1673.53 1947.56 1597.64 2288.57 3086.13 1084.86 3267.24 1345.97 1312.83 2353.36 2161.78 2129.36
threshold=2.5000000000000004 141.50000000000003 130.50000000000003 147.50000000000003 152.50000000000003 161.50000000000003 156.50000000000003 1.0000000180025095e-35 1.5000000000000002 58.500000000000007 71.500000000000014 96.500000000000014 89.500000000000014 89.500000000000014
decision_type=2 2 2 2 2 2 2 2 2 2 2 2 2 2
left_child=-1 2 7 -4 5 6 -3 9 -9 -2 13 12 -12 -10
right_child=1 4 3 -5 -6 -7 -8 8 10 -11 11 -13 -14 -15
leaf_value=-0.0038360277307589057 -0.2041829911145297 -0.15338581010215402 0.041014638055926887 0.3453336690892192 0.0031441797164990164 -0.29570933639621128 0.19461479150887692 0.18439511446911627 0.0021565755628103365 0.013371263271917337 0.35477447214179508 0.021759372160906024 0.024723515203316709 -0.15110567338493477
leaf_weight=20724 116 174 142 80 1486 112 94 288 1720 171 102 2073 94 256
leaf_count=20724 116 174 142 80 1486 112 94 288 1720 171 102 2073 94 256
internal_value=-2.36194e-05 0.0114081 0.0231748 0.15587 -0.020363 -0.111136 -0.0299971 0.016908 0.022903 -0.0765507 0.0117426 0.0376537 0.201037 -0.0180305
internal_weight=27632 6908 5042 222 1866 380 268 4820 4533 287 4245 2269 196 1976
internal_count=27632 6908 5042 222 1866 380 268 4820 4533 287 4245 2269 196 1976
is_linear=0
shrinkage=0.05


Tree=289
num_leaves=15
num_cat=0
split_feature=2 14 14 7 13 12 11 5 14 1 10 13 1 13
split_gain=486.827 1309.17 10092.1 2741.82 1636.83 1349.48 1932.57 1963.88 1336.39 2719.97 6500.59 2390.5 2134.96 2458.18
threshold=1.0000000180025095e-35 62.500000000000007 28.500000000000004 164.50000000000003 175.50000000000003 139.50000000000003 114.50000000000001 107.50000000000001 111.50000000000001 7.5000000000000009 113.50000000000001 107.50000000000001 19.500000000000004 26.500000000000004
decision_type=2 2 2 2 2 2 2 2 2 2 2 2 2 2
left_child=1 2 3 4 5 6 7 -1 9 -3 -11 -12 13 -10
right_child=-2 8 -4 -5 -6 -7 -8 -9 12 10 11 -13 -14 -15
leaf_value=-0.0074910717706829031 -0.0038509476114376609 0.02965696419823895 -0.46097132278392555 0.25387068303337074 -0.20304540414547567 0.15907938005044486 -0.23229468290458671 0.2315652318422993 0.10859539454802872 0.56999230190563732 0.24705822981285075 -0.062906594712955829 -0.087400531992047961 -0.003299064254880218
leaf_weight=1887 20724 1132 117 101 96 125 86 85 670 80 99 151 481 1798
leaf_count=1887 20724 1132 117 101 96 125 86 85 670 80 99 151 481 1798
internal_value=-1.90274e-05 0.0114712 -0.0174367 0.00528804 -0.00626021 0.00283787 -0.00701457 0.00337267 0.0278367 0.066837 0.19203 0.062277 0.00842147 0.0272356
internal_weight=27632 6908 2497 2380 2279 2183 2058 1972 4411 1462 330 250 2949 2468
internal_count=27632 6908 2497 2380 2279 2183 2058 1972 4411 1462 330 250 2949 2468
is_linear=0
shrinkage=0.05


Tree=290
num_leaves=15
num_cat=0
split_feature=10 9 1 1 6 8 7 5 10 11 10 3 7 8
split_gain=481.628 2390.42 11980.7 14078.7 2593.44 2132.53 2720.76 3390.13 2033.37 5556.69 7104.55 6518.37 4663.42 11869.6
threshold=23.500000000000004 24.500000000000004 11.500000000000002 3.5000000000000004 66.500000000000014 22.500000000000004 24.500000000000004 21.500000000000004 101.50000000000001 109.50000000000001 100.50000000000001 2.5000000000000004 98.500000000000014 101.50000000000001
decision_type=2 2 2 2 2 2 2 2 2 2 2 2 2 2
left_child=1 4 3 -3 5 6 -1 -8 9 10 12 -12 13 -2
right_child=8 2 -4 -5 -6 -7 7 -9 -10 -11 11 -13 -14 -15
leaf_value=0.025706125473409253 -0.05059605058568481 0.034446922716050023 -0.092459501837474034 0.88809072029861535 0.22218425700763117 -0.049432665244292483 0.022702542879319502 -0.27018205145610635 0.0056535779174457139 0.29959736891984939 -0.048421952593070208 -0.66532659763141588 0.023124937784292282 -0.58323324742393756
leaf_weight=4760 2640 108 273 83 128 1688 216 176 14728 120 88 80 2440 104
leaf_count=4760 2640 108 273 83 128 1688 216 176 14728 120 88 80 2440 104
internal_value=-1.32043e-05 0.0108654 0.12013 0.418594 0.00350853 -0.000742952 0.0152422 -0.110543 -0.00401736 -0.0300283 -0.0376917 -0.352925 -0.0271456 -0.0718076
internal_weight=27632 7432 464 191 6968 6840 5152 392 20200 5472 5352 168 5184 2744
internal_count=27632 7432 464 191 6968 6840 5152 392 20200 5472 5352 168 5184 2744
is_linear=0
shrinkage=0.05


Tree=291
num_leaves=15
num_cat=0
split_feature=6 9 10 7 14 1 3 10 5 5 10 9 8 0
split_gain=497.377 3202.07 4826.43 4657.69 5436.18 4621.39 2754.13 4526.23 2842.79 2522.41 11490 2337.14 2165.45 6005.88
threshold=96.500000000000014 100.50000000000001 100.50000000000001 83.500000000000014 71.500000000000014 7.5000000000000009 4.5000000000000009 112.50000000000001 100.50000000000001 77.500000000000014 108.50000000000001 48.000000000000007 105.50000000000001 4.5000000000000009
decision_type=2 2 2 2 2 2 2 2 2 2 2 2 2 2
left_child=1 3 5 -1 -5 -3 8 -8 -4 10 -2 -11 13 -13
right_child=9 2 6 4 -6 -7 7 -9 -10 11 -12 12 -14 -15
leaf_value=0.0035072684830152537 0.20799882333044725 0.11720673948889826 -0.19590225020592864 0.045691488222642379 -0.43439595345407728 0.57726443247912929 -0.02140647097421973 0.38244162427639605 0.035558414053705113 -0.23434659211187189 -0.58040158863990532 0.027651687810185441 0.0087420162827920485 -0.095742227852910256
leaf_weight=10096 88 159 160 105 127 81 144 128 672 104 88 1968 11744 1968
leaf_count=10096 88 159 160 105 127 81 144 128 672 104 88 1968 11744 1968
internal_value=-1.46981e-05 0.00782767 0.080275 -0.00163431 -0.220735 0.281088 0.0355495 0.172113 -0.00985762 -0.0057507 -0.191345 -0.00362128 -0.00201675 -0.0340885
internal_weight=27632 11672 1344 10328 232 240 1104 272 832 15960 176 15784 15680 3936
internal_count=27632 11672 1344 10328 232 240 1104 272 832 15960 176 15784 15680 3936
is_linear=0
shrinkage=0.05


Tree=292
num_leaves=15
num_cat=0
split_feature=10 9 7 1 6 9 3 8 14 5 12 12 9 14
split_gain=540.593 3275.37 7401.95 4334.4 4348.99 3140.92 3508.82 2793.01 2620.55 2645.29 6148.71 2385.59 3929.35 3686.72
threshold=162.50000000000003 152.50000000000003 94.500000000000014 12.500000000000002 162.50000000000003 150.50000000000003 2.5000000000000004 152.50000000000003 179.50000000000003 121.50000000000001 169.50000000000003 134.50000000000003 171.50000000000003 143.50000000000003
decision_type=2 2 2 2 2 2 2 2 2 2 2 2 2 2
left_child=1 5 -3 -4 7 -1 -7 -5 9 10 -2 12 -11 -14
right_child=8 2 3 4 -6 6 -8 -9 -10 11 -12 -13 13 -15
leaf_value=-0.00053582538593149268 0.019760772963571881 0.4520254060156389 -0.11161762238638324 0.10278079430299986 0.21683401916557588 -0.0007568804893451624 -0.40720634391844862 -0.068412293466575499 0.12995688606881434 -0.013601732802736114 -0.50480208471167065 0.0010563968100876276 -0.44092646136991959 -0.033697086711432421
leaf_weight=21136 139 112 363 503 410 112 96 444 283 429 88 3292 128 97
leaf_count=21136 139 112 363 503 410 112 96 444 283 429 88 3292 128 97
internal_value=-1.53759e-05 0.00305203 0.0671167 0.0408153 0.0818514 -0.00246121 -0.193504 0.0225793 -0.0159547 -0.0259937 -0.190091 -0.0163251 -0.103162 -0.269914
internal_weight=27632 23176 1832 1720 1357 21344 208 947 4456 4173 227 3946 654 225
internal_count=27632 23176 1832 1720 1357 21344 208 947 4456 4173 227 3946 654 225
is_linear=0
shrinkage=0.05


Tree=293
num_leaves=15
num_cat=0
split_feature=14 5 3 11 3 3 9 11 8 1 9 9 5 14
split_gain=531.892 1753.05 11453.3 6674.62 6469.88 8875.71 7675.47 1857.41 3011.15 1672.54 1520.89 10121.1 5319.73 1482.46
threshold=156.50000000000003 21.500000000000004 4.5000000000000009 21.500000000000004 5.5000000000000009 4.5000000000000009 122.50000000000001 23.500000000000004 93.500000000000014 18.500000000000004 96.500000000000014 100.50000000000001 103.50000000000001 157.50000000000003
decision_type=2 2 2 2 2 2 2 2 2 2 2 2 2 2
left_child=-1 2 -2 -3 5 7 -6 -5 -9 10 -10 -12 -13 -14
right_child=1 3 -4 4 6 -7 -8 8 9 -11 11 12 13 -15
leaf_value=0.0031504543928552692 0.43614815910713711 -0.44423157923915629 -0.20008503547554987 0.20281459152143688 0.60445208777298876 -0.42478963751885773 0.050459445627543321 -0.23387096509892746 0.16612229301950071 -0.19132676554007794 -0.53612372838788569 0.37199377454024685 -0.20410692933358643 -0.0036945737696462231
leaf_weight=22858 131 87 143 89 82 133 226 156 118 122 85 89 90 3223
leaf_count=22858 131 87 143 89 82 133 226 156 118 122 85 89 90 3223
internal_value=-2.05696e-05 -0.0151909 0.106464 -0.0227083 -0.0139048 -0.0305779 0.205251 -0.0168605 -0.0221499 -0.0129864 -0.00669444 -0.012772 0.00107167 -0.00943829
internal_weight=27632 4774 274 4500 4413 4105 308 3972 3883 3727 3605 3487 3402 3313
internal_count=27632 4774 274 4500 4413 4105 308 3972 3883 3727 3605 3487 3402 3313
is_linear=0
shrinkage=0.05


Tree=294
num_leaves=15
num_cat=0
split_feature=1 1 14 14 4 9 2 3 13 7 5 13 5 5
split_gain=514.921 5781.48 4786.22 3207.18 3719.13 5377.58 2550.32 3394.78 2872.49 2694.87 2307.15 2058.37 2950.32 2601.59
threshold=4.5000000000000009 5.5000000000000009 119.50000000000001 107.50000000000001 3.5000000000000004 60.500000000000007 1.0000000180025095e-35 4.5000000000000009 78.500000000000014 24.500000000000004 60.500000000000007 75.500000000000014 117.50000000000001 65.500000000000014
decision_type=2 2 2 2 2 2 2 2 2 2 2 2 2 2
left_child=2 6 3 11 5 -5 -2 8 9 -8 -6 12 -1 -13
right_child=1 -3 -4 4 10 -7 7 -9 -10 -11 -12 13 -14 -15
leaf_value=-0.014715070202158217 0.016378611166653172 0.0025475250999004943 -0.22894528741064257 0.52995321502215986 -0.2766391114959883 0.10855628488468257 -0.069481201461972078 -0.00039550646784414581 -0.091346689272104153 -0.39213394059686729 0.043732209103863412 -0.020091776519796122 -0.24709655800196406 0.086679800910266877
leaf_weight=2133 288 20726 192 81 81 679 89 252 264 259 159 1056 141 1232
leaf_count=2133 288 20726 192 81 81 679 89 252 264 259 159 1056 141 1232
internal_value=-2.31873e-05 -0.00352405 0.0132794 0.0218391 0.102696 0.156639 -0.112299 -0.155039 -0.218196 -0.311769 -0.0678322 0.00402203 -0.0296345 0.0374643
internal_weight=27632 21878 5754 5562 1000 760 1152 864 612 348 240 4562 2274 2288
internal_count=27632 21878 5754 5562 1000 760 1152 864 612 348 240 4562 2274 2288
is_linear=0
shrinkage=0.05


Tree=295
num_leaves=15
num_cat=0
split_feature=9 10 10 10 10 14 14 6 4 5 7 10 11 8
split_gain=509.402 925.465 892.467 1209.55 1096.59 1700.79 926.458 2191.35 2551.96 4807.17 3485.5 2643.92 3392.05 1344.68
threshold=192.50000000000003 196.50000000000003 189.50000000000003 192.50000000000003 182.50000000000003 162.50000000000003 170.50000000000003 165.50000000000003 2.5000000000000004 103.50000000000001 24.500000000000004 87.500000000000014 97.500000000000014 178.50000000000003
decision_type=2 2 2 2 2 2 2 2 2 2 2 2 2 2
left_child=2 -2 4 -4 6 -6 13 8 9 -8 -10 -12 -13 -1
right_child=1 -3 3 -5 5 -7 7 -9 10 -11 11 12 -14 -15
leaf_value=0.001957525072559006 -0.2033198890878874 0.026677167033075645 0.21888093590189561 -0.018658291726210797 -0.25267312696065614 0.028707647757096721 -0.4190793659982685 0.044732251640085027 0.22173349428630901 -0.058875406166826516 -0.31836291768334135 0.17889883285981767 -0.091395310276055755 0.11736195792024043
leaf_weight=24932 80 88 104 104 103 105 128 604 123 312 83 149 467 250
leaf_count=24932 80 88 104 104 103 105 128 604 123 312 83 149 467 250
internal_value=-2.70302e-05 -0.0855562 0.000511638 0.102461 -0.000285026 -0.11329 0.000604767 -0.0333412 -0.0707366 -0.167193 -0.0184065 -0.0619376 -0.0251017 0.0031263
internal_weight=27632 168 27464 208 27256 208 27048 1866 1262 440 822 699 616 25182
internal_count=27632 168 27464 208 27256 208 27048 1866 1262 440 822 699 616 25182
is_linear=0
shrinkage=0.05


Tree=296
num_leaves=15
num_cat=0
split_feature=9 9 1 0 9 8 9 7 5 12 7 0 3 1
split_gain=503.466 3320.67 3872.78 3386.34 3298.4 4799.2 3363.84 2973.34 4006.41 3971.05 4523.11 5044.51 4632.72 2675.08
threshold=159.50000000000003 152.50000000000003 17.500000000000004 4.5000000000000009 157.50000000000003 159.50000000000003 156.50000000000003 82.500000000000014 121.50000000000001 144.50000000000003 155.50000000000003 4.5000000000000009 2.5000000000000004 17.500000000000004
decision_type=2 2 2 2 2 2 2 2 2 2 2 2 2 2
left_child=1 -1 3 -3 6 -6 -4 -2 -9 10 12 -12 -10 -13
right_child=7 2 4 -5 5 -7 -8 8 9 -11 11 13 -14 -15
leaf_value=-0.0020593814073565793 0.20475866516939548 0.090932950097476831 0.15310073693209292 -0.11039817224183235 -0.15437616977375002 0.25917457460314036 0.46718943356902998 -0.27042962822849587 -0.107423736780155 0.017946691401261251 -0.1459020462328606 0.16792419077917792 -0.51631405730859947 -0.067789502385152786
leaf_weight=21464 144 468 286 369 155 120 122 152 200 3048 500 308 104 192
leaf_count=21464 144 468 286 369 155 120 122 152 200 3048 500 308 104 192
internal_value=-3.04135e-05 0.00300542 0.074298 0.00204557 0.162183 0.027488 0.251538 -0.0150295 -0.0222757 -0.0133082 -0.0861535 -0.0343033 -0.253398 0.0776351
internal_weight=27632 22984 1520 837 683 275 408 4648 4504 4352 1304 1000 304 500
internal_count=27632 22984 1520 837 683 275 408 4648 4504 4352 1304 1000 304 500
is_linear=0
shrinkage=0.05


Tree=297
num_leaves=15
num_cat=0
split_feature=10 10 11 11 6 5 12 6 12 14 14 9 7 13
split_gain=517.508 3213.48 2778.94 3115.9 3778.65 2515.12 2099.32 3518.66 2685.58 14478.3 5828.5 2107.61 1962.17 1713.02
threshold=130.50000000000003 125.50000000000001 95.500000000000014 105.50000000000001 160.50000000000003 123.50000000000001 121.50000000000001 98.500000000000014 118.50000000000001 140.50000000000003 76.500000000000014 88.500000000000014 108.50000000000001 69.500000000000014
decision_type=2 2 2 2 2 2 2 2 2 2 2 2 2 2
left_child=1 6 -2 4 -4 -3 8 11 -1 10 -10 -8 -9 -5
right_child=2 5 3 13 -6 -7 7 12 9 -11 -12 -13 -14 -15
leaf_value=0.00025695886488938467 0.22383527116179469 0.078384830748329151 -0.32457090932983546 0.030628028966199896 0.026743741812356187 0.38475213435642863 0.067468204568414125 -0.1491669156686648 -0.66390914570126269 0.40314560253277759 -0.14866724446630822 0.41039788352513534 0.062052537473956684 -0.02139669902709225
leaf_weight=17360 120 336 168 2140 136 80 80 128 85 84 151 104 632 6028
leaf_count=17360 120 336 168 2140 136 80 80 128 85 84 151 104 632 6028
internal_value=-2.90164e-05 0.00456748 -0.0102117 -0.0136568 -0.169514 0.141171 0.00147912 0.0739267 -0.00240893 -0.144812 -0.344166 0.267027 0.0257363 -0.00775592
internal_weight=27632 19040 8592 8472 304 416 18624 944 17680 320 236 184 760 8168
internal_count=27632 19040 8592 8472 304 416 18624 944 17680 320 236 184 760 8168
is_linear=0
shrinkage=0.05


Tree=298
num_leaves=15
num_cat=0
split_feature=14 6 0 1 5 9 13 1 7 4 3 0 11 1
split_gain=522.195 3174.51 6739.21 11678.3 5818.23 9824.57 1841.55 3266.54 5044.5 13778.8 12222.5 2511.36 1919.49 1814.36
threshold=149.50000000000003 27.500000000000004 4.5000000000000009 10.500000000000002 103.50000000000001 100.50000000000001 167.50000000000003 15.500000000000002 22.500000000000004 1.5000000000000002 3.5000000000000004 5.5000000000000009 80.500000000000014 13.500000000000002
decision_type=2 2 2 2 2 2 2 2 2 2 2 2 2 2
left_child=6 2 -2 -4 5 -3 -1 8 -8 -10 11 -11 -12 -6
right_child=1 4 3 -5 13 -7 7 -9 9 10 12 -13 -14 -15
leaf_value=0.00042343465242091198 -0.082796441718707231 -0.56373215781954622 0.61755669103218969 0.0043722919188439848 0.014773406262663165 0.049241360464581739 -0.077544736634525324 -0.13193192935238282 0.62272350749938843 0.16299103205922502 -0.35922816617958314 0.52033688679337498 -0.055978884172783995 -0.045410475829480573
leaf_weight=20810 280 125 125 193 2644 130 240 160 136 124 108 85 101 2371
leaf_count=20810 280 125 125 193 2644 130 240 160 136 124 108 85 101 2371
internal_value=-2.41285e-05 -0.0132551 0.0954413 0.251232 -0.0256679 -0.256298 0.00354542 0.0712893 0.11281 0.19523 0.0504246 0.317085 -0.217414 -0.0136973
internal_weight=27632 5868 598 318 5270 255 21764 954 794 554 418 209 209 5015
internal_count=27632 5868 598 318 5270 255 21764 954 794 554 418 209 209 5015
is_linear=0
shrinkage=0.05


Tree=299
num_leaves=15
num_cat=0
split_feature=1 13 5 14 1 4 3 13 5 14 13 8 6 1
split_gain=502.593 3077.23 4174.46 2874.77 1607.93 4120.74 7849.84 3868.74 4614.69 9394.77 11117.5 5493.29 4242.7 3388.45
threshold=19.500000000000004 129.50000000000003 116.50000000000001 134.50000000000003 17.500000000000004 1.5000000000000002 4.5000000000000009 167.50000000000003 126.50000000000001 137.50000000000003 142.50000000000003 27.500000000000004 138.50000000000003 16.500000000000004
decision_type=2 2 2 2 2 2 2 2 2 2 2 2 2 2
left_child=4 3 -3 -2 13 6 -6 8 11 10 -10 -7 -11 -1
right_child=1 2 -4 -5 5 7 -8 -9 9 12 -12 -13 -14 -15
leaf_value=0.0035014042154791684 0.0030747740118468774 0.059841649546101695 -0.31585993373039417 -0.23479925580269423 0.028508698186655152 -0.019869042471401407 0.50262566121449148 -0.29529983551090239 0.47796356340966606 -0.25272399312097754 -0.079668730267042145 -0.44682753120094199 0.045096317315689312 -0.084556602425217259
leaf_weight=19578 4170 120 182 126 256 612 128 92 256 144 134 81 601 1152
leaf_count=19578 4170 120 182 126 256 612 128 92 256 144 134 81 601 1152
internal_value=-1.6809e-05 -0.0151004 -0.168031 -0.00416683 0.00299677 0.0425754 0.190977 0.0124761 0.0287292 0.0906553 0.287784 -0.0726166 -0.01377 -0.00141133
internal_weight=27632 4598 302 4296 23034 2304 384 1920 1828 1135 390 693 745 20730
internal_count=27632 4598 302 4296 23034 2304 384 1920 1828 1135 390 693 745 20730
is_linear=0
shrinkage=0.05


end of trees

feature_importances:
week=661
hour=492
lag0=488
day=387
lag2=307
lag4=281
dow=272
lag1=221
lag3=215
lag5=210
lag6=209
lag7=162
month=156
horizon=82
quarter=57

parameters:
[boosting: gbdt]
[objective: regression]
[metric: l2]
[tree_learner: serial]
[device_type: cpu]
[data_sample_strategy: bagging]
[data: ]
[valid: ]
[num_iterations: 300]
[learning_rate: 0.05]
[num_leaves: 15]
[num_threads: 2]
[seed: 42]
[deterministic: 0]
[force_col_wise: 0]
[force_row_wise: 0]
[histogram_pool_size: -1]
[max_depth: -1]
[min_data_in_leaf: 80]
[min_sum_hessian_in_leaf: 0.001]
[bagging_fraction: 1]
[pos_bagging_fraction: 1]
[neg_bagging_fraction: 1]
[bagging_freq: 0]
[bagging_seed: 400]
[bagging_by_query: 0]
[feature_fraction: 1]
[feature_fraction_bynode: 1]
[feature_fraction_seed: 30056]
[extra_trees: 0]
[extra_seed: 12879]
[early_stopping_round: 0]
[early_stopping_min_delta: 0]
[first_metric_only: 0]
[max_delta_step: 0]
[lambda_l1: 0]
[lambda_l2: 5]
[linear_lambda: 0]
[min_gain_to_split: 0]
[drop_rate: 0.1]
[max_drop: 50]
[skip_drop: 0.5]
[xgboost_dart_mode: 0]
[uniform_drop: 0]
[drop_seed: 17869]
[top_rate: 0.2]
[other_rate: 0.1]
[min_data_per_group: 100]
[max_cat_threshold: 32]
[cat_l2: 10]
[cat_smooth: 10]
[max_cat_to_onehot: 4]
[top_k: 20]
[monotone_constraints: ]
[monotone_constraints_method: basic]
[monotone_penalty: 0]
[feature_contri: ]
[forcedsplits_filename: ]
[refit_decay_rate: 0.9]
[cegb_tradeoff: 1]
[cegb_penalty_split: 0]
[cegb_penalty_feature_lazy: ]
[cegb_penalty_feature_coupled: ]
[path_smooth: 0]
[interaction_constraints: ]
[verbosity: -1]
[saved_feature_importance_type: 0]
[use_quantized_grad: 0]
[num_grad_quant_bins: 4]
[quant_train_renew_leaf: 0]
[stochastic_rounding: 1]
[linear_tree: 0]
[max_bin: 255]
[max_bin_by_feature: ]
[min_data_in_bin: 3]
[bin_construct_sample_cnt: 200000]
[data_random_seed: 175]
[is_enable_sparse: 1]
[enable_bundle: 1]
[use_missing: 1]
[zero_as_missing: 0]
[feature_pre_filter: 1]
[pre_partition: 0]
[two_round: 0]
[header: 0]
[label_column: ]
[weight_column: ]
[group_column: ]
[ignore_column: ]
[categorical_feature: ]
[forcedbins_filename: ]
[precise_float_parser: 0]
[parser_config_file: ]
[objective_seed: 16083]
[num_class: 1]
[is_unbalance: 0]
[scale_pos_weight: 1]
[sigmoid: 1]
[boost_from_average: 1]
[reg_sqrt: 0]
[alpha: 0.9]
[fair_c: 1]
[poisson_max_delta_step: 0.7]
[tweedie_variance_power: 1.5]
[lambdarank_truncation_level: 30]
[lambdarank_norm: 1]
[label_gain: ]
[lambdarank_position_bias_regularization: 0]
[eval_at: ]
[multi_error_top_k: 1]
[auc_mu_weights: ]
[num_machines: 1]
[local_listen_port: 12400]
[time_out: 120]
[machine_list_filename: ]
[machines: ]
[gpu_platform_id: -1]
[gpu_device_id: -1]
[gpu_device_id_list: ]
[gpu_use_dp: 0]
[num_gpu: 1]

end of parameters

pandas_categorical:[]
