tree
version=v4
num_class=1
num_tree_per_iteration=1
label_index=0
max_feature_idx=14
objective=regression
feature_names=horizon hour quarter dow month lag0 lag1 lag2 lag3 lag4 lag5 lag6 lag7 day week
feature_infos=[1:8] [0:23] [0:3] [0:6] [1:4] [19:206] [19:208] [19:222] [19:192] [19:206] [19:208] [19:222] [19:192] [19:222] [19:222]
tree_sizes=1391 1426 1428 1423 1423 1415 1427 1427 1433 1437 1423 1436 1437 1427 1438 1440 1438 1438 1446 1440 1444 1440 1438 1439 1436 1439 1444 1433 1447 1441 1444 1437 1452 1429 1448 1440 1442 1448 1433 1432 1429 1432 1440 1434 1436 1441 1435 1430 1430 1438 1427 1451 1437 1449 1449 1449 1443 1421 1455 1442 1450 1451 1443 1445 1448 1435 1440 1439 1449 1444 1456 1428 1456 1446 1452 1452 1460 1460 1451 1452 1446 1444 1462 1452 1454 1460 1443 1442 1454 1438 1451 1426 1439 1451 1458 1471 1439 1457 1449 1447 1458 1425 1445 1446 1453 1472 1446 1450 1460 1456 1439 1449 1455 1463 1451 1435 1449 1449 1448 1457 1441 1455 1462 1438 1461 1443 1444 1440 1444 1435 1460 1452 1450 1449 1462 1453 1454 1449 1448 1452 1468 1456 1464 1447 1473 1463 1442 1451 1445 1446 1443 1465 1458 1437 1447 1439 1432 1444 1444 1467 1455 1453 1448 1471 1441 1452 1438 1452 1463 1455 1451 1465 1444 1436 1444 1454 1455 1443 1442 1449 1463 1444 1433 1441 1462 1456 1452 1472 1448 1455 1447 1473 1461 1467 1464 1444 1453 1448 1454 1456 1440 1447 1434 1451 1441 1439 1446 1431 1466 1464 1484 1439 1465 1450 1437 1430 1456 1461 1452 1458 1438 1425 1440 1452 1448 1450 1452 1463 1441 1441 1444 1441 1459 1454 1466 1470 1446 1472 1437 1445 1439 1447 1446 1435 1452 1444 1449 1458 1452 1442 1457 1447 1439 1448 1449 1451 1461 1454 1446 1478 1443 1455 1442 1435 1460 1440 1446 1454 1458 1436 1453 1455 1462 1439 1450 1451 1437 1447 1454 1440 1461 1451 1450 1451 1455 1446 1461 1458 1451 1443 1460 1442 1446 1445 1447 1473 1438 1451 1456 1473

Tree=0
num_leaves=15
num_cat=0
split_feature=5 14 1 5 13 14 14 14 14 1 1 1 11 3
split_gain=4.64969e+07 9.90481e+06 1.2958e+06 729754 525235 322424 267192 255329 206731 155933 369500 133279 105978 102762
threshold=45.000000000000007 136.50000000000003 1.5000000000000002 116.50000000000001 137.50000000000003 84.500000000000014 93.500000000000014 154.50000000000003 60.500000000000007 9.5000000000000018 7.5000000000000009 1.5000000000000002 118.50000000000001 4.5000000000000009
decision_type=2 2 2 2 2 2 2 2 2 2 2 2 2 2
left_child=8 2 5 6 -5 -2 13 -3 12 10 11 -10 -1 -4
right_child=1 7 3 4 -6 -7 -8 -9 9 -11 -12 -13 -14 -15
leaf_value=91.098306207246878 93.128208499597477 97.356514027560991 94.72430051309891 95.697896093716423 97.228722178007374 94.822261560613299 95.29288098333312 98.166862122809974 92.904689395882798 91.231935054527412 94.636477816879264 91.284067458228066 93.026511818028453 93.759196648163751
leaf_weight=5562 792 1455 989 2979 691 432 3138 3819 212 604 144 402 84 377
leaf_count=5562 792 1455 989 2979 691 432 3138 3819 212 604 144 402 84 377
internal_value=94.6127 96.213 95.2391 95.4663 95.9893 93.7245 95.0391 97.9461 91.2637 91.847 92.356 91.8253 91.1256 94.4558
internal_weight=21680 14672 9398 8174 3670 1224 4504 5274 7008 1362 758 614 5646 1366
internal_count=21680 14672 9398 8174 3670 1224 4504 5274 7008 1362 758 614 5646 1366
is_linear=0
shrinkage=1


Tree=1
num_leaves=15
num_cat=0
split_feature=5 14 1 5 13 14 14 14 14 1 1 1 1 11
split_gain=4.19747e+07 8.94073e+06 1.16999e+06 660203 446266 291199 236973 223675 185779 140640 333992 120276 98912.2 95091.1
threshold=45.000000000000007 136.50000000000003 1.5000000000000002 118.50000000000001 140.50000000000003 84.500000000000014 148.50000000000003 93.500000000000014 60.500000000000007 9.5000000000000018 7.5000000000000009 1.5000000000000002 15.500000000000002 118.50000000000001
decision_type=2 2 2 2 2 2 2 2 2 2 2 2 2 2
left_child=8 2 5 7 -5 -2 -3 -4 13 10 11 -10 -8 -1
right_child=1 6 3 4 -6 -7 12 -9 9 -11 -12 -13 -14 -15
leaf_value=-3.3388608865770468 -1.4107616891133292 2.3503927505161708 -0.095306448291682611 1.0645596512573725 2.536534373932394 0.19917425777873951 3.4637060580998615 0.6529990672935142 -1.6246069090277784 -3.2131435060735996 0.022599846084645932 -3.1642744882100926 2.870625702142716 -1.5113634945301528
leaf_weight=5562 792 815 1426 2798 632 432 3304 3318 212 604 144 402 1155 84
leaf_count=5562 792 815 1426 2798 632 432 3304 3318 212 604 144 402 1155 84
internal_value=-5.56868e-05 1.52038 0.595122 0.811012 1.33908 -0.84405 3.16701 0.428202 -3.18206 -2.629 -2.14552 -2.65008 3.31347 -3.31303
internal_weight=21680 14672 9398 8174 3430 1224 5274 4744 7008 1362 758 614 4459 5646
internal_count=21680 14672 9398 8174 3430 1224 5274 4744 7008 1362 758 614 4459 5646
is_linear=0
shrinkage=0.05


Tree=2
num_leaves=15
num_cat=0
split_feature=5 14 1 13 5 14 14 14 12 14 1 1 14 1
split_gain=3.78933e+07 8.07121e+06 1.05641e+06 602120 309895 262999 213680 186873 176542 166953 124052 304769 122852 103771
threshold=45.000000000000007 136.50000000000003 1.5000000000000002 144.50000000000003 110.50000000000001 84.500000000000014 148.50000000000003 93.500000000000014 97.500000000000014 33.500000000000007 9.5000000000000018 7.5000000000000009 114.50000000000001 1.5000000000000002
decision_type=2 2 2 2 2 2 2 2 2 2 2 2 2 2
left_child=9 2 5 4 7 -2 -3 -4 -5 -1 11 13 -6 -11
right_child=1 6 3 8 12 -7 -8 -9 -10 10 -12 -13 -14 -15
leaf_value=-3.1484005201142033 -1.3406661165553324 2.2335897189233362 -0.31041710532939615 0.42353045860926308 0.70440382075107588 0.18932947678239997 3.1481510194212095 0.52505175443843422 2.6011183235038251 -1.5786007491711578 -3.0538054091981284 0.021507553766237808 1.249258219269485 -2.9981717523625147
leaf_weight=5632 792 815 990 115 2829 432 4459 2044 537 216 604 144 1659 412
leaf_count=5632 792 815 990 115 2829 432 4459 2044 537 216 604 144 1659 412
internal_value=-6.67403e-05 1.44456 0.565444 0.770588 0.643286 -0.802094 3.00907 0.252374 2.22318 -3.02341 -2.5023 -2.05393 0.906977 -2.52624
internal_weight=21680 14672 9398 8174 7522 1224 5274 3034 652 7008 1376 772 4488 628
internal_count=21680 14672 9398 8174 7522 1224 5274 3034 652 7008 1376 772 4488 628
is_linear=0
shrinkage=0.05


Tree=3
num_leaves=15
num_cat=0
split_feature=5 14 1 5 13 14 14 14 14 6 1 1 1 3
split_gain=3.42075e+07 7.28923e+06 936346 534982 395793 240152 237848 191962 150068 120047 146390 211605 93710.9 92963.7
threshold=45.000000000000007 134.50000000000003 1.5000000000000002 115.50000000000001 140.50000000000003 148.50000000000003 76.500000000000014 93.500000000000014 60.500000000000007 21.500000000000004 9.5000000000000018 7.5000000000000009 2.5000000000000004 4.5000000000000009
decision_type=2 2 2 2 2 2 2 2 2 2 2 2 2 2
left_child=8 2 6 7 -5 -3 -2 13 -1 -10 11 12 -11 -4
right_child=1 5 3 4 -6 -7 -8 -9 9 10 -12 -13 -14 -15
leaf_value=-2.9903842237879696 -1.3480543400962761 2.0761726264700746 0.10474374565197286 0.92666601601084375 2.3122976709521987 2.9909198384585132 0.063064128577130507 0.56408779635496953 -2.9459775302122022 -1.1487487049574781 -2.7205274350878224 0.61206288771195849 -2.858156306403024 -0.81944977000513397
leaf_weight=5646 714 919 968 3099 618 4459 510 3012 566 192 350 105 149 373
leaf_count=5646 714 919 968 3099 618 4459 510 3012 566 192 350 105 149 373
internal_value=-7.87821e-05 1.37249 0.524161 0.719622 1.15984 2.83668 -0.762224 0.342822 -2.87263 -2.37533 -1.95371 -1.32845 -1.92618 -0.15441
internal_weight=21680 14672 9294 8070 3717 5378 1224 4353 7008 1362 796 446 341 1341
internal_count=21680 14672 9294 8070 3717 5378 1224 4353 7008 1362 796 446 341 1341
is_linear=0
shrinkage=0.05


Tree=4
num_leaves=15
num_cat=0
split_feature=5 14 1 13 5 14 14 12 14 14 6 1 1 14
split_gain=3.08806e+07 6.57965e+06 845481 487285 253670 220629 217346 152710 149685 134687 108502 128688 195000 98805.1
threshold=45.000000000000007 134.50000000000003 1.5000000000000002 144.50000000000003 110.50000000000001 154.50000000000003 84.500000000000014 97.500000000000014 93.500000000000014 33.500000000000007 21.500000000000004 9.5000000000000018 7.5000000000000009 114.50000000000001
decision_type=2 2 2 2 2 2 2 2 2 2 2 2 2 2
left_child=9 2 6 4 8 -3 -2 -5 -4 -1 -11 12 -12 -6
right_child=1 5 3 7 13 -7 -8 -9 -10 10 11 -13 -14 -15
leaf_value=-2.8417334577684947 -1.2139785686954203 2.176089765752673 -0.2874136138426599 0.32762884164260608 0.63130771415617026 2.9038231288414122 0.17685421072372856 2.3698738213266646 0.46131927682972318 -2.8024697487872583 -1.8458532972031094 -2.5864169134220609 0.58285087628798049 1.1264283537043067
leaf_weight=5632 792 1559 990 113 2829 3819 432 520 2027 570 351 350 105 1591
leaf_count=5632 792 1559 990 113 2829 3819 432 520 2027 570 351 350 105 1591
internal_value=-0.000134539 1.30398 0.498002 0.683737 0.569515 2.69508 -0.724374 2.01073 0.215561 -2.72943 -2.26112 -1.86336 -1.28636 0.8106
internal_weight=21680 14672 9294 8070 7437 5378 1224 633 3017 7008 1376 806 456 4420
internal_count=21680 14672 9294 8070 7437 5378 1224 633 3017 7008 1376 806 456 4420
is_linear=0
shrinkage=0.05


Tree=5
num_leaves=15
num_cat=0
split_feature=5 14 1 13 14 14 1 3 9 9 14 13 1 1
split_gain=2.78768e+07 5.94369e+06 777094 461814 196497 196052 187287 170291 204206 130384 124610 114768 103891 232679
threshold=45.000000000000007 136.50000000000003 1.5000000000000002 132.50000000000003 76.500000000000014 113.50000000000001 15.500000000000002 4.5000000000000009 122.50000000000001 104.50000000000001 33.500000000000007 159.50000000000003 9.5000000000000018 7.5000000000000009
decision_type=2 2 2 2 2 2 2 2 2 2 2 2 2 2
left_child=9 2 4 5 -2 -4 -3 11 -9 10 -1 -5 13 -12
right_child=1 6 3 7 -6 -7 -8 8 -10 -11 12 -13 -14 -15
leaf_value=-2.7253011347492868 -1.2208435147420422 2.79381955071563 0.34925924194530755 1.4743825268837834 0.061717195510864256 0.92583891964380927 2.1371199717279525 -1.3768634344140689 1.7871298310953543 -0.54720667221966912 -2.171344440610488 2.7168608887502868 -2.6743232005005906 0.053597154233279647
leaf_weight=5564 714 3551 5070 511 510 2081 1723 91 104 80 628 317 592 144
leaf_count=5564 714 3551 5070 511 510 2081 1723 91 104 80 628 317 592 144
internal_value=-0.000137311 1.23893 0.484528 0.660474 -0.688366 0.517578 2.58151 1.65197 0.313091 -2.59329 -2.61651 1.96352 -2.16439 -1.75866
internal_weight=21680 14672 9398 8174 1224 7151 5274 1023 195 7008 6928 828 1364 772
internal_count=21680 14672 9398 8174 1224 7151 5274 1023 195 7008 6928 828 1364 772
is_linear=0
shrinkage=0.05


Tree=6
num_leaves=15
num_cat=0
split_feature=5 14 1 5 13 14 14 1 9 14 1 1 1 1
split_gain=2.51651e+07 5.36847e+06 721529 465705 283809 179620 154301 150456 117492 112152 95909.2 208114 90660.4 78137.6
threshold=45.000000000000007 139.50000000000003 1.5000000000000002 118.50000000000001 137.50000000000003 84.500000000000014 99.500000000000014 15.500000000000002 104.50000000000001 60.500000000000007 9.5000000000000018 7.5000000000000009 1.5000000000000002 12.500000000000002
decision_type=2 2 2 2 2 2 2 2 2 2 2 2 2 2
left_child=8 2 5 6 13 -2 -4 -3 9 -1 11 12 -11 -5
right_child=1 7 3 4 -6 -7 -8 -9 -10 10 -12 -13 -14 -15
leaf_value=-2.5885086457916815 -1.0992772335090781 2.6745672405960228 -0.042383820715507392 0.43234931524478448 1.9382437559389911 0.1650621111114729 0.54302524174143707 2.0689500911044458 -0.52145579169778267 -1.1783540462980622 -2.5417269816949739 0.051007247851198957 -2.5011248207502343 1.0128495899899741
leaf_weight=5578 792 3489 1819 833 750 432 2945 1621 80 212 592 144 402 1991
leaf_count=5578 792 3489 1819 833 750 432 2945 1621 80 212 592 144 402 1991
internal_value=-0.000112206 1.17715 0.47747 0.643887 1.07497 -0.654184 0.319693 2.48466 -2.46392 -2.48595 -2.05422 -1.65932 -2.05761 0.842685
internal_weight=21680 14672 9562 8338 3574 1224 4764 5110 7008 6928 1350 758 614 2824
internal_count=21680 14672 9562 8338 3574 1224 4764 5110 7008 6928 1350 758 614 2824
is_linear=0
shrinkage=0.05


Tree=7
num_leaves=15
num_cat=0
split_feature=5 14 1 5 13 14 14 1 9 14 6 1 1 1
split_gain=2.27175e+07 4.84583e+06 651504 422523 280350 162424 148394 135719 105881 100797 89236.8 109228 146384 81411.8
threshold=45.000000000000007 139.50000000000003 1.5000000000000002 115.50000000000001 156.50000000000003 86.500000000000014 99.500000000000014 15.500000000000002 104.50000000000001 33.500000000000007 21.500000000000004 9.5000000000000018 7.5000000000000009 2.5000000000000004
decision_type=2 2 2 2 2 2 2 2 2 2 2 2 2 2
left_child=8 2 5 6 -5 -2 -4 -3 9 -1 -11 12 13 -12
right_child=1 7 3 4 -6 -7 -8 -9 -10 10 11 -13 -14 -15
leaf_value=-2.4598492548824922 -1.0306815924798596 2.5410302762242818 -0.090744041076018286 0.83618406819120961 2.1769946688238315 0.18423538574476561 0.50506652449849898 1.9658206779321916 -0.49691668790929455 -2.4429232663900957 -0.82649144312451939 -2.2730893032196313 0.5500405581430956 -2.3779506889058322
leaf_weight=5564 811 3489 1704 3505 437 413 2692 1621 80 570 192 338 105 159
leaf_count=5564 811 3489 1704 3505 437 413 2692 1621 80 570 192 338 105 159
internal_value=-0.000124888 1.11842 0.453674 0.611809 0.987392 -0.621665 0.274275 2.36066 -2.34105 -2.36197 -1.95519 -1.59195 -1.06789 -1.55282
internal_weight=21680 14672 9562 8338 3942 1224 4396 5110 7008 6928 1364 794 456 351
internal_count=21680 14672 9562 8338 3942 1224 4396 5110 7008 6928 1364 794 456 351
is_linear=0
shrinkage=0.05


Tree=8
num_leaves=15
num_cat=0
split_feature=5 14 1 5 13 14 14 14 9 14 3 3 14 6
split_gain=2.05087e+07 4.38056e+06 552888 338920 250996 190571 149022 128887 95422.6 90445.9 81384.3 86341 81863.7 80422.6
threshold=45.000000000000007 133.50000000000003 1.5000000000000002 115.50000000000001 149.50000000000003 152.50000000000003 76.500000000000014 93.500000000000014 104.50000000000001 33.500000000000007 4.5000000000000009 5.5000000000000009 71.500000000000014 21.500000000000004
decision_type=2 2 2 2 2 2 2 2 2 2 2 2 2 2
left_child=8 2 6 7 -5 -3 -2 10 9 -1 -4 12 -12 -11
right_child=1 5 3 4 -6 -7 -8 -9 -10 13 11 -13 -14 -15
leaf_value=-2.3369671644351211 -1.0544685129288671 1.6605259135127242 0.084892416294407635 0.7424990109948133 1.9829913595046715 2.3574851638829935 0.062382040313146647 0.43153106746499736 -0.47353234234978175 -2.3218391862122911 -2.1141074560144371 0.45229011076801229 -0.37819044536923707 -1.5138941192880591
leaf_weight=5564 714 1371 968 3186 466 4089 510 2995 80 570 131 101 141 794
leaf_count=5564 714 1371 968 3186 466 4089 510 2995 80 570 131 101 141 794
internal_value=-0.000155978 1.06262 0.397056 0.548693 0.903282 2.18416 -0.590754 0.249344 -2.22437 -2.24423 -0.157646 -0.779872 -1.23731 -1.85877
internal_weight=21680 14672 9212 7988 3652 5460 1224 4336 7008 6928 1341 373 272 1364
internal_count=21680 14672 9212 7988 3652 5460 1224 4336 7008 6928 1341 373 272 1364
is_linear=0
shrinkage=0.05


Tree=9
num_leaves=15
num_cat=0
split_feature=5 14 13 1 5 1 14 1 13 9 14 1 1 1
split_gain=1.85127e+07 3.95656e+06 552604 319758 168901 160645 126008 120899 88445.5 85984.7 81392.2 79776.6 171842 74831.8
threshold=45.000000000000007 139.50000000000003 112.50000000000001 1.0000000180025095e-35 127.50000000000001 12.500000000000002 97.500000000000014 16.500000000000004 159.50000000000003 104.50000000000001 60.500000000000007 9.5000000000000018 7.5000000000000009 1.5000000000000002
decision_type=2 2 2 2 2 2 2 2 2 2 2 2 2 2
left_child=9 2 3 -2 -4 6 -5 -3 -6 10 -1 12 13 -12
right_child=1 7 4 5 8 -7 -8 -9 -10 -11 11 -13 -14 -15
leaf_value=-2.219655230200976 -0.94975167448084674 2.2612885655060788 0.6005672084899194 -0.21364197184132114 1.1199154297052221 0.65837289805854116 0.34298340736145083 1.6466785977429403 2.0532135973199765 -0.45124848758473118 -0.97351281884628504 -2.2071412410768034 0.14486122811400651 -2.1698876931860638
leaf_weight=5578 602 4021 1655 1894 1154 1736 2184 1089 337 80 212 592 144 402
leaf_count=5578 602 4021 1655 1894 1154 1736 2184 1089 337 80 212 592 144 402
internal_value=-0.000176047 1.00956 0.408899 0.142472 0.951166 0.256283 0.0845174 2.13205 1.33702 -2.11338 -2.13224 -1.76419 -1.40604 -1.76801
internal_weight=21680 14672 9562 6416 3146 5814 4078 5110 1491 7008 6928 1350 758 614
internal_count=21680 14672 9562 6416 3146 5814 4078 5110 1491 7008 6928 1350 758 614
is_linear=0
shrinkage=0.05


Tree=10
num_leaves=15
num_cat=0
split_feature=5 14 1 13 14 3 9 5 14 14 13 5 9 14
split_gain=1.67124e+07 3.57557e+06 455894 287181 161095 147194 172248 133562 127170 85894.3 82784.7 79220 77485.3 73182.7
threshold=45.000000000000007 133.50000000000003 1.5000000000000002 132.50000000000003 148.50000000000003 4.5000000000000009 122.50000000000001 110.50000000000001 76.500000000000014 92.500000000000014 159.50000000000003 171.50000000000003 104.50000000000001 33.500000000000007
decision_type=2 2 2 2 2 2 2 2 2 2 2 2 2 2
left_child=12 2 8 7 -3 10 -7 9 -2 -4 -5 -6 13 -1
right_child=1 4 3 5 11 6 -8 -9 -10 -11 -12 -13 -14 -15
leaf_value=-2.1093406410111544 -0.9674532298832843 1.3854573627515414 -0.27011262596847385 1.1709454498655127 1.9617465085834311 -1.4915222735154003 1.4468878444035849 0.56910446858480934 0.064211225220300622 0.30986781798656515 2.2541384332365806 2.455961749195672 -0.43001327963436353 -1.6790422345966733
leaf_weight=5564 714 1001 928 473 3212 90 100 4075 510 2019 303 1247 80 1364
leaf_count=5564 714 1001 928 473 3212 90 100 4075 510 2019 303 1247 80 1364
internal_value=-0.000171388 0.959212 0.357903 0.495598 1.97247 1.30197 0.0524544 0.38382 -0.539081 0.127086 1.60562 2.10255 -2.008 -2.02589
internal_weight=21680 14672 9212 7988 5460 966 190 7022 1224 2947 776 4459 7008 6928
internal_count=21680 14672 9212 7988 5460 966 190 7022 1224 2947 776 4459 7008 6928
is_linear=0
shrinkage=0.05


Tree=11
num_leaves=15
num_cat=0
split_feature=5 14 13 1 14 3 14 14 13 9 14 13 13 9
split_gain=1.50861e+07 3.22814e+06 427016 247321 146341 136812 180278 134352 102116 79932.2 120935 71566 71231.8 69814.5
threshold=45.000000000000007 134.50000000000003 109.50000000000001 1.0000000180025095e-35 21.500000000000004 5.5000000000000009 97.500000000000014 154.50000000000003 62.500000000000007 114.50000000000001 57.500000000000007 91.500000000000014 160.50000000000003 104.50000000000001
decision_type=2 2 2 2 2 2 2 2 2 2 2 2 2 2
left_child=13 2 3 -2 -4 6 11 12 -7 10 -6 -5 -3 -1
right_child=1 7 4 5 9 8 -8 -9 -10 -11 -12 -13 -14 -15
leaf_value=-1.9247364251305492 -0.86487870835001035 1.2475718686626172 1.773819946648413 -0.4866651258745382 -0.80794544150589642 1.4563492859303093 0.36854142060727368 2.0478870623748922 -0.18026685868148451 0.8836699289776887 0.57714846266123165 0.14041839248429125 1.9999889431158042 -0.40977738324333646
leaf_weight=6928 602 1082 341 1214 184 342 2922 3819 130 1881 955 723 477 80
leaf_count=6928 602 1082 341 1214 184 342 2922 3819 130 1881 955 723 477 80
internal_value=-0.000108966 0.911403 0.346859 0.0915689 0.796704 0.200284 0.120827 1.88579 1.00842 0.683624 0.35084 -0.252843 1.48344 -1.90775
internal_weight=21680 14672 9294 5933 3361 5331 4859 5378 472 3020 1139 1937 1559 7008
internal_count=21680 14672 9294 5933 3361 5331 4859 5378 472 3020 1139 1937 1559 7008
is_linear=0
shrinkage=0.05


Tree=12
num_leaves=15
num_cat=0
split_feature=5 14 1 13 14 3 5 14 14 3 5 14 7 1
split_gain=1.36175e+07 2.92069e+06 346772 262308 221609 115599 110437 106221 78416.9 83928.9 72187.8 67548.7 66068.2 72214.5
threshold=45.000000000000007 126.50000000000001 1.5000000000000002 150.50000000000003 148.50000000000003 4.5000000000000009 110.50000000000001 76.500000000000014 89.500000000000014 4.5000000000000009 171.50000000000003 26.500000000000004 21.500000000000004 9.5000000000000018
decision_type=2 2 2 2 2 2 2 2 2 2 2 2 2 2
left_child=11 2 7 6 -3 -5 8 -2 9 -4 -6 -1 -13 -14
right_child=1 4 3 5 10 -7 -8 -9 -10 -11 -12 12 13 -15
leaf_value=-1.9009144953265165 -0.8860289289158807 1.1819735065026655 -0.0023173119130165498 1.9273841708209032 1.7652278844710645 0.16183955671440345 0.50225037643619064 0.058469878986943516 0.26085764464150185 -1.1226565267339996 2.2345084563242836 -1.9349281792501802 -0.82234774436111813 -1.6765264191994302
leaf_weight=5372 714 1467 612 384 3212 123 4034 507 2147 225 1247 613 508 515
leaf_count=5372 714 1467 612 384 3212 123 4034 507 2147 225 1247 613 508 515
internal_value=-3.64063e-05 0.865972 0.284958 0.41179 1.72251 1.50482 0.331812 -0.495202 0.100945 -0.308362 1.89882 -1.81244 -1.51703 -1.25842
internal_weight=21680 14672 8746 7525 5926 507 7018 1221 2984 837 4459 7008 1636 1023
internal_count=21680 14672 8746 7525 5926 507 7018 1221 2984 837 4459 7008 1636 1023
is_linear=0
shrinkage=0.05


Tree=13
num_leaves=15
num_cat=0
split_feature=5 14 13 1 5 1 1 14 9 14 1 5 5 9
split_gain=1.2293e+07 2.63983e+06 390067 215049 123400 116515 98888.7 87869.1 63156.1 64872.2 107715 61632 60168 56633.3
threshold=45.000000000000007 139.50000000000003 112.50000000000001 1.0000000180025095e-35 136.50000000000003 12.500000000000002 15.500000000000002 101.50000000000001 104.50000000000001 174.50000000000003 10.500000000000002 152.50000000000003 172.50000000000003 92.500000000000014
decision_type=2 2 2 2 2 2 2 2 2 2 2 2 2 2
left_child=8 2 3 -2 -4 7 -3 13 9 -1 -11 -8 -7 -5
right_child=1 6 4 5 -6 12 11 -9 -10 10 -12 -13 -14 -15
leaf_value=-1.7628003000966228 -0.78739052222431005 1.8923675659713437 0.51901197435670221 0.31435668551625107 1.15561403601443 0.46420199157445163 0.79084866469822868 0.30704605410149549 -0.304049269732307 0.54907951793451415 -1.8983559216951069 1.5663352501806931 1.6533040560328442 -0.2931819772094032
leaf_weight=6756 602 3489 1825 489 1321 1626 341 1871 80 82 90 1280 110 1718
leaf_count=6756 602 3489 1825 489 1321 1626 341 1871 80 82 90 1280 110 1718
internal_value=-3.74755e-05 0.822777 0.332141 0.10831 0.78773 0.20165 1.73965 0.0553902 -1.72205 -1.73819 -0.749005 1.40613 0.54408 -0.158165
internal_weight=21680 14672 9562 6416 3146 5814 5110 4078 7008 6928 172 1621 1736 2207
internal_count=21680 14672 9562 6416 3146 5814 5110 4078 7008 6928 172 1621 1736 2207
is_linear=0
shrinkage=0.05


Tree=14
num_leaves=15
num_cat=0
split_feature=5 14 13 14 1 13 3 14 3 13 5 13 13 14
split_gain=1.10967e+07 2.38752e+06 292861 180841 171195 132290 120922 121660 100122 89598.4 65038.5 61082 60937.4 59285
threshold=45.000000000000007 126.50000000000001 109.50000000000001 148.50000000000003 1.0000000180025095e-35 154.50000000000003 5.5000000000000009 95.500000000000014 4.5000000000000009 62.500000000000007 171.50000000000003 166.50000000000003 89.500000000000014 26.500000000000004
decision_type=2 2 2 2 2 2 2 2 2 2 2 2 2 2
left_child=13 2 4 -3 -2 -4 7 12 -7 -8 11 -5 -6 -1
right_child=1 3 5 10 6 8 9 -9 -10 -11 -12 -13 -14 -15
leaf_value=-1.7187265198833666 -0.74834530763082585 1.0678946792340394 0.51440936161392159 1.425194016454929 -0.5025567058340904 1.8730303828475401 1.3697046924556529 0.26074440610780297 0.13641244214156578 -0.18812570559855243 2.0328166883587602 1.9042703179777931 0.10293488003727463 -1.3602299936855806
leaf_weight=5372 602 1467 2585 2130 1060 334 316 2931 111 128 1247 1082 679 1636
leaf_count=5372 602 1467 2585 2130 1060 334 316 2931 111 128 1247 1082 679 1636
internal_value=1.2406e-05 0.781767 0.256455 1.55619 0.0456457 0.653411 0.139751 0.0643273 1.44618 0.923507 1.71546 1.58929 -0.266523 -1.63607
internal_weight=21680 14672 8746 5926 5716 3030 5114 4670 445 444 4459 3212 1739 7008
internal_count=21680 14672 8746 5926 5716 3030 5114 4670 445 444 4459 3212 1739 7008
is_linear=0
shrinkage=0.05


Tree=15
num_leaves=15
num_cat=0
split_feature=5 14 13 14 3 13 14 13 11 1 13 14 9 3
split_gain=1.00171e+07 2.15625e+06 321245 205120 143045 146567 113082 104448 89378.2 84591 76193.6 72892.2 57006.9 57855.4
threshold=45.000000000000007 139.50000000000003 117.50000000000001 102.50000000000001 5.5000000000000009 62.500000000000007 21.500000000000004 94.500000000000014 80.500000000000014 15.500000000000002 161.50000000000003 57.500000000000007 104.50000000000001 1.0000000180025095e-35
decision_type=2 2 2 2 2 2 2 2 2 2 2 2 2 2
left_child=12 2 3 4 7 -6 -4 -2 11 -3 -10 -8 13 -1
right_child=1 9 6 -5 5 -7 8 -9 10 -11 -12 -13 -14 -15
leaf_value=-0.77909881099751954 -0.43914700247876653 1.7125784957287786 1.6919689393295838 0.39785882326856392 1.6067283162097046 -0.50862473441908762 -1.2909030871816203 0.16443359792746348 0.66432412551484665 1.2634650510276451 1.7238803585370381 0.56406818878437792 -0.21286651611328128 -1.5972215602676578
leaf_weight=238 2161 3489 308 3614 216 127 96 1068 1678 1621 187 107 80 6690
leaf_count=238 2161 3489 308 3614 216 127 96 1068 1678 1621 187 107 80 6690
internal_value=8.29181e-05 0.742836 0.299411 0.132533 -0.136094 0.827438 0.802782 -0.239566 0.666588 1.57148 0.774889 -0.323104 -1.55437 -1.5697
internal_weight=21680 14672 9562 7186 3572 343 2376 3229 2068 5110 1865 203 7008 6928
internal_count=21680 14672 9562 7186 3572 343 2376 3229 2068 5110 1865 203 7008 6928
is_linear=0
shrinkage=0.05


Tree=16
num_leaves=15
num_cat=0
split_feature=5 14 1 13 14 3 14 9 14 14 13 13 14 3
split_gain=9.04227e+06 1.95689e+06 242693 186725 150340 89968.4 81467.9 81444.3 88639.6 70627.3 68541.7 68261 67158.1 93611.4
threshold=45.000000000000007 126.50000000000001 1.5000000000000002 150.50000000000003 154.50000000000003 4.5000000000000009 71.500000000000014 114.50000000000001 27.500000000000004 95.500000000000014 76.500000000000014 160.50000000000003 90.500000000000014 4.5000000000000009
decision_type=2 2 2 2 2 2 2 2 2 2 2 2 2 2
left_child=-1 2 6 7 11 -5 -2 12 10 -10 -9 -3 13 -4
right_child=1 4 3 5 -6 -7 -8 8 9 -11 -12 -13 -14 -15
leaf_value=-1.4767460036798665 -0.83132629720113149 0.90144217101243829 0.076376512794527104 1.6312487984147968 1.5951959455588436 0.076632731594145298 -0.016019358455894455 1.9933462428963846 -0.30350763111501128 0.44044092689967834 0.68157900650985548 1.5846616199346093 0.24395473335931245 -0.94598755828116698
leaf_weight=7008 606 1620 766 384 3819 123 615 139 365 2367 355 487 2715 311
leaf_count=7008 606 1620 766 384 3819 123 615 139 365 2367 355 487 2715 311
internal_value=0.000135968 0.705823 0.230241 0.33635 1.40693 1.25852 -0.422408 0.268881 0.45337 0.340675 1.06695 1.06274 0.111538 -0.221854
internal_weight=21680 14672 8746 7525 5926 507 1221 7018 3226 2732 494 2107 3792 1077
internal_count=21680 14672 8746 7525 5926 507 1221 7018 3226 2732 494 2107 3792 1077
is_linear=0
shrinkage=0.05


Tree=17
num_leaves=15
num_cat=0
split_feature=5 14 13 14 1 14 3 14 13 12 1 13 14 13
split_gain=8.16202e+06 1.76636e+06 223262 136152 132129 101520 94769.1 89904.9 67848.5 61886.7 76611.7 62354.9 55263.7 103858
threshold=45.000000000000007 126.50000000000001 109.50000000000001 152.50000000000003 1.0000000180025095e-35 21.500000000000004 5.5000000000000009 95.500000000000014 62.500000000000007 96.500000000000014 7.5000000000000009 150.50000000000003 174.50000000000003 25.500000000000004
decision_type=2 2 2 2 2 2 2 2 2 2 2 2 2 2
left_child=12 2 4 -3 -2 -4 7 -6 -8 10 -7 -11 -1 -14
right_child=1 3 5 -5 6 9 8 -9 -10 11 -12 -13 13 -15
leaf_value=-1.425320140850368 -0.6627744842081329 0.97398542202614768 1.3732576442042614 1.4983486118407499 -0.23373388782241855 0.31741491942627009 1.1995417107372457 0.21952444595749154 -0.15632417139814314 0.4813067524238217 -1.1183113305814683 1.370783607560585 0.67289933651051625 -1.722789630022916
leaf_weight=6836 602 1837 341 4089 1739 349 316 2931 128 2003 121 216 89 83
leaf_count=6836 602 1837 341 4089 1739 349 316 2931 128 2003 121 216 89 83
internal_value=0.000194319 0.670654 0.218816 1.33676 0.0347578 0.565408 0.117436 0.0506721 0.811273 0.460603 -0.0600891 0.570777 -1.40296 -0.499169
internal_weight=21680 14672 8746 5926 5716 3030 5114 4670 444 2689 470 2219 7008 172
internal_count=21680 14672 8746 5926 5716 3030 5114 4670 444 2689 470 2219 7008 172
is_linear=0
shrinkage=0.05


Tree=18
num_leaves=15
num_cat=0
split_feature=5 14 13 1 1 14 3 14 13 13 10 3 13 14
split_gain=7.36756e+06 1.59421e+06 201699 125412 124399 96924.9 72140.3 84112.9 73339.6 57521.9 57343.1 78460 66131.6 61449.7
threshold=45.000000000000007 126.50000000000001 112.50000000000001 16.500000000000004 1.0000000180025095e-35 21.500000000000004 5.5000000000000009 99.500000000000014 62.500000000000007 94.500000000000014 106.50000000000001 3.5000000000000004 149.50000000000003 62.500000000000007
decision_type=2 2 2 2 2 2 2 2 2 2 2 2 2 2
left_child=-1 2 4 -3 -2 -4 7 9 -8 -6 11 -7 -12 -13
right_child=1 3 5 -5 6 10 8 -9 -10 -11 12 13 -14 -15
leaf_value=-1.3329014764402558 -0.62990874221680393 1.4105877988769684 1.3723745982151434 0.88644396624476485 -0.34605504298508644 0.61284748139452849 1.1404988570162022 0.25020168703431706 -0.21744237493812327 0.18872349396094001 0.48455246184848949 -1.3253117011274611 1.471471061433355 0.15903603757246279
leaf_weight=7008 602 4327 327 1599 1448 262 316 2821 142 765 1604 135 187 137
leaf_count=7008 602 4327 327 1599 1448 262 316 2821 142 765 1604 135 187 137
internal_value=0.000216761 0.637211 0.207955 1.27003 0.0494098 0.571496 0.124378 0.0693727 0.721676 -0.161182 0.456153 0.00124259 0.591407 -0.588305
internal_weight=21680 14672 8746 5926 6094 2652 5492 5034 458 2213 2325 534 1791 272
internal_count=21680 14672 8746 5926 6094 2652 5492 5034 458 2213 2325 534 1791 272
is_linear=0
shrinkage=0.05


Tree=19
num_leaves=15
num_cat=0
split_feature=5 14 5 13 14 7 5 3 1 13 1 14 6 1
split_gain=6.65022e+06 1.44877e+06 227102 158383 142616 122223 71140.3 69300.6 75145.1 64717.3 63493.5 51621.5 61940.9 73163.3
threshold=45.000000000000007 139.50000000000003 110.50000000000001 135.50000000000003 86.500000000000014 72.500000000000014 167.50000000000003 3.5000000000000004 5.5000000000000009 166.50000000000003 1.5000000000000002 26.500000000000004 21.500000000000004 9.5000000000000018
decision_type=2 2 2 2 2 2 2 2 2 2 2 2 2 2
left_child=11 2 4 10 5 -2 9 8 -7 -3 -4 -1 -13 -14
right_child=1 6 3 -5 -6 7 -8 -9 -10 -11 -12 12 13 -15
leaf_value=-1.3426060999107114 0.82114609377077452 0.99440441747167663 -0.41484216993709783 1.0899608703465133 0.17855672252167276 -0.49641949477953812 1.542343596742799 -1.0150965654599478 0.88391147513510815 1.4858715079080174 0.38352216603717337 -1.4119394572823032 -0.32441995941012741 -1.1728893626981707
leaf_weight=5372 166 2326 260 823 2640 602 1795 566 113 989 4392 612 493 531
leaf_count=5372 166 2326 260 823 2640 602 1795 566 113 989 4392 612 493 531
internal_value=0.000253477 0.605443 0.241973 0.452354 -0.0400652 -0.438174 1.28468 -0.603923 -0.273646 1.14305 0.338504 -1.2663 -1.01243 -0.767959
internal_weight=21680 14672 9562 5475 4087 1447 5110 1281 715 3315 4652 7008 1636 1024
internal_count=21680 14672 9562 5475 4087 1447 5110 1281 715 3315 4652 7008 1636 1024
is_linear=0
shrinkage=0.05


Tree=20
num_leaves=15
num_cat=0
split_feature=5 14 5 14 13 8 5 1 13 9 3 1 3 5
split_gain=6.00347e+06 1.30794e+06 207004 153775 100145 90894.9 64212.9 63823.4 58476.1 51704.8 51296.8 97212.1 50688.1 49942.7
threshold=45.000000000000007 139.50000000000003 121.50000000000001 88.500000000000014 135.50000000000003 73.500000000000014 167.50000000000003 12.500000000000002 166.50000000000003 104.50000000000001 3.5000000000000004 5.5000000000000009 1.0000000180025095e-35 104.50000000000001
decision_type=2 2 2 2 2 2 2 2 2 2 2 2 2 2
left_child=9 2 3 5 7 -2 8 -4 -3 12 11 -7 -1 -12
right_child=1 6 4 -5 -6 10 -8 -9 -10 -11 13 -13 -14 -15
leaf_value=-0.48702589109110739 0.84871972566231713 0.94479083813014142 0.021937899092833203 0.22601832695947258 1.0477841303651203 -0.43907406706637364 1.4654405974828535 0.56167468150662203 1.4119516429407017 0.057228860294117646 -1.0799998294770996 0.72361141283000852 -1.2433368587565121 -0.2591980726581759
leaf_weight=238 151 2326 790 4291 766 796 1795 1784 989 80 423 227 6690 334
leaf_count=238 151 2326 790 4291 766 796 1795 1784 989 80 423 227 6690 334
internal_value=0.000254646 0.575264 0.229912 0.0593298 0.547121 -0.310707 1.22064 0.396385 1.08608 -1.20314 -0.411164 -0.178814 -1.21773 -0.721927
internal_weight=21680 14672 9562 6222 3340 1931 5110 2574 3315 7008 1780 1023 6928 757
internal_count=21680 14672 9562 6222 3340 1931 5110 2574 3315 7008 1780 1023 6928 757
is_linear=0
shrinkage=0.05


Tree=21
num_leaves=15
num_cat=0
split_feature=5 14 13 14 1 3 10 13 3 14 13 6 13 14
split_gain=5.41911e+06 1.1823e+06 158198 103024 100222 84334.4 99678.1 86008.1 63268.1 58164.9 56207.8 53548.8 49002.7 48292.3
threshold=45.000000000000007 126.50000000000001 117.50000000000001 155.50000000000003 1.5000000000000002 4.5000000000000009 97.500000000000014 159.50000000000003 5.5000000000000009 102.50000000000001 160.50000000000003 85.500000000000014 71.500000000000014 174.50000000000003
decision_type=2 2 2 2 2 2 2 2 2 2 2 2 2 2
left_child=13 2 4 10 11 7 -7 -4 9 -6 -3 -2 -10 -1
right_child=1 3 5 -5 8 6 -8 -9 12 -11 -12 -13 -14 -15
leaf_value=-1.1638888340145503 0.33332929790435689 0.66878867639368544 0.54847789290314652 1.251852425380185 -0.088806702487698286 -1.4710152308940889 0.40040563698179332 1.4932386342684429 1.0539737641927425 0.24937024356475399 1.2660780733073116 -0.51231713370482124 -0.064832090863893785 -0.30506506073946338
leaf_weight=6836 228 1660 1298 3739 2251 95 242 295 316 2911 527 970 140 172
leaf_count=6836 228 1660 1298 3739 2251 95 242 295 316 2911 527 970 140 172
internal_value=0.000285739 0.546594 0.176932 1.09156 0.063612 0.575936 -0.14094 0.727558 0.152186 0.101958 0.815277 -0.35066 0.713503 -1.14304
internal_weight=21680 14672 8746 5926 6816 1930 337 1593 5618 5162 2187 1198 456 7008
internal_count=21680 14672 8746 5926 6816 1930 337 1593 5618 5162 2187 1198 456 7008
is_linear=0
shrinkage=0.05


Tree=22
num_leaves=15
num_cat=0
split_feature=5 14 5 13 14 7 5 3 1 14 14 13 13 9
split_gain=4.8916e+06 1.06767e+06 178774 127555 109545 97318.1 59793 57892.6 60161.8 49494.4 51918.2 59033.8 49483.6 46748.2
threshold=45.000000000000007 140.50000000000003 110.50000000000001 135.50000000000003 86.500000000000014 72.500000000000014 167.50000000000003 3.5000000000000004 5.5000000000000009 113.50000000000001 57.500000000000007 60.500000000000007 166.50000000000003 104.50000000000001
decision_type=2 2 2 2 2 2 2 2 2 2 2 2 2 2
left_child=13 2 4 9 5 -2 12 8 -7 10 11 -4 -3 -1
right_child=1 6 3 -5 -6 7 -8 -9 -10 -11 -12 -13 -14 -15
leaf_value=-1.0998139771039774 0.73470041188928814 0.84614733878863557 1.2526825980411322 0.95850304902966854 0.15116348928258019 -0.43455068914732192 1.3455095699310506 -0.91266040286463535 0.80042970872531505 0.50200699788197267 0.057304361295898533 0.21858612646623424 1.277077483244601 0.10930694580078125
leaf_weight=6928 166 2282 206 848 2650 602 1773 566 113 1762 2310 407 987 80
leaf_count=6928 166 2282 206 848 2650 602 1773 566 113 1762 2310 407 987 80
internal_value=0.000313645 0.519351 0.210504 0.395753 -0.0398532 -0.388992 1.10844 -0.536898 -0.235169 0.292981 0.166336 0.57342 0.978008 -1.08594
internal_weight=21680 14672 9630 5533 4097 1447 5042 1281 715 4685 2923 613 3269 7008
internal_count=21680 14672 9630 5533 4097 1447 5042 1281 715 4685 2923 613 3269 7008
is_linear=0
shrinkage=0.05


Tree=23
num_leaves=15
num_cat=0
split_feature=5 14 13 13 1 3 13 13 3 5 14 1 14 1
split_gain=4.41554e+06 964907 138116 97198.3 90373.1 79731.7 79168.4 74212 56192.1 46874.3 45151.2 162350 42542.8 50477.2
threshold=45.000000000000007 126.50000000000001 104.50000000000001 29.500000000000004 16.500000000000004 5.5000000000000009 91.500000000000014 154.50000000000003 4.5000000000000009 151.50000000000003 129.50000000000003 9.5000000000000018 93.500000000000014 7.5000000000000009
decision_type=2 2 2 2 2 2 2 2 2 2 2 2 2 2
left_child=10 2 3 5 -3 12 -5 -4 -9 -6 -1 -12 13 -2
right_child=1 4 7 6 9 -7 -8 8 -10 -11 11 -13 -14 -15
leaf_value=-1.0693838639694087 -0.060139371335395445 1.1049703881092927 0.30186796302851593 -0.51365812350491724 0.29902140280905692 0.95535209012629485 0.036554452388024253 1.3055849361560339 0.0090338090370441302 0.8650347199833579 0.77246727673512583 -1.1124724603393703 0.26169683162154062 -1.3729847329854967
leaf_weight=6447 532 4327 3447 1242 581 314 1373 334 111 1018 154 407 1313 80
leaf_count=6447 532 4327 3447 1242 581 314 1373 334 111 1018 154 407 1313 80
internal_value=0.000364893 0.4935 0.159548 -0.0184162 0.985818 0.223117 -0.225252 0.381239 0.985869 0.660946 -1.03168 -0.592785 0.101512 -0.241489
internal_weight=21680 14672 8746 4854 5926 2239 2615 3892 445 1599 7008 561 1925 612
internal_count=21680 14672 8746 4854 5926 2239 2615 3892 445 1599 7008 561 1925 612
is_linear=0
shrinkage=0.05


Tree=24
num_leaves=15
num_cat=0
split_feature=5 14 5 13 14 7 5 3 1 1 3 9 13 1
split_gain=3.9856e+06 874543 150792 106151 92085.6 85837.8 53001.2 52225.2 52362 45169.2 43623 44116.6 43599.8 41826.9
threshold=45.000000000000007 140.50000000000003 110.50000000000001 135.50000000000003 86.500000000000014 72.500000000000014 167.50000000000003 3.5000000000000004 5.5000000000000009 7.5000000000000009 1.0000000180025095e-35 104.50000000000001 166.50000000000003 1.5000000000000002
decision_type=2 2 2 2 2 2 2 2 2 2 2 2 2 2
left_child=10 2 4 13 5 -2 12 8 -7 -9 -1 -12 -3 -4
right_child=1 6 3 -5 -6 7 -8 9 -10 -11 11 -13 -14 -15
leaf_value=-0.30689770130463589 0.69460276882899441 0.75593428620763181 -0.34575232241232445 0.87285520286066731 0.13457069881113068 -0.39915207901898975 1.2249292810947223 -0.59652281516788697 0.75293601606301652 -1.6504410765741182 -1.0175268957577506 0.15463915432200714 1.1598151753956993 0.30201984616506555
leaf_weight=238 166 2282 260 848 2650 602 1773 433 113 133 6690 80 987 4425
leaf_count=238 166 2282 260 848 2650 602 1773 433 113 133 6690 80 987 4425
internal_value=0.000367205 0.468879 0.189357 0.359492 -0.0405691 -0.360675 1.00204 -0.499593 -0.21311 -0.856459 -0.980147 -1.00357 0.879462 0.265741
internal_weight=21680 14672 9630 5533 4097 1447 5042 1281 715 566 7008 6770 3269 4685
internal_count=21680 14672 9630 5533 4097 1447 5042 1281 715 566 7008 6770 3269 4685
is_linear=0
shrinkage=0.05


Tree=25
num_leaves=15
num_cat=0
split_feature=5 14 13 14 3 10 1 13 13 3 14 13 1 7
split_gain=3.59748e+06 793377 110556 98159.6 80410 82353.7 64729.2 61273.9 47852.1 46750.4 51955 46405.2 43220.4 42572.8
threshold=45.000000000000007 122.50000000000001 117.50000000000001 155.50000000000003 4.5000000000000009 97.500000000000014 1.0000000180025095e-35 159.50000000000003 162.50000000000003 5.5000000000000009 102.50000000000001 62.500000000000007 19.500000000000004 21.500000000000004
decision_type=2 2 2 2 2 2 2 2 2 2 2 2 2 2
left_child=13 2 6 8 7 -6 -2 -4 -3 10 -8 12 -11 -1
right_child=1 3 4 -5 5 -7 9 -9 -10 11 -12 -13 -14 -15
leaf_value=-1.093634498789992 -0.46284450671092431 0.5256529968562127 0.46941007232837451 1.0294606982706449 -1.4441413621709804 0.29868689852818431 -0.12093489509072373 1.2917902522616918 1.0759527521733097 1.4300788892359384 0.18606233485371254 -0.12132082044494799 0.20890476572263333 -0.83375965218530146
leaf_weight=2608 602 2160 1125 3739 94 211 2650 283 488 172 2861 161 126 4400
leaf_count=2608 602 2160 1125 3739 94 211 2650 283 488 172 2861 161 126 4400
internal_value=0.000368852 0.445485 0.122508 0.864015 0.479636 -0.253076 0.0291283 0.63869 0.628904 0.0790835 0.0384649 0.561102 0.925711 -0.931182
internal_weight=21680 14672 8285 6387 1713 305 6572 1408 2648 5970 5511 459 298 7008
internal_count=21680 14672 8285 6387 1713 305 6572 1408 2648 5970 5511 459 298 7008
is_linear=0
shrinkage=0.05


Tree=26
num_leaves=15
num_cat=0
split_feature=5 14 13 14 13 3 14 13 13 14 0 1 1 1
split_gain=3.24744e+06 716125 102574 88549.9 74694.1 66165.9 60615.1 60260.7 43267.6 41189.2 57139.2 74384.4 170558 67536.9
threshold=45.000000000000007 122.50000000000001 104.50000000000001 155.50000000000003 29.500000000000004 5.5000000000000009 21.500000000000004 91.500000000000014 162.50000000000003 26.500000000000004 4.5000000000000009 9.5000000000000018 7.5000000000000009 2.5000000000000004
decision_type=2 2 2 2 2 2 2 2 2 2 2 2 2 2
left_child=9 2 4 8 5 -2 -4 -6 -3 -1 -11 12 13 -12
right_child=1 3 6 -5 7 -7 -8 -9 -10 10 11 -13 -14 -15
leaf_value=-0.9522374024771616 0.069374136231526703 0.49943104615886685 0.90668243262583348 0.97805641090545137 -0.46820506055330613 0.8692773839003991 0.2459263346845714 0.014659019711185937 1.0227007230868448 -0.96651623874132297 0.27752593871058723 -0.85331195276140592 1.9604081214101692 -1.0978180849945154
leaf_weight=5372 1840 2160 386 3739 1238 296 3180 1345 488 788 172 409 90 177
leaf_count=5372 1840 2160 386 3739 1238 296 3180 1345 488 788 172 409 90 177
internal_value=0.000378537 0.423285 0.116435 0.820917 -0.0365244 0.181993 0.318619 -0.217229 0.59761 -0.884691 -0.660671 -0.372466 0.0800855 -0.425652
internal_weight=21680 14672 8285 6387 4719 2136 3566 2583 2648 7008 1636 848 439 349
internal_count=21680 14672 8285 6387 4719 2136 3566 2583 2648 7008 1636 848 439 349
is_linear=0
shrinkage=0.05


Tree=27
num_leaves=15
num_cat=0
split_feature=5 14 13 14 1 14 3 13 7 4 3 14 11 14
split_gain=2.93142e+06 646396 95031.9 79880.9 66954.1 47242.7 47099.7 39122.4 38226.4 101592 210745 80915 145767 55892.4
threshold=45.000000000000007 122.50000000000001 154.50000000000003 155.50000000000003 1.5000000000000002 71.500000000000014 4.5000000000000009 162.50000000000003 21.500000000000004 1.5000000000000002 4.5000000000000009 27.500000000000004 23.500000000000004 43.000000000000007
decision_type=2 2 2 2 2 2 2 2 2 2 2 2 2 2
left_child=8 2 4 7 5 -2 -4 -3 -1 10 -10 12 -12 -11
right_child=1 3 6 -5 -6 -7 -8 -9 9 13 11 -13 -14 -15
leaf_value=-0.99420139046861356 -0.58014489451214468 0.47451716460760762 1.1356981925920067 0.9292189006056859 0.13347491716692125 0.041564658902797515 -0.07147431543895176 0.97208430640716825 -0.83729234234006877 -0.96247032595492366 2.8239199739821412 -0.28505955447321352 0.10794209740378641 -0.45022243688283148
leaf_weight=2608 606 2160 318 3739 6644 610 107 488 552 2874 89 110 105 670
leaf_count=2608 606 2160 318 3739 6644 610 107 488 552 2874 89 110 105 670
internal_value=0.0003885 0.402191 0.110663 0.779969 0.0710195 -0.269375 0.834478 0.567873 -0.840515 -0.748396 -0.257644 0.791392 1.39358 -0.8664
internal_weight=21680 14672 8285 6387 7860 1216 425 2648 7008 4400 856 304 194 3544
internal_count=21680 14672 8285 6387 7860 1216 425 2648 7008 4400 856 304 194 3544
is_linear=0
shrinkage=0.05


Tree=28
num_leaves=15
num_cat=0
split_feature=5 14 13 13 13 13 3 3 13 13 10 1 1 3
split_gain=2.64594e+06 583507 87866.1 72443.6 65638.6 64321.8 59464.3 52164.2 73130.2 51545 50867 84757.6 38099.7 37162
threshold=45.000000000000007 122.50000000000001 104.50000000000001 166.50000000000003 29.500000000000004 28.500000000000004 5.5000000000000009 4.5000000000000009 159.50000000000003 91.500000000000014 106.50000000000001 7.5000000000000009 19.500000000000004 1.0000000180025095e-35
decision_type=2 2 2 2 2 2 2 2 2 2 2 2 2 2
left_child=13 2 4 5 6 -3 -2 8 -4 -6 11 -9 -8 -1
right_child=1 3 7 -5 9 -7 12 10 -10 -11 -12 -13 -14 -15
leaf_value=-0.18008777055843378 0.061677772414840272 0.89996433639892948 0.29936194341616207 1.0195947648499275 -0.43792984703179577 0.5045464115745667 1.2975924510444914 0.01936835705951492 1.1402504085666603 0.0086693781356292753 0.3025736599580171 -1.7147956913075995 0.15063423716839944 -0.82010233932403631
leaf_weight=238 1840 1560 2627 1719 1238 3108 170 206 283 1345 348 102 126 6770
leaf_count=238 1840 1560 2627 1719 1238 3108 170 206 283 1345 348 102 126 6770
internal_value=0.000397179 0.382133 0.105149 0.741064 -0.0364174 0.637513 0.168429 0.292278 0.382955 -0.205813 -0.109815 -0.573151 0.819973 -0.798511
internal_weight=21680 14672 8285 6387 4719 4668 2136 3566 2910 2583 656 308 296 7008
internal_count=21680 14672 8285 6387 4719 4668 2136 3566 2910 2583 656 308 296 7008
is_linear=0
shrinkage=0.05


Tree=29
num_leaves=15
num_cat=0
split_feature=5 14 5 13 14 9 3 11 1 7 11 1 5 4
split_gain=2.38837e+06 531229 104461 73493.3 66155.7 73942.9 56999.3 52280.8 51822.9 46783.9 39142.1 36075.4 35969 90109.4
threshold=45.000000000000007 140.50000000000003 110.50000000000001 135.50000000000003 86.500000000000014 82.500000000000014 3.5000000000000004 90.500000000000014 5.5000000000000009 177.50000000000003 175.50000000000003 14.500000000000002 21.500000000000004 1.5000000000000002
decision_type=2 2 2 2 2 2 2 2 2 2 2 2 2 2
left_child=12 2 4 -4 5 -2 8 -8 -7 10 11 -3 -1 -14
right_child=1 9 3 -5 -6 6 7 -9 -10 -11 -12 -13 13 -15
leaf_value=-0.90774711089491156 0.55768789871094326 0.7843396568799893 0.20885156236086555 0.71396694568369068 0.10234049352316828 -0.37885986640487951 -1.7624984270236532 -0.57434437277147721 0.67573540930439835 1.1531389253415854 1.1044327856532434 0.46593231091873399 -0.22526156392159941 -0.78503321343740362
leaf_weight=2600 203 2211 4685 848 2650 559 117 426 142 724 566 1541 911 3497
leaf_count=2600 203 2211 4685 848 2650 559 117 426 142 724 566 1541 911 3497
internal_value=0.00040673 0.363087 0.145234 0.286841 -0.0461234 -0.317433 -0.461898 -0.844101 -0.16196 0.77862 0.714564 0.654359 -0.758621 -0.669732
internal_weight=21680 14672 9630 5533 4097 1447 1244 543 701 5042 4318 3752 7008 4408
internal_count=21680 14672 9630 5533 4097 1447 1244 543 701 5042 4318 3752 7008 4408
is_linear=0
shrinkage=0.05


Tree=30
num_leaves=15
num_cat=0
split_feature=5 14 13 14 3 13 3 10 13 5 14 1 13 13
split_gain=2.15599e+06 479730 95936.4 49218.1 48179.4 62854.7 42851 55895.9 54247.7 42439.6 36194 137497 35414.1 33019.3
threshold=45.000000000000007 140.50000000000003 112.50000000000001 106.50000000000001 5.5000000000000009 62.500000000000007 4.5000000000000009 97.500000000000014 162.50000000000003 171.50000000000003 129.50000000000003 8.5000000000000018 94.500000000000014 162.50000000000003
decision_type=2 2 2 2 2 2 2 2 2 2 2 2 2 2
left_child=10 2 3 4 12 -6 8 -8 -4 13 -1 -12 -2 -3
right_child=1 9 6 -5 5 -7 7 -9 -10 -11 11 -13 -14 -15
leaf_value=-0.75435469423632062 -0.24081585171668562 0.5258189846763206 0.358364234096544 0.20940374013232799 0.96992003607737043 -0.39610508539950229 -0.95194530563824109 0.25235487988912592 1.0684963075743348 0.98317036667475044 1.3365419687009326 -0.69063319397379352 0.083658903500613058 0.83352902886334113
leaf_weight=6447 2472 2211 2413 2341 226 129 127 352 300 1337 97 464 1270 1494
leaf_count=6447 2472 2211 2413 2341 226 129 127 352 300 1337 97 464 1270 1494
internal_value=0.000399456 0.344985 0.13796 0.0267575 -0.0777334 0.474926 0.361855 -0.0734837 0.438711 0.739863 -0.720758 -0.331413 -0.130727 0.650856
internal_weight=21680 14672 9630 6438 4097 355 3192 479 2713 5042 7008 561 3742 3705
internal_count=21680 14672 9630 6438 4097 355 3192 479 2713 5042 7008 561 3742 3705
is_linear=0
shrinkage=0.05


Tree=31
num_leaves=15
num_cat=0
split_feature=5 14 13 14 1 14 7 4 3 1 14 1 3 14
split_gain=1.94604e+06 435638 70140.9 58275.8 47357.3 38195.1 33877.2 86045.4 188770 76675.7 48103.4 71554 120282 45806.9
threshold=45.000000000000007 122.50000000000001 150.50000000000003 155.50000000000003 1.5000000000000002 71.500000000000014 21.500000000000004 1.5000000000000002 4.5000000000000009 13.500000000000002 43.000000000000007 10.500000000000002 4.5000000000000009 23.500000000000004
decision_type=2 2 2 2 2 2 2 2 2 2 2 2 2 2
left_child=6 2 4 -3 5 -2 -1 8 13 -10 -9 12 -12 -8
right_child=1 3 -4 -5 -6 -7 7 10 9 -11 11 -13 -14 -15
leaf_value=-0.8288283516202013 -0.51351808346381167 0.45691001478777804 0.66876087169562071 0.76535321926214517 0.10495533474835611 0.045441813105490149 -0.88557728094803656 -0.79601655379060654 0.07706532071276409 1.6555340684254967 -0.54320613538919815 -0.98712112762240078 1.2013524360906065 0.37540534899152561
leaf_weight=2608 606 2648 485 3739 6584 610 470 2874 159 145 274 248 148 82
leaf_count=2608 606 2648 485 3739 6584 610 470 2874 159 145 274 248 148 82
internal_value=0.00042084 0.327798 0.0884717 0.637933 0.0519844 -0.234081 -0.684724 -0.598466 -0.147526 0.844559 -0.707022 -0.322206 0.0755326 -0.696569
internal_weight=21680 14672 8285 6387 7800 1216 7008 4400 856 304 3544 670 422 552
internal_count=21680 14672 8285 6387 7800 1216 7008 4400 856 304 3544 670 422 552
is_linear=0
shrinkage=0.05


Tree=32
num_leaves=15
num_cat=0
split_feature=5 14 13 3 10 13 13 14 1 3 13 4 3 14
split_gain=1.75649e+06 393221 65706.2 57154.5 62878.3 55652.7 50459.4 37360.3 35116 33773.1 32013.6 31140.5 140642 173796
threshold=45.000000000000007 122.50000000000001 117.50000000000001 4.5000000000000009 97.500000000000014 168.50000000000003 28.500000000000004 28.500000000000004 1.0000000180025095e-35 1.0000000180025095e-35 145.50000000000003 1.5000000000000002 4.5000000000000009 98.500000000000014
decision_type=2 2 2 2 2 2 2 2 2 2 2 2 2 2
left_child=9 2 8 7 -5 6 -3 -4 -2 -1 -8 12 -11 -14
right_child=1 5 3 4 -6 -7 10 -9 -10 11 -12 -13 13 -15
leaf_value=-0.063681387974892131 -0.35027558753601412 0.75814895434537166 0.8478158334281547 -1.2983137762907779 0.22497723768206523 0.87313027881879912 0.22035701477131858 0.30437265057196949 0.04887810788290755 -0.7406326252919323 0.53833144368682795 -0.73472374030869458 1.2780615018294739 -0.71983645965005749
leaf_weight=238 602 1560 484 94 211 1501 1326 924 5970 1320 2000 5024 217 209
leaf_count=238 602 1560 484 94 211 1501 1326 924 5970 1320 2000 5024 217 209
internal_value=0.000408982 0.311434 0.0840574 0.359375 -0.257864 0.606084 0.523237 0.49352 0.0120768 -0.650514 0.412083 -0.671082 -0.486381 0.300892
internal_weight=21680 14672 8285 1713 305 6387 4886 1408 6572 7008 3326 6770 1746 426
internal_count=21680 14672 8285 1713 305 6387 4886 1408 6572 7008 3326 6770 1746 426
is_linear=0
shrinkage=0.05


Tree=33
num_leaves=15
num_cat=0
split_feature=5 14 5 9 14 14 14 9 3 7 1 11 7 6
split_gain=1.58548e+06 355543 79579.3 60709.8 83589.8 56474.8 51908.9 72158.5 60396.6 49617.6 44584.7 42767.9 39186.5 35440
threshold=45.000000000000007 140.50000000000003 110.50000000000001 61.500000000000007 31.500000000000004 95.500000000000014 78.500000000000014 91.500000000000014 3.5000000000000004 162.50000000000003 5.5000000000000009 90.500000000000014 177.50000000000003 162.50000000000003
decision_type=2 2 2 2 2 2 2 2 2 2 2 2 2 2
left_child=-1 2 6 -4 9 -6 7 -2 10 13 -9 -10 -3 -5
right_child=1 12 3 4 5 -7 -8 8 11 -11 -12 -13 -14 -15
leaf_value=-0.61802314014989301 0.56525368993981417 0.57744632691612219 -1.006573553569615 0.5480288114871823 -0.25045941399739075 0.24488517592690884 0.072381876647967427 -0.36267424430298489 -1.7168410425927458 1.1370279986542575 0.64425398276207302 -0.60673453633713992 0.9778005277996038 -0.53058546460076661
leaf_weight=7008 196 4318 91 558 675 3761 2792 496 114 364 136 363 724 84
leaf_count=7008 196 4318 91 558 675 3761 2792 496 114 364 136 363 724 84
internal_value=0.000402216 0.2959 0.117675 0.241274 0.263045 0.169314 -0.0493355 -0.309028 -0.465388 0.673473 -0.142637 -0.8871 0.635846 0.403892
internal_weight=21680 14672 9630 5533 5442 4436 4097 1305 1109 1006 632 477 5042 642
internal_count=21680 14672 9630 5533 5442 4436 4097 1305 1109 1006 632 477 5042 642
is_linear=0
shrinkage=0.05


Tree=34
num_leaves=15
num_cat=0
split_feature=5 14 13 13 13 14 1 9 9 3 7 4 3 1
split_gain=1.43137e+06 316466 55428.5 48180.6 45045 35860.8 54913.6 50207.6 36291.4 34634.2 32523 74505.4 154616 70124.3
threshold=61.500000000000007 122.50000000000001 154.50000000000003 168.50000000000003 28.500000000000004 101.50000000000001 12.500000000000002 146.50000000000003 91.500000000000014 1.0000000180025095e-35 21.500000000000004 1.5000000000000002 4.5000000000000009 13.500000000000002
decision_type=2 2 2 2 2 2 2 2 2 2 2 2 2 2
left_child=9 2 5 4 -3 6 8 -8 -2 -1 -11 12 -12 -14
right_child=1 3 -4 -5 -6 -7 7 -9 -10 10 11 -13 13 -15
leaf_value=-0.02200421842526306 0.24530371997120071 0.69420733224960918 0.63132206430268845 0.79744293734945781 0.36710565335594547 0.1532463273093122 -0.055972624142746355 0.72795662795250926 -0.23788220752939379 -0.74581700502840353 -0.59464655162188051 -0.61767179355242119 0.066307517958850398 1.575581086476644
leaf_weight=270 456 1556 425 1501 3326 3945 450 368 2493 2474 552 3560 159 145
leaf_count=270 456 1556 425 1501 3326 3945 450 368 2493 2474 552 3560 159 145
internal_value=0.000378357 0.285655 0.0788144 0.549066 0.471964 0.047977 -0.0623236 0.29898 -0.162879 -0.57794 -0.599694 -0.517079 -0.0975686 0.800038
internal_weight=21680 14520 8137 6383 4882 7712 3767 818 2949 7160 6890 4416 856 304
internal_count=21680 14520 8137 6383 4882 7712 3767 818 2949 7160 6890 4416 856 304
is_linear=0
shrinkage=0.05


Tree=35
num_leaves=15
num_cat=0
split_feature=5 14 5 9 14 14 14 7 3 7 11 1 6 1
split_gain=1.29338e+06 292336 66388.6 55068.9 72510.7 47010.9 44302.8 63431.7 45035.4 43704.4 37222.4 35760.3 32689.6 32348.2
threshold=45.000000000000007 140.50000000000003 110.50000000000001 61.500000000000007 31.500000000000004 95.500000000000014 78.500000000000014 72.500000000000014 3.5000000000000004 162.50000000000003 174.50000000000003 7.5000000000000009 162.50000000000003 15.500000000000002
decision_type=2 2 2 2 2 2 2 2 2 2 2 2 2 2
left_child=-1 2 6 -4 9 -6 7 -2 -9 12 13 -10 -5 -3
right_child=1 10 3 4 5 -7 -8 8 11 -11 -12 -13 -14 -15
leaf_value=-0.55816625694601008 0.63547948670641685 0.60264228466153158 -0.96977279171599862 0.50720087119111823 -0.23095673010410633 0.22097447700129999 0.065587237796897374 -0.13872404999056687 -0.50410214159038447 1.0565465064027768 0.85656539490658545 -1.4615301756539207 -0.52826134729921148 0.29607743058976382
leaf_weight=7008 159 2820 91 558 675 3761 2792 645 368 364 961 133 84 1261
leaf_count=7008 159 2820 91 558 675 3761 2792 645 368 364 961 133 84 1261
internal_value=0.000393846 0.267286 0.105679 0.218571 0.239314 0.152024 -0.0468615 -0.286773 -0.416935 0.621567 0.575538 -0.7702 0.368684 0.508394
internal_weight=21680 14672 9630 5533 5442 4436 4097 1305 1146 1006 5042 501 642 4081
internal_count=21680 14672 9630 5533 5442 4436 4097 1305 1146 1006 5042 501 642 4081
is_linear=0
shrinkage=0.05


Tree=36
num_leaves=15
num_cat=0
split_feature=5 14 13 13 13 13 3 3 13 8 14 14 13 1
split_gain=1.1677e+06 260711 46752.8 54615.4 44621.9 50660.7 41256.8 33235.9 41116.1 33926.8 31406.2 31201.2 86991.3 28210.3
threshold=61.500000000000007 121.50000000000001 102.50000000000001 29.500000000000004 162.50000000000003 28.500000000000004 5.5000000000000009 4.5000000000000009 159.50000000000003 151.50000000000003 83.500000000000014 174.50000000000003 25.500000000000004 1.5000000000000002
decision_type=2 2 2 2 2 2 2 2 2 2 2 2 2 2
left_child=11 2 3 6 5 -3 -2 8 -4 -9 -8 13 -13 -1
right_child=1 4 7 -5 -6 -7 10 9 -10 -11 -12 12 -14 -15
leaf_value=-0.21940754171611268 0.046131023133901168 0.62139984470647636 0.20671078272648075 -0.2214272369789867 0.67539566959933606 0.26591444238022383 1.0483882491056085 0.024467048135692959 0.83931378005465995 -0.97381238576137674 -0.05192323486403664 1.1937548475062594 -0.99417374675924131 -0.57024642360450339
leaf_weight=639 1764 1596 2782 2181 2211 2720 192 605 279 94 96 89 83 6349
leaf_count=639 1764 1596 2782 2181 2211 2720 192 605 279 94 96 89 83 6349
internal_value=0.000372417 0.258037 0.0664966 -0.0474625 0.492369 0.397935 0.137527 0.194684 0.265645 -0.115742 0.686991 -0.52197 0.139693 -0.538345
internal_weight=21680 14520 7993 4233 6527 4316 2052 3760 3061 699 288 7160 172 6988
internal_count=21680 14520 7993 4233 6527 4316 2052 3760 3061 699 288 7160 172 6988
is_linear=0
shrinkage=0.05


Tree=37
num_leaves=15
num_cat=0
split_feature=5 14 14 6 13 1 10 14 1 5 3 1 9 14
split_gain=1.05874e+06 162634 154001 81823.4 63432.1 34486.6 74920.4 121128 73099.5 37502.5 30094.1 28102 30087.2 32525.2
threshold=104.50000000000001 146.50000000000003 60.500000000000007 21.500000000000004 133.50000000000003 10.500000000000002 24.500000000000004 134.50000000000003 2.5000000000000004 60.500000000000007 1.0000000180025095e-35 1.5000000000000002 61.500000000000007 27.500000000000004
decision_type=2 2 2 2 2 2 2 2 2 2 2 2 2 2
left_child=2 4 10 -4 11 6 7 8 -5 -8 -1 -2 -13 -14
right_child=1 -3 3 5 -6 -7 9 -9 -10 -11 -12 12 13 -15
leaf_value=0.24934186796026847 -0.29614816125937576 0.56119042704349109 -0.66855756318924098 0.69112930244869664 0.49162065312619929 -0.38861122865468095 -0.7968841845887793 1.8358368056324814 -0.72570590875507179 -0.012446102700531323 -0.54464446145274914 -0.76038869765141737 0.48040415286928062 0.10736288846310998
leaf_weight=119 396 4400 566 220 1312 511 161 138 148 1857 6184 87 659 4922
leaf_count=119 396 4400 566 220 1312 511 161 138 148 1857 6184 87 659 4922
internal_value=0.000375594 0.320751 -0.380525 -0.119449 0.177038 -0.0161135 0.0599203 0.600774 0.119225 -0.076845 -0.529468 0.108626 0.137143 0.151802
internal_weight=21680 11776 9904 3601 7376 3035 2524 506 368 2018 6303 6064 5668 5581
internal_count=21680 11776 9904 3601 7376 3035 2524 506 368 2018 6303 6064 5668 5581
is_linear=0
shrinkage=0.05


Tree=38
num_leaves=15
num_cat=0
split_feature=5 14 14 6 13 10 3 14 13 1 10 14 1 14
split_gain=955574 147174 138991 73927.2 65765.2 33890.6 32792.2 33401.8 31897.4 31166 67822 110027 58902.1 34375.2
threshold=104.50000000000001 152.50000000000003 60.500000000000007 21.500000000000004 156.50000000000003 61.500000000000007 5.5000000000000009 68.500000000000014 111.50000000000001 10.500000000000002 24.500000000000004 147.50000000000003 2.5000000000000004 159.50000000000003
decision_type=2 2 2 2 2 2 2 2 2 2 2 2 2 2
left_child=2 4 -1 -4 5 -2 8 -8 -7 10 11 12 -5 -12
right_child=1 -3 3 9 -6 6 7 -9 -10 -11 13 -13 -14 -15
leaf_value=-0.50300661387103895 -0.81023980131274775 0.55408583810167655 -0.63542240268816674 0.65734074780344964 0.59065313667575747 0.017290288669732579 1.0217208795740109 0.18847258824228061 0.24429493326610011 -0.36936894976497858 -0.026033354456821714 1.8087062052654144 -0.59118598407031564 -0.97694569325447089
leaf_weight=6303 90 3935 566 220 860 3774 200 298 2619 511 1923 128 158 95
leaf_count=6303 90 3935 566 220 860 3774 200 298 2619 511 1923 128 158 95
internal_value=0.00035939 0.304725 -0.361507 -0.113481 0.179311 0.12825 0.141086 0.52994 0.110405 -0.0152582 0.0570223 0.571617 0.134565 -0.0731028
internal_weight=21680 11776 9904 3601 7841 6981 6891 498 6393 3035 2524 506 378 2018
internal_count=21680 11776 9904 3601 7841 6981 6891 498 6393 3035 2524 506 378 2018
is_linear=0
shrinkage=0.05


Tree=39
num_leaves=15
num_cat=0
split_feature=5 14 5 13 13 3 3 13 8 13 14 5 4 1
split_gain=866903 197022 40282.6 37743.7 48380.2 32848.6 29448.6 33185 32236 28424.6 26790.7 25322 63902.5 158735
threshold=45.000000000000007 121.50000000000001 167.50000000000003 102.50000000000001 29.500000000000004 5.5000000000000009 4.5000000000000009 159.50000000000003 151.50000000000003 162.50000000000003 83.500000000000014 21.500000000000004 1.5000000000000002 13.500000000000002
decision_type=2 2 2 2 2 2 2 2 2 2 2 2 2 2
left_child=11 3 9 4 5 -2 7 -5 -8 -3 -7 -1 13 -13
right_child=1 2 -4 6 -6 10 8 -9 -10 -11 -12 12 -14 -15
leaf_value=-0.58124063356938616 0.047311919904442411 0.2558326844462584 0.60448689259471422 0.18396876510789295 -0.2062377799024302 0.9519928997845819 0.014531041946322695 0.75205067909834256 -0.958061975541741 0.53527452137405152 -0.063515105696007754 -0.3278130519485985 -0.4800833653154406 1.345387676511492
leaf_weight=2600 1808 3152 2091 2806 2256 192 610 279 94 1288 96 741 3497 170
leaf_count=2600 1808 3152 2091 2806 2256 192 610 279 94 1288 96 741 3497 170
internal_value=0.000354913 0.218858 0.423314 0.0546781 -0.0457653 0.127037 0.169954 0.236479 -0.121173 0.337407 0.618183 -0.456936 -0.38304 -0.00994071
internal_weight=21680 14672 6531 8141 4352 2096 3789 3085 704 4440 288 7008 4408 911
internal_count=21680 14672 6531 8141 4352 2096 3789 3085 704 4440 288 7008 4408 911
is_linear=0
shrinkage=0.05


Tree=40
num_leaves=15
num_cat=0
split_feature=5 14 14 6 9 13 6 5 1 1 9 3 14 1
split_gain=785054 122041 117156 61899.6 59759.6 62278.1 28209.2 76117.1 60549.5 32570.4 29750.1 28130.6 28206.3 27629.7
threshold=104.50000000000001 152.50000000000003 60.500000000000007 21.500000000000004 58.500000000000007 156.50000000000003 97.500000000000014 57.500000000000007 7.5000000000000009 5.5000000000000009 109.50000000000001 5.5000000000000009 68.500000000000014 10.500000000000002
decision_type=2 2 2 2 2 2 2 2 2 2 2 2 2 2
left_child=2 4 6 -4 -2 11 7 -1 10 -9 -8 -6 -13 -5
right_child=1 -3 3 13 5 -7 8 9 -10 -11 -12 12 -14 -15
leaf_value=-0.47484575500321208 -1.1572112102017684 0.50330854534011971 -0.57752639575096443 0.057992616037629369 0.098652068411273164 0.5827771275027962 -0.86010895554835987 -0.021044427035970894 -1.9263801319926395 1.0556494775975105 0.29735202451490544 0.93905563689950045 0.17334440502248977 -0.34347860284813847
leaf_weight=5646 80 3935 566 2524 6427 836 151 230 97 96 83 200 298 511
leaf_count=5646 80 3935 566 2524 6427 836 151 230 97 96 83 200 298 511
internal_value=0.000361076 0.276237 -0.327633 -0.0999277 0.162033 0.176368 -0.457543 -0.431935 -0.906252 0.307176 -0.451925 0.126921 0.487137 -0.0100565
internal_weight=21680 11776 9904 3601 7841 7761 6303 5972 331 326 234 6925 498 3035
internal_count=21680 11776 9904 3601 7841 7761 6303 5972 331 326 234 6925 498 3035
is_linear=0
shrinkage=0.05


Tree=41
num_leaves=15
num_cat=0
split_feature=5 14 14 6 9 13 1 14 14 4 6 5 1 1
split_gain=708745 110150 105744 55912 54228.4 56239.6 27630 35266.2 33330.1 25738.4 25674.2 68844.9 54971.2 29546.4
threshold=104.50000000000001 152.50000000000003 60.500000000000007 21.500000000000004 58.500000000000007 156.50000000000003 1.5000000000000002 27.500000000000004 89.500000000000014 3.5000000000000004 97.500000000000014 57.500000000000007 7.5000000000000009 5.5000000000000009
decision_type=2 2 2 2 2 2 2 2 2 2 2 2 2 2
left_child=2 4 10 -4 -2 6 -6 -8 -9 -3 11 -1 -12 -13
right_child=1 9 3 -5 5 -7 7 8 -10 -11 12 13 -14 -15
leaf_value=-0.45112447368636677 -1.1027542060263016 0.55481040864209841 -0.54890293667905177 -0.0095771137807126872 -0.2830757346693426 0.55381151384249883 0.45743140773355684 -0.34895254910070034 0.1339865451353329 0.26265572590765934 -0.42991718619313701 -0.020014593265158066 -1.8347826332438228 1.0054800041241221
leaf_weight=5646 80 2897 566 3035 395 836 790 378 5362 1038 234 230 97 96
leaf_count=5646 80 2897 566 3035 395 836 790 378 5362 1038 234 230 97 96
internal_value=0.000323973 0.262449 -0.311322 -0.0949911 0.153952 0.167608 0.120618 0.145236 0.101907 0.478175 -0.434742 -0.410315 -0.862792 0.292598
internal_weight=21680 11776 9904 3601 7841 7761 6925 6530 5740 3935 6303 5972 331 326
internal_count=21680 11776 9904 3601 7841 7761 6925 6530 5740 3935 6303 5972 331 326
is_linear=0
shrinkage=0.05


Tree=42
num_leaves=15
num_cat=0
split_feature=5 14 14 6 9 13 1 14 14 1 10 1 1 5
split_gain=639790 99455.9 95451.3 50507.7 49206.1 51161.2 25786.8 32197.3 29735.3 24958.9 64882.8 99250.2 63585 32260.4
threshold=104.50000000000001 152.50000000000003 60.500000000000007 21.500000000000004 58.500000000000007 162.50000000000003 1.5000000000000002 27.500000000000004 95.500000000000014 10.500000000000002 24.500000000000004 7.5000000000000009 2.5000000000000004 60.500000000000007
decision_type=2 2 2 2 2 2 2 2 2 2 2 2 2 2
left_child=2 4 -1 -4 -2 6 -6 -8 -9 10 11 12 -5 -12
right_child=1 -3 3 9 5 -7 7 8 -10 -11 13 -13 -14 -15
leaf_value=-0.41307345407370644 -1.0508599229419933 0.45431816979864525 -0.52169811736055105 0.64040838914612941 -0.26909887026180512 0.5942967688363836 0.42981860482170664 -0.20978878417311339 0.1427453023290377 -0.32599686404172146 -0.73951897696333846 1.6503471499560654 -0.69423327056842077 -0.011967403939640036
leaf_weight=6303 80 3935 566 220 395 617 857 671 5221 511 161 143 143 1857
leaf_count=6303 80 3935 566 220 395 617 857 671 5221 511 161 143 143 1857
internal_value=0.000284014 0.249332 -0.295814 -0.0902803 0.146235 0.159244 0.12128 0.144311 0.102454 -0.00909904 0.0555766 0.558898 0.112352 -0.0716972
internal_weight=21680 11776 9904 3601 7841 7761 7144 6749 5892 3035 2524 506 363 2018
internal_count=21680 11776 9904 3601 7841 7761 7144 6749 5892 3035 2524 506 363 2018
is_linear=0
shrinkage=0.05


Tree=43
num_leaves=15
num_cat=0
split_feature=5 14 14 6 9 13 11 10 1 14 5 5 10 5
split_gain=577438 89783.7 86153.9 45634 44649.6 47312.8 25793.7 59119.7 83070.9 158239 44677 27317.2 24512.9 23587.1
threshold=104.50000000000001 152.50000000000003 60.500000000000007 21.500000000000004 58.500000000000007 135.50000000000003 21.500000000000004 24.500000000000004 10.500000000000002 141.50000000000003 45.000000000000007 24.500000000000004 172.50000000000003 101.50000000000001
decision_type=2 2 2 2 2 2 2 2 2 2 2 2 2 2
left_child=2 4 13 -4 -2 -6 11 8 9 -8 -9 -5 -3 -1
right_child=1 12 3 6 5 -7 7 10 -10 -11 -12 -13 -14 -15
leaf_value=-0.37846994799089595 -1.0014076671880836 0.36084846438948509 -0.49584161698713825 -0.874520501891772 0.091137494819646267 0.40484354901077446 0.33773417978256703 -0.95724651230706115 -0.3092841834586284 2.8247237268535574 -0.019183717839201211 0.17828551631162662 0.65561369514776446 -1.0850804812839774
leaf_weight=6186 80 3000 566 160 6278 1483 248 130 192 82 2127 96 935 117
leaf_count=6186 80 3000 566 160 6278 1483 248 130 192 82 2127 96 935 117
internal_value=0.000266074 0.236867 -0.281034 -0.0857665 0.138912 0.151304 -0.00860141 0.0359701 0.512844 0.98865 -0.0752113 -0.483866 0.431631 -0.392436
internal_weight=21680 11776 9904 3601 7841 7761 3035 2779 522 330 2257 256 3935 6303
internal_count=21680 11776 9904 3601 7841 7761 3035 2779 522 330 2257 256 3935 6303
is_linear=0
shrinkage=0.05


Tree=44
num_leaves=15
num_cat=0
split_feature=5 14 8 13 13 3 4 3 14 11 1 14 12 7
split_gain=522994 124713 37415.7 29840 26581.3 22019.7 24550.9 107954 145687 124536 29619.9 28469.3 21604.8 20580.2
threshold=45.000000000000007 114.50000000000001 167.50000000000003 145.50000000000003 162.50000000000003 1.0000000180025095e-35 1.5000000000000002 4.5000000000000009 27.500000000000004 23.500000000000004 16.500000000000004 25.500000000000004 171.50000000000003 90.500000000000014
decision_type=2 2 2 2 2 2 2 2 2 2 2 2 2 2
left_child=5 3 4 13 12 -1 7 11 9 -9 -10 -7 -3 -2
right_child=1 2 -4 -5 -6 6 -8 8 10 -11 -12 -13 -14 -15
leaf_value=0.11563300029240518 0.20089344208895721 0.16820832554733667 0.57144902775754625 0.38620314494167507 0.43130209230733585 -0.51391855604674885 -0.42773482373088367 2.7954271894820195 -0.7738916340181905 0.27527714946053244 0.38395364284515382 0.22002000192932736 0.55043135859035508 -0.046854345625333693
leaf_weight=238 981 4311 1163 508 1719 1174 5024 89 150 105 82 146 401 5589
leaf_count=238 981 4311 1163 508 1719 1174 5024 89 150 105 82 146 401 5589
internal_value=0.00024968 0.169965 0.31063 0.0189326 0.263056 -0.354936 -0.371552 -0.209129 0.479122 1.47262 -0.365187 -0.432217 0.201285 -0.00973723
internal_weight=21680 14672 7594 7078 6431 7008 6770 1746 426 194 232 1320 4712 6570
internal_count=21680 14672 7594 7078 6431 7008 6770 1746 426 194 232 1320 4712 6570
is_linear=0
shrinkage=0.05


Tree=45
num_leaves=15
num_cat=0
split_feature=5 14 14 9 13 6 3 8 5 7 11 10 14 5
split_gain=476894 74751.6 71474.6 49844.7 47755 38778.2 28277.1 24122.3 49969.8 22451.5 22126.5 56300.8 75678.5 38568.5
threshold=104.50000000000001 159.50000000000003 60.500000000000007 58.500000000000007 145.50000000000003 21.500000000000004 5.5000000000000009 100.50000000000001 57.500000000000007 74.500000000000014 21.500000000000004 24.500000000000004 174.50000000000003 45.000000000000007
decision_type=2 2 2 2 2 2 2 2 2 2 2 2 2 2
left_child=2 3 7 -2 6 -4 -5 8 -1 -10 -7 12 -12 -13
right_child=1 -3 5 4 -6 10 -8 -9 9 -11 11 13 -14 -15
leaf_value=-0.37085703985603735 -1.0245093318132255 0.4265392374431709 -0.45551576641520353 0.0637727837842922 0.38718522279668666 -0.4465551138609305 0.44303799056680443 -0.79411689742612768 0.77793807163238526 -0.048111015988788641 0.22740497881079907 -0.8931110883642126 1.8304039908259104 -0.021520992396810001
leaf_weight=5646 86 3086 566 6351 1725 256 528 298 120 239 438 130 84 2127
leaf_count=5646 86 3086 566 6351 1725 256 528 298 120 239 438 130 84 2127
internal_value=0.000287193 0.215305 -0.255352 0.14009 0.152318 -0.0774977 0.0931841 -0.356821 -0.334478 0.234899 -0.00636753 0.0349115 0.500278 -0.0735865
internal_weight=21680 11776 9904 8690 8604 3601 6879 6303 6005 359 3035 2779 522 2257
internal_count=21680 11776 9904 8690 8604 3601 6879 6303 6005 359 3035 2779 522 2257
is_linear=0
shrinkage=0.05


Tree=46
num_leaves=15
num_cat=0
split_feature=5 14 14 9 13 6 1 14 14 7 6 5 9 1
split_gain=430419 67482.3 64522.4 45213.9 44321.9 35039.4 23448.1 27416.5 27134.8 23325.1 23034.2 54592.5 51538.9 33659.4
threshold=104.50000000000001 159.50000000000003 60.500000000000007 58.500000000000007 168.50000000000003 21.500000000000004 1.5000000000000002 27.500000000000004 95.500000000000014 162.50000000000003 97.500000000000014 57.500000000000007 110.50000000000001 6.5000000000000009
decision_type=2 2 2 2 2 2 2 2 2 2 2 2 2 2
left_child=2 3 10 -2 6 -4 -5 9 -9 -8 11 -1 13 -12
right_child=1 -3 5 4 -6 -7 7 8 -10 -11 12 -13 -14 -15
leaf_value=-0.35233059623266322 -0.97609841260281238 0.40524677066759135 -0.43293941838833166 -0.26171627604402603 0.534417502068808 -0.0059918590714407504 0.21726763312150191 -0.20439501358608228 0.12957827838448971 0.76294712371993489 -0.60421713891080009 0.30954307131019065 0.28925202231115216 -1.8217755187856088
leaf_weight=5646 86 3086 566 395 668 3035 647 673 5941 280 148 326 87 96
leaf_count=5646 86 3086 566 395 668 3035 647 673 5941 280 148 326 87 96
internal_value=0.000274008 0.204546 -0.242589 0.133081 0.144728 -0.0736061 0.111611 0.131327 0.0954665 0.385299 -0.338997 -0.315971 -0.743552 -1.11022
internal_weight=21680 11776 9904 8690 8604 3601 7936 7541 6614 927 6303 5972 331 244
internal_count=21680 11776 9904 8690 8604 3601 7936 7541 6614 927 6303 5972 331 244
is_linear=0
shrinkage=0.05


Tree=47
num_leaves=15
num_cat=0
split_feature=5 14 11 9 14 13 7 1 1 7 4 4 8 10
split_gain=388597 60915.5 60004 41014.1 40549.5 40036 32649.5 30557.4 51284.3 150447 64292.3 22888.3 28444.1 22315.9
threshold=104.50000000000001 159.50000000000003 117.50000000000001 58.500000000000007 57.500000000000007 168.50000000000003 109.50000000000001 9.5000000000000018 7.5000000000000009 24.500000000000004 3.5000000000000004 3.5000000000000004 26.500000000000004 23.500000000000004
decision_type=2 2 2 2 2 2 2 2 2 2 2 2 2 2
left_child=2 3 4 -2 6 -5 -1 8 11 -10 -11 13 -13 -6
right_child=1 -3 -4 5 7 -7 -8 -9 9 10 -12 12 -14 -15
leaf_value=-0.32038895276661028 -0.92997512018287787 0.3850172091258906 0.2742057232182018 0.10605090472876888 0.35535919788878328 0.50789514681293924 -1.2435117820391852 -0.41063393720555619 2.1534678166455561 -1.0276717239192554 0.66359470290156597 -0.72381902315130797 -0.11155541994075072 -0.10999710149654562
leaf_weight=6070 86 3086 552 7936 339 668 93 683 96 107 108 287 548 1021
leaf_count=6070 86 3086 552 7936 339 668 93 683 96 107 108 287 548 1021
internal_value=0.000237121 0.194332 -0.230526 0.126433 -0.260448 0.137526 -0.335316 -0.115463 -0.0343574 0.561352 -0.182332 -0.119845 -0.325054 0.00687658
internal_weight=21680 11776 9904 8690 9352 8604 6163 3189 2506 311 215 2195 835 1360
internal_count=21680 11776 9904 8690 9352 8604 6163 3189 2506 311 215 2195 835 1360
is_linear=0
shrinkage=0.05


Tree=48
num_leaves=15
num_cat=0
split_feature=5 14 11 14 7 14 7 5 1 1 7 4 10 6
split_gain=350734 56048.5 54184.3 36639.9 29680.2 28626.7 34606.3 63429.4 27619.6 46496.4 136482 58295.8 27399 27664.5
threshold=104.50000000000001 118.50000000000001 117.50000000000001 57.500000000000007 109.50000000000001 28.500000000000004 162.50000000000003 162.50000000000003 9.5000000000000018 7.5000000000000009 24.500000000000004 3.5000000000000004 186.50000000000003 186.50000000000003
decision_type=2 2 2 2 2 2 2 2 2 2 2 2 2 2
left_child=2 5 3 4 -1 6 7 -2 9 -5 -11 -12 13 -3
right_child=1 12 -4 8 -6 -7 -8 -9 -10 10 11 -13 -14 -15
leaf_value=-0.30438269212875713 0.23180651067333638 0.23394522184650737 0.26061850085894661 -0.11391969139725817 -1.1845084385965401 -0.0041501135280936447 0.66171277032968778 -1.2051546514647848 -0.39025145393991195 2.0511247389387375 -0.97858202425496921 0.63188310869829323 0.71783080365367613 0.73443402874433916
leaf_weight=6070 793 5943 552 2195 93 3952 384 80 683 96 107 108 338 286
leaf_count=6070 793 5943 552 2195 93 3952 384 80 683 96 107 108 338 286
internal_value=0.000220285 0.184617 -0.219012 -0.247447 -0.318613 0.0620498 0.269374 0.094013 -0.109628 -0.0325202 0.5347 -0.173629 0.281717 0.257495
internal_weight=21680 11776 9904 9352 6163 5209 1257 873 3189 2506 311 215 6567 6229
internal_count=21680 11776 9904 9352 6163 5209 1257 873 3189 2506 311 215 6567 6229
is_linear=0
shrinkage=0.05


Tree=49
num_leaves=15
num_cat=0
split_feature=5 14 6 10 7 1 5 10 14 0 14 1 14 7
split_gain=320172 79070 29164.3 33711.7 24644.6 33169.1 25105.5 35906.8 26603.3 19197.4 45438.4 24643.6 25906.6 19182.9
threshold=45.000000000000007 113.50000000000001 173.50000000000003 186.50000000000003 90.500000000000014 8.5000000000000018 84.500000000000014 108.50000000000001 61.500000000000007 4.5000000000000009 174.50000000000003 1.5000000000000002 61.500000000000007 163.50000000000003
decision_type=2 2 2 2 2 2 2 2 2 2 2 2 2 2
left_child=9 4 3 -3 5 -2 7 -6 -9 -1 11 12 -11 -8
right_child=1 2 -4 -5 6 -7 13 8 -10 10 -12 -13 -14 -15
leaf_value=-0.36051103567768794 0.14551228027647506 0.18069537632359359 0.45926387794739149 0.91873546441396092 0.13304033028112877 1.1408830132821333 -0.036812944009055749 -1.4938445100804199 -0.38909458621048637 -0.16948730198112694 0.85723236894607546 -0.26651727193174718 0.77064214649869767 0.24228638799299912
leaf_weight=3504 957 6299 1293 154 180 87 4760 83 157 180 95 3112 117 702
leaf_count=3504 957 6299 1293 154 180 87 4760 83 157 180 95 3112 117 702
internal_value=0.000224747 0.133015 0.242718 0.199006 0.0102363 0.233502 -0.029556 -0.399716 -0.793843 -0.277682 -0.194457 -0.224977 0.207494 -0.000753101
internal_weight=21680 14672 7746 6453 6926 1044 5882 420 240 7008 3504 3409 297 5462
internal_count=21680 14672 7746 6453 6926 1044 5882 420 240 7008 3504 3409 297 5462
is_linear=0
shrinkage=0.05


Tree=50
num_leaves=15
num_cat=0
split_feature=5 14 8 7 14 12 7 14 6 13 9 4 1 1
split_gain=289074 70741 26590.5 22648.1 31126.4 20588.4 20297.9 47903.1 46766 19111.6 19068.5 58188 168071 34219.9
threshold=61.500000000000007 114.50000000000001 167.50000000000003 90.500000000000014 28.500000000000004 171.50000000000003 163.50000000000003 63.500000000000007 166.50000000000003 172.50000000000003 21.500000000000004 1.5000000000000002 13.500000000000002 7.5000000000000009
decision_type=2 2 2 2 2 2 2 2 2 2 2 2 2 2
left_child=10 3 5 4 -2 9 8 -8 -5 -3 -1 12 13 -12
right_child=1 2 -4 6 -6 -7 7 -9 -10 -11 11 -13 -14 -15
leaf_value=-0.36911375113398015 0.75605673964933628 0.13113644220710377 0.45378990677625508 -0.035968487007813285 0.079688052955527167 0.47082802259740969 0.61946593301905073 -0.20008542712441166 -1.1554510305351333 0.41094833184060431 -0.37988819328380874 -0.286947530342271 1.6652166300005729 0.32331148755961453
leaf_weight=2560 219 5118 1163 5217 713 604 368 338 90 690 510 3685 149 256
leaf_count=2560 219 5118 1163 5217 713 604 368 338 90 690 510 3685 149 256
internal_value=0.00023809 0.12844 0.234061 0.0131524 0.241807 0.193884 -0.0224599 0.228455 -0.0560232 0.164703 -0.259655 -0.198404 0.15781 -0.144304
internal_weight=21680 14520 7575 6945 932 6412 6013 706 5307 5808 7160 4600 915 766
internal_count=21680 14520 7575 6945 932 6412 6013 706 5307 5808 7160 4600 915 766
is_linear=0
shrinkage=0.05


Tree=51
num_leaves=15
num_cat=0
split_feature=5 14 14 9 6 13 3 14 3 1 11 10 14 5
split_gain=264578 56244.9 33887.5 38364.2 29043.4 23248.4 17940.8 19553.8 16790.9 16508.8 16382.6 48268.3 59239.3 27447.1
threshold=110.50000000000001 62.500000000000007 159.50000000000003 59.500000000000007 21.500000000000004 145.50000000000003 5.5000000000000009 68.500000000000014 1.0000000180025095e-35 15.500000000000002 21.500000000000004 23.500000000000004 167.50000000000003 45.000000000000007
decision_type=2 2 2 2 2 2 2 2 2 2 2 2 2 2
left_child=1 8 3 -2 -3 6 -5 -8 -1 -4 -6 12 -12 -13
right_child=2 4 9 5 10 -7 7 -9 -10 -11 11 13 -14 -15
leaf_value=0.23663663639530852 -0.89468359226708893 -0.37190828438592921 0.3855545322135227 0.059822126794844381 -0.37734797279346866 0.30191235399253774 0.77154013274227762 0.13148649443053836 -0.27325874589133881 0.095242099502025709 0.24001345290305395 -0.65532650119530222 1.6974466407021813 0.0011204398333655328
leaf_weight=162 86 564 2383 4976 254 1671 186 325 6404 621 381 162 81 3424
leaf_count=162 86 564 2383 4976 254 1671 186 325 6404 621 381 162 81 3424
internal_value=0.000254809 -0.165089 0.184692 0.125992 -0.0361981 0.138871 0.0889892 0.36968 -0.260508 0.325798 0.00819479 0.0328221 0.510976 -0.0294062
internal_weight=21680 11432 10248 7244 4866 7158 5487 511 6566 3004 4302 4048 462 3586
internal_count=21680 11432 10248 7244 4866 7158 5487 511 6566 3004 4302 4048 462 3586
is_linear=0
shrinkage=0.05


Tree=52
num_leaves=15
num_cat=0
split_feature=5 5 6 5 3 1 1 6 9 13 5 10 8 1
split_gain=238828 51523.3 36918.7 29681.4 27489 43481.3 60777.7 26647.1 27379 19587.4 19555.2 21077.8 18687.4 18004.6
threshold=111.50000000000001 45.000000000000007 76.500000000000014 173.50000000000003 3.5000000000000004 7.5000000000000009 12.500000000000002 100.50000000000001 62.500000000000007 162.50000000000003 84.500000000000014 108.50000000000001 168.50000000000003 11.500000000000002
decision_type=2 2 2 2 2 2 2 2 2 2 2 2 2 2
left_child=1 -1 -3 7 10 -6 -7 -2 -9 -10 11 -4 13 -5
right_child=3 2 4 12 5 6 -8 8 9 -11 -12 -13 -14 -15
leaf_value=-0.23840338528861713 0.47009316651454525 0.3035343297972376 0.0021365740454822616 0.50427676560380674 -0.1320495470613654 -1.5044801269129322 0.069538175700864666 -0.77655607558348605 0.086883501244946218 0.2906877031821315 0.067599107039385306 -0.83182964033090079 0.57896459956713997 0.077908214922264907
leaf_weight=7008 568 720 176 392 1236 143 104 80 6118 1458 2229 128 656 664
leaf_count=7008 568 720 176 392 1236 143 104 80 6118 1458 2229 128 656 664
internal_value=0.000257612 -0.152357 -0.0249156 0.180629 -0.0841052 -0.254675 -0.853506 0.14104 0.116337 0.126271 0.0160637 -0.356785 0.369839 0.237812
internal_weight=21680 11744 4736 9936 4016 1483 247 8224 7656 7576 2533 304 1712 1056
internal_count=21680 11744 4736 9936 4016 1483 247 8224 7656 7576 2533 304 1712 1056
is_linear=0
shrinkage=0.05


Tree=53
num_leaves=15
num_cat=0
split_feature=5 5 6 5 3 1 5 6 9 5 10 13 3 4
split_gain=215650 46454.6 33364.2 26828.7 24845.1 39402.2 56203.5 24080.3 24842.2 17708.1 19098 17686 17527.2 20143.2
threshold=111.50000000000001 45.000000000000007 76.500000000000014 173.50000000000003 3.5000000000000004 7.5000000000000009 103.50000000000001 100.50000000000001 62.500000000000007 84.500000000000014 108.50000000000001 162.50000000000003 1.0000000180025095e-35 1.5000000000000002
decision_type=2 2 2 2 2 2 2 2 2 2 2 2 2 2
left_child=1 12 -3 7 9 -6 -7 -2 -9 10 -4 -10 -1 -14
right_child=3 2 4 -5 5 6 -8 8 11 -11 -12 -13 13 -15
leaf_value=0.19211339703128663 0.4467936084883688 0.28846228258600781 0.002032697766772291 0.3515164000566357 -0.12547367104609841 -1.5018757148262334 -0.0035774004884248922 -0.74001224057748916 0.082542873618750665 0.064226717284931442 -0.79180175666522268 0.27620299184140745 -0.094683981864265826 -0.29216112172259601
leaf_weight=238 568 720 176 1712 1236 131 116 80 6118 2229 128 1458 1746 5024
leaf_count=238 568 720 176 1712 1236 131 116 80 6118 2229 128 1458 1746 5024
internal_value=0.000232839 -0.144788 -0.0237766 0.171629 -0.0800448 -0.242205 -0.812254 0.13399 0.110507 0.0151855 -0.339617 0.11997 -0.226492 -0.241339
internal_weight=21680 11744 4736 9936 4016 1483 247 8224 7656 2533 304 7576 7008 6770
internal_count=21680 11744 4736 9936 4016 1483 247 8224 7656 2533 304 7576 7008 6770
is_linear=0
shrinkage=0.05


Tree=54
num_leaves=15
num_cat=0
split_feature=5 5 14 14 9 14 14 10 10 1 13 5 4 3
split_gain=194700 42026.7 34725.4 24810.6 31751.6 19968.9 23982.2 19027.2 44026.9 71610.2 71153.6 26069.8 18784.6 146498
threshold=111.50000000000001 21.500000000000004 86.500000000000014 159.50000000000003 59.500000000000007 25.500000000000004 104.50000000000001 21.500000000000004 23.500000000000004 10.500000000000002 28.500000000000004 45.000000000000007 1.5000000000000002 3.5000000000000004
decision_type=2 2 2 2 2 2 2 2 2 2 2 2 2 2
left_child=1 -1 12 4 -2 -6 -7 -4 9 10 -9 -10 13 -3
right_child=3 2 7 -5 5 6 -8 8 11 -11 -12 -13 -14 -15
leaf_value=-0.31480112418389372 -0.81724102706699586 -0.42972508640028534 -0.48575268143174277 0.28329608464652684 0.34838707895134846 -0.096834244802369782 0.14398777558367262 2.0676137771733383 -0.56922958716368066 -0.20645607831803237 0.24799950147452565 0.026649853568923215 -0.21570223851132886 0.82773708483158071
leaf_weight=2600 86 635 168 2994 857 1323 4676 103 190 171 110 3122 4287 358
leaf_count=2600 86 635 168 2994 857 1323 4676 103 190 171 110 3122 4287 358
internal_value=0.000199918 -0.137597 -0.0870657 0.163058 0.111034 0.123265 0.0908413 0.0268248 0.0507485 0.553948 1.15515 -0.00834057 -0.170359 0.0254955
internal_weight=21680 11744 9144 9936 6942 6856 5999 3864 3696 384 213 3312 5280 993
internal_count=21680 11744 9144 9936 6942 6856 5999 3864 3696 384 213 3312 5280 993
is_linear=0
shrinkage=0.05


Tree=55
num_leaves=15
num_cat=0
split_feature=5 5 14 10 6 12 13 4 13 10 10 1 13 5
split_gain=175688 37951.9 31360.2 24173.1 24386.3 20892.2 18120.6 18177.7 22850.2 17226.5 39942.3 64922.9 64532.2 23588.9
threshold=111.50000000000001 21.500000000000004 86.500000000000014 189.50000000000003 186.50000000000003 24.500000000000004 159.50000000000003 3.5000000000000004 60.500000000000007 21.500000000000004 23.500000000000004 10.500000000000002 28.500000000000004 45.000000000000007
decision_type=2 2 2 2 2 2 2 2 2 2 2 2 2 2
left_child=1 -1 -3 4 5 -2 7 8 -7 -4 11 12 -11 -12
right_child=3 2 9 -5 -6 6 -8 -9 -10 10 13 -13 -14 -15
leaf_value=-0.29909127787985412 -0.62204277425683951 -0.16183282118708306 -0.4621670059386016 0.56893173214539761 0.54122710801354834 0.30567761604473542 0.2470540036984244 -0.044139013843473768 0.068311055975909016 1.9690192422191442 -0.5414978869756063 -0.19642654156143016 0.23613865265379783 0.025319491426262688
leaf_weight=2600 88 5280 168 336 360 1448 2479 1856 3369 103 190 171 110 3122
leaf_count=2600 88 5280 168 336 360 1448 2479 1856 3369 103 190 171 110 3122
internal_value=0.000199259 -0.130697 -0.0826779 0.154901 0.140122 0.12421 0.131721 0.0887224 0.139907 0.0255534 0.0483169 0.527607 1.10005 -0.00796444
internal_weight=21680 11744 9144 9936 9600 9240 9152 6673 4817 3864 3696 384 213 3312
internal_count=21680 11744 9144 9936 9600 9240 9152 6673 4817 3864 3696 384 213 3312
is_linear=0
shrinkage=0.05


Tree=56
num_leaves=15
num_cat=0
split_feature=5 11 13 13 13 4 14 13 14 11 5 4 1 3
split_gain=158865 35484.9 32232 26083.2 48301.1 23271.3 24190.5 20420.3 19204.1 19048.2 21325.7 26738 149177 44889.1
threshold=104.50000000000001 117.50000000000001 169.50000000000003 28.500000000000004 98.500000000000014 3.5000000000000004 136.50000000000003 57.500000000000007 61.500000000000007 114.50000000000001 21.500000000000004 1.5000000000000002 12.500000000000002 3.5000000000000004
decision_type=2 2 2 2 2 2 2 2 2 2 2 2 2 2
left_child=1 9 3 5 -5 6 8 -3 -2 10 -1 12 -12 -13
right_child=2 7 -4 4 -6 -7 -8 -9 -10 -11 11 13 -14 -15
leaf_value=-0.28416541952346658 0.64684168305353262 0.94475841944416372 0.33892275513140024 -0.28110905285342946 0.092890989180757125 -0.030285467888747159 0.50035446138538242 0.10919263277810656 0.086590608350407369 -0.85424367428416081 -0.12333680542756101 0.062666816160291725 1.53690388825289 -0.25127570811440353
leaf_weight=2600 172 82 1519 994 6353 708 886 470 1144 96 975 1600 152 3929
leaf_count=2600 172 82 1519 994 6353 708 886 470 1144 96 975 1600 152 3929
internal_value=0.00020814 -0.147339 0.12431 0.0923776 0.0421345 0.218939 0.298958 0.240683 0.161986 -0.170358 -0.162808 -0.115225 0.106381 -0.160451
internal_weight=21680 9904 11776 10257 7347 2910 2202 552 1316 9352 9256 6656 1127 5529
internal_count=21680 9904 11776 10257 7347 2910 2202 552 1316 9352 9256 6656 1127 5529
is_linear=0
shrinkage=0.05


Tree=57
num_leaves=15
num_cat=0
split_feature=5 7 4 1 7 12 3 8 8 7 14 11 14 13
split_gain=143595 32293.2 27279.4 80187.3 163707 66739.1 63688.9 43860.1 26603.8 61517.8 23779.9 25310.1 20944.5 30218.4
threshold=111.50000000000001 21.500000000000004 1.5000000000000002 7.5000000000000009 24.500000000000004 23.500000000000004 3.5000000000000004 27.500000000000004 21.500000000000004 24.500000000000004 61.500000000000007 104.50000000000001 53.000000000000007 112.50000000000001
decision_type=2 2 2 2 2 2 2 2 2 2 2 2 2 2
left_child=1 -1 3 10 5 -5 12 -6 9 -8 11 -3 13 -4
right_child=-2 2 6 4 7 -7 8 -9 -10 -11 -12 -13 -14 -15
leaf_value=-0.27313857759797067 0.14008721660643558 -0.24353630285922107 0.17892158264964128 2.4733299406369529 -0.46762872184882182 0.62621904649232574 1.3373074559604421 0.62721318969590556 -0.25240758954295639 -0.56966723021338972 0.074188229189393759 -1.2028701000435409 0.0063170641996883369 1.1951072418957613
leaf_weight=2608 9936 364 426 115 232 90 80 144 4435 80 486 81 2519 84
leaf_count=2608 9936 364 426 115 232 90 80 144 4435 80 486 81 2519 84
internal_value=0.000226494 -0.118112 -0.073732 0.119995 0.578357 1.69662 -0.112206 -0.0455991 -0.229444 0.395451 -0.167613 -0.429582 0.0657297 0.356271
internal_weight=21680 11744 9136 1512 581 205 7624 376 4595 160 931 445 3029 510
internal_count=21680 11744 9136 1512 581 205 7624 376 4595 160 931 445 3029 510
is_linear=0
shrinkage=0.05


Tree=58
num_leaves=15
num_cat=0
split_feature=5 7 14 13 9 10 1 1 1 2 11 7 11 12
split_gain=129520 29184.6 25273.4 22530.8 22996.3 20645.3 22330.2 36213.3 35717.2 23851.9 22056.3 20494.7 21488.2 18003.8
threshold=111.50000000000001 21.500000000000004 86.500000000000014 171.50000000000003 134.50000000000003 189.50000000000003 11.500000000000002 5.5000000000000009 12.500000000000002 1.5000000000000002 169.50000000000003 181.50000000000003 168.50000000000003 100.50000000000001
decision_type=2 2 2 2 2 2 2 2 2 2 2 2 2 2
left_child=1 -1 3 4 -3 6 7 -2 9 -8 11 12 13 -10
right_child=5 2 -4 -5 -6 -7 8 -9 10 -11 -12 -13 -14 -15
leaf_value=-0.25950778096150134 -0.023957469973462101 -0.17530431033695096 0.026750360973807726 0.39376152490461735 0.64098654905842112 0.51566786455137992 0.018775271800718543 0.33685399502684077 -0.46023790661584246 -0.62743422881455357 0.29520162429750052 0.58012822842025491 -0.55289631927214378 0.072456494582672601
leaf_weight=2608 1004 4984 3884 185 83 336 278 2253 160 288 1171 172 147 4127
leaf_count=2608 1004 4984 3884 185 83 336 278 2253 160 288 1171 172 147 4127
internal_value=0.000257243 -0.112132 -0.069942 -0.141406 -0.161314 0.133086 0.119435 0.225764 0.0647016 -0.312653 0.101911 0.0525035 0.0314059 0.0520622
internal_weight=21680 11744 9136 5252 5067 9936 9600 3257 6343 566 5777 4606 4434 4287
internal_count=21680 11744 9136 5252 5067 9936 9600 3257 6343 566 5777 4606 4434 4287
is_linear=0
shrinkage=0.05


Tree=59
num_leaves=15
num_cat=0
split_feature=5 11 13 13 13 4 14 8 13 14 7 4 7 1
split_gain=116928 28620.6 26740.1 22827.2 40167.7 20406.2 19934.9 18827.9 18398.9 17111.1 16564.6 23349.7 80165 200391
threshold=104.50000000000001 117.50000000000001 169.50000000000003 28.500000000000004 98.500000000000014 3.5000000000000004 136.50000000000003 119.50000000000001 57.500000000000007 61.500000000000007 21.500000000000004 1.5000000000000002 23.500000000000004 7.5000000000000009
decision_type=2 2 2 2 2 2 2 2 2 2 2 2 2 2
left_child=1 7 3 5 -5 6 9 10 -3 -2 -1 12 13 -12
right_child=2 8 -4 4 -6 -7 -8 -9 -10 -11 11 -13 -14 -15
leaf_value=-0.24655722084968792 0.60427651107311253 0.89039833227108278 0.3021905817665903 -0.26411898547785356 0.07693713300871452 -0.037285092811010057 0.45379538808444436 -0.85562208863475964 0.097387467435316039 0.075494748654023947 -0.23344311392200845 -0.13867828107543978 -0.19409101295543701 2.1533171330412775
leaf_weight=2608 172 82 1519 994 6353 708 886 88 470 1144 219 5592 704 141
leaf_count=2608 172 82 1519 994 6353 708 886 88 470 1144 219 5592 704 141
internal_value=0.000253387 -0.12633 0.106722 0.0776417 0.0306463 0.196037 0.270971 -0.147005 0.222125 0.146632 -0.139816 -0.0978381 0.116448 0.718063
internal_weight=21680 9904 11776 10257 7347 2910 2202 9352 552 1316 9264 6656 1064 360
internal_count=21680 9904 11776 10257 7347 2910 2202 9352 552 1316 9264 6656 1064 360
is_linear=0
shrinkage=0.05


Tree=60
num_leaves=15
num_cat=0
split_feature=5 14 1 1 1 11 2 7 11 1 1 7 4 12
split_gain=105747 25103.2 18451.4 32193.1 32081.4 30666.6 26138.5 18051 19484.2 17946.8 33554.6 109238 38976.4 17374
threshold=111.50000000000001 62.500000000000007 11.500000000000002 12.500000000000002 5.5000000000000009 169.50000000000003 1.0000000180025095e-35 181.50000000000003 168.50000000000003 9.5000000000000018 7.5000000000000009 24.500000000000004 2.5000000000000004 159.50000000000003
decision_type=2 2 2 2 2 2 2 2 2 2 2 2 2 2
left_child=1 -1 4 6 -2 7 -4 8 13 10 -3 -12 -13 -5
right_child=2 9 3 5 -6 -7 -8 -9 -10 -11 11 12 -14 -15
leaf_value=-0.16544585219061547 -0.021171524796202944 -0.016374691985909674 0.29043042797764596 -0.0074391384537107717 0.31610788396521033 0.31388806529916563 -0.46537418265919106 0.53983403994033574 -0.53150007210573869 -0.18851128068998377 1.8890200501621359 -0.74608685967692168 0.40719986180615858 0.23916477897466876
leaf_weight=6630 1004 3528 149 3387 2358 1369 450 172 147 1181 96 109 200 900
leaf_count=6630 1004 3528 149 3387 2358 1369 450 172 147 1181 96 109 200 900
internal_value=0.000271661 -0.101281 0.120293 0.0714754 0.215504 0.106564 -0.276521 0.04467 0.0248755 -0.0180139 0.0333574 0.461495 -0.00502526 0.0445505
internal_weight=21680 11744 9936 6574 3362 5975 599 4606 4434 5114 3933 405 309 4287
internal_count=21680 11744 9936 6574 3362 5975 599 4606 4434 5114 3933 405 309 4287
is_linear=0
shrinkage=0.05


Tree=61
num_leaves=15
num_cat=0
split_feature=5 13 13 13 5 0 14 1 1 14 9 6 3 11
split_gain=97375.6 29973.7 23768.8 44675.7 20951.7 14846.9 32428.7 90922.2 18729.6 15698.1 13893.5 14618.1 13381.8 29885.9
threshold=61.500000000000007 166.50000000000003 28.500000000000004 94.500000000000014 171.50000000000003 4.5000000000000009 144.50000000000003 9.5000000000000018 1.5000000000000002 61.500000000000007 167.50000000000003 92.500000000000014 4.5000000000000009 92.500000000000014
decision_type=2 2 2 2 2 2 2 2 2 2 2 2 2 2
left_child=5 2 4 -4 10 -1 8 -8 9 -7 11 -2 -13 -14
right_child=1 -3 3 -5 -6 6 7 -9 -10 -11 -12 12 13 -15
leaf_value=-0.22251445152957872 0.39657987263320704 0.25512471140090942 -0.24926638579321647 0.05190872207363622 0.41318796200564423 -0.043452118755997839 1.7775509974052168 -0.21256680847608556 -0.15703324266385249 0.68480765415430067 0.36450273824364587 0.071549356077953347 -0.94839044079861867 0.0021529069713168069
leaf_weight=3580 274 1982 1471 7423 636 180 82 166 3032 120 416 1880 105 333
leaf_count=3580 274 1982 1471 7423 636 180 82 166 3032 120 416 1880 105 333
internal_value=0.000279449 0.0746867 0.0460728 0.00198458 0.15353 -0.15056 -0.078396 0.467581 -0.119673 0.254303 0.0980341 0.0546481 0.0134633 -0.233849
internal_weight=21680 14520 12538 8894 3644 7160 3580 248 3332 300 3008 2592 2318 438
internal_count=21680 14520 12538 8894 3644 7160 3580 248 3332 300 3008 2592 2318 438
is_linear=0
shrinkage=0.05


Tree=62
num_leaves=15
num_cat=0
split_feature=5 13 13 13 5 0 14 1 1 14 6 12 3 1
split_gain=87834.2 27059.5 21459.1 40599.4 18930.5 13430.5 29557.3 87190.8 17380 14226 12674.8 14809.6 27093 13324.7
threshold=61.500000000000007 166.50000000000003 28.500000000000004 92.500000000000014 171.50000000000003 4.5000000000000009 129.50000000000003 9.5000000000000018 1.5000000000000002 61.500000000000007 98.500000000000014 89.500000000000014 4.5000000000000009 7.5000000000000009
decision_type=2 2 2 2 2 2 2 2 2 2 2 2 2 2
left_child=5 2 4 -4 10 -1 8 -8 9 -7 13 12 -12 -2
right_child=1 -3 3 -5 -6 6 7 -9 -10 -11 11 -13 -14 -15
leaf_value=-0.21140424224024579 0.11994916048762157 0.2424005756275642 -0.25472364455558605 0.046302410539563126 0.39268971073082337 -0.041338244712836036 1.6165480250059958 -0.18659548020788602 -0.15444828526162757 0.65193689409494404 0.025861658077693729 0.097417216691926378 -0.90312636443159799 0.63997761474809423
leaf_weight=3580 334 1982 1309 7585 636 180 94 205 2981 120 273 2103 105 193
leaf_count=3580 334 1982 1309 7585 636 180 94 205 2981 120 273 2103 105 193
internal_value=0.000290657 0.0709585 0.0437712 0.00187981 0.145874 -0.142968 -0.0743333 0.397543 -0.117875 0.242113 0.093123 0.0455355 -0.240612 0.314621
internal_weight=21680 14520 12538 8894 3644 7160 3580 299 3281 300 3008 2481 378 527
internal_count=21680 14520 12538 8894 3644 7160 3580 299 3281 300 3008 2481 378 527
is_linear=0
shrinkage=0.05


Tree=63
num_leaves=15
num_cat=0
split_feature=5 13 13 13 3 1 8 3 1 3 9 4 1 1
split_gain=79230.3 24428.2 19375.7 36655.6 18213.7 19975.8 18580.8 16839.4 18926.9 12151 13567.5 41260.5 122876 19843.2
threshold=61.500000000000007 166.50000000000003 28.500000000000004 94.500000000000014 5.5000000000000009 19.500000000000004 134.50000000000003 4.5000000000000009 5.5000000000000009 1.0000000180025095e-35 21.500000000000004 1.5000000000000002 13.500000000000002 7.5000000000000009
decision_type=2 2 2 2 2 2 2 2 2 2 2 2 2 2
left_child=9 2 4 -4 7 6 -6 -2 -9 -1 -11 12 13 -12
right_child=1 -3 3 -5 5 -7 -8 8 -10 10 11 -13 -14 -15
leaf_value=0.19075153916667809 0.12792116285170249 0.23031104721124726 -0.22580422121229479 0.047001471408630542 1.2046374944656206 -0.084296711582852457 0.39130965827519559 0.062721518608195165 -0.74989236757036082 -0.2442502726643849 -0.23667163909494301 -0.17390209718381777 1.4904842821808604 0.29857459593550001
leaf_weight=270 2782 1982 1471 7423 88 156 328 174 116 2411 510 3564 149 256
leaf_count=270 2782 1982 1471 7423 88 156 328 174 116 2411 510 3564 149 256
internal_value=0.000300121 0.0674176 0.0415859 0.00177996 0.138606 0.396474 0.575623 0.0900248 -0.269525 -0.135762 -0.148686 -0.0970294 0.201714 -0.0570142
internal_weight=21680 14520 12538 8894 3644 572 416 3072 290 7160 6890 4479 915 766
internal_count=21680 14520 12538 8894 3644 572 416 3072 290 7160 6890 4479 915 766
is_linear=0
shrinkage=0.05


Tree=64
num_leaves=15
num_cat=0
split_feature=5 7 7 12 7 13 8 9 14 5 14 9 0 0
split_gain=71483.9 22417 23872.7 25910.5 21679.4 19043.7 15334.9 13707.4 12879.1 14475.5 13072.1 12812.9 12360.6 12142.7
threshold=61.500000000000007 61.500000000000007 162.50000000000003 159.50000000000003 161.50000000000003 177.50000000000003 147.50000000000003 171.50000000000003 63.500000000000007 173.50000000000003 119.50000000000001 171.50000000000003 4.5000000000000009 4.5000000000000009
decision_type=2 2 2 2 2 2 2 2 2 2 2 2 2 2
left_child=13 -2 3 4 5 7 12 -3 9 -8 -10 -5 -4 -1
right_child=1 2 6 11 -6 -7 8 -9 10 -11 -12 -13 -14 -15
leaf_value=-0.19399445400514864 0.83797347342935946 -0.0014547928150329549 0.1803640392401431 0.1358630837933191 -0.73367805463252678 0.37596876889015696 0.22726583211451251 -0.41587278233001046 -0.14165577887365072 0.93480697625169629 0.23695402468759436 0.48350409786908233 -0.22453852055559742 -0.063680324289646401
leaf_weight=3580 88 9116 372 1056 96 325 168 199 254 128 1994 352 372 3580
leaf_count=3580 88 9116 372 1056 96 325 168 199 254 128 1994 352 372 3580
internal_value=0.000311964 0.064064 0.0590564 0.0240939 -0.0049419 0.00269181 0.177338 -0.0105265 0.235633 0.543675 0.193956 0.224177 -0.0222347 -0.128927
internal_weight=21680 14520 14432 11144 9736 9640 3288 9315 2544 296 2248 1408 744 7160
internal_count=21680 14520 14432 11144 9736 9640 3288 9315 2544 296 2248 1408 744 7160
is_linear=0
shrinkage=0.05


Tree=65
num_leaves=15
num_cat=0
split_feature=5 11 8 13 10 6 12 12 13 7 4 7 1 3
split_gain=65318.9 22090.1 18303.8 16260.4 15430.6 19916.6 17473.3 14603 12766.9 12640.7 20124 70389.1 168931 33723.5
threshold=104.50000000000001 117.50000000000001 119.50000000000001 57.500000000000007 173.50000000000003 189.50000000000003 24.500000000000004 138.50000000000003 176.50000000000003 21.500000000000004 1.5000000000000002 23.500000000000004 7.5000000000000009 3.5000000000000004
decision_type=2 2 2 2 2 2 2 2 2 2 2 2 2 2
left_child=1 2 9 -3 5 6 -2 -5 -8 -1 11 12 -11 -12
right_child=4 3 -4 7 -6 -7 8 -9 -10 10 13 -13 -14 -15
leaf_value=-0.19862249161527018 -0.63544825700021557 0.84003781304619773 -0.81084655877403033 0.23951609318157041 0.22359317881768248 0.53552140942096993 0.038314148339874433 -0.42800288117280055 0.2704712439994556 -0.18051049879951669 0.08759372228838963 -0.16096988804112958 2.0114979332440521 -0.1841359420782111
leaf_weight=2608 88 82 88 370 1608 208 9244 100 628 219 1594 704 141 3998
leaf_count=2608 88 82 88 370 1608 208 9244 100 628 219 1594 704 141 3998
internal_value=0.000315247 -0.0942946 -0.112464 0.21178 0.0798914 0.0570673 0.0468118 0.0944805 0.0532121 -0.105396 -0.068746 0.130137 0.69382 -0.10667
internal_weight=21680 9904 9352 552 11776 10168 9960 470 9872 9264 6656 1064 360 5592
internal_count=21680 9904 9352 552 11776 10168 9960 470 9872 9264 6656 1064 360 5592
is_linear=0
shrinkage=0.05


Tree=66
num_leaves=15
num_cat=0
split_feature=5 5 4 1 9 11 3 9 11 1 13 7 5 14
split_gain=59460.7 17289.9 18433.4 72164.8 101751 114737 36688.4 23601 64644.5 22792 54493.6 27698.8 21642.7 20704.4
threshold=111.50000000000001 21.500000000000004 1.5000000000000002 7.5000000000000009 21.500000000000004 23.500000000000004 3.5000000000000004 97.500000000000014 92.500000000000014 9.5000000000000018 31.500000000000004 24.500000000000004 72.500000000000014 53.000000000000007
decision_type=2 2 2 2 2 2 2 2 2 2 2 2 2 2
left_child=1 -1 3 -3 -5 -6 13 9 -9 10 11 -8 -10 -4
right_child=-2 2 6 4 5 -7 7 8 12 -11 -12 -13 -14 -15
leaf_value=-0.18948379190109543 0.090318041639294661 -0.12861272604473792 0.34046960626633799 -0.41874135636180815 2.0897722636451643 0.28268997046991057 1.209406325089581 -1.3408225823093782 -0.843324091189947 -0.20699168966519974 -0.087030946704212533 0.11037549505818565 -0.11080717053852843 -0.0014382486572672784
leaf_weight=2600 9936 1042 534 168 150 207 131 144 112 2145 1183 101 747 2480
leaf_count=2600 9936 1042 534 168 150 207 131 144 112 2145 1183 101 747 2480
internal_value=0.000318484 -0.0758316 -0.0434299 0.112433 0.587552 1.06035 -0.0757169 -0.165067 -0.378748 -0.104417 0.051258 0.743372 -0.210643 0.0596022
internal_weight=21680 11744 9144 1567 525 357 7577 4563 1003 3560 1415 232 859 3014
internal_count=21680 11744 9144 1567 525 357 7577 4563 1003 3560 1415 232 859 3014
is_linear=0
shrinkage=0.05


Tree=67
num_leaves=15
num_cat=0
split_feature=5 1 1 1 11 2 7 4 1 9 11 3 8 6
split_gain=53654.6 16301.6 27183.3 21889.3 21833.5 20892.9 15744.4 17482.7 52119 104325 103917 35437.9 21071.3 51230.1
threshold=111.50000000000001 11.500000000000002 12.500000000000002 5.5000000000000009 169.50000000000003 1.0000000180025095e-35 21.500000000000004 1.5000000000000002 7.5000000000000009 21.500000000000004 23.500000000000004 3.5000000000000004 21.500000000000004 25.500000000000004
decision_type=2 2 2 2 2 2 2 2 2 2 2 2 2 2
left_child=6 3 5 -2 -4 -3 -1 8 -8 -10 -11 -9 13 -13
right_child=1 2 4 -5 -6 -7 7 11 9 10 -12 12 -14 -15
leaf_value=-0.18026506585709487 -0.020205256650275095 0.22777895882919241 0.020003369713237063 0.25838151039895407 0.24713441782896686 -0.44848997026845655 -0.11792602263307438 0.060862583279676911 -0.35765555862776582 1.9886542529829088 0.26888883768949867 -0.4858619218714097 -0.17977661510875978 1.2552507675395292
leaf_weight=2608 1004 149 4606 2358 1369 450 931 3029 224 150 207 80 4435 80
leaf_count=2608 1004 149 4606 2358 1369 450 931 3029 224 150 207 80 4435 80
internal_value=0.000311734 0.0858044 0.0399473 0.17528 0.0722071 -0.279776 -0.072025 -0.0410446 0.114017 0.48352 1.00897 -0.0718512 -0.159307 0.396352
internal_weight=21680 9936 6574 3362 5975 599 11744 9136 1512 581 357 7624 4595 160
internal_count=21680 9936 6574 3362 5975 599 11744 9136 1512 581 357 7624 4595 160
is_linear=0
shrinkage=0.05


Tree=68
num_leaves=15
num_cat=0
split_feature=5 1 1 1 11 2 11 12 0 11 13 8 7 5
split_gain=48397 14715.8 24548 19760 19712.8 19692.2 15202.6 16222.7 17300.7 14373.4 15198.7 14480.7 14333.9 17470.2
threshold=111.50000000000001 11.500000000000002 12.500000000000002 5.5000000000000009 169.50000000000003 1.5000000000000002 168.50000000000003 100.50000000000001 4.5000000000000009 118.50000000000001 53.000000000000007 118.50000000000001 165.50000000000003 179.50000000000003
decision_type=2 2 2 2 2 2 2 2 2 2 2 2 2 2
left_child=9 3 5 -2 6 -3 7 8 -4 11 -11 -1 13 -9
right_child=1 2 4 -5 -6 -7 -8 12 -10 10 -12 -13 -14 -15
leaf_value=-0.076489369852058078 -0.019199999909187096 0.02210413159643251 0.073040876331574786 0.24548976870354286 0.23482266249544539 -0.54855921957763987 -0.45681520369317802 0.032751498070529954 -0.94717626885456208 0.63060821568550063 0.040162848888897713 -0.54870290436979496 0.25022352962850097 -0.58860790874713509
leaf_weight=10752 1004 299 80 2358 1369 300 157 3411 80 124 708 160 766 112
leaf_count=10752 1004 299 80 2358 1369 300 157 3411 80 124 708 160 766 112
internal_value=0.000325394 0.0815213 0.0379517 0.166534 0.0686079 -0.265879 0.0190043 0.0362894 -0.450312 -0.0683758 0.131403 -0.0836615 0.0549451 0.0121916
internal_weight=21680 9936 6574 3362 5975 599 4606 4449 160 11744 832 10912 4289 3523
internal_count=21680 9936 6574 3362 5975 599 4606 4449 160 11744 832 10912 4289 3523
is_linear=0
shrinkage=0.05


Tree=69
num_leaves=15
num_cat=0
split_feature=5 8 7 8 1 1 2 8 12 8 10 7 7 11
split_gain=44420.4 26636.3 18327.7 19481.4 24810.1 23040.9 17809.7 17435.8 15644.8 29500 20544.8 17125.2 14444.2 13300.4
threshold=84.500000000000014 115.50000000000001 61.500000000000007 111.50000000000001 11.500000000000002 12.500000000000002 1.0000000180025095e-35 168.50000000000003 102.50000000000001 22.500000000000004 108.50000000000001 62.500000000000007 112.50000000000001 164.50000000000003
decision_type=2 2 2 2 2 2 2 2 2 2 2 2 2 2
left_child=1 8 -2 -4 -5 6 -6 12 10 -10 -1 -11 13 -7
right_child=2 -3 3 4 5 7 -8 -9 9 11 -12 -13 -14 -15
leaf_value=-0.090068758743698671 0.7554786606181052 -0.8162502074480058 -0.028469001011098907 0.22482922569478314 0.21569045578407775 -0.025376197551884274 -0.40859187704930594 0.28971063261957636 -0.5676191484451294 0.90101715645963143 -0.65470450165596883 0.16413910641345131 0.0042738005604181254 0.50529739944194363
leaf_weight=7128 88 120 4896 2612 149 197 450 786 120 88 160 544 4054 288
leaf_count=7128 88 120 4896 2612 149 197 450 786 120 88 160 544 4054 288
internal_value=0.000290028 -0.091802 0.0558856 0.0510228 0.0966069 0.0399294 -0.252803 0.0730647 -0.0804888 0.136003 -0.102905 0.273009 0.0352715 0.291686
internal_weight=21680 8160 13520 13432 8536 5924 599 5325 8040 752 7288 632 4539 485
internal_count=21680 8160 13520 13432 8536 5924 599 5325 8040 752 7288 632 4539 485
is_linear=0
shrinkage=0.05


Tree=70
num_leaves=15
num_cat=0
split_feature=5 7 7 12 7 9 13 14 14 14 9 14 9 3
split_gain=40680.4 16871.2 15572.2 20456 19003.9 14936.9 16848.8 12615.2 13837.5 12175.8 11469.6 15617.8 17185.4 46060.1
threshold=61.500000000000007 61.500000000000007 162.50000000000003 159.50000000000003 161.50000000000003 162.50000000000003 172.50000000000003 63.500000000000007 118.50000000000001 79.500000000000014 91.500000000000014 71.500000000000014 110.50000000000001 4.5000000000000009
decision_type=2 2 2 2 2 2 2 2 2 2 2 2 2 2
left_child=-1 -2 3 4 5 6 10 -4 -9 -5 -3 12 13 -12
right_child=1 2 7 9 -6 -7 -8 8 -10 -11 11 -13 -14 -15
leaf_value=-0.097214265076504658 0.71973557356865181 0.13738105482184396 0.40717939304278872 0.70218523433688318 -0.692287398314122 -0.23375105881424563 0.31895073134616331 -0.16573262072628289 0.14754339493074406 0.15048602596437596 -0.13434240906973158 0.010490720446293537 0.0013097649958152115 -1.1064551461440248
leaf_weight=7160 88 1263 384 104 96 648 426 406 2498 1304 565 5880 707 151
leaf_count=7160 88 1263 384 104 96 648 426 406 2498 1304 565 5880 707 151
internal_value=0.000280938 0.048374 0.0440325 0.0157969 -0.00999951 -0.00284958 0.0139108 0.139562 0.103536 0.193577 -0.00143654 -0.0255216 -0.173844 -0.345606
internal_weight=21680 14520 14432 11144 9736 9640 8992 3288 2904 1408 8566 7303 1423 716
internal_count=21680 14520 14432 11144 9736 9640 8992 3288 2904 1408 8566 7303 1423 716
is_linear=0
shrinkage=0.05


Tree=71
num_leaves=15
num_cat=0
split_feature=9 14 3 7 5 3 8 8 4 14 5 12 1 9
split_gain=36809 21936.5 15824.8 14901.3 12776.6 12277 27464.9 28216.6 25178.3 47056.2 82719.2 34598.6 28347.3 22744.5
threshold=110.50000000000001 190.50000000000003 5.5000000000000009 106.50000000000001 80.500000000000014 3.5000000000000004 20.500000000000004 24.500000000000004 1.5000000000000002 28.500000000000004 102.50000000000001 22.500000000000004 10.500000000000002 97.500000000000014
decision_type=2 2 2 2 2 2 2 2 2 2 2 2 2 2
left_child=1 5 4 -4 -2 6 -1 -8 9 10 12 -11 -7 -10
right_child=2 -3 3 -5 -6 8 7 -9 13 11 -12 -13 -14 -15
leaf_value=0.85049609808332249 -0.55946135002024044 0.73905766816700202 0.85796801110710763 0.19976006548153566 0.056449682909112855 0.6402651247653095 -0.18601052173165841 0.07207848853063635 -0.10804498041745983 -0.70645332493952351 -0.36187294125556946 0.13007142663893612 1.9794465202755398 -0.39273126689749094
leaf_weight=87 80 80 94 706 9360 83 1662 2899 5030 170 115 417 85 812
leaf_count=87 80 80 94 706 9360 83 1662 2899 5030 170 115 417 85 812
internal_value=0.000268798 -0.0613575 0.0691133 0.281948 0.0509367 -0.0673169 -0.00483945 -0.0220682 -0.110546 0.139805 0.663433 -0.116113 1.35545 -0.147917
internal_weight=21680 11440 10240 800 9440 11360 4648 4561 6712 870 283 587 168 5842
internal_count=21680 11440 10240 800 9440 11360 4648 4561 6712 870 283 587 168 5842
is_linear=0
shrinkage=0.05


Tree=72
num_leaves=15
num_cat=0
split_feature=5 7 5 12 13 7 0 14 1 1 14 14 8 12
split_gain=33489.5 15355.9 14107.6 13578 11260.7 10948.1 11219 26814.6 70532.2 17231.9 16239.1 10456.5 10682.7 9077.05
threshold=61.500000000000007 61.500000000000007 181.50000000000003 22.500000000000004 176.50000000000003 78.500000000000014 4.5000000000000009 144.50000000000003 10.500000000000002 1.5000000000000002 62.500000000000007 73.500000000000014 27.500000000000004 159.50000000000003
decision_type=2 2 2 2 2 2 2 2 2 2 2 2 2 2
left_child=5 -2 3 -3 13 6 11 9 -9 10 -8 12 -1 -5
right_child=1 2 -4 4 -6 -7 7 8 -10 -11 -12 -13 -14 -15
leaf_value=-0.12228263397618462 0.68442293139555122 -0.49036551752090451 0.25475022780927348 0.0029791018416788105 0.21700275672991187 -0.65258456503643714 0.0062270284336518478 1.5098411091566086 -0.20103314445450807 -0.092175086740138981 0.75565209745584683 -0.32876005415448073 0.39187689519354274 0.11549099448080805
leaf_weight=2813 88 120 720 10662 780 80 182 95 149 2999 115 627 100 2150
leaf_count=2813 88 120 720 10662 780 80 182 95 149 2999 115 627 100 2150
internal_value=0.000292378 0.0439283 0.0397871 0.0284109 0.0331697 -0.0881672 -0.0813335 -0.0183431 0.482028 -0.0560592 0.304115 -0.144209 -0.103991 0.0218976
internal_weight=21680 14520 14432 13712 13592 7160 7080 3540 244 3296 297 3540 2913 12812
internal_count=21680 14520 14432 13712 13592 7160 7080 3540 244 3296 297 3540 2913 12812
is_linear=0
shrinkage=0.05


Tree=73
num_leaves=15
num_cat=0
split_feature=14 5 6 5 10 8 9 14 1 0 1 8 2 3
split_gain=32069 33940.5 12938 23771.5 43088 21694.4 23084.2 22791.8 21561.6 21464.9 19594.5 15621.3 14826.9 14059.1
threshold=195.50000000000003 61.500000000000007 96.500000000000014 80.500000000000014 108.50000000000001 108.50000000000001 89.500000000000014 71.500000000000014 11.500000000000002 4.5000000000000009 12.500000000000002 168.50000000000003 1.5000000000000002 3.5000000000000004
decision_type=2 2 2 2 2 2 2 2 2 2 2 2 2 2
left_child=1 -1 -3 4 -4 7 -7 9 -8 -5 12 -12 -10 -11
right_child=-2 2 3 5 -6 6 8 -9 10 13 11 -13 -14 -15
leaf_value=-0.092715784781586374 0.96958459577139688 0.17144803179929077 0.26206806127222315 0.041004609577807855 -1.2390698781402985 -0.71654016133193132 0.20025284660804205 -0.0083181657704755867 0.011010589564840001 -0.26403951309947477 0.025121214595581177 0.26791898433497824 -0.48678946893649927 -0.82457459306449832
leaf_weight=7135 80 1664 88 264 96 86 2727 3212 295 252 4504 772 298 207
leaf_count=7135 80 1664 88 264 96 86 2727 3212 295 252 4504 772 298 207
internal_value=0.000301404 -0.00351209 0.0405053 0.0234238 -0.533194 0.0317492 0.0758762 -0.0655831 0.0842159 -0.318184 0.0301754 0.0608681 -0.241127 -0.522991
internal_weight=21680 21600 14465 12801 184 12617 8682 3935 8596 723 5869 5276 593 459
internal_count=21680 21600 14465 12801 184 12617 8682 3935 8596 723 5869 5276 593 459
is_linear=0
shrinkage=0.05


Tree=74
num_leaves=15
num_cat=0
split_feature=14 5 7 5 7 12 14 6 5 9 14 3 1 12
split_gain=29123.1 30611.4 12297.7 11904.9 12304 12156.3 10559.2 10226.1 20440.2 12534.5 37018.8 28618.4 21382.4 19195.2
threshold=195.50000000000003 61.500000000000007 61.500000000000007 173.50000000000003 162.50000000000003 165.50000000000003 88.500000000000014 96.500000000000014 77.500000000000014 110.50000000000001 73.500000000000014 3.5000000000000004 1.5000000000000002 79.500000000000014
decision_type=2 2 2 2 2 2 2 2 2 2 2 2 2 2
left_child=1 -1 -3 7 5 -5 -6 -4 -9 10 11 12 -10 -13
right_child=-2 2 3 4 6 -7 -8 8 9 -11 -12 13 -14 -15
leaf_value=-0.088083241448024527 0.92395708927994269 0.63462085180677652 0.13684187334573944 -0.41773090781587546 0.54593252681412741 0.32000687559737884 0.15827801112024156 -0.6149428547324991 -0.67556293145456214 0.041173806595370316 0.013583881066389745 -0.13293835015370037 0.23253500546366601 -0.95800676864699552
leaf_weight=7135 80 81 1583 160 201 80 1261 128 89 8006 2328 101 204 243
leaf_count=7135 80 81 1583 160 201 80 1261 128 89 8006 2328 101 204 243
internal_value=0.000266925 -0.00336719 0.0384358 0.0348592 0.158827 -0.170306 0.213253 0.018166 0.00118578 0.00865109 -0.0790872 -0.415234 -0.0500104 -0.721138
internal_weight=21680 21600 14465 14384 1702 240 1462 12682 11099 10971 2965 637 293 344
internal_count=21680 21600 14465 14384 1702 240 1462 12682 11099 10971 2965 637 293 344
is_linear=0
shrinkage=0.05


Tree=75
num_leaves=15
num_cat=0
split_feature=14 5 7 10 5 7 14 12 7 1 9 4 1 13
split_gain=26446.5 27622.5 11171.6 11277.2 11562.8 11772.1 11874.2 9645.32 9642.21 10070.7 8165.97 23391.4 89520.1 13386
threshold=195.50000000000003 61.500000000000007 61.500000000000007 22.500000000000004 173.50000000000003 162.50000000000003 152.50000000000003 184.50000000000003 78.500000000000014 1.5000000000000002 21.500000000000004 1.5000000000000002 13.500000000000002 28.500000000000004
decision_type=2 2 2 2 2 2 2 2 2 2 2 2 2 2
left_child=1 8 -3 -4 7 6 -6 -5 9 -1 -11 12 13 -12
right_child=-2 2 3 4 5 -7 -8 -9 -10 10 11 -13 -14 -15
leaf_value=0.11255316012473178 0.88047675115220692 0.60473463036293218 -0.45585017053999455 0.016803977555051912 -0.55141993784302967 0.21362726595135217 0.14497572462609473 0.52791474939033545 -0.61336650339119581 -0.16919792873389489 0.15248736013777681 -0.11419739297191681 1.2717743339476648 -0.28507498405283849
leaf_weight=632 80 81 112 12498 104 1446 136 88 80 2388 354 3196 149 336
leaf_count=632 80 81 112 12498 104 1446 136 88 80 2388 354 3196 149 336
internal_value=0.000254958 -0.00320814 0.0365017 0.0330928 0.0370881 0.159852 -0.161891 0.0205858 -0.0836822 -0.0772457 -0.0959942 -0.0525149 0.181737 -0.0611045
internal_weight=21680 21600 14465 14384 14272 1686 240 12586 7135 7055 6423 4035 839 690
internal_count=21680 21600 14465 14384 14272 1686 240 12586 7135 7055 6423 4035 839 690
is_linear=0
shrinkage=0.05


Tree=76
num_leaves=15
num_cat=0
split_feature=14 5 6 14 7 12 6 14 13 14 14 10 14 11
split_gain=24014.9 24927.7 10909.9 15297.2 11705.5 13791 16615.1 23833.6 15525.9 11254.1 10593.5 9327.18 11787.6 16760.4
threshold=195.50000000000003 61.500000000000007 87.000000000000014 71.500000000000014 162.50000000000003 158.50000000000003 167.50000000000003 134.50000000000003 172.50000000000003 63.500000000000007 118.50000000000001 96.500000000000014 71.500000000000014 93.500000000000014
decision_type=2 2 2 2 2 2 2 2 2 2 2 2 2 2
left_child=1 -1 3 -3 5 6 8 -8 11 -6 -11 -4 13 -13
right_child=-2 2 4 -5 9 -7 7 -9 -10 10 -12 12 -14 -15
leaf_value=-0.079485626224264069 0.83904255967806363 0.76536889917670048 0.098450021150519734 0.1263201314151359 0.35917932579873235 0.14891758471232716 -1.084277842312374 -0.089546477562518587 0.2821052189607382 -0.16295542134801402 0.11119917815133247 -0.82083247190651809 -0.018239234623534047 -0.13335402744834771
leaf_weight=7135 80 104 1261 689 384 1320 83 194 423 406 2482 91 5810 1218
leaf_count=7135 80 104 1261 689 384 1320 83 194 423 406 2482 91 5810 1218
internal_value=0.000262227 -0.00303783 0.0346852 0.2144 0.0241869 -0.00177748 -0.0237546 -0.401547 -0.0116456 0.106591 0.072443 -0.0266327 -0.0488424 -0.184088
internal_weight=21680 21600 14465 793 13672 10400 9080 277 8803 3272 2888 8380 7119 1309
internal_count=21680 21600 14465 793 13672 10400 9080 277 8803 3272 2888 8380 7119 1309
is_linear=0
shrinkage=0.05


Tree=77
num_leaves=15
num_cat=0
split_feature=14 5 8 9 1 8 10 7 9 8 7 7 14 11
split_gain=21807.7 22593.2 23262.8 12090.7 10860.1 9758.7 13009.3 9631.67 14486.5 13409.7 21023.6 18840.5 14202.8 13709.7
threshold=195.50000000000003 84.500000000000014 115.50000000000001 117.50000000000001 2.5000000000000004 100.50000000000001 108.50000000000001 61.500000000000007 45.000000000000007 111.50000000000001 124.50000000000001 162.50000000000003 63.500000000000007 89.500000000000014
decision_type=2 2 2 2 2 2 2 2 2 2 2 2 2 2
left_child=1 2 3 4 5 -1 -7 -3 -9 -10 13 -12 -13 -11
right_child=-2 7 -4 -5 -6 6 -8 8 9 10 11 12 -14 -15
leaf_value=0.097697595446884389 0.79955820448121395 0.56436241704883972 -0.74559535907506946 0.53529987640240617 -0.094827418304336955 0.090526737431262411 -0.62572474311559634 -0.54605954771286969 -0.02783225757817518 0.52800170344745989 -0.057059935200464373 0.40751237697939724 0.077644024391385416 0.16104368550483492
leaf_weight=1445 80 81 120 80 6242 136 112 102 4877 294 3099 364 2862 1786
leaf_count=1445 80 81 120 80 6242 136 112 102 4877 294 3099 364 2862 1786
internal_value=0.000253057 -0.00289169 -0.0686572 -0.0580636 -0.0643792 0.0478304 -0.238915 0.0368519 0.0334498 0.038104 0.0763573 0.0309421 0.115437 0.214054
internal_weight=21680 21600 8135 8015 7935 1693 248 13465 13384 13282 8405 6325 3226 2080
internal_count=21680 21600 8135 8015 7935 1693 248 13465 13384 13282 8405 6325 3226 2080
is_linear=0
shrinkage=0.05


Tree=78
num_leaves=15
num_cat=0
split_feature=14 5 14 11 13 8 7 4 13 9 13 13 1 1
split_gain=19802.8 20814.8 15387.9 12093.1 15202.6 14691.1 14036.4 10285.3 11146 16897.7 13672.1 9987.53 9652.51 9230.33
threshold=195.50000000000003 104.50000000000001 182.50000000000003 117.50000000000001 57.500000000000007 119.50000000000001 68.500000000000014 3.5000000000000004 28.500000000000004 64.500000000000014 98.500000000000014 99.500000000000014 5.5000000000000009 11.500000000000002
decision_type=2 2 2 2 2 2 2 2 2 2 2 2 2 2
left_child=1 2 3 5 -5 -1 -6 8 12 -10 -11 -9 -3 -12
right_child=-2 7 -4 4 6 -7 -8 11 9 10 13 -13 -14 -15
leaf_value=-0.057079941764426871 0.76193192788783248 -0.039286905246061689 -0.66729205092963051 0.78377926365054895 -0.50415791527608811 -0.68887133989282834 0.19175943762130676 -0.16131494203489979 -0.61808087847281978 -0.16730416038551094 0.14969247974740693 0.029702308749954894 0.22086421269336343 0.020694125611686591
leaf_weight=9131 80 447 97 82 84 88 386 1053 92 664 2281 1934 1731 3530
leaf_count=9131 80 447 97 82 84 88 386 1053 92 664 2281 1934 1731 3530
internal_value=0.00025383 -0.00274288 -0.0562458 -0.0498415 0.176475 -0.0634809 0.063385 0.0422642 0.0696152 0.0370466 0.0468247 -0.0377936 0.167505 0.0714152
internal_weight=21680 21600 9868 9771 552 9219 470 11732 8745 6567 6475 2987 2178 5811
internal_count=21680 21600 9868 9771 552 9219 470 11732 8745 6567 6475 2987 2178 5811
is_linear=0
shrinkage=0.05


Tree=79
num_leaves=15
num_cat=0
split_feature=14 5 6 5 8 9 1 1 14 9 11 2 8 0
split_gain=17983.3 18824.2 10141.3 17887.1 13732.8 17451 15608.4 17401.7 15001.4 18548.8 19870.6 12820.4 12197.4 11546.9
threshold=195.50000000000003 61.500000000000007 96.500000000000014 77.500000000000014 108.50000000000001 89.500000000000014 11.500000000000002 12.500000000000002 78.500000000000014 91.500000000000014 99.500000000000014 1.5000000000000002 168.50000000000003 4.5000000000000009
decision_type=2 2 2 2 2 2 2 2 2 2 2 2 2 2
left_child=1 -1 -3 -4 8 -6 -7 11 9 -5 -11 -8 -9 -12
right_child=-2 2 3 4 5 6 7 12 -10 10 13 -13 -14 -15
leaf_value=-0.069055845720568901 0.7260762968308786 0.14608541644639247 -0.56180520949787216 0.35825315616575293 -0.63272898956969548 0.16160136936220834 -0.003628239331766963 0.014691222483388472 -0.0033014955637083068 -1.0310026195006106 0.040606203748471313 -0.46675240049759553 0.22922357262472981 -0.38038209278643004
leaf_weight=7135 80 1664 128 111 86 2751 295 4504 3070 83 252 298 772 451
leaf_count=7135 80 1664 128 111 86 2751 295 4504 3070 83 252 298 772 451
internal_value=0.000232549 -0.00262317 0.0301579 0.0150374 0.0210829 0.0562082 0.0634444 0.0173366 -0.0559772 -0.235243 -0.320792 -0.238318 0.0462695 -0.230252
internal_weight=21680 21600 14465 12801 12673 8706 8620 5869 3967 897 786 593 5276 703
internal_count=21680 21600 14465 12801 12673 8706 8620 5869 3967 897 786 593 5276 703
is_linear=0
shrinkage=0.05


Tree=80
num_leaves=15
num_cat=0
split_feature=7 14 13 13 7 7 11 13 3 1 14 11 13 7
split_gain=16612.5 18050.9 17476.8 12764 15295.6 30588.8 16485 12171.8 15312.9 41067 14740.1 14689.3 13656.7 13571.7
threshold=21.500000000000004 190.50000000000003 27.500000000000004 160.50000000000003 24.500000000000004 22.500000000000004 21.500000000000004 28.500000000000004 5.5000000000000009 11.500000000000002 104.50000000000001 22.500000000000004 93.500000000000014 23.500000000000004
decision_type=2 2 2 2 2 2 2 2 2 2 2 2 2 2
left_child=-1 3 -3 7 5 -5 -6 8 10 13 -2 -12 -9 -10
right_child=1 2 -4 4 6 -7 -8 12 9 -11 11 -13 -14 -15
leaf_value=-0.11803020031533214 -0.077552331533138993 1.0017552820863305 -0.010640985264497645 -0.13286275203272546 -0.52534581075337805 1.1040176325399325 0.09889929144490861 -0.16574430939875606 1.1222325753420592 0.046260434153918256 0.61525207451395403 0.069416783194457474 -0.012700604409179396 0.40590223380428114
leaf_weight=2608 2349 86 80 92 105 102 2788 1765 123 903 126 2131 8266 156
leaf_count=2608 2349 86 80 92 105 102 2788 1765 123 903 126 2131 8266 156
internal_value=0.000203951 0.0163986 0.527808 0.0117699 0.104683 0.528855 0.0753753 -0.006389 0.0513231 0.211458 0.0100443 0.101181 -0.0396985 0.735902
internal_weight=21680 19072 166 18906 3087 194 2893 15819 5788 1182 4606 2257 10031 279
internal_count=21680 19072 166 18906 3087 194 2893 15819 5788 1182 4606 2257 10031 279
is_linear=0
shrinkage=0.05


Tree=81
num_leaves=15
num_cat=0
split_feature=5 14 13 7 11 11 3 4 1 5 9 9 9 1
split_gain=15250.7 13242.1 13115.6 9707.54 8769.51 11361.7 45732.3 14718.5 24185.2 31150 40048.2 35078.6 77232.2 56009.1
threshold=21.500000000000004 190.50000000000003 27.500000000000004 188.50000000000003 169.50000000000003 168.50000000000003 3.5000000000000004 1.5000000000000002 6.5000000000000009 161.50000000000003 122.50000000000001 21.500000000000004 24.500000000000004 12.500000000000002
decision_type=2 2 2 2 2 2 2 2 2 2 2 2 2 2
left_child=-1 3 -3 4 5 7 -7 8 -2 11 -11 -10 13 -13
right_child=1 2 -4 -5 -6 6 -8 -9 9 10 -12 12 -14 -15
leaf_value=-0.11324903879532522 -0.069265160765027325 0.86911146233479186 -0.010140221679911895 0.31342560046214341 0.10644694861288009 0.17017448003734315 -1.2767481305888471 -0.022146167193821099 -0.29251675791111753 -0.98988535314629034 0.13199765137090611 0.44299980207493433 0.25495288802418115 2.2146500758120888
leaf_weight=2600 1259 85 80 258 1995 150 80 13354 196 105 284 90 1054 90
leaf_count=2600 1259 85 80 258 1995 150 80 13354 196 105 284 90 1054 90
internal_value=0.000233191 0.0157228 0.455048 0.0117713 0.00751696 -0.00435666 -0.34956 0.000580039 0.0990544 0.215425 -0.179543 0.323119 0.421688 1.36474
internal_weight=21680 19080 165 18915 18657 16662 230 16432 3078 1819 389 1430 1234 180
internal_count=21680 19080 165 18915 18657 16662 230 16432 3078 1819 389 1430 1234 180
is_linear=0
shrinkage=0.05


Tree=82
num_leaves=15
num_cat=0
split_feature=9 4 13 14 5 14 13 8 14 13 1 9 14 5
split_gain=14279.2 12505.7 16726.8 34347.6 26499 9313.21 8974.82 8866.22 8931.73 12706.2 16729.7 8944.77 18223.6 11653.4
threshold=110.50000000000001 3.5000000000000004 60.500000000000007 60.500000000000007 80.500000000000014 190.50000000000003 99.500000000000014 152.50000000000003 183.50000000000003 171.50000000000003 8.5000000000000018 107.50000000000001 74.500000000000014 61.500000000000007
decision_type=2 2 2 2 2 2 2 2 2 2 2 2 2 2
left_child=5 2 3 -2 -4 7 -3 8 9 11 -11 13 -13 -1
right_child=1 6 4 -5 -6 -7 -8 -9 -10 10 -12 12 -14 -15
leaf_value=-0.068647380098425526 0.90370784017795369 -0.18498909699754157 -0.8230595114107212 0.13868542097679734 0.046324719479963812 0.48338185892385593 0.014266369853779291 -0.52830312724715922 -0.51088755893887894 0.82568496210581588 0.072454691706688501 -0.54724679703980628 -0.048213229553529816 0.047851514507218085
leaf_weight=6692 156 854 84 1696 5800 80 1650 88 94 87 377 257 610 3155
leaf_count=6692 156 854 84 1696 5800 80 1650 88 94 87 377 257 610 3155
internal_value=0.000241474 0.0431204 0.0745464 0.205385 0.0332251 -0.0381418 -0.0539238 -0.0420255 -0.0379966 -0.0337932 0.220982 -0.0449249 -0.198429 -0.0313155
internal_weight=21680 10240 7736 1852 5884 11440 2504 11360 11272 11178 464 10714 867 9847
internal_count=21680 10240 7736 1852 5884 11440 2504 11360 11272 11178 464 10714 867 9847
is_linear=0
shrinkage=0.05


Tree=83
num_leaves=15
num_cat=0
split_feature=14 5 6 14 5 10 11 0 14 3 14 1 4 6
split_gain=13121.4 13935.8 9382.01 11962.5 11000 24036.9 10139.4 9373.67 16991.4 14313.8 9027.62 9857.2 15071 31076
threshold=195.50000000000003 45.000000000000007 73.000000000000014 81.500000000000014 80.500000000000014 108.50000000000001 24.500000000000004 4.5000000000000009 170.50000000000003 1.0000000180025095e-35 22.500000000000004 2.5000000000000004 1.5000000000000002 21.500000000000004
decision_type=2 2 2 2 2 2 2 2 2 2 2 2 2 2
left_child=1 7 3 -3 5 -4 -6 8 -1 -9 -11 -12 13 -13
right_child=-2 2 4 -5 6 -7 -8 9 -10 10 11 12 -14 -15
leaf_value=-0.099957477032877412 0.6202364966799232 0.68858969593676955 0.066413585559005436 0.11399990535623926 -0.50198814482479304 -0.76559923738241198 0.02759940784796501 0.49306119037525997 -0.79279813295701052 -0.095463290363945449 0.42194371750099324 -0.12437148028750325 -0.064006737032655442 0.9506553760614278
leaf_weight=3408 80 104 224 555 86 136 13512 135 86 1880 170 149 1039 116
leaf_count=3408 80 104 224 555 86 136 13512 135 86 1880 170 149 1039 116
internal_value=0.000227337 -0.002212 0.0255461 0.209181 0.0168044 -0.254084 0.0240668 -0.0602928 -0.118119 -0.00229723 -0.0229399 0.0695694 0.0221949 0.355097
internal_weight=21680 21600 14617 659 13958 360 13598 6983 3494 3489 3354 1474 1304 265
internal_count=21680 21600 14617 659 13958 360 13598 6983 3494 3489 3354 1474 1304 265
is_linear=0
shrinkage=0.05


Tree=84
num_leaves=15
num_cat=0
split_feature=5 7 12 7 8 14 14 6 9 5 3 8 9 14
split_gain=12318.5 14466.1 18116.4 13535.7 12909.3 11081.3 11930 10363.2 21001.3 10266.2 10194.5 9808.89 9297.39 8819.57
threshold=124.50000000000001 129.00000000000003 165.50000000000003 162.50000000000003 149.50000000000003 190.50000000000003 182.50000000000003 138.50000000000003 161.50000000000003 130.50000000000003 5.5000000000000009 147.50000000000003 161.50000000000003 22.500000000000004
decision_type=2 2 2 2 2 2 2 2 2 2 2 2 2 2
left_child=4 2 7 10 5 6 13 9 -9 -2 -3 -5 -6 -1
right_child=1 3 -4 11 12 -7 -8 8 -10 -11 -12 -13 -14 -15
leaf_value=-0.078304960365559936 0.16073271363418562 -0.046635095474581938 0.5555822534251299 -0.075526002157250749 -0.074623168741955487 0.54765174304737763 -0.55095414820118493 0.40538534053207675 -0.32372617110610014 -0.22982354792264792 -0.49662539874329553 0.13058446825573319 -0.83076164602247238 0.0064563908244683601
leaf_weight=4531 344 2384 272 744 80 80 102 480 120 320 128 2528 80 9487
leaf_count=4531 344 2384 272 744 80 80 102 480 120 320 128 2528 80 9487
internal_value=0.000226787 0.0529945 0.189127 0.0167108 -0.0266806 -0.0215635 -0.0249812 0.108392 0.258093 -0.0277981 -0.0705055 0.0836745 -0.46641 -0.0209589
internal_weight=21680 7320 1536 5784 14360 14200 14120 1264 600 664 2512 3272 160 14018
internal_count=21680 7320 1536 5784 14360 14200 14120 1264 600 664 2512 3272 160 14018
is_linear=0
shrinkage=0.05


Tree=85
num_leaves=15
num_cat=0
split_feature=5 14 13 13 11 11 13 3 4 1 13 8 14 8
split_gain=11572.9 9881.68 11559.4 8141.26 13031.3 21901.8 11819 12422.7 37547 16989.6 11389.3 10339.9 10197.7 11879.3
threshold=21.500000000000004 190.50000000000003 27.500000000000004 160.50000000000003 21.500000000000004 23.500000000000004 28.500000000000004 5.5000000000000009 1.5000000000000002 10.500000000000002 93.500000000000014 119.50000000000001 147.50000000000003 25.500000000000004
decision_type=2 2 2 2 2 2 2 2 2 2 2 2 2 2
left_child=-1 3 -3 6 -5 -6 7 -2 -9 -10 -8 -11 13 -12
right_child=1 2 -4 4 5 -7 10 8 9 11 12 -13 -14 -15
leaf_value=-0.098651208145947925 0.015594968164273271 0.78199023364758535 -0.04157382533830755 -0.48001360816485961 0.70510215548694966 0.07271332134775102 -0.15140776153725943 0.96329697518616075 0.55101997467963137 -0.12934938930042891 -0.12389010280834267 0.22121014693025445 -0.14436478109566508 0.042029544385021912
leaf_weight=2600 4568 85 80 94 139 2834 1778 136 165 544 1322 336 1236 5763
leaf_count=2600 4568 85 80 94 139 2834 1778 136 165 544 1322 336 1236 5763
internal_value=0.000205066 0.0136984 0.393208 0.0102848 0.0847808 0.103414 -0.00415433 0.0530473 0.197233 0.0934221 -0.0367273 0.00499418 -0.0121466 0.0110048
internal_weight=21680 19080 165 18915 3067 2973 15848 5749 1181 1045 10099 880 8321 7085
internal_count=21680 19080 165 18915 3067 2973 15848 5749 1181 1045 10099 880 8321 7085
is_linear=0
shrinkage=0.05


Tree=86
num_leaves=15
num_cat=0
split_feature=5 14 13 7 11 1 14 4 10 7 1 13 6 3
split_gain=10452.3 8970.68 10493.7 7739.84 6941.34 18105.5 13020.3 10249 31854.6 30856.3 64070.6 11640.1 18682.3 14980.4
threshold=21.500000000000004 190.50000000000003 27.500000000000004 188.50000000000003 21.500000000000004 2.5000000000000004 61.500000000000007 1.5000000000000002 23.500000000000004 26.500000000000004 7.5000000000000009 64.500000000000014 179.50000000000003 5.5000000000000009
decision_type=2 2 2 2 2 2 2 2 2 2 2 2 2 2
left_child=-1 3 -3 4 5 -2 -7 8 9 10 -6 13 -13 -10
right_child=1 2 -4 -5 7 6 -8 -9 11 -11 -12 12 -14 -15
leaf_value=-0.093728115507964616 0.32869776312741766 0.74506291589803164 -0.039617402097758131 0.279143059116296 -0.055037111114582121 -0.13424243381812442 -0.67755150434382472 -0.0058505185792637488 0.11814250943869292 -0.17387750360776077 1.5510245501143594 0.010216698057685237 -0.63973502122407033 0.78415695784907591
leaf_weight=2600 158 85 80 258 111 466 141 14544 788 105 135 2007 112 90
leaf_count=2600 158 85 80 258 111 466 141 14544 788 105 135 2007 112 90
internal_value=0.000219987 0.0130433 0.374636 0.00979091 0.00599236 -0.141004 -0.264952 0.012315 0.0911189 0.538294 0.839678 0.0379377 -0.0255617 0.190467
internal_weight=21680 19080 165 18915 18657 765 607 17892 3348 351 246 2997 2119 878
internal_count=21680 19080 165 18915 18657 765 607 17892 3348 351 246 2997 2119 878
is_linear=0
shrinkage=0.05


Tree=87
num_leaves=15
num_cat=0
split_feature=9 4 13 14 5 9 14 8 14 1 1 11 11 4
split_gain=10120.1 10799.8 13016.4 28687.2 23656.1 8575.44 15877.6 11628 11481.4 11063.5 16279.2 50110.5 92072.9 37758.9
threshold=110.50000000000001 3.5000000000000004 60.500000000000007 60.500000000000007 80.500000000000014 107.50000000000001 53.000000000000007 111.50000000000001 119.50000000000001 9.5000000000000018 7.5000000000000009 23.500000000000004 21.500000000000004 3.5000000000000004
decision_type=2 2 2 2 2 2 2 2 2 2 2 2 2 2
left_child=5 2 3 -2 -4 9 -7 8 -8 10 -1 12 13 -12
right_child=1 -3 4 -5 -6 6 7 -9 -10 -11 11 -13 -14 -15
leaf_value=-0.015457270658708017 0.81910899278262395 -0.05384849782447762 -0.77995940189013324 0.1200202131433372 0.041462880424484545 -0.61320718260691642 -0.093311222508205061 0.27450827303649494 -0.72025115510752036 -0.07852330021842506 -0.48358213569493902 -0.04453048349877671 1.5702827847152023 0.74761075384623299
leaf_weight=4847 156 2504 84 1696 5800 166 499 174 81 4498 144 773 156 102
leaf_count=4847 156 2504 84 1696 5800 166 499 174 81 4498 144 773 156 102
internal_value=0.000232009 0.03633 0.065535 0.180954 0.029084 -0.0320812 -0.178045 -0.078832 -0.186274 -0.0192378 0.0250726 0.19162 0.640678 0.0316359
internal_weight=21680 10240 7736 1852 5884 11440 920 754 580 10520 6022 1175 402 246
internal_count=21680 10240 7736 1852 5884 11440 920 754 580 10520 6022 1175 402 246
is_linear=0
shrinkage=0.05


Tree=88
num_leaves=15
num_cat=0
split_feature=5 6 8 9 1 1 2 8 14 9 14 14 1 11
split_gain=9241.28 14069.1 12113.2 9715.22 9065.76 15633.2 11148.8 10205.6 9795.75 8522.23 8148.88 10630.8 7603.55 11086
threshold=125.50000000000001 108.50000000000001 149.50000000000003 89.500000000000014 11.500000000000002 12.500000000000002 1.5000000000000002 159.50000000000003 25.500000000000004 161.50000000000003 190.50000000000003 182.50000000000003 17.500000000000004 162.50000000000003
decision_type=2 2 2 2 2 2 2 2 2 2 2 2 2 2
left_child=2 -2 10 -3 8 6 -6 12 -5 -4 11 -1 -7 -14
right_child=1 3 9 4 5 7 -8 -9 -10 -11 -12 -13 13 -15
leaf_value=-0.01704947175607377 0.44678356958806797 -0.4734941949927679 -0.073552775636096218 0.51239720735863992 -0.015363695751258869 -0.10916252106150073 -0.44671453415929485 0.14113144461171645 0.10012768726240827 -0.79764336720985529 0.47022603460971046 -0.51733486777014825 -0.023936170768904145 0.27000802017773989
leaf_weight=14122 208 88 80 153 297 1261 298 1566 1703 80 80 102 1211 431
leaf_count=14122 208 88 80 153 297 1261 298 1566 1703 80 80 102 1211 431
internal_value=0.000228367 0.0464267 -0.0228278 0.0342339 0.0410278 0.0063406 -0.233324 0.0384745 0.135399 -0.448798 -0.0179079 -0.0208175 -0.0170504 0.0538052
internal_weight=21680 7216 14464 7008 6920 5064 595 4469 1856 160 14304 14224 2903 1642
internal_count=21680 7216 14464 7008 6920 5064 595 4469 1856 160 14304 14224 2903 1642
is_linear=0
shrinkage=0.05


Tree=89
num_leaves=15
num_cat=0
split_feature=9 4 1 6 5 12 1 3 11 10 13 6 8 3
split_gain=8862.44 8062.72 15008.6 39560.5 61556.1 44009.8 27675.3 21533.3 27509.7 26231.7 19742.6 12598.8 11040.6 10410.6
threshold=21.500000000000004 1.5000000000000002 6.5000000000000009 98.500000000000014 21.500000000000004 151.50000000000003 12.500000000000002 4.5000000000000009 168.50000000000003 97.500000000000014 28.500000000000004 173.50000000000003 110.50000000000001 2.5000000000000004
decision_type=2 2 2 2 2 2 2 2 2 2 2 2 2 2
left_child=-1 2 -2 4 -4 6 10 -5 9 -9 -6 13 -11 -3
right_child=1 11 3 7 5 -7 -8 8 -10 12 -12 -13 -14 -15
leaf_value=-0.08629780530997494 -0.062943019048167223 0.030340154501613176 -0.21359455508379202 0.16320426805788035 1.2210248678904212 -0.062609572568447278 1.7727297322224762 -0.73318282735568507 -0.83130072602035865 -0.38241328947939152 0.17494624455769858 0.15276875863585915 0.24532118901928093 -0.055914818426510408
leaf_weight=2600 1263 6340 196 1231 96 96 113 103 128 81 85 1176 379 7793
leaf_count=2600 1263 6340 196 1231 96 96 113 103 128 81 85 1176 379 7793
internal_value=0.000210797 0.0120187 0.0774556 0.148143 0.505913 0.865639 1.16472 0.038033 -0.184527 -0.0314577 0.747681 -0.00412012 0.131862 -0.0172242
internal_weight=21680 19080 3771 2508 586 390 294 1922 691 563 181 15309 460 14133
internal_count=21680 19080 3771 2508 586 390 294 1922 691 563 181 15309 460 14133
is_linear=0
shrinkage=0.05


Tree=90
num_leaves=15
num_cat=0
split_feature=14 8 6 7 13 5 0 14 1 9 14 10 1 11
split_gain=8056.34 8695.21 10328.2 8827.96 8072.48 10079.4 7606.7 16347 29869.7 13895.5 9798.02 7454.71 6843.77 6021.92
threshold=195.50000000000003 25.500000000000004 27.500000000000004 23.500000000000004 176.50000000000003 113.50000000000001 4.5000000000000009 129.50000000000003 10.500000000000002 59.500000000000007 164.50000000000003 22.500000000000004 1.5000000000000002 169.50000000000003
decision_type=2 2 2 2 2 2 2 2 2 2 2 2 2 2
left_child=1 2 6 11 13 -6 9 12 -9 10 -1 -3 -8 -5
right_child=-2 3 -4 4 5 -7 7 8 -10 -11 -12 -13 -14 -15
leaf_value=-0.080549416134394522 0.48603708184050287 0.60609177829872851 0.34192953005524501 -0.0075596289053118911 0.67338683553213308 0.10382465361711189 0.21361471553959077 1.1043559227015947 -0.034444530086117503 -0.73298305185993073 -0.5597043484977976 -0.0028994475321103171 -0.063412431725108992 0.09011017257216937
leaf_weight=2890 80 112 158 12364 81 840 239 86 156 84 106 88 2592 1804
leaf_count=2890 80 112 158 12364 81 840 239 86 156 84 106 88 2592 1804
internal_value=0.000215614 -0.00169579 -0.0510494 0.0186864 0.0142538 0.157282 -0.06141 -0.00572101 0.384416 -0.116873 -0.0984064 0.3446 -0.0396897 0.00490399
internal_weight=21680 21600 6311 15289 15089 921 6153 3073 242 3080 2996 200 2831 14168
internal_count=21680 21600 6311 15289 15089 921 6153 3073 242 3080 2996 200 2831 14168
is_linear=0
shrinkage=0.05


Tree=91
num_leaves=15
num_cat=0
split_feature=9 3 8 4 1 6 5 12 1 3 6 3 13 13
split_gain=7525.73 7780.93 13900.5 7311.8 13245.8 36445.2 55666.7 39434.8 25402 19406.5 25794.5 25027.6 21757.7 17902.1
threshold=21.500000000000004 5.5000000000000009 20.500000000000004 1.5000000000000002 6.5000000000000009 98.500000000000014 21.500000000000004 151.50000000000003 12.500000000000002 4.5000000000000009 167.50000000000003 5.5000000000000009 141.50000000000003 28.500000000000004
decision_type=2 2 2 2 2 2 2 2 2 2 2 2 2 2
left_child=1 2 -1 4 -2 6 -6 8 13 -7 12 -12 -11 -8
right_child=3 -3 -4 -5 5 9 7 -9 -10 10 11 -13 -14 -15
leaf_value=0.42310516868114667 -0.058472381046658632 -0.21426354576680168 -0.065831247351088973 -0.0042583013797364185 -0.20104058782259623 0.15298649234635342 1.1599280676407979 -0.053650274378533418 1.6906833373894128 -0.25913606929366456 -1.2332482593314302 -0.1941534587379658 0.43807947832611527 0.16400527000427245
leaf_weight=154 1263 754 1692 15309 196 1231 96 96 113 246 88 160 197 85
leaf_count=154 1263 754 1692 15309 196 1231 96 96 113 246 88 160 197 85
internal_value=0.000229479 -0.0794887 -0.0240097 0.0111105 0.0734258 0.139832 0.483225 0.825304 1.10841 0.034153 -0.177124 -0.57995 0.0523413 0.709211
internal_weight=21680 2600 1846 19080 3771 2508 586 390 294 1922 691 248 443 181
internal_count=21680 2600 1846 19080 3771 2508 586 390 294 1922 691 248 443 181
is_linear=0
shrinkage=0.05


Tree=92
num_leaves=15
num_cat=0
split_feature=9 4 13 14 5 9 4 5 0 13 1 1 11 11
split_gain=7248.56 9200.33 11359 26380.9 22111.7 7984.95 15022.9 18992.9 14293.7 12917.9 9220 13364 43773.5 77785.8
threshold=110.50000000000001 3.5000000000000004 60.500000000000007 60.500000000000007 80.500000000000014 107.50000000000001 3.5000000000000004 103.50000000000001 3.5000000000000004 84.500000000000014 9.5000000000000018 7.5000000000000009 23.500000000000004 21.500000000000004
decision_type=2 2 2 2 2 2 2 2 2 2 2 2 2 2
left_child=5 2 3 -2 -4 10 7 8 -7 -9 11 -1 13 -13
right_child=1 -3 4 -5 -6 6 -8 9 -10 -11 -12 12 -14 -15
leaf_value=-0.01099404118112156 0.7774885978017535 -0.052441679729941619 -0.7584783246175627 0.10715804707433051 0.035668867620343506 -0.13509899493382901 0.14854936837720717 -0.45796889359685217 -0.92288432686822497 0.12356120028774496 -0.068840006764298967 0.036386829724468557 -0.044068705309664225 1.4507849972579421
leaf_weight=4847 156 2504 84 1696 5800 93 264 143 155 265 4498 246 773 156
leaf_count=4847 156 2504 84 1696 5800 93 264 143 155 265 4498 246 773 156
internal_value=0.00023812 0.0307885 0.0577451 0.165564 0.0236973 -0.0271092 -0.167956 -0.29549 -0.635973 -0.0833363 -0.0147179 0.025731 0.176631 0.596338
internal_weight=21680 10240 7736 1852 5884 11440 920 656 248 408 10520 6022 1175 402
internal_count=21680 10240 7736 1852 5884 11440 920 656 248 408 10520 6022 1175 402
is_linear=0
shrinkage=0.05


Tree=93
num_leaves=15
num_cat=0
split_feature=5 7 11 10 6 8 7 3 12 9 8 14 5 8
split_gain=6616.02 13291.6 14131.6 14399.9 11458.4 11179.9 10551.7 10596.9 7735.8 7709.9 7644.96 8284.7 9596.17 6693.98
threshold=125.50000000000001 129.00000000000003 162.50000000000003 145.50000000000003 138.50000000000003 149.50000000000003 162.50000000000003 5.5000000000000009 160.50000000000003 161.50000000000003 144.50000000000003 63.500000000000007 173.50000000000003 113.50000000000001
decision_type=2 2 2 2 2 2 2 2 2 2 2 2 2 2
left_child=5 2 3 4 -2 13 7 -3 -4 -7 -8 12 -12 -1
right_child=1 6 8 -5 -6 9 10 -9 -10 -11 11 -13 -14 -15
leaf_value=-0.027701825279503864 -0.0030542766255280979 -0.049017375449640709 0.063651652363503092 -0.2539560793564018 0.37069863975798756 -0.071487491183421195 -0.087214539206575639 -0.52167039254605774 0.55350877743622795 -0.76032022664652155 0.087484698371714076 0.069539611503738399 0.64996254291147626 0.074343383775362717
leaf_weight=12464 424 2352 112 248 392 80 664 120 296 80 168 2304 136 1840
leaf_count=12464 424 2352 112 248 392 80 664 120 296 80 168 2304 136 1840
internal_value=0.000228852 0.0393182 0.173094 0.0763388 0.177658 -0.0192794 0.00491516 -0.0729684 0.421437 -0.428507 0.0637778 0.102314 0.345565 -0.0145538
internal_weight=21680 7216 1472 1064 816 14464 5744 2472 408 160 3272 2608 304 14304
internal_count=21680 7216 1472 1064 816 14464 5744 2472 408 160 3272 2608 304 14304
is_linear=0
shrinkage=0.05


Tree=94
num_leaves=15
num_cat=0
split_feature=14 5 6 5 7 12 8 7 14 9 9 3 5 11
split_gain=6443.97 6921.78 9268.4 11957.6 9214.87 7687.44 8464.25 13064.2 11188.7 18297.3 18202.9 16566.9 10941.7 14662
threshold=195.50000000000003 62.500000000000007 96.500000000000014 77.500000000000014 78.500000000000014 23.500000000000004 108.50000000000001 124.50000000000001 71.500000000000014 91.500000000000014 110.50000000000001 3.5000000000000004 125.50000000000001 89.500000000000014
decision_type=2 2 2 2 2 2 2 2 2 2 2 2 2 2
left_child=1 4 -3 -4 -1 -5 8 12 9 -7 11 -11 13 -8
right_child=-2 2 3 5 -6 6 7 -9 -10 10 -12 -13 -14 -15
leaf_value=-0.035354927392735616 0.43471336437444041 0.13112651765542446 -0.46740981993594571 -0.44874723321133914 -0.55915785668856077 0.36828542295019184 0.38875823812832278 0.0035126253230194681 -0.0073624959969254625 -0.2071826561249458 -0.029145640851179988 -0.89926618411931225 0.32505716207426483 0.0061783202636378036
leaf_weight=7103 80 1616 128 86 80 108 302 6356 3220 173 290 176 602 1360
leaf_count=7103 80 1616 128 86 80 108 302 6356 3220 173 290 176 602 1360
internal_value=0.000218502 -0.00149097 0.018487 0.00422167 -0.0415736 0.00916771 0.0124733 0.0402824 -0.0479284 -0.221579 -0.32336 -0.563971 0.143275 0.076654
internal_weight=21680 21600 14417 12801 7183 12673 12587 8620 3967 747 639 349 2264 1662
internal_count=21680 21600 14417 12801 7183 12673 12587 8620 3967 747 639 349 2264 1662
is_linear=0
shrinkage=0.05


Tree=95
num_leaves=15
num_cat=0
split_feature=5 14 14 3 14 8 13 1 1 9 14 14 12 9
split_gain=6123.19 6164.2 6026.9 5758.89 6113.69 11418 6988.14 6252.09 8507.16 10101.1 12328.6 11190.7 8721.78 8033.3
threshold=181.50000000000003 190.50000000000003 96.500000000000014 1.0000000180025095e-35 182.50000000000003 104.50000000000001 145.50000000000003 11.500000000000002 12.500000000000002 152.50000000000003 132.50000000000003 27.500000000000004 160.50000000000003 160.50000000000003
decision_type=2 2 2 2 2 2 2 2 2 2 2 2 2 2
left_child=1 3 -2 -1 6 -6 7 13 -9 10 -10 12 -11 -5
right_child=2 -3 -4 4 5 -7 -8 8 9 11 -12 -13 -14 -15
leaf_value=0.058417220171844003 0.53654043336593826 0.30738168600590748 0.089398097797652704 -0.0067011636620631886 -0.73393373394713679 -0.0048385056710203754 0.041277029451245034 -0.24833266280260213 -0.06179710318838344 0.14014708547096624 -0.37000226862097191 0.004134608364495058 0.77830472988161181 0.42979957394510787
leaf_weight=2884 81 152 639 7069 80 146 4281 591 3943 144 349 1136 83 102
leaf_count=2884 81 152 639 7069 80 146 4281 591 3943 144 349 1136 83 102
internal_value=0.000196094 -0.00474422 0.143055 -0.00709756 -0.0176523 -0.273225 -0.0143125 -0.0320584 -0.0686085 -0.0496229 -0.0872599 0.0687795 0.385227 -0.000197252
internal_weight=21680 20960 720 20808 17924 226 17698 13417 6246 5655 4292 1363 227 7171
internal_count=21680 20960 720 20808 17924 226 17698 13417 6246 5655 4292 1363 227 7171
is_linear=0
shrinkage=0.05


Tree=96
num_leaves=15
num_cat=0
split_feature=9 3 8 7 4 3 6 1 13 7 9 11 14 5
split_gain=5669.43 6928.99 12490.1 7216.08 6060.54 11062.2 30046.6 45811.8 30927.8 53446.2 14225.7 12342.9 11780.3 14755
threshold=21.500000000000004 5.5000000000000009 20.500000000000004 24.500000000000004 1.5000000000000002 2.5000000000000004 98.500000000000014 7.5000000000000009 103.50000000000001 22.500000000000004 62.500000000000007 92.500000000000014 64.500000000000014 25.500000000000004
decision_type=2 2 2 2 2 2 2 2 2 2 2 2 2 2
left_child=1 2 -1 -3 5 12 7 -7 -9 -10 -8 -12 13 -2
right_child=4 3 -4 -5 -6 6 10 8 9 -11 11 -13 -14 -15
leaf_value=0.4071421597577608 -0.11735119411452888 -0.13187202074685853 -0.056317223252538698 -0.57356668885694739 -0.0043504160184267273 0.010988979119639499 -0.58735392583615109 1.4986082608279374 -0.28870364141858318 1.194396736256538 0.40071987558948508 0.0037504930219347237 0.077245914726997336 -0.82431018028848924
leaf_weight=154 369 650 1692 104 15309 372 87 107 116 119 216 1719 578 88
leaf_count=154 369 650 1692 104 15309 372 87 107 116 119 216 1719 578 88
internal_value=0.000197355 -0.0689941 -0.0166584 -0.196173 0.00964157 0.0663749 0.118988 0.396605 0.809845 0.47155 0.0202212 0.0489819 -0.0726114 -0.260931
internal_weight=21680 2600 1846 754 19080 3771 2736 714 342 235 2022 1935 1035 457
internal_count=21680 2600 1846 754 19080 3771 2736 714 342 235 2022 1935 1035 457
is_linear=0
shrinkage=0.05


Tree=97
num_leaves=15
num_cat=0
split_feature=5 14 12 1 14 11 0 13 5 10 1 10 5 5
split_gain=5468.28 5476.46 5471.94 6080.98 10159.3 16735.3 38188.5 35055.1 29484.8 13230.2 9915.93 9119.82 7636.45 8535.74
threshold=181.50000000000003 96.500000000000014 179.50000000000003 11.500000000000002 101.50000000000001 23.500000000000004 5.5000000000000009 23.500000000000004 45.000000000000007 141.50000000000003 12.500000000000002 21.500000000000004 179.50000000000003 151.50000000000003
decision_type=2 2 2 2 2 2 2 2 2 2 2 2 2 2
left_child=2 -2 3 4 9 6 11 -8 -7 -1 -5 -6 13 -12
right_child=1 -3 -4 10 5 8 7 -9 -10 -11 12 -13 -14 -15
leaf_value=-0.036010620983087764 0.51027556564225707 0.084065145418273507 0.16899369138948295 -0.2129641864502077 -0.30994480627482668 -0.65652922209709486 1.5294650915678185 0.22428833448232088 0.066661834532052475 0.53041217055703915 -0.047257578317564504 0.28004059604982023 -0.42348078186504357 0.059466756639525623
leaf_weight=5699 81 639 440 729 144 141 96 109 4075 100 6591 112 112 2612
leaf_count=5699 81 639 440 729 144 141 96 109 4075 100 6591 112 112 2612
internal_value=0.000199121 0.135202 -0.00446953 -0.00822928 0.0184184 0.0732069 0.35757 0.857356 0.0417264 -0.0257945 -0.0360185 -0.0514062 -0.0220637 -0.0169512
internal_weight=21680 720 20960 20520 10476 4677 461 205 4216 5799 10044 256 9315 9203
internal_count=21680 720 20960 20520 10476 4677 461 205 4216 5799 10044 256 9315 9203
is_linear=0
shrinkage=0.05


Tree=98
num_leaves=15
num_cat=0
split_feature=7 12 1 14 11 0 13 5 10 10 1 7 5 12
split_gain=5072.31 5629.86 5234.4 8546.11 14885.5 34437 30149 26572.6 11554.6 7966.22 7308.24 7203.14 13123 14046.4
threshold=188.50000000000003 179.50000000000003 11.500000000000002 101.50000000000001 23.500000000000004 5.5000000000000009 23.500000000000004 45.000000000000007 141.50000000000003 21.500000000000004 12.500000000000002 162.50000000000003 179.50000000000003 158.50000000000003
decision_type=2 2 2 2 2 2 2 2 2 2 2 2 2 2
left_child=1 2 3 8 5 9 -7 -6 -1 -5 -4 12 13 -12
right_child=-2 -3 10 4 7 6 -8 -9 -10 -11 11 -13 -14 -15
leaf_value=-0.032502393953874574 0.21597729907665389 0.17034112149849534 -0.17634686473502506 -0.29496761128476717 -0.624826957316023 1.4152971827066863 0.2135657822615222 0.061309338718415901 0.47372623101362721 0.250092312156177 -0.059807551249446866 0.07645285318608469 -0.60547029142922693 0.12870275143760157
leaf_weight=5707 264 456 800 144 141 99 109 4221 110 117 6640 1620 96 1156
leaf_count=5707 264 456 800 144 141 99 109 4221 110 117 6640 1620 96 1156
internal_value=0.000209541 -0.00250007 -0.00630008 0.0182852 0.0674043 0.333541 0.80534 0.0384402 -0.0225309 -0.0505222 -0.031683 -0.0194299 -0.0391478 -0.0317904
internal_weight=21680 21416 20960 10648 4831 469 208 4362 5817 261 10312 9512 7892 7796
internal_count=21680 21416 20960 10648 4831 469 208 4362 5817 261 10312 9512 7892 7796
is_linear=0
shrinkage=0.05


Tree=99
num_leaves=15
num_cat=0
split_feature=5 5 14 3 14 8 13 1 9 3 11 7 5 5
split_gain=4681.57 5106.85 4741.08 4496.18 5691.16 10036.7 5833.24 9287.7 7536.39 5850.57 14960.3 5479.86 6154.42 7047.03
threshold=181.50000000000003 183.50000000000003 190.50000000000003 1.0000000180025095e-35 182.50000000000003 104.50000000000001 169.50000000000003 8.5000000000000018 109.50000000000001 4.5000000000000009 25.500000000000004 20.500000000000004 22.500000000000004 60.500000000000007
decision_type=2 2 2 2 2 2 2 2 2 2 2 2 2 2
left_child=2 -2 3 11 6 -6 -5 8 -8 -9 -11 -1 -13 -14
right_child=1 -3 -4 4 5 -7 7 9 -10 10 -12 12 13 -15
leaf_value=0.44263004273090556 0.42789808819946062 0.066319259217078846 0.26962818132867666 -0.020928450051811764 -0.69402497661464357 -0.010250863615448113 0.75947306040068008 0.083059486574898644 0.093273846124825269 0.31335503604089798 -0.53901298232340755 -0.3651453094168024 0.49063976875851667 0.038098214412361296
leaf_weight=82 112 608 152 16226 80 146 81 1098 87 81 125 86 84 2632
leaf_count=82 112 608 152 16226 80 146 81 1098 87 81 125 86 84 2632
internal_value=0.000213031 0.125128 -0.00410676 -0.00617065 -0.0154968 -0.262078 -0.0122749 0.0828621 0.427144 0.0370447 -0.204375 0.0517177 0.0395097 0.0529702
internal_weight=21680 720 20960 20808 17924 226 17698 1472 168 1304 206 2884 2802 2716
internal_count=21680 720 20960 20808 17924 226 17698 1472 168 1304 206 2884 2802 2716
is_linear=0
shrinkage=0.05


Tree=100
num_leaves=15
num_cat=0
split_feature=10 6 1 14 11 0 13 5 10 13 1 12 14 3
split_gain=4585.36 5790.83 4684.08 7691.2 14125.6 31220.7 28715.9 23701.5 11053 7626.07 7184.19 6916.6 15011.1 13327.2
threshold=189.50000000000003 186.50000000000003 11.500000000000002 101.50000000000001 23.500000000000004 5.5000000000000009 22.500000000000004 45.000000000000007 141.50000000000003 28.500000000000004 12.500000000000002 158.50000000000003 27.500000000000004 4.5000000000000009
decision_type=2 2 2 2 2 2 2 2 2 2 2 2 2 2
left_child=1 2 3 8 5 9 -7 -6 -1 -5 -4 -12 -13 -14
right_child=-2 -3 10 4 7 6 -8 -9 -10 -11 11 12 13 -15
leaf_value=-0.030759900857912765 0.18212033898782676 0.19476023159908412 -0.1719827426097742 0.21867642354987124 -0.59026168530730361 1.4039212716857392 0.22005844396403715 0.057894123182224339 0.47984236433274213 -0.31703158209530208 -0.038695463978233424 0.48358880483951322 0.065512258614111515 -0.41270487392465843
leaf_weight=5707 336 360 815 131 141 93 112 4164 103 125 7719 190 1528 156
leaf_count=5707 336 360 815 131 141 93 112 4164 103 125 7719 190 1528 156
internal_value=0.000218001 -0.00268751 -0.0061205 0.0173104 0.0643554 0.325873 0.777767 0.0360052 -0.0213031 -0.0439621 -0.0299265 -0.0177744 0.0682728 0.0201213
internal_weight=21680 21344 20984 10576 4766 461 205 4305 5810 256 10408 9593 1874 1684
internal_count=21680 21344 20984 10576 4766 461 205 4305 5810 256 10408 9593 1874 1684
is_linear=0
shrinkage=0.05


Tree=101
num_leaves=15
num_cat=0
split_feature=9 3 8 7 4 6 3 3 3 13 12 13 3 7
split_gain=4379.14 5924.99 10796 6740.62 5171.05 11291.7 30986.5 20931.5 20928.4 24994.8 40846.1 13933.7 45204.6 11500.4
threshold=21.500000000000004 5.5000000000000009 20.500000000000004 24.500000000000004 1.5000000000000002 167.50000000000003 4.5000000000000009 5.5000000000000009 2.5000000000000004 144.50000000000003 85.500000000000014 64.500000000000014 5.5000000000000009 165.50000000000003
decision_type=2 2 2 2 2 2 2 2 2 2 2 2 2 2
left_child=1 2 -1 -3 5 8 -7 -8 -2 11 -11 12 -10 -9
right_child=4 3 -4 -5 -6 6 7 13 9 10 -12 -13 -14 -15
leaf_value=0.38180306055260904 -0.097213421282414642 -0.11615133547828399 -0.04907657655332464 -0.54278533043117694 -0.0043969222196658386 0.11748845371820078 -1.1612865003807251 -0.61605568068868977 0.105518925806556 1.3284236000556695 0.2522280209721634 -0.035776428343249449 1.3130679563232019 0.20947551409987844
leaf_weight=154 907 650 1692 104 15309 488 88 80 609 109 405 921 84 80
leaf_count=154 907 650 1692 104 15309 488 88 80 609 109 405 921 84 80
internal_value=0.000227218 -0.0605831 -0.0121968 -0.178185 0.00852744 0.0609324 -0.11422 -0.563474 0.103526 0.189112 0.491048 0.0917373 0.260246 -0.20945
internal_weight=21680 2600 1846 754 19080 3771 736 248 3035 2128 514 1614 693 160
internal_count=21680 2600 1846 754 19080 3771 736 248 3035 2128 514 1614 693 160
is_linear=0
shrinkage=0.05


Tree=102
num_leaves=15
num_cat=0
split_feature=12 7 14 7 1 7 7 5 10 14 8 13 14 5
split_gain=4177.25 5254.31 6597.7 4983.92 4251.7 8031.8 9684.46 10941.6 7985.14 8798.48 9378.5 7874.77 21408 63482.6
threshold=179.50000000000003 140.00000000000003 163.50000000000003 188.50000000000003 11.500000000000002 183.50000000000003 112.50000000000001 80.500000000000014 99.500000000000014 161.50000000000003 113.50000000000001 28.500000000000004 129.50000000000003 25.500000000000004
decision_type=2 2 2 2 2 2 2 2 2 2 2 2 2 2
left_child=3 -2 -3 4 5 6 11 -8 9 10 -9 12 -1 -14
right_child=1 2 -4 -5 -6 -7 7 8 -10 -11 -12 -13 13 -15
leaf_value=0.015022620879108183 0.41353395373973634 -0.10095196241982343 0.36797685508650768 0.21753142093687428 -0.02859983445560706 -0.45393129732873705 -0.43321728948303451 0.20245272653410212 0.087422058490579047 -0.090653353859396546 0.84899302826686351 -0.044780738162976196 1.4264059528551787 -0.15879050433445888
leaf_weight=2453 128 241 103 248 10312 85 88 123 2374 80 105 5086 102 152
leaf_count=2453 128 241 103 248 10312 85 88 123 2374 80 105 5086 102 152
internal_value=0.000228369 0.146556 0.0427144 -0.00306204 -0.00572338 0.0164342 0.0204322 0.100643 0.118934 0.356542 0.512031 -0.00812488 0.0607009 0.493032
internal_weight=21680 472 344 21208 20960 10648 10563 2770 2682 308 228 7793 2707 254
internal_count=21680 472 344 21208 20960 10648 10563 2770 2682 308 228 7793 2707 254
is_linear=0
shrinkage=0.05


Tree=103
num_leaves=15
num_cat=0
split_feature=9 3 8 14 11 6 7 4 6 14 1 1 12 11
split_gain=3943.86 5414.67 9646.83 6982.56 4720.1 4593.98 11009.3 4547.57 10327 30017.4 19009.4 19217.2 19447.5 35462.4
threshold=21.500000000000004 5.5000000000000009 20.500000000000004 164.50000000000003 20.500000000000004 23.500000000000004 25.500000000000004 1.5000000000000002 167.50000000000003 23.500000000000004 6.5000000000000009 19.500000000000004 21.500000000000004 23.500000000000004
decision_type=2 2 2 2 2 2 2 2 2 2 2 2 2 2
left_child=1 2 -1 -3 -4 -6 -7 8 10 -10 -2 12 -12 -14
right_child=7 3 4 -5 5 6 -8 -9 9 -11 11 -13 13 -15
leaf_value=0.36122856253066904 -0.050129131319512056 -0.11507675122395598 -0.39442017892294606 -0.59775287201518523 -0.068930432668345143 0.492371243619381 -0.092770188792449679 -0.0040002176169952218 -0.92063783380118291 0.01461825367938468 -0.17318952505803026 -0.050053917822243547 1.0356989711355629 0.26024373214572177
leaf_weight=154 1263 674 87 80 1277 128 200 15309 94 642 176 525 173 898
leaf_count=154 1263 674 87 80 1277 128 200 15309 94 642 176 525 173 898
internal_value=0.000243102 -0.0574659 -0.0112116 -0.169889 -0.0460742 -0.0260257 0.139542 0.00812001 0.0572642 -0.110236 0.0979983 0.203421 0.30991 0.389735
internal_weight=21680 2600 1846 754 1692 1605 328 19080 3771 736 3035 1772 1247 1071
internal_count=21680 2600 1846 754 1692 1605 328 19080 3771 736 3035 1772 1247 1071
is_linear=0
shrinkage=0.05


Tree=104
num_leaves=15
num_cat=0
split_feature=10 6 12 1 14 11 14 7 5 1 13 11 8 11
split_gain=3899.44 4854.21 3979.16 4163.11 8424.17 12684.4 29861.2 47935.8 23679.4 18332.9 11895.5 7952.2 5640.29 10741.3
threshold=189.50000000000003 186.50000000000003 184.50000000000003 9.5000000000000018 101.50000000000001 23.500000000000004 129.50000000000003 23.500000000000004 45.000000000000007 2.5000000000000004 174.50000000000003 109.50000000000001 106.50000000000001 89.500000000000014
decision_type=2 2 2 2 2 2 2 2 2 2 2 2 2 2
left_child=1 2 3 4 10 6 9 -8 -7 -6 -1 12 -10 -14
right_child=-2 -3 -4 -5 5 8 7 -9 11 -11 -12 -13 13 -15
leaf_value=-0.033338697100920904 0.16797369082084151 0.17832418653233717 0.25187775091636899 -0.026892192829273243 0.52880540151073008 -0.68259763189958877 1.6843919621933912 -0.014535029102549996 -0.052027621133260427 -0.33857932471618152 0.55301712731068786 0.16916251662480014 0.34124891415451936 -0.042799549513291402
leaf_weight=5085 336 360 144 11851 93 104 80 81 1371 156 83 1196 309 431
leaf_count=5085 336 360 144 11851 93 104 80 81 1371 156 83 1196 309 431
internal_value=0.000227456 -0.00245195 -0.00559507 -0.00743414 0.0182198 0.0744636 0.335506 0.85496 0.0426413 -0.010584 -0.0233962 0.066445 0.0079875 0.118781
internal_weight=21680 21344 20984 20840 8989 3821 410 161 3411 249 5168 3307 2111 740
internal_count=21680 21344 20984 20840 8989 3821 410 161 3411 249 5168 3307 2111 740
is_linear=0
shrinkage=0.05


Tree=105
num_leaves=15
num_cat=0
split_feature=10 6 7 8 1 7 5 3 11 11 14 13 3 13
split_gain=3523.32 4385.66 3655.98 4577.57 4886.14 8187.12 9782.22 7877.37 7349.29 22636.5 20096.1 11916.1 15884.6 27501.8
threshold=189.50000000000003 186.50000000000003 184.50000000000003 178.50000000000003 11.500000000000002 112.50000000000001 80.500000000000014 5.5000000000000009 72.500000000000014 75.500000000000014 174.50000000000003 134.50000000000003 3.5000000000000004 161.50000000000003
decision_type=2 2 2 2 2 2 2 2 2 2 2 2 2 2
left_child=1 2 3 4 5 8 -7 -8 10 -10 -1 -11 -13 -14
right_child=-2 -3 -4 -5 -6 6 7 -9 9 11 -12 12 13 -15
leaf_value=0.018755418413915963 0.15969815440148205 0.16953011448584396 -0.23971966972856809 0.23645074042346242 -0.030464122454115103 -0.41139806621978359 0.089990777062069732 0.47478597137865663 -0.69762960749685321 -0.0020436995675377624 0.63094113609559255 0.025673276346142051 -1.2457899937181027 -0.095009016577387237
leaf_weight=3781 336 360 160 192 10139 88 2476 136 128 3332 134 209 86 123
leaf_count=3781 336 360 160 192 10139 88 2476 136 128 3332 134 209 86 123
internal_value=0.000247027 -0.00229989 -0.00528747 -0.00342911 -0.00571817 0.0181961 0.093143 0.110895 -0.0078135 -0.0565641 0.0404869 -0.0337826 -0.283768 -0.58658
internal_weight=21680 21344 20984 20824 20632 10493 2700 2612 7793 3878 3915 3750 418 209
internal_count=21680 21344 20984 20824 20632 10493 2700 2612 7793 3878 3915 3750 418 209
is_linear=0
shrinkage=0.05


Tree=106
num_leaves=15
num_cat=0
split_feature=11 3 8 3 14 1 1 14 4 11 5 1 8 7
split_gain=3506.08 7516 11923 9364.89 8764.3 6457.18 6409.14 6177.7 4654.03 14086.8 38695.8 84511.2 10363.3 12904.3
threshold=21.500000000000004 5.5000000000000009 20.500000000000004 4.5000000000000009 143.50000000000003 6.5000000000000009 8.5000000000000018 27.500000000000004 1.5000000000000002 23.500000000000004 91.500000000000014 7.5000000000000009 22.500000000000004 89.500000000000014
decision_type=2 2 2 2 2 2 2 2 2 2 2 2 2 2
left_child=1 2 -1 5 -3 7 -7 -4 9 10 11 -2 -11 -14
right_child=8 4 3 -5 -6 6 -8 -9 -10 12 -12 -13 13 -15
leaf_value=0.45137508336592608 -0.068417393974093507 -0.10864981143532348 -0.081976855155681413 0.32876653935760264 -0.56328466837939162 0.28430122638121252 -0.056417500331664261 -0.4622187011697319 -0.0044975654174134556 -0.20480742330850879 -0.5878632206375265 1.519405643073775 0.33812504182008807 0.016758726451083075
leaf_weight=130 210 596 274 155 125 155 1000 173 15353 431 88 134 352 2504
leaf_count=130 210 596 274 155 125 155 1000 173 15353 431 88 134 352 2504
internal_value=0.000224112 -0.054093 -0.00149026 -0.0361834 -0.190807 -0.0724069 -0.00966499 -0.232625 0.00766394 0.0578084 0.324523 0.563002 0.0223154 0.0568886
internal_weight=21680 2608 1887 1757 721 1602 1155 447 19072 3719 432 344 3287 2856
internal_count=21680 2608 1887 1757 721 1602 1155 447 19072 3719 432 344 3287 2856
is_linear=0
shrinkage=0.05


Tree=107
num_leaves=15
num_cat=0
split_feature=13 13 14 11 5 14 8 8 11 5 1 11 12 11
split_gain=3525.54 10516.4 9794.95 16426.9 8315.36 8112.72 12776.6 6994.41 10357.6 9318.62 15687.5 9479.1 7323.13 11337.4
threshold=28.500000000000004 93.500000000000014 178.50000000000003 24.500000000000004 128.50000000000003 182.50000000000003 107.50000000000001 25.500000000000004 111.50000000000001 22.500000000000004 6.5000000000000009 23.500000000000004 84.500000000000014 80.500000000000014
decision_type=2 2 2 2 2 2 2 2 2 2 2 2 2 2
left_child=2 4 -1 -4 -2 7 -7 8 -3 10 -9 -11 -13 -14
right_child=1 5 3 -5 -6 6 -8 9 -10 11 -12 12 13 -15
leaf_value=0.01565844845736445 -0.086642494443613965 -0.041314477160227021 0.83194432244871308 0.07502588650045508 -0.42493040771314911 -0.77521275930544908 -0.038980835354208349 -0.10709845026334126 -0.5720784368013081 -0.47968584712074008 0.83578113365557893 0.17737363081117882 -0.49216269365246967 0.021040003994989467
leaf_weight=6562 1710 2886 94 264 199 80 194 82 90 88 88 746 104 8493
leaf_count=6562 1710 2886 94 264 199 80 194 82 90 88 88 746 104 8493
internal_value=0.000222137 -0.0135832 0.0296568 0.282492 -0.122925 0.00270078 -0.263979 0.00861322 -0.0582984 0.0293732 0.390915 0.0226525 0.027638 0.0145492
internal_weight=21680 14760 6920 358 1909 12851 274 12577 2976 9601 170 9431 9343 8597
internal_count=21680 14760 6920 358 1909 12851 274 12577 2976 9601 170 9431 9343 8597
is_linear=0
shrinkage=0.05


Tree=108
num_leaves=15
num_cat=0
split_feature=12 7 14 7 13 14 14 5 1 14 10 11 0 5
split_gain=3364.39 4676 5775.46 4061.76 3326.91 3385.3 3371.62 6783.11 3006 6021.43 8860.94 5879.26 21558.9 11051.7
threshold=179.50000000000003 140.00000000000003 163.50000000000003 188.50000000000003 194.50000000000003 190.50000000000003 182.50000000000003 115.50000000000001 11.500000000000002 101.50000000000001 141.50000000000003 23.500000000000004 5.5000000000000009 26.500000000000004
decision_type=2 2 2 2 2 2 2 2 2 2 2 2 2 2
left_child=3 -2 -3 4 5 6 8 -8 9 10 -1 12 -11 -13
right_child=1 2 -4 -5 -6 -7 7 -9 -10 11 -12 13 -14 -15
leaf_value=-0.029091282316706348 0.38335048019661944 -0.10065082638728909 0.33805110562178825 0.19638856391536566 0.29651246974756429 0.22264118457911539 -0.55276879493804543 -0.024876011304591036 -0.025114166865662209 -0.08478973244125837 0.41422713716716875 -0.43434417525306346 0.64153570002708282 0.052764484627179115
leaf_weight=5699 128 241 103 248 86 155 80 216 10132 229 110 115 178 3960
leaf_count=5699 128 241 103 248 86 155 80 216 10132 229 110 115 178 3960
internal_value=0.000198795 0.13152 0.0336659 -0.00275417 -0.00515671 -0.00647029 -0.00823758 -0.174362 -0.00578778 0.013243 -0.0203475 0.0567529 0.236797 0.0385024
internal_weight=21680 472 344 21208 20960 20874 20719 296 20423 10291 5809 4482 407 4075
internal_count=21680 472 344 21208 20960 20874 20719 296 20423 10291 5809 4482 407 4075
is_linear=0
shrinkage=0.05


Tree=109
num_leaves=15
num_cat=0
split_feature=13 13 14 11 3 14 6 6 5 10 11 11 3 6
split_gain=3207.36 9299.44 8777.51 15030.9 7794.12 10134.1 10210.2 14234.6 7516.82 6246.6 6048.84 17224.9 20825.1 8207.58
threshold=28.500000000000004 93.500000000000014 178.50000000000003 24.500000000000004 2.5000000000000004 182.50000000000003 179.50000000000003 182.50000000000003 128.50000000000003 163.50000000000003 22.500000000000004 23.500000000000004 4.5000000000000009 176.50000000000003
decision_type=2 2 2 2 2 2 2 2 2 2 2 2 2 2
left_child=2 8 -1 -4 -3 6 10 -8 -2 -5 -6 12 -12 -13
right_child=1 4 3 9 5 -7 7 -9 -10 -11 11 13 -14 -15
leaf_value=0.015027233632930244 -0.081292303613680297 0.046038108901836683 0.79319675776994591 -0.19675766972870362 -0.1029249824226821 -0.46473972616451126 -0.84894456556913545 0.060431501313790006 -0.40291635956724781 0.28358710365283568 -0.036295891190202885 -0.020140486935052965 0.82335497044026862 0.41845541672969083
leaf_weight=6562 1710 5686 94 118 1508 128 83 83 199 146 141 4983 135 104
leaf_count=6562 1710 5686 94 118 1508 128 83 83 199 146 141 4983 135 104
internal_value=0.000203771 -0.0129639 0.0282788 0.267622 0.00234904 -0.0323297 -0.0241399 -0.405785 -0.115784 0.069221 -0.0146312 0.0102685 0.391354 -0.0107716
internal_weight=21680 14760 6920 358 12851 7165 7037 166 1909 264 6871 5363 276 5087
internal_count=21680 14760 6920 358 12851 7165 7037 166 1909 264 6871 5363 276 5087
is_linear=0
shrinkage=0.05


Tree=110
num_leaves=15
num_cat=0
split_feature=5 7 11 10 6 8 1 5 9 8 3 5 13 14
split_gain=3097.09 10836.3 10527.6 12874.1 10640.3 9887.84 9073.02 9240.24 7133.01 6749.54 6480.72 22111.5 6244.75 6171
threshold=125.50000000000001 124.50000000000001 162.50000000000003 145.50000000000003 138.50000000000003 149.50000000000003 17.500000000000004 167.50000000000003 161.50000000000003 157.50000000000003 4.5000000000000009 156.50000000000003 141.50000000000003 131.50000000000003
decision_type=2 2 2 2 2 2 2 2 2 2 2 2 2 2
left_child=5 2 3 4 -2 -1 7 10 -7 -8 -3 -12 -5 -11
right_child=1 6 -4 12 -6 8 9 -9 -10 13 11 -13 -14 -15
leaf_value=-0.0087081825826809296 -0.0090804145492817453 -0.084712853288088322 0.37190882154278254 -0.037589647843959226 0.38804367165836251 -0.055509019353810474 0.026921726318259776 0.030163919633146102 -0.71708036122953189 0.4640332504397347 0.22133661061953541 -0.85036185254921792 -0.54617523624755371 0.10514330810425428
leaf_weight=14304 360 1910 392 152 312 80 878 2435 80 205 82 106 96 288
leaf_count=14304 360 1910 392 152 312 80 878 2435 80 205 82 106 96 288
internal_value=0.000196881 0.0269415 0.156627 0.063384 0.176803 -0.0131506 -0.00198564 -0.0360862 -0.398001 0.110484 -0.112867 -0.389295 -0.241365 0.257538
internal_weight=21680 7216 1312 920 672 14464 5904 4533 160 1371 2098 188 248 493
internal_count=21680 7216 1312 920 672 14464 5904 4533 160 1371 2098 188 248 493
is_linear=0
shrinkage=0.05


Tree=111
num_leaves=15
num_cat=0
split_feature=12 8 7 1 14 7 14 5 13 1 11 7 14 10
split_gain=2955.12 4086.6 3555.51 3039.25 6003.4 10583.9 43476.8 19668.6 10515.6 9907.8 7095.91 5467.86 7508.08 6892.5
threshold=179.50000000000003 141.50000000000003 188.50000000000003 9.5000000000000018 101.50000000000001 25.500000000000004 129.50000000000003 60.500000000000007 174.50000000000003 2.5000000000000004 109.50000000000001 96.500000000000014 138.50000000000003 97.500000000000014
decision_type=2 2 2 2 2 2 2 2 2 2 2 2 2 2
left_child=2 -2 3 4 8 6 9 -7 -1 -6 11 12 -9 -13
right_child=1 -3 -4 -5 5 7 -8 10 -10 -11 -12 13 -14 -15
leaf_value=-0.02741163126273723 0.27556499790026112 -0.017044530122765439 0.18373095895137947 -0.021350525401207715 0.34653651507533328 -0.70176154419949111 1.0545004788700862 -0.028469364550997262 0.52387962070378391 -0.28032261885407955 0.15296536882136169 0.18068343745695253 -0.4443182824363171 -0.033742726482577874
leaf_weight=5085 224 248 248 11959 93 83 126 464 83 172 1196 613 137 949
leaf_count=5085 224 248 248 11959 93 83 126 464 83 172 1196 613 137 949
internal_value=0.000178947 0.123254 -0.00258858 -0.00483642 0.0171044 0.0644778 0.309301 0.0362584 -0.0180599 -0.0579871 0.0555107 0.00139598 -0.126147 0.0507159
internal_weight=21680 472 21208 20960 9001 3833 391 3442 5168 265 3359 2163 601 1562
internal_count=21680 472 21208 20960 9001 3833 391 3442 5168 265 3359 2163 601 1562
is_linear=0
shrinkage=0.05


Tree=112
num_leaves=15
num_cat=0
split_feature=13 13 14 11 5 14 8 7 10 7 13 11 10 3
split_gain=2889.04 8106.08 7535.14 13194.1 6822.31 6819.73 11093.3 5770.85 19277.9 10232.6 26626.8 12898 20952 6958.51
threshold=28.500000000000004 93.500000000000014 178.50000000000003 24.500000000000004 128.50000000000003 182.50000000000003 107.50000000000001 22.500000000000004 101.50000000000001 23.500000000000004 159.50000000000003 22.500000000000004 23.500000000000004 4.5000000000000009
decision_type=2 2 2 2 2 2 2 2 2 2 2 2 2 2
left_child=2 4 -1 -4 -2 7 -7 8 -3 10 -9 -11 -13 -14
right_child=1 5 3 -5 -6 6 -8 9 -10 11 -12 12 13 -15
leaf_value=0.014550381726978166 -0.075457730871413456 -0.034652661482028925 0.74099394376201544 0.062748349045981491 -0.38184432548781239 -0.71888154454091024 -0.032960609618068938 -0.028633690292813947 -0.76295652951849136 -0.21682847653543563 1.0230117057542225 0.6471118506402882 0.03600601110525592 -0.093568849225473538
leaf_weight=6562 1710 2102 94 264 199 80 194 177 90 562 86 130 8250 1180
leaf_count=6562 1710 2102 94 264 199 80 194 177 90 562 86 130 8250 1180
internal_value=0.000183413 -0.0123138 0.0268289 0.248589 -0.10831 0.001983 -0.242524 0.00740404 -0.066224 0.0229694 0.327921 0.0148878 0.0286159 0.019751
internal_weight=21680 14760 6920 358 1909 12851 274 12577 2192 10385 263 10122 9560 9430
internal_count=21680 14760 6920 358 1909 12851 274 12577 2192 10385 263 10122 9560 9430
is_linear=0
shrinkage=0.05


Tree=113
num_leaves=15
num_cat=0
split_feature=10 6 6 1 1 8 7 5 7 1 14 11 11 14
split_gain=2708.56 3455.49 3099.34 3053.26 6228.75 5595.08 5277.63 8101.46 8038.25 16314.5 6972.18 6586.74 20865.5 15270.8
threshold=189.50000000000003 191.50000000000003 172.50000000000003 11.500000000000002 12.500000000000002 183.50000000000003 112.50000000000001 80.500000000000014 124.50000000000001 7.5000000000000009 167.50000000000003 72.500000000000014 75.500000000000014 174.50000000000003
decision_type=2 2 2 2 2 2 2 2 2 2 2 2 2 2
left_child=1 3 -2 6 -5 -6 11 -8 9 -9 -11 13 -13 -1
right_child=2 -3 -4 4 5 -7 7 8 -10 10 -12 12 -14 -15
leaf_value=0.02028669106057706 0.32851267094002634 0.19462832936688382 0.018972889571822305 -0.15316067135885669 -0.015559277021259532 0.3741510809269003 -0.38629919885787917 0.079890329421531153 0.0032681338232185436 0.67958104717933265 0.18608228882525379 -0.66811645739620795 -0.030772477059751269 0.55394860486761277
leaf_weight=3781 128 216 208 843 9568 88 88 1059 1380 187 122 128 3750 134
leaf_count=3781 128 216 208 843 9568 88 88 1059 1380 187 122 128 3750 134
internal_value=0.000176302 -0.00205679 0.139981 -0.00411315 -0.0232324 -0.0118158 0.0147743 0.0731136 0.0885004 0.174155 0.490803 -0.0064896 -0.0526423 0.0392358
internal_weight=21680 21344 336 21128 10499 9656 10629 2836 2748 1368 309 7793 3878 3915
internal_count=21680 21344 336 21128 10499 9656 10629 2836 2748 1368 309 7793 3878 3915
is_linear=0
shrinkage=0.05


Tree=114
num_leaves=15
num_cat=0
split_feature=11 3 8 14 3 1 4 1 3 14 13 4 4 1
split_gain=2668.46 7140.88 10524.1 9353.8 8557.61 6097.82 5788.84 5340.75 4210.81 21965.9 11668.5 21904.8 11074.6 28605.9
threshold=21.500000000000004 5.5000000000000009 20.500000000000004 164.50000000000003 4.5000000000000009 6.5000000000000009 3.5000000000000004 8.5000000000000018 5.5000000000000009 179.50000000000003 59.500000000000007 1.5000000000000002 2.5000000000000004 10.500000000000002
decision_type=2 2 2 2 2 2 2 2 2 2 2 2 2 2
left_child=1 2 -1 -3 5 6 -4 -7 -2 10 11 -10 -13 -14
right_child=8 3 4 -5 -6 7 -8 -9 9 -11 -12 12 13 -15
leaf_value=0.42950907766560303 -0.0021453345041530739 -0.11070709085021882 -0.068540005913853438 -0.64930845378192092 0.32027765030332378 0.26605763006955385 -0.43403394249645438 -0.044964536329295805 0.71012118393367774 0.75589116423113933 -0.08466664172093806 -0.10112001578580765 1.0519722658027522 0.058005033046938485
leaf_weight=130 16721 633 267 88 155 155 180 1000 144 106 1064 520 82 435
leaf_count=130 16721 633 267 88 155 155 180 1000 144 106 1064 520 82 435
internal_value=0.000181153 -0.0472055 0.0040533 -0.180464 -0.0285555 -0.0631981 -0.218892 -0.00225874 0.00667171 0.0692526 0.0352245 0.14314 0.0613779 0.224222
internal_weight=21680 2608 1887 721 1757 1602 447 1155 19072 2351 2245 1181 1037 517
internal_count=21680 2608 1887 721 1757 1602 447 1155 19072 2351 2245 1181 1037 517
is_linear=0
shrinkage=0.05


Tree=115
num_leaves=15
num_cat=0
split_feature=2 1 1 7 7 5 3 6 9 1 1 10 7 8
split_gain=2568.05 3991.22 11429.9 24809.4 40808.8 15496 17998 23343.6 6501.59 6205.36 11962.1 6227.14 6146.74 10572.3
threshold=1.0000000180025095e-35 8.5000000000000018 6.5000000000000009 25.500000000000004 21.500000000000004 104.50000000000001 3.5000000000000004 97.500000000000014 102.50000000000001 4.5000000000000009 5.5000000000000009 100.50000000000001 121.50000000000001 108.50000000000001
decision_type=2 2 2 2 2 2 2 2 2 2 2 2 2 2
left_child=-1 2 9 4 -4 6 8 -8 -5 -2 -11 -12 13 -7
right_child=1 -3 3 5 -6 12 7 -9 -10 10 11 -13 -14 -15
leaf_value=0.029986141220848351 0.021791491254067676 -0.028926707599705538 0.036018754018319624 -0.16170150088579505 1.1752648408764175 0.097834247607629987 0.026217171982044481 -0.92075877082881652 0.41457360470346338 -0.25230638324576232 -0.12806330933531493 0.17548749761914495 -0.12260722726827762 0.5862442248543217
leaf_weight=5420 3387 10161 180 81 135 306 126 129 111 678 294 384 117 171
leaf_count=5420 3387 10161 180 81 135 306 126 129 111 678 294 384 117 171
internal_value=0.000196264 -0.00973986 0.0222231 0.149952 0.535002 0.0314382 -0.189741 -0.461335 0.173524 -0.0144134 -0.104593 0.0438854 0.198076 0.27719
internal_weight=21680 16260 6099 1356 315 1041 447 255 192 4743 1356 678 594 477
internal_count=21680 16260 6099 1356 315 1041 447 255 192 4743 1356 678 594 477
is_linear=0
shrinkage=0.05


Tree=116
num_leaves=15
num_cat=0
split_feature=12 8 7 14 12 5 10 13 14 5 3 6 10 1
split_gain=2556.45 3770.66 2893.98 2693.57 2681.69 5486.62 3541.55 2656.12 2412.93 6470.64 15836 11718 12444.3 32604.4
threshold=179.50000000000003 141.50000000000003 190.50000000000003 143.50000000000003 176.50000000000003 167.50000000000003 190.50000000000003 194.50000000000003 22.500000000000004 164.50000000000003 4.5000000000000009 138.50000000000003 109.50000000000001 3.5000000000000004
decision_type=2 2 2 2 2 2 2 2 2 2 2 2 2 2
left_child=2 -2 4 -3 6 -6 7 8 9 11 -11 12 -1 -14
right_child=1 3 -4 -5 5 -7 -8 -9 -10 10 -12 -13 13 -15
leaf_value=-0.018176367814309712 0.2609800920118151 -0.20855486333482887 0.20620823253284801 0.1185607070978356 -0.46546982469898401 0.070241481161648689 0.22297629812635439 0.26534477184107014 0.0043849777731780745 0.078427649819850925 -0.77775781303644187 0.29247855484109064 -1.1610140283676713 -0.055140941823561884
leaf_weight=4221 224 104 160 144 88 96 168 86 15545 120 92 272 83 277
leaf_count=4221 224 104 160 144 88 96 168 86 15545 120 92 272 83 277
internal_value=0.000197392 0.11467 -0.00237671 -0.0200274 -0.0040109 -0.191504 -0.0023119 -0.0041941 -0.0053829 -0.0353363 -0.302484 -0.0233668 -0.0424187 -0.322518
internal_weight=21680 472 21208 248 21048 184 20864 20696 20610 5065 212 4853 4581 360
internal_count=21680 472 21208 248 21048 184 20864 20696 20610 5065 212 4853 4581 360
is_linear=0
shrinkage=0.05


Tree=117
num_leaves=15
num_cat=0
split_feature=13 13 14 8 5 14 11 11 3 6 6 4 13 6
split_gain=2505.56 6917 6496.91 9929.01 6077.54 5852.71 12880.1 7635.31 5256.29 9428.11 12519.6 5996.46 14221.9 23385.5
threshold=28.500000000000004 93.500000000000014 182.50000000000003 107.50000000000001 128.50000000000003 173.50000000000003 24.500000000000004 99.500000000000014 2.5000000000000004 179.50000000000003 182.50000000000003 1.5000000000000002 144.50000000000003 167.50000000000003
decision_type=2 2 2 2 2 2 2 2 2 2 2 2 2 2
left_child=5 4 8 -4 -2 -1 -7 -8 -3 11 -11 12 -10 -14
right_child=1 2 3 -5 -6 6 7 -9 9 10 -12 -13 13 -15
leaf_value=0.011384412319273084 -0.069140792119098016 0.043443376389328311 -0.6875975900713136 -0.038448453966022735 -0.35830063637272991 0.64679555452914328 -0.3230345608503784 0.16740018678855914 -0.05953491201348754 -0.80395702641795985 0.049270350833169441 -0.037947392521926859 0.39085690280111568 -0.32071679782084361
leaf_weight=6368 1710 5540 80 194 199 112 98 342 884 83 83 5299 546 142
leaf_count=6368 1710 5540 80 194 199 112 98 342 884 83 83 5299 546 142
internal_value=0.000174074 -0.0114642 0.00174248 -0.236907 -0.100141 0.0249882 0.180414 0.0557647 0.00703373 -0.0216409 -0.388377 -0.0125048 0.0731073 0.242737
internal_weight=21680 14760 12851 274 1909 6920 552 440 12577 7037 166 6871 1572 688
internal_count=21680 14760 12851 274 1909 6920 552 440 12577 7037 166 6871 1572 688
is_linear=0
shrinkage=0.05


Tree=118
num_leaves=15
num_cat=0
split_feature=11 3 8 14 3 1 14 1 4 11 5 1 8 7
split_gain=2411.09 6589.8 9550.09 9082.59 7799.04 5483.94 5418.72 4597.57 3803.21 11534.5 34610.3 71377.1 8320.8 12099.9
threshold=21.500000000000004 5.5000000000000009 20.500000000000004 166.50000000000003 4.5000000000000009 6.5000000000000009 27.500000000000004 8.5000000000000018 1.5000000000000002 23.500000000000004 91.500000000000014 7.5000000000000009 22.500000000000004 24.500000000000004
decision_type=2 2 2 2 2 2 2 2 2 2 2 2 2 2
left_child=1 2 -1 -3 5 6 -4 -7 9 10 11 -2 -11 -14
right_child=8 3 4 -5 -6 7 -8 -9 -10 12 -12 -13 13 -15
leaf_value=0.40963469898673122 -0.06167480229811613 -0.10715939557306152 -0.066574259023065269 -0.65596643900579976 0.30629219018854204 0.24694691307842734 -0.42240962102967372 -0.041625319992294026 -0.0046746362920652429 -0.18398004011720967 -0.56952183269845535 1.3975825473344585 0.6381929247870165 0.032459846572162741
leaf_weight=130 210 640 274 81 155 155 173 1000 15353 431 88 134 80 2776
leaf_count=130 210 640 274 81 155 155 173 1000 15353 431 88 134 80 2776
internal_value=0.000149351 -0.0448942 0.00434586 -0.172908 -0.0267187 -0.0597916 -0.207441 -0.00200167 0.00631898 0.0516488 0.292994 0.518636 0.0195328 0.0505128
internal_weight=21680 2608 1887 721 1757 1602 447 1155 19072 3719 432 344 3287 2856
internal_count=21680 2608 1887 721 1757 1602 447 1155 19072 3719 432 344 3287 2856
is_linear=0
shrinkage=0.05


Tree=119
num_leaves=15
num_cat=0
split_feature=13 13 14 8 14 11 12 14 12 10 1 14 3 9
split_gain=2369.86 6265.19 5709.59 8937.1 5414.6 10781.5 5140.64 17702.9 8253.79 7062.06 5669.04 14792.1 14635.2 20770.7
threshold=28.500000000000004 84.500000000000014 182.50000000000003 107.50000000000001 178.50000000000003 24.500000000000004 91.500000000000014 27.500000000000004 141.50000000000003 95.500000000000014 9.5000000000000018 129.50000000000003 4.5000000000000009 22.500000000000004
decision_type=2 2 2 2 2 2 2 2 2 2 2 2 2 2
left_child=4 -2 -3 -4 6 -6 9 8 -8 10 11 12 -1 -14
right_child=1 2 3 -5 5 -7 7 -9 -10 -11 -12 -13 13 -15
leaf_value=-0.062640416073736924 -0.11701817811904702 0.0035806604607090116 -0.65256949258201269 -0.036691693937284268 0.65733423155516091 0.044528210674824549 0.22907245535513057 0.015807798437626017 0.75301894328189556 -0.28211769296443573 -0.057952515289484419 0.64008467370327926 0.7355430020518553 -0.14625581043564584
leaf_weight=1001 1272 13214 80 194 94 264 267 2481 104 244 2100 101 148 116
leaf_count=1001 1272 13214 80 194 94 264 267 2481 104 244 2100 101 148 116
internal_value=0.000152461 -0.0111662 -0.0011441 -0.224982 0.0242853 0.21227 0.0138757 0.064293 0.384007 -0.0249162 -0.00642933 0.0727016 0.025059 0.352569
internal_weight=21680 14760 13488 274 6920 358 6562 2852 371 3710 3466 1366 1265 264
internal_count=21680 14760 13488 274 6920 358 6562 2852 371 3710 3466 1366 1265 264
is_linear=0
shrinkage=0.05


Tree=120
num_leaves=15
num_cat=0
split_feature=1 1 2 8 7 14 7 5 7 1 13 4 3 5
split_gain=2363.54 5839.07 6184.06 6086.42 5589.47 9074.17 5295.46 7036.8 6435.6 13667.7 6427.15 30729.2 32382.8 28983.2
threshold=11.500000000000002 12.500000000000002 1.0000000180025095e-35 179.50000000000003 140.00000000000003 80.500000000000014 112.50000000000001 80.500000000000014 121.50000000000001 7.5000000000000009 134.50000000000003 3.5000000000000004 4.5000000000000009 113.50000000000001
decision_type=2 2 2 2 2 2 2 2 2 2 2 2 2 2
left_child=6 2 -2 -3 -4 -6 10 -8 9 -9 -1 -12 13 -13
right_child=1 3 4 -5 5 -7 7 8 -10 -11 11 12 -14 -15
leaf_value=0.012001284844393277 0.087427066014958671 -0.011736863135303689 -0.014306071688222337 0.23025880235453111 -0.78332488738438666 -0.2040894475697381 -0.35622811748455935 0.088204768707440706 0.030376693349858763 0.51997424955164095 -0.31902176556307377 1.2404117513448001 -0.36158205690979961 0.039529122938128082
leaf_weight=6818 226 9672 234 262 80 364 88 834 1896 231 658 100 120 97
leaf_count=6818 226 9672 234 262 80 364 88 834 1896 231 658 100 120 97
internal_value=0.00016471 -0.0163436 -0.13764 -0.00524183 -0.212754 -0.316017 0.0166669 0.0724737 0.0857936 0.183848 -0.00519995 -0.124933 0.276638 0.664729
internal_weight=21680 10838 904 9934 678 444 10842 3049 2961 1065 7793 975 317 197
internal_count=21680 10838 904 9934 678 444 10842 3049 2961 1065 7793 975 317 197
is_linear=0
shrinkage=0.05


Tree=121
num_leaves=15
num_cat=0
split_feature=1 11 11 10 8 8 7 1 5 11 12 14 6 3
split_gain=2293.48 2725.84 7937.08 13100 6760.65 13943.8 6671.91 13149.7 4969.99 5310.47 7739.61 9150.4 7552.1 6072.88
threshold=21.500000000000004 105.50000000000001 101.50000000000001 113.50000000000001 22.500000000000004 63.500000000000007 165.50000000000003 6.5000000000000009 61.500000000000007 129.00000000000003 144.50000000000003 63.500000000000007 138.50000000000003 3.5000000000000004
decision_type=2 2 2 2 2 2 2 2 2 2 2 2 2 2
left_child=1 2 -1 6 -3 -6 7 -4 -7 12 -11 13 -10 -12
right_child=-2 4 3 -5 5 8 -8 -9 9 10 11 -13 -14 -15
leaf_value=0.0010129204524974358 -0.053838924241748902 -0.35018942489605709 0.0048400218557068699 -0.62866104640364651 0.64848451581266198 -0.32579271816233601 0.27249813737013401 -0.47217427419725716 0.033393400478853412 -0.098830479702923302 0.013415787471403854 0.0070938376332702327 0.20308760616245156 0.39979455045805401
leaf_weight=9442 1798 114 489 120 85 96 112 200 2701 1536 166 3700 862 259
leaf_count=9442 1798 114 489 120 85 96 112 200 2701 1536 166 3700 862 259
internal_value=0.000158756 0.00505427 -0.0126867 -0.152381 0.0243648 0.0290885 -0.0775713 -0.13603 0.0230948 0.0269005 -0.00320777 0.0324752 0.0746747 0.25079
internal_weight=21680 19882 10363 921 9519 9405 801 689 9320 9224 5661 4125 3563 425
internal_count=21680 19882 10363 921 9519 9405 801 689 9320 9224 5661 4125 3563 425
is_linear=0
shrinkage=0.05


Tree=122
num_leaves=15
num_cat=0
split_feature=12 8 12 5 6 10 10 13 1 10 5 0 14 7
split_gain=2253.36 3421.12 2593.48 4899.5 3342.41 2977.84 2972.07 2940.12 2869.66 2799.39 4684.25 3609.06 3587.47 9993.83
threshold=179.50000000000003 141.50000000000003 176.50000000000003 167.50000000000003 191.50000000000003 186.50000000000003 182.50000000000003 194.50000000000003 13.500000000000002 177.50000000000003 158.50000000000003 4.5000000000000009 141.50000000000003 24.500000000000004
decision_type=2 2 2 2 2 2 2 2 2 2 2 2 2 2
left_child=2 -2 4 -4 5 6 7 9 -7 12 11 -11 -1 -14
right_child=1 -3 3 -5 -6 8 -8 -9 -10 10 -12 -13 13 -15
leaf_value=0.0036742662972501887 0.24698588423528528 -0.020653392250093786 -0.44551397266820258 0.060931601301573296 0.20870716565106281 0.013647891011044203 -0.25605125439902532 0.29012877225875855 0.32859162987971846 -0.29215389922110718 0.23596367964651002 0.13774751754304798 0.20349251121020162 -0.071134523221383694
leaf_weight=15602 224 248 88 96 184 161 112 80 127 94 296 92 357 3919
leaf_count=15602 224 248 88 96 184 161 112 80 127 94 296 92 357 3919
internal_value=0.000146831 0.107619 -0.00226985 -0.18666 -0.000612094 -0.00250983 -0.00476514 -0.00332595 0.155767 -0.00454996 0.113888 -0.081475 -0.00744975 -0.0479952
internal_weight=21680 472 21208 184 21024 20840 20552 20440 288 20360 482 186 19878 4276
internal_count=21680 472 21208 184 21024 20840 20552 20440 288 20360 482 186 19878 4276
is_linear=0
shrinkage=0.05


Tree=123
num_leaves=15
num_cat=0
split_feature=2 1 1 7 7 5 3 6 1 1 11 12 10 14
split_gain=2216.85 3650.37 9349.51 21244.1 35257.2 13234.6 17359.8 20068.2 5698.14 10542 5626.67 8843.54 5446.7 4862.1
threshold=1.0000000180025095e-35 8.5000000000000018 6.5000000000000009 25.500000000000004 21.500000000000004 107.50000000000001 3.5000000000000004 102.50000000000001 4.5000000000000009 5.5000000000000009 89.500000000000014 110.50000000000001 100.50000000000001 121.50000000000001
decision_type=2 2 2 2 2 2 2 2 2 2 2 2 2 2
left_child=-1 2 8 4 -4 6 -5 -8 13 -10 -7 -12 -11 -2
right_child=1 -3 3 5 -6 10 7 -9 9 12 11 -13 -14 -15
leaf_value=0.027824926439651249 0.033368733523041552 -0.027434159867105574 0.029620864884676162 0.13536803611531489 1.0884289115224965 0.4699562622503819 -0.11032906126211139 -1.0095951368934231 -0.23673922458409957 -0.11949995070895224 -0.17684426526362196 0.32938852216560804 0.16439360451447937 -0.32229043817279313
leaf_weight=5420 3293 10161 180 282 135 147 183 90 678 294 153 186 384 94
leaf_count=5420 3293 10161 180 282 135 147 183 90 678 294 153 186 384 94
internal_value=0.000146918 -0.0090848 0.0214829 0.137004 0.493312 0.0273445 -0.138934 -0.419617 -0.0116535 -0.0980707 0.216711 0.101662 0.0413157 0.0230375
internal_weight=21680 16260 6099 1356 315 1041 555 273 4743 1356 486 339 678 3387
internal_count=21680 16260 6099 1356 315 1041 555 273 4743 1356 486 339 678 3387
is_linear=0
shrinkage=0.05


Tree=124
num_leaves=15
num_cat=0
split_feature=11 3 14 8 3 1 4 6 1 5 3 14 13 1
split_gain=2181.11 6085.35 8876.47 8526.02 6586.93 4929.13 4907.45 4102.66 12681.6 3439.51 4431.54 20551.8 10081.1 20815.9
threshold=21.500000000000004 5.5000000000000009 143.50000000000003 20.500000000000004 4.5000000000000009 6.5000000000000009 3.5000000000000004 24.500000000000004 9.5000000000000018 21.500000000000004 5.5000000000000009 179.50000000000003 59.500000000000007 11.500000000000002
decision_type=2 2 2 2 2 2 2 2 2 2 2 2 2 2
left_child=1 3 -3 -1 5 6 -5 8 -7 -2 -11 12 13 -12
right_child=9 2 -4 4 -6 7 -8 -9 -10 10 11 -13 -14 -15
leaf_value=0.38755988742190378 -0.097864899941190506 -0.083299086168590483 -0.54035587050593825 -0.056815827007556122 0.28130662487819791 0.48749007038155895 -0.39316646344758371 -0.27852960518177822 -0.034960579799771234 0.0014351888054594444 0.52390102852722664 0.75356516328022305 -0.077288891524037007 0.019086713640354438
leaf_weight=130 760 596 125 267 155 128 180 114 913 16191 268 102 939 812
leaf_count=130 760 596 125 267 155 128 180 114 913 16191 268 102 939 812
internal_value=0.00014275 -0.0426987 -0.165715 0.00461802 -0.0247351 -0.055129 -0.19511 -0.000347117 0.0313025 0.00601076 0.0103474 0.0782171 0.0423212 0.146192
internal_weight=21680 2608 721 1887 1757 1602 447 1155 1041 19072 18312 2121 2019 1080
internal_count=21680 2608 721 1887 1757 1602 447 1155 1041 19072 18312 2121 2019 1080
is_linear=0
shrinkage=0.05


Tree=125
num_leaves=15
num_cat=0
split_feature=12 0 13 12 3 6 10 14 7 1 5 3 11 4
split_gain=2026.63 3214.54 3104.6 2404.72 4754.4 2914.01 2560.03 2735.22 11529.8 32553.7 20606.3 49122.4 5583.65 5496.62
threshold=179.50000000000003 4.5000000000000009 150.50000000000003 176.50000000000003 2.5000000000000004 191.50000000000003 186.50000000000003 141.50000000000003 24.500000000000004 9.5000000000000018 103.50000000000001 3.5000000000000004 70.500000000000014 3.5000000000000004
decision_type=2 2 2 2 2 2 2 2 2 2 2 2 2 2
left_child=3 -2 -3 5 -5 6 7 -1 9 -9 11 13 -12 -10
right_child=1 2 -4 4 -6 -7 -8 8 10 -11 12 -13 -14 -15
leaf_value=0.0055369400086105018 0.23054652528226749 -0.16054386025931264 0.21012148069725797 0.084584065750041001 -0.41415258912314279 0.19489536527642815 0.1444316693527605 1.0396888911243409 -0.19817104697227481 -0.04175863176733921 -0.39666536224494675 -1.2536438283889351 -0.021939085137723038 0.35072659170255066
leaf_weight=15841 236 153 83 88 96 184 288 88 90 275 97 113 3965 83
leaf_count=15841 236 153 83 88 96 184 288 88 90 275 97 113 3965 83
internal_value=0.000145897 0.102068 -0.028528 -0.00214598 -0.179699 -0.000549699 -0.00232165 -0.00441277 -0.0378396 0.230975 -0.0605216 -0.466984 -0.0313642 0.0676275
internal_weight=21680 472 236 21208 184 21024 20840 20552 4711 363 4348 286 4062 173
internal_count=21680 472 236 21208 184 21024 20840 20552 4711 363 4348 286 4062 173
is_linear=0
shrinkage=0.05


Tree=126
num_leaves=15
num_cat=0
split_feature=1 7 12 11 11 10 8 8 7 1 5 5 14 5
split_gain=2028.72 2718.27 5496.61 2415.78 7137.73 11899.9 6100.75 12580.3 5988.67 11731.4 4343.4 4787.87 5686.16 4314.78
threshold=21.500000000000004 120.50000000000001 141.50000000000003 105.50000000000001 101.50000000000001 113.50000000000001 22.500000000000004 63.500000000000007 165.50000000000003 6.5000000000000009 61.500000000000007 76.500000000000014 69.500000000000014 65.500000000000014
decision_type=2 2 2 2 2 2 2 2 2 2 2 2 2 2
left_child=3 2 -2 4 -1 8 -5 -8 9 -6 -9 12 -12 -14
right_child=1 -3 -4 6 5 -7 7 10 -10 -11 11 -13 13 -15
leaf_value=0.0010301729539768914 -0.057711074297132715 0.04205646311975611 -0.42086222945348073 -0.33288494816848213 0.0045314964144547226 -0.59837028446942575 0.61574077377302783 -0.3044406048584693 0.25851644354625647 -0.44602609518733694 0.55252073356925058 0.017309518784986259 -0.19023753654922254 0.20217018330877182
leaf_weight=9442 1141 547 110 114 489 120 85 96 112 200 81 8800 92 251
leaf_count=9442 1141 547 110 114 489 120 85 96 112 200 81 8800 92 251
internal_value=0.000135992 -0.0506494 -0.0911911 0.00474028 -0.0119613 -0.144435 0.0229194 0.0274068 -0.0731394 -0.128526 0.0217138 0.0252714 0.18839 0.0956969
internal_weight=21680 1798 1251 19882 10363 921 9519 9405 801 689 9320 9224 424 343
internal_count=21680 1798 1251 19882 10363 921 9519 9405 801 689 9320 9224 424 343
is_linear=0
shrinkage=0.05


Tree=127
num_leaves=15
num_cat=0
split_feature=2 1 1 7 7 5 3 6 11 12 1 1 10 14
split_gain=2020.3 3234.49 8276.62 17546 31736.6 11688.6 15189.7 18546.9 5079.91 7881.19 5045.35 9500.25 4803.77 4364.68
threshold=1.0000000180025095e-35 8.5000000000000018 6.5000000000000009 25.500000000000004 21.500000000000004 107.50000000000001 3.5000000000000004 102.50000000000001 89.500000000000014 110.50000000000001 4.5000000000000009 5.5000000000000009 99.500000000000014 121.50000000000001
decision_type=2 2 2 2 2 2 2 2 2 2 2 2 2 2
left_child=-1 2 10 4 -4 6 -5 -8 -7 -10 13 -12 -13 -2
right_child=1 -3 3 5 -6 8 7 -9 9 -11 11 12 -14 -15
leaf_value=0.026544149335213586 0.031337906550539564 -0.025963802446680895 0.013085606470326517 0.1293577319835329 1.0172033040425077 0.44767924665816522 -0.092827550343614312 -0.95684944419484386 -0.16524714988102265 0.31266838849634326 -0.22405064192983715 -0.12995358439878776 0.1426237778442207 -0.30563670941675558
leaf_weight=5420 3293 10161 180 282 135 147 183 90 153 186 678 255 423 94
leaf_count=5420 3293 10161 180 282 135 147 183 90 153 186 678 255 423 94
internal_value=0.000121622 -0.00869134 0.0200825 0.128773 0.452592 0.029093 -0.12719 -0.389756 0.207042 0.0977053 -0.0110946 -0.0924111 0.0399049 0.0215491
internal_weight=21680 16260 6099 1356 315 1041 555 273 486 339 4743 1356 678 3387
internal_count=21680 16260 6099 1356 315 1041 555 273 486 339 4743 1356 678 3387
is_linear=0
shrinkage=0.05


Tree=128
num_leaves=15
num_cat=0
split_feature=5 7 1 11 10 7 3 8 8 5 9 13 8 8
split_gain=1997.44 8412.06 8960.3 8706.97 10311.1 8270.71 10884.4 8190.98 6971.76 7224.63 5946.46 5652.51 5633.68 5523.04
threshold=125.50000000000001 129.00000000000003 17.500000000000004 162.50000000000003 145.50000000000003 164.50000000000003 4.5000000000000009 147.50000000000003 112.50000000000001 144.50000000000003 161.50000000000003 141.50000000000003 157.50000000000003 123.50000000000001
decision_type=2 2 2 2 2 2 2 2 2 2 2 2 2 2
left_child=7 3 5 4 8 6 -3 13 -2 -10 -9 -6 -4 -1
right_child=1 2 12 -5 11 -7 -8 10 9 -11 -12 -13 -14 -15
leaf_value=-0.013328732113462947 0.038068154039504254 -0.087537174084179228 0.028351229147912577 0.32293561861893166 -0.033488039914399956 0.013700034798715913 -0.53843513846359392 -0.079929098881858007 0.16322503363641586 0.73133510228465592 -0.64817900605061485 -0.51726733975776351 0.24093883231312155 0.13059271485571314
leaf_weight=13584 560 1541 837 408 152 2731 142 104 176 80 80 96 493 696
leaf_count=13584 560 1541 837 408 152 2731 142 104 176 80 80 96 493 696
internal_value=0.000118077 0.0215963 -0.00576446 0.128021 0.052118 -0.0400541 -0.127063 -0.010601 0.1379 0.351369 -0.337606 -0.227279 0.10776 -0.00627082
internal_weight=21680 7216 5744 1472 1064 4414 1683 14464 816 256 184 248 1330 14280
internal_count=21680 7216 5744 1472 1064 4414 1683 14464 816 256 184 248 1330 14280
is_linear=0
shrinkage=0.05


Tree=129
num_leaves=15
num_cat=0
split_feature=11 14 1 4 4 11 13 7 1 14 5 5 9 12
split_gain=1867.51 5621.27 3210.74 3831.09 3152.91 9999.8 32770.8 11652 11502.3 6988.16 10773.4 12069 13279.9 5422.02
threshold=21.500000000000004 170.50000000000003 1.5000000000000002 3.5000000000000004 1.5000000000000002 23.500000000000004 136.50000000000003 23.500000000000004 6.5000000000000009 22.500000000000004 160.50000000000003 113.50000000000001 103.50000000000001 163.50000000000003
decision_type=2 2 2 2 2 2 2 2 2 2 2 2 2 2
left_child=1 2 3 -1 5 6 7 8 -2 10 11 12 -7 -11
right_child=4 -3 -4 -5 -6 9 -8 -9 -10 13 -12 -13 -14 -15
leaf_value=0.32304578253822608 -0.056793220386360636 -0.39622029126533925 -0.042649390425117478 -0.078522030998752504 -0.0044705396486446267 -0.024783890720546875 1.1400622718635647 -0.24008975909359154 0.7268489086352613 0.08819371705852129 -0.63574477410978747 0.31962753197898164 -0.66270804438275954 -0.096628575039966427
leaf_weight=132 94 101 2273 102 15353 326 82 169 87 2131 85 158 104 483
leaf_count=132 94 101 2273 102 15353 326 82 169 87 2131 85 158 104 483
internal_value=0.000109302 -0.0395328 -0.0244028 0.150023 0.0055391 0.046812 0.271527 0.0548506 0.329288 0.0169109 -0.126189 -0.0477898 -0.184916 0.053924
internal_weight=21680 2608 2507 234 19072 3719 432 350 181 3287 673 588 430 2614
internal_count=21680 2608 2507 234 19072 3719 432 350 181 3287 673 588 430 2614
is_linear=0
shrinkage=0.05


Tree=130
num_leaves=15
num_cat=0
split_feature=13 13 5 11 11 13 7 10 7 12 11 4 12 6
split_gain=1874.37 5609.02 5780.04 5638.4 17047.5 14890.4 7809.86 12287.9 6250.61 5897.81 11207.3 10011.2 9359.26 5523.32
threshold=27.500000000000004 96.500000000000014 128.50000000000003 22.500000000000004 23.500000000000004 146.50000000000003 22.500000000000004 101.50000000000001 25.500000000000004 84.500000000000014 80.500000000000014 1.5000000000000002 89.500000000000014 25.500000000000004
decision_type=2 2 2 2 2 2 2 2 2 2 2 2 2 2
left_child=-1 2 -2 8 5 -5 7 -6 -3 11 -11 -8 -12 -10
right_child=1 3 -4 4 6 -7 9 -9 13 10 12 -13 -14 -15
leaf_value=0.021725971703353341 -0.053011907458811403 -0.034733608951145988 -0.30437357351618749 0.048805358653486362 -0.071618635659528071 0.77257141176125277 0.6247295885356432 -0.69143603376376084 -0.10458698115121066 -0.42111830785373849 -0.4709753241066878 0.083043231919794097 0.020494306837983478 -0.53274304403329464
leaf_weight=6852 2115 1667 252 148 624 133 92 87 193 145 93 728 8429 122
leaf_count=6852 2115 1667 252 148 624 133 92 87 193 145 93 728 8429 122
internal_value=0.000107978 -0.00988563 -0.080358 0.00352766 0.0181626 0.398888 0.00748161 -0.15176 -0.0736996 0.0194896 0.00732538 0.147236 0.0148579 -0.276146
internal_weight=21680 14828 2367 12461 10479 281 10198 711 1982 9487 8667 820 8522 315
internal_count=21680 14828 2367 12461 10479 281 10198 711 1982 9487 8667 820 8522 315
is_linear=0
shrinkage=0.05


Tree=131
num_leaves=15
num_cat=0
split_feature=1 7 12 9 12 9 7 3 13 7 1 3 8 8
split_gain=1877.2 2388.41 4127.86 2186.01 9579.81 9983.45 8746.18 13737.5 12799.5 5771.4 6793.76 6606.63 18389 5942.92
threshold=21.500000000000004 127.50000000000001 141.50000000000003 110.50000000000001 89.500000000000014 114.50000000000001 126.50000000000001 5.5000000000000009 67.500000000000014 162.50000000000003 17.500000000000004 4.5000000000000009 151.50000000000003 155.50000000000003
decision_type=2 2 2 2 2 2 2 2 2 2 2 2 2 2
left_child=3 2 -2 -1 5 -5 7 -6 -9 11 13 -8 -13 -11
right_child=1 -3 -4 4 6 -7 9 8 -10 10 -12 12 -14 -15
leaf_value=-0.010915343005202296 -0.046051542155427908 0.083254679502551943 -0.32102776415474521 0.06973705290846767 0.066511569016110036 -0.64262912582366838 -0.036341867978324838 0.8968145173231159 0.14184546882552759 -0.09441787842984084 0.24308200981461481 0.19081738390233538 -0.67434089756570759 0.061809264315854553
leaf_weight=10650 1367 284 147 88 3048 104 2374 94 135 889 354 104 139 1903
leaf_count=10650 1367 284 147 88 3048 104 2374 94 135 889 354 104 139 1903
internal_value=8.97449e-05 -0.0487622 -0.0737189 0.00451875 0.0223197 -0.322645 0.0298207 0.0949734 0.464286 -0.00727711 0.0383335 -0.062076 -0.307685 0.0119852
internal_weight=21680 1798 1514 19882 9232 192 9040 3277 229 5763 3146 2617 243 2792
internal_count=21680 1798 1514 19882 9232 192 9040 3277 229 5763 3146 2617 243 2792
is_linear=0
shrinkage=0.05


Tree=132
num_leaves=15
num_cat=0
split_feature=12 0 13 12 3 6 10 14 7 1 5 3 12 5
split_gain=1771.93 2893.08 2638.03 2110.72 4254.23 2506.41 2099.39 2679.35 10128.6 28550.9 18132.5 43731 5266.23 10700
threshold=179.50000000000003 4.5000000000000009 150.50000000000003 176.50000000000003 2.5000000000000004 191.50000000000003 190.50000000000003 141.50000000000003 24.500000000000004 9.5000000000000018 103.50000000000001 3.5000000000000004 158.50000000000003 159.50000000000003
decision_type=2 2 2 2 2 2 2 2 2 2 2 2 2 2
left_child=3 -2 -3 5 -5 6 7 12 9 -9 11 -10 -1 -14
right_child=1 2 -4 4 -6 -7 -8 8 10 -11 -12 -13 13 -15
leaf_value=-0.00096313521980307423 0.21727555472233734 -0.1501336875371635 0.1915608000962741 0.081520884197645929 -0.39019626581137729 0.18069852625448554 0.1539642867208087 0.9727772139413382 0.06525623831437545 -0.039988678800998191 -0.030673089084078127 -1.1813643783836043 0.26461391948478569 -0.088654755015321621
leaf_weight=14979 236 153 83 88 96 184 208 88 173 275 4118 113 533 353
leaf_count=14979 236 153 83 88 96 184 208 88 173 275 4118 113 533 353
internal_value=8.44296e-05 0.0953871 -0.0284804 -0.00205859 -0.168404 -0.000563051 -0.0022064 -0.00381775 -0.0366679 0.215412 -0.0576663 -0.439125 0.00606126 0.124157
internal_weight=21680 472 236 21208 184 21024 20840 20632 4767 363 4404 286 15865 886
internal_count=21680 472 236 21208 184 21024 20840 20632 4767 363 4404 286 15865 886
is_linear=0
shrinkage=0.05


Tree=133
num_leaves=15
num_cat=0
split_feature=2 2 14 13 14 4 8 5 4 5 1 12 12 7
split_gain=1762.57 3051.05 2727.01 6906.26 4522.71 5920.4 17081.1 4095.44 5085.1 10510.6 7444.29 4080.23 3791.41 3948.63
threshold=1.0000000180025095e-35 2.5000000000000004 156.50000000000003 148.50000000000003 22.500000000000004 1.5000000000000002 118.50000000000001 162.50000000000003 2.5000000000000004 103.50000000000001 8.5000000000000018 82.500000000000014 84.500000000000014 22.500000000000004
decision_type=2 2 2 2 2 2 2 2 2 2 2 2 2 2
left_child=-1 2 3 -2 12 6 -6 8 9 -4 -10 -7 13 -5
right_child=1 -3 7 4 5 11 -8 -9 10 -11 -12 -13 -14 -15
leaf_value=0.024762744220040208 -0.029471153096445931 0.022468278535055897 -0.7198006581515074 -0.078186073714133469 0.92390967507878052 -0.15853108679235894 0.0029497965092747666 0.0090707810113604334 0.28821901900209784 -0.13270296048001654 -0.14223514863007791 0.16019355809029398 -0.21595791581729873 0.29587818788845216
leaf_weight=5420 7904 5420 98 160 84 126 116 733 122 306 477 432 163 119
leaf_count=5420 7904 5420 98 160 84 126 116 733 122 306 477 432 163 119
internal_value=8.30405e-05 -0.00814861 -0.0234604 -0.0124885 0.0990284 0.172768 0.402853 -0.080798 -0.146194 -0.282176 -0.0529032 0.0874547 -0.027948 0.0837612
internal_weight=21680 16260 10840 9104 1200 758 200 1736 1003 404 599 558 442 279
internal_count=21680 16260 10840 9104 1200 758 200 1736 1003 404 599 558 442 279
is_linear=0
shrinkage=0.05


Tree=134
num_leaves=15
num_cat=0
split_feature=1 1 13 13 13 14 8 7 7 3 10 12 6 14
split_gain=1728.69 2181.73 3134.29 2149.63 5569.53 5169.55 7183.41 4705.67 7605.88 4342.45 5071.19 7761.52 4523.97 3934.6
threshold=21.500000000000004 22.500000000000004 116.50000000000001 27.500000000000004 70.500000000000014 182.50000000000003 107.50000000000001 72.500000000000014 107.50000000000001 5.5000000000000009 167.50000000000003 105.50000000000001 99.500000000000014 149.50000000000003
decision_type=2 2 2 2 2 2 2 2 2 2 2 2 2 2
left_child=3 2 -2 -1 7 9 -7 -5 -9 13 11 12 -11 -6
right_child=1 -3 -4 4 5 6 -8 8 -10 10 -12 -13 -14 -15
leaf_value=0.028572207506986132 -0.14505260152650262 0.0084332601356210644 0.09542222405689027 0.035759981137309826 0.03254876997016818 -0.59555986453505128 -0.043080658515231997 -0.47495398073038331 -0.066195968873145286 -0.071911186919706979 -0.4561846837488025 0.27263931633281679 -0.42697281563045958 -0.033403699788119683
leaf_weight=6260 739 897 162 243 8380 80 194 189 280 838 81 149 96 3092
leaf_count=6260 739 897 162 243 8380 80 194 189 280 838 81 149 96 3092
internal_value=8.1777e-05 -0.046798 -0.101527 0.00433198 -0.00681403 0.000718833 -0.212171 -0.142453 -0.234192 0.00541724 -0.0863908 -0.0567637 -0.110485 0.0147661
internal_weight=21680 1798 901 19882 13622 12910 274 712 469 12636 1164 1083 934 11472
internal_count=21680 1798 901 19882 13622 12910 274 712 469 12636 1164 1083 934 11472
is_linear=0
shrinkage=0.05


Tree=135
num_leaves=15
num_cat=0
split_feature=1 1 2 14 8 9 7 14 9 14 12 7 3 4
split_gain=1703.45 5053.06 5363.69 5314.79 4979.93 5464.9 11432.4 6764.61 4316.46 4765.56 5019.41 13224.7 8154.9 7650.24
threshold=11.500000000000002 12.500000000000002 1.5000000000000002 93.500000000000014 158.50000000000003 174.50000000000003 156.50000000000003 149.50000000000003 178.50000000000003 156.50000000000003 159.50000000000003 143.50000000000003 2.5000000000000004 1.5000000000000002
decision_type=2 2 2 2 2 2 2 2 2 2 2 2 2 2
left_child=-1 2 -2 -4 8 7 -7 -6 9 10 13 -12 -13 -3
right_child=1 4 3 -5 5 6 -8 -9 -10 -11 11 12 -14 -15
leaf_value=0.014066053983761463 -0.0046181404509192383 0.088273981740244506 -0.13470622641596922 -0.5118372818054977 0.24359903873807953 -0.5709558404901105 0.044022088954553888 0.012789367338040878 0.1831942003161422 -0.11845176244182537 0.24645545027913018 0.086770339497736285 -0.45821996370413853 -0.054482187616633149
leaf_weight=10842 452 1165 322 130 627 87 420 639 248 1194 545 138 129 4742
leaf_count=10842 452 1165 322 130 627 87 420 639 248 1194 545 138 129 4742
internal_value=5.64763e-05 -0.0139583 -0.126796 -0.247586 -0.00363139 0.0722004 -0.0660519 0.127609 -0.0201402 -0.0266245 -0.0102304 0.105945 -0.180122 -0.0262765
internal_weight=21680 10838 904 452 9934 1773 507 1266 8161 7913 6719 812 267 5907
internal_count=21680 10838 904 452 9934 1773 507 1266 8161 7913 6719 812 267 5907
is_linear=0
shrinkage=0.05


Tree=136
num_leaves=15
num_cat=0
split_feature=13 12 13 0 12 5 6 10 0 13 5 14 3 5
split_gain=1680.1 1990.71 3077.48 2974.78 1939.4 4264.8 2263.63 1975.69 3220.64 4816.44 3756.5 2782.81 8169.69 9872.3
threshold=195.50000000000003 179.50000000000003 157.50000000000003 4.5000000000000009 176.50000000000003 167.50000000000003 191.50000000000003 177.50000000000003 2.5000000000000004 164.50000000000003 161.50000000000003 141.50000000000003 1.5000000000000002 102.50000000000001
decision_type=2 2 2 2 2 2 2 2 2 2 2 2 2 2
left_child=1 4 3 -3 6 -6 7 11 10 -10 -9 -1 13 -13
right_child=-2 2 -4 -5 5 -7 -8 8 9 -11 -12 12 -14 -15
leaf_value=0.0033282037661301993 0.22190077620394089 0.18219246482400875 0.25490874451546314 -0.14143077273149088 -0.40413830689084468 0.067950665692586718 0.17059582610116908 -0.34662157916620878 0.20461652456002871 -0.10375867660785483 0.068064397276489885 0.56185454857246631 -0.098036675042289398 0.015014904590760485
leaf_weight=15606 80 118 187 163 88 96 184 84 487 167 138 82 2585 1615
leaf_count=15606 80 118 187 163 88 96 184 84 487 167 138 82 2585 1615
internal_value=4.28836e-05 -0.000829976 0.100617 -0.00472272 -0.00309994 -0.162549 -0.00166094 -0.00322809 0.070044 0.125683 -0.0930225 -0.00647227 -0.0421529 0.0430115
internal_weight=21680 21600 468 281 21132 184 20948 20764 876 654 222 19888 4282 1697
internal_count=21680 21600 468 281 21132 184 20948 20764 876 654 222 19888 4282 1697
is_linear=0
shrinkage=0.05


Tree=137
num_leaves=15
num_cat=0
split_feature=0 5 14 13 8 10 5 1 8 1 1 2 14 8
split_gain=1611.66 4293.29 5256.27 2659.45 2906.85 2677.73 3379.59 4992.4 2470.71 2245.29 4396 5347.74 4807.46 4515.05
threshold=1.5000000000000002 173.50000000000003 149.50000000000003 149.50000000000003 27.500000000000004 168.50000000000003 126.50000000000001 17.500000000000004 108.50000000000001 11.500000000000002 12.500000000000002 1.5000000000000002 93.500000000000014 158.50000000000003
decision_type=2 2 2 2 2 2 2 2 2 2 2 2 2 2
left_child=1 2 3 5 -5 6 8 -8 -1 -2 11 -11 -13 -12
right_child=9 -3 -4 4 -6 -7 7 -9 -10 10 13 12 -14 -15
leaf_value=-0.022227743369353917 0.022398038835446967 0.17642984840610665 -0.22472433033569056 -0.049357468104984578 0.32291264994577928 -0.28268459662111528 -0.048427934833164293 0.4376435063131478 -0.18105727756173901 0.025651013141303042 -0.018795730715442358 -0.12872489491414951 -0.48742595953797851 0.07415443255297309
leaf_weight=1304 9486 214 379 98 105 104 122 87 297 339 7097 322 130 1596
leaf_count=1304 9486 214 379 98 105 104 122 87 297 339 7097 322 130 1596
internal_value=4.83073e-05 -0.0359833 -0.0545113 -0.0235809 0.14633 -0.041936 -0.0273623 0.159406 -0.052164 0.0052038 -0.0119968 -0.124462 -0.236095 -0.00169764
internal_weight=21680 2710 2496 2117 203 1914 1810 209 1601 18970 9484 791 452 8693
internal_count=21680 2710 2496 2117 203 1914 1810 209 1601 18970 9484 791 452 8693
is_linear=0
shrinkage=0.05


Tree=138
num_leaves=15
num_cat=0
split_feature=5 9 8 7 11 10 6 9 13 1 5 6 8 7
split_gain=1548.37 7256.79 6957.52 6555.07 7020.88 10069.8 6382.32 5131.73 4989.63 4949.66 5938.31 4917.14 4860.15 4639.01
threshold=125.50000000000001 83.500000000000014 147.50000000000003 124.50000000000001 162.50000000000003 145.50000000000003 138.50000000000003 161.50000000000003 141.50000000000003 17.500000000000004 167.50000000000003 135.50000000000003 123.50000000000001 162.50000000000003
decision_type=2 2 2 2 2 2 2 2 2 2 2 2 2 2
left_child=2 -2 12 4 5 6 11 -4 -7 10 -5 -3 -1 -11
right_child=1 3 7 9 -6 8 -8 -9 -10 13 -12 -13 -14 -15
leaf_value=-0.012026293622022285 -0.44034905099255206 0.10562560868177173 -0.071549521393458784 -0.085409041947167696 0.30108962000983414 -0.037898367474887784 0.31294030969028219 -0.599265792290954 -0.49268025802356186 0.03085695080796368 0.029968346704534878 -0.32911709435722414 0.12298216280831653 0.24240116447445145
leaf_weight=13584 80 272 104 2079 392 152 312 80 96 1014 2395 80 696 344
leaf_count=13584 80 272 104 2079 392 152 312 80 96 1014 2395 80 696 344
internal_value=4.14622e-05 0.0189517 -0.00939604 0.0244056 0.125521 0.0488273 0.150202 -0.310775 -0.220201 0.00170855 -0.0236813 0.00359479 -0.00540531 0.0851366
internal_weight=21680 7216 14464 7136 1304 912 664 184 248 5832 4474 352 14280 1358
internal_count=21680 7216 14464 7136 1304 912 664 184 248 5832 4474 352 14280 1358
is_linear=0
shrinkage=0.05


Tree=139
num_leaves=15
num_cat=0
split_feature=13 12 0 13 13 13 7 9 14 8 0 14 11 9
split_gain=1500.93 1807.76 2645.44 1906.52 1760.98 4860.5 4472.26 6692.28 4011.34 6573.33 3876.55 3530.14 9960.27 4173.3
threshold=195.50000000000003 179.50000000000003 4.5000000000000009 150.50000000000003 27.500000000000004 70.500000000000014 72.500000000000014 111.50000000000001 182.50000000000003 112.50000000000001 3.5000000000000004 178.50000000000003 24.500000000000004 163.50000000000003
decision_type=2 2 2 2 2 2 2 2 2 2 2 2 2 2
left_child=1 4 -3 -4 11 6 -6 10 -7 -10 -8 -1 -13 -14
right_child=-2 2 3 -5 5 8 7 -9 9 -11 -12 12 13 -15
leaf_value=0.0098249005492091722 0.20972394774941838 0.21389580871674083 -0.12562925687319115 0.16483839985237203 0.032719103319570418 -0.0023620225987473972 -0.17288578746719632 -0.036596468301054015 -0.54315793049613859 -0.018175200603943963 -0.59054119647854442 0.59753232188899108 -0.20472101108922114 0.20073601468251301
leaf_weight=6322 80 232 153 83 245 13502 103 230 86 174 132 94 119 125
leaf_count=6322 80 232 153 83 245 13502 103 230 86 174 132 94 119 125
internal_value=2.87547e-05 -0.00079625 0.0958767 -0.0221728 -0.00295939 -0.0127499 -0.139855 -0.230162 -0.00614401 -0.198795 -0.414899 0.0183088 0.174536 0.00285252
internal_weight=21680 21600 468 236 21132 14472 710 465 13762 260 235 6660 338 244
internal_count=21680 21600 468 236 21132 14472 710 465 13762 260 235 6660 338 244
is_linear=0
shrinkage=0.05


Tree=140
num_leaves=15
num_cat=0
split_feature=7 9 14 13 3 1 7 13 14 11 11 14 3 5
split_gain=1495.18 3236.73 2505.17 2347.5 7484.66 20163.2 21733.7 5212.12 6046.41 5143.89 15486.8 13606 13470.2 9966.26
threshold=21.500000000000004 20.500000000000004 169.50000000000003 27.500000000000004 5.5000000000000009 11.500000000000002 23.500000000000004 96.500000000000014 95.500000000000014 22.500000000000004 23.500000000000004 112.50000000000001 4.5000000000000009 22.500000000000004
decision_type=2 2 2 2 2 2 2 2 2 2 2 2 2 2
left_child=2 -2 -1 4 -3 6 -6 8 -5 11 12 -9 -11 -12
right_child=1 3 -4 7 5 -7 -8 9 -10 10 13 -13 -14 -15
leaf_value=-0.026306339506198012 -0.23379303911529112 0.0049640898952357342 -0.29932033939436936 -0.030078844193723045 0.98599812987879043 0.026185201049689751 0.10597020361408499 -0.025387554308404964 -0.22849748038139964 0.056543842128284477 -0.28983176628890622 -0.56223836214873046 0.75086020223264194 0.017670094263980807
leaf_weight=2526 136 4588 82 1674 126 850 154 856 494 149 266 132 128 9519
leaf_count=2526 136 4588 82 1674 126 850 154 856 494 149 266 132 128 9519
internal_value=2.42638e-05 0.00488276 -0.0354467 0.00665821 0.0334097 0.148373 0.512333 -0.0049225 -0.0757122 0.00899434 0.0196998 -0.0995824 0.385008 0.00916707
internal_weight=21680 19072 2608 18936 5718 1130 280 13218 2168 11050 10062 988 277 9785
internal_count=21680 19072 2608 18936 5718 1130 280 13218 2168 11050 10062 988 277 9785
is_linear=0
shrinkage=0.05


Tree=141
num_leaves=15
num_cat=0
split_feature=14 4 3 11 3 6 5 8 8 7 6 14 14 4
split_gain=1495.94 4871.47 23219.1 18760.4 15418.8 9165.64 8347.13 9831.27 7452.46 12742.1 8568.76 4285.69 9499.67 8972.41
threshold=22.500000000000004 3.5000000000000004 4.5000000000000009 60.500000000000007 2.5000000000000004 167.50000000000003 121.50000000000001 115.50000000000001 106.50000000000001 93.500000000000014 27.500000000000004 28.500000000000004 53.000000000000007 1.5000000000000002
decision_type=2 2 2 2 2 2 2 2 2 2 2 2 2 2
left_child=1 5 3 -3 -5 6 7 8 9 10 -1 13 -13 -2
right_child=11 2 -4 4 -6 -7 -8 -9 -10 -11 -12 12 -14 -15
leaf_value=-0.056747875169868338 0.26070823179336994 0.94883920096500018 -0.11100680604289824 -0.089690133007883116 0.47706114828853868 -0.42611661111653043 0.21662395314978369 -0.5430757107943589 0.40448818941911063 -0.55177498056478802 0.31398690902176457 -0.45951197250226961 0.00075888480651303987 0.019350211859135012
leaf_weight=2824 484 89 838 257 218 153 293 97 85 120 160 108 14138 1816
leaf_count=2824 484 89 838 257 218 153 293 97 85 120 160 108 14138 1816
internal_value=2.59646e-05 -0.0235392 0.055791 0.30242 0.172679 -0.053376 -0.0368693 -0.0597671 -0.0442391 -0.0571579 -0.0363773 0.00734283 -0.00289046 0.0705957
internal_weight=21680 5134 1402 564 475 3732 3579 3286 3189 3104 2984 16546 14246 2300
internal_count=21680 5134 1402 564 475 3732 3579 3286 3189 3104 2984 16546 14246 2300
is_linear=0
shrinkage=0.05


Tree=142
num_leaves=15
num_cat=0
split_feature=1 12 10 8 2 2 1 5 1 11 10 14 14 5
split_gain=1445.44 2113.26 3665.33 2582.24 1654.36 2686.31 3310.63 6481.66 6172.51 4607.41 4355.56 3416.69 3139.22 2660.71
threshold=21.500000000000004 141.50000000000003 142.50000000000003 131.50000000000003 2.5000000000000004 1.0000000180025095e-35 17.500000000000004 151.50000000000003 16.500000000000004 141.50000000000003 163.50000000000003 158.50000000000003 149.50000000000003 125.50000000000001
decision_type=2 2 2 2 2 2 2 2 2 2 2 2 2 2
left_child=4 3 -3 -2 5 -1 8 10 -7 -10 12 -9 13 -8
right_child=1 2 -4 -5 -6 6 7 11 9 -11 -12 -13 -14 -15
leaf_value=0.025589490316724296 -0.034882623617724762 -0.42482220596703951 -0.046168014607348734 0.24132754784077406 0.028879998178664209 -0.022381361873994782 -0.056992193873660196 0.27083141962080182 0.0066349447184910803 -0.32696320470111029 0.3122603981412555 -0.057131916325754276 -0.2903005531601674 0.11991419648996876
leaf_weight=4969 1416 88 209 85 4971 7682 868 367 158 294 90 99 108 276
leaf_count=4969 1416 88 209 85 4971 7682 868 367 158 294 90 99 108 276
internal_value=2.93227e-05 -0.0428381 -0.163538 -0.0184919 0.00391577 -0.00441364 -0.0194145 0.0417044 -0.0330171 -0.211555 -0.0142521 0.20129 -0.0388721 -0.0139759
internal_weight=21680 1798 297 1501 19882 14911 9942 1808 8134 452 1342 466 1252 1144
internal_count=21680 1798 297 1501 19882 14911 9942 1808 8134 452 1342 466 1252 1144
is_linear=0
shrinkage=0.05


Tree=143
num_leaves=15
num_cat=0
split_feature=1 1 2 7 14 8 7 5 7 1 14 11 7 9
split_gain=1415.21 4098.27 4401.79 4645.96 8211.09 4012.95 3790.27 5604.03 5489.82 10962.9 5694.39 5208.72 5103.3 19286.6
threshold=11.500000000000002 12.500000000000002 1.0000000180025095e-35 140.00000000000003 80.500000000000014 179.50000000000003 112.50000000000001 80.500000000000014 121.50000000000001 7.5000000000000009 167.50000000000003 113.50000000000001 110.50000000000001 106.50000000000001
decision_type=2 2 2 2 2 2 2 2 2 2 2 2 2 2
left_child=6 2 -2 -4 -5 -3 12 -8 9 11 -11 -9 -1 -14
right_child=1 5 3 4 -6 -7 7 8 -10 10 -12 -13 13 -15
leaf_value=0.0029296853644558414 0.075489435673921135 -0.0087231958139754769 0.0028351753144953635 -0.71586205836604622 -0.16593082109844781 0.18777472873598561 -0.32252069024309038 0.19751337157394611 0.020741109817491152 0.65703306764185632 0.14163544726999183 -0.051275234982606999 -0.83735111636677007 0.025192367581491789
leaf_weight=7458 226 9672 234 80 364 262 88 428 1896 141 90 406 82 253
leaf_count=7458 226 9672 234 80 364 262 88 428 1896 141 90 406 82 253
internal_value=2.4926e-05 -0.0127492 -0.114369 -0.177744 -0.271886 -0.00344889 0.0127943 0.0600084 0.0719016 0.162459 0.463484 0.0768166 -0.00570475 -0.195147
internal_weight=21680 10838 904 678 444 9934 10842 3049 2961 1065 231 834 7793 335
internal_count=21680 10838 904 678 444 9934 10842 3049 2961 1065 231 834 7793 335
is_linear=0
shrinkage=0.05


Tree=144
num_leaves=15
num_cat=0
split_feature=7 9 9 3 14 6 5 12 11 7 11 1 5 12
split_gain=1334.12 2842.75 2304.84 7675.73 5508.38 2298.96 8117.23 6635.1 6742.88 5241.98 6385.67 9662.04 19917.5 6192.16
threshold=21.500000000000004 20.500000000000004 20.500000000000004 5.5000000000000009 168.50000000000003 96.500000000000014 77.500000000000014 23.500000000000004 50.000000000000007 105.50000000000001 163.50000000000003 7.5000000000000009 105.50000000000001 88.500000000000014
decision_type=2 2 2 2 2 2 2 2 2 2 2 2 2 2
left_child=2 -2 3 -1 -4 -3 -7 -8 -9 10 11 -10 -13 -11
right_child=1 5 4 -5 -6 6 7 8 9 13 -12 12 -14 -15
leaf_value=0.41379947540890272 -0.21907507395702053 0.031563258066974569 -0.039165000057921395 -0.04560876872765926 -0.43912844723090533 -0.39431421210415163 -0.42244674545782868 0.40833689016428326 -0.025318264190625273 0.16838078879193241 0.20707252801016526 -0.92057907117588322 -0.13817047482292688 0.0035109228512827753
leaf_weight=114 136 6088 2027 382 85 128 88 96 1427 600 184 92 521 9712
leaf_count=114 136 6088 2027 382 85 128 88 96 1427 600 184 92 521 9712
internal_value=1.45661e-05 0.00460393 -0.0334915 0.063057 -0.0562611 0.00626782 -0.00572599 -0.00166227 0.00143508 -0.00184251 -0.0713741 -0.0969338 -0.262094 0.0131808
internal_weight=21680 19072 2608 496 2112 18936 12848 12720 12632 12536 2224 2040 613 10312
internal_count=21680 19072 2608 496 2112 18936 12848 12720 12632 12536 2224 2040 613 10312
is_linear=0
shrinkage=0.05


Tree=145
num_leaves=15
num_cat=0
split_feature=0 5 14 13 8 10 5 1 8 5 14 1 7 9
split_gain=1340.54 3763.14 4849.26 2312.16 2474.13 2399.19 2996.72 4121.77 2300.44 2200.25 3437.53 1937.83 3591.64 6602.93
threshold=1.5000000000000002 173.50000000000003 149.50000000000003 149.50000000000003 27.500000000000004 168.50000000000003 126.50000000000001 17.500000000000004 108.50000000000001 95.500000000000014 73.500000000000014 11.500000000000002 112.50000000000001 97.500000000000014
decision_type=2 2 2 2 2 2 2 2 2 2 2 2 2 2
left_child=1 2 3 5 -5 6 8 -8 9 10 -1 12 13 -2
right_child=11 -3 -4 4 -6 -7 7 -9 -10 -11 -12 -13 -14 -15
leaf_value=-0.010218146887106811 0.038686441398061877 0.16599817400007216 -0.21369861068730339 -0.042746017528788267 0.30080587390132929 -0.26549955691219468 -0.037078282663847988 0.40480190303338609 -0.17156255294488656 0.073574526110288072 -0.24660912238145671 -0.011280037036088026 0.070183267230528951 -0.063274763926470565
leaf_weight=679 4356 214 379 98 105 104 122 87 297 431 194 9484 2638 2492
leaf_count=679 4356 214 379 98 105 104 122 87 297 431 194 9484 2638 2492
internal_value=-2.43093e-06 -0.0328638 -0.0502115 -0.0205083 0.137913 -0.0376261 -0.0238375 0.152023 -0.0471967 -0.0183239 -0.0638547 0.00469948 0.0206731 0.00156347
internal_weight=21680 2710 2496 2117 203 1914 1810 209 1601 1304 873 18970 9486 6848
internal_count=21680 2710 2496 2117 203 1914 1810 209 1601 1304 873 18970 9486 6848
is_linear=0
shrinkage=0.05


Tree=146
num_leaves=15
num_cat=0
split_feature=14 4 3 11 3 6 5 10 5 12 13 5 6 12
split_gain=1352.33 4473.24 20762.4 16828.8 13842.3 8231.03 7390.33 8864.72 15683.4 5021.94 4088.95 5560.51 9250.22 4358.17
threshold=22.500000000000004 3.5000000000000004 4.5000000000000009 60.500000000000007 2.5000000000000004 167.50000000000003 121.50000000000001 107.50000000000001 92.500000000000014 103.50000000000001 171.50000000000003 102.50000000000001 27.500000000000004 21.500000000000004
decision_type=2 2 2 2 2 2 2 2 2 2 2 2 2 2
left_child=1 5 3 -3 -5 6 7 9 -9 10 11 12 -1 -12
right_child=-2 2 -4 4 -6 -7 -8 8 -10 -11 13 -13 -14 -15
leaf_value=-0.061923876833478421 0.0069543996528371732 0.89906669505376446 -0.10412062475074431 -0.084659387910639067 0.45234102155896316 -0.40422620991174185 0.20316898163983088 -0.73903055595500133 0.021652269027880488 0.32766058932831316 -0.062879866186310265 -0.44923878702631392 0.46228216889945939 0.44785907499273031
leaf_weight=2605 16546 89 838 257 218 153 293 121 146 89 80 83 82 80
leaf_count=2605 16546 89 838 257 218 153 293 121 146 89 80 83 82 80
internal_value=-2.40062e-06 -0.0224079 0.0536104 0.286825 0.16394 -0.0509992 -0.0353562 -0.0569009 -0.330325 -0.0322131 -0.043684 -0.0579949 -0.0450976 0.198323
internal_weight=21680 5134 1402 564 475 3732 3579 3286 267 3019 2930 2770 2687 160
internal_count=21680 5134 1402 564 475 3732 3579 3286 267 3019 2930 2770 2687 160
is_linear=0
shrinkage=0.05


Tree=147
num_leaves=15
num_cat=0
split_feature=13 13 7 7 14 8 14 11 10 12 14 12 10 4
split_gain=1283.8 4737.71 4278.39 5453.34 4121.05 5538.31 3444.75 8736.69 3989.08 3552.49 13268.7 7788.83 5548.8 4407.5
threshold=28.500000000000004 70.500000000000014 72.500000000000014 107.50000000000001 182.50000000000003 107.50000000000001 178.50000000000003 24.500000000000004 163.50000000000003 90.500000000000014 27.500000000000004 141.50000000000003 93.500000000000014 2.5000000000000004
decision_type=2 2 2 2 2 2 2 2 2 2 2 2 2 2
left_child=6 2 -2 -4 -3 -6 9 -8 -9 12 11 -11 -1 -12
right_child=1 4 3 -5 5 -7 7 8 -10 10 13 -13 -14 -15
leaf_value=-0.0063611391533811559 0.046500201981057816 0.0015959364284177534 -0.42964835367848153 -0.07389803091100193 -0.52916337607538 -0.043855047614159225 0.56828963078106898 -0.19454327301402405 0.18905103228591533 0.17929837421105621 0.08178098760763855 0.68277130233585293 -0.24898583576480743 -0.051647766194625827
leaf_weight=3441 207 13840 186 253 80 194 94 118 146 280 1124 104 248 1365
leaf_count=3441 207 13840 186 253 80 194 94 118 146 280 1124 104 248 1365
internal_value=8.26712e-06 -0.00832244 -0.1402 -0.227767 -0.00223885 -0.192495 0.0177704 0.16771 0.0171669 0.00946878 0.0511103 0.322679 -0.022987 0.00865008
internal_weight=21680 14760 646 439 14114 274 6920 358 264 6562 2873 384 3689 2489
internal_count=21680 14760 646 439 14114 274 6920 358 264 6562 2873 384 3689 2489
is_linear=0
shrinkage=0.05


Tree=148
num_leaves=15
num_cat=0
split_feature=14 4 3 11 3 6 1 5 7 10 14 14 4 3
split_gain=1275.44 4114.44 18804.1 15285 12360.5 7778.62 6505.1 7135.64 5261.66 4049.48 3795.95 8248.7 8116.09 29870.9
threshold=22.500000000000004 3.5000000000000004 4.5000000000000009 60.500000000000007 2.5000000000000004 167.50000000000003 1.5000000000000002 121.50000000000001 26.500000000000004 114.50000000000001 28.500000000000004 53.000000000000007 1.5000000000000002 4.5000000000000009
decision_type=2 2 2 2 2 2 2 2 2 2 2 2 2 2
left_child=1 5 3 -3 9 6 8 -8 -1 -5 12 -12 13 -2
right_child=10 2 -4 4 -6 -7 7 -9 -10 -11 11 -13 -14 -15
leaf_value=-0.09586062715388835 -0.033808086176092426 0.8565813158975637 -0.098951784189246939 0.056959267569710995 0.42851465155241075 -0.39255118904800357 -0.038115291305854782 0.21982352069535904 -0.5708512017503381 -0.36038246652068096 -0.42836032807826996 0.00053578367493620639 0.017558933684742161 0.78976512740472127
leaf_weight=155 322 89 838 176 218 153 3044 289 91 81 108 14138 1816 162
leaf_count=155 322 89 838 176 218 153 3044 289 91 81 108 14138 1816 162
internal_value=9.82718e-06 -0.0217494 0.0511569 0.2731 0.155991 -0.0491699 -0.0339634 -0.015454 -0.27944 -0.0789438 0.00676595 -0.00286486 0.0662952 0.247107
internal_weight=21680 5134 1402 564 475 3732 3579 3333 246 257 16546 14246 2300 484
internal_count=21680 5134 1402 564 475 3732 3579 3333 246 257 16546 14246 2300 484
is_linear=0
shrinkage=0.05


Tree=149
num_leaves=15
num_cat=0
split_feature=12 8 12 3 6 14 7 1 5 3 1 8 1 5
split_gain=1247.67 2492.66 1859.44 4125.53 1842.84 1899.92 10107.2 24077 14799.2 34442.3 7045.56 6428.99 4892.24 8339.84
threshold=179.50000000000003 141.50000000000003 176.50000000000003 2.5000000000000004 191.50000000000003 135.50000000000003 24.500000000000004 9.5000000000000018 104.50000000000001 3.5000000000000004 17.500000000000004 21.500000000000004 18.500000000000004 147.50000000000003
decision_type=2 2 2 2 2 2 2 2 2 2 2 2 2 2
left_child=2 -2 4 -4 5 -1 7 -7 9 -8 11 -9 -10 -14
right_child=1 -3 3 -5 -6 6 8 10 12 -11 -12 -13 13 -15
leaf_value=0.0069905412997071752 0.19897206489598648 -0.029296912872434962 0.087851739156069933 -0.37639736957331693 0.15504452282631842 0.89058036334586876 0.031677090885563634 0.10201116049329045 -0.0058279415856892572 -1.0050513356952713 0.37081309701209014 -0.43617331574636475 -0.49623327737962697 -0.03874210602010203
leaf_weight=15573 224 248 88 96 184 94 208 111 4070 125 82 103 137 337
leaf_count=15573 224 248 88 96 184 94 208 111 4070 125 82 103 137 337
internal_value=1.33807e-05 0.0799842 -0.00178486 -0.157915 -0.000381207 -0.00179035 -0.0277349 0.215582 -0.0473931 -0.366596 -0.0100089 -0.161066 -0.0236236 -0.17477
internal_weight=21680 472 21208 184 21024 20840 5267 390 4877 333 296 214 4544 474
internal_count=21680 472 21208 184 21024 20840 5267 390 4877 333 296 214 4544 474
is_linear=0
shrinkage=0.05


Tree=150
num_leaves=15
num_cat=0
split_feature=2 1 1 7 1 12 8 4 14 9 6 0 3 3
split_gain=1240.71 2634.48 7002.64 14036.7 26428.4 9396.76 10102.7 15481.3 15284.1 10563.9 7124.61 5856.44 4554.11 8387.02
threshold=1.0000000180025095e-35 8.5000000000000018 6.5000000000000009 25.500000000000004 7.5000000000000009 110.50000000000001 106.50000000000001 3.5000000000000004 138.50000000000003 112.50000000000001 106.50000000000001 4.5000000000000009 4.5000000000000009 5.5000000000000009
decision_type=2 2 2 2 2 2 2 2 2 2 2 2 2 2
left_child=-1 2 12 4 -4 6 7 8 11 10 -8 -5 -2 -14
right_child=1 -3 3 5 -6 -7 9 -9 -10 -11 -12 -13 13 -15
leaf_value=0.020712780951847396 -0.040411171499339753 -0.02248841987999381 0.036695558224157029 0.062387809087140637 0.96522258210461587 0.31459734011523527 0.018536192841366327 0.20881193107654972 -0.9727879637029283 -0.24976900787462064 0.55506879609486426 -0.43664556613256195 0.19240556304474421 -0.056614243935781954
leaf_weight=5420 3399 10161 192 117 123 222 108 150 81 111 141 111 672 672
leaf_count=5420 3399 10161 192 117 123 222 108 150 81 111 141 111 672 672
internal_value=6.4426e-06 -0.00689992 0.0190678 0.119044 0.40868 0.0298676 -0.0487525 -0.203305 -0.403501 0.148387 0.327302 -0.184719 -0.00961013 0.0681473
internal_weight=21680 16260 6099 1356 315 1041 819 459 309 360 249 228 4743 1344
internal_count=21680 16260 6099 1356 315 1041 819 459 309 360 249 228 4743 1344
is_linear=0
shrinkage=0.05


Tree=151
num_leaves=15
num_cat=0
split_feature=7 9 14 6 5 12 11 4 3 14 7 1 1 11
split_gain=1270.05 2413.21 2409.7 2225.25 7071.44 6346.71 6042.91 4576.76 23779.8 24662.9 22809.8 8636.83 10980.4 40969.9
threshold=21.500000000000004 20.500000000000004 169.50000000000003 96.500000000000014 77.500000000000014 23.500000000000004 50.000000000000007 1.5000000000000002 3.5000000000000004 82.500000000000014 22.500000000000004 9.5000000000000018 7.5000000000000009 23.500000000000004
decision_type=2 2 2 2 2 2 2 2 2 2 2 2 2 2
left_child=2 -2 -1 7 -5 -6 -7 8 -3 10 -10 12 -9 -14
right_child=1 3 -4 4 5 6 -8 11 9 -11 -12 -13 13 -15
leaf_value=-0.023718580173566595 -0.20159759549754308 -0.078018891285299458 -0.29146446936774528 -0.36846959152419989 -0.41352124376002175 0.38624978884685746 -0.0020563310718919245 0.027146287067094699 0.2303355481889513 -0.018342940381595067 1.1710648230457708 -0.053365732577720065 0.94693980097020958 -0.047408629461436036
leaf_weight=2526 136 624 82 128 88 96 12536 1986 130 205 129 2564 154 296
leaf_count=2526 136 624 82 128 88 96 12536 1986 130 205 129 2564 154 296
internal_value=1.29887e-05 0.00449079 -0.0326786 0.00602376 -0.00577617 -0.00198308 0.00104635 0.0309104 0.123598 0.392678 0.712189 0.0106384 0.0779769 0.299546
internal_weight=21680 19072 2608 18936 12848 12720 12632 6088 1088 464 259 5000 2436 450
internal_count=21680 19072 2608 18936 12848 12720 12632 6088 1088 464 259 5000 2436 450
is_linear=0
shrinkage=0.05


Tree=152
num_leaves=15
num_cat=0
split_feature=2 2 7 6 3 13 6 1 1 9 14 4 1 5
split_gain=1255.09 2307.49 2656.35 5123.1 4563.25 8029.89 4501.09 4015.99 3758.03 3363.38 5295.03 9160.71 4802.62 3572.72
threshold=2.5000000000000004 1.0000000180025095e-35 144.50000000000003 138.50000000000003 4.5000000000000009 101.50000000000001 165.50000000000003 17.500000000000004 17.500000000000004 174.50000000000003 157.50000000000003 2.5000000000000004 8.5000000000000018 103.50000000000001
decision_type=2 2 2 2 2 2 2 2 2 2 2 2 2 2
left_child=1 -1 3 9 6 -6 7 -4 -8 10 -3 13 -13 -12
right_child=-2 2 4 -5 5 -7 8 -9 -10 -11 11 12 -14 -15
leaf_value=0.019706569546945222 0.020852869707633944 -0.0097991299750992342 -0.18332680389276784 0.13397573394747067 -0.024799692314030286 -0.50223238910366963 0.0014831897108765705 0.026561202184786022 0.33814976329214119 0.27533784511393494 -0.65010747568368332 0.27190621582404623 -0.14623409223671144 -0.21547370956934714
leaf_weight=5420 5420 6978 696 600 207 149 1208 336 84 92 96 101 190 103
leaf_count=5420 5420 6978 696 600 207 149 1208 336 84 92 96 101 190 103
internal_value=2.69087e-05 -0.00691935 -0.0202353 -0.00603672 -0.0633749 -0.228813 -0.0375957 -0.115193 0.0245909 -0.01723 -0.021016 -0.179042 0.00103517 -0.435941
internal_weight=21680 16260 10840 8160 2680 356 2324 1032 1292 7560 7468 490 291 199
internal_count=21680 16260 10840 8160 2680 356 2324 1032 1292 7560 7468 490 291 199
is_linear=0
shrinkage=0.05


Tree=153
num_leaves=15
num_cat=0
split_feature=14 4 3 11 3 6 5 10 5 0 12 10 13 9
split_gain=1224.67 3862.84 16809.6 13629.7 11130.8 6908.14 5947.27 5391.15 19240.6 6121.17 5227.43 3639.87 3589.1 3988.1
threshold=22.500000000000004 3.5000000000000004 4.5000000000000009 60.500000000000007 2.5000000000000004 167.50000000000003 152.50000000000003 109.50000000000001 92.500000000000014 4.5000000000000009 106.50000000000001 114.50000000000001 171.50000000000003 21.500000000000004
decision_type=2 2 2 2 2 2 2 2 2 2 2 2 2 2
left_child=1 5 3 -3 11 6 7 10 -9 -10 12 -5 -1 -14
right_child=-2 2 -4 4 -6 -7 -8 8 9 -11 -12 -13 13 -15
leaf_value=-0.052264047118415924 0.006638410944641915 0.81017775835390116 -0.092590017568829341 0.054460624132037817 0.40718658627282345 -0.37147500144341328 0.25432139149273353 -0.78149110766974372 0.24663829378811505 -0.24835262571135142 0.31683669560284261 -0.34120370111493181 -0.058978540904220493 0.42663648135521837
leaf_weight=2803 16546 89 838 176 218 153 166 105 129 112 102 81 82 80
leaf_count=2803 16546 89 838 176 218 153 166 105 129 112 102 81 82 80
internal_value=1.81387e-05 -0.0213036 0.0493389 0.25918 0.148576 -0.0478723 -0.0335395 -0.047892 -0.233538 0.0162288 -0.0266025 -0.0743746 -0.0389308 0.186425
internal_weight=21680 5134 1402 564 475 3732 3579 3413 346 241 3067 257 2965 162
internal_count=21680 5134 1402 564 475 3732 3579 3413 346 241 3067 257 2965 162
is_linear=0
shrinkage=0.05


Tree=154
num_leaves=15
num_cat=0
split_feature=13 13 7 9 4 14 8 4 3 1 4 14 1 1
split_gain=1225.54 4272.3 3802.13 5162.33 3852.45 3563.92 4762.16 3259.24 8499.43 25497.2 20098.8 8232.66 13034.2 12543.1
threshold=28.500000000000004 70.500000000000014 72.500000000000014 111.50000000000001 3.5000000000000004 182.50000000000003 112.50000000000001 3.5000000000000004 5.5000000000000009 11.500000000000002 2.5000000000000004 57.500000000000007 1.5000000000000002 2.5000000000000004
decision_type=2 2 2 2 2 2 2 2 2 2 2 2 2 2
left_child=7 2 -2 4 -4 -3 -7 8 -1 10 -10 13 -13 -9
right_child=1 5 3 -5 -6 6 -8 11 9 -11 -12 12 -14 -15
leaf_value=0.0030957948075164931 0.042677167558796567 0.0012277633694835336 -0.59339632966664735 -0.036632237624600189 -0.1749316110571344 -0.46680902079532027 -0.029992938731309204 0.62359561890074422 0.18001442675936152 0.01841570195219509 1.0140272802771315 -0.62273205127405085 -0.062591910388758706 0.010196518064144559
leaf_weight=3954 207 13840 106 212 121 90 184 94 164 852 128 110 1090 528
leaf_count=3954 207 13840 106 212 121 90 184 94 164 852 128 110 1090 528
internal_value=2.38786e-05 -0.00811562 -0.133349 -0.215895 -0.378915 -0.00233849 -0.179267 0.0173783 0.0378849 0.157589 0.556525 -0.0399462 -0.116309 0.10713
internal_weight=21680 14760 646 439 227 14114 274 6920 5098 1144 292 1822 1200 622
internal_count=21680 14760 646 439 227 14114 274 6920 5098 1144 292 1822 1200 622
is_linear=0
shrinkage=0.05


Tree=155
num_leaves=15
num_cat=0
split_feature=14 4 14 3 12 6 14 6 12 3 1 4 3 5
split_gain=1218.01 3425.49 9143.8 19630.4 6497.05 11801.8 11604 6990.83 3916.68 18779.9 3475.5 15355.8 12533.5 8914.67
threshold=22.500000000000004 1.5000000000000002 25.500000000000004 4.5000000000000009 22.500000000000004 23.500000000000004 95.500000000000014 21.500000000000004 163.50000000000003 4.5000000000000009 2.5000000000000004 2.5000000000000004 4.5000000000000009 60.500000000000007
decision_type=2 2 2 2 2 2 2 2 2 2 2 2 2 2
left_child=-1 2 3 -2 6 -6 -4 -8 -7 -10 11 13 -13 -3
right_child=1 10 4 -5 5 8 7 -9 9 -11 -12 12 -14 -15
leaf_value=-0.0212420508883636 -0.00064026931786777383 0.6203279362714037 0.20213462582201158 0.85136771232163155 0.52794447675828005 0.05923153640680652 -0.12060314754935655 -0.75030525657145875 0.050083586821318284 -0.75143362842500216 -0.013943348194872649 -0.13216639122770935 0.26304708851708558 0.15876108983327397
leaf_weight=5134 178 136 109 104 119 1925 89 87 386 85 11760 886 254 428
leaf_count=5134 178 136 109 104 119 1925 89 87 386 85 11760 886 254 428
internal_value=2.16028e-05 0.00662385 0.054129 0.322933 0.0265291 0.052276 -0.19766 -0.444004 0.0276012 -0.100938 -0.00426645 0.0623632 -0.0433459 0.274534
internal_weight=21680 16546 3082 282 2800 2515 285 176 2396 471 13464 1704 1140 564
internal_count=21680 16546 3082 282 2800 2515 285 176 2396 471 13464 1704 1140 564
is_linear=0
shrinkage=0.05


Tree=156
num_leaves=15
num_cat=0
split_feature=3 8 4 6 14 9 7 13 13 9 12 6 4 14
split_gain=1215.2 11988 5365.86 21549.5 23911.1 29294 18095.4 10105.8 15191.5 10759.2 9561.07 9350.79 8963.53 36878.2
threshold=3.5000000000000004 20.500000000000004 1.5000000000000002 167.50000000000003 27.500000000000004 24.500000000000004 162.50000000000003 103.50000000000001 167.50000000000003 114.50000000000001 22.500000000000004 179.50000000000003 2.5000000000000004 141.50000000000003
decision_type=2 2 2 2 2 2 2 2 2 2 2 2 2 2
left_child=1 -1 3 4 5 -2 -5 -7 9 -9 -6 -8 13 -4
right_child=2 -3 12 6 10 7 11 8 -10 -11 -12 -13 -14 -15
leaf_value=0.57899636768776441 1.0634533590637147 0.0060886583937046273 -0.060355154721829854 -0.92292555461911607 -0.33699705286283349 0.63622783976333119 0.10287455486859515 -0.58655222260776696 0.63900114681528908 0.095750089008156417 0.060492103622070775 -0.43207593159119889 0.0039912887820999872 -0.83630591377277264
leaf_weight=87 123 12201 2144 80 169 97 208 80 82 177 1154 128 4790 160
leaf_count=87 123 12201 2144 80 169 97 208 80 82 177 1154 128 4790 160
internal_value=3.13891e-05 0.0103787 -0.0135049 0.0528225 0.124882 0.397482 -0.27079 0.199678 0.0673334 -0.12378 0.0086392 -0.104263 -0.0350127 -0.115935
internal_weight=21680 12288 9392 2298 1882 559 416 436 339 257 1323 336 7094 2304
internal_count=21680 12288 9392 2298 1882 559 416 436 339 257 1323 336 7094 2304
is_linear=0
shrinkage=0.05


Tree=157
num_leaves=15
num_cat=0
split_feature=14 4 3 11 3 6 1 5 7 5 10 4 13 14
split_gain=1193.88 3443.46 14787.2 11796.9 9873.75 6002.56 5579.4 5483.56 4392.41 3422.05 3293.73 3264.49 6764.39 7349.32
threshold=22.500000000000004 3.5000000000000004 4.5000000000000009 60.500000000000007 2.5000000000000004 167.50000000000003 1.5000000000000002 121.50000000000001 26.500000000000004 111.50000000000001 114.50000000000001 3.5000000000000004 100.50000000000001 56.500000000000007
decision_type=2 2 2 2 2 2 2 2 2 2 2 2 2 2
left_child=1 5 3 -3 10 6 8 -8 -1 -6 -5 -2 13 -13
right_child=11 2 -4 4 9 -7 7 -9 -10 -11 -12 12 -14 -15
leaf_value=-0.092174649797379979 0.019825200303451571 0.75512295122793383 -0.087437683326371529 0.052144965072527777 0.6112248805506777 -0.34775872869959362 -0.035462570763040151 0.1906559927224302 -0.52639138909677674 0.20275905676411862 -0.32423073308065886 0.14650129551372745 0.029618255192247207 -0.13102105739668637
leaf_weight=155 12198 89 838 176 91 153 3044 289 91 127 81 270 2249 1829
leaf_count=155 12198 89 838 176 91 153 3044 289 91 127 81 270 2249 1829
internal_value=2.99544e-05 -0.021022 0.0456772 0.242492 0.139575 -0.0461065 -0.0327439 -0.0155999 -0.260086 0.383147 -0.0704031 0.00656647 -0.03061 -0.0950593
internal_weight=21680 5134 1402 564 475 3732 3579 3333 246 218 257 16546 4348 2099
internal_count=21680 5134 1402 564 475 3732 3579 3333 246 218 257 16546 4348 2099
is_linear=0
shrinkage=0.05


Tree=158
num_leaves=15
num_cat=0
split_feature=6 9 3 1 13 9 7 7 11 5 11 9 13 7
split_gain=1176.67 5386.23 8109.15 5115.68 3647.32 2954.48 2624.26 9896.76 9020.46 6284.12 9733.79 5158.93 4634.3 5215.4
threshold=176.50000000000003 171.50000000000003 4.5000000000000009 15.500000000000002 140.50000000000003 120.50000000000001 147.50000000000003 149.50000000000003 86.500000000000014 152.50000000000003 116.50000000000001 174.50000000000003 152.50000000000003 107.50000000000001
decision_type=2 2 2 2 2 2 2 2 2 2 2 2 2 2
left_child=6 3 4 5 -3 -2 9 -8 -9 11 -11 -1 -12 -14
right_child=1 2 -4 -5 -6 -7 7 8 -10 10 12 -13 13 -15
leaf_value=-0.0041746204728897313 -0.13496548042128809 -0.098872298742577011 -0.40512192897442589 0.46910457975656084 0.157778225063678 0.14186007493249875 -0.45188657446427549 -0.44198649597764023 -0.0095914347544224371 0.585232297802737 0.18865788955355589 0.25861818383696672 -0.41032643286620873 0.062696186011846372
leaf_weight=15720 117 271 128 98 273 465 136 120 3448 104 354 184 80 182
leaf_count=15720 117 271 128 98 273 465 136 120 3448 104 354 184 80 182
internal_value=3.37986e-05 0.0451132 -0.0551073 0.143834 0.0301887 0.085534 -0.00297475 -0.0410039 -0.024732 0.00550832 0.149469 -0.00105394 0.0717788 -0.0867175
internal_weight=21680 1352 672 680 544 582 20328 3704 3568 16624 720 15904 616 262
internal_count=21680 1352 672 680 544 582 20328 3704 3568 16624 720 15904 616 262
is_linear=0
shrinkage=0.05


Tree=159
num_leaves=15
num_cat=0
split_feature=13 13 14 13 9 5 7 12 7 13 0 3 6 6
split_gain=1212.97 3954.98 3565.67 12330.5 8804.74 7631.37 5495.17 14709.3 10275.6 25026.6 5225.75 7853.64 9573.21 7991.04
threshold=28.500000000000004 84.500000000000014 149.50000000000003 145.50000000000003 22.500000000000004 102.50000000000001 22.500000000000004 108.50000000000001 23.500000000000004 156.50000000000003 4.5000000000000009 3.5000000000000004 167.50000000000003 106.50000000000001
decision_type=2 2 2 2 2 2 2 2 2 2 2 2 2 2
left_child=-1 -2 6 -4 -5 -6 7 -3 9 -8 -10 -12 13 -13
right_child=1 2 3 4 5 -7 8 -9 10 -11 11 12 -14 -15
leaf_value=0.017296271717640664 -0.092168099366816914 -0.026901839339670133 -0.31686469094794961 -0.3646171326442304 0.45427619744372622 -0.0058643233687903605 -0.030613645536314911 -0.65682566556503486 0.066555272177014804 1.0279512863690881 0.0384112279976844 -0.17801088971665655 -0.50563908017955839 0.072143150657130825
leaf_weight=6920 1272 2092 364 162 88 2894 152 92 3736 83 2408 713 133 571
leaf_count=6920 1272 2092 364 162 88 2894 152 92 3736 83 2408 713 133 571
internal_value=3.10368e-05 -0.00806662 -0.000104127 -0.0434293 -0.0113192 0.0084523 0.0151389 -0.0548768 0.034776 0.356889 0.0245353 -0.0165403 -0.10973 -0.066918
internal_weight=21680 14760 13488 3508 3144 2982 9980 2184 7796 235 7561 3825 1417 1284
internal_count=21680 14760 13488 3508 3144 2982 9980 2184 7796 235 7561 3825 1417 1284
is_linear=0
shrinkage=0.05


Tree=160
num_leaves=15
num_cat=0
split_feature=1 12 10 8 13 2 14 14 1 3 4 5 11 6
split_gain=1174.45 2146.26 3215.82 2143.91 1457.84 1406.05 2047.04 3995.15 3071.25 2697.53 6402.77 2240.06 2219.91 2053.7
threshold=21.500000000000004 141.50000000000003 142.50000000000003 131.50000000000003 119.50000000000001 2.5000000000000004 141.50000000000003 129.50000000000003 16.500000000000004 3.5000000000000004 2.5000000000000004 142.50000000000003 156.50000000000003 27.500000000000004
decision_type=2 2 2 2 2 2 2 2 2 2 2 2 2 2
left_child=5 3 -3 4 -2 -1 7 13 9 -8 -11 -9 -10 -7
right_child=1 2 -4 -5 -6 6 8 11 12 10 -12 -13 -14 -15
leaf_value=-0.0041519590892174999 -0.046922588747032992 -0.40503541474701255 -0.050122859879074812 0.22262603470848666 0.11334954876307167 -0.010735103012898935 0.056020203846833996 0.090709800415494479 -0.30197517224965065 -0.33244338792590605 0.13680662595563464 0.45749602659364763 -0.034830201681443428 0.069154446099181671
leaf_weight=14911 1261 88 209 85 155 1392 920 84 143 154 130 84 167 1897
leaf_count=14911 1261 88 209 85 155 1392 920 84 143 154 130 84 167 1897
internal_value=2.37107e-05 -0.0386169 -0.160247 -0.0140981 -0.0290416 0.00352695 0.0265416 0.0477542 -0.0218921 0.0144161 -0.118995 0.282025 -0.160899 0.0353779
internal_weight=21680 1798 297 1501 1416 19882 4971 3457 1514 1204 284 168 310 3289
internal_count=21680 1798 297 1501 1416 19882 4971 3457 1514 1204 284 168 310 3289
is_linear=0
shrinkage=0.05


Tree=161
num_leaves=15
num_cat=0
split_feature=0 5 14 10 5 1 14 5 8 14 1 11 6 13
split_gain=1127.84 3328.22 4017.05 1988.86 3603.82 3102.62 2313.48 3288.81 3185.35 1835.19 1687.16 1590.06 1879.36 1472.01
threshold=1.5000000000000002 173.50000000000003 149.50000000000003 171.50000000000003 126.50000000000001 17.500000000000004 72.500000000000014 94.500000000000014 108.50000000000001 26.500000000000004 10.500000000000002 187.50000000000003 179.50000000000003 28.500000000000004
decision_type=2 2 2 2 2 2 2 2 2 2 2 2 2 2
left_child=1 2 3 4 6 -6 9 -8 -9 -1 -4 13 -13 -2
right_child=11 -3 10 -5 5 -7 7 8 -10 -11 -12 12 -14 -15
leaf_value=-0.0084927302990017214 0.0231134118441957 0.15689370935638203 -0.36890495619020214 -0.24057773441537142 0.018099588430660934 0.34371645891569497 -0.26586979120103427 0.049154223687376722 -0.18876796367059873 0.20741498339921238 -0.12843578850981174 0.22025492666910093 -0.039089559540789354 -0.0070375947158805019
leaf_weight=809 5923 214 99 92 182 118 210 383 216 107 280 175 112 12760
leaf_count=809 5923 214 99 92 182 118 210 383 216 107 280 175 112 12760
internal_value=2.20632e-05 -0.0301198 -0.0464355 -0.019399 -0.00878263 0.149711 -0.0366997 -0.0980441 -0.0374932 0.017717 -0.195235 0.00433485 0.120111 0.00252469
internal_weight=21680 2710 2496 2117 2025 300 1725 809 599 916 379 18970 287 18683
internal_count=21680 2710 2496 2117 2025 300 1725 809 599 916 379 18970 287 18683
is_linear=0
shrinkage=0.05


Tree=162
num_leaves=15
num_cat=0
split_feature=13 12 13 0 12 5 6 12 14 1 3 5 14 6
split_gain=1089.1 1348.61 2117.28 2240.08 1600.72 3651.82 1519.19 1457.63 4722.71 5915.33 3477.06 5390.76 7864.47 5389.73
threshold=195.50000000000003 179.50000000000003 157.50000000000003 5.5000000000000009 176.50000000000003 167.50000000000003 191.50000000000003 159.50000000000003 27.500000000000004 13.500000000000002 4.5000000000000009 159.50000000000003 149.50000000000003 147.50000000000003
decision_type=2 2 2 2 2 2 2 2 2 2 2 2 2 2
left_child=1 4 3 -3 6 -6 7 -1 9 -9 11 12 -10 -12
right_child=-2 2 -4 -5 5 -7 -8 8 10 -11 13 -13 -14 -15
leaf_value=-0.0068791135425620778 0.17864340778659371 0.12018627960072913 0.21079172729126491 -0.15885438404977323 -0.37098976070041301 0.065753940239002343 0.13987138506429142 -0.046020040602496502 0.27277019728093188 0.50441839909180997 0.085890464978509176 -0.066008085793170648 -0.019146401471140589 -0.47484244770285761
leaf_weight=18746 80 156 187 125 88 96 184 84 421 109 81 738 502 83
leaf_count=18746 80 156 187 125 88 96 184 84 421 109 81 738 502 83
internal_value=1.83254e-05 -0.000684439 0.0828138 -0.00454923 -0.00255279 -0.147412 -0.00124552 -0.0025294 0.037794 0.269737 0.0125953 0.0344831 0.114755 -0.203548
internal_weight=21680 21600 468 281 21132 184 20948 20764 2018 193 1825 1661 923 164
internal_count=21680 21600 468 281 21132 184 20948 20764 2018 193 1825 1661 923 164
is_linear=0
shrinkage=0.05


Tree=163
num_leaves=15
num_cat=0
split_feature=1 12 10 8 13 13 13 13 14 13 9 5 9 3
split_gain=1061.34 2015.55 2892.32 1960.15 1323.3 1282.1 3812.81 3339.14 3232.75 10903.6 7843.03 6987.91 5909.65 19668.2
threshold=21.500000000000004 141.50000000000003 142.50000000000003 131.50000000000003 119.50000000000001 28.500000000000004 70.500000000000014 65.500000000000014 149.50000000000003 145.50000000000003 22.500000000000004 102.50000000000001 161.50000000000003 4.5000000000000009
decision_type=2 2 2 2 2 2 2 2 2 2 2 2 2 2
left_child=5 3 -3 4 -2 -1 7 -7 12 -10 -11 -12 -8 -14
right_child=1 2 -4 -5 -6 6 8 -9 9 10 11 -13 13 -15
leaf_value=0.021930104267486754 -0.044279983429272959 -0.38674724333248633 -0.050069155342110962 0.213396174704863 0.10841503020143138 -0.043871403434555603 0.030813428630967726 -0.28586505132906592 -0.29742236100137237 -0.34354732858078435 0.43517243951879525 -0.005142506314846345 -0.016648694897390501 -0.66915796987354181
leaf_weight=6326 1261 88 209 85 155 438 8240 208 364 162 88 2894 1037 125
leaf_count=6326 1261 88 209 85 155 438 8240 208 364 162 88 2894 1037 125
internal_value=2.24307e-05 -0.0367103 -0.154577 -0.0129525 -0.0272428 0.0033527 -0.00532147 -0.123386 0.000631816 -0.0402956 -0.0101015 0.00855806 0.0159156 -0.0894074
internal_weight=21680 1798 297 1501 1416 19882 13556 646 12910 3508 3144 2982 9402 1162
internal_count=21680 1798 297 1501 1416 19882 13556 646 12910 3508 3144 2982 9402 1162
is_linear=0
shrinkage=0.05


Tree=164
num_leaves=15
num_cat=0
split_feature=14 4 6 1 7 12 13 11 8 1 4 3 8 5
split_gain=1106.75 3187.41 8436.15 22562.1 46646.9 13221.1 8469.3 7452.09 4477.99 3303.27 13897.6 11321 8742.56 8154.08
threshold=22.500000000000004 1.5000000000000002 23.500000000000004 13.500000000000002 21.500000000000004 23.500000000000004 28.500000000000004 87.500000000000014 105.50000000000001 2.5000000000000004 2.5000000000000004 4.5000000000000009 25.500000000000004 60.500000000000007
decision_type=2 2 2 2 2 2 2 2 2 2 2 2 2 2
left_child=-1 2 3 6 -5 -4 -2 8 -7 10 13 12 -12 -3
right_child=1 9 5 4 -6 7 -8 -9 -10 -11 11 -13 -14 -15
leaf_value=-0.020263319816847029 0.25593419257774314 0.59331017619012094 -0.51872038506978269 0.058735365123980365 1.5072965593500571 0.067302749468056297 -0.29915246657949096 0.008736156248715302 0.47922554965411035 -0.013639634615342205 -0.5312748233131741 0.25136838516932425 -0.063507372646046403 0.15187133653971258
leaf_weight=5134 112 136 106 152 83 126 162 2203 138 11760 110 254 776 428
leaf_count=5134 112 136 106 152 83 126 162 2203 138 11760 110 254 776 428
internal_value=5.94157e-06 0.00629944 0.052124 0.237061 0.591098 0.0151503 -0.0717353 0.039092 0.287531 -0.00420556 0.0607522 -0.0398179 -0.124238 0.262596
internal_weight=21680 16546 3082 509 235 2573 274 2467 264 13464 1704 1140 886 564
internal_count=21680 16546 3082 509 235 2573 274 2467 264 13464 1704 1140 886 564
is_linear=0
shrinkage=0.05


Tree=165
num_leaves=15
num_cat=0
split_feature=0 5 14 13 8 10 5 1 8 5 14 14 1 3
split_gain=1024.74 2993.52 3504.47 1849.66 2070.79 2037.06 2242.94 3295.42 1975.54 1574.77 2733.75 1553.99 1509.82 1474.75
threshold=1.5000000000000002 173.50000000000003 149.50000000000003 149.50000000000003 27.500000000000004 168.50000000000003 126.50000000000001 17.500000000000004 108.50000000000001 95.500000000000014 73.500000000000014 94.500000000000014 10.500000000000002 3.5000000000000004
decision_type=2 2 2 2 2 2 2 2 2 2 2 2 2 2
left_child=1 2 3 5 -5 6 8 -8 9 10 -1 -10 -4 -2
right_child=13 -3 12 4 -6 -7 7 -9 11 -11 -12 -13 -14 -15
leaf_value=-0.005700832730661588 0.016323536916037804 0.14865846354939624 -0.34741046629989381 -0.042360241060118077 0.27181987135417079 -0.24420225903938669 -0.038273984539931222 0.3566721386559632 -0.035244080037841588 0.062757899982047297 -0.21647961786012143 -0.26391785140905999 -0.12000987029323976 -0.011803327094270476
leaf_weight=679 10752 214 99 98 105 104 122 87 142 431 194 155 280 8218
leaf_count=679 10752 214 99 98 105 104 122 87 142 431 194 155 280 8218
internal_value=2.78626e-05 -0.0287033 -0.0441765 -0.0189218 0.122774 -0.0342309 -0.0215268 0.130622 -0.0417336 -0.0149858 -0.0535066 -0.156979 -0.18316 0.00413879
internal_weight=21680 2710 2496 2117 203 1914 1810 209 1601 1304 873 297 379 18970
internal_count=21680 2710 2496 2117 203 1914 1810 209 1601 1304 873 297 379 18970
is_linear=0
shrinkage=0.05


Tree=166
num_leaves=15
num_cat=0
split_feature=14 4 3 11 3 6 1 5 7 5 10 4 6 1
split_gain=997.367 3079.11 13068.2 10682.2 8985.36 5413.56 4870.78 4737.91 3975.64 3148.29 3043.27 2915.65 7688.4 20485.9
threshold=22.500000000000004 3.5000000000000004 4.5000000000000009 60.500000000000007 2.5000000000000004 167.50000000000003 1.5000000000000002 121.50000000000001 26.500000000000004 111.50000000000001 114.50000000000001 1.5000000000000002 23.500000000000004 13.500000000000002
decision_type=2 2 2 2 2 2 2 2 2 2 2 2 2 2
left_child=1 5 3 -3 10 6 8 -8 -1 -6 -5 12 13 -2
right_child=11 2 -4 4 9 -7 7 -9 -10 -11 -12 -13 -14 -15
leaf_value=-0.083100455467356379 -0.06787929186283688 0.71665839084443894 -0.081292790460716802 0.048522041466354665 0.58198200471233574 -0.32940895270226123 -0.032697940720391477 0.17748516687907939 -0.49597232278125986 0.19053783354659876 -0.3132866870438637 -0.004051714571313105 0.014525734478336109 0.56372693887955394
leaf_weight=155 274 89 838 176 91 153 3044 289 91 127 81 13464 2573 235
leaf_count=155 274 89 838 176 91 153 3044 289 91 127 81 13464 2573 235
internal_value=2.10605e-05 -0.0192205 0.0438502 0.22887 0.130961 -0.0429412 -0.0302525 -0.0142347 -0.242667 0.363324 -0.0693136 0.00599547 0.049823 0.226374
internal_weight=21680 5134 1402 564 475 3732 3579 3333 246 218 257 16546 3082 509
internal_count=21680 5134 1402 564 475 3732 3579 3333 246 218 257 16546 3082 509
is_linear=0
shrinkage=0.05


Tree=167
num_leaves=15
num_cat=0
split_feature=6 9 3 1 13 9 7 7 11 5 11 9 12 5
split_gain=1022.23 4755.09 7181.97 4942.9 3304.14 2807.84 2292.57 8814.19 7882.36 5717.04 9013.03 4344.52 4155.52 5320.94
threshold=176.50000000000003 171.50000000000003 4.5000000000000009 15.500000000000002 140.50000000000003 120.50000000000001 147.50000000000003 149.50000000000003 86.500000000000014 152.50000000000003 116.50000000000001 174.50000000000003 169.50000000000003 121.50000000000001
decision_type=2 2 2 2 2 2 2 2 2 2 2 2 2 2
left_child=6 3 4 5 -3 -2 9 -8 -9 11 -11 12 -1 -14
right_child=1 2 -4 -5 -6 -7 7 8 -10 10 -12 -13 13 -15
leaf_value=-0.0013207174579612276 -0.13727217380598675 -0.094675870794141526 -0.38151368237471672 0.4544666157185453 0.14959988046919914 0.13250711104418325 -0.42607754505642337 -0.41300798187851906 -0.0088100108961298822 0.56177727143972289 0.067720410632023567 0.23719157124795612 -0.52910537460271045 0.036878972373464533
leaf_weight=15560 117 271 128 98 273 465 136 120 3448 104 616 184 80 80
leaf_count=15560 117 271 128 98 273 465 136 120 3448 104 616 184 80 80
internal_value=3.0219e-05 0.0420472 -0.0521168 0.134805 0.0281571 0.0775658 -0.00277395 -0.0383187 -0.022963 0.00515492 0.142466 -0.00110422 -0.00396796 -0.253571
internal_weight=21680 1352 672 680 544 582 20328 3704 3568 16624 720 15904 15720 160
internal_count=21680 1352 672 680 544 582 20328 3704 3568 16624 720 15904 15720 160
is_linear=0
shrinkage=0.05


Tree=168
num_leaves=15
num_cat=0
split_feature=12 0 13 13 14 13 9 12 7 12 7 13 11 10
split_gain=1076.72 1929.87 1061.7 3175.42 3369.89 9794.61 7060.49 6441.85 4704.58 13077.7 9202.7 22349.2 4631.6 17178.3
threshold=184.50000000000003 4.5000000000000009 27.500000000000004 84.500000000000014 149.50000000000003 145.50000000000003 22.500000000000004 84.500000000000014 22.500000000000004 108.50000000000001 23.500000000000004 156.50000000000003 22.500000000000004 23.500000000000004
decision_type=2 2 2 2 2 2 2 2 2 2 2 2 2 2
left_child=2 -2 -1 -4 8 -6 -7 -8 9 -5 11 -10 -12 -14
right_child=1 -3 3 4 5 6 7 -9 10 -11 12 -13 13 -15
leaf_value=0.015320771138472709 0.26910501730324021 -0.042095971568533695 -0.081937900790975085 -0.0248653381766572 -0.28842975779339836 -0.33089423268018459 0.3170681688574053 -0.014196460014681563 -0.029604994322938522 -0.61882290944226626 -0.11556519974827727 0.97071408233182011 0.6339394389715397 0.022900373646799827
leaf_weight=6780 96 96 1336 2092 361 162 150 2755 152 92 561 83 112 6852
leaf_count=6780 96 96 1336 2092 361 162 150 2755 152 92 561 83 112 6852
internal_value=2.4654e-05 0.116385 -0.00104189 -0.00858729 -0.00123092 -0.0439444 -0.0147448 0.00342383 0.0135084 -0.0512419 0.0317532 0.336562 0.0220171 0.0331753
internal_weight=21680 192 21488 14708 13372 3428 3067 2905 9944 2184 7760 235 7525 6964
internal_count=21680 192 21488 14708 13372 3428 3067 2905 9944 2184 7760 235 7525 6964
is_linear=0
shrinkage=0.05


Tree=169
num_leaves=15
num_cat=0
split_feature=2 2 14 10 14 7 6 1 5 5 3 6 14 4
split_gain=990.265 1965.98 2469.3 3175.87 2560.38 2334.83 4052.89 3632.88 5044.99 3639.3 4646.48 3398.59 2364.3 5902.04
threshold=2.5000000000000004 1.0000000180025095e-35 173.50000000000003 95.500000000000014 182.50000000000003 144.50000000000003 138.50000000000003 17.500000000000004 136.50000000000003 167.50000000000003 4.5000000000000009 165.50000000000003 157.50000000000003 2.5000000000000004
decision_type=2 2 2 2 2 2 2 2 2 2 2 2 2 2
left_child=1 2 -1 -4 -5 6 12 9 -9 10 11 -7 -3 -14
right_child=-2 5 3 4 -6 7 -8 8 -10 -11 -12 -13 13 -15
leaf_value=0.008394850357294004 0.018530068753787193 -0.0071813175678800386 0.35273451041430237 0.14920368086324509 -0.14349343270194112 -0.18888246034144671 0.11941347299251429 -0.22907397945403543 0.14415131004217541 -0.029387398625489471 -0.50084145547269465 0.024476524565246082 -0.3040935141958841 0.02471508282473146
leaf_weight=4984 5420 7007 114 213 109 602 600 112 398 1214 86 268 231 322
leaf_count=4984 5420 7007 114 213 109 602 600 112 398 1214 86 268 231 322
internal_value=3.12914e-05 -0.00613877 0.0184379 0.131845 0.0494439 -0.0184299 -0.00511874 -0.0588745 0.0607598 -0.0870664 -0.159777 -0.123394 -0.0150746 -0.114129
internal_weight=21680 16260 5420 436 322 10840 8160 2680 510 2170 956 870 7560 553
internal_count=21680 16260 5420 436 322 10840 8160 2680 510 2170 956 870 7560 553
is_linear=0
shrinkage=0.05


Tree=170
num_leaves=15
num_cat=0
split_feature=1 12 8 7 14 13 11 11 10 7 1 8 8 9
split_gain=999.974 1860.03 2772.54 1875.34 1390.34 1495.98 1353.59 5900.12 9587.26 4749.31 10273 3749.35 10155.2 3529.57
threshold=21.500000000000004 141.50000000000003 109.50000000000001 129.00000000000003 120.50000000000001 119.50000000000001 105.50000000000001 101.50000000000001 113.50000000000001 165.50000000000003 6.5000000000000009 22.500000000000004 63.500000000000007 107.50000000000001
decision_type=2 2 2 2 2 2 2 2 2 2 2 2 2 2
left_child=6 3 -3 4 5 -2 7 -1 9 10 -9 -8 -13 -12
right_child=1 2 -4 -5 -6 -7 11 8 -10 -11 13 12 -14 -15
leaf_value=0.0025648936163242806 -0.033062631047631151 -0.38158169044388668 -0.048910497642263843 0.18702573915516293 -0.20798987283930184 0.13828764651882483 -0.26206436758281804 0.0094449268337263755 -0.53713399825990205 0.22966419234871865 -0.18379372573430533 0.54896845238904157 0.015269474926164959 -0.61266748122522774
leaf_weight=9442 1164 85 212 104 95 138 114 489 120 112 98 85 9320 102
leaf_count=9442 1164 85 212 104 95 138 114 489 120 112 98 85 9320 102
internal_value=2.32553e-05 -0.0356318 -0.148861 -0.0128076 -0.0282982 -0.0144415 0.00325582 -0.00924584 -0.129688 -0.0656944 -0.115015 0.0168636 0.020382 -0.412128
internal_weight=21680 1798 297 1501 1397 1302 19882 10363 921 801 689 9519 9405 200
internal_count=21680 1798 297 1501 1397 1302 19882 10363 921 801 689 9519 9405 200
is_linear=0
shrinkage=0.05


Tree=171
num_leaves=15
num_cat=0
split_feature=12 0 13 13 14 13 9 5 9 3 11 7 7 7
split_gain=984.131 1749.12 952.385 2896.18 3094.04 8743.12 6385.41 5880.92 4368.33 19450.1 11499.8 5908.45 3870.29 6645.71
threshold=184.50000000000003 4.5000000000000009 27.500000000000004 84.500000000000014 149.50000000000003 145.50000000000003 22.500000000000004 102.50000000000001 161.50000000000003 4.5000000000000009 160.50000000000003 152.50000000000003 22.500000000000004 23.500000000000004
decision_type=2 2 2 2 2 2 2 2 2 2 2 2 2 2
left_child=2 -2 -1 -4 8 -6 -7 -8 12 10 11 -10 -5 -14
right_child=1 -3 3 4 5 6 7 -9 9 -11 -12 -13 13 -15
leaf_value=0.014486786645637928 0.25664368878201688 -0.039642510186917716 -0.078208383884993474 -0.033284146456651599 -0.2730496037323944 -0.31512636514715187 0.39401415805182149 -0.010089207411898905 -0.5553687641530165 -0.65013299964819904 0.10392860475717716 -0.086157084775439818 0.30656997756390225 0.034112291640775498
leaf_weight=6780 96 96 1336 2164 361 162 88 2817 107 127 705 173 227 6441
leaf_count=6780 96 96 1336 2164 361 162 88 2817 107 127 705 173 227 6441
internal_value=8.99621e-06 0.111254 -0.00101066 -0.00815706 -0.0011316 -0.0420596 -0.0144709 0.0028081 0.0129916 -0.080184 -0.00378581 -0.272061 0.0247617 0.0436104
internal_weight=21680 192 21488 14708 13372 3428 3067 2905 9944 1112 985 280 8832 6668
internal_count=21680 192 21488 14708 13372 3428 3067 2905 9944 1112 985 280 8832 6668
is_linear=0
shrinkage=0.05


Tree=172
num_leaves=15
num_cat=0
split_feature=1 12 14 8 11 11 10 7 1 7 14 13 8 7
split_gain=967.869 1689.64 2612.07 1745.47 1252.04 5316.21 8473.71 4312.94 9308.29 3537.99 6980.83 11914.9 7204.49 6695.97
threshold=21.500000000000004 141.50000000000003 103.50000000000001 131.50000000000003 105.50000000000001 101.50000000000001 113.50000000000001 165.50000000000003 6.5000000000000009 92.500000000000014 27.500000000000004 95.500000000000014 67.500000000000014 104.50000000000001
decision_type=2 2 2 2 2 2 2 2 2 2 2 2 2 2
left_child=4 3 -3 -2 5 -1 7 8 -7 10 11 -6 -13 -11
right_child=1 2 -4 -5 9 6 -8 -9 -10 13 -12 12 -14 -15
leaf_value=0.0023655877758005654 -0.026804149206418066 -0.35055806406469336 -0.03776533654721418 0.20027840809689629 0.80149687691483396 0.0084772847049873375 -0.50623332135677346 0.21846710207880055 -0.3928170296381705 -0.13483475965931024 0.033596997301741365 -0.24628519311133359 0.34314643277567097 0.01826517804449293
leaf_weight=9442 1416 96 201 85 81 489 120 112 200 787 1185 85 118 7263
leaf_count=9442 1416 96 201 85 81 489 120 112 200 787 1185 85 118 7263
internal_value=-2.19025e-06 -0.0350802 -0.143 -0.0133225 0.00317806 -0.00884554 -0.123173 -0.0630013 -0.11 0.0162655 0.0874834 0.307855 0.0963526 0.00322311
internal_weight=21680 1798 297 1501 19882 10363 921 801 689 9519 1469 284 203 8050
internal_count=21680 1798 297 1501 19882 10363 921 801 689 9519 1469 284 203 8050
is_linear=0
shrinkage=0.05


Tree=173
num_leaves=15
num_cat=0
split_feature=14 7 5 13 1 10 1 11 13 8 12 6 14 8
split_gain=945.402 3009.78 9780.5 5591.81 5007.64 4898.29 28663 8349.41 7839.95 10431.9 3872.06 10533 3900.88 3159.11
threshold=22.500000000000004 162.50000000000003 159.50000000000003 180.50000000000003 12.500000000000002 109.50000000000001 3.5000000000000004 94.500000000000014 105.50000000000001 107.50000000000001 71.500000000000014 27.500000000000004 21.500000000000004 98.500000000000014
decision_type=2 2 2 2 2 2 2 2 2 2 2 2 2 2
left_child=1 2 3 5 -3 7 -7 10 -8 -10 11 -1 -12 -9
right_child=-2 4 -4 -5 -6 6 8 13 9 -11 12 -13 -14 -15
leaf_value=-0.036362213288356732 0.0058138093636948412 -0.11240444680660722 -0.51020937290006474 0.38186899247297718 0.30396704307516642 -0.99178559499030772 0.30378063066334993 0.12340166910365225 -0.58152337670326237 0.07868165492573205 0.01729444322186742 0.35799152692884545 -0.42751848975381956 0.45316641052192619
leaf_weight=3473 16546 118 98 81 173 83 138 245 88 165 84 173 113 102
leaf_count=3473 16546 118 98 81 173 83 138 245 88 165 84 173 113 102
internal_value=-2.87852e-06 -0.0187365 -0.0281698 -0.0176875 0.136082 -0.0250281 -0.176497 -0.00770299 0.00690616 -0.157774 -0.0290159 -0.0171858 -0.242119 0.225396
internal_weight=21680 5134 4843 4745 291 4664 474 4190 391 253 3843 3646 197 347
internal_count=21680 5134 4843 4745 291 4664 474 4190 391 253 3843 3646 197 347
is_linear=0
shrinkage=0.05


Tree=174
num_leaves=15
num_cat=0
split_feature=13 12 14 1 3 8 5 14 8 9 14 13 7 7
split_gain=932.109 1186.62 3935.62 5823.83 5697.09 14467.3 4273.96 6753.71 5909.14 5579.64 4420.05 2703.88 2325.07 8716.7
threshold=195.50000000000003 159.50000000000003 27.500000000000004 12.500000000000002 4.5000000000000009 137.50000000000003 159.50000000000003 149.50000000000003 126.50000000000001 171.50000000000003 157.50000000000003 141.50000000000003 162.50000000000003 161.50000000000003
decision_type=2 2 2 2 2 2 2 2 2 2 2 2 2 2
left_child=1 12 3 -3 6 -6 7 11 10 -9 -8 -4 13 -1
right_child=-2 2 4 -5 5 -7 8 9 -10 -11 -12 -13 -14 -15
leaf_value=-0.0083301573737597553 0.16523990271722569 -0.11969584003090859 0.17971177146304398 0.39194126562751608 0.15569676593909054 -0.55008027346226684 -0.53925068794371012 -0.1305435167851203 0.01930563988415393 0.17674644670351261 -0.031088139767619385 0.46544090682374578 0.04580565736511668 -0.47422877932244012
leaf_weight=16816 80 81 375 160 142 140 86 352 914 247 82 107 2002 96
leaf_count=16816 80 81 375 160 142 140 86 352 914 247 82 107 2002 96
internal_value=-1.0042e-05 -0.000660178 0.0304064 0.221043 0.0112029 -0.198168 0.0388936 0.108983 -0.0313106 -0.0034171 -0.299286 0.247269 -0.00507885 -0.0111142
internal_weight=21680 21600 2686 241 2445 282 2163 1081 1082 599 168 482 18914 16912
internal_count=21680 21600 2686 241 2445 282 2163 1081 1082 599 168 482 18914 16912
is_linear=0
shrinkage=0.05


Tree=175
num_leaves=15
num_cat=0
split_feature=12 8 12 3 8 10 9 12 14 7 4 6 6 5
split_gain=908.544 1750.07 1378.82 3238.57 1232.61 1225.9 1406.53 12967.2 3601.2 3177.43 5940.81 3126.77 3453.28 3307.75
threshold=179.50000000000003 141.50000000000003 176.50000000000003 2.5000000000000004 154.50000000000003 190.50000000000003 171.50000000000003 134.50000000000003 143.50000000000003 168.50000000000003 1.5000000000000002 176.50000000000003 178.50000000000003 180.50000000000003
decision_type=2 2 2 2 2 2 2 2 2 2 2 2 2 2
left_child=2 -2 5 -4 -3 6 11 8 -8 -9 -11 13 -13 -1
right_child=1 4 3 -5 -6 -7 7 9 -10 10 -12 12 -14 -15
leaf_value=-0.00041924184730017592 0.16792767885381021 -0.16853942841051087 0.081587081017994112 -0.32960800782104238 0.05917857625267723 0.11900521169630854 -0.55282035853181577 0.098257112188710902 -0.13618955182981618 -0.38448441538673184 0.016985439644695965 0.28920875017151787 0.036413928568267181 -0.29935102655041601
leaf_weight=18704 224 88 88 96 160 208 135 592 89 112 432 184 480 88
leaf_count=18704 224 88 88 96 160 208 135 592 89 112 432 184 480 88
internal_value=-1.24606e-05 0.0682301 -0.00154697 -0.135994 -0.0233585 -0.000338254 -0.00155906 -0.0506221 -0.393872 0.0184903 -0.068419 0.00188264 0.108103 -0.00189835
internal_weight=21680 472 21208 184 248 21024 20816 1360 224 1136 544 19456 664 18792
internal_count=21680 472 21208 184 248 21024 20816 1360 224 1136 544 19456 664 18792
is_linear=0
shrinkage=0.05


Tree=176
num_leaves=15
num_cat=0
split_feature=2 14 14 7 1 2 14 13 1 1 7 7 5 3
split_gain=908.183 2205.82 10870.1 4922.02 2239.67 2076.66 2675.16 3609.45 2359.46 9174 11722.2 21410.1 8112.12 11651.4
threshold=1.0000000180025095e-35 62.500000000000007 27.500000000000004 164.50000000000003 2.5000000000000004 1.5000000000000002 149.50000000000003 166.50000000000003 8.5000000000000018 6.5000000000000009 25.500000000000004 21.500000000000004 104.50000000000001 3.5000000000000004
decision_type=2 2 2 2 2 2 2 2 2 2 2 2 2 2
left_child=1 2 3 4 -1 6 7 -2 9 -7 11 -11 13 -12
right_child=5 -3 -4 -5 -6 8 -8 -9 -10 10 12 -13 -14 -15
leaf_value=-0.1627985340087687 -0.022930961823116512 0.041439036576722675 -0.53819191732576921 0.36287837720631311 0.005452357591281029 -0.0034490310192492797 -0.10537039476084782 0.22740969830161376 -0.011368302982659263 0.053302931649610398 0.23543478047713304 1.0603843181697945 0.22334270240864404 -0.38616973158930029
leaf_weight=222 4288 3485 93 85 1535 3162 988 144 6774 120 128 90 396 170
leaf_count=222 4288 3485 93 85 1535 3162 988 144 6774 120 128 90 396 170
internal_value=-2.33993e-05 0.0176921 -0.0250734 0.00222004 -0.0162081 -0.0059322 -0.0311874 -0.0145501 0.00670393 0.0367894 0.17678 0.499532 0.0762426 -0.119693
internal_weight=21680 5420 1935 1842 1757 16260 5420 4432 10840 4066 904 210 694 298
internal_count=21680 5420 1935 1842 1757 16260 5420 4432 10840 4066 904 210 694 298
is_linear=0
shrinkage=0.05


Tree=177
num_leaves=15
num_cat=0
split_feature=1 1 14 14 1 8 3 13 3 3 1 4 5 9
split_gain=941.959 9277.41 5210.04 4742.41 4958.8 3284.13 3258.66 2977.52 3484 2901.15 9978.18 9452.36 26303.3 6910.79
threshold=4.5000000000000009 5.5000000000000009 119.50000000000001 107.50000000000001 1.5000000000000002 119.50000000000001 4.5000000000000009 78.500000000000014 4.5000000000000009 3.5000000000000004 9.5000000000000018 3.5000000000000004 21.500000000000004 101.50000000000001
decision_type=2 2 2 2 2 2 2 2 2 2 2 2 2 2
left_child=2 7 3 5 -5 -1 -6 8 -2 10 11 13 -13 -3
right_child=1 9 -4 4 6 -7 -8 -9 -10 -11 -12 12 -14 -15
leaf_value=0.015803447623649679 -0.33416310877878141 -0.095061240282940496 -0.23392437302502636 0.42124515901817833 0.021655190299982124 -0.21281034262342888 0.25165310944889635 -0.078012536236887239 0.028673345758312055 -0.020812622783590744 -0.0060390108444287943 1.0442203821979232 0.13468301995092885 0.13051474604707164
leaf_weight=3274 322 510 188 124 560 160 208 500 82 7046 7168 92 452 994
leaf_count=3274 322 510 188 124 560 160 208 500 82 7046 7168 92 452 994
internal_value=-1.0938e-05 -0.00535633 0.0203001 0.0316056 0.133978 0.00485775 0.0851711 -0.160806 -0.261068 0.00333187 0.0217926 0.118981 0.296611 0.0539614
internal_weight=21680 17166 4514 4326 892 3434 768 904 404 16262 9216 2048 544 1504
internal_count=21680 17166 4514 4326 892 3434 768 904 404 16262 9216 2048 544 1504
is_linear=0
shrinkage=0.05


Tree=178
num_leaves=15
num_cat=0
split_feature=12 0 1 1 14 14 4 9 8 9 10 14 7 11
split_gain=869.189 1587.82 939.047 8247.83 4714.44 4294.54 4804.64 8695.24 2972.77 2798.21 6299.36 21685.2 3862.35 3868.44
threshold=184.50000000000003 4.5000000000000009 4.5000000000000009 5.5000000000000009 119.50000000000001 107.50000000000001 3.5000000000000004 60.500000000000007 119.50000000000001 109.50000000000001 109.50000000000001 59.000000000000007 104.50000000000001 113.50000000000001
decision_type=2 2 2 2 2 2 2 2 2 2 2 2 2 2
left_child=2 -2 4 -4 5 8 7 -7 9 10 -1 -12 -11 -14
right_child=1 -3 3 -5 -6 6 -8 -9 -10 12 11 -13 13 -15
leaf_value=0.017663582611476433 0.24308222395432466 -0.039159526904620746 -0.15287162524610104 0.0019402974337898123 -0.22253116290881225 0.65014611809666079 -0.14683899438402948 0.11483485018071987 -0.20249226692612426 -0.13698260458871067 -0.88769965707913223 0.068653814042253167 0.30511610527212424 0.04198100272003772
leaf_weight=2314 96 96 904 16070 188 81 132 679 160 131 82 184 250 313
leaf_count=2314 96 96 904 16070 188 81 132 679 160 131 82 184 250 313
internal_value=1.91697e-06 0.104549 -0.00095634 -0.00634725 0.0192997 0.030054 0.127472 0.175764 0.00460054 0.0150145 -0.00901062 -0.237101 0.103755 0.160483
internal_weight=21680 192 21488 16974 4514 4326 892 760 3434 3274 2580 266 694 563
internal_count=21680 192 21488 16974 4514 4326 892 760 3434 3274 2580 266 694 563
is_linear=0
shrinkage=0.05


Tree=179
num_leaves=15
num_cat=0
split_feature=1 1 13 2 12 11 11 10 14 8 8 5 5 5
split_gain=847.737 1656.74 2436.3 1731.91 1964.99 1091.04 4558 7504.54 3801.67 3000.72 8839 3376.02 4418.04 3531.09
threshold=21.500000000000004 22.500000000000004 116.50000000000001 1.0000000180025095e-35 139.50000000000003 105.50000000000001 101.50000000000001 113.50000000000001 62.500000000000007 22.500000000000004 63.500000000000007 63.500000000000007 76.500000000000014 68.500000000000014
decision_type=2 2 2 2 2 2 2 2 2 2 2 2 2 2
left_child=5 2 3 -2 -5 6 -1 8 -8 -7 -11 -12 13 -13
right_child=1 -3 -4 4 -6 9 7 -9 -10 10 11 12 -14 -15
leaf_value=0.0021311881890902665 0.02277968870584815 0.01525960820756735 0.0929554874930687 -0.10840161893376668 -0.33114568485899737 -0.23434172637384978 -0.26991090590167727 -0.47459017879366877 -0.0019686384147874756 0.51148148970057572 -0.24455223463177683 0.016281745903607873 0.0096303550216614194 0.31326224823646687
leaf_weight=9442 166 897 162 447 126 114 162 120 639 85 120 184 8800 216
leaf_count=9442 166 897 162 447 126 114 162 120 639 85 120 184 8800 216
internal_value=-2.15801e-06 -0.0328311 -0.0805284 -0.118928 -0.159823 0.00297419 -0.00824975 -0.114111 -0.0574974 0.0151912 0.0183388 0.0135694 0.0170672 0.178539
internal_weight=21680 1798 901 739 573 19882 10363 921 801 9519 9405 9320 9200 400
internal_count=21680 1798 901 739 573 19882 10363 921 801 9519 9405 9320 9200 400
is_linear=0
shrinkage=0.05


Tree=180
num_leaves=15
num_cat=0
split_feature=2 2 7 1 5 9 6 1 5 3 13 6 14 4
split_gain=837.177 1602.49 2123.79 3628.57 4476.88 3820.39 3520.76 3331.77 3125.42 2847.48 2816.4 2538.12 2184.43 5157.26
threshold=2.5000000000000004 1.0000000180025095e-35 144.50000000000003 17.500000000000004 151.50000000000003 161.50000000000003 138.50000000000003 16.500000000000004 168.50000000000003 4.5000000000000009 110.50000000000001 159.50000000000003 157.50000000000003 2.5000000000000004
decision_type=2 2 2 2 2 2 2 2 2 2 2 2 2 2
left_child=1 -1 6 7 -5 -6 12 8 9 11 -9 -4 -3 -14
right_child=-2 2 3 4 5 -7 -8 10 -10 -11 -12 -13 13 -15
leaf_value=0.016505686035122258 0.016998992484735652 -0.0057784715876389933 -0.23288082104974561 -0.076101680370832314 0.41864646096552205 0.024257057230521479 0.11198367532241651 -0.35339596911480553 -0.0017599775349002663 -0.40614214709576441 -0.006737775637043847 -0.038037690299939787 -0.28614782838780289 0.021239194172058565
leaf_weight=5420 5420 7007 240 268 116 126 600 185 1046 80 85 534 231 322
leaf_count=5420 5420 7007 240 268 116 126 600 185 1046 80 85 534 231 322
internal_value=-9.90273e-06 -0.00568302 -0.0167799 -0.0553532 0.0641906 0.217951 -0.00408502 -0.0835318 -0.0598057 -0.130478 -0.24637 -0.0995611 -0.0133647 -0.108576
internal_weight=21680 16260 10840 2680 510 242 8160 2170 1900 854 270 774 7560 553
internal_count=21680 16260 10840 2680 510 242 8160 2170 1900 854 270 774 7560 553
is_linear=0
shrinkage=0.05


Tree=181
num_leaves=15
num_cat=0
split_feature=12 8 12 5 10 14 7 1 5 3 1 8 1 5
split_gain=810.386 1602.7 1234.82 3031.37 1129.63 1426.36 11159.7 17291.9 12495.8 27895.5 5291.29 5559.97 3989.55 6763.6
threshold=179.50000000000003 141.50000000000003 176.50000000000003 167.50000000000003 190.50000000000003 135.50000000000003 24.500000000000004 9.5000000000000018 103.50000000000001 3.5000000000000004 17.500000000000004 21.500000000000004 18.500000000000004 147.50000000000003
decision_type=2 2 2 2 2 2 2 2 2 2 2 2 2 2
left_child=2 -2 4 -4 5 -1 7 -7 9 -8 11 -9 -10 -14
right_child=1 -3 3 -5 -6 6 8 10 12 -11 -12 -13 13 -15
leaf_value=0.0061023019955861605 0.1598421402438239 -0.023200391244746953 -0.33244878881640977 0.065280912860785384 0.11423757431133402 0.80367437248880214 0.030782640177217609 0.1506257414352149 -0.0075024321486239949 -0.92589582627018308 0.36890715956259734 -0.34864586512644397 -0.44959864396024757 -0.037191136414733005
leaf_weight=15570 224 248 88 96 208 94 192 111 4071 121 82 103 137 335
leaf_count=15570 224 248 88 96 208 94 192 111 4071 121 82 103 137 335
internal_value=-1.86e-05 0.0644322 -0.00146785 -0.1287 -0.000323987 -0.00149588 -0.0240314 0.231589 -0.0447782 -0.347795 0.0395806 -0.0921514 -0.0235418 -0.160352
internal_weight=21680 472 21208 184 21024 20816 5246 390 4856 313 296 214 4543 472
internal_count=21680 472 21208 184 21024 20816 5246 390 4856 313 296 214 4543 472
is_linear=0
shrinkage=0.05


Tree=182
num_leaves=15
num_cat=0
split_feature=13 12 14 1 3 8 5 14 8 9 14 1 1 7
split_gain=795.19 1016.02 3543 5226.97 4948.46 12704.9 4022.49 6278.76 5322.41 4896.89 4023.84 2372.7 2599.03 2057.01
threshold=195.50000000000003 159.50000000000003 27.500000000000004 12.500000000000002 4.5000000000000009 137.50000000000003 159.50000000000003 149.50000000000003 126.50000000000001 171.50000000000003 157.50000000000003 19.500000000000004 16.500000000000004 162.50000000000003
decision_type=2 2 2 2 2 2 2 2 2 2 2 2 2 2
left_child=1 13 3 -3 6 -6 7 11 10 -9 -8 12 -4 -1
right_child=-2 2 4 -5 5 -7 8 9 -10 -11 -12 -13 -14 -15
leaf_value=-0.010388560323118912 0.15260869474533728 -0.11378751052326935 0.18160374172931087 0.37090791990359628 0.14637516013720409 -0.51500993440891141 -0.51566782253129151 -0.12373635887257371 0.015664076030262472 0.16414030356136788 -0.030741529200954 0.13483934396649289 0.54051583050838059 0.043149628571247871
leaf_weight=16912 80 81 111 160 142 140 86 352 914 247 82 270 101 2002
leaf_count=16912 80 81 111 160 142 140 86 352 914 247 82 270 101 2002
internal_value=-2.25701e-05 -0.000623058 0.0281237 0.209 0.00990478 -0.185224 0.0357131 0.103712 -0.0323873 -0.00465318 -0.286707 0.237046 0.361109 -0.00471177
internal_weight=21680 21600 2686 241 2445 282 2163 1081 1082 599 168 482 212 18914
internal_count=21680 21600 2686 241 2445 282 2163 1081 1082 599 168 482 212 18914
is_linear=0
shrinkage=0.05


Tree=183
num_leaves=15
num_cat=0
split_feature=13 4 3 1 4 14 11 0 14 1 1 7 11 14
split_gain=802.846 2841.56 8045.95 22160.5 17979.6 6874.49 19415.8 6984.83 6541.59 11406.4 9122.6 5530.58 6726.56 5569.95
threshold=28.500000000000004 3.5000000000000004 5.5000000000000009 11.500000000000002 2.5000000000000004 61.500000000000007 22.500000000000004 5.5000000000000009 57.500000000000007 1.5000000000000002 2.5000000000000004 105.50000000000001 109.50000000000001 122.50000000000001
decision_type=2 2 2 2 2 2 2 2 2 2 2 2 2 2
left_child=1 2 5 4 -4 -1 7 -7 10 -10 -3 12 13 -8
right_child=-2 8 3 -5 -6 6 11 -9 9 -11 -12 -13 -14 -15
leaf_value=-0.077517949168584774 -0.0066042996546899074 0.53207945168168858 0.16562837172938874 0.01988135244870665 0.95423900942997375 0.24593588878895961 -0.1061896813222158 0.88509302314590022 -0.58129518695499582 -0.057310066252296205 0.0089577758307332854 0.072801488136553114 0.1118231359623777 -0.49733870210217646
leaf_weight=1673 14760 94 164 852 128 97 375 80 110 1090 528 1359 253 117
leaf_count=1673 14760 94 164 852 128 97 375 80 110 1090 528 1359 253 117
internal_value=-1.63636e-05 0.01403 0.0331787 0.149646 0.521566 -0.000664954 0.0557492 0.5512 -0.0394927 -0.107555 0.0916274 0.0128612 -0.096236 -0.203274
internal_weight=21680 6920 5098 1144 292 3954 2281 177 1822 1200 622 2104 745 492
internal_count=21680 6920 5098 1144 292 3954 2281 177 1822 1200 622 2104 745 492
is_linear=0
shrinkage=0.05


Tree=184
num_leaves=15
num_cat=0
split_feature=1 12 10 7 14 13 8 7 7 10 7 5 11 13
split_gain=771.67 1566.21 2379.51 1606.61 1196.22 1416.86 1283.91 1370.66 1053.54 12420.9 7408.76 4577.72 8352.72 3619.75
threshold=21.500000000000004 141.50000000000003 142.50000000000003 127.50000000000001 119.50000000000001 119.50000000000001 106.50000000000001 120.50000000000001 147.50000000000003 61.500000000000007 149.50000000000003 152.50000000000003 116.50000000000001 152.50000000000003
decision_type=2 2 2 2 2 2 2 2 2 2 2 2 2 2
left_child=8 3 -3 4 5 6 -2 -8 11 -10 -11 -1 -13 -14
right_child=1 2 -4 -5 -6 -7 7 -9 9 10 -12 12 13 -15
leaf_value=0.0031876718748629763 0.0078433410808257161 -0.34576439022096578 -0.040558922165465139 0.15164678797005215 -0.16926959386529555 0.14624620423710441 -0.19149626048747451 0.0034632092714309694 -0.61624575820532357 -0.36386220732056507 0.0038589395174932965 0.53518473449838133 0.16545644416968086 -0.074536677137070281
leaf_weight=14135 755 88 209 134 128 123 201 160 80 136 4798 104 353 276
leaf_count=14135 755 88 209 134 128 123 201 160 80 136 4798 104 353 276
internal_value=3.70976e-06 -0.0313178 -0.135218 -0.0103787 -0.026756 -0.0114119 -0.0293629 -0.106221 0.00284339 -0.0169657 -0.00663496 0.00952716 0.130926 0.0603921
internal_weight=21680 1798 297 1501 1367 1239 1116 361 19882 5014 4934 14868 733 629
internal_count=21680 1798 297 1501 1367 1239 1116 361 19882 5014 4934 14868 733 629
is_linear=0
shrinkage=0.05


Tree=185
num_leaves=15
num_cat=0
split_feature=2 2 14 10 14 7 1 5 9 1 6 5 3 13
split_gain=750.628 1451.61 2023.64 2791.32 2332 2004.21 3403.85 3877.65 3532.66 3048.17 2998.42 2748.84 2495.24 2490.43
threshold=2.5000000000000004 1.0000000180025095e-35 173.50000000000003 95.500000000000014 182.50000000000003 144.50000000000003 17.500000000000004 151.50000000000003 161.50000000000003 16.500000000000004 138.50000000000003 168.50000000000003 4.5000000000000009 110.50000000000001
decision_type=2 2 2 2 2 2 2 2 2 2 2 2 2 2
left_child=1 2 -1 -4 -5 10 9 -8 -9 11 -3 12 -7 -11
right_child=-2 5 3 4 -6 6 7 8 -10 13 -12 -13 -14 -15
leaf_value=0.006650216012106587 0.016100187500915169 -0.012170707724646795 0.32545587588884251 0.13651965097994159 -0.14275677691034058 -0.095324734930398572 -0.068230656128472247 0.39843846357019608 0.019367466913891657 -0.33710652814099662 0.103506198552618 -0.0035602223182909665 -0.38237715254373411 -0.010850052800443438
leaf_weight=4984 5420 7560 114 213 109 774 268 116 126 185 600 1046 80 85
leaf_count=4984 5420 7560 114 213 109 774 268 116 126 185 600 1046 80 85
internal_value=-5.52412e-06 -0.00537739 0.0157409 0.118404 0.0412447 -0.0159389 -0.0534106 0.0623713 0.205458 -0.0807028 -0.00360688 -0.0580062 -0.124284 -0.236461
internal_weight=21680 16260 5420 436 322 10840 2680 510 242 2170 8160 1900 854 270
internal_count=21680 16260 5420 436 322 10840 2680 510 242 2170 8160 1900 854 270
is_linear=0
shrinkage=0.05


Tree=186
num_leaves=15
num_cat=0
split_feature=12 0 14 7 5 4 1 12 12 5 9 8 9 10
split_gain=765.254 1388.06 977.07 9540.92 18485.8 17048 12350 3573.18 2867.05 3046.76 4806.73 8814.58 4018.44 4272.37
threshold=184.50000000000003 4.5000000000000009 141.50000000000003 25.500000000000004 103.50000000000001 2.5000000000000004 9.5000000000000018 22.500000000000004 28.500000000000004 157.50000000000003 117.50000000000001 115.50000000000001 174.50000000000003 171.50000000000003
decision_type=2 2 2 2 2 2 2 2 2 2 2 2 2 2
left_child=2 -2 -1 6 5 -5 -4 -8 -6 10 11 -10 13 -12
right_child=1 -3 3 4 8 -7 7 -9 9 -11 12 -13 -14 -15
leaf_value=0.005227759606988118 0.22761540686075421 -0.036287727140554109 0.65295156995978276 -0.94633059324253177 -0.27216564818043953 -0.081664826481066877 -0.095598930613410446 0.24248977224570104 -0.039799068346816714 0.022803513365757061 -0.10704619348294904 0.46555884876953701 0.079482941588158829 -0.39458999774300013
leaf_weight=16147 96 96 109 100 103 127 185 128 373 2684 1041 107 240 144
leaf_count=16147 96 96 109 100 103 127 185 128 373 2684 1041 107 240 144
internal_value=-5.78213e-06 0.0980919 -0.000904922 -0.0194329 -0.0390764 -0.474761 0.207316 0.0442998 -0.0175149 -0.0115093 -0.0597866 0.0764918 -0.105798 -0.143499
internal_weight=21680 192 21488 5341 4919 227 422 313 4692 4589 1905 480 1425 1185
internal_count=21680 192 21488 5341 4919 227 422 313 4692 4589 1905 480 1425 1185
is_linear=0
shrinkage=0.05


Tree=187
num_leaves=15
num_cat=0
split_feature=7 14 11 6 5 12 11 7 0 14 3 12 9 8
split_gain=773.3 2224.16 1820.52 2171.71 5705.98 5037.58 4762.97 4065.68 5216.8 5645.97 6464.69 4917.09 8283.73 13229.9
threshold=21.500000000000004 169.50000000000003 20.500000000000004 96.500000000000014 77.500000000000014 23.500000000000004 50.000000000000007 105.50000000000001 4.5000000000000009 59.000000000000007 3.5000000000000004 85.500000000000014 98.500000000000014 101.50000000000001
decision_type=2 2 2 2 2 2 2 2 2 2 2 2 2 2
left_child=1 -1 -2 -4 -5 -6 -7 8 -8 10 -10 -9 13 -13
right_child=2 -3 3 4 5 6 7 11 9 -11 -12 12 -14 -15
leaf_value=-0.016922409889280062 -0.15797734678523734 -0.27411558363458205 0.029632930723265661 -0.33247456081855792 -0.36991236302601077 0.34141770173878516 0.012056360728104891 0.15440291513285903 -0.076273390085381629 -0.092853251151967284 -0.70099810924422878 0.13893042161184199 0.0079881225001709986 -0.71447986122405183
leaf_weight=2526 168 82 6056 128 88 96 1112 552 80 948 84 80 9584 96
leaf_count=2526 168 82 6056 128 88 96 1112 552 80 948 84 80 9584 96
internal_value=-8.69055e-06 -0.0255181 0.00348536 0.00496167 -0.00667431 -0.00326647 -0.000566901 -0.00332088 -0.0645555 -0.140878 -0.407527 0.00991055 0.00166357 -0.333444
internal_weight=21680 2608 19072 18904 12848 12720 12632 12536 2224 1112 164 10312 9760 176
internal_count=21680 2608 19072 18904 12848 12720 12632 12536 2224 1112 164 10312 9760 176
is_linear=0
shrinkage=0.05


Tree=188
num_leaves=15
num_cat=0
split_feature=1 13 3 8 14 9 7 8 1 4 3 7 13 6
split_gain=740.601 4088.97 3495.64 7399.75 4298.75 4925.86 2543.86 6583.1 2285.1 8403.58 12167.7 6598.88 4453.52 6383.48
threshold=19.500000000000004 136.50000000000003 4.5000000000000009 151.50000000000003 135.50000000000003 146.50000000000003 127.50000000000001 105.50000000000001 17.500000000000004 1.5000000000000002 4.5000000000000009 162.50000000000003 158.50000000000003 138.50000000000003
decision_type=2 2 2 2 2 2 2 2 2 2 2 2 2 2
left_child=8 2 4 6 5 -2 7 -4 -1 10 -10 12 13 -11
right_child=1 -3 3 -5 -6 -7 -8 -9 9 11 -12 -13 -14 -15
leaf_value=-0.0018368443805836657 -0.0059205270029134335 -0.34795928064693693 -0.020384065557022893 -0.50329326478270253 -0.31774634228466631 0.16514274772442192 0.21530083069632597 -0.45070976250906397 0.060498505952086494 -0.1101791340341115 0.65138740246289206 0.28690399291596297 -0.27319480381799599 0.13292762845152789
leaf_weight=16266 1881 88 745 93 86 537 80 96 256 598 128 172 170 484
leaf_count=16266 1881 88 745 93 86 537 80 96 256 598 128 172 170 484
internal_value=-3.19083e-05 -0.020705 -0.0120368 -0.0901196 0.0196996 0.0323323 -0.0459062 -0.0718791 0.00409723 0.0573421 0.263302 0.00107523 -0.039177 -0.00132144
internal_weight=21680 3606 3518 1014 2504 2418 921 841 18074 1808 384 1424 1252 1082
internal_count=21680 3606 3518 1014 2504 2418 921 841 18074 1808 384 1424 1252 1082
is_linear=0
shrinkage=0.05


Tree=189
num_leaves=15
num_cat=0
split_feature=13 13 1 14 4 5 13 3 6 6 6 4 9 14
split_gain=750.572 2686.2 3276.25 6553.1 3688.47 5599.57 3218.29 3924.98 7507.61 9680.41 4183.8 4412.86 10055.7 15266.1
threshold=28.500000000000004 70.500000000000014 1.5000000000000002 22.500000000000004 2.5000000000000004 65.500000000000014 98.500000000000014 2.5000000000000004 179.50000000000003 182.50000000000003 176.50000000000003 1.5000000000000002 161.50000000000003 113.50000000000001
decision_type=2 2 2 2 2 2 2 2 2 2 2 2 2 2
left_child=-1 -2 3 -3 -5 -6 -4 -8 10 -10 11 12 -9 -14
right_child=1 2 6 4 5 -7 7 8 9 -11 -12 -13 13 -15
leaf_value=0.013545068187216326 -0.10570810330558152 -0.1983035253860008 -0.0791308476759537 0.28489785300177312 -0.2532037191132136 0.18695987262533387 0.032541016311375695 0.12001652197324297 -0.7180194121023471 0.02439082005749578 0.28000926558788003 -0.045286220219616292 -0.70414809919156063 0.034078403612084945
leaf_weight=6920 646 148 1405 320 102 218 5348 1186 83 87 112 4782 96 227
leaf_count=6920 646 148 1405 320 102 218 5348 1186 83 87 112 4782 96 227
internal_value=-3.62966e-05 -0.00640614 -0.00182525 0.0969112 0.166188 0.0449208 -0.00769795 0.000750727 -0.0251199 -0.348239 -0.0162761 -0.0217691 0.0526598 -0.192722
internal_weight=21680 14760 14114 788 640 320 13326 11921 6573 170 6403 6291 1509 323
internal_count=21680 14760 14114 788 640 320 13326 11921 6573 170 6403 6291 1509 323
is_linear=0
shrinkage=0.05


Tree=190
num_leaves=15
num_cat=0
split_feature=14 7 1 5 3 1 8 1 6 4 12 13 5 5
split_gain=729.854 8504.87 13956.5 10879.1 24480.1 4658.36 5063.71 4020.08 5735.56 3280.85 3196.99 2712.92 2536.43 5607.07
threshold=135.50000000000003 24.500000000000004 9.5000000000000018 103.50000000000001 3.5000000000000004 17.500000000000004 21.500000000000004 18.500000000000004 138.50000000000003 3.5000000000000004 75.000000000000014 180.50000000000003 181.50000000000003 177.50000000000003
decision_type=2 2 2 2 2 2 2 2 2 2 2 2 2 2
left_child=11 2 -2 4 9 6 -4 10 -9 -3 -5 12 13 -1
right_child=1 3 5 7 -6 -7 -8 8 -10 -11 -12 -13 -14 -15
leaf_value=0.003712854804006831 0.72285760002906885 -0.14067312453552025 0.1444622157976545 -0.24206394320071647 -0.85674726429380588 0.34539533506586467 -0.33199533457281416 -0.44587819831279235 -0.049812416963365531 0.26539915968779099 0.0075619149424980062 0.22231826862463586 0.18911886901407923 -0.38362671748754829
leaf_weight=15440 94 108 111 127 121 82 103 118 362 84 4526 138 177 89
leaf_count=15440 94 108 111 127 121 82 103 118 362 84 4526 138 177 89
internal_value=-4.74788e-05 -0.0151558 0.208897 -0.0313776 -0.315175 0.0363838 -0.0872049 -0.0137823 -0.150771 0.0392105 0.000496049 0.00552056 0.00354553 0.00137016
internal_weight=21680 5836 390 5446 313 296 214 5133 480 192 4653 15844 15706 15529
internal_count=21680 5836 390 5446 313 296 214 5133 480 192 4653 15844 15706 15529
is_linear=0
shrinkage=0.05


Tree=191
num_leaves=15
num_cat=0
split_feature=7 14 7 14 0 13 14 14 1 14 8 0 3 13
split_gain=752.161 2261.29 1714.02 18407.9 5865.08 15879 9063.4 5096.33 16900.4 5450.07 4386.06 4009.86 5028.47 7124.35
threshold=21.500000000000004 169.50000000000003 24.500000000000004 144.50000000000003 4.5000000000000009 149.50000000000003 95.500000000000014 26.500000000000004 2.5000000000000004 78.500000000000014 21.500000000000004 4.5000000000000009 4.5000000000000009 128.50000000000003
decision_type=2 2 2 2 2 2 2 2 2 2 2 2 2 2
left_child=1 -1 3 4 6 7 -2 -6 -9 -10 -4 -12 -13 -14
right_child=2 -3 10 -5 5 -7 -8 8 9 -11 11 12 13 -15
leaf_value=-0.016543716541075764 -0.023348978792088321 -0.27587175824861421 -0.26632394430103007 0.54780551918676335 -0.023930101486572965 0.59598447119748155 -0.4612742215163948 0.66566601495762345 0.22464865412563087 -0.30021367515711228 0.024527597056460088 -0.0069207196494054423 -0.053953683471303165 -0.32986320327099439
leaf_weight=2526 1413 82 152 162 1076 130 124 117 80 114 7852 6403 1160 289
leaf_count=2526 1413 82 152 162 1076 130 124 117 80 114 7852 6403 1160 289
internal_value=-5.14453e-05 -0.0252097 0.00339453 0.0366472 0.00868166 0.0782986 -0.0600605 0.0278107 0.20437 -0.0835693 -0.00335939 -0.000730184 -0.0259875 -0.109928
internal_weight=21680 2608 19072 3216 3054 1517 1537 1387 311 194 15856 15704 7852 1449
internal_count=21680 2608 19072 3216 3054 1517 1537 1387 311 194 15856 15704 7852 1449
is_linear=0
shrinkage=0.05


Tree=192
num_leaves=15
num_cat=0
split_feature=12 8 14 7 5 4 8 12 3 13 14 11 13 13
split_gain=709.502 1318.57 1185.63 8121.51 15599.4 14439.3 10288.4 5711.61 5755.33 2436.38 2300.57 4343.61 3031.39 3857.37
threshold=179.50000000000003 141.50000000000003 141.50000000000003 25.500000000000004 103.50000000000001 2.5000000000000004 22.500000000000004 22.500000000000004 4.5000000000000009 180.50000000000003 173.50000000000003 72.500000000000014 145.50000000000003 27.500000000000004
decision_type=2 2 2 2 2 2 2 2 2 2 2 2 2 2
left_child=2 -2 9 6 5 -5 7 8 -4 -1 11 -6 13 -13
right_child=1 -3 3 4 10 -7 -8 -9 -10 -11 -12 12 -14 -15
leaf_value=0.0034575557591054458 0.14679617194955005 -0.019257424577422765 0.18410475738637616 -0.87487356469389932 -0.37663386410419297 -0.078926719188915972 0.57927324956593418 0.31542795417838521 -0.34970680521801117 0.21076869102637774 0.039974788870686333 -0.021067006140603257 0.00099522810099751322 -0.21747155193757337
leaf_weight=15907 224 248 83 100 89 127 115 109 115 138 1165 604 2233 423
leaf_count=15907 224 248 83 100 89 127 115 109 115 138 1165 604 2233 423
internal_value=-4.54101e-05 0.0602604 -0.00140145 -0.0222302 -0.0410016 -0.440862 0.18667 0.0326769 -0.126914 0.0053057 -0.0204278 -0.0414681 -0.0317551 -0.102624
internal_weight=21680 472 21208 5163 4741 227 422 307 198 16045 4514 3349 3260 1027
internal_count=21680 472 21208 5163 4741 227 422 307 198 16045 4514 3349 3260 1027
is_linear=0
shrinkage=0.05


Tree=193
num_leaves=15
num_cat=0
split_feature=7 14 11 6 5 12 11 4 3 14 7 1 1 4
split_gain=705.828 2029.98 1567.35 1999.63 5170.68 4421.71 4620.97 3810.93 18578.9 19315 19017.5 5698.13 9252.67 31953.1
threshold=21.500000000000004 169.50000000000003 20.500000000000004 96.500000000000014 77.500000000000014 23.500000000000004 50.000000000000007 1.5000000000000002 3.5000000000000004 82.500000000000014 22.500000000000004 9.5000000000000018 7.5000000000000009 2.5000000000000004
decision_type=2 2 2 2 2 2 2 2 2 2 2 2 2 2
left_child=1 -1 -2 7 -5 -6 -7 8 -4 10 -10 12 -9 -14
right_child=2 -3 3 4 5 6 -8 11 9 -11 -12 -13 13 -15
leaf_value=-0.016207568753394436 -0.14652633399115822 -0.26191706520815694 -0.065372012200171567 -0.31664748959299316 -0.34676492074804921 0.33611590023530596 -0.0034450691533453922 0.017622285140520236 0.19424556944105362 -0.013115220766159751 1.0523004139537242 -0.042399477166068178 -0.28567569553075978 0.58172866573225557
leaf_weight=2526 168 82 624 128 88 96 12536 1969 130 205 129 2549 163 287
leaf_count=2526 168 82 624 128 88 96 12536 1969 130 205 129 2549 163 287
internal_value=-4.84096e-05 -0.0244195 0.00328974 0.00465955 -0.00650589 -0.00326177 -0.000732524 0.0283332 0.112862 0.350698 0.633452 0.0097264 0.0646277 0.267849
internal_weight=21680 2608 19072 18904 12848 12720 12632 6056 1088 464 259 4968 2419 450
internal_count=21680 2608 19072 18904 12848 12720 12632 6056 1088 464 259 4968 2419 450
is_linear=0
shrinkage=0.05


Tree=194
num_leaves=15
num_cat=0
split_feature=13 14 10 13 1 14 4 5 13 10 4 3 6 5
split_gain=732.52 2631.93 3716.46 2613.93 2750.03 5873.54 3248.99 5049.05 3203.89 3492.93 3188.88 3035.65 6973.63 8964.46
threshold=28.500000000000004 182.50000000000003 105.50000000000001 70.500000000000014 1.5000000000000002 22.500000000000004 2.5000000000000004 65.500000000000014 98.500000000000014 122.50000000000001 1.5000000000000002 2.5000000000000004 179.50000000000003 180.50000000000003
decision_type=2 2 2 2 2 2 2 2 2 2 2 2 2 2
left_child=-1 3 -3 -2 5 -5 10 -8 9 -6 -7 -10 -13 -14
right_child=1 2 -4 4 8 6 7 -9 11 -11 -12 12 13 -15
leaf_value=0.013378950841101189 -0.10131416184571607 -0.43423767009202169 -0.036660734594018023 -0.18787558990427189 -0.034216961216276494 0.063707007524946069 -0.23974238105953855 0.17822930269703405 0.032726266685808345 -0.22625924967451405 0.39019284840269486 -0.010061343209871737 -0.68499681912362576 0.041528278085684711
leaf_weight=6920 646 80 194 148 1108 122 102 218 5202 297 198 6281 83 81
leaf_count=6920 646 80 194 148 1108 122 102 218 5202 297 198 6281 83 81
internal_value=-3.81043e-05 -0.00633089 -0.158443 -0.00340003 0.00120518 0.0916112 0.157198 0.0433622 -0.00428598 -0.0754708 0.268615 0.00432988 -0.0185975 -0.335552
internal_weight=21680 14760 274 14486 13840 788 640 320 13052 1405 320 11647 6445 164
internal_count=21680 14760 274 14486 13840 788 640 320 13052 1405 320 11647 6445 164
is_linear=0
shrinkage=0.05


Tree=195
num_leaves=15
num_cat=0
split_feature=2 14 14 5 7 14 11 5 1 11 9 14 1 1
split_gain=707.207 1376.45 2762.15 2752.8 2188.89 2897.13 2621.05 3289.96 3095.95 1456 2415.92 1944.19 2056.21 3908.41
threshold=2.5000000000000004 141.50000000000003 129.50000000000003 142.50000000000003 164.50000000000003 177.50000000000003 23.500000000000004 104.50000000000001 16.500000000000004 166.50000000000003 133.50000000000003 116.50000000000001 8.5000000000000018 6.5000000000000009
decision_type=2 2 2 2 2 2 2 2 2 2 2 2 2 2
left_child=-1 2 9 -4 6 -6 -3 -8 -9 10 11 12 13 -2
right_child=1 4 3 -5 5 -7 7 8 -10 -11 -12 -13 -14 -15
leaf_value=-0.0052646171913991353 0.032493658831007702 0.15584436732141871 0.026637986819995081 0.42038839506299308 -0.0049961333026314952 0.27505818228474105 -0.39069087316935092 -0.0061672263420545145 -0.23027927173390275 -0.11802231433069976 0.14068777509265418 -0.1314060981480708 -0.02237964671080938 0.26713957306584851
leaf_weight=16260 1428 110 90 84 424 113 82 580 205 172 421 210 1303 198
leaf_count=16260 1428 110 90 84 424 113 82 580 205 172 421 210 1303 198
internal_value=-5.04439e-05 0.0155825 0.0312595 0.223157 -0.0248328 0.055929 -0.0692815 -0.0985741 -0.0657803 0.0220259 0.0289483 0.013762 0.0243763 0.0617981
internal_weight=21680 5420 3906 174 1514 537 977 867 785 3732 3560 3139 2929 1626
internal_count=21680 5420 3906 174 1514 537 977 867 785 3732 3560 3139 2929 1626
is_linear=0
shrinkage=0.05


Tree=196
num_leaves=15
num_cat=0
split_feature=9 10 10 10 14 10 5 1 10 11 6 5 10 4
split_gain=688.002 1212.61 1521.62 1185.36 2488.44 1419.12 3331.02 2099.49 1633.34 1693.57 1380.39 2314.82 4440.4 2464.87
threshold=192.50000000000003 189.50000000000003 192.50000000000003 182.50000000000003 163.50000000000003 177.50000000000003 158.50000000000003 14.500000000000002 180.50000000000003 179.50000000000003 191.50000000000003 179.50000000000003 167.50000000000003 1.5000000000000002
decision_type=2 2 2 2 2 2 2 2 2 2 2 2 2 2
left_child=1 3 -3 5 -5 10 7 -7 9 -8 11 -1 13 -13
right_child=-2 2 -4 4 -6 6 8 -9 -10 -11 -12 12 -14 -15
leaf_value=-0.00011267466210386452 -0.10175343812076432 0.25000745315070544 -0.016596987549591501 -0.29955031722784042 0.053562893263218038 -0.24848526567965745 0.32678902947661509 0.075058893055892473 0.0089514698928747412 0.045388832609443104 0.14624960399618386 -0.23436269688701958 -0.44120842165806717 0.051600101215346743
leaf_weight=19992 160 104 104 94 98 95 168 97 112 80 152 104 80 240
leaf_count=19992 160 104 104 94 98 95 168 97 112 80 152 104 80 240
internal_value=-4.32058e-05 0.000736465 0.119445 -0.000449845 -0.12253 0.000688718 0.0794387 -0.0872717 0.168328 0.238706 -0.00144355 -0.00257869 -0.117497 -0.0369728
internal_weight=21680 21520 208 21312 192 21120 552 192 360 248 20568 20416 424 344
internal_count=21680 21520 208 21312 192 21120 552 192 360 248 20568 20416 424 344
is_linear=0
shrinkage=0.05


Tree=197
num_leaves=15
num_cat=0
split_feature=0 5 10 14 5 5 14 5 8 1 14 8 11 7
split_gain=679.662 2389.74 2974.47 1887.68 2514.75 1686.71 2064.83 2129.38 2246.05 2053.82 1561.97 1462.11 1047.87 1366.59
threshold=1.5000000000000002 173.50000000000003 171.50000000000003 158.50000000000003 151.50000000000003 126.50000000000001 72.500000000000014 96.500000000000014 108.50000000000001 17.500000000000004 26.500000000000004 163.50000000000003 187.50000000000003 180.50000000000003
decision_type=2 2 2 2 2 2 2 2 2 2 2 2 2 2
left_child=1 2 3 5 -5 6 10 -8 -9 -7 -1 -3 -2 -14
right_child=12 11 -4 4 -6 9 7 8 -10 -11 -12 -13 13 -15
leaf_value=-0.001464235254892901 0.0018330684062921637 0.2786014530275549 -0.24450241793751901 -0.34748175133019688 -0.0082698523525207759 -0.0057420524752746192 -0.21090735750530715 0.038606559109765216 -0.16148072169383576 0.23271734158420385 0.19775597417194929 0.017976545829266784 0.16628521438732816 -0.069425245366069713
leaf_weight=809 18683 93 157 95 121 231 237 380 216 143 107 121 203 84
leaf_count=809 18683 93 157 95 121 231 237 380 216 143 107 121 203 84
internal_value=-4.54781e-05 -0.0234442 -0.0372727 -0.022871 -0.161947 -0.00837381 -0.0290231 -0.0857557 -0.0346484 0.0873009 0.0227544 0.135014 0.0033025 0.0972893
internal_weight=21680 2710 2496 2339 216 2123 1749 833 596 374 916 214 18970 287
internal_count=21680 2710 2496 2339 216 2123 1749 833 596 374 916 214 18970 287
is_linear=0
shrinkage=0.05


Tree=198
num_leaves=15
num_cat=0
split_feature=7 10 7 5 11 8 14 3 3 6 0 14 6 13
split_gain=689.876 10037.2 6365.24 4317.27 7466.43 3455.7 5906.98 3933.52 10094.1 3520.23 3356.73 3459.58 3228.04 3110.82
threshold=147.50000000000003 61.500000000000007 149.50000000000003 152.50000000000003 116.50000000000001 159.50000000000003 63.500000000000007 4.5000000000000009 5.5000000000000009 155.50000000000003 4.5000000000000009 150.50000000000003 171.50000000000003 152.50000000000003
decision_type=2 2 2 2 2 2 2 2 2 2 2 2 2 2
left_child=3 -2 -3 -1 -5 7 12 9 -9 -4 11 -11 -7 -6
right_child=1 2 5 4 13 6 -8 8 -10 10 -12 -13 -14 -15
leaf_value=-0.00063161650561953473 -0.5549808311155614 -0.33814273114111409 -0.17283263287833109 0.50517575816687088 0.15321157725522724 0.096102288463550026 0.018061224563056148 -0.67120362733216854 0.0088816431404393961 0.22841891107975312 -0.061011233324406916 0.011834593857585363 0.46720313561013627 -0.068868200232364327
leaf_weight=15904 80 136 312 104 356 124 2308 80 152 260 868 608 112 276
leaf_count=15904 80 136 312 104 356 124 2308 80 152 260 868 608 112 276
internal_value=-4.45358e-05 -0.0162416 -0.00700213 0.00486472 0.122836 0.00267396 0.0426974 -0.0419794 -0.234843 -0.0196128 0.00834165 0.0776468 0.278257 0.0564481
internal_weight=21680 5040 4960 16640 736 4824 2544 2280 232 2048 1736 868 236 632
internal_count=21680 5040 4960 16640 736 4824 2544 2280 232 2048 1736 868 236 632
is_linear=0
shrinkage=0.05


Tree=199
num_leaves=15
num_cat=0
split_feature=13 12 13 5 12 5 13 9 14 10 14 13 9 1
split_gain=664.234 879.111 1340.83 1516 1046.93 2701.25 1043.45 7494.45 2370.1 850.304 5194.2 4743.83 16647.1 4507.53
threshold=195.50000000000003 179.50000000000003 160.50000000000003 172.50000000000003 176.50000000000003 167.50000000000003 183.50000000000003 105.50000000000001 167.50000000000003 23.500000000000004 174.50000000000003 144.50000000000003 22.500000000000004 1.5000000000000002
decision_type=2 2 2 2 2 2 2 2 2 2 2 2 2 2
left_child=1 4 3 -3 6 -6 9 -8 -9 10 11 13 -13 -1
right_child=-2 2 -4 -5 5 -7 7 8 -10 -11 -12 12 -14 -15
leaf_value=0.12579905090593996 0.13945148216450917 0.11290470896842514 0.17185515904748763 -0.11264982369666299 -0.31161003804375093 0.063766849822927227 -0.4749251473533071 0.19057272768031197 -0.10171431840336237 -0.0057515685004376482 0.30836376112779518 0.030586001219279332 0.67961890804663039 -0.029156329366176154
leaf_weight=526 80 143 180 145 88 96 87 136 132 15032 144 745 109 4037
leaf_count=526 80 143 180 145 88 96 87 136 132 15032 144 745 109 4037
internal_value=-4.66758e-05 -0.000595489 0.0668195 -0.000640193 -0.00210395 -0.119255 -0.00104672 -0.0854367 0.0473842 0.000428456 0.0171239 0.00910466 0.116899 -0.0111757
internal_weight=21680 21600 468 288 21132 184 20948 355 268 20593 5561 5417 854 4563
internal_count=21680 21600 468 288 21132 184 20948 355 268 20593 5561 5417 854 4563
is_linear=0
shrinkage=0.05


Tree=200
num_leaves=15
num_cat=0
split_feature=13 4 3 1 4 14 1 1 14 11 0 3 7 11
split_gain=666.83 2388.76 7119.6 19253 15105.4 6081.24 10234.3 8186.31 5849.29 16731.9 5998.78 4952.38 4537.26 5903.18
threshold=28.500000000000004 3.5000000000000004 5.5000000000000009 11.500000000000002 2.5000000000000004 57.500000000000007 1.5000000000000002 2.5000000000000004 61.500000000000007 22.500000000000004 5.5000000000000009 5.5000000000000009 105.50000000000001 109.50000000000001
decision_type=2 2 2 2 2 2 2 2 2 2 2 2 2 2
left_child=1 2 8 4 -4 7 -7 -3 -1 10 -10 -8 13 -11
right_child=-2 5 3 -5 -6 6 11 -9 9 12 -12 -13 -14 -15
leaf_value=-0.072401815669456249 -0.006039263144626052 0.50734864675035385 0.15999119391681396 0.018925397880641636 0.88319880108916227 -0.5506757982399153 -0.015062332222905199 0.011763442961034307 0.22758623273933637 -0.18837702959331815 0.81988094974966619 -0.34280524463534984 0.065010063974678386 0.10678807957776526
leaf_weight=1673 14760 94 164 852 128 110 964 528 97 492 80 126 1359 253
leaf_count=1673 14760 94 164 852 128 110 964 528 97 492 80 126 1359 253
internal_value=-3.52675e-05 0.0127661 0.030323 0.139881 0.486545 -0.0363072 -0.101934 0.0901075 -0.00151172 0.0505273 0.51046 -0.0543405 0.0107168 -0.0880961
internal_weight=21680 6920 5098 1144 292 1822 1200 622 3954 2281 177 1090 2104 745
internal_count=21680 6920 5098 1144 292 1822 1200 622 3954 2281 177 1090 2104 745
is_linear=0
shrinkage=0.05


Tree=201
num_leaves=15
num_cat=0
split_feature=9 10 10 10 14 10 11 6 1 6 11 3 10 9
split_gain=752.972 994.519 1371.42 1110.79 2188.76 1245.68 3043.44 3352.22 2102.06 1510.71 1432.9 15214.9 7367.83 3648.36
threshold=192.50000000000003 189.50000000000003 192.50000000000003 182.50000000000003 163.50000000000003 177.50000000000003 179.50000000000003 174.50000000000003 17.500000000000004 151.50000000000003 167.50000000000003 4.5000000000000009 169.50000000000003 172.50000000000003
decision_type=2 2 2 2 2 2 2 2 2 2 2 2 2 2
left_child=1 3 -3 5 -5 10 7 8 9 -7 -1 13 -13 -12
right_child=-2 2 -4 4 -6 6 -8 -9 -10 -11 11 12 -14 -15
leaf_value=0.0024245862552827978 -0.10641909835690802 0.23227384637255188 -0.020630871675430089 -0.28444412667774643 0.046844772802828588 -0.19640882265410928 -0.11327231468953146 0.35236379077335944 0.22576027244155972 0.090090048114458726 -0.055502812589847086 -0.14640278771957932 -0.82615624801858401 0.12026179549552359
leaf_weight=19152 160 104 104 94 98 90 152 128 97 85 792 80 80 464
leaf_count=19152 160 104 104 94 98 90 152 128 97 85 792 80 80 464
internal_value=-1.47686e-05 0.000800878 0.108306 -0.0002735 -0.118452 0.000828628 0.0746094 0.146521 0.0450426 -0.0586152 -0.00116914 -0.0496133 -0.501015 0.00964872
internal_weight=21680 21520 208 21312 192 21120 552 400 272 175 20568 1416 160 1256
internal_count=21680 21520 208 21312 192 21120 552 400 272 175 20568 1416 160 1256
is_linear=0
shrinkage=0.05


Tree=202
num_leaves=15
num_cat=0
split_feature=14 7 5 4 1 1 8 1 3 6 12 0 8 5
split_gain=696.957 6837.24 13131.4 11129.1 9665.97 3856.2 3721.9 3452.5 5467.15 6064.5 3057.49 2344.89 3399.85 3119.57
threshold=135.50000000000003 25.500000000000004 103.50000000000001 2.5000000000000004 9.5000000000000018 17.500000000000004 21.500000000000004 18.500000000000004 3.5000000000000004 138.50000000000003 75.000000000000014 1.5000000000000002 161.50000000000003 161.50000000000003
decision_type=2 2 2 2 2 2 2 2 2 2 2 2 2 2
left_child=-1 4 3 -3 -2 6 -6 10 9 -9 -4 12 13 -12
right_child=1 2 7 -5 5 -7 -8 8 -10 -11 11 -13 -14 -15
leaf_value=0.0054192340380961393 0.55617588703831033 -0.74267036930240438 -0.23715477285582121 -0.075169359587810264 0.14274072874751356 0.30679717946876872 -0.23797950437683221 -0.57153943231649174 0.14770605342388152 -0.11012500584592899 -0.13610514004180935 0.019538545355041344 -0.3353579586143034 0.1536709399844863
leaf_weight=15844 115 111 127 138 112 89 138 94 120 266 234 4036 109 147
leaf_count=15844 115 111 127 138 112 89 138 94 120 266 234 4036 109 147
internal_value=-2.18607e-05 -0.0147857 -0.0305575 -0.381492 0.170479 0.033455 -0.0679624 -0.0131791 -0.14013 -0.236784 5.34304e-05 0.00696387 -0.0957615 -0.0237594
internal_weight=21680 5836 5382 249 454 339 250 5133 480 360 4653 4526 490 381
internal_count=21680 5836 5382 249 454 339 250 5133 480 360 4653 4526 490 381
is_linear=0
shrinkage=0.05


Tree=203
num_leaves=15
num_cat=0
split_feature=7 10 7 5 11 8 14 3 3 6 3 12 9 0
split_gain=679.518 9283.22 5607.04 3967.72 6733.64 3114.42 5299.69 3429.08 9081.81 3129.15 3000.21 2988.14 5131.45 2966.7
threshold=147.50000000000003 61.500000000000007 149.50000000000003 152.50000000000003 116.50000000000001 159.50000000000003 63.500000000000007 4.5000000000000009 5.5000000000000009 155.50000000000003 4.5000000000000009 165.50000000000003 162.50000000000003 4.5000000000000009
decision_type=2 2 2 2 2 2 2 2 2 2 2 2 2 2
left_child=3 -2 -3 -1 -5 7 10 9 -9 -4 -7 12 -6 -11
right_child=1 2 5 4 11 6 -8 8 -10 13 -12 -13 -14 -15
leaf_value=-0.00043053463888388698 -0.53421944114215236 -0.31801574809331423 -0.16410126117137425 0.48103382725849619 0.083706987956251658 0.11359929116099024 0.016522084213198871 -0.63451062579365347 0.010507378597880245 0.071872605273595042 0.47888014078303487 0.24423189576074578 -0.29582184527674293 -0.058480461103199446
leaf_weight=15904 80 136 312 104 368 144 2308 80 152 868 92 152 112 868
leaf_count=15904 80 136 312 104 368 144 2308 80 152 868 92 152 112 868
internal_value=-3.36111e-05 -0.0161086 -0.00722245 0.00483865 0.117933 0.00185975 0.0398561 -0.0405306 -0.220607 -0.0196438 0.262978 0.0548759 -0.00698649 0.0067153
internal_weight=21680 5040 4960 16640 736 4824 2544 2280 232 2048 236 632 480 1736
internal_count=21680 5040 4960 16640 736 4824 2544 2280 232 2048 236 632 480 1736
is_linear=0
shrinkage=0.05


Tree=204
num_leaves=15
num_cat=0
split_feature=14 7 5 4 1 13 3 4 11 6 1 1 14 1
split_gain=694.057 5496.78 11694.7 13212.1 9833.65 2766.35 5334.92 13649.3 36740.1 14707.5 13087.1 12746 7834.17 7387.42
threshold=149.50000000000003 25.500000000000004 103.50000000000001 2.5000000000000004 9.5000000000000018 133.50000000000003 3.5000000000000004 1.5000000000000002 74.500000000000014 167.50000000000003 8.5000000000000018 9.5000000000000018 124.50000000000001 18.500000000000004
decision_type=2 2 2 2 2 2 2 2 2 2 2 2 2 2
left_child=5 4 3 -3 -2 -1 11 8 -8 -10 -9 12 -7 -13
right_child=1 2 -4 -5 -6 6 7 10 9 -11 -12 13 -14 -15
leaf_value=-0.0042548024895036271 0.5769260632424128 -0.85545359414484767 -0.014851764704956021 -0.038414284197517252 0.010433724958926542 0.72781248422422973 1.0144021607183535 -0.59420836821198464 0.15390637143862015 -0.58661269663045046 -0.048302694954508216 0.13969954917510793 0.098721342567312589 -0.14141430559665411
leaf_weight=14086 100 85 4236 111 284 122 104 120 250 86 912 770 84 330
leaf_count=14086 100 85 4236 111 284 122 104 120 250 86 912 770 84 330
internal_value=-3.77552e-05 -0.0167684 -0.032552 -0.405208 0.163477 0.00474373 0.0502969 -0.0149867 0.216706 -0.0414535 -0.114339 0.123655 0.479708 0.0551071
internal_weight=21680 4816 4432 196 384 16864 2778 1472 440 336 1032 1306 206 1100
internal_count=21680 4816 4432 196 384 16864 2778 1472 440 336 1032 1306 206 1100
is_linear=0
shrinkage=0.05


Tree=205
num_leaves=15
num_cat=0
split_feature=14 4 14 3 12 12 14 6 12 3 4 3 7 3
split_gain=724.826 2598.93 6672.5 15167 4109.34 8735.42 7698.57 4735.63 3262.86 12451.9 2530.11 9771.94 8739.43 7243.25
threshold=22.500000000000004 1.5000000000000002 25.500000000000004 4.5000000000000009 22.500000000000004 24.500000000000004 95.500000000000014 21.500000000000004 163.50000000000003 4.5000000000000009 3.5000000000000004 4.5000000000000009 61.500000000000007 2.5000000000000004
decision_type=2 2 2 2 2 2 2 2 2 2 2 2 2 2
left_child=10 2 3 -2 6 -6 -4 -8 -7 -10 -1 12 -12 -14
right_child=1 -3 4 -5 5 8 7 -9 9 -11 11 -13 13 -15
leaf_value=-0.037937020882397171 -0.0081412886824112768 -0.0044232833269653776 0.17003499613993134 0.74055636574368966 0.52990288955912923 0.053951000067836791 -0.090550677898399379 -0.60814747415968906 0.032426979177800554 -0.6145208768708551 0.6446943536000227 -0.067491279966982301 -0.066417059458140637 0.32162455034362897
leaf_weight=3732 178 13464 109 104 84 1958 89 87 386 87 88 838 258 218
leaf_count=3732 178 13464 109 104 84 1958 89 87 386 87 88 838 258 218
internal_value=-3.08135e-05 0.00506232 0.0464411 0.276065 0.0228638 0.0433374 -0.155439 -0.35614 0.0254716 -0.091751 -0.0164341 0.0407363 0.200723 0.112795
internal_weight=21680 16546 3082 282 2800 2515 285 176 2431 473 5134 1402 564 476
internal_count=21680 16546 3082 282 2800 2515 285 176 2431 473 5134 1402 564 476
is_linear=0
shrinkage=0.05


Tree=206
num_leaves=15
num_cat=0
split_feature=12 0 14 7 5 11 8 12 13 13 12 9 9 5
split_gain=676.041 1096.01 867.574 5930.89 11855.9 10564.9 9316.6 4926.66 4840.82 2149.87 2079.9 2323.99 4067.61 3687.53
threshold=184.50000000000003 4.5000000000000009 141.50000000000003 25.500000000000004 103.50000000000001 71.500000000000014 22.500000000000004 21.500000000000004 140.50000000000003 180.50000000000003 75.000000000000014 113.50000000000001 111.50000000000001 157.50000000000003
decision_type=2 2 2 2 2 2 2 2 2 2 2 2 2 2
left_child=2 -2 9 6 5 -5 7 -4 -9 -1 -6 12 -12 -13
right_child=1 -3 3 4 10 -7 -8 8 -10 -11 11 13 -14 -15
leaf_value=0.0031908987939316732 0.2072467980147939 -0.027441204134559277 -0.20207747899387163 -0.11463878344269407 -0.21375607301695987 -0.81489618742330505 0.53403093245501321 0.46009757118516187 -0.065614173727352995 0.19792550750389382 0.024818970544251386 -0.084956814151861668 0.39351084549393922 0.013458174336135789
leaf_weight=16009 96 96 139 144 125 83 115 81 87 138 448 1529 85 2505
leaf_count=16009 96 96 139 144 125 83 115 81 87 138 448 1529 85 2505
internal_value=-1.77953e-05 0.0921846 -0.000862897 -0.0183219 -0.0338069 -0.382724 0.16046 0.0142075 0.193826 0.00491595 -0.0165367 -0.0109109 0.0867267 -0.0239029
internal_weight=21680 192 21488 5341 4919 227 422 307 168 16147 4692 4567 533 4034
internal_count=21680 192 21488 5341 4919 227 422 307 168 16147 4692 4567 533 4034
is_linear=0
shrinkage=0.05


Tree=207
num_leaves=15
num_cat=0
split_feature=14 10 11 7 10 1 10 7 6 13 11 0 4 9
split_gain=683.118 2581.19 6236.01 4608.54 3088.92 25445.3 7414.12 8378.6 4251.55 8822.52 5216.78 3372.63 2828.83 2670.04
threshold=22.500000000000004 167.50000000000003 162.50000000000003 163.50000000000003 109.50000000000001 3.5000000000000004 101.50000000000001 122.50000000000001 27.500000000000004 90.500000000000014 72.500000000000014 4.5000000000000009 1.5000000000000002 78.500000000000014
decision_type=2 2 2 2 2 2 2 2 2 2 2 2 2 2
left_child=1 2 4 -3 6 -6 7 8 -1 13 -11 12 -7 -10
right_child=-2 3 -4 -5 5 11 -8 -9 9 10 -12 -13 -14 -15
leaf_value=-0.02461667088727976 0.0049310996243998179 -0.47159561482641632 0.37444080906526117 0.0068931759800761943 -0.90650000795722008 0.37663806989667536 0.25832785981944673 -0.48115781675248104 0.095429277512216082 0.688839827004601 0.14014802683889868 -0.11606011590088049 0.012061022820346283 -0.28168591270628185
leaf_weight=3638 16546 80 99 123 83 87 250 91 92 80 95 202 127 87
leaf_count=3638 16546 80 99 123 83 87 250 91 92 80 95 202 127 87
internal_value=-1.33211e-05 -0.0159376 -0.00865077 -0.188477 -0.0168787 -0.134035 -0.00324766 -0.0195602 -0.00844904 0.155732 0.403145 0.0290221 0.165492 -0.0905351
internal_weight=21680 5134 4931 203 4832 499 4333 4083 3992 354 175 416 214 179
internal_count=21680 5134 4931 203 4832 499 4333 4083 3992 354 175 416 214 179
is_linear=0
shrinkage=0.05


Tree=208
num_leaves=15
num_cat=0
split_feature=9 10 10 10 14 6 10 5 5 10 4 1 11 3
split_gain=657.634 884.656 1243.79 986.583 2006.21 1091.85 1103.5 2764.5 2050.74 3930.39 1955.05 1741.94 1719.44 16214.3
threshold=192.50000000000003 189.50000000000003 192.50000000000003 182.50000000000003 163.50000000000003 191.50000000000003 177.50000000000003 158.50000000000003 179.50000000000003 167.50000000000003 1.5000000000000002 14.500000000000002 167.50000000000003 4.5000000000000009
decision_type=2 2 2 2 2 2 2 2 2 2 2 2 2 2
left_child=1 3 -3 5 -5 6 8 11 12 10 -10 -8 -1 -14
right_child=-2 2 -4 4 -6 -7 7 -9 9 -11 -12 -13 13 -15
leaf_value=0.0041020629347122192 -0.099456561609651106 0.22020167082274728 -0.020609165454676392 -0.27057513228871605 0.046537595672659506 0.12040917027899355 -0.22500376460328697 0.15858592395712665 -0.21034040124659692 -0.4148665199560278 0.044351924177335238 0.069670418313905302 0.0069263997950272929 -0.54627183791525014
leaf_weight=18656 160 104 104 94 98 184 95 328 104 80 240 97 1192 144
leaf_count=18656 160 104 104 94 98 184 95 328 104 80 240 97 1192 144
internal_value=-1.63895e-05 0.000745873 0.102139 -0.000267423 -0.111642 0.000771262 -0.000308697 0.0712669 -0.00214875 -0.110314 -0.0345584 -0.0781421 0.000172275 -0.0545142
internal_weight=21680 21520 208 21312 192 21120 20936 520 20416 424 344 192 19992 1336
internal_count=21680 21520 208 21312 192 21120 20936 520 20416 424 344 192 19992 1336
is_linear=0
shrinkage=0.05


Tree=209
num_leaves=15
num_cat=0
split_feature=12 0 14 7 11 1 5 4 14 1 5 9 12 9
split_gain=710.836 985.851 824.249 4762.42 9515.49 26169.8 9336.42 11495.4 2510.89 2674.71 3201.82 2492.99 8064.26 4602.17
threshold=184.50000000000003 4.5000000000000009 149.50000000000003 25.500000000000004 23.500000000000004 10.500000000000002 103.50000000000001 2.5000000000000004 159.50000000000003 16.500000000000004 154.50000000000003 171.50000000000003 134.50000000000003 146.50000000000003
decision_type=2 2 2 2 2 2 2 2 2 2 2 2 2 2
left_child=2 -2 11 4 5 -4 7 -5 -8 -10 -11 13 -13 -1
right_child=1 -3 3 6 -6 -7 8 -9 9 10 -12 12 -14 -15
leaf_value=-0.0018373973977895775 0.20360802192204069 -0.01925321526544187 0.96421243142835866 -0.78718373668690533 -0.26226439654915817 -0.042343672099263235 -0.082609577096541029 -0.025577176323738595 0.021985753897760259 -0.35354990864468516 -0.021263800898631072 -0.39329559596311869 -0.00075243606496736806 0.077574006159257691
leaf_weight=13904 96 96 92 85 100 192 1102 111 2686 102 227 160 632 2095
leaf_count=13904 96 96 92 85 100 192 1102 111 2686 102 227 160 632 2095
internal_value=-2.84397e-05 0.0945169 -0.000895015 -0.0193987 0.148198 0.294764 -0.0344747 -0.367231 -0.0182067 0.00543067 -0.128033 0.0042853 -0.0820239 0.00858217
internal_weight=21680 192 21488 4697 384 284 4313 196 4117 3015 329 16791 792 15999
internal_count=21680 192 21488 4697 384 284 4313 196 4117 3015 329 16791 792 15999
is_linear=0
shrinkage=0.05


Tree=210
num_leaves=15
num_cat=0
split_feature=7 14 11 6 5 12 11 7 12 9 14 1 11 1
split_gain=655.966 2144.36 1413.4 1817.19 4594.62 3549.89 4332.51 3245.44 5109.35 6736.84 15769.6 5185.4 4886.79 6592.65
threshold=21.500000000000004 169.50000000000003 20.500000000000004 96.500000000000014 77.500000000000014 23.500000000000004 50.000000000000007 105.50000000000001 85.500000000000014 109.50000000000001 61.500000000000007 4.5000000000000009 163.50000000000003 7.5000000000000009
decision_type=2 2 2 2 2 2 2 2 2 2 2 2 2 2
left_child=1 -1 -2 -4 -5 -6 -7 12 -9 10 -10 -11 13 -8
right_child=2 -3 3 4 5 6 7 8 9 11 -12 -13 -14 -15
leaf_value=-0.015093012033501389 -0.13908536001021107 -0.26762118104868032 0.027051398654793363 -0.29851579758009517 -0.31088452214996021 0.32532941318015651 -0.021380908443922875 0.15564940736655822 -0.60512815402080755 0.13100369475663307 -0.03903189774472126 0.00096538716584711074 0.18537763588293088 -0.21696655189205552
leaf_weight=2526 168 82 6056 128 88 96 1427 552 141 843 787 7989 184 613
leaf_count=2526 168 82 6056 128 88 96 1427 552 141 843 787 7989 184 613
internal_value=-3.53479e-05 -0.0235298 0.00318273 0.00448351 -0.00616042 -0.00310234 -0.000836034 -0.0034625 0.00835933 -4.6445e-05 -0.127826 0.0134444 -0.0581725 -0.0805393
internal_weight=21680 2608 19072 18904 12848 12720 12632 12536 10312 9760 928 8832 2224 2040
internal_count=21680 2608 19072 18904 12848 12720 12632 12536 10312 9760 928 8832 2224 2040
is_linear=0
shrinkage=0.05


Tree=211
num_leaves=15
num_cat=0
split_feature=12 12 9 9 1 12 7 9 3 3 10 3 13 11
split_gain=639.178 947.242 769.897 3511.33 5098.27 3401.43 5371.73 4594.83 4571.99 11360.9 5069.36 2911.76 3845.25 2746.78
threshold=184.50000000000003 185.50000000000003 159.50000000000003 152.50000000000003 17.500000000000004 134.50000000000003 152.50000000000003 166.50000000000003 5.5000000000000009 4.5000000000000009 168.50000000000003 3.5000000000000004 153.50000000000003 119.50000000000001
decision_type=2 2 2 2 2 2 2 2 2 2 2 2 2 2
left_child=2 -2 3 -1 -5 6 7 -4 9 -7 -10 12 -6 -8
right_child=1 -3 5 4 11 8 13 -9 10 -11 -12 -13 -14 -15
leaf_value=-0.0024529660248058006 0.19655478810614879 -0.021776334432387117 -0.11101035103570707 -0.012778317867928456 0.20203725609791243 0.0012360582318550496 0.166992298835516 -0.62299063039176605 0.50929807440322994 -0.51987825595184212 0.062089450685200331 0.3782644272381086 -0.16540551506306814 -0.09896218148880645
leaf_weight=16560 96 96 96 615 321 2584 120 80 80 104 256 153 87 432
leaf_count=16560 96 96 96 615 321 2584 120 80 80 104 256 153 87 432
internal_value=-4.61275e-05 0.0896072 -0.000867859 0.00348665 0.0867824 -0.0214292 -0.118061 -0.35451 0.00199046 -0.0198539 0.174474 0.195075 0.122632 -0.040166
internal_weight=21680 192 21488 17736 1176 3752 728 176 3024 2688 336 561 408 552
internal_count=21680 192 21488 17736 1176 3752 728 176 3024 2688 336 561 408 552
is_linear=0
shrinkage=0.05


Tree=212
num_leaves=15
num_cat=0
split_feature=2 14 14 14 7 1 14 13 7 10 14 13 14 14
split_gain=623.414 1863.14 4732.35 4492.08 3922.87 2144.29 1797.96 1669.3 2523.51 1601.56 1701.2 2723.59 1591.55 3054.72
threshold=1.0000000180025095e-35 71.500000000000014 28.500000000000004 64.500000000000014 164.50000000000003 2.5000000000000004 81.500000000000014 27.500000000000004 24.500000000000004 22.500000000000004 95.500000000000014 97.500000000000014 156.50000000000003 155.50000000000003
decision_type=2 2 2 2 2 2 2 2 2 2 2 2 2 2
left_child=1 2 4 -4 5 -1 -3 8 -8 -9 -11 -12 13 -2
right_child=12 6 3 -5 -6 -7 7 9 -10 10 11 -13 -14 -15
leaf_value=-0.15841193724390826 -5.1398290371016929e-05 0.24970040544867517 -0.49128902106732131 -0.0067971966623030988 0.32347481734222838 0.0061064143277208532 0.30819908018993297 -0.16009393350475215 0.056705596568464238 0.21762011376688783 -0.256656770699698 0.021347181031598526 -0.038909368302463082 0.24828038525283339
leaf_weight=222 13300 92 95 92 85 1551 110 127 784 98 87 2077 2840 120
leaf_count=222 13300 92 95 92 85 1551 110 127 784 98 87 2077 2840 120
internal_value=-4.42682e-05 0.0146334 -0.0229919 -0.259314 0.00142502 -0.0148807 0.0374318 0.0311127 0.089192 0.00923763 0.0190769 0.00960461 -0.00493981 0.0022608
internal_weight=21680 5420 2045 187 1858 1773 3375 3283 894 2389 2262 2164 16260 13420
internal_count=21680 5420 2045 187 1858 1773 3375 3283 894 2389 2262 2164 16260 13420
is_linear=0
shrinkage=0.05


Tree=213
num_leaves=15
num_cat=0
split_feature=2 2 7 1 5 9 13 1 9 1 13 14 7 6
split_gain=638.971 1162.83 1764.84 2981.94 3109.78 2589.87 2806.53 3014.83 2740.35 2531.6 2368.13 2965.5 2118.77 3579.69
threshold=2.5000000000000004 1.0000000180025095e-35 144.50000000000003 17.500000000000004 144.50000000000003 154.50000000000003 23.500000000000004 17.500000000000004 171.50000000000003 16.500000000000004 89.500000000000014 107.50000000000001 164.50000000000003 168.50000000000003
decision_type=2 2 2 2 2 2 2 2 2 2 2 2 2 2
left_child=1 -1 5 9 -5 -3 -7 8 -8 12 -11 -12 13 -4
right_child=-2 2 3 4 -6 6 7 -9 -10 10 11 -13 -14 -15
leaf_value=0.013906761190492429 0.014821268857645585 -0.01048839001278886 -0.076635841204099386 -0.13139038630365549 0.13722750583120522 0.30269648791149711 -0.21756949682687893 0.18868257231376273 0.11671829676586334 -0.41682847438706566 0.090521731496471733 -0.30828873967076398 -0.016490405365979982 -0.40181047587775365
leaf_weight=5420 5420 7608 548 148 362 127 140 183 102 92 92 86 1256 96
leaf_count=5420 5420 7608 548 148 362 127 140 183 102 92 92 86 1256 96
internal_value=-3.83746e-05 -0.00499462 -0.0144474 -0.0496101 0.0587568 -0.00287551 0.101202 0.0381712 -0.0771608 -0.0751554 -0.217113 -0.105321 -0.0544656 -0.127831
internal_weight=21680 16260 10840 2680 510 8160 552 425 242 2170 270 178 1900 644
internal_count=21680 16260 10840 2680 510 8160 552 425 242 2170 270 178 1900 644
is_linear=0
shrinkage=0.05


Tree=214
num_leaves=15
num_cat=0
split_feature=14 6 4 11 10 1 6 9 3 10 11 11 12 4
split_gain=628.553 2439.54 14203.9 4298.88 6076.19 19250.3 6949.8 6834.64 11506.4 5100.53 4290.53 3517.32 2710.52 2374.77
threshold=22.500000000000004 167.50000000000003 1.5000000000000002 162.50000000000003 109.50000000000001 3.5000000000000004 27.500000000000004 24.500000000000004 4.5000000000000009 159.50000000000003 140.00000000000003 103.50000000000001 118.50000000000001 1.5000000000000002
decision_type=2 2 2 2 2 2 2 2 2 2 2 2 2 2
left_child=1 3 -3 4 6 -6 -1 -8 11 10 12 -9 -7 -2
right_child=13 2 -4 -5 5 9 7 8 -10 -11 -12 -13 -14 -15
leaf_value=-0.02380339035861587 0.044252216018184874 -0.67032557736330833 0.14790201572356401 0.24130057917383618 -0.85363486500626262 0.093742017762528537 0.57175884634949437 0.12452499084303537 -0.31095601779719195 -0.36523386493816479 0.35414413096529718 0.45198102640379378 -0.24813494315626575 -0.0043691047239532111
leaf_weight=3670 3082 83 130 162 83 130 81 284 130 86 84 114 97 13464
leaf_count=3670 3082 83 130 162 83 130 81 284 130 86 84 114 97 13464
internal_value=-4.46979e-05 -0.0153198 -0.178999 -0.0080606 -0.0167934 -0.184519 0.0022148 0.157925 0.0896705 -0.0357514 0.0596969 0.222763 -0.0545457 0.00469815
internal_weight=21680 5134 213 4921 4759 480 4279 609 528 397 311 398 227 16546
internal_count=21680 5134 213 4921 4759 480 4279 609 528 397 311 398 227 16546
is_linear=0
shrinkage=0.05


Tree=215
num_leaves=15
num_cat=0
split_feature=9 2 10 10 10 14 6 8 7 0 13 5 8 1
split_gain=615.515 899.604 793.51 1157.89 947.317 1780.27 1011.99 4026 4577.98 3289.64 2755.34 2753.59 2682.57 3964.99
threshold=192.50000000000003 1.5000000000000002 189.50000000000003 192.50000000000003 182.50000000000003 163.50000000000003 176.50000000000003 147.50000000000003 171.50000000000003 4.5000000000000009 156.50000000000003 173.50000000000003 169.50000000000003 12.500000000000002
decision_type=2 2 2 2 2 2 2 2 2 2 2 2 2 2
left_child=2 -2 4 -4 6 -6 -1 9 -9 10 -8 -11 -10 -14
right_child=1 -3 3 -5 5 -7 7 8 12 11 -12 -13 13 -15
leaf_value=-0.0019146017258680763 -0.20958316380486772 0.02274356500190847 0.21063819608967238 -0.021639453148076294 -0.2590918218359502 0.039777710400883431 0.26091775294612435 0.38357784303128722 0.15074979534500266 -0.044611918608124336 -0.13336262874785931 -0.44669711761950942 -0.22923856593973047 0.10153837965633633
leaf_weight=19944 80 80 104 104 94 98 80 120 360 84 88 84 154 206
leaf_count=19944 80 80 104 104 94 98 80 120 360 84 88 84 154 206
internal_value=-4.76148e-05 -0.0962507 0.000689842 0.0967177 -0.000269833 -0.109406 0.000747975 0.04572 0.104079 -0.0995637 0.0565045 -0.252754 0.0551715 -0.0411626
internal_weight=21680 160 21520 208 21312 192 21120 1176 840 336 168 168 720 360
internal_count=21680 160 21520 208 21312 192 21120 1176 840 336 168 168 720 360
is_linear=0
shrinkage=0.05


Tree=216
num_leaves=15
num_cat=0
split_feature=13 12 13 5 13 9 14 10 14 11 4 1 14 9
split_gain=604.207 733.981 1089.2 1339.67 873.223 6777.02 2153.59 1057.41 3758.81 3289.61 5911.37 4697.27 3346.52 3313.69
threshold=195.50000000000003 179.50000000000003 160.50000000000003 172.50000000000003 183.50000000000003 105.50000000000001 167.50000000000003 162.50000000000003 173.50000000000003 155.50000000000003 1.5000000000000002 13.500000000000002 143.50000000000003 156.50000000000003
decision_type=2 2 2 2 2 2 2 2 2 2 2 2 2 2
left_child=1 4 3 -3 7 -6 -7 9 -9 -1 13 -12 -13 -11
right_child=-2 2 -4 -5 5 6 -8 8 -10 10 11 12 -14 -15
leaf_value=-0.00064267709883842651 0.1329984516825746 0.10693783603004509 0.15569693507022553 -0.10509399331112704 -0.45029304183452673 0.17932714284558238 -0.093420436567113074 -0.049824071908378287 0.10398191490806159 0.099597450299736337 -0.23496654645553719 0.20025894646074566 -0.054925567326752571 0.533445871122322
leaf_weight=16776 80 143 180 145 87 140 140 2694 461 80 129 310 214 101
leaf_count=16776 80 143 180 145 87 140 140 2694 461 80 129 310 214 101
internal_value=-4.72654e-05 -0.000570693 0.0610288 0.000213996 -0.00194902 -0.0778777 0.0437069 -0.000588636 -0.0272214 0.00418925 0.100809 0.0297376 0.0965083 0.349522
internal_weight=21680 21600 468 288 21132 367 280 20765 3155 17610 834 653 524 181
internal_count=21680 21600 468 288 21132 367 280 20765 3155 17610 834 653 524 181
is_linear=0
shrinkage=0.05


Tree=217
num_leaves=15
num_cat=0
split_feature=1 13 9 14 3 9 5 14 1 4 3 6 11 13
split_gain=631.435 3412.76 3660.69 3057.98 2632.76 4180.32 4023.52 4669.91 2249.78 6859.19 10596.5 5301.86 3916.56 4025.47
threshold=19.500000000000004 130.50000000000003 159.50000000000003 134.50000000000003 4.5000000000000009 146.50000000000003 110.50000000000001 107.50000000000001 17.500000000000004 1.5000000000000002 4.5000000000000009 154.50000000000003 163.50000000000003 158.50000000000003
decision_type=2 2 2 2 2 2 2 2 2 2 2 2 2 2
left_child=8 3 -3 4 5 -2 -6 -8 -1 10 -10 12 13 -11
right_child=1 2 -4 -5 6 -7 7 -9 9 11 -12 -13 -14 -15
leaf_value=-0.0021141255764777658 -0.0010634869403886246 -0.043435335532107967 -0.42689774860901863 -0.25222044416572437 -0.0071086243336409144 0.16741258547484103 -0.48700325923661397 -0.039662373905876347 0.053487605879161786 -0.051319818382281307 0.60483311400433681 0.18262783263223276 0.16804002885961666 -0.38907359487781623
leaf_weight=16266 1813 163 97 116 728 457 103 129 256 834 128 322 174 94
leaf_count=16266 1813 163 97 116 728 457 103 129 256 834 128 322 174 94
internal_value=-3.88717e-05 -0.0191276 -0.191852 -0.00543993 0.00379891 0.0331478 -0.0654111 -0.244351 0.00377383 0.0566056 0.242681 0.00575427 -0.0465189 -0.0874337
internal_weight=21680 3606 260 3346 3230 2270 960 232 18074 1808 384 1424 1102 928
internal_count=21680 3606 260 3346 3230 2270 960 232 18074 1808 384 1424 1102 928
is_linear=0
shrinkage=0.05


Tree=218
num_leaves=15
num_cat=0
split_feature=7 10 7 5 11 8 14 3 3 3 6 13 7 9
split_gain=613.21 7547.22 4169.96 3184.52 5996.74 2712.6 4585.13 3040 2890.64 7837.45 2797.41 2596.33 4010.83 2573.18
threshold=147.50000000000003 61.500000000000007 149.50000000000003 152.50000000000003 116.50000000000001 159.50000000000003 63.500000000000007 4.5000000000000009 4.5000000000000009 5.5000000000000009 155.50000000000003 152.50000000000003 115.50000000000001 173.50000000000003
decision_type=2 2 2 2 2 2 2 2 2 2 2 2 2 2
left_child=3 -2 -3 13 -5 8 7 -7 10 -10 -4 -6 -13 -1
right_child=1 2 5 4 11 6 -8 -9 9 -11 -12 12 -14 -15
leaf_value=-0.0024319043595805371 -0.48247554884237404 -0.27532231511667055 -0.15643028706688233 0.44853204515989048 0.13486874051639744 0.094075926298263099 0.014293302553438112 0.46054825607936867 -0.58887025616624777 0.010314194281484671 0.0050810486152083421 -0.30566342785065875 0.080313356515377937 0.17586474467511859
leaf_weight=15704 80 136 312 104 356 144 2308 92 80 152 1736 104 172 200
leaf_count=15704 80 136 312 104 356 144 2308 92 80 152 1736 104 172 200
internal_value=-4.29633e-05 -0.0153136 -0.0073004 0.00458548 0.105905 0.000533022 0.0359949 0.243529 -0.0390271 -0.204366 -0.0198452 0.0464455 -0.0679781 -0.000135176
internal_weight=21680 5040 4960 16640 736 4824 2544 236 2280 232 2048 632 276 15904
internal_count=21680 5040 4960 16640 736 4824 2544 236 2280 232 2048 632 276 15904
is_linear=0
shrinkage=0.05


Tree=219
num_leaves=15
num_cat=0
split_feature=10 10 6 11 7 1 12 9 6 11 6 7 10 7
split_gain=638.947 3328.18 5016.05 3321 5717.31 4472.03 3301.92 4334.78 3712.22 2681.87 3166.82 6853.56 7735.27 5116.04
threshold=162.50000000000003 163.50000000000003 147.50000000000003 155.50000000000003 98.500000000000014 15.500000000000002 134.50000000000003 171.50000000000003 167.50000000000003 132.50000000000003 138.50000000000003 151.50000000000003 61.500000000000007 165.50000000000003
decision_type=2 2 2 2 2 2 2 2 2 2 2 2 2 2
left_child=3 2 -2 9 -5 -6 7 -3 -9 10 -1 -12 -13 -14
right_child=1 6 -4 4 5 -7 -8 8 -10 -11 11 12 13 -15
leaf_value=-0.0032096242179957125 -0.43421729792339303 -0.0088273005906779039 0.0063215298240616828 0.390935372301635 -0.18792516406080345 0.10871259378188687 0.014316259613941899 -0.079899019961900061 -0.51907928808785897 -0.064597682783531674 0.20598205413631909 -0.45977081110290091 -0.10457276276886054 0.10797329484641274
leaf_weight=13672 112 320 144 136 159 561 2976 96 96 1504 592 80 432 800
leaf_count=13672 112 320 144 136 159 561 2976 96 96 1504 592 80 432 800
internal_value=-4.52802e-05 -0.0188185 -0.19104 0.00387763 0.0996905 0.0423608 -0.00592296 -0.122564 -0.30709 -0.000952002 0.00521231 0.0655374 0.00162467 0.0333227
internal_weight=21680 3744 256 17936 856 720 3488 512 192 17080 15576 1904 1312 1232
internal_count=21680 3744 256 17936 856 720 3488 512 192 17080 15576 1904 1312 1232
is_linear=0
shrinkage=0.05


Tree=220
num_leaves=15
num_cat=0
split_feature=14 7 3 12 12 5 4 13 3 4 11 6 1 1
split_gain=676.106 4369.39 9186.76 11083.5 9637.98 8558.23 10500.2 2496.68 4737.62 12209.5 32354.8 12110.7 11845.1 11233
threshold=149.50000000000003 25.500000000000004 3.5000000000000004 21.500000000000004 23.500000000000004 103.50000000000001 2.5000000000000004 133.50000000000003 3.5000000000000004 1.5000000000000002 74.500000000000014 167.50000000000003 8.5000000000000018 9.5000000000000018
decision_type=2 2 2 2 2 2 2 2 2 2 2 2 2 2
left_child=7 2 -2 -4 -5 6 -3 -1 13 10 -10 -12 -11 -9
right_child=1 5 3 4 -6 -7 -8 8 9 12 11 -13 -14 -15
leaf_value=-0.0038843590515100081 0.56572011231706421 -0.75079215638546482 -0.4020156704199811 0.56877023868705379 -0.13095345678074019 -0.015493262713887469 -0.022969980801230874 0.45132636264588916 0.95412050256625225 -0.56407674611508851 0.1405171023981244 -0.53145208145072176 -0.044732566798185054 0.052713658803114162
leaf_weight=14086 92 85 103 96 93 4236 111 206 104 120 250 86 912 1100
leaf_count=14086 92 85 103 96 93 4236 111 206 104 120 250 86 912 1100
internal_value=-5.48662e-05 -0.0165678 0.144138 0.00402243 0.229961 -0.0306384 -0.349432 0.00466438 0.0479403 -0.0135819 0.205548 -0.0367457 -0.10755 0.11707
internal_weight=21680 4816 384 292 189 4432 196 16864 2778 1472 440 336 1032 1306
internal_count=21680 4816 384 292 189 4432 196 16864 2778 1472 440 336 1032 1306
is_linear=0
shrinkage=0.05


Tree=221
num_leaves=15
num_cat=0
split_feature=14 7 6 1 5 3 10 0 12 1 3 9 7 7
split_gain=627.873 4560.2 8818.99 15348.3 6267.5 15205.8 6276.8 5867.34 3059.91 2540.05 4046.3 4156.09 2429.97 5103.5
threshold=135.50000000000003 24.500000000000004 21.500000000000004 11.500000000000002 110.50000000000001 3.5000000000000004 96.500000000000014 4.5000000000000009 84.500000000000014 18.500000000000004 3.5000000000000004 151.50000000000003 123.50000000000001 115.50000000000001
decision_type=2 2 2 2 2 2 2 2 2 2 2 2 2 2
left_child=-1 2 -2 -4 5 7 -7 -3 -9 12 11 -11 13 -6
right_child=1 4 3 -5 9 6 -8 8 -10 10 -12 -13 -14 -15
leaf_value=0.0051153503243142398 -0.078000622039410078 -0.28130895181248589 0.88422779797137485 -0.013196022320877422 0.02374845309639572 -0.24945209085248241 -0.88461899043948855 0.29122045659101925 -0.090381328994408261 -0.50082671724343564 0.12858879123213551 -0.10276247030089447 -0.017836758093383472 0.33584864003206394
leaf_weight=15844 203 115 82 105 917 81 81 138 80 84 119 264 3419 148
leaf_count=15844 203 115 82 105 917 81 81 138 80 84 119 264 3419 148
internal_value=-4.90467e-05 -0.0140621 0.150005 0.393105 -0.0259382 -0.19465 -0.584013 0.000606622 0.152296 -0.008891 -0.11922 -0.20458 0.0027195 0.0684868
internal_weight=21680 5836 390 187 5446 495 162 333 218 4951 467 348 4484 1065
internal_count=21680 5836 390 187 5446 495 162 333 218 4951 467 348 4484 1065
is_linear=0
shrinkage=0.05


Tree=222
num_leaves=15
num_cat=0
split_feature=14 7 8 5 4 8 13 7 7 12 0 3 1 11
split_gain=591.858 3697.4 8506.5 7524.89 9050.46 5428.11 2285.84 4697.13 16320.5 5339.67 5087.62 9485.01 12588.3 11443
threshold=149.50000000000003 25.500000000000004 22.500000000000004 103.50000000000001 2.5000000000000004 21.500000000000004 133.50000000000003 22.500000000000004 23.500000000000004 25.500000000000004 4.5000000000000009 3.5000000000000004 16.500000000000004 80.500000000000014
decision_type=2 2 2 2 2 2 2 2 2 2 2 2 2 2
left_child=6 2 5 4 -3 -2 -1 9 -9 -8 -10 -12 13 -13
right_child=1 3 -4 -5 -6 -7 7 8 10 -11 11 12 -14 -15
leaf_value=-0.0038172826129207076 0.15875661445626368 -0.70000347016586195 0.51191562836833093 -0.014244974416160072 -0.024154727942920451 -0.28459755968568579 -0.012583975636193324 0.63031872619492146 0.13119335981723326 -0.43245037085212329 0.10193528824539927 -0.73222382367216776 0.27786122322684587 -0.11143517002582903
leaf_weight=14086 175 85 102 4236 111 107 697 124 933 80 546 124 94 180
leaf_count=14086 175 85 102 4236 111 107 697 124 933 80 546 124 94 180
internal_value=-5.29311e-05 -0.0155028 0.13233 -0.0284461 -0.327374 -0.0114939 0.00436251 0.0457709 0.0862277 -0.0583021 0.0487044 -0.0330851 -0.217281 -0.372403
internal_weight=21680 4816 384 4432 196 282 16864 2778 2001 777 1877 944 398 304
internal_count=21680 4816 384 4432 196 282 16864 2778 2001 777 1877 944 398 304
is_linear=0
shrinkage=0.05


Tree=223
num_leaves=15
num_cat=0
split_feature=9 2 5 6 4 6 5 6 9 13 14 9 6 14
split_gain=587.764 811.714 724.841 753.105 3527.71 7018.78 3606.65 2525.08 3642.23 3926.05 2321.32 1937.51 2528.65 2142.17
threshold=192.50000000000003 1.5000000000000002 190.50000000000003 179.50000000000003 1.5000000000000002 182.50000000000003 177.50000000000003 176.50000000000003 171.50000000000003 105.50000000000001 144.50000000000003 181.50000000000003 174.50000000000003 156.50000000000003
decision_type=2 2 2 2 2 2 2 2 2 2 2 2 2 2
left_child=2 -2 3 7 5 -5 -6 11 10 -10 -9 12 13 -1
right_child=1 -3 -4 4 6 -7 -8 8 9 -11 -12 -13 -14 -15
leaf_value=0.0048034557163540645 -0.20170522421598436 0.019107506082338448 0.096133410422424528 -0.57162948264356916 0.21743139232313086 0.029704658179265316 -0.0859129404556363 0.44836725685553458 -0.22974358533146019 0.14134882870647644 0.11524237411082253 0.11971722197819215 -0.25290261302604383 -0.041321900431634077
leaf_weight=16854 80 80 192 80 152 112 256 92 113 175 124 320 96 2954
leaf_count=16854 80 80 192 80 152 112 256 92 113 175 124 320 96 2954
internal_value=-5.60898e-05 -0.0940655 0.000664553 -0.000217212 -0.055206 -0.229 0.0283619 0.00138744 0.111377 -0.00568926 0.264063 -0.00138045 -0.00335693 -0.00208399
internal_weight=21680 160 21520 21328 600 192 408 20728 504 288 216 20224 19904 19808
internal_count=21680 160 21520 21328 600 192 408 20728 504 288 216 20224 19904 19808
is_linear=0
shrinkage=0.05


Tree=224
num_leaves=15
num_cat=0
split_feature=14 10 11 9 10 1 10 7 13 7 12 9 6 0
split_gain=582.353 2365.36 4668.48 3970.67 2600.82 20333.5 6435.9 6850.03 3984.54 5943.94 3604.21 3612.18 5064.71 2976.67
threshold=22.500000000000004 167.50000000000003 162.50000000000003 176.50000000000003 109.50000000000001 3.5000000000000004 101.50000000000001 122.50000000000001 171.50000000000003 22.500000000000004 103.50000000000001 93.500000000000014 27.500000000000004 4.5000000000000009
decision_type=2 2 2 2 2 2 2 2 2 2 2 2 2 2
left_child=1 2 4 -3 6 -6 7 8 10 -10 11 12 -1 -7
right_child=-2 3 -4 -5 5 13 -8 -9 9 -11 -12 -13 -14 -15
leaf_value=-0.03159120800173016 0.0045097308130476804 -0.35301868538081183 0.32368151157234726 0.091313720766235798 -0.81292667094279425 0.15163258089764753 0.24131325222040509 -0.43496695477515462 -0.052816817335980509 0.47342498068196276 0.30068924930379837 -0.30514205289361751 0.23981606145723833 -0.11285888953201906
leaf_weight=3419 16546 123 99 80 83 214 250 91 109 99 81 108 176 202
leaf_count=3419 16546 123 99 80 83 214 250 91 109 99 81 108 176 202
internal_value=-5.54913e-05 -0.0147585 -0.00778346 -0.179927 -0.0149022 -0.122404 -0.00239517 -0.0175942 -0.00754773 0.202888 -0.0193675 -0.0267645 -0.0179893 0.0233866
internal_weight=21680 5134 4931 203 4832 499 4333 4083 3992 208 3784 3703 3595 416
internal_count=21680 5134 4931 203 4832 499 4333 4083 3992 208 3784 3703 3595 416
is_linear=0
shrinkage=0.05


Tree=225
num_leaves=15
num_cat=0
split_feature=10 10 6 11 3 1 14 12 9 6 8 11 12 8
split_gain=570.377 3075.25 4553.33 2996.28 5435.55 4191.67 3113.68 2935.53 3847.04 3227.92 2506.22 2398.87 2677.54 2356.79
threshold=162.50000000000003 163.50000000000003 147.50000000000003 155.50000000000003 4.5000000000000009 13.500000000000002 143.50000000000003 134.50000000000003 171.50000000000003 167.50000000000003 158.50000000000003 151.50000000000003 154.50000000000003 142.50000000000003
decision_type=2 2 2 2 2 2 2 2 2 2 2 2 2 2
left_child=3 2 -2 11 5 -5 -7 8 10 -10 -3 -1 -13 -8
right_child=1 7 -4 4 -6 6 13 -9 9 -11 -12 12 -14 -15
leaf_value=0.0017681008981009162 -0.41503011413619051 -0.24204860206912546 0.0047409121522167391 -0.19957347748470591 0.41157405853717244 0.19304777599536466 0.073386074644987462 0.013685249896082406 -0.077191393466500363 -0.48691662873076924 0.073056582970810788 -0.24680138183371506 0.033473088618386659 -0.24896531169151151
leaf_weight=16736 112 80 144 138 112 363 162 2976 96 96 240 200 144 81
leaf_count=16736 112 80 144 138 112 363 162 2976 96 96 240 200 144 81
internal_value=-5.59094e-05 -0.0177932 -0.183341 0.00365053 0.0946588 0.0445221 0.101286 -0.00539778 -0.115378 -0.289213 -0.00823159 -0.000936905 -0.130678 -0.0369175
internal_weight=21680 3744 256 17936 856 744 606 3488 512 192 320 17080 344 243
internal_count=21680 3744 256 17936 856 744 606 3488 512 192 320 17080 344 243
is_linear=0
shrinkage=0.05


Tree=226
num_leaves=15
num_cat=0
split_feature=1 13 3 8 14 9 12 1 4 3 7 13 6 14
split_gain=564.671 3308.18 2568.04 5947.83 3235.24 3091.18 2132.93 1946.05 5962.79 9330.6 4760.44 3705.91 4554.99 6112.52
threshold=19.500000000000004 136.50000000000003 4.5000000000000009 151.50000000000003 135.50000000000003 146.50000000000003 147.50000000000003 17.500000000000004 1.5000000000000002 4.5000000000000009 162.50000000000003 158.50000000000003 138.50000000000003 137.50000000000003
decision_type=2 2 2 2 2 2 2 2 2 2 2 2 2 2
left_child=7 2 4 6 5 -2 -4 -1 9 -9 11 12 -10 -14
right_child=1 -3 3 -5 -6 -7 -8 8 10 -11 -12 -13 13 -15
leaf_value=-0.0019365329614111561 -0.0024687759845594365 -0.31247236741486417 -0.011156135638805935 -0.44765710586453883 -0.27586112705233334 0.1330485978924989 -0.25573500853963199 0.048666619391705114 -0.086424325250018127 0.56599332782951073 0.24801969218967579 -0.24241539980258262 0.38989018296746364 0.0035497766095160068
leaf_weight=16266 1881 88 826 93 86 537 95 256 598 128 172 170 141 343
leaf_count=16266 1881 88 826 93 86 537 95 256 598 128 172 170 141 343
internal_value=-6.59316e-05 -0.0181173 -0.0103213 -0.077247 0.0168804 0.02784 -0.0376288 0.00353958 0.0526758 0.226167 0.00526397 -0.0289398 0.00556156 0.118935
internal_weight=21680 3606 3518 1014 2504 2418 921 18074 1808 384 1424 1252 1082 484
internal_count=21680 3606 3518 1014 2504 2418 921 18074 1808 384 1424 1252 1082 484
is_linear=0
shrinkage=0.05


Tree=227
num_leaves=15
num_cat=0
split_feature=13 13 1 14 4 5 4 13 2 4 13 10 3 14
split_gain=563.035 2063.95 2829.86 4224.02 2829.06 4492.32 3011.64 2657.58 2741.6 2376.86 2361.71 2856.92 2414.25 6113.35
threshold=28.500000000000004 70.500000000000014 1.5000000000000002 22.500000000000004 2.5000000000000004 65.500000000000014 1.5000000000000002 65.500000000000014 1.0000000180025095e-35 2.5000000000000004 98.500000000000014 122.50000000000001 3.5000000000000004 104.50000000000001
decision_type=2 2 2 2 2 2 2 2 2 2 2 2 2 2
left_child=-1 7 3 -3 6 -6 -5 8 -2 -9 11 -4 13 -12
right_child=1 2 10 4 5 -7 -8 9 -10 -11 12 -13 -14 -15
leaf_value=0.011697444434618738 -0.21411260991776718 -0.14701220105901311 -0.030908458413069217 0.051123494110766832 -0.22745598110361637 0.16678964237060248 0.36783191006025073 -0.0722422031313181 0.0578574735624275 -0.4105229485924673 0.1027124102495743 -0.20458850012105328 -0.02775412001837145 -0.0066840958467890054
leaf_weight=6920 126 148 1108 122 102 218 198 110 312 98 1650 297 4681 5590
leaf_count=6920 126 148 1108 122 102 218 198 110 312 98 1650 297 4681 5590
internal_value=-6.5482e-05 -0.00558244 -0.00156705 0.0901967 0.145766 0.0395578 0.249731 -0.0926262 -0.0219141 -0.23752 -0.00702506 -0.0682176 0.000212621 0.0183011
internal_weight=21680 14760 14114 788 640 320 320 646 438 208 13326 1405 11921 7240
internal_count=21680 14760 14114 788 640 320 320 646 438 208 13326 1405 11921 7240
is_linear=0
shrinkage=0.05


Tree=228
num_leaves=15
num_cat=0
split_feature=2 14 14 5 1 3 9 13 14 14 11 11 5 7
split_gain=558.886 1162.7 2453.94 2259.59 1852.71 1843.89 4771.52 1663.88 1411.83 1511.56 1349.91 1242.1 1834.13 4480.44
threshold=2.5000000000000004 141.50000000000003 129.50000000000003 142.50000000000003 16.500000000000004 3.5000000000000004 111.50000000000001 172.50000000000003 180.50000000000003 168.50000000000003 156.50000000000003 166.50000000000003 135.50000000000003 148.50000000000003
decision_type=2 2 2 2 2 2 2 2 2 2 2 2 2 2
left_child=-1 2 11 -4 5 7 -7 8 9 -3 -6 12 -2 -14
right_child=1 4 3 -5 10 6 -8 -9 -10 -11 -12 -13 13 -15
leaf_value=-0.0047041831607472512 0.014956041190261516 0.11360769340441586 0.03066948206016892 0.38782932403382292 -0.24131430227410153 -0.35188246337521795 0.060578904249445578 -0.073434313369048723 0.25391797071153466 -0.048936553499330161 -0.032773051899011779 -0.10981260235447668 0.40199454107356297 0.0008950915261732406
leaf_weight=16260 3261 354 90 84 143 112 172 238 94 234 167 172 103 196
leaf_count=16260 3261 354 90 84 143 112 172 238 94 234 167 172 103 196
internal_value=-6.89325e-05 0.0138283 0.0282371 0.209108 -0.0233157 0.00490892 -0.105356 0.0393326 0.0789333 0.0490545 -0.131275 0.0195357 0.0259304 0.143406
internal_weight=21680 5420 3906 174 1514 1204 284 920 682 588 310 3732 3560 299
internal_count=21680 5420 3906 174 1514 1204 284 920 682 588 310 3732 3560 299
is_linear=0
shrinkage=0.05


Tree=229
num_leaves=15
num_cat=0
split_feature=9 2 5 0 6 3 3 5 6 9 13 14 9 6
split_gain=553.892 730.75 655.736 728.439 660.898 3477.18 10291.4 2746.7 2248.28 3286.39 3403.44 2167.08 1725.69 2292.53
threshold=192.50000000000003 1.5000000000000002 190.50000000000003 4.5000000000000009 179.50000000000003 5.5000000000000009 3.5000000000000004 176.50000000000003 176.50000000000003 171.50000000000003 105.50000000000001 144.50000000000003 181.50000000000003 174.50000000000003
decision_type=2 2 2 2 2 2 2 2 2 2 2 2 2 2
left_child=2 -2 4 -4 8 6 7 -6 12 11 -11 -10 13 -1
right_child=1 -3 3 -5 5 -7 -8 -9 9 10 -12 -13 -14 -15
leaf_value=-0.0019617899616030852 -0.19344182826140349 0.016171109904261197 0.18518544454865232 -0.0068269472274154726 0.2102946542107906 0.1939450511119814 -0.55954531706537647 -0.077431777631210397 0.42811381393256265 -0.2146967343212563 0.13081653138208721 0.10659392986071202 0.11297795453667642 -0.24078300605242206
leaf_weight=19808 80 80 96 96 112 112 96 280 92 113 175 124 320 96
leaf_count=19808 80 80 96 96 112 112 96 280 92 113 175 124 320 96
internal_value=-6.08562e-05 -0.0913213 0.000638715 0.0914427 -0.000199965 -0.0517125 -0.109488 0.00638896 0.00130325 0.105089 -0.00609979 0.250125 -0.00130853 -0.00317384
internal_weight=21680 160 21520 192 21328 600 488 392 20728 504 288 216 20224 19904
internal_count=21680 160 21520 192 21328 600 488 392 20728 504 288 216 20224 19904
is_linear=0
shrinkage=0.05


Tree=230
num_leaves=15
num_cat=0
split_feature=10 14 11 3 1 3 13 11 6 13 14 12 12 11
split_gain=551.178 2976.01 2654.7 5825.67 3810.42 2267.7 12881.9 10707.4 4510.13 2274.79 2261.16 2042.46 1946.34 1784.21
threshold=162.50000000000003 179.50000000000003 156.50000000000003 4.5000000000000009 13.500000000000002 4.5000000000000009 101.50000000000001 168.50000000000003 162.50000000000003 22.500000000000004 149.50000000000003 127.50000000000001 160.50000000000003 132.50000000000003
decision_type=2 2 2 2 2 2 2 2 2 2 2 2 2 2
left_child=2 5 13 4 -4 11 8 -8 -7 -10 -6 -2 -12 -1
right_child=1 -3 3 -5 10 6 7 -9 9 -11 12 -13 -14 -15
leaf_value=0.0049371594389122798 -0.16255695225557254 0.14027213124181767 -0.18704171402728303 0.45015251376841325 0.19121807621025722 0.37619880156798496 -0.079175849038768897 -0.80818416108988755 -0.18726383700005469 0.13177889124581629 -0.18299535435438158 -0.0018674408305525839 0.14159475708120436 -0.049576349064474827
leaf_weight=15576 208 272 138 96 294 85 105 94 119 97 95 2764 81 1656
leaf_count=15576 208 272 138 96 294 85 105 94 119 97 95 2764 81 1656
internal_value=-5.67823e-05 -0.017493 0.00358675 0.0984066 0.039649 -0.0300364 -0.128002 -0.4349 0.0786883 -0.0442501 0.107478 -0.0133677 -0.0338253 -0.000314465
internal_weight=21680 3744 17936 704 608 3472 500 199 301 216 470 2972 176 17232
internal_count=21680 3744 17936 704 608 3472 500 199 301 216 470 2972 176 17232
is_linear=0
shrinkage=0.05


Tree=231
num_leaves=15
num_cat=0
split_feature=13 14 4 3 7 3 6 5 7 8 6 9 5 10
split_gain=554.701 651.29 2325.77 7670.85 7664.41 6270.11 4005.94 3396.55 4302.34 5792.41 4196.49 4943.76 3159.64 2384.66
threshold=195.50000000000003 22.500000000000004 3.5000000000000004 4.5000000000000009 61.500000000000007 2.5000000000000004 167.50000000000003 153.50000000000003 109.50000000000001 122.50000000000001 94.500000000000014 103.50000000000001 111.50000000000001 114.50000000000001
decision_type=2 2 2 2 2 2 2 2 2 2 2 2 2 2
left_child=1 2 6 4 -4 13 7 8 10 -10 11 -1 -7 -6
right_child=-2 -3 3 -5 5 12 -8 -9 9 -11 -12 -13 -14 -15
leaf_value=-0.021087701702296225 0.12742215096950532 0.0042893822779562088 0.59613666095400375 -0.057192841850879611 0.035566080992038437 0.51007520242904625 -0.28315002642206472 0.19655496677520073 -0.42011577547267542 0.035311953285269031 0.23768515771884005 -0.39541378117033416 0.12322455630919925 -0.2845455377254375
leaf_weight=2908 80 16468 88 838 177 91 153 159 156 122 146 86 127 81
leaf_count=2908 80 16468 88 838 177 91 153 159 156 122 146 86 127 81
internal_value=-5.65086e-05 -0.000558032 -0.0161019 0.038708 0.180449 0.0982016 -0.0367275 -0.0258067 -0.0364226 -0.223159 -0.0195614 -0.0324812 0.292524 -0.068433
internal_weight=21680 21600 5132 1402 564 476 3730 3577 3418 278 3140 2994 218 258
internal_count=21680 21600 5132 1402 564 476 3730 3577 3418 278 3140 2994 218 258
is_linear=0
shrinkage=0.05


Tree=232
num_leaves=15
num_cat=0
split_feature=8 3 11 3 7 14 6 5 8 7 4 3 1 13
split_gain=533.795 8453.14 2048.63 2604.75 982.539 5142.81 1716.92 4105.49 3213.84 5033.38 4129.29 14173.3 19404.8 19356.4
threshold=20.500000000000004 4.5000000000000009 20.500000000000004 4.5000000000000009 21.500000000000004 164.50000000000003 96.500000000000014 77.500000000000014 118.50000000000001 93.500000000000014 1.5000000000000002 4.5000000000000009 13.500000000000002 106.50000000000001
decision_type=2 2 2 2 2 2 2 2 2 2 2 2 2 2
left_child=1 -1 3 -2 5 -4 8 -8 9 10 11 -6 13 -13
right_child=2 -3 4 -5 6 -7 7 -9 -10 -11 -12 12 -14 -15
leaf_value=0.48804107057335583 -0.3450951398272688 -0.031007251736650435 -0.015350340803578387 -0.032310573081588953 -0.029078996213334592 -0.40290183856255485 -0.28276618072637044 -0.0035189470858775144 -0.26587543416447862 0.24865554598723302 0.0004674955783010428 0.54391880718939889 0.77250418060459203 -0.35964580448774197
leaf_weight=87 91 529 1763 221 672 85 128 12720 88 248 4664 104 155 125
leaf_count=87 91 529 1763 221 672 85 128 12720 88 248 4664 104 155 125
internal_value=-4.90168e-05 0.0456391 -0.00139564 -0.127544 0.000531218 -0.0342151 0.00393607 -0.0064099 0.0258726 0.0303934 0.0207214 0.109752 0.349959 0.0535607
internal_weight=21680 616 21064 312 20752 1848 18904 12848 6056 5968 5720 1056 384 229
internal_count=21680 616 21064 312 20752 1848 18904 12848 6056 5968 5720 1056 384 229
is_linear=0
shrinkage=0.05


Tree=233
num_leaves=15
num_cat=0
split_feature=1 12 8 8 13 8 1 2 14 14 1 3 5 1
split_gain=543.183 1714.46 1832.05 1461.88 920.472 1815.26 731.052 673.247 1422.17 2714.88 1681.53 1660.3 1434.9 1309.8
threshold=21.500000000000004 141.50000000000003 109.50000000000001 131.50000000000003 98.500000000000014 106.50000000000001 22.500000000000004 2.5000000000000004 141.50000000000003 129.50000000000003 16.500000000000004 4.5000000000000009 142.50000000000003 1.0000000180025095e-35
decision_type=2 2 2 2 2 2 2 2 2 2 2 2 2 2
left_child=7 3 -3 4 5 -2 -7 -1 9 13 11 -10 -11 -9
right_child=1 2 -4 -5 -6 6 -8 8 10 12 -12 -13 -14 -15
leaf_value=-0.0029743289420872485 -0.007984577755143293 -0.32433077466105009 -0.053394839506872488 0.19100097266646723 0.018805620335391723 -0.28816125777672336 -0.078921154693180562 -0.089430073843661528 0.027307462567849439 0.07570019818926127 -0.12494793253935993 -0.14694995446379777 0.36953984676452167 0.034341224973430173
leaf_weight=14911 446 85 212 85 795 94 81 225 1052 84 310 152 84 3064
leaf_count=14911 446 85 212 85 795 94 81 225 1052 84 310 152 84 3064
internal_value=-4.32683e-05 -0.0263217 -0.135021 -0.00443668 -0.0167992 -0.0621665 -0.196195 0.00233921 0.0182647 0.0359476 -0.0220973 0.00479144 0.229054 0.0257512
internal_weight=21680 1798 297 1501 1416 621 175 19882 4971 3457 1514 1204 168 3289
internal_count=21680 1798 297 1501 1416 621 175 19882 4971 3457 1514 1204 168 3289
is_linear=0
shrinkage=0.05


Tree=234
num_leaves=15
num_cat=0
split_feature=2 14 11 12 7 9 14 14 14 13 14 4 3 3
split_gain=550.083 1787.58 1854.05 1725.3 1591.35 2389.73 1777.57 1471.56 4988.08 3164.75 3830.08 3142.48 10158.8 6953.8
threshold=1.0000000180025095e-35 163.50000000000003 23.500000000000004 91.500000000000014 117.50000000000001 159.50000000000003 153.50000000000003 67.500000000000014 22.500000000000004 21.500000000000004 62.500000000000007 1.5000000000000002 4.5000000000000009 3.5000000000000004
decision_type=2 2 2 2 2 2 2 2 2 2 2 2 2 2
left_child=1 4 -3 -4 6 -6 -1 8 -2 -10 11 12 -11 -13
right_child=7 2 3 -5 5 -7 -8 -9 9 10 -12 13 -14 -15
leaf_value=-0.010691539404969625 -0.018676958975072516 0.29918921277011662 -0.15308846942657098 0.08329510030133716 0.096528860581130679 -0.035797820782602269 -0.20929115302223936 -0.016036707225361584 -0.090672373378193047 0.0064783265342798525 0.31066632303240388 0.30182195574972048 0.54919273129215951 -0.013019273583057243
leaf_weight=3070 3836 83 83 642 877 553 112 10331 244 239 188 204 130 1088
leaf_count=3070 3836 83 83 642 877 553 112 10331 244 239 188 204 130 1088
internal_value=-4.57208e-05 0.0137417 0.0821018 0.0553701 0.00168935 0.0454099 -0.0179992 -0.00464433 0.0152031 0.0771943 0.0995313 0.0747734 0.202465 0.0376644
internal_weight=21680 5420 808 725 4612 1430 3182 16260 5929 2093 1849 1661 369 1292
internal_count=21680 5420 808 725 4612 1430 3182 16260 5929 2093 1849 1661 369 1292
is_linear=0
shrinkage=0.05


Tree=235
num_leaves=15
num_cat=0
split_feature=13 12 13 5 12 8 7 13 9 14 10 14 13 9
split_gain=503.555 610.079 963.475 1225.75 765.112 2093.32 817.851 882.432 5797.51 2148.45 825.038 3856.85 3460.64 13714.5
threshold=195.50000000000003 179.50000000000003 160.50000000000003 172.50000000000003 175.50000000000003 151.50000000000003 190.50000000000003 183.50000000000003 105.50000000000001 167.50000000000003 23.500000000000004 174.50000000000003 144.50000000000003 22.500000000000004
decision_type=2 2 2 2 2 2 2 2 2 2 2 2 2 2
left_child=1 4 3 -3 6 -6 7 10 -9 -10 11 12 -1 -14
right_child=-2 2 -4 -5 5 -7 -8 8 9 -11 -12 -13 13 -15
leaf_value=-0.0080889845617178099 0.12142877136083211 0.10059798435383552 0.14468861273213013 -0.10221826716760794 0.094195272100548594 -0.21262282709597696 0.11924399545363396 -0.41975705695298055 0.18956801836767534 -0.10641594616492756 -0.0064168315155157842 0.26710910346584033 0.022992303587682547 0.61204929679301323
leaf_weight=4563 80 143 180 145 88 136 136 87 122 114 14888 144 745 109
leaf_count=4563 80 143 180 145 88 136 136 87 122 114 14888 144 745 109
internal_value=-3.07545e-05 -0.000508603 0.0556515 -0.00151617 -0.00176522 -0.0926623 -0.000769467 -0.00158373 -0.0829451 0.0473512 -0.000278637 0.0161456 0.00923411 0.101301
internal_weight=21680 21600 468 288 21132 224 20908 20772 323 236 20449 5561 5417 854
internal_count=21680 21600 468 288 21132 224 20908 20772 323 236 20449 5561 5417 854
is_linear=0
shrinkage=0.05


Tree=236
num_leaves=15
num_cat=0
split_feature=13 4 3 1 4 14 1 1 14 12 3 1 7 11
split_gain=514.945 2057.22 5771.17 16242.7 12202.9 5237.96 9128.24 6190.3 4695.61 15981 4467.92 4009.79 3735.01 5020.15
threshold=28.500000000000004 3.5000000000000004 5.5000000000000009 11.500000000000002 2.5000000000000004 57.500000000000007 1.5000000000000002 2.5000000000000004 61.500000000000007 22.500000000000004 5.5000000000000009 9.5000000000000018 105.50000000000001 109.50000000000001
decision_type=2 2 2 2 2 2 2 2 2 2 2 2 2 2
left_child=1 2 8 4 11 7 -7 -3 -1 -10 -8 -4 13 -11
right_child=-2 5 3 -5 -6 6 10 -9 9 12 -12 -13 -14 -15
leaf_value=-0.064655001877770443 -0.0052959124594941231 0.44584830540298209 -0.089390819260243615 0.015078022839260248 0.80114769984904999 -0.51901031455268032 -0.012972797396889783 0.014843413352924373 0.49497835702866644 -0.17552594495281368 -0.32426344127117002 0.3934235373292776 0.055855140047497968 0.096685182826968946
leaf_weight=1673 14760 94 84 852 128 110 964 528 177 492 126 80 1359 253
leaf_count=1673 14760 94 84 852 128 110 964 528 177 492 126 80 1359 253
internal_value=-1.98052e-05 0.0112296 0.0275229 0.126162 0.444572 -0.0343102 -0.095216 0.0830152 -0.00113924 0.0454859 -0.0502732 0.1508 0.00658833 -0.0830555
internal_weight=21680 6920 5098 1144 292 1822 1200 622 3954 2281 1090 164 2104 745
internal_count=21680 6920 5098 1144 292 1822 1200 622 3954 2281 1090 164 2104 745
is_linear=0
shrinkage=0.05


Tree=237
num_leaves=15
num_cat=0
split_feature=9 2 10 10 10 14 6 8 7 14 14 14 3 11
split_gain=553.929 661.789 584.652 1037.23 859.789 1503.55 862.332 968.935 921.416 4358.01 1039.44 3070 2626.76 6128.55
threshold=192.50000000000003 1.5000000000000002 189.50000000000003 192.50000000000003 182.50000000000003 163.50000000000003 191.50000000000003 183.50000000000003 182.50000000000003 144.50000000000003 156.50000000000003 155.50000000000003 1.5000000000000002 73.500000000000014
decision_type=2 2 2 2 2 2 2 2 2 2 2 2 2 2
left_child=2 -2 4 -4 6 -6 7 8 10 -10 11 -1 13 -12
right_child=1 -3 3 -5 5 -7 -8 -9 9 -11 12 -13 -14 -15
leaf_value=0.0031464293542575097 -0.18843469270011959 0.011264914467054256 0.19098507881147464 -0.028556431228414586 -0.24164067020432817 0.033148496366530944 0.10716202681016906 0.14336536307620187 -0.37963726531136138 0.067859559882508247 0.39596071650918863 0.23033733769133688 -0.063190887841531915 -0.0028201755774441041
leaf_weight=17120 80 80 104 104 94 98 184 112 82 142 99 145 1928 1308
leaf_count=17120 80 80 104 104 94 98 184 112 82 142 99 145 1928 1308
internal_value=-5.82499e-06 -0.0912693 0.000693757 0.0831208 -0.000130019 -0.104102 0.000839599 -0.0001202 -0.000926153 -0.100669 0.000182589 0.00512063 -0.0253506 0.0265418
internal_weight=21680 160 21520 208 21312 192 21120 20936 20824 224 20600 17265 3335 1407
internal_count=21680 160 21520 208 21312 192 21120 20936 20824 224 20600 17265 3335 1407
is_linear=0
shrinkage=0.05


Tree=238
num_leaves=15
num_cat=0
split_feature=9 2 12 0 14 3 9 14 6 8 14 7 10 5
split_gain=503.059 600.968 555.824 2323.62 2584.33 3246.4 2421.71 3066.91 2233.56 4492.62 3510.07 4839.89 2085.1 2001.57
threshold=192.50000000000003 1.5000000000000002 159.50000000000003 4.5000000000000009 100.50000000000001 4.5000000000000009 171.50000000000003 149.50000000000003 151.50000000000003 127.50000000000001 153.50000000000003 120.50000000000001 156.50000000000003 168.50000000000003
decision_type=2 2 2 2 2 2 2 2 2 2 2 2 2 2
left_child=2 -2 -1 4 -4 6 7 -6 10 -10 11 -5 -11 -8
right_child=1 -3 3 8 5 -7 13 -9 9 12 -12 -13 -14 -15
leaf_value=-0.0023111730276743655 -0.17956717948703205 0.010734800442176708 0.2849499396802414 0.38296545305827134 0.16327306875880337 -0.19085300008138253 0.26857111848021548 -0.071201594315681349 -0.35606530047029505 0.20662619814934102 -0.068303833112013462 -0.084871670483581491 -0.05720504863720275 0.055851785787920098
leaf_weight=18928 80 80 121 137 208 124 220 399 116 80 247 88 628 224
leaf_count=18928 80 80 121 137 208 124 220 399 116 80 247 88 628 224
internal_value=-2.31786e-06 -0.0869743 0.000664367 0.0223558 0.0695726 0.0462799 0.0750287 0.00982307 -0.024947 -0.074465 0.0613741 0.202122 -0.0261537 0.16307
internal_weight=21680 160 21520 2592 1296 1175 1051 607 1296 824 472 225 708 444
internal_count=21680 160 21520 2592 1296 1175 1051 607 1296 824 472 225 708 444
is_linear=0
shrinkage=0.05


Tree=239
num_leaves=15
num_cat=0
split_feature=8 3 11 3 14 6 7 1 5 3 0 12 5 12
split_gain=503.937 7477.71 1887.5 2494.82 870.535 3014.76 11794.5 11999.3 5671.32 16030.2 5352.53 3211.1 2277.73 3432.96
threshold=20.500000000000004 4.5000000000000009 20.500000000000004 4.5000000000000009 135.50000000000003 21.500000000000004 24.500000000000004 12.500000000000002 110.50000000000001 3.5000000000000004 4.5000000000000009 84.500000000000014 113.50000000000001 92.500000000000014
decision_type=2 2 2 2 2 2 2 2 2 2 2 2 2 2
left_child=1 -1 3 -2 -4 -6 7 -7 9 10 -8 -12 -10 -14
right_child=2 -3 4 -5 5 6 8 -9 12 -11 11 -13 13 -15
leaf_value=0.46048416764191957 -0.33529051438284418 -0.027707677070105498 0.0068961149106070742 -0.029249165427924623 -0.21737206711524376 0.80117740617709221 -0.26866867254496712 0.0010772857098625256 0.24053941797874462 -0.60910555067307814 0.31560974068484693 -0.082180617936503372 -0.24743028294295072 -0.0044542217710768842
leaf_weight=87 91 529 14985 221 175 84 104 99 86 148 126 80 145 4720
leaf_count=87 91 529 14985 221 175 84 104 99 86 148 126 80 145 4720
internal_value=1.97814e-06 0.044394 -0.00130646 -0.122392 0.000543068 -0.0159564 -0.00946459 0.379877 -0.0229756 -0.190321 0.01611 0.162841 -0.00731874 -0.0119427
internal_weight=21680 616 21064 312 20752 5767 5592 183 5409 458 310 206 4951 4865
internal_count=21680 616 21064 312 20752 5767 5592 183 5409 458 310 206 4951 4865
is_linear=0
shrinkage=0.05


Tree=240
num_leaves=15
num_cat=0
split_feature=2 14 11 12 7 9 8 5 8 6 1 3 9 5
split_gain=501.105 1678.26 1551.38 1579.65 1432.51 2125.66 1620.56 1425.84 1373.29 1370.91 4772.52 9059.91 2087.02 1894.4
threshold=1.0000000180025095e-35 163.50000000000003 23.500000000000004 91.500000000000014 117.50000000000001 159.50000000000003 118.50000000000001 151.50000000000003 114.50000000000001 96.500000000000014 7.5000000000000009 3.5000000000000004 113.50000000000001 68.500000000000014
decision_type=2 2 2 2 2 2 2 2 2 2 2 2 2 2
left_child=1 4 -3 -4 6 -6 8 -7 9 13 -11 12 -12 -1
right_child=-2 2 3 -5 5 7 -8 -9 -10 10 11 -13 -14 -15
leaf_value=-0.011873334911118831 -0.004387189754516514 0.27803509302691304 -0.14459552627601874 0.081619755697035029 0.091176319213546062 -0.21959459634347894 -0.22173231171166644 0.00071747532239606403 0.15563551987513524 0.0032689260817086391 0.1361533278551865 -0.61651133953721504 -0.20248193197719316 0.13749204090877562
leaf_weight=1777 16260 83 83 642 877 82 89 471 114 696 93 97 80 236
leaf_count=1777 16260 83 83 642 877 82 89 471 114 696 93 97 80 236
internal_value=1.92923e-06 0.0131612 0.0793981 0.054909 0.00148339 0.0429647 -0.0171966 -0.0336258 -0.0109628 -0.0175882 -0.0663858 -0.242735 -0.02173 0.00593523
internal_weight=21680 5420 808 725 4612 1430 3182 553 3093 2979 966 270 173 2013
internal_count=21680 5420 808 725 4612 1430 3182 553 3093 2979 966 270 173 2013
is_linear=0
shrinkage=0.05


Tree=241
num_leaves=15
num_cat=0
split_feature=10 10 6 14 12 12 9 6 14 4 8 13 13 7
split_gain=500.783 2688.97 4017.12 2462.29 2437.01 2378.66 2527.06 2977.21 1854.44 4390.33 4544.62 2019.75 1788.02 1541.04
threshold=162.50000000000003 163.50000000000003 150.50000000000003 179.50000000000003 165.50000000000003 134.50000000000003 171.50000000000003 167.50000000000003 182.50000000000003 2.5000000000000004 117.50000000000001 152.50000000000003 117.50000000000001 181.50000000000003
decision_type=2 2 2 2 2 2 2 2 2 2 2 2 2 2
left_child=4 2 -2 5 8 6 12 -8 -1 10 -10 -11 -3 -7
right_child=1 3 -4 -5 -6 13 7 -9 9 11 -12 -13 -14 -15
leaf_value=0.0034985179347233756 -0.36390023407022143 -0.17296329593812099 0.027491758057945653 0.13944504689698078 0.15513759304482092 0.01196984257611676 -0.061951814904885806 -0.46921967542679105 -0.54418833272700962 0.23462692829726756 -0.023647766958835515 -0.09944057386172446 0.073014481571716305 -0.12321315303606833
leaf_weight=17344 128 121 128 267 256 2523 92 86 83 82 81 90 174 225
leaf_count=17344 128 121 128 267 256 2523 92 86 83 82 81 90 174 225
internal_value=-4.35927e-06 -0.0166243 -0.171427 -0.00503358 0.0034686 -0.0172075 -0.120151 -0.266166 0.00122924 -0.114242 -0.295398 0.061953 -0.0290793 0.000697689
internal_weight=21680 3744 256 3488 17936 3221 473 178 17680 336 164 172 295 2748
internal_count=21680 3744 256 3488 17936 3221 473 178 17680 336 164 172 295 2748
is_linear=0
shrinkage=0.05


Tree=242
num_leaves=15
num_cat=0
split_feature=11 11 7 6 7 13 1 7 0 6 7 10 7 14
split_gain=488.399 3020.43 4807.93 4436.45 3314.66 6782.45 3672.47 4622.25 3120.39 2883.65 5986.77 7817.67 4498.11 5360.71
threshold=124.50000000000001 145.50000000000003 103.50000000000001 129.50000000000003 93.500000000000014 103.50000000000001 17.500000000000004 80.500000000000014 4.5000000000000009 138.50000000000003 152.50000000000003 66.500000000000014 165.50000000000003 124.50000000000001
decision_type=2 2 2 2 2 2 2 2 2 2 2 2 2 2
left_child=9 2 8 -4 5 -3 7 -7 -2 -1 -11 -12 -13 -14
right_child=1 4 3 -5 -6 6 -8 -9 -10 10 11 12 13 -15
leaf_value=-0.0031494218897598356 -0.10128297669540964 0.48297707509072058 0.042955072472295436 -0.16566062355566 -0.0084562470408861123 -0.35123356278054418 0.28993545390108477 0.064477902486655317 -0.533665795804242 0.19118697812004382 -0.44123065228103314 -0.099982420925604609 0.38499046425584338 0.042382933805234134
leaf_weight=13360 84 100 624 424 4752 86 102 248 84 608 88 392 137 591
leaf_count=13360 84 100 624 424 4752 86 102 248 84 608 88 392 137 591
internal_value=-1.81294e-05 -0.0114764 -0.0823588 -0.0418325 0.00488569 0.122156 0.0348611 -0.0461633 -0.32665 0.00489474 0.0639204 -0.000658365 0.0357652 0.109043
internal_weight=21680 6504 1216 1048 5288 536 436 334 168 15176 1816 1208 1120 728
internal_count=21680 6504 1216 1048 5288 536 436 334 168 15176 1816 1208 1120 728
is_linear=0
shrinkage=0.05


Tree=243
num_leaves=15
num_cat=0
split_feature=0 5 10 14 5 5 14 8 1 5 8 5 6 14
split_gain=488.419 2039.5 2498.51 1377.67 1892.23 1210.93 1840.06 1887.3 1725.8 1538.62 1201.87 991.521 1181.67 785.832
threshold=1.5000000000000002 173.50000000000003 171.50000000000003 158.50000000000003 151.50000000000003 126.50000000000001 92.500000000000014 108.50000000000001 17.500000000000004 114.50000000000001 163.50000000000003 89.500000000000014 110.50000000000001 66.500000000000014
decision_type=2 2 2 2 2 2 2 2 2 2 2 2 2 2
left_child=1 2 3 5 -5 6 11 9 -7 -8 -3 13 -13 -1
right_child=-2 10 -4 4 -6 8 7 -9 -10 -11 -12 12 -14 -15
leaf_value=0.0054667425883416368 0.0028185287236744648 0.25672189888297298 -0.22255569243527673 -0.29918701094388961 -0.0050334827649214913 -0.011154448698764131 -0.08206424595456023 -0.22899637093974487 0.20731973454507219 0.142711061254928 0.020235157684083023 0.17949261659934759 -0.045567578806177428 -0.14990684813359281
leaf_weight=767 18970 93 157 95 121 231 382 175 143 90 121 162 87 86
leaf_count=767 18970 93 157 95 121 231 382 175 143 90 121 162 87 86
internal_value=-1.95951e-05 -0.0198551 -0.0326329 -0.0194372 -0.138249 -0.0070526 -0.0245489 -0.091136 0.0740129 -0.0381579 0.126522 0.0147804 0.101508 -0.0109804
internal_weight=21680 2710 2496 2339 216 2123 1749 647 374 472 214 1102 249 853
internal_count=21680 2710 2496 2339 216 2123 1749 647 374 472 214 1102 249 853
is_linear=0
shrinkage=0.05


Tree=244
num_leaves=15
num_cat=0
split_feature=14 14 14 7 10 12 6 7 14 4 5 1 4 7
split_gain=496.82 2028.32 6157.52 4724.12 3116.77 4082.09 5616.57 5111.63 2701.46 6306.68 2672.17 2706.8 11428.5 3474.9
threshold=22.500000000000004 28.500000000000004 53.000000000000007 164.50000000000003 120.50000000000001 107.50000000000001 106.50000000000001 95.500000000000014 67.500000000000014 3.5000000000000004 31.000000000000004 11.500000000000002 1.5000000000000002 21.500000000000004
decision_type=2 2 2 2 2 2 2 2 2 2 2 2 2 2
left_child=-1 3 -3 4 5 6 7 10 9 -4 11 13 -13 -2
right_child=1 2 8 -5 -6 -7 -8 -9 -10 -11 -12 12 -14 -15
leaf_value=-0.013601657414768712 0.079873129132659371 -0.37046943997626353 0.27750265495230758 0.40921955946190602 0.25436062769051765 -0.30272151544101927 0.39607541366655497 -0.36109269853981063 -0.003608825781620919 -0.13656886991241884 0.29087995602253902 0.50498659797581558 0.0048264573494578768 -0.14707543238513432
leaf_weight=5134 273 108 250 82 144 90 96 82 13748 140 89 126 892 426
leaf_count=5134 273 108 250 82 144 90 96 82 13748 140 89 126 892 426
internal_value=-2.12635e-05 0.00419539 -0.00284433 0.0477103 0.0334549 0.0175423 0.0327949 0.0133256 9.39341e-05 0.129014 0.0312758 0.0170138 0.0688979 -0.0585011
internal_weight=21680 16546 14246 2300 2218 2074 1984 1888 14138 390 1806 1717 1018 699
internal_count=21680 16546 14246 2300 2218 2074 1984 1888 14138 390 1806 1717 1018 699
is_linear=0
shrinkage=0.05


Tree=245
num_leaves=15
num_cat=0
split_feature=6 12 13 7 14 9 12 9 7 7 0 5 4 11
split_gain=501.535 4257.63 8132.14 13444.7 7769.77 5157.51 6311.3 4619.13 4291.96 3735.26 4690.08 5013.56 10289.4 3824.16
threshold=98.500000000000014 110.50000000000001 81.500000000000014 22.500000000000004 108.50000000000001 108.50000000000001 104.50000000000001 104.50000000000001 101.50000000000001 105.50000000000001 4.5000000000000009 104.50000000000001 3.5000000000000004 115.50000000000001
decision_type=2 2 2 2 2 2 2 2 2 2 2 2 2 2
left_child=1 5 4 -4 -3 7 -7 -1 -9 10 -2 12 -12 -13
right_child=9 2 3 -5 -6 6 -8 8 -10 -11 11 13 -14 -15
leaf_value=-0.0026840262214563679 0.0076051533385203766 0.72862501762561749 -0.54926827136385314 0.10491180721258325 0.12408890964315951 0.052198944318265023 -0.49233480465208362 0.45256311563997098 0.0033871754559628461 0.0052021251203842461 -0.69793526323836885 0.0018768017227922295 0.027412297468512287 -0.22257469383755996
leaf_weight=7768 972 86 84 664 134 96 112 104 104 10584 104 464 88 316
leaf_count=7768 972 86 84 664 134 96 112 104 104 10584 104 464 88 316
internal_value=-1.00251e-05 0.00888489 0.107764 0.0282883 0.371348 -0.00286915 -0.245686 0.00361304 0.233327 -0.00650892 -0.0701188 -0.147484 -0.373226 -0.0898933
internal_weight=21680 9152 968 748 220 8184 208 7976 208 12528 1944 972 192 780
internal_count=21680 9152 968 748 220 8184 208 7976 208 12528 1944 972 192 780
is_linear=0
shrinkage=0.05


Tree=246
num_leaves=15
num_cat=0
split_feature=7 6 5 6 7 8 8 5 5 3 0 13 14 6
split_gain=505.96 3855.32 2413.39 5258.32 3105.2 2080.24 2155.11 3807.33 6897.02 5426.37 3546.85 4705.21 3083.93 3131.33
threshold=133.50000000000003 157.50000000000003 161.50000000000003 143.50000000000003 131.50000000000003 144.50000000000003 136.50000000000003 124.50000000000001 162.50000000000003 2.5000000000000004 4.5000000000000009 128.50000000000003 151.50000000000003 151.50000000000003
decision_type=2 2 2 2 2 2 2 2 2 2 2 2 2 2
left_child=1 2 3 4 -1 6 10 -8 9 -9 12 -12 13 -2
right_child=5 -3 -4 -5 -6 -7 7 8 -10 -11 11 -13 -14 -15
leaf_value=-0.0011124517239229775 0.0082788542378693826 0.30105416930596762 -0.20942909640253041 0.22360435014774116 0.30194581661154246 0.0053453487152658142 0.14139634780216925 -0.11186901043861285 -0.0048490695938279357 -0.60053281683345239 -0.20159542746586584 0.13201892071840715 -0.015831403426696047 0.42148623568846766
leaf_weight=15072 83 104 128 264 80 4432 96 104 232 128 378 142 339 98
leaf_count=15072 83 104 128 264 80 4432 96 104 232 128 378 142 339 98
internal_value=-1.47917e-05 0.00472774 0.00264895 0.00447718 0.000586723 -0.0123114 -0.061085 -0.139704 -0.19875 -0.388458 -0.0182858 -0.110103 0.0737059 0.237321
internal_weight=21680 15648 15544 15416 15152 6032 1600 560 464 232 1040 520 520 181
internal_count=21680 15648 15544 15416 15152 6032 1600 560 464 232 1040 520 520 181
is_linear=0
shrinkage=0.05


Tree=247
num_leaves=15
num_cat=0
split_feature=1 12 10 7 14 13 8 7 9 14 7 6 7 9
split_gain=493.529 1593.31 1783.66 1248.23 1123.5 1083.3 1018.11 1416.56 773.594 942.266 684.012 4897.54 2595.98 3719.38
threshold=21.500000000000004 141.50000000000003 142.50000000000003 131.50000000000003 120.50000000000001 119.50000000000001 106.50000000000001 120.50000000000001 102.50000000000001 104.50000000000001 126.50000000000001 157.50000000000003 116.50000000000001 108.50000000000001
decision_type=2 2 2 2 2 2 2 2 2 2 2 2 2 2
left_child=10 3 -3 4 5 6 8 -8 -2 -10 11 12 -1 -14
right_child=1 2 -4 -5 -6 -7 7 -9 9 -11 -12 -13 13 -15
leaf_value=-0.00059408187148392267 -0.015758323696528739 -0.31224325571674855 -0.047547095784238567 0.18104200129245604 -0.17671992295980454 0.12613753618865178 -0.17177850265261399 0.011410217112730402 0.20721401011220891 -0.00080646068327189463 -0.011685776424148038 0.3867897885073634 -0.10859863097185261 0.11920489222384306
leaf_weight=12536 555 88 209 81 95 140 208 208 96 118 6092 80 216 958
leaf_count=12536 555 88 209 81 95 140 208 208 96 118 6092 80 216 958
internal_value=-9.55676e-06 -0.0250581 -0.129847 -0.00396157 -0.0151128 -0.00290507 -0.0186165 -0.0811364 0.01551 0.0951115 0.00226141 0.00842485 0.00607682 0.0770093
internal_weight=21680 1798 297 1501 1420 1325 1185 416 769 214 19882 13790 13710 1174
internal_count=21680 1798 297 1501 1420 1325 1185 416 769 214 19882 13790 13710 1174
is_linear=0
shrinkage=0.05


Tree=248
num_leaves=15
num_cat=0
split_feature=14 7 0 1 5 11 6 1 5 12 13 3 5 5
split_gain=488.089 4036.94 7382 13716.2 6850.13 7567.12 3274.69 2575.13 3899.15 2161.43 2152.15 2038.92 4002.19 4493.7
threshold=135.50000000000003 25.500000000000004 4.5000000000000009 10.500000000000002 103.50000000000001 72.500000000000014 75.500000000000014 18.500000000000004 147.50000000000003 28.500000000000004 180.50000000000003 1.5000000000000002 181.50000000000003 175.50000000000003
decision_type=2 2 2 2 2 2 2 2 2 2 2 2 2 2
left_child=10 2 -2 -4 5 6 -3 9 -9 -6 11 -1 13 -13
right_child=1 4 3 -5 7 -7 -8 8 -10 -11 -12 12 -14 -15
leaf_value=-0.028901403929535718 -0.089331902389607906 -0.29561077721936763 0.78218029080114027 0.021846628335437605 -0.21950523633001884 -0.65307644665749232 0.13660361566477353 -0.34195388142596672 -0.029890679013741407 0.0047943950658952527 0.19764190414282201 0.013328092682309445 0.31185587642731161 -0.29422162736610818
leaf_weight=3832 207 81 91 156 105 83 85 137 343 4548 138 11653 106 115
leaf_count=3832 207 81 91 156 105 83 85 137 343 4548 138 11653 106 115
internal_value=-6.93395e-06 -0.0123621 0.129996 0.311931 -0.0244802 -0.277949 -0.0767731 -0.0119261 -0.121566 -0.000497358 0.00454643 0.00278745 0.013022 0.010199
internal_weight=21680 5836 454 247 5382 249 166 5133 480 4653 15844 15706 11874 11768
internal_count=21680 5836 454 247 5382 249 166 5133 480 4653 15844 15706 11874 11768
is_linear=0
shrinkage=0.05


Tree=249
num_leaves=15
num_cat=0
split_feature=2 1 1 13 14 1 1 1 6 8 7 14 8 8
split_gain=477.233 1072.68 5289.86 3669.01 2170.09 1046.94 1079.33 2523.76 10016.7 4969.09 3155.08 2217.65 1823.73 1578.37
threshold=2.5000000000000004 1.0000000180025095e-35 1.5000000000000002 108.50000000000001 60.500000000000007 2.5000000000000004 8.5000000000000018 6.5000000000000009 96.500000000000014 106.50000000000001 72.500000000000014 92.500000000000014 22.500000000000004 157.50000000000003
decision_type=2 2 2 2 2 2 2 2 2 2 2 2 2 2
left_child=-1 4 3 -3 -2 -4 7 10 12 -10 -7 -12 -9 -8
right_child=1 2 5 -5 -6 6 13 8 9 -11 11 -13 -14 -15
leaf_value=-0.00429546466570958 -0.27936833549931811 0.41059118802295935 -0.09734504893905932 0.0018670238025094337 0.0325494256185394 -0.13304475921547976 -0.021595932781014019 0.22078559145261095 -0.3222994659428618 0.12647194677720899 0.25152324979582169 0.016865803408906845 0.53035289081263126 0.060535760566879926
leaf_weight=16260 88 136 226 90 137 292 2641 101 107 133 122 490 111 746
leaf_count=16260 88 136 226 90 137 292 2641 101 107 133 122 490 111 746
internal_value=-1.21699e-05 0.0128298 0.0174925 0.251388 -0.0928662 0.00661245 0.0116632 0.0492708 0.145032 -0.0760996 0.000855591 0.0653031 0.391356 -0.00344354
internal_weight=21680 5420 5195 226 225 4969 4743 1356 452 240 904 612 212 3387
internal_count=21680 5420 5195 226 225 4969 4743 1356 452 240 904 612 212 3387
is_linear=0
shrinkage=0.05


Tree=250
num_leaves=15
num_cat=0
split_feature=2 14 14 14 7 1 13 14 13 7 13 14 14 13
split_gain=469.084 1561.2 3985.61 3604.38 3050.64 1859.73 1544.47 1508.36 1354.18 1887.6 1371.32 1768.36 1294.94 2885.08
threshold=1.0000000180025095e-35 71.500000000000014 28.500000000000004 64.500000000000014 164.50000000000003 2.5000000000000004 175.50000000000003 81.500000000000014 27.500000000000004 24.500000000000004 100.50000000000001 106.50000000000001 141.50000000000003 180.50000000000003
decision_type=2 2 2 2 2 2 2 2 2 2 2 2 2 2
left_child=1 2 4 -4 5 -1 -7 -3 9 -9 11 -10 13 -2
right_child=12 7 3 -5 -6 6 -8 8 10 -11 -12 -13 -14 -15
leaf_value=-0.14734837175880267 0.0016086598276819884 0.22801753536980485 -0.44638884874433282 -0.012061924846439634 0.28469859255684749 0.018718464147144839 -0.18632038315872149 0.2695669954513078 0.027992841797043578 0.052003619389496963 0.01902183474613818 -0.27987484992942313 -0.028990434363475894 0.27262217172684922
leaf_weight=222 12180 92 95 92 85 1458 93 110 94 784 2209 86 3986 94
leaf_count=222 12180 92 95 92 85 1458 93 110 94 784 2209 86 3986 94
internal_value=-2.4122e-06 0.0127295 -0.0217114 -0.238588 0.000698072 -0.0136796 0.00586486 0.0335993 0.0278127 0.0801235 0.0081107 -0.122688 -0.00424898 0.00379437
internal_weight=21680 5420 2045 187 1858 1773 1551 3375 3283 894 2389 180 16260 12274
internal_count=21680 5420 2045 187 1858 1773 1551 3375 3283 894 2389 180 16260 12274
is_linear=0
shrinkage=0.05


Tree=251
num_leaves=15
num_cat=0
split_feature=14 6 4 13 11 10 1 11 13 7 8 12 5 11
split_gain=468.327 2070.56 10506.3 3247.67 3193.64 5339.99 14247.5 5730.46 4726.06 6914.67 2533.44 1999.99 5801.26 2793.42
threshold=22.500000000000004 167.50000000000003 1.5000000000000002 180.50000000000003 162.50000000000003 109.50000000000001 3.5000000000000004 97.500000000000014 103.50000000000001 114.50000000000001 98.500000000000014 71.500000000000014 89.500000000000014 86.500000000000014
decision_type=2 2 2 2 2 2 2 2 2 2 2 2 2 2
left_child=1 3 -3 4 5 7 -7 11 -8 -10 -9 12 -1 -13
right_child=-2 2 -4 -5 -6 6 8 10 9 -11 -12 13 -14 -15
leaf_value=-0.020100299635380802 0.0040924986764114182 -0.58644240306351669 0.11747624544909707 0.28779813807214732 0.20549768948001912 -0.75339449671181768 0.21842004382130453 0.09895688049361559 -0.49352700970690661 0.031271345286497047 0.40116090457712378 -0.32808434095941791 0.34859150615605444 0.0026435585173645191
leaf_weight=3547 16546 83 130 87 158 83 113 211 94 170 102 116 105 135
leaf_count=3547 16546 83 130 87 158 83 113 211 94 170 102 116 105 135
internal_value=-1.4472e-06 -0.0131867 -0.16398 -0.00649994 -0.0120885 -0.0196523 -0.180456 -0.00191433 -0.0461077 -0.161289 0.202198 -0.0185208 -0.00903779 -0.153625
internal_weight=21680 5134 213 4921 4834 4676 460 4216 377 264 313 3903 3652 251
internal_count=21680 5134 213 4921 4834 4676 460 4216 377 264 313 3903 3652 251
is_linear=0
shrinkage=0.05


Tree=252
num_leaves=15
num_cat=0
split_feature=9 6 5 6 5 8 3 8 9 1 3 0 3 13
split_gain=475.252 2856.32 3086.2 3626.41 2631.43 4573.55 4315.05 3357.56 2479.23 3502.89 2376.86 2371.11 2356.39 2912.74
threshold=159.50000000000003 85.500000000000014 125.50000000000001 139.50000000000003 157.50000000000003 148.50000000000003 2.5000000000000004 164.50000000000003 152.50000000000003 17.500000000000004 2.5000000000000004 4.5000000000000009 3.5000000000000004 153.50000000000003
decision_type=2 2 2 2 2 2 2 2 2 2 2 2 2 2
left_child=8 -2 10 -4 5 6 -5 -7 -1 11 -3 -10 13 -11
right_child=1 2 3 4 -6 7 -8 -9 9 12 -12 -13 -14 -15
leaf_value=-0.0015059660034425549 0.20533816740577315 -0.063544354998757921 0.20733793369231962 -0.05823643672718283 0.00073767467733145266 0.03648915773846173 -0.56313494004869979 -0.24620470085465318 0.077339827580111375 0.16745528056960485 -0.354012802345121 -0.11886101695082406 0.32785914038791314 -0.15215806941623275
leaf_weight=16560 136 184 176 80 2624 408 88 136 345 321 112 270 153 87
leaf_count=16560 136 184 176 80 2624 408 88 136 345 321 112 270 153 87
internal_value=-6.74279e-06 -0.015694 -0.0238469 -0.0106622 -0.0224565 -0.107345 -0.331339 -0.035783 0.00348512 0.0734765 -0.177506 -0.00906103 0.16324 0.0982854
internal_weight=21680 3944 3808 3512 3336 712 168 544 17736 1176 296 615 561 408
internal_count=21680 3944 3808 3512 3336 712 168 544 17736 1176 296 615 561 408
is_linear=0
shrinkage=0.05


Tree=253
num_leaves=15
num_cat=0
split_feature=9 2 5 0 14 6 4 13 11 10 1 11 13 7
split_gain=471.168 543.924 534.197 1025.87 534.329 3143.01 10158.6 2949.39 2835.05 4886.64 12905.3 5191.09 4303.98 6273.46
threshold=192.50000000000003 1.5000000000000002 191.50000000000003 4.5000000000000009 22.500000000000004 167.50000000000003 1.5000000000000002 180.50000000000003 162.50000000000003 109.50000000000001 3.5000000000000004 97.500000000000014 105.50000000000001 114.50000000000001
decision_type=2 2 2 2 2 2 2 2 2 2 2 2 2 2
left_child=2 -2 4 -4 5 7 -7 8 9 11 -11 -1 -12 -14
right_child=1 -3 3 -5 -6 6 -8 -9 -10 10 12 -13 13 -15
leaf_value=-0.01751936733771213 -0.17226710044285831 0.0088536727817400407 0.20210124123741383 -0.034397145304628597 0.0043508140450711592 -0.62382793149527382 0.09111333572473683 0.27422857281913904 0.19345202363678971 -0.71779408238150866 0.19463176499670887 0.19255520564462969 -0.48169831841563182 0.026476725544119201
leaf_weight=3903 80 80 88 88 16226 80 117 87 158 83 122 313 91 164
leaf_count=3903 80 80 88 88 16226 80 117 87 158 83 122 313 91 164
internal_value=-1.25748e-05 -0.0841827 0.000632634 0.0861684 -9.26987e-05 -0.0141708 -0.207473 -0.00622971 -0.0115554 -0.0186817 -0.172508 -0.00171361 -0.0446341 -0.160648
internal_weight=21680 160 21520 176 21344 5118 197 4921 4834 4676 460 4216 377 255
internal_count=21680 160 21520 176 21344 5118 197 4921 4834 4676 460 4216 377 255
is_linear=0
shrinkage=0.05


Tree=254
num_leaves=15
num_cat=0
split_feature=10 8 0 9 13 7 14 1 14 1 1 4 11 4
split_gain=475.988 3084.5 7443.96 10508 5249.01 2872.85 2820.72 2235.81 5851.01 3468.65 10939.8 12821.9 2765.1 12634.8
threshold=23.500000000000004 23.500000000000004 4.5000000000000009 59.500000000000007 149.50000000000003 23.500000000000004 89.500000000000014 1.5000000000000002 82.500000000000014 7.5000000000000009 8.5000000000000018 2.5000000000000004 22.500000000000004 1.5000000000000002
decision_type=2 2 2 2 2 2 2 2 2 2 2 2 2 2
left_child=7 2 3 6 -4 -3 -2 8 -1 -9 11 -11 -12 -14
right_child=1 5 4 -5 -6 -7 -8 9 -10 10 12 -13 13 -15
leaf_value=0.036244514632040849 -0.06469750255100036 0.24846605666491214 -0.027134740042711509 -0.72414742633426465 0.36206586393088386 -0.00027172243741699305 -0.38084677763196617 -0.069886862440777436 0.4851710058491806 -0.052872542077201913 -0.021745071803568768 0.65867748139819637 0.4675353777386686 -0.011825869589853114
leaf_weight=444 411 112 471 80 101 14816 81 1249 82 113 2701 137 165 717
leaf_count=444 411 112 471 80 101 14816 81 1249 82 113 2701 137 165 717
internal_value=-2.18578e-05 -0.00439842 -0.0833391 -0.210086 0.0441297 0.00167705 -0.120054 0.0125137 0.110139 0.00231093 0.0258973 0.342326 0.00337251 0.0799805
internal_weight=21680 16072 1144 572 572 14928 492 5608 526 5082 3833 250 3583 882
internal_count=21680 16072 1144 572 572 14928 492 5608 526 5082 3833 250 3583 882
is_linear=0
shrinkage=0.05


Tree=255
num_leaves=15
num_cat=0
split_feature=8 3 11 3 14 8 5 13 9 5 14 1 13 9
split_gain=474.849 6666.44 1638.24 2252.21 880.632 3391.43 13125.3 10795.7 8037.27 3694.1 2150.23 2491.66 2728.92 1921.26
threshold=20.500000000000004 4.5000000000000009 20.500000000000004 4.5000000000000009 149.50000000000003 22.500000000000004 23.500000000000004 161.50000000000003 21.500000000000004 103.50000000000001 159.50000000000003 16.500000000000004 132.50000000000003 171.50000000000003
decision_type=2 2 2 2 2 2 2 2 2 2 2 2 2 2
left_child=1 -1 3 -2 13 7 -7 8 -6 -8 -11 -12 -13 -4
right_child=2 -3 4 -5 5 6 9 -9 -10 10 11 12 -14 -15
leaf_value=0.43594907256572146 -0.31635907422751192 -0.025007002816595705 0.010173802004417769 -0.025642895456650751 -0.3080835956025112 0.5499769044913424 -0.26833642558896381 -0.64954932610793359 0.32639000268223195 -0.071334288553920433 0.024567008907742438 -0.31714972317218781 -0.016423905401622498 -0.0666942376920973
leaf_weight=87 91 529 15151 221 91 98 141 82 99 1132 2773 110 221 854
leaf_count=87 91 529 15151 221 91 98 141 82 99 1132 2773 110 221 854
internal_value=-1.03346e-05 0.0430814 -0.00128044 -0.114088 0.00044265 -0.0184587 -0.0079405 -0.188239 0.0224027 -0.0210454 -0.0125074 0.00902642 -0.119595 0.0060527
internal_weight=21680 616 21064 312 20752 4747 4475 272 190 4377 4236 3104 331 16005
internal_count=21680 616 21064 312 20752 4747 4475 272 190 4377 4236 3104 331 16005
is_linear=0
shrinkage=0.05


Tree=256
num_leaves=15
num_cat=0
split_feature=1 13 5 14 3 5 14 9 1 4 3 7 13 6
split_gain=469.33 2887.32 3076.94 2326.83 1943.23 3558.16 4252.22 2930.65 1941.22 5034.76 8248.33 4077.34 3162.14 3783.75
threshold=19.500000000000004 130.50000000000003 116.50000000000001 134.50000000000003 4.5000000000000009 110.50000000000001 107.50000000000001 146.50000000000003 17.500000000000004 1.5000000000000002 4.5000000000000009 162.50000000000003 158.50000000000003 138.50000000000003
decision_type=2 2 2 2 2 2 2 2 2 2 2 2 2 2
left_child=8 3 -3 4 7 -6 -7 -2 -1 10 -10 12 13 -11
right_child=1 2 -4 -5 5 6 -8 -9 9 11 -12 -13 -14 -15
leaf_value=-0.0022002696956003208 0.00073456467415910012 0.059225728323585115 -0.29767591231529206 -0.2191537812767812 -0.00050670479971910405 -0.45507421135488485 -0.028628689095155521 0.14180267983462935 0.044895195200953676 -0.074908987195022522 0.53127298625886332 0.23341766211998749 -0.22010121510284289 0.11226197938208138
leaf_weight=16266 1813 90 170 116 728 103 129 457 256 598 128 172 170 484
leaf_count=16266 1813 90 170 116 728 103 129 457 256 598 128 172 170 484
internal_value=-1.80898e-05 -0.0164752 -0.175347 -0.0038869 0.00417082 -0.0552909 -0.223562 0.0293839 0.00326896 0.0523443 0.211766 0.00876361 -0.0229051 0.00894755
internal_weight=21680 3606 260 3346 3230 960 232 2270 18074 1808 384 1424 1252 1082
internal_count=21680 3606 260 3346 3230 960 232 2270 18074 1808 384 1424 1252 1082
is_linear=0
shrinkage=0.05


Tree=257
num_leaves=15
num_cat=0
split_feature=7 12 8 14 9 12 12 14 7 10 14 8 5 14
split_gain=462.477 4217.66 6340.53 7810.48 5539.11 3372.05 4268.33 11158.1 5186.46 10586.1 6977.57 2783.11 4956.4 2688.2
threshold=90.500000000000014 110.50000000000001 22.500000000000004 29.500000000000004 107.50000000000001 23.500000000000004 70.500000000000014 63.500000000000007 96.500000000000014 102.50000000000001 23.500000000000004 90.500000000000014 112.50000000000001 156.50000000000003
decision_type=2 2 2 2 2 2 2 2 2 2 2 2 2 2
left_child=1 4 -3 -4 -1 -2 7 -7 9 10 -8 12 -10 -5
right_child=5 2 3 13 -6 6 8 -9 11 -11 -12 -13 -14 -15
leaf_value=0.0021305280566122249 -0.293838834142921 -0.25954790447214876 0.51585668969853982 0.14519758966375215 -0.29789956169333431 0.61204452793300157 -0.12901423631175873 0.020214529665439726 -0.018168108936796334 0.0070634232895510343 -0.74692533812162898 0.0010105373492558585 -0.47727156653123742 -0.052345611389004156
leaf_weight=7624 96 104 118 586 152 95 88 393 192 328 96 11488 80 240
leaf_count=7624 96 104 118 586 152 95 88 393 192 328 96 11488 80 240
internal_value=-1.91988e-05 0.00879265 0.102703 0.14377 -0.00392192 -0.00606847 -0.00378918 0.140466 -0.00958042 -0.164576 -0.462634 -0.00276524 -0.159376 0.0878304
internal_weight=21680 8824 1048 944 7776 12856 12760 488 12272 512 184 11760 272 826
internal_count=21680 8824 1048 944 7776 12856 12760 488 12272 512 184 11760 272 826
is_linear=0
shrinkage=0.05


Tree=258
num_leaves=15
num_cat=0
split_feature=2 1 1 13 14 1 1 1 6 8 7 14 8 8
split_gain=439.713 981.356 4745.44 3128.28 1957.46 974.497 980.658 2225.42 8760.29 4411.59 2729.38 1928.88 1649.18 1430.51
threshold=2.5000000000000004 1.0000000180025095e-35 1.5000000000000002 108.50000000000001 60.500000000000007 2.5000000000000004 8.5000000000000018 6.5000000000000009 96.500000000000014 106.50000000000001 72.500000000000014 92.500000000000014 22.500000000000004 157.50000000000003
decision_type=2 2 2 2 2 2 2 2 2 2 2 2 2 2
left_child=-1 4 3 -3 -2 -4 7 10 12 -10 -7 -12 -9 -8
right_child=1 2 5 -5 -6 6 13 8 9 -11 11 -13 -14 -15
leaf_value=-0.0041409085009328234 -0.26592558105826697 0.38529706295077681 -0.093844378548896032 0.0075600658180682281 0.030332819734450796 -0.12284151919700381 -0.020356660935438562 0.20562472358732575 -0.30173189252881066 0.12109025992669059 0.23531614642912949 0.016459216794958622 0.49948276955120524 0.057833237343991095
leaf_weight=16260 88 136 226 90 137 292 2641 101 107 133 122 490 111 746
leaf_count=16260 88 136 226 90 137 292 2641 101 107 133 122 490 111 746
internal_value=-2.94388e-05 0.0122974 0.0167572 0.23829 -0.0887992 0.00645199 0.0113248 0.0471721 0.137096 -0.0697286 0.00170356 0.0616409 0.367448 -0.00307517
internal_weight=21680 5420 5195 226 225 4969 4743 1356 452 240 904 612 212 3387
internal_count=21680 5420 5195 226 225 4969 4743 1356 452 240 904 612 212 3387
is_linear=0
shrinkage=0.05


Tree=259
num_leaves=15
num_cat=0
split_feature=10 9 8 7 12 11 14 11 11 12 7 12 3 11
split_gain=445.665 2955.6 3038.4 15147.3 2986.98 2793.45 10401.3 7653.34 2699.13 5821.27 11223.9 3575.77 3418.49 2130.81
threshold=23.500000000000004 62.500000000000007 22.500000000000004 60.500000000000007 91.500000000000014 72.500000000000014 78.500000000000014 75.500000000000014 78.500000000000014 89.500000000000014 110.50000000000001 83.500000000000014 1.5000000000000002 89.500000000000014
decision_type=2 2 2 2 2 2 2 2 2 2 2 2 2 2
left_child=-1 4 -3 -4 -2 6 -5 -7 11 10 12 -9 -10 -11
right_child=1 2 3 5 -6 7 -8 8 9 13 -12 -13 -14 -15
leaf_value=0.012110369524716757 -0.048626123961170602 -0.22174008573786727 0.67070049212259408 0.58518574129986145 -0.30352180062234402 -0.39318569775223733 0.021770765904325973 0.37597743874296136 -0.25070530121263707 0.10129564075012593 -0.64291468175257194 -0.040598919021316099 0.064361115862824489 -0.0008282701657653037
leaf_weight=5608 1480 144 80 90 120 120 598 104 128 528 96 96 240 12248
leaf_count=5608 1480 144 80 90 120 120 598 104 128 528 96 96 240 12248
internal_value=-1.93186e-05 -0.00425418 0.00288427 0.00521837 -0.0686293 0.00124783 0.0991637 -0.00375489 -0.000132903 -0.00291944 -0.175927 0.179908 -0.0471189 0.00343023
internal_weight=21680 16072 14472 14328 1600 14248 688 13560 13440 13240 464 200 368 12776
internal_count=21680 16072 14472 14328 1600 14248 688 13560 13440 13240 464 200 368 12776
is_linear=0
shrinkage=0.05


Tree=260
num_leaves=15
num_cat=0
split_feature=14 7 3 12 12 5 4 14 1 13 3 13 13 13
split_gain=451.828 2928.26 7678.45 8458.25 7077.29 5835.56 6861.8 1977.12 2416.85 2405.59 1772.99 2767.6 2363.1 2305.23
threshold=149.50000000000003 25.500000000000004 3.5000000000000004 21.500000000000004 23.500000000000004 103.50000000000001 2.5000000000000004 159.50000000000003 16.500000000000004 132.50000000000003 4.5000000000000009 145.50000000000003 110.50000000000001 166.50000000000003
decision_type=2 2 2 2 2 2 2 2 2 2 2 2 2 2
left_child=-1 2 -2 -4 -5 6 -3 10 -9 -10 11 12 -7 -13
right_child=1 5 3 4 -6 7 -8 8 9 -11 -12 13 -14 -15
leaf_value=0.0038387325667015408 0.5034698235731544 -0.61274736780259342 -0.36431367158958761 0.47819341373178043 -0.12112171229127111 -0.051100331891839414 -0.024113797402844347 0.023425028891027072 -0.30405578888628798 -0.021541467374932451 -0.28220462150457831 0.094714084530126433 -0.31549770946304007 -0.085138700760495359
leaf_weight=16864 92 85 103 96 93 199 111 2773 110 221 85 359 145 344
leaf_count=16864 92 85 103 96 93 199 111 2773 110 221 85 359 145 344
internal_value=-1.9168e-05 -0.0135182 0.118042 -0.00982582 0.187771 -0.0250371 -0.288281 -0.0125313 0.00811835 -0.118556 -0.0689402 -0.0503675 -0.16547 0.00672672
internal_weight=21680 4816 384 292 189 4432 196 4236 3104 331 1132 1047 344 703
internal_count=21680 4816 384 292 189 4432 196 4236 3104 331 1132 1047 344 703
is_linear=0
shrinkage=0.05


Tree=261
num_leaves=15
num_cat=0
split_feature=2 14 14 14 7 1 13 14 13 7 13 13 14 12
split_gain=451.434 1408.66 3297.94 3442 2786.09 1643.59 1484.46 1350.2 1711.02 2335.82 1631.52 1535.44 1874.15 2813.75
threshold=1.0000000180025095e-35 72.500000000000014 28.500000000000004 64.500000000000014 164.50000000000003 1.5000000000000002 175.50000000000003 92.500000000000014 25.500000000000004 24.500000000000004 76.500000000000014 160.50000000000003 111.50000000000001 89.500000000000014
decision_type=2 2 2 2 2 2 2 2 2 2 2 2 2 2
left_child=1 2 4 -4 5 -1 -7 10 9 -9 -3 12 -10 -14
right_child=-2 7 3 -5 -6 6 -8 8 11 -11 -12 -13 13 -15
leaf_value=-0.16833543027600936 -0.0041965435710200399 0.0079473216330161554 -0.42032192073296759 -0.010858313833271061 0.27237105437450942 0.014112800497027775 -0.18660272676117567 0.3105379083709231 0.051250318105290953 0.054979235017678707 0.31758994957369369 0.066595515124947935 -0.24233309252366508 -0.025091144287370235
leaf_weight=150 16260 82 95 106 85 1530 93 98 577 708 84 686 172 954
leaf_count=150 16260 82 95 106 85 1530 93 98 577 708 84 686 172 954
internal_value=-3.06395e-05 0.0124594 -0.0200775 -0.209891 0.000964833 -0.0127761 0.00207376 0.0323923 0.0250236 0.0877751 0.169339 0.00371338 -0.0217375 -0.0592001
internal_weight=21680 5420 2059 201 1858 1773 1623 3361 3195 806 166 2389 1703 1126
internal_count=21680 5420 2059 201 1858 1773 1623 3361 3195 806 166 2389 1703 1126
is_linear=0
shrinkage=0.05


Tree=262
num_leaves=15
num_cat=0
split_feature=14 14 6 11 13 5 4 9 9 7 8 14 6 14
split_gain=462.098 3045.25 2476.86 3629.33 8736.01 6250.44 8825.14 3157.46 4069.61 3128.21 3208.8 2513.93 2157.66 2111.4
threshold=156.50000000000003 155.50000000000003 165.50000000000003 23.500000000000004 22.500000000000004 103.50000000000001 2.5000000000000004 118.50000000000001 170.50000000000003 124.50000000000001 112.50000000000001 170.50000000000003 133.50000000000003 161.50000000000003
decision_type=2 2 2 2 2 2 2 2 2 2 2 2 2 2
left_child=1 -1 3 4 -2 6 -5 9 -9 10 12 -6 -7 -4
right_child=2 -3 13 5 11 7 -8 8 -10 -11 -12 -13 -14 -15
leaf_value=0.0013651274695749525 0.42084473304352477 0.21217404699997405 -0.089295092110551713 -0.66455930105530392 0.066122824931082055 -0.14996569205541163 0.013599451817572118 -0.13836150474465167 0.049024648970028513 -0.11282681923687417 0.35461909985790652 -0.28777235863575096 0.14972405778880446 0.061943819109033585
leaf_weight=17552 128 168 278 96 102 91 91 977 408 174 115 91 156 1253
leaf_count=17552 128 168 278 96 102 91 91 977 408 174 115 91 156 1253
internal_value=-2.86737e-05 0.00342306 -0.0154591 -0.046816 0.108654 -0.0706917 -0.342786 -0.0433835 -0.0831826 0.0592739 0.142406 -0.103793 0.0385272 0.0342805
internal_weight=21680 17720 3960 2429 321 2108 187 1921 1385 536 362 193 247 1531
internal_count=21680 17720 3960 2429 321 2108 187 1921 1385 536 362 193 247 1531
is_linear=0
shrinkage=0.05


Tree=263
num_leaves=15
num_cat=0
split_feature=7 6 5 7 12 7 7 1 9 5 10 5 7 1
split_gain=456.264 3239.27 4819.43 2882.37 2580.36 2012.89 1727.12 3254.16 4391.73 4102.7 3189.39 3109.68 4804.6 3416.17
threshold=133.50000000000003 143.50000000000003 161.50000000000003 131.50000000000003 117.50000000000001 117.50000000000001 138.50000000000003 17.500000000000004 159.50000000000003 136.50000000000003 66.500000000000014 152.50000000000003 151.50000000000003 19.500000000000004
decision_type=2 2 2 2 2 2 2 2 2 2 2 2 2 2
left_child=1 3 4 -1 -3 -6 -2 10 11 -10 -8 12 -9 -13
right_child=6 2 -4 -5 5 -7 7 8 9 -11 -12 13 -14 -15
leaf_value=-0.0011920269004823112 -0.13366112838690891 0.044757328414916996 -0.1153679676961603 0.29078859984874728 0.18620239687114956 0.5022660590339415 -0.30090881498852889 0.17499106098992237 -0.32216417401468433 0.019787569038536946 -0.020584301148957165 0.45641099928205248 -0.15900771679582112 0.076162874705232364
leaf_weight=15096 272 120 136 80 120 96 99 340 98 588 4243 132 152 108
leaf_count=15096 272 120 136 80 120 96 99 340 98 588 4243 132 152 108
internal_value=-2.85469e-05 0.00447506 0.132771 0.00044241 0.233428 0.334861 -0.0117057 -0.00583575 0.0597987 -0.0310403 -0.0273146 0.144562 0.0712429 0.290346
internal_weight=21680 15648 472 15176 336 216 6032 5760 1418 686 4342 732 492 240
internal_count=21680 15648 472 15176 336 216 6032 5760 1418 686 4342 732 492 240
is_linear=0
shrinkage=0.05


Tree=264
num_leaves=15
num_cat=0
split_feature=7 12 8 14 9 12 12 14 7 10 14 8 0 13
split_gain=450.877 3831.46 5406.52 7021.47 4920.74 3016.8 3765.67 9579.99 4484.48 9287.63 6244.02 2528.75 4891.12 2467.92
threshold=90.500000000000014 110.50000000000001 22.500000000000004 29.500000000000004 107.50000000000001 23.500000000000004 70.500000000000014 63.500000000000007 96.500000000000014 102.50000000000001 28.500000000000004 90.500000000000014 4.5000000000000009 181.50000000000003
decision_type=2 2 2 2 2 2 2 2 2 2 2 2 2 2
left_child=1 4 -3 -4 13 -2 7 -7 9 10 -8 12 -10 -1
right_child=5 2 3 -5 -6 6 8 -9 11 -11 -12 -13 -14 -15
leaf_value=0.0055411392853914393 -0.2781822483064515 -0.23637377588300532 0.48889020721359949 0.083062340772980275 -0.28051998418797353 0.56862180053442724 -0.16372847566637427 0.020215888243243475 0.059678021436623235 0.0073569112935581733 -0.75189992699552988 0.00066113752458715432 -0.35872145434379155 -0.24449313433468342
leaf_weight=7529 96 104 118 826 152 95 104 393 136 328 80 11488 136 95
leaf_count=7529 96 104 118 826 152 95 104 393 136 328 80 11488 136 95
internal_value=-1.9067e-05 0.00868157 0.0981895 0.136099 -0.00343709 -0.00599199 -0.00383601 0.131659 -0.00927545 -0.1534 -0.432581 -0.00293809 -0.152221 0.00226735
internal_weight=21680 8824 1048 944 7776 12856 12760 488 12272 512 184 11760 272 7624
internal_count=21680 8824 1048 944 7776 12856 12760 488 12272 512 184 11760 272 7624
is_linear=0
shrinkage=0.05


Tree=265
num_leaves=15
num_cat=0
split_feature=6 6 14 12 11 6 9 0 11 11 1 12 14 14
split_gain=454.708 7707.72 4657.65 2654.68 2632.49 2681.86 8126.89 5308.75 3111.04 4331.85 8645.85 4543.92 6951.02 2732.28
threshold=108.50000000000001 106.50000000000001 61.500000000000007 85.500000000000014 25.500000000000004 110.50000000000001 106.50000000000001 4.5000000000000009 89.500000000000014 82.500000000000014 13.500000000000002 91.500000000000014 95.500000000000014 133.50000000000003
decision_type=2 2 2 2 2 2 2 2 2 2 2 2 2 2
left_child=1 -1 -3 -4 -2 6 7 -6 9 11 -11 12 -7 -12
right_child=4 2 3 -5 5 8 -8 -9 -10 10 13 -13 -14 -15
leaf_value=-0.0020249951487333706 -0.28481267920311759 0.51173359274398533 0.3458098321267874 0.050372727340237705 -0.09940714494034808 0.4641429933809465 0.047644078969242665 -0.64789936560136019 -0.0097206390943796999 0.66087299995562621 0.24957913450843139 -0.24791867146598745 -0.010765495527099827 -0.051306779031268138
leaf_weight=10984 80 91 96 317 88 88 272 88 8616 80 134 136 448 162
leaf_count=10984 80 91 96 317 88 88 272 88 8616 80 134 136 448 162
internal_value=-3.05635e-05 0.00678853 0.197 0.122361 -0.00771632 -0.00538443 -0.124287 -0.383975 0.000189041 0.0813195 0.216004 0.00492171 0.0707736 0.0867883
internal_weight=21680 11488 504 413 10192 10112 448 176 9664 1048 376 672 536 296
internal_count=21680 11488 504 413 10192 10112 448 176 9664 1048 376 672 536 296
is_linear=0
shrinkage=0.05


Tree=266
num_leaves=15
num_cat=0
split_feature=6 5 12 13 7 14 9 12 9 7 14 8 0 14
split_gain=433.011 3261.4 3252.15 6965.16 9812.85 6656.99 4093.85 5065.14 4000.44 3359.5 2783.34 2727.29 7357 10127.2
threshold=98.500000000000014 80.500000000000014 110.50000000000001 81.500000000000014 22.500000000000004 108.50000000000001 108.50000000000001 104.50000000000001 104.50000000000001 101.50000000000001 156.50000000000003 106.50000000000001 4.5000000000000009 53.000000000000007
decision_type=2 2 2 2 2 2 2 2 2 2 2 2 2 2
left_child=2 -2 6 5 -5 -4 8 -8 -1 -10 -6 12 -3 -14
right_child=1 11 3 4 10 -7 7 -9 9 -11 -12 -13 13 -15
leaf_value=-0.0021114526145845107 -0.23858858080668341 0.0332431565366876 0.66924439030034211 -0.47224459709243832 0.1602824742465534 0.10994909541453604 0.048423407721047362 -0.4393281721247313 0.41150089514638311 0.013572249062564396 -0.053714753709271805 0.010246254299400501 -0.43708065373464189 -0.068930018305786891
leaf_weight=7768 144 1540 86 84 435 134 96 112 104 104 229 9304 213 1327
leaf_count=7768 144 1540 86 84 435 134 96 112 104 104 229 9304 213 1327
internal_value=-1.77799e-05 -0.00605641 0.00824718 0.0946654 0.0211491 0.338596 -0.00202589 -0.21836 0.00374899 0.217526 0.0866294 -0.00325735 -0.0439993 -0.121099
internal_weight=21680 12528 9152 968 748 220 8184 208 7976 208 664 12384 3080 1540
internal_count=21680 12528 9152 968 748 220 8184 208 7976 208 664 12384 3080 1540
is_linear=0
shrinkage=0.05


Tree=267
num_leaves=15
num_cat=0
split_feature=11 11 7 6 5 0 12 12 6 14 13 10 7 7
split_gain=456.56 2508.89 4084.17 3714.23 2882.04 2547.85 2255.23 3635.98 2417.24 2798.31 3054.13 2110.65 2844.46 3851.71
threshold=124.50000000000001 145.50000000000003 103.50000000000001 129.50000000000003 103.50000000000001 4.5000000000000009 121.50000000000001 122.50000000000001 168.50000000000003 130.50000000000003 61.500000000000007 147.50000000000003 187.50000000000003 179.50000000000003
decision_type=2 2 2 2 2 2 2 2 2 2 2 2 2 2
left_child=6 2 5 -4 -3 -2 11 -8 9 10 -9 12 13 -1
right_child=1 4 3 -5 -6 -7 7 8 -10 -11 -12 -13 -14 -15
leaf_value=-0.0017043159736474115 -0.096812556820053075 0.29261306252549674 0.039230670421924713 -0.15165098281512102 -0.00089804708747575181 -0.48799274372920565 0.28857925549537117 -0.2178299765573459 0.18767979507905674 -0.23627493143081668 0.11561987450445035 0.17784836185700967 0.2735972803366441 -0.32454926258814276
leaf_weight=14000 84 80 624 424 5208 84 168 84 176 115 297 160 88 88
leaf_count=14000 84 80 624 424 5208 84 168 84 176 115 297 160 88 88
internal_value=-1.98369e-05 -0.0110984 -0.0757001 -0.0383496 0.00381458 -0.300854 0.0047302 0.0841084 0.0312369 -0.0255941 0.040234 5.1426e-05 -0.00201731 -0.00383538
internal_weight=21680 6504 1216 1048 5288 168 15176 840 672 496 381 14336 14176 14088
internal_count=21680 6504 1216 1048 5288 168 15176 840 672 496 381 14336 14176 14088
is_linear=0
shrinkage=0.05


Tree=268
num_leaves=15
num_cat=0
split_feature=1 13 14 3 8 9 1 5 11 1 4 3 7 12
split_gain=448.593 2615.83 1877.07 2217.78 5006.19 2291.52 2011.01 2455.63 3372.96 1706.17 4489.2 7377.85 3486.66 3035.48
threshold=19.500000000000004 136.50000000000003 135.50000000000003 4.5000000000000009 151.50000000000003 146.50000000000003 22.500000000000004 26.500000000000004 140.00000000000003 17.500000000000004 1.5000000000000002 4.5000000000000009 162.50000000000003 159.50000000000003
decision_type=2 2 2 2 2 2 2 2 2 2 2 2 2 2
left_child=9 2 3 5 6 -2 7 -5 -9 -1 11 -11 13 -12
right_child=1 -3 -4 4 -6 -7 -8 8 -10 10 12 -13 -14 -15
leaf_value=-0.0019343502101820415 -0.0028345936066078467 -0.27785682707063614 -0.21152499547681294 -0.010764753017901328 -0.42105333600607181 0.11384324880533361 0.087768290736810639 -0.40660766206748855 -0.0017856916283616926 0.041929343709600844 -0.054104256956369584 0.5019139356631086 0.21579556568383668 0.16137730045463661
leaf_weight=16266 1881 88 106 451 85 537 256 106 96 256 1064 128 172 188
leaf_count=16266 1881 88 106 451 85 537 256 106 96 256 1064 128 172 188
internal_value=-2.04883e-05 -0.0161099 -0.00917743 -0.00259081 -0.0652751 0.0232592 -0.0298851 -0.076326 -0.218907 0.00319312 0.0492015 0.199738 0.00805051 -0.0212344
internal_weight=21680 3606 3518 3412 994 2418 909 653 202 18074 1808 384 1424 1252
internal_count=21680 3606 3518 3412 994 2418 909 653 202 18074 1808 384 1424 1252
is_linear=0
shrinkage=0.05


Tree=269
num_leaves=15
num_cat=0
split_feature=10 10 6 14 12 12 3 7 14 4 8 13 9 0
split_gain=475.611 2359.81 3410.51 2151 2049.41 1952.85 2287.51 1727.13 1674.13 3362.62 3720.27 1702.4 1478.55 1554.37
threshold=162.50000000000003 163.50000000000003 147.50000000000003 179.50000000000003 165.50000000000003 134.50000000000003 3.5000000000000004 168.50000000000003 182.50000000000003 2.5000000000000004 117.50000000000001 152.50000000000003 164.50000000000003 4.5000000000000009
decision_type=2 2 2 2 2 2 2 2 2 2 2 2 2 2
left_child=4 2 -2 5 8 6 7 -3 -1 10 -10 -11 13 -6
right_child=1 3 -4 -5 12 -7 -8 -9 9 11 -12 -13 -14 -15
leaf_value=0.0034644975696856133 -0.3617538504620903 0.017670954557838459 0.0016244036583042386 0.12967854565735359 0.20119445838975492 -0.00051207965707742668 -0.30911392404420956 -0.22210343083223472 -0.49200457268479197 0.2047199765241694 -0.021057372973408813 -0.10178610362504659 0.31409060212290463 -0.088493809544591504
leaf_weight=17344 112 268 144 267 88 2748 106 99 83 82 81 90 80 88
leaf_count=17344 112 268 144 267 88 2748 106 99 83 82 81 90 80 88
internal_value=-2.25287e-05 -0.0162194 -0.161238 -0.00536027 0.00336202 -0.0167378 -0.110013 -0.0491252 0.00130841 -0.108406 -0.266907 0.0459941 0.142448 0.057907
internal_weight=21680 3744 256 3488 17936 3221 473 367 17680 336 164 172 256 176
internal_count=21680 3744 256 3488 17936 3221 473 367 17680 336 164 172 256 176
is_linear=0
shrinkage=0.05


Tree=270
num_leaves=15
num_cat=0
split_feature=10 10 7 11 11 6 5 11 11 6 10 10 0 9
split_gain=460.864 2839.21 2207.57 1918.89 2512.14 7192.9 3265.34 2403.06 3354.33 2665.45 2373.08 2182.49 2433.12 1709.78
threshold=130.50000000000003 122.50000000000001 118.50000000000001 95.500000000000014 145.50000000000003 113.50000000000001 106.50000000000001 126.50000000000001 105.50000000000001 160.50000000000003 143.50000000000003 143.50000000000003 4.5000000000000009 122.50000000000001
decision_type=2 2 2 2 2 2 2 2 2 2 2 2 2 2
left_child=1 13 -3 -2 5 -5 -6 8 9 -7 -9 -10 -13 -1
right_child=3 2 -4 4 6 7 -8 10 11 -11 -12 12 -14 -15
leaf_value=-0.0034022917740054236 0.22543328608221869 -0.012371418144819991 0.1787545066708584 -0.47721814778771732 0.28457293774526898 -0.33669221747924788 -0.0024962709173170063 0.00083276531674959559 -0.024282799295381709 0.011427309662103653 -0.18689821108710022 0.30633875526580384 0.028258592175878006 0.082509808211533489
leaf_weight=13536 80 240 400 96 96 96 5152 288 264 120 400 156 156 600
leaf_count=13536 80 240 400 96 96 96 5152 288 264 120 400 156 156 600
internal_value=-2.97534e-05 0.00495315 0.107542 -0.0106901 -0.0136213 -0.068873 0.00302086 -0.0408681 0.0185202 -0.14741 -0.108874 0.0814769 0.169937 0.000272117
internal_weight=21680 14776 640 6904 6824 1576 5248 1480 792 216 688 576 312 14136
internal_count=21680 14776 640 6904 6824 1576 5248 1480 792 216 688 576 312 14136
is_linear=0
shrinkage=0.05


Tree=271
num_leaves=15
num_cat=0
split_feature=6 6 14 12 11 11 12 8 3 8 11 14 11 13
split_gain=465.576 7028.25 4421.77 2435.19 2407.29 2413.62 2267.21 5966 5931.29 3840.52 3643.2 6474.6 8655.47 4230.3
threshold=108.50000000000001 106.50000000000001 61.500000000000007 85.500000000000014 25.500000000000004 62.500000000000007 109.50000000000001 118.50000000000001 5.5000000000000009 114.50000000000001 24.500000000000004 138.50000000000003 72.500000000000014 149.50000000000003
decision_type=2 2 2 2 2 2 2 2 2 2 2 2 2 2
left_child=1 6 -3 -4 -2 -6 7 9 -8 10 -1 13 -13 -12
right_child=4 2 3 -5 5 -7 8 -9 -10 -11 11 12 -14 -15
leaf_value=0.013829202184006359 -0.27278438962557738 0.49511163438049455 0.32983704804866992 0.046912738042507576 0.23763302023162938 -0.0080227964601422598 0.029658329705523109 -0.39264954771145738 0.43650727707815051 0.2217955169633278 -0.013665998672622335 -0.056916377550911113 -0.644115450211729 -0.21404366190786953
leaf_weight=5736 80 91 96 317 96 10016 1357 96 91 176 2984 161 99 284
leaf_count=5736 80 91 96 317 96 10016 1357 96 91 176 2984 161 99 284
internal_value=-2.74041e-05 0.0068727 0.188507 0.115836 -0.00780447 -0.00557433 -0.00154357 -0.0104037 0.056641 -0.00631064 -0.0107616 -0.0507055 -0.288438 -0.0313799
internal_weight=21680 11488 504 413 10192 10112 10984 9536 1448 9440 9264 3528 260 3268
internal_count=21680 11488 504 413 10192 10112 10984 9536 1448 9440 9264 3528 260 3268
is_linear=0
shrinkage=0.05


Tree=272
num_leaves=15
num_cat=0
split_feature=1 12 3 7 14 13 8 7 1 1 13 3 1 4
split_gain=455.891 1389.21 1525.05 1118.76 952.755 962.111 960.297 1188.77 691.761 1284.35 3508.15 3013.03 1591.61 4029.51
threshold=21.500000000000004 141.50000000000003 3.5000000000000004 131.50000000000003 120.50000000000001 119.50000000000001 106.50000000000001 120.50000000000001 20.500000000000004 19.500000000000004 130.50000000000003 2.5000000000000004 17.500000000000004 1.5000000000000002
decision_type=2 2 2 2 2 2 2 2 2 2 2 2 2 2
left_child=8 3 -3 4 5 6 -2 -8 9 12 11 -11 -1 -14
right_child=1 2 -4 -5 -6 -7 7 -9 -10 10 -12 -13 13 -15
leaf_value=-0.0019183861860707478 0.014636982023356199 -0.040600978644428465 -0.27945379409573828 0.1707522560344186 -0.16377376537024976 0.11790919270880262 -0.16225641304102373 0.0056620240438851957 0.044768546554507134 0.10096980148044073 -0.28907998387815714 -0.0985548291001795 0.19009226079130004 0.0084805068529639187
leaf_weight=16266 769 200 97 81 95 140 208 208 904 318 134 452 384 1424
leaf_count=16266 769 200 97 81 95 140 208 208 904 318 134 452 384 1424
internal_value=-2.3623e-05 -0.0240981 -0.121945 -0.0043967 -0.0149517 -0.00370583 -0.0185089 -0.0792271 0.00215903 0.000118108 -0.0578751 -0.0160339 0.00303393 0.0474708
internal_weight=21680 1798 297 1501 1420 1325 1185 416 19882 18978 904 770 18074 1808
internal_count=21680 1798 297 1501 1420 1325 1185 416 19882 18978 904 770 18074 1808
is_linear=0
shrinkage=0.05


Tree=273
num_leaves=15
num_cat=0
split_feature=0 5 10 14 5 14 8 5 1 1 8 8 5 6
split_gain=456.717 1788.71 2200.45 1132.86 1674.95 1800.97 1537.27 1757.5 1501.63 1073.98 1028.83 794.875 786.176 1071.77
threshold=1.5000000000000002 173.50000000000003 171.50000000000003 149.50000000000003 126.50000000000001 92.500000000000014 108.50000000000001 95.500000000000014 17.500000000000004 10.500000000000002 163.50000000000003 118.50000000000001 89.500000000000014 110.50000000000001
decision_type=2 2 2 2 2 2 2 2 2 2 2 2 2 2
left_child=1 2 3 4 5 12 7 -7 -6 -5 -3 -11 -1 -14
right_child=-2 10 -4 9 8 6 -8 -9 -10 11 -12 -13 13 -15
leaf_value=-0.0085090804686482197 0.0027176230116810209 0.23834459176477121 -0.20940964676117824 -0.24138856711659101 0.011538369225258416 -0.18065429195374638 -0.21862077498485499 0.026098886784846904 0.23803470894860906 0.079471969137735229 0.019503605654758831 -0.11403092003355807 0.16596228003635738 -0.048194617990647323
leaf_weight=853 18970 93 157 96 182 149 168 306 118 80 121 138 162 87
leaf_count=853 18970 93 157 96 182 149 168 306 118 80 121 138 162 87
internal_value=-2.68501e-05 -0.0192078 -0.0311733 -0.0187884 -0.00497953 -0.0240141 -0.091601 -0.0428348 0.103069 -0.106368 0.117878 -0.042831 0.0144363 0.0916606
internal_weight=21680 2710 2496 2339 2025 1725 623 455 300 314 214 218 1102 249
internal_count=21680 2710 2496 2339 2025 1725 623 455 300 314 214 218 1102 249
is_linear=0
shrinkage=0.05


Tree=274
num_leaves=15
num_cat=0
split_feature=9 7 5 12 7 0 8 1 1 8 12 14 9 14
split_gain=448.983 2437.56 2498.49 2810.43 5244.11 3799.67 3428.59 3146.71 2216.35 1915.61 5977.81 2728.07 2010.31 1442.55
threshold=159.50000000000003 82.500000000000014 121.50000000000001 144.50000000000003 155.50000000000003 5.5000000000000009 164.50000000000003 17.500000000000004 17.500000000000004 159.50000000000003 106.50000000000001 147.50000000000003 128.50000000000003 130.50000000000003
decision_type=2 2 2 2 2 2 2 2 2 2 2 2 2 2
left_child=9 -2 -3 4 7 6 -6 -4 -7 -1 12 -12 -11 -5
right_child=1 2 3 13 5 8 -8 -9 -10 10 11 -13 -14 -15
leaf_value=-0.00041671767540272337 0.22724248735178817 -0.24915224033543187 -0.47081628304898238 0.072084400435832849 0.044505608084247167 0.22590429027505379 -0.21194823286267092 -0.11614282721991108 -0.040078379593136974 -0.29126100918298126 0.28806947212102668 0.066652374305952361 -0.017038208351147419 -0.0097539183399095366
leaf_weight=16848 96 112 112 747 225 183 300 144 132 88 266 294 240 1893
leaf_count=16848 96 112 112 747 225 183 300 144 132 88 266 294 240 1893
internal_value=-2.82646e-05 -0.0152758 -0.0216132 -0.014468 -0.0815799 -0.0206256 -0.102656 -0.277359 0.11556 0.00336572 0.0747304 0.173444 -0.0938788 0.0134951
internal_weight=21680 3944 3848 3736 1096 840 525 256 315 17736 888 560 328 2640
internal_count=21680 3944 3848 3736 1096 840 525 256 315 17736 888 560 328 2640
is_linear=0
shrinkage=0.05


Tree=275
num_leaves=15
num_cat=0
split_feature=9 8 9 3 14 13 10 10 8 11 3 6 7 5
split_gain=435.002 513.226 481.777 2212.81 1631.59 833.149 741.179 1431.68 2409.46 1537.9 10864.7 2899.25 2272.2 2149.4
threshold=192.50000000000003 184.50000000000003 181.50000000000003 2.5000000000000004 147.50000000000003 163.50000000000003 180.50000000000003 177.50000000000003 134.50000000000003 167.50000000000003 4.5000000000000009 171.50000000000003 159.50000000000003 168.50000000000003
decision_type=2 2 2 2 2 2 2 2 2 2 2 2 2 2
left_child=2 -2 6 4 -4 -6 7 9 -9 -1 11 12 -11 -13
right_child=1 -3 3 -5 5 -7 -8 8 -10 10 -12 13 -14 -15
leaf_value=0.0023943169670994561 -0.16647287771105768 0.0094169541141566112 -0.20063477074150493 0.14435317300456135 0.15137701722678176 -0.063091942860234174 -0.084372380618382897 -0.12521458071163472 0.1864975831742528 0.02359315092732877 -0.44383248553439314 0.27915844872593881 -0.14867794467163373 0.030239754603737047
leaf_weight=19072 80 80 108 280 84 88 256 80 232 400 152 120 360 288
leaf_count=19072 80 80 108 280 84 88 256 80 232 400 152 120 360 288
internal_value=-3.24101e-05 -0.0809076 0.000587547 0.0461485 -0.0528657 0.0429661 -0.000640448 0.000414998 0.105857 -0.00122383 -0.0533124 -0.000816001 -0.0584474 0.105944
internal_weight=21680 160 21520 560 280 172 20960 20704 312 20392 1320 1168 760 408
internal_count=21680 160 21520 560 280 172 20960 20704 312 20392 1320 1168 760 408
is_linear=0
shrinkage=0.05


Tree=276
num_leaves=15
num_cat=0
split_feature=14 7 3 12 12 5 4 9 6 9 1 3 3 9
split_gain=435.659 2762.94 6844.39 8149.62 5971.04 4894.24 5524.59 1918.13 3216.26 3167.72 2595.87 1901.74 2088.24 1656.56
threshold=149.50000000000003 25.500000000000004 3.5000000000000004 21.500000000000004 23.500000000000004 103.50000000000001 2.5000000000000004 113.50000000000001 165.50000000000003 170.50000000000003 10.500000000000002 3.5000000000000004 2.5000000000000004 109.50000000000001
decision_type=2 2 2 2 2 2 2 2 2 2 2 2 2 2
left_child=-1 2 -2 -4 -5 6 -3 10 9 11 13 12 -9 -7
right_child=1 5 3 4 -6 7 -8 8 -10 -11 -12 -13 -14 -15
leaf_value=0.0037527862731947491 0.47839258717344207 -0.55671775896619591 -0.35428588104227354 0.45424812333566128 -0.096724058801726423 0.059812886881866034 -0.028216246708199895 -0.094651383925316857 0.022269117693841749 0.039595885380421018 -0.182354708168317 0.012944054706549309 -0.24632371319997504 0.26833351072127698
leaf_weight=16864 92 85 103 96 93 390 111 846 1746 476 83 260 312 123
leaf_count=16864 92 85 103 96 93 390 111 846 1746 476 83 260 312 123
internal_value=-3.54615e-05 -0.0132908 0.114502 -0.00627196 0.187629 -0.0244796 -0.265561 -0.0130248 -0.0266568 -0.0716994 0.0697597 -0.109067 -0.1364 0.111917
internal_weight=21680 4816 384 292 189 4432 196 4236 3640 1894 596 1418 1158 513
internal_count=21680 4816 384 292 189 4432 196 4236 3640 1894 596 1418 1158 513
is_linear=0
shrinkage=0.05


Tree=277
num_leaves=15
num_cat=0
split_feature=1 1 3 3 5 5 14 13 3 4 4 14 8 14
split_gain=420.622 6831.57 4012.43 7488.5 20337.4 4650.61 2806.18 2602.28 3037.84 2572.37 6782.15 4608.99 6196.34 3510.92
threshold=5.5000000000000009 4.5000000000000009 4.5000000000000009 5.5000000000000009 59.500000000000007 21.500000000000004 119.50000000000001 78.500000000000014 4.5000000000000009 1.5000000000000002 2.5000000000000004 60.500000000000007 22.500000000000004 72.500000000000014
decision_type=2 2 2 2 2 2 2 2 2 2 2 2 2 2
left_child=1 2 5 4 -4 -1 9 8 -3 11 13 12 -7 -11
right_child=-2 7 3 -5 -6 6 -8 -9 -10 10 -12 -13 -14 -15
leaf_value=-0.25527514362086856 0.0039840253854581857 -0.2990982046103054 0.80467464287056889 -0.033110022809854603 0.075160366057647199 -0.06879700013355225 -0.20954673025370033 -0.059935908087593796 0.039057237740563251 0.30918235717192294 -0.026722218194715486 0.072025797604094874 -0.54885402172411746 0.079551439395673246
leaf_weight=187 16262 322 112 640 528 236 149 500 82 245 1551 262 90 514
leaf_count=187 16262 322 112 640 528 236 149 500 82 245 1551 262 90 514
internal_value=-3.62238e-05 -0.0120955 0.0130739 0.0878221 0.208074 -0.0166009 -0.00155881 -0.137156 -0.230824 0.00947733 0.0332626 -0.0834575 -0.207617 0.155213
internal_weight=21680 5418 4514 1280 640 3234 3047 904 404 2898 2310 588 326 759
internal_count=21680 5418 4514 1280 640 3234 3047 904 404 2898 2310 588 326 759
is_linear=0
shrinkage=0.05


Tree=278
num_leaves=15
num_cat=0
split_feature=13 4 14 1 1 3 4 14 3 14 12 4 11 1
split_gain=431.753 1770.08 4689.17 8296.79 5557.56 4648.64 13849.1 8718.13 3826.02 3589.44 13167.1 3306.33 8659.03 3164.3
threshold=27.500000000000004 3.5000000000000004 57.500000000000007 1.5000000000000002 2.5000000000000004 5.5000000000000009 1.5000000000000002 169.50000000000003 5.5000000000000009 61.500000000000007 22.500000000000004 2.5000000000000004 116.50000000000001 11.500000000000002
decision_type=2 2 2 2 2 2 2 2 2 2 2 2 2 2
left_child=1 5 4 -4 -3 9 -7 11 -5 -1 -11 13 -13 -8
right_child=-2 2 3 8 -6 6 7 -9 -10 10 -12 12 -14 -15
leaf_value=-0.055823526391199835 -0.0048321079030732199 0.42328201223804496 -0.49339366121136624 -0.012010213886498176 0.014520806475675911 0.59046709129931751 -0.33151472831537965 0.42344576146867541 -0.30007272469064666 0.44995673006987053 0.0053767724399110773 0.54037792655243277 -0.029292420040861186 -0.025864338097437874
leaf_weight=1659 14828 94 110 964 522 130 104 130 126 176 2087 82 284 384
leaf_count=1659 14828 94 110 964 522 130 104 130 126 176 2087 82 284 384
internal_value=-3.57697e-05 0.0103397 -0.0319222 -0.0893674 0.0798026 0.025596 0.115486 0.050067 -0.0465273 -5.09223e-05 0.0408688 -0.0089045 0.103901 -0.0937045
internal_weight=21680 6852 1816 1200 616 5036 1114 984 1090 3922 2263 854 366 488
internal_count=21680 6852 1816 1200 616 5036 1114 984 1090 3922 2263 854 366 488
is_linear=0
shrinkage=0.05


Tree=279
num_leaves=15
num_cat=0
split_feature=6 6 14 11 6 9 0 11 11 1 12 14 14 12
split_gain=454.904 6329.24 3987.73 2335.43 2288.53 7045.7 4509.16 2731.52 3839.48 7928.85 3845.01 6140.4 2311.35 2217.13
threshold=108.50000000000001 106.50000000000001 61.500000000000007 25.500000000000004 110.50000000000001 106.50000000000001 4.5000000000000009 89.500000000000014 82.500000000000014 13.500000000000002 91.500000000000014 95.500000000000014 133.50000000000003 85.500000000000014
decision_type=2 2 2 2 2 2 2 2 2 2 2 2 2 2
left_child=1 -1 -3 -2 5 6 -5 8 10 -10 11 -6 -11 -4
right_child=3 2 13 4 7 -7 -8 -9 9 12 -12 -13 -14 -15
leaf_value=-0.0011865485764180382 -0.26870246263111336 0.47033600121115643 0.31434291075214305 -0.094675820200673999 0.43404695267578774 0.044731672605102892 -0.60041751002752664 -0.0096474766306341563 0.62844310958595839 0.22853350542592918 -0.22883711980114169 -0.012291109922679171 -0.048187701386248998 0.04439298550233893
leaf_weight=10984 80 91 96 88 88 272 88 8616 80 134 136 448 162 317
leaf_count=10984 80 91 96 88 88 272 88 8616 80 134 136 448 162 317
internal_value=-2.02088e-05 0.00680035 0.179166 -0.00770763 -0.00551102 -0.115349 -0.357147 -0.000362184 0.075659 0.202458 0.00374071 0.0643225 0.0788 0.110151
internal_weight=21680 11488 504 10192 10112 448 176 9664 1048 376 672 536 296 413
internal_count=21680 11488 504 10192 10112 448 176 9664 1048 376 672 536 296 413
is_linear=0
shrinkage=0.05


Tree=280
num_leaves=15
num_cat=0
split_feature=9 13 4 3 1 4 14 1 1 8 14 12 7 12
split_gain=442.042 502.102 1774.55 4807.57 13295.5 15150.5 4215.81 7450.52 5034.67 3571.18 3413.42 11749.6 3104.81 3900.85
threshold=192.50000000000003 27.500000000000004 3.5000000000000004 5.5000000000000009 11.500000000000002 2.5000000000000004 57.500000000000007 1.5000000000000002 2.5000000000000004 21.500000000000004 61.500000000000007 22.500000000000004 105.50000000000001 107.50000000000001
decision_type=2 2 2 2 2 2 2 2 2 2 2 2 2 2
left_child=1 2 3 10 5 -5 8 -8 -4 -9 -1 -12 13 -13
right_child=-2 -3 6 4 -6 -7 7 9 -10 -11 11 12 -14 -15
leaf_value=-0.052675211632343302 -0.081535855730092435 -0.0045485714528337015 0.40255690069323535 0.10293122390346812 0.023327276611909864 0.8902264338439313 -0.46763613690500683 -0.21148134049269474 0.013503891950167461 0.0045342284945851892 0.42813806316882208 -0.15947096767065075 0.054191688056512637 0.079259245723369537
leaf_weight=1659 160 14767 94 146 823 102 110 242 522 848 176 472 1296 263
leaf_count=1659 160 14767 94 146 823 102 110 242 522 848 176 472 1296 263
internal_value=-8.81261e-06 0.000616135 0.011905 0.0274445 0.120922 0.437932 -0.0303002 -0.0847688 0.0756356 -0.0441719 0.00142564 0.0421203 0.00770001 -0.0740894
internal_weight=21680 21520 6753 4937 1071 248 1816 1200 616 1090 3866 2207 2031 735
internal_count=21680 21520 6753 4937 1071 248 1816 1200 616 1090 3866 2207 2031 735
is_linear=0
shrinkage=0.05


Tree=281
num_leaves=15
num_cat=0
split_feature=6 5 12 13 7 14 9 12 9 7 4 7 0 4
split_gain=459.849 2979.28 2609.22 6102.83 9336.51 5914.27 3512.85 4351.21 3570.57 3058 2428.79 2380.92 3371.64 4061.85
threshold=98.500000000000014 80.500000000000014 110.50000000000001 81.500000000000014 22.500000000000004 110.50000000000001 108.50000000000001 104.50000000000001 104.50000000000001 101.50000000000001 1.5000000000000002 105.50000000000001 4.5000000000000009 2.5000000000000004
decision_type=2 2 2 2 2 2 2 2 2 2 2 2 2 2
left_child=2 -2 6 5 -5 -4 8 -8 -1 -10 -6 12 -3 -14
right_child=1 11 3 4 10 -7 7 -9 9 -11 -12 -13 13 -15
leaf_value=-0.00087044634027163355 -0.22846717989484736 0.011624719416006624 0.58854736826249532 -0.46410895590827378 0.28185124547046619 0.071279256233945487 0.046131539826124612 -0.40588832091874427 0.39169633544195409 0.012087718421302804 0.035457889014304016 0.0058776759265953575 -0.24760910844444994 -0.037638731975686346
leaf_weight=7768 144 964 100 84 118 120 96 112 104 104 546 10456 376 588
leaf_count=7768 144 964 100 84 118 120 96 112 104 104 546 10456 376 588
internal_value=3.40285e-06 -0.00621956 0.00852064 0.0859267 0.0171305 0.314255 -0.000681788 -0.201078 0.00466689 0.206631 0.0810239 -0.00354412 -0.0545238 -0.120391
internal_weight=21680 12528 9152 968 748 220 8184 208 7976 208 664 12384 1928 964
internal_count=21680 12528 9152 968 748 220 8184 208 7976 208 664 12384 1928 964
is_linear=0
shrinkage=0.05


Tree=282
num_leaves=15
num_cat=0
split_feature=14 14 14 11 5 4 13 14 1 13 9 12 6 8
split_gain=472.332 2629.34 2103.99 2066.6 8919.68 8166.93 7337.14 2595.72 2059.32 2042.64 1654.36 3153.26 2078.93 2522.03
threshold=156.50000000000003 155.50000000000003 159.50000000000003 23.500000000000004 103.50000000000001 2.5000000000000004 22.500000000000004 170.50000000000003 16.500000000000004 132.50000000000003 171.50000000000003 134.50000000000003 150.50000000000003 138.50000000000003
decision_type=2 2 2 2 2 2 2 2 2 2 2 2 2 2
left_child=1 10 -2 6 5 -5 -4 -8 -6 -10 -1 -12 -13 -14
right_child=2 -3 3 4 8 -7 7 -9 9 -11 11 12 13 -15
leaf_value=0.0053995022562660124 -0.12540402530713846 0.19746665769402005 0.38162404829989477 -0.67262625930986064 0.01884066879768595 0.00032177780444423359 0.096560828163418724 -0.27532770887094865 -0.28323063006138671 -0.022816009196428073 -0.25471677313844077 0.20168949390979526 -0.18518304129709201 0.012103828242354751
leaf_weight=16533 388 168 140 91 2746 85 88 91 110 221 168 89 227 535
leaf_count=16533 388 168 140 91 2746 85 88 91 110 221 168 89 227 535
internal_value=3.92404e-06 0.00349366 -0.0155965 -0.00351027 -0.015482 -0.356592 0.116926 -0.094844 0.00457584 -0.112286 0.00158133 -0.0600914 -0.0204061 -0.047492
internal_weight=21680 17720 3960 3572 3253 176 319 179 3077 331 17552 1019 851 762
internal_count=21680 17720 3960 3572 3253 176 319 179 3077 331 17552 1019 851 762
is_linear=0
shrinkage=0.05


Tree=283
num_leaves=15
num_cat=0
split_feature=14 7 8 8 5 4 14 1 13 3 13 13 13 13
split_gain=451.949 2626.6 6612.03 5415.12 4405 4804.53 1642.92 1895.5 1852.3 1668.91 2428.42 2176.62 2017.75 1616.79
threshold=149.50000000000003 25.500000000000004 22.500000000000004 21.500000000000004 103.50000000000001 2.5000000000000004 159.50000000000003 16.500000000000004 132.50000000000003 4.5000000000000009 145.50000000000003 166.50000000000003 110.50000000000001 113.50000000000001
decision_type=2 2 2 2 2 2 2 2 2 2 2 2 2 2
left_child=13 2 3 -2 5 -3 9 -8 -9 10 12 -12 -6 -1
right_child=1 4 -4 -5 6 -7 7 8 -10 -11 11 -13 -14 -15
leaf_value=-0.0066790568506578593 0.1545081866498933 -0.5246706452965737 0.44575962628995147 -0.28832407054225251 -0.049040866864151232 -0.031544838254821711 0.018837502306894467 -0.26968481399766775 -0.021700449312616766 -0.2718553415303015 0.092018204176821494 -0.082745486268650928 -0.2934229883501927 0.026599985935031795
leaf_weight=11530 175 85 102 107 199 111 2773 110 221 85 359 344 145 5334
leaf_count=11530 175 85 102 107 199 111 2773 110 221 85 359 344 145 5334
internal_value=-6.70904e-06 -0.0135075 0.111094 -0.0156126 -0.0244164 -0.253132 -0.0135477 0.00527904 -0.106899 -0.0649677 -0.0469594 0.00652041 -0.154779 0.0038517
internal_weight=21680 4816 384 282 4432 196 4236 3104 331 1132 1047 703 344 16864
internal_count=21680 4816 384 282 4432 196 4236 3104 331 1132 1047 703 344 16864
is_linear=0
shrinkage=0.05


Tree=284
num_leaves=15
num_cat=0
split_feature=7 6 5 6 7 8 7 13 6 14 1 12 0 13
split_gain=438.519 3049.28 1807.98 3986.06 2625.94 1666.67 2029.45 2923.57 2865.34 3029.44 2598.79 2606.29 3010.37 1658.21
threshold=133.50000000000003 157.50000000000003 161.50000000000003 143.50000000000003 131.50000000000003 144.50000000000003 176.50000000000003 128.50000000000003 151.50000000000003 146.50000000000003 19.500000000000004 150.50000000000003 4.5000000000000009 168.50000000000003
decision_type=2 2 2 2 2 2 2 2 2 2 2 2 2 2
left_child=1 2 3 4 -1 6 7 10 -9 -10 11 -2 -13 -5
right_child=5 -3 -4 13 -6 -7 -8 8 9 -11 -12 12 -14 -15
leaf_value=-0.00082038297357093191 -0.35772980783325048 0.26793159927250049 -0.18101366126027549 0.27640134326003968 0.27787100324571573 0.0043380255272039694 -0.2635792876961171 -0.19274080212299641 0.25294383202546411 0.0056940755628179327 0.023175116596437985 0.14949439111095605 -0.17560649187342761 0.0054491388589836829
leaf_weight=15072 132 104 128 183 80 4432 104 112 170 425 261 88 308 81
leaf_count=15072 132 104 128 183 80 4432 104 112 170 425 261 88 308 81
internal_value=-1.90778e-05 0.00439609 0.00254726 0.00412958 0.000742239 -0.0114669 -0.0551236 -0.0398023 0.0339367 0.077856 -0.105675 -0.168988 -0.102399 0.194915
internal_weight=21680 15648 15544 15416 15152 6032 1600 1496 707 595 789 528 396 264
internal_count=21680 15648 15544 15416 15152 6032 1600 1496 707 595 789 528 396 264
is_linear=0
shrinkage=0.05


Tree=285
num_leaves=15
num_cat=0
split_feature=6 6 6 12 12 14 5 11 9 14 7 12 7 0
split_gain=441.742 4162.92 3854.27 7257.13 3019.16 6962.94 2568.95 2357.22 2502.93 4394.75 2057.72 4436.61 3241.19 2681.9
threshold=109.50000000000001 106.50000000000001 110.50000000000001 105.50000000000001 116.50000000000001 53.000000000000007 105.50000000000001 25.500000000000004 102.50000000000001 28.500000000000004 104.50000000000001 151.50000000000003 98.500000000000014 4.5000000000000009
decision_type=2 2 2 2 2 2 2 2 2 2 2 2 2 2
left_child=1 -1 3 -2 5 -3 -7 -4 9 -9 11 13 -13 -10
right_child=2 4 7 -5 -6 6 -8 8 10 -11 -12 12 -14 -15
leaf_value=-0.0010434093591903434 -0.57696393531034973 0.56027225940817538 -0.26496883408111688 -0.0051049224360648435 -0.060598862727274966 0.24712771775491668 0.0023450152059361494 0.42289540762646816 -0.085115762744258111 0.041448860321026917 -0.0017263268900675815 0.24476396308511222 -0.14876807854248045 -0.4321804188772973
leaf_weight=10984 80 94 80 160 168 168 282 84 112 508 8648 104 96 112
leaf_count=10984 80 94 80 160 168 168 282 84 112 508 8648 104 96 112
internal_value=-1.70655e-05 0.0065758 -0.00773986 -0.203609 0.123305 0.180133 0.095442 -0.00281355 -0.000507489 0.0986616 -0.00702962 -0.113916 0.0568473 -0.264295
internal_weight=21680 11696 9984 240 712 544 450 9744 9664 592 9072 424 200 224
internal_count=21680 11696 9984 240 712 544 450 9744 9664 592 9072 424 200 224
is_linear=0
shrinkage=0.05


Tree=286
num_leaves=15
num_cat=0
split_feature=8 3 11 3 14 8 5 12 5 14 14 9 6 9
split_gain=430.563 5972.51 1428.22 2048.1 839.353 4654.79 7493.27 7439.55 3218.93 2437.46 2393.64 1800.19 2509.09 2552.81
threshold=20.500000000000004 4.5000000000000009 20.500000000000004 4.5000000000000009 156.50000000000003 22.500000000000004 26.500000000000004 22.500000000000004 103.50000000000001 159.50000000000003 155.50000000000003 117.50000000000001 165.50000000000003 170.50000000000003
decision_type=2 2 2 2 2 2 2 2 2 2 2 2 2 2
left_child=1 -1 3 -2 10 7 -7 -6 -8 -10 -4 -11 13 -13
right_child=2 -3 4 -5 5 6 8 -9 9 11 -12 12 -14 -15
leaf_value=0.41287392125181532 -0.29943331917747856 -0.023433131690914065 0.0032963877645036835 -0.022266934278000774 -0.46053473477788637 0.44396721373001741 -0.27821986046822172 0.11007516243466245 -0.1311703891644371 0.083298321525036065 0.19024377334970616 -0.1095063710304173 0.036481613806615291 0.045621666438926602
leaf_weight=87 91 529 16692 221 139 85 110 92 362 590 168 882 1257 375
leaf_count=87 91 529 16692 221 139 85 110 92 362 590 168 882 1257 375
internal_value=-1.6876e-05 0.0410163 -0.00122631 -0.106555 0.000382563 -0.0205315 -0.00664795 -0.235761 -0.0179638 -0.00931523 0.00521506 0.00508407 -0.0134006 -0.0632297
internal_weight=21680 616 21064 312 20752 3892 3661 231 3576 3466 16860 3104 2514 1257
internal_count=21680 616 21064 312 20752 3892 3661 231 3576 3466 16860 3104 2514 1257
is_linear=0
shrinkage=0.05


Tree=287
num_leaves=15
num_cat=0
split_feature=1 11 3 11 3 3 1 5 13 10 8 14 10 11
split_gain=432.922 1372.57 1885.68 1618.29 767.231 734.678 628.498 2865.36 3819.83 4338.42 4521.82 2854.54 2765.09 3481.07
threshold=21.500000000000004 111.50000000000001 4.5000000000000009 107.50000000000001 5.5000000000000009 1.5000000000000002 17.500000000000004 151.50000000000003 153.50000000000003 161.50000000000003 131.50000000000003 98.500000000000014 168.50000000000003 161.50000000000003
decision_type=2 2 2 2 2 2 2 2 2 2 2 2 2 2
left_child=6 3 5 4 -2 -3 -1 12 11 -10 -11 -9 13 -8
right_child=1 2 -4 -5 -6 -7 7 8 9 10 -12 -13 -14 -15
leaf_value=-0.0020822808939264122 -0.031709034023786907 -0.083812213056025264 -0.22647856955960297 0.2027597309232832 0.092759389986185742 0.0085692662360271864 -0.0045171083442478357 0.41626054291078385 0.23608015029884802 -0.44433354956322707 -0.0027712997798313641 0.11750742044592322 0.23677190519399471 -0.27329035536276075
leaf_weight=16266 531 390 144 106 156 471 2347 89 96 82 174 600 106 122
leaf_count=16266 531 390 144 106 156 471 2347 89 96 82 174 600 106 122
internal_value=-1.60176e-05 -0.0234762 -0.0621507 0.0256197 -0.00297945 -0.0335183 0.00211094 0.0209503 0.0907376 -0.0428823 -0.150012 0.158819 -0.00738389 -0.0183234
internal_weight=21680 1798 1005 793 687 861 19882 3616 1041 352 256 689 2575 2469
internal_count=21680 1798 1005 793 687 861 19882 3616 1041 352 256 689 2575 2469
is_linear=0
shrinkage=0.05


Tree=288
num_leaves=15
num_cat=0
split_feature=7 10 7 5 11 13 7 7 8 14 3 3 6 7
split_gain=442.47 4565.9 2544.91 1947.24 4206.06 1862.96 2759.89 1890.57 1827.73 3128.17 3068.07 2871.52 6194.15 2008.13
threshold=147.50000000000003 61.500000000000007 149.50000000000003 152.50000000000003 116.50000000000001 152.50000000000003 115.50000000000001 127.50000000000001 159.50000000000003 63.500000000000007 4.5000000000000009 4.5000000000000009 174.50000000000003 158.50000000000003
decision_type=2 2 2 2 2 2 2 2 2 2 2 2 2 2
left_child=3 -2 -3 -1 -5 7 -7 -6 11 10 -10 13 -13 -4
right_child=1 2 8 4 5 6 -8 -9 9 -11 -12 12 -14 -15
leaf_value=0.00022769397862585424 -0.37634516836965787 -0.21613307929208095 -0.085138808722835413 0.37006710171699525 0.18130791888568654 -0.26055948998300582 0.059713726890625929 -0.068709312924482957 0.051557083457908374 0.010558122439225198 0.41745749233847429 0.052450094448775055 -0.45687236816455157 0.02031608551616269
leaf_weight=15904 80 136 664 104 252 104 172 104 144 2308 92 120 112 1384
leaf_count=15904 80 136 664 104 252 104 172 104 144 2308 92 120 112 1384
internal_value=-1.24301e-05 -0.012984 -0.00675027 0.00391919 0.0831477 0.033399 -0.0634578 0.108329 -0.000629593 0.0284803 0.199898 -0.0331014 -0.197881 -0.0139985
internal_weight=21680 5040 4960 16640 736 632 276 356 4824 2544 236 2280 232 2048
internal_count=21680 5040 4960 16640 736 632 276 356 4824 2544 236 2280 232 2048
is_linear=0
shrinkage=0.05


Tree=289
num_leaves=15
num_cat=0
split_feature=14 10 7 11 10 1 10 7 7 12 11 5 13 9
split_gain=447.404 2335.26 3773.93 2696.9 2044.16 13145.8 4636.25 6278.02 4641.4 2875.58 3305 5599.18 2394.27 1990
threshold=22.500000000000004 167.50000000000003 163.50000000000003 162.50000000000003 109.50000000000001 3.5000000000000004 103.50000000000001 122.50000000000001 105.50000000000001 105.50000000000001 72.500000000000014 80.500000000000014 157.50000000000003 152.50000000000003
decision_type=2 2 2 2 2 2 2 2 2 2 2 2 2 2
left_child=1 3 -3 4 6 -6 7 8 9 10 11 -1 13 -7
right_child=-2 2 -4 -5 5 12 -8 -9 -10 -11 -12 -13 -14 -15
leaf_value=-0.014320835658697068 0.003986185264153232 -0.43321437993470363 3.2210344215855002e-05 0.2459575638192921 -0.66190077838572592 -0.01314843944208303 0.23990804969459228 -0.41104497790026173 0.36147192613719858 0.27792498432538093 -0.20568160681646264 0.39624458793331596 -0.19676101610774088 0.24722119624514086
leaf_weight=3602 16546 80 123 99 83 208 187 91 81 80 212 80 100 108
leaf_count=3602 16546 80 123 99 83 208 187 91 81 80 212 80 100 108
internal_value=-1.52683e-05 -0.0129026 -0.177015 -0.00597394 -0.0113845 -0.10669 -0.000298556 -0.0114087 -0.00194511 -0.00979737 -0.0160573 -0.00487509 0.0106306 0.0783034
internal_weight=21680 5134 203 4931 4832 499 4333 4146 4055 3974 3894 3682 416 316
internal_count=21680 5134 203 4931 4832 499 4333 4146 4055 3974 3894 3682 416 316
is_linear=0
shrinkage=0.05


Tree=290
num_leaves=15
num_cat=0
split_feature=6 6 14 12 8 7 7 6 14 3 8 14 12 9
split_gain=446.216 5360.53 3311.43 2077.68 2054.73 1940.89 1818.58 1965.67 9141.02 15689.7 3261.24 3404.2 3118.53 5396.6
threshold=108.50000000000001 106.50000000000001 61.500000000000007 85.500000000000014 90.500000000000014 115.50000000000001 113.50000000000001 99.500000000000014 38.500000000000007 3.5000000000000004 111.50000000000001 122.50000000000001 108.50000000000001 108.50000000000001
decision_type=2 2 2 2 2 2 2 2 2 2 2 2 2 2
left_child=1 5 -3 -4 -2 6 7 12 9 -9 11 -10 13 -1
right_child=4 2 3 -5 -6 -7 -8 8 10 -11 -12 -13 -14 -15
leaf_value=0.0039631516373329137 -0.20910427545011046 0.43073347803244061 0.30007616218068817 0.03886133899351131 -0.0051270744394129007 -0.23861092036261278 0.23161421274437624 0.10101203936540966 -0.012806720368766717 -0.75716441467142948 0.1528947519831676 -0.31520806837361309 0.084395881086276145 -0.23814603934567502
leaf_weight=7976 120 91 96 317 10072 80 80 98 890 109 260 99 1160 232
leaf_count=7976 120 91 96 317 10072 80 80 98 890 109 260 99 1160 232
internal_value=-1.63879e-05 0.00673873 0.165366 0.102443 -0.00763004 -0.000611818 0.00124289 -0.000565938 -0.05451 -0.358078 -0.00297173 -0.0445107 0.00784279 -0.00302091
internal_weight=21680 11488 504 413 10192 10984 10904 10824 1456 207 1249 989 9368 8208
internal_count=21680 11488 504 413 10192 10984 10904 10824 1456 207 1249 989 9368 8208
is_linear=0
shrinkage=0.05


Tree=291
num_leaves=15
num_cat=0
split_feature=9 7 5 12 7 1 0 8 6 9 1 0 3 13
split_gain=438.249 2079.46 2089.08 2428.25 4301.9 3425.73 3188.23 2962.11 1946.35 1777.83 2361.07 1953.23 1888.17 2420.94
threshold=159.50000000000003 82.500000000000014 121.50000000000001 144.50000000000003 152.50000000000003 17.500000000000004 5.5000000000000009 164.50000000000003 169.50000000000003 152.50000000000003 17.500000000000004 4.5000000000000009 3.5000000000000004 153.50000000000003
decision_type=2 2 2 2 2 2 2 2 2 2 2 2 2 2
left_child=9 -2 -3 4 5 -4 7 -6 -8 -1 11 -11 13 -12
right_child=1 2 3 -5 6 -7 8 -9 -10 10 12 -13 -14 -15
leaf_value=-0.00089400770019547587 0.20891618054397038 -0.22900309061201721 -0.48548006338648275 0.011592196215380738 0.039575988258913404 -0.10097728382621037 0.007065531386519378 -0.19720435511793882 0.26100720510888503 0.073214122786585775 0.14146604515423575 -0.1048565932288766 0.2835301409628761 -0.14969434226336686
leaf_weight=16560 96 112 96 2640 225 144 207 310 114 345 321 270 153 87
leaf_count=16560 96 112 96 2640 225 144 207 310 114 345 321 270 153 87
internal_value=-2.05561e-05 -0.0150848 -0.020937 -0.0144017 -0.0767831 -0.261547 -0.0237621 -0.0981794 0.0998704 0.00333262 0.0626022 -0.00517842 0.136296 0.0783197
internal_weight=21680 3944 3848 3736 1096 240 856 535 321 17736 1176 615 561 408
internal_count=21680 3944 3848 3736 1096 240 856 535 321 17736 1176 615 561 408
is_linear=0
shrinkage=0.05


Tree=292
num_leaves=15
num_cat=0
split_feature=10 10 3 11 3 1 8 14 14 7 1 11 12 3
split_gain=422.327 1901 3024.95 1793.39 3983.95 3143.25 1956.54 1782.88 1737.8 1596.18 2219.78 1214.24 1130.07 2149.34
threshold=162.50000000000003 163.50000000000003 1.5000000000000002 156.50000000000003 4.5000000000000009 13.500000000000002 131.50000000000003 143.50000000000003 179.50000000000003 181.50000000000003 12.500000000000002 161.50000000000003 134.50000000000003 3.5000000000000004
decision_type=2 2 2 2 2 2 2 2 2 2 2 2 2 2
left_child=3 2 -2 -1 5 -5 -7 11 9 12 -11 -8 13 -3
right_child=1 8 -4 4 -6 6 7 -9 -10 10 -12 -13 -14 -15
leaf_value=-3.9535236947251472e-05 0.061032792375585357 -0.020347555676628624 -0.28416395105753733 -0.17333299967010957 0.37197960977359573 0.22946698642417529 0.22434653755476966 -0.14147956159905392 0.11584165140897421 -0.26197982364762068 0.029009383167467304 -0.020697622945403109 0.0076764321992747776 -0.28692693338614228
leaf_weight=17232 104 347 152 138 96 166 100 108 267 143 116 96 2523 92
leaf_count=17232 104 347 152 138 96 166 100 108 267 143 116 96 2523 92
internal_value=-2.23151e-05 -0.015285 -0.145445 0.00316702 0.0811014 0.0325138 0.0941423 0.0177305 -0.00553741 -0.0157629 -0.133572 0.106796 -0.00525387 -0.0788159
internal_weight=21680 3744 256 17936 704 608 470 304 3488 3221 259 196 2962 439
internal_count=21680 3744 256 17936 704 608 470 304 3488 3221 259 196 2962 439
is_linear=0
shrinkage=0.05


Tree=293
num_leaves=15
num_cat=0
split_feature=14 7 0 1 5 11 1 3 8 9 9 9 3 10
split_gain=425.204 2450.88 6035.52 11890 3776.22 4402.41 1944.21 1507.67 2908.56 2217.96 2190.58 3304.73 5935.22 2616.8
threshold=149.50000000000003 25.500000000000004 4.5000000000000009 10.500000000000002 104.50000000000001 71.500000000000014 13.500000000000002 1.5000000000000002 149.50000000000003 162.50000000000003 171.50000000000003 180.50000000000003 4.5000000000000009 103.50000000000001
decision_type=2 2 2 2 2 2 2 2 2 2 2 2 2 2
left_child=7 2 6 -4 5 -3 -2 8 -1 -10 13 12 -12 -9
right_child=1 4 3 -5 -6 -7 -8 10 9 -11 11 -13 -14 -15
leaf_value=-0.040253477560158499 -0.27301635605733049 -0.040294399302806302 0.74080140774333203 -0.020989944916645079 -0.013078867055920297 -0.49701373717758096 0.051600140108897977 -0.001790642964090413 0.1584661553535579 -0.018552377567189814 -0.033041380087356617 0.11983939256767434 -0.44334432777166372 0.045949927739631947
leaf_weight=3567 84 132 81 126 4216 84 93 7307 352 349 302 145 120 4722
leaf_count=3567 84 132 81 126 4216 84 93 7307 352 349 302 145 120 4722
internal_value=-2.29242e-05 -0.0131182 0.107243 0.287544 -0.0236557 -0.225134 -0.105723 0.00371959 -0.0219472 0.0708284 0.0124217 -0.083192 -0.15354 0.0169613
internal_weight=21680 4816 384 207 4432 216 177 16864 4268 701 12596 567 422 12029
internal_count=21680 4816 384 207 4432 216 177 16864 4268 701 12596 567 422 12029
is_linear=0
shrinkage=0.05


Tree=294
num_leaves=15
num_cat=0
split_feature=1 5 5 14 1 4 3 7 13 6 14 14 13 2
split_gain=453.587 2339.47 1718.54 2374.77 1506.21 3531.45 6545.18 3053.82 2722.66 3817.81 4301.62 3489.1 1920.59 1872.57
threshold=19.500000000000004 159.50000000000003 154.50000000000003 127.50000000000001 17.500000000000004 1.5000000000000002 4.5000000000000009 162.50000000000003 155.50000000000003 138.50000000000003 137.50000000000003 130.50000000000003 122.50000000000001 1.5000000000000002
decision_type=2 2 2 2 2 2 2 2 2 2 2 2 2 2
left_child=4 2 3 -2 -1 6 -6 8 9 11 -11 -7 -13 -10
right_child=1 -3 -4 -5 5 7 -8 -9 13 10 -12 12 -14 -15
leaf_value=-0.0016110899976517783 -0.0026731131540742728 -0.22874187813997271 0.1832621204279429 -0.15778632946173424 0.031485577660587787 0.014891689747406907 0.46454148327833727 0.2043435131785023 -0.040440487100568134 0.36049507991240848 0.023800308701045859 -0.39075876441829416 -0.060917985413310144 -0.33057205323129896
leaf_weight=16266 3115 120 108 263 256 408 128 172 123 132 311 98 81 99
leaf_count=16266 3115 120 108 263 256 408 128 172 123 132 311 98 81 99
internal_value=-2.483e-05 -0.0162035 -0.0085701 -0.0149651 0.00320662 0.046435 0.179953 0.00992639 -0.0174892 0.0169777 0.127028 -0.0664474 -0.247212 -0.174255
internal_weight=21680 3606 3486 3378 18074 1808 384 1424 1252 1030 443 587 179 222
internal_count=21680 3606 3486 3378 18074 1808 384 1424 1252 1030 443 587 179 222
is_linear=0
shrinkage=0.05


Tree=295
num_leaves=15
num_cat=0
split_feature=10 10 12 11 8 9 14 10 7 7 0 8 7 14
split_gain=435.26 2529.01 1730.36 2273.52 1832.51 2738.91 2879.72 2181.59 1936.02 6963.58 8684.64 4438.35 2987.98 5920.67
threshold=130.50000000000003 124.50000000000001 135.50000000000003 124.50000000000001 169.50000000000003 122.50000000000001 121.50000000000001 119.50000000000001 153.50000000000003 162.50000000000003 4.5000000000000009 140.50000000000003 122.50000000000001 105.50000000000001
decision_type=2 2 2 2 2 2 2 2 2 2 2 2 2 2
left_child=1 2 3 4 5 8 7 -7 11 -10 -11 12 -1 -14
right_child=-2 -3 -4 -5 -6 6 -8 -9 9 10 -12 -13 13 -15
leaf_value=0.0042738394208794266 -0.010382764011909676 0.12008930950661932 0.18632495124675336 -0.20627703037589118 -0.15000434625506176 0.39330825130801556 -0.034660945445686195 0.081712671054591401 -0.41548047771006824 0.35303960497307985 -0.25633941332881272 0.30950580069269895 -0.49520148448227497 -0.027296544017776155
leaf_weight=12680 6904 456 120 128 192 116 149 111 120 112 112 112 84 284
leaf_count=12680 6904 456 120 128 192 116 149 111 120 112 112 112 84 284
internal_value=-2.27892e-05 0.00481972 0.00110849 -0.00052175 0.00142242 0.00357035 0.135777 0.245987 -0.000159667 -0.116393 0.0494058 0.0029217 0.000172529 -0.139307
internal_weight=21680 14776 14320 14200 14072 13880 376 227 13504 344 224 13160 13048 368
internal_count=21680 14776 14320 14200 14072 13880 376 227 13504 344 224 13160 13048 368
is_linear=0
shrinkage=0.05


Tree=296
num_leaves=15
num_cat=0
split_feature=1 1 14 14 3 4 1 13 3 13 14 3 3 4
split_gain=431.957 5913.42 3491.26 3229.3 3926.84 5209.16 4057.55 2298.19 2654.61 2206.69 2688.75 3061.26 4383.35 3744.96
threshold=5.5000000000000009 4.5000000000000009 119.50000000000001 107.50000000000001 4.5000000000000009 3.5000000000000004 2.5000000000000004 78.500000000000014 4.5000000000000009 75.500000000000014 21.500000000000004 4.5000000000000009 5.5000000000000009 2.5000000000000004
decision_type=2 2 2 2 2 2 2 2 2 2 2 2 2 2
left_child=1 2 3 9 5 -5 -6 8 -3 10 -1 13 -13 -12
right_child=-2 7 -4 4 6 -7 -8 -9 -10 -11 11 12 -14 -15
leaf_value=0.14132080101850314 0.0040507068950461208 -0.28044218083328087 -0.1969186065139471 0.095432871797188706 0.55086362378179343 -0.31585489092080782 0.12029215172402763 -0.056032801901288842 0.035706868656407827 0.037818966036221056 -0.0097393390344478747 0.19356823555421676 -0.17006674813352121 -0.18878284830222586
leaf_weight=174 16262 322 188 568 82 84 158 500 82 1742 564 228 124 602
leaf_count=174 16262 322 188 568 82 84 158 500 82 1742 564 228 124 602
internal_value=-2.3349e-05 -0.012244 0.011174 0.0204343 0.10491 0.0404444 0.275644 -0.128597 -0.216621 -0.00162952 -0.0422355 -0.0636704 0.0648818 -0.10259
internal_weight=21680 5418 4514 4326 892 652 240 904 404 3434 1692 1518 352 1166
internal_count=21680 5418 4514 4326 892 652 240 904 404 3434 1692 1518 352 1166
is_linear=0
shrinkage=0.05


Tree=297
num_leaves=15
num_cat=0
split_feature=13 4 3 4 14 14 8 1 5 4 14 1 14 11
split_gain=438.859 1502.25 3731.35 12794.7 7270.85 3692.74 6552.25 4367.61 3985.21 2934.49 7508.2 2912.6 2904.83 10949.8
threshold=27.500000000000004 3.5000000000000004 5.5000000000000009 1.5000000000000002 169.50000000000003 57.500000000000007 21.500000000000004 2.5000000000000004 20.500000000000004 2.5000000000000004 23.500000000000004 11.500000000000002 61.500000000000007 22.500000000000004
decision_type=2 2 2 2 2 2 2 2 2 2 2 2 2 2
left_child=1 2 12 -4 9 7 8 -3 -7 11 -11 -5 -1 -14
right_child=-2 5 3 4 -6 6 -8 -9 -10 10 -12 -13 13 -15
leaf_value=-0.048662237208132925 -0.0048582796856814162 0.37514508723309548 0.56154800160063645 -0.31968929083930298 0.38316462671315232 0.0062157572379560565 -0.014203172901247752 0.012778595305556887 -0.40584174357899805 0.43464806735911204 -0.053245710649531153 -0.026417708447039043 0.41250328004774128 0.0060501532805562952
leaf_weight=1659 14828 94 130 104 130 82 918 522 200 108 258 384 175 2088
leaf_count=1659 14828 94 130 104 130 82 918 522 200 108 258 384 175 2088
internal_value=-2.26287e-05 0.0104378 0.0244921 0.105027 0.0421802 -0.0284968 -0.0794741 0.0706501 -0.288003 -0.0116543 0.0946405 -0.0915266 0.0015125 0.0383217
internal_weight=21680 6852 5036 1114 984 1816 1200 616 282 854 366 488 3922 2263
internal_count=21680 6852 5036 1114 984 1816 1200 616 282 854 366 488 3922 2263
is_linear=0
shrinkage=0.05


Tree=298
num_leaves=15
num_cat=0
split_feature=10 9 11 14 12 5 12 12 12 0 12 13 9 3
split_gain=456.292 2390.49 2881.96 2648.23 2537.91 12477.2 3046.43 4738.88 6008.71 4667.11 2533.89 2155 2116.23 2032.35
threshold=23.500000000000004 65.500000000000014 69.500000000000014 101.50000000000001 80.500000000000014 104.50000000000001 84.500000000000014 89.500000000000014 87.500000000000014 5.5000000000000009 91.500000000000014 116.50000000000001 106.50000000000001 2.5000000000000004
decision_type=2 2 2 2 2 2 2 2 2 2 2 2 2 2
left_child=-1 10 3 -3 5 -4 9 8 12 13 -2 -7 -8 -6
right_child=1 2 4 -5 6 11 7 -9 -10 -11 -12 -13 -14 -15
leaf_value=0.012267164004097266 -0.041291041059938249 0.37615906909829189 -0.59966380228057947 0.057082429382742654 -0.15544782935200555 -0.062395630056181789 -0.20731233081396888 0.0040665206114187486 -0.41201077265320879 0.42519872943374604 -0.26244984392922188 0.25069120385257215 0.10534651788989169 0.18109244359766738
leaf_weight=5608 1640 88 96 224 90 125 80 13024 152 102 136 91 144 80
leaf_count=5608 1640 88 96 224 90 125 80 13024 152 102 136 91 144 80
internal_value=-6.28927e-06 -0.00429135 0.00251292 0.151592 -0.000866213 -0.140729 0.00237579 -0.00101663 -0.174831 0.166504 -0.0589159 0.0721942 -0.00840575 0.00357322
internal_weight=21680 16072 14296 312 13984 312 13672 13400 376 272 1776 216 224 170
internal_count=21680 16072 14296 312 13984 312 13672 13400 376 272 1776 216 224 170
is_linear=0
shrinkage=0.05


Tree=299
num_leaves=15
num_cat=0
split_feature=10 10 12 11 8 9 14 10 7 7 0 8 7 10
split_gain=471.483 2698.1 1564.17 2076.96 1686.77 2440.83 2664.14 2411.2 1906.41 6317.01 7861.04 3964.16 2752.53 5822.09
threshold=129.50000000000003 124.50000000000001 135.50000000000003 124.50000000000001 169.50000000000003 122.50000000000001 133.50000000000003 119.50000000000001 153.50000000000003 162.50000000000003 4.5000000000000009 140.50000000000003 122.50000000000001 106.50000000000001
decision_type=2 2 2 2 2 2 2 2 2 2 2 2 2 2
left_child=1 2 3 4 5 8 7 -7 11 -10 -11 12 -1 -14
right_child=-2 -3 -4 -5 -6 6 -8 -9 9 10 -12 -13 13 -15
leaf_value=0.0047417794772685179 -0.010719353787616988 0.13364239365649933 0.1775968704260886 -0.19671109789016106 -0.14347341304956959 0.3734666483787199 -0.059534337210591683 0.064115331526425554 -0.39984196158647539 0.33195089434201902 -0.24778760407979672 0.29314794658850402 -0.42526752676209834 0.00046962666899765139
leaf_weight=12680 6968 392 120 128 192 124 124 128 120 112 112 112 112 256
leaf_count=12680 6968 392 120 128 192 124 124 128 120 112 112 112 112 256
internal_value=-9.76398e-06 0.00506451 0.00149936 -5.07791e-05 0.00180729 0.00386788 0.128674 0.22064 0.000346503 -0.114995 0.0430005 0.00340403 0.000805619 -0.133066
internal_weight=21680 14712 14320 14200 14072 13880 376 252 13504 344 224 13160 13048 368
internal_count=21680 14712 14320 14200 14072 13880 376 252 13504 344 224 13160 13048 368
is_linear=0
shrinkage=0.05


end of trees

feature_importances:
week=655
hour=479
lag0=411
day=400
lag2=341
dow=300
lag6=239
lag4=234
lag3=223
lag1=219
lag7=217
lag5=191
month=158
horizon=81
quarter=52

parameters:
[boosting: gbdt]
[objective: regression]
[metric: l2]
[tree_learner: serial]
[device_type: cpu]
[data_sample_strategy: bagging]
[data: ]
[valid: ]
[num_iterations: 300]
[learning_rate: 0.05]
[num_leaves: 15]
[num_threads: 2]
[seed: 42]
[deterministic: 0]
[force_col_wise: 0]
[force_row_wise: 0]
[histogram_pool_size: -1]
[max_depth: -1]
[min_data_in_leaf: 80]
[min_sum_hessian_in_leaf: 0.001]
[bagging_fraction: 1]
[pos_bagging_fraction: 1]
[neg_bagging_fraction: 1]
[bagging_freq: 0]
[bagging_seed: 400]
[bagging_by_query: 0]
[feature_fraction: 1]
[feature_fraction_bynode: 1]
[feature_fraction_seed: 30056]
[extra_trees: 0]
[extra_seed: 12879]
[early_stopping_round: 0]
[early_stopping_min_delta: 0]
[first_metric_only: 0]
[max_delta_step: 0]
[lambda_l1: 0]
[lambda_l2: 5]
[linear_lambda: 0]
[min_gain_to_split: 0]
[drop_rate: 0.1]
[max_drop: 50]
[skip_drop: 0.5]
[xgboost_dart_mode: 0]
[uniform_drop: 0]
[drop_seed: 17869]
[top_rate: 0.2]
[other_rate: 0.1]
[min_data_per_group: 100]
[max_cat_threshold: 32]
[cat_l2: 10]
[cat_smooth: 10]
[max_cat_to_onehot: 4]
[top_k: 20]
[monotone_constraints: ]
[monotone_constraints_method: basic]
[monotone_penalty: 0]
[feature_contri: ]
[forcedsplits_filename: ]
[refit_decay_rate: 0.9]
[cegb_tradeoff: 1]
[cegb_penalty_split: 0]
[cegb_penalty_feature_lazy: ]
[cegb_penalty_feature_coupled: ]
[path_smooth: 0]
[interaction_constraints: ]
[verbosity: -1]
[saved_feature_importance_type: 0]
[use_quantized_grad: 0]
[num_grad_quant_bins: 4]
[quant_train_renew_leaf: 0]
[stochastic_rounding: 1]
[linear_tree: 0]
[max_bin: 255]
[max_bin_by_feature: ]
[min_data_in_bin: 3]
[bin_construct_sample_cnt: 200000]
[data_random_seed: 175]
[is_enable_sparse: 1]
[enable_bundle: 1]
[use_missing: 1]
[zero_as_missing: 0]
[feature_pre_filter: 1]
[pre_partition: 0]
[two_round: 0]
[header: 0]
[label_column: ]
[weight_column: ]
[group_column: ]
[ignore_column: ]
[categorical_feature: ]
[forcedbins_filename: ]
[precise_float_parser: 0]
[parser_config_file: ]
[objective_seed: 16083]
[num_class: 1]
[is_unbalance: 0]
[scale_pos_weight: 1]
[sigmoid: 1]
[boost_from_average: 1]
[reg_sqrt: 0]
[alpha: 0.9]
[fair_c: 1]
[poisson_max_delta_step: 0.7]
[tweedie_variance_power: 1.5]
[lambdarank_truncation_level: 30]
[lambdarank_norm: 1]
[label_gain: ]
[lambdarank_position_bias_regularization: 0]
[eval_at: ]
[multi_error_top_k: 1]
[auc_mu_weights: ]
[num_machines: 1]
[local_listen_port: 12400]
[time_out: 120]
[machine_list_filename: ]
[machines: ]
[gpu_platform_id: -1]
[gpu_device_id: -1]
[gpu_device_id_list: ]
[gpu_use_dp: 0]
[num_gpu: 1]

end of parameters

pandas_categorical:[]
