tree
version=v4
num_class=1
num_tree_per_iteration=1
label_index=0
max_feature_idx=14
objective=regression
feature_names=horizon hour quarter dow month lag0 lag1 lag2 lag3 lag4 lag5 lag6 lag7 day week
feature_infos=[1:8] [0:23] [0:3] [0:6] [1:3] [21:206] [21:208] [21:222] [21:192] [21:206] [21:208] [21:222] [21:192] [21:222] [21:222]
tree_sizes=1378 1412 1411 1417 1415 1412 1414 1419 1422 1426 1418 1422 1433 1433 1433 1430 1434 1432 1437 1431 1428 1435 1434 1433 1434 1442 1430 1440 1425 1444 1431 1430 1448 1433 1430 1440 1431 1432 1432 1432 1428 1422 1436 1434 1438 1430 1429 1433 1433 1431 1432 1436 1433 1438 1438 1437 1436 1451 1425 1445 1446 1436 1436 1448 1447 1442 1432 1433 1434 1445 1431 1432 1424 1445 1440 1439 1434 1436 1440 1446 1439 1454 1452 1447 1454 1455 1446 1442 1454 1437 1440 1450 1457 1432 1453 1437 1452 1446 1454 1458 1439 1440 1449 1451 1443 1457 1443 1463 1441 1458 1461 1445 1446 1434 1444 1444 1456 1437 1450 1443 1455 1447 1441 1435 1446 1438 1438 1442 1457 1451 1445 1466 1465 1449 1458 1432 1442 1446 1448 1444 1441 1437 1428 1451 1448 1447 1468 1452 1438 1446 1449 1452 1448 1449 1431 1466 1441 1460 1440 1452 1457 1451 1446 1447 1448 1450 1434 1444 1443 1450 1440 1472 1459 1442 1450 1445 1447 1448 1460 1457 1437 1437 1452 1444 1458 1443 1443 1445 1459 1435 1441 1451 1429 1456 1445 1439 1436 1441 1454 1443 1464 1452 1444 1443 1464 1450 1443 1457 1442 1446 1461 1446 1434 1453 1452 1438 1464 1461 1456 1453 1440 1450 1439 1441 1440 1435 1460 1447 1451 1452 1440 1461 1446 1451 1451 1443 1450 1445 1457 1447 1441 1452 1455 1444 1461 1436 1456 1445 1442 1445 1453 1465 1440 1464 1451 1440 1454 1462 1453 1452 1442 1444 1451 1462 1448 1448 1445 1445 1461 1450 1449 1436 1454 1451 1436 1461 1444 1442 1444 1448 1435 1443 1461 1446 1437 1450 1436 1443 1443 1441 1454 1454 1446 1440 1450 1448 1454 1449 1465 1455

Tree=0
num_leaves=15
num_cat=0
split_feature=5 14 1 5 14 13 14 13 1 14 14 14 11 5
split_gain=3.53596e+07 7.235e+06 922048 483323 265941 259805 220011 316419 281703 204966 187503 166502 103601 83081.9
threshold=46.500000000000007 136.50000000000003 1.5000000000000002 118.50000000000001 84.500000000000014 149.50000000000003 35.000000000000007 74.500000000000014 9.5000000000000018 89.500000000000014 94.500000000000014 152.50000000000003 118.50000000000001 104.50000000000001
decision_type=2 2 2 2 2 2 2 2 2 2 2 2 2 2
left_child=6 2 4 10 -2 -5 12 8 9 -8 13 -3 -1 -4
right_child=1 11 3 5 -6 -7 7 -9 -10 -11 -12 -13 -14 -15
leaf_value=91.179945970239402 93.1849910290954 97.425632555964086 93.911398224811862 95.90617526709984 94.943792430450429 97.359573656286315 93.15894565248054 91.398087821141033 91.40772671593578 96.173006819118271 95.414897011751322 98.283953717941344 93.092665639127446 94.940598212218362
leaf_weight=4332 537 817 315 2269 354 357 130 582 116 92 2457 2976 84 502
leaf_count=4332 537 817 315 2269 354 357 130 582 116 92 2457 2976 84 502
internal_value=94.6822 96.3552 95.3772 95.6036 93.8813 96.1085 91.3653 92.1038 93.3491 94.4133 95.1971 98.1029 91.2145 94.5415
internal_weight=15920 10584 6791 5900 891 2626 5336 920 338 222 3274 3793 4416 817
internal_count=15920 10584 6791 5900 891 2626 5336 920 338 222 3274 3793 4416 817
is_linear=0
shrinkage=1


Tree=1
num_leaves=15
num_cat=0
split_feature=5 14 1 5 14 13 14 13 1 14 14 14 11 6
split_gain=3.19224e+07 6.53116e+06 832677 436557 240262 235938 197943 287599 261877 169315 152652 150039 92893.9 83295.2
threshold=46.500000000000007 136.50000000000003 1.5000000000000002 118.50000000000001 84.500000000000014 141.50000000000003 43.000000000000007 74.500000000000014 10.500000000000002 94.500000000000014 86.500000000000014 152.50000000000003 118.50000000000001 96.500000000000014
decision_type=2 2 2 2 2 2 2 2 2 2 2 2 2 2
left_child=6 2 4 9 -2 -5 12 8 10 13 -8 -3 -1 -4
right_child=1 11 3 5 -6 -7 7 -9 -10 -11 -12 -13 -14 -15
leaf_value=-3.3267322348472357 -1.4230018784199254 2.6071324438799328 1.243911210409145 1.134487735331674 0.24873223910860531 2.3937139757874237 -1.4351586075716241 -3.1202470287909878 -3.2446934158737601 0.69617378692453613 1.1076551852149701 3.4220053403739841 -1.5144853902666757 -0.31592181733413921
leaf_weight=4338 537 817 92 2174 354 452 124 580 106 2457 104 2976 84 725
leaf_count=4338 537 817 92 2174 354 452 124 580 106 2457 104 2976 84 725
internal_value=-3.84798e-05 1.58958 0.660391 0.875528 -0.76113 1.35537 -3.1516 -2.44821 -1.2524 0.489179 -0.276399 3.25015 -3.29406 -0.133776
internal_weight=15920 10584 6791 5900 891 2626 5336 914 334 3274 228 3793 4422 817
internal_count=15920 10584 6791 5900 891 2626 5336 914 334 3274 228 3793 4422 817
is_linear=0
shrinkage=0.05


Tree=2
num_leaves=15
num_cat=0
split_feature=5 14 1 5 13 14 14 14 13 1 14 14 6 5
split_gain=2.88198e+07 5.89614e+06 736308 382901 238319 217063 178653 177881 259145 240408 164311 164073 88622.8 96667.6
threshold=46.500000000000007 134.50000000000003 1.5000000000000002 115.50000000000001 149.50000000000003 84.500000000000014 147.50000000000003 43.000000000000007 74.500000000000014 9.5000000000000018 93.500000000000014 89.500000000000014 96.500000000000014 104.50000000000001
decision_type=2 2 2 2 2 2 2 2 2 2 2 2 2 2
left_child=7 2 5 10 -5 -2 -3 -1 9 11 12 -9 -4 -14
right_child=1 6 3 4 -6 -7 -8 8 -10 -11 -12 -13 13 -15
leaf_value=-3.1296267218694265 -1.352508122630665 2.2189379370513085 1.1849216061000971 1.0540411122208082 2.4478998982300197 0.23646884449345157 3.2084398509519931 -1.3459094702742482 -2.96556812355661 -2.9799319243628131 0.63153604207491187 1.3676180778090488 -1.1815022633792798 0.05910831212847676
leaf_weight=4422 537 590 92 2524 349 354 3288 126 580 116 2201 92 256 393
leaf_count=4422 537 590 92 2524 349 354 3288 126 580 116 2201 92 256 393
internal_value=-6.04663e-05 1.51034 0.612028 0.817094 1.22732 -0.723401 3.06095 -2.99456 -2.32762 -1.19241 0.415086 -0.195763 -0.227761 -0.435546
internal_weight=15920 10584 6706 5815 2873 891 3878 5336 914 334 2942 218 741 649
internal_count=15920 10584 6706 5815 2873 891 3878 5336 914 334 2942 218 741 649
is_linear=0
shrinkage=0.05


Tree=3
num_leaves=15
num_cat=0
split_feature=5 14 1 5 14 13 14 14 13 1 14 14 6 5
split_gain=2.60175e+07 5.32479e+06 678903 361224 196105 175227 161265 159885 231908 213004 154502 127768 91410.8 111330
threshold=46.500000000000007 136.50000000000003 1.5000000000000002 123.50000000000001 84.500000000000014 155.50000000000003 97.500000000000014 35.000000000000007 74.500000000000014 9.5000000000000018 86.500000000000014 154.50000000000003 96.500000000000014 104.50000000000001
decision_type=2 2 2 2 2 2 2 2 2 2 2 2 2 2
left_child=7 2 4 6 -2 -5 12 -1 9 10 -9 -3 -4 -14
right_child=1 11 3 5 -6 -7 -8 8 -10 -11 -12 -13 13 -15
leaf_value=-2.9738436740330783 -1.285506547910481 2.4202894342308308 1.1699675310681117 1.1321132547244253 0.22481007537801953 2.491679730861307 0.69236981552294796 -1.3325816638487622 -2.8195060266343659 -2.8370922498466555 1.2770287691944777 3.1173111962946667 -1.0617073890695934 0.14854674807686782
leaf_weight=4416 537 1014 129 1843 354 273 2781 128 582 116 94 2779 272 602
leaf_count=4416 537 1014 129 1843 354 273 2781 128 582 116 94 2779 272 602
internal_value=-6.60521e-05 1.43502 0.596025 0.790284 -0.687542 1.31298 0.496646 -2.84526 -2.21529 -1.14897 -0.223822 2.9344 -0.0467752 -0.231997
internal_weight=15920 10584 6791 5900 891 2116 3784 5336 920 338 222 3793 1003 874
internal_count=15920 10584 6791 5900 891 2116 3784 5336 920 338 222 3793 1003 874
is_linear=0
shrinkage=0.05


Tree=4
num_leaves=15
num_cat=0
split_feature=5 14 1 9 13 14 14 14 1 14 6 1 11 3
split_gain=2.3488e+07 4.80774e+06 600276 321799 190492 178929 148405 143799 150886 128889 98089.5 86477.4 84977.9 79797.4
threshold=46.500000000000007 134.50000000000003 1.5000000000000002 120.50000000000001 155.50000000000003 76.500000000000014 147.50000000000003 43.000000000000007 9.5000000000000018 94.500000000000014 21.500000000000004 7.5000000000000009 118.50000000000001 3.5000000000000004
decision_type=2 2 2 2 2 2 2 2 2 2 2 2 2 2
left_child=7 2 5 9 -5 -2 -3 12 10 13 -9 -12 -1 -4
right_child=1 6 3 4 -6 -7 -8 8 -10 -11 11 -13 -14 -15
leaf_value=-2.8558440838737367 -1.2995778304753733 1.9969642349651882 0.4151369416794064 1.0246144266050246 2.5397688364160476 0.11790060082013037 2.8980193982904821 -2.6053646800963861 -2.7147857587685085 0.60210228732469551 -1.3963926757941267 0.46408373610726716 -1.1549862475877397 -0.53292543627092237
leaf_weight=4338 483 590 403 2256 227 408 3288 118 482 2447 232 82 84 482
leaf_count=4338 483 590 403 2256 227 408 3288 118 482 2447 232 82 84 482
internal_value=-5.70665e-05 1.36349 0.552313 0.73747 1.16796 -0.653461 2.76368 -2.7034 -2.10352 0.415402 -1.39824 -0.910877 -2.82488 -0.101302
internal_weight=15920 10584 6706 5815 2483 891 3878 5336 914 3332 432 314 4422 885
internal_count=15920 10584 6706 5815 2483 891 3878 5336 914 3332 432 314 4422 885
is_linear=0
shrinkage=0.05


Tree=5
num_leaves=15
num_cat=0
split_feature=5 14 1 5 13 14 14 13 1 14 1 14 3 5
split_gain=2.12052e+07 4.3412e+06 553580 309266 197844 161938 129159 201303 186619 118731 111929 111103 80768.6 77561.3
threshold=46.500000000000007 136.50000000000003 1.5000000000000002 114.50000000000001 141.50000000000003 84.500000000000014 43.000000000000007 74.500000000000014 10.500000000000002 93.500000000000014 16.500000000000004 104.50000000000001 3.5000000000000004 104.50000000000001
decision_type=2 2 2 2 2 2 2 2 2 2 2 2 2 2
left_child=6 2 5 9 -5 -2 -1 8 11 12 13 -8 -4 -3
right_child=1 10 3 4 -6 -7 7 -9 -10 -11 -12 -13 -14 -15
leaf_value=-2.6838582845129997 -1.1645059637560395 1.4096201652596738 0.32714240338264117 0.88289924016563648 2.0024340354479278 0.20791320023762483 -1.0095874315940294 -2.5620117320362321 -2.6823916701583177 0.51559384167750799 2.1214299489540811 1.2237527362416301 -0.7432286712403432 2.856251028421763
leaf_weight=4422 537 111 330 2702 463 354 144 580 106 2037 875 84 368 2807
leaf_count=4422 537 111 330 2702 463 354 144 580 106 2037 875 84 368 2807
internal_value=-9.34567e-05 1.29549 0.53794 0.713355 1.04957 -0.621118 -2.56871 -2.00004 -1.00077 0.32307 2.64933 -0.178174 -0.238452 2.80373
internal_weight=15920 10584 6791 5900 3165 891 5336 914 334 2735 3793 228 698 2918
internal_count=15920 10584 6791 5900 3165 891 5336 914 334 2735 3793 228 698 2918
is_linear=0
shrinkage=0.05


Tree=6
num_leaves=15
num_cat=0
split_feature=5 14 1 9 13 14 14 9 14 13 1 14 14 14
split_gain=1.91435e+07 3.92138e+06 489329 272314 169517 147838 128521 118709 118028 190058 166838 123366 105248 75739.1
threshold=46.500000000000007 134.50000000000003 1.5000000000000002 118.50000000000001 155.50000000000003 76.500000000000014 152.50000000000003 104.50000000000001 35.000000000000007 74.500000000000014 9.5000000000000018 86.500000000000014 94.500000000000014 21.500000000000004
decision_type=2 2 2 2 2 2 2 2 2 2 2 2 2 2
left_child=7 2 5 12 -5 -2 -3 8 -1 10 11 -10 13 -4
right_child=1 6 3 4 -6 -7 -8 -9 9 -11 -12 -13 -14 -15
leaf_value=-2.581289587583921 -1.1776359856617256 1.9464660696348517 1.1668711044040381 0.91251279040662026 2.3254310838246748 0.11077935523364793 2.6583277308473008 -0.49401789048138789 -1.1388785579150782 -2.4803603365524958 -2.4585328882390804 1.1926583532131081 0.52928641690780609 -0.28231756706292888
leaf_weight=4348 483 902 97 2410 231 408 2976 80 128 570 116 94 2303 774
leaf_count=4348 483 902 97 2410 231 408 2976 80 128 570 116 94 2303 774
internal_value=-7.77767e-05 1.23092 0.498327 0.6655 1.04026 -0.590329 2.49547 -2.44064 -2.46977 -1.92452 -0.964665 -0.147126 0.352529 -0.115188
internal_weight=15920 10584 6706 5815 2641 891 3878 5336 5256 908 338 222 3174 871
internal_count=15920 10584 6706 5815 2641 891 3878 5336 5256 908 338 222 3174 871
is_linear=0
shrinkage=0.05


Tree=7
num_leaves=15
num_cat=0
split_feature=5 14 1 5 14 13 14 9 14 13 1 14 1 6
split_gain=1.72826e+07 3.54367e+06 462154 278943 133721 126642 114768 106994 106072 172614 154853 107884 95812.4 69616.3
threshold=46.500000000000007 139.50000000000003 1.5000000000000002 121.50000000000001 84.500000000000014 135.50000000000003 99.500000000000014 104.50000000000001 43.000000000000007 74.500000000000014 9.5000000000000018 89.500000000000014 15.500000000000002 96.500000000000014
decision_type=2 2 2 2 2 2 2 2 2 2 2 2 2 2
left_child=7 2 4 6 -2 -5 13 8 -1 10 11 -10 -3 -4
right_child=1 12 3 5 -6 -7 -8 -9 9 -11 -12 -13 -14 -15
leaf_value=-2.4519452600857621 -1.0548974977098269 2.6019857043597927 0.9905328918195947 0.86921574492130849 0.19220049521551161 1.730932352061656 0.56638185100154126 -0.47076995849609377 -1.0411616616576682 -2.3567306843103539 -2.3406857987080723 1.1589291104336377 2.0268904850134422 -0.19446523890013878
leaf_weight=4354 537 2494 137 1807 354 566 2520 80 126 568 116 92 1199 970
leaf_count=4354 537 2494 137 1807 354 566 2520 80 126 568 116 92 1199 970
internal_value=-7.02707e-05 1.16957 0.4991 0.656877 -0.56111 1.07796 0.380277 -2.31898 -2.34663 -1.82757 -0.906192 -0.107516 2.41826 -0.0440179
internal_weight=15920 10584 6891 6000 891 2373 3627 5336 5256 902 334 218 3693 1107
internal_count=15920 10584 6891 6000 891 2373 3627 5336 5256 902 334 218 3693 1107
is_linear=0
shrinkage=0.05


Tree=8
num_leaves=15
num_cat=0
split_feature=5 14 1 5 13 14 9 14 13 1 14 14 1 6
split_gain=1.56026e+07 3.19886e+06 417387 257116 160046 122152 96433.6 95371.3 154571 138250 92556.1 90316.2 86410.8 82403.1
threshold=46.500000000000007 139.50000000000003 1.5000000000000002 113.50000000000001 156.50000000000003 76.500000000000014 104.50000000000001 35.000000000000007 74.500000000000014 10.500000000000002 90.500000000000014 104.50000000000001 15.500000000000002 96.500000000000014
decision_type=2 2 2 2 2 2 2 2 2 2 2 2 2 2
left_child=6 2 5 10 -5 -2 7 -1 9 11 13 -9 -3 -4
right_child=1 12 3 4 -6 -7 -8 8 -10 -11 -12 -13 -14 -15
leaf_value=-2.3299169720218784 -1.0671530213023794 2.4721466771998899 1.0848725825057475 0.80185669589438957 1.9774941900630059 0.10396670976216223 -0.44861612207749313 -0.90864525752909042 -2.2405923408840014 -2.3251616744307788 0.41597505789160671 1.0952018613225958 1.925966825749589 -0.53413021119985482
leaf_weight=4348 483 2494 88 3007 319 408 80 148 570 106 2077 84 1199 509
leaf_count=4348 483 2494 88 3007 319 408 80 148 570 106 2077 84 1199 509
internal_value=-6.32522e-05 1.11127 0.474257 0.624198 0.917412 -0.533295 -2.20338 -2.22964 -1.7393 -0.873594 0.258458 -0.175315 2.29766 -0.288455
internal_weight=15920 10584 6891 6000 3326 891 5336 5256 908 338 2674 232 3693 597
internal_count=15920 10584 6891 6000 3326 891 5336 5256 908 338 2674 232 3693 597
is_linear=0
shrinkage=0.05


Tree=9
num_leaves=15
num_cat=0
split_feature=5 14 1 9 14 14 14 14 9 14 14 3 7 13
split_gain=1.40858e+07 2.89268e+06 355521 211908 163136 115066 111456 101983 86915.2 87211.2 82267.5 99670.9 60316.6 59988.2
threshold=46.500000000000007 133.50000000000003 1.5000000000000002 114.50000000000001 29.500000000000004 154.50000000000003 91.500000000000014 114.50000000000001 104.50000000000001 179.50000000000003 93.500000000000014 3.5000000000000004 163.50000000000003 110.50000000000001
decision_type=2 2 2 2 2 2 2 2 2 2 2 2 2 2
left_child=8 2 6 10 12 -3 -2 -6 9 -1 11 13 -5 -4
right_child=1 5 3 4 7 -7 -8 -9 -10 -11 -12 -13 -14 -15
leaf_value=-2.1446378249404421 -0.9038047167733938 1.6922174283820723 0.057525350399910274 1.1702721016036208 0.35421132064579797 2.3093709918595424 0.27314447656371238 1.0055357479488725 -0.42750477959127986 -0.49597769419352211 0.41458899524734028 -0.70301234191782891 2.2284368244363515 1.5835621210031732
leaf_weight=5171 590 1147 258 384 1272 2779 301 1149 80 85 1971 424 228 81
leaf_count=5171 590 1147 258 384 1272 2779 301 1149 80 85 1971 424 228 81
internal_value=-5.97018e-05 1.05588 0.420523 0.564125 0.851606 2.13145 -0.506899 0.664763 -2.09354 -2.11847 0.244232 -0.195673 1.57935 0.439871
internal_weight=15920 10584 6658 5767 3033 3926 891 2421 5336 5256 2734 763 612 339
internal_count=15920 10584 6658 5767 3033 3926 891 2421 5336 5256 2734 763 612 339
is_linear=0
shrinkage=0.05


Tree=10
num_leaves=15
num_cat=0
split_feature=5 14 1 5 13 14 14 13 1 14 14 1 6 3
split_gain=1.27156e+07 2.61215e+06 340027 214703 138568 102018 82903.1 135102 131123 86312.9 77765.8 75910 72745 86404.6
threshold=46.500000000000007 139.50000000000003 1.5000000000000002 113.50000000000001 137.50000000000003 76.500000000000014 54.500000000000007 76.500000000000014 9.5000000000000018 86.500000000000014 90.500000000000014 15.500000000000002 96.500000000000014 3.5000000000000004
decision_type=2 2 2 2 2 2 2 2 2 2 2 2 2 2
left_child=6 2 5 10 -5 -2 -1 8 9 -8 12 -3 -4 -14
right_child=1 11 3 4 -6 -7 7 -9 -10 -11 -12 -13 13 -15
leaf_value=-2.0807940663629019 -0.96961485185339813 2.2383895816636974 1.0178970049145402 0.68175183186918309 1.5385888782847259 0.10058563001652319 -0.84029591177392204 -1.9939116837843409 -2.0324540792417922 1.1291551381650597 0.37319972645813437 1.7284578987233268 0.19916435462733112 -1.0985274756360652
leaf_weight=4426 483 2494 88 2755 571 408 122 578 116 94 2077 1199 235 274
leaf_count=4426 483 2494 88 2755 571 408 122 578 116 94 2077 1199 235 274
internal_value=4.39741e-05 1.00331 0.427669 0.563004 0.83094 -0.48173 -1.98901 -1.53367 -0.714713 0.0229356 0.228808 2.07539 -0.272467 -0.503287
internal_weight=15920 10584 6891 6000 3326 891 5336 910 332 216 2674 3693 597 509
internal_count=15920 10584 6891 6000 3326 891 5336 910 332 216 2674 3693 597 509
is_linear=0
shrinkage=0.05


Tree=11
num_leaves=15
num_cat=0
split_feature=5 14 1 13 9 14 14 14 9 14 13 1 14 14
split_gain=1.14791e+07 2.3609e+06 289697 184638 125688 97747 96225.4 93045.8 78892.8 75492.8 128608 118888 78683.5 62858
threshold=46.500000000000007 133.50000000000003 1.5000000000000002 156.50000000000003 114.50000000000001 147.50000000000003 90.500000000000014 91.500000000000014 104.50000000000001 54.500000000000007 76.500000000000014 9.5000000000000018 95.500000000000014 27.500000000000004
decision_type=2 2 2 2 2 2 2 2 2 2 2 2 2 2
left_child=8 2 7 4 6 -3 -4 -2 9 -1 11 12 -11 -6
right_child=1 5 3 -5 13 -7 -8 -9 -10 10 -12 -13 -14 -15
leaf_value=-2.0019459959217749 -0.82054372197940573 1.3376876025325961 -0.35894507390514363 1.6971988339577952 1.2416068010386967 2.0367209795793428 0.35706766430637066 0.25476332188529127 -0.31008047440472775 -0.71646890194295976 -1.9325705299444249 -1.9350306140489815 1.200881950197549 0.5735975741375462
leaf_weight=4358 590 638 603 305 415 3288 2058 301 80 134 566 116 82 2386
leaf_count=4358 590 638 603 305 415 3288 2058 301 80 134 566 116 82 2386
internal_value=4.16648e-05 0.953278 0.379289 0.508917 0.441072 1.92497 0.194446 -0.457886 -1.88983 -1.91356 -1.47591 -0.68027 0.0221156 0.674607
internal_weight=15920 10584 6658 5767 5462 3926 2661 891 5336 5256 898 332 216 2801
internal_count=15920 10584 6658 5767 5462 3926 2661 891 5336 5256 898 332 216 2801
is_linear=0
shrinkage=0.05


Tree=12
num_leaves=15
num_cat=0
split_feature=5 14 1 13 9 14 14 14 9 14 3 14 14 13
split_gain=1.03631e+07 2.13102e+06 261628 167942 118257 91118.7 87457.5 85203.1 71132 68145.9 61934.2 61324.7 79078.9 61081
threshold=46.500000000000007 133.50000000000003 1.5000000000000002 159.50000000000003 114.50000000000001 154.50000000000003 90.500000000000014 76.500000000000014 104.50000000000001 179.50000000000003 3.5000000000000004 27.500000000000004 114.50000000000001 74.500000000000014
decision_type=2 2 2 2 2 2 2 2 2 2 2 2 2 2
left_child=8 2 7 4 6 -3 10 -2 9 -1 -4 13 -13 -6
right_child=1 5 3 -5 11 -7 -8 -9 -10 -11 -12 12 -14 -15
leaf_value=-1.8412522286706399 -0.88102400231434685 1.4391577838337981 0.21771043191844824 1.6907289825786245 2.0495104147004084 1.9869383859308973 0.33925755011785452 0.096962798324348204 -0.29548851461971509 -0.38780209223429363 -0.78898918384261307 0.27562877026173543 0.85298106862764278 0.76867921148167284
leaf_weight=5171 483 1147 273 270 138 2779 2058 408 80 85 337 1276 1115 300
leaf_count=5171 483 1147 273 270 138 2779 2058 408 80 85 337 1276 1115 300
internal_value=4.93754e-05 0.905763 0.360435 0.483623 0.422851 1.82894 0.183531 -0.43515 -1.79561 -1.81814 -0.340343 0.647829 0.546085 1.19081
internal_weight=15920 10584 6658 5767 5497 3926 2668 891 5336 5256 610 2829 2391 438
internal_count=15920 10584 6658 5767 5497 3926 2668 891 5336 5256 610 2829 2391 438
is_linear=0
shrinkage=0.05


Tree=13
num_leaves=15
num_cat=0
split_feature=5 14 1 5 9 14 14 14 14 13 1 14 1 14
split_gain=9.35495e+06 1.92741e+06 250025 166887 110795 139976 100218 77675.8 67225.7 73308.9 120825 87719.3 65283.3 63492.6
threshold=46.500000000000007 139.50000000000003 1.5000000000000002 114.50000000000001 68.500000000000014 63.500000000000007 113.50000000000001 91.500000000000014 26.500000000000004 74.500000000000014 9.5000000000000018 86.500000000000014 15.500000000000002 99.500000000000014
decision_type=2 2 2 2 2 2 2 2 2 2 2 2 2 2
left_child=8 2 7 13 -5 -6 -7 -2 -1 10 11 -10 -3 -4
right_child=1 12 3 4 5 6 -8 -9 9 -11 -12 -13 -14 -15
leaf_value=-1.8011040064098722 -0.74497394460089073 1.9318044078629129 -0.14769408441138462 -1.0455245777108204 1.4514472316647198 0.26897173377205907 0.89709373296989203 0.23746435822663356 -0.82651360477950131 -1.68900340830786 -1.6465447039643597 1.0962825676407477 1.4623686695366207 0.36292045577868159
leaf_weight=4191 590 2494 905 82 609 1186 1377 301 143 671 237 94 1199 1841
leaf_count=4191 590 2494 905 82 609 1186 1377 301 143 671 237 94 1199 1841
internal_value=0.000133595 0.860665 0.366199 0.482249 0.724258 0.771582 0.607527 -0.413611 -1.70595 -1.35132 -0.860659 -0.0569919 1.78158 0.194674
internal_weight=15920 10584 6891 6000 3254 3172 2563 891 5336 1145 474 237 3693 2746
internal_count=15920 10584 6891 6000 3254 3172 2563 891 5336 1145 474 237 3693 2746
is_linear=0
shrinkage=0.05


Tree=14
num_leaves=15
num_cat=0
split_feature=5 14 1 13 14 1 14 14 11 9 5 14 13 1
split_gain=8.44519e+06 1.74594e+06 195723 152369 130237 71006.5 77801.4 69974.7 66727.8 64536.6 60138.4 59501.9 105495 99372.9
threshold=46.500000000000007 126.50000000000001 1.5000000000000002 150.50000000000003 147.50000000000003 12.500000000000002 95.500000000000014 76.500000000000014 103.50000000000001 104.50000000000001 171.50000000000003 54.500000000000007 76.500000000000014 10.500000000000002
decision_type=2 2 2 2 2 2 2 2 2 2 2 2 2 2
left_child=9 2 7 5 -3 6 -4 -2 -5 11 -6 -1 13 -13
right_child=1 4 3 8 10 -7 -8 -9 -10 -11 -12 12 -14 -15
leaf_value=-1.7206126761223346 -0.80055709553798504 1.0826107710588577 -0.21032608407169751 0.32734468742809469 1.5932194876287324 0.57286935017580054 0.33959596050402407 0.087516550287240896 1.8252591529269091 -0.19812815946691176 2.0730868800856035 0.064154087265074516 -1.6681846374805671 -1.7613553760288001
leaf_weight=4358 483 982 890 108 2233 1887 2288 405 253 80 1055 226 566 106
leaf_count=4358 483 982 890 108 2233 1887 2288 405 253 80 1055 226 566 106
internal_value=0.000123899 0.817742 0.289197 0.401809 1.59804 0.330241 0.185502 -0.397301 1.38772 -1.62088 1.75011 -1.64232 -1.25495 -0.536175
internal_weight=15920 10584 6314 5426 4270 5065 3178 888 361 5336 3288 5256 898 332
internal_count=15920 10584 6314 5426 4270 5065 3178 888 361 5336 3288 5256 898 332
is_linear=0
shrinkage=0.05


Tree=15
num_leaves=15
num_cat=0
split_feature=5 14 1 13 14 5 14 14 11 9 14 5 3 9
split_gain=7.62448e+06 1.5762e+06 176794 137907 117539 67649.3 63537.2 61619.4 60307.7 58211.5 54522.4 54354.7 51563.1 36268.6
threshold=46.500000000000007 126.50000000000001 1.5000000000000002 150.50000000000003 147.50000000000003 110.50000000000001 91.500000000000014 88.500000000000014 103.50000000000001 104.50000000000001 179.50000000000003 171.50000000000003 3.5000000000000004 64.000000000000014
decision_type=2 2 2 2 2 2 2 2 2 2 2 2 2 2
left_child=9 2 6 5 -3 7 -2 12 -5 10 -1 -6 -4 -7
right_child=1 4 3 8 11 13 -8 -9 -10 -11 -12 -13 -14 -15
leaf_value=-1.581107482175635 -0.67633195995595774 1.0287544466224863 0.1344214267797112 0.31170164051309102 1.5137364827063173 -0.41415495622871268 0.21514417242394029 0.22503650504132283 1.7357648535176766 -0.18880439758300782 -0.28559855355156794 1.9699214151051809 -0.99245448187677143 0.48798063108211132
leaf_weight=5171 590 982 188 108 2233 112 298 1503 253 80 85 1055 213 3049
leaf_count=5171 590 982 188 108 2233 112 298 1503 253 80 85 1055 213 3049
internal_value=0.000142909 0.777018 0.274822 0.38185 1.51842 0.313763 -0.377636 0.0780216 1.31981 -1.54008 -1.56045 1.66288 -0.468994 0.455413
internal_weight=15920 10584 6314 5426 4270 5065 888 1904 361 5336 5256 3288 401 3161
internal_count=15920 10584 6314 5426 4270 5065 888 1904 361 5336 5256 3288 401 3161
is_linear=0
shrinkage=0.05


Tree=16
num_leaves=15
num_cat=0
split_feature=5 14 13 1 14 13 9 3 4 14 11 14 4 1
split_gain=6.88251e+06 1.42339e+06 190878 133534 104580 85991.2 60462.8 57230.8 191063 188262 122378 105100 110310 55985.1
threshold=46.500000000000007 139.50000000000003 109.50000000000001 12.500000000000002 102.50000000000001 160.50000000000003 94.500000000000014 4.5000000000000009 1.5000000000000002 98.500000000000014 23.500000000000004 43.000000000000007 2.5000000000000004 15.500000000000002
decision_type=2 2 2 2 2 2 2 2 2 2 2 2 2 2
left_child=7 2 3 4 6 -4 -2 -1 9 10 -9 -10 -13 -3
right_child=1 13 5 -5 -6 -7 -8 8 11 -11 -12 12 -14 -15
leaf_value=-1.6257847134385246 0.38055868137557552 1.6680892112276924 0.53303315367954052 0.6029812841408444 0.27015104687860714 1.4441922104235778 -0.43933138650767162 1.8647900496963907 -1.607153397531464 -1.3697175342345906 -0.46643249863072445 -1.2349875455462067 0.90821359806008395 1.2360760492789389
leaf_weight=2758 260 2494 2556 969 1307 286 1513 108 1892 209 109 174 86 1199
leaf_count=2758 260 2494 2556 969 1307 286 1513 108 1892 209 109 174 86 1199
internal_value=0.000190469 0.738298 0.313376 0.0926702 -0.0685961 0.627101 -0.318367 -1.46317 -1.28639 -0.314551 0.709676 -1.4776 -0.522322 1.52969
internal_weight=15920 10584 6891 4049 3080 2842 1773 5336 2578 426 217 2152 260 3693
internal_count=15920 10584 6891 4049 3080 2842 1773 5336 2578 426 217 2152 260 3693
is_linear=0
shrinkage=0.05


Tree=17
num_leaves=15
num_cat=0
split_feature=5 14 1 13 14 5 14 14 3 3 4 14 11 14
split_gain=6.21325e+06 1.29243e+06 147836 114551 97231.8 66081.7 56134.4 55458.8 52289 51637 172510 170454 110960 94923.5
threshold=46.500000000000007 126.50000000000001 1.5000000000000002 159.50000000000003 152.50000000000003 110.50000000000001 26.500000000000004 88.500000000000014 3.5000000000000004 4.5000000000000009 1.5000000000000002 98.500000000000014 23.500000000000004 62.500000000000007
decision_type=2 2 2 2 2 2 2 2 2 2 2 2 2 2
left_child=9 2 6 5 -3 7 -2 8 -4 -1 11 12 -11 -12
right_child=1 4 3 -5 -6 -7 -8 -9 -10 10 13 -13 -14 -15
leaf_value=-1.5446425675075748 -1.3108325518209201 1.0033237202154663 0.15794543134096342 1.355273376421982 1.5315990929234073 0.42931860342800454 -0.18490551889675166 0.20011229118182811 -0.96154967663450197 1.7756762572094402 -1.526521317239433 -1.3028318226894486 -0.44413381710387112 -0.49218903222464788
leaf_weight=2758 125 1294 190 262 2976 3248 763 1503 223 108 1894 209 109 258
leaf_count=2758 125 1294 190 262 2976 3248 763 1503 223 108 1894 209 109 258
internal_value=0.000214917 0.701517 0.246772 0.344645 1.37287 0.292108 -0.34985 0.0589981 -0.450799 -1.39018 -1.22226 -0.298807 0.675766 -1.40395
internal_weight=15920 10584 6314 5426 4270 5164 888 1916 413 5336 2578 426 217 2152
internal_count=15920 10584 6314 5426 4270 5164 888 1916 413 5336 2578 426 217 2152
is_linear=0
shrinkage=0.05


Tree=18
num_leaves=15
num_cat=0
split_feature=5 14 1 13 1 5 11 14 12 14 3 14 13 1
split_gain=5.60869e+06 1.16676e+06 133613 104767 88494.6 61518.8 54564.7 53466.4 52310.6 62651.6 55206.5 47194.3 54622.2 92549.9
threshold=46.500000000000007 126.50000000000001 1.5000000000000002 150.50000000000003 16.500000000000004 104.50000000000001 103.50000000000001 76.500000000000014 108.50000000000001 88.500000000000014 5.5000000000000009 26.500000000000004 74.500000000000014 9.5000000000000018
decision_type=2 2 2 2 2 2 2 2 2 2 2 2 2 2
left_child=11 2 7 8 5 -3 -5 -2 9 -4 -10 -1 13 -13
right_child=1 4 3 6 -6 -7 -8 -9 10 -11 -12 12 -14 -15
leaf_value=-1.40019423729812 -0.68528468605191994 0.33588727535679941 -0.40147055701394135 0.19183440445798688 0.93124780892542192 1.4929263192552213 1.5402407406374465 0.090853924863721902 0.33132963540933075 0.22818072985731411 1.0010473827733515 0.095498717643997894 -1.3160310183756452 -1.2927194303717497
leaf_weight=4191 483 123 489 108 1193 2954 253 405 2251 1971 354 237 671 237
leaf_count=4191 483 123 489 108 1193 2954 253 405 2251 1971 354 237 671 237
internal_value=0.000183544 0.666494 0.234421 0.327467 1.30437 1.44729 1.14497 -0.332776 0.268129 0.102458 0.424083 -1.32083 -1.02553 -0.604859
internal_weight=15920 10584 6314 5426 4270 3077 361 888 5065 2460 2605 5336 1145 474
internal_count=15920 10584 6314 5426 4270 3077 361 888 5065 2460 2605 5336 1145 474
is_linear=0
shrinkage=0.05


Tree=19
num_leaves=15
num_cat=0
split_feature=5 14 13 1 14 13 9 5 9 14 13 1 3 12
split_gain=5.06346e+06 1.05731e+06 151280 104152 82465.1 64183.4 53771 50092.3 46996.9 44462.8 41210.9 39903.5 39748.2 34018.1
threshold=46.500000000000007 139.50000000000003 109.50000000000001 12.500000000000002 102.50000000000001 160.50000000000003 94.500000000000014 166.50000000000003 104.50000000000001 179.50000000000003 166.50000000000003 16.500000000000004 3.5000000000000004 89.500000000000014
decision_type=2 2 2 2 2 2 2 2 2 2 2 2 2 2
left_child=8 2 3 4 6 -4 -2 10 9 -1 -3 -5 -7 -8
right_child=1 7 5 11 -6 12 13 -9 -10 -11 -12 -13 -14 -15
leaf_value=-1.2919017062161169 0.36545737766572889 0.99112757665095441 0.46507268611473362 1.4876975386413103 0.2290199650131044 1.7971001968262303 -1.1708388296525871 1.548192697663459 -0.04907372418571921 -0.13082542419433593 1.4524148571065494 0.41205214956319153 0.59194792054539958 -0.33258369531042614
leaf_weight=5171 260 1430 2556 92 1307 152 129 1463 80 85 800 877 134 1384
leaf_count=5171 260 1430 2556 92 1307 152 129 1463 80 85 800 877 134 1384
internal_value=0.000192318 0.633288 0.267065 0.0705984 -0.071809 0.546356 -0.293591 1.31536 -1.25498 -1.27327 1.15949 0.52129 1.25232 -0.407675
internal_weight=15920 10584 6891 4049 3080 2842 1773 3693 5336 5256 2230 969 286 1513
internal_count=15920 10584 6891 4049 3080 2842 1773 3693 5336 5256 2230 969 286 1513
is_linear=0
shrinkage=0.05


Tree=20
num_leaves=15
num_cat=0
split_feature=5 14 1 13 14 12 3 13 14 13 14 14 3 4
split_gain=4.57107e+06 955797 112097 87191.3 78194.7 61809.6 50301.2 72496.3 67712.7 52730 62012 49001.1 46187.8 153151
threshold=46.500000000000007 126.50000000000001 1.5000000000000002 138.50000000000003 154.50000000000003 102.50000000000001 5.5000000000000009 71.500000000000014 101.50000000000001 94.500000000000014 69.500000000000014 26.500000000000004 4.5000000000000009 1.5000000000000002
decision_type=2 2 2 2 2 2 2 2 2 2 2 2 2 2
left_child=12 2 11 6 -3 -5 8 -8 9 10 -4 -2 -1 -14
right_child=1 4 3 5 -6 -7 7 -9 -10 -11 -12 -13 13 -15
leaf_value=-1.3375845958061121 -1.2065078005423915 0.88109118740626391 -1.541715102002164 -0.2971449099153608 1.3371906874441788 1.1550499046757852 1.1560428444476003 -0.09507417491561658 0.31057420966709742 0.17039578294294866 -0.22146035732473274 -0.15479483466090946 -0.16612868452846591 -1.2057059809627719
leaf_weight=2758 125 1491 102 86 2779 429 316 180 3002 769 542 763 426 2152
leaf_count=2758 125 1491 102 86 2779 429 316 180 3002 769 542 763 426 2152
internal_value=0.000282606 0.601809 0.210746 0.295974 1.17915 0.912022 0.230509 0.705591 0.176398 -0.108756 -0.440836 -0.308766 -1.1923 -1.03458
internal_weight=15920 10584 6314 5426 4270 515 4911 496 4415 1413 644 888 5336 2578
internal_count=15920 10584 6314 5426 4270 515 4911 496 4415 1413 644 888 5336 2578
is_linear=0
shrinkage=0.05


Tree=21
num_leaves=15
num_cat=0
split_feature=5 14 9 14 14 14 5 13 3 3 14 3 4 14
split_gain=4.12617e+06 865127 129340 117817 67219.3 61712.6 45150.4 43875.5 57393.4 47997.8 92639.1 41680.3 138231 155983
threshold=46.500000000000007 139.50000000000003 146.00000000000003 101.50000000000001 63.500000000000007 118.50000000000001 166.50000000000003 91.500000000000014 3.5000000000000004 5.5000000000000009 54.500000000000007 4.5000000000000009 1.5000000000000002 27.500000000000004
decision_type=2 2 2 2 2 2 2 2 2 2 2 2 2 2
left_child=11 2 3 7 -4 -6 -3 9 -9 10 -2 -1 13 -13
right_child=1 6 4 -5 5 -7 -8 8 -10 -11 -12 12 -14 -15
leaf_value=-1.2708263522353116 -1.5754496825904383 1.0412732370041096 1.1291959240836962 0.3194677143506674 0.056160130300521853 0.73332708104233435 1.4091840550953103 0.41911334809494155 -0.34686175304120537 0.50939752678219363 -0.28135142378617922 0.87613549543984581 -1.1455604399816082 -1.0228434570730991
leaf_weight=2758 159 2230 452 2905 620 733 1463 549 433 134 906 194 2152 232
leaf_count=2758 159 2230 452 2905 620 733 1463 549 433 134 906 194 2152 232
internal_value=0.000249395 0.571754 0.240483 0.111184 0.603502 0.424371 1.18873 -0.166338 0.0813205 -0.36867 -0.481014 -1.13281 -0.98298 -0.157919
internal_weight=15920 10584 6891 5086 1805 1353 3693 2181 982 1199 1065 5336 2578 426
internal_count=15920 10584 6891 5086 1805 1353 3693 2181 982 1199 1065 5336 2578 426
is_linear=0
shrinkage=0.05


Tree=22
num_leaves=15
num_cat=0
split_feature=5 14 13 1 14 10 10 13 1 5 14 13 1 14
split_gain=3.72479e+06 781004 119633 78042.7 62039.7 63190.8 54117.9 69992.2 42863.7 53665.1 39977.1 52392 84194.9 73046.7
threshold=46.500000000000007 139.50000000000003 112.50000000000001 12.500000000000002 95.500000000000014 96.500000000000014 65.500000000000014 161.50000000000003 15.500000000000002 104.50000000000001 26.500000000000004 74.500000000000014 9.5000000000000018 86.500000000000014
decision_type=2 2 2 2 2 2 2 2 2 2 2 2 2 2
left_child=10 2 3 4 5 -2 -4 -8 9 -3 -1 12 13 -12
right_child=1 8 6 -5 -6 -7 7 -9 -10 -11 11 -13 -14 -15
leaf_value=-1.1489045469731349 0.7171325382871041 0.12550903586325821 -0.73679559986258658 0.43936333807773953 0.13608579808145174 -0.41079074223788581 0.45159629691642583 1.323029960852403 0.87567633890432384 1.297527033383826 -0.44270249756204116 -1.0901140433091383 -1.0547682502053 1.3135378650192058
leaf_weight=4191 133 103 81 1074 1895 1271 2182 255 1199 2391 143 671 237 94
leaf_count=4191 133 103 81 1074 1895 1271 2182 255 1199 2391 143 671 237 94
internal_value=0.000250278 0.543247 0.228494 0.0702219 -0.0504363 -0.301778 0.502681 0.545303 1.12946 1.24947 -1.07629 -0.806653 -0.398191 0.266613
internal_weight=15920 10584 6891 4373 3299 1404 2518 2437 3693 2494 5336 1145 474 237
internal_count=15920 10584 6891 4373 3299 1404 2518 2437 3693 2494 5336 1145 474 237
is_linear=0
shrinkage=0.05


Tree=23
num_leaves=15
num_cat=0
split_feature=5 14 1 13 1 5 3 12 14 3 13 13 14 3
split_gain=3.36256e+06 708224 88135.9 74486.2 63822.4 47111.6 44314.6 50429 42845.3 48704.3 85232.6 47221.4 49522.7 43287.2
threshold=46.500000000000007 126.50000000000001 1.0000000180025095e-35 150.50000000000003 16.500000000000004 104.50000000000001 3.5000000000000004 138.50000000000003 113.50000000000001 5.5000000000000009 62.500000000000007 104.50000000000001 76.500000000000014 4.5000000000000009
decision_type=2 2 2 2 2 2 2 2 2 2 2 2 2 2
left_child=-1 2 -2 8 5 -3 -5 -8 9 11 -11 12 13 -4
right_child=1 4 3 6 -6 -7 7 -9 -10 10 -12 -13 -14 -15
leaf_value=-1.0225870082804582 -0.50425908292955579 0.16801975104026498 -0.31271034573188183 1.504626662030041 0.69734994919289628 1.1741501180227845 -0.29167214947105469 1.3103675968506758 0.41626000517330841 1.1681772256262914 -0.28451201990692915 0.2336185927326925 -0.0035720101322477618 -1.535970274567604
leaf_weight=5336 434 123 275 168 1193 2954 113 80 1460 256 162 1700 1571 95
leaf_count=5336 434 123 275 168 1193 2954 113 80 1460 256 162 1700 1571 95
internal_value=0.000265953 0.516184 0.179559 0.230416 1.01316 1.13427 0.921487 0.388707 0.18442 0.100619 0.608465 0.0415618 -0.126817 -0.643082
internal_weight=15920 10584 6314 5880 4270 3077 361 193 5519 4059 418 3641 1941 370
internal_count=15920 10584 6314 5880 4270 3077 361 193 5519 4059 418 3641 1941 370
is_linear=0
shrinkage=0.05


Tree=24
num_leaves=15
num_cat=0
split_feature=5 14 5 14 9 13 9 3 3 14 14 7 3 4
split_gain=3.03527e+06 640230 100624 76014.7 66501.3 81668 55702.3 56109.3 42566.1 47029.6 45392.8 40445.4 37569.1 125677
threshold=46.500000000000007 139.50000000000003 110.50000000000001 86.500000000000014 62.500000000000007 133.50000000000003 96.500000000000014 3.5000000000000004 5.5000000000000009 102.50000000000001 68.500000000000014 177.50000000000003 4.5000000000000009 1.5000000000000002
decision_type=2 2 2 2 2 2 2 2 2 2 2 2 2 2
left_child=12 2 3 6 -4 8 -2 -8 9 -6 -10 -3 -1 -14
right_child=1 11 4 -5 5 -7 7 -9 10 -11 -12 -13 13 -15
leaf_value=-1.1019312195850646 0.7541193775061904 0.94078307688745844 -0.94804686078180878 0.13795887520378888 -0.055581923846796999 0.89674943671060081 -0.16021765983456263 -1.0523757022810958 1.3474374078012801 0.35993546225700351 0.30689425570017193 1.3830140224396281 -0.044776493960909394 -0.98510728014713378
leaf_weight=2758 82 3036 91 1853 1014 654 368 337 180 2061 251 657 426 2152
leaf_count=2758 82 3036 91 1853 1014 654 368 337 180 2061 251 657 426 2152
internal_value=0.000295309 0.490463 0.205487 -0.0369519 0.355915 0.385543 -0.447052 -0.59109 0.289043 0.223048 0.751929 1.02122 -0.971506 -0.83011
internal_weight=15920 10584 6891 2640 4251 4160 787 705 3506 3075 431 3693 5336 2578
internal_count=15920 10584 6891 2640 4251 4160 787 705 3506 3075 431 3693 5336 2578
is_linear=0
shrinkage=0.05


Tree=25
num_leaves=15
num_cat=0
split_feature=5 14 13 3 14 13 1 10 13 5 14 14 9 13
split_gain=2.74009e+06 578801 75519.4 61206.6 75110.9 67297.3 55053.7 47203.8 62344.4 41643.3 36017.3 35544.6 32670.2 31128.8
threshold=46.500000000000007 126.50000000000001 109.50000000000001 5.5000000000000009 95.500000000000014 62.500000000000007 16.500000000000004 64.500000000000014 161.50000000000003 104.50000000000001 83.500000000000014 179.50000000000003 104.50000000000001 87.500000000000014
decision_type=2 2 2 2 2 2 2 2 2 2 2 2 2 2
left_child=11 2 3 4 13 10 9 -4 -9 -3 -5 12 -1 -2
right_child=1 6 7 5 -6 -7 -8 8 -10 -11 -12 -13 -14 -15
leaf_value=-0.95493629534564739 -0.51520233523997372 0.12101731011644007 -0.76448892388831491 1.3818991972273917 0.13677559941925885 -0.30539800934971145 0.62227086195184267 0.33365767231510512 1.1984715190427058 1.0652120908958338 0.27701150747969394 0.086406438615587028 0.059649393418255973 0.0025525898691864876
leaf_weight=5171 884 123 83 194 2060 151 1193 2162 227 2954 122 85 80 431
leaf_count=5171 884 123 83 194 2060 151 1193 2162 227 2954 122 85 80 431
internal_value=0.000308466 0.466032 0.161716 0.0228947 -0.0516155 0.556221 0.915306 0.376991 0.418163 1.02773 0.966288 -0.92303 -0.939437 -0.346138
internal_weight=15920 10584 6314 3842 3375 467 4270 2472 2389 3077 316 5336 5251 1315
internal_count=15920 10584 6314 3842 3375 467 4270 2472 2389 3077 316 5336 5251 1315
is_linear=0
shrinkage=0.05


Tree=26
num_leaves=15
num_cat=0
split_feature=5 14 5 14 9 14 14 9 3 7 14 5 13 3
split_gain=2.47339e+06 524850 84808 64536.6 58444.3 69508.2 57563.9 49446.7 51556 41981.1 39501 36656.7 33979 33711.4
threshold=46.500000000000007 139.50000000000003 110.50000000000001 86.500000000000014 62.500000000000007 25.500000000000004 113.50000000000001 96.500000000000014 3.5000000000000004 165.50000000000003 54.500000000000007 166.50000000000003 166.50000000000003 4.5000000000000009
decision_type=2 2 2 2 2 2 2 2 2 2 2 2 2 2
left_child=13 2 3 7 -4 9 -7 -2 -9 -6 -10 12 -3 -1
right_child=1 11 4 -5 5 6 -8 8 10 -11 -12 -13 -14 -15
leaf_value=-1.0002311471209249 0.71593739164286652 0.64141954249984723 -0.89936756187429046 0.12340081613295312 0.55036673905711042 0.07632032724603359 0.48254824147216469 -0.1385883397105632 -1.5055354919698505 1.4328129659295081 -0.41186866301619363 1.1206924634099982 1.0546812150900409 -0.74331077788626554
leaf_weight=2758 82 1430 91 1853 452 1909 1604 368 175 195 162 1463 800 2578
leaf_count=2758 82 1430 91 1853 452 1909 1604 368 175 195 162 1463 800 2578
internal_value=0.000336142 0.442815 0.184793 -0.0377719 0.322894 0.350679 0.262222 -0.415638 -0.551369 0.825276 -0.993504 0.923373 0.791703 -0.876916
internal_weight=15920 10584 6891 2640 4251 4160 3513 787 705 647 337 3693 2230 5336
internal_count=15920 10584 6891 2640 4251 4160 3513 787 705 647 337 3693 2230 5336
is_linear=0
shrinkage=0.05


Tree=27
num_leaves=15
num_cat=0
split_feature=5 14 13 14 3 13 13 14 11 7 14 13 1 14
split_gain=2.2328e+06 474628 95016.5 69082.4 58591.6 96605.1 40948.3 72891.6 36473.1 36271.6 33402.6 49215.6 76781.7 64599.3
threshold=46.500000000000007 143.50000000000003 133.50000000000003 101.50000000000001 5.5000000000000009 62.500000000000007 92.500000000000014 46.000000000000007 175.50000000000003 177.50000000000003 26.500000000000004 74.500000000000014 9.5000000000000018 86.500000000000014
decision_type=2 2 2 2 2 2 2 2 2 2 2 2 2 2
left_child=10 2 3 4 6 -6 7 -2 9 -3 -1 12 13 -12
right_child=1 8 -4 -5 5 -7 -8 -9 -10 -11 11 -13 -14 -15
leaf_value=-0.89914759521375276 -1.3567287554730199 0.73779709197472287 0.65721452516366619 0.24982455704685511 1.153425457183969 -0.52886790901501768 0.060021208048168656 -0.22650229161144667 1.2216219407450306 1.268162258588351 -0.23572044164143705 -0.86284567406897017 -0.82378945665911218 1.4190374807877975
leaf_weight=4191 162 2329 933 3800 214 136 896 1002 727 385 143 671 237 94
leaf_count=4191 162 2329 933 3800 214 136 896 1002 727 385 143 671 237 94
internal_value=0.000342861 0.42075 0.188094 0.117141 -0.0921543 0.501492 -0.193987 -0.388932 0.902736 0.815227 -0.833152 -0.588733 -0.195739 0.436356
internal_weight=15920 10584 7143 6210 2410 350 2060 1164 3441 2714 5336 1145 474 237
internal_count=15920 10584 7143 6210 2410 350 2060 1164 3441 2714 5336 1145 474 237
is_linear=0
shrinkage=0.05


Tree=28
num_leaves=15
num_cat=0
split_feature=5 14 14 13 1 3 11 5 3 4 14 11 14 4
split_gain=2.01558e+06 432191 59214.6 57863.8 46903.4 39191.1 33535 30769 30175.6 111912 140475 119852 65572.3 82629.3
threshold=46.500000000000007 122.50000000000001 154.50000000000003 150.50000000000003 1.0000000180025095e-35 3.5000000000000004 110.50000000000001 171.50000000000003 4.5000000000000009 1.5000000000000002 27.500000000000004 23.500000000000004 43.000000000000007 2.5000000000000004
decision_type=2 2 2 2 2 2 2 2 2 2 2 2 2 2
left_child=8 3 -3 4 -2 -5 -7 -4 -1 10 11 -10 -11 -14
right_child=1 2 7 5 -6 6 -8 -9 9 12 -12 -13 13 -15
leaf_value=-0.90803478179399066 -0.4187114375170346 0.54047553272034576 0.78805776248439274 1.3220296394899957 0.1197187039195115 -0.48015235140082546 0.83297831073955264 1.1528638274207679 2.3499034009081252 -0.91377134023997175 -0.74897705894985289 -0.10328368447043679 -0.68821633195077903 1.162304144508236
leaf_weight=2758 434 1876 1886 154 5154 84 103 893 89 1892 232 105 174 86
leaf_count=2758 434 1876 1886 154 5154 84 103 893 89 1892 232 105 174 86
internal_value=0.000354504 0.399789 0.760112 0.116489 0.0775638 0.74402 0.24598 0.907144 -0.79156 -0.665437 0.0742973 1.05291 -0.811704 -0.0657398
internal_weight=15920 10584 4655 5929 5588 341 187 2779 5336 2578 426 194 2152 260
internal_count=15920 10584 4655 5929 5588 341 187 2779 5336 2578 426 194 2152 260
is_linear=0
shrinkage=0.05


Tree=29
num_leaves=15
num_cat=0
split_feature=5 14 14 13 3 13 14 3 8 13 1 13 5 4
split_gain=1.81933e+06 390472 57115.7 50653.9 39536.1 62233.9 50047.7 35069.1 58880.7 49285.8 30327 29588.1 28734.5 61765.3
threshold=46.500000000000007 121.50000000000001 154.50000000000003 112.50000000000001 5.5000000000000009 62.500000000000007 95.500000000000014 4.5000000000000009 151.50000000000003 158.50000000000003 19.500000000000004 162.50000000000003 21.500000000000004 1.5000000000000002
decision_type=2 2 2 2 2 2 2 2 2 2 2 2 2 2
left_child=12 3 11 4 6 10 -2 9 -9 -5 -6 -3 -1 -14
right_child=1 2 -4 7 5 -7 -8 8 -10 -11 -12 -13 13 -15
leaf_value=-0.93697043901852095 -0.29104274793476853 0.41457651731225981 0.86196110302143492 0.31729115125893398 1.2865331213689795 -0.34691179518292592 0.097085544525980991 0.24652424347880003 -1.179362914611384 1.1971311015742165 0.23951721580290217 0.91472796017965319 -0.31470954198243839 -0.78927235687299591
leaf_weight=1536 1360 1624 2779 1341 172 159 2117 281 92 177 118 364 911 2889
leaf_count=1536 1360 1624 2779 1341 172 159 2117 281 92 177 118 364 911 2889
internal_value=0.000399685 0.379891 0.715126 0.10479 0.00229601 0.441153 -0.0549276 0.317014 -0.116117 0.423475 0.871786 0.508219 -0.751975 -0.676065
internal_weight=15920 10584 4767 5817 3926 449 3477 1891 373 1518 290 1988 5336 3800
internal_count=15920 10584 4767 5817 3926 449 3477 1891 373 1518 290 1988 5336 3800
is_linear=0
shrinkage=0.05


Tree=30
num_leaves=15
num_cat=0
split_feature=5 14 14 13 3 8 13 3 14 13 14 14 13 1
split_gain=1.64251e+06 352459 51518.7 46538 39311.1 54800.7 36659.3 34364.5 54676.3 50996.6 28834 28694.4 42086.4 65670.2
threshold=46.500000000000007 121.50000000000001 154.50000000000003 117.50000000000001 4.5000000000000009 151.50000000000003 158.50000000000003 5.5000000000000009 95.500000000000014 62.500000000000007 83.500000000000014 26.500000000000004 74.500000000000014 9.5000000000000018
decision_type=2 2 2 2 2 2 2 2 2 2 2 2 2 2
left_child=11 3 -3 7 6 -6 -5 8 -2 10 -9 -1 13 -13
right_child=1 2 -4 4 5 -7 -8 9 -10 -11 -12 12 -14 -15
leaf_value=-0.77551584379575278 -0.2724243508226179 0.48297446025007418 0.818940445430973 0.3569678847259114 0.3199800886978974 -1.1634803688272517 1.1389189370385893 1.1729833252316144 0.11257846222873479 -0.22614589173484734 0.11164320243504083 0.45790823915403744 -0.74201556966149607 -0.70719709317546253
leaf_weight=4191 1439 1988 2779 911 180 89 177 194 2547 184 96 237 671 237
leaf_count=4191 1439 1988 2779 911 180 89 177 194 2547 184 96 237 671 237
internal_value=0.000406652 0.360985 0.679484 0.0996174 0.35543 -0.183105 0.488807 0.0214731 -0.0265799 0.421624 0.82949 -0.714472 -0.488635 -0.125946
internal_weight=15920 10584 4767 5817 1357 269 1088 4460 3986 474 290 5336 1145 474
internal_count=15920 10584 4767 5817 1357 269 1088 4460 3986 474 290 5336 1145 474
is_linear=0
shrinkage=0.05


Tree=31
num_leaves=15
num_cat=0
split_feature=5 14 5 9 13 14 9 3 11 7 1 14 13 9
split_gain=1.4828e+06 318531 71084.9 50852.7 58941.8 45161.2 43909.2 57231.6 32677.1 31455.3 27572.8 27210.3 27077.2 26692.6
threshold=46.500000000000007 143.50000000000003 110.50000000000001 62.500000000000007 135.50000000000003 78.500000000000014 97.500000000000014 3.5000000000000004 175.50000000000003 177.50000000000003 2.5000000000000004 179.50000000000003 166.50000000000003 104.50000000000001
decision_type=2 2 2 2 2 2 2 2 2 2 2 2 2 2
left_child=11 2 5 -4 -5 6 -2 10 9 12 -8 13 -3 -1
right_child=1 8 3 4 -6 -7 7 -9 -10 -11 -12 -13 -14 -15
leaf_value=-0.70723587387202569 0.63465179642257485 0.450719223024029 -0.86651729826504986 0.21686387165022269 0.71145568119199698 0.072283536449089275 -0.44782750024234208 -1.0416087847165514 1.0382070023932906 1.0757183398573826 0.47177306819845133 0.19830969280666777 0.80743206013295188 0.20197936114142925
leaf_weight=5171 87 1468 91 3672 718 1951 201 293 727 385 130 85 861 80
leaf_count=5171 87 1468 91 3672 718 1951 201 293 727 385 130 85 861 80
internal_value=0.000403378 0.343003 0.152409 0.273875 0.298473 -0.052189 -0.391864 -0.538891 0.737854 0.655637 -0.0850092 -0.678831 0.584038 -0.693205
internal_weight=15920 10584 7143 4481 4390 2662 711 624 3441 2714 331 5336 2329 5251
internal_count=15920 10584 7143 4481 4390 2662 711 624 3441 2714 331 5336 2329 5251
is_linear=0
shrinkage=0.05


Tree=32
num_leaves=15
num_cat=0
split_feature=5 14 13 13 13 3 14 13 13 9 13 3 4 14
split_gain=1.33847e+06 289518 44463.3 52368.5 40426.9 46661.2 49707.5 47668.4 43084.2 34119.3 36014.5 26843.6 96114.4 124201
threshold=46.500000000000007 121.50000000000001 166.50000000000003 28.500000000000004 105.50000000000001 5.5000000000000009 61.500000000000007 86.500000000000014 62.500000000000007 64.000000000000014 161.50000000000003 4.5000000000000009 1.5000000000000002 27.500000000000004
decision_type=2 2 2 2 2 2 2 2 2 2 2 2 2 2
left_child=11 4 3 -3 5 6 7 -2 -7 -6 -11 -1 13 -13
right_child=1 2 -4 -5 9 8 -8 -9 -10 10 -12 12 -14 -15
leaf_value=-0.754294516652259 -1.2926210945863048 0.78420046002283561 0.85011763697410248 0.36782748494049328 -0.7089015928006942 0.78560376120825948 -0.032009332625775606 0.0095619726853892785 -0.37216183520587431 0.21028479551614115 0.88925264304347129 1.0773192472793349 -0.6622219438513065 -0.61725650316552283
leaf_weight=2758 157 1166 1418 2183 88 290 2505 124 107 2337 209 194 2152 232
leaf_count=2758 157 1166 1418 2183 88 290 2505 124 107 2337 209 194 2152 232
internal_value=0.000427414 0.325927 0.61459 0.513746 0.0890443 -0.0308794 -0.103373 -0.727871 0.472813 0.233747 0.267655 -0.644904 -0.526642 0.157997
internal_weight=15920 10584 4767 3349 5817 3183 2786 281 397 2634 2546 5336 2578 426
internal_count=15920 10584 4767 3349 5817 3183 2786 281 397 2634 2546 5336 2578 426
is_linear=0
shrinkage=0.05


Tree=33
num_leaves=15
num_cat=0
split_feature=5 14 5 9 13 14 9 3 11 7 14 13 1 14
split_gain=1.20818e+06 262763 59502.1 44028.9 50071.6 38709 39293.1 51490.1 28940 27784 25675.3 38185.9 59309.1 55647.4
threshold=46.500000000000007 143.50000000000003 110.50000000000001 62.500000000000007 133.50000000000003 78.500000000000014 97.500000000000014 3.5000000000000004 175.50000000000003 177.50000000000003 26.500000000000004 74.500000000000014 9.5000000000000018 86.500000000000014
decision_type=2 2 2 2 2 2 2 2 2 2 2 2 2 2
left_child=10 2 5 -4 -5 6 -2 -8 9 -3 -1 12 13 -12
right_child=1 8 3 4 -6 -7 7 -9 -10 -11 11 -13 -14 -15
leaf_value=-0.67032706727290636 0.60582442398021086 0.52387021464505579 -0.81333870838085809 0.19010268561294358 0.62615979197348748 0.064619205504249225 -0.073804368626415026 -0.9810304416156056 0.95064668198055058 0.98547576911938506 -0.12760794841357179 -0.64106985097806135 -0.60804813873669339 1.4105046765972871
leaf_weight=4191 87 2329 91 3586 804 1951 331 293 727 385 143 671 237 94
leaf_count=4191 87 2329 91 3586 804 1951 331 293 727 385 143 671 237 94
internal_value=0.000414438 0.309666 0.136559 0.247691 0.270585 -0.050624 -0.365097 -0.504206 0.668288 0.591044 -0.612703 -0.399789 -0.0551016 0.498983
internal_weight=15920 10584 7143 4481 4390 2662 711 624 3441 2714 5336 1145 474 237
internal_count=15920 10584 7143 4481 4390 2662 711 624 3441 2714 5336 1145 474 237
is_linear=0
shrinkage=0.05


Tree=34
num_leaves=15
num_cat=0
split_feature=5 14 5 1 13 1 3 11 14 6 1 4 10 13
split_gain=1.09062e+06 237713 39811.3 38034.3 34855.4 29619.2 27441.5 24266.3 24045.6 34930.7 36289.1 46612.1 44695 46148.6
threshold=61.500000000000007 121.50000000000001 111.50000000000001 15.500000000000002 150.50000000000003 1.0000000180025095e-35 3.5000000000000004 110.50000000000001 26.500000000000004 21.500000000000004 9.5000000000000018 1.5000000000000002 23.500000000000004 25.500000000000004
decision_type=2 2 2 2 2 2 2 2 2 2 2 2 2 2
left_child=8 4 -3 -4 5 -2 -6 -8 -1 -10 12 -12 13 -11
right_child=1 2 3 -5 6 -7 7 -9 9 10 11 -13 -14 -15
leaf_value=-0.63685065262424478 -0.34460201551204289 0.050958464754735193 0.72018503456781724 0.41868206783968748 1.0623966565824323 0.083642490742911205 -0.45781676032569973 0.66307136517650678 -0.83496709252413392 1.1670901276112999 0.55526596080051382 -0.71357143018303848 -0.83685734552042246 -0.09540807283976499
leaf_weight=4191 434 361 2607 1795 150 5036 84 101 302 123 84 405 82 165
leaf_count=4191 434 361 2607 1795 150 5036 84 101 302 123 84 405 82 165
internal_value=0.000416353 0.2949 0.556502 0.597856 0.0799609 0.0493811 0.57121 0.155473 -0.5808 -0.376603 -0.211556 -0.492198 0.160964 0.454499
internal_weight=15920 10568 4763 4402 5805 5470 335 185 5352 1161 859 489 370 288
internal_count=15920 10568 4763 4402 5805 5470 335 185 5352 1161 859 489 370 288
is_linear=0
shrinkage=0.05


Tree=35
num_leaves=15
num_cat=0
split_feature=5 14 14 5 9 13 1 6 13 3 14 11 1 5
split_gain=989004 159979 142255 60732.7 55743.6 55845.5 31086.3 30660.5 28403.2 27331.8 26068.6 25866.1 22875.6 20319.8
threshold=104.50000000000001 147.50000000000003 54.500000000000007 21.500000000000004 61.500000000000007 135.50000000000003 1.5000000000000002 104.50000000000001 21.500000000000004 5.5000000000000009 82.500000000000014 112.50000000000001 15.500000000000002 61.500000000000007
decision_type=2 2 2 2 2 2 2 2 2 2 2 2 2 2
left_child=2 4 7 -4 -2 6 -6 13 -5 -8 -11 -10 -3 -1
right_child=1 12 3 8 5 -7 9 -9 11 10 -12 -13 -14 -15
leaf_value=-0.59569537965149955 -0.98918893978912004 0.72200189109960644 -0.82924947493216572 0.6923513014431274 -0.34487089884300898 0.58643582358572466 0.13653491468679443 -1.3907868325156123 -0.19332768479791826 0.98005923375411685 0.21699251094525987 0.20038178856707856 0.42090062219629154 -0.035977552471489746
leaf_weight=4426 93 2290 267 121 297 849 3887 116 1458 192 268 579 908 169
leaf_count=4426 93 2290 267 121 297 849 3887 116 1458 192 268 579 908 169
internal_value=0.000408115 0.355525 -0.436662 -0.125158 0.193781 0.214691 0.146172 -0.596707 -0.0363288 0.180079 0.542603 -0.0812025 0.637301 -0.575171
internal_weight=15920 8784 7136 2425 5586 5493 4644 4711 2158 4347 460 2037 3198 4595
internal_count=15920 8784 7136 2425 5586 5493 4644 4711 2158 4347 460 2037 3198 4595
is_linear=0
shrinkage=0.05


Tree=36
num_leaves=15
num_cat=0
split_feature=5 14 14 7 9 13 1 6 1 10 14 14 3 4
split_gain=892872 144487 128439 56115.3 50406.4 48918.5 28067.5 27878.7 26904.1 44008.3 65441.1 42436.5 25294.7 24416.1
threshold=104.50000000000001 146.50000000000003 54.500000000000007 21.500000000000004 61.500000000000007 135.50000000000003 1.5000000000000002 104.50000000000001 9.5000000000000018 25.500000000000004 120.50000000000001 138.50000000000003 5.5000000000000009 1.5000000000000002
decision_type=2 2 2 2 2 2 2 2 2 2 2 2 2 2
left_child=2 4 7 -4 -2 6 -6 -1 9 10 -5 -11 -8 -10
right_child=1 -3 3 8 5 -7 12 -9 13 11 -12 -13 -14 -15
leaf_value=-0.54644671803388911 -0.94225292765364355 0.60297178447492383 -0.77548973984003899 0.16564385398301518 -0.32791283902348273 0.55371643208654686 0.12914367545637098 -1.3241210342808205 0.3373496982799743 0.0074876491472698403 1.7661008711422193 -1.0617277336865665 0.5221559076042428 -0.58394910054197957
leaf_weight=4595 93 3238 282 262 297 835 3867 116 88 1288 80 95 454 330
leaf_count=4595 93 3238 282 262 297 835 3867 116 88 1288 80 95 454 330
internal_value=0.000381062 0.337798 -0.414905 -0.118914 0.182573 0.202603 0.138586 -0.566979 -0.0309102 0.0565631 0.560073 -0.0695182 0.170993 -0.388297
internal_weight=15920 8784 7136 2425 5546 5453 4618 4711 2143 1725 342 1383 4321 418
internal_count=15920 8784 7136 2425 5546 5453 4618 4711 2143 1725 342 1383 4321 418
is_linear=0
shrinkage=0.05


Tree=37
num_leaves=15
num_cat=0
split_feature=5 14 5 13 13 3 14 13 13 3 5 5 13 14
split_gain=807574 176785 33140.3 30089.5 30061.1 36907.2 36980.4 37857.1 36348 27208.1 33870.1 34030.5 31374.4 27012
threshold=61.500000000000007 121.50000000000001 166.50000000000003 166.50000000000003 105.50000000000001 5.5000000000000009 61.500000000000007 86.500000000000014 62.500000000000007 3.5000000000000004 161.50000000000003 122.50000000000001 148.50000000000003 83.500000000000014
decision_type=2 2 2 2 2 2 2 2 2 2 2 2 2 2
left_child=-1 4 3 -3 5 6 7 -2 13 12 11 -11 -6 -7
right_child=1 2 -4 -5 9 8 -8 -9 -10 10 -12 -13 -14 -15
leaf_value=-0.49980130370328024 -1.1418544478369532 0.2834316191836011 0.65598483843409872 0.63864730377687218 0.23907245964903734 1.0322793862328459 -0.038182250928236072 0.018223260200849568 -0.36291984206597722 -0.13478055302602507 -0.8959425975780676 0.58550235613024437 0.97755315045375113 0.010557840196507993
leaf_weight=5352 157 2235 1710 818 1602 194 2493 124 107 555 96 227 154 96
leaf_count=5352 157 2235 1710 818 1602 194 2493 124 107 555 96 227 154 96
internal_value=0.000338815 0.253744 0.479343 0.379494 0.0683862 -0.0353167 -0.100039 -0.638565 0.412545 0.193062 -0.0341232 0.0766956 0.306428 0.699966
internal_weight=15920 10568 4763 3053 5805 3171 2774 281 397 2634 878 782 1756 290
internal_count=15920 10568 4763 3053 5805 3171 2774 281 397 2634 878 782 1756 290
is_linear=0
shrinkage=0.05


Tree=38
num_leaves=15
num_cat=0
split_feature=5 14 14 5 9 13 1 14 14 13 6 13 11 1
split_gain=730421 119807 107424 49093.4 45157.1 44496 25714.2 32679 25859.7 25796.1 25340.1 24031 21477.3 20066.4
threshold=104.50000000000001 147.50000000000003 54.500000000000007 21.500000000000004 61.500000000000007 160.50000000000003 1.5000000000000002 27.500000000000004 102.50000000000001 66.500000000000014 104.50000000000001 21.500000000000004 112.50000000000001 15.500000000000002
decision_type=2 2 2 2 2 2 2 2 2 2 2 2 2 2
left_child=2 4 10 -4 -2 6 -6 9 -9 -8 -1 -5 -13 -3
right_child=1 13 3 11 5 -7 7 8 -10 -11 -12 12 -14 -15
leaf_value=-0.49481749143605325 -0.89909282211138286 0.6285619718540858 -0.73761614707901202 0.64548075760489276 -0.30252374417783806 0.70813376229384506 1.0640890338271856 -0.11469974919205667 0.18800398201293578 0.31712242009072567 -1.2354495935634642 -0.16821851619733824 0.19052036796913369 0.34729345331105188
leaf_weight=4595 93 2290 267 121 297 373 155 891 3333 444 116 1458 579 908
leaf_count=4595 93 2290 267 121 297 373 155 891 3333 444 116 1458 579 908
internal_value=0.000343347 0.305525 -0.375268 -0.104585 0.165557 0.184384 0.145574 0.173452 0.124092 0.51762 -0.514345 -0.0247384 -0.0660332 0.549369
internal_weight=15920 8784 7136 2425 5586 5493 5120 4823 4224 599 4711 2158 2037 3198
internal_count=15920 8784 7136 2425 5586 5493 5120 4823 4224 599 4711 2158 2037 3198
is_linear=0
shrinkage=0.05


Tree=39
num_leaves=15
num_cat=0
split_feature=5 14 8 13 13 3 14 12 3 6 13 5 1 13
split_gain=660268 144548 28989.5 27083.6 31289.3 35485 33052.3 24052.1 23998.6 34279.2 27774 27769.9 25116 23503.2
threshold=61.500000000000007 122.50000000000001 167.50000000000003 105.50000000000001 29.500000000000004 5.5000000000000009 70.500000000000014 171.50000000000003 3.5000000000000004 167.50000000000003 148.50000000000003 122.50000000000001 6.5000000000000009 166.50000000000003
decision_type=2 2 2 2 2 2 2 2 2 2 2 2 2 2
left_child=-1 3 7 4 5 6 -2 13 10 11 -5 12 -10 -3
right_child=1 2 -4 8 -6 -7 -8 -9 9 -11 -12 -13 -14 -15
leaf_value=-0.45190290602684491 -0.93897868019693043 0.23692388741872197 0.68035336303502858 0.22408203734113066 -0.17954747960388404 0.61854438525361577 0.082870765160460685 0.70643251445006883 0.10887121256743987 -0.97983035514521044 0.91011448543678763 0.5048583914618755 -0.59782163497219065 0.53844969169440604
leaf_weight=5352 80 2301 977 1652 1701 296 1142 469 376 81 158 248 183 904
leaf_count=5352 80 2301 977 1652 1701 296 1142 469 376 81 158 248 183 904
internal_value=0.000328331 0.229459 0.437877 0.0654035 -0.0325331 0.132253 0.0124202 0.372559 0.182096 -0.0307355 0.28631 0.0699737 -0.125728 0.322678
internal_weight=15920 10568 4651 5917 3219 1518 1222 3674 2698 888 1810 807 559 3205
internal_count=15920 10568 4651 5917 3219 1518 1222 3674 2698 888 1810 807 559 3205
is_linear=0
shrinkage=0.05


Tree=40
num_leaves=15
num_cat=0
split_feature=5 14 14 9 13 7 6 14 14 7 13 1 4 14
split_gain=597454 100208 90398.3 43412.6 51155.2 42701.5 23478.1 21495 25899.9 25669 21354.4 23989.9 31882.1 53816
threshold=104.50000000000001 152.50000000000003 54.500000000000007 46.500000000000007 160.50000000000003 21.500000000000004 104.50000000000001 25.500000000000004 102.50000000000001 165.50000000000003 21.500000000000004 4.5000000000000009 2.5000000000000004 141.50000000000003
decision_type=2 2 2 2 2 2 2 2 2 2 2 2 2 2
left_child=2 3 6 -2 7 -4 -1 9 -9 -5 -7 -12 -13 -14
right_child=1 -3 5 4 -6 10 -8 8 -10 -11 11 12 13 -15
leaf_value=-0.448205538344772 -0.96493203163146968 0.51686756764374919 -0.66382010896862187 0.21933924850547451 0.64187633732505667 0.61728859017418314 -1.1603017737180734 -0.10644892183231983 0.16072342077537083 0.99463563293425572 0.10550803172337231 -0.44741349272098507 -0.229042663469219 1.2136971074386678
leaf_weight=4595 80 2897 282 430 526 121 116 1221 3491 139 1090 616 232 84
leaf_count=4595 80 2897 282 430 526 121 116 1221 3491 139 1090 616 232 84
internal_value=0.000334885 0.276344 -0.339372 0.157644 0.173926 -0.091076 -0.466951 0.126754 0.0914528 0.415749 -0.0143381 -0.0535651 -0.239176 0.167402
internal_weight=15920 8784 7136 5887 5807 2425 4711 5281 4712 569 2143 2022 932 316
internal_count=15920 8784 7136 5887 5807 2425 4711 5281 4712 569 2143 2022 932 316
is_linear=0
shrinkage=0.05


Tree=41
num_leaves=15
num_cat=0
split_feature=5 14 8 13 13 3 4 14 11 14 4 14 1 13
split_gain=539616 118991 31614.8 25076.4 23005.6 22832.7 85098.5 117021 109741 37755.3 57638.3 33872.5 27827.1 22801.2
threshold=61.500000000000007 114.50000000000001 167.50000000000003 166.50000000000003 146.50000000000003 4.5000000000000009 1.5000000000000002 27.500000000000004 23.500000000000004 43.000000000000007 2.5000000000000004 114.50000000000001 16.500000000000004 23.500000000000004
decision_type=2 2 2 2 2 2 2 2 2 2 2 2 2 2
left_child=5 4 3 13 -2 -1 7 8 -7 -8 11 -11 -9 -3
right_child=1 2 -4 -5 -6 6 9 12 -10 10 -12 -13 -14 -15
leaf_value=-0.50832007638242105 -0.0023802072512991491 0.46477679165312757 0.61714055818325186 0.52364188727875682 0.41710668249817734 2.4743578626754434 -0.5055248415840885 -0.80849118155817834 0.11658659414811567 0.35702765240388756 1.1570968790286844 -1.0096099236998897 0.31553622059438424 0.172252512379126
leaf_weight=2774 4572 884 1012 1044 347 89 1892 150 105 80 86 94 82 2709
leaf_count=2774 4572 884 1012 1044 347 89 1892 150 105 80 86 94 82 2709
internal_value=0.000325204 0.207466 0.363922 0.308053 0.0276051 -0.408505 -0.300325 0.342343 1.23324 -0.428043 0.134686 -0.388849 -0.41293 0.244769
internal_weight=15920 10568 5649 4637 4919 5352 2578 426 194 2152 260 174 232 3593
internal_count=15920 10568 5649 4637 4919 5352 2578 426 194 2152 260 174 232 3593
is_linear=0
shrinkage=0.05


Tree=42
num_leaves=15
num_cat=0
split_feature=5 14 14 9 13 5 6 1 14 13 14 13 11 12
split_gain=491499 83337.9 74455.6 39690.9 39768.8 37873.3 22805 19652.7 27781.7 21045.2 19905.9 18890.8 18094.3 17785.6
threshold=104.50000000000001 153.50000000000003 54.500000000000007 46.500000000000007 160.50000000000003 21.500000000000004 104.50000000000001 1.5000000000000002 27.500000000000004 66.500000000000014 95.500000000000014 21.500000000000004 119.50000000000001 108.50000000000001
decision_type=2 2 2 2 2 2 2 2 2 2 2 2 2 2
left_child=2 3 6 -2 7 -4 13 12 9 -9 -10 -7 -5 -1
right_child=1 -3 5 4 -6 11 -8 8 10 -11 -12 -13 -14 -15
leaf_value=-0.42256036845357436 -0.92841030064751129 0.4754114156328646 -0.63841016060289224 -0.85071657068155548 0.55106148621865847 0.5819005365350417 -1.105956651849195 0.95223510839510705 -0.2109048804362364 0.27780442844769343 0.13341312537451427 -0.048933858709779489 -0.01446874960644844 0.14529131603652032
leaf_weight=4455 80 2804 267 89 582 121 116 155 465 444 3957 2037 208 140
leaf_count=4455 80 2804 267 89 582 121 116 155 465 444 3957 2037 208 140
internal_value=0.000368302 0.25071 -0.307747 0.145039 0.160368 -0.0824078 -0.423531 0.117133 0.140579 0.458761 0.0970087 -0.0122993 -0.274997 -0.40512
internal_weight=15920 8784 7136 5980 5900 2425 4711 5318 5021 599 4422 2158 297 4595
internal_count=15920 8784 7136 5980 5900 2425 4711 5318 5021 599 4422 2158 297 4595
is_linear=0
shrinkage=0.05


Tree=43
num_leaves=15
num_cat=0
split_feature=5 14 14 9 13 11 11 14 14 12 7 7 1 14
split_gain=443683 75234.6 67222.1 36013.1 35929.9 34842 29620.9 57170.3 49034.7 21900.6 20824.7 19848.3 17806.2 25148
threshold=104.50000000000001 153.50000000000003 54.500000000000007 46.500000000000007 160.50000000000003 21.500000000000004 23.500000000000004 168.50000000000003 159.50000000000003 22.500000000000004 109.50000000000001 22.500000000000004 1.5000000000000002 27.500000000000004
decision_type=2 2 2 2 2 2 2 2 2 2 2 2 2 2
left_child=2 3 10 -2 12 -4 7 9 11 -7 -1 -8 -5 -14
right_child=1 -3 5 4 -6 6 8 -9 -10 -11 -12 -13 13 -15
leaf_value=-0.38708263256297976 -0.88472042364232684 0.45168315576175255 -0.57159074779886465 -0.26196369834811678 0.52374310780830646 -0.25711620841349397 -0.6859439049448286 1.4967864876443691 -1.0128981741117862 0.51233869757663253 -1.1526563913925834 0.026105537510447297 0.43633232387276188 0.092153888836673747
leaf_weight=4624 80 2804 307 297 582 209 100 83 131 158 87 1437 599 4422
leaf_count=4624 80 2804 307 297 582 209 100 83 131 158 87 1437 599 4422
internal_value=0.00033257 0.238185 -0.292412 0.137783 0.152385 -0.0782983 -0.00561871 0.3521 -0.102889 0.0765816 -0.402428 -0.0222957 0.11129 0.133607
internal_weight=15920 8784 7136 5980 5900 2425 2118 450 1668 367 4711 1537 5318 5021
internal_count=15920 8784 7136 5980 5900 2425 2118 450 1668 367 4711 1537 5318 5021
is_linear=0
shrinkage=0.05


Tree=44
num_leaves=15
num_cat=0
split_feature=5 14 14 9 13 11 11 14 14 12 6 7 13 13
split_gain=400553 67919.4 60680.1 32676.1 32461.6 31499.6 26883 51908.9 44419 19824.1 19261.6 17999.9 17515.7 20477.9
threshold=104.50000000000001 153.50000000000003 54.500000000000007 46.500000000000007 160.50000000000003 21.500000000000004 23.500000000000004 168.50000000000003 159.50000000000003 22.500000000000004 104.50000000000001 22.500000000000004 65.500000000000014 166.50000000000003
decision_type=2 2 2 2 2 2 2 2 2 2 2 2 2 2
left_child=2 3 10 -2 -5 -4 7 9 11 -7 -1 -8 -3 -14
right_child=1 12 5 4 -6 6 8 -9 -10 -11 -12 -13 13 -15
leaf_value=-0.36547941010412965 -0.84308653719284965 0.64075844357689749 -0.54346922408216281 0.10573806588403883 0.49777901352492671 -0.24456076715315614 -0.65327991485595716 1.4261993733319371 -0.96411521608448203 0.48750754548636688 -1.0093975998153373 0.024804787238003514 0.18268457065912203 0.49881295984587681
leaf_weight=4595 80 728 307 5318 582 209 100 83 131 158 116 1437 959 1117
leaf_count=4595 80 728 307 5318 582 209 100 83 131 158 116 1437 959 1117
internal_value=0.000289644 0.226286 -0.277863 0.13089 0.144799 -0.074434 -0.00532844 0.335458 -0.097995 0.072924 -0.382388 -0.0212879 0.429139 0.353569
internal_weight=15920 8784 7136 5980 5900 2425 2118 450 1668 367 4711 1537 2804 2076
internal_count=15920 8784 7136 5980 5900 2425 2118 450 1668 367 4711 1537 2804 2076
is_linear=0
shrinkage=0.05


Tree=45
num_leaves=15
num_cat=0
split_feature=5 14 5 3 4 14 11 8 1 13 3 13 14 13
split_gain=361816 83942.4 26563.7 20408.8 77790.2 104655 100697 29356.6 25340.5 18365.1 29832.9 31123.3 21795.6 26323.6
threshold=61.500000000000007 113.50000000000001 171.50000000000003 4.5000000000000009 1.5000000000000002 27.500000000000004 23.500000000000004 21.500000000000004 16.500000000000004 102.50000000000001 5.5000000000000009 62.500000000000007 46.000000000000007 76.500000000000014
decision_type=2 2 2 2 2 2 2 2 2 2 2 2 2 2
left_child=3 9 -3 -1 5 6 -5 -6 -7 10 12 -12 13 -2
right_child=1 2 -4 4 7 8 -8 -9 -10 -11 11 -13 -14 -15
leaf_value=-0.42875143717954317 -1.1138825145142137 0.2389599291030467 0.49371036624733011 2.41285140260737 0.44920473104223202 -0.71160434615227486 0.15213697390122849 -0.39644615891150481 0.35922180592328656 0.11863570569851825 0.62731224789330564 -0.45524221267965104 -0.089812606415109256 -0.05715073555215331
leaf_weight=2774 116 4428 1337 89 104 150 105 2048 82 2269 256 85 1961 116
leaf_count=2774 116 4428 1337 89 104 150 105 2048 82 2269 256 85 1961 116
internal_value=0.000263246 0.16988 0.298417 -0.334505 -0.23246 0.381663 1.22383 -0.354632 -0.333529 0.0154467 -0.0770027 0.354788 -0.144798 -0.597869
internal_weight=15920 10568 5765 5352 2578 426 194 2152 232 4803 2534 341 2193 232
internal_count=15920 10568 5765 5352 2578 426 194 2152 232 4803 2534 341 2193 232
is_linear=0
shrinkage=0.05


Tree=46
num_leaves=15
num_cat=0
split_feature=5 14 11 9 13 14 1 10 14 14 1 6 1 14
split_gain=327902 57863.4 51579.4 38895.1 36070.6 30699 26373.4 37162 59802.1 32987.9 26183.6 22757 15649 20997.9
threshold=104.50000000000001 159.50000000000003 117.50000000000001 46.500000000000007 168.50000000000003 54.500000000000007 9.5000000000000018 25.500000000000004 147.50000000000003 142.50000000000003 2.5000000000000004 104.50000000000001 1.5000000000000002 27.500000000000004
decision_type=2 2 2 2 2 2 2 2 2 2 2 2 2 2
left_child=2 3 5 -2 12 11 7 8 10 -9 -7 -1 -5 -14
right_child=1 -3 -4 4 -6 6 -8 9 -10 -11 -12 -13 13 -15
leaf_value=-0.34129212526934793 -0.90375041004684231 0.4225481426999565 0.23860494140967795 -0.24375175815939115 0.53150955615225282 0.3925036942355497 -0.44321828966409815 -0.096552176741960996 1.5413182982768137 -1.1114438327511065 -0.49987197445589121 -1.0637417839691703 0.39033252443285271 0.090454151820185416
leaf_weight=4507 85 2260 496 297 543 225 489 1024 82 82 123 108 658 4941
leaf_count=4507 85 2260 496 297 543 225 489 1024 82 82 123 108 658 4941
internal_value=0.000275189 0.204752 -0.251391 0.129039 0.143363 -0.288145 -0.125424 -0.0231414 0.368706 -0.176461 0.0744823 -0.359332 0.107196 0.126013
internal_weight=15920 8784 7136 6524 6439 6640 2025 1536 430 1106 348 4615 5896 5599
internal_count=15920 8784 7136 6524 6439 6640 2025 1536 430 1106 348 4615 5896 5599
is_linear=0
shrinkage=0.05


Tree=47
num_leaves=15
num_cat=0
split_feature=5 14 8 6 3 4 14 11 14 10 12 5 14 7
split_gain=296885 68586.6 23506.6 22017.5 18944.7 66644.4 95067 92685.2 30298 55900.9 22187.1 18164.6 23330.7 24979.1
threshold=65.500000000000014 113.50000000000001 167.50000000000003 88.000000000000014 4.5000000000000009 1.5000000000000002 27.500000000000004 23.500000000000004 89.500000000000014 23.500000000000004 22.500000000000004 104.50000000000001 28.500000000000004 162.50000000000003
decision_type=2 2 2 2 2 2 2 2 2 2 2 2 2 2
left_child=4 3 -3 -2 -1 6 7 -6 -7 -10 -8 -5 13 -13
right_child=1 2 -4 11 5 8 10 -9 9 -11 -12 12 -14 -15
leaf_value=-0.38401730312909926 0.50186126119882812 0.22613708693707185 0.49170133599379007 -0.19402804268569482 2.3147829786260079 -0.37654862212412743 -0.62907132140125144 0.14587663867256859 0.83244647083666501 -0.6586559665175753 0.31693446257710461 0.092029115631835495 -0.032781721854421429 0.66756205738255536
leaf_weight=2878 216 4731 1014 1020 89 1968 161 105 144 104 95 637 2494 264
leaf_count=2878 216 4731 1014 1020 89 1968 161 105 144 104 95 637 2494 264
internal_value=0.00024422 0.158058 0.273396 0.0148335 -0.294991 -0.198347 0.353634 1.17405 -0.310981 0.206486 -0.278668 -0.0095347 0.0460986 0.263418
internal_weight=15920 10376 5745 4631 5544 2666 450 194 2216 248 256 4415 3395 901
internal_count=15920 10376 5745 4631 5544 2666 450 194 2216 248 256 4415 3395 901
is_linear=0
shrinkage=0.05


Tree=48
num_leaves=15
num_cat=0
split_feature=5 14 14 9 11 11 1 14 13 5 12 11 8 6
split_gain=268536 54556.5 38361.8 37552.5 25955.2 23865.7 45034.4 57239.4 22191.8 20829.3 15817.2 16830.6 44824.3 26717
threshold=110.50000000000001 54.500000000000007 159.50000000000003 61.500000000000007 21.500000000000004 23.500000000000004 10.500000000000002 117.50000000000001 162.50000000000003 46.500000000000007 121.50000000000001 113.50000000000001 108.50000000000001 104.50000000000001
decision_type=2 2 2 2 2 2 2 2 2 2 2 2 2 2
left_child=1 10 3 -2 -3 6 7 -6 -5 -7 11 12 13 -1
right_child=2 4 -4 8 5 9 -8 -9 -10 -11 -12 -13 -14 -15
leaf_value=-0.30943441608867284 -0.87280388505611983 -0.47845011390671016 0.3874948164678868 0.11754500749778399 0.24286557580710083 -0.51237920771474421 -0.26572012520850974 1.8109419584274293 0.41357736951896434 -0.013951478234625843 0.31644538065584582 -1.020767044319826 0.75407595421586726 -1.0979056492045121
leaf_weight=4459 85 307 2207 4716 186 225 183 81 728 2368 96 80 93 106
leaf_count=4459 85 307 2207 4716 186 225 183 81 728 2368 96 80 93 106
internal_value=0.000284037 -0.199309 0.211429 0.140862 -0.0441304 0.000399893 0.334446 0.743119 0.157475 -0.058104 -0.306693 -0.319639 -0.306516 -0.328924
internal_weight=15920 8184 7736 5529 3350 3043 450 267 5444 2593 4834 4738 4658 4565
internal_count=15920 8184 7736 5529 3350 3043 450 267 5444 2593 4834 4738 4658 4565
is_linear=0
shrinkage=0.05


Tree=49
num_leaves=15
num_cat=0
split_feature=5 14 11 9 13 14 1 10 13 14 14 1 6 1
split_gain=242546 44841.3 41651.1 32297.2 29024.9 22791.4 20886.4 33723.2 54399.6 51579.1 38881.4 28746 20161.4 14893.4
threshold=104.50000000000001 159.50000000000003 117.50000000000001 46.500000000000007 168.50000000000003 54.500000000000007 10.500000000000002 25.500000000000004 25.500000000000004 110.50000000000001 153.50000000000003 2.5000000000000004 104.50000000000001 15.500000000000002
decision_type=2 2 2 2 2 2 2 2 2 2 2 2 2 2
left_child=2 3 5 -2 -5 12 7 8 9 -7 -9 -10 -1 -3
right_child=1 13 -4 4 -6 6 -8 10 11 -11 -12 -13 -14 -15
leaf_value=-0.29361793830101574 -0.83158816476662956 0.43589644843927239 0.22408240313071037 0.090097064717111389 0.47070094132558005 0.21134007976335636 -0.40614352223329153 -0.083851008370735516 0.50021245912488166 1.9108952062270221 -1.1905594746733821 -0.52734210722374197 -0.97302177384891353 0.12451820186751179
leaf_weight=4507 85 1763 496 5896 543 97 453 1043 111 80 81 160 108 497
leaf_count=4507 85 1763 496 5896 543 97 453 1043 111 80 81 160 108 497
internal_value=0.000261537 0.176122 -0.216184 0.109475 0.122534 -0.249216 -0.109006 -0.022364 0.342154 1.01089 -0.168524 -0.105025 -0.310553 0.367847
internal_weight=15920 8784 7136 6524 6439 6640 2025 1572 448 177 1124 271 4615 2260
internal_count=15920 8784 7136 6524 6439 6640 2025 1572 448 177 1124 271 4615 2260
is_linear=0
shrinkage=0.05


Tree=50
num_leaves=15
num_cat=0
split_feature=5 14 14 11 10 1 1 5 7 10 6 14 7 5
split_gain=220667 43916.4 31557 22178 21622.7 39357.3 39577.9 23136.7 19036.5 17537.2 16539.3 14054.8 26479.2 55905.7
threshold=110.50000000000001 54.500000000000007 118.50000000000001 21.500000000000004 23.500000000000004 10.500000000000002 6.5000000000000009 46.500000000000007 88.500000000000014 189.50000000000003 186.50000000000003 61.500000000000007 162.50000000000003 160.50000000000003
decision_type=2 2 2 2 2 2 2 2 2 2 2 2 2 2
left_child=1 -1 8 -3 5 6 -5 -6 -2 10 -4 12 13 -10
right_child=2 3 9 4 7 -7 -8 -9 11 -11 -12 -13 -14 -15
leaf_value=-0.27703334483190817 0.65241867093215322 -0.44293272266021139 0.22111013171308302 0.28045771284346904 -0.57358201831134392 -0.2254409140119186 1.5575108796023251 -0.014726012856925957 0.24525307974909258 0.64673686926613749 0.60542949780379196 -0.023541516896779607 0.62475084817127013 -1.1611090919550728
leaf_weight=4834 128 307 4069 200 196 203 84 2360 414 292 298 2191 264 80
leaf_count=4834 128 307 4069 200 196 203 84 2360 414 292 298 2191 264 80
internal_value=0.000243149 -0.180688 0.191646 -0.041458 -0.0002941 0.303294 0.678589 -0.0586166 0.0672288 0.273655 0.247998 0.0407676 0.225589 0.00814983
internal_weight=15920 8184 7736 3350 3043 487 284 2556 3077 4659 4367 2949 758 494
internal_count=15920 8184 7736 3350 3043 487 284 2556 3077 4659 4367 2949 758 494
is_linear=0
shrinkage=0.05


Tree=51
num_leaves=15
num_cat=0
split_feature=5 14 6 10 3 4 14 11 14 10 1 6 13 3
split_gain=199300 47556.5 20389.7 18902.9 16664.5 60840.1 84059.8 86097.2 22914 44869.1 21006.9 15150.4 14806.1 25820.2
threshold=65.500000000000014 113.50000000000001 88.000000000000014 173.50000000000003 4.5000000000000009 1.5000000000000002 27.500000000000004 23.500000000000004 89.500000000000014 23.500000000000004 16.500000000000004 189.50000000000003 104.50000000000001 3.5000000000000004
decision_type=2 2 2 2 2 2 2 2 2 2 2 2 2 2
left_child=4 2 -2 11 -1 6 7 -6 -7 -10 -8 -3 -4 -14
right_child=1 3 12 -5 5 8 10 -9 9 -11 -12 -13 13 -15
leaf_value=-0.32506922891914608 0.47898628771372515 0.15989503673958405 -0.094122546199866902 0.40479842255684606 2.246863748672161 -0.31581638676378249 -0.52551307818493365 0.15563205675645309 0.75179728436089999 -0.58416246367157054 0.42373070113960359 0.60905933402819079 0.22916752033405069 -0.14795722979819401
leaf_weight=2878 216 4383 2475 1170 89 1968 174 105 144 104 82 192 1225 715
leaf_count=2878 216 4383 2475 1170 89 1968 174 105 144 104 82 192 1225 715
internal_value=0.000264199 0.129566 0.0103061 0.225607 -0.241632 -0.151119 0.376093 1.14736 -0.258785 0.191083 -0.219166 0.17939 -0.0131396 0.0901526
internal_weight=15920 10376 4631 5745 5544 2666 450 194 2216 248 256 4575 4415 1940
internal_count=15920 10376 4631 5745 5544 2666 450 194 2216 248 256 4575 4415 1940
is_linear=0
shrinkage=0.05


Tree=52
num_leaves=15
num_cat=0
split_feature=5 11 14 9 14 11 11 1 7 13 14 6 11 8
split_gain=182555 36547.8 27019.2 30015.5 23593.9 20402 24443.7 47090.3 42603.9 19706.4 19665.7 17927.4 15540.3 15503.1
threshold=110.50000000000001 116.50000000000001 159.50000000000003 61.500000000000007 86.500000000000014 21.500000000000004 23.500000000000004 10.500000000000002 23.500000000000004 63.500000000000007 159.50000000000003 97.500000000000014 89.500000000000014 166.50000000000003
decision_type=2 2 2 2 2 2 2 2 2 2 2 2 2 2
left_child=1 4 3 -2 -1 -6 7 8 -7 -3 -8 -5 -13 -14
right_child=2 9 -4 11 5 6 10 -9 -10 -11 -12 12 13 -15
leaf_value=-0.25451506791537243 -0.79098437153630785 0.89750959324033086 0.32215427603146529 0.66947584848602615 -0.47693466280600916 1.6286850012686789 -0.038124154542107422 -0.2183182164075527 0.13875763646446834 0.090669786994794166 -0.60793471161476864 0.38518556090492151 0.05280019695537113 0.31963478991547573
leaf_weight=5154 85 84 2207 145 263 93 1633 183 96 516 162 478 4200 621
leaf_count=5154 85 84 2207 145 263 93 1633 183 96 516 162 478 4200 621
internal_value=0.000305421 -0.164261 0.174396 0.115178 -0.193998 -0.0653836 -0.0144524 0.351676 0.894978 0.210111 -0.0910958 0.130039 0.114661 0.0874671
internal_weight=15920 8184 7736 5529 7584 2430 2167 372 189 600 1795 5444 5299 4821
internal_count=15920 8184 7736 5529 7584 2430 2167 372 189 600 1795 5444 5299 4821
is_linear=0
shrinkage=0.05


Tree=53
num_leaves=15
num_cat=0
split_feature=5 14 11 14 9 3 4 1 3 14 7 5 1 6
split_gain=164751 33168.3 28467.2 24386.7 27229.4 17074.8 18849 42297.4 17883.1 19336.9 16739.1 16698.5 16137.2 53014.2
threshold=110.50000000000001 22.500000000000004 116.50000000000001 159.50000000000003 61.500000000000007 3.5000000000000004 1.5000000000000002 13.500000000000002 2.5000000000000004 121.50000000000001 88.500000000000014 26.500000000000004 6.5000000000000009 67.500000000000014
decision_type=2 2 2 2 2 2 2 2 2 2 2 2 2 2
left_child=1 -1 5 4 -2 8 7 11 -3 -10 -6 -7 -8 -14
right_child=3 2 -4 -5 10 6 12 -9 9 -11 -12 -13 13 -15
leaf_value=-0.28278318953453857 -0.75363230327765152 -0.073274842343776056 0.26999364310433072 0.30608296886389191 0.53483777559884993 -0.64505384493280538 -0.075753871520335969 0.84290907033404017 0.10600781065340226 0.96820146390660244 0.10480224773491194 0.0251174770061325 -0.24531940907960936 -1.1749249503270469
leaf_weight=3161 85 1424 527 2207 232 127 760 128 255 83 5212 313 1235 171
leaf_count=3161 85 1424 527 2207 232 127 760 128 255 83 5212 313 1235 171
internal_value=0.000323399 -0.156013 -0.0760336 0.165707 0.109448 -0.116848 -0.194957 0.0609898 0.00455801 0.328757 0.123602 -0.173393 -0.262061 -0.362142
internal_weight=15920 8184 5023 7736 5529 4496 2734 568 1762 338 5444 440 2166 1406
internal_count=15920 8184 5023 7736 5529 4496 2734 568 1762 338 5444 440 2166 1406
is_linear=0
shrinkage=0.05


Tree=54
num_leaves=15
num_cat=0
split_feature=5 14 11 9 13 9 4 1 3 8 14 14 1 3
split_gain=148869 29044.5 28132.6 23489.5 23600.6 16674.6 20499.1 160037 41101.6 71192.5 24938.9 16210.2 13357.6 12689.6
threshold=104.50000000000001 159.50000000000003 118.50000000000001 46.500000000000007 168.50000000000003 21.500000000000004 1.5000000000000002 13.500000000000002 3.5000000000000004 101.50000000000001 54.500000000000007 120.50000000000001 15.500000000000002 5.5000000000000009
decision_type=2 2 2 2 2 2 2 2 2 2 2 2 2 2
left_child=2 3 5 -2 13 -1 7 11 10 -10 -8 -7 -3 -5
right_child=1 12 -4 4 -6 6 8 -9 9 -11 -12 -13 -14 -15
leaf_value=-0.34083438570339619 -0.71804413848453097 0.35677757458866688 0.19888251814991237 0.042877178081496548 0.4095138356679317 -0.21929620470901809 0.81759559157877593 1.7948219360976385 -0.24067706829653798 -1.3923163853427196 -0.0050234627823363721 0.49414694550736193 0.062666978363125805 0.29578132887304481
leaf_weight=1528 85 1763 480 5354 543 970 99 111 2923 136 807 82 497 542
leaf_count=1528 85 1763 480 5354 543 970 99 111 2923 136 807 82 497 542
internal_value=0.000305773 0.138082 -0.169267 0.084448 0.0955904 -0.195945 -0.152482 0.0320003 -0.206566 -0.294066 0.0888594 -0.161611 0.29238 0.0663568
internal_weight=15920 8784 7136 6524 6439 6656 5128 1163 3965 3059 906 1052 2260 5896
internal_count=15920 8784 7136 6524 6439 6656 5128 1163 3965 3059 906 1052 2260 5896
is_linear=0
shrinkage=0.05


Tree=55
num_leaves=15
num_cat=0
split_feature=5 14 13 13 3 6 1 11 3 6 13 14 14 3
split_gain=135205 27631.9 21805.5 42025.5 25461.5 45026 20292.6 20194.6 17261.7 16740.8 15126.6 15079.7 22220.5 13813.5
threshold=111.50000000000001 22.500000000000004 54.500000000000007 111.50000000000001 4.5000000000000009 167.50000000000003 19.500000000000004 116.50000000000001 5.5000000000000009 154.50000000000003 162.50000000000003 61.500000000000007 136.50000000000003 3.5000000000000004
decision_type=2 2 2 2 2 2 2 2 2 2 2 2 2 2
left_child=1 -1 11 9 10 6 -6 13 -7 -4 -5 -2 -13 -3
right_child=2 7 3 4 5 8 -8 -9 -10 -11 -12 12 -14 -15
leaf_value=-0.25246789761406513 0.76061972837104941 0.0044342159766270761 -0.071485604994687368 0.13199439980620822 0.36348923209727857 -1.3239396039696261 -0.47472210740766574 0.20460060559884938 -0.28361635659547413 -0.54976115057529029 0.32958809808208173 0.077120075331709004 0.43574398282112492 -0.17156235392099653
leaf_weight=3197 160 1853 823 2327 280 82 92 605 80 231 1669 863 865 2793
leaf_count=3197 160 1853 823 2327 280 82 92 605 80 231 1669 863 865 2793
internal_value=0.000314924 -0.136684 0.155196 0.105361 0.17151 -0.151658 0.152643 -0.0660172 -0.834073 -0.178408 0.214832 0.301923 0.257379 -0.101439
internal_weight=15920 8448 7472 5584 4530 534 372 5251 162 1054 3996 1888 1728 4646
internal_count=15920 8448 7472 5584 4530 534 372 5251 162 1054 3996 1888 1728 4646
is_linear=0
shrinkage=0.05


Tree=56
num_leaves=15
num_cat=0
split_feature=5 9 4 1 5 11 3 14 13 13 3 6 9 11
split_gain=122010 25468.9 23196 81912.6 86078.8 112122 56420.6 31759.8 19732.8 37945.7 23088.5 40838.2 19645.6 52773.8
threshold=111.50000000000001 21.500000000000004 1.5000000000000002 7.5000000000000009 21.500000000000004 23.500000000000004 3.5000000000000004 54.500000000000007 54.500000000000007 111.50000000000001 4.5000000000000009 167.50000000000003 97.500000000000014 91.500000000000014
decision_type=2 2 2 2 2 2 2 2 2 2 2 2 2 2
left_child=1 -1 3 -3 -5 -6 7 -4 -2 -10 -11 -12 -8 -14
right_child=8 2 6 4 5 -7 12 -9 9 10 11 -13 13 -15
leaf_value=-0.31430937291280325 0.28699478526970296 -0.176048221969339 0.65513895952424339 -0.34014092442617255 2.038582445882982 0.25307386241993818 -0.19898595638387498 0.0090957992049035211 -0.16963393831870943 0.20411890613490283 0.1449370289285635 -0.79477553530010647 -1.5564368250051348 -0.31068610983383693
leaf_weight=1528 1888 1046 210 168 150 207 2824 1653 1054 3996 372 162 96 566
leaf_count=1528 1888 1046 210 168 150 207 2824 1653 1054 3996 372 162 96 566
internal_value=0.000286307 -0.129856 -0.0889295 0.0797975 0.586392 1.02108 -0.138513 0.0834774 0.147416 0.100009 0.162865 -0.144872 -0.257099 -0.501652
internal_weight=15920 8448 6920 1571 525 357 5349 1863 7472 5584 4530 534 3486 662
internal_count=15920 8448 6920 1571 525 357 5349 1863 7472 5584 4530 534 3486 662
is_linear=0
shrinkage=0.05


Tree=57
num_leaves=15
num_cat=0
split_feature=5 13 13 13 8 6 3 11 9 1 3 4 14 11
split_gain=111500 30910.1 25431.8 36611.1 24045.8 16796.5 13631.3 15186.3 14467.9 40335.3 12768.6 44555.7 69384.5 64100.2
threshold=61.500000000000007 166.50000000000003 28.500000000000004 91.500000000000014 115.50000000000001 73.000000000000014 3.5000000000000004 168.50000000000003 111.50000000000001 7.5000000000000009 4.5000000000000009 1.5000000000000002 98.500000000000014 23.500000000000004
decision_type=2 2 2 2 2 2 2 2 2 2 2 2 2 2
left_child=10 2 4 -4 5 -2 -5 8 9 -8 -1 12 13 -12
right_child=1 -3 3 6 -6 -7 7 -9 -10 -11 11 -13 -14 -15
leaf_value=-0.25998621938261529 0.52072705231237071 0.29697936031662497 -0.31230226152483376 0.095887295123782079 0.31622137155391389 -0.063086361260001639 -0.019716518028517035 -0.57198457098924205 0.13536220386714373 -1.0790705759923354 1.8101760952346095 -0.19770900255702109 -0.28845191893176497 0.10551720251116836
leaf_weight=2774 136 1594 795 4103 1535 971 536 138 657 103 108 2152 209 109
leaf_count=2774 136 1594 795 4103 1535 971 536 138 657 103 108 2152 209 109
internal_value=0.000267767 0.0944268 0.0583032 0.00389347 0.188452 0.0106567 0.0495335 -0.0829675 -0.0288981 -0.197525 -0.185572 -0.105152 0.359281 0.97558
internal_weight=15920 10568 8974 6332 2642 1107 5537 1434 1296 639 5352 2578 426 217
internal_count=15920 10568 8974 6332 2642 1107 5537 1434 1296 639 5352 2578 426 217
is_linear=0
shrinkage=0.05


Tree=58
num_leaves=15
num_cat=0
split_feature=5 7 12 7 9 13 5 9 7 9 14 5 8 14
split_gain=100576 28193.2 29662.9 28471 29354 25614.4 19348.9 18786.6 18753.7 15885 19046 15073.4 14400.6 13541.6
threshold=61.500000000000007 162.50000000000003 165.50000000000003 161.50000000000003 22.500000000000004 172.50000000000003 122.50000000000001 118.50000000000001 133.50000000000003 174.50000000000003 152.50000000000003 165.50000000000003 112.50000000000001 88.500000000000014
decision_type=2 2 2 2 2 2 2 2 2 2 2 2 2 2
left_child=-1 2 3 4 -2 9 -4 12 -8 13 -11 -3 -7 -6
right_child=1 11 6 -5 5 7 8 -9 -10 10 -12 -13 -14 -15
leaf_value=-0.17623893997646051 0.95243546235649024 0.049146278527626236 -0.0052569148880315993 -0.89173023639356386 -0.12967031475245167 0.28439010175523061 0.84842554820708838 0.071143420542631133 0.085594028690457347 -0.92538303516915832 0.10163446286145379 0.31876927035939007 1.1019692599054491 0.043006601863184689
leaf_weight=5352 80 744 200 80 1440 111 248 246 120 96 80 1720 109 5294
leaf_count=5352 80 744 200 80 1440 111 248 246 120 96 80 1720 109 5294
internal_value=0.000262048 0.0896893 0.0445921 0.0182104 0.0285647 0.017906 0.391402 0.374672 0.604158 -0.00640729 -0.468645 0.237622 0.70495 0.00601252
internal_weight=15920 10568 8104 7536 7456 7376 568 466 368 6910 176 2464 220 6734
internal_count=15920 10568 8104 7536 7456 7376 568 466 368 6910 176 2464 220 6734
is_linear=0
shrinkage=0.05


Tree=59
num_leaves=15
num_cat=0
split_feature=5 14 11 11 1 1 11 1 7 10 0 3 5 11
split_gain=91701.1 21549.6 16208.2 15875.6 25948 31109.9 30052.6 22964.3 18141.4 23410.3 12139.3 11619.1 10720.4 10537.9
threshold=111.50000000000001 22.500000000000004 116.50000000000001 169.50000000000003 11.500000000000002 5.5000000000000009 168.50000000000003 12.500000000000002 171.50000000000003 98.500000000000014 4.5000000000000009 5.5000000000000009 70.500000000000014 162.50000000000003
decision_type=2 2 2 2 2 2 2 2 2 2 2 2 2 2
left_child=1 -1 -3 4 5 -2 7 -6 9 10 -9 -7 -4 -11
right_child=3 2 12 -5 6 11 -8 8 -10 13 -12 -13 -14 -15
leaf_value=-0.21479545314176748 -0.021834624601949664 -0.081893807768465693 0.59529289841651922 0.26215069999667578 -0.53350642521740399 0.30369924416818633 -0.70276636628255451 -0.11147741370341357 0.38479094565784916 0.010594109127233658 -0.97750993166776279 0.76933737577576389 0.08225392269143432 0.29457691031109012
leaf_weight=3197 883 4646 125 1696 166 1364 141 80 376 2159 80 147 480 380
leaf_count=3197 883 4646 125 1696 166 1364 141 80 376 2159 80 147 480 380
internal_value=0.000276077 -0.11255 -0.0501535 0.127829 0.0881958 0.21397 -0.00101987 0.0305452 0.0618114 0.0161885 -0.560993 0.351388 0.192264 0.0535919
internal_weight=15920 8448 5251 7472 5776 2394 3382 3241 3075 2699 160 1511 605 2539
internal_count=15920 8448 5251 7472 5776 2394 3382 3241 3075 2699 160 1511 605 2539
is_linear=0
shrinkage=0.05


Tree=60
num_leaves=15
num_cat=0
split_feature=5 10 11 11 14 10 13 6 1 4 10 11 3 4
split_gain=83521.1 19009.9 17881.3 20690.5 16051.2 23161.6 16012.3 13057.1 12957.8 22243.7 33695.5 53116.1 16962.1 31294.8
threshold=104.50000000000001 151.50000000000003 169.50000000000003 168.50000000000003 22.500000000000004 108.50000000000001 176.50000000000003 185.50000000000003 3.5000000000000004 1.5000000000000002 21.500000000000004 23.500000000000004 5.5000000000000009 2.5000000000000004
decision_type=2 2 2 2 2 2 2 2 2 2 2 2 2 2
left_child=1 4 3 6 5 -1 7 -2 -6 10 -10 -12 -11 -14
right_child=2 -3 -4 -5 8 -7 -8 -9 9 12 11 -13 13 -15
leaf_value=-0.19402378266796905 0.048587511422879204 0.61724416284000183 0.24908169531216873 -0.47180496821169221 0.060506072223492635 -0.91578872347700191 0.35162457915260364 0.49155732889098736 -0.32770886751542611 -0.26906108322640765 1.1552855434417724 -0.043256727084517478 -0.20730057067848279 0.88390993072340884
leaf_weight=2953 6249 80 1696 168 1294 111 505 166 244 1774 145 240 204 91
leaf_count=2953 6249 80 1696 168 1294 111 505 166 244 1774 145 240 204 91
internal_value=0.000263198 -0.126751 0.103461 0.0684659 -0.135617 -0.221621 0.0819135 0.0604241 -0.0694114 -0.131718 0.127911 0.417166 -0.210767 0.138432
internal_weight=15920 7136 8784 7088 7056 3064 6920 6415 3992 2698 629 385 2069 295
internal_count=15920 7136 8784 7088 7056 3064 6920 6415 3992 2698 629 385 2069 295
is_linear=0
shrinkage=0.05


Tree=61
num_leaves=15
num_cat=0
split_feature=5 13 6 5 13 13 3 1 14 7 7 6 3 5
split_gain=75705.3 21691 20471.4 20207.5 21517 20491.4 17815.9 62308.1 13292.2 11856.5 17146.1 13074.6 12589.2 11596.2
threshold=65.500000000000014 166.50000000000003 88.000000000000014 110.50000000000001 54.500000000000007 104.50000000000001 3.5000000000000004 7.5000000000000009 54.500000000000007 124.50000000000001 110.50000000000001 100.50000000000001 4.5000000000000009 171.50000000000003
decision_type=2 2 2 2 2 2 2 2 2 2 2 2 2 2
left_child=-1 2 -2 6 13 -6 -4 8 -8 10 11 -3 -11 -5
right_child=1 9 3 4 5 -7 7 -9 -10 12 -12 -13 -14 -15
leaf_value=-0.14881384540540579 0.41311167637238633 0.4385471982529035 0.018317313686072201 0.13909223296191256 -0.22117230551502845 0.067494766175652962 -0.67290850007132208 -1.2999968325571409 -0.022633148918325519 0.21416195235720262 0.78264986627142541 -0.26186896534902709 -0.33322930939621848 0.41106831459145926
leaf_weight=5544 365 180 1353 1332 738 3558 84 121 675 986 215 100 113 556
leaf_count=5544 365 180 1353 1332 738 3558 84 121 675 986 215 100 113 556
internal_value=0.000272469 0.0799641 0.0490925 0.033071 0.0796136 0.0177058 -0.0957123 -0.270146 -0.0985332 0.249363 0.451636 0.188193 0.156624 0.220061
internal_weight=15920 10376 8782 8417 6184 4296 2233 880 759 1594 495 280 1099 1888
internal_count=15920 10376 8782 8417 6184 4296 2233 880 759 1594 495 280 1099 1888
is_linear=0
shrinkage=0.05


Tree=62
num_leaves=15
num_cat=0
split_feature=5 13 6 5 13 13 3 1 14 3 4 14 11 8
split_gain=68323.3 19610 18508.8 18289.2 19435.6 18504.2 16145.5 56465 12069.4 11295.5 35683 63894.1 62214.7 17665.9
threshold=65.500000000000014 166.50000000000003 88.000000000000014 110.50000000000001 54.500000000000007 104.50000000000001 3.5000000000000004 7.5000000000000009 54.500000000000007 4.5000000000000009 1.5000000000000002 27.500000000000004 23.500000000000004 21.500000000000004
decision_type=2 2 2 2 2 2 2 2 2 2 2 2 2 2
left_child=9 2 -2 6 -5 -6 -4 8 -8 -1 11 12 -11 -12
right_child=1 -3 3 4 5 -7 7 -9 -10 10 13 -13 -14 -15
leaf_value=-0.21000701885355785 0.39273522309455516 0.23702619878727807 0.017404820406788878 0.20913069263369738 -0.21018810949437472 0.064124763884926397 -0.6411532651842311 -1.2375763438168974 -0.021509810631533208 1.9437105249851307 0.47231196247109586 -0.18258324618740329 0.16422531648115679 -0.1812319126133233
leaf_weight=2878 365 1594 1353 1888 738 3558 84 121 675 89 104 256 105 2112
leaf_count=2878 365 1594 1353 1888 738 3558 84 121 675 89 104 256 105 2112
internal_value=0.00025137 0.075958 0.0466046 0.0313706 0.0756489 0.0168116 -0.0911475 -0.257202 -0.0938342 -0.14138 -0.067041 0.336526 1.00891 -0.149566
internal_weight=15920 10376 8782 8417 6184 4296 2233 880 759 5544 2666 450 194 2216
internal_count=15920 10376 8782 8417 6184 4296 2233 880 759 5544 2666 450 194 2216
is_linear=0
shrinkage=0.05


Tree=63
num_leaves=15
num_cat=0
split_feature=5 10 10 14 10 13 13 13 6 11 6 1 4 7
split_gain=61803.8 16836.3 14744.1 13049.8 20946.2 11720.3 11580.2 21598.3 11546.1 12046.1 11474.7 10018.5 18341.7 28342.8
threshold=104.50000000000001 151.50000000000003 189.50000000000003 22.500000000000004 108.50000000000001 166.50000000000003 28.500000000000004 98.500000000000014 27.500000000000004 72.500000000000014 178.50000000000003 2.5000000000000004 1.5000000000000002 21.500000000000004
decision_type=2 2 2 2 2 2 2 2 2 2 2 2 2 2
left_child=1 3 5 4 8 6 10 -8 -1 -10 -2 -5 13 -13
right_child=2 -3 -4 11 -6 -7 7 -9 9 -11 -12 12 -14 -15
leaf_value=-0.19357035849263482 0.099022383480663945 0.59105682025937478 0.41549212046571687 0.066645615788567744 -0.85486076587233062 0.20353910958016372 -0.25671286651485209 0.048959376617910458 0.64457637016800629 -0.1669590467701153 0.43103993424722281 -0.25185161457486349 -0.17825951876132931 0.40170876621401741
leaf_weight=2778 1686 80 328 1150 111 1483 662 4321 82 93 304 287 2175 380
leaf_count=2778 1686 80 328 1150 111 1483 662 4321 82 93 304 287 2175 380
internal_value=0.000251618 -0.109008 0.0890242 -0.117358 -0.194902 0.0761228 0.0488978 0.00813368 -0.168692 0.220645 0.150696 -0.0576715 -0.108004 0.12071
internal_weight=15920 7136 8784 7056 3064 8456 6973 4983 2953 175 1990 3992 2842 667
internal_count=15920 7136 8784 7056 3064 8456 6973 4983 2953 175 1990 3992 2842 667
is_linear=0
shrinkage=0.05


Tree=64
num_leaves=15
num_cat=0
split_feature=5 10 11 11 6 14 10 9 13 6 11 3 5 3
split_gain=55792.6 15274.3 13392.2 18690.9 11839 11786.3 19012.7 10595.9 14212.3 10456.6 10935.9 9752.33 23167.3 12656
threshold=104.50000000000001 151.50000000000003 169.50000000000003 168.50000000000003 190.50000000000003 22.500000000000004 108.50000000000001 46.500000000000007 176.50000000000003 27.500000000000004 72.500000000000014 3.5000000000000004 101.50000000000001 2.5000000000000004
decision_type=2 2 2 2 2 2 2 2 2 2 2 2 2 2
left_child=1 5 3 4 7 6 9 -2 -9 -1 -11 13 -13 -7
right_child=2 -3 -4 -5 -6 11 -8 8 -10 10 -12 12 -14 -15
leaf_value=-0.18390922825067346 -0.43305138251103392 0.56324238135534177 0.21061740902738141 -0.45913793975218181 0.4575021360049803 -0.036663665997707817 -0.81396010507797367 0.043935386743897062 0.33008995631797444 0.61419977837766737 -0.15903700024497755 -0.081260661217646857 -0.76801690895970054 0.29490667874962095
leaf_weight=2778 104 80 1696 168 184 1234 111 6170 462 82 93 2263 125 370
leaf_count=2778 104 80 1696 168 184 1234 111 6170 462 82 93 2263 125 370
internal_value=0.000254733 -0.103556 0.0845998 0.0543194 0.0671073 -0.111509 -0.185203 0.0561119 0.0641032 -0.160233 0.210276 -0.0547855 -0.118739 0.0404995
internal_weight=15920 7136 8784 7088 6920 7056 3064 6736 6632 2953 175 3992 2388 1604
internal_count=15920 7136 8784 7088 6920 7056 3064 6736 6632 2953 175 3992 2388 1604
is_linear=0
shrinkage=0.05


Tree=65
num_leaves=15
num_cat=0
split_feature=5 9 4 1 9 3 14 9 11 1 13 1 1 11
split_gain=50581.5 15465.3 16381.3 65845 63290.1 32681.1 30517 18847 40697.3 17688.3 33276.2 13662.8 30653 24232.2
threshold=111.50000000000001 21.500000000000004 1.5000000000000002 13.500000000000002 103.50000000000001 3.5000000000000004 54.500000000000007 97.500000000000014 91.500000000000014 7.5000000000000009 91.500000000000014 11.500000000000002 12.500000000000002 169.50000000000003
decision_type=2 2 2 2 2 2 2 2 2 2 2 2 2 2
left_child=1 -1 3 9 -5 6 -4 -7 -9 -3 -11 -2 -13 -14
right_child=11 2 5 4 -6 7 -8 8 -10 10 -12 12 13 -15
leaf_value=-0.22727400045343771 0.1850400868158614 -0.13877166050515508 0.63592952483441945 1.7478666502401372 0.056538929007316045 -0.12688635719161434 0.0026738551856199475 -1.3489316413308137 -0.25536620838212049 0.90554679567499685 -0.13868793015757566 -0.35968861898546606 0.012221625254216936 0.27785223955391575
leaf_weight=1528 2689 1046 210 104 113 2824 1653 96 566 124 184 423 3190 1170
leaf_count=1528 2689 1046 210 104 113 2824 1653 96 566 124 184 423 3190 1170
internal_value=0.000235394 -0.0835593 -0.0516846 0.0900657 0.888239 -0.0933619 0.0755664 -0.18362 -0.422873 -0.0406516 0.289468 0.094968 0.0441892 0.0837399
internal_weight=15920 8448 6920 1571 217 5349 1863 3486 662 1354 308 7472 4783 4360
internal_count=15920 8448 6920 1571 217 5349 1863 3486 662 1354 308 7472 4783 4360
is_linear=0
shrinkage=0.05


Tree=66
num_leaves=15
num_cat=0
split_feature=5 7 12 7 9 5 13 9 14 7 8 14 14 1
split_gain=46734.3 14774.4 21459.4 25509.8 27478 17690.7 15251.5 16356.8 19072.5 14333.1 12534.8 12124.7 20170.5 10430.6
threshold=61.500000000000007 162.50000000000003 165.50000000000003 161.50000000000003 22.500000000000004 122.50000000000001 177.50000000000003 174.50000000000003 152.50000000000003 133.50000000000003 121.50000000000001 63.500000000000007 118.50000000000001 12.500000000000002
decision_type=2 2 2 2 2 2 2 2 2 2 2 2 2 2
left_child=-1 2 3 4 -2 -4 7 -6 -9 -7 -8 13 -13 -3
right_child=1 11 5 -5 6 9 10 8 -10 -11 -12 12 -14 -15
leaf_value=-0.1200717705358616 0.90978690370040782 0.07983380447862283 -0.054571423372480936 -0.85517811655998244 0.0032401741763932465 0.74055042637313306 0.56352821406081455 -0.93369853463681318 0.048446272313594822 0.073713926500082017 -0.099288574660366238 -0.24396692340333878 0.19020018474246966 0.72716121552955537
leaf_weight=5352 80 101 200 80 6870 248 209 97 95 120 105 307 1893 163
leaf_count=5352 80 101 200 80 6870 248 209 97 95 120 105 307 1893 163
internal_value=0.000242903 0.0612024 0.028559 0.00612632 0.0159347 0.323536 0.00563025 -0.00963866 -0.458846 0.527007 0.343803 0.16829 0.129198 0.485597
internal_weight=15920 10568 8104 7536 7456 568 7376 7062 192 368 314 2464 2200 264
internal_count=15920 10568 8104 7536 7456 568 7376 7062 192 368 314 2464 2200 264
is_linear=0
shrinkage=0.05


Tree=67
num_leaves=15
num_cat=0
split_feature=5 8 6 8 1 1 2 11 11 12 8 14 11 10
split_gain=42274.4 31050 19825.7 18799.2 23733.4 27103.9 21992.1 17299.4 25666.9 16955.9 27899.5 19103.4 14638.8 14627.8
threshold=84.500000000000014 115.50000000000001 85.500000000000014 110.50000000000001 11.500000000000002 12.500000000000002 1.5000000000000002 169.50000000000003 168.50000000000003 105.50000000000001 22.500000000000004 69.500000000000014 85.500000000000014 99.500000000000014
decision_type=2 2 2 2 2 2 2 2 2 2 2 2 2 2
left_child=1 9 -2 -4 13 6 -6 8 12 -1 -11 -12 -7 -5
right_child=2 -3 3 4 5 7 -8 -9 -10 10 11 -13 -14 -15
leaf_value=-0.11334369247696022 0.82491898761952642 -0.97264768736215668 -0.041990136869394602 0.6257205201586088 0.024832947259009988 -0.50225500515383537 -0.6914912472071324 0.25088213474156462 -0.75419623688436477 -0.51703214382906582 1.05331024871153 0.20029095128234356 0.068979140583304177 0.19772895843222324
leaf_weight=5520 80 96 3176 220 211 112 212 1082 99 104 80 304 2722 1902
leaf_count=5520 80 96 3176 220 211 112 212 1082 99 104 80 304 2722 1902
internal_value=0.000246923 -0.103028 0.0644872 0.0578186 0.106136 0.0402712 -0.33806 0.0805012 0.0173267 -0.0883351 0.192829 0.389258 0.0455591 0.243468
internal_weight=15920 6104 9816 9736 6560 4438 423 4015 2933 6008 488 384 2834 2122
internal_count=15920 6104 9816 9736 6560 4438 423 4015 2933 6008 488 384 2834 2122
is_linear=0
shrinkage=0.05


Tree=68
num_leaves=15
num_cat=0
split_feature=9 9 12 8 11 13 14 11 4 3 14 6 3 5
split_gain=38772.4 18905.2 17933.6 14086.5 13431.9 17349.9 16294 57132 14331.4 11615.4 10465.9 10245.4 19024.7 10605.4
threshold=111.50000000000001 112.50000000000001 89.500000000000014 166.50000000000003 21.500000000000004 160.50000000000003 173.50000000000003 24.500000000000004 1.5000000000000002 3.5000000000000004 26.500000000000004 113.50000000000001 5.5000000000000009 125.50000000000001
decision_type=2 2 2 2 2 2 2 2 2 2 2 2 2 2
left_child=4 -2 -3 11 -1 6 -6 -8 -7 -10 -5 12 13 -4
right_child=1 2 3 10 5 8 7 -9 9 -11 -12 -13 -14 -15
leaf_value=-0.20706436748459051 0.54758354445018687 -0.65274572940433728 0.059812069988683172 0.68246736232319793 -0.078565467396531877 0.64396140478015729 1.2704380602940271 -0.52733948335571346 0.33422344649235747 -0.2393611190785494 0.18216802299489132 0.0097537859727993871 0.73738066138431546 0.60292181804472089
leaf_weight=1528 208 80 1108 111 6260 148 87 81 180 164 1169 4576 127 93
leaf_count=1528 208 80 1108 111 6260 148 87 81 180 164 1169 4576 127 93
internal_value=0.000229141 0.0831693 0.0695036 0.0779949 -0.0731347 -0.0434337 -0.0653946 0.413463 0.241258 0.0612588 0.22804 0.0452993 0.167285 0.104193
internal_weight=15920 7472 7264 7184 8448 6920 6428 168 492 344 1280 5904 1328 1201
internal_count=15920 7472 7264 7184 8448 6920 6428 168 492 344 1280 5904 1328 1201
is_linear=0
shrinkage=0.05


Tree=69
num_leaves=15
num_cat=0
split_feature=5 5 4 1 9 11 3 14 9 11 12 1 14 1
split_gain=35209.8 12553.6 14581.6 56967.8 61239.3 80909.4 26216.9 26690.6 17907.5 37201.4 15319.8 13611.2 36761.1 11471.4
threshold=111.50000000000001 21.500000000000004 1.5000000000000002 7.5000000000000009 21.500000000000004 23.500000000000004 3.5000000000000004 54.500000000000007 93.500000000000014 91.500000000000014 145.50000000000003 9.5000000000000018 109.50000000000001 11.500000000000002
decision_type=2 2 2 2 2 2 2 2 2 2 2 2 2 2
left_child=1 -1 3 -3 -5 -6 7 -4 11 -10 -7 12 -8 -2
right_child=13 2 6 4 5 10 8 -9 9 -11 -12 -13 -14 -15
leaf_value=-0.19870610734940997 0.16183750987419018 -0.12105567101891745 0.59534727097943774 -0.26671635401731281 1.7462278102903117 0.56198547106574892 -0.073295821120163626 0.0030371844150340515 -1.2785946183201702 -0.23440090075942699 -0.30154571817201731 -0.18749094253191645 0.82666747538247509 0.032789920269086247
leaf_weight=1536 2689 1042 210 168 150 127 888 1649 96 574 80 1803 125 4783
leaf_count=1536 2689 1042 210 168 150 127 888 1649 96 574 80 1803 125 4783
internal_value=0.00027052 -0.0696416 -0.0408377 0.0930845 0.515234 0.881812 -0.0801501 0.0713644 -0.160936 -0.39238 0.229013 -0.105271 0.0412707 0.0793083
internal_weight=15920 8448 6912 1567 525 357 5345 1859 3486 670 207 2816 1013 7472
internal_count=15920 8448 6912 1567 525 357 5345 1859 3486 670 207 2816 1013 7472
is_linear=0
shrinkage=0.05


Tree=70
num_leaves=15
num_cat=0
split_feature=9 9 12 8 5 13 14 12 7 4 7 5 13 14
split_gain=32410.6 16802.6 16348.7 12611.4 11217.6 12833 13989 43058.9 12914.4 27439.3 15217.4 10265.3 9925.38 28901.5
threshold=111.50000000000001 112.50000000000001 89.500000000000014 166.50000000000003 21.500000000000004 160.50000000000003 173.50000000000003 24.500000000000004 124.50000000000001 1.5000000000000002 98.500000000000014 171.50000000000003 54.500000000000007 61.500000000000007
decision_type=2 2 2 2 2 2 2 2 2 2 2 2 2 2
left_child=4 -2 -3 12 -1 6 -6 -8 9 -7 -11 -5 13 -4
right_child=1 2 3 11 5 8 7 -9 -10 10 -12 -13 -14 -15
leaf_value=-0.18880304317271107 0.51392797722083305 -0.62635103508830081 0.93342201801033708 0.036995194215612939 -0.070589046111849615 0.96916896359533333 1.1786694317363029 -0.3955140098427119 -0.34861326955936178 -0.21726346379344133 0.50545945218568589 0.32684592130747786 0.0055561094329907345 0.089932252150303982
leaf_weight=1536 208 80 106 504 6255 112 81 84 83 183 114 776 4584 1214
leaf_count=1536 208 80 106 504 6255 112 81 84 83 183 114 776 4584 1214
internal_value=0.000276869 0.0761078 0.0632263 0.0713356 -0.0667987 -0.0395697 -0.0584782 0.389205 0.20527 0.320524 0.063921 0.213305 0.0404018 0.160934
internal_weight=15920 7472 7264 7184 8448 6912 6420 165 492 409 297 1280 5904 1320
internal_count=15920 7472 7264 7184 8448 6912 6420 165 492 409 297 1280 5904 1320
is_linear=0
shrinkage=0.05


Tree=71
num_leaves=15
num_cat=0
split_feature=5 6 7 6 3 12 13 5 5 5 8 7 11 14
split_gain=29670.6 15016.5 13200.6 16852.1 33107.5 14179 15830 15511.7 10070.2 9940.73 22975.1 9856.88 9323.47 8274.5
threshold=65.500000000000014 88.000000000000014 162.50000000000003 167.50000000000003 3.5000000000000004 165.50000000000003 172.50000000000003 125.50000000000001 157.50000000000003 84.500000000000014 115.50000000000001 133.50000000000003 88.500000000000014 147.50000000000003
decision_type=2 2 2 2 2 2 2 2 2 2 2 2 2 2
left_child=-1 -2 3 5 -5 6 9 -7 -4 10 -3 -9 -8 -11
right_child=1 2 8 4 -6 7 12 11 -10 13 -12 -13 -14 -15
leaf_value=-0.093027933994665607 0.35179715064595873 0.037445333094920145 -0.14641922045741163 -0.045649780789200144 -1.194985994405168 -0.11748561830005862 0.75190257188514809 0.65914078450326574 0.17410323256622487 0.020351716521673752 -0.91159375163514422 0.052649379303992383 0.17369876208619289 -0.14253409271733328
leaf_weight=5544 392 172 272 240 80 160 84 224 2192 5107 96 96 346 915
leaf_count=5544 392 172 272 240 80 160 84 224 2192 5107 96 96 346 915
internal_value=0.000305613 0.0501954 0.0381835 0.00524502 -0.346948 0.0211279 0.00228269 0.282218 0.138496 -0.0178771 -0.312979 0.480803 0.293994 -0.00449534
internal_weight=15920 10376 9984 7520 320 7200 6720 480 2464 6290 268 320 430 6022
internal_count=15920 10376 9984 7520 320 7200 6720 480 2464 6290 268 320 430 6022
is_linear=0
shrinkage=0.05


Tree=72
num_leaves=15
num_cat=0
split_feature=9 9 12 3 6 3 12 11 13 7 4 14 11 3
split_gain=27347.2 15039.8 14413.9 11394.6 16780.9 10090.6 29554.1 10059.4 13637.2 12744.3 25997.9 12437.6 46011.9 11949.8
threshold=111.50000000000001 112.50000000000001 89.500000000000014 5.5000000000000009 108.50000000000001 4.5000000000000009 161.50000000000003 21.500000000000004 160.50000000000003 124.50000000000001 1.5000000000000002 173.50000000000003 24.500000000000004 3.5000000000000004
decision_type=2 2 2 2 2 2 2 2 2 2 2 2 2 2
left_child=7 -2 -3 5 -5 -4 -7 -1 11 10 -10 -9 -13 -12
right_child=1 2 3 4 -6 6 -8 8 9 -11 13 12 -14 -15
leaf_value=-0.17723109655094985 0.48415087154703529 -0.58972443490343929 0.060449822221973419 0.84541822723021698 0.15465309831294388 0.013153523182517241 -1.0251968106463114 -0.06660892073526245 0.95887850078485792 -0.3338153647047214 0.42551720423800665 1.1324510886617329 -0.48071455442628203 -0.20316823028777478
leaf_weight=1528 208 80 5987 97 667 353 80 6260 113 83 132 87 81 164
leaf_count=1528 208 80 5987 97 667 353 80 6260 113 83 132 87 81 164
internal_value=0.000283573 0.0699398 0.0577542 0.0653696 0.247282 0.0435459 -0.188203 -0.0613302 -0.0356287 0.216765 0.331179 -0.0551004 0.36326 0.0796027
internal_weight=15920 7472 7264 7184 764 6420 433 8448 6920 492 409 6428 168 296
internal_count=15920 7472 7264 7184 764 6420 433 8448 6920 492 409 6428 168 296
is_linear=0
shrinkage=0.05


Tree=73
num_leaves=15
num_cat=0
split_feature=5 1 1 2 1 11 11 13 11 7 5 14 14 12
split_gain=24862 10532.4 24346 20385.7 18546.2 15428.8 20070.1 11674.9 11638.7 10825.5 18751.7 10821 10187.1 9859.93
threshold=111.50000000000001 11.500000000000002 12.500000000000002 1.0000000180025095e-35 5.5000000000000009 169.50000000000003 168.50000000000003 112.50000000000001 85.500000000000014 172.50000000000003 179.50000000000003 107.50000000000001 86.500000000000014 158.50000000000003
decision_type=2 2 2 2 2 2 2 2 2 2 2 2 2 2
left_child=-1 4 3 -3 -2 6 8 11 -4 10 13 -6 -7 -10
right_child=1 2 5 -5 7 12 -8 -9 9 -11 -12 -13 -14 -15
leaf_value=-0.058459273539866408 -0.041879912231931347 0.25726762417365207 -0.46413788933020372 -0.53517548641068835 0.87130443848605843 0.67160331602800982 -0.63403363193074869 0.16049310444628162 -0.020285252426397022 0.31662864722368811 -0.6080929335461468 0.30898566649013715 0.16408429729012408 0.2022248207087122
leaf_weight=8448 883 105 112 318 112 105 115 1332 1856 320 112 362 1065 675
leaf_count=8448 883 105 112 318 112 105 115 1332 1856 320 112 362 1065 675
internal_value=0.000288204 0.066704 0.0221419 -0.337762 0.14578 0.0574062 0.000354082 0.237394 0.0250699 0.0443125 0.0108063 0.449562 0.212295 0.0393383
internal_weight=15920 7472 4783 423 2689 4360 3190 1806 3075 2963 2643 474 1170 2531
internal_count=15920 7472 4783 423 2689 4360 3190 1806 3075 2963 2643 474 1170 2531
is_linear=0
shrinkage=0.05


Tree=74
num_leaves=15
num_cat=0
split_feature=5 6 5 9 8 9 1 8 7 12 3 11 5 8
split_gain=23122 11854.7 16919 13634.1 15423.8 20072.4 11412.7 9481.93 12451.3 13270.7 9139.16 12590.7 37683.6 10048
threshold=61.500000000000007 88.000000000000014 80.500000000000014 46.500000000000007 110.50000000000001 112.50000000000001 6.5000000000000009 166.50000000000003 125.50000000000001 165.50000000000003 4.5000000000000009 168.50000000000003 166.50000000000003 152.50000000000003
decision_type=2 2 2 2 2 2 2 2 2 2 2 2 2 2
left_child=-1 -2 -3 -4 -5 6 -6 8 9 -7 -10 13 -13 -12
right_child=1 2 3 4 5 7 -8 -9 10 -11 11 12 -14 -15
leaf_value=-0.084344920109418867 0.26435538431073669 -0.52975393697283324 -0.51819002505289313 -0.045117122306946852 0.00081603773905120742 0.082958582035832409 0.55906964223220279 0.18481052457025196 0.010331692100635987 0.47802342159356997 0.20979235462894713 -1.2038056305904716 0.20173325838260753 -0.3822483461764124
leaf_weight=5352 568 128 104 3232 126 1352 330 1280 2724 248 180 96 88 112
leaf_count=5352 568 128 104 3232 126 1352 330 1280 2724 248 180 96 88 112
internal_value=0.000283065 0.0431612 0.0304716 0.0379999 0.0441838 0.0883431 0.406497 0.0641671 0.0318367 0.145492 -0.0251293 -0.22606 -0.544038 -0.0199039
internal_weight=15920 10568 10000 9872 9768 6536 456 6080 4800 1600 3200 476 184 292
internal_count=15920 10568 10000 9872 9768 6536 456 6080 4800 1600 3200 476 184 292
is_linear=0
shrinkage=0.05


Tree=75
num_leaves=15
num_cat=0
split_feature=5 6 8 5 1 1 2 8 10 10 5 1 11 6
split_gain=21006.9 12906.9 10478.8 14103.2 15406.2 21458 18729.1 13457.1 13195.8 15028.4 12306.3 44132.7 9463.89 10899
threshold=65.500000000000014 88.000000000000014 106.50000000000001 80.500000000000014 11.500000000000002 12.500000000000002 1.5000000000000002 168.50000000000003 99.500000000000014 90.500000000000014 104.50000000000001 7.5000000000000009 104.50000000000001 168.50000000000003
decision_type=2 2 2 2 2 2 2 2 2 2 2 2 2 2
left_child=-1 -2 10 -4 8 6 -6 12 9 -5 11 -3 13 -7
right_child=1 2 3 4 5 7 -8 -9 -10 -11 -12 -13 -14 -15
leaf_value=-0.078276848842222552 0.32184444626263092 -0.068693800171173672 -0.55055768374348646 -0.069138119116271893 0.012541246528012884 -0.056379587104070122 -0.64874312098605846 0.25598751987327806 0.12411375964361558 0.68395868596421583 0.0015223916527700393 -1.2842331253578154 0.041244683092142922 -0.61661947691592123
leaf_weight=5544 392 468 88 92 211 333 212 657 2296 224 2048 84 3158 113
leaf_count=5544 392 468 88 92 211 333 212 657 2296 224 2048 84 3158 113
internal_value=0.000256799 0.0422356 0.0311018 0.0614886 0.0692427 0.014936 -0.32259 0.0487818 0.166414 0.467041 -0.0551491 -0.263535 0.0107064 -0.203586
internal_weight=15920 10376 9984 7384 7296 4684 423 4261 2612 316 2600 552 3604 446
internal_count=15920 10376 9984 7384 7296 4684 423 4261 2612 316 2600 552 3604 446
is_linear=0
shrinkage=0.05


Tree=76
num_leaves=15
num_cat=0
split_feature=5 6 9 7 7 3 14 6 11 14 8 12 14 12
split_gain=19359.7 9392.28 14081.5 9951.37 17489.7 20083.4 27123 13992.4 13841.5 12846.4 11503.4 11178.8 10575.7 9768.95
threshold=111.50000000000001 100.50000000000001 62.500000000000007 162.50000000000003 144.50000000000003 4.5000000000000009 113.50000000000001 138.50000000000003 89.500000000000014 63.500000000000007 117.50000000000001 123.50000000000001 118.50000000000001 165.50000000000003
decision_type=2 2 2 2 2 2 2 2 2 2 2 2 2 2
left_child=-1 -2 -3 4 7 -6 -7 8 10 -5 -4 -9 -11 -13
right_child=1 2 3 9 5 6 -8 11 -10 12 -12 13 -14 -15
leaf_value=-0.051626962767114065 0.28829015857051182 -0.5662115296929755 0.0956023086402496 0.47553463086904774 -0.065213418190620806 -1.2336424644024153 -0.0088386309907791463 0.48149528741523095 -0.049849238896600284 -0.17661513951197511 0.69348914422667951 0.014644456135984547 0.1402379440709452 0.49576249484504969
leaf_weight=8448 416 88 264 244 1168 87 89 304 1888 302 112 512 1870 128
leaf_count=8448 416 88 264 244 1168 87 89 304 1888 302 112 512 1870 128
internal_value=0.000213638 0.058821 0.0450977 0.0532185 0.00964648 -0.141454 -0.631635 0.073072 0.00550491 0.135123 0.28046 0.234236 0.0958775 0.113965
internal_weight=15920 7472 7056 6968 4552 1344 176 3208 2264 2416 376 944 2172 640
internal_count=15920 7472 7056 6968 4552 1344 176 3208 2264 2416 376 944 2172 640
is_linear=0
shrinkage=0.05


Tree=77
num_leaves=15
num_cat=0
split_feature=14 5 8 6 9 8 9 12 8 14 13 6 7 9
split_gain=18906.6 20176.9 24200.3 11492.7 11851.6 11372.6 16417.3 11337.6 23342 16896.3 10403 7292.33 10489 14596.8
threshold=193.50000000000003 84.500000000000014 115.50000000000001 88.000000000000014 46.500000000000007 110.50000000000001 112.50000000000001 105.50000000000001 22.500000000000004 69.500000000000014 164.50000000000003 113.50000000000001 162.50000000000003 174.50000000000003
decision_type=2 2 2 2 2 2 2 2 2 2 2 2 2 2
left_child=1 2 7 -3 -5 -6 10 -1 -9 -10 -7 -8 13 -13
right_child=-2 3 -4 4 5 6 11 8 9 -11 -12 12 -14 -15
leaf_value=-0.082926705870564832 0.71885169102595414 0.56604459685752695 -0.84302507624177658 -0.49085574044652702 -0.037301659522395419 0.22936818859825248 0.21810055636759304 -0.48167105311647468 0.97145709891529641 0.16984810536685113 0.79478945896029485 0.0058690104988107297 0.11706044466878592 -0.43114783074070773
leaf_weight=5494 86 98 96 101 3130 341 623 104 80 304 105 2811 2347 200
leaf_count=5494 86 98 96 101 3130 341 623 104 80 304 105 2811 2347 200
internal_value=0.000211325 -0.00391756 -0.0753912 0.0406264 0.0350049 0.040816 0.0788594 -0.0623784 0.167454 0.34719 0.369819 0.0568719 0.0379392 -0.0238257
internal_weight=15920 15834 6078 9756 9658 9557 6427 5982 488 384 446 5981 5358 3011
internal_count=15920 15834 6078 9756 9658 9557 6427 5982 488 384 446 5981 5358 3011
is_linear=0
shrinkage=0.05


Tree=78
num_leaves=15
num_cat=0
split_feature=14 5 6 5 8 9 8 1 1 10 2 8 14 5
split_gain=17160.9 18240.3 10164.7 8053.1 20138.9 10746.1 10271.1 15025.2 19291.7 17894.4 15201.3 10702.5 7489.39 7165.48
threshold=193.50000000000003 65.500000000000014 88.000000000000014 84.500000000000014 115.50000000000001 46.500000000000007 110.50000000000001 11.500000000000002 12.500000000000002 99.500000000000014 1.5000000000000002 168.50000000000003 141.50000000000003 179.50000000000003
decision_type=2 2 2 2 2 2 2 2 2 2 2 2 2 2
left_child=1 -1 -3 4 -4 -5 -7 9 10 12 -9 13 -8 -10
right_child=-2 2 3 5 -6 6 7 8 11 -11 -12 -13 -14 -15
leaf_value=-0.07702665389720266 0.6848839755896684 0.28562027821722241 0.082579085255801349 -0.46747061216606289 -0.80296051635840304 -0.035439551806811131 0.98736775764005458 0.0053058576935501867 0.039983975436008262 0.13944778809902533 -0.59339460960167001 0.24249170672861331 0.32444673199951651 -0.25290281347281834
leaf_weight=5520 86 386 174 101 96 3130 85 209 3083 1883 210 643 95 219
leaf_count=5520 86 386 174 101 96 3130 85 209 3083 1883 210 643 95 219
internal_value=0.00022312 -0.00371054 0.0355462 0.0256844 -0.241154 0.0332651 0.0387987 0.0749527 0.0223187 0.18597 -0.298218 0.0566974 0.655718 0.0202057
internal_weight=15920 15834 10314 9928 270 9658 9557 6427 4364 2063 419 3945 180 3302
internal_count=15920 15834 10314 9928 270 9658 9557 6427 4364 2063 419 3945 180 3302
is_linear=0
shrinkage=0.05


Tree=79
num_leaves=15
num_cat=0
split_feature=14 5 8 6 9 12 8 14 13 8 7 7 1 14
split_gain=15717.2 15911.1 19936.7 10001.2 9993.76 9474.79 20540.6 15668.6 8837.93 6685.63 12294 12328.2 12316.6 13408.5
threshold=190.50000000000003 84.500000000000014 115.50000000000001 88.000000000000014 46.500000000000007 105.50000000000001 22.500000000000004 69.500000000000014 176.50000000000003 113.50000000000001 125.50000000000001 162.50000000000003 15.500000000000002 26.500000000000004
decision_type=2 2 2 2 2 2 2 2 2 2 2 2 2 2
left_child=1 2 5 -3 -5 -1 -7 -8 9 -6 -11 12 13 -12
right_child=-2 3 -4 4 8 6 7 -9 -10 10 11 -13 -14 -15
leaf_value=-0.075045806273997678 0.50791408755131906 0.52763273263094479 -0.76480001398537423 -0.45533752217179252 -0.035540303353702028 -0.45501758877290499 0.92349542971919574 0.1519310379539493 0.19667780376326743 0.180359857709014 -0.83449996584518393 0.097169640976956406 0.0059023919260947607 -0.16626191137211541
leaf_weight=5490 146 97 96 100 3283 104 80 304 773 1430 83 2012 1379 543
leaf_count=5490 146 97 96 100 3283 104 80 304 773 1430 83 2012 1379 543
internal_value=0.000220802 -0.00463773 -0.0680662 0.0350949 0.0298478 -0.0562477 0.153848 0.322478 0.0351901 0.0207868 0.0547375 0.00984897 -0.0778003 -0.260773
internal_weight=15920 15774 6074 9700 9603 5978 488 384 9503 8730 5447 4017 2005 626
internal_count=15920 15774 6074 9700 9603 5978 488 384 9503 8730 5447 4017 2005 626
is_linear=0
shrinkage=0.05


Tree=80
num_leaves=15
num_cat=0
split_feature=14 5 8 6 9 12 8 14 8 9 13 0 3 1
split_gain=14452.5 14948.3 18081.5 9021.05 8830.62 8598.04 18625.1 14241.6 8425.12 13651.3 9558.28 7164.46 13534.2 28036.1
threshold=193.50000000000003 84.500000000000014 115.50000000000001 88.000000000000014 46.500000000000007 105.50000000000001 22.500000000000004 69.500000000000014 110.50000000000001 112.50000000000001 164.50000000000003 4.5000000000000009 3.5000000000000004 7.5000000000000009
decision_type=2 2 2 2 2 2 2 2 2 2 2 2 2 2
left_child=1 2 5 -3 -5 -1 -7 -8 11 10 -10 -6 -13 -14
right_child=-2 3 -4 4 8 6 7 -9 9 -11 -12 12 13 -15
leaf_value=-0.071569822699774563 0.62852098332656614 0.50043708603937653 -0.72845308329946923 -0.42396101191780478 0.043421725277748548 -0.43331033199205315 0.88003683046383019 0.14445740790694084 0.1988310614999147 0.047672247167879891 0.74000327088616114 0.00042309411023779833 -0.11595554214789011 -0.97628086033414618
leaf_weight=5494 86 98 96 101 1563 104 80 304 341 5981 105 1019 431 117
leaf_count=5494 86 98 96 101 1563 104 80 304 341 5981 105 1019 431 117
internal_value=0.000206694 -0.00340323 -0.064923 0.0349373 0.0299573 -0.0536751 0.14647 0.307045 0.0349736 0.067718 0.333029 -0.032263 -0.107652 -0.306804
internal_weight=15920 15834 6078 9756 9658 5982 488 384 9557 6427 446 3130 1567 548
internal_count=15920 15834 6078 9756 9658 5982 488 384 9557 6427 446 3130 1567 548
is_linear=0
shrinkage=0.05


Tree=81
num_leaves=15
num_cat=0
split_feature=9 14 13 7 3 3 7 6 13 3 1 13 3 14
split_gain=13615.3 12473.2 10767.9 6964.47 20108.8 12289.2 11982.7 9312.81 6471.32 24209.6 50055.9 15258.7 15036.6 19427.1
threshold=21.500000000000004 193.50000000000003 160.50000000000003 124.50000000000001 4.5000000000000009 4.5000000000000009 110.50000000000001 165.50000000000003 28.500000000000004 5.5000000000000009 11.500000000000002 92.500000000000014 4.5000000000000009 119.50000000000001
decision_type=2 2 2 2 2 2 2 2 2 2 2 2 2 2
left_child=-1 2 8 4 6 7 -4 -5 9 12 -11 -10 -2 -14
right_child=1 -3 3 5 -6 -7 -8 -9 11 10 -12 -13 13 -15
leaf_value=-0.14145481820580952 0.049747343760876042 0.59882165205020177 -0.012079367660865793 -0.08769787111382743 0.76729624762814108 -0.37217345004202801 0.42453556084955069 0.18844467102674825 -0.20522313047632113 0.86057345842640742 0.058583967564529042 -0.0060505167406956365 -0.11287505474543061 -0.89805528652142075
leaf_weight=1528 2272 86 537 467 136 155 217 864 1132 248 846 6236 1116 80
leaf_count=1528 2272 86 537 467 136 155 217 864 1132 248 846 6236 1116 80
internal_value=0.000203177 0.0152869 0.011571 0.108654 0.21887 0.042131 0.115547 0.0915906 -0.00780166 0.0389724 0.243476 -0.0367693 -0.025797 -0.168916
internal_weight=15920 14392 14306 2376 890 1486 754 1331 11930 4562 1094 7368 3468 1196
internal_count=15920 14392 14306 2376 890 1486 754 1331 11930 4562 1094 7368 3468 1196
is_linear=0
shrinkage=0.05


Tree=82
num_leaves=15
num_cat=0
split_feature=5 14 13 6 10 9 8 8 7 10 14 12 7 11
split_gain=12759.2 11384.2 9827.23 6746.24 11129.5 9268.79 10017.1 6601.7 16350.4 6537.96 7221.76 6317.82 6416.3 7108.04
threshold=21.500000000000004 190.50000000000003 160.50000000000003 23.500000000000004 90.500000000000014 112.50000000000001 106.50000000000001 23.500000000000004 22.500000000000004 23.500000000000004 70.500000000000014 181.00000000000003 162.50000000000003 105.50000000000001
decision_type=2 2 2 2 2 2 2 2 2 2 2 2 2 2
left_child=-1 2 7 -4 -5 6 -6 9 -9 -2 -11 12 13 -7
right_child=1 -3 3 4 5 11 -8 8 -10 10 -12 -13 -14 -15
leaf_value=-0.13652701051778834 -0.029990986915670828 0.44671826915266549 0.42734847506939966 -0.27872521228974267 0.041563917497365641 -0.3801691273050587 0.67756077817208338 0.56257641140679671 0.0041205620401340648 -0.13805216325749906 -0.58537399128827949 0.36603352922681698 0.1499604428415845 0.013114297064346867
leaf_weight=1536 2028 146 146 191 111 132 137 128 9021 616 102 164 752 710
leaf_count=1536 2028 146 146 191 111 132 137 128 9021 616 102 164 752 710
internal_value=0.00021048 0.0148544 0.0102707 0.103751 0.0813252 0.116215 0.399348 -0.00817834 0.0122367 -0.0760949 -0.205208 0.0752543 0.0442862 -0.0504208
internal_weight=15920 14384 14238 2343 2197 2006 248 11895 9149 2746 718 1758 1594 842
internal_count=15920 14384 14238 2343 2197 2006 248 11895 9149 2746 718 1758 1594 842
is_linear=0
shrinkage=0.05


Tree=83
num_leaves=15
num_cat=0
split_feature=5 14 13 14 7 3 3 7 6 8 7 0 9 14
split_gain=11522.3 10495.8 8686.96 6300.02 6904.4 26249.3 14504.9 9959.52 7135.18 6090.05 14741.2 6181.96 12992 7259.33
threshold=21.500000000000004 193.50000000000003 160.50000000000003 170.50000000000003 124.50000000000001 4.5000000000000009 4.5000000000000009 110.50000000000001 159.50000000000003 23.500000000000004 22.500000000000004 4.5000000000000009 27.500000000000004 26.500000000000004
decision_type=2 2 2 2 2 2 2 2 2 2 2 2 2 2
left_child=-1 2 9 4 5 7 8 -4 -6 11 -11 12 -2 -13
right_child=1 -3 3 -5 6 -7 -8 -9 -10 10 -12 13 -14 -15
leaf_value=-0.12972281063528518 -0.10682208908763711 0.54941702106824286 0.0051451241665265782 -0.048111932139949576 -0.11235560058692705 0.95036732060277562 -0.42312191173767871 0.46869870544517345 0.20627591282437657 0.53550506789881491 0.0052591273937143196 -0.058332592945346588 -0.74259599979187163 0.21604877280371806
leaf_weight=1536 1284 86 435 558 226 112 129 153 744 128 9064 1079 81 305
leaf_count=1536 1284 86 435 558 226 112 129 153 744 128 9064 1079 81 305
internal_value=0.000217855 0.0141339 0.0107233 0.0983372 0.143769 0.265973 0.0650799 0.128699 0.131843 -0.00660448 0.01293 -0.071828 -0.147122 0.00269445
internal_weight=15920 14384 14298 2357 1799 700 1099 588 970 11941 9192 2749 1365 1384
internal_count=15920 14384 14298 2357 1799 700 1099 588 970 11941 9192 2749 1365 1384
is_linear=0
shrinkage=0.05


Tree=84
num_leaves=15
num_cat=0
split_feature=11 14 13 11 5 7 7 6 11 9 5 12 14 14
split_gain=10576.1 9571.67 8787.18 13317.5 9741.18 6621.32 9570.99 8461.34 8392.03 10243.3 6851.51 5454.64 12067.8 7186.51
threshold=21.500000000000004 190.50000000000003 160.50000000000003 23.500000000000004 22.500000000000004 121.50000000000001 112.50000000000001 100.50000000000001 103.50000000000001 122.50000000000001 172.50000000000003 158.50000000000003 27.500000000000004 108.50000000000001
decision_type=2 2 2 2 2 2 2 2 2 2 2 2 2 2
left_child=-1 2 11 -4 -5 6 7 -6 9 -7 -10 -2 -13 -14
right_child=1 -3 3 4 5 8 -8 -9 10 -11 -12 12 13 -15
leaf_value=-0.12462258876932558 -0.0204567513291085 0.40951676173814083 0.63503922177309347 -0.37144246846437456 0.27511410030011074 -0.60889148014841732 0.56186933920877735 -0.17432825819109427 -0.0088726207433965486 0.13330342099926937 0.22138765324878348 0.53963631768569797 -0.24338027344555738 0.087112320593031589
leaf_weight=1528 10508 146 105 113 284 98 159 160 810 82 532 127 189 1079
leaf_count=1528 10508 146 105 113 284 98 159 160 810 82 532 127 189 1079
internal_value=0.000227617 0.0135217 0.00932104 0.0977215 0.0711528 0.0955051 0.235017 0.113015 0.0396435 -0.276316 0.0828909 -0.00811352 0.0846043 0.0370888
internal_weight=15920 14392 14246 2343 2238 2125 603 444 1522 180 1342 11903 1395 1268
internal_count=15920 14392 14246 2343 2238 2125 603 444 1522 180 1342 11903 1395 1268
is_linear=0
shrinkage=0.05


Tree=85
num_leaves=15
num_cat=0
split_feature=9 14 13 7 6 10 11 13 3 1 13 3 14 4
split_gain=9713.3 8835.57 7152.58 6262.44 22024.5 6696.33 7790.23 5829.41 21208.2 45352.3 13976.1 13222.9 17620.9 12642.9
threshold=21.500000000000004 193.50000000000003 160.50000000000003 22.500000000000004 24.500000000000004 90.500000000000014 89.500000000000014 28.500000000000004 5.5000000000000009 11.500000000000002 92.500000000000014 4.5000000000000009 119.50000000000001 2.5000000000000004
decision_type=2 2 2 2 2 2 2 2 2 2 2 2 2 2
left_child=-1 2 7 -4 -5 -6 -7 8 11 13 -9 -2 -13 -10
right_child=1 -3 3 4 5 6 -8 10 9 -11 -12 12 -14 -15
leaf_value=-0.11941263609154507 0.048667554338838945 0.50410475825870438 -0.20591253430493889 0.90060991464292306 -0.28721008640161511 0.4475940483038624 0.072680632472521267 -0.19465190343337221 0.46646278433184679 0.053881380062650988 -0.0040356152610951674 -0.10303397419913128 -0.85076376108562257 1.205060342170744
leaf_weight=1528 2272 86 163 80 113 145 1875 1132 136 846 6236 1116 80 112
leaf_count=1528 2272 86 163 80 113 145 1875 1132 136 846 6236 1116 80 112
internal_value=0.000236816 0.0129771 0.00984958 0.0889737 0.111109 0.0794611 0.100631 -0.0059396 0.0384533 0.22986 -0.0334335 -0.022171 -0.156383 0.817246
internal_weight=15920 14392 14306 2376 2213 2133 2020 11930 4562 1094 7368 3468 1196 248
internal_count=15920 14392 14306 2376 2213 2133 2020 11930 4562 1094 7368 3468 1196 248
is_linear=0
shrinkage=0.05


Tree=86
num_leaves=15
num_cat=0
split_feature=9 9 1 7 0 13 14 5 13 7 5 1 1 3
split_gain=9019.61 11344.9 18346.5 12852.2 12993.5 9440.73 29266.9 20560 8593.92 8200.34 15071.4 7841.66 7739.38 8728.26
threshold=110.50000000000001 107.50000000000001 2.5000000000000004 97.500000000000014 4.5000000000000009 54.500000000000007 54.500000000000007 80.500000000000014 98.500000000000014 148.50000000000003 138.00000000000003 2.5000000000000004 9.5000000000000018 4.5000000000000009
decision_type=2 2 2 2 2 2 2 2 2 2 2 2 2 2
left_child=1 9 -3 4 -4 6 -2 -7 -9 10 11 -1 -10 -14
right_child=5 2 3 -5 -6 7 -8 8 12 -11 -12 -13 13 -15
leaf_value=0.090009421172394202 0.78161579781784596 -0.79178311567414894 -0.014716740476317925 0.072566219987004743 -0.82789600220057036 -0.74627829723143846 0.075847863567384488 -0.15429544146892493 0.1597473275557395 -0.43421077336638403 0.59431650759560051 -0.044824136211672284 0.03349935526052579 -0.21045806104253237
leaf_weight=1309 156 116 96 348 96 84 1696 629 1076 112 96 6011 3693 402
leaf_count=1309 156 116 96 348 96 84 1696 629 1076 112 96 6011 3693 402
internal_value=0.000255337 -0.0363243 -0.234938 -0.109152 -0.431999 0.0389519 0.137241 0.00792477 0.0194811 -0.0188725 -0.0123115 -0.0206675 0.0407479 0.00932297
internal_weight=15920 8184 656 540 192 7736 1852 5884 5800 7528 7416 7320 5171 4095
internal_count=15920 8184 656 540 192 7736 1852 5884 5800 7528 7416 7320 5171 4095
is_linear=0
shrinkage=0.05


Tree=87
num_leaves=15
num_cat=0
split_feature=6 4 7 1 13 1 3 14 7 13 1 14 6 5
split_gain=8701.65 8232.96 23252.6 63011.8 20738 25557.3 12954.6 15171.2 14786.6 13571.6 12218.2 9196.14 25541.6 13054.6
threshold=21.500000000000004 1.5000000000000002 23.500000000000004 13.500000000000002 87.500000000000014 6.5000000000000009 2.5000000000000004 54.500000000000007 158.50000000000003 131.50000000000003 8.5000000000000018 22.500000000000004 167.50000000000003 121.50000000000001
decision_type=2 2 2 2 2 2 2 2 2 2 2 2 2 2
left_child=-1 2 3 4 5 -2 7 -3 9 -8 -11 12 13 -4
right_child=1 6 11 -5 -6 -7 8 -9 -10 10 -12 -13 -14 -15
leaf_value=-0.11205714856804988 -0.064381321343992437 0.34476241211592212 -0.15769042473658057 1.4040718272580941 -0.37247297861552858 1.0005778429408869 -0.051007202684950084 0.022750416562055873 0.18229546130123203 -0.70896214888732245 -0.18712348169767795 0.070246132231418124 -0.93194200396537785 0.3799391817520647
leaf_weight=1552 135 392 426 113 149 91 4153 4664 552 128 767 2567 83 148
leaf_count=1552 135 392 426 113 149 91 4153 4664 552 128 767 2567 83 148
internal_value=0.000220328 0.0123831 0.0764568 0.396271 0.0781086 0.376806 -0.00996232 0.0480325 -0.0623195 -0.0892221 -0.265279 0.0275095 -0.138738 -0.0169842
internal_weight=15920 14368 3712 488 375 226 10656 5056 5600 5048 895 3224 657 574
internal_count=15920 14368 3712 488 375 226 10656 5056 5600 5048 895 3224 657 574
is_linear=0
shrinkage=0.05


Tree=88
num_leaves=15
num_cat=0
split_feature=14 5 9 9 13 14 7 0 9 11 14 1 14 9
split_gain=8404.95 7659.24 8290.12 10969.3 6326.59 6359.71 5892.82 5786.27 15106.1 5751.75 5841.63 5607.46 13703.1 5067.54
threshold=190.50000000000003 65.500000000000014 22.500000000000004 61.500000000000007 176.50000000000003 143.50000000000003 73.500000000000014 4.5000000000000009 81.500000000000014 111.50000000000001 161.50000000000003 1.5000000000000002 61.500000000000007 91.500000000000014
decision_type=2 2 2 2 2 2 2 2 2 2 2 2 2 2
left_child=1 6 -3 -4 13 -6 7 9 11 10 -1 12 -9 -5
right_child=-2 2 3 4 5 -7 -8 8 -10 -11 -12 -13 -14 -15
leaf_value=-0.065246447052094994 0.37148446705167659 0.51397535919704862 -0.50836176907225539 0.13779966066207938 0.52640548790398156 0.10337824353326448 -0.38356938490572462 -0.12016523450899584 0.64969496200766341 -0.49014770314934553 -0.44287578410112138 -0.035183025899469339 0.65898750978752529 0.00091556261457038837
leaf_weight=2513 146 80 93 729 98 681 125 125 84 84 102 2387 96 8577
leaf_count=2513 146 80 93 729 98 681 125 125 84 84 102 2387 96 8577
internal_value=0.000222169 -0.00333076 0.0222165 0.0181008 0.0232051 0.159614 -0.0508176 -0.0427539 0.00912173 -0.0944162 -0.0807932 -0.0127139 0.225382 0.0117068
internal_weight=15920 15774 10258 10178 10085 779 5516 5391 2692 2699 2615 2608 221 9306
internal_count=15920 15774 10258 10178 10085 779 5516 5391 2692 2699 2615 2608 221 9306
is_linear=0
shrinkage=0.05


Tree=89
num_leaves=15
num_cat=0
split_feature=14 9 9 12 3 6 9 1 7 0 5 7 9 6
split_gain=7775 7744.88 9506.65 9335.28 7288.14 13996.1 6676.22 18312.5 9094.25 9079.75 8292.21 11997.5 19540.1 7627.48
threshold=193.50000000000003 111.50000000000001 112.50000000000001 90.500000000000014 5.5000000000000009 108.50000000000001 107.50000000000001 2.5000000000000004 99.500000000000014 3.5000000000000004 61.500000000000007 148.50000000000003 22.500000000000004 99.500000000000014
decision_type=2 2 2 2 2 2 2 2 2 2 2 2 2 2
left_child=1 6 -3 -4 -5 -6 10 -8 9 -9 -1 12 -12 -14
right_child=-2 2 3 4 5 -7 7 8 -10 -11 11 -13 13 -15
leaf_value=-0.053887990570379164 0.46107098353760584 0.36883422278119748 -0.45466221480444075 0.014418806433317938 0.73305291482294455 0.094393639005860674 -0.71760461587400648 0.070331793890187608 0.040701492699275761 -0.55752156104892492 0.83050366686766641 -0.44578038701066031 0.19363303414134633 -0.011673805221418585
leaf_weight=5264 86 202 95 6388 94 660 123 90 548 150 80 106 672 1362
leaf_count=5264 86 202 95 6388 94 660 123 90 548 150 80 106 672 1362
internal_value=0.000225458 -0.00242232 0.0347133 0.0251391 0.0318348 0.178319 -0.0353301 -0.162751 -0.0721644 -0.325446 -0.0197213 0.0612327 0.0876471 0.0564647
internal_weight=15920 15834 7439 7237 7142 754 8395 911 788 240 7484 2220 2114 2034
internal_count=15920 15834 7439 7237 7142 754 8395 911 788 240 7484 2220 2114 2034
is_linear=0
shrinkage=0.05


Tree=90
num_leaves=15
num_cat=0
split_feature=11 4 11 1 5 8 7 12 9 14 10 3 14 7
split_gain=7118.12 7546.93 20543.8 46086.5 96896 12676.7 11672.1 14979.3 17738.6 28057.7 13110.7 11317.2 13302.7 13017.3
threshold=21.500000000000004 1.5000000000000002 23.500000000000004 7.5000000000000009 91.500000000000014 22.500000000000004 89.500000000000014 83.500000000000014 109.50000000000001 84.500000000000014 120.50000000000001 2.5000000000000004 54.500000000000007 158.50000000000003
decision_type=2 2 2 2 2 2 2 2 2 2 2 2 2 2
left_child=-1 2 3 -2 -5 -4 10 -8 9 -9 -7 12 -3 -13
right_child=1 11 5 4 -6 6 7 8 -10 -11 -12 13 -14 -15
leaf_value=-0.10220288271175555 -0.13393685157169347 0.32190625884380164 -0.22166122712810107 1.7113257131237778 -0.39720499560884809 0.16254630111668944 0.4785159724285406 -1.1353478478830914 0.041573010088224144 0.0072696022991393071 0.87840816830887525 -0.084136995676739504 0.020359922868338688 0.17056023789104913
leaf_weight=1528 211 392 431 134 87 272 168 81 2112 143 80 5072 4657 552
leaf_count=1528 211 392 431 134 87 272 168 81 2112 143 80 5072 4657 552
internal_value=0.000223067 0.0111294 0.0724157 0.39451 0.890847 0.0295489 0.0677803 0.0295852 -0.00365397 -0.421677 0.335266 -0.0102497 0.044067 -0.059009
internal_weight=15920 14392 3719 432 221 3287 2856 2504 2336 224 352 10673 5049 5624
internal_count=15920 14392 3719 432 221 3287 2856 2504 2336 224 352 10673 5049 5624
is_linear=0
shrinkage=0.05


Tree=91
num_leaves=15
num_cat=0
split_feature=14 5 6 8 14 8 8 7 1 3 14 14 3 11
split_gain=6923.43 6472.32 13061.7 12433.9 8933.1 6805.66 9519.04 8232.96 15860.6 18340.1 7828.14 9133.54 9545.84 10555.8
threshold=193.50000000000003 125.50000000000001 108.50000000000001 149.50000000000003 182.50000000000003 120.50000000000001 112.50000000000001 162.50000000000003 15.500000000000002 4.5000000000000009 63.500000000000007 161.50000000000003 4.5000000000000009 174.50000000000003
decision_type=2 2 2 2 2 2 2 2 2 2 2 2 2 2
left_child=1 3 -3 4 -1 6 -4 8 9 -7 -9 12 -12 -14
right_child=-2 2 5 -5 -6 7 -8 10 -10 -11 11 -13 13 -15
leaf_value=-0.014492408630439614 0.43511539058616527 0.58034838824658785 0.014213308198795233 -0.53706250371586561 -0.51478095021512782 -0.16333775362190583 0.39610601749447788 0.32511362906503855 0.035134247831505087 -0.95223542838412178 0.0043828903585983398 0.15679030214385609 -0.7922541462323246 0.0050946006941240893
leaf_weight=10493 86 106 374 112 85 581 285 264 1289 80 1073 931 80 81
leaf_count=10493 86 106 374 112 85 581 285 264 1289 80 1073 931 80 81
internal_value=0.000238883 -0.00225969 0.0437981 -0.0244327 -0.0187538 0.0319449 0.181111 0.00931578 -0.067106 -0.265249 0.070679 0.0389756 -0.0501846 -0.403033
internal_weight=15920 15834 5144 10690 10578 5038 659 4379 1950 661 2429 2165 1234 161
internal_count=15920 15834 5144 10690 10578 5038 659 4379 1950 661 2429 2165 1234 161
is_linear=0
shrinkage=0.05


Tree=92
num_leaves=15
num_cat=0
split_feature=14 11 13 11 5 7 12 3 6 13 3 1 4 13
split_gain=6409.41 5903.82 5914.74 11131.3 7132.72 5881.73 6212.33 5618.11 19669.2 4689.74 15681 33042.9 15994.5 10714.1
threshold=190.50000000000003 21.500000000000004 160.50000000000003 23.500000000000004 22.500000000000004 86.500000000000014 91.500000000000014 4.5000000000000009 164.50000000000003 28.500000000000004 5.5000000000000009 11.500000000000002 2.5000000000000004 92.500000000000014
decision_type=2 2 2 2 2 2 2 2 2 2 2 2 2 2
left_child=1 -1 9 -4 -5 -6 -7 -8 -9 10 -3 12 -12 -11
right_child=-2 2 3 4 5 6 7 8 -10 13 11 -13 -14 -15
leaf_value=-0.096126072064882898 0.32441790346302934 -0.020179379759743189 0.57085304503329104 -0.32328402700565628 0.42912273268281881 0.45803090636820898 0.064818512308773113 0.26994088596542076 -0.75096863789872814 -0.17362401082183743 0.34094169084092923 0.039074829889670815 1.1302028027573288 -0.0061636584058251467
leaf_weight=1528 146 3432 105 113 107 87 1751 94 86 1123 164 840 108 6236
leaf_count=1528 146 3432 105 113 107 87 1751 94 86 1123 164 840 108 6236
internal_value=0.000210897 -0.00289173 0.00713864 0.0796653 0.0553992 0.0762478 0.0565231 0.0372972 -0.224941 -0.00716506 0.0327531 0.195479 0.669069 -0.031819
internal_weight=15920 15774 14246 2343 2238 2125 2018 1931 180 11903 4544 1112 272 7359
internal_count=15920 15774 14246 2343 2238 2125 2018 1931 180 11903 4544 1112 272 7359
is_linear=0
shrinkage=0.05


Tree=93
num_leaves=15
num_cat=0
split_feature=14 4 13 14 8 12 14 11 6 1 12 5 6 5
split_gain=6220.4 7706.22 11600 13365.9 13181.8 9390.63 16254.6 11052.3 8113.07 12412.8 6870.2 13598.6 6664.25 15213
threshold=22.500000000000004 1.5000000000000002 23.500000000000004 23.500000000000004 27.500000000000004 22.500000000000004 98.500000000000014 87.500000000000014 21.500000000000004 7.5000000000000009 166.50000000000003 163.50000000000003 167.50000000000003 121.50000000000001
decision_type=2 2 2 2 2 2 2 2 2 2 2 2 2 2
left_child=12 2 4 -4 -2 6 -5 8 -7 -10 -9 -12 13 -1
right_child=1 -3 3 5 -6 7 -8 10 9 -11 11 -13 -14 -15
leaf_value=-0.07303125255883948 0.83843013561759772 -0.0056081179383711283 0.63629021199231739 0.084870785942301158 0.18146272546090059 -0.099229843774262597 -0.58645225537110524 0.046038173817354505 0.17560423786441487 0.93502718606492974 -0.61633476168604295 0.11625905635057768 -0.3740733139122589 0.30008313521217778
leaf_weight=3286 84 9106 84 195 577 80 161 1430 139 86 117 129 153 293
leaf_count=3286 84 9106 84 195 577 80 161 1430 139 86 117 129 153 293
internal_value=0.000235785 0.017533 0.0858034 0.0348902 0.270618 0.0119614 -0.222651 0.0545773 0.328839 0.479889 0.00383739 -0.237506 -0.0562014 -0.0421097
internal_weight=15920 12188 3082 2421 661 2337 356 1981 305 225 1676 246 3732 3579
internal_count=15920 12188 3082 2421 661 2337 356 1981 305 225 1676 246 3732 3579
is_linear=0
shrinkage=0.05


Tree=94
num_leaves=15
num_cat=0
split_feature=14 9 9 12 13 14 9 1 7 0 7 5 1 14
split_gain=5668.16 5395.45 8240.79 8622.08 6414.24 22907.1 6146.58 15607.7 8103.69 8214.95 7492.31 12581.4 6504.11 5847.85
threshold=193.50000000000003 111.50000000000001 112.50000000000001 90.500000000000014 54.500000000000007 61.500000000000007 107.50000000000001 2.5000000000000004 99.500000000000014 3.5000000000000004 148.50000000000003 138.00000000000003 2.5000000000000004 61.500000000000007
decision_type=2 2 2 2 2 2 2 2 2 2 2 2 2 2
left_child=1 6 -3 -4 5 -5 10 -8 9 -9 11 12 13 -1
right_child=-2 2 3 4 -6 -7 7 8 -10 -11 -12 -13 -14 -15
leaf_value=-0.049883368410906993 0.39373182920268279 0.34005914586393732 -0.44102526650018992 0.69033889184075026 -0.00027957798608121672 0.053080503757561494 -0.66398446581442849 0.069159169197082523 0.038443507740162919 -0.52794417625653656 -0.42224017588908347 0.54586590790641631 -0.038170536396195866 0.16713242672484221
leaf_weight=498 86 202 95 150 5415 1577 123 90 548 150 106 96 5973 811
leaf_count=498 86 202 95 150 5415 1577 123 90 548 150 106 96 5973 811
internal_value=0.000248475 -0.00201229 0.0289831 0.0200715 0.0265091 0.110263 -0.0294789 -0.151738 -0.0680983 -0.307189 -0.0145054 -0.00836547 -0.0160415 0.0846946
internal_weight=15920 15834 7439 7237 7142 1727 8395 911 788 240 7484 7378 7282 1309
internal_count=15920 15834 7439 7237 7142 1727 8395 911 788 240 7484 7378 7282 1309
is_linear=0
shrinkage=0.05


Tree=95
num_leaves=15
num_cat=0
split_feature=14 4 13 14 8 12 14 11 6 1 6 5 12 5
split_gain=5401.07 6956.81 10265.9 12140.4 12012.9 8311.88 14676.9 10031.2 7281.94 11343 6351.44 13236.8 6217.84 12324.1
threshold=22.500000000000004 1.5000000000000002 23.500000000000004 23.500000000000004 27.500000000000004 22.500000000000004 98.500000000000014 87.500000000000014 21.500000000000004 7.5000000000000009 167.50000000000003 121.50000000000001 166.50000000000003 163.50000000000003
decision_type=2 2 2 2 2 2 2 2 2 2 2 2 2 2
left_child=10 2 4 -4 -2 6 -5 8 -7 -10 11 -1 -9 -14
right_child=1 -3 3 5 -6 7 -8 12 9 -11 -12 -13 13 -15
leaf_value=-0.067441853423426387 0.79708834302224474 -0.0056306655339925377 0.60649037140139039 0.082912863318808372 0.17001074340060046 -0.092763943391687739 -0.55495911895869721 0.043376195319451215 0.1651924324597025 0.89099605921860592 -0.36266301745059604 0.28059476067830852 -0.58700816671318212 0.11041762700109786
leaf_weight=3286 84 9106 84 195 577 80 161 1430 139 86 153 293 117 129
leaf_count=3286 84 9106 84 195 577 80 161 1430 139 86 153 293 117 129
internal_value=0.000238473 0.0163563 0.0812223 0.0333249 0.255086 0.0114725 -0.209254 0.0515656 0.31285 0.455949 -0.0523507 -0.0385976 0.00322773 -0.226371
internal_weight=15920 12188 3082 2421 661 2337 356 1981 305 225 3732 3579 1676 246
internal_count=15920 12188 3082 2421 661 2337 356 1981 305 225 3732 3579 1676 246
is_linear=0
shrinkage=0.05


Tree=96
num_leaves=15
num_cat=0
split_feature=14 7 14 10 14 6 5 10 5 6 3 7 4 14
split_gain=5083.94 5042.43 4564.99 7725.36 4803.63 9017.5 11963.6 5704.88 15257 6167.7 11621.3 15863.9 4053.37 9346.96
threshold=190.50000000000003 188.50000000000003 182.50000000000003 165.50000000000003 22.500000000000004 167.50000000000003 121.50000000000001 108.50000000000001 92.500000000000014 27.500000000000004 2.5000000000000004 94.500000000000014 1.5000000000000002 25.500000000000004
decision_type=2 2 2 2 2 2 2 2 2 2 2 2 2 2
left_child=1 2 4 -4 5 6 7 9 -9 -1 -11 -12 13 -6
right_child=-2 -3 3 -5 12 -7 -8 8 -10 10 11 -13 -14 -15
leaf_value=-0.065855411037955294 0.28899397525368936 0.21802529666353676 -0.43735195422678991 0.14409287788214223 0.33573000119165419 -0.44442106696730815 0.26680042178513824 -0.68544247554289917 0.070686875509804695 0.66857659814988868 0.41329781447465602 -0.53392784068750776 -0.0039549386506265959 0.034566180003497121
leaf_weight=2778 146 250 148 88 281 136 293 121 140 80 86 81 8676 2616
leaf_count=2778 146 250 148 88 281 136 293 121 140 80 86 81 8676 2616
internal_value=0.00024973 -0.00251354 -0.00613417 -0.222051 -0.00272957 -0.0521579 -0.0366529 -0.0640749 -0.286151 -0.0444734 0.192545 -0.0483005 0.0131529 0.0643063
internal_weight=15920 15774 15524 236 15288 3715 3579 3286 261 3025 247 167 11573 2897
internal_count=15920 15774 15524 236 15288 3715 3579 3286 261 3025 247 167 11573 2897
is_linear=0
shrinkage=0.05


Tree=97
num_leaves=15
num_cat=0
split_feature=10 6 14 6 5 10 5 6 3 7 4 14 3 7
split_gain=4771.23 4955.81 4081.78 11440.3 10892.7 5176.42 13826.3 5591.32 10554.3 14402.8 4629.32 8211.55 32322.1 24007.9
threshold=189.50000000000003 191.50000000000003 22.500000000000004 167.50000000000003 121.50000000000001 108.50000000000001 92.500000000000014 27.500000000000004 2.5000000000000004 94.500000000000014 1.5000000000000002 27.500000000000004 3.5000000000000004 101.50000000000001
decision_type=2 2 2 2 2 2 2 2 2 2 2 2 2 2
left_child=1 2 3 4 5 7 -7 -1 -9 -10 11 12 -4 -14
right_child=-2 -3 10 -5 -6 6 -8 8 9 -11 -12 -13 13 -15
leaf_value=-0.062568555066525672 0.18751468913176575 0.23133440717751355 -0.092409662533803338 -0.48819010968866022 0.25880631766089335 -0.65253036126257891 0.067274405005676996 0.63711417198181153 0.39376835785396808 -0.50878356712502104 -0.010602403306924807 0.025073374617668676 1.3798488165350522 0.24465515797859744
leaf_weight=2778 328 216 276 140 285 121 140 80 86 81 8794 2406 80 109
leaf_count=2778 328 216 276 140 285 121 140 80 86 81 8794 2406 80 109
internal_value=0.000241479 -0.00375693 -0.00713359 -0.0527701 -0.0350409 -0.0608812 -0.272421 -0.0422099 0.183461 -0.0460609 0.00740121 0.0624696 0.25364 0.748339
internal_weight=15920 15592 15376 3711 3571 3286 261 3025 247 167 11665 2871 465 189
internal_count=15920 15592 15376 3711 3571 3286 261 3025 247 167 11665 2871 465 189
is_linear=0
shrinkage=0.05


Tree=98
num_leaves=15
num_cat=0
split_feature=14 5 7 14 14 14 6 3 6 14 8 5 14 5
split_gain=4605.88 4701.35 7626.12 10972.8 9166.23 4595.77 4340.51 15321 5554.46 4711.41 6801.8 4769.75 10824.7 6537.39
threshold=193.50000000000003 173.50000000000003 163.50000000000003 84.500000000000014 152.50000000000003 120.50000000000001 179.50000000000003 2.5000000000000004 176.50000000000003 182.50000000000003 117.50000000000001 163.50000000000003 80.500000000000014 152.50000000000003
decision_type=2 2 2 2 2 2 2 2 2 2 2 2 2 2
left_child=1 6 4 -4 -3 -5 8 -8 9 11 -11 13 -13 -1
right_child=-2 2 3 5 -6 -7 7 -9 -10 10 -12 12 -14 -15
leaf_value=-0.011007947285427885 0.35495486768719919 -0.47790201770477608 0.54623726128504202 -0.20140200567057753 0.092882852003510513 0.11959569880571695 0.22272362938170792 -0.67019592253583493 0.29633478215276793 -0.58062375093048268 -0.013457351372293806 -0.60400783792861468 -0.054271667771912939 0.11051966357533038
leaf_weight=11807 86 117 140 122 163 931 88 96 144 83 133 98 696 1216
leaf_count=11807 86 117 140 122 163 931 88 96 144 83 133 98 696 1216
internal_value=0.000254685 -0.00178326 0.0831314 0.138204 -0.149824 0.081629 -0.0105188 -0.248553 -0.00734288 -0.0105635 -0.239602 -0.0068976 -0.125478 0.000377543
internal_weight=15920 15834 1473 1193 280 1053 14361 184 14177 14033 216 13817 794 13023
internal_count=15920 15834 1473 1193 280 1053 14361 184 14177 14033 216 13817 794 13023
is_linear=0
shrinkage=0.05


Tree=99
num_leaves=15
num_cat=0
split_feature=14 5 7 14 5 14 7 3 13 3 3 1 14 12
split_gain=4288.62 4152.76 6846.79 10006.3 9239.71 5240.96 5378.37 19419.2 5392.43 13036.1 33423.1 54870.1 5363.81 5191.52
threshold=190.50000000000003 173.50000000000003 163.50000000000003 84.500000000000014 179.50000000000003 182.50000000000003 176.50000000000003 3.5000000000000004 146.50000000000003 4.5000000000000009 5.5000000000000009 12.500000000000002 173.50000000000003 174.50000000000003
decision_type=2 2 2 2 2 2 2 2 2 2 2 2 2 2
left_child=1 5 4 -4 -3 6 8 -8 12 13 11 -11 -1 -10
right_child=-2 2 3 -5 -6 -7 7 -9 9 10 -12 -13 -14 -15
leaf_value=-0.022229868504286664 0.26542747765286084 0.15054109827846501 0.51986719201351039 0.075904006047181463 -0.41535094241867931 -0.2693092280989175 0.038459228913892404 -0.84605567066063136 -0.0015310763173835196 -0.24042634995723211 -0.30458135806380754 1.2255262425974196 0.28709022356787511 0.32804850181158163
leaf_weight=10864 146 136 140 1041 144 188 215 82 2310 103 136 157 137 121
leaf_count=10864 146 136 140 1041 144 188 215 82 2310 103 136 157 137 121
internal_value=0.000228299 -0.00230964 0.0778413 0.130503 -0.14267 -0.0105154 -0.00697683 -0.215715 -0.00241717 0.0591147 0.32325 0.651205 -0.0182491 0.015513
internal_weight=15920 15774 1461 1181 280 14313 14125 297 13828 2827 396 260 11001 2431
internal_count=15920 15774 1461 1181 280 14313 14125 297 13828 2827 396 260 11001 2431
is_linear=0
shrinkage=0.05


Tree=100
num_leaves=15
num_cat=0
split_feature=6 4 7 1 13 1 3 8 6 14 4 6 1 14
split_gain=4085.85 4459.27 19031.8 48895.3 17239.4 19667.3 8056.94 10642.5 10531.6 17738.2 21249 17184.1 14442.1 10394.4
threshold=21.500000000000004 1.5000000000000002 23.500000000000004 13.500000000000002 87.500000000000014 6.5000000000000009 2.5000000000000004 21.500000000000004 156.50000000000003 128.50000000000003 2.5000000000000004 108.50000000000001 9.5000000000000018 54.500000000000007
decision_type=2 2 2 2 2 2 2 2 2 2 2 2 2 2
left_child=-1 2 3 4 5 -2 13 -8 9 -9 12 -12 -11 -3
right_child=1 6 -4 -5 -6 -7 7 8 -10 10 11 -13 -14 -15
leaf_value=-0.07670731592603991 -0.050004975103906224 0.28346529733624209 0.011458910896839992 1.2328013727220439 -0.34588015207222533 0.88441657315318789 0.42284962185937119 -0.048729852615838426 0.11962782040685208 -1.0894748052954675 0.53052322751312864 -0.31300154496236027 -0.37548976315752752 0.016930463958289663
leaf_weight=1552 135 392 3224 113 149 91 112 4162 712 95 97 143 279 4664
leaf_count=1552 135 392 3224 113 149 91 112 4162 712 95 97 143 279 4664
internal_value=0.000229308 0.00856363 0.0557194 0.345047 0.0648362 0.337244 -0.00788145 -0.0491718 -0.0591811 -0.0859349 -0.335699 0.0317924 -0.56883 0.037855
internal_weight=15920 14368 3712 488 375 226 10656 5600 5488 4776 614 240 374 5056
internal_count=15920 14368 3712 488 375 226 10656 5600 5488 4776 614 240 374 5056
is_linear=0
shrinkage=0.05


Tree=101
num_leaves=15
num_cat=0
split_feature=14 6 5 10 5 13 9 4 13 1 7 14 12 14
split_gain=3992.92 5435.95 9154.58 5050.29 12438.8 5026.87 5857.16 4753.82 8921.25 10455.9 17707.6 8428.27 7369.83 12683
threshold=22.500000000000004 167.50000000000003 121.50000000000001 108.50000000000001 92.500000000000014 171.50000000000003 21.500000000000004 1.5000000000000002 23.500000000000004 7.5000000000000009 111.50000000000001 23.500000000000004 22.500000000000004 98.500000000000014
decision_type=2 2 2 2 2 2 2 2 2 2 2 2 2 2
left_child=1 2 3 5 -5 -1 -7 8 9 -2 -11 -10 13 -13
right_child=7 -3 -4 4 -6 6 -8 -9 11 10 -12 12 -14 -15
leaf_value=-0.053431740909145202 -0.043000752125014995 -0.33204629398599456 0.23318669510967782 -0.62569156941913429 0.057229484150121961 -0.073368626952856439 0.51007022895606835 -0.0040805129049802371 0.50064562381653299 1.0041625795163884 0.2088628988100939 0.068840540453791621 0.042651450532156868 -0.52427398629307032
leaf_weight=2860 229 153 293 121 140 82 83 9106 84 84 348 195 1981 161
leaf_count=2860 229 153 293 121 140 82 83 9106 84 84 348 195 1981 161
internal_value=0.000236725 -0.0449803 -0.0322623 -0.0562497 -0.265184 -0.0378148 0.226489 0.0140951 0.0677158 0.229785 0.373224 0.023084 0.0048866 -0.20294
internal_weight=15920 3732 3579 3286 261 3025 165 12188 3082 661 432 2421 2337 356
internal_count=15920 3732 3579 3286 261 3025 165 12188 3082 661 432 2421 2337 356
is_linear=0
shrinkage=0.05


Tree=102
num_leaves=15
num_cat=0
split_feature=10 1 1 14 10 13 5 10 7 2 8 14 12 14
split_gain=3706.63 4043.83 11707.3 9700.77 13925.5 36155.8 12161.3 9713.76 7553.68 7081.54 7523.19 6630.15 6321.13 10773.6
threshold=189.50000000000003 11.500000000000002 12.500000000000002 101.50000000000001 23.500000000000004 28.500000000000004 46.500000000000007 141.50000000000003 183.50000000000003 1.5000000000000002 126.50000000000001 120.50000000000001 158.50000000000003 27.500000000000004
decision_type=2 2 2 2 2 2 2 2 2 2 2 2 2 2
left_child=1 3 9 7 5 -5 -6 -1 12 -3 -11 -7 -4 -14
right_child=-2 2 8 4 6 11 -8 -9 -10 10 -12 -13 13 -15
leaf_value=-0.043032196558434391 0.16530312898347865 -0.063041501166592781 -0.044302842234951796 1.0778522871807217 -0.45397151569633376 0.26393075045198205 0.069006120230051413 0.47121566284368649 0.27857847764118487 -0.091433306880480125 -0.5893745610995883 -0.33864935990226896 0.49360296659279562 0.028847721939011851
leaf_weight=4007 328 312 5447 115 110 83 3370 89 214 126 194 90 133 1302
leaf_count=4007 328 312 5447 115 110 83 3370 89 214 126 194 90 133 1302
internal_value=0.000240112 -0.0032841 -0.0289612 0.0219513 0.0798 0.41091 0.0518476 -0.0312975 -0.0105209 -0.234297 -0.397733 -0.0502572 -0.0197064 0.0734869
internal_weight=15920 15592 7728 7864 3768 288 3480 4096 7096 632 320 173 6882 1435
internal_count=15920 15592 7728 7864 3768 288 3480 4096 7096 632 320 173 6882 1435
is_linear=0
shrinkage=0.05


Tree=103
num_leaves=15
num_cat=0
split_feature=9 13 13 3 1 7 13 14 13 9 14 9 3 11
split_gain=3473.85 3432.3 5677.75 18292.5 46016.4 21228.7 8816.19 10831 12685.9 9735.68 8418.32 7711.92 16887.5 7777.79
threshold=21.500000000000004 160.50000000000003 28.500000000000004 5.5000000000000009 11.500000000000002 23.500000000000004 92.500000000000014 144.50000000000003 137.50000000000003 99.500000000000014 92.500000000000014 161.50000000000003 4.5000000000000009 159.50000000000003
decision_type=2 2 2 2 2 2 2 2 2 2 2 2 2 2
left_child=-1 2 3 -2 5 -5 10 11 -9 -10 -4 -8 13 -13
right_child=1 -3 6 4 -6 -7 7 8 9 -11 -12 12 -14 -15
leaf_value=-0.071306578418214445 -0.015884112960713737 0.062408545876020287 -0.098923901047921231 1.3162088423834317 0.035973339297025182 0.39572422715984745 0.041647894284604525 -0.72066918443287575 -0.60947116856627614 -0.043653778637296893 -0.47343068590710291 -0.34407770243522373 -0.80086099435301394 0.077960089500873478
leaf_weight=1528 3498 2398 958 107 852 157 4740 88 80 730 174 147 80 383
leaf_count=1528 3498 2398 958 107 852 157 4740 88 80 730 174 147 80 383
internal_value=0.00024733 0.00786634 -0.00305992 0.0404221 0.216193 0.78633 -0.030254 -0.00694355 -0.167124 -0.102933 -0.158318 0.0200737 -0.146544 -0.0412174
internal_weight=15920 14392 11994 4614 1116 264 7380 6248 898 810 1132 5350 610 530
internal_count=15920 14392 11994 4614 1116 264 7380 6248 898 810 1132 5350 610 530
is_linear=0
shrinkage=0.05


Tree=104
num_leaves=15
num_cat=0
split_feature=14 6 5 7 5 8 10 6 4 13 8 14 12 14
split_gain=3563.17 5200.76 7951.76 4700.85 9837.11 9595.92 7414 5818.44 4326.4 7618.89 9250.62 7575.78 6406.53 11350.8
threshold=22.500000000000004 167.50000000000003 146.00000000000003 109.50000000000001 89.500000000000014 125.50000000000001 109.50000000000001 27.500000000000004 1.5000000000000002 23.500000000000004 27.500000000000004 23.500000000000004 22.500000000000004 98.500000000000014
decision_type=2 2 2 2 2 2 2 2 2 2 2 2 2 2
left_child=1 2 3 4 6 -5 7 -1 9 10 -2 -11 13 -13
right_child=8 -3 -4 5 -6 -7 -8 -9 -10 11 -12 12 -14 -15
leaf_value=-0.054003113023813637 0.68971590652559589 -0.32328142174814323 0.26267526446640871 -0.52195557029589901 0.34665613428597558 0.13615848753721482 -0.51104688977086266 0.31050528067106936 -0.0040324716018475286 0.47597733027814482 0.13968340530595502 0.0692026987336576 0.041162268392749189 -0.49182309990142842
leaf_weight=2794 84 153 213 137 157 88 81 109 9106 84 577 195 1981 161
leaf_count=2794 84 153 213 137 157 88 81 109 9106 84 577 195 1981 161
internal_value=0.000215366 -0.0424991 -0.0300615 -0.048948 -0.0329144 -0.267195 -0.0534316 -0.0398064 0.0133067 0.0644602 0.214235 0.0232103 0.00595481 -0.187817
internal_weight=15920 3732 3579 3366 3141 225 2984 2903 12188 3082 661 2421 2337 356
internal_count=15920 3732 3579 3366 3141 225 2984 2903 12188 3082 661 2421 2337 356
is_linear=0
shrinkage=0.05


Tree=105
num_leaves=15
num_cat=0
split_feature=5 5 5 7 5 5 3 1 10 4 12 3 14 9
split_gain=3284.87 5822.88 4906.97 3691.9 4655.03 9308.15 11805.3 5370.54 4766.74 3431.52 19782.6 16911.5 29409.3 27111.3
threshold=181.50000000000003 183.50000000000003 179.50000000000003 184.50000000000003 166.50000000000003 164.50000000000003 2.5000000000000004 17.500000000000004 186.50000000000003 1.5000000000000002 166.50000000000003 3.5000000000000004 27.500000000000004 24.500000000000004
decision_type=2 2 2 2 2 2 2 2 2 2 2 2 2 2
left_child=2 -2 3 4 5 8 -7 -6 9 10 11 -1 13 -13
right_child=1 -3 -4 -5 7 6 -8 -9 -10 -11 -12 12 -14 -15
leaf_value=-0.04575203123458893 0.42808885108201933 0.041168380416581857 -0.29825224318138671 -0.25656561426659852 0.042566218502179259 0.017060713049692987 -0.7276656500478782 0.31015602218098626 0.37070320304702314 -0.020785994740436759 -0.51459305502806507 1.1160243070684375 0.036594755192042458 0.27547311478362579
leaf_weight=1888 112 584 136 136 955 112 96 229 80 9654 152 123 1258 405
leaf_count=1888 112 584 136 136 955 112 96 229 80 9654 152 123 1258 405
internal_value=0.000213477 0.106041 -0.00465789 -0.00191356 0.000487689 -0.0077068 -0.335672 0.095408 -0.00255419 -0.004906 0.0351382 0.0585501 0.168629 0.479916
internal_weight=15920 696 15224 15088 14952 13768 208 1184 13560 13480 3826 3674 1786 528
internal_count=15920 696 15224 15088 14952 13768 208 1184 13560 13480 3826 3674 1786 528
is_linear=0
shrinkage=0.05


Tree=106
num_leaves=15
num_cat=0
split_feature=14 6 5 7 5 8 10 6 4 13 1 7 12 14
split_gain=3354.35 4645.08 6954.42 4466.58 8780.45 8537.09 6853.1 5123.65 3785.25 6933.37 9294.55 14537.3 6451.24 11163.3
threshold=22.500000000000004 167.50000000000003 146.00000000000003 109.50000000000001 89.500000000000014 125.50000000000001 109.50000000000001 27.500000000000004 1.5000000000000002 23.500000000000004 7.5000000000000009 111.50000000000001 166.50000000000003 162.50000000000003
decision_type=2 2 2 2 2 2 2 2 2 2 2 2 2 2
left_child=1 2 3 4 6 -5 7 -1 9 10 -2 -12 -11 -14
right_child=8 -3 -4 5 -6 -7 -8 -9 -10 12 11 -13 13 -15
leaf_value=-0.051111896351484234 -0.053305077895872355 -0.30659085181718576 0.24429595026811329 -0.50011019314422833 0.32710154159914384 0.12091590809405491 -0.49085171361302227 0.29094377631942431 -0.0033018977721424657 0.049072934575933994 0.91058250577764577 0.18996271581396265 -0.47584979959728219 0.20412667572046772
leaf_weight=2794 229 153 213 137 157 88 81 109 9106 2174 84 348 153 94
leaf_count=2794 229 153 213 137 157 88 81 109 9106 2174 84 348 153 94
internal_value=0.000214957 -0.041229 -0.029473 -0.0471338 -0.0315059 -0.259872 -0.0508892 -0.0377904 0.0129169 0.0607643 0.203642 0.338899 0.0214156 -0.218158
internal_weight=15920 3732 3579 3366 3141 225 2984 2903 12188 3082 661 432 2421 247
internal_count=15920 3732 3579 3366 3141 225 2984 2903 12188 3082 661 432 2421 247
is_linear=0
shrinkage=0.05


Tree=107
num_leaves=15
num_cat=0
split_feature=7 12 8 1 1 14 10 13 5 11 11 14 12 13
split_gain=3086.56 3566.4 3378.26 3354.47 10085.1 7848.01 12482.3 30356.2 10673.7 6521.47 18515.7 8589.68 8777.56 7276.28
threshold=188.50000000000003 179.50000000000003 141.50000000000003 11.500000000000002 12.500000000000002 101.50000000000001 23.500000000000004 28.500000000000004 46.500000000000007 169.50000000000003 168.50000000000003 149.50000000000003 158.50000000000003 156.50000000000003
decision_type=2 2 2 2 2 2 2 2 2 2 2 2 2 2
left_child=1 3 -3 5 -5 -1 7 -7 -8 10 11 12 13 -6
right_child=-2 2 -4 4 9 6 8 -9 -10 -11 -12 -13 -14 -15
leaf_value=-0.03117394593704791 0.17074096489169588 0.28089112662863286 -0.011304298750859089 -0.23118809827133702 -0.036206450967574147 0.99360606106541438 -0.43137602199030961 -0.040225658973867311 0.058730183466309406 0.1111693632667104 -0.67520898439667443 -0.14444140675634279 0.2082019309296903 0.1775458410751837
leaf_weight=4092 256 208 184 572 3851 115 110 173 3295 905 105 1125 490 439
leaf_count=4092 256 208 184 572 3851 115 110 173 3295 905 105 1125 490 439
internal_value=0.000211366 -0.00262923 0.145323 -0.00647317 -0.0303584 0.0165025 0.0693007 0.3825 0.0422878 -0.013591 -0.0324545 -0.0204637 0.00883558 -0.0141517
internal_weight=15920 15664 392 15272 7487 7785 3693 288 3405 6915 6010 5905 4780 4290
internal_count=15920 15664 392 15272 7487 7785 3693 288 3405 6915 6010 5905 4780 4290
is_linear=0
shrinkage=0.05


Tree=108
num_leaves=15
num_cat=0
split_feature=14 6 5 10 7 5 0 8 4 6 7 1 12 11
split_gain=2859.87 4246.31 6244.47 14135.9 6604.56 5223.48 5180.93 4844.79 3346.79 6345.58 26825.6 52372.4 7935.98 5255.77
threshold=22.500000000000004 167.50000000000003 89.500000000000014 109.50000000000001 103.50000000000001 146.00000000000003 4.5000000000000009 27.500000000000004 1.5000000000000002 23.500000000000004 21.500000000000004 13.500000000000002 23.500000000000004 87.500000000000014
decision_type=2 2 2 2 2 2 2 2 2 2 2 2 2 2
left_child=1 2 3 7 -4 6 -6 -1 9 10 -2 -12 -11 -14
right_child=8 -3 4 -5 5 -7 -8 -9 -10 12 11 -13 13 -15
leaf_value=-0.04632946418953781 -0.07221290187363745 -0.29177206762229341 0.51255769256664363 -0.61203637188131166 0.14147421257803217 0.23223962466341419 -0.29036638557156119 0.31495971007971096 -0.0033149782551273425 -0.38883624322175447 -0.039311645386599696 1.5827048514376987 0.25201083659627183 0.01784132215004379
leaf_weight=2812 312 153 87 105 123 213 148 91 9106 106 114 83 264 2203
leaf_count=2812 312 153 87 105 123 213 148 91 9106 106 114 83 264 2203
internal_value=0.000207074 -0.0380604 -0.0268225 -0.0556249 0.124073 0.0497155 -0.0953527 -0.0344821 0.0119355 0.0569265 0.217332 0.666336 0.0248347 0.0433594
internal_weight=15920 3732 3579 3008 571 484 271 2903 12188 3082 509 197 2573 2467
internal_count=15920 3732 3579 3008 571 484 271 2903 12188 3082 509 197 2573 2467
is_linear=0
shrinkage=0.05


Tree=109
num_leaves=15
num_cat=0
split_feature=5 5 5 7 5 5 3 1 10 0 7 1 0 14
split_gain=2853.32 5489.95 4333.44 3394.4 4188.01 8151.39 10794.9 4742.81 3965.11 3443.88 3348.17 6431.16 3857.76 2809.22
threshold=181.50000000000003 183.50000000000003 179.50000000000003 184.50000000000003 166.50000000000003 164.50000000000003 2.5000000000000004 17.500000000000004 186.50000000000003 5.5000000000000009 172.50000000000003 11.500000000000002 4.5000000000000009 156.50000000000003
decision_type=2 2 2 2 2 2 2 2 2 2 2 2 2 2
left_child=2 -2 3 4 5 8 -7 10 13 -9 11 -6 -13 -1
right_child=1 -3 -4 -5 7 6 -8 9 -10 -11 -12 12 -14 -15
leaf_value=0.0040322176632665947 0.411536671465629 0.035896308546496877 -0.28022643529367469 -0.24592039353141548 0.16268700526668392 0.022889637615945604 -0.68897649038324849 0.47034423098204625 0.33803592491675827 0.08105159119694634 0.14144361135748665 -0.0062236018768752257 -0.36134987199528618 -0.065300877576992239
leaf_weight=11818 112 584 136 136 213 112 96 121 80 108 440 146 156 1662
leaf_count=11818 112 584 136 136 213 112 96 121 80 108 440 146 156 1662
internal_value=0.000217278 0.0988484 -0.00432284 -0.0017439 0.000558544 -0.00721405 -0.314125 0.0905915 -0.00239223 0.292403 0.0409282 -0.0454833 -0.192564 -0.00453716
internal_weight=15920 696 15224 15088 14952 13768 208 1184 13560 229 955 515 302 13480
internal_count=15920 696 15224 15088 14952 13768 208 1184 13560 229 955 515 302 13480
is_linear=0
shrinkage=0.05


Tree=110
num_leaves=15
num_cat=0
split_feature=7 14 14 10 13 12 6 14 7 1 1 14 1 5
split_gain=2857.92 3243.6 3572.43 5844.35 3412.86 2722.57 3045.53 4717.49 2584.22 2508.27 8706.67 7042.57 7140.56 7134.1
threshold=188.50000000000003 190.50000000000003 182.50000000000003 165.50000000000003 184.50000000000003 179.50000000000003 162.50000000000003 147.50000000000003 121.50000000000001 11.500000000000002 13.500000000000002 101.50000000000001 1.5000000000000002 148.00000000000003
decision_type=2 2 2 2 2 2 2 2 2 2 2 2 2 2
left_child=1 2 4 -4 5 9 -7 -8 -6 11 -11 13 -13 -1
right_child=-2 -3 3 -5 8 6 7 -9 -10 10 -12 12 -14 -15
leaf_value=-0.04374115876057888 0.16429859119328274 0.23286123836091882 -0.3829734570742433 0.12283931972999727 0.31771270814058666 0.31961176573340572 -0.23140137583017351 0.22001030601402238 0.032659534478490369 -0.16291667036605226 -0.0069188181261883256 0.34769265665120991 0.046917887178807585 0.34299675008751512
leaf_weight=3940 256 140 148 88 138 129 100 124 182 1040 6212 206 3099 118
leaf_count=3940 256 140 148 88 138 129 100 124 182 1040 6212 206 3099 118
internal_value=0.000206727 -0.00252663 -0.00472372 -0.19573 -0.00171214 -0.00519095 0.13104 0.0178349 0.158585 -0.00852505 -0.0293871 0.0120285 0.066162 -0.0320872
internal_weight=15920 15664 15524 236 15288 14968 353 224 320 14615 7252 7363 3305 4058
internal_count=15920 15664 15524 236 15288 14968 353 224 320 14615 7252 7363 3305 4058
is_linear=0
shrinkage=0.05


Tree=111
num_leaves=15
num_cat=0
split_feature=13 3 1 4 13 14 14 3 10 9 8 10 10 3
split_gain=2802 16243.5 33692.1 18887.3 8941.71 7705.81 6570.76 7054.31 6768.33 8311.89 6480.36 6133.9 8488.26 5250.57
threshold=28.500000000000004 5.5000000000000009 11.500000000000002 2.5000000000000004 92.500000000000014 92.500000000000014 182.50000000000003 5.5000000000000009 167.50000000000003 109.50000000000001 117.50000000000001 106.50000000000001 114.50000000000001 4.5000000000000009
decision_type=2 2 2 2 2 2 2 2 2 2 2 2 2 2
left_child=1 13 3 -3 5 11 7 -6 9 -9 -8 -2 -13 -1
right_child=4 2 -4 -5 6 -7 10 8 -10 -11 -12 12 -14 -15
leaf_value=0.022114489653141545 0.044585363195152772 0.28547967603132574 0.036172781386515918 1.0995760693726011 0.022063411638311929 -0.44423833726342404 -0.60022258547016949 -0.16317803406454684 -0.54890831911633187 0.23591317973353645 -0.062944921297941381 -0.51083396977610274 -0.072925759599781897 -0.10134315066348776
leaf_weight=2694 457 164 852 128 8555 177 82 623 81 160 162 154 371 1260
leaf_count=2694 457 164 852 128 8555 177 82 623 81 160 162 154 371 1260
internal_value=0.000217108 0.0307618 0.196249 0.654847 -0.0141794 -0.145099 0.00159034 0.00828805 -0.127453 -0.0806474 -0.251932 -0.0892039 -0.204986 -0.0173054
internal_weight=15920 5098 1144 292 10822 1159 9663 9419 864 783 244 982 525 3954
internal_count=15920 5098 1144 292 10822 1159 9663 9419 864 783 244 982 525 3954
is_linear=0
shrinkage=0.05


Tree=112
num_leaves=15
num_cat=0
split_feature=13 3 1 4 13 10 10 5 11 11 3 8 11 12
split_gain=2542.36 14705.2 30526.9 17118.7 8091.02 7004.71 7811.65 8273.1 6091.71 17105.3 42535.2 8920.26 8850.32 8119.44
threshold=28.500000000000004 5.5000000000000009 11.500000000000002 2.5000000000000004 92.500000000000014 106.50000000000001 114.50000000000001 131.50000000000003 22.500000000000004 23.500000000000004 4.5000000000000009 22.500000000000004 111.50000000000001 84.500000000000014
decision_type=2 2 2 2 2 2 2 2 2 2 2 2 2 2
left_child=1 -1 3 -3 5 -2 -7 -8 -6 10 -10 12 -11 -13
right_child=4 2 -4 -5 8 6 7 -9 9 11 -12 13 -14 -15
leaf_value=-0.016445132804753168 -0.0054676541483813269 0.27162799214470318 0.034374693452512088 1.0466641367714209 -0.086659148632265925 -0.51681650540371638 -0.013240151527085214 -0.52917101828768709 -0.14155370630599837 -0.099045254459933327 1.233193988869993 0.19457197746212465 -0.64961529744082491 0.0055136560715042249
leaf_weight=3954 537 164 852 128 1625 188 338 96 130 471 93 616 82 6646
leaf_count=3954 537 164 852 128 1625 188 338 96 130 471 93 616 82 6646
internal_value=0.000194342 0.0292895 0.186745 0.623271 -0.0135189 -0.138056 -0.251568 -0.13209 0.00148193 0.0193437 0.446242 0.00688471 -0.185774 0.0216734
internal_weight=15920 5098 1144 292 10822 1159 622 434 9663 8038 223 7815 553 7262
internal_count=15920 5098 1144 292 10822 1159 622 434 9663 8038 223 7815 553 7262
is_linear=0
shrinkage=0.05


Tree=113
num_leaves=15
num_cat=0
split_feature=14 6 5 9 7 6 3 9 4 6 7 1 12 1
split_gain=2445.64 4053.28 5287.27 12386.7 5766.56 4404.4 6321.27 3237.32 3072.46 6105.33 23777.9 47186.4 7141.55 4821.96
threshold=22.500000000000004 167.50000000000003 89.500000000000014 104.50000000000001 103.50000000000001 124.50000000000001 3.5000000000000004 148.00000000000003 1.5000000000000002 23.500000000000004 21.500000000000004 13.500000000000002 23.500000000000004 4.5000000000000009
decision_type=2 2 2 2 2 2 2 2 2 2 2 2 2 2
left_child=1 2 3 -1 -4 6 -6 -7 9 10 -2 -12 -11 -10
right_child=8 -3 4 -5 5 7 -8 -9 13 12 11 -13 -14 -15
leaf_value=-0.032871960218296997 -0.061212347292749658 -0.28306328460715618 0.47762850471164875 -0.62852159765031601 0.17186404284678009 0.42130010151461272 -0.38189477083975809 0.057281982741381937 0.065003605143305318 -0.36974110129784354 -0.035670241719784855 1.504013952883807 0.040249565304205648 -0.022852924113075636
leaf_weight=2923 312 153 87 85 90 84 109 201 1996 106 114 83 2467 7110
leaf_count=2923 312 153 87 85 90 84 109 201 1996 106 114 83 2467 7110
internal_value=0.000196052 -0.0351917 -0.0242152 -0.0507189 0.114633 0.0451674 -0.133377 0.169986 0.0110419 0.0541496 0.211487 0.6342 0.0226748 -0.00357001
internal_weight=15920 3732 3579 3008 571 484 199 285 12188 3082 509 197 2573 9106
internal_count=15920 3732 3579 3008 571 484 199 285 12188 3082 509 197 2573 9106
is_linear=0
shrinkage=0.05


Tree=114
num_leaves=15
num_cat=0
split_feature=13 3 1 4 4 13 14 3 10 9 8 14 3 14
split_gain=2402.93 13474.4 27074.5 24639.5 13838.2 6925.29 5913.21 6375.07 5974.42 7659.55 5810.42 5325.72 4729.12 15537
threshold=27.500000000000004 5.5000000000000009 10.500000000000002 2.5000000000000004 1.5000000000000002 92.500000000000014 182.50000000000003 5.5000000000000009 167.50000000000003 119.50000000000001 117.50000000000001 92.500000000000014 4.5000000000000009 138.50000000000003
decision_type=2 2 2 2 2 2 2 2 2 2 2 2 2 2
left_child=1 12 3 -3 -4 11 7 -7 9 -9 -8 -2 -1 -14
right_child=5 2 4 -5 -6 6 10 8 -10 -11 -12 -13 13 -15
leaf_value=0.022485478946096239 -0.076604469008688822 0.17780194689696732 0.61874901205301291 1.2550287832718086 -0.0075175210791164591 0.020639775726616724 -0.56911381213101508 -0.13643239074497016 -0.51748065846257429 0.33004732961111732 -0.060334723830936909 -0.35182784270162254 -0.047406788823241092 -0.74799697689712052
leaf_weight=2680 1012 116 94 96 808 8555 82 687 81 96 162 209 1162 80
leaf_count=2680 1012 116 94 96 808 8555 82 687 81 96 162 209 1162 80
internal_value=0.000200716 0.0287416 0.181784 0.683281 0.0607987 -0.0130122 0.00119031 0.00754422 -0.121496 -0.0775082 -0.239312 -0.124958 -0.0149045 -0.0953516
internal_weight=15920 5036 1114 212 902 10884 9663 9419 864 783 244 1221 3922 1242
internal_count=15920 5036 1114 212 902 10884 9663 9419 864 783 244 1221 3922 1242
is_linear=0
shrinkage=0.05


Tree=115
num_leaves=15
num_cat=0
split_feature=1 1 5 14 4 14 7 7 3 5 10 5 7 14
split_gain=2448.03 4239.31 9178.42 18740.8 8005.92 8231.23 3675.84 12453.8 19095.4 11706 5998.88 7011.38 5855.17 5013.27
threshold=19.500000000000004 17.500000000000004 151.50000000000003 134.50000000000003 1.5000000000000002 137.50000000000003 140.00000000000003 162.50000000000003 4.5000000000000009 125.50000000000001 124.50000000000001 138.00000000000003 123.50000000000001 63.500000000000007
decision_type=2 2 2 2 2 2 2 2 2 2 2 2 2 2
left_child=1 6 4 -4 -3 -6 9 8 -8 -1 11 -11 -13 -9
right_child=-2 2 3 -5 5 -7 7 13 -10 10 -12 12 -14 -15
leaf_value=0.00091532391423875805 -0.043678829146563423 0.25972691974890089 0.77057088180666877 0.096212913765048647 -0.025452143999423773 -0.50157177080629312 -0.11738062907321903 0.23393654518109985 -0.82363667151113162 -0.24538417303501958 0.46867081048415304 0.50050284019410618 0.042319356451431915 -0.0088559253458165531
leaf_weight=8321 2646 157 121 576 357 117 808 234 104 94 182 120 160 1923
leaf_count=8321 2646 157 121 576 357 117 808 234 104 94 182 120 160 1923
internal_value=0.000189268 0.00894696 0.0935199 0.217937 -0.0445435 -0.146984 -0.000489942 -0.0476156 -0.20197 0.0158202 0.236888 0.1194 0.244019 0.0179633
internal_weight=15920 13274 1328 697 631 474 11946 3069 912 8877 556 374 280 2157
internal_count=15920 13274 1328 697 631 474 11946 3069 912 8877 556 374 280 2157
is_linear=0
shrinkage=0.05


Tree=116
num_leaves=15
num_cat=0
split_feature=14 7 14 10 13 7 12 6 14 1 1 8 14 6
split_gain=2347.74 2427.49 2741.89 4980.2 2883.79 2278.69 2170.9 2645.46 4185.69 2118.22 7245.89 5850.54 10632.3 6495.25
threshold=190.50000000000003 188.50000000000003 182.50000000000003 165.50000000000003 184.50000000000003 121.50000000000001 179.50000000000003 162.50000000000003 147.50000000000003 11.500000000000002 13.500000000000002 159.50000000000003 105.50000000000001 174.50000000000003
decision_type=2 2 2 2 2 2 2 2 2 2 2 2 2 2
left_child=1 2 4 -4 6 -6 9 -8 -9 -1 -11 13 -13 -12
right_child=-2 -3 3 -5 5 -7 7 8 -10 10 11 12 -14 -15
leaf_value=0.011150747423653724 0.19640715087437077 0.15132992579948668 -0.34445982701419031 0.12217089005856104 0.295200534521804 0.027632502842330958 0.29262917613360417 -0.22314601272255896 0.20204650176356931 -0.148722735403471 -0.017691207662293325 0.63012738114603883 0.053660775151609288 -0.34732290172538205
leaf_weight=7363 146 250 148 88 138 182 129 100 124 1040 5086 83 894 149
leaf_count=7363 146 250 148 88 138 182 129 100 124 1040 5086 83 894 149
internal_value=0.000189332 -0.00168847 -0.00420062 -0.171537 -0.00156222 0.145788 -0.00476003 0.116888 0.0115007 -0.00773721 -0.0269087 -0.00641168 0.105593 -0.0273957
internal_weight=15920 15774 15524 236 15288 320 14968 353 224 14615 7252 6212 977 5235
internal_count=15920 15774 15524 236 15288 320 14968 353 224 14615 7252 6212 977 5235
is_linear=0
shrinkage=0.05


Tree=117
num_leaves=15
num_cat=0
split_feature=14 6 5 11 11 7 13 12 6 5 4 6 7 1
split_gain=2306.55 4323.17 4614.81 3944.63 9251.38 5045.69 4342.25 5131.68 4338.49 5866.38 2668.47 5699.68 21245.9 42631.2
threshold=22.500000000000004 167.50000000000003 146.00000000000003 146.50000000000003 113.50000000000001 117.50000000000001 171.50000000000003 21.500000000000004 104.50000000000001 61.500000000000007 1.5000000000000002 23.500000000000004 21.500000000000004 13.500000000000002
decision_type=2 2 2 2 2 2 2 2 2 2 2 2 2 2
left_child=1 2 3 4 6 -6 8 -8 9 -1 11 12 -2 -14
right_child=10 -3 -4 -5 5 -7 7 -9 -10 -11 -12 -13 13 -15
leaf_value=-0.04255796812595581 -0.054895363068457825 -0.29015758274435477 0.20016887983085094 0.287668567437392 -0.6588105974289088 -0.11160794388587503 -0.067891658053678625 0.47876396118766734 -0.33620438924481894 0.32358458953207003 -0.0028907373857796825 0.020492568870939899 -0.034216146302573823 1.4292520607059653
leaf_weight=2723 312 153 213 86 86 83 80 85 114 109 9106 2573 114 83
leaf_count=2723 312 153 213 86 86 83 80 85 114 109 9106 2573 114 83
internal_value=0.00019401 -0.0341727 -0.02284 -0.0372279 -0.0461714 -0.400996 -0.0262836 0.219517 -0.0403991 -0.0279202 0.0107269 0.0509007 0.20292 0.602487
internal_weight=15920 3732 3579 3366 3280 169 3111 165 2946 2832 12188 3082 509 197
internal_count=15920 3732 3579 3366 3280 169 3111 165 2946 2832 12188 3082 509 197
is_linear=0
shrinkage=0.05


Tree=118
num_leaves=15
num_cat=0
split_feature=13 3 1 4 13 14 3 9 12 14 3 14 3 1
split_gain=2216.38 11931.3 25468.9 13765.2 6631.74 6912.3 5223.2 6919.04 8686.71 5931.42 4935.07 4434.18 7468.78 14160.3
threshold=28.500000000000004 5.5000000000000009 11.500000000000002 2.5000000000000004 70.500000000000014 68.500000000000014 5.5000000000000009 164.50000000000003 105.50000000000001 182.50000000000003 2.5000000000000004 104.50000000000001 4.5000000000000009 7.5000000000000009
decision_type=2 2 2 2 2 2 2 2 2 2 2 2 2 2
left_child=1 11 3 -3 5 -2 9 8 -8 -6 -11 -1 -13 -14
right_child=4 2 -4 -5 6 -7 7 -9 -10 10 -12 12 13 -15
leaf_value=-0.059144013935793806 -0.056878616695953947 0.25223448924147168 0.030029621698253531 0.94770573335034514 0.013445161112510831 -0.47117058275207396 -0.14912830229979901 -0.5440415715820649 0.22483056289314921 -0.032168158366689535 -0.50611874740017526 0.089739022803004442 0.18001822248483315 -0.59711970047039153
leaf_weight=2280 292 164 852 128 9144 150 747 80 191 122 96 1448 112 114
leaf_count=2280 292 164 852 128 9144 150 747 80 191 122 96 1448 112 114
internal_value=0.000202217 0.0273681 0.169197 0.567921 -0.0126018 -0.201173 -0.00447904 -0.111751 -0.0721927 0.00723886 -0.247549 -0.0138288 0.0478831 -0.216429
internal_weight=15920 5098 1144 292 10822 442 10380 1018 938 9362 218 3954 1674 226
internal_count=15920 5098 1144 292 10822 442 10380 1018 938 9362 218 3954 1674 226
is_linear=0
shrinkage=0.05


Tree=119
num_leaves=15
num_cat=0
split_feature=1 1 5 14 4 14 7 7 3 5 10 5 7 13
split_gain=2205.8 3786.05 8159.32 16998.5 6929.53 7362.67 3547.34 10863.1 17292.3 10246.5 5229.82 6189.81 5188.67 4955.12
threshold=19.500000000000004 17.500000000000004 151.50000000000003 134.50000000000003 1.5000000000000002 137.50000000000003 140.00000000000003 162.50000000000003 4.5000000000000009 125.50000000000001 124.50000000000001 138.00000000000003 123.50000000000001 141.50000000000003
decision_type=2 2 2 2 2 2 2 2 2 2 2 2 2 2
left_child=1 6 4 -4 -3 -6 9 8 13 -1 11 -11 -13 -8
right_child=-2 2 3 -5 5 -7 7 -9 -10 10 -12 12 -14 -15
leaf_value=0.0016536298195746245 -0.041459755688626074 0.24132518078441972 0.73203378851924628 0.089815186911780337 -0.022146914431115213 -0.47241389240886345 -0.27978941529909979 0.014534476490712413 -0.78245619823899837 -0.23005362160579124 0.43885446377297771 0.47123703427910812 0.039915971978369991 -0.020236542766197907
leaf_weight=8321 2646 157 121 576 357 117 277 2157 104 94 182 120 160 531
leaf_count=8321 2646 157 121 576 357 117 277 2157 104 94 182 120 160 531
internal_value=0.000181466 0.00849459 0.0884185 0.205725 -0.0417563 -0.13706 -0.000423582 -0.0467181 -0.190878 0.0155989 0.222426 0.112706 0.229792 -0.11039
internal_weight=15920 13274 1328 697 631 474 11946 3069 912 8877 556 374 280 808
internal_count=15920 13274 1328 697 631 474 11946 3069 912 8877 556 374 280 808
is_linear=0
shrinkage=0.05


Tree=120
num_leaves=15
num_cat=0
split_feature=14 10 11 13 11 11 6 11 6 6 10 14 1 14
split_gain=2038.44 3971.23 8022.47 3109.82 3073.72 2731.95 8706.37 4079.1 3840.7 6060.49 2644.01 7295.14 7359.59 7077.15
threshold=22.500000000000004 166.50000000000003 155.50000000000003 171.50000000000003 22.500000000000004 113.50000000000001 114.50000000000001 109.50000000000001 104.50000000000001 27.500000000000004 23.500000000000004 174.50000000000003 2.5000000000000004 96.500000000000014
decision_type=2 2 2 2 2 2 2 2 2 2 2 2 2 2
left_child=1 2 3 5 -5 7 -7 8 9 -1 11 12 13 -2
right_child=10 -3 -4 4 -6 6 -8 -9 -10 -11 -12 -13 -14 -15
leaf_value=-0.049989875689790304 0.10902295612388352 -0.27828970461532143 0.38597183374401473 -0.07098796416074038 0.29771361417734804 -0.57099981446351322 0.048444412556895314 0.28105186199901078 -0.28128858506908083 0.26163331154174263 1.9211223628825153e-06 0.46717538285367893 -0.0073387442846431315 0.62910149554814121
leaf_weight=2605 243 152 112 95 129 93 133 94 158 161 10270 101 1488 86
leaf_count=2605 243 152 112 95 129 93 133 94 158 161 10270 101 1488 86
internal_value=0.000175231 -0.0321324 -0.0213075 -0.0349975 0.143209 -0.0475042 -0.213302 -0.0347563 -0.0453713 -0.0314119 0.0100771 0.0638844 0.0402465 0.252353
internal_weight=15920 3732 3580 3468 224 3244 226 3018 2924 2766 12188 1918 1817 329
internal_count=15920 3732 3580 3468 224 3244 226 3018 2924 2766 12188 1918 1817 329
is_linear=0
shrinkage=0.05


Tree=121
num_leaves=15
num_cat=0
split_feature=13 3 1 4 13 10 10 6 11 11 3 8 11 12
split_gain=1997.27 10917.9 22945.8 12208.8 6186.55 6270.3 7167.36 6987.44 4878.87 14733.8 36420.3 7621.82 8178.63 7270.91
threshold=28.500000000000004 5.5000000000000009 11.500000000000002 2.5000000000000004 92.500000000000014 106.50000000000001 114.50000000000001 135.50000000000003 22.500000000000004 23.500000000000004 4.5000000000000009 22.500000000000004 111.50000000000001 84.500000000000014
decision_type=2 2 2 2 2 2 2 2 2 2 2 2 2 2
left_child=1 -1 3 -3 5 -2 -7 -8 -6 10 -10 12 -11 -13
right_child=4 2 -4 -5 8 6 7 -9 9 11 -12 13 -14 -15
leaf_value=-0.013434454021959167 0.0044878562046318038 0.24258995472106359 0.029544867638714802 0.89784898149983994 -0.077731921873166104 -0.48223100092474358 -0.014629347721037798 -0.51526755341168107 -0.13058519301936031 -0.089216382712998407 1.1415237257067037 0.18285596813693877 -0.61834611727203104 0.0039502561560313442
leaf_weight=3954 537 164 852 128 1625 188 352 82 130 471 93 616 82 6646
leaf_count=3954 537 164 852 128 1625 188 352 82 130 471 93 616 82 6646
internal_value=0.000185641 0.0259739 0.161646 0.540106 -0.011969 -0.120867 -0.228264 -0.114011 0.00114821 0.0171334 0.413335 0.00557079 -0.172515 0.0192413
internal_weight=15920 5098 1144 292 10822 1159 622 434 9663 8038 223 7815 553 7262
internal_count=15920 5098 1144 292 10822 1159 622 434 9663 8038 223 7815 553 7262
is_linear=0
shrinkage=0.05


Tree=122
num_leaves=15
num_cat=0
split_feature=12 11 6 10 6 5 5 4 13 14 13 7 11 7
split_gain=1874.09 4700.48 7074.84 10861.6 9643.18 8250.15 14009.7 20965.5 4580.88 8734.85 7229.78 4844.34 5336.28 4206.65
threshold=159.50000000000003 132.50000000000003 138.50000000000003 104.50000000000001 129.50000000000003 160.50000000000003 181.50000000000003 1.5000000000000002 72.500000000000014 72.500000000000014 117.50000000000001 160.50000000000003 145.50000000000003 124.50000000000001
decision_type=2 2 2 2 2 2 2 2 2 2 2 2 2 2
left_child=1 2 4 5 -1 -4 7 -7 9 -3 -10 -12 -13 -5
right_child=-2 8 3 13 -6 6 -8 -9 10 -11 11 12 -14 -15
leaf_value=-0.002699175214681571 0.044672963924480946 0.52294252149240916 0.27043327833563091 0.43103692901100044 -0.44461709445118908 -1.087011237565209 0.095917095625914897 -0.008330961965983456 -0.29896462598685608 -0.03121235869327655 -0.12571589966770638 -0.30542899065596218 0.12467989922772782 0.15655808698594201
leaf_weight=9936 2056 81 120 168 120 80 192 96 382 408 926 80 475 800
leaf_count=9936 2056 81 120 168 120 80 192 96 382 408 926 80 475 800
internal_value=0.000185172 -0.00642599 0.00674233 0.109556 -0.008191 -0.0822263 -0.199308 -0.515124 -0.0707567 0.064944 -0.106454 -0.05596 0.0605087 0.206165
internal_weight=15920 13864 11512 1456 10056 488 368 176 2352 489 1863 1481 555 968
internal_count=15920 13864 11512 1456 10056 488 368 176 2352 489 1863 1481 555 968
is_linear=0
shrinkage=0.05


Tree=123
num_leaves=15
num_cat=0
split_feature=14 6 5 10 10 8 8 7 9 4 6 6 1 12
split_gain=1790.56 3697.28 3891.2 10450.2 5043.87 5067.51 4010.19 3984.49 3477.47 2540.69 5371.69 18985 39170.7 6286.82
threshold=22.500000000000004 167.50000000000003 89.500000000000014 109.50000000000001 96.500000000000014 108.50000000000001 27.500000000000004 126.50000000000001 110.50000000000001 1.5000000000000002 23.500000000000004 21.500000000000004 12.500000000000002 23.500000000000004
decision_type=2 2 2 2 2 2 2 2 2 2 2 2 2 2
left_child=1 2 3 6 -4 8 -1 -7 -6 10 11 -2 -13 -12
right_child=9 -3 4 -5 5 7 -8 -9 -10 -11 13 12 -14 -15
leaf_value=-0.034995352250889518 -0.053472513819287061 -0.26684086860240075 0.44799285248260612 -0.52076690565456052 -0.40414508768272672 0.38325325832149743 0.29367239045677707 0.019635898349590081 0.04590855867698275 -0.0038411980241531171 -0.34904806187695214 -0.0053250485798344016 1.3902507500087515 0.035620970496800269
leaf_weight=2812 306 153 83 105 83 113 91 210 82 9106 106 123 80 2467
leaf_count=2812 306 153 83 105 83 113 91 210 82 9106 106 123 80 2467
internal_value=0.000165587 -0.0301141 -0.019636 -0.0423743 0.0994761 0.0362574 -0.0242054 0.150749 -0.18571 0.00944585 0.0486461 0.196225 0.564854 0.0191275
internal_weight=15920 3732 3579 3008 571 488 2903 323 165 12188 3082 509 203 2573
internal_count=15920 3732 3579 3008 571 488 2903 323 165 12188 3082 509 203 2573
is_linear=0
shrinkage=0.05


Tree=124
num_leaves=15
num_cat=0
split_feature=14 14 10 14 1 13 14 1 7 7 3 14 7 2
split_gain=1794.56 1844.89 4339.26 2402.12 5329.55 1840.95 2948.75 5918.79 2797.89 4560.91 6756.02 2647.86 3156.32 2074.75
threshold=190.50000000000003 182.50000000000003 171.50000000000003 179.50000000000003 13.500000000000002 168.50000000000003 165.50000000000003 8.5000000000000018 22.500000000000004 25.500000000000004 4.5000000000000009 151.50000000000003 161.50000000000003 1.0000000180025095e-35
decision_type=2 2 2 2 2 2 2 2 2 2 2 2 2 2
left_child=1 3 -3 5 -5 -1 7 -7 -9 -10 11 12 -11 -8
right_child=-2 2 -4 4 -6 6 13 8 9 10 -12 -13 -14 -15
leaf_value=-0.0074696712995359245 0.17172303075704798 -0.26916157577268701 0.16353691990465621 0.40132937961447557 -0.10660512626324732 0.44610351761367834 0.13263256165559764 -0.12069061625609423 0.43860153686688391 0.086769770889814149 -0.30047799265417074 0.034781621212771695 0.43978926771919113 -0.11493173268677828
leaf_weight=13704 146 177 81 108 92 102 106 182 81 153 110 415 107 356
leaf_count=13704 146 177 81 108 92 102 106 182 81 153 110 415 107 356
internal_value=0.000172659 -0.00146908 -0.132788 0.000756566 0.170778 -0.00151863 0.0489393 0.0916909 0.0552421 0.092697 0.0544549 0.11408 0.237608 -0.0573194
internal_weight=15920 15774 258 15516 200 15316 1612 1150 1048 866 785 675 260 462
internal_count=15920 15774 258 15516 200 15316 1612 1150 1048 866 785 675 260 462
is_linear=0
shrinkage=0.05


Tree=125
num_leaves=15
num_cat=0
split_feature=13 3 4 1 13 14 14 8 3 9 9 1 4 10
split_gain=1808.42 9792.97 21177.7 17398.8 5130.83 4819.88 4651.1 5220.76 5202.95 5071.05 8072.92 3939.45 8245.29 5472.03
threshold=27.500000000000004 5.5000000000000009 1.5000000000000002 9.5000000000000018 92.500000000000014 92.500000000000014 182.50000000000003 117.50000000000001 5.5000000000000009 163.50000000000003 119.50000000000001 1.5000000000000002 2.5000000000000004 109.50000000000001
decision_type=2 2 2 2 2 2 2 2 2 2 2 2 2 2
left_child=1 -1 -3 -4 5 -2 8 -8 11 10 -10 12 13 -6
right_child=4 2 3 -5 6 -7 7 -9 9 -11 -12 -13 -14 -15
leaf_value=-0.012263828921989711 -0.06170294880601436 0.74282386385180343 0.60648884989489293 -0.0081682362711072206 0.69442447943742891 -0.32339285442553395 -0.52488181155132152 -0.04317534767967178 -0.12583783713487015 -0.45711808445605828 0.37060443507807872 0.012157544533050424 -0.15520460142975764 0.13488299265131354
leaf_weight=3922 1012 130 128 856 81 209 82 162 687 89 88 8279 100 95
leaf_count=3922 1012 130 128 856 81 209 82 162 687 89 88 8279 100 95
internal_value=0.000185941 0.0249457 0.155417 0.0744491 -0.0112765 -0.107633 0.000948257 -0.212349 0.00658348 -0.109992 -0.0674533 0.0184142 0.202535 0.404469
internal_weight=15920 5036 1114 984 10884 1221 9663 244 9419 864 775 8555 276 176
internal_count=15920 5036 1114 984 10884 1221 9663 244 9419 864 775 8555 276 176
is_linear=0
shrinkage=0.05


Tree=126
num_leaves=15
num_cat=0
split_feature=1 14 3 8 8 8 1 5 14 4 14 7 8 5
split_gain=1810.5 3458.83 3503.5 7075.2 4227.59 4843.98 3407.9 7278.2 15233.7 5981.5 6605.56 3400.39 9278.15 15466.1
threshold=19.500000000000004 135.50000000000003 4.5000000000000009 151.50000000000003 125.50000000000001 105.50000000000001 17.500000000000004 151.50000000000003 137.50000000000003 1.5000000000000002 137.50000000000003 140.00000000000003 113.50000000000001 84.500000000000014
decision_type=2 2 2 2 2 2 2 2 2 2 2 2 2 2
left_child=6 2 -2 4 5 -4 11 9 -9 -8 -11 12 -1 -14
right_child=1 -3 3 -5 -6 -7 7 8 -10 10 -12 -13 13 -15
leaf_value=-0.0064652751894581821 0.01108430613622521 -0.3371259348286737 -0.040132986833570437 -0.52078545964666112 0.27160547526991546 -0.42300126104801894 0.22361547352723132 0.64321601669297834 0.07273799914492822 -0.019120119703105183 -0.44557743981312659 -0.046064938424493988 -0.41333290315591376 0.18930339371126315
leaf_weight=7555 1810 88 483 90 80 95 157 144 553 357 117 3069 112 1210
leaf_count=7555 1810 88 483 90 80 95 157 144 553 357 117 3069 112 1210
internal_value=0.000189982 -0.037536 -0.0265919 -0.117229 -0.0585197 -0.106149 0.00772147 0.083549 0.19434 -0.0393966 -0.127937 -0.000739472 0.0149478 0.136883
internal_weight=15920 2646 2558 748 658 578 13274 1328 697 631 474 11946 8877 1322
internal_count=15920 2646 2558 748 658 578 13274 1328 697 631 474 11946 8877 1322
is_linear=0
shrinkage=0.05


Tree=127
num_leaves=15
num_cat=0
split_feature=13 3 1 7 13 14 3 9 12 14 11 3 5 6
split_gain=1727.14 9019.91 19459 11707.6 5398.62 6197.92 4145.7 5615.19 7679.64 5204.74 3980.16 6934.11 66039.7 17902
threshold=28.500000000000004 5.5000000000000009 11.500000000000002 23.500000000000004 70.500000000000014 68.500000000000014 5.5000000000000009 164.50000000000003 105.50000000000001 186.50000000000003 125.50000000000001 4.5000000000000009 28.500000000000004 149.50000000000003
decision_type=2 2 2 2 2 2 2 2 2 2 2 2 2 2
left_child=1 -1 3 -3 5 -2 9 8 -8 10 11 -6 -13 -14
right_child=4 2 -4 -5 6 -7 7 -9 -10 -11 -12 12 13 -15
leaf_value=-0.011671954559044169 -0.044814287820950101 0.82950606495141987 0.025822820711680967 0.1924479289095343 0.015538847707030876 -0.43690200376294314 -0.13610248203238257 -0.48879925801473506 0.21548721522415934 -0.29705436747494363 -0.03277923786235655 1.17361513856141 0.063176256507358627 -0.72047076930894571
leaf_weight=3954 292 135 852 157 5210 150 747 80 191 134 3300 131 507 80
leaf_count=3954 292 135 852 157 5210 150 747 80 191 134 3300 131 507 80
internal_value=0.000167295 0.0241482 0.147465 0.495985 -0.0111355 -0.181274 -0.00380688 -0.0993759 -0.0637472 0.00663254 0.0112009 0.0356907 0.180799 -0.048807
internal_weight=15920 5098 1144 292 10822 442 10380 1018 938 9362 9228 5928 718 587
internal_count=15920 5098 1144 292 10822 442 10380 1018 938 9362 9228 5928 718 587
is_linear=0
shrinkage=0.05


Tree=128
num_leaves=15
num_cat=0
split_feature=14 10 11 13 11 5 8 12 12 10 14 1 13 14
split_gain=1790.2 3561.72 6853.56 2708.98 2591.78 2393.16 7766.56 2338.75 4959.29 2315.48 6268.34 6469.8 6180.38 4967.06
threshold=22.500000000000004 166.50000000000003 155.50000000000003 171.50000000000003 22.500000000000004 148.00000000000003 115.50000000000001 115.50000000000001 106.50000000000001 23.500000000000004 174.50000000000003 2.5000000000000004 82.500000000000014 98.500000000000014
decision_type=2 2 2 2 2 2 2 2 2 2 2 2 2 2
left_child=1 2 3 5 -5 6 7 8 -1 10 11 12 -2 -13
right_child=9 -3 -4 4 -6 -7 -8 -9 -10 -11 -12 13 -14 -15
leaf_value=-0.040467779159990391 0.10866411253883262 -0.26323152615979412 0.35658008248393991 -0.062972123384475706 0.2756698709495588 0.16795574299467264 -0.44732431472900019 -0.28122014621762853 0.33864252675282824 1.5259123791389876e-05 0.43363317147002745 0.054567083052605006 0.60559701560722567 -0.14199130936412091
leaf_weight=2832 249 152 112 95 129 123 115 90 84 10270 101 1026 80 462
leaf_count=2832 249 152 112 95 129 123 115 90 84 10270 101 1026 80 462
internal_value=0.000164378 -0.0301122 -0.0198611 -0.0325142 0.13381 -0.0441873 -0.0528032 -0.0369923 -0.0289859 0.0094437 0.0597973 0.0378843 0.236756 -0.00673227
internal_weight=15920 3732 3580 3468 224 3244 3121 3006 2916 12188 1918 1817 329 1488
internal_count=15920 3732 3580 3468 224 3244 3121 3006 2916 12188 1918 1817 329 1488
is_linear=0
shrinkage=0.05


Tree=129
num_leaves=15
num_cat=0
split_feature=12 11 6 10 6 5 7 0 13 14 13 7 11 7
split_gain=1694.22 4114.33 6535.18 9752.33 8704.12 7152.55 13584.4 12325.6 4019.43 7564.37 6319.76 4408.1 4667.57 3583.48
threshold=159.50000000000003 132.50000000000003 138.50000000000003 104.50000000000001 129.50000000000003 160.50000000000003 162.50000000000003 4.5000000000000009 72.500000000000014 72.500000000000014 117.50000000000001 160.50000000000003 145.50000000000003 181.50000000000003
decision_type=2 2 2 2 2 2 2 2 2 2 2 2 2 2
left_child=1 2 4 5 -1 -4 -7 -8 9 -3 -10 -12 -13 -2
right_child=13 8 3 -5 -6 6 7 -9 10 -11 11 12 -14 -15
leaf_value=-0.0029270154109856633 0.06073750632299605 0.48702249780383911 0.2516544978782535 0.19656349115053581 -0.42277695602402093 -0.7092989428069002 0.31455525935210032 -0.33738913460538306 -0.27972487145240688 -0.028672023186433079 -0.11906908310821758 -0.28370706721263778 0.11857046169384072 -0.19394628574584155
leaf_weight=9936 1912 81 120 968 120 88 140 140 382 408 926 80 475 144
leaf_count=9936 1912 81 120 968 120 88 140 140 382 408 926 80 475 144
internal_value=0.000173492 -0.0061124 0.00620759 0.105022 -0.00814477 -0.0767118 -0.185726 -0.0116172 -0.0662986 0.0608146 -0.0997367 -0.0525266 0.0585691 0.0424725
internal_weight=15920 13864 11512 1456 10056 488 368 280 2352 489 1863 1481 555 2056
internal_count=15920 13864 11512 1456 10056 488 368 280 2352 489 1863 1481 555 2056
is_linear=0
shrinkage=0.05


Tree=130
num_leaves=15
num_cat=0
split_feature=5 5 5 7 5 5 3 11 14 9 12 0 0 4
split_gain=1670.52 4780.92 4035.09 3302.41 2796.17 6097.5 8322.2 3616.61 10170 3550.23 3062.2 3216.21 2730.23 2521.09
threshold=181.50000000000003 183.50000000000003 179.50000000000003 184.50000000000003 166.50000000000003 164.50000000000003 2.5000000000000004 124.50000000000001 132.50000000000003 133.50000000000003 162.50000000000003 3.5000000000000004 4.5000000000000009 1.5000000000000002
decision_type=2 2 2 2 2 2 2 2 2 2 2 2 2 2
left_child=2 -2 3 4 5 13 -7 8 -6 -10 11 -9 -12 -1
right_child=1 -3 -4 -5 7 6 -8 10 9 -11 12 -13 -14 -15
leaf_value=0.033416710103966379 0.36736534113048491 0.017023056611355083 -0.26956044131929574 -0.24168086776390987 0.68864084026392769 0.025324911948962088 -0.59950083496399453 -0.2296741396646593 -0.19917049861472588 0.2218439966440201 0.2407825457119265 0.039307345885594015 -0.0046305648006466282 -0.014341638795286715
leaf_weight=3858 112 584 136 136 80 112 96 174 87 105 224 290 224 9702
leaf_count=3858 112 584 136 136 80 112 96 174 87 105 224 290 224 9702
internal_value=0.000149929 0.0756182 -0.00332397 -0.000835664 0.00143507 -0.00491629 -0.270359 0.0750012 0.233262 0.0308586 0.026786 -0.0629339 0.119379 -0.000746446
internal_weight=15920 696 15224 15088 14952 13768 208 1184 272 192 912 464 448 13560
internal_count=15920 696 15224 15088 14952 13768 208 1184 272 192 912 464 448 13560
is_linear=0
shrinkage=0.05


Tree=131
num_leaves=15
num_cat=0
split_feature=10 10 6 14 14 6 5 10 9 7 5 13 11 8
split_gain=1682.38 2145.09 2973.54 2287.18 1983.99 8798.03 3476.04 2672.23 3975.82 5148.38 9753.27 6759.49 6035.14 4456.53
threshold=190.50000000000003 182.50000000000003 191.50000000000003 153.50000000000003 22.500000000000004 167.50000000000003 153.50000000000003 173.50000000000003 159.50000000000003 141.50000000000003 136.50000000000003 134.50000000000003 162.50000000000003 148.50000000000003
decision_type=2 2 2 2 2 2 2 2 2 2 2 2 2 2
left_child=1 2 4 -3 5 6 -1 8 -6 11 -11 -10 -13 -12
right_child=-2 3 -4 -5 7 -7 -8 -9 9 10 13 12 -14 -15
leaf_value=-0.029064988266844918 0.11722994002163956 -0.35088672706029483 0.19721202543941599 -0.022564212547834306 0.014081200908008813 -0.41592096320770938 0.21229482541511505 0.095767636312553611 0.38280435381739431 -0.63410310014205828 -0.20864660104836782 -0.38399436919225588 0.16322027948563514 -0.0075800438979879399
leaf_weight=3420 296 85 184 131 9113 140 151 800 127 80 423 85 110 775
leaf_count=3420 296 85 184 131 9113 140 151 800 127 80 423 85 110 775
internal_value=0.000143612 -0.00211141 0.00010701 -0.156781 -0.0023392 -0.0341061 -0.0185765 0.00791061 0.00130822 -0.0712591 -0.116221 0.106242 -0.0789458 -0.0791465
internal_weight=15920 15624 15408 216 15224 3711 3571 11513 10713 1600 1278 322 195 1198
internal_count=15920 15624 15408 216 15224 3711 3571 11513 10713 1600 1278 322 195 1198
is_linear=0
shrinkage=0.05


Tree=132
num_leaves=15
num_cat=0
split_feature=14 7 14 10 13 7 1 12 13 12 8 14 10 11
split_gain=1610.91 1694.78 2047.95 4020.99 2070.13 1838.41 1610.09 1527.28 2038.25 1878.55 1415.63 1397.43 3641.04 3574.47
threshold=190.50000000000003 188.50000000000003 182.50000000000003 164.50000000000003 184.50000000000003 121.50000000000001 12.500000000000002 179.50000000000003 160.50000000000003 175.50000000000003 141.50000000000003 22.500000000000004 173.50000000000003 156.50000000000003
decision_type=2 2 2 2 2 2 2 2 2 2 2 2 2 2
left_child=1 2 4 -4 7 -6 -3 9 10 11 -9 12 13 -1
right_child=-2 6 3 -5 5 -7 -8 8 -10 -11 -12 -13 -14 -15
leaf_value=-0.032534028033233416 0.16265837083145088 0.024672374129295349 -0.30911223836393165 0.10673633003895432 0.2577735446289286 0.017677948601982175 0.28290392085164789 0.14739249233080418 0.24871012291506581 -0.18429956145990056 -0.10345675313675946 0.0043800061322000162 -0.35290585298085758 0.25449943690826848
leaf_weight=3465 146 155 144 92 138 182 95 93 133 142 127 10820 81 107
leaf_count=3465 146 155 144 92 138 182 95 93 133 142 127 10820 81 107
internal_value=0.000122772 -0.00143268 -0.00353173 -0.148151 -0.00125155 0.123592 0.126423 -0.00396095 0.0980731 -0.00645811 0.00350299 -0.00465019 -0.0313666 -0.0235922
internal_weight=15920 15774 15524 236 15288 320 250 14968 353 14615 220 14473 3653 3572
internal_count=15920 15774 15524 236 15288 320 250 14968 353 14615 220 14473 3653 3572
is_linear=0
shrinkage=0.05


Tree=133
num_leaves=15
num_cat=0
split_feature=2 8 1 1 7 8 9 5 13 14 14 1 1 8
split_gain=1568.1 3669.45 2530.11 6184.09 27253.5 17146.8 8048.57 7507.44 4049.11 4565.81 3963.33 2839.44 9229.24 6890.78
threshold=1.0000000180025095e-35 110.50000000000001 8.5000000000000018 7.5000000000000009 25.500000000000004 112.50000000000001 112.50000000000001 102.50000000000001 113.50000000000001 118.50000000000001 22.500000000000004 12.500000000000002 11.500000000000002 126.50000000000001
decision_type=2 2 2 2 2 2 2 2 2 2 2 2 2 2
left_child=1 -1 3 8 -5 7 -7 -6 -2 10 -10 12 -4 -14
right_child=2 -3 11 4 5 6 -8 -9 9 -11 -12 -13 13 -15
leaf_value=-0.013628194067743061 -0.024044208887750537 0.083516626917280623 -0.015369037892470626 0.99638783813909049 0.042425495767593385 0.74547152571206876 0.059632914707712509 -0.50043268694139242 -0.10933417251098504 -0.11687409090941069 0.23607140508830871 -0.008121959681312697 -0.023857585099266516 -0.40663471688919817
leaf_weight=2306 3251 1674 1494 81 120 81 87 129 98 172 460 5469 189 309
leaf_count=2306 3251 1674 1494 81 120 81 87 129 98 172 460 5469 189 309
internal_value=0.000124876 0.0272847 -0.00893604 0.0207557 0.185947 0.0185829 0.402294 -0.243129 -0.000116125 0.105884 0.174977 -0.0267626 -0.0777916 -0.263045
internal_weight=15920 3980 11940 4479 498 417 168 249 3981 730 558 7461 1992 498
internal_count=15920 3980 11940 4479 498 417 168 249 3981 730 558 7461 1992 498
is_linear=0
shrinkage=0.05


Tree=134
num_leaves=15
num_cat=0
split_feature=10 10 6 14 6 8 1 1 14 5 13 3 6 12
split_gain=1549.52 1924.63 2678.96 2004.6 1888.77 1957.01 1814.43 5608.94 5163.63 7012.88 7825.48 25978.3 7112.56 5882.19
threshold=190.50000000000003 182.50000000000003 191.50000000000003 153.50000000000003 178.50000000000003 182.50000000000003 11.500000000000002 12.500000000000002 156.50000000000003 179.50000000000003 149.50000000000003 4.5000000000000009 142.50000000000003 22.500000000000004
decision_type=2 2 2 2 2 2 2 2 2 2 2 2 2 2
left_child=1 2 6 -3 5 -2 -1 -8 9 10 12 -12 -9 -10
right_child=4 3 -4 -5 -6 -7 7 8 13 -11 11 -13 -14 -15
leaf_value=0.014760097651615829 0.36308484047010381 -0.33026348848309783 0.18715776704921927 -0.022815274480072895 -0.090954709649086002 0.058851249149083198 -0.16706320937312047 -0.04365043379212695 -0.48051651331686207 -0.34377030692160576 0.041211650579751395 0.735429979068569 0.10272341940887138 -0.067163054087735208
leaf_weight=7721 88 85 184 131 80 128 590 3320 88 129 921 153 1101 1201
leaf_count=7721 88 85 184 131 80 128 590 3320 88 129 921 153 1101 1201
internal_value=0.000133471 -0.00203068 7.06649e-05 -0.148537 0.112502 0.188209 -0.00225121 -0.019755 -0.00707106 0.0136381 0.0223335 0.143058 -0.00712282 -0.0971304
internal_weight=15920 15624 15408 216 296 216 15224 7503 6913 5624 5495 1074 4421 1289
internal_count=15920 15624 15408 216 296 216 15224 7503 6913 5624 5495 1074 4421 1289
is_linear=0
shrinkage=0.05


Tree=135
num_leaves=15
num_cat=0
split_feature=13 3 4 4 6 13 1 4 4 0 3 6 6 14
split_gain=1551.22 8040.3 19096.8 16439.3 53926.2 4283.16 4918.45 6520.85 7412.75 4762.16 4038.44 7371.81 12411.8 5839.58
threshold=27.500000000000004 5.5000000000000009 1.5000000000000002 2.5000000000000004 107.50000000000001 84.500000000000014 1.5000000000000002 2.5000000000000004 1.5000000000000002 4.5000000000000009 2.5000000000000004 179.50000000000003 184.50000000000003 182.50000000000003
decision_type=2 2 2 2 2 2 2 2 2 2 2 2 2 2
left_child=1 -1 -3 -4 -5 -2 7 8 -7 -10 -8 13 -13 -12
right_child=5 2 3 4 -6 6 10 -9 9 -11 11 12 -14 -15
leaf_value=-0.010658615026927167 -0.11439622025395429 0.69905484706508347 -0.14092983631920128 1.3896640379997818 0.02609058603840439 -0.01870106910572988 0.025808766844892028 -0.093959223636456091 0.22827636399689843 0.78623327414779109 -0.019275266285956331 -0.78883389905971646 0.074627159115146197 -0.37106505137029266
leaf_weight=3922 904 130 488 83 413 102 4542 150 80 80 4750 80 80 116
leaf_count=3922 904 130 488 83 413 102 4542 150 80 80 4750 80 80 116
internal_value=0.000126123 0.0230577 0.141278 0.0644266 0.265861 -0.01049 -0.00102546 0.167071 0.315477 0.522626 -0.00834721 -0.039209 -0.367925 -0.0280338
internal_weight=15920 5036 1114 984 496 10884 9980 412 262 160 9568 5026 160 4866
internal_count=15920 5036 1114 984 496 10884 9980 412 262 160 9568 5026 160 4866
is_linear=0
shrinkage=0.05


Tree=136
num_leaves=15
num_cat=0
split_feature=12 11 6 6 10 6 8 8 14 7 14 6 11 0
split_gain=1442.89 3561.78 5321 9066.6 13179.2 7533.41 3963.77 9803.19 6324.09 5428.65 4579.31 3784.81 3744.56 6184.18
threshold=159.50000000000003 132.50000000000003 138.50000000000003 147.50000000000003 66.500000000000014 129.50000000000003 159.50000000000003 152.50000000000003 131.50000000000003 168.50000000000003 155.50000000000003 143.50000000000003 174.50000000000003 4.5000000000000009
decision_type=2 2 2 2 2 2 2 2 2 2 2 2 2 2
left_child=1 2 5 11 -5 -1 7 -6 -8 10 -9 -4 -3 -14
right_child=-2 12 3 4 6 -7 8 9 -10 -11 -12 -13 13 -15
leaf_value=-0.002288743305251811 0.039181737729616209 -0.091211561349097595 0.21150712298750879 -0.55713286661707306 0.17974476491751737 -0.39288421432971954 0.50750620394083101 -0.63118963012199725 0.093703174174587942 0.067371175094292718 -0.12973658149795872 0.66173920280793141 -0.11748469207577478 0.26031207361254277
leaf_weight=9936 2056 1928 120 80 360 120 116 84 404 112 100 80 212 212
leaf_count=9936 2056 1928 120 80 360 120 116 84 404 112 100 80 212 212
internal_value=0.000146063 -0.00565488 0.00580801 0.0949718 0.0444628 -0.00714272 0.0875732 0.00558404 0.189967 -0.2057 -0.369303 0.403347 -0.061654 0.072246
internal_weight=15920 13864 11512 1456 1256 10056 1176 656 520 296 184 200 2352 424
internal_count=15920 13864 11512 1456 1256 10056 1176 656 520 296 184 200 2352 424
is_linear=0
shrinkage=0.05


Tree=137
num_leaves=15
num_cat=0
split_feature=2 5 7 6 8 7 3 11 1 14 6 14 1 5
split_gain=1425.38 3264.55 2231.51 5678.14 4774.99 5911.73 5384.96 8658.05 4404.54 8208.98 6865.36 4125.65 3557.42 3481.34
threshold=1.0000000180025095e-35 110.50000000000001 144.50000000000003 143.50000000000003 159.50000000000003 152.50000000000003 4.5000000000000009 165.50000000000003 12.500000000000002 132.50000000000003 171.50000000000003 123.50000000000001 11.500000000000002 149.50000000000003
decision_type=2 2 2 2 2 2 2 2 2 2 2 2 2 2
left_child=1 -1 3 -2 6 -6 -4 -8 12 10 -10 -5 -7 -13
right_child=2 -3 4 11 5 8 7 -9 9 -11 -12 13 -14 -15
leaf_value=-0.017981532081050744 -0.0056075264124135181 0.072526305822762191 -0.067120942388211577 0.47709827077057626 -0.31547396032810215 0.0038198785652704161 -0.091380757334069446 -0.70038224725738951 0.15856985379975025 0.012065399128647424 0.70731434359979106 -0.16510232749084633 -0.29265166286748784 0.1813814960764383
leaf_weight=2046 8562 1934 1128 85 120 444 156 90 170 586 84 91 126 298
leaf_count=2046 8562 1934 1128 85 120 444 156 90 170 586 84 91 126 298
internal_value=0.000140317 0.0260347 -0.00849844 0.00376152 -0.0465871 0.0141856 -0.114066 -0.3237 0.0432573 0.115777 0.350196 0.171289 -0.0636909 0.0992608
internal_weight=15920 3980 11940 9036 2904 1530 1374 246 1410 840 254 474 570 389
internal_count=15920 3980 11940 9036 2904 1530 1374 246 1410 840 254 474 570 389
is_linear=0
shrinkage=0.05


Tree=138
num_leaves=15
num_cat=0
split_feature=13 3 4 4 6 13 14 3 9 12 14 14 3 1
split_gain=1437.2 7371.48 17549.5 14910.8 49065.5 4494.66 5686.11 3646.4 5046.76 6650.01 4695.73 3117.49 6014.02 12215.5
threshold=28.500000000000004 5.5000000000000009 1.5000000000000002 2.5000000000000004 107.50000000000001 70.500000000000014 68.500000000000014 5.5000000000000009 164.50000000000003 105.50000000000001 186.50000000000003 104.50000000000001 4.5000000000000009 7.5000000000000009
decision_type=2 2 2 2 2 2 2 2 2 2 2 2 2 2
left_child=1 11 -3 -4 -5 6 -2 10 9 -9 -7 -1 -13 -14
right_child=5 2 3 4 -6 7 -8 8 -10 -11 -12 12 13 -15
leaf_value=-0.048371317104784942 -0.034868268136825628 0.65606921527878193 -0.1346400087073184 1.3237070269798012 0.027284143029707848 0.010638845872153965 -0.41023868078666353 -0.1266799551179692 -0.46229768958161865 0.20049282111778705 -0.28215543411189703 0.078931607798457204 0.17224758537406595 -0.54943403219725906
leaf_weight=2280 292 136 496 83 429 9228 150 747 80 191 134 1448 112 114
leaf_count=2280 292 136 496 83 429 9228 150 747 80 191 134 1448 112 114
internal_value=0.000132627 0.0220083 0.133489 0.0600917 0.248216 -0.0101779 -0.16542 -0.00349092 -0.0931203 -0.0593497 0.00629965 -0.010374 0.0413686 -0.195799
internal_weight=15920 5098 1144 1008 512 10822 442 10380 1018 938 9362 3954 1674 226
internal_count=15920 5098 1144 1008 512 10822 442 10380 1018 938 9362 3954 1674 226
is_linear=0
shrinkage=0.05


Tree=139
num_leaves=15
num_cat=0
split_feature=1 14 9 9 7 1 4 3 5 14 14 7 7 3
split_gain=1408.72 3347.87 3142.59 5088.79 4987.57 2966.06 5840.13 8696.27 5759.56 5659.9 4157.39 2580.69 7806.54 13776.9
threshold=19.500000000000004 135.50000000000003 161.50000000000003 154.50000000000003 154.50000000000003 17.500000000000004 1.5000000000000002 4.5000000000000009 151.50000000000003 137.50000000000003 140.50000000000003 140.00000000000003 162.50000000000003 4.5000000000000009
decision_type=2 2 2 2 2 2 2 2 2 2 2 2 2 2
left_child=5 2 3 -2 -4 11 7 -7 9 -8 -10 -1 13 -13
right_child=1 -3 4 -5 -6 6 8 -9 10 -11 -12 12 -14 -15
leaf_value=0.012549291257081215 -0.029694396084559566 -0.32787429331451334 -0.49983631341263313 0.21336003265498826 -0.02146286048235432 0.068718449109130428 -0.011480061059241384 0.56872211560270836 0.38534564336792371 -0.40613310214925991 0.045941517899572515 -0.091021752463330649 0.01132397711551408 -0.69078865107319776
leaf_weight=8877 2092 88 81 235 150 256 357 128 117 117 353 808 2157 104
leaf_count=8877 2092 88 81 235 150 256 357 128 117 117 353 808 2157 104
internal_value=0.0001326 -0.0331451 -0.022386 -0.00474389 -0.19624 0.00677606 0.0775175 0.240554 0.0102795 -0.112117 0.133598 -0.00111718 -0.0406032 -0.16281
internal_weight=15920 2646 2558 2327 231 13274 1328 384 944 474 470 11946 3069 912
internal_count=15920 2646 2558 2327 231 13274 1328 384 944 474 470 11946 3069 912
is_linear=0
shrinkage=0.05


Tree=140
num_leaves=15
num_cat=0
split_feature=13 3 4 4 6 13 14 3 9 12 14 1 8 4
split_gain=1281.64 6733.4 16030.5 13468.5 44549.1 4106.96 5149.28 3379.08 4595.84 6077.41 4251.76 3181.26 3403.54 3583.1
threshold=28.500000000000004 5.5000000000000009 1.5000000000000002 2.5000000000000004 107.50000000000001 70.500000000000014 68.500000000000014 5.5000000000000009 164.50000000000003 105.50000000000001 186.50000000000003 11.500000000000002 95.500000000000014 1.5000000000000002
decision_type=2 2 2 2 2 2 2 2 2 2 2 2 2 2
left_child=1 -1 -3 -4 -5 6 -2 10 9 11 -7 12 13 -9
right_child=5 2 3 4 -6 7 -8 8 -10 -11 -12 -13 -14 -15
leaf_value=-0.010176985742428759 -0.033771107766012151 0.62676963426489785 -0.127903276104889 1.2607623991641133 0.025453125803048982 0.010322979982072551 -0.39099565364660754 -0.36818019892789622 -0.44181643362869238 0.19112749939418533 -0.26828639941464227 -0.33701336969571588 0.22320653543752786 -0.050498566191778074
leaf_weight=3954 292 136 496 83 429 9228 150 108 80 191 134 135 80 424
leaf_count=3954 292 136 496 83 429 9228 150 108 80 191 134 135 80 424
internal_value=0.000113845 0.0207717 0.127318 0.057171 0.235965 -0.00962271 -0.158019 -0.00323069 -0.0895122 -0.0572816 0.00619411 -0.121646 -0.071792 -0.117818
internal_weight=15920 5098 1144 1008 512 10822 442 10380 1018 938 9362 747 612 532
internal_count=15920 5098 1144 1008 512 10822 442 10380 1018 938 9362 747 612 532
is_linear=0
shrinkage=0.05


Tree=141
num_leaves=15
num_cat=0
split_feature=1 9 10 3 9 1 4 3 6 14 3 5 7 7
split_gain=1298.7 3048.47 4619.96 4808.75 3818.33 2728.08 5364.23 8052.96 5292.49 2971.88 3967.04 2587.68 2391.11 7041.38
threshold=19.500000000000004 161.50000000000003 153.50000000000003 2.5000000000000004 154.50000000000003 17.500000000000004 1.5000000000000002 4.5000000000000009 157.50000000000003 140.50000000000003 1.5000000000000002 138.00000000000003 140.00000000000003 162.50000000000003
decision_type=2 2 2 2 2 2 2 2 2 2 2 2 2 2
left_child=5 4 -3 -4 -2 12 7 -7 9 11 -11 -8 -1 -14
right_child=1 2 3 -5 -6 6 8 -9 -10 10 -12 -13 13 -15
leaf_value=0.012076746768449605 -0.035826158397550711 0.11400282612546933 -0.042296734531136124 -0.56408869287755237 0.16849497134098784 0.065250517168150099 -0.048588656727666678 0.5463807227342089 0.19729120333644529 0.016685346245253817 -0.3620986399779979 0.24329335322976112 -0.1551492546642384 0.010231597126577013
leaf_weight=8877 2138 81 80 96 251 256 311 128 265 126 147 95 912 2157
leaf_count=8877 2138 81 80 96 251 256 311 128 265 126 147 95 912 2157
internal_value=0.000113004 -0.0318388 -0.193755 -0.334631 -0.0140521 0.00649177 0.0743359 0.230589 0.0098954 -0.064149 -0.190119 0.0218378 -0.00107819 -0.0390863
internal_weight=15920 2646 257 176 2389 13274 1328 384 944 679 273 406 11946 3069
internal_count=15920 2646 257 176 2389 13274 1328 384 944 679 273 406 11946 3069
is_linear=0
shrinkage=0.05


Tree=142
num_leaves=15
num_cat=0
split_feature=3 4 6 14 13 12 7 5 6 13 7 13 5 13
split_gain=1320.72 4714.11 16837.4 19968.6 24907.6 27870.2 18644.8 12584.9 8944.98 8889.93 40096.3 7267.09 5954.31 8793.37
threshold=3.5000000000000004 1.5000000000000002 167.50000000000003 27.500000000000004 82.500000000000014 88.500000000000014 162.50000000000003 104.50000000000001 179.50000000000003 134.50000000000003 26.500000000000004 122.50000000000001 22.500000000000004 152.50000000000003
decision_type=2 2 2 2 2 2 2 2 2 2 2 2 2 2
left_child=-1 2 3 4 -2 -6 -4 -7 -8 -3 -11 -9 -5 -14
right_child=1 9 6 12 5 7 8 11 -10 10 -12 -13 13 -15
leaf_value=0.012712490845470124 1.1451407617681166 -0.017184571847062877 -0.90569526890621477 -0.2644607869886702 0.83858706639363223 -0.44415172022632049 0.12670466800530752 -0.1427395130534774 -0.39623792876762559 -0.064667104246123874 -1.2292052272126517 0.40596996050253015 -0.031805107156586555 0.30092101601381588
leaf_weight=9014 80 3956 80 179 125 112 208 98 128 572 80 144 894 250
leaf_count=9014 80 3956 80 179 125 112 208 98 128 572 80 144 894 250
internal_value=0.000109954 -0.0163367 0.0421018 0.105806 0.35492 0.212475 -0.243933 -0.01721 -0.0754004 -0.0454939 -0.215822 0.185374 -0.0003906 0.0418991
internal_weight=15920 6906 2298 1882 559 479 416 354 336 4608 652 242 1323 1144
internal_count=15920 6906 2298 1882 559 479 416 354 336 4608 652 242 1323 1144
is_linear=0
shrinkage=0.05


Tree=143
num_leaves=15
num_cat=0
split_feature=5 5 5 7 13 5 5 3 0 11 12 8 14 1
split_gain=1327.89 4109.98 3307.93 2814.62 2122.4 2057.81 4994.54 7185.18 3009.95 8311.21 5569.36 4255.28 3672.63 4016.22
threshold=181.50000000000003 183.50000000000003 179.50000000000003 184.50000000000003 193.50000000000003 166.50000000000003 164.50000000000003 2.5000000000000004 4.5000000000000009 123.50000000000001 162.50000000000003 156.50000000000003 131.50000000000003 12.500000000000002
decision_type=2 2 2 2 2 2 2 2 2 2 2 2 2 2
left_child=2 -2 3 4 5 6 -1 -8 9 -7 -11 -10 -13 -14
right_child=1 -3 -4 -5 -6 8 7 -9 11 10 -12 12 13 -15
leaf_value=-0.0017962264007460845 0.33787615787015007 0.013075186649388011 -0.24405984448018017 -0.22309784960556539 0.24076050417902681 0.49776413911996892 0.028703548358036925 -0.55166416858313694 -0.18840494316816331 -0.12133366543694064 0.22186554715299922 0.35920429725440278 0.26041257322455447 -0.13567421246310307
leaf_weight=13483 112 584 136 136 87 124 112 96 220 242 222 88 91 187
leaf_count=13483 112 584 136 136 87 124 112 96 220 242 222 88 91 187
internal_value=9.39995e-05 0.0673792 -0.00300321 -0.000750243 0.00134608 -0.000135614 -0.00559194 -0.24582 0.0632491 0.142674 0.0434841 -0.0169796 0.0872134 -0.00370969
internal_weight=15920 696 15224 15088 14952 14865 13691 208 1174 588 464 586 366 278
internal_count=15920 696 15224 15088 14952 14865 13691 208 1174 588 464 586 366 278
is_linear=0
shrinkage=0.05


Tree=144
num_leaves=15
num_cat=0
split_feature=14 6 8 8 8 9 9 5 10 14 1 13 14 7
split_gain=1325.56 3787.03 2599 6152.02 6282.91 4732.71 4665.14 3717.47 2424.37 4607.43 5687.84 5360.34 4146.71 7418.49
threshold=22.500000000000004 167.50000000000003 131.50000000000003 118.50000000000001 108.50000000000001 103.50000000000001 110.50000000000001 61.500000000000007 23.500000000000004 174.50000000000003 2.5000000000000004 82.500000000000014 98.500000000000014 23.500000000000004
decision_type=2 2 2 2 2 2 2 2 2 2 2 2 2 2
left_child=1 2 3 4 5 7 -7 -1 9 10 11 -2 -12 -14
right_child=8 -3 -4 -5 -6 6 -8 -9 -10 -11 12 -13 13 -15
leaf_value=-0.021678300132089642 0.10780419353249036 -0.26552847487781245 0.1450567539039431 -0.44160627846060135 0.36881240941945792 -0.51957245484945624 -0.039911584771023349 0.30642175476048461 -0.0015649463160171961 0.38015278307896744 0.054934368821296389 0.57084979181780537 -0.0021722948247685945 -0.44897183444991245
leaf_weight=2883 249 153 231 82 98 89 112 84 10270 101 1026 80 339 123
leaf_count=2883 249 153 231 82 98 89 112 84 10270 101 1026 80 339 123
internal_value=9.7049e-05 -0.0259559 -0.0153581 -0.026626 -0.0155479 -0.0280003 -0.259755 -0.0118894 0.00808189 0.059606 0.0407937 0.227259 -0.00105715 -0.124659
internal_weight=15920 3732 3579 3348 3266 3168 201 2967 12188 1918 1817 329 1488 462
internal_count=15920 3732 3579 3348 3266 3168 201 2967 12188 1918 1817 329 1488 462
is_linear=0
shrinkage=0.05


Tree=145
num_leaves=15
num_cat=0
split_feature=2 14 13 12 7 5 1 11 13 7 8 14 9 1
split_gain=1256.26 2885.09 2474.56 4402.15 2068.98 10016.6 4687.89 4673.23 7676.92 5194.32 4154.19 3954.03 3863.5 3173.14
threshold=1.0000000180025095e-35 161.50000000000003 22.500000000000004 93.500000000000014 88.500000000000014 78.000000000000014 1.5000000000000002 108.50000000000001 94.500000000000014 66.500000000000014 89.500000000000014 101.50000000000001 61.500000000000007 11.500000000000002
decision_type=2 2 2 2 2 2 2 2 2 2 2 2 2 2
left_child=1 -1 -3 -4 6 -6 11 -8 -9 -10 -7 -2 -12 -14
right_child=4 2 3 -5 5 10 7 8 9 -11 12 -13 13 -15
leaf_value=0.0058734668484866767 0.077811453048971038 0.3072285373477226 -0.25821070138278396 0.13501262271847256 -0.5195328899834416 -0.34641665762976598 -0.018689786311711629 0.45767994806636125 -0.31176259052217681 0.12341515962034465 -0.34081923887970744 0.39957052917076419 0.027171591027562027 -0.040990593606583255
leaf_weight=3350 373 136 81 413 96 90 3807 135 84 294 84 125 3192 3660
leaf_count=3350 373 136 81 413 96 90 3807 135 84 294 84 125 3192 3660
internal_value=9.52266e-05 0.024405 0.122123 0.0685955 -0.00801485 -0.0251267 0.0172799 0.000458726 0.14137 0.0239015 -0.0180067 0.161743 -0.0134989 -0.00924062
internal_weight=15920 3980 630 494 11940 7122 4818 4320 513 378 7026 498 6936 6852
internal_count=15920 3980 630 494 11940 7122 4818 4320 513 378 7026 498 6936 6852
is_linear=0
shrinkage=0.05


Tree=146
num_leaves=15
num_cat=0
split_feature=5 5 5 7 5 5 3 14 3 3 1 13 9 13
split_gain=1198.18 3771.2 2991.16 2493.42 1933.9 4496.08 6462.29 2750.03 9582.68 12206.4 8063.87 6755.08 5550.21 4988.11
threshold=181.50000000000003 183.50000000000003 179.50000000000003 184.50000000000003 166.50000000000003 164.50000000000003 2.5000000000000004 156.50000000000003 5.5000000000000009 4.5000000000000009 13.500000000000002 21.500000000000004 170.50000000000003 144.50000000000003
decision_type=2 2 2 2 2 2 2 2 2 2 2 2 2 2
left_child=2 -2 3 4 5 7 -7 13 9 11 -10 -9 -13 -1
right_child=1 -3 -4 -5 -6 6 -8 8 10 -11 -12 12 -14 -15
leaf_value=-0.0046374912335014843 0.32310853449580001 0.011987345614857934 -0.23208045142616893 -0.20999032170214554 0.062439622343890389 0.028342013162934884 -0.5220124817942039 0.30320486675127079 0.5884118365820008 -0.58710334681663201 -0.062389186691296727 -0.14277869809694962 0.11470972080608362 0.090488045880671636
leaf_weight=10254 112 584 136 136 1184 112 96 113 94 114 90 1051 257 1587
leaf_count=10254 112 584 136 136 1184 112 96 113 94 114 90 1051 257 1587
internal_value=8.5714e-05 0.0640003 -0.00285634 -0.000713967 0.00125912 -0.00402294 -0.231959 -0.000442369 -0.0594441 -0.100524 0.276856 -0.0595667 -0.0919424 0.0081446
internal_weight=15920 696 15224 15088 14952 13768 208 13560 1719 1535 184 1421 1308 11841
internal_count=15920 696 15224 15088 14952 13768 208 13560 1719 1535 184 1421 1308 11841
is_linear=0
shrinkage=0.05


Tree=147
num_leaves=15
num_cat=0
split_feature=7 7 9 3 1 12 7 1 7 8 8 11 13 14
split_gain=1217.6 1802.86 2438.78 2508.91 2402.56 3743.01 2577.38 1636.6 5007.09 6674.48 5074.41 9099.41 8851.47 9160.03
threshold=188.50000000000003 179.50000000000003 180.50000000000003 2.5000000000000004 12.500000000000002 166.50000000000003 183.50000000000003 11.500000000000002 116.50000000000001 119.50000000000001 113.50000000000001 111.50000000000001 134.50000000000003 167.50000000000003
decision_type=2 2 2 2 2 2 2 2 2 2 2 2 2 2
left_child=1 2 7 -4 5 -3 -6 8 9 10 12 -12 13 -1
right_child=-2 4 3 -5 6 -7 -8 -9 -10 -11 11 -13 -14 -15
leaf_value=0.0013412464009330198 0.1071838931605163 -0.3986137693047524 -0.0044809640264172204 0.20773014280748994 -0.121291474597312 0.015727514305179664 0.18213508476392698 -0.019933698721813352 0.08952631800288223 -0.39576504747255137 0.38874069506492681 -0.12877250663884038 -0.18277596919734904 0.49982138123918091
leaf_weight=4709 256 120 272 280 167 96 113 7020 1682 104 208 138 666 89
leaf_count=4709 256 120 272 280 167 96 113 7020 1682 104 208 138 666 89
internal_value=7.76872e-05 -0.00170642 0.00137551 0.104061 -0.0950268 -0.218273 0.00220985 -0.00253685 0.0135433 -0.00812433 -0.000851166 0.18344 -0.0126782 0.0110984
internal_weight=15920 15664 15168 552 496 216 280 14616 7596 5914 5810 346 5464 4798
internal_count=15920 15664 15168 552 496 216 280 14616 7596 5914 5810 346 5464 4798
is_linear=0
shrinkage=0.05


Tree=148
num_leaves=15
num_cat=0
split_feature=2 8 9 9 13 7 6 3 8 11 1 14 1 7
split_gain=1144.79 2595 2009.93 6338.27 3367.63 1965.7 4946.34 4170.15 7665.76 16788.2 6813.64 5937.71 4711.94 3764.55
threshold=1.0000000180025095e-35 110.50000000000001 107.50000000000001 110.50000000000001 112.50000000000001 144.50000000000003 157.50000000000003 4.5000000000000009 161.50000000000003 168.50000000000003 12.500000000000002 143.50000000000003 15.500000000000002 158.50000000000003
decision_type=2 2 2 2 2 2 2 2 2 2 2 2 2 2
left_child=1 2 -1 -4 -5 6 -2 13 9 12 -10 -12 -9 -7
right_child=5 -3 3 4 -6 7 -8 8 10 -11 11 -13 -14 -15
leaf_value=0.013437556231346124 -0.0015900887401468469 0.070571616374737731 -0.38393174309468442 0.1304973346477358 -0.17836900022294788 -0.11579076997045588 0.2555859939258604 -0.32511479139328003 -0.31756239249085894 -0.91982293941834004 0.47631361887374146 -0.090854662941187936 0.17350143288311207 0.024360548444092273
leaf_weight=1808 8850 1674 136 223 139 660 186 90 93 84 89 88 90 1710
leaf_count=1808 8850 1674 136 223 139 660 186 90 93 84 89 88 90 1710
internal_value=7.75795e-05 0.0232838 -0.0111224 -0.099535 0.0110852 -0.00766433 0.00384213 -0.0434126 -0.168951 -0.357872 0.0189196 0.199582 -0.0778555 -0.0148305
internal_weight=15920 3980 2306 498 362 11940 9036 2904 534 264 270 177 180 2370
internal_count=15920 3980 2306 498 362 11940 9036 2904 534 264 270 177 180 2370
is_linear=0
shrinkage=0.05


Tree=149
num_leaves=15
num_cat=0
split_feature=7 12 7 1 7 7 6 6 4 14 5 5 14 4
split_gain=1107.65 1660.67 2422.41 2619.4 3185.09 2763.44 2413.08 6840.58 5863.67 3593.14 2819.13 2565.33 6280.13 1987.65
threshold=188.50000000000003 184.50000000000003 179.50000000000003 12.500000000000002 181.50000000000003 183.50000000000003 175.50000000000003 178.50000000000003 1.5000000000000002 144.50000000000003 183.50000000000003 179.50000000000003 154.50000000000003 1.5000000000000002
decision_type=2 2 2 2 2 2 2 2 2 2 2 2 2 2
left_child=1 2 6 4 -4 -5 11 9 -9 -8 -10 13 -13 -1
right_child=-2 -3 3 5 -6 -7 7 8 10 -11 -12 12 -14 -15
leaf_value=0.027931870636279513 0.10221119105059412 0.15241034920192784 -0.026289786969621975 -0.15202152837769359 -0.43708564227929819 0.17113687105673558 0.5283822745084763 -0.3317478491072981 0.2474295312155646 0.13377079743714559 -0.069650264745945586 -0.50424332519949866 0.062525961452348414 -0.01343473667308713
leaf_weight=4058 256 168 85 149 103 111 98 112 136 142 136 81 111 10174
leaf_count=4058 256 168 85 149 103 111 98 112 136 142 136 81 111 10174
internal_value=5.50389e-05 -0.0016466 -0.00336544 -0.117286 -0.256846 -0.0134318 6.3984e-05 0.0959301 -0.0353409 0.302399 0.0904941 -0.00411511 -0.183309 -0.00163412
internal_weight=15920 15664 15496 448 188 260 15048 624 384 240 272 14424 192 14232
internal_count=15920 15664 15496 448 188 260 15048 624 384 240 272 14424 192 14232
is_linear=0
shrinkage=0.05


Tree=150
num_leaves=15
num_cat=0
split_feature=14 6 5 13 7 7 11 5 10 1 14 14 5 1
split_gain=1119.99 3425.6 2437.74 2389.09 5432.2 4287.38 7058.44 3227.91 2229.26 3963.81 5350.1 4723.23 4622.29 3769.62
threshold=22.500000000000004 167.50000000000003 153.50000000000003 171.50000000000003 22.500000000000004 109.50000000000001 118.50000000000001 89.500000000000014 23.500000000000004 2.5000000000000004 54.500000000000007 174.50000000000003 23.500000000000004 13.500000000000002
decision_type=2 2 2 2 2 2 2 2 2 2 2 2 2 2
left_child=1 2 3 5 -5 7 -7 -1 9 10 -2 13 -12 -11
right_child=8 -3 -4 4 -6 6 -8 -9 -10 11 12 -13 -14 -15
leaf_value=-0.027790131587703396 -0.07874250304969875 -0.25174934144685918 0.17453007920440744 -0.12274384192921205 0.38548598591443328 -0.47751403357970584 0.036442253042564349 0.21491979639977218 -0.0018601211136033636 -0.093040964808553839 0.60084647796317647 0.34627977519665126 0.14128485716964034 0.067848149358531465
leaf_weight=2818 105 153 159 98 104 131 130 139 10270 619 97 101 127 869
leaf_count=2818 105 153 159 98 104 131 130 139 10270 619 97 101 127 869
internal_value=5.05807e-05 -0.0238971 -0.0138189 -0.0228175 0.14191 -0.0333619 -0.225647 -0.0160375 0.00739022 0.0567975 0.213396 0.0238064 0.349065 0.000831695
internal_weight=15920 3732 3579 3420 202 3218 261 2957 12188 1918 329 1589 224 1488
internal_count=15920 3732 3579 3420 202 3218 261 2957 12188 1918 329 1589 224 1488
is_linear=0
shrinkage=0.05


Tree=151
num_leaves=15
num_cat=0
split_feature=11 10 14 13 3 8 0 9 1 7 12 3 0 5
split_gain=1099.28 2195.2 10168.4 11940.2 25101 3494.42 6823.84 7527.83 4994.89 3889.35 7025.03 3427.2 5948.26 8736.28
threshold=21.500000000000004 23.500000000000004 168.50000000000003 144.50000000000003 4.5000000000000009 22.500000000000004 4.5000000000000009 31.000000000000004 12.500000000000002 23.500000000000004 24.500000000000004 3.5000000000000004 4.5000000000000009 104.50000000000001
decision_type=2 2 2 2 2 2 2 2 2 2 2 2 2 2
left_child=-1 2 3 -2 -5 6 7 -3 -8 10 -7 -11 -13 -14
right_child=1 5 -4 4 -6 9 8 -9 -10 11 -12 12 13 -15
leaf_value=-0.04018902554196796 -0.0065413175194438643 -0.13224412652108361 0.55894455300864354 -0.035570421462782241 1.0524795948757846 -0.046497174121712878 -0.091598007134085557 -0.66374312759366605 0.29224721429439693 0.017146657241422086 0.56423689407679967 0.02308661895507727 -0.28836347236435717 -0.037640181992216692
leaf_weight=1528 2356 280 88 140 80 104 239 84 125 7431 80 1684 482 1219
leaf_count=1528 2356 280 88 140 80 104 239 84 125 7431 80 1684 482 1219
internal_value=6.24034e-05 0.00434837 0.0452757 0.0266792 0.37468 -0.00496355 -0.110669 -0.26223 0.0423909 0.00207935 0.226942 -0.00184907 -0.0435137 -0.109323
internal_weight=15920 14392 2664 2576 220 11728 728 364 364 11000 184 10816 3385 1701
internal_count=15920 14392 2664 2576 220 11728 728 364 364 11000 184 10816 3385 1701
is_linear=0
shrinkage=0.05


Tree=152
num_leaves=15
num_cat=0
split_feature=13 3 4 4 7 13 10 10 1 10 10 11 11 10
split_gain=1059.58 6097.82 13858.1 11679.6 37973.8 3888.28 4687.87 9979.83 4199.51 5965.89 4457.66 3321.29 9183.61 12779.6
threshold=28.500000000000004 5.5000000000000009 1.5000000000000002 2.5000000000000004 107.50000000000001 84.500000000000014 106.50000000000001 113.50000000000001 1.5000000000000002 101.50000000000001 114.50000000000001 22.500000000000004 23.500000000000004 22.500000000000004
decision_type=2 2 2 2 2 2 2 2 2 2 2 2 2 2
left_child=1 -1 -3 -4 -5 6 -2 -8 9 -7 -11 -10 13 -13
right_child=5 2 3 4 -6 8 7 -9 11 10 -12 12 -14 -15
leaf_value=-0.010589955082451622 0.017926667812845892 0.58463898778807188 -0.11733442738990554 1.1486795705753368 0.023185694413129978 0.44110498789140556 -0.60050276252478363 -0.076592085820933187 -0.071231219135474533 -0.16495913402532891 0.22059586049113056 0.73466843929799175 -0.002319110897461665 -0.037368071464519217
leaf_weight=3954 382 136 496 86 426 122 120 340 1650 144 146 97 7709 112
leaf_count=3954 382 136 496 86 426 122 120 340 1650 144 146 97 7709 112
internal_value=7.75838e-05 0.0188608 0.120255 0.055023 0.221514 -0.0087754 -0.111629 -0.218252 -4.62469e-05 0.155279 0.0295968 -0.0068122 0.0066483 0.329739
internal_weight=15920 5098 1144 1008 512 10822 842 460 9980 412 290 9568 7918 209
internal_count=15920 5098 1144 1008 512 10822 842 460 9980 412 290 9568 7918 209
is_linear=0
shrinkage=0.05


Tree=153
num_leaves=15
num_cat=0
split_feature=0 5 14 13 5 10 5 8 14 6 7 5 12 13
split_gain=1051.37 4253.6 5863.7 1952.72 1617.52 1595.79 3088.19 2830.4 2031.37 1544.12 7789.05 11715.2 7406.86 9020.95
threshold=1.5000000000000002 173.50000000000003 146.50000000000003 142.50000000000003 157.50000000000003 166.50000000000003 126.50000000000001 108.50000000000001 89.500000000000014 99.500000000000014 105.50000000000001 104.50000000000001 109.50000000000001 71.500000000000014
decision_type=2 2 2 2 2 2 2 2 2 2 2 2 2 2
left_child=1 2 5 -4 -5 6 7 -1 -9 12 11 -11 -2 -14
right_child=9 -3 3 4 -6 -7 -8 8 -10 10 -12 -13 13 -15
leaf_value=0.0051954385391790626 0.0035234281413275351 0.19070964586964922 -0.46646480860442607 -0.30456697566891622 -0.014595756124942861 -0.2016392095299723 0.19802786622600385 0.0095156785546113634 -0.29080803370857733 -0.64460901027337369 0.0093907662056294475 -0.081231233574039066 0.51009261907689329 0.0803787137938555
leaf_weight=1024 5187 186 83 101 89 106 161 87 153 98 7021 910 152 562
leaf_count=1024 5187 186 83 101 89 106 161 87 153 98 7021 910 152 562
internal_value=0.000106513 -0.0338421 -0.0574574 -0.268723 -0.172595 -0.0190335 -0.00479265 -0.0313051 -0.183968 0.00496671 -0.00930318 -0.138915 0.024374 0.17477
internal_weight=15920 1990 1804 273 190 1531 1425 1264 240 13930 8029 1008 5901 714
internal_count=15920 1990 1804 273 190 1531 1425 1264 240 13930 8029 1008 5901 714
is_linear=0
shrinkage=0.05


Tree=154
num_leaves=15
num_cat=0
split_feature=3 7 5 4 14 7 10 1 6 6 5 11 11 13
split_gain=1029.88 4096.12 14258.7 12554.4 21027.7 20944.8 9948.98 17071.1 19873 8418.85 8317.03 5086.69 27842.8 5547.83
threshold=3.5000000000000004 89.500000000000014 78.000000000000014 1.5000000000000002 27.500000000000004 22.500000000000004 101.50000000000001 7.5000000000000009 125.50000000000001 171.50000000000003 22.500000000000004 168.50000000000003 170.50000000000003 135.50000000000003
decision_type=2 2 2 2 2 2 2 2 2 2 2 2 2 2
left_child=-1 3 -3 4 5 -2 7 -4 -9 -10 -6 13 -13 -8
right_child=1 2 6 -5 10 -7 11 8 9 -11 -12 12 -14 -15
leaf_value=0.011214276118986365 0.12043420333862305 -0.69921329805079635 0.02639277816167352 -0.020083985628278598 -0.25042711298269954 1.0622710807734177 0.0076190966726169332 -1.0229466937952214 0.19361638771683984 -0.47550486878003229 0.20234851841443935 -0.95106859784354192 0.037045679372641145 0.23763709773101024
leaf_weight=9014 120 80 337 3512 179 114 1207 106 84 96 221 80 440 330
leaf_count=9014 120 80 337 3512 179 114 1207 106 84 96 221 80 440 330
internal_value=8.55348e-05 -0.0144378 -0.0615771 0.0169794 0.22084 0.591902 -0.0412766 -0.21547 -0.496018 -0.166455 -0.000858824 0.0118755 -0.122582 0.0576153
internal_weight=15920 6906 2760 4146 634 234 2680 623 286 180 400 2057 520 1537
internal_count=15920 6906 2760 4146 634 234 2680 623 286 180 400 2057 520 1537
is_linear=0
shrinkage=0.05


Tree=155
num_leaves=15
num_cat=0
split_feature=5 14 5 7 13 14 3 3 4 13 9 14 9 9
split_gain=1028.3 3512.92 2526.19 2068.16 1900.93 2026.46 6276.88 11620.3 5663.88 5278.93 5577.85 4654.23 2592.67 4839.52
threshold=181.50000000000003 104.50000000000001 179.50000000000003 184.50000000000003 193.50000000000003 156.50000000000003 5.5000000000000009 4.5000000000000009 2.5000000000000004 21.500000000000004 98.500000000000014 155.50000000000003 170.50000000000003 142.50000000000003
decision_type=2 2 2 2 2 2 2 2 2 2 2 2 2 2
left_child=2 -2 3 4 5 11 7 9 -8 -7 -11 -1 13 -12
right_child=1 -3 -4 -5 -6 6 8 -9 -10 10 12 -13 -14 -15
leaf_value=0.0045008692361904962 0.34726632055016643 0.015632407922989384 -0.21332402549195273 -0.19129560603793208 0.22767637464339319 0.24313581491148237 -0.022748485792960443 -0.52437801024967567 0.45740403661703954 -0.34754030746114939 0.034513846826917084 0.31112706899642945 0.069292616302846 -0.1676435513795943
leaf_weight=12471 87 609 136 136 87 146 135 128 107 154 546 120 420 638
leaf_count=12471 87 609 136 136 87 146 135 128 107 154 546 120 420 638
internal_value=5.73854e-05 0.0592679 -0.00266813 -0.000699281 0.00109771 -0.000304492 -0.0436909 -0.0724673 0.194512 -0.0407929 -0.0649956 0.00754555 -0.0368728 -0.0746658
internal_weight=15920 696 15224 15088 14952 14865 2274 2032 242 1904 1758 12591 1604 1184
internal_count=15920 696 15224 15088 14952 14865 2274 2032 242 1904 1758 12591 1604 1184
is_linear=0
shrinkage=0.05


Tree=156
num_leaves=15
num_cat=0
split_feature=7 7 3 8 11 8 1 14 6 6 12 12 7 9
split_gain=1053.55 1563.13 5451.23 10454.5 18375.9 9689.89 6300.47 5107.46 4873.96 5097.91 4409.28 6853.7 3563.05 4373.04
threshold=188.50000000000003 144.50000000000003 4.5000000000000009 161.50000000000003 168.50000000000003 152.50000000000003 12.500000000000002 116.50000000000001 138.50000000000003 129.50000000000003 123.50000000000001 165.50000000000003 158.50000000000003 164.50000000000003
decision_type=2 2 2 2 2 2 2 2 2 2 2 2 2 2
left_child=1 8 12 4 5 -4 -5 -8 9 -1 -10 -12 13 -3
right_child=-2 2 3 6 -6 -7 7 -9 10 -11 11 -13 -14 -15
leaf_value=0.0030121322725550036 0.0996881892526401 -0.021444801569697747 0.18150767195005474 -0.29654329917191163 -0.85908640048697471 -0.460601574060793 0.50023883777506206 0.0066158195721431516 0.27097948063104671 -0.22060576110321786 -0.042099100804204981 0.36045257136561815 0.033936307849793006 -0.278408695181739
leaf_weight=10848 256 664 136 87 112 96 80 137 304 256 512 128 2088 216
leaf_count=10848 256 664 136 87 112 96 80 137 304 256 512 128 2088 216
internal_value=5.83409e-05 -0.00160122 -0.0304087 -0.1612 -0.347969 -0.0883045 0.0523552 0.195765 0.00705386 -0.00224029 0.115814 0.0405813 -0.00163007 -0.0857343
internal_weight=15920 15664 3616 648 344 232 304 217 12048 11104 944 640 2968 880
internal_count=15920 15664 3616 648 344 232 304 217 12048 11104 944 640 2968 880
is_linear=0
shrinkage=0.05


Tree=157
num_leaves=15
num_cat=0
split_feature=2 14 13 12 7 6 3 13 8 10 12 8 10 1
split_gain=1024.78 2357.59 2085.37 3634.55 1895.39 4219.96 3473.64 6622.83 8342.07 3662.08 5678.13 3925.74 2998.22 4295.65
threshold=1.0000000180025095e-35 163.50000000000003 22.500000000000004 95.500000000000014 144.50000000000003 157.50000000000003 4.5000000000000009 100.50000000000001 161.50000000000003 153.50000000000003 128.50000000000003 159.50000000000003 165.50000000000003 14.500000000000002
decision_type=2 2 2 2 2 2 2 2 2 2 2 2 2 2
left_child=1 -1 -3 -4 5 -2 9 -8 -9 11 -11 -6 13 -12
right_child=4 2 3 -5 6 -7 7 8 -10 10 12 -13 -14 -15
leaf_value=0.0059429831606627476 -0.00099985452034695508 0.29404711047788773 -0.23085656299439888 0.12881537582611272 -0.02780308899634025 0.23654360202755487 -0.0067856192918895166 -0.62899381960742184 -0.018546377009756511 -0.30611089461487651 -0.37693776757605657 0.20027206699333844 0.017960619301542958 -0.013704722917457514
leaf_weight=3394 8850 122 81 383 420 186 311 123 100 198 126 336 1074 216
leaf_count=3394 8850 122 81 383 420 186 311 123 100 198 126 336 1074 216
internal_value=4.40837e-05 0.0220002 0.114164 0.064236 -0.00728077 0.00401793 -0.042384 -0.156963 -0.36166 -0.0162914 -0.0587823 0.0742135 -0.0232428 -0.151031
internal_weight=15920 3980 586 464 11940 9036 2904 534 223 2370 1614 756 1416 342
internal_count=15920 3980 586 464 11940 9036 2904 534 223 2370 1614 756 1416 342
is_linear=0
shrinkage=0.05


Tree=158
num_leaves=15
num_cat=0
split_feature=0 5 14 13 13 5 6 7 5 12 13 8 9 5
split_gain=944.458 3829.74 5267.06 1813.7 1456.21 1418.09 1372.83 6906.55 10044.2 6322.02 8119.96 10167.5 5658.95 5485.71
threshold=1.5000000000000002 173.50000000000003 146.50000000000003 142.50000000000003 149.50000000000003 157.50000000000003 99.500000000000014 105.50000000000001 104.50000000000001 109.50000000000001 71.500000000000014 22.500000000000004 64.000000000000014 81.500000000000014
decision_type=2 2 2 2 2 2 2 2 2 2 2 2 2 2
left_child=1 2 4 -4 -1 -5 9 8 -8 -2 -11 -12 -9 -14
right_child=6 -3 3 5 -6 -7 7 12 -10 10 11 -13 13 -15
leaf_value=-0.034042468256053282 0.0036725598141439 0.18092451955323444 -0.44521714165298781 -0.28588018422981482 0.1299682750813663 -0.014331882985982489 -0.59912474667563032 -0.38739212845148668 -0.077441147178477651 0.4799964051622494 -0.43310512013733393 0.15985166705548151 -0.3364515765688636 0.019483819196553731
leaf_weight=1386 5187 186 83 101 145 89 98 84 910 152 80 482 105 6832
leaf_count=1386 5187 186 83 101 145 89 98 84 910 152 80 482 105 6832
internal_value=3.0464e-05 -0.0321458 -0.0545536 -0.254783 -0.0181366 -0.16231 0.00463696 -0.00881817 -0.130867 0.0229362 0.161882 0.0723701 0.00878498 0.0138579
internal_weight=15920 1990 1804 273 1531 190 13930 8029 1008 5901 714 562 7021 6937
internal_count=15920 1990 1804 273 1531 190 13930 8029 1008 5901 714 562 7021 6937
is_linear=0
shrinkage=0.05


Tree=159
num_leaves=15
num_cat=0
split_feature=1 1 2 8 8 14 5 13 3 12 12 7 8 5
split_gain=991.394 4854.03 5948.31 5830.22 3627.76 4190.05 6975.08 5553.26 19148 4684.12 4228.84 3744.18 3510.95 10166.9
threshold=11.500000000000002 12.500000000000002 1.5000000000000002 126.50000000000001 168.50000000000003 156.50000000000003 179.50000000000003 149.50000000000003 4.5000000000000009 159.50000000000003 22.500000000000004 162.50000000000003 106.50000000000001 80.500000000000014
decision_type=2 2 2 2 2 2 2 2 2 2 2 2 2 2
left_child=12 2 -2 -4 5 6 7 -3 9 11 -7 -9 -1 -14
right_child=1 4 3 -5 -6 10 -8 8 -10 -11 -12 -13 13 -15
leaf_value=-0.011421296015322442 0.0087078881820315604 -0.0097278124809709963 -0.019442538922752134 -0.45007716514836665 0.110966869162148 -0.42067136714348863 -0.37507449834265261 -0.078528450403742525 0.63764800107792807 0.24044253062181578 -0.068875120892668548 0.26420316045051034 -0.41484501119019512 0.07816875796974343
leaf_weight=5246 332 4309 126 206 657 88 112 593 147 198 1103 87 104 2612
leaf_count=5246 332 4309 126 206 657 88 112 593 147 198 1103 87 104 2612
internal_value=3.2098e-06 -0.0124733 -0.141373 -0.289357 -0.000650294 -0.0117746 0.00682985 0.0151926 0.119494 0.0296223 -0.0965185 -0.0330705 0.0124735 0.0585629
internal_weight=15920 7958 664 332 7294 6637 5446 5334 1025 878 1191 680 7962 2716
internal_count=15920 7958 664 332 7294 6637 5446 5334 1025 878 1191 680 7962 2716
is_linear=0
shrinkage=0.05


Tree=160
num_leaves=15
num_cat=0
split_feature=1 1 13 9 7 7 10 7 5 14 8 9 3 3
split_gain=926.048 2630.61 3277.52 2556.94 3264.07 1276.65 8409.18 8719.42 5057.45 5617.52 4167.96 5473.23 4839.04 11170.3
threshold=21.500000000000004 22.500000000000004 116.50000000000001 106.50000000000001 124.50000000000001 147.50000000000003 66.500000000000014 149.50000000000003 152.50000000000003 128.50000000000003 159.50000000000003 159.50000000000003 4.5000000000000009 5.5000000000000009
decision_type=2 2 2 2 2 2 2 2 2 2 2 2 2 2
left_child=5 2 3 -2 -5 8 -7 -8 -1 -10 12 -12 -9 -14
right_child=1 -3 -4 4 -6 6 7 10 9 -11 11 -13 13 -15
leaf_value=0.0038841347716914894 -0.041201508541635436 0.030715842302987115 0.10010670457402765 -0.41020514736661601 -0.071708458107440989 -0.51334704981130719 -0.42051120328903197 -0.019141062330997105 0.45698375607771446 0.075929369755178333 0.18944846636358537 0.0015181553227453894 -0.72323417286005087 -0.0056110823298654256
leaf_weight=10296 228 657 142 163 128 80 120 1334 116 497 531 1398 80 150
leaf_count=10296 228 657 142 163 128 80 120 1334 116 497 531 1398 80 150
internal_value=-4.9339e-06 -0.040062 -0.110114 -0.168037 -0.265039 0.00362316 -0.0217681 -0.0101891 0.0122249 0.151151 0.00448823 0.0536062 -0.0560704 -0.265296
internal_weight=15920 1318 661 519 291 14602 3693 3613 10909 613 3493 1929 1564 230
internal_count=15920 1318 661 519 291 14602 3693 3613 10909 613 3493 1929 1564 230
is_linear=0
shrinkage=0.05


Tree=161
num_leaves=15
num_cat=0
split_feature=13 3 1 4 13 14 14 8 3 9 9 12 3 5
split_gain=909.337 5674.9 12361.3 8290.39 3499.11 4508.93 2904.58 4402.86 3258.72 3561.39 5506.48 3152.7 31502.7 29157.1
threshold=28.500000000000004 5.5000000000000009 11.500000000000002 2.5000000000000004 70.500000000000014 68.500000000000014 182.50000000000003 117.50000000000001 5.5000000000000009 163.50000000000003 119.50000000000001 84.500000000000014 4.5000000000000009 64.000000000000014
decision_type=2 2 2 2 2 2 2 2 2 2 2 2 2 2
left_child=1 -1 3 -3 5 -2 8 -8 11 10 -10 12 -6 -14
right_child=4 2 -4 -5 6 -7 7 -9 9 -11 -12 -13 13 -15
leaf_value=-0.011035333529268542 -0.028985136217415736 0.14984129273591662 0.018251714370753552 0.68712672411387132 -0.0030511499450100398 -0.36320408990967179 -0.45795957202027582 -0.016443257676270192 -0.096240599682826292 -0.37375910704722631 0.29380088297686741 -0.0062696134724307198 1.130316770553589 0.069688730290595524
leaf_weight=3954 292 164 852 128 2127 150 82 162 804 91 97 6761 120 136
leaf_count=3954 292 164 852 128 2127 150 82 162 804 91 97 6761 120 136
internal_value=-2.58234e-05 0.0173749 0.11519 0.392966 -0.00822713 -0.145202 -0.00232738 -0.171038 0.00181625 -0.0840239 -0.0528598 0.0111696 0.0605572 0.578987
internal_weight=15920 5098 1144 292 10822 442 10380 244 10136 992 901 9144 2383 256
internal_count=15920 5098 1144 292 10822 442 10380 244 10136 992 901 9144 2383 256
is_linear=0
shrinkage=0.05


Tree=162
num_leaves=15
num_cat=0
split_feature=1 1 2 8 8 14 5 13 3 12 12 5 1 8
split_gain=888.001 4372.23 5382.7 5123.68 3207.01 3995 4659.98 4500.42 17314.4 3899.87 3885.13 3703.73 5304.66 4079.01
threshold=11.500000000000002 12.500000000000002 1.5000000000000002 126.50000000000001 170.50000000000003 156.50000000000003 179.50000000000003 149.50000000000003 4.5000000000000009 22.500000000000004 159.50000000000003 151.50000000000003 17.500000000000004 155.50000000000003
decision_type=2 2 2 2 2 2 2 2 2 2 2 2 2 2
left_child=-1 2 -2 -4 5 6 7 11 10 -7 -9 -3 13 -13
right_child=1 4 3 -5 -6 9 -8 8 -10 -11 -12 12 -14 -15
leaf_value=0.011793157485485496 0.0086100060354575552 -0.027431420335322816 -0.021746542145505209 -0.42559675894748267 0.11596517057632244 -0.40205756420650146 -0.28972302998299709 -0.033346475473453485 0.6020405709449399 -0.065051530950573963 0.21150246292422967 -0.18826857157051566 0.2405818579888801 0.13620047105991459
leaf_weight=7962 332 3619 126 206 541 88 123 683 147 1174 207 195 334 183
leaf_count=7962 332 3619 126 206 541 88 123 683 147 1174 207 195 334 183
internal_value=-8.95812e-06 -0.011817 -0.134153 -0.274925 -0.000596055 -0.010013 0.00844606 0.0155414 0.108835 -0.0900451 0.024465 -0.00689627 0.0969445 -0.031457
internal_weight=15920 7958 664 332 7294 6753 5491 5368 1037 1262 890 4331 712 378
internal_count=15920 7958 664 332 7294 6753 5491 5368 1037 1262 890 4331 712 378
is_linear=0
shrinkage=0.05


Tree=163
num_leaves=15
num_cat=0
split_feature=12 8 14 9 12 10 7 9 9 10 6 8 13 14
split_gain=890.263 1888.63 2119.73 1744.54 4166.65 5877.77 5364.13 3834.75 3642.91 5692.34 4586.49 3494.18 7729.76 6091.19
threshold=179.50000000000003 141.50000000000003 147.50000000000003 159.50000000000003 134.50000000000003 153.50000000000003 150.50000000000003 156.50000000000003 163.50000000000003 158.50000000000003 148.50000000000003 130.50000000000003 88.500000000000014 142.50000000000003
decision_type=2 2 2 2 2 2 2 2 2 2 2 2 2 2
left_child=3 -2 -3 7 5 -5 -7 -1 10 -10 -6 12 -11 -14
right_child=1 2 -4 4 8 6 -8 -9 9 11 -12 -13 13 -15
leaf_value=0.00082987887938160447 0.17612670037213346 -0.21619537198187216 0.10418054899674352 0.1238830812723565 -0.43687913580106036 -0.61581173086867613 -0.16162286993948002 0.15571213945899764 0.30140081293655169 0.26892396880606756 -0.045715750209628252 0.031934681600532526 -0.60187639291195771 -0.10550746182256406
leaf_weight=12360 208 87 113 128 96 80 304 408 160 84 296 1312 87 197
leaf_count=12360 208 87 113 128 96 80 304 408 160 84 296 1312 87 197
internal_value=-1.04965e-05 0.0724414 -0.0370569 -0.00193887 -0.0380706 -0.165975 -0.262945 0.00583814 -0.00842513 0.0211589 -0.145807 -0.00634595 -0.141423 -0.265346
internal_weight=15920 408 200 15512 2744 512 384 12768 2232 1840 392 1680 368 284
internal_count=15920 408 200 15512 2744 512 384 12768 2232 1840 392 1680 368 284
is_linear=0
shrinkage=0.05


Tree=164
num_leaves=15
num_cat=0
split_feature=0 5 14 13 10 5 8 14 5 14 5 6 7 5
split_gain=881.363 3253.39 4818.13 1678.36 1433.29 2697.22 2395.08 1864.28 1497.87 1620.1 1275.26 1250.93 6276 9103.36
threshold=1.5000000000000002 173.50000000000003 146.50000000000003 142.50000000000003 166.50000000000003 126.50000000000001 108.50000000000001 89.500000000000014 95.500000000000014 87.500000000000014 157.50000000000003 99.500000000000014 105.50000000000001 104.50000000000001
decision_type=2 2 2 2 2 2 2 2 2 2 2 2 2 2
left_child=1 2 4 -4 5 6 8 -8 9 -1 -5 -2 13 -13
right_child=11 -3 3 10 -6 -7 7 -9 -10 -11 -12 12 -14 -15
leaf_value=-0.0019306503446094025 0.021891933731045091 0.16528431928633708 -0.42639641887085 -0.27156533913880165 -0.18998745373777443 0.18610596704375315 0.016309775420181132 -0.27101418461556298 0.094415849531759272 -0.20623799499896045 -0.014028041730535793 -0.57055377983352507 0.0083604655888871657 -0.073900624153533795
leaf_weight=594 5901 186 83 101 106 161 87 153 319 111 89 98 7021 910
leaf_count=594 5901 186 83 101 106 161 87 153 319 111 89 98 7021 910
internal_value=-2.59938e-05 -0.0311089 -0.0517587 -0.243264 -0.0169297 -0.0034374 -0.0282183 -0.168652 0.00535536 -0.035324 -0.154382 0.00442399 -0.0084199 -0.124764
internal_weight=15920 1990 1804 273 1531 1425 1264 240 1024 705 190 13930 8029 1008
internal_count=15920 1990 1804 273 1531 1425 1264 240 1024 705 190 13930 8029 1008
is_linear=0
shrinkage=0.05


Tree=165
num_leaves=15
num_cat=0
split_feature=14 10 11 11 0 9 8 9 8 5 10 1 14 14
split_gain=922.351 3121.12 4685.95 2065.59 7879.08 4026.76 7686.56 6386.31 3395.58 2973.02 1875.6 3408.31 4731.09 3689.68
threshold=22.500000000000004 166.50000000000003 155.50000000000003 113.50000000000001 4.5000000000000009 31.000000000000004 108.50000000000001 103.50000000000001 24.500000000000004 23.500000000000004 23.500000000000004 2.5000000000000004 96.500000000000014 174.50000000000003
decision_type=2 2 2 2 2 2 2 2 2 2 2 2 2 2
left_child=1 2 3 5 -5 8 7 -7 -1 -10 11 12 -2 -13
right_child=10 -3 -4 4 -6 6 -8 -9 9 -11 -12 13 -14 -15
leaf_value=-0.0073175413280106615 0.080173543277346812 -0.23999164268659179 0.2990620930734863 0.13424266665347712 -0.41061295652893232 0.17322189497984261 0.45683561525074767 -0.33755624481305785 -0.089686434110387792 -0.40271324521551533 -0.0018729339033467787 0.0010343721445696024 0.50507755870674997 0.30635714334137037
leaf_weight=2360 243 152 112 121 137 158 123 93 385 91 10270 1488 86 101
leaf_count=2360 243 152 112 121 137 158 123 93 385 91 10270 1488 86 101
internal_value=-4.87637e-05 -0.021781 -0.0121944 -0.0226625 -0.157386 -0.0116064 0.141503 -0.0189271 -0.0320113 -0.153094 0.0066119 0.051931 0.197141 0.0213414
internal_weight=15920 3732 3580 3468 258 3210 374 251 2836 476 12188 1918 329 1589
internal_count=15920 3732 3580 3468 258 3210 374 251 2836 476 12188 1918 329 1589
is_linear=0
shrinkage=0.05


Tree=166
num_leaves=15
num_cat=0
split_feature=1 14 3 8 8 8 1 7 4 3 14 14 5 14
split_gain=874.29 3093.61 2770.6 5990.35 2643.45 4272.81 2385.7 4516.19 3936.74 7612.41 2928.44 2787.27 3528.99 3333.31
threshold=19.500000000000004 135.50000000000003 4.5000000000000009 151.50000000000003 125.50000000000001 105.50000000000001 17.500000000000004 162.50000000000003 1.5000000000000002 3.5000000000000004 156.50000000000003 141.50000000000003 152.50000000000003 102.50000000000001
decision_type=2 2 2 2 2 2 2 2 2 2 2 2 2 2
left_child=6 2 -2 4 5 -4 -1 8 9 -8 -9 13 -13 -10
right_child=1 -3 3 -5 -6 -7 7 10 11 -11 -12 12 -14 -15
leaf_value=-0.0018839129478755727 0.017561583606893142 -0.30955247667527974 -0.018503776892683791 -0.46779482126235961 0.21838118479532356 -0.37780139829963444 -0.04755999968742386 0.4379325323654869 -0.035263462274894047 0.44368461369440476 0.066503051661101042 -0.36833535662320044 -0.028438599656698399 0.26158612035635048
leaf_weight=11946 1810 88 483 90 80 95 171 118 324 140 97 107 243 128
leaf_count=11946 1810 88 483 90 80 95 171 118 324 140 97 107 243 128
internal_value=-3.90063e-05 -0.0262551 -0.0159242 -0.0965313 -0.0426057 -0.0802916 0.00519475 0.0686389 0.0275909 0.1771 0.275677 -0.031124 -0.136074 0.0507424
internal_weight=15920 2646 2558 748 658 578 13274 1328 1113 311 215 802 350 452
internal_count=15920 2646 2558 748 658 578 13274 1328 1113 311 215 802 350 452
is_linear=0
shrinkage=0.05


Tree=167
num_leaves=15
num_cat=0
split_feature=7 5 1 7 3 14 5 14 3 6 6 12 12 7
split_gain=885.991 4208.74 4196.22 4396.61 11750.6 4531.72 8217.44 5391.52 6452.36 3738.77 4643.65 4182.7 5503.56 3178.16
threshold=144.50000000000003 146.00000000000003 17.500000000000004 164.50000000000003 4.5000000000000009 63.500000000000007 173.50000000000003 161.50000000000003 4.5000000000000009 138.50000000000003 129.50000000000003 123.50000000000001 165.50000000000003 154.50000000000003
decision_type=2 2 2 2 2 2 2 2 2 2 2 2 2 2
left_child=9 13 3 4 -3 6 -5 8 -7 10 -1 -11 -13 -2
right_child=1 2 -4 5 -6 7 -8 -9 -10 11 -12 12 -14 -15
leaf_value=0.0035196543709575725 -0.45439056313486514 -0.055767550996679682 0.10755376943454538 -0.15333107364025306 -0.59263760766078688 -0.04861398867984567 0.47618174472680458 0.07404024272918007 -0.44065204077710707 0.2530029408431772 -0.20990267848075006 -0.045298428335938626 0.31539813746467127 -0.071827692348272243
leaf_weight=10848 88 852 644 83 111 852 125 866 115 304 256 512 128 136
leaf_count=10848 88 852 644 83 111 852 125 866 115 304 256 512 128 136
internal_value=-4.03448e-05 -0.0208314 -0.0077682 -0.0326287 -0.120391 0.00897317 0.227279 -0.01635 -0.0972638 0.00664737 -0.001493 0.101904 0.0287266 -0.22876
internal_weight=15920 3872 3648 3004 963 2041 208 1833 967 12048 11104 944 640 224
internal_count=15920 3872 3648 3004 963 2041 208 1833 967 12048 11104 944 640 224
is_linear=0
shrinkage=0.05


Tree=168
num_leaves=15
num_cat=0
split_feature=12 0 9 12 10 7 9 9 10 6 7 8 13 9
split_gain=845.733 1602.34 1230.23 4092.8 5118.22 4614.99 3488.14 3395.73 4870.66 3930.1 3243.59 3061.96 5857.41 2955.88
threshold=184.50000000000003 4.5000000000000009 159.50000000000003 134.50000000000003 153.50000000000003 152.50000000000003 156.50000000000003 163.50000000000003 158.50000000000003 148.50000000000003 155.50000000000003 127.50000000000001 100.50000000000001 173.50000000000003
decision_type=2 2 2 2 2 2 2 2 2 2 2 2 2 2
left_child=2 -2 6 4 -4 -6 -1 9 -9 -5 -11 12 -10 -14
right_child=1 -3 3 7 5 -7 -8 8 11 10 -12 -13 13 -15
leaf_value=0.00052548638824632997 0.24703711799739564 -0.042279036619614081 0.11237261365903051 -0.40645068758490066 -0.49984403926134108 -0.12732958954977058 0.14554898517566139 0.2832732480403149 0.21012205677873952 0.15242001605778932 -0.17894589547994058 0.027724415846128864 -0.43465440928820498 -0.059965431889922351
leaf_weight=12376 92 92 128 96 120 264 424 160 80 120 176 1576 124 92
leaf_count=12376 92 92 128 96 120 264 424 160 80 120 176 1576 124 92
internal_value=-5.15566e-05 0.105087 -0.00131393 -0.0304757 -0.158195 -0.248669 0.00538435 -0.00322871 0.0228501 -0.136998 -0.044308 -0.000103564 -0.146268 -0.280032
internal_weight=15920 184 15736 2936 512 384 12800 2424 2032 392 296 1872 296 216
internal_count=15920 184 15736 2936 512 384 12800 2424 2032 392 296 1872 296 216
is_linear=0
shrinkage=0.05


Tree=169
num_leaves=15
num_cat=0
split_feature=7 10 7 5 12 8 9 3 3 14 7 0 9 5
split_gain=850.441 7680.21 6451.01 4651.65 4864 3411.33 4470.4 4361.23 9920.91 4296.99 2906.16 2895.04 2840.79 2734.84
threshold=147.50000000000003 66.500000000000014 149.50000000000003 152.50000000000003 122.50000000000001 159.50000000000003 159.50000000000003 4.5000000000000009 5.5000000000000009 147.50000000000003 156.50000000000003 6.5000000000000009 178.50000000000003 151.50000000000003
decision_type=2 2 2 2 2 2 2 2 2 2 2 2 2 2
left_child=3 -2 -3 -1 -5 7 9 13 -9 -7 -8 -12 -13 -4
right_child=1 2 5 4 -6 6 10 8 -10 -11 11 12 -14 -15
leaf_value=-0.00082633820662547273 -0.49081680641454811 -0.36295781760215762 -0.2131693099631341 0.47350261788214409 0.080071263508539214 0.3335034621924195 -0.21558056903329303 -0.68249182962319432 -0.0077231899912285204 0.047388664566344739 -0.020086089261186945 0.27319429810421586 -0.028926175394396587 0.0088873106714485329
leaf_weight=11592 80 120 152 88 528 224 136 80 152 312 954 190 128 1184
leaf_count=11592 80 120 152 88 528 224 136 80 152 312 954 190 128 1184
internal_value=-5.79342e-05 -0.020999 -0.00999006 0.00631546 0.139636 0.0025692 0.0467731 -0.0522091 -0.249892 0.168936 -0.000165402 0.0236203 0.153021 -0.0170772
internal_weight=15920 3712 3632 12208 616 3512 1944 1568 232 536 1408 1272 318 1336
internal_count=15920 3712 3632 12208 616 3512 1944 1568 232 536 1408 1272 318 1336
is_linear=0
shrinkage=0.05


Tree=170
num_leaves=15
num_cat=0
split_feature=1 14 3 8 1 13 1 7 4 3 14 14 5 14
split_gain=815.506 2884.45 2471.44 5391.96 2610.88 2974.83 2026.54 3903.5 3504.99 6843.42 2575.16 2501.22 3133.25 2943.01
threshold=19.500000000000004 135.50000000000003 4.5000000000000009 151.50000000000003 22.500000000000004 104.50000000000001 17.500000000000004 162.50000000000003 1.5000000000000002 3.5000000000000004 156.50000000000003 141.50000000000003 152.50000000000003 102.50000000000001
decision_type=2 2 2 2 2 2 2 2 2 2 2 2 2 2
left_child=6 2 -2 4 5 -4 -1 8 9 -8 -9 13 -13 -10
right_child=1 -3 3 -5 -6 -7 7 10 11 -11 -12 12 -14 -15
leaf_value=-0.001537134667077434 0.016215663343980991 -0.29893975077216983 -0.041552244738462224 -0.44377443880234896 0.11286153412580036 -0.35924184741857262 -0.046596072753891354 0.40807810477851858 -0.033351609462130491 0.41914145804684744 0.059939332605869172 -0.34837020618308867 -0.028064678005513644 0.24557598493993282
leaf_weight=11946 1810 88 379 90 192 87 171 118 324 140 97 107 243 128
leaf_count=11946 1810 88 379 90 192 87 171 118 324 140 97 107 243 128
internal_value=-6.76911e-05 -0.0253871 -0.0154115 -0.091542 -0.040381 -0.104047 0.00498706 0.0634609 0.0253006 0.166375 0.255943 -0.0300974 -0.129514 0.0474594
internal_weight=15920 2646 2558 748 658 466 13274 1328 1113 311 215 802 350 452
internal_count=15920 2646 2558 748 658 466 13274 1328 1113 311 215 802 350 452
is_linear=0
shrinkage=0.05


Tree=171
num_leaves=15
num_cat=0
split_feature=9 10 1 10 14 6 12 11 10 11 3 11 5 14
split_gain=809.997 1366.63 1587.17 1333.36 2185.43 1665.63 1122.83 1900.78 3154.36 2285.34 23161.1 4755.48 2776.75 5228.68
threshold=192.50000000000003 189.50000000000003 13.500000000000002 182.50000000000003 163.50000000000003 191.50000000000003 184.50000000000003 182.50000000000003 177.50000000000003 168.50000000000003 4.5000000000000009 169.50000000000003 179.50000000000003 145.50000000000003
decision_type=2 2 2 2 2 2 2 2 2 2 2 2 2 2
left_child=1 3 -3 5 -5 6 7 8 9 12 11 -11 -1 -14
right_child=-2 2 -4 4 -6 -7 -8 -9 -10 10 -12 -13 13 -15
leaf_value=0.0038977911501308494 -0.11307815160412507 -0.025433572148433843 0.24820555165535263 -0.311496921101313 0.041883675657798741 0.14840324183029158 0.1320748754889722 -0.18505382547353177 0.14457183017306133 0.32105272825157971 -0.79378738701343543 -0.039684985345641598 -0.48103322744369503 -0.024134150273641762
leaf_weight=13480 152 94 114 84 84 184 152 136 360 104 96 560 80 240
leaf_count=13480 152 94 114 84 84 184 152 136 360 104 96 560 80 240
internal_value=-6.96382e-05 0.00105524 0.126848 -0.000666512 -0.138703 0.000884674 -0.000948326 -0.00233468 -0.000607709 -0.00424571 -0.0883657 0.0187933 0.000417314 -0.144002
internal_weight=15920 15768 208 15560 168 15392 15208 15056 14920 14560 760 664 13800 320
internal_count=15920 15768 208 15560 168 15392 15208 15056 14920 14560 760 664 13800 320
is_linear=0
shrinkage=0.05


Tree=172
num_leaves=15
num_cat=0
split_feature=2 14 14 3 13 14 2 13 13 8 4 14 1 3
split_gain=800.227 2009.29 2011.51 2073.87 2450.81 1925.55 4443.46 4187.43 2885.59 2860.96 6229.29 6325.93 2831.13 2829.16
threshold=1.0000000180025095e-35 161.50000000000003 150.50000000000003 1.5000000000000002 164.50000000000003 156.50000000000003 1.5000000000000002 21.500000000000004 112.50000000000001 112.50000000000001 2.5000000000000004 172.50000000000003 8.5000000000000018 5.5000000000000009
decision_type=2 2 2 2 2 2 2 2 2 2 2 2 2 2
left_child=1 2 -1 -4 -5 8 -7 -8 -2 10 11 -9 -11 -10
right_child=5 -3 3 4 -6 6 7 9 13 12 -12 -13 -14 -15
leaf_value=0.016854087324920709 -0.018025290221317367 0.1008697118026417 0.025444496816890257 -0.40888999923858993 -0.045876622453187278 -0.17266681432465203 0.26170671531244327 -0.075621018966413892 0.048168383077504581 0.27343530144624334 0.10670323463855312 -0.66342114849492573 -0.017918495489981017 -0.15058948888477905
leaf_weight=3014 6245 630 152 86 98 542 128 101 3459 86 123 81 991 184
leaf_count=3014 6245 630 152 86 98 542 128 101 3459 86 123 81 991 184
internal_value=-8.08122e-05 0.0193213 0.00385782 -0.11126 -0.221875 -0.00655355 -0.0505678 -0.00631634 0.00260142 -0.0319944 -0.165845 -0.347968 0.00650258 0.0379369
internal_weight=15920 3980 3350 336 184 11940 2052 1510 9888 1382 305 182 1077 3643
internal_count=15920 3980 3350 336 184 11940 2052 1510 9888 1382 305 182 1077 3643
is_linear=0
shrinkage=0.05


Tree=173
num_leaves=15
num_cat=0
split_feature=13 3 4 4 6 13 1 4 4 0 10 10 11 11
split_gain=833.744 5588.61 12312.3 10442 32052.4 2947.92 3740.46 5385.84 6232.4 4294.74 3148.41 8618.07 2738.46 8109.06
threshold=27.500000000000004 5.5000000000000009 1.5000000000000002 2.5000000000000004 107.50000000000001 84.500000000000014 1.5000000000000002 2.5000000000000004 1.5000000000000002 4.5000000000000009 106.50000000000001 113.50000000000001 22.500000000000004 23.500000000000004
decision_type=2 2 2 2 2 2 2 2 2 2 2 2 2 2
left_child=1 -1 -3 -4 -5 10 7 8 -7 -10 -2 -12 -8 -14
right_child=5 2 3 4 -6 6 12 -9 9 -11 11 -13 13 -15
leaf_value=-0.011383009002707507 0.0075877469359743712 0.56316134299944953 -0.11011299896403454 1.0805167360908605 0.029136329221329766 -0.024602208062832323 -0.064899262601045088 -0.090527123688089281 0.19392212960211672 0.72118697215529048 -0.51652299582577532 -0.049388246145355967 0.30941849907622981 -0.0026085165429650644
leaf_weight=3922 414 130 488 83 413 102 1650 150 80 80 132 358 209 7709
leaf_count=3922 414 130 488 83 413 102 1650 150 80 80 132 358 209 7709
internal_value=-8.8072e-05 0.0167238 0.115286 0.053568 0.214101 -0.00787097 -1.94977e-05 0.146571 0.281468 0.47142 -0.094073 -0.179175 -0.00640497 0.00581768
internal_weight=15920 5036 1114 984 496 10884 9980 412 262 160 904 490 9568 7918
internal_count=15920 5036 1114 984 496 10884 9980 412 262 160 904 490 9568 7918
is_linear=0
shrinkage=0.05


Tree=174
num_leaves=15
num_cat=0
split_feature=7 10 7 5 11 8 10 14 3 3 12 9 7 1
split_gain=809.97 7163.34 5828.76 4086.8 4568.35 3038.73 4102.4 4459.99 3853.17 8833.58 2636.24 2948.06 2485.95 2527.98
threshold=147.50000000000003 66.500000000000014 149.50000000000003 152.50000000000003 118.50000000000001 159.50000000000003 155.50000000000003 138.50000000000003 4.5000000000000009 5.5000000000000009 165.50000000000003 161.50000000000003 156.50000000000003 12.500000000000002
decision_type=2 2 2 2 2 2 2 2 2 2 2 2 2 2
left_child=3 -2 -3 -1 -5 8 7 -7 -4 -10 11 -6 -8 -14
right_child=1 2 5 4 10 6 12 -9 9 -11 -12 -13 13 -15
leaf_value=-0.00052608485284573881 -0.4742220887366464 -0.34536878464221954 -0.016592818434995382 0.43918307769840753 0.10476039219896122 0.36514942832291131 -0.20038875956484614 0.058984581584095634 -0.64363532491904851 -0.0069290121798522208 0.25552127536564589 -0.18054972455856649 -0.059354869419411233 0.082315361783165356
leaf_weight=11592 80 120 1336 96 248 174 136 362 80 152 136 136 552 720
leaf_count=11592 80 120 1336 96 248 174 136 362 80 152 136 136 552 720
internal_value=-5.17238e-05 -0.0204884 -0.00985611 0.00616817 0.131132 0.00208258 0.0438031 0.16083 -0.0496172 -0.23543 0.0706197 0.00269118 -0.00115841 0.0208441
internal_weight=15920 3712 3632 12208 616 3512 1944 536 1568 232 520 384 1408 1272
internal_count=15920 3712 3632 12208 616 3512 1944 536 1568 232 520 384 1408 1272
is_linear=0
shrinkage=0.05


Tree=175
num_leaves=15
num_cat=0
split_feature=1 14 3 3 9 13 11 10 5 4 7 1 1 7
split_gain=785.9 2629.88 2169.19 4451.92 4091.76 3606.66 2329.93 3175.03 2889.04 4941.78 2625.29 2122.41 1812.76 3464.92
threshold=19.500000000000004 135.50000000000003 2.5000000000000004 1.5000000000000002 161.50000000000003 98.500000000000014 146.50000000000003 129.50000000000003 118.50000000000001 1.5000000000000002 122.50000000000001 21.500000000000004 17.500000000000004 162.50000000000003
decision_type=2 2 2 2 2 2 2 2 2 2 2 2 2 2
left_child=12 2 3 -2 6 -5 7 8 9 -4 -9 -7 -1 -14
right_child=1 -3 4 5 -6 11 -8 10 -10 -11 -12 -13 13 -15
leaf_value=-0.0012672996409933968 -0.029004157731237143 -0.28611931462261464 0.33251941652485617 -0.027203752114395949 -0.32051497366787363 0.47549448870477229 0.1319266999034768 -0.43175071283864486 -0.27013191942509257 -0.029750710381304387 -0.085433050094087137 0.15014649270788621 0.024252018136970286 0.2415544916960326
leaf_weight=11946 754 88 103 121 127 100 189 85 93 729 148 109 1113 215
leaf_count=11946 754 88 103 121 127 100 189 85 93 729 148 109 1113 215
internal_value=-5.88965e-05 -0.0249144 -0.0153879 0.0382018 -0.0547944 0.189898 -0.0286486 -0.055311 -0.013331 0.0168161 -0.218188 0.313288 0.00490325 0.0602069
internal_weight=15920 2646 2558 1084 1474 330 1347 1158 925 832 233 209 13274 1328
internal_count=15920 2646 2558 1084 1474 330 1347 1158 925 832 233 209 13274 1328
is_linear=0
shrinkage=0.05


Tree=176
num_leaves=15
num_cat=0
split_feature=12 8 14 9 12 10 7 14 13 3 5 9 0 14
split_gain=781.918 1569.62 1615.85 1492.73 3063.67 4457.42 3782.1 3485.34 8758.75 4758.4 12911 2713.7 2757.33 4468.03
threshold=179.50000000000003 141.50000000000003 147.50000000000003 159.50000000000003 134.50000000000003 153.50000000000003 150.50000000000003 27.500000000000004 79.500000000000014 4.5000000000000009 163.50000000000003 151.50000000000003 4.5000000000000009 140.50000000000003
decision_type=2 2 2 2 2 2 2 2 2 2 2 2 2 2
left_child=3 -2 -3 11 5 -5 -7 8 -6 -9 -11 -1 13 -13
right_child=1 2 -4 4 7 6 -8 9 -10 10 -12 12 -14 -15
leaf_value=-0.00071118323139084496 0.16235891208927117 -0.18842774850478317 0.091286571928442029 0.10746361588625085 0.50511712699855138 -0.52589206962901003 -0.14413944281061997 -0.0024280607779617993 -0.072013567716238056 -0.6783906202837825 0.041274541964721398 0.35243797980221264 0.0010582496863102077 0.022864198085045685
leaf_weight=11952 208 87 113 128 104 80 304 1706 163 95 164 197 408 211
leaf_count=11952 208 87 113 128 104 80 304 1706 163 95 164 197 408 211
internal_value=-5.79186e-05 0.0678424 -0.0320173 -0.00186513 -0.0352877 -0.144966 -0.229409 -0.00986079 0.157939 -0.0330041 -0.230544 0.00532879 0.0932621 0.184337
internal_weight=15920 408 200 15512 2744 512 384 2232 267 1965 259 12768 816 408
internal_count=15920 408 200 15512 2744 512 384 2232 267 1965 259 12768 816 408
is_linear=0
shrinkage=0.05


Tree=177
num_leaves=15
num_cat=0
split_feature=14 6 8 8 8 9 13 5 6 10 1 14 6 14
split_gain=795.279 3284.46 2323.17 5721.62 5400.1 3933.42 4495.27 2994.65 1955.32 1783.81 3018.65 4460.51 4282.31 3159.15
threshold=22.500000000000004 167.50000000000003 131.50000000000003 118.50000000000001 108.50000000000001 103.50000000000001 107.50000000000001 61.500000000000007 153.50000000000003 23.500000000000004 2.5000000000000004 54.500000000000007 22.500000000000004 174.50000000000003
decision_type=2 2 2 2 2 2 2 2 2 2 2 2 2 2
left_child=1 2 3 4 5 7 -7 -1 -4 10 11 -2 -13 -12
right_child=9 -3 8 -5 -6 6 -8 -9 -10 -11 13 12 -14 -15
leaf_value=-0.016019012598797549 -0.079477834403514858 -0.24334373584465135 0.32800263867459517 -0.42122739327364961 0.34596429143137147 0.023067903290597762 -0.44510462998816397 0.27845444069819503 0.029259346174745779 -0.0021497825474666383 0.002731473307728478 0.51728352572458491 0.080002335244748868 0.28525868150985467
leaf_weight=2883 105 153 83 82 98 93 108 84 148 10270 1488 115 109 101
leaf_count=2883 105 153 83 82 98 93 108 84 148 10270 1488 115 109 101
internal_value=-6.01739e-05 -0.0202399 -0.0103762 -0.0210346 -0.0103584 -0.0219088 -0.233185 -0.00722761 0.141275 0.00612468 0.050321 0.186981 0.310892 0.0215279
internal_weight=15920 3732 3579 3348 3266 3168 201 2967 231 12188 1918 329 224 1589
internal_count=15920 3732 3579 3348 3266 3168 201 2967 231 12188 1918 329 224 1589
is_linear=0
shrinkage=0.05


Tree=178
num_leaves=15
num_cat=0
split_feature=9 8 14 5 10 7 3 13 7 0 5 14 6 10
split_gain=768.397 1177.76 2011.7 1387.65 1254.59 1385.24 4470.49 10762.6 5102.92 4015.94 3830.96 4436.18 2638.02 4401.53
threshold=192.50000000000003 175.50000000000003 128.50000000000003 181.50000000000003 190.50000000000003 147.50000000000003 4.5000000000000009 158.50000000000003 164.50000000000003 4.5000000000000009 152.50000000000003 128.50000000000003 173.50000000000003 153.50000000000003
decision_type=2 2 2 2 2 2 2 2 2 2 2 2 2 2
left_child=1 4 -3 -4 5 10 12 8 -8 -10 -1 -12 13 -7
right_child=-2 2 3 -5 -6 6 7 -9 9 -11 11 -13 -14 -15
leaf_value=-0.0015184780603964888 -0.11011474168292917 -0.08279654249134992 0.21699502511078764 0.015652140571850621 0.18166121614005379 0.067164210601141403 -0.27007607159325159 -0.57999029269457358 0.31288970344526285 -0.09103772016385428 0.39371857704564689 0.058572006456004792 0.070161118705406395 -0.098520819917247232
leaf_weight=11544 152 139 216 141 88 616 142 116 113 125 119 497 784 1128
leaf_count=11544 152 139 216 141 88 616 142 116 113 125 119 497 784 1128
internal_value=-4.64478e-05 0.00104916 0.0764839 0.138788 -0.00142502 -0.00254556 -0.0328002 -0.169249 -0.0379613 0.103235 0.00498868 0.125965 -0.00574733 -0.0399743
internal_weight=15920 15768 496 357 15272 15184 3024 496 380 238 12160 616 2528 1744
internal_count=15920 15768 496 357 15272 15184 3024 496 380 238 12160 616 2528 1744
is_linear=0
shrinkage=0.05


Tree=179
num_leaves=15
num_cat=0
split_feature=14 7 13 5 1 9 12 13 3 7 8 1 6 14
split_gain=752.561 6736.74 16008.1 11931.3 3322.85 2869.55 5293.82 3837.96 9790.96 4814.36 3899.76 3094.28 2661.15 2416.68
threshold=149.50000000000003 23.500000000000004 137.50000000000003 103.50000000000001 18.500000000000004 171.50000000000003 134.50000000000003 167.50000000000003 4.5000000000000009 98.500000000000014 159.50000000000003 12.500000000000002 176.50000000000003 153.50000000000003
decision_type=2 2 2 2 2 2 2 2 2 2 2 2 2 2
left_child=5 2 -2 -3 13 7 -7 10 9 -9 -1 -12 -8 -5
right_child=1 3 -4 4 -6 6 12 8 -10 -11 11 -13 -14 -15
leaf_value=-0.0012681895756066367 0.77768159536109582 -0.4634475945487701 -0.058902779416564632 -0.14572992865195053 -0.24223117720169626 -0.39224775080859176 0.063004703566008166 -0.061258402600548593 0.58733747828006744 0.28312163587916517 -0.071925090742297471 0.21523303634217036 -0.15454110328123405 0.0083478216443396477
leaf_weight=10658 82 153 165 276 152 117 329 334 95 140 123 364 238 2694
leaf_count=10658 82 153 165 276 152 117 329 334 95 140 123 364 238 2694
internal_value=-4.28264e-05 -0.0204223 0.228749 -0.0395349 -0.0180523 0.00575244 -0.0934168 0.0115805 0.137665 0.0423508 0.00508447 0.142713 -0.0288635 -0.00619137
internal_weight=15920 3522 247 3275 3122 12398 684 11714 569 474 11145 487 567 2970
internal_count=15920 3522 247 3275 3122 12398 684 11714 569 474 11145 487 567 2970
is_linear=0
shrinkage=0.05


Tree=180
num_leaves=15
num_cat=0
split_feature=6 5 7 5 9 11 14 9 12 8 3 6 9 1
split_gain=746.453 10665.4 4274.5 6994.19 4519.66 5185.01 5962.28 3905.3 3774.34 8019.58 7438.54 4969.1 4394.63 4667.56
threshold=99.500000000000014 80.500000000000014 105.50000000000001 104.50000000000001 64.000000000000014 78.500000000000014 99.500000000000014 98.500000000000014 109.50000000000001 22.500000000000004 4.5000000000000009 95.500000000000014 107.50000000000001 6.5000000000000009
decision_type=2 2 2 2 2 2 2 2 2 2 2 2 2 2
left_child=8 -2 3 -3 -4 6 -6 -7 12 -10 11 -11 -1 -14
right_child=1 2 4 -5 5 7 -8 -9 9 10 -12 -13 13 -15
leaf_value=0.0078985344231140096 -0.54204392215257058 -0.46030762634025174 -0.32313088318794081 -0.052145896601272328 0.5457602408159985 -0.25710287398612458 0.086418391781577897 0.0085781905030684388 -0.30569403591648781 0.016548481369451692 0.54582469835877423 0.33912412386479573 -0.053382030753058619 -0.50638206701068322
leaf_weight=5672 88 112 96 1040 84 136 356 7264 96 456 107 157 176 80
leaf_count=5672 88 112 96 1040 84 136 356 7264 96 456 107 157 176 80
internal_value=-3.52975e-05 -0.00931507 -0.00386139 -0.093646 0.00922262 0.0134956 0.179258 0.0035251 0.0125885 0.113062 0.17062 0.101241 -0.00132558 -0.201933
internal_weight=15920 9176 9088 1152 7936 7840 440 7400 6744 816 720 613 5928 256
internal_count=15920 9176 9088 1152 7936 7840 440 7400 6744 816 720 613 5928 256
is_linear=0
shrinkage=0.05


Tree=181
num_leaves=15
num_cat=0
split_feature=1 1 13 5 7 4 3 7 7 7 11 11 5 13
split_gain=733.643 2226.21 2880.48 2218.97 3050.62 1149.14 1702.73 1062.51 5067.17 5740.02 4928.6 4294.08 4249.64 4368.07
threshold=21.500000000000004 22.500000000000004 116.50000000000001 26.500000000000004 124.50000000000001 1.5000000000000002 3.5000000000000004 132.50000000000003 116.50000000000001 115.50000000000001 81.500000000000014 89.500000000000014 142.50000000000003 131.50000000000003
decision_type=2 2 2 2 2 2 2 2 2 2 2 2 2 2
left_child=7 2 3 -2 -5 6 -3 8 9 -1 -10 -12 13 -13
right_child=1 5 -4 4 -6 -7 -8 -9 10 -11 11 12 -14 -15
leaf_value=0.0030923546720802377 -0.017007226107363618 -0.019185116151255548 0.096864761043416001 -0.35273596021100223 -0.041761286329368458 -0.013339400161652172 0.27397235209989079 -0.017782773102213951 -0.22934998235866133 -0.36361144276473811 0.4769858822752448 0.0903349675881642 0.28369294985639776 -0.27831920762856804
leaf_weight=8959 189 96 142 199 131 465 96 4271 97 103 80 753 254 85
leaf_count=8959 189 96 142 199 131 465 96 4271 97 103 80 753 254 85
internal_value=-4.84467e-05 -0.0357022 -0.100147 -0.15446 -0.231754 0.0294018 0.130627 0.00318083 0.0118519 -0.00127387 0.105221 0.133768 0.106565 0.0515127
internal_weight=15920 1318 661 519 330 657 192 14602 10331 9062 1269 1172 1092 838
internal_count=15920 1318 661 519 330 657 192 14602 10331 9062 1269 1172 1092 838
is_linear=0
shrinkage=0.05


Tree=182
num_leaves=15
num_cat=0
split_feature=14 7 13 5 1 9 12 13 3 7 8 1 6 3
split_gain=732.363 6105.42 14556.4 10742.7 2984.79 2616.76 4783.28 3409.75 8842.76 4310.34 3547.74 2798.72 2515.19 2367.7
threshold=149.50000000000003 23.500000000000004 137.50000000000003 103.50000000000001 18.500000000000004 171.50000000000003 138.50000000000003 167.50000000000003 4.5000000000000009 98.500000000000014 159.50000000000003 12.500000000000002 176.50000000000003 1.5000000000000002
decision_type=2 2 2 2 2 2 2 2 2 2 2 2 2 2
left_child=5 2 -2 -3 -5 7 -7 10 9 -9 -1 -12 -8 -14
right_child=1 3 -4 4 -6 6 12 8 -10 -11 11 -13 13 -15
leaf_value=-0.00094773103600321598 0.74051427146655391 -0.44059145499132812 -0.057210496167296211 -0.0067171745368263874 -0.23043038757268791 -0.34202037879398894 0.068833139590187678 -0.058524564481381561 0.55741859313845632 0.26732716673663981 -0.067767914629075679 0.20534890505931969 0.051714895008712694 -0.27764261957743896
leaf_weight=10658 82 153 165 2970 152 142 321 334 95 140 123 364 88 133
leaf_count=10658 82 153 165 2970 152 142 321 334 95 140 123 364 88 133
internal_value=-4.77223e-05 -0.0201519 0.217059 -0.0383459 -0.0179601 0.00566925 -0.0890313 0.0112346 0.130077 0.0395044 0.00511155 0.136381 -0.0202296 -0.148253
internal_weight=15920 3522 247 3275 3122 12398 684 11714 569 474 11145 487 542 221
internal_count=15920 3522 247 3275 3122 12398 684 11714 569 474 11145 487 542 221
is_linear=0
shrinkage=0.05


Tree=183
num_leaves=15
num_cat=0
split_feature=14 5 4 8 8 8 9 13 6 4 4 6 9 12
split_gain=740.039 2972.46 13422.5 2788.75 5321.84 4776.88 3682.1 4246.27 2756.73 1576.34 1554.93 4282.02 11903.9 5748.6
threshold=22.500000000000004 164.50000000000003 1.5000000000000002 131.50000000000003 118.50000000000001 108.50000000000001 103.50000000000001 107.50000000000001 27.500000000000004 1.5000000000000002 1.5000000000000002 23.500000000000004 22.500000000000004 23.500000000000004
decision_type=2 2 2 2 2 2 2 2 2 2 2 2 2 2
left_child=1 3 -3 4 5 6 8 -8 -1 -5 11 12 -2 -13
right_child=10 2 -4 9 -6 -7 7 -9 -10 -11 -12 13 -14 -15
leaf_value=-0.019013159521286894 0.033673092428716821 -0.62767895866806311 0.21120462745117644 0.28870483638750294 -0.40619853162902531 0.32518800451483543 0.023764711724860329 -0.43119168726282314 0.17979171210399239 0.0094528696539395666 -0.0044666082443994091 -0.34177980250469203 0.59970937778822098 0.026040170774303456
leaf_weight=2786 392 91 91 113 82 98 93 108 181 89 9106 106 117 2467
leaf_count=2786 392 91 91 113 82 98 93 108 181 89 9106 106 117 2467
internal_value=-3.89107e-05 -0.0195052 -0.213805 -0.0092572 -0.0202401 -0.00994369 -0.0208069 -0.225222 -0.00660312 0.168868 0.00592727 0.0365943 0.168352 0.0102536
internal_weight=15920 3732 182 3550 3348 3266 3168 201 2967 202 12188 3082 509 2573
internal_count=15920 3732 182 3550 3348 3266 3168 201 2967 202 12188 3082 509 2573
is_linear=0
shrinkage=0.05


Tree=184
num_leaves=15
num_cat=0
split_feature=2 14 2 13 8 4 14 1 14 13 14 13 2 7
split_gain=719.848 1867.06 3952.17 3738.8 2809.17 5319.41 5835.98 2689.71 2659.78 2070.47 2895.09 6473 4446.9 3555.54
threshold=1.0000000180025095e-35 156.50000000000003 1.5000000000000002 21.500000000000004 112.50000000000001 2.5000000000000004 172.50000000000003 13.500000000000002 155.50000000000003 112.50000000000001 141.50000000000003 142.50000000000003 2.5000000000000004 22.500000000000004
decision_type=2 2 2 2 2 2 2 2 2 2 2 2 2 2
left_child=-1 8 -3 -4 5 6 -5 -6 9 -2 13 -12 -13 -11
right_child=1 2 3 4 7 -7 -8 -9 -10 10 11 12 -14 -15
leaf_value=0.018362815619286831 -0.017197127574456635 -0.16467083611643074 0.24548766134600891 -0.071382675896275713 0.07628723341709942 0.087535000545904046 -0.63588077490066386 -0.082035027911956146 0.25559273007714634 -0.047387474011074765 -0.44910080781108458 0.11758894912353522 -0.19199180638467944 0.080755024395681482
leaf_weight=3980 6231 542 128 101 600 123 81 477 98 706 90 306 180 2277
leaf_count=3980 6231 542 128 101 600 123 81 477 98 706 90 306 180 2277
internal_value=-3.90498e-05 -0.00617812 -0.0495187 -0.00777893 -0.0320367 -0.16467 -0.3329 0.00611173 0.00283659 0.000177263 0.0305773 -0.0716229 0.00214191 0.0503984
internal_weight=15920 11940 2052 1510 1382 305 182 1077 9888 9790 3559 576 486 2983
internal_count=15920 11940 2052 1510 1382 305 182 1077 9888 9790 3559 576 486 2983
is_linear=0
shrinkage=0.05


Tree=185
num_leaves=15
num_cat=0
split_feature=7 5 11 8 5 9 8 14 7 9 10 9 6 10
split_gain=740.789 9715.75 4112.14 8401.4 8760.43 4130.31 3886.38 3740.81 4919.12 3184.82 3075.74 5713.01 3442.61 6344.12
threshold=88.500000000000014 78.000000000000014 108.50000000000001 22.500000000000004 62.500000000000007 107.50000000000001 89.500000000000014 156.50000000000003 82.500000000000014 61.500000000000007 96.500000000000014 98.500000000000014 174.50000000000003 94.500000000000014
decision_type=2 2 2 2 2 2 2 2 2 2 2 2 2 2
left_child=2 -2 5 -4 -5 -1 -3 8 -6 -8 12 -12 13 -11
right_child=1 6 3 4 7 -7 9 -9 -10 10 11 -13 -14 -15
leaf_value=0.0039882873384179882 -0.43326607104951054 -0.27982407210171223 -0.29776349304192656 0.65141418856732991 0.084233366099319293 -0.27803455075543176 -0.25836412681537307 -0.13770089331865312 0.43719117505143779 0.077087465424914764 -0.31226020433233692 0.00018456733057157577 -0.12945814300703523 0.50341444229799337
leaf_weight=5432 128 120 104 80 436 128 112 120 124 664 144 8088 144 96
leaf_count=5432 128 120 104 80 436 128 112 120 124 664 144 8088 144 96
internal_value=-4.93114e-05 -0.00891874 0.0130583 0.114207 0.17216 -0.0027483 -0.00289262 0.111434 0.165566 0.000850042 0.00416738 -0.00546717 0.091449 0.133878
internal_weight=15920 9496 6424 864 760 5560 9368 680 560 9248 9136 8232 904 760
internal_count=15920 9496 6424 864 760 5560 9368 680 560 9248 9136 8232 904 760
is_linear=0
shrinkage=0.05


Tree=186
num_leaves=15
num_cat=0
split_feature=13 3 4 4 7 13 1 10 10 10 10 12 14 8
split_gain=750.765 5090.51 11520.7 9187.01 27936.4 2549.26 3474.65 5035.09 3763.91 2813.1 7562.27 2458.87 2343.48 3826.81
threshold=27.500000000000004 5.5000000000000009 1.5000000000000002 2.5000000000000004 107.50000000000001 84.500000000000014 1.5000000000000002 101.50000000000001 114.50000000000001 106.50000000000001 113.50000000000001 83.500000000000014 182.50000000000003 117.50000000000001
decision_type=2 2 2 2 2 2 2 2 2 2 2 2 2 2
left_child=1 -1 -3 -4 -5 9 7 -7 -9 11 -11 -2 -8 -14
right_child=5 2 3 4 -6 6 12 8 -10 10 -12 -13 13 -15
leaf_value=-0.010924273533923284 -0.072133525492267453 0.54320126160979265 -0.1032546804828709 0.99338532849982553 0.024648441620934082 0.4037286997325425 -0.002247131762099488 -0.1530341937043001 0.20124327208945492 -0.48405266456360369 -0.046462979044806285 0.18846000622076389 -0.42516525788553833 -0.013602665240714651
leaf_weight=3922 288 130 488 86 410 122 9324 144 146 132 358 126 82 162
leaf_count=3922 288 130 488 86 410 122 9324 144 146 132 358 126 82 162
internal_value=-5.26412e-05 0.0159006 0.109969 0.0502756 0.200853 -0.0074381 -0.000136738 0.141149 0.025714 -0.0875997 -0.168043 0.00848004 -0.00629108 -0.157675
internal_weight=15920 5036 1114 984 496 10884 9980 412 290 904 490 414 9568 244
internal_count=15920 5036 1114 984 496 10884 9980 412 290 904 490 414 9568 244
is_linear=0
shrinkage=0.05


Tree=187
num_leaves=15
num_cat=0
split_feature=9 8 14 6 2 7 7 9 8 3 5 12 13 10
split_gain=722.954 1210.88 1633.25 1404.4 1193.49 1110.99 3918.71 3996.79 10985.6 17917.1 3479.23 4091.88 2803.27 2457.24
threshold=192.50000000000003 175.50000000000003 128.50000000000003 171.50000000000003 1.5000000000000002 147.50000000000003 149.50000000000003 122.50000000000001 152.50000000000003 2.5000000000000004 152.50000000000003 122.50000000000001 152.50000000000003 153.50000000000003
decision_type=2 2 2 2 2 2 2 2 2 2 2 2 2 2
left_child=1 5 -3 -4 -5 10 -7 8 -8 -10 -1 -12 -13 -9
right_child=-2 2 3 4 -6 6 7 13 9 -11 11 12 -14 -15
leaf_value=-0.00088380648775300075 -0.10679758577577912 -0.066194546220099765 0.30055620121829052 -0.033210620144127199 0.17493312650802711 -0.30252857077121736 0.13883611033571527 0.084501204258714713 0.068801389546955347 -0.96972805835744913 0.42674364080672628 0.16918169194864016 -0.060511394079636655 -0.025301515345137179
leaf_weight=11576 152 139 89 132 136 120 136 680 80 80 88 290 238 1984
leaf_count=11576 152 139 89 132 136 120 136 680 80 80 88 290 238 1984
internal_value=-3.3623e-05 0.00102909 0.0775169 0.133613 0.0736839 -0.00147962 -0.0282854 -0.016676 -0.189378 -0.464114 0.00530099 0.120598 0.0660494 0.002832
internal_weight=15920 15768 496 357 268 15272 3080 2960 296 160 12192 616 528 2664
internal_count=15920 15768 496 357 268 15272 3080 2960 296 160 12192 616 528 2664
is_linear=0
shrinkage=0.05


Tree=188
num_leaves=15
num_cat=0
split_feature=1 14 5 5 9 11 10 8 6 1 7 4 3 14
split_gain=738.56 2400.42 2140.56 2599.03 1654.29 1790.81 1789.38 3226.33 1804.92 1644.25 3164.16 3022.58 6131.37 2096.85
threshold=19.500000000000004 135.50000000000003 160.50000000000003 153.50000000000003 160.50000000000003 153.50000000000003 129.50000000000003 118.50000000000001 134.50000000000003 17.500000000000004 162.50000000000003 1.5000000000000002 4.5000000000000009 140.50000000000003
decision_type=2 2 2 2 2 2 2 2 2 2 2 2 2 2
left_child=9 2 3 4 5 6 -2 -8 -9 -1 11 12 -11 -13
right_child=1 -3 -4 -5 -6 -7 7 8 -10 10 -12 13 -14 -15
leaf_value=-0.0011015389332089741 0.0059179631985159867 -0.27368080467786843 -0.24542543175294229 0.22617468898710996 -0.17145028656325589 0.11504016697102099 -0.33763476671618331 0.033204045896971977 -0.20006973198654815 -0.0045002482166872342 0.23074374878059395 0.044633495469736578 0.45974676992951169 -0.11691006399192364
leaf_weight=11946 1433 88 92 110 157 264 109 281 112 208 215 441 103 361
leaf_count=11946 1433 88 92 110 157 264 109 281 112 208 215 441 103 361
internal_value=-3.51071e-05 -0.0241304 -0.0150283 -0.00595354 -0.0172475 -0.00587401 -0.0226248 -0.103357 -0.0349543 0.00477526 0.0574457 0.0230873 0.154095 -0.0283551
internal_weight=15920 2646 2558 2466 2356 2199 1935 502 393 13274 1328 1113 311 802
internal_count=15920 2646 2558 2466 2356 2199 1935 502 393 13274 1328 1113 311 802
is_linear=0
shrinkage=0.05


Tree=189
num_leaves=15
num_cat=0
split_feature=3 11 12 1 4 14 3 12 7 11 8 5 11 5
split_gain=712.671 3214.57 18905.7 7904.63 6564.88 22804 23006.7 11843.7 5125.49 5039.19 3495.56 11728.3 3856.56 3467.59
threshold=3.5000000000000004 72.500000000000014 89.500000000000014 7.5000000000000009 1.5000000000000002 63.500000000000007 5.5000000000000009 22.500000000000004 21.500000000000004 84.000000000000014 22.500000000000004 29.500000000000004 95.500000000000014 65.500000000000014
decision_type=2 2 2 2 2 2 2 2 2 2 2 2 2 2
left_child=-1 4 3 -3 5 6 -2 8 -7 -4 -11 -12 -13 -14
right_child=1 2 9 -5 -6 7 -8 -9 -10 10 11 12 13 -15
leaf_value=0.0092205565602682098 1.2282245254516602 -0.18877225978963677 -0.38201990435200356 -0.88038404181517738 -0.0071837011942686478 -0.0872226964094137 0.12853019566371524 0.2514121837963994 -0.63432554160847388 -0.25810861172280591 0.5561978912922324 0.27590376393134713 -0.27637260593754009 -0.013931744755206383
leaf_weight=9014 80 82 88 86 3336 90 111 144 80 128 88 104 128 2361
leaf_count=9014 80 82 88 86 3336 90 111 144 80 128 88 104 128 2361
internal_value=-3.70456e-05 -0.0121184 -0.0502653 -0.558024 0.0183475 0.185422 0.608717 -0.0775656 -0.35545 -0.0199092 -0.0079064 0.00449734 -0.0152604 -0.0279551
internal_weight=15920 6906 3065 168 3841 505 191 314 170 2897 2809 2681 2593 2489
internal_count=15920 6906 3065 168 3841 505 191 314 170 2897 2809 2681 2593 2489
is_linear=0
shrinkage=0.05


Tree=190
num_leaves=15
num_cat=0
split_feature=14 6 7 5 1 10 12 10 1 13 13 14 1 3
split_gain=733.918 2716.26 12175.1 3338.88 1899.38 7502.13 2284.21 1569.64 2741.3 4374.47 2702.7 12470.1 6608.92 6644.54
threshold=22.500000000000004 162.50000000000003 168.50000000000003 153.50000000000003 2.5000000000000004 104.50000000000001 25.500000000000004 23.500000000000004 2.5000000000000004 82.500000000000014 27.500000000000004 153.50000000000003 13.500000000000002 4.5000000000000009
decision_type=2 2 2 2 2 2 2 2 2 2 2 2 2 2
left_child=1 3 -3 4 5 6 -1 8 9 -2 11 -10 -12 -14
right_child=7 2 -4 -5 -6 -7 -8 -9 10 -11 12 -13 13 -15
leaf_value=-0.09175891805336707 0.070332832987911584 -0.63176991795445536 0.12573020326247972 0.26102161045010025 -0.0039653554418962135 -0.50537509520460544 0.19438701510537887 -0.0018600355691808007 0.011089743039317351 0.48765300845398624 -0.169312763725223 0.64826130755664257 -0.018387378358734947 0.39428755970143564
leaf_weight=211 249 86 124 106 3016 91 98 10270 561 80 458 84 357 129
leaf_count=211 249 86 124 106 3016 91 98 10270 561 80 458 84 357 129
internal_value=-3.95702e-05 -0.0194252 -0.191962 -0.00888007 -0.0176245 -0.119294 0.000643109 0.00590189 0.0473602 0.17759 0.0199238 0.0984185 -0.0339447 0.0940495
internal_weight=15920 3732 210 3522 3416 400 309 12188 1918 329 1589 645 944 486
internal_count=15920 3732 210 3522 3416 400 309 12188 1918 329 1589 645 944 486
is_linear=0
shrinkage=0.05


Tree=191
num_leaves=15
num_cat=0
split_feature=14 7 13 5 14 14 9 12 13 3 7 6 7 7
split_gain=705.204 5175.91 12064.9 9221.04 2774.37 2401.22 2379.01 4125.17 3016.24 7691.45 3679.26 3440.57 2679 2225.07
threshold=149.50000000000003 23.500000000000004 137.50000000000003 103.50000000000001 159.50000000000003 158.50000000000003 171.50000000000003 134.50000000000003 167.50000000000003 4.5000000000000009 98.500000000000014 176.50000000000003 177.50000000000003 161.50000000000003
decision_type=2 2 2 2 2 2 2 2 2 2 2 2 2 2
left_child=6 2 -2 -3 5 -5 8 -8 11 10 -10 13 -13 -1
right_child=1 3 -4 4 -6 -7 7 -9 9 -11 -12 12 -14 -15
leaf_value=0.0049533764706096595 0.67521197823272361 -0.40917472567739371 -0.051066409655267146 -0.063216910595966 0.011113523616883015 -0.32270312708820786 -0.34851140687394833 -0.027706310278703489 -0.052409733659629011 0.52122315152361987 0.24865468464791776 0.37285750349983576 -0.00064288941578248917 -0.14198427663156482
leaf_weight=10695 82 153 165 747 2278 97 117 567 334 95 140 107 84 259
leaf_count=10695 82 153 165 747 2278 97 117 567 334 95 140 107 84 259
internal_value=-2.54989e-05 -0.0197534 0.198659 -0.0365037 -0.0176152 -0.0947642 0.00558446 -0.0847118 0.0108909 0.122666 0.0381796 0.00513185 0.21277 0.00141594
internal_weight=15920 3522 247 3275 3122 844 12398 684 11714 569 474 11145 191 10954
internal_count=15920 3522 247 3275 3122 844 12398 684 11714 569 474 11145 191 10954
is_linear=0
shrinkage=0.05


Tree=192
num_leaves=15
num_cat=0
split_feature=3 8 0 9 13 4 14 11 9 5 14 8 7 14
split_gain=727 2872.13 8082.7 11157.9 20595.2 6576.42 15883.9 16202.7 6551.59 6248.58 5731.29 3945.73 5456.33 5272.75
threshold=3.5000000000000004 79.500000000000014 4.5000000000000009 111.50000000000001 130.50000000000003 1.5000000000000002 27.500000000000004 23.500000000000004 94.500000000000014 22.500000000000004 46.000000000000007 161.50000000000003 125.50000000000001 110.50000000000001
decision_type=2 2 2 2 2 2 2 2 2 2 2 2 2 2
left_child=-1 5 -3 4 8 6 7 -2 -4 -8 -10 12 -5 -14
right_child=1 2 3 11 -6 -7 9 -9 10 -11 -12 -13 13 -15
leaf_value=0.00933251791485523 1.0096741574875852 0.033407622708379485 0.13350969190182893 0.041023168361286069 -0.9428740039112633 -0.0090446341629419995 -0.22878666475678433 0.10057901805097408 -0.5771340644687688 0.2163999365642667 -0.13920268366373209 0.14712553729593988 -0.43195576026968391 -0.015574360021377263
leaf_weight=9014 89 1508 133 386 98 3368 179 105 104 133 253 248 161 141
leaf_count=9014 89 1508 133 386 98 3368 179 105 104 133 253 248 161 141
internal_value=-1.76838e-05 -0.0122199 -0.0486281 -0.129646 -0.299348 0.0163011 0.183443 0.532528 -0.162419 -0.0385917 -0.272989 -0.0220146 -0.0836053 -0.240972
internal_weight=15920 6906 3032 1524 588 3874 506 194 490 312 357 936 688 302
internal_count=15920 6906 3032 1524 588 3874 506 194 490 312 357 936 688 302
is_linear=0
shrinkage=0.05


Tree=193
num_leaves=15
num_cat=0
split_feature=0 5 14 13 10 5 8 14 5 14 13 6 12 13
split_gain=697.568 2913.63 4036.42 1650.76 1145.75 2086.04 2100.21 1644.22 1341.79 1452.84 1130.13 1013.25 5065.68 6311.31
threshold=1.5000000000000002 173.50000000000003 146.50000000000003 142.50000000000003 166.50000000000003 126.50000000000001 108.50000000000001 93.500000000000014 95.500000000000014 87.500000000000014 164.50000000000003 99.500000000000014 109.50000000000001 100.50000000000001
decision_type=2 2 2 2 2 2 2 2 2 2 2 2 2 2
left_child=1 2 4 -4 5 6 8 -8 9 -1 -5 12 -2 -14
right_child=11 -3 3 10 -6 -7 7 -9 -10 -11 -12 -13 13 -15
leaf_value=-0.00053928305471909915 0.0024101744740428737 0.1581651527780786 -0.40355821969834244 -0.0085697452281126556 -0.17007508255071468 0.16340858753411525 -0.0090501401706465662 -0.27064385321261225 0.090644736558466263 -0.1940017958846072 -0.25004257456052542 -0.007627617785971594 0.39956196524300591 0.057525051515515117
leaf_weight=594 5187 186 83 93 106 161 107 133 319 111 97 8029 176 538
leaf_count=594 5187 186 83 93 106 161 107 133 319 111 97 8029 176 538
internal_value=-2.7059e-05 -0.0276797 -0.0472253 -0.222508 -0.0153472 -0.00328321 -0.0250755 -0.156581 0.00635729 -0.032151 -0.135098 0.00393184 0.019653 0.144029
internal_weight=15920 1990 1804 273 1531 1425 1264 240 1024 705 190 13930 5901 714
internal_count=15920 1990 1804 273 1531 1425 1264 240 1024 705 190 13930 5901 714
is_linear=0
shrinkage=0.05


Tree=194
num_leaves=15
num_cat=0
split_feature=14 6 1 10 8 7 9 8 12 6 0 10 1 14
split_gain=695.059 2672.38 1958.22 6731.59 2590.59 3322.38 2254.87 2131.73 2058.26 1832.19 1589.33 1411.77 2482.1 4085.24
threshold=22.500000000000004 167.50000000000003 2.5000000000000004 104.50000000000001 106.50000000000001 122.50000000000001 103.50000000000001 140.50000000000003 25.500000000000004 27.500000000000004 4.5000000000000009 23.500000000000004 2.5000000000000004 54.500000000000007
decision_type=2 2 2 2 2 2 2 2 2 2 2 2 2 2
left_child=1 2 3 8 6 -6 9 -7 -1 -4 -9 12 13 -2
right_child=11 -3 4 -5 5 7 -8 10 -10 -11 -12 -13 -14 -15
leaf_value=-0.087631687558152607 -0.08566157309846445 -0.22014369480783427 -0.014072469761409585 -0.47926339022815229 0.31386075474632286 -0.18463704815962248 -0.2097390271513723 -0.031606556788086895 0.18399349549079982 0.16473435399392131 0.25691116542476128 -0.0016119536793507295 0.01896050519399331 0.28761861830071334
leaf_weight=211 105 153 2489 91 139 85 135 95 98 147 89 10270 1589 224
leaf_count=211 105 153 2489 91 139 85 135 95 98 147 89 10270 1589 224
internal_value=-3.26509e-05 -0.0188981 -0.00999983 -0.113547 0.00318688 0.120018 -0.0142005 0.015955 7.28838e-05 -0.00380807 0.111053 0.00574937 0.0450676 0.168988
internal_weight=15920 3732 3579 400 3179 408 2771 269 309 2636 184 12188 1918 329
internal_count=15920 3732 3579 400 3179 408 2771 269 309 2636 184 12188 1918 329
is_linear=0
shrinkage=0.05


Tree=195
num_leaves=15
num_cat=0
split_feature=12 8 14 9 9 5 13 12 5 10 8 13 14 8
split_gain=688.137 1352.29 1236.8 1189.2 2348.75 4182.06 2744.94 2680.2 4192.5 3871.09 2558.68 5805.57 5142.16 2438.04
threshold=179.50000000000003 141.50000000000003 147.50000000000003 159.50000000000003 163.50000000000003 156.50000000000003 139.50000000000003 134.50000000000003 164.50000000000003 158.50000000000003 130.50000000000003 88.500000000000014 142.50000000000003 133.50000000000003
decision_type=2 2 2 2 2 2 2 2 2 2 2 2 2 2
left_child=3 -2 -3 -1 5 6 -5 8 -6 -9 11 -11 -13 -12
right_child=1 2 -4 4 7 -7 -8 9 -10 10 13 12 -14 -15
leaf_value=0.0046932199145686311 0.15139287553570221 -0.16585953135205353 0.078868149244621155 -0.517417933851823 -0.037130454672998095 -0.018421087467244694 -0.13866924888234797 0.24714516964825717 -0.44024476943647167 0.2333920325288612 0.23620495285242799 -0.5386741886320322 -0.083182316552847635 0.0040783191199741994
leaf_weight=12768 208 87 113 82 272 352 118 160 80 84 120 87 197 1192
leaf_count=12768 208 87 113 82 272 352 118 160 80 84 120 87 197 1192
internal_value=-3.24047e-05 0.063666 -0.0290372 -0.00172779 -0.0315593 -0.123246 -0.302789 -0.00824241 -0.13363 0.0160419 -0.00663596 -0.122222 -0.229622 0.0261256
internal_weight=15920 408 200 15512 2744 552 200 2192 352 1840 1680 368 284 1312
internal_count=15920 408 200 15512 2744 552 200 2192 352 1840 1680 368 284 1312
is_linear=0
shrinkage=0.05


Tree=196
num_leaves=15
num_cat=0
split_feature=3 4 11 11 14 13 12 12 11 13 7 11 7 13
split_gain=684.407 2729.63 10444.8 30106.8 8278.84 20880.2 13716.5 7987.78 6338.72 6240.68 30457.1 4132.17 3580.66 3538.17
threshold=3.5000000000000004 1.5000000000000002 168.50000000000003 172.50000000000003 27.500000000000004 64.500000000000014 88.500000000000014 22.500000000000004 109.50000000000001 134.50000000000003 26.500000000000004 133.50000000000003 21.500000000000004 157.50000000000003
decision_type=2 2 2 2 2 2 2 2 2 2 2 2 2 2
left_child=-1 2 4 -4 5 -2 -7 12 -8 -3 -11 -10 -6 -9
right_child=1 9 3 -5 7 6 8 13 11 10 -12 -13 -14 -15
leaf_value=0.0090259461252834381 0.95796331419664282 -0.010359307689799313 -1.0386991921242545 0.050780229844712456 -0.075941300360167302 0.5185738690856363 -0.38174950285681658 0.0095080737334383401 0.32781334505872989 -0.045143975927276564 -1.059960870806347 -0.072278164191392519 -0.52818160308211037 0.21601861730056882
leaf_weight=9014 80 3956 80 248 90 142 100 944 97 572 80 172 84 261
leaf_count=9014 80 3956 80 248 90 142 100 944 97 572 80 172 84 261
internal_value=-4.62288e-05 -0.0118856 0.0325822 -0.226553 0.0761918 0.231908 0.110059 0.00885949 -0.0519785 -0.0340728 -0.17678 0.0753421 -0.302919 0.0549455
internal_weight=15920 6906 2298 328 1970 591 511 1379 369 4608 652 269 174 1205
internal_count=15920 6906 2298 328 1970 591 511 1379 369 4608 652 269 174 1205
is_linear=0
shrinkage=0.05


Tree=197
num_leaves=15
num_cat=0
split_feature=1 1 13 5 7 14 14 8 2 14 7 13 8 3
split_gain=684.683 1948.36 2580.12 2048.95 2703.78 1101.88 986.365 2177.06 2165.7 912.255 4847.35 10881.9 8357.75 12228.8
threshold=21.500000000000004 22.500000000000004 116.50000000000001 26.500000000000004 124.50000000000001 103.50000000000001 99.500000000000014 25.500000000000004 2.5000000000000004 149.50000000000003 23.500000000000004 137.50000000000003 106.50000000000001 3.5000000000000004
decision_type=2 2 2 2 2 2 2 2 2 2 2 2 2 2
left_child=9 2 3 -2 5 -5 7 -3 -8 -1 11 -11 13 -12
right_child=1 6 -4 4 -6 -7 8 -9 -10 10 12 -13 -14 -15
leaf_value=0.010104219693762316 -0.014175633109683537 0.0018730051923347146 0.091665212287675268 -0.44108619469528398 -0.041505159312595533 -0.18871573287013332 0.041004242232577925 0.30403022729773183 -0.23257033141427919 0.64484639009674904 -0.07193074390669614 -0.044989630538312834 -0.0038377747585919709 -0.6589694959502066
leaf_weight=11080 189 185 142 109 131 90 299 83 90 82 317 165 2839 119
leaf_count=11080 189 185 142 109 131 90 299 83 90 82 317 165 2839 119
internal_value=-6.15412e-05 -0.034505 -0.0947925 -0.146196 -0.220467 -0.334372 0.0264073 0.099306 -0.0244388 0.00305813 -0.0190913 0.192275 -0.0353014 -0.237809
internal_weight=15920 1318 661 519 330 199 657 268 389 14602 3522 247 3275 436
internal_count=15920 1318 661 519 330 199 657 268 389 14602 3522 247 3275 436
is_linear=0
shrinkage=0.05


Tree=198
num_leaves=15
num_cat=0
split_feature=9 8 1 0 1 10 7 3 13 7 0 5 11 6
split_gain=679.218 1175.15 1551.33 1514.92 3407.28 960.743 1153.8 3778.01 10180.5 4657.58 3369.87 3157.19 3566.33 2352.91
threshold=192.50000000000003 175.50000000000003 12.500000000000002 4.5000000000000009 15.500000000000002 190.50000000000003 147.50000000000003 4.5000000000000009 158.50000000000003 164.50000000000003 4.5000000000000009 152.50000000000003 118.50000000000001 165.50000000000003
decision_type=2 2 2 2 2 2 2 2 2 2 2 2 2 2
left_child=1 5 -3 -4 -5 6 11 13 9 -9 -11 -1 -13 -8
right_child=-2 2 3 4 -6 -7 7 8 -10 10 -12 12 -14 -15
leaf_value=-0.0015208264418280135 -0.10355211326371949 -0.050766165482275416 0.25646286866496376 0.25746078480345508 -0.15396063567473081 0.15870786763487324 -0.063142436206396466 -0.24981181056929286 -0.55499343339446161 0.29874065096600583 -0.071535180615117919 0.38637365663958956 0.060763682734398618 0.034793848157761063
leaf_weight=11544 152 160 144 91 101 88 1032 142 116 113 125 96 520 1496
leaf_count=11544 152 160 144 91 101 88 1032 142 116 113 125 96 520 1496
internal_value=-6.79499e-05 0.000962124 0.0763133 0.136684 0.0426214 -0.00150929 -0.00248978 -0.0301016 -0.155538 -0.0279754 0.106798 0.00438641 0.11421 -0.00523219
internal_weight=15920 15768 496 336 192 15272 15184 3024 496 380 238 12160 616 2528
internal_count=15920 15768 496 336 192 15272 15184 3024 496 380 238 12160 616 2528
is_linear=0
shrinkage=0.05


Tree=199
num_leaves=15
num_cat=0
split_feature=2 1 1 8 1 14 8 13 14 5 10 11 12 13
split_gain=667.802 1624.16 3514.06 2253.72 2344.59 4064.15 2142.25 2817.32 2674.16 3129.42 2094.36 1875.01 1836.09 1796.51
threshold=2.5000000000000004 11.500000000000002 12.500000000000002 106.50000000000001 1.5000000000000002 101.50000000000001 158.50000000000003 152.50000000000003 141.50000000000003 152.50000000000003 99.500000000000014 105.50000000000001 169.50000000000003 159.50000000000003
decision_type=2 2 2 2 2 2 2 2 2 2 2 2 2 2
left_child=-1 3 -3 4 5 -2 8 -8 9 13 -5 -12 -10 -4
right_child=1 2 6 10 -6 -7 7 -9 12 -11 11 -13 -14 -15
leaf_value=-0.0059743174257252682 -0.0049978899803184177 -0.23100835976983305 -0.024942072128792334 0.35115447252226828 -0.020334902618207574 0.42757298255036047 0.25192076806637015 -0.034950391760815873 -0.18917546073023025 0.30704908991994506 -0.093196505588344025 0.13015476425653361 0.05499077857959838 0.20796984979616748
leaf_weight=11940 147 166 913 83 1075 81 179 158 304 83 112 493 100 86
leaf_count=11940 147 166 913 83 1075 81 179 158 304 83 112 493 100 86
internal_value=-6.13499e-05 0.0176628 -0.014282 0.0495314 0.0107415 0.154556 0.00603068 0.118879 -0.0198742 0.021204 0.122388 0.0883821 -0.128805 -0.00395574
internal_weight=15920 3980 1989 1991 1303 228 1823 337 1486 1082 688 605 404 999
internal_count=15920 3980 1989 1991 1303 228 1823 337 1486 1082 688 605 404 999
is_linear=0
shrinkage=0.05


Tree=200
num_leaves=15
num_cat=0
split_feature=2 8 5 6 14 2 13 13 3 6 6 3 13 14
split_gain=671.396 1815.45 2183.9 2359.14 1753.62 3310.97 3115.29 2384.55 2438.64 2868.8 2341.37 2619.93 5105.89 3304.19
threshold=1.0000000180025095e-35 108.50000000000001 98.500000000000014 107.50000000000001 156.50000000000003 1.5000000000000002 21.500000000000004 112.50000000000001 5.5000000000000009 179.50000000000003 165.50000000000003 5.5000000000000009 137.50000000000003 167.50000000000003
decision_type=2 2 2 2 2 2 2 2 2 2 2 2 2 2
left_child=1 -1 -3 -4 7 -6 -7 -2 9 -9 11 12 -8 -14
right_child=4 2 3 -5 5 6 10 8 -10 -11 -12 -13 13 -15
leaf_value=-0.011910022053149555 -0.015983737055459992 -0.16103766909843192 0.29326162396988892 0.054022942578204142 -0.15337210943827906 0.22143830474382056 -0.40893506220886561 0.053084452108585582 -0.14014111962588258 -0.19199716530499922 0.042864975191727411 0.15244879019632937 0.10692982014491043 -0.14398942628875375
leaf_weight=2248 6245 104 106 1522 542 128 122 3340 184 119 594 95 196 375
leaf_count=2248 6245 104 106 1522 542 128 122 3340 184 119 594 95 196 375
internal_value=-4.06021e-05 0.0177312 0.0561266 0.0704501 -0.00596947 -0.0479728 -0.00975944 0.00276709 0.0348885 0.0443879 -0.0318939 -0.0881626 -0.122003 -0.057679
internal_weight=15920 3980 1732 1628 11940 2052 1510 9888 3643 3459 1382 788 693 571
internal_count=15920 3980 1732 1628 11940 2052 1510 9888 3643 3459 1382 788 693 571
is_linear=0
shrinkage=0.05


Tree=201
num_leaves=15
num_cat=0
split_feature=9 8 1 0 1 7 11 7 5 5 14 6 8 3
split_gain=656.568 1019.23 1358.04 1367.84 3123.66 901.52 3420.38 3228.69 2824.74 3356.38 4227.13 2139.73 2001.92 3968.69
threshold=192.50000000000003 175.50000000000003 12.500000000000002 4.5000000000000009 15.500000000000002 147.50000000000003 76.500000000000014 149.50000000000003 152.50000000000003 161.50000000000003 123.50000000000001 158.50000000000003 159.50000000000003 4.5000000000000009
decision_type=2 2 2 2 2 2 2 2 2 2 2 2 2 2
left_child=1 5 -3 -4 -5 8 -7 -8 -1 10 -10 -11 13 -9
right_child=-2 2 3 4 -6 6 7 12 9 11 -12 -13 -14 -15
leaf_value=-0.00079699113865243105 -0.10178741256833955 -0.047750053570013162 0.24143070889536866 0.24407021598187081 -0.14983183682527182 -0.29066283464049686 -0.26371559094265107 -0.010687206431225831 0.5003708572011818 -0.19554621620008197 0.10636469883912691 0.10712874865430033 0.040439100678882373 -0.24352154130347842
leaf_weight=11576 152 160 144 91 101 112 120 1304 84 112 308 112 1336 208
leaf_count=11576 152 160 144 91 101 112 120 1304 84 112 308 112 1336 208
internal_value=-4.33338e-05 0.000969412 0.0711437 0.12763 0.0383176 -0.00133223 -0.025479 -0.0150001 0.00477579 0.108664 0.196033 -0.045174 -0.00407669 -0.0434144
internal_weight=15920 15768 496 336 192 15272 3080 2968 12192 616 392 224 2848 1512
internal_count=15920 15768 496 336 192 15272 3080 2968 12192 616 392 224 2848 1512
is_linear=0
shrinkage=0.05


Tree=202
num_leaves=15
num_cat=0
split_feature=14 6 8 8 8 9 13 5 6 10 9 12 14 8
split_gain=643.068 2300.65 1822.76 5313.84 4056.72 2836.43 3941.39 2582.6 1467.32 1353.7 2321.07 2368.96 4245.77 5096.27
threshold=22.500000000000004 167.50000000000003 131.50000000000003 118.50000000000001 108.50000000000001 103.50000000000001 107.50000000000001 61.500000000000007 153.50000000000003 23.500000000000004 24.500000000000004 22.500000000000004 95.500000000000014 21.500000000000004
decision_type=2 2 2 2 2 2 2 2 2 2 2 2 2 2
left_child=1 2 3 4 5 7 -7 -1 -4 10 11 12 -2 -14
right_child=9 -3 8 -5 -6 6 -8 -9 -10 -11 -12 -13 13 -15
leaf_value=-0.014791338356546195 0.055672018633041748 -0.20491443311772015 0.28616825210311536 -0.40503850591251223 0.29975399061024771 0.040499705152243992 -0.39700419737965659 0.25867341519071813 0.027291475124413673 -0.001688880811882185 0.2551582858813774 0.10483116029029878 0.086024859809125498 -0.28310321214055995
leaf_weight=2883 751 153 83 82 98 93 108 84 148 10270 117 658 146 246
leaf_count=2883 751 153 83 82 98 93 108 84 148 10270 117 658 146 246
internal_value=-4.21795e-05 -0.0181883 -0.00993115 -0.0193712 -0.00908386 -0.0190948 -0.198507 -0.006627 0.1244 0.0055194 0.0440204 0.0296356 -0.0139208 -0.14627
internal_weight=15920 3732 3579 3348 3266 3168 201 2967 231 12188 1918 1801 1143 392
internal_count=15920 3732 3579 3348 3266 3168 201 2967 231 12188 1918 1801 1143 392
is_linear=0
shrinkage=0.05


Tree=203
num_leaves=15
num_cat=0
split_feature=1 14 3 13 5 3 12 1 7 11 11 14 6 13
split_gain=623.351 2252.85 1836.97 3914.36 2170.86 2384.64 1747.4 1392.9 3056.86 2577.45 4539.62 2200.81 3702.97 2385.2
threshold=19.500000000000004 135.50000000000003 4.5000000000000009 110.50000000000001 120.50000000000001 5.5000000000000009 165.50000000000003 17.500000000000004 162.50000000000003 162.50000000000003 152.50000000000003 156.50000000000003 137.50000000000003 150.50000000000003
decision_type=2 2 2 2 2 2 2 2 2 2 2 2 2 2
left_child=7 2 6 4 5 -4 -2 -1 9 10 11 12 13 -9
right_child=1 -3 3 -5 -6 -7 -8 8 -10 -11 -12 -13 -14 -15
leaf_value=-0.0010280891491995763 0.0028912429166183876 -0.26392897574972085 -0.07371480179904194 -0.30477293345444151 -0.22110119156606564 0.14530846101462616 0.23255419317504455 -0.049994369431415484 0.22318479954773052 0.15670027487850624 -0.25855431222102859 -0.17981781858700113 0.29896160378394759 0.24084630716418803
leaf_weight=11946 1728 88 276 148 106 218 82 386 215 256 160 99 131 81
leaf_count=11946 1728 88 276 148 106 218 82 386 215 256 160 99 131 81
internal_value=-3.83823e-05 -0.0221747 -0.0133593 -0.0789941 -0.0212435 0.0234267 0.0139078 0.0043809 0.0528587 0.0191056 -0.0226668 0.0329383 0.0693595 0.00246819
internal_weight=15920 2646 2558 748 600 494 1810 13274 1328 1113 857 697 598 467
internal_count=15920 2646 2558 748 600 494 1810 13274 1328 1113 857 697 598 467
is_linear=0
shrinkage=0.05


Tree=204
num_leaves=15
num_cat=0
split_feature=2 8 5 6 9 9 13 14 14 2 13 14 8 4
split_gain=613.257 1640.24 1983.69 2140.68 1617.21 4157.61 2296.42 1716.6 1549.51 2969.07 2829.79 2239.49 2121.67 3952.98
threshold=1.0000000180025095e-35 108.50000000000001 98.500000000000014 107.50000000000001 107.50000000000001 110.50000000000001 112.50000000000001 87.500000000000014 156.50000000000003 1.5000000000000002 21.500000000000004 155.50000000000003 112.50000000000001 2.5000000000000004
decision_type=2 2 2 2 2 2 2 2 2 2 2 2 2 2
left_child=1 4 -3 -4 -1 -6 7 -7 11 -10 -11 -2 13 -12
right_child=8 2 3 -5 5 6 -8 -9 9 10 12 -13 -14 -15
leaf_value=0.010465110667463619 6.8657916673109574e-05 -0.15352681448099464 0.27933914586230441 0.051446384980880611 -0.33297909787422375 0.26715330314505231 -0.15769690591575847 -0.021556308071632856 -0.14499588988694131 0.21134662008319138 -0.29036670800916015 0.23443677345091857 0.003065484586040973 0.072155465054675003
leaf_weight=1784 9790 104 106 1522 126 86 135 117 542 128 182 98 1077 123
leaf_count=1784 9790 104 106 1522 126 86 135 117 542 128 182 98 1077 123
internal_value=-3.72868e-05 0.0169476 0.0534432 0.0670945 -0.0112271 -0.0938523 -0.00115594 0.104236 -0.00570364 -0.0451869 -0.00900114 0.00250879 -0.0300979 -0.145363
internal_weight=15920 3980 1732 1628 2248 464 338 203 11940 2052 1510 9888 1382 305
internal_count=15920 3980 1732 1628 2248 464 338 203 11940 2052 1510 9888 1382 305
is_linear=0
shrinkage=0.05


Tree=205
num_leaves=15
num_cat=0
split_feature=1 8 5 12 13 13 9 10 3 9 9 14 1 2
split_gain=618.999 2795.23 7558.68 6362.65 6075.26 5933.59 4580.38 6902.23 4427.14 13793.8 4127.44 3695.19 2708.83 3969.8
threshold=11.500000000000002 106.50000000000001 80.500000000000014 83.500000000000014 130.50000000000003 134.50000000000003 102.50000000000001 97.500000000000014 3.5000000000000004 97.500000000000014 121.50000000000001 166.50000000000003 12.500000000000002 1.5000000000000002
decision_type=2 2 2 2 2 2 2 2 2 2 2 2 2 2
left_child=1 5 -3 4 -4 10 -5 -8 -7 -10 11 -1 13 -2
right_child=12 2 3 6 -6 8 7 -9 9 -11 -12 -13 -14 -15
leaf_value=-0.0058804705889192056 0.016289037371880598 -0.35725085246419419 0.10221389355628115 -0.27262886742796372 0.64504321458215796 -0.0054992825447293912 0.50149887589847342 0.042162525893819261 -0.087261660213167558 -0.79852669096511342 0.3109645480274098 0.29999456912611089 -0.0010609887608955127 -0.22708572894901327
leaf_weight=4406 332 104 128 104 84 283 80 2216 269 87 105 96 7294 332
leaf_count=4406 332 104 128 104 84 283 80 2216 269 87 105 96 7294 332
internal_value=-3.49771e-05 0.00981871 0.0509433 0.0678476 0.327204 -0.0115009 0.0443051 0.0592222 -0.153661 -0.269734 0.00836227 0.000967538 -0.00989359 -0.106186
internal_weight=15920 7962 2716 2612 212 5246 2400 2296 639 356 4607 4502 7958 664
internal_count=15920 7962 2716 2612 212 5246 2400 2296 639 356 4607 4502 7958 664
is_linear=0
shrinkage=0.05


Tree=206
num_leaves=15
num_cat=0
split_feature=7 5 11 8 5 8 9 9 14 7 10 9 11 14
split_gain=677.748 7225.53 3868.77 6454.31 7558.35 3460.99 3360.87 3240.7 3028.85 4427.95 2631.98 4250.29 2970.22 8028.74
threshold=88.500000000000014 78.000000000000014 108.50000000000001 22.500000000000004 62.500000000000007 89.500000000000014 61.500000000000007 107.50000000000001 156.50000000000003 82.500000000000014 96.500000000000014 98.500000000000014 98.500000000000014 67.500000000000014
decision_type=2 2 2 2 2 2 2 2 2 2 2 2 2 2
left_child=2 -2 7 -4 -5 -3 -7 -1 9 -6 12 -12 13 -8
right_child=1 5 3 4 8 6 10 -9 -10 -11 11 -13 -14 -15
leaf_value=0.0031427606636544748 -0.37446155084255051 -0.26465326420068741 -0.25065595114586553 0.60654803563566773 0.07652404992471612 -0.26606673421258603 0.53552600110109638 -0.24666901520152293 -0.11932995071634651 0.41131787649247536 -0.26990864346391402 -0.00041389724046096216 -0.19825541776988437 0.055130558265943312
leaf_weight=5432 128 120 104 80 436 112 94 128 120 124 144 8088 80 730
leaf_count=5432 128 120 104 80 436 112 94 128 120 124 144 8088 80 730
internal_value=-3.06702e-05 -0.00851432 0.0125068 0.110617 0.161369 -0.0033171 0.000215115 -0.00282476 0.10495 0.153641 0.00362327 -0.00528907 0.0843634 0.112832
internal_weight=15920 9496 6424 864 760 9368 9248 5560 680 560 9136 8232 904 824
internal_count=15920 9496 6424 864 760 9368 9248 5560 680 560 9136 8232 904 824
is_linear=0
shrinkage=0.05


Tree=207
num_leaves=15
num_cat=0
split_feature=14 7 13 8 3 5 11 6 14 13 3 14 6 1
split_gain=658.113 4696.08 9641.41 6732.3 10486.5 2872.21 2372.08 2146.9 2098.62 1997.53 3213.77 5242.82 4289.65 2863.24
threshold=149.50000000000003 23.500000000000004 137.50000000000003 106.50000000000001 3.5000000000000004 113.50000000000001 81.500000000000014 138.50000000000003 153.50000000000003 112.50000000000001 5.5000000000000009 26.500000000000004 179.50000000000003 19.500000000000004
decision_type=2 2 2 2 2 2 2 2 2 2 2 2 2 2
left_child=9 2 -2 4 7 -5 -7 -3 -8 -1 12 -12 13 -11
right_child=1 3 -4 5 -6 6 8 -9 -10 10 11 -13 -14 -15
leaf_value=-0.0094221004933223995 0.61492072169551226 -0.1389559886646283 -0.034601341649369503 0.23056717455142836 -0.60678804319111579 -0.24380030415885084 -0.14147532885103967 0.15257705545356109 0.0071711996972212326 0.075967094837491103 -0.45002622157753858 0.039521229586981496 -0.25473973831256569 -0.020353157029792322
leaf_weight=8028 82 236 165 117 119 106 259 81 2357 2997 84 140 113 1036
leaf_count=8028 82 236 165 117 119 106 259 81 2357 2997 84 140 113 1036
internal_value=-3.38811e-05 -0.0190917 0.188952 -0.0350464 -0.216799 -0.0068016 -0.0174085 -0.0632508 -0.00778753 0.00538554 0.0325679 -0.149877 0.0425937 0.0512297
internal_weight=15920 3522 247 3275 436 2839 2722 317 2616 12398 4370 224 4146 4033
internal_count=15920 3522 247 3275 436 2839 2722 317 2616 12398 4370 224 4146 4033
is_linear=0
shrinkage=0.05


Tree=208
num_leaves=15
num_cat=0
split_feature=2 1 1 8 1 14 8 13 14 5 10 11 13 12
split_gain=633.917 1393.87 2802.25 1909.54 2078.23 3643.94 1805.57 2537.81 2286.78 2636.47 1758.25 1763.31 1584.74 1542.62
threshold=2.5000000000000004 11.500000000000002 12.500000000000002 106.50000000000001 1.5000000000000002 74.500000000000014 158.50000000000003 152.50000000000003 141.50000000000003 152.50000000000003 99.500000000000014 105.50000000000001 159.50000000000003 169.50000000000003
decision_type=2 2 2 2 2 2 2 2 2 2 2 2 2 2
left_child=-1 3 -3 4 5 -2 8 -8 9 12 -5 -12 -4 -10
right_child=1 2 6 10 -6 -7 7 -9 13 -11 11 -13 -14 -15
leaf_value=-0.0058054276881437375 -0.0087175579254059176 -0.20590687387170847 -0.022840089965847573 0.32345061355101112 -0.018225272065028549 0.39795399653107938 0.23565012242887981 -0.036538290872347133 -0.1740823673473183 0.28233672226779166 -0.093377293111422122 0.1231568389256152 0.19591318043051187 0.049744806626722926
leaf_weight=11940 144 166 913 83 1075 84 179 158 304 83 112 493 86 100
leaf_count=11940 144 166 913 83 1075 84 179 158 304 83 112 493 86 100
internal_value=-4.44229e-05 0.0172242 -0.0123711 0.0467466 0.0110365 0.146433 0.00576705 0.109368 -0.0180159 0.0199692 0.11381 0.0826344 -0.0031266 -0.118749
internal_weight=15920 3980 1989 1991 1303 228 1823 337 1486 1082 688 605 999 404
internal_count=15920 3980 1989 1991 1303 228 1823 337 1486 1082 688 605 999 404
is_linear=0
shrinkage=0.05


Tree=209
num_leaves=15
num_cat=0
split_feature=9 5 5 5 0 0 11 1 6 4 9 6 14 3
split_gain=645.841 910.668 2968.5 2133.59 1703.66 1899.97 1838.53 1815.29 1136.4 10361.5 4389.96 2075.5 1435.23 5537.75
threshold=192.50000000000003 181.50000000000003 183.50000000000003 179.50000000000003 2.5000000000000004 5.5000000000000009 167.50000000000003 12.500000000000002 179.50000000000003 1.5000000000000002 175.50000000000003 177.50000000000003 156.50000000000003 5.5000000000000009
decision_type=2 2 2 2 2 2 2 2 2 2 2 2 2 2
left_child=1 3 -3 8 -4 6 -6 -7 11 -10 -11 12 -1 -14
right_child=-2 2 4 -5 5 7 -8 -9 9 10 -12 -13 13 -15
leaf_value=0.0067846855638149135 -0.10093533785622211 0.30802907395628421 0.16198233289422689 -0.20723362852483987 -0.26990417108611492 -0.088491607925826971 0.026638293476089054 0.20216183605892907 -0.48589717707502733 0.37235945700317302 -0.096839841913192656 0.18782850853198729 -0.06451685646544042 0.20031853473152628
leaf_weight=12420 152 96 138 120 117 96 90 111 104 88 104 144 1925 215
leaf_count=12420 152 96 138 120 117 96 90 111 104 88 104 144 1925 215
internal_value=-2.58328e-05 0.0009786 0.05879 -0.00151765 0.0130681 -0.0379106 -0.143385 0.0684581 0.000196588 -0.0959764 0.122202 0.00216457 0.000264488 -0.0375046
internal_weight=15920 15768 648 15120 552 414 207 207 15000 296 192 14704 14560 2140
internal_count=15920 15768 648 15120 552 414 207 207 15000 296 192 14704 14560 2140
is_linear=0
shrinkage=0.05


Tree=210
num_leaves=15
num_cat=0
split_feature=12 9 9 0 11 14 10 6 8 14 5 10 5 10
split_gain=630.396 1181.44 2269.57 2459.78 3527.5 3387.83 2046.71 6572.19 2837.5 3251.31 7619.03 2115.13 3757.44 3667.39
threshold=179.50000000000003 159.50000000000003 151.50000000000003 4.5000000000000009 165.50000000000003 140.50000000000003 129.50000000000003 106.50000000000001 159.50000000000003 133.50000000000003 162.50000000000003 114.50000000000001 142.50000000000003 112.50000000000001
decision_type=2 2 2 2 2 2 2 2 2 2 2 2 2 2
left_child=1 2 6 5 -5 -4 11 -8 9 -9 -11 13 -13 -1
right_child=-2 -3 3 4 -6 -7 7 8 -10 10 -12 12 -14 -15
leaf_value=0.0031500041958503534 0.06094524872085625 -0.031378922015990927 0.31759223600775743 -0.075242052156220873 0.28563622428213853 0.030317827222730825 -0.43406899826378997 0.00026328425818573307 0.2265077535856036 -0.56432612235507651 0.02926134890088938 0.036791199584243157 0.32300132332593207 -0.16026902087763245
leaf_weight=8952 408 2744 197 328 80 211 104 696 96 88 128 1416 120 352
leaf_count=8952 408 2744 197 328 80 211 104 696 96 88 128 1416 120 352
internal_value=-2.21507e-05 -0.00164485 0.00475515 0.0851714 -0.0018802 0.171192 -0.00076844 -0.0652124 -0.0252011 -0.0527874 -0.219867 0.00586943 0.0601268 -0.00311542
internal_weight=15920 15512 12768 816 408 408 11952 1112 1008 912 216 10840 1536 9304
internal_count=15920 15512 12768 816 408 408 11952 1112 1008 912 216 10840 1536 9304
is_linear=0
shrinkage=0.05


Tree=211
num_leaves=15
num_cat=0
split_feature=6 5 7 5 9 11 14 12 8 14 9 0 5 14
split_gain=627.906 7773.56 3412.35 5118.08 3358.25 4179.99 4539.95 3071.75 5755.05 5908.91 2827.96 3780.31 2562.85 5644.45
threshold=99.500000000000014 80.500000000000014 105.50000000000001 104.50000000000001 64.000000000000014 78.500000000000014 99.500000000000014 108.50000000000001 22.500000000000004 86.500000000000014 107.50000000000001 5.5000000000000009 71.500000000000014 98.500000000000014
decision_type=2 2 2 2 2 2 2 2 2 2 2 2 2 2
left_child=7 -2 3 -3 -4 6 -6 10 -9 -10 12 -12 -1 -14
right_child=1 2 4 -5 5 -7 -8 8 9 -11 11 -13 13 -15
leaf_value=-0.00096211084307474951 -0.46333985399975575 -0.3977716462352337 -0.27867059309293729 -0.048573386758458958 0.48018701257853869 0.0025470694560341205 0.079254190790933932 -0.24241550024769723 0.43070216286625418 0.078355488895978195 -0.010836135233103327 -0.401878176563152 0.48407579646869148 -0.025409583804797228
leaf_weight=5392 88 112 96 1040 84 7400 356 104 143 625 160 96 83 141
leaf_count=5392 88 112 96 1040 84 7400 356 104 143 625 160 96 83 141
internal_value=-2.02865e-05 -0.00853135 -0.00387504 -0.0840955 0.00781548 0.0114988 0.160331 0.0115578 0.0988422 0.146323 -0.00147717 -0.162367 0.00599473 0.16982
internal_weight=15920 9176 9088 1152 7936 7840 440 6744 872 768 5872 256 5616 224
internal_count=15920 9176 9088 1152 7936 7840 440 6744 872 768 5872 256 5616 224
is_linear=0
shrinkage=0.05


Tree=212
num_leaves=15
num_cat=0
split_feature=14 5 4 8 8 8 9 3 12 12 3 1 1 13
split_gain=610.439 2065.84 10592.2 2093.47 4711.97 3594.02 2503.76 3531.56 2439.94 1457.34 2639.12 3928.42 5979.75 6034.31
threshold=22.500000000000004 164.50000000000003 1.5000000000000002 131.50000000000003 118.50000000000001 108.50000000000001 103.50000000000001 3.5000000000000004 103.50000000000001 22.500000000000004 4.5000000000000009 14.500000000000002 7.5000000000000009 24.500000000000004
decision_type=2 2 2 2 2 2 2 2 2 2 2 2 2 2
left_child=1 3 -3 4 5 6 8 -8 9 10 -1 12 -12 -14
right_child=-2 2 -4 -5 -6 -7 7 -9 -10 -11 11 -13 13 -15
leaf_value=-0.034829580508439699 0.0053944239112099735 -0.5474826987367124 0.19746869121057292 0.14517625310966648 -0.38184311994533432 0.2817082405669018 0.047868264417728769 -0.36765446576297794 0.24129723809504264 -0.06525218586173348 -0.020419573849983941 -0.048870132218183912 0.13097493336080832 0.6620435557949047
leaf_weight=1208 12188 91 91 202 82 98 89 112 91 955 188 306 128 91
leaf_count=1208 12188 91 91 202 82 98 89 112 91 955 188 306 128 91
internal_value=-2.42131e-05 -0.017704 -0.179686 -0.0091585 -0.0186728 -0.0089849 -0.018407 -0.186971 -0.00669232 -0.0149442 0.0101703 0.0861229 0.186978 0.361499
internal_weight=15920 3732 182 3550 3348 3266 3168 201 2967 2876 1921 713 407 219
internal_count=15920 3732 182 3550 3348 3266 3168 201 2967 2876 1921 713 407 219
is_linear=0
shrinkage=0.05


Tree=213
num_leaves=15
num_cat=0
split_feature=7 5 11 13 8 14 8 11 3 13 14 0 1 9
split_gain=600.112 6267.27 3529.97 5498.96 7815.27 6190 2962.36 2729.33 3126.59 14666.1 4916.54 3399.95 5113.75 2578.38
threshold=88.500000000000014 78.000000000000014 108.50000000000001 86.500000000000014 22.500000000000004 109.50000000000001 89.500000000000014 24.500000000000004 4.5000000000000009 144.50000000000003 26.500000000000004 4.5000000000000009 10.500000000000002 61.500000000000007
decision_type=2 2 2 2 2 2 2 2 2 2 2 2 2 2
left_child=2 -2 7 5 -5 -4 -3 8 -1 10 -10 -12 -13 -8
right_child=1 6 3 4 -6 -7 13 -9 9 -11 11 12 -14 -15
leaf_value=-0.024658872388588049 -0.34882044736716084 -0.24494070367813114 0.59228794571978083 -0.36200417263167251 0.10780978157576504 0.045331558894436318 -0.23312642917864854 -0.067299268654730376 -0.017640746985486174 0.6043339033165358 0.029296381659338167 0.46971488002783213 -0.0018197608257954319 0.0030913812915772574
leaf_weight=2242 128 120 103 100 560 101 112 1264 1466 112 234 151 91 9136
leaf_count=2242 128 120 103 100 560 101 112 1264 1466 112 234 151 91 9136
internal_value=-1.91474e-05 -0.00800212 0.0117784 0.105494 0.0344392 0.329054 -0.00316175 -0.00286632 0.0161478 0.0606412 0.0278136 0.166534 0.295955 0.000106184
internal_weight=15920 9496 6424 864 660 204 9368 5560 4296 2054 1942 476 242 9248
internal_count=15920 9496 6424 864 660 204 9368 5560 4296 2054 1942 476 242 9248
is_linear=0
shrinkage=0.05


Tree=214
num_leaves=15
num_cat=0
split_feature=14 7 1 8 3 1 5 5 11 4 13 11 13 7
split_gain=596.121 4805.55 12338.3 7274.54 12386.9 5030.61 2643.05 3983.82 3107.32 7044.47 5077.42 2996.86 2861.05 5461.1
threshold=138.50000000000003 23.500000000000004 10.500000000000002 106.50000000000001 3.5000000000000004 16.500000000000004 181.50000000000003 177.50000000000003 166.50000000000003 1.5000000000000002 106.50000000000001 178.50000000000003 116.50000000000001 22.500000000000004
decision_type=2 2 2 2 2 2 2 2 2 2 2 2 2 2
left_child=6 2 -2 4 -3 -4 7 8 12 10 -10 -11 -1 -14
right_child=1 3 5 -5 -6 -7 -8 -9 9 11 -12 -13 13 -15
leaf_value=-0.0041530962947923036 0.67819195306677926 -0.050054818312957806 -0.22660567347963267 -0.0039246986366118387 -0.59014769830059688 0.26816449349198274 0.19858502533286812 -0.33043006708782713 -0.072694228585485535 0.14142155564650541 -0.59739532723438504 -0.15449027266974252 -0.056627693573189801 0.096253980950293319
leaf_weight=8110 82 373 125 3326 144 80 170 84 87 206 97 139 806 2091
leaf_count=8110 82 373 125 3326 144 80 170 84 87 206 97 139 806 2091
internal_value=-9.53137e-06 -0.0163453 0.17924 -0.0311658 -0.204699 -0.0317369 0.00571735 0.00281151 0.00538013 -0.112414 -0.357789 0.0216953 0.0110898 0.0536951
internal_weight=15920 4130 287 3843 517 205 11790 11620 11536 529 184 345 11007 2897
internal_count=15920 4130 287 3843 517 205 11790 11620 11536 529 184 345 11007 2897
is_linear=0
shrinkage=0.05


Tree=215
num_leaves=15
num_cat=0
split_feature=6 6 5 5 5 14 12 8 14 9 9 11 11 1
split_gain=592.409 5318.05 13889.8 3828.2 8061.85 3093.84 2965.32 4679.15 5260.64 2593.82 2593.15 3261.53 4829.36 2665.24
threshold=100.50000000000001 103.50000000000001 95.500000000000014 102.50000000000001 103.50000000000001 101.50000000000001 108.50000000000001 22.500000000000004 86.500000000000014 111.50000000000001 46.500000000000007 87.500000000000014 82.500000000000014 13.500000000000002
decision_type=2 2 2 2 2 2 2 2 2 2 2 2 2 2
left_child=6 2 -2 5 -5 9 -1 -8 -9 -3 -6 12 -12 -14
right_child=1 3 -4 4 10 -7 7 8 -10 -11 11 -13 13 -15
leaf_value=-0.0017874353319830959 -0.75374735939152104 -0.20368275835233579 -0.034099400259930496 -0.37256487721964815 -0.26383036910205759 0.28707111619681641 -0.21401543855120286 0.40540849651033817 0.074887369523631106 0.12790164355239275 0.033319085601770243 -0.009280697975884945 0.53161636560388348 0.12912864544659214
leaf_weight=6040 80 80 320 144 88 196 104 143 665 188 656 7048 80 88
leaf_count=6040 80 80 320 144 88 196 104 143 665 188 656 7048 80 88
internal_value=-2.01049e-05 -0.00851025 -0.185558 -0.000141328 -0.00817424 0.138749 0.0109303 0.0947081 0.135517 0.0270036 -0.00135251 0.0017473 0.0955612 0.330615
internal_weight=15920 8968 400 8568 8104 464 6952 912 808 268 7960 7872 824 168
internal_count=15920 8968 400 8568 8104 464 6952 912 808 268 7960 7872 824 168
is_linear=0
shrinkage=0.05


Tree=216
num_leaves=15
num_cat=0
split_feature=2 14 13 14 14 11 13 13 9 2 14 13 14 7
split_gain=586.952 1333.54 2277.02 1869.02 2653.12 1388.08 1595.34 1622.9 2729.13 1151.76 2154.59 2446.12 3578.16 7283.83
threshold=2.5000000000000004 178.50000000000003 150.50000000000003 141.50000000000003 130.50000000000003 166.50000000000003 167.50000000000003 142.50000000000003 157.50000000000003 1.0000000180025095e-35 156.50000000000003 148.50000000000003 135.50000000000003 124.50000000000001
decision_type=2 2 2 2 2 2 2 2 2 2 2 2 2 2
left_child=9 3 -3 4 5 6 7 8 -2 -1 11 12 -11 -14
right_child=1 2 -4 -5 -6 -7 -8 -9 -10 10 -12 -13 13 -15
leaf_value=0.016381698234884331 0.017829528644228865 0.3233486511704502 -0.014969413290072973 -0.05223350478585042 0.28683052154008259 -0.13514836093835422 0.19056610766242052 -0.1275983983326171 0.26464015578819539 -0.0084529324153530174 -0.076676250429660739 0.070311631304881342 0.13036187179386616 -0.38997831717559273
leaf_weight=3980 2229 88 106 912 92 131 139 170 113 5516 1250 918 106 170
leaf_count=3980 2229 88 106 912 92 131 139 170 113 5516 1250 918 106 170
internal_value=-2.32392e-05 0.0165934 0.142763 0.0099485 0.029737 0.0207357 0.0286787 0.0193599 0.0302764 -0.00556674 -0.0165443 -0.00529368 -0.017327 -0.191374
internal_weight=15920 3980 194 3786 2874 2782 2651 2512 2342 11940 7960 6710 5792 276
internal_count=15920 3980 194 3786 2874 2782 2651 2512 2342 11940 7960 6710 5792 276
is_linear=0
shrinkage=0.05


Tree=217
num_leaves=15
num_cat=0
split_feature=12 8 9 9 5 12 5 14 13 13 8 6 6 7
split_gain=574.064 1051.23 1015.78 2078.5 3565.78 2401.63 3353.13 3325.92 7664.12 2381.35 2142.86 2061.78 5406.23 2919.16
threshold=179.50000000000003 141.50000000000003 159.50000000000003 163.50000000000003 156.50000000000003 134.50000000000003 164.50000000000003 27.500000000000004 79.500000000000014 139.50000000000003 163.50000000000003 138.50000000000003 134.50000000000003 152.50000000000003
decision_type=2 2 2 2 2 2 2 2 2 2 2 2 2 2
left_child=2 -2 11 4 9 6 10 8 -7 -4 -5 12 -1 -13
right_child=1 -3 3 5 -6 7 -8 -9 -10 -11 -12 13 -14 -15
leaf_value=-0.00026799755477890377 0.13550536014541914 -0.023611489394452515 -0.48106544008371471 0.11581119446754456 -0.018566783427858221 0.51804661803906515 -0.40014077435521522 -0.0085693958306910095 -0.077199047302999424 -0.12835620422431124 -0.16183831576957919 0.1227538382990086 -0.31192370643773193 0.00074727950965467827
leaf_weight=10608 208 200 82 120 352 96 80 1630 114 118 152 824 136 1200
leaf_count=10608 208 200 82 120 352 96 80 1630 114 118 152 824 136 1200
internal_value=-1.43034e-05 0.0581653 -0.00156281 -0.0291335 -0.115384 -0.00720033 -0.125894 0.0157859 0.200633 -0.281173 -0.0394665 0.00437156 -0.00435627 0.050598
internal_weight=15920 408 15512 2744 552 2192 352 1840 210 200 272 12768 10744 2024
internal_count=15920 408 15512 2744 552 2192 352 1840 210 200 272 12768 10744 2024
is_linear=0
shrinkage=0.05


Tree=218
num_leaves=15
num_cat=0
split_feature=9 8 1 0 1 10 10 6 7 6 8 3 5 5
split_gain=560.742 936.57 1212.94 1242.71 2746.03 766.082 947.441 1088.71 1840.94 1613.08 5155.97 3973.14 1940.43 1575.02
threshold=192.50000000000003 175.50000000000003 12.500000000000002 4.5000000000000009 15.500000000000002 190.50000000000003 183.50000000000003 191.50000000000003 181.50000000000003 176.50000000000003 147.50000000000003 3.5000000000000004 174.50000000000003 163.50000000000003
decision_type=2 2 2 2 2 2 2 2 2 2 2 2 2 2
left_child=1 5 -3 -4 -5 6 7 8 9 13 11 12 -11 -1
right_child=-2 2 3 4 -6 -7 -8 -9 -10 10 -12 -13 -14 -15
leaf_value=0.001600121202622617 -0.094051549998912853 -0.04420399634675546 0.23002964735731185 0.22933788449348264 -0.13999200512848373 0.14177284765467849 -0.12436216106745089 0.1696506731152054 -0.16804264611818576 0.22740226511131315 0.22327604129186451 -0.36214956304606272 -0.10362163892676753 -0.059260709256508497
leaf_weight=13088 152 160 144 91 101 88 152 88 160 80 296 80 88 1152
leaf_count=13088 152 160 144 91 101 88 152 88 160 80 296 80 88 1152
internal_value=-2.48702e-05 0.000911053 0.0681797 0.121559 0.0364329 -0.00129528 -0.00217084 -0.000894329 -0.00195502 -0.000101325 0.0839996 -0.083361 0.0560253 -0.00334252
internal_weight=15920 15768 496 336 192 15272 15184 15032 14944 14784 544 248 168 14240
internal_count=15920 15768 496 336 192 15272 15184 15032 14944 14784 544 248 168 14240
is_linear=0
shrinkage=0.05


Tree=219
num_leaves=15
num_cat=0
split_feature=12 8 14 9 9 0 11 14 10 6 8 14 5 9
split_gain=535.282 969.818 957.297 905.955 1980.01 2231.81 3247.76 2928.8 1861.67 5618.51 2585.73 3089.91 6345.33 1838.57
threshold=179.50000000000003 141.50000000000003 147.50000000000003 159.50000000000003 151.50000000000003 4.5000000000000009 165.50000000000003 140.50000000000003 129.50000000000003 106.50000000000001 157.50000000000003 133.50000000000003 162.50000000000003 163.50000000000003
decision_type=2 2 2 2 2 2 2 2 2 2 2 2 2 2
left_child=3 -2 -3 4 8 7 -7 -6 -1 -10 11 -11 -13 -5
right_child=1 2 -4 13 5 6 -8 -9 9 10 -12 12 -14 -15
leaf_value=0.0052592848454414455 0.13044248336812422 -0.14282404938712717 0.072449224312805524 -0.1086742642702605 0.29726340016165731 -0.074068173598330303 0.27220608409055891 0.030103134396227284 -0.40358619626628561 -0.010588921721693668 0.15075634973758908 -0.53359504483079401 0.048120004683732988 -0.0069257446401635968
leaf_weight=10840 208 87 113 552 197 328 80 211 104 659 168 88 93 2192
leaf_count=10840 208 87 113 552 197 328 80 211 104 659 168 88 93 2192
internal_value=-2.16268e-05 0.0561585 -0.0223942 -0.00151691 0.0040875 0.0791989 -0.00369778 0.161137 -0.00107157 -0.0625333 -0.0255269 -0.061467 -0.241444 -0.0275545
internal_weight=15920 408 200 15512 12768 816 408 408 11952 1112 1008 840 181 2744
internal_count=15920 408 200 15512 12768 816 408 408 11952 1112 1008 840 181 2744
is_linear=0
shrinkage=0.05


Tree=220
num_leaves=15
num_cat=0
split_feature=1 1 14 14 4 4 10 11 3 1 1 11 13 8
split_gain=536.077 5079.14 4107.91 4798.64 3242.78 4532.12 4370.66 5492.09 3593.94 3753.18 3100.29 2804.52 2752.17 2417.17
threshold=5.5000000000000009 4.5000000000000009 119.50000000000001 107.50000000000001 2.5000000000000004 1.5000000000000002 109.50000000000001 118.50000000000001 5.5000000000000009 1.5000000000000002 1.5000000000000002 118.50000000000001 80.500000000000014 95.500000000000014
decision_type=2 2 2 2 2 2 2 2 2 2 2 2 2 2
left_child=1 2 3 4 5 6 13 -8 9 11 -5 12 -7 -1
right_child=-2 -3 -4 10 -6 8 7 -9 -10 -11 -12 -13 -14 -15
leaf_value=-0.033893344146035724 0.0052712093004981062 -0.14158008537719499 -0.23378560932578918 0.37610407694502995 -0.090817443298649769 0.23543926080527866 -0.48378354141245722 -0.004804477273361185 -0.097695875186473144 0.036352595809317073 0.088898388929778152 0.054616024125384813 0.60206997883181246 0.22642256572194724
leaf_weight=393 11942 664 160 106 850 157 110 125 160 306 654 102 81 110
leaf_count=393 11942 664 160 106 850 157 110 125 160 306 654 102 81 110
internal_value=-2.48416e-05 -0.0159103 0.00944451 0.0221339 -0.0126764 0.030496 -0.0588299 -0.234415 0.112144 0.164468 0.131152 0.277574 0.370038 0.0247028
internal_weight=15920 3978 3314 3154 2394 1544 738 235 806 646 760 340 238 503
internal_count=15920 3978 3314 3154 2394 1544 738 235 806 646 760 340 238 503
is_linear=0
shrinkage=0.05


Tree=221
num_leaves=15
num_cat=0
split_feature=0 5 10 14 5 8 14 1 5 14 11 8 6 6
split_gain=526.09 2692.43 3484.39 1925.61 2288.18 1792.09 1572.24 1406.77 1233.15 1312.46 962.994 920.399 844.03 4758.02
threshold=1.5000000000000002 173.50000000000003 168.50000000000003 149.50000000000003 126.50000000000001 108.50000000000001 93.500000000000014 17.500000000000004 95.500000000000014 87.500000000000014 169.50000000000003 118.50000000000001 100.50000000000001 103.50000000000001
decision_type=2 2 2 2 2 2 2 2 2 2 2 2 2 2
left_child=1 2 3 4 5 8 -7 -6 9 -1 -3 -5 -2 -14
right_child=12 10 -4 11 7 6 -8 -9 -10 -11 -12 -13 13 -15
leaf_value=-0.003310902176196881 0.017394242513815154 0.27008582866320047 -0.27115125708963744 -0.038608146743493138 0.035922401507351813 -0.0025196024083665443 -0.25721746548611141 0.30945527033750403 0.083578255269790735 -0.18460673402451599 0.042833389327364066 -0.25860117184768977 -0.1862756886550973 0.0010570255057573774
leaf_weight=595 6083 88 148 84 107 107 135 81 321 115 98 111 350 7497
leaf_count=595 6083 88 148 84 107 107 135 81 321 115 98 111 350 7497
internal_value=-1.51406e-05 -0.0240297 -0.0428242 -0.0216634 -0.00173876 -0.0259667 -0.146934 0.158738 0.00299919 -0.0337613 0.154606 -0.167169 0.0034229 -0.00741188
internal_weight=15920 1990 1804 1656 1461 1273 242 188 1031 710 186 195 13930 7847
internal_count=15920 1990 1804 1656 1461 1273 242 188 1031 710 186 195 13930 7847
is_linear=0
shrinkage=0.05


Tree=222
num_leaves=15
num_cat=0
split_feature=14 6 7 5 7 7 6 11 9 4 6 1 9 13
split_gain=536.232 1993.85 10794.6 2534.61 1596.3 3393.46 3114.8 2487.22 1966.31 1326.16 3259.36 10199 32887.8 6654.82
threshold=22.500000000000004 162.50000000000003 168.50000000000003 153.50000000000003 109.50000000000001 116.50000000000001 94.500000000000014 118.50000000000001 103.50000000000001 1.5000000000000002 23.500000000000004 13.500000000000002 21.500000000000004 28.500000000000004
decision_type=2 2 2 2 2 2 2 2 2 2 2 2 2 2
left_child=1 3 -3 4 6 -6 8 -7 -1 10 11 13 -13 -2
right_child=9 2 -4 -5 5 7 -8 -9 -10 -11 -12 12 -14 -15
leaf_value=-0.0089000507354891553 0.23124339713627459 -0.57869849079749092 0.13420418386542521 0.22760096089662732 -0.37840387382868518 -0.20758354227090706 0.21662043522772018 0.14948262042021968 -0.24370745914461822 -0.0045413926598547863 0.010394744999555741 -0.057123392957980468 1.1557127444581552 -0.26076218248595912
leaf_weight=2908 112 86 124 106 87 82 146 106 87 9106 2573 152 83 162
leaf_count=2908 112 86 124 106 87 82 146 106 87 9106 2573 152 83 162
internal_value=-2.1322e-05 -0.0165917 -0.164415 -0.0075571 -0.0151761 -0.129573 -0.00497052 -0.00760206 -0.0161156 0.00505729 0.0333787 0.148332 0.386393 -0.0591104
internal_weight=15920 3732 210 3522 3416 275 3141 188 2995 12188 3082 509 235 274
internal_count=15920 3732 210 3522 3416 275 3141 188 2995 12188 3082 509 235 274
is_linear=0
shrinkage=0.05


Tree=223
num_leaves=15
num_cat=0
split_feature=1 12 10 7 8 11 13 11 11 10 8 7 1 9
split_gain=550.591 1784.64 2716.67 1915.96 1251.09 1432.42 1218.35 727.619 3917.14 8153.66 2940.64 2936.14 5003.48 3130.11
threshold=21.500000000000004 141.50000000000003 142.50000000000003 130.50000000000003 104.50000000000001 109.50000000000001 119.50000000000001 105.50000000000001 101.50000000000001 113.50000000000001 166.50000000000003 165.50000000000003 6.5000000000000009 111.50000000000001
decision_type=2 2 2 2 2 2 2 2 2 2 2 2 2 2
left_child=7 3 -3 4 5 -2 -6 8 10 11 -1 12 13 -10
right_child=1 2 -4 -5 6 -7 -8 -9 9 -11 -12 -13 -14 -15
leaf_value=0.0071130239023248793 -0.016527663308823871 -0.36540955091596294 -0.023576624835208979 0.2194097720630718 -0.13533072773582844 0.17326113375879471 0.074279226880106672 0.014005874507405525 -0.1039122770933249 -0.53797296812333684 -0.27601827521638206 0.17457416955477154 -0.34650288874498841 0.2280884889589849
leaf_weight=6598 468 88 157 84 315 121 85 7258 206 96 88 112 142 102
leaf_count=6598 468 88 157 84 315 121 85 7258 206 96 88 112 142 102
internal_value=-1.42035e-05 -0.0309013 -0.15121 -0.00285706 -0.0227438 0.0235914 -0.0904215 0.00278334 -0.00830976 -0.124232 0.00318302 -0.049437 -0.106497 0.00792325
internal_weight=15920 1318 245 1073 989 589 400 14602 7344 658 6686 562 450 308
internal_count=15920 1318 245 1073 989 589 400 14602 7344 658 6686 562 450 308
is_linear=0
shrinkage=0.05


Tree=224
num_leaves=15
num_cat=0
split_feature=2 14 14 3 5 3 14 6 1 1 1 1 9 14
split_gain=524.151 1572.59 1421.12 1718.88 1403.08 1273.52 2019.05 1329.31 1240.47 2292.97 2123.99 2888.71 1503.25 1176.46
threshold=1.0000000180025095e-35 163.50000000000003 150.50000000000003 3.5000000000000004 110.50000000000001 5.5000000000000009 182.50000000000003 174.50000000000003 19.500000000000004 15.500000000000002 12.500000000000002 7.5000000000000009 161.50000000000003 138.50000000000003
decision_type=2 2 2 2 2 2 2 2 2 2 2 2 2 2
left_child=1 2 4 -4 -1 6 7 -3 9 10 11 -6 -10 -2
right_child=13 5 3 -5 8 -7 -8 -9 12 -11 -12 -13 -14 -15
leaf_value=-0.012014186934472461 0.0038573190198690544 0.061973542675563376 -0.027782099096963705 -0.27519584403283176 0.044518024823429238 0.26346523932457627 -0.13055996332351152 0.28556018476915912 0.04253733132220805 0.28077010245102907 -0.11757335524282618 0.36663236524043391 -0.18218427918324567 -0.032248036901444337
leaf_weight=1901 8926 313 292 88 375 86 106 81 295 133 135 81 94 3014
leaf_count=1901 8926 313 292 88 375 86 106 81 295 133 135 81 94 3014
internal_value=-2.78498e-05 0.0156747 0.00256389 -0.0879078 0.0140971 0.0909458 0.0589576 0.110942 0.0585494 0.0970278 0.0536694 0.105092 -0.0133884 -0.0052664
internal_weight=15920 3980 3394 380 3014 586 500 394 1113 724 591 456 389 11940
internal_count=15920 3980 3394 380 3014 586 500 394 1113 724 591 456 389 11940
is_linear=0
shrinkage=0.05


Tree=225
num_leaves=15
num_cat=0
split_feature=2 14 13 14 14 1 13 1 14 5 12 11 14 14
split_gain=531.834 1237.93 2024.75 1627.69 2604.8 1348.48 1166.44 1126.58 3980.36 1998.64 980.496 1790.91 1476.61 1358.6
threshold=2.5000000000000004 178.50000000000003 150.50000000000003 138.50000000000003 128.50000000000003 18.500000000000004 167.50000000000003 1.5000000000000002 101.50000000000001 82.500000000000014 106.50000000000001 76.500000000000014 148.50000000000003 154.50000000000003
decision_type=2 2 2 2 2 2 2 2 2 2 2 2 2 2
left_child=-1 3 -3 4 6 10 7 8 9 -2 11 -5 -12 -14
right_child=1 2 -4 5 -6 -7 -8 -9 -10 -11 12 -13 13 -15
leaf_value=-0.0052942853149698082 0.09170947994394793 0.30764457767288533 -0.011494588811655304 0.020526960581751928 0.2802748216165587 -0.2283117887128385 0.15241823549262221 -0.0014604041194486417 0.32316491890668386 -0.21302340864766758 0.18650589287281039 -0.28013977566733955 -0.19576526457816365 0.0067932812243984815
leaf_weight=11940 127 88 106 101 94 88 150 2269 118 86 88 91 95 479
leaf_count=11940 127 88 106 101 94 88 150 2269 118 86 88 91 95 479
internal_value=-1.74818e-05 0.0157997 0.137362 0.00939773 0.0282629 -0.0474066 0.0191556 0.0111896 0.0966363 -0.0333921 -0.0275449 -0.12547 0.00158391 -0.0281323
internal_weight=15920 3980 194 3786 2844 942 2750 2600 331 213 854 192 662 574
internal_count=15920 3980 194 3786 2844 942 2750 2600 331 213 854 192 662 574
is_linear=0
shrinkage=0.05


Tree=226
num_leaves=15
num_cat=0
split_feature=9 6 7 14 1 9 3 1 14 5 13 5 14 5
split_gain=531.352 814.158 879.055 2480.77 2608.14 1494.61 1996.27 1036.05 1013.41 4491.92 9876.82 9161.59 3665.15 2757.61
threshold=192.50000000000003 191.50000000000003 179.50000000000003 144.50000000000003 12.500000000000002 180.50000000000003 2.5000000000000004 15.500000000000002 149.50000000000003 25.500000000000004 102.50000000000001 103.50000000000001 169.50000000000003 179.50000000000003
decision_type=2 2 2 2 2 2 2 2 2 2 2 2 2 2
left_child=1 2 5 4 -4 8 -7 -8 13 10 -10 -11 -12 -1
right_child=-2 -3 3 -5 -6 6 7 -9 9 11 12 -13 -14 -15
leaf_value=0.0075475455325422942 -0.091539194332406079 0.096194957626553682 -0.37471628795510958 0.020671497498071911 -0.0008707697806733379 -0.01597483984630885 0.10573059754911812 0.32478628005625476 0.58784971356719407 -0.49590963762219964 0.12886425394781942 -0.030352865992690284 -0.29162807271761054 -0.22488575299349867
leaf_weight=11835 152 216 100 312 84 232 155 85 86 106 128 2225 80 124
leaf_count=11835 152 216 100 312 84 232 155 85 86 106 128 2225 80 124
internal_value=-9.80148e-06 0.000901259 -0.000452756 -0.0656085 -0.208586 0.00171478 0.0888084 0.188358 -0.00113341 -0.029235 0.153327 -0.0525398 -0.0359129 0.00504452
internal_weight=15920 15768 15552 496 184 15056 472 240 14584 2625 294 2331 208 11959
internal_count=15920 15768 15552 496 184 15056 472 240 14584 2625 294 2331 208 11959
is_linear=0
shrinkage=0.05


Tree=227
num_leaves=15
num_cat=0
split_feature=1 1 4 4 3 5 14 1 12 8 11 13 7 14
split_gain=530.967 4554.69 3690.29 5178.47 3554.67 7519.23 4274.9 2366.06 5111.6 5028.89 11883.3 16374 17458.6 16063.1
threshold=5.5000000000000009 4.5000000000000009 2.5000000000000004 1.5000000000000002 5.5000000000000009 46.500000000000007 72.500000000000014 9.5000000000000018 108.50000000000001 106.50000000000001 23.500000000000004 28.500000000000004 23.500000000000004 139.50000000000003
decision_type=2 2 2 2 2 2 2 2 2 2 2 2 2 2
left_child=1 2 3 -1 5 -5 -7 8 9 10 11 12 -2 -12
right_child=7 -3 -4 4 -6 6 -8 -9 -10 -11 13 -13 -14 -15
leaf_value=-0.036578063347607041 0.91512407992373823 -0.13482754723164037 -0.05990404963626126 0.53422228472355093 -0.094255824354124454 0.29472854973598722 0.038852802577780871 -0.0066505645072984943 0.16785582182035871 0.11728396096882242 -0.073259898472668519 -0.094893394703045489 -0.0048192736418808217 -0.69289184610181431
leaf_weight=954 105 664 1240 112 160 216 632 9286 652 679 710 295 97 118
leaf_count=954 105 664 1240 112 160 216 632 9286 652 679 710 295 97 118
internal_value=-1.33026e-05 -0.0158229 0.00818835 0.0489455 0.121632 0.157915 0.105374 0.00525744 0.0468249 0.00712781 -0.0495507 0.142837 0.483923 -0.165194
internal_weight=15920 3978 3314 2074 1120 960 848 11942 2656 2004 1325 497 202 828
internal_count=15920 3978 3314 2074 1120 960 848 11942 2656 2004 1325 497 202 828
is_linear=0
shrinkage=0.05


Tree=228
num_leaves=15
num_cat=0
split_feature=1 12 10 7 14 13 5 1 0 2 3 1 1 14
split_gain=502.909 1626.14 2475.07 1735.11 1244.59 1526.23 1092.72 1187.54 1089.11 1033.24 898.686 683.948 4116.75 3641.32
threshold=21.500000000000004 141.50000000000003 142.50000000000003 130.50000000000003 117.50000000000001 119.50000000000001 22.500000000000004 22.500000000000004 2.5000000000000004 2.5000000000000004 4.5000000000000009 5.5000000000000009 4.5000000000000009 119.50000000000001
decision_type=2 2 2 2 2 2 2 2 2 2 2 2 2 2
left_child=11 3 -3 4 5 6 10 8 -8 -9 -2 12 13 -1
right_child=1 2 -4 -5 -6 -7 7 9 -10 -11 -12 -13 -14 -15
leaf_value=0.019778483177906852 -0.021757894676895987 -0.34881397365562378 -0.022533623906956228 0.20876862902319837 -0.15597234310813526 0.16697719928187629 -0.28769570960801966 0.076623835075579724 -0.050932994421135205 -0.11763523376570886 0.16280596108563181 0.0092957829665326255 -0.1281365537845863 -0.22116776517267819
leaf_weight=3154 156 88 157 84 142 115 89 162 106 111 108 10624 664 160
leaf_count=3154 156 88 157 84 142 115 89 162 106 111 108 10624 664 160
internal_value=1.02025e-06 -0.0295184 -0.144361 -0.00274831 -0.0216731 0.00162541 -0.0253086 -0.0709228 -0.163485 -0.00305578 0.0553682 0.00267468 -0.0149977 0.00782993
internal_weight=15920 1318 245 1073 989 847 732 468 195 273 264 14602 3978 3314
internal_count=15920 1318 245 1073 989 847 732 468 195 273 264 14602 3978 3314
is_linear=0
shrinkage=0.05


Tree=229
num_leaves=15
num_cat=0
split_feature=14 6 11 10 5 8 12 11 6 0 4 6 1 5
split_gain=511.085 1904.46 1518.57 2690.74 6822.73 3712.75 2803.19 2667.8 2745.16 1940.86 1169.49 2856.06 9399.92 30742.2
threshold=22.500000000000004 167.50000000000003 156.50000000000003 109.50000000000001 92.500000000000014 108.50000000000001 106.50000000000001 72.500000000000014 27.500000000000004 4.5000000000000009 1.5000000000000002 23.500000000000004 13.500000000000002 21.500000000000004
decision_type=2 2 2 2 2 2 2 2 2 2 2 2 2 2
left_child=1 2 3 5 -5 6 7 8 -1 -6 11 12 -2 -14
right_child=10 -3 -4 4 9 -7 -8 -9 -10 -11 -12 -13 13 -15
leaf_value=-0.018244966146980953 -0.059948985689356395 -0.18607558571745325 0.14761847645238091 -0.51383257210254674 0.12488827512671169 0.28206028145338807 0.26527567990124229 -0.23666171561236735 0.25807598521632535 -0.14532482626245302 -0.0040660476054256286 0.01002807685115705 -0.072192072950593836 1.0919415331640088
leaf_weight=2682 274 153 144 88 125 107 84 130 88 131 9106 2573 149 86
leaf_count=2682 274 153 144 88 125 107 84 130 88 131 9106 2573 149 86
internal_value=-1.01831e-05 -0.0161873 -0.00867527 -0.0154324 -0.147035 -0.000572417 -0.0111619 -0.0196119 -0.00901735 -0.0135199 0.00494792 0.0315438 0.13915 0.367705
internal_weight=15920 3732 3579 3435 344 3091 2984 2900 2770 256 12188 3082 509 235
internal_count=15920 3732 3579 3435 344 3091 2984 2900 2770 256 12188 3082 509 235
is_linear=0
shrinkage=0.05


Tree=230
num_leaves=15
num_cat=0
split_feature=2 1 1 8 8 13 8 9 10 11 5 14 5 13
split_gain=496.243 1227.26 2395.26 1820.64 2049.98 1719.28 2237.08 2036.77 1183.6 1929.13 1151.01 1136.66 2455.72 1716.72
threshold=2.5000000000000004 11.500000000000002 12.500000000000002 105.50000000000001 100.50000000000001 173.50000000000003 158.50000000000003 175.50000000000003 99.500000000000014 103.50000000000001 159.50000000000003 140.50000000000003 151.50000000000003 146.50000000000003
decision_type=2 2 2 2 2 2 2 2 2 2 2 2 2 2
left_child=-1 3 10 4 -2 6 11 -8 -5 -10 -3 12 13 -4
right_child=1 2 5 8 -6 -7 7 -9 9 -11 -12 -13 -14 -15
leaf_value=-0.0050920495687552525 0.02921644042968723 -0.04964420361992191 -0.027110034386161178 0.27132110515450863 -0.16892204541819977 -0.15284951609448069 0.23561107816804916 -0.050983218295920285 -0.11363488425492148 0.11709761813993978 -0.31331949149678046 -0.084269597475010338 0.27206015678080309 0.18795455804076763
leaf_weight=11940 1102 80 856 89 143 154 193 88 104 553 86 350 83 99
leaf_count=11940 1102 80 856 89 143 154 193 88 104 553 86 350 83 99
internal_value=5.13836e-06 0.0152839 -0.0124846 0.0429863 0.00587371 0.00428753 0.0191999 0.146537 0.104472 0.0799913 -0.191414 -0.00701283 0.0193162 -0.00395257
internal_weight=15920 3980 1989 1991 1245 1823 1669 281 746 657 166 1388 1038 955
internal_count=15920 3980 1989 1991 1245 1823 1669 281 746 657 166 1388 1038 955
is_linear=0
shrinkage=0.05


Tree=231
num_leaves=15
num_cat=0
split_feature=2 7 8 8 9 9 13 1 1 1 12 8 7 1
split_gain=506.784 1439.59 1288.15 2259.02 1752.46 3099.55 1948.23 1136.84 4323.62 5029.7 3206.51 2841.64 6800.45 14427.8
threshold=1.0000000180025095e-35 117.50000000000001 119.50000000000001 109.50000000000001 107.50000000000001 110.50000000000001 112.50000000000001 8.5000000000000018 5.5000000000000009 4.5000000000000009 110.50000000000001 106.50000000000001 23.500000000000004 7.5000000000000009
decision_type=2 2 2 2 2 2 2 2 2 2 2 2 2 2
left_child=1 2 3 4 -1 -6 -7 8 9 -2 11 12 13 -10
right_child=7 -3 -4 -5 5 6 -8 -9 10 -11 -12 -13 -14 -15
leaf_value=0.0057532153980375585 0.0091423483025230307 0.054316286645245029 -0.17918460922049625 0.15207775595736991 -0.31183360132944676 0.10574588318084997 -0.15513632632546914 -0.017093529268990274 -0.037297952030174331 -0.16420444156497785 0.23157854437374989 0.15395046568049464 -0.12023348873256656 0.7276823172995518
leaf_weight=1776 2487 1486 100 216 124 150 128 7461 216 498 291 408 498 81
leaf_count=1776 2487 1486 100 216 124 150 128 7461 216 498 291 408 498 81
internal_value=7.19579e-06 0.0154474 -0.00777422 -0.000255687 -0.0156769 -0.109261 -0.0149912 -0.00514384 0.0147585 -0.020004 0.0840488 0.0475513 -0.00767452 0.179927
internal_weight=15920 3980 2494 2394 2178 402 278 11940 4479 2985 1494 1203 795 297
internal_count=15920 3980 2494 2394 2178 402 278 11940 4479 2985 1494 1203 795 297
is_linear=0
shrinkage=0.05


Tree=232
num_leaves=15
num_cat=0
split_feature=12 8 1 9 6 7 1 3 7 6 14 3 6 5
split_gain=509.835 929.139 885.018 849.998 941.326 1098.4 2868.92 3185.14 2034.05 1600.72 5884.56 4698.87 2348.19 1511.35
threshold=179.50000000000003 141.50000000000003 13.500000000000002 192.50000000000003 191.50000000000003 179.50000000000003 12.500000000000002 1.5000000000000002 181.50000000000003 175.50000000000003 104.50000000000001 3.5000000000000004 172.50000000000003 173.50000000000003
decision_type=2 2 2 2 2 2 2 2 2 2 2 2 2 2
left_child=3 2 -2 4 5 9 7 -7 -8 12 -11 13 -1 -12
right_child=1 -3 -4 -5 -6 6 8 -9 -10 10 11 -13 -14 -15
leaf_value=-0.00047641395840777401 0.23297250073728631 -0.022042510400458081 0.027586586705368499 -0.12364985033975427 0.11057391172747999 -0.028446184347073241 -0.15720012080079568 -0.45578072695171135 0.13172457923075395 0.38427854792939292 0.19772230499617804 -0.3334205334642153 -0.19492065061067654 -0.014870980612155936
leaf_weight=14080 98 200 110 136 184 91 91 80 162 121 144 82 152 189
leaf_count=14080 98 200 110 136 184 91 91 80 162 121 144 82 152 189
internal_value=1.3983e-05 0.0548424 0.127552 -0.00144533 -0.000324595 -0.0017037 -0.080572 -0.235637 0.0267705 0.000587175 0.085004 -0.00579032 -0.00262084 0.0786262
internal_weight=15920 408 208 15512 15376 15192 424 171 253 14768 536 415 14232 333
internal_count=15920 408 208 15512 15376 15192 424 171 253 14768 536 415 14232 333
is_linear=0
shrinkage=0.05


Tree=233
num_leaves=15
num_cat=0
split_feature=6 5 12 12 5 11 12 11 4 1 7 13 1 9
split_gain=503.781 984.479 1504.49 8173.25 8417.81 7296.42 5319.47 4554.17 4541.57 15727.9 5076.06 5430.81 6199.54 4466.48
threshold=21.500000000000004 21.500000000000004 84.500000000000014 89.500000000000014 103.50000000000001 81.500000000000014 82.500000000000014 87.500000000000014 1.5000000000000002 12.500000000000002 103.50000000000001 116.50000000000001 7.5000000000000009 109.50000000000001
decision_type=2 2 2 2 2 2 2 2 2 2 2 2 2 2
left_child=-1 -2 6 4 -4 -5 8 -7 9 10 11 12 -3 -10
right_child=1 2 3 5 -6 7 -8 -9 13 -11 -12 -13 -14 -15
leaf_value=-0.027006037070952907 -0.074707936234282499 -0.088397496549800211 -0.55947335189894631 -0.42085686866747274 0.027672966547374035 0.23948655211344 0.38926358410977935 0.0012699434664520438 0.0055978339571917512 0.58186192757317001 0.3076437554478646 -0.41287069104611879 0.32174759714139833 -0.32020842769277208
leaf_weight=1552 392 338 128 96 112 200 96 9424 3008 149 120 80 121 104
leaf_count=1552 392 338 128 96 112 200 96 9424 3008 149 120 80 121 104
internal_value=9.42278e-06 0.00293595 0.00513965 -0.00527945 -0.290499 0.00190874 0.0309543 0.0063422 0.0216947 0.126923 0.0204538 -0.0457245 0.0220256 -0.00578648
internal_weight=15920 14368 13976 9960 240 9720 4016 9624 3920 808 659 539 459 3112
internal_count=15920 14368 13976 9960 240 9720 4016 9624 3920 808 659 539 459 3112
is_linear=0
shrinkage=0.05


Tree=234
num_leaves=15
num_cat=0
split_feature=1 12 10 7 14 13 8 11 11 7 7 7 11 8
split_gain=468.959 1455.67 2209.55 1553.37 1143.71 1376.28 986.708 819.356 763.465 683.738 3160.92 5151.87 4211.06 3018.64
threshold=21.500000000000004 141.50000000000003 142.50000000000003 130.50000000000003 117.50000000000001 119.50000000000001 106.50000000000001 109.50000000000001 122.50000000000001 132.50000000000003 116.50000000000001 115.50000000000001 81.500000000000014 112.50000000000001
decision_type=2 2 2 2 2 2 2 2 2 2 2 2 2 2
left_child=9 3 -3 4 5 6 7 -2 -8 10 11 -1 -12 -14
right_child=1 2 -4 -5 -6 -7 8 -9 -10 -11 12 -13 13 -15
leaf_value=0.0033154475689925883 -0.012303633813344345 -0.33033188174488726 -0.02202137677964789 0.19697006385815277 -0.14981152978377277 0.15828650594882979 -0.19527195979309969 0.15829292224610556 -0.019896007944588311 -0.014226513536279068 -0.22573047629466247 -0.3440937414213463 0.0029720419603193695 0.16980279281656263
leaf_weight=8959 406 88 157 84 142 115 116 80 130 4271 97 103 424 748
leaf_count=8959 406 88 157 84 142 115 116 80 130 4271 97 103 424 748
internal_value=8.49649e-06 -0.0284971 -0.137153 -0.00316637 -0.0210701 0.00126598 -0.024309 0.0171041 -0.104836 0.00259033 0.0095462 -0.000820829 0.0832904 0.109717
internal_weight=15920 1318 245 1073 989 847 732 486 246 14602 10331 9062 1269 1172
internal_count=15920 1318 245 1073 989 847 732 486 246 14602 10331 9062 1269 1172
is_linear=0
shrinkage=0.05


Tree=235
num_leaves=15
num_cat=0
split_feature=12 8 14 1 14 7 1 9 7 5 14 9 7 5
split_gain=463.823 828.718 838.445 815.526 801.373 4238.56 8637.66 8296.5 5504.79 7996.98 4370.89 4098.55 2310.99 2059.63
threshold=179.50000000000003 141.50000000000003 147.50000000000003 13.500000000000002 141.50000000000003 25.500000000000004 10.500000000000002 98.500000000000014 97.500000000000014 115.50000000000001 161.50000000000003 112.50000000000001 118.50000000000001 149.50000000000003
decision_type=2 2 2 2 2 2 2 2 2 2 2 2 2 2
left_child=4 3 -3 -2 -1 6 -6 -7 9 -9 -8 12 -10 -13
right_child=1 2 -4 -5 5 7 10 8 11 -11 -12 13 -14 -15
leaf_value=0.0049750222457725819 0.22214807167251427 -0.13304548797643054 0.068415423943582229 0.025072798007370341 0.55220840163528917 -0.39178143658474845 0.26414792891752364 -0.63331069703074716 0.28902219517220712 -0.037723887804337969 -0.18359018874622576 -0.12985702548758127 0.026934342629769271 -0.0046877729128002137
leaf_weight=11806 98 87 113 110 90 153 82 82 169 162 141 379 165 2283
leaf_count=11806 98 87 113 110 90 153 82 82 169 162 141 379 165 2283
internal_value=-1.72449e-06 0.0522941 -0.0203276 0.120961 -0.00139363 -0.0216613 0.152945 -0.0379698 -0.0206841 -0.246578 -0.0167688 -0.00190671 0.161855 -0.0227187
internal_weight=15920 408 200 208 15512 3706 313 3393 3240 244 223 2996 334 2662
internal_count=15920 408 200 208 15512 3706 313 3393 3240 244 223 2996 334 2662
is_linear=0
shrinkage=0.05


Tree=236
num_leaves=15
num_cat=0
split_feature=6 3 6 5 4 1 9 12 5 7 5 11 12 14
split_gain=488.787 964.187 914.221 6203.45 2816.69 9441.35 13690.7 22333.8 12548.3 2652.5 3842.33 2811.24 4891.9 6085.91
threshold=21.500000000000004 5.5000000000000009 99.500000000000014 80.500000000000014 1.5000000000000002 7.5000000000000009 21.500000000000004 145.50000000000003 24.500000000000004 105.50000000000001 104.50000000000001 25.500000000000004 85.500000000000014 99.500000000000014
decision_type=2 2 2 2 2 2 2 2 2 2 2 2 2 2
left_child=1 -1 4 -4 5 -2 -7 8 -8 10 -5 -11 13 -13
right_child=2 -3 3 9 -6 6 7 -9 -10 11 -12 12 -14 -15
leaf_value=-0.013293606683378542 -0.05144505671704256 -0.14330505021502202 -0.41289572275934683 -0.34496223573756013 -0.00032409326987867048 -0.07407106650651607 0.98666526656853015 -0.1561037040482729 0.24383250658001218 -0.27815817229888018 -0.042395582306488426 0.54055629603482869 0.001752359325892803 0.074556943273381984
leaf_weight=1398 599 154 88 112 4016 224 141 112 100 80 1040 86 7456 314
leaf_count=1398 599 154 88 112 4016 224 141 112 100 80 1040 86 7456 314
internal_value=-2.59737e-06 -0.026613 0.00288006 -0.00660691 0.0196369 0.0875159 0.230978 0.422881 0.689657 -0.0024479 -0.0731754 0.00785861 0.0109463 0.180183
internal_weight=15920 1552 14368 9176 5192 1176 577 353 241 9088 1152 7936 7856 400
internal_count=15920 1552 14368 9176 5192 1176 577 353 241 9088 1152 7936 7856 400
is_linear=0
shrinkage=0.05


Tree=237
num_leaves=15
num_cat=0
split_feature=12 7 3 3 8 11 11 11 11 13 10 5 0 12
split_gain=470.679 2135.35 2101.64 16340.4 2478.84 2969.53 2238.58 1957.18 1633.37 1924.88 4635.65 3038.03 2783.75 4365.8
threshold=159.50000000000003 181.50000000000003 4.5000000000000009 5.5000000000000009 129.50000000000003 170.50000000000003 168.50000000000003 156.50000000000003 132.50000000000003 72.500000000000014 157.50000000000003 154.50000000000003 4.5000000000000009 147.50000000000003
decision_type=2 2 2 2 2 2 2 2 2 2 2 2 2 2
left_child=8 2 4 -4 7 6 -6 -2 -1 10 -10 -11 13 -12
right_child=1 -3 3 -5 5 -7 -8 -9 9 11 12 -13 -14 -15
leaf_value=0.0044518892429955877 -0.16394042401854489 -0.16012823519190689 -0.67821355171939912 0.11732986545758012 0.14671300763995251 0.030684173246032932 0.43615722210968244 0.038260980201514014 0.28331265999131822 -0.14275571542882151 -0.43891913307663266 -0.012441465372157401 0.090032333506029211 0.049859300941305681
leaf_weight=11512 168 144 80 264 368 568 80 384 141 739 84 1124 172 92
leaf_count=11512 168 144 80 264 368 568 80 384 141 739 84 1124 172 92
internal_value=2.71977e-06 0.0222977 0.0364188 -0.0747462 0.0609671 0.10713 0.202643 -0.0241978 -0.00331043 -0.0412324 0.0467043 -0.0643772 -0.0518179 -0.189102
internal_weight=15920 2056 1912 344 1568 1016 448 552 13864 2352 489 1863 348 176
internal_count=15920 2056 1912 344 1568 1016 448 552 13864 2352 489 1863 348 176
is_linear=0
shrinkage=0.05


Tree=238
num_leaves=15
num_cat=0
split_feature=2 14 14 3 5 13 14 10 14 14 14 4 5 3
split_gain=466.744 1446.48 1271.34 1534.25 1212.67 1140.05 1229.63 1214.39 1261.93 1087.31 2364.9 3011.89 2233.41 3863.15
threshold=1.0000000180025095e-35 163.50000000000003 150.50000000000003 3.5000000000000004 110.50000000000001 166.50000000000003 170.50000000000003 96.500000000000014 177.50000000000003 156.50000000000003 159.50000000000003 1.5000000000000002 161.50000000000003 2.5000000000000004
decision_type=2 2 2 2 2 2 2 2 2 2 2 2 2 2
left_child=1 2 4 -4 -1 7 -7 -3 -9 -2 -11 -12 13 -13
right_child=9 5 3 -5 -6 6 -8 8 -10 10 11 12 -14 -15
leaf_value=-0.011126063950718657 0.0019324295977799629 0.30448544246369397 -0.026520557455116452 -0.26027667714703467 0.054475093857077633 0.12779745108852483 -0.10727325632002234 0.17190935970136892 -0.039158931237955892 -0.20006865301339205 0.08822421233025253 -0.033732696825277547 0.012921010656840207 -0.27127018737015673
leaf_weight=1901 9888 82 292 88 1113 94 122 173 115 198 472 506 621 255
leaf_count=1901 9888 82 292 88 1113 94 122 173 115 198 472 506 621 255
internal_value=-3.68936e-06 0.014814 0.00224023 -0.0833307 0.013149 0.0870038 -0.00439709 0.139709 0.0883986 -0.00494705 -0.0380214 -0.0202239 -0.0574471 -0.114579
internal_weight=15920 3980 3394 380 3014 586 216 370 288 11940 2052 1854 1382 761
internal_count=15920 3980 3394 380 3014 586 216 370 288 11940 2052 1854 1382 761
is_linear=0
shrinkage=0.05


Tree=239
num_leaves=15
num_cat=0
split_feature=2 1 1 8 8 13 8 9 1 14 13 1 1 6
split_gain=477.913 1083.91 2227.79 1566.97 1748.93 1540.48 1960.51 1803.31 1098.75 2163.39 1562.33 1402.6 2253.25 1167.14
threshold=2.5000000000000004 11.500000000000002 12.500000000000002 105.50000000000001 100.50000000000001 173.50000000000003 158.50000000000003 175.50000000000003 1.5000000000000002 71.500000000000014 96.500000000000014 6.5000000000000009 8.5000000000000018 101.50000000000001
decision_type=2 2 2 2 2 2 2 2 2 2 2 2 2 2
left_child=-1 3 -3 4 8 6 -4 -8 9 -2 11 -10 -13 -12
right_child=1 2 5 -5 -6 -7 7 -9 10 -11 13 12 -14 -15
leaf_value=-0.0050086074522658272 -0.0095296364070640675 -0.18367204204724547 -0.0053674755760298731 0.098063655337876837 -0.15487124513381639 -0.14368298246800523 0.22219249482332459 -0.04749651230390995 -0.017034411368931229 0.32349485992345706 -0.092026201763512977 0.34667918079907134 0.0088184003349182742 0.077519104977631398
leaf_weight=11940 112 166 1388 746 143 154 193 88 183 81 402 92 101 131
leaf_count=11940 112 166 1388 746 143 154 193 88 183 81 402 92 101 131
internal_value=-6.45133e-06 0.0149875 -0.0111101 0.0410213 0.00658619 0.00506261 0.0191757 0.138381 0.0281424 0.134877 0.00486663 0.0823101 0.174559 -0.0500224
internal_weight=15920 3980 1989 1991 1245 1823 1669 281 1102 193 909 376 193 533
internal_count=15920 3980 1989 1991 1245 1823 1669 281 1102 193 909 376 193 533
is_linear=0
shrinkage=0.05


Tree=240
num_leaves=15
num_cat=0
split_feature=1 14 3 13 5 3 12 13 1 7 11 11 14 6
split_gain=463.041 1982.93 1736.71 3235.1 1916.54 1922.08 1543.6 1334.61 1314.01 2599.53 2146.97 3848.39 1848.92 1684.36
threshold=19.500000000000004 135.50000000000003 4.5000000000000009 110.50000000000001 120.50000000000001 5.5000000000000009 165.50000000000003 135.50000000000003 17.500000000000004 162.50000000000003 162.50000000000003 152.50000000000003 151.50000000000003 141.50000000000003
decision_type=2 2 2 2 2 2 2 2 2 2 2 2 2 2
left_child=8 2 6 4 5 -4 7 -2 -1 10 11 13 -11 -10
right_child=1 -3 3 -5 -6 -7 -8 -9 9 12 -12 -13 -14 -15
leaf_value=-0.00144413015829781 0.015498155763034194 -0.24588349259668785 -0.067313086013458798 -0.27989585055342686 -0.20988348296734394 0.12931879018287221 0.22119972842863236 -0.18328347526059199 -0.01188872471757658 0.37325321676520012 0.14533228539786805 -0.23557506067509004 0.07690501893444579 0.16670633273368532
leaf_weight=11946 1644 88 276 148 106 218 82 84 526 91 256 160 124 171
leaf_count=11946 1644 88 276 148 106 218 82 84 526 91 256 160 124 171
internal_value=4.34685e-07 -0.0190783 -0.0108113 -0.0746322 -0.0221057 0.019886 0.0156962 0.00533424 0.00380929 0.0508944 0.0197578 -0.0183788 0.207968 0.0328026
internal_weight=15920 2646 2558 748 600 494 1810 1728 13274 1328 1113 857 215 697
internal_count=15920 2646 2558 748 600 494 1810 1728 13274 1328 1113 857 215 697
is_linear=0
shrinkage=0.05


Tree=241
num_leaves=15
num_cat=0
split_feature=2 14 14 14 6 6 1 11 6 13 10 5 12 8
split_gain=444.512 1304.66 1167.68 1475.94 1764.22 1122.45 2290.7 3072.01 2105.03 4031.07 1638.88 1481.35 1923.07 2927.04
threshold=1.0000000180025095e-35 163.50000000000003 150.50000000000003 155.50000000000003 138.50000000000003 109.50000000000001 1.0000000180025095e-35 122.50000000000001 106.50000000000001 100.50000000000001 104.50000000000001 124.50000000000001 145.50000000000003 118.50000000000001
decision_type=2 2 2 2 2 2 2 2 2 2 2 2 2 2
left_child=1 2 -1 -4 -5 8 7 -7 11 -10 -11 12 13 -2
right_child=5 -3 3 4 -6 6 -8 -9 9 10 -12 -13 -14 -15
leaf_value=0.012971203764249659 0.010410620847233723 0.083018951891651996 -0.25059986031271125 -0.21398260088307178 0.05422987216195771 -0.37432792751978222 -0.015082590340030495 0.030526408990531158 -0.037871787034589606 0.43914425294565906 0.13348862068355083 0.19824875941009901 -0.13452378746470009 -0.2536437102776265
leaf_weight=3014 5478 586 90 81 209 99 5463 84 189 88 95 90 252 102
leaf_count=3014 5478 586 90 81 209 99 5463 84 189 88 95 90 252 102
internal_value=-1.2662e-06 0.0144592 0.00251714 -0.0794917 -0.0230417 -0.00482546 -0.0210025 -0.192624 0.00969118 0.12425 0.288241 0.00239625 -0.000793397 0.00536107
internal_weight=15920 3980 3394 380 290 11940 5646 183 6294 372 183 5922 5832 5580
internal_count=15920 3980 3394 380 290 11940 5646 183 6294 372 183 5922 5832 5580
is_linear=0
shrinkage=0.05


Tree=242
num_leaves=15
num_cat=0
split_feature=14 10 11 1 8 8 9 5 9 5 4 12 3 1
split_gain=451.767 1899.29 3935.48 1228.54 1294.72 4508.65 3985.38 3042.03 2329.84 1965.28 926.641 2438.31 9412.41 4294.35
threshold=22.500000000000004 167.50000000000003 156.50000000000003 1.0000000180025095e-35 118.50000000000001 108.50000000000001 122.50000000000001 156.50000000000003 103.50000000000001 61.500000000000007 1.5000000000000002 163.50000000000003 4.5000000000000009 6.5000000000000009
decision_type=2 2 2 2 2 2 2 2 2 2 2 2 2 2
left_child=1 2 3 -1 5 8 -6 -8 9 -5 11 13 -13 -2
right_child=10 -3 -4 4 6 -7 7 -9 -10 -11 -12 12 -14 -15
leaf_value=-0.17298610407689757 -0.040499471108085924 -0.19075520931667575 0.31486406552240903 -0.0089237464177901286 -0.39220281537114221 0.35322057357721631 -0.194600380727878 0.20218079600808692 -0.20132614176284958 0.23372359774833501 -0.0033684948662341184 0.036705929054298057 -0.50691939155757426 0.094272658998008768
leaf_weight=116 902 143 87 2807 83 82 86 98 149 81 9106 388 95 1697
leaf_count=116 902 143 87 2807 83 82 86 98 149 81 9106 388 95 1697
internal_value=-6.19516e-06 -0.0152156 -0.00796579 -0.0164233 -0.0108125 -0.0016861 -0.115433 0.0164867 -0.0118335 -0.00172601 0.00465531 0.0283293 -0.0743166 0.0475112
internal_weight=15920 3732 3589 3502 3386 3119 267 184 3037 2888 12188 3082 483 2599
internal_count=15920 3732 3589 3502 3386 3119 267 184 3037 2888 12188 3082 483 2599
is_linear=0
shrinkage=0.05


Tree=243
num_leaves=15
num_cat=0
split_feature=12 7 3 3 8 11 11 5 5 11 11 0 1 3
split_gain=483.54 1956.34 1648.74 14496.3 2075.26 2638.02 2043.67 1777.86 1882.22 1522.86 1697 1911.2 3879.93 2852.31
threshold=159.50000000000003 181.50000000000003 4.5000000000000009 5.5000000000000009 129.50000000000003 170.50000000000003 168.50000000000003 159.50000000000003 125.50000000000001 132.50000000000003 137.00000000000003 2.5000000000000004 17.500000000000004 4.5000000000000009
decision_type=2 2 2 2 2 2 2 2 2 2 2 2 2 2
left_child=9 2 4 -4 7 6 -6 8 -2 -1 -11 12 -12 -13
right_child=1 -3 3 -5 5 -7 -8 -9 -10 10 11 13 -14 -15
leaf_value=0.0041237281950145498 -0.049237714981538928 -0.15203588997770179 -0.63085717217887149 0.11839838764045152 0.13672405310997604 0.02802733120485737 0.41310595874400707 -0.16801813163813328 0.16998150096672357 -0.17193910354133107 -0.19895674686720072 -0.029439363935451532 0.087746250162167208 0.14587146158055056
leaf_weight=11512 256 144 80 264 368 568 80 144 152 216 364 1326 170 276
leaf_count=11512 256 144 80 264 368 568 80 144 152 216 364 1326 170 276
internal_value=-1.33673e-05 0.0225842 0.0360978 -0.0623888 0.0578341 0.10007 0.190093 -0.0201053 0.0335013 -0.00337147 -0.0399881 -0.0262743 -0.107717 0.00112389
internal_weight=15920 2056 1912 344 1568 1016 448 552 408 13864 2352 2136 534 1602
internal_count=15920 2056 1912 344 1568 1016 448 552 408 13864 2352 2136 534 1602
is_linear=0
shrinkage=0.05


Tree=244
num_leaves=15
num_cat=0
split_feature=6 3 6 6 5 5 5 0 9 5 10 13 1 4
split_gain=458.675 905.703 887.643 3991.55 11802.5 3315.23 6346.22 2536.55 4293.65 3614.11 5745.32 4915.17 3399.48 11358.1
threshold=21.500000000000004 5.5000000000000009 100.50000000000001 103.50000000000001 95.500000000000014 102.50000000000001 103.50000000000001 4.5000000000000009 156.50000000000003 24.500000000000004 44.500000000000007 154.50000000000003 13.500000000000002 1.5000000000000002
decision_type=2 2 2 2 2 2 2 2 2 2 2 2 2 2
left_child=1 -1 7 4 -4 -5 -7 9 -9 10 12 -11 -2 -14
right_child=2 -3 3 5 -6 6 -8 8 -10 11 -12 -13 13 -15
leaf_value=-0.012885931264180943 -0.12424032934758188 -0.1388926524809509 -0.68398874485974803 0.12963206367249461 -0.020810997804698465 -0.33039465652616234 -0.0010411144347213343 0.038375822002087348 0.32583158968329218 0.0059927364937042357 -0.45036375000772461 0.28843639125558418 0.56175561675676311 -0.04379318618986653
leaf_weight=1398 656 154 80 464 320 144 7960 2568 132 1106 88 174 84 592
leaf_count=1398 656 154 80 464 320 144 7960 2568 132 1106 88 174 84 592
internal_value=-1.73538e-05 -0.0257951 0.0027751 -0.00686799 -0.160253 0.000382148 -0.00709351 0.0187813 0.0530055 -0.0154776 -0.0702842 0.0453603 -0.0435835 0.0350245
internal_weight=15920 1552 14368 8968 400 8568 8104 5400 2700 2700 1420 1280 1332 676
internal_count=15920 1552 14368 8968 400 8568 8104 5400 2700 2700 1420 1280 1332 676
is_linear=0
shrinkage=0.05


Tree=245
num_leaves=15
num_cat=0
split_feature=14 7 9 1 7 9 14 9 5 5 3 11 4 13
split_gain=477.888 3398.82 8068.45 7433.09 3987.89 9394.34 3681.91 3198.76 2362.37 3423.39 2628.42 2537.7 5880.61 4256.2
threshold=138.50000000000003 25.500000000000004 98.500000000000014 10.500000000000002 97.500000000000014 119.50000000000001 161.50000000000003 112.50000000000001 181.50000000000003 177.50000000000003 2.5000000000000004 166.50000000000003 1.5000000000000002 106.50000000000001
decision_type=2 2 2 2 2 2 2 2 2 2 2 2 2 2
left_child=8 3 -3 -2 5 -4 -5 -6 9 11 -10 -1 13 -13
right_child=1 2 4 6 7 -7 -8 -9 10 -11 -12 12 -14 -15
leaf_value=0.00989799831679237 0.5069161111853786 -0.37341275582999783 -0.6323662877345787 0.21483987261319448 0.14575022414119043 -0.011577479685846362 -0.17338815096842305 -0.013768844460696976 -0.015645459751513872 -0.30655677201163573 0.37151448567873679 -0.064985658438957261 0.020804413140352283 -0.54526945048322284
leaf_weight=11007 92 157 80 100 346 216 141 2998 83 84 87 87 345 97
leaf_count=11007 92 157 80 100 346 216 141 2998 83 84 87 87 345 97
internal_value=-2.36508e-05 -0.01465 -0.028141 0.137321 -0.012757 -0.187076 -0.0112052 0.00292938 0.00510395 0.00235687 0.187443 0.00473808 -0.101713 -0.325906
internal_weight=15920 4130 3797 333 3640 296 241 3344 11790 11620 170 11536 529 184
internal_count=15920 4130 3797 333 3640 296 241 3344 11790 11620 170 11536 529 184
is_linear=0
shrinkage=0.05


Tree=246
num_leaves=15
num_cat=0
split_feature=1 14 5 5 9 11 10 7 6 1 7 3 13 13
split_gain=457.245 1802.93 1676.22 1977.42 1209.76 1372.34 1183.12 2107.61 2500.44 1130.44 2402.36 1939.35 9396.69 2869.64
threshold=19.500000000000004 135.50000000000003 160.50000000000003 153.50000000000003 160.50000000000003 153.50000000000003 129.50000000000003 113.50000000000001 129.50000000000003 17.500000000000004 162.50000000000003 4.5000000000000009 142.50000000000003 153.50000000000003
decision_type=2 2 2 2 2 2 2 2 2 2 2 2 2 2
left_child=9 2 3 4 5 6 -2 -8 -9 -1 11 13 -13 -11
right_child=1 -3 -4 -5 -6 -7 7 8 -10 10 -12 12 -14 -15
leaf_value=-0.0011238690883112301 0.0053213343786863258 -0.23526325290321665 -0.21499015696961241 0.19938440961034404 -0.14480511958446401 0.10262435688723753 -0.28930138486810025 0.062027703131058522 -0.19143360952846708 0.044132130508263985 0.19841731589456851 -0.045995097591104102 0.53933589734333132 -0.15602657189897517
leaf_weight=11946 1433 88 92 110 157 264 95 257 150 509 215 244 90 270
leaf_count=11946 1433 88 92 110 157 264 95 257 150 509 215 244 90 270
internal_value=-3.60829e-05 -0.018995 -0.0111105 -0.00308469 -0.0129401 -0.00321827 -0.0178861 -0.0835327 -0.0325751 0.00374887 0.0474213 0.0174962 0.117357 -0.0257951
internal_weight=15920 2646 2558 2466 2356 2199 1935 502 407 13274 1328 1113 334 779
internal_count=15920 2646 2558 2466 2356 2199 1935 502 407 13274 1328 1113 334 779
is_linear=0
shrinkage=0.05


Tree=247
num_leaves=15
num_cat=0
split_feature=14 5 5 13 14 14 12 13 13 13 13 7 1 4
split_gain=453.452 2889.42 8220.03 7390.12 3144.28 2223.58 2050.91 1620.63 4847.35 1906.76 1526.31 3526.73 4524.1 6395.14
threshold=149.50000000000003 25.500000000000004 103.50000000000001 102.50000000000001 169.50000000000003 159.50000000000003 106.50000000000001 148.50000000000003 26.500000000000004 158.50000000000003 167.50000000000003 22.500000000000004 15.500000000000002 1.5000000000000002
decision_type=2 2 2 2 2 2 2 2 2 2 2 2 2 2
left_child=10 3 -3 -2 -5 6 -4 8 -8 -9 -1 -12 13 -13
right_child=1 2 5 4 -6 -7 7 9 -10 -11 11 12 -14 -15
leaf_value=0.0003338582579438718 0.50874883915696834 -0.45242140157198585 -0.28963748944114964 0.12174465080015923 -0.26770519533578091 0.011186322310786048 0.010461690096764377 0.1754600278709246 -0.46413515374940983 -0.054806236233743068 -0.091458508663345137 0.50799256213379251 -0.10406357900398533 0.060660560523917412
leaf_weight=11752 86 106 101 128 80 2278 146 110 80 407 204 136 118 188
leaf_count=11752 86 106 101 128 80 2278 146 110 80 407 204 136 118 188
internal_value=-3.62833e-05 -0.0158556 -0.0295874 0.132887 -0.0308118 -0.0145306 -0.0835991 -0.0538423 -0.163947 -0.00460204 0.00446222 0.0789859 0.157796 0.253296
internal_weight=15920 3522 3228 294 208 3122 844 743 226 517 12398 646 442 324
internal_count=15920 3522 3228 294 208 3122 844 743 226 517 12398 646 442 324
is_linear=0
shrinkage=0.05


Tree=248
num_leaves=15
num_cat=0
split_feature=14 5 4 8 8 8 9 13 12 4 12 3 1 1
split_gain=457.714 1864.06 8625.36 1703.99 4369.67 2709.65 1665.05 3460.53 1879.96 1393.16 1171.59 2084.13 3716.51 4656.3
threshold=22.500000000000004 164.50000000000003 1.5000000000000002 131.50000000000003 118.50000000000001 108.50000000000001 103.50000000000001 107.50000000000001 103.50000000000001 1.5000000000000002 22.500000000000004 4.5000000000000009 14.500000000000002 7.5000000000000009
decision_type=2 2 2 2 2 2 2 2 2 2 2 2 2 2
left_child=1 3 -3 4 5 6 8 -8 10 -5 11 -1 13 -13
right_child=-2 2 -4 9 -6 -7 7 -9 -10 -11 -12 12 -14 -15
leaf_value=-0.029844542949626532 0.0046524803752220458 -0.50101653262972834 0.17139903220813724 0.24467911630616351 -0.36554655743570164 0.24591061875079442 0.070316408878686482 -0.33832989570280886 0.21255477398323516 -0.01646116612915029 -0.057475471130431589 -0.0075264208795686157 -0.05358331514016345 0.32974836352098336
leaf_weight=1208 12188 91 91 113 82 98 93 108 91 89 955 188 306 219
leaf_count=1208 12188 91 91 113 82 98 93 108 91 89 955 188 306 219
internal_value=-3.96125e-05 -0.0153488 -0.169215 -0.00723354 -0.0158187 -0.00649266 -0.0146758 -0.152137 -0.00512315 0.132004 -0.0123677 0.0101481 0.0776415 0.175755
internal_weight=15920 3732 182 3550 3348 3266 3168 201 2967 202 2876 1921 713 407
internal_count=15920 3732 182 3550 3348 3266 3168 201 2967 202 2876 1921 713 407
is_linear=0
shrinkage=0.05


Tree=249
num_leaves=15
num_cat=0
split_feature=2 1 1 8 13 8 9 14 11 12 14 13 5 14
split_gain=444.972 1012.13 2039.97 1415.34 1408.66 1734.96 1619.85 1238.2 1625.11 1367.16 1359.13 1076.65 1027.11 915.847
threshold=2.5000000000000004 11.500000000000002 12.500000000000002 113.50000000000001 173.50000000000003 158.50000000000003 175.50000000000003 116.50000000000001 80.500000000000014 111.50000000000001 106.50000000000001 63.500000000000007 159.50000000000003 141.50000000000003
decision_type=2 2 2 2 2 2 2 2 2 2 2 2 2 2
left_child=-1 3 12 7 5 13 -7 10 -9 -10 -2 -5 -3 -4
right_child=1 2 4 11 -6 6 -8 8 9 -11 -12 -13 -14 -15
leaf_value=-0.0048657336301880672 0.010883442848051423 -0.042334783451960373 0.018365894365509873 0.24005148461073397 -0.13755170462313313 0.20975908340528759 -0.045810641548646391 0.074154253029177483 -0.3163581465392612 -0.03385941049745006 0.14793878584798123 0.069422484622063005 -0.29102612976189496 -0.075321301016741851
leaf_weight=11940 982 80 1046 118 154 193 88 102 81 88 217 403 86 342
leaf_count=11940 982 80 1046 118 154 193 88 102 81 88 217 403 86 342
internal_value=-3.90529e-05 0.0144289 -0.0107897 0.0395861 0.00468668 0.0181828 0.130321 0.0143479 -0.0812363 -0.174458 0.0361996 0.109982 -0.175917 -0.00490591
internal_weight=15920 3980 1989 1991 1823 1669 281 1470 271 169 1199 521 166 1388
internal_count=15920 3980 1989 1991 1823 1669 281 1470 271 169 1199 521 166 1388
is_linear=0
shrinkage=0.05


Tree=250
num_leaves=15
num_cat=0
split_feature=9 12 0 12 9 10 4 6 11 13 5 11 7 11
split_gain=444.752 674.983 1393.59 2997.07 2245.25 2892.56 6190.56 2297.46 1310.77 1978.1 3679.13 2529.01 3455.91 3121.02
threshold=192.50000000000003 159.50000000000003 4.5000000000000009 161.50000000000003 174.50000000000003 162.50000000000003 1.5000000000000002 180.50000000000003 125.50000000000001 79.500000000000014 119.50000000000001 163.50000000000003 103.50000000000001 157.50000000000003
decision_type=2 2 2 2 2 2 2 2 2 2 2 2 2 2
left_child=1 8 4 -4 5 -3 -7 -6 -1 10 -10 12 -11 -14
right_child=-2 2 3 -5 7 6 -8 -9 9 11 -12 -13 13 -15
leaf_value=0.0043068111612682251 -0.083779023492198665 0.13914729354500857 0.25625364885375068 -0.042021757686611844 0.23192339342964796 -0.4126682467906192 0.047840700930441328 -0.066844953938442128 0.2724371034651995 -0.39200166055271701 -0.024805676388584885 0.020417123724245541 -0.042835070948115631 -0.26533600626765075
leaf_weight=11224 152 252 88 888 288 96 260 80 133 88 421 684 1086 180
leaf_count=11224 152 252 88 888 288 96 260 80 133 88 421 684 1086 180
internal_value=-3.9872e-05 0.000793657 0.0282765 -0.0139591 0.0703679 0.0110263 -0.0803371 0.166948 -0.00309809 -0.0351097 0.0483526 -0.0578605 -0.0973336 -0.0753896
internal_weight=15920 15768 1952 976 976 608 356 368 13816 2592 554 2038 1354 1266
internal_count=15920 15768 1952 976 976 608 356 368 13816 2592 554 2038 1354 1266
is_linear=0
shrinkage=0.05


Tree=251
num_leaves=15
num_cat=0
split_feature=12 9 13 6 6 4 5 6 13 5 6 5 8 8
split_gain=444.458 698.009 820.103 790.462 796.533 6449.44 2544.42 1494.64 3322.43 2319 1994.21 1139.43 1110.52 1259.77
threshold=179.50000000000003 192.50000000000003 194.50000000000003 191.50000000000003 179.50000000000003 1.5000000000000002 183.50000000000003 176.50000000000003 23.500000000000004 171.50000000000003 174.50000000000003 177.50000000000003 176.50000000000003 163.50000000000003
decision_type=2 2 2 2 2 2 2 2 2 2 2 2 2 2
left_child=1 2 3 4 7 -6 -7 10 -9 -10 12 -11 13 -1
right_child=-2 -3 -4 -5 5 6 -8 8 9 11 -12 -13 -14 -15
leaf_value=0.00010005710146876336 0.051148989515550462 -0.11214713970503064 0.15448853278861327 0.10037050613414043 -0.34819684477536372 0.21340262582525613 -0.089491488045095505 -0.15769788794611631 0.37731594927240125 -0.055056000247106454 -0.2019886255187914 0.19494546197194568 0.11648758144548098 -0.074126935259507684
leaf_weight=13445 408 136 80 184 134 141 128 90 96 86 120 88 192 592
leaf_count=13445 408 136 80 184 134 141 128 90 96 86 120 88 192 592
internal_value=-4.34978e-05 -0.00140602 -0.000390383 -0.00125064 -0.00252074 -0.0714337 0.0702716 -0.000609018 0.0993081 0.186286 -0.00314954 0.0732952 -0.00140227 -0.00305569
internal_weight=15920 15512 15376 15296 15112 403 269 14709 360 270 14349 174 14229 14037
internal_count=15920 15512 15376 15296 15112 403 269 14709 360 270 14349 174 14229 14037
is_linear=0
shrinkage=0.05


Tree=252
num_leaves=15
num_cat=0
split_feature=1 1 13 5 7 14 4 3 2 11 11 10 8 8
split_gain=444.247 1391.88 2162.74 1635.01 1901.76 973.263 844.397 1547.78 766.296 738.02 3172.16 6796.95 2541.6 2397.51
threshold=21.500000000000004 22.500000000000004 116.50000000000001 26.500000000000004 124.50000000000001 103.50000000000001 1.5000000000000002 3.5000000000000004 2.5000000000000004 105.50000000000001 101.50000000000001 113.50000000000001 166.50000000000003 158.50000000000003
decision_type=2 2 2 2 2 2 2 2 2 2 2 2 2 2
left_child=9 2 3 -2 5 -5 7 -3 -8 10 12 -12 13 -1
right_child=1 6 -4 4 -6 -7 8 -9 -10 -11 11 -13 -14 -15
leaf_value=0.00097965026672652638 -0.0080310272772978874 -0.03173099374306379 0.091807025965607303 -0.38721011732623245 -0.041777047980576756 -0.15321638785694777 0.024342143849606528 0.24719786817705869 -0.12144344300955288 0.013776792810444942 -0.044730195117123131 -0.49076798634954022 -0.2579204396123157 0.21543897085129882
leaf_weight=6470 189 96 142 109 131 90 349 96 116 7258 562 96 88 128
leaf_count=6470 189 96 142 109 131 90 349 96 116 7258 562 96 88 128
internal_value=-3.86613e-05 -0.027783 -0.0787411 -0.125834 -0.192177 -0.287733 0.0236928 0.110468 -0.0129309 0.00247424 -0.00869772 -0.113016 0.0016455 0.00530011
internal_weight=15920 1318 661 519 330 199 657 192 465 14602 7344 658 6686 6598
internal_count=15920 1318 661 519 330 199 657 192 465 14602 7344 658 6686 6598
is_linear=0
shrinkage=0.05


Tree=253
num_leaves=15
num_cat=0
split_feature=7 7 8 6 9 4 14 5 5 5 5 5 9 14
split_gain=423.592 975.346 1565.35 2384.57 1095.64 1598.27 1030.29 3301.3 9764.5 7539.43 2333.69 2385.54 4080.06 4082.96
threshold=188.50000000000003 179.50000000000003 169.50000000000003 175.50000000000003 180.50000000000003 1.5000000000000002 149.50000000000003 26.500000000000004 22.500000000000004 103.50000000000001 179.50000000000003 151.50000000000003 160.50000000000003 22.500000000000004
decision_type=2 2 2 2 2 2 2 2 2 2 2 2 2 2
left_child=1 4 -3 -4 6 -6 10 8 -8 -9 11 -1 -13 -14
right_child=-2 2 3 -5 5 -7 7 9 -10 -11 -12 12 13 -15
leaf_value=-0.00031938139651159747 0.063122162638210702 0.021993568005914593 -0.0092832559706471484 -0.31216741282343863 0.18818019540862196 0.0091635881855724327 -0.057130385587904266 -0.46810313722896346 0.55922944703354283 -0.030506260639197588 -0.19889839329897502 0.17234352725191099 -0.30130661592900176 0.042533347845783422
leaf_weight=10652 256 240 136 120 184 368 216 98 86 2247 134 556 98 529
leaf_count=10652 256 240 136 120 184 368 216 98 86 2247 134 556 98 529
internal_value=-5.15365e-05 -0.00110381 -0.0697434 -0.154521 0.00116298 0.0699894 -0.00145942 -0.0296571 0.124639 -0.0497509 0.00478641 0.00717562 0.0743796 -0.0131674
internal_weight=15920 15664 496 256 15168 552 14616 2647 302 2345 11969 11835 1183 627
internal_count=15920 15664 496 256 15168 552 14616 2647 302 2345 11969 11835 1183 627
is_linear=0
shrinkage=0.05


Tree=254
num_leaves=15
num_cat=0
split_feature=1 1 4 4 3 5 14 12 11 1 12 14 4 3
split_gain=422.257 3213.45 3273.6 4356.75 2990.02 6921.16 3805.03 2050.66 4139.16 1974.93 4323.34 4873.84 4704.29 12658.7
threshold=5.5000000000000009 4.5000000000000009 2.5000000000000004 1.5000000000000002 5.5000000000000009 46.500000000000007 72.500000000000014 107.50000000000001 119.50000000000001 9.5000000000000018 108.50000000000001 167.50000000000003 2.5000000000000004 5.5000000000000009
decision_type=2 2 2 2 2 2 2 2 2 2 2 2 2 2
left_child=1 2 3 7 5 -5 -7 -1 -9 10 12 -12 -2 -14
right_child=9 -3 -4 4 -6 6 -8 8 -10 -11 11 -13 13 -15
leaf_value=0.010832885434696939 -0.053075999405525036 -0.11411075831435465 -0.058112892158858731 0.50531454321920366 -0.086913539118443933 0.27262713772864228 0.031288396332886659 -0.37290270065304715 0.025115773750469091 -0.0062329268814891791 0.23353451258274821 -0.077320487878480282 0.010027637718705108 0.54753604822308943
leaf_weight=696 1254 664 1240 112 160 216 632 113 145 9286 485 167 622 128
leaf_count=696 1254 664 1240 112 160 216 632 113 145 9286 485 167 622 128
internal_value=-5.40013e-05 -0.0141525 0.00601703 0.0444065 0.111078 0.144356 0.0939992 -0.0340368 -0.152985 0.00464632 0.042623 0.153931 0.00611595 0.104781
internal_weight=15920 3978 3314 2074 1120 960 848 954 258 11942 2656 652 2004 750
internal_count=15920 3978 3314 2074 1120 960 848 954 258 11942 2656 652 2004 750
is_linear=0
shrinkage=0.05


Tree=255
num_leaves=15
num_cat=0
split_feature=2 14 13 14 14 13 13 9 13 3 14 3 1 14
split_gain=414.319 989.704 1445.81 1381.9 2193.01 1079.43 1513.71 2825.77 911.904 1832.93 866.868 3017.78 2072.21 1416.31
threshold=2.5000000000000004 178.50000000000003 150.50000000000003 141.50000000000003 130.50000000000003 167.50000000000003 142.50000000000003 26.500000000000004 119.50000000000001 3.5000000000000004 160.50000000000003 3.5000000000000004 17.500000000000004 166.50000000000003
decision_type=2 2 2 2 2 2 2 2 2 2 2 2 2 2
left_child=-1 3 -3 4 5 6 8 -8 -2 -10 11 12 -5 -12
right_child=1 2 -4 10 -6 -7 7 -9 9 -11 13 -13 -14 -15
leaf_value=-0.0046951432309701663 0.0085866718714667552 0.26650077995433602 -0.0034591205485232247 0.048830309252447218 0.25894804531996396 0.14527162911836058 0.051152710958935879 -0.33024689773718519 0.1929936985556896 -0.061478055080201113 0.12219980235369701 -0.36112923546769155 -0.23903418664108306 -0.056307899819429574
leaf_weight=11940 2146 88 106 232 92 150 103 85 190 108 154 82 80 364
leaf_count=11940 2146 88 106 232 92 150 103 85 190 108 154 82 80 364
internal_value=-3.76811e-05 0.0139231 0.122616 0.0081991 0.025215 0.0170348 0.0094649 -0.125377 0.0200721 0.101276 -0.0452685 -0.10066 -0.0275871 -0.00257714
internal_weight=15920 3980 194 3786 2874 2782 2632 188 2444 298 912 394 312 518
internal_count=15920 3980 194 3786 2874 2782 2632 188 2444 298 912 394 312 518
is_linear=0
shrinkage=0.05


Tree=256
num_leaves=15
num_cat=0
split_feature=2 8 8 1 1 14 5 14 1 8 1 13 3 14
split_gain=425.137 1219.86 1332.47 2259.12 1094.78 2274.58 1377.31 2016.53 1059.42 1007 1175.67 1056.9 3159.36 2842.96
threshold=1.0000000180025095e-35 106.50000000000001 101.50000000000001 6.5000000000000009 18.500000000000004 128.50000000000003 94.500000000000014 25.500000000000004 1.5000000000000002 93.500000000000014 2.5000000000000004 27.500000000000004 5.5000000000000009 24.500000000000004
decision_type=2 2 2 2 2 2 2 2 2 2 2 2 2 2
left_child=1 2 8 -4 6 -6 -3 -8 -1 10 -10 12 -12 -13
right_child=-2 4 3 -5 5 -7 7 -9 9 -11 11 13 -14 -15
leaf_value=-0.11478569046301501 -0.0047530780591295979 -0.10806208014843011 0.024030025923297605 -0.28021287598495936 0.049320936647627482 -0.18294251070730388 0.2703074119926438 0.059622791242237051 0.15447570791872947 0.12164454056410907 -0.022840717595602272 0.029605983291138588 0.24842540665759125 -0.16026664294015053
leaf_weight=170 11940 100 126 112 350 145 122 1139 110 189 480 472 133 332
leaf_count=170 11940 100 126 112 350 145 122 1139 110 189 480 472 133 332
internal_value=-3.51983e-05 0.0141066 -0.0117631 -0.121963 0.0436639 -0.0198649 0.0667577 0.0809933 0.00242909 0.014341 0.000706175 -0.011732 0.0375485 -0.0493051
internal_weight=15920 3980 2124 238 1856 495 1361 1261 1886 1716 1527 1417 613 804
internal_count=15920 3980 2124 238 1856 495 1361 1261 1886 1716 1527 1417 613 804
is_linear=0
shrinkage=0.05


Tree=257
num_leaves=15
num_cat=0
split_feature=14 6 11 10 5 8 12 11 6 0 4 1 14 12
split_gain=417.409 1739.06 1424.94 2137.38 6119.98 2785.21 2230.56 2000.57 2172.07 1759.43 893.823 2207.5 5381.33 4445.35
threshold=22.500000000000004 167.50000000000003 156.50000000000003 109.50000000000001 92.500000000000014 108.50000000000001 106.50000000000001 72.500000000000014 27.500000000000004 4.5000000000000009 1.5000000000000002 6.5000000000000009 98.500000000000014 22.500000000000004
decision_type=2 2 2 2 2 2 2 2 2 2 2 2 2 2
left_child=1 2 3 5 -5 6 7 8 -1 -6 11 -2 -13 -14
right_child=10 -3 -4 4 9 -7 -8 -9 -10 -11 -12 12 13 -15
leaf_value=-0.016517873781800023 -0.037940518728964645 -0.17699399658396275 0.14392148728463675 -0.47869945096392785 0.1266059371513816 0.24401916659969305 0.23664337908953767 -0.20544410276744102 0.22927427319909938 -0.13064751047367121 -0.0034317535236545703 0.2058023282765381 -0.2470895448924611 0.038607878261724411
leaf_weight=2682 902 153 144 88 125 107 84 130 88 131 9106 460 144 1576
leaf_count=2682 902 153 144 88 125 107 84 130 88 131 9106 460 144 1576
internal_value=-3.21265e-05 -0.0146518 -0.0074745 -0.0140212 -0.131313 -0.000776669 -0.00994805 -0.0174857 -0.00831028 -0.00501644 0.00444862 0.0276996 0.0548837 0.0140422
internal_weight=15920 3732 3579 3435 344 3091 2984 2900 2770 256 12188 3082 2180 1720
internal_count=15920 3732 3579 3435 344 3091 2984 2900 2770 256 12188 3082 2180 1720
is_linear=0
shrinkage=0.05


Tree=258
num_leaves=15
num_cat=0
split_feature=7 6 5 12 7 7 9 8 14 5 6 5 1 14
split_gain=416.833 2571.66 1951.14 2530.87 1775.22 3715.34 3996.59 3795.14 3519.63 4639.42 3310.65 3457.69 2953.5 2785.51
threshold=132.50000000000003 143.50000000000003 161.50000000000003 117.50000000000001 162.50000000000003 161.50000000000003 159.50000000000003 158.50000000000003 63.500000000000007 173.50000000000003 159.50000000000003 139.50000000000003 14.500000000000002 169.50000000000003
decision_type=2 2 2 2 2 2 2 2 2 2 2 2 2 2
left_child=1 -1 3 -3 5 6 7 10 9 -6 11 -2 -8 -10
right_child=4 2 -4 -5 8 -7 12 -9 13 -11 -12 -13 -14 -15
leaf_value=0.00041813240594056836 0.035038668762380126 0.0061595367796719079 -0.066987742062618885 0.29770107770493481 -0.037303915775792548 -0.33247159007219002 -0.29453251222197813 0.21651894166287333 -0.039724145768383262 0.37788724358739523 0.13396168627644178 -0.19055813339345895 -0.062820754727969566 0.087033220485554438
leaf_weight=11104 344 120 96 192 124 104 184 208 1613 140 256 328 520 587
leaf_count=11104 344 120 96 192 124 104 184 208 1613 140 256 328 520 587
internal_value=-3.16486e-05 0.00497493 0.127485 0.187436 -0.0130977 -0.0487592 -0.0318658 0.0261658 0.0150796 0.185805 -0.0174313 -0.0756682 -0.125032 -0.00578231
internal_weight=15920 11512 408 312 4408 1944 1840 1136 2464 264 928 672 704 2200
internal_count=15920 11512 408 312 4408 1944 1840 1136 2464 264 928 672 704 2200
is_linear=0
shrinkage=0.05


Tree=259
num_leaves=15
num_cat=0
split_feature=1 5 5 14 3 13 11 1 5 3 1 14 7 14
split_gain=426.215 1702.28 1576.18 1622 1291.86 3400.55 1736.92 1318.15 2135.1 1247.46 1099.17 2095.16 2974.15 2329.51
threshold=19.500000000000004 160.50000000000003 153.50000000000003 127.50000000000001 4.5000000000000009 110.50000000000001 157.50000000000003 22.500000000000004 102.50000000000001 5.5000000000000009 17.500000000000004 158.50000000000003 162.50000000000003 153.50000000000003
decision_type=2 2 2 2 2 2 2 2 2 2 2 2 2 2
left_child=10 2 3 4 6 7 -2 8 9 -6 -1 12 13 -12
right_child=1 -3 -4 -5 5 -7 -8 -9 -10 -11 11 -13 -14 -15
leaf_value=-0.0011786021638083969 0.0024160249535553693 -0.21276455148364659 0.15689677811269442 -0.14970943575128398 -0.073897516305310343 -0.30656133807506886 0.18960721153930271 0.11241005798982036 -0.2624670616750206 0.12619543240289205 0.018429064734930334 -0.074958423879643854 0.29631008294676126 0.27411067263036965
leaf_weight=11946 1397 103 129 212 194 114 131 150 93 123 825 276 132 95
leaf_count=11946 1397 103 129 212 194 114 131 150 93 123 825 276 132 95
internal_value=-2.80204e-05 -0.0183324 -0.0100552 -0.0192826 -0.00641493 -0.0638168 0.0190306 -0.0121253 -0.0584924 0.00449506 0.00362624 0.0466904 0.0788095 0.0461699
internal_weight=15920 2646 2543 2414 2202 674 1528 560 410 317 13274 1328 1052 920
internal_count=15920 2646 2543 2414 2202 674 1528 560 410 317 13274 1328 1052 920
is_linear=0
shrinkage=0.05


Tree=260
num_leaves=15
num_cat=0
split_feature=1 12 10 7 14 13 5 1 0 2 4 11 11 10
split_gain=409.74 1274.95 1440.73 1367.8 994.584 1226.36 824.237 975.444 946.039 897.874 710.545 633.97 2781.51 6119.73
threshold=21.500000000000004 141.50000000000003 142.50000000000003 130.50000000000003 119.50000000000001 119.50000000000001 22.500000000000004 22.500000000000004 2.5000000000000004 2.5000000000000004 1.5000000000000002 105.50000000000001 101.50000000000001 113.50000000000001
decision_type=2 2 2 2 2 2 2 2 2 2 2 2 2 2
left_child=11 3 -3 4 5 6 10 8 -8 -9 -2 12 -1 -14
right_child=1 2 -4 -5 -6 -7 7 9 -10 -11 -12 -13 13 -15
leaf_value=0.0017189330794653149 0.14588358180843436 -0.28444849893610968 -0.034789141421608723 0.18483806583988535 -0.15538589607517261 0.14315361526816905 -0.26171670490269511 0.067399946778570696 -0.044432964386398217 -0.11066080668755665 -0.019145561655073667 0.012863724990822965 -0.040870996879707744 -0.464081989678711
leaf_weight=6686 101 88 157 84 114 121 91 172 110 113 167 7258 562 96
leaf_count=6686 101 88 157 84 114 121 91 172 110 113 167 7258 562 96
internal_value=-2.51307e-05 -0.0266702 -0.128358 -0.00296395 -0.0197643 -0.00131227 -0.0252861 -0.0638753 -0.14677 -0.00389029 0.044581 0.0023882 -0.00796636 -0.10565
internal_weight=15920 1318 245 1073 989 875 754 486 201 285 268 14602 7344 658
internal_count=15920 1318 245 1073 989 875 754 486 201 285 268 14602 7344 658
is_linear=0
shrinkage=0.05


Tree=261
num_leaves=15
num_cat=0
split_feature=14 5 4 8 8 8 7 3 6 4 14 1 13 3
split_gain=398.96 1780.22 7652.04 1581.81 3996.6 2372.07 1443.82 2346.2 2016.36 1286.32 829.107 4652.56 2452.27 2363.43
threshold=22.500000000000004 164.50000000000003 1.5000000000000002 131.50000000000003 118.50000000000001 108.50000000000001 93.500000000000014 3.5000000000000004 61.500000000000007 1.5000000000000002 119.50000000000001 7.5000000000000009 109.50000000000001 3.5000000000000004
decision_type=2 2 2 2 2 2 2 2 2 2 2 2 2 2
left_child=1 3 -3 4 5 6 8 -8 -1 -5 12 13 -2 -12
right_child=10 2 -4 9 -6 -7 7 -9 -10 -11 11 -13 -14 -15
leaf_value=-0.012159674298556439 -0.0046195139730744591 -0.4771466089587193 0.15633261724530412 0.23601666833510843 -0.34913810782734006 0.23040208365153339 0.036101543940603734 -0.32541084449778324 0.23488827733432546 -0.01495316578669751 -0.09878926387434582 0.0029513471507408443 0.060301474527549831 -0.37528931682354938
leaf_weight=2915 4535 91 91 113 82 98 85 88 80 89 300 5115 2136 102
leaf_count=2915 4535 91 91 113 82 98 85 88 80 89 300 5115 2136 102
internal_value=-3.73696e-05 -0.0143303 -0.164696 -0.00640058 -0.014673 -0.00575463 -0.0134115 -0.151764 -0.00518025 0.127751 0.00434324 -0.00999199 0.0161973 -0.172695
internal_weight=15920 3732 182 3550 3348 3266 3168 173 2995 202 12188 5517 6671 402
internal_count=15920 3732 182 3550 3348 3266 3168 173 2995 202 12188 5517 6671 402
is_linear=0
shrinkage=0.05


Tree=262
num_leaves=15
num_cat=0
split_feature=7 6 5 12 7 7 9 8 14 5 6 5 1 14
split_gain=410.967 2267.38 1776.03 2295.52 1571.92 3323.73 3609.05 3455.3 3229.45 4367.14 2938.14 3033.61 2703.34 2552.33
threshold=132.50000000000003 143.50000000000003 161.50000000000003 117.50000000000001 162.50000000000003 161.50000000000003 159.50000000000003 158.50000000000003 63.500000000000007 173.50000000000003 159.50000000000003 139.50000000000003 14.500000000000002 169.50000000000003
decision_type=2 2 2 2 2 2 2 2 2 2 2 2 2 2
left_child=1 -1 3 -3 5 6 7 10 9 -6 11 -2 -8 -10
right_child=4 2 -4 -5 8 -7 12 -9 13 -11 -12 -13 -14 -15
leaf_value=0.00064588509389837444 0.03180104974746694 0.0045761385262012488 -0.065521240208556153 0.2821761069734236 -0.039316746580970383 -0.31492339717138801 -0.28129086963605709 0.20618112001244523 -0.038973885987268253 0.36340356980418337 0.12557850096274839 -0.17951920086310968 -0.059618886863679756 0.082362674923009582
leaf_weight=11104 344 120 96 192 124 104 184 208 1613 140 256 328 520 587
leaf_count=11104 344 120 96 192 124 104 184 208 1613 140 256 328 520 587
internal_value=-4.64982e-05 0.00492474 0.119959 0.177163 -0.0130203 -0.0465774 -0.0305976 0.0245497 0.0134956 0.177032 -0.0170475 -0.0719074 -0.119131 -0.00648573
internal_weight=15920 11512 408 312 4408 1944 1840 1136 2464 264 928 672 704 2200
internal_count=15920 11512 408 312 4408 1944 1840 1136 2464 264 928 672 704 2200
is_linear=0
shrinkage=0.05


Tree=263
num_leaves=15
num_cat=0
split_feature=9 5 14 5 10 10 10 6 4 9 6 14 3 3
split_gain=399.894 557.824 2278.08 1407.24 1095.54 1872.4 953.533 934.449 7199.79 3561.89 1562.17 935.026 3527.43 5732.89
threshold=192.50000000000003 181.50000000000003 107.50000000000001 179.50000000000003 171.50000000000003 153.50000000000003 180.50000000000003 179.50000000000003 1.5000000000000002 175.50000000000003 177.50000000000003 156.50000000000003 5.5000000000000009 4.5000000000000009
decision_type=2 2 2 2 2 2 2 2 2 2 2 2 2 2
left_child=1 3 -3 7 5 -4 -6 10 -9 -10 11 -1 13 -13
right_child=-2 2 4 -5 6 -7 -8 8 9 -11 -12 12 -14 -15
leaf_value=0.0055853376461014251 -0.079446267004415483 0.26691831920408843 0.022397242539896157 -0.16827529243826866 0.20990395089329195 -0.23563050493733806 -0.0042623504930943776 -0.41199222886165893 0.32050347731959439 -0.10177728977703721 0.16304670580281508 -0.028766835519149738 0.15964776754590937 -0.37646161765740144
leaf_weight=12420 152 94 260 120 94 91 109 104 88 104 144 1803 215 122
leaf_count=12420 152 94 260 120 94 91 109 104 88 104 144 1803 215 122
internal_value=-4.23276e-05 0.00074805 0.0459942 -0.00120564 0.00645675 -0.0468687 0.0975701 0.000186549 -0.0870234 0.0949903 0.00197112 0.000322641 -0.0301625 -0.0517208
internal_weight=15920 15768 648 15120 554 351 203 15000 296 192 14704 14560 2140 1925
internal_count=15920 15768 648 15120 554 351 203 15000 296 192 14704 14560 2140 1925
is_linear=0
shrinkage=0.05


Tree=264
num_leaves=15
num_cat=0
split_feature=1 5 5 14 11 11 1 6 14 11 12 13 5 0
split_gain=399.197 1543.01 1360.99 1492.53 1139.77 1213.3 1002.19 1988.84 2451.81 2446.39 4971.76 4600.03 3100.21 1917.74
threshold=19.500000000000004 160.50000000000003 153.50000000000003 133.50000000000003 168.50000000000003 157.50000000000003 17.500000000000004 157.50000000000003 141.50000000000003 163.50000000000003 125.50000000000001 151.50000000000003 154.50000000000003 5.5000000000000009
decision_type=2 2 2 2 2 2 2 2 2 2 2 2 2 2
left_child=6 2 3 4 5 -2 -1 9 -9 10 11 -8 -12 -10
right_child=1 -3 -4 -5 -6 -7 7 8 13 -11 12 -13 -14 -15
leaf_value=-0.0010957215798509049 -0.014086989997589651 -0.20287225181581797 0.14526190519777699 -0.22060299538583919 -0.18427101468646923 0.12635898588779973 -0.021298701829451983 0.32977375398366315 0.18463751490522151 0.16795655707753188 -0.46326985023087924 0.3591665009114271 -0.07341496638400713 -0.073829457211023616
leaf_weight=11946 2084 103 129 83 86 161 458 113 139 180 85 91 123 139
leaf_count=11946 2084 103 129 83 86 161 458 113 139 180 85 91 123 139
internal_value=-4.42715e-05 -0.0177589 -0.00987785 -0.0184514 -0.0107966 -0.0037565 0.00349228 0.0446128 0.13856 0.00488243 -0.0347411 0.0444381 -0.239866 0.0563829
internal_weight=15920 2646 2543 2414 2331 2245 13274 1328 391 937 757 549 208 278
internal_count=15920 2646 2543 2414 2331 2245 13274 1328 391 937 757 549 208 278
is_linear=0
shrinkage=0.05


Tree=265
num_leaves=15
num_cat=0
split_feature=2 1 1 9 13 8 9 7 13 13 10 14 6 8
split_gain=401.413 886.389 1814.54 1319.39 1255.02 1444.67 1309.14 990.521 914.198 947.805 1841.11 1447.7 1225.37 876.431
threshold=2.5000000000000004 11.500000000000002 12.500000000000002 160.50000000000003 173.50000000000003 158.50000000000003 175.50000000000003 159.50000000000003 161.50000000000003 153.50000000000003 153.50000000000003 143.50000000000003 134.50000000000003 105.50000000000001
decision_type=2 2 2 2 2 2 2 2 2 2 2 2 2 2
left_child=-1 3 7 13 5 8 -7 -3 9 10 12 -12 -4 -2
right_child=1 2 4 -5 -6 6 -8 -9 -10 -11 11 -13 -14 -15
leaf_value=-0.0046254920941861738 0.0015381013666784891 -0.041900975798360177 -0.01567016807704448 0.18148929676940653 -0.12956308360978869 0.19116347060360092 -0.038696126293350931 -0.2854977090355702 0.11256992410350319 -0.15925983941630908 0.21718814892499796 -0.021496780213482423 -0.19133329684274239 0.07461930311970158
leaf_weight=11940 1241 85 778 142 154 193 88 81 146 103 141 111 109 608
leaf_count=11940 1241 85 778 142 154 193 88 81 146 103 141 111 109 608
internal_value=-4.11404e-05 0.0137005 -0.00990005 0.037243 0.0046954 0.0174335 0.119761 -0.165637 -0.00363812 -0.0176952 -0.0042534 0.11368 -0.0382082 0.0257056
internal_weight=15920 3980 1989 1991 1823 1669 281 166 1388 1242 1139 252 887 1849
internal_count=15920 3980 1989 1991 1823 1669 281 166 1388 1242 1139 252 887 1849
is_linear=0
shrinkage=0.05


Tree=266
num_leaves=15
num_cat=0
split_feature=6 6 12 6 13 7 11 5 4 12 9 0 10 10
split_gain=399.151 2954.79 4409.54 2463.4 4315.62 2723.27 2120.92 2093.75 2003 1803.08 2444.28 6165.53 5736.81 2559.01
threshold=109.50000000000001 110.50000000000001 105.50000000000001 106.50000000000001 100.50000000000001 115.50000000000001 25.500000000000004 125.50000000000001 2.5000000000000004 168.50000000000003 152.50000000000003 4.5000000000000009 123.50000000000001 113.50000000000001
decision_type=2 2 2 2 2 2 2 2 2 2 2 2 2 2
left_child=3 2 -2 5 -5 7 -3 9 -6 10 12 -12 13 -1
right_child=1 6 -4 4 8 -7 -8 -9 -10 -11 11 -13 -14 -15
leaf_value=-0.0025108916802274606 -0.47103796770467482 -0.25125567920067732 -0.011524809343436509 -0.036741219771310417 0.36634775439859368 -0.2808538411864463 -3.2407126012191956e-05 0.2504953763397027 0.076398701817240747 -0.18153257458505775 -0.10402663130921747 0.45120636685059801 -0.37470683257768655 0.12561240528789677
leaf_weight=6912 80 80 136 241 155 80 7232 80 100 128 96 96 96 408
leaf_count=6912 80 80 136 241 155 80 7232 80 100 128 96 96 96 408
internal_value=-4.08023e-05 -0.00839699 -0.188521 0.0074556 0.114968 0.000633533 -0.00295084 0.00369238 0.256298 0.000979979 0.00416785 0.177996 -0.000449441 0.00471127
internal_weight=15920 7528 216 8392 496 7896 7312 7816 255 7736 7608 192 7416 7320
internal_count=15920 7528 216 8392 496 7896 7312 7816 255 7736 7608 192 7416 7320
is_linear=0
shrinkage=0.05


Tree=267
num_leaves=15
num_cat=0
split_feature=2 14 13 14 10 14 14 7 9 5 13 13 13 7
split_gain=395.161 1204.28 1043.54 1133.62 1112.61 1098.79 992.224 2512.24 4408.46 3702.11 3047.35 6147.35 3635.5 2925.59
threshold=1.0000000180025095e-35 163.50000000000003 166.50000000000003 170.50000000000003 96.500000000000014 177.50000000000003 135.50000000000003 25.500000000000004 98.500000000000014 22.500000000000004 142.50000000000003 46.000000000000007 135.50000000000003 104.50000000000001
decision_type=2 2 2 2 2 2 2 2 2 2 2 2 2 2
left_child=1 -1 4 -4 -3 -6 -2 9 -9 -8 11 13 -13 -10
right_child=6 2 3 -5 5 -7 7 8 10 -11 -12 12 -14 -15
leaf_value=0.0021154517187831731 0.003940510841415913 0.28751681920611993 0.11910782826669289 -0.10660785782255422 0.15879835212901444 -0.038108928384899626 -0.026071870609214811 -0.33524044432291172 -0.29480694275970259 0.36467247291170446 0.006309246529885181 -0.51613177827769707 -0.087076921417162972 0.012454523006204204
leaf_weight=3394 8842 82 94 122 173 115 160 118 85 92 1884 119 86 554
leaf_count=3394 8842 82 94 122 173 115 160 118 85 92 1884 119 86 554
internal_value=-4.57349e-05 0.0135884 0.0794577 -0.00790734 0.129885 0.0808636 -0.00459424 -0.0289204 -0.0423751 0.1209 -0.029117 -0.107768 -0.342497 -0.030389
internal_weight=15920 3980 586 216 370 288 11940 3098 2846 252 2728 844 205 639
internal_count=15920 3980 586 216 370 288 11940 3098 2846 252 2728 844 205 639
is_linear=0
shrinkage=0.05


Tree=268
num_leaves=15
num_cat=0
split_feature=9 6 7 1 8 5 1 14 13 7 5 11 3 9
split_gain=393.365 539.414 633.744 2697.13 800.217 1734.85 1258.76 817.738 774.512 614.141 2415.54 3082.78 2389.94 8997.31
threshold=192.50000000000003 191.50000000000003 184.50000000000003 12.500000000000002 170.50000000000003 164.50000000000003 15.500000000000002 138.50000000000003 194.50000000000003 147.50000000000003 152.50000000000003 118.50000000000001 4.5000000000000009 173.50000000000003
decision_type=2 2 2 2 2 2 2 2 2 2 2 2 2 2
left_child=1 2 4 -4 8 6 -6 -7 9 10 -1 -12 -11 -14
right_child=-2 -3 3 -5 5 7 -8 -9 -10 12 11 -13 13 -15
leaf_value=-0.0025263929207270642 -0.078803544842703341 0.078299317417910741 -0.27522261653943819 0.073097874537110336 -0.17836210839088681 0.25707483241955437 0.077557328736389083 0.079407808732013321 0.14832506444045276 -0.0037421592252512657 0.36506139594854686 0.051315549249055098 0.00049444105815906868 -0.54464586532056924
leaf_weight=11530 152 216 96 120 98 88 86 240 81 2216 88 511 302 96
leaf_count=11530 152 216 96 120 98 88 86 240 81 2216 88 511 302 96
internal_value=-5.04988e-05 0.000733403 -0.000368721 -0.0844355 0.000842453 0.0619909 -0.0598602 0.130219 -0.00128972 -0.00216173 0.00257851 0.100049 -0.0241194 -0.136123
internal_weight=15920 15768 15552 216 15336 512 184 328 14824 14743 12129 599 2614 398
internal_count=15920 15768 15552 216 15336 512 184 328 14824 14743 12129 599 2614 398
is_linear=0
shrinkage=0.05


Tree=269
num_leaves=15
num_cat=0
split_feature=12 12 14 7 1 9 7 5 14 9 7 5 0 9
split_gain=398.833 627.15 651.186 2993.44 6260.35 6131.31 3912.01 6239 3338.59 3334.12 2216.77 1902.32 2904.54 2342.18
threshold=179.50000000000003 176.50000000000003 141.50000000000003 25.500000000000004 10.500000000000002 98.500000000000014 97.500000000000014 115.50000000000001 161.50000000000003 112.50000000000001 118.50000000000001 161.50000000000003 1.5000000000000002 174.50000000000003
decision_type=2 2 2 2 2 2 2 2 2 2 2 2 2 2
left_child=1 2 -1 4 -4 -5 7 -7 -6 10 -8 12 -11 -14
right_child=-2 -3 3 5 8 6 9 -9 -10 11 -12 -13 13 -15
leaf_value=0.0054002652046695526 0.048446613580403405 -0.10076336616970552 0.4676619074356399 -0.33683766083603234 0.22887972581960347 -0.54940904734292251 0.27058935403989776 -0.023688618054691548 -0.16243713706833862 -0.29990409137151108 0.014323516187860687 0.015904306414155189 -0.079149221346324572 0.11735670703829842
leaf_weight=11736 408 152 90 153 82 82 169 162 141 118 165 1494 785 183
leaf_count=11736 408 152 90 153 82 82 169 162 141 118 165 1494 785 183
internal_value=-4.72308e-05 -0.00133793 -0.000321559 -0.0188331 0.12775 -0.0328618 -0.0176255 -0.20785 -0.0166811 -0.00136859 0.146069 -0.0207011 -0.070901 -0.0415877
internal_weight=15920 15512 15360 3624 313 3311 3158 244 223 2914 334 2580 1086 968
internal_count=15920 15512 15360 3624 313 3311 3158 244 223 2914 334 2580 1086 968
is_linear=0
shrinkage=0.05


Tree=270
num_leaves=15
num_cat=0
split_feature=6 3 10 6 5 4 1 12 5 1 11 1 14 14
split_gain=404.723 820.092 813.7 1360.7 5234.74 5111.33 16573.4 18672.6 9996.46 2277.67 2358.54 13925.8 4437.48 3959.65
threshold=21.500000000000004 5.5000000000000009 21.500000000000004 99.500000000000014 80.500000000000014 1.5000000000000002 7.5000000000000009 145.50000000000003 24.500000000000004 10.500000000000002 24.500000000000004 7.5000000000000009 138.50000000000003 96.500000000000014
decision_type=2 2 2 2 2 2 2 2 2 2 2 2 2 2
left_child=1 -1 -2 5 -5 6 -4 8 -8 10 11 13 -12 -7
right_child=2 -3 3 4 -6 9 7 -9 -10 -11 12 -13 -14 -15
leaf_value=-0.011982328598696055 -0.054182225740671046 -0.1318839126445189 -0.049234916323237121 -0.37927711192638647 -0.0022358508867017144 -0.029274206750604038 0.90620639617108323 -0.13284406108606575 0.24127693796796459 -0.036828348233819024 0.022593615749646995 0.6426280675189836 -0.34792720418084755 0.28061293270438908
leaf_weight=1398 600 154 495 88 9088 584 141 112 100 1873 984 100 83 120
leaf_count=1398 600 154 495 88 9088 584 141 112 100 1873 984 100 83 120
internal_value=-5.08917e-05 -0.0242651 0.0025722 0.0050643 -0.00605635 0.0272686 0.137726 0.39692 0.640814 0.00210027 0.0410648 0.105451 -0.00771689 0.0251539
internal_weight=15920 1552 14368 13768 9176 4592 848 353 241 3744 1871 804 1067 704
internal_count=15920 1552 14368 13768 9176 4592 848 353 241 3744 1871 804 1067 704
is_linear=0
shrinkage=0.05


Tree=271
num_leaves=15
num_cat=0
split_feature=2 14 13 14 14 1 13 13 9 12 14 14 14 14
split_gain=376.426 831.728 1202.88 1175.58 2025.53 1038.45 941.151 994.814 2146.41 841.049 1452.52 1346.32 1005.29 1238.26
threshold=2.5000000000000004 178.50000000000003 150.50000000000003 138.50000000000003 128.50000000000003 18.500000000000004 167.50000000000003 143.50000000000003 23.500000000000004 106.50000000000001 160.50000000000003 148.50000000000003 154.50000000000003 168.50000000000003
decision_type=2 2 2 2 2 2 2 2 2 2 2 2 2 2
left_child=-1 3 -3 4 6 9 7 -2 -9 10 -5 -11 -13 -14
right_child=1 2 -4 5 -6 -7 -8 8 -10 11 -12 12 13 -15
leaf_value=-0.0044733154715323898 0.017235141113448923 0.2441560926754939 -0.0021292034171622345 -0.26937436230480671 0.24628434792311507 -0.19899275278852835 0.13572876225435926 0.056965610601308975 -0.28727654879584036 0.18068712853616287 0.004549522914438167 -0.16846373008377852 0.068601318410376519 -0.094959744240375288
leaf_weight=11940 2426 88 106 80 94 88 150 94 80 88 112 95 296 183
leaf_count=11940 2426 88 106 80 94 88 150 94 80 88 112 95 296 183
internal_value=-3.3941e-05 0.0132731 0.112915 0.00802508 0.0240575 -0.04025 0.0160282 0.00887513 -0.10491 -0.0228294 -0.113526 0.00412908 -0.0242656 0.00577803
internal_weight=15920 3980 194 3786 2844 942 2750 2600 174 854 192 662 574 479
internal_count=15920 3980 194 3786 2844 942 2750 2600 174 854 192 662 574 479
is_linear=0
shrinkage=0.05


Tree=272
num_leaves=15
num_cat=0
split_feature=14 6 1 10 8 8 5 12 7 6 4 3 4 12
split_gain=382.285 1786.28 1335.08 4611.25 1350.2 2084.93 1427.31 1233.27 1174.01 1685.16 1022.37 4471.46 723.946 1980.08
threshold=22.500000000000004 167.50000000000003 2.5000000000000004 104.50000000000001 106.50000000000001 118.50000000000001 153.50000000000003 25.500000000000004 93.500000000000014 27.500000000000004 2.5000000000000004 5.5000000000000009 1.5000000000000002 163.50000000000003
decision_type=2 2 2 2 2 2 2 2 2 2 2 2 2 2
left_child=1 2 3 7 8 -6 -7 -1 9 10 -4 -12 13 -2
right_child=12 -3 4 -5 5 6 -8 -9 -10 -11 11 -13 -14 -15
leaf_value=-0.066156420809932545 0.042465975871426774 -0.17855494774972336 -0.032830526253927399 -0.39493916975043253 0.27044678223727825 -0.092184869272013512 0.12288027668617807 0.14410050734154231 -0.17750613687729294 0.15787852253885037 -0.013010309220030004 0.33134368528072217 -0.0028374956303253689 -0.0673181080614354
leaf_weight=211 2599 153 1765 91 109 145 154 98 94 150 657 105 9106 483
leaf_count=211 2599 153 1765 91 109 145 154 98 94 150 657 105 9106 483
internal_value=-3.33661e-05 -0.0140244 -0.00675151 -0.0922509 0.00413448 0.0884774 0.0187837 0.00175976 -0.0084211 -0.00216401 -0.011957 0.0362907 0.00425472 0.0251798
internal_weight=15920 3732 3579 400 3179 408 299 309 2771 2677 2527 762 12188 3082
internal_count=15920 3732 3579 400 3179 408 299 309 2771 2677 2527 762 12188 3082
is_linear=0
shrinkage=0.05


Tree=273
num_leaves=15
num_cat=0
split_feature=12 8 1 14 9 6 7 1 14 7 6 14 3 6
split_gain=384.147 619.576 800.552 649.333 599.203 633.13 829.984 2096.62 2520.84 1371.07 1115.14 4955.54 3158.65 2098.64
threshold=179.50000000000003 141.50000000000003 13.500000000000002 147.50000000000003 192.50000000000003 191.50000000000003 179.50000000000003 12.500000000000002 137.50000000000003 181.50000000000003 175.50000000000003 104.50000000000001 3.5000000000000004 172.50000000000003
decision_type=2 2 2 2 2 2 2 2 2 2 2 2 2 2
left_child=4 2 -2 -3 5 6 10 8 -8 -9 13 -12 -13 -1
right_child=1 3 -4 -5 -6 -7 7 9 -10 -11 11 12 -14 -15
leaf_value=-0.00014674050047602837 0.20712137304752778 -0.11452474305811136 0.012539261796552202 0.06274343090116094 -0.10390200575826863 0.090593212749316268 -0.39401177952344391 -0.12929770739283414 -0.014672245386433094 0.10791124760390756 0.34560582800990058 0.057028231619906847 -0.28081710549371169 -0.18396863372177835
leaf_weight=14080 98 87 110 113 136 184 82 91 89 162 121 333 82 152
leaf_count=14080 98 87 110 113 136 184 82 91 89 162 121 333 82 152
internal_value=-3.10107e-05 0.0475617 0.106927 -0.0152807 -0.00129773 -0.000356715 -0.00148771 -0.0700457 -0.202603 0.0217388 0.000503681 0.0709626 -0.0122751 -0.00217391
internal_weight=15920 408 208 200 15512 15376 15192 424 171 253 14768 536 415 14232
internal_count=15920 408 208 200 15512 15376 15192 424 171 253 14768 536 415 14232
is_linear=0
shrinkage=0.05


Tree=274
num_leaves=15
num_cat=0
split_feature=3 4 11 11 14 13 7 5 12 10 13 7 13 13
split_gain=375.535 2025.01 6723.17 23369.9 5489.5 16382.1 14637.1 29204.3 5649.78 4999.98 4569.71 21907.8 3431.95 2761.91
threshold=3.5000000000000004 1.5000000000000002 168.50000000000003 172.50000000000003 27.500000000000004 64.500000000000014 22.500000000000004 102.50000000000001 22.500000000000004 106.50000000000001 134.50000000000003 26.500000000000004 122.50000000000001 157.50000000000003
decision_type=2 2 2 2 2 2 2 2 2 2 2 2 2 2
left_child=-1 2 4 -4 5 -2 -7 -8 -6 -9 -3 -12 -11 -10
right_child=1 10 3 -5 8 6 7 9 13 12 11 -13 -14 -15
leaf_value=0.0066853953991569334 0.83428776432486151 -0.0076253389757044961 -0.89402901099775645 0.065524735487261315 -0.25258102599660187 -0.51362039543861571 0.99713398526003072 -0.27390665336817255 0.008246030586969046 -0.09041512842838452 -0.038387934079234257 -0.89907220084877582 0.2916361869522896 0.19070070689383026
leaf_weight=9014 80 3956 80 248 174 81 86 114 944 102 572 80 128 261
leaf_count=9014 80 3956 80 248 174 81 86 114 944 102 572 80 128 261
internal_value=-3.4763e-05 -0.00880469 0.0294945 -0.178423 0.0644762 0.191276 0.0835003 0.200592 0.00963863 -0.00997621 -0.0279157 -0.150032 0.123886 0.04839
internal_weight=15920 6906 2298 328 1970 591 511 430 1379 344 4608 652 230 1205
internal_count=15920 6906 2298 328 1970 591 511 430 1379 344 4608 652 230 1205
is_linear=0
shrinkage=0.05


Tree=275
num_leaves=15
num_cat=0
split_feature=6 6 12 6 14 13 7 11 5 7 7 2 12 9
split_gain=376.217 2598.94 3897.31 2303.97 4127.7 2903.58 2427.94 1903.33 1890.88 1797.02 2601.21 1857.94 1537.2 2169.97
threshold=109.50000000000001 110.50000000000001 105.50000000000001 106.50000000000001 67.500000000000014 100.50000000000001 115.50000000000001 25.500000000000004 125.50000000000001 104.50000000000001 102.50000000000001 1.0000000180025095e-35 168.50000000000003 152.50000000000003
decision_type=2 2 2 2 2 2 2 2 2 2 2 2 2 2
left_child=3 2 -2 6 -5 -6 8 -3 12 10 -9 -11 13 -1
right_child=1 7 -4 4 5 -7 -8 9 -10 11 -12 -13 -14 -15
leaf_value=-0.00045831949826288028 -0.44268593467333739 -0.23827015806646912 -0.010691413727212461 0.40997229935006896 -0.098311727750203748 0.16612236040940678 -0.2651485380267396 0.0084165401244289655 0.23806785648359974 0.049938317015579006 -0.27678041677420023 -0.0098569826910208172 -0.16757103741883225 0.16767595641239344
leaf_weight=7416 80 80 136 89 192 215 80 184 80 1728 136 5184 128 192
leaf_count=7416 80 80 136 89 192 215 80 184 80 1728 136 5184 128 192
internal_value=-4.20582e-05 -0.00815463 -0.177085 0.00723581 0.111211 0.0416978 0.000638168 -0.00304675 0.00352638 -0.000281898 -0.115186 0.00511713 0.000948718 0.00389215
internal_weight=15920 7528 216 8392 496 407 7896 7312 7816 7232 320 6912 7736 7608
internal_count=15920 7528 216 8392 496 407 7896 7312 7816 7232 320 6912 7736 7608
is_linear=0
shrinkage=0.05


Tree=276
num_leaves=15
num_cat=0
split_feature=14 6 7 9 13 10 5 11 12 0 6 4 3 1
split_gain=362.593 1672.12 8606.15 1967.65 2128.17 2065.26 4748.04 1960.12 2353.47 1886.85 1584.9 764.223 1646.43 4592.14
threshold=22.500000000000004 162.50000000000003 168.50000000000003 160.50000000000003 178.50000000000003 109.50000000000001 96.500000000000014 100.50000000000001 84.500000000000014 4.5000000000000009 27.500000000000004 2.5000000000000004 5.5000000000000009 3.5000000000000004
decision_type=2 2 2 2 2 2 2 2 2 2 2 2 2 2
left_child=1 3 -3 4 5 7 -7 8 10 -8 11 -1 -13 -14
right_child=-2 2 -4 -5 -6 6 9 -9 -10 -11 -12 12 13 -15
leaf_value=-0.033594387843347742 0.0041288579559538982 -0.51893259315127194 0.11766196981707747 0.19895531762587398 0.22244311351566873 -0.44514906769925422 0.12482884685366841 0.16321904437018583 -0.26026548439783881 -0.15679197142133491 0.15439126920213717 -0.013026863859222519 -0.088333477346747319 0.42133062295047136
leaf_weight=1838 12188 86 124 109 89 86 113 157 90 115 139 617 88 81
leaf_count=1838 12188 86 124 109 89 86 113 157 90 115 139 617 88 81
internal_value=-4.73271e-05 -0.0136732 -0.149044 -0.00540187 -0.0122099 -0.0188173 -0.139792 -0.00598645 -0.015567 -0.0175332 -0.00714068 -0.0159748 0.0251792 0.161031
internal_weight=15920 3732 210 3522 3413 3324 314 3010 2853 228 2763 2624 786 169
internal_count=15920 3732 210 3522 3413 3324 314 3010 2853 228 2763 2624 786 169
is_linear=0
shrinkage=0.05


Tree=277
num_leaves=15
num_cat=0
split_feature=14 1 5 5 13 13 1 14 13 7 1 4 5 11
split_gain=361.712 2388.84 2708.12 6450.45 6101.47 1947.64 1879.41 1693.18 1462.19 3134.21 3768.25 5023.4 3470.49 2144.19
threshold=150.50000000000003 18.500000000000004 25.500000000000004 103.50000000000001 161.50000000000003 142.50000000000003 13.500000000000002 153.50000000000003 167.50000000000003 22.500000000000004 15.500000000000002 1.5000000000000002 107.50000000000001 176.50000000000003
decision_type=2 2 2 2 2 2 2 2 2 2 2 2 2 2
left_child=8 2 4 -4 6 -3 -2 -5 13 -10 11 -11 -13 -1
right_child=1 5 3 7 -6 -7 -8 -9 9 10 -12 12 -14 -15
leaf_value=0.0035470872802376412 0.49017557575014137 -0.34364931677688948 -0.39921740241289994 -0.14386655613316676 -0.17119613231672925 -0.019544521946656079 0.148892787663752 0.0065602709946451041 -0.087565072326203502 0.45397027103217691 -0.077920952407147401 -0.16513718803737151 0.24505446576118725 -0.12088457649307592
leaf_weight=11452 82 92 102 196 93 90 87 2694 204 142 134 87 113 352
leaf_count=11452 82 92 102 196 93 90 87 2694 204 142 134 87 113 352
internal_value=-4.6674e-05 -0.0144004 -0.00440659 -0.0179937 0.148188 -0.188186 0.323813 -0.00387254 0.00390812 0.0749275 0.144753 0.231866 0.0669454 -0.000213127
internal_weight=15920 3436 3254 2992 262 182 169 2890 12484 680 476 342 200 11804
internal_count=15920 3436 3254 2992 262 182 169 2890 12484 680 476 342 200 11804
is_linear=0
shrinkage=0.05


Tree=278
num_leaves=15
num_cat=0
split_feature=1 1 14 14 1 4 4 10 11 8 7 5 14 1
split_gain=369.608 2968.21 2894.64 3940.97 2371.7 2237.38 2820.42 3546.72 4041.6 2560.81 1932.25 1928.92 1661.27 1588.82
threshold=5.5000000000000009 4.5000000000000009 119.50000000000001 107.50000000000001 1.5000000000000002 2.5000000000000004 1.5000000000000002 109.50000000000001 118.50000000000001 107.50000000000001 104.50000000000001 111.50000000000001 95.500000000000014 9.5000000000000018
decision_type=2 2 2 2 2 2 2 2 2 2 2 2 2 2
left_child=1 2 3 5 -5 6 7 10 -9 -8 -1 -3 -13 -2
right_child=13 11 -4 4 -6 -7 9 8 -10 -11 -12 12 -14 -15
leaf_value=-0.019736586256735824 0.038412942399998984 -0.056733950820933216 -0.19802466068981273 0.32985677372261479 0.078634143266740314 -0.079640267837863432 0.043040915181081205 -0.42142534693055184 -0.010280638136990513 0.27296142723011291 0.23329472726150216 -0.39527831428307802 -0.086628725639574466 -0.0054077147431940888
leaf_weight=416 2656 487 160 106 654 850 662 110 125 144 87 89 88 9286
leaf_count=416 2656 487 160 106 654 850 662 110 125 144 87 89 88 9286
internal_value=-4.71782e-05 -0.0132375 0.00614663 0.0168011 0.1156 -0.0147392 0.0211318 -0.0493222 -0.207502 0.0855481 0.0258937 -0.109306 -0.248421 0.00435036
internal_weight=15920 3978 3314 3154 760 2394 1544 738 235 806 503 664 177 11942
internal_count=15920 3978 3314 3154 760 2394 1544 738 235 806 503 664 177 11942
is_linear=0
shrinkage=0.05


Tree=279
num_leaves=15
num_cat=0
split_feature=12 14 5 5 5 14 13 12 13 13 13 12 9 6
split_gain=354.381 557.491 2253.49 7424.27 5785.77 1741.4 1705.18 1605.97 1888.94 3050.33 1899.45 1372.47 1274.38 1600.79
threshold=179.50000000000003 149.50000000000003 26.500000000000004 22.500000000000004 103.50000000000001 159.50000000000003 152.50000000000003 106.50000000000001 148.50000000000003 24.500000000000004 158.50000000000003 142.50000000000003 118.50000000000001 165.50000000000003
decision_type=2 2 2 2 2 2 2 2 2 2 2 2 2 2
left_child=1 -1 3 6 -4 7 -3 -6 9 -9 -10 -12 -7 -14
right_child=-2 2 4 -5 5 12 -8 8 10 -11 11 -13 13 -15
leaf_value=0.0036375686548689745 0.045662421473137337 0.12108437505861123 -0.40108060644966675 0.48839549579463165 -0.26484779423489324 0.07830332046740629 -0.1598582756102962 -0.015248979519307614 0.18350626521489838 -0.40347861803390767 0.052634934067020758 -0.14086389500684668 -0.070098208214144003 0.028398735064726611
leaf_weight=12239 408 85 98 86 101 448 131 120 105 83 164 197 750 905
leaf_count=12239 408 85 98 86 101 448 131 120 105 83 164 197 750 905
internal_value=-4.91672e-05 -0.00126581 -0.019579 0.109449 -0.0328565 -0.0196211 -0.0490639 -0.0836898 -0.0545783 -0.179867 0.00133012 -0.0534404 0.00398013 -0.016314
internal_weight=15920 15512 3273 302 2971 2873 216 770 669 203 466 361 2103 1655
internal_count=15920 15512 3273 302 2971 2873 216 770 669 203 466 361 2103 1655
is_linear=0
shrinkage=0.05


Tree=280
num_leaves=15
num_cat=0
split_feature=3 4 11 11 5 13 3 12 9 13 6 1 1 9
split_gain=367.309 1785.52 6038 21098.4 5094.57 6249.05 8891.22 14689.3 6380.78 4015.3 19432.6 2692.95 3972.6 10529.9
threshold=3.5000000000000004 1.5000000000000002 168.50000000000003 172.50000000000003 172.50000000000003 144.50000000000003 5.5000000000000009 85.500000000000014 163.50000000000003 134.50000000000003 26.500000000000004 22.500000000000004 14.500000000000002 119.50000000000001
decision_type=2 2 2 2 2 2 2 2 2 2 2 2 2 2
left_child=-1 2 4 -4 5 8 7 -7 11 -3 -11 12 -2 -14
right_child=1 9 3 -5 -6 6 -8 -9 -10 10 -12 -13 13 -15
leaf_value=0.0065923180987659648 0.023782736070522871 -0.0076518980841928513 -0.84973653349806288 0.061995063398195355 -0.22961939661004022 0.9268983830824834 -0.084187820193249219 0.18233137307195446 0.42304057041082976 -0.027038479631589993 -0.79061588621223156 0.24218204985558989 -0.5531606052230057 0.074862673260931725
leaf_weight=9014 862 3956 80 248 136 83 158 283 88 559 93 95 112 153
leaf_count=9014 862 3956 80 248 136 83 158 283 88 559 93 95 112 153
internal_value=-5.38336e-05 -0.00872716 0.0272366 -0.169798 0.0603892 0.0824606 0.227516 0.361398 0.023794 -0.0266723 -0.141142 -0.00656369 -0.0285087 -0.195894
internal_weight=15920 6906 2298 328 1970 1834 524 366 1310 4608 652 1222 1127 265
internal_count=15920 6906 2298 328 1970 1834 524 366 1310 4608 652 1222 1127 265
is_linear=0
shrinkage=0.05


Tree=281
num_leaves=15
num_cat=0
split_feature=7 2 7 1 10 12 3 3 8 11 11 11 3 12
split_gain=378.756 914.529 729.341 2294.62 1432.54 764.289 1223.63 11866.3 1585.98 2153.52 1959.56 1607.87 1222.14 1217.08
threshold=189.50000000000003 1.5000000000000002 181.50000000000003 12.500000000000002 165.50000000000003 159.50000000000003 4.5000000000000009 5.5000000000000009 129.50000000000003 170.50000000000003 168.50000000000003 156.50000000000003 1.5000000000000002 175.50000000000003
decision_type=2 2 2 2 2 2 2 2 2 2 2 2 2 2
left_child=2 -2 5 -4 -5 -1 8 -8 11 10 -10 -7 -13 -9
right_child=1 -3 3 4 -6 6 7 13 9 -11 -12 12 -14 -15
leaf_value=-0.0036294603721321278 -0.036859842077789147 0.16169159816116352 -0.24654808566279587 0.14411968503497605 -0.11661803101887927 -0.14595637344405316 -0.56906194565927282 0.18308382280767788 0.11520778146577404 0.020720349537634519 0.38495309706119935 -0.047819994350940719 0.12864472802196231 -0.041579803704254091
leaf_weight=13464 112 112 117 112 91 168 80 176 368 568 80 200 184 88
leaf_count=13464 112 112 117 112 91 168 80 176 368 568 80 200 184 88
internal_value=-6.05663e-05 0.0637787 -0.000991646 -0.0751144 0.0272436 0.000574889 0.0301135 -0.054725 0.0488408 0.0857652 0.167094 -0.0192813 0.0373027 0.108815
internal_weight=15920 224 15696 320 203 15376 1912 344 1568 1016 448 552 384 264
internal_count=15920 224 15696 320 203 15376 1912 344 1568 1016 448 552 384 264
is_linear=0
shrinkage=0.05


Tree=282
num_leaves=15
num_cat=0
split_feature=6 6 12 6 14 13 7 11 5 7 7 2 12 12
split_gain=363.114 2267.88 3478.39 2090.54 3675.26 2593.95 2220.88 1678.51 1621.48 1579.99 2337.73 1671.51 1455.08 3082.67
threshold=109.50000000000001 110.50000000000001 105.50000000000001 106.50000000000001 67.500000000000014 100.50000000000001 115.50000000000001 25.500000000000004 125.50000000000001 104.50000000000001 102.50000000000001 1.0000000180025095e-35 147.50000000000003 110.50000000000001
decision_type=2 2 2 2 2 2 2 2 2 2 2 2 2 2
left_child=3 2 -2 6 -5 -6 8 -3 12 10 -9 -11 13 -1
right_child=1 7 -4 4 5 -7 -8 9 -10 11 -12 -13 -14 -15
leaf_value=-0.0035794012743992926 -0.41675217224394578 -0.2241514201286961 -0.0086897995237076118 0.388053057675666 -0.091827362810786309 0.15811863944611768 -0.25339438459452462 0.0087529657024239729 0.22076097482267551 0.046915814290257131 -0.26159497463633141 -0.0098000509845040662 -0.099805055423216382 0.11639293874365482
leaf_weight=6824 80 80 136 89 192 215 80 184 80 1728 136 5184 336 576
leaf_count=6824 80 80 136 89 192 215 80 184 80 1728 136 5184 336 576
internal_value=-5.86315e-05 -0.00802867 -0.165833 0.00709138 0.106134 0.0405245 0.000806632 -0.00325691 0.00356882 -0.00066021 -0.108402 0.00440258 0.00118164 0.00583127
internal_weight=15920 7528 216 8392 496 407 7896 7312 7816 7232 320 6912 7736 7400
internal_count=15920 7528 216 8392 496 407 7896 7312 7816 7232 320 6912 7736 7400
is_linear=0
shrinkage=0.05


Tree=283
num_leaves=15
num_cat=0
split_feature=2 14 10 14 14 1 13 13 9 13 3 14 14 5
split_gain=361.196 749.462 1089.34 1020.93 1783.44 855.675 829.306 881.456 1947.63 878.499 1666.75 1122.5 1147.71 848.854
threshold=2.5000000000000004 178.50000000000003 158.50000000000003 138.50000000000003 128.50000000000003 18.500000000000004 167.50000000000003 143.50000000000003 23.500000000000004 119.50000000000001 3.5000000000000004 112.50000000000001 109.50000000000001 117.50000000000001
decision_type=2 2 2 2 2 2 2 2 2 2 2 2 2 2
left_child=-1 3 -3 4 6 -5 7 9 -9 11 -11 12 13 -2
right_child=1 2 -4 5 -6 -7 -8 8 -10 10 -12 -13 -14 -15
leaf_value=-0.0044110914394181007 0.025832950281835822 0.00426341598519148 0.24029356362833376 -0.021182070702733962 0.23145646070591128 -0.18109918246746703 0.12775953697461276 0.055707129064683961 -0.27215888634871915 0.18345559442272552 -0.060584479679462615 -0.080198222907414338 0.17788767526182561 -0.07004684730280529
leaf_weight=11940 1435 112 82 854 94 88 150 94 80 190 106 321 104 270
leaf_count=11940 1435 112 82 854 94 88 150 94 80 190 106 321 104 270
internal_value=-6.24595e-05 0.0129726 0.10756 0.00799036 0.0229305 -0.0369985 0.0153956 0.00868029 -0.0984274 0.016549 0.0965082 0.00523733 0.0205768 0.0104892
internal_weight=15920 3980 194 3786 2844 942 2750 2600 174 2426 296 2130 1809 1705
internal_count=15920 3980 194 3786 2844 942 2750 2600 174 2426 296 2130 1809 1705
is_linear=0
shrinkage=0.05


Tree=284
num_leaves=15
num_cat=0
split_feature=1 1 4 4 1 13 0 12 11 5 14 5 5 10
split_gain=360.013 2662.24 2610.75 3369.45 2642.82 3464 1867.9 1851.57 3412.63 1751.97 1715.89 2863.77 1849.74 1803.3
threshold=5.5000000000000009 4.5000000000000009 2.5000000000000004 1.5000000000000002 1.5000000000000002 101.50000000000001 7.5000000000000009 107.50000000000001 119.50000000000001 112.50000000000001 71.500000000000014 26.500000000000004 78.000000000000014 108.50000000000001
decision_type=2 2 2 2 2 2 2 2 2 2 2 2 2 2
left_child=1 2 3 7 5 -5 -6 -1 -9 -3 11 -4 13 -12
right_child=-2 9 10 4 6 -7 -8 8 -10 -11 12 -13 -14 -15
leaf_value=0.013200005038957591 0.0042863587840240355 -0.055621834169513731 -0.034262487297157272 0.11841427603834015 0.0026574130283125237 0.46108811071044525 0.24846733131268053 -0.34212530866498131 0.019380132120102644 -0.24130359230659948 -0.026793934854355703 -0.29928385290137915 0.046050485264135653 -0.3033343222181768
leaf_weight=696 11942 496 282 358 588 90 84 113 145 168 191 156 530 81
leaf_count=696 11942 496 282 358 588 90 84 113 145 168 191 156 530 81
internal_value=-5.37326e-05 -0.0130718 0.00528691 0.0395703 0.0982019 0.191584 0.0349918 -0.0294166 -0.142448 -0.104054 -0.0519834 -0.130966 -0.00830403 -0.113135
internal_weight=15920 3978 3314 2074 1120 448 672 954 258 664 1240 438 802 272
internal_count=15920 3978 3314 2074 1120 448 672 954 258 664 1240 438 802 272
is_linear=0
shrinkage=0.05


Tree=285
num_leaves=15
num_cat=0
split_feature=1 12 2 7 8 13 14 2 14 12 12 10 9 13
split_gain=363.974 1180.75 1230.07 1207.88 941.365 727.493 697.249 721.989 621.73 3120.04 6095.99 4069.41 2455.74 2320.4
threshold=21.500000000000004 141.50000000000003 1.0000000180025095e-35 130.50000000000003 123.50000000000001 119.50000000000001 99.500000000000014 2.5000000000000004 23.500000000000004 140.50000000000003 116.50000000000001 157.50000000000003 173.50000000000003 170.50000000000003
decision_type=2 2 2 2 2 2 2 2 2 2 2 2 2 2
left_child=8 3 -3 4 5 6 -2 -8 9 10 13 -11 -13 -1
right_child=1 2 -4 -5 -6 -7 7 -9 -10 11 -12 12 -14 -15
leaf_value=-0.023497942844673412 0.018675740167880914 -0.014179151992600664 -0.23665122052379806 0.17412116615666767 -0.16283306977204462 0.1025656658885274 -0.025323384806239115 -0.18850293128686671 0.0085629791491350984 0.43101750228334873 -0.29830129571769598 -0.099339025312005308 0.21790864295965318 0.13667635283731847
leaf_weight=3254 449 128 117 84 96 136 212 96 10594 80 192 147 97 238
leaf_count=3254 449 128 117 84 96 136 212 96 10594 80 192 147 97 238
internal_value=-5.71555e-05 -0.0251701 -0.123029 -0.0023588 -0.0181485 -0.00177442 -0.0210698 -0.0783833 0.00221742 -0.014545 -0.0276858 0.13302 0.0286231 -0.0124013
internal_weight=15920 1318 245 1073 989 893 757 308 14602 4008 3684 324 244 3492
internal_count=15920 1318 245 1073 989 893 757 308 14602 4008 3684 324 244 3492
is_linear=0
shrinkage=0.05


Tree=286
num_leaves=15
num_cat=0
split_feature=7 8 5 1 10 12 6 13 12 6 10 1 7 14
split_gain=380.531 1934.5 4117.8 2935.47 7554.38 3196.02 4928.05 2563.26 4360.04 1963.07 1841.79 1443.13 1337 2826.71
threshold=132.50000000000003 113.50000000000001 84.500000000000014 13.500000000000002 97.500000000000014 108.50000000000001 113.50000000000001 153.50000000000003 165.50000000000003 140.50000000000003 133.50000000000003 20.500000000000004 162.50000000000003 86.500000000000014
decision_type=2 2 2 2 2 2 2 2 2 2 2 2 2 2
left_child=1 -1 -3 4 -4 6 -6 9 -9 11 -7 -5 -2 -14
right_child=12 2 3 7 5 10 -8 8 -10 -11 -12 -13 13 -15
leaf_value=-0.004675876626000797 -0.043485570063936614 -0.23879237588749738 0.52751095611158583 -0.16865173332054506 0.14385708304870082 0.3656062723130219 -0.12585970027982946 -0.42283580681715888 0.052618409986901399 0.17433131307972452 0.069190543947019137 0.035633440282066713 0.15687579816912076 -0.0078104833841706137
leaf_weight=9512 1944 112 100 105 376 124 300 82 106 203 93 399 291 2173
leaf_count=9512 1944 112 100 105 376 124 300 82 106 203 93 399 291 2173
internal_value=-5.36556e-05 0.00472996 0.0493642 0.0670438 0.126007 0.0783588 0.024115 0.00128785 -0.160342 0.0450915 0.24299 -0.0081646 -0.0125378 0.0119174
internal_weight=15920 11512 2000 1888 993 893 676 895 188 707 217 504 4408 2464
internal_count=15920 11512 2000 1888 993 893 676 895 188 707 217 504 4408 2464
is_linear=0
shrinkage=0.05


Tree=287
num_leaves=15
num_cat=0
split_feature=14 14 13 8 4 14 5 13 1 13 8 6 9 14
split_gain=368.881 2605.65 2095.31 2393.15 6130.74 6849.21 5317.94 2862.84 2178.26 2117.24 2048.82 1557.72 2567.19 1768.55
threshold=156.50000000000003 155.50000000000003 21.500000000000004 112.50000000000001 2.5000000000000004 180.50000000000003 105.50000000000001 137.50000000000003 13.500000000000002 165.50000000000003 119.50000000000001 165.50000000000003 163.50000000000003 161.50000000000003
decision_type=2 2 2 2 2 2 2 2 2 2 2 2 2 2
left_child=1 -1 8 4 5 7 -6 -4 -2 -9 -5 12 -12 -13
right_child=2 -3 3 10 6 -7 -8 9 -10 -11 11 13 -14 -15
leaf_value=0.0011867933798239169 0.25833414443665081 0.2157997243679487 -0.3659011399216387 0.13461943901209483 0.3490648161371549 -0.63864325106582231 -0.11736035129929684 0.11059480966881863 -0.042755331379269158 -0.20909382368607279 -0.15945528056922453 -0.10850186083317462 0.031097072372781982 0.048327138541869569
leaf_weight=12894 130 138 81 234 100 80 142 121 106 83 409 221 306 875
leaf_count=12894 130 138 81 234 100 80 142 121 106 83 409 221 306 875
internal_value=-4.29114e-05 0.00354129 -0.0161947 -0.0289727 -0.115715 -0.243831 0.0785418 -0.123906 0.125018 -0.0213651 -0.00300624 -0.0211106 -0.0782546 0.0163546
internal_weight=15920 13032 2888 2652 607 365 242 285 236 204 2045 1811 715 1096
internal_count=15920 13032 2888 2652 607 365 242 285 236 204 2045 1811 715 1096
is_linear=0
shrinkage=0.05


Tree=288
num_leaves=15
num_cat=0
split_feature=9 5 0 6 13 3 6 9 11 6 9 5 5 14
split_gain=359.182 495.71 939.415 483.781 2617.44 4077.57 4303.32 1674.07 1108.09 832.416 1455.17 748.708 2194.83 874.054
threshold=192.50000000000003 191.50000000000003 4.5000000000000009 179.50000000000003 27.500000000000004 1.5000000000000002 182.50000000000003 175.50000000000003 174.50000000000003 177.50000000000003 171.50000000000003 182.50000000000003 179.50000000000003 159.50000000000003
decision_type=2 2 2 2 2 2 2 2 2 2 2 2 2 2
left_child=1 3 -3 9 8 7 -7 -6 -5 11 -11 12 -1 -13
right_child=-2 2 -4 4 5 6 -8 -9 -10 10 -12 13 -14 -15
leaf_value=0.00046784161371656101 -0.075302020802049896 0.19820632301689534 -0.033229892956239453 0.23112240741343315 0.2157998595573008 -0.51587619497986825 -0.053229592238286771 -0.091756868622796514 -0.0028579376057767478 0.23769413950198359 -0.019131815218925478 0.21762555831933722 -0.23342176575379647 -0.011932863137301276
leaf_weight=14560 152 84 84 84 80 92 107 88 117 96 120 80 96 80
leaf_count=14560 152 84 84 84 80 92 107 88 117 96 120 80 96 80
internal_value=-4.85005e-05 0.000700567 0.0848723 -0.000232801 -0.0453244 -0.124172 -0.274518 0.0567029 0.0981613 0.00148554 0.0978083 4.87412e-05 -0.00114327 0.105963
internal_weight=15920 15768 168 15600 568 367 199 168 201 15032 216 14816 14656 160
internal_count=15920 15768 168 15600 568 367 199 168 201 15032 216 14816 14656 160
is_linear=0
shrinkage=0.05


Tree=289
num_leaves=15
num_cat=0
split_feature=7 6 7 13 11 7 7 9 8 14 1 8 6 3
split_gain=350.439 1792.97 1366.2 1339.33 1718.78 1114.96 2784.93 3285.56 3049.42 2600.2 4079.74 4094.46 2490.33 2419.14
threshold=132.50000000000003 143.50000000000003 127.50000000000001 153.50000000000003 118.50000000000001 162.50000000000003 161.50000000000003 159.50000000000003 158.50000000000003 63.500000000000007 12.500000000000002 158.50000000000003 159.50000000000003 2.5000000000000004
decision_type=2 2 2 2 2 2 2 2 2 2 2 2 2 2
left_child=1 2 -1 -3 -5 6 7 8 12 10 -7 -12 -2 -9
right_child=5 3 -4 4 -6 9 -8 13 -10 -11 11 -13 -14 -15
leaf_value=-0.001614780541470265 -0.062681543410231563 0.20254023804127708 0.13123997227870268 0.13034728282297564 -0.15074816993751639 -0.090143951562778005 -0.28591019312312843 -0.03221127926427296 0.1975634779886041 -0.0076174803820276069 0.046412624332725132 0.54382816311818638 0.11912559328379531 -0.22024109718475629
leaf_weight=10912 672 189 192 135 84 101 104 416 208 2200 80 83 256 288
leaf_count=10912 672 189 192 135 84 101 104 416 208 2200 80 83 256 288
internal_value=-4.50677e-05 0.0045455 0.000740455 0.10684 0.0215716 -0.0120254 -0.0402865 -0.0256662 0.026939 0.0103079 0.157051 0.308345 -0.0121582 -0.110143
internal_weight=15920 11512 11104 408 219 4408 1944 1840 1136 2464 264 163 928 704
internal_count=15920 11512 11104 408 219 4408 1944 1840 1136 2464 264 163 928 704
is_linear=0
shrinkage=0.05


Tree=290
num_leaves=15
num_cat=0
split_feature=1 11 8 14 3 14 13 14 14 5 8 12 11 8
split_gain=346.781 1100.86 1926.75 1131.56 1469.93 1362.4 1409.74 907.911 589.236 2773.52 9318.67 2932.64 2916.12 3523.11
threshold=21.500000000000004 111.50000000000001 25.500000000000004 109.50000000000001 4.5000000000000009 105.50000000000001 108.50000000000001 116.50000000000001 23.500000000000004 164.50000000000003 164.50000000000003 141.50000000000003 113.50000000000001 106.50000000000001
decision_type=2 2 2 2 2 2 2 2 2 2 2 2 2 2
left_child=8 2 -2 4 5 6 -3 -5 9 11 -11 12 13 -1
right_child=1 3 -4 7 -6 -7 -8 -9 -10 10 -12 -13 -14 -15
leaf_value=-0.015869037248347349 -0.02036949116514403 -0.10923208734429067 0.20287045628553435 0.075970625337213285 -0.30691801458272305 -0.21439277602113643 0.15468253211251326 -0.075395660154557453 0.0083630440456669407 -0.47627540660825202 0.17422511161553977 0.17392150503909001 -0.21584073188633465 0.22809701757205111
leaf_weight=3264 435 109 119 185 81 101 86 202 10594 118 96 213 167 150
leaf_count=3264 435 109 119 185 81 101 86 202 10594 118 96 213 167 150
internal_value=-3.46531e-05 -0.0245473 0.0289684 -0.0632892 -0.124338 -0.0701063 0.00811826 -0.00299103 0.00218554 -0.014133 -0.187147 -0.00414071 -0.0149597 -0.00483207
internal_weight=15920 1318 554 764 377 296 195 387 14602 4008 214 3794 3581 3414
internal_count=15920 1318 554 764 377 296 195 387 14602 4008 214 3794 3581 3414
is_linear=0
shrinkage=0.05


Tree=291
num_leaves=15
num_cat=0
split_feature=14 14 14 13 1 3 5 14 12 9 9 10 7 13
split_gain=341.951 2341.11 1890.09 2023.76 2408.87 1940.62 7413.71 6754.8 3311.47 1166.08 2179.28 6659.32 2798.56 1488.98
threshold=156.50000000000003 155.50000000000003 160.50000000000003 21.500000000000004 11.500000000000002 5.5000000000000009 103.50000000000001 172.50000000000003 24.500000000000004 169.50000000000003 164.50000000000003 168.50000000000003 159.50000000000003 167.50000000000003
decision_type=2 2 2 2 2 2 2 2 2 2 2 2 2 2
left_child=1 9 -2 4 -4 6 7 -5 -7 10 13 -12 -13 -1
right_child=2 -3 3 5 -6 8 -8 -9 -10 -11 11 12 -14 -15
leaf_value=-0.0021590346900462933 -0.10889833957584538 0.20460669422014194 0.3329597132683722 -0.024743289344209749 -0.0020224354386329654 0.36676283573168655 0.0022150959566620242 -0.60723130775265177 0.0048542059049559915 -0.051019580267539388 0.49237812349329824 -0.22339762791476037 0.14591540353356211 0.076642765414189365
leaf_weight=10998 452 138 92 99 120 81 1709 96 239 983 87 89 108 629
leaf_count=10998 452 138 92 99 120 81 1709 96 239 983 87 89 108 629
internal_value=-3.94534e-05 0.00341144 -0.0155905 0.00191042 0.14767 -0.012284 -0.0314861 -0.319518 0.100695 0.00117964 0.00550718 0.141134 -0.0223314 0.00213511
internal_weight=15920 13032 2888 2436 212 2224 1904 195 320 12894 11911 284 197 11627
internal_count=15920 13032 2888 2436 212 2224 1904 195 320 12894 11911 284 197 11627
is_linear=0
shrinkage=0.05


Tree=292
num_leaves=15
num_cat=0
split_feature=6 6 5 5 5 14 11 13 8 4 8 9 0 6
split_gain=337.272 3111.62 9835.14 2995.33 4244.1 2200.53 2121.61 4551.92 4764.13 4304.59 2055.56 2963.5 3501.14 1828.14
threshold=100.50000000000001 103.50000000000001 95.500000000000014 102.50000000000001 103.50000000000001 101.50000000000001 109.50000000000001 86.500000000000014 22.500000000000004 1.5000000000000002 105.50000000000001 103.50000000000001 5.5000000000000009 101.50000000000001
decision_type=2 2 2 2 2 2 2 2 2 2 2 2 2 2
left_child=6 2 -2 5 -5 -3 10 9 -9 -8 11 -1 -13 -4
right_child=1 3 13 4 -6 -7 7 8 -10 -11 -12 12 -14 -15
leaf_value=-0.00088396953861835789 -0.61994939073043709 0.028462646128575665 -0.20230715337299532 -0.27152706471290566 -0.0021877696598993704 0.2479298486680126 0.50969712689518931 -0.30258642600760577 0.058834784879741586 0.097342081224015095 0.15870655343113912 -0.026841986063210407 -0.39815225608091659 0.059309677867698266
leaf_weight=5440 80 268 88 144 7960 196 95 100 688 181 184 165 99 232
leaf_count=5440 80 268 88 144 7960 196 95 100 688 181 184 165 99 232
internal_value=-2.79537e-05 -0.00643406 -0.141861 -3.25342e-05 -0.00713813 0.122823 0.00823453 0.0730367 0.0113505 0.24582 -0.00352769 -0.00889546 -0.170896 -0.0146405
internal_weight=15920 8968 400 8568 8104 464 6952 1064 788 276 5888 5704 264 320
internal_count=15920 8968 400 8568 8104 464 6952 1064 788 276 5888 5704 264 320
is_linear=0
shrinkage=0.05


Tree=293
num_leaves=15
num_cat=0
split_feature=9 5 0 6 13 3 5 9 11 12 0 9 10 12
split_gain=336.249 408.507 835.259 455.545 2339.1 3727.61 3901.51 1521.47 986.497 754.868 1613.16 3343.88 2537.8 2294.74
threshold=192.50000000000003 191.50000000000003 4.5000000000000009 179.50000000000003 27.500000000000004 1.5000000000000002 180.50000000000003 175.50000000000003 174.50000000000003 159.50000000000003 4.5000000000000009 173.50000000000003 162.50000000000003 161.50000000000003
decision_type=2 2 2 2 2 2 2 2 2 2 2 2 2 2
left_child=1 3 -3 9 8 7 -7 -6 -5 -1 11 12 -11 -12
right_child=-2 2 -4 4 5 6 -8 -9 -10 10 13 -13 -14 -15
leaf_value=-0.0024389708173143117 -0.072848494863434199 0.18398946694443735 -0.034124675158704265 0.21719610022192593 0.20615068098201472 -0.48975734467409099 -0.049477589378754301 -0.087062322268242481 -0.0035392775566729369 0.12856038068558723 0.21826729719196597 0.21424235500593777 -0.09018492992670335 -0.04517610111473841
leaf_weight=13376 152 84 84 84 80 93 106 88 117 232 88 300 296 740
leaf_count=13376 152 84 84 84 80 93 106 88 117 232 88 300 296 740
internal_value=-3.69825e-05 0.000687774 0.0770981 -0.000159545 -0.0439155 -0.118447 -0.262197 0.0544856 0.0917411 0.00150787 0.0332991 0.0824335 0.0062348 -0.0160352
internal_weight=15920 15768 168 15600 568 367 199 168 201 15032 1656 828 528 828
internal_count=15920 15768 168 15600 568 367 199 168 201 15032 1656 828 528 828
is_linear=0
shrinkage=0.05


Tree=294
num_leaves=15
num_cat=0
split_feature=14 5 5 13 14 1 14 13 7 12 11 10 11 14
split_gain=336.04 1950.38 4674.16 4670.08 2342.4 1675.65 1433.53 1138.07 2935.29 3302.71 4572.44 2496.52 1938.68 1738.46
threshold=150.50000000000003 25.500000000000004 103.50000000000001 102.50000000000001 169.50000000000003 18.500000000000004 153.50000000000003 167.50000000000003 22.500000000000004 91.500000000000014 169.50000000000003 157.50000000000003 176.50000000000003 130.50000000000003
decision_type=2 2 2 2 2 2 2 2 2 2 2 2 2 2
left_child=7 3 -3 -2 -5 6 -4 12 -9 -10 11 -11 -1 -14
right_child=1 2 5 4 -6 -7 -8 8 9 10 -12 -13 13 -15
leaf_value=0.0037206291759110562 0.40936389297246933 -0.34561861053447834 -0.13406884092374227 0.11026167945894308 -0.22584383084055257 -0.17506159915546188 0.0043453994876569329 -0.090726102951526388 0.33763688383954216 0.048254329302632931 0.31704510600741853 -0.28392826761171391 -0.048110260042365377 -0.30074911817748062
leaf_weight=11452 85 105 196 128 80 148 2694 204 136 152 104 84 264 88
leaf_count=11452 85 105 196 128 80 148 2694 204 136 152 104 84 264 88
internal_value=-3.05213e-05 -0.0138655 -0.02542 0.108426 -0.0212766 -0.0138035 -0.0052572 0.00378134 0.0664369 0.134035 0.0488818 -0.0734178 0.000145306 -0.114598
internal_weight=15920 3436 3143 293 208 3038 2890 12484 680 476 340 236 11804 352
internal_count=15920 3436 3143 293 208 3038 2890 12484 680 476 340 236 11804 352
is_linear=0
shrinkage=0.05


Tree=295
num_leaves=15
num_cat=0
split_feature=1 14 14 1 13 8 1 0 7 5 9 1 12 14
split_gain=335.142 2399.24 4072.79 2304.01 1783.56 2083.14 2183.6 2190.72 2692.48 1756.97 2917.61 1301 3263.97 4035.21
threshold=5.5000000000000009 119.50000000000001 107.50000000000001 1.5000000000000002 83.500000000000014 116.50000000000001 1.5000000000000002 2.5000000000000004 109.50000000000001 117.50000000000001 119.50000000000001 9.5000000000000018 108.50000000000001 167.50000000000003
decision_type=2 2 2 2 2 2 2 2 2 2 2 2 2 2
left_child=1 2 4 -4 9 6 7 -6 -9 -1 -11 12 -2 -14
right_child=11 -3 3 -5 5 -7 -8 8 -10 10 -12 -13 13 -15
leaf_value=-0.050017682599267303 0.0032606830141332557 -0.1947095821197064 0.30564353958711971 0.060247207833670602 -0.027244443820518816 -0.21136800771450051 -0.0088995771057878061 0.42633486021310091 0.034805393069982531 -0.41255922079410245 -0.0022571373944995049 -0.0046775782800271681 0.20414380827265299 -0.078548687947697426
leaf_weight=1349 2004 168 106 726 112 96 1077 95 80 87 82 9286 485 167
leaf_count=1349 2004 168 106 726 112 96 1077 95 80 87 82 9286 485 167
internal_value=-3.48584e-05 -0.0125952 -0.00432026 0.0931507 -0.0316624 0.00779989 0.0239408 0.14522 0.253289 -0.0695179 -0.219263 0.00415263 0.0349759 0.13169
internal_weight=15920 3978 3810 832 2978 1460 1364 287 175 1518 169 11942 2656 652
internal_count=15920 3978 3810 832 2978 1460 1364 287 175 1518 169 11942 2656 652
is_linear=0
shrinkage=0.05


Tree=296
num_leaves=15
num_cat=0
split_feature=14 14 14 4 3 3 13 6 8 7 2 9 9 10
split_gain=316.96 2117.54 1714.94 1875.78 2461.27 9870.59 2193.14 2132.66 2106.45 2042.08 1011.95 982.164 1999.18 5955.06
threshold=156.50000000000003 155.50000000000003 160.50000000000003 1.5000000000000002 5.5000000000000009 3.5000000000000004 155.50000000000003 146.00000000000003 153.50000000000003 111.50000000000001 1.0000000180025095e-35 169.50000000000003 164.50000000000003 168.50000000000003
decision_type=2 2 2 2 2 2 2 2 2 2 2 2 2 2
left_child=1 11 -2 6 5 10 7 -4 -6 -8 -5 12 -1 -14
right_child=2 -3 3 4 8 -7 9 -9 -10 -11 -12 -13 13 -15
leaf_value=0.0019093130498176172 -0.10388383685185268 0.1946378131217561 0.36980078028400942 0.058770886447606724 0.32460444491733331 -0.46655580765589727 -0.22069817025871841 0.076104873230496611 -0.014080844872226619 0.060448969694262993 -0.032534895327272134 -0.046738755638024918 0.4671894348509934 -0.019576876215800405
leaf_weight=11627 452 138 93 412 84 122 80 177 94 264 1110 983 87 197
leaf_count=11627 452 138 93 412 84 122 80 177 94 264 1110 983 87 197
internal_value=-3.2422e-05 0.00328997 -0.0150044 0.00166622 -0.0238236 -0.0430695 0.0768869 0.182151 0.15025 -0.00715923 -0.00770724 0.00116739 0.00513898 0.135041
internal_weight=15920 13032 2888 2436 1822 1644 614 270 178 344 1522 12894 11911 284
internal_count=15920 13032 2888 2436 1822 1644 614 270 178 344 1522 12894 11911 284
is_linear=0
shrinkage=0.05


Tree=297
num_leaves=15
num_cat=0
split_feature=2 14 14 14 10 11 13 13 9 10 7 14 11 8
split_gain=322.413 694.965 901.752 1698.89 874.415 743.918 875.85 1292.77 1923.03 713.975 679.99 1857.42 960.855 1701.98
threshold=2.5000000000000004 178.50000000000003 141.50000000000003 130.50000000000003 158.50000000000003 166.50000000000003 167.50000000000003 142.50000000000003 157.50000000000003 22.500000000000004 116.50000000000001 117.50000000000001 113.50000000000001 107.50000000000001
decision_type=2 2 2 2 2 2 2 2 2 2 2 2 2 2
left_child=-1 2 3 5 -3 6 7 8 10 -9 11 12 13 -2
right_child=1 4 -4 -5 -6 -7 -8 9 -10 -11 -12 -13 -14 -15
leaf_value=-0.0041291583202687047 0.011795827763141772 0.010520997719886975 -0.035695592452687663 0.22696111115348555 0.22231238665937006 -0.10006781714790336 0.13980562897555099 -0.013441989728146128 0.21943233487022629 -0.2163558874775966 0.068526953973796101 -0.19481422286480665 -0.08580730239261096 0.22351758216379905
leaf_weight=11940 1379 112 912 92 82 131 139 85 113 85 428 111 214 97
leaf_count=11940 1379 112 912 92 82 131 139 85 113 85 428 111 214 97
internal_value=-2.06064e-05 0.0122948 0.00749736 0.0212419 0.103378 0.0140438 0.0198605 0.0129588 0.0227095 -0.118182 0.0122677 -0.00125472 0.0119955 0.0264174
internal_weight=15920 3980 3786 2874 194 2782 2651 2512 2342 170 2229 1801 1690 1476
internal_count=15920 3980 3786 2874 194 2782 2651 2512 2342 170 2229 1801 1690 1476
is_linear=0
shrinkage=0.05


Tree=298
num_leaves=15
num_cat=0
split_feature=12 11 13 9 13 6 6 4 5 6 13 5 12 6
split_gain=318.108 506.984 529.869 503.334 517.186 428.542 696.11 4472.66 2083.95 847.977 2629.34 2095.15 1594.92 1777.57
threshold=179.50000000000003 179.50000000000003 26.500000000000004 192.50000000000003 194.50000000000003 191.50000000000003 179.50000000000003 1.5000000000000002 183.50000000000003 176.50000000000003 23.500000000000004 171.50000000000003 175.50000000000003 174.50000000000003
decision_type=2 2 2 2 2 2 2 2 2 2 2 2 2 2
left_child=3 -2 -3 4 5 6 9 -8 -9 12 -11 -12 13 -1
right_child=1 2 -4 -5 -6 -7 7 8 -10 10 11 -13 -14 -15
leaf_value=0.00078880870453447395 0.1112139485189409 -0.090432144212079985 0.056124184825099434 -0.095203548939304161 0.1226909070944085 0.073838346549088052 -0.29678256038388762 0.1814308789048395 -0.092512528872803645 -0.15314488211744712 0.3339503369118908 0.046038015336630739 -0.20843648550010499 -0.20971776419273108
leaf_weight=14165 160 97 151 136 80 184 134 141 128 90 96 174 88 96
leaf_count=14165 160 97 151 136 80 184 134 141 128 90 96 174 88 96
internal_value=-1.21574e-05 0.0432968 -0.00185259 -0.00116486 -0.000302419 -0.000985571 -0.00192073 -0.0663432 0.0517691 -0.000133726 0.0751261 0.152617 -0.00204742 -0.000701253
internal_weight=15920 408 248 15512 15376 15296 15112 403 269 14709 360 270 14349 14261
internal_count=15920 408 248 15512 15376 15296 15112 403 269 14709 360 270 14349 14261
is_linear=0
shrinkage=0.05


Tree=299
num_leaves=15
num_cat=0
split_feature=1 12 10 7 14 13 8 11 11 14 12 12 10 8
split_gain=312.257 1021.51 1111.98 1076.55 873.331 897.558 704.29 726.614 667.531 566.385 2636.5 5330.25 3580.19 2288.64
threshold=21.500000000000004 141.50000000000003 142.50000000000003 130.50000000000003 117.50000000000001 119.50000000000001 106.50000000000001 109.50000000000001 122.50000000000001 23.500000000000004 140.50000000000003 116.50000000000001 157.50000000000003 118.50000000000001
decision_type=2 2 2 2 2 2 2 2 2 2 2 2 2 2
left_child=9 3 -3 4 5 6 7 -2 -8 10 11 13 -12 -1
right_child=1 2 -4 -5 -6 -7 8 -9 -10 -11 12 -13 -14 -15
leaf_value=-0.0036455240555580098 -0.010853413992274682 -0.25143891178391953 -0.032039554704578574 0.16455026602770173 -0.12946602315420197 0.12933995057518285 -0.17068421396711642 0.14980377770960332 -0.0072094772121420615 0.0081483220416637085 0.40124344220932795 -0.27903535412813579 0.023887585473048641 -0.21512432261405134
leaf_weight=3364 406 88 157 84 142 115 116 80 130 10594 80 192 244 128
leaf_count=3364 406 88 157 84 142 115 116 80 130 10594 80 192 244 128
internal_value=-1.50059e-05 -0.0232755 -0.114297 -0.00205866 -0.016966 0.00254377 -0.0181187 0.0168484 -0.0861596 0.00209177 -0.0139072 -0.0259862 0.121744 -0.0116938
internal_weight=15920 1318 245 1073 989 847 732 486 246 14602 4008 3684 324 3492
internal_count=15920 1318 245 1073 989 847 732 486 246 14602 4008 3684 324 3492
is_linear=0
shrinkage=0.05


end of trees

feature_importances:
week=719
lag0=452
day=415
hour=396
lag2=297
dow=271
lag4=267
lag1=262
lag3=244
lag6=243
lag7=197
lag5=178
month=147
horizon=59
quarter=53

parameters:
[boosting: gbdt]
[objective: regression]
[metric: l2]
[tree_learner: serial]
[device_type: cpu]
[data_sample_strategy: bagging]
[data: ]
[valid: ]
[num_iterations: 300]
[learning_rate: 0.05]
[num_leaves: 15]
[num_threads: 2]
[seed: 42]
[deterministic: 0]
[force_col_wise: 0]
[force_row_wise: 0]
[histogram_pool_size: -1]
[max_depth: -1]
[min_data_in_leaf: 80]
[min_sum_hessian_in_leaf: 0.001]
[bagging_fraction: 1]
[pos_bagging_fraction: 1]
[neg_bagging_fraction: 1]
[bagging_freq: 0]
[bagging_seed: 400]
[bagging_by_query: 0]
[feature_fraction: 1]
[feature_fraction_bynode: 1]
[feature_fraction_seed: 30056]
[extra_trees: 0]
[extra_seed: 12879]
[early_stopping_round: 0]
[early_stopping_min_delta: 0]
[first_metric_only: 0]
[max_delta_step: 0]
[lambda_l1: 0]
[lambda_l2: 5]
[linear_lambda: 0]
[min_gain_to_split: 0]
[drop_rate: 0.1]
[max_drop: 50]
[skip_drop: 0.5]
[xgboost_dart_mode: 0]
[uniform_drop: 0]
[drop_seed: 17869]
[top_rate: 0.2]
[other_rate: 0.1]
[min_data_per_group: 100]
[max_cat_threshold: 32]
[cat_l2: 10]
[cat_smooth: 10]
[max_cat_to_onehot: 4]
[top_k: 20]
[monotone_constraints: ]
[monotone_constraints_method: basic]
[monotone_penalty: 0]
[feature_contri: ]
[forcedsplits_filename: ]
[refit_decay_rate: 0.9]
[cegb_tradeoff: 1]
[cegb_penalty_split: 0]
[cegb_penalty_feature_lazy: ]
[cegb_penalty_feature_coupled: ]
[path_smooth: 0]
[interaction_constraints: ]
[verbosity: -1]
[saved_feature_importance_type: 0]
[use_quantized_grad: 0]
[num_grad_quant_bins: 4]
[quant_train_renew_leaf: 0]
[stochastic_rounding: 1]
[linear_tree: 0]
[max_bin: 255]
[max_bin_by_feature: ]
[min_data_in_bin: 3]
[bin_construct_sample_cnt: 200000]
[data_random_seed: 175]
[is_enable_sparse: 1]
[enable_bundle: 1]
[use_missing: 1]
[zero_as_missing: 0]
[feature_pre_filter: 1]
[pre_partition: 0]
[two_round: 0]
[header: 0]
[label_column: ]
[weight_column: ]
[group_column: ]
[ignore_column: ]
[categorical_feature: ]
[forcedbins_filename: ]
[precise_float_parser: 0]
[parser_config_file: ]
[objective_seed: 16083]
[num_class: 1]
[is_unbalance: 0]
[scale_pos_weight: 1]
[sigmoid: 1]
[boost_from_average: 1]
[reg_sqrt: 0]
[alpha: 0.9]
[fair_c: 1]
[poisson_max_delta_step: 0.7]
[tweedie_variance_power: 1.5]
[lambdarank_truncation_level: 30]
[lambdarank_norm: 1]
[label_gain: ]
[lambdarank_position_bias_regularization: 0]
[eval_at: ]
[multi_error_top_k: 1]
[auc_mu_weights: ]
[num_machines: 1]
[local_listen_port: 12400]
[time_out: 120]
[machine_list_filename: ]
[machines: ]
[gpu_platform_id: -1]
[gpu_device_id: -1]
[gpu_device_id_list: ]
[gpu_use_dp: 0]
[num_gpu: 1]

end of parameters

pandas_categorical:[]
