tree
version=v4
num_class=1
num_tree_per_iteration=1
label_index=0
max_feature_idx=14
objective=regression
feature_names=horizon hour quarter dow month lag0 lag1 lag2 lag3 lag4 lag5 lag6 lag7 day week
feature_infos=[1:8] [0:23] [0:3] [0:6] [1:6] [19:206] [19:208] [19:222] [19:192] [19:206] [19:208] [19:222] [19:192] [19:222] [19:222]
tree_sizes=1417 1444 1445 1438 1434 1438 1440 1438 1426 1429 1443 1434 1436 1443 1443 1435 1444 1441 1447 1436 1446 1448 1431 1452 1451 1458 1445 1452 1449 1447 1455 1455 1465 1453 1444 1460 1453 1451 1461 1442 1440 1441 1441 1443 1431 1452 1449 1450 1451 1449 1447 1441 1446 1435 1431 1454 1445 1459 1457 1447 1463 1462 1455 1461 1466 1461 1471 1461 1465 1453 1458 1456 1445 1464 1460 1469 1462 1460 1456 1459 1443 1456 1447 1440 1451 1455 1446 1453 1459 1473 1444 1458 1456 1462 1454 1449 1462 1472 1461 1452 1451 1473 1422 1463 1449 1466 1476 1457 1473 1460 1441 1466 1468 1462 1457 1463 1469 1460 1442 1441 1451 1432 1454 1470 1482 1474 1459 1439 1446 1470 1459 1457 1427 1453 1474 1466 1467 1480 1465 1439 1462 1469 1447 1473 1452 1466 1474 1455 1455 1454 1462 1470 1447 1469 1454 1462 1462 1460 1450 1471 1462 1448 1457 1440 1458 1443 1447 1451 1466 1472 1476 1461 1436 1456 1448 1465 1450 1465 1466 1477 1468 1438 1452 1453 1476 1471 1444 1463 1464 1469 1448 1457 1460 1468 1431 1450 1453 1449 1452 1453 1445 1468 1457 1473 1450 1460 1455 1453 1458 1460 1454 1449 1462 1464 1452 1461 1446 1480 1458 1452 1463 1461 1459 1450 1447 1447 1467 1448 1475 1459 1437 1454 1445 1452 1453 1464 1469 1439 1473 1464 1457 1439 1453 1425 1448 1448 1446 1433 1475 1461 1450 1470 1437 1457 1435 1435 1433 1434 1439 1480 1452 1445 1448 1458 1477 1473 1458 1446 1439 1465 1458 1449 1458 1442 1436 1442 1446 1457 1438 1459 1464 1431 1451 1457 1452 1450 1478 1437 1439 1451 1445 1451 1436 1446 1465 1449 1448 1463 1455 1424

Tree=0
num_leaves=15
num_cat=0
split_feature=5 14 1 5 13 14 14 14 14 1 3 14 1 1
split_gain=7.23934e+07 1.53555e+07 1.80799e+06 1.11365e+06 741860 491303 469450 424672 332793 366451 207831 155764 143474 143166
threshold=48.000000000000007 134.50000000000003 1.5000000000000002 116.50000000000001 137.50000000000003 84.500000000000014 148.50000000000003 93.500000000000014 174.50000000000003 9.5000000000000018 4.5000000000000009 34.500000000000007 15.500000000000002 9.5000000000000018
decision_type=2 2 2 2 2 2 2 2 2 2 2 2 2 2
left_child=8 2 5 7 -5 -2 -3 10 11 -10 -4 -1 -8 -13
right_child=1 6 3 4 -6 -7 12 -9 9 -11 -12 13 -14 -15
leaf_value=90.969443002720467 93.063089968489308 96.994981141157822 94.605481191896644 95.582140657479172 97.117375464966727 94.741342535801863 98.122068687081139 95.145179065559418 95.294904855221617 91.171935849590284 93.479412908739405 91.950225733019678 97.543502799099926 91.010659849745707
leaf_weight=8678 1217 1543 1429 4549 952 676 5099 4989 100 108 569 994 1657 832
leaf_count=8678 1217 1543 1429 4549 952 676 5099 4989 100 108 569 994 1657 832
internal_value=94.4887 96.0886 95.0998 95.3181 95.85 93.6615 97.8005 94.8987 91.102 93.1265 94.2831 91.0626 97.9825 91.5138
internal_weight=33392 22680 14381 12488 5501 1893 8299 6987 10712 208 1998 10504 6756 1826
internal_count=33392 22680 14381 12488 5501 1893 8299 6987 10712 208 1998 10504 6756 1826
is_linear=0
shrinkage=1


Tree=1
num_leaves=15
num_cat=0
split_feature=5 14 1 5 13 14 14 14 14 1 3 14 14 9
split_gain=6.53463e+07 1.38676e+07 1.66259e+06 1.04022e+06 687163 443615 390315 352776 299452 332288 187729 146203 167400 141178
threshold=48.000000000000007 136.50000000000003 1.5000000000000002 116.50000000000001 137.50000000000003 84.500000000000014 93.500000000000014 152.50000000000003 174.50000000000003 9.5000000000000018 4.5000000000000009 114.50000000000001 63.500000000000007 104.50000000000001
decision_type=2 2 2 2 2 2 2 2 2 2 2 2 2 2
left_child=8 2 5 6 11 -2 10 -3 13 -10 -4 12 -5 -1
right_child=1 7 3 4 -6 -7 -8 -9 9 -11 -12 -13 -14 -15
leaf_value=-3.2719768919671992 -1.354573649046074 2.5750715632934167 0.11101000877396 1.5594688759545487 2.4979260197231223 0.24015069631052788 0.63012816986918097 3.3620480668566062 0.76786158970424112 -3.1582164122995025 -0.95921482716910933 1.3960764241631862 0.61310910218888803 -1.1735514312662105
leaf_weight=10416 1217 1987 1429 595 996 676 5030 6154 100 108 569 1841 2186 88
leaf_count=10416 1217 1987 1429 595 996 676 5030 6154 100 108 569 1841 2186 88
internal_value=-4.05632e-06 1.52006 0.594481 0.80135 1.3083 -0.785957 0.395463 3.17167 -3.21757 -1.29696 -0.195407 1.04953 0.81802 -3.25496
internal_weight=33392 22680 14539 12646 5618 1893 7028 8141 10712 208 1998 4622 2781 10504
internal_count=33392 22680 14539 12646 5618 1893 7028 8141 10712 208 1998 4622 2781 10504
is_linear=0
shrinkage=0.05


Tree=2
num_leaves=15
num_cat=0
split_feature=5 14 1 5 13 14 14 14 14 1 3 14 3 9
split_gain=5.89823e+07 1.25165e+07 1.50101e+06 939946 632016 400556 346263 318210 272732 478692 170199 135389 154449 128595
threshold=48.000000000000007 136.50000000000003 1.5000000000000002 115.50000000000001 137.50000000000003 84.500000000000014 93.500000000000014 152.50000000000003 165.50000000000003 9.5000000000000018 4.5000000000000009 114.50000000000001 5.5000000000000009 104.50000000000001
decision_type=2 2 2 2 2 2 2 2 2 2 2 2 2 2
left_child=8 2 5 6 11 -2 10 -3 13 -10 -4 12 -5 -1
right_child=1 7 3 4 -6 -7 -8 -9 9 -11 -12 -13 -14 -15
leaf_value=-3.1206910137746133 -1.2871221411040392 2.4466411100154422 0.099117916493887251 0.63038226539313769 2.3736535398633807 0.22823132940194682 0.58934499823597342 3.1940822390113333 0.55834915109928829 -3.1362516185464382 -0.92666120233512683 1.3193138366605259 1.7103411898016931 -1.1180284746231572
leaf_weight=10266 1217 1987 1401 2538 996 676 4872 6154 144 214 563 1897 379 88
leaf_count=10266 1217 1987 1401 2538 996 676 4872 6154 144 214 563 1897 379 88
internal_value=2.49053e-05 1.44417 0.564838 0.761398 1.22875 -0.746806 0.36358 3.01327 -3.05685 -1.66293 -0.196538 0.989659 0.773386 -3.10422
internal_weight=33392 22680 14539 12646 5810 1893 6836 8141 10712 358 1964 4814 2917 10354
internal_count=33392 22680 14539 12646 5810 1893 6836 8141 10712 358 1964 4814 2917 10354
is_linear=0
shrinkage=0.05


Tree=3
num_leaves=15
num_cat=0
split_feature=5 14 1 5 13 14 14 14 14 1 1 13 3 1
split_gain=5.32383e+07 1.13015e+07 1.32956e+06 821693 557589 361676 353824 306397 258926 255897 643782 278273 153739 130124
threshold=48.000000000000007 134.50000000000003 1.5000000000000002 115.50000000000001 140.50000000000003 84.500000000000014 148.50000000000003 93.500000000000014 34.500000000000007 9.5000000000000018 7.5000000000000009 28.500000000000004 4.5000000000000009 15.500000000000002
decision_type=2 2 2 2 2 2 2 2 2 2 2 2 2 2
left_child=8 2 5 7 -5 -2 -3 12 -1 10 -10 -12 -4 -8
right_child=1 6 3 4 -6 -7 13 -9 9 -11 11 -13 -14 -15
leaf_value=-3.0256934974432252 -1.2230293335920466 2.1418078643071303 0.094179643929047069 0.94179639453203468 2.3162454399344039 0.21690354335850734 3.1299718409496418 0.5533181659712485 -2.4936415105603924 -2.990185147038213 1.6193295094461153 -1.8266285047426329 -0.88073601688350167 2.5865512248339351
leaf_weight=8678 1217 1543 1401 4821 871 676 5099 4832 848 940 160 86 563 1657
leaf_count=8678 1217 1543 1401 4821 871 676 5099 4832 848 940 160 86 563 1657
internal_value=5.02953e-05 1.37208 0.523833 0.711014 1.15397 -0.709605 2.84077 0.339444 -2.90416 -2.37952 -1.84359 0.402256 -0.186816 2.9987
internal_weight=33392 22680 14381 12488 5692 1893 8299 6796 10712 2034 1094 246 1964 6756
internal_count=33392 22680 14381 12488 5692 1893 8299 6796 10712 2034 1094 246 1964 6756
is_linear=0
shrinkage=0.05


Tree=4
num_leaves=15
num_cat=0
split_feature=5 14 1 5 13 14 14 1 14 1 1 13 3 13
split_gain=4.8055e+07 1.02036e+07 1.22287e+06 768584 493188 328561 273196 269394 233184 231019 581233 252290 134216 127737
threshold=48.000000000000007 136.50000000000003 1.5000000000000002 117.50000000000001 137.50000000000003 77.500000000000014 94.500000000000014 16.500000000000004 34.500000000000007 9.5000000000000018 7.5000000000000009 28.500000000000004 4.5000000000000009 134.50000000000003
decision_type=2 2 2 2 2 2 2 2 2 2 2 2 2 2
left_child=8 2 5 6 -5 -2 12 -3 -1 10 -10 -12 -4 -14
right_child=1 7 3 4 -6 -7 -8 -9 9 -11 11 -13 13 -15
leaf_value=-2.8744960104994934 -1.2178086526110663 2.8731128365644385 0.12676331334174659 0.91230218707969335 2.1520765873732532 0.1212227814293677 0.55218551613704214 2.1544046543980842 -2.3696903059649932 -2.8414669949163205 1.540816495743665 -1.7403153723412819 -0.4098698165511141 -2.3273550591378842
leaf_weight=8678 1123 6394 1574 4363 984 770 5124 1747 848 940 160 86 500 101
leaf_count=8678 1123 6394 1574 4363 984 770 5124 1747 848 940 160 86 500 101
internal_value=5.64453e-05 1.30358 0.509642 0.687058 1.14225 -0.674257 0.353044 2.7203 -2.75916 -2.26124 -1.75203 0.381936 -0.116296 -0.748653
internal_weight=33392 22680 14539 12646 5347 1893 7299 8141 10712 2034 1094 246 2175 601
internal_count=33392 22680 14539 12646 5347 1893 7299 8141 10712 2034 1094 246 2175 601
is_linear=0
shrinkage=0.05


Tree=5
num_leaves=15
num_cat=0
split_feature=5 14 1 5 13 14 14 14 14 1 1 0 3 13
split_gain=4.33752e+07 9.21392e+06 1.08306e+06 674021 478754 305053 297878 237870 210000 208559 524760 243710 151548 123203
threshold=48.000000000000007 134.50000000000003 1.5000000000000002 113.50000000000001 140.50000000000003 154.50000000000003 84.500000000000014 93.500000000000014 34.500000000000007 9.5000000000000018 7.5000000000000009 4.5000000000000009 4.5000000000000009 160.50000000000003
decision_type=2 2 2 2 2 2 2 2 2 2 2 2 2 2
left_child=8 2 6 7 -5 13 -2 12 -1 10 -10 -12 -4 -3
right_child=1 5 3 4 -6 -7 -8 -9 9 -11 11 -13 -14 -15
leaf_value=-2.7308539499375222 -1.1066368983028101 1.8523545539099722 0.084935137418575501 0.83001903835760116 2.0905360353941265 2.7688171549133909 0.20012134563467751 0.47500035822480247 -2.2519003102256714 -2.7001452675067559 -1.6879158835257255 1.5214664064302035 -0.91100978839040259 2.6292602259754987
leaf_weight=8678 1217 1755 1339 5384 875 5756 676 4361 848 940 88 158 529 788
leaf_count=8678 1217 1755 1339 5384 875 5756 676 4361 848 940 88 158 529 788
internal_value=2.85827e-05 1.23846 0.472553 0.641493 1.00777 2.56458 -0.640689 0.272943 -2.6214 -2.14884 -1.66501 0.362641 -0.198786 2.09778
internal_weight=33392 22680 14381 12488 6259 8299 1893 6229 10712 2034 1094 246 1868 2543
internal_count=33392 22680 14381 12488 6259 8299 1893 6229 10712 2034 1094 246 1868 2543
is_linear=0
shrinkage=0.05


Tree=6
num_leaves=15
num_cat=0
split_feature=5 14 1 5 13 14 14 14 14 6 3 5 14 14
split_gain=3.91521e+07 8.31902e+06 961878 592593 410024 324436 270762 224113 189122 202543 221954 121360 112433 104277
threshold=48.000000000000007 133.50000000000003 1.5000000000000002 115.50000000000001 137.50000000000003 148.50000000000003 76.500000000000014 99.500000000000014 34.500000000000007 21.500000000000004 1.0000000180025095e-35 171.50000000000003 95.500000000000014 114.50000000000001
decision_type=2 2 2 2 2 2 2 2 2 2 2 2 2 2
left_child=8 2 6 7 13 -3 -2 -4 -1 -10 12 -7 -11 -5
right_child=1 5 3 4 -6 11 -8 -9 9 10 -12 -13 -14 -15
leaf_value=-2.5943898760007986 -1.1185424958381172 1.7868679056649499 -0.075494258962967631 0.60419161686728584 1.9408033930845598 2.4367585635062157 0.09031899244518754 0.51456375485978323 -2.5423946953272516 -1.0794842063975725 -1.8541342518329622 2.9350770547485352 1.4432385175072533 1.0953088448417014
leaf_weight=8678 1093 1677 2629 2917 926 4886 800 4139 1022 87 845 1870 80 1743
leaf_count=8678 1093 1677 2629 2917 926 4886 800 4139 1022 87 845 1870 80 1743
internal_value=3.51101e-05 1.17663 0.439586 0.600407 0.981387 2.42083 -0.608774 0.285472 -2.49051 -2.04203 -1.5267 2.57676 0.13583 0.788863
internal_weight=33392 22680 14247 12354 5586 8433 1893 6768 10712 2034 1012 6756 167 4660
internal_count=33392 22680 14247 12354 5586 8433 1893 6768 10712 2034 1012 6756 167 4660
is_linear=0
shrinkage=0.05


Tree=7
num_leaves=15
num_cat=0
split_feature=5 14 1 5 13 14 1 14 14 1 1 1 5 9
split_gain=3.53402e+07 7.51613e+06 898798 570860 368533 246088 223364 205187 175358 200220 124056 176676 122465 117564
threshold=48.000000000000007 136.50000000000003 1.5000000000000002 117.50000000000001 149.50000000000003 90.500000000000014 15.500000000000002 94.500000000000014 174.50000000000003 9.5000000000000018 12.500000000000002 11.500000000000002 151.50000000000003 104.50000000000001
decision_type=2 2 2 2 2 2 2 2 2 2 2 2 2 2
left_child=8 2 5 7 10 -2 -3 -4 13 -10 11 -5 -8 -1
right_child=1 6 3 4 -6 -7 12 -9 9 -11 -12 -13 -14 -15
leaf_value=-2.4101340946491434 -0.95066153057255698 2.5149136806737378 -0.10599092977360712 0.99992132257225763 2.0825434390215327 0.29047561612428796 1.2660770685163967 0.47333173082571656 0.69871006193615148 -2.345872943169248 0.98972311642596589 -0.12776851174356391 2.1227593338135446 -0.53945296092699935
leaf_weight=10416 1325 5564 2175 674 662 568 562 5124 100 108 3302 709 2015 88
leaf_count=10416 1325 5564 2175 674 662 568 562 5124 100 108 3302 709 2015 88
internal_value=6.01797e-05 1.11792 0.436504 0.588606 0.980903 -0.578471 2.33383 0.300747 -2.36614 -0.90009 0.823184 0.423429 1.93874 -2.39473
internal_weight=33392 22680 14539 12646 5347 1893 8141 7299 10712 208 4685 1383 2577 10504
internal_count=33392 22680 14539 12646 5347 1893 8141 7299 10712 208 4685 1383 2577 10504
is_linear=0
shrinkage=0.05


Tree=8
num_leaves=15
num_cat=0
split_feature=5 14 1 14 13 1 14 6 1 1 9 0 14 3
split_gain=3.18986e+07 6.79451e+06 863145 700922 369209 173136 166201 179899 205414 304205 131870 126666 118087 147924
threshold=48.000000000000007 139.50000000000003 8.5000000000000018 88.500000000000014 135.50000000000003 15.500000000000002 30.500000000000004 21.500000000000004 9.5000000000000018 7.5000000000000009 91.500000000000014 5.5000000000000009 118.50000000000001 5.5000000000000009
decision_type=2 2 2 2 2 2 2 2 2 2 2 2 2 2
left_child=6 2 3 10 12 -3 -1 -8 9 -9 -2 -11 13 -4
right_child=1 5 4 -5 -6 -7 7 8 -10 11 -12 -13 -14 -15
leaf_value=-2.34537825226466 0.38285526675803805 2.4079534617590772 0.41466299991614736 0.4141964672950289 1.6255290810040066 1.8839360506497327 -2.2985749454200555 -1.4361484989383311 -2.1696742599311918 -0.29294495445288971 -0.70500349399942086 2.4214106917381288 1.0178406379552236 1.3962811549948291
leaf_weight=8670 312 5468 3619 5150 1220 2395 1028 419 430 84 2393 81 1697 426
leaf_count=8670 312 5468 3619 5150 1220 2395 1028 419 430 84 2393 81 1697 426
internal_value=9.42846e-05 1.06212 0.431394 0.0720038 0.83654 2.24964 -2.24794 -1.8295 -1.34501 -0.724546 -0.579053 1.07158 0.667635 0.519638
internal_weight=33392 22680 14817 7855 6962 7863 10712 2042 1014 584 2705 165 5742 4045
internal_count=33392 22680 14817 7855 6962 7863 10712 2042 1014 584 2705 165 5742 4045
is_linear=0
shrinkage=0.05


Tree=9
num_leaves=15
num_cat=0
split_feature=5 14 1 14 13 1 14 1 13 9 3 14 3 1
split_gain=2.87929e+07 6.13247e+06 779325 632648 333364 156197 150291 421350 228756 119099 113547 107346 127829 108312
threshold=48.000000000000007 139.50000000000003 8.5000000000000018 88.500000000000014 135.50000000000003 15.500000000000002 126.50000000000001 9.5000000000000018 41.500000000000007 91.500000000000014 4.5000000000000009 121.50000000000001 5.5000000000000009 12.500000000000002
decision_type=2 2 2 2 2 2 2 2 2 2 2 2 2 2
left_child=6 2 3 9 11 -3 -1 8 -8 -2 -6 12 13 -4
right_child=1 5 4 -5 10 -7 7 -9 -10 -11 -12 -13 -14 -15
leaf_value=-2.1917635208276267 0.3640144515136251 2.2876657678628782 -0.16461082351458323 0.39350674172651989 1.7231241055517807 1.7899354732694726 1.3945036071682384 -2.2000278152917558 -1.6058691864921935 -0.66982681268796618 0.23732792372797051 1.014465313209677 1.3102719445619524 0.53665841287582972
leaf_weight=9853 312 5468 661 5150 1072 2395 156 603 100 2393 148 1404 444 3233
leaf_count=9853 312 5468 661 5150 1072 2395 156 603 100 2393 148 1404 444 3233
internal_value=0.000109915 1.00912 0.409901 0.0684065 0.794873 2.1373 -2.13568 -1.48347 0.214172 -0.55013 1.54458 0.634377 0.510334 0.417561
internal_weight=33392 22680 14817 7855 6962 7863 10712 859 256 2705 1220 5742 4338 3894
internal_count=33392 22680 14817 7855 6962 7863 10712 859 256 2705 1220 5742 4338 3894
is_linear=0
shrinkage=0.05


Tree=10
num_leaves=15
num_cat=0
split_feature=5 14 5 14 13 1 3 9 1 1 14 6 3 1
split_gain=2.59892e+07 5.53489e+06 721429 551641 286234 170400 147103 164587 142001 141625 140932 160066 181797 139775
threshold=48.000000000000007 139.50000000000003 124.50000000000001 88.500000000000014 135.50000000000003 1.5000000000000002 4.5000000000000009 113.50000000000001 16.500000000000004 12.500000000000002 30.500000000000004 21.500000000000004 1.0000000180025095e-35 5.5000000000000009
decision_type=2 2 2 2 2 2 2 2 2 2 2 2 2 2
left_child=10 2 3 5 9 -2 13 -8 -3 -4 -1 -12 -13 -7
right_child=1 8 4 -5 -6 6 7 -9 -10 -11 11 12 -14 -15
leaf_value=-2.1186518227019984 -0.87601136858935613 2.1394081347418266 0.20259451218954352 0.38972436868437366 1.614309094132035 -0.2597560080325329 -1.2520682357805526 1.0065957547561959 1.5961041775048901 0.88943997908829775 -2.0860651505189618 0.30152719708951725 -1.4860267995981609 0.80630016194292442
leaf_weight=8670 1209 6272 1070 7155 1082 734 412 96 1591 2537 1028 169 845 522
leaf_count=8670 1209 6272 1070 7155 1082 734 412 96 1591 2537 1028 169 845 522
internal_value=0.000136019 0.958757 0.389486 0.151926 0.901896 -0.420068 -0.105984 -0.819583 2.03056 0.686253 -2.02901 -1.64414 -1.18808 0.184743
internal_weight=33392 22680 14817 10128 4689 2973 1764 508 7863 3607 10712 2042 1014 1256
internal_count=33392 22680 14817 10128 4689 2973 1764 508 7863 3607 10712 2042 1014 1256
is_linear=0
shrinkage=0.05


Tree=11
num_leaves=15
num_cat=0
split_feature=5 14 1 5 13 14 14 14 1 0 14 3 13 5
split_gain=2.34584e+07 5.00167e+06 615080 405360 325778 228237 176930 128596 374472 212454 123442 172345 123172 98626.5
threshold=48.000000000000007 133.50000000000003 1.5000000000000002 110.50000000000001 156.50000000000003 152.50000000000003 76.500000000000014 126.50000000000001 9.5000000000000018 4.5000000000000009 87.500000000000014 3.5000000000000004 115.50000000000001 171.50000000000003
decision_type=2 2 2 2 2 2 2 2 2 2 2 2 2 2
left_child=7 2 6 10 -5 -3 -2 -1 9 -9 11 12 -4 -7
right_child=1 5 3 4 -6 13 -8 8 -10 -11 -12 -13 -14 -15
leaf_value=-1.9795068453388962 -0.91100537925551495 1.4410961739203507 -0.041230256221150473 0.61219723610814036 1.9455452017667818 1.9042103211397745 0.066231345187247923 -1.5819874293341929 -2.0008087186436905 1.3484087166243368 0.26327590561583292 -0.97468556606374723 1.9634256821939315 2.3687043557142058
leaf_weight=9853 1093 2279 641 6950 487 4442 800 93 603 163 3648 546 82 1712
leaf_count=9853 1093 2279 641 6950 487 4442 800 93 603 163 3648 546 82 1712
internal_value=0.000135665 0.910888 0.339388 0.467992 0.700758 1.87563 -0.498929 -1.92768 -1.32522 0.273938 0.115579 -0.308374 0.198054 2.03525
internal_weight=33392 22680 14247 12354 7437 8433 1893 10712 859 256 4917 1269 723 6154
internal_count=33392 22680 14247 12354 7437 8433 1893 10712 859 256 4917 1269 723 6154
is_linear=0
shrinkage=0.05


Tree=12
num_leaves=15
num_cat=0
split_feature=5 14 1 14 5 13 14 14 7 1 1 14 3 13
split_gain=2.11743e+07 4.52237e+06 509147 339156 314335 320446 158379 119473 143812 146260 249178 107523 164673 110544
threshold=48.000000000000007 126.50000000000001 1.5000000000000002 148.50000000000003 110.50000000000001 149.50000000000003 76.500000000000014 30.500000000000004 21.500000000000004 9.5000000000000018 7.5000000000000009 83.500000000000014 3.5000000000000004 115.50000000000001
decision_type=2 2 2 2 2 2 2 2 2 2 2 2 2 2
left_child=7 2 6 -3 11 -6 -2 -1 -9 10 -10 12 13 -4
right_child=1 3 4 -5 5 -7 -8 8 9 -11 -12 -13 -14 -15
leaf_value=-1.9138621237587174 -0.86566252255564613 1.2081633743566473 -0.039441226123749812 1.9049981034718009 0.52311957566835277 1.7624335104289699 0.05994495281814935 -1.8995409215684049 -1.163940719054656 -1.7645127303211403 1.0891145575397156 0.23430564632560943 -0.97563547650707594 1.8708964487601971
leaf_weight=8670 1093 2405 583 6756 6199 566 797 1019 440 418 165 3680 519 82
leaf_count=8670 1093 2405 583 6756 6199 566 797 1019 440 418 165 3680 519 82
internal_value=0.000162012 0.865439 0.284023 1.72282 0.407731 0.628033 -0.476212 -1.8314 -1.47744 -1.0498 -0.545581 0.100998 -0.312579 0.208323
internal_weight=33392 22680 13519 9161 11629 6765 1890 10712 2042 1023 605 4864 1184 665
internal_count=33392 22680 13519 9161 11629 6765 1890 10712 2042 1023 605 4864 1184 665
is_linear=0
shrinkage=0.05


Tree=13
num_leaves=15
num_cat=0
split_feature=5 14 13 1 3 13 3 14 10 1 5 14 6 3
split_gain=1.91127e+07 4.09103e+06 565132 315084 234848 280925 202864 245116 155955 212218 130145 107603 130148 154471
threshold=48.000000000000007 139.50000000000003 109.50000000000001 1.0000000180025095e-35 4.5000000000000009 160.50000000000003 5.5000000000000009 99.500000000000014 107.50000000000001 7.5000000000000009 167.50000000000003 30.500000000000004 21.500000000000004 1.0000000180025095e-35
decision_type=2 2 2 2 2 2 2 2 2 2 2 2 2 2
left_child=11 2 3 -2 5 -4 7 -5 9 -6 -3 -1 -13 -14
right_child=1 10 4 6 8 -7 -8 -9 -10 -11 -12 12 13 -15
leaf_value=-1.8182240736824635 -0.76933958130164726 1.5907555175437613 0.74338473004990779 -0.19963742288600442 0.19563997192885232 2.0558748257317734 1.07813913182079 0.36568756310608896 0.61351492975229105 -2.204523608582035 2.0274864595303099 -1.8020269582199522 0.37709882959975038 -1.2684268496159246
leaf_weight=8670 938 5131 4215 3322 221 449 598 4522 400 152 2732 1028 169 845
leaf_count=8670 938 5131 4215 3322 221 449 598 4522 400 152 2732 1028 169 845
internal_value=0.000154168 0.82223 0.332812 0.0975924 0.738153 0.871804 0.194317 0.126293 -0.0686658 -0.798666 1.74369 -1.73996 -1.40403 -0.993668
internal_weight=33392 22680 14817 9380 5437 4664 8442 7844 773 373 7863 10712 2042 1014
internal_count=33392 22680 14817 9380 5437 4664 8442 7844 773 373 7863 10712 2042 1014
is_linear=0
shrinkage=0.05


Tree=14
num_leaves=15
num_cat=0
split_feature=5 14 1 14 5 14 14 10 14 13 9 14 1 1
split_gain=1.72515e+07 3.70358e+06 420319 279592 265839 271037 156768 146753 134141 106706 104761 104295 203863 91088.4
threshold=48.000000000000007 126.50000000000001 1.5000000000000002 152.50000000000003 110.50000000000001 31.500000000000004 95.500000000000014 62.500000000000007 76.500000000000014 160.50000000000003 104.50000000000001 165.50000000000003 9.5000000000000018 19.500000000000004
decision_type=2 2 2 2 2 2 2 2 2 2 2 2 2 2
left_child=10 2 8 9 -4 7 -7 -6 -2 -3 11 -1 -13 -9
right_child=1 3 4 -5 5 6 -8 13 -10 -11 -12 12 -14 -15
leaf_value=-1.6967182574913207 -0.79412821990544691 0.99634350605986344 0.0853521009455524 1.7509502994117072 -0.80431303341280336 -0.24204229231024288 0.52070551665768872 1.5480705363469502 0.057697596912390729 1.7234109176589714 0.061562954482211864 0.63062804305313414 -1.7744432536434367 0.52276839658257046
leaf_weight=10266 1093 2349 4864 6154 83 786 4602 1010 797 658 88 144 214 284
leaf_count=10266 1093 2349 4864 6154 83 786 4602 1010 797 658 88 144 214 284
internal_value=0.000153805 0.781179 0.255023 1.55707 0.367424 0.570019 0.409315 1.19507 -0.435715 1.15804 -1.65307 -1.66729 -0.811679 1.32592
internal_weight=33392 22680 13519 9161 11629 6765 5388 1377 1890 3007 10712 10624 358 1294
internal_count=33392 22680 13519 9161 11629 6765 5388 1377 1890 3007 10712 10624 358 1294
is_linear=0
shrinkage=0.05


Tree=15
num_leaves=15
num_cat=0
split_feature=5 14 13 14 1 3 3 13 14 10 1 13 14 1
split_gain=1.55712e+07 3.34305e+06 387943 253844 223567 211295 183103 270423 123959 119948 228230 113508 94743.6 288828
threshold=48.000000000000007 126.50000000000001 105.50000000000001 155.50000000000003 1.5000000000000002 5.5000000000000009 4.5000000000000009 155.50000000000003 95.500000000000014 106.50000000000001 7.5000000000000009 160.50000000000003 126.50000000000001 9.5000000000000018
decision_type=2 2 2 2 2 2 2 2 2 2 2 2 2 2
left_child=12 2 4 11 -2 8 7 -4 -6 10 -8 -3 -1 -14
right_child=1 3 6 -5 5 -7 9 -9 -10 -11 -12 -13 13 -15
leaf_value=-1.6148771137147264 -0.49146298611485462 0.97904692529244441 0.56436957079062389 1.6893780852102169 -0.24796981375665081 1.1325777943288315 0.11367385639779029 1.8898803538906408 0.24159287413065333 0.49514909653245653 -2.1939632895266175 1.6409343840180135 0.34785716621583451 -1.6482533815659974
leaf_weight=9853 1706 2669 4316 5616 2007 502 336 419 3614 467 152 876 256 603
leaf_count=9853 1706 2669 4316 5616 2007 502 336 419 3614 467 152 876 256 603
internal_value=0.0001655 0.742179 0.242288 1.47934 0.0138796 0.154965 0.556272 0.683534 0.0667276 -0.0749782 -0.62006 1.14469 -1.57048 -1.0548
internal_weight=33392 22680 13519 9161 7829 6123 5690 4735 5621 955 488 3545 10712 859
internal_count=33392 22680 13519 9161 7829 6123 5690 4735 5621 955 488 3545 10712 859
is_linear=0
shrinkage=0.05


Tree=16
num_leaves=15
num_cat=0
split_feature=5 14 13 1 3 13 3 14 10 14 5 9 14 1
split_gain=1.40547e+07 3.02134e+06 432896 238195 185663 214994 155859 191546 123389 173674 114857 94821.9 90384.8 119456
threshold=48.000000000000007 139.50000000000003 109.50000000000001 1.0000000180025095e-35 4.5000000000000009 160.50000000000003 5.5000000000000009 101.50000000000001 107.50000000000001 73.500000000000014 167.50000000000003 104.50000000000001 30.500000000000004 9.5000000000000018
decision_type=2 2 2 2 2 2 2 2 2 2 2 2 2 2
left_child=11 2 3 -2 5 -4 7 -5 9 -6 -3 12 -1 -14
right_child=1 10 4 6 8 -7 -8 -9 -10 -11 -12 -13 13 -15
leaf_value=-1.5775181468662405 -0.67508698513302745 1.3539588832091889 0.64580250229778091 -0.16083906369006382 -1.8758655865084042 1.7939560925940847 0.93746011993657818 0.33412804716458383 0.52893786839221002 0.26700813791170214 1.7627265249502497 0.13516075585478096 -0.83940500139705532 -1.6165756247051277
leaf_weight=8594 938 5131 4215 3661 171 449 598 4183 400 202 2732 88 1102 928
leaf_count=8594 938 5131 4215 3661 171 449 598 4183 400 202 2732 88 1102 928
internal_value=0.000178903 0.705134 0.28454 0.0786759 0.639302 0.758137 0.162777 0.103159 -0.0779715 -0.7272 1.49702 -1.49202 -1.50556 -1.19778
internal_weight=33392 22680 14817 9380 5437 4664 8442 7844 773 373 7863 10712 10624 2030
internal_count=33392 22680 14817 9380 5437 4664 8442 7844 773 373 7863 10712 10624 2030
is_linear=0
shrinkage=0.05


Tree=17
num_leaves=15
num_cat=0
split_feature=5 14 13 14 3 14 3 13 13 10 14 13 9 14
split_gain=1.26861e+07 2.73699e+06 318146 213908 190313 251216 147913 230527 101198 96712 190961 95929.9 85629 83679.4
threshold=48.000000000000007 126.50000000000001 104.50000000000001 155.50000000000003 5.5000000000000009 89.500000000000014 4.5000000000000009 150.50000000000003 62.500000000000007 106.50000000000001 71.500000000000014 162.50000000000003 104.50000000000001 174.50000000000003
decision_type=2 2 2 2 2 2 2 2 2 2 2 2 2 2
left_child=12 2 4 11 5 -2 7 -4 -6 10 -8 -3 13 -1
right_child=1 3 6 -5 8 -7 9 -9 -10 -11 -12 -13 -14 -15
leaf_value=-1.4502380219532598 -0.45400756439825368 0.88904378426885045 0.48707191717251208 1.5297035208242662 1.2314449064685853 0.1631998015325159 -1.7633738366480409 1.6066161905619705 -0.48904812327689595 0.441294041499948 0.20678465739273555 1.5232498370731076 0.12876607218096334 -0.42495101516795269
leaf_weight=10416 2621 2769 4416 5616 438 4425 192 510 103 489 325 776 88 208
leaf_count=10416 2621 2769 4416 5616 438 4425 192 510 103 489 325 776 88 208
internal_value=0.00017754 0.669932 0.217618 1.33693 0.00309064 -0.0665507 0.491764 0.604492 0.902405 -0.0604812 -0.534762 1.02982 -1.41751 -1.43037
internal_weight=33392 22680 13519 9161 7587 7046 5932 4926 541 1006 517 3545 10712 10624
internal_count=33392 22680 13519 9161 7587 7046 5932 4926 541 1006 517 3545 10712 10624
is_linear=0
shrinkage=0.05


Tree=18
num_leaves=15
num_cat=0
split_feature=5 14 1 5 14 14 14 10 14 5 14 1 1 14
split_gain=1.14504e+07 2.47051e+06 291138 196971 207009 193226 112607 106681 105441 86736.3 79841.9 270864 70255.8 66397.7
threshold=48.000000000000007 126.50000000000001 1.5000000000000002 110.50000000000001 31.500000000000004 148.50000000000003 95.500000000000014 62.500000000000007 71.500000000000014 171.50000000000003 129.50000000000003 8.5000000000000018 19.500000000000004 83.500000000000014
decision_type=2 2 2 2 2 2 2 2 2 2 2 2 2 2
left_child=10 2 8 13 7 -3 -6 -5 -2 -7 -1 -12 -9 -4
right_child=1 5 3 4 6 9 -8 12 -10 -11 11 -13 -14 -15
leaf_value=-1.3867479911832032 -0.74562539662369809 0.88189982563473623 -0.26743202121998144 -0.68384576656601648 -0.21770105562567257 1.2932796547297893 0.42869866417815122 1.3274966492677303 0.00036083353312369208 1.7022874675623578 1.0093373766428309 -1.2926621857077576 0.42794652186772403 0.16230332917426404
leaf_weight=9876 931 2405 1184 83 786 4886 4602 1010 959 1870 153 683 284 3680
leaf_count=9876 931 2405 1184 83 786 4886 4602 1010 959 1870 153 683 284 3680
internal_value=0.000195802 0.636494 0.206764 0.300312 0.4747 1.27019 0.334288 1.02092 -0.368104 1.40766 -1.34668 -0.867867 1.13248 0.0575295
internal_weight=33392 22680 13519 11629 6765 9161 5388 1377 1890 6756 10712 836 1294 4864
internal_count=33392 22680 13519 11629 6765 9161 5388 1377 1890 6756 10712 836 1294 4864
is_linear=0
shrinkage=0.05


Tree=19
num_leaves=15
num_cat=0
split_feature=5 14 5 14 13 7 1 1 1 9 14 13 4 1
split_gain=1.03349e+07 2.23432e+06 352365 243119 158870 116790 98384.6 93097.4 84191.4 77460.2 74750.3 111120 160856 182238
threshold=48.000000000000007 140.50000000000003 124.50000000000001 88.500000000000014 128.50000000000003 90.500000000000014 15.500000000000002 12.500000000000002 11.500000000000002 104.50000000000001 34.500000000000007 71.500000000000014 3.5000000000000004 10.500000000000002
decision_type=2 2 2 2 2 2 2 2 2 2 2 2 2 2
left_child=9 2 3 5 7 -2 -3 8 -4 10 -1 12 13 -12
right_child=1 6 4 -5 -6 -7 -8 -9 -10 -11 11 -13 -14 -15
leaf_value=-1.356763162249484 0.46318270973256181 1.4120492028329927 0.67632261554012085 0.23803855128256354 1.0313172707660501 -0.42735369472361545 1.016851571914692 0.58234420610113169 -0.3039980420923285 0.18798004478536628 1.029284849599444 -1.387262621664991 -1.0783354802863125 -1.4264985505525056
leaf_weight=8602 426 5414 315 7188 1479 2547 2323 2299 689 88 232 998 686 106
leaf_count=8602 426 5414 315 7188 1479 2547 2323 2299 689 88 232 998 686 106
internal_value=0.000205783 0.604717 0.24745 0.0807826 0.601137 -0.299186 1.29413 0.407246 0.0054 -1.27938 -1.29162 -1.01182 -0.640943 0.24956
internal_weight=33392 22680 14943 10161 4782 2973 7737 3303 1004 10712 10624 2022 1024 338
internal_count=33392 22680 14943 10161 4782 2973 7737 3303 1004 10712 10624 2022 1024 338
is_linear=0
shrinkage=0.05


Tree=20
num_leaves=15
num_cat=0
split_feature=5 14 13 14 1 3 13 3 14 10 1 13 13 13
split_gain=9.32878e+06 2.01793e+06 253596 164820 161494 143615 157943 117179 108617 106576 133848 79569.4 76431.8 72718.4
threshold=48.000000000000007 126.50000000000001 111.50000000000001 155.50000000000003 1.0000000180025095e-35 4.5000000000000009 161.50000000000003 5.5000000000000009 102.50000000000001 107.50000000000001 7.5000000000000009 162.50000000000003 62.500000000000007 94.500000000000014
decision_type=2 2 2 2 2 2 2 2 2 2 2 2 2 2
left_child=-1 2 4 11 -2 6 -4 8 13 10 -7 -3 -9 -6
right_child=1 3 5 -5 7 9 -8 12 -10 -11 -12 -13 -14 -15
leaf_value=-1.2155066933830838 -0.57879378677741888 0.74982933715796141 0.52585908735413855 1.3164198939339735 -0.29242226129462839 0.13189989946405875 1.6455515834418213 1.1168979361544007 0.2488752496720352 0.4405831481122845 -1.9017743095656894 1.3266536854369693 -0.21994779845182269 0.14601081600187624
leaf_weight=10712 938 2769 3141 5616 2441 173 347 438 3868 350 146 776 139 1538
leaf_count=10712 938 2769 3141 5616 2441 173 347 438 3868 350 146 776 139 1538
internal_value=0.000200397 0.574533 0.186153 1.14726 0.0417673 0.510885 0.639447 0.111168 0.0603571 -0.159173 -0.813857 0.877787 0.795727 -0.122984
internal_weight=33392 22680 13519 9161 9362 4157 3488 8424 7847 669 319 3545 577 3979
internal_count=33392 22680 13519 9161 9362 4157 3488 8424 7847 669 319 3545 577 3979
is_linear=0
shrinkage=0.05


Tree=21
num_leaves=15
num_cat=0
split_feature=5 14 5 14 13 7 5 1 13 1 9 14 14 1
split_gain=8.42001e+06 1.82464e+06 293951 199250 134448 96104.6 94378.7 79351.6 75484 74091.7 69922.4 69020 68365.7 148380
threshold=48.000000000000007 140.50000000000003 124.50000000000001 90.500000000000014 128.50000000000003 90.500000000000014 167.50000000000003 12.500000000000002 166.50000000000003 11.500000000000002 104.50000000000001 27.500000000000004 165.50000000000003 9.5000000000000018
decision_type=2 2 2 2 2 2 2 2 2 2 2 2 2 2
left_child=10 2 3 5 7 11 8 9 -3 -4 12 -2 -1 -14
right_child=1 6 4 -5 -6 -7 -8 -9 -10 -11 -12 -13 13 -15
leaf_value=-1.1901448365583438 0.91558207788746881 0.90733056414596069 0.62617557218298314 0.21867035787868061 0.94176519626834387 -0.37539396270506087 1.409660349118014 0.52934944491155178 1.3332566483540147 -0.29346708405215394 0.23659421859248991 -0.31164985129816797 0.74735206117566 -1.3010987020518683
leaf_weight=10266 268 3500 315 7025 1479 2674 2702 2299 1535 689 88 194 144 214
leaf_count=10266 268 3500 315 7025 1479 2674 2702 2299 1535 689 88 194 144 214
internal_value=0.000216139 0.545858 0.223001 0.0707759 0.546044 -0.260345 1.16887 0.367694 1.03837 -0.00326063 -1.15476 0.402432 -1.16639 -0.478196
internal_weight=33392 22680 14943 10161 4782 3136 7737 3303 5035 1004 10712 462 10624 358
internal_count=33392 22680 14943 10161 4782 3136 7737 3303 5035 1004 10712 462 10624 358
is_linear=0
shrinkage=0.05


Tree=22
num_leaves=15
num_cat=0
split_feature=5 14 13 14 3 14 3 13 13 13 1 10 14 1
split_gain=7.6e+06 1.6483e+06 199991 179617 143502 148083 104870 174017 82636.8 70357.6 67637.6 120433 65688.1 219419
threshold=48.000000000000007 122.50000000000001 102.50000000000001 152.50000000000003 5.5000000000000009 95.500000000000014 4.5000000000000009 150.50000000000003 62.500000000000007 162.50000000000003 6.5000000000000009 97.500000000000014 126.50000000000001 8.5000000000000018
decision_type=2 2 2 2 2 2 2 2 2 2 2 2 2 2
left_child=12 2 4 9 5 -2 7 -4 -6 -3 -8 -12 -1 -14
right_child=1 3 6 -5 8 -7 10 -9 -10 -11 11 -13 13 -15
leaf_value=-1.1338487123448133 -0.3467026975311211 0.62988371899908824 0.35576982763528636 1.171521460501207 1.0587618678282289 0.13554373838737796 0.23995241787873434 1.352678463370893 -0.56305857541761839 1.2289565247062653 -1.7341688960182424 0.014453458117179747 0.94140018043462304 -1.0611130225282686
leaf_weight=9853 3148 3083 4427 6154 420 3211 634 482 93 588 142 298 166 693
leaf_count=9853 3148 3083 4427 6154 420 3211 634 482 93 588 142 298 166 693
internal_value=0.000238234 0.51863 0.145868 1.00603 -0.0381636 -0.103275 0.3571 0.45493 0.762151 0.727381 -0.0900962 -0.563019 -1.09706 -0.670923
internal_weight=33392 22680 12855 9825 6872 6359 5983 4909 513 3671 1074 440 10712 859
internal_count=33392 22680 12855 9825 6872 6359 5983 4909 513 3671 1074 440 10712 859
is_linear=0
shrinkage=0.05


Tree=23
num_leaves=15
num_cat=0
split_feature=5 14 5 13 14 7 3 1 5 1 13 9 14 7
split_gain=6.85961e+06 1.48941e+06 252518 163198 144776 102782 87937.6 97305.5 84343.4 72978.1 66136.1 63268.2 61294.3 101302
threshold=48.000000000000007 140.50000000000003 110.50000000000001 133.50000000000003 78.500000000000014 72.500000000000014 3.5000000000000004 5.5000000000000009 167.50000000000003 1.5000000000000002 169.50000000000003 104.50000000000001 30.500000000000004 21.500000000000004
decision_type=2 2 2 2 2 2 2 2 2 2 2 2 2 2
left_child=11 2 4 9 5 -2 7 -7 10 -4 -3 12 -1 -14
right_child=1 8 3 -5 -6 6 -8 -9 -10 -11 -12 -13 13 -15
leaf_value=-1.1122504367525043 0.67267145400214945 0.82760232481254414 -0.37606420257695056 0.87025638119339188 0.11748922927940815 -0.44900211999507944 -0.9442619029730559 0.84446599745934603 1.2829969852964598 0.3218265010673298 1.2551946437633543 0.27881025909095686 -1.1528337153809844 -0.44370071739948352
leaf_weight=8594 195 3814 393 1418 4642 793 720 173 2702 6609 1221 88 1019 1011
leaf_count=8594 195 3814 393 1418 4642 793 720 173 2702 6609 1221 88 1019 1011
internal_value=0.00024346 0.492737 0.201043 0.381871 -0.0324865 -0.401932 -0.527841 -0.214201 1.05561 0.282416 0.932437 -1.04223 -1.0533 -0.801622
internal_weight=33392 22680 14943 8420 6523 1881 1686 966 7737 7002 5035 10712 10624 2030
internal_count=33392 22680 14943 8420 6523 1881 1686 966 7737 7002 5035 10712 10624 2030
is_linear=0
shrinkage=0.05


Tree=24
num_leaves=15
num_cat=0
split_feature=5 14 13 3 14 1 10 13 3 14 13 13 1 13
split_gain=6.1917e+06 1.3525e+06 171227 163775 150070 117374 98424.3 89202.2 83469 85077.6 67499.9 64155.4 60461.5 57602.8
threshold=48.000000000000007 122.50000000000001 117.50000000000001 4.5000000000000009 155.50000000000003 1.0000000180025095e-35 107.50000000000001 159.50000000000003 5.5000000000000009 102.50000000000001 162.50000000000003 62.500000000000007 19.500000000000004 94.500000000000014
decision_type=2 2 2 2 2 2 2 2 2 2 2 2 2 2
left_child=-1 2 5 7 10 -2 -5 -4 9 13 -3 12 -10 -7
right_child=1 4 3 6 -6 8 -8 -9 11 -11 -12 -13 -14 -15
leaf_value=-0.99017831803360934 -0.49214282326068437 0.58438673819105558 0.52763961565457451 -1.1141415656272289 1.0792296836923114 -0.26419007662262611 0.38614460374075626 1.391557698590415 1.4521538547250663 0.20565759733477662 1.0988198728301801 -0.17411987915724877 0.21054479900770395 0.10666568030208741
leaf_weight=10712 938 3417 1763 221 5616 2441 208 359 262 4517 792 161 158 1827
leaf_count=10712 938 3417 1763 221 5616 2441 208 359 262 4517 792 161 158 1827
internal_value=0.000246192 0.468149 0.130489 0.49681 0.909652 0.0395999 -0.390662 0.676725 0.0930878 0.0545149 0.682376 0.670887 0.993044 -0.105499
internal_weight=33392 22680 12855 2551 9825 10304 429 2122 9366 8785 4209 581 420 4268
internal_count=33392 22680 12855 2551 9825 10304 429 2122 9366 8785 4209 581 420 4268
is_linear=0
shrinkage=0.05


Tree=25
num_leaves=15
num_cat=0
split_feature=5 14 13 3 14 1 10 13 3 14 13 13 9 3
split_gain=5.58864e+06 1.22072e+06 154598 147995 135401 105996 89038.2 80679.1 75493.9 76793.3 60994.7 58030 57120.1 58972.2
threshold=48.000000000000007 122.50000000000001 117.50000000000001 4.5000000000000009 155.50000000000003 1.0000000180025095e-35 107.50000000000001 159.50000000000003 5.5000000000000009 102.50000000000001 162.50000000000003 62.500000000000007 104.50000000000001 1.0000000180025095e-35
decision_type=2 2 2 2 2 2 2 2 2 2 2 2 2 2
left_child=12 2 5 7 10 -2 -5 -4 9 -7 -3 -10 13 -1
right_child=1 4 3 6 -6 8 -8 -9 11 -11 -12 -13 -14 -15
leaf_value=-0.54752406819969657 -0.4676661510214068 0.55521009365814644 0.50133224829891276 -1.0596669356520001 1.0253162075962101 -0.10023330612776798 0.36729061822516257 1.3229355622123888 0.94437026976290006 0.19538608862663082 1.0442235511941473 -0.1656761165416564 0.31246635067847467 -0.98620331556450991
leaf_weight=854 938 3417 1763 221 5616 4268 208 359 420 4517 792 161 88 9770
leaf_count=854 938 3417 1763 221 5616 4268 208 359 420 4517 792 161 88 9770
internal_value=0.000263897 0.444797 0.124008 0.472086 0.86424 0.0376453 -0.371548 0.643114 0.0884745 0.0517906 0.648357 0.637978 -0.940692 -0.951215
internal_weight=33392 22680 12855 2551 9825 10304 429 2122 9366 8785 4209 581 10712 10624
internal_count=33392 22680 12855 2551 9825 10304 429 2122 9366 8785 4209 581 10712 10624
is_linear=0
shrinkage=0.05


Tree=26
num_leaves=15
num_cat=0
split_feature=5 14 13 1 1 3 13 3 10 1 5 14 14 1
split_gain=5.04431e+06 1.10188e+06 156547 111675 92220.8 89305 98340.4 76319.1 71929.3 82301.3 67683 66968.7 56352.3 207715
threshold=48.000000000000007 127.50000000000001 111.50000000000001 16.500000000000004 1.0000000180025095e-35 4.5000000000000009 161.50000000000003 5.5000000000000009 97.500000000000014 7.5000000000000009 151.50000000000003 104.50000000000001 129.50000000000003 8.5000000000000018
decision_type=2 2 2 2 2 2 2 2 2 2 2 2 2 2
left_child=12 2 4 -3 -2 6 -4 11 9 -7 -5 -6 -1 -14
right_child=1 3 5 10 7 8 -8 -9 -10 -11 -12 -13 13 -15
leaf_value=-0.92718146771687204 -0.44440682868859388 0.95365331993112834 0.40244094317751283 0.18536703328689119 -0.090367288172417265 0.18964366663475427 1.2846435084939003 0.62941736099370227 0.20422697210109192 -1.79761094286524 0.75019463525968999 0.20411570074279328 1.1448793502925318 -0.86780090941939259
leaf_weight=9876 938 6728 3227 829 4494 93 347 577 471 111 1488 3377 153 683
leaf_count=9876 938 6728 3227 829 4494 93 347 577 471 111 1488 3377 153 683
internal_value=0.00027273 0.422603 0.138648 0.850341 0.0245982 0.390258 0.489769 0.076905 -0.136361 -0.908793 0.548939 0.036028 -0.893686 -0.494835
internal_weight=33392 22680 13635 9045 9386 4249 3574 8448 675 204 2317 7871 10712 836
internal_count=33392 22680 13635 9045 9386 4249 3574 8448 675 204 2317 7871 10712 836
is_linear=0
shrinkage=0.05


Tree=27
num_leaves=15
num_cat=0
split_feature=5 14 5 13 14 9 3 1 5 13 11 14 6 3
split_gain=4.55287e+06 997081 181337 115546 106378 90072 86913 93220.7 74688.7 57549 57503.2 53730.3 83258.7 118698
threshold=55.500000000000007 140.50000000000003 110.50000000000001 133.50000000000003 78.500000000000014 91.500000000000014 3.5000000000000004 5.5000000000000009 171.50000000000003 166.50000000000003 89.500000000000014 26.500000000000004 21.500000000000004 1.0000000180025095e-35
decision_type=2 2 2 2 2 2 2 2 2 2 2 2 2 2
left_child=11 2 4 -4 5 -2 7 -7 9 -3 -8 -1 -13 -14
right_child=1 8 3 -5 -6 6 10 -9 -10 -11 -12 12 13 -15
leaf_value=-0.90922972717665851 0.54487989211569032 0.65894173643095622 0.23245935764597561 0.72707428856167389 0.093642521626993575 -0.43846412596752082 -1.6887420718279262 0.73807454331518585 1.1246059739210563 1.0039361173643007 -0.63454313338638468 -0.96069431312546527 0.81312297184182258 -0.55661429691132502
leaf_weight=8312 240 3915 7002 1418 4634 725 172 214 2027 1795 530 1089 179 1140
leaf_count=8312 240 3915 7002 1418 4634 725 172 214 2027 1795 530 1089 179 1140
internal_value=0.000272727 0.401723 0.162955 0.316139 -0.0351112 -0.351714 -0.4841 -0.167839 0.862224 0.768178 -0.902953 -0.848557 -0.637674 -0.36836
internal_weight=33392 22672 14935 8420 6515 1881 1641 939 7737 5710 702 10720 2408 1319
internal_count=33392 22672 14935 8420 6515 1881 1641 939 7737 5710 702 10720 2408 1319
is_linear=0
shrinkage=0.05


Tree=28
num_leaves=15
num_cat=0
split_feature=5 14 13 13 14 3 14 13 1 7 9 14 0 13
split_gain=4.10947e+06 907273 125148 105171 104323 92185.5 72861.5 72047.1 53250.7 51589 51572.8 49379.5 103263 46799.4
threshold=48.000000000000007 122.50000000000001 102.50000000000001 40.500000000000007 155.50000000000003 5.5000000000000009 21.500000000000004 91.500000000000014 19.500000000000004 175.50000000000003 104.50000000000001 174.50000000000003 5.5000000000000009 162.50000000000003
decision_type=2 2 2 2 2 2 2 2 2 2 2 2 2 2
left_child=10 2 3 5 13 -2 -4 -5 -7 -6 11 -1 -13 -3
right_child=1 4 6 7 9 8 -8 -9 -10 -11 -12 12 -14 -15
leaf_value=-0.83185233348045218 0.059191202191124559 0.47206934609945456 0.7850583604247694 -0.44793208627587833 0.80972037458036916 1.2816086100632291 0.21243691712385609 0.0069892262629781508 0.11785152751975266 1.2031633944729081 0.380773494064167 -1.149570221371121 1.0270030307769777 0.90027060982125018
leaf_weight=10416 2967 3417 616 1839 4564 260 5367 1648 158 1052 88 103 105 792
leaf_count=10416 2967 3417 616 1839 4564 260 5367 1648 158 1052 88 103 105 792
internal_value=0.000264686 0.381457 0.104903 -0.0406691 0.743061 0.157744 0.271999 -0.233228 0.848312 0.884426 -0.806616 -0.816626 -0.0525035 0.553616
internal_weight=33392 22680 12855 6872 9825 3385 5983 3487 418 5616 10712 10624 208 4209
internal_count=33392 22680 12855 6872 9825 3385 5983 3487 418 5616 10712 10624 208 4209
is_linear=0
shrinkage=0.05


Tree=29
num_leaves=15
num_cat=0
split_feature=5 14 13 3 13 13 1 10 14 3 14 1 13 1
split_gain=3.70933e+06 818200 113462 114724 96054.7 102473 73591.4 70057.9 61606.4 54932.5 59059.6 50342.4 47920.7 49237.9
threshold=55.500000000000007 122.50000000000001 117.50000000000001 4.5000000000000009 166.50000000000003 28.500000000000004 1.0000000180025095e-35 107.50000000000001 28.500000000000004 5.5000000000000009 97.500000000000014 7.5000000000000009 62.500000000000007 19.500000000000004
decision_type=2 2 2 2 2 2 2 2 2 2 2 2 2 2
left_child=-1 2 6 8 5 -3 -2 11 -4 10 -8 -5 13 -11
right_child=1 4 3 7 -6 -7 9 -9 -10 12 -12 -13 -14 -15
leaf_value=-0.7658831632226567 -0.3951691827451374 0.88053516423457356 0.93656029511366745 0.032084665233376379 0.9643289416218398 0.47728034615268156 -0.13175577649574385 0.31104917056648662 0.3599446116767363 1.2295840779884477 0.13653780694720172 -1.5180327430367471 -0.19227210834442854 0.1121397075843226
leaf_weight=10720 938 2359 688 82 2644 4822 3258 208 1434 262 5519 139 161 158
leaf_count=10720 938 2359 688 82 2644 4822 3258 208 1434 262 5519 139 161 158
internal_value=0.000287579 0.362645 0.0998892 0.398061 0.705994 0.610272 0.0258549 -0.34459 0.548658 0.0682448 0.0369296 -0.954891 0.536963 0.815477
internal_weight=33392 22672 12847 2551 9825 7181 10296 429 2122 9358 8777 221 581 420
internal_count=33392 22672 12847 2551 9825 7181 10296 429 2122 9358 8777 221 581 420
is_linear=0
shrinkage=0.05


Tree=30
num_leaves=15
num_cat=0
split_feature=5 14 5 13 14 9 3 1 11 7 11 1 14 13
split_gain=3.34814e+06 742559 141909 91091.3 85095.1 77951 76412.7 77850.6 62874.9 55878 52700.3 47985.4 46751.9 76927.5
threshold=48.000000000000007 140.50000000000003 110.50000000000001 133.50000000000003 78.500000000000014 91.500000000000014 3.5000000000000004 5.5000000000000009 175.50000000000003 177.50000000000003 89.500000000000014 14.500000000000002 26.500000000000004 71.500000000000014
decision_type=2 2 2 2 2 2 2 2 2 2 2 2 2 2
left_child=12 2 4 -4 5 -2 7 -7 9 11 -8 -3 -1 -14
right_child=1 8 3 -5 -6 6 10 -9 -10 -11 -12 -13 13 -15
leaf_value=-0.78445982822822069 0.5141339068023526 0.74447643775567374 0.19967311229781093 0.63882123821389492 0.078340498729370364 -0.39392116656405723 -1.5875542838273748 0.68123066455261894 1.0695257724049003 1.1082074023544268 -0.57924190909645268 0.44900320897556789 -0.24718168301827276 -0.81422673527241152
leaf_weight=8312 240 3497 7002 1418 4642 725 172 214 1241 681 530 2318 1202 1198
leaf_count=8312 240 3497 7002 1418 4642 725 172 214 1241 681 530 2318 1202 1198
internal_value=0.000291453 0.344366 0.138406 0.273965 -0.0366503 -0.319884 -0.443053 -0.146582 0.741804 0.678422 -0.835773 0.627181 -0.728022 -0.531336
internal_weight=33392 22680 14943 8420 6523 1881 1641 939 7737 6496 702 5815 10712 2400
internal_count=33392 22680 14943 8420 6523 1881 1641 939 7737 6496 702 5815 10712 2400
is_linear=0
shrinkage=0.05


Tree=31
num_leaves=15
num_cat=0
split_feature=5 14 13 14 13 3 14 13 13 9 3 14 1 14
split_gain=3.02215e+06 673263 98306.7 88033 87665.7 75368.2 58677.1 56426.5 50613.7 46718 45823.2 230920 42168.4 40692.2
threshold=48.000000000000007 121.50000000000001 102.50000000000001 159.50000000000003 40.500000000000007 5.5000000000000009 21.500000000000004 91.500000000000014 162.50000000000003 104.50000000000001 1.0000000180025095e-35 113.50000000000001 19.500000000000004 89.500000000000014
decision_type=2 2 2 2 2 2 2 2 2 2 2 2 2 2
left_child=9 2 4 8 5 13 -4 -6 -3 10 11 -1 -7 -2
right_child=1 3 6 -5 7 12 -8 -9 -10 -11 -12 -13 -14 -15
leaf_value=-0.61515651047612341 -0.259723041572475 0.4091940223718587 0.69444207253111545 0.78972429654704734 -0.41000909360439808 1.1481480581130623 0.17996776653656132 -0.0060715827082805061 0.78507480345080416 0.43580225462554606 -0.731970662193835 2.1308703122068855 0.095620392157185471 0.16123500688783043
leaf_weight=774 779 4132 616 4744 1839 260 5240 1628 1152 88 9770 80 150 2140
leaf_count=774 779 4132 616 4744 1839 260 5240 1628 1152 88 9770 80 150 2140
internal_value=0.000284929 0.32718 0.0845788 0.633068 -0.0447971 0.138364 0.234632 -0.220614 0.491807 -0.691664 -0.701204 -0.347012 0.768868 0.048641
internal_weight=33392 22680 12652 10028 6796 3329 5856 3467 5284 10712 10624 854 410 2919
internal_count=33392 22680 12652 10028 6796 3329 5856 3467 5284 10712 10624 854 410 2919
is_linear=0
shrinkage=0.05


Tree=32
num_leaves=15
num_cat=0
split_feature=5 14 13 13 13 13 3 3 13 13 1 10 7 4
split_gain=2.72759e+06 607108 88891.5 82196.4 79142.3 78788.7 68170.6 55014.9 83714.9 50870.5 49789 86694.2 45065.5 120316
threshold=55.500000000000007 121.50000000000001 102.50000000000001 168.50000000000003 40.500000000000007 28.500000000000004 5.5000000000000009 4.5000000000000009 159.50000000000003 91.500000000000014 7.5000000000000009 107.50000000000001 21.500000000000004 1.5000000000000002
decision_type=2 2 2 2 2 2 2 2 2 2 2 2 2 2
left_child=12 2 4 5 6 -3 -2 8 -4 -6 -9 -12 -1 -14
right_child=1 3 7 -5 9 -7 -8 10 -10 -11 11 -13 13 -15
leaf_value=-0.78874276639125984 0.046200509569875231 0.75958254007464809 0.23581366831740902 0.86408467254129107 -0.38947174798086293 0.41421231755906063 0.73117424681468546 0.12940126992204562 1.0314609550896969 -0.0058245240655036045 -1.4534591599830291 0.14923859554561761 -0.022026452121003581 -0.65714146522947881
leaf_weight=4064 2919 2415 4435 2304 1838 5309 410 730 353 1627 154 178 856 5800
leaf_count=4064 2919 2415 4435 2304 1838 5309 410 730 353 1627 154 178 856 5800
internal_value=0.000306676 0.311034 0.0805456 0.601464 -0.0424731 0.522618 0.131532 0.22333 0.295488 -0.209597 -0.101855 -0.604716 -0.656696 -0.57554
internal_weight=33392 22672 12644 10028 6794 7724 3329 5850 4788 3465 1062 332 10720 6656
internal_count=33392 22672 12644 10028 6794 7724 3329 5850 4788 3465 1062 332 10720 6656
is_linear=0
shrinkage=0.05


Tree=33
num_leaves=15
num_cat=0
split_feature=5 14 13 14 3 13 3 13 5 10 1 13 14 1
split_gain=2.46208e+06 554094 110986 58393.1 61282.4 64092.6 57015.5 63786.3 56489.8 51594.7 66313.2 47077.8 42871.8 173348
threshold=48.000000000000007 140.50000000000003 112.50000000000001 106.50000000000001 5.5000000000000009 62.500000000000007 4.5000000000000009 162.50000000000003 171.50000000000003 107.50000000000001 7.5000000000000009 94.500000000000014 129.50000000000003 8.5000000000000018
decision_type=2 2 2 2 2 2 2 2 2 2 2 2 2 2
left_child=12 2 3 4 11 -6 7 -4 -3 10 -8 -2 -1 -14
right_child=1 8 6 -5 5 -7 9 -9 -10 -11 -12 -13 13 -15
leaf_value=-0.65339341219297831 -0.21358507497454915 0.55717126884371415 0.31655673394865258 0.18643156970286423 0.82663845362474153 -0.46225940896503959 0.13174867926639799 0.97789796624194703 0.86631696682224446 0.29345500058027529 -1.3270326177795213 0.076219166157613871 1.2176669432769849 -0.61965232429116268
leaf_weight=9876 3873 5710 3823 3526 348 129 156 400 2027 348 149 2191 153 683
leaf_count=9876 3873 5710 3823 3526 348 129 156 400 2027 348 149 2191 153 683
internal_value=0.000299158 0.295354 0.117441 0.022562 -0.0658486 0.476889 0.313105 0.380281 0.638671 -0.120915 -0.590811 -0.108899 -0.624252 -0.278156
internal_weight=33392 22680 14943 10067 6541 477 4876 4223 7737 653 305 6064 10712 836
internal_count=33392 22680 14943 10067 6541 477 4876 4223 7737 653 305 6064 10712 836
is_linear=0
shrinkage=0.05


Tree=34
num_leaves=15
num_cat=0
split_feature=5 14 5 13 14 9 3 1 11 7 11 6 7 4
split_gain=2.22216e+06 500135 103166 68649.3 62433.5 65889.5 65283 62743.9 53662.9 46655.9 46453.9 45429.7 40631.8 108805
threshold=48.000000000000007 140.50000000000003 110.50000000000001 155.50000000000003 78.500000000000014 91.500000000000014 3.5000000000000004 5.5000000000000009 175.50000000000003 177.50000000000003 89.500000000000014 97.500000000000014 21.500000000000004 1.5000000000000002
decision_type=2 2 2 2 2 2 2 2 2 2 2 2 2 2
left_child=12 2 4 11 5 -2 7 -7 9 -3 -8 -4 -1 -14
right_child=1 8 3 -5 -6 6 10 -9 -10 -11 -12 -13 13 -15
leaf_value=-0.71829640346806534 0.48637897080095605 0.5017007024396416 1.291652257286984 0.72903184864180026 0.06082894618955445 -0.3417099354303863 -1.4618880654795696 0.62346032544051955 0.90903349981058756 0.94046999475112303 -0.51607244017351173 0.17310867934318905 0.010152428933829243 -0.59368833169323099
leaf_weight=4064 240 5815 87 626 4642 725 172 214 1241 681 530 7707 856 5792
leaf_count=4064 240 5815 87 626 4642 725 172 214 1241 681 530 7707 856 5792
internal_value=0.000300475 0.280611 0.111583 0.227165 -0.0376729 -0.280276 -0.393538 -0.119609 0.606783 0.548386 -0.756511 0.186414 -0.593041 -0.515988
internal_weight=33392 22680 14943 8420 6523 1881 1641 939 7737 6496 702 7794 10712 6648
internal_count=33392 22680 14943 8420 6523 1881 1641 939 7737 6496 702 7794 10712 6648
is_linear=0
shrinkage=0.05


Tree=35
num_leaves=15
num_cat=0
split_feature=5 14 13 13 13 13 3 14 5 14 13 3 14 4
split_gain=2.00586e+06 454148 71209.5 70270 64655.2 63894.3 54180.5 45234.2 43294.6 40649.5 40335.3 39618 200634 47422
threshold=55.500000000000007 120.50000000000001 169.50000000000003 102.50000000000001 40.500000000000007 28.500000000000004 5.5000000000000009 21.500000000000004 98.500000000000014 169.50000000000003 91.500000000000014 1.0000000180025095e-35 113.50000000000001 1.5000000000000002
decision_type=2 2 2 2 2 2 2 2 2 2 2 2 2 2
left_child=11 3 5 4 6 9 -2 -5 -7 -3 -6 12 -1 -13
right_child=1 2 -4 7 10 8 -8 -9 -10 -11 -12 13 -14 -15
leaf_value=-0.484963960075256 0.03765078848565577 0.52552376532770351 0.77431175355038195 0.59600306181552043 -0.35572293631257956 -0.57062892177104951 0.65426733812697113 0.14402946287568597 0.37317692804396663 0.97440841045271565 -0.013542327890488013 -0.35337165465428449 2.0740296142416841 -0.64235575917386811
leaf_weight=774 2863 1756 2104 616 1836 120 402 5172 5461 723 1619 1746 80 8120
leaf_count=774 2863 1756 2104 616 1836 120 402 5172 5461 723 1619 1746 80 8120
internal_value=0.000301133 0.266766 0.514927 0.0649843 -0.0449977 0.446779 0.114455 0.192605 0.352391 0.658139 -0.19563 -0.563113 -0.234569 -0.591419
internal_weight=33392 22672 10164 12508 6720 8060 3265 5788 5581 2479 3455 10720 854 9866
internal_count=33392 22672 10164 12508 6720 8060 3265 5788 5581 2479 3455 10720 854 9866
is_linear=0
shrinkage=0.05


Tree=36
num_leaves=15
num_cat=0
split_feature=5 14 14 13 3 1 14 9 3 14 10 14 9 3
split_gain=1.81048e+06 411989 85268 62012.4 43909.8 42266.3 40414.2 37814.4 37977.5 182006 36792.1 34564.5 55820.9 52949.9
threshold=48.000000000000007 114.50000000000001 155.50000000000003 154.50000000000003 4.5000000000000009 1.5000000000000002 71.500000000000014 104.50000000000001 1.0000000180025095e-35 113.50000000000001 172.50000000000003 27.500000000000004 114.50000000000001 4.5000000000000009
decision_type=2 2 2 2 2 2 2 2 2 2 2 2 2 2
left_child=7 3 -3 5 -5 6 -2 8 9 -1 -4 12 13 -7
right_child=1 2 10 4 -6 11 -8 -9 -10 -11 -12 -13 -14 -15
leaf_value=-0.4608713839112259 -0.43938180952508032 0.32974242854545965 0.53004267008457207 0.82107705611391857 -0.23781362519119728 0.20319951206649051 0.032831060328645433 0.47641209428028397 -0.57182463483340906 1.9764282218848959 0.8357771944821839 0.0075570821932731125 0.56985140475763774 -0.73097270375490186
leaf_weight=774 931 5980 4314 396 127 623 877 88 9770 80 1302 7167 768 195
leaf_count=774 931 5980 4314 396 127 623 877 88 9770 80 1302 7167 768 195
internal_value=0.000314011 0.25333 0.461609 0.0353202 0.56413 0.008878 -0.210868 -0.535253 -0.543852 -0.222378 0.601604 0.0543628 0.265185 -0.0225823
internal_weight=33392 22680 11596 11084 523 10561 1808 10712 10624 854 5616 8753 1586 818
internal_count=33392 22680 11596 11084 523 10561 1808 10712 10624 854 5616 8753 1586 818
is_linear=0
shrinkage=0.05


Tree=37
num_leaves=15
num_cat=0
split_feature=5 14 5 13 14 3 6 13 9 6 1 1 13 7
split_gain=1.63391e+06 373465 87733.2 63047.4 49840.1 63547.8 50009 49280.1 47210 43050.1 41449.9 39232.8 37801.9 37095.6
threshold=48.000000000000007 142.50000000000003 110.50000000000001 133.50000000000003 71.500000000000014 3.5000000000000004 92.500000000000014 84.500000000000014 174.50000000000003 185.50000000000003 18.500000000000004 7.5000000000000009 163.50000000000003 21.500000000000004
decision_type=2 2 2 2 2 2 2 2 2 2 2 2 2 2
left_child=13 2 4 -4 5 7 -7 -2 9 12 -5 -8 -3 -1
right_child=1 8 3 10 -6 6 11 -9 -10 -11 -12 -13 -14 -15
leaf_value=-0.62796619871114456 -0.31795127518179095 0.32744009939083996 0.13855515323734005 0.64768598452798121 0.040343158575934082 0.39345190538465979 -0.53752552842599666 0.39746474598701687 0.78417169704982959 1.0201494013373533 0.083148225867774067 -1.4372569888015914 0.59209934355836058 -0.43498228955305596
leaf_weight=4064 574 3395 7072 1136 4899 95 393 407 1475 330 457 178 2269 6648
leaf_count=4064 574 3395 7072 1136 4899 95 393 407 1475 330 457 178 2269 6648
internal_value=0.000323332 0.240685 0.0984408 0.202766 -0.0397044 -0.277207 -0.652173 -0.0206271 0.530112 0.466991 0.486498 -0.828044 0.433891 -0.508457
internal_weight=33392 22680 15211 8665 6546 1647 666 981 7469 5994 1593 571 5664 10712
internal_count=33392 22680 15211 8665 6546 1647 666 981 7469 5994 1593 571 5664 10712
is_linear=0
shrinkage=0.05


Tree=38
num_leaves=15
num_cat=0
split_feature=5 14 5 13 13 1 7 14 7 14 6 3 7 14
split_gain=1.4748e+06 341450 70720.1 52570.7 52434.7 40746.1 42308.8 37614.2 45191 36573.1 66025.3 84293.8 63443.4 65960.8
threshold=48.000000000000007 114.50000000000001 166.50000000000003 166.50000000000003 166.50000000000003 12.500000000000002 162.50000000000003 87.500000000000014 72.500000000000014 26.500000000000004 21.500000000000004 1.0000000180025095e-35 24.500000000000004 173.50000000000003
decision_type=2 2 2 2 2 2 2 2 2 2 2 2 2 2
left_child=9 3 4 5 -3 7 -7 8 -2 -1 -11 -12 13 -13
right_child=1 2 -4 -5 -6 6 -8 -9 -10 10 11 12 -14 -15
leaf_value=-0.53280697564415402 0.47800266549308246 0.27692700648385782 0.610085788176844 0.66379831669465561 0.60021940645500493 0.087773712154915473 0.612983472877487 0.038820045192513447 -0.244581368119621 -0.59682389803016234 0.92277397319026611 -0.15865721456466184 -0.87359261512756348 1.308589890423943
leaf_weight=8312 230 6646 3401 313 1549 2753 441 4566 2781 1089 179 770 282 80
leaf_count=8312 230 6646 3401 313 1549 2753 441 4566 2781 1089 179 770 282 80
internal_value=0.000315166 0.228674 0.418286 0.030204 0.338364 0.0114926 0.161135 -0.0516522 -0.188685 -0.483059 -0.310015 -0.0704102 -0.230827 -0.0137184
internal_weight=33392 22680 11596 11084 8195 10771 3194 7577 3011 10712 2400 1311 1132 850
internal_count=33392 22680 11596 11084 8195 10771 3194 7577 3011 10712 2400 1311 1132 850
is_linear=0
shrinkage=0.05


Tree=39
num_leaves=15
num_cat=0
split_feature=5 14 13 9 7 14 3 13 6 5 4 3 1 14
split_gain=1.33151e+06 302880 73169.4 41653.2 40540.9 38513.6 46801 50089.8 37857.6 35650.7 93167.9 214704 134264 65605.2
threshold=60.500000000000007 142.50000000000003 112.50000000000001 174.50000000000003 162.50000000000003 106.50000000000001 5.5000000000000009 62.500000000000007 185.50000000000003 21.500000000000004 1.5000000000000002 4.5000000000000009 13.500000000000002 27.500000000000004
decision_type=2 2 2 2 2 2 2 2 2 2 2 2 2 2
left_child=9 2 5 8 -4 6 -2 -8 -3 -1 11 -11 13 -13
right_child=1 3 4 -5 -6 -7 7 -9 -10 10 -12 12 -14 -15
leaf_value=-0.56943494952562534 -0.10051008308786535 0.39029252953575988 0.17852589003420022 0.71911657526208139 0.54615826243674337 0.14380725801291164 0.72121265968848713 -0.41804233751913061 0.93985423312258376 -0.46371310462636395 -0.45411464304144999 1.0701949843653926 2.3539542020711681 -0.78857733389910534
leaf_weight=4088 5889 5664 4178 1475 912 3539 348 129 330 600 5929 103 128 80
leaf_count=4088 5889 5664 4178 1475 912 3539 348 129 330 600 5929 103 128 80
internal_value=0.000323316 0.220532 0.0908945 0.480561 0.244868 0.0116869 -0.061817 0.411972 0.421307 -0.452239 -0.381831 0.0885169 1.14439 0.258255
internal_weight=33392 22464 14995 7469 5090 9905 6366 477 5994 10928 6840 911 311 183
internal_count=33392 22464 14995 7469 5090 9905 6366 477 5994 10928 6840 911 311 183
is_linear=0
shrinkage=0.05


Tree=40
num_leaves=15
num_cat=0
split_feature=5 14 14 7 13 10 1 1 7 4 5 1 5 1
split_gain=1.20983e+06 195302 183675 100812 57461.1 53555.6 142217 176969 169337 104952 56563.6 53292.2 40495.7 39692.2
threshold=104.50000000000001 61.500000000000007 140.50000000000003 21.500000000000004 156.50000000000003 24.500000000000004 10.500000000000002 7.5000000000000009 24.500000000000004 3.5000000000000004 48.000000000000007 15.500000000000002 151.50000000000003 1.5000000000000002
decision_type=2 2 2 2 2 2 2 2 2 2 2 2 2 2
left_child=1 -1 4 -3 13 6 7 9 -9 -5 -7 -4 -13 -2
right_child=2 3 11 5 -6 10 -8 8 -10 -11 -12 12 -14 -15
leaf_value=-0.46185012410208404 -0.27632197233365707 -0.55164788033170697 0.5609467187503312 0.72582609595632874 0.61120347051042623 -1.0001709970427148 -0.51243084946916528 3.4095388739699071 0.72014152827156586 -0.88560747036173293 -0.045497017288744369 -0.15012611779273202 0.37402745297574569 0.14146397831814947
leaf_weight=9628 601 998 5094 261 618 157 334 94 152 158 3690 456 1865 9286
leaf_count=9628 601 998 5094 261 618 157 334 94 152 158 3690 456 1865 9286
internal_value=0.000339101 -0.323502 0.279953 -0.0953725 0.145354 -0.000934023 0.324311 0.745257 1.79525 0.114896 -0.0857059 0.470417 0.270947 0.115941
internal_weight=33392 15472 17920 5844 10505 4846 999 665 246 419 3847 7415 2321 9887
internal_count=33392 15472 17920 5844 10505 4846 999 665 246 419 3847 7415 2321 9887
is_linear=0
shrinkage=0.05


Tree=41
num_leaves=15
num_cat=0
split_feature=5 14 14 7 13 10 1 1 7 1 5 1 5 1
split_gain=1.09185e+06 176353 165783 91074.2 51913.5 48564.7 128750 160559 153726 97857.9 51222.3 48097.3 36573.5 35843.5
threshold=104.50000000000001 61.500000000000007 140.50000000000003 21.500000000000004 156.50000000000003 24.500000000000004 10.500000000000002 7.5000000000000009 24.500000000000004 2.5000000000000004 48.000000000000007 15.500000000000002 152.50000000000003 1.5000000000000002
decision_type=2 2 2 2 2 2 2 2 2 2 2 2 2 2
left_child=1 -1 4 -3 13 6 7 9 -9 -5 -7 -4 -13 -2
right_child=2 3 11 5 -6 10 -8 8 -10 -11 -12 12 -14 -15
leaf_value=-0.43876960435975998 -0.26261986661510289 -0.52420298773888219 0.53292688665669363 0.77168848292886727 0.58088856366749653 -0.9517059440966007 -0.48718720656932279 3.2476718764112458 0.68528117875384675 -0.75138302285642555 -0.043225245153883041 -0.12821294743346778 0.35910105329792752 0.13439458580392752
leaf_weight=9628 601 998 5094 237 618 157 334 94 152 182 3690 484 1837 9286
leaf_count=9628 601 998 5094 237 618 157 334 94 152 182 3690 484 1837 9286
internal_value=0.000342054 -0.307304 0.265973 -0.0905244 0.138098 -0.00076303 0.308956 0.709476 1.7096 0.109057 -0.0814885 0.446922 0.257424 0.110141
internal_weight=33392 15472 17920 5844 10505 4846 999 665 246 419 3847 7415 2321 9887
internal_count=33392 15472 17920 5844 10505 4846 999 665 246 419 3847 7415 2321 9887
is_linear=0
shrinkage=0.05


Tree=42
num_leaves=15
num_cat=0
split_feature=5 14 7 14 10 13 13 7 4 3 14 11 3 14
split_gain=985996 233542 53300.5 49068.1 44815.5 42862.1 31997.9 31355.5 29865.5 162766 188748 119528 37093.1 198224
threshold=48.000000000000007 114.50000000000001 165.50000000000003 21.500000000000004 186.50000000000003 163.50000000000003 128.50000000000003 50.000000000000007 1.5000000000000002 4.5000000000000009 98.500000000000014 23.500000000000004 1.5000000000000002 114.50000000000001
decision_type=2 2 2 2 2 2 2 2 2 2 2 2 2 2
left_child=8 3 4 6 5 7 -2 -3 9 -1 11 -11 13 -10
right_child=1 2 -4 -5 -6 -7 -8 -9 12 10 -12 -13 -14 -15
leaf_value=-0.47887470540460558 0.12210795859760724 0.9084909278726736 0.51038965422393434 -0.011777153473705967 1.1932974118312807 0.46970566814664577 0.67797527181414463 0.17817883991510616 -0.36783184050868134 2.7977576175622181 -0.42920404394096306 0.45211505157905718 -0.46593912084900135 2.1152002964796646
leaf_weight=1320 660 146 3400 10000 126 1862 424 6062 826 108 209 109 8056 84
leaf_count=1320 660 146 3400 10000 126 1862 424 6062 826 108 209 109 8056 84
internal_value=0.000345346 0.187064 0.343878 0.0229257 0.274534 0.259459 0.341647 0.196072 -0.394889 -0.204838 0.639996 1.65625 -0.431764 -0.128323
internal_weight=33392 22680 11596 11084 8196 8070 1084 6208 10712 1746 426 217 8966 910
internal_count=33392 22680 11596 11084 8196 8070 1084 6208 10712 1746 426 217 8966 910
is_linear=0
shrinkage=0.05


Tree=43
num_leaves=15
num_cat=0
split_feature=5 14 14 7 13 10 1 1 7 4 14 1 13 13
split_gain=900882 145032 135133 76914.2 46331.5 45548.3 112201 139054 143109 89525.1 49113 41901.4 39343.7 38001.4
threshold=104.50000000000001 61.500000000000007 140.50000000000003 21.500000000000004 111.50000000000001 24.500000000000004 10.500000000000002 7.5000000000000009 24.500000000000004 3.5000000000000004 172.50000000000003 15.500000000000002 55.000000000000007 96.500000000000014
decision_type=2 2 2 2 2 2 2 2 2 2 2 2 2 2
left_child=1 -1 4 -3 12 6 7 9 -9 -5 -7 -4 -2 -14
right_child=2 3 11 5 -6 10 -8 8 -10 -11 -12 -13 13 -15
leaf_value=-0.39828552069303147 0.18321562607341713 -0.4810164881489451 0.48530313349850396 0.67903974264671096 0.2521834418173281 -0.047633847511795141 -0.44336041096037465 3.0879983039817427 0.61806668441262169 -0.8092917076283439 -1.1244314084906097 0.22821756745124061 -0.28349967586983854 0.055449971234660625
leaf_weight=9628 2673 998 5094 261 4303 3743 334 94 152 158 104 2321 1313 2216
leaf_count=9628 2673 998 5094 261 4303 3743 334 94 152 158 104 2321 1313 2216
internal_value=0.000385507 -0.279064 0.241671 -0.0824748 0.126219 1.32883e-05 0.299959 0.673818 1.60457 0.114882 -0.0781658 0.40504 0.0386907 -0.0708823
internal_weight=33392 15472 17920 5844 10505 4846 999 665 246 419 3847 7415 6202 3529
internal_count=33392 15472 17920 5844 10505 4846 999 665 246 419 3847 7415 6202 3529
is_linear=0
shrinkage=0.05


Tree=44
num_leaves=15
num_cat=0
split_feature=5 14 14 7 13 10 1 1 7 1 14 1 5 12
split_gain=813031 130956 121975 69482.2 43331.7 41303.5 101578 126166 129912 83365 44548 37815.7 32003.5 31801.3
threshold=104.50000000000001 61.500000000000007 140.50000000000003 21.500000000000004 167.50000000000003 24.500000000000004 10.500000000000002 7.5000000000000009 24.500000000000004 2.5000000000000004 172.50000000000003 15.500000000000002 151.50000000000003 121.50000000000001
decision_type=2 2 2 2 2 2 2 2 2 2 2 2 2 2
left_child=1 13 4 -3 -2 6 7 9 -9 -5 -7 -4 -13 -1
right_child=2 3 11 5 -6 10 -8 8 -10 -11 -12 12 -14 -15
leaf_value=-0.38719057417562014 0.10201279149239431 -0.45708555515599275 0.46106177138626836 0.72057430601009165 0.69762829162771745 -0.045255331883232809 -0.4215193602187795 2.9413963645395609 0.58814753191486291 -0.68522470593153639 -1.0707887896396426 -0.15731693614363154 0.30848797986971188 0.54606806668703278
leaf_weight=9540 10195 998 5094 237 310 3743 334 94 152 182 104 456 1865 88
leaf_count=9540 10195 998 5094 237 310 3743 334 94 152 182 104 456 1865 88
internal_value=0.00038122 -0.265094 0.2296 -0.0782878 0.119913 0.000113655 0.285741 0.641462 1.52804 0.109061 -0.0743336 0.384812 0.216831 -0.378382
internal_weight=33392 15472 17920 5844 10505 4846 999 665 246 419 3847 7415 2321 9628
internal_count=33392 15472 17920 5844 10505 4846 999 665 246 419 3847 7415 2321 9628
is_linear=0
shrinkage=0.05


Tree=45
num_leaves=15
num_cat=0
split_feature=5 14 13 13 13 6 5 3 7 10 11 10 5 5
split_gain=733734 118240 110956 64853.2 74017 62782.7 54044.9 38213.3 53809.9 30854.9 29089.7 32922.2 42546.2 49595.6
threshold=104.50000000000001 61.500000000000007 159.50000000000003 55.000000000000007 98.500000000000014 21.500000000000004 171.50000000000003 1.0000000180025095e-35 24.500000000000004 169.50000000000003 117.50000000000001 112.50000000000001 102.50000000000001 57.500000000000007
decision_type=2 2 2 2 2 2 2 2 2 2 2 2 2 2
left_child=1 10 3 6 -5 -3 9 8 -7 -2 11 12 13 -1
right_child=2 5 -4 4 -6 7 -8 -9 -10 -11 -12 -13 -14 -15
leaf_value=-0.37994799495178017 0.15395439740342137 -0.43201425700380486 0.443554586623782 -0.24838276295685816 0.13580374162801856 1.3852837840716044 0.64031354757328796 -0.052080898702372792 0.15073960602332201 0.57691934146835366 0.33700581532996776 -1.2854872692566444 -1.3148163991883912 0.073718517470515457
leaf_weight=8634 3006 1009 4181 1489 7796 103 948 4240 492 500 144 93 111 646
leaf_count=8634 3006 1009 4181 1489 7796 103 948 4240 492 500 144 93 111 646
internal_value=0.00038567 -0.251811 0.21814 0.149406 0.0740927 -0.0743063 0.306149 0.000711739 0.374214 0.21501 -0.359458 -0.370205 -0.360462 -0.348345
internal_weight=33392 15472 17920 13739 9285 5844 4454 4835 595 3506 9628 9484 9391 9280
internal_count=33392 15472 17920 13739 9285 5844 4454 4835 595 3506 9628 9484 9391 9280
is_linear=0
shrinkage=0.05


Tree=46
num_leaves=15
num_cat=0
split_feature=5 14 13 13 13 7 5 7 14 5 6 1 9 13
split_gain=662338 106799 100141 58572.4 67115.7 57367.6 48803.6 36338.9 64531.2 47771.3 39466.4 33563.3 30263.2 54889.5
threshold=104.50000000000001 61.500000000000007 159.50000000000003 55.000000000000007 96.500000000000014 21.500000000000004 171.50000000000003 24.500000000000004 174.50000000000003 48.000000000000007 80.500000000000014 1.5000000000000002 102.50000000000001 114.50000000000001
decision_type=2 2 2 2 2 2 2 2 2 2 2 2 2 2
left_child=1 -1 3 6 -5 -3 -2 8 11 -9 -11 -7 13 -12
right_child=2 5 -4 4 -6 7 -8 9 -10 10 12 -13 -14 -15
leaf_value=-0.34155214168665027 0.20431177255776334 -0.41474046356537769 0.42140334509299759 -0.25803948936634874 0.1253257450169665 0.77468030073080862 0.60846584188978603 -0.67830296704993431 1.5442940039383739 0.26435277901521514 -0.21419386735012266 -0.070431561510700166 0.0023549473446964017 -1.5284669769948789
leaf_weight=9628 3506 998 4181 1328 7957 152 948 282 90 976 767 464 2031 84
leaf_count=9628 3506 998 4181 1328 7957 152 948 282 90 976 767 464 2031 84
internal_value=0.000367769 -0.239245 0.207257 0.141959 0.070385 -0.070546 0.290919 0.000692827 0.330943 -0.0559564 -0.00964703 0.142661 -0.102735 -0.352093
internal_weight=33392 15472 17920 13739 9285 5844 4454 4846 706 4140 3858 616 2882 851
internal_count=33392 15472 17920 13739 9285 5844 4454 4846 706 4140 3858 616 2882 851
is_linear=0
shrinkage=0.05


Tree=47
num_leaves=15
num_cat=0
split_feature=5 14 14 6 10 13 9 4 1 1 5 14 3 3
split_gain=599611 145516 42805.8 39706.6 46301.6 28159.9 25127.8 77176.2 222448 38458.9 86583.5 25900.8 56779.9 48800.7
threshold=61.500000000000007 114.50000000000001 21.500000000000004 173.50000000000003 186.50000000000003 169.50000000000003 21.500000000000004 1.5000000000000002 13.500000000000002 7.5000000000000009 21.500000000000004 55.000000000000007 1.0000000180025095e-35 4.5000000000000009
decision_type=2 2 2 2 2 2 2 2 2 2 2 2 2 2
left_child=6 2 -2 4 5 -3 -1 8 9 -8 -11 -9 -13 -14
right_child=1 3 -4 -5 -6 -7 7 11 -10 10 -12 12 13 -15
leaf_value=-0.402272937756948 0.31888047515010498 0.17370350248563224 -0.015615149658169923 0.47619792505136777 0.92362758319428628 0.40826970495853926 -0.41462233198499221 -0.35716990387812408 1.9168413137460683 -0.50036215749280211 1.3134404292776567 0.81724986408456857 -0.50071925118633631 0.24731804456279419
leaf_weight=4000 1055 7832 9787 1974 230 1530 510 4989 149 140 116 145 597 338
leaf_count=4000 1055 7832 9787 1974 230 1530 510 4989 149 140 116 145 597 338
internal_value=0.000352669 0.148689 0.0170655 0.272012 0.229766 0.212235 -0.302192 -0.244625 0.182649 -0.164924 0.330934 -0.309141 -0.0866502 -0.230429
internal_weight=33392 22408 10842 11566 9592 9362 10984 6984 915 766 256 6069 1080 935
internal_count=33392 22408 10842 11566 9592 9362 10984 6984 915 766 256 6069 1080 935
is_linear=0
shrinkage=0.05


Tree=48
num_leaves=15
num_cat=0
split_feature=5 14 13 14 6 10 1 1 7 1 5 1 14 14
split_gain=545947 87847.1 83806.1 52498.3 47701.5 35390.1 93203.1 101782 106334 76577.1 42657.6 27560 26687.1 36390.2
threshold=104.50000000000001 62.500000000000007 159.50000000000003 169.50000000000003 21.500000000000004 24.500000000000004 10.500000000000002 7.5000000000000009 24.500000000000004 2.5000000000000004 48.000000000000007 1.5000000000000002 28.500000000000004 89.500000000000014
decision_type=2 2 2 2 2 2 2 2 2 2 2 2 2 2
left_child=1 -1 3 11 -3 6 7 9 -9 -6 -7 -2 -13 -14
right_child=2 4 -4 -5 5 10 -8 8 -10 -11 -12 12 13 -15
leaf_value=-0.30924857405347589 -0.22975057045385094 -0.37484680522277425 0.38410458176303791 0.45772670977292895 0.7286077228542992 -0.8652025902271272 -0.39656483094359557 2.6895570596059164 0.55904914361371361 -0.65689123458741761 -0.031009905450702275 0.33881822881528401 -0.27332235944764188 0.11403075392829012
leaf_weight=9684 601 1007 4181 1108 222 155 339 94 152 173 3646 1204 640 10186
leaf_count=9684 601 1007 4181 1108 222 155 339 94 152 173 3646 1204 640 10186
internal_value=0.000368009 -0.217175 0.188201 0.128467 -0.0629913 0.00301636 0.270138 0.623071 1.41051 0.121168 -0.0661192 0.0994141 0.115947 0.091016
internal_weight=33392 15472 17920 13739 5788 4781 980 641 246 395 3801 12631 12030 10826
internal_count=33392 15472 17920 13739 5788 4781 980 641 246 395 3801 12631 12030 10826
is_linear=0
shrinkage=0.05


Tree=49
num_leaves=15
num_cat=0
split_feature=5 14 13 11 7 10 1 1 7 4 5 6 12 1
split_gain=492690 79335.9 77147.5 50916.3 43300.1 31768 78094.2 101633 101166 66631.6 39129.7 29838.7 37976.7 24805.1
threshold=104.50000000000001 62.500000000000007 166.50000000000003 169.50000000000003 21.500000000000004 24.500000000000004 10.500000000000002 7.5000000000000009 24.500000000000004 3.5000000000000004 48.000000000000007 189.50000000000003 23.500000000000004 1.5000000000000002
decision_type=2 2 2 2 2 2 2 2 2 2 2 2 2 2
left_child=1 -1 3 11 -3 6 7 9 -9 -6 -7 12 -2 -14
right_child=2 4 -4 -5 5 10 -8 8 -10 -11 -12 -13 13 -15
leaf_value=-0.29379412252982701 -0.88606765692681089 -0.35886191471771051 0.41732345268321008 0.35112635970348138 0.57548038242563215 -0.82841390818357474 -0.36483026155679982 2.6093407857297648 0.53198689040105052 -0.72055378690361982 -0.029461533158698195 0.67351641306594079 -0.22006385705658921 0.10825039256755259
leaf_weight=9684 95 996 2847 2279 256 155 334 94 152 155 3646 214 600 11885
leaf_count=9684 95 996 2847 2279 256 155 334 94 152 155 3646 214 600 11885
internal_value=0.000365591 -0.206295 0.178802 0.133627 -0.0597704 0.00270392 0.254097 0.569122 1.36194 0.0839225 -0.0630873 0.0947615 0.0846525 0.0923906
internal_weight=33392 15472 17920 15073 5788 4792 991 657 246 411 3801 12794 12580 12485
internal_count=33392 15472 17920 15073 5788 4792 991 657 246 411 3801 12794 12580 12485
is_linear=0
shrinkage=0.05


Tree=50
num_leaves=15
num_cat=0
split_feature=5 14 14 9 13 7 7 0 14 1 5 6 9 13
split_gain=444623 71698 71696.8 51685.1 48070 39026.5 29587.3 55586.7 53386.1 43233.4 37007.3 34007.7 27362.2 50451.5
threshold=104.50000000000001 61.500000000000007 159.50000000000003 55.500000000000007 145.50000000000003 21.500000000000004 24.500000000000004 4.5000000000000009 144.50000000000003 2.5000000000000004 48.000000000000007 80.500000000000014 102.50000000000001 114.50000000000001
decision_type=2 2 2 2 2 2 2 2 2 2 2 2 2 2
left_child=1 -1 3 -2 -5 -3 7 -7 9 -9 -8 -12 13 -13
right_child=2 5 -4 4 -6 6 10 8 -10 -11 11 12 -14 -15
leaf_value=-0.27978695082085653 -0.98833881745923247 -0.34162874262508819 0.34187779026113713 0.072027513466603743 0.30737296745841058 -0.18570512865949995 -0.59786119693663065 1.0137131102064736 1.5484897208592248 -0.25844281881478182 0.24500883568994888 -0.20068215142472268 0.004173514395515953 -1.460625062422471
leaf_weight=9628 101 998 4524 10568 2727 321 282 112 121 152 976 767 2031 84
leaf_count=9628 101 998 4524 10568 2727 321 282 112 121 152 976 767 2031 84
internal_value=0.000359026 -0.195962 0.169868 0.111673 0.120398 -0.0577385 0.00101861 0.299014 0.700355 0.29007 -0.0500983 -0.00933764 -0.0957482 -0.332853
internal_weight=33392 15472 17920 13396 13295 5844 4846 706 385 264 4140 3858 2882 851
internal_count=33392 15472 17920 13396 13295 5844 4846 706 385 264 4140 3858 2882 851
is_linear=0
shrinkage=0.05


Tree=51
num_leaves=15
num_cat=0
split_feature=5 14 14 10 13 4 3 14 11 1 3 14 7 9
split_gain=402046 103039 37825.1 32708.3 28106.8 22424.4 131509 155822 122720 32371.6 26424.1 136804 21843.9 33434.7
threshold=61.500000000000007 113.50000000000001 21.500000000000004 169.50000000000003 172.50000000000003 1.5000000000000002 4.5000000000000009 27.500000000000004 23.500000000000004 16.500000000000004 1.5000000000000002 119.50000000000001 90.500000000000014 48.000000000000007
decision_type=2 2 2 2 2 2 2 2 2 2 2 2 2 2
left_child=5 2 -2 4 -3 6 -1 8 -8 -9 11 -7 -4 -14
right_child=1 3 12 -5 -6 10 7 9 -10 -11 -12 -13 13 -15
leaf_value=-0.32933861250584984 0.29195149566146833 0.14545898468681301 0.16909761184279171 0.37856872385018508 0.4107352517929812 -0.21567262566705614 3.0180597487916341 -0.62988057221135785 0.50171855124560272 0.57671067988735503 -0.30773694158746023 1.8486784219741823 -0.99030601908551896 -0.04183952821330264
leaf_weight=1320 1055 8038 1278 2635 1138 907 89 150 105 82 8248 83 89 8175
leaf_count=1320 1055 8038 1278 2635 1138 907 89 150 105 82 8248 83 89 8175
internal_value=0.000335233 0.1218 0.00859128 0.223326 0.178564 -0.247403 -0.0827782 0.676169 1.70295 -0.200243 -0.278455 -0.0341806 -0.0228746 -0.0526468
internal_weight=33392 22408 10597 11811 9176 10984 1746 426 194 232 9238 990 9542 8264
internal_count=33392 22408 10597 11811 9176 10984 1746 426 194 232 9238 990 9542 8264
is_linear=0
shrinkage=0.05


Tree=52
num_leaves=15
num_cat=0
split_feature=5 13 14 11 6 10 1 1 7 1 14 6 12 5
split_gain=367521 60119.1 59210.7 41516.1 33388.2 29710.4 73709.8 93524.2 85485.5 62574.7 36761 26145.2 31101.8 23530
threshold=104.50000000000001 166.50000000000003 62.500000000000007 169.50000000000003 21.500000000000004 24.500000000000004 9.5000000000000018 7.5000000000000009 24.500000000000004 2.5000000000000004 172.50000000000003 189.50000000000003 23.500000000000004 102.50000000000001
decision_type=2 2 2 2 2 2 2 2 2 2 2 2 2 2
left_child=2 3 13 11 -4 6 7 9 -9 -6 -7 12 -2 -1
right_child=1 -3 4 -5 5 10 -8 8 -10 -11 -12 -13 -14 -15
leaf_value=-0.24383532863161528 -0.80840235090628265 0.3650227879061802 -0.31245746939726504 0.31098335232029489 0.66610385656812221 -0.032948132873090667 -0.31057897892923692 2.5831357148977427 0.56536776864010363 -0.58636812956145634 -0.96468580009740423 0.62122165211667757 0.077044753545237751 -0.87877939089432666
leaf_weight=9540 95 2847 1007 2279 222 3697 366 86 133 173 104 214 12485 144
leaf_count=9540 95 2847 1007 2279 222 3697 366 86 133 173 104 214 12485 144
internal_value=0.000354599 0.154467 -0.178134 0.11459 -0.0515516 0.00367083 0.24842 0.581451 1.39771 0.11708 -0.0596754 0.0794981 0.0700396 -0.253725
internal_weight=33392 17920 15472 15073 5788 4781 980 614 219 395 3801 12794 12580 9684
internal_count=33392 17920 15472 15073 5788 4781 980 614 219 395 3801 12794 12580 9684
is_linear=0
shrinkage=0.05


Tree=53
num_leaves=15
num_cat=0
split_feature=5 14 14 9 13 7 10 1 1 7 4 14 9 13
split_gain=331688 56733.9 53544.7 41873.2 38028.9 30157.7 27198.7 61600.8 93559.2 81978.5 55556.5 33727 63553.1 36088
threshold=104.50000000000001 159.50000000000003 61.500000000000007 55.500000000000007 145.50000000000003 21.500000000000004 24.500000000000004 9.5000000000000018 7.5000000000000009 24.500000000000004 3.5000000000000004 138.50000000000003 100.50000000000001 151.50000000000003
decision_type=2 2 2 2 2 2 2 2 2 2 2 2 2 2
left_child=2 3 -1 -2 -5 -4 7 8 10 -10 -7 -8 -13 -14
right_child=1 -3 5 4 -6 6 11 -9 9 -11 -12 12 13 -15
leaf_value=-0.24165987167136158 -0.89509435301681739 0.29976090174409459 -0.29932686403943437 0.059821269301865244 0.26914346414184576 0.52994471750593275 -0.013453260296032298 -0.28577834505363892 2.513069085498433 0.53812359079070715 -0.64248755179299899 -1.602240573460556 -0.7863642805409663 0.45653501647007133
leaf_weight=9628 101 4524 998 10568 2727 261 3525 361 86 133 158 94 98 130
leaf_count=9628 101 4524 998 10568 2727 261 3525 361 86 133 158 94 98 130
internal_value=0.000344735 0.146752 -0.16922 0.0949862 0.102841 -0.04977 0.00188006 0.233661 0.527512 1.35246 0.0854713 -0.0585346 -0.544297 -0.0831043
internal_weight=33392 17920 15472 13396 13295 5844 4846 999 638 219 419 3847 322 228
internal_count=33392 17920 15472 13396 13295 5844 4846 999 638 219 419 3847 322 228
is_linear=0
shrinkage=0.05


Tree=54
num_leaves=15
num_cat=0
split_feature=5 14 14 6 10 12 4 3 14 11 1 3 14 7
split_gain=299646 80863.7 35902.8 28977.4 37931.5 22657.3 21395.8 119768 142541 99582.7 23306.9 20777.7 120659 20236
threshold=55.500000000000007 113.50000000000001 21.500000000000004 173.50000000000003 186.50000000000003 70.500000000000014 1.5000000000000002 4.5000000000000009 98.500000000000014 23.500000000000004 15.500000000000002 1.5000000000000002 114.50000000000001 55.000000000000007
decision_type=2 2 2 2 2 2 2 2 2 2 2 2 2 2
left_child=6 2 5 4 13 -2 7 -1 9 -9 -10 12 -8 -3
right_child=1 3 -4 -5 -6 -7 11 8 10 -11 -12 -13 -14 -15
leaf_value=-0.29245044449590285 1.0622042151409017 0.69252398082704258 -0.025837074526127126 0.36836581202196839 0.78643570153399356 0.20932908809924503 -0.20924191101040651 2.5920631391812217 -0.69434623578563337 0.44871252210516677 0.35537989244356261 -0.274125293987105 1.727847699871224 0.13344190935029057
leaf_weight=1320 80 160 9747 1974 230 1004 826 108 123 109 86 8064 84 9477
leaf_count=1320 80 160 9747 1974 230 1004 826 108 123 109 86 8064 84 9477
internal_value=0.000326749 0.103316 0.00457154 0.193599 0.158466 0.27686 -0.217436 -0.0570972 0.667099 1.5498 -0.26419 -0.248582 -0.0219689 0.143078
internal_weight=33392 22672 10831 11841 9867 1084 10720 1746 426 217 209 8974 910 9637
internal_count=33392 22672 10831 11841 9867 1084 10720 1746 426 217 209 8974 910 9637
is_linear=0
shrinkage=0.05


Tree=55
num_leaves=15
num_cat=0
split_feature=5 13 11 7 12 14 10 5 5 3 8 14 14 3
split_gain=274235 48854 48655.7 36573.7 41380.3 31329.6 36847.5 40009.4 46797.3 43250.4 38081.1 28389 33847.3 22557.1
threshold=104.50000000000001 169.50000000000003 117.50000000000001 162.50000000000003 159.50000000000003 60.500000000000007 109.50000000000001 102.50000000000001 57.500000000000007 4.5000000000000009 100.50000000000001 63.500000000000007 118.50000000000001 1.0000000180025095e-35
decision_type=2 2 2 2 2 2 2 2 2 2 2 2 2 2
left_child=2 3 5 4 -2 6 7 8 -1 -10 -8 -5 -13 -7
right_child=1 -3 -4 11 -6 13 10 -9 9 -11 -12 12 -14 -15
leaf_value=-0.23311063008852431 0.019094446635697659 0.35096412551965883 0.22489513152597113 0.64117501057318638 0.28527361038486998 0.19557417042140124 -0.17010510790297825 -1.1429419957814009 0.43495602369988612 -0.62711461315552397 -1.6577486189471171 -0.13203183407253938 0.26328285904861354 -0.11578505137687106
leaf_weight=8576 10032 2253 800 382 1704 662 84 110 477 115 86 663 2886 4562
leaf_count=8576 10032 2253 800 382 1704 662 84 110 477 115 86 663 2886 4562
internal_value=0.000361916 0.133487 -0.153819 0.10211 0.0578472 -0.174539 -0.228854 -0.215164 -0.203415 0.225117 -0.94854 0.234016 0.189351 -0.0761795
internal_weight=33392 17920 15472 15667 11736 14672 9448 9278 9168 592 170 3931 3549 5224
internal_count=33392 17920 15472 15667 11736 14672 9448 9278 9168 592 170 3931 3549 5224
is_linear=0
shrinkage=0.05


Tree=56
num_leaves=15
num_cat=0
split_feature=5 14 11 9 14 14 7 14 10 5 5 3 8 5
split_gain=247624 44391.8 43941 38389 34072.6 34600.1 29130 28311.5 33501.2 36309.3 42220.2 39152.5 34566.7 26460.6
threshold=104.50000000000001 159.50000000000003 117.50000000000001 55.500000000000007 25.500000000000004 102.50000000000001 162.50000000000003 60.500000000000007 109.50000000000001 102.50000000000001 57.500000000000007 4.5000000000000009 100.50000000000001 163.50000000000003
decision_type=2 2 2 2 2 2 2 2 2 2 2 2 2 2
left_child=2 3 7 -2 6 -6 13 8 9 10 -1 -12 -10 -5
right_child=1 -3 -4 4 5 -7 -8 -9 12 -11 11 -13 -14 -15
leaf_value=-0.22146189044247164 -0.86690431850136462 0.26217728822342362 0.21372022079616229 0.24840187387149526 -0.093297465491589252 0.1079461478650641 0.66576594066619876 -0.072366666039833105 -0.1620776771996798 -1.0882795878596929 0.41343382281479252 -0.59706536716471115 -1.579415428941394 -0.65901497074148874
leaf_weight=8576 101 4524 800 942 2790 9060 420 5224 84 110 477 115 86 83
leaf_count=8576 101 4524 800 942 2790 9060 420 5224 84 110 477 115 86 83
internal_value=0.000331367 0.126832 -0.146178 0.0810438 0.0885684 0.0605454 0.317375 -0.165868 -0.217501 -0.204448 -0.193256 0.213781 -0.903724 0.172081
internal_weight=33392 17920 15472 13396 13295 11850 1445 14672 9448 9278 9168 592 170 1025
internal_count=33392 17920 15472 13396 13295 11850 1445 14672 9448 9278 9168 592 170 1025
is_linear=0
shrinkage=0.05


Tree=57
num_leaves=15
num_cat=0
split_feature=5 13 11 13 13 1 5 1 4 1 3 8 4 3
split_gain=223559 42245.7 39683.7 32770.2 54201.6 33018.9 26837.9 24757.9 24554.9 180988 38284.5 32660.5 107459 24284
threshold=104.50000000000001 169.50000000000003 117.50000000000001 55.000000000000007 98.500000000000014 5.5000000000000009 21.500000000000004 19.500000000000004 1.5000000000000002 12.500000000000002 3.5000000000000004 100.50000000000001 3.5000000000000004 5.5000000000000009
decision_type=2 2 2 2 2 2 2 2 2 2 2 2 2 2
left_child=2 3 6 5 -5 -2 -1 13 9 -8 -10 -12 -13 -7
right_child=1 -3 -4 4 -6 7 8 -9 10 -11 11 12 -14 -15
leaf_value=-0.26641010418743621 -0.086318832135279022 0.32271720988433017 0.20310058040151038 -0.23473922556964055 0.088733500946261201 0.27055132176397984 -0.14515213785893413 0.029399104098409307 0.0025362604916818825 1.6805050035191191 -0.17656570796519711 -1.6873039092560103 -0.14689829712913158 0.65416534524374237
leaf_weight=4088 792 2253 800 1489 9724 2327 999 833 3081 152 5790 152 410 502
leaf_count=4088 792 2253 800 1489 9724 2327 999 833 3081 152 5790 152 410 502
internal_value=0.000289134 0.120486 -0.138919 0.0913103 0.0456933 0.205972 -0.157631 0.269218 -0.11551 0.102168 -0.142111 -0.212218 -0.574726 0.339657
internal_weight=33392 17920 15472 15667 11213 4454 14672 3662 10584 1151 9433 6352 562 2829
internal_count=33392 17920 15472 15667 11213 4454 14672 3662 10584 1151 9433 6352 562 2829
is_linear=0
shrinkage=0.05


Tree=58
num_leaves=15
num_cat=0
split_feature=5 14 6 14 9 14 7 12 8 1 1 3 10 14
split_gain=202983 55393.2 31566.7 34096.8 27537.5 25792.8 47273.6 35195.9 22863.9 24138.8 19963.7 23634.5 46970.7 18590.4
threshold=61.500000000000007 113.50000000000001 80.500000000000014 81.500000000000014 48.000000000000007 25.500000000000004 162.50000000000003 160.50000000000003 168.50000000000003 14.500000000000002 1.5000000000000002 4.5000000000000009 103.50000000000001 71.500000000000014
decision_type=2 2 2 2 2 2 2 2 2 2 2 2 2 2
left_child=-1 2 3 -2 -4 6 7 10 9 -3 -6 -12 -13 -7
right_child=1 8 4 -5 5 13 -8 -9 -10 -11 11 12 -14 -15
leaf_value=-0.17575082468909267 1.1924654861783037 0.20562144401479354 -0.86952668846921721 0.18426951057234303 -0.54274716266972867 -0.24222619744467888 0.61969180356754983 0.8527824332400904 0.33477915611518194 0.051346478708182958 0.15469849441949601 -1.1433518955850193 0.10355492808200695 -0.019254549662751003
leaf_weight=10984 96 5390 89 511 172 1077 420 113 1629 4792 915 112 211 6881
leaf_count=10984 96 5390 89 511 172 1077 420 113 1629 4792 915 112 211 6881
internal_value=0.000278482 0.0865849 0.00358049 0.35216 -0.0177651 -0.00967355 0.153413 0.0232201 0.161025 0.133075 -0.0460409 0.0248739 -0.339647 -0.0495637
internal_weight=33392 22408 10597 607 9990 9901 1943 1523 11811 10182 1410 1238 323 7958
internal_count=33392 22408 10597 607 9990 9901 1943 1523 11811 10182 1410 1238 323 7958
is_linear=0
shrinkage=0.05


Tree=59
num_leaves=15
num_cat=0
split_feature=5 14 6 9 7 14 3 11 14 14 4 6 7 12
split_gain=183626 42382.7 30219.4 50637.9 37735.4 27197.8 28948.1 26539.5 24367.4 28212.4 22000.5 28260.1 20649.9 30763.2
threshold=111.50000000000001 62.500000000000007 100.50000000000001 59.500000000000007 165.50000000000003 190.50000000000003 5.5000000000000009 146.50000000000003 73.500000000000014 118.50000000000001 1.5000000000000002 64.500000000000014 144.50000000000003 165.50000000000003
decision_type=2 2 2 2 2 2 2 2 2 2 2 2 2 2
left_child=1 7 -2 -4 12 6 10 -1 -6 -10 11 -3 13 -5
right_child=2 5 3 4 8 -7 -8 -9 9 -11 -12 -13 -14 -15
leaf_value=-0.18282148102796553 0.4098937223133084 1.1320071144679258 -1.0520815738426741 0.092776563101384921 0.63284742578127118 0.85228479138829494 -0.397696649386242 0.68543985076667224 -0.12873349598835729 0.26092286593747976 -0.030629963496521598 0.14141858645451619 -0.024981178593288987 0.54400289221310316
leaf_weight=9978 896 81 88 5688 364 83 501 84 537 3315 7066 455 3856 400
leaf_count=9978 896 81 88 5688 364 83 501 84 537 3315 7066 455 3856 400
internal_value=0.000269847 -0.106531 0.128954 0.111149 0.118747 -0.0220257 -0.0315015 -0.175236 0.244021 0.206505 -0.0071223 0.300194 0.0655388 0.122846
internal_weight=33392 18248 15144 14248 14160 8186 8103 10062 4216 3852 7602 536 9944 6088
internal_count=33392 18248 15144 14248 14160 8186 8103 10062 4216 3852 7602 536 9944 6088
is_linear=0
shrinkage=0.05


Tree=60
num_leaves=15
num_cat=0
split_feature=5 7 7 12 13 14 5 8 9 9 14 1 8 0
split_gain=166703 51241.1 46911.8 43537.2 34374.3 22809.8 55991.2 20891.6 19285.4 18033.9 18025.3 17820.5 22700.8 17730.8
threshold=61.500000000000007 45.000000000000007 162.50000000000003 159.50000000000003 181.50000000000003 90.500000000000014 164.50000000000003 147.50000000000003 176.50000000000003 89.500000000000014 73.500000000000014 10.500000000000002 110.50000000000001 4.5000000000000009
decision_type=2 2 2 2 2 2 2 2 2 2 2 2 2 2
left_child=-1 -2 3 4 5 6 9 13 10 -3 -5 12 -7 -4
right_child=1 2 7 8 -6 11 -8 -9 -10 -11 -12 -13 -14 -15
leaf_value=-0.15924575762551896 0.91645094285209705 0.2847803100949613 0.21498168230847978 0.75767095086070924 0.52243835339561495 0.028857563148796318 -1.2168292291595468 0.26246455656328233 0.641372878824925 -0.11559465893332742 0.14379568811599758 -0.04042441274400238 0.25087042454427499 -0.18114312697993182
leaf_weight=10984 176 303 560 124 307 4467 107 3840 264 3261 1724 5168 1547 560
leaf_count=10984 176 303 560 124 307 4467 107 3840 264 3261 1724 5168 1547 560
internal_value=0.000278321 0.0784922 0.071654 0.0327067 0.00304534 -0.00786231 -0.115915 0.207109 0.245107 -0.0812048 0.18692 0.027647 0.0861276 0.0169945
internal_weight=33392 22408 22232 17272 15160 14853 3671 4960 2112 3564 1848 11182 6014 1120
internal_count=33392 22408 22232 17272 15160 14853 3671 4960 2112 3564 1848 11182 6014 1120
is_linear=0
shrinkage=0.05


Tree=61
num_leaves=15
num_cat=0
split_feature=5 13 11 13 13 1 5 5 4 1 3 8 4 9
split_gain=152664 31252.7 31189.5 27040.1 43665.6 26821.1 24286.1 21141.9 22140.4 163785 29159.7 30976.3 95970.9 19624
threshold=104.50000000000001 169.50000000000003 117.50000000000001 55.000000000000007 96.500000000000014 5.5000000000000009 127.50000000000001 21.500000000000004 1.5000000000000002 12.500000000000002 3.5000000000000004 100.50000000000001 3.5000000000000004 61.500000000000007
decision_type=2 2 2 2 2 2 2 2 2 2 2 2 2 2
left_child=2 3 7 5 6 -2 -5 -1 9 -9 -10 -12 -13 -6
right_child=1 -3 -4 4 13 -7 -8 8 10 -11 11 12 -14 -15
leaf_value=-0.22788643880992776 -0.084732363327000876 0.27354562744494954 0.18843644703749962 -0.10022902265186218 -0.67856943502422729 0.23567423028291723 -0.57369476171455502 -0.12265046092410724 0.0069993275938385396 1.6141100312494168 -0.14572675883269776 -1.5847550449762375 -0.12917453345315286 0.075875761973090303
leaf_weight=4088 792 2253 800 953 82 3662 375 999 3081 152 5790 152 410 9803
leaf_count=4088 792 2253 800 953 82 3662 375 999 3081 152 5790 152 410 9803
internal_value=0.000281702 0.0996085 -0.114756 0.0745161 0.0330835 0.178669 -0.235576 -0.131346 -0.0939679 0.112694 -0.119231 -0.180415 -0.533358 0.0692774
internal_weight=33392 17920 15472 15667 11213 4454 1328 14672 10584 1151 9433 6352 562 9885
internal_count=33392 17920 15472 15667 11213 4454 1328 14672 10584 1151 9433 6352 562 9885
is_linear=0
shrinkage=0.05


Tree=62
num_leaves=15
num_cat=0
split_feature=5 5 4 1 9 11 3 6 9 8 1 1 1 2
split_gain=138380 32470.1 31031.9 111052 139828 125287 41393.1 25141.9 44245.8 30870.1 22844.6 33744.9 28577.3 23843.4
threshold=111.50000000000001 21.500000000000004 1.5000000000000002 7.5000000000000009 21.500000000000004 23.500000000000004 3.5000000000000004 100.50000000000001 59.500000000000007 166.50000000000003 11.500000000000002 5.5000000000000009 12.500000000000002 1.5000000000000002
decision_type=2 2 2 2 2 2 2 2 2 2 2 2 2 2
left_child=1 -1 3 -3 -5 -6 -4 -2 -9 10 11 -10 13 -12
right_child=7 2 6 4 5 -7 -8 8 9 -11 12 -13 -14 -15
leaf_value=-0.2165060388109247 0.36821050553251328 -0.14614406874418481 0.025028948305100069 -0.43848270908256493 2.3732994331082993 0.47836718285930752 -0.15893400564061777 -0.9915618361885189 -0.029266348736324551 0.26874956598585736 0.012313229239128464 0.27140613459240431 0.049180894331380162 -0.58023319046391497
leaf_weight=4088 896 1042 5220 168 150 207 7373 88 1439 2336 332 2645 7066 342
leaf_count=4088 896 1042 5220 168 150 207 7373 88 1439 2336 332 2645 7066 342
internal_value=0.000258239 -0.0924557 -0.0565785 0.152929 0.742298 1.29634 -0.0826987 0.111969 0.0957314 0.102836 0.0699579 0.165558 0.0194405 -0.290414
internal_weight=33392 18248 14160 1567 525 357 12593 15144 14248 14160 11824 4084 7740 674
internal_count=33392 18248 14160 1567 525 357 12593 15144 14248 14160 11824 4084 7740 674
is_linear=0
shrinkage=0.05


Tree=63
num_leaves=15
num_cat=0
split_feature=5 7 7 12 13 6 5 14 14 0 14 1 1 14
split_gain=125216 45455.9 38240.2 35885.5 28658.5 19155 28773.3 18692.8 23229 18188.7 43404.1 75308.7 20056.8 33759.6
threshold=55.500000000000007 55.000000000000007 162.50000000000003 159.50000000000003 181.50000000000003 78.000000000000014 84.500000000000014 63.500000000000007 118.50000000000001 4.5000000000000009 165.50000000000003 9.5000000000000018 1.5000000000000002 61.500000000000007
decision_type=2 2 2 2 2 2 2 2 2 2 2 2 2 2
left_child=9 -2 3 4 5 -3 -7 -4 -9 -1 12 -12 13 -11
right_child=1 2 7 -5 -6 6 -8 8 -10 10 11 -13 -14 -15
leaf_value=-0.20561817812733138 0.83906994775312127 0.20391798379734341 0.48077373929932893 0.21865307175438634 0.47344686773871314 -0.31844389199976275 -0.0080759845289292264 -0.12152027627564743 0.1983193934620808 -0.073011547698402859 1.604871302024991 -0.27874829427594633 -0.13439339216340715 0.85959103465080267
leaf_weight=5360 184 968 472 2112 307 786 13355 663 3825 314 97 108 4706 135
leaf_count=5360 184 968 472 2112 307 786 13355 663 3825 314 97 108 4706 135
internal_value=0.000254948 0.0668313 0.0603276 0.0256221 -0.000885588 -0.010677 -0.0254336 0.182823 0.150988 -0.140515 -0.0752799 0.629516 -0.103891 0.213771
internal_weight=33392 22672 22488 17528 15416 15109 14141 4960 4488 10720 5360 205 5155 449
internal_count=33392 22672 22488 17528 15416 15109 14141 4960 4488 10720 5360 205 5155 449
is_linear=0
shrinkage=0.05


Tree=64
num_leaves=15
num_cat=0
split_feature=5 11 10 6 12 13 14 5 4 1 3 8 4 9
split_gain=113934 25850.7 24172.6 24423.2 24565.9 19507.1 17220.9 14920.7 14971.6 142886 19698.9 21786.6 71050.6 14225.7
threshold=104.50000000000001 117.50000000000001 173.50000000000003 189.50000000000003 23.500000000000004 176.50000000000003 189.50000000000003 21.500000000000004 1.5000000000000002 12.500000000000002 3.5000000000000004 100.50000000000001 3.5000000000000004 102.50000000000001
decision_type=2 2 2 2 2 2 2 2 2 2 2 2 2 2
left_child=1 6 3 4 -2 -6 7 -1 9 -9 -10 -12 -13 -14
right_child=2 -3 -4 -5 5 -7 -8 8 10 -11 11 12 13 -15
leaf_value=-0.19971466195967782 -0.69379945763754192 0.17690308068248428 0.2336013118669453 0.50332388506545223 0.045023636679819151 0.28097124888344294 0.56827068438591521 -0.13823591473572436 -0.0034439245448364044 1.4852193865806436 -0.12894260042870409 -1.3748288496257433 -0.46958668437640533 0.12611582886838302
leaf_weight=4072 104 800 2400 304 14183 929 87 987 3054 152 5762 148 161 249
leaf_count=4072 104 800 2400 304 14183 929 87 987 3054 152 5762 148 161 249
internal_value=0.000270189 -0.0991092 0.0860774 0.0631965 0.0542407 0.0596165 -0.114214 -0.118478 -0.0869333 0.0839593 -0.107731 -0.158084 -0.455181 -0.110646
internal_weight=33392 15472 17920 15520 15216 15112 14672 14585 10513 1139 9374 6320 558 410
internal_count=33392 15472 17920 15520 15216 15112 14672 14585 10513 1139 9374 6320 558 410
is_linear=0
shrinkage=0.05


Tree=65
num_leaves=15
num_cat=0
split_feature=5 7 4 1 9 11 3 13 9 6 9 8 1 1
split_gain=103721 25669.5 26088.8 76451.9 143869 108690 34266.8 22709.5 42605.8 21811.8 39028.4 24943.2 20518.8 28561.2
threshold=111.50000000000001 21.500000000000004 1.5000000000000002 7.5000000000000009 21.500000000000004 23.500000000000004 3.5000000000000004 134.50000000000003 95.500000000000014 100.50000000000001 59.500000000000007 166.50000000000003 11.500000000000002 5.5000000000000009
decision_type=2 2 2 2 2 2 2 2 2 2 2 2 2 2
left_child=1 -1 3 -3 -5 -6 -4 -8 -9 -2 -11 12 13 -12
right_child=9 2 6 4 5 -7 7 8 -10 10 11 -13 -14 -15
leaf_value=-0.19072315325464073 0.33563012242033979 -0.13319767872040741 0.025880999664870431 -0.39299728641343434 2.2153482373683686 0.45020564036830413 -0.10315850248806996 -0.18945694589241938 -0.94275486776094408 -0.93928432921047822 -0.029649083604816853 0.23766439109658749 0.011105770826866992 0.24695941418107106
leaf_weight=4064 896 931 5263 224 150 207 6255 922 232 88 1439 2336 7740 2645
leaf_count=4064 896 931 5263 224 150 207 6255 922 232 88 1439 2336 7740 2645
internal_value=0.000259755 -0.0800082 -0.0482301 0.147761 0.595267 1.21222 -0.0716645 -0.140927 -0.344314 0.0969744 0.0818538 0.0885292 0.0589774 0.149579
internal_weight=33392 18248 14184 1512 581 357 12672 7409 1154 15144 14248 14160 11824 4084
internal_count=33392 18248 14184 1512 581 357 12672 7409 1154 15144 14248 14160 11824 4084
is_linear=0
shrinkage=0.05


Tree=66
num_leaves=15
num_cat=0
split_feature=5 7 11 13 6 7 9 11 6 5 8 1 1 14
split_gain=94269.1 39908 29785.9 26196.8 18501.4 16424.7 17711.8 16395.2 16195.3 24648.1 15466.2 21561.8 35752.5 15016.1
threshold=61.500000000000007 60.500000000000007 169.50000000000003 176.50000000000003 185.50000000000003 85.500000000000014 103.50000000000001 23.500000000000004 76.500000000000014 84.500000000000014 108.50000000000001 11.500000000000002 12.500000000000002 22.500000000000004
decision_type=2 2 2 2 2 2 2 2 2 2 2 2 2 2
left_child=5 -2 3 4 7 6 -1 -3 -9 13 -11 -12 -13 -10
right_child=1 2 -4 -5 -6 -7 -8 8 9 10 11 12 -14 -15
leaf_value=-0.11914182670197671 0.78260394906004271 -0.56302955216097261 0.1955861274255585 0.28809899305354575 0.42466280507026144 -0.73090653281419649 0.60597630444694972 0.24806487280179251 -0.82664943489966536 -0.039797874004213113 0.17541942535168542 -0.41551928607710265 0.041354401267620355 -0.18271200232095738
leaf_weight=10800 184 119 3136 926 268 104 80 704 101 6879 2785 455 6191 660
leaf_count=10800 184 119 3136 926 268 104 80 704 101 6879 2785 455 6191 660
internal_value=0.00025127 0.0590675 0.0529024 0.0294156 0.0161508 -0.11971 -0.113534 0.00991556 0.0139086 0.00418226 0.0171955 0.0587657 0.00978695 -0.273013
internal_weight=33392 22408 22224 19088 18162 10984 10880 17894 17775 17071 16310 9431 6646 761
internal_count=33392 22408 22224 19088 18162 10984 10880 17894 17775 17071 16310 9431 6646 761
is_linear=0
shrinkage=0.05


Tree=67
num_leaves=15
num_cat=0
split_feature=5 14 5 6 6 9 8 14 1 1 1 2 5 12
split_gain=85593.5 22695.2 21321.7 32310.6 19487 34279.4 21306.7 18408.2 17552.4 24348.4 24031.6 20955.5 17229 17039.9
threshold=111.50000000000001 190.50000000000003 48.000000000000007 76.500000000000014 100.50000000000001 59.500000000000007 166.50000000000003 81.500000000000014 11.500000000000002 5.5000000000000009 12.500000000000002 1.5000000000000002 84.500000000000014 159.50000000000003
decision_type=2 2 2 2 2 2 2 2 2 2 2 2 2 2
left_child=1 2 -1 7 -2 -6 8 -4 9 -7 11 -10 -5 -12
right_child=4 -3 3 12 5 6 -8 -9 10 -11 13 -13 -14 -15
leaf_value=-0.1219449199557857 0.31366785343542086 0.72855350205420777 0.80973012552857393 -0.27305902943064364 -0.88317896018746078 -0.028931140767512908 0.2178966241957129 0.1637645771726966 0.0081923765757671105 0.22645934002412449 -0.010034393323556566 -0.54736045279059697 -0.024173011375630656 0.16730275941188455
leaf_weight=10666 896 83 120 789 88 1439 2336 983 332 2645 5245 342 5607 1821
leaf_count=10666 896 83 120 789 88 1439 2336 983 332 2645 5245 342 5607 1821
internal_value=0.00023784 -0.0726792 -0.0765397 -0.0119206 0.0880954 0.073805 0.080062 0.237379 0.0527502 0.136547 0.00847528 -0.27566 -0.0550645 0.0357537
internal_weight=33392 18248 18165 7499 15144 14248 14160 1103 11824 4084 7740 674 6396 7066
internal_count=33392 18248 18165 7499 15144 14248 14160 1103 11824 4084 7740 674 6396 7066
is_linear=0
shrinkage=0.05


Tree=68
num_leaves=15
num_cat=0
split_feature=5 11 4 11 1 3 11 13 9 13 13 10 5 1
split_gain=77221.4 21717.2 29477.1 77960.9 183697 26568.2 19313.4 18416.1 40252.1 17625.8 35172.3 27756 16980.2 16836.1
threshold=111.50000000000001 21.500000000000004 1.5000000000000002 23.500000000000004 7.5000000000000009 3.5000000000000004 116.50000000000001 134.50000000000003 95.500000000000014 60.500000000000007 104.50000000000001 63.500000000000007 131.50000000000003 1.5000000000000002
decision_type=2 2 2 2 2 2 2 2 2 2 2 2 2 2
left_child=1 13 3 4 -3 -4 -5 -7 -9 -2 12 -12 -11 -1
right_child=9 2 5 6 -6 7 -8 8 -10 10 11 -13 -14 -15
leaf_value=0.1609558582613696 0.17784409566747955 -0.15487508644024994 0.022039817115787966 -0.14139504941920894 2.1110435265879479 -0.090923513559519442 0.34665809179802509 -0.15959422226440281 -0.88911513118112639 -0.016868082049587171 -0.72946514277492913 0.095856141882594517 -0.35093609908619527 -0.20191530322642529
leaf_weight=346 3738 210 5196 903 150 6285 256 952 232 830 98 9780 698 3718
leaf_count=346 3738 210 5196 903 150 6285 256 952 232 830 98 9780 698 3718
internal_value=0.000231538 -0.0690277 -0.0398003 0.167982 0.805243 -0.0647776 -0.0325678 -0.125149 -0.305679 0.0836818 0.0527583 0.0873032 -0.170119 -0.170861
internal_weight=33392 18248 14184 1519 360 12665 1159 7469 1184 15144 11406 9878 1528 4064
internal_count=33392 18248 14184 1519 360 12665 1159 7469 1184 15144 11406 9878 1528 4064
is_linear=0
shrinkage=0.05


Tree=69
num_leaves=15
num_cat=0
split_feature=5 7 5 13 8 12 7 11 14 6 5 10 14 5
split_gain=70530.1 34550.8 24580.2 15679.3 17203.1 15731.2 21364.1 20236.9 18209.4 15341.3 16032.6 15607.5 39999.9 22071.5
threshold=61.500000000000007 60.500000000000007 173.50000000000003 172.50000000000003 139.50000000000003 159.50000000000003 133.50000000000003 162.50000000000003 142.50000000000003 78.000000000000014 84.500000000000014 108.50000000000001 55.000000000000007 77.500000000000014
decision_type=2 2 2 2 2 2 2 2 2 2 2 2 2 2
left_child=-1 -2 3 5 -5 9 7 -7 -9 -3 11 -11 -13 -14
right_child=1 2 -4 4 -6 6 -8 8 -10 10 -12 12 13 -15
leaf_value=-0.10354160048389548 0.72431303274241232 0.22038562069730513 0.19171748414873163 0.33114221643991099 -0.035547191262248749 0.072856818834665202 0.01082104744786969 1.138880127394686 0.37494114537194778 0.0087053243039535884 -0.00309429993528382 -1.4122293953334584 -0.6735886174551351 0.14049062202434714
leaf_weight=10984 184 720 2536 830 517 491 1528 93 439 352 14302 80 136 200
leaf_count=10984 184 720 2536 830 517 491 1528 93 439 352 14302 80 136 200
internal_value=0.000221302 0.0510958 0.0453603 0.0264642 0.19079 0.0143471 0.129425 0.305663 0.517848 -0.00427969 -0.0150831 -0.236879 -0.442316 -0.194063
internal_weight=33392 22408 22224 19688 1347 18341 2551 1023 532 15790 15070 768 416 336
internal_count=33392 22408 22224 19688 1347 18341 2551 1023 532 15790 15070 768 416 336
is_linear=0
shrinkage=0.05


Tree=70
num_leaves=15
num_cat=0
split_feature=5 11 10 6 12 14 1 14 12 12 5 4 14 1
split_gain=64171.2 18238.2 17815.7 15456.3 19650.1 14402.8 28757.7 20127.7 16116.2 14246.3 16980.6 23398.1 12173.8 12088.5
threshold=104.50000000000001 117.50000000000001 189.50000000000003 186.50000000000003 23.500000000000004 28.500000000000004 2.5000000000000004 94.500000000000014 85.500000000000014 149.50000000000003 162.50000000000003 2.5000000000000004 189.50000000000003 11.500000000000002
decision_type=2 2 2 2 2 2 2 2 2 2 2 2 2 2
left_child=1 12 3 4 -2 6 -6 -7 -8 10 -10 -12 -1 -9
right_child=2 -3 -4 -5 5 7 8 13 9 -11 11 -13 -14 -15
leaf_value=-0.090642747400910828 -0.6214930538190615 0.15745097719711362 0.35863310513002966 0.32128671967960881 -0.64424363367337112 -0.13231507773999596 0.88518821876099774 0.11876084392511599 0.19723195632922269 0.42096693809312846 -0.95182392456952281 0.16008108712117608 0.48668780773878101 0.021034361180843907
leaf_weight=14585 104 800 496 528 91 1566 89 4977 712 492 80 104 87 8681
leaf_count=14585 104 800 496 528 91 1566 89 4977 712 492 80 104 87 8681
internal_value=0.000217621 -0.0743655 0.0646149 0.0561448 0.0477665 0.0520953 0.196147 0.037199 0.249924 0.206159 0.0865251 -0.335747 -0.0870547 0.0566765
internal_weight=33392 15472 17920 17424 16896 16792 1568 15224 1477 1388 896 184 14672 13658
internal_count=33392 15472 17920 17424 16896 16792 1568 15224 1477 1388 896 184 14672 13658
is_linear=0
shrinkage=0.05


Tree=71
num_leaves=15
num_cat=0
split_feature=5 14 11 4 1 11 8 3 6 9 7 7 14 12
split_gain=58410.6 18180 16951.5 24437.3 65391.5 164292 36606.5 20871.1 15666.5 28943.8 18216.3 24945.1 23965.2 21806
threshold=111.50000000000001 190.50000000000003 21.500000000000004 1.5000000000000002 7.5000000000000009 23.500000000000004 22.500000000000004 3.5000000000000004 100.50000000000001 59.500000000000007 162.50000000000003 144.50000000000003 63.500000000000007 165.50000000000003
decision_type=2 2 2 2 2 2 2 2 2 2 2 2 2 2
left_child=1 2 -1 4 -4 -6 -7 -5 -2 -10 11 13 -12 -11
right_child=8 -3 3 7 5 6 -8 -9 9 10 12 -13 -14 -15
leaf_value=-0.15359135663256271 0.275035381581134 0.65706443976272233 -0.10389929245110535 0.016878246891489489 2.0417318236577762 -0.24956973377900776 0.71027413192205135 -0.11388907844805503 -0.81934541450833442 0.058218219223934012 0.48850575686316261 -0.089519574240057506 0.10802262167332638 0.4380506279917411
leaf_weight=4050 896 83 938 5167 138 282 147 7443 88 5688 452 3160 4460 400
leaf_count=4050 896 83 938 5167 138 282 147 7443 88 5688 452 3160 4460 400
internal_value=0.000211881 -0.0600239 -0.0634804 -0.0375797 0.152534 0.573956 0.0837216 -0.0603212 0.0727898 0.0599794 0.0657314 0.0243724 0.143496 0.0835133
internal_weight=33392 18248 18165 14115 1505 567 429 12610 15144 14248 14160 9248 4912 6088
internal_count=33392 18248 18165 14115 1505 567 429 12610 15144 14248 14160 9248 4912 6088
is_linear=0
shrinkage=0.05


Tree=72
num_leaves=15
num_cat=0
split_feature=5 7 5 0 14 1 14 1 4 14 12 13 8 7
split_gain=52914.5 30595.4 19576.3 14778.1 36265.8 65150.9 16071.8 14978.1 24965.6 50363.4 15036.1 13007.2 15023.1 13036.3
threshold=61.500000000000007 60.500000000000007 173.50000000000003 4.5000000000000009 165.50000000000003 9.5000000000000018 163.50000000000003 1.5000000000000002 3.5000000000000004 62.500000000000007 115.50000000000001 172.50000000000003 139.50000000000003 109.50000000000001
decision_type=2 2 2 2 2 2 2 2 2 2 2 2 2 2
left_child=3 -2 11 6 7 -6 -1 8 9 -5 -9 -3 13 -13
right_child=1 2 -4 4 5 -7 -8 10 -10 -11 -12 12 -14 -15
leaf_value=-0.13164882149995494 0.67779641358783005 0.010996362693475356 0.16950765064481715 -0.056781459375120261 1.5198500979180432 -0.23298755216255654 -0.61012361874947185 -0.095008406419236066 -0.1498288804365005 1.4354520034985712 0.56124359633815424 0.082832396037288411 -0.039752795244656303 0.48133692250465576
leaf_weight=5315 184 18341 2536 131 97 108 177 4748 230 94 84 375 517 455
leaf_count=5315 184 18341 2536 131 97 108 177 4748 230 94 84 375 517 455
internal_value=0.00022572 0.0442914 0.0388951 -0.08965 -0.0316081 0.612843 -0.14761 -0.0571517 0.215604 0.584293 -0.0830317 0.0220322 0.171701 0.302864
internal_weight=33392 22408 22224 10984 5492 205 5492 5287 455 225 4832 19688 1347 830
internal_count=33392 22408 22224 10984 5492 205 5492 5287 455 225 4832 19688 1347 830
is_linear=0
shrinkage=0.05


Tree=73
num_leaves=15
num_cat=0
split_feature=5 11 4 11 1 3 13 9 9 13 13 10 6 1
split_gain=48789.7 15630.6 24042.5 64423.1 149629 18458.5 16413.5 38111.8 16017 15079.7 29124.9 23846.1 15778.3 14694.4
threshold=111.50000000000001 21.500000000000004 1.5000000000000002 23.500000000000004 7.5000000000000009 3.5000000000000004 134.50000000000003 95.500000000000014 144.50000000000003 60.500000000000007 104.50000000000001 63.500000000000007 144.50000000000003 1.5000000000000002
decision_type=2 2 2 2 2 2 2 2 2 2 2 2 2 2
left_child=1 13 3 4 -3 -4 -7 -8 -5 -2 12 -12 -11 -1
right_child=9 2 5 8 -6 6 7 -9 -10 10 11 -13 -14 -15
leaf_value=0.16865292722173567 0.15366437199719363 -0.12982302503660323 0.019787478522975112 -0.076419018362597235 1.9154137171276155 -0.070602533832345674 -0.13130776337664204 -0.84091444264955928 0.63636899431400451 -0.043069030861755543 -0.68758197438369684 0.077348609912349847 -0.3765918170370175 -0.17022518541903031
leaf_weight=346 3738 210 5196 1079 150 6285 952 232 80 974 98 9780 554 3718
leaf_count=346 3738 210 5196 1079 150 6285 952 232 80 974 98 9780 554 3718
internal_value=0.000241554 -0.0548104 -0.0300164 0.157631 0.736924 -0.0525757 -0.102896 -0.273304 -0.0246966 0.0665735 0.037977 0.0694157 -0.164827 -0.141202
internal_weight=33392 18248 14184 1519 360 12665 7469 1184 1159 15144 11406 9878 1528 4064
internal_count=33392 18248 14184 1519 360 12665 7469 1184 1159 15144 11406 9878 1528 4064
is_linear=0
shrinkage=0.05


Tree=74
num_leaves=15
num_cat=0
split_feature=5 14 1 1 2 1 11 3 7 14 14 4 1 9
split_gain=44007.8 14907 14744.2 31818.3 27264.5 23262.6 22396.1 21378 16479.7 14574.7 13162 14929.6 19772.7 53590.9
threshold=111.50000000000001 190.50000000000003 11.500000000000002 12.500000000000002 1.5000000000000002 5.5000000000000009 169.50000000000003 5.5000000000000009 181.50000000000003 183.50000000000003 22.500000000000004 1.5000000000000002 13.500000000000002 21.500000000000004
decision_type=2 2 2 2 2 2 2 2 2 2 2 2 2 2
left_child=1 9 5 4 -4 -2 8 -7 -5 10 -1 12 -12 -14
right_child=2 -3 3 6 -6 7 -8 -9 -10 -11 11 -13 13 -15
leaf_value=-0.10730034134688704 -0.036325802853553329 0.59727380221540283 0.022144697919503742 0.00061973475090428692 -0.51620037017063281 0.17012602211313854 0.20432564751131566 0.68199928419647415 0.40021852994365475 -0.70849689961356277 0.027973953926977043 -0.038451754956030704 -0.12887204507161387 1.2014909577432213
leaf_weight=6757 1440 83 467 6924 468 3364 2005 213 263 80 853 10178 159 138
leaf_count=6757 1440 83 467 6924 468 3364 2005 213 263 80 853 10178 159 138
internal_value=0.000232805 -0.0520518 0.0632303 0.0284778 -0.248628 0.133281 0.0567845 0.201516 0.0155107 -0.0551823 -0.0520973 -0.0191365 0.151238 0.498934
internal_weight=33392 18248 15144 10127 935 5017 9192 3577 7187 18165 18085 11328 1150 297
internal_count=33392 18248 15144 10127 935 5017 9192 3577 7187 18165 18085 11328 1150 297
is_linear=0
shrinkage=0.05


Tree=75
num_leaves=15
num_cat=0
split_feature=5 7 10 6 0 14 1 14 1 14 12 13 6 5
split_gain=40264.8 27244.9 16791.3 16279.7 14741.4 32293.7 58361.4 16519.2 15281.6 26506.8 13069.9 12386.7 11876.7 18145.6
threshold=48.000000000000007 50.000000000000007 173.50000000000003 189.50000000000003 4.5000000000000009 165.50000000000003 9.5000000000000018 90.500000000000014 1.5000000000000002 61.500000000000007 25.500000000000004 176.50000000000003 76.500000000000014 84.500000000000014
decision_type=2 2 2 2 2 2 2 2 2 2 2 2 2 2
left_child=4 -2 3 11 7 8 -7 -1 9 -6 -9 12 -3 -14
right_child=1 2 -4 -5 5 6 -8 10 -10 -11 -12 -13 13 -15
leaf_value=-0.10127709485717412 0.63580302548195633 0.17056501798127865 0.15779487025016425 0.37811496039207509 -0.023304863177461776 1.4452711105346681 -0.21394037841695601 -0.26435463749075383 -0.072360173211376999 0.80361222771661633 -0.85385589030411868 0.18557574359479834 -0.24035827293355441 0.0047657517557215187
leaf_weight=4558 184 1000 2400 304 314 97 108 692 4702 135 106 976 785 17031
leaf_count=4558 184 1000 2400 304 314 97 108 692 4702 135 106 976 785 17031
internal_value=0.000234418 0.0379667 0.0329367 0.0179897 -0.0796348 -0.0209449 0.586869 -0.13825 -0.0456803 0.231435 -0.347488 0.0123642 0.00333267 -0.00609919
internal_weight=33392 22680 22496 20096 10712 5356 205 5356 5151 449 798 19792 18816 17816
internal_count=33392 22680 22496 20096 10712 5356 205 5356 5151 449 798 19792 18816 17816
is_linear=0
shrinkage=0.05


Tree=76
num_leaves=15
num_cat=0
split_feature=5 6 9 8 14 11 4 11 1 3 13 6 4 14
split_gain=36531.2 13356.8 25752.7 14279 14185.6 13276.1 20508.1 57766.5 131984 15504.4 14610.7 35479.4 13977.3 15484.8
threshold=111.50000000000001 99.500000000000014 59.500000000000007 166.50000000000003 146.50000000000003 21.500000000000004 1.5000000000000002 23.500000000000004 7.5000000000000009 3.5000000000000004 134.50000000000003 94.500000000000014 2.5000000000000004 64.500000000000014
decision_type=2 2 2 2 2 2 2 2 2 2 2 2 2 2
left_child=5 4 -3 -4 -2 -1 7 8 -7 12 -11 -12 13 -8
right_child=1 2 3 -5 -6 6 9 -9 -10 10 11 -13 -14 -15
leaf_value=-0.12701717644074326 0.61041280269268017 -0.78280973134822751 0.029839755672816923 0.16491457844492796 0.12901588220608562 -0.11684712883994677 0.54792688591834393 -0.023894805981796812 1.8041155947023821 -0.061042062904445506 -0.14303713676613547 -0.94036608936242116 -0.015178055911610084 0.072040680317882314
leaf_weight=4064 205 88 11936 2336 579 210 234 1159 150 6285 1027 157 4355 607
leaf_count=4064 205 88 11936 2336 579 210 234 1159 150 6285 1027 157 4355 607
internal_value=0.000237759 0.057635 0.0466119 0.0519984 0.257962 -0.0473989 -0.0245499 0.148755 0.697304 -0.045386 -0.091505 -0.252274 0.020932 0.206907
internal_weight=33392 15144 14360 14272 784 18248 14184 1519 360 12665 7469 1184 5196 841
internal_count=33392 15144 14360 14272 784 18248 14184 1519 360 12665 7469 1184 5196 841
is_linear=0
shrinkage=0.05


Tree=77
num_leaves=15
num_cat=0
split_feature=5 7 10 7 6 11 9 6 5 8 10 14 12 14
split_gain=33422.5 23999.1 14694.1 13211.2 12456.3 12479.4 12287.6 10931.8 15767.9 13446.3 13104.7 36319.8 20836.6 13588.7
threshold=61.500000000000007 60.500000000000007 189.50000000000003 85.500000000000014 176.50000000000003 23.500000000000004 103.50000000000001 76.500000000000014 84.500000000000014 92.500000000000014 108.50000000000001 55.000000000000007 88.500000000000014 52.000000000000007
decision_type=2 2 2 2 2 2 2 2 2 2 2 2 2 2
left_child=3 -2 4 6 5 -3 -1 -7 10 -10 13 -12 -13 -9
right_child=1 2 -4 -5 -6 7 -8 8 9 -11 11 12 -14 -15
leaf_value=-0.070357431213921809 0.59632268469169658 -0.5020820621401072 0.29820313681876232 -0.61909930690986303 0.14887600150973287 0.20861894096535527 0.53337897693409642 0.5487944443888696 -0.09663185082500457 0.034002656161635558 -1.3248230085653419 -0.8429872890517992 0.059513319641266063 -0.16265246475894934
leaf_weight=10800 184 112 496 104 1832 704 80 84 2240 16072 80 80 256 268
leaf_count=10800 184 112 496 104 1832 704 80 84 2240 16072 80 80 256 268
internal_value=0.000234465 0.0352557 0.0304774 -0.0711945 0.0242986 0.0127932 -0.0656752 0.0158341 0.00866806 0.0180009 -0.212539 -0.400786 -0.164578 0.012433
internal_weight=33392 22408 22224 10984 21728 19896 10880 19784 19080 18312 768 416 336 352
internal_count=33392 22408 22224 10984 21728 19896 10880 19784 19080 18312 768 416 336 352
is_linear=0
shrinkage=0.05


Tree=78
num_leaves=15
num_cat=0
split_feature=5 7 10 0 14 1 14 1 4 14 6 11 4 14
split_gain=30159.1 21724.3 13278.9 11990.9 29763.3 82042.4 13657.1 12681.9 21834.4 43045.6 11495.4 12646.3 9460.19 11938.1
threshold=61.500000000000007 60.500000000000007 189.50000000000003 4.5000000000000009 144.50000000000003 9.5000000000000018 168.50000000000003 1.5000000000000002 3.5000000000000004 62.500000000000007 186.50000000000003 23.500000000000004 5.5000000000000009 62.500000000000007
decision_type=2 2 2 2 2 2 2 2 2 2 2 2 2 2
left_child=3 -2 10 6 7 -6 -1 8 9 -5 11 -3 -13 -14
right_child=1 2 -4 4 5 -7 -8 -9 -10 -11 -12 12 13 -15
leaf_value=-0.10737269895995918 0.56729533403191634 -0.48415795390605931 0.28344178625518185 -0.045313046950682563 1.3543953574366041 -0.14034030222683214 -0.62271008156522212 -0.072420209310932834 -0.13893314475074728 1.3345067072396328 0.25240564864188569 0.0043868577588751468 -0.49560660655445909 0.10397547070786176
leaf_weight=5365 184 120 496 131 139 251 127 4647 230 94 528 17218 80 3782
leaf_count=5365 184 120 496 131 139 251 127 4647 230 94 528 17218 80 3782
internal_value=0.000213827 0.0334814 0.0289352 -0.0676383 -0.01537 0.4028 -0.119845 -0.0476982 0.202835 0.547624 0.0230615 0.0172914 0.0202601 0.0909306
internal_weight=33392 22408 22224 10984 5492 390 5492 5102 455 225 21728 21200 21080 3862
internal_count=33392 22408 22224 10984 5492 390 5492 5102 455 225 21728 21200 21080 3862
is_linear=0
shrinkage=0.05


Tree=79
num_leaves=15
num_cat=0
split_feature=5 1 1 2 1 3 11 7 7 7 5 11 14 7
split_gain=27664.5 13082.7 29485 24518.1 19246.9 18893.9 17675.3 22865.2 22246.8 17994.1 17589.5 15497.5 15425.9 12582.8
threshold=111.50000000000001 11.500000000000002 12.500000000000002 1.5000000000000002 5.5000000000000009 5.5000000000000009 162.50000000000003 124.50000000000001 155.50000000000003 171.50000000000003 179.50000000000003 164.50000000000003 147.50000000000003 124.50000000000001
decision_type=2 2 2 2 2 2 2 2 2 2 2 2 2 2
left_child=-1 4 3 -3 -2 13 9 11 -9 10 12 -8 -4 -6
right_child=1 2 6 -5 5 -7 7 8 -10 -11 -12 -13 -14 -15
leaf_value=-0.041237826354737162 -0.038111486412378541 0.0076035754579529798 0.027381342469352456 -0.50304218256101796 0.27963161274917658 0.62983963797125253 0.90841862786253658 -0.2451624262087386 0.12849473485342952 0.26587472844295246 -0.55710969528631327 0.26939961615482527 -0.17788275666876385 0.077154684546030639
leaf_weight=18248 1440 467 3854 468 1184 213 104 490 2038 534 153 824 1195 2180
leaf_count=18248 1440 467 3854 468 1184 213 104 490 2038 534 153 824 1195 2180
internal_value=0.000216561 0.0501648 0.0174346 -0.249309 0.116149 0.178216 0.0446882 0.133924 0.0557281 -0.00914676 -0.0376067 0.345498 -0.0213286 0.148728
internal_weight=33392 15144 10127 935 5017 3577 9192 3456 2528 5736 5202 928 5049 3364
internal_count=33392 15144 10127 935 5017 3577 9192 3456 2528 5736 5202 928 5049 3364
is_linear=0
shrinkage=0.05


Tree=80
num_leaves=15
num_cat=0
split_feature=8 5 7 7 5 11 5 10 14 1 11 13 14 11
split_gain=25606.1 21670.6 23974.7 21710.6 21633.2 20509.4 43172.5 18051.2 16047.8 14703 13555.1 16047.5 13345.4 11042.6
threshold=108.50000000000001 80.500000000000014 124.50000000000001 162.50000000000003 125.50000000000001 89.500000000000014 96.500000000000014 108.50000000000001 63.500000000000007 17.500000000000004 162.50000000000003 141.50000000000003 191.50000000000003 21.500000000000004
decision_type=2 2 2 2 2 2 2 2 2 2 2 2 2 2
left_child=12 7 4 -4 5 6 -3 -2 -5 -6 11 -11 13 -1
right_child=1 2 3 8 9 -7 -8 -9 -10 10 -12 -13 -14 -15
leaf_value=-0.11277944964267694 0.1521516302227974 -0.56668545959314498 -0.053755223239966482 0.3696179629051648 0.63855089742471194 0.029239604501856194 0.58202605156081455 -0.77991413626265027 0.064430448645668853 0.22464708365242841 0.52333445015170843 -0.51330526547164335 0.58487894383887218 -0.020061470129010786
leaf_weight=4054 80 96 5000 472 335 2200 440 136 4488 292 232 93 81 15393
leaf_count=4054 80 96 5000 472 335 2200 440 136 4488 292 232 93 81 15393
internal_value=0.000213453 0.0521672 0.0600998 0.019744 0.168912 0.0971323 0.372951 -0.439072 0.0938155 0.373619 0.225798 0.042093 -0.0366753 -0.0394139
internal_weight=33392 13864 13648 9960 3688 2736 536 216 4960 952 617 385 19528 19447
internal_count=33392 13864 13648 9960 3688 2736 536 216 4960 952 617 385 19528 19447
is_linear=0
shrinkage=0.05


Tree=81
num_leaves=15
num_cat=0
split_feature=5 7 0 14 1 0 14 1 14 10 5 12 7 14
split_gain=23509.8 19540.9 12071.2 26559.3 74596.6 22763.5 14527.1 13608.6 21147.5 12126.7 11098.5 10685.4 10561.5 15647.4
threshold=48.000000000000007 50.000000000000007 4.5000000000000009 144.50000000000003 8.5000000000000018 7.5000000000000009 90.500000000000014 1.5000000000000002 61.500000000000007 25.500000000000004 173.50000000000003 184.50000000000003 162.50000000000003 73.500000000000014
decision_type=2 2 2 2 2 2 2 2 2 2 2 2 2 2
left_child=2 -2 6 7 -5 -6 -1 8 -4 -8 11 -3 -12 -14
right_child=1 10 3 4 5 -7 9 -9 -10 -11 12 -13 13 -15
leaf_value=-0.079210386462987753 0.53534392216218218 0.0091642890927973886 -0.0058120222569539633 1.6703010068698363 -0.28402159938145249 0.61201182422793921 -0.2269875222103365 -0.065234288332031529 0.73301927413259238 -0.77786992049517756 -0.12956813656951952 0.44598166719079019 0.57598891244336758 0.12037097207254142
leaf_weight=4558 184 19824 314 83 205 102 684 4517 135 114 352 136 204 1980
leaf_count=4558 184 19824 314 83 205 102 684 4517 135 114 352 136 204 1980
internal_value=0.000211182 0.0290432 -0.0608185 -0.00772124 0.386904 0.0187203 -0.113859 -0.0390708 0.221957 -0.310039 0.024784 0.0122515 0.123204 0.164147
internal_weight=33392 22680 10712 5356 390 307 5356 4966 449 798 22496 19960 2536 2184
internal_count=33392 22680 10712 5356 390 307 5356 4966 449 798 22496 19960 2536 2184
is_linear=0
shrinkage=0.05


Tree=82
num_leaves=15
num_cat=0
split_feature=14 13 14 12 4 13 5 13 4 3 4 1 10 0
split_gain=21764.9 19559.2 25003 21987.3 19258.4 12351.3 12014.1 11375.3 19458 15700.5 10770.1 10725.3 21271.7 34459.6
threshold=109.50000000000001 28.500000000000004 193.50000000000003 22.500000000000004 3.5000000000000004 163.50000000000003 21.500000000000004 167.50000000000003 1.5000000000000002 3.5000000000000004 5.5000000000000009 14.500000000000002 23.500000000000004 4.5000000000000009
decision_type=2 2 2 2 2 2 2 2 2 2 2 2 2 2
left_child=6 2 11 4 5 -3 -1 -8 -9 -10 -5 12 13 -2
right_child=1 3 -4 10 -6 -7 7 8 9 -11 -12 -13 -14 -15
leaf_value=-0.11958811906223395 -0.06953781076183875 -0.32841237148203489 0.95440304554918765 0.00063668549837439363 0.14051426348038193 -1.00957545283372 -0.025003833537552311 0.69544318356887014 0.45572980374097827 -0.15096043078827928 0.12481504465455709 0.030019823942765051 0.12384598235160765 0.92088726477454541
leaf_weight=3425 141 275 88 7821 167 87 14965 142 150 337 2243 1676 1650 225
leaf_count=3425 141 275 88 7821 167 87 14965 142 150 337 2243 1676 1650 225
internal_value=0.00022408 0.0466503 0.144211 0.0117851 -0.300876 -0.503641 -0.0348641 -0.0162233 0.19123 0.0386375 0.028361 0.123635 0.201196 0.543535
internal_weight=33392 14373 3780 10593 529 362 19019 15594 629 487 10064 3692 2016 366
internal_count=33392 14373 3780 10593 529 362 19019 15594 629 487 10064 3692 2016 366
is_linear=0
shrinkage=0.05


Tree=83
num_leaves=15
num_cat=0
split_feature=8 9 5 7 7 14 5 11 5 10 8 12 12 14
split_gain=20178.1 21852.8 19752.4 22739.2 20592.4 18667.4 18213.8 24114.5 43852 16359.4 13912.6 28692.7 12117.8 10331.1
threshold=108.50000000000001 82.500000000000014 80.500000000000014 124.50000000000001 162.50000000000003 63.500000000000007 125.50000000000001 89.500000000000014 96.500000000000014 108.50000000000001 120.50000000000001 165.50000000000003 162.50000000000003 191.50000000000003
decision_type=2 2 2 2 2 2 2 2 2 2 2 2 2 2
left_child=13 -2 9 6 -5 -6 7 8 -4 -3 12 -12 -8 -1
right_child=1 2 3 4 5 -7 10 -9 -10 -11 11 -13 -14 -15
leaf_value=-0.03492979562911231 -0.68652736833780126 0.14553165991078407 -0.54084847439633743 -0.051938353914048552 0.39677234481066403 0.061102849129078478 0.78936008938216418 0.026529491851576173 0.62142008037278151 -0.74175272902592704 -0.11077380209836785 0.60990374174817841 0.20559080136102317 0.51435301355844321
leaf_weight=19447 96 80 96 4968 452 4460 248 2200 424 136 328 232 144 81
leaf_count=19447 96 80 96 4968 452 4460 248 2200 424 136 328 232 144 81
internal_value=0.000225925 0.0463455 0.0517029 0.0593289 0.0198138 0.0923631 0.165478 0.0992518 0.40374 -0.417271 0.353188 0.190548 0.580204 -0.0325204
internal_weight=33392 13864 13768 13552 9880 4912 3672 2720 520 216 952 560 392 19528
internal_count=33392 13864 13768 13552 9880 4912 3672 2720 520 216 952 560 392 19528
is_linear=0
shrinkage=0.05


Tree=84
num_leaves=15
num_cat=0
split_feature=9 14 13 13 7 6 10 11 6 13 13 9 14 5
split_gain=18761.6 18596 12333.1 11457.1 10322.4 24153.1 11606.6 9103.64 11605.6 8607.7 23295.3 19306 37163.5 17380.1
threshold=21.500000000000004 190.50000000000003 169.50000000000003 152.50000000000003 22.500000000000004 23.500000000000004 82.500000000000014 84.500000000000014 108.50000000000001 52.000000000000007 93.500000000000014 122.50000000000001 61.500000000000007 127.50000000000001
decision_type=2 2 2 2 2 2 2 2 2 2 2 2 2 2
left_child=-1 2 9 -3 -4 -6 -7 8 -8 11 13 -2 -13 -11
right_child=1 3 4 -5 5 6 7 -9 -10 10 -12 12 -14 -15
leaf_value=-0.10005273516818923 -0.0095810895034901863 0.74505358263850219 -0.28464517685911289 0.011153346463874147 0.96645614757257359 -0.39427009967240423 0.052352195866976162 0.10164553779690405 0.82764704549210322 -0.10863291542885763 0.0042530427480410036 0.73812047580066997 0.092817326430531116 -0.50031532298911496
leaf_weight=4088 5986 135 149 86 80 105 93 2128 97 2297 15062 240 2527 319
leaf_count=4088 5986 135 149 86 80 105 93 2128 97 2297 15062 240 2527 319
internal_value=0.00022364 0.0142272 0.0107145 0.466029 0.1134 0.137615 0.108316 0.131881 0.459233 0.000391819 -0.0196853 0.0409286 0.150019 -0.157259
internal_weight=33392 29304 29083 221 2652 2503 2423 2318 190 26431 17678 8753 2767 2616
internal_count=33392 29304 29083 221 2652 2503 2423 2318 190 26431 17678 8753 2767 2616
is_linear=0
shrinkage=0.05


Tree=85
num_leaves=15
num_cat=0
split_feature=14 13 14 9 6 1 10 0 5 5 9 13 13 14
split_gain=17027.2 17005.8 20253.4 19093.9 15169.1 10176.7 30797.2 29457.2 18965.7 11638.3 10129.8 10004.2 9733.03 12593.6
threshold=109.50000000000001 28.500000000000004 193.50000000000003 22.500000000000004 24.500000000000004 9.5000000000000018 24.500000000000004 4.5000000000000009 115.50000000000001 22.500000000000004 21.500000000000004 180.50000000000003 159.50000000000003 137.50000000000003
decision_type=2 2 2 2 2 2 2 2 2 2 2 2 2 2
left_child=10 2 5 4 -3 6 7 -2 -7 -9 -1 -12 13 -5
right_child=1 3 -4 12 -6 8 -8 9 -10 -11 11 -13 -14 -15
leaf_value=-0.10942917662039753 0.028132915033105138 -0.16310177822939573 0.86147191167799064 0.041298765553595677 -0.88823306331004215 -0.20926823769290742 0.062332762334307082 1.4268379954695702 0.12736249956640738 0.59796143908053645 -0.017549893041119258 0.41959090061118887 0.085034787508650636 -0.10630308416568571
leaf_weight=3366 115 444 88 3751 82 512 681 95 2194 95 15526 127 3972 2344
leaf_count=3366 115 444 88 3751 82 512 681 95 2194 95 15526 127 3972 2344
internal_value=0.000228492 0.0412921 0.132262 0.00878341 -0.283444 0.113739 0.250874 0.664051 0.0634004 1.03836 -0.0308067 -0.0138703 0.0241854 -0.0155062
internal_weight=33392 14373 3780 10593 526 3692 986 305 2706 190 19019 15653 10067 6095
internal_count=33392 14373 3780 10593 526 3692 986 305 2706 190 19019 15653 10067 6095
is_linear=0
shrinkage=0.05


Tree=86
num_leaves=15
num_cat=0
split_feature=5 7 7 11 6 9 1 1 11 5 14 7 7 1
split_gain=15822.3 21660 16673.7 16513.9 14344.5 25231.9 13257.4 15533.5 57490.9 58879.4 51548.2 25602.1 36539.1 77892.8
threshold=125.50000000000001 127.50000000000001 162.50000000000003 162.50000000000003 138.50000000000003 161.50000000000003 9.5000000000000018 6.5000000000000009 72.500000000000014 103.50000000000001 142.50000000000003 21.500000000000004 25.500000000000004 7.5000000000000009
decision_type=2 2 2 2 2 2 2 2 2 2 2 2 2 2
left_child=6 3 -3 4 -2 -6 7 -1 11 10 -10 -9 13 -13
right_child=1 2 -4 -5 5 -7 -8 8 9 -11 -12 12 -14 -15
leaf_value=-0.022684234695497452 -0.035979610916152309 -0.061402662038472569 0.075798641217646692 0.41206085479949134 0.38159256037035888 -0.44316600267988965 -0.068993146738366803 0.015181695690453688 -0.24683239980145882 0.1852577128080416 -1.4158346891233868 0.064514453003659919 0.20613596287834191 1.3817367109455403
leaf_weight=9610 848 4008 4936 600 640 104 9456 466 687 865 105 202 616 249
leaf_count=9610 848 4008 4936 600 640 104 9456 466 687 865 105 202 616 249
internal_value=0.000233208 0.0488772 0.0143158 0.189544 0.104653 0.264115 -0.0241118 0.00905834 0.10457 -0.099504 -0.409724 0.324757 0.459259 0.798938
internal_weight=33392 11136 8944 2192 1592 744 22256 12800 3190 1657 792 1533 1067 451
internal_count=33392 11136 8944 2192 1592 744 22256 12800 3190 1657 792 1533 1067 451
is_linear=0
shrinkage=0.05


Tree=87
num_leaves=15
num_cat=0
split_feature=11 14 1 4 13 8 13 11 10 11 6 4 7 1
split_gain=15406.4 15927.5 11413.3 11138 11095 10505 9882.97 9376.42 9257.39 8703.41 8303.72 10266.7 39077.8 60400.3
threshold=21.500000000000004 190.50000000000003 1.5000000000000002 4.5000000000000009 169.50000000000003 25.500000000000004 152.50000000000003 23.500000000000004 82.500000000000014 87.500000000000014 21.500000000000004 1.5000000000000002 23.500000000000004 7.5000000000000009
decision_type=2 2 2 2 2 2 2 2 2 2 2 2 2 2
left_child=2 4 3 -1 10 -4 -3 -6 -9 -10 -2 12 13 -12
right_child=1 6 5 -5 7 -7 -8 8 9 -11 11 -13 -14 -15
leaf_value=0.37561348499496428 -0.12679575238137417 0.69259577278289008 -0.1307029411957473 -0.22152456181864136 0.52877810394746205 0.37726695548920408 0.010060014240034335 -0.25768151097306674 0.40509909309262304 0.080698752516945166 -0.071304990797282461 -0.0054190696800963866 0.027199957929444823 1.249927511468701
leaf_weight=234 1228 134 3618 112 121 100 86 177 225 2102 171 22347 2568 169
leaf_count=234 1228 134 3618 112 121 100 86 177 225 2102 171 22347 2568 169
internal_value=0.000224746 0.0128721 -0.0909488 0.181918 0.00963109 -0.116552 0.431939 0.107579 0.0862124 0.112867 -9.6006e-05 0.00608853 0.094378 0.594022
internal_weight=33392 29328 4064 346 29108 3718 220 2625 2504 2327 26483 25255 2908 340
internal_count=33392 29328 4064 346 29108 3718 220 2625 2504 2327 26483 25255 2908 340
is_linear=0
shrinkage=0.05


Tree=88
num_leaves=15
num_cat=0
split_feature=5 6 14 5 9 8 7 7 14 0 14 3 1 1
split_gain=14159.4 18204.8 19539.9 14280.3 14714.6 13323 23319.2 15970.7 16422.5 15150.5 16017 30366.9 17288.4 17113.2
threshold=48.000000000000007 76.500000000000014 81.500000000000014 84.500000000000014 48.000000000000007 108.50000000000001 124.50000000000001 162.50000000000003 63.500000000000007 4.5000000000000009 71.500000000000014 4.5000000000000009 7.5000000000000009 1.5000000000000002
decision_type=2 2 2 2 2 2 2 2 2 2 2 2 2 2
left_child=-1 2 -2 -3 -5 9 -7 -8 -9 -6 11 13 -13 -11
right_child=1 3 -4 4 5 6 7 8 -10 10 -12 12 -14 -15
leaf_value=-0.047127599019983576 0.7666322662211057 -0.19558231150310773 0.13811940817692669 -0.53906245228444405 0.040965884343198616 0.16355146663802222 -0.049969281164296886 0.36276534367780688 0.047955063563217305 -0.38818929738678076 -0.046238433732508771 -0.35790253055726629 -1.2983601520806554 0.13200773934210919
leaf_weight=10712 136 792 1040 112 3620 3504 4944 452 4460 303 2795 106 95 321
leaf_count=10712 136 792 1040 112 3620 3504 4944 452 4460 303 2795 106 95 321
internal_value=0.000235471 0.022611 0.213743 0.0121112 0.0200985 0.0232686 0.0528625 0.0134474 0.0772632 -0.0313399 -0.103602 -0.296495 -0.823122 -0.121666
internal_weight=33392 22680 1176 21504 20712 20600 13360 9856 4912 7240 3620 825 201 624
internal_count=33392 22680 1176 21504 20712 20600 13360 9856 4912 7240 3620 825 201 624
is_linear=0
shrinkage=0.05


Tree=89
num_leaves=15
num_cat=0
split_feature=14 8 6 13 1 7 5 14 11 8 6 0 14 3
split_gain=13398.3 13832.3 14370.4 9695.27 10060.6 8393.51 12022.6 11671.3 11612.1 11023 17037.6 10970.8 14463.9 11371.6
threshold=190.50000000000003 25.500000000000004 27.500000000000004 176.50000000000003 8.5000000000000018 90.500000000000014 84.500000000000014 22.500000000000004 25.500000000000004 110.50000000000001 109.50000000000001 4.5000000000000009 78.500000000000014 3.5000000000000004
decision_type=2 2 2 2 2 2 2 2 2 2 2 2 2 2
left_child=1 2 -1 5 -5 -3 7 -7 -8 11 -11 -10 13 -13
right_child=-2 3 -4 4 -6 6 8 -9 9 10 -12 12 -14 -15
leaf_value=-0.062579844197389975 0.37323789987479294 0.079210277886077485 0.32155743150115018 0.49873179974180931 0.094669345986737305 -0.6438633299940002 -0.5679589316079563 -0.1110355592709029 0.019952204930047464 0.23476535298447854 0.017575291643469309 -0.14359067018104019 -0.044523546446204036 -0.51840282835750784
leaf_weight=9447 234 3680 245 173 1178 118 83 646 2950 981 10736 533 2061 327
leaf_count=9447 234 3680 245 173 1178 118 83 646 2950 981 10736 533 2061 327
internal_value=0.000214187 -0.00247416 -0.0527086 0.0182806 0.148059 0.0103208 -0.00344866 -0.196982 0.00497206 0.00783644 0.0358518 -0.0480579 -0.11666 -0.288279
internal_weight=33392 33158 9692 23466 1351 22115 18435 764 17671 17588 11717 5871 2921 860
internal_count=33392 33158 9692 23466 1351 22115 18435 764 17671 17588 11717 5871 2921 860
is_linear=0
shrinkage=0.05


Tree=90
num_leaves=15
num_cat=0
split_feature=11 14 3 14 14 13 1 4 4 11 7 1 5 13
split_gain=12338.4 13088.7 10427.5 16145.4 12233.1 47547.9 12712.8 9245.97 8932.59 18557 51664.8 67637.6 14065.2 13443.6
threshold=21.500000000000004 190.50000000000003 5.5000000000000009 166.50000000000003 126.50000000000001 106.50000000000001 1.5000000000000002 2.5000000000000004 1.5000000000000002 23.500000000000004 23.500000000000004 7.5000000000000009 91.500000000000014 64.500000000000014
decision_type=2 2 2 2 2 2 2 2 2 2 2 2 2 2
left_child=2 8 4 -4 6 -6 -1 -3 9 10 11 -2 -12 -11
right_child=1 7 3 -5 5 -7 -8 -9 -10 13 12 -13 -14 -15
leaf_value=0.26003891896253284 -0.033811551349254343 0.0057176117430028234 -0.14561216552810483 -0.80745209667272866 1.1829486401914859 -0.18617065554384044 -0.10074480199737941 0.6579860915871043 -0.0019511184426814422 0.19305130903714021 0.15558939754453482 1.6784628423433459 -0.68918553518001424 -0.026929691890872756
leaf_weight=270 106 92 1243 95 92 180 2184 128 25435 998 112 121 81 2255
leaf_count=270 106 92 1243 95 92 180 2184 128 25435 998 112 121 81 2255
internal_value=0.000200093 0.0115183 -0.0813921 -0.195435 -0.0251612 0.289908 -0.0606017 0.391408 0.00858036 0.0814129 0.392158 0.895402 -0.207404 0.0407518
internal_weight=33392 29328 4064 1338 2726 272 2454 220 29108 3673 420 227 193 3253
internal_count=33392 29328 4064 1338 2726 272 2454 220 29108 3673 420 227 193 3253
is_linear=0
shrinkage=0.05


Tree=91
num_leaves=15
num_cat=0
split_feature=5 7 11 8 8 5 10 10 6 11 7 1 5 14
split_gain=11986.3 18798 14621.6 13198.4 14831.3 20722.3 14625.3 13191.9 16914.4 12428.4 12313.6 10770.5 10827.3 12592.4
threshold=125.50000000000001 124.50000000000001 162.50000000000003 151.50000000000003 113.50000000000001 80.500000000000014 99.500000000000014 145.50000000000003 138.50000000000003 76.500000000000014 162.50000000000003 17.500000000000004 173.50000000000003 73.500000000000014
decision_type=2 2 2 2 2 2 2 2 2 2 2 2 2 2
left_child=3 2 7 4 -1 -6 9 8 -2 -7 -3 12 -12 -14
right_child=1 10 -4 -5 5 6 -8 -9 -10 -11 11 -13 13 -15
leaf_value=-0.032596236449573227 0.0081949784131967931 -0.051268633642247888 0.39220764863299989 -0.40546615620868542 -0.64257237267109657 0.084269733089208598 0.077536047192033608 -0.13559003787102428 0.41721698958911574 0.77189520923983335 -0.035200672913952562 0.27968183944200858 0.49399835876836556 0.081263932213665971
leaf_weight=19296 560 4176 576 216 88 120 2392 432 456 144 2301 519 200 1916
leaf_count=19296 560 4176 576 216 88 120 2392 432 456 144 2301 519 200 1916
internal_value=0.000206122 0.0425447 0.180181 -0.0209832 -0.017124 0.091539 0.117024 0.0947793 0.192916 0.466714 0.0118903 0.0653224 0.0398473 0.121347
internal_weight=33392 11136 2024 22256 22040 2744 2656 1448 1016 264 9112 4936 4417 2116
internal_count=33392 11136 2024 22256 22040 2744 2656 1448 1016 264 9112 4936 4417 2116
is_linear=0
shrinkage=0.05


Tree=92
num_leaves=15
num_cat=0
split_feature=14 5 6 14 7 8 9 5 3 10 4 3 3 1
split_gain=11367.9 11638.1 17231.6 20707.9 11330.6 9225.19 10504.8 9794.1 11933.6 12040.9 15189.6 11312.3 20025.3 40629.7
threshold=196.50000000000003 61.500000000000007 76.500000000000014 81.500000000000014 85.500000000000014 92.500000000000014 59.500000000000007 84.500000000000014 2.5000000000000004 108.50000000000001 4.5000000000000009 5.5000000000000009 4.5000000000000009 7.5000000000000009
decision_type=2 2 2 2 2 2 2 2 2 2 2 2 2 2
left_child=1 4 3 -3 -1 -4 -7 8 9 -8 -11 12 -9 -14
right_child=-2 2 5 -5 -6 6 7 11 -10 10 -12 -13 13 -15
leaf_value=-0.038371547495472912 0.57100475038690812 0.93985261944352938 -0.084075710539745996 0.15088945710521975 -0.55078985596742114 -0.452671134793039 -0.07019800750351457 0.037262083275933416 0.050354625561198935 -1.0548116354363981 -0.12377850558827906 0.20218405375021284 0.043002581826017953 -0.56171408598515582
leaf_weight=10854 82 88 2304 822 104 111 184 16195 352 96 80 919 773 428
leaf_count=10854 82 88 2304 822 104 111 184 16195 352 96 80 919 773 428
internal_value=0.000205574 -0.00128506 0.0194078 0.231904 -0.0434838 0.0103375 0.0217228 0.0246085 -0.156692 -0.357054 -0.646725 0.0316975 0.0226355 -0.173935
internal_weight=33392 33310 22352 910 10958 21442 19138 19027 712 360 176 18315 17396 1201
internal_count=33392 33310 22352 910 10958 21442 19138 19027 712 360 176 18315 17396 1201
is_linear=0
shrinkage=0.05


Tree=93
num_leaves=15
num_cat=0
split_feature=14 8 6 7 5 14 4 1 0 14 1 11 14 14
split_gain=10321.9 10650 11714.5 7777.14 11117.6 10424.9 7860.33 7769.09 7625.82 17744.6 37509.9 9408.43 8562.33 7554.22
threshold=196.50000000000003 25.500000000000004 27.500000000000004 71.500000000000014 65.500000000000014 26.500000000000004 5.5000000000000009 10.500000000000002 4.5000000000000009 129.50000000000003 9.5000000000000018 103.50000000000001 168.50000000000003 63.500000000000007
decision_type=2 2 2 2 2 2 2 2 2 2 2 2 2 2
left_child=1 2 8 -3 5 -5 -6 -4 11 -10 -11 12 -1 -8
right_child=-2 3 7 4 6 -7 13 -9 9 10 -12 -13 -14 -15
leaf_value=-0.079011174234864173 0.54409531945919343 0.11089813773832813 0.59448836294205287 -0.086934245584354281 -0.0023949709304614611 -0.74225342803351257 -0.36332392054452312 0.034810789109121824 -0.037990803956534473 1.0407654944013378 -0.020256696772248894 -0.62075760862406559 -0.53611735716107345 0.085949726002368707
leaf_weight=4557 82 2008 110 183 17318 87 91 136 4348 117 262 80 100 3913
leaf_count=4557 82 2008 110 183 17318 87 91 136 4348 117 262 80 100 3913
internal_value=0.000188245 -0.00123216 -0.0452949 0.0169028 0.00813784 -0.307749 0.0122091 0.29193 -0.05421 -0.00925806 0.316575 -0.0990101 -0.0893911 0.0752986
internal_weight=33392 33310 9710 23600 21592 270 21322 246 9464 4727 379 4737 4657 4004
internal_count=33392 33310 9710 23600 21592 270 21322 246 9464 4727 379 4737 4657 4004
is_linear=0
shrinkage=0.05


Tree=94
num_leaves=15
num_cat=0
split_feature=11 14 14 13 4 6 3 14 11 9 11 6 9 14
split_gain=9618.82 10429.8 9722.41 8700.62 8542.91 17424.2 59762.8 51395.8 31214.6 22215.7 12160.4 11473.6 11132.4 21514.2
threshold=21.500000000000004 190.50000000000003 178.50000000000003 152.50000000000003 1.5000000000000002 98.500000000000014 3.5000000000000004 82.500000000000014 23.500000000000004 61.500000000000007 89.500000000000014 173.50000000000003 109.50000000000001 90.500000000000014
decision_type=2 2 2 2 2 2 2 2 2 2 2 2 2 2
left_child=2 4 -1 -3 5 6 -2 8 -8 -7 -11 -6 13 -12
right_child=1 3 -4 -5 11 9 7 -9 -10 10 12 -13 -14 -15
leaf_value=-0.060358495050950145 -0.082018368839156586 0.59390958155230655 -0.59494144400132121 -0.043558020785369064 -0.012379246739777527 -0.78839227732928363 1.7264613726810247 0.087812561145781176 0.61798706029408745 0.35719584101667773 -0.96523306175189871 0.11431535757098621 0.033351710477098825 0.040498724006983927
leaf_weight=3982 627 134 82 86 23506 80 114 225 156 255 80 1929 1995 141
leaf_count=3982 627 134 82 86 23506 80 114 225 156 255 80 1929 1995 141
internal_value=0.000178248 0.0101716 -0.0718627 0.349287 0.00754895 0.0787752 0.242508 0.650283 1.10889 0.00642762 0.0337005 -0.0027501 -0.00424519 -0.336867
internal_weight=33392 29328 4064 220 29108 3673 1122 495 270 2551 2471 25435 2216 221
internal_count=33392 29328 4064 220 29108 3673 1122 495 270 2551 2471 25435 2216 221
is_linear=0
shrinkage=0.05


Tree=95
num_leaves=15
num_cat=0
split_feature=5 7 8 11 8 8 5 10 8 6 11 9 0 8
split_gain=9099.27 17320 13007.3 12745.2 12117.8 12595.4 18075.5 13410 11478.7 15642.9 10914.5 10228.9 9754.82 12144.2
threshold=125.50000000000001 129.50000000000003 144.50000000000003 162.50000000000003 151.50000000000003 113.50000000000001 80.500000000000014 99.500000000000014 122.50000000000001 138.50000000000003 77.500000000000014 161.50000000000003 4.5000000000000009 137.50000000000003
decision_type=2 2 2 2 2 2 2 2 2 2 2 2 2 2
left_child=4 3 12 8 5 -1 -7 10 9 -2 -8 -6 13 -3
right_child=1 2 -4 -5 11 6 7 -9 -10 -11 -12 -13 -14 -15
leaf_value=-0.028846086537235097 -0.016718275171169878 0.10560441318070737 0.042991999772009196 0.3569907531964262 0.0013931502062495393 -0.60007708015981864 0.1419565516330252 0.071546365095775596 -0.27043747267860752 0.30923820417468445 0.78667980837151408 -0.68479550184011462 -0.19154838194386295 -0.24245508814785618
leaf_weight=19296 784 884 6416 600 96 88 144 2392 192 688 120 120 1228 344
leaf_count=19296 784 884 6416 600 96 88 144 2392 192 688 120 120 1228 344
internal_value=0.000177006 0.037066 0.00553543 0.160341 -0.0182849 -0.0145875 0.0855496 0.109351 0.0885771 0.136162 0.444188 -0.386691 -0.0922038 0.0075146
internal_weight=33392 11136 8872 2264 22256 22040 2744 2656 1664 1472 264 216 2456 1228
internal_count=33392 11136 8872 2264 22256 22040 2744 2656 1664 1472 264 216 2456 1228
is_linear=0
shrinkage=0.05


Tree=96
num_leaves=15
num_cat=0
split_feature=14 8 7 7 5 8 0 9 8 13 9 12 3 3
split_gain=8723.87 8582.49 10753.5 7432.16 12864.3 10533.4 10735.4 8938.84 12076 9417.58 8901.49 8238.45 7744.65 12743.1
threshold=196.50000000000003 25.500000000000004 27.500000000000004 78.500000000000014 65.500000000000014 92.500000000000014 4.5000000000000009 108.50000000000001 85.500000000000014 160.50000000000003 59.500000000000007 82.500000000000014 5.5000000000000009 4.5000000000000009
decision_type=2 2 2 2 2 2 2 2 2 2 2 2 2 2
left_child=1 2 -1 7 -5 6 -6 9 -9 -3 -7 -8 13 -12
right_child=-2 3 -4 4 5 10 11 8 -10 -11 12 -13 -14 -15
leaf_value=-0.046628264284653068 0.5001995588267415 0.10179825027247927 0.42394119079520065 -0.41473783130927311 0.015264888608390748 -0.41757542534634989 0.0093079462987506034 -0.54171064699664717 0.11140554223999832 0.58001272471414678 0.026235080661701785 -0.34012642928520898 0.16232536192183972 -0.1361703560862135
leaf_weight=9592 82 2359 118 176 820 111 236 120 160 103 16707 584 927 1297
leaf_count=9592 82 2359 118 176 820 111 236 120 160 103 16707 584 927 1297
internal_value=0.00016652 -0.00113931 -0.0406945 0.0151405 0.00495758 0.00862849 -0.112765 0.0924501 -0.173094 0.12294 0.0191104 -0.240111 0.0217804 0.0145009
internal_weight=33392 33310 9710 23600 20858 20682 1640 2742 280 2462 19042 820 18931 18004
internal_count=33392 33310 9710 23600 20858 20682 1640 2742 280 2462 19042 820 18931 18004
is_linear=0
shrinkage=0.05


Tree=97
num_leaves=15
num_cat=0
split_feature=14 8 6 13 5 7 14 12 5 11 11 12 4 7
split_gain=8067.92 7670.82 10258.4 7650.24 9634.74 7018.98 10241.5 16787.6 9056.49 8264.53 13677.3 14207.4 7388.68 6804.09
threshold=190.50000000000003 25.500000000000004 27.500000000000004 176.50000000000003 113.50000000000001 90.500000000000014 138.50000000000003 159.50000000000003 67.500000000000014 162.50000000000003 23.500000000000004 108.50000000000001 5.5000000000000009 24.500000000000004
decision_type=2 2 2 2 2 2 2 2 2 2 2 2 2 2
left_child=1 2 13 5 -5 6 7 -3 -7 10 -8 -12 -10 -1
right_child=-2 3 -4 4 -6 8 9 -9 12 -11 11 -13 -14 -15
leaf_value=-0.032532456071862607 0.28962114631630886 0.090303786361626989 0.27686561761796474 0.53158623009204253 0.084297157973059617 -0.50929151057694744 0.30541607819075856 0.80381996487869944 -0.018764536945507036 0.15970474528443759 -0.81519336247084928 -0.15397024233751119 0.063048862903427247 -0.16668263861176072
leaf_weight=8386 234 2868 245 129 1222 84 101 80 14973 216 107 308 3378 1061
leaf_count=8386 234 2868 245 129 1222 84 101 80 14973 216 107 308 3378 1061
internal_value=0.000158446 -0.00192769 -0.0393366 0.0135282 0.128809 0.00645814 0.0694551 0.110995 -0.00613275 -0.0974566 -0.205605 -0.332129 -0.00369149 -0.0476792
internal_weight=33392 33158 9692 23466 1351 22115 3680 2948 18435 732 516 415 18351 9447
internal_count=33392 33158 9692 23466 1351 22115 3680 2948 18435 732 516 415 18351 9447
is_linear=0
shrinkage=0.05


Tree=98
num_leaves=15
num_cat=0
split_feature=14 5 7 8 1 7 14 12 8 8 5 9 5 0
split_gain=7473.73 7498.21 15369.4 11484.3 12117.8 12248.7 11643.6 11320.6 11035.2 10772.6 16216.7 12817.6 10491.1 10325.8
threshold=196.50000000000003 125.50000000000001 127.50000000000001 157.50000000000003 17.500000000000004 162.50000000000003 104.50000000000001 165.50000000000003 151.50000000000003 113.50000000000001 80.500000000000014 112.50000000000001 159.50000000000003 4.5000000000000009
decision_type=2 2 2 2 2 2 2 2 2 2 2 2 2 2
left_child=1 8 7 13 5 6 12 -3 9 -1 -11 -12 -5 -4
right_child=-2 2 3 4 -6 -7 -8 -9 -10 10 11 -13 -14 -15
leaf_value=-0.02748135662497779 0.46297811395649258 0.094598043359848852 0.023372391295885114 -0.094911506163176673 0.24887737966983497 0.078352693593412889 -0.044864002255249835 0.38105273373909038 -0.36938614007844106 -0.57088144940013696 0.34237571319099519 0.050887071936269013 -0.8626124523660188 -0.12654012465690928
leaf_weight=19256 82 1757 2290 88 716 2690 751 426 216 88 451 2196 88 2297
leaf_count=19256 82 1757 2290 88 716 2690 751 426 216 88 451 2196 88 2297
internal_value=0.000157322 -0.00105133 0.0324896 0.00335893 0.0616953 0.0243494 -0.131939 0.151241 -0.0178246 -0.0142883 0.0784795 0.101103 -0.491987 -0.0517543
internal_weight=33392 33310 11103 8920 4333 3617 927 2183 22207 21991 2735 2647 176 4587
internal_count=33392 33310 11103 8920 4333 3617 927 2183 22207 21991 2735 2647 176 4587
is_linear=0
shrinkage=0.05


Tree=99
num_leaves=15
num_cat=0
split_feature=1 1 9 1 3 3 10 6 4 1 5 14 13 4
split_gain=7608.08 17081.2 16083.9 14458.4 29840.4 35380.2 57842.5 29922.6 53302.1 66743.4 39873.2 34264.2 24747.4 36161.8
threshold=11.500000000000002 12.500000000000002 146.50000000000003 6.5000000000000009 3.5000000000000004 5.5000000000000009 21.500000000000004 25.500000000000004 3.5000000000000004 7.5000000000000009 82.500000000000014 97.500000000000014 59.500000000000007 5.5000000000000009
decision_type=2 2 2 2 2 2 2 2 2 2 2 2 2 2
left_child=3 -2 -3 -1 7 -6 -7 8 -5 -10 -9 -12 13 -8
right_child=1 2 -4 4 5 6 12 10 9 -11 11 -13 -14 -15
leaf_value=-0.015328653042814201 -0.19108318666978852 -0.051257242776674865 0.052889079932267505 0.018810081665093702 -0.16121074429613325 -0.35092958903095856 0.8937627428481657 -0.79268868804996861 0.18555286405679153 1.7882053188869158 0.65197091724051814 0.095632562682235453 -0.023809338824298139 -0.085991092691771118
leaf_weight=9738 1392 9011 6291 265 2000 318 367 112 126 132 300 3025 190 125
leaf_count=9738 1392 9011 6291 265 2000 318 367 112 126 132 300 3025 190 125
internal_value=0.000146356 -0.0237193 -0.00843703 0.0240063 0.0790127 -0.0399067 0.202296 0.16904 0.519641 1.02392 0.115013 0.146732 0.460929 0.646481
internal_weight=33392 16694 15302 16698 6960 3000 1000 3960 523 258 3437 3325 682 492
internal_count=33392 16694 15302 16698 6960 3000 1000 3960 523 258 3437 3325 682 492
is_linear=0
shrinkage=0.05


Tree=100
num_leaves=15
num_cat=0
split_feature=1 1 9 2 14 13 1 3 3 11 13 4 4 10
split_gain=6877.15 15421.9 14537 14003.5 13473.1 14015.9 13144.3 21860.3 21572.4 44346.6 30520.2 28770.5 25004.2 81816.8
threshold=11.500000000000002 12.500000000000002 151.50000000000003 1.5000000000000002 27.500000000000004 157.50000000000003 5.5000000000000009 3.5000000000000004 5.5000000000000009 21.500000000000004 59.500000000000007 5.5000000000000009 2.5000000000000004 23.500000000000004
decision_type=2 2 2 2 2 2 2 2 2 2 2 2 2 2
left_child=6 3 -3 -2 5 -4 -1 -8 -9 -10 11 12 -11 -14
right_child=1 2 4 -5 -6 -7 7 8 9 10 -12 -13 13 -15
leaf_value=-0.021533888848503761 -0.022524540905658683 -0.045560615891473408 0.44495099005897515 -0.33930687158183859 0.029848446295354793 -0.10914927087724209 0.13751729324301251 -0.11224299738303663 -0.31899655481386519 0.35325724674012382 -0.036809343222923806 -0.083249840071034989 2.3273457169871441 0.32171546317063848
leaf_weight=8346 696 9601 397 696 5147 157 4752 2400 355 188 325 124 83 125
leaf_count=8346 696 9601 397 696 5147 157 4752 2400 355 188 325 124 83 125
internal_value=0.000154118 -0.0225362 -0.00801515 -0.181563 0.0551993 0.288351 0.0228389 0.0671663 -0.0257591 0.146957 0.343437 0.579179 0.785058 1.15788
internal_weight=33392 16694 15302 1392 5701 554 16698 8352 3600 1200 845 520 396 208
internal_count=33392 16694 15302 1392 5701 554 16698 8352 3600 1200 845 520 396 208
is_linear=0
shrinkage=0.05


Tree=101
num_leaves=15
num_cat=0
split_feature=12 7 1 1 7 5 12 14 14 3 4 9 13 5
split_gain=6452.7 7547.16 7358.17 12298.6 10369.1 15597 13875.3 15131 13864.7 11307.1 10586.7 21236.3 27678.1 53866.2
threshold=179.50000000000003 188.50000000000003 11.500000000000002 12.500000000000002 162.50000000000003 179.50000000000003 158.50000000000003 27.500000000000004 103.50000000000001 4.5000000000000009 1.5000000000000002 164.50000000000003 149.50000000000003 21.500000000000004
decision_type=2 2 2 2 2 2 2 2 2 2 2 2 2 2
left_child=1 2 -1 -4 5 6 10 -8 -6 -10 11 12 -5 -14
right_child=-2 -3 3 4 8 -7 7 -9 9 -11 -12 -13 13 -15
leaf_value=0.017886520932264238 0.15026364903179623 0.22303685518351629 -0.18096450604074377 0.0014791738418427876 0.37071809576512182 -0.56439161789805992 0.59938435836562087 0.057061531651441927 0.061465413100187383 -0.37830370473004937 -0.070731169355275653 -0.65949089604222944 -0.075210621039041831 1.2786513302907132
leaf_weight=16413 696 360 1236 917 340 133 135 1603 1950 153 9082 85 156 133
leaf_count=16413 696 360 1236 917 340 133 135 1603 1950 153 9082 85 156 133
internal_value=0.000165315 -0.00305232 -0.00560348 -0.0298144 -0.0170369 -0.0358067 -0.0297714 0.100785 0.0769161 0.0286494 -0.0516843 0.0820637 0.136836 0.558997
internal_weight=33392 32696 32336 15923 14687 12244 12111 1738 2443 2103 10373 1291 1206 289
internal_count=33392 32696 32336 15923 14687 12244 12111 1738 2443 2103 10373 1291 1206 289
is_linear=0
shrinkage=0.05


Tree=102
num_leaves=15
num_cat=0
split_feature=9 4 6 3 1 6 5 12 1 3 7 14 1 6
split_gain=6065.9 7487.05 15783.4 36766.3 29319.1 25959.7 51867.1 38429.5 33865.6 23499.4 17367.2 13658.9 11561.2 8990.62
threshold=21.500000000000004 1.5000000000000002 167.50000000000003 4.5000000000000009 6.5000000000000009 98.500000000000014 21.500000000000004 151.50000000000003 13.500000000000002 5.5000000000000009 165.50000000000003 27.500000000000004 19.500000000000004 173.50000000000003
decision_type=2 2 2 2 2 2 2 2 2 2 2 2 2 2
left_child=-1 2 4 -4 -2 6 -6 8 11 -5 -11 -8 -7 -3
right_child=1 13 3 9 5 12 7 -9 -10 10 -12 -13 -14 -15
leaf_value=-0.056854632029264024 -0.059773477825219516 -0.010174365173324188 0.1192247584024841 -1.256319950601106 -0.13574318988665718 0.24436917626876231 1.1256539844473203 -0.013600675068279305 1.8868064543780159 -0.74634770154953012 0.26782115599250095 0.2830542760882892 -0.074309954776953749 0.10093675286115421
leaf_weight=4088 1263 23565 488 88 196 721 100 96 97 80 80 97 465 1968
leaf_count=4088 1263 23565 488 88 196 721 100 96 97 80 80 97 465 1968
internal_value=0.000163269 0.00812579 0.0738401 -0.133245 0.124196 0.25512 0.525992 0.856065 1.13552 -0.622579 -0.246514 0.728046 0.119636 -0.0015922
internal_weight=33392 29304 3771 736 3035 1772 586 390 294 248 160 197 1186 25533
internal_count=33392 29304 3771 736 3035 1772 586 390 294 248 160 197 1186 25533
is_linear=0
shrinkage=0.05


Tree=103
num_leaves=15
num_cat=0
split_feature=14 12 7 14 7 1 1 13 8 5 1 7 6 3
split_gain=5944.64 5750.59 7105.58 8541.28 6730.54 6172.67 11016.6 9875.62 9324.18 11636.7 8630.64 11736.6 9861.12 13227.4
threshold=196.50000000000003 179.50000000000003 140.00000000000003 167.50000000000003 188.50000000000003 11.500000000000002 12.500000000000002 195.50000000000003 157.50000000000003 136.50000000000003 17.500000000000004 169.50000000000003 167.50000000000003 2.5000000000000004
decision_type=2 2 2 2 2 2 2 2 2 2 2 2 2 2
left_child=1 4 -3 -4 5 7 -7 -1 -8 -10 11 12 -11 -14
right_child=-2 2 3 -5 -6 6 8 -9 9 10 -12 -13 13 -15
leaf_value=0.012325136330853333 0.41293636684616408 0.40293044795592625 -0.064931764386387342 0.42344144966696268 0.21044686109326696 -0.17175988270652892 -0.034415297310492469 0.53754249572753909 -0.50354986113660472 0.0097070745802061136 0.23895801977889622 0.17869074762259496 -0.022880915023967732 -0.75573025472396249
leaf_weight=16263 82 184 400 110 357 1233 12196 85 80 710 701 747 136 108
leaf_count=16263 82 184 400 110 357 1233 12196 85 80 710 701 747 136 108
internal_value=0.000167642 -0.000910302 0.14099 0.043492 -0.0039508 -0.00635571 -0.0285213 0.0152195 -0.0164344 0.0718114 0.0919803 0.0308864 -0.0851754 -0.355919
internal_weight=33392 33310 694 510 32616 32259 15911 16348 14678 2482 2402 1701 954 244
internal_count=33392 33310 694 510 32616 32259 15911 16348 14678 2482 2402 1701 954 244
is_linear=0
shrinkage=0.05


Tree=104
num_leaves=15
num_cat=0
split_feature=3 8 1 6 4 10 14 7 14 4 7 1 12 3
split_gain=5727.07 13548.2 9885.23 18738.4 15144.2 7991.8 6696.37 6311.3 6209.81 5660.37 32289 60500.1 25931.8 19342.6
threshold=1.0000000180025095e-35 20.500000000000004 6.5000000000000009 25.500000000000004 3.5000000000000004 22.500000000000004 25.500000000000004 21.500000000000004 170.50000000000003 1.5000000000000002 23.500000000000004 7.5000000000000009 23.500000000000004 1.5000000000000002
decision_type=2 2 2 2 2 2 2 2 2 2 2 2 2 2
left_child=1 -1 4 -4 5 -3 -6 8 -2 10 11 -9 -13 -12
right_child=7 2 3 -5 6 -7 -8 9 -10 -11 13 12 -14 -15
leaf_value=0.5136717785515037 -0.05794583188709599 0.52969656417938482 0.70235838151385643 0.058090680895328033 -0.15500499413471547 0.016206899514938353 -0.52255312623296468 -0.10142548855691186 -0.45009673147533952 -0.0082883361653466377 -0.52221297810891432 1.558451578617096 0.40566537882152365 0.033255494390165029
leaf_weight=148 3628 82 112 3248 450 590 170 227 99 21729 162 115 90 2542
leaf_count=148 3628 82 112 3248 450 590 170 227 99 21729 162 115 90 2542
internal_value=0.0001658 0.0506742 0.0354085 0.080578 -0.0819178 0.0823142 -0.259159 -0.00832088 -0.0689516 0.000779058 0.0635192 0.462292 1.07406 -0.000925738
internal_weight=33392 4800 4652 3360 1292 672 620 28592 3727 24865 3136 432 205 2704
internal_count=33392 4800 4652 3360 1292 672 620 28592 3727 24865 3136 432 205 2704
is_linear=0
shrinkage=0.05


Tree=105
num_leaves=15
num_cat=0
split_feature=14 4 5 12 7 14 13 1 1 8 5 2 7 14
split_gain=5370.83 6119.51 5246.02 5021.29 6616.46 7374.72 6148.49 4628.89 11136.2 9797.68 10837.8 8634.58 9350.41 13778.6
threshold=190.50000000000003 2.5000000000000004 198.50000000000003 179.50000000000003 140.00000000000003 163.50000000000003 195.50000000000003 11.500000000000002 12.500000000000002 157.50000000000003 136.50000000000003 1.0000000180025095e-35 144.50000000000003 74.500000000000014
decision_type=2 2 2 2 2 2 2 2 2 2 2 2 2 2
left_child=2 -2 3 6 -5 -6 7 -1 11 -10 -11 -9 -13 -14
right_child=1 -3 -4 4 5 -7 -8 8 9 10 -12 12 13 -15
leaf_value=0.011965639121497765 -0.07949261527086042 0.43671875456284709 0.33706924047386438 0.38275415861890433 -0.086322385886658554 0.32921181122790899 0.37644229009037927 0.059955791091280325 -0.032424021069486754 -0.48059597290614076 0.093843514548584694 -0.038682265199907646 -0.95204266891923062 -0.26217485338028762
leaf_weight=16282 92 142 109 184 360 146 100 310 12154 80 2485 354 81 513
leaf_count=16282 92 142 109 184 360 146 100 310 12154 80 2485 354 81 513
internal_value=0.000172481 0.236347 -0.00152961 -0.00269718 0.130279 0.0356229 -0.00555235 -0.00679465 -0.0259108 -0.01368 0.0750271 -0.168395 -0.24299 -0.363409
internal_weight=33392 234 33158 33049 690 506 32359 32259 15977 14719 2565 1258 948 594
internal_count=33392 234 33158 33049 690 506 32359 32259 15977 14719 2565 1258 948 594
is_linear=0
shrinkage=0.05


Tree=106
num_leaves=15
num_cat=0
split_feature=3 8 1 6 4 10 14 5 14 13 1 1 11 11
split_gain=5060.79 12261.7 8938.44 16919.1 13707.3 7258.55 6065.63 5747.62 7949.72 5181.38 4873.25 10561.1 9135.44 11513.3
threshold=1.0000000180025095e-35 20.500000000000004 6.5000000000000009 25.500000000000004 3.5000000000000004 22.500000000000004 25.500000000000004 181.50000000000003 91.500000000000014 20.500000000000004 11.500000000000002 12.500000000000002 169.50000000000003 168.50000000000003
decision_type=2 2 2 2 2 2 2 2 2 2 2 2 2 2
left_child=1 -1 4 -4 5 -3 -6 9 -9 -2 -11 -12 13 -13
right_child=7 2 3 -5 6 -7 -8 8 -10 10 11 12 -14 -15
leaf_value=0.48810998056254357 -0.16625889550347284 0.50416995680880283 0.66689788699150088 0.054707335661321237 -0.14793161873142799 0.014810110126473323 -0.49775316395078389 0.57104135790232868 0.068229718657659436 0.012478553786959834 -0.1795647758247102 -0.024467312487546918 0.10715161328175245 -0.39737288861125003
leaf_weight=148 526 82 112 3248 450 590 170 84 692 13705 1078 10977 1324 206
leaf_count=148 526 82 112 3248 450 590 170 84 692 13705 1078 10977 1324 206
internal_value=0.000164577 0.0476441 0.033122 0.0760743 -0.0784432 0.0778062 -0.247065 -0.00781318 0.125965 -0.0115672 -0.00855574 -0.0297726 -0.0167952 -0.0315111
internal_weight=33392 4800 4652 3360 1292 672 620 28592 776 27816 27290 13585 12507 11183
internal_count=33392 4800 4652 3360 1292 672 620 28592 776 27816 27290 13585 12507 11183
is_linear=0
shrinkage=0.05


Tree=107
num_leaves=15
num_cat=0
split_feature=14 12 14 3 8 13 1 3 6 11 8 1 0 1
split_gain=4868.01 4853.86 11146.9 11308.3 21128.6 8170.51 7704.15 7045.49 6939.64 6511.97 9258.11 6289.88 7219.09 5977.27
threshold=196.50000000000003 159.50000000000003 27.500000000000004 4.5000000000000009 137.50000000000003 195.50000000000003 12.500000000000002 4.5000000000000009 186.50000000000003 155.50000000000003 126.50000000000001 17.500000000000004 4.5000000000000009 11.500000000000002
decision_type=2 2 2 2 2 2 2 2 2 2 2 2 2 2
left_child=1 5 6 9 -5 8 -3 -8 13 10 -4 12 -11 -1
right_child=-2 2 3 4 -6 -7 7 -9 -10 11 -12 -13 -14 -15
leaf_value=0.0087974405233315796 0.37368958284114973 -0.031859898508185207 -0.32026476314312768 0.16193487807851414 -0.68883465543489331 0.46777749511930677 0.25128016959589261 0.84881115535671803 0.21258797530384588 0.12796102727246914 0.12466926137728732 0.22849007663014223 -0.044660656125674686 -0.036890865009001614
leaf_weight=15696 82 96 256 140 144 85 125 84 343 1233 208 564 1182 13154
leaf_count=15696 82 96 256 140 144 85 125 84 343 1233 208 564 1182 13154
internal_value=0.00016439 -0.000811072 0.0505863 0.0265874 -0.273896 -0.00789665 0.338686 0.505657 -0.00936152 0.0517343 -0.121609 0.0788922 0.0435552 -0.0120367
internal_weight=33392 33310 4032 3727 284 29278 305 209 29193 3443 464 2979 2415 28850
internal_count=33392 33310 4032 3727 284 29278 305 209 29193 3443 464 2979 2415 28850
is_linear=0
shrinkage=0.05


Tree=108
num_leaves=15
num_cat=0
split_feature=10 1 7 1 2 7 7 9 14 13 12 14 11 12
split_gain=4630.4 4906.63 10723.1 9791.2 9895.97 9415.67 8221.48 8294.18 9209.39 13119.5 11025.5 8142.8 8124.55 7872.88
threshold=189.50000000000003 11.500000000000002 112.50000000000001 12.500000000000002 1.5000000000000002 140.00000000000003 182.50000000000003 146.50000000000003 27.500000000000004 157.50000000000003 158.50000000000003 133.50000000000003 95.500000000000014 121.50000000000001
decision_type=2 2 2 2 2 2 2 2 2 2 2 2 2 2
left_child=1 2 13 4 -3 -6 7 11 9 10 -9 -5 -10 -1
right_child=-2 3 -4 6 5 -7 -8 8 12 -11 -12 -13 -14 -15
leaf_value=-0.014052184429856104 0.15103040889812683 -0.013235648054240354 0.083780792126798176 -0.02549280833478746 -0.028196364355645976 -0.41921515978322738 0.23724811798510764 0.16998322609671204 0.45375252733431237 -0.17775039587905453 0.70021928167031477 -0.15806941562603738 0.00095928676038195082 0.22964346798415411
leaf_weight=11797 496 665 4411 7452 236 442 324 286 96 152 148 1367 5184 336
leaf_count=11797 496 665 4411 7452 236 442 324 286 96 152 148 1367 5184 336
internal_value=0.000168772 -0.0021285 0.0170669 -0.0215486 -0.150632 -0.284311 -0.0099519 -0.0154849 0.0305738 0.217753 0.356717 -0.0461209 0.00961339 -0.00721169
internal_weight=33392 32896 16544 16352 1343 678 15009 14685 5866 586 434 8819 5280 12133
internal_count=33392 32896 16544 16352 1343 678 15009 14685 5866 586 434 8819 5280 12133
is_linear=0
shrinkage=0.05


Tree=109
num_leaves=15
num_cat=0
split_feature=13 13 5 14 10 11 7 9 14 1 11 11 13 5
split_gain=4493.67 16831.2 12039.8 11753.7 22930.9 34014.9 10323.4 9514.97 28156.8 15530.8 9014.74 15538.1 19708 12578.8
threshold=52.000000000000007 94.500000000000014 127.50000000000001 164.50000000000003 23.500000000000004 21.500000000000004 99.500000000000014 122.50000000000001 61.500000000000007 16.500000000000004 22.500000000000004 23.500000000000004 160.50000000000003 31.500000000000004
decision_type=2 2 2 2 2 2 2 2 2 2 2 2 2 2
left_child=3 2 -2 7 5 -5 -6 -1 9 -9 -3 12 -12 -13
right_child=1 10 -4 4 6 -7 -8 8 -10 -11 11 13 -14 -15
leaf_value=-0.018370013277428262 -0.086459277804404169 -0.074480522554018644 -0.40513156654016752 0.026607333906307942 -0.31919571492974075 1.2631548949337881 0.13605835541908984 0.92030367077581143 0.035448709812620431 0.09603444627589651 0.12075216544901067 -0.13204034005384233 0.86813183680338712 0.024320458811006349
leaf_weight=7426 2752 3036 328 114 141 104 847 146 1848 94 388 1405 110 14653
leaf_count=7426 2752 3036 328 114 141 104 847 146 1848 94 388 1405 110 14653
internal_value=0.000169246 -0.012443 -0.120997 0.0268365 0.17355 0.631615 0.0698078 0.0081576 0.102322 0.606013 0.00464907 0.0191778 0.292825 0.0106028
internal_weight=33392 22672 3080 10720 1206 218 988 9514 2088 240 19592 16556 498 16058
internal_count=33392 22672 3080 10720 1206 218 988 9514 2088 240 19592 16556 498 16058
is_linear=0
shrinkage=0.05


Tree=110
num_leaves=15
num_cat=0
split_feature=12 7 14 1 1 1 3 7 3 11 13 4 14 4
split_gain=4329.58 5503.59 6824.1 4673.68 8942.85 20832.8 17976.4 19616 18870.6 37638.4 25776 24955.7 24104.9 24021.1
threshold=179.50000000000003 140.00000000000003 167.50000000000003 11.500000000000002 5.5000000000000009 4.5000000000000009 3.5000000000000004 20.500000000000004 5.5000000000000009 21.500000000000004 59.500000000000007 5.5000000000000009 115.50000000000001 2.5000000000000004
decision_type=2 2 2 2 2 2 2 2 2 2 2 2 2 2
left_child=3 -2 -3 4 5 -1 7 -6 -8 12 11 13 -10 -11
right_child=1 2 -4 -5 6 -7 8 -9 9 10 -12 -13 -14 -15
leaf_value=0.015072831630402891 0.35377775174442427 -0.059928345647698014 0.37367913489285698 -0.021638994337354646 0.84491251682105306 -0.19650990207904234 -0.11239050460255025 0.10305267982209738 -0.066734029966870514 0.30938243789108177 -0.03354707163165916 -0.079554026955088911 -1.0276411907444167 1.1077139505641718
leaf_weight=6954 184 400 112 16106 86 1392 2384 4586 274 185 325 124 81 199
leaf_count=6954 184 400 112 16106 86 1392 2384 4586 274 185 325 124 81 199
internal_value=0.000179162 0.123129 0.0376199 -0.0024565 0.0161673 -0.0203128 0.0530887 0.117597 -0.0313317 0.131121 0.314348 0.535076 -0.297211 0.732021
internal_weight=33392 696 512 32696 16590 8346 8244 4672 3572 1188 833 508 355 384
internal_count=33392 696 512 32696 16590 8346 8244 4672 3572 1188 833 508 355 384
is_linear=0
shrinkage=0.05


Tree=111
num_leaves=15
num_cat=0
split_feature=3 8 1 6 4 10 14 13 3 13 13 9 6 5
split_gain=3990.5 10659.2 7669.66 15001.5 12221.2 6717.35 5508.85 4668.96 4319.1 4255.82 14758 12530.5 26387.8 11277.9
threshold=1.0000000180025095e-35 20.500000000000004 6.5000000000000009 25.500000000000004 3.5000000000000004 23.500000000000004 25.500000000000004 20.500000000000004 1.5000000000000002 52.000000000000007 93.500000000000014 121.50000000000001 103.50000000000001 127.50000000000001
decision_type=2 2 2 2 2 2 2 2 2 2 2 2 2 2
left_child=1 -1 4 -4 5 -3 -6 8 -2 11 13 -9 -13 -11
right_child=7 2 3 -5 6 -7 -8 9 -10 10 -12 12 -14 -15
leaf_value=0.45301254435497174 -0.41383554804615863 0.43651808130546155 0.62491804018107233 0.048478947763255086 -0.13930631576331107 0.004723452024809692 -0.47263913849421907 -0.00089790935650480355 -0.074472417253053799 -0.086058123474966497 0.0012502934551808177 1.02361541085465 0.11230080248796664 -0.40603774439363233
leaf_weight=148 118 102 112 3248 450 570 170 5367 408 2519 18724 81 1070 305
leaf_count=148 118 102 112 3248 450 570 170 5367 408 2519 18724 81 1070 305
internal_value=0.000181505 0.0423425 0.0288049 0.0685936 -0.0745357 0.0730036 -0.233754 -0.00690261 -0.153783 -0.00412294 -0.0148316 0.0312633 0.180583 -0.121273
internal_weight=33392 4800 4652 3360 1292 672 620 28592 526 28066 21548 6518 1151 2824
internal_count=33392 4800 4652 3360 1292 672 620 28592 526 28066 21548 6518 1151 2824
is_linear=0
shrinkage=0.05


Tree=112
num_leaves=15
num_cat=0
split_feature=12 7 14 1 7 1 8 14 5 5 7 14 14 9
split_gain=3782.08 4977.88 6219.54 4400.91 8209.9 8165.86 9007.25 7699.65 10047.9 15584.8 18386.5 21890.5 8381.64 8028.11
threshold=179.50000000000003 140.00000000000003 163.50000000000003 11.500000000000002 112.50000000000001 12.500000000000002 170.50000000000003 149.50000000000003 144.50000000000003 162.50000000000003 162.50000000000003 113.50000000000001 84.500000000000014 157.50000000000003
decision_type=2 2 2 2 2 2 2 2 2 2 2 2 2 2
left_child=3 -2 -3 4 -1 -5 7 8 -7 13 11 -11 -12 -10
right_child=1 2 -4 5 -6 6 -8 -9 9 10 12 -13 -14 -15
leaf_value=-0.0055353733320644494 0.33444426775609376 -0.079743573597492012 0.29667157828807833 -0.14217012002973065 0.073781909365531723 -0.0276306302110178 0.13944020087575823 -0.090651146383331702 0.28378479594491351 -1.0468189964917574 0.48881394468841305 -0.13788679488487143 -0.0042404866453422153 0.068463952631964184
leaf_weight=12133 184 360 152 1273 4457 8277 934 3052 819 83 108 276 363 921
leaf_count=12133 184 360 152 1273 4457 8277 934 3052 819 83 108 276 363 921
internal_value=0.000180751 0.115094 0.0337931 -0.00228264 0.0157895 -0.020897 -0.0104446 -0.0205633 -0.000810115 0.0854546 -0.0924441 -0.359523 0.112764 0.170336
internal_weight=33392 696 512 32696 16590 16106 14833 13899 10847 2570 830 359 471 1740
internal_count=33392 696 512 32696 16590 16106 14833 13899 10847 2570 830 359 471 1740
is_linear=0
shrinkage=0.05


Tree=113
num_leaves=15
num_cat=0
split_feature=14 12 7 14 7 13 11 0 0 5 14 10 5 1
split_gain=3735.46 3471.13 4506.7 5740.57 4135.83 4049.86 4035.78 4771.87 2923.2 4926.92 6502.33 4126.27 5503.28 9110.22
threshold=196.50000000000003 179.50000000000003 140.00000000000003 167.50000000000003 188.50000000000003 195.50000000000003 184.50000000000003 4.5000000000000009 1.5000000000000002 173.50000000000003 149.50000000000003 172.50000000000003 126.50000000000001 17.500000000000004
decision_type=2 2 2 2 2 2 2 2 2 2 2 2 2 2
left_child=1 4 -3 6 5 8 7 -4 9 10 11 12 -1 -14
right_child=-2 2 3 -5 -6 -7 -8 -9 -10 -11 -12 -13 13 -15
leaf_value=-0.051573824691045267 0.32737484936570299 0.31816443963340985 0.28186006295102195 0.34345720795185675 0.16502086454976703 0.29656853861099969 -0.31709651342772566 -0.12208992079101705 -0.00024913894212102831 0.17273487338006743 -0.22156237261806655 -0.32874633856955104 -0.032025500324679844 0.40215150771956698
leaf_weight=2652 82 184 116 110 357 106 104 180 28111 238 528 109 330 185
leaf_count=2652 82 184 116 110 357 106 104 180 28111 238 528 109 330 185
internal_value=0.000172842 -0.000681652 0.109564 0.0319466 -0.00304389 -0.0049291 -0.0569015 0.0382672 -0.00596901 -0.0456997 -0.059575 -0.0331693 -0.0224941 0.126308
internal_weight=33392 33310 694 510 32616 32259 400 296 32153 4042 3804 3276 3167 515
internal_count=33392 33310 694 510 32616 32259 400 296 32153 4042 3804 3276 3167 515
is_linear=0
shrinkage=0.05


Tree=114
num_leaves=15
num_cat=0
split_feature=2 14 11 2 10 7 14 13 7 3 1 1 8 14
split_gain=3587.65 4903.68 7100.69 4765.25 4116.33 4074.81 3896.03 3797.16 4924.5 5984.4 3684.94 8815.5 5827.13 4677.33
threshold=1.0000000180025095e-35 163.50000000000003 23.500000000000004 2.5000000000000004 173.50000000000003 117.50000000000001 186.50000000000003 107.50000000000001 119.50000000000001 4.5000000000000009 11.500000000000002 12.500000000000002 157.50000000000003 141.50000000000003
decision_type=2 2 2 2 2 2 2 2 2 2 2 2 2 2
left_child=1 5 -3 -2 6 -1 -4 -7 -9 -10 -5 -12 13 -13
right_child=3 2 4 10 -6 7 -8 8 9 -11 11 12 -14 -15
leaf_value=-0.012128720438209402 -0.02470912597689788 0.48321253857840374 0.064317165083755387 0.054729742123620057 0.25614864612511529 0.16471949026723143 -0.27979151910992078 0.3875979079441591 0.030144764365450966 -0.36893013210801207 -0.25075778513645525 0.018711774685793429 0.1440763247999019 -0.1185184532683123
leaf_weight=4961 16696 118 709 4175 249 705 88 83 1339 96 348 2315 667 843
leaf_count=4961 16696 118 709 4175 249 705 88 83 1339 96 348 2315 667 843
internal_value=0.000173437 0.0285502 0.123523 -0.00928929 0.0808407 0.0130868 0.0248153 0.0692604 0.0245313 0.00225876 0.0215467 -0.011678 0.0103726 -0.0180501
internal_weight=33392 8348 1164 25044 1046 7184 797 2223 1518 1435 8348 4173 3825 3158
internal_count=33392 8348 1164 25044 1046 7184 797 2223 1518 1435 8348 4173 3825 3158
is_linear=0
shrinkage=0.05


Tree=115
num_leaves=15
num_cat=0
split_feature=1 13 14 7 3 8 13 13 5 14 10 1 4 4
split_gain=3535.33 9939.49 5294.71 5533.04 9283.05 10621.1 4671.07 11901.8 8761.14 8412.16 13881.1 23878.6 28519.5 19201.8
threshold=19.500000000000004 140.50000000000003 135.50000000000003 121.50000000000001 4.5000000000000009 151.50000000000003 52.000000000000007 83.500000000000014 129.50000000000003 108.50000000000001 23.500000000000004 10.500000000000002 3.5000000000000004 4.5000000000000009
decision_type=2 2 2 2 2 2 2 2 2 2 2 2 2 2
left_child=6 2 3 -2 -5 -6 9 8 -8 -1 11 12 -11 -14
right_child=1 -3 -4 4 5 -7 7 -9 -10 10 -12 -13 13 -15
leaf_value=0.00023908629062352498 -0.059933461906530254 -0.53796068196444169 -0.33195891401616578 0.081238438152443818 0.060181206000584464 -0.62309688364313742 -0.10057366514568965 0.0061326992768346768 -0.55638536322960819 1.2482375639456291 0.056281053624334589 -0.15818026425272583 -0.23241570369407005 0.64233032520475064
leaf_weight=5642 3258 92 134 1852 121 101 1662 17146 108 103 2763 163 107 140
leaf_count=5642 3258 92 134 1852 121 101 1662 17146 108 103 2763 163 107 140
internal_value=0.000168873 -0.0362202 -0.0272913 -0.0193308 0.0444417 -0.257557 0.00744038 -0.0066247 -0.129875 0.0372609 0.100923 0.338499 0.56878 0.266299
internal_weight=33392 5558 5466 5332 2074 222 27834 18916 1770 8918 3276 513 350 247
internal_count=33392 5558 5466 5332 2074 222 27834 18916 1770 8918 3276 513 350 247
is_linear=0
shrinkage=0.05


Tree=116
num_leaves=15
num_cat=0
split_feature=4 14 10 7 13 13 5 14 13 9 3 6 5 9
split_gain=3327.52 12702.4 7433.59 4807.4 4240.29 12211.1 9991.42 8579.32 18445.1 17086.5 17310.4 20200.5 39637.8 10239.3
threshold=5.5000000000000009 58.500000000000007 62.500000000000007 30.000000000000004 52.000000000000007 92.500000000000014 127.50000000000001 135.50000000000003 136.50000000000003 104.50000000000001 1.5000000000000002 25.500000000000004 106.50000000000001 112.50000000000001
decision_type=2 2 2 2 2 2 2 2 2 2 2 2 2 2
left_child=4 3 -3 -2 -1 6 -6 -7 -9 10 -10 -12 -13 -11
right_child=1 2 -4 -5 5 7 -8 8 9 13 11 12 -14 -15
leaf_value=0.020843484876188326 -0.065492376724934243 0.52715712938826165 0.069894389794362993 -0.44452184772307285 -0.092137785159610935 0.019562472978879766 -0.42971066111221728 -0.38152760683767117 0.24411299692766442 0.27565549935672851 -0.10389236156334819 -1.5074884903306762 -0.23210984135695389 -0.014454477856261656
leaf_weight=9126 1466 86 4114 84 2069 11006 241 402 138 326 325 91 173 3745
leaf_count=9126 1466 86 4114 84 2069 11006 241 402 138 326 325 91 173 3745
internal_value=0.000156643 0.0347462 0.0798731 -0.0873966 -0.00704355 -0.0207902 -0.128208 -0.00544398 -0.0583391 -0.0308918 -0.253293 -0.370907 -0.691578 0.00908677
internal_weight=33392 5750 4200 1550 27642 18516 2310 16206 5200 4798 727 589 264 4071
internal_count=33392 5750 4200 1550 27642 18516 2310 16206 5200 4798 727 589 264 4071
is_linear=0
shrinkage=0.05


Tree=117
num_leaves=15
num_cat=0
split_feature=1 13 12 7 14 1 5 14 9 4 14 6 1 13
split_gain=3306.28 9056.69 4534.72 5770.73 4463.77 4224.09 17068.2 25864.8 9865.84 9826.85 10179.1 8285.11 7225.46 6569.34
threshold=19.500000000000004 140.50000000000003 171.50000000000003 121.50000000000001 134.50000000000003 17.500000000000004 144.50000000000003 134.50000000000003 157.50000000000003 1.5000000000000002 137.50000000000003 127.50000000000001 16.500000000000004 123.50000000000001
decision_type=2 2 2 2 2 2 2 2 2 2 2 2 2 2
left_child=5 2 3 -2 -5 12 9 8 -8 -7 11 -11 -1 -14
right_child=1 -3 -4 4 -6 6 7 -9 -10 10 -12 -13 13 -15
leaf_value=0.0071894085200719885 -0.060613986113911833 -0.51399951206961858 -0.33721962644354159 0.062564674004409487 -0.28172609692232475 0.312624343586903 0.84048847124871351 0.060128340321499101 0.30891638537568433 -0.087499070690320535 -0.35313264121770027 0.34833007443230601 -0.19538915869053811 0.027350689437371196
leaf_weight=23658 3310 92 110 1952 94 148 156 1096 212 732 317 123 856 536
leaf_count=23658 3310 92 110 1952 94 148 156 1096 212 732 317 123 856 536
internal_value=0.000132985 -0.0350576 -0.026534 -0.0198447 0.0460986 0.00716501 0.065535 0.182815 0.542503 -0.0647379 -0.113517 -0.0231402 0.00066612 -0.109831
internal_weight=33392 5558 5466 5356 2046 27834 2784 1464 368 1320 1172 855 25050 1392
internal_count=33392 5558 5466 5356 2046 27834 2784 1464 368 1320 1172 855 25050 1392
is_linear=0
shrinkage=0.05


Tree=118
num_leaves=15
num_cat=0
split_feature=2 2 1 1 12 5 9 3 9 13 1 1 7 11
split_gain=3224.73 4301.37 4300.1 20960.7 20102.8 24575.1 20100.1 17485.1 16646.1 13712.5 10085.8 9628.15 6951 6889.26
threshold=1.0000000180025095e-35 1.5000000000000002 8.5000000000000018 6.5000000000000009 71.500000000000014 104.50000000000001 100.50000000000001 3.5000000000000004 24.500000000000004 22.500000000000004 4.5000000000000009 5.5000000000000009 74.500000000000014 21.500000000000004
decision_type=2 2 2 2 2 2 2 2 2 2 2 2 2 2
left_child=-1 -2 3 10 8 6 -6 -8 9 -5 -3 -12 -13 -11
right_child=1 2 -4 4 5 -7 7 -9 -10 13 11 12 -14 -15
leaf_value=0.027030598332968975 -0.038137147963001265 0.0351176840007041 -0.013847265627516495 0.76613480174364368 -0.76239196632802486 0.27728779684705746 0.48625332267434751 -0.35808810276543573 1.0945519588803978 -0.14276687998808066 -0.2547022555767427 -0.16410281395545445 0.15097420408741222 0.35775466483111867
leaf_weight=8348 8348 3478 10434 117 120 566 106 132 84 126 696 316 380 141
leaf_count=8348 8348 3478 10434 117 120 566 106 132 84 126 696 316 380 141
internal_value=0.000127369 -0.00884398 0.00580964 0.0385477 0.209278 0.0731414 -0.248989 0.0202307 0.474447 0.326473 -0.0104171 -0.123907 0.00777185 0.123271
internal_weight=33392 25044 16696 6262 1392 924 358 238 468 384 4870 1392 696 267
internal_count=33392 25044 16696 6262 1392 924 358 238 468 384 4870 1392 696 267
is_linear=0
shrinkage=0.05


Tree=119
num_leaves=15
num_cat=0
split_feature=12 6 14 7 1 1 3 6 1 4 5 14 11 4
split_gain=3111.4 4020.43 5858.66 3359.46 3268.75 8849.99 31721.6 33209.2 53908.2 80450.9 37329.8 32727 22832.8 44824.7
threshold=179.50000000000003 162.50000000000003 163.50000000000003 188.50000000000003 9.5000000000000018 6.5000000000000009 3.5000000000000004 25.500000000000004 7.5000000000000009 3.5000000000000004 82.500000000000014 97.500000000000014 72.500000000000014 1.5000000000000002
decision_type=2 2 2 2 2 2 2 2 2 2 2 2 2 2
left_child=3 -2 -3 4 5 -1 7 8 -7 -10 -9 -12 -8 -14
right_child=1 2 -4 -5 -6 6 12 10 9 -11 11 -13 13 -15
leaf_value=-0.011473178860968986 0.28085311980269073 -0.094430173858113239 0.27802635972121997 0.14873980602938427 -0.017576402967161845 0.054184270763431588 0.12056041573094607 -0.79213970722285687 0.036784500680690592 2.1278112544077579 0.73415901948874063 0.086688621418275269 0.40825264830964275 -0.40823868663469159
leaf_weight=9738 216 331 149 360 18470 205 778 103 81 102 217 1632 208 802
leaf_count=9738 216 331 149 360 18470 205 778 103 81 102 217 1632 208 802
internal_value=0.000131938 0.10436 0.0228609 -0.00210237 -0.00380445 0.01454 0.075845 0.196827 0.616331 1.22787 0.11208 0.164451 -0.0825945 -0.238907
internal_weight=33392 696 480 32696 32336 13866 4128 2340 388 183 1952 1849 1788 1010
internal_count=33392 696 480 32696 32336 13866 4128 2340 388 183 1952 1849 1788 1010
is_linear=0
shrinkage=0.05


Tree=120
num_leaves=15
num_cat=0
split_feature=5 1 3 14 8 11 1 14 5 10 14 4 13 14
split_gain=3263.87 6564.3 17424.4 9884.63 5800.08 4690.05 17370.1 12737.2 7151.1 6436 22644.9 23455.6 32748.3 9768.89
threshold=21.500000000000004 6.5000000000000009 1.0000000180025095e-35 74.500000000000014 25.500000000000004 21.500000000000004 2.5000000000000004 61.500000000000007 23.500000000000004 23.500000000000004 174.50000000000003 1.5000000000000002 136.50000000000003 60.500000000000007
decision_type=2 2 2 2 2 2 2 2 2 2 2 2 2 2
left_child=1 3 -3 -1 -4 6 -2 -8 -9 10 11 12 -7 -13
right_child=5 2 4 -5 -6 9 7 8 -10 -11 -12 13 -14 -15
leaf_value=-0.051672944593018966 0.31611798025872212 0.69123990844250072 -0.039899650800434706 -0.40293010715983418 0.32363169776243078 0.14779313064908703 -0.069350880043545365 -0.79810905837330903 -0.25563134700285667 0.00059231553010499023 0.75837869185408391 -0.023119770427467226 1.2625878817505307 0.235901864353702
leaf_weight=680 209 82 2937 280 109 252 698 101 160 24320 111 2958 85 410
leaf_count=680 209 82 2937 280 109 252 698 101 160 24320 111 2958 85 410
internal_value=0.00014744 -0.041677 -0.00649629 -0.15568 -0.0263818 0.00598819 -0.091972 -0.182088 -0.476612 0.0100704 0.070396 0.0487901 0.443321 0.00871491
internal_weight=33392 4088 3128 960 3046 29304 1168 959 261 28136 3816 3705 337 3368
internal_count=33392 4088 3128 960 3046 29304 1168 959 261 28136 3816 3705 337 3368
is_linear=0
shrinkage=0.05


Tree=121
num_leaves=15
num_cat=0
split_feature=12 14 3 8 1 11 8 1 13 0 3 7 9 5
split_gain=3065.83 8353.79 10329.9 18950 6132.97 5498.13 8003.99 5855.9 5427.13 5352.98 5305.35 4950.71 4552.25 4457.23
threshold=159.50000000000003 27.500000000000004 4.5000000000000009 137.50000000000003 12.500000000000002 155.50000000000003 126.50000000000001 17.500000000000004 195.50000000000003 4.5000000000000009 4.5000000000000009 181.50000000000003 171.50000000000003 171.50000000000003
decision_type=2 2 2 2 2 2 2 2 2 2 2 2 2 2
left_child=8 4 5 -4 -2 6 13 9 -1 12 -6 -11 -7 -3
right_child=1 2 3 -5 10 7 -8 -9 -10 11 -12 -13 -14 -15
leaf_value=-0.0066974188533757504 -0.039678706984856343 -0.1510371944658685 0.14284713095446833 -0.66022770577204115 0.21861167531747086 0.0015912633561578936 0.11404852014244862 0.21358990001873571 0.36986168768877786 -0.011977202609496264 0.73717388832167297 -0.40382468988155501 0.19407911870220718 -0.59856004070107116
leaf_weight=29261 96 176 142 144 125 557 208 564 91 1102 84 82 680 80
leaf_count=29261 96 176 142 144 125 557 208 564 91 1102 84 82 680 80
internal_value=0.000155755 0.0409646 0.0202356 -0.265895 0.290389 0.0443129 -0.114974 0.069224 -0.00546718 0.0352213 0.439383 -0.0406993 0.10776 -0.299676
internal_weight=33392 4040 3735 286 305 3449 464 2985 29352 2421 209 1184 1237 256
internal_count=33392 4040 3735 286 305 3449 464 2985 29352 2421 209 1184 1237 256
is_linear=0
shrinkage=0.05


Tree=122
num_leaves=15
num_cat=0
split_feature=10 10 14 6 12 0 6 10 7 8 7 1 1 1
split_gain=2996.49 5065.53 5729.5 4138.34 3801.47 4110.82 3715.72 3675.76 5833.04 5014.53 4914.47 4372.43 3996.47 6389.78
threshold=189.50000000000003 182.50000000000003 162.50000000000003 191.50000000000003 184.50000000000003 4.5000000000000009 172.50000000000003 177.50000000000003 158.50000000000003 167.50000000000003 176.50000000000003 17.500000000000004 11.500000000000002 12.500000000000002
decision_type=2 2 2 2 2 2 2 2 2 2 2 2 2 2
left_child=1 3 -3 4 7 -6 -2 12 11 10 -10 -9 -1 -14
right_child=6 2 -4 -5 5 -7 -8 8 9 -11 -12 -13 13 -15
leaf_value=0.011725616472266555 0.29066685406008957 -0.4043501213119563 0.026390654129919991 0.19551347571253763 0.40886013972389901 -0.014312215884908653 0.011697631966756675 -0.26650307412658419 0.44354042926534815 0.028351306589839628 -0.011007152497768402 0.1644572608987801 -0.13923505232197489 -0.014870477926717751
leaf_weight=16140 192 160 144 264 112 112 304 149 224 264 80 91 1110 14046
leaf_count=16140 192 160 144 264 112 112 304 149 224 264 80 91 1110 14046
internal_value=0.000148863 -0.00169917 -0.20319 0.0002111 -0.00141378 0.201581 0.121509 -0.00286132 0.102101 0.188938 0.32568 -0.103076 -0.00558711 -0.0240216
internal_weight=33392 32896 304 32592 32328 224 496 32104 808 568 304 240 31296 15156
internal_count=33392 32896 304 32592 32328 224 496 32104 808 568 304 240 31296 15156
is_linear=0
shrinkage=0.05


Tree=123
num_leaves=15
num_cat=0
split_feature=4 14 11 13 13 14 9 13 3 6 12 7 12 13
split_gain=2919.82 10739.8 7040.34 3836.28 10622.4 8427.81 15533.7 15235.8 13933.5 21079.5 39627.5 9188.8 20125.8 13804.8
threshold=5.5000000000000009 47.000000000000007 41.000000000000007 52.000000000000007 93.500000000000014 141.50000000000003 104.50000000000001 135.50000000000003 1.5000000000000002 25.500000000000004 93.500000000000014 22.500000000000004 108.50000000000001 169.50000000000003
decision_type=2 2 2 2 2 2 2 2 2 2 2 2 2 2
left_child=3 -2 -3 -1 -5 11 8 -8 -7 -10 -11 12 -6 -13
right_child=1 2 -4 4 5 6 7 -9 9 10 -12 13 -14 -15
leaf_value=0.01992744662786294 -0.080761525908586318 0.52438921362161639 0.064345187791748165 -0.11631402828110311 -0.034774569908581562 0.15640268806600943 -0.44491595376172283 0.0004330131583335141 -0.10973429543781438 -1.5857579996188482 -0.27703868626787137 0.029882812925566701 -0.77553074096378527 0.319113616362942
leaf_weight=9126 1530 80 4140 2460 2658 151 197 3897 334 82 181 8036 90 430
leaf_count=9126 1530 80 4140 2460 2658 151 197 3897 334 82 181 8036 90 430
internal_value=0.000146892 0.0325482 0.0736767 -0.00659779 -0.0196732 -0.00483486 -0.0599288 -0.0215134 -0.268647 -0.376562 -0.707053 0.0189698 -0.0603996 0.0447529
internal_weight=33392 5750 4220 27642 18516 16056 4842 4094 748 597 263 11214 2748 8466
internal_count=33392 5750 4220 27642 18516 16056 4842 4094 748 597 263 11214 2748 8466
is_linear=0
shrinkage=0.05


Tree=124
num_leaves=15
num_cat=0
split_feature=1 11 10 11 10 9 7 1 9 8 7 5 11 14
split_gain=2835 3328.98 9632.23 6521.44 10653.8 7582.82 6678.1 12045.2 7331.34 6226.89 17750.9 6812.88 7870.61 11397.5
threshold=21.500000000000004 105.50000000000001 146.50000000000003 101.50000000000001 113.50000000000001 152.50000000000003 165.50000000000003 6.5000000000000009 103.50000000000001 22.500000000000004 61.500000000000007 60.500000000000007 129.50000000000003 101.50000000000001
decision_type=2 2 2 2 2 2 2 2 2 2 2 2 2 2
left_child=1 2 3 5 6 -1 7 -5 -9 -3 -11 -12 13 -13
right_child=-2 9 -4 4 -6 -7 -8 8 -10 10 11 12 -14 -15
leaf_value=-0.0014099499310767693 -0.048232626285455577 -0.33833542025389796 -0.46314157868425054 -0.0052001489909108932 -0.52078406160552027 0.33948841106711014 0.22700567466847468 -0.12966590121428928 -0.5964080398191105 0.72488489392730937 -0.33576131398453474 -0.015671115793176951 -0.0053944113927518978 0.13210427712860517
leaf_weight=14354 2774 114 112 858 136 160 168 179 160 85 128 2214 8781 3169
leaf_count=14354 2774 114 112 858 136 160 168 179 160 85 128 2214 8781 3169
internal_value=0.000122253 0.00451038 -0.0111164 -0.00781161 -0.106847 0.00246368 -0.0638552 -0.105452 -0.355424 0.0218992 0.0248723 0.020457 0.0237935 0.0713669
internal_weight=33392 30618 16127 16015 1501 14514 1365 1197 339 14491 14377 14292 14164 5383
internal_count=33392 30618 16127 16015 1501 14514 1365 1197 339 14491 14377 14292 14164 5383
is_linear=0
shrinkage=0.05


Tree=125
num_leaves=15
num_cat=0
split_feature=2 2 14 11 7 5 14 1 5 5 9 3 6 0
split_gain=2765 3958.55 3826.07 5666.41 3688.95 7873.91 8147.6 6495.36 8664.44 8569.41 5723.38 5251.82 4883.19 3818.55
threshold=1.0000000180025095e-35 2.5000000000000004 163.50000000000003 23.500000000000004 144.50000000000003 126.50000000000001 176.50000000000003 17.500000000000004 151.50000000000003 167.50000000000003 161.50000000000003 4.5000000000000009 165.50000000000003 4.5000000000000009
decision_type=2 2 2 2 2 2 2 2 2 2 2 2 2 2
left_child=2 4 -1 -4 5 6 -2 9 -9 11 -10 12 -6 -7
right_child=1 -3 3 -5 7 13 -8 8 10 -11 -12 -13 -14 -15
leaf_value=0.011361278604657054 -0.01783588297553201 0.019906033889884066 0.43021493522011173 0.070790518689138562 -0.21277203572390421 0.17606160393111564 -0.34812899855014523 -0.093893619065151868 0.44802810895219869 -0.019249964186479094 0.052312690273002928 -0.51553129484928262 -0.011107115559884955 0.018102801475696321
leaf_weight=7184 10867 8348 118 1046 1016 764 185 392 172 1814 192 104 426 764
leaf_count=7184 10867 8348 118 1046 1016 764 185 392 172 1814 192 104 426 764
internal_value=0.000108381 -0.00819889 0.0250202 0.108911 -0.0222531 -0.00879967 -0.0235196 -0.0633111 0.0687658 -0.0930865 0.242836 -0.179381 -0.15344 0.0973988
internal_weight=33392 25044 8348 1164 16696 12580 11052 4116 756 3360 364 1546 1442 1528
internal_count=33392 25044 8348 1164 16696 12580 11052 4116 756 3360 364 1546 1442 1528
is_linear=0
shrinkage=0.05


Tree=126
num_leaves=15
num_cat=0
split_feature=5 1 3 14 3 1 14 11 14 1 10 14 4 13
split_gain=2723.64 6011.29 15651.8 8995.66 5514.81 27435.4 5298.54 4017.21 15803 11426.4 6373.88 20465.9 21291.9 29991.3
threshold=21.500000000000004 6.5000000000000009 1.0000000180025095e-35 74.500000000000014 3.5000000000000004 9.5000000000000018 166.50000000000003 21.500000000000004 153.50000000000003 2.5000000000000004 23.500000000000004 174.50000000000003 1.5000000000000002 136.50000000000003
decision_type=2 2 2 2 2 2 2 2 2 2 2 2 2 2
left_child=1 3 -3 -1 5 -4 -6 8 9 -2 11 12 13 -9
right_child=7 2 4 -5 6 -7 -8 10 -10 -11 -12 -13 -14 -15
leaf_value=-0.047989606594897975 0.30046755292008975 0.6568498519474063 0.69440597785229718 -0.38306528153069519 -0.052286034777138071 -0.038114624853654765 -0.44486416573843202 0.1417788059860178 -0.66155618502137559 -0.10780320778736817 -0.00021543348145339534 0.72330283800075801 0.010521491238391498 1.2086260384486782
leaf_weight=680 209 82 146 280 1985 830 85 252 103 856 24320 111 3368 85
leaf_count=680 209 82 146 280 1985 830 85 252 103 856 24320 111 3368 85
internal_value=0.000103024 -0.0381036 -0.0044403 -0.147198 -0.0232899 0.074444 -0.0694395 0.00543856 -0.085223 -0.0266528 0.00921663 0.0692504 0.0487069 0.424601
internal_weight=33392 4088 3128 960 3046 976 2070 29304 1168 1065 28136 3816 3705 337
internal_count=33392 4088 3128 960 3046 976 2070 29304 1168 1065 28136 3816 3705 337
is_linear=0
shrinkage=0.05


Tree=127
num_leaves=15
num_cat=0
split_feature=12 14 3 8 1 11 8 1 3 13 0 5 6 1
split_gain=2678.1 7580.95 9340.69 16943.4 5381.99 4967 7267.9 5225.43 4839.56 4819.08 4646.57 3999.6 3699 3812.94
threshold=159.50000000000003 27.500000000000004 4.5000000000000009 137.50000000000003 12.500000000000002 155.50000000000003 126.50000000000001 17.500000000000004 4.5000000000000009 195.50000000000003 5.5000000000000009 171.50000000000003 190.50000000000003 9.5000000000000018
decision_type=2 2 2 2 2 2 2 2 2 2 2 2 2 2
left_child=9 4 5 -4 -2 6 11 10 -6 12 -7 -3 13 -1
right_child=1 2 3 -5 8 7 -8 -9 -10 -11 -12 -13 -14 -15
leaf_value=0.010946729185303759 -0.033514366313667582 -0.14511222018350883 0.13297994110438668 -0.62643432611437055 0.20479997268089881 0.084976744313341845 0.10825456923634653 0.20145528200909052 0.69974608106559588 0.34853596658504105 -0.058897466466835552 -0.56915950617369482 0.17046505888993932 -0.025367104908540092
leaf_weight=13787 96 176 142 144 125 1546 208 564 84 91 875 80 288 15186
leaf_count=13787 96 176 142 144 125 1546 208 564 84 91 875 80 288 15186
internal_value=0.000112844 0.038254 0.0185083 -0.253576 0.27586 0.0414046 -0.109991 0.0650827 0.415427 -0.00514251 0.0329634 -0.285992 -0.00630179 -0.00808801
internal_weight=33392 4040 3735 286 305 3449 464 2985 209 29352 2421 256 29261 28973
internal_count=33392 4040 3735 286 305 3449 464 2985 209 29352 2421 256 29261 28973
is_linear=0
shrinkage=0.05


Tree=128
num_leaves=15
num_cat=0
split_feature=10 10 14 12 0 10 7 8 7 1 6 6 6 4
split_gain=2722.67 4533.46 5121.19 3353.77 3646.13 3431.57 5217.14 4267.87 4368.04 3787.97 3320 3236.75 3970.48 22352.7
threshold=189.50000000000003 182.50000000000003 162.50000000000003 184.50000000000003 4.5000000000000009 177.50000000000003 158.50000000000003 167.50000000000003 176.50000000000003 17.500000000000004 172.50000000000003 190.50000000000003 179.50000000000003 1.5000000000000002
decision_type=2 2 2 2 2 2 2 2 2 2 2 2 2 2
left_child=1 3 -3 5 -5 11 9 8 -8 -7 -2 12 -1 -14
right_child=10 2 -4 4 -6 6 7 -9 -10 -11 -12 -13 13 -15
leaf_value=-0.0030203444294079622 0.27569128623241701 -0.38244727817900254 0.02479066035691524 0.38603986551205066 -0.012536898382708559 -0.25108240629945483 0.41793927986614049 0.03240752987716182 0.025880193122055962 0.1501035216691283 0.011978263771432697 0.16881690375527653 -0.77930032866024368 0.023235935106491433
leaf_weight=30720 192 160 144 112 112 149 224 288 104 91 304 264 104 424
leaf_count=30720 192 160 144 112 112 149 224 288 104 91 304 264 104 424
internal_value=0.000110973 -0.0016506 -0.192265 0.000156569 0.190829 -0.00119223 0.0972912 0.173952 0.295883 -0.0990072 0.115793 -0.00388247 -0.0053683 -0.140667
internal_weight=33392 32896 304 32592 224 32368 856 616 328 240 496 31512 31248 528
internal_count=33392 32896 304 32592 224 32368 856 616 328 240 496 31512 31248 528
is_linear=0
shrinkage=0.05


Tree=129
num_leaves=15
num_cat=0
split_feature=2 2 8 5 6 1 1 10 14 4 10 9 11 9
split_gain=2473.19 3656.23 3632.82 5697.94 6365.22 3560.59 11816.3 6775.1 7907.67 4135.13 3878.68 3522.97 8368.74 5263.15
threshold=1.0000000180025095e-35 1.5000000000000002 110.50000000000001 93.500000000000014 128.50000000000003 1.0000000180025095e-35 1.5000000000000002 100.50000000000001 58.500000000000007 4.5000000000000009 114.50000000000001 100.50000000000001 72.500000000000014 95.500000000000014
decision_type=2 2 2 2 2 2 2 2 2 2 2 2 2 2
left_child=2 -2 -1 -4 -5 7 -7 9 -9 -3 -10 13 -13 -8
right_child=1 5 3 4 -6 6 11 8 10 -11 -12 12 -14 -15
leaf_value=-0.0031848732946234562 -0.034757852843184035 0.24126982362241073 -0.28202078635277955 0.20709454316618811 0.038514266924149741 0.21131867789912484 -0.015031509687596685 -0.58084413544639302 -0.3149507004161558 -0.17022953320490686 0.036782017843908679 0.32840842622319405 0.014039098045987818 -0.2000180297973056
leaf_weight=5022 8348 168 110 718 2498 696 5986 110 121 90 205 212 8702 406
leaf_count=5022 8348 168 110 718 2498 696 5986 110 121 90 205 212 8702 406
internal_value=0.000106086 -0.0077506 0.0236667 0.0641544 0.0764143 0.00575939 0.0105814 -0.104705 -0.223938 0.0972163 -0.0965546 0.00138736 0.0216956 -0.0269284
internal_weight=33392 25044 8348 3326 3216 16696 16002 694 436 258 326 15306 8914 6392
internal_count=33392 25044 8348 3326 3216 16696 16002 694 436 258 326 15306 8914 6392
is_linear=0
shrinkage=0.05


Tree=130
num_leaves=15
num_cat=0
split_feature=13 13 5 14 13 9 3 6 12 7 12 13 7 10
split_gain=2457.74 8702.32 7542.74 7112.3 12924 10788.6 12719.6 13038.6 43022.9 8052.18 17841.6 11610 8728.79 10641.8
threshold=28.500000000000004 94.500000000000014 127.50000000000001 149.50000000000003 145.50000000000003 100.50000000000001 1.5000000000000002 25.500000000000004 101.50000000000001 22.500000000000004 108.50000000000001 169.50000000000003 24.500000000000004 98.500000000000014
decision_type=2 2 2 2 2 2 2 2 2 2 2 2 2 2
left_child=-1 2 -2 9 -5 6 -6 -8 -9 10 -3 -11 -13 -14
right_child=1 3 -4 4 5 -7 7 8 -10 11 -12 12 13 -15
leaf_value=0.020045638114176416 -0.058872042472371225 -0.028739296196869442 -0.30894032432379903 -0.29611319166088118 0.2853865034340583 0.0044327598189201406 -0.09698094450673829 -1.4729423630474645 0.015682542205384349 0.028477532999547903 -0.72501945150525948 0.66359504943841052 -0.16979918177568298 0.30379366487974213
leaf_weight=10554 2914 2939 332 466 92 4295 234 83 108 10626 90 100 165 394
leaf_count=10554 2914 2939 332 466 92 4295 234 83 108 10626 90 100 165 394
internal_value=9.68626e-05 -0.00912433 -0.0848848 0.00344611 -0.0461388 -0.0216487 -0.236289 -0.351222 -0.65228 0.0217393 -0.0505884 0.0411665 0.244014 0.163737
internal_weight=33392 22838 3246 19592 5278 4812 517 425 191 14314 3029 11285 659 559
internal_count=33392 22838 3246 19592 5278 4812 517 425 191 14314 3029 11285 659 559
is_linear=0
shrinkage=0.05


Tree=131
num_leaves=15
num_cat=0
split_feature=1 13 12 7 5 1 5 14 9 4 14 5 1 13
split_gain=2538.53 8398.21 4316.42 4312.03 4272.07 3700.42 14017.5 22861.7 9183.81 8287.11 9032.79 7212.61 5876.38 5671.29
threshold=19.500000000000004 140.50000000000003 171.50000000000003 121.50000000000001 159.50000000000003 17.500000000000004 144.50000000000003 134.50000000000003 157.50000000000003 1.5000000000000002 137.50000000000003 135.50000000000003 16.500000000000004 123.50000000000001
decision_type=2 2 2 2 2 2 2 2 2 2 2 2 2 2
left_child=5 2 3 -2 -5 12 9 8 -8 -7 11 -11 -1 -14
right_child=1 -3 -4 4 -6 6 7 -9 -10 10 -12 -13 13 -15
leaf_value=0.0060403265081859919 -0.051271573388957818 -0.49195148851914505 -0.3256589157506824 0.060659896589995654 -0.22185798361897469 0.28933012409537445 0.79249252333820608 0.051833752408237968 0.28059373888689254 -0.068696313671519682 -0.32770737589493115 0.38483719353874529 -0.17898884058888609 0.027948512392318266
leaf_weight=23658 3310 92 110 1907 139 148 156 1096 212 761 317 94 856 536
leaf_count=23658 3310 92 110 1907 139 148 156 1096 212 761 317 94 856 536
internal_value=7.82758e-05 -0.030757 -0.022552 -0.0160289 0.0409723 0.00624 0.0608721 0.167154 0.505309 -0.05719 -0.101992 -0.0168866 0.000157374 -0.0994912
internal_weight=33392 5558 5466 5356 2046 27834 2784 1464 368 1320 1172 855 25050 1392
internal_count=33392 5558 5466 5356 2046 27834 2784 1464 368 1320 1172 855 25050 1392
is_linear=0
shrinkage=0.05


Tree=132
num_leaves=15
num_cat=0
split_feature=12 6 14 14 1 1 11 5 6 11 3 4 7 9
split_gain=2430.02 3108.14 4652.56 2668.82 2523.08 8592.17 45979.6 38816.1 51951.4 37497.3 46598.5 62058.7 27827.7 18332.8
threshold=179.50000000000003 162.50000000000003 140.50000000000003 156.50000000000003 9.5000000000000018 7.5000000000000009 25.500000000000004 104.50000000000001 105.50000000000001 21.500000000000004 3.5000000000000004 3.5000000000000004 25.500000000000004 104.50000000000001
decision_type=2 2 2 2 2 2 2 2 2 2 2 2 2 2
left_child=4 3 -3 -2 5 -1 9 8 13 10 11 -7 -11 -8
right_child=1 2 -4 -5 -6 6 7 -9 -10 12 -12 -13 -14 -15
leaf_value=-0.0054266540834251135 0.42066466952296527 -0.1675986963045325 0.14665896481494245 0.069348133284112684 -0.013851771431945506 -0.34982991848099099 -0.3077661525880715 0.1326167730405288 -1.3786973652839662 1.1675097270246366 -0.51083325640756205 1.4852700862824462 0.27059296026731594 0.30185640215159892
leaf_weight=11130 106 192 288 110 18782 84 471 1348 95 206 172 93 153 162
leaf_count=11130 106 192 288 110 18782 84 471 1348 95 206 172 93 153 162
internal_value=7.60659e-05 0.0921868 0.020524 0.24737 -0.00189849 0.014236 0.092713 -0.0262018 -0.319177 0.439134 0.0678082 0.62869 0.794226 -0.150606
internal_weight=33392 696 480 216 32696 13914 2784 2076 728 708 349 177 359 633
internal_count=33392 696 480 216 32696 13914 2784 2076 728 708 349 177 359 633
is_linear=0
shrinkage=0.05


Tree=133
num_leaves=15
num_cat=0
split_feature=10 10 14 10 7 8 7 1 5 6 12 0 1 1
split_gain=2394.12 4115.71 4549.97 2997.96 4714.46 3821.48 3889.65 3351.86 3170.55 2977.19 2905.91 3172.83 2940.13 7766.55
threshold=189.50000000000003 182.50000000000003 162.50000000000003 177.50000000000003 158.50000000000003 167.50000000000003 176.50000000000003 17.500000000000004 174.50000000000003 172.50000000000003 184.50000000000003 4.5000000000000009 9.5000000000000018 7.5000000000000009
decision_type=2 2 2 2 2 2 2 2 2 2 2 2 2 2
left_child=1 3 -3 10 7 6 -6 -5 -7 -2 12 -12 13 -1
right_child=9 2 -4 4 5 8 -8 -9 -10 -11 11 -13 -14 -15
leaf_value=-0.0051554431941636877 0.25997665500655998 -0.36244885132619831 0.021464659658068444 -0.23742544888095424 0.39564598882448854 -0.14153019472005521 0.025615494787146195 0.13998642326150731 0.18522036018644927 0.010268894652911375 0.35722859671227952 -0.01446505299745462 -0.01721274781783682 0.088149982460806381
leaf_weight=11130 192 160 144 149 224 136 104 91 152 304 112 112 17598 2784
leaf_count=11130 192 160 144 149 224 136 104 91 152 304 112 112 17598 2784
internal_value=8.16982e-05 -0.00157017 -0.18319 0.000151726 0.0922114 0.165087 0.280466 -0.094387 0.0311394 0.10856 -0.00234549 0.175124 -0.0036346 0.0135386
internal_weight=33392 32896 304 32592 856 616 328 240 288 496 31736 224 31512 13914
internal_count=33392 32896 304 32592 856 616 328 240 288 496 31736 224 31512 13914
is_linear=0
shrinkage=0.05


Tree=134
num_leaves=15
num_cat=0
split_feature=1 11 10 11 10 9 7 1 9 7 3 14 8 14
split_gain=2229.97 2697.76 8563.17 6096.99 9708.29 6714.21 5960.48 11096.9 6695.76 5596.59 12110.3 7869.24 7537.64 7792.13
threshold=21.500000000000004 105.50000000000001 146.50000000000003 101.50000000000001 113.50000000000001 152.50000000000003 165.50000000000003 6.5000000000000009 107.50000000000001 90.500000000000014 5.5000000000000009 156.50000000000003 95.500000000000014 56.500000000000007
decision_type=2 2 2 2 2 2 2 2 2 2 2 2 2 2
left_child=1 2 3 5 6 -1 7 -5 -9 10 11 -3 13 -11
right_child=-2 9 -4 4 -6 -7 -8 8 -10 12 -12 -13 -14 -15
leaf_value=-0.0006870084599060809 -0.042802850023067357 0.115444096996503 -0.43629532413413891 -0.0047635858382429818 -0.49788046045400575 0.32009277825215549 0.21310916087789344 -0.15913482428850415 -0.61644923415448938 -0.61202546111468614 0.6653797660650832 -0.13628410730520729 0.014841267387739339 -0.091740292090777678
leaf_weight=14354 2774 1683 112 858 136 160 168 209 130 82 84 376 11834 432
leaf_count=14354 2774 1683 112 858 136 160 168 209 130 82 84 376 11834 432
internal_value=8.2893e-05 0.00397471 -0.0100927 -0.00697685 -0.102736 0.00295823 -0.0616924 -0.100987 -0.340917 0.0196284 0.0941174 0.0692565 0.00666794 -0.17984
internal_weight=33392 30618 16127 16015 1501 14514 1365 1197 339 14491 2143 2059 12348 514
internal_count=33392 30618 16127 16015 1501 14514 1365 1197 339 14491 2143 2059 12348 514
is_linear=0
shrinkage=0.05


Tree=135
num_leaves=15
num_cat=0
split_feature=2 2 7 5 11 1 5 5 9 9 14 13 1 3
split_gain=2179.29 3351.58 3556.74 6415.96 7416.31 5759.85 7429.08 7279.68 5180.51 4973.07 6260.83 6057.52 6318.26 4679.96
threshold=1.0000000180025095e-35 2.5000000000000004 144.50000000000003 149.50000000000003 121.50000000000001 17.500000000000004 151.50000000000003 167.50000000000003 161.50000000000003 154.50000000000003 176.50000000000003 23.500000000000004 17.500000000000004 4.5000000000000009
decision_type=2 2 2 2 2 2 2 2 2 2 2 2 2 2
left_child=-1 2 3 9 -5 7 -7 13 -8 10 -2 -11 -13 -4
right_child=1 -3 5 4 -6 6 8 -9 -10 11 -12 12 -14 -15
leaf_value=0.022185695334513259 -0.016909382732612745 0.01855469910064397 -0.14364636536763561 0.57726388210326096 0.07841744076839377 -0.086794366788879154 0.42020528815728797 -0.020529004700974435 0.043917556836974202 0.45915889473945165 -0.30635035142382172 -0.051612971886195715 0.41474914268954938 -0.48542716604307162
leaf_weight=8348 11303 8348 1442 84 472 392 172 1814 192 108 185 341 87 104
leaf_count=8348 11303 8348 1442 84 472 392 172 1814 192 108 185 341 87 104
internal_value=6.92476e-05 -0.00730586 -0.0202378 -0.0070284 0.158256 -0.0605531 0.0638249 -0.0885914 0.225008 -0.0147339 -0.0217017 0.133427 0.0468795 -0.168129
internal_weight=33392 25044 16696 12580 556 4116 756 3360 364 12024 11488 536 428 1546
internal_count=33392 25044 16696 12580 556 4116 756 3360 364 12024 11488 536 428 1546
is_linear=0
shrinkage=0.05


Tree=136
num_leaves=15
num_cat=0
split_feature=4 14 11 10 13 13 3 14 13 9 3 6 5 9
split_gain=2133.81 8915.23 5389.55 3274.02 3137.93 8202.4 6462.07 6460.1 16103.4 12619.7 11846 15500.8 28690.6 9440.73
threshold=5.5000000000000009 47.000000000000007 41.000000000000007 46.500000000000007 52.000000000000007 70.500000000000014 4.5000000000000009 135.50000000000003 136.50000000000003 104.50000000000001 1.5000000000000002 25.500000000000004 106.50000000000001 161.50000000000003
decision_type=2 2 2 2 2 2 2 2 2 2 2 2 2 2
left_child=4 3 -3 -2 -1 6 -6 13 -9 10 -10 -12 -13 -7
right_child=1 2 -4 -5 5 7 -8 8 9 -11 11 12 -14 -15
leaf_value=0.018296547209664199 -0.057347325977520569 0.45959912775193951 0.057079516969829297 -0.37366972181560665 -0.30296767646672762 0.021888977262566764 -0.0018543789166285366 -0.35247423987704168 0.18931688321819465 0.0030594515256397244 -0.085881630769563899 -1.2948502509389073 -0.20926426246008845 -0.13351610334387767
leaf_weight=9126 1448 80 4140 82 434 11501 300 420 138 4071 325 91 173 1063
leaf_count=9126 1448 80 4140 82 434 11501 300 420 138 4071 325 91 173 1063
internal_value=7.26961e-05 0.0277716 0.0652451 -0.0754625 -0.00569312 -0.0175187 -0.180742 -0.0107323 -0.0574678 -0.031304 -0.222436 -0.31969 -0.600575 0.00869277
internal_weight=33392 5750 4220 1530 27642 18516 734 17782 5218 4798 727 589 264 12564
internal_count=33392 5750 4220 1530 27642 18516 734 17782 5218 4798 727 589 264 12564
is_linear=0
shrinkage=0.05


Tree=137
num_leaves=15
num_cat=0
split_feature=1 11 11 10 7 1 9 7 7 8 7 5 11 12
split_gain=2127.7 2459.26 7873.49 13965.1 5365.46 9998.16 6108.28 5353.01 8636.29 5188.55 15528.8 5537.06 6553.81 9916.89
threshold=21.500000000000004 105.50000000000001 101.50000000000001 113.50000000000001 165.50000000000003 6.5000000000000009 107.50000000000001 187.50000000000003 179.50000000000003 22.500000000000004 61.500000000000007 60.500000000000007 129.50000000000003 144.50000000000003
decision_type=2 2 2 2 2 2 2 2 2 2 2 2 2 2
left_child=1 2 7 4 5 -4 -7 8 -1 -3 -11 -12 -13 -14
right_child=-2 9 3 -5 -6 6 -8 -9 -10 10 11 12 13 -15
leaf_value=0.0025651074673767506 -0.041837146310926207 -0.31002660919638242 -0.00517311301794624 -0.50989566860994706 0.20149861997951662 -0.15067281664357846 -0.58740447993631717 0.36460298215693765 -0.46140768361453077 0.67624548818916086 -0.30374833482100549 0.063806154939618304 -0.09128590086962203 0.026923445153343925
leaf_weight=14378 2774 114 858 192 168 209 130 96 96 85 128 5383 2461 6320
leaf_count=14378 2774 114 858 192 168 209 130 96 96 85 128 5383 2461 6320
internal_value=5.36212e-05 0.00385515 -0.00957609 -0.11626 -0.0592326 -0.0965125 -0.324255 0.00186049 -0.000670505 0.0188009 0.0215151 0.0173861 0.0203943 -0.0062395
internal_weight=33392 30618 16127 1557 1365 1197 339 14570 14474 14491 14377 14292 14164 8781
internal_count=33392 30618 16127 1557 1365 1197 339 14570 14474 14491 14377 14292 14164 8781
is_linear=0
shrinkage=0.05


Tree=138
num_leaves=15
num_cat=0
split_feature=5 1 3 14 3 1 14 11 14 1 10 14 4 1
split_gain=2093.32 5804.65 12586.3 8172.95 4793.63 23820.7 4719.43 3361.11 14260.4 9813.82 5982.99 17701.1 18740.6 28254.6
threshold=21.500000000000004 6.5000000000000009 1.0000000180025095e-35 74.500000000000014 3.5000000000000004 9.5000000000000018 166.50000000000003 21.500000000000004 153.50000000000003 2.5000000000000004 23.500000000000004 174.50000000000003 1.5000000000000002 12.500000000000002
decision_type=2 2 2 2 2 2 2 2 2 2 2 2 2 2
left_child=1 3 -3 -1 5 -4 -6 8 9 -2 11 12 13 -9
right_child=7 2 4 -5 6 -7 -8 10 -10 -11 -12 -13 -14 -15
leaf_value=-0.04608918358252323 0.28056327289832045 0.59262078588924794 0.651492213650255 -0.36547894207629983 -0.044146308668002246 -0.031086363318030483 -0.41459857057780031 0.045124527731901808 -0.625685248234637 -0.097798506023078879 -0.00096217353869159749 0.67461769872441379 0.011404421153338061 0.98390800121218658
leaf_weight=680 209 82 146 280 1985 830 85 213 103 856 24320 111 3368 124
leaf_count=680 209 82 146 280 1985 830 85 213 103 856 24320 111 3368 124
internal_value=4.25127e-05 -0.0334526 -0.000379447 -0.140656 -0.0172884 0.0738208 -0.0603205 0.00472009 -0.078208 -0.0225832 0.00817594 0.0663397 0.0472314 0.399887
internal_weight=33392 4088 3128 960 3046 976 2070 29304 1168 1065 28136 3816 3705 337
internal_count=33392 4088 3128 960 3046 976 2070 29304 1168 1065 28136 3816 3705 337
is_linear=0
shrinkage=0.05


Tree=139
num_leaves=15
num_cat=0
split_feature=10 10 14 10 7 8 7 1 5 13 6 14 13 12
split_gain=2063.03 3764.67 4036.45 2736.85 4310.59 3458.95 3528.32 3030.43 2793.76 2653.02 2644.3 2698.8 2611.82 2560.88
threshold=189.50000000000003 182.50000000000003 162.50000000000003 177.50000000000003 158.50000000000003 167.50000000000003 176.50000000000003 17.500000000000004 174.50000000000003 195.50000000000003 172.50000000000003 169.50000000000003 137.50000000000003 184.50000000000003
decision_type=2 2 2 2 2 2 2 2 2 2 2 2 2 2
left_child=1 3 -3 9 7 6 -6 -5 -7 13 -2 12 -12 -1
right_child=10 2 -4 4 5 8 -8 -9 -10 -11 11 -13 -14 -15
leaf_value=-0.0042662691632715998 0.24344996313096456 -0.34401878026737409 0.017661425801956614 -0.22630154287757037 0.37728142200859355 -0.13174865760490403 0.0248334216825459 0.13256934770421747 0.17498006522655488 0.24869571004595079 -0.26023357020396937 0.20217626439897637 0.1003852672956802 0.16354657656322011
leaf_weight=31412 192 160 144 149 224 136 104 91 152 100 109 109 86 224
leaf_count=31412 192 160 144 149 224 136 104 91 152 100 109 109 86 224
internal_value=5.24681e-05 -0.00148092 -0.175183 0.000165894 0.0881252 0.157809 0.26758 -0.0903011 0.0303594 -0.0022201 0.100751 0.0081441 -0.102658 -0.00305241
internal_weight=33392 32896 304 32592 856 616 328 240 288 31736 496 304 195 31636
internal_count=33392 32896 304 32592 856 616 328 240 288 31736 496 304 195 31636
is_linear=0
shrinkage=0.05


Tree=140
num_leaves=15
num_cat=0
split_feature=2 2 14 13 14 8 1 5 8 5 14 14 9 9
split_gain=1966.5 3127.37 3694.73 4418 3681.39 11441.4 11766.2 4914.05 3079.86 5345.33 5507.53 4565.55 3725.35 8305.28
threshold=1.0000000180025095e-35 1.5000000000000002 156.50000000000003 149.50000000000003 135.50000000000003 132.50000000000003 15.500000000000002 173.50000000000003 108.50000000000001 94.500000000000014 97.500000000000014 72.500000000000014 107.50000000000001 110.50000000000001
decision_type=2 2 2 2 2 2 2 2 2 2 2 2 2 2
left_child=8 2 3 4 7 -6 -7 -2 12 11 -11 -10 -1 -14
right_child=1 -3 -4 -5 5 6 -8 -9 9 10 -12 -13 13 -15
leaf_value=0.017074697287560042 -0.032516559260446123 0.0055441307141354682 -0.11674939757708783 0.086774190260368977 0.11112233403194799 -0.72645065822853505 0.033623831947757442 0.20467738977465208 -0.43907204079156631 0.23158758148607431 0.045268138514898887 0.064751901325964659 -0.34681442529272244 -0.0077710339751484022
leaf_weight=3924 5766 16696 1108 866 178 125 83 222 93 457 2835 81 236 722
leaf_count=3924 5766 16696 1108 866 178 125 83 222 93 457 2835 81 236 722
internal_value=5.5227e-05 -0.00695057 -0.0319283 -0.0188758 -0.0332867 -0.181955 -0.429482 -0.0235594 0.0210642 0.0570713 0.0714452 -0.209276 -0.00453148 -0.0926602
internal_weight=33392 25044 8348 7240 6374 386 208 5988 8348 3466 3292 174 4882 958
internal_count=33392 25044 8348 7240 6374 386 208 5988 8348 3466 3292 174 4882 958
is_linear=0
shrinkage=0.05


Tree=141
num_leaves=15
num_cat=0
split_feature=1 12 8 8 13 12 14 6 13 14 9 9 4 13
split_gain=1918.04 2360.14 3406.86 3106.33 2315.39 6938.53 20241.9 14815.6 6559.48 6793.14 10537.3 9757.14 9703.39 9018.02
threshold=21.500000000000004 141.50000000000003 108.50000000000001 131.50000000000003 28.500000000000004 136.50000000000003 63.500000000000007 158.50000000000003 83.500000000000014 149.50000000000003 100.50000000000001 95.500000000000014 3.5000000000000004 140.50000000000003
decision_type=2 2 2 2 2 2 2 2 2 2 2 2 2 2
left_child=4 3 -3 -2 5 -1 7 -7 -6 -10 11 12 -11 -12
right_child=1 2 -4 -5 8 6 -8 -9 9 10 13 -13 -14 -15
leaf_value=0.0032921447134626768 -0.033615398590924925 -0.38736598379909992 -0.064434518436579644 0.21787929094969655 -0.093236591551121323 1.0353338067371822 0.056998438749987661 0.10862044337917776 0.021777515154426188 -0.34809762448124798 -0.36167599903772008 -0.6185200367956909 0.10263972350827609 -0.0054781234861955219
leaf_weight=7814 2216 105 328 125 1936 92 1672 80 13742 244 180 129 226 4503
leaf_count=7814 2216 105 328 125 1936 92 1672 80 13742 244 180 129 226 4503
internal_value=4.59608e-05 -0.0397274 -0.146272 -0.0197508 0.00365534 0.0239044 0.111004 0.619549 -0.00567853 0.00325408 -0.0449127 -0.241471 -0.132561 -0.0195404
internal_weight=33392 2774 433 2341 30618 9658 1844 172 20960 19024 5282 599 470 4683
internal_count=33392 2774 433 2341 30618 9658 1844 172 20960 19024 5282 599 470 4683
is_linear=0
shrinkage=0.05


Tree=142
num_leaves=15
num_cat=0
split_feature=12 3 14 13 14 3 13 14 4 4 1 4 6 14
split_gain=1875.69 5947.67 8771.12 19457 7029.09 4883.31 25506.9 8441.11 7808 29493.2 6313.36 4032.28 15476.8 31971.8
threshold=21.500000000000004 5.5000000000000009 129.50000000000003 106.50000000000001 159.50000000000003 4.5000000000000009 64.500000000000014 58.500000000000007 3.5000000000000004 4.5000000000000009 7.5000000000000009 1.5000000000000002 167.50000000000003 23.500000000000004
decision_type=2 2 2 2 2 2 2 2 2 2 2 2 2 2
left_child=1 2 5 -4 -3 7 -7 8 -1 -10 -9 12 -2 -14
right_child=11 4 3 -5 -6 6 -8 10 9 -11 -12 -13 13 -15
leaf_value=-0.051197864994784507 0.10373994182165523 -0.079480771374904335 0.83506331830751146 -0.034750841490155004 -0.46297521429290445 0.90741687585325814 -0.028139892324794372 -0.34858574005337356 0.98487180743492064 -0.15572675921588761 0.079466576788287904 -0.0026091828829785607 -0.98795614709155721 -0.022432342784837685
leaf_weight=1177 2983 1218 95 179 128 80 508 346 84 153 112 25593 94 642
leaf_count=1177 2983 1218 95 179 128 80 508 346 84 153 112 25593 94 642
internal_value=4.0924e-05 -0.0317006 0.0106914 0.276388 -0.117528 -0.019403 0.105725 -0.0588829 0.00178498 0.260532 -0.244181 0.00446375 0.0530756 -0.151581
internal_weight=33392 4080 2734 274 1346 2460 588 1872 1414 237 458 29312 3719 736
internal_count=33392 4080 2734 274 1346 2460 588 1872 1414 237 458 29312 3719 736
is_linear=0
shrinkage=0.05


Tree=143
num_leaves=15
num_cat=0
split_feature=4 14 11 10 13 13 5 14 13 9 6 5 9 9
split_gain=1860.8 7943.28 4714.44 2908.42 2666.75 7257.83 7623.33 6827.01 11328 9435.79 11520 26264.1 7839.62 7073.83
threshold=5.5000000000000009 47.000000000000007 41.000000000000007 46.500000000000007 52.000000000000007 92.500000000000014 127.50000000000001 141.50000000000003 145.50000000000003 104.50000000000001 24.500000000000004 104.50000000000001 112.50000000000001 161.50000000000003
decision_type=2 2 2 2 2 2 2 2 2 2 2 2 2 2
left_child=4 3 -3 -2 -1 6 -6 13 -9 10 -10 -12 -11 -7
right_child=1 2 -4 -5 5 7 -8 8 9 12 11 -13 -14 -15
leaf_value=0.016775444662278746 -0.054457769670773037 0.43011382140657484 0.053645358955037116 -0.35260202663725826 -0.067587372810736332 0.029176747975250251 -0.36234930302054297 -0.2524106417264213 0.04971520189059668 0.24901322109884294 -1.0398651657557048 -0.1075873291155616 -0.015914120958241601 -0.10853156304586589
leaf_weight=9126 1448 80 4140 82 2069 10344 241 622 259 300 103 256 3302 1020
leaf_count=9126 1448 80 4140 82 2069 10344 241 622 259 300 103 256 3302 1020
internal_value=4.43925e-05 0.0259107 0.0612828 -0.0715332 -0.00533995 -0.0162416 -0.0990558 -0.00441034 -0.0540956 -0.0246012 -0.204271 -0.385675 0.00646549 0.0167742
internal_weight=33392 5750 4220 1530 27642 18516 2310 16206 4842 4220 618 359 3602 11364
internal_count=33392 5750 4220 1530 27642 18516 2310 16206 4842 4220 618 359 3602 11364
is_linear=0
shrinkage=0.05


Tree=144
num_leaves=15
num_cat=0
split_feature=1 13 12 14 9 13 1 5 14 9 4 14 5 13
split_gain=1954.86 7580.94 4084.44 3947.2 4368.46 3851.7 3280.23 11888.3 18132.1 6296.76 6193.37 8833.89 10223.2 8110.29
threshold=19.500000000000004 140.50000000000003 171.50000000000003 134.50000000000003 146.50000000000003 130.50000000000003 17.500000000000004 151.50000000000003 133.50000000000003 160.50000000000003 1.5000000000000002 136.50000000000003 135.50000000000003 116.50000000000001
decision_type=2 2 2 2 2 2 2 2 2 2 2 2 2 2
left_child=6 2 3 4 -2 -6 -1 10 9 -9 -8 12 -12 -14
right_child=1 -3 -4 -5 5 -7 7 8 -10 -11 11 -13 13 -15
leaf_value=-0.00028893861820632714 -0.026081336926238093 -0.46520298748593975 -0.31407859994989379 -0.25216187659182593 0.13880096898383071 -0.1489204379365496 0.26168770691908805 0.80607534400590763 0.075663526886083354 0.2847340599523755 -0.064328701487014694 -0.24038504582389442 0.69812663190666291 0.073113397068350849
leaf_weight=25050 4303 92 110 162 758 133 157 122 935 122 761 473 82 132
leaf_count=25050 4303 92 110 162 758 133 157 122 935 122 761 473 82 132
internal_value=3.06984e-05 -0.0270284 -0.0192349 -0.0128922 -0.00519413 0.0952613 0.00543785 0.0568747 0.177075 0.556357 -0.0316974 -0.0642989 0.0219161 0.323076
internal_weight=33392 5558 5466 5356 5194 891 27834 2784 1179 244 1605 1448 975 214
internal_count=33392 5558 5466 5356 5194 891 27834 2784 1179 244 1605 1448 975 214
is_linear=0
shrinkage=0.05


Tree=145
num_leaves=15
num_cat=0
split_feature=10 10 14 6 8 12 6 14 13 7 10 7 9 5
split_gain=1812.45 3448.68 3605.89 2483.93 2507.9 3413.17 2318.4 2379.55 2385.39 2302.42 21700.3 12590.1 11105.8 6309.43
threshold=189.50000000000003 182.50000000000003 162.50000000000003 191.50000000000003 178.50000000000003 135.50000000000003 172.50000000000003 169.50000000000003 137.50000000000003 147.50000000000003 62.500000000000007 149.50000000000003 155.50000000000003 126.50000000000001
decision_type=2 2 2 2 2 2 2 2 2 2 2 2 2 2
left_child=1 3 -3 4 9 -6 -2 8 -8 13 -11 12 -12 -1
right_child=6 2 -4 -5 5 -7 7 -9 -10 10 11 -13 -14 -15
leaf_value=-0.0054815974991369735 0.22803663125162388 -0.32722870882149002 0.014681651827022935 0.1514831520381581 -0.036644577447212105 0.27615034577569791 -0.24694910526537062 0.18990014005909886 0.097635616918841567 -0.75641192196324325 -0.047723937731981275 -0.0040079876791071943 -0.74706343488955718 0.067989006264102023
leaf_weight=22200 192 160 144 264 160 184 109 109 86 96 120 6104 104 3360
leaf_count=22200 192 160 144 264 160 184 109 109 86 96 120 6104 104 3360
internal_value=3.53522e-05 -0.0014019 -0.167654 0.000174291 -0.00108458 0.132224 0.0944201 0.00770634 -0.0963368 -0.0025388 -0.0292857 -0.0176662 -0.381639 0.00418792
internal_weight=33392 32896 304 32592 32328 344 496 304 195 31984 6424 6328 224 25560
internal_count=33392 32896 304 32592 32328 344 496 304 195 31984 6424 6328 224 25560
is_linear=0
shrinkage=0.05


Tree=146
num_leaves=15
num_cat=0
split_feature=2 14 11 12 2 7 6 1 1 5 6 14 5 14
split_gain=1788.5 2991.92 5200.22 3375.38 2846.71 3041.82 9326.98 7227.16 9529.18 5319.94 4788.6 4299.4 6698.08 3606.29
threshold=1.0000000180025095e-35 163.50000000000003 23.500000000000004 93.500000000000014 2.5000000000000004 132.50000000000003 143.50000000000003 17.500000000000004 16.500000000000004 168.50000000000003 165.50000000000003 176.50000000000003 110.50000000000001 119.50000000000001
decision_type=2 2 2 2 2 2 2 2 2 2 2 2 2 2
left_child=1 -1 -3 -4 5 6 11 8 9 -7 -9 -2 -13 -10
right_child=4 2 3 -5 -6 7 -8 10 13 -11 -12 12 -14 -15
leaf_value=0.007983630228531673 -0.0082133854932906012 0.40197216134700109 -0.1723197009468036 0.092346239130996821 0.017177119412028839 -0.12289581747494477 0.25253592786895346 0.0096115545723918158 -0.22197152547720123 0.008473034980862975 0.2793585043007405 -0.48340087142337851 0.028580246628194618 -0.56897877825028975
leaf_weight=7184 11418 118 134 912 8348 1502 336 952 374 1576 194 117 133 94
leaf_count=7184 11418 118 134 912 8348 1502 336 952 374 1576 194 117 133 94
internal_value=2.50087e-05 0.0200606 0.0942443 0.0577822 -0.00665618 -0.0185744 -0.00522421 -0.0526876 -0.087937 -0.0557276 0.0562907 -0.0127518 -0.215807 -0.296947
internal_weight=33392 8348 1164 1046 25044 16696 12004 4692 3546 3078 1146 11668 250 468
internal_count=33392 8348 1164 1046 25044 16696 12004 4692 3546 3078 1146 11668 250 468
is_linear=0
shrinkage=0.05


Tree=147
num_leaves=15
num_cat=0
split_feature=1 13 12 14 9 9 12 1 7 11 11 13 6 14
split_gain=1845.61 6753.95 3720.22 3640.85 4090.63 3419.97 4100.19 2641.7 10688.1 8849.64 12411.2 9777.32 9776.27 10763.1
threshold=19.500000000000004 140.50000000000003 171.50000000000003 135.50000000000003 146.50000000000003 162.50000000000003 159.50000000000003 17.500000000000004 162.50000000000003 162.50000000000003 151.50000000000003 155.50000000000003 140.50000000000003 134.50000000000003
decision_type=2 2 2 2 2 2 2 2 2 2 2 2 2 2
left_child=7 2 3 4 -2 -6 -7 -1 9 10 12 -12 -9 -14
right_child=1 -3 -4 -5 5 6 -8 8 -10 -11 11 -13 13 -15
leaf_value=0.0001347113417026505 -0.026413693167544973 -0.43985846492740299 -0.30030691483098532 -0.26542096531970039 0.14734439249549988 -0.22723556547395646 0.19911004046208403 -0.043051889023457135 0.30528229674752649 0.20934373614232693 -0.12619137646630407 -0.67975790543599179 0.64891266762439548 0.078759804368019104
leaf_weight=25050 4317 92 110 134 671 150 84 1159 356 462 295 106 111 295
leaf_count=25050 4317 92 110 134 671 150 84 1159 356 462 295 106 111 295
internal_value=2.01673e-05 -0.026272 -0.0189151 -0.0128613 -0.00613275 0.0902243 -0.0732248 0.00527406 0.051434 0.0136631 -0.0327352 -0.27909 0.0310761 0.240637
internal_weight=33392 5558 5466 5356 5222 905 234 27834 2784 2428 1966 401 1565 406
internal_count=33392 5558 5466 5356 5222 905 234 27834 2784 2428 1966 401 1565 406
is_linear=0
shrinkage=0.05


Tree=148
num_leaves=15
num_cat=0
split_feature=12 6 14 14 12 5 10 14 11 0 2 1 1 11
split_gain=1751.98 2517.16 3824.93 2356.38 2155.84 5983.09 3080.11 2844.86 1987.74 3705.29 2730.15 1922.34 7284.19 39692.9
threshold=179.50000000000003 162.50000000000003 167.50000000000003 156.50000000000003 176.50000000000003 167.50000000000003 190.50000000000003 171.50000000000003 184.50000000000003 4.5000000000000009 1.5000000000000002 9.5000000000000018 7.5000000000000009 25.500000000000004
decision_type=2 2 2 2 2 2 2 2 2 2 2 2 2 2
left_child=4 3 8 -2 6 -6 11 -8 9 -3 -11 12 -1 -14
right_child=1 2 -4 -5 5 -7 7 -9 -10 10 -12 -13 13 -15
leaf_value=-0.0061000295102470936 0.38059024177449713 0.23985996724010628 0.2659213478182969 0.051339208827070576 -0.38262230526950014 0.08023010637336131 0.045019919576420299 0.36523610833927855 -0.24355493123651645 0.062579285830594175 -0.33624286244020746 -0.012677632155029784 0.40612994995030882 -0.026221185993557151
leaf_weight=11130 106 102 110 110 128 144 202 102 104 84 80 18206 708 2076
leaf_count=11130 106 102 110 110 128 144 202 102 104 84 80 18206 708 2076
internal_value=1.52711e-05 0.0782267 0.0137884 0.217871 -0.00166132 -0.140558 -0.00047465 0.156632 -0.0637162 0.0097931 -0.13616 -0.00198574 0.0120038 0.0842612
internal_weight=33392 696 480 216 32696 272 32424 304 370 266 164 32120 13914 2784
internal_count=33392 696 480 216 32696 272 32424 304 370 266 164 32120 13914 2784
is_linear=0
shrinkage=0.05


Tree=149
num_leaves=15
num_cat=0
split_feature=12 3 14 13 14 3 1 14 4 4 1 4 6 14
split_gain=1732.31 5364.52 7879.06 16732.1 6471.83 4531.13 23224.5 7553.75 7106.72 26694.1 5714.19 3466.74 13949.4 28437.1
threshold=21.500000000000004 5.5000000000000009 129.50000000000003 106.50000000000001 159.50000000000003 4.5000000000000009 2.5000000000000004 58.500000000000007 3.5000000000000004 4.5000000000000009 7.5000000000000009 1.5000000000000002 167.50000000000003 23.500000000000004
decision_type=2 2 2 2 2 2 2 2 2 2 2 2 2 2
left_child=1 2 5 -4 -3 7 -7 8 -1 -10 -9 12 -2 -14
right_child=11 4 3 -5 -6 6 -8 10 9 -11 -12 -13 13 -15
leaf_value=-0.049923573202231362 0.09744615737027601 -0.075490279660949955 0.77967138332128527 -0.027067607159868046 -0.44345937046901629 0.86676769743070892 -0.025956626801949441 -0.33138978271148145 0.93659176198619143 -0.14852522507875782 0.075836293434358049 -0.0022866261360932265 -0.93373692360791294 -0.023131022506884345
leaf_weight=1177 2983 1218 95 179 128 80 508 346 84 153 112 25593 94 642
leaf_count=1177 2983 1218 95 179 128 80 508 346 84 153 112 25593 94 642
internal_value=2.1166e-05 -0.0304831 0.00977775 0.261601 -0.111995 -0.0187446 0.101787 -0.0567741 0.000620168 0.247478 -0.232063 0.00427159 0.0493457 -0.144947
internal_weight=33392 4080 2734 274 1346 2460 588 1872 1414 237 458 29312 3719 736
internal_count=33392 4080 2734 274 1346 2460 588 1872 1414 237 458 29312 3719 736
is_linear=0
shrinkage=0.05


Tree=150
num_leaves=15
num_cat=0
split_feature=4 14 6 1 13 13 3 14 12 3 4 8 12 1
split_gain=1652.54 6991.1 4012.57 2890.37 2281.86 6725.54 5767.4 5444.87 8026.96 5310.46 31106.9 13039.6 12481.4 37974.2
threshold=5.5000000000000009 47.000000000000007 64.500000000000014 9.5000000000000018 52.000000000000007 70.500000000000014 4.5000000000000009 182.50000000000003 98.500000000000014 5.5000000000000009 1.5000000000000002 20.500000000000004 21.500000000000004 9.5000000000000018
decision_type=2 2 2 2 2 2 2 2 2 2 2 2 2 2
left_child=4 3 -3 -2 9 6 -6 -7 -9 11 -11 -1 -12 -14
right_child=1 2 -4 -5 5 7 -8 8 -10 10 12 -13 13 -15
leaf_value=0.41891268204791204 -0.14826324951036282 0.38258259648917825 0.05020995808879878 -0.0090226425010696484 -0.27840309332921498 -0.0053447757629028038 0.0059388624760703963 -0.63143979245248971 -0.057058955862650418 0.77929764297984594 -0.116806208683681 -0.01836988210965624 0.79063891122738528 0.021729234513437043
leaf_weight=170 634 88 4132 896 434 17484 300 80 218 144 852 6602 181 1177
leaf_count=170 634 88 4132 896 434 17484 300 80 218 144 852 6602 181 1177
internal_value=2.53128e-05 0.0244012 0.0575855 -0.067016 -0.00504879 -0.015133 -0.162933 -0.0089881 -0.21913 0.0154085 0.0800149 -0.00709165 0.0327945 0.126737
internal_weight=33392 5750 4220 1530 27642 18516 734 17782 298 9126 2354 6772 2210 1358
internal_count=33392 5750 4220 1530 27642 18516 734 17782 298 9126 2354 6772 2210 1358
is_linear=0
shrinkage=0.05


Tree=151
num_leaves=15
num_cat=0
split_feature=1 12 10 8 10 10 12 11 11 11 14 1 10 13
split_gain=1624.24 2348.36 2983.15 2722.7 1877.6 8577.06 20192.3 11641.7 19983.3 9376.89 6911.99 31790.2 47465.2 11292.8
threshold=21.500000000000004 141.50000000000003 142.50000000000003 131.50000000000003 101.50000000000001 96.500000000000014 80.500000000000014 78.500000000000014 88.500000000000014 109.50000000000001 28.500000000000004 2.5000000000000004 109.50000000000001 76.500000000000014
decision_type=2 2 2 2 2 2 2 2 2 2 2 2 2 2
left_child=4 3 -3 -2 5 -1 -7 -8 -9 -10 11 12 -6 -13
right_child=1 2 -4 -5 10 6 7 8 9 -11 -12 13 -14 -15
leaf_value=0.0031923278247412731 -0.029632376359796316 -0.34065280421391919 -0.055669042546181914 0.2058150834006329 0.29871432584238383 -0.77960332586780323 0.33369879080516518 -0.82847059035813941 -0.10902616355579085 0.40800585813897972 0.0035729536445143688 0.43960777056203981 -0.95140304805710907 0.12161479835518803
leaf_weight=12689 2216 128 305 125 141 104 152 88 1019 91 14705 372 155 1102
leaf_count=12689 2216 128 305 125 141 104 152 88 1019 91 14705 372 155 1102
internal_value=3.29147e-05 -0.0365677 -0.142841 -0.0166486 0.00335438 -0.0100074 -0.124817 -0.0716836 -0.124291 -0.0649993 0.0148244 0.108027 -0.360838 0.203083
internal_weight=33392 2774 433 2341 30618 14143 1454 1350 1198 1110 16475 1770 296 1474
internal_count=33392 2774 433 2341 30618 14143 1454 1350 1198 1110 16475 1770 296 1474
is_linear=0
shrinkage=0.05


Tree=152
num_leaves=15
num_cat=0
split_feature=14 4 14 3 13 12 5 12 11 13 14 6 4 5
split_gain=1620.19 5667.11 15865.4 28144.7 5620.11 9625.27 16235.4 9432.37 12160.4 6840.2 6010.35 5415.64 27575.9 11041.8
threshold=22.500000000000004 1.5000000000000002 25.500000000000004 4.5000000000000009 64.500000000000014 166.50000000000003 160.50000000000003 22.500000000000004 87.500000000000014 144.50000000000003 140.50000000000003 167.50000000000003 1.5000000000000002 84.500000000000014
decision_type=2 2 2 2 2 2 2 2 2 2 2 2 2 2
left_child=11 2 3 -2 -4 7 -7 10 9 -9 -6 13 -13 -1
right_child=1 -3 4 -5 5 6 -8 8 -10 -11 -12 12 -14 -15
leaf_value=-0.040248252642568795 0.035233575061391124 -0.0026105235219115899 0.13821836385611516 1.0564717104128742 -0.066102930929457002 -0.78438900947136792 0.062644379356399535 0.18617789232126483 0.011154103971753128 0.76608423512648138 -0.60701022681368644 -0.96067014450038024 0.14012155134253709 0.11868865538103823
leaf_weight=6231 178 22518 872 104 131 98 124 138 1276 80 81 83 158 1320
leaf_count=6231 178 22518 872 104 131 98 124 138 1276 80 81 83 158 1320
internal_value=2.16856e-05 0.00609838 0.0696294 0.423704 0.0332773 -0.0144205 -0.320313 0.0262046 0.0707332 0.411393 -0.281995 -0.0199339 -0.25081 -0.0124041
internal_weight=33392 25600 3082 282 2800 1928 222 1706 1494 218 212 7792 241 7551
internal_count=33392 25600 3082 282 2800 1928 222 1706 1494 218 212 7792 241 7551
is_linear=0
shrinkage=0.05


Tree=153
num_leaves=15
num_cat=0
split_feature=2 2 14 13 14 7 5 1 1 11 5 10 1 0
split_gain=1606.28 2727.89 3346.16 3730.8 3391.42 10042.7 4386.75 2893.02 16067 13413.9 19909.6 10727.7 8689.25 8116.65
threshold=1.0000000180025095e-35 1.5000000000000002 156.50000000000003 149.50000000000003 135.50000000000003 157.50000000000003 173.50000000000003 8.5000000000000018 6.5000000000000009 72.500000000000014 104.50000000000001 99.500000000000014 4.5000000000000009 2.5000000000000004
decision_type=2 2 2 2 2 2 2 2 2 2 2 2 2 2
left_child=-1 2 3 4 6 -6 -2 8 12 13 11 -11 -3 -10
right_child=1 7 -4 -5 5 -7 -8 -9 9 10 -12 -13 -14 -15
leaf_value=0.019008506827235212 -0.029589483129204577 0.031609309031601668 -0.1103589861705834 0.079868317619564894 0.026232923135706566 -0.49436861155554657 0.19451500462852256 -0.010764715434826331 0.038633529106517892 -0.63601913907396512 0.22531169382399285 -0.0092929887080114657 -0.11599595785772986 0.46554386501357092
leaf_weight=8348 5766 3478 1108 866 241 145 222 10434 149 122 526 148 1392 447
leaf_count=8348 5766 3478 1108 866 241 145 222 10434 149 122 526 148 1392 447
internal_value=2.10038e-05 -0.00631069 -0.0296387 -0.0172178 -0.0304606 -0.173151 -0.0211256 0.0053587 0.0322113 0.181689 0.0467469 -0.298895 -0.0106566 0.360026
internal_weight=33392 25044 8348 7240 6374 386 5988 16696 6262 1392 796 270 4870 596
internal_count=33392 25044 8348 7240 6374 386 5988 16696 6262 1392 796 270 4870 596
is_linear=0
shrinkage=0.05


Tree=154
num_leaves=15
num_cat=0
split_feature=12 8 8 12 5 10 14 1 0 6 7 10 7 9
split_gain=1582.16 2456.35 2121.82 1978.48 5177.99 2755.61 2541.54 1886.3 1844.58 1824.18 2580 18676.9 10910.3 9761.31
threshold=179.50000000000003 141.50000000000003 154.50000000000003 176.50000000000003 167.50000000000003 190.50000000000003 171.50000000000003 13.500000000000002 4.5000000000000009 191.50000000000003 147.50000000000003 62.500000000000007 149.50000000000003 155.50000000000003
decision_type=2 2 2 2 2 2 2 2 2 2 2 2 2 2
left_child=3 8 -3 5 -5 9 7 -7 -2 10 -1 -12 13 -13
right_child=1 2 -4 4 -6 6 -8 -9 -10 -11 11 12 -14 -15
leaf_value=0.0042627152443310227 0.28883830174065289 -0.17510774420168168 0.072979055112417868 -0.35980138405457252 0.070868580404594039 -0.095447271952162627 0.34533227872904221 0.20420496559020174 0.051535018297606677 0.12779126120073422 -0.70564375654748179 -0.046179919129610066 -0.007859486051369385 -0.70189178726131773
leaf_weight=25328 164 128 240 128 144 110 102 92 164 264 96 120 6208 104
leaf_count=25328 164 128 240 128 144 110 102 92 164 264 96 120 6208 104
internal_value=1.75158e-05 0.0743418 -0.0145026 -0.00157575 -0.134636 -0.000438943 0.148162 0.042664 0.172742 -0.00186822 -0.00296263 -0.0309781 -0.0203681 -0.359296
internal_weight=33392 696 368 32696 272 32424 304 202 328 32120 31856 6528 6432 224
internal_count=33392 696 368 32696 272 32424 304 202 328 32120 31856 6528 6432 224
is_linear=0
shrinkage=0.05


Tree=155
num_leaves=15
num_cat=0
split_feature=4 14 11 1 8 6 9 5 12 8 9 10 9 10
split_gain=1547.43 6191.59 3653.85 2620.4 2201.56 2073.49 8499.62 8637.55 18909.1 18694.2 10581.1 10100.8 6139.9 13022.6
threshold=5.5000000000000009 47.000000000000007 41.000000000000007 9.5000000000000018 26.500000000000004 96.500000000000014 48.000000000000007 94.500000000000014 88.500000000000014 108.50000000000001 109.50000000000001 109.50000000000001 100.50000000000001 100.50000000000001
decision_type=2 2 2 2 2 2 2 2 2 2 2 2 2 2
left_child=5 3 -3 4 -2 12 -7 8 9 -8 11 -10 -1 -14
right_child=1 2 -4 -5 -6 6 7 -9 10 -11 -12 -13 13 -15
leaf_value=-0.0019872521281054517 -0.10087792327978895 0.37953828050809779 0.048101575343621777 -0.0072240874953474954 -0.36860186303709891 -0.45663224568744321 -0.12158602114319801 -0.0050948590639337795 0.092213368982637448 -1.0319572842850804 0.13958429333506697 -0.61224852359702453 0.44124441984356672 0.038071372087501547
leaf_weight=10328 548 80 4140 896 86 104 120 15074 88 104 368 112 240 1104
leaf_count=10328 548 80 4140 896 86 104 120 15074 88 104 368 112 240 1104
internal_value=9.70729e-06 0.0235977 0.0548265 -0.0624346 -0.139794 -0.00490037 -0.0166055 -0.0135782 -0.173995 -0.557562 -0.0191838 -0.307596 0.0111152 0.111435
internal_weight=33392 5750 4220 1530 634 27642 15970 15866 792 224 568 200 11672 1344
internal_count=33392 5750 4220 1530 634 27642 15970 15866 792 224 568 200 11672 1344
is_linear=0
shrinkage=0.05


Tree=156
num_leaves=15
num_cat=0
split_feature=13 8 3 1 13 12 14 6 13 14 13 9 3 14
split_gain=1500.28 3014.56 6050.83 3081.43 2414.94 5916.43 15472.1 9876.38 5829.26 6278.66 8744 6805.32 9090.58 10784
threshold=20.500000000000004 20.500000000000004 5.5000000000000009 5.5000000000000009 28.500000000000004 136.50000000000003 63.500000000000007 158.50000000000003 94.500000000000014 149.50000000000003 145.50000000000003 100.50000000000001 1.5000000000000002 170.50000000000003
decision_type=2 2 2 2 2 2 2 2 2 2 2 2 2 2
left_child=1 2 -1 -3 5 -2 7 -7 -6 -10 -11 12 -12 -14
right_child=4 3 -4 -5 8 6 -8 -9 9 10 11 -13 13 -15
leaf_value=0.36015579399368014 0.0047029600476341561 -0.24753677112360797 -0.10783950528704828 -0.04350412417043667 -0.068602927371473929 0.84452977281644803 0.054422439346944289 0.10551356057910358 0.020878423376456873 -0.24851645646407219 0.24761730707490567 -0.0020270856243986665 -0.093828325649047958 -0.61274398863775503
leaf_weight=116 7557 238 157 789 3246 104 1513 80 14314 466 92 4295 268 157
leaf_count=116 7557 238 157 789 3246 104 1513 80 14314 466 92 4295 268 157
internal_value=-2.51178e-06 -0.0525554 0.0939167 -0.0917575 0.00213419 0.0236742 0.107894 0.53451 -0.00659714 0.00369085 -0.0428977 -0.022748 -0.19322 -0.290418
internal_weight=33392 1300 273 1027 32092 9254 1697 184 22838 19592 5278 4812 517 425
internal_count=33392 1300 273 1027 32092 9254 1697 184 22838 19592 5278 4812 517 425
is_linear=0
shrinkage=0.05


Tree=157
num_leaves=15
num_cat=0
split_feature=1 13 14 3 8 7 8 8 9 7 1 7 9 4
split_gain=1574.83 6106.48 3171.38 3490.18 12342.1 4237.96 3210.39 9151 2506.26 2858.16 2422.07 9560.48 7981.63 8061.4
threshold=19.500000000000004 136.50000000000003 134.50000000000003 4.5000000000000009 151.50000000000003 120.50000000000001 124.50000000000001 105.50000000000001 170.50000000000003 157.50000000000003 17.500000000000004 162.50000000000003 175.50000000000003 1.5000000000000002
decision_type=2 2 2 2 2 2 2 2 2 2 2 2 2 2
left_child=10 2 3 5 6 -2 7 -5 9 -7 -1 12 13 -12
right_child=1 -3 -4 4 -6 8 -8 -9 -10 -11 11 -13 -14 -15
leaf_value=-6.860745646318038e-05 -0.036509385730626932 -0.36430004450218223 -0.23072538764667727 -0.016221761596624664 -0.60656510582424261 0.060499011106276326 0.25293410465448768 -0.49353918555713849 -0.19245162630218202 0.26380087468104485 0.27446597569898978 0.28913639799622082 -0.46270285980611603 -0.0045999527585021535
leaf_weight=25050 1848 124 162 1280 96 1586 86 104 82 190 291 356 80 2057
leaf_count=25050 1848 124 162 1280 96 1586 86 104 82 190 291 356 80 2057
internal_value=-7.89758e-07 -0.0242877 -0.0162011 -0.0093968 -0.0718567 0.0170574 -0.0349991 -0.053737 0.0702908 0.0829282 0.00485241 0.0490517 0.013328 0.0304959
internal_weight=33392 5558 5434 5272 1566 3706 1470 1384 1858 1776 27834 2784 2428 2348
internal_count=33392 5558 5434 5272 1566 3706 1470 1384 1858 1776 27834 2784 2428 2348
is_linear=0
shrinkage=0.05


Tree=158
num_leaves=15
num_cat=0
split_feature=9 10 14 13 4 1 14 8 1 1 1 5 4 8
split_gain=1474.24 3472.7 9335.07 10179 24634.8 6553.45 21284.9 5918.22 5458.61 15719.7 13342.8 16690.7 6284.8 5093.8
threshold=21.500000000000004 23.500000000000004 174.50000000000003 149.50000000000003 1.5000000000000002 1.5000000000000002 60.500000000000007 28.500000000000004 6.5000000000000009 9.5000000000000018 7.5000000000000009 21.500000000000004 1.5000000000000002 22.500000000000004
decision_type=2 2 2 2 2 2 2 2 2 2 2 2 2 2
left_child=-1 2 3 5 -5 6 -2 8 -7 10 -10 -12 -11 -3
right_child=1 13 -4 4 -6 7 -8 -9 9 12 11 -13 -14 -15
leaf_value=-0.028119365803742882 -0.055062024249321599 -0.10830914006118997 0.46454000989906491 0.97909419932898067 0.060232323935132719 -0.10556797503456739 0.63592244795567943 -0.40716733084397116 -0.010375442970824902 0.31628611431224274 -0.025982923846650907 0.82817136321723828 -0.04503800627259319 0.0013459973404510344
leaf_weight=4088 329 1104 123 89 329 977 163 89 194 123 86 164 2014 23520
leaf_count=4088 329 1104 123 89 329 977 163 89 194 123 86 164 2014 23520
internal_value=-1.02338e-05 0.00391521 0.0433727 0.0315081 0.265136 0.00762246 0.177956 -0.0155687 -0.00521557 0.032902 0.301853 0.539594 -0.0235514 -0.0035913
internal_weight=33392 29304 4680 4557 418 4139 492 3647 3558 2581 444 250 2137 24624
internal_count=33392 29304 4680 4557 418 4139 492 3647 3558 2581 444 250 2137 24624
is_linear=0
shrinkage=0.05


Tree=159
num_leaves=15
num_cat=0
split_feature=2 14 11 12 7 1 1 14 1 13 2 14 13 14
split_gain=1436.95 2579.87 4644.7 2953.52 2610.7 3601.65 3898.94 3388.62 7222.36 4156.77 2468.5 3070.64 3249.2 3147.82
threshold=1.0000000180025095e-35 163.50000000000003 23.500000000000004 92.500000000000014 117.50000000000001 12.500000000000002 13.500000000000002 150.50000000000003 18.500000000000004 160.50000000000003 1.5000000000000002 156.50000000000003 149.50000000000003 135.50000000000003
decision_type=2 2 2 2 2 2 2 2 2 2 2 2 2 2
left_child=1 4 -3 -4 -1 -6 -7 8 9 -8 11 12 13 -2
right_child=10 2 3 -5 5 6 7 -9 -10 -11 -12 -13 -14 -15
leaf_value=-0.013426419700165081 -0.019638153866216288 0.37766604343451926 -0.16461564334530901 0.084474033770537554 0.16303395517833233 -0.17182040729532683 0.42706451519907829 -0.074496380879367288 0.012615828576270447 0.0057840370241252857 0.0051210447394734538 -0.10549627301805742 0.074331092880290314 -0.16609988892510477
leaf_weight=4961 5988 118 132 914 543 234 201 412 751 82 16696 1108 866 386
leaf_count=4961 5988 118 132 914 543 234 201 412 751 82 16696 1108 866 386
internal_value=8.99211e-06 0.0179678 0.0868539 0.0524066 0.00675379 0.0517184 0.0153626 0.0461413 0.0943369 0.307217 -0.00597968 -0.0281709 -0.0162725 -0.0286309
internal_weight=33392 8348 1164 1046 7184 2223 1680 1446 1034 283 25044 8348 7240 6374
internal_count=33392 8348 1164 1046 7184 2223 1680 1446 1034 283 25044 8348 7240 6374
is_linear=0
shrinkage=0.05


Tree=160
num_leaves=15
num_cat=0
split_feature=5 7 10 7 9 8 14 0 9 0 5 11 12 12
split_gain=1430.24 1527.25 16794.9 10227.2 8703.97 6607.3 10731.4 6562.29 5954.94 5669.11 5172.63 14502.2 6220.39 4743.27
threshold=198.50000000000003 147.50000000000003 62.500000000000007 149.50000000000003 155.50000000000003 159.50000000000003 63.500000000000007 4.5000000000000009 176.50000000000003 4.5000000000000009 149.50000000000003 121.50000000000001 117.50000000000001 165.50000000000003
decision_type=2 2 2 2 2 2 2 2 2 2 2 2 2 2
left_child=1 8 -3 4 -4 9 7 -7 10 -5 -1 12 -12 -13
right_child=-2 2 3 5 -6 6 -8 -9 -10 -11 11 13 -14 -15
leaf_value=-0.0025081915211745361 0.17452169822321997 -0.66073380142892946 -0.044934179618209606 0.012972149512025613 -0.66417919129406644 0.09393851692039594 0.020062207066301279 0.5678237384797743 0.24661216264951369 -0.11352537551497409 0.20075254941076948 -0.040351338718023155 0.68090656976699826 0.21957846760657107
leaf_weight=24072 112 96 120 1768 104 148 3468 144 248 1768 160 848 120 216
leaf_count=24072 112 96 120 1768 104 148 3468 144 248 1768 160 848 120 216
internal_value=1.1795e-05 -0.000601626 -0.0202563 -0.0116464 -0.340665 -0.00131852 0.0447953 0.33326 0.00523385 -0.0503476 0.00283053 0.0981057 0.414868 0.0131966
internal_weight=33392 33280 7616 7520 224 7296 3760 292 25664 3536 25416 1344 280 1064
internal_count=33392 33280 7616 7520 224 7296 3760 292 25664 3536 25416 1344 280 1064
is_linear=0
shrinkage=0.05


Tree=161
num_leaves=15
num_cat=0
split_feature=14 6 4 5 10 7 9 4 14 3 12 5 12 3
split_gain=1386.9 4997.94 23394 9507.98 29905.9 14084.4 12448.1 4824.76 14377.8 39091.8 10048.3 10894.9 4596.74 21984.7
threshold=22.500000000000004 167.50000000000003 1.5000000000000002 84.500000000000014 109.50000000000001 88.500000000000014 96.500000000000014 1.5000000000000002 27.500000000000004 4.5000000000000009 22.500000000000004 25.500000000000004 163.50000000000003 4.5000000000000009
decision_type=2 2 2 2 2 2 2 2 2 2 2 2 2 2
left_child=1 3 -3 4 6 -5 -1 8 9 -2 -10 -12 -13 -14
right_child=7 2 -4 5 -6 -7 -8 -9 10 -11 11 12 13 -15
leaf_value=-0.029097797637020535 -0.0024238647121321007 -0.89399868612262334 0.12007961686517746 0.63934931554548124 -0.75696282801053205 0.059917043510655812 0.56333660394781171 -0.0023970519913358735 -0.32328291814493476 0.9628104910349391 0.58616656236350539 0.060638851742496606 0.04939550102580912 -0.82201592110181121
leaf_weight=6010 316 83 158 110 136 1210 85 22518 194 152 85 1866 385 84
leaf_count=6010 316 83 158 110 136 1210 85 22518 194 152 85 1866 385 84
internal_value=1.63772e-05 -0.0184467 -0.240239 -0.0112136 -0.0370518 0.110433 -0.0203808 0.00563859 0.0642582 0.317935 0.0183207 0.0463155 0.025453 -0.113703
internal_weight=33392 7792 241 7551 6231 1320 6095 25600 3082 468 2614 2420 2335 469
internal_count=33392 7792 241 7551 6231 1320 6095 25600 3082 468 2614 2420 2335 469
is_linear=0
shrinkage=0.05


Tree=162
num_leaves=15
num_cat=0
split_feature=1 12 8 7 14 13 7 8 5 9 6 5 9 10
split_gain=1398.71 2266.31 2746.26 2296.85 1977.54 2073.59 1637.12 8753.62 12706.4 7837.53 6909.6 6945.28 6091.98 14754.8
threshold=21.500000000000004 141.50000000000003 108.50000000000001 129.50000000000003 121.50000000000001 119.50000000000001 133.50000000000003 112.50000000000001 80.500000000000014 86.500000000000014 157.50000000000003 161.50000000000003 99.500000000000014 97.500000000000014
decision_type=2 2 2 2 2 2 2 2 2 2 2 2 2 2
left_child=6 3 -3 4 5 -2 7 -1 -9 -8 11 12 -10 -14
right_child=1 2 -4 -5 -6 -7 9 8 10 -11 -12 -13 13 -15
leaf_value=-0.0022661861373587042 -0.033028634888090429 -0.35487397248348729 -0.064741300014001468 0.16978303281622764 -0.23526004681688384 0.13478699125641702 -0.49261210399515493 -0.486401098818388 -0.30658544394333825 -0.010210006733386049 0.48456392037944918 -0.27318745707869535 0.59215227002930493 0.091761465145340254
leaf_weight=18551 1885 105 328 153 104 199 80 88 81 8970 112 120 152 2464
leaf_count=18551 1885 105 328 153 104 199 80 88 81 8970 112 120 152 2464
internal_value=1.71417e-05 -0.0339475 -0.138345 -0.0143841 -0.0276201 -0.0167198 0.00309939 0.0105882 0.0895006 -0.014744 0.107603 0.0917832 0.108498 0.12191
internal_weight=33392 2774 433 2341 2188 2084 30618 21568 3017 9050 2929 2817 2697 2616
internal_count=33392 2774 433 2341 2188 2084 30618 21568 3017 9050 2929 2817 2697 2616
is_linear=0
shrinkage=0.05


Tree=163
num_leaves=15
num_cat=0
split_feature=4 14 5 6 10 9 1 1 1 4 3 3 1 1
split_gain=1338.22 5258.96 3538.19 2437.07 2131.26 12092.9 35145.1 28737.8 6303.32 9600.62 10635.4 23655.5 8662.28 9785.82
threshold=5.5000000000000009 47.000000000000007 87.500000000000014 27.500000000000004 23.500000000000004 24.500000000000004 11.500000000000002 3.5000000000000004 1.5000000000000002 4.5000000000000009 5.5000000000000009 4.5000000000000009 7.5000000000000009 8.5000000000000018
decision_type=2 2 2 2 2 2 2 2 2 2 2 2 2 2
left_child=4 3 -3 -2 5 8 7 -7 9 10 11 -1 -10 -14
right_child=1 2 -4 -5 -6 6 -8 -9 12 -11 -12 -13 13 -15
leaf_value=0.11414042404446847 -0.039602771617876023 0.20327039370113145 0.03694384117899676 -0.28314266192416349 -0.012974493914037219 0.21753682907242167 -0.10091675965638042 1.4469306380297482 -0.11019336134070597 -0.20927715080140308 -0.048631886375704036 1.0586432555346812 0.29172032474641019 0.0027851990621497054
leaf_weight=190 1424 344 3876 106 20210 108 273 83 1675 134 169 98 309 4393
leaf_count=190 1424 344 3876 106 20210 108 273 83 1675 134 169 98 309 4393
internal_value=1.04e-05 0.021946 0.0507267 -0.0573428 -0.00455572 0.018331 0.264087 0.775059 0.00178844 0.157292 0.265878 0.448115 -0.0127351 0.0220628
internal_weight=33392 5750 4220 1530 27642 7432 464 191 6968 591 457 288 6377 4702
internal_count=33392 5750 4220 1530 27642 7432 464 191 6968 591 457 288 6377 4702
is_linear=0
shrinkage=0.05


Tree=164
num_leaves=15
num_cat=0
split_feature=12 14 3 5 12 11 8 1 11 12 5 7 7 14
split_gain=1334.71 5019.12 7794.73 13458.2 4414.19 4133.56 6214.1 4055.67 3720.62 5408.19 9243.24 10928.9 10107.2 8534.11
threshold=159.50000000000003 27.500000000000004 4.5000000000000009 157.50000000000003 169.50000000000003 155.50000000000003 126.50000000000001 17.500000000000004 132.50000000000003 113.50000000000001 149.50000000000003 124.50000000000001 147.50000000000003 23.500000000000004
decision_type=2 2 2 2 2 2 2 2 2 2 2 2 2 2
left_child=8 4 5 -4 -2 6 -3 -7 9 -1 12 -12 13 -11
right_child=1 2 3 -5 -6 7 -8 -9 -10 10 11 -13 -14 -15
leaf_value=-0.004804918910392697 0.38169285924949126 -0.26898883401748097 -0.61617456312362973 0.065956027303115436 -0.00025420804672381456 0.025137611039816682 0.095611981322175604 0.17356119390220262 -0.041391822176243709 -0.27109106517103915 0.60160570971086524 0.12380747653002458 -0.52477050218731169 0.061207470686979785
leaf_weight=20680 174 256 125 161 131 2421 208 564 5344 208 136 824 80 2080
leaf_count=20680 174 256 125 161 131 2421 208 564 5344 208 136 824 80 2080
internal_value=2.90976e-05 0.0269552 0.0108945 -0.237643 0.220285 0.031818 -0.10627 0.0534248 -0.00368097 0.00472006 0.0638261 0.194262 0.0106488 0.0304733
internal_weight=33392 4040 3735 286 305 3449 464 2985 29352 24008 3328 960 2368 2288
internal_count=33392 4040 3735 286 305 3449 464 2985 29352 24008 3328 960 2368 2288
is_linear=0
shrinkage=0.05


Tree=165
num_leaves=15
num_cat=0
split_feature=0 5 14 10 5 1 8 8 5 14 14 8 5 1
split_gain=1306.82 4367.15 4997.31 2626.74 3991.69 5894.02 5383.97 4079.63 2746.68 4723.87 2607 2335.1 2240.81 3012.41
threshold=1.5000000000000002 173.50000000000003 149.50000000000003 172.50000000000003 126.50000000000001 17.500000000000004 137.50000000000003 108.50000000000001 94.500000000000014 84.500000000000014 72.500000000000014 156.50000000000003 157.50000000000003 10.500000000000002
decision_type=2 2 2 2 2 2 2 2 2 2 2 2 2 2
left_child=1 2 3 4 7 6 -6 8 9 -1 -9 -3 13 -4
right_child=-2 11 12 -5 5 -7 -8 10 -10 -11 -12 -13 -14 -15
leaf_value=0.00013296584681319067 0.0037660922684983251 0.33542565126969881 -0.49986822874440506 -0.24389477343699797 0.33618628710070081 0.3401569368896124 -0.12286875330288588 0.05941726630101505 0.077529251574935509 -0.22621088974099135 -0.22799803112205624 0.051178472816597591 -0.058818192038038543 -0.16132858482950765
leaf_weight=1224 29218 107 91 118 80 185 252 98 692 279 365 210 237 236
leaf_count=1224 29218 107 91 118 80 185 252 98 692 279 365 210 237 236
internal_value=2.61539e-05 -0.0261266 -0.0408478 -0.0171779 -0.0083816 0.118062 -0.00890634 -0.0331513 -0.00456481 -0.0424937 -0.167178 0.150842 -0.177683 -0.261649
internal_weight=33392 4174 3857 3293 3175 517 332 2658 2195 1503 463 317 564 327
internal_count=33392 4174 3857 3293 3175 517 332 2658 2195 1503 463 317 564 327
is_linear=0
shrinkage=0.05


Tree=166
num_leaves=15
num_cat=0
split_feature=5 14 4 14 5 13 13 7 1 10 11 14 5 3
split_gain=1281.74 1337.75 4125.32 3190.16 8467.29 3486.96 1820.74 4721.51 4955.7 3362.33 1667.75 1574.28 5724.6 13022.9
threshold=198.50000000000003 190.50000000000003 2.5000000000000004 182.50000000000003 107.50000000000001 152.50000000000003 184.50000000000003 121.50000000000001 9.5000000000000018 125.50000000000001 174.50000000000003 156.50000000000003 21.500000000000004 4.5000000000000009
decision_type=2 2 2 2 2 2 2 2 2 2 2 2 2 2
left_child=1 3 -3 6 -5 -6 11 8 -8 -9 -11 -1 13 -13
right_child=-2 2 -4 4 5 -7 7 9 -10 10 -12 12 -14 -15
leaf_value=0.0035023492957999775 0.16522448925126312 -0.13946483259399731 0.28449052351920318 -0.55071538143092769 0.1735107600887088 -0.15255406442269381 0.51135210198936643 -0.29331580792250261 0.032938765754680271 0.18813718771634177 -0.081710314220533931 0.57530808135374523 -0.039810129872519598 -0.16386045646978964
leaf_weight=27300 112 91 140 91 136 191 103 84 110 124 99 116 4581 114
leaf_count=27300 112 91 140 91 136 191 103 84 110 124 99 116 4581 114
internal_value=2.2322e-05 -0.000558383 0.118061 -0.00140522 -0.137835 -0.0163722 0.000363279 0.0927251 0.270706 -0.0331195 0.0691747 -0.00114662 -0.0275034 0.213246
internal_weight=33392 33280 231 33049 418 327 32631 520 213 307 223 32111 4811 230
internal_count=33392 33280 231 33049 418 327 32631 520 213 307 223 32111 4811 230
is_linear=0
shrinkage=0.05


Tree=167
num_leaves=15
num_cat=0
split_feature=12 8 8 12 5 10 14 14 7 1 5 11 7 13
split_gain=1300.62 1887.61 1855.17 1803.43 4678.21 2289.02 2211.86 1762.03 11350.9 22190.3 16377 32454.8 11914.9 9183.12
threshold=179.50000000000003 141.50000000000003 154.50000000000003 176.50000000000003 167.50000000000003 190.50000000000003 171.50000000000003 145.50000000000003 24.500000000000004 9.5000000000000018 104.50000000000001 78.500000000000014 98.500000000000014 21.500000000000004
decision_type=2 2 2 2 2 2 2 2 2 2 2 2 2 2
left_child=3 -2 -3 5 -5 7 -7 -1 9 -9 11 12 13 -10
right_child=1 2 -4 4 -6 6 -8 8 10 -11 -12 -13 -14 -15
leaf_value=0.0045223181892741979 0.15366987755043887 -0.16070745279802418 0.071258861098666582 -0.34247757431672876 0.066891418917467124 0.036770445646511184 0.31902103433124374 0.72511786386884491 0.085052476741305186 0.0030807550136541756 -0.020329619495832271 -1.1221996604953661 0.36219365381821994 -0.51268118983591726
leaf_weight=25162 328 128 240 128 144 202 102 140 104 400 5965 96 95 158
leaf_count=25162 328 128 240 128 144 202 102 140 104 400 5965 96 95 158
internal_value=2.50463e-05 0.0674128 -0.0104978 -0.00141953 -0.128457 -0.000334183 0.135103 -0.00163685 -0.0238973 0.195211 -0.0424703 -0.330609 -0.105185 -0.278263
internal_weight=33392 696 368 32696 272 32424 304 32120 6958 540 6418 453 357 262
internal_count=33392 696 368 32696 272 32424 304 32120 6958 540 6418 453 357 262
is_linear=0
shrinkage=0.05


Tree=168
num_leaves=15
num_cat=0
split_feature=2 14 14 14 12 14 13 13 13 7 14 2 7 5
split_gain=1286.43 2332.11 8671.74 13388.7 4418.61 3365.4 4070.8 3790.12 4131.6 4055 2420.88 2264.3 2579.51 6745.75
threshold=1.0000000180025095e-35 71.500000000000014 28.500000000000004 60.500000000000007 136.50000000000003 93.500000000000014 81.500000000000014 27.500000000000004 93.500000000000014 24.500000000000004 21.500000000000004 2.5000000000000004 132.50000000000003 142.50000000000003
decision_type=2 2 2 2 2 2 2 2 2 2 2 2 2 2
left_child=1 2 4 -4 -1 6 -3 9 -9 -7 -6 12 13 -2
right_child=11 5 3 -5 10 7 -8 8 -10 -11 -12 -13 -14 -15
leaf_value=-0.0073980853269538811 -0.011859830177563804 0.044297576484642005 -0.7090442261180363 -0.015408252087703054 0.045485471124931051 0.3361853732346739 0.40011015650782272 -0.31183274240748399 0.009395774535722894 0.06646503170754503 0.40471894755386395 0.015610782249065973 -0.047688394750878924 0.17414655286895592
leaf_weight=2569 11500 198 106 187 88 154 132 98 3549 1168 99 8348 4692 504
leaf_count=2569 11500 198 106 187 88 154 132 98 3549 1168 99 8348 4692 504
internal_value=2.13176e-05 0.0170136 -0.0178075 -0.274035 0.00987984 0.0370472 0.19047 0.0266769 0.000348798 0.0990331 0.241255 -0.00564503 -0.0162744 -0.00398091
internal_weight=33392 8348 3049 293 2756 5299 330 4969 3647 1322 187 25044 16696 12004
internal_count=33392 8348 3049 293 2756 5299 330 4969 3647 1322 187 25044 16696 12004
is_linear=0
shrinkage=0.05


Tree=169
num_leaves=15
num_cat=0
split_feature=1 12 10 8 13 1 1 14 14 1 3 4 6 7
split_gain=1264.45 2028.62 2499.21 2206.1 1566.18 1447.07 14835.2 8322.61 6626.34 6182.92 4483.74 7379.1 23044.1 27593
threshold=21.500000000000004 141.50000000000003 142.50000000000003 131.50000000000003 119.50000000000001 5.5000000000000009 4.5000000000000009 119.50000000000001 107.50000000000001 1.5000000000000002 1.5000000000000002 1.5000000000000002 167.50000000000003 163.50000000000003
decision_type=2 2 2 2 2 2 2 2 2 2 2 2 2 2
left_child=5 3 -3 4 -2 6 7 8 -1 -10 -7 12 -12 -14
right_child=1 2 -4 -5 -6 10 -8 -9 9 -11 11 -13 13 -15
leaf_value=0.0014054367466007306 -0.039393083827757927 -0.31210099436865496 -0.051247306713053303 0.18648333354924734 0.10035278466342211 0.044919366494383134 -0.16348463261947851 -0.28688356374723339 0.4088074276757519 0.084250898247541395 0.17225432347570779 -0.018696349094409089 -0.99434747864388751 -0.045610924204190578
leaf_weight=5502 1998 128 305 125 218 6400 1392 216 166 1070 1699 13568 85 520
leaf_count=5502 1998 128 305 125 218 6400 1392 216 166 1070 1699 13568 85 520
internal_value=2.31949e-05 -0.0322702 -0.131041 -0.0137608 -0.0254506 0.00295378 -0.0147975 0.0150617 0.0249467 0.129312 0.00960755 -0.00464075 0.0779924 -0.185962
internal_weight=33392 2774 433 2341 2216 30618 8346 6954 6738 1236 22272 15872 2304 605
internal_count=33392 2774 433 2341 2216 30618 8346 6954 6738 1236 22272 15872 2304 605
is_linear=0
shrinkage=0.05


Tree=170
num_leaves=15
num_cat=0
split_feature=13 8 3 1 13 13 5 14 9 9 4 13 5 13
split_gain=1257.17 2666.71 5373.72 2710.83 1972.69 5079.46 5845.66 5778.83 7782.18 9079.53 6932.27 6562.51 7510.64 6156.36
threshold=20.500000000000004 20.500000000000004 5.5000000000000009 5.5000000000000009 28.500000000000004 94.500000000000014 127.50000000000001 149.50000000000003 100.50000000000001 96.500000000000014 3.5000000000000004 140.50000000000003 103.50000000000001 169.50000000000003
decision_type=2 2 2 2 2 2 2 2 2 2 2 2 2 2
left_child=1 2 -1 -3 -2 6 -6 13 9 10 -9 -10 -13 -7
right_child=4 3 -4 -5 5 7 -8 8 11 -11 -12 12 -14 -15
leaf_value=0.34054856409649714 0.021439166080203818 -0.23107290213981285 -0.10050127926759744 -0.039715736261563106 -0.040923610771072982 0.011692407617524389 -0.26101288168030606 -0.29943125118393021 -0.31274519676719209 -0.60827470992145871 0.075115236598842311 0.3748865950226784 -0.018170670600712265 0.14699534290797756
leaf_weight=116 9254 238 157 789 2914 13422 332 244 178 111 242 120 4383 892
leaf_count=116 9254 238 157 789 2914 13422 332 244 178 111 242 120 4383 892
internal_value=1.51985e-05 -0.0480918 0.0896589 -0.0849661 0.00197113 -0.00592032 -0.0638011 0.00368319 -0.0410125 -0.210241 -0.114063 -0.0192284 -0.00729194 0.0201724
internal_weight=33392 1300 273 1027 32092 22838 3246 19592 5278 597 486 4681 4503 14314
internal_count=33392 1300 273 1027 32092 22838 3246 19592 5278 597 486 4681 4503 14314
is_linear=0
shrinkage=0.05


Tree=171
num_leaves=15
num_cat=0
split_feature=5 1 3 14 8 9 14 10 14 4 1 9 12 13
split_gain=1300.79 4740.98 8308.08 6414.98 3905.8 3156.23 10102.9 5469.56 14088.9 12760.8 27969.9 7448.27 9497.59 5415.54
threshold=21.500000000000004 6.5000000000000009 1.0000000180025095e-35 75.500000000000014 25.500000000000004 21.500000000000004 168.50000000000003 23.500000000000004 168.50000000000003 1.5000000000000002 12.500000000000002 24.500000000000004 22.500000000000004 95.500000000000014
decision_type=2 2 2 2 2 2 2 2 2 2 2 2 2 2
left_child=1 3 -3 -1 -4 6 -2 8 9 10 13 -11 -13 -7
right_child=5 2 4 -5 -6 7 -8 -9 -10 11 -12 12 -14 -15
leaf_value=-0.03971756676655893 -0.034981696780663998 0.48526962260319584 -0.021367188666955576 -0.32295692937783116 0.27692357048130872 0.17862358012205953 -0.59284969681563482 -0.0015417574619700726 0.57046334939924159 -0.0097662743535993843 0.91736293171727379 0.52111558893381005 -0.080839699038710355 -0.2887633942146885
leaf_weight=681 1222 82 2937 279 109 177 82 24184 127 3038 124 149 112 89
leaf_count=681 1222 82 2937 279 109 177 82 24184 127 3038 124 149 112 89
internal_value=7.39334e-06 -0.0263964 0.00348722 -0.123281 -0.0102566 0.00369468 -0.0721929 0.00724113 0.0628321 0.0446076 0.313179 0.0124318 0.266141 0.0197998
internal_weight=33392 4088 3128 960 3046 29304 1304 28000 3816 3689 390 3299 261 266
internal_count=33392 4088 3128 960 3046 29304 1304 28000 3816 3689 390 3299 261 266
is_linear=0
shrinkage=0.05


Tree=172
num_leaves=15
num_cat=0
split_feature=14 6 4 5 10 7 9 0 8 3 10 12 1 8
split_gain=1222.58 4534.56 20437.9 8399.86 26912.4 12646.9 11311.7 4757.67 9037.09 10732.2 19792.8 11943.9 4091.79 6036.11
threshold=22.500000000000004 167.50000000000003 1.5000000000000002 84.500000000000014 109.50000000000001 86.500000000000014 96.500000000000014 4.5000000000000009 139.50000000000003 3.5000000000000004 101.50000000000001 99.500000000000014 18.500000000000004 141.50000000000003
decision_type=2 2 2 2 2 2 2 2 2 2 2 2 2 2
left_child=1 3 -3 4 6 -5 -1 12 9 11 -11 -9 13 -7
right_child=-2 2 -4 5 -6 7 -8 8 -10 10 -12 -13 -14 -15
leaf_value=-0.027208407236381606 0.0052973410456104188 -0.83961076096377596 0.10831792695930605 0.64472164929658182 -0.71764226953188581 0.37261444625492884 0.53753485514782373 0.45136209617189149 0.25613681636943719 -0.9993069743001185 -0.011701574413351311 -0.22035202590993289 -0.045377276347917037 -0.046051123933423137
leaf_weight=6010 25600 83 158 95 136 285 85 109 188 81 124 153 164 121
leaf_count=6010 25600 83 158 95 136 285 85 109 188 81 124 153 164 121
internal_value=1.86788e-05 -0.0173162 -0.228577 -0.0104268 -0.0347126 0.103912 -0.0188984 0.0595213 -0.0323876 -0.150022 -0.416428 0.0623208 0.164499 0.248797
internal_weight=33392 7792 241 7551 6231 1320 6095 1225 655 467 205 262 570 406
internal_count=33392 7792 241 7551 6231 1320 6095 1225 655 467 205 262 570 406
is_linear=0
shrinkage=0.05


Tree=173
num_leaves=15
num_cat=0
split_feature=5 14 5 7 7 14 5 14 13 11 13 14 13 4
split_gain=1204.2 8005.87 3333.72 9174.99 3326.92 9012.17 2271.48 2621.61 2472.49 2455.71 2217.29 2165.04 5011.5 5495.99
threshold=181.50000000000003 89.500000000000014 179.50000000000003 162.50000000000003 184.50000000000003 144.50000000000003 183.50000000000003 164.50000000000003 148.50000000000003 152.50000000000003 195.50000000000003 156.50000000000003 144.50000000000003 1.5000000000000002
decision_type=2 2 2 2 2 2 2 2 2 2 2 2 2 2
left_child=2 -2 4 -4 10 -6 -3 -8 -9 -10 11 12 -1 -14
right_child=1 6 3 -5 5 -7 7 8 9 -11 -12 -13 13 -15
leaf_value=-0.003213426188794063 0.51189118853245652 0.20064122949584121 -0.54979727251528965 0.076891897000530937 -0.55970905553153227 0.11288666466457978 -0.11134467135309989 0.16738659089102467 -0.20058995225968271 0.1420000586281028 0.22400700693933279 -0.030151082112125017 0.1866757296221821 0.030730246136176639
leaf_weight=22877 82 132 96 136 89 103 400 250 125 83 106 4969 679 3265
leaf_count=22877 82 132 96 136 89 103 400 250 125 83 106 4969 679 3265
internal_value=1.37678e-05 0.0520248 -0.00171913 -0.188556 -0.000339112 -0.205182 0.0115539 -0.0185304 0.0628572 -0.0637591 0.00092592 0.000146973 0.00576472 0.0577802
internal_weight=33392 1072 32320 232 32088 192 990 858 458 208 31896 31790 26821 3944
internal_count=33392 1072 32320 232 32088 192 990 858 458 208 31896 31790 26821 3944
is_linear=0
shrinkage=0.05


Tree=174
num_leaves=15
num_cat=0
split_feature=13 14 6 4 5 10 7 5 0 8 3 10 12 10
split_gain=1193.6 1261.76 4257.1 18243.5 7596.58 24479.4 11813.6 10346.3 4314.2 8152.66 9785.73 17994.2 10826 4116.3
threshold=19.500000000000004 22.500000000000004 167.50000000000003 1.5000000000000002 84.500000000000014 109.50000000000001 86.500000000000014 57.500000000000007 4.5000000000000009 139.50000000000003 3.5000000000000004 101.50000000000001 102.50000000000001 23.500000000000004
decision_type=2 2 2 2 2 2 2 2 2 2 2 2 2 2
left_child=-1 2 4 -4 5 7 -6 -2 -8 10 12 -12 -10 -3
right_child=1 13 3 -5 6 -7 8 -9 9 -11 11 -13 -14 -15
leaf_value=-0.15545512951486481 -0.028109089057986578 0.054351116835305781 -0.79897265691648833 0.096742483866086776 0.62399026129131374 -0.684747646236462 0.15585708803442902 0.41454580367163374 0.41337161320727323 0.24233972851399313 -0.95358848183654077 -0.011892819312191751 -0.22212671066487305 -0.0023720964767054071
leaf_weight=118 5965 3745 83 158 94 136 569 130 115 188 81 124 147 21739
leaf_count=118 5965 3745 83 158 94 136 569 130 115 188 81 124 147 21739
internal_value=1.45641e-05 0.000589182 -0.0170148 -0.22171 -0.0103376 -0.0334184 0.0984937 -0.0183357 0.0557625 -0.0317119 -0.143435 -0.397823 0.0593308 0.00597269
internal_weight=33392 33274 7790 241 7549 6231 1318 6095 1224 655 467 205 262 25484
internal_count=33392 33274 7790 241 7549 6231 1318 6095 1224 655 467 205 262 25484
is_linear=0
shrinkage=0.05


Tree=175
num_leaves=15
num_cat=0
split_feature=4 14 5 1 6 5 10 9 9 10 7 14 14 1
split_gain=1214.18 4542.13 2965.7 2274.26 1853.49 7129.44 24903.4 6949.76 5437.81 11219.6 10558 11052.2 8190.22 6033.93
threshold=5.5000000000000009 47.000000000000007 87.500000000000014 9.5000000000000018 96.500000000000014 77.500000000000014 108.50000000000001 48.000000000000007 100.50000000000001 100.50000000000001 83.500000000000014 71.500000000000014 82.500000000000014 1.5000000000000002
decision_type=2 2 2 2 2 2 2 2 2 2 2 2 2 2
left_child=4 3 -3 -2 8 6 -6 -7 10 12 13 -12 -10 -1
right_child=1 2 -4 -5 5 7 -8 -9 9 -11 11 -13 -14 -15
leaf_value=0.1199731002025235 -0.12485378259794383 0.18731115955464478 0.035028161240012227 -0.001382232550153696 0.26233809480283371 -0.40970104430383503 -0.89960576475307519 -0.0090621374051047515 0.75475432232898831 0.037105525564696269 0.04917598120614209 -0.63600291260377029 0.16076830597342673 -0.0069136814002304361
leaf_weight=1040 634 344 3876 896 88 104 88 15690 97 1104 105 127 143 9056
leaf_count=1040 634 344 3876 896 88 104 88 15690 97 1104 105 127 143 9056
internal_value=7.42732e-06 0.0209016 0.0476487 -0.0527863 -0.00434191 -0.0154087 -0.327436 -0.0118291 0.0108001 0.10521 -0.00153063 -0.331405 0.411341 0.00620998
internal_weight=33392 5750 4220 1530 27642 15970 176 15794 11672 1344 10328 232 240 10096
internal_count=33392 5750 4220 1530 27642 15970 176 15794 11672 1344 10328 232 240 10096
is_linear=0
shrinkage=0.05


Tree=176
num_leaves=15
num_cat=0
split_feature=8 1 12 1 7 12 11 12 9 1 9 12 5 3
split_gain=1185.39 4470.85 4867 1662.93 6171.67 6145.82 5777.56 21129.5 24498.2 13265.8 23528.6 37829.5 10861.4 23170.7
threshold=178.50000000000003 12.500000000000002 147.50000000000003 11.500000000000002 112.50000000000001 121.50000000000001 72.500000000000014 80.500000000000014 96.500000000000014 7.5000000000000009 24.500000000000004 71.500000000000014 24.500000000000004 5.5000000000000009
decision_type=2 2 2 2 2 2 2 2 2 2 2 2 2 2
left_child=3 2 -2 4 5 6 9 8 -8 -1 12 -12 -11 -14
right_child=1 -3 -4 -5 -6 -7 7 -9 -10 10 11 -13 13 -15
leaf_value=-0.027232237062046985 -0.38304528286073197 0.17332422614853585 0.042764868214726449 -0.012785867548177213 0.061031221939058224 0.20076524614079247 0.067120306228890134 -0.033322288082853035 -1.1002208949739833 -0.018380585571185173 1.1756499633406297 0.010534675467710992 0.059000093275533308 1.0132779869749102
leaf_weight=4378 87 404 245 16199 4324 336 80 5506 96 1134 126 149 247 81
leaf_count=4378 87 404 245 16199 4324 336 80 5506 96 1134 126 149 247 81
internal_value=3.4551e-06 0.062538 -0.0728455 -0.0014153 0.00977748 -0.00850612 -0.0145491 -0.0508275 -0.582415 0.0191745 0.135882 0.55583 0.0552655 0.306336
internal_weight=33392 736 332 32656 16457 12133 11797 5682 176 6115 1737 275 1462 328
internal_count=33392 736 332 32656 16457 12133 11797 5682 176 6115 1737 275 1462 328
is_linear=0
shrinkage=0.05


Tree=177
num_leaves=15
num_cat=0
split_feature=2 14 6 7 5 1 13 1 13 14 9 1 4 3
split_gain=1149.54 2265.79 5955.74 3865.76 13669.9 5985.62 3484.44 4345.65 11013.4 9347.16 5717.98 4355.72 5332.72 8807.18
threshold=1.0000000180025095e-35 156.50000000000003 165.50000000000003 24.500000000000004 82.500000000000014 9.5000000000000018 113.50000000000001 8.5000000000000018 166.50000000000003 25.500000000000004 91.500000000000014 12.500000000000002 1.5000000000000002 4.5000000000000009
decision_type=2 2 2 2 2 2 2 2 2 2 2 2 2 2
left_child=-1 6 3 5 -5 -3 -2 8 9 10 -8 12 13 -9
right_child=1 2 -4 4 -6 -7 7 11 -10 -11 -12 -13 -14 -15
leaf_value=0.016075199379959847 -0.01293530971050391 0.4226232708155454 0.036453707042966903 -0.67936398858670144 -0.081231157646720731 -0.062738341018381827 -0.041771960623044384 -0.011802195521021212 0.51207760953597281 0.12907206484496989 -0.53587579655236206 0.032163689674826156 -0.027762410084508249 -0.69119013850202515
leaf_weight=8348 13945 86 1620 95 2212 207 182 106 146 1016 82 4391 874 82
leaf_count=8348 13945 86 1620 95 2212 207 182 106 146 1016 82 4391 874 82
internal_value=1.24784e-05 -0.0053439 -0.0387291 -0.0855538 -0.107278 0.0844235 0.00142931 0.0305373 0.108088 0.0601946 -0.202351 0.0101768 -0.0804562 -0.318361
internal_weight=33392 25044 4220 2600 2307 293 20824 6879 1426 1280 264 5453 1062 188
internal_count=33392 25044 4220 2600 2307 293 20824 6879 1426 1280 264 5453 1062 188
is_linear=0
shrinkage=0.05


Tree=178
num_leaves=15
num_cat=0
split_feature=12 0 14 7 3 14 9 11 6 7 9 9 14 6
split_gain=1162.58 4220.5 5876.3 4285.47 3736.2 3835.57 5498.39 3232.49 4939.05 12655.6 15533.8 5563.66 5504.32 5391.22
threshold=159.50000000000003 4.5000000000000009 100.50000000000001 181.50000000000003 4.5000000000000009 149.50000000000003 171.50000000000003 132.50000000000003 138.50000000000003 146.50000000000003 89.500000000000014 122.50000000000001 107.50000000000001 134.50000000000003
decision_type=2 2 2 2 2 2 2 2 2 2 2 2 2 2
left_child=7 2 -2 -3 5 -4 -7 8 13 12 -11 -12 -10 -1
right_child=1 3 4 -5 -6 6 -8 -9 9 10 11 -13 -14 -15
leaf_value=-0.0011986345949999892 0.36512101160155402 -0.0079129633675981744 0.18716541172844348 -0.31968327230877347 -0.19319921017206951 -0.079648160766869036 0.13162014679727146 -0.038608340290634452 0.62740961272608153 -0.65454587140504061 -0.098256540911916559 0.082353555774113102 0.1983236730791654 -0.22647997888989166
leaf_weight=20824 157 1908 500 112 140 628 595 5344 83 80 576 1600 581 264
leaf_count=20824 157 1908 500 112 140 628 595 5344 83 80 576 1600 581 264
internal_value=4.39714e-06 0.0251344 0.0761526 -0.0259459 0.0508884 0.071223 0.0232531 -0.00345818 0.00437239 0.0652594 0.00860416 0.0344293 0.256248 -0.00407194
internal_weight=33392 4040 2020 2020 1863 1723 1223 29352 24008 2920 2256 2176 664 21088
internal_count=33392 4040 2020 2020 1863 1723 1223 29352 24008 2920 2256 2176 664 21088
is_linear=0
shrinkage=0.05


Tree=179
num_leaves=15
num_cat=0
split_feature=5 12 14 3 14 13 4 1 12 10 12 6 14 3
split_gain=1143.56 1208.33 5115.55 2928.98 12740.1 9705.44 32169.7 10155.8 11793.1 7275.66 6231.83 4845.05 2774.68 12316.7
threshold=198.50000000000003 21.500000000000004 178.50000000000003 5.5000000000000009 179.50000000000003 59.500000000000007 1.5000000000000002 9.5000000000000018 22.500000000000004 167.50000000000003 105.50000000000001 99.500000000000014 149.50000000000003 4.5000000000000009
decision_type=2 2 2 2 2 2 2 2 2 2 2 2 2 2
left_child=1 2 -1 12 5 6 -5 8 -8 10 11 -7 -3 -14
right_child=-2 3 -4 4 -6 9 7 -9 -10 -11 -12 -13 13 -15
leaf_value=-0.017872537128355914 0.15604712105969079 0.0067109289599992118 -0.40993220237028949 0.83029750630470878 0.59405943568325748 -0.048082939396549798 0.68308531473875045 -0.00073004053773227141 -0.039581812506489386 -0.50900435337627481 0.23045366188964331 -0.38872314412146808 -0.019267190365904487 -0.43322938190924154
leaf_weight=3976 112 19322 80 136 98 1067 120 1541 102 83 180 111 6284 180
leaf_count=3976 112 19322 80 136 98 1067 120 1541 102 83 180 111 6284 180
internal_value=3.97103e-06 -0.000544536 -0.0261007 0.00300626 0.046322 0.0293867 0.103516 0.0452612 0.357491 -0.0683231 -0.0396206 -0.0816879 -0.00277681 -0.0311205
internal_weight=33392 33280 4056 29224 3438 3340 1899 1763 222 1441 1358 1178 25786 6464
internal_count=33392 33280 4056 29224 3438 3340 1899 1763 222 1441 1358 1178 25786 6464
is_linear=0
shrinkage=0.05


Tree=180
num_leaves=15
num_cat=0
split_feature=1 13 9 5 14 6 7 5 7 3 1 7 11 11
split_gain=1147.35 5813.99 5782.55 3188.17 3157.52 3256.78 4115.53 3277.66 2232.74 3392.95 2197.22 8655.18 6748.77 11112.1
threshold=19.500000000000004 129.50000000000003 159.50000000000003 119.50000000000001 134.50000000000003 168.50000000000003 164.50000000000003 152.50000000000003 121.50000000000001 4.5000000000000009 17.500000000000004 162.50000000000003 162.50000000000003 151.50000000000003
decision_type=2 2 2 2 2 2 2 2 2 2 2 2 2 2
left_child=10 4 3 -3 5 6 7 8 -2 -10 -1 12 13 -12
right_child=1 2 -4 -5 -6 -7 -8 -9 9 -11 11 -13 -14 -15
leaf_value=-0.00053596205077623995 -0.03137819308626718 0.086313199605315166 -0.45918523412901213 -0.26195920430319874 -0.23170481323702449 0.26337217716743117 -0.34080757369597753 0.23457204395840911 0.065002594426245772 -0.186561681586947 0.032112152864815439 0.27468355868806305 0.18314142684936843 -0.26136917518451813
leaf_weight=25050 3105 151 138 109 146 110 85 140 1431 143 1565 356 462 401
leaf_count=25050 3105 151 138 109 146 110 85 140 1431 143 1565 356 462 401
internal_value=8.5203e-06 -0.0207217 -0.203628 -0.0618811 -0.00643039 0.000353553 -0.00580838 0.000447629 -0.00680051 0.0416293 0.00415099 0.0462488 0.0122594 -0.0282597
internal_weight=33392 5558 398 260 5160 5014 4904 4819 4679 1574 27834 2784 2428 1966
internal_count=33392 5558 398 260 5160 5014 4904 4819 4679 1574 27834 2784 2428 1966
is_linear=0
shrinkage=0.05


Tree=181
num_leaves=15
num_cat=0
split_feature=0 5 9 14 5 5 1 8 8 5 14 1 7 14
split_gain=1119.89 3888.09 4201.41 3814.64 3239.36 2881.5 6105.98 4711.47 3608.26 2574.73 4529 2440.88 3366.28 2334.41
threshold=1.5000000000000002 173.50000000000003 180.50000000000003 149.50000000000003 157.50000000000003 126.50000000000001 17.500000000000004 139.50000000000003 108.50000000000001 94.500000000000014 84.500000000000014 10.500000000000002 88.500000000000014 72.500000000000014
decision_type=2 2 2 2 2 2 2 2 2 2 2 2 2 2
left_child=1 2 3 5 11 8 7 -7 9 10 -1 -5 -13 -10
right_child=-2 -3 -4 4 -6 6 -8 -9 13 -11 -12 12 -14 -15
leaf_value=3.0229801020577428e-05 0.0034654881424980286 0.14277198120303777 -0.38373622032272264 -0.47042653708485888 -0.0089536558716724664 0.29335573221246403 0.31400244706379832 -0.11793728281377949 0.055359751471461584 0.074330460504283644 -0.2212634148360475 0.088603709369426839 -0.3120363553571277 -0.21557574000549376
leaf_weight=1225 29218 317 81 91 224 85 196 303 99 694 280 82 132 365
leaf_count=1225 29218 317 81 91 224 85 196 303 99 694 280 82 132 365
internal_value=3.34601e-06 -0.0242068 -0.0380976 -0.0301855 -0.15403 -0.0098031 0.0903087 -0.0252485 -0.0318859 -0.00502083 -0.041737 -0.258714 -0.160002 -0.157794
internal_weight=33392 4174 3857 3776 529 3247 584 388 2663 2199 1505 305 214 464
internal_count=33392 4174 3857 3776 529 3247 584 388 2663 2199 1505 305 214 464
is_linear=0
shrinkage=0.05


Tree=182
num_leaves=15
num_cat=0
split_feature=12 12 8 5 10 14 13 0 9 10 14 7 14 4
split_gain=1115.52 1793.7 4584.43 2774.53 1948.44 1884.12 1731.42 2233.22 1720.94 1656.14 2184.92 2420.38 1953.88 8255.46
threshold=179.50000000000003 176.50000000000003 150.50000000000003 176.50000000000003 190.50000000000003 171.50000000000003 160.50000000000003 5.5000000000000009 173.50000000000003 182.50000000000003 153.50000000000003 171.50000000000003 182.50000000000003 2.5000000000000004
decision_type=2 2 2 2 2 2 2 2 2 2 2 2 2 2
left_child=1 4 -3 -4 9 -6 7 -2 -8 12 -11 -12 -1 -14
right_child=6 2 3 -5 5 -7 8 -9 -10 10 11 -13 13 -15
leaf_value=0.0013186301365915112 0.10084409820181983 0.16263692108163191 -0.48022385925054556 -0.089649841004828798 0.033942056015349817 0.29444422133432302 -0.0040134117723657535 -0.12559115946844068 0.257736869382928 -0.28239148208171072 0.17817021379166323 -0.17235063140473839 -0.33533283006399872 0.058159988986594337
leaf_weight=31260 240 88 80 104 202 102 99 191 166 116 87 101 211 345
leaf_count=31260 240 88 80 104 202 102 99 191 166 116 87 101 211 345
internal_value=-2.49554e-06 -0.00134032 -0.128035 -0.267677 -0.000257925 0.124698 0.0624059 0.000208571 0.161687 -0.00145979 -0.116657 -0.00972802 -0.000340936 -0.0928269
internal_weight=33392 32696 272 184 32424 304 696 431 265 32120 304 188 31816 556
internal_count=33392 32696 272 184 32424 304 696 431 265 32120 304 188 31816 556
is_linear=0
shrinkage=0.05


Tree=183
num_leaves=15
num_cat=0
split_feature=14 6 4 13 5 10 7 5 0 8 3 10 12 4
split_gain=1066.05 4056.86 16468.5 7041.84 5233.06 23739.4 9637.28 7869.08 4639.83 9242.48 15435.9 16425.3 9111.04 3914.48
threshold=22.500000000000004 167.50000000000003 1.5000000000000002 180.50000000000003 84.500000000000014 109.50000000000001 90.500000000000014 57.500000000000007 4.5000000000000009 131.50000000000003 3.5000000000000004 103.50000000000001 99.500000000000014 1.5000000000000002
decision_type=2 2 2 2 2 2 2 2 2 2 2 2 2 2
left_child=1 3 -3 4 5 7 -6 -1 -8 10 12 -12 -10 -2
right_child=13 2 -4 -5 6 -7 8 -9 9 -11 11 -13 -14 -15
leaf_value=-0.028562098965984134 0.057724786620047985 -0.76444540414959194 0.086695323415969056 0.39118125201375398 0.49143667277244352 -0.69290280445520569 0.13764428987522567 0.36036048662617692 0.39403987987115324 0.20791271053989169 -1.0533350363198448 -0.086634141434820344 -0.20690172025217463 -0.0023141979039719355
leaf_weight=5902 3082 83 158 103 121 129 541 128 108 208 80 93 138 22518
leaf_count=5902 3082 83 158 103 121 129 541 128 108 208 80 93 138 22518
internal_value=-5.38218e-06 -0.0161926 -0.216016 -0.00967623 -0.0154785 -0.0346589 0.0759476 -0.0200146 0.0309933 -0.0613903 -0.195953 -0.550695 0.0595202 0.00492379
internal_weight=33392 7792 241 7551 7448 6159 1289 6030 1168 627 419 173 246 25600
internal_count=33392 7792 241 7551 7448 6159 1289 6030 1168 627 419 173 246 25600
is_linear=0
shrinkage=0.05


Tree=184
num_leaves=15
num_cat=0
split_feature=13 13 13 6 9 4 1 14 4 13 3 14 8 12
split_gain=1060.92 1187.71 4721.4 5171.65 5185.53 9378.13 4507.46 5058.21 5670.91 4291.32 5766.6 4506.09 8242.91 4187.2
threshold=19.500000000000004 28.500000000000004 70.500000000000014 24.500000000000004 110.50000000000001 3.5000000000000004 1.5000000000000002 22.500000000000004 3.5000000000000004 94.500000000000014 3.5000000000000004 182.50000000000003 104.50000000000001 136.50000000000003
decision_type=2 2 2 2 2 2 2 2 2 2 2 2 2 2
left_child=-1 13 3 -3 5 -5 7 8 -4 10 -8 -11 -13 -2
right_child=1 2 6 4 -6 -7 9 -9 -10 11 -12 12 -14 -15
leaf_value=-0.14658485236691265 -0.00067178222678377557 0.061830428685512279 -0.34564527648687365 -0.65897932716711305 -0.034407618482018246 -0.13598017650257263 -0.17660232314579324 0.14212645332285992 0.16521646463031373 0.0037238923453623059 0.012352850076250317 -0.60466458060285633 -0.042989263870462112 0.080574606796583306
leaf_weight=118 8491 305 120 122 328 275 824 970 92 18650 786 80 286 1945
leaf_count=118 8491 305 120 122 328 275 824 970 92 18650 786 80 286 1945
internal_value=-1.04138e-05 0.000531331 -0.00585435 -0.110198 -0.182497 -0.302898 -0.000902019 0.0938447 -0.125252 -0.00635303 -0.084602 0.000292458 -0.172254 0.0145018
internal_weight=33392 33274 22838 1030 725 397 21808 1182 212 20626 1610 19016 366 10436
internal_count=33392 33274 22838 1030 725 397 21808 1182 212 20626 1610 19016 366 10436
is_linear=0
shrinkage=0.05


Tree=185
num_leaves=15
num_cat=0
split_feature=1 13 9 5 14 6 7 5 9 7 1 7 9 12
split_gain=1062.37 5262.93 5174.02 2905.08 2886.28 2959.73 3794.02 2913.64 2000.72 2943.63 1881.45 7726.66 6365.07 6238.93
threshold=19.500000000000004 129.50000000000003 159.50000000000003 119.50000000000001 134.50000000000003 168.50000000000003 164.50000000000003 152.50000000000003 159.50000000000003 121.50000000000001 17.500000000000004 162.50000000000003 175.50000000000003 159.50000000000003
decision_type=2 2 2 2 2 2 2 2 2 2 2 2 2 2
left_child=10 4 3 -3 5 6 7 8 9 -2 -1 12 13 -12
right_child=1 2 -4 -5 -6 -7 -8 -9 -10 -11 11 -13 -14 -15
leaf_value=-0.00037349222836433982 -0.028604287572483678 0.081600286800844177 -0.43573725262096713 -0.25086161789664052 -0.22175398575549093 0.25085053287446496 -0.32740803268220692 0.22098739077304971 -0.20154545132536442 0.05750712394610237 -0.0077607200876925499 0.25875271580225873 -0.41428947732729071 0.2215670966553962
leaf_weight=25050 3103 151 138 109 146 110 85 140 123 1453 2005 356 80 343
leaf_count=25050 3103 151 138 109 146 110 85 140 123 1453 2005 356 80 343
internal_value=-2.24744e-05 -0.0199702 -0.193993 -0.0598814 -0.00637273 0.000113509 -0.00576046 0.000246396 -0.00658722 -0.00110869 0.00396363 0.0429191 0.0108063 0.0261395
internal_weight=33392 5558 398 260 5160 5014 4904 4819 4679 4556 27834 2784 2428 2348
internal_count=33392 5558 398 260 5160 5014 4904 4819 4679 4556 27834 2784 2428 2348
is_linear=0
shrinkage=0.05


Tree=186
num_leaves=15
num_cat=0
split_feature=0 5 9 14 5 5 1 8 8 5 14 1 7 14
split_gain=1036.7 3477.31 3829.88 3504.13 2908.19 2514.13 5429.54 4217.74 3234.09 2292.43 4186.73 2187.7 3069.28 2165.2
threshold=1.5000000000000002 173.50000000000003 180.50000000000003 149.50000000000003 157.50000000000003 126.50000000000001 17.500000000000004 139.50000000000003 108.50000000000001 94.500000000000014 84.500000000000014 10.500000000000002 88.500000000000014 89.500000000000014
decision_type=2 2 2 2 2 2 2 2 2 2 2 2 2 2
left_child=1 2 3 5 11 8 7 -7 9 10 -1 -5 -13 -10
right_child=-2 -3 -4 4 -6 6 -8 -9 13 -11 -12 12 -14 -15
leaf_value=0.00094814527787389312 0.0033037566265231699 0.13459230166113709 -0.36645994619574657 -0.4472715400236969 -0.010101446657396821 0.27665213906102715 0.29508684106282335 -0.11249802683891318 -0.0065244318148719952 0.070313641184396161 -0.21181565455700221 0.084135024131800254 -0.2984412322782769 -0.23020445947289267
leaf_weight=1225 29218 317 81 91 224 85 196 303 170 694 280 82 132 294
leaf_count=1225 29218 317 81 91 224 85 196 303 170 694 280 82 132 294
internal_value=-2.73173e-05 -0.0233209 -0.0364569 -0.0289027 -0.147599 -0.00936752 0.0841456 -0.0248109 -0.0299943 -0.0045608 -0.0392061 -0.24679 -0.153273 -0.149196
internal_weight=33392 4174 3857 3776 529 3247 584 388 2663 2199 1505 305 214 464
internal_count=33392 4174 3857 3776 529 3247 584 388 2663 2199 1505 305 214 464
is_linear=0
shrinkage=0.05


Tree=187
num_leaves=15
num_cat=0
split_feature=7 9 7 9 8 14 14 6 0 14 8 9 3 8
split_gain=1018.25 12414.6 8185.22 7223.37 5565.18 9182.19 5866.75 5171.16 4761.08 4895.25 5014.45 4600.39 4172.28 3997.99
threshold=147.50000000000003 89.500000000000014 149.50000000000003 155.50000000000003 159.50000000000003 63.500000000000007 21.500000000000004 155.50000000000003 4.5000000000000009 150.50000000000003 137.50000000000003 176.50000000000003 4.5000000000000009 125.50000000000001
decision_type=2 2 2 2 2 2 2 2 2 2 2 2 2 2
left_child=11 -2 3 -3 7 6 -6 -4 9 10 -9 -1 13 -10
right_child=1 2 4 -5 5 -7 -8 8 12 -11 -12 -13 -14 -15
leaf_value=0.002647111303387148 -0.61687583886525221 -0.034552687577903272 -0.18605251964453084 -0.59837061970605765 0.094361576700515787 0.018999460321712791 0.53724184194579727 0.41990565144932357 -0.33125103285982593 -0.021100000003866089 0.071132539515141022 0.21691631775578527 -0.35395726506100145 -0.030458189339468103
leaf_weight=25416 80 120 544 104 161 3524 139 138 116 1011 379 248 124 1288
leaf_count=25416 80 120 544 104 161 3524 139 138 116 1011 379 248 124 1288
internal_value=-3.20769e-05 -0.0159373 -0.00925243 -0.303675 -0.0001706 0.0418062 0.305006 -0.0447554 -0.0193402 0.0430031 0.167359 0.00475952 -0.0816205 -0.0563973
internal_weight=33392 7728 7648 224 7424 3824 300 3600 3056 1528 517 25664 1528 1404
internal_count=33392 7728 7648 224 7424 3824 300 3600 3056 1528 517 25664 1528 1404
is_linear=0
shrinkage=0.05


Tree=188
num_leaves=15
num_cat=0
split_feature=5 7 10 7 10 6 9 5 12 3 14 4 0 5
split_gain=1030.53 1157.82 10880.3 7384.94 6122.58 7269.66 4160.6 3603.43 9122.58 6828.29 7324.74 5331.43 3837.87 5145.45
threshold=198.50000000000003 147.50000000000003 62.500000000000007 155.50000000000003 172.50000000000003 162.50000000000003 176.50000000000003 126.50000000000001 168.50000000000003 4.5000000000000009 64.500000000000014 2.5000000000000004 4.5000000000000009 165.50000000000003
decision_type=2 2 2 2 2 2 2 2 2 2 2 2 2 2
left_child=1 6 -3 4 5 -4 7 8 -1 12 -11 -10 -9 -14
right_child=-2 2 3 -5 -6 -7 -8 9 11 10 -12 -13 13 -15
leaf_value=-0.0016780178742853539 0.14809429519451583 -0.53318118304751894 -0.15155401528809817 0.01156029574018538 -0.45335399993658065 0.14871013504791991 0.20628484671147682 0.086988761069424062 -0.64055258274954907 0.68236229769447276 0.096688017147508534 -0.1167423105724156 -0.00029985357969564955 -0.36937505217766997
leaf_weight=21896 112 96 888 6256 120 256 248 1542 80 80 149 120 1453 96
leaf_count=21896 112 96 888 6256 120 256 248 1542 80 80 149 120 1453 96
internal_value=-3.6547e-05 -0.000557236 -0.0176704 -0.0107395 -0.12072 -0.0840073 0.00452368 0.00251478 -0.00478666 0.0510431 0.311499 -0.336779 0.031275 -0.0242883
internal_weight=33392 33280 7616 7520 1264 1144 25664 25416 22096 3320 229 200 3091 1549
internal_count=33392 33280 7616 7520 1264 1144 25664 25416 22096 3320 229 200 3091 1549
is_linear=0
shrinkage=0.05


Tree=189
num_leaves=15
num_cat=0
split_feature=1 12 3 8 13 7 7 5 12 4 5 11 14 11
split_gain=1025.21 1921.46 2342.2 1838.36 1319.56 1285.02 8142.17 10255.8 4881.6 7937.06 6530.93 4114.59 4829.56 3892.4
threshold=21.500000000000004 141.50000000000003 3.5000000000000004 131.50000000000003 119.50000000000001 126.50000000000001 117.50000000000001 157.50000000000003 99.500000000000014 2.5000000000000004 162.50000000000003 92.500000000000014 121.50000000000001 162.50000000000003
decision_type=2 2 2 2 2 2 2 2 2 2 2 2 2 2
left_child=5 3 -3 4 -2 6 13 -8 9 -7 -11 12 -10 -1
right_child=1 2 -4 -5 -6 8 7 -9 11 10 -12 -13 -14 -15
leaf_value=-0.0038885262220996128 -0.034585709019896077 -0.054097684295131614 -0.31589080538537545 0.17167673896138486 0.093679626636424276 -0.46551637041382493 0.083312322721457333 0.57141371586988876 0.37419932738047884 -0.28628589627015488 0.099186081693542705 -0.012163169635775141 0.039565607577068618 0.10476314320273293
leaf_weight=18842 1998 320 113 125 218 145 1387 112 142 171 288 8264 410 857
leaf_count=18842 1998 320 113 125 218 145 1387 112 142 171 288 8264 410 857
internal_value=-4.13523e-05 -0.0291196 -0.125244 -0.0111111 -0.0217851 0.00259747 0.00942531 0.12156 -0.0127642 -0.149675 -0.0459586 -0.00330464 0.128235 0.000863722
internal_weight=33392 2774 433 2341 2216 30618 21198 1499 9420 604 459 8816 552 19699
internal_count=33392 2774 433 2341 2216 30618 21198 1499 9420 604 459 8816 552 19699
is_linear=0
shrinkage=0.05


Tree=190
num_leaves=15
num_cat=0
split_feature=0 9 5 14 5 1 7 5 1 8 8 5 14 14
split_gain=991.698 3357.41 4117.78 3136.73 2154.7 2260.67 2365.33 2097.62 4957.63 3669.37 2897.99 2112.92 3741.08 1947.51
threshold=1.5000000000000002 183.50000000000003 173.50000000000003 149.50000000000003 157.50000000000003 10.500000000000002 88.500000000000014 126.50000000000001 17.500000000000004 139.50000000000003 108.50000000000001 94.500000000000014 73.500000000000014 89.500000000000014
decision_type=2 2 2 2 2 2 2 2 2 2 2 2 2 2
left_child=1 2 3 7 5 -5 -7 10 9 -9 11 12 -1 -12
right_child=-2 -3 -4 4 -6 6 -8 8 -10 -11 13 -13 -14 -15
leaf_value=0.0018470350546323736 0.0032214276850483755 -0.28461033448796064 0.17100580659004044 -0.42880962914011134 -0.022305119013542249 0.077119478784587192 -0.25679403699485331 0.25343651177154647 0.27687113022440996 -0.10903452196970392 -0.0065455642829516103 0.066936253659488451 -0.1927397506992809 -0.21869405211046039
leaf_weight=1200 29218 114 272 91 227 82 136 85 196 307 170 694 306 294
leaf_count=1200 29218 114 272 91 227 82 136 85 196 307 170 694 306 294
internal_value=-3.65495e-05 -0.022819 -0.0151271 -0.0287003 -0.140183 -0.225046 -0.132281 -0.0101386 0.0749437 -0.0282355 -0.0290232 -0.00495598 -0.0381975 -0.141866
internal_weight=33392 4174 4060 3788 536 309 218 3252 588 392 2664 2200 1506 464
internal_count=33392 4174 4060 3788 536 309 218 3252 588 392 2664 2200 1506 464
is_linear=0
shrinkage=0.05


Tree=191
num_leaves=15
num_cat=0
split_feature=14 6 4 13 5 10 12 9 11 3 13 1 10 9
split_gain=991.244 3839.91 14213.3 6364.39 4470.28 21281.8 8967.41 7639.02 7582.4 5193.43 4940.37 4150.05 3653.2 10587.4
threshold=22.500000000000004 167.50000000000003 1.5000000000000002 180.50000000000003 84.500000000000014 109.50000000000001 70.500000000000014 96.500000000000014 86.500000000000014 2.5000000000000004 90.500000000000014 19.500000000000004 23.500000000000004 24.500000000000004
decision_type=2 2 2 2 2 2 2 2 2 2 2 2 2 2
left_child=1 3 -3 4 5 7 -6 -1 -8 10 -10 -11 13 -2
right_child=12 2 -4 -5 6 -7 8 -9 9 11 -12 -13 -14 -15
leaf_value=-0.025509001871591622 0.027633130338607322 -0.71950119132684032 0.071426281161560606 0.37177903072356627 0.49941916177133189 -0.65579293071111644 -0.34104410682038799 0.44379520335615696 -0.33395885201884218 0.26620176541714041 0.039165402406250584 -0.055196312833847343 -0.0031579660135275635 0.36251312734581265
leaf_weight=5947 3537 83 158 103 106 129 119 83 106 387 438 133 21815 248
leaf_count=5947 3537 83 158 103 106 129 119 83 106 387 438 133 21815 248
internal_value=-3.97308e-05 -0.0156486 -0.210055 -0.009309 -0.014825 -0.0325522 0.0696761 -0.0186869 0.0292301 0.0720438 -0.0359183 0.184255 0.00471336 0.0500244
internal_weight=33392 7792 241 7551 7448 6159 1289 6030 1183 1064 544 520 25600 3785
internal_count=33392 7792 241 7551 7448 6159 1289 6030 1183 1064 544 520 25600 3785
is_linear=0
shrinkage=0.05


Tree=192
num_leaves=15
num_cat=0
split_feature=13 13 13 6 7 4 1 14 10 4 5 4 14 12
split_gain=973.175 1072.47 4351.79 4624.52 4846.18 4449.71 4155.37 4497.09 5141.34 3803.96 5400.31 4882.75 3750.3 7645.13
threshold=19.500000000000004 28.500000000000004 70.500000000000014 24.500000000000004 107.50000000000001 4.5000000000000009 1.5000000000000002 22.500000000000004 100.50000000000001 2.5000000000000004 65.500000000000014 1.5000000000000002 182.50000000000003 93.500000000000014
decision_type=2 2 2 2 2 2 2 2 2 2 2 2 2 2
left_child=-1 -2 3 -3 5 -5 7 8 -4 11 -11 -9 -8 -14
right_child=1 2 6 4 -6 -7 12 9 -10 10 -12 -13 13 -15
leaf_value=-0.14042023549658983 0.013756153915248174 0.056929718748095541 0.079814847729824223 -0.44982385738817759 -0.049098094737560882 -0.081667907724917777 -0.0031809795815864184 0.02445827050530535 -0.41435393718467362 -0.14117447683501036 0.16424144371548732 0.4257475709028799 -0.5737633518789006 -0.037296628975140751
leaf_weight=118 10436 305 130 210 378 137 20260 122 82 210 440 198 82 284
leaf_count=118 10436 305 130 210 378 137 20260 122 82 210 440 198 82 284
internal_value=-3.81353e-05 0.000480726 -0.00558727 -0.105764 -0.174128 -0.307696 -0.000832741 0.0901382 -0.116469 0.135659 0.0652442 0.275486 -0.00606654 -0.163601
internal_weight=33392 33274 22838 1030 725 347 21808 1182 212 970 650 320 20626 366
internal_count=33392 33274 22838 1030 725 347 21808 1182 212 970 650 320 20626 366
is_linear=0
shrinkage=0.05


Tree=193
num_leaves=15
num_cat=0
split_feature=2 14 11 12 7 10 8 7 14 7 1 5 11 13
split_gain=954.684 2211.88 4013.85 2561.07 2119.77 2860.69 2362.86 2172.55 2071.15 6601.27 19203.1 13541.6 17591.8 6453.75
threshold=1.0000000180025095e-35 163.50000000000003 23.500000000000004 92.500000000000014 117.50000000000001 171.50000000000003 119.50000000000001 162.50000000000003 141.50000000000003 24.500000000000004 8.5000000000000018 103.50000000000001 72.500000000000014 167.50000000000003
decision_type=2 2 2 2 2 2 2 2 2 2 2 2 2 2
left_child=1 4 -3 -4 6 -6 -1 -7 13 10 -10 12 -11 -2
right_child=8 2 3 -5 5 7 -8 -9 9 11 -12 -13 -14 -15
leaf_value=-0.0087229257066324256 -0.0023292593196226896 0.3487044208992095 -0.15569300291733479 0.076237314964580777 0.071366177475408743 -0.2750913796581182 -0.24103101166630433 -0.0083808145059212566 0.81782051934437328 -0.12921201861296516 -0.013002727894767996 -0.024957104842711426 -0.9463033023607601 0.15624089897159466
leaf_weight=4854 18284 118 132 914 1821 97 107 305 83 246 331 5354 86 660
leaf_count=4854 18284 118 132 914 1821 97 107 305 83 246 331 5354 86 660
internal_value=-4.46563e-05 0.0145935 0.0783771 0.0463674 0.00421159 0.0447295 -0.013971 -0.0753252 -0.004926 -0.0302525 0.161335 -0.0443316 -0.351768 0.00323502
internal_weight=33392 8348 1164 1046 7184 2223 4961 402 25044 6100 414 5686 332 18944
internal_count=33392 8348 1164 1046 7184 2223 4961 402 25044 6100 414 5686 332 18944
is_linear=0
shrinkage=0.05


Tree=194
num_leaves=15
num_cat=0
split_feature=2 14 1 1 14 5 13 13 6 6 5 5 7 9
split_gain=983.337 1821.85 4754.92 4879.62 3713.53 3646.04 3489.68 3433.94 2610.35 2208.37 2199 3220.73 3063.06 2224.23
threshold=2.5000000000000004 141.50000000000003 7.5000000000000009 16.500000000000004 130.50000000000003 151.50000000000003 156.50000000000003 134.50000000000003 105.50000000000001 153.50000000000003 163.50000000000003 135.50000000000003 148.50000000000003 163.50000000000003
decision_type=2 2 2 2 2 2 2 2 2 2 2 2 2 2
left_child=-1 4 -3 -4 10 8 7 -5 -6 -9 11 -2 -13 -12
right_child=1 2 3 6 5 -7 -8 9 -10 -11 13 12 -14 -15
leaf_value=-0.0049989760087128417 0.016748334833962052 -0.36193250542638278 0.029343005625822868 -0.22546156578283899 0.2637385170775301 0.43685698852064869 -0.41447058233736772 0.26230061592041765 -0.11636234000097173 -0.095113151336367108 0.068191926492886121 0.31173764824628192 0.03749936350043221 -0.21675469107567308
leaf_weight=25044 5066 94 1776 182 80 102 96 82 92 82 105 182 227 182
leaf_count=25044 5066 94 1776 182 80 102 96 82 92 82 105 182 227 182
internal_value=-4.49262e-05 0.0148113 -0.0228955 -0.00774523 0.0292614 0.207435 -0.155431 -0.0786781 0.0628849 0.0860669 0.0206162 0.0277236 0.161823 -0.113123
internal_weight=33392 8348 2312 2218 6036 274 442 346 172 164 5762 5475 409 287
internal_count=33392 8348 2312 2218 6036 274 442 346 172 164 5762 5475 409 287
is_linear=0
shrinkage=0.05


Tree=195
num_leaves=15
num_cat=0
split_feature=1 7 12 12 7 1 14 8 3 10 10 4 5 7
split_gain=967.442 4200.83 5504 5229.94 4889.78 14118.7 6322.2 9587.45 6023.07 5598.71 5824.53 8562.74 5829.09 4125.29
threshold=11.500000000000002 112.50000000000001 121.50000000000001 119.50000000000001 122.50000000000001 7.5000000000000009 167.50000000000003 112.50000000000001 5.5000000000000009 109.50000000000001 114.50000000000001 3.5000000000000004 118.50000000000001 110.50000000000001
decision_type=2 2 2 2 2 2 2 2 2 2 2 2 2 2
left_child=1 2 3 13 5 9 7 -7 -6 -3 11 -11 -12 -1
right_child=-2 4 -4 -5 8 6 -8 -9 -10 10 12 -13 -14 -15
leaf_value=-0.0036382823575760296 -0.0085531047096110615 0.18944311953377252 0.19112100542039556 -0.38815972385523112 -0.011119139272587165 0.13788648060096118 0.1294853536886458 0.80515585055720096 0.30589805102010947 -0.61900961294608281 0.089997059136749033 0.083671778452527878 -0.25555747214679586 -0.15530078263107761
leaf_weight=11248 16694 433 336 87 2593 91 156 136 154 87 692 80 143 462
leaf_count=11248 16694 433 336 87 2593 91 156 136 154 87 692 80 143 462
internal_value=-4.27449e-05 0.00846559 -0.00692087 -0.01264 0.049323 0.112812 0.380441 0.546397 0.0071767 0.0403089 -0.024758 -0.289749 0.0296493 -0.00968562
internal_weight=33392 16698 12133 11797 4565 1818 383 227 2747 1435 1002 167 835 11710
internal_count=33392 16698 12133 11797 4565 1818 383 227 2747 1435 1002 167 835 11710
is_linear=0
shrinkage=0.05


Tree=196
num_leaves=15
num_cat=0
split_feature=5 1 1 14 9 14 10 14 4 13 9 14 5 7
split_gain=939.393 4444.21 11424.5 5876.51 2697.29 8823.11 5112.84 11304.8 12582.6 26617.2 6211.38 12386.7 5454.39 4644.95
threshold=21.500000000000004 7.5000000000000009 8.5000000000000018 71.500000000000014 21.500000000000004 168.50000000000003 23.500000000000004 168.50000000000003 1.5000000000000002 132.50000000000003 23.500000000000004 26.500000000000004 22.500000000000004 23.500000000000004
decision_type=2 2 2 2 2 2 2 2 2 2 2 2 2 2
left_child=1 3 -3 -1 5 -2 7 8 9 12 -10 13 -6 -12
right_child=4 2 -4 -5 6 -7 -8 -9 10 -11 11 -13 -14 -15
leaf_value=-0.029696392667198413 -0.032284129458326261 0.41814515283446252 -0.013724863519988591 -0.27478716420062055 0.30055419596954713 -0.5536191832745212 -0.0021164253752830784 0.51485247697794079 -0.014223988467315894 1.0945785965639003 -0.081335530299211631 0.68719567723725872 -0.11296671345737411 0.32789957485458054
leaf_weight=786 1222 157 2794 351 154 82 24184 127 2886 80 227 92 156 94
leaf_count=786 1222 157 2794 351 154 82 24184 127 2886 80 227 92 156 94
internal_value=-3.69295e-05 -0.0224751 0.00992003 -0.106229 0.00309656 -0.0670569 0.0063751 0.0601227 0.0437922 0.31048 0.0118428 0.191986 0.0939698 0.0416939
internal_weight=33392 4088 2951 1137 29304 1304 28000 3816 3689 390 3299 413 310 321
internal_count=33392 4088 2951 1137 29304 1304 28000 3816 3689 390 3299 413 310 321
is_linear=0
shrinkage=0.05


Tree=197
num_leaves=15
num_cat=0
split_feature=5 6 6 9 13 4 5 12 6 14 10 7 9 14
split_gain=914.505 1093.75 4885.12 4572.99 5256.54 3673 15238.7 3375.04 3340.77 2996.5 2491.18 2385.28 2859.06 3040.6
threshold=198.50000000000003 179.50000000000003 176.50000000000003 171.50000000000003 140.50000000000003 1.5000000000000002 176.50000000000003 131.50000000000003 180.50000000000003 144.50000000000003 173.50000000000003 184.50000000000003 181.50000000000003 170.50000000000003
decision_type=2 2 2 2 2 2 2 2 2 2 2 2 2 2
left_child=1 2 11 7 10 6 -3 -4 -7 -9 -5 12 13 -1
right_child=-2 5 3 4 -6 8 -8 9 -10 -11 -12 -13 -14 -15
leaf_value=0.00068708744216665915 0.13952465693120106 -0.76319714488352053 0.0796077885380264 -0.34868393650988949 0.19260818102912416 0.2095669736006078 0.050767599784342046 0.60119100090704469 -0.044828255272614935 0.19610375452538623 -0.0044501596565047902 -0.26634308516979222 0.10510065521122199 -0.065927295191816337
leaf_weight=28888 112 80 152 92 201 152 176 90 720 102 115 80 616 1816
leaf_count=28888 112 80 152 92 201 152 176 90 720 102 115 80 616 1816
internal_value=-1.84015e-05 -0.000508906 0.00119235 0.126705 0.0128836 -0.048792 -0.213344 0.259584 0.000457845 0.396428 -0.162058 -0.00183325 -0.00111521 -0.00326294
internal_weight=33392 33280 32152 752 408 1128 256 344 872 192 207 31400 31320 30704
internal_count=33392 33280 32152 752 408 1128 256 344 872 192 207 31400 31320 30704
is_linear=0
shrinkage=0.05


Tree=198
num_leaves=15
num_cat=0
split_feature=12 12 3 14 10 10 9 12 7 4 5 11 3 6
split_gain=936.26 1700.6 4322.27 1710.91 1507.05 1815.45 1447.11 13302.5 3983.25 4835.47 4024.11 3990.63 3589.24 2901.58
threshold=179.50000000000003 176.50000000000003 2.5000000000000004 148.50000000000003 190.50000000000003 192.50000000000003 171.50000000000003 134.50000000000003 168.50000000000003 1.5000000000000002 168.50000000000003 184.50000000000003 3.5000000000000004 176.50000000000003
decision_type=2 2 2 2 2 2 2 2 2 2 2 2 2 2
left_child=1 4 3 -3 6 -6 13 12 10 -10 11 -9 -8 -1
right_child=-2 2 -4 -5 5 -7 7 8 9 -11 -12 -13 -14 -15
leaf_value=-0.0013734678501481274 0.057157798319358848 0.18088048775830579 -0.36987473738439586 -0.12966099181595972 0.24912388297848237 0.0042303811810210923 -0.22885857129344359 0.23621216890852104 -0.36384977633372334 -0.01542018442641685 -0.042322158490065237 -0.11449705783535941 -0.61553020328283314 0.085372373966501103
leaf_weight=29120 696 88 104 80 128 176 248 440 112 672 360 96 80 992
leaf_count=29120 696 88 104 80 128 176 248 440 112 672 360 96 80 992
internal_value=-1.68697e-05 -0.0012425 -0.124605 0.0335301 -0.000188577 0.109706 -0.00124559 -0.0422894 0.0148918 -0.0671862 0.0866844 0.172921 -0.330995 0.00149796
internal_weight=33392 32696 272 168 32424 304 32120 2008 1680 784 896 536 328 30112
internal_count=33392 32696 272 168 32424 304 32120 2008 1680 784 896 536 328 30112
is_linear=0
shrinkage=0.05


Tree=199
num_leaves=15
num_cat=0
split_feature=6 9 11 7 14 4 12 5 6 5 1 9 5 9
split_gain=917.539 4904.63 10448.6 9209.67 9579.88 8729.16 15964.8 6397.76 6036.02 7397.48 7167.79 4872.06 4990.6 4867.15
threshold=96.500000000000014 100.50000000000001 71.500000000000014 83.500000000000014 71.500000000000014 1.5000000000000002 151.50000000000003 63.500000000000007 66.500000000000014 98.500000000000014 6.5000000000000009 109.50000000000001 109.50000000000001 55.500000000000007
decision_type=2 2 2 2 2 2 2 2 2 2 2 2 2 2
left_child=1 3 -3 8 -5 6 -4 -7 -1 10 -10 -9 -13 -2
right_child=13 2 5 4 -6 7 -8 11 9 -11 -12 12 -14 -15
leaf_value=-0.0031830939565461918 -0.3284358749787013 0.58527372076664819 0.77366048201508475 0.044908134856007316 -0.59303926636348481 -0.31727215822477989 -0.12553095766693675 0.18650686372517999 0.16492482526092073 -0.087805088341865747 0.66921969316081031 -0.37045837552637184 0.021089645988802794 -0.0049862716153829551
leaf_weight=11192 112 96 104 105 127 128 88 408 338 208 86 88 648 19664
leaf_count=11192 112 96 104 105 127 128 88 408 338 208 86 88 648 19664
internal_value=-2.40242e-05 0.00996253 0.0932373 -0.000847083 -0.309457 0.0590903 0.368805 0.0110799 0.00533643 0.155048 0.273819 0.0490394 -0.0279097 -0.00690066
internal_weight=33392 13616 1560 12056 232 1464 192 1272 11824 632 424 1144 736 19776
internal_count=33392 13616 1560 12056 232 1464 192 1272 11824 632 424 1144 736 19776
is_linear=0
shrinkage=0.05


Tree=200
num_leaves=15
num_cat=0
split_feature=14 6 4 13 5 10 7 5 0 8 3 10 12 3
split_gain=916.929 3454.14 12620.8 5503.91 3908.42 19050.6 8217.65 7171.88 3830.82 8026.33 14244.2 14205.2 7960.44 3503.87
threshold=22.500000000000004 167.50000000000003 1.5000000000000002 180.50000000000003 84.500000000000014 109.50000000000001 90.500000000000014 57.500000000000007 4.5000000000000009 131.50000000000003 3.5000000000000004 103.50000000000001 102.50000000000001 3.5000000000000004
decision_type=2 2 2 2 2 2 2 2 2 2 2 2 2 2
left_child=1 3 -3 4 5 7 -6 -1 -8 10 12 -12 -10 -11
right_child=-2 2 -4 -5 6 -7 8 -9 9 13 11 -13 -14 -15
leaf_value=-0.025765632039443459 0.0045532224972180046 -0.67946509170261304 0.065872155906963936 0.34537402746371099 0.44852163040685272 -0.62038829180954114 0.12030031687508409 0.3455253757200295 0.35758461618811643 -0.023953416773251125 -0.99421959084623013 -0.094320636236688543 -0.20167522107380151 0.38126369729324916
leaf_weight=5902 25600 83 158 103 121 129 541 128 114 100 80 93 132 108
leaf_count=5902 25600 83 158 103 121 129 541 128 114 100 80 93 132 108
internal_value=-1.82199e-05 -0.0150306 -0.199414 -0.00901773 -0.0141471 -0.0307227 0.0648658 -0.0176044 0.0233782 -0.0605401 -0.185918 -0.526697 0.0594544 0.190459
internal_weight=33392 7792 241 7551 7448 6159 1289 6030 1168 627 419 173 246 208
internal_count=33392 7792 241 7551 7448 6159 1289 6030 1168 627 419 173 246 208
is_linear=0
shrinkage=0.05


Tree=201
num_leaves=15
num_cat=0
split_feature=13 8 3 1 9 13 12 14 5 11 12 13 5 14
split_gain=899.726 2419.96 4538.56 2431.29 1644.65 1642.3 4250.1 12957.4 8071.57 4547.46 4967.41 4051.82 5245.94 4188.37
threshold=20.500000000000004 20.500000000000004 5.5000000000000009 5.5000000000000009 93.500000000000014 28.500000000000004 136.50000000000003 63.500000000000007 150.50000000000003 120.50000000000001 115.50000000000001 84.500000000000014 127.50000000000001 149.50000000000003
decision_type=2 2 2 2 2 2 2 2 2 2 2 2 2 2
left_child=1 2 -1 4 -3 6 9 8 -8 10 -2 12 -7 -13
right_child=5 3 -4 -5 -6 11 7 -9 -10 -11 -12 13 -14 -15
leaf_value=0.32095905337944508 0.0044260540273577285 -0.10569325797320679 -0.084493538825542752 -0.033039584859087832 -0.37770274322283898 -0.052238690499574761 0.8001672125507876 0.041872791370215288 0.13736032677679946 -0.13022169770200129 0.19010924761699333 0.014067691331350447 -0.38572733100681078 -0.03745021282934461
leaf_weight=116 6598 148 157 789 90 1895 92 1513 92 583 376 15540 121 5282
leaf_count=116 6598 148 157 789 90 1895 92 1513 92 583 376 15540 121 5282
internal_value=-2.15818e-05 -0.0407189 0.0904608 -0.0758588 -0.214209 0.00163309 0.0193962 0.0907774 0.481165 0.00331744 0.0145661 -0.00556723 -0.0731594 0.000993085
internal_weight=33392 1300 273 1027 238 32092 9254 1697 184 7557 6974 22838 2016 20822
internal_count=33392 1300 273 1027 238 32092 9254 1697 184 7557 6974 22838 2016 20822
is_linear=0
shrinkage=0.05


Tree=202
num_leaves=15
num_cat=0
split_feature=1 7 12 12 7 1 14 8 3 10 14 11 10 13
split_gain=903.227 3942.85 4702.21 4790.13 4463.69 12876.7 5585.94 8663.46 5372.14 4997.69 5462.82 6615.48 4138.27 9698.93
threshold=11.500000000000002 112.50000000000001 121.50000000000001 119.50000000000001 122.50000000000001 7.5000000000000009 167.50000000000003 112.50000000000001 5.5000000000000009 109.50000000000001 56.500000000000007 107.50000000000001 106.50000000000001 126.50000000000001
decision_type=2 2 2 2 2 2 2 2 2 2 2 2 2 2
left_child=1 2 3 -1 5 9 7 -7 12 -3 -11 -12 13 -6
right_child=-2 4 -4 -5 8 6 -8 -9 -10 10 11 -13 -14 -15
leaf_value=-0.0091623287088184614 -0.0082413102254615556 0.18010288062143953 0.17634625002752738 -0.37137298913186662 -0.021994615527600212 0.1317029115666325 0.12787997722162964 0.76605096388581806 0.28963369597335281 -0.39863078697499904 -0.4068403150820557 0.055956052211647081 0.015430756423670079 -0.63404986179926814
leaf_weight=11710 16694 433 336 87 273 91 156 136 154 83 80 839 2240 80
leaf_count=11710 16694 433 336 87 273 91 156 136 154 83 80 839 2240 80
internal_value=-1.82389e-05 0.00820287 -0.00670365 -0.0119897 0.0477859 0.108446 0.364034 0.520072 0.00751638 0.0392021 -0.0222781 0.0136856 -0.00976393 -0.167622
internal_weight=33392 16698 12133 11797 4565 1818 383 227 2747 1435 1002 919 2593 353
internal_count=33392 16698 12133 11797 4565 1818 383 227 2747 1435 1002 919 2593 353
is_linear=0
shrinkage=0.05


Tree=203
num_leaves=15
num_cat=0
split_feature=2 2 7 1 1 5 6 14 5 5 9 3 4 13
split_gain=908.335 1773.07 2296.5 4975.9 7387.38 4586.18 4796.81 3931.9 5193.25 3851.88 3761.89 3586.61 4383.3 12509.5
threshold=2.5000000000000004 1.0000000180025095e-35 133.50000000000003 17.500000000000004 16.500000000000004 137.50000000000003 134.50000000000003 176.50000000000003 110.50000000000001 153.50000000000003 161.50000000000003 2.5000000000000004 1.5000000000000002 148.50000000000003
decision_type=2 2 2 2 2 2 2 2 2 2 2 2 2 2
left_child=1 -1 5 4 -4 6 7 11 -9 -5 -11 -3 13 -13
right_child=-2 2 3 9 -6 -7 -8 8 -10 10 -12 12 -14 -15
leaf_value=0.014029747172937791 0.014260312464585496 -0.040879949393213384 -0.044766521041326925 -0.021724013566623061 -0.25871321101943334 0.12143933896025837 -0.37597114256258762 -0.43623614470001126 0.030824504212941972 0.3221462911167523 0.015368752395595188 0.042822214594534933 0.0040154305896704223 0.58109845611033961
leaf_weight=8348 8348 4004 3078 702 460 696 84 117 115 200 196 695 6226 123
leaf_count=8348 8348 4004 3078 702 460 696 84 117 115 200 196 695 6226 123
internal_value=-1.81294e-05 -0.00477951 -0.0141855 -0.0440738 -0.0729091 -0.00268261 -0.0103347 -0.00744646 -0.208953 0.0487491 0.172392 -0.00312236 0.0183539 0.1268
internal_weight=33392 25044 16696 4636 3538 12060 11364 11280 232 1098 396 11048 7044 818
internal_count=33392 25044 16696 4636 3538 12060 11364 11280 232 1098 396 11048 7044 818
is_linear=0
shrinkage=0.05


Tree=204
num_leaves=15
num_cat=0
split_feature=8 1 9 8 14 3 12 6 5 5 14 7 5 3
split_gain=924.014 3662.78 4546.25 7671.09 6271.6 4267.73 4112.22 4188.21 3601.5 3304.24 6809.49 3270.85 4231.46 4397.15
threshold=158.50000000000003 12.500000000000002 171.50000000000003 164.50000000000003 149.50000000000003 4.5000000000000009 107.50000000000001 169.50000000000003 157.50000000000003 178.50000000000003 84.500000000000014 144.50000000000003 151.50000000000003 2.5000000000000004
decision_type=2 2 2 2 2 2 2 2 2 2 2 2 2 2
left_child=11 5 4 -4 9 8 -6 -8 -2 10 -3 -1 13 -13
right_child=1 2 3 -5 6 -7 7 -9 -10 -11 -12 12 -14 -15
leaf_value=0.0035179081344618845 -0.19093664560687065 0.56658485569059847 -0.43171322742981888 0.019749963568473507 -0.19371929559188011 -0.2982440348330338 -0.058393579335655844 0.18718466582573789 0.021565504638698954 -0.090765616532577129 0.16482815923473335 -0.034392941434750496 -0.018288594517275748 -0.26101257749821893
leaf_weight=25096 232 122 102 777 190 138 339 347 1252 87 678 448 3176 408
leaf_count=25096 232 122 102 777 190 138 339 347 1252 87 678 448 3176 408
internal_value=-1.74647e-05 0.0217072 0.0579754 -0.0347838 0.104191 -0.0373651 0.0091105 0.0662831 -0.0121855 0.197515 0.229235 -0.00320088 -0.0449726 -0.143296
internal_weight=33392 4264 2642 879 1763 1622 876 686 1484 887 800 29128 4032 856
internal_count=33392 4264 2642 879 1763 1622 876 686 1484 887 800 29128 4032 856
is_linear=0
shrinkage=0.05


Tree=205
num_leaves=15
num_cat=0
split_feature=14 14 14 4 3 7 11 11 4 4 8 13 5 5
split_gain=920.097 3271.63 13018.4 10632 28597.9 20914 4741.66 8073.3 3326.43 3668.16 9226.73 58853.4 6465.35 11823.5
threshold=22.500000000000004 28.500000000000004 33.500000000000007 1.5000000000000002 4.5000000000000009 101.50000000000001 85.500000000000014 68.500000000000014 5.5000000000000009 3.5000000000000004 21.500000000000004 98.500000000000014 21.500000000000004 23.500000000000004
decision_type=2 2 2 2 2 2 2 2 2 2 2 2 2 2
left_child=-1 3 -3 4 -2 -6 7 -5 9 10 11 -4 -12 -14
right_child=1 2 8 6 5 -7 -8 -9 -10 -11 12 -13 13 -15
leaf_value=-0.015059502791458679 -0.0088601330568620924 -0.59905289075040558 1.4051163837664269 0.0019920918993434743 1.3415286086326423 0.20675813110415328 0.15675765589396118 -0.48913661045311341 0.040087098968975013 -0.035184436935022059 -0.36309087940802182 -0.11667248519049503 0.30656400444221094 -0.0038101569416135492
leaf_weight=7792 322 86 80 2189 81 81 471 82 4230 7730 115 249 312 9572
leaf_count=7792 322 86 80 2189 81 81 471 82 4230 7730 115 249 312 9572
internal_value=-2.1188e-05 0.00455815 -0.00223319 0.0515902 0.266371 0.797321 0.0132626 -0.0167769 0.000203532 -0.00914751 0.0103474 0.268863 0.00171132 0.00613721
internal_weight=33392 25600 22374 3226 484 162 2742 2271 22288 18058 10328 329 9999 9884
internal_count=33392 25600 22374 3226 484 162 2742 2271 22288 18058 10328 329 9999 9884
is_linear=0
shrinkage=0.05


Tree=206
num_leaves=15
num_cat=0
split_feature=1 1 14 14 3 6 9 13 3 1 3 7 14 4
split_gain=894.202 11944.3 7498.79 5279.23 4942.42 6322.01 4958.8 4223.52 4665.21 4004.25 11507.2 11614.9 11564.2 11248.6
threshold=5.5000000000000009 4.5000000000000009 119.50000000000001 107.50000000000001 4.5000000000000009 94.500000000000014 118.50000000000001 78.500000000000014 4.5000000000000009 9.5000000000000018 3.5000000000000004 20.500000000000004 176.50000000000003 1.5000000000000002
decision_type=2 2 2 2 2 2 2 2 2 2 2 2 2 2
left_child=1 2 3 -1 6 -6 -5 8 -3 10 11 -2 13 -12
right_child=9 7 -4 4 5 -7 -8 -9 -10 -11 12 -13 -14 -15
leaf_value=0.00098928864735826536 0.67811235643403478 -0.30438546488353802 -0.27399138859452099 0.017490029695591096 0.58254300635793932 0.11263115895577143 0.39528610166354278 -0.066779187666890324 0.046388998230480975 -0.005974340410601079 0.24361814202688323 0.088462820349102744 -0.51680857913553224 -0.062522853426403513
leaf_weight=5502 81 524 216 836 110 198 92 754 114 19478 350 3087 116 1934
leaf_count=5502 81 524 216 836 110 198 92 754 114 19478 350 3087 116 1934
internal_value=-6.44524e-06 -0.0141756 0.0126174 0.0220015 0.115156 0.287082 0.0568616 -0.147591 -0.241835 0.00471699 0.0420893 0.104584 -0.0404496 -0.0151802
internal_weight=33392 8346 6954 6738 1236 308 928 1392 638 25046 5568 3168 2400 2284
internal_count=33392 8346 6954 6738 1236 308 928 1392 638 25046 5568 3168 2400 2284
is_linear=0
shrinkage=0.05


Tree=207
num_leaves=15
num_cat=0
split_feature=12 12 3 14 14 10 10 14 7 1 5 11 10 13
split_gain=861.235 1535.45 3954.38 1554.48 1372.18 1362.85 1676.27 1385.92 8603.55 15478.6 13124.7 27488.7 8936.33 8636.29
threshold=179.50000000000003 176.50000000000003 2.5000000000000004 148.50000000000003 105.50000000000001 190.50000000000003 192.50000000000003 145.50000000000003 24.500000000000004 9.5000000000000018 103.50000000000001 72.500000000000014 87.500000000000014 22.500000000000004
decision_type=2 2 2 2 2 2 2 2 2 2 2 2 2 2
left_child=1 5 3 -3 -2 7 -7 -1 9 -9 11 12 13 -10
right_child=4 2 -4 -5 -6 6 -8 8 10 -11 -12 -13 -14 -15
leaf_value=0.0042840183884151097 -0.12948618223158162 0.17327393976751196 -0.35299668591640415 -0.12274181302855998 0.080980473703356093 0.23829793799528504 0.0030102564567360433 0.61241079529811593 0.055423091706775486 0.0092877102261524139 -0.017929848313888878 -0.98175350629330227 0.33720441265511764 -0.55320648357842683
leaf_weight=25162 84 88 104 80 612 128 176 140 121 400 5993 106 92 106
leaf_count=25162 84 88 104 80 612 128 176 140 121 400 5993 106 92 106
internal_value=8.76576e-07 -0.00117462 -0.118394 0.0328406 0.0548369 -0.000173184 0.104332 -0.00117836 -0.0209207 0.169837 -0.0370904 -0.303927 -0.0670178 -0.23458
internal_weight=33392 32696 272 168 696 32424 304 32120 6958 540 6418 425 319 227
internal_count=33392 32696 272 168 696 32424 304 32120 6958 540 6418 425 319 227
is_linear=0
shrinkage=0.05


Tree=208
num_leaves=15
num_cat=0
split_feature=1 13 5 14 13 6 7 5 9 7 10 7 12 0
split_gain=879.628 4566.3 4401.05 2627.04 2315.58 2261.78 3278.21 2308.12 1824.16 2549.74 1908.39 3242.65 2882.36 2254.22
threshold=19.500000000000004 129.50000000000003 116.50000000000001 134.50000000000003 136.50000000000003 168.50000000000003 164.50000000000003 152.50000000000003 159.50000000000003 121.50000000000001 124.50000000000001 107.50000000000001 139.50000000000003 4.5000000000000009
decision_type=2 2 2 2 2 2 2 2 2 2 2 2 2 2
left_child=-1 3 -3 5 -4 6 7 8 9 10 12 -12 -2 -13
right_child=1 2 4 -5 -6 -7 -8 -9 -10 -11 11 13 -14 -15
leaf_value=0.0036231254143380427 -0.018959256488488847 0.031103345690069686 -0.18673128755142293 -0.21097129343805332 -0.5133395482223112 0.21988536834757291 -0.30342297216256459 0.19761322734973813 -0.19109559200005607 0.054843024220026959 -0.39122954306658358 0.056246731352181202 0.25087975545902735 -0.17959641631691431
leaf_weight=27834 2524 152 160 146 86 110 85 140 123 1453 83 212 98 186
leaf_count=27834 2524 152 160 146 86 110 85 140 123 1453 83 212 98 186
internal_value=-3.98752e-06 -0.0181552 -0.180251 -0.00549003 -0.308863 0.000697478 -0.00443801 0.00114467 -0.00493852 0.00029121 -0.0253002 -0.116308 -0.00841543 -0.0548322
internal_weight=33392 5558 398 5160 246 5014 4904 4819 4679 4556 3103 481 2622 398
internal_count=33392 5558 398 5160 246 5014 4904 4819 4679 4556 3103 481 2622 398
is_linear=0
shrinkage=0.05


Tree=209
num_leaves=15
num_cat=0
split_feature=13 13 13 7 7 4 1 14 4 4 5 4 13 3
split_gain=880.804 950.079 3859.34 4159.55 5677.04 4387.96 3462.41 3787.04 4683.34 3300.36 4636.2 4435.17 3274.41 4958.16
threshold=19.500000000000004 28.500000000000004 70.500000000000014 72.500000000000014 105.50000000000001 4.5000000000000009 1.5000000000000002 22.500000000000004 3.5000000000000004 2.5000000000000004 65.500000000000014 1.5000000000000002 94.500000000000014 3.5000000000000004
decision_type=2 2 2 2 2 2 2 2 2 2 2 2 2 2
left_child=-1 -2 3 -3 5 -5 7 8 -4 11 -11 -9 13 -8
right_child=1 2 6 4 -6 -7 12 9 -10 10 -12 -13 -14 -15
leaf_value=-0.13356632503715904 0.012975960566110604 0.038373070592550858 -0.30767545359283688 -0.52938978725593855 -0.065485743874625635 -0.074577364555737949 -0.1591922568993708 0.01538876617459331 0.15643862465146893 -0.13273853358141213 0.15023233324445795 0.39749173990307718 0.00027459302800600415 0.015993371659062106
leaf_weight=118 10436 356 120 148 442 84 824 122 92 210 440 198 19016 786
leaf_count=118 10436 356 120 148 442 84 824 122 92 210 440 198 19016 786
internal_value=-1.26299e-05 0.00048099 -0.00523027 -0.0995686 -0.172174 -0.369764 -0.000752839 0.0822872 -0.107304 0.124061 0.0584956 0.254293 -0.00553035 -0.0738821
internal_weight=33392 33274 22838 1030 674 232 21808 1182 212 970 650 320 20626 1610
internal_count=33392 33274 22838 1030 674 232 21808 1182 212 970 650 320 20626 1610
is_linear=0
shrinkage=0.05


Tree=210
num_leaves=15
num_cat=0
split_feature=8 9 9 7 14 0 14 12 5 7 3 1 6 6
split_gain=860.824 8279.61 6404.13 9002.31 7237.29 5333.03 6869.49 4630.32 4242.46 3189.26 4840.5 14601.4 16924.1 5051.73
threshold=159.50000000000003 120.50000000000001 159.50000000000003 150.50000000000003 149.50000000000003 4.5000000000000009 100.50000000000001 157.50000000000003 157.50000000000003 147.50000000000003 4.5000000000000009 11.500000000000002 168.50000000000003 155.50000000000003
decision_type=2 2 2 2 2 2 2 2 2 2 2 2 2 2
left_child=9 -2 4 -4 -3 7 -7 8 -5 -1 13 -12 -13 -11
right_child=1 2 3 5 -6 6 -8 -9 -10 10 11 12 -14 -15
leaf_value=0.0033473991254218101 -0.46671617876957444 0.26473335292530875 -0.47396851856224614 -0.36242645591948974 0.020510047161160172 0.4832187371414885 0.045771487977164758 0.059374325690195733 -0.078641459350142551 -0.16271246243364432 0.33562254668159902 -0.027783224807821052 -0.85111535072537969 -0.0010863107119798274
leaf_weight=25568 80 531 96 160 701 92 1224 480 676 576 82 132 114 2880
leaf_count=25568 80 531 96 160 701 92 1224 480 676 576 82 132 114 2880
internal_value=-1.66056e-05 0.0216075 0.0320487 -0.0107223 0.126416 0.00704085 0.0780661 -0.0640111 -0.134786 -0.00299611 -0.0458062 -0.227897 -0.418681 -0.0282202
internal_weight=33392 4040 3960 2728 1232 2632 1316 1316 836 29352 3784 328 246 3456
internal_count=33392 4040 3960 2728 1232 2632 1316 1316 836 29352 3784 328 246 3456
is_linear=0
shrinkage=0.05


Tree=211
num_leaves=15
num_cat=0
split_feature=1 1 14 14 3 5 9 13 3 13 5 14 8 10
split_gain=863.203 10546.7 6799.61 4727.86 4480.17 5776.9 4471.49 3817.79 4170.17 3689.25 4455.47 5449.76 5948.2 4265.19
threshold=5.5000000000000009 4.5000000000000009 119.50000000000001 107.50000000000001 4.5000000000000009 76.500000000000014 118.50000000000001 78.500000000000014 4.5000000000000009 75.500000000000014 65.500000000000014 92.500000000000014 115.50000000000001 106.50000000000001
decision_type=2 2 2 2 2 2 2 2 2 2 2 2 2 2
left_child=1 2 3 9 6 -6 -5 8 -3 13 -11 12 -12 -1
right_child=-2 7 -4 4 5 -7 -8 -9 -10 10 11 -13 -14 -15
leaf_value=0.0062606826990517549 0.0046160011960863718 -0.28805162152715574 -0.26168817255089727 0.015450735800477648 0.57288823871750316 0.11515032097978413 0.37419339701072457 -0.062490156983308821 0.043599790233351726 -0.030056784279538607 0.29111890073702429 0.023405370337923254 -0.11931090715256605 -0.12321027816401849
leaf_weight=1753 25046 524 216 836 101 207 92 754 114 1222 480 949 105 993
leaf_count=1753 25046 524 216 836 101 207 92 754 114 1222 480 949 105 993
internal_value=-2.4847e-05 -0.0139463 0.0112309 0.0201674 0.108323 0.272006 0.0528305 -0.139314 -0.228913 0.000283265 0.0411146 0.097724 0.217065 -0.040697
internal_weight=33392 8346 6954 6738 1236 308 928 1392 638 5502 2756 1534 585 2746
internal_count=33392 8346 6954 6738 1236 308 928 1392 638 5502 2756 1534 585 2746
is_linear=0
shrinkage=0.05


Tree=212
num_leaves=15
num_cat=0
split_feature=1 12 3 7 14 13 8 7 1 1 14 3 3 5
split_gain=859.927 1810.36 2081.36 1695.98 1860.46 1457.28 1157.11 1671.5 1121.84 9529.87 6152.14 4359.09 10137.9 41796.7
threshold=21.500000000000004 141.50000000000003 3.5000000000000004 130.50000000000003 121.50000000000001 119.50000000000001 106.50000000000001 121.50000000000001 5.5000000000000009 4.5000000000000009 119.50000000000001 4.5000000000000009 5.5000000000000009 48.000000000000007
decision_type=2 2 2 2 2 2 2 2 2 2 2 2 2 2
left_child=8 3 -3 4 5 6 -2 -8 9 10 11 -1 13 -13
right_child=1 2 -4 -5 -6 -7 7 -9 -10 -11 -12 12 -14 -15
leaf_value=-0.0067586410467014822 0.0044632791410491573 -0.05285001512273 -0.29968753065282511 0.1506999712918074 -0.22182678154652616 0.11710629711320222 -0.15159473663907064 0.010155098533699987 0.0082559333849675214 -0.13240275523320652 -0.24889979129193596 1.08180604751389 -0.032145145735454371 0.075475489578746349
leaf_weight=4758 1250 320 113 150 104 199 346 292 22272 1392 216 112 986 882
leaf_count=4758 1250 320 113 150 104 199 346 292 22272 1392 216 112 986 882
internal_value=-1.93985e-05 -0.0266508 -0.119953 -0.00917443 -0.0204379 -0.00989607 -0.0235564 -0.0780617 0.00239737 -0.0132323 0.0107004 0.0192008 0.0814419 0.193712
internal_weight=33392 2774 433 2341 2191 2087 1888 638 30618 8346 6954 6738 1980 994
internal_count=33392 2774 433 2341 2191 2087 1888 638 30618 8346 6954 6738 1980 994
is_linear=0
shrinkage=0.05


Tree=213
num_leaves=15
num_cat=0
split_feature=2 1 1 3 13 14 9 14 1 1 14 3 13 1
split_gain=834.787 1743.14 5706.67 2010.62 2004.82 1727.42 1628.64 4114.39 3378.88 6567.6 4263.82 8802.47 3530.99 7057.56
threshold=2.5000000000000004 1.0000000180025095e-35 1.5000000000000002 4.5000000000000009 104.50000000000001 58.500000000000007 100.50000000000001 170.50000000000003 11.500000000000002 12.500000000000002 90.500000000000014 3.5000000000000004 153.50000000000003 16.500000000000004
decision_type=2 2 2 2 2 2 2 2 2 2 2 2 2 2
left_child=-1 3 4 5 -3 -2 7 -4 10 -10 11 -8 -11 -14
right_child=1 2 6 -5 -6 -7 8 -9 9 12 -12 -13 13 -15
leaf_value=-0.0045807135230450501 -0.33958097330637671 0.33434848912102355 -0.0059838550815432736 0.090729724397616729 0.092368085800736979 -0.066623740281081867 0.5896898516090745 -0.28904173571560809 -0.25614289994969835 0.056044782331914671 0.051057353983394553 -0.00046503375598530003 0.0057506451977108533 -0.37352965837524787
leaf_weight=25044 90 172 3067 100 176 157 113 129 233 1809 1429 136 587 150
leaf_count=25044 90 172 3067 100 176 157 113 129 233 1809 1429 136 587 150
internal_value=-1.61695e-05 0.013672 0.0184523 -0.0952461 0.215009 -0.170846 0.00937981 -0.0178425 0.0288984 -0.00495312 0.0848093 0.273692 0.0184918 -0.0734403
internal_weight=33392 8348 8001 347 348 247 7653 3196 4457 2779 1678 249 2546 737
internal_count=33392 8348 8001 347 348 247 7653 3196 4457 2779 1678 249 2546 737
is_linear=0
shrinkage=0.05


Tree=214
num_leaves=15
num_cat=0
split_feature=12 13 14 7 1 5 11 10 13 6 9 9 7 8
split_gain=841.315 1388.99 986.034 6207.98 12109.4 8705.04 23178.2 6733.38 5905.79 3440.18 5779.72 6447.3 5903.79 11832.3
threshold=184.50000000000003 160.50000000000003 148.50000000000003 24.500000000000004 9.5000000000000018 103.50000000000001 72.500000000000014 87.500000000000014 22.500000000000004 165.50000000000003 118.50000000000001 170.50000000000003 148.50000000000003 112.50000000000001
decision_type=2 2 2 2 2 2 2 2 2 2 2 2 2 2
left_child=2 -2 -1 4 -4 6 7 8 -5 10 12 -12 13 -7
right_child=1 -3 3 5 -6 9 -8 -9 -10 -11 11 -13 -14 -15
leaf_value=0.0037973881510844163 -0.015810527501662085 0.20213248644334578 0.54688645771571565 0.064320892958591377 0.0028757874588421608 -0.031900822411134996 -0.8858137781514186 0.32220505446195608 -0.45063293907299357 0.027316684874725623 -0.13161836090980727 0.044604912231344801 -0.30551363022066652 0.36050041489560031
leaf_weight=25879 158 130 135 115 380 567 102 90 101 2696 1956 703 95 285
leaf_count=25879 158 130 135 115 380 567 102 90 101 2696 1956 703 95 285
internal_value=-1.62292e-05 0.0843371 -0.000762716 -0.0170877 0.149368 -0.0299651 -0.252352 -0.0303508 -0.181215 -0.0153789 -0.0472935 -0.0850313 0.0585572 0.100698
internal_weight=33392 288 33104 7225 515 6710 408 306 216 6302 3606 2659 947 852
internal_count=33392 288 33104 7225 515 6710 408 306 216 6302 3606 2659 947 852
is_linear=0
shrinkage=0.05


Tree=215
num_leaves=15
num_cat=0
split_feature=1 13 10 14 6 7 5 13 1 7 14 11 11 9
split_gain=843.852 4125.48 4001.55 2395.06 1999.4 2996.18 1991.69 1815.47 1716.39 6731.75 5371.52 5369.71 10390.2 7159.72
threshold=19.500000000000004 129.50000000000003 149.50000000000003 134.50000000000003 168.50000000000003 164.50000000000003 152.50000000000003 132.50000000000003 17.500000000000004 162.50000000000003 142.50000000000003 162.50000000000003 159.50000000000003 169.50000000000003
decision_type=2 2 2 2 2 2 2 2 2 2 2 2 2 2
left_child=8 3 7 4 5 6 -2 -3 -1 11 -11 12 13 -10
right_child=1 2 -4 -5 -6 -7 -8 -9 9 10 -12 -13 -14 -15
leaf_value=-0.00060713682593783124 -0.0049889131566970106 -0.20430726424810733 -0.35267031794392517 -0.20195566941012585 0.20623477654612585 -0.29051082244763776 0.18316657441828788 0.077973935419115528 0.022489346730228371 0.52673588413418393 0.10867937886496148 0.1631935372354355 -0.52457377826324625 -0.44195753766716211
leaf_weight=25050 4679 89 169 146 110 85 140 140 1790 109 247 462 94 82
leaf_count=25050 4679 89 169 146 110 85 140 140 1790 109 247 462 94 82
internal_value=-1.72639e-05 -0.0177955 -0.171869 -0.00575667 0.000151845 -0.00467608 0.000661502 -0.033755 0.00353533 0.0407428 0.242202 0.0107672 -0.0253753 0.00102188
internal_weight=33392 5558 398 5160 5014 4904 4819 229 27834 2784 356 2428 1966 1872
internal_count=33392 5558 398 5160 5014 4904 4819 229 27834 2784 356 2428 1966 1872
is_linear=0
shrinkage=0.05


Tree=216
num_leaves=15
num_cat=0
split_feature=14 5 4 5 10 12 9 10 3 5 3 5 6 14
split_gain=849.201 3424.06 14081 5011.14 15935.4 10320.1 8064.31 4257.87 8470.77 6253.43 3681.55 3745.37 2990.11 2880.47
threshold=22.500000000000004 163.50000000000003 1.5000000000000002 84.500000000000014 109.50000000000001 70.500000000000014 96.500000000000014 101.50000000000001 3.5000000000000004 104.50000000000001 3.5000000000000004 122.50000000000001 27.500000000000004 28.500000000000004
decision_type=2 2 2 2 2 2 2 2 2 2 2 2 2 2
left_child=1 3 -3 4 6 -5 12 8 -7 -9 -11 -12 -1 -2
right_child=13 2 -4 5 -6 7 -8 9 -10 10 11 -13 -14 -15
leaf_value=-0.027695646746921206 0.048508438109999615 -0.68178068815420079 0.038395880035897521 0.55358943114074588 -0.55133296187887804 0.097896653358988908 0.45616158226297965 0.40569357073712925 -0.48830644968323988 -0.069736233292142888 -0.093412694308841443 0.2523168790390572 0.1557747861830058 -0.001994963883370878
leaf_weight=5784 3226 91 230 102 136 148 85 129 99 398 109 255 226 22374
leaf_count=5784 3226 91 230 102 136 148 85 129 99 398 109 255 226 22374
internal_value=-2.18886e-05 -0.0144692 -0.173092 -0.00754261 -0.0258226 0.084049 -0.0136544 0.0397261 -0.142086 0.090639 0.035006 0.148925 -0.0206727 0.00437748
internal_weight=33392 7792 321 7471 6231 1240 6095 1138 247 891 762 364 6010 25600
internal_count=33392 7792 321 7471 6231 1240 6095 1138 247 891 762 364 6010 25600
is_linear=0
shrinkage=0.05


Tree=217
num_leaves=15
num_cat=0
split_feature=13 2 14 11 12 7 13 7 3 8 14 6 14 7
split_gain=828.024 906.353 2276.02 4369.74 2413.58 1947.38 2730.74 2929.18 3543.38 1948.89 1772.73 4464.82 3102.88 2798.08
threshold=19.500000000000004 1.0000000180025095e-35 163.50000000000003 23.500000000000004 92.500000000000014 117.50000000000001 107.50000000000001 119.50000000000001 4.5000000000000009 119.50000000000001 156.50000000000003 165.50000000000003 176.50000000000003 24.500000000000004
decision_type=2 2 2 2 2 2 2 2 2 2 2 2 2 2
left_child=-1 2 5 -4 -5 9 -7 -8 -9 -2 -3 13 -13 -12
right_child=1 10 3 4 -6 6 7 8 -10 -11 11 12 -14 -15
leaf_value=-0.12951059074167587 -0.0085023252149858189 0.0016919187298239571 0.3667945653043625 -0.14952220015608483 0.075644586837376238 0.12430365200612231 0.28528612049465835 0.009634552876481654 -0.29745841047376176 -0.22041578882180893 0.072698295829953477 -0.010362486045394369 0.14610814281918647 -0.092932857197835506
leaf_weight=118 4841 20746 114 132 914 701 83 1339 96 106 283 1194 426 2299
leaf_count=118 4841 20746 114 132 914 701 83 1339 96 106 283 1194 426 2299
internal_value=-2.00898e-05 0.000458513 0.014738 0.0795548 0.0466535 0.00419756 0.0430616 0.00525983 -0.0118712 -0.013261 -0.00430903 -0.0339035 0.0311065 -0.0746734
internal_weight=33392 33274 8326 1160 1046 7166 2219 1518 1435 4947 24948 4202 1620 2582
internal_count=33392 33274 8326 1160 1046 7166 2219 1518 1435 4947 24948 4202 1620 2582
is_linear=0
shrinkage=0.05


Tree=218
num_leaves=15
num_cat=0
split_feature=7 1 1 14 14 9 3 5 1 3 4 4 13 13
split_gain=801.631 873.812 8614.54 5552.69 4234.72 3913.96 4332.94 5683.87 3863.74 9329.33 12599.3 47476.1 30135.2 15712.6
threshold=19.500000000000004 5.5000000000000009 4.5000000000000009 119.50000000000001 107.50000000000001 120.50000000000001 4.5000000000000009 76.500000000000014 9.5000000000000018 3.5000000000000004 2.5000000000000004 1.5000000000000002 124.50000000000001 63.500000000000007
decision_type=2 2 2 2 2 2 2 2 2 2 2 2 2 2
left_child=-1 2 3 4 -2 6 -6 -8 9 -3 11 -11 13 -13
right_child=1 8 -4 -5 5 -7 7 -9 -10 10 -12 12 -14 -15
leaf_value=-0.09858749252721305 -0.0013878732396785894 0.098131643171264271 -0.1267045176644665 -0.23727441476910835 0.01667695965135876 0.40287215902159618 0.53257401615451527 0.074055568703691371 -0.0052569513977848755 0.19344919827649404 0.047193193098086388 -0.74849696587907144 -1.4240419900943253 -0.029876992906480604
leaf_weight=200 5502 3168 1392 216 849 94 101 192 19318 384 1592 132 80 172
leaf_count=200 5502 3168 1392 216 849 94 101 192 19318 384 1592 132 80 172
internal_value=-1.7787e-05 0.000590909 -0.0134018 0.00935301 0.0174292 0.100861 0.0743539 0.238395 0.00529295 0.0421318 -0.0330895 -0.198738 -0.58837 -0.348972
internal_weight=33392 33192 8346 6954 6738 1236 1142 293 24846 5528 2360 768 384 304
internal_count=33392 33192 8346 6954 6738 1236 1142 293 24846 5528 2360 768 384 304
is_linear=0
shrinkage=0.05


Tree=219
num_leaves=15
num_cat=0
split_feature=9 11 10 10 10 14 10 7 1 8 7 0 9 10
split_gain=789.495 1702.74 1409.41 1666.47 1324.35 2647.15 1411.81 3624.34 2457.87 2270.92 2766.09 2362.59 1733.75 2161.35
threshold=192.50000000000003 190.50000000000003 189.50000000000003 192.50000000000003 182.50000000000003 152.50000000000003 177.50000000000003 157.50000000000003 17.500000000000004 165.50000000000003 176.50000000000003 3.5000000000000004 182.50000000000003 162.50000000000003
decision_type=2 2 2 2 2 2 2 2 2 2 2 2 2 2
left_child=2 -2 4 -4 6 -6 12 8 -8 10 -9 -11 13 -1
right_child=1 -3 3 -5 5 -7 7 9 -10 11 -12 -13 -14 -15
leaf_value=0.0026759198868516782 -0.1955909361662781 0.071556282397544038 0.22117986077810547 -0.010744550807555771 -0.30276866715608375 0.011045382466617522 -0.22928706448882413 0.33069704263675503 0.097771739667587107 -0.14858920486836599 0.013445313163785215 0.13788092788897063 0.13361239527128166 -0.037807756965291345
leaf_weight=27768 144 96 152 152 103 177 141 200 91 111 104 185 232 3736
leaf_count=27768 144 96 152 152 103 177 141 200 91 111 104 185 232 3736
internal_value=-2.6679e-05 -0.0894525 0.0006341 0.10692 -0.000365674 -0.10768 0.000573336 0.064671 -0.101645 0.129288 0.224137 0.0297709 -0.00111699 -0.0021302
internal_weight=33392 240 33152 304 32848 280 32568 832 232 600 304 296 31736 31504
internal_count=33392 240 33152 304 32848 280 32568 832 232 600 304 296 31736 31504
is_linear=0
shrinkage=0.05


Tree=220
num_leaves=15
num_cat=0
split_feature=12 13 14 3 5 5 13 3 12 13 1 9 12 9
split_gain=816.295 1248.67 931.719 5387.45 19043.1 4634.45 5295 9322.81 6556.24 5333.27 3999.66 3189.15 7763.24 4785.83
threshold=184.50000000000003 160.50000000000003 148.50000000000003 1.5000000000000002 89.500000000000014 157.50000000000003 23.500000000000004 4.5000000000000009 21.500000000000004 145.50000000000003 10.500000000000002 171.50000000000003 134.50000000000003 146.50000000000003
decision_type=2 2 2 2 2 2 2 2 2 2 2 2 2 2
left_child=2 -2 11 4 -4 6 7 -5 -9 10 -8 13 -13 -1
right_child=1 -3 3 5 -6 -7 9 8 -10 -11 -12 12 -14 -15
leaf_value=-0.0011950675279064754 -0.011978404534740682 0.19474451315623742 0.76365666231889839 0.42917836893609435 0.01289921302239256 0.0013907502701675351 -0.62266922687782966 -0.45138615617443895 0.096729108566610988 -0.098609170674711533 -0.20929110558276343 -0.33360700115277353 -0.010867104082756714 0.063555590104557746
leaf_weight=21475 158 130 82 117 2907 2041 80 83 140 1556 219 231 887 3286
leaf_count=21475 158 130 82 117 2907 2041 80 83 140 1556 219 231 887 3286
internal_value=-2.46333e-05 0.0830649 -0.000759936 -0.016629 0.0347364 -0.0528715 -0.103215 0.0772855 -0.112703 -0.136418 -0.328316 0.0036728 -0.0787397 0.007409
internal_weight=33392 288 33104 7225 2989 4236 2195 340 223 1855 299 25879 1118 24761
internal_count=33392 288 33104 7225 2989 4236 2195 340 223 1855 299 25879 1118 24761
is_linear=0
shrinkage=0.05


Tree=221
num_leaves=15
num_cat=0
split_feature=1 1 13 11 7 2 3 2 14 7 14 14 10 10
split_gain=791.339 1737.25 2353.72 1810.21 1730.01 2017.15 2559.17 1265.55 2521.3 1338.18 1308.63 1183.86 1113.23 6986.95
threshold=21.500000000000004 22.500000000000004 116.50000000000001 108.50000000000001 128.50000000000003 1.0000000180025095e-35 3.5000000000000004 2.5000000000000004 99.500000000000014 117.50000000000001 107.50000000000001 88.500000000000014 101.50000000000001 100.50000000000001
decision_type=2 2 2 2 2 2 2 2 2 2 2 2 2 2
left_child=12 2 3 -2 5 -5 -7 9 -9 10 11 -3 13 -1
right_child=1 7 -4 4 -6 6 -8 8 -10 -11 -12 -13 -14 -15
leaf_value=-0.0035167393496030111 -0.023038037732269308 -0.0053825622446733931 0.075907636144599777 0.025577558660331897 -0.020675272323812048 -0.174362202397427 -0.48675927551609749 0.055310194036040289 -0.21225025352501981 0.12342361535562876 -0.09429994948327225 0.16128831237976282 0.011125581991560021 -0.28377545168953
leaf_weight=13922 501 322 241 80 187 296 84 188 158 333 230 154 16475 221
leaf_count=13922 501 322 241 80 187 296 84 188 158 333 230 154 16475 221
internal_value=-2.47299e-05 -0.025572 -0.0649814 -0.0947592 -0.149693 -0.201356 -0.248843 0.0140428 -0.0681536 0.0416106 0.00242511 0.0496564 0.00229366 -0.00799483
internal_weight=33392 2774 1389 1148 647 460 380 1385 346 1039 706 476 30618 14143
internal_count=33392 2774 1389 1148 647 460 380 1385 346 1039 706 476 30618 14143
is_linear=0
shrinkage=0.05


Tree=222
num_leaves=15
num_cat=0
split_feature=2 1 1 10 13 9 14 1 1 14 3 8 14 14
split_gain=812.099 1615.08 4958.05 1859.22 1800.88 1529.27 3828.08 2968.22 5965.48 4011.02 7572.71 3230.61 3025.72 2879.91
threshold=2.5000000000000004 1.0000000180025095e-35 1.5000000000000002 100.50000000000001 104.50000000000001 100.50000000000001 170.50000000000003 11.500000000000002 12.500000000000002 90.500000000000014 3.5000000000000004 159.50000000000003 124.50000000000001 141.50000000000003
decision_type=2 2 2 2 2 2 2 2 2 2 2 2 2 2
left_child=-1 3 4 -2 -3 6 -4 9 -9 10 -7 13 -13 -10
right_child=1 2 5 -5 -6 7 -8 8 11 -11 -12 12 -14 -15
leaf_value=-0.0045319525774514544 0.05775701026640722 0.31436439570734059 -0.0053263665678665957 -0.1789323839389525 0.085143086194827411 0.55722175258827411 -0.27835682691978431 -0.2426024054748421 0.037977786633220073 0.048201349089341858 0.0094702661090286071 0.37901196305950485 0.071008365346540619 -0.085254533563667842
leaf_weight=25044 129 172 3067 218 176 113 129 233 1172 1429 136 91 494 789
leaf_count=25044 129 172 3067 218 176 113 129 233 1172 1429 136 91 494 789
internal_value=-2.98669e-05 0.013471 0.0180722 -0.0913707 0.201284 0.00961511 -0.0167643 0.0285287 -0.00320161 0.0809318 0.264124 0.01914 0.121726 -0.0116949
internal_weight=33392 8348 8001 347 348 7653 3196 4457 2779 1678 249 2546 585 1961
internal_count=33392 8348 8001 347 348 7653 3196 4457 2779 1678 249 2546 585 1961
is_linear=0
shrinkage=0.05


Tree=223
num_leaves=15
num_cat=0
split_feature=1 1 14 3 3 5 8 8 13 3 9 14 11 8
split_gain=763.409 7791.58 5040.57 3847.36 8977.29 37753.8 5617.7 5232.09 3422.61 3798.15 3263.56 8016.06 19837.7 8636.86
threshold=5.5000000000000009 4.5000000000000009 119.50000000000001 4.5000000000000009 5.5000000000000009 48.000000000000007 25.500000000000004 20.500000000000004 78.500000000000014 4.5000000000000009 99.500000000000014 60.500000000000007 114.50000000000001 102.50000000000001
decision_type=2 2 2 2 2 2 2 2 2 2 2 2 2 2
left_child=1 2 3 6 5 -5 7 -1 9 -3 -8 12 13 -12
right_child=-2 8 -4 4 -6 -7 10 -9 -10 -11 11 -13 -14 -15
leaf_value=0.20827739790729854 0.0043417043205362668 -0.26213328808432512 -0.22645233859775835 1.0243845191967285 -0.032183939015246577 0.067995436471821186 0.072217121587751884 -0.15012436184550895 -0.048228193365518444 0.053941557894484342 -0.3236086891539911 0.024507170426989543 -0.73006225377558565 0.27378370568205584
leaf_weight=110 25046 524 216 112 986 882 1672 922 754 114 96 1687 125 146
leaf_count=110 25046 524 216 112 986 882 1672 922 754 114 96 1687 125 146
internal_value=-2.26459e-05 -0.0131146 0.00852627 0.0162213 0.0746955 0.180345 -0.0081651 -0.111103 -0.120869 -0.205676 0.0204564 -0.0217509 -0.231858 0.035048
internal_weight=33392 8346 6954 6738 1980 994 4758 1032 1392 638 3726 2054 367 242
internal_count=33392 8346 6954 6738 1980 994 4758 1032 1392 638 3726 2054 367 242
is_linear=0
shrinkage=0.05


Tree=224
num_leaves=15
num_cat=0
split_feature=1 5 10 12 5 14 11 6 8 10 12 10 8 6
split_gain=782.979 3846.47 4198.42 2360.51 2024.45 3512.39 2560.59 2757.71 2260.71 3009.55 1697.45 2199.42 1672.87 1950.67
threshold=19.500000000000004 159.50000000000003 149.50000000000003 176.50000000000003 154.50000000000003 134.50000000000003 155.50000000000003 134.50000000000003 137.50000000000003 140.50000000000003 159.50000000000003 130.50000000000003 140.50000000000003 147.50000000000003
decision_type=2 2 2 2 2 2 2 2 2 2 2 2 2 2
left_child=-1 3 -3 4 5 6 7 8 -2 -10 11 -9 -13 -14
right_child=1 2 -4 -5 -6 -7 -8 10 9 -11 -12 12 13 -15
leaf_value=0.003400216088345091 -0.010184368132236185 0.02594584983942861 -0.44741661209823952 -0.23965371671098568 0.17346071762423362 -0.28815273403584424 0.10758812740230217 0.04292158012588819 0.35901187040438559 -0.014256067120099093 0.074050944513114905 -0.41536128189076077 -0.049550786841950731 -0.34282857728808114
leaf_weight=27834 3826 83 101 104 150 106 463 97 94 118 87 83 162 84
leaf_count=27834 3826 83 101 104 150 106 463 97 94 118 87 83 162 84
internal_value=-2.18382e-05 -0.0171469 -0.238851 -0.00934096 -0.00457304 -0.00995301 -0.00379044 -0.0152273 -0.00129301 0.155708 -0.123838 -0.164642 -0.225564 -0.154529
internal_weight=33392 5558 184 5374 5270 5120 5014 4551 4038 212 513 426 329 246
internal_count=33392 5558 184 5374 5270 5120 5014 4551 4038 212 513 426 329 246
is_linear=0
shrinkage=0.05


Tree=225
num_leaves=15
num_cat=0
split_feature=13 14 1 1 1 13 12 14 5 11 12 4 14 7
split_gain=765.308 1962.53 3870.8 2279.05 1634.09 1371.2 3737.65 11383 7452.4 3795.45 4062.15 3553.8 7341.76 6524.35
threshold=20.500000000000004 21.500000000000004 5.5000000000000009 8.5000000000000018 8.5000000000000018 28.500000000000004 136.50000000000003 63.500000000000007 146.50000000000003 120.50000000000001 115.50000000000001 2.5000000000000004 165.50000000000003 24.500000000000004
decision_type=2 2 2 2 2 2 2 2 2 2 2 2 2 2
left_child=1 4 -3 -4 -1 6 9 8 -8 10 11 -2 -13 -14
right_child=5 2 3 -5 -6 -7 7 -9 -10 -11 -12 12 13 -15
leaf_value=0.2624461048941934 -0.044797850781663637 -0.23886715501367328 0.16950911366321306 -0.050978831675895259 -0.0090704537786247316 -0.005081551441006543 0.7990819493462058 0.038832231214526447 0.15812810128981913 -0.11934799541510187 0.1716712123535945 0.014549125169142469 0.6169449995892744 0.093174182378246401
leaf_weight=84 2395 244 136 690 146 22838 80 1513 104 583 376 3950 91 162
leaf_count=84 2395 244 136 690 146 22838 80 1513 104 583 376 3950 91 162
internal_value=-2.83893e-05 -0.0375627 -0.0660534 -0.0138743 0.0935662 0.00149769 0.0177286 0.0846682 0.450571 0.0026506 0.0129274 0.00375795 0.0314469 0.289871
internal_weight=33392 1300 1070 826 230 32092 9254 1697 184 7557 6974 6598 4203 253
internal_count=33392 1300 1070 826 230 32092 9254 1697 184 7557 6974 6598 4203 253
is_linear=0
shrinkage=0.05


Tree=226
num_leaves=15
num_cat=0
split_feature=9 11 8 1 7 10 10 10 8 6 5 10 4 13
split_gain=756.933 1551.18 1283.05 2581.89 3580.05 1229.38 1248.83 2273.01 3170.92 1797.39 2495.58 5132.82 3104.6 1928.52
threshold=192.50000000000003 190.50000000000003 178.50000000000003 12.500000000000002 179.50000000000003 190.50000000000003 180.50000000000003 177.50000000000003 134.50000000000003 191.50000000000003 179.50000000000003 167.50000000000003 1.5000000000000002 195.50000000000003
decision_type=2 2 2 2 2 2 2 2 2 2 2 2 2 2
left_child=2 -2 5 4 -4 6 7 9 -9 10 13 12 -12 -1
right_child=1 -3 3 -5 -6 -7 -8 8 -10 -11 11 -13 -14 -15
leaf_value=-0.0014064358168685311 -0.18886088077353952 0.066181274422324535 0.11999075791894276 0.14393994151489367 -0.30733553641117539 0.15100699992556321 -0.079648828931420501 -0.11875290923118592 0.1702853870989732 0.15890566097690881 -0.28059775708243251 -0.40034659138092632 0.028761568182254029 0.21963172063532502
leaf_weight=30538 144 96 102 404 86 128 496 120 400 168 96 112 408 94
leaf_count=30538 144 96 102 404 86 128 496 120 400 168 96 112 408 94
internal_value=-1.30748e-05 -0.0875754 0.000633933 0.0732712 -0.0783861 -0.000697792 -0.00131971 -9.09013e-05 0.103089 -0.00181487 -0.00270424 -0.101936 -0.0323415 -0.000692406
internal_weight=33392 240 33152 592 188 32560 32432 31936 520 31416 31248 616 504 30632
internal_count=33392 240 33152 592 188 32560 32432 31936 520 31416 31248 616 504 30632
is_linear=0
shrinkage=0.05


Tree=227
num_leaves=15
num_cat=0
split_feature=14 6 12 5 13 5 11 5 14 7 6 5 8 5
split_gain=763.746 4030.51 4254.25 15664.6 8842.42 7922.35 4210.72 8921.55 3899.47 3748.41 5048.26 4553.29 3659.68 2972.82
threshold=156.50000000000003 165.50000000000003 25.500000000000004 83.500000000000014 22.500000000000004 25.500000000000004 72.500000000000014 105.50000000000001 176.50000000000003 127.50000000000001 138.50000000000003 142.50000000000003 117.50000000000001 126.50000000000001
decision_type=2 2 2 2 2 2 2 2 2 2 2 2 2 2
left_child=-1 2 4 -4 5 -2 -5 -8 -6 10 11 12 13 -9
right_child=1 -3 3 6 8 -7 7 9 -10 -11 -12 -13 -14 -15
leaf_value=0.0034881665166197773 0.51839526017757664 0.035909412890820495 -0.66368942421481569 0.20882857907000904 0.013812646769647358 -0.067309847696145106 -0.5404990408177438 -0.15444879773646022 -0.37059600197750592 -0.10763930746025152 0.16473973838914752 -0.39412190944984044 0.14334339284487355 0.058773568146986976
leaf_weight=27494 151 2268 103 144 232 90 90 437 87 1324 377 82 257 256
leaf_count=27494 151 2268 103 144 232 90 90 437 87 1324 377 82 257 256
internal_value=-1.48036e-05 -0.0163333 -0.0489787 -0.0720948 0.0772637 0.302745 -0.0504755 -0.0640483 -0.0951273 -0.0474 0.00938577 -0.0478873 -0.0160948 -0.0758259
internal_weight=33392 5898 3630 3070 560 241 2967 2823 319 2733 1409 1032 950 693
internal_count=33392 5898 3630 3070 560 241 2967 2823 319 2733 1409 1032 950 693
is_linear=0
shrinkage=0.05


Tree=228
num_leaves=15
num_cat=0
split_feature=13 2 2 7 6 1 1 13 14 5 1 14 3 5
split_gain=788.705 809.614 1607.37 2101.54 5333.46 4723.28 6974.01 3279.86 3271.78 5241.5 2912.34 6307.63 3783.03 2597.95
threshold=19.500000000000004 2.5000000000000004 1.0000000180025095e-35 132.50000000000003 152.50000000000003 17.500000000000004 16.500000000000004 117.50000000000001 176.50000000000003 110.50000000000001 19.500000000000004 126.50000000000001 4.5000000000000009 156.50000000000003
decision_type=2 2 2 2 2 2 2 2 2 2 2 2 2 2
left_child=-1 2 -2 4 8 6 -5 -8 -4 -10 11 -7 -12 -13
right_child=1 -3 3 5 -6 10 7 -9 9 -11 12 13 -14 -15
leaf_value=-0.12640133221308147 0.013863252162119769 0.013936004154083146 -0.0013019701455505679 -0.042190917593920463 0.33255813674275148 0.52696114376016057 -0.32186794070800423 -0.011618656403998026 -0.42521477803087038 0.022505548466372011 0.026058132419391922 -0.089359989866021686 -0.32783645340883782 0.16814907110413657
leaf_weight=118 8326 8330 11581 3078 113 82 356 112 114 144 568 171 82 217
leaf_count=118 8326 8330 11581 3078 113 82 356 112 114 144 568 171 82 217
internal_value=-2.26795e-05 0.000444422 -0.00406295 -0.0130459 -0.00193109 -0.0414839 -0.0697348 -0.248528 -0.00526274 -0.179647 0.0478728 0.141994 -0.0207488 0.0549662
internal_weight=33392 33274 24944 16618 11952 4666 3546 468 11839 258 1120 470 650 388
internal_count=33392 33274 24944 16618 11952 4666 3546 468 11839 258 1120 470 650 388
is_linear=0
shrinkage=0.05


Tree=229
num_leaves=15
num_cat=0
split_feature=1 9 13 9 6 7 11 13 1 5 14 9 14 8
split_gain=731.135 3593.31 4005.05 2901.58 2864.82 2020.89 1469.8 1633.12 1411.88 5861.21 12220.3 6911.19 5062.72 4993.96
threshold=19.500000000000004 161.50000000000003 126.50000000000001 154.50000000000003 134.50000000000003 136.50000000000003 146.50000000000003 114.50000000000001 17.500000000000004 144.50000000000003 134.50000000000003 157.50000000000003 102.50000000000001 103.50000000000001
decision_type=2 2 2 2 2 2 2 2 2 2 2 2 2 2
left_child=8 3 -3 4 5 -2 7 -6 -1 13 11 -11 -13 -10
right_child=1 2 -4 -5 6 -7 -8 -9 9 10 -12 12 -14 -15
leaf_value=-0.00047361921356696163 -0.0096326127836545272 -0.0411308112534641 -0.36204236130548739 0.12227994569032499 -0.091455396491677526 0.17205048645963694 -0.0098020177052984409 -0.32202213377824851 0.020220752907041572 0.60088433532148411 0.021525805203261431 -0.12797579456768607 0.35914081746569049 -0.19734253590880346
leaf_weight=25050 4091 274 147 407 183 154 167 135 962 156 1096 87 125 358
leaf_count=25050 4091 274 147 407 183 154 167 135 962 156 1096 87 125 358
internal_value=-2.33551e-05 -0.0165717 -0.156117 -0.00499465 -0.0160637 -0.00284686 -0.130536 -0.192807 0.00328347 0.0370294 0.105757 0.352968 0.160896 -0.0393071
internal_weight=33392 5558 421 5137 4730 4245 485 318 27834 2784 1464 368 212 1320
internal_count=33392 5558 421 5137 4730 4245 485 318 27834 2784 1464 368 212 1320
is_linear=0
shrinkage=0.05


Tree=230
num_leaves=15
num_cat=0
split_feature=12 14 6 6 3 3 9 12 12 6 14 13 6 7
split_gain=731.109 1110.99 864.376 4554.39 3732.75 10886 3106.73 2917.41 2771.49 2636.21 2566.97 2538.57 1852.07 1709.69
threshold=184.50000000000003 144.50000000000003 179.50000000000003 176.50000000000003 5.5000000000000009 3.5000000000000004 171.50000000000003 122.50000000000001 131.50000000000003 180.50000000000003 144.50000000000003 105.50000000000001 178.50000000000003 184.50000000000003
decision_type=2 2 2 2 2 2 2 2 2 2 2 2 2 2
left_child=2 -2 3 13 5 9 8 -6 -5 -4 -10 -8 -13 -1
right_child=1 -3 4 6 7 -7 11 -9 10 -11 -12 12 -14 -15
leaf_value=-0.0014005141385465393 -0.063510920883466812 0.14421185182538898 0.19954588517248631 0.069596655149558553 0.38009043385000796 -0.48746145760230991 -0.15132410253829032 -0.029097925230700483 0.54583576806281753 -0.049094285298106749 0.17187323102327151 0.23303110688612177 -0.05879756824009949 -0.22594926180208433
leaf_weight=31184 91 197 120 152 80 136 129 88 90 720 102 138 85 80
leaf_count=31184 91 197 120 152 80 136 129 88 90 720 102 138 85 80
internal_value=-2.11827e-05 0.0786135 -0.000717061 0.000814623 -0.0433252 -0.0809197 0.126856 0.171107 0.232583 -0.0126037 0.356573 0.0217206 0.122946 -0.00201114
internal_weight=33392 288 33104 31960 1144 976 696 168 344 840 192 352 223 31264
internal_count=33392 288 33104 31960 1144 976 696 168 344 840 192 352 223 31264
is_linear=0
shrinkage=0.05


Tree=231
num_leaves=15
num_cat=0
split_feature=12 14 14 6 3 1 1 14 3 13 4 1 6 9
split_gain=730.517 3410.69 2227.03 2200.22 2515.57 7086 2349.44 3056.36 2040.49 9632.55 27595.8 16340.9 20193.6 6592.92
threshold=21.500000000000004 178.50000000000003 165.50000000000003 21.500000000000004 3.5000000000000004 2.5000000000000004 6.5000000000000009 58.500000000000007 5.5000000000000009 59.500000000000007 1.5000000000000002 9.5000000000000018 22.500000000000004 164.50000000000003
decision_type=2 2 2 2 2 2 2 2 2 2 2 2 2 2
left_child=1 2 3 -1 6 -6 7 -5 -2 10 -10 12 -12 -11
right_child=8 -3 -4 4 5 -7 -8 -9 9 13 11 -13 -14 -15
leaf_value=0.0060231175703915965 -0.0020790230397234803 -0.32597410134720001 0.19650636573390265 -0.12532558201857638 0.38822084399919538 -0.075224359424154327 -0.044657597148726726 -0.46027411178306299 0.78483487160889609 -0.031899948893798956 0.078489275022020827 0.00062688289621264841 1.0094480502919148 -0.48571956550373757
leaf_weight=2652 25858 84 118 200 92 546 285 103 136 1388 153 1607 90 80
leaf_count=2652 25858 84 118 200 92 546 285 103 136 1388 153 1607 90 80
internal_value=-1.50517e-05 -0.019824 -0.0129891 -0.0196085 -0.0748524 -0.00589611 -0.148992 -0.24481 0.00274512 0.0388113 0.110483 0.0589269 0.436689 -0.0581961
internal_weight=33392 4080 3996 3878 1226 638 588 303 29312 3454 1986 1850 243 1468
internal_count=33392 4080 3996 3878 1226 638 588 303 29312 3454 1986 1850 243 1468
is_linear=0
shrinkage=0.05


Tree=232
num_leaves=15
num_cat=0
split_feature=14 6 5 13 4 14 3 12 11 12 14 12 6 1
split_gain=749.508 3564.07 10840.9 4809.9 2865.84 10325.5 18267.1 4206.7 11116.1 4541.32 9800.81 9704.97 6707.01 3274.86
threshold=22.500000000000004 167.50000000000003 173.50000000000003 180.50000000000003 1.5000000000000002 25.500000000000004 4.5000000000000009 166.50000000000003 169.50000000000003 22.500000000000004 95.500000000000014 24.500000000000004 21.500000000000004 1.5000000000000002
decision_type=2 2 2 2 2 2 2 2 2 2 2 2 2 2
left_child=1 3 -3 -1 5 6 -2 9 -9 10 -7 -11 -12 -13
right_child=4 2 -4 -5 -6 7 -8 8 -10 11 12 13 -14 -15
leaf_value=-0.012269347406101992 0.022156225297559836 -0.5498139112105227 0.11129476587051777 0.32382033152712719 -0.0020674549462014052 0.2245082017753208 0.84470840728064189 -0.57246742450765209 0.032059666474339783 0.58042584436453803 -0.055806128847155169 -0.1299091367714523 -0.6680541112168652 0.069226795203638211
leaf_weight=7448 178 112 129 103 22518 109 104 100 274 84 89 228 87 1829
leaf_count=7448 178 112 129 103 22518 109 104 100 274 84 89 228 87 1829
internal_value=-7.46474e-06 -0.0135803 -0.200873 -0.00747364 0.00412561 0.049304 0.33494 0.0199906 -0.134999 0.0441128 -0.141768 0.0691291 -0.368546 0.0468929
internal_weight=33392 7792 241 7551 25600 3082 282 2800 374 2426 285 2141 176 2057
internal_count=33392 7792 241 7551 25600 3082 282 2800 374 2426 285 2141 176 2057
is_linear=0
shrinkage=0.05


Tree=233
num_leaves=15
num_cat=0
split_feature=13 2 14 5 14 14 1 6 14 4 7 10 8 13
split_gain=707.718 730.734 2005.37 3067.81 3030.23 1976.77 3320.64 2114.59 1947.28 1694.17 1663.8 2821.98 1691.63 1658.75
threshold=19.500000000000004 1.0000000180025095e-35 173.50000000000003 96.500000000000014 171.50000000000003 163.50000000000003 10.500000000000002 173.50000000000003 182.50000000000003 3.5000000000000004 117.50000000000001 171.50000000000003 119.50000000000001 27.500000000000004
decision_type=2 2 2 2 2 2 2 2 2 2 2 2 2 2
left_child=-1 2 4 -4 5 10 -7 -8 9 -5 12 -12 -2 -13
right_child=1 -3 3 8 -6 6 7 -9 -10 -11 11 13 -14 -15
leaf_value=-0.1197198583112227 -0.0082851214102348855 -0.0038438032943366022 0.38000780159059699 0.21750657154115466 -0.26841931357377707 0.34534824083072951 -0.033302776229856411 0.24267099159162331 -0.088631820129003475 -0.0012302320665030769 0.06581742536921302 0.10114616635350548 -0.20571851698127955 -0.13547088369346275
leaf_weight=118 4841 24948 80 193 94 108 279 87 159 160 1818 93 106 308
leaf_count=118 4841 24948 80 193 94 108 279 87 159 160 1818 93 106 308
internal_value=-5.46086e-06 0.000437007 0.0132586 0.101555 0.00643872 0.00999382 0.108334 0.0346839 0.0547924 0.11973 0.00341802 0.0393413 -0.012719 -0.0800248
internal_weight=33392 33274 8326 592 7734 7640 474 366 512 353 7166 2219 4947 401
internal_count=33392 33274 8326 592 7734 7640 474 366 512 353 7166 2219 4947 401
is_linear=0
shrinkage=0.05


Tree=234
num_leaves=15
num_cat=0
split_feature=14 6 12 5 13 7 11 12 8 9 9 10 8 8
split_gain=723.154 3641.1 3863.56 14124.1 7880.93 7174.65 3808.87 8166.59 3525.89 5320.1 4924.61 3895.17 7813.74 4755.51
threshold=156.50000000000003 165.50000000000003 25.500000000000004 83.500000000000014 22.500000000000004 23.500000000000004 72.500000000000014 92.500000000000014 93.500000000000014 118.50000000000001 170.50000000000003 93.500000000000014 112.50000000000001 103.50000000000001
decision_type=2 2 2 2 2 2 2 2 2 2 2 2 2 2
left_child=-1 2 4 -4 5 -2 -5 -8 -9 11 -11 -10 13 -13
right_child=1 -3 3 6 -6 -7 7 8 9 10 -12 12 -14 -15
leaf_value=0.0034070718685944041 0.54764881576374769 0.03377490073986994 -0.63069247096363046 0.19821598775334806 -0.089355708517990781 0.0070156900234700703 -0.45005160391677262 -0.35045039105746484 -0.16234350559654936 -0.12238676905260087 0.046282274794706896 0.27167159306017435 0.46534714884802597 -0.11232881780326097
leaf_weight=27494 122 2268 103 144 319 119 124 85 111 1401 622 122 142 216
leaf_count=27494 122 2268 103 144 319 119 124 85 111 1401 622 122 142 216
internal_value=-1.53564e-06 -0.0158805 -0.0469086 -0.0689375 0.0733984 0.286266 -0.0484078 -0.0613162 -0.0426574 -0.0319989 -0.0705408 0.0994158 0.160997 0.0282146
internal_weight=33392 5898 3630 3070 560 241 2967 2823 2699 2614 2023 591 480 338
internal_count=33392 5898 3630 3070 560 241 2967 2823 2699 2614 2023 591 480 338
is_linear=0
shrinkage=0.05


Tree=235
num_leaves=15
num_cat=0
split_feature=9 11 8 1 7 10 10 10 8 6 5 10 4 13
split_gain=719.422 1331 1137.61 2238.58 3156.35 1043.14 1103.54 1929.15 2720.22 1465.14 2354.96 4663.29 2773.49 1666.74
threshold=192.50000000000003 190.50000000000003 178.50000000000003 12.500000000000002 179.50000000000003 190.50000000000003 180.50000000000003 177.50000000000003 134.50000000000003 191.50000000000003 179.50000000000003 167.50000000000003 1.5000000000000002 195.50000000000003
decision_type=2 2 2 2 2 2 2 2 2 2 2 2 2 2
left_child=2 -2 5 4 -4 6 7 9 -9 10 13 12 -12 -1
right_child=1 -3 3 -5 -6 -7 -8 8 -10 -11 11 -13 -14 -15
leaf_value=-0.0011457405447663628 -0.17915523789273013 0.057214883802052918 0.11401633911670368 0.13482270930554438 -0.28720189864327622 0.13911503833487518 -0.074831872078740674 -0.11045064487159253 0.15725080424896731 0.14347391780196672 -0.26711508597772904 -0.38327275027449315 0.02529513293484871 0.20434358205006584
leaf_weight=30538 144 96 102 404 86 128 496 120 400 168 96 112 408 94
leaf_count=30538 144 96 102 404 86 128 496 120 400 168 96 112 408 94
internal_value=-4.03578e-06 -0.0853691 0.000626735 0.0690232 -0.0722053 -0.000627245 -0.00120013 -4.50127e-05 0.09501 -0.00163324 -0.00243621 -0.098832 -0.0324788 -0.000481912
internal_weight=33392 240 33152 592 188 32560 32432 31936 520 31416 31248 616 504 30632
internal_count=33392 240 33152 592 188 32560 32432 31936 520 31416 31248 616 504 30632
is_linear=0
shrinkage=0.05


Tree=236
num_leaves=15
num_cat=0
split_feature=6 5 10 9 11 7 14 4 12 9 7 11 9 5
split_gain=733.218 4870.89 17824.6 4598.52 8151.12 7577.54 7860.51 6567.21 14134.5 4532.82 4417.09 5983.9 7479.02 30847.8
threshold=96.500000000000014 77.500000000000014 108.50000000000001 100.50000000000001 71.500000000000014 84.500000000000014 95.500000000000014 1.5000000000000002 151.50000000000003 55.500000000000007 105.50000000000001 78.500000000000014 98.500000000000014 103.50000000000001
decision_type=2 2 2 2 2 2 2 2 2 2 2 2 2 2
left_child=3 2 -2 5 -5 -1 -7 8 -6 -3 -11 -12 13 -13
right_child=1 9 -4 4 7 6 -8 -9 -10 10 11 12 -14 -15
leaf_value=0.0034534902271189175 0.18306567738644589 -0.31384827657642528 -0.72656848753737935 0.52418516748907551 0.70908650817400831 -0.013965627398201317 -0.66110789810561332 0.017691778921002207 -0.13625464053644287 -0.051861134899879757 0.12525649719049434 -1.051350780182025 0.0065010703020181347 0.077522710273523296
leaf_weight=11872 112 112 96 96 104 101 83 1272 88 3576 1040 80 14552 208
leaf_count=11872 112 112 96 96 104 101 83 1272 88 3576 1040 80 14552 208
internal_value=-6.28683e-06 -0.00615353 -0.243966 0.00892101 0.0895552 -0.00154554 -0.31565 0.0593677 0.328014 -0.00356401 -0.00169766 0.00961137 0.0014674 -0.248643
internal_weight=33392 19776 208 13616 1560 12056 184 1464 192 19568 19456 15880 14840 288
internal_count=33392 19776 208 13616 1560 12056 184 1464 192 19568 19456 15880 14840 288
is_linear=0
shrinkage=0.05


Tree=237
num_leaves=15
num_cat=0
split_feature=12 0 14 3 5 8 14 7 3 7 14 9 11 13
split_gain=719.263 3284.04 3815.13 3402.41 3236.91 5453.21 4967.13 5636.48 3927.83 3389.85 2783.38 3743.53 2640.35 2632.72
threshold=159.50000000000003 4.5000000000000009 100.50000000000001 4.5000000000000009 159.50000000000003 129.50000000000003 153.50000000000003 120.50000000000001 3.5000000000000004 181.50000000000003 149.50000000000003 171.50000000000003 156.50000000000003 142.50000000000003
decision_type=2 2 2 2 2 2 2 2 2 2 2 2 2 2
left_child=-1 2 -2 10 6 12 7 13 -9 -7 -4 -12 -6 -3
right_child=1 4 3 -5 5 9 -8 8 -10 -11 11 -13 -14 -15
leaf_value=-0.0027392863843920708 0.29761070786618893 0.50077868036601858 0.16257435270778764 -0.18850346938313534 -0.50386281096827745 0.016017508879912198 -0.093282144324635011 0.1043389246220503 -0.26804094883382962 -0.2751307325740146 -0.062002047761027093 0.11232933124387637 -0.1491603801825217 0.13834054345102276
leaf_weight=29352 157 110 500 140 92 684 416 292 88 112 628 595 128 98
leaf_count=29352 157 110 500 140 92 684 416 292 88 112 628 595 128 98
internal_value=-1.57652e-05 0.0197505 0.0647557 0.0443883 -0.0253035 -0.0880189 0.0382831 0.131365 0.0157425 -0.0264098 0.0638023 0.0229237 -0.305391 0.337271
internal_weight=33392 4040 2020 1863 2020 1016 1004 588 380 796 1723 1223 220 208
internal_count=33392 4040 2020 1863 2020 1016 1004 588 380 796 1723 1223 220 208
is_linear=0
shrinkage=0.05


Tree=238
num_leaves=15
num_cat=0
split_feature=1 12 10 8 14 13 14 8 10 10 10 12 11 11
split_gain=715.069 1853.7 1992.95 1387.07 1143.75 1865.75 1335.87 1154.55 1788.23 1078.56 6446.79 13778.1 9258.04 13072.5
threshold=21.500000000000004 141.50000000000003 142.50000000000003 131.50000000000003 119.50000000000001 119.50000000000001 107.50000000000001 106.50000000000001 121.50000000000001 101.50000000000001 96.500000000000014 80.500000000000014 78.500000000000014 94.500000000000014
decision_type=2 2 2 2 2 2 2 2 2 2 2 2 2 2
left_child=9 3 -3 4 5 7 -7 -2 -9 10 -1 -12 -13 -14
right_child=1 2 -4 -5 -6 6 -8 8 -10 -11 11 12 13 -15
leaf_value=0.0035037246023665067 0.0079062029748621521 -0.28040930892908039 -0.047423844865256651 0.1521394773809096 -0.13859043148798603 0.0096655767349185448 0.27822062918480411 -0.14953454956333018 0.018397744576153459 0.01088059409300875 -0.64837739325444632 0.29793589431199297 -0.5021860979538596 -0.040909966932266895
leaf_weight=12689 1230 128 305 125 170 92 89 351 284 16475 104 152 176 1022
leaf_count=12689 1230 128 305 125 170 92 89 351 284 16475 104 152 176 1022
internal_value=-1.65543e-05 -0.0243015 -0.118712 -0.00662322 -0.015901 -0.0053939 0.145647 -0.0204028 -0.0748709 0.00218728 -0.00793972 -0.107476 -0.0635677 -0.110482
internal_weight=33392 2774 433 2341 2216 2046 181 1865 635 30618 14143 1454 1350 1198
internal_count=33392 2774 433 2341 2216 2046 181 1865 635 30618 14143 1454 1350 1198
is_linear=0
shrinkage=0.05


Tree=239
num_leaves=15
num_cat=0
split_feature=7 9 7 9 8 14 14 0 6 3 8 8 10 11
split_gain=718.468 8799.02 4819.08 5286.98 3392.91 6086.82 5206.03 4001.95 3782.62 3162.2 3169.13 2842.03 8286.87 8310.76
threshold=147.50000000000003 89.500000000000014 149.50000000000003 155.50000000000003 159.50000000000003 63.500000000000007 21.500000000000004 4.5000000000000009 151.50000000000003 4.5000000000000009 125.50000000000001 113.50000000000001 99.500000000000014 78.500000000000014
decision_type=2 2 2 2 2 2 2 2 2 2 2 2 2 2
left_child=11 -2 3 -3 7 6 -6 -4 -9 10 -10 -1 13 -13
right_child=1 2 4 -5 5 -7 -8 8 9 -11 -12 12 -14 -15
leaf_value=-0.0041529607972117461 -0.51930218521286464 -0.0045081861853599548 0.017111417244077554 -0.48574500825563699 0.049292656792754158 0.01342372201661963 0.46481168770179571 -0.32632617510222145 -0.2906286640847025 -0.29617877850567337 -0.023811025326992891 0.12858810864845102 0.020851213415898906 0.70776433292557217
leaf_weight=20696 80 120 1800 104 161 3524 139 148 116 132 1404 240 4648 80
leaf_count=20696 80 120 1800 104 161 3524 139 148 116 132 1404 240 4648 80
internal_value=-2.34278e-05 -0.0133838 -0.00775592 -0.233667 -0.000786958 0.0319895 0.24628 -0.0355989 -0.0882106 -0.0659579 -0.0450595 0.00400149 0.0379418 0.282043
internal_weight=33392 7728 7648 224 7424 3824 300 3600 1800 1652 1520 25664 4968 320
internal_count=33392 7728 7648 224 7424 3824 300 3600 1800 1652 1520 25664 4968 320
is_linear=0
shrinkage=0.05


Tree=240
num_leaves=15
num_cat=0
split_feature=7 6 5 10 9 11 7 14 4 12 6 5 1 5
split_gain=713.033 830.928 4404.58 16215.9 3919.23 7372.21 6983 7223.88 5925.02 12945.4 4513.54 6241.71 6415.84 4166.29
threshold=19.500000000000004 96.500000000000014 77.500000000000014 108.50000000000001 100.50000000000001 71.500000000000014 83.500000000000014 71.500000000000014 1.5000000000000002 151.50000000000003 66.500000000000014 98.500000000000014 6.5000000000000009 68.500000000000014
decision_type=2 2 2 2 2 2 2 2 2 2 2 2 2 2
left_child=-1 4 3 -3 6 -6 10 -8 9 -7 -2 12 -12 -10
right_child=1 2 -4 -5 5 8 7 -9 13 -11 11 -13 -14 -15
leaf_value=-0.092989574753588489 -0.0016887528659186462 0.17517503401280468 -0.0035052365281555658 -0.69242609671436917 0.49785731051596677 0.67569797778963503 0.039357558948580514 -0.51460260332308028 -0.24025962699785933 -0.13319331421266481 0.14158456541988837 -0.087743101552994529 0.61816018846008802 0.047854040120626287
leaf_weight=200 10992 112 19568 96 96 104 105 127 136 88 338 208 86 1136
leaf_count=200 10992 112 19568 96 96 104 105 127 136 88 338 208 86 1136
internal_value=-2.63646e-05 0.000547711 -0.00596772 -0.232111 0.0101505 0.0845192 0.000333646 -0.268347 0.0558128 0.310985 0.00580923 0.135207 0.244327 0.0162293
internal_weight=33392 33192 19776 208 13416 1560 11856 232 1464 192 11624 632 424 1272
internal_count=33392 33192 19776 208 13416 1560 11856 232 1464 192 11624 632 424 1272
is_linear=0
shrinkage=0.05


Tree=241
num_leaves=15
num_cat=0
split_feature=14 6 7 4 12 5 4 9 9 9 7 8 12 6
split_gain=723.366 3354.71 3697.77 9482.21 15462.4 7759.31 15105.9 10143.5 4142.78 4811.7 4094.34 7496.1 2439.89 2520.89
threshold=156.50000000000003 165.50000000000003 24.500000000000004 2.5000000000000004 21.500000000000004 103.50000000000001 2.5000000000000004 100.50000000000001 118.50000000000001 170.50000000000003 148.50000000000003 112.50000000000001 104.50000000000001 133.50000000000003
decision_type=2 2 2 2 2 2 2 2 2 2 2 2 2 2
left_child=-1 2 3 -2 -5 6 -4 -8 10 -10 11 12 -7 -14
right_child=1 -3 5 4 -6 8 7 -9 9 -11 -12 -13 13 -15
leaf_value=0.0033872774047620474 -0.2314228840172291 0.031760318154680965 -0.82146622582028306 -0.041850300239035368 0.71909741380784131 0.14599278564769891 -0.32241135735396936 0.33470511685937959 -0.12366642615512365 0.041990876009099579 -0.26542924328268258 0.32634041501529287 -0.32166797124611385 -0.0096353830042410198
leaf_weight=27494 142 2268 91 164 107 154 152 89 1463 622 82 235 83 246
leaf_count=27494 142 2268 91 164 107 154 152 89 1463 622 82 235 83 246
internal_value=-2.1833e-05 -0.0159031 -0.0456856 0.0943709 0.266182 -0.0637847 -0.290852 -0.0778711 -0.0371962 -0.0742651 0.0592757 0.0979382 -0.0153943 -0.0919918
internal_weight=33392 5898 3630 413 271 3217 332 241 2885 2085 800 718 483 329
internal_count=33392 5898 3630 413 271 3217 332 241 2885 2085 800 718 483 329
is_linear=0
shrinkage=0.05


Tree=242
num_leaves=15
num_cat=0
split_feature=14 5 4 13 1 6 8 12 4 14 3 12 11 12
split_gain=728.879 3425.82 12504.8 4367.55 11149.8 3458.21 5088.45 12642.7 2513.17 9335.58 16462.9 3754.15 9815.77 3769.7
threshold=22.500000000000004 163.50000000000003 1.5000000000000002 172.50000000000003 9.5000000000000018 143.50000000000003 115.50000000000001 119.50000000000001 1.5000000000000002 25.500000000000004 4.5000000000000009 166.50000000000003 169.50000000000003 22.500000000000004
decision_type=2 2 2 2 2 2 2 2 2 2 2 2 2 2
left_child=1 3 -3 5 -5 6 -1 -8 9 10 -2 13 -13 -11
right_child=8 2 -4 4 -6 -7 7 -9 -10 11 -12 12 -14 -15
leaf_value=-0.014061789335473945 0.021020673801155527 -0.65142387051794992 0.027409564675168793 0.65707308946969523 -0.002152856504058383 0.14545116150601309 -0.70423465973587451 0.043289712735930005 -0.0017484767493839979 -0.12808604555525657 0.80189619461467521 -0.53901212162205148 0.029074486997312327 0.064065423988240833
leaf_weight=6597 178 91 230 82 244 317 88 143 22518 285 104 100 274 2141
leaf_count=6597 178 91 230 82 244 317 88 143 22518 285 104 100 274 2141
internal_value=-2.47408e-05 -0.0134095 -0.172072 -0.00648185 0.171085 -0.0146976 -0.0222337 -0.250368 0.00405106 0.0463584 0.317956 0.0184866 -0.127927 0.041275
internal_weight=33392 7792 321 7471 326 7145 6828 231 25600 3082 282 2800 374 2426
internal_count=33392 7792 321 7471 326 7145 6828 231 25600 3082 282 2800 374 2426
is_linear=0
shrinkage=0.05


Tree=243
num_leaves=15
num_cat=0
split_feature=13 10 9 1 1 6 3 4 14 1 8 14 4 8
split_gain=711.545 798.056 5895 19933.7 32743.4 4727.2 3820.53 15917.4 34761 18352 15023.9 9532.74 35108.5 15101
threshold=19.500000000000004 23.500000000000004 24.500000000000004 9.5000000000000018 4.5000000000000009 66.500000000000014 4.5000000000000009 1.5000000000000002 27.500000000000004 13.500000000000002 20.500000000000004 43.500000000000007 3.5000000000000004 22.500000000000004
decision_type=2 2 2 2 2 2 2 2 2 2 2 2 2 2
left_child=-1 2 5 4 -4 6 10 8 -8 -10 -2 -9 13 -13
right_child=1 -3 3 -5 -6 -7 7 11 9 -11 -12 12 -14 -15
leaf_value=-0.12006300632421654 0.35590267543453502 -0.0041019328644723496 0.059521756850698465 -0.093742382876527849 1.253777525330003 0.2815637988182122 1.1558639300238227 -0.019549772184445272 -0.55017457787140178 0.4682830646841063 -0.075436165842226233 1.0563471474889983 -0.26754424318394027 0.18153710042701124
leaf_weight=118 212 24818 154 311 87 144 92 4006 82 85 2903 113 178 89
leaf_count=118 212 24818 154 311 87 144 92 4006 82 85 2903 113 178 89
internal_value=-2.53857e-05 0.00041828 0.0136795 0.170896 0.507364 0.00259873 -0.00275592 0.0259651 0.403027 -0.0332541 -0.0455569 0.00326548 0.240917 0.684606
internal_weight=33392 33274 8456 552 241 7904 7760 4645 259 167 3115 4386 380 202
internal_count=33392 33274 8456 552 241 7904 7760 4645 259 167 3115 4386 380 202
is_linear=0
shrinkage=0.05


Tree=244
num_leaves=15
num_cat=0
split_feature=9 14 12 0 11 14 3 12 9 3 14 8 6 14
split_gain=687.929 1272.13 1093.99 2420.44 3467.45 4410.76 3822.07 2516.9 4611.01 3456.95 3961.08 2991.87 7149.75 2902.26
threshold=192.50000000000003 172.50000000000003 159.50000000000003 4.5000000000000009 149.50000000000003 100.50000000000001 4.5000000000000009 161.50000000000003 167.50000000000003 4.5000000000000009 120.50000000000001 127.50000000000001 149.50000000000003 153.50000000000003
decision_type=2 2 2 2 2 2 2 2 2 2 2 2 2 2
left_child=2 -2 -1 4 -4 -6 -7 8 -5 11 -11 12 13 -9
right_child=1 -3 3 7 5 6 -8 9 -10 10 -12 -13 -14 -15
leaf_value=-0.0026841584002015337 -0.16318911215911311 0.076182299365892131 -0.22073581119870195 0.35174421150514412 0.33778501608488121 0.078380329592508083 -0.20496001325027888 0.1634194580118426 -0.11312651947601556 -0.46549852347754417 0.0080079842655157493 0.043698542199155727 -0.38794552622968037 -0.098313036408359408
leaf_weight=29280 160 80 96 116 148 1568 124 171 92 89 83 972 152 261
leaf_count=29280 160 80 96 116 148 1568 124 171 92 89 83 972 152 261
internal_value=3.44714e-06 -0.0834723 0.000620256 0.0255794 0.0650382 0.080506 0.0570727 -0.0139453 0.148299 -0.0338463 -0.243233 -0.00999578 -0.098976 0.00597381
internal_weight=33392 240 33152 3872 1936 1840 1692 1936 208 1728 172 1556 584 432
internal_count=33392 240 33152 3872 1936 1840 1692 1936 208 1728 172 1556 584 432
is_linear=0
shrinkage=0.05


Tree=245
num_leaves=15
num_cat=0
split_feature=0 9 5 14 5 1 7 5 1 8 8 14 5 14
split_gain=702.247 3226.52 3494.46 1777.16 2205.38 2107.71 1986.19 1658.52 3895.34 3333.69 2512.08 1890.98 1844.05 3499.64
threshold=1.5000000000000002 183.50000000000003 177.50000000000003 149.50000000000003 157.50000000000003 10.500000000000002 88.500000000000014 126.50000000000001 17.500000000000004 139.50000000000003 108.50000000000001 89.500000000000014 94.500000000000014 84.500000000000014
decision_type=2 2 2 2 2 2 2 2 2 2 2 2 2 2
left_child=1 2 3 7 5 -5 -7 10 9 -9 12 -12 13 -1
right_child=-2 -3 -4 4 -6 6 -8 8 -10 -11 11 -13 -14 -15
leaf_value=0.0030520401678197874 0.0027403942962169795 -0.27580341661051544 0.20069715120502418 -0.3884095797004799 0.0036122314266308591 0.08771898677417389 -0.21767002109517444 0.2458568927331975 0.24703181073514383 -0.087063656081484211 0.0030327275437968121 -0.20573195728775501 0.064592331198533109 -0.19144807153887916
leaf_weight=1226 29218 114 180 91 265 82 136 90 196 356 170 294 694 280
leaf_count=1226 29218 114 180 91 265 82 136 90 196 356 170 294 694 280
internal_value=-1.19585e-06 -0.0191726 -0.0116364 -0.0217325 -0.102542 -0.192189 -0.103408 -0.00756838 0.0642656 -0.0179015 -0.0249677 -0.130028 -0.0025649 -0.0336239
internal_weight=33392 4174 4060 3880 574 309 218 3306 642 446 2664 464 2200 1506
internal_count=33392 4174 4060 3880 574 309 218 3306 642 446 2664 464 2200 1506
is_linear=0
shrinkage=0.05


Tree=246
num_leaves=15
num_cat=0
split_feature=14 6 11 3 11 5 11 1 5 7 6 14 12 8
split_gain=667.252 2998.96 3475.21 9549.05 11828.6 8645.53 17956.3 8485.19 4659.09 3609.44 3927.7 3512.68 3050.48 2460.7
threshold=156.50000000000003 165.50000000000003 23.500000000000004 1.5000000000000002 21.500000000000004 103.50000000000001 72.500000000000014 11.500000000000002 82.500000000000014 127.50000000000001 148.50000000000003 159.50000000000003 85.500000000000014 169.50000000000003
decision_type=2 2 2 2 2 2 2 2 2 2 2 2 2 2
left_child=-1 2 3 -2 7 6 8 -5 -4 10 11 -7 -13 -11
right_child=1 -3 5 4 -6 9 -8 -9 -10 13 -12 12 -14 -15
leaf_value=0.0032692754333556711 0.53947397609767711 0.02980791211846906 -0.28748458756983858 -0.55588556049737781 0.32290034155518593 -0.2168074617817915 -0.90028585861740718 0.019693524334089538 0.18951585218310357 -0.12483608584689128 0.25926591508005126 0.30935110686018191 -0.0013343503607747458 0.062503155997317081
leaf_weight=27494 87 2268 98 108 149 174 87 147 97 1134 145 80 1120 204
leaf_count=27494 87 2268 98 108 149 174 87 147 97 1134 145 80 1120 204
internal_value=-4.93727e-06 -0.0152578 -0.0434168 0.0797109 -0.0246822 -0.0627725 -0.324413 -0.230083 -0.0514015 -0.0364256 0.0163222 -0.010163 0.0205757 -0.0961468
internal_weight=33392 5898 3630 491 404 3139 282 255 195 2857 1519 1374 1200 1338
internal_count=33392 5898 3630 491 404 3139 282 255 195 2857 1519 1374 1200 1338
is_linear=0
shrinkage=0.05


Tree=247
num_leaves=15
num_cat=0
split_feature=6 6 9 13 13 3 6 12 13 14 10 14 14 10
split_gain=670.541 3200.73 3358.93 3710.97 2837.21 6189.37 3034.42 2535.76 2527.39 2426.99 2021.11 1891.27 2058.23 2009.02
threshold=179.50000000000003 176.50000000000003 171.50000000000003 140.50000000000003 106.50000000000001 3.5000000000000004 180.50000000000003 131.50000000000003 157.50000000000003 144.50000000000003 173.50000000000003 103.50000000000001 169.50000000000003 179.50000000000003
decision_type=2 2 2 2 2 2 2 2 2 2 2 2 2 2
left_child=1 -1 7 10 11 6 -6 -3 -8 -9 -4 -2 13 -13
right_child=4 2 3 -5 5 -7 8 9 -10 -11 -12 12 -14 -15
leaf_value=-0.0010624984804486252 0.25000976985627482 0.061180495672449944 -0.30951652792618445 0.15657184801326651 0.23031394301155178 -0.38185128539894958 -0.27395277694180736 0.51919303981881393 0.0043393065348606213 0.15659652878747923 0.00035122580205400788 0.011837161016088017 0.11262093830961904 -0.25621050978165671
leaf_weight=31400 86 152 92 201 92 153 114 90 259 102 115 197 236 103
leaf_count=31400 86 152 92 201 92 153 114 90 259 102 115 197 236 103
internal_value=-7.3169e-06 0.00138662 0.102982 0.00550326 -0.0360112 -0.111472 -0.0193922 0.216861 -0.0832138 0.335427 -0.14142 0.039255 0.00344181 -0.082884
internal_weight=33392 32152 752 408 1240 618 465 344 373 192 207 622 536 300
internal_count=33392 32152 752 408 1240 618 465 344 373 192 207 622 536 300
is_linear=0
shrinkage=0.05


Tree=248
num_leaves=15
num_cat=0
split_feature=6 5 10 9 7 11 8 11 13 11 5 11 11 8
split_gain=665.986 3996.73 14712.3 3803.49 3845.84 5925.78 8642.41 21023.3 5634.4 5125.32 6839.22 6523.64 4970.19 5246.48
threshold=96.500000000000014 77.500000000000014 108.50000000000001 55.500000000000007 105.50000000000001 163.50000000000003 103.50000000000001 80.500000000000014 152.50000000000003 78.500000000000014 117.50000000000001 81.500000000000014 152.50000000000003 105.50000000000001
decision_type=2 2 2 2 2 2 2 2 2 2 2 2 2 2
left_child=-1 2 -2 -3 5 6 -5 -8 -7 10 -6 -11 13 -9
right_child=1 3 -4 4 9 8 7 12 -10 11 -12 -13 -14 -15
leaf_value=0.0085033133765775419 0.16666807234924064 -0.28774567985127114 -0.65973505016305667 -0.011177951803131636 0.23368043632567984 0.37674476815497177 -0.87075701960832763 -0.29410889796004985 -0.082342218767759226 -0.35847980285286907 -0.022778662370455442 0.0042603620139633723 -0.40626435314416887 0.00012457363938690136
leaf_weight=13616 112 112 96 2248 560 148 96 192 116 120 480 14720 120 656
leaf_count=13616 112 112 96 2248 560 148 96 192 116 120 480 14720 120 656
internal_value=-4.85179e-06 -0.00586349 -0.221282 -0.00351773 -0.00180804 -0.0486155 -0.0668588 -0.183898 0.177244 0.00874445 0.115772 0.0012074 -0.111655 -0.0678278
internal_weight=33392 19776 208 19568 19456 3576 3312 1064 264 15880 1040 14840 968 848
internal_count=33392 19776 208 19568 19456 3576 3312 1064 264 15880 1040 14840 968 848
is_linear=0
shrinkage=0.05


Tree=249
num_leaves=15
num_cat=0
split_feature=1 5 10 12 14 11 5 6 8 10 1 5 14 11
split_gain=675.826 3274.57 3390.74 2050.94 1854.87 1840.22 1968.39 2550.54 1928.75 2579.02 1512.86 5439.96 9363.03 5000.88
threshold=19.500000000000004 159.50000000000003 149.50000000000003 176.50000000000003 135.50000000000003 155.50000000000003 154.50000000000003 134.50000000000003 137.50000000000003 140.50000000000003 17.500000000000004 151.50000000000003 134.50000000000003 152.50000000000003
decision_type=2 2 2 2 2 2 2 2 2 2 2 2 2 2
left_child=10 3 -3 4 5 6 7 8 -2 -10 -1 -12 13 -13
right_child=1 2 -4 -5 -6 -7 -8 -9 9 -11 11 12 -14 -15
leaf_value=-0.0007308933054962864 -0.0092693882640019938 0.017792454057119111 -0.40791079124330354 -0.22340905205133038 -0.19697757376144168 0.09330205534762584 0.19411861235436439 -0.11881282358822415 0.33214719274429361 -0.013384312044495975 -0.021823856097917937 0.68209969310029861 0.045106839523801227 0.21239467269283605
leaf_weight=25050 3839 83 101 104 117 477 111 514 94 118 1605 88 927 164
leaf_count=25050 3839 83 101 104 117 477 111 514 94 118 1605 88 927 164
internal_value=-2.11033e-05 -0.0159312 -0.220491 -0.00872887 -0.00428455 0.000277291 -0.00930171 -0.0144549 -0.00108364 0.143946 0.00315818 0.03809 0.1194 0.386498
internal_weight=33392 5558 184 5374 5270 5153 4676 4565 4051 212 27834 2784 1179 252
internal_count=33392 5558 184 5374 5270 5153 4676 4565 4051 212 27834 2784 1179 252
is_linear=0
shrinkage=0.05


Tree=250
num_leaves=15
num_cat=0
split_feature=14 6 5 13 5 10 12 5 11 3 13 1 9 8
split_gain=680.196 3222.06 9688.66 3943.08 2298.64 14967.9 6964.49 5709.29 4980.36 3659.68 3537.78 3397.27 3198.88 2594.22
threshold=22.500000000000004 167.50000000000003 173.50000000000003 180.50000000000003 84.500000000000014 109.50000000000001 70.500000000000014 57.500000000000007 88.500000000000014 2.5000000000000004 90.500000000000014 19.500000000000004 112.50000000000001 96.500000000000014
decision_type=2 2 2 2 2 2 2 2 2 2 2 2 2 2
left_child=1 3 -3 4 5 7 -6 -1 -8 10 -10 13 -12 -11
right_child=-2 2 -4 -5 6 -7 8 -9 9 11 12 -13 -14 -15
leaf_value=-0.019851364474182912 0.0039216641689006028 -0.52089363663242416 0.10412160163717483 0.29282108728808387 0.42780925960422639 -0.54686634033473569 -0.27867270690030782 0.31141869151838741 -0.29391745953644449 -0.025644756340318254 0.22281705866207499 -0.072819445322713131 -0.068078572797726417 0.2850618783275351
leaf_weight=5902 25600 112 129 103 106 129 125 128 106 85 132 133 300 302
leaf_count=5902 25600 112 129 103 106 129 125 128 106 85 132 133 300 302
internal_value=-1.56718e-05 -0.0129457 -0.191025 -0.0071394 -0.0114813 -0.0241926 0.0491139 -0.0125672 0.013524 0.0491948 -0.0421047 0.143156 0.0223386 0.217362
internal_weight=33392 7792 241 7551 7448 6159 1289 6030 1183 1058 538 520 432 387
internal_count=33392 7792 241 7551 7448 6159 1289 6030 1183 1058 538 520 432 387
is_linear=0
shrinkage=0.05


Tree=251
num_leaves=15
num_cat=0
split_feature=10 10 11 11 6 5 9 7 8 11 11 12 5 12
split_gain=678.549 4719.23 4195.41 4241.26 4243.38 4099.86 2788.43 5944.28 5583.35 9286.86 4083.14 4055.62 3847.71 3697.69
threshold=130.50000000000003 125.50000000000001 95.500000000000014 105.50000000000001 147.50000000000003 123.50000000000001 149.50000000000003 107.50000000000001 103.50000000000001 160.50000000000003 119.50000000000001 154.50000000000003 156.50000000000003 144.50000000000003
decision_type=2 2 2 2 2 2 2 2 2 2 2 2 2 2
left_child=1 -1 -2 4 -4 -3 7 11 9 -8 12 -5 -10 -12
right_child=2 5 3 6 -6 -7 8 -9 10 -11 13 -13 -14 -15
leaf_value=0.0013057991771727715 0.26864631604543304 0.080585987669856932 -0.4076483501527543 -0.40597881455585444 -0.047364662278325587 0.42522928889396544 0.58448276320993553 -0.02504206380335447 -0.093250710469320278 0.021263949916287283 -0.072186203214357689 -0.025095720277128059 0.2627673718050636 0.009380700168635573
leaf_weight=22208 128 432 128 184 216 104 104 1856 104 224 1856 112 256 5480
leaf_count=22208 128 432 128 184 216 104 104 1856 104 224 1856 112 256 5480
internal_value=-1.62264e-05 0.00486051 -0.0104303 -0.0139519 -0.185343 0.150769 -0.00806982 -0.0585394 0.00549391 0.20594 -0.00317718 -0.264672 0.160049 -0.0112907
internal_weight=33392 22744 10648 10520 344 536 10176 2152 8024 328 7696 296 360 7336
internal_count=33392 22744 10648 10520 344 536 10176 2152 8024 328 7696 296 360 7336
is_linear=0
shrinkage=0.05


Tree=252
num_leaves=15
num_cat=0
split_feature=14 6 12 5 9 13 5 14 9 9 7 8 10 14
split_gain=671.981 2800.87 3275.17 11495.4 13438 6577.73 6646.24 3429.48 3333.15 4112.21 3482.06 6685.9 2179.02 2085.78
threshold=156.50000000000003 165.50000000000003 25.500000000000004 103.50000000000001 100.50000000000001 22.500000000000004 25.500000000000004 176.50000000000003 118.50000000000001 170.50000000000003 148.50000000000003 112.50000000000001 101.50000000000001 179.50000000000003
decision_type=2 2 2 2 2 2 2 2 2 2 2 2 2 2
left_child=-1 2 5 4 -4 6 -2 -7 10 -10 11 -5 -13 -3
right_child=1 13 3 8 -6 7 -8 -9 9 -11 -12 12 -14 -15
leaf_value=0.0032746986725526992 0.46028116325286628 0.0066554570489988172 -0.85965762825780789 -0.022891564417488713 -0.065069762205530429 0.021519275672560883 -0.075572327673435219 -0.3388271127422543 -0.11453393170210309 0.038610707651571249 -0.24630327038681027 0.089627462758852 0.41301324712765064 0.13463571758849022
leaf_weight=27494 151 1890 90 455 123 232 90 87 1463 622 82 83 152 378
leaf_count=27494 151 1890 90 455 123 232 90 87 1463 622 82 83 152 378
internal_value=-1.10949e-05 -0.0153179 -0.0425307 -0.0628135 -0.412828 0.0682345 0.262701 -0.0804692 -0.036043 -0.0688645 0.0524733 0.0894967 0.303043 0.0282347
internal_weight=33392 5898 3630 3070 213 560 241 319 2857 2085 772 690 235 2268
internal_count=33392 5898 3630 3070 213 560 241 319 2857 2085 772 690 235 2268
is_linear=0
shrinkage=0.05


Tree=253
num_leaves=15
num_cat=0
split_feature=6 9 11 7 14 4 12 6 5 11 5 10 9 7
split_gain=663.399 3850.62 6311.24 6087.17 6370.98 5155.32 11929 4035.85 5707.04 5815.1 3649.12 13208.1 3579.9 3488.15
threshold=96.500000000000014 100.50000000000001 71.500000000000014 83.500000000000014 71.500000000000014 1.5000000000000002 151.50000000000003 66.500000000000014 98.500000000000014 102.50000000000001 77.500000000000014 108.50000000000001 55.500000000000007 105.50000000000001
decision_type=2 2 2 2 2 2 2 2 2 2 2 2 2 2
left_child=1 3 -3 7 -5 6 -4 -1 9 -9 11 -2 -12 -14
right_child=10 2 5 4 -6 -7 -8 8 -10 -11 12 -13 13 -15
leaf_value=-0.0030397618841076293 0.15595347756663194 0.46473020846300789 0.64385419563142543 0.036970906596292145 -0.48325969136397662 0.01874895097065014 -0.1324555323329023 0.54691731200955063 -0.086791424670129888 0.1210911109390167 -0.27936750680972366 -0.62711464430731123 -0.046539261902538667 0.00808813664150544
leaf_weight=11192 112 96 104 105 127 1272 88 104 208 320 112 96 3576 15880
leaf_count=11192 112 96 104 105 127 1272 88 104 208 320 112 96 3576 15880
internal_value=-1.46969e-05 0.00847693 0.0822632 -0.00110088 -0.251998 0.055687 0.293714 0.00392644 0.126345 0.230696 -0.00586194 -0.2117 -0.00362045 -0.00196172
internal_weight=33392 13616 1560 12056 232 1464 192 11824 632 424 19776 208 19568 19456
internal_count=33392 13616 1560 12056 232 1464 192 11824 632 424 19776 208 19568 19456
is_linear=0
shrinkage=0.05


Tree=254
num_leaves=15
num_cat=0
split_feature=13 10 9 1 1 6 3 4 14 1 8 14 4 8
split_gain=662.247 731.725 5297.09 17947.2 29471.7 4227.8 3503.54 14706.8 31230.1 16436.6 13418.4 8539.91 31589.6 13505.4
threshold=19.500000000000004 23.500000000000004 24.500000000000004 9.5000000000000018 4.5000000000000009 66.500000000000014 4.5000000000000009 1.5000000000000002 27.500000000000004 13.500000000000002 20.500000000000004 43.500000000000007 3.5000000000000004 22.500000000000004
decision_type=2 2 2 2 2 2 2 2 2 2 2 2 2 2
left_child=-1 2 5 4 -4 6 10 8 -8 -10 -2 -9 13 -13
right_child=1 -3 3 -5 -6 -7 7 11 9 -11 -12 12 -14 -15
leaf_value=-0.11581618890878026 0.33596505182387504 -0.0039117048666430588 0.05652677581745124 -0.088960669823049843 1.1895496635333351 0.26642903531120227 1.1010608422387507 -0.018363677041331825 -0.5155376698463171 0.44829103263715908 -0.071677386763059597 1.0006035482479356 -0.25413342089216667 0.17318228171900552
leaf_weight=118 212 24818 154 311 87 144 92 4006 82 85 2903 113 178 89
leaf_count=118 212 24818 154 311 87 144 92 4006 82 85 2903 113 178 89
internal_value=-1.14333e-05 0.000416586 0.0131147 0.162145 0.481408 0.00261083 -0.00245317 0.0250504 0.38749 -0.0261953 -0.0434402 0.00323098 0.228166 0.649036
internal_weight=33392 33274 8456 552 241 7904 7760 4645 259 167 3115 4386 380 202
internal_count=33392 33274 8456 552 241 7904 7760 4645 259 167 3115 4386 380 202
is_linear=0
shrinkage=0.05


Tree=255
num_leaves=15
num_cat=0
split_feature=6 6 9 13 3 3 9 5 7 12 5 10 6 12
split_gain=654.347 2943.92 3106 3364.34 2697.31 8981.36 3310.01 2738.27 4381.54 2065.76 2138.37 1820.83 1753.26 7927.58
threshold=179.50000000000003 176.50000000000003 171.50000000000003 140.50000000000003 5.5000000000000009 3.5000000000000004 166.50000000000003 176.50000000000003 176.50000000000003 131.50000000000003 171.50000000000003 173.50000000000003 174.50000000000003 164.50000000000003
decision_type=2 2 2 2 2 2 2 2 2 2 2 2 2 2
left_child=1 12 9 11 5 7 -6 8 -2 -3 -11 -4 -1 -14
right_child=4 2 3 -5 6 -7 -8 -9 -10 10 -12 -13 13 -15
leaf_value=1.9788128255714582e-05 -0.065589370753647944 0.06731943297407525 -0.29434964823987836 0.14893444576345891 0.33464252114443499 -0.43911631981848825 -0.064649524941288547 -0.057660811350145481 0.38610242618487617 0.45243696469781747 0.10828705144279144 -0.00021139166201464832 -0.44290517737422513 0.16166653305360484
leaf_weight=31192 112 152 92 201 96 136 104 696 96 112 80 115 104 104
leaf_count=31192 112 152 92 201 96 136 104 696 96 112 80 115 104 104
internal_value=1.53625e-05 0.00139236 0.0988268 0.00509253 -0.0355511 -0.0679553 0.130498 -0.0100086 0.147053 0.208334 0.315429 -0.134799 -0.000956462 -0.14392
internal_weight=33392 32152 752 408 1240 1040 200 904 208 344 192 207 31400 208
internal_count=33392 32152 752 408 1240 1040 200 904 208 344 192 207 31400 208
is_linear=0
shrinkage=0.05


Tree=256
num_leaves=15
num_cat=0
split_feature=2 14 1 1 14 5 13 13 13 6 6 1 11 1
split_gain=650.63 1496.48 4422.47 3484.37 3121.79 3019.98 2630.27 2992.4 2257.74 2115.38 2081.72 1850.93 1734.46 1886.19
threshold=2.5000000000000004 141.50000000000003 7.5000000000000009 16.500000000000004 130.50000000000003 151.50000000000003 156.50000000000003 134.50000000000003 172.50000000000003 105.50000000000001 153.50000000000003 13.500000000000002 168.50000000000003 12.500000000000002
decision_type=2 2 2 2 2 2 2 2 2 2 2 2 2 2
left_child=-1 4 -3 8 12 9 7 -5 -4 -6 -9 -10 -2 -14
right_child=1 2 3 6 5 -7 -8 10 11 -11 -12 -13 13 -15
leaf_value=-0.0040129401045019856 0.022905653146094124 -0.34904192640173315 0.05756522390944635 -0.20275134826527241 0.23781273549970458 0.39735367005673528 -0.35711789529512428 0.25899685834502351 -0.016802057092534954 -0.10436541447319936 -0.088138629564608661 -0.25506698785970611 -0.22272411728681374 0.068819617595937521
leaf_weight=25044 5532 94 1308 182 80 102 96 82 368 92 82 100 145 85
leaf_count=25044 5532 94 1308 182 80 102 96 82 368 92 82 100 145 85
internal_value=1.6802e-05 0.0121012 -0.0220716 -0.00746055 0.025198 0.188557 -0.132257 -0.065669 0.0238821 0.0570093 0.0879566 -0.0698715 0.0172731 -0.115808
internal_weight=33392 8348 2312 2218 6036 274 442 346 1776 172 164 468 5762 230
internal_count=33392 8348 2312 2218 6036 274 442 346 1776 172 164 468 5762 230
is_linear=0
shrinkage=0.05


Tree=257
num_leaves=15
num_cat=0
split_feature=12 12 8 5 6 11 0 11 2 9 6 6 4 5
split_gain=659.086 1370.1 3326.14 1627.7 1182.18 1016.15 2373.75 1707.6 1451.76 1257.95 775.04 1793.69 8634.77 3210.72
threshold=179.50000000000003 176.50000000000003 150.50000000000003 176.50000000000003 94.500000000000014 184.50000000000003 4.5000000000000009 177.50000000000003 1.5000000000000002 187.50000000000003 191.50000000000003 179.50000000000003 1.5000000000000002 178.50000000000003
decision_type=2 2 2 2 2 2 2 2 2 2 2 2 2 2
left_child=1 10 -3 -4 -2 6 7 -6 -8 -7 11 -1 -13 -14
right_child=4 2 3 -5 5 9 8 -9 -10 -11 -12 12 13 -15
leaf_value=0.00097454683635624757 0.22286250561475757 0.13593380944853428 -0.3938660103915369 -0.092813055596630514 0.0090738949303505647 -0.20512768320178473 0.074029626399597037 0.28808213214859041 -0.17550197361817219 0.062284175613347231 0.084447109028973996 -0.42956178578290533 0.17659176247164843 -0.076375700684823605
leaf_weight=31472 80 88 80 104 92 88 112 132 112 80 264 136 184 368
leaf_count=31472 80 88 80 104 92 88 112 132 112 80 264 136 184 368
internal_value=1.17956e-05 -0.00101654 -0.111745 -0.230663 0.0479825 0.0236593 0.0628591 0.17619 -0.051844 -0.0796689 -7.05671e-05 -0.000777388 -0.080347 0.00877506
internal_weight=33392 32696 272 184 696 616 448 224 224 168 32424 32160 688 552
internal_count=33392 32696 272 184 696 616 448 224 224 168 32424 32160 688 552
is_linear=0
shrinkage=0.05


Tree=258
num_leaves=15
num_cat=0
split_feature=14 6 7 4 12 5 4 9 9 9 7 8 11 5
split_gain=642.895 2615.73 2989.31 8170.36 12815.8 6639.48 12692.7 8869.65 3204.36 3728.41 3210.91 5905.75 2031.47 2012.2
threshold=156.50000000000003 165.50000000000003 24.500000000000004 2.5000000000000004 21.500000000000004 103.50000000000001 2.5000000000000004 100.50000000000001 118.50000000000001 170.50000000000003 148.50000000000003 112.50000000000001 82.500000000000014 161.50000000000003
decision_type=2 2 2 2 2 2 2 2 2 2 2 2 2 2
left_child=-1 2 3 -2 -5 6 -4 -8 10 13 11 -7 -13 -10
right_child=1 -3 5 4 -6 8 7 -9 9 -11 -12 12 -14 -15
leaf_value=0.0032227122741939245 -0.21769859034593414 0.027125714418703387 -0.75396784674376249 -0.036310022961370335 0.65650759922739654 -0.014441763111685983 -0.30100186661502737 0.31346340528193939 -0.1408597579143698 0.036794126849618566 -0.23563518272391681 0.12255214001460557 0.42259153620275947 -0.0013533562290317872
leaf_weight=27494 142 2268 91 164 107 483 152 89 1128 622 82 109 126 335
leaf_count=27494 142 2268 91 164 107 483 152 89 1128 622 82 109 126 335
internal_value=8.81805e-06 -0.014963 -0.041261 0.0846669 0.244176 -0.0575339 -0.267575 -0.0723241 -0.0329418 -0.0655427 0.0519038 0.086145 0.288877 -0.109029
internal_weight=33392 5898 3630 413 271 3217 332 241 2885 2085 800 718 235 1463
internal_count=33392 5898 3630 413 271 3217 332 241 2885 2085 800 718 235 1463
is_linear=0
shrinkage=0.05


Tree=259
num_leaves=15
num_cat=0
split_feature=1 12 2 7 10 14 13 10 10 3 11 8 5 10
split_gain=642.856 1768.41 1553.68 1863.59 1377.74 1512.14 1089.83 1031.96 6050.27 7374.98 4863.46 4198.23 8786.1 3914.06
threshold=21.500000000000004 139.50000000000003 1.0000000180025095e-35 123.50000000000001 137.50000000000003 121.50000000000001 119.50000000000001 101.50000000000001 100.50000000000001 2.5000000000000004 92.500000000000014 22.500000000000004 29.500000000000004 109.50000000000001
decision_type=2 2 2 2 2 2 2 2 2 2 2 2 2 2
left_child=7 4 -3 -4 5 6 -2 8 -1 -10 -9 -12 -13 -14
right_child=1 2 3 -5 -6 -7 -8 10 9 -11 11 12 13 -15
leaf_value=-0.0036414728353293007 -0.015906371160810527 -0.018713546830310127 -0.31431486606597903 -0.039265937228076933 0.15447787287276846 -0.2036152155492455 0.11096864569633674 0.18348492659506405 -0.013964543343325586 -0.59087620404791286 -0.31186675536401065 0.4732500627931982 0.060891887752207455 -0.0056748679268359241
leaf_weight=13922 1876 249 138 111 124 95 181 392 128 93 98 96 2645 13244
leaf_count=13922 1876 249 138 111 124 95 181 392 128 93 98 96 2645 13244
internal_value=7.48636e-06 -0.0230186 -0.107863 -0.194889 -0.00425848 -0.0137419 -0.00450035 0.00209708 -0.00780873 -0.264439 0.0106005 0.006331 0.0083787 0.00542199
internal_weight=33392 2774 498 249 2276 2152 2057 30618 14143 221 16475 16083 15985 15889
internal_count=33392 2774 498 249 2276 2152 2057 30618 14143 221 16475 16083 15985 15889
is_linear=0
shrinkage=0.05


Tree=260
num_leaves=15
num_cat=0
split_feature=1 1 14 14 9 3 0 5 13 5 14 8 5 11
split_gain=659.913 6740.89 4413.77 3309.21 3561.92 3590.78 4804.91 3202.91 3138.85 3486.1 4783.04 4254.75 3097.34 5566.63
threshold=5.5000000000000009 4.5000000000000009 119.50000000000001 107.50000000000001 120.50000000000001 4.5000000000000009 6.5000000000000009 61.500000000000007 75.500000000000014 65.500000000000014 93.500000000000014 115.50000000000001 117.50000000000001 121.50000000000001
decision_type=2 2 2 2 2 2 2 2 2 2 2 2 2 2
left_child=1 2 3 8 5 7 -7 -5 12 -10 11 -11 -1 -14
right_child=-2 -3 -4 4 -6 6 -8 -9 9 10 -12 -13 13 -15
leaf_value=-0.024688423404252785 0.0040608453294493233 -0.11239567290396218 -0.21192401522871665 -0.24082597226243127 0.37694324682080987 0.07885701958562287 0.51861996937439681 0.048121365765855711 -0.026763499926979874 0.25563709462144518 0.014465581404123252 -0.086749921627013032 -0.53506447991465822 0.0066495352724034867
leaf_weight=2559 25046 1392 216 105 94 208 85 744 1222 500 926 108 80 107
leaf_count=2559 25046 1392 216 105 94 208 85 744 1222 500 926 108 80 107
internal_value=3.10887e-06 -0.0121691 0.00795981 0.0151605 0.0889136 0.0636656 0.212994 0.0111851 -0.00147344 0.0361907 0.0862647 0.194607 -0.0392718 -0.232999
internal_weight=33392 8346 6954 6738 1236 1142 293 849 5502 2756 1534 608 2746 187
internal_count=33392 8346 6954 6738 1236 1142 293 849 5502 2756 1534 608 2746 187
is_linear=0
shrinkage=0.05


Tree=261
num_leaves=15
num_cat=0
split_feature=14 5 4 13 1 6 8 12 4 6 1 7 12 13
split_gain=622.523 3096.64 11018.8 3637.43 9792.08 2868.14 4570.99 11162.6 2295.03 8850.44 21125.4 47371.2 8965.15 6939.7
threshold=22.500000000000004 163.50000000000003 1.5000000000000002 172.50000000000003 9.5000000000000018 143.50000000000003 115.50000000000001 119.50000000000001 1.5000000000000002 23.500000000000004 13.500000000000002 21.500000000000004 23.500000000000004 28.500000000000004
decision_type=2 2 2 2 2 2 2 2 2 2 2 2 2 2
left_child=1 3 -3 5 -5 6 -1 -8 9 10 13 -12 -11 -2
right_child=8 2 -4 4 -6 -7 7 -9 -10 12 11 -13 -14 -15
leaf_value=-0.012396562028241893 0.23136319269418207 -0.61317914190391709 0.02407493234314817 0.61170601572456029 -0.0060003532964481889 0.13256901875948129 -0.66283106039608686 0.039604383511972187 -0.0017719487561422755 -0.43325825615676944 0.040351177275085907 1.4994358168237589 0.026074400963304108 -0.27110650390721192
leaf_weight=6597 112 91 230 82 244 317 88 143 22518 106 152 83 2467 162
leaf_count=6597 112 91 230 82 244 317 88 143 22518 106 152 83 2467 162
internal_value=3.43964e-06 -0.0123663 -0.163213 -0.00578015 0.156267 -0.0132779 -0.0201411 -0.236364 0.00377016 0.0441997 0.233619 0.57619 0.00634765 -0.0652519
internal_weight=33392 7792 321 7471 326 7145 6828 231 25600 3082 509 235 2573 274
internal_count=33392 7792 321 7471 326 7145 6828 231 25600 3082 509 235 2573 274
is_linear=0
shrinkage=0.05


Tree=262
num_leaves=15
num_cat=0
split_feature=10 9 1 1 6 8 0 9 7 1 9 7 8 14
split_gain=630.976 4881.84 16206.8 26373.1 4042.7 3344.41 6588.76 13875.2 6170.79 5394.03 9542.73 2863.56 4248.04 3912.92
threshold=23.500000000000004 24.500000000000004 9.5000000000000018 4.5000000000000009 66.500000000000014 23.500000000000004 4.5000000000000009 64.500000000000014 22.500000000000004 13.500000000000002 26.500000000000004 24.500000000000004 21.500000000000004 21.500000000000004
decision_type=2 2 2 2 2 2 2 2 2 2 2 2 2 2
left_child=1 4 3 -3 11 6 7 -2 -7 -8 -11 -1 13 -13
right_child=5 2 -4 -5 -6 8 9 -9 -10 10 -12 12 -14 -15
leaf_value=0.010545891719027737 -0.10181058863889735 0.056228169517697026 -0.083767316311588985 1.1281373441543268 0.25972611536115608 0.39096179164134631 -0.062198488579448021 -0.77569970586720638 -0.00071493954960701999 -0.014767598789867931 0.57749048084995458 -0.095069458985201805 -0.029991724663693375 -0.52945527650246571
leaf_weight=6472 780 154 311 87 144 96 572 80 23080 186 102 133 1112 83
leaf_count=6472 780 154 311 87 144 96 572 80 23080 186 102 133 1112 83
internal_value=7.79366e-06 0.0117693 0.154863 0.458248 0.00173513 -0.0040075 -0.071173 -0.168619 0.000991448 0.0266848 0.201266 -0.00319112 -0.0699268 -0.270188
internal_weight=33392 8496 552 241 7944 24896 1720 860 23176 860 288 7800 1328 216
internal_count=33392 8496 552 241 7944 24896 1720 860 23176 860 288 7800 1328 216
is_linear=0
shrinkage=0.05


Tree=263
num_leaves=15
num_cat=0
split_feature=14 13 11 11 8 1 5 3 5 12 1 6 13 11
split_gain=624.619 2512.29 7728.52 7729.22 5249.58 6069.68 8871.06 4446.17 3196.47 4642.75 2956.31 2081.41 1815 2792.34
threshold=156.50000000000003 22.500000000000004 23.500000000000004 21.500000000000004 108.50000000000001 8.5000000000000018 104.50000000000001 4.5000000000000009 113.50000000000001 92.500000000000014 15.500000000000002 133.50000000000003 144.50000000000003 23.500000000000004
decision_type=2 2 2 2 2 2 2 2 2 2 2 2 2 2
left_child=12 2 3 -2 5 6 -3 10 -6 -10 -4 -8 -1 -14
right_child=1 4 7 -5 8 -7 11 -9 9 -11 -12 -13 13 -15
leaf_value=-0.0022826213181135059 0.031137009481059727 -0.67455371810240794 0.079087907011191283 0.61912044408489708 0.22924859471515649 -0.057542330183457793 -0.275567421958197 -0.28837813811879309 -0.32931320106459633 -0.00062033375414378923 -0.14496268806929785 0.063818830512848104 0.10306071747599801 0.0095838671943731732
leaf_weight=23286 117 106 663 103 139 843 81 121 106 3343 184 92 1067 3141
leaf_count=23286 117 106 663 103 139 843 81 121 106 3343 184 92 1067 3141
internal_value=1.28658e-05 -0.0147447 0.0500929 0.314061 -0.0311344 -0.12527 -0.325295 -0.0112054 -0.00156383 -0.0111843 0.0298507 -0.0983616 0.00318075 0.0333805
internal_weight=33392 5898 1188 220 4710 1122 279 968 3588 3449 847 173 27494 4208
internal_count=33392 5898 1188 220 4710 1122 279 968 3588 3449 847 173 27494 4208
is_linear=0
shrinkage=0.05


Tree=264
num_leaves=15
num_cat=0
split_feature=13 13 13 1 13 4 7 9 5 11 5 9 14 5
split_gain=604.256 690.914 2926.15 3789.71 2779.06 2635.89 3679.81 6862.5 6414.02 2607.54 9066.48 4461.32 7948.3 9998.09
threshold=19.500000000000004 27.500000000000004 75.500000000000014 1.5000000000000002 26.500000000000004 4.5000000000000009 72.500000000000014 110.50000000000001 108.50000000000001 124.50000000000001 95.500000000000014 100.50000000000001 170.50000000000003 104.50000000000001
decision_type=2 2 2 2 2 2 2 2 2 2 2 2 2 2
left_child=-1 4 5 -4 -2 6 -3 8 -8 11 -11 12 -5 -14
right_child=1 2 3 9 -6 -7 7 -9 -10 10 -12 -13 13 -15
leaf_value=-0.11061082335749284 0.0067193595616512232 0.025296471346624619 0.098133568419045206 -0.0076194416839864242 0.16294339635495236 0.016048172001332583 -0.20908474503046373 -0.031733837905235547 -0.71508008233491294 -0.51847919331442927 -0.021627254588048553 0.041576318475821029 -0.60562949123836707 0.057677980016255494
leaf_weight=118 10040 298 942 6986 288 550 236 352 84 88 7314 5873 121 102
leaf_count=118 10040 298 942 6986 288 550 236 352 84 88 7314 5873 121 102
internal_value=7.44513e-06 0.000416292 -0.00441744 0.000345498 0.0111525 -0.071337 -0.120714 -0.185171 -0.350866 -0.00417434 -0.0278802 0.00924431 -0.0171064 -0.307622
internal_weight=33392 33274 22946 21426 10328 1520 970 672 320 20484 7402 13082 7209 223
internal_count=33392 33274 22946 21426 10328 1520 970 672 320 20484 7402 13082 7209 223
is_linear=0
shrinkage=0.05


Tree=265
num_leaves=15
num_cat=0
split_feature=1 12 3 8 14 13 14 8 10 10 10 12 11 11
split_gain=609.592 1580.19 1759.02 1223.89 973.115 1501.97 1181.96 1138.44 1504 946.867 5512.97 11683.8 7944.57 11255.4
threshold=21.500000000000004 141.50000000000003 3.5000000000000004 131.50000000000003 119.50000000000001 119.50000000000001 107.50000000000001 106.50000000000001 121.50000000000001 101.50000000000001 96.500000000000014 80.500000000000014 78.500000000000014 94.500000000000014
decision_type=2 2 2 2 2 2 2 2 2 2 2 2 2 2
left_child=9 3 -3 4 5 7 -7 -2 -9 10 -1 -12 -13 -14
right_child=1 2 -4 -5 -6 6 -8 8 -10 -11 11 12 13 -15
leaf_value=0.0031219883130997059 0.0095090250975357164 -0.04792060070398909 -0.27482219661893798 0.14302399271239455 -0.12799006890505554 0.0028299766794307947 0.25508410856127739 -0.14115194443461559 0.012914781559864544 0.010173648883463509 -0.5976071841057834 0.27581095917352066 -0.46599142388414938 -0.037972318495378021
leaf_weight=12689 1230 320 113 125 170 92 89 351 284 16475 104 152 176 1022
leaf_count=12689 1230 320 113 125 170 92 89 351 284 16475 104 152 176 1022
internal_value=-6.48699e-06 -0.0224289 -0.109596 -0.00610691 -0.0148221 -0.00513001 0.130389 -0.0185958 -0.0726839 0.00202832 -0.0074603 -0.0995057 -0.0590699 -0.102529
internal_weight=33392 2774 433 2341 2216 2046 181 1865 635 30618 14143 1454 1350 1198
internal_count=33392 2774 433 2341 2216 2046 181 1865 635 30618 14143 1454 1350 1198
is_linear=0
shrinkage=0.05


Tree=266
num_leaves=15
num_cat=0
split_feature=7 9 7 10 12 5 12 5 6 3 14 0 5 6
split_gain=616.998 7249.84 3880.54 6361.99 3338.81 2757.1 7176.01 2651.05 4418.25 4283.76 4314.83 3439.65 3886.85 2798.58
threshold=147.50000000000003 89.500000000000014 150.50000000000003 134.50000000000003 141.50000000000003 151.50000000000003 140.50000000000003 126.50000000000001 136.50000000000003 4.5000000000000009 64.500000000000014 4.5000000000000009 165.50000000000003 122.50000000000001
decision_type=2 2 2 2 2 2 2 2 2 2 2 2 2 2
left_child=7 -2 3 -3 -5 6 -4 8 -1 11 -11 13 -13 -9
right_child=1 2 5 4 -6 -7 -8 9 -10 10 -12 12 -14 -15
leaf_value=-0.00072928145101386875 -0.4716218998852898 0.16221300116417434 -0.26052391796954572 -0.5184229914509102 -0.13450546014521803 0.010836480498650953 0.045855196329255672 0.2437931025847957 -0.26691494969188406 0.53488935097175483 0.088938347809016716 -0.0024174029982705382 -0.32281398990071652 0.053911125142117836
leaf_weight=22072 80 96 336 104 128 6552 432 222 152 80 157 1509 96 1376
leaf_count=22072 80 96 336 104 128 6552 432 222 152 80 157 1509 96 1376
internal_value=-1.35061e-05 -0.0123945 -0.00728589 -0.174216 -0.313913 0.000307832 -0.0890038 0.00371638 -0.00260947 0.0445288 0.247412 0.0291547 -0.0225243 0.0809684
internal_weight=33392 7728 7648 328 232 7320 768 25664 22224 3440 237 3203 1605 1598
internal_count=33392 7728 7648 328 232 7320 768 25664 22224 3440 237 3203 1605 1598
is_linear=0
shrinkage=0.05


Tree=267
num_leaves=15
num_cat=0
split_feature=0 9 5 14 5 1 7 5 11 14 12 5 8 7
split_gain=611.748 2908.02 3187.7 1528.55 1822.09 1847.11 1759.47 1459.45 2927.72 2826.46 2357.29 2277.01 2886.18 1760.92
threshold=1.5000000000000002 183.50000000000003 177.50000000000003 149.50000000000003 157.50000000000003 10.500000000000002 88.500000000000014 114.50000000000001 120.50000000000001 83.500000000000014 129.50000000000003 96.500000000000014 104.50000000000001 21.500000000000004
decision_type=2 2 2 2 2 2 2 2 2 2 2 2 2 2
left_child=1 2 3 7 5 -5 -7 9 -9 -1 -10 13 -13 -11
right_child=-2 -3 -4 4 -6 6 -8 8 10 11 -12 12 -14 -15
leaf_value=0.015062816190576226 0.0025397476322711709 -0.26154748829660796 0.19204038828208642 -0.36046377186818668 0.0011823466475363131 0.085932051750092678 -0.20139315852776485 0.18500614076255084 -0.15938454871090296 0.00073440610924187829 0.04639584506961375 0.057152131625739802 -0.16570733196429702 -0.2691306704214137
leaf_weight=1442 29218 114 180 91 265 82 136 263 186 80 508 337 248 242
leaf_count=1442 29218 114 180 91 265 82 136 263 186 80 508 337 248 242
internal_value=-1.91001e-05 -0.0179126 -0.0107584 -0.0204016 -0.0953465 -0.176831 -0.0938132 -0.00726506 0.0446365 -0.02846 -0.00950126 -0.0973583 -0.0379287 -0.203097
internal_weight=33392 4174 4060 3880 574 309 218 3306 957 2349 694 907 585 322
internal_count=33392 4174 4060 3880 574 309 218 3306 957 2349 694 907 585 322
is_linear=0
shrinkage=0.05


Tree=268
num_leaves=15
num_cat=0
split_feature=14 10 7 13 1 1 9 3 10 1 10 7 6 10
split_gain=614.519 2851.55 6303.07 3202.47 4623.8 3538.89 3354.48 7113.09 5535.01 23134.2 6072.41 5629.18 3540.45 6741.85
threshold=22.500000000000004 167.50000000000003 162.50000000000003 172.50000000000003 9.5000000000000018 13.500000000000002 149.50000000000003 3.5000000000000004 109.50000000000001 2.5000000000000004 103.50000000000001 110.50000000000001 27.500000000000004 23.500000000000004
decision_type=2 2 2 2 2 2 2 2 2 2 2 2 2 2
left_child=1 3 -3 6 -5 -6 8 -8 10 -10 11 12 -1 -14
right_child=-2 2 -4 4 5 -7 7 -9 9 -11 -12 -13 13 -15
leaf_value=-0.024191352960579518 0.0037180566408795928 -0.51838313919407397 0.018131394884330316 0.4343115401790314 -0.1015570607925342 0.28985980867386557 -0.094522545390710644 0.34461624211782871 -0.87970626097715776 0.0021417962214839992 0.24299567648625256 -0.33093750452701476 0.50815869353795318 0.030491099027006443
leaf_weight=5556 25600 83 144 92 171 81 175 186 91 330 223 137 84 439
leaf_count=5556 25600 83 144 92 171 81 175 186 91 330 223 137 84 439
internal_value=-2.43701e-05 -0.0123143 -0.184983 -0.00701434 0.140923 0.0274471 -0.0141545 0.133354 -0.0220085 -0.196559 -0.0104522 -0.0197327 -0.012453 0.111296
internal_weight=33392 7792 227 7565 344 252 7221 361 6860 421 6439 6216 6079 523
internal_count=33392 7792 227 7565 344 252 7221 361 6860 421 6439 6216 6079 523
is_linear=0
shrinkage=0.05


Tree=269
num_leaves=15
num_cat=0
split_feature=7 9 7 10 8 14 14 0 6 3 8 8 5 9
split_gain=592.331 6515.54 3568.44 4296.03 2764.46 5309.41 4632.91 3337.73 3320.44 2815.38 2692.28 2388.21 6629.22 7267.99
threshold=147.50000000000003 89.500000000000014 149.50000000000003 153.50000000000003 159.50000000000003 63.500000000000007 21.500000000000004 4.5000000000000009 151.50000000000003 4.5000000000000009 125.50000000000001 113.50000000000001 80.500000000000014 118.50000000000001
decision_type=2 2 2 2 2 2 2 2 2 2 2 2 2 2
left_child=11 -2 3 -3 7 6 -6 -4 -9 10 -10 -1 -13 -14
right_child=1 2 4 -5 5 -7 -8 8 9 -11 -12 12 13 -15
leaf_value=-0.0038442433914863462 -0.44750530775855568 0.03413929868523681 0.015401596449911494 -0.39930344214439395 0.04271217060376363 0.01093464460061533 0.43454583989870221 -0.3038638275652345 -0.26656910460596245 -0.2771568620529869 -0.020652366184376346 -0.38354846520289299 0.15068032142889956 0.0082223389346499556
leaf_weight=20696 80 104 1800 120 161 3524 139 148 116 132 1404 88 1176 3704
leaf_count=20696 80 104 1800 120 161 3524 139 148 116 132 1404 88 1176 3704
internal_value=-2.3712e-05 -0.0121547 -0.00731143 -0.201711 -0.00131413 0.0282719 0.228409 -0.0327367 -0.0807843 -0.0599424 -0.0402322 0.00363086 0.0347436 0.0426715
internal_weight=33392 7728 7648 224 7424 3824 300 3600 1800 1652 1520 25664 4968 4880
internal_count=33392 7728 7648 224 7424 3824 300 3600 1800 1652 1520 25664 4968 4880
is_linear=0
shrinkage=0.05


Tree=270
num_leaves=15
num_cat=0
split_feature=6 11 13 7 3 10 7 8 14 6 14 1 1 0
split_gain=622.096 3458.77 8568.09 11448.7 11157.6 5340.88 4789.87 5873.72 7416.89 12790.9 3952.05 3619.36 19350.1 15378.8
threshold=96.500000000000014 108.50000000000001 86.500000000000014 22.500000000000004 4.5000000000000009 108.50000000000001 98.500000000000014 84.500000000000014 31.500000000000004 91.500000000000014 58.500000000000007 7.5000000000000009 8.5000000000000018 4.5000000000000009
decision_type=2 2 2 2 2 2 2 2 2 2 2 2 2 2
left_child=1 6 4 -4 5 -3 7 11 -9 -10 -8 -1 13 -13
right_child=-2 2 3 -5 -6 -7 10 8 9 -11 -12 12 -14 -15
leaf_value=-0.037026476701294636 -0.0056953445432379656 0.44955661271480807 -0.50294008751586083 0.055128473418150387 0.75965158361131735 0.0024610461262686151 0.44079732199509936 0.075584354110640184 -0.74378912794348018 0.025112291517711823 0.051768141824366724 0.03132497471246759 -0.00041725581431221434 0.59282296067685825
leaf_weight=4129 19776 89 95 1130 87 231 103 140 112 100 169 234 6746 251
leaf_count=4129 19776 89 95 1130 87 231 103 140 112 100 169 234 6746 251
internal_value=-3.30499e-05 0.00818999 0.0763616 0.00998115 0.273609 0.131813 -0.0011217 -0.0059795 -0.205677 -0.388878 0.204382 0.000296084 0.0216186 0.324999
internal_weight=33392 13616 1632 1225 407 320 11984 11712 352 212 272 11360 7231 485
internal_count=33392 13616 1632 1225 407 320 11984 11712 352 212 272 11360 7231 485
is_linear=0
shrinkage=0.05


Tree=271
num_leaves=15
num_cat=0
split_feature=14 6 12 5 9 3 4 6 1 7 6 14 12 8
split_gain=623.184 2371.05 2982.14 10032.8 11502.1 6360.87 11057.7 8913.51 16596.3 2546.41 3282.35 2977.01 2331.75 1928.67
threshold=156.50000000000003 165.50000000000003 25.500000000000004 103.50000000000001 100.50000000000001 4.5000000000000009 3.5000000000000004 25.500000000000004 11.500000000000002 127.50000000000001 148.50000000000003 159.50000000000003 85.500000000000014 169.50000000000003
decision_type=2 2 2 2 2 2 2 2 2 2 2 2 2 2
left_child=-1 2 5 4 -4 7 -7 8 -2 10 11 -5 -13 -11
right_child=1 -3 3 9 -6 6 -8 -9 -10 13 -12 12 -14 -15
leaf_value=0.0031417898860413873 0.86077841176998382 0.025309587300444098 -0.79955866704841982 -0.20425251604333605 -0.064233414336922576 0.19331647527832835 -0.48582785065204881 -0.13640349445030875 -0.018178451816172544 -0.10970532511813931 0.23226739773239632 0.26676731806029291 -0.0048491931458107297 0.056137698381675774
leaf_weight=27494 97 2268 90 174 123 121 110 119 113 1134 145 80 1120 204
leaf_count=27494 97 2268 90 174 123 121 110 119 113 1134 145 80 1120 204
internal_value=-2.2457e-05 -0.014763 -0.0398005 -0.0591554 -0.386147 0.0658902 -0.133527 0.205809 0.398392 -0.0341449 0.0101698 -0.0140256 0.0142904 -0.084305
internal_weight=33392 5898 3630 3070 213 560 231 329 210 2857 1519 1374 1200 1338
internal_count=33392 5898 3630 3070 213 560 231 329 210 2857 1519 1374 1200 1338
is_linear=0
shrinkage=0.05


Tree=272
num_leaves=15
num_cat=0
split_feature=2 14 14 14 7 14 1 13 1 10 14 5 9 11
split_gain=581.64 1761.55 7014.27 9912.33 3354.08 2518.36 3882.67 3089.08 2244.24 2151.26 2076.86 1996.27 1819.39 2347.25
threshold=1.0000000180025095e-35 71.500000000000014 28.500000000000004 59.500000000000007 164.50000000000003 97.500000000000014 4.5000000000000009 75.500000000000014 2.5000000000000004 102.50000000000001 161.50000000000003 25.500000000000004 100.50000000000001 87.500000000000014
decision_type=2 2 2 2 2 2 2 2 2 2 2 2 2 2
left_child=1 2 4 -4 -1 6 7 -3 9 -7 12 -12 -10 -14
right_child=-2 5 3 -5 -6 8 -8 -9 10 -11 11 -13 13 -15
leaf_value=-0.004952649309805812 -0.0038328227664430406 -0.14213178384111447 -0.69136417683925533 -0.059623375702997521 0.28185692814723501 0.37016874500057279 0.31592841246489062 0.16885215077868532 -0.082399618839618563 0.050803841966760646 0.25700793848449338 0.043835116986295643 0.19333790788970751 -0.0036908915964792514
leaf_weight=2655 25044 142 84 209 101 80 182 170 694 144 117 1143 156 2471
leaf_count=2655 25044 142 84 209 101 80 182 170 694 144 117 1143 156 2471
internal_value=-2.27211e-05 0.011403 -0.0188566 -0.249298 0.00604954 0.0288155 0.13574 0.0273052 0.017693 0.170455 0.0100456 0.0645673 -0.0107061 0.00835439
internal_weight=33392 8348 3049 293 2756 5299 494 312 4805 224 4581 1260 3321 2627
internal_count=33392 8348 3049 293 2756 5299 494 312 4805 224 4581 1260 3321 2627
is_linear=0
shrinkage=0.05


Tree=273
num_leaves=15
num_cat=0
split_feature=14 13 5 7 8 4 1 8 12 10 5 1 2 3
split_gain=610.259 2300.85 7075.48 6723.98 4603.94 5638.4 8293.66 3711.55 3951.98 2842.92 2540.45 2520.46 2104.98 1646.39
threshold=156.50000000000003 22.500000000000004 26.500000000000004 21.500000000000004 111.50000000000001 2.5000000000000004 9.5000000000000018 119.50000000000001 92.500000000000014 122.50000000000001 104.50000000000001 15.500000000000002 1.5000000000000002 1.5000000000000002
decision_type=2 2 2 2 2 2 2 2 2 2 2 2 2 2
left_child=-1 2 3 -2 5 6 -3 9 -9 -6 -4 -12 -11 -7
right_child=1 4 10 -5 7 13 -8 8 -10 12 11 -13 -14 -15
leaf_value=0.0031148695740044071 0.019218130670064552 -0.6556875665889722 -0.2433238433165984 0.64603633786855119 0.27441704112628651 0.040505166291586653 -0.10685918206534997 -0.31293180194255471 -0.009124857796342976 0.16224577237484517 0.067439317526244325 -0.12827004511390283 -0.15221752302112201 -0.10107886817912125
leaf_weight=27494 83 102 94 84 196 315 200 106 3015 104 719 208 99 573
leaf_count=27494 83 102 94 84 196 315 200 106 3015 104 719 208 99 573
internal_value=-1.63916e-05 -0.0146033 0.0474467 0.344119 -0.0302878 -0.115085 -0.299885 -0.00149802 -0.0199272 0.141119 -0.00251902 0.0230735 0.00891426 -0.0509092
internal_weight=33392 5898 1188 167 4710 1190 302 3520 3121 399 1021 927 203 888
internal_count=33392 5898 1188 167 4710 1190 302 3520 3121 399 1021 927 203 888
is_linear=0
shrinkage=0.05


Tree=274
num_leaves=15
num_cat=0
split_feature=2 14 1 1 14 5 13 5 13 6 4 4 1 3
split_gain=591.094 1324.72 4038.04 3050.94 2892.89 2731.62 2436.99 2334.42 2109.32 1822.98 1670.27 2220.18 1663.41 1557.05
threshold=2.5000000000000004 141.50000000000003 7.5000000000000009 16.500000000000004 130.50000000000003 152.50000000000003 160.50000000000003 158.50000000000003 172.50000000000003 105.50000000000001 3.5000000000000004 5.5000000000000009 13.500000000000002 5.5000000000000009
decision_type=2 2 2 2 2 2 2 2 2 2 2 2 2 2
left_child=-1 4 -3 8 -2 9 7 -5 10 -6 13 -12 -10 -4
right_child=1 2 3 6 5 -7 -8 -9 12 -11 11 -13 -14 -15
leaf_value=-0.0038602319729292771 0.016192756508301934 -0.33308865187238113 0.085068470823360609 -0.18519691866774535 0.22760599024155562 0.38428510040170161 -0.36483271463171524 0.066000443588147009 -0.017647524524090599 -0.087918286986649052 -0.043118598670528044 0.14467645786736968 -0.24355233131536461 0.32053126784808494
leaf_weight=25044 5762 94 448 189 80 99 80 173 368 95 568 212 100 80
leaf_count=25044 5762 94 448 189 80 99 80 173 368 95 568 212 100 80
internal_value=-1.92887e-05 0.011499 -0.0206531 -0.00669249 0.0238212 0.181076 -0.12347 -0.0658859 0.0226353 0.0586371 0.0551935 0.00851953 -0.0679821 0.123417
internal_weight=33392 8348 2312 2218 6036 274 442 362 1776 175 1308 780 468 528
internal_count=33392 8348 2312 2218 6036 274 442 362 1776 175 1308 780 468 528
is_linear=0
shrinkage=0.05


Tree=275
num_leaves=15
num_cat=0
split_feature=9 11 12 3 3 11 8 11 1 14 13 7 0 0
split_gain=596.829 1152.63 894.429 2115.17 21816.7 3443.52 3854.72 3094.93 2892.19 3603.5 2860.32 2067.21 2973.66 1970.03
threshold=192.50000000000003 190.50000000000003 159.50000000000003 5.5000000000000009 4.5000000000000009 155.50000000000003 152.50000000000003 170.50000000000003 15.500000000000002 153.50000000000003 128.50000000000003 120.50000000000001 4.5000000000000009 5.5000000000000009
decision_type=2 2 2 2 2 2 2 2 2 2 2 2 2 2
left_child=2 -2 -1 4 5 6 -4 8 -7 10 -10 -5 -13 -9
right_child=1 -3 3 11 -6 7 -8 13 9 -11 -12 12 -14 -15
leaf_value=-0.0024319232473138386 -0.16506071150202881 0.054853287394536598 -0.16283555348047027 0.33510038709397072 -0.77912164966849717 0.035897468269277581 0.18459976690148217 0.043769904434588836 0.13940747663060701 -0.013988005524964504 0.37567632830552095 0.24278918249887371 -0.13389661344034332 -0.076228317395226536
leaf_weight=29280 144 96 384 96 80 834 96 905 323 192 219 100 100 543
leaf_count=29280 144 96 384 96 80 834 96 905 323 192 219 100 100 543
internal_value=-1.85851e-05 -0.0777709 0.000555936 0.0231241 0.0123913 0.0315906 -0.0921618 0.0514058 0.0999615 0.172018 0.237435 0.150428 0.0557742 -0.00133689
internal_weight=33392 240 33152 3872 3576 3496 480 3016 1568 734 542 296 200 1448
internal_count=33392 240 33152 3872 3576 3496 480 3016 1568 734 542 296 200 1448
is_linear=0
shrinkage=0.05


Tree=276
num_leaves=15
num_cat=0
split_feature=14 5 7 1 13 5 10 12 11 11 3 1 9 9
split_gain=590.233 2827.17 10012.4 5762.44 3116.64 2126.79 12521.5 7300.71 4676.92 4331.24 3414.08 2877.82 2669.17 2620.06
threshold=22.500000000000004 163.50000000000003 162.50000000000003 12.500000000000002 180.50000000000003 84.500000000000014 109.50000000000001 70.500000000000014 105.50000000000001 86.500000000000014 2.5000000000000004 19.500000000000004 116.50000000000001 108.50000000000001
decision_type=2 2 2 2 2 2 2 2 2 2 2 2 2 2
left_child=1 4 -3 -4 5 6 8 -7 -1 -9 12 13 -11 -12
right_child=-2 2 3 -5 -6 7 -8 9 -10 10 11 -13 -14 -15
leaf_value=-0.017621495472995803 0.0036506613838560077 -0.61190053420988 -0.22345671354551017 0.25873000137815788 0.26472698887189233 0.44934034086409069 -0.49958901667772837 -0.26566150153277351 0.27684802903213362 0.076889571759464426 -0.004631811816175029 -0.048844131901829402 -0.15617983963670218 0.29411538268966175
leaf_weight=5897 25600 83 122 116 100 100 129 119 133 227 101 146 257 262
leaf_count=5897 25600 83 122 116 100 100 129 119 133 227 101 146 257 262
internal_value=-1.70681e-05 -0.0120617 -0.156196 0.0120466 -0.0057685 -0.00961519 -0.021535 0.0507973 -0.0109026 0.0131062 0.047677 0.137475 -0.0471999 0.212059
internal_weight=33392 7792 321 238 7471 7371 6159 1212 6030 1112 993 509 484 363
internal_count=33392 7792 321 238 7471 7371 6159 1212 6030 1112 993 509 484 363
is_linear=0
shrinkage=0.05


Tree=277
num_leaves=15
num_cat=0
split_feature=6 3 1 5 3 6 13 1 12 1 1 9 11 7
split_gain=605.457 3474.4 11086.7 34854.5 5975.04 23662.8 21947.2 5792.3 8925.7 6976.04 4232.49 3304.1 5476.25 5270.22
threshold=96.500000000000014 4.5000000000000009 7.5000000000000009 104.50000000000001 5.5000000000000009 168.50000000000003 146.50000000000003 11.500000000000002 113.50000000000001 13.500000000000002 19.500000000000004 100.50000000000001 71.500000000000014 84.500000000000014
decision_type=2 2 2 2 2 2 2 2 2 2 2 2 2 2
left_child=11 -2 -3 -4 5 6 -5 -6 -9 -10 -11 13 -13 -1
right_child=1 2 3 4 7 -7 -8 8 9 10 -12 12 -14 -15
leaf_value=0.0033912014086055434 0.0025381513102882467 0.046684336450959561 -0.92177073143146659 -0.45222981848161337 0.26063197200467603 -0.97373693837839026 0.43006694893848502 -0.54574402909725905 -0.34406805011933139 0.19564894970875391 -0.10499030789632867 0.43271239907803516 0.051689097291388646 -0.2627313357447742
leaf_weight=11872 17186 1260 130 138 164 80 134 80 113 308 183 96 1464 184
leaf_count=11872 17186 1260 130 138 164 80 134 80 113 308 183 96 1464 184
internal_value=-1.77386e-05 -0.0056038 -0.0595307 -0.159953 -0.0739408 -0.245538 -0.0176518 -0.00168995 -0.0660208 0.00147769 0.0836692 0.00809458 0.0764442 -0.000777624
internal_weight=33392 19776 2590 1330 1200 352 272 848 684 604 491 13616 1560 12056
internal_count=33392 19776 2590 1330 1200 352 272 848 684 604 491 13616 1560 12056
is_linear=0
shrinkage=0.05


Tree=278
num_leaves=15
num_cat=0
split_feature=14 6 8 4 3 1 13 5 5 9 4 10 12 5
split_gain=615.759 2175.2 2639.23 8014.64 9148.42 14943.7 6218.72 5505.24 2507.55 2432.45 2187.32 2030.85 2687.46 3209.59
threshold=156.50000000000003 20.500000000000004 108.50000000000001 2.5000000000000004 3.5000000000000004 12.500000000000002 22.500000000000004 25.500000000000004 113.50000000000001 107.50000000000001 3.5000000000000004 21.500000000000004 72.500000000000014 126.50000000000001
decision_type=2 2 2 2 2 2 2 2 2 2 2 2 2 2
left_child=-1 -2 3 4 9 -6 7 -5 -4 -3 -10 -8 -13 -14
right_child=1 2 8 6 5 -7 11 -9 10 -11 -12 12 13 -15
leaf_value=0.0031121558142713133 0.22525194184153632 0.20625693816034235 0.19486690264195206 0.5188906162303496 -0.94961776377943663 -0.12669243629244592 -0.2659167625459336 0.022619252600189713 0.027965851547132922 -0.16777026519346774 -0.043726969987296083 0.20840797314691978 -0.21038698536794984 0.024146108260808503
leaf_weight=27494 88 80 155 89 91 134 109 139 2192 84 2058 91 251 337
leaf_count=27494 88 80 155 89 91 134 109 139 2192 84 2058 91 251 337
internal_value=-3.31849e-05 -0.0146857 -0.0185104 -0.0780488 -0.269475 -0.472928 -0.00379584 0.223317 0.000546699 0.0153863 -0.00676093 -0.0705025 -0.037418 -0.076899
internal_weight=33392 5898 5810 1405 389 225 1016 228 4405 164 4250 788 679 588
internal_count=33392 5898 5810 1405 389 225 1016 228 4405 164 4250 788 679 588
is_linear=0
shrinkage=0.05


Tree=279
num_leaves=15
num_cat=0
split_feature=1 1 14 2 3 13 3 3 5 8 14 11 4 14
split_gain=570.534 6173.99 3995.35 2936.32 3312.92 3174.53 2880.61 6878.1 29553.9 4133.78 4771.86 8338.14 2494.95 9251.39
threshold=5.5000000000000009 4.5000000000000009 119.50000000000001 1.0000000180025095e-35 4.5000000000000009 78.500000000000014 4.5000000000000009 5.5000000000000009 48.000000000000007 25.500000000000004 26.500000000000004 20.500000000000004 1.5000000000000002 72.500000000000014
decision_type=2 2 2 2 2 2 2 2 2 2 2 2 2 2
left_child=1 2 6 -3 5 -5 9 8 -8 10 11 -1 13 -11
right_child=-2 3 -4 4 -6 -7 7 -9 -10 12 -12 -13 -14 -15
leaf_value=0.43435849301855678 0.0037389425120454623 0.018334903458275809 -0.20129085623688692 -0.29437005433491659 -0.0084833554047175127 -0.084487220629225854 0.90460439431361661 -0.028193205111734305 0.058443038210639231 -0.54167745808078038 -0.25305566896393072 -0.085103584063932008 0.030544741816521878 0.055886636379006677
leaf_weight=83 25046 348 216 424 300 320 112 986 882 86 321 628 3418 222
leaf_count=83 25046 348 216 424 300 320 112 986 882 86 321 628 3418 222
internal_value=-3.40153e-05 -0.011352 0.00791178 -0.107272 -0.149028 -0.205264 0.0147625 0.0653593 0.157836 -0.00633947 -0.0946414 -0.0218534 0.0182118 -0.116953
internal_weight=33392 8346 6954 1392 1044 744 6738 1980 994 4758 1032 711 3726 308
internal_count=33392 8346 6954 1392 1044 744 6738 1980 994 4758 1032 711 3726 308
is_linear=0
shrinkage=0.05


Tree=280
num_leaves=15
num_cat=0
split_feature=10 9 7 1 10 6 8 8 14 3 13 11 6 9
split_gain=578.069 4240.73 10855.9 4761.13 3832.18 4882.77 3641.95 4813.89 3559.41 3385.89 15116.1 13005.6 3857.9 3292.78
threshold=162.50000000000003 152.50000000000003 94.500000000000014 15.500000000000002 130.50000000000003 107.50000000000001 153.50000000000003 125.50000000000001 179.50000000000003 4.5000000000000009 101.50000000000001 168.50000000000003 159.50000000000003 142.50000000000003
decision_type=2 2 2 2 2 2 2 2 2 2 2 2 2 2
left_child=1 4 -3 -4 -1 13 7 -5 9 -2 12 -12 -11 -6
right_child=8 2 3 6 5 -7 -8 -9 -10 10 11 -13 -14 -15
leaf_value=0.0038555073804927816 -0.011688183071775292 0.49306950635468283 -0.079570375613245939 -0.021832174574115754 -0.42828520495999367 -0.036915106156291615 -0.00083149181012887258 0.2305325170912815 0.13442071543926781 0.30923650384777124 -0.090977679430083794 -0.89464231898086233 -0.052156826215697095 -0.068553690797090533
leaf_weight=22688 4723 136 597 272 136 2528 683 608 369 103 105 94 230 120
leaf_count=22688 4723 136 597 272 136 2528 683 608 369 103 105 94 230 120
internal_value=-3.22454e-05 0.00292903 0.0679349 0.0400903 -0.00294267 -0.0582515 0.0859036 0.152846 -0.0146429 -0.0252278 -0.144202 -0.483221 0.0625464 -0.264205
internal_weight=33392 27768 2296 2160 25472 2784 1563 880 5624 5255 532 199 333 256
internal_count=33392 27768 2296 2160 25472 2784 1563 880 5624 5255 532 199 333 256
is_linear=0
shrinkage=0.05


Tree=281
num_leaves=15
num_cat=0
split_feature=14 6 7 3 13 12 5 4 12 9 9 7 8 11
split_gain=584.568 2142.44 2667.17 9973.61 12986.1 8696.08 7005.41 12720 5422.76 2404.19 2918.44 2590.52 4077.31 1965.73
threshold=156.50000000000003 165.50000000000003 25.500000000000004 3.5000000000000004 159.50000000000003 21.500000000000004 103.50000000000001 3.5000000000000004 23.500000000000004 118.50000000000001 170.50000000000003 148.50000000000003 112.50000000000001 82.500000000000014
decision_type=2 2 2 2 2 2 2 2 2 2 2 2 2 2
left_child=-1 2 3 4 -2 -5 7 -4 -7 11 -11 12 -8 -14
right_child=1 -3 6 5 -6 8 9 -9 -10 10 -12 -13 13 -15
leaf_value=0.0030301611118831338 0.81489334394388335 0.023781210568160297 -0.76041305068259435 -0.42105624577045209 -0.028243897189114932 0.39577774537106358 -0.011122819360681491 -0.044269679034394882 -0.14446613520729482 -0.098529240804374196 0.030496322504427444 -0.2165154997302198 0.07984564139327982 0.37188301028129256
leaf_weight=27494 80 2268 91 122 98 85 483 177 92 1463 622 82 109 126
leaf_count=27494 80 2268 91 122 98 85 483 177 92 1463 622 82 109 126
internal_value=-3.4483e-05 -0.014311 -0.0381108 0.0715549 0.362606 -0.104827 -0.0547885 -0.296911 0.118719 -0.031822 -0.0600573 0.0416824 0.0724635 0.240913
internal_weight=33392 5898 3630 477 178 299 3153 268 177 2885 2085 800 718 235
internal_count=33392 5898 3630 477 178 299 3153 268 177 2885 2085 800 718 235
is_linear=0
shrinkage=0.05


Tree=282
num_leaves=15
num_cat=0
split_feature=6 6 9 13 3 3 9 5 7 14 10 6 12 14
split_gain=578.771 2434.73 2851.39 2939.19 2240.05 6878.11 2855.99 2356.51 3857.87 2002.94 1684.28 1633.91 6970.92 1481.63
threshold=179.50000000000003 176.50000000000003 171.50000000000003 140.50000000000003 5.5000000000000009 3.5000000000000004 166.50000000000003 176.50000000000003 176.50000000000003 144.50000000000003 173.50000000000003 174.50000000000003 164.50000000000003 170.50000000000003
decision_type=2 2 2 2 2 2 2 2 2 2 2 2 2 2
left_child=1 11 9 10 5 7 -6 8 -2 -3 -4 13 -13 -1
right_child=4 2 3 -5 6 -7 -8 -9 -10 -11 -12 12 -14 -15
leaf_value=0.0029177202147287495 -0.065922386059139526 0.33918422528288583 -0.28402988220920267 0.13462033641605992 0.30750339440632574 -0.38781999050514071 -0.06329343778021429 -0.056469814342974073 0.35778721503839633 0.092319204043861819 -0.0010964241561790308 -0.4192032054476782 0.14780297625891078 -0.041597988961486476
leaf_weight=29200 112 138 92 201 96 136 104 696 96 206 115 104 104 1992
leaf_count=29200 112 138 92 201 96 136 104 696 96 206 115 104 104 1992
internal_value=-3.27959e-05 0.00126225 0.0898706 0.000119418 -0.0334823 -0.063009 0.117848 -0.0122792 0.133444 0.194793 -0.130578 -0.000873803 -0.138886 6.86231e-05
internal_weight=33392 32152 752 408 1240 1040 200 904 208 344 207 31400 208 31192
internal_count=33392 32152 752 408 1240 1040 200 904 208 344 207 31400 208 31192
is_linear=0
shrinkage=0.05


Tree=283
num_leaves=15
num_cat=0
split_feature=1 1 14 2 3 13 14 9 3 5 13 6 14 10
split_gain=553.81 5591.29 3618.23 2653.49 2993.61 2867.74 2644.98 3258.07 3097.12 4472.46 2630.26 2883.59 3906.13 3107.65
threshold=5.5000000000000009 4.5000000000000009 119.50000000000001 1.0000000180025095e-35 4.5000000000000009 78.500000000000014 107.50000000000001 120.50000000000001 4.5000000000000009 67.500000000000014 75.500000000000014 105.50000000000001 92.500000000000014 113.50000000000001
decision_type=2 2 2 2 2 2 2 2 2 2 2 2 2 2
left_child=1 2 6 -3 5 -5 10 8 -8 -10 -1 13 -13 -12
right_child=-2 3 -4 4 -6 -7 7 -9 9 -11 11 12 -14 -15
leaf_value=-0.0358018572359503 0.0036865599824681379 0.016947917805103421 -0.19193309710289425 -0.28030755229659016 -0.0085482748367319821 -0.080810478886732692 0.0067712974939421718 0.35502524415614328 0.49614941169422161 0.068045448053076316 0.015340866518186461 0.25307946773850687 0.02491737602204161 -0.27070767425559467
leaf_weight=2746 25046 348 216 424 300 320 849 94 82 211 1875 303 483 95
leaf_count=2746 25046 348 216 424 300 320 849 94 82 211 1875 303 483 95
internal_value=-3.06867e-05 -0.0111815 0.0071509 -0.102462 -0.142157 -0.195615 0.0136705 0.0796076 0.0554887 0.194171 -0.00120078 0.0332772 0.113917 0.000896234
internal_weight=33392 8346 6954 1392 1044 744 6738 1236 1142 293 5502 2756 786 1970
internal_count=33392 8346 6954 1392 1044 744 6738 1236 1142 293 5502 2756 786 1970
is_linear=0
shrinkage=0.05


Tree=284
num_leaves=15
num_cat=0
split_feature=2 1 1 14 13 13 14 14 12 9 14 14 1 5
split_gain=555.107 1314.97 4052.9 1615.81 1420.96 1488.01 1237.72 3533.31 5719.23 2422.12 2500.58 3683.6 2062.9 2020.28
threshold=2.5000000000000004 1.0000000180025095e-35 1.5000000000000002 58.500000000000007 104.50000000000001 113.50000000000001 93.500000000000014 55.000000000000007 103.50000000000001 104.50000000000001 170.50000000000003 158.50000000000003 22.500000000000004 89.500000000000014
decision_type=2 2 2 2 2 2 2 2 2 2 2 2 2 2
left_child=-1 3 4 -2 -3 -6 7 -4 -9 10 11 -8 -11 -12
right_child=1 2 6 -5 5 -7 9 8 -10 12 13 -13 -14 -15
leaf_value=-0.0037485512487274823 -0.21451049974148578 0.28140250327497046 0.013285991268411821 0.0040144094507451418 -0.057497725562390058 0.22705272893881664 -0.07939928171474335 0.41698606065255683 0.0031239718761748806 0.021330282330027452 -0.42075265623190827 0.18795721097941825 -0.15057692607338338 -0.065769405855852017
leaf_weight=25044 136 172 2566 211 94 82 878 144 190 3390 80 146 179 80
leaf_count=25044 136 172 2566 211 94 82 878 144 190 3390 80 146 179 80
internal_value=-2.63688e-05 0.0111357 0.015288 -0.0834627 0.180934 0.0776868 0.00764248 0.0333557 0.185074 -0.00806479 -0.0698759 -0.040552 0.0125098 -0.250633
internal_weight=33392 8348 8001 347 348 176 7653 2900 334 4753 1184 1024 3569 160
internal_count=33392 8348 8001 347 348 176 7653 2900 334 4753 1184 1024 3569 160
is_linear=0
shrinkage=0.05


Tree=285
num_leaves=15
num_cat=0
split_feature=6 5 10 11 13 4 7 7 8 14 1 1 7 7
split_gain=553.649 3328.18 11544.5 3313.21 7447.94 10670.7 10116 4103.45 5359.71 3526.27 3474.03 14267.6 15091.6 30423.6
threshold=96.500000000000014 77.500000000000014 108.50000000000001 108.50000000000001 86.500000000000014 2.5000000000000004 22.500000000000004 98.500000000000014 100.50000000000001 58.500000000000007 7.5000000000000009 8.5000000000000018 25.500000000000004 22.500000000000004
decision_type=2 2 2 2 2 2 2 2 2 2 2 2 2 2
left_child=3 2 -2 7 5 -5 -6 8 10 -9 -1 12 13 -12
right_child=1 -3 -4 4 6 -7 -8 9 -10 -11 11 -13 -14 -15
leaf_value=-0.038712228986717251 0.14191562673833188 -0.0032249547608495972 -0.59027761096356091 0.69675323174406711 -0.46960700727254157 0.10856850046274689 0.05497781160029086 0.41212209083691792 -0.40147105669274047 0.044808175825867158 0.18216451345218554 -0.0015668672232384236 -0.040547409467399126 1.3013389601426966
leaf_weight=4289 112 19568 96 99 95 308 1130 103 80 169 220 6816 227 80
leaf_count=4289 112 19568 96 99 95 308 1130 103 80 169 220 6816 227 80
internal_value=-2.38307e-05 -0.00536555 -0.201943 0.00773365 0.0744553 0.25836 0.0125521 -0.00137987 -0.005876 0.18883 -0.00298394 0.0178969 0.267282 0.497052
internal_weight=33392 19776 208 13616 1632 407 1225 11984 11712 272 11632 7343 527 300
internal_count=33392 19776 208 13616 1632 407 1225 11984 11712 272 11632 7343 527 300
is_linear=0
shrinkage=0.05


Tree=286
num_leaves=15
num_cat=0
split_feature=10 9 7 1 10 6 14 9 7 4 5 14 14 12
split_gain=556.496 3823.83 9779.33 4315.7 3454.65 4449.58 3249.69 3243.54 5592.08 12626.9 6854.59 5296.8 3804.67 4647.12
threshold=162.50000000000003 152.50000000000003 94.500000000000014 12.500000000000002 130.50000000000003 107.50000000000001 179.50000000000003 122.50000000000001 153.50000000000003 1.5000000000000002 149.50000000000003 167.50000000000003 117.50000000000001 104.50000000000001
decision_type=2 2 2 2 2 2 2 2 2 2 2 2 2 2
left_child=1 4 -3 -4 7 -6 -2 8 10 -10 -1 -12 -9 -14
right_child=6 2 3 -5 5 -7 -8 12 9 -11 11 -13 13 -15
leaf_value=-0.00084392418943940927 -0.024461217054852883 0.4681258975085637 -0.094071623559832077 0.075746687246857916 -0.25180008311852298 -0.034829141110540023 0.12808382532902979 0.14992483610385282 -0.60020789092206395 -0.028012002179169018 0.37875199504896234 0.007839498458975587 -0.22688838970523492 0.074684231662810852
leaf_weight=20384 5255 136 476 1684 256 2528 369 784 120 424 208 176 179 413
leaf_count=20384 5255 136 476 1684 256 2528 369 784 120 424 208 176 179 413
internal_value=-1.21799e-05 0.00289331 0.0646212 0.0381929 -0.00268232 -0.0551961 -0.0143476 0.00377228 -0.00103939 -0.158549 0.00312359 0.211036 0.0780313 -0.0176373
internal_weight=33392 27768 2296 2160 25472 2784 5624 22688 21312 544 20768 384 1376 592
internal_count=33392 27768 2296 2160 25472 2784 5624 22688 21312 544 20768 384 1376 592
is_linear=0
shrinkage=0.05


Tree=287
num_leaves=15
num_cat=0
split_feature=13 10 9 1 1 6 3 4 14 1 8 14 4 8
split_gain=542.038 647.939 3972.88 13859.8 21862.6 3964.55 2766.69 13954.7 26011.8 12986.2 11438.2 6749.59 25435.3 11265.1
threshold=19.500000000000004 23.500000000000004 24.500000000000004 9.5000000000000018 4.5000000000000009 66.500000000000014 4.5000000000000009 1.5000000000000002 27.500000000000004 13.500000000000002 20.500000000000004 43.500000000000007 3.5000000000000004 22.500000000000004
decision_type=2 2 2 2 2 2 2 2 2 2 2 2 2 2
left_child=-1 2 5 4 -4 6 10 8 -8 -10 -2 -9 13 -13
right_child=1 -3 3 -5 -6 -7 7 11 9 -11 -12 12 -14 -15
leaf_value=-0.10478004128104304 0.31218484679262759 -0.003697128938346261 0.055767613968009472 -0.079261663353901002 1.031890062817737 0.25869991158278999 1.0270299768939462 -0.01768505381394438 -0.43789963102203677 0.41877841053013176 -0.064173127718753747 0.90013139480251381 -0.23122735402948869 0.14543414606435343
leaf_weight=118 212 24818 154 311 87 144 92 4006 82 85 2903 113 178 89
leaf_count=118 212 24818 154 311 87 144 92 4006 82 85 2903 113 178 89
internal_value=-1.14061e-05 0.000375823 0.0123249 0.14139 0.421955 0.00322754 -0.00167671 0.0227638 0.375813 -0.00236751 -0.0380998 0.00151149 0.201485 0.579161
internal_weight=33392 33274 8456 552 241 7904 7760 4645 259 167 3115 4386 380 202
internal_count=33392 33274 8456 552 241 7904 7760 4645 259 167 3115 4386 380 202
is_linear=0
shrinkage=0.05


Tree=288
num_leaves=15
num_cat=0
split_feature=5 6 6 8 0 13 3 3 5 7 11 14 7 6
split_gain=536.541 913.134 2262.05 2741.96 2946.93 2297.8 2098.28 6498.48 2543.86 3525.35 2294.74 1462.74 1424.28 1559.87
threshold=198.50000000000003 179.50000000000003 176.50000000000003 150.50000000000003 4.5000000000000009 105.50000000000001 5.5000000000000009 3.5000000000000004 176.50000000000003 176.50000000000003 173.50000000000003 124.50000000000001 184.50000000000003 174.50000000000003
decision_type=2 2 2 2 2 2 2 2 2 2 2 2 2 2
left_child=1 2 12 4 -4 -5 7 8 9 -3 -8 -7 13 -1
right_child=-2 6 3 5 -6 11 10 -9 -10 -11 -12 -13 -14 -15
leaf_value=0.0005382805694720236 0.10689819769726859 -0.062693320100124059 0.12120134446394536 -0.01793216364809044 -0.21703490270662679 0.39977169470353563 0.27093542491888056 -0.39816894671438557 -0.072382000237913288 0.34235388210946971 -0.083486173109096645 0.1591477076624308 -0.20526153930846386 -0.1466701725641914
leaf_weight=31144 112 112 124 141 124 83 96 128 616 96 80 280 80 176
leaf_count=31144 112 112 124 141 124 83 96 128 616 96 80 280 80 176
internal_value=1.32025e-05 -0.000362511 0.00119193 0.0866002 -0.0488638 0.153082 -0.0444792 -0.0738381 -0.021359 0.1279 0.111979 0.218851 -0.000866984 -0.000312223
internal_weight=33392 33280 32152 752 248 504 1128 952 824 208 176 363 31400 31320
internal_count=33392 33280 32152 752 248 504 1128 952 824 208 176 363 31400 31320
is_linear=0
shrinkage=0.05


Tree=289
num_leaves=15
num_cat=0
split_feature=0 9 5 10 3 5 14 1 3 5 14 8 5 11
split_gain=523.711 2611.92 2948.52 1353.84 1860.36 1298.5 2223.78 1956.27 1515.52 2085.7 2399.88 2133.47 2302.95 1528.88
threshold=1.5000000000000002 183.50000000000003 177.50000000000003 168.50000000000003 2.5000000000000004 155.50000000000003 158.50000000000003 10.500000000000002 4.5000000000000009 114.50000000000001 82.500000000000014 102.50000000000001 101.50000000000001 122.50000000000001
decision_type=2 2 2 2 2 2 2 2 2 2 2 2 2 2
left_child=1 2 3 5 -5 6 8 -7 9 10 -1 12 -12 -11
right_child=-2 -3 -4 4 -6 7 -8 -9 -10 13 11 -13 -14 -15
leaf_value=-0.00088078105477514164 0.0023815902975134673 -0.24743944790934314 0.18527828666003976 -0.018182185887480561 -0.2725470674432014 -0.10472772459992592 -0.21159270659697299 0.13271274478774678 0.035165895987950023 0.14087009617970103 -0.17070620429895977 -0.24735757409963971 0.048808357373707825 -0.025234986286063077
leaf_weight=634 29218 114 180 179 116 114 142 321 1073 226 252 260 220 343
leaf_count=634 29218 114 180 179 116 114 142 321 1073 226 252 260 220 343
internal_value=1.40185e-05 -0.016542 -0.0097623 -0.0190374 -0.121079 -0.0104837 -0.021692 0.070004 -0.012391 -0.038785 -0.0722117 -0.133568 -0.068951 0.0413924
internal_weight=33392 4174 4060 3880 295 3585 3150 435 3008 1935 1366 732 472 569
internal_count=33392 4174 4060 3880 295 3585 3150 435 3008 1935 1366 732 472 569
is_linear=0
shrinkage=0.05


Tree=290
num_leaves=15
num_cat=0
split_feature=12 12 8 5 8 11 0 0 5 0 6 5 3 14
split_gain=524.05 1104.98 2839.74 1342.56 888.594 1094.94 1130.05 887.853 748.519 1600.51 1304.78 3454.82 6972.73 4434.6
threshold=179.50000000000003 176.50000000000003 150.50000000000003 176.50000000000003 141.50000000000003 184.50000000000003 4.5000000000000009 4.5000000000000009 191.50000000000003 4.5000000000000009 178.50000000000003 173.50000000000003 1.5000000000000002 92.500000000000014
decision_type=2 2 2 2 2 2 2 2 2 2 2 2 2 2
left_child=1 8 -3 -4 7 6 -6 -2 10 -10 -1 12 -12 -13
right_child=4 2 3 -5 5 -7 -8 -9 9 -11 11 13 -14 -15
leaf_value=0.00095965054134689769 0.18242709399944934 0.12840728807433319 -0.35849177900482632 -0.085015975649750566 0.14886917251239259 -0.13760253864252925 -0.057631758386461777 0.018494188532056893 0.2090400518835053 -0.041144757983527444 0.043363871794735269 0.32525843274727295 -0.51661123126198394 -0.053581484385535255
leaf_weight=31296 164 88 80 104 128 112 128 164 124 124 112 84 104 580
leaf_count=31296 164 88 80 104 128 112 128 164 124 124 112 84 104 580
internal_value=7.67753e-06 -0.00090928 -0.100349 -0.210257 0.0427828 -0.0106298 0.0464926 0.101969 -5.97522e-05 0.0856067 -0.000733234 -0.0606036 -0.231842 -0.00358321
internal_weight=33392 32696 272 184 696 368 256 328 32424 248 32176 880 216 664
internal_count=33392 32696 272 184 696 368 256 328 32424 248 32176 880 216 664
is_linear=0
shrinkage=0.05


Tree=291
num_leaves=15
num_cat=0
split_feature=14 6 6 11 8 12 5 13 10 7 13 8 14 5
split_gain=514.682 2132.72 2455.07 1701.84 2823.09 2308.2 3026.43 1633.02 5002.12 5462.9 3738.76 3966.54 3243.82 2878.14
threshold=156.50000000000003 165.50000000000003 20.500000000000004 101.50000000000001 150.50000000000003 139.50000000000003 183.50000000000003 24.500000000000004 23.500000000000004 23.500000000000004 137.50000000000003 22.500000000000004 170.50000000000003 105.50000000000001
decision_type=2 2 2 2 2 2 2 2 2 2 2 2 2 2
left_child=-1 2 -2 4 -3 6 -5 8 9 -4 -9 12 -12 -10
right_child=1 3 7 5 -6 -7 -8 10 13 -11 11 -13 -14 -15
leaf_value=0.002881463085799129 0.21665162538648933 0.14737393225508708 0.53757872713166621 0.18252616709334746 -0.15378728283813606 -0.00095939145940510898 -0.029173121679617737 -0.29458589960015352 -0.32079448764815055 0.0033252959494042191 -0.075097437676425294 -0.029991496402676954 -0.49776531890911219 -0.0078220996186545069
leaf_weight=27494 88 103 81 499 277 1137 252 158 80 108 102 2390 80 543
leaf_count=27494 88 103 81 499 277 1137 252 158 80 108 102 2390 80 543
internal_value=5.84693e-06 -0.0133902 -0.0371363 0.0246144 -0.0713029 0.0440571 0.111767 -0.0437381 0.0184253 0.240245 -0.0622276 -0.0474098 -0.269227 -0.0502453
internal_weight=33392 5898 3630 2268 380 1888 751 3542 812 189 2730 2572 182 623
internal_count=33392 5898 3630 2268 380 1888 751 3542 812 189 2730 2572 182 623
is_linear=0
shrinkage=0.05


Tree=292
num_leaves=15
num_cat=0
split_feature=12 0 14 12 7 3 8 6 7 10 3 14 9 5
split_gain=520.255 2130.24 2638.5 2452.44 3962 2816.38 2685.9 5519.59 2632.4 2323.07 2298.46 2327.42 2557.37 2289.5
threshold=159.50000000000003 4.5000000000000009 100.50000000000001 163.50000000000003 108.50000000000001 4.5000000000000009 126.50000000000001 153.50000000000003 181.50000000000003 172.50000000000003 4.5000000000000009 149.50000000000003 171.50000000000003 168.50000000000003
decision_type=2 2 2 2 2 2 2 2 2 2 2 2 2 2
left_child=-1 2 -2 4 -3 6 7 -5 9 -8 11 -4 -13 -14
right_child=1 3 10 5 -6 -7 8 -9 -10 -11 -12 12 13 -15
leaf_value=-0.002313142405093613 0.24670261339640912 0.30295847878124277 0.14239408225503444 -0.034522381224821513 -0.015551931999995145 -0.239419863347201 0.12683221253461802 -0.47095808197734179 -0.23956293536747775 -0.03346277221208014 -0.15528838206467957 -0.055441477739636161 0.19030001345931347 -0.0051184370584950465
leaf_weight=29352 157 136 500 332 316 168 440 88 84 456 140 628 283 312
leaf_count=29352 157 136 500 332 316 168 440 88 84 456 140 628 283 312
internal_value=3.16172e-06 0.016814 0.0530605 -0.019474 0.0825492 -0.0490527 -0.0254379 -0.130431 0.0199928 0.0455205 0.0361251 0.0520824 0.0147308 0.0886398
internal_weight=33392 4040 2020 2020 452 1568 1400 420 980 896 1863 1723 1223 595
internal_count=33392 4040 2020 2020 452 1568 1400 420 980 896 1863 1723 1223 595
is_linear=0
shrinkage=0.05


Tree=293
num_leaves=15
num_cat=0
split_feature=14 6 8 13 4 6 1 9 12 11 13 11 9 8
split_gain=524.584 2804.9 8255.24 2808.33 2397.02 7963.04 18699.1 43351.2 7081.11 5978.06 5057.32 3491.25 5150.53 3420.33
threshold=22.500000000000004 167.50000000000003 166.50000000000003 180.50000000000003 1.5000000000000002 23.500000000000004 13.500000000000002 21.500000000000004 23.500000000000004 87.500000000000014 28.500000000000004 103.50000000000001 113.50000000000001 105.50000000000001
decision_type=2 2 2 2 2 2 2 2 2 2 2 2 2 2
left_child=1 3 -3 -1 5 6 10 -8 -7 13 -2 12 -11 -10
right_child=4 2 -4 -5 -6 8 7 -9 9 11 -12 -13 -14 -15
leaf_value=-0.0096012812758156652 0.19642757904262118 -0.44291075549241327 0.13404821122749749 0.24720866862270566 -0.0022048934988563025 -0.3818345664589255 0.034286491941826744 1.4299362660560293 0.056540827140325815 0.049934267625212671 -0.23252610640215529 0.018025611136077684 -0.47962947552816737 0.41642658607317851
leaf_weight=7448 112 129 112 103 22518 106 152 83 126 92 162 2026 85 138
leaf_count=7448 112 129 112 103 22518 106 152 83 126 92 162 2026 85 138
internal_value=1.18898e-06 -0.0113539 -0.177506 -0.00593698 0.00345893 0.044777 0.22445 0.546739 0.00886703 0.0263927 -0.0568094 -0.000775821 -0.210566 0.248907
internal_weight=33392 7792 241 7551 25600 3082 509 235 2573 2467 274 2203 177 264
internal_count=33392 7792 241 7551 25600 3082 509 235 2573 2467 274 2203 177 264
is_linear=0
shrinkage=0.05


Tree=294
num_leaves=15
num_cat=0
split_feature=1 5 13 14 12 11 10 10 1 7 11 11 9 5
split_gain=513.921 3136.71 2737.42 1800.62 1684.58 1575.1 1644.48 2966.96 1475.03 4928.43 4124.5 9205.38 5146.45 6416.59
threshold=19.500000000000004 159.50000000000003 119.50000000000001 135.50000000000003 176.50000000000003 155.50000000000003 148.50000000000003 157.50000000000003 17.500000000000004 162.50000000000003 162.50000000000003 159.50000000000003 169.50000000000003 144.50000000000003
decision_type=2 2 2 2 2 2 2 2 2 2 2 2 2 2
left_child=8 3 -3 4 5 6 -2 -8 -1 10 11 12 13 -10
right_child=1 2 -4 -5 -6 -7 7 -9 9 -11 -12 -13 -14 -15
leaf_value=-0.0010587897581573879 0.00028723281780308529 -0.038241252271863813 -0.42243495389472607 -0.19671577502225268 -0.19692584306873176 0.08776648474965415 -0.28504808554032318 0.040416958201544506 -0.036703591703013218 0.20965200496883935 0.14520612685830525 -0.48993730521901996 -0.37080482696664746 0.17244074370967019
leaf_weight=25050 4403 103 81 117 104 477 137 136 1282 356 462 94 82 508
leaf_count=25050 4403 103 81 117 104 477 137 136 1282 356 462 94 82 508
internal_value=8.87061e-06 -0.0138652 -0.214071 -0.00681776 -0.00240847 0.00170445 -0.00715914 -0.125101 0.00278129 0.0372737 0.0116202 -0.0200605 0.004776 0.0229663
internal_weight=33392 5558 184 5374 5257 5153 4676 273 27834 2784 2428 1966 1872 1790
internal_count=33392 5558 184 5374 5257 5153 4676 273 27834 2784 2428 1966 1872 1790
is_linear=0
shrinkage=0.05


Tree=295
num_leaves=15
num_cat=0
split_feature=12 12 5 8 11 0 10 10 14 7 14 4 7 13
split_gain=509.711 985.635 2570 769.207 972.194 981.169 730.705 1120.66 1358.54 1949.96 1198.69 3343.44 7475.64 3424.15
threshold=179.50000000000003 176.50000000000003 167.50000000000003 141.50000000000003 184.50000000000003 4.5000000000000009 190.50000000000003 182.50000000000003 153.50000000000003 171.50000000000003 182.50000000000003 2.5000000000000004 121.50000000000001 175.50000000000003
decision_type=2 2 2 2 2 2 2 2 2 2 2 2 2 2
left_child=1 6 -3 -2 5 -5 7 10 -9 -10 -1 12 -12 -13
right_child=3 2 -4 4 -6 -7 -8 8 9 -11 11 13 -14 -15
leaf_value=0.0013802120370765151 0.09724786262539728 -0.25345350869448113 0.049956194762040509 0.1416144737077499 -0.12721204050203674 -0.050853349573742185 0.07641755139702347 -0.22629456260849623 0.15753276126216287 -0.15709440992477369 -0.58831052508118542 0.1127214366849163 0.012132468481582625 -0.24697412211045791
leaf_weight=31260 328 128 144 128 112 128 304 116 87 101 81 262 130 83
leaf_count=31260 328 128 144 128 112 128 304 116 87 101 81 262 130 83
internal_value=-1.91899e-06 -0.000906243 -0.0948225 0.042184 -0.00754043 0.0462499 -0.000103895 -0.000839914 -0.0956008 -0.0111865 8.04e-05 -0.0723599 -0.226652 0.023894
internal_weight=33392 32696 272 696 368 256 32424 32120 304 188 31816 556 211 345
internal_count=33392 32696 272 696 368 256 32424 32120 304 188 31816 556 211 345
is_linear=0
shrinkage=0.05


Tree=296
num_leaves=15
num_cat=0
split_feature=0 9 5 14 5 13 5 8 8 1 6 14 14 6
split_gain=509.134 2377.68 2649.68 1052.11 1759.82 1446.74 965.233 2483.39 2464.18 3417.66 2463.13 2028.36 1438.32 1779.84
threshold=1.5000000000000002 183.50000000000003 181.50000000000003 158.50000000000003 128.50000000000003 156.50000000000003 121.50000000000001 106.50000000000001 139.50000000000003 18.500000000000004 152.50000000000003 89.500000000000014 133.50000000000003 158.50000000000003
decision_type=2 2 2 2 2 2 2 2 2 2 2 2 2 2
left_child=1 2 3 6 -5 -6 7 -1 10 12 -8 -9 13 -10
right_child=-2 -3 -4 4 5 -7 8 11 9 -11 -12 -13 -14 -15
leaf_value=-8.0277538826754091e-07 0.0023250747653914628 -0.23663477570820257 0.22261724736259769 -0.28369936598965556 0.073859753445634307 -0.13358018343133968 0.062689000578357454 0.0042784297327303515 -0.22937365079873262 0.19928218304149567 0.36529217501678929 -0.20454385406092596 -0.25785494605514492 0.027582779812704152
leaf_weight=2117 29218 114 114 88 154 174 298 188 89 119 83 299 102 235
leaf_count=2117 29218 114 114 88 154 174 298 188 89 119 83 299 102 235
internal_value=-9.3177e-06 -0.0163333 -0.00986404 -0.0168536 -0.0915705 -0.036538 -0.00793142 -0.0235176 0.0357892 -0.0324014 0.132488 -0.124706 -0.0986815 -0.0454142
internal_weight=33392 4174 4060 3946 416 328 3530 2604 926 545 381 487 426 324
internal_count=33392 4174 4060 3946 416 328 3530 2604 926 545 381 487 426 324
is_linear=0
shrinkage=0.05


Tree=297
num_leaves=15
num_cat=0
split_feature=7 6 14 5 9 3 7 14 7 14 1 0 13 11
split_gain=503.509 664.922 4678.14 2888.58 2621.01 2833.23 862.731 2678.66 1846.01 10670.1 11303.9 4884.95 11089.8 16001.9
threshold=19.500000000000004 20.500000000000004 126.50000000000001 21.500000000000004 20.500000000000004 1.5000000000000002 21.500000000000004 168.50000000000003 24.500000000000004 144.50000000000003 11.500000000000002 4.5000000000000009 155.50000000000003 23.500000000000004
decision_type=2 2 2 2 2 2 2 2 2 2 2 2 2 2
left_child=-1 2 3 -2 5 -3 7 -6 9 11 -11 -8 -13 -14
right_child=1 4 -4 -5 6 -7 8 -9 -10 10 -12 12 13 -15
leaf_value=-0.078131302991859261 -0.025763125672989176 -0.35590138043843067 0.30759259613217615 0.27080674206838012 -0.017054499269865766 -0.04910502593715986 -0.034834211385846518 -0.2917618021571442 -0.0023812835467253209 0.79684475969887625 0.025680734489399656 0.037094048578336168 0.92467690243078826 -0.049456002387930367
leaf_weight=200 931 97 136 85 2537 295 2309 87 24256 87 99 2110 83 80
leaf_count=200 931 97 136 85 2537 295 2309 87 24256 87 99 2110 83 80
internal_value=-1.17544e-05 0.000470656 0.0377086 0.000253008 -0.000873912 -0.128548 0.000727543 -0.0267001 0.00321139 0.0316354 0.397804 0.0163539 0.0683151 0.459332
internal_weight=33392 33192 1152 1016 32040 392 31648 2624 29024 4768 186 4582 2273 163
internal_count=33392 33192 1152 1016 32040 392 31648 2624 29024 4768 186 4582 2273 163
is_linear=0
shrinkage=0.05


Tree=298
num_leaves=15
num_cat=0
split_feature=13 10 9 1 1 6 8 0 9 7 13 7 14 1
split_gain=517.13 581.501 3472.1 12262.5 19192.7 3651.58 2545.91 5677.73 11539.3 5219.61 4663.73 2394.51 3856.07 8078.44
threshold=19.500000000000004 23.500000000000004 24.500000000000004 9.5000000000000018 4.5000000000000009 66.500000000000014 23.500000000000004 4.5000000000000009 59.500000000000007 22.500000000000004 149.50000000000003 24.500000000000004 134.50000000000003 10.500000000000002
decision_type=2 2 2 2 2 2 2 2 2 2 2 2 2 2
left_child=-1 2 5 4 -4 11 7 8 -3 -8 -9 12 -2 -14
right_child=1 6 3 -5 -6 -7 9 10 -10 -11 -12 -13 13 -15
leaf_value=-0.10233333805420747 0.0007774117094135999 -0.09006271258450281 0.053129461257712653 -0.075184228710676967 0.96774254567597229 0.24837458755745986 0.35954491629975266 -0.027303432661590896 -0.69220227839672432 -0.00068462478465379072 0.26885483525466264 -0.062590773861364662 0.51665131119651753 0.024814557772842135
leaf_weight=118 6012 775 154 311 87 144 96 698 84 23006 159 1325 109 314
leaf_count=118 6012 775 154 311 87 144 96 698 84 23006 159 1325 109 314
internal_value=-2.50247e-07 0.000377975 0.0116979 0.132355 0.39626 0.00319305 -0.00348052 -0.0621482 -0.15261 0.00088978 0.0288839 -0.00151371 0.0111012 0.156108
internal_weight=33392 33274 8456 552 241 7904 24818 1716 859 23102 857 7760 6435 423
internal_count=33392 33274 8456 552 241 7904 24818 1716 859 23102 857 7760 6435 423
is_linear=0
shrinkage=0.05


Tree=299
num_leaves=15
num_cat=0
split_feature=14 7 3 13 12 5 5 13 7 6 10 3 1 5
split_gain=555.269 3189.65 7421.3 15107.1 9227.81 6371.64 5776.61 2884.57 4057.64 6462.78 4419.21 6420.55 5721.31 4195.13
threshold=149.50000000000003 25.500000000000004 3.5000000000000004 146.50000000000003 21.500000000000004 82.500000000000014 22.500000000000004 169.50000000000003 22.500000000000004 23.500000000000004 98.500000000000014 4.5000000000000009 9.5000000000000018 170.50000000000003
decision_type=2 2 2 2 2 2 2 2 2 2 2 2 2 2
left_child=7 2 3 -2 -4 -3 -6 -1 -9 -10 11 -11 -12 -14
right_child=1 5 4 -5 6 -7 -8 8 9 10 12 -13 13 -15
leaf_value=0.00027965992362755831 0.84040811710145291 -0.4329795643607135 -0.34056990295035861 0.0067575924334426721 -0.048010303416874178 -0.016185271017504912 0.47996415402740245 -0.086480379109114353 0.55690071685132625 0.15392528805603212 0.5305746419455416 -0.42731943004006567 -0.063133738231750169 0.31281933958952624
leaf_weight=25228 82 88 147 145 124 6603 83 233 82 102 88 81 191 115
leaf_count=25228 82 88 147 145 124 6603 83 233 82 102 88 81 191 115
internal_value=1.01638e-05 -0.0122047 0.099669 0.319522 -0.043797 -0.0219862 0.170017 0.00341255 0.091523 0.154636 0.0931754 -0.107869 0.186736 0.0809135
internal_weight=33392 7272 581 227 354 6691 207 26120 892 659 577 183 394 306
internal_count=33392 7272 581 227 354 6691 207 26120 892 659 577 183 394 306
is_linear=0
shrinkage=0.05


end of trees

feature_importances:
week=686
hour=491
lag0=458
day=389
lag2=310
dow=258
lag4=254
lag1=228
lag5=225
lag6=205
lag7=205
lag3=201
month=168
horizon=72
quarter=50

parameters:
[boosting: gbdt]
[objective: regression]
[metric: l2]
[tree_learner: serial]
[device_type: cpu]
[data_sample_strategy: bagging]
[data: ]
[valid: ]
[num_iterations: 300]
[learning_rate: 0.05]
[num_leaves: 15]
[num_threads: 2]
[seed: 42]
[deterministic: 0]
[force_col_wise: 0]
[force_row_wise: 0]
[histogram_pool_size: -1]
[max_depth: -1]
[min_data_in_leaf: 80]
[min_sum_hessian_in_leaf: 0.001]
[bagging_fraction: 1]
[pos_bagging_fraction: 1]
[neg_bagging_fraction: 1]
[bagging_freq: 0]
[bagging_seed: 400]
[bagging_by_query: 0]
[feature_fraction: 1]
[feature_fraction_bynode: 1]
[feature_fraction_seed: 30056]
[extra_trees: 0]
[extra_seed: 12879]
[early_stopping_round: 0]
[early_stopping_min_delta: 0]
[first_metric_only: 0]
[max_delta_step: 0]
[lambda_l1: 0]
[lambda_l2: 5]
[linear_lambda: 0]
[min_gain_to_split: 0]
[drop_rate: 0.1]
[max_drop: 50]
[skip_drop: 0.5]
[xgboost_dart_mode: 0]
[uniform_drop: 0]
[drop_seed: 17869]
[top_rate: 0.2]
[other_rate: 0.1]
[min_data_per_group: 100]
[max_cat_threshold: 32]
[cat_l2: 10]
[cat_smooth: 10]
[max_cat_to_onehot: 4]
[top_k: 20]
[monotone_constraints: ]
[monotone_constraints_method: basic]
[monotone_penalty: 0]
[feature_contri: ]
[forcedsplits_filename: ]
[refit_decay_rate: 0.9]
[cegb_tradeoff: 1]
[cegb_penalty_split: 0]
[cegb_penalty_feature_lazy: ]
[cegb_penalty_feature_coupled: ]
[path_smooth: 0]
[interaction_constraints: ]
[verbosity: -1]
[saved_feature_importance_type: 0]
[use_quantized_grad: 0]
[num_grad_quant_bins: 4]
[quant_train_renew_leaf: 0]
[stochastic_rounding: 1]
[linear_tree: 0]
[max_bin: 255]
[max_bin_by_feature: ]
[min_data_in_bin: 3]
[bin_construct_sample_cnt: 200000]
[data_random_seed: 175]
[is_enable_sparse: 1]
[enable_bundle: 1]
[use_missing: 1]
[zero_as_missing: 0]
[feature_pre_filter: 1]
[pre_partition: 0]
[two_round: 0]
[header: 0]
[label_column: ]
[weight_column: ]
[group_column: ]
[ignore_column: ]
[categorical_feature: ]
[forcedbins_filename: ]
[precise_float_parser: 0]
[parser_config_file: ]
[objective_seed: 16083]
[num_class: 1]
[is_unbalance: 0]
[scale_pos_weight: 1]
[sigmoid: 1]
[boost_from_average: 1]
[reg_sqrt: 0]
[alpha: 0.9]
[fair_c: 1]
[poisson_max_delta_step: 0.7]
[tweedie_variance_power: 1.5]
[lambdarank_truncation_level: 30]
[lambdarank_norm: 1]
[label_gain: ]
[lambdarank_position_bias_regularization: 0]
[eval_at: ]
[multi_error_top_k: 1]
[auc_mu_weights: ]
[num_machines: 1]
[local_listen_port: 12400]
[time_out: 120]
[machine_list_filename: ]
[machines: ]
[gpu_platform_id: -1]
[gpu_device_id: -1]
[gpu_device_id_list: ]
[gpu_use_dp: 0]
[num_gpu: 1]

end of parameters

pandas_categorical:[]
