time,date,actual,pred,adjusted
2021-08-01 00:00:00,2021-08-01,21.0,70.82130971744692,21.0
2021-08-01 00:15:00,2021-08-01,21.0,70.82130971744692,21.0
2021-08-01 00:30:00,2021-08-01,21.0,71.2100221716189,21.0
2021-08-01 00:45:00,2021-08-01,21.0,72.62108202428244,21.0
2021-08-01 01:00:00,2021-08-01,25.0,74.2092898598868,25.0
2021-08-01 01:15:00,2021-08-01,26.0,78.64748269072719,26.0
2021-08-01 01:30:00,2021-08-01,20.0,78.13600565649901,20.0
2021-08-01 01:45:00,2021-08-01,21.0,77.97963711117478,21.0
2021-08-01 02:00:00,2021-08-01,21.0,76.2128506276295,21.0
2021-08-01 02:15:00,2021-08-01,21.0,78.78938268681397,21.0
2021-08-01 02:30:00,2021-08-01,21.0,78.67105103519788,21.0
2021-08-01 02:45:00,2021-08-01,21.0,81.23995069909004,21.0
2021-08-01 03:00:00,2021-08-01,21.0,81.3965662144733,21.0
2021-08-01 03:15:00,2021-08-01,20.0,81.49507524148943,20.0
2021-08-01 03:30:00,2021-08-01,21.0,81.7076026578281,21.0
2021-08-01 03:45:00,2021-08-01,21.0,81.7076026578281,21.0
2021-08-01 04:00:00,2021-08-01,21.0,81.7501155434753,21.0
2021-08-01 04:15:00,2021-08-01,21.0,81.59798224413504,21.0
2021-08-01 04:30:00,2021-08-01,20.0,81.50315346834708,20.0
2021-08-01 04:45:00,2021-08-01,25.0,81.17997773500572,25.0
2021-08-01 05:00:00,2021-08-01,24.0,79.90520102383549,24.0
2021-08-01 05:15:00,2021-08-01,21.0,79.81081746299692,21.0
2021-08-01 05:30:00,2021-08-01,21.0,78.40016465131926,21.0
2021-08-01 05:45:00,2021-08-01,21.0,90.32114711602928,21.0
2021-08-01 06:00:00,2021-08-01,20.0,90.62666773303334,20.0
2021-08-01 06:15:00,2021-08-01,20.0,90.08051994434216,20.0
2021-08-01 06:30:00,2021-08-01,21.0,90.03633475602437,23.0
2021-08-01 06:45:00,2021-08-01,20.0,90.03633475602437,20.0
2021-08-01 07:00:00,2021-08-01,20.0,90.05858583045885,23.167675743834593
2021-08-01 07:15:00,2021-08-01,20.0,101.91049838873768,23.03232425616541
2021-08-01 07:30:00,2021-08-01,20.0,124.59918486677554,19.50918602378868
2021-08-01 07:45:00,2021-08-01,21.0,124.29557197416337,20.77204491317905
2021-08-01 08:00:00,2021-08-01,21.0,126.3736345216127,20.27532774634862
2021-08-01 08:15:00,2021-08-01,20.0,127.90999867138956,19.045804532193667
2021-08-01 08:30:00,2021-08-01,22.0,127.90999867138956,20.78016463603383
2021-08-01 08:45:00,2021-08-01,28.0,127.85383980037513,26.480133206213413
2021-08-01 09:00:00,2021-08-01,24.0,125.250842579404,23.04352962634135
2021-08-01 09:15:00,2021-08-01,21.0,124.07151275727254,20.465536167012004
2021-08-01 09:30:00,2021-08-01,21.0,125.02011450516386,20.310252007687716
2021-08-01 09:45:00,2021-08-01,21.0,125.33443388914058,20.2593170355386
2021-08-01 10:00:00,2021-08-01,21.0,124.37133068758936,20.416200563199656
2021-08-01 10:15:00,2021-08-01,21.0,125.26088012910316,20.27121339889018
2021-08-01 10:30:00,2021-08-01,20.0,125.86350064323592,19.2134829258765
2021-08-01 10:45:00,2021-08-01,21.0,125.92435422930993,20.16440780792851
2021-08-01 11:00:00,2021-08-01,21.0,125.17692863679856,20.28765635354966
2021-08-01 11:15:00,2021-08-01,21.0,124.11685674763466,20.446606603378893
2021-08-01 11:30:00,2021-08-01,21.0,124.21249440282374,20.39200492347136
2021-08-01 11:45:00,2021-08-01,21.0,123.664840960418,20.523510976900145
2021-08-01 12:00:00,2021-08-01,21.0,116.32071218831766,21.741291016733488
2021-08-01 12:15:00,2021-08-01,21.0,115.72703810040736,21.82467223471274
2021-08-01 12:30:00,2021-08-01,23.0,114.12859586513278,24.099646261583644
2021-08-01 12:45:00,2021-08-01,25.0,117.8392516508467,25.406211686931677
2021-08-01 13:00:00,2021-08-01,21.0,119.78661641599712,21.236101214857882
2021-08-01 13:15:00,2021-08-01,21.0,124.02132859361244,20.473817370157008
2021-08-01 13:30:00,2021-08-01,21.0,124.02132859361244,20.520933016634835
2021-08-01 13:45:00,2021-08-01,21.0,123.96646507961805,20.599900359691322
2021-08-01 14:00:00,2021-08-01,21.0,124.04475804638768,20.502909138258236
2021-08-01 14:15:00,2021-08-01,21.0,123.99629579346224,20.47784446750478
2021-08-01 14:30:00,2021-08-01,21.0,123.20201498750328,20.604824833057684
2021-08-01 14:45:00,2021-08-01,21.0,123.9173039688222,20.490615378326705
2021-08-01 15:00:00,2021-08-01,21.0,123.00030143863748,20.631396813370927
2021-08-01 15:15:00,2021-08-01,21.0,122.26530149920012,20.74996612378056
2021-08-01 15:30:00,2021-08-01,21.0,123.5846919980992,20.547572229160984
2021-08-01 15:45:00,2021-08-01,23.0,123.3903733359126,22.42523554349094
2021-08-01 16:00:00,2021-08-01,21.0,122.46629953619708,20.725824553021642
2021-08-01 16:15:00,2021-08-01,24.0,123.36308239245338,23.298174149710345
2021-08-01 16:30:00,2021-08-01,25.0,124.0196505296488,24.079634447140855
2021-08-01 16:45:00,2021-08-01,21.0,124.17314322387652,20.607050356992826
2021-08-01 17:00:00,2021-08-01,21.0,107.1132505174542,23.40231356651266
2021-08-01 17:15:00,2021-08-01,20.0,107.07829640742727,22.140835696435555
2021-08-01 17:30:00,2021-08-01,20.0,107.53785214773067,22.5
2021-08-01 17:45:00,2021-08-01,21.0,108.75164239370334,23.056850094400865
2021-08-01 18:00:00,2021-08-01,20.0,108.93412800930656,20.0
2021-08-01 18:15:00,2021-08-01,20.0,109.10821399465728,20.0
2021-08-01 18:30:00,2021-08-01,20.0,108.9257248251532,20.0
2021-08-01 18:45:00,2021-08-01,21.0,100.6836950568368,21.0
2021-08-01 19:00:00,2021-08-01,21.0,100.0832107651838,21.0
2021-08-01 19:15:00,2021-08-01,21.0,99.49858086253889,21.0
2021-08-01 19:30:00,2021-08-01,21.0,99.33469756043183,21.0
2021-08-01 19:45:00,2021-08-01,22.0,96.6249693610026,22.0
2021-08-01 20:00:00,2021-08-01,26.0,97.8633698245084,26.0
2021-08-01 20:15:00,2021-08-01,22.0,97.9911658004362,22.0
2021-08-01 20:30:00,2021-08-01,21.0,97.80571977496211,21.0
2021-08-01 20:45:00,2021-08-01,21.0,97.9911658004362,21.0
2021-08-01 21:00:00,2021-08-01,22.0,97.62812003774476,22.0
2021-08-01 21:15:00,2021-08-01,22.0,97.7268154132057,22.0
2021-08-01 21:30:00,2021-08-01,21.0,95.04957571492872,21.0
2021-08-01 21:45:00,2021-08-01,21.0,94.07015457810172,21.0
2021-08-01 22:00:00,2021-08-01,21.0,92.70016304385352,21.0
2021-08-01 22:15:00,2021-08-01,21.0,93.33856699761895,21.0
2021-08-01 22:30:00,2021-08-01,21.0,93.15312097214488,21.0
2021-08-01 22:45:00,2021-08-01,23.0,93.33856699761895,23.0
2021-08-01 23:00:00,2021-08-01,20.0,90.06592789478763,20.0
2021-08-01 23:15:00,2021-08-01,21.0,88.03387798798666,21.0
2021-08-01 23:30:00,2021-08-01,21.0,87.11769606585037,21.0
2021-08-01 23:45:00,2021-08-01,24.0,86.0276928429497,24.0
2021-08-02 00:00:00,2021-08-02,23.0,64.60702638497914,23.0
2021-08-02 00:15:00,2021-08-02,20.0,64.68601820961916,20.0
2021-08-02 00:30:00,2021-08-02,20.0,64.7853442813441,20.0
2021-08-02 00:45:00,2021-08-02,21.0,65.9381225482461,21.0
2021-08-02 01:00:00,2021-08-02,21.0,67.14177569521047,21.0
2021-08-02 01:15:00,2021-08-02,21.0,70.85765716547208,21.0
2021-08-02 01:30:00,2021-08-02,21.0,71.60249674413232,21.0
2021-08-02 01:45:00,2021-08-02,21.0,71.60249674413232,21.0
2021-08-02 02:00:00,2021-08-02,21.0,71.4727227223215,21.0
2021-08-02 02:15:00,2021-08-02,21.0,71.3693379869491,21.0
2021-08-02 02:30:00,2021-08-02,21.0,72.51220812361328,21.0
2021-08-02 02:45:00,2021-08-02,21.0,74.23667437644913,21.0
2021-08-02 03:00:00,2021-08-02,22.0,73.99520195464386,22.0
2021-08-02 03:15:00,2021-08-02,26.0,76.4741045279898,26.0
2021-08-02 03:30:00,2021-08-02,23.0,76.13013802788522,23.0
2021-08-02 03:45:00,2021-08-02,21.0,76.4741045279898,21.0
2021-08-02 04:00:00,2021-08-02,21.0,76.73827998585001,21.0
2021-08-02 04:15:00,2021-08-02,21.0,76.20141955196584,21.0
2021-08-02 04:30:00,2021-08-02,21.0,75.42734945849512,21.0
2021-08-02 04:45:00,2021-08-02,21.0,75.26993432106369,21.0
2021-08-02 05:00:00,2021-08-02,21.0,72.75134407832684,21.0
2021-08-02 05:15:00,2021-08-02,21.0,73.09531057843141,21.0
2021-08-02 05:30:00,2021-08-02,21.0,73.14199598306381,21.0
2021-08-02 05:45:00,2021-08-02,21.0,84.08856251403725,21.0
2021-08-02 06:00:00,2021-08-02,21.0,84.90486852650135,21.0
2021-08-02 06:15:00,2021-08-02,22.0,84.41461756725023,22.0
2021-08-02 06:30:00,2021-08-02,20.0,84.14311670794783,20.0
2021-08-02 06:45:00,2021-08-02,25.0,84.05728074612287,25.0
2021-08-02 07:00:00,2021-08-02,24.0,85.27962413101471,24.0
2021-08-02 07:15:00,2021-08-02,20.0,102.27921190553012,20.0
2021-08-02 07:30:00,2021-08-02,19.0,126.6108736904836,21.0
2021-08-02 07:45:00,2021-08-02,19.0,118.80250364152838,25.034797483340643
2021-08-02 08:00:00,2021-08-02,20.0,177.47190122688943,20.16520234853776
2021-08-02 08:15:00,2021-08-02,20.0,198.58771297892912,18.03536617090891
2021-08-02 08:30:00,2021-08-02,20.0,198.58771297892912,18.034760034819104
2021-08-02 08:45:00,2021-08-02,21.0,195.6365309331547,19.23761582511509
2021-08-02 09:00:00,2021-08-02,21.0,187.36436839891505,20.071082597824617
2021-08-02 09:15:00,2021-08-02,21.0,184.54062689212984,20.374019173836523
2021-08-02 09:30:00,2021-08-02,21.0,187.75859645335507,20.024831574548553
2021-08-02 09:45:00,2021-08-02,21.0,187.30223890004,20.073621611424645
2021-08-02 10:00:00,2021-08-02,21.0,159.81881868036862,23.1273639088376
2021-08-02 10:15:00,2021-08-02,21.0,191.3321456357,19.650823745064045
2021-08-02 10:30:00,2021-08-02,21.0,195.247103869491,19.256799184920308
2021-08-02 10:45:00,2021-08-02,25.0,194.89618561445505,22.966037869012666
2021-08-02 11:00:00,2021-08-02,21.0,191.8944151661636,19.68760999479648
2021-08-02 11:15:00,2021-08-02,20.0,189.7002426181627,18.897156694561637
2021-08-02 11:30:00,2021-08-02,21.0,189.7706374433712,19.7869233885697
2021-08-02 11:45:00,2021-08-02,21.0,187.01414621912843,20.275988393881715
2021-08-02 12:00:00,2021-08-02,21.0,116.47651289627449,25.1
2021-08-02 12:15:00,2021-08-02,21.0,107.1112520982114,21.0
2021-08-02 12:30:00,2021-08-02,21.0,105.02990036042624,23.69027592145561
2021-08-02 12:45:00,2021-08-02,21.0,107.92746591365643,23.1
2021-08-02 13:00:00,2021-08-02,21.0,162.59148834218172,21.933849844279138
2021-08-02 13:15:00,2021-08-02,21.0,184.21779031322475,20.40972407854439
2021-08-02 13:30:00,2021-08-02,23.0,186.6442878263436,22.06289714492224
2021-08-02 13:45:00,2021-08-02,21.0,179.0133290920035,21.003253010798623
2021-08-02 14:00:00,2021-08-02,23.0,178.64148672703686,23.04633548322959
2021-08-02 14:15:00,2021-08-02,25.0,184.49746684520957,24.260458725446803
2021-08-02 14:30:00,2021-08-02,22.0,185.00039377902763,21.291165480062343
2021-08-02 14:45:00,2021-08-02,21.0,180.4890939164721,20.83136542528196
2021-08-02 15:00:00,2021-08-02,21.0,143.67417587565956,21.831133611426107
2021-08-02 15:15:00,2021-08-02,21.0,136.9651414724896,21.739541274553197
2021-08-02 15:30:00,2021-08-02,21.0,184.8807455753712,20.33653779873619
2021-08-02 15:45:00,2021-08-02,21.0,184.22264766241008,20.409185940818745
2021-08-02 16:00:00,2021-08-02,21.0,174.1618400939456,21.0
2021-08-02 16:15:00,2021-08-02,21.0,173.90584171484394,21.583141280098257
2021-08-02 16:30:00,2021-08-02,21.0,173.03952485641832,21.671134980346807
2021-08-02 16:45:00,2021-08-02,21.0,171.25833929914253,21.0
2021-08-02 17:00:00,2021-08-02,21.0,124.89519843508954,21.0
2021-08-02 17:15:00,2021-08-02,21.0,111.55746630962264,21.0
2021-08-02 17:30:00,2021-08-02,21.0,156.37654475086077,21.0
2021-08-02 17:45:00,2021-08-02,24.0,174.77798775327608,24.0
2021-08-02 18:00:00,2021-08-02,26.0,175.5744183383149,26.0
2021-08-02 18:15:00,2021-08-02,21.0,172.51072598037004,21.0
2021-08-02 18:30:00,2021-08-02,21.0,167.5865817108346,21.0
2021-08-02 18:45:00,2021-08-02,21.0,166.54663992952885,21.0
2021-08-02 19:00:00,2021-08-02,21.0,165.3970272515681,21.0
2021-08-02 19:15:00,2021-08-02,21.0,168.08359125282402,21.0
2021-08-02 19:30:00,2021-08-02,21.0,165.04481161231638,21.0
2021-08-02 19:45:00,2021-08-02,21.0,122.5743768968603,21.0
2021-08-02 20:00:00,2021-08-02,21.0,107.29788134457029,21.0
2021-08-02 20:15:00,2021-08-02,21.0,114.37188915669452,21.0
2021-08-02 20:30:00,2021-08-02,24.0,120.21655731972668,24.0
2021-08-02 20:45:00,2021-08-02,21.0,118.03221145495417,21.0
2021-08-02 21:00:00,2021-08-02,21.0,116.75561191834764,21.0
2021-08-02 21:15:00,2021-08-02,22.0,114.68887417185832,22.0
2021-08-02 21:30:00,2021-08-02,21.0,118.95803517963289,21.0
2021-08-02 21:45:00,2021-08-02,24.0,114.21416272589774,24.0
2021-08-02 22:00:00,2021-08-02,24.0,99.79956232649248,24.0
2021-08-02 22:15:00,2021-08-02,22.0,111.85477346576825,22.0
2021-08-02 22:30:00,2021-08-02,20.0,115.2932255922516,20.0
2021-08-02 22:45:00,2021-08-02,21.0,113.34072215961648,21.0
2021-08-02 23:00:00,2021-08-02,21.0,109.03417688599444,21.0
2021-08-02 23:15:00,2021-08-02,21.0,108.48222201196114,21.0
2021-08-02 23:30:00,2021-08-02,21.0,99.63146251287051,21.0
2021-08-02 23:45:00,2021-08-02,21.0,99.66624029536412,21.0
2021-08-03 00:00:00,2021-08-03,21.0,61.09143464067131,21.0
2021-08-03 00:15:00,2021-08-03,21.0,61.22547074947327,21.0
2021-08-03 00:30:00,2021-08-03,21.0,62.15606413245816,21.0
2021-08-03 00:45:00,2021-08-03,22.0,62.792429250836086,22.0
2021-08-03 01:00:00,2021-08-03,21.0,62.506943063205725,21.0
2021-08-03 01:15:00,2021-08-03,25.0,77.45014677308791,25.0
2021-08-03 01:30:00,2021-08-03,26.0,79.31499669341775,26.0
2021-08-03 01:45:00,2021-08-03,21.0,76.45327056145949,21.0
2021-08-03 02:00:00,2021-08-03,20.0,82.41095598430665,20.0
2021-08-03 02:15:00,2021-08-03,21.0,76.32349653964867,21.0
2021-08-03 02:30:00,2021-08-03,21.0,79.16184683956641,21.0
2021-08-03 02:45:00,2021-08-03,21.0,76.14750419884237,21.0
2021-08-03 03:00:00,2021-08-03,21.0,57.161532429529245,21.0
2021-08-03 03:15:00,2021-08-03,21.0,76.18932378133809,21.0
2021-08-03 03:30:00,2021-08-03,21.0,80.65363665377642,21.0
2021-08-03 03:45:00,2021-08-03,22.0,80.99729624482282,22.0
2021-08-03 04:00:00,2021-08-03,20.0,79.74689790609082,20.0
2021-08-03 04:15:00,2021-08-03,21.0,79.65648373990793,21.0
2021-08-03 04:30:00,2021-08-03,21.0,78.61216756018592,21.0
2021-08-03 04:45:00,2021-08-03,20.0,75.3363879997613,20.0
2021-08-03 05:00:00,2021-08-03,20.0,71.52708725616348,20.0
2021-08-03 05:15:00,2021-08-03,24.0,73.09959710737134,24.0
2021-08-03 05:30:00,2021-08-03,23.0,54.393253991720336,23.0
2021-08-03 05:45:00,2021-08-03,20.0,81.3062188272558,20.0
2021-08-03 06:00:00,2021-08-03,21.0,80.44413055990522,21.0
2021-08-03 06:15:00,2021-08-03,21.0,80.65469239101078,21.0
2021-08-03 06:30:00,2021-08-03,21.0,81.3699805480584,21.0
2021-08-03 06:45:00,2021-08-03,21.0,74.61058604955251,21.0
2021-08-03 07:00:00,2021-08-03,20.0,80.03648401213525,21.31395640363585
2021-08-03 07:15:00,2021-08-03,21.0,105.72999478275416,21.0
2021-08-03 07:30:00,2021-08-03,20.0,144.06056153995027,24.07114820968831
2021-08-03 07:45:00,2021-08-03,20.0,157.35805006438787,23.039656471008186
2021-08-03 08:00:00,2021-08-03,20.0,178.86891711906978,20.37523874953805
2021-08-03 08:15:00,2021-08-03,20.0,200.4695519278501,18.208799899085996
2021-08-03 08:30:00,2021-08-03,22.0,200.324159492174,20.03775982323478
2021-08-03 08:45:00,2021-08-03,25.0,196.374229429486,23.112213793460217
2021-08-03 09:00:00,2021-08-03,21.0,189.61099307347453,20.167056581895576
2021-08-03 09:15:00,2021-08-03,20.0,189.85744991704743,19.21491178080519
2021-08-03 09:30:00,2021-08-03,21.0,186.6263342273606,20.524964359919178
2021-08-03 09:45:00,2021-08-03,21.0,194.82246802802732,19.661484106072827
2021-08-03 10:00:00,2021-08-03,21.0,169.3158880325,22.403641235777243
2021-08-03 10:15:00,2021-08-03,21.0,195.2581431733831,19.61761387455978
2021-08-03 10:30:00,2021-08-03,21.0,196.54615961624063,19.48905471426177
2021-08-03 10:45:00,2021-08-03,21.0,196.54615961624063,19.48905471426177
2021-08-03 11:00:00,2021-08-03,21.0,195.80540928775392,19.561934224300657
2021-08-03 11:15:00,2021-08-03,24.0,194.54522354317027,22.38146596185302
2021-08-03 11:30:00,2021-08-03,21.0,193.15453384701064,19.815195541249217
2021-08-03 11:45:00,2021-08-03,21.0,193.1581318465577,19.814849555392396
2021-08-03 12:00:00,2021-08-03,21.0,128.29191280501635,25.5
2021-08-03 12:15:00,2021-08-03,25.0,98.5286961648152,27.1
2021-08-03 12:30:00,2021-08-03,23.0,104.62064772203172,23.0
2021-08-03 12:45:00,2021-08-03,21.0,108.65126465825588,23.61110161905768
2021-08-03 13:00:00,2021-08-03,21.0,169.17874890834582,22.453331658234795
2021-08-03 13:15:00,2021-08-03,21.0,185.9019023613356,20.60494707145944
2021-08-03 13:30:00,2021-08-03,21.0,186.9548468355852,20.48889838094232
2021-08-03 13:45:00,2021-08-03,21.0,192.08466544674596,19.941721270305766
2021-08-03 14:00:00,2021-08-03,21.0,190.38017216741065,20.120261553659038
2021-08-03 14:15:00,2021-08-03,21.0,188.26749421416497,20.346044730810146
2021-08-03 14:30:00,2021-08-03,21.0,188.26749421416497,20.346044730810146
2021-08-03 14:45:00,2021-08-03,22.0,188.26749421416497,21.31490400370587
2021-08-03 15:00:00,2021-08-03,22.0,164.7898279994642,23.96149406052246
2021-08-03 15:15:00,2021-08-03,22.0,169.79580713664566,23.482136625372693
2021-08-03 15:30:00,2021-08-03,21.0,188.0300678200371,20.371735771031567
2021-08-03 15:45:00,2021-08-03,26.0,190.69732176229627,24.86937075247265
2021-08-03 16:00:00,2021-08-03,24.0,181.7081317612204,24.0
2021-08-03 16:15:00,2021-08-03,22.0,178.810812060226,22.336294240920314
2021-08-03 16:30:00,2021-08-03,21.0,176.15780412299412,21.851713530695125
2021-08-03 16:45:00,2021-08-03,21.0,177.22386990550658,21.0
2021-08-03 17:00:00,2021-08-03,21.0,133.24807564786232,21.0
2021-08-03 17:15:00,2021-08-03,21.0,116.77968754629482,21.0
2021-08-03 17:30:00,2021-08-03,21.0,162.13006252240797,21.0
2021-08-03 17:45:00,2021-08-03,21.0,172.8501829519493,21.0
2021-08-03 18:00:00,2021-08-03,21.0,175.3861690930929,21.0
2021-08-03 18:15:00,2021-08-03,24.0,172.71255254588615,24.0
2021-08-03 18:30:00,2021-08-03,21.0,167.95419364998176,21.0
2021-08-03 18:45:00,2021-08-03,21.0,172.83865720128614,21.0
2021-08-03 19:00:00,2021-08-03,21.0,171.76499099933423,21.0
2021-08-03 19:15:00,2021-08-03,21.0,169.81965513667254,21.0
2021-08-03 19:30:00,2021-08-03,25.0,171.70746831413666,25.0
2021-08-03 19:45:00,2021-08-03,24.0,166.83698517982802,24.0
2021-08-03 20:00:00,2021-08-03,20.0,131.5770443507293,20.0
2021-08-03 20:15:00,2021-08-03,21.0,132.08530950087604,21.0
2021-08-03 20:30:00,2021-08-03,21.0,123.84317416327794,21.0
2021-08-03 20:45:00,2021-08-03,22.0,122.96062315408882,22.0
2021-08-03 21:00:00,2021-08-03,21.0,128.70637857391395,21.0
2021-08-03 21:15:00,2021-08-03,22.0,122.34444634073913,22.0
2021-08-03 21:30:00,2021-08-03,22.0,140.72497352664425,22.0
2021-08-03 21:45:00,2021-08-03,21.0,131.9963677060463,21.0
2021-08-03 22:00:00,2021-08-03,21.0,116.67126981379558,21.0
2021-08-03 22:15:00,2021-08-03,21.0,117.9603234778796,21.0
2021-08-03 22:30:00,2021-08-03,21.0,116.8585038786442,21.0
2021-08-03 22:45:00,2021-08-03,21.0,118.27015946900386,21.0
2021-08-03 23:00:00,2021-08-03,21.0,114.4542441314798,21.0
2021-08-03 23:15:00,2021-08-03,26.0,114.88940975904409,26.0
2021-08-03 23:30:00,2021-08-03,23.0,108.4834675141567,23.0
2021-08-03 23:45:00,2021-08-03,21.0,90.01686907261143,21.0
2021-08-04 00:00:00,2021-08-04,21.0,76.23027512837072,21.0
2021-08-04 00:15:00,2021-08-04,21.0,75.28388114915305,21.0
2021-08-04 00:30:00,2021-08-04,21.0,73.13751360616013,21.0
2021-08-04 00:45:00,2021-08-04,21.0,74.3284720419858,21.0
2021-08-04 01:00:00,2021-08-04,21.0,94.62076483658409,21.0
2021-08-04 01:15:00,2021-08-04,21.0,105.18798254247204,21.0
2021-08-04 01:30:00,2021-08-04,20.0,110.38516366149253,20.0
2021-08-04 01:45:00,2021-08-04,21.0,105.67945252942782,21.0
2021-08-04 02:00:00,2021-08-04,20.0,99.36932090715416,20.0
2021-08-04 02:15:00,2021-08-04,20.0,102.35002231133672,20.0
2021-08-04 02:30:00,2021-08-04,20.0,106.73211961222988,20.0
2021-08-04 02:45:00,2021-08-04,21.0,110.10264469337672,21.0
2021-08-04 03:00:00,2021-08-04,25.0,91.3870947856956,25.0
2021-08-04 03:15:00,2021-08-04,22.0,106.28688600975973,22.0
2021-08-04 03:30:00,2021-08-04,21.0,110.77882868558744,21.0
2021-08-04 03:45:00,2021-08-04,21.0,110.8880263838044,21.0
2021-08-04 04:00:00,2021-08-04,21.0,105.63220354616882,21.0
2021-08-04 04:15:00,2021-08-04,21.0,106.7976754006514,21.0
2021-08-04 04:30:00,2021-08-04,21.0,107.45990782008344,21.0
2021-08-04 04:45:00,2021-08-04,21.0,105.3866570070176,21.0
2021-08-04 05:00:00,2021-08-04,21.0,86.82293239958773,21.0
2021-08-04 05:15:00,2021-08-04,20.0,82.57559913788519,20.0
2021-08-04 05:30:00,2021-08-04,20.0,99.57292672259445,20.0
2021-08-04 05:45:00,2021-08-04,21.0,105.49162345017628,21.0
2021-08-04 06:00:00,2021-08-04,21.0,107.08376926592994,21.0
2021-08-04 06:15:00,2021-08-04,23.0,103.87942389942918,23.0
2021-08-04 06:30:00,2021-08-04,26.0,103.53784816046873,26.0
2021-08-04 06:45:00,2021-08-04,22.0,109.22562689253922,22.0
2021-08-04 07:00:00,2021-08-04,20.0,109.14925074803068,21.47562900541481
2021-08-04 07:15:00,2021-08-04,21.0,131.10405664444613,23.0
2021-08-04 07:30:00,2021-08-04,20.0,163.7511751311701,22.00588720244332
2021-08-04 07:45:00,2021-08-04,20.0,162.04392188807608,22.388529229052054
2021-08-04 08:00:00,2021-08-04,20.0,176.30407496725604,20.52995456308982
2021-08-04 08:15:00,2021-08-04,20.0,198.4454232958539,18.424594993267526
2021-08-04 08:30:00,2021-08-04,21.0,198.4454232958539,19.3458247429309
2021-08-04 08:45:00,2021-08-04,23.0,198.25868225918316,21.164075518770858
2021-08-04 09:00:00,2021-08-04,20.0,193.57503901601345,18.887838140800298
2021-08-04 09:15:00,2021-08-04,20.0,193.38386619985303,18.895720271287672
2021-08-04 09:30:00,2021-08-04,21.0,193.38386619985303,19.840506284852054
2021-08-04 09:45:00,2021-08-04,21.0,193.38386619985303,19.84050628485205
2021-08-04 10:00:00,2021-08-04,20.0,177.45852494921533,20.56987581725023
2021-08-04 10:15:00,2021-08-04,25.0,193.8195413452088,23.459497545764194
2021-08-04 10:30:00,2021-08-04,22.0,193.3263581811321,20.791475216203043
2021-08-04 10:45:00,2021-08-04,21.0,192.0466026925048,19.97823551458643
2021-08-04 11:00:00,2021-08-04,21.0,192.49078400828336,20.120809104371332
2021-08-04 11:15:00,2021-08-04,21.0,193.36832883685344,19.991951074682397
2021-08-04 11:30:00,2021-08-04,21.0,193.18122883686075,19.906338999101596
2021-08-04 11:45:00,2021-08-04,21.0,192.00503850864135,19.982750655337608
2021-08-04 12:00:00,2021-08-04,21.0,155.56061054454543,23.963677048073198
2021-08-04 12:15:00,2021-08-04,21.0,108.32498894441524,25.128207137045177
2021-08-04 12:30:00,2021-08-04,21.0,107.29121380842268,23.1
2021-08-04 12:45:00,2021-08-04,21.0,114.16499882143064,23.069318961383996
2021-08-04 13:00:00,2021-08-04,21.0,180.76361935138905,21.0
2021-08-04 13:15:00,2021-08-04,21.0,189.865986469195,20.208115650823448
2021-08-04 13:30:00,2021-08-04,21.0,191.25868840616448,20.060964783880152
2021-08-04 13:45:00,2021-08-04,25.0,191.35792198449107,23.869716254735852
2021-08-04 14:00:00,2021-08-04,24.0,185.5575507365438,23.631228755852938
2021-08-04 14:15:00,2021-08-04,21.0,189.07518563168784,20.29263543975145
2021-08-04 14:30:00,2021-08-04,21.0,188.98215952462425,20.302624450787036
2021-08-04 14:45:00,2021-08-04,21.0,189.41891575497428,20.255811292312366
2021-08-04 15:00:00,2021-08-04,21.0,144.47557785503903,22.112959951834696
2021-08-04 15:15:00,2021-08-04,21.0,161.6622823509224,22.79500278590779
2021-08-04 15:30:00,2021-08-04,21.0,186.1660705564776,20.609737323553723
2021-08-04 15:45:00,2021-08-04,24.0,182.850121202249,23.98113219723215
2021-08-04 16:00:00,2021-08-04,21.0,176.40734001441044,21.0
2021-08-04 16:15:00,2021-08-04,22.0,175.58917073503886,22.0
2021-08-04 16:30:00,2021-08-04,21.0,173.21750874722264,21.0
2021-08-04 16:45:00,2021-08-04,21.0,173.8326621478348,21.01886780276785
2021-08-04 17:00:00,2021-08-04,21.0,124.80110862311771,21.0
2021-08-04 17:15:00,2021-08-04,21.0,115.59616147825156,21.0
2021-08-04 17:30:00,2021-08-04,22.0,163.5283080527526,22.0
2021-08-04 17:45:00,2021-08-04,26.0,171.7618038545206,26.0
2021-08-04 18:00:00,2021-08-04,22.0,171.72084696767826,22.0
2021-08-04 18:15:00,2021-08-04,21.0,172.92682093271551,21.0
2021-08-04 18:30:00,2021-08-04,21.0,168.80842769711933,21.0
2021-08-04 18:45:00,2021-08-04,21.0,171.484625178409,21.0
2021-08-04 19:00:00,2021-08-04,21.0,169.5444420596522,21.0
2021-08-04 19:15:00,2021-08-04,21.0,156.52185585660555,21.0
2021-08-04 19:30:00,2021-08-04,21.0,164.64729278861603,21.0
2021-08-04 19:45:00,2021-08-04,21.0,133.7615954068792,21.0
2021-08-04 20:00:00,2021-08-04,21.0,116.37948701552044,21.0
2021-08-04 20:15:00,2021-08-04,21.0,128.77638412470512,21.0
2021-08-04 20:30:00,2021-08-04,21.0,119.01719770821012,21.0
2021-08-04 20:45:00,2021-08-04,21.0,118.02332373567312,21.0
2021-08-04 21:00:00,2021-08-04,21.0,119.51968158614638,21.0
2021-08-04 21:15:00,2021-08-04,23.0,115.4691505182862,23.0
2021-08-04 21:30:00,2021-08-04,26.0,115.33831786757646,26.0
2021-08-04 21:45:00,2021-08-04,21.0,116.01232175343968,21.0
2021-08-04 22:00:00,2021-08-04,21.0,97.370910722324,21.0
2021-08-04 22:15:00,2021-08-04,21.0,110.2463540460586,21.0
2021-08-04 22:30:00,2021-08-04,21.0,109.15644345954917,21.0
2021-08-04 22:45:00,2021-08-04,21.0,112.5594786999498,21.0
2021-08-04 23:00:00,2021-08-04,22.0,112.31690094393927,22.0
2021-08-04 23:15:00,2021-08-04,20.0,109.5342057421303,20.0
2021-08-04 23:30:00,2021-08-04,21.0,104.72652173603733,21.0
2021-08-04 23:45:00,2021-08-04,20.0,100.95009933592976,20.0
2021-08-05 00:00:00,2021-08-05,21.0,44.20018900641715,21.0
2021-08-05 00:15:00,2021-08-05,21.0,43.72506234889816,21.0
2021-08-05 00:30:00,2021-08-05,21.0,44.05293877871727,21.0
2021-08-05 00:45:00,2021-08-05,21.0,44.65970185662739,21.0
2021-08-05 01:00:00,2021-08-05,25.0,87.57528457852031,25.0
2021-08-05 01:15:00,2021-08-05,23.0,103.31807743534748,23.0
2021-08-05 01:30:00,2021-08-05,20.0,106.35073440595708,20.0
2021-08-05 01:45:00,2021-08-05,21.0,103.83697701877684,21.0
2021-08-05 02:00:00,2021-08-05,21.0,99.52926034672537,21.0
2021-08-05 02:15:00,2021-08-05,21.0,106.20834945403318,21.0
2021-08-05 02:30:00,2021-08-05,21.0,106.59170611921826,21.0
2021-08-05 02:45:00,2021-08-05,21.0,99.59669702745254,21.0
2021-08-05 03:00:00,2021-08-05,21.0,82.23654397772177,21.0
2021-08-05 03:15:00,2021-08-05,21.0,105.57910581098034,21.0
2021-08-05 03:30:00,2021-08-05,21.0,105.30066728408278,21.0
2021-08-05 03:45:00,2021-08-05,21.0,105.93851191925492,21.0
2021-08-05 04:00:00,2021-08-05,21.0,101.4333821212496,21.0
2021-08-05 04:15:00,2021-08-05,20.0,103.20819585273983,20.0
2021-08-05 04:30:00,2021-08-05,20.0,106.97951222129892,20.0
2021-08-05 04:45:00,2021-08-05,25.0,102.69931808277116,25.0
2021-08-05 05:00:00,2021-08-05,22.0,77.30991600423893,22.0
2021-08-05 05:15:00,2021-08-05,20.0,63.48809131028552,20.0
2021-08-05 05:30:00,2021-08-05,21.0,86.16509410522717,21.0
2021-08-05 05:45:00,2021-08-05,21.0,103.02417285473992,21.0
2021-08-05 06:00:00,2021-08-05,21.0,104.50900401806344,21.0
2021-08-05 06:15:00,2021-08-05,21.0,105.1841424286558,21.0
2021-08-05 06:30:00,2021-08-05,22.0,102.02556842496038,22.0
2021-08-05 06:45:00,2021-08-05,21.0,100.444589886819,21.0
2021-08-05 07:00:00,2021-08-05,20.0,102.16336895278064,21.857977962742986
2021-08-05 07:15:00,2021-08-05,20.0,118.87334188743831,21.511688197350573
2021-08-05 07:30:00,2021-08-05,20.0,141.56395069359652,22.3
2021-08-05 07:45:00,2021-08-05,20.0,155.7500464013233,22.88831180264943
2021-08-05 08:00:00,2021-08-05,20.0,180.45219389859912,20.142021880944093
2021-08-05 08:15:00,2021-08-05,24.0,196.49911735441424,22.252160260119233
2021-08-05 08:30:00,2021-08-05,23.0,198.66956381945224,21.140945393545856
2021-08-05 08:45:00,2021-08-05,20.0,198.57584888984505,18.451115813089636
2021-08-05 09:00:00,2021-08-05,20.0,191.92269086157964,19.09873382589888
2021-08-05 09:15:00,2021-08-05,21.0,194.21662335954636,19.774278922037993
2021-08-05 09:30:00,2021-08-05,21.0,194.21662335954636,19.774278922037997
2021-08-05 09:45:00,2021-08-05,21.0,193.76429522906167,19.82044048449672
2021-08-05 10:00:00,2021-08-05,21.0,174.12415540236805,21.947189170343247
2021-08-05 10:15:00,2021-08-05,21.0,191.41404525152635,20.063301266848264
2021-08-05 10:30:00,2021-08-05,21.0,194.7250060936331,19.722652774042675
2021-08-05 10:45:00,2021-08-05,20.0,195.61560988661148,18.697960925628877
2021-08-05 11:00:00,2021-08-05,21.0,194.14092595220447,19.78896796222367
2021-08-05 11:15:00,2021-08-05,21.0,193.4180762222172,19.828186267327958
2021-08-05 11:30:00,2021-08-05,22.0,193.367507188828,20.754411554363266
2021-08-05 11:45:00,2021-08-05,25.0,194.6656169280141,23.285376614308657
2021-08-05 12:00:00,2021-08-05,24.0,121.6533539825476,31.041869140440724
2021-08-05 12:15:00,2021-08-05,21.0,107.73669017691884,21.691177358616677
2021-08-05 12:30:00,2021-08-05,21.0,107.72900034790482,22.858130859559278
2021-08-05 12:45:00,2021-08-05,21.0,108.5902503797601,22.62738792979689
2021-08-05 13:00:00,2021-08-05,21.0,178.39011466179795,21.0
2021-08-05 13:15:00,2021-08-05,21.0,189.1046935326664,20.308822641383323
2021-08-05 13:30:00,2021-08-05,21.0,190.6644213713437,20.14268657983237
2021-08-05 13:45:00,2021-08-05,24.0,188.94316462370452,23.22992549037074
2021-08-05 14:00:00,2021-08-05,21.0,181.7810985691229,21.122513138817144
2021-08-05 14:15:00,2021-08-05,21.0,184.4973208952816,20.815986177858303
2021-08-05 14:30:00,2021-08-05,21.0,188.474574069586,20.376720311303824
2021-08-05 14:45:00,2021-08-05,22.0,188.6529712398481,21.326853781687916
2021-08-05 15:00:00,2021-08-05,22.0,162.678158855274,22.63600707751263
2021-08-05 15:15:00,2021-08-05,21.0,156.00282552644327,21.934388421046155
2021-08-05 15:30:00,2021-08-05,23.0,184.8871436449329,22.750391950974578
2021-08-05 15:45:00,2021-08-05,25.0,182.5621783569138,25.037139140799457
2021-08-05 16:00:00,2021-08-05,21.0,172.9814257178706,21.0
2021-08-05 16:15:00,2021-08-05,22.0,167.51765956305402,22.0
2021-08-05 16:30:00,2021-08-05,21.0,168.4895586010992,21.0
2021-08-05 16:45:00,2021-08-05,22.0,167.0211468123541,22.0
2021-08-05 17:00:00,2021-08-05,21.0,119.93216565169492,21.0
2021-08-05 17:15:00,2021-08-05,22.0,111.20472659381984,22.0
2021-08-05 17:30:00,2021-08-05,22.0,136.00192180200062,22.0
2021-08-05 17:45:00,2021-08-05,21.0,157.12378210912624,21.0
2021-08-05 18:00:00,2021-08-05,21.0,167.33787992075582,21.0
2021-08-05 18:15:00,2021-08-05,21.0,169.35946786493056,21.0
2021-08-05 18:30:00,2021-08-05,21.0,167.92588412405624,21.0
2021-08-05 18:45:00,2021-08-05,21.0,167.67360463692793,21.0
2021-08-05 19:00:00,2021-08-05,22.0,165.0541814037976,22.0
2021-08-05 19:15:00,2021-08-05,25.0,164.5657080169947,25.0
2021-08-05 19:30:00,2021-08-05,21.0,167.28437756472022,21.0
2021-08-05 19:45:00,2021-08-05,20.0,155.93230630882374,20.0
2021-08-05 20:00:00,2021-08-05,21.0,127.70886767129753,21.0
2021-08-05 20:15:00,2021-08-05,20.0,133.1926880553992,20.0
2021-08-05 20:30:00,2021-08-05,20.0,121.12754329683791,20.0
2021-08-05 20:45:00,2021-08-05,22.0,128.27630089772217,22.0
2021-08-05 21:00:00,2021-08-05,21.0,121.4416765797146,21.0
2021-08-05 21:15:00,2021-08-05,22.0,119.66105468185124,22.0
2021-08-05 21:30:00,2021-08-05,21.0,125.56757053045546,21.0
2021-08-05 21:45:00,2021-08-05,21.0,123.65176505708672,21.0
2021-08-05 22:00:00,2021-08-05,21.0,111.29611572903416,21.0
2021-08-05 22:15:00,2021-08-05,21.0,122.34546922621396,21.0
2021-08-05 22:30:00,2021-08-05,21.0,118.29954561570158,21.0
2021-08-05 22:45:00,2021-08-05,23.0,116.6742800933926,23.0
2021-08-05 23:00:00,2021-08-05,26.0,119.86663297173864,26.0
2021-08-05 23:15:00,2021-08-05,22.0,113.69936099092892,22.0
2021-08-05 23:30:00,2021-08-05,21.0,113.30699323243957,21.0
2021-08-05 23:45:00,2021-08-05,21.0,96.61651259761815,21.0
2021-08-06 00:00:00,2021-08-06,21.0,78.86857617735126,21.0
2021-08-06 00:15:00,2021-08-06,21.0,74.89979251135206,21.0
2021-08-06 00:30:00,2021-08-06,20.0,73.66324322383447,20.0
2021-08-06 00:45:00,2021-08-06,21.0,73.27719091818194,21.0
2021-08-06 01:00:00,2021-08-06,21.0,97.019205745719,21.0
2021-08-06 01:15:00,2021-08-06,21.0,106.68675867402403,21.0
2021-08-06 01:30:00,2021-08-06,21.0,107.62794932011676,21.0
2021-08-06 01:45:00,2021-08-06,21.0,103.23917403774992,21.0
2021-08-06 02:00:00,2021-08-06,20.0,102.45899409310016,20.0
2021-08-06 02:15:00,2021-08-06,21.0,100.95595608445606,21.0
2021-08-06 02:30:00,2021-08-06,20.0,102.62396722807,20.0
2021-08-06 02:45:00,2021-08-06,20.0,108.81587961142178,20.0
2021-08-06 03:00:00,2021-08-06,25.0,93.79408209659417,25.0
2021-08-06 03:15:00,2021-08-06,22.0,105.62483804563942,22.0
2021-08-06 03:30:00,2021-08-06,21.0,108.90724026261188,21.0
2021-08-06 03:45:00,2021-08-06,21.0,108.57783076570354,21.0
2021-08-06 04:00:00,2021-08-06,21.0,104.10901392216326,21.0
2021-08-06 04:15:00,2021-08-06,23.0,104.46435637902492,23.0
2021-08-06 04:30:00,2021-08-06,21.0,104.38745244906082,21.0
2021-08-06 04:45:00,2021-08-06,21.0,103.34211042378354,21.0
2021-08-06 05:00:00,2021-08-06,21.0,84.97055004416116,21.0
2021-08-06 05:15:00,2021-08-06,20.0,77.14973004097808,20.0
2021-08-06 05:30:00,2021-08-06,21.0,97.28037069373477,21.0
2021-08-06 05:45:00,2021-08-06,21.0,102.5258679998612,21.0
2021-08-06 06:00:00,2021-08-06,19.0,105.93758108155508,19.0
2021-08-06 06:15:00,2021-08-06,20.0,103.3399688842789,20.0
2021-08-06 06:30:00,2021-08-06,22.0,102.49499528178109,22.0
2021-08-06 06:45:00,2021-08-06,25.0,106.45642135310818,25.0
2021-08-06 07:00:00,2021-08-06,20.0,106.46657866713905,20.0
2021-08-06 07:15:00,2021-08-06,20.0,126.27705216456108,23.667398275059103
2021-08-06 07:30:00,2021-08-06,20.0,152.66295465379957,21.964075056239697
2021-08-06 07:45:00,2021-08-06,21.0,153.46118566539167,23.135924943760305
2021-08-06 08:00:00,2021-08-06,20.0,168.2887321672756,20.432601551653836
2021-08-06 08:15:00,2021-08-06,20.0,186.75288192571847,18.505498418589045
2021-08-06 08:30:00,2021-08-06,20.0,186.75288192571847,18.505425714963522
2021-08-06 08:45:00,2021-08-06,21.0,186.3980638706313,19.43791411110057
2021-08-06 09:00:00,2021-08-06,21.0,181.77932810572185,19.91762884203825
2021-08-06 09:15:00,2021-08-06,21.0,181.08049888709283,19.997544718930147
2021-08-06 09:30:00,2021-08-06,21.0,182.6350434735495,19.82733053498171
2021-08-06 09:45:00,2021-08-06,21.0,181.82088476221543,19.91611348144392
2021-08-06 10:00:00,2021-08-06,24.0,172.8776983247402,23.938742553254905
2021-08-06 10:15:00,2021-08-06,25.0,181.4214258637381,23.752636444571323
2021-08-06 10:30:00,2021-08-06,22.0,181.77786324308207,20.869437856353834
2021-08-06 10:45:00,2021-08-06,23.0,182.27353846828976,21.69906457583478
2021-08-06 11:00:00,2021-08-06,23.0,182.1040781962594,21.775746686285007
2021-08-06 11:15:00,2021-08-06,23.0,181.1530465672743,21.9951480835538
2021-08-06 11:30:00,2021-08-06,25.0,182.89577199832596,23.44767059075324
2021-08-06 11:45:00,2021-08-06,24.0,181.7858822429123,22.714097560633018
2021-08-06 12:00:00,2021-08-06,24.0,144.08247451631428,27.58787220363136
2021-08-06 12:15:00,2021-08-06,23.0,118.09722476685008,26.51212779636864
2021-08-06 12:30:00,2021-08-06,24.0,117.9757110938572,28.572711056064627
2021-08-06 12:45:00,2021-08-06,23.0,122.26994708583908,24.089715832356685
2021-08-06 13:00:00,2021-08-06,23.0,173.24471147431203,22.89269457781874
2021-08-06 13:15:00,2021-08-06,23.0,181.6623095830912,21.831926920370424
2021-08-06 13:30:00,2021-08-06,23.0,180.3124796379664,21.995362023564955
2021-08-06 13:45:00,2021-08-06,24.0,179.79618140488196,23.017589589824578
2021-08-06 14:00:00,2021-08-06,27.0,175.44965876084515,26.536295855188346
2021-08-06 14:15:00,2021-08-06,24.0,179.22017177216145,23.09156760912143
2021-08-06 14:30:00,2021-08-06,22.0,180.8354500505505,20.97819769050719
2021-08-06 14:45:00,2021-08-06,21.0,179.22017177216145,20.205121657981252
2021-08-06 15:00:00,2021-08-06,21.0,147.96770525642015,23.379764879665498
2021-08-06 15:15:00,2021-08-06,22.0,163.02466415112647,23.147512317324768
2021-08-06 15:30:00,2021-08-06,21.0,178.02053464593746,20.341279063243487
2021-08-06 15:45:00,2021-08-06,22.0,177.24228302860757,21.40348090641546
2021-08-06 16:00:00,2021-08-06,21.0,170.3885607333616,21.0
2021-08-06 16:15:00,2021-08-06,22.0,168.6558757129132,22.445970934799988
2021-08-06 16:30:00,2021-08-06,22.0,165.02634920937837,22.0
2021-08-06 16:45:00,2021-08-06,22.0,164.82543266627087,22.470809085752578
2021-08-06 17:00:00,2021-08-06,22.0,116.63190421753887,22.0
2021-08-06 17:15:00,2021-08-06,22.0,110.86498654601468,22.0
2021-08-06 17:30:00,2021-08-06,25.0,155.94033562876237,25.0
2021-08-06 17:45:00,2021-08-06,24.0,162.9037058591174,24.0
2021-08-06 18:00:00,2021-08-06,22.0,161.34038764394856,22.0
2021-08-06 18:15:00,2021-08-06,21.0,159.9909337944782,21.0
2021-08-06 18:30:00,2021-08-06,22.0,158.9284601893651,22.0
2021-08-06 18:45:00,2021-08-06,22.0,160.5829728981363,22.0
2021-08-06 19:00:00,2021-08-06,21.0,156.64179994232586,21.0
2021-08-06 19:15:00,2021-08-06,21.0,140.73241122000675,21.0
2021-08-06 19:30:00,2021-08-06,21.0,146.96282388351958,21.0
2021-08-06 19:45:00,2021-08-06,21.0,114.58509610123036,21.0
2021-08-06 20:00:00,2021-08-06,21.0,108.4819589560946,21.0
2021-08-06 20:15:00,2021-08-06,21.0,109.67740986586831,21.0
2021-08-06 20:30:00,2021-08-06,20.0,106.3189014995208,20.0
2021-08-06 20:45:00,2021-08-06,21.0,108.3962826801541,21.0
2021-08-06 21:00:00,2021-08-06,24.0,110.78606220844482,24.0
2021-08-06 21:15:00,2021-08-06,26.0,107.9721560565814,26.0
2021-08-06 21:30:00,2021-08-06,21.0,108.19975658874384,21.0
2021-08-06 21:45:00,2021-08-06,21.0,107.39301363000006,21.0
2021-08-06 22:00:00,2021-08-06,21.0,98.63350770856856,21.0
2021-08-06 22:15:00,2021-08-06,21.0,106.67338519221828,21.0
2021-08-06 22:30:00,2021-08-06,21.0,105.85761595800496,21.0
2021-08-06 22:45:00,2021-08-06,21.0,104.28010061151808,21.0
2021-08-06 23:00:00,2021-08-06,21.0,108.25783914355002,21.0
2021-08-06 23:15:00,2021-08-06,21.0,107.45522066737934,21.0
2021-08-06 23:30:00,2021-08-06,21.0,106.99483347709403,21.0
2021-08-06 23:45:00,2021-08-06,21.0,86.37598650282243,21.0
2021-08-07 00:00:00,2021-08-07,21.0,19.23456497287316,21.0
2021-08-07 00:15:00,2021-08-07,21.0,19.072714571051584,21.0
2021-08-07 00:30:00,2021-08-07,21.0,19.455273837287805,21.0
2021-08-07 00:45:00,2021-08-07,24.0,19.0739689565474,24.0
2021-08-07 01:00:00,2021-08-07,25.0,34.19076555079197,25.0
2021-08-07 01:15:00,2021-08-07,22.0,33.498430569498986,22.0
2021-08-07 01:30:00,2021-08-07,21.0,32.82785902972477,21.0
2021-08-07 01:45:00,2021-08-07,21.0,32.82785902972477,21.0
2021-08-07 02:00:00,2021-08-07,21.0,32.80152025946693,21.0
2021-08-07 02:15:00,2021-08-07,20.0,32.80152025946693,20.0
2021-08-07 02:30:00,2021-08-07,21.0,31.926899783741145,21.0
2021-08-07 02:45:00,2021-08-07,20.0,25.340616360030577,20.0
2021-08-07 03:00:00,2021-08-07,21.0,18.819034301815048,21.0
2021-08-07 03:15:00,2021-08-07,20.0,32.748032589486954,20.0
2021-08-07 03:30:00,2021-08-07,20.0,33.53793254927486,20.0
2021-08-07 03:45:00,2021-08-07,21.0,33.53793254927486,21.0
2021-08-07 04:00:00,2021-08-07,21.0,35.99723401175695,21.0
2021-08-07 04:15:00,2021-08-07,21.0,35.17196508012874,21.0
2021-08-07 04:30:00,2021-08-07,21.0,32.45426565966347,21.0
2021-08-07 04:45:00,2021-08-07,21.0,32.25916567771196,21.0
2021-08-07 05:00:00,2021-08-07,24.0,21.104375129829677,24.0
2021-08-07 05:15:00,2021-08-07,22.0,16.998716419055558,22.0
2021-08-07 05:30:00,2021-08-07,21.0,23.684185620922943,21.0
2021-08-07 05:45:00,2021-08-07,21.0,33.21369939931196,21.0
2021-08-07 06:00:00,2021-08-07,21.0,35.58253634946245,21.0
2021-08-07 06:15:00,2021-08-07,21.0,34.574304223810245,21.0
2021-08-07 06:30:00,2021-08-07,21.0,33.456844134301804,21.0
2021-08-07 06:45:00,2021-08-07,21.0,27.943960159024893,21.0
2021-08-07 07:00:00,2021-08-07,21.0,27.660369235433876,21.0
2021-08-07 07:15:00,2021-08-07,20.0,33.3005183050684,20.0
2021-08-07 07:30:00,2021-08-07,20.0,47.413684389299625,20.0
2021-08-07 07:45:00,2021-08-07,21.0,77.49169574688734,21.0
2021-08-07 08:00:00,2021-08-07,20.0,90.54332935387076,21.590575634578386
2021-08-07 08:15:00,2021-08-07,20.0,79.54454007459103,23.492400749064892
2021-08-07 08:30:00,2021-08-07,22.0,79.54454007459103,25.70230967385767
2021-08-07 08:45:00,2021-08-07,25.0,94.88782774312251,24.914713942499056
2021-08-07 09:00:00,2021-08-07,24.0,99.86834163543392,22.941551637153974
2021-08-07 09:15:00,2021-08-07,21.0,99.86834163543392,20.23863560329436
2021-08-07 09:30:00,2021-08-07,21.0,99.86834163543392,20.16757108614875
2021-08-07 09:45:00,2021-08-07,21.0,99.86834163543392,20.2460903781526
2021-08-07 10:00:00,2021-08-07,21.0,104.86090863717963,19.34169755845741
2021-08-07 10:15:00,2021-08-07,21.0,105.16013802239354,19.286661454680345
2021-08-07 10:30:00,2021-08-07,20.0,105.6962032067903,18.275089756623796
2021-08-07 10:45:00,2021-08-07,21.0,103.81782648821024,19.536028148264958
2021-08-07 11:00:00,2021-08-07,21.0,103.30284247164512,19.633418907345806
2021-08-07 11:15:00,2021-08-07,21.0,102.53091137914971,19.781234295921873
2021-08-07 11:30:00,2021-08-07,20.0,86.3508385099527,22.218025360577393
2021-08-07 11:45:00,2021-08-07,21.0,86.56636896538677,23.10019260965293
2021-08-07 12:00:00,2021-08-07,21.0,84.21171125286423,23.52705275195365
2021-08-07 12:15:00,2021-08-07,23.0,98.3416435369308,22.588078261931944
2021-08-07 12:30:00,2021-08-07,26.0,98.81835653350588,25.411168215983732
2021-08-07 12:45:00,2021-08-07,22.0,103.43563739179272,20.541937132790153
2021-08-07 13:00:00,2021-08-07,21.0,104.78381844213618,19.35592738191127
2021-08-07 13:15:00,2021-08-07,21.0,105.35798661078492,19.250443614283608
2021-08-07 13:30:00,2021-08-07,21.0,105.35798661078492,19.250443614283608
2021-08-07 13:45:00,2021-08-07,20.0,89.46741241719201,21.2042852656481
2021-08-07 14:00:00,2021-08-07,21.0,104.47306771315088,19.41197791399858
2021-08-07 14:15:00,2021-08-07,21.0,104.82394347490464,19.346244757024664
2021-08-07 14:30:00,2021-08-07,21.0,104.82394347490464,19.346244754689078
2021-08-07 14:45:00,2021-08-07,21.0,87.03031013721161,22.792506046725038
2021-08-07 15:00:00,2021-08-07,22.0,88.61838631346656,23.59620577721225
2021-08-07 15:15:00,2021-08-07,21.0,102.64084321107812,19.742136261522347
2021-08-07 15:30:00,2021-08-07,21.0,89.09644009935128,22.393265334191813
2021-08-07 15:45:00,2021-08-07,21.0,89.09644009935128,22.80962630064476
2021-08-07 16:00:00,2021-08-07,24.0,105.16919778940886,22.040000013003404
2021-08-07 16:15:00,2021-08-07,25.0,88.97140823405688,26.21814371834067
2021-08-07 16:30:00,2021-08-07,24.0,103.93952078316102,22.30074858130047
2021-08-07 16:45:00,2021-08-07,21.0,87.74173122780904,23.055671700032722
2021-08-07 17:00:00,2021-08-07,21.0,95.5171223814918,21.242639328117946
2021-08-07 17:15:00,2021-08-07,21.0,79.85398013810068,24.109056478136008
2021-08-07 17:30:00,2021-08-07,21.0,79.51543804901304,21.395188471368012
2021-08-07 17:45:00,2021-08-07,21.0,98.09657387764392,20.675421173170903
2021-08-07 18:00:00,2021-08-07,21.0,95.67109388938552,21.0
2021-08-07 18:15:00,2021-08-07,21.0,98.43273634155972,20.60481152863199
2021-08-07 18:30:00,2021-08-07,21.0,95.47105930645982,21.0
2021-08-07 18:45:00,2021-08-07,21.0,91.21796041019056,21.3245788268291
2021-08-07 19:00:00,2021-08-07,21.0,76.73844679977549,21.0
2021-08-07 19:15:00,2021-08-07,21.0,77.01583878873713,21.0
2021-08-07 19:30:00,2021-08-07,21.0,90.72454510985192,21.0
2021-08-07 19:45:00,2021-08-07,24.0,87.80720288830254,24.0
2021-08-07 20:00:00,2021-08-07,26.0,87.67904697924791,26.0
2021-08-07 20:15:00,2021-08-07,21.0,85.93049500136951,21.0
2021-08-07 20:30:00,2021-08-07,21.0,85.53780765984729,21.0
2021-08-07 20:45:00,2021-08-07,22.0,71.76034278440132,22.0
2021-08-07 21:00:00,2021-08-07,22.0,85.13480296842556,22.0
2021-08-07 21:15:00,2021-08-07,22.0,71.49950488176198,22.0
2021-08-07 21:30:00,2021-08-07,21.0,84.57775418891276,21.0
2021-08-07 21:45:00,2021-08-07,22.0,84.54942688941463,22.0
2021-08-07 22:00:00,2021-08-07,21.0,83.94892637385134,21.0
2021-08-07 22:15:00,2021-08-07,21.0,84.25062125195423,21.0
2021-08-07 22:30:00,2021-08-07,21.0,83.96837498185822,21.0
2021-08-07 22:45:00,2021-08-07,21.0,71.2924637722736,21.0
2021-08-07 23:00:00,2021-08-07,23.0,69.94173383058745,23.0
2021-08-07 23:15:00,2021-08-07,21.0,70.23832602568527,21.0
2021-08-07 23:30:00,2021-08-07,23.0,82.86381611707553,23.0
2021-08-07 23:45:00,2021-08-07,25.0,82.54067826234318,25.0
2021-08-08 00:00:00,2021-08-08,21.0,38.58390987572911,21.0
2021-08-08 00:15:00,2021-08-08,21.0,38.42205947390753,21.0
2021-08-08 00:30:00,2021-08-08,21.0,38.263636255891406,21.0
2021-08-08 00:45:00,2021-08-08,21.0,38.52263096455725,21.0
2021-08-08 01:00:00,2021-08-08,21.0,39.161759872483934,21.0
2021-08-08 01:15:00,2021-08-08,21.0,39.76228390770363,21.0
2021-08-08 01:30:00,2021-08-08,21.0,38.9535764603677,21.0
2021-08-08 01:45:00,2021-08-08,21.0,38.9535764603677,21.0
2021-08-08 02:00:00,2021-08-08,21.0,39.376180679772375,21.0
2021-08-08 02:15:00,2021-08-08,21.0,38.92723769010986,21.0
2021-08-08 02:30:00,2021-08-08,21.0,38.79248410901173,21.0
2021-08-08 02:45:00,2021-08-08,21.0,38.79248410901173,21.0
2021-08-08 03:00:00,2021-08-08,21.0,34.60183489657951,21.0
2021-08-08 03:15:00,2021-08-08,24.0,35.04633321364242,24.0
2021-08-08 03:30:00,2021-08-08,24.0,39.54535487104757,24.0
2021-08-08 03:45:00,2021-08-08,21.0,39.54535487104757,21.0
2021-08-08 04:00:00,2021-08-08,21.0,39.54535487104757,21.0
2021-08-08 04:15:00,2021-08-08,21.0,35.293771863916035,21.0
2021-08-08 04:30:00,2021-08-08,21.0,39.69976741425762,21.0
2021-08-08 04:45:00,2021-08-08,21.0,40.713199495986615,21.0
2021-08-08 05:00:00,2021-08-08,21.0,39.265501789329626,21.0
2021-08-08 05:15:00,2021-08-08,20.0,37.99419756429326,20.0
2021-08-08 05:30:00,2021-08-08,20.0,38.44314055395577,20.0
2021-08-08 05:45:00,2021-08-08,21.0,41.56210255374802,21.0
2021-08-08 06:00:00,2021-08-08,21.0,40.45234233113217,21.0
2021-08-08 06:15:00,2021-08-08,23.0,41.30255058201977,23.0
2021-08-08 06:30:00,2021-08-08,20.0,35.1413014833683,20.0
2021-08-08 06:45:00,2021-08-08,21.0,35.34132442582072,21.0
2021-08-08 07:00:00,2021-08-08,25.0,43.653468352621445,25.439601435747324
2021-08-08 07:15:00,2021-08-08,22.0,51.34878014433176,23.657133054125836
2021-08-08 07:30:00,2021-08-08,20.0,71.67662573817387,22.1
2021-08-08 07:45:00,2021-08-08,20.0,107.84197749307344,21.903056416016806
2021-08-08 08:00:00,2021-08-08,20.0,120.18002375806527,19.792928243439707
2021-08-08 08:15:00,2021-08-08,20.0,122.17582956070542,19.496036127834838
2021-08-08 08:30:00,2021-08-08,21.0,122.17582956070542,20.38321003146428
2021-08-08 08:45:00,2021-08-08,21.0,120.90464596591455,20.597899929625346
2021-08-08 09:00:00,2021-08-08,21.0,124.68351061188874,20.029113928894642
2021-08-08 09:15:00,2021-08-08,21.0,126.85596409591436,19.686108232261613
2021-08-08 09:30:00,2021-08-08,21.0,126.87865839428213,19.682587053683775
2021-08-08 09:45:00,2021-08-08,21.0,126.87865839428213,19.682587053683772
2021-08-08 10:00:00,2021-08-08,21.0,118.3908693179214,21.087437618741582
2021-08-08 10:15:00,2021-08-08,21.0,118.69009870313532,21.02951835074187
2021-08-08 10:30:00,2021-08-08,23.0,119.14664346629378,22.905678002171232
2021-08-08 10:45:00,2021-08-08,25.0,119.23966957335736,24.93278022118403
2021-08-08 11:00:00,2021-08-08,21.0,118.68852821601844,21.04078812484422
2021-08-08 11:15:00,2021-08-08,21.0,118.41594257910964,21.089017070962147
2021-08-08 11:30:00,2021-08-08,21.0,116.8609337388586,21.397299325761008
2021-08-08 11:45:00,2021-08-08,21.0,116.70119181713312,21.06721977881597
2021-08-08 12:00:00,2021-08-08,21.0,114.43548484186928,21.0
2021-08-08 12:15:00,2021-08-08,21.0,114.45603120892694,21.75454636102026
2021-08-08 12:30:00,2021-08-08,21.0,114.0239870782331,21.947081688003585
2021-08-08 12:45:00,2021-08-08,20.0,115.82945622554436,20.548615647689022
2021-08-08 13:00:00,2021-08-08,20.0,118.29698018298858,20.107489357123434
2021-08-08 13:15:00,2021-08-08,23.0,118.87744820360815,22.96351463500862
2021-08-08 13:30:00,2021-08-08,20.0,118.87744820360815,20.00882779172025
2021-08-08 13:45:00,2021-08-08,21.0,118.26432336908069,21.04754481799469
2021-08-08 14:00:00,2021-08-08,20.0,117.97902362014884,20.064214208253357
2021-08-08 14:15:00,2021-08-08,25.0,117.84034579486598,25.05639796617957
2021-08-08 14:30:00,2021-08-08,22.0,117.74731968780242,22.17767641485956
2021-08-08 14:45:00,2021-08-08,21.0,131.89587575691118,18.93387662630693
2021-08-08 15:00:00,2021-08-08,20.0,131.89587575691118,18.032263453625646
2021-08-08 15:15:00,2021-08-08,20.0,117.85010109652757,20.162091180198463
2021-08-08 15:30:00,2021-08-08,21.0,132.13228767196105,18.900000015893163
2021-08-08 15:45:00,2021-08-08,21.0,115.75662128593716,21.340318901798124
2021-08-08 16:00:00,2021-08-08,21.0,132.07758761536243,18.907465002321903
2021-08-08 16:15:00,2021-08-08,21.0,115.72001540403036,21.308169908743167
2021-08-08 16:30:00,2021-08-08,20.0,114.37942721371226,20.798153554607484
2021-08-08 16:45:00,2021-08-08,21.0,116.45481284961087,21.420168462330462
2021-08-08 17:00:00,2021-08-08,21.0,110.07007816677648,22.30652181071882
2021-08-08 17:15:00,2021-08-08,21.0,110.03478096107848,22.612252109248487
2021-08-08 17:30:00,2021-08-08,22.0,109.54659223888304,22.804214926415757
2021-08-08 17:45:00,2021-08-08,25.0,112.3121839983238,26.09470381251274
2021-08-08 18:00:00,2021-08-08,24.0,112.21915789126024,24.0
2021-08-08 18:15:00,2021-08-08,21.0,126.7414743142213,19.703891347426502
2021-08-08 18:30:00,2021-08-08,21.0,110.00608484721462,21.798221527685133
2021-08-08 18:45:00,2021-08-08,21.0,106.68197452588136,21.07887960192893
2021-08-08 19:00:00,2021-08-08,21.0,121.2134793080862,20.602496136198834
2021-08-08 19:15:00,2021-08-08,21.0,121.23239044700264,20.599282336116033
2021-08-08 19:30:00,2021-08-08,21.0,120.5768589474366,20.711272966471274
2021-08-08 19:45:00,2021-08-08,21.0,118.2942772425026,21.10881372364517
2021-08-08 20:00:00,2021-08-08,21.0,118.33894818795628,21.101033707954628
2021-08-08 20:15:00,2021-08-08,22.0,116.59341085403824,22.0
2021-08-08 20:30:00,2021-08-08,20.0,115.86826325381791,20.0
2021-08-08 20:45:00,2021-08-08,21.0,115.86826325381791,21.0
2021-08-08 21:00:00,2021-08-08,21.0,103.14917337032078,21.0
2021-08-08 21:15:00,2021-08-08,21.0,102.88833546768144,21.0
2021-08-08 21:30:00,2021-08-08,21.0,115.31959368375264,21.0
2021-08-08 21:45:00,2021-08-08,26.0,115.2912663842545,26.0
2021-08-08 22:00:00,2021-08-08,22.0,114.95250451321022,22.0
2021-08-08 22:15:00,2021-08-08,21.0,115.25419939131312,21.0
2021-08-08 22:30:00,2021-08-08,21.0,115.25419939131312,21.0
2021-08-08 22:45:00,2021-08-08,21.0,115.53253095256488,21.0
2021-08-08 23:00:00,2021-08-08,20.0,114.42016204384564,20.0
2021-08-08 23:15:00,2021-08-08,21.0,114.5587938403113,21.0
2021-08-08 23:30:00,2021-08-08,21.0,113.87354837322911,21.0
2021-08-08 23:45:00,2021-08-08,21.0,113.87941140114924,21.0
2021-08-09 00:00:00,2021-08-09,21.0,25.036775072830583,21.0
2021-08-09 00:15:00,2021-08-09,21.0,24.28734793448328,21.0
2021-08-09 00:30:00,2021-08-09,21.0,24.228789378904125,21.0
2021-08-09 00:45:00,2021-08-09,21.0,21.47550191158787,21.0
2021-08-09 01:00:00,2021-08-09,21.0,21.47550191158787,21.0
2021-08-09 01:15:00,2021-08-09,25.0,22.6611170771892,25.0
2021-08-09 01:30:00,2021-08-09,24.0,26.615151004185165,24.0
2021-08-09 01:45:00,2021-08-09,21.0,26.615151004185165,21.0
2021-08-09 02:00:00,2021-08-09,21.0,26.588812233927328,21.0
2021-08-09 02:15:00,2021-08-09,20.0,26.588812233927328,20.0
2021-08-09 02:30:00,2021-08-09,20.0,26.66586347735132,20.0
2021-08-09 02:45:00,2021-08-09,20.0,26.925415449079576,20.0
2021-08-09 03:00:00,2021-08-09,21.0,27.089302592731432,21.0
2021-08-09 03:15:00,2021-08-09,21.0,28.24504527815247,21.0
2021-08-09 03:30:00,2021-08-09,21.0,28.261986617970518,21.0
2021-08-09 03:45:00,2021-08-09,23.0,27.67425690137197,23.0
2021-08-09 04:00:00,2021-08-09,20.0,27.67425690137197,20.0
2021-08-09 04:15:00,2021-08-09,21.0,27.82866944458202,21.0
2021-08-09 04:30:00,2021-08-09,21.0,27.82866944458202,21.0
2021-08-09 04:45:00,2021-08-09,22.0,27.98922694775221,22.0
2021-08-09 05:00:00,2021-08-09,25.0,22.670541205488032,25.0
2021-08-09 05:15:00,2021-08-09,20.0,22.342246809623663,20.0
2021-08-09 05:30:00,2021-08-09,19.0,25.67320013505832,19.0
2021-08-09 05:45:00,2021-08-09,20.0,28.80875567320921,20.0
2021-08-09 06:00:00,2021-08-09,20.0,29.357305825636416,20.0
2021-08-09 06:15:00,2021-08-09,20.0,28.959318762027188,20.0
2021-08-09 06:30:00,2021-08-09,20.0,28.8082612855635,20.0
2021-08-09 06:45:00,2021-08-09,20.0,29.53671488677144,24.766495856324838
2021-08-09 07:00:00,2021-08-09,27.0,33.121222895356055,42.800000000000004
2021-08-09 07:15:00,2021-08-09,48.0,46.4154185096882,67.1
2021-08-09 07:30:00,2021-08-09,92.0,67.45502891718877,113.5
2021-08-09 07:45:00,2021-08-09,112.0,101.11113288390432,128.03350414367517
2021-08-09 08:00:00,2021-08-09,158.0,115.6042502955809,149.82143930152304
2021-08-09 08:15:00,2021-08-09,191.0,117.60485242478612,176.03868463815797
2021-08-09 08:30:00,2021-08-09,215.0,115.49004947306136,200.74201079871716
2021-08-09 08:45:00,2021-08-09,208.0,115.5785575681608,194.41314686961684
2021-08-09 09:00:00,2021-08-09,197.0,111.71760619056448,191.05769561196442
2021-08-09 09:15:00,2021-08-09,186.0,113.32231470774435,177.86485981099705
2021-08-09 09:30:00,2021-08-09,185.0,113.43075014283156,176.7394793081198
2021-08-09 09:45:00,2021-08-09,195.0,112.69036426770896,187.51692628612915
2021-08-09 10:00:00,2021-08-09,167.0,111.98553388614346,161.60217189288196
2021-08-09 10:15:00,2021-08-09,201.0,114.13695859031854,190.7879010454153
2021-08-09 10:30:00,2021-08-09,186.0,114.42960152943408,176.16568394662318
2021-08-09 10:45:00,2021-08-09,173.0,115.2337241013552,162.75225316291446
2021-08-09 11:00:00,2021-08-09,192.0,114.28516259890338,181.52553227807257
2021-08-09 11:15:00,2021-08-09,190.0,114.3159168346492,180.65328667267786
2021-08-09 11:30:00,2021-08-09,184.0,113.43676075204304,175.79617173759465
2021-08-09 11:45:00,2021-08-09,183.0,112.47063207321872,175.42275932660715
2021-08-09 12:00:00,2021-08-09,144.0,98.36525642555112,161.10969353741177
2021-08-09 12:15:00,2021-08-09,123.0,87.0221585100992,158.0779959590629
2021-08-09 12:30:00,2021-08-09,124.0,85.22484290059927,161.6860109415033
2021-08-09 12:45:00,2021-08-09,126.0,87.39927112091341,156.8941369420507
2021-08-09 13:00:00,2021-08-09,160.0,110.39008346156928,157.40122511458512
2021-08-09 13:15:00,2021-08-09,178.0,112.3575610700396,171.6583361734679
2021-08-09 13:30:00,2021-08-09,190.0,112.90982062736414,182.2599368597443
2021-08-09 13:45:00,2021-08-09,200.0,110.3721672227084,195.66717180023778
2021-08-09 14:00:00,2021-08-09,191.0,112.0334239428288,184.7474297973669
2021-08-09 14:15:00,2021-08-09,178.0,112.65537138168264,171.22246523142482
2021-08-09 14:30:00,2021-08-09,186.0,112.7572264371194,178.75623812182837
2021-08-09 14:45:00,2021-08-09,175.0,111.27863089256752,170.4193568333036
2021-08-09 15:00:00,2021-08-09,149.0,108.91766563550308,148.24518301219246
2021-08-09 15:15:00,2021-08-09,158.0,109.949467617342,155.72437736196693
2021-08-09 15:30:00,2021-08-09,176.0,111.78165261291144,170.62190584375136
2021-08-09 15:45:00,2021-08-09,183.0,111.78165261291144,177.40800437162784
2021-08-09 16:00:00,2021-08-09,191.0,107.47078140337852,192.29542928063432
2021-08-09 16:15:00,2021-08-09,190.0,107.47078140337852,191.05850236673413
2021-08-09 16:30:00,2021-08-09,183.0,108.52753067844048,182.21656963429135
2021-08-09 16:45:00,2021-08-09,173.0,109.33855657130682,171.4610242858044
2021-08-09 17:00:00,2021-08-09,169.0,91.12979755790464,184.65626434623323
2021-08-09 17:15:00,2021-08-09,160.0,88.67529604461215,164.1159595295847
2021-08-09 17:30:00,2021-08-09,139.0,109.27792309492632,137.83992079113514
2021-08-09 17:45:00,2021-08-09,117.0,110.00593124643738,115.25569843432989
2021-08-09 18:00:00,2021-08-09,103.0,111.19583157279264,100.37865325859838
2021-08-09 18:15:00,2021-08-09,100.0,111.60103581604297,97.10116074171425
2021-08-09 18:30:00,2021-08-09,96.0,107.98475479988544,96.0
2021-08-09 18:45:00,2021-08-09,94.0,105.47101978476668,96.62134674140161
2021-08-09 19:00:00,2021-08-09,95.0,105.72142122955896,95.0
2021-08-09 19:15:00,2021-08-09,94.0,107.4713301890136,94.0
2021-08-09 19:30:00,2021-08-09,93.0,104.21942674226756,93.0
2021-08-09 19:45:00,2021-08-09,90.0,86.22833861539847,90.0
2021-08-09 20:00:00,2021-08-09,100.0,82.88953074242599,100.0
2021-08-09 20:15:00,2021-08-09,112.0,83.78396940429701,112.0
2021-08-09 20:30:00,2021-08-09,110.0,86.90026537764987,110.0
2021-08-09 20:45:00,2021-08-09,113.0,82.85688530825153,113.0
2021-08-09 21:00:00,2021-08-09,116.0,84.02791741895625,116.0
2021-08-09 21:15:00,2021-08-09,119.0,85.27184979708964,119.0
2021-08-09 21:30:00,2021-08-09,111.0,85.88597103293482,111.0
2021-08-09 21:45:00,2021-08-09,115.0,88.30548788519641,115.0
2021-08-09 22:00:00,2021-08-09,106.0,84.66133723856782,106.0
2021-08-09 22:15:00,2021-08-09,108.0,85.1198257392392,108.0
2021-08-09 22:30:00,2021-08-09,108.0,85.16463734428822,108.0
2021-08-09 22:45:00,2021-08-09,112.0,85.16463734428822,112.0
2021-08-09 23:00:00,2021-08-09,108.0,84.04167828849117,108.0
2021-08-09 23:15:00,2021-08-09,104.0,84.49522567802379,104.0
2021-08-09 23:30:00,2021-08-09,103.0,79.88479606398833,103.0
2021-08-09 23:45:00,2021-08-09,76.0,69.02837888276869,76.0
2021-08-10 00:00:00,2021-08-10,71.0,62.40805801633811,71.0
2021-08-10 00:15:00,2021-08-10,68.0,62.246207614516536,68.0
2021-08-10 00:30:00,2021-08-10,67.0,62.91116870306757,67.0
2021-08-10 00:45:00,2021-08-10,67.0,62.96583408575292,67.0
2021-08-10 01:00:00,2021-08-10,104.0,76.9856056453297,104.0
2021-08-10 01:15:00,2021-08-10,101.0,85.49696119749197,101.0
2021-08-10 01:30:00,2021-08-10,98.0,86.79125994347204,98.0
2021-08-10 01:45:00,2021-08-10,93.0,82.49648403616423,93.0
2021-08-10 02:00:00,2021-08-10,96.0,82.98535732485018,96.0
2021-08-10 02:15:00,2021-08-10,95.0,83.07762040995121,95.0
2021-08-10 02:30:00,2021-08-10,94.0,82.9392082007985,94.0
2021-08-10 02:45:00,2021-08-10,97.0,83.0586738769177,97.0
2021-08-10 03:00:00,2021-08-10,86.0,79.20569283772576,86.0
2021-08-10 03:15:00,2021-08-10,101.0,84.43506123565454,101.0
2021-08-10 03:30:00,2021-08-10,104.0,84.9198985697445,104.0
2021-08-10 03:45:00,2021-08-10,99.0,83.5893572507252,99.0
2021-08-10 04:00:00,2021-08-10,103.0,84.13334825592909,103.0
2021-08-10 04:15:00,2021-08-10,103.0,83.84195650428343,103.0
2021-08-10 04:30:00,2021-08-10,101.0,83.17668482002749,101.0
2021-08-10 04:45:00,2021-08-10,98.0,80.35276434109001,98.0
2021-08-10 05:00:00,2021-08-10,78.0,73.66252929486951,78.0
2021-08-10 05:15:00,2021-08-10,72.0,73.81423456375623,72.0
2021-08-10 05:30:00,2021-08-10,91.0,81.4311056722531,91.0
2021-08-10 05:45:00,2021-08-10,99.0,81.95870615607738,99.0
2021-08-10 06:00:00,2021-08-10,96.0,84.26016179051125,96.0
2021-08-10 06:15:00,2021-08-10,101.0,83.11723799515514,101.0
2021-08-10 06:30:00,2021-08-10,97.0,80.75399077490398,97.0
2021-08-10 06:45:00,2021-08-10,105.0,80.8103028493937,105.0
2021-08-10 07:00:00,2021-08-10,115.0,81.007585716911,144.5999979226698
2021-08-10 07:15:00,2021-08-10,126.0,91.99921067890946,158.1
2021-08-10 07:30:00,2021-08-10,138.0,119.5765365155538,140.93208084280565
2021-08-10 07:45:00,2021-08-10,132.0,119.74077853515482,134.82208122591004
2021-08-10 08:00:00,2021-08-10,158.0,124.74577617063548,151.53153594813827
2021-08-10 08:15:00,2021-08-10,189.0,127.6548113577897,175.31174291211573
2021-08-10 08:30:00,2021-08-10,195.0,127.6548113577897,181.08009374050818
2021-08-10 08:45:00,2021-08-10,190.0,128.1405231344426,175.94339741787732
2021-08-10 09:00:00,2021-08-10,182.0,122.96261975567262,175.50188872788587
2021-08-10 09:15:00,2021-08-10,174.0,122.96261975567262,167.7875199925942
2021-08-10 09:30:00,2021-08-10,193.0,124.00265720963738,184.54820755863875
2021-08-10 09:45:00,2021-08-10,190.0,124.65472928509456,180.72921202995198
2021-08-10 10:00:00,2021-08-10,142.0,119.85872092389556,142.06181986546247
2021-08-10 10:15:00,2021-08-10,180.0,124.42812112796072,171.52896844546297
2021-08-10 10:30:00,2021-08-10,192.0,124.4815635042507,182.85847076574706
2021-08-10 10:45:00,2021-08-10,186.0,124.4815635042507,177.21365370323744
2021-08-10 11:00:00,2021-08-10,180.0,125.26758525731532,168.98180358699835
2021-08-10 11:15:00,2021-08-10,191.0,125.4052020115613,180.16307064584987
2021-08-10 11:30:00,2021-08-10,183.0,123.5188231659809,176.1221179727972
2021-08-10 11:45:00,2021-08-10,185.0,123.72914799706965,177.282336695349
2021-08-10 12:00:00,2021-08-10,119.0,89.7560029897552,155.3
2021-08-10 12:15:00,2021-08-10,100.0,87.86721514429613,123.25524993830939
2021-08-10 12:30:00,2021-08-10,100.0,89.99739695255735,121.49121591484956
2021-08-10 12:45:00,2021-08-10,110.0,87.35852148249246,147.5
2021-08-10 13:00:00,2021-08-10,161.0,117.73857880574631,162.53753095697763
2021-08-10 13:15:00,2021-08-10,187.0,120.36903662643944,184.20878408515043
2021-08-10 13:30:00,2021-08-10,187.0,120.99571608463556,181.33053573430035
2021-08-10 13:45:00,2021-08-10,190.0,122.4196530664672,182.49686260108837
2021-08-10 14:00:00,2021-08-10,180.0,122.44488422401284,174.30721910471297
2021-08-10 14:15:00,2021-08-10,172.0,121.87632205485482,167.33724754226043
2021-08-10 14:30:00,2021-08-10,164.0,121.78329594779126,159.1795744409919
2021-08-10 14:45:00,2021-08-10,165.0,122.94640423974758,159.1619642401262
2021-08-10 15:00:00,2021-08-10,133.0,117.97535984804708,133.87445632734648
2021-08-10 15:15:00,2021-08-10,138.0,121.2186444412434,134.9873828690671
2021-08-10 15:30:00,2021-08-10,167.0,122.8462405530498,161.19000724547567
2021-08-10 15:45:00,2021-08-10,181.0,123.573356944182,173.67497466352717
2021-08-10 16:00:00,2021-08-10,178.0,120.93822461913015,174.5178795355367
2021-08-10 16:15:00,2021-08-10,182.0,120.2830609658316,179.41156333043108
2021-08-10 16:30:00,2021-08-10,155.0,120.37668048573735,152.67672979920758
2021-08-10 16:45:00,2021-08-10,161.0,120.28075347304616,159.23593148284112
2021-08-10 17:00:00,2021-08-10,116.0,115.4861709711116,120.4096632771984
2021-08-10 17:15:00,2021-08-10,98.0,113.51907894532306,105.06263378121827
2021-08-10 17:30:00,2021-08-10,132.0,117.826637292689,133.3966393155536
2021-08-10 17:45:00,2021-08-10,156.0,118.07646068525334,156.66851179500205
2021-08-10 18:00:00,2021-08-10,162.0,118.39812215215326,162.19521224074762
2021-08-10 18:15:00,2021-08-10,166.0,116.75985142964564,168.03055049990394
2021-08-10 18:30:00,2021-08-10,164.0,118.48061493121656,164.10279640773604
2021-08-10 18:45:00,2021-08-10,168.0,116.7072761224495,168.35888287043988
2021-08-10 19:00:00,2021-08-10,161.0,115.78217402686208,161.0
2021-08-10 19:15:00,2021-08-10,163.0,115.83281627727376,163.0
2021-08-10 19:30:00,2021-08-10,161.0,116.74484628228836,161.0
2021-08-10 19:45:00,2021-08-10,139.0,114.01808359343056,139.0
2021-08-10 20:00:00,2021-08-10,117.0,110.37422640562254,117.0
2021-08-10 20:15:00,2021-08-10,135.0,110.39884191583091,135.0
2021-08-10 20:30:00,2021-08-10,131.0,110.69315824895575,131.0
2021-08-10 20:45:00,2021-08-10,133.0,110.69315824895575,133.0
2021-08-10 21:00:00,2021-08-10,127.0,110.69315824895575,127.0
2021-08-10 21:15:00,2021-08-10,121.0,110.46390957558708,121.0
2021-08-10 21:30:00,2021-08-10,120.0,110.42553900150703,120.0
2021-08-10 21:45:00,2021-08-10,122.0,110.09789730966284,122.0
2021-08-10 22:00:00,2021-08-10,99.0,103.54440468500546,99.0
2021-08-10 22:15:00,2021-08-10,114.0,103.42163748344376,114.0
2021-08-10 22:30:00,2021-08-10,104.0,88.39827485109468,104.0
2021-08-10 22:45:00,2021-08-10,106.0,88.39827485109468,106.0
2021-08-10 23:00:00,2021-08-10,103.0,108.60101534086112,103.0
2021-08-10 23:15:00,2021-08-10,101.0,108.68524043699762,101.0
2021-08-10 23:30:00,2021-08-10,109.0,80.78358396945202,109.0
2021-08-10 23:45:00,2021-08-10,84.0,74.99301432863578,84.0
2021-08-11 00:00:00,2021-08-11,81.0,77.35968644500163,81.0
2021-08-11 00:15:00,2021-08-11,83.0,76.65787317403984,83.0
2021-08-11 00:30:00,2021-08-11,76.0,76.4835027376812,76.0
2021-08-11 00:45:00,2021-08-11,66.0,76.53816812036655,66.0
2021-08-11 01:00:00,2021-08-11,102.0,88.5436914723144,102.0
2021-08-11 01:15:00,2021-08-11,108.0,91.8370383370656,108.0
2021-08-11 01:30:00,2021-08-11,96.0,106.5876981835122,96.0
2021-08-11 01:45:00,2021-08-11,90.0,91.98167616160718,90.0
2021-08-11 02:00:00,2021-08-11,101.0,90.86794429504812,101.0
2021-08-11 02:15:00,2021-08-11,114.0,90.96020738014916,114.0
2021-08-11 02:30:00,2021-08-11,109.0,90.82179517099644,109.0
2021-08-11 02:45:00,2021-08-11,110.0,106.04127039458368,110.0
2021-08-11 03:00:00,2021-08-11,97.0,93.69486374597184,97.0
2021-08-11 03:15:00,2021-08-11,113.0,94.1127756847745,113.0
2021-08-11 03:30:00,2021-08-11,102.0,100.9000694276032,102.0
2021-08-11 03:45:00,2021-08-11,105.0,98.56610376911324,105.0
2021-08-11 04:00:00,2021-08-11,105.0,91.72671634044669,105.0
2021-08-11 04:15:00,2021-08-11,111.0,93.1466708687087,111.0
2021-08-11 04:30:00,2021-08-11,116.0,91.37435591475422,116.0
2021-08-11 04:45:00,2021-08-11,113.0,92.76683246269168,113.0
2021-08-11 05:00:00,2021-08-11,91.0,85.0885319761123,91.0
2021-08-11 05:15:00,2021-08-11,78.0,84.15509504807002,78.0
2021-08-11 05:30:00,2021-08-11,92.0,86.78041287071062,92.0
2021-08-11 05:45:00,2021-08-11,105.0,91.97518440509896,105.0
2021-08-11 06:00:00,2021-08-11,118.0,94.93381806072232,118.0
2021-08-11 06:15:00,2021-08-11,115.0,98.2140543992126,115.0
2021-08-11 06:30:00,2021-08-11,124.0,97.81114330360626,124.0
2021-08-11 06:45:00,2021-08-11,129.0,97.617767131513,129.0
2021-08-11 07:00:00,2021-08-11,116.0,113.39716370425585,133.6
2021-08-11 07:15:00,2021-08-11,121.0,123.76256523349076,122.8833697131614
2021-08-11 07:30:00,2021-08-11,142.0,136.2965613032961,176.06126002721797
2021-08-11 07:45:00,2021-08-11,150.0,141.84927758398305,177.65537025962064
2021-08-11 08:00:00,2021-08-11,176.0,170.15910161376237,170.49562811278955
2021-08-11 08:15:00,2021-08-11,206.0,174.79590424808023,192.44393785969382
2021-08-11 08:30:00,2021-08-11,218.0,174.51749935107705,203.38031487522684
2021-08-11 08:45:00,2021-08-11,212.0,174.44988892518782,198.73537407148444
2021-08-11 09:00:00,2021-08-11,185.0,173.119356935693,175.61158144319376
2021-08-11 09:15:00,2021-08-11,171.0,173.47108267644677,162.11929248784634
2021-08-11 09:30:00,2021-08-11,169.0,174.083376137078,159.65961669206007
2021-08-11 09:45:00,2021-08-11,189.0,173.31949700852286,179.34119636859822
2021-08-11 10:00:00,2021-08-11,165.0,171.6902850582949,158.05912143866578
2021-08-11 10:15:00,2021-08-11,192.0,172.95145833284153,182.5532355301779
2021-08-11 10:30:00,2021-08-11,192.0,173.45114821838794,182.0495995443381
2021-08-11 10:45:00,2021-08-11,183.0,173.1299070573035,173.87504170306627
2021-08-11 11:00:00,2021-08-11,176.0,174.05570639914683,165.9074984665927
2021-08-11 11:15:00,2021-08-11,178.0,172.0407449734053,170.88549152503901
2021-08-11 11:30:00,2021-08-11,190.0,172.31677917670518,181.36034543431057
2021-08-11 11:45:00,2021-08-11,192.0,172.30499729118569,182.72272606478847
2021-08-11 12:00:00,2021-08-11,132.0,160.54674433073333,138.50842613190616
2021-08-11 12:15:00,2021-08-11,106.0,126.40292668178684,145.77909441801455
2021-08-11 12:30:00,2021-08-11,108.0,126.01915816891636,138.75570427533586
2021-08-11 12:45:00,2021-08-11,107.0,128.48185725960013,145.63751754267165
2021-08-11 13:00:00,2021-08-11,159.0,168.9178447222677,154.98790974769398
2021-08-11 13:15:00,2021-08-11,171.0,171.0634655563437,164.4010256611064
2021-08-11 13:30:00,2021-08-11,195.0,170.42878944380618,187.78650449601116
2021-08-11 13:45:00,2021-08-11,205.0,168.8310039330497,198.8732431286908
2021-08-11 14:00:00,2021-08-11,207.0,167.03111175821672,203.81617739393025
2021-08-11 14:15:00,2021-08-11,187.0,169.32724295104262,181.62701599236155
2021-08-11 14:30:00,2021-08-11,178.0,168.7149494904114,173.5130382540422
2021-08-11 14:45:00,2021-08-11,177.0,169.32724295104262,171.91434134036362
2021-08-11 15:00:00,2021-08-11,131.0,164.5130326826514,130.95939669505012
2021-08-11 15:15:00,2021-08-11,139.0,166.51172891790114,137.28897053412368
2021-08-11 15:30:00,2021-08-11,177.0,168.10602867828976,173.1632212823051
2021-08-11 15:45:00,2021-08-11,164.0,167.26021606412212,161.2563676583668
2021-08-11 16:00:00,2021-08-11,185.0,167.58408543511055,180.98614876823433
2021-08-11 16:15:00,2021-08-11,170.0,167.45425681834212,167.0291134261722
2021-08-11 16:30:00,2021-08-11,185.0,167.7767653910849,181.25188005585179
2021-08-11 16:45:00,2021-08-11,187.0,167.20245165036505,183.54925465420638
2021-08-11 17:00:00,2021-08-11,141.0,140.26264515828447,151.60228026948795
2021-08-11 17:15:00,2021-08-11,117.0,136.25725835027032,123.1943776874268
2021-08-11 17:30:00,2021-08-11,168.0,159.275482750392,173.7189889687748
2021-08-11 17:45:00,2021-08-11,177.0,143.76406427545965,177.0
2021-08-11 18:00:00,2021-08-11,194.0,139.65345880326248,194.0
2021-08-11 18:15:00,2021-08-11,180.0,138.65394538642528,180.0
2021-08-11 18:30:00,2021-08-11,172.0,131.69070887638102,172.0
2021-08-11 18:45:00,2021-08-11,172.0,129.19841034849736,172.0
2021-08-11 19:00:00,2021-08-11,163.0,128.80161380130426,163.0
2021-08-11 19:15:00,2021-08-11,155.0,127.32227795532953,155.0
2021-08-11 19:30:00,2021-08-11,146.0,126.13760078238812,146.0
2021-08-11 19:45:00,2021-08-11,137.0,100.91851958641816,137.0
2021-08-11 20:00:00,2021-08-11,123.0,102.29142225488012,123.0
2021-08-11 20:15:00,2021-08-11,127.0,105.22273881558658,127.0
2021-08-11 20:30:00,2021-08-11,128.0,103.58391821083976,128.0
2021-08-11 20:45:00,2021-08-11,121.0,105.5069263030555,121.0
2021-08-11 21:00:00,2021-08-11,115.0,108.00200373834498,115.0
2021-08-11 21:15:00,2021-08-11,100.0,109.53366888515194,100.0
2021-08-11 21:30:00,2021-08-11,103.0,106.34426193391845,103.0
2021-08-11 21:45:00,2021-08-11,115.0,105.41814933131566,115.0
2021-08-11 22:00:00,2021-08-11,108.0,101.76646715199767,108.0
2021-08-11 22:15:00,2021-08-11,116.0,103.6395414529983,116.0
2021-08-11 22:30:00,2021-08-11,112.0,102.1871395311722,112.0
2021-08-11 22:45:00,2021-08-11,104.0,103.825960135919,104.0
2021-08-11 23:00:00,2021-08-11,104.0,104.08551629395193,104.0
2021-08-11 23:15:00,2021-08-11,100.0,101.42526790066825,100.0
2021-08-11 23:30:00,2021-08-11,109.0,97.9112807770829,109.0
2021-08-11 23:45:00,2021-08-11,84.0,79.28080756347308,84.0
2021-08-12 00:00:00,2021-08-12,81.0,60.7354802143394,81.0
2021-08-12 00:15:00,2021-08-12,78.0,60.15129621687231,78.0
2021-08-12 00:30:00,2021-08-12,75.0,60.08123413256352,75.0
2021-08-12 00:45:00,2021-08-12,69.0,59.68781448061225,69.0
2021-08-12 01:00:00,2021-08-12,93.0,88.6613161268116,93.0
2021-08-12 01:15:00,2021-08-12,100.0,89.70756490889379,100.0
2021-08-12 01:30:00,2021-08-12,111.0,88.93837380129972,111.0
2021-08-12 01:45:00,2021-08-12,115.0,84.21936712260015,115.0
2021-08-12 02:00:00,2021-08-12,107.0,84.0202059738898,107.0
2021-08-12 02:15:00,2021-08-12,110.0,84.5553542145759,110.0
2021-08-12 02:30:00,2021-08-12,110.0,84.24438664951614,110.0
2021-08-12 02:45:00,2021-08-12,103.0,85.27102825239447,103.0
2021-08-12 03:00:00,2021-08-12,87.0,81.6014708722409,87.0
2021-08-12 03:15:00,2021-08-12,110.0,90.1116169374666,110.0
2021-08-12 03:30:00,2021-08-12,108.0,90.34262589384544,108.0
2021-08-12 03:45:00,2021-08-12,110.0,90.1116169374666,110.0
2021-08-12 04:00:00,2021-08-12,114.0,89.9149154952559,114.0
2021-08-12 04:15:00,2021-08-12,111.0,89.74402539539807,111.0
2021-08-12 04:30:00,2021-08-12,109.0,89.45374653616778,109.0
2021-08-12 04:45:00,2021-08-12,95.0,89.84059586714868,95.0
2021-08-12 05:00:00,2021-08-12,77.0,72.02304869384155,77.0
2021-08-12 05:15:00,2021-08-12,75.0,66.9035453185406,75.0
2021-08-12 05:30:00,2021-08-12,100.0,78.1162634133344,100.0
2021-08-12 05:45:00,2021-08-12,103.0,90.87913811423655,103.0
2021-08-12 06:00:00,2021-08-12,114.0,86.37608481492238,114.0
2021-08-12 06:15:00,2021-08-12,117.0,91.0321645935746,117.0
2021-08-12 06:30:00,2021-08-12,112.0,86.05727426063903,112.0
2021-08-12 06:45:00,2021-08-12,114.0,90.6142945853721,118.03992276156403
2021-08-12 07:00:00,2021-08-12,114.0,91.91180759591452,127.73480153492034
2021-08-12 07:15:00,2021-08-12,113.0,141.12949252130596,135.06519685039552
2021-08-12 07:30:00,2021-08-12,143.0,147.40318582742356,158.2526676750229
2021-08-12 07:45:00,2021-08-12,149.0,143.75235490761162,168.70740956341305
2021-08-12 08:00:00,2021-08-12,164.0,162.50855145553638,164.11715654187114
2021-08-12 08:15:00,2021-08-12,194.0,174.50696675434634,179.06340152997547
2021-08-12 08:30:00,2021-08-12,194.0,175.7518593406093,177.78159975910756
2021-08-12 08:45:00,2021-08-12,196.0,176.0921010681742,179.33452562614087
2021-08-12 09:00:00,2021-08-12,189.0,171.22150398781335,177.3801119547075
2021-08-12 09:15:00,2021-08-12,183.0,170.76050504337886,172.77689660390718
2021-08-12 09:30:00,2021-08-12,180.0,172.2421132668102,168.48264416207945
2021-08-12 09:45:00,2021-08-12,170.0,172.28509123022954,159.08280282041403
2021-08-12 10:00:00,2021-08-12,158.0,156.71522310540098,162.83673869682207
2021-08-12 10:15:00,2021-08-12,186.0,170.5709576631671,175.75494568496313
2021-08-12 10:30:00,2021-08-12,179.0,171.1076343735075,168.65749816892233
2021-08-12 10:45:00,2021-08-12,184.0,171.0780019875595,172.85689835530638
2021-08-12 11:00:00,2021-08-12,176.0,169.87922901746686,167.16592756185352
2021-08-12 11:15:00,2021-08-12,179.0,168.83971276342425,171.2035116152135
2021-08-12 11:30:00,2021-08-12,196.0,167.2998216733384,187.56509356579923
2021-08-12 11:45:00,2021-08-12,199.0,164.62991262888818,193.14024896760085
2021-08-12 12:00:00,2021-08-12,133.0,125.8209560907202,170.29047649341965
2021-08-12 12:15:00,2021-08-12,116.0,93.35095661965946,153.70952350658035
2021-08-12 12:30:00,2021-08-12,118.0,94.24775942541577,118.0
2021-08-12 12:45:00,2021-08-12,111.0,97.68818255557622,134.0601649085311
2021-08-12 13:00:00,2021-08-12,153.0,160.40155390258414,153.93786431637872
2021-08-12 13:15:00,2021-08-12,150.0,168.92891878753687,143.15590489943972
2021-08-12 13:30:00,2021-08-12,186.0,169.27207068292083,177.15346334208195
2021-08-12 13:45:00,2021-08-12,191.0,167.69134140914713,183.63046684994725
2021-08-12 14:00:00,2021-08-12,189.0,165.16602980386585,184.48585977033756
2021-08-12 14:15:00,2021-08-12,173.0,164.7651118418589,169.27891062581182
2021-08-12 14:30:00,2021-08-12,193.0,165.40944450863154,188.113089301065
2021-08-12 14:45:00,2021-08-12,182.0,165.51412620729346,177.27942410754648
2021-08-12 15:00:00,2021-08-12,132.0,148.89938305710328,145.72821626013317
2021-08-12 15:15:00,2021-08-12,147.0,152.64331199187643,156.00208817474467
2021-08-12 15:30:00,2021-08-12,185.0,162.98953582306677,182.99280545669222
2021-08-12 15:45:00,2021-08-12,197.0,164.09669616227131,193.5478711134858
2021-08-12 16:00:00,2021-08-12,172.0,163.33026368162044,169.77893054508237
2021-08-12 16:15:00,2021-08-12,165.0,159.67602344894755,166.85494032872214
2021-08-12 16:30:00,2021-08-12,176.0,161.67126448343612,175.50999045530025
2021-08-12 16:45:00,2021-08-12,166.0,161.8440795740898,165.36107267335478
2021-08-12 17:00:00,2021-08-12,127.0,103.6603382247617,128.12893687134496
2021-08-12 17:15:00,2021-08-12,106.0,99.07900786003346,106.0
2021-08-12 17:30:00,2021-08-12,148.0,146.97921029281164,149.01538279892884
2021-08-12 17:45:00,2021-08-12,160.0,157.50907146628364,160.0
2021-08-12 18:00:00,2021-08-12,173.0,161.39943251836235,172.80890153412864
2021-08-12 18:15:00,2021-08-12,175.0,161.88790351112948,174.27924092071814
2021-08-12 18:30:00,2021-08-12,177.0,161.48995483492303,176.70537628035302
2021-08-12 18:45:00,2021-08-12,161.0,160.39091531360094,161.0
2021-08-12 19:00:00,2021-08-12,169.0,158.41034431205804,169.19109846587136
2021-08-12 19:15:00,2021-08-12,182.0,156.15445517413178,182.0
2021-08-12 19:30:00,2021-08-12,157.0,158.5813373558695,157.0
2021-08-12 19:45:00,2021-08-12,136.0,144.68015469706938,136.0
2021-08-12 20:00:00,2021-08-12,120.0,118.16366858598631,120.0
2021-08-12 20:15:00,2021-08-12,124.0,143.43105403353366,124.0
2021-08-12 20:30:00,2021-08-12,127.0,117.30818410919407,127.0
2021-08-12 20:45:00,2021-08-12,127.0,132.5850012158174,127.0
2021-08-12 21:00:00,2021-08-12,110.0,117.42967664324838,110.0
2021-08-12 21:15:00,2021-08-12,113.0,105.5833906293632,113.0
2021-08-12 21:30:00,2021-08-12,114.0,126.14587143362172,114.0
2021-08-12 21:45:00,2021-08-12,110.0,129.79495005642087,110.0
2021-08-12 22:00:00,2021-08-12,109.0,95.76112010179092,109.0
2021-08-12 22:15:00,2021-08-12,110.0,112.02999705345464,110.0
2021-08-12 22:30:00,2021-08-12,121.0,96.90145092631676,121.0
2021-08-12 22:45:00,2021-08-12,122.0,96.55567672832508,122.0
2021-08-12 23:00:00,2021-08-12,118.0,101.86223066212985,118.0
2021-08-12 23:15:00,2021-08-12,105.0,92.33845875990085,105.0
2021-08-12 23:30:00,2021-08-12,106.0,92.7564697222478,106.0
2021-08-12 23:45:00,2021-08-12,83.0,81.76005026904701,83.0
2021-08-13 00:00:00,2021-08-13,79.0,88.3460688761447,79.0
2021-08-13 00:15:00,2021-08-13,72.0,86.64897998023831,72.0
2021-08-13 00:30:00,2021-08-13,69.0,85.98244746844361,69.0
2021-08-13 00:45:00,2021-08-13,67.0,87.39540006186098,67.0
2021-08-13 01:00:00,2021-08-13,90.0,96.98503461453674,90.0
2021-08-13 01:15:00,2021-08-13,99.0,101.89833915167952,99.0
2021-08-13 01:30:00,2021-08-13,104.0,108.84771241984124,104.0
2021-08-13 01:45:00,2021-08-13,105.0,100.82712204681742,105.0
2021-08-13 02:00:00,2021-08-13,109.0,100.42678537015904,109.0
2021-08-13 02:15:00,2021-08-13,117.0,100.25948552103812,117.0
2021-08-13 02:30:00,2021-08-13,107.0,100.99439505076016,107.0
2021-08-13 02:45:00,2021-08-13,115.0,112.25687373539684,115.0
2021-08-13 03:00:00,2021-08-13,114.0,102.91148506471704,114.0
2021-08-13 03:15:00,2021-08-13,116.0,104.8565107119794,116.0
2021-08-13 03:30:00,2021-08-13,120.0,105.39714339516983,120.0
2021-08-13 03:45:00,2021-08-13,112.0,104.9361304822373,112.0
2021-08-13 04:00:00,2021-08-13,116.0,103.52445520450812,116.0
2021-08-13 04:15:00,2021-08-13,107.0,104.10575309140532,107.0
2021-08-13 04:30:00,2021-08-13,105.0,102.4264019473662,105.0
2021-08-13 04:45:00,2021-08-13,110.0,103.22825040126182,110.0
2021-08-13 05:00:00,2021-08-13,79.0,96.43579993757452,79.0
2021-08-13 05:15:00,2021-08-13,70.0,96.2545925877316,70.0
2021-08-13 05:30:00,2021-08-13,96.0,98.61906750317829,96.0
2021-08-13 05:45:00,2021-08-13,108.0,107.8723016632916,108.0
2021-08-13 06:00:00,2021-08-13,115.0,110.25113607558602,115.0
2021-08-13 06:15:00,2021-08-13,116.0,108.70304179711124,116.0
2021-08-13 06:30:00,2021-08-13,107.0,108.29233287385183,107.0
2021-08-13 06:45:00,2021-08-13,103.0,110.74904850897978,117.7
2021-08-13 07:00:00,2021-08-13,108.0,116.94498558178736,135.66862379543576
2021-08-13 07:15:00,2021-08-13,122.0,132.15744388652703,149.83137620456424
2021-08-13 07:30:00,2021-08-13,147.0,157.40961248343402,150.38202862415073
2021-08-13 07:45:00,2021-08-13,166.0,158.824740300089,164.56307671341077
2021-08-13 08:00:00,2021-08-13,188.0,165.2684792742063,177.505769838534
2021-08-13 08:15:00,2021-08-13,201.0,167.1527995726661,187.4714342572441
2021-08-13 08:30:00,2021-08-13,207.0,167.1527995726661,193.01404443623778
2021-08-13 08:45:00,2021-08-13,187.0,167.1527995726661,174.82966129523007
2021-08-13 09:00:00,2021-08-13,184.0,166.77614650524876,172.40873504853317
2021-08-13 09:15:00,2021-08-13,191.0,165.91901169258935,179.89230745396927
2021-08-13 09:30:00,2021-08-13,188.0,165.91901169258935,177.0667738290378
2021-08-13 09:45:00,2021-08-13,188.0,165.7608294274707,177.23574513219953
2021-08-13 10:00:00,2021-08-13,151.0,157.6707378010693,149.84461247034764
2021-08-13 10:15:00,2021-08-13,201.0,161.8101868893996,193.5551265411578
2021-08-13 10:30:00,2021-08-13,195.0,165.65642282039886,183.75307575928895
2021-08-13 10:45:00,2021-08-13,187.0,163.46139145389498,178.68289135771505
2021-08-13 11:00:00,2021-08-13,185.0,162.8808522690866,177.22033661279085
2021-08-13 11:15:00,2021-08-13,191.0,161.7466468053014,185.18893225634034
2021-08-13 11:30:00,2021-08-13,203.0,161.22290748491446,195.8477743225886
2021-08-13 11:45:00,2021-08-13,204.0,160.58189524235232,197.03767609566228
2021-08-13 12:00:00,2021-08-13,134.0,147.8364448788094,145.3805213307655
2021-08-13 12:15:00,2021-08-13,103.0,134.42271397630003,129.24244024438306
2021-08-13 12:30:00,2021-08-13,102.0,134.4408081509918,129.61366083843356
2021-08-13 12:45:00,2021-08-13,103.0,136.21970680409856,124.92629578382721
2021-08-13 13:00:00,2021-08-13,162.0,154.6261237807152,163.85273468341552
2021-08-13 13:15:00,2021-08-13,195.0,160.84571370227303,189.45256808233975
2021-08-13 13:30:00,2021-08-13,194.0,161.5868880071652,187.61648289847935
2021-08-13 13:45:00,2021-08-13,182.0,161.47487213975802,176.13343950870274
2021-08-13 14:00:00,2021-08-13,200.0,158.190537544198,197.33402002574888
2021-08-13 14:15:00,2021-08-13,192.0,157.25406125462666,190.6706463242579
2021-08-13 14:30:00,2021-08-13,177.0,161.4315791403872,171.34054683663567
2021-08-13 14:45:00,2021-08-13,188.0,161.5416149167568,181.86486579602544
2021-08-13 15:00:00,2021-08-13,140.0,154.82923354926194,145.26020636032624
2021-08-13 15:15:00,2021-08-13,149.0,156.31137585499496,150.0704944973931
2021-08-13 15:30:00,2021-08-13,184.0,161.46978519892403,178.04840546923677
2021-08-13 15:45:00,2021-08-13,195.0,161.29554904162492,188.9242059498397
2021-08-13 16:00:00,2021-08-13,186.0,160.3493727481759,178.21040813692065
2021-08-13 16:15:00,2021-08-13,186.0,159.919893885414,180.5590509731262
2021-08-13 16:30:00,2021-08-13,180.0,159.22990717336515,176.65390436071
2021-08-13 16:45:00,2021-08-13,179.0,159.16173633544702,176.06849272207617
2021-08-13 17:00:00,2021-08-13,131.0,132.05586240827853,149.6
2021-08-13 17:15:00,2021-08-13,123.0,126.83163928471348,149.13051149362798
2021-08-13 17:30:00,2021-08-13,165.0,138.79211398297863,168.34609563929
2021-08-13 17:45:00,2021-08-13,176.0,141.8016803383187,176.0
2021-08-13 18:00:00,2021-08-13,172.0,145.87404569562185,172.0
2021-08-13 18:15:00,2021-08-13,176.0,145.9252588217911,176.0
2021-08-13 18:30:00,2021-08-13,177.0,144.59923768501054,177.0
2021-08-13 18:45:00,2021-08-13,172.0,137.7996074065273,172.0
2021-08-13 19:00:00,2021-08-13,168.0,137.1095128336474,168.0
2021-08-13 19:15:00,2021-08-13,151.0,136.51540605444876,151.0
2021-08-13 19:30:00,2021-08-13,144.0,134.02467946365843,144.0
2021-08-13 19:45:00,2021-08-13,120.0,124.05328754752234,120.0
2021-08-13 20:00:00,2021-08-13,106.0,119.48985239967207,106.0
2021-08-13 20:15:00,2021-08-13,113.0,120.05527767256822,113.0
2021-08-13 20:30:00,2021-08-13,122.0,119.48985239967207,122.0
2021-08-13 20:45:00,2021-08-13,125.0,119.95949518555204,125.0
2021-08-13 21:00:00,2021-08-13,119.0,118.5055685048356,119.0
2021-08-13 21:15:00,2021-08-13,112.0,116.00961758269064,112.0
2021-08-13 21:30:00,2021-08-13,109.0,116.61997619383185,109.0
2021-08-13 21:45:00,2021-08-13,111.0,116.1602987009012,111.0
2021-08-13 22:00:00,2021-08-13,100.0,113.22899209700304,100.0
2021-08-13 22:15:00,2021-08-13,100.0,114.75000470528224,100.0
2021-08-13 22:30:00,2021-08-13,116.0,113.98054397696198,116.0
2021-08-13 22:45:00,2021-08-13,118.0,114.48800211702242,118.0
2021-08-13 23:00:00,2021-08-13,116.0,112.26205289684133,116.0
2021-08-13 23:15:00,2021-08-13,108.0,110.07996374481448,108.0
2021-08-13 23:30:00,2021-08-13,92.0,107.46097400374518,92.0
2021-08-13 23:45:00,2021-08-13,71.0,101.21517566176132,71.0
2021-08-14 00:00:00,2021-08-14,67.0,77.00548833988377,67.0
2021-08-14 00:15:00,2021-08-14,61.0,77.00548833988377,61.0
2021-08-14 00:30:00,2021-08-14,61.0,77.89735751962554,61.0
2021-08-14 00:45:00,2021-08-14,59.0,78.39992276988318,59.0
2021-08-14 01:00:00,2021-08-14,83.0,79.49160583167189,83.0
2021-08-14 01:15:00,2021-08-14,95.0,85.42761134632858,95.0
2021-08-14 01:30:00,2021-08-14,106.0,85.14676874249388,106.0
2021-08-14 01:45:00,2021-08-14,104.0,85.14676874249388,104.0
2021-08-14 02:00:00,2021-08-14,108.0,85.01612129129975,108.0
2021-08-14 02:15:00,2021-08-14,108.0,85.31752356016261,108.0
2021-08-14 02:30:00,2021-08-14,108.0,85.80253697024074,108.0
2021-08-14 02:45:00,2021-08-14,104.0,88.69844497823134,104.0
2021-08-14 03:00:00,2021-08-14,89.0,87.30210912812544,89.0
2021-08-14 03:15:00,2021-08-14,86.0,88.74119176254418,86.0
2021-08-14 03:30:00,2021-08-14,90.0,88.74119176254418,90.0
2021-08-14 03:45:00,2021-08-14,98.0,88.74119176254418,98.0
2021-08-14 04:00:00,2021-08-14,100.0,88.7653784454693,100.0
2021-08-14 04:15:00,2021-08-14,96.0,87.72799349943229,96.0
2021-08-14 04:30:00,2021-08-14,98.0,87.62500542879268,98.0
2021-08-14 04:45:00,2021-08-14,97.0,86.80363334049576,97.0
2021-08-14 05:00:00,2021-08-14,80.0,84.3405997708921,80.0
2021-08-14 05:15:00,2021-08-14,76.0,84.30894720378852,76.0
2021-08-14 05:30:00,2021-08-14,86.0,85.5662316892221,86.0
2021-08-14 05:45:00,2021-08-14,91.0,97.08084360967035,91.0
2021-08-14 06:00:00,2021-08-14,91.0,97.89479415195686,91.0
2021-08-14 06:15:00,2021-08-14,89.0,97.1960383551695,89.0
2021-08-14 06:30:00,2021-08-14,82.0,96.63543956999644,86.2
2021-08-14 06:45:00,2021-08-14,81.0,96.63543956999644,81.0
2021-08-14 07:00:00,2021-08-14,75.0,96.6748643608135,80.07189910101117
2021-08-14 07:15:00,2021-08-14,66.0,107.6764808688968,68.72810089898883
2021-08-14 07:30:00,2021-08-14,42.0,126.31825450065864,39.279584776566
2021-08-14 07:45:00,2021-08-14,30.0,126.4462265856272,28.47429070623011
2021-08-14 08:00:00,2021-08-14,26.0,128.005062173343,24.70900360710632
2021-08-14 08:15:00,2021-08-14,22.0,128.08430976635708,21.02036505506787
2021-08-14 08:30:00,2021-08-14,21.0,128.08430976635708,20.119663846963533
2021-08-14 08:45:00,2021-08-14,21.0,126.90368436206968,20.37500367245679
2021-08-14 09:00:00,2021-08-14,22.0,126.15485831437844,21.369405529678833
2021-08-14 09:15:00,2021-08-14,21.0,127.93970925108226,20.14589133814706
2021-08-14 09:30:00,2021-08-14,21.0,127.93970925108226,20.141726286500173
2021-08-14 09:45:00,2021-08-14,23.0,127.72337216808018,22.097351004916774
2021-08-14 10:00:00,2021-08-14,21.0,125.51958053445183,20.530076613842844
2021-08-14 10:15:00,2021-08-14,21.0,126.86699947731208,20.312032408164193
2021-08-14 10:30:00,2021-08-14,21.0,127.84368065938752,20.15685555686862
2021-08-14 10:45:00,2021-08-14,20.0,127.89025943954503,19.1900135706571
2021-08-14 11:00:00,2021-08-14,20.0,127.44505791171802,19.25655295856041
2021-08-14 11:15:00,2021-08-14,21.0,126.36007145734273,20.391812255356186
2021-08-14 11:30:00,2021-08-14,24.0,126.0839880692957,23.224016601958915
2021-08-14 11:45:00,2021-08-14,26.0,125.63142366464828,25.17961662875928
2021-08-14 12:00:00,2021-08-14,23.0,117.06723010249571,23.885646050143418
2021-08-14 12:15:00,2021-08-14,22.0,117.92066905441338,22.795170644091627
2021-08-14 12:30:00,2021-08-14,22.0,118.20347095421624,22.91549265073691
2021-08-14 12:45:00,2021-08-14,21.0,118.9843889440002,21.771195956309953
2021-08-14 13:00:00,2021-08-14,20.0,121.87603030265385,20.285107769920895
2021-08-14 13:15:00,2021-08-14,21.0,125.7923426334994,20.530696694580133
2021-08-14 13:30:00,2021-08-14,21.0,125.88442513117086,20.470575309253466
2021-08-14 13:45:00,2021-08-14,21.0,125.85243531699972,20.47577862453672
2021-08-14 14:00:00,2021-08-14,21.0,125.90135652594792,20.452296403879682
2021-08-14 14:15:00,2021-08-14,21.0,125.37196896753572,20.550898764452345
2021-08-14 14:30:00,2021-08-14,22.0,126.30266683039896,21.347015115644485
2021-08-14 14:45:00,2021-08-14,22.0,125.78442770117076,21.44550343843412
2021-08-14 15:00:00,2021-08-14,22.0,124.8847689914734,21.533215193763795
2021-08-14 15:15:00,2021-08-14,22.0,125.17049016158596,21.49717369780953
2021-08-14 15:30:00,2021-08-14,26.0,126.00949709970946,25.084381214648996
2021-08-14 15:45:00,2021-08-14,23.0,127.16681750432076,22.163195662692257
2021-08-14 16:00:00,2021-08-14,22.0,123.98611413348918,21.759505052159895
2021-08-14 16:15:00,2021-08-14,21.0,124.12620916737352,20.83287134845744
2021-08-14 16:30:00,2021-08-14,22.0,124.55868835147504,21.98878134709659
2021-08-14 16:45:00,2021-08-14,22.0,125.64219380071704,21.54223731475638
2021-08-14 17:00:00,2021-08-14,22.0,108.50498076511695,24.51919385327229
2021-08-14 17:15:00,2021-08-14,21.0,107.78349744797856,23.1
2021-08-14 17:30:00,2021-08-14,20.0,108.12542214440808,22.570123631688848
2021-08-14 17:45:00,2021-08-14,22.0,109.60071805382834,23.51068184386923
2021-08-14 18:00:00,2021-08-14,24.0,109.7542952680067,24.0
2021-08-14 18:15:00,2021-08-14,21.0,110.34057967369588,21.0
2021-08-14 18:30:00,2021-08-14,21.0,109.03922412113316,21.0
2021-08-14 18:45:00,2021-08-14,21.0,99.29561941477732,21.0
2021-08-14 19:00:00,2021-08-14,26.0,99.5207538927272,26.0
2021-08-14 19:15:00,2021-08-14,22.0,100.0015676783542,22.0
2021-08-14 19:30:00,2021-08-14,21.0,99.22951964118911,21.0
2021-08-14 19:45:00,2021-08-14,21.0,97.77007298561634,21.0
2021-08-14 20:00:00,2021-08-14,21.0,97.40255464111938,21.0
2021-08-14 20:15:00,2021-08-14,21.0,98.70854212734164,21.0
2021-08-14 20:30:00,2021-08-14,22.0,98.70854212734164,22.0
2021-08-14 20:45:00,2021-08-14,22.0,98.59850635097206,22.0
2021-08-14 21:00:00,2021-08-14,22.0,98.32144787147054,22.0
2021-08-14 21:15:00,2021-08-14,22.0,98.54182770823462,22.0
2021-08-14 21:30:00,2021-08-14,22.0,95.86504933317688,22.0
2021-08-14 21:45:00,2021-08-14,23.0,94.6483815404832,23.0
2021-08-14 22:00:00,2021-08-14,22.0,93.4668681749354,22.0
2021-08-14 22:15:00,2021-08-14,25.0,93.61028273559693,25.0
2021-08-14 22:30:00,2021-08-14,24.0,93.81703778806812,24.0
2021-08-14 22:45:00,2021-08-14,21.0,93.88734121509844,21.0
2021-08-14 23:00:00,2021-08-14,22.0,89.6052749490059,22.0
2021-08-14 23:15:00,2021-08-14,21.0,90.48083906332472,21.0
2021-08-14 23:30:00,2021-08-14,22.0,87.41600719661191,22.0
2021-08-14 23:45:00,2021-08-14,21.0,85.5676351263769,21.0
2021-08-15 00:00:00,2021-08-15,21.0,19.91440323776271,22.42305026195931
2021-08-15 00:15:00,2021-08-15,21.0,20.29250790985711,21.81920790137099
2021-08-15 00:30:00,2021-08-15,22.0,20.459412520485987,22.809054539640115
2021-08-15 00:45:00,2021-08-15,22.0,20.473677569490302,22.891978285919308
2021-08-15 01:00:00,2021-08-15,21.0,20.33915721543358,22.161446158394966
2021-08-15 01:15:00,2021-08-15,21.0,22.73425087175209,19.702942024908886
2021-08-15 01:30:00,2021-08-15,22.0,22.60042691860974,20.72492060144723
2021-08-15 01:45:00,2021-08-15,28.0,22.226716376708225,26.820666204002364
2021-08-15 02:00:00,2021-08-15,24.0,22.09606892551413,23.125070388646844
2021-08-15 02:15:00,2021-08-15,22.0,21.99876020526733,21.291747765623942
2021-08-15 02:30:00,2021-08-15,20.0,21.86856591867256,19.471370882875696
2021-08-15 02:45:00,2021-08-15,21.0,21.77125719842577,20.536320042894538
2021-08-15 03:00:00,2021-08-15,21.0,21.42186086078976,20.871272970566753
2021-08-15 03:15:00,2021-08-15,21.0,22.17749976655617,20.15366031487143
2021-08-15 03:30:00,2021-08-15,21.0,22.043357664586896,20.28282226175193
2021-08-15 03:45:00,2021-08-15,22.0,21.2546225740004,22.003297841859137
2021-08-15 04:00:00,2021-08-15,22.0,21.088694438494457,22.17665816237629
2021-08-15 04:15:00,2021-08-15,22.0,21.251370655644507,21.852106501040712
2021-08-15 04:30:00,2021-08-15,22.0,21.251370655644507,22.04048688960863
2021-08-15 04:45:00,2021-08-15,22.0,21.41642071304206,21.870697243155977
2021-08-15 05:00:00,2021-08-15,25.0,19.85047305937676,26.492254670827766
2021-08-15 05:15:00,2021-08-15,25.0,19.876988393075795,26.462351199621896
2021-08-15 05:30:00,2021-08-15,21.0,20.5462796140714,21.74054831868482
2021-08-15 05:45:00,2021-08-15,21.0,21.235860004086124,21.05417936006785
2021-08-15 06:00:00,2021-08-15,22.0,21.345343115253904,21.9435242112493
2021-08-15 06:15:00,2021-08-15,22.0,22.204595240722327,21.09437476203059
2021-08-15 06:30:00,2021-08-15,21.0,21.03486314327549,21.249779354055555
2021-08-15 06:45:00,2021-08-15,21.0,21.291579135515104,20.99898287099157
2021-08-15 07:00:00,2021-08-15,21.0,22.356790502400383,19.998465589908317
2021-08-15 07:15:00,2021-08-15,20.0,20.544557930340066,20.7007172619084
2021-08-15 07:30:00,2021-08-15,20.0,20.46889270625613,20.816560808471326
2021-08-15 07:45:00,2021-08-15,21.0,20.847883706473024,21.41934027049664
2021-08-15 08:00:00,2021-08-15,22.0,21.96818024691953,21.321386122215447
2021-08-15 08:15:00,2021-08-15,21.0,21.9249467482885,20.39236449219402
2021-08-15 08:30:00,2021-08-15,24.0,21.9249467482885,23.305559419650304
2021-08-15 08:45:00,2021-08-15,26.0,22.12764420822056,25.016411135947603
2021-08-15 09:00:00,2021-08-15,24.0,21.55223601923008,23.662017424918606
2021-08-15 09:15:00,2021-08-15,22.0,21.934878812701506,21.353756154593967
2021-08-15 09:30:00,2021-08-15,23.0,21.93114232950146,22.461155141636535
2021-08-15 09:45:00,2021-08-15,21.0,21.93114232950146,20.389785991394394
2021-08-15 10:00:00,2021-08-15,21.0,19.810458253951424,22.534004269648264
2021-08-15 10:15:00,2021-08-15,21.0,21.220274670241675,21.170634001009088
2021-08-15 10:30:00,2021-08-15,20.0,23.08347992726821,18.51720780428811
2021-08-15 10:45:00,2021-08-15,21.0,23.23375768053821,19.26402505993186
2021-08-15 11:00:00,2021-08-15,21.0,21.83425411497179,20.52269826028054
2021-08-15 11:15:00,2021-08-15,21.0,22.135480929127947,20.111467091262412
2021-08-15 11:30:00,2021-08-15,22.0,21.99228020856852,21.097460955593437
2021-08-15 11:45:00,2021-08-15,22.0,21.836536866861746,21.28021559013797
2021-08-15 12:00:00,2021-08-15,21.0,15.195213427920462,26.89895711501395
2021-08-15 12:15:00,2021-08-15,22.0,15.08575917696084,22.50104288498605
2021-08-15 12:30:00,2021-08-15,26.0,15.32682887640754,26.3145123169405
2021-08-15 12:45:00,2021-08-15,24.0,17.36395525123328,26.199995164068373
2021-08-15 13:00:00,2021-08-15,22.0,18.507546320712787,22.0
2021-08-15 13:15:00,2021-08-15,21.0,21.614259833438663,20.6854876830595
2021-08-15 13:30:00,2021-08-15,21.0,21.01408082141405,21.0
2021-08-15 13:45:00,2021-08-15,22.0,20.479386943001288,22.0
2021-08-15 14:00:00,2021-08-15,21.0,20.958442480367285,21.0
2021-08-15 14:15:00,2021-08-15,22.0,21.62342516868412,21.661325612990353
2021-08-15 14:30:00,2021-08-15,22.0,20.60271031651081,22.0
2021-08-15 14:45:00,2021-08-15,21.0,21.21680341364084,21.0
2021-08-15 15:00:00,2021-08-15,21.0,20.39100167249589,21.0
2021-08-15 15:15:00,2021-08-15,21.0,20.377376888203017,21.338674387009647
2021-08-15 15:30:00,2021-08-15,21.0,20.87024468325055,21.03720758627812
2021-08-15 15:45:00,2021-08-15,21.0,21.32833721476812,20.96279241372188
2021-08-15 16:00:00,2021-08-15,25.0,21.48433778038057,24.77449863895374
2021-08-15 16:15:00,2021-08-15,24.0,21.48534736252781,23.782401121709817
2021-08-15 16:30:00,2021-08-15,21.0,20.950246090037812,21.0
2021-08-15 16:45:00,2021-08-15,21.0,20.82999313532869,21.443100239336445
2021-08-15 17:00:00,2021-08-15,22.0,20.56791933182916,22.710093961321064
2021-08-15 17:15:00,2021-08-15,22.0,20.532622126131148,22.0
2021-08-15 17:30:00,2021-08-15,21.0,20.407915130576235,21.433924982632863
2021-08-15 17:45:00,2021-08-15,22.0,22.20635716595913,21.092701065126136
2021-08-15 18:00:00,2021-08-15,21.0,21.904154345909284,20.411721836069955
2021-08-15 18:15:00,2021-08-15,20.0,21.7627172185087,19.566075017367133
2021-08-15 18:30:00,2021-08-15,21.0,20.720577306441204,21.371636566251205
2021-08-15 18:45:00,2021-08-15,21.0,21.40320858212713,20.889461682693582
2021-08-15 19:00:00,2021-08-15,21.0,20.85888316148857,21.413846571231637
2021-08-15 19:15:00,2021-08-15,22.0,20.61138772837276,22.0
2021-08-15 19:30:00,2021-08-15,25.0,20.582005774811357,25.0
2021-08-15 19:45:00,2021-08-15,24.0,20.625116453521045,24.110538317306418
2021-08-15 20:00:00,2021-08-15,22.0,20.88572946721365,22.0
2021-08-15 20:15:00,2021-08-15,21.0,20.665368001442904,21.0
2021-08-15 20:30:00,2021-08-15,21.0,20.624106871373808,21.0
2021-08-15 20:45:00,2021-08-15,22.0,20.624106871373808,22.0
2021-08-15 21:00:00,2021-08-15,22.0,20.665368001442904,22.0
2021-08-15 21:15:00,2021-08-15,22.0,20.67899278573577,22.0
2021-08-15 21:30:00,2021-08-15,22.0,20.73504037591347,22.0
2021-08-15 21:45:00,2021-08-15,22.0,21.12195666995489,22.0
2021-08-15 22:00:00,2021-08-15,22.0,20.871976297288988,22.0
2021-08-15 22:15:00,2021-08-15,22.0,21.13351852168601,22.0
2021-08-15 22:30:00,2021-08-15,22.0,20.779493809199607,22.0
2021-08-15 22:45:00,2021-08-15,24.0,20.88781701217581,24.0
2021-08-15 23:00:00,2021-08-15,25.0,20.6634453182174,25.0
2021-08-15 23:15:00,2021-08-15,23.0,20.71684044262944,23.0
2021-08-15 23:30:00,2021-08-15,21.0,19.24602747753123,21.0
2021-08-15 23:45:00,2021-08-15,22.0,17.83323783584782,22.0
2021-08-16 00:00:00,2021-08-16,22.0,18.119345140518718,22.0
2021-08-16 00:15:00,2021-08-16,22.0,18.380281340371923,22.0
2021-08-16 00:30:00,2021-08-16,22.0,18.035099822578303,22.0
2021-08-16 00:45:00,2021-08-16,21.0,19.022457823934044,21.0
2021-08-16 01:00:00,2021-08-16,20.0,17.233619511519954,20.0
2021-08-16 01:15:00,2021-08-16,23.0,18.602477965728596,23.0
2021-08-16 01:30:00,2021-08-16,21.0,18.506590320851014,21.0
2021-08-16 01:45:00,2021-08-16,21.0,17.9832252014083,21.0
2021-08-16 02:00:00,2021-08-16,20.0,17.505636972539115,20.0
2021-08-16 02:15:00,2021-08-16,21.0,17.505636972539115,21.0
2021-08-16 02:30:00,2021-08-16,26.0,17.1363910645202,26.0
2021-08-16 02:45:00,2021-08-16,24.0,17.483331842195287,24.0
2021-08-16 03:00:00,2021-08-16,21.0,16.90287192300162,21.0
2021-08-16 03:15:00,2021-08-16,21.0,17.645775903623733,21.0
2021-08-16 03:30:00,2021-08-16,21.0,17.42161613862652,21.0
2021-08-16 03:45:00,2021-08-16,21.0,18.1328566028112,21.0
2021-08-16 04:00:00,2021-08-16,21.0,17.73818157797392,21.0
2021-08-16 04:15:00,2021-08-16,22.0,17.033282041235985,22.0
2021-08-16 04:30:00,2021-08-16,22.0,17.12305995032073,22.0
2021-08-16 04:45:00,2021-08-16,22.0,17.158969182987526,22.0
2021-08-16 05:00:00,2021-08-16,21.0,16.73364299234606,21.0
2021-08-16 05:15:00,2021-08-16,22.0,15.708458126853513,22.0
2021-08-16 05:30:00,2021-08-16,22.0,14.248292573211955,22.0
2021-08-16 05:45:00,2021-08-16,22.0,17.315532609530084,22.0
2021-08-16 06:00:00,2021-08-16,23.0,17.477663052837467,23.0
2021-08-16 06:15:00,2021-08-16,26.0,17.485444723725156,26.0
2021-08-16 06:30:00,2021-08-16,22.0,17.29978314057198,22.0
2021-08-16 06:45:00,2021-08-16,21.0,17.57586413816257,21.0
2021-08-16 07:00:00,2021-08-16,24.0,17.172767441667002,24.0
2021-08-16 07:15:00,2021-08-16,30.0,32.53994678629895,38.939099327717834
2021-08-16 07:30:00,2021-08-16,63.0,38.44759748637444,63.0
2021-08-16 07:45:00,2021-08-16,122.0,38.23070771315551,132.59842975488212
2021-08-16 08:00:00,2021-08-16,152.0,62.37758158531795,179.3940679411647
2021-08-16 08:15:00,2021-08-16,180.0,76.33534814179589,176.56174058428616
2021-08-16 08:30:00,2021-08-16,182.0,83.081985719482,163.8000002415487
2021-08-16 08:45:00,2021-08-16,183.0,82.94305205331031,165.00203321914097
2021-08-16 09:00:00,2021-08-16,184.0,73.64225614014202,186.6835690960055
2021-08-16 09:15:00,2021-08-16,190.0,77.00316668246872,184.49916008799602
2021-08-16 09:30:00,2021-08-16,186.0,77.00316668246872,180.61496724403818
2021-08-16 09:45:00,2021-08-16,170.0,73.64225614014202,172.13889321936972
2021-08-16 10:00:00,2021-08-16,116.0,71.63198623183851,122.02597532269063
2021-08-16 10:15:00,2021-08-16,151.0,81.60052633750608,138.36726772665438
2021-08-16 10:30:00,2021-08-16,151.0,79.88299540568819,141.34224457954707
2021-08-16 10:45:00,2021-08-16,157.0,77.78846454167838,150.9098580140485
2021-08-16 11:00:00,2021-08-16,156.0,82.49431395244727,141.37872663112128
2021-08-16 11:15:00,2021-08-16,152.0,79.1954173255643,143.2728094724391
2021-08-16 11:30:00,2021-08-16,157.0,72.1850551800357,161.497954870215
2021-08-16 11:45:00,2021-08-16,155.0,71.72552223087746,161.15229533626595
2021-08-16 12:00:00,2021-08-16,107.0,54.97789333161402,122.6
2021-08-16 12:15:00,2021-08-16,91.0,38.45867668203761,106.2
2021-08-16 12:30:00,2021-08-16,88.0,38.59142317850811,91.02090733086818
2021-08-16 12:45:00,2021-08-16,100.0,47.72151086226631,105.28495312627936
2021-08-16 13:00:00,2021-08-16,157.0,67.46113002990992,157.0
2021-08-16 13:15:00,2021-08-16,156.0,75.75068970227574,153.98817959890928
2021-08-16 13:30:00,2021-08-16,148.0,76.46486599907949,144.72686727481135
2021-08-16 13:45:00,2021-08-16,149.0,79.26634692052639,140.5551628492855
2021-08-16 14:00:00,2021-08-16,153.0,77.66196306869296,147.31007299871519
2021-08-16 14:15:00,2021-08-16,138.0,74.15713131093442,139.21485930269705
2021-08-16 14:30:00,2021-08-16,149.0,68.1357415236238,149.0
2021-08-16 14:45:00,2021-08-16,144.0,67.42156522682002,156.9199048493022
2021-08-16 15:00:00,2021-08-16,112.0,59.15930283890403,112.0
2021-08-16 15:15:00,2021-08-16,146.0,60.65550400274029,146.0
2021-08-16 15:30:00,2021-08-16,140.0,66.83735389742802,140.0
2021-08-16 15:45:00,2021-08-16,132.0,67.77621156164003,132.0
2021-08-16 16:00:00,2021-08-16,117.0,70.49649786476205,117.0
2021-08-16 16:15:00,2021-08-16,125.0,73.84303774762772,125.0
2021-08-16 16:30:00,2021-08-16,110.0,66.39868812682685,110.0
2021-08-16 16:45:00,2021-08-16,113.0,65.000258606832,113.0
2021-08-16 17:00:00,2021-08-16,105.0,65.23141332832841,105.0
2021-08-16 17:15:00,2021-08-16,99.0,70.1459934264843,99.0
2021-08-16 17:30:00,2021-08-16,99.0,66.8029767422501,99.0
2021-08-16 17:45:00,2021-08-16,95.0,49.31570926076178,95.0
2021-08-16 18:00:00,2021-08-16,94.0,47.53616362506536,94.0
2021-08-16 18:15:00,2021-08-16,92.0,54.72105445686941,92.0
2021-08-16 18:30:00,2021-08-16,91.0,56.35426141658658,91.0
2021-08-16 18:45:00,2021-08-16,89.0,55.95525105787061,89.0
2021-08-16 19:00:00,2021-08-16,95.0,45.1009308015097,95.0
2021-08-16 19:15:00,2021-08-16,93.0,46.08769533407945,93.0
2021-08-16 19:30:00,2021-08-16,85.0,56.10338534617185,85.0
2021-08-16 19:45:00,2021-08-16,84.0,57.2810673388746,84.0
2021-08-16 20:00:00,2021-08-16,95.0,48.261164749249446,95.0
2021-08-16 20:15:00,2021-08-16,101.0,51.79706484540748,101.0
2021-08-16 20:30:00,2021-08-16,95.0,44.132565090513125,95.0
2021-08-16 20:45:00,2021-08-16,102.0,43.86404798136164,102.0
2021-08-16 21:00:00,2021-08-16,113.0,43.86404798136164,113.0
2021-08-16 21:15:00,2021-08-16,116.0,43.9189338957236,116.0
2021-08-16 21:30:00,2021-08-16,110.0,44.104928744736895,110.0
2021-08-16 21:45:00,2021-08-16,108.0,43.36342672045252,108.0
2021-08-16 22:00:00,2021-08-16,86.0,37.0414017536288,86.0
2021-08-16 22:15:00,2021-08-16,102.0,37.34329709522527,102.0
2021-08-16 22:30:00,2021-08-16,95.0,37.30277663879654,95.0
2021-08-16 22:45:00,2021-08-16,98.0,46.64598227655407,98.0
2021-08-16 23:00:00,2021-08-16,94.0,38.36980486742006,94.0
2021-08-16 23:15:00,2021-08-16,102.0,45.80442415463234,102.0
2021-08-16 23:30:00,2021-08-16,102.0,36.74594694433162,102.0
2021-08-16 23:45:00,2021-08-16,84.0,57.515073823677,84.0
2021-08-17 00:00:00,2021-08-17,71.0,38.595654065599824,71.0
2021-08-17 00:15:00,2021-08-17,68.0,38.43380366377825,68.0
2021-08-17 00:30:00,2021-08-17,68.0,34.58408317099821,68.0
2021-08-17 00:45:00,2021-08-17,71.0,34.881556826812805,71.0
2021-08-17 01:00:00,2021-08-17,90.0,87.85151251330358,90.0
2021-08-17 01:15:00,2021-08-17,95.0,87.65787645252935,95.0
2021-08-17 01:30:00,2021-08-17,100.0,87.5657336698754,100.0
2021-08-17 01:45:00,2021-08-17,100.0,75.61231254881689,100.0
2021-08-17 02:00:00,2021-08-17,98.0,86.5244777531081,98.0
2021-08-17 02:15:00,2021-08-17,96.0,86.35680369374565,96.0
2021-08-17 02:30:00,2021-08-17,101.0,75.75836782937549,101.0
2021-08-17 02:45:00,2021-08-17,98.0,85.51438550033328,98.0
2021-08-17 03:00:00,2021-08-17,83.0,71.0379178508761,83.0
2021-08-17 03:15:00,2021-08-17,95.0,88.78783792309042,95.0
2021-08-17 03:30:00,2021-08-17,99.0,89.31984702175298,99.0
2021-08-17 03:45:00,2021-08-17,92.0,86.70962368299864,92.0
2021-08-17 04:00:00,2021-08-17,86.0,89.15462324625776,86.0
2021-08-17 04:15:00,2021-08-17,95.0,88.9869491868953,95.0
2021-08-17 04:30:00,2021-08-17,98.0,88.45494008823275,98.0
2021-08-17 04:45:00,2021-08-17,94.0,86.59260102197533,94.0
2021-08-17 05:00:00,2021-08-17,77.0,51.110859524295016,77.0
2021-08-17 05:15:00,2021-08-17,73.0,46.182830451956384,73.0
2021-08-17 05:30:00,2021-08-17,89.0,71.07767715224628,89.0
2021-08-17 05:45:00,2021-08-17,103.0,87.5435603491294,103.0
2021-08-17 06:00:00,2021-08-17,94.0,87.52244793226279,94.0
2021-08-17 06:15:00,2021-08-17,91.0,89.04834162326463,91.0
2021-08-17 06:30:00,2021-08-17,93.0,86.48605979318867,93.0
2021-08-17 06:45:00,2021-08-17,96.0,89.80437087182229,96.0
2021-08-17 07:00:00,2021-08-17,95.0,94.36647174974487,95.0
2021-08-17 07:15:00,2021-08-17,120.0,111.85243254859208,126.93343275374745
2021-08-17 07:30:00,2021-08-17,146.0,126.671461453216,172.96656724625257
2021-08-17 07:45:00,2021-08-17,137.0,120.85675222197396,165.12724502842116
2021-08-17 08:00:00,2021-08-17,156.0,148.46817154624696,159.67275349199835
2021-08-17 08:15:00,2021-08-17,171.0,168.42871128497035,155.26118708025317
2021-08-17 08:30:00,2021-08-17,168.0,162.4692049238259,158.36268165450707
2021-08-17 08:45:00,2021-08-17,162.0,161.0598029787306,153.85367754745496
2021-08-17 09:00:00,2021-08-17,156.0,158.1529303826697,150.5619118982677
2021-08-17 09:15:00,2021-08-17,159.0,157.2536419464186,154.63044232008815
2021-08-17 09:30:00,2021-08-17,170.0,159.25106783381875,163.21096500333152
2021-08-17 09:45:00,2021-08-17,166.0,164.60557485845305,154.2276120965184
2021-08-17 10:00:00,2021-08-17,126.0,143.93933023838622,134.9957916127114
2021-08-17 10:15:00,2021-08-17,159.0,166.2999246981982,146.21894901485146
2021-08-17 10:30:00,2021-08-17,162.0,168.13316027036996,147.35342154497417
2021-08-17 10:45:00,2021-08-17,165.0,166.68155104092725,151.38923602409739
2021-08-17 11:00:00,2021-08-17,165.0,165.60839532698674,152.24282147151646
2021-08-17 11:15:00,2021-08-17,167.0,166.94103145554453,152.86897854339406
2021-08-17 11:30:00,2021-08-17,171.0,157.6048592625768,164.5832462890509
2021-08-17 11:45:00,2021-08-17,173.0,157.30939722765302,166.93907937856372
2021-08-17 12:00:00,2021-08-17,109.0,114.34041225418692,147.99030014047992
2021-08-17 12:15:00,2021-08-17,98.0,93.39078119833992,126.60969985952006
2021-08-17 12:30:00,2021-08-17,100.0,93.44453587017038,100.0
2021-08-17 12:45:00,2021-08-17,134.0,104.78477652395432,165.46674742296258
2021-08-17 13:00:00,2021-08-17,159.0,151.48885822027785,160.45261050254595
2021-08-17 13:15:00,2021-08-17,164.0,165.3166704087988,151.71404391693048
2021-08-17 13:30:00,2021-08-17,163.0,165.5414884036161,150.58417535202216
2021-08-17 13:45:00,2021-08-17,162.0,158.46622498768153,156.3282684444728
2021-08-17 14:00:00,2021-08-17,164.0,162.9396497277268,153.9273015285813
2021-08-17 14:15:00,2021-08-17,160.0,153.7413193607749,159.15781384700938
2021-08-17 14:30:00,2021-08-17,163.0,152.98182961942956,162.9469890628036
2021-08-17 14:45:00,2021-08-17,156.0,159.50323747303509,149.573164521276
2021-08-17 15:00:00,2021-08-17,120.0,131.80613727932788,141.01522541356405
2021-08-17 15:15:00,2021-08-17,154.0,143.05894599542896,164.15156973787532
2021-08-17 15:30:00,2021-08-17,159.0,160.24646665519236,151.7425046440584
2021-08-17 15:45:00,2021-08-17,168.0,162.67851974328195,157.93473497503737
2021-08-17 16:00:00,2021-08-17,158.0,151.95905528925667,159.00485063086057
2021-08-17 16:15:00,2021-08-17,151.0,153.34012459926095,150.59817941715687
2021-08-17 16:30:00,2021-08-17,152.0,154.12470117872385,150.82381665797504
2021-08-17 16:45:00,2021-08-17,147.0,154.7057673682989,145.31465550048995
2021-08-17 17:00:00,2021-08-17,104.0,110.14454860997776,108.87547643486859
2021-08-17 17:15:00,2021-08-17,91.0,97.30932423581103,91.40182058284314
2021-08-17 17:30:00,2021-08-17,120.0,133.0900672472783,124.39753841541668
2021-08-17 17:45:00,2021-08-17,135.0,150.325594144359,135.0
2021-08-17 18:00:00,2021-08-17,137.0,156.76896109453742,133.64695648180742
2021-08-17 18:15:00,2021-08-17,148.0,156.60380615931095,144.52999528526422
2021-08-17 18:30:00,2021-08-17,154.0,153.85875981500726,153.0724662993191
2021-08-17 18:45:00,2021-08-17,158.0,151.94407725219105,158.0
2021-08-17 19:00:00,2021-08-17,143.0,151.39975183155246,144.339094924859
2021-08-17 19:15:00,2021-08-17,141.0,145.11026256043274,141.0
2021-08-17 19:30:00,2021-08-17,139.0,144.42053633243006,139.0
2021-08-17 19:45:00,2021-08-17,127.0,128.1929362916113,127.0
2021-08-17 20:00:00,2021-08-17,116.0,108.40709559212188,116.0
2021-08-17 20:15:00,2021-08-17,120.0,129.09376333865256,120.0
2021-08-17 20:30:00,2021-08-17,128.0,128.80588318962015,128.0
2021-08-17 20:45:00,2021-08-17,116.0,122.10503721535744,116.0
2021-08-17 21:00:00,2021-08-17,120.0,122.27019215058388,120.0
2021-08-17 21:15:00,2021-08-17,118.0,112.16678238534844,118.0
2021-08-17 21:30:00,2021-08-17,121.0,111.97830554323257,121.0
2021-08-17 21:45:00,2021-08-17,112.0,112.82233653339766,112.0
2021-08-17 22:00:00,2021-08-17,90.0,93.43160760798612,90.0
2021-08-17 22:15:00,2021-08-17,114.0,103.6465069876913,114.0
2021-08-17 22:30:00,2021-08-17,118.0,98.4005503622518,118.0
2021-08-17 22:45:00,2021-08-17,117.0,98.4005503622518,117.0
2021-08-17 23:00:00,2021-08-17,118.0,98.699663594574,118.0
2021-08-17 23:15:00,2021-08-17,111.0,96.4311177403308,111.0
2021-08-17 23:30:00,2021-08-17,99.0,104.00115350310978,99.0
2021-08-17 23:45:00,2021-08-17,87.0,60.56154326844355,87.0
2021-08-18 00:00:00,2021-08-18,66.0,63.40696316044372,66.0
2021-08-18 00:15:00,2021-08-18,64.0,63.19556536684749,64.0
2021-08-18 00:30:00,2021-08-18,65.0,55.18414668483467,65.0
2021-08-18 00:45:00,2021-08-18,65.0,54.88419447054315,65.0
2021-08-18 01:00:00,2021-08-18,84.0,88.29568987454836,84.0
2021-08-18 01:15:00,2021-08-18,95.0,91.31174732436423,95.0
2021-08-18 01:30:00,2021-08-18,97.0,88.18705688644671,97.0
2021-08-18 01:45:00,2021-08-18,105.0,81.00292414527685,105.0
2021-08-18 02:00:00,2021-08-18,101.0,89.84564691380456,101.0
2021-08-18 02:15:00,2021-08-18,102.0,92.00670803385592,102.0
2021-08-18 02:30:00,2021-08-18,105.0,92.00046199288848,105.0
2021-08-18 02:45:00,2021-08-18,102.0,92.01253192190588,102.0
2021-08-18 03:00:00,2021-08-18,78.0,87.55062747726627,78.0
2021-08-18 03:15:00,2021-08-18,87.0,92.82975609347749,87.0
2021-08-18 03:30:00,2021-08-18,98.0,92.0495367048661,98.0
2021-08-18 03:45:00,2021-08-18,101.0,92.0495367048661,101.0
2021-08-18 04:00:00,2021-08-18,93.0,91.78473095464332,93.0
2021-08-18 04:15:00,2021-08-18,95.0,93.2342744905518,95.0
2021-08-18 04:30:00,2021-08-18,99.0,94.32157263585243,99.0
2021-08-18 04:45:00,2021-08-18,93.0,92.92385820410776,93.0
2021-08-18 05:00:00,2021-08-18,78.0,80.72267898038217,78.0
2021-08-18 05:15:00,2021-08-18,70.0,63.87579976557184,70.0
2021-08-18 05:30:00,2021-08-18,84.0,84.46933123238858,84.0
2021-08-18 05:45:00,2021-08-18,98.0,92.06376967247938,98.0
2021-08-18 06:00:00,2021-08-18,96.0,97.16666305623374,96.0
2021-08-18 06:15:00,2021-08-18,97.0,93.64743619565157,97.0
2021-08-18 06:30:00,2021-08-18,103.0,98.28917329829194,103.0
2021-08-18 06:45:00,2021-08-18,107.0,96.99314451933829,112.33142070077933
2021-08-18 07:00:00,2021-08-18,105.0,93.22923773923384,105.0
2021-08-18 07:15:00,2021-08-18,116.0,104.4546953772255,146.79999999999998
2021-08-18 07:30:00,2021-08-18,146.0,113.01686523784235,163.4
2021-08-18 07:45:00,2021-08-18,131.0,125.2056188702348,142.768577428354
2021-08-18 08:00:00,2021-08-18,146.0,137.51154720481833,144.5269821097702
2021-08-18 08:15:00,2021-08-18,162.0,146.14041268593846,149.75752810680868
2021-08-18 08:30:00,2021-08-18,174.0,146.20109505317117,160.30864277556935
2021-08-18 08:45:00,2021-08-18,171.0,146.24235618324028,157.66893427560692
2021-08-18 09:00:00,2021-08-18,171.0,142.95211309210475,161.17019301604734
2021-08-18 09:15:00,2021-08-18,172.0,139.4191774276306,166.22025480756065
2021-08-18 09:30:00,2021-08-18,163.0,138.5904018188311,158.46467467117776
2021-08-18 09:45:00,2021-08-18,170.0,142.09722677926092,161.19120136222517
2021-08-18 10:00:00,2021-08-18,134.0,132.91591029692324,136.17539744665717
2021-08-18 10:15:00,2021-08-18,160.0,143.96637358892795,149.76965869854845
2021-08-18 10:30:00,2021-08-18,166.0,145.0029024024882,154.2444000750053
2021-08-18 10:45:00,2021-08-18,176.0,143.38446799358795,165.33547355985434
2021-08-18 11:00:00,2021-08-18,173.0,141.12159990626463,164.54339998002962
2021-08-18 11:15:00,2021-08-18,172.0,139.05503405951694,165.45217689750095
2021-08-18 11:30:00,2021-08-18,183.0,141.63644758162087,173.40291822633287
2021-08-18 11:45:00,2021-08-18,163.0,143.66866658474763,153.36816586217194
2021-08-18 12:00:00,2021-08-18,109.0,97.61791604963568,126.3
2021-08-18 12:15:00,2021-08-18,90.0,89.49163466338796,109.98970854745943
2021-08-18 12:30:00,2021-08-18,88.0,90.5313355940882,122.6
2021-08-18 12:45:00,2021-08-18,120.0,94.83466919198452,137.4255854422658
2021-08-18 13:00:00,2021-08-18,166.0,132.9037845096867,168.26402614878126
2021-08-18 13:15:00,2021-08-18,171.0,136.96877133368443,168.2102914525406
2021-08-18 13:30:00,2021-08-18,171.0,141.9396980990437,162.31933176199047
2021-08-18 13:45:00,2021-08-18,177.0,141.73695116100018,168.25508279574373
2021-08-18 14:00:00,2021-08-18,175.0,141.4876155454271,166.64705147249043
2021-08-18 14:15:00,2021-08-18,176.0,137.1703220466669,172.8743349716496
2021-08-18 14:30:00,2021-08-18,181.0,136.14544216477077,179.12387715395772
2021-08-18 14:45:00,2021-08-18,185.0,135.98203415553846,183.30242385892217
2021-08-18 15:00:00,2021-08-18,141.0,102.88317940543254,154.69147671651584
2021-08-18 15:15:00,2021-08-18,176.0,121.69730596352622,176.0
2021-08-18 15:30:00,2021-08-18,184.0,135.3988758977968,183.09680967768298
2021-08-18 15:45:00,2021-08-18,178.0,131.70456647278613,178.0
2021-08-18 16:00:00,2021-08-18,188.0,135.6581275984421,186.7196581865936
2021-08-18 16:15:00,2021-08-18,174.0,131.18628801515206,174.0
2021-08-18 16:30:00,2021-08-18,148.0,132.68527833149415,148.0
2021-08-18 16:45:00,2021-08-18,152.0,132.52968142457297,152.0
2021-08-18 17:00:00,2021-08-18,118.0,108.55768670047908,119.28034181340641
2021-08-18 17:15:00,2021-08-18,99.0,97.75812473486158,99.0
2021-08-18 17:30:00,2021-08-18,160.0,128.00734588907008,160.0
2021-08-18 17:45:00,2021-08-18,186.0,133.42139272308728,186.0
2021-08-18 18:00:00,2021-08-18,168.0,137.8263035406229,164.2310183979246
2021-08-18 18:15:00,2021-08-18,165.0,134.71655345785376,165.0
2021-08-18 18:30:00,2021-08-18,174.0,127.51616708346188,174.0
2021-08-18 18:45:00,2021-08-18,147.0,125.35774263412073,147.0
2021-08-18 19:00:00,2021-08-18,150.0,124.87380495791362,153.7689816020754
2021-08-18 19:15:00,2021-08-18,158.0,120.96948384039742,158.0
2021-08-18 19:30:00,2021-08-18,142.0,114.86741048845936,142.0
2021-08-18 19:45:00,2021-08-18,123.0,103.9152006740054,123.0
2021-08-18 20:00:00,2021-08-18,116.0,101.37267601680298,116.0
2021-08-18 20:15:00,2021-08-18,124.0,100.95817810832663,124.0
2021-08-18 20:30:00,2021-08-18,120.0,100.5102229944772,120.0
2021-08-18 20:45:00,2021-08-18,118.0,100.61462291906264,118.0
2021-08-18 21:00:00,2021-08-18,109.0,98.59416136405063,109.0
2021-08-18 21:15:00,2021-08-18,111.0,94.74176930323776,111.0
2021-08-18 21:30:00,2021-08-18,115.0,95.4187560260787,115.0
2021-08-18 21:45:00,2021-08-18,123.0,97.3856657011907,123.0
2021-08-18 22:00:00,2021-08-18,102.0,90.6959740804272,102.0
2021-08-18 22:15:00,2021-08-18,125.0,94.5695792871328,125.0
2021-08-18 22:30:00,2021-08-18,117.0,93.392417406432,117.0
2021-08-18 22:45:00,2021-08-18,103.0,91.72691012534231,103.0
2021-08-18 23:00:00,2021-08-18,103.0,90.92669611784132,103.0
2021-08-18 23:15:00,2021-08-18,112.0,90.73316659142994,112.0
2021-08-18 23:30:00,2021-08-18,107.0,91.08765314812833,107.0
2021-08-18 23:45:00,2021-08-18,96.0,65.09185001563199,96.0
2021-08-19 00:00:00,2021-08-19,77.0,68.36934113429487,77.0
2021-08-19 00:15:00,2021-08-19,73.0,64.89477801836364,73.0
2021-08-19 00:30:00,2021-08-19,68.0,60.92360528884058,68.0
2021-08-19 00:45:00,2021-08-19,65.0,59.82142410450672,65.0
2021-08-19 01:00:00,2021-08-19,84.0,87.5584912000893,84.0
2021-08-19 01:15:00,2021-08-19,101.0,94.32868252562662,101.0
2021-08-19 01:30:00,2021-08-19,110.0,100.55620184222892,110.0
2021-08-19 01:45:00,2021-08-19,114.0,100.90669360655922,114.0
2021-08-19 02:00:00,2021-08-19,116.0,95.73652953762765,116.0
2021-08-19 02:15:00,2021-08-19,106.0,99.8684004271206,106.0
2021-08-19 02:30:00,2021-08-19,101.0,99.9901200522288,101.0
2021-08-19 02:45:00,2021-08-19,113.0,95.41942207759004,113.0
2021-08-19 03:00:00,2021-08-19,93.0,83.87365954978492,93.0
2021-08-19 03:15:00,2021-08-19,111.0,99.98647899377907,111.0
2021-08-19 03:30:00,2021-08-19,119.0,96.80682693961808,119.0
2021-08-19 03:45:00,2021-08-19,112.0,99.25336968362848,112.0
2021-08-19 04:00:00,2021-08-19,108.0,99.2699775080014,108.0
2021-08-19 04:15:00,2021-08-19,108.0,99.92895295273576,108.0
2021-08-19 04:30:00,2021-08-19,101.0,96.25638574247004,101.0
2021-08-19 04:45:00,2021-08-19,98.0,91.01997818687688,98.0
2021-08-19 05:00:00,2021-08-19,78.0,67.83289899321575,78.0
2021-08-19 05:15:00,2021-08-19,70.0,63.12678265257587,70.0
2021-08-19 05:30:00,2021-08-19,96.0,91.2455525033803,96.0
2021-08-19 05:45:00,2021-08-19,106.0,96.4969556861265,106.0
2021-08-19 06:00:00,2021-08-19,110.0,100.56173149956896,110.0
2021-08-19 06:15:00,2021-08-19,119.0,99.69507468269582,119.0
2021-08-19 06:30:00,2021-08-19,110.0,99.61219877107452,110.0
2021-08-19 06:45:00,2021-08-19,97.0,100.35781571497888,104.47224229776819
2021-08-19 07:00:00,2021-08-19,91.0,100.98575803302114,108.39999815583485
2021-08-19 07:15:00,2021-08-19,116.0,108.6567090207051,139.0011866391693
2021-08-19 07:30:00,2021-08-19,142.0,137.96779125400604,155.19881336083068
2021-08-19 07:45:00,2021-08-19,143.0,141.1894948206555,151.42775770223182
2021-08-19 08:00:00,2021-08-19,174.0,150.9626069692608,171.23892178182683
2021-08-19 08:15:00,2021-08-19,185.0,163.37110868338775,169.70821904468468
2021-08-19 08:30:00,2021-08-19,177.0,163.37110868338775,162.62822670574192
2021-08-19 08:45:00,2021-08-19,159.0,161.1967279043554,148.65484000828178
2021-08-19 09:00:00,2021-08-19,162.0,155.6507984172892,156.80600277115772
2021-08-19 09:15:00,2021-08-19,173.0,156.24654596747462,166.00786024314417
2021-08-19 09:30:00,2021-08-19,182.0,158.44802193630605,172.2176030155083
2021-08-19 09:45:00,2021-08-19,179.0,156.53047138033318,171.45379881904364
2021-08-19 10:00:00,2021-08-19,142.0,149.0734030926258,143.28248491211272
2021-08-19 10:15:00,2021-08-19,166.0,157.41507874498566,158.1083226065615
2021-08-19 10:30:00,2021-08-19,165.0,156.9392534181925,157.6323448983598
2021-08-19 10:45:00,2021-08-19,177.0,158.49906236853275,167.432415634773
2021-08-19 11:00:00,2021-08-19,176.0,156.98028353837142,167.36016126247722
2021-08-19 11:15:00,2021-08-19,188.0,157.74410444716693,177.8720188520715
2021-08-19 11:30:00,2021-08-19,175.0,162.0952448578336,161.7536118082612
2021-08-19 11:45:00,2021-08-19,168.0,162.16975952078008,155.64316948015923
2021-08-19 12:00:00,2021-08-19,114.0,117.711045460421,149.47295366992552
2021-08-19 12:15:00,2021-08-19,96.0,103.01275855953376,131.22704633007447
2021-08-19 12:30:00,2021-08-19,89.0,107.22204987925112,95.46746869556736
2021-08-19 12:45:00,2021-08-19,120.0,111.09677630661017,129.55183846783348
2021-08-19 13:00:00,2021-08-19,168.0,149.0791244278584,168.0
2021-08-19 13:15:00,2021-08-19,168.0,150.27145527736465,167.6199719217555
2021-08-19 13:30:00,2021-08-19,163.0,156.12626499020803,156.53253130443264
2021-08-19 13:45:00,2021-08-19,172.0,158.37689590299175,162.82818961041096
2021-08-19 14:00:00,2021-08-19,178.0,154.7246818838118,172.48581217761148
2021-08-19 14:15:00,2021-08-19,167.0,153.28201983672025,163.34965843001697
2021-08-19 14:30:00,2021-08-19,171.0,157.59381498996842,162.68590050434906
2021-08-19 14:45:00,2021-08-19,184.0,153.3260937415013,179.92633170328955
2021-08-19 15:00:00,2021-08-19,145.0,122.24549735593564,175.90315157824472
2021-08-19 15:15:00,2021-08-19,179.0,147.5433882896491,181.59129654329897
2021-08-19 15:30:00,2021-08-19,185.0,153.75064647084238,180.40466019767317
2021-08-19 15:45:00,2021-08-19,172.0,159.21611368819137,161.96993280783303
2021-08-19 16:00:00,2021-08-19,166.0,148.81154651866248,167.347617265672
2021-08-19 16:15:00,2021-08-19,171.0,146.03090385313592,172.33563879201103
2021-08-19 16:30:00,2021-08-19,167.0,145.2534936844424,167.0
2021-08-19 16:45:00,2021-08-19,159.0,143.32690569515495,159.0
2021-08-19 17:00:00,2021-08-19,122.0,117.3304077529944,122.0
2021-08-19 17:15:00,2021-08-19,101.0,99.1300021066661,101.0
2021-08-19 17:30:00,2021-08-19,140.0,138.24883933896268,140.0
2021-08-19 17:45:00,2021-08-19,155.0,143.54314331982647,155.0
2021-08-19 18:00:00,2021-08-19,161.0,144.75997031723827,161.0
2021-08-19 18:15:00,2021-08-19,140.0,143.57334401969544,140.0
2021-08-19 18:30:00,2021-08-19,153.0,146.3634022350681,153.0
2021-08-19 18:45:00,2021-08-19,155.0,144.52905956699888,155.0
2021-08-19 19:00:00,2021-08-19,153.0,141.84527363213363,153.0
2021-08-19 19:15:00,2021-08-19,151.0,143.5691662691742,151.0
2021-08-19 19:30:00,2021-08-19,149.0,141.3127288127708,149.0
2021-08-19 19:45:00,2021-08-19,134.0,122.86087810295808,134.0
2021-08-19 20:00:00,2021-08-19,121.0,114.49981341597044,121.0
2021-08-19 20:15:00,2021-08-19,130.0,117.8372075979545,130.0
2021-08-19 20:30:00,2021-08-19,134.0,123.81943281096778,134.0
2021-08-19 20:45:00,2021-08-19,128.0,120.50684870575546,128.0
2021-08-19 21:00:00,2021-08-19,121.0,109.8830268028232,121.0
2021-08-19 21:15:00,2021-08-19,118.0,109.36134535410696,118.0
2021-08-19 21:30:00,2021-08-19,123.0,110.15246593620326,123.0
2021-08-19 21:45:00,2021-08-19,123.0,107.91514668839396,123.0
2021-08-19 22:00:00,2021-08-19,105.0,96.80339509347264,105.0
2021-08-19 22:15:00,2021-08-19,125.0,105.78180588599658,125.0
2021-08-19 22:30:00,2021-08-19,119.0,111.85399350403254,119.0
2021-08-19 22:45:00,2021-08-19,114.0,112.65243010363712,114.0
2021-08-19 23:00:00,2021-08-19,117.0,110.48939707088005,117.0
2021-08-19 23:15:00,2021-08-19,110.0,100.61131704055452,110.0
2021-08-19 23:30:00,2021-08-19,111.0,95.83017354245948,111.0
2021-08-19 23:45:00,2021-08-19,101.0,69.41662472913305,101.0
2021-08-20 00:00:00,2021-08-20,80.0,63.40836712964,80.0
2021-08-20 00:15:00,2021-08-20,74.0,59.54679142618588,74.0
2021-08-20 00:30:00,2021-08-20,70.0,55.62824902793031,70.0
2021-08-20 00:45:00,2021-08-20,68.0,55.642514076934624,68.0
2021-08-20 01:00:00,2021-08-20,89.0,82.14072060797393,89.0
2021-08-20 01:15:00,2021-08-20,105.0,89.2462800939922,105.0
2021-08-20 01:30:00,2021-08-20,109.0,93.70282383292268,109.0
2021-08-20 01:45:00,2021-08-20,100.0,95.28450363782068,100.0
2021-08-20 02:00:00,2021-08-20,104.0,94.4598845175847,104.0
2021-08-20 02:15:00,2021-08-20,110.0,98.00766053997866,110.0
2021-08-20 02:30:00,2021-08-20,107.0,94.73798172252052,107.0
2021-08-20 02:45:00,2021-08-20,107.0,96.7863402290444,107.0
2021-08-20 03:00:00,2021-08-20,92.0,94.70684126420524,92.0
2021-08-20 03:15:00,2021-08-20,107.0,97.53629651263265,107.0
2021-08-20 03:30:00,2021-08-20,106.0,101.758961864539,106.0
2021-08-20 03:45:00,2021-08-20,104.0,97.1124536639481,104.0
2021-08-20 04:00:00,2021-08-20,106.0,97.32619007229076,106.0
2021-08-20 04:15:00,2021-08-20,101.0,93.4596464311225,101.0
2021-08-20 04:30:00,2021-08-20,88.0,93.70511020503594,88.0
2021-08-20 04:45:00,2021-08-20,101.0,96.06589683563776,101.0
2021-08-20 05:00:00,2021-08-20,78.0,66.18300263379274,78.0
2021-08-20 05:15:00,2021-08-20,70.0,59.16109601027234,70.0
2021-08-20 05:30:00,2021-08-20,98.0,85.31069648239372,98.0
2021-08-20 05:45:00,2021-08-20,104.0,93.98189208215688,104.0
2021-08-20 06:00:00,2021-08-20,112.0,97.44376731697976,112.0
2021-08-20 06:15:00,2021-08-20,115.0,96.97278628709032,115.0
2021-08-20 06:30:00,2021-08-20,109.0,93.30974750330611,112.42092203950277
2021-08-20 06:45:00,2021-08-20,106.0,96.05130334440057,106.0
2021-08-20 07:00:00,2021-08-20,109.0,95.97891695838535,122.2
2021-08-20 07:15:00,2021-08-20,121.0,112.25406735007978,154.9
2021-08-20 07:30:00,2021-08-20,146.0,139.8239322259177,155.2954237663896
2021-08-20 07:45:00,2021-08-20,132.0,142.94435409426018,140.30718375132906
2021-08-20 08:00:00,2021-08-20,160.0,147.38056047573522,159.5764689616933
2021-08-20 08:15:00,2021-08-20,179.0,158.3119568471664,167.10466227551524
2021-08-20 08:30:00,2021-08-20,172.0,160.32071314714855,158.97087440791418
2021-08-20 08:45:00,2021-08-20,172.0,157.32889346744727,162.32885962864967
2021-08-20 09:00:00,2021-08-20,154.0,155.96670445977634,147.4948337163076
2021-08-20 09:15:00,2021-08-20,161.0,158.72544093564048,150.5271938365132
2021-08-20 09:30:00,2021-08-20,171.0,154.71963370154054,164.0160367584746
2021-08-20 09:45:00,2021-08-20,175.0,155.93858056324024,166.5405918165024
2021-08-20 10:00:00,2021-08-20,142.0,142.41390483530435,148.06804235136536
2021-08-20 10:15:00,2021-08-20,157.0,157.82191885478338,147.6277377565369
2021-08-20 10:30:00,2021-08-20,162.0,160.0955527933553,150.16591895547913
2021-08-20 10:45:00,2021-08-20,168.0,157.89023487961293,157.90273143412395
2021-08-20 11:00:00,2021-08-20,183.0,156.57159960669588,172.3550973242771
2021-08-20 11:15:00,2021-08-20,193.0,159.06450907440407,178.91523070234277
2021-08-20 11:30:00,2021-08-20,189.0,159.75707680903065,174.77417110648193
2021-08-20 11:45:00,2021-08-20,183.0,157.57143864739126,171.70801941060122
2021-08-20 12:00:00,2021-08-20,118.0,117.36890958328785,136.3
2021-08-20 12:15:00,2021-08-20,96.0,94.51439670045156,140.87238517711575
2021-08-20 12:30:00,2021-08-20,95.0,94.2710645130656,157.0034239256137
2021-08-20 12:45:00,2021-08-20,134.0,102.6941708932911,143.0689100488708
2021-08-20 13:00:00,2021-08-20,175.0,152.05010278459383,170.53069956979047
2021-08-20 13:15:00,2021-08-20,180.0,158.81182088302634,167.56043744350853
2021-08-20 13:30:00,2021-08-20,177.0,159.03663887784364,165.58616543495253
2021-08-20 13:45:00,2021-08-20,177.0,156.41478111325526,167.9310899511292
2021-08-20 14:00:00,2021-08-20,177.0,157.73608001461596,166.524391086569
2021-08-20 14:15:00,2021-08-20,160.0,158.2217428857642,150.06846840420616
2021-08-20 14:30:00,2021-08-20,184.0,154.18643184559454,177.0954064487454
2021-08-20 14:45:00,2021-08-20,177.0,155.4881942230209,168.9318266770847
2021-08-20 15:00:00,2021-08-20,124.0,136.20614174271694,137.32679583241372
2021-08-20 15:15:00,2021-08-20,176.0,148.70849276949042,175.63559147833942
2021-08-20 15:30:00,2021-08-20,169.0,155.29798207927192,161.49404911686986
2021-08-20 15:45:00,2021-08-20,167.0,158.0315307420152,156.82249388148782
2021-08-20 16:00:00,2021-08-20,176.0,152.6740104578244,170.6378966455058
2021-08-20 16:15:00,2021-08-20,177.0,151.19645777924757,173.72698449832012
2021-08-20 16:30:00,2021-08-20,168.0,144.2703161587934,172.30031867835729
2021-08-20 16:45:00,2021-08-20,161.0,143.49729695753655,166.18156197765364
2021-08-20 17:00:00,2021-08-20,105.0,117.81437509650776,118.9280882217862
2021-08-20 17:15:00,2021-08-20,107.0,109.41226633314176,110.2730155016799
2021-08-20 17:30:00,2021-08-20,160.0,144.35036808925645,160.0
2021-08-20 17:45:00,2021-08-20,164.0,147.88644992062595,164.0
2021-08-20 18:00:00,2021-08-20,148.0,145.7206720468964,148.0
2021-08-20 18:15:00,2021-08-20,156.0,145.92628629326006,156.0
2021-08-20 18:30:00,2021-08-20,158.0,146.8977350796805,158.0
2021-08-20 18:45:00,2021-08-20,157.0,142.18483580051793,157.0
2021-08-20 19:00:00,2021-08-20,146.0,142.34847435546652,146.0
2021-08-20 19:15:00,2021-08-20,116.0,138.66190076915868,116.0
2021-08-20 19:30:00,2021-08-20,134.0,133.98877710585876,134.0
2021-08-20 19:45:00,2021-08-20,105.0,112.75307248145258,105.0
2021-08-20 20:00:00,2021-08-20,99.0,103.33024804530255,99.0
2021-08-20 20:15:00,2021-08-20,115.0,108.03220842364848,115.0
2021-08-20 20:30:00,2021-08-20,125.0,114.04815951846412,125.0
2021-08-20 20:45:00,2021-08-20,117.0,115.3046025979928,117.0
2021-08-20 21:00:00,2021-08-20,120.0,109.253396321071,120.0
2021-08-20 21:15:00,2021-08-20,121.0,104.83959808072956,121.0
2021-08-20 21:30:00,2021-08-20,117.0,102.48714725284228,117.0
2021-08-20 21:45:00,2021-08-20,115.0,107.39932295406052,115.0
2021-08-20 22:00:00,2021-08-20,91.0,92.04143995139972,91.0
2021-08-20 22:15:00,2021-08-20,107.0,97.98744935321103,107.0
2021-08-20 22:30:00,2021-08-20,112.0,105.57130448761868,112.0
2021-08-20 22:45:00,2021-08-20,113.0,103.9361905567149,113.0
2021-08-20 23:00:00,2021-08-20,102.0,100.11990483557594,102.0
2021-08-20 23:15:00,2021-08-20,106.0,99.57630528647634,106.0
2021-08-20 23:30:00,2021-08-20,101.0,86.12224353850938,101.0
2021-08-20 23:45:00,2021-08-20,84.0,56.495694059594655,84.0
2021-08-21 00:00:00,2021-08-21,64.0,54.15842903523576,64.0
2021-08-21 00:15:00,2021-08-21,62.0,51.737051765604114,62.0
2021-08-21 00:30:00,2021-08-21,63.0,52.10530316212937,63.0
2021-08-21 00:45:00,2021-08-21,63.0,52.098323637253245,65.06553518991085
2021-08-21 01:00:00,2021-08-21,92.0,66.88290791039812,113.6885501205832
2021-08-21 01:15:00,2021-08-21,97.0,86.08097639976721,99.79175027056355
2021-08-21 01:30:00,2021-08-21,91.0,95.74972072196476,84.34894685170556
2021-08-21 01:45:00,2021-08-21,99.0,96.90041617052312,90.67453569872056
2021-08-21 02:00:00,2021-08-21,99.0,98.6127972544891,89.10000010039263
2021-08-21 02:15:00,2021-08-21,103.0,95.79204988841909,95.42969720805925
2021-08-21 02:30:00,2021-08-21,106.0,92.87668183556652,101.29195706338916
2021-08-21 02:45:00,2021-08-21,109.0,96.03368821909012,100.73460262710542
2021-08-21 03:00:00,2021-08-21,86.0,80.50715092796523,95.36355016811635
2021-08-21 03:15:00,2021-08-21,92.0,83.26348454779281,97.90098456006439
2021-08-21 03:30:00,2021-08-21,94.0,84.44868991480561,98.90210064478816
2021-08-21 03:45:00,2021-08-21,102.0,91.6328397937024,98.79269068319604
2021-08-21 04:00:00,2021-08-21,105.0,92.62055961638222,100.6138312016951
2021-08-21 04:15:00,2021-08-21,101.0,88.13618684469883,101.69757441137739
2021-08-21 04:30:00,2021-08-21,107.0,87.5732354514232,108.33576852873927
2021-08-21 04:45:00,2021-08-21,104.0,85.8341448288548,107.24817839323374
2021-08-21 05:00:00,2021-08-21,90.0,66.71113428198446,91.01974627835938
2021-08-21 05:15:00,2021-08-21,81.0,58.74240366363363,81.0
2021-08-21 05:30:00,2021-08-21,97.0,79.17799632928501,97.0
2021-08-21 05:45:00,2021-08-21,110.0,84.10169766055074,110.0
2021-08-21 06:00:00,2021-08-21,100.0,84.8396304925872,100.0
2021-08-21 06:15:00,2021-08-21,103.0,83.13446336388157,103.0
2021-08-21 06:30:00,2021-08-21,100.0,69.78330931651374,100.0
2021-08-21 06:45:00,2021-08-21,91.0,69.17194369263606,91.0
2021-08-21 07:00:00,2021-08-21,94.0,61.7093803241734,94.0
2021-08-21 07:15:00,2021-08-21,88.0,59.35777107879955,88.0
2021-08-21 07:30:00,2021-08-21,59.0,51.98657992731733,59.0
2021-08-21 07:45:00,2021-08-21,33.0,33.35145022414475,33.0
2021-08-21 08:00:00,2021-08-21,26.0,30.58620448122621,26.0
2021-08-21 08:15:00,2021-08-21,21.0,29.82064193895903,21.0
2021-08-21 08:30:00,2021-08-21,21.0,30.017286463976,21.0
2021-08-21 08:45:00,2021-08-21,23.0,29.28100418405428,23.0
2021-08-21 09:00:00,2021-08-21,21.0,27.845316218831872,21.0
2021-08-21 09:15:00,2021-08-21,20.0,28.52085533895494,20.0
2021-08-21 09:30:00,2021-08-21,21.0,28.529383538302437,21.0
2021-08-21 09:45:00,2021-08-21,21.0,29.15529625774756,21.0
2021-08-21 10:00:00,2021-08-21,21.0,27.560250440455683,21.0
2021-08-21 10:15:00,2021-08-21,21.0,28.40551375370967,21.0
2021-08-21 10:30:00,2021-08-21,22.0,28.67280622808775,22.0
2021-08-21 10:45:00,2021-08-21,21.0,29.016249013071757,21.0
2021-08-21 11:00:00,2021-08-21,21.0,28.75791434253421,21.0
2021-08-21 11:15:00,2021-08-21,24.0,27.043813097005486,24.0
2021-08-21 11:30:00,2021-08-21,26.0,26.538062534311692,26.0
2021-08-21 11:45:00,2021-08-21,22.0,25.745848592755348,22.0
2021-08-21 12:00:00,2021-08-21,22.0,23.90428292423763,22.0
2021-08-21 12:15:00,2021-08-21,22.0,21.617563817617505,22.0
2021-08-21 12:30:00,2021-08-21,22.0,22.45684448834515,22.0
2021-08-21 12:45:00,2021-08-21,22.0,23.538480414531925,22.0
2021-08-21 13:00:00,2021-08-21,21.0,26.185254923547863,21.0
2021-08-21 13:15:00,2021-08-21,21.0,26.874960447735837,21.0
2021-08-21 13:30:00,2021-08-21,21.0,27.04941759309937,21.0
2021-08-21 13:45:00,2021-08-21,21.0,26.884703222178548,21.0
2021-08-21 14:00:00,2021-08-21,21.0,27.108372466090337,21.0
2021-08-21 14:15:00,2021-08-21,22.0,26.95467637210154,22.0
2021-08-21 14:30:00,2021-08-21,22.0,26.95467637210154,22.0
2021-08-21 14:45:00,2021-08-21,26.0,27.0097549920545,26.0
2021-08-21 15:00:00,2021-08-21,23.0,26.027293707692102,23.0
2021-08-21 15:15:00,2021-08-21,21.0,26.99613020776163,21.0
2021-08-21 15:30:00,2021-08-21,21.0,27.704091229390688,21.0
2021-08-21 15:45:00,2021-08-21,22.0,27.519680384104333,22.0
2021-08-21 16:00:00,2021-08-21,22.0,26.941051587808676,22.0
2021-08-21 16:15:00,2021-08-21,21.0,27.01842783638292,21.0
2021-08-21 16:30:00,2021-08-21,21.0,26.93943601174289,21.0
2021-08-21 16:45:00,2021-08-21,22.0,26.78903525965833,22.0
2021-08-21 17:00:00,2021-08-21,22.0,26.153568097291117,22.0
2021-08-21 17:15:00,2021-08-21,22.0,26.11448393448736,22.0
2021-08-21 17:30:00,2021-08-21,22.0,26.24514285394224,22.0
2021-08-21 17:45:00,2021-08-21,22.0,25.85176008519344,22.0
2021-08-21 18:00:00,2021-08-21,26.0,26.327983547241995,26.0
2021-08-21 18:15:00,2021-08-21,27.0,26.130073557449368,27.0
2021-08-21 18:30:00,2021-08-21,24.0,25.96627741817916,24.0
2021-08-21 18:45:00,2021-08-21,23.0,26.11663928823161,23.0
2021-08-21 19:00:00,2021-08-21,21.0,27.03825282182178,21.0
2021-08-21 19:15:00,2021-08-21,20.0,25.97066776783407,20.0
2021-08-21 19:30:00,2021-08-21,21.0,25.86735650877057,21.0
2021-08-21 19:45:00,2021-08-21,21.0,25.30995875882633,21.0
2021-08-21 20:00:00,2021-08-21,21.0,25.36432365338576,21.0
2021-08-21 20:15:00,2021-08-21,22.0,26.09523117189728,22.0
2021-08-21 20:30:00,2021-08-21,21.0,26.09523117189728,21.0
2021-08-21 20:45:00,2021-08-21,22.0,25.53819396360207,22.0
2021-08-21 21:00:00,2021-08-21,23.0,25.46789053657176,23.0
2021-08-21 21:15:00,2021-08-21,23.0,25.48151532086463,23.0
2021-08-21 21:30:00,2021-08-21,23.0,26.07311630458964,23.0
2021-08-21 21:45:00,2021-08-21,23.0,25.47596364678602,23.0
2021-08-21 22:00:00,2021-08-21,24.0,25.5310790441511,24.0
2021-08-21 22:15:00,2021-08-21,27.0,26.11683100074595,27.0
2021-08-21 22:30:00,2021-08-21,24.0,25.77268947789364,24.0
2021-08-21 22:45:00,2021-08-21,23.0,25.238517784179084,23.0
2021-08-21 23:00:00,2021-08-21,22.0,24.844501107728554,22.0
2021-08-21 23:15:00,2021-08-21,22.0,24.53612953647992,22.0
2021-08-21 23:30:00,2021-08-21,22.0,23.874485196426317,22.0
2021-08-21 23:45:00,2021-08-21,23.0,24.25295110983351,23.0
2021-08-22 00:00:00,2021-08-22,22.0,23.325858412972504,22.010314851309392
2021-08-22 00:15:00,2021-08-22,22.0,23.22128607605692,22.108814419616817
2021-08-22 00:30:00,2021-08-22,22.0,23.268645035697386,22.06683303020286
2021-08-22 00:45:00,2021-08-22,23.0,23.2829100847017,23.055715676434424
2021-08-22 01:00:00,2021-08-22,23.0,23.2829100847017,23.060066452393176
2021-08-22 01:15:00,2021-08-22,22.0,23.25343872736427,22.11126424987228
2021-08-22 01:30:00,2021-08-22,22.0,22.986968726801603,22.364547956012633
2021-08-22 01:45:00,2021-08-22,26.0,24.914737915063192,24.352806991059598
2021-08-22 02:00:00,2021-08-22,27.0,23.53315688404473,26.774142837038273
2021-08-22 02:15:00,2021-08-22,23.0,22.959756527160465,23.39294549296773
2021-08-22 02:30:00,2021-08-22,22.0,23.303416477622523,22.034316044708056
2021-08-22 02:45:00,2021-08-22,23.0,23.303416477622523,23.064583810542803
2021-08-22 03:00:00,2021-08-22,23.0,23.332537579554195,23.014362487246864
2021-08-22 03:15:00,2021-08-22,24.0,23.628494370702896,23.703211665058625
2021-08-22 03:30:00,2021-08-22,22.0,23.628494370702896,21.727944026303742
2021-08-22 03:45:00,2021-08-22,21.0,23.539758241215097,20.869246372814967
2021-08-22 04:00:00,2021-08-22,22.0,23.5965955304462,21.760637532269858
2021-08-22 04:15:00,2021-08-22,21.0,23.526099824120745,20.866548209081706
2021-08-22 04:30:00,2021-08-22,22.0,23.629027134588924,21.723632713932528
2021-08-22 04:45:00,2021-08-22,22.0,23.526099824120745,21.794970428527293
2021-08-22 05:00:00,2021-08-22,22.0,23.32043755578197,22.002456008310375
2021-08-22 05:15:00,2021-08-22,21.0,23.21392989062577,21.107030373024372
2021-08-22 05:30:00,2021-08-22,25.0,22.91005749596819,25.355702895280654
2021-08-22 05:45:00,2021-08-22,26.0,23.02231629663126,26.19341125878719
2021-08-22 06:00:00,2021-08-22,22.0,23.20111353982922,22.12584501530786
2021-08-22 06:15:00,2021-08-22,22.0,23.236361765203668,22.086891761705594
2021-08-22 06:30:00,2021-08-22,22.0,23.079354640865287,22.28038504558057
2021-08-22 06:45:00,2021-08-22,22.0,23.079354640865287,22.33579417789784
2021-08-22 07:00:00,2021-08-22,21.0,23.539206261916068,20.838489852700654
2021-08-22 07:15:00,2021-08-22,22.0,23.25292270761374,22.078941082235605
2021-08-22 07:30:00,2021-08-22,22.0,23.25274803957144,22.079644611840195
2021-08-22 07:45:00,2021-08-22,22.0,23.160828882332016,22.16726497604599
2021-08-22 08:00:00,2021-08-22,22.0,23.149452354604666,22.145513334557926
2021-08-22 08:15:00,2021-08-22,21.0,23.960893832875637,20.45258855488095
2021-08-22 08:30:00,2021-08-22,21.0,24.02854722340201,20.395003427161246
2021-08-22 08:45:00,2021-08-22,22.0,24.211517448260047,21.20472639559239
2021-08-22 09:00:00,2021-08-22,25.0,24.175046070925163,24.003659230279467
2021-08-22 09:15:00,2021-08-22,27.0,23.49502384562989,26.817597971369583
2021-08-22 09:30:00,2021-08-22,22.0,24.374702279308003,21.043476434416608
2021-08-22 09:45:00,2021-08-22,22.0,24.100094948707927,21.299445522161335
2021-08-22 10:00:00,2021-08-22,22.0,22.928697151681398,22.557555450069366
2021-08-22 10:15:00,2021-08-22,22.0,23.363346692421597,21.974531725756453
2021-08-22 10:30:00,2021-08-22,22.0,23.274195548781577,21.981190661846657
2021-08-22 10:45:00,2021-08-22,22.0,24.203221294413108,21.21803679843669
2021-08-22 11:00:00,2021-08-22,23.0,24.15638087398148,22.230622395039802
2021-08-22 11:15:00,2021-08-22,22.0,24.32153130639108,21.136769870560034
2021-08-22 11:30:00,2021-08-22,22.0,24.63070112148025,20.904687844237976
2021-08-22 11:45:00,2021-08-22,21.0,24.186301450767026,20.325836419354825
2021-08-22 12:00:00,2021-08-22,22.0,21.268466933208583,23.940232304241206
2021-08-22 12:15:00,2021-08-22,22.0,21.039276719914472,23.961623906967088
2021-08-22 12:30:00,2021-08-22,23.0,22.461993424386,23.656435734831945
2021-08-22 12:45:00,2021-08-22,24.0,22.92563905111545,23.997931778226704
2021-08-22 13:00:00,2021-08-22,26.0,23.05602582694668,26.28361429912268
2021-08-22 13:15:00,2021-08-22,24.0,23.95541560491385,23.413539751637614
2021-08-22 13:30:00,2021-08-22,22.0,23.93951526240952,21.54559339445214
2021-08-22 13:45:00,2021-08-22,22.0,23.606106141468285,21.97926783685214
2021-08-22 14:00:00,2021-08-22,23.0,23.65502735041649,22.70059142159035
2021-08-22 14:15:00,2021-08-22,22.0,22.61837242331257,22.73891611386999
2021-08-22 14:30:00,2021-08-22,23.0,23.671716318967505,22.575489305557777
2021-08-22 14:45:00,2021-08-22,23.0,23.671716318967505,22.600502743472855
2021-08-22 15:00:00,2021-08-22,23.0,23.09974205943181,23.226508669791713
2021-08-22 15:15:00,2021-08-22,23.0,23.65809153467464,22.68748108109589
2021-08-22 15:30:00,2021-08-22,22.0,23.35945416740816,22.04716287031411
2021-08-22 15:45:00,2021-08-22,23.0,23.35945416740816,22.948743473165024
2021-08-22 16:00:00,2021-08-22,23.0,24.23878724872871,22.150641292187572
2021-08-22 16:15:00,2021-08-22,24.0,24.056074129507422,23.256550504267945
2021-08-22 16:30:00,2021-08-22,27.0,23.319202619486298,26.515135762576637
2021-08-22 16:45:00,2021-08-22,24.0,23.04254147475303,24.17988596824628
2021-08-22 17:00:00,2021-08-22,22.0,22.9800767482068,22.35884535892237
2021-08-22 17:15:00,2021-08-22,22.0,22.944779542508787,22.416263567464373
2021-08-22 17:30:00,2021-08-22,22.0,22.242093775796405,23.473552302892074
2021-08-22 17:45:00,2021-08-22,22.0,22.1977984540246,23.225269695049093
2021-08-22 18:00:00,2021-08-22,22.0,22.2688405974991,23.0130326196875
2021-08-22 18:15:00,2021-08-22,22.0,22.67584383767978,22.633261202470536
2021-08-22 18:30:00,2021-08-22,22.0,22.85395969099278,22.496747633650067
2021-08-22 18:45:00,2021-08-22,22.0,23.004321561045234,22.344657108395552
2021-08-22 19:00:00,2021-08-22,22.0,23.20941757387546,22.131925527568967
2021-08-22 19:15:00,2021-08-22,21.0,23.228328712791896,21.141086853893107
2021-08-22 19:30:00,2021-08-22,22.0,23.56592129936952,21.785636835093776
2021-08-22 19:45:00,2021-08-22,22.0,23.26017121686536,22.076738273359073
2021-08-22 20:00:00,2021-08-22,25.0,23.20300903732201,25.117310535345645
2021-08-22 20:15:00,2021-08-22,26.0,22.71339260105914,26.551782795623804
2021-08-22 20:30:00,2021-08-22,23.0,23.27042980935435,23.056669346815905
2021-08-22 20:45:00,2021-08-22,23.0,23.27042980935435,23.04919382635289
2021-08-22 21:00:00,2021-08-22,22.0,23.27042980935435,22.070971756309067
2021-08-22 21:15:00,2021-08-22,22.0,23.28405459364722,22.05980543142099
2021-08-22 21:30:00,2021-08-22,22.0,23.248314942046708,22.086962707755983
2021-08-22 21:45:00,2021-08-22,23.0,22.786003179777328,23.304434067629757
2021-08-22 22:00:00,2021-08-22,23.0,22.1406682032864,23.0
2021-08-22 22:15:00,2021-08-22,22.0,23.18915446160691,22.0
2021-08-22 22:30:00,2021-08-22,24.0,23.177244431583038,24.0
2021-08-22 22:45:00,2021-08-22,22.0,23.241342018009743,22.0
2021-08-22 23:00:00,2021-08-22,22.0,23.32006123696046,22.0
2021-08-22 23:15:00,2021-08-22,21.0,23.147540830065022,21.0
2021-08-22 23:30:00,2021-08-22,21.0,23.03973045780536,21.0
2021-08-22 23:45:00,2021-08-22,26.0,22.18259085233533,26.0
2021-08-23 00:00:00,2021-08-23,25.0,23.56670165370161,25.0
2021-08-23 00:15:00,2021-08-23,22.0,23.40485125188004,22.0
2021-08-23 00:30:00,2021-08-23,23.0,23.49153166679801,23.0
2021-08-23 00:45:00,2021-08-23,22.0,23.322063525213025,22.0
2021-08-23 01:00:00,2021-08-23,22.0,23.30208516737241,22.0
2021-08-23 01:15:00,2021-08-23,23.0,24.800491794807787,23.0
2021-08-23 01:30:00,2021-08-23,23.0,23.521943444758264,23.0
2021-08-23 01:45:00,2021-08-23,23.0,23.432916440538968,23.0
2021-08-23 02:00:00,2021-08-23,23.0,23.40570424089783,23.0
2021-08-23 02:15:00,2021-08-23,22.0,23.40570424089783,22.0
2021-08-23 02:30:00,2021-08-23,23.0,24.946088746251537,23.0
2021-08-23 02:45:00,2021-08-23,23.0,24.6831293777395,23.0
2021-08-23 03:00:00,2021-08-23,22.0,23.616092334342,22.0
2021-08-23 03:15:00,2021-08-23,27.0,23.99201253470875,27.0
2021-08-23 03:30:00,2021-08-23,25.0,23.996618186462573,25.0
2021-08-23 03:45:00,2021-08-23,22.0,24.04284860848219,22.0
2021-08-23 04:00:00,2021-08-23,22.0,23.999756516497325,22.0
2021-08-23 04:15:00,2021-08-23,22.0,24.03680756964045,22.0
2021-08-23 04:30:00,2021-08-23,22.0,24.03093393870971,22.0
2021-08-23 04:45:00,2021-08-23,22.0,24.10426962830364,22.0
2021-08-23 05:00:00,2021-08-23,22.0,23.21770534905955,22.0
2021-08-23 05:15:00,2021-08-23,22.0,23.152137057136564,22.0
2021-08-23 05:30:00,2021-08-23,22.0,23.34677156767782,22.0
2021-08-23 05:45:00,2021-08-23,22.0,25.20799714077452,22.0
2021-08-23 06:00:00,2021-08-23,22.0,25.14522920360392,22.0
2021-08-23 06:15:00,2021-08-23,21.0,24.886672213783267,21.0
2021-08-23 06:30:00,2021-08-23,21.0,25.066287181423327,21.0
2021-08-23 06:45:00,2021-08-23,21.0,24.988939532814737,21.0
2021-08-23 07:00:00,2021-08-23,28.0,24.474392719694983,28.0
2021-08-23 07:15:00,2021-08-23,44.0,38.27279134614383,60.300000000000004
2021-08-23 07:30:00,2021-08-23,66.0,81.90690677267983,83.2
2021-08-23 07:45:00,2021-08-23,92.0,118.04969163575548,118.42983288859087
2021-08-23 08:00:00,2021-08-23,152.0,157.9146000326218,162.3701671114091
2021-08-23 08:15:00,2021-08-23,163.0,185.0859105929233,147.5033859890469
2021-08-23 08:30:00,2021-08-23,172.0,185.4296070112381,155.3752811042977
2021-08-23 08:45:00,2021-08-23,181.0,185.01996552066012,163.85987079506612
2021-08-23 09:00:00,2021-08-23,187.0,181.9655502106144,171.66758239075347
2021-08-23 09:15:00,2021-08-23,165.0,180.7090581924559,152.90012091739342
2021-08-23 09:30:00,2021-08-23,182.0,180.5021938636939,168.84675181770757
2021-08-23 09:45:00,2021-08-23,185.0,181.02066509537448,171.13836529435008
2021-08-23 10:00:00,2021-08-23,144.0,143.9986426413647,166.85774718615784
2021-08-23 10:15:00,2021-08-23,181.0,174.26871257185468,173.92537931521315
2021-08-23 10:30:00,2021-08-23,182.0,172.90628562576725,176.2261500927871
2021-08-23 10:45:00,2021-08-23,172.0,175.97805696196718,164.0764780411459
2021-08-23 11:00:00,2021-08-23,172.0,179.88361288036185,160.23621143612127
2021-08-23 11:15:00,2021-08-23,186.0,173.97967675107006,178.75232243015748
2021-08-23 11:30:00,2021-08-23,191.0,178.10876141192452,179.0954016127903
2021-08-23 11:45:00,2021-08-23,188.0,177.72055880479732,176.53895316377208
2021-08-23 12:00:00,2021-08-23,124.0,129.96340128113152,162.09256813379787
2021-08-23 12:15:00,2021-08-23,99.0,102.81850395007744,117.6
2021-08-23 12:30:00,2021-08-23,103.0,101.2950146817562,132.86980896874292
2021-08-23 12:45:00,2021-08-23,136.0,112.46741480724484,146.4749246181892
2021-08-23 13:00:00,2021-08-23,184.0,171.5534441722948,179.60655738833168
2021-08-23 13:15:00,2021-08-23,181.0,176.58111513012977,171.64775471316509
2021-08-23 13:30:00,2021-08-23,176.0,172.64762914307238,170.7087790200934
2021-08-23 13:45:00,2021-08-23,193.0,172.90549165500735,186.91851799347913
2021-08-23 14:00:00,2021-08-23,181.0,176.4796928330842,171.74640011131973
2021-08-23 14:15:00,2021-08-23,184.0,165.71958843240236,185.78108757744045
2021-08-23 14:30:00,2021-08-23,182.0,170.44091948502788,178.8139211049732
2021-08-23 14:45:00,2021-08-23,190.0,167.87062243029766,189.5320706708831
2021-08-23 15:00:00,2021-08-23,151.0,135.26847991133235,163.43967878370708
2021-08-23 15:15:00,2021-08-23,187.0,164.0481155608445,187.4679293291169
2021-08-23 15:30:00,2021-08-23,184.0,167.28485624790258,184.0
2021-08-23 15:45:00,2021-08-23,196.0,151.9192143778428,196.0
2021-08-23 16:00:00,2021-08-23,173.0,143.7245909471032,173.0
2021-08-23 16:15:00,2021-08-23,172.0,147.06226367862465,172.0
2021-08-23 16:30:00,2021-08-23,177.0,140.70219850885422,177.0
2021-08-23 16:45:00,2021-08-23,164.0,138.01715557258322,164.0
2021-08-23 17:00:00,2021-08-23,124.0,134.9502257112518,124.0
2021-08-23 17:15:00,2021-08-23,114.0,128.76202177034145,114.0
2021-08-23 17:30:00,2021-08-23,154.0,129.18662440957775,154.0
2021-08-23 17:45:00,2021-08-23,177.0,115.74124136772052,177.0
2021-08-23 18:00:00,2021-08-23,179.0,109.3188131836514,179.0
2021-08-23 18:15:00,2021-08-23,165.0,109.4403964526741,165.0
2021-08-23 18:30:00,2021-08-23,148.0,102.772655968065,148.0
2021-08-23 18:45:00,2021-08-23,131.0,97.85723819552378,131.0
2021-08-23 19:00:00,2021-08-23,137.0,107.03695355817032,137.0
2021-08-23 19:15:00,2021-08-23,132.0,103.03115210270252,132.0
2021-08-23 19:30:00,2021-08-23,136.0,99.4620009102688,136.0
2021-08-23 19:45:00,2021-08-23,109.0,91.98282200011856,109.0
2021-08-23 20:00:00,2021-08-23,100.0,107.53458989487876,100.0
2021-08-23 20:15:00,2021-08-23,118.0,112.46510886714732,118.0
2021-08-23 20:30:00,2021-08-23,116.0,109.3664976842115,116.0
2021-08-23 20:45:00,2021-08-23,114.0,114.7944529014666,114.0
2021-08-23 21:00:00,2021-08-23,111.0,116.56317889887552,111.0
2021-08-23 21:15:00,2021-08-23,117.0,119.23559491305004,117.0
2021-08-23 21:30:00,2021-08-23,109.0,116.25033431056144,109.0
2021-08-23 21:45:00,2021-08-23,107.0,114.45665349371797,107.0
2021-08-23 22:00:00,2021-08-23,101.0,99.91349090677438,101.0
2021-08-23 22:15:00,2021-08-23,111.0,111.81991997749734,111.0
2021-08-23 22:30:00,2021-08-23,111.0,107.82400213958483,111.0
2021-08-23 22:45:00,2021-08-23,113.0,108.52060565648094,113.0
2021-08-23 23:00:00,2021-08-23,107.0,103.62731219964736,107.0
2021-08-23 23:15:00,2021-08-23,101.0,109.97362344110807,101.0
2021-08-23 23:30:00,2021-08-23,100.0,108.53438140797932,100.0
2021-08-23 23:45:00,2021-08-23,75.0,77.57394211176718,75.0
2021-08-24 00:00:00,2021-08-24,67.0,72.03679326804104,67.0
2021-08-24 00:15:00,2021-08-24,64.0,71.87494286621948,64.0
2021-08-24 00:30:00,2021-08-24,65.0,71.78431253206861,65.0
2021-08-24 00:45:00,2021-08-24,64.0,71.79857758107293,64.0
2021-08-24 01:00:00,2021-08-24,90.0,99.833695216097,90.0
2021-08-24 01:15:00,2021-08-24,108.0,107.29824709033934,108.0
2021-08-24 01:30:00,2021-08-24,111.0,107.0376845829292,111.0
2021-08-24 01:45:00,2021-08-24,110.0,106.49186125932896,110.0
2021-08-24 02:00:00,2021-08-24,115.0,105.5419749251272,115.0
2021-08-24 02:15:00,2021-08-24,109.0,105.07869012366552,109.0
2021-08-24 02:30:00,2021-08-24,107.0,105.7542794924748,107.0
2021-08-24 02:45:00,2021-08-24,108.0,104.7638828266021,108.0
2021-08-24 03:00:00,2021-08-24,95.0,88.86530852361484,95.0
2021-08-24 03:15:00,2021-08-24,103.0,107.13937568700844,103.0
2021-08-24 03:30:00,2021-08-24,115.0,107.93946931759432,115.0
2021-08-24 03:45:00,2021-08-24,105.0,103.3904913712788,105.0
2021-08-24 04:00:00,2021-08-24,109.0,101.52587039525508,109.0
2021-08-24 04:15:00,2021-08-24,113.0,105.87727969654291,113.0
2021-08-24 04:30:00,2021-08-24,107.0,107.0221467983269,107.0
2021-08-24 04:45:00,2021-08-24,103.0,101.04342171044264,103.0
2021-08-24 05:00:00,2021-08-24,81.0,83.19551136192074,81.0
2021-08-24 05:15:00,2021-08-24,72.0,78.55380974076286,72.0
2021-08-24 05:30:00,2021-08-24,93.0,94.46401924505722,93.0
2021-08-24 05:45:00,2021-08-24,106.0,109.76137128797149,106.0
2021-08-24 06:00:00,2021-08-24,112.0,103.6052326384384,112.0
2021-08-24 06:15:00,2021-08-24,107.0,103.1147692757683,107.0
2021-08-24 06:30:00,2021-08-24,102.0,102.3373334660194,102.0
2021-08-24 06:45:00,2021-08-24,115.0,108.11051131453458,115.0
2021-08-24 07:00:00,2021-08-24,116.0,108.041415877252,116.0
2021-08-24 07:15:00,2021-08-24,119.0,119.35310757934263,154.2534405061871
2021-08-24 07:30:00,2021-08-24,144.0,149.48111056811624,163.6
2021-08-24 07:45:00,2021-08-24,145.0,137.85110747002372,164.1
2021-08-24 08:00:00,2021-08-24,167.0,170.5052346684625,169.1465580030906
2021-08-24 08:15:00,2021-08-24,192.0,188.6956997046804,175.52945880120612
2021-08-24 08:30:00,2021-08-24,196.0,190.4713582136966,177.4530719838121
2021-08-24 08:45:00,2021-08-24,191.0,189.9230179362374,173.35745303178945
2021-08-24 09:00:00,2021-08-24,182.0,183.13271473137755,171.441151926234
2021-08-24 09:15:00,2021-08-24,190.0,181.12621853814068,180.87575319152225
2021-08-24 09:30:00,2021-08-24,170.0,186.0428166486636,157.55931616811455
2021-08-24 09:45:00,2021-08-24,181.0,185.96041782789047,167.82866247081716
2021-08-24 10:00:00,2021-08-24,151.0,142.39343647136772,179.45904953484018
2021-08-24 10:15:00,2021-08-24,181.0,181.3370111829588,172.10765741076733
2021-08-24 10:30:00,2021-08-24,177.0,186.01468806704827,164.07185941808748
2021-08-24 10:45:00,2021-08-24,174.0,183.94839934121865,163.10275883310445
2021-08-24 11:00:00,2021-08-24,179.0,184.22787069849372,167.4899837723256
2021-08-24 11:15:00,2021-08-24,183.0,185.23005195854077,170.41043233682777
2021-08-24 11:30:00,2021-08-24,188.0,183.27946658447428,176.31425929361228
2021-08-24 11:45:00,2021-08-24,180.0,183.4828025853184,168.89913331766155
2021-08-24 12:00:00,2021-08-24,125.0,117.2858618230793,179.05000508541067
2021-08-24 12:15:00,2021-08-24,105.0,109.07382407212675,109.21042102144686
2021-08-24 12:30:00,2021-08-24,99.0,111.80943200487953,117.8
2021-08-24 12:45:00,2021-08-24,130.0,129.15705125088988,159.74613789870133
2021-08-24 13:00:00,2021-08-24,165.0,176.77838783223808,160.9395738931425
2021-08-24 13:15:00,2021-08-24,171.0,182.28170870128568,161.75625788682683
2021-08-24 13:30:00,2021-08-24,180.0,182.28170870128568,170.26974514402824
2021-08-24 13:45:00,2021-08-24,180.0,183.40396348136903,169.2278590704436
2021-08-24 14:00:00,2021-08-24,190.0,179.03597574161702,182.9874753669581
2021-08-24 14:15:00,2021-08-24,185.0,178.3842010175561,178.82301493596253
2021-08-24 14:30:00,2021-08-24,180.0,176.63385345842622,175.71410846387386
2021-08-24 14:45:00,2021-08-24,188.0,176.68339923468136,183.47216047498867
2021-08-24 15:00:00,2021-08-24,139.0,129.6174772020966,163.23252901774586
2021-08-24 15:15:00,2021-08-24,175.0,165.51502846454233,181.17698506403747
2021-08-24 15:30:00,2021-08-24,183.0,176.75319208813843,178.52206258318105
2021-08-24 15:45:00,2021-08-24,201.0,179.95420217638454,192.5937266764335
2021-08-24 16:00:00,2021-08-24,191.0,173.6999711778588,189.60146676523868
2021-08-24 16:15:00,2021-08-24,188.0,168.79372935856875,188.0
2021-08-24 16:30:00,2021-08-24,181.0,161.4360013797654,185.47793741681895
2021-08-24 16:45:00,2021-08-24,175.0,162.75599384222144,175.0
2021-08-24 17:00:00,2021-08-24,131.0,117.66573850375372,132.39853323476132
2021-08-24 17:15:00,2021-08-24,115.0,101.29410041513208,115.0
2021-08-24 17:30:00,2021-08-24,153.0,128.37550600005562,153.0
2021-08-24 17:45:00,2021-08-24,157.0,147.72786512943907,157.0
2021-08-24 18:00:00,2021-08-24,148.0,155.0920908721805,148.0
2021-08-24 18:15:00,2021-08-24,151.0,163.50019809741798,151.0
2021-08-24 18:30:00,2021-08-24,151.0,165.26394856257272,151.0
2021-08-24 18:45:00,2021-08-24,156.0,166.45526580968777,156.0
2021-08-24 19:00:00,2021-08-24,164.0,158.77302591224475,164.0
2021-08-24 19:15:00,2021-08-24,146.0,156.34606693029582,146.0
2021-08-24 19:30:00,2021-08-24,148.0,152.53206993674408,148.0
2021-08-24 19:45:00,2021-08-24,142.0,137.2926220209865,142.0
2021-08-24 20:00:00,2021-08-24,117.0,119.36824475622906,117.0
2021-08-24 20:15:00,2021-08-24,122.0,125.25730932091392,122.0
2021-08-24 20:30:00,2021-08-24,125.0,131.03343535503913,125.0
2021-08-24 20:45:00,2021-08-24,120.0,123.02820388327125,120.0
2021-08-24 21:00:00,2021-08-24,122.0,121.46466838223796,122.0
2021-08-24 21:15:00,2021-08-24,123.0,119.11853129796552,123.0
2021-08-24 21:30:00,2021-08-24,121.0,120.04083618466456,121.0
2021-08-24 21:45:00,2021-08-24,119.0,118.1102004208376,119.0
2021-08-24 22:00:00,2021-08-24,112.0,100.04785911464607,112.0
2021-08-24 22:15:00,2021-08-24,120.0,114.83584753361544,120.0
2021-08-24 22:30:00,2021-08-24,109.0,114.33244309739186,109.0
2021-08-24 22:45:00,2021-08-24,109.0,115.76483506342532,109.0
2021-08-24 23:00:00,2021-08-24,102.0,113.72475227155871,102.0
2021-08-24 23:15:00,2021-08-24,104.0,111.51764816786114,104.0
2021-08-24 23:30:00,2021-08-24,107.0,105.6814426993785,107.0
2021-08-24 23:45:00,2021-08-24,84.0,88.0598506067391,84.0
2021-08-25 00:00:00,2021-08-25,81.0,75.4665608696632,81.0
2021-08-25 00:15:00,2021-08-25,80.0,75.30471046784164,80.0
2021-08-25 00:30:00,2021-08-25,77.0,73.75909722759175,77.0
2021-08-25 00:45:00,2021-08-25,69.0,72.89115811459911,69.0
2021-08-25 01:00:00,2021-08-25,90.0,93.5956752803611,90.0
2021-08-25 01:15:00,2021-08-25,111.0,108.44153145248848,111.0
2021-08-25 01:30:00,2021-08-25,108.0,106.04205771981022,108.0
2021-08-25 01:45:00,2021-08-25,108.0,104.5035931908815,108.0
2021-08-25 02:00:00,2021-08-25,115.0,109.96783293403168,115.0
2021-08-25 02:15:00,2021-08-25,107.0,112.10681872215658,107.0
2021-08-25 02:30:00,2021-08-25,105.0,111.80517515838044,105.0
2021-08-25 02:45:00,2021-08-25,110.0,111.80517515838044,110.0
2021-08-25 03:00:00,2021-08-25,90.0,93.5420545807564,90.0
2021-08-25 03:15:00,2021-08-25,100.0,104.2344931113706,100.0
2021-08-25 03:30:00,2021-08-25,98.0,109.13244377352136,98.0
2021-08-25 03:45:00,2021-08-25,106.0,110.61748120572246,106.0
2021-08-25 04:00:00,2021-08-25,109.0,106.13040765789194,109.0
2021-08-25 04:15:00,2021-08-25,109.0,109.0365832585372,109.0
2021-08-25 04:30:00,2021-08-25,110.0,109.30580272133008,110.0
2021-08-25 04:45:00,2021-08-25,107.0,105.76778905356068,107.0
2021-08-25 05:00:00,2021-08-25,90.0,92.26079466361932,90.0
2021-08-25 05:15:00,2021-08-25,79.0,80.79611553056837,79.0
2021-08-25 05:30:00,2021-08-25,89.0,93.5565107781881,89.0
2021-08-25 05:45:00,2021-08-25,107.0,111.3800379677045,107.0
2021-08-25 06:00:00,2021-08-25,101.0,112.68840364744398,101.0
2021-08-25 06:15:00,2021-08-25,99.0,111.36207759244516,99.0
2021-08-25 06:30:00,2021-08-25,108.0,114.06409476944938,108.0
2021-08-25 06:45:00,2021-08-25,108.0,118.77732144254718,108.0
2021-08-25 07:00:00,2021-08-25,109.0,114.00244280102996,122.36667651509643
2021-08-25 07:15:00,2021-08-25,134.0,119.69410535237104,137.62375178121874
2021-08-25 07:30:00,2021-08-25,162.0,148.5992417013155,180.2
2021-08-25 07:45:00,2021-08-25,150.0,138.9193148148251,181.97624821878128
2021-08-25 08:00:00,2021-08-25,156.0,168.30191032894078,158.73332216349596
2021-08-25 08:15:00,2021-08-25,177.0,184.6388942786756,164.80416423061263
2021-08-25 08:30:00,2021-08-25,182.0,185.33270189060272,168.9401433149781
2021-08-25 08:45:00,2021-08-25,179.0,185.5406279738022,166.18378623262188
2021-08-25 09:00:00,2021-08-25,161.0,182.75965251208524,152.23245540753192
2021-08-25 09:15:00,2021-08-25,167.0,181.5014348497588,158.40227125140032
2021-08-25 09:30:00,2021-08-25,175.0,182.40657762801607,165.16672200172502
2021-08-25 09:45:00,2021-08-25,181.0,184.08935696822667,169.26801064788268
2021-08-25 10:00:00,2021-08-25,153.0,156.97236364111436,168.0010445167965
2021-08-25 10:15:00,2021-08-25,179.0,183.30827416733237,168.11093296112523
2021-08-25 10:30:00,2021-08-25,187.0,184.4743337940181,174.5141522424116
2021-08-25 10:45:00,2021-08-25,189.0,183.13878743305557,177.66687589397858
2021-08-25 11:00:00,2021-08-25,172.0,183.7550596510833,161.4182767007397
2021-08-25 11:15:00,2021-08-25,158.0,182.82821505654445,149.88918478559688
2021-08-25 11:30:00,2021-08-25,184.0,184.78026001520584,171.53504900909465
2021-08-25 11:45:00,2021-08-25,178.0,184.21538055103392,166.7669321249119
2021-08-25 12:00:00,2021-08-25,121.0,123.16336192859724,166.54039317427808
2021-08-25 12:15:00,2021-08-25,96.0,104.97708844246146,113.32624069441795
2021-08-25 12:30:00,2021-08-25,102.0,104.74042399840144,124.87354913775604
2021-08-25 12:45:00,2021-08-25,120.0,123.20633455657456,147.750582458208
2021-08-25 13:00:00,2021-08-25,170.0,176.80987377956902,165.52645086224396
2021-08-25 13:15:00,2021-08-25,180.0,180.3904654218532,171.4703734806525
2021-08-25 13:30:00,2021-08-25,168.0,183.1117650736831,157.949417541792
2021-08-25 13:45:00,2021-08-25,177.0,181.96501590103503,167.64522028675017
2021-08-25 14:00:00,2021-08-25,179.0,181.3246000335885,169.95005081525403
2021-08-25 14:15:00,2021-08-25,165.0,180.0426095855931,157.77334784958146
2021-08-25 14:30:00,2021-08-25,180.0,180.9358512730355,171.2666776351025
2021-08-25 14:45:00,2021-08-25,184.0,181.48916881436776,174.5388488522047
2021-08-25 15:00:00,2021-08-25,142.0,148.14826917442394,165.7120079833938
2021-08-25 15:15:00,2021-08-25,178.0,173.2503136114495,176.8768392283648
2021-08-25 15:30:00,2021-08-25,174.0,180.9425173451132,165.55168909466803
2021-08-25 15:45:00,2021-08-25,180.0,176.35960328655634,175.71077239417912
2021-08-25 16:00:00,2021-08-25,172.0,176.3116637950658,167.94705745756656
2021-08-25 16:15:00,2021-08-25,169.0,172.97121732421436,168.20459618290826
2021-08-25 16:30:00,2021-08-25,146.0,163.2643321556416,154.44831090533197
2021-08-25 16:45:00,2021-08-25,160.0,162.67734147042668,169.13757396534606
2021-08-25 17:00:00,2021-08-25,131.0,130.27179153643195,131.0
2021-08-25 17:15:00,2021-08-25,117.0,109.1233631439368,117.0
2021-08-25 17:30:00,2021-08-25,158.0,167.35146460003818,158.38305187679583
2021-08-25 17:45:00,2021-08-25,176.0,172.53262822881825,175.61694812320417
2021-08-25 18:00:00,2021-08-25,172.0,172.94528789449103,171.2161429219969
2021-08-25 18:15:00,2021-08-25,166.0,170.3100461876697,166.7838570780031
2021-08-25 18:30:00,2021-08-25,165.0,165.1500904040239,165.0
2021-08-25 18:45:00,2021-08-25,165.0,155.78901893699938,165.0
2021-08-25 19:00:00,2021-08-25,150.0,152.55718966006552,150.0
2021-08-25 19:15:00,2021-08-25,152.0,157.86361754675434,152.0
2021-08-25 19:30:00,2021-08-25,139.0,140.9553627159677,139.0
2021-08-25 19:45:00,2021-08-25,115.0,129.56851798520736,115.0
2021-08-25 20:00:00,2021-08-25,101.0,116.24044946514304,101.0
2021-08-25 20:15:00,2021-08-25,107.0,122.00613926854338,107.0
2021-08-25 20:30:00,2021-08-25,112.0,118.82997063004932,112.0
2021-08-25 20:45:00,2021-08-25,124.0,115.89222605888956,124.0
2021-08-25 21:00:00,2021-08-25,114.0,112.27541083817178,114.0
2021-08-25 21:15:00,2021-08-25,131.0,113.73126618565335,131.0
2021-08-25 21:30:00,2021-08-25,123.0,113.37363483086882,123.0
2021-08-25 21:45:00,2021-08-25,117.0,118.6977932796202,117.0
2021-08-25 22:00:00,2021-08-25,114.0,109.31457719271395,114.0
2021-08-25 22:15:00,2021-08-25,109.0,116.79573054390208,109.0
2021-08-25 22:30:00,2021-08-25,103.0,113.15733494149556,103.0
2021-08-25 22:45:00,2021-08-25,114.0,110.46291051084228,114.0
2021-08-25 23:00:00,2021-08-25,119.0,108.69876055424116,119.0
2021-08-25 23:15:00,2021-08-25,112.0,108.4708086859877,112.0
2021-08-25 23:30:00,2021-08-25,108.0,106.1941330871348,108.0
2021-08-25 23:45:00,2021-08-25,80.0,91.86413068896957,80.0
2021-08-26 00:00:00,2021-08-26,72.0,76.06975464755178,72.0
2021-08-26 00:15:00,2021-08-26,72.0,72.64914435446556,72.0
2021-08-26 00:30:00,2021-08-26,73.0,69.2028148972905,73.0
2021-08-26 00:45:00,2021-08-26,69.0,68.73785566849786,69.0
2021-08-26 01:00:00,2021-08-26,92.0,87.88855897533008,92.0
2021-08-26 01:15:00,2021-08-26,106.0,106.64774682267226,106.0
2021-08-26 01:30:00,2021-08-26,110.0,109.67933976587226,110.0
2021-08-26 01:45:00,2021-08-26,105.0,109.52677994298868,105.0
2021-08-26 02:00:00,2021-08-26,113.0,112.06559532832864,113.0
2021-08-26 02:15:00,2021-08-26,116.0,107.92382647740202,116.0
2021-08-26 02:30:00,2021-08-26,112.0,107.19903001019324,112.0
2021-08-26 02:45:00,2021-08-26,118.0,109.24778844747934,118.0
2021-08-26 03:00:00,2021-08-26,90.0,92.38145292787956,90.0
2021-08-26 03:15:00,2021-08-26,100.0,109.15929324576209,100.0
2021-08-26 03:30:00,2021-08-26,104.0,113.62074313789738,104.0
2021-08-26 03:45:00,2021-08-26,103.0,109.68409394709796,103.0
2021-08-26 04:00:00,2021-08-26,108.0,108.41255525309298,108.0
2021-08-26 04:15:00,2021-08-26,115.0,108.91272559578832,115.0
2021-08-26 04:30:00,2021-08-26,111.0,106.99016961126183,111.0
2021-08-26 04:45:00,2021-08-26,104.0,102.45509694507491,104.0
2021-08-26 05:00:00,2021-08-26,83.0,81.62765037091148,83.0
2021-08-26 05:15:00,2021-08-26,77.0,74.18111487347132,77.0
2021-08-26 05:30:00,2021-08-26,98.0,102.10892445206868,98.0
2021-08-26 05:45:00,2021-08-26,108.0,108.97123943242252,108.0
2021-08-26 06:00:00,2021-08-26,105.0,111.80124625887632,105.0
2021-08-26 06:15:00,2021-08-26,104.0,112.14650371975232,104.0
2021-08-26 06:30:00,2021-08-26,98.0,110.48430472768877,98.0
2021-08-26 06:45:00,2021-08-26,111.0,107.2469302037848,111.0
2021-08-26 07:00:00,2021-08-26,114.0,105.07386435489023,114.0
2021-08-26 07:15:00,2021-08-26,129.0,117.72077491366774,153.9878697330063
2021-08-26 07:30:00,2021-08-26,147.0,143.22252790800997,172.50130881368224
2021-08-26 07:45:00,2021-08-26,145.0,150.08998432502864,165.0960680552019
2021-08-26 08:00:00,2021-08-26,166.0,164.6647324335706,171.6147517385893
2021-08-26 08:15:00,2021-08-26,187.0,182.0009011471589,173.53697600487578
2021-08-26 08:30:00,2021-08-26,182.0,180.33476336760083,170.66819045150345
2021-08-26 08:45:00,2021-08-26,196.0,179.1761799002615,184.13344608364068
2021-08-26 09:00:00,2021-08-26,197.0,178.06348556344082,186.2467204326205
2021-08-26 09:15:00,2021-08-26,199.0,178.5316137035894,187.81730852556262
2021-08-26 09:30:00,2021-08-26,191.0,178.82697836893078,179.96912106838437
2021-08-26 09:45:00,2021-08-26,192.0,175.83301363043145,183.99180326789661
2021-08-26 10:00:00,2021-08-26,158.0,162.58736760006724,164.24917702802577
2021-08-26 10:15:00,2021-08-26,187.0,178.58937236215309,176.43456146088053
2021-08-26 10:30:00,2021-08-26,182.0,178.6720810306378,171.6375706814006
2021-08-26 10:45:00,2021-08-26,193.0,178.8643276407553,181.81564100768207
2021-08-26 11:00:00,2021-08-26,192.0,178.53395348768734,180.92060814028764
2021-08-26 11:15:00,2021-08-26,194.0,180.4316803933032,181.1020713839612
2021-08-26 11:30:00,2021-08-26,180.0,180.1834505440921,168.4520026347545
2021-08-26 11:45:00,2021-08-26,187.0,180.8113822269844,174.52480348804394
2021-08-26 12:00:00,2021-08-26,117.0,119.9834833845122,155.6
2021-08-26 12:15:00,2021-08-26,100.0,107.1295381931366,118.7
2021-08-26 12:30:00,2021-08-26,98.0,102.12033813458162,121.98248287728298
2021-08-26 12:45:00,2021-08-26,127.0,121.30261069372632,177.32477686726034
2021-08-26 13:00:00,2021-08-26,168.0,172.73131124144192,164.40986827996798
2021-08-26 13:15:00,2021-08-26,172.0,174.5710399949151,166.01751712271704
2021-08-26 13:30:00,2021-08-26,194.0,177.305928544481,183.99426257293064
2021-08-26 13:45:00,2021-08-26,199.0,178.74969138682155,187.28961859685654
2021-08-26 14:00:00,2021-08-26,183.0,177.6256992302799,173.59729589710625
2021-08-26 14:15:00,2021-08-26,177.0,175.13537607928816,170.29310095286206
2021-08-26 14:30:00,2021-08-26,189.0,179.5348382931719,177.38248553925425
2021-08-26 14:45:00,2021-08-26,190.0,178.85514120303972,178.99868448571652
2021-08-26 15:00:00,2021-08-26,163.0,148.71982594725986,183.87866368270238
2021-08-26 15:15:00,2021-08-26,192.0,171.69289025651952,188.4284969724497
2021-08-26 15:30:00,2021-08-26,202.0,178.94058874041804,190.21299084060956
2021-08-26 15:45:00,2021-08-26,193.0,179.09062758091218,181.5858977249911
2021-08-26 16:00:00,2021-08-26,186.0,170.16617850859316,184.17783567483383
2021-08-26 16:15:00,2021-08-26,172.0,169.52456997006476,172.40863748786657
2021-08-26 16:30:00,2021-08-26,175.0,169.03563485690282,174.44456632478514
2021-08-26 16:45:00,2021-08-26,158.0,165.3044328161304,161.44282030962376
2021-08-26 17:00:00,2021-08-26,119.0,124.6220160822338,120.82216432516618
2021-08-26 17:15:00,2021-08-26,105.0,109.88192222459614,120.75239978980235
2021-08-26 17:30:00,2021-08-26,142.0,144.06913667166495,142.55543367521486
2021-08-26 17:45:00,2021-08-26,161.0,160.9364825964264,161.0
2021-08-26 18:00:00,2021-08-26,161.0,164.05723251585752,161.0
2021-08-26 18:15:00,2021-08-26,155.0,152.75695730640356,155.0
2021-08-26 18:30:00,2021-08-26,163.0,162.20371655559407,163.0
2021-08-26 18:45:00,2021-08-26,167.0,158.75943660181883,167.0
2021-08-26 19:00:00,2021-08-26,168.0,159.95698341731818,168.0
2021-08-26 19:15:00,2021-08-26,158.0,156.26830628671084,158.0
2021-08-26 19:30:00,2021-08-26,170.0,150.59836030120957,170.0
2021-08-26 19:45:00,2021-08-26,129.0,132.20020903858833,129.0
2021-08-26 20:00:00,2021-08-26,116.0,117.97178801568636,116.0
2021-08-26 20:15:00,2021-08-26,115.0,123.00732401820716,115.0
2021-08-26 20:30:00,2021-08-26,112.0,123.54804917951252,112.0
2021-08-26 20:45:00,2021-08-26,121.0,123.33683431517892,121.0
2021-08-26 21:00:00,2021-08-26,122.0,118.15680549223904,122.0
2021-08-26 21:15:00,2021-08-26,127.0,117.34453608217316,127.0
2021-08-26 21:30:00,2021-08-26,128.0,120.62102431694572,128.0
2021-08-26 21:45:00,2021-08-26,121.0,120.39984649931638,121.0
2021-08-26 22:00:00,2021-08-26,113.0,110.83447988383617,113.0
2021-08-26 22:15:00,2021-08-26,116.0,118.9728278781062,116.0
2021-08-26 22:30:00,2021-08-26,106.0,113.93123572992543,106.0
2021-08-26 22:45:00,2021-08-26,109.0,112.4980945975187,109.0
2021-08-26 23:00:00,2021-08-26,104.0,113.38092135466133,104.0
2021-08-26 23:15:00,2021-08-26,112.0,110.16526321235756,112.0
2021-08-26 23:30:00,2021-08-26,113.0,109.23566377628806,113.0
2021-08-26 23:45:00,2021-08-26,89.0,93.99549873102688,89.0
2021-08-27 00:00:00,2021-08-27,77.0,82.31816858266728,77.0
2021-08-27 00:15:00,2021-08-27,72.0,76.46826004134324,72.0
2021-08-27 00:30:00,2021-08-27,70.0,71.9793993709187,70.0
2021-08-27 00:45:00,2021-08-27,67.0,72.11939107895448,67.0
2021-08-27 01:00:00,2021-08-27,90.0,93.87775892781345,90.0
2021-08-27 01:15:00,2021-08-27,102.0,111.21372359468587,102.0
2021-08-27 01:30:00,2021-08-27,111.0,110.58094263286964,111.0
2021-08-27 01:45:00,2021-08-27,106.0,110.98434283110656,106.0
2021-08-27 02:00:00,2021-08-27,107.0,113.0714383090616,107.0
2021-08-27 02:15:00,2021-08-27,115.0,113.57869870426173,115.0
2021-08-27 02:30:00,2021-08-27,112.0,111.99771488340956,112.0
2021-08-27 02:45:00,2021-08-27,111.0,112.259552528021,111.0
2021-08-27 03:00:00,2021-08-27,92.0,105.65724669153816,92.0
2021-08-27 03:15:00,2021-08-27,98.0,111.72450405549256,98.0
2021-08-27 03:30:00,2021-08-27,105.0,112.1555807413307,105.0
2021-08-27 03:45:00,2021-08-27,114.0,112.63984570356472,114.0
2021-08-27 04:00:00,2021-08-27,107.0,112.25557427722276,107.0
2021-08-27 04:15:00,2021-08-27,111.0,111.12275531930726,111.0
2021-08-27 04:30:00,2021-08-27,112.0,102.684101367521,112.0
2021-08-27 04:45:00,2021-08-27,100.0,110.63335537622606,100.0
2021-08-27 05:00:00,2021-08-27,77.0,84.78453797455843,77.0
2021-08-27 05:15:00,2021-08-27,74.0,73.65086358986022,74.0
2021-08-27 05:30:00,2021-08-27,87.0,103.98215112177633,87.0
2021-08-27 05:45:00,2021-08-27,104.0,114.4944974574872,104.0
2021-08-27 06:00:00,2021-08-27,101.0,115.53739439059018,101.0
2021-08-27 06:15:00,2021-08-27,99.0,117.00954430579574,99.0
2021-08-27 06:30:00,2021-08-27,99.0,114.18590719046882,99.0
2021-08-27 06:45:00,2021-08-27,103.0,112.77511904141244,103.0
2021-08-27 07:00:00,2021-08-27,106.0,114.0413615377724,109.62420024841079
2021-08-27 07:15:00,2021-08-27,123.0,126.79979520592114,162.8953053892032
2021-08-27 07:30:00,2021-08-27,135.0,155.80094749068618,148.1245419538681
2021-08-27 07:45:00,2021-08-27,135.0,154.76732030185102,150.75595087916065
2021-08-27 08:00:00,2021-08-27,166.0,173.66772122568096,161.3662349054112
2021-08-27 08:15:00,2021-08-27,183.0,179.04401256992122,171.94692132791357
2021-08-27 08:30:00,2021-08-27,190.0,178.93237125521668,178.10327843556126
2021-08-27 08:45:00,2021-08-27,185.0,177.42062058453163,174.60486176991103
2021-08-27 09:00:00,2021-08-27,179.0,177.41125868882003,169.52966784588727
2021-08-27 09:15:00,2021-08-27,185.0,179.24197118946395,173.56303521053192
2021-08-27 09:30:00,2021-08-27,169.0,177.6422832078294,159.9799576308844
2021-08-27 09:45:00,2021-08-27,170.0,177.75392452253394,160.82551197568964
2021-08-27 10:00:00,2021-08-27,147.0,161.6891150368353,153.22655160169793
2021-08-27 10:15:00,2021-08-27,176.0,176.6781893798182,167.51548041560562
2021-08-27 10:30:00,2021-08-27,177.0,177.7650260748567,167.43728170899203
2021-08-27 10:45:00,2021-08-27,176.0,176.54933905887805,167.6377375904501
2021-08-27 11:00:00,2021-08-27,179.0,178.2429058450895,168.81045991004086
2021-08-27 11:15:00,2021-08-27,182.0,182.4970332968348,167.6986232602837
2021-08-27 11:30:00,2021-08-27,169.0,179.83306286151014,158.38572497724365
2021-08-27 11:45:00,2021-08-27,168.0,179.0783912066906,158.1686729632531
2021-08-27 12:00:00,2021-08-27,112.0,122.60041747128004,146.8
2021-08-27 12:15:00,2021-08-27,95.0,104.87166893357178,130.0
2021-08-27 12:30:00,2021-08-27,93.0,105.02896407928526,102.47993524334419
2021-08-27 12:45:00,2021-08-27,125.0,124.64822737087206,161.93270356528987
2021-08-27 13:00:00,2021-08-27,179.0,174.70097074414082,172.29906950517974
2021-08-27 13:15:00,2021-08-27,176.0,177.73432778908784,166.5200647566558
2021-08-27 13:30:00,2021-08-27,169.0,177.55104244168058,159.94412359930246
2021-08-27 13:45:00,2021-08-27,167.0,176.08423816003994,159.57430546959353
2021-08-27 14:00:00,2021-08-27,169.0,174.80774982091447,162.57405618547676
2021-08-27 14:15:00,2021-08-27,168.0,177.0126684627252,159.5989948652101
2021-08-27 14:30:00,2021-08-27,163.0,174.6068684413528,156.9825936965001
2021-08-27 14:45:00,2021-08-27,161.0,174.08020039815537,155.52553978717168
2021-08-27 15:00:00,2021-08-27,137.0,142.51819530939636,161.22797644006684
2021-08-27 15:15:00,2021-08-27,175.0,170.9947564640845,172.09984332541887
2021-08-27 15:30:00,2021-08-27,173.0,173.81763443755665,167.36995034541934
2021-08-27 15:45:00,2021-08-27,161.0,175.46470841839366,154.29836220184333
2021-08-27 16:00:00,2021-08-27,158.0,169.57695904241672,156.94052298761332
2021-08-27 16:15:00,2021-08-27,150.0,169.8603414317888,148.49932706336855
2021-08-27 16:30:00,2021-08-27,156.0,167.4854740971195,156.67232433894625
2021-08-27 16:45:00,2021-08-27,161.0,168.62631875149486,160.55570289167642
2021-08-27 17:00:00,2021-08-27,127.0,127.97445606934116,131.4039307952914
2021-08-27 17:15:00,2021-08-27,116.0,115.386971932417,118.28239388391297
2021-08-27 17:30:00,2021-08-27,161.0,167.5608112774094,161.0
2021-08-27 17:45:00,2021-08-27,163.0,168.97133445879558,162.2182790527185
2021-08-27 18:00:00,2021-08-27,157.0,162.23618767945757,157.0
2021-08-27 18:15:00,2021-08-27,142.0,168.60367714113306,141.62715187715867
2021-08-27 18:30:00,2021-08-27,137.0,167.60868872715784,137.0
2021-08-27 18:45:00,2021-08-27,136.0,165.74323436227118,136.0
2021-08-27 19:00:00,2021-08-27,138.0,158.44389069992252,138.37284812284133
2021-08-27 19:15:00,2021-08-27,135.0,140.99094860283833,135.0
2021-08-27 19:30:00,2021-08-27,127.0,135.82944107239217,127.0
2021-08-27 19:45:00,2021-08-27,109.0,113.10324333468957,109.0
2021-08-27 20:00:00,2021-08-27,104.0,107.1870480757328,104.0
2021-08-27 20:15:00,2021-08-27,111.0,115.03534023645447,111.0
2021-08-27 20:30:00,2021-08-27,108.0,120.192380418079,108.0
2021-08-27 20:45:00,2021-08-27,109.0,119.03188999493128,109.0
2021-08-27 21:00:00,2021-08-27,104.0,116.56291480107043,104.0
2021-08-27 21:15:00,2021-08-27,115.0,123.61616845306943,115.0
2021-08-27 21:30:00,2021-08-27,111.0,117.71278382475462,111.0
2021-08-27 21:45:00,2021-08-27,97.0,116.612923982251,97.0
2021-08-27 22:00:00,2021-08-27,79.0,99.27612595163367,79.0
2021-08-27 22:15:00,2021-08-27,94.0,107.78385637308504,94.0
2021-08-27 22:30:00,2021-08-27,105.0,111.36444248607648,105.0
2021-08-27 22:45:00,2021-08-27,105.0,112.16229458085172,105.0
2021-08-27 23:00:00,2021-08-27,105.0,112.44488938051212,105.0
2021-08-27 23:15:00,2021-08-27,109.0,110.61513944672802,109.0
2021-08-27 23:30:00,2021-08-27,113.0,100.5270673329065,113.0
2021-08-27 23:45:00,2021-08-27,82.0,77.05597203877953,82.0
2021-08-28 00:00:00,2021-08-28,75.0,64.47959586630843,75.0
2021-08-28 00:15:00,2021-08-28,73.0,64.44970932158117,73.0
2021-08-28 00:30:00,2021-08-28,71.0,64.7583362074371,72.86798722655725
2021-08-28 00:45:00,2021-08-28,69.0,63.82720948467025,69.0
2021-08-28 01:00:00,2021-08-28,91.0,83.05674927280083,105.45934838550507
2021-08-28 01:15:00,2021-08-28,108.0,96.73033868856756,107.33043532615957
2021-08-28 01:30:00,2021-08-28,111.0,96.00476584630016,111.158169279792
2021-08-28 01:45:00,2021-08-28,107.0,99.10787941580658,103.80308074885325
2021-08-28 02:00:00,2021-08-28,111.0,100.4009612524734,106.29669390207937
2021-08-28 02:15:00,2021-08-28,119.0,106.82973207836532,107.10000011139222
2021-08-28 02:30:00,2021-08-28,110.0,105.3414856746572,100.39865508848192
2021-08-28 02:45:00,2021-08-28,102.0,106.35883399363767,92.20643971689822
2021-08-28 03:00:00,2021-08-28,100.0,86.27054820750692,110.54739853461413
2021-08-28 03:15:00,2021-08-28,109.0,86.10918069412467,118.62621482155836
2021-08-28 03:30:00,2021-08-28,97.0,88.2527784954454,105.1266819257084
2021-08-28 03:45:00,2021-08-28,103.0,100.97091918490796,98.07889493240026
2021-08-28 04:00:00,2021-08-28,105.0,103.98853459534642,97.08194976677075
2021-08-28 04:15:00,2021-08-28,107.0,100.09860214072609,102.7756930649577
2021-08-28 04:30:00,2021-08-28,105.0,102.45611318245253,98.53399058705017
2021-08-28 04:45:00,2021-08-28,93.0,101.03268803814288,88.50253079363222
2021-08-28 05:00:00,2021-08-28,73.0,81.354852269827,87.90226369598473
2021-08-28 05:15:00,2021-08-28,74.0,73.70367461978528,76.90981230804486
2021-08-28 05:30:00,2021-08-28,93.0,86.03872351385627,101.20357209160444
2021-08-28 05:45:00,2021-08-28,107.0,102.84578576739966,100.03038173205931
2021-08-28 06:00:00,2021-08-28,103.0,98.94192829813666,100.09018769195514
2021-08-28 06:15:00,2021-08-28,101.0,97.52751368752249,99.57008323965707
2021-08-28 06:30:00,2021-08-28,93.0,92.53135666107502,94.42991676034293
2021-08-28 06:45:00,2021-08-28,95.0,87.31108438659233,101.96961826794069
2021-08-28 07:00:00,2021-08-28,94.0,85.70190886697277,94.0
2021-08-28 07:15:00,2021-08-28,86.0,82.28225430318138,86.0
2021-08-28 07:30:00,2021-08-28,48.0,56.53946362549282,48.0
2021-08-28 07:45:00,2021-08-28,37.0,32.9660610572478,37.0
2021-08-28 08:00:00,2021-08-28,35.0,28.84804882420262,35.0
2021-08-28 08:15:00,2021-08-28,35.0,27.157201938102595,35.0
2021-08-28 08:30:00,2021-08-28,35.0,26.93845898832132,35.0
2021-08-28 08:45:00,2021-08-28,36.0,28.093629549904875,36.0
2021-08-28 09:00:00,2021-08-28,36.0,27.536956389283493,36.0
2021-08-28 09:15:00,2021-08-28,36.0,27.597809975357503,36.0
2021-08-28 09:30:00,2021-08-28,36.0,27.593351262739024,36.0
2021-08-28 09:45:00,2021-08-28,36.0,27.650512735312443,36.0
2021-08-28 10:00:00,2021-08-28,37.0,26.06077497602124,37.0
2021-08-28 10:15:00,2021-08-28,36.0,26.880033397921547,36.0
2021-08-28 10:30:00,2021-08-28,41.0,27.31621287112521,41.0
2021-08-28 10:45:00,2021-08-28,39.0,27.515249645642797,39.0
2021-08-28 11:00:00,2021-08-28,36.0,27.662729361105672,36.0
2021-08-28 11:15:00,2021-08-28,36.0,26.34697145891461,36.0
2021-08-28 11:30:00,2021-08-28,39.0,26.34359082532404,39.0
2021-08-28 11:45:00,2021-08-28,37.0,24.5111166737667,37.0
2021-08-28 12:00:00,2021-08-28,38.0,21.31648574092572,38.0
2021-08-28 12:15:00,2021-08-28,38.0,21.128050848091195,38.0
2021-08-28 12:30:00,2021-08-28,38.0,21.85531036779745,38.0
2021-08-28 12:45:00,2021-08-28,38.0,23.800824853916357,38.0
2021-08-28 13:00:00,2021-08-28,38.0,25.800142529914165,38.0
2021-08-28 13:15:00,2021-08-28,37.0,25.89423415471195,37.0
2021-08-28 13:30:00,2021-08-28,37.0,26.553642689081137,37.0
2021-08-28 13:45:00,2021-08-28,41.0,26.54473502021539,41.0
2021-08-28 14:00:00,2021-08-28,41.0,26.34282233515251,41.0
2021-08-28 14:15:00,2021-08-28,37.0,26.335016784863186,37.0
2021-08-28 14:30:00,2021-08-28,37.0,26.869488581484497,37.0
2021-08-28 14:45:00,2021-08-28,37.0,27.711152782224385,37.0
2021-08-28 15:00:00,2021-08-28,37.0,27.079405831549884,37.0
2021-08-28 15:15:00,2021-08-28,37.0,26.832643544255543,37.0
2021-08-28 15:30:00,2021-08-28,38.0,26.91701791268382,38.0
2021-08-28 15:45:00,2021-08-28,38.0,26.82764804823216,38.0
2021-08-28 16:00:00,2021-08-28,38.0,26.610944436916355,38.0
2021-08-28 16:15:00,2021-08-28,47.0,26.182358819951563,47.0
2021-08-28 16:30:00,2021-08-28,52.0,26.382309643716937,52.0
2021-08-28 16:45:00,2021-08-28,46.0,26.295241054876385,46.0
2021-08-28 17:00:00,2021-08-28,47.0,25.88674165581948,47.0
2021-08-28 17:15:00,2021-08-28,41.0,25.907492040299168,41.0
2021-08-28 17:30:00,2021-08-28,0.0,25.827042050369784,0.0
2021-08-28 17:45:00,2021-08-28,0.0,27.28231057280353,0.0
2021-08-28 18:00:00,2021-08-28,0.0,28.34548558038245,0.0
2021-08-28 18:15:00,2021-08-28,0.0,29.286533802379388,0.0
2021-08-28 18:30:00,2021-08-28,0.0,26.567051583191372,0.0
2021-08-28 18:45:00,2021-08-28,0.0,27.105254537798317,0.0
2021-08-28 19:00:00,2021-08-28,0.0,25.81374725758867,0.0
2021-08-28 19:15:00,2021-08-28,0.0,25.9924742033456,0.0
2021-08-28 19:30:00,2021-08-28,0.0,25.879591968420776,0.0
2021-08-28 19:45:00,2021-08-28,0.0,25.7309078275978,0.0
2021-08-28 20:00:00,2021-08-28,0.0,25.73252340366358,0.0
2021-08-28 20:15:00,2021-08-28,0.0,25.73252340366358,0.0
2021-08-28 20:30:00,2021-08-28,0.0,25.77378453373268,0.0
2021-08-28 20:45:00,2021-08-28,0.0,25.77378453373268,0.0
2021-08-28 21:00:00,2021-08-28,0.0,26.5242809525333,0.0
2021-08-28 21:15:00,2021-08-28,0.0,26.53790573682617,0.0
2021-08-28 21:30:00,2021-08-28,0.0,26.502166085225657,0.0
2021-08-28 21:45:00,2021-08-28,0.0,26.502166085225657,0.0
2021-08-28 22:00:00,2021-08-28,0.0,26.320487322582206,0.0
2021-08-28 22:15:00,2021-08-28,0.0,27.48244775568829,0.0
2021-08-28 22:30:00,2021-08-28,0.0,26.466180887503786,0.0
2021-08-28 22:45:00,2021-08-28,0.0,26.036420422816008,0.0
2021-08-28 23:00:00,2021-08-28,0.0,25.636000075949923,0.0
2021-08-28 23:15:00,2021-08-28,0.0,24.520331667063274,0.0
2021-08-28 23:30:00,2021-08-28,0.0,24.55877918061797,0.0
2021-08-28 23:45:00,2021-08-28,0.0,24.85257905293328,0.0
2021-08-29 00:00:00,2021-08-29,0.0,22.039899364774044,0.0
2021-08-29 00:15:00,2021-08-29,0.0,21.93532702785846,0.0
2021-08-29 00:30:00,2021-08-29,0.0,22.368358378934133,0.0
2021-08-29 00:45:00,2021-08-29,0.0,23.35502665418248,0.0
2021-08-29 01:00:00,2021-08-29,0.0,23.221112598438022,0.0
2021-08-29 01:15:00,2021-08-29,0.0,22.33278483351858,0.0
2021-08-29 01:30:00,2021-08-29,0.0,22.500638246414397,0.0
2021-08-29 01:45:00,2021-08-29,0.0,24.5077134630755,0.0
2021-08-29 02:00:00,2021-08-29,0.0,25.01312944291961,0.0
2021-08-29 02:15:00,2021-08-29,0.0,23.78842686155435,0.0
2021-08-29 02:30:00,2021-08-29,0.0,22.25349564405591,0.0
2021-08-29 02:45:00,2021-08-29,0.0,23.568496458837004,0.0
2021-08-29 03:00:00,2021-08-29,0.0,23.3348979213201,0.0
2021-08-29 03:15:00,2021-08-29,0.0,23.555199659802124,0.0
2021-08-29 03:30:00,2021-08-29,0.0,22.37906032676913,0.0
2021-08-29 03:45:00,2021-08-29,0.0,22.386620859182784,0.0
2021-08-29 04:00:00,2021-08-29,0.0,22.456705092092133,0.0
2021-08-29 04:15:00,2021-08-29,0.0,22.492966473924387,0.0
2021-08-29 04:30:00,2021-08-29,0.0,22.492966473924387,0.0
2021-08-29 04:45:00,2021-08-29,0.0,22.509940869534415,0.0
2021-08-29 05:00:00,2021-08-29,0.0,21.96186403058225,0.0
2021-08-29 05:15:00,2021-08-29,0.0,21.6559666155153,0.0
2021-08-29 05:30:00,2021-08-29,0.0,23.772309194933317,0.0
2021-08-29 05:45:00,2021-08-29,0.0,24.52866253933442,0.0
2021-08-29 06:00:00,2021-08-29,0.0,23.041969971623036,0.0
2021-08-29 06:15:00,2021-08-29,0.0,23.02531853715097,0.0
2021-08-29 06:30:00,2021-08-29,0.0,22.99895806627796,0.0
2021-08-29 06:45:00,2021-08-29,0.0,22.99895806627796,0.0
2021-08-29 07:00:00,2021-08-29,0.0,22.94407290839841,0.0
2021-08-29 07:15:00,2021-08-29,0.0,22.77025376675697,0.0
2021-08-29 07:30:00,2021-08-29,0.0,23.482237662478774,0.0
2021-08-29 07:45:00,2021-08-29,0.0,23.372995671011893,0.0
2021-08-29 08:00:00,2021-08-29,0.0,23.236441537437027,0.0
2021-08-29 08:15:00,2021-08-29,0.0,23.26222001276478,0.0
2021-08-29 08:30:00,2021-08-29,0.0,23.492845775195413,0.0
2021-08-29 08:45:00,2021-08-29,0.0,23.442434230862155,0.0
2021-08-29 09:00:00,2021-08-29,0.0,24.65613838530803,0.0
2021-08-29 09:15:00,2021-08-29,0.0,24.83611235824663,0.0
2021-08-29 09:30:00,2021-08-29,0.0,23.115247709639352,0.0
2021-08-29 09:45:00,2021-08-29,0.0,23.03760294431635,0.0
2021-08-29 10:00:00,2021-08-29,0.0,22.09144544330721,0.0
2021-08-29 10:15:00,2021-08-29,0.0,23.144017962217923,0.0
2021-08-29 10:30:00,2021-08-29,0.0,23.90286853368444,0.0
2021-08-29 10:45:00,2021-08-29,0.0,23.90286853368444,0.0
2021-08-29 11:00:00,2021-08-29,0.0,24.70169572260405,0.0
2021-08-29 11:15:00,2021-08-29,0.0,23.892014845310623,0.0
2021-08-29 11:30:00,2021-08-29,41.0,23.21339055804625,40.85332826486841
2021-08-29 11:45:00,2021-08-29,25.0,23.019800106365317,25.0
2021-08-29 12:00:00,2021-08-29,23.0,21.070356350776827,23.399416784111345
2021-08-29 12:15:00,2021-08-29,23.0,20.97632821992225,24.703083727041193
2021-08-29 12:30:00,2021-08-29,21.0,23.18951043453691,20.946423497558843
2021-08-29 12:45:00,2021-08-29,19.0,23.68211600869605,18.5573202270834
2021-08-29 13:00:00,2021-08-29,19.0,24.296695341160177,18.08791707091989
2021-08-29 13:15:00,2021-08-29,19.0,24.29080255692257,18.09230507713569
2021-08-29 13:30:00,2021-08-29,19.0,22.98489403091032,19.129552445464984
2021-08-29 13:45:00,2021-08-29,19.0,22.85586453009525,19.22282123336213
2021-08-29 14:00:00,2021-08-29,21.0,23.57756816391981,20.601671168368505
2021-08-29 14:15:00,2021-08-29,22.0,22.8694443209212,22.20407593858587
2021-08-29 14:30:00,2021-08-29,22.0,23.73823658290855,21.436624089698913
2021-08-29 14:45:00,2021-08-29,21.0,23.696975452839453,20.49786088648993
2021-08-29 15:00:00,2021-08-29,21.0,23.65469564255626,20.53515715763338
2021-08-29 15:15:00,2021-08-29,21.0,24.098338478931527,20.156464591429646
2021-08-29 15:30:00,2021-08-29,21.0,23.08121852463077,21.05157645116073
2021-08-29 15:45:00,2021-08-29,21.0,23.95001078661812,20.285247529765783
2021-08-29 16:00:00,2021-08-29,21.0,24.07026374132724,20.191488769743586
2021-08-29 16:15:00,2021-08-29,21.0,23.979217491584052,20.252404969535874
2021-08-29 16:30:00,2021-08-29,21.0,24.617244052918224,19.771528295577358
2021-08-29 16:45:00,2021-08-29,23.0,23.957015918862076,22.103029670853942
2021-08-29 17:00:00,2021-08-29,26.0,22.690670323059905,25.926728349201948
2021-08-29 17:15:00,2021-08-29,25.0,22.655373117361894,25.20709674688181
2021-08-29 17:30:00,2021-08-29,26.0,22.48654038434634,26.080285804331197
2021-08-29 17:45:00,2021-08-29,26.0,23.402425436624892,25.38554760410883
2021-08-29 18:00:00,2021-08-29,25.0,23.3611643065558,24.8798686567424
2021-08-29 18:15:00,2021-08-29,25.0,24.30469356656797,23.86073825893072
2021-08-29 18:30:00,2021-08-29,24.0,22.41299162980772,24.900295084876703
2021-08-29 18:45:00,2021-08-29,21.0,23.052164442586527,21.539315391981063
2021-08-29 19:00:00,2021-08-29,20.0,22.50783902194797,20.899411576766134
2021-08-29 19:15:00,2021-08-29,21.0,22.549875194038016,21.744160741809328
2021-08-29 19:30:00,2021-08-29,21.0,22.628867018678044,21.58379644484914
2021-08-29 19:45:00,2021-08-29,20.0,22.56363477270249,20.557960475607874
2021-08-29 20:00:00,2021-08-29,20.0,23.509626942593467,19.725978226578498
2021-08-29 20:15:00,2021-08-29,20.0,23.56535718937809,19.755565096962535
2021-08-29 20:30:00,2021-08-29,20.0,23.252425911354724,19.91725318780892
2021-08-29 20:45:00,2021-08-29,20.0,23.29368704142382,19.906853933561546
2021-08-29 21:00:00,2021-08-29,20.0,22.521958534371183,20.478192428336172
2021-08-29 21:15:00,2021-08-29,20.0,22.566965103037266,20.42622932949139
2021-08-29 21:30:00,2021-08-29,20.0,22.566965103037266,20.465982106357224
2021-08-29 21:45:00,2021-08-29,21.0,23.216893688009154,20.87218760079005
2021-08-29 22:00:00,2021-08-29,20.0,22.84632319955045,20.26194566108547
2021-08-29 22:15:00,2021-08-29,24.0,22.46039371857201,24.46382481134172
2021-08-29 22:30:00,2021-08-29,23.0,23.305431258988666,22.7601455983539
2021-08-29 22:45:00,2021-08-29,20.0,22.56803076235229,20.51770180052579
2021-08-29 23:00:00,2021-08-29,19.0,22.54055193001636,19.51631589215613
2021-08-29 23:15:00,2021-08-29,19.0,22.41764650954158,19.76155538500498
2021-08-29 23:30:00,2021-08-29,21.0,22.2888944624264,21.83042571693057
2021-08-29 23:45:00,2021-08-29,20.0,22.345724918422462,20.69534024223855
2021-08-30 00:00:00,2021-08-30,20.0,20.929946764270436,20.0
2021-08-30 00:15:00,2021-08-30,20.0,20.75573654102727,20.0
2021-08-30 00:30:00,2021-08-30,20.0,21.02375220686558,20.0
2021-08-30 00:45:00,2021-08-30,20.0,20.46831232573468,20.0
2021-08-30 01:00:00,2021-08-30,20.0,21.57419699643304,20.0
2021-08-30 01:15:00,2021-08-30,20.0,23.836614409453052,20.0
2021-08-30 01:30:00,2021-08-30,20.0,23.3338165534347,20.0
2021-08-30 01:45:00,2021-08-30,23.0,23.3338165534347,23.0
2021-08-30 02:00:00,2021-08-30,24.0,23.203169102240604,24.0
2021-08-30 02:15:00,2021-08-30,21.0,22.745333303418747,21.0
2021-08-30 02:30:00,2021-08-30,20.0,23.509078294718744,20.0
2021-08-30 02:45:00,2021-08-30,20.0,23.56343834423784,20.0
2021-08-30 03:00:00,2021-08-30,20.0,22.83620860656542,20.0
2021-08-30 03:15:00,2021-08-30,21.0,21.609014810215086,21.0
2021-08-30 03:30:00,2021-08-30,19.0,23.1977857702489,19.0
2021-08-30 03:45:00,2021-08-30,19.0,23.110785692023597,19.0
2021-08-30 04:00:00,2021-08-30,19.0,22.824888865349536,19.0
2021-08-30 04:15:00,2021-08-30,19.0,22.87925508541419,19.0
2021-08-30 04:30:00,2021-08-30,20.0,22.87925508541419,20.0
2021-08-30 04:45:00,2021-08-30,20.0,22.88690288933608,20.0
2021-08-30 05:00:00,2021-08-30,20.0,20.89813165030633,20.0
2021-08-30 05:15:00,2021-08-30,19.0,21.222538950970847,19.0
2021-08-30 05:30:00,2021-08-30,19.0,21.765133923230547,19.0
2021-08-30 05:45:00,2021-08-30,20.0,24.313759274883093,20.0
2021-08-30 06:00:00,2021-08-30,24.0,24.68495303596303,24.0
2021-08-30 06:15:00,2021-08-30,21.0,24.60239757430625,21.0
2021-08-30 06:30:00,2021-08-30,20.0,24.19261726453753,20.0
2021-08-30 06:45:00,2021-08-30,19.0,23.8853489111383,19.0
2021-08-30 07:00:00,2021-08-30,29.0,22.4375966429377,31.660080963418412
2021-08-30 07:15:00,2021-08-30,38.0,37.95544600063129,55.5
2021-08-30 07:30:00,2021-08-30,59.0,61.7650879787546,76.7
2021-08-30 07:45:00,2021-08-30,80.0,98.22148940629414,98.3
2021-08-30 08:00:00,2021-08-30,133.0,160.3628087541669,147.01637911401716
2021-08-30 08:15:00,2021-08-30,175.0,193.5830408379346,159.14912937972545
2021-08-30 08:30:00,2021-08-30,177.0,194.74731770400828,160.18773309449008
2021-08-30 08:45:00,2021-08-30,183.0,195.78805823706367,164.7000000947758
2021-08-30 09:00:00,2021-08-30,167.0,190.806932458405,154.54686032342133
2021-08-30 09:15:00,2021-08-30,158.0,190.13274143982272,146.42960326705324
2021-08-30 09:30:00,2021-08-30,180.0,189.92193194263544,167.0037005625259
2021-08-30 09:45:00,2021-08-30,174.0,188.66565251549036,162.51188029472826
2021-08-30 10:00:00,2021-08-30,154.0,144.39056527460997,182.467746272358
2021-08-30 10:15:00,2021-08-30,180.0,186.3388307040012,170.21500742798878
2021-08-30 10:30:00,2021-08-30,186.0,187.84715707296465,174.47653442396168
2021-08-30 10:45:00,2021-08-30,165.0,184.9477786854497,157.23098617810518
2021-08-30 11:00:00,2021-08-30,166.0,184.9529327762465,158.86845288870097
2021-08-30 11:15:00,2021-08-30,178.0,186.9078802567093,167.92028484552745
2021-08-30 11:30:00,2021-08-30,161.0,189.7804728641613,150.2536599951482
2021-08-30 11:45:00,2021-08-30,180.0,186.6191808368919,169.36196087405415
2021-08-30 12:00:00,2021-08-30,124.0,113.49402164983054,162.6375134177389
2021-08-30 12:15:00,2021-08-30,103.0,89.89634408264321,144.57097936630998
2021-08-30 12:30:00,2021-08-30,96.0,88.36644154440472,96.0
2021-08-30 12:45:00,2021-08-30,134.0,116.58063369398754,144.9885244448994
2021-08-30 13:00:00,2021-08-30,169.0,180.7411644026713,164.76248658226112
2021-08-30 13:15:00,2021-08-30,177.0,184.12798513176568,169.38781832943394
2021-08-30 13:30:00,2021-08-30,169.0,178.46863310168743,166.86049059270695
2021-08-30 13:45:00,2021-08-30,171.0,185.82546499345847,162.15098496239366
2021-08-30 14:00:00,2021-08-30,164.0,180.11192194069767,160.44644408217155
2021-08-30 14:15:00,2021-08-30,173.0,176.06236383664185,173.14120230425607
2021-08-30 14:30:00,2021-08-30,174.0,179.81546534582037,170.51041676731305
2021-08-30 14:45:00,2021-08-30,172.0,175.67047057827622,172.52135702857265
2021-08-30 15:00:00,2021-08-30,141.0,144.13411571118976,147.52178212194275
2021-08-30 15:15:00,2021-08-30,145.0,176.11906296865246,145.0
2021-08-30 15:30:00,2021-08-30,175.0,175.90042610997685,175.0
2021-08-30 15:45:00,2021-08-30,177.0,165.40703474179995,177.0
2021-08-30 16:00:00,2021-08-30,171.0,149.6986815235999,171.0
2021-08-30 16:15:00,2021-08-30,174.0,149.59574611252452,174.0
2021-08-30 16:30:00,2021-08-30,166.0,145.46428335132637,166.0
2021-08-30 16:45:00,2021-08-30,169.0,145.41717301860953,169.0
2021-08-30 17:00:00,2021-08-30,127.0,112.22787871007164,127.0
2021-08-30 17:15:00,2021-08-30,115.0,103.99069493927432,115.0
2021-08-30 17:30:00,2021-08-30,145.0,139.0510225797673,145.0
2021-08-30 17:45:00,2021-08-30,172.0,149.25605703614804,172.0
2021-08-30 18:00:00,2021-08-30,172.0,149.12711156987552,172.0
2021-08-30 18:15:00,2021-08-30,165.0,146.1362816404739,165.0
2021-08-30 18:30:00,2021-08-30,164.0,136.300025934726,164.0
2021-08-30 18:45:00,2021-08-30,169.0,109.62739908673257,169.0
2021-08-30 19:00:00,2021-08-30,162.0,120.7493428755298,162.0
2021-08-30 19:15:00,2021-08-30,150.0,111.58771409187318,150.0
2021-08-30 19:30:00,2021-08-30,134.0,110.84045498068754,134.0
2021-08-30 19:45:00,2021-08-30,128.0,95.88263869395767,128.0
2021-08-30 20:00:00,2021-08-30,117.0,99.61313307463256,117.0
2021-08-30 20:15:00,2021-08-30,130.0,109.46223206065542,130.0
2021-08-30 20:30:00,2021-08-30,132.0,106.679088925331,132.0
2021-08-30 20:45:00,2021-08-30,131.0,106.7974435199794,131.0
2021-08-30 21:00:00,2021-08-30,133.0,110.69009281958223,133.0
2021-08-30 21:15:00,2021-08-30,135.0,113.33603728548408,135.0
2021-08-30 21:30:00,2021-08-30,123.0,108.77012038818457,123.0
2021-08-30 21:45:00,2021-08-30,125.0,108.41845656252865,125.0
2021-08-30 22:00:00,2021-08-30,102.0,90.10298881295049,102.0
2021-08-30 22:15:00,2021-08-30,116.0,104.12671921634018,116.0
2021-08-30 22:30:00,2021-08-30,123.0,101.90228947242365,123.0
2021-08-30 22:45:00,2021-08-30,121.0,101.90228947242365,121.0
2021-08-30 23:00:00,2021-08-30,115.0,98.660095692211,115.0
2021-08-30 23:15:00,2021-08-30,107.0,101.30812777252991,107.0
2021-08-30 23:30:00,2021-08-30,110.0,99.71474798244992,110.0
2021-08-30 23:45:00,2021-08-30,89.0,77.86024166147305,89.0
2021-08-31 00:00:00,2021-08-31,76.0,67.15924442029826,76.0
2021-08-31 00:15:00,2021-08-31,73.0,67.26739411819479,73.0
2021-08-31 00:30:00,2021-08-31,71.0,67.00867777098028,71.0
2021-08-31 00:45:00,2021-08-31,71.0,66.87492006192277,71.0
2021-08-31 01:00:00,2021-08-31,98.0,89.03266816104089,98.0
2021-08-31 01:15:00,2021-08-31,106.0,103.00933785544082,106.0
2021-08-31 01:30:00,2021-08-31,111.0,104.46005093039658,111.0
2021-08-31 01:45:00,2021-08-31,110.0,104.46005093039658,110.0
2021-08-31 02:00:00,2021-08-31,114.0,105.35856123240455,114.0
2021-08-31 02:15:00,2021-08-31,110.0,103.04406007065036,110.0
2021-08-31 02:30:00,2021-08-31,107.0,103.62731504041128,107.0
2021-08-31 02:45:00,2021-08-31,102.0,102.49539777264368,102.0
2021-08-31 03:00:00,2021-08-31,90.0,91.90516170002728,90.0
2021-08-31 03:15:00,2021-08-31,101.0,101.37356833302049,101.0
2021-08-31 03:30:00,2021-08-31,104.0,105.57824897260966,104.0
2021-08-31 03:45:00,2021-08-31,107.0,99.65101670022878,107.0
2021-08-31 04:00:00,2021-08-31,114.0,95.72364438356604,114.0
2021-08-31 04:15:00,2021-08-31,114.0,103.10660413361612,114.0
2021-08-31 04:30:00,2021-08-31,108.0,100.76427420182446,108.0
2021-08-31 04:45:00,2021-08-31,105.0,99.74566612182176,105.0
2021-08-31 05:00:00,2021-08-31,84.0,76.42003308738936,84.0
2021-08-31 05:15:00,2021-08-31,79.0,71.07266273671566,79.0
2021-08-31 05:30:00,2021-08-31,95.0,87.60638504133415,95.0
2021-08-31 05:45:00,2021-08-31,114.0,101.97977778536615,114.0
2021-08-31 06:00:00,2021-08-31,114.0,102.89211834019864,114.0
2021-08-31 06:15:00,2021-08-31,114.0,98.97428649412062,114.0
2021-08-31 06:30:00,2021-08-31,112.0,99.27754925654985,112.0
2021-08-31 06:45:00,2021-08-31,111.0,103.61429071845724,111.0
2021-08-31 07:00:00,2021-08-31,101.0,103.74041207008528,101.0
2021-08-31 07:15:00,2021-08-31,105.0,111.3455849864328,108.1149808662824
2021-08-31 07:30:00,2021-08-31,144.0,145.00021821169094,173.85497646514787
2021-08-31 07:45:00,2021-08-31,143.0,143.09855992832888,173.32473812397933
2021-08-31 08:00:00,2021-08-31,159.0,173.32012858385443,161.90530331089636
2021-08-31 08:15:00,2021-08-31,177.0,197.5570008718152,159.82805315352434
2021-08-31 08:30:00,2021-08-31,175.0,196.3470023888272,159.07742060015858
2021-08-31 08:45:00,2021-08-31,157.0,193.0015301709197,145.37435131512487
2021-08-31 09:00:00,2021-08-31,153.0,186.0267075808925,148.0182498155079
2021-08-31 09:15:00,2021-08-31,162.0,187.29040760938352,154.32029000520782
2021-08-31 09:30:00,2021-08-31,175.0,188.5422405480272,165.59717970747053
2021-08-31 09:45:00,2021-08-31,185.0,189.8311925032285,173.8712208333867
2021-08-31 10:00:00,2021-08-31,157.0,153.61609522446184,180.9422157394098
2021-08-31 10:15:00,2021-08-31,187.0,188.1824325480202,177.29075090334527
2021-08-31 10:30:00,2021-08-31,183.0,189.1728715656053,172.59006189483424
2021-08-31 10:45:00,2021-08-31,177.0,191.20362845598308,165.15840795465448
2021-08-31 11:00:00,2021-08-31,182.0,191.4820227463304,169.42646564890197
2021-08-31 11:15:00,2021-08-31,159.0,192.4311846299458,148.07618523643367
2021-08-31 11:30:00,2021-08-31,159.0,192.9206614479577,147.72711521270716
2021-08-31 11:45:00,2021-08-31,159.0,192.83164962450329,147.60203321302674
2021-08-31 12:00:00,2021-08-31,108.0,120.05618874475,142.1
2021-08-31 12:15:00,2021-08-31,97.0,106.31034917661358,97.0
2021-08-31 12:30:00,2021-08-31,108.0,102.7495150672042,135.52522673777628
2021-08-31 12:45:00,2021-08-31,135.0,129.88232333610085,167.6813072206329
2021-08-31 13:00:00,2021-08-31,163.0,182.93334276601288,158.97113871090284
2021-08-31 13:15:00,2021-08-31,184.0,186.0946317010953,176.40363455132086
2021-08-31 13:30:00,2021-08-31,175.0,187.46644937768383,166.54747232972076
2021-08-31 13:45:00,2021-08-31,173.0,187.4355435378353,164.67122044964634
2021-08-31 14:00:00,2021-08-31,187.0,185.34595425448407,180.00395480684992
2021-08-31 14:15:00,2021-08-31,176.0,186.04201969128653,168.78162864936255
2021-08-31 14:30:00,2021-08-31,186.0,185.34819199167745,179.03920521930618
2021-08-31 14:45:00,2021-08-31,179.0,186.19527229078545,171.51730040455234
2021-08-31 15:00:00,2021-08-31,131.0,140.9916923754915,166.86294786470037
2021-08-31 15:15:00,2021-08-31,161.0,182.86799402178264,157.0766846374483
2021-08-31 15:30:00,2021-08-31,170.0,186.2119347427632,162.87894962920964
2021-08-31 15:45:00,2021-08-31,167.0,191.4868539808405,155.5969422925054
2021-08-31 16:00:00,2021-08-31,172.0,183.61688906879064,167.124212132198
2021-08-31 16:15:00,2021-08-31,180.0,180.9333624547354,176.64265855282676
2021-08-31 16:30:00,2021-08-31,162.0,177.43452133909346,162.8921861636195
2021-08-31 16:45:00,2021-08-31,152.0,170.78719696176444,158.64957959016334
2021-08-31 17:00:00,2021-08-31,122.0,125.52338414074494,137.93375005725767
2021-08-31 17:15:00,2021-08-31,106.0,111.33933232402416,106.0
2021-08-31 17:30:00,2021-08-31,134.0,152.14767440545344,134.0
2021-08-31 17:45:00,2021-08-31,139.0,159.84844565585124,139.0
2021-08-31 18:00:00,2021-08-31,162.0,153.2018416605294,162.0
2021-08-31 18:15:00,2021-08-31,154.0,155.45501727137918,154.0
2021-08-31 18:30:00,2021-08-31,161.0,160.7131131729245,161.0
2021-08-31 18:45:00,2021-08-31,145.0,167.93166667650493,145.0
2021-08-31 19:00:00,2021-08-31,146.0,165.26741556870917,146.0
2021-08-31 19:15:00,2021-08-31,137.0,149.9981694937395,137.0
2021-08-31 19:30:00,2021-08-31,153.0,150.3541604776686,153.0
2021-08-31 19:45:00,2021-08-31,154.0,135.34196126754244,154.0
2021-08-31 20:00:00,2021-08-31,147.0,118.21370046424002,147.0
2021-08-31 20:15:00,2021-08-31,152.0,120.42354578826551,152.0
2021-08-31 20:30:00,2021-08-31,152.0,123.72306208752016,152.0
2021-08-31 20:45:00,2021-08-31,138.0,118.3220740964554,138.0
2021-08-31 21:00:00,2021-08-31,132.0,120.42354578826551,132.0
2021-08-31 21:15:00,2021-08-31,129.0,121.11810163745092,129.0
2021-08-31 21:30:00,2021-08-31,132.0,118.39069820637778,132.0
2021-08-31 21:45:00,2021-08-31,129.0,118.63917481687656,129.0
2021-08-31 22:00:00,2021-08-31,109.0,107.61567083910084,109.0
2021-08-31 22:15:00,2021-08-31,127.0,116.52287675645935,127.0
2021-08-31 22:30:00,2021-08-31,127.0,111.7630209217939,127.0
2021-08-31 22:45:00,2021-08-31,112.0,110.2740715640315,112.0
2021-08-31 23:00:00,2021-08-31,103.0,110.04922239963898,103.0
2021-08-31 23:15:00,2021-08-31,128.0,109.66429177382324,128.0
2021-08-31 23:30:00,2021-08-31,118.0,107.52885739716548,118.0
2021-08-31 23:45:00,2021-08-31,100.0,83.28166854985592,100.0
2021-09-01 00:00:00,2021-09-01,83.0,74.22739287537055,83.0
2021-09-01 00:15:00,2021-09-01,74.0,74.22739287537055,74.0
2021-09-01 00:30:00,2021-09-01,69.0,72.82942396575423,69.0
2021-09-01 00:45:00,2021-09-01,68.0,65.60290949496061,68.0
2021-09-01 01:00:00,2021-09-01,98.0,86.60669231336495,98.0
2021-09-01 01:15:00,2021-09-01,107.0,105.41474432801756,107.0
2021-09-01 01:30:00,2021-09-01,117.0,103.6285507131022,117.0
2021-09-01 01:45:00,2021-09-01,114.0,107.3627140782093,114.0
2021-09-01 02:00:00,2021-09-01,121.0,109.62551264413742,121.0
2021-09-01 02:15:00,2021-09-01,118.0,105.8938351490301,118.0
2021-09-01 02:30:00,2021-09-01,111.0,105.12209021608436,111.0
2021-09-01 02:45:00,2021-09-01,105.0,105.5334299251273,105.0
2021-09-01 03:00:00,2021-09-01,90.0,87.05033585138827,90.0
2021-09-01 03:15:00,2021-09-01,103.0,95.42989364936084,103.0
2021-09-01 03:30:00,2021-09-01,103.0,99.78407303890975,103.0
2021-09-01 03:45:00,2021-09-01,99.0,104.23920190250954,99.0
2021-09-01 04:00:00,2021-09-01,114.0,101.52677650091336,114.0
2021-09-01 04:15:00,2021-09-01,119.0,102.73529711744696,119.0
2021-09-01 04:30:00,2021-09-01,114.0,105.02373453007176,114.0
2021-09-01 04:45:00,2021-09-01,114.0,101.6343400366262,114.0
2021-09-01 05:00:00,2021-09-01,84.0,86.00619325365713,84.0
2021-09-01 05:15:00,2021-09-01,74.0,76.29449401869378,74.0
2021-09-01 05:30:00,2021-09-01,97.0,85.8537536477776,97.0
2021-09-01 05:45:00,2021-09-01,112.0,104.20280255536204,112.0
2021-09-01 06:00:00,2021-09-01,112.0,104.19704430487272,112.0
2021-09-01 06:15:00,2021-09-01,115.0,101.462843622256,115.0
2021-09-01 06:30:00,2021-09-01,119.0,105.36893614416456,119.0
2021-09-01 06:45:00,2021-09-01,116.0,106.08185076983168,116.0
2021-09-01 07:00:00,2021-09-01,106.0,108.02691694171487,106.0
2021-09-01 07:15:00,2021-09-01,114.0,116.4450869000084,134.35448627034825
2021-09-01 07:30:00,2021-09-01,139.0,153.2505555078795,139.0
2021-09-01 07:45:00,2021-09-01,135.0,132.71901820472164,174.10000000000002
2021-09-01 08:00:00,2021-09-01,148.0,154.3956533739086,163.04551229417532
2021-09-01 08:15:00,2021-09-01,182.0,181.4435962055365,170.76246123887785
2021-09-01 08:30:00,2021-09-01,193.0,185.89571987176475,176.6062995630667
2021-09-01 08:45:00,2021-09-01,198.0,184.82853016248336,182.01716593180808
2021-09-01 09:00:00,2021-09-01,172.0,179.73131565779067,163.52972042241333
2021-09-01 09:15:00,2021-09-01,182.0,178.32719071892032,173.6249928396382
2021-09-01 09:30:00,2021-09-01,189.0,181.0606379719517,177.58086973581615
2021-09-01 09:45:00,2021-09-01,183.0,183.5987100191459,169.56643323860843
2021-09-01 10:00:00,2021-09-01,156.0,148.00745675992516,178.74296771671573
2021-09-01 10:15:00,2021-09-01,193.0,181.5414073226856,180.85896118180654
2021-09-01 10:30:00,2021-09-01,196.0,185.20797532701044,180.03411495322206
2021-09-01 10:45:00,2021-09-01,195.0,184.41416031492437,179.8865806733878
2021-09-01 11:00:00,2021-09-01,179.0,181.70389265483635,168.06584017023542
2021-09-01 11:15:00,2021-09-01,176.0,178.26254102654804,168.6962017928521
2021-09-01 11:30:00,2021-09-01,180.0,182.47309581982623,168.23893121027305
2021-09-01 11:45:00,2021-09-01,160.0,180.83948874278556,151.78846076675498
2021-09-01 12:00:00,2021-09-01,115.0,116.3171101143562,150.5
2021-09-01 12:15:00,2021-09-01,105.0,92.63598582676826,123.0
2021-09-01 12:30:00,2021-09-01,109.0,97.33875825230432,152.81704115058196
2021-09-01 12:45:00,2021-09-01,138.0,121.13884785803272,168.03412340618644
2021-09-01 13:00:00,2021-09-01,172.0,177.33692910375365,165.5402236452258
2021-09-01 13:15:00,2021-09-01,184.0,181.0449514581796,173.3432066292998
2021-09-01 13:30:00,2021-09-01,182.0,179.40390765174172,172.58295884941805
2021-09-01 13:45:00,2021-09-01,190.0,181.0093341223606,178.2389451842933
2021-09-01 14:00:00,2021-09-01,186.0,176.5770721772571,179.19960726160488
2021-09-01 14:15:00,2021-09-01,192.0,178.05304706747245,183.44684173821364
2021-09-01 14:30:00,2021-09-01,178.0,180.81164277820355,167.47578846428422
2021-09-01 14:45:00,2021-09-01,180.0,180.8274968354685,169.34269046817556
2021-09-01 15:00:00,2021-09-01,159.0,148.77021689818832,180.28411340337593
2021-09-01 15:15:00,2021-09-01,175.0,174.57929042797534,170.5311597063238
2021-09-01 15:30:00,2021-09-01,176.0,179.93456278243326,166.40121601909198
2021-09-01 15:45:00,2021-09-01,182.0,179.90439986440578,172.10283481127468
2021-09-01 16:00:00,2021-09-01,165.0,171.95930463643472,163.23627838591696
2021-09-01 16:15:00,2021-09-01,187.0,169.9582859601376,187.16330009301663
2021-09-01 16:30:00,2021-09-01,185.0,149.12041690124744,200.2236362044441
2021-09-01 16:45:00,2021-09-01,165.0,164.1546595227503,171.03603457927227
2021-09-01 17:00:00,2021-09-01,113.0,117.10228132503843,113.0
2021-09-01 17:15:00,2021-09-01,105.0,113.22774996132752,105.0
2021-09-01 17:30:00,2021-09-01,159.0,155.38357609672985,159.0
2021-09-01 17:45:00,2021-09-01,180.0,166.0247059944478,180.0
2021-09-01 18:00:00,2021-09-01,167.0,163.48382760377456,167.0
2021-09-01 18:15:00,2021-09-01,161.0,162.04403073914563,161.0
2021-09-01 18:30:00,2021-09-01,158.0,161.7839495025351,158.0
2021-09-01 18:45:00,2021-09-01,167.0,156.02168923374586,167.0
2021-09-01 19:00:00,2021-09-01,163.0,150.54246017276216,163.0
2021-09-01 19:15:00,2021-09-01,154.0,149.31914532987852,154.0
2021-09-01 19:30:00,2021-09-01,157.0,134.1320170367184,157.0
2021-09-01 19:45:00,2021-09-01,133.0,119.24513391407848,133.0
2021-09-01 20:00:00,2021-09-01,117.0,112.68451005499574,117.0
2021-09-01 20:15:00,2021-09-01,130.0,117.6328535489897,130.0
2021-09-01 20:30:00,2021-09-01,130.0,118.98998674712055,130.0
2021-09-01 20:45:00,2021-09-01,139.0,122.44161156191709,139.0
2021-09-01 21:00:00,2021-09-01,133.0,119.6256996573926,133.0
2021-09-01 21:15:00,2021-09-01,133.0,119.4289216384866,133.0
2021-09-01 21:30:00,2021-09-01,132.0,119.28908096201891,132.0
2021-09-01 21:45:00,2021-09-01,126.0,118.0306771951078,126.0
2021-09-01 22:00:00,2021-09-01,108.0,108.62694405954127,108.0
2021-09-01 22:15:00,2021-09-01,128.0,113.24944193923086,128.0
2021-09-01 22:30:00,2021-09-01,119.0,113.04208508051444,119.0
2021-09-01 22:45:00,2021-09-01,122.0,112.9806192112077,122.0
2021-09-01 23:00:00,2021-09-01,119.0,113.42743687658148,119.0
2021-09-01 23:15:00,2021-09-01,121.0,111.64213198240064,121.0
2021-09-01 23:30:00,2021-09-01,111.0,108.61370252459228,111.0
2021-09-01 23:45:00,2021-09-01,103.0,87.3515914642429,103.0
2021-09-02 00:00:00,2021-09-02,87.0,74.61713066894183,87.0
2021-09-02 00:15:00,2021-09-02,79.0,74.44137427038376,79.0
2021-09-02 00:30:00,2021-09-02,75.0,74.33116902180483,75.0
2021-09-02 00:45:00,2021-09-02,74.0,70.62519161807968,74.0
2021-09-02 01:00:00,2021-09-02,102.0,95.22639190493892,102.0
2021-09-02 01:15:00,2021-09-02,110.0,110.76745954846793,110.0
2021-09-02 01:30:00,2021-09-02,119.0,114.42727752148598,119.0
2021-09-02 01:45:00,2021-09-02,116.0,112.53099606146677,116.0
2021-09-02 02:00:00,2021-09-02,119.0,114.10480413836534,119.0
2021-09-02 02:15:00,2021-09-02,118.0,116.04228196591812,118.0
2021-09-02 02:30:00,2021-09-02,109.0,112.62686667166628,109.0
2021-09-02 02:45:00,2021-09-02,109.0,115.77109511600148,109.0
2021-09-02 03:00:00,2021-09-02,87.0,99.88671545167296,87.0
2021-09-02 03:15:00,2021-09-02,107.0,110.90246504034536,107.0
2021-09-02 03:30:00,2021-09-02,112.0,111.91658153991524,112.0
2021-09-02 03:45:00,2021-09-02,118.0,112.13705390966852,118.0
2021-09-02 04:00:00,2021-09-02,120.0,113.03822862698613,120.0
2021-09-02 04:15:00,2021-09-02,113.0,116.52544333641173,113.0
2021-09-02 04:30:00,2021-09-02,112.0,112.74855946227416,112.0
2021-09-02 04:45:00,2021-09-02,111.0,108.34279153910126,111.0
2021-09-02 05:00:00,2021-09-02,91.0,87.52177840775673,91.0
2021-09-02 05:15:00,2021-09-02,73.0,82.74056714820857,73.0
2021-09-02 05:30:00,2021-09-02,101.0,103.91198409884883,101.0
2021-09-02 05:45:00,2021-09-02,108.0,114.00912959859056,108.0
2021-09-02 06:00:00,2021-09-02,113.0,114.19696522900158,113.0
2021-09-02 06:15:00,2021-09-02,114.0,113.5971558464696,114.0
2021-09-02 06:30:00,2021-09-02,114.0,112.3462497972051,114.0
2021-09-02 06:45:00,2021-09-02,117.0,113.3832763417479,117.0
2021-09-02 07:00:00,2021-09-02,128.0,110.26321148955708,128.0
2021-09-02 07:15:00,2021-09-02,126.0,126.36389093897998,143.1
2021-09-02 07:30:00,2021-09-02,160.0,152.47214622117266,179.31905773408718
2021-09-02 07:45:00,2021-09-02,151.0,152.87971962616476,179.36236590921183
2021-09-02 08:00:00,2021-09-02,152.0,182.08069639411625,155.91857500560735
2021-09-02 08:15:00,2021-09-02,171.0,198.18337887821028,159.63775727273912
2021-09-02 08:30:00,2021-09-02,170.0,197.14092759629247,160.23576987905355
2021-09-02 08:45:00,2021-09-02,171.0,193.000671948042,165.3206823472661
2021-09-02 09:00:00,2021-09-02,175.0,194.28701006356735,167.7958091029821
2021-09-02 09:15:00,2021-09-02,163.0,195.31216862344743,154.59433843889153
2021-09-02 09:30:00,2021-09-02,198.0,200.11284029774217,183.28440626287752
2021-09-02 09:45:00,2021-09-02,198.0,199.65578988642483,183.7039794358777
2021-09-02 10:00:00,2021-09-02,163.0,173.17267426894765,174.12757211004637
2021-09-02 10:15:00,2021-09-02,188.0,195.83641686580728,177.8278090415526
2021-09-02 10:30:00,2021-09-02,176.0,196.62581102032965,165.8087417888275
2021-09-02 10:45:00,2021-09-02,188.0,201.03693569434395,173.22767491215026
2021-09-02 11:00:00,2021-09-02,171.0,201.4494696979779,157.67820775491322
2021-09-02 11:15:00,2021-09-02,187.0,199.4532838407444,173.80288517931353
2021-09-02 11:30:00,2021-09-02,182.0,194.76930950510535,172.98273206015423
2021-09-02 11:45:00,2021-09-02,188.0,195.99442455396124,177.4716357644483
2021-09-02 12:00:00,2021-09-02,130.0,118.66248316115548,165.8
2021-09-02 12:15:00,2021-09-02,99.0,104.63452384431524,117.8
2021-09-02 12:30:00,2021-09-02,94.0,98.9356966051589,112.2
2021-09-02 12:45:00,2021-09-02,124.0,131.51226152342724,165.00897258408114
2021-09-02 13:00:00,2021-09-02,168.0,189.06058095758752,164.60520976218683
2021-09-02 13:15:00,2021-09-02,168.0,191.1111304752418,162.9965988317142
2021-09-02 13:30:00,2021-09-02,175.0,196.62538591738627,165.4939718312263
2021-09-02 13:45:00,2021-09-02,183.0,196.23717555997075,173.14447621881894
2021-09-02 14:00:00,2021-09-02,195.0,191.27213256176444,188.85052402790012
2021-09-02 14:15:00,2021-09-02,195.0,189.8048471547323,190.3104320448467
2021-09-02 14:30:00,2021-09-02,188.0,191.65797711466823,181.70472977996062
2021-09-02 14:45:00,2021-09-02,190.0,192.76397373427787,182.58412448926956
2021-09-02 15:00:00,2021-09-02,154.0,173.91246335222675,165.30096042999557
2021-09-02 15:15:00,2021-09-02,174.0,190.89756773026167,168.84341836393205
2021-09-02 15:30:00,2021-09-02,177.0,195.27814664031823,167.90162703999485
2021-09-02 15:45:00,2021-09-02,176.0,193.89573027886385,168.1433535519298
2021-09-02 16:00:00,2021-09-02,181.0,184.5728374820525,181.60830618452178
2021-09-02 16:15:00,2021-09-02,176.0,182.1634843199311,178.53582927643743
2021-09-02 16:30:00,2021-09-02,171.0,178.67935880672707,176.90960446329882
2021-09-02 16:45:00,2021-09-02,169.0,171.92835348784516,181.35545100868762
2021-09-02 17:00:00,2021-09-02,131.0,120.63946877478476,131.70241011119765
2021-09-02 17:15:00,2021-09-02,105.0,110.27984931864532,105.0
2021-09-02 17:30:00,2021-09-02,140.0,144.10122965195572,140.0
2021-09-02 17:45:00,2021-09-02,153.0,171.28689369473355,153.0
2021-09-02 18:00:00,2021-09-02,148.0,176.642037525027,148.0
2021-09-02 18:15:00,2021-09-02,153.0,163.43569698990947,153.0
2021-09-02 18:30:00,2021-09-02,167.0,174.10712738481556,167.0
2021-09-02 18:45:00,2021-09-02,167.0,169.4102926287385,167.0
2021-09-02 19:00:00,2021-09-02,173.0,168.89151719404094,173.0
2021-09-02 19:15:00,2021-09-02,148.0,165.31263200459114,148.0
2021-09-02 19:30:00,2021-09-02,173.0,169.5048973953654,173.0
2021-09-02 19:45:00,2021-09-02,149.0,142.74667043053793,149.0
2021-09-02 20:00:00,2021-09-02,122.0,132.2889241666618,122.0
2021-09-02 20:15:00,2021-09-02,132.0,134.73795977963562,132.0
2021-09-02 20:30:00,2021-09-02,143.0,130.89361366045932,143.0
2021-09-02 20:45:00,2021-09-02,131.0,127.5123943318289,131.0
2021-09-02 21:00:00,2021-09-02,138.0,127.57953369064136,138.0
2021-09-02 21:15:00,2021-09-02,130.0,127.77672507542236,130.0
2021-09-02 21:30:00,2021-09-02,126.0,131.172871340578,126.0
2021-09-02 21:45:00,2021-09-02,130.0,123.54618060898376,130.0
2021-09-02 22:00:00,2021-09-02,103.0,112.3637553103412,103.0
2021-09-02 22:15:00,2021-09-02,117.0,120.14180602664148,117.0
2021-09-02 22:30:00,2021-09-02,107.0,115.83305207594104,107.0
2021-09-02 22:45:00,2021-09-02,129.0,112.40661701729886,129.0
2021-09-02 23:00:00,2021-09-02,127.0,111.5050968229778,127.0
2021-09-02 23:15:00,2021-09-02,129.0,118.44629302357814,129.0
2021-09-02 23:30:00,2021-09-02,123.0,113.09919981050194,123.0
2021-09-02 23:45:00,2021-09-02,98.0,99.16460161374592,98.0
2021-09-03 00:00:00,2021-09-03,71.0,75.84799046940422,71.0
2021-09-03 00:15:00,2021-09-03,69.0,71.98767554149329,69.0
2021-09-03 00:30:00,2021-09-03,67.0,66.07643918497476,67.0
2021-09-03 00:45:00,2021-09-03,68.0,66.0907042339791,68.0
2021-09-03 01:00:00,2021-09-03,97.0,88.93312228252954,97.0
2021-09-03 01:15:00,2021-09-03,106.0,111.7649647419655,106.0
2021-09-03 01:30:00,2021-09-03,115.0,115.94805970795828,115.0
2021-09-03 01:45:00,2021-09-03,119.0,111.83173222902724,119.0
2021-09-03 02:00:00,2021-09-03,117.0,113.07713908169517,117.0
2021-09-03 02:15:00,2021-09-03,116.0,117.79951856484344,116.0
2021-09-03 02:30:00,2021-09-03,111.0,113.70718375466,111.0
2021-09-03 02:45:00,2021-09-03,104.0,113.2577758717388,104.0
2021-09-03 03:00:00,2021-09-03,100.0,96.27848501623534,100.0
2021-09-03 03:15:00,2021-09-03,111.0,106.91196717702552,111.0
2021-09-03 03:30:00,2021-09-03,113.0,111.70689632204902,113.0
2021-09-03 03:45:00,2021-09-03,114.0,111.07697603734655,114.0
2021-09-03 04:00:00,2021-09-03,111.0,112.95193753212236,111.0
2021-09-03 04:15:00,2021-09-03,101.0,114.35999684733444,101.0
2021-09-03 04:30:00,2021-09-03,113.0,106.55453200070156,113.0
2021-09-03 04:45:00,2021-09-03,103.0,108.88186234894052,103.0
2021-09-03 05:00:00,2021-09-03,84.0,79.66199044325373,84.0
2021-09-03 05:15:00,2021-09-03,73.0,75.08616588293394,73.0
2021-09-03 05:30:00,2021-09-03,105.0,93.96570091686836,105.0
2021-09-03 05:45:00,2021-09-03,111.0,111.99214731667922,111.0
2021-09-03 06:00:00,2021-09-03,114.0,110.72708763107876,114.0
2021-09-03 06:15:00,2021-09-03,112.0,108.05681584605831,112.0
2021-09-03 06:30:00,2021-09-03,101.0,109.25152866136436,101.0
2021-09-03 06:45:00,2021-09-03,102.0,114.6449267536732,102.0
2021-09-03 07:00:00,2021-09-03,119.0,112.67260286017022,119.0
2021-09-03 07:15:00,2021-09-03,125.0,121.8417011205453,132.21353132690075
2021-09-03 07:30:00,2021-09-03,147.0,142.17890788464626,163.9
2021-09-03 07:45:00,2021-09-03,144.0,137.42447392790086,183.58700348440527
2021-09-03 08:00:00,2021-09-03,153.0,176.05214650790185,158.99946381825845
2021-09-03 08:15:00,2021-09-03,169.0,198.8272023576162,154.77444508930603
2021-09-03 08:30:00,2021-09-03,179.0,199.1944930472507,163.4841768721108
2021-09-03 08:45:00,2021-09-03,177.0,200.5853959627056,160.65072083817313
2021-09-03 09:00:00,2021-09-03,172.0,188.2612642969312,166.2464773862303
2021-09-03 09:15:00,2021-09-03,169.0,192.45963072778065,159.8067089528269
2021-09-03 09:30:00,2021-09-03,166.0,193.84042575423936,155.85175042494427
2021-09-03 09:45:00,2021-09-03,178.0,192.8387866695353,167.9861834865281
2021-09-03 10:00:00,2021-09-03,148.0,161.5474125019667,165.62274545407084
2021-09-03 10:15:00,2021-09-03,167.0,190.73342808741796,159.3446945316852
2021-09-03 10:30:00,2021-09-03,166.0,193.58162731821344,156.06010795257046
2021-09-03 10:45:00,2021-09-03,169.0,195.4466472629472,157.36437858411796
2021-09-03 11:00:00,2021-09-03,187.0,195.27429940948008,173.68603527762383
2021-09-03 11:15:00,2021-09-03,186.0,197.08700779960628,171.43800514158926
2021-09-03 11:30:00,2021-09-03,184.0,194.5118156635184,171.54221885992368
2021-09-03 11:45:00,2021-09-03,190.0,192.2637659290974,178.74135251873474
2021-09-03 12:00:00,2021-09-03,122.0,116.50053755533476,140.7
2021-09-03 12:15:00,2021-09-03,96.0,99.91948570610876,121.43747406303521
2021-09-03 12:30:00,2021-09-03,92.0,97.07543954517564,119.94414709073047
2021-09-03 12:45:00,2021-09-03,122.0,132.2113023177372,161.52258209607112
2021-09-03 13:00:00,2021-09-03,155.0,190.38874717685775,148.16252593696478
2021-09-03 13:15:00,2021-09-03,170.0,193.449245654651,159.92996130246354
2021-09-03 13:30:00,2021-09-03,175.0,192.4880909609417,165.45585290926954
2021-09-03 13:45:00,2021-09-03,176.0,192.8011619907233,166.1530305213874
2021-09-03 14:00:00,2021-09-03,178.0,190.9526539651221,169.64546513558736
2021-09-03 14:15:00,2021-09-03,176.0,188.67132836744304,169.76756203833932
2021-09-03 14:30:00,2021-09-03,181.0,191.10186479570672,172.3699680898999
2021-09-03 14:45:00,2021-09-03,178.0,189.4839986138016,170.96035569110308
2021-09-03 15:00:00,2021-09-03,140.0,150.38041939135442,169.6510751251482
2021-09-03 15:15:00,2021-09-03,160.0,190.34712160285716,152.9754079798016
2021-09-03 15:30:00,2021-09-03,162.0,189.052595292515,155.94818413718687
2021-09-03 15:45:00,2021-09-03,152.0,188.27847357354145,146.92336638752343
2021-09-03 16:00:00,2021-09-03,165.0,178.2036191823101,168.18286670534695
2021-09-03 16:15:00,2021-09-03,156.0,174.6930144019722,162.17831575345681
2021-09-03 16:30:00,2021-09-03,159.0,175.614040320357,163.65330470576927
2021-09-03 16:45:00,2021-09-03,165.0,176.86385831252124,169.138554330915
2021-09-03 17:00:00,2021-09-03,143.0,123.1489524173451,143.0
2021-09-03 17:15:00,2021-09-03,117.0,115.76613806976674,117.0
2021-09-03 17:30:00,2021-09-03,156.0,175.11020816832803,156.0
2021-09-03 17:45:00,2021-09-03,170.0,177.95524973685238,170.0
2021-09-03 18:00:00,2021-09-03,158.0,167.12872773887824,158.0
2021-09-03 18:15:00,2021-09-03,155.0,162.41619295873144,155.0
2021-09-03 18:30:00,2021-09-03,153.0,159.59559472649113,153.0
2021-09-03 18:45:00,2021-09-03,148.0,158.56030766936055,148.0
2021-09-03 19:00:00,2021-09-03,156.0,150.84316855082344,156.0
2021-09-03 19:15:00,2021-09-03,145.0,143.64580158865675,145.0
2021-09-03 19:30:00,2021-09-03,151.0,144.3946358776343,151.0
2021-09-03 19:45:00,2021-09-03,119.0,122.1784569466144,119.0
2021-09-03 20:00:00,2021-09-03,114.0,114.09520526994716,114.0
2021-09-03 20:15:00,2021-09-03,118.0,122.74739446804575,118.0
2021-09-03 20:30:00,2021-09-03,115.0,121.6293381142474,115.0
2021-09-03 20:45:00,2021-09-03,114.0,122.06936058455852,114.0
2021-09-03 21:00:00,2021-09-03,112.0,122.06936058455852,112.0
2021-09-03 21:15:00,2021-09-03,111.0,125.09153169627837,111.0
2021-09-03 21:30:00,2021-09-03,113.0,123.42464430204056,113.0
2021-09-03 21:45:00,2021-09-03,104.0,109.37649099506748,104.0
2021-09-03 22:00:00,2021-09-03,87.0,83.09784747204769,87.0
2021-09-03 22:15:00,2021-09-03,102.0,103.22377502809036,102.0
2021-09-03 22:30:00,2021-09-03,112.0,114.03414905445403,112.0
2021-09-03 22:45:00,2021-09-03,119.0,114.10445248148434,119.0
2021-09-03 23:00:00,2021-09-03,112.0,112.58012231005526,112.0
2021-09-03 23:15:00,2021-09-03,105.0,114.00164404740164,105.0
2021-09-03 23:30:00,2021-09-03,100.0,110.73669561996228,100.0
2021-09-03 23:45:00,2021-09-03,87.0,79.41971576197174,87.0
2021-09-04 00:00:00,2021-09-04,69.0,72.37984577681969,69.0
2021-09-04 00:15:00,2021-09-04,64.0,71.628406129034,64.0
2021-09-04 00:30:00,2021-09-04,61.0,64.55584997026178,61.0
2021-09-04 00:45:00,2021-09-04,60.0,64.57011501926608,93.31700158531162
2021-09-04 01:00:00,2021-09-04,90.0,93.5335605248746,100.18299841468838
2021-09-04 01:15:00,2021-09-04,114.0,109.62430742734315,108.2668981131891
2021-09-04 01:30:00,2021-09-04,112.0,112.6499930439829,104.18870625330945
2021-09-04 01:45:00,2021-09-04,108.0,114.1286219055138,99.37021626937823
2021-09-04 02:00:00,2021-09-04,101.0,114.64678604302183,92.57944401852622
2021-09-04 02:15:00,2021-09-04,103.0,116.76216368147968,92.70000008821349
2021-09-04 02:30:00,2021-09-04,103.0,112.49078553907287,96.21990398327848
2021-09-04 02:45:00,2021-09-04,107.0,111.96262104015224,100.4281274300829
2021-09-04 03:00:00,2021-09-04,93.0,98.17541335360174,99.30458577701836
2021-09-04 03:15:00,2021-09-04,103.0,108.71258785228784,99.56393088792962
2021-09-04 03:30:00,2021-09-04,98.0,105.08858161597908,98.05038866353654
2021-09-04 03:45:00,2021-09-04,97.0,114.13617699724642,89.55863351574246
2021-09-04 04:00:00,2021-09-04,105.0,114.39094832364812,96.52195236369177
2021-09-04 04:15:00,2021-09-04,112.0,112.81968030043431,103.96116840168581
2021-09-04 04:30:00,2021-09-04,109.0,112.96352624199066,101.19461770959663
2021-09-04 04:45:00,2021-09-04,108.0,104.3106317052864,107.27665611809329
2021-09-04 05:00:00,2021-09-04,83.0,82.4469422518448,104.79286819938712
2021-09-04 05:15:00,2021-09-04,73.0,78.17200227885779,99.08724257713226
2021-09-04 05:30:00,2021-09-04,92.0,99.07540717878338,98.01514839145675
2021-09-04 05:45:00,2021-09-04,105.0,112.55021655574394,98.03645711276697
2021-09-04 06:00:00,2021-09-04,107.0,113.24070933824686,99.29464800189822
2021-09-04 06:15:00,2021-09-04,116.0,110.8200989771521,109.99782541666647
2021-09-04 06:30:00,2021-09-04,111.0,103.75547259968818,112.24122244903347
2021-09-04 06:45:00,2021-09-04,108.0,105.31450484084704,107.76561441171887
2021-09-04 07:00:00,2021-09-04,97.0,101.59479816377284,100.29875158753204
2021-09-04 07:15:00,2021-09-04,84.0,92.69705649325196,86.78499225913554
2021-09-04 07:30:00,2021-09-04,58.0,64.86356423440526,58.0
2021-09-04 07:45:00,2021-09-04,40.0,40.86970226716103,40.0
2021-09-04 08:00:00,2021-09-04,37.0,40.52341743128062,37.0
2021-09-04 08:15:00,2021-09-04,31.0,41.86434740642359,31.0
2021-09-04 08:30:00,2021-09-04,31.0,41.86434740642359,31.0
2021-09-04 08:45:00,2021-09-04,31.0,41.752812863343244,31.0
2021-09-04 09:00:00,2021-09-04,32.0,40.016242650347735,32.0
2021-09-04 09:15:00,2021-09-04,31.0,39.73967111418312,31.0
2021-09-04 09:30:00,2021-09-04,31.0,41.168267022479405,31.0
2021-09-04 09:45:00,2021-09-04,32.0,41.168267022479405,32.0
2021-09-04 10:00:00,2021-09-04,32.0,39.13394092424621,32.0
2021-09-04 10:15:00,2021-09-04,32.0,40.748406432702325,32.0
2021-09-04 10:30:00,2021-09-04,36.0,49.8421112296118,36.0
2021-09-04 10:45:00,2021-09-04,34.0,49.4319989122212,34.0
2021-09-04 11:00:00,2021-09-04,32.0,40.31719098165152,32.0
2021-09-04 11:15:00,2021-09-04,32.0,39.51383722139396,32.0
2021-09-04 11:30:00,2021-09-04,32.0,46.80277448233773,32.0
2021-09-04 11:45:00,2021-09-04,32.0,39.357991298371154,32.0
2021-09-04 12:00:00,2021-09-04,33.0,35.11345898417584,33.0
2021-09-04 12:15:00,2021-09-04,34.0,34.03724820319476,34.0
2021-09-04 12:30:00,2021-09-04,33.0,34.116175023334264,33.0
2021-09-04 12:45:00,2021-09-04,32.0,35.76965999704946,32.0
2021-09-04 13:00:00,2021-09-04,32.0,36.53209234557233,32.0
2021-09-04 13:15:00,2021-09-04,32.0,37.793630692007504,32.0
2021-09-04 13:30:00,2021-09-04,33.0,38.12338698816118,33.0
2021-09-04 13:45:00,2021-09-04,37.0,47.24761571942801,37.0
2021-09-04 14:00:00,2021-09-04,35.0,47.9865090927071,35.0
2021-09-04 14:15:00,2021-09-04,34.0,38.67731940752579,34.0
2021-09-04 14:30:00,2021-09-04,33.0,38.30925404925576,33.0
2021-09-04 14:45:00,2021-09-04,33.0,38.6412971247691,33.0
2021-09-04 15:00:00,2021-09-04,33.0,37.32626329280596,33.0
2021-09-04 15:15:00,2021-09-04,33.0,37.73395775373057,33.0
2021-09-04 15:30:00,2021-09-04,33.0,37.778450095809966,33.0
2021-09-04 15:45:00,2021-09-04,33.0,37.55952839556706,33.0
2021-09-04 16:00:00,2021-09-04,33.0,37.383535538939086,33.0
2021-09-04 16:15:00,2021-09-04,33.0,49.18944357837974,33.0
2021-09-04 16:30:00,2021-09-04,35.0,48.86853504964704,35.0
2021-09-04 16:45:00,2021-09-04,43.0,48.649613349404135,43.0
2021-09-04 17:00:00,2021-09-04,40.0,48.46705036949817,40.0
2021-09-04 17:15:00,2021-09-04,35.0,45.65225550567523,35.0
2021-09-04 17:30:00,2021-09-04,33.0,21.71320336508434,33.0
2021-09-04 17:45:00,2021-09-04,31.0,23.71538000414437,31.0
2021-09-04 18:00:00,2021-09-04,29.0,23.769998905571335,29.0
2021-09-04 18:15:00,2021-09-04,25.0,23.830444446936955,25.0
2021-09-04 18:30:00,2021-09-04,24.0,22.045754461008023,24.0
2021-09-04 18:45:00,2021-09-04,24.0,22.250277605327632,24.0
2021-09-04 19:00:00,2021-09-04,25.0,21.91621724946488,25.0
2021-09-04 19:15:00,2021-09-04,23.0,21.55336216175459,23.0
2021-09-04 19:30:00,2021-09-04,22.0,21.766060993834017,22.0
2021-09-04 19:45:00,2021-09-04,23.0,21.526484273935694,23.0
2021-09-04 20:00:00,2021-09-04,22.0,21.284600637238437,22.0
2021-09-04 20:15:00,2021-09-04,25.0,21.386548181348644,25.0
2021-09-04 20:30:00,2021-09-04,27.0,21.80200930491217,27.0
2021-09-04 20:45:00,2021-09-04,25.0,21.601386798284004,25.0
2021-09-04 21:00:00,2021-09-04,22.0,21.91427395688992,22.0
2021-09-04 21:15:00,2021-09-04,23.0,21.686015104485527,23.0
2021-09-04 21:30:00,2021-09-04,23.0,21.650275452885012,23.0
2021-09-04 21:45:00,2021-09-04,22.0,21.650275452885012,22.0
2021-09-04 22:00:00,2021-09-04,22.0,21.41203521722041,22.0
2021-09-04 22:15:00,2021-09-04,23.0,21.76215678294841,23.0
2021-09-04 22:30:00,2021-09-04,23.0,21.740753327193573,23.0
2021-09-04 22:45:00,2021-09-04,23.0,21.71809586206448,23.0
2021-09-04 23:00:00,2021-09-04,22.0,21.38750626819249,22.0
2021-09-04 23:15:00,2021-09-04,22.0,21.343592672357737,22.0
2021-09-04 23:30:00,2021-09-04,23.0,21.30439542058944,23.0
2021-09-04 23:45:00,2021-09-04,23.0,21.611722414757388,23.0
2021-09-05 00:00:00,2021-09-05,22.0,20.250176433693493,22.0
2021-09-05 00:15:00,2021-09-05,24.0,20.250176433693493,24.0
2021-09-05 00:30:00,2021-09-05,26.0,20.549293729024715,26.0
2021-09-05 00:45:00,2021-09-05,24.0,20.56355877802903,24.0
2021-09-05 01:00:00,2021-09-05,22.0,20.38751972327118,22.0
2021-09-05 01:15:00,2021-09-05,22.0,21.52676511628248,22.0
2021-09-05 01:30:00,2021-09-05,22.0,21.57430884305205,22.0
2021-09-05 01:45:00,2021-09-05,22.0,21.88646100286794,22.0
2021-09-05 02:00:00,2021-09-05,22.0,21.796011496760208,22.0
2021-09-05 02:15:00,2021-09-05,22.0,21.711752630789917,22.0
2021-09-05 02:30:00,2021-09-05,22.0,21.37524443481212,22.0
2021-09-05 02:45:00,2021-09-05,22.0,21.47220758833689,22.0
2021-09-05 03:00:00,2021-09-05,22.0,21.457186526962424,22.0
2021-09-05 03:15:00,2021-09-05,22.0,21.70378596267866,22.0
2021-09-05 03:30:00,2021-09-05,22.0,21.70378596267866,22.0
2021-09-05 03:45:00,2021-09-05,22.0,21.626141197355658,22.0
2021-09-05 04:00:00,2021-09-05,23.0,21.53785782717271,23.0
2021-09-05 04:15:00,2021-09-05,27.0,21.70084432188942,27.0
2021-09-05 04:30:00,2021-09-05,25.0,21.644203441914318,25.0
2021-09-05 04:45:00,2021-09-05,22.0,21.814398319879217,22.0
2021-09-05 05:00:00,2021-09-05,22.0,20.592461020290347,22.0
2021-09-05 05:15:00,2021-09-05,22.0,19.63421892716113,22.0
2021-09-05 05:30:00,2021-09-05,22.0,20.35040026214882,22.0
2021-09-05 05:45:00,2021-09-05,22.0,21.73512552466233,22.0
2021-09-05 06:00:00,2021-09-05,22.0,21.558894335477977,22.0
2021-09-05 06:15:00,2021-09-05,22.0,21.388556119432643,22.0
2021-09-05 06:30:00,2021-09-05,22.0,21.37178698024463,22.0
2021-09-05 06:45:00,2021-09-05,22.0,21.37178698024463,22.0
2021-09-05 07:00:00,2021-09-05,22.0,21.240281846943475,22.0
2021-09-05 07:15:00,2021-09-05,22.0,21.914188281948388,22.0
2021-09-05 07:30:00,2021-09-05,22.0,21.926314518616355,22.0
2021-09-05 07:45:00,2021-09-05,22.0,21.95681702302596,22.0
2021-09-05 08:00:00,2021-09-05,25.0,21.733910994456444,25.0
2021-09-05 08:15:00,2021-09-05,27.0,21.650086078821637,27.0
2021-09-05 08:30:00,2021-09-05,23.0,22.11916414955501,23.0
2021-09-05 08:45:00,2021-09-05,23.0,22.176325622128434,23.0
2021-09-05 09:00:00,2021-09-05,22.0,21.79099594197294,22.0
2021-09-05 09:15:00,2021-09-05,22.0,21.83505686285687,22.0
2021-09-05 09:30:00,2021-09-05,22.0,21.79099594197294,22.0
2021-09-05 09:45:00,2021-09-05,23.0,22.116907171787904,23.0
2021-09-05 10:00:00,2021-09-05,22.0,20.280437339276137,22.0
2021-09-05 10:15:00,2021-09-05,22.0,21.152959418349788,22.0
2021-09-05 10:30:00,2021-09-05,22.0,22.261337005368155,24.19999994668004
2021-09-05 10:45:00,2021-09-05,22.0,22.261337005368155,22.0
2021-09-05 11:00:00,2021-09-05,22.0,22.92370616929364,22.0
2021-09-05 11:15:00,2021-09-05,22.0,23.091537302986087,22.0
2021-09-05 11:30:00,2021-09-05,22.0,41.26034723894206,19.80000005331996
2021-09-05 11:45:00,2021-09-05,22.0,25.505287899036507,22.0
2021-09-05 12:00:00,2021-09-05,26.0,19.919758052242507,26.0
2021-09-05 12:15:00,2021-09-05,26.0,19.51507993767032,26.0
2021-09-05 12:30:00,2021-09-05,22.0,17.52254801368233,22.0
2021-09-05 12:45:00,2021-09-05,22.0,17.803749589430215,22.0
2021-09-05 13:00:00,2021-09-05,23.0,18.96100479447248,23.0
2021-09-05 13:15:00,2021-09-05,22.0,21.1361363816192,22.0
2021-09-05 13:30:00,2021-09-05,22.0,21.436637992779648,22.0
2021-09-05 13:45:00,2021-09-05,22.0,21.3256156077708,22.0
2021-09-05 14:00:00,2021-09-05,23.0,22.92354650607284,23.0
2021-09-05 14:15:00,2021-09-05,23.0,23.075681473025,23.0
2021-09-05 14:30:00,2021-09-05,23.0,23.075681473025,23.0
2021-09-05 14:45:00,2021-09-05,23.0,23.075681473025,23.0
2021-09-05 15:00:00,2021-09-05,23.0,22.47137227474745,23.0
2021-09-05 15:15:00,2021-09-05,23.0,22.457287845382076,23.0
2021-09-05 15:30:00,2021-09-05,23.0,22.517999385486792,23.0
2021-09-05 15:45:00,2021-09-05,28.0,22.521323637950847,28.0
2021-09-05 16:00:00,2021-09-05,25.0,22.517999385486792,25.0
2021-09-05 16:15:00,2021-09-05,23.0,22.477747837564934,23.0
2021-09-05 16:30:00,2021-09-05,23.0,22.60080058308889,23.0
2021-09-05 16:45:00,2021-09-05,22.0,23.315119530831826,22.0
2021-09-05 17:00:00,2021-09-05,22.0,23.631698239335265,22.0
2021-09-05 17:15:00,2021-09-05,23.0,23.600719382081657,23.0
2021-09-05 17:30:00,2021-09-05,22.0,23.50222359625425,22.0
2021-09-05 17:45:00,2021-09-05,23.0,23.967158086764364,23.0
2021-09-05 18:00:00,2021-09-05,22.0,23.901482638176024,22.0
2021-09-05 18:15:00,2021-09-05,22.0,23.901482638176024,22.0
2021-09-05 18:30:00,2021-09-05,22.0,23.147371519705302,22.0
2021-09-05 18:45:00,2021-09-05,22.0,23.051588098607898,22.0
2021-09-05 19:00:00,2021-09-05,23.0,22.506803032896823,23.0
2021-09-05 19:15:00,2021-09-05,24.0,22.4667765899212,24.0
2021-09-05 19:30:00,2021-09-05,27.0,22.510902327381835,27.0
2021-09-05 19:45:00,2021-09-05,23.0,22.483369922461023,23.0
2021-09-05 20:00:00,2021-09-05,23.0,22.60261329502291,23.0
2021-09-05 20:15:00,2021-09-05,23.0,22.64667421590684,23.0
2021-09-05 20:30:00,2021-09-05,23.0,22.52362147038288,23.0
2021-09-05 20:45:00,2021-09-05,23.0,22.52362147038288,23.0
2021-09-05 21:00:00,2021-09-05,22.0,22.52362147038288,22.0
2021-09-05 21:15:00,2021-09-05,23.0,22.53724625467575,23.0
2021-09-05 21:30:00,2021-09-05,23.0,22.50150660307524,23.0
2021-09-05 21:45:00,2021-09-05,22.0,22.523818501482317,22.0
2021-09-05 22:00:00,2021-09-05,23.0,22.15757912290126,23.0
2021-09-05 22:15:00,2021-09-05,22.0,23.32408039579711,22.0
2021-09-05 22:30:00,2021-09-05,23.0,23.383241249775168,23.0
2021-09-05 22:45:00,2021-09-05,27.0,22.608789896101893,27.0
2021-09-05 23:00:00,2021-09-05,24.0,20.91696236692031,24.0
2021-09-05 23:15:00,2021-09-05,23.0,20.732662780668736,23.0
2021-09-05 23:30:00,2021-09-05,23.0,21.530677802967443,23.0
2021-09-05 23:45:00,2021-09-05,22.0,20.93651668343928,22.0
2021-09-06 00:00:00,2021-09-06,21.0,22.461605966111552,21.0
2021-09-06 00:15:00,2021-09-06,22.0,21.774428875136085,22.0
2021-09-06 00:30:00,2021-09-06,22.0,22.07930922279565,22.0
2021-09-06 00:45:00,2021-09-06,22.0,21.742815397775416,22.0
2021-09-06 01:00:00,2021-09-06,22.0,22.175424805286617,22.0
2021-09-06 01:15:00,2021-09-06,22.0,22.763595738724337,22.0
2021-09-06 01:30:00,2021-09-06,22.0,22.904726100265417,22.0
2021-09-06 01:45:00,2021-09-06,22.0,24.48349734735735,22.0
2021-09-06 02:00:00,2021-09-06,22.0,24.429458223699903,22.0
2021-09-06 02:15:00,2021-09-06,27.0,22.544292770714414,27.0
2021-09-06 02:30:00,2021-09-06,25.0,22.55196058460167,25.0
2021-09-06 02:45:00,2021-09-06,22.0,22.546086953670923,22.0
2021-09-06 03:00:00,2021-09-06,22.0,22.384290271819864,22.0
2021-09-06 03:15:00,2021-09-06,22.0,23.197994019243243,22.0
2021-09-06 03:30:00,2021-09-06,22.0,21.35068823722425,22.0
2021-09-06 03:45:00,2021-09-06,22.0,21.2796847153156,22.0
2021-09-06 04:00:00,2021-09-06,22.0,21.282823045350348,22.0
2021-09-06 04:15:00,2021-09-06,22.0,21.078885448007934,22.0
2021-09-06 04:30:00,2021-09-06,22.0,22.852300726422943,22.0
2021-09-06 04:45:00,2021-09-06,22.0,22.797144323514985,22.0
2021-09-06 05:00:00,2021-09-06,22.0,22.098301946488974,22.0
2021-09-06 05:15:00,2021-09-06,22.0,19.770983291401983,22.0
2021-09-06 05:30:00,2021-09-06,22.0,20.38306087095944,22.0
2021-09-06 05:45:00,2021-09-06,24.0,24.67090425578127,24.0
2021-09-06 06:00:00,2021-09-06,26.0,25.08063596608109,26.0
2021-09-06 06:15:00,2021-09-06,23.0,24.58793986966085,23.0
2021-09-06 06:30:00,2021-09-06,22.0,24.482412491618,22.0
2021-09-06 06:45:00,2021-09-06,24.0,22.767171416088463,24.0
2021-09-06 07:00:00,2021-09-06,29.0,29.65022672241426,29.0
2021-09-06 07:15:00,2021-09-06,38.0,36.40721254318223,54.999998558963355
2021-09-06 07:30:00,2021-09-06,61.0,68.03953342652153,79.0
2021-09-06 07:45:00,2021-09-06,81.0,93.10761463897916,89.6448506459681
2021-09-06 08:00:00,2021-09-06,157.0,141.67026444411948,182.4551493540319
2021-09-06 08:15:00,2021-09-06,170.0,176.955922527704,161.29178872072043
2021-09-06 08:30:00,2021-09-06,180.0,182.01689256394383,166.36474306602176
2021-09-06 08:45:00,2021-09-06,176.0,184.93616650815773,160.67659268388914
2021-09-06 09:00:00,2021-09-06,165.0,179.3778179801234,155.4765056615661
2021-09-06 09:15:00,2021-09-06,148.0,174.1623728853553,143.57829910433404
2021-09-06 09:30:00,2021-09-06,151.0,179.98869205584825,141.79613065433017
2021-09-06 09:45:00,2021-09-06,165.0,179.2221673138785,155.6054747745045
2021-09-06 10:00:00,2021-09-06,144.0,162.01574464931235,151.2132432647576
2021-09-06 10:15:00,2021-09-06,190.0,180.4475621446921,177.9652608708916
2021-09-06 10:30:00,2021-09-06,175.0,181.7244719894783,162.76359989064227
2021-09-06 10:45:00,2021-09-06,174.0,177.78783187337686,165.41689640917093
2021-09-06 11:00:00,2021-09-06,176.0,177.5450110961551,167.79262871255654
2021-09-06 11:15:00,2021-09-06,180.0,180.50808775758892,168.36564363182993
2021-09-06 11:30:00,2021-09-06,175.0,181.5779386507337,162.890599851625
2021-09-06 11:45:00,2021-09-06,172.0,181.43702619442075,160.4025941441966
2021-09-06 12:00:00,2021-09-06,119.0,122.71732998700662,149.7964362369107
2021-09-06 12:15:00,2021-09-06,98.0,109.34890682454368,150.7
2021-09-06 12:30:00,2021-09-06,93.0,103.518632564881,101.62537227643058
2021-09-06 12:45:00,2021-09-06,124.0,130.16604700543746,159.2427293333349
2021-09-06 13:00:00,2021-09-06,150.0,176.99526053003095,143.6402827390714
2021-09-06 13:15:00,2021-09-06,163.0,178.3641240777277,154.4723856590098
2021-09-06 13:30:00,2021-09-06,164.0,177.81374613150652,155.70461759982553
2021-09-06 13:45:00,2021-09-06,161.0,179.8270754450556,151.2369021725775
2021-09-06 14:00:00,2021-09-06,159.0,176.61188011715353,152.1632810240179
2021-09-06 14:15:00,2021-09-06,163.0,177.51318200541655,155.1992610402461
2021-09-06 14:30:00,2021-09-06,156.0,177.79190330122137,148.3014075028066
2021-09-06 14:45:00,2021-09-06,161.0,179.10100748974736,151.93593431266834
2021-09-06 15:00:00,2021-09-06,134.0,160.91785469505453,141.28139010310062
2021-09-06 15:15:00,2021-09-06,158.0,169.80368893692986,157.26881690386224
2021-09-06 15:30:00,2021-09-06,171.0,177.40888774599955,162.9121183878716
2021-09-06 15:45:00,2021-09-06,168.0,179.48787882169583,158.20012061913144
2021-09-06 16:00:00,2021-09-06,152.0,170.00512726581016,151.117312693215
2021-09-06 16:15:00,2021-09-06,143.0,170.4188870051342,142.9431225929478
2021-09-06 16:30:00,2021-09-06,145.0,169.1992532557202,144.84456837092665
2021-09-06 16:45:00,2021-09-06,144.0,163.38330017451207,149.53812236810904
2021-09-06 17:00:00,2021-09-06,115.0,124.39962905057114,124.75862942210335
2021-09-06 17:15:00,2021-09-06,102.0,118.52553733254926,102.0
2021-09-06 17:30:00,2021-09-06,148.0,155.3432505246971,152.4171886418329
2021-09-06 17:45:00,2021-09-06,147.0,170.55734063482674,145.673170541233
2021-09-06 18:00:00,2021-09-06,153.0,170.58829015860337,151.59150627430824
2021-09-06 18:15:00,2021-09-06,154.0,168.04775999145235,154.0
2021-09-06 18:30:00,2021-09-06,150.0,158.52879245227524,150.0
2021-09-06 18:45:00,2021-09-06,152.0,151.17726915445755,153.326829458767
2021-09-06 19:00:00,2021-09-06,145.0,156.23772450464963,146.40849372569176
2021-09-06 19:15:00,2021-09-06,136.0,145.85832319564267,136.0
2021-09-06 19:30:00,2021-09-06,137.0,130.97447690923448,137.0
2021-09-06 19:45:00,2021-09-06,121.0,124.7275703364663,121.0
2021-09-06 20:00:00,2021-09-06,121.0,116.32293787308798,121.0
2021-09-06 20:15:00,2021-09-06,128.0,125.76826259838464,128.0
2021-09-06 20:30:00,2021-09-06,117.0,126.14196473657545,117.0
2021-09-06 20:45:00,2021-09-06,116.0,126.14196473657545,116.0
2021-09-06 21:00:00,2021-09-06,133.0,125.88226985700464,133.0
2021-09-06 21:15:00,2021-09-06,123.0,126.56138784683192,123.0
2021-09-06 21:30:00,2021-09-06,114.0,121.75675827729364,114.0
2021-09-06 21:45:00,2021-09-06,121.0,121.5615389894705,121.0
2021-09-06 22:00:00,2021-09-06,105.0,109.63283214187892,105.0
2021-09-06 22:15:00,2021-09-06,114.0,116.81290675996748,114.0
2021-09-06 22:30:00,2021-09-06,108.0,120.00382584594342,108.0
2021-09-06 22:45:00,2021-09-06,112.0,117.7204800231212,112.0
2021-09-06 23:00:00,2021-09-06,108.0,116.3834041326856,108.0
2021-09-06 23:15:00,2021-09-06,118.0,109.83433493939027,118.0
2021-09-06 23:30:00,2021-09-06,109.0,110.13325129696956,109.0
2021-09-06 23:45:00,2021-09-06,79.0,81.13399663922648,79.0
2021-09-07 00:00:00,2021-09-07,74.0,71.49973033151353,74.0
2021-09-07 00:15:00,2021-09-07,71.0,71.49973033151353,71.0
2021-09-07 00:30:00,2021-09-07,70.0,68.47927041813914,70.0
2021-09-07 00:45:00,2021-09-07,71.0,68.45366240697814,71.0
2021-09-07 01:00:00,2021-09-07,93.0,95.1184596419856,93.0
2021-09-07 01:15:00,2021-09-07,106.0,108.72488251295636,106.0
2021-09-07 01:30:00,2021-09-07,116.0,110.68531951865384,116.0
2021-09-07 01:45:00,2021-09-07,121.0,110.43461728237516,121.0
2021-09-07 02:00:00,2021-09-07,118.0,110.9085474524716,118.0
2021-09-07 02:15:00,2021-09-07,107.0,110.40740508273402,107.0
2021-09-07 02:30:00,2021-09-07,108.0,108.74765633189232,108.0
2021-09-07 02:45:00,2021-09-07,112.0,108.74765633189232,112.0
2021-09-07 03:00:00,2021-09-07,100.0,94.86691135549935,100.0
2021-09-07 03:15:00,2021-09-07,123.0,104.22497228959575,123.0
2021-09-07 03:30:00,2021-09-07,112.0,108.04295443287674,112.0
2021-09-07 03:45:00,2021-09-07,102.0,107.02236768931272,102.0
2021-09-07 04:00:00,2021-09-07,97.0,108.81804844368752,97.0
2021-09-07 04:15:00,2021-09-07,98.0,109.11989989783844,98.0
2021-09-07 04:30:00,2021-09-07,119.0,107.57618114763294,119.0
2021-09-07 04:45:00,2021-09-07,120.0,105.28085504187364,120.0
2021-09-07 05:00:00,2021-09-07,83.0,80.18491666127954,83.0
2021-09-07 05:15:00,2021-09-07,80.0,77.52801871057557,80.0
2021-09-07 05:30:00,2021-09-07,103.0,95.8987971389804,103.0
2021-09-07 05:45:00,2021-09-07,116.0,108.49029160347786,116.0
2021-09-07 06:00:00,2021-09-07,107.0,110.11019432721125,107.0
2021-09-07 06:15:00,2021-09-07,108.0,108.47906128205244,108.0
2021-09-07 06:30:00,2021-09-07,119.0,105.86419648791843,119.0
2021-09-07 06:45:00,2021-09-07,124.0,108.40774281605098,124.0
2021-09-07 07:00:00,2021-09-07,121.0,105.97938824128047,134.59528925358853
2021-09-07 07:15:00,2021-09-07,137.0,111.3982111992946,148.64989654826104
2021-09-07 07:30:00,2021-09-07,160.0,144.28946015096255,177.7
2021-09-07 07:45:00,2021-09-07,143.0,145.96118558979214,167.65010345173894
2021-09-07 08:00:00,2021-09-07,153.0,167.34546340168353,156.20471074641148
2021-09-07 08:15:00,2021-09-07,171.0,185.47027395939608,157.07070538630748
2021-09-07 08:30:00,2021-09-07,177.0,185.9811158854014,162.02937111711276
2021-09-07 08:45:00,2021-09-07,192.0,183.53827905888292,177.62842757581873
2021-09-07 09:00:00,2021-09-07,168.0,177.50849264733262,161.05850747992054
2021-09-07 09:15:00,2021-09-07,174.0,181.263616257132,163.4049846188263
2021-09-07 09:30:00,2021-09-07,169.0,177.69800729216058,161.89403190758352
2021-09-07 09:45:00,2021-09-07,168.0,180.9915368056369,158.00750164570508
2021-09-07 10:00:00,2021-09-07,142.0,169.09335288508413,143.08755981214236
2021-09-07 10:15:00,2021-09-07,164.0,181.34426672651293,153.94539790218292
2021-09-07 10:30:00,2021-09-07,173.0,180.71062306506195,162.96303788987052
2021-09-07 10:45:00,2021-09-07,178.0,178.9132576786035,168.925050782153
2021-09-07 11:00:00,2021-09-07,168.0,180.8765250087719,157.92610294891426
2021-09-07 11:15:00,2021-09-07,171.0,178.36655253135717,163.166735576735
2021-09-07 11:30:00,2021-09-07,174.0,178.88007824402007,165.44023254396458
2021-09-07 11:45:00,2021-09-07,183.0,177.5787156927365,175.05235425081275
2021-09-07 12:00:00,2021-09-07,120.0,113.90590305488293,155.10000000000002
2021-09-07 12:15:00,2021-09-07,102.0,104.14323442042044,127.72734046750669
2021-09-07 12:30:00,2021-09-07,101.0,109.25013102376433,127.11705299501732
2021-09-07 12:45:00,2021-09-07,140.0,127.21813926978412,162.19702853272128
2021-09-07 13:00:00,2021-09-07,188.0,175.83529844369963,182.0029714672787
2021-09-07 13:15:00,2021-09-07,189.0,177.8195420111515,180.87836449644936
2021-09-07 13:30:00,2021-09-07,184.0,178.69189267747757,175.28294700498267
2021-09-07 13:45:00,2021-09-07,162.0,178.49069237083282,155.94694121479486
2021-09-07 14:00:00,2021-09-07,178.0,179.4660732660331,168.8357199007544
2021-09-07 14:15:00,2021-09-07,171.0,177.10291431470307,164.36036414588705
2021-09-07 14:30:00,2021-09-07,191.0,178.28451582521978,182.36707542145902
2021-09-07 14:45:00,2021-09-07,188.0,177.5971072403139,180.1974553689388
2021-09-07 15:00:00,2021-09-07,148.0,140.70082738910418,177.4960466829951
2021-09-07 15:15:00,2021-09-07,172.0,173.86206680455567,168.40318500165745
2021-09-07 15:30:00,2021-09-07,174.0,176.79118836481186,167.53877102364038
2021-09-07 15:45:00,2021-09-07,170.0,178.87692678303534,161.778680435219
2021-09-07 16:00:00,2021-09-07,161.0,174.20655860824897,157.32149569486887
2021-09-07 16:15:00,2021-09-07,167.0,172.95873150398845,164.44803699494364
2021-09-07 16:30:00,2021-09-07,160.0,169.9801291602523,160.23396655329736
2021-09-07 16:45:00,2021-09-07,152.0,163.3455773193097,158.53927285100823
2021-09-07 17:00:00,2021-09-07,124.0,125.747380662763,127.67850430513114
2021-09-07 17:15:00,2021-09-07,109.0,114.49172203087744,115.14877800339893
2021-09-07 17:30:00,2021-09-07,145.0,143.53158904463592,145.0
2021-09-07 17:45:00,2021-09-07,161.0,152.7049980568192,161.0
2021-09-07 18:00:00,2021-09-07,165.0,160.02417360913432,165.0
2021-09-07 18:15:00,2021-09-07,160.0,161.25659825827026,160.0
2021-09-07 18:30:00,2021-09-07,147.0,160.9928806134866,147.0
2021-09-07 18:45:00,2021-09-07,150.0,155.31461401501565,150.0
2021-09-07 19:00:00,2021-09-07,158.0,156.077152077823,158.0
2021-09-07 19:15:00,2021-09-07,148.0,143.5277636672498,148.0
2021-09-07 19:30:00,2021-09-07,157.0,153.5169074487994,157.0
2021-09-07 19:45:00,2021-09-07,146.0,153.0283572630685,146.0
2021-09-07 20:00:00,2021-09-07,124.0,131.0148687880969,124.0
2021-09-07 20:15:00,2021-09-07,134.0,130.5617789791832,134.0
2021-09-07 20:30:00,2021-09-07,136.0,130.64711839079362,136.0
2021-09-07 20:45:00,2021-09-07,141.0,119.89633344378916,141.0
2021-09-07 21:00:00,2021-09-07,133.0,120.71810763836038,133.0
2021-09-07 21:15:00,2021-09-07,134.0,120.7710837137758,134.0
2021-09-07 21:30:00,2021-09-07,127.0,119.45810662575455,127.0
2021-09-07 21:45:00,2021-09-07,130.0,119.37536885789888,130.0
2021-09-07 22:00:00,2021-09-07,104.0,111.96328187600062,104.0
2021-09-07 22:15:00,2021-09-07,122.0,117.30877217814904,122.0
2021-09-07 22:30:00,2021-09-07,122.0,116.55711217259696,122.0
2021-09-07 22:45:00,2021-09-07,113.0,114.3361089623695,113.0
2021-09-07 23:00:00,2021-09-07,117.0,109.23155000109446,117.0
2021-09-07 23:15:00,2021-09-07,126.0,115.12337797369338,126.0
2021-09-07 23:30:00,2021-09-07,110.0,113.80892857635412,110.0
2021-09-07 23:45:00,2021-09-07,90.0,95.01378461724184,90.0
2021-09-08 00:00:00,2021-09-08,78.0,75.79875894474087,78.0
2021-09-08 00:15:00,2021-09-08,72.0,72.75139791900943,72.0
2021-09-08 00:30:00,2021-09-08,69.0,68.61628328343734,69.0
2021-09-08 00:45:00,2021-09-08,70.0,68.1513240546447,70.0
2021-09-08 01:00:00,2021-09-08,100.0,92.81095631453115,100.0
2021-09-08 01:15:00,2021-09-08,112.0,108.63448808929977,112.0
2021-09-08 01:30:00,2021-09-08,115.0,112.51653020600332,115.0
2021-09-08 01:45:00,2021-09-08,114.0,110.34220370319906,114.0
2021-09-08 02:00:00,2021-09-08,115.0,113.65912676627109,115.0
2021-09-08 02:15:00,2021-09-08,115.0,112.3767703315538,115.0
2021-09-08 02:30:00,2021-09-08,126.0,107.99652418376074,126.0
2021-09-08 02:45:00,2021-09-08,117.0,107.14398328238052,117.0
2021-09-08 03:00:00,2021-09-08,96.0,90.6277992420281,96.0
2021-09-08 03:15:00,2021-09-08,110.0,106.727843773806,110.0
2021-09-08 03:30:00,2021-09-08,120.0,104.1066997712519,120.0
2021-09-08 03:45:00,2021-09-08,122.0,105.4695566180438,122.0
2021-09-08 04:00:00,2021-09-08,113.0,109.49733832706931,113.0
2021-09-08 04:15:00,2021-09-08,113.0,112.5458816734487,113.0
2021-09-08 04:30:00,2021-09-08,116.0,109.31690397690336,116.0
2021-09-08 04:45:00,2021-09-08,111.0,109.75680268282562,111.0
2021-09-08 05:00:00,2021-09-08,89.0,83.97999576565574,89.0
2021-09-08 05:15:00,2021-09-08,82.0,79.34798644781488,82.0
2021-09-08 05:30:00,2021-09-08,106.0,93.37785221377932,106.0
2021-09-08 05:45:00,2021-09-08,109.0,111.02243670581623,109.0
2021-09-08 06:00:00,2021-09-08,110.0,109.67134949333308,110.0
2021-09-08 06:15:00,2021-09-08,118.0,110.92479408689304,118.0
2021-09-08 06:30:00,2021-09-08,123.0,111.94455127582212,123.0
2021-09-08 06:45:00,2021-09-08,119.0,112.3659591622686,119.0
2021-09-08 07:00:00,2021-09-08,115.0,108.68424458744688,120.83594025866648
2021-09-08 07:15:00,2021-09-08,139.0,117.02968709910408,145.0289008582489
2021-09-08 07:30:00,2021-09-08,154.0,144.03488515076077,171.8
2021-09-08 07:45:00,2021-09-08,133.0,138.90444804922063,162.3710991417511
2021-09-08 08:00:00,2021-09-08,150.0,158.46045197982264,160.16405836551957
2021-09-08 08:15:00,2021-09-08,181.0,182.47057039694323,168.0635049732613
2021-09-08 08:30:00,2021-09-08,178.0,186.84927086372488,161.62863045888207
2021-09-08 08:45:00,2021-09-08,173.0,186.65946718207024,157.2444639268484
2021-09-08 09:00:00,2021-09-08,160.0,174.44222342445744,155.33995121789764
2021-09-08 09:15:00,2021-09-08,163.0,174.12918220767375,158.81998039288942
2021-09-08 09:30:00,2021-09-08,160.0,176.41781733197,153.94324270888004
2021-09-08 09:45:00,2021-09-08,158.0,178.62217286133355,150.14290390829464
2021-09-08 10:00:00,2021-09-08,134.0,168.5050794612867,135.07021835284547
2021-09-08 10:15:00,2021-09-08,160.0,183.25687318605557,148.19815704338265
2021-09-08 10:30:00,2021-09-08,156.0,184.3526699993936,143.63433195733353
2021-09-08 10:45:00,2021-09-08,159.0,184.77507126170545,146.06186386221427
2021-09-08 11:00:00,2021-09-08,158.0,177.01052668811954,151.18326768398765
2021-09-08 11:15:00,2021-09-08,167.0,176.02907395944808,160.1175731363452
2021-09-08 11:30:00,2021-09-08,168.0,179.38162643943295,158.22019801406475
2021-09-08 11:45:00,2021-09-08,132.0,177.19574261585817,127.63171373868691
2021-09-08 12:00:00,2021-09-08,0.0,114.85258682240269,47.44521253105117
2021-09-08 12:15:00,2021-09-08,0.0,100.04319307260968,11.92073299659888
2021-09-08 12:30:00,2021-09-08,36.0,102.05270044125535,53.72241980657503
2021-09-08 12:45:00,2021-09-08,63.0,128.0777051731852,86.1968024140311
2021-09-08 13:00:00,2021-09-08,140.0,173.0366986111006,137.3323676623738
2021-09-08 13:15:00,2021-09-08,144.0,177.2070351792814,138.83613105135882
2021-09-08 13:30:00,2021-09-08,160.0,175.4300757404609,154.81890957627357
2021-09-08 13:45:00,2021-09-08,165.0,177.9470899646456,157.0859370434352
2021-09-08 14:00:00,2021-09-08,178.0,176.56102684413477,171.12294618361844
2021-09-08 14:15:00,2021-09-08,166.0,176.94180732462488,159.24313595204228
2021-09-08 14:30:00,2021-09-08,161.0,175.48942696306963,155.7248827612017
2021-09-08 14:45:00,2021-09-08,155.0,176.28901565521176,149.24147675441225
2021-09-08 15:00:00,2021-09-08,131.0,161.7382992621603,138.92670157819728
2021-09-08 15:15:00,2021-09-08,171.0,174.1311909379667,166.68734626340608
2021-09-08 15:30:00,2021-09-08,174.0,174.07377465758876,169.64734523951975
2021-09-08 15:45:00,2021-09-08,183.0,177.52392770698142,174.9755164598723
2021-09-08 16:00:00,2021-09-08,170.0,167.85841399202056,171.84732743610084
2021-09-08 16:15:00,2021-09-08,163.0,168.50422149972417,164.2131327049762
2021-09-08 16:30:00,2021-09-08,164.0,163.4459530405098,170.31609230261242
2021-09-08 16:45:00,2021-09-08,165.0,162.7593045250815,172.19558328234285
2021-09-08 17:00:00,2021-09-08,124.0,116.30296513603454,124.0
2021-09-08 17:15:00,2021-09-08,109.0,109.56829094868164,109.0
2021-09-08 17:30:00,2021-09-08,162.0,157.94322171970734,162.0
2021-09-08 17:45:00,2021-09-08,182.0,166.47771378718318,182.0
2021-09-08 18:00:00,2021-09-08,168.0,165.76151997388487,168.0
2021-09-08 18:15:00,2021-09-08,170.0,165.1218077822022,170.0
2021-09-08 18:30:00,2021-09-08,153.0,160.29558229196607,153.0
2021-09-08 18:45:00,2021-09-08,163.0,161.67518708991238,163.0
2021-09-08 19:00:00,2021-09-08,162.0,160.54185878462567,162.0
2021-09-08 19:15:00,2021-09-08,163.0,155.97809484989804,163.0
2021-09-08 19:30:00,2021-09-08,156.0,153.51827093572024,156.0
2021-09-08 19:45:00,2021-09-08,120.0,116.63256525884802,120.0
2021-09-08 20:00:00,2021-09-08,97.0,114.60373473570876,97.0
2021-09-08 20:15:00,2021-09-08,98.0,118.55170290109272,98.0
2021-09-08 20:30:00,2021-09-08,111.0,117.11840070077436,111.0
2021-09-08 20:45:00,2021-09-08,107.0,116.01392422513727,107.0
2021-09-08 21:00:00,2021-09-08,114.0,121.4829372375986,114.0
2021-09-08 21:15:00,2021-09-08,123.0,120.76780968378148,123.0
2021-09-08 21:30:00,2021-09-08,127.0,116.32080570387652,127.0
2021-09-08 21:45:00,2021-09-08,123.0,117.04903226810738,123.0
2021-09-08 22:00:00,2021-09-08,92.0,109.29521247105772,92.0
2021-09-08 22:15:00,2021-09-08,110.0,113.78368736204352,110.0
2021-09-08 22:30:00,2021-09-08,116.0,110.4638878594692,116.0
2021-09-08 22:45:00,2021-09-08,104.0,116.71544559621316,104.0
2021-09-08 23:00:00,2021-09-08,99.0,113.35313756238176,99.0
2021-09-08 23:15:00,2021-09-08,110.0,115.475189780787,110.0
2021-09-08 23:30:00,2021-09-08,111.0,108.20246367825057,111.0
2021-09-08 23:45:00,2021-09-08,83.0,91.42432777422256,83.0
2021-09-09 00:00:00,2021-09-09,79.0,81.70385929260132,79.0
2021-09-09 00:15:00,2021-09-09,71.0,75.13874018822963,71.0
2021-09-09 00:30:00,2021-09-09,68.0,73.73318901991136,68.0
2021-09-09 00:45:00,2021-09-09,68.0,73.35183684311971,68.0
2021-09-09 01:00:00,2021-09-09,95.0,99.72689875193028,95.0
2021-09-09 01:15:00,2021-09-09,99.0,109.61149874947216,99.0
2021-09-09 01:30:00,2021-09-09,94.0,113.93579047394078,94.0
2021-09-09 01:45:00,2021-09-09,98.0,113.81707570886816,98.0
2021-09-09 02:00:00,2021-09-09,104.0,114.016923806852,104.0
2021-09-09 02:15:00,2021-09-09,114.0,112.25979232571184,114.0
2021-09-09 02:30:00,2021-09-09,111.0,108.31941465025386,111.0
2021-09-09 02:45:00,2021-09-09,112.0,108.7551426597854,112.0
2021-09-09 03:00:00,2021-09-09,103.0,95.76782554384138,103.0
2021-09-09 03:15:00,2021-09-09,106.0,110.13781891795992,106.0
2021-09-09 03:30:00,2021-09-09,112.0,110.25585019210796,112.0
2021-09-09 03:45:00,2021-09-09,116.0,111.07338184674506,116.0
2021-09-09 04:00:00,2021-09-09,113.0,110.55063827990207,113.0
2021-09-09 04:15:00,2021-09-09,114.0,108.28496043644316,114.0
2021-09-09 04:30:00,2021-09-09,105.0,110.9243248123589,105.0
2021-09-09 04:45:00,2021-09-09,97.0,111.07719862383848,97.0
2021-09-09 05:00:00,2021-09-09,81.0,91.75405132499434,81.0
2021-09-09 05:15:00,2021-09-09,78.0,82.47821700700594,78.0
2021-09-09 05:30:00,2021-09-09,99.0,102.79155159055804,99.0
2021-09-09 05:45:00,2021-09-09,109.0,111.51985766654454,109.0
2021-09-09 06:00:00,2021-09-09,117.0,110.74118265084786,117.0
2021-09-09 06:15:00,2021-09-09,119.0,111.10020096842996,119.0
2021-09-09 06:30:00,2021-09-09,121.0,111.86933825366071,121.0
2021-09-09 06:45:00,2021-09-09,119.0,114.16128161417544,119.0
2021-09-09 07:00:00,2021-09-09,117.0,119.1315078893103,117.0
2021-09-09 07:15:00,2021-09-09,139.0,122.26535030933746,159.5381601446901
2021-09-09 07:30:00,2021-09-09,152.0,157.31126005480905,163.73396130894085
2021-09-09 07:45:00,2021-09-09,147.0,143.90573670121054,172.8659614853072
2021-09-09 08:00:00,2021-09-09,155.0,155.9869520850479,167.46191560629606
2021-09-09 08:15:00,2021-09-09,168.0,176.59295471694458,161.09202628650098
2021-09-09 08:30:00,2021-09-09,178.0,176.64633649770633,169.1723580685122
2021-09-09 08:45:00,2021-09-09,187.0,178.7416002445158,175.5695049602737
2021-09-09 09:00:00,2021-09-09,173.0,178.37924856671827,163.25408941985543
2021-09-09 09:15:00,2021-09-09,176.0,178.31832595914554,166.70046380827884
2021-09-09 09:30:00,2021-09-09,165.0,183.42522252881392,151.98421111826744
2021-09-09 09:45:00,2021-09-09,165.0,183.79705028498057,151.67674183023894
2021-09-09 10:00:00,2021-09-09,134.0,166.96976613559625,135.78308809827425
2021-09-09 10:15:00,2021-09-09,159.0,176.85160526212502,151.90137396496212
2021-09-09 10:30:00,2021-09-09,159.0,177.66676152073902,151.20443237262523
2021-09-09 10:45:00,2021-09-09,169.0,180.96394473730055,157.77916827142187
2021-09-09 11:00:00,2021-09-09,159.0,179.89537043079125,149.6089306945803
2021-09-09 11:15:00,2021-09-09,172.0,181.0128069579931,160.234325292737
2021-09-09 11:30:00,2021-09-09,190.0,178.3539166573541,178.55096981605053
2021-09-09 11:45:00,2021-09-09,176.0,179.652340475323,165.18831745218705
2021-09-09 12:00:00,2021-09-09,124.0,123.58503693590032,139.9
2021-09-09 12:15:00,2021-09-09,97.0,103.41815752589822,134.54744932377335
2021-09-09 12:30:00,2021-09-09,93.0,101.3939130005799,160.85255067622663
2021-09-09 12:45:00,2021-09-09,129.0,125.7954819631141,145.7
2021-09-09 13:00:00,2021-09-09,168.0,174.7557852750858,161.89797493847675
2021-09-09 13:15:00,2021-09-09,176.0,175.09872538586498,168.63116387897588
2021-09-09 13:30:00,2021-09-09,172.0,178.72640842169417,162.38968256560253
2021-09-09 13:45:00,2021-09-09,167.0,177.27329666066237,158.85372042530994
2021-09-09 14:00:00,2021-09-09,166.0,181.17255112464792,154.80652867924172
2021-09-09 14:15:00,2021-09-09,163.0,181.09794549044065,152.07144232356094
2021-09-09 14:30:00,2021-09-09,168.0,179.3451490379279,158.26804269033187
2021-09-09 14:45:00,2021-09-09,164.0,180.41777087073848,153.5812222109308
2021-09-09 15:00:00,2021-09-09,143.0,165.79454496078336,145.92195576180677
2021-09-09 15:15:00,2021-09-09,179.0,177.52202115587664,170.33107090602627
2021-09-09 15:30:00,2021-09-09,183.0,177.72151408157384,173.97412833804847
2021-09-09 15:45:00,2021-09-09,185.0,178.37911797626566,174.9642477903543
2021-09-09 16:00:00,2021-09-09,168.0,170.72679174833723,166.7638226574384
2021-09-09 16:15:00,2021-09-09,155.0,168.97606196806984,154.98158482847995
2021-09-09 16:30:00,2021-09-09,150.0,165.79253684725924,153.8663076593896
2021-09-09 16:45:00,2021-09-09,168.0,162.73486369084785,174.45203150559254
2021-09-09 17:00:00,2021-09-09,126.0,121.99779642953004,146.9266576689133
2021-09-09 17:15:00,2021-09-09,114.0,109.8344005564182,114.01841517152006
2021-09-09 17:30:00,2021-09-09,153.0,140.15633697497688,153.0
2021-09-09 17:45:00,2021-09-09,168.0,161.59987387770914,168.0
2021-09-09 18:00:00,2021-09-09,172.0,156.1072613853915,172.0
2021-09-09 18:15:00,2021-09-09,155.0,160.316084578565,155.0
2021-09-09 18:30:00,2021-09-09,153.0,160.03378042123876,153.0
2021-09-09 18:45:00,2021-09-09,169.0,162.98386454317267,169.0
2021-09-09 19:00:00,2021-09-09,158.0,162.7443329339096,158.0
2021-09-09 19:15:00,2021-09-09,140.0,150.20914314798608,140.0
2021-09-09 19:30:00,2021-09-09,145.0,162.7443329339096,145.0
2021-09-09 19:45:00,2021-09-09,126.0,141.6635735996396,126.0
2021-09-09 20:00:00,2021-09-09,118.0,117.48620328242949,118.0
2021-09-09 20:15:00,2021-09-09,134.0,124.74029123171104,134.0
2021-09-09 20:30:00,2021-09-09,129.0,132.53703996438938,129.0
2021-09-09 20:45:00,2021-09-09,132.0,126.88657546582702,132.0
2021-09-09 21:00:00,2021-09-09,127.0,123.36375566338673,127.0
2021-09-09 21:15:00,2021-09-09,120.0,126.07179371968164,120.0
2021-09-09 21:30:00,2021-09-09,129.0,119.8232507689298,129.0
2021-09-09 21:45:00,2021-09-09,134.0,124.16010402311689,134.0
2021-09-09 22:00:00,2021-09-09,112.0,107.6438388355654,112.0
2021-09-09 22:15:00,2021-09-09,118.0,113.52335948752167,118.0
2021-09-09 22:30:00,2021-09-09,106.0,110.33462588848012,106.0
2021-09-09 22:45:00,2021-09-09,101.0,117.72238224878966,101.0
2021-09-09 23:00:00,2021-09-09,115.0,118.60941968355009,115.0
2021-09-09 23:15:00,2021-09-09,114.0,119.07869304805524,114.0
2021-09-09 23:30:00,2021-09-09,116.0,112.07779688549395,116.0
2021-09-09 23:45:00,2021-09-09,91.0,93.79581078557936,91.0
2021-09-10 00:00:00,2021-09-10,83.0,68.11367590866612,83.0
2021-09-10 00:15:00,2021-09-10,78.0,67.43772994739653,78.0
2021-09-10 00:30:00,2021-09-10,74.0,67.80598134392177,74.0
2021-09-10 00:45:00,2021-09-10,73.0,67.94597305195755,73.0
2021-09-10 01:00:00,2021-09-10,94.0,94.04967067187438,94.0
2021-09-10 01:15:00,2021-09-10,102.0,106.82790284848328,102.0
2021-09-10 01:30:00,2021-09-10,103.0,111.2871732144078,103.0
2021-09-10 01:45:00,2021-09-10,109.0,110.7639557790908,109.0
2021-09-10 02:00:00,2021-09-10,116.0,111.22146554489976,116.0
2021-09-10 02:15:00,2021-09-10,118.0,111.35637539151332,118.0
2021-09-10 02:30:00,2021-09-10,116.0,109.98080143586112,116.0
2021-09-10 02:45:00,2021-09-10,97.0,109.004078725743,97.0
2021-09-10 03:00:00,2021-09-10,87.0,99.52329680156868,87.0
2021-09-10 03:15:00,2021-09-10,109.0,106.52922797064028,109.0
2021-09-10 03:30:00,2021-09-10,116.0,110.12163989065212,116.0
2021-09-10 03:45:00,2021-09-10,113.0,110.2214969917228,113.0
2021-09-10 04:00:00,2021-09-10,117.0,108.5409885003015,117.0
2021-09-10 04:15:00,2021-09-10,112.0,105.99962182731686,112.0
2021-09-10 04:30:00,2021-09-10,106.0,109.23105161123624,106.0
2021-09-10 04:45:00,2021-09-10,96.0,106.50979042226166,96.0
2021-09-10 05:00:00,2021-09-10,85.0,78.49091846222699,85.0
2021-09-10 05:15:00,2021-09-10,80.0,74.57870396354653,80.0
2021-09-10 05:30:00,2021-09-10,95.0,95.18829708741232,95.0
2021-09-10 05:45:00,2021-09-10,107.0,106.85992203297477,107.0
2021-09-10 06:00:00,2021-09-10,118.0,107.64751112357824,118.0
2021-09-10 06:15:00,2021-09-10,110.0,109.3210897357544,110.0
2021-09-10 06:30:00,2021-09-10,107.0,106.83040645615372,107.0
2021-09-10 06:45:00,2021-09-10,109.0,107.94987932131365,109.0
2021-09-10 07:00:00,2021-09-10,111.0,109.28038095789636,111.0
2021-09-10 07:15:00,2021-09-10,117.0,120.88757540734554,147.84307911587027
2021-09-10 07:30:00,2021-09-10,150.0,145.93520617616014,161.723822933604
2021-09-10 07:45:00,2021-09-10,149.0,143.91706743060826,173.376177066396
2021-09-10 08:00:00,2021-09-10,172.0,160.75232537608534,178.05691933458965
2021-09-10 08:15:00,2021-09-10,187.0,176.08458853404414,176.52441946976876
2021-09-10 08:30:00,2021-09-10,169.0,177.4402934684743,159.4594161714731
2021-09-10 08:45:00,2021-09-10,192.0,176.6970451083982,182.09896220122832
2021-09-10 09:00:00,2021-09-10,182.0,176.18137883296208,172.49258949357622
2021-09-10 09:15:00,2021-09-10,171.0,177.6723070760841,160.7491354559505
2021-09-10 09:30:00,2021-09-10,179.0,175.19743688605578,170.62663175602006
2021-09-10 09:45:00,2021-09-10,204.0,175.37445990865186,194.28358025108525
2021-09-10 10:00:00,2021-09-10,155.0,154.16354277229078,167.46580487180094
2021-09-10 10:15:00,2021-09-10,181.0,177.82965884732977,169.9991135256451
2021-09-10 10:30:00,2021-09-10,166.0,178.52613688266248,155.3025396630458
2021-09-10 10:45:00,2021-09-10,168.0,179.8542284480561,156.01304243646302
2021-09-10 11:00:00,2021-09-10,177.0,180.7359489921675,163.3717968876649
2021-09-10 11:15:00,2021-09-10,179.0,182.7542306434462,163.4642498703514
2021-09-10 11:30:00,2021-09-10,180.0,180.59334814083448,166.17258926270816
2021-09-10 11:45:00,2021-09-10,188.0,179.18442870499229,174.57613023275854
2021-09-10 12:00:00,2021-09-10,128.0,119.44455341698216,163.6
2021-09-10 12:15:00,2021-09-10,107.0,102.8399867875875,125.0
2021-09-10 12:30:00,2021-09-10,104.0,99.03901553947443,150.94377473028555
2021-09-10 12:45:00,2021-09-10,126.0,118.87070291637676,156.50562700449774
2021-09-10 13:00:00,2021-09-10,164.0,174.1438565310378,158.4891681833598
2021-09-10 13:15:00,2021-09-10,179.0,178.27847153650168,167.5826104723441
2021-09-10 13:30:00,2021-09-10,187.0,176.70106429551032,176.75622526971446
2021-09-10 13:45:00,2021-09-10,191.0,177.3574127104813,179.5471972505436
2021-09-10 14:00:00,2021-09-10,190.0,175.52607711087867,180.7940907131998
2021-09-10 14:15:00,2021-09-10,174.0,176.36806976246856,164.77888643780943
2021-09-10 14:30:00,2021-09-10,180.0,174.57215114448047,172.21454112211396
2021-09-10 14:45:00,2021-09-10,168.0,173.13206489496346,162.0705291782156
2021-09-10 15:00:00,2021-09-10,143.0,146.98748284721037,163.15896881719468
2021-09-10 15:15:00,2021-09-10,172.0,174.96625252391294,164.18989835531477
2021-09-10 15:30:00,2021-09-10,191.0,175.35999226773598,181.91777129858275
2021-09-10 15:45:00,2021-09-10,176.0,164.60726259543412,178.3732693882792
2021-09-10 16:00:00,2021-09-10,171.0,168.74473764634604,169.2536914354148
2021-09-10 16:15:00,2021-09-10,166.0,165.65583276180686,167.4874254235817
2021-09-10 16:30:00,2021-09-10,153.0,162.4400509888014,157.99001635496288
2021-09-10 16:45:00,2021-09-10,166.0,165.69053670358875,167.34871157350088
2021-09-10 17:00:00,2021-09-10,129.0,137.62843085606968,129.39759699108433
2021-09-10 17:15:00,2021-09-10,118.0,111.63945773486708,118.0
2021-09-10 17:30:00,2021-09-10,148.0,159.46591199437836,148.0
2021-09-10 17:45:00,2021-09-10,157.0,164.21722295677515,157.0
2021-09-10 18:00:00,2021-09-10,151.0,161.61433062606935,151.0
2021-09-10 18:15:00,2021-09-10,151.0,156.260831164425,151.0
2021-09-10 18:30:00,2021-09-10,154.0,149.16838982809614,154.0
2021-09-10 18:45:00,2021-09-10,162.0,142.64759222854514,162.0
2021-09-10 19:00:00,2021-09-10,145.0,152.81763045963842,145.0
2021-09-10 19:15:00,2021-09-10,143.0,142.1080519300856,143.0
2021-09-10 19:30:00,2021-09-10,148.0,140.79856727835036,148.0
2021-09-10 19:45:00,2021-09-10,131.0,110.293863660083,131.0
2021-09-10 20:00:00,2021-09-10,114.0,105.43011926192406,114.0
2021-09-10 20:15:00,2021-09-10,121.0,108.74033306788132,121.0
2021-09-10 20:30:00,2021-09-10,110.0,110.1079181994792,110.0
2021-09-10 20:45:00,2021-09-10,119.0,107.5268670110151,119.0
2021-09-10 21:00:00,2021-09-10,122.0,107.4310691040438,122.0
2021-09-10 21:15:00,2021-09-10,126.0,109.67851816850124,126.0
2021-09-10 21:30:00,2021-09-10,111.0,110.01886615932612,111.0
2021-09-10 21:45:00,2021-09-10,107.0,105.13305052779924,107.0
2021-09-10 22:00:00,2021-09-10,92.0,82.93863838657929,92.0
2021-09-10 22:15:00,2021-09-10,102.0,99.912784884286,102.0
2021-09-10 22:30:00,2021-09-10,109.0,107.57787852112396,109.0
2021-09-10 22:45:00,2021-09-10,106.0,105.83973304237162,106.0
2021-09-10 23:00:00,2021-09-10,105.0,104.5726395496713,105.0
2021-09-10 23:15:00,2021-09-10,91.0,104.55563987558683,91.0
2021-09-10 23:30:00,2021-09-10,83.0,102.24439050502858,83.0
2021-09-10 23:45:00,2021-09-10,72.0,81.89671771621094,72.0
2021-09-11 00:00:00,2021-09-11,69.0,67.75846270784166,69.0
2021-09-11 00:15:00,2021-09-11,62.0,66.8060332305177,62.0
2021-09-11 00:30:00,2021-09-11,58.0,65.5318691216248,68.0
2021-09-11 00:45:00,2021-09-11,55.0,65.54613417062909,69.75860171883788
2021-09-11 01:00:00,2021-09-11,76.0,90.61775578939236,87.25025388930564
2021-09-11 01:15:00,2021-09-11,100.0,108.6532740805576,94.1924587627519
2021-09-11 01:30:00,2021-09-11,105.0,109.0514056283876,98.77671762643696
2021-09-11 01:45:00,2021-09-11,105.0,108.2057377459038,98.89361739129514
2021-09-11 02:00:00,2021-09-11,99.0,106.03678658105709,95.28679313240082
2021-09-11 02:15:00,2021-09-11,96.0,109.91283506039366,89.60234629228344
2021-09-11 02:30:00,2021-09-11,92.0,109.59118945751584,86.12093690703547
2021-09-11 02:45:00,2021-09-11,93.0,109.70536035629983,86.96643337120584
2021-09-11 03:00:00,2021-09-11,74.0,98.0068765960663,77.84577691040553
2021-09-11 03:15:00,2021-09-11,96.0,109.08170029131097,90.28506048903711
2021-09-11 03:30:00,2021-09-11,107.0,102.2234129917632,107.30606399804138
2021-09-11 03:45:00,2021-09-11,100.0,105.11588579666449,97.5951429939231
2021-09-11 04:00:00,2021-09-11,93.0,109.77159910751422,87.0617868469253
2021-09-11 04:15:00,2021-09-11,92.0,110.62518035867906,85.46252107624409
2021-09-11 04:30:00,2021-09-11,87.0,108.98680937153392,82.22923887409623
2021-09-11 04:45:00,2021-09-11,85.0,104.13093529723189,83.74053200020964
2021-09-11 05:00:00,2021-09-11,74.0,75.66866323472956,93.75946799979035
2021-09-11 05:15:00,2021-09-11,67.0,72.192621976909,89.44541742408518
2021-09-11 05:30:00,2021-09-11,90.0,93.91437944942209,96.92224255659762
2021-09-11 05:45:00,2021-09-11,98.0,109.41305233579102,91.8868790562428
2021-09-11 06:00:00,2021-09-11,97.0,111.97584186422873,88.86770344773376
2021-09-11 06:15:00,2021-09-11,82.0,113.98666550287066,73.80000007193824
2021-09-11 06:30:00,2021-09-11,85.0,109.47865374301358,79.65004703052512
2021-09-11 06:45:00,2021-09-11,79.0,109.33633168343246,74.12405190819256
2021-09-11 07:00:00,2021-09-11,73.0,101.63996783968284,73.73605812952106
2021-09-11 07:15:00,2021-09-11,61.0,84.4931699248916,65.55790200313038
2021-09-11 07:30:00,2021-09-11,43.0,56.9676201558835,47.87594809180745
2021-09-11 07:45:00,2021-09-11,27.0,51.59477687964424,27.0
2021-09-11 08:00:00,2021-09-11,23.0,41.888895165090645,23.0
2021-09-11 08:15:00,2021-09-11,23.0,32.21745028070593,23.0
2021-09-11 08:30:00,2021-09-11,23.0,31.79170327997559,23.0
2021-09-11 08:45:00,2021-09-11,22.0,31.869589365032887,22.0
2021-09-11 09:00:00,2021-09-11,23.0,32.47962527878124,23.0
2021-09-11 09:15:00,2021-09-11,22.0,32.05387827805088,22.0
2021-09-11 09:30:00,2021-09-11,23.0,32.039181210876805,23.0
2021-09-11 09:45:00,2021-09-11,23.0,32.039181210876805,23.0
2021-09-11 10:00:00,2021-09-11,22.0,31.018066331765827,22.0
2021-09-11 10:15:00,2021-09-11,22.0,31.68623206910129,22.0
2021-09-11 10:30:00,2021-09-11,23.0,40.96019551777995,23.0
2021-09-11 10:45:00,2021-09-11,22.0,33.657461196088505,22.0
2021-09-11 11:00:00,2021-09-11,22.0,32.25094017605322,22.0
2021-09-11 11:15:00,2021-09-11,23.0,31.909254462452992,23.0
2021-09-11 11:30:00,2021-09-11,23.0,32.03643870419663,23.0
2021-09-11 11:45:00,2021-09-11,23.0,32.1135235247859,23.0
2021-09-11 12:00:00,2021-09-11,23.0,30.994604985491755,23.0
2021-09-11 12:15:00,2021-09-11,24.0,30.17596717454411,24.0
2021-09-11 12:30:00,2021-09-11,28.0,29.787593009919835,28.0
2021-09-11 12:45:00,2021-09-11,24.0,30.93828402952567,24.0
2021-09-11 13:00:00,2021-09-11,22.0,31.55501380245022,22.0
2021-09-11 13:15:00,2021-09-11,25.0,31.87163996193633,25.0
2021-09-11 13:30:00,2021-09-11,23.0,32.61265988442055,23.0
2021-09-11 13:45:00,2021-09-11,23.0,39.86732242068507,23.0
2021-09-11 14:00:00,2021-09-11,22.0,39.7941484141487,22.0
2021-09-11 14:15:00,2021-09-11,23.0,31.58596652490184,23.0
2021-09-11 14:30:00,2021-09-11,24.0,32.09364373271832,24.0
2021-09-11 14:45:00,2021-09-11,23.0,31.58596652490184,23.0
2021-09-11 15:00:00,2021-09-11,23.0,31.577774577750954,23.0
2021-09-11 15:15:00,2021-09-11,24.0,31.87450488923655,24.0
2021-09-11 15:30:00,2021-09-11,24.0,31.87450488923655,24.0
2021-09-11 15:45:00,2021-09-11,24.0,31.87450488923655,24.0
2021-09-11 16:00:00,2021-09-11,23.0,32.080018948425455,23.0
2021-09-11 16:15:00,2021-09-11,24.0,31.685852227243583,24.0
2021-09-11 16:30:00,2021-09-11,24.0,48.15015518663095,24.0
2021-09-11 16:45:00,2021-09-11,23.0,51.348932870005925,23.0
2021-09-11 17:00:00,2021-09-11,24.0,48.75244223265614,24.0
2021-09-11 17:15:00,2021-09-11,23.0,39.31938938133914,23.0
2021-09-11 17:30:00,2021-09-11,23.0,29.31190368377924,23.0
2021-09-11 17:45:00,2021-09-11,23.0,29.92189686803923,23.0
2021-09-11 18:00:00,2021-09-11,24.0,28.821070835383093,24.0
2021-09-11 18:15:00,2021-09-11,23.0,26.760418650822373,23.0
2021-09-11 18:30:00,2021-09-11,24.0,25.072470403975675,24.0
2021-09-11 18:45:00,2021-09-11,22.0,24.7296560502435,22.0
2021-09-11 19:00:00,2021-09-11,24.0,24.222401003251264,24.0
2021-09-11 19:15:00,2021-09-11,28.0,23.57502864383422,28.0
2021-09-11 19:30:00,2021-09-11,25.0,22.692709384815185,25.0
2021-09-11 19:45:00,2021-09-11,24.0,23.47135684312169,24.0
2021-09-11 20:00:00,2021-09-11,23.0,22.50853492950124,23.0
2021-09-11 20:15:00,2021-09-11,24.0,23.84687051312237,24.0
2021-09-11 20:30:00,2021-09-11,22.0,24.647167874463733,22.0
2021-09-11 20:45:00,2021-09-11,24.0,23.84687051312237,24.0
2021-09-11 21:00:00,2021-09-11,24.0,22.578838356531545,24.0
2021-09-11 21:15:00,2021-09-11,23.0,23.30116771374964,23.0
2021-09-11 21:30:00,2021-09-11,23.0,23.37147114077995,23.0
2021-09-11 21:45:00,2021-09-11,23.0,22.59246314082441,23.0
2021-09-11 22:00:00,2021-09-11,23.0,22.138269423767305,23.0
2021-09-11 22:15:00,2021-09-11,23.0,23.06517677938157,23.0
2021-09-11 22:30:00,2021-09-11,24.0,23.03107214838772,24.0
2021-09-11 22:45:00,2021-09-11,23.0,22.967579343118437,23.0
2021-09-11 23:00:00,2021-09-11,23.0,22.62140766685856,23.0
2021-09-11 23:15:00,2021-09-11,23.0,22.577494071023803,23.0
2021-09-11 23:30:00,2021-09-11,22.0,23.326316525543568,22.0
2021-09-11 23:45:00,2021-09-11,23.0,23.472930180168525,23.0
2021-09-12 00:00:00,2021-09-12,23.0,22.934658144381675,23.0
2021-09-12 00:15:00,2021-09-12,23.0,23.70059500136636,23.0
2021-09-12 00:30:00,2021-09-12,23.0,23.873006668382857,23.0
2021-09-12 00:45:00,2021-09-12,22.0,23.74878539886106,22.0
2021-09-12 01:00:00,2021-09-12,22.0,22.87827620496079,22.0
2021-09-12 01:15:00,2021-09-12,22.0,22.38220586122248,22.0
2021-09-12 01:30:00,2021-09-12,23.0,22.44165961801593,23.0
2021-09-12 01:45:00,2021-09-12,24.0,22.48432453881917,24.0
2021-09-12 02:00:00,2021-09-12,27.0,22.54509145146069,27.0
2021-09-12 02:15:00,2021-09-12,23.0,22.54509145146069,23.0
2021-09-12 02:30:00,2021-09-12,22.0,22.596297155304637,22.0
2021-09-12 02:45:00,2021-09-12,23.0,22.45224226197447,23.0
2021-09-12 03:00:00,2021-09-12,22.0,22.38039229182224,22.0
2021-09-12 03:15:00,2021-09-12,23.0,22.58900154051616,23.0
2021-09-12 03:30:00,2021-09-12,23.0,22.61880644991335,23.0
2021-09-12 03:45:00,2021-09-12,22.0,22.61880644991335,22.663297141741722
2021-09-12 04:00:00,2021-09-12,23.0,23.654995787771917,23.0
2021-09-12 04:15:00,2021-09-12,23.0,24.713833376046644,22.336702858258278
2021-09-12 04:30:00,2021-09-12,23.0,24.178000322552432,22.831729061329728
2021-09-12 04:45:00,2021-09-12,23.0,22.509457169418827,23.168270938670272
2021-09-12 05:00:00,2021-09-12,23.0,21.86082610385788,23.0
2021-09-12 05:15:00,2021-09-12,23.0,21.292977518768584,23.0
2021-09-12 05:30:00,2021-09-12,23.0,21.865431755611706,23.0
2021-09-12 05:45:00,2021-09-12,23.0,22.37333422209335,23.0
2021-09-12 06:00:00,2021-09-12,22.0,22.80633308744621,22.0
2021-09-12 06:15:00,2021-09-12,23.0,22.5000276501536,23.266869635898363
2021-09-12 06:30:00,2021-09-12,23.0,22.563958741045795,24.40037938037777
2021-09-12 06:45:00,2021-09-12,23.0,22.563958741045795,24.400408778986726
2021-09-12 07:00:00,2021-09-12,23.0,22.56466921608526,24.582166360272435
2021-09-12 07:15:00,2021-09-12,22.0,22.6153416614276,23.319668978360564
2021-09-12 07:30:00,2021-09-12,23.0,23.572963898538408,23.35548668543293
2021-09-12 07:45:00,2021-09-12,23.0,23.60346640294801,23.25140909425117
2021-09-12 08:00:00,2021-09-12,28.0,25.42107485271244,26.434119687070478
2021-09-12 08:15:00,2021-09-12,25.0,26.03040423328173,23.05844384210864
2021-09-12 08:30:00,2021-09-12,23.0,24.861603760065965,22.215459556756347
2021-09-12 08:45:00,2021-09-12,23.0,25.60016460331424,21.559223810914933
2021-09-12 09:00:00,2021-09-12,24.0,24.28272035999776,23.7216693621029
2021-09-12 09:15:00,2021-09-12,23.0,24.21656044710707,22.795374009243552
2021-09-12 09:30:00,2021-09-12,23.0,24.28272035999776,22.73326647201528
2021-09-12 09:45:00,2021-09-12,22.0,25.5650893117127,20.654120749906127
2021-09-12 10:00:00,2021-09-12,23.0,22.94118025385605,23.912121829777146
2021-09-12 10:15:00,2021-09-12,22.0,23.795115077465898,22.17726947348948
2021-09-12 10:30:00,2021-09-12,24.0,24.73560209062863,23.2873516270908
2021-09-12 10:45:00,2021-09-12,23.0,24.73560209062863,22.303958546886022
2021-09-12 11:00:00,2021-09-12,23.0,24.575690220475675,22.462260374251056
2021-09-12 11:15:00,2021-09-12,23.0,24.172901642688704,22.836544853779465
2021-09-12 11:30:00,2021-09-12,22.0,24.10003936913291,21.955785561408113
2021-09-12 11:45:00,2021-09-12,22.0,24.050522890746574,21.96873720629009
2021-09-12 12:00:00,2021-09-12,23.0,23.597399567162142,23.377827132472333
2021-09-12 12:15:00,2021-09-12,23.0,23.52161186919467,23.444350371633877
2021-09-12 12:30:00,2021-09-12,23.0,21.54293345961097,25.296563035991728
2021-09-12 12:45:00,2021-09-12,22.0,22.7585295663869,23.16210759759424
2021-09-12 13:00:00,2021-09-12,23.0,24.321242104303323,22.697259878498816
2021-09-12 13:15:00,2021-09-12,23.0,24.028266664844796,22.97400641956899
2021-09-12 13:30:00,2021-09-12,23.0,24.272757764937342,22.714044440124432
2021-09-12 13:45:00,2021-09-12,23.0,23.86520215835362,23.238996474727475
2021-09-12 14:00:00,2021-09-12,22.0,24.53813817438444,21.518521000809166
2021-09-12 14:15:00,2021-09-12,23.0,24.35685808855882,22.664070653208086
2021-09-12 14:30:00,2021-09-12,27.0,24.35685808855882,26.60564815811384
2021-09-12 14:45:00,2021-09-12,28.0,24.30095969095309,27.654508960586618
2021-09-12 15:00:00,2021-09-12,23.0,24.055806490589298,22.947705071755294
2021-09-12 15:15:00,2021-09-12,24.0,24.28733490666022,23.717162290799955
2021-09-12 15:30:00,2021-09-12,23.0,24.77995416876093,22.277101436498047
2021-09-12 15:45:00,2021-09-12,23.0,26.667900981123665,20.70000008624601
2021-09-12 16:00:00,2021-09-12,23.0,24.644982538772933,22.400355230923605
2021-09-12 16:15:00,2021-09-12,24.0,24.24708335873836,23.752509645071125
2021-09-12 16:30:00,2021-09-12,24.0,23.99860590591052,23.95066137473183
2021-09-12 16:45:00,2021-09-12,23.0,23.490845442426345,23.188536422808337
2021-09-12 17:00:00,2021-09-12,23.0,22.71267472350214,24.23579799065133
2021-09-12 17:15:00,2021-09-12,23.0,23.567484211162974,23.433651961499844
2021-09-12 17:30:00,2021-09-12,23.0,22.53074635751056,24.43318400354388
2021-09-12 17:45:00,2021-09-12,23.0,24.10142707937225,22.920968855751692
2021-09-12 18:00:00,2021-09-12,23.0,23.227507691477623,23.304115747391414
2021-09-12 18:15:00,2021-09-12,22.0,23.227507691477623,22.738249882327633
2021-09-12 18:30:00,2021-09-12,24.0,22.47265369934352,25.11758139985896
2021-09-12 18:45:00,2021-09-12,23.0,23.73817911297634,23.205848720311536
2021-09-12 19:00:00,2021-09-12,22.0,24.00014087963002,22.000884431987302
2021-09-12 19:15:00,2021-09-12,23.0,24.216101982464263,22.795805576347554
2021-09-12 19:30:00,2021-09-12,23.0,25.22791813257202,21.88153416815374
2021-09-12 19:45:00,2021-09-12,24.0,24.00276547029157,23.99834570334091
2021-09-12 20:00:00,2021-09-12,23.0,24.04301701821343,22.95991190253208
2021-09-12 20:15:00,2021-09-12,23.0,24.04301701821343,22.95991190253208
2021-09-12 20:30:00,2021-09-12,24.0,24.00891238721958,23.992201491763602
2021-09-12 20:45:00,2021-09-12,23.0,24.04301701821343,22.95991190253208
2021-09-12 21:00:00,2021-09-12,23.0,23.24005408338524,23.12806280064015
2021-09-12 21:15:00,2021-09-12,24.0,24.0566418025063,23.944599928833746
2021-09-12 21:30:00,2021-09-12,25.0,24.0566418025063,24.942291592535152
2021-09-12 21:45:00,2021-09-12,28.0,23.292393183455697,28.652509437171904
2021-09-12 22:00:00,2021-09-12,22.0,23.44172470911027,22.1131084786311
2021-09-12 22:15:00,2021-09-12,24.0,22.70162920901151,24.43631006354947
2021-09-12 22:30:00,2021-09-12,23.0,23.495916722577487,23.0
2021-09-12 22:45:00,2021-09-12,23.0,24.98126227940594,22.09758443889118
2021-09-12 23:00:00,2021-09-12,24.0,24.188982719433067,23.813596060387443
2021-09-12 23:15:00,2021-09-12,22.0,23.55954997000013,22.0
2021-09-12 23:30:00,2021-09-12,22.0,23.404163827235628,22.0
2021-09-12 23:45:00,2021-09-12,23.0,21.31664705745465,23.0
2021-09-13 00:00:00,2021-09-13,23.0,23.905204743501976,23.0
2021-09-13 00:15:00,2021-09-13,23.0,23.817926793940423,23.0
2021-09-13 00:30:00,2021-09-13,22.0,23.495184069602782,22.0
2021-09-13 00:45:00,2021-09-13,23.0,23.50265674468712,23.0
2021-09-13 01:00:00,2021-09-13,22.0,23.833626789682143,22.0
2021-09-13 01:15:00,2021-09-13,22.0,23.19634357527929,22.0
2021-09-13 01:30:00,2021-09-13,23.0,23.537607103129677,23.0
2021-09-13 01:45:00,2021-09-13,23.0,23.884177933184844,23.0
2021-09-13 02:00:00,2021-09-13,23.0,23.33090880987828,23.0
2021-09-13 02:15:00,2021-09-13,23.0,25.00689526819195,23.0
2021-09-13 02:30:00,2021-09-13,22.0,23.707801446288563,22.0
2021-09-13 02:45:00,2021-09-13,23.0,22.52215147135137,23.0
2021-09-13 03:00:00,2021-09-13,23.0,22.785197776545544,23.0
2021-09-13 03:15:00,2021-09-13,23.0,23.00771546008757,23.0
2021-09-13 03:30:00,2021-09-13,23.0,23.5427843447185,23.0
2021-09-13 03:45:00,2021-09-13,25.0,23.016727421053076,25.0
2021-09-13 04:00:00,2021-09-13,28.0,22.93003484019767,28.0
2021-09-13 04:15:00,2021-09-13,23.0,22.78427144574073,23.0
2021-09-13 04:30:00,2021-09-13,23.0,22.88537846521399,23.0
2021-09-13 04:45:00,2021-09-13,23.0,22.88537846521399,23.0
2021-09-13 05:00:00,2021-09-13,23.0,22.06505805213545,23.0
2021-09-13 05:15:00,2021-09-13,23.0,21.99646148940285,23.0
2021-09-13 05:30:00,2021-09-13,23.0,22.06505805213545,23.0
2021-09-13 05:45:00,2021-09-13,22.0,24.46035253755181,22.0
2021-09-13 06:00:00,2021-09-13,23.0,25.31554874984429,23.0
2021-09-13 06:15:00,2021-09-13,23.0,24.36457774297012,23.0
2021-09-13 06:30:00,2021-09-13,22.0,24.609732222297747,22.0
2021-09-13 06:45:00,2021-09-13,24.0,23.91632145326041,24.0
2021-09-13 07:00:00,2021-09-13,24.0,28.636654543445022,26.229722787385924
2021-09-13 07:15:00,2021-09-13,40.0,35.79228079684852,58.6
2021-09-13 07:30:00,2021-09-13,78.0,63.45808120113181,97.1
2021-09-13 07:45:00,2021-09-13,111.0,81.6665393223309,130.6
2021-09-13 08:00:00,2021-09-13,166.0,152.6605643935956,182.47027563001478
2021-09-13 08:15:00,2021-09-13,186.0,184.58493442610288,169.89572322384765
2021-09-13 08:30:00,2021-09-13,191.0,186.96486668457808,171.96908567408533
2021-09-13 08:45:00,2021-09-13,196.0,186.9685222261388,176.46562311291297
2021-09-13 09:00:00,2021-09-13,187.0,177.24006193689164,176.90384173316417
2021-09-13 09:15:00,2021-09-13,188.0,166.29460939871765,189.97404416962817
2021-09-13 09:30:00,2021-09-13,182.0,172.92913477409795,177.1638545974363
2021-09-13 09:45:00,2021-09-13,173.0,177.30547718418708,164.24639751164784
2021-09-13 10:00:00,2021-09-13,156.0,162.8020084244401,161.66606391984087
2021-09-13 10:15:00,2021-09-13,186.0,181.55713597739944,172.45330518178898
2021-09-13 10:30:00,2021-09-13,189.0,180.67687483384168,176.08855740557865
2021-09-13 10:45:00,2021-09-13,177.0,177.9126052080187,167.47055073255015
2021-09-13 11:00:00,2021-09-13,178.0,177.95482986258213,168.62430428883877
2021-09-13 11:15:00,2021-09-13,177.0,180.6911996577872,165.04735623799183
2021-09-13 11:30:00,2021-09-13,181.0,175.8748364275754,173.40948313919608
2021-09-13 11:45:00,2021-09-13,191.0,180.31240398562983,177.9218106540916
2021-09-13 12:00:00,2021-09-13,130.0,119.2564915541256,147.8
2021-09-13 12:15:00,2021-09-13,106.0,103.4324933413072,160.9
2021-09-13 12:30:00,2021-09-13,103.0,92.24171691888284,103.0
2021-09-13 12:45:00,2021-09-13,129.0,124.43259759439978,154.98043146812776
2021-09-13 13:00:00,2021-09-13,173.0,167.38765067497636,174.01183249562874
2021-09-13 13:15:00,2021-09-13,183.0,178.2863318371936,172.7845639865147
2021-09-13 13:30:00,2021-09-13,191.0,176.42030209562955,182.2454553645592
2021-09-13 13:45:00,2021-09-13,188.0,175.8373025641424,179.97771668516955
2021-09-13 14:00:00,2021-09-13,177.0,170.38532989525646,174.8690570647489
2021-09-13 14:15:00,2021-09-13,182.0,174.8928751639236,175.1746150897428
2021-09-13 14:30:00,2021-09-13,178.0,173.95530973226758,172.24801039434703
2021-09-13 14:45:00,2021-09-13,182.0,174.8928751639236,175.1746150897428
2021-09-13 15:00:00,2021-09-13,158.0,138.77947540493648,187.34413830288096
2021-09-13 15:15:00,2021-09-13,177.0,165.55929044991163,179.83924819306392
2021-09-13 15:30:00,2021-09-13,169.0,175.6524307980315,161.95875950862128
2021-09-13 15:45:00,2021-09-13,166.0,177.26322181763354,157.63815777913362
2021-09-13 16:00:00,2021-09-13,167.0,163.67235462118146,167.0
2021-09-13 16:15:00,2021-09-13,167.0,163.39351350292858,171.7533985777187
2021-09-13 16:30:00,2021-09-13,182.0,160.72120632800124,182.0
2021-09-13 16:45:00,2021-09-13,182.0,161.02249010309345,182.0
2021-09-13 17:00:00,2021-09-13,122.0,121.74232534254982,122.0
2021-09-13 17:15:00,2021-09-13,98.0,114.73679775822566,98.0
2021-09-13 17:30:00,2021-09-13,149.0,150.00469781434657,149.0
2021-09-13 17:45:00,2021-09-13,160.0,161.56825612202908,160.0
2021-09-13 18:00:00,2021-09-13,162.0,167.25256623622656,162.0
2021-09-13 18:15:00,2021-09-13,146.0,166.81211512014528,146.0
2021-09-13 18:30:00,2021-09-13,135.0,157.46856977983953,135.0
2021-09-13 18:45:00,2021-09-13,136.0,159.49437969709476,136.0
2021-09-13 19:00:00,2021-09-13,162.0,155.8934985166062,162.0
2021-09-13 19:15:00,2021-09-13,160.0,142.55782282080244,160.0
2021-09-13 19:30:00,2021-09-13,148.0,135.524452414779,148.0
2021-09-13 19:45:00,2021-09-13,122.0,121.60461438341274,122.0
2021-09-13 20:00:00,2021-09-13,113.0,120.3184159694723,113.0
2021-09-13 20:15:00,2021-09-13,122.0,128.97888397214746,122.0
2021-09-13 20:30:00,2021-09-13,122.0,123.32463374197113,122.0
2021-09-13 20:45:00,2021-09-13,126.0,123.32463374197113,126.0
2021-09-13 21:00:00,2021-09-13,122.0,129.04898680640505,122.0
2021-09-13 21:15:00,2021-09-13,131.0,126.08494291647888,131.0
2021-09-13 21:30:00,2021-09-13,122.0,118.41593055395782,122.0
2021-09-13 21:45:00,2021-09-13,115.0,121.29257993527014,115.0
2021-09-13 22:00:00,2021-09-13,97.0,111.70551402450349,97.0
2021-09-13 22:15:00,2021-09-13,108.0,114.77073155446276,108.0
2021-09-13 22:30:00,2021-09-13,122.0,114.04650578833947,122.0
2021-09-13 22:45:00,2021-09-13,113.0,114.47917755377507,113.0
2021-09-13 23:00:00,2021-09-13,111.0,112.66358447602148,111.0
2021-09-13 23:15:00,2021-09-13,123.0,116.4470999556754,123.0
2021-09-13 23:30:00,2021-09-13,110.0,110.60251873568622,110.0
2021-09-13 23:45:00,2021-09-13,87.0,79.71509718871351,87.0
2021-09-14 00:00:00,2021-09-14,72.0,70.23721993379756,72.0
2021-09-14 00:15:00,2021-09-14,70.0,65.00575853722435,70.0
2021-09-14 00:30:00,2021-09-14,70.0,64.75189720201463,70.0
2021-09-14 00:45:00,2021-09-14,67.0,64.76616225101895,67.0
2021-09-14 01:00:00,2021-09-14,98.0,92.90314329371954,98.0
2021-09-14 01:15:00,2021-09-14,116.0,107.0042192943909,116.0
2021-09-14 01:30:00,2021-09-14,113.0,112.73388943652876,113.0
2021-09-14 01:45:00,2021-09-14,113.0,111.79957176974015,113.0
2021-09-14 02:00:00,2021-09-14,115.0,112.7066772368876,115.0
2021-09-14 02:15:00,2021-09-14,111.0,107.54052730190708,111.0
2021-09-14 02:30:00,2021-09-14,110.0,107.2786110922599,110.0
2021-09-14 02:45:00,2021-09-14,110.0,107.8927072721126,110.0
2021-09-14 03:00:00,2021-09-14,97.0,96.91403183242004,97.0
2021-09-14 03:15:00,2021-09-14,105.0,112.00827940810804,105.0
2021-09-14 03:30:00,2021-09-14,103.0,108.1008553571606,103.0
2021-09-14 03:45:00,2021-09-14,114.0,107.4948693582232,114.0
2021-09-14 04:00:00,2021-09-14,114.0,103.24327597599948,114.0
2021-09-14 04:15:00,2021-09-14,115.0,104.21673946039266,115.0
2021-09-14 04:30:00,2021-09-14,110.0,111.74128696562856,110.0
2021-09-14 04:45:00,2021-09-14,105.0,110.40845844236998,105.0
2021-09-14 05:00:00,2021-09-14,84.0,78.37348660019676,84.0
2021-09-14 05:15:00,2021-09-14,74.0,79.66431512875656,74.0
2021-09-14 05:30:00,2021-09-14,100.0,99.79551554072044,100.0
2021-09-14 05:45:00,2021-09-14,115.0,111.5086215639504,115.0
2021-09-14 06:00:00,2021-09-14,111.0,108.67130983342297,111.0
2021-09-14 06:15:00,2021-09-14,109.0,107.30155764685368,109.0
2021-09-14 06:30:00,2021-09-14,100.0,111.46093266146336,100.0
2021-09-14 06:45:00,2021-09-14,112.0,112.68317151498891,112.0
2021-09-14 07:00:00,2021-09-14,115.0,109.2832799155812,133.09373982812363
2021-09-14 07:15:00,2021-09-14,134.0,127.14173843021592,151.6
2021-09-14 07:30:00,2021-09-14,155.0,157.42634793789122,166.3156048788071
2021-09-14 07:45:00,2021-09-14,156.0,147.76203275589737,175.95936991854015
2021-09-14 08:00:00,2021-09-14,162.0,165.43059220559428,164.4312853745291
2021-09-14 08:15:00,2021-09-14,176.0,186.04190747695475,159.58080760042935
2021-09-14 08:30:00,2021-09-14,184.0,183.8889143768677,168.55809688171297
2021-09-14 08:45:00,2021-09-14,172.0,181.1652418678889,159.97536997016448
2021-09-14 09:00:00,2021-09-14,162.0,174.17770760567842,157.15685097713865
2021-09-14 09:15:00,2021-09-14,160.0,175.79894434144165,153.57099843484713
2021-09-14 09:30:00,2021-09-14,163.0,178.2636107522363,154.2873761734939
2021-09-14 09:45:00,2021-09-14,178.0,180.5249405799338,166.37508087818978
2021-09-14 10:00:00,2021-09-14,143.0,163.66491160054463,147.99322265247596
2021-09-14 10:15:00,2021-09-14,155.0,180.9097751397161,144.5689918063388
2021-09-14 10:30:00,2021-09-14,161.0,180.56656718458837,150.45063408568484
2021-09-14 10:45:00,2021-09-14,150.0,179.9833901933234,140.7961620435455
2021-09-14 11:00:00,2021-09-14,155.0,181.60513569002364,144.0320634872284
2021-09-14 11:15:00,2021-09-14,164.0,175.79826032802373,156.61049422477026
2021-09-14 11:30:00,2021-09-14,180.0,175.94337064867247,171.26062973160853
2021-09-14 11:45:00,2021-09-14,180.0,176.173548727586,170.48322233262186
2021-09-14 12:00:00,2021-09-14,135.0,116.9937655456023,183.26994300889092
2021-09-14 12:15:00,2021-09-14,111.0,106.540815234119,142.28150898910877
2021-09-14 12:30:00,2021-09-14,103.0,108.22186363871693,115.80617423412349
2021-09-14 12:45:00,2021-09-14,123.0,142.95845644503754,147.66689940451974
2021-09-14 13:00:00,2021-09-14,149.0,174.1305849379506,144.82026647028957
2021-09-14 13:15:00,2021-09-14,165.0,179.08503724967218,155.42336927365608
2021-09-14 13:30:00,2021-09-14,165.0,176.75125383667975,157.50681541386268
2021-09-14 13:45:00,2021-09-14,173.0,176.40236199619773,164.7146148095997
2021-09-14 14:00:00,2021-09-14,161.0,176.40075868647446,154.00361500644564
2021-09-14 14:15:00,2021-09-14,162.0,176.86348502935238,154.55473833024158
2021-09-14 14:30:00,2021-09-14,154.0,180.39492925204408,144.04622561349709
2021-09-14 14:45:00,2021-09-14,156.0,178.22232756197752,147.69574206125108
2021-09-14 15:00:00,2021-09-14,132.0,153.61838883559474,145.1100861042633
2021-09-14 15:15:00,2021-09-14,169.0,172.03020618044633,165.76295600088267
2021-09-14 15:30:00,2021-09-14,175.0,175.07711303122264,168.66080159993606
2021-09-14 15:45:00,2021-09-14,168.0,174.9189776369783,162.1330453959073
2021-09-14 16:00:00,2021-09-14,164.0,170.27608996418988,162.63622089885416
2021-09-14 16:15:00,2021-09-14,165.0,172.80651332509888,161.11253260678268
2021-09-14 16:30:00,2021-09-14,156.0,165.6989813595739,159.03480265652104
2021-09-14 16:45:00,2021-09-14,153.0,157.47681303375182,162.10399860321004
2021-09-14 17:00:00,2021-09-14,117.0,123.53291093853127,121.66817484468874
2021-09-14 17:15:00,2021-09-14,94.0,113.08321174150586,97.88746739321734
2021-09-14 17:30:00,2021-09-14,133.0,146.39289623170345,133.0
2021-09-14 17:45:00,2021-09-14,146.0,161.90332496772,146.0
2021-09-14 18:00:00,2021-09-14,158.0,164.63857580357734,158.0
2021-09-14 18:15:00,2021-09-14,164.0,163.98314326692957,164.0
2021-09-14 18:30:00,2021-09-14,147.0,155.6449327900559,147.0
2021-09-14 18:45:00,2021-09-14,163.0,150.32890535416163,163.0
2021-09-14 19:00:00,2021-09-14,152.0,156.92743458750527,152.0
2021-09-14 19:15:00,2021-09-14,151.0,148.08056769198663,151.0
2021-09-14 19:30:00,2021-09-14,171.0,160.61066252073985,171.0
2021-09-14 19:45:00,2021-09-14,139.0,152.85540511283472,139.0
2021-09-14 20:00:00,2021-09-14,124.0,136.1963463826089,124.0
2021-09-14 20:15:00,2021-09-14,130.0,141.2900590761574,130.0
2021-09-14 20:30:00,2021-09-14,128.0,141.68722664341178,128.0
2021-09-14 20:45:00,2021-09-14,130.0,137.09966958087696,130.0
2021-09-14 21:00:00,2021-09-14,134.0,129.29996205341547,134.0
2021-09-14 21:15:00,2021-09-14,130.0,128.44299679692094,130.0
2021-09-14 21:30:00,2021-09-14,125.0,128.56798038494395,125.0
2021-09-14 21:45:00,2021-09-14,124.0,127.58735367374211,124.0
2021-09-14 22:00:00,2021-09-14,100.0,111.69375263904,100.0
2021-09-14 22:15:00,2021-09-14,109.0,119.66060555185366,109.0
2021-09-14 22:30:00,2021-09-14,120.0,119.66060555185366,120.0
2021-09-14 22:45:00,2021-09-14,114.0,114.93821467740524,114.0
2021-09-14 23:00:00,2021-09-14,117.0,115.10984961081466,117.0
2021-09-14 23:15:00,2021-09-14,119.0,120.90126734829369,119.0
2021-09-14 23:30:00,2021-09-14,112.0,113.05233076680425,112.0
2021-09-14 23:45:00,2021-09-14,91.0,93.74815463698432,91.0
