date,model,fraction,window_minutes,original_peak,adjusted_peak,peak_reduction,peak_reduction_pct,worsened,predicted_reduction,moved_load_sum,total_load_sum,energy_conservation_error
2021-08-01,SeasonalNaive,0.0,30,28.0,28.0,0.0,0.0,0,0.0,0.0,2055.0,0.0
2021-08-01,AI,0.0,30,28.0,28.0,0.0,0.0,0,0.0,0.0,2055.0,0.0
2021-08-01,Oracle_reference,0.0,30,28.0,28.0,0.0,0.0,0,0.0,0.0,2055.0,0.0
2021-08-01,SeasonalNaive,0.0,60,28.0,28.0,0.0,0.0,0,0.0,0.0,2055.0,0.0
2021-08-01,AI,0.0,60,28.0,28.0,0.0,0.0,0,0.0,0.0,2055.0,0.0
2021-08-01,Oracle_reference,0.0,60,28.0,28.0,0.0,0.0,0,0.0,0.0,2055.0,0.0
2021-08-01,SeasonalNaive,0.05,30,28.0,29.049999927586207,-1.0499999275862066,-3.7499997413793094,1,1.4499998999999981,4.5482137577586075,2055.0,0.0
2021-08-01,AI,0.05,30,28.0,27.164823872123094,0.8351761278769061,2.9827718852746647,0,3.869747258824134,14.177440937932921,2055.0,0.0
2021-08-01,Oracle_reference,0.05,30,28.0,26.600000100000003,1.3999998999999974,4.999999642857134,0,1.3999998999999974,1.3999998999999974,2055.0,0.0
2021-08-01,SeasonalNaive,0.05,60,28.0,28.0,0.0,0.0,0,1.4499998999999981,4.5482137577586075,2055.0,0.0
2021-08-01,AI,0.05,60,28.0,26.854188325365342,1.1458116746346576,4.092184552266635,0,5.2881739528050815,19.325851442740742,2055.0,0.0
2021-08-01,Oracle_reference,0.05,60,28.0,26.600000100000003,1.3999998999999974,4.999999642857134,0,1.3999998999999974,1.3999998999999974,2055.0,0.0
2021-08-01,SeasonalNaive,0.1,30,28.0,28.0,0.0,0.0,0,2.8999998999999974,13.703570733949086,2055.0,0.0
2021-08-01,AI,0.1,30,28.0,26.858328233585468,1.1416717664145324,4.077399165766187,0,5.269270268434951,33.56976211379897,2055.0,0.0
2021-08-01,Oracle_reference,0.1,30,28.0,25.2000001,2.7999998999999995,9.999999642857142,0,2.7999998999999995,4.3999996999999995,2055.0,0.0
2021-08-01,SeasonalNaive,0.1,60,28.0,28.0,0.0,0.0,0,2.899999899999994,13.70357073394908,2055.0,0.0
2021-08-01,AI,0.1,60,28.0,26.480133206213413,1.519866793786587,5.428095692094955,0,6.996187641396574,49.899492568111185,2055.0,0.0
2021-08-01,Oracle_reference,0.1,60,28.0,25.200000100000004,2.799999899999996,9.999999642857128,0,2.799999899999996,4.399999699999997,2055.0,0.0
2021-08-01,SeasonalNaive,0.15,30,28.0,27.82902337068968,0.17097662931032076,0.6106308189654313,0,4.34999989999999,59.578923879312896,2055.0,0.0
2021-08-01,AI,0.15,30,28.0,26.5009744820067,1.4990255179932994,5.353662564261784,0,6.334163326069131,74.21575876755142,2055.0,0.0
2021-08-01,Oracle_reference,0.15,30,28.0,23.800000100000002,4.199999899999998,14.999999642857135,0,4.199999899999998,14.199998899999986,2055.0,0.0
2021-08-01,SeasonalNaive,0.15,60,28.0,28.582000107999978,-0.5820001079999777,-2.0785718142856346,1,4.349999900000018,35.87902625003807,2055.0,0.0
2021-08-01,AI,0.15,60,28.0,26.0,2.0,7.142857142857143,0,8.308293648917768,77.35915732309651,2055.0,0.0
2021-08-01,Oracle_reference,0.15,60,28.0,23.800000100000002,4.199999899999998,14.999999642857135,0,4.199999899999998,14.199998899999983,2055.0,0.0
2021-08-02,SeasonalNaive,0.0,30,26.0,26.0,0.0,0.0,0,0.0,0.0,2053.0,0.0
2021-08-02,AI,0.0,30,26.0,26.0,0.0,0.0,0,0.0,0.0,2053.0,0.0
2021-08-02,Oracle_reference,0.0,30,26.0,26.0,0.0,0.0,0,0.0,0.0,2053.0,0.0
2021-08-02,SeasonalNaive,0.0,60,26.0,26.0,0.0,0.0,0,0.0,0.0,2053.0,0.0
2021-08-02,AI,0.0,60,26.0,26.0,0.0,0.0,0,0.0,0.0,2053.0,0.0
2021-08-02,Oracle_reference,0.0,60,26.0,26.0,0.0,0.0,0,0.0,0.0,2053.0,0.0
2021-08-02,SeasonalNaive,0.05,30,26.0,26.0,0.0,0.0,0,10.8499999,1.1026569835370332,2053.0,0.0
2021-08-02,AI,0.05,30,26.0,26.0,0.0,0.0,0,9.92938554894647,6.346921716264033,2053.0,0.0
2021-08-02,Oracle_reference,0.05,30,26.0,24.700000099999993,1.2999999000000066,4.99999961538464,0,1.2999999000000066,3.499999500000032,2053.0,0.0
2021-08-02,SeasonalNaive,0.05,60,26.0,26.0,0.0,0.0,0,10.8499999,1.1026569835370332,2053.0,0.0
2021-08-02,AI,0.05,60,26.0,26.0,0.0,0.0,0,9.92938554894647,5.138415852450441,2053.0,0.0
2021-08-02,Oracle_reference,0.05,60,26.0,24.7000001,1.2999998999999995,4.999999615384614,0,1.2999998999999995,3.4999994999999977,2053.0,0.0
2021-08-02,SeasonalNaive,0.1,30,26.0,26.0,0.0,0.0,0,21.699999899999966,5.557458256859238,2053.0,0.0
2021-08-02,AI,0.1,30,26.0,26.0,0.0,0.0,0,14.450682090911926,19.7066848136284,2053.0,0.0
2021-08-02,Oracle_reference,0.1,30,26.0,23.4000001,2.5999999000000003,9.999999615384617,0,2.5999999000000003,12.999998999999995,2053.0,0.0
2021-08-02,SeasonalNaive,0.1,60,26.0,26.0,0.0,0.0,0,21.699999899999995,5.557458256859242,2053.0,0.0
2021-08-02,AI,0.1,60,26.0,26.0,0.0,0.0,0,19.547985805021227,30.487329562599633,2053.0,0.0
2021-08-02,Oracle_reference,0.1,60,26.0,23.4000001,2.5999999000000003,9.999999615384617,0,2.5999999000000003,12.999998999999995,2053.0,0.0
2021-08-02,SeasonalNaive,0.15,30,26.0,26.0,0.0,0.0,0,32.54999990000002,22.0919440219501,2053.0,0.0
2021-08-02,AI,0.15,30,26.0,27.299999999999997,-1.2999999999999972,-4.999999999999989,1,17.03054945631311,31.06974194922705,2053.0,0.0
2021-08-02,Oracle_reference,0.15,30,26.0,22.100000100000003,3.8999998999999974,14.999999615384606,0,3.8999998999999974,34.699996699999915,2053.0,0.0
2021-08-02,SeasonalNaive,0.15,60,26.0,26.0,0.0,0.0,0,32.54999990000002,15.233671037629687,2053.0,0.0
2021-08-02,AI,0.15,60,26.0,28.438962961778675,-2.4389629617786746,-9.380626776071825,1,24.361219811774504,47.98870671981145,2053.0,0.0
2021-08-02,Oracle_reference,0.15,60,26.0,22.100000099999995,3.8999999000000045,14.999999615384635,0,3.8999999000000045,29.599998600000074,2053.0,0.0
2021-08-03,SeasonalNaive,0.0,30,26.0,26.0,0.0,0.0,0,0.0,0.0,2066.0,0.0
2021-08-03,AI,0.0,30,26.0,26.0,0.0,0.0,0,0.0,0.0,2066.0,0.0
2021-08-03,Oracle_reference,0.0,30,26.0,26.0,0.0,0.0,0,0.0,0.0,2066.0,0.0
2021-08-03,SeasonalNaive,0.0,60,26.0,26.0,0.0,0.0,0,0.0,0.0,2066.0,0.0
2021-08-03,AI,0.0,60,26.0,26.0,0.0,0.0,0,0.0,0.0,2066.0,0.0
2021-08-03,Oracle_reference,0.0,60,26.0,26.0,0.0,0.0,0,0.0,0.0,2066.0,0.0
2021-08-03,SeasonalNaive,0.05,30,26.0,26.0,0.0,0.0,0,10.549999900000017,5.42285766897797,2066.0,0.0
2021-08-03,AI,0.05,30,26.0,26.0,0.0,0.0,0,10.023477496392502,9.336560727387425,2066.0,0.0
2021-08-03,Oracle_reference,0.05,30,26.0,24.7000001,1.2999998999999995,4.999999615384614,0,1.2999998999999995,5.099999299999997,2066.0,0.0
2021-08-03,SeasonalNaive,0.05,60,26.0,26.0,0.0,0.0,0,10.549999900000017,4.165060469061388,2066.0,0.0
2021-08-03,AI,0.05,60,26.0,26.0,0.0,0.0,0,10.023477496392502,7.015524475881486,2066.0,0.0
2021-08-03,Oracle_reference,0.05,60,26.0,24.7000001,1.2999998999999995,4.999999615384614,0,1.2999998999999995,5.099999299999997,2066.0,0.0
2021-08-03,SeasonalNaive,0.1,30,26.0,26.0,0.0,0.0,0,18.628571328571383,19.41790600092918,2066.0,0.0
2021-08-03,AI,0.1,30,26.0,26.0,0.0,0.0,0,12.889272004722187,20.69588669205684,2066.0,0.0
2021-08-03,Oracle_reference,0.1,30,26.0,23.4000001,2.5999999000000003,9.999999615384617,0,2.5999999000000003,17.199998799999992,2066.0,0.0
2021-08-03,SeasonalNaive,0.1,60,26.0,28.45517239349567,-2.455172393495669,-9.442970744214112,1,21.0999999,19.01635012674393,2066.0,0.0
2021-08-03,AI,0.1,60,26.0,27.1,-1.1000000000000014,-4.230769230769236,1,18.06484437361479,32.82374910312529,2066.0,0.0
2021-08-03,Oracle_reference,0.1,60,26.0,23.4000001,2.5999999000000003,9.999999615384617,0,2.5999999000000003,17.199998799999992,2066.0,0.0
2021-08-03,SeasonalNaive,0.15,30,26.0,27.299999999999997,-1.2999999999999972,-4.999999999999989,1,24.4428570428571,40.971740392401024,2066.0,0.0
2021-08-03,AI,0.15,30,26.0,27.160597979515867,-1.1605979795158667,-4.463838382753334,1,15.512959928434185,35.6405406768683,2066.0,0.0
2021-08-03,Oracle_reference,0.15,30,26.0,22.100000100000006,3.899999899999994,14.999999615384592,0,3.899999899999994,44.0999960999999,2066.0,-4.547473508864641e-13
2021-08-03,SeasonalNaive,0.15,60,26.0,33.07494436101224,-7.074944361012243,-27.2113244654317,1,31.64999990000001,57.92279056832812,2066.0,0.0
2021-08-03,AI,0.15,60,26.0,30.788321667889157,-4.788321667889157,-18.416621799573683,1,23.07088128388847,57.5646824753906,2066.0,0.0
2021-08-03,Oracle_reference,0.15,60,26.0,22.100000099999995,3.8999999000000045,14.999999615384635,0,3.8999999000000045,36.49999750000013,2066.0,0.0
2021-08-04,SeasonalNaive,0.0,30,26.0,26.0,0.0,0.0,0,0.0,0.0,2046.0,0.0
2021-08-04,AI,0.0,30,26.0,26.0,0.0,0.0,0,0.0,0.0,2046.0,0.0
2021-08-04,Oracle_reference,0.0,30,26.0,26.0,0.0,0.0,0,0.0,0.0,2046.0,0.0
2021-08-04,SeasonalNaive,0.0,60,26.0,26.0,0.0,0.0,0,0.0,0.0,2046.0,0.0
2021-08-04,AI,0.0,60,26.0,26.0,0.0,0.0,0,0.0,0.0,2046.0,0.0
2021-08-04,Oracle_reference,0.0,60,26.0,26.0,0.0,0.0,0,0.0,0.0,2046.0,0.0
2021-08-04,SeasonalNaive,0.05,30,26.0,26.0,0.0,0.0,0,10.599999900000029,4.21318734228013,2046.0,0.0
2021-08-04,AI,0.05,30,26.0,26.0,0.0,0.0,0,7.9475086539670485,11.465259731287095,2046.0,0.0
2021-08-04,Oracle_reference,0.05,30,26.0,24.7000001,1.2999998999999995,4.999999615384614,0,1.2999998999999995,4.7999993999999955,2046.0,0.0
2021-08-04,SeasonalNaive,0.05,60,26.0,26.0,0.0,0.0,0,10.5999999,3.2252846723163238,2046.0,0.0
2021-08-04,AI,0.05,60,26.0,26.0,0.0,0.0,0,9.92227106479271,11.591998629992553,2046.0,0.0
2021-08-04,Oracle_reference,0.05,60,26.0,24.7000001,1.2999998999999995,4.999999615384614,0,1.2999998999999995,4.7999993999999955,2046.0,0.0
2021-08-04,SeasonalNaive,0.1,30,26.0,26.0,0.0,0.0,0,18.84666656666667,27.7310721637238,2046.0,0.0
2021-08-04,AI,0.1,30,26.0,26.0,0.0,0.0,0,10.554432367091096,21.613547217699296,2046.0,0.0
2021-08-04,Oracle_reference,0.1,30,26.0,23.4000001,2.5999999000000003,9.999999615384617,0,2.5999999000000003,13.799999199999998,2046.0,0.0
2021-08-04,SeasonalNaive,0.1,60,26.0,26.0,0.0,0.0,0,21.199999899999938,22.48343404893066,2046.0,0.0
2021-08-04,AI,0.1,60,26.0,26.0,0.0,0.0,0,15.73905126122662,31.888779520870475,2046.0,0.0
2021-08-04,Oracle_reference,0.1,60,26.0,23.4000001,2.5999999000000003,9.999999615384617,0,2.5999999000000003,13.799999199999995,2046.0,0.0
2021-08-04,SeasonalNaive,0.15,30,26.0,26.0,0.0,0.0,0,21.569999900000028,41.02332307770837,2046.0,0.0
2021-08-04,AI,0.15,30,26.0,26.0,0.0,0.0,0,13.161356080215143,35.9758793955256,2046.0,0.0
2021-08-04,Oracle_reference,0.15,30,26.0,22.100000100000006,3.899999899999994,14.999999615384592,0,3.899999899999994,29.99999699999992,2046.0,-2.2737367544323206e-13
2021-08-04,SeasonalNaive,0.15,60,26.0,28.450790218390807,-2.4507902183908072,-9.426116224580028,1,29.321874899999983,57.26759424452257,2046.0,0.0
2021-08-04,AI,0.15,60,26.0,28.676445492079274,-2.6764454920792744,-10.294021123381823,1,20.851560621410044,55.726871095225334,2046.0,0.0
2021-08-04,Oracle_reference,0.15,60,26.0,22.100000100000006,3.899999899999994,14.999999615384592,0,3.899999899999994,26.89999889999997,2046.0,0.0
2021-08-05,SeasonalNaive,0.0,30,26.0,26.0,0.0,0.0,0,0.0,0.0,2056.0,0.0
2021-08-05,AI,0.0,30,26.0,26.0,0.0,0.0,0,0.0,0.0,2056.0,0.0
2021-08-05,Oracle_reference,0.0,30,26.0,26.0,0.0,0.0,0,0.0,0.0,2056.0,0.0
2021-08-05,SeasonalNaive,0.0,60,26.0,26.0,0.0,0.0,0,0.0,0.0,2056.0,0.0
2021-08-05,AI,0.0,60,26.0,26.0,0.0,0.0,0,0.0,0.0,2056.0,0.0
2021-08-05,Oracle_reference,0.0,60,26.0,26.0,0.0,0.0,0,0.0,0.0,2056.0,0.0
2021-08-05,SeasonalNaive,0.05,30,26.0,26.33390240571262,-0.333902405712621,-1.2842400219716192,1,10.54999989999996,5.543451085257762,2056.0,0.0
2021-08-05,AI,0.05,30,26.0,26.349999829340465,-0.34999982934046514,-1.3461531897710197,1,7.99118935049799,10.06534479580054,2056.0,0.0
2021-08-05,Oracle_reference,0.05,30,26.0,24.7000001,1.2999998999999995,4.999999615384614,0,1.2999998999999995,2.7999994,2056.0,0.0
2021-08-05,SeasonalNaive,0.05,60,26.0,26.304069349181738,-0.3040693491817379,-1.169497496852838,1,10.549999900000017,4.722841361320551,2056.0,0.0
2021-08-05,AI,0.05,60,26.0,27.496137452030588,-1.4961374520305881,-5.754374815502262,1,9.933478090972955,11.325997595847555,2056.0,0.0
2021-08-05,Oracle_reference,0.05,60,26.0,24.7000001,1.2999998999999995,4.999999615384614,0,1.2999998999999995,2.7999994,2056.0,0.0
2021-08-05,SeasonalNaive,0.1,30,26.0,28.7,-2.6999999999999993,-10.384615384615383,1,18.721428471428567,25.55203539953826,2056.0,0.0
2021-08-05,AI,0.1,30,26.0,28.699999807362026,-2.699999807362026,-10.3846146437001,1,10.601862034800405,20.313921391035194,2056.0,0.0
2021-08-05,Oracle_reference,0.1,30,26.0,23.4000001,2.5999999000000003,9.999999615384617,0,2.5999999000000003,12.399999099999993,2056.0,0.0
2021-08-05,SeasonalNaive,0.1,60,26.0,30.140453083515386,-4.140453083515386,-15.924819551982251,1,21.099999899999943,21.45034049719338,2056.0,0.0
2021-08-05,AI,0.1,60,26.0,31.041869140440724,-5.041869140440724,-19.391804386310476,1,15.788912314306032,30.69453494266984,2056.0,0.0
2021-08-05,Oracle_reference,0.1,60,26.0,23.4000001,2.5999999000000003,9.999999615384617,0,2.5999999000000003,12.399999099999995,2056.0,0.0
2021-08-05,SeasonalNaive,0.15,30,26.0,30.34778832148499,-4.347788321484991,-16.722262774942273,1,21.52666656666665,36.42671030363495,2056.0,0.0
2021-08-05,AI,0.15,30,26.0,31.049999807361964,-5.049999807361964,-19.4230761821614,1,13.212534719102734,33.00412580519732,2056.0,0.0
2021-08-05,Oracle_reference,0.15,30,26.0,22.100000100000003,3.8999998999999974,14.999999615384606,0,3.8999998999999974,32.09999709999993,2056.0,0.0
2021-08-05,SeasonalNaive,0.15,60,26.0,29.0069431001626,-3.0069431001626015,-11.56516576985616,1,29.646666566666624,50.65906333531388,2056.0,0.0
2021-08-05,AI,0.15,60,26.0,30.101340440619154,-4.101340440619154,-15.77438631007367,1,20.71209045948899,49.92551121134062,2056.0,0.0
2021-08-05,Oracle_reference,0.15,60,26.0,22.1000001,3.899999900000001,14.999999615384619,0,3.899999900000001,27.69999870000006,2056.0,0.0
2021-08-06,SeasonalNaive,0.0,30,27.0,27.0,0.0,0.0,0,0.0,0.0,2088.0,0.0
2021-08-06,AI,0.0,30,27.0,27.0,0.0,0.0,0,0.0,0.0,2088.0,0.0
2021-08-06,Oracle_reference,0.0,30,27.0,27.0,0.0,0.0,0,0.0,0.0,2088.0,0.0
2021-08-06,SeasonalNaive,0.0,60,27.0,27.0,0.0,0.0,0,0.0,0.0,2088.0,0.0
2021-08-06,AI,0.0,60,27.0,27.0,0.0,0.0,0,0.0,0.0,2088.0,0.0
2021-08-06,Oracle_reference,0.0,60,27.0,27.0,0.0,0.0,0,0.0,0.0,2088.0,0.0
2021-08-06,SeasonalNaive,0.05,30,27.0,27.17339900394089,-0.17339900394089014,-0.6422185331144079,1,10.599999900000029,4.677663283339538,2088.0,0.0
2021-08-06,AI,0.05,30,27.0,27.12921843612326,-0.12921843612326,-0.4785868004565185,1,6.979580695676077,10.914281951620374,2088.0,0.0
2021-08-06,Oracle_reference,0.05,30,27.0,25.6500001,1.3499999000000003,4.999999629629631,0,1.3499999000000003,1.6999997999999978,2088.0,0.0
2021-08-06,SeasonalNaive,0.05,60,27.0,27.0,0.0,0.0,0,10.5999999,3.530796595051653,2088.0,0.0
2021-08-06,AI,0.05,60,27.0,27.2507220851728,-0.25072208517280004,-0.9286003154548149,1,9.337643996285976,14.59338513066745,2088.0,0.0
2021-08-06,Oracle_reference,0.05,60,27.0,25.650000100000003,1.3499998999999967,4.999999629629618,0,1.3499998999999967,1.6999997999999918,2088.0,0.0
2021-08-06,SeasonalNaive,0.1,30,27.0,28.9,-1.8999999999999986,-7.037037037037032,1,18.84666656666667,28.96849846225343,2088.0,0.0
2021-08-06,AI,0.1,30,27.0,28.47251288417948,-1.47251288417948,-5.453751422886962,1,9.440205422651644,23.001891567015228,2088.0,0.0
2021-08-06,Oracle_reference,0.1,30,27.0,24.300000100000002,2.699999899999998,9.999999629629622,0,2.699999899999998,7.899999299999984,2088.0,0.0
2021-08-06,SeasonalNaive,0.1,60,27.0,28.133168271287115,-1.133168271287115,-4.196919523285611,1,21.199999899999938,23.803417271026113,2088.0,0.0
2021-08-06,AI,0.1,60,27.0,28.572711056064627,-1.5727110560646267,-5.824855763202321,1,14.316435534250871,34.765556393605465,2088.0,0.0
2021-08-06,Oracle_reference,0.1,60,27.0,24.300000100000002,2.699999899999998,9.999999629629622,0,2.699999899999998,7.899999299999984,2088.0,0.0
2021-08-06,SeasonalNaive,0.15,30,27.0,27.75,-0.75,-2.7777777777777777,1,21.569999900000028,42.82247445761354,2088.0,0.0
2021-08-06,AI,0.15,30,27.0,27.75,-0.75,-2.7777777777777777,1,11.900830149627211,39.322128313607095,2088.0,0.0
2021-08-06,Oracle_reference,0.15,30,27.0,22.9500001,4.0499998999999995,14.99999962962963,0,4.0499998999999995,52.699990499999956,2088.0,0.0
2021-08-06,SeasonalNaive,0.15,60,27.0,31.25035378490566,-4.250353784905659,-15.742051055206145,1,29.321874899999983,59.60537381289327,2088.0,0.0
2021-08-06,AI,0.15,60,27.0,30.59463944819728,-3.594639448197281,-13.313479437767707,1,19.041761876441598,64.28304788312741,2088.0,0.0
2021-08-06,Oracle_reference,0.15,60,27.0,22.9500001,4.0499998999999995,14.99999962962963,0,4.0499998999999995,33.44999509999997,2088.0,0.0
2021-08-07,SeasonalNaive,0.0,30,26.0,26.0,0.0,0.0,0,0.0,0.0,2064.0,0.0
2021-08-07,AI,0.0,30,26.0,26.0,0.0,0.0,0,0.0,0.0,2064.0,0.0
2021-08-07,Oracle_reference,0.0,30,26.0,26.0,0.0,0.0,0,0.0,0.0,2064.0,0.0
2021-08-07,SeasonalNaive,0.0,60,26.0,26.0,0.0,0.0,0,0.0,0.0,2064.0,0.0
2021-08-07,AI,0.0,60,26.0,26.0,0.0,0.0,0,0.0,0.0,2064.0,0.0
2021-08-07,Oracle_reference,0.0,60,26.0,26.0,0.0,0.0,0,0.0,0.0,2064.0,0.0
2021-08-07,SeasonalNaive,0.05,30,26.0,26.0,0.0,0.0,0,1.3999998999999974,1.049999924999998,2064.0,0.0
2021-08-07,AI,0.05,30,26.0,26.261823756913515,-0.26182375691351467,-1.007014449667364,1,4.9335214101486,17.788483396596014,2064.0,0.0
2021-08-07,Oracle_reference,0.05,30,26.0,24.7000001,1.2999998999999995,4.999999615384614,0,1.2999998999999995,3.799999399999998,2064.0,0.0
2021-08-07,SeasonalNaive,0.05,60,26.0,26.0,0.0,0.0,0,1.3999998999999974,1.049999924999998,2064.0,0.0
2021-08-07,AI,0.05,60,26.0,26.317524754866742,-0.31752475486674214,-1.2212490571797774,1,5.284810060339524,14.444253135690474,2064.0,0.0
2021-08-07,Oracle_reference,0.05,60,26.0,24.7000001,1.2999998999999995,4.999999615384614,0,1.2999998999999995,3.799999399999998,2064.0,0.0
2021-08-07,SeasonalNaive,0.1,30,26.0,26.0,0.0,0.0,0,2.7999998999999995,3.39230745576923,2064.0,0.0
2021-08-07,AI,0.1,30,26.0,26.0,0.0,0.0,0,7.267687803296496,38.36704914899731,2064.0,0.0
2021-08-07,Oracle_reference,0.1,30,26.0,23.4000001,2.5999999000000003,9.999999615384617,0,2.5999999000000003,15.199998799999994,2064.0,0.0
2021-08-07,SeasonalNaive,0.1,60,26.0,26.0,0.0,0.0,0,2.7999998999999995,3.39230745576923,2064.0,0.0
2021-08-07,AI,0.1,60,26.0,26.21814371834067,-0.21814371834067003,-0.8390143013102693,1,9.115823179868272,46.83617817830963,2064.0,0.0
2021-08-07,Oracle_reference,0.1,60,26.0,23.4000001,2.5999999000000003,9.999999615384617,0,2.5999999000000003,15.199998799999998,2064.0,0.0
2021-08-07,SeasonalNaive,0.15,30,26.0,26.0,0.0,0.0,0,4.199999900000002,10.500845298807704,2064.0,0.0
2021-08-07,AI,0.15,30,26.0,26.930795699241116,-0.9307956992411164,-3.5799834586196786,1,8.294149795994912,55.15422965433166,2064.0,0.0
2021-08-07,Oracle_reference,0.15,30,26.0,22.100000100000024,3.899999899999976,14.999999615384525,0,3.899999899999976,44.69999469999874,2064.0,0.0
2021-08-07,SeasonalNaive,0.15,60,26.0,26.0,0.0,0.0,0,4.199999899999998,10.500845298807683,2064.0,0.0
2021-08-07,AI,0.15,60,26.0,26.0,0.0,0.0,0,10.82826325407855,89.58671244292569,2064.0,0.0
2021-08-07,Oracle_reference,0.15,60,26.0,22.100000100000006,3.899999899999994,14.999999615384592,0,3.899999899999994,34.199998199999946,2064.0,0.0
2021-08-08,SeasonalNaive,0.0,30,26.0,26.0,0.0,0.0,0,0.0,0.0,2041.0,0.0
2021-08-08,AI,0.0,30,26.0,26.0,0.0,0.0,0,0.0,0.0,2041.0,0.0
2021-08-08,Oracle_reference,0.0,30,26.0,26.0,0.0,0.0,0,0.0,0.0,2041.0,0.0
2021-08-08,SeasonalNaive,0.0,60,26.0,26.0,0.0,0.0,0,0.0,0.0,2041.0,0.0
2021-08-08,AI,0.0,60,26.0,26.0,0.0,0.0,0,0.0,0.0,2041.0,0.0
2021-08-08,Oracle_reference,0.0,60,26.0,26.0,0.0,0.0,0,0.0,0.0,2041.0,0.0
2021-08-08,SeasonalNaive,0.05,30,26.0,26.0,0.0,0.0,0,1.3999998999999974,1.049999924999998,2041.0,0.0
2021-08-08,AI,0.05,30,26.0,26.0,0.0,0.0,0,6.606614283597807,4.941462019498157,2041.0,0.0
2021-08-08,Oracle_reference,0.05,30,26.0,24.7000001,1.2999998999999995,4.999999615384614,0,1.2999998999999995,2.4999994999999995,2041.0,0.0
2021-08-08,SeasonalNaive,0.05,60,26.0,26.0,0.0,0.0,0,1.3999998999999974,1.049999924999998,2041.0,0.0
2021-08-08,AI,0.05,60,26.0,26.0,0.0,0.0,0,6.606614283598191,4.9414620194986565,2041.0,0.0
2021-08-08,Oracle_reference,0.05,60,26.0,24.7000001,1.2999998999999995,4.999999615384614,0,1.2999998999999995,2.4999994999999995,2041.0,0.0
2021-08-08,SeasonalNaive,0.1,30,26.0,26.0,0.0,0.0,0,2.7999998999999995,3.39230745576923,2041.0,0.0
2021-08-08,AI,0.1,30,26.0,26.0,0.0,0.0,0,12.857009113419679,46.97146217926981,2041.0,0.0
2021-08-08,Oracle_reference,0.1,30,26.0,23.4000001,2.5999999000000003,9.999999615384617,0,2.5999999000000003,10.7999992,2041.0,0.0
2021-08-08,SeasonalNaive,0.1,60,26.0,26.0,0.0,0.0,0,2.799999899999996,3.3923074557692274,2041.0,0.0
2021-08-08,AI,0.1,60,26.0,26.09470381251274,-0.09470381251274063,-0.3642454327413101,1,13.213228667196105,29.32547772880021,2041.0,0.0
2021-08-08,Oracle_reference,0.1,60,26.0,23.4000001,2.5999999000000003,9.999999615384617,0,2.5999999000000003,10.799999199999995,2041.0,0.0
2021-08-08,SeasonalNaive,0.15,30,26.0,26.0,0.0,0.0,0,4.199999899999998,11.33984523930768,2041.0,0.0
2021-08-08,AI,0.15,30,26.0,26.0,0.0,0.0,0,13.599721328904593,59.71773642997768,2041.0,0.0
2021-08-08,Oracle_reference,0.15,30,26.0,22.100000100000006,3.899999899999994,14.999999615384592,0,3.899999899999994,25.799997799999947,2041.0,0.0
2021-08-08,SeasonalNaive,0.15,60,26.0,26.0,0.0,0.0,0,4.199999899999998,11.339845239307678,2041.0,0.0
2021-08-08,AI,0.15,60,26.0,27.746481796609597,-1.7464817966095971,-6.717237679267682,1,15.5883197790601,87.01624058407677,2041.0,0.0
2021-08-08,Oracle_reference,0.15,60,26.0,22.100000100000006,3.899999899999994,14.999999615384592,0,3.899999899999994,23.89999889999997,2041.0,0.0
2021-08-09,SeasonalNaive,0.0,30,215.0,215.0,0.0,0.0,0,0.0,0.0,10329.0,0.0
2021-08-09,AI,0.0,30,215.0,215.0,0.0,0.0,0,0.0,0.0,10329.0,0.0
2021-08-09,Oracle_reference,0.0,30,215.0,215.0,0.0,0.0,0,0.0,0.0,10329.0,0.0
2021-08-09,SeasonalNaive,0.0,60,215.0,215.0,0.0,0.0,0,0.0,0.0,10329.0,0.0
2021-08-09,AI,0.0,60,215.0,215.0,0.0,0.0,0,0.0,0.0,10329.0,0.0
2021-08-09,Oracle_reference,0.0,60,215.0,215.0,0.0,0.0,0,0.0,0.0,10329.0,0.0
2021-08-09,SeasonalNaive,0.05,30,215.0,215.0,0.0,0.0,0,1.2999999000000066,10.651998039077043,10329.0,0.0
2021-08-09,AI,0.05,30,215.0,209.76753353664935,5.232466463350647,2.433705331790999,0,4.923898034923951,87.7002363448212,10329.0,0.0
2021-08-09,Oracle_reference,0.05,30,215.0,204.2500001,10.749999900000006,4.999999953488375,0,10.749999900000006,14.499999800000014,10329.0,0.0
2021-08-09,SeasonalNaive,0.05,60,215.0,215.0,0.0,0.0,0,1.2999998999999995,10.65199803907692,10329.0,0.0
2021-08-09,AI,0.05,60,215.0,207.52990182166803,7.470098178331966,3.4744642689916123,0,5.880242521239296,92.62059290866709,10329.0,0.0
2021-08-09,Oracle_reference,0.05,60,215.0,204.2500001,10.749999900000006,4.999999953488375,0,10.749999900000006,14.499999800000014,10329.0,0.0
2021-08-09,SeasonalNaive,0.1,30,215.0,215.0,0.0,0.0,0,2.5999999000000003,48.018996059910236,10329.0,0.0
2021-08-09,AI,0.1,30,215.0,206.79655481804306,8.203445181956937,3.8155558985846216,0,6.366015707164777,189.27122731991662,10329.0,0.0
2021-08-09,Oracle_reference,0.1,30,215.0,193.5000001,21.499999900000006,9.999999953488375,0,21.499999900000006,59.499999100000046,10329.0,0.0
2021-08-09,SeasonalNaive,0.1,60,215.0,215.0,0.0,0.0,0,2.5999999000000003,48.018996059910236,10329.0,0.0
2021-08-09,AI,0.1,60,215.0,200.74201079871716,14.25798920128284,6.6316228843176,0,9.23895124763213,336.87116827790305,10329.0,0.0
2021-08-09,Oracle_reference,0.1,60,215.0,193.5000001,21.499999900000006,9.999999953488375,0,21.499999900000006,54.999999400000036,10329.0,0.0
2021-08-09,SeasonalNaive,0.15,30,215.0,215.0,0.0,0.0,0,3.8999998999999974,142.37587466326013,10329.0,0.0
2021-08-09,AI,0.15,30,215.0,203.85099807573104,11.149001924268958,5.185582290357655,0,7.800754755744876,358.22299559789275,10329.0,0.0
2021-08-09,Oracle_reference,0.15,30,215.0,182.75000010000002,32.24999989999998,14.999999953488361,0,32.24999989999998,394.74999240000045,10329.0,0.0
2021-08-09,SeasonalNaive,0.15,60,215.0,215.0,0.0,0.0,0,3.8999999000000045,115.79233480049027,10329.0,0.0
2021-08-09,AI,0.15,60,215.0,195.6697881431543,19.330211856845693,8.99079621248637,0,11.516681936119326,753.2029237471178,10329.0,0.0
2021-08-09,Oracle_reference,0.15,60,215.0,182.7500001,32.249999900000006,14.999999953488375,0,32.249999900000006,202.99999720000017,10329.0,0.0
2021-08-10,SeasonalNaive,0.0,30,195.0,195.0,0.0,0.0,0,0.0,0.0,12748.0,0.0
2021-08-10,AI,0.0,30,195.0,195.0,0.0,0.0,0,0.0,0.0,12748.0,0.0
2021-08-10,Oracle_reference,0.0,30,195.0,195.0,0.0,0.0,0,0.0,0.0,12748.0,0.0
2021-08-10,SeasonalNaive,0.0,60,195.0,195.0,0.0,0.0,0,0.0,0.0,12748.0,0.0
2021-08-10,AI,0.0,60,195.0,195.0,0.0,0.0,0,0.0,0.0,12748.0,0.0
2021-08-10,Oracle_reference,0.0,60,195.0,195.0,0.0,0.0,0,0.0,0.0,12748.0,0.0
2021-08-10,SeasonalNaive,0.05,30,195.0,195.0,0.0,0.0,0,1.2999998999999995,25.623996330461523,12748.0,0.0
2021-08-10,AI,0.05,30,195.0,191.21411095540122,3.7858890445987754,1.9414815613327054,0,5.080095060414706,103.16082122633564,12748.0,0.0
2021-08-10,Oracle_reference,0.05,30,195.0,185.2500001000002,9.749999899999807,4.99999994871785,0,9.749999899999807,52.249998899998204,12748.0,0.0
2021-08-10,SeasonalNaive,0.05,60,195.0,197.27999924,-2.279999239999995,-1.169230379487177,1,1.2999998999999995,25.623996330461523,12748.0,0.0
2021-08-10,AI,0.05,60,195.0,189.4682377352643,5.531762264735704,2.836801161402925,0,6.40702605672206,115.55034623353762,12748.0,0.0
2021-08-10,Oracle_reference,0.05,60,195.0,185.25000010000008,9.74999989999992,4.999999948717908,0,9.74999989999992,52.249998899999156,12748.0,0.0
2021-08-10,SeasonalNaive,0.1,30,195.0,195.0,0.0,0.0,0,2.5999999000000003,91.97799322212816,12748.0,0.0
2021-08-10,AI,0.1,30,195.0,189.10330317908804,5.896696820911956,3.023947087647157,0,6.641496806325577,206.14567293403175,12748.0,0.0
2021-08-10,Oracle_reference,0.1,30,195.0,178.45333343333334,16.54666656666666,8.48547003418803,0,16.54666656666666,206.10666236666628,12748.0,0.0
2021-08-10,SeasonalNaive,0.1,60,195.0,205.64000076,-10.640000759999992,-5.456410646153842,1,2.5999999000000003,91.97799322212816,12748.0,0.0
2021-08-10,AI,0.1,60,195.0,184.54820755863875,10.451792441361249,5.359893559672435,0,9.56814945285248,348.99669569439504,12748.0,0.0
2021-08-10,Oracle_reference,0.1,60,195.0,175.50000010000005,19.49999989999995,9.999999948717923,0,19.49999989999995,239.4999972999994,12748.0,0.0
2021-08-10,SeasonalNaive,0.15,30,195.0,195.0,0.0,0.0,0,3.899999899999994,241.94221044152343,12748.0,0.0
2021-08-10,AI,0.15,30,195.0,186.79455777333553,8.205442226664474,4.207919090597166,0,8.124867610127907,379.51928277404926,12748.0,0.0
2021-08-10,Oracle_reference,0.15,30,195.0,175.94666676666668,19.05333323333332,9.770940119658112,0,19.05333323333332,314.67999459999925,12748.0,0.0
2021-08-10,SeasonalNaive,0.15,60,195.0,198.36666507500007,-3.3666650750000713,-1.7264949102564469,1,3.8999999000000045,199.4961146858971,12748.0,0.0
2021-08-10,AI,0.15,60,195.0,180.26961955018822,14.730380449811776,7.554041256313731,0,12.317145733438764,843.2388207677756,12748.0,0.0
2021-08-10,Oracle_reference,0.15,60,195.0,168.51666676666667,26.483333233333326,13.581196529914525,0,26.483333233333326,456.18332903333305,12748.0,0.0
2021-08-11,SeasonalNaive,0.0,30,218.0,218.0,0.0,0.0,0,0.0,0.0,13334.0,0.0
2021-08-11,AI,0.0,30,218.0,218.0,0.0,0.0,0,0.0,0.0,13334.0,0.0
2021-08-11,Oracle_reference,0.0,30,218.0,218.0,0.0,0.0,0,0.0,0.0,13334.0,0.0
2021-08-11,SeasonalNaive,0.0,60,218.0,218.0,0.0,0.0,0,0.0,0.0,13334.0,0.0
2021-08-11,AI,0.0,60,218.0,218.0,0.0,0.0,0,0.0,0.0,13334.0,0.0
2021-08-11,Oracle_reference,0.0,60,218.0,218.0,0.0,0.0,0,0.0,0.0,13334.0,0.0
2021-08-11,SeasonalNaive,0.05,30,218.0,218.0,0.0,0.0,0,1.2999998999999995,26.127996470153825,13334.0,0.0
2021-08-11,AI,0.05,30,218.0,212.80910821224845,5.1908917877515535,2.3811430219043825,0,3.7958459623466183,100.80088367112126,13334.0,0.0
2021-08-11,Oracle_reference,0.05,30,218.0,207.1000001,10.899999900000012,4.9999999541284454,0,10.899999900000012,15.79999980000003,13334.0,0.0
2021-08-11,SeasonalNaive,0.05,60,218.0,218.0,0.0,0.0,0,1.2999998999999995,26.127996470153825,13334.0,0.0
2021-08-11,AI,0.05,60,218.0,210.00989252054555,7.990107479454451,3.665186917180941,0,6.006860254068272,125.811657843728,13334.0,0.0
2021-08-11,Oracle_reference,0.05,60,218.0,207.1000001,10.899999900000012,4.9999999541284454,0,10.899999900000012,15.799999800000007,13334.0,0.0
2021-08-11,SeasonalNaive,0.1,30,218.0,218.0,0.0,0.0,0,2.5999999000000003,81.2909949243205,13334.0,0.0
2021-08-11,AI,0.1,30,218.0,209.0690774256483,8.930922574351712,4.096753474473262,0,5.989713199946124,208.96722255287534,13334.0,0.0
2021-08-11,Oracle_reference,0.1,30,218.0,196.20000009999998,21.799999900000017,9.999999954128448,0,21.799999900000017,66.99999950000009,13334.0,0.0
2021-08-11,SeasonalNaive,0.1,60,218.0,218.0,0.0,0.0,0,2.5999999000000003,81.29099492432049,13334.0,0.0
2021-08-11,AI,0.1,60,218.0,203.81617739393025,14.183822606069754,6.506340644986125,0,10.333862197751273,335.4010148304403,13334.0,0.0
2021-08-11,Oracle_reference,0.1,60,218.0,196.20000009999998,21.799999900000017,9.999999954128448,0,21.799999900000017,66.99999950000006,13334.0,0.0
2021-08-11,SeasonalNaive,0.15,30,218.0,218.0,0.0,0.0,0,3.899999899999994,185.7263654931323,13334.0,0.0
2021-08-11,AI,0.15,30,218.0,206.14901117761852,11.850988822381481,5.436233404762148,0,8.144640644726536,363.0699792494563,13334.0,0.0
2021-08-11,Oracle_reference,0.15,30,218.0,185.30000010000003,32.699999899999966,14.999999954128425,0,32.699999899999966,227.09999769999985,13334.0,0.0
2021-08-11,SeasonalNaive,0.15,60,218.0,226.29565125217388,-8.295651252173883,-3.805344611088937,1,3.899999899999994,163.98352205330582,13334.0,0.0
2021-08-11,AI,0.15,60,218.0,215.4320216720469,2.5679783279531136,1.1779717100702356,0,13.774608501600966,659.4742514446793,13334.0,0.0
2021-08-11,Oracle_reference,0.15,60,218.0,185.3000001,32.699999899999995,14.999999954128437,0,32.699999899999995,171.7999985999999,13334.0,0.0
2021-08-12,SeasonalNaive,0.0,30,199.0,199.0,0.0,0.0,0,0.0,0.0,13179.0,0.0
2021-08-12,AI,0.0,30,199.0,199.0,0.0,0.0,0,0.0,0.0,13179.0,0.0
2021-08-12,Oracle_reference,0.0,30,199.0,199.0,0.0,0.0,0,0.0,0.0,13179.0,0.0
2021-08-12,SeasonalNaive,0.0,60,199.0,199.0,0.0,0.0,0,0.0,0.0,13179.0,0.0
2021-08-12,AI,0.0,60,199.0,199.0,0.0,0.0,0,0.0,0.0,13179.0,0.0
2021-08-12,Oracle_reference,0.0,60,199.0,199.0,0.0,0.0,0,0.0,0.0,13179.0,0.0
2021-08-12,SeasonalNaive,0.05,30,199.0,196.612000796,2.3879992040000104,1.1999996000000053,0,1.2999998999999995,15.091996482153847,13179.0,0.0
2021-08-12,AI,0.05,30,199.0,202.3840877506894,-3.384087750689389,-1.7005466083866276,1,7.789123945065398,112.3410691101688,13179.0,0.0
2021-08-12,Oracle_reference,0.05,30,199.0,189.05000010000003,9.949999899999966,4.999999949748727,0,9.949999899999966,48.44999889999963,13179.0,0.0
2021-08-12,SeasonalNaive,0.05,60,199.0,196.612000796,2.3879992040000104,1.1999996000000053,0,1.2999998999999995,15.091996482153847,13179.0,0.0
2021-08-12,AI,0.05,60,199.0,201.8583181690243,-2.858318169024301,-1.4363407884544226,1,8.804604953408727,77.43648237558953,13179.0,0.0
2021-08-12,Oracle_reference,0.05,60,199.0,189.0500001,9.949999899999995,4.999999949748741,0,9.949999899999995,47.59999919999996,13179.0,0.0
2021-08-12,SeasonalNaive,0.1,30,199.0,197.23333414166666,1.7666658583333401,0.8877717881072061,0,2.5999999000000003,73.77399432382047,13179.0,0.0
2021-08-12,AI,0.1,30,199.0,197.77692876929137,1.2230712307086264,0.614608658647551,0,10.398466309455955,218.1052369393514,13179.0,0.0
2021-08-12,Oracle_reference,0.1,30,199.0,179.10000010000005,19.899999899999955,9.999999949748721,0,19.899999899999955,222.29999549999923,13179.0,0.0
2021-08-12,SeasonalNaive,0.1,60,199.0,200.84999919166665,-1.8499991916666545,-0.9296478350083691,1,2.5999999000000003,73.77399432382049,13179.0,0.0
2021-08-12,AI,0.1,60,199.0,193.5478711134858,5.452128886514203,2.7397632595548758,0,14.870952850082148,298.0082063227883,13179.0,0.0
2021-08-12,Oracle_reference,0.1,60,199.0,179.1000001,19.89999990000001,9.99999994974875,0,19.89999990000001,182.19999820000018,13179.0,0.0
2021-08-12,SeasonalNaive,0.15,30,199.0,196.22654663018184,2.7734533698181565,1.3936951607126415,0,3.8999998999999974,199.31422033017242,13179.0,0.0
2021-08-12,AI,0.15,30,199.0,196.2196869543709,2.7803130456291,1.3971422339844723,0,12.645388625497048,349.0259907778801,13179.0,0.0
2021-08-12,Oracle_reference,0.15,30,199.0,176.37000010000003,22.629999899999973,11.371859246231143,0,22.629999899999973,333.2899937000001,13179.0,0.0
2021-08-12,SeasonalNaive,0.15,60,199.0,211.35833252500004,-12.358332525000037,-6.21021734924625,1,3.899999900000001,171.08171634845857,13179.0,-1.8189894035458565e-12
2021-08-12,AI,0.15,60,199.0,188.44754168996928,10.552458310030715,5.302742869362168,0,19.119415833525238,560.8688153078249,13179.0,0.0
2021-08-12,Oracle_reference,0.15,60,199.0,169.1500000999999,29.849999900000114,14.9999999497488,0,29.849999900000114,522.249993900007,13179.0,0.0
2021-08-13,SeasonalNaive,0.0,30,207.0,207.0,0.0,0.0,0,0.0,0.0,13365.0,0.0
2021-08-13,AI,0.0,30,207.0,207.0,0.0,0.0,0,0.0,0.0,13365.0,0.0
2021-08-13,Oracle_reference,0.0,30,207.0,207.0,0.0,0.0,0,0.0,0.0,13365.0,0.0
2021-08-13,SeasonalNaive,0.0,60,207.0,207.0,0.0,0.0,0,0.0,0.0,13365.0,0.0
2021-08-13,AI,0.0,60,207.0,207.0,0.0,0.0,0,0.0,0.0,13365.0,0.0
2021-08-13,Oracle_reference,0.0,60,207.0,207.0,0.0,0.0,0,0.0,0.0,13365.0,0.0
2021-08-13,SeasonalNaive,0.05,30,207.0,207.0,0.0,0.0,0,1.3499999000000003,11.507691136182324,13365.0,0.0
2021-08-13,AI,0.05,30,207.0,205.47366963377908,1.5263303662209182,0.7373576648410233,0,4.872546209938463,134.53968400710548,13365.0,0.0
2021-08-13,Oracle_reference,0.05,30,207.0,196.6500001,10.3499999,4.999999951690821,0,10.3499999,36.09999940000003,13365.0,0.0
2021-08-13,SeasonalNaive,0.05,60,207.0,207.0,0.0,0.0,0,1.3499998999999967,11.50769113618229,13365.0,0.0
2021-08-13,AI,0.05,60,207.0,202.35356363228905,4.6464363677109475,2.244655250101907,0,7.123114529739382,159.71085651022298,13365.0,-1.8189894035458565e-12
2021-08-13,Oracle_reference,0.05,60,207.0,196.65000010000009,10.349999899999915,4.999999951690781,0,10.349999899999915,36.09999939999948,13365.0,0.0
2021-08-13,SeasonalNaive,0.1,30,207.0,207.0,0.0,0.0,0,2.699999899999998,49.33107260756685,13365.0,0.0
2021-08-13,AI,0.1,30,207.0,201.9277465724984,5.072253427501607,2.450363974638458,0,7.1084051027219175,267.0858507194406,13365.0,0.0
2021-08-13,Oracle_reference,0.1,30,207.0,186.30000010000006,20.699999899999938,9.999999951690791,0,20.699999899999938,188.99999699999898,13365.0,0.0
2021-08-13,SeasonalNaive,0.1,60,207.0,207.0,0.0,0.0,0,2.699999899999998,49.33107260756685,13365.0,0.0
2021-08-13,AI,0.1,60,207.0,197.33402002574888,9.665979974251115,4.669555543116481,0,10.882884055063982,401.17009126881607,13365.0,0.0
2021-08-13,Oracle_reference,0.1,60,207.0,186.30000010000006,20.699999899999938,9.999999951690791,0,20.699999899999938,155.29999809999885,13365.0,0.0
2021-08-13,SeasonalNaive,0.15,30,207.0,207.1142848190476,-0.11428481904761156,-0.05521005751092346,1,4.0499998999999995,375.7982286907263,13365.0,0.0
2021-08-13,AI,0.15,30,207.0,199.93931996879823,7.06068003120177,3.4109565368124493,0,9.004944054142499,426.0724375204446,13365.0,0.0
2021-08-13,Oracle_reference,0.15,30,207.0,183.22500010000002,23.774999899999983,11.485507198067625,0,23.774999899999983,329.4249945000007,13365.0,0.0
2021-08-13,SeasonalNaive,0.15,60,207.0,207.0,0.0,0.0,0,4.0499998999999995,226.23462443805943,13365.0,0.0
2021-08-13,AI,0.15,60,207.0,193.74192106543478,13.25807893456522,6.404869050514598,0,13.160491375892065,670.9228504304697,13365.0,0.0
2021-08-13,Oracle_reference,0.15,60,207.0,176.00625010000002,30.993749899999983,14.972826038647336,0,30.993749899999983,519.0124938000008,13365.0,0.0
2021-08-14,SeasonalNaive,0.0,30,108.0,108.0,0.0,0.0,0,0.0,0.0,4110.0,0.0
2021-08-14,AI,0.0,30,108.0,108.0,0.0,0.0,0,0.0,0.0,4110.0,0.0
2021-08-14,Oracle_reference,0.0,30,108.0,108.0,0.0,0.0,0,0.0,0.0,4110.0,0.0
2021-08-14,SeasonalNaive,0.0,60,108.0,108.0,0.0,0.0,0,0.0,0.0,4110.0,0.0
2021-08-14,AI,0.0,60,108.0,108.0,0.0,0.0,0,0.0,0.0,4110.0,0.0
2021-08-14,Oracle_reference,0.0,60,108.0,108.0,0.0,0.0,0,0.0,0.0,4110.0,0.0
2021-08-14,SeasonalNaive,0.05,30,108.0,108.0,0.0,0.0,0,1.2999998999999995,3.901999250615384,4110.0,0.0
2021-08-14,AI,0.05,30,108.0,108.0,0.0,0.0,0,2.416722849038962,15.603202215244924,4110.0,0.0
2021-08-14,Oracle_reference,0.05,30,108.0,102.81666676666667,5.183333233333329,4.799382623456785,0,5.183333233333329,31.46666586666663,4110.0,0.0
2021-08-14,SeasonalNaive,0.05,60,108.0,108.0,0.0,0.0,0,1.2999998999999995,3.901999250615384,4110.0,0.0
2021-08-14,AI,0.05,60,108.0,108.0,0.0,0.0,0,3.8330964637855374,25.2419622805648,4110.0,0.0
2021-08-14,Oracle_reference,0.05,60,108.0,102.60000010000002,5.399999899999983,4.999999907407392,0,5.399999899999983,22.399999399999896,4110.0,0.0
2021-08-14,SeasonalNaive,0.1,30,108.0,111.311999668,-3.3119996679999986,-3.066666359259258,1,2.5999999000000003,19.293998308948712,4110.0,0.0
2021-08-14,AI,0.1,30,108.0,108.0,0.0,0.0,0,3.818055884650761,44.44970610354328,4110.0,0.0
2021-08-14,Oracle_reference,0.1,30,108.0,99.30000009999998,8.699999900000023,8.055555462962984,0,8.699999900000023,66.89999830000062,4110.0,0.0
2021-08-14,SeasonalNaive,0.1,60,108.0,108.0,0.0,0.0,0,2.5999999000000003,19.293998308948716,4110.0,0.0
2021-08-14,AI,0.1,60,108.0,108.0,0.0,0.0,0,5.373519056370739,53.26298633010887,4110.0,0.0
2021-08-14,Oracle_reference,0.1,60,108.0,97.20000010000001,10.799999899999989,9.999999907407398,0,10.799999899999989,59.199999099999914,4110.0,0.0
2021-08-14,SeasonalNaive,0.15,30,108.0,109.55238145714297,-1.552381457142971,-1.4373902380953436,1,3.899999899999976,60.27510941349253,4110.0,9.094947017729282e-13
2021-08-14,AI,0.15,30,108.0,108.0,0.0,0.0,0,4.708469020525158,79.7877769126286,4110.0,0.0
2021-08-14,Oracle_reference,0.15,30,108.0,95.86428581428575,12.13571418571425,11.236772394179862,0,12.13571418571425,165.28570858571305,4110.0,0.0
2021-08-14,SeasonalNaive,0.15,60,108.0,109.04883392383334,-1.0488339238333424,-0.9711425220679096,1,3.899999899999994,44.54288176257184,4110.0,0.0
2021-08-14,AI,0.15,60,108.0,108.0,0.0,0.0,0,6.6987388701589765,85.43408926079891,4110.0,0.0
2021-08-14,Oracle_reference,0.15,60,108.0,91.80000009999992,16.19999990000008,14.999999907407481,0,16.19999990000008,200.09999510000466,4110.0,0.0
2021-08-15,SeasonalNaive,0.0,30,28.0,28.0,0.0,0.0,0,0.0,0.0,2107.0,0.0
2021-08-15,AI,0.0,30,28.0,28.0,0.0,0.0,0,0.0,0.0,2107.0,0.0
2021-08-15,Oracle_reference,0.0,30,28.0,28.0,0.0,0.0,0,0.0,0.0,2107.0,0.0
2021-08-15,SeasonalNaive,0.0,60,28.0,28.0,0.0,0.0,0,0.0,0.0,2107.0,0.0
2021-08-15,AI,0.0,60,28.0,28.0,0.0,0.0,0,0.0,0.0,2107.0,0.0
2021-08-15,Oracle_reference,0.0,60,28.0,28.0,0.0,0.0,0,0.0,0.0,2107.0,0.0
2021-08-15,SeasonalNaive,0.05,30,28.0,28.0,0.0,0.0,0,1.2999998999999995,2.131999571384615,2107.0,0.0
2021-08-15,AI,0.05,30,28.0,27.80518483377727,0.19481516622273176,0.6957684507954706,0,1.1616877840269098,4.186975977025598,2107.0,0.0
2021-08-15,Oracle_reference,0.05,30,28.0,26.600000100000003,1.3999998999999974,4.999999642857134,0,1.3999998999999974,1.3999998999999974,2107.0,0.0
2021-08-15,SeasonalNaive,0.05,60,28.0,28.0,0.0,0.0,0,1.2999998999999995,2.131999571384615,2107.0,0.0
2021-08-15,AI,0.05,60,28.0,27.80518483377727,0.19481516622273176,0.6957684507954706,0,1.1616877840269098,4.030251254837564,2107.0,0.0
2021-08-15,Oracle_reference,0.05,60,28.0,26.600000100000003,1.3999998999999974,4.999999642857134,0,1.3999998999999974,1.3999998999999974,2107.0,0.0
2021-08-15,SeasonalNaive,0.1,30,28.0,28.0,0.0,0.0,0,2.5999999000000003,9.278999308884616,2107.0,0.0
2021-08-15,AI,0.1,30,28.0,26.93159336504094,1.0684066349590609,3.8157379819966457,0,1.8307194200229304,50.35881738312761,2107.0,0.0
2021-08-15,Oracle_reference,0.1,30,28.0,25.2000001,2.7999998999999995,9.999999642857142,0,2.7999998999999995,4.399999699999999,2107.0,0.0
2021-08-15,SeasonalNaive,0.1,60,28.0,28.0,0.0,0.0,0,2.5999999000000003,9.278999308884611,2107.0,0.0
2021-08-15,AI,0.1,60,28.0,26.89895711501395,1.1010428849860503,3.9322960178073223,0,1.9432097965837727,40.52274977395322,2107.0,0.0
2021-08-15,Oracle_reference,0.1,60,28.0,25.2000001,2.7999998999999995,9.999999642857142,0,2.7999998999999995,4.399999699999999,2107.0,0.0
2021-08-15,SeasonalNaive,0.15,30,28.0,28.0,0.0,0.0,0,3.899999899999994,22.602524821730412,2107.0,0.0
2021-08-15,AI,0.15,30,28.0,27.16371889485567,0.8362811051443302,2.986718232658322,0,1.8972611996954676,54.5038428514481,2107.0,0.0
2021-08-15,Oracle_reference,0.15,30,28.0,23.800000100000002,4.199999899999998,14.999999642857135,0,4.199999899999998,15.999998499999979,2107.0,0.0
2021-08-15,SeasonalNaive,0.15,60,28.0,28.0,0.0,0.0,0,3.899999899999994,20.728716426275895,2107.0,0.0
2021-08-15,AI,0.15,60,28.0,27.3,0.6999999999999993,2.4999999999999973,0,2.034666621708279,62.98816269144933,2107.0,0.0
2021-08-15,Oracle_reference,0.15,60,28.0,23.800000100000002,4.199999899999998,14.999999642857135,0,4.199999899999998,15.999998499999975,2107.0,0.0
2021-08-16,SeasonalNaive,0.0,30,190.0,190.0,0.0,0.0,0,0.0,0.0,8773.0,0.0
2021-08-16,AI,0.0,30,190.0,190.0,0.0,0.0,0,0.0,0.0,8773.0,0.0
2021-08-16,Oracle_reference,0.0,30,190.0,190.0,0.0,0.0,0,0.0,0.0,8773.0,0.0
2021-08-16,SeasonalNaive,0.0,60,190.0,190.0,0.0,0.0,0,0.0,0.0,8773.0,0.0
2021-08-16,AI,0.0,60,190.0,190.0,0.0,0.0,0,0.0,0.0,8773.0,0.0
2021-08-16,Oracle_reference,0.0,60,190.0,190.0,0.0,0.0,0,0.0,0.0,8773.0,0.0
2021-08-16,SeasonalNaive,0.05,30,190.0,190.0,0.0,0.0,0,10.749999900000006,12.399278673521927,8773.0,0.0
2021-08-16,AI,0.05,30,190.0,195.64188209105274,-5.641882091052736,-2.969411626869861,1,4.154099185974118,32.60380717966937,8773.0,0.0
2021-08-16,Oracle_reference,0.05,30,190.0,180.5000001,9.499999900000006,4.9999999473684245,0,9.499999900000006,27.99999920000004,8773.0,0.0
2021-08-16,SeasonalNaive,0.05,60,190.0,195.09999991534883,-5.099999915348832,-2.684210481762543,1,10.749999900000006,12.399278673521927,8773.0,0.0
2021-08-16,AI,0.05,60,190.0,194.21630525384745,-4.216305253847452,-2.2191080283407643,1,4.154099185974104,32.60380717966919,8773.0,0.0
2021-08-16,Oracle_reference,0.05,60,190.0,180.5000001,9.499999900000006,4.9999999473684245,0,9.499999900000006,22.499999500000023,8773.0,0.0
2021-08-16,SeasonalNaive,0.1,30,190.0,196.59855778028844,-6.598557780288445,-3.4729251475202343,1,21.499999900000006,50.25160464813351,8773.0,0.0
2021-08-16,AI,0.1,30,190.0,188.98710438091595,1.0128956190840483,0.533102957412657,0,7.379352631743259,154.24786239719515,8773.0,0.0
2021-08-16,Oracle_reference,0.1,30,190.0,171.8857143857143,18.114285614285706,9.53383453383458,0,18.114285614285706,113.91428421428559,8773.0,0.0
2021-08-16,SeasonalNaive,0.1,60,190.0,195.27884597788463,-5.278845977884629,-2.778339988360331,1,21.499999900000006,46.010767234520934,8773.0,0.0
2021-08-16,AI,0.1,60,190.0,186.6835690960055,3.316430903994501,1.74548994947079,0,8.308198471948131,139.50087733094185,8773.0,0.0
2021-08-16,Oracle_reference,0.1,60,190.0,171.0000001,18.999999900000006,9.999999947368424,0,18.999999900000006,78.99999940000002,8773.0,0.0
2021-08-16,SeasonalNaive,0.15,30,190.0,185.99287390396503,4.007126096034966,2.1090137347552456,0,32.24999989999998,332.7388445269364,8773.0,0.0
2021-08-16,AI,0.15,30,190.0,185.85153502182573,4.148464978174275,2.1834026200917234,0,8.61437980535591,257.9465078068273,8773.0,0.0
2021-08-16,Oracle_reference,0.15,30,190.0,166.75714295714283,23.242857042857167,12.233082654135352,0,23.242857042857167,176.97142677142904,8773.0,0.0
2021-08-16,SeasonalNaive,0.15,60,190.0,186.68010762903225,3.31989237096775,1.7473117741935527,0,32.249999900000006,167.37343629217443,8773.0,0.0
2021-08-16,AI,0.15,60,190.0,176.75,13.25,6.973684210526316,0,11.954314275888848,362.02438719356417,8773.0,0.0
2021-08-16,Oracle_reference,0.15,60,190.0,161.50000010000002,28.499999899999978,14.999999947368408,0,28.499999899999978,147.9999984000001,8773.0,0.0
2021-08-17,SeasonalNaive,0.0,30,173.0,173.0,0.0,0.0,0,0.0,0.0,11951.0,0.0
2021-08-17,AI,0.0,30,173.0,173.0,0.0,0.0,0,0.0,0.0,11951.0,0.0
2021-08-17,Oracle_reference,0.0,30,173.0,173.0,0.0,0.0,0,0.0,0.0,11951.0,0.0
2021-08-17,SeasonalNaive,0.0,60,173.0,173.0,0.0,0.0,0,0.0,0.0,11951.0,0.0
2021-08-17,AI,0.0,60,173.0,173.0,0.0,0.0,0,0.0,0.0,11951.0,0.0
2021-08-17,Oracle_reference,0.0,60,173.0,173.0,0.0,0.0,0,0.0,0.0,11951.0,0.0
2021-08-17,SeasonalNaive,0.05,30,173.0,173.21858647486926,-0.2185864748692552,-0.12635056350824,1,9.749999899999807,45.317563474776094,11951.0,0.0
2021-08-17,AI,0.05,30,173.0,175.19862687828288,-2.19862687828288,-1.270882588602821,1,8.365723744075922,87.39133003311679,11951.0,0.0
2021-08-17,Oracle_reference,0.05,30,173.0,164.35000010000002,8.649999899999983,4.999999942196522,0,8.649999899999983,43.1499988999998,11951.0,0.0
2021-08-17,SeasonalNaive,0.05,60,173.0,173.0,0.0,0.0,0,9.74999989999992,45.317563474776925,11951.0,0.0
2021-08-17,AI,0.05,60,173.0,174.83782843431152,-1.8378284343115183,-1.0623285747465423,1,8.421435464248532,66.42501418448134,11951.0,0.0
2021-08-17,Oracle_reference,0.05,60,173.0,164.3500001,8.649999900000012,4.999999942196538,0,8.649999900000012,40.4999990000001,11951.0,0.0
2021-08-17,SeasonalNaive,0.1,30,173.0,173.66253977301588,-0.6625397730158795,-0.38297096706120204,1,16.54666656666666,182.5832965756013,11951.0,0.0
2021-08-17,AI,0.1,30,173.0,171.40424560762187,1.5957543923781259,0.9224013828775294,0,11.151553420995185,211.42563143827567,11951.0,0.0
2021-08-17,Oracle_reference,0.1,30,173.0,158.11333343333337,14.886666566666634,8.60500957610788,0,14.886666566666634,214.13999279999956,11951.0,0.0
2021-08-17,SeasonalNaive,0.1,60,173.0,171.36315780947368,1.6368421905263233,0.9461515552175279,0,19.49999989999995,211.49661128892234,11951.0,0.0
2021-08-17,AI,0.1,60,173.0,172.96656724625257,0.03343275374743371,0.01932529118348769,0,15.496634488621424,290.203262868004,11951.0,0.0
2021-08-17,Oracle_reference,0.1,60,173.0,155.70000009999995,17.299999900000046,9.999999942196558,0,17.299999900000046,217.4999965000016,11951.0,-1.8189894035458565e-12
2021-08-17,SeasonalNaive,0.15,30,173.0,170.03974712288223,2.9602528771177674,1.7111288307039119,0,19.05333323333332,280.04759166143486,11951.0,0.0
2021-08-17,AI,0.15,30,173.0,172.1101360793541,0.8898639206458938,0.5143722084658345,0,13.304260663325266,328.2284434424246,11951.0,0.0
2021-08-17,Oracle_reference,0.15,30,173.0,155.9593751,17.04062490000001,9.850072196531798,0,17.04062490000001,335.2968659000011,11951.0,0.0
2021-08-17,SeasonalNaive,0.15,60,173.0,175.2689471978947,-2.268947197894704,-1.3115301721934705,1,26.483333233333326,405.0443959667142,11951.0,0.0
2021-08-17,AI,0.15,60,173.0,178.7130192450302,-5.71301924503021,-3.302323263023243,1,19.739753736545538,508.2838275416125,11951.0,0.0
2021-08-17,Oracle_reference,0.15,60,173.0,149.75312510000003,23.246874899999966,13.437499942196512,0,23.246874899999966,531.3593672999996,11951.0,0.0
2021-08-18,SeasonalNaive,0.0,30,188.0,188.0,0.0,0.0,0,0.0,0.0,12423.0,0.0
2021-08-18,AI,0.0,30,188.0,188.0,0.0,0.0,0,0.0,0.0,12423.0,0.0
2021-08-18,Oracle_reference,0.0,30,188.0,188.0,0.0,0.0,0,0.0,0.0,12423.0,0.0
2021-08-18,SeasonalNaive,0.0,60,188.0,188.0,0.0,0.0,0,0.0,0.0,12423.0,0.0
2021-08-18,AI,0.0,60,188.0,188.0,0.0,0.0,0,0.0,0.0,12423.0,0.0
2021-08-18,Oracle_reference,0.0,60,188.0,188.0,0.0,0.0,0,0.0,0.0,12423.0,0.0
2021-08-18,SeasonalNaive,0.05,30,188.0,188.0,0.0,0.0,0,10.899999900000012,12.652358330089172,12423.0,0.0
2021-08-18,AI,0.05,30,188.0,188.0,0.0,0.0,0,6.008232459308232,91.3170659776386,12423.0,0.0
2021-08-18,Oracle_reference,0.05,30,188.0,178.60000009999993,9.399999900000068,4.999999946808547,0,9.399999900000068,35.39999940000039,12423.0,0.0
2021-08-18,SeasonalNaive,0.05,60,188.0,188.0,0.0,0.0,0,10.899999900000012,12.652358330089152,12423.0,0.0
2021-08-18,AI,0.05,60,188.0,188.50500092965083,-0.5050009296508335,-0.26861751577172,1,7.31211770916201,93.28301544594771,12423.0,0.0
2021-08-18,Oracle_reference,0.05,60,188.0,178.6000001,9.399999900000012,4.999999946808517,0,9.399999900000012,35.39999940000006,12423.0,0.0
2021-08-18,SeasonalNaive,0.1,30,188.0,188.0,0.0,0.0,0,21.799999900000017,54.57961889224274,12423.0,0.0
2021-08-18,AI,0.1,30,188.0,188.0,0.0,0.0,0,7.9292295049052655,171.8217654851548,12423.0,0.0
2021-08-18,Oracle_reference,0.1,30,188.0,169.73846163846156,18.26153836153844,9.713584234860873,0,18.26153836153844,239.07691807692353,12423.0,0.0
2021-08-18,SeasonalNaive,0.1,60,188.0,188.0,0.0,0.0,0,21.799999900000017,54.57961889224271,12423.0,0.0
2021-08-18,AI,0.1,60,188.0,186.7196581865936,1.2803418134064088,0.681032879471494,0,11.508105037418943,248.06905133525873,12423.0,0.0
2021-08-18,Oracle_reference,0.1,60,188.0,169.20000009999995,18.799999900000046,9.999999946808535,0,18.799999900000046,181.9999970000014,12423.0,0.0
2021-08-18,SeasonalNaive,0.15,30,188.0,188.0,0.0,0.0,0,32.699999899999966,193.2429225540392,12423.0,0.0
2021-08-18,AI,0.15,30,188.0,188.0,0.0,0.0,0,9.707220361333725,284.62485737764973,12423.0,0.0
2021-08-18,Oracle_reference,0.15,30,188.0,167.03076933076926,20.96923066923074,11.153846100654647,0,20.96923066923074,380.89230149230764,12423.0,0.0
2021-08-18,SeasonalNaive,0.15,60,188.0,188.0,0.0,0.0,0,32.699999899999995,143.2105788313105,12423.0,0.0
2021-08-18,AI,0.15,60,188.0,182.85695038380166,5.14304961619834,2.735664689467202,0,15.075533660104298,422.6622035374012,12423.0,0.0
2021-08-18,Oracle_reference,0.15,60,188.0,159.80000010000003,28.199999899999966,14.999999946808492,0,28.199999899999966,547.6499940999996,12423.0,0.0
2021-08-19,SeasonalNaive,0.0,30,188.0,188.0,0.0,0.0,0,0.0,0.0,12752.0,0.0
2021-08-19,AI,0.0,30,188.0,188.0,0.0,0.0,0,0.0,0.0,12752.0,0.0
2021-08-19,Oracle_reference,0.0,30,188.0,188.0,0.0,0.0,0,0.0,0.0,12752.0,0.0
2021-08-19,SeasonalNaive,0.0,60,188.0,188.0,0.0,0.0,0,0.0,0.0,12752.0,0.0
2021-08-19,AI,0.0,60,188.0,188.0,0.0,0.0,0,0.0,0.0,12752.0,0.0
2021-08-19,Oracle_reference,0.0,60,188.0,188.0,0.0,0.0,0,0.0,0.0,12752.0,0.0
2021-08-19,SeasonalNaive,0.05,30,188.0,196.39999991557787,-8.399999915577865,-4.468085061477588,1,9.949999899999966,42.48039483297316,12752.0,0.0
2021-08-19,AI,0.05,30,188.0,186.12762998464024,1.8723700153597633,0.995941497531789,0,7.159067791804148,68.916314132431,12752.0,0.0
2021-08-19,Oracle_reference,0.05,30,188.0,178.6000001,9.399999900000012,4.999999946808517,0,9.399999900000012,31.799999300000096,12752.0,0.0
2021-08-19,SeasonalNaive,0.05,60,188.0,188.0,0.0,0.0,0,9.949999899999995,41.67684320401172,12752.0,0.0
2021-08-19,AI,0.05,60,188.0,185.0,3.0,1.5957446808510638,0,8.16855533416944,77.14671539760903,12752.0,0.0
2021-08-19,Oracle_reference,0.05,60,188.0,178.6000001,9.399999900000012,4.999999946808517,0,9.399999900000012,31.799999300000096,12752.0,0.0
2021-08-19,SeasonalNaive,0.1,30,188.0,200.5284262086294,-12.528426208629412,-6.664056493951815,1,19.899999899999955,201.53281737448648,12752.0,0.0
2021-08-19,AI,0.1,30,188.0,185.0,3.0,1.5957446808510638,0,9.329091864288785,164.5022431762942,12752.0,0.0
2021-08-19,Oracle_reference,0.1,30,188.0,169.20000010000015,18.799999899999847,9.99999994680843,0,18.799999899999847,208.59999529999408,12752.0,0.0
2021-08-19,SeasonalNaive,0.1,60,188.0,188.08924740107526,-0.08924740107525508,-0.047472021848539936,1,19.89999990000001,162.6250183486854,12752.0,0.0
2021-08-19,AI,0.1,60,188.0,181.59129654329897,6.4087034567010335,3.4088848173941666,0,13.439578241523407,269.65905769833466,12752.0,0.0
2021-08-19,Oracle_reference,0.1,60,188.0,169.2000001,18.79999989999999,9.999999946808504,0,18.79999989999999,162.99999700000058,12752.0,0.0
2021-08-19,SeasonalNaive,0.15,30,188.0,202.70384763889106,-14.703847638891062,-7.821195552601628,1,22.629999899999973,305.50731853955386,12752.0,0.0
2021-08-19,AI,0.15,30,188.0,182.8111004835353,5.188899516464687,2.7600529342897273,0,11.439622838038076,301.7175688984286,12752.0,0.0
2021-08-19,Oracle_reference,0.15,30,188.0,165.1687501,22.83124989999999,12.144281861702122,0,22.83124989999999,488.59373930000186,12752.0,0.0
2021-08-19,SeasonalNaive,0.15,60,188.0,199.79368002132878,-11.793680021328782,-6.273234053898289,1,29.849999900000114,481.6835512633139,12752.0,0.0
2021-08-19,AI,0.15,60,188.0,177.05248608411003,10.94751391588997,5.823145699941475,0,17.432987443412657,482.97580722676435,12752.0,0.0
2021-08-19,Oracle_reference,0.15,60,188.0,159.80000010000006,28.199999899999938,14.999999946808478,0,28.199999899999938,569.4499943999981,12752.0,0.0
2021-08-20,SeasonalNaive,0.0,30,193.0,193.0,0.0,0.0,0,0.0,0.0,12518.0,0.0
2021-08-20,AI,0.0,30,193.0,193.0,0.0,0.0,0,0.0,0.0,12518.0,0.0
2021-08-20,Oracle_reference,0.0,30,193.0,193.0,0.0,0.0,0,0.0,0.0,12518.0,0.0
2021-08-20,SeasonalNaive,0.0,60,193.0,193.0,0.0,0.0,0,0.0,0.0,12518.0,0.0
2021-08-20,AI,0.0,60,193.0,193.0,0.0,0.0,0,0.0,0.0,12518.0,0.0
2021-08-20,Oracle_reference,0.0,60,193.0,193.0,0.0,0.0,0,0.0,0.0,12518.0,0.0
2021-08-20,SeasonalNaive,0.05,30,193.0,198.06838244264705,-5.068382442647049,-2.626104892563238,1,10.3499999,31.34184258793792,12518.0,0.0
2021-08-20,AI,0.05,30,193.0,187.62059788028733,5.379402119712665,2.7872549843070806,0,5.607373090481843,108.05736969455967,12518.0,0.0
2021-08-20,Oracle_reference,0.05,30,193.0,183.3500001,9.649999900000012,4.9999999481865345,0,9.649999900000012,15.949999700000038,12518.0,0.0
2021-08-20,SeasonalNaive,0.05,60,193.0,193.0,0.0,0.0,0,10.349999899999915,31.341842587937446,12518.0,0.0
2021-08-20,AI,0.05,60,193.0,184.8598570823536,8.140142917646386,4.217690630904864,0,7.703812112509553,148.35878653250526,12518.0,0.0
2021-08-20,Oracle_reference,0.05,60,193.0,183.3500001,9.649999900000012,4.9999999481865345,0,9.649999900000012,15.949999700000038,12518.0,0.0
2021-08-20,SeasonalNaive,0.1,30,193.0,195.34777899155415,-2.3477789915541507,-1.2164657987327205,1,20.699999899999938,165.58144506062428,12518.0,0.0
2021-08-20,AI,0.1,30,193.0,184.35752104999978,8.642478950000225,4.477968367875764,0,7.727243708650917,235.2078556387455,12518.0,0.0
2021-08-20,Oracle_reference,0.1,30,193.0,173.7000001,19.29999989999999,9.999999948186522,0,19.29999989999999,115.69999810000027,12518.0,0.0
2021-08-20,SeasonalNaive,0.1,60,193.0,188.7499999166666,4.25000008333339,2.202072582038026,0,20.699999899999938,135.9681240473809,12518.0,0.0
2021-08-20,AI,0.1,60,193.0,178.91523070234277,14.084769297657232,7.29780792624727,0,11.920121752706422,363.09735674134294,12518.0,0.0
2021-08-20,Oracle_reference,0.1,60,193.0,173.70000009999998,19.299999900000017,9.999999948186536,0,19.299999900000017,98.79999840000022,12518.0,0.0
2021-08-20,SeasonalNaive,0.15,30,193.0,194.36507741082474,-1.365077410824739,-0.7072939952459788,1,23.774999899999983,292.4918606292398,12518.0,0.0
2021-08-20,AI,0.15,30,193.0,181.38967667816323,11.610323321836773,6.015711565718535,0,9.847114326820048,402.41716423487884,12518.0,0.0
2021-08-20,Oracle_reference,0.15,30,193.0,164.05000010000003,28.949999899999966,14.999999948186511,0,28.949999899999966,542.4999854999993,12518.0,0.0
2021-08-20,SeasonalNaive,0.15,60,193.0,200.2323867232732,-7.232386723273208,-3.7473506338203153,1,30.993749899999983,463.42821061085994,12518.0,0.0
2021-08-20,AI,0.15,60,193.0,181.85624063780855,11.143759362191446,5.773968581446344,0,15.818669406721568,611.0940099606942,12518.0,0.0
2021-08-20,Oracle_reference,0.15,60,193.0,164.0500001,28.949999899999995,14.999999948186526,0,28.949999899999995,310.49999699999984,12518.0,0.0
2021-08-21,SeasonalNaive,0.0,30,110.0,110.0,0.0,0.0,0,0.0,0.0,4309.0,0.0
2021-08-21,AI,0.0,30,110.0,110.0,0.0,0.0,0,0.0,0.0,4309.0,0.0
2021-08-21,Oracle_reference,0.0,30,110.0,110.0,0.0,0.0,0,0.0,0.0,4309.0,0.0
2021-08-21,SeasonalNaive,0.0,60,110.0,110.0,0.0,0.0,0,0.0,0.0,4309.0,0.0
2021-08-21,AI,0.0,60,110.0,110.0,0.0,0.0,0,0.0,0.0,4309.0,0.0
2021-08-21,Oracle_reference,0.0,60,110.0,110.0,0.0,0.0,0,0.0,0.0,4309.0,0.0
2021-08-21,SeasonalNaive,0.05,30,110.0,110.0,0.0,0.0,0,5.183333233333329,29.94475231049379,4309.0,0.0
2021-08-21,AI,0.05,30,110.0,110.0,0.0,0.0,0,4.930639762724468,21.53984466717336,4309.0,0.0
2021-08-21,Oracle_reference,0.05,30,110.0,104.5000001,5.499999900000006,4.999999909090914,0,5.499999900000006,14.49999950000003,4309.0,0.0
2021-08-21,SeasonalNaive,0.05,60,110.0,110.0,0.0,0.0,0,5.399999899999983,21.11886735349396,4309.0,0.0
2021-08-21,AI,0.05,60,110.0,110.0,0.0,0.0,0,4.930639762724454,15.140674071385511,4309.0,0.0
2021-08-21,Oracle_reference,0.05,60,110.0,104.5000001,5.499999900000006,4.999999909090914,0,5.499999900000006,14.49999950000003,4309.0,0.0
2021-08-21,SeasonalNaive,0.1,30,110.0,110.0,0.0,0.0,0,8.699999900000023,64.2187876677132,4309.0,0.0
2021-08-21,AI,0.1,30,110.0,110.0,0.0,0.0,0,8.97791325526606,72.39877726367033,4309.0,0.0
2021-08-21,Oracle_reference,0.1,30,110.0,99.00000010000007,10.999999899999935,9.99999990909085,0,10.999999899999935,68.99999819999884,4309.0,0.0
2021-08-21,SeasonalNaive,0.1,60,110.0,110.0,0.0,0.0,0,10.799999899999989,56.600838540812035,4309.0,0.0
2021-08-21,AI,0.1,60,110.0,113.6885501205832,-3.6885501205832014,-3.353227382348365,1,9.861279625448901,53.01373856573626,4309.0,0.0
2021-08-21,Oracle_reference,0.1,60,110.0,99.0000001,10.999999900000006,9.999999909090915,0,10.999999900000006,61.999998800000085,4309.0,0.0
2021-08-21,SeasonalNaive,0.15,30,110.0,110.0,0.0,0.0,0,12.13571418571425,164.72807506855503,4309.0,0.0
2021-08-21,AI,0.15,30,110.0,114.59532543546753,-4.5953254354675295,-4.1775685776977545,1,11.712978606352522,192.476080022347,4309.0,0.0
2021-08-21,Oracle_reference,0.15,30,110.0,96.39250009999999,13.607499900000008,12.370454454545461,0,13.607499900000008,235.1449894000008,4309.0,0.0
2021-08-21,SeasonalNaive,0.15,60,110.0,111.05348848488362,-1.0534884848836157,-0.9577168044396506,1,16.19999990000008,202.54051701393422,4309.0,0.0
2021-08-21,AI,0.15,60,110.0,109.63270434218177,0.36729565781823226,0.3339051434711202,0,14.791919488173463,171.99228018895016,4309.0,0.0
2021-08-21,Oracle_reference,0.15,60,110.0,93.53750010000002,16.462499899999983,14.965908999999986,0,16.462499899999983,293.56249349999985,4309.0,0.0
2021-08-22,SeasonalNaive,0.0,30,27.0,27.0,0.0,0.0,0,0.0,0.0,2176.0,0.0
2021-08-22,AI,0.0,30,27.0,27.0,0.0,0.0,0,0.0,0.0,2176.0,0.0
2021-08-22,Oracle_reference,0.0,30,27.0,27.0,0.0,0.0,0,0.0,0.0,2176.0,0.0
2021-08-22,SeasonalNaive,0.0,60,27.0,27.0,0.0,0.0,0,0.0,0.0,2176.0,0.0
2021-08-22,AI,0.0,60,27.0,27.0,0.0,0.0,0,0.0,0.0,2176.0,0.0
2021-08-22,Oracle_reference,0.0,60,27.0,27.0,0.0,0.0,0,0.0,0.0,2176.0,0.0
2021-08-22,SeasonalNaive,0.05,30,27.0,27.0,0.0,0.0,0,1.3999998999999974,1.2999999071428547,2176.0,0.0
2021-08-22,AI,0.05,30,27.0,27.348983127944056,-0.34898312794405584,-1.292530103496503,1,1.2457367957531567,11.499600015553531,2176.0,0.0
2021-08-22,Oracle_reference,0.05,30,27.0,25.6500001,1.3499999000000003,4.999999629629631,0,1.3499999000000003,5.799999199999995,2176.0,0.0
2021-08-22,SeasonalNaive,0.05,60,27.0,27.0,0.0,0.0,0,1.3999998999999974,1.2999999071428547,2176.0,0.0
2021-08-22,AI,0.05,60,27.0,27.159769079067917,-0.15976907906791737,-0.5917373298811754,1,1.2457367957531567,8.302235199966386,2176.0,0.0
2021-08-22,Oracle_reference,0.05,60,27.0,25.6500001,1.3499999000000003,4.999999629629631,0,1.3499999000000003,5.799999199999991,2176.0,0.0
2021-08-22,SeasonalNaive,0.1,30,27.0,27.0,0.0,0.0,0,2.7999998999999995,3.984615118681318,2176.0,0.0
2021-08-22,AI,0.1,30,27.0,27.016999144943526,-0.016999144943525835,-0.06295979608713272,1,1.4774421232117128,32.3473140439269,2176.0,0.0
2021-08-22,Oracle_reference,0.1,30,27.0,24.300000100000002,2.699999899999998,9.999999629629622,0,2.699999899999998,18.699998899999972,2176.0,0.0
2021-08-22,SeasonalNaive,0.1,60,27.0,28.114285807142856,-1.1142858071428563,-4.126984470899468,1,2.7999998999999995,3.984615118681318,2176.0,0.0
2021-08-22,AI,0.1,60,27.0,26.817597971369583,0.18240202863041688,0.675563069001544,0,1.5784377735874813,65.00517112824188,2176.0,0.0
2021-08-22,Oracle_reference,0.1,60,27.0,24.300000100000002,2.699999899999998,9.999999629629622,0,2.699999899999998,18.699998899999976,2176.0,0.0
2021-08-22,SeasonalNaive,0.15,30,27.0,28.523077007692308,-1.523077007692308,-5.641025954415955,1,4.199999899999998,14.362690914258224,2176.0,0.0
2021-08-22,AI,0.15,30,27.0,26.831674615263886,0.16832538473611436,0.6234273508744976,0,1.5282931675577984,61.69053220894198,2176.0,0.0
2021-08-22,Oracle_reference,0.15,30,27.0,22.9500001,4.0499998999999995,14.99999962962963,0,4.0499998999999995,66.49998899999994,2176.0,0.0
2021-08-22,SeasonalNaive,0.15,60,27.0,28.523077007692308,-1.523077007692308,-5.641025954415955,1,4.199999899999998,14.36269091425822,2176.0,0.0
2021-08-22,AI,0.15,60,27.0,27.057559806414982,-0.05755980641498226,-0.213184468203638,1,1.61483717414918,101.56736592772987,2176.0,0.0
2021-08-22,Oracle_reference,0.15,60,27.0,22.950000100000004,4.049999899999996,14.999999629629613,0,4.049999899999996,46.54999489999982,2176.0,4.547473508864641e-13
2021-08-23,SeasonalNaive,0.0,30,196.0,196.0,0.0,0.0,0,0.0,0.0,10418.0,0.0
2021-08-23,AI,0.0,30,196.0,196.0,0.0,0.0,0,0.0,0.0,10418.0,0.0
2021-08-23,Oracle_reference,0.0,30,196.0,196.0,0.0,0.0,0,0.0,0.0,10418.0,0.0
2021-08-23,SeasonalNaive,0.0,60,196.0,196.0,0.0,0.0,0,0.0,0.0,10418.0,0.0
2021-08-23,AI,0.0,60,196.0,196.0,0.0,0.0,0,0.0,0.0,10418.0,0.0
2021-08-23,Oracle_reference,0.0,60,196.0,196.0,0.0,0.0,0,0.0,0.0,10418.0,0.0
2021-08-23,SeasonalNaive,0.05,30,196.0,196.0,0.0,0.0,0,9.499999900000006,26.276847095260813,10418.0,0.0
2021-08-23,AI,0.05,30,196.0,196.0,0.0,0.0,0,7.8394595314096875,56.669561232402856,10418.0,0.0
2021-08-23,Oracle_reference,0.05,30,196.0,186.20000009999998,9.799999900000017,4.9999999489796005,0,9.799999900000017,28.599999300000167,10418.0,0.0
2021-08-23,SeasonalNaive,0.05,60,196.0,196.0,0.0,0.0,0,9.499999900000006,21.079045180975083,10418.0,0.0
2021-08-23,AI,0.05,60,196.0,196.0,0.0,0.0,0,9.271480250561922,52.67491751065717,10418.0,0.0
2021-08-23,Oracle_reference,0.05,60,196.0,186.20000009999998,9.799999900000017,4.9999999489796005,0,9.799999900000017,28.599999300000125,10418.0,0.0
2021-08-23,SeasonalNaive,0.1,30,196.0,196.0,0.0,0.0,0,18.114285614285706,109.90536974943116,10418.0,0.0
2021-08-23,AI,0.1,30,196.0,196.0,0.0,0.0,0,13.068305078289882,198.11387523185604,10418.0,0.0
2021-08-23,Oracle_reference,0.1,30,196.0,176.40000009999997,19.59999990000003,9.999999948979607,0,19.59999990000003,272.59999380000176,10418.0,0.0
2021-08-23,SeasonalNaive,0.1,60,196.0,198.47849473251273,-2.478494732512729,-1.264538128833025,1,18.999999900000006,74.80383216090851,10418.0,0.0
2021-08-23,AI,0.1,60,196.0,196.0,0.0,0.0,0,17.972413990057504,260.79347932621505,10418.0,0.0
2021-08-23,Oracle_reference,0.1,60,196.0,176.40000010000003,19.599999899999972,9.999999948979577,0,19.599999899999972,200.3999966,10418.0,0.0
2021-08-23,SeasonalNaive,0.15,30,196.0,196.17394968865545,-0.1739496886554548,-0.08874984115074225,1,23.242857042857167,171.61677212178904,10418.0,0.0
2021-08-23,AI,0.15,30,196.0,196.0,0.0,0.0,0,15.587904747042387,301.7093571008509,10418.0,0.0
2021-08-23,Oracle_reference,0.15,30,196.0,173.59333343333336,22.406666566666644,11.431972738095228,0,22.406666566666644,433.47665876666713,10418.0,0.0
2021-08-23,SeasonalNaive,0.15,60,196.0,196.0,0.0,0.0,0,28.499999899999978,142.0657908188231,10418.0,0.0
2021-08-23,AI,0.15,60,196.0,204.07415399702745,-8.074153997027452,-4.119466325014006,1,22.79639280066945,423.65295441907836,10418.0,0.0
2021-08-23,Oracle_reference,0.15,60,196.0,166.60000010000002,29.399999899999983,14.999999948979584,0,29.399999899999983,609.2999944000007,10418.0,0.0
2021-08-24,SeasonalNaive,0.0,30,201.0,201.0,0.0,0.0,0,0.0,0.0,13071.0,0.0
2021-08-24,AI,0.0,30,201.0,201.0,0.0,0.0,0,0.0,0.0,13071.0,0.0
2021-08-24,Oracle_reference,0.0,30,201.0,201.0,0.0,0.0,0,0.0,0.0,13071.0,0.0
2021-08-24,SeasonalNaive,0.0,60,201.0,201.0,0.0,0.0,0,0.0,0.0,13071.0,0.0
2021-08-24,AI,0.0,60,201.0,201.0,0.0,0.0,0,0.0,0.0,13071.0,0.0
2021-08-24,Oracle_reference,0.0,60,201.0,201.0,0.0,0.0,0,0.0,0.0,13071.0,0.0
2021-08-24,SeasonalNaive,0.05,30,201.0,196.63303583392857,4.366964166071426,2.172618988095237,0,8.649999899999983,47.013005894763566,13071.0,0.0
2021-08-24,AI,0.05,30,201.0,201.0,0.0,0.0,0,9.357968259276646,88.34496466286856,13071.0,0.0
2021-08-24,Oracle_reference,0.05,30,201.0,190.95000009999998,10.049999900000017,4.999999950248765,0,10.049999900000017,16.249999500000094,13071.0,0.0
2021-08-24,SeasonalNaive,0.05,60,201.0,196.63303583392857,4.366964166071426,2.172618988095237,0,8.649999900000012,44.14666896340823,13071.0,0.0
2021-08-24,AI,0.05,60,201.0,201.0,0.0,0.0,0,9.523567810684824,63.92654645871159,13071.0,0.0
2021-08-24,Oracle_reference,0.05,60,201.0,190.95000009999998,10.049999900000017,4.999999950248765,0,10.049999900000017,16.249999500000094,13071.0,0.0
2021-08-24,SeasonalNaive,0.1,30,201.0,194.77178535535714,6.228214644642861,3.0986142510661003,0,14.886666566666634,235.61777953954737,13071.0,0.0
2021-08-24,AI,0.1,30,201.0,198.12273509136236,2.877264908637642,1.4314750789242,0,13.093155594943852,208.64694356356708,13071.0,0.0
2021-08-24,Oracle_reference,0.1,30,201.0,180.9000001,20.0999999,9.999999950248757,0,20.0999999,164.29999650000002,13071.0,0.0
2021-08-24,SeasonalNaive,0.1,60,201.0,191.7981130924529,9.201886907547106,4.578053187834381,0,17.299999900000046,240.32819640117273,13071.0,0.0
2021-08-24,AI,0.1,60,201.0,192.5937266764335,8.406273323566495,4.182225534112684,0,18.04324663044156,302.699980261974,13071.0,0.0
2021-08-24,Oracle_reference,0.1,60,201.0,180.9000001,20.0999999,9.999999950248757,0,20.0999999,115.6999983,13071.0,0.0
2021-08-24,SeasonalNaive,0.15,30,201.0,193.84027809301085,7.159721906989148,3.562050699994601,0,17.04062490000001,369.78486140948235,13071.0,0.0
2021-08-24,AI,0.15,30,201.0,195.34551375890786,5.654486241092144,2.813177234374201,0,15.579586685237814,323.243846296469,13071.0,0.0
2021-08-24,Oracle_reference,0.15,30,201.0,173.47142867142858,27.528571328571417,13.695806631130058,0,27.528571328571417,586.1285601285733,13071.0,0.0
2021-08-24,SeasonalNaive,0.15,60,201.0,186.44759946225167,14.552400537748326,7.240000267536481,0,23.246874899999966,589.9015122962578,13071.0,0.0
2021-08-24,AI,0.15,60,201.0,187.56295900447768,13.437040995522324,6.685095022647923,0,22.696428125816283,479.80347296524405,13071.0,0.0
2021-08-24,Oracle_reference,0.15,60,201.0,170.85000010000002,30.149999899999983,14.999999950248748,0,30.149999899999983,452.7499955000004,13071.0,0.0
2021-08-25,SeasonalNaive,0.0,30,189.0,189.0,0.0,0.0,0,0.0,0.0,12861.0,0.0
2021-08-25,AI,0.0,30,189.0,189.0,0.0,0.0,0,0.0,0.0,12861.0,0.0
2021-08-25,Oracle_reference,0.0,30,189.0,189.0,0.0,0.0,0,0.0,0.0,12861.0,0.0
2021-08-25,SeasonalNaive,0.0,60,189.0,189.0,0.0,0.0,0,0.0,0.0,12861.0,0.0
2021-08-25,AI,0.0,60,189.0,189.0,0.0,0.0,0,0.0,0.0,12861.0,0.0
2021-08-25,Oracle_reference,0.0,60,189.0,189.0,0.0,0.0,0,0.0,0.0,12861.0,0.0
2021-08-25,SeasonalNaive,0.05,30,189.0,189.0,0.0,0.0,0,9.399999900000068,33.88486114937768,12861.0,0.0
2021-08-25,AI,0.05,30,189.0,185.26495305824864,3.7350469417513636,1.9762153130959597,0,6.021057302216917,99.48882191419767,12861.0,0.0
2021-08-25,Oracle_reference,0.05,30,189.0,179.55000010000003,9.449999899999966,4.999999947089929,0,9.449999899999966,31.049999099999955,12861.0,0.0
2021-08-25,SeasonalNaive,0.05,60,189.0,191.61420775081967,-2.6142077508196735,-1.3831787041373933,1,9.399999900000012,33.88486114937736,12861.0,0.0
2021-08-25,AI,0.05,60,189.0,182.73694331077144,6.263056689228563,3.3137866080574407,0,8.470669152861973,138.44493745430356,12861.0,0.0
2021-08-25,Oracle_reference,0.05,60,189.0,179.55000010000003,9.449999899999966,4.999999947089929,0,9.449999899999966,31.049999099999955,12861.0,0.0
2021-08-25,SeasonalNaive,0.1,30,189.0,190.2426855386394,-1.2426855386393925,-0.6575055759996785,1,18.26153836153844,236.3935211253529,12861.0,0.0
2021-08-25,AI,0.1,30,189.0,182.7228953889329,6.277104611067102,3.321219370934975,0,8.484281424668666,207.33183989391028,12861.0,0.0
2021-08-25,Oracle_reference,0.1,30,189.0,170.10000009999993,18.89999990000007,9.999999947089984,0,18.89999990000007,291.2999908000089,12861.0,0.0
2021-08-25,SeasonalNaive,0.1,60,189.0,187.8517645994118,1.1482354005881916,0.6075319579831702,0,18.799999900000046,178.5003128342134,12861.0,0.0
2021-08-25,AI,0.1,60,189.0,181.97624821878128,7.023751781218721,3.716270783713609,0,13.38350512595872,315.975505104795,12861.0,0.0
2021-08-25,Oracle_reference,0.1,60,189.0,170.10000010000002,18.899999899999983,9.99999994708994,0,18.899999899999983,215.99999600000046,12861.0,0.0
2021-08-25,SeasonalNaive,0.15,30,189.0,187.26947476478094,1.730525235219062,0.9156218175762233,0,20.96923066923074,378.3446608392351,12861.0,0.0
2021-08-25,AI,0.15,30,189.0,181.9365289225452,7.063471077454807,3.737286284367623,0,10.947505547120386,333.8075595794661,12861.0,0.0
2021-08-25,Oracle_reference,0.15,30,189.0,167.5900001,21.409999900000003,11.328042275132276,0,21.409999900000003,493.5599879000038,12861.0,0.0
2021-08-25,SeasonalNaive,0.15,60,189.0,180.64427945181953,8.355720548180471,4.42101616305845,0,28.199999899999966,545.6811833406484,12861.0,0.0
2021-08-25,AI,0.15,60,189.0,179.6146062773975,9.385393722602487,4.96581678444576,0,18.09469829395141,541.6326667147557,12861.0,0.0
2021-08-25,Oracle_reference,0.15,60,189.0,160.89000010000004,28.109999899999963,14.873015820105799,0,28.109999899999963,697.0999924999994,12861.0,0.0
2021-08-26,SeasonalNaive,0.0,30,202.0,202.0,0.0,0.0,0,0.0,0.0,13272.0,0.0
2021-08-26,AI,0.0,30,202.0,202.0,0.0,0.0,0,0.0,0.0,13272.0,0.0
2021-08-26,Oracle_reference,0.0,30,202.0,202.0,0.0,0.0,0,0.0,0.0,13272.0,0.0
2021-08-26,SeasonalNaive,0.0,60,202.0,202.0,0.0,0.0,0,0.0,0.0,13272.0,0.0
2021-08-26,AI,0.0,60,202.0,202.0,0.0,0.0,0,0.0,0.0,13272.0,0.0
2021-08-26,Oracle_reference,0.0,60,202.0,202.0,0.0,0.0,0,0.0,0.0,13272.0,0.0
2021-08-26,SeasonalNaive,0.05,30,202.0,199.0,3.0,1.4851485148514851,0,9.399999900000012,33.1596159444174,13272.0,0.0
2021-08-26,AI,0.05,30,202.0,198.32480240988036,3.6751975901196374,1.819404747583979,0,6.315965973638782,99.56938236383232,13272.0,0.0
2021-08-26,Oracle_reference,0.05,30,202.0,191.9000001,10.0999999,4.99999995049505,0,10.0999999,46.399998600000025,13272.0,-1.8189894035458565e-12
2021-08-26,SeasonalNaive,0.05,60,202.0,203.89823926017516,-1.8982392601751599,-0.9397224060273068,1,9.399999900000012,33.1596159444174,13272.0,0.0
2021-08-26,AI,0.05,60,202.0,195.62980232659385,6.370197673406153,3.1535632046565114,0,8.703316971454427,150.66299755194527,13272.0,0.0
2021-08-26,Oracle_reference,0.05,60,202.0,191.9000001,10.0999999,4.99999995049505,0,10.0999999,40.199998800000024,13272.0,0.0
2021-08-26,SeasonalNaive,0.1,30,202.0,206.85075020478683,-4.850750204786834,-2.4013614875182347,1,18.799999899999847,220.79682372492303,13272.0,1.8189894035458565e-12
2021-08-26,AI,0.1,30,202.0,195.60299100718254,6.397008992817462,3.166836135058149,0,8.727067631258194,219.23537922279417,13272.0,0.0
2021-08-26,Oracle_reference,0.1,30,202.0,182.89333343333334,19.10666656666666,9.458745825082506,0,19.10666656666666,321.35332503333524,13272.0,0.0
2021-08-26,SeasonalNaive,0.1,60,202.0,207.23590283466592,-5.2359028346659215,-2.5920311062702583,1,18.79999989999999,172.4558675678557,13272.0,0.0
2021-08-26,AI,0.1,60,202.0,190.21299084060956,11.787009159390436,5.8351530492031864,0,13.501769626889484,367.8575440523007,13272.0,0.0
2021-08-26,Oracle_reference,0.1,60,202.0,181.8000001,20.199999899999995,9.999999950495047,0,20.199999899999995,240.59999619999977,13272.0,0.0
2021-08-26,SeasonalNaive,0.15,30,202.0,202.95882992938158,-0.9588299293815794,-0.474668281872069,1,22.83124989999999,517.5203399095515,13272.0,0.0
2021-08-26,AI,0.15,30,202.0,192.88117960448471,9.118820395515286,4.51426752253232,0,11.138169288877663,382.74594442128193,13272.0,0.0
2021-08-26,Oracle_reference,0.15,30,202.0,180.4400001,21.559999900000008,10.673267277227726,0,21.559999900000008,482.4099914000032,13272.0,-1.8189894035458565e-12
2021-08-26,SeasonalNaive,0.15,60,202.0,193.86733790294835,8.13266209705165,4.026070345075074,0,28.199999899999938,611.9857791623799,13272.0,0.0
2021-08-26,AI,0.15,60,202.0,185.0059979685673,16.9940020314327,8.412872292788466,0,18.114355617436047,610.5833390109333,13272.0,0.0
2021-08-26,Oracle_reference,0.15,60,202.0,172.65000010000006,29.349999899999943,14.529702920792051,0,29.349999899999943,648.9999939999984,13272.0,0.0
2021-08-27,SeasonalNaive,0.0,30,190.0,190.0,0.0,0.0,0,0.0,0.0,12370.0,0.0
2021-08-27,AI,0.0,30,190.0,190.0,0.0,0.0,0,0.0,0.0,12370.0,0.0
2021-08-27,Oracle_reference,0.0,30,190.0,190.0,0.0,0.0,0,0.0,0.0,12370.0,0.0
2021-08-27,SeasonalNaive,0.0,60,190.0,190.0,0.0,0.0,0,0.0,0.0,12370.0,0.0
2021-08-27,AI,0.0,60,190.0,190.0,0.0,0.0,0,0.0,0.0,12370.0,0.0
2021-08-27,Oracle_reference,0.0,60,190.0,190.0,0.0,0.0,0,0.0,0.0,12370.0,0.0
2021-08-27,SeasonalNaive,0.05,30,190.0,190.0,0.0,0.0,0,9.649999900000012,14.727931347202276,12370.0,0.0
2021-08-27,AI,0.05,30,190.0,185.48752251492655,4.512477485073447,2.3749881500386563,0,7.568025671223921,96.34124290132603,12370.0,0.0
2021-08-27,Oracle_reference,0.05,30,190.0,180.50000010000005,9.499999899999949,4.999999947368394,0,9.499999899999949,25.499999299999637,12370.0,0.0
2021-08-27,SeasonalNaive,0.05,60,190.0,190.0,0.0,0.0,0,9.649999900000012,14.727931347202276,12370.0,0.0
2021-08-27,AI,0.05,60,190.0,183.99521581444876,6.0047841855512445,3.160412729237497,0,9.12485156484172,109.6486745335755,12370.0,0.0
2021-08-27,Oracle_reference,0.05,60,190.0,180.5000001,9.499999900000006,4.9999999473684245,0,9.499999900000006,22.499999500000023,12370.0,0.0
2021-08-27,SeasonalNaive,0.1,30,190.0,190.0,0.0,0.0,0,19.29999989999999,108.28049465081475,12370.0,0.0
2021-08-27,AI,0.1,30,190.0,182.7896509266648,7.210349073335209,3.794920564913268,0,9.854226495701596,203.52701058061524,12370.0,0.0
2021-08-27,Oracle_reference,0.1,30,190.0,171.12307702307695,18.876922976923055,9.935222619433187,0,18.876922976923055,229.37691647692353,12370.0,0.0
2021-08-27,SeasonalNaive,0.1,60,190.0,191.73798892905026,-1.7379889290502604,-0.9147310152896108,1,19.299999900000017,92.37610467086431,12370.0,1.8189894035458565e-12
2021-08-27,AI,0.1,60,190.0,178.10327843556126,11.896721564438735,6.261432402336176,0,14.33605731433704,313.84920568515383,12370.0,0.0
2021-08-27,Oracle_reference,0.1,60,190.0,171.0000001,18.999999900000006,9.999999947368424,0,18.999999900000006,121.99999750000023,12370.0,0.0
2021-08-27,SeasonalNaive,0.15,30,190.0,189.4308253825179,0.5691746174821048,0.2995655881484762,0,28.949999899999966,531.2035232793896,12370.0,0.0
2021-08-27,AI,0.15,30,190.0,180.20421219516146,9.79578780483854,5.155677792020284,0,12.07804895777599,340.17483960040727,12370.0,0.0
2021-08-27,Oracle_reference,0.15,30,190.0,168.6312501,21.36874990000001,11.246710473684217,0,21.36874990000001,317.57499320000085,12370.0,0.0
2021-08-27,SeasonalNaive,0.15,60,190.0,189.69779956423608,0.30220043576392186,0.15905286092837992,0,28.949999899999995,295.91278380708576,12370.0,0.0
2021-08-27,AI,0.15,60,190.0,172.86528039552155,17.134719604478448,9.018273476041289,0,18.800795185729157,556.7587473206312,12370.0,0.0
2021-08-27,Oracle_reference,0.15,60,190.0,161.7312501,28.26874989999999,14.878289421052626,0,28.26874989999999,413.83749579999954,12370.0,0.0
2021-08-28,SeasonalNaive,0.0,30,119.0,119.0,0.0,0.0,0,0.0,0.0,4434.0,0.0
2021-08-28,AI,0.0,30,119.0,119.0,0.0,0.0,0,0.0,0.0,4434.0,0.0
2021-08-28,Oracle_reference,0.0,30,119.0,119.0,0.0,0.0,0,0.0,0.0,4434.0,0.0
2021-08-28,SeasonalNaive,0.0,60,119.0,119.0,0.0,0.0,0,0.0,0.0,4434.0,0.0
2021-08-28,AI,0.0,60,119.0,119.0,0.0,0.0,0,0.0,0.0,4434.0,0.0
2021-08-28,Oracle_reference,0.0,60,119.0,119.0,0.0,0.0,0,0.0,0.0,4434.0,0.0
2021-08-28,SeasonalNaive,0.05,30,119.0,119.0,0.0,0.0,0,5.499999900000006,14.07088348317911,4434.0,0.0
2021-08-28,AI,0.05,30,119.0,114.1,4.900000000000006,4.117647058823534,0,5.3414865039182615,21.492537932877735,4434.0,0.0
2021-08-28,Oracle_reference,0.05,30,119.0,113.05000009999999,5.949999900000009,4.999999915966394,0,5.949999900000009,5.949999900000005,4434.0,0.0
2021-08-28,SeasonalNaive,0.05,60,119.0,119.0,0.0,0.0,0,5.499999900000006,14.07088348317911,4434.0,0.0
2021-08-28,AI,0.05,60,119.0,116.94999988860778,2.0500001113922224,1.7226891692371618,0,5.341486503918247,19.57350430937844,4434.0,0.0
2021-08-28,Oracle_reference,0.05,60,119.0,113.05000009999999,5.949999900000009,4.999999915966394,0,5.949999900000009,5.949999900000005,4434.0,0.0
2021-08-28,SeasonalNaive,0.1,30,119.0,115.77253115394863,3.227468846051366,2.7121586941608116,0,10.999999899999935,68.38848368922646,4434.0,0.0
2021-08-28,AI,0.1,30,119.0,118.6571806109153,0.34281938908469556,0.28808352023923994,0,10.682973107836702,119.34510792062953,4434.0,0.0
2021-08-28,Oracle_reference,0.1,30,119.0,107.1000001,11.899999899999997,9.999999915966384,0,11.899999899999997,38.49999850000016,4434.0,0.0
2021-08-28,SeasonalNaive,0.1,60,119.0,119.77230271154056,-0.7723027115405614,-0.6489938752441693,1,10.999999900000006,61.29548201199832,4434.0,0.0
2021-08-28,AI,0.1,60,119.0,118.62621482155836,0.3737851784416364,0.31410519196776165,0,10.682973107836531,86.95852888680736,4434.0,0.0
2021-08-28,Oracle_reference,0.1,60,119.0,107.10000009999999,11.899999900000012,9.999999915966397,0,11.899999900000012,25.399999400000063,4434.0,0.0
2021-08-28,SeasonalNaive,0.15,30,119.0,115.98781149118658,3.0121885088134235,2.5312508477423727,0,13.607499900000008,240.82004701120985,4434.0,0.0
2021-08-28,AI,0.15,30,119.0,117.24001186119314,1.759988138806861,1.478981629249463,0,12.128413603355867,174.3358460696857,4434.0,0.0
2021-08-28,Oracle_reference,0.15,30,119.0,102.09642867142855,16.903571328571445,14.2046817887155,0,16.903571328571445,198.7607083857153,4434.0,0.0
2021-08-28,SeasonalNaive,0.15,60,119.0,111.18216030970873,7.817839690291265,6.56961318511871,0,16.462499899999983,299.9577857943924,4434.0,0.0
2021-08-28,AI,0.15,60,119.0,112.21473352105333,6.785266478946667,5.701904604156863,0,16.02445971175503,307.1655694416005,4434.0,0.0
2021-08-28,Oracle_reference,0.15,60,119.0,101.1500001,17.8499999,14.999999915966386,0,17.8499999,120.999998,4434.0,0.0
2021-08-29,SeasonalNaive,0.0,30,41.0,41.0,0.0,0.0,0,0.0,0.0,1091.0,0.0
2021-08-29,AI,0.0,30,41.0,41.0,0.0,0.0,0,0.0,0.0,1091.0,0.0
2021-08-29,Oracle_reference,0.0,30,41.0,41.0,0.0,0.0,0,0.0,0.0,1091.0,0.0
2021-08-29,SeasonalNaive,0.0,60,41.0,41.0,0.0,0.0,0,0.0,0.0,1091.0,0.0
2021-08-29,AI,0.0,60,41.0,41.0,0.0,0.0,0,0.0,0.0,1091.0,0.0
2021-08-29,Oracle_reference,0.0,60,41.0,41.0,0.0,0.0,0,0.0,0.0,1091.0,0.0
2021-08-29,SeasonalNaive,0.05,30,41.0,41.0,0.0,0.0,0,1.3499999000000003,1.8442304645299112,1091.0,0.0
2021-08-29,AI,0.05,30,41.0,41.0,0.0,0.0,0,1.2506563721459756,3.405506003122687,1091.0,0.0
2021-08-29,Oracle_reference,0.05,30,41.0,38.950000100000004,2.049999899999996,4.9999997560975515,0,2.049999899999996,2.049999899999996,1091.0,0.0
2021-08-29,SeasonalNaive,0.05,60,41.0,41.0,0.0,0.0,0,1.3499999000000003,1.8442304645299112,1091.0,0.0
2021-08-29,AI,0.05,60,41.0,41.0,0.0,0.0,0,1.2506563721459756,3.22015751655998,1091.0,-2.2737367544323206e-13
2021-08-29,Oracle_reference,0.05,60,41.0,38.950000100000004,2.049999899999996,4.9999997560975515,0,2.049999899999996,2.049999899999996,1091.0,0.0
2021-08-29,SeasonalNaive,0.1,30,41.0,41.0,0.0,0.0,0,2.699999899999998,6.5176919229914425,1091.0,0.0
2021-08-29,AI,0.1,30,41.0,40.135589346045606,0.8644106539543941,2.108318668181449,0,1.777647723274665,39.57125463070398,1091.0,0.0
2021-08-29,Oracle_reference,0.1,30,41.0,36.9000001,4.0999999,9.999999756097562,0,4.0999999,4.099999900000002,1091.0,0.0
2021-08-29,SeasonalNaive,0.1,60,41.0,41.0,0.0,0.0,0,2.699999899999998,6.5176919229914425,1091.0,0.0
2021-08-29,AI,0.1,60,41.0,40.85332826486841,0.1466717351315907,0.3577359393453432,0,1.8827815256400875,44.72346948642188,1091.0,0.0
2021-08-29,Oracle_reference,0.1,60,41.0,36.9000001,4.0999999,9.999999756097562,0,4.0999999,4.099999900000002,1091.0,0.0
2021-08-29,SeasonalNaive,0.15,30,41.0,41.0,0.0,0.0,0,4.0499998999999995,31.09706654238181,1091.0,0.0
2021-08-29,AI,0.15,30,41.0,39.89002066801192,1.1099793319880789,2.707266663385558,0,1.8728419993381316,78.35482929082013,1091.0,0.0
2021-08-29,Oracle_reference,0.15,30,41.0,34.8500001,6.149999899999997,14.999999756097557,0,6.149999899999997,6.149999899999999,1091.0,0.0
2021-08-29,SeasonalNaive,0.15,60,41.0,41.0,0.0,0.0,0,4.049999899999996,18.621106288775014,1091.0,0.0
2021-08-29,AI,0.15,60,41.0,40.85332826486841,0.1466717351315907,0.3577359393453432,0,1.8827815256400875,44.69823876680165,1091.0,0.0
2021-08-29,Oracle_reference,0.15,60,41.0,34.8500001,6.149999899999997,14.999999756097557,0,6.149999899999997,6.149999899999999,1091.0,0.0
2021-08-30,SeasonalNaive,0.0,30,186.0,186.0,0.0,0.0,0,0.0,0.0,10346.0,0.0
2021-08-30,AI,0.0,30,186.0,186.0,0.0,0.0,0,0.0,0.0,10346.0,0.0
2021-08-30,Oracle_reference,0.0,30,186.0,186.0,0.0,0.0,0,0.0,0.0,10346.0,0.0
2021-08-30,SeasonalNaive,0.0,60,186.0,186.0,0.0,0.0,0,0.0,0.0,10346.0,0.0
2021-08-30,AI,0.0,60,186.0,186.0,0.0,0.0,0,0.0,0.0,10346.0,0.0
2021-08-30,Oracle_reference,0.0,60,186.0,186.0,0.0,0.0,0,0.0,0.0,10346.0,0.0
2021-08-30,SeasonalNaive,0.05,30,186.0,186.0,0.0,0.0,0,9.799999900000017,25.41910676204236,10346.0,0.0
2021-08-30,AI,0.05,30,186.0,184.63776814129497,1.3622318587050302,0.7323827197338871,0,9.316661282012745,59.967079960563034,10346.0,0.0
2021-08-30,Oracle_reference,0.05,30,186.0,176.70000009999998,9.299999900000017,4.999999946236568,0,9.299999900000017,27.69999910000014,10346.0,0.0
2021-08-30,SeasonalNaive,0.05,60,186.0,186.0,0.0,0.0,0,9.799999900000017,25.419106762042322,10346.0,0.0
2021-08-30,AI,0.05,60,186.0,184.16967521979194,1.830324780208059,0.984045580757021,0,9.789402811853222,44.61111959150323,10346.0,0.0
2021-08-30,Oracle_reference,0.05,60,186.0,176.70000009999998,9.299999900000017,4.999999946236568,0,9.299999900000017,27.69999910000014,10346.0,0.0
2021-08-30,SeasonalNaive,0.1,30,186.0,181.4913784373227,4.508621562677291,2.423990087460909,0,19.59999990000003,254.5501202717874,10346.0,0.0
2021-08-30,AI,0.1,30,186.0,188.53078349808234,-2.530783498082343,-1.3606362892915822,1,14.524226644924,180.94235968395134,10346.0,0.0
2021-08-30,Oracle_reference,0.1,30,186.0,167.64666676666667,18.35333323333333,9.86738345878136,0,18.35333323333333,250.81332693333317,10346.0,0.0
2021-08-30,SeasonalNaive,0.1,60,186.0,184.466310071123,1.5336899288770098,0.8245644778908655,0,19.599999899999972,184.90241129228258,10346.0,0.0
2021-08-30,AI,0.1,60,186.0,182.467746272358,3.5322537276420007,1.8990611438935487,0,19.578805723706353,237.1770742036971,10346.0,0.0
2021-08-30,Oracle_reference,0.1,60,186.0,167.4000001000001,18.599999899999887,9.999999946236498,0,18.599999899999887,196.3999965999971,10346.0,0.0
2021-08-30,SeasonalNaive,0.15,30,186.0,183.03285970737235,2.967140292627647,1.595236716466477,0,22.406666566666644,406.9543771726543,10346.0,0.0
2021-08-30,AI,0.15,30,186.0,186.27908948180877,-0.2790894818087679,-0.15004810849933758,1,17.073326685733974,266.56781062487255,10346.0,0.0
2021-08-30,Oracle_reference,0.15,30,186.0,165.33666676666667,20.663333233333333,11.10931894265233,0,20.663333233333333,376.3266604666684,10346.0,0.0
2021-08-30,SeasonalNaive,0.15,60,186.0,180.9150837027933,5.084916297206689,2.7338259662401554,0,29.399999899999983,575.6139127647842,10346.0,0.0
2021-08-30,AI,0.15,60,186.0,178.10738598493893,7.892614015061071,4.243340868312403,0,24.657884723018213,395.6119650126582,10346.0,0.0
2021-08-30,Oracle_reference,0.15,60,186.0,158.39666676666667,27.60333323333333,14.840501738351254,0,27.60333323333333,619.4399913000022,10346.0,0.0
2021-08-31,SeasonalNaive,0.0,30,187.0,187.0,0.0,0.0,0,0.0,0.0,12928.0,0.0
2021-08-31,AI,0.0,30,187.0,187.0,0.0,0.0,0,0.0,0.0,12928.0,0.0
2021-08-31,Oracle_reference,0.0,30,187.0,187.0,0.0,0.0,0,0.0,0.0,12928.0,0.0
2021-08-31,SeasonalNaive,0.0,60,187.0,187.0,0.0,0.0,0,0.0,0.0,12928.0,0.0
2021-08-31,AI,0.0,60,187.0,187.0,0.0,0.0,0,0.0,0.0,12928.0,0.0
2021-08-31,Oracle_reference,0.0,60,187.0,187.0,0.0,0.0,0,0.0,0.0,12928.0,0.0
2021-08-31,SeasonalNaive,0.05,30,187.0,187.0,0.0,0.0,0,10.049999900000017,13.913022539069814,12928.0,0.0
2021-08-31,AI,0.05,30,187.0,187.0,0.0,0.0,0,9.877849943590718,63.84310959979266,12928.0,0.0
2021-08-31,Oracle_reference,0.05,30,187.0,177.65000010000006,9.349999899999943,4.999999946524034,0,9.349999899999943,54.54999869999925,12928.0,0.0
2021-08-31,SeasonalNaive,0.05,60,187.0,187.0,0.0,0.0,0,10.049999900000017,13.913022539069814,12928.0,0.0
2021-08-31,AI,0.05,60,187.0,187.0,0.0,0.0,0,9.877849943590775,48.4413963298112,12928.0,0.0
2021-08-31,Oracle_reference,0.05,60,187.0,177.6500001,9.3499999,4.999999946524064,0,9.3499999,54.14999910000003,12928.0,0.0
2021-08-31,SeasonalNaive,0.1,30,187.0,191.09722193055555,-4.097221930555548,-2.1910277703505607,1,20.0999999,148.49850536820898,12928.0,0.0
2021-08-31,AI,0.1,30,187.0,185.87366335302022,1.1263366469797802,0.6023190625560322,0,14.058934339642434,186.29229447210074,12928.0,0.0
2021-08-31,Oracle_reference,0.1,30,187.0,169.6571429571429,17.342857042857105,9.274255103132141,0,17.342857042857105,252.08571058571397,12928.0,1.8189894035458565e-12
2021-08-31,SeasonalNaive,0.1,60,187.0,187.04432413405405,-0.044324134054051,-0.023702745483449732,1,20.0999999,102.98606839704271,12928.0,0.0
2021-08-31,AI,0.1,60,187.0,180.9422157394098,6.057784260590211,3.2394568238450323,0,19.145210640496373,300.11240129924903,12928.0,0.0
2021-08-31,Oracle_reference,0.1,60,187.0,168.30000010000003,18.699999899999966,9.999999946524046,0,18.699999899999966,197.1999973999998,12928.0,0.0
2021-08-31,SeasonalNaive,0.15,30,187.0,183.55668364358394,3.4433163564160623,1.8413456451422794,0,27.528571328571417,546.583859157593,12928.0,0.0
2021-08-31,AI,0.15,30,187.0,183.4809665626115,3.5190334373884866,1.8818360627745918,0,16.65778872075279,307.22569313650655,12928.0,0.0
2021-08-31,Oracle_reference,0.15,30,187.0,164.5250001,22.4749999,12.018716524064173,0,22.4749999,598.1999876000035,12928.0,0.0
2021-08-31,SeasonalNaive,0.15,60,187.0,182.20539293112057,4.794607068879429,2.563960999400764,0,30.149999899999983,416.9358311490728,12928.0,0.0
2021-08-31,AI,0.15,60,187.0,175.98657457195435,11.01342542804565,5.889532314462914,0,24.16493330743188,512.3519117150587,12928.0,1.8189894035458565e-12
2021-08-31,Oracle_reference,0.15,60,187.0,158.9500001,28.04999989999999,14.999999946524058,0,28.04999989999999,617.7499924999992,12928.0,0.0
2021-09-01,SeasonalNaive,0.0,30,198.0,198.0,0.0,0.0,0,0.0,0.0,13359.0,0.0
2021-09-01,AI,0.0,30,198.0,198.0,0.0,0.0,0,0.0,0.0,13359.0,0.0
2021-09-01,Oracle_reference,0.0,30,198.0,198.0,0.0,0.0,0,0.0,0.0,13359.0,0.0
2021-09-01,SeasonalNaive,0.0,60,198.0,198.0,0.0,0.0,0,0.0,0.0,13359.0,0.0
2021-09-01,AI,0.0,60,198.0,198.0,0.0,0.0,0,0.0,0.0,13359.0,0.0
2021-09-01,Oracle_reference,0.0,60,198.0,198.0,0.0,0.0,0,0.0,0.0,13359.0,0.0
2021-09-01,SeasonalNaive,0.05,30,198.0,198.0,0.0,0.0,0,9.449999899999966,31.689175998376683,13359.0,0.0
2021-09-01,AI,0.05,30,198.0,191.2816464615668,6.718353538433206,3.3931078476935386,0,8.508844868822166,123.95424383394527,13359.0,0.0
2021-09-01,Oracle_reference,0.05,30,198.0,188.1000001,9.899999900000012,4.999999949494955,0,9.899999900000012,41.19999920000008,13359.0,0.0
2021-09-01,SeasonalNaive,0.05,60,198.0,198.0,0.0,0.0,0,9.449999899999966,31.689175998376683,13359.0,0.0
2021-09-01,AI,0.05,60,198.0,190.434142421392,7.565857578607989,3.8211401912161564,0,9.294785893588369,113.73611908740556,13359.0,0.0
2021-09-01,Oracle_reference,0.05,60,198.0,188.1000001,9.899999900000012,4.999999949494955,0,9.899999900000012,41.19999920000008,13359.0,0.0
2021-09-01,SeasonalNaive,0.1,30,198.0,200.30123118171912,-2.3012311817191176,-1.1622379705652108,1,18.89999990000007,299.12542703245845,13359.0,0.0
2021-09-01,AI,0.1,30,198.0,191.63431377376202,6.365686226237983,3.214993043554537,0,10.944351204288466,221.3213747799142,13359.0,0.0
2021-09-01,Oracle_reference,0.1,30,198.0,178.63571438571432,19.364285614285677,9.77994222943721,0,19.364285614285677,272.66428141428537,13359.0,0.0
2021-09-01,SeasonalNaive,0.1,60,198.0,197.29944144469272,0.700558555307282,0.3538174521753949,0,18.899999899999983,220.98787948811182,13359.0,0.0
2021-09-01,AI,0.1,60,198.0,200.2236362044441,-2.223636204444091,-1.1230485881030763,1,15.774526400966181,342.71727991427537,13359.0,0.0
2021-09-01,Oracle_reference,0.1,60,198.0,178.2000001,19.79999989999999,9.999999949494944,0,19.79999989999999,197.19999710000045,13359.0,0.0
2021-09-01,SeasonalNaive,0.15,30,198.0,205.7643317221721,-7.764331722172102,-3.9213796576626776,1,21.409999900000003,503.00592108424075,13359.0,0.0
2021-09-01,AI,0.15,30,198.0,192.03036708474752,5.969632915252475,3.0149661188143817,0,13.379857539754909,363.265493318999,13359.0,0.0
2021-09-01,Oracle_reference,0.15,30,198.0,176.02500010000003,21.974999899999972,11.098484797979783,0,21.974999899999972,412.09999360000006,13359.0,0.0
2021-09-01,SeasonalNaive,0.15,60,198.0,200.06041772551725,-2.0604177255172544,-1.0406150128875022,1,28.109999899999963,712.2683422661189,13359.0,0.0
2021-09-01,AI,0.15,60,198.0,200.91872019008196,-2.918720190081956,-1.474101106101998,1,20.62512033477148,575.6992359714992,13359.0,0.0
2021-09-01,Oracle_reference,0.15,60,198.0,168.30000010000006,29.699999899999938,14.999999949494919,0,29.699999899999938,613.5999933999979,13359.0,0.0
2021-09-02,SeasonalNaive,0.0,30,198.0,198.0,0.0,0.0,0,0.0,0.0,13413.0,0.0
2021-09-02,AI,0.0,30,198.0,198.0,0.0,0.0,0,0.0,0.0,13413.0,0.0
2021-09-02,Oracle_reference,0.0,30,198.0,198.0,0.0,0.0,0,0.0,0.0,13413.0,0.0
2021-09-02,SeasonalNaive,0.0,60,198.0,198.0,0.0,0.0,0,0.0,0.0,13413.0,0.0
2021-09-02,AI,0.0,60,198.0,198.0,0.0,0.0,0,0.0,0.0,13413.0,0.0
2021-09-02,Oracle_reference,0.0,60,198.0,198.0,0.0,0.0,0,0.0,0.0,13413.0,0.0
2021-09-02,SeasonalNaive,0.05,30,198.0,198.73718601155778,-0.7371860115577817,-0.3723161674534251,1,10.0999999,41.971950585371566,13413.0,0.0
2021-09-02,AI,0.05,30,198.0,196.71866329225713,1.2813367077428666,0.6471397513852861,0,8.334355550360215,105.32020089355251,13413.0,0.0
2021-09-02,Oracle_reference,0.05,30,198.0,188.10000009999996,9.89999990000004,4.99999994949497,0,9.89999990000004,37.19999920000032,13413.0,0.0
2021-09-02,SeasonalNaive,0.05,60,198.0,198.0,0.0,0.0,0,10.0999999,35.57820079162157,13413.0,0.0
2021-09-02,AI,0.05,60,198.0,196.4746184711185,1.5253815288814963,0.7703947115563112,0,10.072473384898899,113.7939594280569,13413.0,0.0
2021-09-02,Oracle_reference,0.05,60,198.0,188.1000001,9.899999900000012,4.999999949494955,0,9.899999900000012,35.49999950000006,13413.0,0.0
2021-09-02,SeasonalNaive,0.1,30,198.0,200.8933334333333,-2.8933334333333107,-1.4612795117845003,1,19.10666656666666,302.2888904731857,13413.0,0.0
2021-09-02,AI,0.1,30,198.0,195.70342101310752,2.2965789868924844,1.1598883772184265,0,10.954649018805412,210.00883441899464,13413.0,0.0
2021-09-02,Oracle_reference,0.1,30,198.0,178.2000001,19.79999989999999,9.999999949494944,0,19.79999989999999,208.59999530000073,13413.0,0.0
2021-09-02,SeasonalNaive,0.1,60,198.0,199.5178370861627,-1.5178370861627002,-0.7665843869508587,1,20.199999899999995,224.68132300332672,13413.0,0.0
2021-09-02,AI,0.1,60,198.0,190.3104320448467,7.689567955153308,3.8836201793703573,0,16.209251922474294,320.50645037009076,13413.0,0.0
2021-09-02,Oracle_reference,0.1,60,198.0,178.20000009999998,19.799999900000017,9.999999949494958,0,19.799999900000017,145.19999760000036,13413.0,0.0
2021-09-02,SeasonalNaive,0.15,30,198.0,198.4217990412698,-0.42179904126979295,-0.21302981882312774,1,21.559999900000008,455.81499906511874,13413.0,0.0
2021-09-02,AI,0.15,30,198.0,193.01684522432598,4.9831547756740235,2.5167448361990017,0,13.57494248725061,341.2755237087422,13413.0,0.0
2021-09-02,Oracle_reference,0.15,30,198.0,172.56666676666669,25.433333233333315,12.845117794612785,0,25.433333233333315,606.2166550666678,13413.0,0.0
2021-09-02,SeasonalNaive,0.15,60,198.0,188.90593236440685,9.094067635593149,4.592963452319772,0,29.349999899999943,617.1624027675432,13413.0,0.0
2021-09-02,AI,0.15,60,198.0,185.17084810151195,12.82915189848805,6.479369645701035,0,21.211908049672076,531.7380884280707,13413.0,0.0
2021-09-02,Oracle_reference,0.15,60,198.0,168.30000009999998,29.699999900000023,14.99999994949496,0,29.699999900000023,562.4999945000028,13413.0,0.0
2021-09-03,SeasonalNaive,0.0,30,190.0,190.0,0.0,0.0,0,0.0,0.0,12699.0,0.0
2021-09-03,AI,0.0,30,190.0,190.0,0.0,0.0,0,0.0,0.0,12699.0,0.0
2021-09-03,Oracle_reference,0.0,30,190.0,190.0,0.0,0.0,0,0.0,0.0,12699.0,0.0
2021-09-03,SeasonalNaive,0.0,60,190.0,190.0,0.0,0.0,0,0.0,0.0,12699.0,0.0
2021-09-03,AI,0.0,60,190.0,190.0,0.0,0.0,0,0.0,0.0,12699.0,0.0
2021-09-03,Oracle_reference,0.0,60,190.0,190.0,0.0,0.0,0,0.0,0.0,12699.0,0.0
2021-09-03,SeasonalNaive,0.05,30,190.0,190.0,0.0,0.0,0,9.499999899999949,24.090607314863767,12699.0,0.0
2021-09-03,AI,0.05,30,190.0,188.02197222337767,1.9780277766223264,1.041067250853856,0,10.029269698135579,90.36563106635245,12699.0,0.0
2021-09-03,Oracle_reference,0.05,30,190.0,180.50000010000002,9.499999899999978,4.999999947368409,0,9.499999899999978,25.49999950000002,12699.0,0.0
2021-09-03,SeasonalNaive,0.05,60,190.0,190.0,0.0,0.0,0,9.499999900000006,21.207925942797097,12699.0,0.0
2021-09-03,AI,0.05,60,190.0,188.31246654983448,1.6875334501655175,0.8881755000871144,0,10.029269698135295,60.558375109784514,12699.0,0.0
2021-09-03,Oracle_reference,0.05,60,190.0,180.5000001,9.499999900000006,4.9999999473684245,0,9.499999900000006,25.49999950000004,12699.0,0.0
2021-09-03,SeasonalNaive,0.1,30,190.0,191.54871806181316,-1.5487180618131617,-0.8151147693753483,1,18.876922976923055,225.1652162175868,12699.0,0.0
2021-09-03,AI,0.1,30,190.0,184.36423299827717,5.635767001722826,2.966193158801487,0,13.387164190135081,201.31939440803717,12699.0,0.0
2021-09-03,Oracle_reference,0.1,30,190.0,171.0000001,18.999999900000006,9.999999947368424,0,18.999999900000006,168.59999700000014,12699.0,0.0
2021-09-03,SeasonalNaive,0.1,60,190.0,192.88068191420453,-2.88068191420453,-1.516148375897121,1,18.999999900000006,115.83516507339795,12699.0,0.0
2021-09-03,AI,0.1,60,190.0,183.58700348440527,6.4129965155947275,3.375261323997225,0,18.595217306593213,299.50060329859275,12699.0,0.0
2021-09-03,Oracle_reference,0.1,60,190.0,171.0000001,18.999999900000006,9.999999947368424,0,18.999999900000006,122.99999860000007,12699.0,-1.8189894035458565e-12
2021-09-03,SeasonalNaive,0.15,30,190.0,187.8989700567765,2.1010299432234945,1.1058052332755235,0,21.36874990000001,312.1294740770481,12699.0,0.0
2021-09-03,AI,0.15,30,190.0,181.46780735831558,8.532192641684418,4.490627706149693,0,16.003155113459997,320.59111092709554,12699.0,0.0
2021-09-03,Oracle_reference,0.15,30,190.0,166.5800001,23.419999899999993,12.326315736842101,0,23.419999899999993,388.13999029999945,12699.0,0.0
2021-09-03,SeasonalNaive,0.15,60,190.0,179.67830265284093,10.321697347159073,5.43247228797846,0,28.26874989999999,406.1297073580894,12699.0,0.0
2021-09-03,AI,0.15,60,190.0,178.65613093186818,11.343869068131823,5.970457404279907,0,23.745650219291093,515.1561377597615,12699.0,0.0
2021-09-03,Oracle_reference,0.15,60,190.0,161.50000010000002,28.499999899999978,14.999999947368408,0,28.499999899999978,394.9499943999988,12699.0,1.8189894035458565e-12
2021-09-04,SeasonalNaive,0.0,30,116.0,116.0,0.0,0.0,0,0.0,0.0,4890.0,0.0
2021-09-04,AI,0.0,30,116.0,116.0,0.0,0.0,0,0.0,0.0,4890.0,0.0
2021-09-04,Oracle_reference,0.0,30,116.0,116.0,0.0,0.0,0,0.0,0.0,4890.0,0.0
2021-09-04,SeasonalNaive,0.0,60,116.0,116.0,0.0,0.0,0,0.0,0.0,4890.0,0.0
2021-09-04,AI,0.0,60,116.0,116.0,0.0,0.0,0,0.0,0.0,4890.0,0.0
2021-09-04,Oracle_reference,0.0,60,116.0,116.0,0.0,0.0,0,0.0,0.0,4890.0,0.0
2021-09-04,SeasonalNaive,0.05,30,116.0,116.0,0.0,0.0,0,5.949999900000009,5.149999913445383,4890.0,0.0
2021-09-04,AI,0.05,30,116.0,116.0,0.0,0.0,0,5.838108084073838,40.01866909978407,4890.0,0.0
2021-09-04,Oracle_reference,0.05,30,116.0,110.2000001,5.799999900000003,4.999999913793106,0,5.799999900000003,13.999999500000023,4890.0,0.0
2021-09-04,SeasonalNaive,0.05,60,116.0,116.0,0.0,0.0,0,5.949999900000009,5.149999913445383,4890.0,0.0
2021-09-04,AI,0.05,60,116.0,116.0,0.0,0.0,0,5.838108084073994,29.07309916516757,4890.0,0.0
2021-09-04,Oracle_reference,0.05,60,116.0,110.2000001,5.799999900000003,4.999999913793106,0,5.799999900000003,13.999999500000023,4890.0,0.0
2021-09-04,SeasonalNaive,0.1,30,116.0,116.0,0.0,0.0,0,11.899999899999997,35.778421253102834,4890.0,0.0
2021-09-04,AI,0.1,30,116.0,115.40300836804936,0.5969916319506439,0.5146479585781413,0,8.637417676881128,114.25608812415763,4890.0,0.0
2021-09-04,Oracle_reference,0.1,30,116.0,104.40000010000001,11.599999899999986,9.999999913793092,0,11.599999899999986,76.59999839999999,4890.0,0.0
2021-09-04,SeasonalNaive,0.1,60,116.0,116.0,0.0,0.0,0,11.899999900000012,23.244650601141238,4890.0,0.0
2021-09-04,AI,0.1,60,116.0,112.24122244903347,3.7587775509665278,3.2403254749711445,0,11.676216268147982,143.64135896189748,4890.0,0.0
2021-09-04,Oracle_reference,0.1,60,116.0,104.40000010000001,11.599999899999986,9.999999913793092,0,11.599999899999986,64.79999869999999,4890.0,0.0
2021-09-04,SeasonalNaive,0.15,30,116.0,117.07593467757007,-1.0759346775700749,-0.9275298944569611,1,16.903571328571445,196.1680745689483,4890.0,0.0
2021-09-04,AI,0.15,30,116.0,113.8984984998214,2.1015015001785997,1.8116392242918964,0,10.237623059073087,174.32865491994338,4890.0,0.0
2021-09-04,Oracle_reference,0.15,30,116.0,100.43666676666668,15.563333233333324,13.416666580459761,0,15.563333233333324,185.58999370000032,4890.0,0.0
2021-09-04,SeasonalNaive,0.15,60,116.0,116.0,0.0,0.0,0,17.8499999,118.40214116773629,4890.0,0.0
2021-09-04,AI,0.15,60,116.0,107.10041308435983,8.899586915640171,7.672057685896698,0,14.859986859989135,300.6196576562903,4890.0,0.0
2021-09-04,Oracle_reference,0.15,60,116.0,98.6000001,17.399999899999997,14.999999913793102,0,17.399999899999997,177.39999640000042,4890.0,0.0
2021-09-05,SeasonalNaive,0.0,30,28.0,28.0,0.0,0.0,0,0.0,0.0,2195.0,0.0
2021-09-05,AI,0.0,30,28.0,28.0,0.0,0.0,0,0.0,0.0,2195.0,0.0
2021-09-05,Oracle_reference,0.0,30,28.0,28.0,0.0,0.0,0,0.0,0.0,2195.0,0.0
2021-09-05,SeasonalNaive,0.0,60,28.0,28.0,0.0,0.0,0,0.0,0.0,2195.0,0.0
2021-09-05,AI,0.0,60,28.0,28.0,0.0,0.0,0,0.0,0.0,2195.0,0.0
2021-09-05,Oracle_reference,0.0,60,28.0,28.0,0.0,0.0,0,0.0,0.0,2195.0,0.0
2021-09-05,SeasonalNaive,0.05,30,28.0,28.0,0.0,0.0,0,2.049999899999996,1.0999999463414611,2195.0,0.0
2021-09-05,AI,0.05,30,28.0,28.0,0.0,0.0,0,2.0630172619471026,1.0999999466800416,2195.0,0.0
2021-09-05,Oracle_reference,0.05,30,28.0,26.600000100000003,1.3999998999999974,4.999999642857134,0,1.3999998999999974,2.9999994999999906,2195.0,0.0
2021-09-05,SeasonalNaive,0.05,60,28.0,28.0,0.0,0.0,0,2.049999899999996,1.0999999463414611,2195.0,0.0
2021-09-05,AI,0.05,60,28.0,28.0,0.0,0.0,0,2.0630172619471026,1.0999999466800416,2195.0,0.0
2021-09-05,Oracle_reference,0.05,60,28.0,26.600000100000003,1.3999998999999974,4.999999642857134,0,1.3999998999999974,2.9999994999999906,2195.0,0.0
2021-09-05,SeasonalNaive,0.1,30,28.0,28.0,0.0,0.0,0,4.0999999,2.199999946341465,2195.0,0.0
2021-09-05,AI,0.1,30,28.0,28.0,0.0,0.0,0,4.126034623894206,2.199999946680043,2195.0,0.0
2021-09-05,Oracle_reference,0.1,30,28.0,25.2000001,2.7999998999999995,9.999999642857142,0,2.7999998999999995,12.399999200000002,2195.0,0.0
2021-09-05,SeasonalNaive,0.1,60,28.0,28.0,0.0,0.0,0,4.0999999,2.199999946341465,2195.0,0.0
2021-09-05,AI,0.1,60,28.0,28.0,0.0,0.0,0,4.126034623894206,2.199999946680043,2195.0,0.0
2021-09-05,Oracle_reference,0.1,60,28.0,25.2000001,2.7999998999999995,9.999999642857142,0,2.7999998999999995,12.399999200000002,2195.0,0.0
2021-09-05,SeasonalNaive,0.15,30,28.0,28.0,0.0,0.0,0,6.149999899999997,3.299999946341463,2195.0,0.0
2021-09-05,AI,0.15,30,28.0,28.0,0.0,0.0,0,6.18905198584131,3.299999946680041,2195.0,0.0
2021-09-05,Oracle_reference,0.15,30,28.0,23.800000100000002,4.199999899999998,14.999999642857135,0,4.199999899999998,30.99999750000004,2195.0,0.0
2021-09-05,SeasonalNaive,0.15,60,28.0,28.0,0.0,0.0,0,6.149999899999997,3.299999946341463,2195.0,0.0
2021-09-05,AI,0.15,60,28.0,28.0,0.0,0.0,0,6.18905198584131,3.299999946680041,2195.0,0.0
2021-09-05,Oracle_reference,0.15,60,28.0,23.800000100000002,4.199999899999998,14.999999642857135,0,4.199999899999998,27.99999850000002,2195.0,0.0
2021-09-06,SeasonalNaive,0.0,30,190.0,190.0,0.0,0.0,0,0.0,0.0,9951.0,0.0
2021-09-06,AI,0.0,30,190.0,190.0,0.0,0.0,0,0.0,0.0,9951.0,0.0
2021-09-06,Oracle_reference,0.0,30,190.0,190.0,0.0,0.0,0,0.0,0.0,9951.0,0.0
2021-09-06,SeasonalNaive,0.0,60,190.0,190.0,0.0,0.0,0,0.0,0.0,9951.0,0.0
2021-09-06,AI,0.0,60,190.0,190.0,0.0,0.0,0,0.0,0.0,9951.0,0.0
2021-09-06,Oracle_reference,0.0,60,190.0,190.0,0.0,0.0,0,0.0,0.0,9951.0,0.0
2021-09-06,SeasonalNaive,0.05,30,190.0,186.51666677222218,3.4833332277778197,1.8333332777777998,0,9.299999900000017,26.394723964846005,9951.0,0.0
2021-09-06,AI,0.05,30,190.0,185.57000330437222,4.4299966956277785,2.3315772082251467,0,8.695878595229146,93.70708812725044,9951.0,0.0
2021-09-06,Oracle_reference,0.05,30,190.0,180.5000001,9.499999900000006,4.9999999473684245,0,9.499999900000006,9.499999900000013,9951.0,0.0
2021-09-06,SeasonalNaive,0.05,60,190.0,186.5166667722222,3.4833332277777913,1.8333332777777849,0,9.299999900000017,26.394723964846,9951.0,0.0
2021-09-06,AI,0.05,60,190.0,184.98990885205694,5.010091147943058,2.6368900778647673,0,9.246808225407875,84.49062331311413,9951.0,0.0
2021-09-06,Oracle_reference,0.05,60,190.0,180.5000001,9.499999900000006,4.9999999473684245,0,9.499999900000006,9.499999900000013,9951.0,0.0
2021-09-06,SeasonalNaive,0.1,30,190.0,191.46247628761904,-1.4624762876190402,-0.769724361904758,1,18.35333323333333,241.67317741694922,9951.0,0.0
2021-09-06,AI,0.1,30,190.0,183.0359766771427,6.964023322857287,3.6652754330827824,0,11.102504528351801,198.96991786672095,9951.0,0.0
2021-09-06,Oracle_reference,0.1,30,190.0,171.00000009999997,18.999999900000034,9.999999947368439,0,18.999999900000034,75.99999880000044,9951.0,0.0
2021-09-06,SeasonalNaive,0.1,60,190.0,181.9828570457142,8.017142954285788,4.219548923308309,0,18.599999899999887,186.37667493221,9951.0,0.0
2021-09-06,AI,0.1,60,190.0,182.4551493540319,7.544850645968097,3.9709740241937355,0,15.918285083965316,323.13916254357457,9951.0,0.0
2021-09-06,Oracle_reference,0.1,60,190.0,171.0000001,18.999999900000006,9.999999947368424,0,18.999999900000006,58.99999910000003,9951.0,0.0
2021-09-06,SeasonalNaive,0.15,30,190.0,184.0,6.0,3.1578947368421053,0,20.663333233333333,362.12762369596294,9951.0,0.0
2021-09-06,AI,0.15,30,190.0,186.35776461220138,3.642235387798621,1.9169659935782217,0,13.509130461474484,333.8032652304529,9951.0,0.0
2021-09-06,Oracle_reference,0.15,30,190.0,162.43000009999997,27.569999900000028,14.51052626315791,0,27.569999900000028,314.27999210000223,9951.0,0.0
2021-09-06,SeasonalNaive,0.15,60,190.0,182.08340628925316,7.916593710746838,4.166628268814125,0,27.60333323333333,586.322788328753,9951.0,0.0
2021-09-06,AI,0.15,60,190.0,176.90317631846997,13.096823681530026,6.893065095542119,0,20.732801294894728,556.7160586326886,9951.0,0.0
2021-09-06,Oracle_reference,0.15,60,190.0,161.50000010000002,28.499999899999978,14.999999947368408,0,28.499999899999978,197.9999976000001,9951.0,0.0
2021-09-07,SeasonalNaive,0.0,30,192.0,192.0,0.0,0.0,0,0.0,0.0,13115.0,0.0
2021-09-07,AI,0.0,30,192.0,192.0,0.0,0.0,0,0.0,0.0,13115.0,0.0
2021-09-07,Oracle_reference,0.0,30,192.0,192.0,0.0,0.0,0,0.0,0.0,13115.0,0.0
2021-09-07,SeasonalNaive,0.0,60,192.0,192.0,0.0,0.0,0,0.0,0.0,13115.0,0.0
2021-09-07,AI,0.0,60,192.0,192.0,0.0,0.0,0,0.0,0.0,13115.0,0.0
2021-09-07,Oracle_reference,0.0,60,192.0,192.0,0.0,0.0,0,0.0,0.0,13115.0,0.0
2021-09-07,SeasonalNaive,0.05,30,192.0,194.9431252531084,-2.9431252531084056,-1.5328777359939612,1,9.349999899999943,51.963371213616846,13115.0,0.0
2021-09-07,AI,0.05,30,192.0,190.00933960364642,1.9906603963535758,1.0368022897674873,0,8.526503482133876,103.77463018747511,13115.0,0.0
2021-09-07,Oracle_reference,0.05,30,192.0,182.40000010000003,9.599999899999972,4.999999947916652,0,9.599999899999972,38.19999929999982,13115.0,0.0
2021-09-07,SeasonalNaive,0.05,60,192.0,194.21440186576086,-2.2144018657608626,-1.1533343050837825,1,9.3499999,51.54280020561761,13115.0,0.0
2021-09-07,AI,0.05,60,192.0,189.28325514027847,2.71674485972153,1.4149712811049635,0,9.299055694270038,78.80701232018072,13115.0,0.0
2021-09-07,Oracle_reference,0.05,60,192.0,182.4000001,9.5999999,4.999999947916667,0,9.5999999,38.1999993,13115.0,0.0
2021-09-07,SeasonalNaive,0.1,30,192.0,205.48105224907331,-13.481052249073315,-7.0213813797256845,1,17.342857042857105,249.34058928389555,13115.0,0.0
2021-09-07,AI,0.1,30,192.0,186.9924830028767,5.007516997123304,2.608081769335054,0,10.952870761405705,211.94041775954804,13115.0,0.0
2021-09-07,Oracle_reference,0.1,30,192.0,172.80000010000003,19.199999899999966,9.999999947916649,0,19.199999899999966,151.19999689999983,13115.0,0.0
2021-09-07,SeasonalNaive,0.1,60,192.0,199.74163678744398,-7.74163678744398,-4.032102493460406,1,18.699999899999966,190.62029056365364,13115.0,0.0
2021-09-07,AI,0.1,60,192.0,182.36707542145902,9.63292457854098,5.017148217990093,0,15.75480308971467,316.7616479700697,13115.0,0.0
2021-09-07,Oracle_reference,0.1,60,192.0,172.8000001,19.199999899999995,9.999999947916663,0,19.199999899999995,123.79999859999992,13115.0,0.0
2021-09-07,SeasonalNaive,0.15,30,192.0,198.7352619318471,-6.735261931847106,-3.507948922837034,1,22.4749999,603.0428268641728,13115.0,0.0
2021-09-07,AI,0.15,30,192.0,184.30246819465327,7.697531805346728,4.009131148618088,0,13.379238040677564,345.85944580566337,13115.0,0.0
2021-09-07,Oracle_reference,0.15,30,192.0,167.23750010000003,24.762499899999966,12.897135364583315,0,24.762499899999966,446.5749909999995,13115.0,0.0
2021-09-07,SeasonalNaive,0.15,60,192.0,186.71880220185236,5.281197798147645,2.750623853201898,0,28.04999989999999,622.4192732619476,13115.0,0.0
2021-09-07,AI,0.15,60,192.0,179.26385226211715,12.736147737882845,6.633410280147316,0,20.365202874624117,542.9797887186952,13115.0,0.0
2021-09-07,Oracle_reference,0.15,60,192.0,163.2000001,28.79999989999999,14.999999947916661,0,28.79999989999999,454.6499939000011,13115.0,0.0
2021-09-08,SeasonalNaive,0.0,30,183.0,183.0,0.0,0.0,0,0.0,0.0,12304.0,0.0
2021-09-08,AI,0.0,30,183.0,183.0,0.0,0.0,0,0.0,0.0,12304.0,0.0
2021-09-08,Oracle_reference,0.0,30,183.0,183.0,0.0,0.0,0,0.0,0.0,12304.0,0.0
2021-09-08,SeasonalNaive,0.0,60,183.0,183.0,0.0,0.0,0,0.0,0.0,12304.0,0.0
2021-09-08,AI,0.0,60,183.0,183.0,0.0,0.0,0,0.0,0.0,12304.0,0.0
2021-09-08,Oracle_reference,0.0,60,183.0,183.0,0.0,0.0,0,0.0,0.0,12304.0,0.0
2021-09-08,SeasonalNaive,0.05,30,183.0,183.0,0.0,0.0,0,9.899999900000012,34.929035178768466,12304.0,0.0
2021-09-08,AI,0.05,30,183.0,182.9823516048822,0.017648395117788596,0.009643931758354424,0,9.342463443186261,61.42811980793438,12304.0,0.0
2021-09-08,Oracle_reference,0.05,30,183.0,173.8500001,9.149999900000012,4.9999999453551975,0,9.149999900000012,32.89999940000004,12304.0,0.0
2021-09-08,SeasonalNaive,0.05,60,183.0,185.51917089222798,-2.519170892227976,-1.3765961159715716,1,9.899999900000012,34.929035178768466,12304.0,0.0
2021-09-08,AI,0.05,60,183.0,182.9823516048822,0.017648395117788596,0.009643931758354424,0,9.342463443186233,45.60498058876092,12304.0,0.0
2021-09-08,Oracle_reference,0.05,60,183.0,173.8500001,9.149999900000012,4.9999999453551975,0,9.149999900000012,32.89999940000004,12304.0,0.0
2021-09-08,SeasonalNaive,0.1,30,183.0,181.98005046455683,1.0199495354431747,0.5573494729197676,0,19.364285614285677,240.65705597505578,12304.0,0.0
2021-09-08,AI,0.1,30,183.0,182.0,1.0,0.546448087431694,0,12.348760973866348,168.72623229705857,12304.0,0.0
2021-09-08,Oracle_reference,0.1,30,183.0,164.70000009999998,18.299999900000017,9.9999999453552,0,18.299999900000017,151.79999740000045,12304.0,0.0
2021-09-08,SeasonalNaive,0.1,60,183.0,180.1800001011111,2.8199998988889092,1.5409835513054149,0,19.79999989999999,172.75535314694437,12304.0,0.0
2021-09-08,AI,0.1,60,183.0,182.0,1.0,0.546448087431694,0,17.10970291556032,274.3951906395282,12304.0,0.0
2021-09-08,Oracle_reference,0.1,60,183.0,164.7000001,18.29999989999999,9.999999945355185,0,18.29999989999999,123.79999840000022,12304.0,0.0
2021-09-08,SeasonalNaive,0.15,30,183.0,180.4097014018658,2.5902985981342113,1.4154637148274378,0,21.974999899999972,364.0199004026978,12304.0,0.0
2021-09-08,AI,0.15,30,183.0,182.0,1.0,0.546448087431694,0,14.768418341586198,296.0464827140498,12304.0,0.0
2021-09-08,Oracle_reference,0.15,30,183.0,157.70714295714288,25.292857042857122,13.821233356752526,0,25.292857042857122,520.0571310571438,12304.0,0.0
2021-09-08,SeasonalNaive,0.15,60,183.0,181.0480770225275,1.951922977472492,1.0666245778538208,0,29.699999899999938,547.3058169521598,12304.0,0.0
2021-09-08,AI,0.15,60,183.0,180.31829802349125,2.681701976508748,1.4654109161249989,0,21.909831254127198,495.31658403804363,12304.0,0.0
2021-09-08,Oracle_reference,0.15,60,183.0,155.55000010000003,27.449999899999966,14.999999945355173,0,27.449999899999966,477.8499926999997,12304.0,1.8189894035458565e-12
2021-09-09,SeasonalNaive,0.0,30,190.0,190.0,0.0,0.0,0,0.0,0.0,12855.0,0.0
2021-09-09,AI,0.0,30,190.0,190.0,0.0,0.0,0,0.0,0.0,12855.0,0.0
2021-09-09,Oracle_reference,0.0,30,190.0,190.0,0.0,0.0,0,0.0,0.0,12855.0,0.0
2021-09-09,SeasonalNaive,0.0,60,190.0,190.0,0.0,0.0,0,0.0,0.0,12855.0,0.0
2021-09-09,AI,0.0,60,190.0,190.0,0.0,0.0,0,0.0,0.0,12855.0,0.0
2021-09-09,Oracle_reference,0.0,60,190.0,190.0,0.0,0.0,0,0.0,0.0,12855.0,0.0
2021-09-09,SeasonalNaive,0.05,30,190.0,190.0,0.0,0.0,0,9.89999990000004,31.30068670792344,12855.0,0.0
2021-09-09,AI,0.05,30,190.0,186.59400639566357,3.4059936043364303,1.7926282128086475,0,7.683385281068524,135.30242518362357,12855.0,0.0
2021-09-09,Oracle_reference,0.05,30,190.0,180.5000001,9.499999900000006,4.9999999473684245,0,9.499999900000006,22.99999960000002,12855.0,0.0
2021-09-09,SeasonalNaive,0.05,60,190.0,195.24999991666667,-5.249999916666667,-2.7631578508771932,1,9.899999900000012,29.781538039838104,12855.0,0.0
2021-09-09,AI,0.05,60,190.0,185.9380081641425,4.061991835857498,2.1378904399249987,0,9.189852414248975,140.58964602807512,12855.0,0.0
2021-09-09,Oracle_reference,0.05,60,190.0,180.5000001,9.499999900000006,4.9999999473684245,0,9.499999900000006,22.99999960000002,12855.0,0.0
2021-09-09,SeasonalNaive,0.1,30,190.0,194.7742332368098,-4.774233236809806,-2.5127543351630557,1,19.79999989999999,188.64163963743252,12855.0,0.0
2021-09-09,AI,0.1,30,190.0,182.84989079977782,7.150109200222175,3.763215368537987,0,10.054203775559614,271.48482098370675,12855.0,0.0
2021-09-09,Oracle_reference,0.1,30,190.0,171.0000001,18.999999900000006,9.999999947368424,0,18.999999900000006,108.99999850000006,12855.0,0.0
2021-09-09,SeasonalNaive,0.1,60,190.0,193.0000000833333,-3.0000000833333047,-1.5789474122806866,1,19.799999900000017,126.40386864982682,12855.0,0.0
2021-09-09,AI,0.1,60,190.0,178.55096981605053,11.449030183949475,6.0258053599734085,0,14.841063950226385,369.1783545054236,12855.0,0.0
2021-09-09,Oracle_reference,0.1,60,190.0,171.00000010000002,18.999999899999978,9.999999947368408,0,18.999999899999978,95.99999870000002,12855.0,0.0
2021-09-09,SeasonalNaive,0.15,30,190.0,188.37553618831006,1.6244638116899353,0.8549809535210185,0,25.433333233333315,574.8507653645866,12855.0,0.0
2021-09-09,AI,0.15,30,190.0,178.9747166122424,11.02528338775761,5.802780730398743,0,12.425022270050647,437.78032659464816,12855.0,0.0
2021-09-09,Oracle_reference,0.15,30,190.0,161.54666676666665,28.453333233333353,14.975438543859658,0,28.453333233333353,525.0399913000017,12855.0,1.8189894035458565e-12
2021-09-09,SeasonalNaive,0.15,60,190.0,180.41666674999996,9.583333250000038,5.043859605263178,0,29.699999900000023,526.7016915007325,12855.0,0.0
2021-09-09,AI,0.15,60,190.0,172.76803038080217,17.231969619197827,9.069457694314645,0,19.60531253205079,627.3515947588867,12855.0,0.0
2021-09-09,Oracle_reference,0.15,60,190.0,161.5000001,28.499999900000006,14.999999947368424,0,28.499999900000006,352.4999949000003,12855.0,0.0
2021-09-10,SeasonalNaive,0.0,30,204.0,204.0,0.0,0.0,0,0.0,0.0,12870.0,0.0
2021-09-10,AI,0.0,30,204.0,204.0,0.0,0.0,0,0.0,0.0,12870.0,0.0
2021-09-10,Oracle_reference,0.0,30,204.0,204.0,0.0,0.0,0,0.0,0.0,12870.0,0.0
2021-09-10,SeasonalNaive,0.0,60,204.0,204.0,0.0,0.0,0,0.0,0.0,12870.0,0.0
2021-09-10,AI,0.0,60,204.0,204.0,0.0,0.0,0,0.0,0.0,12870.0,0.0
2021-09-10,Oracle_reference,0.0,60,204.0,204.0,0.0,0.0,0,0.0,0.0,12870.0,0.0
2021-09-10,SeasonalNaive,0.05,30,204.0,204.0,0.0,0.0,0,9.499999899999978,24.766567295229585,12870.0,0.0
2021-09-10,AI,0.05,30,204.0,202.96669360821627,1.033306391783725,0.5065227410704535,0,7.944044539060769,89.05249469248994,12870.0,0.0
2021-09-10,Oracle_reference,0.05,30,204.0,193.8000001,10.199999899999995,4.999999950980389,0,10.199999899999995,10.199999900000003,12870.0,0.0
2021-09-10,SeasonalNaive,0.05,60,204.0,204.0,0.0,0.0,0,9.499999900000006,24.766567295229606,12870.0,0.0
2021-09-10,AI,0.05,60,204.0,201.95511899251517,2.0448810074848325,1.002392650727859,0,9.137711432172324,87.82967959536722,12870.0,0.0
2021-09-10,Oracle_reference,0.05,60,204.0,193.8000001,10.199999899999995,4.999999950980389,0,10.199999899999995,10.199999900000003,12870.0,0.0
2021-09-10,SeasonalNaive,0.1,30,204.0,195.97752820449438,8.022471795505624,3.932584213483149,0,18.999999900000006,168.87120593651352,12870.0,0.0
2021-09-10,AI,0.1,30,204.0,199.36116352708027,4.638836472919735,2.273939447509674,0,10.956979386005202,235.8647624563854,12870.0,0.0
2021-09-10,Oracle_reference,0.1,30,204.0,183.6000001,20.39999990000001,9.999999950980397,0,20.39999990000001,61.19999920000006,12870.0,0.0
2021-09-10,SeasonalNaive,0.1,60,204.0,199.95027634254143,4.049723657458571,1.9851586556169467,0,18.999999900000006,122.90642438594611,12870.0,0.0
2021-09-10,AI,0.1,60,204.0,194.28358025108525,9.716419748914745,4.76295085731115,0,15.73277007651825,334.23376092181485,12870.0,0.0
2021-09-10,Oracle_reference,0.1,60,204.0,183.6000001,20.39999990000001,9.999999950980397,0,20.39999990000001,61.19999920000006,12870.0,0.0
2021-09-10,SeasonalNaive,0.15,30,204.0,195.6781429592857,8.321857040714292,4.079341686624653,0,23.419999899999993,396.033223070909,12870.0,0.0
2021-09-10,AI,0.15,30,204.0,196.4452663806093,7.554733619390703,3.703300793818972,0,13.334654915499641,364.47238103470227,12870.0,0.0
2021-09-10,Oracle_reference,0.15,30,204.0,173.40000010000009,30.599999899999915,14.999999950980351,0,30.599999899999915,318.9999934999945,12870.0,0.0
2021-09-10,SeasonalNaive,0.15,60,204.0,189.02646483301962,14.973535166980383,7.33996821910803,0,28.499999899999978,403.5623055903809,12870.0,0.0
2021-09-10,AI,0.15,60,204.0,188.79909386709795,15.200906132902048,7.451424574951984,0,20.447666338616898,577.5799420190913,12870.0,0.0
2021-09-10,Oracle_reference,0.15,60,204.0,173.4000001,30.5999999,14.999999950980394,0,30.5999999,208.79999720000077,12870.0,0.0
2021-09-11,SeasonalNaive,0.0,30,107.0,107.0,0.0,0.0,0,0.0,0.0,4112.0,0.0
2021-09-11,AI,0.0,30,107.0,107.0,0.0,0.0,0,0.0,0.0,4112.0,0.0
2021-09-11,Oracle_reference,0.0,30,107.0,107.0,0.0,0.0,0,0.0,0.0,4112.0,0.0
2021-09-11,SeasonalNaive,0.0,60,107.0,107.0,0.0,0.0,0,0.0,0.0,4112.0,0.0
2021-09-11,AI,0.0,60,107.0,107.0,0.0,0.0,0,0.0,0.0,4112.0,0.0
2021-09-11,Oracle_reference,0.0,60,107.0,107.0,0.0,0.0,0,0.0,0.0,4112.0,0.0
2021-09-11,SeasonalNaive,0.05,30,107.0,107.0,0.0,0.0,0,5.799999900000003,11.212016963639007,4112.0,0.0
2021-09-11,AI,0.05,30,107.0,107.0,0.0,0.0,0,5.699333175143536,23.83113124277302,4112.0,0.0
2021-09-11,Oracle_reference,0.05,30,107.0,101.6500001,5.3499999,4.999999906542056,0,5.3499999,12.049999700000013,4112.0,0.0
2021-09-11,SeasonalNaive,0.05,60,107.0,107.0,0.0,0.0,0,5.799999900000003,11.212016963639007,4112.0,0.0
2021-09-11,AI,0.05,60,107.0,109.62441492564392,-2.6244149256439187,-2.452724229573756,1,5.699333175143536,19.23448750212802,4112.0,0.0
2021-09-11,Oracle_reference,0.05,60,107.0,101.65000010000001,5.349999899999986,4.999999906542044,0,5.349999899999986,12.049999699999955,4112.0,0.0
2021-09-11,SeasonalNaive,0.1,30,107.0,107.53142848285714,-0.5314284828571374,-0.49666213351134336,1,11.599999899999986,64.20528261596016,4112.0,0.0
2021-09-11,AI,0.1,30,107.0,108.48640657197241,-1.4864065719724096,-1.3891650205349622,1,9.58554898399683,123.94472823505404,4112.0,0.0
2021-09-11,Oracle_reference,0.1,30,107.0,96.30000009999993,10.699999900000066,9.999999906542119,0,10.699999900000066,48.99999900000065,4112.0,0.0
2021-09-11,SeasonalNaive,0.1,60,107.0,110.67155955321101,-3.6715595532110115,-3.431364068421506,1,11.599999899999986,53.3894400302756,4112.0,0.0
2021-09-11,AI,0.1,60,107.0,107.30606399804138,-0.30606399804138107,-0.28604111966484214,1,11.398666450287038,121.7359717595906,4112.0,0.0
2021-09-11,Oracle_reference,0.1,60,107.0,96.3000001,10.699999899999995,9.99999990654205,0,10.699999899999995,40.599999200000056,4112.0,0.0
2021-09-11,SeasonalNaive,0.15,30,107.0,108.85099923496084,-1.8509992349608382,-1.729905827066204,1,15.563333233333324,155.4748790129267,4112.0,9.094947017729282e-13
2021-09-11,AI,0.15,30,107.0,106.71762268703935,0.28237731296064794,0.2639040308043439,0,11.02162373192239,179.5573050488378,4112.0,0.0
2021-09-11,Oracle_reference,0.15,30,107.0,91.80769240769231,15.192307592307685,14.198418310567929,0,15.192307592307685,164.0115327615381,4112.0,0.0
2021-09-11,SeasonalNaive,0.15,60,107.0,107.55922339417475,-0.5592233941747509,-0.5226386861446269,1,17.399999899999997,151.4440403080139,4112.0,0.0
2021-09-11,AI,0.15,60,107.0,103.23617090749715,3.7638290925028457,3.51759728271294,0,14.955546947444674,237.33460829210867,4112.0,0.0
2021-09-11,Oracle_reference,0.15,60,107.0,90.95000010000005,16.049999899999946,14.999999906542005,0,16.049999899999946,111.14999769999878,4112.0,0.0
2021-09-12,SeasonalNaive,0.0,30,28.0,28.0,0.0,0.0,0,0.0,0.0,2228.0,0.0
2021-09-12,AI,0.0,30,28.0,28.0,0.0,0.0,0,0.0,0.0,2228.0,0.0
2021-09-12,Oracle_reference,0.0,30,28.0,28.0,0.0,0.0,0,0.0,0.0,2228.0,0.0
2021-09-12,SeasonalNaive,0.0,60,28.0,28.0,0.0,0.0,0,0.0,0.0,2228.0,0.0
2021-09-12,AI,0.0,60,28.0,28.0,0.0,0.0,0,0.0,0.0,2228.0,0.0
2021-09-12,Oracle_reference,0.0,60,28.0,28.0,0.0,0.0,0,0.0,0.0,2228.0,0.0
2021-09-12,SeasonalNaive,0.05,30,28.0,28.0,0.0,0.0,0,1.3999998999999974,2.5425921623015793,2228.0,0.0
2021-09-12,AI,0.05,30,28.0,28.0,0.0,0.0,0,1.3333949490561814,2.3508065052717475,2228.0,0.0
2021-09-12,Oracle_reference,0.05,30,28.0,26.600000100000003,1.3999998999999974,4.999999642857134,0,1.3999998999999974,4.999999499999989,2228.0,0.0
2021-09-12,SeasonalNaive,0.05,60,28.0,28.340740655555553,-0.3407406555555532,-1.2169309126984043,1,1.3999998999999974,2.5425921623015793,2228.0,0.0
2021-09-12,AI,0.05,60,28.0,28.0,0.0,0.0,0,1.3333949490561814,2.350806505271745,2228.0,0.0
2021-09-12,Oracle_reference,0.05,60,28.0,26.600000100000003,1.3999998999999974,4.999999642857134,0,1.3999998999999974,4.999999499999989,2228.0,0.0
2021-09-12,SeasonalNaive,0.1,30,28.0,28.0,0.0,0.0,0,2.7999998999999995,10.68974289406797,2228.0,0.0
2021-09-12,AI,0.1,30,28.0,28.0,0.0,0.0,0,2.623909444650714,53.83162619151565,2228.0,0.0
2021-09-12,Oracle_reference,0.1,30,28.0,25.2000001,2.7999998999999995,9.999999642857142,0,2.7999998999999995,11.999999499999998,2228.0,0.0
2021-09-12,SeasonalNaive,0.1,60,28.0,29.533333248148146,-1.5333332481481463,-5.476190171957666,1,2.7999998999999995,10.68974289406797,2228.0,0.0
2021-09-12,AI,0.1,60,28.0,28.652509437171904,-0.6525094371719042,-2.330390847042515,1,2.6667899981123604,31.261098691032316,2228.0,0.0
2021-09-12,Oracle_reference,0.1,60,28.0,25.2000001,2.7999998999999995,9.999999642857142,0,2.7999998999999995,11.999999499999998,2228.0,0.0
2021-09-12,SeasonalNaive,0.15,30,28.0,28.0,0.0,0.0,0,4.199999899999998,27.773953514338288,2228.0,0.0
2021-09-12,AI,0.15,30,28.0,28.30648673203649,-0.3064867320364897,-1.0945954715588917,1,2.7645022995536834,99.28707682162863,2228.0,0.0
2021-09-12,Oracle_reference,0.15,30,28.0,23.800000100000005,4.199999899999995,14.999999642857123,0,4.199999899999995,34.59999469999991,2228.0,0.0
2021-09-12,SeasonalNaive,0.15,60,28.0,29.533333418518517,-1.5333334185185166,-5.4761907804232735,1,4.199999899999998,24.747867570860016,2228.0,0.0
2021-09-12,AI,0.15,60,28.0,28.43614875282973,-0.4361487528297303,-1.557674117249037,1,2.906064755561065,89.32857341397185,2228.0,0.0
2021-09-12,Oracle_reference,0.15,60,28.0,23.800000100000002,4.199999899999998,14.999999642857135,0,4.199999899999998,24.99999650000005,2228.0,0.0
2021-09-13,SeasonalNaive,0.0,30,196.0,196.0,0.0,0.0,0,0.0,0.0,10637.0,0.0
2021-09-13,AI,0.0,30,196.0,196.0,0.0,0.0,0,0.0,0.0,10637.0,0.0
2021-09-13,Oracle_reference,0.0,30,196.0,196.0,0.0,0.0,0,0.0,0.0,10637.0,0.0
2021-09-13,SeasonalNaive,0.0,60,196.0,196.0,0.0,0.0,0,0.0,0.0,10637.0,0.0
2021-09-13,AI,0.0,60,196.0,196.0,0.0,0.0,0,0.0,0.0,10637.0,0.0
2021-09-13,Oracle_reference,0.0,60,196.0,196.0,0.0,0.0,0,0.0,0.0,10637.0,0.0
2021-09-13,SeasonalNaive,0.05,30,196.0,196.0,0.0,0.0,0,9.499999900000006,9.299999902105275,10637.0,0.0
2021-09-13,AI,0.05,30,196.0,197.79999989516952,-1.7999998951695204,-0.9183672934538369,1,9.348426011306941,42.77422664399324,10637.0,0.0
2021-09-13,Oracle_reference,0.05,30,196.0,186.2000001,9.799999899999989,4.999999948979586,0,9.799999899999989,40.999998999999875,10637.0,0.0
2021-09-13,SeasonalNaive,0.05,60,196.0,197.29999990210527,-1.2999999021052702,-0.6632652561761583,1,9.499999900000006,9.299999902105275,10637.0,0.0
2021-09-13,AI,0.05,60,196.0,199.79958356602972,-3.7995835660297246,-1.9385630438927166,1,9.348426011306941,40.76559155740578,10637.0,0.0
2021-09-13,Oracle_reference,0.05,60,196.0,186.20000009999998,9.799999900000017,4.9999999489796005,0,9.799999900000017,31.399999200000178,10637.0,0.0
2021-09-13,SeasonalNaive,0.1,30,196.0,193.56818170681822,2.4318182931817773,1.2407236189702946,0,18.999999900000034,78.64994545767487,10637.0,0.0
2021-09-13,AI,0.1,30,196.0,195.11053416888467,0.8894658311153307,0.4538090975078218,0,13.815469002432138,169.7133836062987,10637.0,0.0
2021-09-13,Oracle_reference,0.1,30,196.0,177.5400001,18.459999900000014,9.418367295918374,0,18.459999900000014,267.0999925000031,10637.0,0.0
2021-09-13,SeasonalNaive,0.1,60,196.0,201.82543867795323,-5.82543867795323,-2.9721625907924643,1,18.999999900000006,60.24433117231459,10637.0,0.0
2021-09-13,AI,0.1,60,196.0,189.97404416962817,6.025955830371828,3.07446726039379,0,18.634499760321432,266.93182803705236,10637.0,0.0
2021-09-13,Oracle_reference,0.1,60,196.0,176.40000010000006,19.599999899999943,9.999999948979562,0,19.599999899999943,190.1999967999991,10637.0,0.0
2021-09-13,SeasonalNaive,0.15,30,196.0,200.84081093783777,-4.840810937837773,-2.469801498896823,1,27.569999900000028,333.33975146166716,10637.0,0.0
2021-09-13,AI,0.15,30,196.0,192.2195522214112,3.780447778588808,1.9287998870351062,0,16.241259140845045,284.7779669448114,10637.0,0.0
2021-09-13,Oracle_reference,0.15,30,196.0,175.04333343333337,20.956666566666627,10.692176819727871,0,20.956666566666627,384.0266587666657,10637.0,1.8189894035458565e-12
2021-09-13,SeasonalNaive,0.15,60,196.0,201.21578957157894,-5.215789571578938,-2.661117128356601,1,28.499999899999978,205.3536681144805,10637.0,0.0
2021-09-13,AI,0.15,60,196.0,184.4702358404983,11.529764159501696,5.882532734439641,0,23.469805277679086,483.22023068662753,10637.0,0.0
2021-09-13,Oracle_reference,0.15,60,196.0,167.75625010000002,28.243749899999983,14.41007647959183,0,28.243749899999983,542.187491800001,10637.0,0.0
2021-09-14,SeasonalNaive,0.0,30,184.0,184.0,0.0,0.0,0,0.0,0.0,12719.0,0.0
2021-09-14,AI,0.0,30,184.0,184.0,0.0,0.0,0,0.0,0.0,12719.0,0.0
2021-09-14,Oracle_reference,0.0,30,184.0,184.0,0.0,0.0,0,0.0,0.0,12719.0,0.0
2021-09-14,SeasonalNaive,0.0,60,184.0,184.0,0.0,0.0,0,0.0,0.0,12719.0,0.0
2021-09-14,AI,0.0,60,184.0,184.0,0.0,0.0,0,0.0,0.0,12719.0,0.0
2021-09-14,Oracle_reference,0.0,60,184.0,184.0,0.0,0.0,0,0.0,0.0,12719.0,0.0
2021-09-14,SeasonalNaive,0.05,30,184.0,184.0,0.0,0.0,0,9.599999899999972,32.40598849383596,12719.0,0.0
2021-09-14,AI,0.05,30,184.0,180.45331938255575,3.5466806174442524,1.927543813828398,0,9.302095273847755,55.005741708532724,12719.0,0.0
2021-09-14,Oracle_reference,0.05,30,184.0,174.80000009999998,9.199999900000023,4.999999945652187,0,9.199999900000023,24.19999940000013,12719.0,0.0
2021-09-14,SeasonalNaive,0.05,60,184.0,184.59999991041667,-0.5999999104166704,-0.326086907835147,1,9.5999999,32.405988493836134,12719.0,0.0
2021-09-14,AI,0.05,60,184.0,180.66376254518184,3.3362374548181606,1.8131725297924786,0,9.302095273847755,45.82379197987962,12719.0,0.0
2021-09-14,Oracle_reference,0.05,60,184.0,174.8000001,9.199999899999995,4.999999945652171,0,9.199999899999995,24.199999399999953,12719.0,0.0
2021-09-14,SeasonalNaive,0.1,30,184.0,182.73053868583904,1.2694613141609636,0.6899246272613933,0,19.199999899999966,134.24954741415908,12719.0,0.0
2021-09-14,AI,0.1,30,184.0,175.9285420451076,8.071457954892395,4.386661932006737,0,12.55514388425658,200.1159862539275,12719.0,0.0
2021-09-14,Oracle_reference,0.1,30,184.0,165.60000010000002,18.399999899999983,9.999999945652165,0,18.399999899999983,117.39999790000024,12719.0,0.0
2021-09-14,SeasonalNaive,0.1,60,184.0,182.21855410339725,1.7814458966027473,0.9681771177188844,0,19.199999899999995,107.94238729020287,12719.0,0.0
2021-09-14,AI,0.1,60,184.0,183.26994300889092,0.7300569911090804,0.39677010386363065,0,17.306786187534016,322.50678070307646,12719.0,0.0
2021-09-14,Oracle_reference,0.1,60,184.0,165.60000010000002,18.399999899999983,9.999999945652165,0,18.399999899999983,104.39999889999982,12719.0,0.0
2021-09-14,SeasonalNaive,0.15,30,184.0,180.75321596257308,3.24678403742692,1.764556542079848,0,24.762499899999966,415.58429353981074,12719.0,0.0
2021-09-14,AI,0.15,30,184.0,189.0,-5.0,-2.717391304347826,1,14.961969688356845,354.5511342951427,12719.0,0.0
2021-09-14,Oracle_reference,0.15,30,184.0,158.7823530411765,25.217646958823508,13.70524291240408,0,25.217646958823508,411.3999881000008,12719.0,1.8189894035458565e-12
2021-09-14,SeasonalNaive,0.15,60,184.0,174.32577696885593,9.674223031144066,5.257729908230471,0,28.79999989999999,424.11083462268414,12719.0,1.8189894035458565e-12
2021-09-14,AI,0.15,60,184.0,178.60097166307474,5.399028336925255,2.934254530937639,0,21.915046563152742,568.9086537307685,12719.0,0.0
2021-09-14,Oracle_reference,0.15,60,184.0,156.4000001,27.5999999,14.999999945652176,0,27.5999999,384.5999944,12719.0,-1.8189894035458565e-12
