tree
version=v4
num_class=1
num_tree_per_iteration=1
label_index=0
max_feature_idx=17
objective=binary sigmoid:1
feature_names=hour dow month lag0 lag1 lag2 lag3 lag4 lag5 lag6 lag7 day week day_early_max day_window_max week_early_max week_window_max threshold_headroom
feature_infos=[0:23] [0:6] [1:6] [19:176] [19:187] [19:190] [19:186] [19:200] [19:207] [19:222] [19:190] [19:190] [19:190] [19:222] [20:222] [19:222] [20:222] [0:0.89204545454545459]
tree_sizes=1052 1181 1185 1285 1289 1283 1282 1286 1292 1396 1392 1496 1387 1397 1389 1283 1394 1506 1611 1398 1499 1295 1499 1711 1506 1499 1503 1716 1406 1707 1400 1602 1609 1502 1717 1515 1500 1603 1404 1714 1507 1622 1706 1501 1601 1501 1608 1606 1712 1505 1711 1716 1702 1727 1731 1622 1614 1508 1708 1716 1720 1618 1722 1715 1721 1711 1731 1713 1722 1722 1730 1717 1611 1724 1730 1715 1717 1730 1724 1731 1721 1718 1714 1729 1723 1722 1718 1721 1610 1725 1718 1728 1730 1725 1728 1731 1728 1731 1716 1722 1730 1730 1722 1726 1729 1719 1722 1716 1719 1729 1719 1731 1715 1735 1715 1735 1715 1721 1725 1724 1726 1726 1727 1721 1729 1733 1719 1735 1730 1734 1731 1740 1719 1719 1729 1731 1739 1728 1733 1727 1733 1729 1732 1730 1737 1725 1735 1725 1727 1736 1730 1734 1731 1738 1731 1731 1725 1727 1737 1726 1736 1726 1728 1727 1728 1734 1737 1732 1731 1724 1727 1733 1739 1736 1730 1733 1728 1733 1737 1742 1720 1728 1732 1723 1737 1740 1730 1732 1729 1740 1740 1734 1733 1734 1730 1741 1731 1741 1739 1737 1734 1732 1736 1626 1747 1725 1752 1741 1740 1736 1748 1743 1733 1744 1735 1750 1736 1749 1742 1742 1737 1740 1745 1743 1740 1747 1735 1752 1749 1736 1744 1751 1742 1744 1745 1736 1750 1746 1742 1754 1747 1737 1746 1736 1748 1733 1734 1745 1730 1745 1742 1742 1743 1739 1749 1741 1748 1745 1743 1742 1743 1747 1747 1730 1753 1744 1749 1746 1749 1753 1748 1742 1747 1744 1750 1752 1752 1742 1747 1755 1739 1745 1750 1741 1758 1754 1750 1744 1746 1745 1745 1748 1754 1745 1740 1745 1745 1736 1757 1748

Tree=0
num_leaves=9
num_cat=0
split_feature=16 14 8 14 0 4 4 9
split_gain=678.701 120.349 108.721 76.9115 41.0511 35.2939 8.86379 4.60042
threshold=160.50000000000003 178.50000000000003 172.50000000000003 175.50000000000003 8.5000000000000018 163.50000000000003 162.50000000000003 159.50000000000003
decision_type=2 2 2 2 2 2 2 2
left_child=3 2 4 6 -2 7 -1 -6
right_child=1 -3 -4 -5 5 -7 -8 -9
leaf_value=-2.2160870492951878 -2.0601341907683648 -1.9459147468632538 -1.9602279086373202 -2.1086725518101681 -2.2042091542363935 -2.1025983795954213 -2.1625964675816443 -2.1604830749659421
leaf_weight=208.19708198308945 10.26193432509899 21.078567802906036 8.0431377142667753 14.699527546763418 16.825874298810962 12.388281077146528 7.858237996697425 7.395988702774047
leaf_count=2252 111 228 87 159 182 134 85 80
internal_value=-2.16352 -2.03866 -2.08944 -2.20642 -2.12907 -2.1585 -2.21416 -2.19262
internal_weight=306.749 75.9938 54.9152 230.755 46.8721 36.6101 216.055 24.2219
internal_count=3318 822 594 2496 507 396 2337 262
is_linear=0
shrinkage=1


Tree=1
num_leaves=10
num_cat=0
split_feature=16 0 14 3 14 2 14 14 4
split_gain=595.359 82.382 72.6403 49.7714 29.0752 46.7217 12.0701 11.2024 8.70451
threshold=160.50000000000003 15.500000000000002 175.50000000000003 85.500000000000014 178.50000000000003 3.5000000000000004 159.50000000000003 160.50000000000003 162.50000000000003
decision_type=2 2 2 2 2 2 2 2 2
left_child=2 3 8 -2 5 -5 -7 -3 -1
right_child=1 7 -4 4 -6 6 -8 -9 -10
leaf_value=-0.052142204829847806 0.016468694423421248 -0.024696563267757057 0.051075602540545988 0.15238334808354842 0.20523507972670083 0.067565940723073106 -0.0015419907430433962 0.04070643694504656 0.00089941235884168536
leaf_weight=199.63816261291504 9.1836021840572339 8.7947073802351969 15.349418766796587 15.989132866263388 20.671803183853626 7.776332505047324 12.069687746465204 7.6945201009511939 7.8640301525592795
leaf_count=2252 94 95 159 160 189 80 126 78 85
internal_value=0.000304384 0.111422 -0.0422176 0.134921 0.151269 0.0988197 0.0336844 0.00819326 -0.0501581
internal_weight=305.031 82.1798 222.852 65.6906 56.507 35.8352 19.846 16.4892 207.502
internal_count=3318 822 2496 649 555 366 206 173 2337
is_linear=0
shrinkage=0.05


Tree=2
num_leaves=10
num_cat=0
split_feature=16 14 8 14 16 11 3 5 6
split_gain=526.095 74.7064 101.534 54.2461 42.6298 12.1592 5.04248 3.48717 1.65748
threshold=157.50000000000003 178.50000000000003 172.50000000000003 175.50000000000003 181.50000000000003 25.500000000000004 157.50000000000003 162.50000000000003 105.50000000000001
decision_type=2 2 2 2 2 2 2 2 2
left_child=3 2 4 6 5 -2 -1 8 -7
right_child=1 -3 -4 -5 -6 7 -8 -9 -10
leaf_value=-0.051932319331656665 0.02998841303181712 0.1588013272343114 0.17231362773051806 0.039797684509752324 0.086699807310042315 -0.0066839373748855211 -0.0062227994368368057 0.004545185584551175 -0.039952875834361315
leaf_weight=187.66004219651222 12.18900667876005 29.25188110768795 10.382629804313181 14.565693177282808 13.380585208535193 7.761428199708468 7.7359594255685797 7.8651373386383048 12.507772013545035
leaf_count=2206 126 237 90 145 132 81 87 81 133
internal_value=0.000540935 0.0963269 0.0583817 -0.0432908 0.0235547 -0.00465184 -0.050323 -0.0219201 -0.0310569
internal_weight=303.3 93.3384 64.0866 209.962 53.7039 40.3233 195.396 28.1343 20.2692
internal_count=3318 880 643 2438 553 421 2293 295 214
is_linear=0
shrinkage=0.05


Tree=3
num_leaves=11
num_cat=0
split_feature=16 0 14 3 3 14 14 2 14 3
split_gain=468.447 56.3807 51.8229 36.4813 33.7879 21.8922 35.9033 16.8233 10.4764 0.771511
threshold=157.50000000000003 15.500000000000002 172.50000000000003 94.500000000000014 85.500000000000014 178.50000000000003 89.000000000000014 3.5000000000000004 162.50000000000003 157.50000000000003
decision_type=2 2 2 2 2 2 2 2 2 2
left_child=2 4 9 -4 -2 6 -6 -8 -3 -1
right_child=1 8 3 -5 5 -7 7 -9 -10 -11
leaf_value=-0.051748003729009499 0.011916178895464216 -0.022129161105698895 -0.026581728505855752 0.087862652827466706 0.13191965838916311 0.15509468810320151 0.065884788006866743 -0.0042274901171050995 0.038958236407454598 -0.015956591739800866
leaf_weight=176.20257366448641 10.033266276121138 10.683187916874887 11.256006337702276 8.0430369377136213 14.175245851278303 27.753442637622356 13.51921033114195 14.85224089771509 7.8594215363264075 7.082773119211196
leaf_count=2161 96 115 117 80 123 198 120 154 74 80
internal_value=0.000727537 0.0873999 -0.0426611 0.0293791 0.104588 0.116144 0.077099 0.0340473 0.00653813 -0.0508254
internal_weight=301.46 98.876 202.584 19.299 80.3334 70.3001 42.5467 28.3715 18.5426 183.285
internal_count=3318 880 2438 197 691 595 397 274 189 2241
is_linear=0
shrinkage=0.05


Tree=4
num_leaves=11
num_cat=0
split_feature=16 14 9 0 5 3 9 6 11 3
split_gain=419.654 50.0144 48.5077 68.7722 50.7744 32.7662 30.5193 15.3586 2.28476 0.791884
threshold=157.50000000000003 172.50000000000003 176.50000000000003 8.5000000000000018 162.50000000000003 94.500000000000014 162.50000000000003 159.50000000000003 153.50000000000003 157.50000000000003
decision_type=2 2 2 2 2 2 2 2 2 2
left_child=1 9 3 -2 6 -3 8 -6 -5 -1
right_child=2 5 -4 4 7 -7 -8 -9 -10 -11
leaf_value=-0.051372729170386947 0.1216321823859452 -0.026042674392729639 0.15792912266185366 -0.044528659123705731 0.019597202106515502 0.081574125790839905 0.045130498392378794 0.10840665816595317 -0.0085729309398074136 -0.015608619823502598
leaf_weight=168.83821407705545 26.175431445240974 11.023973040282728 14.017195366322992 18.271017484366897 10.347452066838743 8.6004649549722654 13.286053910851477 12.863631226122378 8.9579612985253316 6.9924200326204291
leaf_count=2161 204 117 100 183 93 80 117 102 81 80
internal_value=0.00090806 -0.0420323 0.0798942 0.0600476 0.0277431 0.0281078 -0.00726417 0.0793058 -0.0358649 -0.0504214
internal_weight=299.374 195.455 103.919 89.9015 63.7261 19.6244 40.515 23.2111 27.229 175.831
internal_count=3318 2438 880 780 576 197 381 195 264 2241
is_linear=0
shrinkage=0.05


Tree=5
num_leaves=11
num_cat=0
split_feature=16 14 14 8 0 4 3 16 9 3
split_gain=378.425 48.2371 44.3254 51.7248 43.1187 32.1474 29.4985 16.4323 7.45495 0.811877
threshold=157.50000000000003 172.50000000000003 189.50000000000003 169.50000000000003 9.5000000000000018 163.50000000000003 94.500000000000014 179.50000000000003 161.50000000000003 157.50000000000003
decision_type=2 2 2 2 2 2 2 2 2 2
left_child=1 9 3 4 7 8 -3 -2 -6 -1
right_child=2 6 -4 -5 5 -7 -8 -9 -10 -11
leaf_value=-0.051005953736225199 0.022654273688002033 -0.025512771423245609 0.14897922607807776 0.11350306566668718 -0.043844097737545912 0.048433468253077816 0.075909383714028569 0.10727129898000243 0.0074867652008908927 -0.015267909302809702
leaf_weight=161.76474253088236 13.33868893235922 10.799877315759661 13.687588945031164 23.697395503520966 21.172310844063762 15.479629844427107 9.1389084309339506 13.202304080128668 7.912014164030551 6.9048548787832251
leaf_count=2161 110 117 83 167 218 130 80 96 76 80
internal_value=0.00110172 -0.0414113 0.0735784 0.0557737 0.030341 -0.00118902 0.0268729 0.075078 -0.0308304 -0.0500246
internal_weight=297.098 188.608 108.49 94.8023 71.1049 44.564 19.9388 26.541 29.0843 168.67
internal_count=3318 2438 880 797 630 424 197 206 294 2241
is_linear=0
shrinkage=0.05


Tree=6
num_leaves=11
num_cat=0
split_feature=16 14 14 8 0 4 3 11 11 3
split_gain=343.405 46.4971 36.5706 42.0648 38.2283 34.158 26.618 9.03924 3.28998 1.33876
threshold=157.50000000000003 172.50000000000003 189.50000000000003 169.50000000000003 8.5000000000000018 163.50000000000003 94.500000000000014 158.50000000000003 104.50000000000001 158.50000000000003
decision_type=2 2 2 2 2 2 2 2 2 2
left_child=1 9 3 4 8 7 -3 -6 -2 -1
right_child=2 6 -4 -5 5 -7 -8 -9 -10 -11
leaf_value=-0.050666990588317445 0.096072554838055629 -0.024991897046990924 0.13476573831110178 0.10239708418455321 -0.042541004870921384 0.04802806268788188 0.070792995105772694 0.012480122113474997 0.032425914591108891 -0.012228073844061951
leaf_weight=155.72158195823431 11.332357704639437 10.583462879061701 14.869264885783194 25.448158465325832 22.888020694255832 19.22993990033865 9.6569770872592908 7.6058308258652678 11.077538594603537 6.0727836042642585
leaf_count=2170 84 117 83 167 244 156 80 68 78 71
internal_value=0.00130239 -0.0407974 0.0682886 0.052084 0.028847 0.00246063 0.0256791 -0.0289927 0.0762652 -0.049634
internal_weight=294.486 182.035 112.451 97.5818 72.1337 49.7238 20.2404 30.4939 22.4099 161.794
internal_count=3318 2438 880 797 630 468 197 312 162 2241
is_linear=0
shrinkage=0.05


Tree=7
num_leaves=11
num_cat=0
split_feature=16 14 0 3 3 5 5 9 2 3
split_gain=312.664 44.7974 31.9005 24.0724 19.4323 18.1634 53.3495 8.19902 7.3621 1.34452
threshold=157.50000000000003 172.50000000000003 15.500000000000002 94.500000000000014 85.500000000000014 142.50000000000003 162.50000000000003 165.50000000000003 3.5000000000000004 158.50000000000003
decision_type=2 2 2 2 2 2 2 2 2 2
left_child=1 9 4 -3 -2 -6 -7 -4 -8 -1
right_child=2 3 7 -5 5 6 8 -9 -10 -11
leaf_value=-0.050314333639019541 0.0076621740591546438 -0.024479930073018366 -0.021755856682825963 0.066158533980445508 0.10907577314489846 -0.018663767087990727 0.10759692704106827 0.03132776034143489 0.036731994456175768 -0.011959192049671344
leaf_weight=149.17325150221586 10.814474061131476 10.374476931989195 10.585990972816946 10.153802290558813 38.906782574951649 16.044296875596046 17.459933534264568 8.7120124921202642 13.501630701124666 6.0128059014677993
leaf_count=2170 96 117 120 80 253 139 102 69 101 71
internal_value=0.00148829 -0.0401885 0.0636585 0.0245292 0.0748453 0.0824156 0.0519837 0.00372377 0.0860981 -0.0492479
internal_weight=291.739 175.714 116.025 20.5283 96.7271 85.9126 47.0059 19.298 30.9616 155.186
internal_count=3318 2438 880 197 691 595 342 189 203 2241
is_linear=0
shrinkage=0.05


Tree=8
num_leaves=11
num_cat=0
split_feature=16 14 9 14 16 3 14 5 3 6
split_gain=283.485 43.1419 28.5367 45.6151 37.8148 21.8168 10.6226 6.30756 1.86253 0.527358
threshold=157.50000000000003 172.50000000000003 176.50000000000003 178.50000000000003 183.50000000000003 94.500000000000014 109.50000000000001 162.50000000000003 159.50000000000003 105.50000000000001
decision_type=2 2 2 2 2 2 2 2 2 2
left_child=1 8 3 4 6 -3 -2 9 -1 -8
right_child=2 5 -4 -5 -6 -7 7 -9 -10 -11
leaf_value=-0.049988949918237893 0.02358231984039616 -0.023976769233319376 0.11246878921579379 0.086733351881618279 0.074344213184591557 0.061948071880092229 -0.012489488911965019 0.0090034666713198919 -0.0089564439769188875 -0.039389466767014408
leaf_weight=143.54584605246782 16.174130335450172 10.172670453786852 18.348258137702942 35.430574983358383 15.723564669489859 10.628932677209376 9.1984966844320315 10.473660230636595 5.3018110319972029 14.364758439362047
leaf_count=2178 141 117 100 199 114 80 88 90 63 148
internal_value=0.00155703 -0.0395852 0.0591104 0.044619 0.01747 0.0234245 -0.00545992 -0.0205135 -0.048866 -0.0329129
internal_weight=289.363 169.649 119.713 101.365 65.9346 20.8016 50.211 34.0369 148.848 23.5633
internal_count=3318 2438 880 780 581 197 467 326 2241 236
is_linear=0
shrinkage=0.05


Tree=9
num_leaves=12
num_cat=0
split_feature=16 14 14 9 16 14 3 14 5 3 6
split_gain=258.154 41.5311 26.2045 31.7294 20.953 19.9805 19.8127 9.85719 6.00944 1.85393 0.524568
threshold=157.50000000000003 172.50000000000003 189.50000000000003 176.50000000000003 183.50000000000003 178.50000000000003 94.500000000000014 109.50000000000001 162.50000000000003 159.50000000000003 105.50000000000001
decision_type=2 2 2 2 2 2 2 2 2 2 2
left_child=1 9 3 4 5 7 -3 -2 10 -1 -9
right_child=2 6 -4 -5 -6 -7 -8 8 -10 -11 -12
leaf_value=-0.049646596099347046 0.022387981573228133 -0.023482307972221901 0.10772619659793077 0.10148451706349078 0.06502196635838367 0.050092051617228961 0.058111252599582268 -0.012160070873266714 0.0086598165830012053 -0.0087595921844380187 -0.038814111786307233
leaf_weight=137.49658408761024 16.444748379290104 9.9777996540069598 17.359383895993233 14.466612070798872 22.460812792181969 18.566771999001503 11.082255005836485 9.1129505485296267 10.541480563580988 5.2632599696516982 13.933893032371996
leaf_count=2178 141 117 83 77 148 105 80 88 90 63 148
internal_value=0.00163508 -0.0389855 0.0551933 0.0420692 0.0278391 0.0120745 0.0223655 -0.00530273 -0.0200042 -0.0484866 -0.0323215
internal_weight=286.707 163.82 122.887 105.527 91.0607 68.5998 21.0601 50.0331 33.5883 142.76 23.0468
internal_count=3318 2438 880 797 720 572 197 467 326 2241 236
is_linear=0
shrinkage=0.05


Tree=10
num_leaves=12
num_cat=0
split_feature=16 14 0 3 14 11 1 14 4 13 3
split_gain=236.579 39.9673 22.9308 18.0274 13.3496 25.9191 16.0477 9.68583 5.44548 4.28364 1.8451
threshold=157.50000000000003 172.50000000000003 15.500000000000002 94.500000000000014 189.50000000000003 101.50000000000001 2.5000000000000004 163.50000000000003 165.50000000000003 164.50000000000003 159.50000000000003
decision_type=2 2 2 2 2 2 2 2 2 2 2
left_child=1 10 4 -3 5 -2 8 -4 -7 -8 -1
right_child=2 3 7 -5 -6 6 9 -9 -10 -11 -12
leaf_value=-0.04930796527772241 0.080073588117695549 -0.022996450183462219 -0.024176722536152412 0.054604507277956363 0.1002324970622861 0.019572620228859063 -0.026997272703290227 0.033193049467110686 0.065726654578032936 0.010216977718004467 -0.0085670889823471468
leaf_weight=131.69994289427996 33.014876365661621 9.7896274253726023 11.428412497043611 11.513913705945013 18.078594788908958 20.690134465694427 10.361942119896414 8.3381713330745679 11.95821353793144 11.622307159006594 5.2257594764232627
leaf_count=2178 216 117 124 80 83 148 89 65 72 83 63
internal_value=0.00176265 -0.03839 0.0519209 0.0213517 0.0607783 0.0476701 0.0230164 0.00183915 0.0429615 -0.00907569 -0.0481097
internal_weight=283.722 158.229 125.493 21.3035 105.726 87.6475 54.6326 19.7666 32.6483 21.9842 136.926
internal_count=3318 2438 880 197 691 608 392 189 220 172 2241
is_linear=0
shrinkage=0.05


Tree=11
num_leaves=13
num_cat=0
split_feature=16 14 14 9 0 5 10 3 6 11 17 3
split_gain=216.57 38.4508 20.3981 27.134 18.0588 26.5683 23.8012 16.4326 8.38637 3.66099 2.46194 1.83594
threshold=157.50000000000003 172.50000000000003 189.50000000000003 176.50000000000003 8.5000000000000018 162.50000000000003 162.50000000000003 94.500000000000014 161.50000000000003 100.50000000000001 0.082386363636363646 159.50000000000003
decision_type=2 2 2 2 2 2 2 2 2 2 2 2
left_child=1 11 3 4 9 6 10 -3 -7 -2 -6 -1
right_child=2 7 -4 -5 5 8 -8 -9 -10 -11 -12 -13
leaf_value=-0.048972264798337224 0.07293987615608942 -0.022519105722545681 0.093756273281681235 0.090631319536874685 -0.0077873156134277578 0.0075832667501352915 0.037565556103134647 0.051390100520424656 0.064428805862368668 0.02301195278199944 -0.04470350701957107 -0.0083788409198499638
leaf_weight=126.14748721569777 13.361158289015295 9.6079204380512255 18.689775288105011 15.513720840215681 8.3512318283319491 11.963794253766538 10.689434953033922 11.924257352948187 14.526119910180567 12.977842718362806 22.071233548223972 5.1892775371670714
leaf_count=2178 81 117 83 77 66 94 82 80 89 81 227 63
internal_value=0.0018459 -0.0377983 0.0487827 0.037343 0.0244074 0.00911711 -0.0157176 0.0203821 0.0440359 0.0559356 -0.0370993 -0.0477345
internal_weight=281.013 152.869 128.144 109.455 93.9408 67.6018 41.1119 21.5322 26.4899 26.339 30.4225 131.337
internal_count=3318 2438 880 797 720 558 375 197 183 162 293 2241
is_linear=0
shrinkage=0.05


Tree=12
num_leaves=12
num_cat=0
split_feature=16 14 0 3 3 5 5 9 2 3 6
split_gain=199.844 36.9815 18.1659 15.0045 14.6307 13.6464 34.5182 8.69032 5.62329 1.82638 1.11689
threshold=157.50000000000003 172.50000000000003 15.500000000000002 94.500000000000014 85.500000000000014 142.50000000000003 162.50000000000003 166.50000000000003 3.5000000000000004 159.50000000000003 112.50000000000001
decision_type=2 2 2 2 2 2 2 2 2 2 2
left_child=1 9 4 -3 -2 10 -7 -4 -8 -1 -6
right_child=2 3 7 -5 5 6 8 -9 -10 -11 -12
leaf_value=-0.048638717901063229 0.0012787968115313528 -0.022050184894680445 -0.023268016071554914 0.048435400465035479 0.051493712143828835 -0.019772820456903033 0.077633588086756924 0.031063747567981689 0.025566381400219121 -0.0081947553201764233 0.099862209501807075
leaf_weight=120.83086649700999 12.080213993787764 9.4324517548084277 11.289599098265173 12.313783481717108 25.710369415581226 16.252370655536652 20.978981643915176 8.4370569065213186 15.296628162264822 5.1537829786539069 19.954639695584774
leaf_count=2178 96 117 130 80 155 139 102 59 101 63 98
internal_value=0.00200216 -0.0372099 0.0462902 0.0194555 0.0538789 0.0599745 0.036774 0.00155212 0.0614347 -0.0473602 0.080399
internal_weight=277.731 147.731 130 21.7462 110.273 98.193 52.528 19.7267 36.2756 125.985 45.665
internal_count=3318 2438 880 197 691 595 342 189 203 2241 253
is_linear=0
shrinkage=0.05


Tree=13
num_leaves=12
num_cat=0
split_feature=16 14 3 0 3 11 14 13 14 1 3
split_gain=183.717 35.5588 18.0542 36.5006 13.7224 12.0996 25.7233 11.7279 9.81334 5.75189 1.81634
threshold=157.50000000000003 172.50000000000003 171.50000000000003 14.500000000000002 94.500000000000014 97.500000000000014 189.50000000000003 152.50000000000003 166.50000000000003 2.5000000000000004 159.50000000000003
decision_type=2 2 2 2 2 2 2 2 2 2 2
left_child=1 10 3 5 -3 -2 7 -7 -5 -9 -1
right_child=2 4 -4 8 -6 6 -8 9 -10 -11 -12
leaf_value=-0.048306616642493201 0.072545737801259058 -0.021589600681745341 0.089714215040830117 -0.038046630020138229 0.045712108482719047 -0.025841162286685333 0.076351439682584579 0.038515461188847799 0.017428287725827014 -0.0023208846613369766 -0.00801474164576714
leaf_weight=115.74175264686346 31.667760141193867 9.2630014121532458 15.600964792072771 15.07352836430073 12.683105424046515 13.014001794159411 15.981272995471953 18.426160581409935 9.4188180640339834 12.791492663323877 5.1192465126514426
leaf_count=2178 186 117 83 163 80 94 68 121 67 98 63
internal_value=0.00207287 -0.0366243 0.0437549 0.0341516 0.0185704 0.0480747 0.0306293 0.00803293 -0.0173752 0.0237723 -0.0469862
internal_weight=274.781 142.807 131.974 116.373 21.9461 91.8807 60.2129 44.2317 24.4923 31.2177 120.861
internal_count=3318 2438 880 797 197 567 381 313 230 219 2241
is_linear=0
shrinkage=0.05


Tree=14
num_leaves=12
num_cat=0
split_feature=16 14 13 8 0 4 3 11 13 3 9
split_gain=168.985 34.182 16.1641 20.333 34.3149 20.9735 12.5688 7.41239 4.74932 1.80575 1.16091
threshold=157.50000000000003 172.50000000000003 179.50000000000003 169.50000000000003 8.5000000000000018 163.50000000000003 94.500000000000014 96.500000000000014 127.50000000000001 159.50000000000003 160.50000000000003
decision_type=2 2 2 2 2 2 2 2 2 2 2
left_child=1 9 3 4 7 10 -3 -2 -5 -1 -6
right_child=2 6 -4 8 5 -7 -8 -9 -10 -11 -12
leaf_value=-0.047975279741273941 0.074732744563631243 -0.021137265292054105 0.083404957500942706 0.080232701963863506 -0.040195184763185954 0.025258121766402675 0.043195660193025232 0.020900896021769151 0.02846945022022487 -0.0078387119806178854 -0.0098399486761788432
leaf_weight=110.87194401398301 15.694784238934515 9.0993543863296527 16.865009650588036 17.72973944991827 20.932396665215496 21.330513544380665 13.032918304204939 17.130379214882851 15.946263201534746 5.0856385603547087 8.1768137514591199
leaf_count=2178 82 117 76 90 224 149 80 98 82 63 79
internal_value=0.00212603 -0.0360412 0.0413946 0.0321645 0.0170188 -0.0091443 0.0177251 0.053116 0.062571 -0.0466118 -0.0343607
internal_weight=271.896 138.09 133.806 116.941 83.2649 50.4397 22.1323 32.8252 33.676 115.958 29.1092
internal_count=3318 2438 880 804 632 452 197 180 172 2241 303
is_linear=0
shrinkage=0.05


Tree=15
num_leaves=11
num_cat=0
split_feature=16 14 3 0 3 5 3 5 14 7
split_gain=156.081 32.891 15.4356 30.8222 12.5528 10.4385 17.192 16.0957 9.07282 1.29844
threshold=157.50000000000003 169.50000000000003 171.50000000000003 14.500000000000002 94.500000000000014 142.50000000000003 107.50000000000001 165.50000000000003 166.50000000000003 162.50000000000003
decision_type=2 2 2 2 2 2 2 2 2 2
left_child=1 9 3 5 -3 6 -2 -7 -5 -1
right_child=2 4 -4 8 -6 7 -8 -9 -10 -11
leaf_value=-0.047687266793005015 0.015622401322022059 -0.022183676286498383 0.080764881350780304 -0.03752319255882712 0.040458104011520633 -0.015608693414836056 0.074204031145377269 0.045423107671810806 0.016008240627274194 -0.0071832333970002007
leaf_weight=105.98231333866715 22.350194424390793 9.6222285404801386 16.475200548768044 14.533624779433014 13.973730750381945 16.824380949139595 37.569773279130459 17.889899559319019 9.5933196321129781 3.9932884760200968
leaf_count=2151 146 131 83 163 90 132 194 95 67 66
internal_value=0.00221512 -0.0354602 0.0393642 0.03059 0.015501 0.0430094 0.0552392 0.0176027 -0.0171439 -0.0465929
internal_weight=268.808 133.572 135.236 118.761 23.596 94.6342 59.92 34.7143 24.1269 109.976
internal_count=3318 2438 880 797 221 567 340 227 230 2217
is_linear=0
shrinkage=0.05


Tree=16
num_leaves=12
num_cat=0
split_feature=16 14 13 11 3 8 0 9 0 3 11
split_gain=143.811 37.2786 12.7576 18.9097 10.9571 13.037 8.95787 8.36247 6.21147 1.22787 1.11166
threshold=160.50000000000003 176.50000000000003 177.50000000000003 101.50000000000001 167.50000000000003 168.50000000000003 8.5000000000000018 166.50000000000003 12.500000000000002 159.50000000000003 157.50000000000003
decision_type=2 2 2 2 2 2 2 2 2 2 2
left_child=1 7 3 8 5 6 -5 9 -2 -1 -8
right_child=2 -3 -4 4 -6 -7 10 -9 -10 -11 -12
leaf_value=-0.04741882571359831 0.065617942197633547 0.025834756334127757 0.073940965145197102 0.012107614147959061 0.040305376539824245 0.034840321567273819 -0.041682876383600201 0.01376064295031865 0.018171042991962483 -0.01026288107900164 -0.010184096249143862
leaf_weight=107.23437375575304 30.002825118601322 19.562730193138123 19.691738665103912 13.709836490452288 17.225121974945068 12.117462128400801 14.046174172312023 4.0163909345865241 14.790395475924013 5.5119928643107405 8.109267406165598
leaf_count=2223 160 153 87 74 98 67 157 56 110 64 69
internal_value=0.00222195 -0.0330532 0.0391517 0.0299799 0.0112708 -0.00197226 -0.0171508 -0.0435752 0.0533491 -0.0461153 -0.0341517
internal_weight=266.018 136.325 129.693 110.001 65.2079 47.9827 35.8653 116.763 44.7932 112.746 22.1554
internal_count=3318 2496 822 735 465 367 300 2343 270 2287 226
is_linear=0
shrinkage=0.05


Tree=17
num_leaves=13
num_cat=0
split_feature=16 14 9 14 16 3 11 6 1 17 3 8
split_gain=132.502 30.7003 14.2038 22.925 24.3522 11.3485 4.17411 4.78443 1.57794 3.75319 1.29863 0.392903
threshold=157.50000000000003 169.50000000000003 176.50000000000003 178.50000000000003 181.50000000000003 94.500000000000014 22.500000000000004 158.50000000000003 5.5000000000000009 0.51420454545454553 128.50000000000003 160.50000000000003
decision_type=2 2 2 2 2 2 2 2 2 2 2 2
left_child=1 8 3 4 6 -3 -2 11 -1 -10 -5 -8
right_child=2 5 -4 10 -6 -7 7 -9 9 -11 -12 -13
leaf_value=-0.04957800503862142 0.0096658264465818641 -0.021780945546132496 0.068836168343157117 0.026617304133865989 0.044735816821258705 0.037656296451187607 -0.033944837333091546 0.0082851164753580172 0.012005621595676565 -0.031470488126972708 0.062368408039462378 -0.010454165957898196
leaf_weight=83.014411218464375 12.572678469121454 9.4538635946810263 23.144514918327332 15.863481402397154 23.602247066795826 14.389735497534273 19.060217291116718 8.8131542205810529 3.683143068104985 14.645009830594061 26.582599490880966 8.3928470499813539
leaf_count=1818 99 131 100 77 147 90 184 71 71 328 122 80
internal_value=0.00226426 -0.0342759 0.0354436 0.0261262 0.00783965 0.0143993 -0.0124897 -0.0204111 -0.0458666 -0.0220331 0.0532201 -0.0294805
internal_weight=263.218 125.186 138.032 114.887 72.4411 23.8436 48.8389 36.2662 101.343 18.3282 42.4461 27.4531
internal_count=3318 2438 880 780 581 221 434 335 2217 399 199 264
is_linear=0
shrinkage=0.05


Tree=18
num_leaves=14
num_cat=0
split_feature=16 14 14 3 11 13 17 0 1 13 1 17 14
split_gain=122.358 29.514 13.8028 18.4692 16.089 10.4957 10.4402 7.04074 4.02381 2.60404 1.64475 3.60947 0.433178
threshold=157.50000000000003 169.50000000000003 189.50000000000003 171.50000000000003 97.500000000000014 152.50000000000003 0.46306818181818182 12.500000000000002 2.5000000000000004 169.50000000000003 5.5000000000000009 0.51420454545454553 169.50000000000003
decision_type=2 2 2 2 2 2 2 2 2 2 2 2 2
left_child=1 10 3 4 7 12 -3 -2 9 -7 -1 -12 -6
right_child=2 6 -4 -5 5 8 -8 -9 -10 -11 11 -13 -14
leaf_value=-0.049332753333213131 0.052224970285389916 0.035678900846879268 0.068660087767656378 0.068579666350528382 -0.033447396058787861 0.0044014555822371104 -0.021327519279526398 0.006615591900311967 -0.004777964262625143 0.036264378941339881 0.011696861218789621 -0.030964101166662324 -0.010435939598378623
leaf_weight=79.372712261974812 25.444565013051033 14.696885824203493 20.470355331897736 15.894827634096144 10.493305165320637 12.269901070743801 9.2827897258102876 13.963746488094328 17.341490011662245 13.336160138249396 3.7223293967545059 14.232581868767737 9.9054406285285932
leaf_count=1818 136 90 83 77 107 97 131 108 133 77 71 328 62
internal_value=0.0022603 -0.033709 0.0337055 0.0251423 0.0155527 -0.000578637 0.0137388 0.0386284 0.0132273 0.0242097 -0.0454993 -0.0214985 -0.0265274
internal_weight=260.427 121.307 139.12 118.649 102.755 63.3463 23.9797 39.4083 42.9476 25.6061 97.3276 17.9549 20.3987
internal_count=3318 2438 880 797 720 476 221 244 307 174 2217 399 169
is_linear=0
shrinkage=0.05


Tree=19
num_leaves=12
num_cat=0
split_feature=16 14 14 9 16 0 13 17 11 1 17
split_gain=113.202 28.367 12.7658 17.9996 13.3448 12.145 10.7307 9.61548 7.26249 1.70837 3.47016
threshold=157.50000000000003 169.50000000000003 189.50000000000003 176.50000000000003 179.50000000000003 10.500000000000002 164.50000000000003 0.46306818181818182 101.50000000000001 5.5000000000000009 0.51420454545454553
decision_type=2 2 2 2 2 2 2 2 2 2 2
left_child=1 9 3 4 6 -6 8 -3 -2 -1 -11
right_child=2 7 -4 -5 5 -7 -8 -9 -10 10 -12
leaf_value=-0.049089072195629538 0.0053182413273579537 0.033835725846398733 0.065659616537693297 0.064474326331055473 0.05567500019581454 0.0012465242068424758 0.024568930364727477 -0.020882049073993762 -0.033583212457284177 0.011395655651036025 -0.030460966299391313
leaf_weight=75.891256805509329 20.814238660037518 14.9873238876462 20.561409130692482 17.881471484899521 22.401109203696251 16.746684834361076 21.676712799817324 9.1176656782627088 19.9876255877316 3.7608512379229095 13.836965121328829
leaf_count=1818 145 90 83 77 114 124 144 131 193 71 328
internal_value=0.00227086 -0.0331448 0.0321214 0.0239461 0.014126 0.0351697 -0.000688516 0.013107 -0.0153242 -0.0451302 -0.0209736
internal_weight=257.663 117.594 140.069 119.508 101.626 39.1478 62.4786 24.105 40.8019 93.4891 17.5978
internal_count=3318 2438 880 797 720 238 482 221 338 2217 399
is_linear=0
shrinkage=0.05


Tree=20
num_leaves=13
num_cat=0
split_feature=16 14 14 8 0 4 17 11 11 11 1 17
split_gain=104.878 27.2581 11.8186 16.411 14.9419 18.1987 8.86537 6.53003 6.38629 2.14689 1.76868 3.3352
threshold=157.50000000000003 169.50000000000003 189.50000000000003 169.50000000000003 8.5000000000000018 163.50000000000003 0.46306818181818182 158.50000000000003 96.500000000000014 118.50000000000001 5.5000000000000009 0.51420454545454553
decision_type=2 2 2 2 2 2 2 2 2 2 2 2
left_child=1 10 3 4 8 7 -3 -6 -2 -5 -1 -12
right_child=2 6 -4 9 5 -7 -8 -9 -10 -11 11 -13
leaf_value=-0.048846461277910432 0.053851531448348956 0.032114391441628358 0.062909954412742261 0.062759401436931234 -0.042303102434785134 0.0234518038223019 -0.020444470295658962 0.0052483091771127676 0.0081082961430084203 0.024719157017425435 0.011101856527377309 -0.029961241411669556
leaf_weight=72.563783813267946 15.134468376636507 15.26187650114298 20.604330241680145 17.730840086936951 21.591539420187477 24.314027056097984 8.958270348608492 8.5217493548989278 15.652782902121542 17.182643137872219 3.7987089529633549 13.457447133958338
leaf_count=1818 73 90 83 83 244 156 131 68 89 84 71 328
internal_value=0.00227977 -0.0325833 0.0306791 0.0228579 0.00981282 -0.00616672 0.0125026 -0.0300154 0.034977 0.0494798 -0.044759 -0.0204584
internal_weight=254.772 114.04 140.732 120.128 85.2146 54.4273 24.2201 30.1133 30.7873 34.9135 89.8199 17.2562
internal_count=3318 2438 880 797 630 468 221 312 162 167 2217 399
is_linear=0
shrinkage=0.05


Tree=21
num_leaves=11
num_cat=0
split_feature=16 14 3 5 5 6 9 17 6 13
split_gain=97.406 30.1499 10.5067 12.0257 22.5179 10.6379 9.00559 4.18503 2.78567 1.19602
threshold=160.50000000000003 176.50000000000003 85.500000000000014 141.50000000000003 162.50000000000003 156.50000000000003 168.50000000000003 0.07670454545454547 112.50000000000001 166.50000000000003
decision_type=2 2 2 2 2 2 2 2 2 2
left_child=1 6 -2 8 7 -6 9 -5 -4 -1
right_child=2 -3 3 4 5 -7 -8 -9 -10 -11
leaf_value=-0.045569879529651212 -0.0061916503170691105 0.02116476382923772 0.032046173784739909 0.0037687209600082263 0.0031637084977596194 0.052903204879451007 0.018635859568119872 -0.03685631922663711 0.068000681196936572 -0.005613918084478608
leaf_weight=90.515155531466007 15.418987710028885 20.368444696068764 27.944979645311832 9.1174222901463526 16.454071834683418 30.12345752120018 3.3672136254608622 10.946710780262945 24.092537138611078 3.4530857950448981
leaf_count=2247 121 153 158 63 102 144 48 114 120 48
internal_value=0.00230492 -0.0302127 0.0309072 0.0357826 0.0194229 0.0373422 -0.0414728 -0.0213266 0.0531943 -0.0444594
internal_weight=251.802 117.704 134.098 118.679 66.6417 46.5775 97.3355 20.0641 52.0375 93.9682
internal_count=3318 2496 822 701 423 246 2343 177 278 2295
is_linear=0
shrinkage=0.05


Tree=22
num_leaves=13
num_cat=0
split_feature=16 14 3 0 5 3 5 17 14 1 6 3
split_gain=89.8685 25.2408 11.5632 20.3929 8.36846 14.1342 11.6377 8.09649 7.33792 2.04654 3.30992 1.40074
threshold=157.50000000000003 169.50000000000003 171.50000000000003 14.500000000000002 142.50000000000003 107.50000000000001 165.50000000000003 0.46306818181818182 166.50000000000003 5.5000000000000009 23.500000000000004 128.50000000000003
decision_type=2 2 2 2 2 2 2 2 2 2 2 2
left_child=1 9 3 4 5 -2 -6 -3 -5 -1 -11 -7
right_child=2 7 -4 8 6 11 -8 -9 -10 10 -12 -13
leaf_value=-0.048384921083047996 0.0078936622229792055 0.029944008941424821 0.061729537512948601 -0.03702574278163228 -0.017829514471313319 0.032828128177203396 0.032727215444363543 -0.020171828275314333 0.011651183592008958 -0.031683889203424756 0.0072719206636924208 0.071141599425802671
leaf_weight=66.608557943254709 23.820931624621153 15.598129205405714 18.09036672860384 13.697399582713844 17.18193406239152 20.385599412024021 19.055185653269291 8.8524164892733079 10.010090991854666 10.22048704698682 6.0565391033887854 19.617019534111023
leaf_count=1818 146 90 83 163 132 104 95 131 67 267 132 90
internal_value=0.00229206 -0.0314169 0.0279989 0.0208633 0.0304959 0.0408604 0.00950033 0.0114552 -0.0180232 -0.043996 -0.0188862 0.0574335
internal_weight=249.195 107.336 141.859 123.768 100.061 63.8236 36.2371 24.4505 23.7075 82.8856 16.277 40.0026
internal_count=3318 2438 880 797 567 340 227 221 230 2217 399 194
is_linear=0
shrinkage=0.05


Tree=23
num_leaves=15
num_cat=0
split_feature=16 14 13 11 4 17 14 10 3 7 0 1 6 8
split_gain=83.3916 24.2405 10.7753 13.2744 14.4697 7.05336 5.50606 4.37355 4.104 3.64905 17.1033 2.07941 3.18113 0.395914
threshold=157.50000000000003 169.50000000000003 179.50000000000003 101.50000000000001 172.50000000000003 0.44602272727272735 167.50000000000003 148.50000000000003 149.50000000000003 168.50000000000003 8.5000000000000018 5.5000000000000009 23.500000000000004 160.50000000000003
decision_type=2 2 2 2 2 2 2 2 2 2 2 2 2 2
left_child=1 11 3 9 6 -3 13 8 -8 10 -2 -1 -13 -5
right_child=2 5 -4 4 -6 -7 7 -9 -10 -11 -12 12 -14 -15
leaf_value=-0.048142751458957439 0.049791943261063065 0.02854529916103395 0.059306091077007454 -0.031150675971033256 0.047323176357227097 -0.018012932356461796 -0.0024170764887601354 -0.013032320413144935 0.032326110059467068 0.058226175974949668 -0.014053710539264578 -0.031239062066302767 0.0070468859171207814 -0.0084351662781193461
leaf_weight=63.69528079777956 19.72051577270031 15.293721720576288 18.118888661265373 9.7995350360870379 11.55745606869459 9.245795536786316 15.134293407201769 16.964140102267265 12.673891391605137 15.217053666710852 15.161799989640711 9.9264079406857508 6.0961011573672286 7.9558158665895453
leaf_count=1818 93 87 76 112 58 134 94 106 78 72 123 267 132 68
internal_value=0.00227724 -0.0308683 0.0267846 0.0199278 0.00568589 0.0109237 -0.00494437 0.00475 0.0159308 0.0385612 0.0237583 -0.0436186 -0.0184609 -0.0250622
internal_weight=246.561 104.257 142.303 124.185 74.0851 24.5395 62.5277 44.7723 27.8082 50.0994 34.8823 79.7178 16.0225 17.7554
internal_count=3318 2438 880 804 516 221 458 278 172 288 216 2217 399 180
is_linear=0
shrinkage=0.05


Tree=24
num_leaves=13
num_cat=0
split_feature=16 14 13 11 1 17 7 0 2 4 14 3
split_gain=77.5452 26.4654 9.1217 12.873 7.96913 6.10939 5.75182 4.15614 3.86952 3.66875 1.92407 0.324835
threshold=160.50000000000003 169.50000000000003 177.50000000000003 101.50000000000001 1.5000000000000002 0.42897727272727276 164.50000000000003 12.500000000000002 3.5000000000000004 163.50000000000003 174.50000000000003 160.50000000000003
decision_type=2 2 2 2 2 2 2 2 2 2 2 2
left_child=1 6 3 7 9 -3 11 -2 10 -5 -6 -1
right_child=2 5 -4 4 8 -7 -8 -9 -10 -11 -12 -13
leaf_value=-0.046114126908856821 0.047610617209688275 0.027063636331906088 0.055309482815486866 0.0029592363996306958 0.014143963065168777 -0.015321493656419048 0.00742252824446371 0.011626070034210387 -0.025972971467716245 0.03813672944400201 -0.009360054147753108 -0.0080807400374820464
leaf_weight=73.873334843665361 32.823544263839722 17.921709671616558 20.494259871542454 13.866688661277296 13.119607560336592 9.4620938636362535 4.1499275527894488 15.303686577826737 14.393489286303518 13.544663913547991 12.059248983860014 2.9555533379316321
leaf_count=2152 160 100 87 97 108 136 68 110 123 73 64 40
internal_value=0.00228187 -0.0285348 0.0270466 0.0199217 0.00494508 0.0123137 -0.0422609 0.0383392 -0.00913344 0.0235431 0.00320117 -0.0452342
internal_weight=243.968 108.363 135.605 115.111 66.9837 27.3838 80.9788 48.1272 39.5723 27.4114 25.1789 76.8289
internal_count=3318 2496 822 735 465 236 2260 270 295 170 172 2192
is_linear=0
shrinkage=0.05


Tree=25
num_leaves=13
num_cat=0
split_feature=16 14 3 0 5 7 5 14 17 1 6 17
split_gain=71.724 22.3445 10.5409 17.436 7.61435 13.7914 10.1473 6.65847 6.05799 2.32477 3.12388 1.97059
threshold=157.50000000000003 169.50000000000003 171.50000000000003 14.500000000000002 142.50000000000003 104.50000000000001 164.50000000000003 166.50000000000003 0.44602272727272735 5.5000000000000009 23.500000000000004 0.28693181818181829
decision_type=2 2 2 2 2 2 2 2 2 2 2 2
left_child=1 9 3 4 5 -2 -6 -5 -3 -1 -11 -7
right_child=2 8 -4 7 6 11 -8 -9 -10 10 -12 -13
leaf_value=-0.047683312342331224 0.006484122654212005 0.025925640638051785 0.056274948579815812 -0.036572498673876463 -0.020423473222447509 0.069969135455460796 0.026894846751595026 0.010040863366490974 -0.017252411131668054 -0.030144666085545453 0.0079187266660466632 0.03126673301446687
leaf_weight=58.492042377591133 26.283083692193031 15.71028506010771 18.3984449878335 13.309065423905851 15.237597752362488 16.243597649037838 21.259942591190338 10.199503012001513 8.9928260743617994 9.2424616739153844 5.9411952160298815 22.267109416425228
leaf_count=1818 155 87 83 163 122 73 105 67 134 267 132 112
internal_value=0.00227026 -0.0297419 0.0245244 0.0178562 0.0266694 0.0364186 0.0070591 -0.0181346 0.00994904 -0.0428367 -0.0169788 0.0537557
internal_weight=241.577 98.3788 143.198 124.8 101.291 64.7938 36.4975 23.5086 24.7031 73.6757 15.1837 38.5107
internal_count=3318 2438 880 797 567 340 227 230 221 2217 399 185
is_linear=0
shrinkage=0.05


Tree=26
num_leaves=13
num_cat=0
split_feature=16 14 9 10 0 6 9 4 5 13 1 16
split_gain=66.6791 24.2757 9.53771 8.70896 11.6502 18.6948 11.7301 8.37747 5.59707 1.50773 0.580216 0.313288
threshold=160.50000000000003 176.50000000000003 169.50000000000003 172.50000000000003 8.5000000000000018 155.50000000000003 164.50000000000003 165.50000000000003 108.50000000000001 169.50000000000003 5.5000000000000009 171.50000000000003
decision_type=2 2 2 2 2 2 2 2 2 2 2 2
left_child=1 2 9 4 8 6 11 -7 -2 10 -1 -6
right_child=3 -3 -4 -5 5 7 -8 -9 -10 -11 -12 -13
leaf_value=-0.047535434992716237 0.016254322438938103 0.01742675934064505 0.02307858948511305 0.056625055449653267 -0.013300983843113848 0.00033362056591411935 0.016243869684416556 0.045559391941501021 0.056487794166864475 -0.0024546140584862145 -0.021117773413381006 -0.03969392529493547
leaf_weight=61.361743265762925 22.575479581952095 20.971084266901016 2.8513298816978923 14.993647202849386 8.6630435585975665 16.071588903665543 14.432868983596562 23.581409350037575 18.983157768845558 2.8642255067825309 14.674140632152556 17.039419207721949
leaf_count=1876 112 153 38 66 97 109 90 111 82 35 394 155
internal_value=0.00224482 -0.0274364 -0.039286 0.0247869 0.0187678 0.00670238 -0.016415 0.029319 0.0387249 -0.0427808 -0.0440547 -0.034413
internal_weight=239.063 102.723 81.7514 136.341 121.347 79.7883 40.1353 39.653 41.5586 78.9001 76.0359 25.7025
internal_count=3318 2496 2343 822 756 562 342 220 194 2305 2270 252
is_linear=0
shrinkage=0.05


Tree=27
num_leaves=15
num_cat=0
split_feature=16 14 4 5 3 6 3 11 6 17 12 1 6 6
split_gain=61.9063 20.6865 9.82275 12.999 19.7321 13.6193 15.5863 10.4568 5.44812 4.7346 2.54491 2.40032 3.03557 0.390429
threshold=157.50000000000003 169.50000000000003 176.50000000000003 141.50000000000003 171.50000000000003 112.50000000000001 128.50000000000003 96.500000000000014 167.50000000000003 0.42897727272727276 165.50000000000003 5.5000000000000009 23.500000000000004 160.50000000000003
decision_type=2 2 2 2 2 2 2 2 2 2 2 2 2 2
left_child=1 11 3 5 8 6 7 -2 10 -3 13 -1 -13 -5
right_child=2 9 -4 4 -6 -7 -8 -9 -10 -11 -12 12 -14 -15
leaf_value=-0.047196528023301286 0.018467301758675853 0.023400525586677066 0.057283875506024463 -0.041620699630483565 0.042894297357808781 0.057324571043336048 0.049322338867923012 -0.030679601312709082 0.0092604449117286141 -0.014656080331106587 -0.0037385639164026069 -0.029408785706761805 0.0082161933405310531 -0.013835346591202648
leaf_weight=53.557202229276299 16.69810776412487 15.603584717959167 13.875256739556788 13.280338127166035 13.671783760190008 24.530732695013285 13.406082130968569 16.961101531982422 11.517722792923449 9.2413293942809087 10.309109214693306 8.8122039884328824 5.8891809955239287 9.0640281401574594
leaf_count=1818 95 85 65 141 62 120 75 129 59 136 68 267 132 66
internal_value=0.00224949 -0.0286128 0.0225877 0.0168763 -0.000935359 0.0303882 0.012192 -0.00706306 -0.0174837 0.00916111 -0.0268941 -0.0420487 -0.0160767 -0.0349403
internal_weight=236.418 93.1035 143.314 129.439 57.843 71.596 47.0653 33.6592 44.1712 24.8449 32.6535 68.2586 14.7014 22.3444
internal_count=3318 2438 880 815 396 419 299 224 334 221 275 2217 399 207
is_linear=0
shrinkage=0.05


Tree=28
num_leaves=12
num_cat=0
split_feature=16 14 14 9 16 13 0 11 17 17 7
split_gain=57.5987 19.8634 9.3078 13.2975 10.6676 8.60319 8.20506 4.80567 4.37996 2.53692 1.05099
threshold=157.50000000000003 169.50000000000003 189.50000000000003 176.50000000000003 179.50000000000003 164.50000000000003 10.500000000000002 101.50000000000001 0.42897727272727276 0.07670454545454547 160.50000000000003
decision_type=2 2 2 2 2 2 2 2 2 2 2
left_child=1 9 3 4 5 7 -6 -2 -3 -1 -11
right_child=2 8 -4 -5 6 -7 -8 -9 -10 10 -12
leaf_value=0.0032150320359833752 -0.0010839330543363742 0.0223259331663468 0.050290925366052723 0.049408179900937391 0.041898702688153301 0.016857672984043458 -0.0015621492034013989 -0.033688435777166938 -0.01429485037981469 -0.044630609060888601 -0.0030794558660095085
leaf_weight=2.3523641265928736 21.721473634243011 15.773098263889553 19.926357567310333 18.536000221967697 23.985533103346825 22.89616272971034 16.809848789125681 19.363816615194082 9.130315348505972 61.041240125894547 2.3475864790379992
leaf_count=39 145 85 83 77 114 144 124 193 136 2115 63
internal_value=0.0022299 -0.0280691 0.0217038 0.0153046 0.00729578 -0.00550117 0.0257752 -0.0184385 0.00875445 -0.0416511 -0.0434294
internal_weight=233.884 90.6446 143.239 123.313 104.777 63.9815 40.7954 41.0853 24.9034 65.7412 63.3888
internal_count=3318 2438 880 797 720 482 238 338 221 2217 2178
is_linear=0
shrinkage=0.05


Tree=29
num_leaves=15
num_cat=0
split_feature=16 14 4 5 3 9 0 5 7 7 17 1 6 6
split_gain=53.4492 19.0443 8.98747 11.6928 18.1091 12.795 24.408 6.25448 4.91931 5.01604 4.05416 2.62184 2.96914 0.588751
threshold=157.50000000000003 169.50000000000003 176.50000000000003 141.50000000000003 171.50000000000003 162.50000000000003 8.5000000000000018 108.50000000000001 175.50000000000003 143.50000000000003 0.42897727272727276 5.5000000000000009 23.500000000000004 161.50000000000003
decision_type=2 2 2 2 2 2 2 2 2 2 2 2 2 2
left_child=1 11 3 5 8 6 7 -2 9 -5 -3 -1 -13 -11
right_child=2 10 -4 4 -6 -7 -8 -9 -10 13 -12 12 -14 -15
leaf_value=-0.046727912657745348 0.01139171930213609 0.021309533626157593 0.053850848924315867 0.003354477364406451 0.040303706805007652 0.062882193563378125 -0.035820646805678036 0.050792961448982134 0.0093366740670932161 -0.044026241510364966 -0.013941563714569637 -0.028337141195688 0.0090085880194617565 -0.014562180904888625
leaf_weight=49.254178788512945 23.899600952863693 15.933436766266825 13.963703788816927 9.7562083788216096 13.778975896537302 15.243434745818375 13.49154895916581 19.033079952001572 10.372366711497305 13.885244634002449 9.0230543464422208 8.2247058562934381 5.7524738796055308 9.6771309562027437
leaf_count=1818 122 85 65 76 62 75 140 82 50 138 136 267 132 70
internal_value=0.00221733 -0.0274981 0.0208399 0.0153962 -0.00152536 0.0281801 0.0144495 0.0323355 -0.0175012 -0.0259842 0.00836475 -0.0412284 -0.0146432 -0.0365928
internal_weight=231.289 88.1878 143.101 129.138 57.4699 71.6677 56.4242 42.9327 43.691 33.3186 24.9565 63.2314 13.9772 23.5624
internal_count=3318 2438 880 815 396 419 344 204 334 284 221 2217 399 208
is_linear=0
shrinkage=0.05


Tree=30
num_leaves=12
num_cat=0
split_feature=16 14 14 9 16 13 0 11 17 3 7
split_gain=49.7947 18.2748 8.44237 11.6458 9.64917 7.80625 7.047 4.45412 3.49466 2.69994 1.0372
threshold=157.50000000000003 169.50000000000003 189.50000000000003 176.50000000000003 179.50000000000003 164.50000000000003 10.500000000000002 101.50000000000001 0.41193181818181829 163.50000000000003 160.50000000000003
decision_type=2 2 2 2 2 2 2 2 2 2 2
left_child=1 9 3 4 5 7 -6 -2 -3 10 -1
right_child=2 8 -4 -5 6 -7 -8 -9 -10 -11 -12
leaf_value=-0.044004127662014142 -0.0013789579100650566 0.020328600748808798 0.0474510691905684 0.04590157322026478 0.038811752886595267 0.015525548155148717 -0.0014962956727822803 -0.033023805069695038 -0.012247245994670416 0.0047083966923305003 -0.0028837239858243722
leaf_weight=56.453586779534817 21.66328689455986 15.520828895270826 19.602294072508812 18.569580644369125 24.315794602036476 23.077560681849718 16.638129319995642 18.879793781787157 9.4836943671107274 2.1629114709794512 2.3202172592282286
leaf_count=2117 145 82 83 77 114 144 124 193 139 36 64
internal_value=0.0021971 -0.0269605 0.0200699 0.0140299 0.0065341 -0.0056754 0.024055 -0.0181228 0.00799127 -0.0408209 -0.0427342
internal_weight=228.688 85.9412 142.746 123.144 104.575 63.6206 40.9539 40.5431 25.0045 60.9367 58.7738
internal_count=3318 2438 880 797 720 482 238 338 221 2217 2181
is_linear=0
shrinkage=0.05


Tree=31
num_leaves=14
num_cat=0
split_feature=16 14 4 5 3 9 5 8 10 2 5 1 6
split_gain=46.2066 17.5159 8.24492 10.5811 16.6478 11.8967 15.9084 15.8159 4.64467 6.45352 3.25188 2.82832 2.8953
threshold=157.50000000000003 169.50000000000003 176.50000000000003 141.50000000000003 171.50000000000003 162.50000000000003 108.50000000000001 95.500000000000014 148.50000000000003 3.5000000000000004 98.500000000000014 5.5000000000000009 23.500000000000004
decision_type=2 2 2 2 2 2 2 2 2 2 2 2 2
left_child=1 11 3 5 8 6 7 -2 9 -5 -3 -1 -13
right_child=2 10 -4 4 -6 -7 -8 -9 -10 -11 -12 12 -14
leaf_value=-0.046250967020745062 0.01694598170494464 -0.011372002693720811 0.050782422754562476 0.017871721978853661 0.037953957276620959 0.059546476879919263 0.043946143547664795 -0.043222363026019006 -0.032880764445505528 -0.026137507786803467 0.019892237320957473 -0.027278384520642979 0.0097445907864262687
leaf_weight=45.325784062966704 23.311858732253313 9.9528957493603247 14.003358714282511 14.149925008416178 13.853692337870596 15.307269025593994 19.873505990952253 12.950120653957127 19.294497814029455 9.7589409910142404 15.095856852829455 7.6860968433320505 5.6278683617711067
leaf_count=1818 157 139 65 101 62 75 97 90 138 95 82 267 132
internal_value=0.0021805 -0.026389 0.0192844 0.0140785 -0.00204279 0.0262451 0.013037 -0.00717548 -0.0174747 -0.00150541 0.00764448 -0.0403853 -0.0132408
internal_weight=226.192 83.6885 142.503 128.5 57.0571 71.4428 56.1355 36.262 43.2034 23.9089 25.0488 58.6397 13.314
internal_count=3318 2438 880 815 396 419 344 247 334 196 221 2217 399
is_linear=0
shrinkage=0.05


Tree=32
num_leaves=14
num_cat=0
split_feature=16 14 13 11 4 8 9 5 8 0 17 1 6
split_gain=43.0083 16.8143 7.96052 9.95628 10.4516 3.82265 7.36581 9.43495 3.65079 5.68257 3.05763 2.82058 2.77485
threshold=157.50000000000003 169.50000000000003 179.50000000000003 101.50000000000001 172.50000000000003 169.50000000000003 124.50000000000001 108.50000000000001 167.50000000000003 7.5000000000000009 0.41193181818181829 5.5000000000000009 23.500000000000004
decision_type=2 2 2 2 2 2 2 2 2 2 2 2 2
left_child=1 11 3 8 5 6 7 -5 9 -2 -3 -1 -13
right_child=2 10 -4 4 -6 -7 -8 -9 -10 -11 -12 12 -14
leaf_value=-0.045991116611689753 0.034370203121424116 0.018719172900298457 0.046459789210353465 -0.025995329917807005 0.035566139766464965 0.010282117116122758 -0.036172791400533248 0.024693012435195297 0.045719919024033169 -0.0032051643719168289 -0.01175436560898983 -0.026875383539244381 0.0094414597630398198
leaf_weight=43.380280951038003 14.633134067058561 15.76495271548629 17.583290219306946 11.799876514822246 12.183914564549921 16.554071806371212 17.93839992582798 15.274233259260653 17.278172567486763 19.055839024484158 9.3301440775394422 7.4912241287529451 5.6773875877261162
leaf_count=1818 68 82 76 96 58 83 176 103 78 142 139 267 132
internal_value=0.00215213 -0.0258494 0.0185499 0.0129759 0.000850212 -0.00817544 -0.0153128 0.00199268 0.0288785 0.0154486 0.00731883 -0.0399676 -0.0129287
internal_weight=223.945 81.644 142.301 124.718 73.7505 61.5666 45.0125 27.0741 50.9671 33.689 25.0951 56.5489 13.1686
internal_count=3318 2438 880 804 516 458 375 199 288 210 221 2217 399
is_linear=0
shrinkage=0.05


Tree=33
num_leaves=13
num_cat=0
split_feature=16 9 14 13 11 1 0 4 2 14 16 17
split_gain=40.2304 19.2975 11.3498 7.02288 9.79192 6.04553 3.77313 2.9237 2.62081 2.4313 2.089 5.40807
threshold=160.50000000000003 173.50000000000003 176.50000000000003 177.50000000000003 101.50000000000001 1.5000000000000002 12.500000000000002 163.50000000000003 3.5000000000000004 174.50000000000003 25.500000000000004 0.30965909090909099
decision_type=2 2 2 2 2 2 2 2 2 2 2 2
left_child=1 2 10 4 6 7 -2 -6 9 -7 11 -1
right_child=3 -3 -4 -5 5 8 -8 -9 -10 -11 -12 -13
leaf_value=0.022610528333028054 0.037349531234134078 0.043969535193617924 0.0038591036919607886 0.043651374541811568 -0.00081939067418433046 0.011819262409454013 0.005756237877039664 0.029208053453550511 -0.026017180480707641 -0.014538087508512607 -0.04534555051516171 -0.02889741663209637
leaf_weight=2.9155802186578503 33.492379680275917 5.3011733926832667 18.029813043773174 19.82667438685894 13.701054662466051 13.079434338957073 15.276400368660687 13.953654758632181 13.849765438586472 11.982384145259855 47.224733280017972 13.048732861876486
leaf_count=43 160 38 137 87 97 108 110 73 123 64 1779 499
internal_value=0.00213438 -0.023699 -0.0304095 0.0189264 0.0130389 0.000204738 0.0289087 0.0164839 -0.0119245 -0.00110458 -0.0397534 -0.0163414
internal_weight=221.682 86.52 81.2189 135.162 115.335 66.5663 48.7688 27.6547 38.9116 25.0618 63.189 15.9643
internal_count=3318 2496 2458 822 735 465 270 170 295 172 2321 542
is_linear=0
shrinkage=0.05


Tree=34
num_leaves=15
num_cat=0
split_feature=16 14 14 8 9 5 10 10 17 8 11 4 7 6
split_gain=37.1005 15.5911 7.52782 10.0913 7.94709 5.98458 7.16026 3.70104 3.04311 2.87503 2.47912 2.38433 1.34065 1.32417
threshold=157.50000000000003 169.50000000000003 189.50000000000003 169.50000000000003 124.50000000000001 108.50000000000001 72.500000000000014 161.50000000000003 0.065340909090909102 161.50000000000003 118.50000000000001 166.50000000000003 162.50000000000003 102.50000000000001
decision_type=2 2 2 2 2 2 2 2 2 2 2 2 2 2
left_child=1 8 3 4 5 6 -2 11 -1 13 -5 -6 -10 -3
right_child=2 9 -4 10 7 -7 -8 -9 12 -11 -12 -13 -14 -15
leaf_value=0.007868687321218806 0.016314091266472382 -0.015939381717446327 0.043294253375904534 0.043758333037118707 -0.039754844205988536 0.028394236544805315 -0.026790571649893409 0.0039154846861173473 -0.042779707135602557 0.024115362349162964 0.013180897945451528 -0.0041109396408519818 -8.9100167639793659e-05 0.0068684883748600621
leaf_weight=1.78957388550043 17.224639691412452 8.2804287634789997 18.918058589100838 18.171661786735058 10.680599993094807 25.776327382773161 12.062303908169268 12.709788609296082 48.874136585742235 8.6536248326301557 17.911124087870121 8.5174221992492658 1.9256685189902771 8.1706676334142667
leaf_count=30 126 127 83 83 127 157 70 98 2133 44 84 52 54 50
internal_value=0.00212456 -0.024716 0.0171542 0.0116019 0.00184547 0.0129753 -0.00275714 -0.016517 -0.0391029 0.00691064 0.0320315 -0.028058 -0.0413144 -0.00565096
internal_weight=219.666 77.6941 141.972 123.054 86.9711 55.0633 29.2869 31.9078 52.5894 25.1047 36.0828 19.198 50.7998 16.4511
internal_count=3318 2438 880 797 630 353 196 277 2217 221 167 179 2187 177
is_linear=0
shrinkage=0.05


Tree=35
num_leaves=13
num_cat=0
split_feature=16 7 14 10 14 16 6 0 11 12 13 3
split_gain=34.388 17.7708 7.4269 6.60297 8.43225 6.65216 9.38573 4.64608 2.79552 2.52649 1.24036 0.726672
threshold=160.50000000000003 167.50000000000003 169.50000000000003 172.50000000000003 191.50000000000003 179.50000000000003 155.50000000000003 10.500000000000002 97.500000000000014 22.500000000000004 167.50000000000003 163.50000000000003
decision_type=2 2 2 2 2 2 2 2 2 2 2 2
left_child=1 2 11 4 5 6 8 -7 -2 -4 -10 -1
right_child=3 -3 9 -5 -6 7 -8 -9 10 -11 -12 -13
leaf_value=-0.041961035873145647 -0.00023054390758894718 0.030091018813862159 0.0093254363125391277 0.044942722554779026 0.043309124739455973 0.032257063863789855 0.017475003148028165 -0.00011214374568910824 -0.035757630170969293 -0.019364767333420751 -0.0080371369690931931 -0.0035589189429348239
leaf_weight=49.038473542779684 13.806950043886898 9.8625859916210157 11.716590724885465 14.631603702902792 13.94203734397888 25.874581009149551 25.906911589205265 17.241960875689983 13.874701693654062 9.5947223491966707 9.7736088037490827 2.2588343806564799
leaf_count=2173 93 88 122 66 62 119 147 126 149 81 60 32
internal_value=0.00209125 -0.0225543 -0.0311831 0.0174092 0.0124055 0.00659803 -0.0037724 0.0206463 -0.018796 -0.00481671 -0.0277033 -0.0407363
internal_weight=217.524 82.4712 72.6086 135.052 120.421 106.479 63.3622 43.1165 37.4553 21.3113 23.6483 51.2973
internal_count=3318 2496 2408 822 756 694 449 245 302 203 209 2205
is_linear=0
shrinkage=0.05


Tree=36
num_leaves=13
num_cat=0
split_feature=16 9 14 3 5 3 6 2 4 6 16 3
split_gain=31.8422 17.075 10.2209 6.3498 7.77243 12.9135 7.37631 4.88142 4.80758 3.43628 2.42286 4.9376
threshold=160.50000000000003 173.50000000000003 176.50000000000003 85.500000000000014 124.50000000000001 171.50000000000003 167.50000000000003 3.5000000000000004 165.50000000000003 112.50000000000001 25.500000000000004 121.50000000000001
decision_type=2 2 2 2 2 2 2 2 2 2 2 2
left_child=1 2 10 -2 9 6 7 8 -6 -5 11 -1
right_child=3 -3 -4 4 5 -7 -8 -9 -10 -11 -12 -13
leaf_value=-0.027097930795304221 -0.010420635494095195 0.04087826044292784 0.0033876191502385344 0.018414736240676115 -0.019218083664500639 0.040830915306374289 0.023985866549886273 -0.03323126949197952 0.016683830077341817 0.050570310733528051 -0.044536434664811123 0.022280878377158891
leaf_weight=11.782583115622399 15.8635554946959 5.4668608941137782 18.073191158473492 26.752842467278242 12.638935983181002 17.912524089217186 12.890299119055269 14.135719947516916 14.783445179462431 19.764630846679211 42.395417278632522 2.9351307395845643
leaf_count=499 121 38 137 149 97 80 62 142 77 94 1779 43
internal_value=0.00207231 -0.0219813 -0.0288158 0.0167415 0.0206404 0.00930478 -0.00362857 -0.0138499 -0.000275208 0.0356593 -0.0384588 -0.0140976
internal_weight=215.395 80.6532 75.1863 134.742 118.878 72.3609 54.4484 41.5581 27.4224 46.5175 57.1131 14.7177
internal_count=3318 2496 2458 822 701 458 378 316 174 243 2321 542
is_linear=0
shrinkage=0.05


Tree=37
num_leaves=14
num_cat=0
split_feature=16 14 4 5 3 9 0 10 5 6 1 6 5
split_gain=29.5071 13.8617 7.11397 9.28617 14.1694 10.99 19.0813 4.46124 4.38732 3.73675 3.43153 2.72552 2.46184
threshold=157.50000000000003 169.50000000000003 176.50000000000003 141.50000000000003 171.50000000000003 162.50000000000003 8.5000000000000018 148.50000000000003 108.50000000000001 162.50000000000003 5.5000000000000009 23.500000000000004 98.500000000000014
decision_type=2 2 2 2 2 2 2 2 2 2 2 2 2
left_child=1 10 3 5 7 6 8 9 -2 -5 -1 -12 -3
right_child=2 12 -4 4 -6 -7 -8 -9 -10 -11 11 -13 -14
leaf_value=-0.044778977873641969 0.008379194743279467 -0.010434923342195321 0.044273106818625896 -0.018959348668968569 0.032589486757235019 0.053921458408970252 -0.03528400778315862 -0.03407561222625604 0.041100223489433076 0.014328403830717776 -0.024164930866292227 0.012262560357352055 0.016800650901757121
leaf_weight=35.612168408930302 23.957085780799389 9.6090623848140257 13.96301709115505 11.996597688645126 13.850968159735201 15.1262967325747 12.959718476980923 18.738033808767796 18.551328673958778 11.847788423299788 6.3089531175792199 5.2147346213459969 15.513305731117724
leaf_count=1818 122 139 65 117 62 75 140 138 82 79 267 132 82
internal_value=0.00207064 -0.0229671 0.0152497 0.0105036 -0.0044827 0.0219877 0.00954075 -0.0186987 0.0254818 -0.00280271 -0.0377205 -0.00895813 0.00638039
internal_weight=213.249 72.2582 140.991 127.028 56.4334 70.5944 55.4681 42.5824 42.5084 23.8444 47.1359 11.5237 25.1224
internal_count=3318 2438 880 815 396 419 344 334 204 196 2217 399 221
is_linear=0
shrinkage=0.05


Tree=38
num_leaves=12
num_cat=0
split_feature=16 9 14 13 11 1 0 4 16 17 0
split_gain=27.5694 15.7807 9.47768 6.34802 8.47563 5.24671 3.67108 2.61896 2.50527 4.61862 2.47608
threshold=160.50000000000003 173.50000000000003 176.50000000000003 177.50000000000003 101.50000000000001 1.5000000000000002 12.500000000000002 163.50000000000003 25.500000000000004 0.30965909090909099 12.500000000000002
decision_type=2 2 2 2 2 2 2 2 2 2 2
left_child=1 2 8 4 6 7 -2 -6 9 -1 -7
right_child=3 -3 -4 -5 5 10 -8 -9 -10 -11 -12
leaf_value=0.021650162486646578 0.033156460092775349 0.039089073555979223 0.0029852462740208793 0.039236873282524024 -0.0024211689932400102 -0.021933722985193086 0.0030109876868740712 0.025533058458103459 -0.043972928588364074 -0.026166869227584683 0.0022972372834178531
leaf_weight=2.9835485331714144 33.470212422311306 5.5446440055966368 18.118202343583107 19.212464347481728 13.529824551194908 22.879315540194511 15.151748292148111 14.073676377534865 39.430103691294789 11.187443420290945 15.555550068616865
leaf_count=43 160 38 137 87 97 146 110 73 1779 499 149
internal_value=0.00203966 -0.0209479 -0.0278344 0.0155834 0.0101461 -0.00171922 0.0249191 0.0135613 -0.0376179 -0.0130786 -0.0129913
internal_weight=211.137 77.2639 71.7193 133.873 114.66 66.0384 48.622 27.6035 53.6011 14.171 38.4349
internal_count=3318 2496 2458 822 735 465 270 170 2321 542 295
is_linear=0
shrinkage=0.05


Tree=39
num_leaves=15
num_cat=0
split_feature=16 14 4 5 3 9 5 8 10 1 6 6 8 6
split_gain=25.4858 12.7887 6.53921 8.53535 13.1075 10.3141 11.9039 13.3688 4.17897 3.50195 3.44482 2.60593 2.22042 1.15689
threshold=157.50000000000003 169.50000000000003 176.50000000000003 141.50000000000003 171.50000000000003 162.50000000000003 108.50000000000001 95.500000000000014 148.50000000000003 5.5000000000000009 162.50000000000003 23.500000000000004 161.50000000000003 102.50000000000001
decision_type=2 2 2 2 2 2 2 2 2 2 2 2 2 2
left_child=1 9 3 5 8 6 7 -2 10 -1 -5 -11 13 -3
right_child=2 12 -4 4 -6 -7 -8 -9 -10 11 -12 -13 -14 -15
leaf_value=-0.044247349721263839 0.013431598131490913 -0.014968614329901356 0.041950799483898869 -0.018625574584438708 0.030909863925154976 0.051531821668401971 0.035826326491181552 -0.042559525120585702 -0.033483686849231191 -0.02329644485710794 0.01337922370037758 0.012477761515786077 0.020881548132237911 0.0064428698650489617
leaf_weight=32.844755113124847 23.525323614478111 7.99564907699824 13.942287944257258 11.851535307243468 13.845345087349413 15.116472743451594 19.266437005251646 12.295512452721594 18.488674247637391 5.9722337797284109 11.932500407099722 5.1768248975276947 8.9380851760506612 8.1850046813487989
leaf_count=1818 157 127 65 117 62 75 97 90 138 267 79 132 44 50
internal_value=0.00202782 -0.0218814 0.0141563 0.00960816 -0.00476629 0.0206515 0.00859465 -0.00864627 -0.0184845 -0.0368038 -0.00303383 -0.00796517 0.00602519 -0.00517348
internal_weight=209.377 69.1126 140.264 126.322 56.1181 70.2037 55.0873 35.8208 42.2727 43.9938 23.784 11.1491 25.1187 16.1807
internal_count=3318 2438 880 815 396 419 344 247 334 2217 196 399 221 177
is_linear=0
shrinkage=0.05


Tree=40
num_leaves=13
num_cat=0
split_feature=16 7 14 13 11 1 0 12 4 0 1 3
split_gain=23.7645 14.7322 6.23237 5.94915 7.60947 4.70954 3.42032 2.38613 2.37842 2.26474 1.93263 1.32157
threshold=160.50000000000003 167.50000000000003 169.50000000000003 177.50000000000003 101.50000000000001 1.5000000000000002 12.500000000000002 22.500000000000004 163.50000000000003 12.500000000000002 5.5000000000000009 89.500000000000014
decision_type=2 2 2 2 2 2 2 2 2 2 2 2
left_child=1 2 10 4 6 8 -2 -4 -6 -7 -1 -12
right_child=3 -3 7 -5 5 9 -8 -9 -10 -11 11 -13
leaf_value=-0.044484285170865993 0.031121940272119581 0.027344840351659294 0.0089322050371301066 0.037424987238075968 -0.0027161650709587089 -0.02136195751331188 0.0022584206980814487 -0.019061816302305225 0.02382581416726498 0.0019399840679721497 -0.019420048791070024 0.0090364957830043127
leaf_weight=32.747554117813706 33.548670157790184 9.978761959820984 11.679249327629806 18.979020804166794 13.451739268377425 22.602474667131901 15.118103109300135 9.4311538301408273 14.140379086136816 15.517112689092754 7.755420418456195 2.5075745284557343
leaf_count=1816 160 88 122 87 97 146 110 81 73 149 329 60
internal_value=0.00199139 -0.0199185 -0.0287198 0.0144454 0.00922462 -0.00203535 0.0232014 -0.00482955 0.0124545 -0.0127515 -0.0387215 -0.0117846
internal_weight=207.457 74.0997 64.121 133.357 114.378 65.7117 48.6668 21.1104 27.5921 38.1196 43.0105 10.263
internal_count=3318 2496 2408 822 735 465 270 203 170 295 2205 389
is_linear=0
shrinkage=0.05


Tree=41
num_leaves=14
num_cat=0
split_feature=16 14 14 9 16 13 0 1 11 3 12 17 6
split_gain=22.0844 11.7713 6.21786 8.37795 7.11619 6.56148 5.26996 3.4268 3.197 2.43748 2.10848 1.29562 0.371781
threshold=157.50000000000003 169.50000000000003 189.50000000000003 176.50000000000003 179.50000000000003 164.50000000000003 10.500000000000002 5.5000000000000009 22.500000000000004 124.50000000000001 21.500000000000004 0.082386363636363646 23.500000000000004
decision_type=2 2 2 2 2 2 2 2 2 2 2 2 2
left_child=1 7 3 4 5 8 -6 -1 -2 12 -3 -10 -9
right_child=2 10 -4 -5 6 -7 -8 9 11 -11 -12 -13 -14
leaf_value=-0.043682994429280635 0.00064957578756026256 0.019817441965738463 0.037470114200856122 0.035588983737053374 0.029790750119984111 0.011380654271430644 -0.0042969029917776782 -0.022650170271676744 -0.0071857896280694391 0.018311369670167534 -0.0054358016048844486 -0.035179964641695025 -0.0010395165913820096
leaf_weight=30.230933954939246 13.192410390824078 9.2811169829219597 17.632032334804535 18.005694508552551 24.738614454865456 23.097255017608404 16.509317640215158 5.7334742154926044 8.8523547053337115 2.1832485869526854 15.866329133510588 17.575361598283052 3.0585630591958761
leaf_count=1818 95 84 83 77 114 144 124 267 61 37 137 182 95
internal_value=0.00193769 -0.0208729 0.0131265 0.00827042 0.00212319 -0.00830153 0.0171578 -0.0359032 -0.0197651 -0.00750891 0.00562535 -0.028438 -0.0182346
internal_weight=205.957 66.3537 139.603 121.971 103.965 62.7174 41.2479 41.2062 39.6201 10.9753 25.1474 26.4277 8.79204
internal_count=3318 2438 880 797 720 482 238 2217 338 399 221 243 362
is_linear=0
shrinkage=0.05


Tree=42
num_leaves=15
num_cat=0
split_feature=16 14 3 0 3 5 14 5 3 1 3 8 6 6
split_gain=20.4919 11.2967 6.00719 9.65235 5.52566 8.25087 4.8948 4.26794 3.95668 3.38958 2.35004 1.9899 1.0994 0.35972
threshold=157.50000000000003 169.50000000000003 171.50000000000003 14.500000000000002 85.500000000000014 124.50000000000001 166.50000000000003 164.50000000000003 126.50000000000001 5.5000000000000009 124.50000000000001 161.50000000000003 102.50000000000001 23.500000000000004
decision_type=2 2 2 2 2 2 2 2 2 2 2 2 2 2
left_child=1 9 3 4 -2 8 -5 -7 -6 -1 13 12 -3 -11
right_child=2 11 -4 6 5 7 -8 -9 -10 10 -12 -13 -14 -15
leaf_value=-0.043384685027777058 -0.011704094464793809 -0.014719349776472225 0.036131163474039572 -0.035896255109011614 0.01695576821996882 -0.013522372791138246 0.0055512143886667356 0.015783738506739278 0.050751463789604649 -0.022307112644907607 0.01794598002117875 0.019437903899420992 0.0061854434779208198 -0.0010201736218984523
leaf_weight=28.982867676764727 13.806233055889605 7.9339885525405469 18.28098850697279 11.900728277862074 29.168717660009861 18.876201728358865 10.293078437447546 20.986200802028179 15.771119698882101 5.6105907969176751 2.2172528132796279 9.0628653690218908 8.2048126906156522 3.055603289976716
leaf_count=1818 90 127 83 163 153 143 67 105 76 267 37 44 50 95
internal_value=0.0018887 -0.0203385 0.0126323 0.0077815 0.0144844 0.0191623 -0.0191874 0.00194587 0.0327098 -0.0354325 -0.00726474 0.0054517 -0.00514231 -0.0179208
internal_weight=204.151 65.068 139.083 120.802 98.6085 84.8022 22.1938 39.8624 44.9398 39.8663 10.8834 25.2017 16.1388 8.66619
internal_count=3318 2438 880 797 567 477 230 248 229 2217 399 221 177 362
is_linear=0
shrinkage=0.05


Tree=43
num_leaves=13
num_cat=0
split_feature=5 0 0 3 5 5 10 3 13 14 10 5
split_gain=19.7568 19.6801 19.5595 12.1522 8.48466 12.5064 7.35942 5.72561 9.57171 5.14638 3.56261 2.94961
threshold=21.500000000000004 6.5000000000000009 15.500000000000002 167.50000000000003 145.50000000000003 162.50000000000003 158.50000000000003 128.50000000000003 124.50000000000001 169.50000000000003 71.500000000000014 87.500000000000014
decision_type=2 2 2 2 2 2 2 2 2 2 2 2
left_child=-1 -2 4 9 7 -6 -7 8 10 -4 -3 -10
right_child=1 2 3 -5 5 6 -8 -9 11 -11 -12 -13
leaf_value=-0.0434856214025892 -0.039719914264591399 0.052009815283697206 -0.042981674422659544 0.029476792604846903 -0.023924860113445589 0.034330160334001478 -0.0045211859067285001 0.051343486170580814 -0.022885110965384439 0.0010854649876762352 0.013307611192456957 0.0096967162431946061
leaf_weight=16.648206929676235 15.496850591152905 12.120783349499108 20.941589246504012 6.260458528995513 18.447592849843204 28.106430759653449 17.630581310018897 23.069869767874479 9.2629174562171119 8.5732920002192241 16.417000059038401 9.4791748858988267
leaf_count=504 886 157 875 44 160 147 93 119 118 52 112 51
internal_value=0.00183187 0.00692542 0.0121816 -0.0188437 0.0208114 0.00684042 0.0203842 0.0322583 0.018926 -0.0318784 0.0350488 -0.00783452
internal_weight=202.455 185.807 170.31 35.7753 134.534 64.1846 45.737 70.3497 47.2799 29.5149 28.5378 18.7421
internal_count=3318 2814 1928 971 957 400 240 557 438 927 269 169
is_linear=0
shrinkage=0.05


Tree=44
num_leaves=14
num_cat=0
split_feature=5 0 0 3 5 4 3 13 14 0 10 5 9
split_gain=18.7087 18.5783 17.9781 11.5384 7.97731 9.90673 8.11375 8.83286 5.0037 3.3637 3.21394 2.78568 2.53376
threshold=21.500000000000004 6.5000000000000009 15.500000000000002 167.50000000000003 124.50000000000001 165.50000000000003 128.50000000000003 124.50000000000001 169.50000000000003 11.500000000000002 71.500000000000014 87.500000000000014 162.50000000000003
decision_type=2 2 2 2 2 2 2 2 2 2 2 2 2
left_child=-1 -2 4 8 6 12 7 10 -4 -7 -3 -9 -6
right_child=1 2 3 -5 5 9 -8 11 -10 -11 -12 -13 -14
leaf_value=-0.042978902256288448 -0.039312844040012868 0.049585583338830973 -0.04257666999101381 0.028505978090864848 -0.023670913860996966 0.0063440347400553505 0.058862832920558918 -0.022365200477793758 0.0010508935657527736 0.035007531953994857 0.012821257696320698 0.0093707091013185417 0.003637986772145409
leaf_weight=16.075764390639961 14.940359770320354 12.316984989680352 20.151375194080178 6.3187567293643943 17.08229687996209 22.204870246350765 16.399680860340595 9.124122781679036 8.5769645906984788 19.595332117751241 16.434541271068156 9.4921208024024946 11.892428231425582
leaf_count=504 886 157 875 44 146 117 79 118 52 102 111 51 76
internal_value=0.00175938 0.00668788 0.0117502 -0.018327 0.019961 0.00755338 0.0321816 0.0182059 -0.0313266 0.0220856 0.0335834 -0.00762557 -0.0135764
internal_weight=200.606 184.53 169.589 35.0471 134.542 70.7749 63.7675 47.3678 28.7283 41.8002 28.7515 18.6162 28.9747
internal_count=3318 2814 1928 971 957 441 516 437 927 219 268 169 222
is_linear=0
shrinkage=0.05


Tree=45
num_leaves=13
num_cat=0
split_feature=5 0 0 3 5 5 10 3 6 10 14 13
split_gain=17.7434 17.5686 16.5721 10.954 7.4091 11.0705 6.60081 5.00645 8.28327 14.2443 4.86361 1.70932
threshold=21.500000000000004 6.5000000000000009 15.500000000000002 167.50000000000003 145.50000000000003 162.50000000000003 158.50000000000003 128.50000000000003 112.50000000000001 79.500000000000014 169.50000000000003 93.500000000000014
decision_type=2 2 2 2 2 2 2 2 2 2 2 2
left_child=-1 -2 4 10 7 -6 -7 8 9 11 -4 -3
right_child=1 2 3 -5 5 6 -8 -9 -10 -11 -12 -13
leaf_value=-0.042475274025705327 -0.038904533269972126 0.037854458618091696 -0.042170407591378016 0.02757131484149954 -0.023069571944436332 0.031948587648240705 -0.0047254922626346141 0.047699983965905197 0.043304907008250779 -0.028163645486913438 0.0010174254521813178 0.0032528783587240581
leaf_weight=15.526307417079805 14.408298009075223 11.380309864878656 19.395591373555366 6.3743720315396777 18.113443994894624 28.276731416583061 17.614869790151715 23.049476459622383 14.515936559997497 15.717629971913992 8.5805186480283719 5.8595742331817737
leaf_count=504 886 145 875 44 160 147 93 119 69 140 52 84
internal_value=0.00171621 0.00648822 0.0113684 -0.0178231 0.0191937 0.00613087 0.0187905 0.0298585 0.0174764 0.00189445 -0.0307785 0.0294692
internal_weight=198.813 183.287 168.878 34.3505 134.528 64.005 45.8916 70.5229 47.4735 32.9575 27.9761 17.2399
internal_count=3318 2814 1928 971 957 400 240 557 438 369 927 229
is_linear=0
shrinkage=0.05


Tree=46
num_leaves=14
num_cat=0
split_feature=5 0 0 3 11 13 14 10 14 1 8 13 3
split_gain=16.8178 16.6091 15.2755 10.3978 7.18118 7.70413 4.72613 3.66 4.45333 3.10822 2.32923 1.19823 0.123902
threshold=21.500000000000004 6.5000000000000009 15.500000000000002 167.50000000000003 102.50000000000001 173.50000000000003 169.50000000000003 105.50000000000001 176.50000000000003 1.0000000180025095e-35 167.50000000000003 180.50000000000003 107.50000000000001
decision_type=2 2 2 2 2 2 2 2 2 2 2 2 2
left_child=-1 -2 4 6 9 7 -4 -6 10 -3 -9 -7 -11
right_child=1 2 3 -5 5 11 -8 8 -10 12 -12 -13 -14
leaf_value=-0.041974744177037004 -0.03849519420015185 0.013364160796882794 -0.041762924179890998 0.026671107502373656 0.013600966135445267 0.012051357437278885 0.00098502770615310482 -0.0097879013990766171 -0.027457353991967505 0.022571144690516895 0.018351224675032057 0.035523488600374374 0.053016726487599357
leaf_weight=14.998908767476676 13.899528356269 19.793425036594272 18.672733125276867 6.4274312853813163 17.458522825501859 18.14431032538414 8.5839578155428153 10.534975109621884 16.391114100813866 13.487377992831172 9.3491078838705999 15.649948202073572 13.489474784582852
leaf_count=504 886 103 875 44 153 101 52 113 83 186 57 83 78
internal_value=0.00165081 0.00627518 0.0109853 -0.0173322 0.0184549 0.00909846 -0.0302344 -0.00290492 -0.0115342 0.0333951 0.00447149 0.0260987 0.0437045
internal_weight=196.881 181.882 167.982 33.6841 134.298 87.528 27.2567 53.7337 36.2752 46.7703 19.8841 33.7943 26.9769
internal_count=3318 2814 1928 971 957 590 927 406 253 367 170 184 264
is_linear=0
shrinkage=0.05


Tree=47
num_leaves=14
num_cat=0
split_feature=5 0 0 3 5 4 3 6 10 14 0 9 7
split_gain=15.9649 15.7239 14.1039 9.86851 6.90459 8.97333 7.37183 7.80767 13.0724 4.59127 2.90134 2.25257 1.41849
threshold=21.500000000000004 6.5000000000000009 15.500000000000002 167.50000000000003 124.50000000000001 165.50000000000003 128.50000000000003 112.50000000000001 71.500000000000014 169.50000000000003 11.500000000000002 162.50000000000003 21.500000000000004
decision_type=2 2 2 2 2 2 2 2 2 2 2 2 2
left_child=-1 -2 4 9 6 11 7 8 12 -4 -7 -6 -3
right_child=1 2 3 -5 5 10 -8 -9 -10 -11 -12 -13 -14
leaf_value=-0.041477329141049249 -0.038085051553785651 0.0044498500457324083 -0.041354273180430966 0.025803765457038132 -0.023452021698682931 0.0055314106967208421 0.054465259998238383 0.041229561838836325 -0.025659185466430218 0.0009536657006917528 0.032033973795986888 0.0026002630495706573 0.037880205283673758
leaf_weight=14.492675258778034 13.412963629700242 5.9166652625426641 17.981354086659852 6.4780563637614241 16.823845455423001 22.127547524869442 16.30057043209672 14.396079167723654 17.267627225257456 8.5872861295938474 19.685772228986025 11.918743296526371 9.9115312267094833
leaf_count=504 886 63 875 44 146 117 79 68 151 52 102 76 155
internal_value=0.00161709 0.00609451 0.0106364 -0.0168541 0.0177606 0.00626049 0.0291005 0.0160358 0.00110406 -0.0296946 0.0200976 -0.0138644 0.0294519
internal_weight=195.301 180.808 167.395 33.0467 134.348 70.5559 63.7925 47.4919 33.0958 26.5686 41.8133 28.7426 15.8282
internal_count=3318 2814 1928 971 957 441 516 437 369 927 219 222 218
is_linear=0
shrinkage=0.05


Tree=48
num_leaves=15
num_cat=0
split_feature=5 0 0 3 11 13 14 10 14 1 8 13 3 3
split_gain=15.1623 14.8989 13.0504 9.36503 6.55084 7.03871 4.45906 3.28575 4.16475 2.89614 2.13188 1.26332 0.321787 0.412473
threshold=21.500000000000004 6.5000000000000009 15.500000000000002 167.50000000000003 102.50000000000001 173.50000000000003 169.50000000000003 105.50000000000001 176.50000000000003 1.0000000180025095e-35 167.50000000000003 180.50000000000003 107.50000000000001 26.500000000000004
decision_type=2 2 2 2 2 2 2 2 2 2 2 2 2 2
left_child=-1 -2 4 6 9 7 -4 -6 10 -3 -9 -7 13 -11
right_child=1 2 3 -5 5 11 -8 8 -10 12 -12 -13 -14 -15
leaf_value=-0.040983056696180374 -0.037674327720440666 0.012276416427923481 -0.040944526707862465 0.024967799087369902 0.012415202293622961 0.010843099850728939 0.00092330477962045208 -0.0095650928815608875 -0.026882798309842228 0.028362370446758069 0.017340895744395353 0.033981753060067343 0.050600562186592916 0.0066680990121203284
leaf_weight=14.006746099330483 12.947568885982035 19.803305871784687 17.320065266452733 6.5263635888695708 17.529187394306064 18.15988777205348 8.5905070435255748 10.468527357093992 16.238742530345917 5.7079413346946257 9.40344165638089 15.466252468526362 13.40968727506697 7.9300723802298307
leaf_count=504 886 103 875 44 153 101 52 113 83 114 57 83 78 72
internal_value=0.00158409 0.00592629 0.010315 -0.0163889 0.0171303 0.0082063 -0.0291595 -0.00323059 -0.0114118 0.0313583 0.00409339 0.0245068 0.0412342 0.0209208
internal_weight=193.508 179.502 166.554 32.4369 134.117 87.266 25.9106 53.6399 36.1107 46.851 19.872 33.6261 27.0477 13.638
internal_count=3318 2814 1928 971 957 590 927 406 253 367 170 184 264 186
is_linear=0
shrinkage=0.05


Tree=49
num_leaves=13
num_cat=0
split_feature=5 0 0 3 5 5 0 3 6 10 14 13
split_gain=14.4094 14.1247 12.0801 8.88626 6.40895 9.18891 5.87682 4.78276 7.30073 11.9948 4.32951 1.64048
threshold=21.500000000000004 6.5000000000000009 15.500000000000002 167.50000000000003 145.50000000000003 162.50000000000003 11.500000000000002 128.50000000000003 112.50000000000001 79.500000000000014 169.50000000000003 93.500000000000014
decision_type=2 2 2 2 2 2 2 2 2 2 2 2
left_child=-1 -2 4 10 7 -6 -7 8 9 11 -4 -3
right_child=1 2 3 -5 5 6 -8 -9 -10 -11 -12 -13
leaf_value=-0.040491960145192456 -0.037263253932314847 0.033424420199234653 -0.040533775051193363 0.024161806019498737 -0.022233685576042467 -0.0026903151527590025 0.030996378552095239 0.043708342918746416 0.039230432121172151 -0.027405534830835396 0.00089391311302611698 0.0016283849067776476
leaf_weight=13.540292908437548 12.502355421893297 11.765611117705705 16.687533501535661 6.5724645331501952 17.851410984061658 22.26729154214263 23.666450750082731 22.800582339055836 14.294272725470362 15.421149782836435 8.5936241000890714 6.0557824270799747
leaf_count=504 886 145 875 44 160 117 123 119 69 140 52 84
internal_value=0.00156156 0.00576847 0.0100048 -0.0159364 0.0165171 0.00446503 0.0160051 0.0264247 0.014764 0.000489804 -0.0286292 0.0253439
internal_weight=192.019 178.479 165.976 31.8536 134.123 63.7852 45.9337 70.3374 47.5368 33.2425 25.2812 17.8214
internal_count=3318 2814 1928 971 957 400 240 557 438 369 927 229
is_linear=0
shrinkage=0.05


Tree=50
num_leaves=15
num_cat=0
split_feature=3 0 0 5 5 6 3 6 10 11 6 3 8 4
split_gain=13.8803 14.497 15.9112 8.23562 10.2443 6.5619 5.60236 6.39379 13.7544 5.5636 5.30633 3.68675 3.24652 2.38679
threshold=171.50000000000003 14.500000000000002 6.5000000000000009 22.500000000000004 124.50000000000001 171.50000000000003 128.50000000000003 112.50000000000001 71.500000000000014 165.50000000000003 167.50000000000003 163.50000000000003 177.50000000000003 21.500000000000004
decision_type=2 2 2 2 2 2 2 2 2 2 2 2 2 2
left_child=1 2 -1 13 6 9 7 8 -5 12 11 -6 -3 -4
right_child=-2 5 3 4 10 -7 -8 -9 -10 -11 -12 -13 -14 -15
leaf_value=-0.038314974975554333 0.03481848772631612 -0.046109977239415442 -0.034318392287837465 0.034143625181877746 -0.024728269296664728 0.021738569495700549 0.050572134531986425 0.037968832501359941 -0.026209355462830992 0.0079165671410527608 0.020805346082093237 0.0055494313855778792 0.0041944216045292403 0.0048371676030659061
leaf_weight=14.001504668034611 21.981822863221169 27.989146352745596 7.2588641485199314 11.90440784301609 18.752599149942398 2.4982388336211434 16.145114943385124 14.219203718006609 16.381477313116193 4.9982004482299081 12.54896756261587 14.788827003911136 2.6766301579773417 4.0869922209531069
leaf_count=1022 105 1165 168 119 136 20 79 68 141 29 63 96 19 88
internal_value=0.00149224 -0.00374102 0.00443152 0.0109565 0.0155224 -0.0288859 0.0285289 0.0157144 0.000504208 -0.034669 -0.00220064 -0.0123904 -0.0417467 -0.0230486
internal_weight=190.232 168.25 130.088 116.086 104.741 38.1622 58.6502 42.5051 28.2859 35.664 46.0904 33.5414 30.6658 11.3459
internal_count=3318 3213 1980 958 702 1233 407 328 260 1213 295 232 1184 256
is_linear=0
shrinkage=0.05


Tree=51
num_leaves=15
num_cat=0
split_feature=5 0 0 3 11 13 1 4 14 6 1 9 3 3
split_gain=13.0919 12.6999 10.1866 8.05116 5.86192 6.71442 5.51873 4.29373 4.19261 3.61982 2.84461 0.656548 0.498763 0.487308
threshold=21.500000000000004 6.5000000000000009 15.500000000000002 167.50000000000003 102.50000000000001 181.50000000000003 2.5000000000000004 164.50000000000003 169.50000000000003 119.50000000000001 1.0000000180025095e-35 161.50000000000003 107.50000000000001 25.500000000000004
decision_type=2 2 2 2 2 2 2 2 2 2 2 2 2 2
left_child=-1 -2 4 8 10 6 9 -8 -4 -6 -3 -11 13 -12
right_child=1 2 3 -5 5 -7 7 -9 -10 11 12 -13 -14 -15
leaf_value=-0.039583057608876954 -0.036424569981579856 0.010506347557048172 -0.039738185579582336 0.023022036290878251 0.028425626341900406 0.034292168384165815 -0.025684845853093857 0.0086053747131530755 0.0012740442392741823 0.0066511058696438544 0.026663979928984022 -0.0065533808425036954 0.047830399444272205 0.0054313180658364171
leaf_weight=12.706451050937174 11.652838624082504 19.757864532060921 15.474275593645876 6.5853110663592807 14.006291624158619 13.015086587518452 20.829449003562335 11.027590509504078 8.5230158790945989 13.860253328457476 5.8078260356560367 13.795390844345091 13.220218908041714 7.9739714069291949
leaf_count=504 886 103 875 44 80 72 212 65 52 87 113 74 78 73
internal_value=0.00149008 0.00547729 0.00944705 -0.0148855 0.0153662 0.00693521 0.000216915 -0.0142578 -0.027464 0.0116269 0.0287914 6.94577e-05 0.038439 0.0190954
internal_weight=188.236 175.529 163.877 30.5826 133.294 86.5341 73.519 31.857 23.9973 41.6619 46.7599 27.6556 27.002 13.7818
internal_count=3318 2814 1928 971 957 590 518 277 927 241 367 161 264 186
is_linear=0
shrinkage=0.05


Tree=52
num_leaves=15
num_cat=0
split_feature=5 0 0 3 5 5 3 10 9 14 10 4 14 11
split_gain=12.4591 12.063 9.46309 7.63719 5.69487 7.93265 6.62996 8.63825 4.58803 5.41113 12.3008 8.53881 4.06551 3.85669
threshold=21.500000000000004 6.5000000000000009 15.500000000000002 167.50000000000003 145.50000000000003 175.50000000000003 171.50000000000003 148.50000000000003 162.50000000000003 182.50000000000003 71.500000000000014 108.50000000000001 169.50000000000003 122.50000000000001
decision_type=2 2 2 2 2 2 2 2 2 2 2 2 2 2
left_child=-1 -2 4 12 8 6 7 13 9 10 -3 -12 -4 -6
right_child=1 2 3 -5 5 -7 -8 -9 -10 -11 11 -13 -14 -15
leaf_value=-0.039101007575566539 -0.036013854479373573 0.034159683935009864 -0.039324129657430019 0.022289524946391498 -0.014557548321840839 0.032205818296931837 0.020089196664852694 -0.041566426867268885 0.046231647830710376 0.036662402170665846 -0.038935319893541057 0.011413590250276046 0.0012334960322562159 0.019406417352793831
leaf_weight=12.29212270118296 11.263368343003092 15.068513389676808 14.922025563195353 6.6249325424432746 11.525828180834653 12.96315376460552 12.886762674897907 13.935801707208155 14.440533649176357 14.75839802995324 12.922910897992553 12.56742908246815 8.5272807236760837 12.064123773947356
leaf_count=504 886 204 875 44 80 62 61 109 77 88 120 68 52 88
internal_value=0.00147701 0.00534557 0.00918556 -0.0144726 0.0148603 0.00352952 -0.006085 -0.0163787 0.0242298 0.01513 0.00413108 -0.016311 -0.0269508 0.00316817
internal_weight=186.763 174.471 163.208 30.0742 133.133 63.3757 50.4125 37.5258 69.7578 55.3173 40.5589 25.4903 23.4493 23.59
internal_count=3318 2814 1928 971 957 400 338 277 557 480 392 188 927 168
is_linear=0
shrinkage=0.05


Tree=53
num_leaves=15
num_cat=0
split_feature=5 0 0 3 11 14 12 14 16 13 1 15 3 17
split_gain=11.8401 11.4457 8.77871 7.24403 5.48505 6.23443 5.85978 3.94137 3.90093 2.96772 2.59023 1.14564 0.614928 0.410112
threshold=21.500000000000004 6.5000000000000009 15.500000000000002 167.50000000000003 102.50000000000001 191.50000000000003 165.50000000000003 169.50000000000003 171.50000000000003 165.50000000000003 1.0000000180025095e-35 166.50000000000003 107.50000000000001 0.85511363636363646
decision_type=2 2 2 2 2 2 2 2 2 2 2 2 2 2
left_child=-1 -2 4 7 10 6 8 -4 9 -6 -3 -10 13 -12
right_child=1 2 3 -5 5 -7 -8 -9 11 -11 12 -13 -14 -15
leaf_value=-0.038622360890824672 -0.035603724428864947 0.0098848491488060311 -0.038909571464390801 0.021582355231367024 -0.013707572697790001 0.033784118483245043 0.021546554366902563 0.0011942450566537568 -0.028612180770509428 0.014493190953507918 0.0051062729187581236 -0.0059873868197177719 0.045967687926658334 0.024722422865650039
leaf_weight=11.894316845573483 10.890534115955232 19.676517100073397 14.39365705940873 6.6627574786543837 10.273938325233759 11.724290840327738 17.956886406987906 8.5314076077193004 13.748726580291988 19.629227613098919 7.9313143780455011 12.718215363100169 13.052829487249253 5.9741923753172159
leaf_count=504 886 103 875 44 119 62 108 52 89 133 73 79 78 113
internal_value=0.00142502 0.00518249 0.00890215 -0.0140723 0.0143502 0.00620219 -3.7627e-06 -0.0264436 -0.00806484 0.00422848 0.0273286 -0.0204191 0.0365221 0.0178434
internal_weight=185.059 173.164 162.274 29.5878 132.686 86.0513 74.327 22.9251 56.3701 29.9032 46.6349 26.4669 26.9583 13.9055
internal_count=3318 2814 1928 971 957 590 528 927 420 252 367 168 264 186
is_linear=0
shrinkage=0.05


Tree=54
num_leaves=15
num_cat=0
split_feature=3 14 6 16 10 11 5 11 0 12 8 13 16 11
split_gain=11.3779 12.0227 11.4788 10.4716 10.9463 6.25375 4.85999 4.30908 4.21628 4.01384 3.75911 2.48818 2.21414 1.59609
threshold=171.50000000000003 191.50000000000003 174.50000000000003 179.50000000000003 176.50000000000003 176.50000000000003 124.50000000000001 22.500000000000004 12.500000000000002 21.500000000000004 177.50000000000003 21.500000000000004 169.50000000000003 164.50000000000003
decision_type=2 2 2 2 2 2 2 2 2 2 2 2 2 2
left_child=1 2 3 4 5 7 -5 8 11 -9 13 12 -1 -11
right_child=-2 -3 -4 6 -6 -7 -8 9 -10 10 -12 -13 -14 -15
leaf_value=-0.023271068932495354 0.031565285362005112 0.035344409250071908 0.040335556656899745 0.020541844678880348 0.034500827470811443 0.015426626616767148 -0.012041178010759108 -0.0018627609114082126 -0.025398295248521316 -0.043364890461239231 0.0063296334503728695 0.028571489526854163 0.014321414357989743 -0.011581286137185946
leaf_weight=3.3156509567052144 21.837112002074718 12.953557848930357 6.6541281677782527 26.516134794801474 4.3978472771123043 6.3030793927609912 13.881583619862793 9.9336928557604534 7.9160173619166008 49.356873732060194 3.4010477475821963 5.2780136447399855 2.8735051080584526 9.0902556683868152
leaf_count=182 105 69 36 149 31 38 97 334 305 1710 21 151 14 76
internal_value=0.00137913 -0.00351689 -0.00793557 -0.0114862 -0.0197588 -0.0237711 0.00925251 -0.0271424 -0.00472215 -0.0324947 -0.0369073 0.012929 -0.0072172 -0.0397238
internal_weight=183.709 161.871 148.918 142.264 101.866 97.4681 40.3977 91.1651 19.3832 71.7819 61.8482 11.4672 6.18916 58.4471
internal_count=3318 3213 3144 3108 2862 2831 246 2793 652 2141 1807 347 196 1786
is_linear=0
shrinkage=0.05


Tree=55
num_leaves=14
num_cat=0
split_feature=5 0 0 8 11 4 16 10 5 14 3 13 13
split_gain=11.1903 10.4698 8.49189 11.5713 8.51506 9.13839 5.27972 4.60455 5.34656 2.24137 1.82946 1.27847 0.511225
threshold=21.500000000000004 6.5000000000000009 8.5000000000000018 176.50000000000003 174.50000000000003 176.50000000000003 183.50000000000003 79.500000000000014 112.50000000000001 23.500000000000004 171.50000000000003 173.50000000000003 22.500000000000004
decision_type=2 2 2 2 2 2 2 2 2 2 2 2 2
left_child=-1 -2 7 4 5 6 9 -3 -9 -4 11 12 -11
right_child=1 2 3 -5 -6 -7 -8 8 -10 10 -12 -13 -14
leaf_value=-0.038093012564436202 -0.034805760882064524 0.045900116805962225 0.004026295248453448 0.028728497844484953 0.027182086488975916 0.023120024642498765 0.010591874839403076 -0.0091966605335294885 0.02900817152261664 -0.0079139206567806139 -0.0031317258113896206 -0.0072006954446776966 -0.036447857580854483
leaf_weight=11.391806692816315 10.220720008946953 14.306805756874381 5.0210817856714121 24.615575024858117 10.943304665386675 10.798859819769858 9.802063833922146 14.238804503344001 13.887496637180446 5.0208829045295706 8.2098072208464128 8.352408252656458 35.052446636371315
leaf_count=504 886 91 125 132 55 59 63 104 69 126 40 51 1013
internal_value=0.00146042 0.00511375 0.00863591 0.00138366 -0.00693349 -0.0127696 -0.0193505 0.0265035 0.0111983 -0.0245482 -0.0272026 -0.0306084 -0.0341473
internal_weight=181.862 170.47 160.25 117.816 93.2009 82.2576 71.4587 42.4331 28.1263 61.6566 56.6355 48.4257 40.0733
internal_count=3318 2814 1928 1664 1532 1477 1418 264 173 1355 1230 1190 1139
is_linear=0
shrinkage=0.05


Tree=56
num_leaves=14
num_cat=0
split_feature=5 0 0 8 11 4 16 10 5 14 3 10 12
split_gain=10.6562 9.96001 7.82851 10.61 7.92855 8.52805 4.96363 4.2151 4.98156 2.12731 1.7428 1.27001 0.785983
threshold=21.500000000000004 6.5000000000000009 8.5000000000000018 176.50000000000003 174.50000000000003 176.50000000000003 183.50000000000003 79.500000000000014 112.50000000000001 23.500000000000004 171.50000000000003 170.50000000000003 169.50000000000003
decision_type=2 2 2 2 2 2 2 2 2 2 2 2 2
left_child=-1 -2 7 4 5 6 9 -3 -9 -4 11 12 -11
right_child=1 2 3 -5 -6 -7 -8 8 -10 10 -12 -13 -14
leaf_value=-0.037620096720054688 -0.03439899282586107 0.044081094038037241 0.0039198096087752939 0.027573211828764384 0.026285010725297847 0.022281527158446675 0.010218013077266712 -0.0088743288644862143 0.02806282976298027 -0.033965350220255854 -0.003035185194157936 -0.00079434681069786 -0.0039562546754701357
leaf_weight=11.030308534391223 9.8919851165264827 14.357300094328819 5.0350813250988713 24.575116484425962 10.922129355370997 10.832266718149183 9.8347651399672014 14.200778110884132 13.808027059771119 39.914127785712481 8.2065104581415635 3.7619998557493082 3.788256373256444
leaf_count=504 886 91 125 132 55 59 63 104 69 1115 40 39 36
internal_value=0.00143506 0.00498929 0.00840889 0.00139773 -0.00663074 -0.0123146 -0.0187504 0.0255605 0.0108278 -0.0238639 -0.0264927 -0.0298727 -0.0320373
internal_weight=180.159 169.128 159.236 116.87 92.2951 81.373 70.5407 42.3661 28.0088 60.706 55.6709 47.4644 43.7024
internal_count=3318 2814 1928 1664 1532 1477 1418 264 173 1355 1230 1190 1151
is_linear=0
shrinkage=0.05


Tree=57
num_leaves=13
num_cat=0
split_feature=5 0 0 9 5 7 2 2 9 7 10 12
split_gain=10.157 9.48475 7.20444 9.81607 8.94623 11.7998 6.68651 4.64528 3.99245 5.18714 3.23581 1.41225
threshold=21.500000000000004 6.5000000000000009 8.5000000000000018 176.50000000000003 162.50000000000003 171.50000000000003 3.5000000000000004 1.5000000000000002 67.500000000000014 104.50000000000001 168.50000000000003 167.50000000000003
decision_type=2 2 2 2 2 2 2 2 2 2 2 2
left_child=-1 -2 8 4 5 7 -6 -4 -3 -10 11 -9
right_child=1 2 3 -5 6 -7 -8 10 9 -11 -12 -13
leaf_value=-0.037150881937152415 -0.033993681974083825 0.044526309551873422 0.0051429482181605778 0.026789201008871878 0.028183997332045879 0.026908643643170707 -0.0093872066588481656 -0.043784740391626699 -0.01048976217541716 0.026483422326301295 0.0040567032970943622 -0.0084493097525249385
leaf_weight=10.683119985274969 9.5770556842908245 12.26023689098656 7.2658715033903709 24.199425924569368 20.207182994112372 7.6409844728186718 18.766232261434197 27.920983476564288 12.923443350009622 17.106832937337458 3.8403409300371996 6.1276899371296158
leaf_count=504 886 78 153 121 124 49 136 997 91 95 29 55
internal_value=0.00142234 0.00488131 0.00820288 0.00143185 -0.00629353 -0.0189695 0.0110826 -0.0286415 0.0246558 0.011346 -0.0349646 -0.0393216
internal_weight=178.519 167.836 158.259 115.969 91.7693 52.7959 38.9734 45.1549 42.2905 30.0303 37.889 34.0487
internal_count=3318 2814 1928 1664 1543 1283 260 1234 264 186 1081 1052
is_linear=0
shrinkage=0.05


Tree=58
num_leaves=15
num_cat=0
split_feature=5 0 0 3 5 3 3 6 10 6 3 14 15 15
split_gain=9.67073 9.02357 6.8685 5.95447 4.77162 6.43676 6.32884 6.20174 8.53973 4.42312 4.0014 3.5595 2.14529 0.450758
threshold=21.500000000000004 6.5000000000000009 15.500000000000002 167.50000000000003 124.50000000000001 171.50000000000003 128.50000000000003 112.50000000000001 71.500000000000014 167.50000000000003 163.50000000000003 169.50000000000003 133.50000000000003 25.500000000000004
decision_type=2 2 2 2 2 2 2 2 2 2 2 2 2 2
left_child=-1 -2 4 11 6 9 7 8 12 10 -6 -4 13 -3
right_child=1 2 3 -5 5 -7 -8 -9 -10 -11 -12 -13 -14 -15
leaf_value=-0.036685448001244597 -0.033590045957172451 0.0075380927316884838 -0.037638812795378139 0.019158727695503527 -0.027732564861175448 0.025592434414439265 0.045898860790605005 0.033774050229745348 -0.024418937692913392 0.013271204348133182 0.0039076572131329932 0.0012148499628538718 -0.0026154151488986341 0.037798551027264128
leaf_weight=10.349642972461877 9.275288728065787 4.9159813756123203 12.656870806589728 6.6515247225761405 20.004190219566226 17.492015682160854 15.481620378792284 13.538508184254168 16.17249817866832 15.647925119847057 14.8144802916795 8.3924931641668064 6.1119765378534785 5.3241131138056517
leaf_count=504 886 139 875 44 172 85 79 68 151 81 103 52 38 41
internal_value=0.00138075 0.00474791 0.0079756 -0.0129992 0.0127786 0.00320245 0.0223176 0.0106737 -0.00216094 -0.0061655 -0.0154702 -0.0248879 0.0204159 0.0305106
internal_weight=176.829 166.479 157.204 27.7009 129.503 67.9586 61.5447 46.0631 32.5246 50.4666 34.8187 21.0494 16.3521 10.2401
internal_count=3318 2814 1928 971 957 441 516 437 369 356 275 927 218 180
is_linear=0
shrinkage=0.05


Tree=59
num_leaves=15
num_cat=0
split_feature=5 0 0 9 13 11 13 1 4 6 2 6 15 4
split_gain=9.21593 8.59217 6.41248 5.67679 7.10507 4.61473 5.10656 4.49229 3.58267 3.06274 2.57176 1.35655 1.05004 0.414037
threshold=21.500000000000004 6.5000000000000009 15.500000000000002 174.50000000000003 166.50000000000003 102.50000000000001 181.50000000000003 2.5000000000000004 164.50000000000003 119.50000000000001 3.5000000000000004 115.50000000000001 165.50000000000003 134.50000000000003
decision_type=2 2 2 2 2 2 2 2 2 2 2 2 2 2
left_child=-1 -2 5 4 -4 10 7 9 13 -7 11 -3 -11 -9
right_child=1 2 3 -5 -6 6 -8 8 -10 12 -12 -13 -14 -15
leaf_value=-0.036223874368145788 -0.033188292058802242 0.011695723452235816 -0.038363190709293907 0.018747694492638918 0.016356929204604027 0.024985094891811364 0.029311056277124194 -0.010368532568961976 0.0069441085107029288 -0.0093874490404823908 0.0096980582572209189 0.044726512019983858 0.007501721775367046 -0.032503659244072926
leaf_weight=10.029303569812326 8.9860716527327877 9.4621198540553468 15.619122062344109 6.6181993996724477 5.0650627948343745 13.733437918126581 12.18162516504526 10.758433381095534 10.873880211263893 13.555031713098289 23.534136990085244 12.602295012213288 13.337962197139857 8.9694934766739589
leaf_count=504 886 148 907 35 29 80 72 129 65 81 149 70 80 83
internal_value=0.00135215 0.00462867 0.00776403 -0.0126482 -0.0243878 0.0123947 0.00483915 -0.000994158 -0.0142471 0.00945589 0.0243714 0.0353392 -0.00114816 -0.0249698
internal_weight=175.326 165.297 156.311 27.3024 20.6842 129.008 83.4099 71.2282 30.6018 40.6264 45.5986 22.0644 26.893 19.7279
internal_count=3318 2814 1928 971 936 957 590 518 277 241 367 218 161 212
is_linear=0
shrinkage=0.05


Tree=60
num_leaves=15
num_cat=0
split_feature=5 0 0 8 11 4 16 9 7 14 2 13 9 13
split_gain=8.77461 8.17309 6.17898 8.73377 6.77218 7.35749 4.45996 3.74773 4.64537 2.0256 1.45082 1.4441 2.4836 0.548653
threshold=21.500000000000004 6.5000000000000009 8.5000000000000018 176.50000000000003 174.50000000000003 176.50000000000003 183.50000000000003 67.500000000000014 104.50000000000001 23.500000000000004 1.5000000000000002 174.50000000000003 173.50000000000003 168.50000000000003
decision_type=2 2 2 2 2 2 2 2 2 2 2 2 2 2
left_child=-1 -2 7 4 5 6 9 -3 -9 -4 -11 12 13 -12
right_child=1 2 3 -5 -6 -7 -8 8 -10 10 11 -13 -14 -15
leaf_value=-0.035766243058315071 -0.032788621201811911 0.04186460674235104 0.0042372553336270085 0.025049339789609649 0.024320499299477549 0.02048159572441233 0.0097461311026297189 -0.010548177952093327 0.024497414981163562 -0.0034338342026042816 -0.038462280778517717 -0.0023709842634720563 0.0014643518156998337 -0.0085470525703488075
leaf_weight=9.7215506043285114 8.7088226480409485 12.287607515230773 4.9311620108783236 24.164888117462397 10.735850401222704 10.812990149483083 9.7126783318817598 12.835596410557629 16.804396126419306 8.109872932545839 29.854166532400995 5.58462806418538 4.6362008042633525 5.1428516730666152
leaf_count=504 886 78 125 132 55 59 63 91 95 153 965 32 33 47
internal_value=0.00130179 0.00448621 0.00752807 0.0011741 -0.00625487 -0.0116241 -0.0177849 0.0227959 0.00998898 -0.0227823 -0.0254298 -0.0286402 -0.0316614 -0.0356842
internal_weight=174.043 164.322 155.613 113.685 89.5204 78.7846 67.9716 41.9276 29.64 58.2589 53.3277 45.2178 39.6332 34.997
internal_count=3318 2814 1928 1664 1532 1477 1418 264 186 1355 1230 1077 1045 1012
is_linear=0
shrinkage=0.05


Tree=61
num_leaves=14
num_cat=0
split_feature=3 0 0 6 11 14 0 11 3 0 12 1 8
split_gain=8.4321 9.49405 9.30958 6.2635 5.38272 6.86278 5.18866 4.42339 2.50411 3.25226 1.95359 2.16239 0.327748
threshold=171.50000000000003 14.500000000000002 6.5000000000000009 174.50000000000003 97.500000000000014 191.50000000000003 12.500000000000002 165.50000000000003 85.500000000000014 7.5000000000000009 155.50000000000003 2.5000000000000004 159.50000000000003
decision_type=2 2 2 2 2 2 2 2 2 2 2 2 2
left_child=1 2 -1 7 8 6 10 -3 9 -4 11 -6 -8
right_child=-2 3 4 -5 5 -7 12 -9 -10 -11 -12 -13 -14
leaf_value=-0.034035156665586215 0.027355733902340442 -0.039348179719005255 0.020279975899759134 0.024033861637319451 -0.0057636548508331054 0.029267248367173229 0.0030868818624415852 0.0060879411933814414 0.028738717046052215 -0.018968791702284351 -0.0010240003226561338 -0.034821717565848578 0.017515483776068441
leaf_weight=9.7549401619471592 21.429605387151241 24.710249674972154 5.5792093849740905 2.1315211001783601 13.332947276998313 10.724178142845629 9.0792405996471661 5.0467914314940563 28.204049955122173 5.5411548293195665 14.272633401677011 13.728721110150216 9.0373335042968375
leaf_count=1022 105 1188 40 16 96 60 110 29 162 171 95 173 51
internal_value=0.00126786 -0.00318852 0.00352999 -0.0253868 0.00821667 -0.000372878 -0.0075753 -0.031875 0.0218578 0.000905261 -0.0167817 -0.0236367 0.0125162
internal_weight=172.573 151.143 119.254 31.8886 109.499 70.1751 59.4509 29.757 39.3244 11.1204 41.3343 27.0617 18.1166
internal_count=3318 3213 1980 1233 958 585 525 1217 373 211 364 269 161
is_linear=0
shrinkage=0.05


Tree=62
num_leaves=15
num_cat=0
split_feature=5 0 0 8 11 4 16 9 5 14 2 13 9 6
split_gain=8.18156 7.42893 5.59741 7.85012 6.13251 6.75864 4.0775 3.38881 5.72103 1.89789 1.43885 1.38962 2.27747 1.21664
threshold=21.500000000000004 6.5000000000000009 8.5000000000000018 176.50000000000003 174.50000000000003 176.50000000000003 183.50000000000003 67.500000000000014 109.50000000000001 23.500000000000004 1.5000000000000002 174.50000000000003 173.50000000000003 169.50000000000003
decision_type=2 2 2 2 2 2 2 2 2 2 2 2 2 2
left_child=-1 -2 7 4 5 6 9 -3 -9 -4 -11 12 13 -12
right_child=1 2 3 -5 -6 -7 -8 8 -10 10 11 -13 -14 -15
leaf_value=-0.035148736030596886 -0.031976204134811004 0.039857590052822606 0.0040902870102085213 0.023786314976860342 0.023118369367609904 0.019547067520168659 0.0091384077680522046 -0.013303768018568342 0.02557829362878003 -0.0029776356692873037 -0.037505477186252328 -0.0022375572782688462 0.0010835114439751044 -0.0015849337990639621
leaf_weight=9.2624040385708195 8.1752943280152959 12.276712974533437 4.917989424429833 23.937502861022949 10.658179335296152 10.799683748744426 9.7032183930277807 12.513773623853924 16.842251491732895 7.9999909102916709 30.803763224743307 5.5631447806954375 4.6183768846094599 3.0085439831018439
leaf_count=504 886 78 125 132 55 59 63 94 92 153 991 32 33 21
internal_value=0.00123988 0.00431382 0.00719174 0.00108216 -0.00603498 -0.0112078 -0.0172104 0.0217507 0.0094798 -0.022078 -0.0246948 -0.0279371 -0.0309714 -0.0349253
internal_weight=171.081 161.818 153.643 112.01 88.0729 77.4147 66.615 41.6327 29.356 56.9118 51.9938 43.9938 38.4307 33.8123
internal_count=3318 2814 1928 1664 1532 1477 1418 264 186 1355 1230 1077 1045 1012
is_linear=0
shrinkage=0.05


Tree=63
num_leaves=15
num_cat=0
split_feature=5 0 0 3 7 3 4 0 14 2 10 5 8 8
split_gain=7.80603 7.08637 5.16621 7.25726 8.29264 8.00813 7.7286 3.27947 3.80658 5.24058 3.14585 3.94662 1.46255 1.08844
threshold=21.500000000000004 6.5000000000000009 8.5000000000000018 171.50000000000003 171.50000000000003 158.50000000000003 176.50000000000003 14.500000000000002 180.50000000000003 3.5000000000000004 79.500000000000014 112.50000000000001 151.50000000000003 177.50000000000003
decision_type=2 2 2 2 2 2 2 2 2 2 2 2 2 2
left_child=-1 -2 10 4 6 -6 7 8 9 12 -3 -12 -4 -9
right_child=1 2 3 -5 5 -7 -8 13 -10 -11 11 -13 -14 -15
leaf_value=-0.034699283726560878 -0.031584069691774921 0.036805007547475503 0.00067868746327661691 0.024704284559377399 0.037761981040011931 -0.01023087532267835 0.029530424789701439 -0.038156820844399655 -0.029351166896501243 -0.017421709286581787 -0.0090922154154747525 0.023997801458296684 0.029782815833423279 -1.8065227899016171e-05
leaf_weight=8.9850772405043227 7.9312408822588614 14.347891641780732 7.043326748535037 20.607895083725452 13.545729975216092 13.194138213992117 4.4517854936420909 17.511381120420996 10.984715662896631 14.577391298487782 13.932976972311737 13.197033696807919 7.219250526279211 2.0454579032957545
leaf_count=504 886 91 121 102 86 82 22 962 66 160 104 69 47 16
internal_value=0.00121231 0.00420865 0.00701091 0.00110764 -0.00527279 0.0161999 -0.0147911 -0.0201492 -0.00977462 0.000916837 0.0210131 0.00823361 0.0193171 -0.0349837
internal_weight=169.575 160.59 152.659 111.181 90.5732 26.7399 63.8333 59.3815 39.8247 28.84 41.4779 27.13 14.2626 19.5568
internal_count=3318 2814 1928 1664 1562 168 1394 1372 394 328 264 173 168 978
is_linear=0
shrinkage=0.05


Tree=64
num_leaves=15
num_cat=0
split_feature=5 0 14 9 1 5 8 13 16 8 0 0 10 0
split_gain=7.44504 6.75679 4.93583 6.2134 6.26986 4.75016 4.91448 4.16275 4.65734 6.00076 3.42306 2.60588 2.4036 1.52351
threshold=21.500000000000004 6.5000000000000009 191.50000000000003 176.50000000000003 5.5000000000000009 176.50000000000003 24.500000000000004 169.50000000000003 168.50000000000003 105.50000000000001 7.5000000000000009 9.5000000000000018 140.50000000000003 12.500000000000002
decision_type=2 2 2 2 2 2 2 2 2 2 2 2 2 2
left_child=-1 -2 3 4 5 6 11 8 10 -10 -8 -3 -11 -6
right_child=1 2 -4 -5 13 -7 7 -9 9 12 -12 -13 -14 -15
leaf_value=-0.034254131558814363 -0.031194761425013609 0.03072373527293696 0.031993635617835345 0.025859638692372951 0.040057727303779204 0.025404637693901562 0.0055399407837150505 0.0038432648367639904 -0.02999284699070557 0.018661243039127733 -0.04079575722556792 -0.0071475730659090325 -0.0069463563534705496 0.0019512402061937274
leaf_weight=8.7185099641792458 7.6970664113759986 6.7932462673634273 12.400893561542032 20.671840731054544 5.3687905613332969 6.7705777976661912 3.4235966335982111 26.675755679607391 12.471013313159345 13.626587586477401 20.35863696411252 4.8497016751207411 14.16712722647935 4.2297485582530499
leaf_count=504 886 37 74 106 57 31 35 159 73 100 769 242 118 127
internal_value=0.00117323 0.00409196 0.00681873 0.00354908 -0.00122321 -0.00512295 -0.00823113 -0.0122821 -0.0187903 -0.0068387 -0.0343218 0.0175408 0.00653947 0.0296851
internal_weight=168.223 159.505 151.808 139.407 118.735 109.136 102.366 90.7227 64.047 40.2647 23.7822 11.6429 27.7937 9.59854
internal_count=3318 2814 1928 1854 1748 1564 1533 1254 1095 291 804 279 218 184
is_linear=0
shrinkage=0.05


Tree=65
num_leaves=15
num_cat=0
split_feature=5 0 0 7 2 4 4 7 4 5 12 9 5 15
split_gain=7.11572 6.45697 4.6537 6.6374 5.22628 4.96011 5.95056 8.56435 8.72655 4.61661 4.11382 2.72068 4.89384 1.64432
threshold=21.500000000000004 6.5000000000000009 8.5000000000000018 121.50000000000001 1.5000000000000002 176.50000000000003 170.50000000000003 171.50000000000003 164.50000000000003 86.500000000000014 163.50000000000003 67.500000000000014 109.50000000000001 102.50000000000001
decision_type=2 2 2 2 2 2 2 2 2 2 2 2 2 2
left_child=-1 -2 11 4 -4 6 7 8 9 -5 13 -3 -13 -11
right_child=1 2 3 5 -6 -7 -8 -9 -10 10 -12 12 -14 -15
leaf_value=-0.033813356756627048 -0.030808444935819353 0.036161209623782213 0.017828641264332749 0.016939949279806268 -0.036885398972453021 0.029345363058813908 -0.024987094139716257 0.030185548056200967 0.02242705166554787 -0.0055421407916665597 0.00557013981394258 -0.012367952153031303 0.023786667682082666 -0.041489341628433235
leaf_weight=8.4622485754080099 7.4723159996792665 12.319018101319669 2.496898772660642 4.1282120747491708 12.299572441726921 13.815791116096078 13.015361446421592 21.037706255912781 14.601365318521855 5.7842676793225172 6.6708780266344538 12.375568507239224 16.532283877022564 15.885183073580263
leaf_count=504 886 78 74 43 559 77 80 132 101 105 63 94 92 430
internal_value=0.0011669 0.00401256 0.00666856 0.00101525 -0.0254814 0.00621308 0.000798523 0.00709807 -0.00512848 -0.0188596 -0.0258327 0.0199788 0.00876732 -0.0347319
internal_weight=166.897 158.434 150.962 109.735 14.7965 94.9388 81.123 68.1076 47.0699 32.4685 28.3403 41.2269 28.9079 21.6695
internal_count=3318 2814 1928 1664 633 1031 954 874 742 641 598 264 186 535
is_linear=0
shrinkage=0.05


Tree=66
num_leaves=15
num_cat=0
split_feature=9 14 9 9 15 5 0 12 11 0 9 0 7 13
split_gain=6.91052 6.87474 6.85848 7.78598 6.56387 7.76241 4.07613 3.343 3.97543 2.17911 2.42464 2.06631 1.93767 1.44524
threshold=21.500000000000004 191.50000000000003 176.50000000000003 24.500000000000004 163.50000000000003 162.50000000000003 9.5000000000000018 21.500000000000004 22.500000000000004 12.500000000000002 161.50000000000003 7.5000000000000009 171.50000000000003 105.50000000000001
decision_type=2 2 2 2 2 2 2 2 2 2 2 2 2 2
left_child=11 2 3 6 5 7 -2 -5 -9 -6 -11 -1 -10 -8
right_child=1 -3 -4 4 9 -7 13 8 12 10 -12 -13 -14 -15
leaf_value=0.00091862433173424884 0.044660689852121987 0.034758886821540012 0.024381999665765017 0.0042026955470611293 -0.003749063370712027 0.0077185592535983175 -0.018460512450095289 -0.00039420346471198323 -0.042505452690520883 -0.0019352270653009197 0.029468329547188338 -0.039008329832531503 0.0010879611733963981 0.012617346390551152
leaf_weight=4.0223420104011876 6.5780269857496005 11.607429906725882 20.471999069675803 5.8353932071477166 25.079316847026348 18.669245326891541 2.7104374985210598 7.9604779328219584 30.447335360106081 9.5718373721465486 9.6946726404130441 7.9373242538422346 2.4817188801243892 2.5484149898402393
leaf_count=162 200 72 106 182 151 146 163 301 1215 108 55 342 23 92
internal_value=0.00110504 0.00431696 0.000732122 -0.00405604 -0.00857056 -0.0181186 0.027914 -0.0281902 -0.0327673 0.0059186 0.0166826 -0.029268 -0.0395097 -0.00459093
internal_weight=165.616 153.656 142.049 121.577 109.74 65.3942 11.8369 46.7249 40.8895 44.3458 19.2665 11.9597 32.9291 5.25885
internal_count=3318 2814 2742 2636 2181 1867 455 1721 1539 314 163 504 1238 255
is_linear=0
shrinkage=0.05


Tree=67
num_leaves=15
num_cat=0
split_feature=5 0 5 3 3 6 10 0 6 5 6 3 17 5
split_gain=6.62024 5.9889 4.80717 10.3155 5.78518 5.61825 5.92726 7.91226 5.51514 4.94706 4.52039 3.74475 3.18908 1.71638
threshold=21.500000000000004 6.5000000000000009 124.50000000000001 155.50000000000003 128.50000000000003 112.50000000000001 71.500000000000014 7.5000000000000009 155.50000000000003 32.000000000000007 138.50000000000003 171.50000000000003 0.07670454545454547 80.500000000000014
decision_type=2 2 2 2 2 2 2 2 2 2 2 2 2 2
left_child=-1 -2 4 -4 5 6 7 -3 10 -9 -5 12 -10 -8
right_child=1 2 3 8 -6 -7 13 9 11 -11 -12 -13 -14 -15
leaf_value=-0.033134405546506152 -0.030163102263872095 0.046301095372046235 -0.037821202359429207 0.0063931339887840985 0.036532440741393987 0.027996382077279187 0.0022115567958332278 -0.025078564305491768 -0.0083757595928156108 0.024863889991178306 -0.030422708593234316 0.032817873887803703 0.01977101910718284 -0.030752376342302767
leaf_weight=8.0694331773556751 7.1243593720719209 5.1556984335184124 11.207729806657879 15.055506608448924 18.271302894223481 13.25104263005778 4.275662254542115 9.8114897040650231 18.566214344464246 2.8158547803759566 10.481585576198993 14.942248329520224 12.875976172275839 12.528261401690541
leaf_count=504 886 29 343 120 180 139 63 386 115 13 101 73 95 271
internal_value=0.00113129 0.00387155 0.00642144 -0.00164833 0.0159712 0.00540412 -0.00569431 0.0128649 0.0060806 -0.0100479 -0.0112248 0.0157733 0.00428189 -0.0237811
internal_weight=164.432 156.363 149.239 83.1293 66.1093 47.838 34.587 17.783 71.9215 12.6273 25.5371 46.3844 31.4422 16.8039
internal_count=3318 2814 1928 847 1081 901 762 428 504 399 221 283 210 334
is_linear=0
shrinkage=0.05


Tree=68
num_leaves=15
num_cat=0
split_feature=9 14 10 9 6 5 15 0 5 3 6 9 0 13
split_gain=6.37392 6.38003 6.32157 6.93415 8.86346 6.71604 4.71279 3.63443 3.4856 8.95027 5.74906 2.946 1.94526 1.39918
threshold=21.500000000000004 191.50000000000003 172.50000000000003 24.500000000000004 155.50000000000003 162.50000000000003 187.50000000000003 9.5000000000000018 124.50000000000001 128.50000000000003 115.50000000000001 167.50000000000003 7.5000000000000009 105.50000000000001
decision_type=2 2 2 2 2 2 2 2 2 2 2 2 2 2
left_child=12 2 3 7 6 -6 8 -2 9 10 -5 -7 -1 -9
right_child=1 -3 -4 4 5 11 -8 13 -10 -11 -12 -13 -14 -15
leaf_value=0.0009018261371453606 0.042967087671432022 0.033751921019209367 0.028891386272418003 -0.033419479426343206 -0.017963295906663783 0.031744963916142545 0.020295215079325649 -0.017968240646532348 -0.034698073804053785 0.020047323890308614 0.012541162075893862 0.0023846385371387164 -0.038152389195582538 0.012677708052175985
leaf_weight=3.9708333746530098 6.5722935567609948 11.323773786425589 12.536358371842651 24.702454263344411 11.71319254953414 18.127151581458747 3.7203490957617751 2.6062351637519896 24.324372758157551 12.614419469609855 5.9471566267311564 14.934696990996597 7.5515603269450366 2.5282142153009772
leaf_count=162 200 72 86 1130 147 109 19 163 427 145 148 76 342 92
internal_value=0.00107961 0.00416432 0.000697631 -0.00305191 -0.00711295 0.00967319 -0.0175962 0.0272942 -0.0209362 -0.0104059 -0.0239933 0.0205378 -0.0284936 -0.00406832
internal_weight=163.173 151.651 140.327 127.791 116.084 44.775 71.3088 11.7067 67.5884 43.264 30.6496 33.0618 11.5224 5.13445
internal_count=3318 2814 2742 2656 2201 332 1869 455 1850 1423 1278 185 504 255
is_linear=0
shrinkage=0.05


Tree=69
num_leaves=15
num_cat=0
split_feature=5 0 5 3 3 0 2 10 3 9 16 0 5 17
split_gain=6.14718 5.59398 4.48999 9.55856 4.80101 4.99727 6.43918 4.71417 4.72464 4.03032 3.69394 1.14928 0.998505 0.139135
threshold=21.500000000000004 6.5000000000000009 124.50000000000001 155.50000000000003 128.50000000000003 7.5000000000000009 1.5000000000000002 148.50000000000003 171.50000000000003 164.50000000000003 169.50000000000003 8.5000000000000018 167.50000000000003 0.20738636363636367
decision_type=2 2 2 2 2 2 2 2 2 2 2 2 2 2
left_child=-1 -2 4 -4 5 -3 -7 10 12 11 -5 -8 -9 -6
right_child=1 2 3 7 13 6 9 8 -10 -11 -12 -13 -14 -15
leaf_value=-0.032424711674285775 -0.029572368212687019 0.022623783471744915 -0.036898943857376083 -0.0001783866513770944 0.014255162349619613 0.028458574962695299 -0.0061077424571533215 -0.028845109657740453 0.013759467574369091 0.01189979581152566 0.029261135463603146 -0.03633658446634954 -0.0052840132369624997 0.041345964571918421
leaf_weight=7.6762452623806885 6.8180492804385713 18.965107662603259 10.826532480306922 18.440516074188054 8.7132160020992178 4.8622455289587405 6.8776862192899051 10.338366957847031 12.273890327662228 5.2580577405169597 20.045355109497905 10.940281943883745 10.244141879491506 9.5115183312445861
leaf_count=504 886 122 343 148 100 100 59 104 64 29 127 591 61 80
internal_value=0.00112418 0.00376161 0.00622478 -0.00161314 0.0155235 0.00564808 -0.00756042 0.00580761 -0.00753657 -0.0188664 0.0167566 -0.0285635 -0.0204432 0.0342513
internal_weight=161.791 154.115 147.297 82.1688 65.1281 46.9034 27.9383 71.3423 32.8564 23.076 38.4859 17.818 20.5825 18.2247
internal_count=3318 2814 1928 847 1081 901 779 504 229 679 275 650 165 180
is_linear=0
shrinkage=0.05


Tree=70
num_leaves=15
num_cat=0
split_feature=9 14 9 9 15 5 0 12 11 0 9 0 7 13
split_gain=5.90136 5.92375 6.11878 7.15465 5.61966 6.66714 3.24777 3.14182 3.75357 1.90655 2.1321 1.88593 1.79097 1.34291
threshold=21.500000000000004 191.50000000000003 176.50000000000003 24.500000000000004 163.50000000000003 162.50000000000003 9.5000000000000018 21.500000000000004 22.500000000000004 12.500000000000002 161.50000000000003 7.5000000000000009 171.50000000000003 105.50000000000001
decision_type=2 2 2 2 2 2 2 2 2 2 2 2 2 2
left_child=11 2 3 6 5 7 -2 -5 -9 -6 -11 -1 -10 -8
right_child=1 -3 -4 4 9 -7 13 8 12 10 -12 -13 -14 -15
leaf_value=0.0010855677448821618 0.041621375727521934 0.032778648625262218 0.023159590034925161 0.0044847963429532726 -0.0039040302105541958 0.0065871446463151477 -0.017395096066837246 -3.6225824963647267e-05 -0.04137930758131729 -0.0021507735005337025 0.027318443929176747 -0.037451656447771937 0.0010008334548647301 0.012700083595281847
leaf_weight=3.9177184621803445 6.5635229879990202 11.05094204097986 20.080686073750257 5.6662100381217888 24.69525677524507 18.638073877897114 2.4875672738999128 7.7661544345319262 28.671366506721828 9.4381378022953886 9.5653593391180021 7.2197754019871354 2.4408456897363058 2.5174050386995077
leaf_count=162 200 72 106 182 151 146 163 301 1215 108 55 342 23 92
internal_value=0.00104804 0.0040215 0.000665513 -0.00393145 -0.00832892 -0.0173471 0.0269496 -0.0270156 -0.0315945 0.00515246 0.0152832 -0.0277596 -0.0383762 -0.0034758
internal_weight=160.719 149.582 138.531 118.45 106.881 63.1827 11.5685 44.5446 38.8784 43.6988 19.0035 11.1375 31.1122 5.00497
internal_count=3318 2814 2742 2636 2181 1867 455 1721 1539 314 163 504 1238 255
is_linear=0
shrinkage=0.05


Tree=71
num_leaves=15
num_cat=0
split_feature=5 0 5 3 10 3 3 0 2 9 16 14 0 14
split_gain=5.73025 5.20173 4.43245 8.84618 4.47847 4.40252 4.33717 4.68681 6.0839 3.72823 3.40599 1.71712 1.10722 0.894515
threshold=21.500000000000004 6.5000000000000009 124.50000000000001 155.50000000000003 148.50000000000003 171.50000000000003 128.50000000000003 7.5000000000000009 1.5000000000000002 164.50000000000003 169.50000000000003 176.50000000000003 8.5000000000000018 171.50000000000003
decision_type=2 2 2 2 2 2 2 2 2 2 2 2 2 2
left_child=-1 -2 6 -4 10 13 7 -3 -9 12 -5 -8 -10 -6
right_child=1 2 3 4 5 -7 11 8 9 -11 -12 -13 -14 -15
leaf_value=-0.031779912522771528 -0.028962919221881198 0.022172728680317711 -0.036165064533444952 -0.00027917127511349317 -0.0053929038376526904 0.012945932315072637 0.0084194379069871036 0.027735471381854306 -0.0059016898747922125 0.011297525656051202 0.0279864315141874 0.043888717048968781 -0.035670296010475507 -0.0281794492288957
leaf_weight=7.3373558209277681 6.5180819635279468 18.826064643450081 10.492507347837089 18.394692366011441 10.053200803697111 12.186779998242853 8.1933243582025188 4.8374668797478106 6.8300321139395299 5.211753597483038 20.022744677960873 9.9009031578898412 10.489968619309364 10.329901380464433
leaf_count=504 886 122 343 148 103 64 127 100 59 29 127 53 591 62
internal_value=0.00107121 0.00361394 0.00598282 -0.00181766 0.00530479 -0.00773678 0.0152868 0.00574573 -0.00723325 -0.0184144 0.015979 0.0331278 -0.027883 -0.0202169
internal_weight=159.625 152.287 145.769 81.4798 70.9873 32.5699 64.2895 46.1953 27.3692 22.5318 38.4174 18.0942 17.32 20.3831
internal_count=3318 2814 1928 847 504 229 1081 901 779 679 275 180 650 165
is_linear=0
shrinkage=0.05


Tree=72
num_leaves=14
num_cat=0
split_feature=5 0 5 3 6 6 9 0 2 14 10 5 14
split_gain=5.46384 4.95966 4.19683 8.34068 4.34663 4.34581 4.12526 10.5828 5.64625 3.64309 2.55145 5.74858 2.34703
threshold=21.500000000000004 6.5000000000000009 124.50000000000001 155.50000000000003 155.50000000000003 138.50000000000003 162.50000000000003 8.5000000000000018 1.5000000000000002 179.50000000000003 71.500000000000014 109.50000000000001 163.50000000000003
decision_type=2 2 2 2 2 2 2 2 2 2 2 2 2
left_child=-1 -2 6 -4 5 -5 7 10 -9 12 -3 -12 -6
right_child=1 2 3 4 9 -7 -8 8 -10 -11 11 -13 -14
leaf_value=-0.031365029945009108 -0.028597701981333563 0.035927739317696356 -0.035435804502826601 0.0068930522068145613 0.0045786351804385983 -0.029433075546849805 0.035045444164300998 0.020418871010723545 -0.03714182965968775 -0.0063242381084836451 -0.013476633206822769 0.027639883563720248 0.032145914481773008
leaf_weight=7.1340011078864327 6.3396496116183689 11.583504594862459 10.281323188450186 14.675019662827255 14.642182761803268 10.242259521968661 13.823858189396558 2.1660937075503162 11.673485110513864 13.776226885616778 12.436027125455441 12.239566168747841 17.598838120698929
leaf_count=504 886 73 343 120 110 101 90 85 662 70 99 72 103
internal_value=0.000992135 0.00346955 0.00577598 -0.00181941 0.00506547 -0.0104624 0.0148581 0.00661301 -0.0251046 0.0136748 0.0202944 0.0081387 0.0219219
internal_weight=158.612 151.478 145.138 81.2159 70.9345 24.9173 63.9225 50.0987 13.8396 46.0172 36.2591 24.6756 32.241
internal_count=3318 2814 1928 847 504 221 1081 991 747 283 244 171 213
is_linear=0
shrinkage=0.05


Tree=73
num_leaves=15
num_cat=0
split_feature=9 14 10 9 6 3 12 4 5 6 14 12 0 14
split_gain=5.40872 5.44677 5.56602 6.27486 6.32574 7.25056 4.13204 3.82709 3.96826 6.6146 3.81494 2.83047 2.69338 2.07781
threshold=21.500000000000004 191.50000000000003 178.50000000000003 24.500000000000004 174.50000000000003 171.50000000000003 166.50000000000003 176.50000000000003 124.50000000000001 115.50000000000001 176.50000000000003 116.50000000000001 9.5000000000000018 177.50000000000003
decision_type=2 2 2 2 2 2 2 2 2 2 2 2 2 2
left_child=-1 2 3 12 5 6 7 8 9 10 -5 -10 -2 -11
right_child=1 -3 -4 4 -6 -7 -8 -9 11 13 -12 -13 -14 -15
leaf_value=-0.027126846835681579 0.040047701612308528 0.031650725051386712 0.032736418420130212 -0.031657367663388079 0.02612075831994648 0.01855411814406761 0.0059107708915765817 0.012193194519833068 -0.0097348281029569286 0.033422187932117361 0.0028818233891256357 -0.044493032192204539 -0.0023573005141009646 -0.0048364959491621591
leaf_weight=10.626567670144139 6.479360063094644 10.707572624087332 7.278255207464098 19.263266978319738 8.8411943651735765 14.738239880651234 16.958025542087853 5.557625323534011 12.046631090342997 4.8313636309467238 10.764763446524737 20.777399251703173 4.7748655136674643 3.8123370558023453
leaf_count=504 200 72 45 1135 47 72 118 34 230 166 79 342 255 19
internal_value=0.000914669 0.0037706 0.000533847 -0.00244019 -0.0062263 -0.00988865 -0.0150594 -0.0197535 -0.0228715 -0.00999995 -0.0206315 -0.0347097 0.0268656 0.0209595
internal_weight=157.457 146.831 136.123 128.845 117.591 108.75 94.0114 77.0534 71.4958 38.6717 30.028 32.824 11.2542 8.6437
internal_count=3318 2814 2742 2697 2242 2195 2123 2005 1971 1399 1214 572 455 185
is_linear=0
shrinkage=0.05


Tree=74
num_leaves=15
num_cat=0
split_feature=9 14 9 9 15 5 12 11 0 0 12 2 7 13
split_gain=5.14431 5.10398 5.27265 6.52758 4.94948 6.03295 2.9201 3.60829 2.53008 1.88957 1.87298 2.92285 1.59889 1.28142
threshold=21.500000000000004 191.50000000000003 176.50000000000003 24.500000000000004 163.50000000000003 162.50000000000003 21.500000000000004 22.500000000000004 9.5000000000000018 7.5000000000000009 170.50000000000003 3.5000000000000004 171.50000000000003 21.500000000000004
decision_type=2 2 2 2 2 2 2 2 2 2 2 2 2 2
left_child=9 2 3 8 5 6 -5 13 -2 -1 11 -6 -9 -8
right_child=1 -3 -4 4 10 -7 7 12 -10 -11 -12 -13 -14 -15
leaf_value=0.0018962558692266825 0.038786309527711726 0.030942335658559462 0.02169955410066636 0.0044790527669042362 0.022808564651121743 0.0061496031286876734 -0.013634910568982845 -0.040429417354058833 -0.0023019489582408615 -0.036488608660078178 -0.0096840734142541723 -0.0046914196469012613 0.00057115364300112188 0.013397641178722844
leaf_weight=3.7675745547749084 6.5172096425667387 10.524234287440775 19.64071489777416 5.5277134138159445 16.263109805062417 18.536678423639387 3.511395714711397 27.111101379618052 4.7656599725596607 6.681252708658576 11.747142367996274 15.102060880511997 2.4188222447410217 4.0434789061546326
leaf_count=162 200 72 106 182 106 146 149 1215 255 342 82 126 23 152
internal_value=0.0010001 0.00378729 0.000645037 -0.00368551 -0.0079488 -0.0165836 -0.02608 -0.0306259 0.0260538 -0.0265138 0.00474916 0.0107431 -0.0374746 0.000406947
internal_weight=156.158 145.709 135.185 115.544 104.262 61.1492 42.6125 37.0848 11.2829 10.4488 43.1123 31.3652 29.5299 7.55487
internal_count=3318 2814 2742 2636 2181 1867 1721 1539 455 504 314 232 1238 301
is_linear=0
shrinkage=0.05


Tree=75
num_leaves=15
num_cat=0
split_feature=5 0 5 3 10 11 3 0 2 8 13 10 14 15
split_gain=4.98708 4.54979 4.18179 7.57654 4.30626 4.00328 3.89379 4.18428 5.59653 3.27353 3.27031 3.64038 1.43101 0.981053
threshold=21.500000000000004 6.5000000000000009 124.50000000000001 155.50000000000003 148.50000000000003 126.50000000000001 128.50000000000003 7.5000000000000009 1.5000000000000002 176.50000000000003 163.50000000000003 132.50000000000003 176.50000000000003 182.50000000000003
decision_type=2 2 2 2 2 2 2 2 2 2 2 2 2 2
left_child=-1 -2 6 -4 10 -6 7 -3 -9 13 11 -5 -8 -10
right_child=1 2 3 4 5 -7 12 8 9 -11 -12 -13 -14 -15
leaf_value=-0.030482149428813374 -0.027835176458291741 0.021092143562848234 -0.034626176215061533 -0.014628119962490485 0.012329709286200986 -0.019767060157959308 0.0084248658038137796 0.026513594064343511 -0.028499450619480955 0.015292934117911433 0.029589491053723313 0.018819618321483478 0.04182494406655269 0.002001451439827107
leaf_weight=6.7116347593255332 5.9951032740063956 18.435813431628048 9.8052304489538056 12.03896843455732 11.362285170704125 20.773957923520356 8.1119938483461755 4.7813255190849331 16.49222855037079 2.7505978047847739 15.398968501016496 10.602962515316902 9.620976470410822 2.2899061199277631
leaf_count=504 886 122 343 121 83 146 127 100 649 14 89 65 53 16
internal_value=0.00100393 0.00337415 0.00558673 -0.00202857 0.00452605 -0.0082866 0.0147629 0.00551263 -0.00702748 -0.0180681 0.0150552 0.00160603 0.0317595 -0.0251418
internal_weight=155.172 148.46 142.465 79.9824 70.1771 32.1362 62.4828 44.7499 26.3141 21.5327 38.0409 22.6419 17.733 18.7821
internal_count=3318 2814 1928 847 504 229 1081 901 779 679 275 186 180 665
is_linear=0
shrinkage=0.05


Tree=76
num_leaves=15
num_cat=0
split_feature=5 0 5 3 14 6 6 3 6 5 0 14 10 14
split_gain=4.77797 4.35989 3.95952 7.17693 4.23309 6.95975 4.31031 3.62888 3.94011 5.37134 2.96708 2.5574 2.28815 1.37318
threshold=21.500000000000004 6.5000000000000009 124.50000000000001 155.50000000000003 181.50000000000003 155.50000000000003 138.50000000000003 128.50000000000003 112.50000000000001 24.500000000000004 8.5000000000000018 163.50000000000003 79.500000000000014 176.50000000000003
decision_type=2 2 2 2 2 2 2 2 2 2 2 2 2 2
left_child=-1 -2 7 -4 5 6 -5 8 9 10 -3 -7 -11 -9
right_child=1 2 3 4 -6 11 -8 13 -10 12 -12 -13 -14 -15
leaf_value=-0.030082645546108427 -0.027482489260479189 0.040876977516314132 -0.033921902554488813 0.0075269809908275268 -0.017507105996988639 0.0041426208294843177 -0.03069588700055137 0.0081537061126295395 0.024668625309919867 0.0017779611673914807 -0.0038905844442783189 0.031948727215132047 -0.026895703831497888 0.040774051947646973
leaf_weight=6.5317060207016757 5.8366331304423502 3.3282140679657441 9.6169900801032764 12.762319640256466 12.759521685540674 14.482705638743935 8.6240112655796093 8.1285308217629808 12.44718581670895 10.326524594798686 5.2492277561686933 21.43114997446537 13.17278913175687 9.5072650834918004
leaf_count=504 886 22 343 109 69 110 94 127 139 156 278 122 306 53
internal_value=0.00098723 0.00330167 0.00546114 -0.00196167 0.00439289 0.0102832 -0.0107823 0.0144134 0.0054405 -0.00434135 0.0221365 0.0226122 -0.0161941 0.0308611
internal_weight=154.205 147.673 141.836 79.6767 70.0597 57.3002 21.3863 62.1597 44.5239 32.0768 8.57744 35.9139 23.4993 17.6358
internal_count=3318 2814 1928 847 504 435 203 1081 901 762 300 232 462 180
is_linear=0
shrinkage=0.05


Tree=77
num_leaves=15
num_cat=0
split_feature=9 14 10 9 6 3 12 4 5 6 14 12 14 0
split_gain=4.64067 4.76415 5.00188 5.65226 5.47282 6.30428 3.75994 3.41125 3.74082 5.78482 3.33607 2.79966 2.27899 2.27624
threshold=21.500000000000004 191.50000000000003 178.50000000000003 24.500000000000004 174.50000000000003 171.50000000000003 166.50000000000003 176.50000000000003 124.50000000000001 115.50000000000001 176.50000000000003 116.50000000000001 175.50000000000003 9.5000000000000018
decision_type=2 2 2 2 2 2 2 2 2 2 2 2 2 2
left_child=-1 2 3 13 5 6 7 8 9 10 -5 12 -10 -2
right_child=1 -3 -4 4 -6 -7 -8 -9 11 -11 -12 -13 -14 -15
leaf_value=-0.025605455933890436 0.037653566611995169 0.030047559695906528 0.031284644469712047 -0.030158514420995253 0.024238306040723898 0.017140112988233636 0.0056649849193125181 0.011283689280591376 0.0081777448245993461 0.019598830347794773 0.0026063881872419731 -0.043445687137205778 -0.025181271075910283 -0.0018970324006899481
leaf_weight=10.007360318675635 6.4277534359134716 10.251451663672922 7.0850117187947026 18.25022442499176 8.7149388371035439 14.625584490597246 16.82804805226624 5.5528867002576581 6.9561347495764512 8.5866422206163389 10.552055144682525 19.978224609047174 4.8330557197332382 4.66432437999174
leaf_count=504 200 72 45 1135 47 72 118 34 205 185 79 342 25 255
internal_value=0.000923311 0.00357667 0.000522793 -0.00233566 -0.00598829 -0.00944821 -0.0143641 -0.018948 -0.0219726 -0.00930373 -0.0195448 -0.0335904 -0.00892447 0.0256003
internal_weight=153.314 143.306 133.055 125.97 114.878 106.163 91.5373 74.7092 69.1563 37.3889 28.8023 31.7674 11.7892 11.0921
internal_count=3318 2814 2742 2697 2242 2195 2123 2005 1971 1399 1214 572 230 455
is_linear=0
shrinkage=0.05


Tree=78
num_leaves=15
num_cat=0
split_feature=5 0 5 3 10 11 3 0 2 16 8 14 15 0
split_gain=4.46218 4.10026 3.75723 6.65832 4.02033 3.6227 3.3719 3.63027 5.23822 3.07168 3.05528 1.17955 0.960379 0.551525
threshold=21.500000000000004 6.5000000000000009 124.50000000000001 155.50000000000003 148.50000000000003 126.50000000000001 128.50000000000003 7.5000000000000009 1.5000000000000002 169.50000000000003 176.50000000000003 176.50000000000003 183.50000000000003 8.5000000000000018
decision_type=2 2 2 2 2 2 2 2 2 2 2 2 2 2
left_child=-1 -2 6 -4 9 -6 7 -3 -9 -5 12 -8 13 -10
right_child=1 2 3 4 5 -7 11 8 10 -11 -12 -13 -14 -15
leaf_value=-0.029434025740926396 -0.026962839434023295 0.019894158257498212 -0.03310508392548734 -0.00098449888000520704 0.011502722755689027 -0.019186186539766691 0.0082813794348151008 0.025884408965079542 -0.0063454680283911427 0.025883734809185401 0.014884965943593776 0.039385893334405626 0.0023253832363476583 -0.033072967380386536
leaf_weight=6.2520430060103527 5.6144897961057714 18.183578573167324 9.3076885542832297 18.119992080144584 11.238748055417092 20.595215275883675 8.1133669344708341 4.7506649275310364 5.4463250753469863 19.598241955973208 2.7077213972806922 9.3405372202396375 2.212767304852604 10.642607383662833
leaf_count=504 886 122 343 148 83 146 127 100 53 127 14 53 15 597
internal_value=0.000976859 0.00321253 0.00530698 -0.00195575 0.00415344 -0.00826098 0.0140801 0.00534237 -0.00649356 0.0143717 -0.0173834 0.0299908 -0.0243271 -0.0276749
internal_weight=152.124 145.872 140.257 78.8599 69.5522 31.834 61.3976 43.9437 25.7601 37.7182 21.0094 17.4539 18.3017 16.0889
internal_count=3318 2814 1928 847 504 229 1081 901 779 275 679 180 665 650
is_linear=0
shrinkage=0.05


Tree=79
num_leaves=15
num_cat=0
split_feature=9 14 10 9 6 3 12 4 5 6 14 12 14 14
split_gain=4.29582 4.43278 4.68196 5.43791 5.07845 5.88775 3.49304 3.26776 3.38059 5.31381 3.00131 2.64823 2.17691 2.13069
threshold=21.500000000000004 191.50000000000003 178.50000000000003 24.500000000000004 174.50000000000003 171.50000000000003 166.50000000000003 176.50000000000003 124.50000000000001 115.50000000000001 176.50000000000003 116.50000000000001 175.50000000000003 177.50000000000003
decision_type=2 2 2 2 2 2 2 2 2 2 2 2 2 2
left_child=-1 2 3 -2 5 6 7 8 9 10 -5 12 -10 -11
right_child=1 -3 -4 4 -6 -7 -8 -9 11 13 -12 -13 -14 -15
leaf_value=-0.024853730900337073 0.025233860873994152 0.029223201399673555 0.030415214950042846 -0.029400319724023932 0.023314727885031462 0.016499442099620995 0.0053061790117879867 0.011075039391890923 0.0080231621111573666 0.031264710145162987 0.0020092073479023608 -0.042420539416408873 -0.024629975572440805 -0.0064515895671886092
leaf_weight=9.7205899800173921 10.978111412841825 10.017732962965963 6.9805091796442857 17.787927094148476 8.6554096760228258 14.570487789809702 16.80073192063719 5.5451017590239635 6.9462568785529601 4.8151978589594346 10.506906595081089 19.425865258323029 4.772048331797123 3.7357376515865326
leaf_count=504 455 72 45 1135 47 72 118 34 205 166 79 342 25 19
internal_value=0.000928086 0.00348635 0.000527517 -0.00225701 -0.00586667 -0.00922545 -0.0140224 -0.0184951 -0.0215003 -0.00927945 -0.0191866 -0.0326746 -0.00866347 0.0184865
internal_weight=151.259 141.538 131.52 124.54 113.562 104.906 90.3358 73.535 67.9899 36.8458 28.2948 31.1442 11.7183 8.55094
internal_count=3318 2814 2742 2697 2242 2195 2123 2005 1971 1399 1214 572 230 185
is_linear=0
shrinkage=0.05


Tree=80
num_leaves=15
num_cat=0
split_feature=0 9 9 14 9 5 0 1 1 13 3 0 2 9
split_gain=4.21136 4.02282 4.47412 4.56688 5.27274 3.83477 3.55307 2.92873 2.83456 3.93449 2.83191 2.72436 1.92682 1.90014
threshold=6.5000000000000009 21.500000000000004 24.500000000000004 191.50000000000003 176.50000000000003 176.50000000000003 9.5000000000000018 5.5000000000000009 2.5000000000000004 169.50000000000003 140.50000000000003 7.5000000000000009 3.5000000000000004 75.500000000000014
decision_type=2 2 2 2 2 2 2 2 2 2 2 2 2 2
left_child=-1 11 6 4 5 7 -3 8 9 10 13 -2 -12 -4
right_child=1 2 3 -5 -6 -7 -8 -9 -10 -11 12 -13 -14 -15
leaf_value=-0.028444067596566477 0.0089803703858270922 0.048808513166155115 -0.015083874861101168 0.028570057211701212 0.020266873660021108 0.021441905072608514 -0.0020297137059828896 0.017747427749389533 -0.022250406807579386 0.015216765663326465 -0.0042987855191890731 -0.0347694729534462 -0.032675887701433898 0.013759713449021556
leaf_weight=6.3356576529331496 2.7531719733960909 4.9287214474752528 4.0190928287338457 9.8529347479343397 18.999143364839256 6.9097772352397433 4.6698374706320465 5.0744241434149435 31.276037407573313 14.683397203683851 12.270453026052566 6.0245157571043819 11.180750347673891 11.248509866883976
leaf_count=1022 30 35 49 72 106 34 255 92 604 85 139 342 168 285
internal_value=0.00097076 0.00317763 0.00561554 0.00246586 -0.000849635 -0.00579276 0.031851 -0.0089103 -0.0114082 -0.003697 -0.0117897 -0.022768 -0.0211929 0.00431881
internal_weight=150.226 143.891 135.113 125.515 115.662 96.6624 9.59856 89.7527 84.6782 53.4022 38.7188 8.77769 23.4512 15.2676
internal_count=3318 2296 1924 1634 1562 1456 290 1422 1330 726 641 372 307 334
is_linear=0
shrinkage=0.05


Tree=81
num_leaves=15
num_cat=0
split_feature=5 0 5 3 14 6 6 3 0 2 8 14 14 12
split_gain=4.07201 3.70351 3.4417 6.16561 4.04519 6.2152 3.89882 3.1855 3.30186 4.96701 2.83143 2.34985 0.999799 0.949756
threshold=21.500000000000004 6.5000000000000009 124.50000000000001 155.50000000000003 181.50000000000003 155.50000000000003 138.50000000000003 128.50000000000003 7.5000000000000009 1.5000000000000002 176.50000000000003 163.50000000000003 176.50000000000003 21.500000000000004
decision_type=2 2 2 2 2 2 2 2 2 2 2 2 2 2
left_child=-1 -2 7 -4 5 6 -5 8 -3 -10 13 -7 -9 -11
right_child=1 2 3 4 -6 11 -8 12 9 10 -12 -13 -14 -15
leaf_value=-0.028577694499792045 -0.026082947670163531 0.018928722615448451 -0.032310429505903848 0.0071683501475401229 -0.017575271452920802 0.0037296509484315583 -0.029529168477685441 0.008361991206274233 0.025168223452913852 0.0025849209639942665 0.014201630642041319 0.030500079809926722 0.037958036569455178 -0.027192390286874552
leaf_weight=5.8811751250177613 5.2540700305253258 17.961896969005466 8.9363192513119412 12.547671331558378 12.46713627874851 14.231904822401701 8.3139467737637442 8.0774815008044261 4.713852850720289 2.1356333000585499 2.6506397426128379 21.082738960161805 9.1386890858411771 15.774604540318249
leaf_count=504 886 122 343 109 69 110 94 127 100 97 14 122 53 568
internal_value=0.00098292 0.00311892 0.00510338 -0.00190587 0.00397731 0.00980596 -0.0103382 0.0135569 0.00500253 -0.00638599 -0.0171283 0.0215121 0.0290793 -0.0238525
internal_weight=149.168 143.287 138.033 77.5797 68.6434 56.1763 20.8616 60.4528 43.2366 25.2747 20.5609 35.3146 17.2162 17.9102
internal_count=3318 2814 1928 847 504 435 203 1081 901 779 679 232 180 665
is_linear=0
shrinkage=0.05


Tree=82
num_leaves=15
num_cat=0
split_feature=5 0 5 3 10 11 9 0 2 13 10 10 5 4
split_gain=3.89448 3.54309 3.30339 5.81203 3.84811 3.25509 3.13208 7.99492 5.03215 2.92344 3.0847 2.00233 3.88984 0.0115837
threshold=21.500000000000004 6.5000000000000009 124.50000000000001 155.50000000000003 148.50000000000003 126.50000000000001 162.50000000000003 8.5000000000000018 1.5000000000000002 163.50000000000003 132.50000000000003 76.500000000000014 109.50000000000001 142.50000000000003
decision_type=2 2 2 2 2 2 2 2 2 2 2 2 2 2
left_child=-1 -2 6 13 9 -6 7 11 -9 10 -5 -3 -13 -4
right_child=1 2 3 4 5 -7 -8 8 -10 -11 -12 12 -14 -15
leaf_value=-0.02820262472656599 -0.025751754398196852 0.03123632093089564 -0.0051912373138565974 -0.013946043469728112 0.010534391479975903 -0.01880988146123258 0.03101049965663032 0.019289099336190829 -0.035357366406901833 0.027639157029447161 0.017054945585147582 -0.011685312057755229 0.023114458618291027 -0.034159513681154469
leaf_weight=5.7317164205014697 5.1231930316425851 11.686937632039188 2.0907308477908355 11.775907119270416 11.033751014620067 20.306421287357807 13.258576703723518 2.2049889862537375 10.325138981919734 15.085399121046065 10.399345693178473 11.599558664020153 11.107780105434356 6.6855198726989329
leaf_count=504 886 79 132 121 83 146 90 85 662 89 65 95 70 211
internal_value=0.00091452 0.00299942 0.00493584 -0.00193337 0.00375969 -0.00845084 0.0132384 0.00571429 -0.0229821 0.0138148 0.00105528 0.0177587 0.00643698 -0.0316473
internal_weight=148.415 142.683 137.56 77.3771 68.6008 31.3402 60.183 46.9244 12.5301 37.2607 22.1753 34.3943 22.7073 8.77625
internal_count=3318 2814 1928 847 504 229 1081 991 747 275 186 244 165 343
is_linear=0
shrinkage=0.05


Tree=83
num_leaves=15
num_cat=0
split_feature=9 14 10 9 6 6 7 5 9 16 11 12 0 0
split_gain=3.7545 3.88975 4.15248 4.96785 4.48231 4.40977 5.3884 4.18812 3.54697 2.83234 4.83278 3.01253 1.86123 1.81853
threshold=21.500000000000004 191.50000000000003 178.50000000000003 24.500000000000004 155.50000000000003 138.50000000000003 171.50000000000003 162.50000000000003 167.50000000000003 179.50000000000003 22.500000000000004 21.500000000000004 7.5000000000000009 9.5000000000000018
decision_type=2 2 2 2 2 2 2 2 2 2 2 2 2 2
left_child=12 2 3 13 5 6 9 -6 -9 10 -5 -12 -1 -2
right_child=1 -3 -4 4 7 -7 -8 8 -10 -11 11 -13 -14 -15
leaf_value=0.0035757832937425593 0.035041408214921556 0.027711179819588091 0.028844195821150137 0.011240864445343517 -0.016305045950278013 -0.037568210355327133 0.022814116951839915 0.02739275134004325 -0.0028828237181058995 0.0033494210386663678 0.0066538787711886305 -0.035070237752996655 -0.034141280703289111 -0.001248426779171072
leaf_weight=3.4548309510573727 6.2422048705629987 9.601803779602049 6.7772292383015147 6.6841316379141054 10.508299182401968 10.197671092115341 8.2715184185653907 17.687854368239641 15.355610080063341 16.496744954027236 3.4404514678753939 22.421390038682148 5.7447923256549984 4.5012688315473497
leaf_count=162 200 72 45 306 147 225 56 109 82 103 123 1091 342 255
internal_value=0.000849196 0.0032546 0.000459488 -0.00219486 -0.00569003 -0.0133818 -0.00640935 0.00638365 0.0147936 -0.0129929 -0.0206193 -0.0293409 -0.0237054 0.0242692
internal_weight=147.386 138.186 128.584 121.807 111.064 67.5119 57.3142 43.5518 33.0435 49.0427 32.546 25.8618 9.19962 10.7435
internal_count=3318 2814 2742 2697 2242 1904 1679 338 191 1623 1520 1214 504 455
is_linear=0
shrinkage=0.05


Tree=84
num_leaves=15
num_cat=0
split_feature=0 9 9 14 9 5 0 1 0 13 16 8 0 10
split_gain=3.69091 3.53092 4.22519 4.0521 4.7598 3.36392 2.93973 2.68101 2.50964 2.47777 3.99944 4.21433 2.95829 2.4058
threshold=6.5000000000000009 21.500000000000004 24.500000000000004 191.50000000000003 176.50000000000003 176.50000000000003 9.5000000000000018 5.5000000000000009 7.5000000000000009 169.50000000000003 168.50000000000003 105.50000000000001 7.5000000000000009 140.50000000000003
decision_type=2 2 2 2 2 2 2 2 2 2 2 2 2 2
left_child=-1 8 6 4 5 7 -3 9 -2 10 12 -12 -4 -13
right_child=1 2 3 -5 -6 -7 -8 -9 -10 -11 11 13 -14 -15
leaf_value=-0.027332638168225801 0.0086414049329877392 0.046275734677092034 0.00571794327053941 0.027091701355445058 0.019230404348455816 0.019881788675173911 -0.0012194506626456588 0.016858583581212238 -0.0336610455102411 0.0020372063797606255 -0.024564319281030308 0.018929346048408707 -0.038511430976655617 -0.0073799784447872137
leaf_weight=5.8215143107809117 2.7239509951323253 4.8388116359710676 3.1383129470050362 9.4485426843166334 18.639181538484991 6.8370268959552041 4.4967376054264605 5.0583173604682079 5.6101748449727893 24.411479225382209 12.412201278842984 12.528631341643633 17.126390874153003 13.26119104400277
leaf_count=1022 30 35 35 72 106 34 255 92 342 164 81 100 832 118
internal_value=0.000872943 0.00294029 0.00523559 0.00214755 -0.000986774 -0.00572735 0.0309522 -0.00868097 -0.021779 -0.0111102 -0.0163277 -0.00533958 -0.0318858 0.00639946
internal_weight=146.352 140.531 132.197 122.861 113.413 94.7736 9.33555 87.9365 8.33413 82.8782 58.4667 38.202 20.2647 25.7898
internal_count=3318 2296 1924 1634 1562 1456 290 1422 372 1330 1166 299 867 218
is_linear=0
shrinkage=0.05


Tree=85
num_leaves=15
num_cat=0
split_feature=5 0 5 3 14 10 16 14 3 0 2 8 15 14
split_gain=3.56601 3.21483 3.23126 5.43217 3.94503 5.59875 5.65037 4.8953 2.90489 2.82588 4.55831 2.47274 0.899716 0.826955
threshold=21.500000000000004 6.5000000000000009 124.50000000000001 155.50000000000003 181.50000000000003 148.50000000000003 171.50000000000003 167.50000000000003 128.50000000000003 7.5000000000000009 1.5000000000000002 176.50000000000003 183.50000000000003 176.50000000000003
decision_type=2 2 2 2 2 2 2 2 2 2 2 2 2 2
left_child=-1 -2 8 -4 5 7 -7 -5 9 -3 -11 12 -12 -10
right_child=1 2 3 4 -6 6 -8 -9 13 10 11 -13 -14 -15
leaf_value=-0.027418157295541198 -0.024937677268383779 0.017635133597483563 -0.031187382019022176 -0.0014157689766565458 -0.017899961927163748 0.013710738644685645 -0.026176765160242695 0.037091974272833395 0.0082887677463626998 0.024177025987400985 -0.026353980079987217 0.013064360424706246 0.0025716102229706959 0.036274007267227584
leaf_weight=5.4090703050605944 4.8181806085631242 17.664941499941051 8.4477521351072919 12.754250083118679 12.307366319000719 13.160302576143296 12.89668760076165 16.675190095789731 7.966691256035122 4.657732447609308 15.029990741750231 2.5646830424666396 2.1401216033846131 8.8686671480536443
leaf_count=504 886 122 343 139 69 112 88 96 127 100 650 14 15 53
internal_value=0.000884374 0.00288628 0.00473271 -0.00209065 0.00342821 0.00924759 -0.00706721 0.0226213 0.0130385 0.00472856 -0.00602825 -0.0166034 -0.0229818 0.0279615
internal_weight=145.362 139.953 135.134 76.2415 67.7938 55.4864 26.057 29.4294 58.8928 42.0575 24.3925 19.7348 17.1701 16.8354
internal_count=3318 2814 1928 847 504 435 200 235 1081 901 779 679 665 180
is_linear=0
shrinkage=0.05


Tree=86
num_leaves=15
num_cat=0
split_feature=5 0 5 3 4 10 7 13 3 6 5 7 10 0
split_gain=3.41825 3.08305 3.08723 5.1629 5.18559 3.73914 2.93154 2.74031 2.71253 2.7449 4.71024 2.50437 2.07287 2.00989
threshold=21.500000000000004 6.5000000000000009 124.50000000000001 171.50000000000003 176.50000000000003 148.50000000000003 167.50000000000003 25.500000000000004 128.50000000000003 112.50000000000001 24.500000000000004 142.50000000000003 79.500000000000014 8.5000000000000018
decision_type=2 2 2 2 2 2 2 2 2 2 2 2 2 2
left_child=-1 -2 8 4 5 6 11 -7 9 10 13 -4 -12 -3
right_child=1 2 3 -5 -6 7 -8 -9 -10 -11 12 -13 -14 -15
leaf_value=-0.027058839908235002 -0.024621907425344109 0.036671817689466805 0.0025290485333293623 0.017331721913906546 0.017751333120773049 0.00065092826965439815 0.016365583843851447 -0.040631243836373537 0.027194966191227729 0.021056207317384973 0.0020411613965361443 -0.027699486580149799 -0.025697629043491144 -0.002017222608449261
leaf_weight=5.2766166555229566 4.7030248828232279 3.1807379275560397 12.163447962375363 19.769894972443581 9.6053698528557998 4.9670394223649081 7.7964732660911968 13.104191480204461 16.741488911211491 11.669482600409536 9.9346061679534632 8.7310504524502885 12.222963939886538 4.8595263680908829
leaf_count=504 886 22 162 105 56 61 67 213 180 139 156 183 306 278
internal_value=0.0008364 0.00279201 0.00459555 -0.00207121 -0.00973409 -0.0165492 -0.00378482 -0.0316025 0.0127382 0.00467286 -0.00375 -0.0130119 -0.0151746 0.0214807
internal_weight=144.726 139.449 134.746 76.1375 56.3676 46.7622 28.691 18.0712 58.6088 41.8673 30.1978 20.8945 22.1576 8.04026
internal_count=3318 2814 1928 847 742 686 412 274 1081 901 762 345 462 300
is_linear=0
shrinkage=0.05


Tree=87
num_leaves=15
num_cat=0
split_feature=0 9 9 14 9 5 0 1 0 1 13 3 14 2
split_gain=3.27753 3.1993 4.04165 3.89804 4.50226 3.14478 2.66702 2.49292 2.38402 2.383 3.30321 2.61598 1.81784 1.77268
threshold=6.5000000000000009 21.500000000000004 24.500000000000004 191.50000000000003 176.50000000000003 176.50000000000003 9.5000000000000018 5.5000000000000009 7.5000000000000009 2.5000000000000004 169.50000000000003 140.50000000000003 177.50000000000003 3.5000000000000004
decision_type=2 2 2 2 2 2 2 2 2 2 2 2 2 2
left_child=-1 8 6 4 5 7 -3 9 -2 10 11 12 -4 -13
right_child=1 2 3 -5 -6 -7 -8 -9 -10 -11 -12 13 -14 -15
leaf_value=-0.026350462489937828 0.0085195033580208069 0.04477254424150693 0.013541289954554288 0.026513790655355793 0.018572449565136963 0.018995591721312783 -0.00096247465583784448 0.015978311067713913 -0.032875638239515753 -0.02122291972962826 0.013679884512797648 -0.0041276372525513279 -0.015007828857817367 -0.031734701128661849
leaf_weight=5.3988669635727993 2.6941954637877625 4.7726129190996271 11.024416022235526 9.2569352909922582 18.394745711237192 6.799196818843483 4.4248201586306095 5.0564838605932882 5.3549714789260179 29.954455258091912 14.319391247816382 11.987175693735482 3.7677148841321459 10.68294042511843
leaf_count=1022 30 35 311 72 106 34 255 92 342 604 85 139 23 168
internal_value=0.000785502 0.0027247 0.00491612 0.00188025 -0.00120215 -0.00583348 0.0301797 -0.00870731 -0.0210646 -0.0110675 -0.00384132 -0.0113608 0.00431519 -0.0205207
internal_weight=143.889 138.49 130.441 121.243 111.987 93.5918 9.19743 86.7926 8.04917 81.7361 51.7816 37.4622 14.7921 22.6701
internal_count=3318 2296 1924 1634 1562 1456 290 1422 372 1330 726 641 334 307
is_linear=0
shrinkage=0.05


Tree=88
num_leaves=14
num_cat=0
split_feature=5 0 5 3 14 10 16 14 9 0 2 10 4
split_gain=3.20729 2.84702 2.84965 5.00689 3.6358 5.17128 5.17583 4.36072 2.63913 6.66611 4.76679 1.39814 0.0412087
threshold=21.500000000000004 6.5000000000000009 124.50000000000001 155.50000000000003 181.50000000000003 148.50000000000003 171.50000000000003 167.50000000000003 162.50000000000003 8.5000000000000018 1.5000000000000002 79.500000000000014 142.50000000000003
decision_type=2 2 2 2 2 2 2 2 2 2 2 2 2
left_child=-1 -2 8 12 5 7 -7 -5 9 11 -11 -3 -4
right_child=1 2 3 4 -6 6 -8 -9 -10 10 -12 -13 -14
leaf_value=-0.02651147049335861 -0.023977859119906655 0.026587364119557033 -0.0045927780295749307 -0.0011619038153889555 -0.017230543050849385 0.013055199777249822 -0.025318840650099095 0.035384152377317284 0.028712296133302329 0.019050255033032402 -0.034312929916573628 0.0055729988563450895 -0.032797549247200207
leaf_weight=5.0677498097065827 4.4759285913314661 13.187887862324713 1.9965665328782032 12.609703152207659 12.234196327626703 13.042615149402993 12.6648484300822 16.640776329673827 12.889882111456243 2.1964608468115321 9.5904842163436097 20.194063649512827 6.178227748721838
leaf_count=504 886 91 132 139 69 112 88 96 90 85 662 153 211
internal_value=0.00079633 0.00269236 0.00442082 -0.00201738 0.00327766 0.00889917 -0.0068942 0.0217597 0.0122756 0.005191 -0.0216566 0.016257 -0.0302663
internal_weight=142.969 137.902 133.426 75.3669 67.1921 54.9579 25.7075 29.2505 58.0588 45.1689 11.7869 33.382 8.17479
internal_count=3318 2814 1928 847 504 435 200 235 1081 991 747 244 343
is_linear=0
shrinkage=0.05


Tree=89
num_leaves=15
num_cat=0
split_feature=9 14 10 9 6 5 15 9 5 3 6 0 0 2
split_gain=3.10276 3.34244 3.61464 4.57937 5.17839 3.97757 3.23877 2.50369 2.2122 4.58173 3.46135 1.6836 1.41272 2.53505
threshold=21.500000000000004 191.50000000000003 172.50000000000003 24.500000000000004 155.50000000000003 162.50000000000003 187.50000000000003 167.50000000000003 124.50000000000001 128.50000000000003 115.50000000000001 7.5000000000000009 9.5000000000000018 1.5000000000000002
decision_type=2 2 2 2 2 2 2 2 2 2 2 2 2 2
left_child=11 2 3 12 6 -6 8 -7 9 10 -5 -1 -2 -14
right_child=1 -3 -4 4 5 7 -8 -9 -10 -11 -12 -13 13 -15
leaf_value=0.003713875746329847 0.032559862474207037 0.025960646611927197 0.02264053749079474 -0.028182785861885551 -0.015619529403160047 0.025549351844206876 0.017031955789462403 -0.00092029668713926825 -0.029672656419400825 0.013108164991325031 0.009337637035100075 -0.032500209319737142 0.02310383598674514 -0.019202545913394896
leaf_weight=3.3283228778745961 5.9784616101533157 9.1119242683052999 10.917295577470211 19.523736797040332 10.125888971379025 17.516529114916924 3.4074217658489934 14.251395509578286 21.044376033823937 12.134452938102184 5.4714445723220697 5.1841315913479775 1.3875191444531081 2.9481137865222991
leaf_count=162 200 72 86 1130 147 109 19 76 427 145 148 342 21 234
internal_value=0.000692401 0.00289636 0.000275341 -0.0027331 -0.00624172 0.00685179 -0.0149948 0.0151645 -0.0180703 -0.00875316 -0.0197821 -0.0222059 0.0230121 -0.000540705
internal_weight=142.331 133.819 124.707 113.789 103.475 41.8938 61.5814 31.7679 58.174 37.1296 24.9952 8.51245 10.3141 4.33563
internal_count=3318 2814 2742 2656 2201 332 1869 185 1850 1423 1278 504 455 255
is_linear=0
shrinkage=0.05


Tree=90
num_leaves=15
num_cat=0
split_feature=5 0 5 3 14 6 6 0 3 13 14 14 10 4
split_gain=3.00362 2.68858 2.68323 4.70055 3.49207 4.64637 3.69143 2.48587 2.74275 3.2655 1.84403 1.78096 1.40965 0.040189
threshold=21.500000000000004 6.5000000000000009 124.50000000000001 155.50000000000003 181.50000000000003 155.50000000000003 138.50000000000003 14.500000000000002 128.50000000000003 124.50000000000001 158.50000000000003 169.50000000000003 71.500000000000014 142.50000000000003
decision_type=2 2 2 2 2 2 2 2 2 2 2 2 2 2
left_child=-1 -2 7 13 5 6 -5 8 9 12 -7 -9 -3 -4
right_child=1 2 3 4 -6 10 -8 11 -10 -11 -12 -13 -14 -15
leaf_value=-0.025958644857702648 -0.023544477376442413 0.027193841781801592 -0.0044329867597301459 0.0079208757360017916 -0.01701940678666914 0.0016733534566781044 -0.028147944846458224 -0.023127207580054321 0.032200347633306578 -0.010044795629510137 0.025887660438321733 0.010558974917015384 0.0032239523537805725 -0.032124011047522778
leaf_weight=4.869443150702863 4.3305239675100884 10.753219475504013 1.9647280350327481 12.082320126006381 12.152786053717135 12.002247654832898 7.9367046426050356 4.1558138472028068 12.896817490458487 13.943325720727442 22.6735346801579 2.9908894142135978 12.560503109823911 5.9845012703444809
leaf_count=504 886 135 132 109 69 88 94 577 79 152 144 27 111 211
internal_value=0.000738922 0.00257587 0.00425961 -0.00200073 0.00311895 0.00864429 -0.00914643 0.0119362 0.0157923 0.00697453 0.0187735 -0.0104862 0.0171297 -0.0296343
internal_weight=141.297 136.428 132.097 74.7968 66.8476 54.6948 20.019 57.3006 50.1539 37.257 34.6758 7.1467 23.3137 7.94923
internal_count=3318 2814 1928 847 504 435 203 1081 477 398 232 604 246 343
is_linear=0
shrinkage=0.05


Tree=91
num_leaves=15
num_cat=0
split_feature=9 14 9 9 15 5 11 12 12 2 0 0 2 13
split_gain=2.93231 3.21188 3.44683 4.60405 3.62915 4.57569 2.86245 3.01815 1.72351 2.48208 1.61474 1.28094 2.46676 1.15084
threshold=21.500000000000004 191.50000000000003 176.50000000000003 24.500000000000004 163.50000000000003 162.50000000000003 22.500000000000004 21.500000000000004 170.50000000000003 3.5000000000000004 7.5000000000000009 9.5000000000000018 1.5000000000000002 21.500000000000004
decision_type=2 2 2 2 2 2 2 2 2 2 2 2 2 2
left_child=10 2 3 11 5 6 13 -8 9 -6 -1 -2 -13 -5
right_child=1 -3 -4 4 8 -7 7 -9 -10 -11 -12 12 -14 -15
leaf_value=0.003630145344812645 0.031398989295592553 0.025469846173413357 0.017739309498370107 -0.011975638465092643 0.021310040233274624 0.0047663918487757329 0.0043523490652203302 -0.035960167981250693 -0.010121921512421432 -0.0047675224072251596 -0.032023878260020275 0.022816418458851646 -0.018961956359208793 0.013787246731563313
leaf_weight=3.298524503130464 5.9440736793912929 8.982532933354376 18.087355086579919 3.2459127551410338 15.173210426233711 18.094319382216781 4.3016214170493212 25.170355331385508 10.922885246574877 13.913951608818023 5.0113804296124727 1.3988089915364978 2.8907382735051215 4.2689488171599805
leaf_count=162 200 72 106 180 106 146 136 1238 82 126 342 21 234 167
internal_value=0.00060696 0.00275786 0.000177416 -0.00350575 -0.00726116 -0.0150684 -0.0241839 -0.0302984 0.00396687 0.00996619 -0.0218242 0.0223195 -0.000390324 0.0023207
internal_weight=140.705 132.395 123.412 105.325 95.0912 55.0812 36.9868 29.472 40.01 29.0872 8.3099 10.2336 4.28955 7.51486
internal_count=3318 2814 2742 2636 2181 1867 1721 1374 314 232 504 455 255 347
is_linear=0
shrinkage=0.05


Tree=92
num_leaves=15
num_cat=0
split_feature=11 10 10 8 0 5 3 15 16 5 5 0 1 16
split_gain=2.90783 3.10041 3.61472 5.67689 4.81765 4.76545 3.19204 2.62813 2.45305 2.10456 2.38167 2.72942 1.33482 1.23883
threshold=172.50000000000003 178.50000000000003 158.50000000000003 177.50000000000003 15.500000000000002 155.50000000000003 85.500000000000014 41.000000000000007 160.50000000000003 25.500000000000004 21.500000000000004 7.5000000000000009 2.5000000000000004 178.50000000000003
decision_type=2 2 2 2 2 2 2 2 2 2 2 2 2 2
left_child=1 2 3 4 6 -4 9 -8 -9 10 -1 -12 13 -10
right_child=-2 -3 5 -5 -6 -7 7 8 12 -11 11 -13 -14 -15
leaf_value=-0.021697896393071129 0.019112134128112201 0.02391572027691128 0.0059936308438994597 0.031103011108788044 -0.029381855689867988 -0.033741843262172805 0.026287481184609218 -0.019790777265819307 0.019548950091309022 -0.032403728093531627 0.028943535353591565 -0.010564005097621364 -0.0047847278362777987 0.00013603972089573391
leaf_weight=3.4592112973332432 13.604641670361159 5.7118283165618768 10.081094021443279 8.2853612629696709 10.409265561494975 14.790815753163768 8.5836393905337882 6.2837530358228824 15.364479809999468 4.9158673370257011 4.2404328179545683 4.6060686795972288 15.686382133979349 13.896688135340808
leaf_count=317 99 41 148 50 985 123 115 505 110 258 185 168 126 88
internal_value=0.000630729 -0.00201172 -0.00414282 0.000566236 -0.00385282 -0.0193288 0.00117723 0.00671854 0.00139392 -0.0152503 -0.00101555 0.0119866 0.00604026 0.0116947
internal_weight=139.92 126.315 120.603 95.7311 87.4458 24.8719 77.0365 59.8149 51.2313 17.2216 12.3057 8.8465 44.9476 29.2612
internal_count=3318 3219 3178 2907 2857 271 1872 944 829 928 670 353 324 198
is_linear=0
shrinkage=0.05


Tree=93
num_leaves=15
num_cat=0
split_feature=0 9 9 14 9 5 1 9 13 16 8 0 0 0
split_gain=2.81426 2.67193 3.63886 3.34611 3.77465 2.72103 2.30411 2.2106 4.63569 2.97315 3.42577 2.10042 2.02724 1.71427
threshold=6.5000000000000009 21.500000000000004 24.500000000000004 191.50000000000003 176.50000000000003 176.50000000000003 5.5000000000000009 168.50000000000003 169.50000000000003 173.50000000000003 105.50000000000001 7.5000000000000009 9.5000000000000018 7.5000000000000009
decision_type=2 2 2 2 2 2 2 2 2 2 2 2 2 2
left_child=-1 11 12 4 5 6 7 8 9 13 -11 -2 -3 -4
right_child=1 2 3 -5 -6 -7 -8 -9 -10 10 -12 -13 -14 -15
leaf_value=-0.025146031058964093 0.007964863978257776 0.041340556141530399 0.0030792293753235046 0.024729155631743813 0.01697839208427945 0.017593428698511687 0.015426873064751529 -0.025511668806211193 0.012671984182100547 -0.018641973777002298 0.012873729550279021 -0.031349728327735159 -0.00011037416552131684 -0.031198846475068789
leaf_weight=4.9233126512262961 2.6518751028925172 4.6372237224131805 3.3595508784055736 8.8008243031799775 17.855159453116357 6.6793547291308633 5.0031239856034508 14.809306456707416 19.446527731604874 10.63780956529081 14.266907499171792 4.8392171750310808 4.2124579472001642 17.086217452771962
leaf_count=1022 30 35 37 72 106 34 92 128 141 72 126 342 255 826
internal_value=0.000603871 0.00241673 0.0044321 0.00151885 -0.00135397 -0.00563505 -0.00834814 -0.0106657 -0.00568821 -0.0140377 -0.00145404 -0.019815 0.0286932 -0.0260681
internal_weight=139.209 134.286 126.794 117.945 109.144 91.2888 84.6094 79.6063 64.797 45.3505 24.9047 7.49109 8.84968 20.4458
internal_count=3318 2296 1924 1634 1562 1456 1422 1330 1202 1061 198 372 290 863
is_linear=0
shrinkage=0.05


Tree=94
num_leaves=15
num_cat=0
split_feature=3 0 3 0 6 11 11 13 0 13 3 5 14 6
split_gain=2.74954 4.91823 3.85492 3.96178 3.42036 3.32819 2.46512 2.72688 2.44009 2.42182 1.84856 1.37469 0.73074 0.272606
threshold=171.50000000000003 14.500000000000002 169.50000000000003 6.5000000000000009 174.50000000000003 165.50000000000003 97.500000000000014 177.50000000000003 11.500000000000002 165.50000000000003 85.500000000000014 24.500000000000004 177.50000000000003 23.500000000000004
decision_type=2 2 2 2 2 2 2 2 2 2 2 2 2 2
left_child=1 2 3 -1 5 13 10 8 9 -8 11 -5 -10 -3
right_child=-2 4 -4 6 -6 -7 7 -9 12 -11 -12 -13 -14 -15
leaf_value=-0.024827999847140854 0.016022370901258829 -0.0048680707073865187 -0.026242578305026361 0.011733820793740074 0.016189133861591803 0.0062346381801924311 0.0019625616737447451 0.018993756773148858 0.015749019231017462 -0.02567977416727529 0.025101262280648004 -0.015450233522717551 -0.0025641256879436404 -0.037426602607492948
leaf_weight=4.8041348613332948 19.167402517050505 2.3702645737212249 5.3817967139184466 5.2980401779059338 2.15684107877314 4.5645430958829811 13.541678490350025 11.827353213913737 9.1363863537553716 12.098847628571091 23.186325059272349 3.4898695168085396 6.8776881564408532 14.497684986796228
leaf_count=1022 105 348 30 166 16 29 149 99 131 124 153 45 61 840
internal_value=0.000610223 -0.00241254 0.0028855 0.00590852 -0.0206411 -0.0267088 0.00891332 0.00186532 -0.00451246 -0.0131429 0.0188558 -0.000749578 0.00914522 -0.0350106
internal_weight=138.399 119.231 95.6421 90.2603 23.5893 21.4325 85.4562 53.482 41.6546 25.6405 31.9742 8.78791 16.0141 16.8679
internal_count=3318 3213 1980 1950 1233 1217 928 564 465 273 364 211 192 1188
is_linear=0
shrinkage=0.05


Tree=95
num_leaves=15
num_cat=0
split_feature=5 11 10 10 8 13 0 12 4 10 8 9 4 14
split_gain=2.65712 2.41137 2.47021 4.3062 5.77768 3.41728 2.96199 2.70747 2.97428 3.68142 3.23563 3.18908 2.75679 2.19446
threshold=21.500000000000004 172.50000000000003 178.50000000000003 148.50000000000003 177.50000000000003 160.50000000000003 15.500000000000002 24.500000000000004 108.50000000000001 70.500000000000014 90.500000000000014 106.50000000000001 165.50000000000003 178.50000000000003
decision_type=2 2 2 2 2 2 2 2 2 2 2 2 2 2
left_child=-1 2 3 4 6 -5 7 -2 9 -9 -10 -12 13 -13
right_child=1 -3 -4 5 -6 -7 -8 8 10 -11 11 12 -14 -15
leaf_value=-0.025016049311036039 0.020165230086964605 0.019290869314963526 0.022910318333931021 0.00070676466191290591 0.03926793644975056 -0.029006124119665844 -0.023289563657872436 0.0058641661206430516 -0.017383467289869184 -0.031954760305800578 0.030361509592997937 -0.027681162947135157 0.015923251699996324 0.0075178741545657794
leaf_weight=4.5336439893580964 12.805391918402163 13.102129667997358 5.5656560258939853 16.845814149593934 5.2542876172810784 17.025023634778336 7.3613581827376029 9.184769019950183 6.7893249616026869 9.5462041306309384 10.256687377812343 5.8041857734788227 9.0270110778510553 4.6143629848957062
leaf_count=504 406 85 41 307 33 152 693 189 94 462 121 147 52 32
internal_value=0.000535177 0.00227868 -0.000274491 -0.00231266 0.00405196 -0.0160383 -0.000692131 0.0031803 -0.00210551 -0.0160819 0.00614196 0.0132493 -0.000140607 -0.0147091
internal_weight=137.716 133.182 120.08 114.514 80.6436 33.8708 75.3893 68.0279 55.2225 18.731 36.4916 29.7022 19.4456 10.4185
internal_count=3318 2814 2729 2688 2229 459 2196 1503 1097 651 446 352 231 179
is_linear=0
shrinkage=0.05


Tree=96
num_leaves=15
num_cat=0
split_feature=9 14 10 9 6 5 15 9 5 6 17 14 0 10
split_gain=2.56436 2.70766 2.99654 3.81117 4.0178 3.33174 2.91687 2.22717 1.96652 3.93066 3.55239 2.01987 1.50454 1.35824
threshold=21.500000000000004 191.50000000000003 172.50000000000003 24.500000000000004 155.50000000000003 162.50000000000003 187.50000000000003 164.50000000000003 124.50000000000001 115.50000000000001 0.29261363636363641 177.50000000000003 7.5000000000000009 79.500000000000014
decision_type=2 2 2 2 2 2 2 2 2 2 2 2 2 2
left_child=12 2 3 -2 6 -6 8 -7 9 10 -5 -11 -1 -12
right_child=1 -3 -4 4 5 7 -8 -9 -10 11 13 -13 -14 -15
leaf_value=0.0036868163104496893 0.021030552019491673 0.02373650813473591 0.020827327928378339 0.0062996625210606453 -0.015052152739448037 0.023956196269626084 0.016523033514255887 -0.00087331182828083052 -0.027949288013408648 0.028262611911541363 -0.003186899042503976 -0.0077516638474890362 -0.030859407212662688 -0.034709604913429178
leaf_weight=3.2462326157838097 10.084902714937924 8.5617752708494645 10.45853779138997 9.3519244675990212 9.7315324447117728 16.013015116564933 3.3580388594418755 15.243622246664016 20.052222468424588 4.9527409258298558 5.6419031701516387 3.5673723518848419 4.6855381492059678 12.050564571283756
leaf_count=162 455 72 86 119 147 98 19 87 427 172 282 19 342 831
internal_value=0.000521576 0.00255505 0.000164471 -0.00261907 -0.00589314 0.00573999 -0.013795 0.0133965 -0.0168375 -0.00789956 -0.0167056 0.0158933 -0.0207619 -0.0275745
internal_weight=137 129.068 120.506 110.048 99.9629 40.9882 58.9748 31.2566 55.6167 35.5645 27.0444 8.52011 7.93177 17.6925
internal_count=3318 2814 2742 2656 2201 332 1869 185 1850 1423 1232 191 504 1113
is_linear=0
shrinkage=0.05


Tree=97
num_leaves=15
num_cat=0
split_feature=3 0 3 0 14 11 13 0 13 3 5 6 0 14
split_gain=2.54621 4.35151 3.65108 3.66639 3.2474 2.25759 2.42155 2.13714 2.24493 1.71912 1.26771 1.00901 0.754293 0.683352
threshold=171.50000000000003 14.500000000000002 169.50000000000003 6.5000000000000009 166.50000000000003 97.500000000000014 177.50000000000003 11.500000000000002 165.50000000000003 85.500000000000014 24.500000000000004 178.50000000000003 7.5000000000000009 177.50000000000003
decision_type=2 2 2 2 2 2 2 2 2 2 2 2 2 2
left_child=1 2 3 -1 11 9 7 8 -7 10 12 -3 -5 -9
right_child=-2 4 -4 5 -6 6 -8 13 -10 -11 -12 -13 -14 -15
leaf_value=-0.024284270129703134 0.015436839413447695 -0.037615881199049656 -0.025792890746819966 0.019703060606387986 8.4070454649593404e-05 0.0020557320969660062 0.017914827901021065 0.014805653419563584 -0.024717734914843737 0.024080619353079716 -0.014973087871230679 0.0031230428599907118 -0.0048545538366707051 -0.0028011647742952669
leaf_weight=4.6104052923619738 18.926346223801374 10.192124628927559 5.3292208313941947 2.7025836771354097 11.815346646588294 13.339575364254417 11.643153107725082 9.1619585049338621 11.801424418110399 22.925699196755886 3.4564257017336786 0.8823362626135357 2.5889039821922779 6.7967969560995689
leaf_count=1022 105 1104 30 27 123 149 99 131 124 153 45 6 139 61
internal_value=0.000537195 -0.00240098 0.00259844 0.00557916 -0.0197807 0.00847687 0.00168332 -0.00435923 -0.0125275 0.0180177 -0.00085068 -0.0344083 0.0111669 0.00842761
internal_weight=136.172 117.246 94.3561 89.0269 22.8898 84.4165 52.7429 41.0998 25.141 31.6736 8.74791 11.0745 5.29149 15.9588
internal_count=3318 3213 1980 1950 1233 928 564 465 273 364 211 1110 166 192
is_linear=0
shrinkage=0.05


Tree=98
num_leaves=15
num_cat=0
split_feature=5 0 12 15 13 11 0 14 14 12 2 14 6 11
split_gain=2.4869 2.1518 2.61797 3.739 1.93255 2.96279 1.9597 1.76504 2.8368 1.70679 3.33259 1.27776 1.1755 1.11508
threshold=21.500000000000004 6.5000000000000009 123.50000000000001 163.50000000000003 102.50000000000001 105.50000000000001 14.500000000000002 179.50000000000003 169.50000000000003 170.50000000000003 3.5000000000000004 172.50000000000003 165.50000000000003 153.50000000000003
decision_type=2 2 2 2 2 2 2 2 2 2 2 2 2 2
left_child=-1 -2 4 13 6 -6 -3 8 -7 10 11 -5 -8 -4
right_child=1 2 3 9 5 7 12 -9 -10 -11 -12 -13 -14 -15
leaf_value=-0.024506469006574362 -0.021905132984747281 0.027249198476759651 -0.024016857909040314 0.030842549391407372 -0.022208553632799954 -0.01108761540262186 -0.01742772766456822 -0.0042253998892592612 0.029302429004355913 -0.0081082736224820182 -0.0052690564845959131 0.0052958156517055504 0.012704583989756883 -0.0026506440208989828
leaf_weight=4.3588677411898962 3.8141162486281237 18.096580115146939 13.582139537436889 11.007033084519209 4.4498199240770218 3.0348577904514995 2.4057487645186479 10.852955581620334 10.362024597823618 13.159425958991049 17.444185390602797 10.648648470640181 1.1499821282923219 11.157536421902476
leaf_count=504 886 208 272 84 128 324 280 81 93 100 148 79 7 124
internal_value=0.000442382 0.00214092 0.00366142 -0.00217129 0.0119713 0.0024987 0.0217028 0.0100538 0.019626 0.00543263 0.0103926 0.0216303 -0.00595302 -0.0164465
internal_weight=135.524 131.165 127.351 76.999 50.352 28.6997 21.6523 24.2498 13.3969 52.2593 39.0999 21.6557 3.55573 24.7397
internal_count=3318 2814 1928 807 1121 626 495 498 417 411 311 163 287 396
is_linear=0
shrinkage=0.05


Tree=99
num_leaves=15
num_cat=0
split_feature=3 0 3 0 6 11 7 15 11 10 6 11 9 6
split_gain=2.39797 4.01809 3.45022 3.36186 3.07009 3.10085 2.05147 3.52854 2.02687 2.40484 1.37293 1.6257 0.871408 0.316608
threshold=171.50000000000003 14.500000000000002 169.50000000000003 6.5000000000000009 174.50000000000003 165.50000000000003 171.50000000000003 144.50000000000003 163.50000000000003 115.50000000000001 22.500000000000004 97.500000000000014 21.500000000000004 23.500000000000004
decision_type=2 2 2 2 2 2 2 2 2 2 2 2 2 2
left_child=1 2 3 -1 5 13 7 10 9 -9 12 -12 -5 -3
right_child=-2 4 -4 6 -6 -7 -8 8 -10 -11 11 -13 -14 -15
leaf_value=-0.023697658427238817 0.01484651468007211 -0.0040560088500653348 -0.025310569503976227 -0.015814806201710021 0.015479951870022657 0.0062613777526892627 0.022595358304958429 -0.010236219112270468 -0.021506391364536526 0.015230128305102364 0.02973211294701052 0.0051822218669967442 0.0083877271671360266 -0.036165879626490836
leaf_weight=4.4052833814639589 18.825421921908855 2.2339983738493236 5.3048082180321208 2.4621788437943897 2.1242127614095798 4.5230381255969396 14.11729666776955 15.826781117357315 9.6777338143438083 11.742473861202596 11.715147466631608 15.677513770991935 2.9834095854312181 13.580283517832866
leaf_count=1022 105 348 30 126 16 29 98 134 87 93 131 154 105 840
internal_value=0.000355198 -0.00250404 0.00229978 0.00521643 -0.0193508 -0.0253257 0.00797266 0.0037187 -0.00648242 0.0012835 0.014617 0.0186503 -0.00488725 -0.0336939
internal_weight=135.2 116.374 93.9126 88.6078 22.4615 20.3373 84.2025 70.0852 37.247 27.5693 32.8382 27.3927 5.44559 15.8143
internal_count=3318 3213 1980 1950 1233 1217 928 830 314 227 516 285 231 1188
is_linear=0
shrinkage=0.05


Tree=100
num_leaves=15
num_cat=0
split_feature=5 11 10 10 8 5 0 12 4 10 8 9 11 8
split_gain=2.33114 2.16597 2.20087 3.94949 4.19779 4.12004 3.71905 2.04215 3.02536 3.413 3.06941 2.81042 1.77461 1.59658
threshold=21.500000000000004 172.50000000000003 178.50000000000003 158.50000000000003 177.50000000000003 155.50000000000003 15.500000000000002 24.500000000000004 108.50000000000001 70.500000000000014 90.500000000000014 106.50000000000001 109.50000000000001 165.50000000000003
decision_type=2 2 2 2 2 2 2 2 2 2 2 2 2 2
left_child=-1 2 3 4 6 -5 7 12 9 -9 -10 -12 -2 -13
right_child=1 -3 -4 5 -6 -7 -8 8 10 -11 11 13 -14 -15
leaf_value=-0.024037715449224083 0.027917399248513355 0.018159603891710546 0.021606466282359297 0.0054997073340746988 0.029172515091079199 -0.03200070930823045 -0.025680021720869806 0.0052963530635202326 -0.017173693182755748 -0.031537072294825316 0.029181184617531955 -0.0091240317343679409 -0.0034950048209456339 0.012763631153899519
leaf_weight=4.2189865005202583 7.6869831448420864 12.885888991877435 5.3658716902136794 9.7520413654856402 7.9077706187963477 14.281518163625149 8.4307686334941518 9.0521311045158672 6.7187908689957103 9.2484006772283447 10.125850134762002 12.901662406511607 5.4153867557179183 10.635404424741862
leaf_count=504 322 85 41 148 50 123 812 189 94 463 121 210 88 68
internal_value=0.000301867 0.00194783 -0.000498262 -0.00243279 0.00269398 -0.0184576 -0.00147485 0.00285503 -0.00154774 -0.016091 0.00608978 0.0123534 0.0175549 0.00126955
internal_weight=134.627 130.408 117.523 112.157 88.1231 24.0336 80.2154 71.7846 58.6822 18.3005 40.3817 33.6629 13.1024 23.5371
internal_count=3318 2814 2729 2688 2417 271 2367 1555 1145 652 493 399 410 278
is_linear=0
shrinkage=0.05


Tree=101
num_leaves=15
num_cat=0
split_feature=9 14 10 9 6 5 4 15 9 13 11 16 8 16
split_gain=2.28309 2.4999 2.70826 3.45816 3.63328 3.04523 2.48981 2.42108 2.09489 1.63954 1.85873 1.77494 2.16314 2.02379
threshold=21.500000000000004 191.50000000000003 172.50000000000003 25.500000000000004 155.50000000000003 162.50000000000003 27.500000000000004 187.50000000000003 164.50000000000003 176.50000000000003 22.500000000000004 179.50000000000003 176.50000000000003 22.500000000000004
decision_type=2 2 2 2 2 2 2 2 2 2 2 2 2 2
left_child=-1 2 3 6 7 -6 -2 9 -7 10 -5 12 13 -12
right_child=1 -3 -4 4 5 8 -8 -9 -10 -11 11 -13 -14 -15
leaf_value=-0.020035334485267235 -0.0013111510168667578 0.022773075797415263 0.019775303622026216 0.00092029409045821383 -0.014928646615442246 0.022621375612170203 0.03647483833012044 0.014561657567370434 -0.0014340280171236874 0.0035466623018893537 0.0063387534463627791 -0.0052891055506260644 0.0061861143107360458 -0.038077775938903255
leaf_weight=7.611171626020222 7.8509672852233034 8.3177025839686376 10.15346903237514 8.4664546807762218 9.5860752970911545 15.868445353582503 3.9512177756987512 3.1021951939910641 14.990538232959805 7.1217201966792336 1.3986451074015409 11.886324174702166 2.1049225479364386 21.599379097227938
leaf_count=504 473 72 86 334 147 98 52 18 87 41 55 83 10 1258
internal_value=0.000297098 0.00223724 -7.56954e-05 -0.00273612 -0.00611745 0.00496546 0.0184288 -0.0139137 0.0123653 -0.0167125 -0.0199235 -0.0242359 -0.0308386 -0.0347269
internal_weight=134.009 126.398 118.08 107.927 96.1247 40.4451 11.8022 55.6796 30.859 52.5774 45.4557 36.9893 25.1029 22.998
internal_count=3318 2814 2742 2656 2131 332 525 1799 185 1781 1740 1406 1323 1313
is_linear=0
shrinkage=0.05


Tree=102
num_leaves=15
num_cat=0
split_feature=5 11 10 10 8 5 0 12 4 10 8 9 11 8
split_gain=2.20875 1.91171 1.98338 3.64334 3.93609 3.8479 3.483 1.89524 2.76662 3.15878 2.98198 2.63101 1.64842 1.45907
threshold=21.500000000000004 172.50000000000003 178.50000000000003 158.50000000000003 177.50000000000003 155.50000000000003 15.500000000000002 24.500000000000004 108.50000000000001 70.500000000000014 90.500000000000014 106.50000000000001 109.50000000000001 165.50000000000003
decision_type=2 2 2 2 2 2 2 2 2 2 2 2 2 2
left_child=-1 2 3 4 6 -5 7 12 9 -9 -10 -12 -2 -13
right_child=1 -3 -4 5 -6 -7 -8 8 10 -11 11 13 -14 -15
leaf_value=-0.023522552608833302 0.026867895100711948 0.017251808851575141 0.020732730337980385 0.0054711483881529493 0.028448568365544963 -0.030859293187370018 -0.025010294590590211 0.0050877582280368407 -0.017053430112820823 -0.030517766843137846 0.028377571043564521 -0.0087202388069456335 -0.0033996750018694521 0.01225488701197916
leaf_weight=4.0677251296583554 7.7845179045107198 12.770984169095753 5.2707462059333912 9.6873493634630012 7.8353115860372773 14.059981572441755 8.1657106813508999 9.0228927838616091 6.6951207851525387 8.9871276721823943 10.073236718541009 12.751927541103216 5.3837911998853087 10.61319982097484
leaf_count=504 322 85 41 148 50 123 812 189 94 463 121 210 88 68
internal_value=0.000374835 0.00197676 -0.000341996 -0.00219227 0.00274486 -0.017665 -0.00132296 0.00285038 -0.001436 -0.0154503 0.00586786 0.0120785 0.0169631 0.00128809
internal_weight=133.17 129.102 116.331 111.06 87.3128 23.7473 79.4775 71.3118 58.1435 18.01 40.1335 33.4384 13.1683 23.3651
internal_count=3318 2814 2729 2688 2417 271 2367 1555 1145 652 493 399 410 278
is_linear=0
shrinkage=0.05


Tree=103
num_leaves=15
num_cat=0
split_feature=3 3 6 6 3 6 8 9 10 3 12 0 5 5
split_gain=2.21394 3.73309 4.50878 4.62095 4.52796 3.6678 2.00348 1.88672 2.92049 2.8764 1.87498 1.67041 1.5872 2.15792
threshold=171.50000000000003 169.50000000000003 174.50000000000003 138.50000000000003 128.50000000000003 112.50000000000001 108.50000000000001 176.50000000000003 79.500000000000014 85.500000000000014 117.50000000000001 7.5000000000000009 25.500000000000004 21.500000000000004
decision_type=2 2 2 2 2 2 2 2 2 2 2 2 2 2
left_child=1 2 3 4 5 7 -6 8 9 11 -5 12 13 -1
right_child=-2 -3 -4 10 6 -7 -8 -9 -10 -11 -12 -13 -14 -15
leaf_value=-0.013015940512865906 0.014379051982617559 -0.029254255380987915 0.032240338042033287 0.00028174839956716783 -0.0019169942032201362 0.015941017799766779 0.027179677793808123 0.015501460064918079 -0.031201872823985184 0.019985211008744432 -0.024565531033673645 -0.022504922546973768 -0.016297035888464317 0.027233708284100683
leaf_weight=1.5761787954252273 18.497375678271055 6.6865536365658036 5.1935550905764094 10.658975676167758 7.1664379690773812 11.097959374077616 17.602837053360417 1.5441790893673886 11.930331711773759 4.9499544044956556 20.457562398165464 9.5350053288275358 1.6044404718559233 4.0771499320399016
leaf_count=157 105 46 32 179 43 279 298 9 815 125 283 726 48 173
internal_value=0.00036491 -0.00241572 0.000482365 -0.00255994 0.00455465 -0.00476421 0.0198532 -0.0124597 -0.0155803 -0.0027776 -0.0171934 -0.0125332 0.00440345 0.0151698
internal_weight=132.578 114.081 107.395 102.201 71.0845 46.3152 24.7693 35.2172 33.6731 21.7427 31.1165 16.7928 7.25777 5.65333
internal_count=3318 3213 3167 3135 2673 2332 341 2053 2044 1229 462 1104 378 330
is_linear=0
shrinkage=0.05


Tree=104
num_leaves=15
num_cat=0
split_feature=9 14 14 5 12 0 3 15 16 5 3 0 9 10
split_gain=2.13306 2.29184 2.58755 2.63342 2.81998 2.57004 2.49905 3.94105 2.41184 2.35843 1.85926 1.42174 1.17655 1.5683
threshold=21.500000000000004 191.50000000000003 185.50000000000003 176.50000000000003 25.500000000000004 14.500000000000002 171.50000000000003 163.50000000000003 185.50000000000003 105.50000000000001 163.50000000000003 7.5000000000000009 174.50000000000003 84.500000000000014
decision_type=2 2 2 2 2 2 2 2 2 2 2 2 2 2
left_child=11 2 3 4 5 -2 7 8 12 -9 -11 -1 13 -6
right_child=1 -3 -4 -5 6 -7 -8 9 -10 10 -12 -13 -14 -15
leaf_value=0.0040845422107372758 0.022827631560518348 0.022060137818873504 -0.022551543382407363 0.023539880992909244 -0.0026664768992558973 -0.01404555161559122 0.012708113137421701 0.018071793533410947 0.0097856830847711518 -0.015596376183753858 0.0091710214544682075 -0.029550487606215606 -0.00035940819516710489 -0.031630262381969525
leaf_weight=3.121435278793796 14.807784504257144 8.1283768452703935 6.5373435560613862 7.9365935530513516 6.8857209552079466 2.5180321764200917 13.105724234133957 12.262597471475599 3.9156942814588538 13.01384461997077 8.7758682454004866 4.2884892981965095 5.33797529246658 21.168397813802585
leaf_count=162 439 72 51 46 288 273 71 100 21 130 69 342 36 1218
internal_value=0.00037123 0.00225739 2.04424e-05 0.00228944 -0.000391997 0.0155233 -0.00434168 -0.00810006 -0.0183388 0.00402932 -0.00577132 -0.0194447 -0.0224818 -0.026
internal_weight=131.804 124.394 116.266 109.728 101.792 17.3258 84.4658 71.3601 37.3078 34.0523 21.7897 7.40992 33.3921 28.0541
internal_count=3318 2814 2742 2691 2645 712 1933 1862 1563 299 199 504 1542 1506
is_linear=0
shrinkage=0.05


Tree=105
num_leaves=15
num_cat=0
split_feature=0 9 9 9 5 3 4 10 13 7 12 0 0 2
split_gain=2.10262 1.9654 2.80442 3.04132 2.73914 3.96046 4.29588 3.0011 2.27344 2.06459 2.80573 1.84258 1.73984 2.29211
threshold=6.5000000000000009 21.500000000000004 24.500000000000004 75.500000000000014 124.50000000000001 171.50000000000003 176.50000000000003 148.50000000000003 25.500000000000004 167.50000000000003 166.50000000000003 7.5000000000000009 9.5000000000000018 1.5000000000000002
decision_type=2 2 2 2 2 2 2 2 2 2 2 2 2 2
left_child=-1 11 12 -4 -5 6 7 9 -9 10 -6 -2 -3 -14
right_child=1 2 3 4 5 -7 -8 8 -10 -11 -12 -13 13 -15
leaf_value=-0.02285569629154191 0.0078975666797856565 0.036830861555083909 -0.020323847498806336 0.014612510216298898 -0.022020301093130541 0.015874609188261772 0.016664643639568912 0.00073006529800335876 -0.03816861304245954 0.013737259699013779 0.011937277460571036 -0.029140066882599697 0.021612575308017298 -0.01869119709203548
leaf_weight=4.1318885899381703 2.5825243329163632 4.5571528617292625 9.7087797212880087 33.519387837615795 12.991160478675743 17.552682142704725 8.8318309537135047 4.6134307323955026 11.629383930820039 7.3228295058943322 5.3496391302905968 4.2040155425202101 1.4339626268483696 2.815072362544015
leaf_count=1022 30 35 208 598 295 101 56 61 213 67 35 342 21 234
internal_value=0.000362151 0.00195332 0.00372134 0.00104188 0.00393537 -0.00194467 -0.00898022 -0.0155852 -0.0295489 -0.00337019 -0.0116802 -0.0176746 0.0249873 -0.000758842
internal_weight=131.244 127.112 120.325 111.519 101.81 68.291 50.7383 41.9064 16.2428 25.6636 18.3408 6.78654 8.80619 4.24903
internal_count=3318 2296 1924 1634 1426 828 727 671 274 397 330 372 290 255
is_linear=0
shrinkage=0.05


Tree=106
num_leaves=15
num_cat=0
split_feature=0 9 9 9 5 3 7 14 2 0 0 2 6 8
split_gain=2.02306 1.87643 2.70906 2.8464 2.50244 3.82665 3.0465 2.69331 3.34963 1.78432 1.63798 2.23111 1.61646 4.00202
threshold=6.5000000000000009 21.500000000000004 24.500000000000004 75.500000000000014 124.50000000000001 155.50000000000003 142.50000000000003 175.50000000000003 3.5000000000000004 7.5000000000000009 9.5000000000000018 1.5000000000000002 108.50000000000001 102.50000000000001
decision_type=2 2 2 2 2 2 2 2 2 2 2 2 2 2
left_child=-1 9 10 -4 12 -6 -7 8 -8 -2 -3 -12 13 -5
right_child=1 2 3 4 5 6 7 -9 -10 -11 11 -13 -14 -15
leaf_value=-0.022570674843128458 0.0077578973953842754 0.036032265103933224 -0.019736367856280215 -0.021800184189065788 -0.02794485713192418 0.020603946670221616 0.019852939888970592 -0.014575509673075238 -0.011190931739009887 -0.028736654957118291 0.021320687899232468 -0.018472159014182747 0.024263800592611909 0.016594495471676626
leaf_weight=4.0403287240769705 2.5874597926158449 4.5365913854911906 9.6482777937781048 5.8057165089994696 6.8392296488163984 12.941451589576898 15.103350448654966 22.07893630489707 11.010956534883006 4.1221532967174426 1.4489856315776704 2.7665496233385056 14.298816800117491 13.420372042688539
leaf_count=1022 30 35 208 77 338 87 138 125 140 342 21 234 221 300
internal_value=0.000321897 0.00188218 0.00361082 0.000975762 0.00377878 -0.00186282 0.00294714 -0.00328531 0.00706855 -0.0173599 0.0245531 -0.000647616 0.0139747 0.00289399
internal_weight=130.649 126.609 119.899 111.147 101.499 67.9739 61.1347 48.1932 26.1143 6.70961 8.75213 4.21554 33.5249 19.2261
internal_count=3318 2296 1924 1634 1426 828 490 403 278 372 290 255 598 377
is_linear=0
shrinkage=0.05


Tree=107
num_leaves=15
num_cat=0
split_feature=0 0 10 9 9 6 2 4 9 9 16 7 11 14
split_gain=1.94508 1.81717 4.29248 4.04765 3.77359 2.45527 3.32615 2.38498 2.31273 2.46529 1.7836 1.36017 1.45218 1.32292
threshold=6.5000000000000009 8.5000000000000018 104.50000000000001 115.50000000000001 153.50000000000003 181.50000000000003 1.5000000000000002 152.50000000000003 163.50000000000003 172.50000000000003 184.50000000000003 171.50000000000003 157.50000000000003 176.50000000000003
decision_type=2 2 2 2 2 2 2 2 2 2 2 2 2 2
left_child=-1 10 5 -4 -5 6 -3 11 -9 -10 13 12 -6 -2
right_child=1 2 3 4 7 -7 -8 8 9 -11 -12 -13 -14 -15
leaf_value=-0.022289963357125228 0.0037181454798423416 0.0076368777952314703 0.029910681348615145 -0.024695029754497368 0.014822799065744014 0.012338963301012586 -0.038687918462697438 0.014449866124393966 -0.023338906211443768 0.0018645843645625833 -0.0052459211810972255 0.029636182387366906 -0.011865374566871548 0.026624458658034079
leaf_weight=3.9518661741167298 13.283712001517417 3.244845154345966 7.1322099467506623 9.100164989824405 5.9577722077956441 1.5601719766855229 10.513968134298919 9.7158049510326219 11.758606193820013 21.454698293935508 10.100957263261078 6.2002456076443186 4.70130430534482 11.48428734205663
leaf_count=1022 141 138 162 394 147 7 701 110 114 144 57 47 40 94
internal_value=0.000270688 0.0017996 -0.00198802 0.00326789 -0.00132788 -0.0224565 -0.0286392 0.00386008 -0.00269479 -0.00894454 0.0107263 0.0173495 0.00302159 0.0170272
internal_weight=130.161 126.209 91.3398 76.0208 68.8886 15.319 13.7588 59.7884 42.9291 33.2133 34.869 16.8593 10.6591 24.768
internal_count=3318 2296 2004 1158 996 846 839 602 368 258 292 234 187 235
is_linear=0
shrinkage=0.05


Tree=108
num_leaves=15
num_cat=0
split_feature=0 9 9 9 5 6 14 4 6 14 14 7 0 0
split_gain=1.8809 1.7598 2.7199 2.63227 2.18545 3.70806 3.62426 3.39849 2.67988 2.52892 4.38046 3.97598 4.70496 1.70824
threshold=6.5000000000000009 21.500000000000004 24.500000000000004 75.500000000000014 145.50000000000003 155.50000000000003 180.50000000000003 164.50000000000003 140.50000000000003 182.50000000000003 177.50000000000003 104.50000000000001 13.500000000000002 7.5000000000000009
decision_type=2 2 2 2 2 2 2 2 2 2 2 2 2 2
left_child=-1 13 -3 -4 9 8 7 -7 -6 10 11 -5 -13 -2
right_child=1 2 3 4 5 6 -8 -9 -10 -11 -12 12 -14 -15
leaf_value=-0.022013541514840182 0.0075667404047787962 0.024567690207261784 -0.019181394842394214 -0.015086616355968056 -0.00028260094503330767 -0.0069537628575459046 -0.015256719794646243 0.023820190319002739 -0.033548867738178424 0.029622909024329493 -0.021617986453371672 0.036532820541180379 -0.011315368138423267 -0.028215030403603354
leaf_weight=3.8663713749265289 2.595158146461471 8.6006668305490148 9.5134411525214073 5.1421699828933987 11.484532981761733 10.803585421876049 10.289535082876681 21.314767898758873 8.0087744672782701 9.0891974773257953 7.5790662355720988 12.697727435734125 4.5127933715702957 3.9982593085151166
leaf_count=1022 30 290 208 100 142 139 62 143 155 78 47 95 465 342
internal_value=0.000282909 0.00178543 0.00346387 0.00082738 0.00352992 -0.00235314 0.0059834 0.0139265 -0.0180085 0.0120698 0.00326242 0.0141082 0.0242636 -0.016942
internal_weight=129.496 125.63 119.036 110.436 100.922 61.9012 42.4079 32.1184 19.4933 39.021 29.9318 22.3527 17.2105 6.59342
internal_count=3318 2296 1924 1634 1426 641 344 282 297 785 707 660 560 372
is_linear=0
shrinkage=0.05


Tree=109
num_leaves=15
num_cat=0
split_feature=5 11 10 8 10 13 7 3 9 14 7 15 0 11
split_gain=1.81777 1.71649 1.81142 4.65055 3.76593 3.27599 2.33172 2.03986 2.6987 2.3862 2.33431 2.02859 2.01685 2.99608
threshold=21.500000000000004 172.50000000000003 148.50000000000003 177.50000000000003 172.50000000000003 160.50000000000003 171.50000000000003 164.50000000000003 94.500000000000014 182.50000000000003 164.50000000000003 168.50000000000003 8.5000000000000018 156.50000000000003
decision_type=2 2 2 2 2 2 2 2 2 2 2 2 2 2
left_child=-1 2 3 6 5 11 7 8 12 10 -10 -4 -2 -14
right_child=1 -3 4 -5 -6 -7 -8 -9 9 -11 -12 -13 13 -15
leaf_value=-0.022060466752317126 0.013163058845237755 0.016199428889862238 -0.013558862456900592 0.035949149384987576 0.014706709649375073 -0.029824583023308506 -0.024405007694126735 0.016708511205584548 -0.029314492296331447 0.0098668309178367372 0.010148240026377472 0.01598238389596927 -0.024356120184052754 0.016748768015236875
leaf_weight=3.6277183161582789 24.005655197426677 12.524317478761075 6.6342229672009143 4.8802545163780442 8.4861814505420607 15.283149279304778 4.1202409709803751 13.647536144591866 13.342651125392878 4.4318325836211434 2.0529700822662553 6.6549204797483981 6.3879890576936287 2.8876475234283134
leaf_count=504 510 85 224 33 78 146 38 91 1048 36 21 52 405 47
internal_value=0.000172699 0.00163778 -0.000597685 0.00380966 -0.00898921 -0.0171692 -0.000626421 0.00243949 -0.00234945 -0.0150264 -0.0228544 0.00155976 0.00617911 -0.0101753
internal_weight=128.967 125.34 112.815 75.7568 37.0585 28.5723 70.8765 66.7563 53.1087 19.8275 15.3956 13.2891 33.2813 9.27564
internal_count=3318 2814 2729 2229 500 422 2196 2158 2067 1105 1069 276 962 452
is_linear=0
shrinkage=0.05


Tree=110
num_leaves=15
num_cat=0
split_feature=0 0 10 9 9 2 5 4 4 11 9 16 7 11
split_gain=1.77121 1.66981 3.94322 3.79444 3.46929 2.28801 3.16197 2.05803 2.25116 3.48206 1.70827 1.66363 1.39896 1.33568
threshold=6.5000000000000009 8.5000000000000018 104.50000000000001 115.50000000000001 153.50000000000003 1.5000000000000002 177.50000000000003 152.50000000000003 176.50000000000003 101.50000000000001 169.50000000000003 184.50000000000003 171.50000000000003 157.50000000000003
decision_type=2 2 2 2 2 2 2 2 2 2 2 2 2 2
left_child=-1 11 5 -4 -5 -3 -7 12 9 -9 -11 -2 13 -6
right_child=1 2 3 4 7 6 -8 8 -10 10 -12 -13 -14 -15
leaf_value=-0.021611761145679483 0.016338171671606384 0.0073926854876776461 0.028829669501662759 -0.024045868200872764 0.013582203036555185 -0.038599073599793705 0.010505167196053534 0.01074926510598289 0.01449656104084017 -0.00063003753112240437 -0.027956260964111121 -0.0052301407299078359 0.028645334763168273 -0.011976652270673351
leaf_weight=3.7455577687360337 24.531626060605049 3.243968211929313 7.109330727485939 8.8783508541528118 5.9643538129748794 9.7161041764775273 1.8979535549879063 11.408380618551744 9.4777156766504032 8.7547832734417188 12.880423569586126 9.9802478551864606 6.0432782582938662 4.667856405954808
leaf_count=1022 235 138 162 394 147 698 10 105 63 115 85 57 47 40
internal_value=0.000173282 0.00163719 -0.00202055 0.00302528 -0.00145778 -0.0218863 -0.029828 0.00353895 -0.00257318 -0.00873098 -0.0190926 0.0102284 0.0161228 0.00211944
internal_weight=128.3 124.554 90.0425 75.1845 68.0751 14.858 11.6141 59.1968 42.5213 33.0436 21.6352 34.5119 16.6755 10.6322
internal_count=3318 2296 2004 1158 996 846 708 602 368 305 200 292 234 187
is_linear=0
shrinkage=0.05


Tree=111
num_leaves=15
num_cat=0
split_feature=3 3 6 0 11 14 9 12 4 10 10 6 6 13
split_gain=1.7662 3.35375 3.9012 4.0291 3.56289 2.37235 2.27709 3.06574 2.36279 2.65709 1.95003 1.3854 1.33543 1.65052
threshold=171.50000000000003 169.50000000000003 174.50000000000003 14.500000000000002 160.50000000000003 193.50000000000003 161.50000000000003 24.500000000000004 108.50000000000001 67.500000000000014 22.500000000000004 21.500000000000004 143.50000000000003 166.50000000000003
decision_type=2 2 2 2 2 2 2 2 2 2 2 2 2 2
left_child=1 2 3 5 -5 6 7 11 9 10 -9 -1 13 -10
right_child=-2 -3 -4 4 -6 -7 -8 8 12 -11 -12 -13 -14 -15
leaf_value=-0.010242228593730045 0.012765525185180407 -0.027999450170733166 0.030209643564959116 -0.032193106993633723 0.009180655591763438 0.025085549903412774 0.012882596760840029 -0.014562425236750326 0.019417025421862067 -0.035074431208586838 0.017117327771508414 0.018638489853046062 -0.011837855489652714 -0.0074995153801779117
leaf_weight=2.0267465861979863 18.115551006048918 6.4988332521170369 5.0236063944175831 12.570442905300299 4.7848207684000945 5.3072476014494887 18.340447999536991 6.2837169513804856 7.8323932597413677 10.544908921699969 3.5463558917399496 11.207376734586431 9.1116205863654596 6.5571231860667467
leaf_count=217 105 46 32 1149 54 50 141 175 237 490 97 387 92 46
internal_value=0.000163171 -0.00238513 0.000448875 -0.00246593 -0.0212843 0.00258339 -0.000460114 -0.00543714 -0.0116174 -0.0221973 -0.0012156 0.0126198 -0.000159897 0.00838051
internal_weight=127.751 109.636 103.137 98.1132 17.3553 80.7579 75.4507 57.1102 43.8761 20.375 9.83007 13.2341 23.5011 14.3895
internal_count=3318 3213 3167 3135 1203 1932 1882 1741 1137 762 272 604 375 283
is_linear=0
shrinkage=0.05


Tree=112
num_leaves=15
num_cat=0
split_feature=0 9 9 9 7 8 9 3 10 13 14 7 4 12
split_gain=1.6998 1.59275 2.59976 2.45291 2.11023 4.15728 4.0843 3.35817 2.47196 2.76751 2.01218 1.8667 5.19902 2.92249
threshold=6.5000000000000009 21.500000000000004 24.500000000000004 75.500000000000014 142.50000000000003 90.500000000000014 153.50000000000003 159.50000000000003 102.50000000000001 177.50000000000003 181.50000000000003 174.50000000000003 168.50000000000003 122.50000000000001
decision_type=2 2 2 2 2 2 2 2 2 2 2 2 2 2
left_child=-1 -2 -3 -4 5 -5 -6 8 -7 -10 11 12 13 -8
right_child=1 2 3 4 6 7 10 -9 9 -11 -12 -13 -14 -15
leaf_value=-0.021293306738051538 -0.016355884878475949 0.023904374269067847 -0.018827259576635776 -0.015673367464177967 -0.026849932920330961 0.021783829143363808 0.017670785216537709 0.042061695140720043 -0.020540193436709001 0.017339432318143774 -0.011423072366051288 -0.0050059583051010057 0.03618511855141867 -0.01415430835843022
leaf_weight=3.6524535281350827 6.4023302700370541 8.5074846046045405 9.310667922603896 6.2092343049589536 8.4414856733055768 7.7272550793131876 7.0150909456424477 7.0082347001880398 8.1356952748028544 3.0567349363118401 12.572328340262173 15.178413426503537 10.733903993619604 13.13163500104565
leaf_count=1022 372 290 208 59 246 99 115 45 382 27 80 108 78 187
internal_value=0.000163716 0.00160292 0.00321531 0.000611965 0.0032521 0.0128318 -0.00190969 0.0210885 0.00615133 -0.00803527 0.00350874 0.00830404 0.0146321 -0.00176264
internal_weight=127.083 123.43 117.028 108.521 99.21 32.1372 67.0729 25.9279 18.9197 11.1924 58.6314 46.059 30.8806 20.1467
internal_count=3318 2296 1924 1634 1426 612 814 553 508 409 568 488 380 302
is_linear=0
shrinkage=0.05


Tree=113
num_leaves=15
num_cat=0
split_feature=5 13 10 12 15 0 13 16 15 12 2 14 14 9
split_gain=1.64514 1.5488 1.97928 2.57659 2.29557 2.12972 2.16777 2.05931 1.90717 1.70649 2.56987 1.55531 1.67207 0.966499
threshold=21.500000000000004 181.50000000000003 178.50000000000003 123.50000000000001 163.50000000000003 6.5000000000000009 102.50000000000001 170.50000000000003 22.500000000000004 170.50000000000003 3.5000000000000004 179.50000000000003 169.50000000000003 99.500000000000014
decision_type=2 2 2 2 2 2 2 2 2 2 2 2 2 2
left_child=-1 2 3 5 13 -2 -7 8 -8 10 -6 12 -10 -5
right_child=1 -3 -4 4 9 6 7 -9 11 -11 -12 -13 -14 -15
leaf_value=-0.021253603893836431 -0.018894960763854073 0.016933408308696038 0.020586424401552075 -0.00010353648326283962 0.016561411950220976 0.019557775539876154 -0.0095444171516299164 -0.018039970548153521 -0.004807999022762491 -0.015210080915803432 -0.0088562435342503937 -0.0033484914934043737 0.03597991932235977 -0.026016062742468555
leaf_weight=3.4137581886025137 2.9953776666661716 9.5464044306427223 5.3338331766426554 4.4634265577187788 15.633505235891791 20.516024530399591 6.6783322987612399 6.6242704028263679 1.9414929386693964 10.497050313279031 14.764444762840865 4.8347895089536905 4.9610910285264254 14.47220682678744
leaf_count=504 878 76 41 79 124 488 153 56 318 87 137 36 46 295
internal_value=0.000171078 0.00156983 -0.000378809 -0.00227291 -0.00889395 0.00595489 0.00929593 -0.000967761 0.00771405 -0.00150409 0.00470878 0.0174515 0.0273071 -0.0212056
internal_weight=126.676 123.262 113.716 108.382 59.8306 48.5514 45.556 25.04 18.4157 40.895 30.3979 11.7374 6.90258 18.9356
internal_count=3318 2814 2738 2697 722 1975 1097 609 553 348 261 400 364 374
is_linear=0
shrinkage=0.05


Tree=114
num_leaves=15
num_cat=0
split_feature=0 0 10 9 9 6 2 4 4 3 11 16 7 11
split_gain=1.58924 1.53228 3.62639 3.44009 3.01332 2.18718 2.98488 2.05458 2.07166 3.33976 3.01879 1.48759 1.27629 1.3006
threshold=6.5000000000000009 8.5000000000000018 104.50000000000001 115.50000000000001 153.50000000000003 181.50000000000003 1.5000000000000002 152.50000000000003 176.50000000000003 171.50000000000003 97.500000000000014 184.50000000000003 171.50000000000003 157.50000000000003
decision_type=2 2 2 2 2 2 2 2 2 2 2 2 2 2
left_child=-1 11 5 -4 -5 6 -3 12 9 10 -9 -2 13 -6
right_child=1 2 3 4 7 -7 -8 8 -10 -11 -12 -13 -14 -15
leaf_value=-0.020797079579194092 0.015565281009911024 0.0070320615001290172 0.027460232107961349 -0.022826420293813102 0.013563925629993066 0.011644977532619701 -0.037281659714972597 0.0050513708190614293 0.01359916592686527 0.011419525943743028 -0.02891663036438661 -0.0049376476373838027 0.027894460839699389 -0.011753845050488829
leaf_weight=3.5096246019238597 24.31135348114185 3.2492728758370495 7.0514539300929746 8.5120566319674236 5.8955769492313284 1.5313959717750538 9.7069737652782333 7.831517934799197 9.3649437930434924 10.218235142529009 14.737288633594288 9.8479082621633989 5.9225994423031798 4.5974243141245097
leaf_count=1022 235 138 162 394 147 7 701 78 63 58 169 57 47 40
internal_value=0.000130237 0.00151884 -0.00201724 0.0028482 -0.00146442 -0.0212562 -0.0273048 0.00319152 -0.00290089 -0.00878963 -0.0183511 0.00977868 0.0158604 0.0022578
internal_weight=126.288 122.778 88.6187 74.1311 67.0796 14.4876 12.9562 58.5676 42.152 32.787 22.5688 34.1593 16.4156 10.493
internal_count=3318 2296 2004 1158 996 846 839 602 368 305 247 292 234 187
is_linear=0
shrinkage=0.05


Tree=115
num_leaves=15
num_cat=0
split_feature=11 4 4 14 4 7 0 11 12 4 10 10 2 10
split_gain=1.55801 1.7024 5.59998 2.28274 2.84772 3.20622 3.01942 2.03306 1.94528 1.53506 2.3099 1.96641 1.50874 2.13048
threshold=172.50000000000003 176.50000000000003 170.50000000000003 193.50000000000003 163.50000000000003 173.50000000000003 9.5000000000000018 22.500000000000004 21.500000000000004 108.50000000000001 102.50000000000001 67.500000000000014 1.5000000000000002 168.50000000000003
decision_type=2 2 2 2 2 2 2 2 2 2 2 2 2 2
left_child=1 2 3 4 5 6 7 -1 -9 11 -11 -10 -8 -14
right_child=-2 -3 -4 -5 -6 -7 12 8 9 10 -12 -13 13 -15
leaf_value=0.01496549155138837 0.014055950639113768 0.012963138753452015 -0.032103932817312462 0.025261154514462581 0.012777389816893385 0.018159729903070309 0.001712855397782694 0.013874476155562494 0.0012179063154177064 0.019198674770509426 -0.014597188332072776 -0.034621797552721253 -0.033084041776926316 0.0040977413530239089
leaf_weight=9.3302744210232031 12.491795521695165 11.808116966392843 10.378038322087376 3.5047627687454215 20.181576875271276 6.6517678783275178 4.7906193131348145 4.0609181078616556 5.2528430910315382 4.2742729459423554 6.1322925369022414 6.4584764675237238 16.872342171962377 3.4407722940668455
leaf_count=313 99 75 77 34 160 59 215 148 218 123 106 423 1237 31
internal_value=0.000133794 -0.00193323 -0.00419709 0.000494243 -0.00181097 -0.00676918 -0.0106803 -0.000703481 -0.00779238 -0.0135952 0.00100954 -0.022992 -0.0223317 -0.0272206
internal_weight=125.629 113.137 101.329 90.9509 87.4462 67.2646 60.6128 35.5091 26.1788 22.1179 10.4066 11.7113 25.1037 20.3131
internal_count=3318 3219 3144 3067 3033 2873 2814 1331 1018 870 229 641 1483 1268
is_linear=0
shrinkage=0.05


Tree=116
num_leaves=15
num_cat=0
split_feature=9 14 9 9 14 2 14 6 10 14 3 4 7 0
split_gain=1.57361 1.89545 2.26177 3.05467 2.63736 2.34871 3.47578 3.095 2.51557 2.35626 3.38322 2.46809 2.25271 2.4601
threshold=21.500000000000004 191.50000000000003 25.500000000000004 75.500000000000014 180.50000000000003 3.5000000000000004 176.50000000000003 169.50000000000003 169.50000000000003 176.50000000000003 166.50000000000003 153.50000000000003 104.50000000000001 17.500000000000004
decision_type=2 2 2 2 2 2 2 2 2 2 2 2 2 2
left_child=-1 2 -2 -4 5 9 7 8 -7 10 11 12 -5 -14
right_child=1 -3 3 4 -6 6 -8 -9 -10 -11 -12 -13 13 -15
leaf_value=-0.017349572902458865 0.01720733361024971 0.020193114420603453 -0.02693546037005673 -0.011289511803674407 -0.014136766065727148 -0.027377022374635129 0.018580060096543748 0.01405890405356105 0.010768847131447733 -0.0050870806612990371 0.036449773149374393 -0.013217614168898452 0.034043149559430157 -0.011026315567409682
leaf_weight=6.7134499911917365 11.091366052511146 7.613023553043603 6.7611246522283173 2.6249106706818628 19.702857388183475 17.68527595314664 6.6734234187752 4.3001024387776843 2.5068526812829068 12.474215975031255 10.099935675039886 8.0151605432620254 7.3137110911775363 1.3730745022185145
leaf_count=504 525 72 247 160 126 783 37 25 26 71 69 136 301 236
internal_value=0.000169999 0.00182833 -0.000254119 -0.00292997 0.000107601 0.00460809 -0.00532475 -0.0138839 -0.0214438 0.0117761 0.0186252 0.00373312 0.0161139 0.0254936
internal_weight=124.948 118.235 110.622 99.5306 92.7695 73.0667 31.1657 24.4922 20.1921 41.901 29.4268 19.3269 11.3117 8.68679
internal_count=3318 2814 2742 2217 1970 1844 871 834 809 973 902 833 697 537
is_linear=0
shrinkage=0.05


Tree=117
num_leaves=15
num_cat=0
split_feature=0 9 9 9 0 2 5 6 14 4 6 14 14 7
split_gain=1.54716 1.43458 2.34155 2.77218 2.40407 2.1493 1.96036 3.34621 2.97066 2.88418 2.47675 2.10428 3.98379 3.59723
threshold=6.5000000000000009 21.500000000000004 25.500000000000004 75.500000000000014 9.5000000000000018 1.5000000000000002 145.50000000000003 155.50000000000003 180.50000000000003 164.50000000000003 140.50000000000003 182.50000000000003 177.50000000000003 104.50000000000001
decision_type=2 2 2 2 2 2 2 2 2 2 2 2 2 2
left_child=-1 -2 4 -4 -3 -6 11 10 9 -9 -8 12 13 -5
right_child=1 2 3 6 5 -7 7 8 -10 -11 -12 -13 -14 -15
leaf_value=-0.020529786240335048 -0.015608018514746283 0.03536997540496261 -0.02176442923417516 -0.014262787918867646 0.018599758718700565 -0.019959862460134824 -0.00024085301738515329 -0.0066597767432871827 -0.013807610400913262 0.022082856539296702 -0.032685555983888483 0.027727542359281244 -0.02070974323089721 0.023671126347584844
leaf_weight=3.4354555633617556 6.2047107316320753 5.2789745894260687 7.5225603631697586 4.9888973243068966 1.6229956508614121 3.1288906903937459 11.132149382960053 10.361149504082279 10.039638333022593 20.681032726773992 7.6529192189918822 8.5932618919759971 7.3640909921377888 16.334627638454549
leaf_count=1022 372 41 147 100 29 281 142 139 62 143 155 78 47 560
internal_value=0.000208624 0.00158977 0.00313318 0.000460867 0.021589 -0.00400593 0.00316297 -0.00247131 0.00558023 0.0128962 -0.0175511 0.011433 0.00316104 0.0137727
internal_weight=124.341 120.906 114.701 104.67 10.0309 4.75189 97.1478 59.8669 41.0818 31.0422 18.7851 37.2809 28.6876 21.3235
internal_count=3318 2296 1924 1573 351 310 1426 641 344 282 297 785 707 660
is_linear=0
shrinkage=0.05


Tree=118
num_leaves=15
num_cat=0
split_feature=11 10 10 8 0 5 3 5 6 11 13 14 3 16
split_gain=1.49301 1.56532 2.93029 3.34674 2.65029 2.55448 2.16281 1.81538 1.90975 1.6369 2.176 2.11151 1.70793 1.63337
threshold=172.50000000000003 178.50000000000003 158.50000000000003 177.50000000000003 15.500000000000002 155.50000000000003 85.500000000000014 25.500000000000004 22.500000000000004 22.500000000000004 152.50000000000003 184.50000000000003 159.50000000000003 187.50000000000003
decision_type=2 2 2 2 2 2 2 2 2 2 2 2 2 2
left_child=1 2 3 4 6 -4 7 8 -1 -8 11 13 -12 -11
right_child=-2 -3 5 -5 -6 -7 9 -9 -10 10 12 -13 -14 -15
leaf_value=-0.013028214918483239 0.013761692594325654 0.017407730465196194 0.0026157644045152507 0.025376702947767477 -0.023694983805741695 -0.028436669820799468 0.019596183282942256 -0.029368166958562016 0.017712214583291166 -0.022942754756080073 -0.0038451410961616739 0.01374138087436268 0.019680608209573069 0.0083841757656879998
leaf_weight=6.4867684338241798 12.439099490176885 4.7521777600049964 9.1194447758607584 7.247275215573608 7.6658960861386722 13.435120929148978 10.824457163456826 4.2991760129807508 4.0251336658839136 13.742836350225849 11.178035994176755 3.2876414172351351 12.806995798833666 2.5540691018104544
leaf_count=491 99 41 148 50 985 123 180 258 179 526 108 29 88 13
internal_value=0.000122498 -0.00192575 -0.00352789 0.00104727 -0.00265618 -0.0176849 0.00111386 -0.0132702 0.000657754 0.00581793 0.000729915 -0.0102826 0.00994464 -0.0172174
internal_weight=123.864 111.425 106.673 84.1183 76.871 22.5546 69.2051 14.8111 10.5119 54.394 43.5696 19.5845 23.985 16.2969
internal_count=3318 3219 3178 2907 2857 271 1872 928 670 944 764 568 196 539
is_linear=0
shrinkage=0.05


Tree=119
num_leaves=15
num_cat=0
split_feature=0 0 10 7 3 9 2 5 4 9 9 16 14 17
split_gain=1.46034 1.47857 3.24533 3.26082 5.48522 3.33206 1.98105 2.85029 1.78187 2.13387 1.9952 1.39006 1.13784 0.972544
threshold=6.5000000000000009 8.5000000000000018 104.50000000000001 142.50000000000003 159.50000000000003 153.50000000000003 1.5000000000000002 177.50000000000003 152.50000000000003 163.50000000000003 172.50000000000003 184.50000000000003 176.50000000000003 0.29261363636363641
decision_type=2 2 2 2 2 2 2 2 2 2 2 2 2 2
left_child=-1 11 6 4 -4 -5 -3 -8 13 -10 -11 12 -2 -7
right_child=1 2 3 5 -6 8 7 -9 9 10 -12 -13 -14 -15
leaf_value=-0.020132889867998133 0.0030388755219528732 0.0066647305388936248 -0.017720583299444651 -0.025374119208566366 0.043133426257379266 0.021853791072363418 -0.03707048004370183 0.010067240269348889 0.013896402894141702 -0.021931739042655985 0.0012280753245650256 -0.0047111487722027376 0.024415467999738111 -0.0010055245543974098
leaf_weight=3.3265036273514843 12.964767334749924 3.2645665766904122 2.3042533998377612 7.432040120358578 5.6768043097108603 9.8502341025741789 8.8093259317101893 1.8394260853528965 9.4094036758178827 11.313070593401791 20.480110964737833 9.6295935064554197 10.817811334505675 6.1600224018329746
leaf_count=1022 141 138 331 227 32 131 698 10 109 110 144 57 94 74
internal_value=0.00014779 0.00149334 -0.002024 0.00261134 0.0255057 -0.0018434 -0.0205137 -0.0283131 0.00300691 -0.00273239 -0.00887345 0.00968104 0.0153145 0.0149123
internal_weight=123.278 119.951 86.5393 72.6259 7.98106 64.6449 13.9133 10.6488 57.2128 41.2026 31.7932 33.4122 23.7826 16.0103
internal_count=3318 2296 2004 1158 363 795 846 708 568 363 254 292 235 205
is_linear=0
shrinkage=0.05


Tree=120
num_leaves=15
num_cat=0
split_feature=5 13 14 6 6 10 10 4 12 4 0 6 6 6
split_gain=1.42 1.31568 1.89808 2.00364 4.51099 3.58669 3.3221 2.38681 1.90744 1.8668 1.88575 1.28841 2.16269 1.63125
threshold=21.500000000000004 181.50000000000003 181.50000000000003 155.50000000000003 142.50000000000003 168.50000000000003 67.500000000000014 163.50000000000003 166.50000000000003 61.500000000000007 7.5000000000000009 94.500000000000014 115.50000000000001 124.50000000000001
decision_type=2 2 2 2 2 2 2 2 2 2 2 2 2 2
left_child=-1 2 3 4 5 6 9 -5 11 10 -2 -8 -13 -14
right_child=1 -3 -4 7 -6 -7 8 -9 -10 -11 -12 12 13 -15
leaf_value=-0.020125660415243465 0.015683822243531528 0.015721882137363332 -0.014175120452174006 -0.0080308990940733734 -0.033200974818778102 0.026987279913333825 0.0053088967180602454 0.018442215286930921 0.0060189699911984348 0.030732968640510588 -0.014912368243904701 -0.032610291065348414 0.014693421106635338 -0.013935546151079992
leaf_weight=3.1258494645589954 4.6660543705802393 9.2931344471871835 15.629684548825024 8.6051800317363796 5.3976817643269888 7.063648310955613 3.381993907736617 24.848323301644996 9.170130998361854 4.0146389827132216 5.5158182084560394 11.530365369864741 3.6984811826841888 6.7639963382389396
leaf_count=504 197 76 122 143 173 63 390 172 75 74 369 594 156 210
internal_value=0.00013109 0.0014471 -0.000385442 0.00248847 -0.00291853 0.00249976 -0.00322967 0.0114738 -0.0112631 0.0141605 -0.000343507 -0.0174713 -0.0213089 -0.00233645
internal_weight=122.705 119.579 110.286 94.6563 61.2028 55.8051 48.7415 33.4535 34.545 14.1965 10.1819 25.3748 21.9928 10.4625
internal_count=3318 2814 2738 2616 2301 2128 2065 315 1425 640 566 1350 960 366
is_linear=0
shrinkage=0.05


Tree=121
num_leaves=15
num_cat=0
split_feature=0 0 10 7 3 9 2 5 4 14 10 8 16 14
split_gain=1.40767 1.46296 3.00299 3.09014 5.14607 3.10126 1.90533 2.73125 1.70603 2.31492 2.88834 1.33878 1.33026 1.04769
threshold=6.5000000000000009 8.5000000000000018 104.50000000000001 142.50000000000003 159.50000000000003 153.50000000000003 1.5000000000000002 177.50000000000003 144.50000000000003 175.50000000000003 159.50000000000003 169.50000000000003 184.50000000000003 176.50000000000003
decision_type=2 2 2 2 2 2 2 2 2 2 2 2 2 2
left_child=-1 12 6 4 -4 -5 -3 -8 -7 10 11 -10 13 -2
right_child=1 2 3 5 -6 8 7 -9 9 -11 -12 -13 -14 -15
leaf_value=-0.01987710303907899 0.0031747472120726345 0.0065575087590511102 -0.017349509766261161 -0.024782344448359046 0.041774952079024485 0.015417294342643757 -0.036566224346598723 0.0098177860078359595 0.00082507843795896817 -0.013446043154066629 -0.010773106511173275 0.029151742874586141 -0.0045286785035944105 0.023899207318182129
leaf_weight=3.257341904914937 12.863526629749687 3.2557536059757686 2.2451836896361774 7.2964421561919144 5.6498834360390902 13.678163641365243 8.4893610645085555 1.8233678936958302 6.7518363116541895 19.724963016808033 9.4316945270402339 7.3461929177865386 9.5782475508749467 10.742892283946274
leaf_count=1022 141 138 331 227 32 159 698 10 115 112 122 60 57 94
internal_value=0.000116312 0.00144432 -0.0020731 0.00238721 0.0247535 -0.00195128 -0.0200408 -0.0278373 0.00273924 -0.00245195 0.00750568 0.0193533 0.00960948 0.0151349
internal_weight=122.135 118.878 85.6928 72.1244 7.89507 64.2293 13.5685 10.3127 56.9329 43.2547 23.5297 14.098 33.1847 23.6064
internal_count=3318 2296 2004 1158 363 795 846 708 568 409 297 175 292 235
is_linear=0
shrinkage=0.05


Tree=122
num_leaves=15
num_cat=0
split_feature=0 12 15 1 2 5 6 13 11 17 4 5 5 5
split_gain=1.3634 1.39908 2.51651 1.69475 2.05519 1.46175 1.48737 1.04375 1.63473 0.998449 1.17188 2.35484 0.900591 1.16213
threshold=6.5000000000000009 123.50000000000001 163.50000000000003 1.5000000000000002 3.5000000000000004 168.50000000000003 22.500000000000004 101.50000000000001 107.50000000000001 0.02556818181818182 175.50000000000003 88.500000000000014 145.50000000000003 112.50000000000001
decision_type=2 2 2 2 2 2 2 2 2 2 2 2 2 2
left_child=-1 5 9 -4 -5 6 -2 -8 -9 -3 11 -11 13 -10
right_child=1 2 3 4 -6 -7 7 8 12 10 -12 -13 -14 -15
leaf_value=-0.019639068765803566 -0.0076353272690696727 0.0033035783415594302 0.01214765789538988 0.0063702764111228678 -0.018477653455991949 -0.0090992752432606482 0.02293357721617318 -0.013225140957351528 0.00034151142379772333 0.0068412329066958712 0.0030392998750753786 -0.032333556730025345 -0.0018382648547154226 0.030381146748684279
leaf_weight=3.1941866301931432 5.8229223666712633 4.4334801323711899 22.959015036001801 14.638210430275651 9.9994155422318709 7.1071708388626567 15.435052671935408 4.4220899322535869 5.2268992594908905 3.0286835668375742 3.5803681411780408 11.329808921087531 6.5045039433753109 3.8938047320116311
leaf_count=1022 495 24 188 133 112 48 351 176 180 70 25 301 93 100
internal_value=0.00011543 0.00142272 -0.00304458 0.00356645 -0.00513041 0.00755977 0.0110992 0.014737 0.00510793 -0.0151917 -0.0194864 -0.0244376 0.0122446 0.0193826
internal_weight=121.576 118.381 69.969 47.5966 24.6376 48.4124 41.3053 35.4824 20.0473 22.3723 17.9389 14.3585 15.6252 9.1207
internal_count=3318 2296 853 433 245 1443 1395 900 549 420 396 371 373 280
is_linear=0
shrinkage=0.05


Tree=123
num_leaves=15
num_cat=0
split_feature=9 9 7 5 4 3 10 0 3 13 4 17 7 15
split_gain=1.32507 1.7219 2.50529 1.83197 2.88233 3.36431 3.48918 1.91871 2.11861 1.75843 1.73021 1.66238 1.53336 1.51452
threshold=21.500000000000004 25.500000000000004 101.50000000000001 145.50000000000003 176.50000000000003 171.50000000000003 148.50000000000003 13.500000000000002 128.50000000000003 164.50000000000003 27.500000000000004 0.34943181818181829 165.50000000000003 171.50000000000003
decision_type=2 2 2 2 2 2 2 2 2 2 2 2 2 2
left_child=-1 10 13 7 5 6 9 8 11 12 -2 -4 -5 -3
right_child=1 2 3 4 -6 -7 -8 -9 -10 -11 -12 -13 -14 -15
leaf_value=-0.016207195932437052 -0.00095373497703667089 -0.0275612530862656 -0.010089039731753449 -0.024049964281231323 0.015270641804121292 0.010675180813307981 -0.031854673164526823 -0.010745463224497598 0.027954551226915422 0.011538802291946136 0.031802985223311146 0.01448472739093184 0.0043075097690132525 0.0054858073457033502
leaf_weight=6.4128737242426714 6.9301655747694877 7.322537975269368 9.0654780552722567 5.7441026667365822 11.714850407559423 12.610546268522738 13.691292783012612 5.0895802560262373 11.970884396694599 9.178984967293216 3.7849505213089287 8.6326996580464748 6.2632942600175738 2.8279108423739672
leaf_count=504 473 492 125 166 78 75 199 490 91 64 52 423 66 20
internal_value=7.50854e-05 0.00162275 -0.000674168 0.00225463 -0.00309071 -0.00864345 -0.0160911 0.0106029 0.0152866 -0.00176695 0.0170542 0.00244772 -0.0123404 -0.0195824
internal_weight=121.24 114.827 104.112 93.9617 59.2031 47.4882 34.8777 34.7586 29.6691 21.1864 10.7151 17.6982 12.0074 10.1504
internal_count=3318 2814 2289 1777 648 570 495 1129 639 296 525 548 232 512
is_linear=0
shrinkage=0.05


Tree=124
num_leaves=15
num_cat=0
split_feature=13 10 13 9 14 6 0 0 13 14 14 16 15 16
split_gain=1.30896 1.8307 1.84831 3.08337 2.96351 2.83771 2.4363 2.75798 1.7767 2.50225 3.02171 1.13016 1.46638 0.927016
threshold=181.50000000000003 174.50000000000003 124.50000000000001 173.50000000000003 181.50000000000003 155.50000000000003 8.5000000000000018 6.5000000000000009 171.50000000000003 174.50000000000003 169.50000000000003 169.50000000000003 25.500000000000004 22.500000000000004
decision_type=2 2 2 2 2 2 2 2 2 2 2 2 2 2
left_child=1 2 3 6 5 8 7 -1 9 10 -4 12 13 -8
right_child=-2 -3 4 -5 -6 -7 11 -9 -10 -11 -12 -13 -14 -15
leaf_value=-0.019065351617957783 0.014309435251312647 0.016595851506162596 -0.018638109098279159 0.025775397103904852 -0.030241839656709998 0.011830049152211527 -0.01363971540925309 0.0153823350564444 0.0022217896165262359 -0.038786147646142882 0.019738602014915615 0.00017720632548709971 -0.030086495654583968 0.011748301979480647
leaf_weight=3.0460845996858579 9.3607081826776248 7.4174503386020652 7.0181105295196229 6.7857544012367716 8.6948428042232973 15.52419017604552 1.3019351183902488 19.238552310271189 12.584191303700207 5.0998927014879873 4.0137139512225986 9.8526387845631671 7.3483509246725589 3.4223443993832916
leaf_count=1011 87 64 404 50 78 147 83 175 112 62 69 117 527 332
internal_value=7.00353e-05 -0.00169053 -0.00369747 0.0029883 -0.00984034 -0.00316697 -0.00277283 0.00804277 -0.0118266 -0.0207183 -0.00287408 -0.0132179 -0.0210001 0.001336
internal_weight=120.709 111.348 103.931 50.9957 52.9349 44.2401 44.2099 22.2846 28.7159 16.1317 11.0318 21.9253 12.0726 4.72428
internal_count=3318 3231 3167 2295 872 794 2245 1186 647 535 473 1059 942 415
is_linear=0
shrinkage=0.05


Tree=125
num_leaves=15
num_cat=0
split_feature=5 14 14 5 12 0 15 3 4 15 15 16 2 2
split_gain=1.26874 1.20562 1.88393 1.89306 2.51396 2.01706 1.70902 1.69178 2.0268 1.88762 2.05169 1.4044 0.720788 0.746427
threshold=21.500000000000004 191.50000000000003 185.50000000000003 176.50000000000003 25.500000000000004 14.500000000000002 187.50000000000003 171.50000000000003 24.500000000000004 163.50000000000003 170.50000000000003 185.50000000000003 2.5000000000000004 1.5000000000000002
decision_type=2 2 2 2 2 2 2 2 2 2 2 2 2 2
left_child=-1 2 3 4 5 12 7 8 -6 11 -11 -10 13 -2
right_child=1 -3 -4 -5 6 -7 -8 -9 9 10 -12 -13 -14 -15
leaf_value=-0.019364146052525788 0.013210602043867798 0.01583386740667966 -0.020011203753909457 0.020208714164941351 0.015081236052856304 -0.012786681819903355 0.016774411790313328 0.0083251555018965511 -0.022915166082039782 0.011895869044853411 -0.011568141948356234 0.0052893595034768847 0.027418951106137186 -0.008374362733516905
leaf_weight=2.943526165559887 3.2618109436007243 7.7141147069632998 6.1079971594735971 7.1559014841914168 3.3295365158701307 2.1887916394043705 3.839301247149705 11.759368762373922 28.600262323627252 10.888332935050132 17.749174391850829 3.1737530194222918 8.4036032609874365 3.1443353475769982
leaf_count=504 77 74 51 46 131 272 28 68 1439 116 152 18 229 113
internal_value=-5.35755e-07 0.00125701 -0.000415011 0.00161044 -0.000699951 0.0143888 -0.00459408 -0.00665509 -0.00982327 -0.0122437 -0.00220469 -0.0197618 0.0206188 0.00358928
internal_weight=120.26 117.316 109.602 103.494 96.3383 16.9985 79.3397 75.5004 63.7411 60.4115 28.6375 31.774 14.8097 6.40615
internal_count=3318 2814 2740 2689 2643 691 1952 1924 1856 1725 268 1457 419 190
is_linear=0
shrinkage=0.05


Tree=126
num_leaves=15
num_cat=0
split_feature=9 9 9 4 13 14 2 14 6 15 14 3 4 7
split_gain=1.25901 1.58892 2.4657 1.67243 1.4615 2.21408 1.99212 3.0908 2.63557 2.29905 2.12354 2.6404 2.19874 1.94688
threshold=21.500000000000004 25.500000000000004 75.500000000000014 27.500000000000004 184.50000000000003 180.50000000000003 3.5000000000000004 176.50000000000003 169.50000000000003 173.50000000000003 176.50000000000003 166.50000000000003 153.50000000000003 104.50000000000001
decision_type=2 2 2 2 2 2 2 2 2 2 2 2 2 2
left_child=-1 3 -3 -2 5 6 10 8 9 -8 11 12 13 -4
right_child=1 2 4 -5 -6 -7 7 -9 -10 -11 -12 -13 -14 -15
leaf_value=-0.015867397540307686 -0.0011677051235815404 -0.021655249026093806 -0.010448428722113184 0.030926931250917944 0.019208471136468626 -0.013240496888373691 -0.027396038118205891 0.017527114690846977 0.012512613021895304 0.007893324462102556 -0.0052233463677395162 0.033330382032880072 -0.012552697574995001 0.024358100515495737
leaf_weight=6.3085865250322959 6.9036613391945121 7.3913564030081025 2.4634932548506248 3.7765323230996728 5.9750770665705195 19.27773673273623 15.637683719862261 6.4840400787070385 4.273706153035163 3.518916640430688 12.140294209122656 9.7975173471495491 7.6171176742063826 8.2959820085670781
leaf_count=504 473 258 160 52 51 136 774 37 25 35 71 69 136 537
internal_value=7.58782e-05 0.00159348 -0.000636111 0.016424 0.00198762 -0.000117406 0.00412547 -0.00517918 -0.0134402 -0.0206216 0.0108394 0.0175049 0.00374324 0.0156022
internal_weight=119.862 113.553 102.873 10.6802 95.4816 89.5065 70.2288 29.9143 23.4303 19.1566 40.3144 28.1741 18.3766 10.7595
internal_count=3318 2814 2289 525 2031 1980 1844 871 834 809 973 902 833 697
is_linear=0
shrinkage=0.05


Tree=127
num_leaves=15
num_cat=0
split_feature=0 12 15 1 2 5 6 15 15 16 13 11 16 4
split_gain=1.25203 1.39434 2.14081 1.61118 1.8408 1.43181 1.38702 1.03493 1.88585 0.937901 1.18476 1.39044 0.848342 0.658525
threshold=6.5000000000000009 123.50000000000001 163.50000000000003 1.5000000000000002 3.5000000000000004 168.50000000000003 22.500000000000004 157.50000000000003 152.50000000000003 24.500000000000004 101.50000000000001 107.50000000000001 23.500000000000004 164.50000000000003
decision_type=2 2 2 2 2 2 2 2 2 2 2 2 2 2
left_child=-1 5 7 -4 -5 6 12 8 13 -8 -11 -12 -2 -3
right_child=1 2 3 4 -6 -7 9 -9 -10 10 11 -13 -14 -15
leaf_value=-0.018984496053322256 0.0098596610643883753 -0.023081496650326268 0.011499978776260031 0.0056240982029472242 -0.018085592826248369 -0.008974476529417524 -0.0029665216929147969 -0.024232531306996766 0.013407419000041408 0.026582576471291565 -0.011443809760792413 0.013124710584859547 -0.014819388352496146 0.00062099517179107816
leaf_weight=3.0257830861955872 1.3021328628528852 3.7557694441056828 22.580616301624104 14.429331470280887 9.8303561997599882 7.0467463536187998 5.0490802219137541 8.5992900589480978 5.4087262992397882 13.466474475106226 4.1260032176505801 12.348550961120052 4.4037417874205858 4.0211551213869825
leaf_count=1022 107 195 188 133 112 48 148 106 77 287 165 300 388 42
internal_value=0.000147777 0.00140686 -0.00310019 0.00305232 -0.00543216 0.00756503 0.0110975 -0.0144292 -0.00313104 0.014612 0.0175766 0.00573975 -0.00721294 -0.0153788
internal_weight=119.394 116.368 68.6252 46.8403 24.2597 47.7427 40.696 21.7849 13.1857 34.9901 29.941 16.4746 5.70587 7.77692
internal_count=3318 2296 853 433 245 1443 1395 420 314 900 752 465 495 237
is_linear=0
shrinkage=0.05


Tree=128
num_leaves=15
num_cat=0
split_feature=13 7 5 6 3 7 13 14 16 6 6 5 4 5
split_gain=1.21378 1.51766 3.44088 2.89568 2.14622 1.87875 1.78764 2.43271 2.12627 1.88343 1.62048 1.47342 1.40619 1.12498
threshold=177.50000000000003 174.50000000000003 162.50000000000003 146.50000000000003 128.50000000000003 166.50000000000003 124.50000000000001 176.50000000000003 188.50000000000003 24.500000000000004 115.50000000000001 24.500000000000004 21.500000000000004 105.50000000000001
decision_type=2 2 2 2 2 2 2 2 2 2 2 2 2 2
left_child=1 2 3 4 6 -4 7 9 -8 12 11 -11 -1 -6
right_child=-2 -3 5 -5 13 -7 8 -9 -10 10 -12 -13 -14 -15
leaf_value=-0.013549323993337373 0.011066825260666234 -0.014121821470763485 0.0017586193864726999 -0.027488452178380418 0.024659258596368708 0.026895088262942974 -0.029821642666225258 0.019845648108964165 0.0086143340662800782 0.0068982717772653997 0.0093484551093153592 -0.030953730423564203 0.015707205767457641 0.0014000421315063286
leaf_weight=1.7476840974995917 15.955933634657411 16.085602123755962 15.851538377348335 7.4166665688389903 4.784534384962174 10.381786122452466 7.8634182282257807 6.1756767444312564 2.4341540476307273 1.2355078730033699 1.5793621602933843 8.1227387776598317 7.0181512860581279 12.484263180173
leaf_count=337 134 131 145 231 71 67 349 55 18 66 179 881 416 238
internal_value=5.51411e-05 -0.0020805 0.00078936 -0.00573422 -0.000621998 0.0144194 -0.00733694 0.000565332 -0.0208901 -0.00827138 -0.0189286 -0.0252944 0.00707149 0.0119341
internal_weight=119.137 103.181 87.0955 60.8622 53.4455 26.2333 36.1767 25.8791 10.2976 19.7034 10.9376 9.35825 8.76584 17.2688
internal_count=3318 3184 3053 2841 2610 212 2301 1934 367 1879 1126 947 753 309
is_linear=0
shrinkage=0.05


Tree=129
num_leaves=15
num_cat=0
split_feature=0 12 15 5 5 8 5 6 15 15 16 16 16 4
split_gain=1.18197 1.30638 1.98541 1.49665 1.70442 2.56465 1.37642 1.28735 0.970107 1.77384 0.848686 1.09807 0.821323 0.639997
threshold=6.5000000000000009 123.50000000000001 163.50000000000003 173.50000000000003 157.50000000000003 108.50000000000001 168.50000000000003 22.500000000000004 157.50000000000003 152.50000000000003 24.500000000000004 176.50000000000003 23.500000000000004 164.50000000000003
decision_type=2 2 2 2 2 2 2 2 2 2 2 2 2 2
left_child=-1 6 8 4 5 -4 7 12 9 13 -9 -12 -2 -3
right_child=1 2 3 -5 -6 -7 -8 10 -10 -11 11 -13 -14 -15
leaf_value=-0.018623702293877189 0.0097567584222188822 -0.022607882232052845 -0.010606604462810141 0.016227974849550287 -0.014955162210082515 0.016786980717934729 -0.0088981377125695593 -0.002703217601906296 -0.02353185690133499 0.013006220934335795 0.022367020878891718 0.0014490589407670361 -0.014516564815871096 0.00069868139731516486
leaf_weight=2.9356807178119189 1.3068525976268563 3.6842479638289678 10.918563168495895 9.9926878139376623 11.566892146132885 14.142800192115827 7.0494562587700775 5.0154771473025894 8.5252812223043275 5.3920567725435831 20.449622779968198 9.2955622458830458 4.3353840751806274 4.0175748690962791
leaf_count=1022 107 195 109 66 99 159 48 148 106 77 677 75 388 42
internal_value=7.10459e-05 0.00129731 -0.00307342 0.00286799 -0.00228817 0.00507322 0.00727655 0.0107678 -0.0140179 -0.00303255 0.0141565 0.0169793 -0.00695185 -0.014961
internal_weight=118.628 115.692 68.2401 46.6209 36.6283 25.0614 47.4524 40.4029 21.6192 13.0939 34.7607 29.7452 5.64224 7.70182
internal_count=3318 2296 853 433 367 268 1443 1395 420 314 900 752 495 237
is_linear=0
shrinkage=0.05


Tree=130
num_leaves=15
num_cat=0
split_feature=9 9 9 4 8 9 4 16 11 9 10 13 0 15
split_gain=1.13801 1.57567 2.32781 1.54526 1.38141 2.8832 3.00899 2.23581 2.94223 2.91296 1.81465 1.65563 1.17314 1.14254
threshold=21.500000000000004 25.500000000000004 75.500000000000014 27.500000000000004 90.500000000000014 106.50000000000001 108.50000000000001 183.50000000000003 172.50000000000003 173.50000000000003 168.50000000000003 178.50000000000003 7.5000000000000009 175.50000000000003
decision_type=2 2 2 2 2 2 2 2 2 2 2 2 2 2
left_child=12 3 -3 -2 -4 6 -6 8 9 10 11 13 -1 -7
right_child=1 2 4 -5 5 7 -8 -9 -10 -11 -12 -13 -14 -15
leaf_value=0.0051376897575274392 -0.00094699583667123572 -0.021303395446268275 -0.01518242461103203 0.030112222077554048 -0.010849576710921932 -0.028325411832183275 0.029446184979851988 0.014217554534648503 0.015651622030306584 0.0053178509162569781 0.0073048939829527433 0.0060673846718061553 -0.025293508271895568 0.003235997291251862
leaf_weight=2.8330579834291703 6.8156593259191123 7.2711748849833375 5.9001628404948852 3.7902093720622361 3.3919257577508679 23.792494551802527 12.220494161825625 13.929044304415582 9.0331855155527574 17.463922303635627 3.7319236309267572 2.8069381453096858 3.3252174183726311 2.1187455011531702
leaf_count=162 473 258 85 52 272 1080 208 105 63 132 47 17 342 22
internal_value=-6.881e-06 0.00144527 -0.00078776 0.0162441 0.00178486 0.00366768 0.0201834 -0.00093922 -0.00535235 -0.0102325 -0.0181941 -0.0220995 -0.0152649 -0.0256387
internal_weight=118.424 112.266 101.66 10.6059 94.3888 88.4887 15.6124 72.8763 58.9472 49.914 32.4501 28.7182 6.15828 25.9112
internal_count=3318 2814 2289 525 2031 1946 480 1466 1361 1298 1166 1119 504 1102
is_linear=0
shrinkage=0.05


Tree=131
num_leaves=15
num_cat=0
split_feature=5 5 3 10 8 8 3 3 7 3 14 16 6 16
split_gain=1.11541 1.07669 1.99733 1.70341 1.84934 2.69624 2.16256 3.35747 4.91562 2.01346 2.54365 1.94961 2.29481 1.33587
threshold=21.500000000000004 24.500000000000004 85.500000000000014 70.500000000000014 90.500000000000014 94.500000000000014 171.50000000000003 168.50000000000003 171.50000000000003 161.50000000000003 182.50000000000003 187.50000000000003 103.50000000000001 26.500000000000004
decision_type=2 2 2 2 2 2 2 2 2 2 2 2 2 2
left_child=-1 -2 -3 -4 -5 -6 7 8 9 10 11 12 -7 -14
right_child=1 2 3 4 5 6 -8 -9 -10 -11 -12 -13 13 -15
leaf_value=-0.018393489231739155 0.015059506630230339 -0.020484547454544262 0.020487872308577331 -0.019160723062065867 0.026978120171136617 0.0020597265561122249 0.013430699555279686 -0.02860526544718895 0.019853813589608565 0.0079847991860887181 0.0068092918876611307 0.0048471647809995647 0.00068231464717944485 -0.038028300489452979
leaf_weight=2.7272806481923899 7.5597712604794642 6.1787260381970546 5.8732602839590973 6.6414775017183265 4.6721219699829808 5.0287610021187055 15.791615098714827 7.3610326033085576 16.628110498655587 10.279670762363819 8.4525611624121648 4.4671993162482968 2.3302690844284397 13.836923025141003
leaf_count=504 457 382 98 110 39 371 100 59 141 113 80 25 77 762
internal_value=2.0695e-05 0.00120459 -0.000395146 0.00173482 -0.000380628 0.00196924 -0.000853656 -0.0048426 -2.69759e-05 -0.00872919 -0.0141423 -0.0210281 -0.0263658 -0.0336055
internal_weight=117.829 115.101 107.542 101.363 95.4897 88.8483 84.1761 68.3845 61.0235 44.3954 34.1157 25.6632 21.196 16.1672
internal_count=3318 2814 2357 1975 1877 1767 1728 1628 1569 1428 1315 1235 1210 839
is_linear=0
shrinkage=0.05


Tree=132
num_leaves=15
num_cat=0
split_feature=0 12 15 12 3 4 8 5 6 15 15 13 11 5
split_gain=1.11457 1.27155 1.77509 1.53865 2.05743 2.0513 2.44491 1.28231 1.1985 0.887901 1.6695 0.86836 1.35238 0.819973
threshold=6.5000000000000009 123.50000000000001 163.50000000000003 170.50000000000003 167.50000000000003 156.50000000000003 105.50000000000001 168.50000000000003 22.500000000000004 157.50000000000003 152.50000000000003 101.50000000000001 107.50000000000001 145.50000000000003
decision_type=2 2 2 2 2 2 2 2 2 2 2 2 2 2
left_child=-1 7 9 4 5 6 -4 8 -2 10 -3 -10 -13 -14
right_child=1 2 3 -5 -6 -7 -8 -9 11 -11 -12 12 13 -15
leaf_value=-0.018253162452645737 -0.0066964417967438246 -0.01457357602230492 -0.0088420784658860274 -0.0104102096003662 0.022526747327956589 -0.015314205938572429 0.02319206638418099 -0.0085375459231394456 0.021272963155993009 -0.022693886502576258 0.012649069685067287 -0.012149465942395337 0.018157442024212867 -0.0021140507012354639
leaf_weight=2.844878318719565 5.5705335430102414 7.5901004291372391 7.3050297601148504 11.791528441477565 9.7224360369145852 9.2866385714150947 7.9287249974440783 7.0135912466794244 15.134216782636939 8.3772387531353143 5.3408317845314741 4.2139744113665101 8.8619931832654384 6.3180528740631408
leaf_count=1022 495 237 73 109 69 93 89 48 351 106 77 176 280 93
internal_value=3.53005e-06 0.00120234 -0.00314012 0.00252964 0.00774414 -0.000939917 0.00944174 0.00711519 0.010496 -0.0135419 -0.00293799 0.0137659 0.00474815 0.011287
internal_weight=117.3 114.455 67.3425 46.0344 34.2428 24.5204 15.2338 47.1124 40.0988 21.3082 12.9309 34.5282 19.394 15.18
internal_count=3318 2296 853 433 324 255 162 1443 1395 420 314 900 549 373
is_linear=0
shrinkage=0.05


Tree=133
num_leaves=15
num_cat=0
split_feature=9 9 7 5 4 3 10 0 10 3 17 4 14 7
split_gain=1.0602 1.44466 2.22819 1.71791 2.6664 2.67123 3.35155 1.79305 1.61643 1.55615 1.5355 1.46979 1.43018 1.2756
threshold=21.500000000000004 25.500000000000004 101.50000000000001 145.50000000000003 176.50000000000003 171.50000000000003 148.50000000000003 17.500000000000004 121.50000000000001 128.50000000000003 0.34943181818181829 27.500000000000004 182.50000000000003 163.50000000000003
decision_type=2 2 2 2 2 2 2 2 2 2 2 2 2 2
left_child=-1 11 12 7 5 6 8 9 -5 10 -4 -2 -3 -9
right_child=1 2 3 4 -6 -7 -8 13 -10 -11 -12 -13 -14 -15
leaf_value=-0.014839717591979513 -0.0011146655309383715 -0.025809363218047984 -0.0092606390905932614 -0.013581516455614154 0.014581933823358918 0.0089334860163529182 -0.030933228928643849 -0.021619928944836418 0.0095885961700035612 0.025644807783015495 0.014594411270536317 0.029058571598382363 0.0070907194200533295 0.010260786711178773
leaf_weight=6.0489517856622106 6.80848406604491 7.704005267005412 8.7334881216520497 8.8302727898117173 11.46655124844983 12.190459586679934 13.243267023877705 2.9268028067890546 11.565717337303793 11.740299997502005 8.5375746907666308 3.7907868847250938 2.0391290318220854 1.4173997342586515
leaf_count=504 473 492 125 134 78 75 199 436 162 126 426 52 20 16
internal_value=-4.1918e-05 0.00136944 -0.000791667 0.00203375 -0.00320456 -0.00865137 -0.0153553 0.0102766 -0.00114168 0.014692 0.0031607 0.0155318 -0.0188542 -0.0112936
internal_weight=117.043 110.994 100.395 90.6518 57.2963 45.8297 33.6393 33.3556 20.396 29.0114 17.2711 10.5993 9.74313 4.3442
internal_count=3318 2814 2289 1777 648 570 495 1129 296 677 551 525 512 452
is_linear=0
shrinkage=0.05


Tree=134
num_leaves=15
num_cat=0
split_feature=14 10 14 5 12 0 15 4 2 1 13 12 7 9
split_gain=1.04577 1.70901 2.12376 1.88279 1.8881 1.81609 1.56701 1.31064 1.21254 1.73293 2.91426 1.55251 1.46238 1.48888
threshold=191.50000000000003 178.50000000000003 185.50000000000003 176.50000000000003 25.500000000000004 14.500000000000002 187.50000000000003 27.500000000000004 1.5000000000000002 2.5000000000000004 169.50000000000003 145.50000000000003 172.50000000000003 75.500000000000014
decision_type=2 2 2 2 2 2 2 2 2 2 2 2 2 2
left_child=1 2 3 4 5 7 8 -1 -6 10 11 12 13 -10
right_child=-2 -3 -4 -5 6 -7 -8 -9 9 -11 -12 -13 -14 -15
leaf_value=-0.0021302786912755982 0.013650066763061181 0.018310776470093403 -0.02476195763725356 0.018106996360258316 0.0057884337541996289 -0.014108375503182835 0.01447498681178523 0.02421855298656328 -0.010784583827324537 -0.020995378503709153 0.017635605216196309 -0.021096398875654163 -0.01588280368013114 0.01589048367119867
leaf_weight=5.9054928183322799 7.5733384490013114 5.017145099118351 5.4319769763387731 6.6078023333102456 9.3458373094908875 2.4067395221209145 3.5790568860247722 9.3889971162425336 3.7713732018601211 22.01278100698255 7.3456686343997708 12.955828386358915 4.978900267276912 10.23036722477991
leaf_count=479 76 45 48 42 251 412 28 166 122 823 62 180 35 549
internal_value=-3.62459e-05 -0.00154444 -0.00329893 -0.000976908 -0.00321211 0.00972423 -0.00671641 0.0160265 -0.00867593 -0.0111516 -0.00388759 -0.0105553 -0.000461648 0.00775836
internal_weight=116.551 108.978 103.961 98.5288 91.921 17.7012 74.2198 15.2945 70.6408 61.2949 39.2821 31.9365 18.9806 14.0017
internal_count=3318 3242 3197 3149 3107 1057 2050 645 2022 1771 948 886 706 671
is_linear=0
shrinkage=0.05


Tree=135
num_leaves=15
num_cat=0
split_feature=13 7 5 6 3 13 14 14 6 7 6 5 4 6
split_gain=1.0021 1.45074 3.18128 2.71218 1.91813 1.67993 2.06602 1.95874 1.76558 1.66122 1.46679 1.36118 1.27494 1.14258
threshold=177.50000000000003 174.50000000000003 162.50000000000003 146.50000000000003 128.50000000000003 124.50000000000001 176.50000000000003 176.50000000000003 24.500000000000004 166.50000000000003 115.50000000000001 24.500000000000004 21.500000000000004 112.50000000000001
decision_type=2 2 2 2 2 2 2 2 2 2 2 2 2 2
left_child=1 2 3 4 5 6 8 13 12 -4 11 -10 -1 -7
right_child=-2 -3 9 -5 -6 7 -8 -9 10 -11 -12 -13 -14 -15
leaf_value=-0.012806073722126511 0.010092288979670468 -0.013807448902284509 0.0019456191328355021 -0.026774151145988717 0.011483512820362255 -0.011106959420185124 0.018644080070113433 -0.033298432301195141 0.0066420030595439458 0.025906558916523631 0.0089518666724467417 -0.029806077457020203 0.015343227833797527 0.016600672986715782
leaf_weight=1.6264312388375453 15.588969727512447 15.795170930214224 15.559609564254062 7.1472038925276129 16.833545576955657 3.0859514799085428 6.0053445990197352 4.8647919967770576 1.2346001896075884 10.135970840230582 1.5355407999595616 7.7468183522578329 6.9804007839411497 1.9945465197088195
leaf_count=337 134 131 145 231 309 251 55 81 66 67 179 881 416 35
internal_value=1.87371e-06 -0.00196656 0.000886515 -0.00550395 -0.000480172 -0.00693838 0.000800781 -0.020219 -0.00750536 0.0140777 -0.0180459 -0.0242123 0.00727278 0.00260938
internal_weight=116.135 100.546 84.7508 59.0552 51.908 35.0744 25.1291 9.94529 19.1238 25.6956 10.517 8.98142 8.60683 5.0805
internal_count=3318 3184 3053 2841 2610 2301 1934 367 1879 212 1126 947 753 286
is_linear=0
shrinkage=0.05


Tree=136
num_leaves=15
num_cat=0
split_feature=14 9 9 7 9 7 9 9 10 9 0 12 8 8
split_gain=0.964193 1.65289 1.97738 3.23939 2.79927 3.24651 1.60137 2.10559 1.82941 1.12086 0.951623 0.883977 0.576611 2.57785
threshold=191.50000000000003 176.50000000000003 168.50000000000003 164.50000000000003 124.50000000000001 128.50000000000003 25.500000000000004 22.500000000000004 115.50000000000001 162.50000000000003 7.5000000000000009 22.500000000000004 92.500000000000014 94.500000000000014
decision_type=2 2 2 2 2 2 2 2 2 2 2 2 2 2
left_child=1 2 3 4 5 6 7 10 11 -6 -1 -8 -13 -14
right_child=-2 -3 -4 -5 9 -7 8 -9 -10 -11 -12 12 13 -15
leaf_value=0.0063351009206780414 0.013177104588256803 0.011854981639286492 -0.017941379139974862 0.017093303462746533 -0.030627005022569077 0.022851380586241182 0.0034493318930131781 0.021957700121557087 0.010073515434422928 -0.00069038576883021939 -0.016292390899056146 -0.029893989483884106 0.016388012818810947 -0.019418531811157033
leaf_weight=4.6032854240620491 7.4605647251009932 14.623108997941015 15.349241836927829 15.372353852144441 7.742837142897768 7.5726896360283709 2.9840430715121391 5.6663784784032023 4.1884913593530646 4.4550748411566019 5.6377484170952812 6.9185655518667799 3.0982213199604294 10.024206509580834
leaf_count=262 76 106 142 160 418 139 174 257 148 73 506 211 28 618
internal_value=-2.5115e-05 -0.00147678 -0.00405481 -0.000417511 -0.00564127 0.000247931 -0.0056835 0.00582246 -0.012269 -0.0230727 -0.00737985 -0.0174054 -0.0205794 -0.00877555
internal_weight=115.697 108.236 93.6131 78.2639 62.8915 50.6936 43.1209 15.9074 27.2135 12.1979 10.241 23.025 20.041 13.1224
internal_count=3318 3242 3136 2994 2834 2343 2204 1025 1179 491 768 1031 857 646
is_linear=0
shrinkage=0.05


Tree=137
num_leaves=15
num_cat=0
split_feature=9 9 9 4 10 8 9 3 14 9 7 13 4 4
split_gain=0.948406 1.32817 2.05317 1.37809 1.28721 2.16727 2.50994 2.23102 3.22494 2.20193 2.06902 1.75557 1.52383 1.27477
threshold=21.500000000000004 25.500000000000004 75.500000000000014 27.500000000000004 148.50000000000003 177.50000000000003 168.50000000000003 164.50000000000003 182.50000000000003 94.500000000000014 171.50000000000003 167.50000000000003 163.50000000000003 169.50000000000003
decision_type=2 2 2 2 2 2 2 2 2 2 2 2 2 2
left_child=-1 3 -3 -2 5 6 7 8 9 -4 11 12 -6 -11
right_child=1 2 4 -5 10 -7 -8 -9 -10 13 -12 -13 -14 -15
leaf_value=-0.01408125597059837 -0.0011758488707389401 -0.020297515344810637 0.0062425501141793373 0.028010370174575173 -0.011179756588728043 0.028282514510350656 -0.022103450090477698 0.020404384558603408 0.021229964495804436 -0.025138236520501053 0.0064175309201817896 -0.024658762755754255 0.016149702317130837 0.0074324056433169305
leaf_weight=5.927863360499031 6.7835546382702869 6.9408141048043026 9.5052919926820376 3.785254776943475 6.609649561345579 4.6596997603774062 4.208870528265833 12.895042285323141 6.1609881054610005 12.272039867471902 19.396873991936445 10.655408705584703 4.1172107823658735 1.3044848665595044
leaf_count=504 473 258 179 52 258 35 44 92 63 1064 150 85 54 7
internal_value=-9.11722e-06 0.00133673 -0.000765867 0.0149159 0.00168339 0.00669488 0.00198174 0.00647682 -0.00174734 -0.0105684 -0.00463154 -0.0139713 0.00110939 -0.0208506
internal_weight=115.223 109.295 98.7264 10.5688 91.7856 51.0064 46.3467 42.1378 29.2428 23.0818 40.7791 21.3823 10.7269 13.5765
internal_count=3318 2814 2289 525 2031 1484 1449 1405 1313 1250 547 397 312 1071
is_linear=0
shrinkage=0.05


Tree=138
num_leaves=15
num_cat=0
split_feature=13 14 6 6 10 0 8 10 8 2 14 4 16 11
split_gain=0.920078 1.64751 2.01673 3.62289 3.31973 1.8609 2.75659 3.3854 2.28753 1.92319 1.80657 1.68845 0.948362 0.864984
threshold=181.50000000000003 181.50000000000003 155.50000000000003 142.50000000000003 168.50000000000003 10.500000000000002 108.50000000000001 67.500000000000014 20.500000000000004 2.5000000000000004 169.50000000000003 164.50000000000003 191.50000000000003 22.500000000000004
decision_type=2 2 2 2 2 2 2 2 2 2 2 2 2 2
left_child=1 2 3 4 5 6 7 8 -1 -10 12 -4 -7 -9
right_child=-2 -3 11 -5 -6 10 -8 13 9 -11 -12 -13 -14 -15
leaf_value=-0.0151435895494844 0.012151299775605369 -0.014503386779925851 -0.0046934110486944675 -0.03189106615954336 0.024905448731449582 -0.028994892848636086 0.027660680438162728 0.0037976131049209357 -0.0059442452689144609 0.031191720566944799 0.0027800780714186115 0.017469982886798165 0.0049345727972136206 -0.021918053558991363
leaf_weight=1.8715986558236242 8.8929418157786113 15.00176931126043 10.152473756810652 4.9187933505163519 6.7131704094354054 9.3017982934252359 3.7570735933259121 2.4086799756623796 2.9793986006407049 6.816120560397394 7.6585599731188259 21.251903953962028 0.88128532469272691 12.15004813717678
leaf_count=73 87 139 159 173 63 1080 280 103 170 267 118 156 9 441
internal_value=2.2561e-05 -0.00149839 0.00129331 -0.00408842 0.000886753 -0.00452302 0.00318839 -0.00418523 0.013024 0.0217048 -0.0153433 0.0106444 -0.0254005 -0.0177803
internal_weight=114.756 105.863 90.8609 59.4565 54.5377 47.8246 29.9829 26.2258 11.6671 9.79552 17.8416 31.4044 10.1831 14.5587
internal_count=3318 3231 3092 2777 2604 2541 1334 1054 510 437 1207 315 1089 544
is_linear=0
shrinkage=0.05


Tree=139
num_leaves=15
num_cat=0
split_feature=0 0 10 7 3 9 2 5 5 9 10 16 14 11
split_gain=1.05129 1.30663 2.53438 2.64616 3.94572 2.48518 1.74845 2.3722 1.64004 1.75095 1.99508 1.24862 0.693299 0.249604
threshold=6.5000000000000009 8.5000000000000018 104.50000000000001 142.50000000000003 159.50000000000003 153.50000000000003 1.5000000000000002 177.50000000000003 145.50000000000003 163.50000000000003 158.50000000000003 184.50000000000003 176.50000000000003 158.50000000000003
decision_type=2 2 2 2 2 2 2 2 2 2 2 2 2 2
left_child=-1 11 6 4 -4 -5 -3 -8 13 -10 -11 12 -2 -7
right_child=1 2 3 5 -6 8 7 -9 9 10 -12 -13 -14 -15
leaf_value=-0.017820256229703693 0.0038800264213212608 0.0064189247637912936 -0.01549895730510556 -0.023138507629190969 0.037621030452605404 0.01853525434411386 -0.035264162936020825 0.0090298738486464594 0.011778606203595035 0.003566353934594862 -0.019672187794750426 -0.0048249284360795614 0.022031829933296682 0.0034658010542676409
leaf_weight=2.7413487349404013 12.140023774700245 3.1526485547656184 1.9295199189800758 6.6153433836298055 5.4722967091947794 7.7232773100258765 7.7648867925745417 1.7047601714730261 9.3161338879726809 14.950038113573102 14.692567918216808 8.9487534835934621 10.016251582652329 7.0962754895444959
leaf_count=1022 141 138 331 227 32 124 698 10 123 140 122 57 94 59
internal_value=2.31599e-05 0.00120762 -0.00221643 0.00203235 0.0231078 -0.00211996 -0.0191387 -0.0269253 0.00221391 -0.00335821 -0.00912885 0.00914104 0.0146316 0.0140141
internal_weight=114.264 111.523 80.4177 67.7955 7.40182 60.3936 12.6223 9.46965 53.7783 38.9587 29.6426 31.105 22.1563 14.8196
internal_count=3318 2296 2004 1158 363 795 846 708 568 385 262 292 235 183
is_linear=0
shrinkage=0.05


Tree=140
num_leaves=15
num_cat=0
split_feature=9 9 8 8 3 3 7 14 4 16 12 0 4 0
split_gain=0.899461 1.31086 1.93544 1.68809 1.6038 3.97952 3.79906 1.83281 2.89919 1.86685 2.42235 1.35013 1.23298 1.09255
threshold=21.500000000000004 25.500000000000004 90.500000000000014 95.500000000000014 171.50000000000003 168.50000000000003 171.50000000000003 191.50000000000003 165.50000000000003 27.500000000000004 160.50000000000003 7.5000000000000009 27.500000000000004 7.5000000000000009
decision_type=2 2 2 2 2 2 2 2 2 2 2 2 2 2
left_child=13 12 11 -4 5 6 7 8 9 -5 -11 -3 -2 -1
right_child=1 2 3 4 -6 -7 -8 -9 -10 10 -12 -13 -14 -15
leaf_value=0.0054602403686416943 -0.00076378935718918054 0.0062158033759891146 0.01972385901507661 0.0071584780518212533 0.011822498832561229 -0.030721002976930051 0.018501549507039482 0.015673614208204185 0.013831314573496029 -0.029049621727266411 8.2590790036985153e-05 -0.025670255703491254 0.027256465123165971 -0.023743385510655947
leaf_weight=2.7811042006360358 6.6461153005948272 2.3520027475897205 6.6002342043793751 4.914225681917741 15.300215320661662 6.7461791960522524 16.41654929658398 3.4671611152589312 6.2574309783522031 18.755107667471751 10.158809806336647 6.6290261312387884 3.744170110207051 3.0626480643404648
leaf_count=162 473 152 80 176 100 57 143 43 80 1184 124 150 52 342
internal_value=2.03498e-05 0.00133967 -0.000760977 0.00186664 -0.000621197 -0.00410027 0.0010282 -0.00678516 -0.0102505 -0.0159125 -0.020311 -0.0180832 0.0149081 -0.0137358
internal_weight=113.831 107.987 97.5969 88.6159 82.0157 66.7155 59.9693 43.5527 40.0856 33.8281 28.9139 8.98103 10.3903 5.84375
internal_count=3318 2814 2289 1987 1907 1807 1750 1607 1564 1484 1308 302 525 504
is_linear=0
shrinkage=0.05


Tree=141
num_leaves=15
num_cat=0
split_feature=13 11 0 10 10 13 16 14 14 14 16 5 6 3
split_gain=0.896373 1.46647 2.3313 1.49287 2.1879 2.71717 1.68499 3.33445 3.36086 2.32253 3.10868 1.60616 1.58595 1.10816
threshold=20.500000000000004 22.500000000000004 14.500000000000002 176.50000000000003 169.50000000000003 184.50000000000003 171.50000000000003 169.50000000000003 181.50000000000003 174.50000000000003 183.50000000000003 156.50000000000003 164.50000000000003 89.500000000000014
decision_type=2 2 2 2 2 2 2 2 2 2 2 2 2 2
left_child=-1 2 13 4 5 6 7 12 11 10 -8 -9 -3 -2
right_child=1 3 -4 -5 -6 -7 9 8 -10 -11 -12 -13 -14 -15
leaf_value=-0.014753617496380537 -0.0024938666967845124 -0.023036750843304237 -0.012309175759348345 0.015890443005370427 -0.026209332467550996 0.024562382596792911 -0.013643158494853131 0.0037473451249473788 -0.010083586205081627 -0.021321305364720898 0.019137516153918135 0.033310138427814384 0.009417074594652906 0.025256602883376861
leaf_weight=4.4446225096471599 3.503871678956787 8.595793421729466 3.9298420191043979 5.9883708299603304 4.6142705446109167 4.4230301431380203 10.724857045104729 8.8702693429077097 8.1856719022616726 18.295278974343091 8.4325909605249745 9.3002878520637733 2.0783635191619387 11.934224524535237
leaf_count=131 211 1730 237 49 43 48 152 159 78 152 68 58 24 178
internal_value=5.04691e-05 0.00127606 0.0121707 -0.00160049 -0.0036813 -0.000880591 -0.00384156 0.0035407 0.0126087 -0.0106979 0.00176052 0.0228014 -0.0157294 0.019889
internal_weight=113.321 108.877 19.3679 89.5088 83.5204 78.9061 74.4831 37.0304 26.3562 37.4527 19.1574 18.1706 10.6742 15.4381
internal_count=3318 3187 626 2561 2512 2469 2421 2049 295 372 220 217 1754 389
is_linear=0
shrinkage=0.05


Tree=142
num_leaves=15
num_cat=0
split_feature=13 11 0 10 10 13 16 14 14 16 6 5 9 3
split_gain=0.858334 1.34171 2.19836 1.4085 2.11133 2.58826 1.56419 3.12395 3.15017 2.16686 1.5285 1.50953 1.22184 1.03854
threshold=20.500000000000004 22.500000000000004 14.500000000000002 176.50000000000003 169.50000000000003 184.50000000000003 171.50000000000003 169.50000000000003 181.50000000000003 183.50000000000003 164.50000000000003 156.50000000000003 99.500000000000014 89.500000000000014
decision_type=2 2 2 2 2 2 2 2 2 2 2 2 2 2
left_child=-1 2 13 4 5 6 7 10 11 12 -3 -9 -8 -2
right_child=1 3 -4 -5 -6 -7 9 8 -10 -11 -12 -13 -14 -15
leaf_value=-0.014438550803238566 -0.002443456134774914 -0.02260052857737456 -0.012066706187840472 0.015520501500440879 -0.025710093552062253 0.02412162527518992 -0.00077354866727554969 0.0036241156838578365 -0.009778350704255534 0.0039528624234666234 0.0092784206116678508 0.032268787394701591 -0.025060415263126492 0.024401624836770209
leaf_weight=4.4241579730878575 3.5005883928388384 8.4245043609407713 3.9093616935424498 5.9448446568567297 4.5669720293954006 4.3713359478861085 7.4138859692029682 8.8829713518498519 8.175471590831874 14.805239094421266 2.0786615693941703 9.2822115123271924 15.116415157215668 11.910554787493309
leaf_count=131 211 1730 237 49 43 48 88 159 78 114 24 58 170 178
internal_value=6.31162e-05 0.00126568 0.0116925 -0.00149752 -0.00352631 -0.000775129 -0.00367286 0.00345634 0.0121998 -0.0102855 -0.0153338 0.0220669 -0.0186605 0.019199
internal_weight=112.807 108.383 19.3205 89.0625 83.1177 78.5507 74.1794 36.8438 26.3407 37.3355 10.5032 18.1652 22.5303 15.4111
internal_count=3318 3187 626 2561 2512 2469 2421 2049 295 372 1754 217 258 389
is_linear=0
shrinkage=0.05


Tree=143
num_leaves=15
num_cat=0
split_feature=4 4 7 10 4 14 7 12 4 4 4 7 9 4
split_gain=0.839716 3.16371 1.9418 3.33753 2.14682 2.45521 1.53982 1.45249 1.09906 1.16394 1.09877 1.47772 0.982107 2.23989
threshold=170.50000000000003 176.50000000000003 171.50000000000003 142.50000000000003 165.50000000000003 193.50000000000003 168.50000000000003 24.500000000000004 136.50000000000003 163.50000000000003 27.500000000000004 24.500000000000004 106.50000000000001 108.50000000000001
decision_type=2 2 2 2 2 2 2 2 2 2 2 2 2 2
left_child=2 -2 3 4 5 7 8 10 -5 -10 11 -1 13 -9
right_child=1 -3 -4 6 -6 -7 -8 12 9 -11 -12 -13 -14 -15
leaf_value=-0.015318584608460578 -0.022851832929334334 0.0088722216846914264 0.015984702941459789 0.0085370863600345848 0.02421064750840821 0.025816427545358213 -0.031515773461119188 -0.012791690681629839 -0.022455569272856753 0.0065164815460924067 0.019128301824050006 0.015610784314342457 -0.019451891909154199 0.012923345720761412
leaf_weight=4.9532841671025363 10.690712146228181 11.762326115742324 15.358872838551177 5.8884631089749764 6.6657542125321916 3.1244555711746207 5.6464634329313403 15.273641730367673 4.5810746269999072 2.6192341807764024 5.537562727346085 1.5043262539547866 9.049479609646367 9.6476317985798214
leaf_count=644 87 82 132 129 54 40 43 683 205 37 174 123 649 236
internal_value=5.96801e-05 -0.00764369 0.00228616 -0.00136603 0.00492932 0.000315228 -0.0171927 -0.00378083 -0.00401034 -0.0135651 0.00886329 -0.00444531 -0.00880986 -0.00234073
internal_weight=112.303 22.453 89.8502 74.4914 55.7561 49.0904 18.7352 45.9659 13.0888 7.20031 11.9952 6.45761 33.9708 24.9213
internal_count=3318 169 3149 3017 2603 2549 414 2509 371 242 941 767 1568 919
is_linear=0
shrinkage=0.05


Tree=144
num_leaves=15
num_cat=0
split_feature=13 11 0 10 13 10 7 14 16 12 5 9 16 14
split_gain=0.81664 1.22686 2.06627 1.35047 1.99719 1.7306 2.76027 3.86478 1.92719 1.85119 1.71175 1.72032 1.02968 0.939517
threshold=20.500000000000004 22.500000000000004 14.500000000000002 176.50000000000003 181.50000000000003 148.50000000000003 128.50000000000003 180.50000000000003 160.50000000000003 22.500000000000004 155.50000000000003 163.50000000000003 196.00000000000003 191.50000000000003
decision_type=2 2 2 2 2 2 2 2 2 2 2 2 2 2
left_child=-1 2 -2 4 5 6 9 8 -8 -3 11 -7 13 -11
right_child=1 3 -4 -5 -6 10 7 -9 -10 12 -12 -13 -14 -15
leaf_value=-0.014087924140715483 0.018535257602786598 0.0082694445560880358 -0.01180901704613864 0.01527790362123695 0.015381437083187181 -0.015829522790622327 -0.0039133958425139909 -0.015419814239537227 0.030009319228658227 -0.022015749763184198 -0.025116712796324284 0.015056489087958836 0.0055415157260079936 0.0049152663279808401
leaf_weight=4.3871266601490779 15.353205590392465 7.4090824451413964 3.8735657074721521 5.9153580977581433 7.6022181268781415 3.2505523540312442 4.1673324924777324 5.8052413649857035 11.914547721738925 19.305685884610291 13.315953940618781 4.9810360628762282 2.7487789690494528 1.8771172091364849
leaf_count=131 389 519 237 49 77 156 188 37 133 1153 141 66 18 24
internal_value=8.39833e-05 0.00126256 0.0112464 -0.00139775 -0.00340092 -0.00615484 -0.000869774 0.0113476 0.0223755 -0.00978928 -0.0165876 0.00148713 -0.0158431 -0.0191463
internal_weight=111.907 107.52 19.2268 88.2929 82.3775 74.7753 53.2278 21.8871 16.0819 31.3407 21.5475 8.23159 23.9316 21.1828
internal_count=3318 3187 626 2561 2512 2435 2072 358 321 1714 363 222 1195 1177
is_linear=0
shrinkage=0.05


Tree=145
num_leaves=15
num_cat=0
split_feature=5 3 14 6 6 13 9 14 9 10 5 15 3 5
split_gain=0.808048 2.2889 2.16764 2.47969 2.28053 1.81233 3.1903 1.79115 1.33808 2.17847 1.68015 2.05276 1.60039 1.29627
threshold=145.50000000000003 128.50000000000003 181.50000000000003 155.50000000000003 142.50000000000003 163.50000000000003 172.50000000000003 193.50000000000003 176.50000000000003 84.500000000000014 115.50000000000001 185.50000000000003 85.500000000000014 25.500000000000004
decision_type=2 2 2 2 2 2 2 2 2 2 2 2 2 2
left_child=1 7 3 4 -2 6 -5 8 9 12 11 -11 13 -1
right_child=2 -3 -4 5 -6 -7 -8 -9 -10 10 -12 -13 -14 -15
leaf_value=0.0018522583599792004 0.0021062744283055811 0.016693059574638638 -0.020205592320085439 -0.014308816693908792 -0.030562588122012374 0.02260002536366541 0.018306603164410736 0.020613142026855196 0.015043592427784911 -0.035461740514303002 0.0077064843888624592 0.0077525153769875052 0.014307338169537063 -0.0239868529705504
leaf_weight=10.717028619837949 10.812362907512577 17.913622212014161 10.402637876570223 12.380460711836355 4.531717727542854 9.7799728605896217 8.1867731804959458 2.0603366531431666 1.7838601563125838 9.0444421434658562 1.6968679302954104 1.4785181507468212 7.6993598713306701 2.9979350214707656
leaf_count=992 149 295 69 159 140 66 76 26 15 763 250 11 183 124
internal_value=8.88782e-05 0.00418669 -0.00396912 0.00135586 -0.0126823 0.0092437 -0.000285084 -0.00305229 -0.00680864 -0.00976456 -0.0230087 -0.0288486 0.00071782 -0.00869536
internal_weight=111.486 55.392 56.0939 45.6913 15.3441 30.3472 20.5672 37.4783 35.418 33.6342 12.2198 10.523 21.4143 13.715
internal_count=3318 2659 659 590 289 301 235 2364 2338 2323 1024 774 1299 1116
is_linear=0
shrinkage=0.05


Tree=146
num_leaves=15
num_cat=0
split_feature=5 5 14 6 6 13 9 14 7 12 14 16 13 6
split_gain=0.926945 1.26315 2.01602 2.36393 2.19638 1.68641 2.99132 1.50892 2.15471 2.23759 1.54053 1.80805 0.687782 0.88805
threshold=21.500000000000004 145.50000000000003 181.50000000000003 155.50000000000003 142.50000000000003 163.50000000000003 172.50000000000003 193.50000000000003 171.50000000000003 22.500000000000004 171.50000000000003 173.50000000000003 160.50000000000003 115.50000000000001
decision_type=2 2 2 2 2 2 2 2 2 2 2 2 2 2
left_child=-1 7 3 4 -3 6 -5 8 9 -2 11 12 13 -11
right_child=1 2 -4 5 -6 -7 -8 -9 -10 10 -12 -13 -14 -15
leaf_value=-0.017020806577609238 0.015433099639298918 0.0020331908717334253 -0.019523500318334133 -0.013843913782270172 -0.030114536481143622 0.021879690532459046 0.017779746159901612 0.026277006329747957 0.024432706643367563 -0.023066331288841807 -0.016368010310071238 0.013283084149901779 0.0077304525578735933 0.0053525684321160845
leaf_weight=2.4337227572104885 9.4807714617345464 10.820483176619744 10.40245897695422 12.325730972632305 4.4457606969517647 9.7619330496527237 8.1568319485522789 3.3187926560640326 4.545179469510912 4.9320429311483194 17.240222535096109 10.957017984008415 0.59085476479958732 1.6050258010509422
leaf_count=504 485 149 69 159 140 66 76 44 42 1045 155 99 21 264
internal_value=8.81602e-05 0.00120402 -0.00387343 0.00128224 -0.0124487 0.00899589 -0.000232739 0.00646262 0.00283538 -0.00158834 -0.0075038 0.00266132 -0.0124112 -0.016793
internal_weight=111.017 108.583 55.9132 45.5107 15.2662 30.2445 20.4826 52.6699 49.3511 44.8059 35.3252 18.0849 7.12792 6.53707
internal_count=3318 2814 659 590 289 301 235 2155 2111 2069 1584 1429 1330 1309
is_linear=0
shrinkage=0.05


Tree=147
num_leaves=15
num_cat=0
split_feature=12 12 12 6 0 7 6 7 0 8 7 6 2 10
split_gain=0.797013 3.07205 1.27552 1.53736 1.2339 1.42801 2.21554 1.50598 2.0493 1.70152 1.14716 0.909349 1.37862 0.94077
threshold=170.50000000000003 166.50000000000003 143.50000000000003 105.50000000000001 6.5000000000000009 174.50000000000003 171.50000000000003 163.50000000000003 8.5000000000000018 167.50000000000003 171.50000000000003 168.50000000000003 1.5000000000000002 22.500000000000004
decision_type=2 2 2 2 2 2 2 2 2 2 2 2 2 2
left_child=1 2 4 -4 -1 6 7 8 -6 11 -5 12 13 -10
right_child=-2 -3 3 10 5 -7 -8 -9 9 -11 -12 -13 -14 -15
leaf_value=-0.016776343758103402 -0.010280080239925151 0.025164917326429878 0.0057865842273376548 -0.021549944067403553 0.0139212654235951 -0.0090343732666584471 -0.018003032085980853 0.023561734024427832 0.015965018759358917 0.014214760079558214 0.0020044019196654435 0.0077130893987339402 -0.026800661007245537 -0.010723164693059586
leaf_weight=2.5033006399171418 11.010039148852227 7.3207382592372587 9.2831017312710191 14.507293669215871 19.148693409049883 10.746100701624526 2.755022343248128 12.532022283412514 1.674534813035278 2.4571986593073225 5.9519120822660616 1.0740949288010586 7.8501243568025529 1.8108916606288401
leaf_count=1022 109 62 116 225 208 86 20 122 96 41 50 7 1052 102
internal_value=0.000114073 0.00169932 -0.00135955 -0.00908917 0.00271646 0.00475614 0.00831704 0.01147 0.00456653 -0.00795369 -0.0156497 -0.015165 -0.0190301 0.00395086
internal_weight=110.625 99.615 92.2943 29.7423 62.552 60.0487 49.3026 46.5476 34.0155 14.8668 20.4592 12.4096 11.3356 3.48543
internal_count=3318 3209 3147 391 2756 1734 1648 1628 1506 1298 275 1257 1250 198
is_linear=0
shrinkage=0.05


Tree=148
num_leaves=15
num_cat=0
split_feature=9 5 5 5 8 11 3 14 7 14 14 3 2 0
split_gain=0.801818 1.33688 1.53025 1.94754 1.86127 1.85185 1.66506 2.02287 2.22192 2.90872 1.22725 1.12082 2.16331 1.58751
threshold=21.500000000000004 102.50000000000001 108.50000000000001 124.50000000000001 98.500000000000014 25.500000000000004 156.50000000000003 181.50000000000003 174.50000000000003 166.50000000000003 164.50000000000003 128.50000000000003 1.5000000000000002 8.5000000000000018
decision_type=2 2 2 2 2 2 2 2 2 2 2 2 2 2
left_child=-1 11 5 4 -4 -3 -5 8 9 -8 -6 12 -2 -14
right_child=1 2 3 6 10 -7 7 -9 -10 -11 -12 -13 13 -15
leaf_value=-0.012984342497862495 0.023017326850797829 0.0086505152244911645 -0.0075301608569573828 -0.01902175075822389 -0.0033935408962174236 -0.029202973138717805 -0.0059633291497217028 -0.015759041358699911 -0.01066542292221722 0.022052347030275088 0.032612221027342903 0.023240941861082068 0.0068766742044894082 -0.017934181100803918
leaf_weight=5.681790431845001 3.9008621516986812 2.1033668857999137 3.5307290864875522 8.2746411054977198 1.9220199079136362 4.6492831493378617 12.083492864621805 9.3545173183083516 10.931583940982817 19.535348332952708 5.7085564099252224 5.7994186620926476 8.8686235941713694 7.9977224290487348
leaf_count=504 158 72 54 377 369 213 184 63 81 148 49 77 523 446
internal_value=9.66275e-05 0.00136641 -0.00202528 0.000681836 0.0161807 -0.0187481 -0.00321343 0.000756648 0.00566284 0.0119935 0.0257898 0.010078 0.00260566 -0.00629888
internal_weight=110.342 104.66 78.0935 71.3409 11.1613 6.75265 60.1796 51.9049 42.5504 31.6188 7.63058 26.5666 20.7672 16.8663
internal_count=3318 2814 1610 1325 472 285 853 476 413 332 418 1204 1127 969
is_linear=0
shrinkage=0.05


Tree=149
num_leaves=15
num_cat=0
split_feature=13 10 12 6 10 8 4 10 5 7 1 1 16 2
split_gain=0.793568 1.33728 1.39984 1.46137 1.30151 1.68867 2.40343 2.19583 2.10691 1.44885 1.29019 1.47253 1.29843 0.95241
threshold=181.50000000000003 178.50000000000003 123.50000000000001 172.50000000000003 132.50000000000003 110.50000000000001 108.50000000000001 70.500000000000014 22.500000000000004 174.50000000000003 1.5000000000000002 1.0000000180025095e-35 183.50000000000003 2.5000000000000004
decision_type=2 2 2 2 2 2 2 2 2 2 2 2 2 2
left_child=1 2 4 10 5 6 7 8 -1 -6 11 -4 -12 -10
right_child=-2 -3 3 -5 9 -7 -8 -9 13 -11 12 -13 -14 -15
leaf_value=-0.013016322653425115 0.011477852299616105 0.016605485471016319 -0.01125450674759044 0.01010917034131921 0.022230552739691128 -0.018004999004314525 0.022198065053524708 -0.022078467608988798 -0.0030061413803907349 -0.0060908331626458867 -0.024464326722621318 0.0099519289792554099 -4.0794524832140017e-05 0.026393763382313185
leaf_weight=4.2554578004637822 8.5379749182611686 4.5469874087721101 13.100455987208989 5.5693906527012578 8.921643322973976 6.9896681306418023 6.7321989896590813 6.2247744210762894 2.5412275796988979 4.0658944156020871 16.383846834243744 10.060024847160093 7.3217803197912863 4.7711872569052503
leaf_count=672 87 41 167 42 224 472 188 468 159 30 359 132 71 206
internal_value=7.86213e-05 -0.00137432 -0.00299081 -0.00819409 0.00334846 -0.002424 0.00431375 -0.00583826 0.00692644 0.0141357 -0.011134 -0.00191174 -0.0182419 0.019105
internal_weight=110.023 101.485 96.9376 52.4355 44.5021 31.5145 24.5248 17.7926 11.5679 12.9875 46.8661 23.1605 23.7056 7.31241
internal_count=3318 3231 3190 771 2419 2165 1693 1505 1037 254 729 299 430 365
is_linear=0
shrinkage=0.05


Tree=150
num_leaves=15
num_cat=0
split_feature=13 11 0 10 10 13 4 4 5 14 7 10 8 5
split_gain=0.780255 1.1391 1.93601 1.21824 1.8835 2.32166 1.3808 2.29338 2.64278 1.48034 1.6145 2.3051 1.973 3.40774
threshold=20.500000000000004 22.500000000000004 14.500000000000002 176.50000000000003 169.50000000000003 184.50000000000003 176.50000000000003 169.50000000000003 162.50000000000003 193.50000000000003 171.50000000000003 124.50000000000001 105.50000000000001 102.50000000000001
decision_type=2 2 2 2 2 2 2 2 2 2 2 2 2 2
left_child=-1 2 -2 4 5 6 7 8 9 10 11 12 13 -3
right_child=1 3 -4 -5 -6 -7 -8 -9 -10 -11 -12 -13 -14 -15
leaf_value=-0.013799027084703919 0.018035886171417156 0.004800092992139144 -0.011507238724965866 0.014617680054282252 -0.024375255077836777 0.023116639985536262 0.012523882485378994 -0.023281779506954724 0.017065142925169904 0.016209358710509835 0.011352301613568904 -0.028547527000848047 0.013959498539647414 -0.029805074216028866
leaf_weight=4.2936927030095822 15.134425885626117 13.824576744518714 3.7811848133569574 5.7767426620703182 4.3921640214975914 4.2420797161757937 7.0888298433274022 9.966954574279951 10.432842065347357 1.8881485648453225 4.3478166074492028 10.038398644595871 6.8605118169798507 7.5181707490701219
leaf_count=131 389 974 237 49 43 48 50 76 107 24 40 436 498 216
internal_value=0.000119395 0.0012868 0.0109592 -0.0013151 -0.00324415 -0.000600488 -0.00340942 -0.00592194 -0.00109083 -0.00664373 -0.00925348 -0.012638 -0.00352913 -0.0107333
internal_weight=109.587 105.293 18.9156 86.3772 80.6005 76.2083 71.9662 64.8774 54.9105 44.4776 42.5895 38.2417 28.2033 21.3427
internal_count=3318 3187 626 2561 2512 2469 2421 2371 2295 2188 2164 2124 1688 1190
is_linear=0
shrinkage=0.05


Tree=151
num_leaves=15
num_cat=0
split_feature=9 5 6 14 6 14 9 8 4 10 4 3 0 2
split_gain=0.792696 1.27025 1.85739 1.79921 1.78007 1.66082 1.63842 2.68459 3.24158 2.34626 1.6227 1.49773 1.03257 0.997552
threshold=21.500000000000004 145.50000000000003 155.50000000000003 189.50000000000003 142.50000000000003 180.50000000000003 162.50000000000003 24.500000000000004 108.50000000000001 102.50000000000001 164.50000000000003 138.50000000000003 7.5000000000000009 2.5000000000000004
decision_type=2 2 2 2 2 2 2 2 2 2 2 2 2 2
left_child=12 3 4 6 -3 10 7 13 -9 -10 -4 -11 -1 -2
right_child=1 2 5 -5 -6 -7 -8 8 9 11 -12 -13 -14 -15
leaf_value=0.0055751986043130839 -0.0019265896286580434 -0.0018614948399271879 -0.0063121811761753903 0.027598454967418362 -0.031155261497437366 -0.011753432436330622 0.016177562095273875 -0.025368337973819183 0.023350836705392005 -0.024422837870461775 0.015756837779074703 0.0056606186192873212 -0.022807442256266283 0.025290009280503352
leaf_weight=2.7247868805425233 4.283182588638736 12.473438126209659 9.3761095360969211 3.8643908873200408 4.8070614708703934 9.4625479355454427 10.401445427676661 12.405600909551142 4.7803555930149733 2.5908102998509985 19.007972406223416 5.9061771837295964 2.9133450960507616 4.1622033351450227
leaf_count=162 259 161 144 58 143 64 107 863 172 352 147 120 342 224
internal_value=0.000112824 0.00138494 -0.00366736 0.00694465 -0.0151733 0.00274375 0.00254716 -0.00314345 -0.0109776 0.00572983 0.00861324 -0.00916156 -0.0129173 0.0159034
internal_weight=109.159 103.521 55.1271 48.3942 17.2805 37.8466 44.5298 34.1283 25.6829 13.2773 28.3841 8.49699 5.63813 8.44539
internal_count=3318 2814 659 2155 304 355 2097 1990 1507 644 291 472 504 483
is_linear=0
shrinkage=0.05


Tree=152
num_leaves=15
num_cat=0
split_feature=9 5 5 11 5 8 6 6 17 14 4 14 3 2
split_gain=0.764564 1.25424 1.35888 1.80735 1.77125 1.67434 1.53365 1.70884 1.93448 1.60475 1.33556 1.14673 1.01309 2.06514
threshold=21.500000000000004 102.50000000000001 108.50000000000001 25.500000000000004 124.50000000000001 98.500000000000014 155.50000000000003 146.50000000000003 0.082386363636363646 180.50000000000003 164.50000000000003 164.50000000000003 128.50000000000003 1.5000000000000002
decision_type=2 2 2 2 2 2 2 2 2 2 2 2 2 2
left_child=-1 12 3 -3 5 -4 7 8 -6 10 -8 -7 13 -2
right_child=1 2 4 -5 6 11 9 -9 -10 -11 -12 -13 -14 -15
leaf_value=-0.012727530842851768 0.022519449078867045 0.00885044136886305 -0.0071383475629139166 -0.028414185383321622 0.0089140060010796628 -0.0033851729281034353 -0.0048825328252702577 -0.029746815541409444 -0.01856714170231338 -0.011368247582821967 0.015145425080957359 0.03144217162431575 0.022424030409123274 -0.0061817793474705646
leaf_weight=5.5974594554281785 3.9013097550487208 2.0892857989529139 3.4462258939165604 4.4750935053452849 11.377787883626302 1.8971920858020892 9.7486413879087213 4.3147608939907505 5.5928431135835117 9.463394168764351 18.988890920067206 5.4924402013421059 5.6812426005490115 16.586999446211848
leaf_count=504 158 72 54 213 107 369 158 140 237 64 147 49 77 969
internal_value=9.27449e-05 0.00134578 -0.00196739 -0.0178552 0.000602492 0.0155511 -0.00311514 -0.0124697 -0.00230704 0.00293715 0.00863463 0.024743 0.00983405 0.00262891
internal_weight=108.654 103.056 76.8866 6.56438 70.3222 10.8359 59.4863 21.2854 16.9706 38.2009 28.7375 7.38963 26.1696 20.4883
internal_count=3318 2814 1610 285 1325 472 853 484 344 369 305 418 1204 1127
is_linear=0
shrinkage=0.05


Tree=153
num_leaves=15
num_cat=0
split_feature=13 7 8 5 6 12 5 6 11 6 14 4 5 6
split_gain=0.746934 1.36473 2.34509 2.17313 2.12653 1.98066 2.10495 2.25756 1.77515 1.37911 1.13519 2.56343 0.83374 0.717832
threshold=177.50000000000003 174.50000000000003 175.50000000000003 176.50000000000003 171.50000000000003 157.50000000000003 162.50000000000003 146.50000000000003 155.50000000000003 115.50000000000001 176.50000000000003 76.500000000000014 21.500000000000004 124.50000000000001
decision_type=2 2 2 2 2 2 2 2 2 2 2 2 2 2
left_child=1 2 3 4 5 6 7 9 -7 10 11 12 -1 -11
right_child=-2 -3 -4 -5 -6 8 -8 -9 -10 13 -12 -13 -14 -15
leaf_value=-0.011292580818463236 0.0089587798683531204 -0.013453946439758774 0.022219232267095729 0.022275667334224897 -0.028600125157328762 0.002636803706471489 0.01974166646427537 -0.024439049281655256 -0.023974272532257392 0.023258594860550229 0.010118746980965043 -0.02637142031974174 0.010905007437699061 -0.0017761574962974125
leaf_weight=1.3899515580269568 14.649405599571763 14.829256839584557 6.4580162526108316 3.374856822192668 3.2504365583881727 9.2598945895442757 10.259671606589107 3.9973664671997531 9.9259809441864473 5.0122704649111238 6.7564202952198675 6.2276324744452713 9.8456760119297524 3.0802808805601671
leaf_count=433 134 131 55 20 22 141 97 185 111 170 102 837 693 187
internal_value=5.89745e-05 -0.00171639 0.00116211 -0.00203098 -0.00464443 -0.00152286 0.00412045 -0.00214872 -0.0132407 0.00351424 -0.00299097 -0.00918635 0.00552693 0.0166904
internal_weight=108.317 93.6677 78.8385 72.3804 69.0056 65.7551 46.5693 36.3096 19.1859 32.3122 24.2197 17.4633 11.2356 8.09255
internal_count=3318 3184 3053 2998 2978 2956 2704 2607 252 2422 2065 1963 1126 357
is_linear=0
shrinkage=0.05


Tree=154
num_leaves=15
num_cat=0
split_feature=9 5 14 6 6 7 8 12 12 14 2 0 2 2
split_gain=0.728083 1.21123 1.71705 1.68303 1.61708 1.5172 2.02008 1.62453 1.77356 1.44196 1.43141 1.00341 0.991559 1.71673
threshold=21.500000000000004 145.50000000000003 189.50000000000003 155.50000000000003 142.50000000000003 171.50000000000003 24.500000000000004 25.500000000000004 159.50000000000003 180.50000000000003 3.5000000000000004 7.5000000000000009 2.5000000000000004 1.5000000000000002
decision_type=2 2 2 2 2 2 2 2 2 2 2 2 2 2
left_child=11 2 5 4 -3 6 12 -8 -9 10 -5 -1 13 -2
right_child=1 3 -4 9 -6 -7 7 8 -10 -11 -12 -13 -14 -15
leaf_value=0.0056103979702163062 0.016808963709308167 -0.0019587746533057666 0.027042372983671292 0.016244434953087805 -0.03015945817276186 0.021198850103189407 0.01153176695529538 -0.020169743809627116 0.0038797846971049886 -0.011057921396832935 -0.0038911207553076403 -0.022338343053626242 0.024614873619843037 -0.017949045284857561
leaf_weight=2.7150925791356704 1.7897600536234657 12.419179036456628 3.7482457160949698 15.486447163159029 4.6041244997759341 3.8451498486101618 4.9970508480328162 17.090350547339771 9.6007366400444862 9.4274437278509122 12.724030754819976 2.8448471141746268 4.1561452109599486 2.5095605610404164
leaf_count=162 73 161 58 158 143 32 296 1189 97 64 133 342 224 186
internal_value=3.29948e-05 0.00126337 0.00673477 -0.00367891 -0.0147015 0.00242093 -0.00152643 -0.00745814 -0.0122719 0.00244587 0.00794401 -0.0124959 0.0152144 -0.00222173
internal_weight=107.958 102.398 47.737 54.6612 17.0233 43.9888 40.1436 31.6881 26.6911 37.6379 28.2105 5.55994 8.45547 4.29932
internal_count=3318 2814 2155 659 304 2097 2065 1582 1286 355 291 504 483 259
is_linear=0
shrinkage=0.05


Tree=155
num_leaves=15
num_cat=0
split_feature=13 12 12 13 9 10 0 0 9 8 11 13 15 16
split_gain=0.709602 0.973501 2.98019 1.4836 2.00109 2.92566 1.52739 1.49059 2.86345 1.17848 1.00135 0.866013 1.41162 0.825685
threshold=20.500000000000004 170.50000000000003 166.50000000000003 124.50000000000001 171.50000000000003 112.50000000000001 6.5000000000000009 11.500000000000002 173.50000000000003 94.500000000000014 156.50000000000003 166.50000000000003 173.50000000000003 169.50000000000003
decision_type=2 2 2 2 2 2 2 2 2 2 2 2 2 2
left_child=-1 2 3 6 5 9 -2 -8 13 10 -5 12 -7 -9
right_child=1 -3 -4 4 -6 11 7 8 -10 -11 -12 -13 -14 -15
leaf_value=-0.013249180801897416 -0.015874313712010358 -0.010607244617195675 0.026478079797593219 -0.012701136588065397 -0.019327658294233076 -0.015653336370136398 0.017487096387182856 -0.01993509962632619 0.01909081768559755 -0.022621326853481383 0.01065730744370675 0.019161971071401 0.015158306081825945 0.0028107728351476182
leaf_weight=4.215518776618409 2.3067327644093885 10.275965919252483 6.8633076180703929 3.0078496033092943 13.273200346156953 3.1804257534677189 19.576929005794227 8.0645234787371027 5.9407185488380483 7.0280205667950204 5.7777111449395306 12.026196520542724 1.8796746730804441 4.1518171832431099
leaf_count=131 969 106 59 183 105 235 251 811 52 102 117 108 20 69
internal_value=7.36895e-05 0.00120341 0.00298162 -0.000237777 -0.00605058 0.00114912 0.00639284 0.00945214 -0.00111636 -0.0124408 0.000954084 0.0136958 -0.00236248 -0.0136335
internal_weight=107.569 103.353 93.0771 86.2138 46.1731 32.8999 40.0407 37.734 18.1571 15.8136 8.78556 17.0863 5.0601 12.2163
internal_count=3318 3187 3081 3022 870 765 2152 1183 932 402 300 363 255 880
is_linear=0
shrinkage=0.05


Tree=156
num_leaves=15
num_cat=0
split_feature=9 5 14 6 6 9 10 3 3 9 3 3 5 4
split_gain=0.709107 1.1719 1.62966 1.61759 1.53059 1.48244 2.46149 2.59179 1.96665 1.48383 1.42096 1.6569 1.1764 1.13585
threshold=21.500000000000004 145.50000000000003 189.50000000000003 155.50000000000003 142.50000000000003 162.50000000000003 102.50000000000001 138.50000000000003 85.500000000000014 23.500000000000004 171.50000000000003 160.50000000000003 106.50000000000001 111.50000000000001
decision_type=2 2 2 2 2 2 2 2 2 2 2 2 2 2
left_child=-1 2 5 4 -3 6 8 -8 9 -2 11 -5 -10 -14
right_child=1 3 -4 10 -6 -7 7 -9 12 -11 -12 -13 13 -15
leaf_value=-0.012367617639380747 0.0066354532061643941 -0.0020326687507963514 0.026560235949241062 0.0098159282754055263 -0.029613064530410783 0.015468316860215157 -0.031324820689265002 0.0056502571689533362 0.026613456403765175 -0.022366486035739638 0.014427027306372126 -0.012110469914168824 -0.01404090947506054 0.01311964146249564
leaf_weight=5.5077206730493335 5.7694605278084072 12.414190714247527 3.648774189874529 9.4778540438273939 4.5050946941482826 10.211999157909302 6.5606170079554413 5.82560839765938 6.5872516644885746 3.3488578613032587 10.809554632753132 17.175687846727669 2.7746161009999923 2.6374285088386387
leaf_count=504 370 161 58 149 143 107 687 120 282 349 73 133 84 98
internal_value=2.67565e-05 0.00124555 0.00664935 -0.00362451 -0.0144563 0.00243201 -0.00303416 -0.0173106 0.00705042 -0.00816488 0.00239362 -0.00399464 0.0176133 -0.000860768
internal_weight=107.255 101.747 47.3646 54.3824 16.9193 43.7158 33.5038 12.3862 21.1176 9.11832 37.4631 26.6535 11.9993 5.41204
internal_count=3318 2814 2155 659 304 2097 1990 807 1183 719 355 282 464 182
is_linear=0
shrinkage=0.05


Tree=157
num_leaves=15
num_cat=0
split_feature=9 5 14 6 14 6 5 0 15 3 3 0 6 0
split_gain=0.6732 1.10889 1.58854 1.54725 1.45267 2.0773 2.19432 1.79684 1.52441 1.3221 1.54178 1.23107 1.21744 0.971203
threshold=21.500000000000004 145.50000000000003 189.50000000000003 155.50000000000003 177.50000000000003 115.50000000000001 86.500000000000014 13.500000000000002 183.50000000000003 171.50000000000003 160.50000000000003 6.5000000000000009 140.50000000000003 7.5000000000000009
decision_type=2 2 2 2 2 2 2 2 2 2 2 2 2 2
left_child=13 2 4 12 5 6 11 -7 -8 10 -5 -2 -3 -1
right_child=1 3 -4 9 -6 7 8 -9 -10 -11 -12 -13 -14 -15
leaf_value=0.0056207989209336321 -0.010697696039689925 -0.0010127412072846443 0.026216140065315294 0.0094876439424641731 -0.0089012664729913506 0.034198975271672483 -0.02021339938563876 -0.0058324062298986939 0.012160649182131299 0.013973816688190694 -0.011663066910552907 0.017956978153465537 -0.025210984251187313 -0.021862481503672739
leaf_weight=2.7049137689173213 1.3477118323789969 10.179359276895413 3.5792253315448752 9.4882478197105247 14.299928609281777 5.0829266023356459 9.5447388578322698 2.1153301792219281 1.1802231166511763 10.765435148030518 17.135672156233341 9.9015232526580785 6.6469709428201886 2.7698216268327087
leaf_count=162 386 143 58 149 127 117 766 236 8 73 133 457 161 342
internal_value=1.17468e-05 0.00120331 0.0064798 -0.00353642 0.00231822 0.00831558 -0.000710407 0.0248664 -0.0139169 0.00234948 -0.00381706 0.0122886 -0.0141574 -0.0120824
internal_weight=106.742 101.267 47.0516 54.2157 43.4724 29.1725 21.9742 7.19826 10.725 37.3894 26.6239 11.2492 16.8263 5.47474
internal_count=3318 2814 2155 659 2097 1970 1617 353 774 355 282 843 304 504
is_linear=0
shrinkage=0.05


Tree=158
num_leaves=15
num_cat=0
split_feature=13 7 8 5 6 12 5 6 11 0 0 16 11 11
split_gain=0.689941 1.24282 2.17155 2.12995 2.05142 1.79646 1.97035 2.09407 1.61631 1.27234 0.831652 1.31975 1.01084 0.972277
threshold=177.50000000000003 174.50000000000003 175.50000000000003 176.50000000000003 171.50000000000003 157.50000000000003 162.50000000000003 146.50000000000003 155.50000000000003 6.5000000000000009 13.500000000000002 27.500000000000004 160.50000000000003 96.500000000000014
decision_type=2 2 2 2 2 2 2 2 2 2 2 2 2 2
left_child=1 2 3 4 5 6 7 9 -7 -1 11 -11 -12 -13
right_child=-2 -3 -4 -5 -6 8 -8 -9 -10 10 12 13 -14 -15
leaf_value=-0.016111640800889771 0.0086338885031587726 -0.012957519887150298 0.02143461337348268 0.022079006122849073 -0.028216482717374338 0.0025219379003199463 0.019022011224985893 -0.023869651651352186 -0.023090198964209351 0.023276256633206135 -0.017738336064525035 0.0095772799978835477 0.010724641957454803 -0.0089557917471247087
leaf_weight=2.3584160779137191 14.453210117761044 14.55467966175638 6.3580826553516081 3.3411214575171462 3.2082789093255988 9.0768063701689261 10.183434966835192 3.853385932132368 9.6880166118498874 6.8225264963693979 2.6883507363963868 10.770564246457072 1.0417968347901476 7.9252501722658044
leaf_count=1022 134 131 55 20 22 141 97 185 111 233 910 118 27 112
internal_value=4.27615e-05 -0.00168468 0.00109558 -0.00201786 -0.0046468 -0.0015247 0.00390613 -0.00224908 -0.0127772 0.00328705 0.00697505 0.0101731 -0.00819945 0.00148901
internal_weight=106.324 91.8707 77.316 70.9579 67.6168 64.4085 45.6437 35.4603 18.7648 31.6069 29.2485 25.5183 3.73015 18.6958
internal_count=3318 3184 3053 2998 2978 2956 2704 2607 252 2422 1400 463 937 230
is_linear=0
shrinkage=0.05


Tree=159
num_leaves=15
num_cat=0
split_feature=9 5 14 10 16 14 14 3 8 6 14 9 15 5
split_gain=0.663432 1.05153 1.55447 1.84498 3.2866 2.9216 1.53402 1.47218 1.98212 1.78121 2.01162 1.33596 1.1389 1.13545
threshold=21.500000000000004 145.50000000000003 181.50000000000003 148.50000000000003 171.50000000000003 167.50000000000003 189.50000000000003 128.50000000000003 24.500000000000004 112.50000000000001 177.50000000000003 176.50000000000003 129.50000000000003 105.50000000000001
decision_type=2 2 2 2 2 2 2 2 2 2 2 2 2 2
left_child=-1 6 3 5 -5 12 7 8 -2 11 -11 -10 -3 -9
right_child=1 2 -4 4 -6 -7 -8 13 9 10 -12 -13 -14 -15
leaf_value=-0.012016592609329729 0.011994657054723884 0.006143635695638661 -0.017245617685618105 0.0094752985994439928 -0.024445269068095396 0.022309346952561124 0.025833337887050303 0.023707689586877145 -0.025282134195110453 0.019350111081516519 -0.015796360869921387 0.0085788259693418394 -0.01819132136505176 0.00010365162006134817
leaf_weight=5.4387660497450261 7.9910503556020585 5.4448164055356774 10.158287432044743 9.9044746871804836 9.8147669209865835 13.147685466916299 3.504249418154358 5.8223806810565284 11.790590672171675 4.545407348428852 2.3858202323317528 0.98581136018037874 5.3797347563668154 9.7105358608532679
leaf_count=504 480 100 69 159 98 114 58 84 1058 268 16 6 119 185
internal_value=8.39146e-06 0.00119685 -0.00343467 0.00121755 -0.00893744 0.00967171 0.00634956 0.00225592 -0.00456569 -0.012349 0.00570231 -0.0209914 -0.00787712 0.01257
internal_weight=106.024 100.586 53.8498 43.6915 19.7192 23.9722 46.7358 43.2316 27.6987 19.7076 6.93123 12.7764 10.8246 15.5329
internal_count=3318 2814 659 590 257 333 2155 2097 1828 1348 284 1064 219 269
is_linear=0
shrinkage=0.05


Tree=160
num_leaves=15
num_cat=0
split_feature=13 7 8 5 6 12 5 6 11 6 14 4 5 6
split_gain=0.63602 1.12812 2.0423 2.04366 1.95882 1.66445 1.82291 2.02686 1.52433 1.23386 1.08493 2.14103 0.723667 0.623496
threshold=177.50000000000003 174.50000000000003 175.50000000000003 176.50000000000003 171.50000000000003 157.50000000000003 162.50000000000003 146.50000000000003 155.50000000000003 115.50000000000001 176.50000000000003 76.500000000000014 21.500000000000004 124.50000000000001
decision_type=2 2 2 2 2 2 2 2 2 2 2 2 2 2
left_child=1 2 3 4 5 6 7 9 -7 10 11 12 -1 -11
right_child=-2 -3 -4 -5 -6 8 -8 -9 -10 13 -12 -13 -14 -15
leaf_value=-0.010992513037104579 0.0082983672050110403 -0.012384418438737417 0.020806120806048167 0.021639341734727924 -0.02767919590268296 0.0024771846260258981 0.018255665356979655 -0.023581338399674051 -0.022456556074288786 0.021971137839668538 0.0099494043564917565 -0.025092167625202499 0.0096222178756532172 -0.0016451022194954622
leaf_weight=1.3422664526151589 14.393915508873759 14.477388432016594 6.3033009530045083 3.3179086558520785 3.1615423960611215 9.0361233816947806 10.177088933298363 3.7843901975429608 9.5647838304284942 4.8372062083217306 6.5630447242874643 5.8754703935701391 9.794318290660156 2.9923242292716168
leaf_count=433 134 131 55 20 22 141 97 185 111 170 102 837 693 187
internal_value=3.96259e-05 -0.00162693 0.00103562 -0.00199501 -0.00458224 -0.00151674 0.0037267 -0.0022237 -0.0123853 0.00323529 -0.00298186 -0.0090974 0.00450137 0.0158218
internal_weight=105.621 91.2272 76.7498 70.4465 67.1286 63.967 45.3661 35.189 18.6009 31.4046 23.5751 17.0121 11.1366 7.82953
internal_count=3318 3184 3053 2998 2978 2956 2704 2607 252 2422 2065 1963 1126 357
is_linear=0
shrinkage=0.05


Tree=161
num_leaves=15
num_cat=0
split_feature=9 5 16 16 8 7 10 14 3 8 6 14 9 5
split_gain=0.637626 1.00991 1.611 3.83238 1.91533 1.52527 1.4828 1.46196 1.44248 1.82925 1.62181 1.92403 1.26548 1.06875
threshold=21.500000000000004 145.50000000000003 166.50000000000003 171.50000000000003 176.50000000000003 139.50000000000003 148.50000000000003 189.50000000000003 128.50000000000003 24.500000000000004 112.50000000000001 177.50000000000003 176.50000000000003 105.50000000000001
decision_type=2 2 2 2 2 2 2 2 2 2 2 2 2 2
left_child=-1 7 4 -4 5 -3 -5 8 9 -2 12 -12 -11 -10
right_child=1 2 3 6 -6 -7 -8 -9 13 10 11 -13 -14 -15
leaf_value=-0.011795125980132604 0.011326604301729383 0.0029533445474680588 0.025076372375196256 0.0046798543685492239 0.0079385901747584791 -0.027347053716660998 -0.016835996405766111 0.025384228637306966 0.023286536168999283 -0.024620632989985191 0.01872116460242616 -0.015648873062031703 0.0083743165619306857 0.00026265865361538076
leaf_weight=5.4037308246479361 8.0465605499339308 4.3804204621701528 8.6215353675652278 11.894007856026294 5.4518353422172359 11.146411930909379 12.037035719607955 3.4140168968588105 5.7850577557692295 11.562702159688342 4.5049133870052165 2.3793273195624352 0.97787757217884141 9.6796651328331773
leaf_count=504 480 48 75 126 46 248 116 58 84 1058 268 16 6 185
internal_value=1.18902e-05 0.00118252 -0.00336702 0.00356313 -0.0127366 -0.0201616 -0.0071817 0.00625315 0.00224292 -0.00454201 -0.0120885 0.00525611 -0.0203941 0.0124606
internal_weight=105.285 99.8814 53.5312 32.5526 20.9787 15.5268 23.931 46.3501 42.9361 27.4714 19.4248 6.88424 12.5406 15.4647
internal_count=3318 2814 659 317 342 296 242 2155 2097 1828 1348 284 1064 269
is_linear=0
shrinkage=0.05


Tree=162
num_leaves=15
num_cat=0
split_feature=6 5 16 16 8 7 10 14 7 12 15 10 4 10
split_gain=0.623132 0.91911 1.50925 3.59112 1.80744 1.44571 1.38408 1.23149 1.34222 1.84389 1.30022 1.62386 1.81605 1.66885
threshold=21.500000000000004 145.50000000000003 166.50000000000003 171.50000000000003 176.50000000000003 139.50000000000003 148.50000000000003 189.50000000000003 171.50000000000003 22.500000000000004 187.50000000000003 102.50000000000001 108.50000000000001 168.50000000000003
decision_type=2 2 2 2 2 2 2 2 2 2 2 2 2 2
left_child=-1 7 4 -4 5 -3 -5 8 9 -2 11 12 -11 -13
right_child=1 2 3 6 -6 -7 -8 -9 -10 10 -12 13 -14 -15
leaf_value=-0.012574517472863943 0.014291776538949967 0.002883781800292794 0.024306395125018993 0.0045146266852728982 0.0077373094506329385 -0.026633913248712615 -0.016285966630802284 0.023371586318573945 0.020111877697196578 -0.008901948700468159 0.013527423233700767 -0.026874336506584169 0.019225934897502239 0.0063121472779631253
leaf_weight=3.9701926975976667 8.8213718216866237 4.382343387638687 8.6086371900746581 11.895789303351195 5.4442438734695306 11.01000415231101 11.991432882030493 3.5300688724964848 3.6897691003978244 11.316620480560237 2.2831559944897881 11.17763972992543 3.8703396295895791 2.8132012858986846
leaf_count=507 489 48 75 126 46 248 116 60 32 615 18 753 161 24
internal_value=8.21818e-05 0.00115104 -0.00322649 0.00347594 -0.0123291 -0.0195834 -0.00693884 0.00590506 0.00225981 -0.00141557 -0.00717568 -0.0105377 0.00125283 -0.0202964
internal_weight=104.805 100.835 53.3325 32.4959 20.8366 15.3923 23.8872 47.5022 43.9721 40.2823 31.461 29.1778 15.187 13.9908
internal_count=3318 2811 659 317 342 296 242 2152 2092 2060 1571 1553 776 777
is_linear=0
shrinkage=0.05


Tree=163
num_leaves=15
num_cat=0
split_feature=13 11 0 14 9 8 7 7 8 0 13 3 14 2
split_gain=0.621156 0.895872 1.66925 1.04165 2.80796 1.6433 1.55997 1.59456 1.51358 1.74828 1.58666 0.846222 0.791752 1.58521
threshold=20.500000000000004 22.500000000000004 14.500000000000002 166.50000000000003 167.50000000000003 166.50000000000003 163.50000000000003 142.50000000000003 108.50000000000001 11.500000000000002 153.50000000000003 89.500000000000014 92.500000000000014 2.5000000000000004
decision_type=2 2 2 2 2 2 2 2 2 2 2 2 2 2
left_child=-1 2 11 5 6 12 7 8 9 10 -5 -2 13 -3
right_child=1 3 -4 4 -6 -7 -8 -9 -10 -11 -12 -13 -14 -15
leaf_value=-0.012381286730066991 -0.002671955505098373 -0.018959580357873342 -0.011086255287004224 0.0059973247605813393 -0.011770299452205819 0.00732191888250853 0.022828266075838953 -0.014008167101048595 0.02345682206090427 0.015830559104827096 -0.020352695896371051 0.021403548036605616 -0.02537154379383157 0.012270990215428771
leaf_weight=4.073482558480463 3.3934167964616817 2.2659062446909974 3.5960547804133958 7.4588560536503845 19.341251667588949 6.6415091485832809 9.5924556147074309 6.1099946266040197 5.6435690670041359 6.3513668081723145 7.1818806522060186 11.294549073907545 7.1282550639589317 4.2957770152715966
leaf_count=131 211 142 237 80 146 95 87 83 65 121 120 178 1468 154
internal_value=0.000179804 0.00125368 0.00992252 -0.00113813 0.0022066 -0.00971774 0.00916045 0.00266303 0.00809682 0.000249467 -0.00881913 0.0165753 -0.0177316 -0.00204902
internal_weight=104.368 100.295 18.284 82.0108 61.6794 20.3314 42.3381 32.7457 26.6357 20.9921 14.6407 14.688 13.6899 6.56168
internal_count=3318 3187 626 2561 702 1859 556 469 386 321 200 389 1764 296
is_linear=0
shrinkage=0.05


Tree=164
num_leaves=15
num_cat=0
split_feature=14 9 0 3 9 7 7 8 13 1 16 8 16 12
split_gain=0.603121 2.75674 2.69808 2.57915 1.69443 1.08928 1.76429 1.08811 1.596 0.712503 1.03392 0.955218 0.636715 0.42862
threshold=166.50000000000003 167.50000000000003 13.500000000000002 167.50000000000003 165.50000000000003 163.50000000000003 142.50000000000003 108.50000000000001 166.50000000000003 5.5000000000000009 174.50000000000003 22.500000000000004 174.50000000000003 156.50000000000003
decision_type=2 2 2 2 2 2 2 2 2 2 2 2 2 2
left_child=2 5 4 -4 9 6 7 8 12 10 13 -11 -2 -1
right_child=1 -3 3 -5 -6 -7 -8 -9 -10 11 -12 -13 -14 -15
leaf_value=-0.022075339985135247 0.020696447844458954 -0.010766934635259863 -0.032019558120135697 0.0068770292008809341 0.018666766244834307 0.021450491230881392 -0.013670896084825763 0.022870817848186332 -0.0088118102560443157 -0.00646837380170862 0.0021293572969281493 0.019436328467288582 -0.00037803669310718736 0.0033639669971835041
leaf_weight=5.318005867302424 5.5173659340362118 19.526253778021783 7.6620309314166644 4.1650862535461783 7.9300404358655205 9.6936993176350352 6.0720235579647115 5.6272920041228636 11.24036811647238 3.5491695482050991 10.003415084443985 2.0299327723914757 5.1694006575271487 0.55739894323050965
leaf_count=1006 112 148 1150 40 66 88 83 65 164 172 81 80 54 9
internal_value=0.000153028 0.00314719 -0.00425913 -0.0203483 0.00423311 0.00988404 0.00420466 0.00963849 0.00262637 -0.00362062 -0.00848376 0.00768845 0.0136311 -0.0192249
internal_weight=104.061 62.8464 41.2151 11.8271 29.388 43.3201 33.6265 27.5544 21.9271 21.4579 15.8788 5.5791 10.6868 5.8754
internal_count=3318 714 2604 1190 1414 566 478 395 330 1348 1096 252 166 1015
is_linear=0
shrinkage=0.05


Tree=165
num_leaves=15
num_cat=0
split_feature=12 12 12 15 0 13 11 17 0 9 12 5 7 7
split_gain=0.597674 2.49572 1.06511 1.38611 1.00214 1.02863 2.1984 2.29598 1.18159 2.45004 0.986254 0.834798 0.803872 2.48892
threshold=170.50000000000003 166.50000000000003 143.50000000000003 173.50000000000003 6.5000000000000009 124.50000000000001 162.50000000000003 0.02556818181818182 10.500000000000002 173.50000000000003 127.50000000000001 100.50000000000001 171.50000000000003 165.50000000000003
decision_type=2 2 2 2 2 2 2 2 2 2 2 2 2 2
left_child=1 2 4 11 -1 8 7 -7 -6 12 -9 -4 13 -10
right_child=-2 -3 3 -5 5 6 -8 10 9 -11 -12 -13 -14 -15
leaf_value=-0.01538620998578576 -0.0090871626159741651 0.023041377397190643 0.001847842158605093 0.0066849751564135584 0.017435342132201527 0.011863451408464549 0.014538973019524349 -0.025924853560911787 -0.016718868900926474 0.018592749860042408 0.0019605024019616227 -0.019171587735804026 -0.024392130433058757 0.020849593681010282
leaf_weight=2.2063359367311923 10.078254377003757 6.9465239746496072 5.1096734234597596 7.6415228731930247 16.283110976801254 4.0289872884750428 7.1998473298153831 10.008688688802065 5.3884358713403362 5.3217614702880374 3.1772225502936626 14.997987657930933 2.6567635389510533 2.667573373648338
leaf_count=1022 109 62 96 69 211 27 97 361 842 49 86 226 31 30
internal_value=0.000193094 0.00160198 -0.00127884 -0.00855606 0.00254853 0.00443573 -0.00301136 -0.0119718 0.00971139 -0.000412272 -0.020514 -0.0145259 -0.0127655 -0.00105829
internal_weight=103.713 93.6344 86.6879 27.7492 58.9387 56.7324 24.4147 17.2149 32.3176 16.0345 13.1859 20.1077 10.7128 8.05601
internal_count=3318 3209 3147 391 2756 1734 571 474 1163 952 447 322 903 872
is_linear=0
shrinkage=0.05


Tree=166
num_leaves=15
num_cat=0
split_feature=13 11 0 10 10 13 4 4 5 14 12 10 7 16
split_gain=0.607972 0.80852 1.50973 1.0401 1.52977 1.8492 1.21985 1.9838 2.24546 1.05509 1.3044 2.15313 1.52703 1.35246
threshold=20.500000000000004 22.500000000000004 14.500000000000002 176.50000000000003 169.50000000000003 184.50000000000003 176.50000000000003 169.50000000000003 162.50000000000003 193.50000000000003 152.50000000000003 67.500000000000014 172.50000000000003 22.500000000000004
decision_type=2 2 2 2 2 2 2 2 2 2 2 2 2 2
left_child=-1 2 -2 4 5 6 7 8 9 10 11 -3 13 -13
right_child=1 3 -4 -5 -6 -7 -8 -9 -10 -11 -12 12 -14 -15
leaf_value=-0.012252252116093792 0.01584669190696697 0.0049720763492076062 -0.010607586586348836 0.013815551723149886 -0.022275870967969166 0.021060243430048694 0.012077405218593769 -0.021824417473071359 0.016117411486692653 0.013753133802034981 0.0038437966668137613 0.0052137795043373011 0.0050838790312101633 -0.03071879965524843
leaf_weight=4.038878059887792 14.578595044440592 8.6578328058240022 3.5007361240568562 5.5467405715025953 4.0441979963798067 3.9441509554162613 6.7898405804298809 9.5319730654591677 9.9408006090670806 1.5625530686229456 12.736420992936472 1.5168057552655252 2.8531795085873446 14.105632522201629
leaf_count=131 389 753 237 49 43 48 50 76 107 24 198 54 27 1132
internal_value=0.000196855 0.00126619 0.00953596 -0.00102062 -0.00289672 -0.0004208 -0.00303481 -0.00550801 -0.000813411 -0.00617374 -0.00840023 -0.0138514 -0.0218525 -0.0268118
internal_weight=103.348 99.3095 18.0793 81.2301 75.6834 71.6392 67.695 60.9052 51.3732 41.4324 39.8699 27.1335 18.4756 15.6224
internal_count=3318 3187 626 2561 2512 2469 2421 2371 2295 2188 2164 1966 1213 1186
is_linear=0
shrinkage=0.05


Tree=167
num_leaves=15
num_cat=0
split_feature=14 9 0 3 9 7 7 8 13 0 1 16 8 12
split_gain=0.627762 2.50421 2.45777 2.46807 1.59499 0.963668 1.64592 0.991011 1.53652 1.60178 0.669323 0.959183 0.940654 0.421567
threshold=166.50000000000003 167.50000000000003 13.500000000000002 167.50000000000003 165.50000000000003 163.50000000000003 142.50000000000003 108.50000000000001 161.50000000000003 13.500000000000002 5.5000000000000009 174.50000000000003 22.500000000000004 156.50000000000003
decision_type=2 2 2 2 2 2 2 2 2 2 2 2 2 2
left_child=2 5 4 -4 10 6 7 8 -2 -10 11 13 -12 -1
right_child=1 -3 3 -5 -6 -7 -8 -9 9 -11 12 -13 -14 -15
leaf_value=-0.02175457697298594 0.014436421303229093 -0.010056316596078006 -0.031434156468723072 0.0067954540591730244 0.017873452251906341 0.020668440464225852 -0.013117752809063174 0.022189013517021114 -0.018347743461223483 0.0093237264581501039 -0.0066311349100787861 0.0018362279656803462 0.01896408370568093 0.0033735454765748546
leaf_weight=5.2145549991983051 9.3995758731034638 19.345610598102212 7.3930466682068054 4.1231268397532403 7.8638701699674121 9.5811843851697613 5.9662100081332019 5.576999931712634 7.408577671274541 4.9863064674427733 3.5613331544445819 9.9428159417584521 2.0310921950731426 0.55669057019986201
leaf_count=1006 130 148 1150 40 66 88 83 65 125 75 172 81 80 9
internal_value=0.000218554 0.00328112 -0.00431439 -0.0198332 0.00381791 0.00971497 0.00428194 0.00951492 0.00273633 -0.0077356 -0.0037809 -0.00849805 0.00722845 -0.0188899
internal_weight=102.951 62.2645 40.6865 11.5162 29.1704 42.9189 33.3377 27.3715 21.7945 12.3949 21.3065 15.7141 5.59243 5.77125
internal_count=3318 714 2604 1190 1414 566 478 395 330 200 1348 1096 252 1015
is_linear=0
shrinkage=0.05


Tree=168
num_leaves=15
num_cat=0
split_feature=12 12 4 4 15 9 9 5 15 6 7 9 5 0
split_gain=0.601399 2.30401 1.01867 2.68204 1.3849 1.84563 2.60611 1.85129 1.3862 1.37891 1.56206 1.73501 1.02797 0.993702
threshold=170.50000000000003 166.50000000000003 176.50000000000003 170.50000000000003 157.50000000000003 173.50000000000003 164.50000000000003 162.50000000000003 168.50000000000003 124.50000000000001 101.50000000000001 23.500000000000004 21.500000000000004 12.500000000000002
decision_type=2 2 2 2 2 2 2 2 2 2 2 2 2 2
left_child=1 2 3 4 5 6 7 9 -6 10 11 12 -1 -12
right_child=-2 -3 -4 -5 8 -7 -8 -9 -10 -11 13 -13 -14 -15
leaf_value=-0.011339318162750292 -0.0090985615799486948 0.022289869801271171 0.011575961736635929 -0.024066752637923294 -0.018883331114887089 0.023099855805362918 -0.022464444393787697 0.024740556264320684 0.0030912454939389994 -0.016501844538212448 0.021752996439706077 -0.018460551010140571 0.014212507341283577 -0.0059340533470433506
leaf_weight=1.3794418743345946 9.9846653481945378 6.8991483189165583 8.6674206848256272 7.9543110837112172 9.8915527105564269 6.4359973180107763 5.0822641944978377 4.902232539956457 11.540643623680806 4.7335937194002318 8.6933874756214191 6.4787046362762331 8.0664136036066321 1.8900111675902724
leaf_count=363 109 62 66 68 169 58 87 48 132 294 469 608 469 316
internal_value=0.000239398 0.00166058 -0.00113687 -0.00318526 0.000680515 0.00532629 0.000353119 0.00590164 -0.00870419 -5.99028e-05 0.00502893 -0.00470907 0.00784779 0.016491
internal_weight=102.6 92.6151 85.716 77.0486 69.0942 47.662 41.226 36.1438 21.4322 31.2416 26.508 15.9246 9.44586 10.5834
internal_count=3318 3209 3147 3081 3013 2712 2654 2567 301 2519 2225 1440 832 785
is_linear=0
shrinkage=0.05


Tree=169
num_leaves=15
num_cat=0
split_feature=9 5 6 14 3 10 4 3 3 3 6 8 9 2
split_gain=0.606162 0.955268 1.40867 1.25478 1.45207 1.71543 1.36351 1.25764 1.24217 1.36641 1.17662 1.06347 0.998022 0.924131
threshold=21.500000000000004 145.50000000000003 155.50000000000003 189.50000000000003 128.50000000000003 67.500000000000014 108.50000000000001 85.500000000000014 171.50000000000003 160.50000000000003 140.50000000000003 176.50000000000003 90.500000000000014 1.5000000000000002
decision_type=2 2 2 2 2 2 2 2 2 2 2 2 2 2
left_child=-1 3 10 4 5 7 11 13 9 -4 -3 -7 -8 -2
right_child=1 2 8 -5 -6 6 12 -9 -10 -11 -12 -13 -14 -15
leaf_value=-0.011356778914935257 0.01219708449477773 -0.00046652152058458836 0.0091529716549565727 0.024319123693370751 0.012898054637160497 -0.02414338648853737 0.016897906910795187 0.0236082596073314 0.013995284853604774 -0.011036933020010584 -0.024310828657875715 0.0052422142005448848 -0.010844442959482182 -0.011512161780772205
leaf_weight=5.3001758688478722 1.8046435914002374 9.8382609705440718 9.0965986328083108 3.227003874257206 14.92729483527364 10.586477124015802 2.6485459083924066 2.6711703983601183 10.311039764434097 16.485476959962398 6.4014745926251626 1.8997898660600174 1.252108516404405 5.8330564772477373
leaf_count=504 93 143 149 58 269 713 67 57 73 133 161 15 383 500
internal_value=0.000213307 0.00137142 -0.00311427 0.00637488 0.00252482 -0.00439517 -0.0130312 0.00910504 0.00259639 -0.00353501 -0.013376 -0.0194518 0.00690329 -0.00330084
internal_weight=102.283 96.9829 52.1329 44.8501 41.6231 26.6958 16.3869 10.3089 35.8931 25.5821 16.2397 12.4863 3.90065 7.6377
internal_count=3318 2814 659 2155 2097 1828 1178 650 355 282 304 728 450 593
is_linear=0
shrinkage=0.05


Tree=170
num_leaves=15
num_cat=0
split_feature=9 5 5 11 5 8 3 14 7 14 0 3 2 2
split_gain=0.58217 0.929697 1.17223 1.44077 1.41924 1.44914 1.34436 1.48039 1.55575 2.33188 0.915313 0.897367 1.78909 1.46256
threshold=21.500000000000004 102.50000000000001 108.50000000000001 25.500000000000004 124.50000000000001 98.500000000000014 156.50000000000003 181.50000000000003 174.50000000000003 166.50000000000003 7.5000000000000009 128.50000000000003 1.5000000000000002 2.5000000000000004
decision_type=2 2 2 2 2 2 2 2 2 2 2 2 2 2
left_child=10 11 3 -3 5 -4 -6 8 9 -8 -1 12 -2 -14
right_child=1 2 4 -5 6 -7 7 -9 -10 -11 -12 -13 13 -15
leaf_value=0.0057921848196586037 0.020527990068809926 0.0078687126772274876 -0.0068427692575322831 -0.026198789204428426 -0.017199997312267935 0.023567198804101703 -0.0056244740561877437 -0.013295280816453184 -0.0087040343111667896 0.020058264695575631 -0.020812970344385444 0.020844912934440619 -0.02018929793404084 0.004794261551111987
leaf_weight=2.6626912076026192 3.8019434160669396 1.9185210081050161 3.1669959153514338 4.09050998656312 7.470471694279694 6.6128180033410899 11.369847671303434 8.8379901796579343 10.158467489294706 18.297250954434276 2.6086731376126409 5.3114422948565325 5.2118671602802342 10.318354336894116
leaf_count=162 158 72 54 213 377 418 184 63 81 148 342 77 319 650
internal_value=0.000260364 0.00139605 -0.00157437 -0.0166882 0.00088298 0.0147361 -0.00253838 0.00110524 0.0054275 0.0108238 -0.0110964 0.00886859 0.00197089 -0.00646511
internal_weight=101.838 96.5665 71.9229 6.00903 65.9138 9.77981 56.134 48.6636 39.8256 29.6671 5.27136 24.6436 19.3322 15.5302
internal_count=3318 2814 1610 285 1325 472 853 476 413 332 504 1204 1127 969
is_linear=0
shrinkage=0.05


Tree=171
num_leaves=15
num_cat=0
split_feature=13 7 5 6 4 12 4 3 13 14 14 16 8 6
split_gain=0.584426 0.961053 1.81339 2.2666 1.96992 1.43701 1.37688 1.45118 1.11347 1.53739 1.4526 0.971443 0.909372 0.641046
threshold=177.50000000000003 174.50000000000003 176.50000000000003 171.50000000000003 163.50000000000003 153.50000000000003 152.50000000000003 128.50000000000003 124.50000000000001 169.50000000000003 176.50000000000003 203.00000000000003 105.50000000000001 112.50000000000001
decision_type=2 2 2 2 2 2 2 2 2 2 2 2 2 2
left_child=1 2 3 4 6 -6 7 8 9 11 13 -1 -9 -10
right_child=-2 -3 -4 -5 5 -7 -8 12 10 -11 -12 -13 -14 -15
leaf_value=-0.011916572262875824 0.0082005977598301142 -0.011515595783167911 0.022720363205031777 -0.026548721001120348 0.021862310065943719 -0.0023962877904203849 -0.019139920938676259 -0.0046900692545783062 -0.0078929508979175937 0.015404269569568205 -0.02833883539004638 0.011929012605421604 0.019327797171294916 0.01366582811653904
leaf_weight=13.635358976229332 13.957864596974103 13.875607803929595 3.6350220479071131 3.0689415456727138 11.086437534890139 8.3905038107186538 6.8405154958018093 3.3728878202964534 2.4564518663973995 6.7211774622555813 4.1093904364388436 1.2158555239439 7.4708883295534179 1.7361175493570042
leaf_count=1854 134 131 24 22 112 77 203 25 251 82 81 10 266 46
internal_value=0.000211104 -0.0014357 0.00107184 -0.00148852 0.00142187 0.0130572 -0.00413203 0.00020676 -0.00551445 0.00122818 -0.0169109 -0.00745146 0.0127347 0.00361174
internal_weight=101.573 87.6152 73.7395 70.1045 67.0356 19.4769 47.5586 40.7181 29.8744 21.5724 8.30196 14.8512 10.8438 4.19257
internal_count=3318 3184 3053 3029 3007 189 2818 2615 2324 1946 378 1864 291 297
is_linear=0
shrinkage=0.05


Tree=172
num_leaves=15
num_cat=0
split_feature=12 12 12 6 7 0 13 11 17 0 9 12 7 7
split_gain=0.56855 2.17019 0.956733 1.27184 1.10644 0.930905 0.953304 1.87658 2.06886 1.01166 2.23806 0.852298 0.766081 2.26378
threshold=170.50000000000003 166.50000000000003 143.50000000000003 105.50000000000001 171.50000000000003 6.5000000000000009 124.50000000000001 163.50000000000003 0.02556818181818182 10.500000000000002 173.50000000000003 127.50000000000001 171.50000000000003 165.50000000000003
decision_type=2 2 2 2 2 2 2 2 2 2 2 2 2 2
left_child=1 2 5 -4 -5 -1 9 8 -8 -7 12 -10 13 -11
right_child=-2 -3 3 4 -6 6 7 -9 11 10 -12 -13 -14 -15
leaf_value=-0.014880785842373215 -0.0089079732325896069 0.021674922591712019 0.0059229570389043376 -0.020260929546588827 0.0029144783622644934 0.016672709508096833 0.011569881626507839 0.013726403904068369 -0.024277597879428254 -0.015936192012332654 0.018038222120276289 0.0017911677875684052 -0.023507493664034193 0.020169105898948454
leaf_weight=2.1040284555347162 9.8689157259650511 6.8224142552353433 8.2999974922859128 13.264068300864894 5.5951141184195867 15.960691404761748 3.9299963451922002 6.7565046359668477 9.9267754220927582 5.1493062466615793 5.2028016280382863 3.1454900167300357 2.5733639355748892 2.5905319786979817
leaf_count=1022 109 62 116 225 50 211 27 90 366 842 49 88 31 30
internal_value=0.000201745 0.00159752 -0.00114387 -0.00809699 -0.0142154 0.00253479 0.00437834 -0.00288965 -0.0111115 0.00950837 -0.000128556 -0.0192448 -0.0121906 -0.000678741
internal_weight=101.19 91.3211 84.4987 27.1592 18.8592 57.3395 55.2355 23.7588 17.0023 31.4767 15.516 13.0723 10.3132 7.73984
internal_count=3318 3209 3147 391 275 2756 1734 571 481 1163 952 454 903 872
is_linear=0
shrinkage=0.05


Tree=173
num_leaves=15
num_cat=0
split_feature=13 11 0 10 13 10 8 5 9 14 14 10 3 6
split_gain=0.571653 0.787451 1.3744 0.989472 1.40958 1.3347 2.08924 1.33096 1.05998 1.0438 1.43138 1.36322 0.714254 0.714127
threshold=20.500000000000004 22.500000000000004 14.500000000000002 176.50000000000003 180.50000000000003 148.50000000000003 170.50000000000003 155.50000000000003 163.50000000000003 168.50000000000003 174.50000000000003 103.50000000000001 89.500000000000014 22.500000000000004
decision_type=2 2 2 2 2 2 2 2 2 2 2 2 2 2
left_child=-1 2 12 4 5 6 9 8 -7 -3 -11 -12 13 -2
right_child=1 3 -4 -5 -6 7 -8 -9 -10 10 11 -13 -14 -15
leaf_value=-0.011921110333111983 -0.013324459598812167 -0.014850308323043912 -0.010039737027397596 0.013504268038684014 0.012286798156146483 -0.012577732855137856 0.018623129387674967 -0.022876977838259538 0.012568128373357013 0.014135322286059801 0.0053163915510210623 -0.016583802620366444 0.019932327478407039 0.0099895622587007765
leaf_weight=3.953134018694981 1.5652013835497229 12.634604587423381 3.3669195903348728 5.4408787123393259 8.3092531990259868 2.6260273965017431 6.38528835074976 11.776352613465859 4.3981231834040955 7.7795845876680714 10.295359872048722 9.591339187929405 11.028239191276951 1.7141834268695673
leaf_count=131 130 1643 237 49 88 155 54 139 66 131 152 84 178 81
internal_value=0.000202167 0.0012573 0.00948519 -0.00103208 -0.00289273 -0.00555372 -0.000577908 -0.0151927 0.00184617 -0.00533984 0.000611633 -0.00645581 0.0154899 -0.00246468
internal_weight=100.864 96.9114 17.6745 79.2368 73.7959 65.4867 46.6862 18.8005 7.02415 40.3009 27.6663 19.8867 14.3076 3.27938
internal_count=3318 3187 626 2561 2512 2424 2064 360 221 2010 367 236 389 211
is_linear=0
shrinkage=0.05


Tree=174
num_leaves=15
num_cat=0
split_feature=13 12 12 15 15 7 5 3 14 11 9 9 6 16
split_gain=0.548036 0.751646 2.14719 1.28404 1.46775 1.49127 1.35257 1.76068 1.08052 1.27199 1.49832 1.45295 1.15481 0.822973
threshold=20.500000000000004 170.50000000000003 166.50000000000003 173.50000000000003 157.50000000000003 171.50000000000003 168.50000000000003 165.50000000000003 193.50000000000003 97.500000000000014 23.500000000000004 174.50000000000003 22.500000000000004 24.500000000000004
decision_type=2 2 2 2 2 2 2 2 2 2 2 2 2 2
left_child=-1 2 3 4 6 -6 7 8 9 12 -11 -12 -2 -14
right_child=1 -3 -4 -5 5 -7 -8 -9 -10 10 11 -13 13 -15
leaf_value=-0.011677683987940932 -0.010246134572863773 -0.0094368064268900206 0.023048313161688518 0.01413545006321603 -0.019897682930232884 0.0052268570818939097 -0.011721553607340736 0.022889232849783021 0.018637804320975653 0.010659430223268179 -0.020804929658369452 0.0091432274797339248 -0.0065319276974864756 0.01781558435738978
leaf_weight=3.9383657953003413 3.2472976452554567 9.466187487356363 6.5096070291474453 8.5897818733938021 13.571861789328979 6.1168772075325242 9.216995475580914 6.5619589528068891 1.9111235328018654 3.2747228571097393 14.334724335727516 2.0660890862345687 1.7027151979855251 9.9956557657860667
leaf_count=131 377 106 59 89 209 52 79 58 28 337 893 15 103 782
internal_value=0.000201719 0.00123725 0.00284667 -3.6229e-05 -0.00253504 -0.0126143 0.00202809 0.00588173 0.000439009 -0.00279081 -0.0101091 -0.0157775 0.0069625 0.013377
internal_weight=100.504 96.5656 87.0994 80.5898 72 19.6887 52.3113 43.0943 36.5323 34.6212 19.6755 16.4008 14.9457 11.6984
internal_count=3318 3187 3081 3022 2933 261 2672 2593 2535 2507 1245 908 1262 885
is_linear=0
shrinkage=0.05


Tree=175
num_leaves=15
num_cat=0
split_feature=9 6 0 2 2 0 7 7 1 4 4 7 4 14
split_gain=0.538664 0.891374 1.05316 0.961609 3.07376 0.865586 0.86189 1.07991 2.02706 1.29289 1.70086 2.51305 3.08588 1.75769
threshold=21.500000000000004 94.500000000000014 6.5000000000000009 2.5000000000000004 1.5000000000000002 7.5000000000000009 101.50000000000001 116.50000000000001 2.5000000000000004 176.50000000000003 170.50000000000003 171.50000000000003 163.50000000000003 184.50000000000003
decision_type=2 2 2 2 2 2 2 2 2 2 2 2 2 2
left_child=5 2 -2 4 -4 -1 -3 8 -8 10 11 12 13 -9
right_child=1 6 3 -5 -6 -7 7 9 -10 -11 -12 -13 -14 -15
leaf_value=0.0056880564554041444 -0.010246674817847651 -0.013986941209597106 0.022876782256006548 0.024457208269748336 -0.021022173604498502 -0.02023571869917901 0.023407334577662812 -0.024520053383268226 -0.0098453855486972698 0.011264427483910704 -0.020397306343445745 0.014757214505713266 0.0090424157986238353 0.0073015898478761042
leaf_weight=2.6393452058546236 1.2790646668872785 5.908852003485662 2.6088548310799506 6.2563967018504627 3.3784958001342602 2.5302973557263613 7.3762708151189127 15.751437469734816 3.7652940360712819 10.429987607290967 8.7944888996425998 13.487884376430882 12.911235222476533 3.0475796330720177
leaf_count=162 504 161 68 270 203 342 228 705 225 80 80 130 123 37
internal_value=0.000265721 0.00136878 0.0112776 0.0158453 -0.000188224 -0.0107111 -0.000832859 0.000999969 0.0126009 -0.0017694 -0.00502853 -0.000304308 -0.00784809 -0.0189111
internal_weight=100.165 94.9958 13.5228 12.2437 5.98735 5.16964 81.473 75.5642 11.1416 64.4226 53.9926 45.1981 31.7103 18.799
internal_count=3318 2814 1045 541 271 504 1769 1608 453 1155 1075 995 865 742
is_linear=0
shrinkage=0.05


Tree=176
num_leaves=15
num_cat=0
split_feature=10 10 9 5 4 17 10 15 4 6 2 5 8 0
split_gain=0.54072 2.344 1.64041 0.950216 1.36274 1.70991 2.12509 1.45596 0.946036 1.41252 1.26956 1.33036 1.69379 1.65971
threshold=113.50000000000001 124.50000000000001 153.50000000000003 145.50000000000003 176.50000000000003 0.02556818181818182 148.50000000000003 168.50000000000003 168.50000000000003 113.50000000000001 2.5000000000000004 102.50000000000001 20.500000000000004 8.5000000000000018
decision_type=2 2 2 2 2 2 2 2 2 2 2 2 2 2
left_child=8 -2 -3 -4 5 -5 -7 -8 9 10 -1 12 -12 -14
right_child=1 2 3 4 -6 6 7 -9 -10 -11 11 -13 13 -15
leaf_value=-0.017905933471062459 0.022516249836689265 -0.020047175103164328 0.011700718838742255 0.0079702000547540904 0.011831556167351116 0.00515194930104995 -0.036191003707246337 -0.0022359116470778615 -0.017042566170096966 0.012648054427645447 -0.013825843041685479 -0.013186499887463727 0.023756549593369314 -0.010870437730425293
leaf_weight=8.1662396518513578 7.6348673871252677 4.8170129968493702 12.76408303924836 8.3678600192070025 7.6333865066990247 6.6710380000877221 5.5859701406152436 5.4985435628332198 5.5554317133501163 9.8604887177061737 1.8785344782518247 4.6318086241080882 9.3072883689310384 1.3627528878860165
leaf_count=643 239 322 212 58 61 90 116 53 40 273 168 248 460 335
internal_value=0.00024843 0.00320596 -0.00140928 0.00227883 -0.00233365 -0.00770859 -0.0152254 -0.0252784 -0.00391313 2.03191e-05 -0.00616673 0.00219178 0.0100079 0.0172767
internal_weight=99.7353 58.9728 51.3379 46.5209 33.7568 26.1234 17.7556 11.0845 40.7625 35.2071 25.3466 17.1804 12.5486 10.67
internal_count=3318 1151 912 590 378 317 259 169 2167 2127 1854 1211 963 795
is_linear=0
shrinkage=0.05


Tree=177
num_leaves=15
num_cat=0
split_feature=13 7 5 6 4 12 4 3 13 14 14 8 16 6
split_gain=0.551378 0.930395 1.77124 2.10724 1.81449 1.28282 1.19309 1.36963 0.950778 1.39093 1.31273 0.899192 0.893583 0.59757
threshold=177.50000000000003 174.50000000000003 176.50000000000003 171.50000000000003 163.50000000000003 153.50000000000003 152.50000000000003 128.50000000000003 124.50000000000001 176.50000000000003 169.50000000000003 105.50000000000001 203.00000000000003 112.50000000000001
decision_type=2 2 2 2 2 2 2 2 2 2 2 2 2 2
left_child=1 2 3 4 6 -6 7 8 10 13 12 -9 -1 -10
right_child=-2 -3 -4 -5 5 -7 -8 11 9 -11 -12 -13 -14 -15
leaf_value=-0.011600337743711921 0.0079525128333984511 -0.011453595583622078 0.02241971515127212 -0.025795138419153374 0.020906018370036181 -0.0022165592695872548 -0.018220245902989141 -0.0049251221602438985 -0.0074977113418377775 -0.027496678415320597 0.013977263335688793 0.018886939910147872 0.011422092863726013 0.013448169379829192
leaf_weight=13.285496288561268 13.73196349525824 13.597902429988606 3.6234563663601866 2.9985733777284613 10.880745264003055 8.2341659190133196 6.573030569124966 3.3225908001768385 2.3806806019856577 3.9615211435593665 6.6012519628275177 7.3329867275024299 1.16878306493163 1.7042161264689637
leaf_count=1854 134 131 24 22 112 77 203 25 251 81 82 266 10 46
internal_value=0.0001496 -0.00147077 0.0010337 -0.00154772 0.00131525 0.0125511 -0.00409143 1.89464e-05 -0.00560363 -0.0162183 0.000786637 0.0122603 -0.00728156 0.00383287
internal_weight=99.3974 85.6654 72.0675 68.444 65.4455 19.1149 46.3306 39.7575 29.1019 8.04642 21.0555 10.6556 14.4543 4.0849
internal_count=3318 3184 3053 3029 3007 189 2818 2615 2324 378 1946 291 1864 297
is_linear=0
shrinkage=0.05


Tree=178
num_leaves=15
num_cat=0
split_feature=12 12 12 6 7 0 5 0 4 7 9 5 9 16
split_gain=0.527251 1.97971 0.859542 1.12053 0.955764 0.867056 0.861924 1.65993 2.24368 1.22829 1.11393 0.96462 0.811103 0.627066
threshold=170.50000000000003 166.50000000000003 143.50000000000003 105.50000000000001 171.50000000000003 6.5000000000000009 145.50000000000003 13.500000000000002 164.50000000000003 102.50000000000001 24.500000000000004 22.500000000000004 76.500000000000014 173.50000000000003
decision_type=2 2 2 2 2 2 2 2 2 2 2 2 2 2
left_child=1 2 5 -4 13 -1 9 -8 -9 10 11 -7 -11 -5
right_child=-2 -3 3 4 -6 6 7 8 -10 12 -12 -13 -14 -15
leaf_value=-0.014500377535715585 -0.0086803173357861817 0.020778756665298274 0.0055095332839828612 -0.025727533122517111 0.0025516782926566922 -0.007720856146239634 -0.010307077682996435 -0.010743999679561049 0.023218533470938142 -0.0017675391990329622 -0.01343154891328586 0.016515640358152735 0.024387472616433169 -0.0027471663878084317
leaf_weight=2.0289267108892082 9.6804850012995285 6.6904466599225989 8.1196526391431707 7.2824810708698369 5.5176298124715677 2.8913872547564115 17.529826766112823 4.409250103577504 6.8358780101407319 2.9659337089397004 4.865471868106396 5.8418072563363239 8.7062494496640266 5.6671411930583417
leaf_count=1022 109 62 116 155 50 394 147 173 75 41 205 206 493 70
internal_value=0.000141142 0.00150622 -0.00114986 -0.00779379 -0.0135706 0.00238042 0.00418836 -0.00173199 0.0106936 0.0101022 -0.000773036 0.00860187 0.0192045 -0.0192373
internal_weight=99.0326 89.3521 82.6616 26.5869 18.4673 56.0747 54.0458 28.775 11.2451 25.2708 13.5987 8.73319 11.6722 12.9496
internal_count=3318 3209 3147 391 275 2756 1734 395 248 1339 805 600 534 225
is_linear=0
shrinkage=0.05


Tree=179
num_leaves=15
num_cat=0
split_feature=13 14 9 16 9 10 7 8 9 8 6 15 11 5
split_gain=0.525401 0.861354 1.39472 1.31203 1.2707 2.12074 1.15313 1.2134 1.95564 0.933715 0.851667 0.61828 0.696804 0.755395
threshold=177.50000000000003 181.50000000000003 174.50000000000003 183.50000000000003 106.50000000000001 168.50000000000003 123.50000000000001 102.50000000000001 25.500000000000004 20.500000000000004 21.500000000000004 175.50000000000003 170.50000000000003 174.50000000000003
decision_type=2 2 2 2 2 2 2 2 2 2 2 2 2 2
left_child=1 2 3 4 6 11 7 8 9 -1 -11 12 13 -6
right_child=-2 -3 -4 -5 5 -7 -8 -9 -10 10 -12 -13 -14 -15
leaf_value=-0.012491723064278091 0.0077497611655556941 -0.012263106299917777 0.013223546482624882 0.0089056729397431755 -0.027353145143492755 0.010597243632827855 0.016304934876311735 0.015446342947555784 -0.021704172094638666 -0.0082300012821458265 0.016832987854175849 0.0023627671030450872 0.0023830269815894901 0.0025019385626643405
leaf_weight=1.1319838357158101 13.694560188334433 10.333711534738539 12.544003419578074 13.98932143463753 14.616926704329684 4.0553997870301819 4.4251852282613973 1.693548528040991 8.4343257809523475 1.2573641329654472 7.4686096644145437 1.8996380367316295 1.7503539882600296 1.488172250567003
leaf_count=160 134 119 109 121 1043 55 86 192 456 293 495 23 15 17
internal_value=0.000127371 -0.00146144 0.000706911 -0.00261289 -0.00647721 -0.0136062 0.00160735 -0.00425854 -0.00900702 0.00550458 0.0115391 -0.0197116 -0.0220632 -0.0246553
internal_weight=98.7831 85.0885 74.7548 62.2108 48.2215 23.8105 24.411 19.9858 18.2923 9.85796 8.72597 19.7551 17.8555 16.1051
internal_count=3318 3184 3065 2956 2835 1153 1682 1596 1404 948 788 1098 1075 1060
is_linear=0
shrinkage=0.05


Tree=180
num_leaves=15
num_cat=0
split_feature=10 10 9 4 6 2 5 8 0 2 5 4 3 10
split_gain=0.531371 2.15025 1.55377 0.88869 1.28981 1.18399 1.21235 1.59437 1.57797 1.03958 0.84585 1.24158 1.54212 2.06897
threshold=113.50000000000001 124.50000000000001 153.50000000000003 168.50000000000003 113.50000000000001 2.5000000000000004 102.50000000000001 20.500000000000004 8.5000000000000018 1.5000000000000002 145.50000000000003 176.50000000000003 171.50000000000003 148.50000000000003
decision_type=2 2 2 2 2 2 2 2 2 2 2 2 2 2
left_child=3 -2 -3 4 5 9 7 -7 -9 -1 -4 12 13 -12
right_child=1 2 10 -5 -6 6 -8 8 -10 -11 11 -13 -14 -15
leaf_value=0.002920682546898513 0.021655936789839889 -0.019582440856537806 0.011170828223140992 -0.016739252955862063 0.0119912541775963 -0.013557267489746181 -0.012672468271844983 0.022994303911631524 -0.010739825287887949 -0.025828034142101514 0.0054879342022888713 0.011381876932250731 0.0076423080869474627 -0.024528960023800804
leaf_weight=3.2848012496833707 7.5477604915795373 4.717883765581063 12.624206126027273 5.4960408594924948 9.7642288885544968 1.8501612113905164 4.5539547573716836 9.2430117586627585 1.3419482597382728 4.7385512763867155 6.5791765509056921 7.5756691922433665 8.222474802285431 10.883725871710338
leaf_count=273 239 322 212 40 273 168 248 460 335 370 90 61 58 169
internal_value=0.000153741 0.00311049 -0.0013543 -0.0039876 -0.00012152 -0.00606 0.00206717 0.00955125 0.016644 -0.0174556 0.00225992 -0.00214005 -0.00733298 -0.0145157
internal_weight=98.4236 58.1509 50.6031 40.2727 34.7767 25.0124 16.9891 12.4351 10.585 8.02335 45.8853 33.261 25.6854 17.4629
internal_count=3318 1151 912 2167 2127 1854 1211 963 795 643 590 378 317 259
is_linear=0
shrinkage=0.05


Tree=181
num_leaves=15
num_cat=0
split_feature=10 10 5 9 4 9 4 6 2 5 8 0 2 0
split_gain=0.522184 2.02733 1.52099 1.99225 1.46455 1.54605 0.824292 1.23631 1.10494 1.12963 1.51673 1.50736 1.00455 0.796351
threshold=113.50000000000001 124.50000000000001 174.50000000000003 174.50000000000003 144.50000000000003 162.50000000000003 168.50000000000003 113.50000000000001 2.5000000000000004 102.50000000000001 20.500000000000004 8.5000000000000018 1.5000000000000002 11.500000000000002
decision_type=2 2 2 2 2 2 2 2 2 2 2 2 2 2
left_child=6 -2 3 4 5 -3 7 8 12 10 -10 -12 13 -1
right_child=1 2 -4 -5 -6 -7 -8 -9 9 -11 11 -13 -14 -15
leaf_value=-0.0094402009024576183 0.021029485041433361 -0.014421380888075564 0.014635403336091812 0.0085030332034632533 -0.018695868470122733 0.013751152723820371 -0.016314173814504281 0.011594378952352503 -0.013397064987099883 -0.012395129842735613 0.022235074805337179 -0.01065016377663619 -0.025433994907337033 0.015301209728459761
leaf_weight=2.2606569912168228 7.53329156897962 3.3895612063060998 7.1178768458776167 13.878299698233603 19.229997835849645 6.8093539281398989 5.4877727038692674 9.7646744390658551 1.8387501132383501 4.5354047992441329 9.2512069999356736 1.3280290530237824 4.6510559515154455 1.0295394296990705
leaf_count=173 239 292 56 121 372 71 40 273 168 248 460 335 370 100
internal_value=7.61775e-05 0.00301539 -0.00133017 -0.00519746 -0.011955 0.00272409 -0.00403103 -0.000274592 -0.00609064 0.00180703 0.00906321 0.0160138 -0.017135 0.00286087
internal_weight=98.1055 57.9584 50.4251 43.3072 29.4289 10.1989 40.1471 34.6593 24.8946 16.9534 12.418 10.5792 7.94125 3.2902
internal_count=3318 1151 912 856 735 363 2167 2127 1854 1211 963 795 643 273
is_linear=0
shrinkage=0.05


Tree=182
num_leaves=15
num_cat=0
split_feature=10 10 9 14 16 14 16 12 4 6 2 5 8 0
split_gain=0.518078 1.90101 1.45916 0.846141 1.12528 1.26431 0.924202 0.872931 0.76611 1.18216 1.02484 1.05212 1.443 1.44033
threshold=113.50000000000001 124.50000000000001 153.50000000000003 181.50000000000003 171.50000000000003 163.50000000000003 165.50000000000003 125.50000000000001 168.50000000000003 113.50000000000001 2.5000000000000004 102.50000000000001 20.500000000000004 8.5000000000000018
decision_type=2 2 2 2 2 2 2 2 2 2 2 2 2 2
left_child=8 -2 -3 4 6 -6 7 -4 9 10 -1 12 -12 -14
right_child=1 2 3 -5 5 -7 -8 -9 -10 -11 11 -13 13 -15
leaf_value=-0.016766986818390308 0.020420692035040013 -0.019013074586833541 0.010385550822714416 -0.0080451729240199141 0.0087863551318964131 -0.013471672210472583 0.023339171092155806 -0.0094210089328210581 -0.01590008667085728 0.011210535198767215 -0.01323928242681696 -0.012123826052821826 0.021500303124773645 -0.010561791800597761
leaf_weight=7.8594810439390157 7.5194054526509708 4.6222902306180904 8.3682836208317912 10.233487362042068 7.4183326074853531 8.5508533138781768 6.2517011826857916 4.7284968082676633 5.4795815853867671 9.7652454708586429 1.827504290529762 4.517401466757291 9.2596565941930731 1.3143645517411631
leaf_count=643 239 322 166 79 84 93 61 107 40 273 168 248 460 335
internal_value=3.79839e-05 0.0029748 -0.00125343 0.00225105 0.00586218 -0.00350232 0.0127232 0.00260736 -0.00405562 -0.000403885 -0.00609493 0.00155653 0.00859147 0.0154036
internal_weight=97.7161 57.6929 50.1734 45.5512 35.3177 15.9692 19.3485 13.0968 40.0232 34.5437 24.7784 16.9189 12.4015 10.574
internal_count=3318 1151 912 590 511 177 334 273 2167 2127 1854 1211 963 795
is_linear=0
shrinkage=0.05


Tree=183
num_leaves=15
num_cat=0
split_feature=9 9 9 8 9 4 16 11 9 5 13 5 15 0
split_gain=0.515753 0.830356 1.36888 0.777183 1.52696 1.8552 1.31941 1.36051 1.64564 1.1704 1.01988 1.7125 1.02434 0.754721
threshold=21.500000000000004 24.500000000000004 75.500000000000014 90.500000000000014 106.50000000000001 108.50000000000001 183.50000000000003 172.50000000000003 173.50000000000003 86.500000000000014 178.50000000000003 174.50000000000003 174.50000000000003 7.5000000000000009
decision_type=2 2 2 2 2 2 2 2 2 2 2 2 2 2
left_child=13 -2 -3 -4 5 -5 7 8 9 -6 11 12 -11 -1
right_child=1 2 3 4 6 -7 -8 -9 -10 10 -12 -13 -14 -15
leaf_value=0.0049375872496121064 0.01280448364115584 -0.016654109758428355 -0.011693396741188711 -0.0095824292198957561 0.0084583904561490158 0.02345768333451799 0.011903243176510319 0.010828544959351205 0.004443755405085 -0.028213282629919924 0.0054550449954163397 0.007295797939187533 0.0032018060060327556 -0.019655809762128839
leaf_weight=2.6173323772381982 8.1141908590216172 6.7111882872995912 4.9222526204248416 2.7265176905493709 1.980563453456855 10.490664137672864 11.247455197386442 7.4633922986686221 14.702907175058497 17.380490906507486 2.2396410237997761 2.5853591086342922 1.8590105155017216 2.4389879034133628
leaf_count=162 455 328 85 272 154 208 105 63 132 953 15 22 22 342
internal_value=-2.04005e-05 0.00109334 -0.000687531 0.00161791 0.00321414 0.0158826 -0.00061551 -0.00438013 -0.00804479 -0.014675 -0.0177066 -0.0206571 -0.0251435 -0.0108
internal_weight=97.48 92.4236 84.3094 77.5983 72.676 13.2172 59.4588 48.2114 40.748 26.0451 24.0645 21.8249 19.2395 5.05632
internal_count=3318 2814 2359 2031 1946 480 1466 1361 1298 1166 1012 997 975 504
is_linear=0
shrinkage=0.05


Tree=184
num_leaves=15
num_cat=0
split_feature=10 10 9 9 13 7 5 6 4 6 8 14 9 7
split_gain=0.527058 1.74577 1.40485 0.870701 2.30802 2.23449 1.49688 0.829203 0.693855 1.10595 0.965475 1.44514 1.20597 0.594537
threshold=113.50000000000001 124.50000000000001 153.50000000000003 168.50000000000003 168.50000000000003 164.50000000000003 165.50000000000003 122.50000000000001 168.50000000000003 113.50000000000001 24.500000000000004 176.50000000000003 22.500000000000004 21.500000000000004
decision_type=2 2 2 2 2 2 2 2 2 2 2 2 2 2
left_child=8 -2 -3 5 6 7 -5 -4 9 10 12 -12 13 -1
right_child=1 2 3 4 -6 -7 -8 -9 -10 -11 11 -13 -14 -15
leaf_value=-0.014651092401717393 0.019715247815100007 -0.018624239748351482 0.0056240106890165257 0.017505804961282675 -0.018178735941757767 0.02039516254274943 -0.0062601792252016709 -0.018513272360862639 -0.015415725196929912 0.010657586470215167 -0.024383454037035873 0.0040295341264556068 0.017101097825798023 0.0039739134912195563
leaf_weight=4.1161230759753398 7.4690145785571067 4.5373102640733114 3.0780079842661534 9.396514771273365 9.7747837174683792 11.060656536079476 8.6461965548805875 3.3277994607924484 5.4690659374464294 9.7248341809026879 6.4220808986283355 5.3414875674061477 3.7602880830527274 4.9574806905002333
leaf_count=398 239 322 69 121 72 124 75 129 40 273 821 55 243 337
internal_value=-4.38486e-06 0.00297042 -0.00110908 0.00232328 -0.00310785 0.00973966 0.00722983 -0.00953409 -0.00414089 -0.00061257 -0.00611603 -0.0141282 0.00312997 -0.00667853
internal_weight=97.0816 57.2903 49.8213 45.284 27.8175 17.4665 18.0427 6.40581 39.7914 34.3223 24.5975 11.7636 12.8339 9.0736
internal_count=3318 1151 912 590 268 322 196 198 2167 2127 1854 876 978 735
is_linear=0
shrinkage=0.05


Tree=185
num_leaves=15
num_cat=0
split_feature=12 12 4 4 15 9 9 5 15 6 7 9 5 1
split_gain=0.545047 1.78375 0.865532 1.91305 1.12334 1.49623 2.13026 1.52663 1.159 1.13133 1.22469 1.48923 0.881124 0.871597
threshold=170.50000000000003 166.50000000000003 176.50000000000003 170.50000000000003 157.50000000000003 173.50000000000003 164.50000000000003 162.50000000000003 168.50000000000003 124.50000000000001 101.50000000000001 23.500000000000004 21.500000000000004 2.5000000000000004
decision_type=2 2 2 2 2 2 2 2 2 2 2 2 2 2
left_child=1 2 3 4 5 6 7 9 -6 10 11 12 -1 -12
right_child=-2 -3 -4 -5 8 -7 -8 -9 -10 -11 13 -13 -14 -15
leaf_value=-0.010598245530954115 -0.0090702351767424846 0.01972894585567617 0.010607155563879086 -0.021150211814698821 -0.017747271215278443 0.020856810208449816 -0.020885925117487564 0.022467854782624898 0.0028222952292933389 -0.015529722444205432 0.022478205459116492 -0.017416842863865072 0.01330281234737396 -0.0021765815063379147
leaf_weight=1.2687534044380351 9.4635321083478612 6.5882416269741944 8.4338130876421911 7.4120062335859975 9.3938678546110186 6.0143178743310264 4.7794887121999627 4.6488692295970386 10.822752559091894 4.3522087082092176 5.6646396442374662 6.0233055648859581 7.7983797025517561 4.1791107766039204
leaf_count=363 109 62 66 68 169 58 87 48 132 294 387 608 469 398
internal_value=-4.70414e-05 0.00136823 -0.00119157 -0.00316351 0.000254412 0.00459672 -2.5921e-05 0.00521688 -0.00835938 -0.000398667 0.00439525 -0.00438888 0.00738009 0.0148037
internal_weight=96.8433 87.3798 80.7915 72.3577 64.9457 44.7291 38.7148 33.9353 20.2166 29.2864 24.9342 15.0904 9.06713 9.84375
internal_count=3318 3209 3147 3081 3013 2712 2654 2567 301 2519 2225 1440 832 785
is_linear=0
shrinkage=0.05


Tree=186
num_leaves=15
num_cat=0
split_feature=10 10 5 9 6 11 15 4 3 8 14 5 5 0
split_gain=0.513641 1.60947 1.40268 1.69135 1.33298 0.884259 1.41774 0.641798 1.07394 1.88636 1.91551 1.16963 1.0617 0.636111
threshold=113.50000000000001 124.50000000000001 174.50000000000003 174.50000000000003 105.50000000000001 170.50000000000003 174.50000000000003 168.50000000000003 85.500000000000014 95.500000000000014 179.50000000000003 25.500000000000004 22.500000000000004 7.5000000000000009
decision_type=2 2 2 2 2 2 2 2 2 2 2 2 2 2
left_child=7 -2 3 4 -3 6 -6 8 11 -10 -11 12 -1 -14
right_child=1 2 -4 -5 5 -7 -8 -9 9 10 -12 -13 13 -15
leaf_value=-0.010979106144403833 0.018985964383494078 0.0088729992305497957 0.014286947473272747 0.0078310819574315595 -0.023788999622617959 0.0034753516916494302 0.0037618671741051083 -0.015007359225599374 0.017654602768879077 -0.018027912658846037 0.013690416706031626 -0.0239057712946599 0.020366763739523935 -0.0031749652352156079
leaf_weight=4.7115813718701229 7.4397189036535556 3.7053099407639847 7.0575927579775444 13.736821457743643 16.816765166964622 3.8488119374960652 4.3733369323890647 5.4307820883113882 10.249024548335003 7.6631777170696278 3.1659281793981791 3.252819186076521 2.2645227217581123 2.8259037504321896
leaf_count=760 239 120 56 121 539 29 47 40 223 575 39 273 88 169
internal_value=-5.1135e-05 0.00289509 -0.00104049 -0.00482326 -0.011135 -0.0150799 -0.0184703 -0.00414295 -0.000717729 0.00585624 -0.00735959 -0.0100143 0.00111359 0.0122005
internal_weight=96.5421 56.9784 49.5386 42.481 28.7442 25.0389 21.1901 39.5637 34.133 21.0781 10.8291 13.0548 9.80201 5.09043
internal_count=3318 1151 912 856 735 615 586 2167 2127 837 614 1290 1017 257
is_linear=0
shrinkage=0.05


Tree=187
num_leaves=15
num_cat=0
split_feature=12 12 4 4 15 7 8 9 9 5 6 7 9 5
split_gain=0.52399 1.66316 0.81353 1.78829 1.07589 1.7025 1.59882 1.39439 1.97045 1.44575 1.05789 1.1658 1.41186 0.839078
threshold=170.50000000000003 166.50000000000003 176.50000000000003 170.50000000000003 157.50000000000003 171.50000000000003 158.50000000000003 173.50000000000003 164.50000000000003 162.50000000000003 124.50000000000001 101.50000000000001 23.500000000000004 21.500000000000004
decision_type=2 2 2 2 2 2 2 2 2 2 2 2 2 2
left_child=1 2 3 4 7 6 -6 8 9 10 11 12 13 -1
right_child=-2 -3 -4 -5 5 -7 -8 -9 -10 -11 -12 -13 -14 -15
leaf_value=-0.010423258245214336 -0.0088788974037276609 0.019127586447870881 0.010339820305198576 -0.020484392433841227 -0.00049398427314506152 0.010257843043671513 -0.029184815638495728 0.020263085703246309 -0.020114918581490893 0.021875525531176776 -0.01509408575208801 0.014428275153194087 -0.017077016618701299 0.012913754691615998
leaf_weight=1.2439579769852622 9.4084574533626419 6.5530619299970558 8.3883437511976791 7.3278174635488531 9.4507526798406634 5.2581528946757308 5.3840161237749262 5.9763825067784628 4.6942265365505582 4.6389033996965727 4.2811236400448243 9.7643808461143617 5.9455447690852443 7.7948652550694533
leaf_count=363 109 62 66 68 176 41 84 58 87 48 294 785 608 469
internal_value=-1.55658e-05 0.00137792 -0.00111129 -0.00303618 0.000280416 -0.00816834 -0.0156389 0.00454885 4.66316e-05 0.00509508 -0.000406567 0.00424403 -0.00434189 0.0071336
internal_weight=96.11 86.7015 80.1485 71.7601 64.4323 20.0929 14.8348 44.3394 38.363 33.6688 29.0299 24.7487 14.9844 9.03882
internal_count=3318 3209 3147 3081 3013 301 260 2712 2654 2567 2519 2225 1440 832
is_linear=0
shrinkage=0.05


Tree=188
num_leaves=15
num_cat=0
split_feature=10 10 9 9 13 7 5 6 9 12 2 8 0 7
split_gain=0.521077 1.45525 1.3592 0.838223 2.11917 2.08184 1.40217 0.75963 0.591634 2.16118 1.06931 1.29337 0.890411 1.09733
threshold=113.50000000000001 124.50000000000001 153.50000000000003 168.50000000000003 168.50000000000003 164.50000000000003 165.50000000000003 122.50000000000001 94.500000000000014 165.50000000000003 3.5000000000000004 20.500000000000004 8.5000000000000018 128.50000000000003
decision_type=2 2 2 2 2 2 2 2 2 2 2 2 2 2
left_child=8 -2 -3 5 6 7 -5 -4 10 -10 -1 -12 -13 -14
right_child=1 2 3 4 -6 -7 -8 -9 9 -11 11 12 13 -15
leaf_value=-0.008102194930612993 0.018234921276183671 -0.018184399332183143 0.0054145987708312422 0.017105492591330044 -0.017341243868796413 0.020080493819835663 -0.0060119926348381446 -0.017768118136796251 -0.024688189912784052 0.012654657158182757 -0.012947159537112635 0.020129704741717481 -0.016207617918509228 0.011445067436511547
leaf_weight=16.451810392580231 7.4146561530360477 4.4342081681825212 3.0591260818764594 9.2285133765544796 9.680211089551447 10.94650620658649 8.5702503512147796 3.1891283311415464 5.636889999441336 2.2858254080638289 1.7894441384705704 8.611830303561872 1.9822034323879041 2.5269785817072261
leaf_count=820 239 322 69 121 72 124 75 129 649 25 168 262 209 34
internal_value=-4.69627e-05 0.00293223 -0.000849816 0.00252797 -0.00285636 0.00983769 0.00709694 -0.00905638 -0.00418048 -0.0131865 -0.000405001 0.00798977 0.0136297 -0.00284127
internal_weight=95.8076 56.5226 49.1079 44.6737 27.479 17.1948 17.7988 6.24825 39.285 7.92272 31.3623 14.9105 13.121 4.50918
internal_count=3318 1151 912 590 268 322 196 198 2167 674 1493 673 505 243
is_linear=0
shrinkage=0.05


Tree=189
num_leaves=15
num_cat=0
split_feature=12 12 4 4 10 5 14 10 7 6 8 0 6 16
split_gain=0.505543 1.55981 0.774296 1.64388 0.99591 1.54418 2.029 2.29885 1.8797 1.5955 1.23718 1.08602 0.950553 0.916086
threshold=170.50000000000003 166.50000000000003 176.50000000000003 170.50000000000003 169.50000000000003 162.50000000000003 182.50000000000003 67.500000000000014 172.50000000000003 94.500000000000014 20.500000000000004 6.5000000000000009 21.500000000000004 92.500000000000014
decision_type=2 2 2 2 2 2 2 2 2 2 2 2 2 2
left_child=1 2 3 4 5 6 7 10 9 -9 -1 -12 -13 -11
right_child=-2 -3 -4 -5 -6 -7 -8 8 -10 13 11 12 -14 -15
leaf_value=-0.012736792478663637 -0.0088021611359956047 0.018506397691864265 0.010051725111037416 -0.019765149438511254 -0.013630210132652767 0.014674495123947235 0.0158956066972465 0.0065506563587884427 0.0092536961500547538 -0.00083786095072962627 -0.0095130898573296957 -0.005053198244233708 0.023270531748560527 -0.029833080146504317
leaf_weight=1.7679682134767052 9.3588407509960216 6.5163748362101606 8.3719590229447913 7.2851333956350564 6.1026417426764956 13.759447233634999 7.2455433527939013 2.5698068585479694 3.4508713961113235 3.5264032579725635 1.1663529342040408 1.8086008766840667 8.6655765197647252 13.936859158915466
leaf_count=166 109 62 66 68 77 140 127 398 31 151 317 227 391 988
internal_value=-8.58139e-05 0.00129162 -0.00112648 -0.00301207 0.000189005 0.00261335 -0.00225717 -0.00729399 -0.0155983 -0.0208725 0.00753656 0.0135175 0.0183273 -0.0254678
internal_weight=95.5324 86.1735 79.6572 71.2852 64.0001 57.8974 44.138 36.8924 23.4839 20.0331 13.4085 11.6405 10.4742 17.4633
internal_count=3318 3209 3147 3081 3013 2936 2796 2669 1568 1537 1101 935 618 1139
is_linear=0
shrinkage=0.05


Tree=190
num_leaves=15
num_cat=0
split_feature=10 10 5 9 4 9 14 2 16 0 2 8 0 9
split_gain=0.501802 1.36306 1.29531 1.55929 1.297 1.46952 0.595896 0.869878 0.931676 0.839728 0.778086 0.987367 1.15953 0.552434
threshold=113.50000000000001 124.50000000000001 174.50000000000003 174.50000000000003 144.50000000000003 162.50000000000003 168.50000000000003 3.5000000000000004 171.50000000000003 8.5000000000000018 2.5000000000000004 20.500000000000004 6.5000000000000009 163.50000000000003
decision_type=2 2 2 2 2 2 2 2 2 2 2 2 2 2
left_child=6 -2 3 4 5 -3 9 8 -8 10 -1 -12 -13 -6
right_child=1 2 -4 -5 13 -7 7 -9 -10 -11 11 12 -14 -15
leaf_value=-0.011659805999128508 0.017666542557247932 -0.013853716042738776 0.013889159620897033 0.0076414969915825559 -0.0040185358703109927 0.01382584976818341 0.0055302118281650723 0.0096906009876728833 -0.016461441209739813 -0.019636416763216792 -0.010748151452079871 -0.0091022452773698772 0.021839786656188381 -0.023209498331948623
leaf_weight=3.7838820635806787 7.3850887422740916 3.2897960713598895 7.0179604156874111 13.599868863821028 8.3618498496944103 6.6401532484451309 5.5409442500676978 10.540080461418254 5.2681930479593575 6.120345701056066 1.4519913576077668 1.1055406088707966 5.2065038236323744 9.9155523257795704
leaf_count=358 239 292 56 121 219 71 120 143 65 799 58 570 54 153
internal_value=-8.85319e-05 0.00284372 -0.00083115 -0.00452187 -0.0106539 0.00308712 -0.00415604 0.00151265 -0.00700453 -0.00982851 -0.000267804 0.00767678 0.0147925 -0.0171788
internal_weight=95.2278 56.2103 48.8252 41.8072 28.2074 9.92995 39.0175 21.3492 10.8091 17.6683 11.5479 7.76404 6.31204 18.2774
internal_count=3318 1151 912 856 735 363 2167 328 185 1839 1040 682 624 372
is_linear=0
shrinkage=0.05


Tree=191
num_leaves=15
num_cat=0
split_feature=3 3 6 6 3 2 0 9 15 8 0 5 4 12
split_gain=0.503272 1.71616 1.86173 1.91231 1.80508 1.32606 1.28394 1.49248 0.847974 0.825238 0.913347 0.820936 1.33297 0.819195
threshold=171.50000000000003 169.50000000000003 174.50000000000003 139.50000000000003 128.50000000000003 1.5000000000000002 7.5000000000000009 179.50000000000003 185.50000000000003 108.50000000000001 15.500000000000002 25.500000000000004 108.50000000000001 117.50000000000001
decision_type=2 2 2 2 2 2 2 2 2 2 2 2 2 2
left_child=1 2 3 4 5 -1 11 8 -8 -6 -11 -7 -13 -5
right_child=-2 -3 -4 13 9 6 7 -9 -10 10 -12 12 -14 -15
leaf_value=0.012107923064553961 0.0073030083021347935 -0.021088728552343144 0.022270919339874094 0.00037395037950042952 -0.0014815116070874261 0.014240189867804679 -0.026061971689277597 0.010861272803438552 0.003761594387291128 0.025711095740241732 -0.00035571605926503782 -0.015117374271122223 0.012182500853646729 -0.018243109939839089
leaf_weight=5.6786481828312416 13.728668276220558 5.1221802597865453 3.9942991919815531 8.29765610775212 5.4618876550812301 3.6582433803123449 10.255180232372366 1.0593631993979205 1.4641560921445478 8.7912730742245895 4.2647341329138717 6.355593963962745 2.7826190014893655 13.958206769515526
leaf_count=383 105 46 32 175 43 268 947 10 16 106 202 527 181 277
internal_value=-0.000131999 -0.00174079 0.000783803 -0.00177607 0.00372597 -0.00363316 -0.00853674 -0.0172933 -0.0223253 0.0142782 0.0194557 0.00260951 -0.00543598 -0.0125068
internal_weight=94.8727 81.144 76.0219 72.0276 49.7717 31.2538 25.5752 12.7787 11.7193 18.5179 13.056 12.7965 9.13821 22.2559
internal_count=3318 3213 3167 3135 2683 2332 1949 973 963 351 308 976 708 452
is_linear=0
shrinkage=0.05


Tree=192
num_leaves=15
num_cat=0
split_feature=9 6 0 15 9 7 15 5 11 14 12 11 2 0
split_gain=0.495904 0.703185 0.953861 0.720726 1.24913 1.50188 1.97631 1.39302 1.20315 1.4007 1.13274 1.12454 1.12574 0.640409
threshold=21.500000000000004 94.500000000000014 6.5000000000000009 163.50000000000003 180.50000000000003 174.50000000000003 157.50000000000003 162.50000000000003 22.500000000000004 191.50000000000003 21.500000000000004 155.50000000000003 3.5000000000000004 7.5000000000000009
decision_type=2 2 2 2 2 2 2 2 2 2 2 2 2 2
left_child=13 2 -2 4 5 6 7 8 -3 10 -10 12 -5 -1
right_child=1 3 -4 11 -6 -7 -8 -9 9 -11 -12 -13 -14 -15
leaf_value=0.0042238233332238303 -0.010115601790497213 0.012081944367079784 0.014615000611330498 0.020043058681991421 0.014572337286078122 -0.024196855331417987 -0.021650085574165784 0.014190324633961304 0.0058447377146657459 0.012986424243600581 -0.02084609050752571 -0.0049148736318097436 -0.0022543615278218438 -0.01884430738713885
leaf_weight=2.5779483477817839 1.2584937188366883 3.623980508069514 11.538569634169106 9.4147432062309253 2.7057780520990482 5.5504736504517487 5.1564918529475099 11.682429365464484 2.8041421538800924 1.4588404186069954 11.708850933951906 14.875098991673438 7.8153002829058087 2.3226298982626759
leaf_count=162 504 205 541 101 31 57 81 110 62 25 840 154 103 342
internal_value=-6.0545e-05 0.00105672 0.0100243 -0.000959026 -0.00484567 -0.00751465 -0.00236008 0.00336565 -0.00466052 -0.0104342 -0.0155128 0.00437518 0.011697 -0.0107046
internal_weight=94.4938 89.5932 12.7971 76.7961 44.691 41.9852 36.4347 31.2782 19.5958 15.9718 14.513 32.1051 17.23 4.90058
internal_count=3318 2814 1045 1769 1411 1380 1323 1242 1132 927 902 358 204 504
is_linear=0
shrinkage=0.05


Tree=193
num_leaves=15
num_cat=0
split_feature=13 7 5 6 4 9 3 9 15 9 16 16 7 8
split_gain=0.488856 0.870737 1.64645 1.82196 1.7578 1.11338 2.09804 1.8479 1.29559 0.69295 0.575608 0.435498 0.473679 0.55658
threshold=177.50000000000003 174.50000000000003 176.50000000000003 171.50000000000003 165.50000000000003 94.500000000000014 105.50000000000001 162.50000000000003 22.500000000000004 171.50000000000003 203.00000000000003 184.50000000000003 104.50000000000001 24.500000000000004
decision_type=2 2 2 2 2 2 2 2 2 2 2 2 2 2
left_child=1 2 3 4 5 6 10 8 -7 -9 11 12 13 -1
right_child=-2 -3 -4 -5 -6 7 -8 9 -10 -11 -12 -13 -14 -15
leaf_value=0.001039875605171207 0.0073845892999867494 -0.011466656843629285 0.021507325432002539 -0.024440335908688 0.013865430337209475 0.0066476588144942506 0.019404184605613085 0.012948600662559788 -0.025357921340461116 -0.0061061189076043916 0.0089246942349451262 -0.019389616018034319 0.0088026338709830954 -0.01690463131661862
leaf_weight=8.8066441733099108 13.175640661967917 12.890054228482766 3.5700151659548274 2.8455493478104463 14.386091041145844 1.7266771087888653 7.448152677883626 4.9934384017251414 11.220449574859229 4.9601590624079108 1.1882434897124756 2.4172938850242636 1.9949244022427581 2.5843967379769301
leaf_count=914 134 131 24 22 156 106 192 93 1159 68 11 32 41 235
internal_value=-6.94942e-05 -0.00164025 0.000875353 -0.00172904 0.00107086 -0.00377035 0.00341972 -0.0106813 -0.0204267 0.0045864 -0.00640569 -0.00942636 -0.0028435 -0.00694613
internal_weight=94.2077 81.0321 68.142 64.572 61.7265 47.3404 24.4397 22.9007 12.9471 9.9536 16.9915 15.8033 13.386 11.391
internal_count=3318 3184 3053 3029 3007 2851 1425 1426 1265 161 1233 1222 1190 1149
is_linear=0
shrinkage=0.05


Tree=194
num_leaves=15
num_cat=0
split_feature=12 12 4 5 5 5 3 8 2 0 9 7 5 4
split_gain=0.481959 1.43052 0.696251 1.57567 1.19363 1.6738 1.18303 1.1233 1.11841 1.25459 1.36475 0.971268 0.759636 1.2465
threshold=170.50000000000003 166.50000000000003 176.50000000000003 166.50000000000003 162.50000000000003 145.50000000000003 128.50000000000003 105.50000000000001 1.5000000000000002 7.5000000000000009 179.50000000000003 172.50000000000003 25.500000000000004 108.50000000000001
decision_type=2 2 2 2 2 2 2 2 2 2 2 2 2 2
left_child=1 2 3 4 5 6 8 -8 -1 12 -11 -7 -10 -14
right_child=-2 -3 -4 -5 -6 11 7 -9 9 10 -12 -13 13 -15
leaf_value=0.0115298015481251 -0.0086359390022502543 0.017833571405380992 0.0095797824677711502 -0.014945694535516611 0.014596511043091355 -0.024846470752312888 -0.004883554739390096 0.021397065089489329 0.013850906356535981 -0.023130561090387074 0.009984509566359755 0.0039653168539151382 -0.014566270097095064 0.011890098997264599
leaf_weight=5.2999209458357681 9.1849977630190534 6.4132331889122716 8.2509544687345606 14.903251885436474 8.3705094235483539 5.4231506510986938 3.7656324431300146 7.1452514690463431 3.6576465248945196 9.1240299990749882 0.95199230685830194 2.3778556631878018 6.2609709122334589 2.7502761857176665
leaf_count=385 109 62 66 141 91 256 29 222 268 946 9 26 527 181
internal_value=-7.54365e-05 0.00128259 -0.00106263 -0.00287134 0.00136427 -0.00218586 0.00265244 0.0136426 -0.00304058 -0.00790168 -0.0177281 -0.0179457 0.00271876 -0.00513008
internal_weight=93.8797 84.6947 78.2814 70.0305 55.1272 46.7567 38.9557 10.9109 28.0448 22.7449 10.076 7.80101 12.6689 9.01125
internal_count=3318 3209 3147 3081 2940 2849 2567 251 2316 1931 955 282 976 708
is_linear=0
shrinkage=0.05


Tree=195
num_leaves=15
num_cat=0
split_feature=9 5 6 6 14 14 6 5 0 15 12 14 13 0
split_gain=0.477948 0.677473 1.37139 1.02086 0.985712 1.33524 1.44028 1.51048 1.17301 0.978652 0.936999 1.54661 1.22043 0.929175
threshold=21.500000000000004 145.50000000000003 155.50000000000003 140.50000000000003 189.50000000000003 177.50000000000003 115.50000000000001 86.500000000000014 13.500000000000002 183.50000000000003 127.50000000000001 175.50000000000003 163.50000000000003 6.5000000000000009
decision_type=2 2 2 2 2 2 2 2 2 2 2 2 2 2
left_child=-1 4 3 -3 5 6 7 13 -8 -9 11 -4 -12 -2
right_child=1 2 10 -5 -6 -7 8 9 -10 -11 12 -13 -14 -15
leaf_value=-0.01049216529093332 -0.0094686750273776567 -0.00045195271631395719 0.0084422935211557939 -0.023363197776031006 0.021737685104167456 -0.0091784827154460496 0.029834923975534895 -0.017270640316445061 -0.0047323888999309793 0.0096661537164849116 -0.0031197369789769066 -0.016042392874648027 0.01977408852934515 0.016014728940035312
leaf_weight=4.8457162468694142 1.1586159917351384 9.0248653904418443 8.1363361861440371 6.0767978446092448 2.8137978352606288 12.799637236632405 4.4105926905176593 8.0358157241425907 1.6848479748296084 0.97444505989551622 8.3515216233499832 8.2775820679962617 8.1196412150748056 8.8333293951582146
leaf_count=504 386 143 119 161 58 127 117 766 236 8 111 60 65 457
internal_value=-1.33262e-05 0.0010885 -0.00282062 -0.0131894 0.00550075 0.00190202 0.00813901 -0.00017348 0.0224533 -0.0119475 0.00305324 -0.00476808 0.0101427 0.0108874
internal_weight=93.5435 88.6978 47.9867 15.1017 40.7111 37.8973 25.0976 19.0022 6.09544 9.01026 32.8851 16.4139 16.4712 9.99195
internal_count=3318 2814 659 304 2155 2097 1970 1617 353 774 355 179 176 843
is_linear=0
shrinkage=0.05


Tree=196
num_leaves=15
num_cat=0
split_feature=9 9 8 5 5 9 14 5 12 11 12 12 0 7
split_gain=0.472033 1.25938 1.02818 1.04211 1.09251 1.35603 1.51601 1.57498 1.89076 1.52911 1.03448 1.00611 0.651714 0.628137
threshold=22.500000000000004 23.500000000000004 80.500000000000014 174.50000000000003 166.50000000000003 176.50000000000003 191.50000000000003 162.50000000000003 159.50000000000003 22.500000000000004 123.50000000000001 21.500000000000004 8.5000000000000018 172.50000000000003
decision_type=2 2 2 2 2 2 2 2 2 2 2 2 2 2
left_child=-1 -2 12 4 5 6 7 8 9 10 -4 -11 -3 -13
right_child=1 2 3 -5 -6 -7 -8 -9 -10 11 -12 13 -14 -15
leaf_value=-0.0084221506869862264 0.020625945537986776 0.0035600024086863986 0.015748574553554436 0.01305037622406152 -0.011162474532487868 0.018146992202413333 0.019900877840136978 0.012368214161584339 0.0059691122856813531 0.0029563060840686558 -0.011197610815084079 -0.027700025787624784 -0.022801191561828332 0.00015997117806224151
leaf_weight=9.282711225707315 2.7536566614871836 1.6797808872943267 3.1181283023324822 10.536792919971047 15.211560577270573 6.0326720420271149 2.4000715520232907 6.6657821618719018 11.985089825815519 2.6820606348919709 1.7618671604432163 14.267311900242932 2.6496600455138832 2.1966354390606275
leaf_count=772 117 184 217 87 142 63 48 76 153 85 51 1105 193 25
internal_value=1.61005e-05 0.00137026 -0.000441525 0.0013754 -0.00126433 0.0024138 -0.00129346 -0.00444744 -0.00868851 -0.015769 0.00527654 -0.021115 -0.0161469 -0.0248115
internal_weight=93.2238 83.9411 81.1874 76.858 66.3212 51.1096 45.0769 42.6769 36.0111 24.026 4.88 19.146 4.32944 16.4639
internal_count=3318 2546 2429 2052 1965 1823 1760 1712 1636 1483 268 1215 377 1130
is_linear=0
shrinkage=0.05


Tree=197
num_leaves=15
num_cat=0
split_feature=12 12 4 4 10 5 14 10 7 6 4 11 5 16
split_gain=0.488035 1.29575 0.633377 1.52152 1.00802 1.24158 1.66403 1.95235 1.62686 1.45928 1.17178 1.00262 0.964181 0.80358
threshold=170.50000000000003 166.50000000000003 176.50000000000003 170.50000000000003 169.50000000000003 162.50000000000003 182.50000000000003 67.500000000000014 172.50000000000003 94.500000000000014 61.500000000000007 87.500000000000014 24.500000000000004 92.500000000000014
decision_type=2 2 2 2 2 2 2 2 2 2 2 2 2 2
left_child=1 2 3 4 5 6 7 10 9 -9 11 -1 -13 -11
right_child=-2 -3 -4 -5 -6 -7 -8 8 -10 13 -12 12 -14 -15
leaf_value=-0.012780663609800503 -0.0085570807020529417 0.017238739776002595 0.0093362774390982166 -0.018765794705526872 -0.013459084774971828 0.013850513078660434 0.01504755339760442 0.0067498436502510077 0.0089091028265476432 -0.00060757477603007803 0.021811493814822398 0.017742473556677973 -0.0098577534376382472 -0.027953081208122812
leaf_weight=5.481498724431729 9.0860740921925736 6.3598243314772835 8.2193084890022856 7.1159714711247934 5.9378748182207337 13.536367795662953 6.9635780462995163 2.4916352612199324 3.3855390560347578 3.419298286840788 3.0239398840349159 3.6477712537453044 1.0694406598340718 13.121019213242105
leaf_count=543 109 62 66 68 77 140 127 398 31 151 74 413 71 988
internal_value=9.37103e-05 0.0014611 -0.000802334 -0.00255468 0.000563877 0.00302645 -0.0015062 -0.00619396 -0.0140924 -0.0191864 0.00738945 -0.0026554 0.00963258 -0.0237533
internal_weight=92.8591 83.7731 77.4132 69.1939 62.078 56.1401 42.6037 35.6401 22.4175 19.032 13.2227 10.1987 4.71721 16.5403
internal_count=3318 3209 3147 3081 3013 2936 2796 2669 1568 1537 1101 1027 484 1139
is_linear=0
shrinkage=0.05


Tree=198
num_leaves=15
num_cat=0
split_feature=12 12 12 6 0 13 12 16 0 9 10 7 7 4
split_gain=0.462301 1.21962 0.595544 0.923962 0.801434 0.728425 1.39022 1.38942 0.882407 1.59889 0.819758 0.681536 1.79748 0.662033
threshold=170.50000000000003 166.50000000000003 143.50000000000003 105.50000000000001 6.5000000000000009 124.50000000000001 127.50000000000001 162.50000000000003 10.500000000000002 173.50000000000003 141.50000000000003 171.50000000000003 165.50000000000003 177.50000000000003
decision_type=2 2 2 2 2 2 2 2 2 2 2 2 2 2
left_child=1 2 4 -4 -1 8 7 10 -6 11 -7 12 13 -10
right_child=-2 -3 3 -5 5 6 -8 -9 9 -11 -12 -13 -14 -15
leaf_value=-0.014027991508092478 -0.0082883882417540602 0.016785649531143972 0.0057974242319085018 -0.011880255881594245 0.015595795838661004 -0.0076218725614656969 0.012607293737356371 -0.023149079402846343 -0.019057530105305226 0.01514862579480966 0.012230714828592251 -0.021651711253200617 0.018708885707594561 0.0069548515803941951
leaf_weight=1.9369950552936632 9.0739963238593173 6.3403814872726789 7.4291120333073222 17.163897496822756 14.678787559620107 6.5364350015297585 5.7126871712534912 5.0085045531159258 4.135137418532393 4.754821548704057 4.5725175053667044 2.4000758409965783 2.3325518491328694 0.4694826304912566
leaf_count=1022 109 62 116 275 211 297 113 56 840 49 105 31 30 2
internal_value=0.000135742 0.00146818 -0.000736188 -0.00646288 0.00227314 0.00410252 -0.00251509 -0.00959103 0.00875265 -0.000593021 0.00180952 -0.0110966 9.46755e-05 -0.0141654
internal_weight=92.5454 83.4714 77.131 24.593 52.538 50.601 21.8301 16.1175 28.7709 14.0921 11.109 9.33725 6.93717 4.60462
internal_count=3318 3209 3147 391 2756 1734 571 458 1163 952 402 903 872 842
is_linear=0
shrinkage=0.05


Tree=199
num_leaves=15
num_cat=0
split_feature=9 9 8 5 5 9 14 5 12 11 12 12 0 5
split_gain=0.463666 1.17929 1.01516 0.943413 1.0373 1.23652 1.40775 1.38955 1.70832 1.43224 0.979637 0.922426 0.61676 0.583389
threshold=22.500000000000004 23.500000000000004 80.500000000000014 174.50000000000003 166.50000000000003 176.50000000000003 191.50000000000003 162.50000000000003 159.50000000000003 22.500000000000004 123.50000000000001 21.500000000000004 8.5000000000000018 102.50000000000001
decision_type=2 2 2 2 2 2 2 2 2 2 2 2 2 2
left_child=-1 -2 12 4 5 6 7 8 9 10 -4 -11 -3 -13
right_child=1 2 3 -5 -6 -7 -8 -9 -10 11 -12 13 -14 -15
leaf_value=-0.0082624139006758374 0.020092966081164055 0.0033878116116637415 0.015481261180813983 0.012627951273332534 -0.010706013553360616 0.017618929876354657 0.019458937714327759 0.011693372883921275 0.0057730302130922064 0.0028365346231547066 -0.010823100159742104 -0.0023856737642252612 -0.022440568854092721 -0.027742383937724525
leaf_weight=9.2134238324942981 2.7538574294885612 1.6683198813989282 3.0977113133412812 10.456434928812085 15.122994957841 5.9584043128415933 2.3315809722989789 6.6231625378131858 11.938633020210544 2.680754926812372 1.732583353994414 3.7691295689146527 2.6028632516390644 12.332820609764893
leaf_count=772 117 184 217 87 142 63 48 76 153 85 51 328 193 802
internal_value=0.000123708 0.00147011 -0.000308574 0.00150159 -0.00104108 0.00255927 -0.00103271 -0.00410793 -0.00813049 -0.0149405 0.00534016 -0.0201822 -0.0159658 -0.0237786
internal_weight=92.2827 83.0693 80.3154 76.0442 65.5878 50.4648 44.5064 42.1748 35.5516 23.613 4.83029 18.7827 4.27118 16.102
internal_count=3318 2546 2429 2052 1965 1823 1760 1712 1636 1483 268 1215 377 1130
is_linear=0
shrinkage=0.05


Tree=200
num_leaves=15
num_cat=0
split_feature=12 12 4 4 10 14 5 9 9 13 3 16 8 8
split_gain=0.449797 1.12378 0.589797 1.44729 0.975685 1.09823 1.40638 0.990323 1.56 1.37929 1.3306 1.18941 0.736748 0.74137
threshold=170.50000000000003 166.50000000000003 176.50000000000003 170.50000000000003 169.50000000000003 191.50000000000003 162.50000000000003 94.500000000000014 176.50000000000003 176.50000000000003 105.50000000000001 27.500000000000004 24.500000000000004 20.500000000000004
decision_type=2 2 2 2 2 2 2 2 2 2 2 2 2 2
left_child=1 2 3 4 5 6 7 10 9 11 12 -9 13 -1
right_child=-2 -3 -4 -5 -6 -7 -8 8 -10 -11 -12 -13 -14 -15
leaf_value=-0.011843241278713369 -0.0081344253337728694 0.016216543377513656 0.0091517031035779975 -0.018182246357094135 -0.01310734434533726 0.020385125086262564 0.012223922610865311 0.0028193088964859944 0.013747235376407797 0.0055039787070863431 0.016389507071987872 -0.028567846878724091 -0.015064200777913024 0.0084152125077650904
leaf_weight=1.6963345812109825 9.0407793077174556 6.3163262465968719 8.1813908426556718 7.0608771195984437 5.907049205270595 3.0185938477516165 12.995340187917462 2.7482211855531231 1.2646320536732663 3.5107256900519124 5.96978116952232 9.6446844899037369 5.0955321019282556 9.5000525068608095
leaf_count=166 109 62 66 68 77 55 136 167 8 27 168 1145 277 787
internal_value=0.000185376 0.00150366 -0.000629045 -0.00234237 0.000713417 0.00314835 0.00046736 -0.00434696 -0.011889 -0.0167282 0.00258322 -0.0227979 -0.00513652 0.0026373
internal_weight=91.9503 82.9095 76.5932 68.4118 61.3509 55.4439 52.4253 39.43 17.1683 15.9036 22.2617 12.3929 16.2919 11.1964
internal_count=3318 3209 3147 3081 3013 2936 2881 2745 1347 1339 1398 1312 1230 953
is_linear=0
shrinkage=0.05


Tree=201
num_leaves=15
num_cat=0
split_feature=9 9 8 4 4 7 10 7 15 7 0 9 10 6
split_gain=0.45853 1.11214 0.998856 0.874342 1.2467 1.05537 1.97425 1.23813 1.21076 1.0067 0.594051 0.570975 0.565892 0.766732
threshold=22.500000000000004 23.500000000000004 80.500000000000014 176.50000000000003 170.50000000000003 171.50000000000003 142.50000000000003 104.50000000000001 174.50000000000003 168.50000000000003 8.5000000000000018 94.500000000000014 92.500000000000014 146.50000000000003
decision_type=2 2 2 2 2 2 2 2 2 2 2 2 2 2
left_child=-1 -2 10 4 5 6 7 11 12 -8 -3 -4 -9 -14
right_child=1 2 3 -5 -6 -7 9 8 -10 -11 -12 -13 13 -15
leaf_value=-0.0081451317910926201 0.019611397110598554 0.0032888322464373664 0.0033956456449438588 0.012822649432311945 -0.014646382396256492 0.012637296960342917 -0.0020215403402851196 -0.0010277040623905352 -0.0082509283954588994 -0.025816611446473875 -0.022148229721669126 -0.016136452556859422 0.027431150722409758 0.0045717240531987285
leaf_weight=9.193561679334378 2.7622967585921279 1.6650527522433538 4.1315512247965698 9.2830683938227576 8.2791831162758154 12.609304021112619 9.9758021492889366 3.8413910015951904 3.5698432307690373 4.6619872612063764 2.5607396656996571 3.515903746127151 6.6456352387031066 8.9152369751827774
leaf_count=772 117 184 77 77 82 132 371 128 35 43 193 323 603 181
internal_value=0.000201059 0.0015447 -0.000203138 0.0015957 -0.000770342 0.00222193 -0.00164849 0.00552689 0.010842 -0.0142437 -0.015775 -0.00841347 0.0153258 0.018631
internal_weight=91.6106 82.417 79.6547 75.4289 66.1458 57.8667 45.2574 30.6196 22.9721 14.6378 4.22579 7.64745 19.4023 15.5609
internal_count=3318 2546 2429 2052 1975 1893 1761 1347 947 414 377 400 912 784
is_linear=0
shrinkage=0.05


Tree=202
num_leaves=15
num_cat=0
split_feature=6 5 6 6 3 2 0 5 4 12 14 13 9 15
split_gain=0.428214 0.691746 1.2865 0.964637 0.964522 1.43818 1.30681 0.938697 1.13886 0.891044 1.35609 1.07439 0.716975 0.726259
threshold=21.500000000000004 145.50000000000003 155.50000000000003 140.50000000000003 128.50000000000003 1.5000000000000002 7.5000000000000009 25.500000000000004 108.50000000000001 127.50000000000001 175.50000000000003 163.50000000000003 172.50000000000003 183.50000000000003
decision_type=2 2 2 2 2 2 2 2 2 2 2 2 2 2
left_child=-1 4 3 -3 5 -2 7 -7 -9 10 -4 -11 13 -8
right_child=1 2 9 -5 -6 6 12 8 -10 11 -12 -13 -14 -15
leaf_value=-0.010697282772273664 0.015907591622109321 -0.00048121682063692823 0.0077298743204229541 -0.022883499399347154 0.014026414109862911 0.017759495777244103 -0.023995963353203073 -0.01366498035076435 0.011755439942136046 -0.002804783051016457 -0.015407158477211573 0.018940224087499555 0.005055223086004354 0.0040721077407299177
leaf_weight=3.3554615929315323 4.8223118334426571 8.9362369807495252 7.9774833339615752 5.9798582570947465 14.376739430677842 2.7102047265507307 7.8041361900832253 6.0263536964775977 2.6531953281955793 8.1292047830356768 8.0473374724388105 7.9312987783923736 1.4039020370692004 1.232092387974262
leaf_count=507 278 143 119 161 295 134 709 527 181 111 60 65 12 16
internal_value=0.000153594 0.0011199 -0.00289559 -0.0129525 0.00553478 -0.000537916 -0.0064583 0.00465053 -0.00443788 0.00289573 -0.00478996 0.00988092 -0.016159 -0.0200816
internal_weight=91.3858 88.0304 47.0014 14.9161 41.0289 26.6522 21.8299 11.3898 8.67955 32.0853 16.0248 16.0605 10.4401 9.03623
internal_count=3318 2811 659 304 2152 1857 1579 842 708 355 179 176 737 725
is_linear=0
shrinkage=0.05


Tree=203
num_leaves=14
num_cat=0
split_feature=3 3 6 0 11 11 0 8 16 16 10 8 16
split_gain=0.42426 1.58168 1.50847 1.7931 3.80951 1.03664 1.25682 0.599365 0.577789 1.51505 1.91333 0.422079 0.240994
threshold=171.50000000000003 169.50000000000003 174.50000000000003 13.500000000000002 160.50000000000003 157.50000000000003 6.5000000000000009 161.50000000000003 27.500000000000004 168.50000000000003 115.50000000000001 177.50000000000003 24.500000000000004
decision_type=2 2 2 2 2 2 2 2 2 2 2 2 2
left_child=1 2 3 5 11 6 -1 -7 12 -10 -11 -5 -8
right_child=-2 -3 -4 4 -6 7 8 -9 9 10 -12 -13 -14
leaf_value=-0.013859665890467358 0.0070550978941433173 -0.020111270110930321 0.020582958558750787 -0.031696528910107817 0.012235133677417926 -0.012309254017330115 0.0026189762290391837 0.0040081527148443895 -0.010994786308963913 -0.0021414112102829471 0.023267830025796132 -0.001496843692217224 0.02446756151861762
leaf_weight=1.9050027576158743 13.240395605564116 4.9244023389182976 3.8350009378045788 7.8732231452740944 5.807810512429568 9.2069231282221136 3.0373340216465285 6.142990947701036 6.4419573758495998 13.233781702117996 9.8808438512496632 1.8365003028884528 3.740028853964759
leaf_count=1022 105 46 32 1200 81 151 97 66 118 152 119 19 110
internal_value=0.000159097 -0.00136845 0.00110589 -0.00129079 -0.013941 0.00324941 0.00741444 -0.00639874 0.0100715 0.00524928 0.0109267 -0.0284349 0.0199448
internal_weight=91.1062 77.8658 72.9414 69.1064 15.5175 53.5889 38.2389 15.3499 36.3339 29.5566 23.1146 9.70972 6.77736
internal_count=3318 3213 3167 3135 1300 1835 1618 217 596 389 271 1219 207
is_linear=0
shrinkage=0.05


Tree=204
num_leaves=15
num_cat=0
split_feature=13 7 5 6 12 4 11 4 0 13 8 12 0 13
split_gain=0.427973 0.925931 1.34335 1.74929 1.52095 1.89113 1.07412 0.675813 0.888279 0.620557 0.783633 0.755909 0.741314 0.616651
threshold=177.50000000000003 174.50000000000003 176.50000000000003 171.50000000000003 157.50000000000003 164.50000000000003 157.50000000000003 156.50000000000003 6.5000000000000009 124.50000000000001 20.500000000000004 119.50000000000001 10.500000000000002 105.50000000000001
decision_type=2 2 2 2 2 2 2 2 2 2 2 2 2 2
left_child=1 2 3 4 5 7 -6 8 -1 10 -10 -11 -12 -14
right_child=-2 -3 -4 -5 6 -7 -8 -9 9 11 12 -13 13 -15
leaf_value=-0.013721409479174643 0.0071972197716988961 -0.011575288266301886 0.020011542963046303 -0.023568279054582565 0.0029661688279767227 0.021000568482261135 -0.018421816833417103 -0.01214256490577259 -0.0086045897175340332 -0.012517355251308033 0.017929907444362465 0.0084049884635222626 -0.011788186013481418 0.0096926941616661873
leaf_weight=1.8790249188605255 12.735357201192526 12.557697533862664 3.4449951797723761 2.7380000641569486 8.356210326310249 10.279878723376894 8.3282963846577314 4.3371126152487696 1.2797714977932688 4.5331401836301657 13.245755377574826 3.3079491248208797 2.4573557562544006 1.2740117779176214
leaf_count=1022 134 131 24 22 156 115 102 121 95 302 190 149 458 297
internal_value=0.000154068 -0.00135984 0.00128216 -0.00117366 0.00161355 0.00650568 -0.00949593 -0.00030162 0.00309676 0.00631912 0.0105781 -0.00385493 0.0136527 -0.00310336
internal_weight=90.7546 78.0192 65.4615 62.0165 59.2785 42.594 16.6845 32.3141 27.977 26.098 18.2569 7.84109 16.9771 3.73137
internal_count=3318 3184 3053 3029 3007 2749 258 2634 2513 1491 1040 451 945 755
is_linear=0
shrinkage=0.05


Tree=205
num_leaves=15
num_cat=0
split_feature=9 9 8 0 8 3 3 7 15 8 15 6 9 5
split_gain=0.417253 1.09187 0.93419 1.03779 0.753811 1.04047 2.19236 1.9766 1.31268 1.13018 1.49803 0.842117 0.80238 0.58889
threshold=22.500000000000004 23.500000000000004 90.500000000000014 8.5000000000000018 95.500000000000014 171.50000000000003 168.50000000000003 171.50000000000003 124.50000000000001 162.50000000000003 170.50000000000003 115.50000000000001 75.500000000000014 145.50000000000003
decision_type=2 2 2 2 2 2 2 2 2 2 2 2 2 2
left_child=-1 -2 3 -3 -4 6 7 8 12 10 11 -10 -6 -14
right_child=1 2 4 -5 5 -7 -8 -9 9 -11 -12 -13 13 -15
leaf_value=-0.0079068352323305099 0.019304329257935408 0.0049438383284547589 0.014347591537886038 -0.020838125315611369 -0.01100323837243692 0.01068031647254223 -0.024195407000287956 0.01453149963981659 -0.0062743584768918566 -0.02326690515471452 -0.014869809386826686 0.017763082992861664 0.016955206818090058 -0.0019996909264706104
leaf_weight=9.0758579000539594 2.73480251408182 3.7503884539473784 5.4339239077526136 5.2769551021337975 1.340715342434122 12.140417959541081 5.3555474942550054 13.354705599835141 2.5456010576162971 7.1487328510556827 5.9038890300435014 5.1113818962621735 6.4257467884890485 4.9059720692312112
leaf_count=772 117 222 80 220 22 100 57 143 99 140 87 184 950 125
internal_value=8.03223e-05 0.00137647 -0.000362613 -0.0121828 0.00188228 -0.000132282 -0.00336689 0.0011275 -0.00542931 -0.0121564 -0.00160947 0.01045 0.00589328 0.010649
internal_weight=90.5046 81.4288 78.694 9.02734 69.6666 64.2327 52.0923 46.7367 33.382 20.7096 13.5609 7.65698 12.6724 11.3317
internal_count=3318 2546 2429 442 1987 1907 1807 1750 1607 510 370 283 1097 1075
is_linear=0
shrinkage=0.05


Tree=206
num_leaves=15
num_cat=0
split_feature=10 10 13 9 9 7 9 10 14 10 4 9 0 2
split_gain=0.417176 0.843768 1.06301 0.759462 1.12874 1.10974 1.62883 1.34492 0.759473 1.0383 0.934964 0.907538 0.778709 0.764815
threshold=178.50000000000003 169.50000000000003 184.50000000000003 173.50000000000003 168.50000000000003 164.50000000000003 124.50000000000001 115.50000000000001 168.50000000000003 102.50000000000001 108.50000000000001 66.500000000000014 8.5000000000000018 2.5000000000000004
decision_type=2 2 2 2 2 2 2 2 2 2 2 2 2 2
left_child=1 2 3 4 5 6 7 8 12 10 11 -10 13 -1
right_child=-2 -3 -4 -5 -6 -7 -8 -9 9 -11 -12 -13 -14 -15
leaf_value=-0.011701600405685358 0.0098734380195548595 -0.014042467358398673 0.017577636791704366 0.0090821172628465455 -0.017289978392031363 0.011283545307692218 -0.020334825266314496 0.016979504065133037 0.0093656028580483951 -0.0088642754027237879 0.020663699790835311 -0.013524234492304108 -0.019269488340672731 0.0076630649336636289
leaf_weight=3.6172602153383213 4.7416928121820083 5.9428095462499178 3.4464842970482996 10.363878640811889 6.8375094095244995 10.875354695192071 6.6208257570542619 5.1728591231803867 4.3971570100984554 6.8054099529981604 4.8834385215304792 3.1011582595529035 5.9040143588208585 7.4944403601111844
leaf_count=366 51 76 48 96 74 140 470 198 145 63 49 50 802 690
internal_value=4.44691e-05 -0.00101645 0.000730169 -0.00107009 -0.00320031 -0.000338518 -0.00378802 0.000766681 -0.00332925 0.00322609 0.0105097 -0.00172439 -0.00977505 -0.000315921
internal_weight=90.2043 85.4626 79.5198 76.0733 65.7094 58.8719 47.9966 41.3757 36.2029 19.1872 12.3818 7.49832 17.0157 11.1117
internal_count=3318 3267 3191 3143 3047 2973 2833 2363 2165 307 244 195 1858 1056
is_linear=0
shrinkage=0.05


Tree=207
num_leaves=15
num_cat=0
split_feature=13 11 0 1 2 0 16 15 14 14 16 15 16 9
split_gain=0.413703 0.677937 1.18467 0.846206 0.950423 1.4281 0.870887 1.36789 0.92741 0.960379 0.828772 0.854231 0.687024 0.661828
threshold=20.500000000000004 22.500000000000004 14.500000000000002 2.5000000000000004 1.5000000000000002 11.500000000000002 171.50000000000003 172.50000000000003 188.50000000000003 163.50000000000003 26.500000000000004 173.50000000000003 180.50000000000003 177.50000000000003
decision_type=2 2 2 2 2 2 2 2 2 2 2 2 2 2
left_child=-1 2 -2 6 5 -5 8 -8 9 -3 -6 12 13 -12
right_child=1 3 -4 4 10 -7 7 -9 -10 -11 11 -13 -14 -15
leaf_value=-0.010478439814285093 0.014726662116966339 -0.0057821274767163866 -0.0096485342299147906 -0.011576102298897491 0.0040089540801547547 0.014608834532902607 -0.012651818828744346 0.0088634501342297767 -0.0084790899259078317 0.01870945688935767 -0.028256531003232745 0.0030981989631995461 0.00028562720947524747 0.0024717593069184681
leaf_weight=3.5582230364962006 12.936711655987891 2.6052260189753751 2.9896172689332152 4.5275038251711504 4.3160331273393266 6.8974624304100871 11.269535235478545 8.864780936855821 2.1388767771422854 13.324138015770584 8.9234265074483137 3.2705526961944988 3.0983031387440851 1.1377030909061421
leaf_count=131 389 627 237 124 412 130 144 96 20 166 745 54 33 10
internal_value=3.48628e-05 0.00101844 0.00893897 -0.00124813 -0.00671103 0.00386708 0.00359654 -0.00330025 0.0103315 0.0142795 -0.0121561 -0.0163472 -0.0207024 -0.0251148
internal_weight=89.8581 86.2999 15.9263 70.3735 32.171 11.425 38.2026 20.1343 18.0682 15.9294 20.746 16.43 13.1594 10.0611
internal_count=3318 3187 626 2561 1508 254 1053 240 813 793 1254 842 788 755
is_linear=0
shrinkage=0.05


Tree=208
num_leaves=15
num_cat=0
split_feature=16 16 4 14 14 14 2 11 1 8 2 10 16 15
split_gain=0.405248 1.78418 1.37661 2.03014 1.15188 1.22674 0.97554 0.899275 0.733949 0.679567 0.579635 0.550292 0.196444 0.15841
threshold=166.50000000000003 171.50000000000003 147.50000000000003 169.50000000000003 171.50000000000003 182.50000000000003 3.5000000000000004 138.50000000000003 5.5000000000000009 90.500000000000014 2.5000000000000004 158.50000000000003 164.50000000000003 25.500000000000004
decision_type=2 2 2 2 2 2 2 2 2 2 2 2 2 2
left_child=2 -2 3 8 9 -6 7 -4 12 -3 -10 -11 -1 -5
right_child=1 4 6 13 5 -7 -8 -9 10 11 -12 -13 -14 -15
leaf_value=-0.020220098902761635 0.018051928953472376 -0.0054891205897873024 -0.0014783056740910127 0.0037244985984495661 -0.015548379347925904 0.0055286968951701598 0.0027586817647786092 -0.026286539768104383 -0.007969087459354679 0.015836615734799227 0.012797873583476442 -0.0012817507488641258 0.0017004678866290224 0.021975201821456861
leaf_weight=3.416259459918368 9.2939719416899589 6.271988253924067 6.3045351334149036 4.1190048225689662 15.498553607030773 7.2836779020726672 6.7175611596321678 6.3989715287025319 1.8934443213511261 9.1437949283281323 1.9977052843314593 5.9810071107931426 0.33632805221714068 4.9784194321837276
leaf_count=1740 117 81 100 117 164 102 152 81 145 119 232 81 7 80
internal_value=-2.11102e-05 0.00265539 -0.00382065 0.00583039 -0.00208961 -0.00902759 -0.0116304 -0.0178694 -0.0100035 0.00560832 0.0038939 0.0104307 -0.0184064 0.0179637
internal_weight=89.6352 53.473 36.1622 16.7412 44.179 22.7822 19.4211 12.7035 7.64374 21.3968 3.89115 15.1248 3.75259 9.09742
internal_count=3318 664 2654 2321 547 266 333 181 2124 281 377 200 1747 197
is_linear=0
shrinkage=0.05


Tree=209
num_leaves=15
num_cat=0
split_feature=9 5 16 2 8 7 3 2 0 10 4 9 4 8
split_gain=0.402245 0.729105 1.18627 2.26608 1.07306 0.92325 0.855771 1.29691 0.925409 1.31581 1.38808 1.29454 0.891887 0.719697
threshold=21.500000000000004 145.50000000000003 166.50000000000003 3.5000000000000004 176.50000000000003 139.50000000000003 128.50000000000003 1.5000000000000002 8.5000000000000018 70.500000000000014 108.50000000000001 179.50000000000003 95.500000000000014 108.50000000000001
decision_type=2 2 2 2 2 2 2 2 2 2 2 2 2 2
left_child=-1 6 4 -4 5 -3 7 -2 9 -9 -11 12 -10 -8
right_child=1 2 3 -5 -6 -7 13 8 11 10 -12 -13 -14 -15
leaf_value=-0.0096823101904701843 0.015105655197349849 0.0019677906232649913 0.013179605134099246 -0.011764370523466771 0.0054623748341256382 -0.023067049910711249 -0.0011363332303288068 0.015488575488132733 -0.028504485512239178 -0.019339876194915284 0.0098510582054965219 0.0098265899944514051 0.0038648731741575807 0.019652998390333368
leaf_weight=4.6996217585401601 4.8063629594980766 3.9417935724486624 17.251845450839031 10.633309692493638 4.523090324830263 9.5857663613714958 5.205759600037708 4.9044249073485862 4.8792705952655515 4.904142771003535 2.9260489274456631 0.96779477968811978 1.3396473359753143 8.8619326030602661
leaf_count=504 279 48 177 140 46 248 45 232 397 484 173 10 285 250
internal_value=-1.0078e-05 0.00103602 -0.00309177 0.00332535 -0.0115761 -0.0172098 0.00571852 -0.000349387 -0.00636074 0.00225212 -0.00884359 -0.0162848 -0.0229168 0.0136792
internal_weight=89.4308 84.7312 45.9358 27.8852 18.0507 13.5276 38.7954 24.7277 19.9213 12.7346 7.83019 7.18671 6.21892 14.0677
internal_count=3318 2814 659 317 342 296 2155 1860 1581 889 657 692 682 295
is_linear=0
shrinkage=0.05


Tree=210
num_leaves=15
num_cat=0
split_feature=10 10 13 12 15 15 3 9 13 3 5 5 7 15
split_gain=0.397762 0.783831 0.997899 0.701806 0.74973 1.01451 0.909917 0.985343 1.12918 0.910776 1.03356 0.92025 0.889106 0.837197
threshold=178.50000000000003 169.50000000000003 184.50000000000003 170.50000000000003 167.50000000000003 156.50000000000003 173.50000000000003 90.500000000000014 102.50000000000001 89.500000000000014 25.500000000000004 21.500000000000004 164.50000000000003 22.500000000000004
decision_type=2 2 2 2 2 2 2 2 2 2 2 2 2 2
left_child=1 2 3 4 5 6 7 9 12 10 11 -1 -9 -13
right_child=-2 -3 -4 -5 -6 -7 -8 8 -10 -11 -12 13 -14 -15
leaf_value=-0.011543881990974232 0.0096299847571918711 -0.0136531419673919 0.017050086490668449 -0.012446207939007255 0.0088136972739392989 -0.014162323719245133 0.016530140942567089 -0.0095723557571924019 -0.01511983035395377 0.013640371158978815 -0.018594260978826587 -0.0064004019099530816 0.013987105151458366 0.019495522560779525
leaf_weight=1.425515220907984 4.6604991657659403 5.8515350440284228 3.3680546763353041 6.6707866622600696 16.010150358255487 8.6423875075997767 3.2341176196932784 2.3461167619971119 13.492131927312583 10.085323959094238 2.1734126649971586 1.7353471498936412 4.7896107168635353 4.5761297953722533
leaf_count=464 51 76 48 88 175 170 23 567 763 245 114 199 56 279
internal_value=-8.76588e-06 -0.00104982 0.000649948 -0.00110217 0.000773818 -0.00223119 0.00132864 -0.00156053 -0.00831085 0.00567267 -0.00429076 0.00544927 0.00548864 0.0126935
internal_weight=89.0611 84.4006 78.5491 75.181 68.5102 52.5001 43.8577 40.6236 20.6279 19.9957 9.9104 7.73699 7.13573 6.31148
internal_count=3318 3267 3191 3143 3055 2880 2710 2687 1386 1301 1056 942 623 478
is_linear=0
shrinkage=0.05


Tree=211
num_leaves=15
num_cat=0
split_feature=13 11 0 10 10 14 7 14 13 13 2 17 15 3
split_gain=0.391578 0.605181 1.11002 0.801013 1.03665 1.18223 1.52359 1.2087 2.06028 1.20807 1.11814 0.894539 0.675806 0.516868
threshold=20.500000000000004 22.500000000000004 14.500000000000002 174.50000000000003 169.50000000000003 168.50000000000003 168.50000000000003 175.50000000000003 171.50000000000003 124.50000000000001 3.5000000000000004 0.099431818181818191 169.50000000000003 89.500000000000014
decision_type=2 2 2 2 2 2 2 2 2 2 2 2 2 2
left_child=-1 2 13 4 5 6 12 10 9 -9 -7 -10 -3 -2
right_child=1 3 -4 -5 -6 7 -8 8 11 -11 -12 -13 -14 -15
leaf_value=-0.010261726296384693 -0.0020547797903278102 -0.022093007804302001 -0.0095026920830126992 0.0120315836406203 -0.019725255146523107 0.023675581994849135 0.010770895869084555 0.0026515396633349756 -0.0030242585017514305 -0.021251510811414718 -0.002113855151499333 0.016273568839251382 0.00090488831155540513 0.017945838892487669
leaf_weight=3.518763311818474 2.9151470526121548 9.2837684326077561 2.9528790719632516 5.1231138654984525 3.2247466699918723 6.1488234916178026 2.8698147705290458 6.8378596431575742 7.8532520849257734 9.1838678761851025 5.535350245248992 9.8028812301345152 3.6237189382081842 9.9115404251497221
leaf_count=131 211 1768 237 54 38 108 55 76 62 112 100 130 58 178
internal_value=-1.52164e-05 0.000952622 0.00845843 -0.0012052 -0.00305013 -0.000745913 -0.010733 0.00344841 -0.00175852 -0.0128458 0.0144859 0.00891697 -0.0171865 0.0140989
internal_weight=88.7855 85.2668 15.7796 69.4872 64.3641 61.1393 15.7773 45.362 33.6779 16.0217 11.6842 17.6561 12.9075 12.8267
internal_count=3318 3187 626 2561 2507 2469 1881 588 380 188 208 192 1826 389
is_linear=0
shrinkage=0.05


Tree=212
num_leaves=15
num_cat=0
split_feature=3 3 6 6 3 2 0 0 8 5 4 15 8 1
split_gain=0.391462 1.36231 1.41546 1.70844 1.48884 0.928841 1.07742 0.821302 0.678888 0.67513 0.991813 0.648303 0.619455 0.583174
threshold=171.50000000000003 169.50000000000003 174.50000000000003 138.50000000000003 128.50000000000003 1.5000000000000002 7.5000000000000009 13.500000000000002 108.50000000000001 25.500000000000004 108.50000000000001 108.50000000000001 176.50000000000003 4.5000000000000009
decision_type=2 2 2 2 2 2 2 2 2 2 2 2 2 2
left_child=1 2 3 4 5 13 9 -5 -6 -7 -11 -9 -8 -1
right_child=-2 -3 -4 7 8 6 12 11 -10 10 -12 -13 -14 -15
leaf_value=-0.0050830147606498403 0.0066774748157778455 -0.019091129844730763 0.0198057605728435 -0.0016686553459155453 -0.001024132818479068 0.013374607429734096 -0.019046700413656314 0.0014262446512740183 0.018829389279405161 -0.013318416449220386 0.010678056805010043 -0.024873231494742808 0.0044883718058353018 0.016687114807432554
leaf_weight=1.9327271840884375 12.818538390100001 4.7046772972680619 3.7320994753390542 12.429430237505587 5.1429596329107907 3.5716757916961823 10.145440642183528 2.2806053354288434 11.631759324023731 5.8530220737447944 2.5435390547499992 6.7246928612148622 1.407372299581765 3.5276795694662724
leaf_count=259 105 46 32 133 43 268 959 92 298 527 181 237 14 124
internal_value=-3.10116e-05 -0.00151165 0.000834958 -0.00151755 0.00395572 -0.00300166 -0.00733016 -0.0117395 0.013905 0.00298488 -0.00477695 -0.0200815 -0.0156899 0.0102351
internal_weight=88.4462 75.6277 70.923 67.1909 45.7562 28.9815 23.521 21.4347 16.7747 11.9682 8.39656 9.0053 11.5528 5.46041
internal_count=3318 3213 3167 3135 2673 2332 1949 462 341 976 708 329 973 383
is_linear=0
shrinkage=0.05


Tree=213
num_leaves=15
num_cat=0
split_feature=12 12 6 11 10 11 5 7 13 0 0 1 5 10
split_gain=0.377697 1.02029 0.50247 1.62681 1.23315 1.10606 1.03989 0.718419 0.509798 0.860802 0.962271 0.593552 0.70951 0.517584
threshold=170.50000000000003 166.50000000000003 138.50000000000003 159.50000000000003 158.50000000000003 170.50000000000003 162.50000000000003 172.50000000000003 118.50000000000001 6.5000000000000009 12.500000000000002 2.5000000000000004 108.50000000000001 168.50000000000003
decision_type=2 2 2 2 2 2 2 2 2 2 2 2 2 2
left_child=1 2 5 4 6 8 7 -4 9 -1 -11 12 -10 -12
right_child=-2 -3 3 -5 -6 -7 -8 -9 11 10 13 -13 -14 -15
leaf_value=-0.012907111246527048 -0.0077441528687968615 0.0153642474265348 -0.014651493911490628 -0.021640302118683268 -0.012776541274476905 0.017288113612079586 0.013116732829475381 0.0074922075413263005 -0.0083310386830368535 0.012572646900179313 -0.014773316753612643 -0.013947815664574252 0.011606760767208122 0.0066995544709167638
leaf_weight=1.7290204314340396 8.5959613258019072 6.113529196009039 3.8481355598196449 5.6556630890117949 6.2363434963626778 5.1781649233307681 14.680853649508206 2.2542196605354548 3.9947641543985792 14.970166006620277 2.5488998546934449 7.4173210968874619 4.0473816328158136 0.87878930196166027
leaf_count=968 109 62 235 63 93 65 146 21 142 275 620 386 122 11
internal_value=-9.67167e-06 0.00123459 -0.000846035 -0.00507743 0.00122733 0.00272985 0.00709222 -0.00678129 -0.00125734 0.00366494 0.00764774 -0.00699527 0.00230599 -0.00855953
internal_weight=88.1492 79.5533 73.4397 32.6752 27.0196 40.7645 20.7832 6.10236 35.5863 20.1269 18.3979 15.4595 8.04215 3.42769
internal_count=3318 3209 3147 558 495 2589 402 256 2524 1874 906 650 264 631
is_linear=0
shrinkage=0.05


Tree=214
num_leaves=15
num_cat=0
split_feature=9 6 7 8 6 5 4 16 16 14 9 13 6 15
split_gain=0.379849 0.684635 1.38102 1.83887 0.86542 1.63624 1.05268 1.39108 2.08415 1.20777 0.92063 1.60587 0.887906 0.808622
threshold=21.500000000000004 105.50000000000001 104.50000000000001 24.500000000000004 112.50000000000001 108.50000000000001 144.50000000000003 166.50000000000003 171.50000000000003 181.50000000000003 175.50000000000003 165.50000000000003 155.50000000000003 179.50000000000003
decision_type=2 2 2 2 2 2 2 2 2 2 2 2 2 2
left_child=-1 2 3 -2 5 -3 -6 9 -9 10 11 -8 -10 -5
right_child=1 4 -4 13 6 -7 7 8 12 -11 -12 -13 -14 -15
leaf_value=-0.0095010632668450223 0.011060013922302834 -0.025977462665270058 0.019780630239923932 -0.022956901565897161 0.012797086173112301 0.0092951994959568802 -0.020915337162741326 0.020535738634798986 -0.014321306294384537 -0.02588490472051529 0.010625937073922986 0.0083445117619392831 0.0031913925680886871 0.0057617607086298053
leaf_weight=4.6217962309019631 7.3885365590394958 3.6191358354844843 7.5763449888909227 4.5373496388056083 9.0359403204638493 2.077376291868859 5.6340554953203554 7.53884798975196 7.3633867897442569 4.2335694059729567 4.5105075845494857 4.6761293571908027 14.080761884804813 1.0410953266546128
leaf_count=504 479 159 348 582 436 101 248 74 117 27 39 46 147 11
internal_value=-7.06568e-05 0.000960796 0.00789422 -0.00262277 -0.00172339 -0.0147822 0.000665725 -0.00260751 0.00415881 -0.0116247 -0.00204908 -0.00925347 -0.00439287 -0.0174072
internal_weight=87.9348 83.313 20.5433 12.967 62.7697 5.69651 57.0732 48.0373 28.983 19.0543 14.8207 10.3102 21.4441 5.57844
internal_count=3318 2814 1420 1072 1394 260 1134 698 338 360 333 294 264 593
is_linear=0
shrinkage=0.05


Tree=215
num_leaves=15
num_cat=0
split_feature=13 11 0 1 2 0 16 16 15 14 14 15 3 16
split_gain=0.369898 0.560432 1.02382 0.777192 0.806006 1.31293 0.805286 0.783732 1.24346 0.818869 0.863592 0.763845 0.614337 0.610913
threshold=20.500000000000004 22.500000000000004 14.500000000000002 2.5000000000000004 1.5000000000000002 11.500000000000002 26.500000000000004 171.50000000000003 172.50000000000003 188.50000000000003 163.50000000000003 173.50000000000003 89.500000000000014 180.50000000000003
decision_type=2 2 2 2 2 2 2 2 2 2 2 2 2 2
left_child=-1 2 -2 7 5 -5 12 9 -9 10 -3 13 -6 -8
right_child=1 3 -4 4 6 -7 11 8 -10 -11 -12 -13 -14 -15
leaf_value=-0.010090948441725436 0.013529606494067382 -0.0055411128070748626 -0.0092131569820220523 -0.011416845955768702 -0.0070819973236076585 0.013769160771359524 -0.024243153390776324 -0.012151301235552409 0.0085318076480384777 -0.0079397671074793331 0.017890582140157308 0.0028229891860832544 0.014145361074663755 0.00013870254375203205
leaf_weight=3.4798816916591013 12.689771641336845 2.5148042788350748 2.8936593806138253 4.4516867776983435 2.6423110731411752 6.7668676908360794 9.6470124440093041 10.987520367605613 8.651139048393814 2.0635254392400375 12.956346962630048 3.2029593691695473 1.584858755522873 3.0469324516598126
leaf_count=131 389 627 237 124 375 130 755 144 96 20 166 54 37 33
internal_value=-0.000117918 0.000837865 0.00809438 -0.00125084 -0.00654006 0.00333639 -0.0116141 0.00345541 -0.00315765 0.00991922 0.0136587 -0.0158309 0.00422907 -0.0200054
internal_weight=87.5793 84.0994 15.5834 68.516 31.3426 11.2186 20.1241 37.1733 19.6387 17.5347 15.4712 15.8969 4.22717 12.6939
internal_count=3318 3187 626 2561 1508 254 1254 1053 240 813 793 842 412 788
is_linear=0
shrinkage=0.05


Tree=216
num_leaves=15
num_cat=0
split_feature=3 3 6 6 3 2 0 0 5 4 8 15 8 1
split_gain=0.373223 1.26611 1.32271 1.5555 1.35665 0.876333 1.01784 0.802775 0.655702 0.947897 0.603567 0.597754 0.591329 0.55544
threshold=171.50000000000003 169.50000000000003 174.50000000000003 138.50000000000003 128.50000000000003 1.5000000000000002 7.5000000000000009 13.500000000000002 25.500000000000004 108.50000000000001 108.50000000000001 108.50000000000001 176.50000000000003 4.5000000000000009
decision_type=2 2 2 2 2 2 2 2 2 2 2 2 2 2
left_child=1 2 3 4 5 13 8 -5 -7 -10 -6 -9 -8 -1
right_child=-2 -3 -4 7 10 6 12 11 9 -11 -12 -13 -14 -15
leaf_value=-0.0050609108734871039 0.0064204225697965123 -0.018625737464244514 0.019102610081340999 -0.00148086816161166 -0.00096270832962706701 0.013097824769564732 -0.01869956623875757 0.0012509271741228166 -0.013169660911259465 0.010397289674995862 0.017851428282766604 -0.024321217832579626 0.0043868768041966603 0.016151280109247417
leaf_weight=1.9018050065787999 12.686407594010232 4.6190277016721657 3.6545871295966199 12.329539658792784 5.08546278998256 3.5569768858258639 9.9867775810562289 2.2617902276397199 5.7737244949967117 2.4915857959131245 11.507453665777573 6.5817384410474915 1.3878125473856915 3.5427958845102694
leaf_count=259 105 46 32 133 43 268 959 92 527 181 298 237 14 124
internal_value=-0.000158746 -0.00160913 0.000678696 -0.00160181 0.00366044 -0.00300499 -0.00723981 -0.0113957 0.00285833 -0.00482417 0.0131975 -0.0196914 -0.0154034 0.00986612
internal_weight=87.3675 74.6811 70.0621 66.4075 45.2344 28.6415 23.1969 21.1731 11.8223 8.26531 16.5929 8.84353 11.3746 5.4446
internal_count=3318 3213 3167 3135 2673 2332 1949 462 976 708 341 329 973 383
is_linear=0
shrinkage=0.05


Tree=217
num_leaves=15
num_cat=0
split_feature=0 14 5 5 3 5 11 11 1 11 16 6 9 1
split_gain=0.367693 0.92833 0.685896 0.991568 0.850822 0.747883 0.843747 0.668908 1.24766 0.816813 0.798022 0.584089 0.412413 0.410348
threshold=15.500000000000002 163.50000000000003 177.50000000000003 166.50000000000003 85.500000000000014 25.500000000000004 108.50000000000001 101.50000000000001 2.5000000000000004 20.500000000000004 178.50000000000003 21.500000000000004 180.50000000000003 1.0000000180025095e-35
decision_type=2 2 2 2 2 2 2 2 2 2 2 2 2 2
left_child=2 12 3 4 5 6 11 9 10 -6 -9 -1 -2 -11
right_child=1 -3 -4 -5 7 -7 -8 8 -10 13 -12 -13 -14 -15
leaf_value=-0.0055149172876693565 -0.021550042206503986 0.003925845989669839 0.013178346350918902 -0.0099646175430748336 -0.0055428001591962799 -0.018088416737683445 -0.011624483480145827 0.015921002966694939 -0.0095420348153794146 0.0022946175699839746 -0.00301141138736029 0.015849886523909881 0.0026287542983558536 0.022275078508531138
leaf_weight=1.7827700987400001 3.4049423041287792 7.6356708979874384 5.5436703115701667 15.368200917961074 2.4417662570485836 3.1443567863898343 2.4903370821557473 8.9270461371925212 11.472907675371969 4.8318410885403846 7.0143049757461986 4.5722830661106855 0.9840611470863222 7.4689945477875881
leaf_count=216 1004 129 49 126 47 259 198 187 289 105 80 282 11 336
internal_value=-0.000135236 -0.00680134 0.00129078 -0.000477899 0.00282942 -0.00706759 0.00196758 0.00609513 0.000875154 0.0131219 0.00886058 0.0100672 -0.017616 0.017358
internal_weight=87.0832 12.0247 75.0585 69.5148 54.1466 11.9897 8.84539 42.1569 27.4143 14.7426 15.9414 6.35505 4.389 12.3008
internal_count=3318 1144 2174 2125 1999 955 696 1044 556 488 267 498 1015 441
is_linear=0
shrinkage=0.05


Tree=218
num_leaves=15
num_cat=0
split_feature=13 7 5 6 4 9 3 9 15 2 8 10 6 9
split_gain=0.3585 0.884165 1.20971 1.56172 1.40678 0.943155 1.60824 1.41618 1.10872 0.540961 0.578508 0.905858 0.800121 0.53584
threshold=177.50000000000003 174.50000000000003 176.50000000000003 171.50000000000003 165.50000000000003 94.500000000000014 105.50000000000001 162.50000000000003 22.500000000000004 2.5000000000000004 20.500000000000004 70.500000000000014 21.500000000000004 171.50000000000003
decision_type=2 2 2 2 2 2 2 2 2 2 2 2 2 2
left_child=1 2 3 4 5 6 9 8 -7 -1 -11 12 -12 -9
right_child=-2 -3 -4 -5 -6 7 -8 13 -10 10 11 -13 -14 -15
leaf_value=-0.013437121518266227 0.0064115144866956388 -0.011689164205720977 0.018955359946643258 -0.022587258518025951 0.013132298062042615 0.0063382983750728305 0.017884358383173902 0.011581561215882297 -0.023502560347081005 -0.01077040465086547 -0.0059306660333774928 -0.0089300770621178558 0.020508848760211827 -0.0055503744116122602
leaf_weight=5.4879235732951228 12.157243344234301 11.990522675449027 3.3430148214101783 2.6174098234623662 13.344092225859638 1.6586463512794605 6.8339486418699371 4.5586959410138643 9.9976243010896706 1.6094881162571244 1.4492050924163757 2.3314630137756467 4.959637490886962 4.541680843802169
leaf_count=444 134 131 24 22 156 106 192 93 1159 167 247 101 274 68
internal_value=-0.000153195 -0.00155638 0.00110029 -0.00129864 0.00143166 -0.00314822 0.00361635 -0.00980459 -0.0186283 -0.00535434 0.00191242 0.00731731 0.0145512 0.00409526
internal_weight=86.8806 74.7234 62.7328 59.3898 56.7724 43.4283 22.6717 20.7566 11.6563 15.8377 10.3498 8.74031 6.40884 9.10038
internal_count=3318 3184 3053 3029 3007 2851 1425 1426 1265 1233 789 622 521 161
is_linear=0
shrinkage=0.05


Tree=219
num_leaves=15
num_cat=0
split_feature=15 8 10 10 8 9 10 7 11 4 14 16 16 11
split_gain=0.368777 0.89946 0.721698 1.4371 1.01431 1.0922 1.1919 0.812572 0.767279 0.697202 0.679599 1.13379 0.787436 0.553926
threshold=173.50000000000003 163.50000000000003 174.50000000000003 148.50000000000003 177.50000000000003 168.50000000000003 118.50000000000001 169.50000000000003 168.50000000000003 168.50000000000003 169.50000000000003 171.50000000000003 174.50000000000003 125.50000000000001
decision_type=2 2 2 2 2 2 2 2 2 2 2 2 2 2
left_child=2 -2 3 4 5 6 9 -8 13 10 12 -12 -1 -5
right_child=1 -3 -4 8 -6 -7 7 -9 -10 -11 11 -13 -14 -15
leaf_value=-0.013118867588181106 -0.0045168059614248413 0.014539137145024745 0.010896045582930513 -0.0022825659138709853 0.018037569575164371 -0.017744167109368325 0.020193105664033772 -0.0048080423393636372 0.0029707904401365575 -0.014890013121126046 0.016011357309148985 -0.0061129803536952992 0.0065441407209809906 -0.0233816663665708
leaf_weight=8.3604932636662905 8.7185705674346554 7.5322469677776089 5.0512780146673313 5.5531688608316498 2.8247590214014044 3.491141859907656 6.4062953594402625 2.2792039529886097 4.0541524961590758 4.3112576480489215 8.2085848345886898 6.6716009178198865 4.3718852647580198 8.7411453025997599
leaf_count=1822 129 72 58 174 30 44 358 28 34 34 193 94 55 193
internal_value=-0.000167797 0.00565832 -0.00180033 -0.00348821 0.00141265 -0.00138059 0.00181718 0.0142728 -0.0136403 -0.00304544 0.000803233 0.00704918 -0.00642574 -0.0179006
internal_weight=86.5758 16.2508 70.325 65.2737 46.9252 44.1005 40.6093 8.6855 18.3485 31.9238 27.6126 14.8802 12.7324 14.2943
internal_count=3318 201 3117 3059 2658 2628 2584 386 401 2198 2164 287 1877 367
is_linear=0
shrinkage=0.05


Tree=220
num_leaves=15
num_cat=0
split_feature=3 3 6 6 3 2 0 9 0 7 15 5 7 1
split_gain=0.366078 1.20192 1.2663 1.48259 1.27249 0.85309 0.925051 1.08413 0.769004 0.745148 0.657694 0.60931 0.882594 0.861086
threshold=171.50000000000003 169.50000000000003 174.50000000000003 138.50000000000003 128.50000000000003 1.5000000000000002 7.5000000000000009 179.50000000000003 14.500000000000002 164.50000000000003 183.50000000000003 25.500000000000004 102.50000000000001 2.5000000000000004
decision_type=2 2 2 2 2 2 2 2 2 2 2 2 2 2
left_child=1 2 3 4 5 -1 11 10 9 -5 -8 -7 -13 -14
right_child=-2 -3 -4 8 -6 6 7 -9 -10 -11 -12 12 13 -15
leaf_value=0.0097806290662453433 0.0063903974992854211 -0.018222143743346696 0.018731104491403548 -0.011209274369221346 0.012834931587606969 0.012459326359123118 -0.023153152099645458 0.00937900732235219 -0.022020731479242165 0.0060129028504365065 0.0032925533757326773 -0.016148823983185581 0.015430631987774061 -0.0093087839487027164
leaf_weight=5.4006264999334261 12.523706300184129 4.5627241446636608 3.5979584082961074 7.6979333623894508 16.423849299928406 3.5487323690322254 8.7824906006426264 0.92790002189576704 5.2590050988655994 7.9557154979556799 1.4707541980315006 3.0047606373263971 3.3575337898219004 1.7918563839630222
leaf_count=383 105 46 32 113 341 268 941 10 281 68 22 328 198 182
internal_value=-0.000154308 -0.00160028 0.000649168 -0.00159823 0.00357032 -0.00292922 -0.0071447 -0.0149683 -0.0112047 -0.0031197 -0.0195239 0.00257333 -0.00482961 0.00647705
internal_weight=86.3055 73.7818 69.2191 65.6212 44.7085 28.2847 22.884 11.1811 20.9127 15.6536 10.2532 11.7029 8.15415 5.14939
internal_count=3318 3213 3167 3135 2673 2332 1949 973 462 181 963 976 708 380
is_linear=0
shrinkage=0.05


Tree=221
num_leaves=15
num_cat=0
split_feature=16 16 4 14 14 14 2 11 1 8 2 10 16 15
split_gain=0.355179 1.46586 1.15902 1.69962 1.07703 1.06994 0.914079 0.776369 0.671176 0.596507 0.504711 0.323788 0.165875 0.156071
threshold=166.50000000000003 171.50000000000003 147.50000000000003 169.50000000000003 171.50000000000003 182.50000000000003 3.5000000000000004 138.50000000000003 5.5000000000000009 90.500000000000014 2.5000000000000004 157.50000000000003 164.50000000000003 25.500000000000004
decision_type=2 2 2 2 2 2 2 2 2 2 2 2 2 2
left_child=2 -2 3 8 9 -6 7 -4 12 -3 -10 -11 -1 -5
right_child=1 4 6 13 5 -7 -8 -9 10 11 -12 -13 -14 -15
leaf_value=-0.019308332710064983 0.01647618001472366 -0.0050208577926591016 -0.0014539695290526978 0.0031170125734924321 -0.014965788238336723 0.0050782474995922427 0.0029574685279438874 -0.025042241606381861 -0.007406084833505965 0.01444919133526729 0.012076943892353849 0.00024638853433916206 0.001505842051129775 0.020365698806082747
leaf_weight=3.1595067762245885 8.9826048969407548 6.0398568966193151 6.0331999906920846 3.9647263237275165 14.916492932708936 6.9669944178313008 6.4766977466060771 6.1314052971283672 1.8149936672998594 8.4687640598276612 1.980152787058614 5.9667721148580304 0.31374829472042609 4.7574378427816555
leaf_count=1740 117 81 100 117 164 102 152 81 145 115 232 85 7 80
internal_value=-0.000164255 0.00239558 -0.00378265 0.00528532 -0.0020146 -0.00882678 -0.0110339 -0.0171747 -0.00943222 0.0055695 0.00384604 0.0101523 -0.017649 0.0165178
internal_weight=85.9734 51.3415 34.6319 15.9906 42.3589 21.8835 18.6413 12.1646 7.2684 20.4754 3.79515 14.4355 3.47326 8.72216
internal_count=3318 664 2654 2321 547 266 333 181 2124 281 377 200 1747 197
is_linear=0
shrinkage=0.05


Tree=222
num_leaves=15
num_cat=0
split_feature=15 8 10 10 8 9 10 7 11 4 11 10 3 5
split_gain=0.356049 0.834093 0.67458 1.35378 0.979338 1.05748 1.10901 0.791154 0.716943 0.667726 0.656087 0.881579 1.28494 0.576903
threshold=173.50000000000003 163.50000000000003 174.50000000000003 148.50000000000003 177.50000000000003 168.50000000000003 118.50000000000001 169.50000000000003 168.50000000000003 168.50000000000003 164.50000000000003 84.500000000000014 89.500000000000014 25.500000000000004
decision_type=2 2 2 2 2 2 2 2 2 2 2 2 2 2
left_child=2 -2 3 4 5 6 9 -8 -5 10 11 12 13 -1
right_child=1 -3 -4 8 -6 -7 7 -9 -10 -11 -12 -13 -14 -15
leaf_value=0.0019125185373840331 -0.0042547611103668399 0.014171184129996187 0.010561273831672213 -0.017433048457897983 0.017760235547396398 -0.017495393221143705 0.019675308904372316 -0.0048903540434149292 0.0028472049700659094 -0.014548234559866272 0.012466542199861314 -0.012663256822565076 0.016469081026969545 -0.017071091199249516
leaf_weight=7.3891348396428018 8.6767443493008631 7.4385387860238543 4.9765195334330192 14.124139788953473 2.7757313745096317 3.4690413255011654 6.3806225630105455 2.2631642010528594 4.013562141917645 4.2684301303233942 4.0447897302510674 8.248560587744576 5.7661598427366689 1.9526196345977949
leaf_count=927 129 72 58 367 30 44 358 28 34 34 88 841 187 121
internal_value=-0.000148659 0.00559204 -0.00176201 -0.00339961 0.00137301 -0.00137978 0.00178446 0.0138083 -0.0132999 -0.0029326 0.000842613 -0.00301362 0.00409363 -0.00662362
internal_weight=85.7878 16.1153 69.6725 64.696 46.5583 43.7825 40.3135 8.64379 18.1377 31.6697 27.4013 23.3565 15.1079 9.34175
internal_count=3318 201 3117 3059 2658 2628 2584 386 401 2198 2164 2076 1235 1048
is_linear=0
shrinkage=0.05


Tree=223
num_leaves=15
num_cat=0
split_feature=3 3 6 6 3 2 1 12 0 7 11 2 13 1
split_gain=0.365 1.13379 1.21192 1.44666 1.21375 0.805998 0.889715 0.733139 0.716407 0.693606 0.645733 0.853494 0.796997 0.530675
threshold=171.50000000000003 169.50000000000003 174.50000000000003 138.50000000000003 128.50000000000003 1.5000000000000002 2.5000000000000004 145.50000000000003 14.500000000000002 164.50000000000003 94.500000000000014 2.5000000000000004 25.500000000000004 4.5000000000000009
decision_type=2 2 2 2 2 2 2 2 2 2 2 2 2 2
left_child=1 2 3 4 5 13 7 -7 9 -5 11 -8 -13 -1
right_child=-2 -3 -4 8 -6 6 10 -9 -10 -11 -12 12 -14 -15
leaf_value=-0.0050540575856499034 0.0064288237669489663 -0.017786466357664409 0.018355116648349188 -0.01099847592327346 0.012604176275415938 0.010013289249024223 -0.014554714792473812 -0.0088720156222587398 -0.021632557566146376 0.0056700750109338026 -0.022819473092938015 -0.0079819465158792059 0.016751910845526834 0.015654522121841926
leaf_weight=1.8686748265172379 12.424045011401175 4.4824829129502168 3.5520665957592419 7.6572263742564264 16.303176354267634 7.3844402047107014 1.8147236089571359 4.012883368995972 5.1615712764469199 7.9063870506361127 4.6830959555663867 1.6260589984303804 3.1322819172783056 3.5276403283933178
leaf_count=259 105 46 32 113 341 611 169 62 281 68 610 258 239 124
internal_value=-0.000121392 -0.00157473 0.000620034 -0.00158852 0.00353636 -0.00284356 -0.00697057 0.0026862 -0.0111117 -0.00321101 -0.0145672 -0.00136904 0.00854063 0.00950158
internal_weight=85.5368 73.1127 68.6302 65.0782 44.353 28.0498 22.6535 11.3973 20.7252 15.5636 11.2562 6.57306 4.75834 5.39632
internal_count=3318 3213 3167 3135 2673 2332 1949 673 462 181 1276 666 497 383
is_linear=0
shrinkage=0.05


Tree=224
num_leaves=15
num_cat=0
split_feature=9 6 7 8 6 5 16 16 15 10 8 14 2 15
split_gain=0.357633 0.678125 1.14378 1.70052 0.825381 1.46565 0.958966 1.38416 1.04012 0.886837 1.05182 0.777036 1.114 0.760683
threshold=21.500000000000004 105.50000000000001 104.50000000000001 24.500000000000004 112.50000000000001 108.50000000000001 167.50000000000003 171.50000000000003 146.50000000000003 141.50000000000003 106.50000000000001 176.50000000000003 3.5000000000000004 179.50000000000003
decision_type=2 2 2 2 2 2 2 2 2 2 2 2 2 2
left_child=-1 2 3 -2 5 -3 8 -8 9 10 -6 12 -9 -5
right_child=1 4 -4 13 6 -7 7 11 -10 -11 -12 -13 -14 -15
leaf_value=-0.0093706551629350286 0.011044107171385605 -0.025275126372445007 0.018688317220781722 -0.022041977150594277 0.0088956621433168691 0.0085971062700541702 0.019753141256688554 0.014018464893057653 -0.016966333196663179 0.012535401881238873 -0.015538957084520896 -0.0091444250552374078 -0.0075568686049881876 0.005745415169858512
leaf_weight=4.5170846141700158 7.2587841245403997 3.4887114232988088 7.3556611525418694 4.3267082036472857 3.2634726829710434 1.992612751200795 6.9339036987512364 9.4006303673377278 7.9579400383081511 5.5427180086990111 5.8045560439350083 10.298012775368987 6.1014697768841861 1.0148820048198102
leaf_count=504 479 159 348 582 44 101 70 123 162 180 344 107 104 11
internal_value=-0.000183882 0.000846567 0.00782467 -0.0020246 -0.00186501 -0.0147345 0.000526493 0.00566658 -0.00660438 0.00192623 -0.006709 -0.000711333 0.00575465 -0.0165372
internal_weight=85.2571 80.7401 19.956 12.6004 60.784 5.48132 55.3027 32.734 22.5687 14.6107 9.06803 25.8001 15.5021 5.34159
internal_count=3318 2814 1420 1072 1394 260 1134 404 730 568 388 334 227 593
is_linear=0
shrinkage=0.05


Tree=225
num_leaves=15
num_cat=0
split_feature=12 12 15 12 7 7 10 5 7 16 5 6 9 11
split_gain=0.363201 0.887757 0.515202 0.70518 0.691242 0.933007 1.08427 0.971198 0.684018 0.543462 0.524057 2.6958 0.387125 0.242916
threshold=170.50000000000003 166.50000000000003 173.50000000000003 143.50000000000003 173.50000000000003 101.50000000000001 22.500000000000004 22.500000000000004 171.50000000000003 24.500000000000004 162.50000000000003 124.50000000000001 107.50000000000001 22.500000000000004
decision_type=2 2 2 2 2 2 2 2 2 2 2 2 2 2
left_child=1 2 3 4 5 6 7 -1 12 -9 11 -7 -5 -8
right_child=-2 -3 -4 8 -6 10 13 9 -10 -11 -12 -13 -14 -15
leaf_value=-0.0097783791855027211 -0.0078351387524569476 0.014335100643800251 0.0083684849400542643 -0.0019815795729502543 -0.0087737085447781339 0.01507244220252632 -0.00013301048391789136 -0.0034826817107399908 0.0041357879837685928 0.019846185579355243 0.015677649297760155 -0.019545392157413504 -0.020142672113437204 -0.019659636166735984
leaf_weight=2.5613589247222972 8.3364426242187601 5.9379646433517328 7.7576913428492835 5.5542958907608426 9.4315015608444792 9.0166949169943127 2.027419305028161 1.6859459914849138 4.0825660151895127 3.6768366316973697 10.14656155137345 4.4121587438858105 6.5197176088840934 3.8188883069960866
leaf_count=493 109 62 93 122 93 763 185 129 45 123 103 341 155 502
internal_value=-0.0001946 0.00106561 -0.000922313 -0.0025992 0.000749644 0.00390669 -0.00529191 0.00580149 -0.0101807 0.0143704 0.00926545 0.00148145 -0.014815 -0.016071
internal_weight=84.966 76.6296 70.6916 62.9339 46.7774 37.3459 13.7704 7.92414 16.1566 5.36278 23.5754 13.4289 12.074 5.84631
internal_count=3318 3209 3147 3054 2732 2639 1432 745 322 252 1207 1104 277 687
is_linear=0
shrinkage=0.05


Tree=226
num_leaves=15
num_cat=0
split_feature=10 10 4 16 15 13 14 2 10 8 5 5 0 2
split_gain=0.347936 0.942444 1.2868 0.706888 1.11766 1.04918 1.76079 2.13105 0.782921 0.763504 0.566135 0.813813 0.612469 0.91915
threshold=93.500000000000014 70.500000000000014 61.500000000000007 166.50000000000003 146.50000000000003 177.50000000000003 176.50000000000003 3.5000000000000004 141.50000000000003 121.50000000000001 25.500000000000004 21.500000000000004 7.5000000000000009 1.5000000000000002
decision_type=2 2 2 2 2 2 2 2 2 2 2 2 2 2
left_child=1 2 10 4 8 6 7 -5 9 -2 11 -1 -13 -14
right_child=3 -3 -4 5 -6 -7 -8 -9 -10 -11 -12 12 13 -15
leaf_value=-0.013104182637047188 0.0076340915492446246 -0.015767915184201117 0.01735716705230449 0.019190752913580311 -0.015357451231424219 0.018674780085762503 -0.013676098979619317 -0.0067093163889583142 0.012285513209093516 -0.013078598405953193 -0.017050065024604051 0.016683969236321969 0.011944768806644728 -0.01418048917723967
leaf_weight=1.6897518342302662 3.4084285560820771 6.7125147468905189 3.8619833671837105 12.377982712001542 8.267318052807239 6.374207315966486 9.0960309822112304 11.044328160700386 6.9977809113624962 5.6197612826363184 2.1097930826363145 3.3083970389561728 1.2473308506887408 2.6227121393603738
leaf_count=498 596 325 107 165 183 69 86 169 237 297 97 173 22 294
internal_value=-0.00022482 -0.00506932 0.00252414 0.00167818 -0.00447386 0.0055928 0.000881472 0.00794623 0.00345753 -0.00532505 -0.00649268 0.00126061 0.0086338 -0.00377347
internal_weight=84.7383 21.5525 14.84 63.1858 24.2933 38.8925 32.5183 23.4223 16.026 9.02819 10.978 8.86819 7.17844 3.87004
internal_count=3318 1516 1191 1802 1313 489 420 334 1130 893 1084 987 489 316
is_linear=0
shrinkage=0.05


Tree=227
num_leaves=15
num_cat=0
split_feature=12 12 15 12 7 7 7 10 5 11 11 5 6 11
split_gain=0.347373 0.821759 0.475239 0.633412 0.656591 0.638589 0.885591 1.02011 0.923795 0.623498 0.74544 0.492246 2.55229 0.23429
threshold=170.50000000000003 166.50000000000003 173.50000000000003 143.50000000000003 171.50000000000003 173.50000000000003 101.50000000000001 22.500000000000004 22.500000000000004 163.50000000000003 154.50000000000003 162.50000000000003 124.50000000000001 22.500000000000004
decision_type=2 2 2 2 2 2 2 2 2 2 2 2 2 2
left_child=1 2 3 5 9 6 7 8 -1 10 -5 12 -8 -9
right_child=-2 -3 -4 4 -6 -7 11 13 -10 -11 -12 -13 -14 -15
leaf_value=-0.0096345175405447084 -0.0077083719319692981 0.013805066458514939 0.0080302986652426196 -0.010822611845986952 0.0041996478542621462 -0.0084878759684070149 0.014610432233568013 -0.00010818446322034565 0.013931545345619217 -0.022736088935130679 0.010081237443778404 0.015168250438445517 -0.019163891329022912 -0.019272656502365919
leaf_weight=2.5330501563148555 8.2985127316787821 5.8896600864827624 7.7170775553677222 4.4814639316318807 4.070968057261779 9.3997130759526026 8.9935542150778947 2.0189806656853762 5.343127674452262 4.6458886882755905 2.8495413193013519 10.103741145576349 4.3371433555294052 3.7622784358100034
leaf_count=493 109 62 93 158 45 93 763 185 252 68 51 103 341 502
internal_value=-0.000228907 0.00101096 -0.000907525 -0.00252325 -0.00972526 0.00066568 0.00371806 -0.00525867 0.00555432 -0.0143013 -0.00190423 0.0089544 0.00139198 -0.0157339
internal_weight=84.4447 76.1462 70.2565 62.5395 16.0479 46.4916 37.0919 13.6574 7.87618 11.9769 7.33101 23.4344 13.3307 5.78126
internal_count=3318 3209 3147 3054 322 2732 2639 1432 745 277 209 1207 1104 687
is_linear=0
shrinkage=0.05


Tree=228
num_leaves=15
num_cat=0
split_feature=9 9 9 2 4 4 10 13 4 10 9 15 11 16
split_gain=0.350647 0.983514 0.784541 0.844509 0.647606 0.947202 0.639012 1.54327 1.07188 0.953079 1.07409 1.99238 0.39719 0.37624
threshold=22.500000000000004 23.500000000000004 80.500000000000014 3.5000000000000004 176.50000000000003 170.50000000000003 169.50000000000003 176.50000000000003 163.50000000000003 102.50000000000001 162.50000000000003 22.500000000000004 24.500000000000004 160.50000000000003
decision_type=2 2 2 2 2 2 2 2 2 2 2 2 2 2
left_child=-1 -2 3 -3 5 6 7 8 9 13 11 -11 -5 -4
right_child=1 2 4 12 -6 -7 -8 -9 -10 10 -12 -13 -14 -15
leaf_value=-0.0076683127788320024 0.018109201394668047 -0.019838131211400812 -0.0052455376641823669 0.010723628966918145 0.011381918789377554 -0.013070487972593732 -0.0085580324908374385 0.020212154148546199 0.0090806898488405546 0.010601198995513225 0.0026586581529999208 -0.026871431295557736 -0.0058466116614369996 0.013565889108372487
leaf_weight=8.6470662640349456 2.6149928552913471 4.7990466402552538 0.81935045975842813 2.0780275234137662 8.5160049637779576 7.5341149102896443 6.504844016977585 6.8971014730632296 12.374724211520514 1.7862264734285442 7.3299595681164638 8.5523893220961309 2.8676103232428432 2.9148272328311577
leaf_count=772 117 260 391 59 77 82 96 73 129 76 134 892 122 38
internal_value=-0.000269509 0.00100013 -0.000734877 -0.011156 0.00157102 -0.000781197 0.00224569 0.00472118 -0.000640276 -0.00691605 -0.0114453 -0.0190519 0.00300667 0.00879831
internal_weight=84.2363 75.5892 72.9742 9.74468 63.2295 54.7135 47.1794 40.6746 33.7775 21.4028 17.6686 10.3386 4.94564 3.73418
internal_count=3318 2546 2429 441 1988 1911 1829 1733 1660 1531 1102 968 181 429
is_linear=0
shrinkage=0.05


Tree=229
num_leaves=15
num_cat=0
split_feature=9 6 7 8 6 5 5 6 14 0 5 13 9 15
split_gain=0.335672 0.652132 1.03967 1.56511 0.784666 1.37207 0.959031 1.24596 0.94915 0.83237 0.810723 1.07317 1.45676 0.710698
threshold=21.500000000000004 105.50000000000001 104.50000000000001 24.500000000000004 112.50000000000001 108.50000000000001 145.50000000000003 155.50000000000003 177.50000000000003 13.500000000000002 173.50000000000003 164.50000000000003 172.50000000000003 179.50000000000003
decision_type=2 2 2 2 2 2 2 2 2 2 2 2 2 2
left_child=-1 2 3 -2 5 -3 8 -8 9 -6 11 12 -9 -5
right_child=1 4 -4 13 6 -7 7 10 -10 -11 -12 -13 -14 -15
leaf_value=-0.0091706549071703496 0.010643583993038015 -0.024732729474927634 0.018007420870730581 -0.021359267692847114 0.024814811177824657 0.008236756553982363 -0.013207488610463012 -0.018729834500400482 -0.0039477394030604422 -0.0045160779155626564 0.012729112331798409 0.010290183165435306 0.0066663931590439617 0.0055688419141601969
leaf_weight=4.4257526982401023 7.2052187799999974 3.4036928159766822 7.2934661244216832 4.1645980108587537 4.9183665034652204 1.9666564002982339 13.906307602243031 8.7603414841578395 4.9590086452662945 1.4209308690333271 8.1722265239804965 6.1466056986246249 6.1837174894753835 1.0048319860361514
leaf_count=504 479 159 348 582 154 101 304 158 68 253 74 54 69 11
internal_value=-0.000231977 0.000778764 0.00766057 -0.00186489 -0.00189953 -0.014509 0.000459109 -0.00312456 0.0109097 0.019148 0.00289519 -0.00262443 -0.00918438 -0.0159605
internal_weight=83.9317 79.506 19.6681 12.3746 59.8379 5.37035 54.4675 43.1692 11.2983 6.3393 29.2629 21.0907 14.9441 5.16943
internal_count=3318 2814 1420 1072 1394 260 1134 659 475 407 355 281 227 593
is_linear=0
shrinkage=0.05


Tree=230
num_leaves=15
num_cat=0
split_feature=3 3 6 6 3 2 1 0 12 7 11 2 13 8
split_gain=0.343221 1.05573 1.14835 1.33951 1.14291 0.747696 0.857546 0.689312 0.670382 0.636818 0.573886 0.813486 0.74886 0.494231
threshold=171.50000000000003 169.50000000000003 174.50000000000003 138.50000000000003 128.50000000000003 1.5000000000000002 2.5000000000000004 14.500000000000002 145.50000000000003 164.50000000000003 94.500000000000014 2.5000000000000004 25.500000000000004 108.50000000000001
decision_type=2 2 2 2 2 2 2 2 2 2 2 2 2 2
left_child=1 2 3 4 5 -1 8 9 -7 -5 11 -8 -13 -6
right_child=-2 -3 -4 7 13 6 10 -9 -10 -11 -12 12 -14 -15
leaf_value=0.0090214644447196412 0.0061904662998087702 -0.017345438268369855 0.01783906392323038 -0.01058643738952731 -0.00085437303256506746 0.0097280410216650237 -0.014413822988464421 -0.021264696945276534 -0.0084898810069965105 0.0054837099596462121 -0.022321242913716784 -0.0078127265195334483 0.016211869936341466 0.016454355655152748
leaf_weight=5.3331001941987806 12.13313435949385 4.3914009672589591 3.4878654908388844 7.4860057398327644 4.911400733224581 7.1664479824830796 1.7889832418586573 5.0209691641939562 3.876599149138201 7.7620975906029344 4.5093169330648379 1.5907752176572101 3.0764734016120201 11.061687468900343
leaf_count=383 105 46 32 113 43 611 169 281 62 68 610 258 239 298
internal_value=-0.000218443 -0.00164021 0.000520075 -0.00166122 0.00333974 -0.00292063 -0.00694881 -0.0108944 0.00267994 -0.00307183 -0.0144481 -0.00160719 0.00821773 0.0121974
internal_weight=83.5963 71.4631 67.0717 63.5839 43.3148 27.3417 22.0086 20.2691 11.043 15.2481 10.9655 6.45623 4.66725 15.9731
internal_count=3318 3213 3167 3135 2673 2332 1949 462 673 181 1276 666 497 341
is_linear=0
shrinkage=0.05


Tree=231
num_leaves=15
num_cat=0
split_feature=9 9 9 2 16 16 15 14 8 10 8 9 11 10
split_gain=0.332853 0.939102 0.747598 0.805066 0.650142 0.998714 0.973607 0.879063 0.862465 0.736821 0.686634 0.584883 0.378148 0.376078
threshold=22.500000000000004 23.500000000000004 80.500000000000014 3.5000000000000004 166.50000000000003 171.50000000000003 146.50000000000003 171.50000000000003 157.50000000000003 141.50000000000003 121.50000000000001 171.50000000000003 24.500000000000004 158.50000000000003
decision_type=2 2 2 2 2 2 2 2 2 2 2 2 2 2
left_child=-1 -2 3 -3 6 -6 9 13 -9 10 -4 -12 -5 -7
right_child=1 2 4 12 5 7 -8 8 -10 -11 11 -13 -14 -15
leaf_value=-0.0074928812367975051 0.017694990892443755 -0.019454990534398593 0.0068065492661569978 0.010490092393332333 0.017017044253246197 0.013049273253240977 -0.014639512744774406 0.0042093223793253746 -0.014335654258116545 0.011677723772024579 -0.018330091756993787 0.004779710349475861 -0.0057215180927770466 -0.0014118561920400635
leaf_weight=8.5862589771131734 2.6068150057690209 4.7218973028648161 3.6415964901243623 2.048431146889925 7.8414222933934061 7.9523749483632873 8.0584415594639704 8.2531318322289753 8.8033354389481229 6.9452715874504056 4.03477242088411 1.4880535830743609 2.8217494346317835 5.5230121947824955
leaf_count=772 117 260 782 59 92 116 180 104 96 237 278 22 122 81
internal_value=-0.000271856 0.000975519 -0.000736572 -0.0109616 0.00152704 0.00531645 -0.00436961 0.000339666 -0.00644224 0.00301832 -0.00534986 -0.012791 0.00295703 0.00834419
internal_weight=83.3266 74.7403 72.1335 9.59208 62.5414 38.3733 24.1681 30.5319 17.0565 16.1097 9.16442 5.52283 4.87018 13.4754
internal_count=3318 2546 2429 441 1988 489 1499 397 200 1319 1082 300 181 197
is_linear=0
shrinkage=0.05


Tree=232
num_leaves=15
num_cat=0
split_feature=14 0 3 9 16 1 16 4 10 14 6 9 16 3
split_gain=0.344878 1.48799 1.56241 1.31706 0.931708 0.788767 0.664675 0.752261 0.576198 0.548437 0.484019 0.439196 0.246431 0.133077
threshold=166.50000000000003 13.500000000000002 167.50000000000003 167.50000000000003 169.50000000000003 5.5000000000000009 174.50000000000003 168.50000000000003 115.50000000000001 89.000000000000014 116.50000000000001 177.50000000000003 25.500000000000004 21.500000000000004
decision_type=2 2 2 2 2 2 2 2 2 2 2 2 2 2
left_child=1 4 -3 6 5 11 7 12 -6 -7 -8 13 -2 -1
right_child=3 2 -4 -5 8 9 10 -9 -10 -11 -12 -13 -14 -15
leaf_value=0.00082295543832161923 0.0020337765908823549 -0.02686198171301047 0.0056989899412160103 -0.0081488681827351465 -0.0008991197585481378 0.012693772998500653 -0.0078975006464039668 -0.0027260530473870999 0.016475640664899614 -0.0073634253852535528 0.006295384250657822 0.0045555855408649665 0.019319586161239743 -0.020331267388381556
leaf_weight=0.39953720048652197 3.8152120689337634 5.6112324235582474 3.3824678743258119 15.75552236009389 7.0131926443427783 2.9877057594130747 6.9533020406961423 4.9995055086910716 7.247260320931673 1.7030617212294599 7.1458279928192496 0.43156670778989781 11.699231715756467 3.9976556202454958
leaf_count=103 86 1150 40 148 77 83 94 40 87 154 89 4 257 906
internal_value=-0.000247076 -0.00391798 -0.0169553 0.00227961 0.00310183 -0.00700502 0.00745594 0.0122792 0.00991566 0.00536971 -0.000939234 -0.0156425 0.0166005 -0.018994
internal_weight=83.1423 32.7737 8.9937 50.3686 23.78 9.51953 34.6131 20.5139 14.2605 4.69077 14.0991 4.82876 15.5144 4.39719
internal_count=3318 2604 1190 714 1414 1250 566 383 164 237 183 1013 343 1009
is_linear=0
shrinkage=0.05


Tree=233
num_leaves=15
num_cat=0
split_feature=3 3 6 6 3 2 1 12 12 11 2 13 15 5
split_gain=0.329605 0.997842 1.08584 1.25234 1.01568 0.70523 0.820879 0.641806 0.60626 0.552937 0.781668 0.720351 0.493181 0.471902
threshold=171.50000000000003 169.50000000000003 174.50000000000003 139.50000000000003 128.50000000000003 1.5000000000000002 2.5000000000000004 145.50000000000003 117.50000000000001 94.500000000000014 2.5000000000000004 25.500000000000004 173.50000000000003 105.50000000000001
decision_type=2 2 2 2 2 2 2 2 2 2 2 2 2 2
left_child=1 2 3 4 5 -1 7 -7 -5 10 -8 -12 -10 -6
right_child=-2 -3 -4 8 13 6 9 -9 12 -11 11 -13 -14 -15
leaf_value=0.0087298882833062915 0.0060411737128936377 -0.016964524237898761 0.017357209554202405 0.00066723367554121773 0.019991905805983687 0.0095296083371819579 -0.01414577356807108 -0.0083153101354638184 -0.020536191143223401 -0.021922217350871243 -0.0076796762062989327 0.015911303174780195 1.33783517021058e-05 0.0032559980888584427
leaf_weight=5.330361067462948 12.056330617517231 4.3353195767849675 3.4339325642213216 7.4388805545604582 4.3534783732611713 7.1403991627012164 1.7491828865313417 3.8577796426252462 8.2704365236786526 4.4419588956807274 1.5717602039221672 3.0728056760126492 3.734961576294153 12.178702460369093
leaf_count=383 105 46 32 175 84 611 169 62 235 610 258 239 42 267
internal_value=-0.000254413 -0.00165222 0.000460348 -0.00166479 0.00309401 -0.00286841 -0.00679898 0.00262768 -0.0108045 -0.0141756 -0.00153528 0.00808537 -0.0160189 0.0112821
internal_weight=82.9663 70.91 66.5746 63.1407 43.6964 27.1642 21.8339 10.9982 19.4443 10.8357 6.39375 4.64457 12.0054 16.5322
internal_count=3318 3213 3167 3135 2683 2332 1949 673 452 1276 666 497 277 351
is_linear=0
shrinkage=0.05


Tree=234
num_leaves=15
num_cat=0
split_feature=14 0 3 9 16 1 16 4 10 14 6 9 16 3
split_gain=0.329546 1.40391 1.49021 1.21153 0.891107 0.749692 0.629076 0.698926 0.551987 0.523322 0.463929 0.425383 0.230726 0.12627
threshold=166.50000000000003 13.500000000000002 167.50000000000003 167.50000000000003 169.50000000000003 5.5000000000000009 174.50000000000003 168.50000000000003 115.50000000000001 89.000000000000014 116.50000000000001 177.50000000000003 25.500000000000004 21.500000000000004
decision_type=2 2 2 2 2 2 2 2 2 2 2 2 2 2
left_child=1 4 -3 6 5 11 7 12 -6 -7 -8 13 -2 -1
right_child=3 2 -4 -5 8 9 10 -9 -10 -11 -12 -13 -14 -15
leaf_value=0.00078125899269310031 0.0019559299537952068 -0.026367638072644042 0.005545158079175605 -0.0078077553426043325 -0.00093120690118133655 0.012326905241251879 -0.0077966431623147162 -0.0026153826336636865 0.016072560563345908 -0.0072539671214846045 0.0061188093815824143 0.0044962130170862471 0.018675483430585234 -0.019996653220144288
leaf_weight=0.3991649720992444 3.8096871475281686 5.48251220469683 3.3669470213353634 15.713038531597702 6.9854217051761207 2.9952414153376594 6.9200330383609963 4.9870811179280272 7.2103943061083555 1.688632645702455 7.1195652657188475 0.42635886371135701 11.661105822568059 3.9440909081313293
leaf_count=103 86 1150 40 148 77 83 94 40 87 154 89 4 257 906
internal_value=-0.000266173 -0.00386972 -0.0166074 0.00220545 0.00296318 -0.00693246 0.00717733 0.0118732 0.00964228 0.00516709 -0.000986309 -0.0153779 0.0160417 -0.0186909
internal_weight=82.7093 32.4988 8.84946 50.2105 23.6493 9.45349 34.4975 20.4579 14.1958 4.68387 14.0396 4.76961 15.4708 4.34326
internal_count=3318 2604 1190 714 1414 1250 566 383 164 237 183 1013 343 1009
is_linear=0
shrinkage=0.05


Tree=235
num_leaves=15
num_cat=0
split_feature=16 5 5 16 11 12 15 15 0 2 13 15 14 16
split_gain=0.33178 1.04291 1.06347 1.12358 0.871233 0.913355 0.696963 0.931441 0.692225 0.653559 0.737774 0.396152 0.631151 0.330107
threshold=160.50000000000003 175.50000000000003 166.50000000000003 176.50000000000003 101.50000000000001 159.50000000000003 157.50000000000003 168.50000000000003 15.500000000000002 2.5000000000000004 22.500000000000004 22.500000000000004 173.50000000000003 27.500000000000004
decision_type=2 2 2 2 2 2 2 2 2 2 2 2 2 2
left_child=8 2 3 6 -5 -6 -2 -8 9 11 -11 -1 -13 -12
right_child=1 -3 -4 4 5 -7 7 -9 -10 10 13 12 -14 -15
leaf_value=-0.014135301715033822 0.018652861308642989 0.015805771551659725 -0.011318500250339741 0.0064579789610590792 -0.019622195693714012 0.0018202349191133557 -0.010644361611132438 0.01172456363957964 -0.015669760003592204 -0.010010694640700226 0.015365547783280975 -0.009887255092759218 0.010711844731486432 -0.001264000026993566
leaf_weight=3.740722532878868 8.1401357295108046 5.9942125277593723 12.761411214713005 8.5456572100520152 6.120239607349502 7.5789079396054149 4.6273248051875253 4.0097881311085075 4.5937583162449291 1.0645434475736681 7.2759674424742098 1.9260543452546697 3.160235371440649 3.0015235878599924
leaf_count=174 143 56 122 121 99 104 121 56 971 210 316 353 43 429
internal_value=-0.000273931 0.00180272 -0.00106724 0.00319001 -0.0039578 -0.0104447 0.0114 0.000231655 -0.00460811 0.000523719 0.00720857 -0.00756644 0.00187695 0.0116847
internal_weight=82.5405 57.7777 51.7835 39.0221 22.2448 13.6991 16.7772 8.63711 24.7628 20.169 11.342 8.82701 5.08629 10.2775
internal_count=3318 822 766 644 324 203 320 177 2496 1525 955 570 396 745
is_linear=0
shrinkage=0.05


Tree=236
num_leaves=15
num_cat=0
split_feature=12 12 15 9 9 10 7 7 14 14 0 13 16 1
split_gain=0.327035 0.754144 0.440362 0.626907 1.39199 0.822432 1.24591 1.66334 0.698599 1.33294 0.735993 0.815721 0.494203 0.52447
threshold=170.50000000000003 166.50000000000003 173.50000000000003 173.50000000000003 171.50000000000003 165.50000000000003 169.50000000000003 164.50000000000003 168.50000000000003 92.500000000000014 11.500000000000002 124.50000000000001 174.50000000000003 5.5000000000000009
decision_type=2 2 2 2 2 2 2 2 2 2 2 2 2 2
left_child=1 2 3 4 5 6 7 8 9 12 11 -10 13 -1
right_child=-2 -3 -4 -5 -6 -7 -8 -9 10 -11 -12 -13 -14 -15
leaf_value=-0.013712914991077192 -0.0076096113778721282 0.013235522468056607 0.0077420824124169209 0.0057791866837369026 -0.024408103117000042 0.011671341275467612 -0.01998293311705961 0.02162821503351519 0.0073350953175552657 -0.024574510612724757 0.012196908723932228 -0.012237383967178307 0.009650708394437886 0.0050955007240209719
leaf_weight=3.0924773579608864 8.0697917288634908 5.7822655374184242 7.4971152357757083 13.071116214618085 2.9650822840630999 4.937291258131153 4.8462916772696181 2.4905811565404283 4.9848050754517335 4.2588838079245752 5.8196791145601301 7.3939162223832682 3.9196060467511415 3.2035029672260862
leaf_count=618 109 62 93 138 37 76 67 42 71 1456 133 149 42 225
internal_value=-0.000295692 0.00092897 -0.000940066 -0.00251322 -0.00510784 -0.00151869 -0.00426209 0.000122559 -0.00416972 -0.0108153 0.00230779 -0.00451297 0.00111136 -0.00612346
internal_weight=82.3324 74.2626 68.4803 60.9832 47.9121 44.947 40.0097 35.1635 32.6729 14.4745 18.1984 12.3787 10.2156 6.29598
internal_count=3318 3209 3147 3054 2916 2879 2803 2736 2694 2341 353 220 885 843
is_linear=0
shrinkage=0.05


Tree=237
num_leaves=15
num_cat=0
split_feature=9 6 0 1 5 14 7 16 16 16 8 13 15 2
split_gain=0.32441 0.597517 0.737771 0.637035 1.04445 1.01096 0.852298 0.797086 0.787887 0.839855 0.760785 0.824333 1.13128 0.556764
threshold=21.500000000000004 94.500000000000014 6.5000000000000009 1.5000000000000002 175.50000000000003 25.500000000000004 116.50000000000001 183.50000000000003 171.50000000000003 166.50000000000003 176.50000000000003 174.50000000000003 97.500000000000014 2.5000000000000004
decision_type=2 2 2 2 2 2 2 2 2 2 2 2 2 2
left_child=-1 2 -2 4 6 -5 -3 10 9 -8 11 12 -7 -4
right_child=1 3 13 5 -6 7 8 -9 -10 -11 -12 -13 -14 -15
leaf_value=-0.00911432146402282 -0.0089106158935532854 0.011506764206581926 0.00010077147923137761 0.011379173067610425 0.018940698198012126 -0.00079896694344026148 -0.0068748134994154279 0.0054734615854113433 -0.013002712320424976 0.014748582947454245 0.0035370428234321322 -0.00012143683795203387 -0.026732524682714184 0.020259410146779899
leaf_weight=4.3613931180734644 1.0768803663813731 4.7959876017121195 5.2460399201663659 3.5041116781067094 3.689575318247079 6.237461350217937 5.1150570430909301 5.8642183684278271 10.427217465359716 3.5135092800483108 5.2617195320781311 7.5517565202899268 10.285666021853102 5.1485833906044718
leaf_count=504 504 188 271 80 32 274 261 63 137 37 55 69 573 270
internal_value=-0.000306581 0.000708747 0.00925769 -0.00131743 0.00407894 -0.00518468 -0.001104 -0.00804377 -0.00600989 0.00411071 -0.0111494 -0.0144154 -0.0194025 0.0134227
internal_weight=82.0792 77.7178 11.4715 66.2463 27.5413 38.7049 23.8518 35.2008 19.0558 8.62857 29.3366 24.0749 16.5231 10.3946
internal_count=3318 2814 1045 1769 655 1114 623 1034 435 298 971 916 847 541
is_linear=0
shrinkage=0.05


Tree=238
num_leaves=15
num_cat=0
split_feature=3 3 6 6 3 2 1 12 12 11 2 13 8 0
split_gain=0.329193 0.952724 1.02437 1.12065 0.989908 0.697351 0.776789 0.603623 0.56307 0.501348 0.731894 0.677782 0.461963 0.714838
threshold=171.50000000000003 169.50000000000003 174.50000000000003 139.50000000000003 128.50000000000003 1.5000000000000002 2.5000000000000004 145.50000000000003 117.50000000000001 94.500000000000014 2.5000000000000004 25.500000000000004 108.50000000000001 15.500000000000002
decision_type=2 2 2 2 2 2 2 2 2 2 2 2 2 2
left_child=1 2 3 4 5 -1 7 -7 -5 10 -8 -12 -6 -14
right_child=-2 -3 -4 8 12 6 9 -9 -10 -11 11 -13 13 -15
leaf_value=0.0085720225125124113 0.0060887977086082866 -0.016654666840324076 0.016912659218521316 0.00071170701904777172 -0.0013085914052569864 0.0091156304006672524 -0.013910808876770486 -0.008211944670334417 -0.015420327885979685 -0.02155744139483614 -0.0075686099416347966 0.015299502630046017 0.020777179618928165 -0.0018018475413762195
leaf_weight=5.2839382875245091 11.87487757578492 4.2658808180131009 3.3693207865580908 7.3629326159280053 4.8566966248618 7.052599317699789 1.7119026208238191 3.8295389715058263 11.747316499946463 4.36104399888427 1.5451928517140912 3.0521011963137425 7.7020054250024241 3.8138225222355686
leaf_count=383 105 46 32 175 43 611 169 62 277 610 258 239 106 202
internal_value=-0.000234282 -0.0016422 0.000441797 -0.00163873 0.00288604 -0.00301541 -0.00693549 0.00235229 -0.0103462 -0.0141359 -0.00174308 0.00767457 0.0110016 0.0150178
internal_weight=81.8292 69.9543 65.6884 62.3191 43.2088 26.8363 21.5524 10.8821 19.1102 10.6702 6.3092 4.59729 16.3725 11.5158
internal_count=3318 3213 3167 3135 2683 2332 1949 673 452 1276 666 497 351 308
is_linear=0
shrinkage=0.05


Tree=239
num_leaves=15
num_cat=0
split_feature=16 5 16 5 17 11 10 2 0 2 13 15 14 16
split_gain=0.329373 0.936757 0.997477 0.772754 0.910483 0.892856 0.786121 0.745732 0.634458 0.608611 0.701633 0.375997 0.599053 0.291636
threshold=160.50000000000003 175.50000000000003 171.50000000000003 124.50000000000001 0.2698863636363637 96.500000000000014 148.50000000000003 3.5000000000000004 15.500000000000002 2.5000000000000004 22.500000000000004 22.500000000000004 173.50000000000003 92.500000000000014
decision_type=2 2 2 2 2 2 2 2 2 2 2 2 2 2
left_child=8 2 7 4 -4 -6 -5 -2 9 11 -11 -1 -13 -12
right_child=1 -3 3 6 5 -7 -8 -9 -10 10 13 12 -14 -15
leaf_value=-0.013845148093774687 0.014666509296338656 0.015140521778005301 0.012985263442701423 -0.00080210312006927752 0.0051492022857845075 -0.014681826155592631 -0.020432012845466321 -0.0040424248744373231 -0.015226785775763755 -0.0098773419395224819 0.014287469555579926 -0.0096766458487038617 0.010419267326476248 -0.0017930613596458219
leaf_weight=3.6952842282189575 9.2980112051009183 5.9178368253633371 5.6597408968955305 9.6484330954263005 7.6278329275082779 6.2910222250502557 6.9412607848062171 5.6952186365379012 4.5024576909054295 1.0495727478410106 7.9070508547301852 1.895637136447476 3.1514491478446871 2.3054942318922258
leaf_count=174 140 56 71 138 92 108 100 117 971 210 352 353 43 393
internal_value=-0.000249603 0.00183161 -0.000918712 -0.00529688 0.00153263 -0.00532535 -0.0118452 0.00832618 -0.00458596 0.0003749 0.00685988 -0.00743554 0.00181202 0.0112611
internal_weight=81.5863 57.0794 51.1615 36.1683 19.5786 13.9189 16.5897 14.9932 24.5069 20.0045 11.2621 8.74237 5.04709 10.2125
internal_count=3318 822 766 509 271 200 238 257 2496 1525 955 570 396 745
is_linear=0
shrinkage=0.05


Tree=240
num_leaves=15
num_cat=0
split_feature=10 10 4 16 17 5 9 14 13 7 16 5 5 0
split_gain=0.324501 0.807657 1.12928 0.662298 0.841332 0.929966 0.863162 0.741377 0.76016 0.673776 0.877818 0.515182 0.742357 0.539213
threshold=93.500000000000014 70.500000000000014 61.500000000000007 168.50000000000003 0.0085227272727272738 86.500000000000014 89.500000000000014 171.50000000000003 173.50000000000003 171.50000000000003 22.500000000000004 25.500000000000004 21.500000000000004 7.5000000000000009
decision_type=2 2 2 2 2 2 2 2 2 2 2 2 2 2
left_child=1 2 11 4 -2 -6 -7 -5 -9 10 -8 12 -1 -14
right_child=3 -3 -4 7 5 6 9 8 -10 -11 -12 -13 13 -15
leaf_value=-0.012589274736737528 0.013292939744174266 -0.015028629408545768 0.016235435512842344 0.012688972877591551 0.010865388053816177 0.0072612919926252802 0.0052775053353947242 -0.0080423837467642791 0.0081627379758272747 -0.0011721530283975183 -0.023117292147943821 -0.016429230968012961 0.015851813285104942 -0.003528812799827068
leaf_weight=1.6052533758484075 1.4362021256238247 6.4199240092275422 3.6838943550537797 14.69861108768964 2.1420160985726424 2.8229750445316339 1.3388464486924956 11.08379127585795 8.1975691732950491 8.2882979491259885 10.646892737044253 2.0182367314409921 3.2305860401829705 3.7413638801372144
leaf_count=498 14 325 107 226 230 51 32 121 101 88 939 97 173 316
internal_value=-0.000289722 -0.0050381 0.00218629 0.00159099 -0.00391077 -0.00692584 -0.0102157 0.00585766 -0.000890548 -0.0136043 -0.0193257 -0.00633753 0.0012129 0.00832137
internal_weight=81.3545 20.6993 14.2793 60.6552 26.6752 25.239 23.097 33.98 19.2814 20.274 11.9857 10.5954 8.5772 6.97195
internal_count=3318 1516 1191 1802 1354 1340 1110 448 222 1059 971 1084 987 489
is_linear=0
shrinkage=0.05


Tree=241
num_leaves=15
num_cat=0
split_feature=14 0 3 14 2 7 2 9 6 6 16 8 16 14
split_gain=0.336181 1.23194 1.36497 1.11892 1.60738 1.40431 1.37963 0.863173 0.377112 0.475399 0.320666 0.303378 0.659546 0.260634
threshold=166.50000000000003 13.500000000000002 167.50000000000003 175.50000000000003 3.5000000000000004 171.50000000000003 3.5000000000000004 165.50000000000003 24.500000000000004 22.500000000000004 174.50000000000003 157.50000000000003 172.50000000000003 22.500000000000004
decision_type=2 2 2 2 2 2 2 2 2 2 2 2 2 2
left_child=1 7 -3 6 5 11 -2 8 9 10 -1 12 -5 -10
right_child=3 2 -4 4 -6 -7 -8 -9 13 -11 -12 -13 -14 -15
leaf_value=-0.010649830363096063 0.022719833814434053 -0.025494151384078425 0.0053557899022252369 0.0040040500041509742 0.010177101681562016 0.0065213149085741112 -0.0038085370508348809 0.013400622581109752 0.0035816234158635081 0.013714822193767016 0.0049479022353371982 -0.022598490446434687 -0.014347974465921299 -0.010472620696505492
leaf_weight=2.1467782841355172 6.8267499753274006 5.2165431451139721 3.2696180939674377 6.1447255890816503 11.788105543004347 7.0845156805589786 6.261030652851332 6.3759801080450407 1.5812212128948875 1.4882687036879358 2.0874726488254964 6.0641613230109206 5.2529629622586071 9.5286718339048075
leaf_count=355 133 1150 40 105 131 61 150 66 62 82 25 58 76 824
internal_value=-0.00024862 -0.00393428 -0.0160292 0.0022593 -0.00248842 -0.0092638 0.0124843 0.00254552 -0.0036936 0.00447111 -0.00444474 -0.0156941 -0.00624998 -0.00798154
internal_weight=81.1168 31.6946 8.48616 49.4223 36.3345 24.5464 13.0878 23.2084 16.8324 5.72252 4.23425 17.4618 11.3977 11.1099
internal_count=3318 2604 1190 714 431 300 283 1414 1348 462 380 239 181 886
is_linear=0
shrinkage=0.05


Tree=242
num_leaves=15
num_cat=0
split_feature=9 6 0 1 14 5 7 16 16 16 8 13 15 2
split_gain=0.317696 0.540456 0.71487 0.614687 0.95286 0.926739 0.765934 0.758936 0.747304 0.768512 0.711541 0.766192 1.03229 0.495782
threshold=21.500000000000004 94.500000000000014 6.5000000000000009 1.5000000000000002 25.500000000000004 175.50000000000003 116.50000000000001 183.50000000000003 171.50000000000003 166.50000000000003 176.50000000000003 174.50000000000003 97.500000000000014 2.5000000000000004
decision_type=2 2 2 2 2 2 2 2 2 2 2 2 2 2
left_child=-1 2 -2 5 -5 6 -3 10 9 -8 11 12 -6 -4
right_child=1 3 13 4 7 -7 8 -9 -10 -11 -12 -13 -14 -15
leaf_value=-0.0089929211450794147 -0.0088658797579168336 0.011112016374565457 0.00025281376152605061 0.011090939541560436 -0.00093678381853392961 0.01819181296381582 -0.006403968346929672 0.0054073071844935108 -0.012418724127112543 0.014403542595762393 0.0034016000883760919 -0.00016833563131485487 -0.025996798996311674 0.019551714455531433
leaf_weight=4.2946640901936908 1.0702312908542797 4.7423624933726449 5.1688870298385137 3.4659658291784572 6.1879872224672097 3.6074397154152384 5.0335790266690328 5.7846299714874467 10.258190916036254 3.4652243817108683 5.2029583123512557 7.465352381579577 10.023975562515259 5.0692855485249311
leaf_count=504 504 188 271 80 274 32 261 63 137 37 55 69 573 270
internal_value=-0.000246604 0.000765426 0.00892943 -0.00118465 -0.0050135 0.00414334 -0.000826527 -0.00781881 -0.00554838 0.00427256 -0.010875 -0.0140583 -0.0189071 0.0130884
internal_weight=80.8407 76.5461 11.3084 65.2377 38.1309 27.1068 23.4994 34.6649 18.757 8.4988 28.8803 23.6773 16.212 10.2382
internal_count=3318 2814 1045 1769 1114 655 623 1034 435 298 971 916 847 541
is_linear=0
shrinkage=0.05


Tree=243
num_leaves=15
num_cat=0
split_feature=14 0 3 9 9 7 8 16 6 6 16 14 5 4
split_gain=0.330727 1.17708 1.30522 1.09698 0.807716 0.637328 0.859118 0.641441 0.357352 0.469252 0.307089 0.248917 0.330019 0.315814
threshold=166.50000000000003 13.500000000000002 167.50000000000003 167.50000000000003 165.50000000000003 163.50000000000003 136.50000000000003 176.50000000000003 24.500000000000004 22.500000000000004 174.50000000000003 22.500000000000004 25.500000000000004 168.50000000000003
decision_type=2 2 2 2 2 2 2 2 2 2 2 2 2 2
left_child=1 4 -3 5 8 6 7 -2 9 10 -1 -10 -13 -14
right_child=3 2 -4 -5 -6 -7 -8 -9 11 -11 -12 12 13 -15
leaf_value=-0.010526728016855042 0.012607590996308352 -0.025072135917740091 0.0052084672784901559 -0.0073311524062692895 0.012991479744656391 0.016479941495481001 -0.010146596169506576 -0.0027740419982145207 0.003521854545362134 0.013563697022575269 0.0047874050820460382 0.0043455968368741691 -0.01578781778874818 0.0022739546215327197
leaf_weight=2.1290410733199776 12.039551600988494 5.0995485001112666 3.2541186856105924 15.346340140094979 6.3516643908806136 7.4388659541436928 5.5876980198954689 8.7478515885304642 1.5769036428828247 1.4900658599799497 2.0724420589394867 0.92552672018064086 6.933472406191866 1.6111077759414909
leaf_count=355 270 1150 40 148 66 88 101 107 62 82 25 47 761 16
internal_value=-0.000178434 -0.00385156 -0.0157429 0.00230965 0.00248699 0.00706584 0.00220753 0.00685182 -0.00357038 0.00438126 -0.00447611 -0.00775579 -0.0102017 -0.0128
internal_weight=80.6042 31.4439 8.35367 49.1603 23.0902 33.814 26.3751 20.7874 16.7386 5.69155 4.20148 11.047 9.47011 8.54458
internal_count=3318 2604 1190 714 1414 566 478 377 1348 462 380 886 824 777
is_linear=0
shrinkage=0.05


Tree=244
num_leaves=15
num_cat=0
split_feature=10 10 4 16 17 5 8 14 13 8 6 5 5 5
split_gain=0.321878 0.745229 1.06911 0.599695 0.795556 0.933695 1.01971 0.681869 0.692006 0.610888 0.598954 0.588683 0.480666 0.713461
threshold=93.500000000000014 70.500000000000014 61.500000000000007 168.50000000000003 0.0085227272727272738 145.50000000000003 176.50000000000003 171.50000000000003 173.50000000000003 170.50000000000003 168.50000000000003 173.50000000000003 25.500000000000004 21.500000000000004
decision_type=2 2 2 2 2 2 2 2 2 2 2 2 2 2
left_child=1 2 12 4 -2 9 10 -5 -9 -6 11 -7 13 -1
right_child=3 -3 -4 7 5 6 -8 8 -10 -11 -12 -13 -14 -15
leaf_value=-0.012424248506490525 0.013118490889787199 -0.014533574403044364 0.015787973272132969 0.012377606828061175 0.010953892669224993 -0.029197652194512189 0.0050353124065384454 -0.0076068497423060046 0.0079008459038831524 -0.0083884136227614439 -0.00074434429801824124 -0.0014547780547277862 -0.01601533602454629 0.008112113748852498
leaf_weight=1.5782956175680753 1.419943574815991 6.342062063078628 3.6344116115360512 14.48015184374526 6.5789958752138791 5.0068601837338083 4.1511208161246023 10.969234326505104 8.1220161076635105 1.9281195942894553 4.244847859023138 3.0427259728312492 1.970979578065452 6.9280568421527278
leaf_count=498 14 325 107 226 963 241 46 121 101 27 40 23 97 489
internal_value=-0.000158735 -0.00491604 0.00207771 0.00171804 -0.00356173 -0.00654234 -0.0123419 0.00578971 -0.00073888 0.00508763 -0.0179687 -0.0232863 -0.00624211 0.00111291
internal_weight=80.3978 20.4538 14.1117 59.944 26.3726 24.9527 16.4456 33.5714 19.0913 8.50712 12.2944 8.04959 10.4773 8.50635
internal_count=3318 1516 1191 1802 1354 1340 350 448 222 990 304 264 1084 987
is_linear=0
shrinkage=0.05


Tree=245
num_leaves=15
num_cat=0
split_feature=14 0 3 14 2 7 2 9 6 6 16 0 16 14
split_gain=0.329899 1.12422 1.24679 1.07519 1.49842 1.32181 1.2648 0.7571 0.340399 0.455538 0.295055 0.266384 0.240287 0.237208
threshold=166.50000000000003 13.500000000000002 167.50000000000003 175.50000000000003 3.5000000000000004 171.50000000000003 3.5000000000000004 165.50000000000003 24.500000000000004 22.500000000000004 174.50000000000003 11.500000000000002 23.500000000000004 22.500000000000004
decision_type=2 2 2 2 2 2 2 2 2 2 2 2 2 2
left_child=1 7 -3 6 5 11 -2 8 9 10 12 -5 -1 -10
right_child=3 2 -4 4 -6 -7 -8 -9 13 -11 -12 -13 -14 -15
leaf_value=0.0033814024311669619 0.022123828420093472 -0.024713493905278199 0.0050229777463912037 -0.019230409179095485 0.0098541448835542111 0.0063690442809415208 -0.0034727056503559353 0.01252899016358526 0.0034173674617049739 0.01330204181857059 0.0046597285762970666 -0.0037258246762529135 -0.014088170216948982 -0.010008907201934487
leaf_weight=0.53945967092296188 6.7722742731857561 5.0091840073509939 3.2352080626878887 10.344535824144264 11.715647889301179 7.0335187185555688 6.1841008221672382 6.3139497544616452 1.575902950920862 1.4923615808365864 2.0606727241538465 6.939632376888766 1.5740924580604767 9.411073829745872
leaf_count=75 133 1150 40 134 131 61 150 66 62 82 25 105 280 824
internal_value=-0.000202249 -0.00388365 -0.0155535 0.00228567 -0.00239333 -0.00896812 0.0123415 0.00233708 -0.00352783 0.0042541 -0.0044674 -0.015238 -0.0103866 -0.00761663
internal_weight=80.2016 31.2119 8.24439 48.9897 36.0333 24.3177 12.9564 22.9675 16.6536 5.66659 4.17422 17.2842 2.11355 10.987
internal_count=3318 2604 1190 714 431 300 283 1414 1348 462 380 239 355 886
is_linear=0
shrinkage=0.05


Tree=246
num_leaves=15
num_cat=0
split_feature=7 6 6 6 6 14 16 5 13 9 12 9 9 15
split_gain=0.314902 1.31695 0.863365 1.04498 1.12907 1.09489 1.01468 0.82327 0.770991 1.55815 0.760498 0.628379 1.03947 0.643985
threshold=104.50000000000001 105.50000000000001 155.50000000000003 139.50000000000003 128.50000000000003 182.50000000000003 187.50000000000003 173.50000000000003 164.50000000000003 172.50000000000003 72.500000000000014 25.500000000000004 22.500000000000004 179.50000000000003
decision_type=2 2 2 2 2 2 2 2 2 2 2 2 2 2
left_child=11 -2 3 4 5 6 10 8 9 -4 -3 12 -1 -13
right_child=1 2 7 -5 -6 -7 -8 -9 -10 -11 -12 13 -14 -15
leaf_value=-0.0072221579386869024 0.016681230429009018 0.0032009217399466892 -0.017715518596432084 -0.020504719705845956 0.011661324147655552 0.0094787986350496293 0.0053119218470072758 0.01438750751988936 0.0094284118299913042 0.0083435089821817 -0.025713337062964154 -0.017198396808376155 0.01477896202904741 0.0062860441423960066
leaf_weight=8.2426758735964558 6.9693673425354055 1.5841297152219391 8.2690503979683907 5.2779002256429512 6.5719360227667485 2.8399128513410679 2.800205010920763 7.4191200127825132 5.7089193996507666 6.1245142538100472 6.2600528704206226 6.6984139189153202 4.1470026170427436 1.0471718432381747
leaf_count=772 348 102 162 217 145 54 22 73 57 73 414 611 257 11
internal_value=-0.00017761 0.00167449 -0.00157486 -0.00753318 -0.00070909 -0.00826167 -0.0145115 0.00422481 -0.00164456 -0.00733494 -0.0209012 -0.00491893 0.00227391 -0.012803
internal_weight=79.9604 59.8251 52.8557 25.3341 20.0562 13.4843 10.6444 27.5216 20.1025 14.3936 7.84418 20.1353 12.3897 7.74559
internal_count=3318 1667 1319 954 737 592 538 365 292 235 516 1651 1029 622
is_linear=0
shrinkage=0.05


Tree=247
num_leaves=15
num_cat=0
split_feature=16 16 7 14 14 9 10 4 6 7 16 14 8 6
split_gain=0.304343 0.76169 0.749171 0.717009 0.906095 0.55316 0.598666 0.696654 0.546897 0.580284 1.01255 0.60543 0.462882 0.421933
threshold=160.50000000000003 171.50000000000003 169.50000000000003 171.50000000000003 182.50000000000003 173.50000000000003 22.500000000000004 27.500000000000004 132.50000000000003 164.50000000000003 22.500000000000004 194.50000000000003 90.500000000000014 25.500000000000004
decision_type=2 2 2 2 2 2 2 2 2 2 2 2 2 2
left_child=5 2 -2 12 -5 6 7 13 9 10 -8 -12 -3 -1
right_child=1 3 -4 4 -6 -7 8 -9 -10 -11 11 -13 -14 -15
leaf_value=-0.011317999491538099 0.015815016423005816 -0.004944365887710989 -0.0026132463187963154 -0.013598446519744701 0.0052088154012597653 0.0076270725665625498 0.010865219530351154 0.0161597322180498 -0.018920362562600546 0.010459873382152237 -0.019497052437805744 0.0061355631279198727 0.0086585149175516657 0.0072761453476196843
leaf_weight=3.4811060258653077 9.8963228334905597 5.5879303929978077 6.7916211800184092 13.761265157372693 6.4560976433567694 3.5335776624269775 1.3838576632842867 1.1330987302353603 6.3952404353622105 1.946958713699132 5.0079190216420102 0.45819182693958271 13.169630207092267 0.64508562313858409
leaf_count=648 213 81 62 164 102 38 85 22 267 28 1363 3 200 42
internal_value=-0.000137506 0.00188404 0.00944171 -0.00205754 -0.00775067 -0.00434468 -0.00750515 0.00430776 -0.0116487 -0.0014213 -0.00778684 -0.0154437 0.00441844 -0.00601726
internal_weight=79.6479 55.6629 16.6879 38.9749 20.2174 23.985 20.4515 5.25929 15.1922 8.79693 6.84997 5.46611 18.7576 4.12619
internal_count=3318 822 275 547 266 2496 2458 712 1746 1479 1451 1366 281 690
is_linear=0
shrinkage=0.05


Tree=248
num_leaves=15
num_cat=0
split_feature=14 0 3 9 16 1 4 16 10 8 9 11 6 8
split_gain=0.315714 1.10266 1.20086 1.07226 0.708558 0.644682 0.584353 1.10438 0.494785 0.444042 0.3544 0.322299 0.161545 0.771505
threshold=166.50000000000003 13.500000000000002 167.50000000000003 167.50000000000003 169.50000000000003 5.5000000000000009 170.50000000000003 174.50000000000003 115.50000000000001 22.500000000000004 177.50000000000003 157.50000000000003 100.50000000000001 22.500000000000004
decision_type=2 2 2 2 2 2 2 2 2 2 2 2 2 2
left_child=1 4 -3 6 5 10 7 12 -6 -7 -1 -9 13 -2
right_child=3 2 -4 -5 8 9 -8 11 -10 -11 -12 -13 -14 -15
leaf_value=-0.017468974042269731 0.013591145618877018 -0.024378506211742899 0.0049288371808098481 -0.0072256880654683019 -0.0013662126081310263 -0.0058524559785467899 -0.005237961410808031 0.004571914336921455 0.014655793849189769 0.012191883664126338 0.0040645946633988501 -0.0075065004200256307 0.018851733951279807 -0.010193624251139156
leaf_weight=4.09372874628753 1.9284976947819878 4.903151513739429 3.202230321476236 15.167090890929101 6.7694701614091155 2.293397196510341 4.8358999947085968 6.6043142583221179 6.9425229271873832 2.2783495588228106 0.38851796090602864 5.7923999195918441 12.361189388582714 1.8776768368261398
leaf_count=1009 95 1150 40 148 77 156 42 104 87 81 4 68 186 71
internal_value=-8.06102e-05 -0.00370637 -0.0153369 0.00235492 0.00245063 -0.00646816 0.00707987 0.00963492 0.00849442 0.0048113 -0.0144434 -0.00160716 0.0165985 0.00273192
internal_weight=79.4384 30.8714 8.10538 48.5671 22.766 9.05399 33.4 28.5641 13.712 4.57175 4.48225 12.3967 16.1674 3.80617
internal_count=3318 2604 1190 714 1414 1250 566 524 164 237 1013 172 352 166
is_linear=0
shrinkage=0.05


Tree=249
num_leaves=15
num_cat=0
split_feature=13 6 6 1 14 16 10 5 0 6 16 7 12 16
split_gain=0.306915 0.443925 0.51109 0.778573 1.06444 0.709588 0.677859 0.673429 0.656843 0.654611 1.26646 0.62016 0.631957 0.53445
threshold=20.500000000000004 21.500000000000004 94.500000000000014 1.5000000000000002 25.500000000000004 183.50000000000003 172.50000000000003 175.50000000000003 6.5000000000000009 119.50000000000001 178.50000000000003 183.50000000000003 21.500000000000004 166.50000000000003
decision_type=2 2 2 2 2 2 2 2 2 2 2 2 2 2
left_child=-1 -2 8 7 -5 6 11 9 -3 -4 13 12 -6 -11
right_child=1 2 3 4 5 -7 -8 -9 -10 10 -12 -13 -14 -15
leaf_value=-0.0093361376293003753 -0.010859229219397575 -0.0082125032057202892 0.010238383193797915 0.012612108452203327 0.0021039538508934551 0.0052544199581700361 0.0061864947162244052 0.018001898366860277 0.013184671523330405 -0.0056225998716286181 -0.017967581768127471 0.0045383626122467253 -0.017963838412118033 0.01177319729204194
leaf_weight=3.1572706761944564 2.489090165225206 0.97613704667310131 6.6021529691206586 3.1853367950679958 3.4978088855859921 5.7247470656875512 2.4378972306149072 3.4424707386642686 11.093714542483211 3.5087882648003852 4.7486751526594153 2.3694296767935148 19.972994160147209 6.0555717773968354
leaf_count=131 466 463 253 76 66 63 38 31 545 180 61 19 848 78
internal_value=-9.65056e-05 0.000838737 0.00189976 -0.000206773 -0.00454358 -0.00756149 -0.0105556 0.00606062 0.00955552 0.00100115 -0.00480723 -0.0128821 -0.0151289 0.00565201
internal_weight=79.2621 76.1048 73.6157 61.5459 37.1882 34.0029 28.2781 24.3577 12.0699 20.9152 14.313 25.8402 23.4708 9.56436
internal_count=3318 3187 2721 1713 1110 1034 971 603 1008 572 319 933 914 258
is_linear=0
shrinkage=0.05


Tree=250
num_leaves=15
num_cat=0
split_feature=14 0 3 9 16 1 4 16 10 8 9 11 6 8
split_gain=0.322596 1.03585 1.15851 0.998789 0.662067 0.609449 0.547277 1.04716 0.472006 0.430637 0.340871 0.302007 0.165001 0.746932
threshold=166.50000000000003 13.500000000000002 167.50000000000003 167.50000000000003 169.50000000000003 5.5000000000000009 170.50000000000003 174.50000000000003 115.50000000000001 22.500000000000004 177.50000000000003 157.50000000000003 100.50000000000001 22.500000000000004
decision_type=2 2 2 2 2 2 2 2 2 2 2 2 2 2
left_child=1 4 -3 6 5 10 7 12 -6 -7 -1 -9 13 -2
right_child=3 2 -4 -5 8 9 -8 11 -10 -11 -12 -13 -14 -15
leaf_value=-0.017123237043587623 0.013268900285667748 -0.023999717040620983 0.0048479420601562663 -0.0068650625053921907 -0.0014453668185210585 -0.0058282719022100518 -0.0049985204378208622 0.0044348963213277871 0.014153634731438731 0.011918104005090514 0.0040007820378600602 -0.0072716329833036235 0.018475990275238777 -0.010114303741173641
leaf_weight=4.0410685609967967 1.950137170759269 4.8061375962424782 3.1917555604595691 15.116352959536014 6.7608784068142977 2.2880717873340473 4.8234634511172763 6.5860591994132829 6.9108093772083521 2.2791117752785794 0.38279340416192997 5.753263792488724 12.319177061319349 1.8667230783030389
leaf_count=1009 95 1150 40 148 77 156 42 104 87 81 4 68 186 71
internal_value=-5.12116e-05 -0.00373099 -0.015051 0.00241025 0.00226232 -0.00636126 0.00696742 0.00943819 0.00811831 0.00462794 -0.0141425 -0.00154624 0.0162167 0.00258239
internal_weight=79.0758 30.6606 7.99789 48.4152 22.6627 8.99105 33.2988 28.4754 13.6717 4.56718 4.42386 12.3393 16.136 3.81686
internal_count=3318 2604 1190 714 1414 1250 566 524 164 237 1013 172 352 166
is_linear=0
shrinkage=0.05


Tree=251
num_leaves=15
num_cat=0
split_feature=14 0 3 14 2 7 2 9 6 6 16 8 8 16
split_gain=0.304945 0.990617 1.11763 0.980629 1.39528 1.21495 1.17304 0.636143 0.343446 0.421177 0.280944 0.276738 0.258047 0.238567
threshold=166.50000000000003 13.500000000000002 167.50000000000003 175.50000000000003 3.5000000000000004 171.50000000000003 3.5000000000000004 165.50000000000003 24.500000000000004 22.500000000000004 174.50000000000003 157.50000000000003 98.500000000000014 23.500000000000004
decision_type=2 2 2 2 2 2 2 2 2 2 2 2 2 2
left_child=1 7 -3 6 5 11 -2 8 9 10 13 12 -5 -1
right_child=3 2 -4 4 -6 -7 -8 -9 -10 -11 -12 -13 -14 -15
leaf_value=0.0034860239675321967 0.021364568979462813 -0.023628917132121889 0.0047543852879301267 -0.010584503877529244 0.0096559434120853382 0.006148169548068262 -0.0033708154591624373 0.011586605006940122 -0.0073843223672614214 0.013120428117024092 0.0046855737921318421 -0.021210612278246044 0.0014814540649449306 -0.01372768087375135
leaf_weight=0.53022393787979227 6.7230804308783245 4.7181834422808597 3.1902626054361463 5.2041996448533663 11.568883435102178 6.9631265178322783 6.1087937343108933 6.1958644846454254 10.823110267694572 1.4939606248517519 2.048841280862689 5.8771318467333904 5.9381257379427552 1.5221418890287166
leaf_count=75 133 1150 40 103 131 61 150 66 886 82 25 58 78 280
internal_value=-6.90731e-05 -0.00365501 -0.0147725 0.00232357 -0.00219408 -0.00859003 0.0119456 0.00220377 -0.00321533 0.0045281 -0.00409039 -0.0146467 -0.00568704 -0.00996196
internal_weight=78.9059 30.5226 7.90845 48.3833 35.5515 23.9826 12.8319 22.6141 16.4183 5.59517 4.10121 17.0195 11.1423 2.05237
internal_count=3318 2604 1190 714 431 300 283 1414 1348 462 380 239 181 355
is_linear=0
shrinkage=0.05


Tree=252
num_leaves=15
num_cat=0
split_feature=14 10 14 6 6 13 9 0 8 10 3 7 2 2
split_gain=0.301959 0.700466 0.62025 0.691091 1.19694 0.887734 1.0159 0.50654 1.10985 1.17912 0.970921 0.938622 0.836054 0.772468
threshold=191.50000000000003 178.50000000000003 185.50000000000003 155.50000000000003 142.50000000000003 163.50000000000003 172.50000000000003 10.500000000000002 108.50000000000001 102.50000000000001 105.50000000000001 171.50000000000003 2.5000000000000004 1.5000000000000002
decision_type=2 2 2 2 2 2 2 2 2 2 2 2 2 2
left_child=1 2 3 4 7 6 -5 8 9 10 12 13 -1 -9
right_child=-2 -3 -4 5 -6 -7 -8 11 -10 -11 -12 -13 -14 -15
leaf_value=-0.016242059196213084 0.0080726095355423775 0.012874449542095942 -0.015382622468463553 -0.0097901026406764912 -0.022276587037484877 0.016013673223627522 0.010018652996621552 0.004210577784776231 0.019165006349011089 -0.01749597355974496 0.01607916421429844 0.0077364461967082496 0.004531168129081763 -0.017597854381105806
leaf_weight=2.8405353420821582 5.0835279542952767 3.1741359280422321 3.4039631243795148 10.143699749125522 2.890184434982074 6.6609171857126048 6.3838874716311684 3.3713928267243345 3.2589096408919422 3.6179207157110786 5.0442556874186257 4.6720909294672301 8.6727671309781709 9.4505200783023593
leaf_count=207 76 45 48 175 173 69 77 184 285 191 160 56 521 1051
internal_value=-7.75095e-05 -0.00111835 -0.00256094 -0.000886691 -0.00443223 0.00541096 -0.00158899 -0.000884172 0.00364395 -0.0021715 0.00445832 -0.00641158 -0.00396001 -0.012291
internal_weight=78.6687 73.5852 70.411 67.0071 43.8186 23.1885 16.5276 40.9284 23.4344 20.1755 16.5576 17.494 11.5133 12.8219
internal_count=3318 3242 3197 3149 2828 321 252 2655 1364 1079 888 1291 728 1235
is_linear=0
shrinkage=0.05


Tree=253
num_leaves=15
num_cat=0
split_feature=9 6 0 1 14 5 10 9 16 10 9 13 7 12
split_gain=0.290842 0.492335 0.65345 0.582365 0.82562 0.764414 0.721575 0.662455 0.656766 0.6386 0.626918 0.626103 0.570009 0.588876
threshold=21.500000000000004 94.500000000000014 6.5000000000000009 1.5000000000000002 25.500000000000004 175.50000000000003 123.50000000000001 173.50000000000003 183.50000000000003 172.50000000000003 86.500000000000014 172.50000000000003 183.50000000000003 21.500000000000004
decision_type=2 2 2 2 2 2 2 2 2 2 2 2 2 2
left_child=-1 2 -2 5 -5 6 10 11 9 12 -3 -8 13 -6
right_child=1 3 -4 4 8 -7 7 -9 -10 -11 -12 -13 -14 -15
leaf_value=-0.0084983125741526742 -0.0084560369053455903 -0.004428701164216205 0.01272176133255936 0.010315355360175858 0.002000687793054057 0.017071770679502638 -0.017492229251693338 0.0052255337587086767 0.0049730256870299284 0.0059950377368345993 0.015766880788761845 0.0038897320000535747 0.0042583026441817126 -0.017505416614149203
leaf_weight=4.1746365263243197 1.0109122757567082 3.4978407650196512 10.018921065173343 3.3594829255598588 3.4548325060459417 3.4680770933628073 6.9200653618172492 5.0359352794475845 5.6640628525055936 2.4022989858640349 4.6320964830811135 2.6318026222288609 2.3451626906171432 19.722396065750218
leaf_count=504 504 57 541 80 66 32 269 56 63 38 214 27 19 848
internal_value=-7.50303e-05 0.000905918 0.0087486 -0.0010057 -0.00479023 0.00424613 -0.000438203 -0.00645196 -0.00744188 -0.0103328 0.00870025 -0.0122887 -0.0126 -0.0147587
internal_weight=78.3385 74.1639 11.0298 63.1341 36.9482 26.1858 22.7177 14.5878 33.5888 27.9247 8.12994 9.55187 25.5224 23.1772
internal_count=3318 2814 1045 1769 1114 655 623 352 1034 971 271 296 933 914
is_linear=0
shrinkage=0.05


Tree=254
num_leaves=15
num_cat=0
split_feature=12 12 5 9 16 6 14 15 13 10 5 6 8 16
split_gain=0.290369 0.669099 0.421195 0.74709 0.699467 1.0866 1.02345 0.869869 0.428207 0.402193 0.359346 0.398829 0.397938 0.317337
threshold=170.50000000000003 166.50000000000003 166.50000000000003 169.50000000000003 176.50000000000003 103.50000000000001 168.50000000000003 168.50000000000003 161.50000000000003 168.50000000000003 25.500000000000004 22.500000000000004 185.50000000000003 22.500000000000004
decision_type=2 2 2 2 2 2 2 2 2 2 2 2 2 2
left_child=1 2 4 -4 6 -6 7 9 -8 10 11 13 -12 -1
right_child=-2 -3 3 -5 5 -7 8 -9 -10 -11 12 -13 -14 -15
leaf_value=0.005414754863262098 -0.0070568203536206728 0.012879420446290122 0.0028950611107918288 -0.01388140136821521 0.0070188328531875059 -0.015012039925197888 0.018841055467898531 0.012463289700610253 0.0035934698433303493 0.0056862334694049209 -0.018819382852086244 0.0090102806436837251 0.0041039420235460039 -0.012806186274515836
leaf_weight=0.33724198212439338 7.4926542600151143 5.5208952636457971 10.153563849744389 8.6695663011632842 5.9484879376832378 7.821409962081816 7.144016575592107 1.4887784394668404 12.297366603248518 0.85513918811921108 6.5876444745663321 1.7972708384477298 0.40391200780868519 1.618416193348821
leaf_count=68 109 62 121 76 85 131 135 20 234 24 1473 219 5 556
internal_value=5.47125e-06 0.00117146 -0.00066868 -0.00612355 0.00192969 -0.00616039 0.00571872 -0.00422045 0.0119045 -0.00947086 -0.0120999 0.000615623 -0.0163361 -0.00803041
internal_weight=78.1364 70.6437 65.1228 18.8231 46.2997 13.7699 32.5298 13.0884 19.4414 11.5996 10.7445 3.75293 6.99156 1.95566
internal_count=3318 3209 3147 197 2950 216 2734 2365 369 2345 2321 843 1478 624
is_linear=0
shrinkage=0.05


Tree=255
num_leaves=15
num_cat=0
split_feature=7 6 6 6 6 14 16 4 0 12 9 9 15 7
split_gain=0.298476 1.16643 0.821467 0.960961 1.01444 0.980388 0.925991 0.724416 0.738723 0.692685 0.592672 0.942841 0.596673 0.493972
threshold=104.50000000000001 105.50000000000001 155.50000000000003 139.50000000000003 128.50000000000003 182.50000000000003 187.50000000000003 164.50000000000003 13.500000000000002 72.500000000000014 25.500000000000004 22.500000000000004 179.50000000000003 173.50000000000003
decision_type=2 2 2 2 2 2 2 2 2 2 2 2 2 2
left_child=10 -2 3 4 5 6 9 13 -9 -3 11 -1 -12 -4
right_child=1 2 7 -5 -6 -7 -8 8 -10 -11 12 -13 -14 -15
leaf_value=-0.0067872979829041065 0.01605068860767633 0.0030797691430264583 -0.012707737476232285 -0.019654805796929884 0.011203269002851606 0.0090390989620520775 0.0051323547351933207 -0.00051567098383985049 0.016996786388117479 -0.024706741277820115 -0.016631891651574773 0.014275585824171265 0.0060562397477685187 0.0046446051719172526
leaf_weight=8.0955652322300029 6.8197801309579509 1.5488830929534794 4.2433829037327104 5.1426984626086769 6.4454902672296148 2.7560591660439959 2.7522760853171349 10.516376373358073 8.2495362986810488 5.9827413122184225 6.5024877451432976 4.0801254643010898 1.0314745535142718 3.819407518254593
leaf_count=772 348 102 132 217 145 54 22 98 93 414 611 257 11 42
internal_value=4.77811e-05 0.0018649 -0.00127019 -0.00716917 -0.000533238 -0.0078317 -0.013831 0.00442049 0.00913906 -0.0200436 -0.00461518 0.00237199 -0.0123489 -0.00585632
internal_weight=77.9863 58.2766 51.4569 24.6281 19.4854 13.04 10.2839 26.8287 18.7659 7.53162 19.7097 12.1757 7.53396 8.06279
internal_count=3318 1667 1319 954 737 592 538 365 191 516 1651 1029 622 174
is_linear=0
shrinkage=0.05


Tree=256
num_leaves=15
num_cat=0
split_feature=3 3 6 0 11 3 5 3 6 12 15 14 6 5
split_gain=0.285409 0.98585 0.796818 0.904151 1.17384 0.509261 1.47552 1.36696 0.785873 0.701056 0.519944 0.272389 0.231425 0.322094
threshold=171.50000000000003 169.50000000000003 174.50000000000003 14.500000000000002 160.50000000000003 159.50000000000003 124.50000000000001 128.50000000000003 112.50000000000001 100.50000000000001 21.500000000000004 176.50000000000003 21.500000000000004 24.500000000000004
decision_type=2 2 2 2 2 2 2 2 2 2 2 2 2 2
left_child=1 2 3 5 -5 6 7 8 9 10 -1 -10 -12 -14
right_child=-2 -3 -4 4 -6 -7 -8 -9 11 -11 12 -13 13 -15
leaf_value=-0.010452607730704158 0.0060273698558605086 -0.016660693318807426 0.015583383298447846 -0.021065032222036442 0.0063600873245633783 0.0089084382122227301 -0.016994293515683934 0.017647088822880574 0.014292475704796154 -0.014906259877507488 -0.0042455380458463251 -0.0015651248024952311 0.014710075804098156 -0.0010223552648670577
leaf_weight=1.5119498417188975 11.301246387884019 4.1311935123521826 3.1220476091839364 5.6693916088188399 3.2465862132085022 12.707016487605868 6.2044862723851102 7.0260998029261819 2.6818264150060704 8.3116492882545554 1.0175858254806351 2.8098094426095486 3.7694408821116667 4.2078554868057836
leaf_count=238 105 46 32 1149 54 135 122 75 120 411 155 43 200 433
internal_value=6.11293e-05 -0.00130497 0.00087589 -0.00105409 -0.0123816 0.00189452 -0.0012476 0.00377966 -0.002555 -0.00724044 0.00167479 0.00929969 0.00671942 0.00921497
internal_weight=77.7182 66.4169 62.2857 59.1637 8.91598 50.2477 37.5407 31.3362 24.3101 18.8185 10.5068 5.49164 8.99488 7.9773
internal_count=3318 3213 3167 3135 1203 1932 1797 1675 1600 1437 1026 163 788 633
is_linear=0
shrinkage=0.05


Tree=257
num_leaves=15
num_cat=0
split_feature=14 10 14 7 4 5 3 3 2 1 2 11 2 13
split_gain=0.289013 0.653464 0.59463 0.668743 1.33089 0.828096 1.1183 0.604965 0.56433 0.855516 0.490796 0.479627 0.609451 0.622348
threshold=191.50000000000003 178.50000000000003 185.50000000000003 174.50000000000003 164.50000000000003 124.50000000000001 161.50000000000003 128.50000000000003 1.5000000000000002 2.5000000000000004 3.5000000000000004 94.500000000000014 2.5000000000000004 25.500000000000004
decision_type=2 2 2 2 2 2 2 2 2 2 2 2 2 2
left_child=1 2 3 4 5 7 -7 8 -1 -10 -6 12 -11 -14
right_child=-2 -3 -4 -5 10 6 -8 -9 9 11 -12 -13 13 -15
leaf_value=0.0079463277435247465 0.0080270978406885313 0.012565165531558673 -0.014974503358569391 -0.010323749378811975 0.01676824514890762 -0.024242954782653519 0.0029206146038986448 0.0098815271739327686 0.0036331430392262838 -0.012992308865236071 0.00097600272764215173 -0.022351738696939311 -0.0076559003514706549 0.01438493950298146
leaf_weight=3.9342767727648669 5.0377482101321212 3.1101187602616838 3.3645902387797824 9.6088077798485738 9.5937789776653535 4.0964423034238262 4.8575817412347533 7.5287373799365005 8.4888027453125705 1.5787857931572924 8.409578600432722 3.5765825089110876 1.3785248152853453 2.8990636129019549
leaf_count=351 76 45 48 117 109 389 73 149 619 169 97 586 256 234
internal_value=4.72291e-05 -0.00099036 -0.00240305 -0.000751628 0.00158927 -0.00369902 -0.0137404 0.00091388 -0.0034398 -0.00712747 0.0112071 -0.014715 -0.00190482 0.00698395
internal_weight=77.4634 72.4257 69.3156 65.951 56.3422 38.3388 8.95402 29.3848 21.856 17.9218 18.0034 9.43296 5.85637 4.27759
internal_count=3318 3242 3197 3149 3032 2826 462 2364 2215 1864 206 1245 659 490
is_linear=0
shrinkage=0.05


Tree=258
num_leaves=15
num_cat=0
split_feature=13 11 0 16 12 15 0 16 16 0 12 12 3 14
split_gain=0.279605 0.443988 0.647171 1.11233 1.30669 0.934131 0.636706 0.626785 0.894871 0.53223 0.375793 0.33723 0.306598 0.500605
threshold=20.500000000000004 22.500000000000004 11.500000000000002 179.50000000000003 21.500000000000004 173.50000000000003 14.500000000000002 180.50000000000003 157.50000000000003 15.500000000000002 168.50000000000003 159.50000000000003 89.500000000000014 25.500000000000004
decision_type=2 2 2 2 2 2 2 2 2 2 2 2 2 2
left_child=-1 6 3 4 -3 10 12 8 9 -4 -6 -10 -2 -14
right_child=1 2 7 -5 5 -7 -8 -9 11 -11 -12 -13 13 -15
leaf_value=-0.0088650814078047851 -0.0014144104700143623 0.0073239631775028529 0.0046140505162152257 0.0055649823589597495 -0.022134712527082524 0.0064941384579580708 -0.007105417832414123 -0.0080068911586929619 0.015880419217126237 -0.013428641283914473 0.001229719058629831 0.00017372599151783787 0.02140757059500864 0.0004085698014797251
leaf_weight=3.0758031186560393 2.6038681391801211 4.2751330134924528 4.6480816235052833 11.31114719994366 13.752656910990483 1.4584625829011191 2.295985606047906 4.3287717676721504 12.007782967644745 2.9370265923571424 1.3357869405299414 4.4163475993846069 4.427495028707197 4.3443952269153669
leaf_count=131 211 172 149 120 961 22 237 76 219 740 12 90 85 93
internal_value=-2.85808e-06 0.00090163 -0.00109489 -0.00556508 -0.0115181 -0.0169561 0.00766086 0.00404839 0.00722735 -0.00493176 -0.020275 0.0126832 0.0119007 0.0149317
internal_weight=77.2187 74.1429 60.4712 32.1332 20.822 16.5469 13.6717 28.338 24.0092 7.58511 15.0884 16.4241 11.3758 8.77189
internal_count=3318 3187 2561 1287 1167 995 626 1274 1198 889 973 309 389 178
is_linear=0
shrinkage=0.05


Tree=259
num_leaves=15
num_cat=0
split_feature=12 12 5 6 14 5 9 9 3 1 12 16 7 8
split_gain=0.286741 0.607839 0.436265 0.682375 0.671213 0.877587 1.05536 1.36918 0.852223 0.69723 0.824083 1.02506 1.01654 0.513986
threshold=170.50000000000003 166.50000000000003 166.50000000000003 166.50000000000003 190.50000000000003 162.50000000000003 176.50000000000003 94.500000000000014 105.50000000000001 5.5000000000000009 160.50000000000003 22.500000000000004 172.50000000000003 24.500000000000004
decision_type=2 2 2 2 2 2 2 2 2 2 2 2 2 2
left_child=1 2 4 -4 5 6 7 8 13 10 11 -9 -13 -1
right_child=-2 -3 3 -5 -6 -7 -8 9 -10 -11 -12 12 -14 -15
leaf_value=0.0026093567345414604 -0.0070315317251030173 0.01238468030266881 -0.013128920608776849 0.0030139679612530904 0.016114956001185867 0.011617522607388416 0.01470838441310047 0.0060259024392210767 0.014001350416614705 0.0057835500565462149 0.0030270995910155699 -0.031376864585310707 0.0021080290408757923 -0.012811959175712631
leaf_weight=9.8498340069490968 7.4194527040235689 5.4159396784380069 9.3697022933047283 9.2320783077739161 2.2771033747121683 7.0679694158607154 2.0470039015635839 0.97124007571255333 4.9300176426768294 1.1308624795638031 2.5207305805815858 8.5532884668427851 2.0018235091119996 4.2311654745426486
leaf_count=953 109 62 115 82 53 96 20 44 170 64 52 1195 26 277
internal_value=3.00265e-06 0.00117393 -0.000598762 -0.00617596 0.00206282 -0.000267692 -0.00371352 -0.00655237 0.00247856 -0.0156752 -0.0184675 -0.0226618 -0.02639 -0.00416754
internal_weight=77.0182 69.5988 64.1828 18.6018 45.581 43.3039 36.236 34.189 19.011 15.1779 14.0471 11.5264 10.5551 14.081
internal_count=3318 3209 3147 197 2950 2897 2801 2781 1400 1381 1317 1265 1221 1230
is_linear=0
shrinkage=0.05


Tree=260
num_leaves=15
num_cat=0
split_feature=9 5 6 4 0 0 0 3 13 6 0 6 3 11
split_gain=0.277789 0.499489 1.07661 0.658235 0.916264 0.602034 0.476776 0.611932 0.923183 0.44316 0.395416 0.339712 0.231224 0.435306
threshold=21.500000000000004 145.50000000000003 155.50000000000003 164.50000000000003 13.500000000000002 6.5000000000000009 14.500000000000002 128.50000000000003 113.50000000000001 140.50000000000003 7.5000000000000009 22.500000000000004 158.50000000000003 160.50000000000003
decision_type=2 2 2 2 2 2 2 2 2 2 2 2 2 2
left_child=10 5 9 -4 -5 -2 7 8 -7 -3 11 -1 13 -8
right_child=1 2 3 4 -6 6 12 -9 -10 -11 -12 -13 -14 -15
leaf_value=-0.0063718607602277757 -0.010267588092487128 -0.0019280155482817021 -0.0065786380197648299 -0.0022197210656676788 0.016572198572171935 0.010736881644530752 -0.0075528710314940115 0.016906522098554446 -0.007265134975776329 -0.019234450479803121 -0.014903023774157665 0.010577236848036195 -0.010991519040099795 0.011665732345675261
leaf_weight=1.1580152995884412 1.2846106600773044 7.8275107728259155 7.6176902565785012 10.682517789304258 8.2622795373317768 9.9048026986420243 1.1601750684640135 9.7085696770809573 8.9264262202777882 5.0765554382378468 1.7712358181015586 1.1982601354247888 1.1838230106513945 0.96087049203924824
leaf_count=132 890 143 162 99 94 214 699 115 183 161 342 30 34 20
internal_value=8.40276e-05 0.00104975 -0.00262178 0.00323064 0.00772503 0.00519386 0.00712629 0.00916894 0.00246961 -0.0122066 -0.00817194 0.00357823 -0.00541353 0.0032314
internal_weight=76.7233 72.5958 39.4666 26.5625 18.9448 33.1293 31.8447 28.5398 18.8312 12.9041 4.12751 2.35628 3.30487 2.12105
internal_count=3318 2814 659 355 193 2155 1265 512 397 304 504 162 753 719
is_linear=0
shrinkage=0.05


Tree=261
num_leaves=15
num_cat=0
split_feature=8 10 4 8 3 3 7 15 3 9 5 11 5 5
split_gain=0.278283 0.79938 0.882407 0.646016 0.791186 1.21222 1.09271 1.17784 0.643467 0.534106 0.533496 0.493705 0.432908 0.650432
threshold=90.500000000000014 81.500000000000014 61.500000000000007 94.500000000000014 171.50000000000003 168.50000000000003 171.50000000000003 124.50000000000001 161.50000000000003 75.500000000000014 124.50000000000001 122.50000000000001 25.500000000000004 21.500000000000004
decision_type=2 2 2 2 2 2 2 2 2 2 2 2 2 2
left_child=1 2 12 -2 5 6 7 9 10 -5 -9 -11 13 -1
right_child=3 -3 -4 4 -6 -7 -8 8 -10 11 -12 -13 -14 -15
leaf_value=-0.011838783539707163 0.014146857390282064 -0.016490888345738346 0.014170611919404648 -0.0078878838175726763 0.009707163207917438 -0.019136340577437391 0.011115643813339408 -0.0042152485550176503 0.0024415280688797735 0.016235301901514128 -0.024860500526432697 -0.0021758596086681519 -0.015097399183570807 0.0079146106632091671
leaf_weight=1.4824941911356306 3.9809567773190784 3.9202674886328159 3.897886689490405 1.336119234329092 10.185964075848458 4.7557553295046082 11.155453341663813 8.6411042729887431 4.8046888143871902 5.6334451249786053 4.1616815217203103 3.9355617108521983 1.8513536626123812 6.7823585407750215
leaf_count=499 62 92 154 28 100 59 143 197 79 936 237 146 97 489
internal_value=1.59376e-05 -0.00470666 0.00205946 0.00171792 -0.000298754 -0.00334295 0.000480615 -0.00471793 -0.0115593 0.00648949 -0.0160236 0.0105151 -0.00575076 0.00124449
internal_weight=76.5251 17.9344 14.0141 58.5907 54.6098 44.4238 39.6681 28.5126 17.6075 10.9051 12.8028 9.56901 10.1162 8.26485
internal_count=3318 1331 1239 1987 1925 1825 1766 1623 513 1110 434 1082 1085 988
is_linear=0
shrinkage=0.05


Tree=262
num_leaves=15
num_cat=0
split_feature=14 10 14 7 4 5 3 3 2 1 2 12 11 2
split_gain=0.285209 0.639912 0.531351 0.640683 1.20337 0.735398 1.04284 0.571876 0.542811 0.822472 0.453196 0.431965 0.42204 0.577659
threshold=191.50000000000003 178.50000000000003 185.50000000000003 174.50000000000003 164.50000000000003 124.50000000000001 161.50000000000003 128.50000000000003 1.5000000000000002 2.5000000000000004 3.5000000000000004 145.50000000000003 94.500000000000014 2.5000000000000004
decision_type=2 2 2 2 2 2 2 2 2 2 2 2 2 2
left_child=1 2 3 4 5 7 -7 8 -1 11 -6 -10 13 -11
right_child=-2 -3 -4 -5 10 6 -8 -9 9 12 -12 -13 -14 -15
leaf_value=0.0077076201229024244 0.007899042585817596 0.012372238963363282 -0.014444609188417612 -0.01029834936547596 0.015954352787043075 -0.023467925881328157 0.0028811357026640731 0.009523302607964983 0.008984283998727919 -0.012870508428351685 0.00081326905309154628 -0.0069527588989502821 -0.021868895729995383 0.0066395284108574041
leaf_weight=3.9114593420090449 4.9541380470618597 3.051550962496548 3.2906900013331315 9.508925097063182 9.4685378972644703 3.9267809874363575 4.8109325054101646 7.3893432154436587 5.9599658049992303 1.5622639072389555 8.3638841507490707 2.4273775542824296 3.4683816817268962 4.2299185105221113
leaf_count=351 76 45 48 117 109 389 73 149 572 169 97 47 586 490
internal_value=-6.54533e-05 -0.00109927 -0.00250369 -0.000911225 0.00141455 -0.00365685 -0.0131919 0.000740198 -0.00349627 -0.00713288 0.010586 0.00349783 -0.0146117 -0.00214761
internal_weight=76.3241 71.37 68.3185 65.0278 55.5188 37.6864 8.73771 28.9487 21.5594 17.6479 17.8324 8.38734 9.26056 5.79218
internal_count=3318 3242 3197 3149 3032 2826 462 2364 2215 1864 206 619 1245 659
is_linear=0
shrinkage=0.05


Tree=263
num_leaves=15
num_cat=0
split_feature=7 6 6 6 6 14 16 5 9 7 12 9 9 15
split_gain=0.280608 1.09495 0.721773 0.805295 0.910196 0.934815 0.8593 0.699273 0.665051 0.956378 0.627481 0.556165 0.867117 0.542531
threshold=104.50000000000001 105.50000000000001 155.50000000000003 139.50000000000003 128.50000000000003 182.50000000000003 187.50000000000003 173.50000000000003 172.50000000000003 169.50000000000003 72.500000000000014 25.500000000000004 22.500000000000004 179.50000000000003
decision_type=2 2 2 2 2 2 2 2 2 2 2 2 2 2
left_child=11 -2 3 4 5 6 10 8 9 -4 -3 12 -1 -13
right_child=1 2 7 -5 -6 -7 -8 -9 -10 -11 -12 13 -14 -15
leaf_value=-0.0066340937054213739 0.015511592062383797 0.002807618931844503 0.0042820628677016316 -0.01850757274984886 0.010443032534095268 0.0088718099686188028 0.0048649349430367897 0.01348369385270083 0.0070404976145709 -0.018231268591954876 -0.024103805161123221 -0.016299927994449785 0.013650700582983398 0.0056766347919042026
leaf_weight=7.9529873343853996 6.65397597910487 1.5139798574673529 6.1862365227207246 4.956828345602843 6.3428219171764786 2.6704387906938782 2.6917579397559166 7.05436195898801 8.21395779494196 4.7819612814928405 5.7894865465932526 6.2979578908052636 4.0081079106748803 0.97867958527058352
leaf_count=772 348 102 136 217 145 54 22 73 99 57 414 611 257 11
internal_value=-0.000116021 0.00167766 -0.00139486 -0.0069784 -0.00074369 -0.007716 -0.0136283 0.00400598 -0.00154678 -0.00816857 -0.0196513 -0.00466964 0.00218356 -0.012236
internal_weight=76.0935 56.8558 50.2018 23.9653 19.0085 12.6657 9.99522 26.2365 19.1822 10.9682 7.30347 19.2377 11.9611 7.27664
internal_count=3318 1667 1319 954 737 592 538 365 292 193 516 1651 1029 622
is_linear=0
shrinkage=0.05


Tree=264
num_leaves=15
num_cat=0
split_feature=8 10 4 8 3 3 7 15 17 9 5 5 16 1
split_gain=0.273364 0.755875 0.834663 0.625624 0.738281 1.17224 1.02855 1.09617 0.594409 0.502592 0.502124 0.76351 0.461741 0.528946
threshold=90.500000000000014 81.500000000000014 61.500000000000007 94.500000000000014 171.50000000000003 168.50000000000003 171.50000000000003 124.50000000000001 0.082386363636363646 75.500000000000014 128.50000000000003 107.50000000000001 25.500000000000004 1.0000000180025095e-35
decision_type=2 2 2 2 2 2 2 2 2 2 2 2 2 2
left_child=1 2 -1 -2 5 6 7 9 -9 -5 11 -10 -11 -14
right_child=3 -3 -4 4 -6 -7 -8 8 10 12 -12 -13 13 -15
leaf_value=-0.0057134740413579809 0.013855566800311102 -0.016250646368380358 0.013692123700512513 -0.0077211167864736727 0.0093203314431559211 -0.018893200799472442 0.010797058235282415 0.0022706577693391815 -0.012568363187702367 -0.003313051166228593 -0.025040086011267393 0.0078425314908551046 -0.0050500824111781323 0.018473296350406239
leaf_weight=10.061539446323879 3.9415743133868082 3.8869309527799478 3.8576550370344185 1.3124453863129044 10.07306822016835 4.7123201317153862 11.061899924301541 4.7904656810569604 5.6199481817602628 2.8193749753118009 3.3325954213432842 3.657103972225741 0.76050906225282222 5.9520957123168046
leaf_count=1085 62 92 154 28 100 59 143 79 125 95 222 87 153 834
internal_value=-0.000102743 -0.00478784 0.00186194 0.00160052 -0.000389297 -0.00333526 0.00045155 -0.00461473 -0.0112499 0.00622207 -0.0155728 -0.00459351 0.0101379 0.0147901
internal_weight=75.8395 17.8061 13.9192 58.0334 54.0918 44.0188 39.3064 28.2445 17.4001 10.8444 12.6096 9.27705 9.53198 6.7126
internal_count=3318 1331 1239 1987 1925 1825 1766 1623 513 1110 434 212 1082 987
is_linear=0
shrinkage=0.05


Tree=265
num_leaves=15
num_cat=0
split_feature=14 10 14 7 4 10 4 7 15 9 8 11 5 2
split_gain=0.274587 0.624224 0.50522 0.601479 1.09647 0.706321 0.874848 0.844379 0.870946 0.700835 1.50006 0.478692 0.499947 0.410348
threshold=191.50000000000003 178.50000000000003 185.50000000000003 174.50000000000003 164.50000000000003 67.500000000000014 61.500000000000007 171.50000000000003 22.500000000000004 106.50000000000001 102.50000000000001 87.500000000000014 24.500000000000004 3.5000000000000004
decision_type=2 2 2 2 2 2 2 2 2 2 2 2 2 2
left_child=1 2 3 4 5 6 11 8 -7 10 -10 -1 -13 -6
right_child=-2 -3 -4 -5 13 7 -8 -9 9 -11 -12 12 -14 -15
leaf_value=-0.010629103747315747 0.0076859289778474331 0.012177905070814588 -0.014235991076894178 -0.010096879586686652 0.01518117925728402 0.0074712124890359971 0.01802537526886239 0.0097007840364632374 -0.012628843313900122 -0.020698965233366989 0.015555628053335172 0.01130459566789227 -0.008174368762849776 0.0007511192269702041
leaf_weight=4.621103971032424 4.8981552338227621 3.008585885167121 3.2484088120982042 9.4438162484439072 9.392079339828344 2.4655633057846051 2.5597648396214927 2.0390184393618247 7.3669592091027898 10.732682898866186 2.7077485031040851 3.9036104764381889 0.88974091471754935 8.3221479160711151
leaf_count=552 76 45 48 117 109 149 76 25 308 968 232 443 73 97
internal_value=-0.000155367 -0.00117038 -0.00256046 -0.000989319 0.00128557 -0.00357943 0.00509659 -0.00784743 -0.0108285 -0.0140243 -0.00240678 -0.00345188 0.00536147 0.0100596
internal_weight=75.5994 70.7012 67.6926 64.4442 55.0004 37.2862 11.9742 25.312 23.273 20.8074 10.0747 9.41446 4.79335 17.7142
internal_count=3318 3242 3197 3149 3032 2826 1144 1682 1657 1508 540 1068 516 206
is_linear=0
shrinkage=0.05


Tree=266
num_leaves=15
num_cat=0
split_feature=16 16 7 14 14 14 11 1 8 10 14 5 7 9
split_gain=0.275454 0.667695 0.686754 0.622356 0.848363 0.489344 0.863732 0.431644 0.419923 0.241115 0.240282 0.291826 0.222424 0.150346
threshold=160.50000000000003 171.50000000000003 169.50000000000003 171.50000000000003 182.50000000000003 169.50000000000003 137.50000000000003 5.5000000000000009 90.500000000000014 157.50000000000003 89.000000000000014 157.50000000000003 186.50000000000003 22.500000000000004
decision_type=2 2 2 2 2 2 2 2 2 2 2 2 2 2
left_child=5 2 -2 8 -5 7 -7 12 -3 -10 11 13 -1 -9
right_child=1 3 -4 4 -6 6 -8 10 9 -11 -12 -13 -14 -15
leaf_value=-0.019967141859150134 0.015268160447520582 -0.0047556813163037344 -0.0026250005372497678 -0.013169376477511012 0.0053381308063983066 0.012983165521716997 -0.0065335066218343996 -0.0016429366320759378 0.012164915034289164 -0.00044699978415717594 -0.0073188017531234098 -0.0045452233727519996 0.0022912174009623765 0.013558370307911766
leaf_weight=3.1277028295298828 9.4035106511437316 5.364588959724645 6.5144499870948485 12.920732495782433 6.0823937105014911 4.7563757286407045 8.7656488115899247 0.87781700567575205 7.331968083890386 4.9756615068763494 1.7166345899458972 1.8281068297801537 0.20875638723373402 1.472487782128155
leaf_count=1856 213 81 62 164 102 88 148 144 115 85 173 19 2 66
internal_value=-8.2191e-05 0.00189452 0.00906827 -0.00193347 -0.00736761 -0.00416939 0.00198308 -0.0107119 0.00424606 0.00841006 -0.00019215 0.00512771 -0.0180355 0.0106253
internal_weight=75.3468 52.5933 15.918 36.6753 19.0031 22.7535 13.522 9.23151 17.6722 12.3076 5.89505 4.17841 3.33646 2.3503
internal_count=3318 822 275 547 266 2496 236 2260 281 200 402 229 1858 210
is_linear=0
shrinkage=0.05


Tree=267
num_leaves=15
num_cat=0
split_feature=5 6 3 14 14 6 5 5 13 13 8 8 4 14
split_gain=0.290027 0.974127 0.822773 0.708039 0.873095 0.635346 0.666916 0.740617 0.540565 0.486003 0.484381 0.477243 1.00249 0.40898
threshold=145.50000000000003 155.50000000000003 128.50000000000003 181.50000000000003 158.50000000000003 112.50000000000001 25.500000000000004 21.500000000000004 184.50000000000003 161.50000000000003 108.50000000000001 90.500000000000014 61.500000000000007 177.50000000000003
decision_type=2 2 2 2 2 2 2 2 2 2 2 2 2 2
left_child=2 -2 5 4 -3 6 7 -1 11 -9 -4 12 -8 -7
right_child=1 3 10 -5 -6 13 8 9 -10 -11 -12 -13 -14 -15
leaf_value=-0.011669980093495342 -0.012078660069108965 -0.0046020890737919528 -0.0012585174790864522 -0.0084165032723815571 0.013397708950236696 0.014335771859332672 -0.014675009815900484 0.013860102178773129 0.0056301625116175402 -0.0055551827270083828 0.016773987311839319 -0.022041851422945555 0.011723970967067426 -0.0037153076084070116
leaf_weight=1.456803099543327 12.626306537196795 7.6978891486287528 4.4164114002778643 5.8423751424998036 12.55393629852915 3.0107197322213315 1.8087447978614326 5.9915914481680375 0.94701569527387697 1.4301859644474459 7.2087336209369823 5.1332893526414409 2.6467956325213891 2.4468092489987612
leaf_count=504 304 128 45 54 173 270 100 481 9 46 250 753 160 41
internal_value=-7.68992e-05 -0.00291422 0.00292171 0.00274941 0.00699932 -0.0024001 -0.00650715 0.00297386 -0.0128826 0.00938865 0.0116052 -0.0160139 -0.00108588 0.00833588
internal_weight=75.2176 38.7205 36.4971 26.0942 20.2518 24.872 19.4144 8.87858 10.5358 7.42178 11.6251 9.58883 4.45554 5.45753
internal_count=3318 659 2659 355 301 2364 2053 1031 1022 527 295 1013 260 311
is_linear=0
shrinkage=0.05


Tree=268
num_leaves=15
num_cat=0
split_feature=13 7 8 5 6 12 10 0 7 1 13 11 8 5
split_gain=0.273403 0.759673 0.838345 0.81875 0.995967 0.989791 0.67011 0.66584 0.386887 0.318867 0.368078 0.787878 0.271046 0.162621
threshold=177.50000000000003 174.50000000000003 175.50000000000003 176.50000000000003 171.50000000000003 157.50000000000003 124.50000000000001 6.5000000000000009 21.500000000000004 1.0000000180025095e-35 112.50000000000001 156.50000000000003 165.50000000000003 168.50000000000003
decision_type=2 2 2 2 2 2 2 2 2 2 2 2 2 2
left_child=1 2 3 4 5 7 -7 -1 -9 -10 13 12 -12 -11
right_child=-2 -3 -4 -5 -6 6 -8 8 9 10 11 -13 -14 -15
leaf_value=-0.011357157026228731 0.0058673689785059815 -0.011322333188651806 0.014998927241152158 0.014129928961239643 -0.020422963294995086 0.0011500872163102843 -0.017830377586494719 -0.0049530806333530223 -0.0024172862097006287 0.016928972212325581 -0.010569917137278815 0.01242726047566714 0.0038721376828739721 0.00017205872556097686
leaf_weight=1.4613083027361451 10.685320129385216 10.244628195883704 4.342355888336896 2.6842674203217021 2.3668227815069249 7.0926403457415272 5.9584691731142811 3.1006386458466322 3.9231632193841532 9.8015205567644461 5.1824814438623417 4.7220702499907929 1.7092814148199975 1.7195170451886941
leaf_count=1022 134 131 55 20 22 135 117 341 181 568 432 108 36 16
internal_value=-9.97884e-05 -0.00144301 0.00122901 -0.00123414 -0.00338432 -0.000516607 -0.010054 0.00425521 0.00651924 0.00840135 0.0103395 0.00235767 -0.00686599 0.015237
internal_weight=74.9945 64.3092 54.0645 49.7222 47.0379 44.6711 13.0511 31.62 30.1587 27.058 23.1349 11.6138 6.89176 11.521
internal_count=3318 3184 3053 2998 2978 2956 252 2704 1682 1341 1160 576 468 584
is_linear=0
shrinkage=0.05


Tree=269
num_leaves=15
num_cat=0
split_feature=8 10 4 8 3 3 7 15 8 15 8 9 11 0
split_gain=0.285388 0.701052 0.763254 0.594488 0.684317 1.11009 0.970612 0.998249 0.558986 0.847721 0.597082 0.464403 0.450502 0.398751
threshold=90.500000000000014 81.500000000000014 61.500000000000007 94.500000000000014 171.50000000000003 168.50000000000003 171.50000000000003 124.50000000000001 162.50000000000003 170.50000000000003 151.50000000000003 75.500000000000014 122.50000000000001 7.5000000000000009
decision_type=2 2 2 2 2 2 2 2 2 2 2 2 2 2
left_child=1 2 13 -2 5 6 7 11 9 10 -9 -5 -13 -1
right_child=3 -3 -4 4 -6 -7 -8 8 -10 -11 -12 12 -14 -15
leaf_value=0.0035524575776926144 0.013602274610110852 -0.015977683986202758 0.012967231650490046 -0.0074819160983625593 0.0090550123882885605 -0.018416604884805874 0.010568342424248957 -0.0040099190340616908 -0.019161457430592894 -0.012540513867457574 0.01619712163621664 0.015221024617742593 -0.0022890807118118627 -0.011398389026235198
leaf_weight=4.5985499359958357 3.8928556024184209 3.8328330308140712 3.7989663391781496 1.2791999465553114 9.9223449826240522 4.6045947154052547 10.972237900597973 4.0295178593551118 5.6733785091491873 4.7802859972289298 2.6380372256389819 5.5420105592202145 3.8728998693040921 5.3995105274952948
leaf_count=355 62 92 154 28 100 59 143 197 140 87 89 936 146 730
internal_value=-0.000124752 -0.00492576 0.00157786 0.00163179 -0.000333599 -0.00319423 0.000509467 -0.00446413 -0.010834 -0.00213665 0.00749999 0.00593656 0.00972253 -0.00563001
internal_weight=74.8372 17.6299 13.797 57.2074 53.3145 43.3922 38.7876 27.8153 17.1212 11.4478 6.66756 10.6941 9.41491 9.99806
internal_count=3318 1331 1239 1987 1925 1825 1766 1623 513 373 286 1110 1082 1085
is_linear=0
shrinkage=0.05


Tree=270
num_leaves=15
num_cat=0
split_feature=16 16 14 2 14 14 14 11 8 1 14 5 7 10
split_gain=0.291882 0.609305 0.653861 0.762596 0.577614 0.798476 0.47031 0.814502 0.410649 0.387957 0.22751 0.268533 0.218183 0.209163
threshold=160.50000000000003 171.50000000000003 180.50000000000003 3.5000000000000004 171.50000000000003 182.50000000000003 169.50000000000003 137.50000000000003 90.500000000000014 5.5000000000000009 89.000000000000014 157.50000000000003 186.50000000000003 157.50000000000003
decision_type=2 2 2 2 2 2 2 2 2 2 2 2 2 2
left_child=6 2 3 -2 8 -6 9 -8 -3 12 11 -11 -1 -10
right_child=1 4 -4 -5 5 -7 7 -9 13 10 -12 -13 -14 -15
leaf_value=-0.019698765035738152 0.021846003151421208 -0.004746962008260816 -0.0039144784422534022 -0.00066515668600199173 -0.012739340656944721 0.0052670957948211874 0.012480100508020248 -0.0065062274566134769 0.011802343090377417 0.010058928015925263 -0.0073553092392524277 -0.0044458702225378711 0.0022832645403017444 -0.00019627067568680356
leaf_weight=3.0662654941115783 5.4374019570532237 5.3096771589480367 4.9243740579113355 5.4341775086359121 12.719240072416143 6.0154347831849 4.7191890849499023 8.6806956154177879 7.2626319418777694 2.3616553744068369 1.7172362517158033 1.8192155766882931 0.2080104500055312 4.9317472581751645
leaf_count=1856 106 81 51 118 164 102 88 148 115 210 173 19 2 85
internal_value=-0.000151226 0.00189978 0.00876259 0.013929 -0.00179136 -0.00706612 -0.00436641 0.00175473 0.00416986 -0.010773 -0.000520672 0.00476349 -0.0177664 0.00830379
internal_weight=74.607 52.0347 15.796 10.8716 36.2387 18.7347 22.5723 13.3999 17.5041 9.17238 5.89811 4.18087 3.27428 12.1944
internal_count=3318 822 275 224 547 266 2496 236 281 2260 402 229 1858 200
is_linear=0
shrinkage=0.05


Tree=271
num_leaves=15
num_cat=0
split_feature=5 6 3 14 4 6 5 5 8 13 13 14 14 6
split_gain=0.291877 0.892236 0.801473 0.656016 0.863921 0.630817 0.632664 0.70274 0.551371 0.531602 0.45486 0.449845 0.388177 0.36334
threshold=145.50000000000003 155.50000000000003 128.50000000000003 181.50000000000003 164.50000000000003 112.50000000000001 25.500000000000004 21.500000000000004 105.50000000000001 184.50000000000003 161.50000000000003 21.500000000000004 177.50000000000003 140.50000000000003
decision_type=2 2 2 2 2 2 2 2 2 2 2 2 2 2
left_child=2 13 5 4 -3 6 7 -1 -4 11 -9 -8 -7 -2
right_child=1 3 8 -5 -6 12 9 10 -10 -11 -12 -13 -14 -15
leaf_value=-0.011482066016612818 -0.0020526848112125051 -0.0060285446991514835 -0.0033363332121130237 -0.0082505723829969617 0.012268027362101658 0.014159462547019538 0.0039430545852934904 0.013370570964784063 0.016019685475268552 0.0055950354053715835 -0.0054102528954551535 -0.018532269340016051 -0.0035419803336962877 -0.018227538392517218
leaf_weight=1.4273937075049667 7.5906821562384703 6.092059151567816 3.012442195788025 5.7974846996366969 13.945204762741922 2.979152123691164 0.82697199715766778 5.9985446468781447 8.5116181898774794 0.94399577006697732 1.4149051127023993 8.6120675424317579 2.4230486294254661 4.883269846362964
leaf_count=504 143 145 29 54 156 270 40 481 266 9 46 973 41 161
internal_value=-0.000133369 -0.00299077 0.00289013 0.00247986 0.0066122 -0.00238947 -0.00650097 0.00278529 0.0114814 -0.0127432 0.00905071 -0.0158796 0.00833364 -0.0117885
internal_weight=74.4588 38.3087 36.1501 25.8347 20.0373 24.6261 19.2239 8.84084 11.5241 10.383 7.41345 9.43904 5.4022 12.474
internal_count=3318 659 2659 355 301 2364 2053 1031 295 1022 527 1013 311 304
is_linear=0
shrinkage=0.05


Tree=272
num_leaves=15
num_cat=0
split_feature=5 6 3 14 4 6 5 5 13 8 4 13 8 14
split_gain=0.282645 0.839577 0.747765 0.614475 0.808423 0.602779 0.578991 0.675668 0.510969 0.450801 0.949936 0.435718 0.430003 0.375275
threshold=145.50000000000003 155.50000000000003 128.50000000000003 181.50000000000003 164.50000000000003 112.50000000000001 25.500000000000004 21.500000000000004 184.50000000000003 90.500000000000014 61.500000000000007 161.50000000000003 108.50000000000001 177.50000000000003
decision_type=2 2 2 2 2 2 2 2 2 2 2 2 2 2
left_child=2 -2 5 4 -3 6 7 -1 9 10 -8 -9 -4 -7
right_child=1 3 12 -5 -6 13 8 11 -10 -11 -12 -13 -14 -15
leaf_value=-0.011382293722246865 -0.011518594137641358 -0.0058673707575650621 -0.0011195888495767871 -0.0080319559064411326 0.011829546891761397 0.013924925276977213 -0.014255588699677883 0.012976406438629682 0.0055518443578286038 -0.021322219750038476 0.011500137223141377 -0.0053553161750955862 0.016002960212178851 -0.0034839280633677653
leaf_weight=1.412123954811255 12.431041675310551 6.0839894666714889 4.3744538404280302 5.7937070168554774 13.924862239800857 2.9625026737776343 1.7671084658650178 6.0229654185532127 0.94270314648747522 4.9745116312551545 2.621091969544068 1.4093797341920433 7.1173064893664559 2.4235542267560959
leaf_count=504 304 145 45 54 156 270 100 481 9 753 160 46 250 41
internal_value=-0.000163855 -0.00297539 0.00281882 0.00234215 0.0063513 -0.00229441 -0.0063264 0.00258078 -0.0123166 -0.0154222 -0.000940064 0.00874447 0.0111218 0.00818541
internal_weight=74.2613 38.2336 36.0277 25.8026 20.0089 24.5359 19.1499 8.84447 10.3054 9.36271 4.3882 7.43235 11.4918 5.38606
internal_count=3318 659 2659 355 301 2364 2053 1031 1022 1013 260 527 295 311
is_linear=0
shrinkage=0.05


Tree=273
num_leaves=15
num_cat=0
split_feature=13 7 8 5 6 12 10 0 4 5 8 7 9 8
split_gain=0.290722 0.729836 0.811836 0.79658 0.955517 0.876743 0.649279 0.627932 0.364754 0.78429 0.75517 0.43037 0.605631 0.415797
threshold=177.50000000000003 174.50000000000003 175.50000000000003 176.50000000000003 171.50000000000003 157.50000000000003 124.50000000000001 6.5000000000000009 165.50000000000003 145.50000000000003 154.50000000000003 101.50000000000001 25.500000000000004 20.500000000000004
decision_type=2 2 2 2 2 2 2 2 2 2 2 2 2 2
left_child=1 2 3 4 5 7 -7 -1 9 11 -11 12 13 -9
right_child=-2 -3 -4 -5 -6 6 -8 8 -10 10 -12 -13 -14 -15
leaf_value=-0.011225372156308908 0.0059870110888192302 -0.01129293717362859 0.014685564063907414 0.013839708799298637 -0.020188108935755095 0.0013372915847738136 -0.017351082255065497 -0.0067576113392552864 0.013696781248267434 0.006817690689178567 -0.018772111644628876 0.012570571904223475 -0.011012349435745972 0.010273633456293348
leaf_weight=1.4394279008338369 10.57833976857364 10.124803235521538 4.2588119693100444 2.6524038184434167 2.3478217511437824 6.9761100424802844 5.8427861766540445 1.1388251918397232 6.1435596620285642 1.416327899838506 2.5486466150396154 8.2347741373741865 3.2305822588095898 7.114560113666812
leaf_count=1022 134 131 55 20 22 135 117 117 87 97 122 565 157 537
internal_value=-0.000190027 -0.00158157 0.00107147 -0.00135814 -0.00348729 -0.000632053 -0.00965933 0.00389045 0.00612677 0.00211785 -0.0109269 0.00642053 -0.000464772 0.0062608
internal_weight=74.0478 63.4694 53.3446 49.0858 46.4334 44.0856 12.8189 31.2667 29.8273 23.6837 3.96497 19.7187 11.484 8.25339
internal_count=3318 3184 3053 2998 2978 2956 252 2704 1682 1595 219 1376 811 654
is_linear=0
shrinkage=0.05


Tree=274
num_leaves=15
num_cat=0
split_feature=16 5 5 16 10 4 15 15 14 11 1 14 5 7
split_gain=0.295766 0.555548 0.808003 0.762704 0.602166 0.801611 0.555659 0.732391 0.458128 0.777817 0.357567 0.215992 0.246544 0.212661
threshold=160.50000000000003 175.50000000000003 166.50000000000003 176.50000000000003 124.50000000000001 108.50000000000001 157.50000000000003 168.50000000000003 169.50000000000003 137.50000000000003 5.5000000000000009 89.000000000000014 157.50000000000003 186.50000000000003
decision_type=2 2 2 2 2 2 2 2 2 2 2 2 2 2
left_child=8 2 3 6 5 -5 -2 -8 10 -10 13 12 -12 -1
right_child=1 -3 -4 4 -6 -7 7 -9 9 -11 11 -13 -14 -15
leaf_value=-0.019483306797052333 0.016974798052149499 0.012309993313434492 -0.0097582265457353528 -0.0066839082669111526 -0.011326662575962503 0.012277476255910937 -0.009952802197650934 0.01032693076974639 0.012132352582088014 -0.0064637943181365919 0.0095460792487946089 -0.0073417407564004972 -0.0043292235018789725 0.0022543205181209652
leaf_weight=3.0130423596165223 7.3318357387324777 5.3638117937371126 11.392378776799886 6.5523607335053402 6.7609794078452969 6.2566919556120411 4.0977569790557027 3.7185134161263704 4.6816839134553438 8.5849400379811396 2.3889313582185423 1.7123567964590618 1.7919627890805712 0.20566201210021962
leaf_count=1856 143 56 122 109 136 79 121 56 88 148 210 173 19 2
internal_value=-0.000236784 0.0018453 -0.000457178 0.00343908 -0.00293951 0.0034246 0.0103641 -4.00032e-05 -0.00448829 0.00162325 -0.0108089 -0.000748076 0.00448011 -0.0175679
internal_weight=73.8529 51.4743 46.1105 34.7181 19.57 12.8091 15.1481 7.81627 22.3786 13.2666 9.11196 5.89325 4.18089 3.2187
internal_count=3318 822 766 644 324 188 320 177 2496 236 2260 402 229 1858
is_linear=0
shrinkage=0.05


Tree=275
num_leaves=15
num_cat=0
split_feature=16 16 14 2 15 13 8 14 11 8 1 7 7 16
split_gain=0.284642 0.549117 0.602092 0.737403 0.534032 0.65213 0.538178 0.446128 0.736444 0.429661 0.345004 0.210705 0.209332 0.196916
threshold=160.50000000000003 171.50000000000003 180.50000000000003 3.5000000000000004 173.50000000000003 101.50000000000001 163.50000000000003 169.50000000000003 137.50000000000003 157.50000000000003 5.5000000000000009 24.500000000000004 186.50000000000003 22.500000000000004
decision_type=2 2 2 2 2 2 2 2 2 2 2 2 2 2
left_child=7 2 3 -2 5 -3 -6 10 -9 -7 12 13 -1 -12
right_child=1 4 -4 -5 6 9 -8 8 -10 -11 11 -13 -14 -15
leaf_value=-0.019251213601888278 0.021147006196795562 0.0034839674373836858 -0.0038155488639841084 -0.00087726630842919334 -0.0035369291708500041 -0.001310741599185321 0.012153096068842326 0.011832786648229607 -0.0062650073064347616 -0.017902038367455745 0.0037019361745156674 0.0051140624748416772 0.0022500221736289367 -0.010271748969283437
leaf_weight=2.9585618399250984 5.3676480966387299 8.8478891757549736 4.884866915177553 5.3961758824589197 7.2663810905069095 7.4070984057034348 6.2675289548933506 4.6866542038042089 8.5734173464588803 5.9142976420116611 0.81037327862577546 3.1307612189848442 0.20531256496906269 1.9479344646533716
leaf_count=1856 106 120 51 118 129 136 72 88 148 90 52 106 2 244
internal_value=-0.000224251 0.00181987 0.0083496 0.0133295 -0.00171621 -0.00601433 0.00504751 -0.00440061 0.00162007 -0.0115521 -0.010658 -0.000760082 -0.0173324 -0.00642638
internal_weight=73.6649 51.3519 15.6487 10.7638 35.7032 22.1693 13.5339 22.313 13.2601 13.3214 9.05294 5.88907 3.16387 2.75831
internal_count=3318 822 275 224 547 346 201 2496 236 226 2260 402 1858 296
is_linear=0
shrinkage=0.05


Tree=276
num_leaves=15
num_cat=0
split_feature=9 10 3 16 13 11 6 15 10 8 6 5 5 13
split_gain=0.279069 0.592482 0.615839 0.567971 0.740662 1.08759 0.816684 0.675227 0.524681 0.554464 0.523932 0.434851 0.576526 0.351973
threshold=80.500000000000014 84.500000000000014 85.500000000000014 166.50000000000003 177.50000000000003 160.50000000000003 163.50000000000003 148.50000000000003 141.50000000000003 121.50000000000001 112.50000000000001 25.500000000000004 22.500000000000004 102.50000000000001
decision_type=2 2 2 2 2 2 2 2 2 2 2 2 2 2
left_child=1 2 11 7 5 6 10 8 9 -2 -5 12 -1 -11
right_child=3 -3 -4 4 -6 -7 -8 -9 -10 13 -12 -13 -14 -15
leaf_value=-0.0086717176841749847 0.0063438317757095689 -0.017230128537395157 0.0086751065841281817 -0.00083362756619713191 0.016630923515022406 -0.012687992546323643 -0.0043621830875601531 -0.01304482182409316 0.0098206903732916181 0.0025216187719697626 0.017459276538874129 -0.015880069100779558 0.0091784595745930311 -0.016587336643001969
leaf_weight=3.7598254078620865 3.1396599732543127 1.8303782372095145 6.830659471161197 4.9027532024774763 5.606503088027238 5.7283977854531249 8.8073598155751807 7.0056798675796008 6.3346329653795683 1.7815736877819288 8.4559739198302832 1.8572119068412565 4.3826795378699899 3.0809656330238795
leaf_count=746 782 38 188 66 69 82 98 167 246 109 174 113 245 195
internal_value=-0.000225154 -0.00480937 0.000178423 0.00160615 0.00536922 0.000921866 0.00612698 -0.00419863 0.00237937 -0.00502257 0.0123471 -0.0065826 0.000772746 -0.0118571
internal_weight=73.5043 18.6608 16.8304 54.8435 33.501 27.8945 22.1661 21.3425 14.3368 8.0022 13.3587 9.99972 8.1425 4.86254
internal_count=3318 1330 1292 1988 489 420 338 1499 1332 1086 240 1104 991 304
is_linear=0
shrinkage=0.05


Tree=277
num_leaves=15
num_cat=0
split_feature=1 4 5 6 6 6 9 0 6 16 16 16 3 13
split_gain=0.286009 0.907232 0.672261 0.534653 0.788984 0.518944 0.509609 0.767392 0.491656 1.10674 0.920174 0.513636 0.491019 0.334806
threshold=1.5000000000000002 170.50000000000003 175.50000000000003 112.50000000000001 94.500000000000014 21.500000000000004 164.50000000000003 13.500000000000002 119.50000000000001 178.50000000000003 173.50000000000003 166.50000000000003 161.50000000000003 164.50000000000003
decision_type=2 2 2 2 2 2 2 2 2 2 2 2 2 2
left_child=2 3 8 4 5 -2 7 12 10 11 -1 -10 -5 -9
right_child=1 -3 -4 6 -6 -7 -8 13 9 -11 -12 -13 -14 -15
leaf_value=-0.0083121236846131676 -0.0085623906768001658 -0.013805760345699676 0.01575851011122241 0.0014004287433918958 -0.01357334456914598 0.0083741531472238014 -0.0023902534620704116 -0.011507449402951675 -0.0063253336910309502 -0.017814508271775567 0.014216802383104722 0.010553367725842831 0.024352425933611869 0.0050386775213064929
leaf_weight=3.3469095665641415 1.9971487626462501 8.3591429256193788 3.2408273741602889 4.0805608783266525 6.8766987013950702 9.3574835200779471 8.4668445642091665 1.2845042753724558 3.364584263195864 4.8913287825416765 6.4350561401806772 6.0579161630303133 3.6286840406246483 1.9208403677621388
leaf_count=470 416 89 32 140 430 851 134 247 200 67 82 86 37 37
internal_value=-0.000274264 -0.00259182 0.00342129 0.00122787 -0.00434272 0.00368822 0.00628389 0.0116496 -0.000660931 -0.00582068 0.00630426 0.00442291 0.0175342 -0.0045637
internal_weight=73.3085 45.9719 27.3366 37.6128 18.2313 11.3546 19.3814 10.9146 24.0958 14.3138 9.78197 9.4225 7.70924 3.20534
internal_count=3318 2381 937 2292 1697 1267 595 461 905 353 552 286 177 284
is_linear=0
shrinkage=0.05


Tree=278
num_leaves=15
num_cat=0
split_feature=9 10 3 16 3 5 8 8 5 6 11 6 6 5
split_gain=0.285303 0.559025 0.600768 0.530792 0.679232 0.765425 0.705159 0.502773 0.452817 0.805876 0.857045 0.516925 0.417068 0.410415
threshold=80.500000000000014 84.500000000000014 85.500000000000014 168.50000000000003 174.50000000000003 145.50000000000003 176.50000000000003 170.50000000000003 169.50000000000003 164.50000000000003 160.50000000000003 112.50000000000001 168.50000000000003 25.500000000000004
decision_type=2 2 2 2 2 2 2 2 2 2 2 2 2 2
left_child=1 2 13 4 5 7 12 -2 9 10 11 -5 -7 -1
right_child=3 -3 -4 8 -6 6 -8 -9 -10 -11 -12 -13 -14 -15
leaf_value=0.00058350141567582356 0.0098836772634394426 -0.016989880907736992 0.0084292755965525105 -0.0004310849773444335 0.012031396647001154 -0.021204001625430048 0.0036132283711165225 -0.0078439043845895152 0.013396706446645977 -0.010670314061139786 -0.0066226808577090485 0.017875316217312216 -0.0010568386085205628 -0.015698951938397539
leaf_weight=8.139654778686241 6.19532430064283 1.8104601928498585 6.8089893971191477 5.3212334208656191 1.3046933580189932 7.2155025634710892 3.7770968510303637 1.7845232439576646 7.2729503386653951 5.2171374415047458 5.4346049227751783 7.103514986258233 3.9471521072555333 1.8345534137042694
leaf_count=991 1155 38 188 72 14 257 46 27 95 59 80 143 40 113
internal_value=-0.000269558 -0.00490793 -3.99814e-06 0.00159005 -0.0035406 -0.00642293 -0.0118737 0.00442485 0.00560679 0.00120313 0.00624689 0.0121611 -0.0166107 -0.00665333
internal_weight=73.1674 18.5937 16.7832 54.5737 24.2243 22.9196 14.9398 7.97985 30.3494 23.0765 17.8594 12.4247 11.1627 9.97421
internal_count=3318 1330 1292 1988 1539 1525 343 1182 449 354 295 215 297 1104
is_linear=0
shrinkage=0.05


Tree=279
num_leaves=15
num_cat=0
split_feature=10 10 4 16 17 5 8 8 14 13 6 5 0 2
split_gain=0.282763 0.525987 0.768406 0.523977 0.669519 0.741805 0.683605 0.495484 0.447767 0.581506 0.407298 0.445956 0.369366 0.694625
threshold=93.500000000000014 70.500000000000014 61.500000000000007 168.50000000000003 0.0085227272727272738 145.50000000000003 176.50000000000003 170.50000000000003 171.50000000000003 173.50000000000003 168.50000000000003 173.50000000000003 7.5000000000000009 1.5000000000000002
decision_type=2 2 2 2 2 2 2 2 2 2 2 2 2 2
left_child=1 2 12 4 -2 7 10 -6 -5 -10 11 -7 -1 -14
right_child=3 -3 -4 8 5 6 -8 -9 9 -11 -12 -13 13 -15
leaf_value=0.0032764140651054445 0.011927388750472952 -0.013124301759830854 0.013277086743092983 0.011075525608526746 0.0099330929202683538 -0.026189628065210326 0.0035364500108454344 -0.0077445262978241619 -0.0067736027389922668 0.0079501224533638989 -0.0010336175916227357 -0.0011914590572415958 0.0056912470675798913 -0.018203395529314648
leaf_weight=4.4956659711897391 1.2941337600350404 5.7425210174551458 3.2881728926149654 13.010715243028246 5.9535795131596414 4.4197363173407194 3.7747576092369846 1.7812932555971199 9.8878299186471867 7.2039981172420076 3.9463851978071034 2.8145569106563926 1.8166416406456845 3.5411563329180353
leaf_count=355 14 325 107 226 963 241 46 27 121 101 40 23 128 601
internal_value=-0.00030431 -0.0048784 0.00134892 0.00157038 -0.00354908 -0.0064261 -0.0117374 0.00441976 0.00557387 -0.000172958 -0.0163935 -0.0209256 -0.00576102 -0.0112652
internal_weight=72.9711 18.8842 13.1416 54.087 23.9844 22.6903 14.9554 7.73487 30.1025 17.0918 11.1807 7.23429 9.85346 5.3578
internal_count=3318 1516 1191 1802 1354 1340 350 990 448 222 304 264 1084 729
is_linear=0
shrinkage=0.05


Tree=280
num_leaves=15
num_cat=0
split_feature=14 9 0 3 9 4 16 8 6 6 5 5 16 16
split_gain=0.295296 0.918071 0.87581 0.945939 0.579242 0.553322 0.812498 0.329551 0.30644 0.352463 0.27536 0.271376 0.226118 0.219016
threshold=166.50000000000003 167.50000000000003 13.500000000000002 174.50000000000003 165.50000000000003 170.50000000000003 174.50000000000003 189.50000000000003 24.500000000000004 22.500000000000004 112.50000000000001 176.50000000000003 174.50000000000003 23.500000000000004
decision_type=2 2 2 2 2 2 2 2 2 2 2 2 2 2
left_child=2 5 4 7 8 6 -2 11 9 12 -8 -4 13 -1
right_child=1 -3 3 -5 -6 -7 10 -9 -10 -11 -12 -13 -14 -15
leaf_value=0.0034477381863876611 0.015371493852602371 -0.007001320431765024 -0.024565324898484939 0.0083925714103274089 0.010928190112281602 -0.005390658083336719 -0.006607061028095617 0.002113304040162748 -0.0075027090717152941 0.011857275206163798 0.0048538820060373966 0.0010565421268581502 0.0041474026798943645 -0.012890034686639041
leaf_weight=0.52179667213932335 14.976888734105165 13.862204092554746 5.0119910368812262 0.85040438920259465 5.8110265852883449 4.5238529313355675 5.4221191473770869 0.6505507007241248 9.9516749034301011 1.4803373938775619 5.6745128082111478 0.7074666954576968 1.9146367358043788 1.422262538297218
leaf_count=75 352 148 1167 9 66 42 82 6 886 82 90 8 25 280
internal_value=-0.000315117 0.00215586 -0.00393546 -0.0146375 0.00182893 0.00670521 0.0093336 -0.0200507 -0.00346989 0.00404017 -0.00105903 -0.0223815 -0.00395856 -0.00917986
internal_weight=72.7817 44.4596 28.3221 7.22041 21.1017 30.5974 26.0735 6.37001 15.2907 5.33903 11.0966 5.71946 3.8587 1.94406
internal_count=3318 714 2604 1190 1414 566 524 1181 1348 462 172 1175 380 355
is_linear=0
shrinkage=0.05


Tree=281
num_leaves=15
num_cat=0
split_feature=1 4 5 6 6 4 7 9 0 3 14 5 16 9
split_gain=0.283008 0.830427 0.632779 0.512712 0.753517 0.491031 0.49285 0.468843 0.734614 0.483945 0.468587 0.500425 0.549016 0.365262
threshold=1.5000000000000002 170.50000000000003 175.50000000000003 112.50000000000001 94.500000000000014 27.500000000000004 24.500000000000004 164.50000000000003 13.500000000000002 161.50000000000003 163.50000000000003 145.50000000000003 172.50000000000003 167.50000000000003
decision_type=2 2 2 2 2 2 2 2 2 2 2 2 2 2
left_child=2 3 10 4 5 6 -2 8 9 -5 11 12 -1 -12
right_child=1 -3 -4 7 -6 -7 -8 -9 -10 -11 13 -13 -14 -15
leaf_value=-0.0086379217930065335 -0.0094131827713851719 -0.013367654635677099 0.015391199571785252 0.0011843606343715837 -0.013402732950536782 0.012307164614223555 0.0078093318293022936 -0.0023006635089391487 -0.0045999034226206865 0.023765173928614575 0.009449281115617849 -0.014110493658680457 0.010287595489421618 -0.0038156293237208705
leaf_weight=2.0534002607310011 5.794709148329277 8.2868146921391581 3.1886194199323645 4.0426357305259462 6.8311950328206867 3.3695595704775769 2.1613138792745303 8.3764524826765392 3.1639502284560876 3.5866257008165121 8.5043819125858118 4.6372292518644826 3.7246837485581636 4.9225149410776785
leaf_count=513 806 89 32 140 430 299 162 134 284 37 167 133 39 53
internal_value=-0.000306521 -0.00261634 0.00339117 0.0010677 -0.00437247 0.00351093 -0.00352635 0.00605901 0.0112212 0.0170059 -0.000603654 -0.00695132 0.00267481 0.00487038
internal_weight=72.6441 45.6133 27.0308 37.3264 18.1568 11.3256 7.95602 19.1697 10.7932 7.62926 23.8422 10.4153 5.77808 13.4269
internal_count=3318 2381 937 2292 1697 1267 968 595 461 177 905 685 552 220
is_linear=0
shrinkage=0.05


Tree=282
num_leaves=15
num_cat=0
split_feature=14 10 14 6 7 14 1 8 14 0 1 10 8 16
split_gain=0.281997 0.603307 0.448541 0.501995 1.58716 0.925129 1.16999 0.682819 0.527844 0.539431 0.525893 0.495223 0.447326 0.324458
threshold=191.50000000000003 178.50000000000003 185.50000000000003 168.50000000000003 174.50000000000003 168.50000000000003 2.5000000000000004 94.500000000000014 92.500000000000014 11.500000000000002 2.5000000000000004 162.50000000000003 108.50000000000001 175.50000000000003
decision_type=2 2 2 2 2 2 2 2 2 2 2 2 2 2
left_child=1 2 3 4 5 8 12 -8 9 10 13 -10 -7 -1
right_child=-2 -3 -4 -5 -6 6 7 -9 11 -11 -12 -13 -14 -15
leaf_value=-0.011201133096399959 0.0077534468132057837 0.011949817711865922 -0.013818944544419632 0.0073028740752919489 -0.021508379039028986 0.0013230957890989852 0.0073287535911385274 -0.011018015418443021 -0.018765917257361747 -0.0097246818747995008 0.012180354659290855 0.0035792203044822876 0.018997818430478541 0.0042841731815211346
leaf_weight=1.9428069736313789 4.7304955134168258 2.8508098404854527 3.0840161289088419 9.3603586445096862 4.7961676475824779 5.9387934501864974 4.0080588438431715 7.8963275439891731 5.125700339631293 4.1297481131841769 5.7664030473242747 1.4403641825920201 8.6288184022705519 2.784556794911623
leaf_count=229 76 45 48 94 69 102 110 130 1512 482 239 58 99 25
internal_value=-0.000258013 -0.00131179 -0.00270739 -0.00116046 -0.00317471 0.000537166 0.0062696 -0.00450026 -0.00645405 -0.000105088 0.0055972 -0.0144359 0.0139716 -0.00456618
internal_weight=72.4834 67.7529 64.9021 61.8181 52.4577 47.6616 26.472 11.9044 21.1896 14.6235 10.4938 6.56606 14.5676 4.72736
internal_count=3318 3242 3197 3149 3055 2986 441 240 2545 975 493 1570 201 254
is_linear=0
shrinkage=0.05


Tree=283
num_leaves=15
num_cat=0
split_feature=10 4 4 7 8 12 8 7 15 10 4 0 11 8
split_gain=0.271287 0.541843 0.762602 0.685664 1.36565 1.27965 1.0538 0.689254 0.957706 0.488663 0.730085 0.383669 0.356212 0.442356
threshold=93.500000000000014 176.50000000000003 169.50000000000003 171.50000000000003 159.50000000000003 110.50000000000001 90.500000000000014 104.50000000000001 177.50000000000003 70.500000000000014 61.500000000000007 14.500000000000002 22.500000000000004 98.500000000000014
decision_type=2 2 2 2 2 2 2 2 2 2 2 2 2 2
left_child=9 2 3 4 6 -6 -2 -8 11 10 -1 -9 -11 -14
right_child=1 -3 -4 -5 5 -7 7 8 -10 12 -12 -13 13 -15
leaf_value=-0.0056745671159863318 -0.012495491366579178 0.010896695841852927 -0.011213305868585426 0.011739576226532725 0.0058804091491465402 -0.019704413933926773 -0.004027978974419629 0.023747821452834928 -0.0059864727177565509 0.0026042985197993031 0.012930068581529789 -0.0011484058825845791 -0.021802493290274852 0.0022359443372413127
leaf_weight=9.7671507239792863 1.3460475955216704 7.310274770949035 8.3327548823435773 8.735731329827102 4.7763086230843319 8.4796133555646502 3.3016755993448887 8.2317943014641042 1.7936529128346581 1.5802772997412819 3.2459946890303391 1.2478149360940722 2.6873171775514493 1.4153941817858138
leaf_count=1084 41 77 96 124 90 213 266 365 26 75 107 504 120 130
internal_value=-0.000283259 0.00156116 -0.000833763 0.00248826 -0.00159388 -0.0114001 0.00734408 0.0119 0.0163693 -0.00478125 0.00126708 0.0212058 -0.0127419 -0.0168365
internal_weight=72.2518 53.5557 46.2454 37.9126 29.1769 13.2559 15.921 14.5749 11.2733 18.6961 13.0131 9.47961 5.68299 4.10271
internal_count=3318 1802 1725 1629 1505 303 1202 1161 895 1516 1191 869 325 250
is_linear=0
shrinkage=0.05


Tree=284
num_leaves=15
num_cat=0
split_feature=10 14 14 7 4 5 3 3 2 1 12 14 14 11
split_gain=0.274994 0.578457 0.431138 0.47478 0.962623 0.648003 0.810793 0.470551 0.489682 0.777392 0.36951 0.348017 0.326626 0.303468
threshold=178.50000000000003 191.50000000000003 185.50000000000003 174.50000000000003 164.50000000000003 122.50000000000001 161.50000000000003 128.50000000000003 1.5000000000000002 2.5000000000000004 145.50000000000003 168.50000000000003 176.50000000000003 94.500000000000014
decision_type=2 2 2 2 2 2 2 2 2 2 2 2 2 2
left_child=1 2 3 4 5 7 -7 8 12 10 -10 -6 -1 -11
right_child=-2 -3 -4 -5 11 6 -8 -9 9 13 -12 -13 -14 -15
leaf_value=0.012473822865894726 0.0081249570773323058 0.010863951320751571 -0.013654808580489564 -0.0094110582723192192 -0.00014690572615754291 -0.021800642666296263 0.0021466718209386445 0.0086950820811285499 0.0087853257028078485 -0.0025839643780102952 -0.0062490971112988819 0.013467132298409686 -0.0045183680543543674 -0.020641320619011271
leaf_weight=2.4584145804401554 3.6852583214640608 3.8533714236691585 3.0609002117998889 8.9890508315293101 6.6390049556794137 3.751228083357999 4.5667319566418882 6.9212678803596637 5.5312087397469467 5.5724545997290971 2.272736106227967 10.190403235144911 1.3245792239904401 3.2038518351837411
leaf_count=311 51 70 48 117 109 449 73 138 546 656 47 97 30 576
internal_value=-0.000309357 -0.00128716 -0.00274283 -0.00121207 0.000890534 -0.00373663 -0.0127832 0.000573942 -0.00335631 -0.00693157 0.00367637 0.00929303 0.00733897 -0.014275
internal_weight=72.0205 68.3352 64.4818 61.4209 52.4319 35.6025 8.31796 27.2845 20.3632 16.5803 7.80394 16.8294 3.78299 8.77631
internal_count=3318 3267 3197 3149 3032 2826 522 2304 2166 1825 593 206 341 1232
is_linear=0
shrinkage=0.05


Tree=285
num_leaves=15
num_cat=0
split_feature=16 16 14 2 14 14 9 10 4 3 5 16 7 14
split_gain=0.267604 0.577401 0.567513 0.609627 0.491099 0.719044 0.437859 0.506231 0.541735 0.425219 0.455581 0.436972 0.595082 0.465009
threshold=160.50000000000003 171.50000000000003 180.50000000000003 3.5000000000000004 171.50000000000003 182.50000000000003 173.50000000000003 22.500000000000004 27.500000000000004 173.50000000000003 145.50000000000003 22.500000000000004 164.50000000000003 194.50000000000003
decision_type=2 2 2 2 2 2 2 2 2 2 2 2 2 2
left_child=6 2 3 -2 -3 -6 7 8 -1 10 11 -9 13 -13
right_child=1 4 -4 -5 5 -7 -8 9 -10 -11 -12 12 -14 -15
leaf_value=-0.0054887008287284149 0.020391608450818194 0.0036404556826987369 -0.0035793769277973914 -0.00029284044501060334 -0.012373542266760434 0.0049963414475603513 0.0066148673528151174 0.0090793751646637624 0.014241684635931361 0.0052360657923712908 -0.020266815243781447 -0.017298802452831958 0.0075390508701392734 0.0054194356664342431
leaf_weight=3.8320250421675217 5.2423055795370583 16.847639587998856 4.7646061133127651 5.2477251998207066 12.133654536330143 5.7568888436071566 3.1796241269912562 1.2539916493406016 1.0951479620416646 0.88806927390396673 5.6159470976090233 4.2535516432108125 1.2767460057511923 0.42048394680023182
leaf_count=690 106 281 51 118 164 102 38 87 22 6 217 1416 17 3
internal_value=-0.000342412 0.00167624 0.00843782 0.0132896 -0.00198106 -0.00691372 -0.00441838 -0.00730195 0.003861 -0.0112737 -0.0135655 -0.00217918 -0.00761395 -0.0135103
internal_weight=71.8084 49.9928 15.2546 10.49 34.7382 17.8905 21.8156 18.636 4.92717 13.7088 12.8207 7.20477 5.95078 4.67404
internal_count=3318 822 275 224 547 266 2496 2458 712 1746 1740 1523 1436 1419
is_linear=0
shrinkage=0.05


Tree=286
num_leaves=15
num_cat=0
split_feature=10 14 9 7 7 3 14 8 14 0 1 8 5 8
split_gain=0.259963 0.549107 0.427695 1.21183 0.893055 0.923842 0.751044 0.46111 0.58313 0.486568 0.471292 0.4453 0.506536 0.306105
threshold=178.50000000000003 191.50000000000003 168.50000000000003 164.50000000000003 142.50000000000003 164.50000000000003 176.50000000000003 94.500000000000014 169.50000000000003 8.5000000000000018 2.5000000000000004 102.50000000000001 128.50000000000003 20.500000000000004
decision_type=2 2 2 2 2 2 2 2 2 2 2 2 2 2
left_child=1 2 3 4 5 7 -4 8 9 13 11 -9 -13 -1
right_child=-2 -3 6 -5 -6 -7 -8 10 -10 -11 -12 12 -14 -15
leaf_value=-0.0075702600263808555 0.0079428212971294123 0.010628031246148223 0.001706974318359101 0.012360330598061671 -0.016273303361082077 0.013252777385395619 -0.016514429918622398 -0.0089083027842408874 0.0089103767436185775 -0.014811690359348701 -0.018134885877569892 0.01411174886926554 -0.0071305207120716087 0.0063549768249850057
leaf_weight=1.2167282539594539 3.6557782436721018 3.8265827037394038 8.8231925534200872 9.7277618570078612 6.3740762242523479 5.0483293011784545 7.4360747504979363 2.194888066602287 7.3381228966754852 2.5975178677763324 3.6722793637236464 2.6356185377662773 0.68366254334978283 6.3822419697244186
leaf_count=58 51 70 147 159 378 44 62 97 190 624 546 363 38 491
internal_value=-0.000268461 -0.00122427 -0.00264902 -2.5519e-05 -0.00425068 4.63583e-05 -0.00855057 -0.00414437 0.00100631 -0.00574215 -0.0108653 0.000297714 0.00808056 0.00200585
internal_weight=71.6129 67.9571 64.1305 47.8712 38.1435 31.7694 16.2593 26.7211 17.5346 10.1965 9.18645 5.51417 3.31928 7.59897
internal_count=3318 3267 3197 2988 2829 2451 209 2407 1363 1173 1044 498 401 549
is_linear=0
shrinkage=0.05


Tree=287
num_leaves=15
num_cat=0
split_feature=8 0 8 3 3 9 14 0 9 2 5 0 0 12
split_gain=0.264074 0.589674 0.543527 0.656363 0.937194 0.873793 1.09529 0.580151 0.514068 0.488184 0.707233 0.567907 0.484343 0.448526
threshold=90.500000000000014 7.5000000000000009 94.500000000000014 171.50000000000003 168.50000000000003 156.50000000000003 191.50000000000003 14.500000000000002 169.50000000000003 1.5000000000000002 177.50000000000003 8.5000000000000018 6.5000000000000009 161.50000000000003
decision_type=2 2 2 2 2 2 2 2 2 2 2 2 2 2
left_child=1 12 -2 4 5 6 13 -7 -9 -3 11 -11 -1 -4
right_child=2 9 3 -5 -6 7 -8 8 -10 10 -12 -13 -14 -15
leaf_value=-0.0080672332183773753 0.012983552628462555 0.0032415909284039292 -0.016589920968749804 0.0089017427681876097 -0.017474221178441645 0.010799311675231373 0.012562147241693506 0.0061418681445426365 -0.011649843910614027 2.5337610659132234e-05 0.0062227708397368364 -0.025203039064091437 0.010698949069060524 0.00070340867349391438
leaf_weight=0.95638895079901232 3.7223517669335697 3.1271546102652783 9.5967722359855525 9.3452907828614098 4.3616843051277092 14.533730030059816 1.3991903131827701 3.439456612301 3.4951914732228033 2.9378768918104452 0.98413387686014164 4.137261795491213 4.846158163389191 4.5165590777469324
leaf_count=443 62 144 1240 100 59 193 42 147 66 38 8 637 61 78
internal_value=-0.000302546 -0.00496662 0.00144919 -0.000487548 -0.00334139 0.000208178 -0.00756015 0.00618917 -0.00394931 -0.0102866 -0.0147671 -0.0190545 0.00530356 -0.0123194
internal_weight=71.3992 16.989 54.4102 50.6879 41.3426 36.9809 15.5125 21.4684 6.93465 11.1864 8.05927 7.07514 5.80255 14.1133
internal_count=3318 1331 1987 1925 1825 1766 1360 406 213 827 683 675 504 1318
is_linear=0
shrinkage=0.05


Tree=288
num_leaves=15
num_cat=0
split_feature=8 8 8 3 5 0 8 2 9 11 16 9 5 6
split_gain=0.255979 0.650711 0.569292 0.466859 0.605065 0.936935 0.83039 0.740775 0.672726 0.612395 0.537926 0.511983 0.509432 0.449642
threshold=185.50000000000003 179.50000000000003 176.50000000000003 172.50000000000003 176.50000000000003 10.500000000000002 108.50000000000001 2.5000000000000004 94.500000000000014 169.50000000000003 191.50000000000003 21.500000000000004 159.50000000000003 103.50000000000001
decision_type=2 2 2 2 2 2 2 2 2 2 2 2 2 2
left_child=1 2 3 4 5 6 7 -1 11 10 -7 -9 -8 -13
right_child=-2 -3 -4 -5 -6 9 12 8 -10 -11 -12 13 -14 -15
leaf_value=-0.011373007552067623 0.0086527304083669557 -0.013758508011136112 0.012277632794519091 -0.01039248773723896 0.012776108247778285 -0.013746991888849118 0.019867355368156397 -0.0036528619765836927 -0.0086666518918023031 0.0042403051099828828 0.0063082136610967511 0.019583158626073426 -0.0021110453810980578 -0.0011661598536541603
leaf_weight=6.1037551632034655 2.2849572049453846 4.026198338950052 4.0308087074663481 6.2690528156235805 3.9191257283091536 17.068432529613354 5.0869377073249771 3.0846952239953662 2.5975253758588215 5.4477040255442253 0.97435754910111327 5.0615049485204509 2.3772673125495203 2.8048252417647745
leaf_count=358 31 45 56 55 34 1513 329 172 256 80 16 278 36 59
internal_value=-0.000311566 -0.00117473 0.000536054 -0.00111629 0.000733578 -0.00126395 0.00470477 -0.00136807 0.00498998 -0.00777051 -0.0115302 0.00993053 0.0148286 0.0146067
internal_weight=71.1371 68.8522 64.826 60.7952 54.5261 50.607 27.1165 19.6523 13.5486 23.4905 18.0428 10.951 7.46421 7.86633
internal_count=3318 3287 3242 3186 3131 3097 1488 1123 765 1609 1529 509 365 337
is_linear=0
shrinkage=0.05


Tree=289
num_leaves=15
num_cat=0
split_feature=8 10 9 8 3 3 7 15 6 5 11 9 16 1
split_gain=0.259748 0.560155 0.629934 0.509576 0.620908 0.890545 0.818022 0.958074 0.479386 1.19697 0.589534 0.403554 0.41957 0.448596
threshold=90.500000000000014 81.500000000000014 22.500000000000004 94.500000000000014 171.50000000000003 168.50000000000003 171.50000000000003 124.50000000000001 137.50000000000003 108.50000000000001 154.50000000000003 75.500000000000014 25.500000000000004 1.0000000180025095e-35
decision_type=2 2 2 2 2 2 2 2 2 2 2 2 2 2
left_child=1 2 -1 -2 5 6 7 11 9 -9 -11 -5 -13 -14
right_child=3 -3 -4 4 -6 -7 -8 8 -10 10 -12 12 13 -15
leaf_value=-0.0066598027945217386 0.012677425123922566 -0.0148532220123895 0.0098953625631886099 -0.0068373426221362129 0.0087470642961383245 -0.017000787347138953 0.0096571131463425129 -0.01388185707291742 -0.019287800628717999 0.017010238218937813 -0.0042790207725078647 -0.0033539174368761786 -0.0046145098294023542 0.017470916938926002
leaf_weight=7.6114997129334387 3.7031069492804809 3.5954115312269996 5.6200360945222201 1.1634399124886865 9.2969898134469968 4.3070584372617295 10.46291270572692 5.846050693086001 4.501580642983753 3.143727902417595 2.7225535617908463 2.6632861854159255 0.6974225288213346 5.572575180525746
leaf_count=772 62 92 467 28 100 59 143 142 183 127 61 95 153 834
internal_value=-0.000235142 -0.00488252 0.00115728 0.0015017 -0.000390257 -0.00318286 0.00027671 -0.00440004 -0.010764 -0.0026975 0.00970726 0.00599986 0.00952537 0.0140569
internal_weight=70.9077 16.8269 13.2315 54.0807 50.3776 41.0806 36.7735 26.3106 16.2139 11.7123 5.86628 10.0967 8.93328 6.27
internal_count=3318 1331 1239 1987 1925 1825 1766 1623 513 330 188 1110 1082 987
is_linear=0
shrinkage=0.05


Tree=290
num_leaves=15
num_cat=0
split_feature=9 10 4 5 6 5 11 0 6 7 14 9 5 5
split_gain=0.250057 0.652027 0.645904 0.456369 0.994964 0.652056 0.803563 0.612089 0.552144 0.502299 1.07179 0.764417 0.338837 0.53597
threshold=75.500000000000014 70.500000000000014 61.500000000000007 145.50000000000003 155.50000000000003 169.50000000000003 121.50000000000001 13.500000000000002 140.50000000000003 104.50000000000001 177.50000000000003 94.500000000000014 25.500000000000004 21.500000000000004
decision_type=2 2 2 2 2 2 2 2 2 2 2 2 2 2
left_child=1 2 12 7 8 6 -6 9 -5 11 -11 -2 13 -1
right_child=3 -3 -4 4 5 -7 -8 -9 -10 10 -12 -13 -14 -15
leaf_value=-0.010943598929697941 0.010060697942757959 -0.016999468074318669 0.01226281421397276 -0.00068314551796907715 -0.011578048615719809 0.011343305105875237 0.0067651629754659666 -0.0077667203271826321 -0.019817783418067392 0.022060474794833557 -0.0021929321364039028 -0.012704275650423006 -0.013656190858066167 0.0071682879640316971
leaf_weight=1.3417114836411181 2.2704396336339476 2.3454108705191166 3.1736782987136385 6.9862996908559563 7.0566469164696191 9.4946651228237879 7.2359686462514219 2.4234761959451125 4.2594217781479529 7.291115881802396 5.9234789833426476 2.6378374911946594 1.686220308387419 6.5727009461261332
leaf_count=498 78 96 107 142 124 102 118 507 155 427 90 288 97 489
internal_value=-0.000275106 -0.00508898 0.00126471 0.00134639 -0.00210042 0.00373788 -0.00294486 0.00648429 -0.0117994 0.00965736 0.0135712 -0.00241086 -0.00532532 0.00104963
internal_weight=70.6991 15.1197 12.7743 55.5794 35.033 23.7873 14.2926 20.5463 11.2457 18.1229 13.2146 4.90828 9.60063 7.91441
internal_count=3318 1287 1191 2031 641 344 242 1390 297 883 517 366 1084 987
is_linear=0
shrinkage=0.05


Tree=291
num_leaves=15
num_cat=0
split_feature=8 0 8 3 3 9 14 16 16 2 5 0 0 12
split_gain=0.248797 0.546644 0.489834 0.598489 0.847173 0.784274 1.05174 0.543639 0.63323 0.483445 0.683397 0.51888 0.473046 0.428895
threshold=90.500000000000014 7.5000000000000009 94.500000000000014 171.50000000000003 168.50000000000003 156.50000000000003 191.50000000000003 168.50000000000003 162.50000000000003 1.5000000000000002 177.50000000000003 8.5000000000000018 6.5000000000000009 161.50000000000003
decision_type=2 2 2 2 2 2 2 2 2 2 2 2 2 2
left_child=1 12 -2 4 5 6 13 8 -7 -3 11 -11 -1 -4
right_child=2 9 3 -5 -6 7 -8 -9 -10 10 -12 -13 -14 -15
leaf_value=-0.0080694640379714959 0.012337862356829196 0.0033251643461870584 -0.016166746816884982 0.0085010034634205398 -0.016732301717368645 0.0059659057280596608 0.012420711214439849 0.011710565122137967 -0.01200092649304124 -0.00014097257815032176 0.0061016913405929239 -0.024727697816078548 0.010443251271131602 0.00077105793378469563
leaf_weight=0.95663373338175262 3.6754351372801457 3.1111244758067169 9.4351700409279129 9.2578998990356904 4.2716553490608922 6.7336265577760077 1.3870506947860111 10.950717860861912 3.5873070826928597 2.8910906935925595 0.97833929955959309 4.0230173166128225 4.7936991893220693 4.4520901176147154
leaf_count=443 62 144 1240 100 59 173 42 174 59 38 8 637 61 78
internal_value=-0.000350655 -0.00489893 0.00136329 -0.000489176 -0.00323343 0.000168201 -0.00723822 0.00585186 -0.00215744 -0.0100466 -0.014563 -0.0188206 0.00504275 -0.0119701
internal_weight=70.5049 16.7539 53.751 50.0755 40.8176 36.546 15.2743 21.2717 10.3209 11.0036 7.89245 6.91411 5.75033 13.8873
internal_count=3318 1331 1987 1925 1825 1766 1360 406 232 827 683 675 504 1318
is_linear=0
shrinkage=0.05


Tree=292
num_leaves=15
num_cat=0
split_feature=13 7 5 7 6 3 4 5 5 15 10 9 12 0
split_gain=0.246469 0.643404 0.709267 0.735399 0.647342 0.549526 0.45479 0.665613 0.556153 0.41419 0.438505 0.398272 0.397867 0.250589
threshold=177.50000000000003 174.50000000000003 162.50000000000003 166.50000000000003 146.50000000000003 128.50000000000003 108.50000000000001 25.500000000000004 21.500000000000004 184.50000000000003 70.500000000000014 90.500000000000014 169.50000000000003 7.5000000000000009
decision_type=2 2 2 2 2 2 2 2 2 2 2 2 2 2
left_child=1 2 4 -4 5 6 7 8 -1 10 -9 -8 -7 -10
right_child=-2 -3 3 -5 -6 12 11 9 13 -11 -12 -13 -14 -15
leaf_value=-0.010044902951901564 0.0054436862212434139 -0.010916855064091254 -0.001303232814785629 0.016671782284008209 -0.015456009140456195 0.011883326864978908 0.012831306416450272 -1.2009361074852329e-05 0.013670650962826545 0.0038817077882856172 -0.021085900245775863 -0.0062671022541857012 -0.0040994774680833445 -0.0010732781836422151
leaf_weight=1.2026099078357315 10.019304823828859 9.6194275693269429 9.8154792341811135 6.658449604175984 3.4149257855315218 7.4731864064087841 2.1192892117396691 3.2063539589289558 3.0020751794072567 1.0877690277993668 5.8095858528322424 0.67441718139889406 2.7056383916642517 3.4514095774356974
leaf_count=488 134 131 145 67 231 271 90 163 185 13 657 377 38 328
internal_value=-0.000356067 -0.00166396 0.00091764 0.00815217 -0.00316801 0.000169098 -0.00432784 -0.00731022 0.00300395 -0.0135329 -0.0162692 0.00715804 0.00768398 0.00875916
internal_weight=70.2599 60.2406 50.6212 16.4739 34.1473 30.7323 20.5535 17.7598 7.65609 10.1037 9.01594 2.79371 10.1788 6.45348
internal_count=3318 3184 3053 212 2841 2610 2301 1834 1001 833 820 467 309 513
is_linear=0
shrinkage=0.05


Tree=293
num_leaves=15
num_cat=0
split_feature=8 8 8 3 5 0 8 2 9 11 16 9 5 10
split_gain=0.250585 0.614569 0.520813 0.473923 0.540976 0.853063 0.822261 0.680539 0.620773 0.56884 0.504221 0.481773 0.470494 0.435369
threshold=185.50000000000003 179.50000000000003 176.50000000000003 172.50000000000003 176.50000000000003 10.500000000000002 108.50000000000001 2.5000000000000004 94.500000000000014 169.50000000000003 191.50000000000003 21.500000000000004 159.50000000000003 170.50000000000003
decision_type=2 2 2 2 2 2 2 2 2 2 2 2 2 2
left_child=1 2 3 4 5 6 7 -1 11 10 13 -9 -8 -7
right_child=-2 -3 -4 -5 -6 9 12 8 -10 -11 -12 -13 -14 -15
leaf_value=-0.011103885209491963 0.0085294763905504594 -0.013473212676094335 0.011754803500259538 -0.010470844278876984 0.012173149045512588 -0.015670927491311878 0.019513966725820744 -0.0036500079589796308 -0.0084457791053480225 0.0041681148045686891 0.0061715342669857662 0.01404592418086132 -0.001909471090061284 0.0029587399854060052
leaf_weight=5.9950912924832727 2.2541843140497795 3.9783850160893044 3.9382515721954396 6.2424412285909048 3.8661291878670445 14.723200406613623 5.0171015687810714 3.0537168449227448 2.5458009521098566 5.3895446517271912 0.95619503897614677 7.7280765801988309 2.3386559262580704 2.0440743459039359
leaf_count=358 31 45 56 55 34 1471 329 172 256 80 16 337 36 42
internal_value=-0.000359222 -0.00122007 0.000466691 -0.0011239 0.000763356 -0.00115259 0.00457799 -0.00149806 0.00467335 -0.00740495 -0.011067 0.00946543 0.0146863 -0.0132419
internal_weight=70.0708 67.8167 63.8383 59.9 53.6576 49.7915 26.6784 19.3227 13.3276 23.113 17.7235 10.7818 7.35576 16.7673
internal_count=3318 3287 3242 3186 3131 3097 1488 1123 765 1609 1529 509 365 1513
is_linear=0
shrinkage=0.05


Tree=294
num_leaves=15
num_cat=0
split_feature=7 5 6 0 14 5 3 6 9 9 15 1 1 0
split_gain=0.248963 0.593336 0.909134 0.669854 0.6691 0.603018 0.58033 0.50072 0.468901 0.724548 0.57462 0.42522 0.599225 0.267194
threshold=101.50000000000001 145.50000000000003 155.50000000000003 13.500000000000002 177.50000000000003 173.50000000000003 170.50000000000003 140.50000000000003 25.500000000000004 22.500000000000004 179.50000000000003 2.5000000000000004 5.5000000000000009 7.5000000000000009
decision_type=2 2 2 2 2 2 2 2 2 2 2 2 2 2
left_child=8 3 7 4 11 6 -4 -3 9 13 -10 -2 -13 -1
right_child=1 2 5 -5 -6 -7 -8 -9 10 -11 -12 12 -14 -15
leaf_value=0.0022236965803747954 0.021644516228798216 -0.00088491681392751623 -0.0075867202804217482 -0.0075635324372127812 -0.00089438923883549629 0.012229703102534951 0.0074167314373547143 -0.019380404631501605 -0.017462413220129258 0.01229222296232766 0.0059373873582861661 -0.010198682034419294 0.011608006400761858 -0.011467122784102958
leaf_weight=3.6929998931882455 6.4131093766918692 6.9195696641327213 11.680231906859268 2.3813891774843787 6.974605959840118 6.398592864163219 5.7182414066046467 4.1893302956814296 4.4289664535317561 3.7036447669379413 0.84181391587480892 1.8091115804709264 0.86343543045222748 3.8233331484952942
leaf_count=264 254 142 223 490 108 73 55 155 502 257 10 254 23 508
internal_value=-0.000294107 0.00141938 -0.00241301 0.0076407 0.0111556 0.00320684 -0.00210077 -0.0117103 -0.00487781 0.00154991 -0.0126541 0.0174397 -0.000180014 -0.00653927
internal_weight=69.8384 53.3476 34.906 18.4417 16.0603 23.7971 17.3985 11.1089 16.4908 11.22 5.27078 9.08566 2.67255 7.51633
internal_count=3318 1777 648 1129 639 351 278 297 1541 1029 512 531 277 772
is_linear=0
shrinkage=0.05


Tree=295
num_leaves=15
num_cat=0
split_feature=8 10 4 10 9 8 7 12 4 14 0 2 8 15
split_gain=0.247943 0.513491 0.582604 0.513378 0.645697 0.639085 1.19076 0.668049 0.626183 0.452292 0.590576 0.64848 0.900146 0.881849
threshold=90.500000000000014 81.500000000000014 61.500000000000007 148.50000000000003 76.500000000000014 178.50000000000003 171.50000000000003 157.50000000000003 166.50000000000003 180.50000000000003 17.500000000000004 3.5000000000000004 94.500000000000014 179.50000000000003
decision_type=2 2 2 2 2 2 2 2 2 2 2 2 2 2
left_child=1 2 -1 4 -2 6 7 8 -5 10 11 13 -13 -6
right_child=3 -3 -4 5 9 -7 -8 -9 -10 -11 -12 12 -14 -15
leaf_value=-0.005326844560404582 -0.0096905580083816011 -0.01443677525523601 0.01115683797867457 -0.0072494552386115534 0.023834129726551554 -0.013683025844072048 0.012758137346999796 -0.015476150656735575 0.012827098170840169 -0.0017715496255948594 -0.0064570276448492883 0.014978438139724977 -0.0085555668408023085 -0.0041864473573555308
leaf_weight=9.477680929310738 1.8338957398664231 3.5043933786801054 3.5495845193217965 3.3770977977328638 9.1053233598504537 5.2104660144541404 7.6880436004139474 5.4958034616429359 2.5757684588024858 7.4740082570351651 1.3013524480993499 1.6034862890373904 5.5823146602197085 1.8473685923963774
leaf_count=1085 47 92 154 236 483 62 100 105 44 103 403 32 352 20
internal_value=-0.000287426 -0.00485378 0.00101324 0.00142974 0.00553766 -0.00353776 0.00148682 -0.00765952 0.00332751 0.00793097 0.0112606 0.0136523 0.000687046 0.0192771
internal_weight=69.6266 16.5317 13.0273 53.0949 28.7477 24.3472 19.1367 11.4487 5.95287 26.9139 19.4398 18.1385 7.1858 10.9527
internal_count=3318 1331 1239 1987 1440 547 485 385 280 1393 1290 887 384 503
is_linear=0
shrinkage=0.05


Tree=296
num_leaves=15
num_cat=0
split_feature=8 8 8 3 5 0 8 2 9 11 16 5 9 6
split_gain=0.246517 0.56887 0.493449 0.462564 0.494814 0.761994 0.773927 0.643184 0.581884 0.539643 0.477293 0.444687 0.442213 0.410751
threshold=185.50000000000003 179.50000000000003 176.50000000000003 172.50000000000003 176.50000000000003 10.500000000000002 108.50000000000001 2.5000000000000004 94.500000000000014 169.50000000000003 191.50000000000003 159.50000000000003 21.500000000000004 103.50000000000001
decision_type=2 2 2 2 2 2 2 2 2 2 2 2 2 2
left_child=1 2 3 4 5 6 7 -1 12 10 -7 -8 -9 -14
right_child=-2 -3 -4 -5 -6 9 11 8 -10 -11 -12 -13 13 -15
leaf_value=-0.01089491963388875 0.0085093254948704917 -0.012993836788403067 0.011474456468004811 -0.01033355603985691 0.011703717414036736 -0.012763248931821933 0.018890679746340535 -0.0034647890705342254 -0.0082265875122957115 0.0042013013442605768 0.0060809084067663076 -0.0019204331276704884 0.018325713928361891 -0.0013600777153642135
leaf_weight=5.9338925651682137 2.2361986245959988 3.9280577548779538 3.8877680599689475 6.2271822569891802 3.8344909306615582 16.539042418509787 4.9763418354123123 3.0409930894529662 2.5126162905289666 5.3583475589985019 0.94511714181862672 2.31298856002104 4.9321861627540784 2.7295638339128345
leaf_count=358 31 45 56 55 34 1513 329 172 256 80 16 36 278 59
internal_value=-0.000311588 -0.00117458 0.000458065 -0.00109924 0.000779282 -0.0010705 0.00436184 -0.00154397 0.0044928 -0.00701222 -0.0106189 0.0141925 0.00914753 0.0135449
internal_weight=69.3948 67.1586 63.2305 59.3428 53.1156 49.2811 26.4386 19.1493 13.2154 22.8425 17.4842 7.28933 10.7027 7.66175
internal_count=3318 3287 3242 3186 3131 3097 1488 1123 765 1609 1529 365 509 337
is_linear=0
shrinkage=0.05


Tree=297
num_leaves=15
num_cat=0
split_feature=10 10 8 7 12 4 8 9 8 4 7 7 14 17
split_gain=0.241879 0.501732 0.607227 1.10249 0.643476 0.60286 0.57123 0.440896 0.897109 0.776175 0.63147 0.690281 0.71763 0.457267
threshold=93.500000000000014 148.50000000000003 178.50000000000003 171.50000000000003 157.50000000000003 166.50000000000003 90.500000000000014 106.50000000000001 177.50000000000003 133.50000000000003 171.50000000000003 164.50000000000003 191.50000000000003 0.031250000000000007
decision_type=2 2 2 2 2 2 2 2 2 2 2 2 2 2
left_child=-1 6 3 4 5 -3 -2 9 10 -8 11 12 13 -9
right_child=1 2 -4 -5 -6 -7 7 8 -10 -11 -12 -13 -14 -15
leaf_value=-0.0045553321274831799 -0.0078602897617095265 -0.0070363940412643379 -0.013254608169533175 0.012395915914803587 -0.015013726526489621 0.012704416934050125 -0.0041843748003424445 0.0047432393234629958 0.016743606573704651 0.021917458635315069 -0.015140759064045771 0.012807711067306516 0.010634165679167579 -0.014981913377579627
leaf_weight=17.914786544155504 2.58853484970314 3.3561543627292902 5.1797784636728457 7.6336722159758201 5.441811950848205 2.5637939808948431 2.0463702342895003 1.3459668066352621 2.5389552495907983 5.0077296342642512 2.5661672641872419 3.8722386197186998 1.0700934408232567 6.0612521931288939
leaf_count=1516 52 236 62 100 105 44 243 17 35 92 35 44 24 713
internal_value=-0.000239035 0.00153985 -0.00335206 0.00154745 -0.00730203 0.00341544 0.00574653 0.00827199 0.0024154 0.0157506 -0.00361485 0.00245339 -0.00527315 -0.0109306
internal_weight=69.1873 51.2725 24.1752 18.9954 11.3618 5.91995 27.0973 24.5088 17.4547 7.0541 14.9157 12.3496 8.47731 7.40722
internal_count=3318 1802 547 485 385 280 1255 1203 868 335 833 798 754 730
is_linear=0
shrinkage=0.05


Tree=298
num_leaves=15
num_cat=0
split_feature=13 6 6 1 14 16 6 10 15 13 5 17 0 12
split_gain=0.237914 0.328585 0.334538 0.572338 0.800921 0.598567 0.601426 0.64319 0.469895 0.939328 0.378962 0.511512 0.361648 0.32213
threshold=20.500000000000004 21.500000000000004 94.500000000000014 1.5000000000000002 25.500000000000004 183.50000000000003 174.50000000000003 173.50000000000003 123.50000000000001 177.50000000000003 173.50000000000003 0.19034090909090912 13.500000000000002 21.500000000000004
decision_type=2 2 2 2 2 2 2 2 2 2 2 2 2 2
left_child=-1 -2 -3 10 -5 6 7 8 12 -10 11 -4 13 -6
right_child=1 2 3 4 5 -7 -8 -9 9 -11 -12 -13 -14 -15
leaf_value=-0.0084774316747456887 -0.0095811364261333305 0.0080896412172488108 -0.0050794778424335905 0.010954301802184825 0.0024487233098014326 0.0053242862292827257 0.006297999589488722 0.0056683352051187927 -0.027511958291188677 0.0013058118411694874 0.013458437703899552 0.0092739857878416376 0.0054890119918247562 -0.013038776381532727
leaf_weight=2.7924499531727625 2.0975998128924394 10.928186030017967 10.845627970556967 2.9543439606641178 2.9798330062185538 4.8486907004844388 2.0353997123893341 1.8909209379926313 6.4971343820179737 3.1724132867529988 4.6267626225017002 5.2288485431272411 2.8477182356800759 5.2012476730960771
leaf_count=131 466 1008 240 76 33 63 21 33 292 35 50 313 231 326
internal_value=-0.000194268 0.000726507 0.00173331 -0.000157509 -0.00409033 -0.00696845 -0.00987904 -0.0122139 -0.0146325 -0.0208348 0.00560035 0.00068209 -0.00439179 -0.00860866
internal_weight=68.9472 66.1547 64.0571 53.1289 32.4277 29.4734 24.6247 22.5893 20.6983 9.66955 20.7012 16.0745 11.0288 8.18108
internal_count=3318 3187 2721 1713 1110 1034 971 950 917 327 603 553 590 359
is_linear=0
shrinkage=0.05


Tree=299
num_leaves=15
num_cat=0
split_feature=7 6 16 17 8 16 5 16 7 9 9 15 5 7
split_gain=0.240463 0.887429 0.601551 0.752443 0.595986 0.56594 0.643508 0.668962 0.417693 0.416107 0.669266 0.428911 0.279818 0.474298
threshold=104.50000000000001 105.50000000000001 168.50000000000003 0.014204545454545456 117.50000000000001 176.50000000000003 168.50000000000003 185.50000000000003 183.50000000000003 25.500000000000004 22.500000000000004 179.50000000000003 176.50000000000003 158.50000000000003
decision_type=2 2 2 2 2 2 2 2 2 2 2 2 2 2
left_child=9 -2 3 -3 -5 -4 7 -7 12 10 -1 -11 13 -6
right_child=1 2 5 4 8 6 -8 -9 -10 11 -12 -13 -14 -15
leaf_value=-0.0061666450261877205 0.01434143989894923 0.0084395812029377636 0.010561036527227971 0.0037119427902059209 0.00088142226054614768 -0.016469727683405988 0.0077056794202687894 0.0033995564700575508 0.0026932872429051443 -0.014950593239933196 0.011984588252801402 0.0050401999406334492 0.0007472720225595766 -0.022557869608326342
leaf_weight=7.4367885245010275 6.0242486057177294 2.6582468450069454 9.9176714201166778 3.6646618185113793 2.1386372376291538 4.9187862325052247 5.2040635878220192 4.9187112245708704 1.7379629425704468 5.6367721147908005 3.6787555182527285 0.87640808802098025 1.6044876873493183 8.3564503337402112
leaf_count=772 348 25 154 235 416 118 63 65 14 611 257 11 11 218
internal_value=-0.000170449 0.00159439 -0.00136849 -0.00696026 -0.0106548 0.00355599 -0.00254527 -0.00873736 -0.0144349 -0.00451151 0.00169514 -0.01124 -0.0169633 -0.0190384
internal_weight=68.7727 51.1439 45.1197 20.1604 17.5022 24.9592 15.0416 9.8375 13.8375 17.6287 11.1155 6.51318 12.0996 10.4951
internal_count=3318 1667 1319 919 894 400 246 183 659 1651 1029 622 645 634
is_linear=0
shrinkage=0.05


end of trees

feature_importances:
lag2=387
day_window_max=378
lag6=358
hour=352
lag3=302
lag0=300
week_window_max=246
lag7=243
lag5=217
lag1=206
lag4=196
day_early_max=178
day=165
week=156
month=136
week_early_max=122
dow=91
threshold_headroom=45

parameters:
[boosting: gbdt]
[objective: binary]
[metric: binary_logloss]
[tree_learner: serial]
[device_type: cpu]
[data_sample_strategy: bagging]
[data: ]
[valid: ]
[num_iterations: 300]
[learning_rate: 0.05]
[num_leaves: 15]
[num_threads: 2]
[seed: 42]
[deterministic: 0]
[force_col_wise: 0]
[force_row_wise: 0]
[histogram_pool_size: -1]
[max_depth: -1]
[min_data_in_leaf: 80]
[min_sum_hessian_in_leaf: 0.001]
[bagging_fraction: 1]
[pos_bagging_fraction: 1]
[neg_bagging_fraction: 1]
[bagging_freq: 0]
[bagging_seed: 400]
[bagging_by_query: 0]
[feature_fraction: 1]
[feature_fraction_bynode: 1]
[feature_fraction_seed: 30056]
[extra_trees: 0]
[extra_seed: 12879]
[early_stopping_round: 0]
[early_stopping_min_delta: 0]
[first_metric_only: 0]
[max_delta_step: 0]
[lambda_l1: 0]
[lambda_l2: 5]
[linear_lambda: 0]
[min_gain_to_split: 0]
[drop_rate: 0.1]
[max_drop: 50]
[skip_drop: 0.5]
[xgboost_dart_mode: 0]
[uniform_drop: 0]
[drop_seed: 17869]
[top_rate: 0.2]
[other_rate: 0.1]
[min_data_per_group: 100]
[max_cat_threshold: 32]
[cat_l2: 10]
[cat_smooth: 10]
[max_cat_to_onehot: 4]
[top_k: 20]
[monotone_constraints: ]
[monotone_constraints_method: basic]
[monotone_penalty: 0]
[feature_contri: ]
[forcedsplits_filename: ]
[refit_decay_rate: 0.9]
[cegb_tradeoff: 1]
[cegb_penalty_split: 0]
[cegb_penalty_feature_lazy: ]
[cegb_penalty_feature_coupled: ]
[path_smooth: 0]
[interaction_constraints: ]
[verbosity: -1]
[saved_feature_importance_type: 0]
[use_quantized_grad: 0]
[num_grad_quant_bins: 4]
[quant_train_renew_leaf: 0]
[stochastic_rounding: 1]
[linear_tree: 0]
[max_bin: 255]
[max_bin_by_feature: ]
[min_data_in_bin: 3]
[bin_construct_sample_cnt: 200000]
[data_random_seed: 175]
[is_enable_sparse: 1]
[enable_bundle: 1]
[use_missing: 1]
[zero_as_missing: 0]
[feature_pre_filter: 1]
[pre_partition: 0]
[two_round: 0]
[header: 0]
[label_column: ]
[weight_column: ]
[group_column: ]
[ignore_column: ]
[categorical_feature: ]
[forcedbins_filename: ]
[precise_float_parser: 0]
[parser_config_file: ]
[objective_seed: 16083]
[num_class: 1]
[is_unbalance: 0]
[scale_pos_weight: 1]
[sigmoid: 1]
[boost_from_average: 1]
[reg_sqrt: 0]
[alpha: 0.9]
[fair_c: 1]
[poisson_max_delta_step: 0.7]
[tweedie_variance_power: 1.5]
[lambdarank_truncation_level: 30]
[lambdarank_norm: 1]
[label_gain: ]
[lambdarank_position_bias_regularization: 0]
[eval_at: ]
[multi_error_top_k: 1]
[auc_mu_weights: ]
[num_machines: 1]
[local_listen_port: 12400]
[time_out: 120]
[machine_list_filename: ]
[machines: ]
[gpu_platform_id: -1]
[gpu_device_id: -1]
[gpu_device_id_list: ]
[gpu_use_dp: 0]
[num_gpu: 1]

end of parameters

pandas_categorical:[]
