date,origin,interval_start,interval_end,pattern,slot,hour,y,actual_production,actual_temp,actual_personnel,holiday,dow,pred,seen_pattern,threshold,fold,model,features
2021-07-01,2021-06-30 16:00:00,2021-07-01 00:00:00,2021-07-01 00:15:00,0c297c9204cf8e76cdb827bce0d4d59e67c26753d065f39c103e7d8ad2596be3,0,0,69.0,76,19.9,0.279411765,0,3,57.45534072972905,False,176.0,2021-07,LGB_medium,F2
2021-07-01,2021-06-30 16:00:00,2021-07-01 00:15:00,2021-07-01 00:30:00,0c297c9204cf8e76cdb827bce0d4d59e67c26753d065f39c103e7d8ad2596be3,1,0,69.0,76,19.9,0.279411765,0,3,56.155824962145374,False,176.0,2021-07,LGB_medium,F2
2021-07-01,2021-06-30 16:00:00,2021-07-01 00:30:00,2021-07-01 00:45:00,0c297c9204cf8e76cdb827bce0d4d59e67c26753d065f39c103e7d8ad2596be3,2,0,67.0,76,19.9,0.279411765,0,3,55.963264510524475,False,176.0,2021-07,LGB_medium,F2
2021-07-01,2021-06-30 16:00:00,2021-07-01 00:45:00,2021-07-01 01:00:00,0c297c9204cf8e76cdb827bce0d4d59e67c26753d065f39c103e7d8ad2596be3,3,0,67.0,76,19.9,0.279411765,0,3,56.394142224309284,False,176.0,2021-07,LGB_medium,F2
2021-07-01,2021-06-30 16:00:00,2021-07-01 01:00:00,2021-07-01 01:15:00,0c297c9204cf8e76cdb827bce0d4d59e67c26753d065f39c103e7d8ad2596be3,4,1,90.0,44,19.6,0.106024096,0,3,41.154922518707025,False,176.0,2021-07,LGB_medium,F2
2021-07-01,2021-06-30 16:00:00,2021-07-01 01:15:00,2021-07-01 01:30:00,0c297c9204cf8e76cdb827bce0d4d59e67c26753d065f39c103e7d8ad2596be3,5,1,100.0,44,19.6,0.106024096,0,3,44.10755676092417,False,176.0,2021-07,LGB_medium,F2
2021-07-01,2021-06-30 16:00:00,2021-07-01 01:30:00,2021-07-01 01:45:00,0c297c9204cf8e76cdb827bce0d4d59e67c26753d065f39c103e7d8ad2596be3,6,1,110.0,44,19.6,0.106024096,0,3,48.95651317431408,False,176.0,2021-07,LGB_medium,F2
2021-07-01,2021-06-30 16:00:00,2021-07-01 01:45:00,2021-07-01 02:00:00,0c297c9204cf8e76cdb827bce0d4d59e67c26753d065f39c103e7d8ad2596be3,7,1,115.0,44,19.6,0.106024096,0,3,48.69904246124771,False,176.0,2021-07,LGB_medium,F2
2021-07-01,2021-06-30 16:00:00,2021-07-01 02:00:00,2021-07-01 02:15:00,0c297c9204cf8e76cdb827bce0d4d59e67c26753d065f39c103e7d8ad2596be3,8,2,116.0,240,19.3,0.530973451,0,3,48.62478768938371,False,176.0,2021-07,LGB_medium,F2
2021-07-01,2021-06-30 16:00:00,2021-07-01 02:15:00,2021-07-01 02:30:00,0c297c9204cf8e76cdb827bce0d4d59e67c26753d065f39c103e7d8ad2596be3,9,2,113.0,240,19.3,0.530973451,0,3,49.023859462237404,False,176.0,2021-07,LGB_medium,F2
2021-07-01,2021-06-30 16:00:00,2021-07-01 02:30:00,2021-07-01 02:45:00,0c297c9204cf8e76cdb827bce0d4d59e67c26753d065f39c103e7d8ad2596be3,10,2,111.0,240,19.3,0.530973451,0,3,47.5308654885943,False,176.0,2021-07,LGB_medium,F2
2021-07-01,2021-06-30 16:00:00,2021-07-01 02:45:00,2021-07-01 03:00:00,0c297c9204cf8e76cdb827bce0d4d59e67c26753d065f39c103e7d8ad2596be3,11,2,112.0,240,19.3,0.530973451,0,3,46.233301933057135,False,176.0,2021-07,LGB_medium,F2
2021-07-01,2021-06-30 16:00:00,2021-07-01 03:00:00,2021-07-01 03:15:00,0c297c9204cf8e76cdb827bce0d4d59e67c26753d065f39c103e7d8ad2596be3,12,3,95.0,402,19.3,0.941451991,0,3,47.44013871740648,False,176.0,2021-07,LGB_medium,F2
2021-07-01,2021-06-30 16:00:00,2021-07-01 03:15:00,2021-07-01 03:30:00,0c297c9204cf8e76cdb827bce0d4d59e67c26753d065f39c103e7d8ad2596be3,13,3,109.0,402,19.3,0.941451991,0,3,49.37671021847535,False,176.0,2021-07,LGB_medium,F2
2021-07-01,2021-06-30 16:00:00,2021-07-01 03:30:00,2021-07-01 03:45:00,0c297c9204cf8e76cdb827bce0d4d59e67c26753d065f39c103e7d8ad2596be3,14,3,112.0,402,19.3,0.941451991,0,3,49.06580059921665,False,176.0,2021-07,LGB_medium,F2
2021-07-01,2021-06-30 16:00:00,2021-07-01 03:45:00,2021-07-01 04:00:00,0c297c9204cf8e76cdb827bce0d4d59e67c26753d065f39c103e7d8ad2596be3,15,3,111.0,402,19.3,0.941451991,0,3,49.05139602934598,False,176.0,2021-07,LGB_medium,F2
2021-07-01,2021-06-30 16:00:00,2021-07-01 04:00:00,2021-07-01 04:15:00,0c297c9204cf8e76cdb827bce0d4d59e67c26753d065f39c103e7d8ad2596be3,16,4,111.0,185,19.5,0.446859903,0,3,49.2673330202064,False,176.0,2021-07,LGB_medium,F2
2021-07-01,2021-06-30 16:00:00,2021-07-01 04:15:00,2021-07-01 04:30:00,0c297c9204cf8e76cdb827bce0d4d59e67c26753d065f39c103e7d8ad2596be3,17,4,106.0,185,19.5,0.446859903,0,3,48.22430150943976,False,176.0,2021-07,LGB_medium,F2
2021-07-01,2021-06-30 16:00:00,2021-07-01 04:30:00,2021-07-01 04:45:00,0c297c9204cf8e76cdb827bce0d4d59e67c26753d065f39c103e7d8ad2596be3,18,4,97.0,185,19.5,0.446859903,0,3,48.74081643901519,False,176.0,2021-07,LGB_medium,F2
2021-07-01,2021-06-30 16:00:00,2021-07-01 04:45:00,2021-07-01 05:00:00,0c297c9204cf8e76cdb827bce0d4d59e67c26753d065f39c103e7d8ad2596be3,19,4,100.0,185,19.5,0.446859903,0,3,47.66559980978144,False,176.0,2021-07,LGB_medium,F2
2021-07-01,2021-06-30 16:00:00,2021-07-01 05:00:00,2021-07-01 05:15:00,0c297c9204cf8e76cdb827bce0d4d59e67c26753d065f39c103e7d8ad2596be3,20,5,82.0,174,20.0,0.467741935,0,3,50.633088301031464,False,176.0,2021-07,LGB_medium,F2
2021-07-01,2021-06-30 16:00:00,2021-07-01 05:15:00,2021-07-01 05:30:00,0c297c9204cf8e76cdb827bce0d4d59e67c26753d065f39c103e7d8ad2596be3,21,5,77.0,174,20.0,0.467741935,0,3,74.47846868837739,False,176.0,2021-07,LGB_medium,F2
2021-07-01,2021-06-30 16:00:00,2021-07-01 05:30:00,2021-07-01 05:45:00,0c297c9204cf8e76cdb827bce0d4d59e67c26753d065f39c103e7d8ad2596be3,22,5,99.0,174,20.0,0.467741935,0,3,43.32637128862778,False,176.0,2021-07,LGB_medium,F2
2021-07-01,2021-06-30 16:00:00,2021-07-01 05:45:00,2021-07-01 06:00:00,0c297c9204cf8e76cdb827bce0d4d59e67c26753d065f39c103e7d8ad2596be3,23,5,114.0,174,20.0,0.467741935,0,3,48.94985837681574,False,176.0,2021-07,LGB_medium,F2
2021-07-01,2021-06-30 16:00:00,2021-07-01 06:00:00,2021-07-01 06:15:00,0c297c9204cf8e76cdb827bce0d4d59e67c26753d065f39c103e7d8ad2596be3,24,6,110.0,23,21.1,0.052154195,0,3,48.98953790499685,False,176.0,2021-07,LGB_medium,F2
2021-07-01,2021-06-30 16:00:00,2021-07-01 06:15:00,2021-07-01 06:30:00,0c297c9204cf8e76cdb827bce0d4d59e67c26753d065f39c103e7d8ad2596be3,25,6,104.0,23,21.1,0.052154195,0,3,48.25605041863396,False,176.0,2021-07,LGB_medium,F2
2021-07-01,2021-06-30 16:00:00,2021-07-01 06:30:00,2021-07-01 06:45:00,0c297c9204cf8e76cdb827bce0d4d59e67c26753d065f39c103e7d8ad2596be3,26,6,115.0,23,21.1,0.052154195,0,3,48.98404063937029,False,176.0,2021-07,LGB_medium,F2
2021-07-01,2021-06-30 16:00:00,2021-07-01 06:45:00,2021-07-01 07:00:00,0c297c9204cf8e76cdb827bce0d4d59e67c26753d065f39c103e7d8ad2596be3,27,6,112.0,23,21.1,0.052154195,0,3,48.76827955364062,False,176.0,2021-07,LGB_medium,F2
2021-07-01,2021-06-30 16:00:00,2021-07-01 07:00:00,2021-07-01 07:15:00,0c297c9204cf8e76cdb827bce0d4d59e67c26753d065f39c103e7d8ad2596be3,28,7,105.0,752,22.9,1.457364341,0,3,48.00484844250427,False,176.0,2021-07,LGB_medium,F2
2021-07-01,2021-06-30 16:00:00,2021-07-01 07:15:00,2021-07-01 07:30:00,0c297c9204cf8e76cdb827bce0d4d59e67c26753d065f39c103e7d8ad2596be3,29,7,125.0,752,22.9,1.457364341,0,3,50.672403223498,False,176.0,2021-07,LGB_medium,F2
2021-07-01,2021-06-30 16:00:00,2021-07-01 07:30:00,2021-07-01 07:45:00,0c297c9204cf8e76cdb827bce0d4d59e67c26753d065f39c103e7d8ad2596be3,30,7,148.0,752,22.9,1.457364341,0,3,85.20584793281115,False,176.0,2021-07,LGB_medium,F2
2021-07-01,2021-06-30 16:00:00,2021-07-01 07:45:00,2021-07-01 08:00:00,0c297c9204cf8e76cdb827bce0d4d59e67c26753d065f39c103e7d8ad2596be3,31,7,138.0,752,22.9,1.457364341,0,3,84.8411438625177,False,176.0,2021-07,LGB_medium,F2
2021-07-01,2021-06-30 16:00:00,2021-07-01 08:00:00,2021-07-01 08:15:00,0c297c9204cf8e76cdb827bce0d4d59e67c26753d065f39c103e7d8ad2596be3,32,8,163.0,676,23.8,0.929848693,0,3,85.40416740851629,False,176.0,2021-07,LGB_medium,F2
2021-07-01,2021-06-30 16:00:00,2021-07-01 08:15:00,2021-07-01 08:30:00,0c297c9204cf8e76cdb827bce0d4d59e67c26753d065f39c103e7d8ad2596be3,33,8,180.0,676,23.8,0.929848693,0,3,92.83532415166033,False,176.0,2021-07,LGB_medium,F2
2021-07-01,2021-06-30 16:00:00,2021-07-01 08:30:00,2021-07-01 08:45:00,0c297c9204cf8e76cdb827bce0d4d59e67c26753d065f39c103e7d8ad2596be3,34,8,190.0,676,23.8,0.929848693,0,3,92.83532415166033,False,176.0,2021-07,LGB_medium,F2
2021-07-01,2021-06-30 16:00:00,2021-07-01 08:45:00,2021-07-01 09:00:00,0c297c9204cf8e76cdb827bce0d4d59e67c26753d065f39c103e7d8ad2596be3,35,8,194.0,676,23.8,0.929848693,0,3,92.70551470352855,False,176.0,2021-07,LGB_medium,F2
2021-07-01,2021-06-30 16:00:00,2021-07-01 09:00:00,2021-07-01 09:15:00,0c297c9204cf8e76cdb827bce0d4d59e67c26753d065f39c103e7d8ad2596be3,36,9,171.0,1028,24.4,1.443820225,0,3,87.25893450096603,False,176.0,2021-07,LGB_medium,F2
2021-07-01,2021-06-30 16:00:00,2021-07-01 09:15:00,2021-07-01 09:30:00,0c297c9204cf8e76cdb827bce0d4d59e67c26753d065f39c103e7d8ad2596be3,37,9,184.0,1028,24.4,1.443820225,0,3,89.09026602031913,False,176.0,2021-07,LGB_medium,F2
2021-07-01,2021-06-30 16:00:00,2021-07-01 09:30:00,2021-07-01 09:45:00,0c297c9204cf8e76cdb827bce0d4d59e67c26753d065f39c103e7d8ad2596be3,38,9,183.0,1028,24.4,1.443820225,0,3,86.8013156783204,False,176.0,2021-07,LGB_medium,F2
2021-07-01,2021-06-30 16:00:00,2021-07-01 09:45:00,2021-07-01 10:00:00,0c297c9204cf8e76cdb827bce0d4d59e67c26753d065f39c103e7d8ad2596be3,39,9,174.0,1028,24.4,1.443820225,0,3,87.61779737378394,False,176.0,2021-07,LGB_medium,F2
2021-07-01,2021-06-30 16:00:00,2021-07-01 10:00:00,2021-07-01 10:15:00,0c297c9204cf8e76cdb827bce0d4d59e67c26753d065f39c103e7d8ad2596be3,40,10,147.0,2373,26.0,3.459183673,0,3,62.428579590818174,False,176.0,2021-07,LGB_medium,F2
2021-07-01,2021-06-30 16:00:00,2021-07-01 10:15:00,2021-07-01 10:30:00,0c297c9204cf8e76cdb827bce0d4d59e67c26753d065f39c103e7d8ad2596be3,41,10,179.0,2373,26.0,3.459183673,0,3,86.16216900250654,False,176.0,2021-07,LGB_medium,F2
2021-07-01,2021-06-30 16:00:00,2021-07-01 10:30:00,2021-07-01 10:45:00,0c297c9204cf8e76cdb827bce0d4d59e67c26753d065f39c103e7d8ad2596be3,42,10,185.0,2373,26.0,3.459183673,0,3,90.7933344277025,False,176.0,2021-07,LGB_medium,F2
2021-07-01,2021-06-30 16:00:00,2021-07-01 10:45:00,2021-07-01 11:00:00,0c297c9204cf8e76cdb827bce0d4d59e67c26753d065f39c103e7d8ad2596be3,43,10,175.0,2373,26.0,3.459183673,0,3,88.85940961833039,False,176.0,2021-07,LGB_medium,F2
2021-07-01,2021-06-30 16:00:00,2021-07-01 11:00:00,2021-07-01 11:15:00,0c297c9204cf8e76cdb827bce0d4d59e67c26753d065f39c103e7d8ad2596be3,44,11,190.0,992,25.8,1.319148936,0,3,89.71325231709845,False,176.0,2021-07,LGB_medium,F2
2021-07-01,2021-06-30 16:00:00,2021-07-01 11:15:00,2021-07-01 11:30:00,0c297c9204cf8e76cdb827bce0d4d59e67c26753d065f39c103e7d8ad2596be3,45,11,188.0,992,25.8,1.319148936,0,3,90.96063814563172,False,176.0,2021-07,LGB_medium,F2
2021-07-01,2021-06-30 16:00:00,2021-07-01 11:30:00,2021-07-01 11:45:00,0c297c9204cf8e76cdb827bce0d4d59e67c26753d065f39c103e7d8ad2596be3,46,11,187.0,992,25.8,1.319148936,0,3,85.70929764397982,False,176.0,2021-07,LGB_medium,F2
2021-07-01,2021-06-30 16:00:00,2021-07-01 11:45:00,2021-07-01 12:00:00,0c297c9204cf8e76cdb827bce0d4d59e67c26753d065f39c103e7d8ad2596be3,47,11,187.0,992,25.8,1.319148936,0,3,84.53439599859779,False,176.0,2021-07,LGB_medium,F2
2021-07-01,2021-06-30 16:00:00,2021-07-01 12:00:00,2021-07-01 12:15:00,0c297c9204cf8e76cdb827bce0d4d59e67c26753d065f39c103e7d8ad2596be3,48,12,115.0,340,27.3,0.764044944,0,3,40.61339924985132,False,176.0,2021-07,LGB_medium,F2
2021-07-01,2021-06-30 16:00:00,2021-07-01 12:15:00,2021-07-01 12:30:00,0c297c9204cf8e76cdb827bce0d4d59e67c26753d065f39c103e7d8ad2596be3,49,12,105.0,340,27.3,0.764044944,0,3,49.735342421232424,False,176.0,2021-07,LGB_medium,F2
2021-07-01,2021-06-30 16:00:00,2021-07-01 12:30:00,2021-07-01 12:45:00,0c297c9204cf8e76cdb827bce0d4d59e67c26753d065f39c103e7d8ad2596be3,50,12,110.0,340,27.3,0.764044944,0,3,36.66459610507695,False,176.0,2021-07,LGB_medium,F2
2021-07-01,2021-06-30 16:00:00,2021-07-01 12:45:00,2021-07-01 13:00:00,0c297c9204cf8e76cdb827bce0d4d59e67c26753d065f39c103e7d8ad2596be3,51,12,115.0,340,27.3,0.764044944,0,3,45.878905721270726,False,176.0,2021-07,LGB_medium,F2
2021-07-01,2021-06-30 16:00:00,2021-07-01 13:00:00,2021-07-01 13:15:00,0c297c9204cf8e76cdb827bce0d4d59e67c26753d065f39c103e7d8ad2596be3,52,13,163.0,474,26.4,0.624505929,0,3,84.30632790196638,False,176.0,2021-07,LGB_medium,F2
2021-07-01,2021-06-30 16:00:00,2021-07-01 13:15:00,2021-07-01 13:30:00,0c297c9204cf8e76cdb827bce0d4d59e67c26753d065f39c103e7d8ad2596be3,53,13,196.0,474,26.4,0.624505929,0,3,89.33806029850831,False,176.0,2021-07,LGB_medium,F2
2021-07-01,2021-06-30 16:00:00,2021-07-01 13:30:00,2021-07-01 13:45:00,0c297c9204cf8e76cdb827bce0d4d59e67c26753d065f39c103e7d8ad2596be3,54,13,194.0,474,26.4,0.624505929,0,3,93.93916586902338,False,176.0,2021-07,LGB_medium,F2
2021-07-01,2021-06-30 16:00:00,2021-07-01 13:45:00,2021-07-01 14:00:00,0c297c9204cf8e76cdb827bce0d4d59e67c26753d065f39c103e7d8ad2596be3,55,13,206.0,474,26.4,0.624505929,0,3,87.78441629450798,False,176.0,2021-07,LGB_medium,F2
2021-07-01,2021-06-30 16:00:00,2021-07-01 14:00:00,2021-07-01 14:15:00,0c297c9204cf8e76cdb827bce0d4d59e67c26753d065f39c103e7d8ad2596be3,56,14,191.0,3036,27.1,4.069705094,0,3,83.70495116970127,False,176.0,2021-07,LGB_medium,F2
2021-07-01,2021-06-30 16:00:00,2021-07-01 14:15:00,2021-07-01 14:30:00,0c297c9204cf8e76cdb827bce0d4d59e67c26753d065f39c103e7d8ad2596be3,57,14,192.0,3036,27.1,4.069705094,0,3,86.32626306113498,False,176.0,2021-07,LGB_medium,F2
2021-07-01,2021-06-30 16:00:00,2021-07-01 14:30:00,2021-07-01 14:45:00,0c297c9204cf8e76cdb827bce0d4d59e67c26753d065f39c103e7d8ad2596be3,58,14,190.0,3036,27.1,4.069705094,0,3,84.54658364817917,False,176.0,2021-07,LGB_medium,F2
2021-07-01,2021-06-30 16:00:00,2021-07-01 14:45:00,2021-07-01 15:00:00,0c297c9204cf8e76cdb827bce0d4d59e67c26753d065f39c103e7d8ad2596be3,59,14,173.0,3036,27.1,4.069705094,0,3,86.33582163073056,False,176.0,2021-07,LGB_medium,F2
2021-07-01,2021-06-30 16:00:00,2021-07-01 15:00:00,2021-07-01 15:15:00,0c297c9204cf8e76cdb827bce0d4d59e67c26753d065f39c103e7d8ad2596be3,60,15,135.0,354,26.4,0.540458015,0,3,65.12615442712716,False,176.0,2021-07,LGB_medium,F2
2021-07-01,2021-06-30 16:00:00,2021-07-01 15:15:00,2021-07-01 15:30:00,0c297c9204cf8e76cdb827bce0d4d59e67c26753d065f39c103e7d8ad2596be3,61,15,144.0,354,26.4,0.540458015,0,3,80.03660292608194,False,176.0,2021-07,LGB_medium,F2
2021-07-01,2021-06-30 16:00:00,2021-07-01 15:30:00,2021-07-01 15:45:00,0c297c9204cf8e76cdb827bce0d4d59e67c26753d065f39c103e7d8ad2596be3,62,15,179.0,354,26.4,0.540458015,0,3,86.68367997094334,False,176.0,2021-07,LGB_medium,F2
2021-07-01,2021-06-30 16:00:00,2021-07-01 15:45:00,2021-07-01 16:00:00,0c297c9204cf8e76cdb827bce0d4d59e67c26753d065f39c103e7d8ad2596be3,63,15,197.0,354,26.4,0.540458015,0,3,84.27287746507801,False,176.0,2021-07,LGB_medium,F2
2021-07-01,2021-06-30 16:00:00,2021-07-01 16:00:00,2021-07-01 16:15:00,0c297c9204cf8e76cdb827bce0d4d59e67c26753d065f39c103e7d8ad2596be3,64,16,188.0,1794,25.1,2.642120766,0,3,81.46321785893566,False,176.0,2021-07,LGB_medium,F2
2021-07-01,2021-06-30 16:00:00,2021-07-01 16:15:00,2021-07-01 16:30:00,0c297c9204cf8e76cdb827bce0d4d59e67c26753d065f39c103e7d8ad2596be3,65,16,165.0,1794,25.1,2.642120766,0,3,83.5525115762451,False,176.0,2021-07,LGB_medium,F2
2021-07-01,2021-06-30 16:00:00,2021-07-01 16:30:00,2021-07-01 16:45:00,0c297c9204cf8e76cdb827bce0d4d59e67c26753d065f39c103e7d8ad2596be3,66,16,163.0,1794,25.1,2.642120766,0,3,81.5888120544817,False,176.0,2021-07,LGB_medium,F2
2021-07-01,2021-06-30 16:00:00,2021-07-01 16:45:00,2021-07-01 17:00:00,0c297c9204cf8e76cdb827bce0d4d59e67c26753d065f39c103e7d8ad2596be3,67,16,163.0,1794,25.1,2.642120766,0,3,80.98339601993942,False,176.0,2021-07,LGB_medium,F2
2021-07-01,2021-06-30 16:00:00,2021-07-01 17:00:00,2021-07-01 17:15:00,0c297c9204cf8e76cdb827bce0d4d59e67c26753d065f39c103e7d8ad2596be3,68,17,126.0,1125,24.6,2.091078067,0,3,47.05632773810141,False,176.0,2021-07,LGB_medium,F2
2021-07-01,2021-06-30 16:00:00,2021-07-01 17:15:00,2021-07-01 17:30:00,0c297c9204cf8e76cdb827bce0d4d59e67c26753d065f39c103e7d8ad2596be3,69,17,106.0,1125,24.6,2.091078067,0,3,47.64237576220459,False,176.0,2021-07,LGB_medium,F2
2021-07-01,2021-06-30 16:00:00,2021-07-01 17:30:00,2021-07-01 17:45:00,0c297c9204cf8e76cdb827bce0d4d59e67c26753d065f39c103e7d8ad2596be3,70,17,146.0,1125,24.6,2.091078067,0,3,86.62689966481068,False,176.0,2021-07,LGB_medium,F2
2021-07-01,2021-06-30 16:00:00,2021-07-01 17:45:00,2021-07-01 18:00:00,0c297c9204cf8e76cdb827bce0d4d59e67c26753d065f39c103e7d8ad2596be3,71,17,160.0,1125,24.6,2.091078067,0,3,85.73557346641563,False,176.0,2021-07,LGB_medium,F2
2021-07-01,2021-06-30 16:00:00,2021-07-01 18:00:00,2021-07-01 18:15:00,0c297c9204cf8e76cdb827bce0d4d59e67c26753d065f39c103e7d8ad2596be3,72,18,164.0,1767,23.8,2.818181818,0,3,81.23936894070454,False,176.0,2021-07,LGB_medium,F2
2021-07-01,2021-06-30 16:00:00,2021-07-01 18:15:00,2021-07-01 18:30:00,0c297c9204cf8e76cdb827bce0d4d59e67c26753d065f39c103e7d8ad2596be3,73,18,164.0,1767,23.8,2.818181818,0,3,81.09837124590287,False,176.0,2021-07,LGB_medium,F2
2021-07-01,2021-06-30 16:00:00,2021-07-01 18:30:00,2021-07-01 18:45:00,0c297c9204cf8e76cdb827bce0d4d59e67c26753d065f39c103e7d8ad2596be3,74,18,143.0,1767,23.8,2.818181818,0,3,76.11077650105364,False,176.0,2021-07,LGB_medium,F2
2021-07-01,2021-06-30 16:00:00,2021-07-01 18:45:00,2021-07-01 19:00:00,0c297c9204cf8e76cdb827bce0d4d59e67c26753d065f39c103e7d8ad2596be3,75,18,156.0,1767,23.8,2.818181818,0,3,81.08944132719297,False,176.0,2021-07,LGB_medium,F2
2021-07-01,2021-06-30 16:00:00,2021-07-01 19:00:00,2021-07-01 19:15:00,0c297c9204cf8e76cdb827bce0d4d59e67c26753d065f39c103e7d8ad2596be3,76,19,163.0,2064,22.9,3.160796325,0,3,84.28989497915316,False,176.0,2021-07,LGB_medium,F2
2021-07-01,2021-06-30 16:00:00,2021-07-01 19:15:00,2021-07-01 19:30:00,0c297c9204cf8e76cdb827bce0d4d59e67c26753d065f39c103e7d8ad2596be3,77,19,171.0,2064,22.9,3.160796325,0,3,81.84187354415289,False,176.0,2021-07,LGB_medium,F2
2021-07-01,2021-06-30 16:00:00,2021-07-01 19:30:00,2021-07-01 19:45:00,0c297c9204cf8e76cdb827bce0d4d59e67c26753d065f39c103e7d8ad2596be3,78,19,165.0,2064,22.9,3.160796325,0,3,79.42640939933545,False,176.0,2021-07,LGB_medium,F2
2021-07-01,2021-06-30 16:00:00,2021-07-01 19:45:00,2021-07-01 20:00:00,0c297c9204cf8e76cdb827bce0d4d59e67c26753d065f39c103e7d8ad2596be3,79,19,154.0,2064,22.9,3.160796325,0,3,87.00005859270766,False,176.0,2021-07,LGB_medium,F2
2021-07-01,2021-06-30 16:00:00,2021-07-01 20:00:00,2021-07-01 20:15:00,0c297c9204cf8e76cdb827bce0d4d59e67c26753d065f39c103e7d8ad2596be3,80,20,137.0,6,22.2,0.010582011,0,3,46.167428700820174,False,176.0,2021-07,LGB_medium,F2
2021-07-01,2021-06-30 16:00:00,2021-07-01 20:15:00,2021-07-01 20:30:00,0c297c9204cf8e76cdb827bce0d4d59e67c26753d065f39c103e7d8ad2596be3,81,20,143.0,6,22.2,0.010582011,0,3,59.07540006821915,False,176.0,2021-07,LGB_medium,F2
2021-07-01,2021-06-30 16:00:00,2021-07-01 20:30:00,2021-07-01 20:45:00,0c297c9204cf8e76cdb827bce0d4d59e67c26753d065f39c103e7d8ad2596be3,82,20,147.0,6,22.2,0.010582011,0,3,76.53437038386608,False,176.0,2021-07,LGB_medium,F2
2021-07-01,2021-06-30 16:00:00,2021-07-01 20:45:00,2021-07-01 21:00:00,0c297c9204cf8e76cdb827bce0d4d59e67c26753d065f39c103e7d8ad2596be3,83,20,140.0,6,22.2,0.010582011,0,3,65.91112687004414,False,176.0,2021-07,LGB_medium,F2
2021-07-01,2021-06-30 16:00:00,2021-07-01 21:00:00,2021-07-01 21:15:00,0c297c9204cf8e76cdb827bce0d4d59e67c26753d065f39c103e7d8ad2596be3,84,21,139.0,66,21.2,0.11827957,0,3,66.13609885391703,False,176.0,2021-07,LGB_medium,F2
2021-07-01,2021-06-30 16:00:00,2021-07-01 21:15:00,2021-07-01 21:30:00,0c297c9204cf8e76cdb827bce0d4d59e67c26753d065f39c103e7d8ad2596be3,85,21,141.0,66,21.2,0.11827957,0,3,64.92634567151606,False,176.0,2021-07,LGB_medium,F2
2021-07-01,2021-06-30 16:00:00,2021-07-01 21:30:00,2021-07-01 21:45:00,0c297c9204cf8e76cdb827bce0d4d59e67c26753d065f39c103e7d8ad2596be3,86,21,138.0,66,21.2,0.11827957,0,3,49.54629008951435,False,176.0,2021-07,LGB_medium,F2
2021-07-01,2021-06-30 16:00:00,2021-07-01 21:45:00,2021-07-01 22:00:00,0c297c9204cf8e76cdb827bce0d4d59e67c26753d065f39c103e7d8ad2596be3,87,21,140.0,66,21.2,0.11827957,0,3,49.92956811200567,False,176.0,2021-07,LGB_medium,F2
2021-07-01,2021-06-30 16:00:00,2021-07-01 22:00:00,2021-07-01 22:15:00,0c297c9204cf8e76cdb827bce0d4d59e67c26753d065f39c103e7d8ad2596be3,88,22,113.0,244,20.8,0.511530398,0,3,49.1505052824726,False,176.0,2021-07,LGB_medium,F2
2021-07-01,2021-06-30 16:00:00,2021-07-01 22:15:00,2021-07-01 22:30:00,0c297c9204cf8e76cdb827bce0d4d59e67c26753d065f39c103e7d8ad2596be3,89,22,121.0,244,20.8,0.511530398,0,3,49.94800850257697,False,176.0,2021-07,LGB_medium,F2
2021-07-01,2021-06-30 16:00:00,2021-07-01 22:30:00,2021-07-01 22:45:00,0c297c9204cf8e76cdb827bce0d4d59e67c26753d065f39c103e7d8ad2596be3,90,22,122.0,244,20.8,0.511530398,0,3,50.534017401517914,False,176.0,2021-07,LGB_medium,F2
2021-07-01,2021-06-30 16:00:00,2021-07-01 22:45:00,2021-07-01 23:00:00,0c297c9204cf8e76cdb827bce0d4d59e67c26753d065f39c103e7d8ad2596be3,91,22,121.0,244,20.8,0.511530398,0,3,49.17038453016774,False,176.0,2021-07,LGB_medium,F2
2021-07-01,2021-06-30 16:00:00,2021-07-01 23:00:00,2021-07-01 23:15:00,0c297c9204cf8e76cdb827bce0d4d59e67c26753d065f39c103e7d8ad2596be3,92,23,124.0,118,20.9,0.272517321,0,3,46.83963219334426,False,176.0,2021-07,LGB_medium,F2
2021-07-01,2021-06-30 16:00:00,2021-07-01 23:15:00,2021-07-01 23:30:00,0c297c9204cf8e76cdb827bce0d4d59e67c26753d065f39c103e7d8ad2596be3,93,23,120.0,118,20.9,0.272517321,0,3,47.08839993354249,False,176.0,2021-07,LGB_medium,F2
2021-07-01,2021-06-30 16:00:00,2021-07-01 23:30:00,2021-07-01 23:45:00,0c297c9204cf8e76cdb827bce0d4d59e67c26753d065f39c103e7d8ad2596be3,94,23,110.0,118,20.9,0.272517321,0,3,44.2456227005889,False,176.0,2021-07,LGB_medium,F2
2021-07-01,2021-06-30 16:00:00,2021-07-01 23:45:00,2021-07-02 00:00:00,0c297c9204cf8e76cdb827bce0d4d59e67c26753d065f39c103e7d8ad2596be3,95,23,79.0,118,20.9,0.272517321,0,3,61.1479849419323,False,176.0,2021-07,LGB_medium,F2
2021-07-02,2021-07-01 16:00:00,2021-07-02 00:00:00,2021-07-02 00:15:00,202457aff9fea5431fe7335873a525d3ddda188bb73e93aabfe8c4da1188c052,0,0,69.0,0,21.5,0.0,0,4,71.7973604525111,False,176.0,2021-07,LGB_medium,F2
2021-07-02,2021-07-01 16:00:00,2021-07-02 00:15:00,2021-07-02 00:30:00,202457aff9fea5431fe7335873a525d3ddda188bb73e93aabfe8c4da1188c052,1,0,68.0,0,21.5,0.0,0,4,68.17456722240347,False,176.0,2021-07,LGB_medium,F2
2021-07-02,2021-07-01 16:00:00,2021-07-02 00:30:00,2021-07-02 00:45:00,202457aff9fea5431fe7335873a525d3ddda188bb73e93aabfe8c4da1188c052,2,0,68.0,0,21.5,0.0,0,4,66.25591083436498,False,176.0,2021-07,LGB_medium,F2
2021-07-02,2021-07-01 16:00:00,2021-07-02 00:45:00,2021-07-02 01:00:00,202457aff9fea5431fe7335873a525d3ddda188bb73e93aabfe8c4da1188c052,3,0,68.0,0,21.5,0.0,0,4,65.76960026487589,False,176.0,2021-07,LGB_medium,F2
2021-07-02,2021-07-01 16:00:00,2021-07-02 01:00:00,2021-07-02 01:15:00,202457aff9fea5431fe7335873a525d3ddda188bb73e93aabfe8c4da1188c052,4,1,97.0,309,20.8,0.727058824,0,4,49.06867635815918,False,176.0,2021-07,LGB_medium,F2
2021-07-02,2021-07-01 16:00:00,2021-07-02 01:15:00,2021-07-02 01:30:00,202457aff9fea5431fe7335873a525d3ddda188bb73e93aabfe8c4da1188c052,5,1,104.0,309,20.8,0.727058824,0,4,56.82380590257428,False,176.0,2021-07,LGB_medium,F2
2021-07-02,2021-07-01 16:00:00,2021-07-02 01:30:00,2021-07-02 01:45:00,202457aff9fea5431fe7335873a525d3ddda188bb73e93aabfe8c4da1188c052,6,1,109.0,309,20.8,0.727058824,0,4,59.72005012506511,False,176.0,2021-07,LGB_medium,F2
2021-07-02,2021-07-01 16:00:00,2021-07-02 01:45:00,2021-07-02 02:00:00,202457aff9fea5431fe7335873a525d3ddda188bb73e93aabfe8c4da1188c052,7,1,115.0,309,20.8,0.727058824,0,4,59.340730771503424,False,176.0,2021-07,LGB_medium,F2
2021-07-02,2021-07-01 16:00:00,2021-07-02 02:00:00,2021-07-02 02:15:00,202457aff9fea5431fe7335873a525d3ddda188bb73e93aabfe8c4da1188c052,8,2,115.0,15,19.9,0.032327586,0,4,59.177339167725634,False,176.0,2021-07,LGB_medium,F2
2021-07-02,2021-07-01 16:00:00,2021-07-02 02:15:00,2021-07-02 02:30:00,202457aff9fea5431fe7335873a525d3ddda188bb73e93aabfe8c4da1188c052,9,2,121.0,15,19.9,0.032327586,0,4,59.177339167725634,False,176.0,2021-07,LGB_medium,F2
2021-07-02,2021-07-01 16:00:00,2021-07-02 02:30:00,2021-07-02 02:45:00,202457aff9fea5431fe7335873a525d3ddda188bb73e93aabfe8c4da1188c052,10,2,117.0,15,19.9,0.032327586,0,4,58.99763871706224,False,176.0,2021-07,LGB_medium,F2
2021-07-02,2021-07-01 16:00:00,2021-07-02 02:45:00,2021-07-02 03:00:00,202457aff9fea5431fe7335873a525d3ddda188bb73e93aabfe8c4da1188c052,11,2,111.0,15,19.9,0.032327586,0,4,58.910361940037156,False,176.0,2021-07,LGB_medium,F2
2021-07-02,2021-07-01 16:00:00,2021-07-02 03:00:00,2021-07-02 03:15:00,202457aff9fea5431fe7335873a525d3ddda188bb73e93aabfe8c4da1188c052,12,3,92.0,101,20.1,0.233796296,0,4,62.395966371432024,False,176.0,2021-07,LGB_medium,F2
2021-07-02,2021-07-01 16:00:00,2021-07-02 03:15:00,2021-07-02 03:30:00,202457aff9fea5431fe7335873a525d3ddda188bb73e93aabfe8c4da1188c052,13,3,112.0,101,20.1,0.233796296,0,4,60.03473479832073,False,176.0,2021-07,LGB_medium,F2
2021-07-02,2021-07-01 16:00:00,2021-07-02 03:30:00,2021-07-02 03:45:00,202457aff9fea5431fe7335873a525d3ddda188bb73e93aabfe8c4da1188c052,14,3,115.0,101,20.1,0.233796296,0,4,60.84073274874456,False,176.0,2021-07,LGB_medium,F2
2021-07-02,2021-07-01 16:00:00,2021-07-02 03:45:00,2021-07-02 04:00:00,202457aff9fea5431fe7335873a525d3ddda188bb73e93aabfe8c4da1188c052,15,3,113.0,101,20.1,0.233796296,0,4,60.49215604184352,False,176.0,2021-07,LGB_medium,F2
2021-07-02,2021-07-01 16:00:00,2021-07-02 04:00:00,2021-07-02 04:15:00,202457aff9fea5431fe7335873a525d3ddda188bb73e93aabfe8c4da1188c052,16,4,109.0,382,19.8,0.898823529,0,4,60.211185872898085,False,176.0,2021-07,LGB_medium,F2
2021-07-02,2021-07-01 16:00:00,2021-07-02 04:15:00,2021-07-02 04:30:00,202457aff9fea5431fe7335873a525d3ddda188bb73e93aabfe8c4da1188c052,17,4,110.0,382,19.8,0.898823529,0,4,62.2581894061115,False,176.0,2021-07,LGB_medium,F2
2021-07-02,2021-07-01 16:00:00,2021-07-02 04:30:00,2021-07-02 04:45:00,202457aff9fea5431fe7335873a525d3ddda188bb73e93aabfe8c4da1188c052,18,4,102.0,382,19.8,0.898823529,0,4,59.49643020527344,False,176.0,2021-07,LGB_medium,F2
2021-07-02,2021-07-01 16:00:00,2021-07-02 04:45:00,2021-07-02 05:00:00,202457aff9fea5431fe7335873a525d3ddda188bb73e93aabfe8c4da1188c052,19,4,104.0,382,19.8,0.898823529,0,4,60.50963937776052,False,176.0,2021-07,LGB_medium,F2
2021-07-02,2021-07-01 16:00:00,2021-07-02 05:00:00,2021-07-02 05:15:00,202457aff9fea5431fe7335873a525d3ddda188bb73e93aabfe8c4da1188c052,20,5,83.0,698,20.4,1.812987013,0,4,54.10174806581524,False,176.0,2021-07,LGB_medium,F2
2021-07-02,2021-07-01 16:00:00,2021-07-02 05:15:00,2021-07-02 05:30:00,202457aff9fea5431fe7335873a525d3ddda188bb73e93aabfe8c4da1188c052,21,5,79.0,698,20.4,1.812987013,0,4,69.986225884405,False,176.0,2021-07,LGB_medium,F2
2021-07-02,2021-07-01 16:00:00,2021-07-02 05:30:00,2021-07-02 05:45:00,202457aff9fea5431fe7335873a525d3ddda188bb73e93aabfe8c4da1188c052,22,5,103.0,698,20.4,1.812987013,0,4,57.07231149901817,False,176.0,2021-07,LGB_medium,F2
2021-07-02,2021-07-01 16:00:00,2021-07-02 05:45:00,2021-07-02 06:00:00,202457aff9fea5431fe7335873a525d3ddda188bb73e93aabfe8c4da1188c052,23,5,120.0,698,20.4,1.812987013,0,4,62.21767451793437,False,176.0,2021-07,LGB_medium,F2
2021-07-02,2021-07-01 16:00:00,2021-07-02 06:00:00,2021-07-02 06:15:00,202457aff9fea5431fe7335873a525d3ddda188bb73e93aabfe8c4da1188c052,24,6,117.0,36,22.0,0.080536913,0,4,62.297252053213775,False,176.0,2021-07,LGB_medium,F2
2021-07-02,2021-07-01 16:00:00,2021-07-02 06:15:00,2021-07-02 06:30:00,202457aff9fea5431fe7335873a525d3ddda188bb73e93aabfe8c4da1188c052,25,6,114.0,36,22.0,0.080536913,0,4,61.02664178883197,False,176.0,2021-07,LGB_medium,F2
2021-07-02,2021-07-01 16:00:00,2021-07-02 06:30:00,2021-07-02 06:45:00,202457aff9fea5431fe7335873a525d3ddda188bb73e93aabfe8c4da1188c052,26,6,110.0,36,22.0,0.080536913,0,4,59.62860819403958,False,176.0,2021-07,LGB_medium,F2
2021-07-02,2021-07-01 16:00:00,2021-07-02 06:45:00,2021-07-02 07:00:00,202457aff9fea5431fe7335873a525d3ddda188bb73e93aabfe8c4da1188c052,27,6,106.0,36,22.0,0.080536913,0,4,59.115990570829496,False,176.0,2021-07,LGB_medium,F2
2021-07-02,2021-07-01 16:00:00,2021-07-02 07:00:00,2021-07-02 07:15:00,202457aff9fea5431fe7335873a525d3ddda188bb73e93aabfe8c4da1188c052,28,7,118.0,938,22.4,1.769811321,0,4,59.45955787374328,False,176.0,2021-07,LGB_medium,F2
2021-07-02,2021-07-01 16:00:00,2021-07-02 07:15:00,2021-07-02 07:30:00,202457aff9fea5431fe7335873a525d3ddda188bb73e93aabfe8c4da1188c052,29,7,130.0,938,22.4,1.769811321,0,4,65.85675987591189,False,176.0,2021-07,LGB_medium,F2
2021-07-02,2021-07-01 16:00:00,2021-07-02 07:30:00,2021-07-02 07:45:00,202457aff9fea5431fe7335873a525d3ddda188bb73e93aabfe8c4da1188c052,30,7,143.0,938,22.4,1.769811321,0,4,93.63833696450503,False,176.0,2021-07,LGB_medium,F2
2021-07-02,2021-07-01 16:00:00,2021-07-02 07:45:00,2021-07-02 08:00:00,202457aff9fea5431fe7335873a525d3ddda188bb73e93aabfe8c4da1188c052,31,7,139.0,938,22.4,1.769811321,0,4,80.4351392665073,False,176.0,2021-07,LGB_medium,F2
2021-07-02,2021-07-01 16:00:00,2021-07-02 08:00:00,2021-07-02 08:15:00,202457aff9fea5431fe7335873a525d3ddda188bb73e93aabfe8c4da1188c052,32,8,145.0,813,23.1,1.26242236,0,4,75.45457183236276,False,176.0,2021-07,LGB_medium,F2
2021-07-02,2021-07-01 16:00:00,2021-07-02 08:15:00,2021-07-02 08:30:00,202457aff9fea5431fe7335873a525d3ddda188bb73e93aabfe8c4da1188c052,33,8,158.0,813,23.1,1.26242236,0,4,98.7512927481881,False,176.0,2021-07,LGB_medium,F2
2021-07-02,2021-07-01 16:00:00,2021-07-02 08:30:00,2021-07-02 08:45:00,202457aff9fea5431fe7335873a525d3ddda188bb73e93aabfe8c4da1188c052,34,8,168.0,813,23.1,1.26242236,0,4,98.50506339454327,False,176.0,2021-07,LGB_medium,F2
2021-07-02,2021-07-01 16:00:00,2021-07-02 08:45:00,2021-07-02 09:00:00,202457aff9fea5431fe7335873a525d3ddda188bb73e93aabfe8c4da1188c052,35,8,173.0,813,23.1,1.26242236,0,4,103.51460738067306,False,176.0,2021-07,LGB_medium,F2
2021-07-02,2021-07-01 16:00:00,2021-07-02 09:00:00,2021-07-02 09:15:00,202457aff9fea5431fe7335873a525d3ddda188bb73e93aabfe8c4da1188c052,36,9,187.0,852,23.4,1.21888412,0,4,97.18336065854301,False,176.0,2021-07,LGB_medium,F2
2021-07-02,2021-07-01 16:00:00,2021-07-02 09:15:00,2021-07-02 09:30:00,202457aff9fea5431fe7335873a525d3ddda188bb73e93aabfe8c4da1188c052,37,9,175.0,852,23.4,1.21888412,0,4,95.57351659350644,False,176.0,2021-07,LGB_medium,F2
2021-07-02,2021-07-01 16:00:00,2021-07-02 09:30:00,2021-07-02 09:45:00,202457aff9fea5431fe7335873a525d3ddda188bb73e93aabfe8c4da1188c052,38,9,172.0,852,23.4,1.21888412,0,4,97.54904241847773,False,176.0,2021-07,LGB_medium,F2
2021-07-02,2021-07-01 16:00:00,2021-07-02 09:45:00,2021-07-02 10:00:00,202457aff9fea5431fe7335873a525d3ddda188bb73e93aabfe8c4da1188c052,39,9,165.0,852,23.4,1.21888412,0,4,98.40373936894633,False,176.0,2021-07,LGB_medium,F2
2021-07-02,2021-07-01 16:00:00,2021-07-02 10:00:00,2021-07-02 10:15:00,202457aff9fea5431fe7335873a525d3ddda188bb73e93aabfe8c4da1188c052,40,10,140.0,512,23.2,0.780487805,0,4,94.16948847728465,False,176.0,2021-07,LGB_medium,F2
2021-07-02,2021-07-01 16:00:00,2021-07-02 10:15:00,2021-07-02 10:30:00,202457aff9fea5431fe7335873a525d3ddda188bb73e93aabfe8c4da1188c052,41,10,162.0,512,23.2,0.780487805,0,4,98.31313378716915,False,176.0,2021-07,LGB_medium,F2
2021-07-02,2021-07-01 16:00:00,2021-07-02 10:30:00,2021-07-02 10:45:00,202457aff9fea5431fe7335873a525d3ddda188bb73e93aabfe8c4da1188c052,42,10,179.0,512,23.2,0.780487805,0,4,99.21082900957232,False,176.0,2021-07,LGB_medium,F2
2021-07-02,2021-07-01 16:00:00,2021-07-02 10:45:00,2021-07-02 11:00:00,202457aff9fea5431fe7335873a525d3ddda188bb73e93aabfe8c4da1188c052,43,10,175.0,512,23.2,0.780487805,0,4,99.64971203538923,False,176.0,2021-07,LGB_medium,F2
2021-07-02,2021-07-01 16:00:00,2021-07-02 11:00:00,2021-07-02 11:15:00,202457aff9fea5431fe7335873a525d3ddda188bb73e93aabfe8c4da1188c052,44,11,184.0,1301,23.0,1.822128852,0,4,98.31768544837398,False,176.0,2021-07,LGB_medium,F2
2021-07-02,2021-07-01 16:00:00,2021-07-02 11:15:00,2021-07-02 11:30:00,202457aff9fea5431fe7335873a525d3ddda188bb73e93aabfe8c4da1188c052,45,11,177.0,1301,23.0,1.822128852,0,4,95.19967655099194,False,176.0,2021-07,LGB_medium,F2
2021-07-02,2021-07-01 16:00:00,2021-07-02 11:30:00,2021-07-02 11:45:00,202457aff9fea5431fe7335873a525d3ddda188bb73e93aabfe8c4da1188c052,46,11,186.0,1301,23.0,1.822128852,0,4,95.90634258920016,False,176.0,2021-07,LGB_medium,F2
2021-07-02,2021-07-01 16:00:00,2021-07-02 11:45:00,2021-07-02 12:00:00,202457aff9fea5431fe7335873a525d3ddda188bb73e93aabfe8c4da1188c052,47,11,167.0,1301,23.0,1.822128852,0,4,96.2438819056654,False,176.0,2021-07,LGB_medium,F2
2021-07-02,2021-07-01 16:00:00,2021-07-02 12:00:00,2021-07-02 12:15:00,202457aff9fea5431fe7335873a525d3ddda188bb73e93aabfe8c4da1188c052,48,12,113.0,0,24.1,0.0,0,4,60.86606651639094,False,176.0,2021-07,LGB_medium,F2
2021-07-02,2021-07-01 16:00:00,2021-07-02 12:15:00,2021-07-02 12:30:00,202457aff9fea5431fe7335873a525d3ddda188bb73e93aabfe8c4da1188c052,49,12,98.0,0,24.1,0.0,0,4,56.23241002416201,False,176.0,2021-07,LGB_medium,F2
2021-07-02,2021-07-01 16:00:00,2021-07-02 12:30:00,2021-07-02 12:45:00,202457aff9fea5431fe7335873a525d3ddda188bb73e93aabfe8c4da1188c052,50,12,103.0,0,24.1,0.0,0,4,53.84981224069258,False,176.0,2021-07,LGB_medium,F2
2021-07-02,2021-07-01 16:00:00,2021-07-02 12:45:00,2021-07-02 13:00:00,202457aff9fea5431fe7335873a525d3ddda188bb73e93aabfe8c4da1188c052,51,12,117.0,0,24.1,0.0,0,4,61.53271781068564,False,176.0,2021-07,LGB_medium,F2
2021-07-02,2021-07-01 16:00:00,2021-07-02 13:00:00,2021-07-02 13:15:00,202457aff9fea5431fe7335873a525d3ddda188bb73e93aabfe8c4da1188c052,52,13,157.0,1376,24.1,2.029498525,0,4,96.03959086746052,False,176.0,2021-07,LGB_medium,F2
2021-07-02,2021-07-01 16:00:00,2021-07-02 13:15:00,2021-07-02 13:30:00,202457aff9fea5431fe7335873a525d3ddda188bb73e93aabfe8c4da1188c052,53,13,166.0,1376,24.1,2.029498525,0,4,98.10938555655696,False,176.0,2021-07,LGB_medium,F2
2021-07-02,2021-07-01 16:00:00,2021-07-02 13:30:00,2021-07-02 13:45:00,202457aff9fea5431fe7335873a525d3ddda188bb73e93aabfe8c4da1188c052,54,13,177.0,1376,24.1,2.029498525,0,4,98.13908539666795,False,176.0,2021-07,LGB_medium,F2
2021-07-02,2021-07-01 16:00:00,2021-07-02 13:45:00,2021-07-02 14:00:00,202457aff9fea5431fe7335873a525d3ddda188bb73e93aabfe8c4da1188c052,55,13,178.0,1376,24.1,2.029498525,0,4,95.90202725473185,False,176.0,2021-07,LGB_medium,F2
2021-07-02,2021-07-01 16:00:00,2021-07-02 14:00:00,2021-07-02 14:15:00,202457aff9fea5431fe7335873a525d3ddda188bb73e93aabfe8c4da1188c052,56,14,167.0,855,24.5,1.221428571,0,4,96.02624236897057,False,176.0,2021-07,LGB_medium,F2
2021-07-02,2021-07-01 16:00:00,2021-07-02 14:15:00,2021-07-02 14:30:00,202457aff9fea5431fe7335873a525d3ddda188bb73e93aabfe8c4da1188c052,57,14,173.0,855,24.5,1.221428571,0,4,96.11371406073486,False,176.0,2021-07,LGB_medium,F2
2021-07-02,2021-07-01 16:00:00,2021-07-02 14:30:00,2021-07-02 14:45:00,202457aff9fea5431fe7335873a525d3ddda188bb73e93aabfe8c4da1188c052,58,14,183.0,855,24.5,1.221428571,0,4,93.37015724440722,False,176.0,2021-07,LGB_medium,F2
2021-07-02,2021-07-01 16:00:00,2021-07-02 14:45:00,2021-07-02 15:00:00,202457aff9fea5431fe7335873a525d3ddda188bb73e93aabfe8c4da1188c052,59,14,177.0,855,24.5,1.221428571,0,4,96.26105646901004,False,176.0,2021-07,LGB_medium,F2
2021-07-02,2021-07-01 16:00:00,2021-07-02 15:00:00,2021-07-02 15:15:00,202457aff9fea5431fe7335873a525d3ddda188bb73e93aabfe8c4da1188c052,60,15,138.0,5516,24.2,9.626527051,0,4,113.86750558005355,False,176.0,2021-07,LGB_medium,F2
2021-07-02,2021-07-01 16:00:00,2021-07-02 15:15:00,2021-07-02 15:30:00,202457aff9fea5431fe7335873a525d3ddda188bb73e93aabfe8c4da1188c052,61,15,133.0,5516,24.2,9.626527051,0,4,95.21885223386442,False,176.0,2021-07,LGB_medium,F2
2021-07-02,2021-07-01 16:00:00,2021-07-02 15:30:00,2021-07-02 15:45:00,202457aff9fea5431fe7335873a525d3ddda188bb73e93aabfe8c4da1188c052,62,15,142.0,5516,24.2,9.626527051,0,4,97.01736895525211,False,176.0,2021-07,LGB_medium,F2
2021-07-02,2021-07-01 16:00:00,2021-07-02 15:45:00,2021-07-02 16:00:00,202457aff9fea5431fe7335873a525d3ddda188bb73e93aabfe8c4da1188c052,63,15,160.0,5516,24.2,9.626527051,0,4,93.81417126951798,False,176.0,2021-07,LGB_medium,F2
2021-07-02,2021-07-01 16:00:00,2021-07-02 16:00:00,2021-07-02 16:15:00,202457aff9fea5431fe7335873a525d3ddda188bb73e93aabfe8c4da1188c052,64,16,164.0,1544,23.6,2.439178515,0,4,91.83084442276865,False,176.0,2021-07,LGB_medium,F2
2021-07-02,2021-07-01 16:00:00,2021-07-02 16:15:00,2021-07-02 16:30:00,202457aff9fea5431fe7335873a525d3ddda188bb73e93aabfe8c4da1188c052,65,16,153.0,1544,23.6,2.439178515,0,4,90.94840401197766,False,176.0,2021-07,LGB_medium,F2
2021-07-02,2021-07-01 16:00:00,2021-07-02 16:30:00,2021-07-02 16:45:00,202457aff9fea5431fe7335873a525d3ddda188bb73e93aabfe8c4da1188c052,66,16,158.0,1544,23.6,2.439178515,0,4,89.09538854339254,False,176.0,2021-07,LGB_medium,F2
2021-07-02,2021-07-01 16:00:00,2021-07-02 16:45:00,2021-07-02 17:00:00,202457aff9fea5431fe7335873a525d3ddda188bb73e93aabfe8c4da1188c052,67,16,158.0,1544,23.6,2.439178515,0,4,87.75488149598398,False,176.0,2021-07,LGB_medium,F2
2021-07-02,2021-07-01 16:00:00,2021-07-02 17:00:00,2021-07-02 17:15:00,202457aff9fea5431fe7335873a525d3ddda188bb73e93aabfe8c4da1188c052,68,17,120.0,795,23.2,1.349745331,0,4,60.03905881220156,False,176.0,2021-07,LGB_medium,F2
2021-07-02,2021-07-01 16:00:00,2021-07-02 17:15:00,2021-07-02 17:30:00,202457aff9fea5431fe7335873a525d3ddda188bb73e93aabfe8c4da1188c052,69,17,126.0,795,23.2,1.349745331,0,4,73.59175985335152,False,176.0,2021-07,LGB_medium,F2
2021-07-02,2021-07-01 16:00:00,2021-07-02 17:30:00,2021-07-02 17:45:00,202457aff9fea5431fe7335873a525d3ddda188bb73e93aabfe8c4da1188c052,70,17,168.0,795,23.2,1.349745331,0,4,84.51196039891083,False,176.0,2021-07,LGB_medium,F2
2021-07-02,2021-07-01 16:00:00,2021-07-02 17:45:00,2021-07-02 18:00:00,202457aff9fea5431fe7335873a525d3ddda188bb73e93aabfe8c4da1188c052,71,17,175.0,795,23.2,1.349745331,0,4,86.27621258089852,False,176.0,2021-07,LGB_medium,F2
2021-07-02,2021-07-01 16:00:00,2021-07-02 18:00:00,2021-07-02 18:15:00,202457aff9fea5431fe7335873a525d3ddda188bb73e93aabfe8c4da1188c052,72,18,169.0,972,23.0,1.521126761,0,4,82.77346420784619,False,176.0,2021-07,LGB_medium,F2
2021-07-02,2021-07-01 16:00:00,2021-07-02 18:15:00,2021-07-02 18:30:00,202457aff9fea5431fe7335873a525d3ddda188bb73e93aabfe8c4da1188c052,73,18,160.0,972,23.0,1.521126761,0,4,91.0887818907035,False,176.0,2021-07,LGB_medium,F2
2021-07-02,2021-07-01 16:00:00,2021-07-02 18:30:00,2021-07-02 18:45:00,202457aff9fea5431fe7335873a525d3ddda188bb73e93aabfe8c4da1188c052,74,18,155.0,972,23.0,1.521126761,0,4,60.248150985593725,False,176.0,2021-07,LGB_medium,F2
2021-07-02,2021-07-01 16:00:00,2021-07-02 18:45:00,2021-07-02 19:00:00,202457aff9fea5431fe7335873a525d3ddda188bb73e93aabfe8c4da1188c052,75,18,155.0,972,23.0,1.521126761,0,4,64.04437238304,False,176.0,2021-07,LGB_medium,F2
2021-07-02,2021-07-01 16:00:00,2021-07-02 19:00:00,2021-07-02 19:15:00,202457aff9fea5431fe7335873a525d3ddda188bb73e93aabfe8c4da1188c052,76,19,149.0,2548,22.7,4.701107011,0,4,69.11876292386452,False,176.0,2021-07,LGB_medium,F2
2021-07-02,2021-07-01 16:00:00,2021-07-02 19:15:00,2021-07-02 19:30:00,202457aff9fea5431fe7335873a525d3ddda188bb73e93aabfe8c4da1188c052,77,19,137.0,2548,22.7,4.701107011,0,4,75.23937930435248,False,176.0,2021-07,LGB_medium,F2
2021-07-02,2021-07-01 16:00:00,2021-07-02 19:30:00,2021-07-02 19:45:00,202457aff9fea5431fe7335873a525d3ddda188bb73e93aabfe8c4da1188c052,78,19,136.0,2548,22.7,4.701107011,0,4,61.680386916979685,False,176.0,2021-07,LGB_medium,F2
2021-07-02,2021-07-01 16:00:00,2021-07-02 19:45:00,2021-07-02 20:00:00,202457aff9fea5431fe7335873a525d3ddda188bb73e93aabfe8c4da1188c052,79,19,120.0,2548,22.7,4.701107011,0,4,67.96266105339234,False,176.0,2021-07,LGB_medium,F2
2021-07-02,2021-07-01 16:00:00,2021-07-02 20:00:00,2021-07-02 20:15:00,202457aff9fea5431fe7335873a525d3ddda188bb73e93aabfe8c4da1188c052,80,20,116.0,21,22.6,0.04312115,0,4,55.73529428642421,False,176.0,2021-07,LGB_medium,F2
2021-07-02,2021-07-01 16:00:00,2021-07-02 20:15:00,2021-07-02 20:30:00,202457aff9fea5431fe7335873a525d3ddda188bb73e93aabfe8c4da1188c052,81,20,118.0,21,22.6,0.04312115,0,4,55.32746298093227,False,176.0,2021-07,LGB_medium,F2
2021-07-02,2021-07-01 16:00:00,2021-07-02 20:30:00,2021-07-02 20:45:00,202457aff9fea5431fe7335873a525d3ddda188bb73e93aabfe8c4da1188c052,82,20,130.0,21,22.6,0.04312115,0,4,56.9147850698731,False,176.0,2021-07,LGB_medium,F2
2021-07-02,2021-07-01 16:00:00,2021-07-02 20:45:00,2021-07-02 21:00:00,202457aff9fea5431fe7335873a525d3ddda188bb73e93aabfe8c4da1188c052,83,20,123.0,21,22.6,0.04312115,0,4,57.25013958208678,False,176.0,2021-07,LGB_medium,F2
2021-07-02,2021-07-01 16:00:00,2021-07-02 21:00:00,2021-07-02 21:15:00,202457aff9fea5431fe7335873a525d3ddda188bb73e93aabfe8c4da1188c052,84,21,116.0,70,23.0,0.153846154,0,4,52.641925044739644,False,176.0,2021-07,LGB_medium,F2
2021-07-02,2021-07-01 16:00:00,2021-07-02 21:15:00,2021-07-02 21:30:00,202457aff9fea5431fe7335873a525d3ddda188bb73e93aabfe8c4da1188c052,85,21,107.0,70,23.0,0.153846154,0,4,54.39528180211369,False,176.0,2021-07,LGB_medium,F2
2021-07-02,2021-07-01 16:00:00,2021-07-02 21:30:00,2021-07-02 21:45:00,202457aff9fea5431fe7335873a525d3ddda188bb73e93aabfe8c4da1188c052,86,21,111.0,70,23.0,0.153846154,0,4,53.68477894475579,False,176.0,2021-07,LGB_medium,F2
2021-07-02,2021-07-01 16:00:00,2021-07-02 21:45:00,2021-07-02 22:00:00,202457aff9fea5431fe7335873a525d3ddda188bb73e93aabfe8c4da1188c052,87,21,121.0,70,23.0,0.153846154,0,4,55.03582806599754,False,176.0,2021-07,LGB_medium,F2
2021-07-02,2021-07-01 16:00:00,2021-07-02 22:00:00,2021-07-02 22:15:00,202457aff9fea5431fe7335873a525d3ddda188bb73e93aabfe8c4da1188c052,88,22,107.0,119,22.9,0.268623025,0,4,55.80143570436444,False,176.0,2021-07,LGB_medium,F2
2021-07-02,2021-07-01 16:00:00,2021-07-02 22:15:00,2021-07-02 22:30:00,202457aff9fea5431fe7335873a525d3ddda188bb73e93aabfe8c4da1188c052,89,22,117.0,119,22.9,0.268623025,0,4,56.79525169555503,False,176.0,2021-07,LGB_medium,F2
2021-07-02,2021-07-01 16:00:00,2021-07-02 22:30:00,2021-07-02 22:45:00,202457aff9fea5431fe7335873a525d3ddda188bb73e93aabfe8c4da1188c052,90,22,113.0,119,22.9,0.268623025,0,4,53.33283673442813,False,176.0,2021-07,LGB_medium,F2
2021-07-02,2021-07-01 16:00:00,2021-07-02 22:45:00,2021-07-02 23:00:00,202457aff9fea5431fe7335873a525d3ddda188bb73e93aabfe8c4da1188c052,91,22,106.0,119,22.9,0.268623025,0,4,52.49543966856542,False,176.0,2021-07,LGB_medium,F2
2021-07-02,2021-07-01 16:00:00,2021-07-02 23:00:00,2021-07-02 23:15:00,202457aff9fea5431fe7335873a525d3ddda188bb73e93aabfe8c4da1188c052,92,23,95.0,76,22.9,0.203753351,0,4,51.85643639931404,False,176.0,2021-07,LGB_medium,F2
2021-07-02,2021-07-01 16:00:00,2021-07-02 23:15:00,2021-07-02 23:30:00,202457aff9fea5431fe7335873a525d3ddda188bb73e93aabfe8c4da1188c052,93,23,103.0,76,22.9,0.203753351,0,4,53.505792857527894,False,176.0,2021-07,LGB_medium,F2
2021-07-02,2021-07-01 16:00:00,2021-07-02 23:30:00,2021-07-02 23:45:00,202457aff9fea5431fe7335873a525d3ddda188bb73e93aabfe8c4da1188c052,94,23,96.0,76,22.9,0.203753351,0,4,65.88643389352912,False,176.0,2021-07,LGB_medium,F2
2021-07-02,2021-07-01 16:00:00,2021-07-02 23:45:00,2021-07-03 00:00:00,202457aff9fea5431fe7335873a525d3ddda188bb73e93aabfe8c4da1188c052,95,23,79.0,76,22.9,0.203753351,0,4,72.91798559436786,False,176.0,2021-07,LGB_medium,F2
2021-07-03,2021-07-02 16:00:00,2021-07-03 00:00:00,2021-07-03 00:15:00,71209cf6b664c04414b4ae88c4fb06c40806df98a73458863876cf68c5bdb2a9,0,0,76.0,154,22.8,0.574626866,0,5,63.249114685856,False,176.0,2021-07,LGB_medium,F2
2021-07-03,2021-07-02 16:00:00,2021-07-03 00:15:00,2021-07-03 00:30:00,71209cf6b664c04414b4ae88c4fb06c40806df98a73458863876cf68c5bdb2a9,1,0,65.0,154,22.8,0.574626866,0,5,63.365884372098606,False,176.0,2021-07,LGB_medium,F2
2021-07-03,2021-07-02 16:00:00,2021-07-03 00:30:00,2021-07-03 00:45:00,71209cf6b664c04414b4ae88c4fb06c40806df98a73458863876cf68c5bdb2a9,2,0,64.0,154,22.8,0.574626866,0,5,63.3885723535127,False,176.0,2021-07,LGB_medium,F2
2021-07-03,2021-07-02 16:00:00,2021-07-03 00:45:00,2021-07-03 01:00:00,71209cf6b664c04414b4ae88c4fb06c40806df98a73458863876cf68c5bdb2a9,3,0,63.0,154,22.8,0.574626866,0,5,63.478436462132755,False,176.0,2021-07,LGB_medium,F2
2021-07-03,2021-07-02 16:00:00,2021-07-03 01:00:00,2021-07-03 01:15:00,71209cf6b664c04414b4ae88c4fb06c40806df98a73458863876cf68c5bdb2a9,4,1,92.0,270,22.9,0.652173913,0,5,90.85470921389167,False,176.0,2021-07,LGB_medium,F2
2021-07-03,2021-07-02 16:00:00,2021-07-03 01:15:00,2021-07-03 01:30:00,71209cf6b664c04414b4ae88c4fb06c40806df98a73458863876cf68c5bdb2a9,5,1,105.0,270,22.9,0.652173913,0,5,98.71235405315173,False,176.0,2021-07,LGB_medium,F2
2021-07-03,2021-07-02 16:00:00,2021-07-03 01:30:00,2021-07-03 01:45:00,71209cf6b664c04414b4ae88c4fb06c40806df98a73458863876cf68c5bdb2a9,6,1,107.0,270,22.9,0.652173913,0,5,101.85086822987148,False,176.0,2021-07,LGB_medium,F2
2021-07-03,2021-07-02 16:00:00,2021-07-03 01:45:00,2021-07-03 02:00:00,71209cf6b664c04414b4ae88c4fb06c40806df98a73458863876cf68c5bdb2a9,7,1,110.0,270,22.9,0.652173913,0,5,104.05642756382869,False,176.0,2021-07,LGB_medium,F2
2021-07-03,2021-07-02 16:00:00,2021-07-03 02:00:00,2021-07-03 02:15:00,71209cf6b664c04414b4ae88c4fb06c40806df98a73458863876cf68c5bdb2a9,8,2,107.0,0,22.4,0.0,0,5,103.03231513031089,False,176.0,2021-07,LGB_medium,F2
2021-07-03,2021-07-02 16:00:00,2021-07-03 02:15:00,2021-07-03 02:30:00,71209cf6b664c04414b4ae88c4fb06c40806df98a73458863876cf68c5bdb2a9,9,2,106.0,0,22.4,0.0,0,5,103.29686902882668,False,176.0,2021-07,LGB_medium,F2
2021-07-03,2021-07-02 16:00:00,2021-07-03 02:30:00,2021-07-03 02:45:00,71209cf6b664c04414b4ae88c4fb06c40806df98a73458863876cf68c5bdb2a9,10,2,105.0,0,22.4,0.0,0,5,102.24907041324542,False,176.0,2021-07,LGB_medium,F2
2021-07-03,2021-07-02 16:00:00,2021-07-03 02:45:00,2021-07-03 03:00:00,71209cf6b664c04414b4ae88c4fb06c40806df98a73458863876cf68c5bdb2a9,11,2,105.0,0,22.4,0.0,0,5,100.94413786356904,False,176.0,2021-07,LGB_medium,F2
2021-07-03,2021-07-02 16:00:00,2021-07-03 03:00:00,2021-07-03 03:15:00,71209cf6b664c04414b4ae88c4fb06c40806df98a73458863876cf68c5bdb2a9,12,3,94.0,94,22.4,0.229268293,0,5,98.15443454327394,False,176.0,2021-07,LGB_medium,F2
2021-07-03,2021-07-02 16:00:00,2021-07-03 03:15:00,2021-07-03 03:30:00,71209cf6b664c04414b4ae88c4fb06c40806df98a73458863876cf68c5bdb2a9,13,3,105.0,94,22.4,0.229268293,0,5,102.6764625924879,False,176.0,2021-07,LGB_medium,F2
2021-07-03,2021-07-02 16:00:00,2021-07-03 03:30:00,2021-07-03 03:45:00,71209cf6b664c04414b4ae88c4fb06c40806df98a73458863876cf68c5bdb2a9,14,3,103.0,94,22.4,0.229268293,0,5,101.45381108765409,False,176.0,2021-07,LGB_medium,F2
2021-07-03,2021-07-02 16:00:00,2021-07-03 03:45:00,2021-07-03 04:00:00,71209cf6b664c04414b4ae88c4fb06c40806df98a73458863876cf68c5bdb2a9,15,3,108.0,94,22.4,0.229268293,0,5,99.51971625482409,False,176.0,2021-07,LGB_medium,F2
2021-07-03,2021-07-02 16:00:00,2021-07-03 04:00:00,2021-07-03 04:15:00,71209cf6b664c04414b4ae88c4fb06c40806df98a73458863876cf68c5bdb2a9,16,4,112.0,36,22.4,0.086330935,0,5,100.8213906470005,False,176.0,2021-07,LGB_medium,F2
2021-07-03,2021-07-02 16:00:00,2021-07-03 04:15:00,2021-07-03 04:30:00,71209cf6b664c04414b4ae88c4fb06c40806df98a73458863876cf68c5bdb2a9,17,4,106.0,36,22.4,0.086330935,0,5,101.28705283624927,False,176.0,2021-07,LGB_medium,F2
2021-07-03,2021-07-02 16:00:00,2021-07-03 04:30:00,2021-07-03 04:45:00,71209cf6b664c04414b4ae88c4fb06c40806df98a73458863876cf68c5bdb2a9,18,4,100.0,36,22.4,0.086330935,0,5,100.8346268644918,False,176.0,2021-07,LGB_medium,F2
2021-07-03,2021-07-02 16:00:00,2021-07-03 04:45:00,2021-07-03 05:00:00,71209cf6b664c04414b4ae88c4fb06c40806df98a73458863876cf68c5bdb2a9,19,4,99.0,36,22.4,0.086330935,0,5,100.68261356822133,False,176.0,2021-07,LGB_medium,F2
2021-07-03,2021-07-02 16:00:00,2021-07-03 05:00:00,2021-07-03 05:15:00,71209cf6b664c04414b4ae88c4fb06c40806df98a73458863876cf68c5bdb2a9,20,5,80.0,39,22.5,0.110169492,0,5,95.00456405411715,False,176.0,2021-07,LGB_medium,F2
2021-07-03,2021-07-02 16:00:00,2021-07-03 05:15:00,2021-07-03 05:30:00,71209cf6b664c04414b4ae88c4fb06c40806df98a73458863876cf68c5bdb2a9,21,5,73.0,39,22.5,0.110169492,0,5,79.10059102954608,False,176.0,2021-07,LGB_medium,F2
2021-07-03,2021-07-02 16:00:00,2021-07-03 05:30:00,2021-07-03 05:45:00,71209cf6b664c04414b4ae88c4fb06c40806df98a73458863876cf68c5bdb2a9,22,5,96.0,39,22.5,0.110169492,0,5,92.39049759996493,False,176.0,2021-07,LGB_medium,F2
2021-07-03,2021-07-02 16:00:00,2021-07-03 05:45:00,2021-07-03 06:00:00,71209cf6b664c04414b4ae88c4fb06c40806df98a73458863876cf68c5bdb2a9,23,5,105.0,39,22.5,0.110169492,0,5,102.69932536954089,False,176.0,2021-07,LGB_medium,F2
2021-07-03,2021-07-02 16:00:00,2021-07-03 06:00:00,2021-07-03 06:15:00,71209cf6b664c04414b4ae88c4fb06c40806df98a73458863876cf68c5bdb2a9,24,6,105.0,0,22.6,0.0,0,5,102.66895371729915,False,176.0,2021-07,LGB_medium,F2
2021-07-03,2021-07-02 16:00:00,2021-07-03 06:15:00,2021-07-03 06:30:00,71209cf6b664c04414b4ae88c4fb06c40806df98a73458863876cf68c5bdb2a9,25,6,101.0,0,22.6,0.0,0,5,100.71625187090959,False,176.0,2021-07,LGB_medium,F2
2021-07-03,2021-07-02 16:00:00,2021-07-03 06:30:00,2021-07-03 06:45:00,71209cf6b664c04414b4ae88c4fb06c40806df98a73458863876cf68c5bdb2a9,26,6,95.0,0,22.6,0.0,0,5,99.95923352773002,False,176.0,2021-07,LGB_medium,F2
2021-07-03,2021-07-02 16:00:00,2021-07-03 06:45:00,2021-07-03 07:00:00,71209cf6b664c04414b4ae88c4fb06c40806df98a73458863876cf68c5bdb2a9,27,6,91.0,0,22.6,0.0,0,5,100.07676117611668,False,176.0,2021-07,LGB_medium,F2
2021-07-03,2021-07-02 16:00:00,2021-07-03 07:00:00,2021-07-03 07:15:00,71209cf6b664c04414b4ae88c4fb06c40806df98a73458863876cf68c5bdb2a9,28,7,83.0,1142,22.8,5.438095238,0,5,98.1073510590466,False,176.0,2021-07,LGB_medium,F2
2021-07-03,2021-07-02 16:00:00,2021-07-03 07:15:00,2021-07-03 07:30:00,71209cf6b664c04414b4ae88c4fb06c40806df98a73458863876cf68c5bdb2a9,29,7,68.0,1142,22.8,5.438095238,0,5,96.40627789586307,False,176.0,2021-07,LGB_medium,F2
2021-07-03,2021-07-02 16:00:00,2021-07-03 07:30:00,2021-07-03 07:45:00,71209cf6b664c04414b4ae88c4fb06c40806df98a73458863876cf68c5bdb2a9,30,7,31.0,1142,22.8,5.438095238,0,5,80.60612365803658,False,176.0,2021-07,LGB_medium,F2
2021-07-03,2021-07-02 16:00:00,2021-07-03 07:45:00,2021-07-03 08:00:00,71209cf6b664c04414b4ae88c4fb06c40806df98a73458863876cf68c5bdb2a9,31,7,28.0,1142,22.8,5.438095238,0,5,58.36293259105379,False,176.0,2021-07,LGB_medium,F2
2021-07-03,2021-07-02 16:00:00,2021-07-03 08:00:00,2021-07-03 08:15:00,71209cf6b664c04414b4ae88c4fb06c40806df98a73458863876cf68c5bdb2a9,32,8,23.0,0,22.5,0.0,0,5,55.244811435041605,False,176.0,2021-07,LGB_medium,F2
2021-07-03,2021-07-02 16:00:00,2021-07-03 08:15:00,2021-07-03 08:30:00,71209cf6b664c04414b4ae88c4fb06c40806df98a73458863876cf68c5bdb2a9,33,8,22.0,0,22.5,0.0,0,5,56.10159539441658,False,176.0,2021-07,LGB_medium,F2
2021-07-03,2021-07-02 16:00:00,2021-07-03 08:30:00,2021-07-03 08:45:00,71209cf6b664c04414b4ae88c4fb06c40806df98a73458863876cf68c5bdb2a9,34,8,22.0,0,22.5,0.0,0,5,56.48104053068691,False,176.0,2021-07,LGB_medium,F2
2021-07-03,2021-07-02 16:00:00,2021-07-03 08:45:00,2021-07-03 09:00:00,71209cf6b664c04414b4ae88c4fb06c40806df98a73458863876cf68c5bdb2a9,35,8,22.0,0,22.5,0.0,0,5,56.40543664625518,False,176.0,2021-07,LGB_medium,F2
2021-07-03,2021-07-02 16:00:00,2021-07-03 09:00:00,2021-07-03 09:15:00,71209cf6b664c04414b4ae88c4fb06c40806df98a73458863876cf68c5bdb2a9,36,9,23.0,0,22.9,0.0,0,5,54.7434754504087,False,176.0,2021-07,LGB_medium,F2
2021-07-03,2021-07-02 16:00:00,2021-07-03 09:15:00,2021-07-03 09:30:00,71209cf6b664c04414b4ae88c4fb06c40806df98a73458863876cf68c5bdb2a9,37,9,27.0,0,22.9,0.0,0,5,54.56496449989078,False,176.0,2021-07,LGB_medium,F2
2021-07-03,2021-07-02 16:00:00,2021-07-03 09:30:00,2021-07-03 09:45:00,71209cf6b664c04414b4ae88c4fb06c40806df98a73458863876cf68c5bdb2a9,38,9,25.0,0,22.9,0.0,0,5,54.56496449989078,False,176.0,2021-07,LGB_medium,F2
2021-07-03,2021-07-02 16:00:00,2021-07-03 09:45:00,2021-07-03 10:00:00,71209cf6b664c04414b4ae88c4fb06c40806df98a73458863876cf68c5bdb2a9,39,9,23.0,0,22.9,0.0,0,5,54.894396653609355,False,176.0,2021-07,LGB_medium,F2
2021-07-03,2021-07-02 16:00:00,2021-07-03 10:00:00,2021-07-03 10:15:00,71209cf6b664c04414b4ae88c4fb06c40806df98a73458863876cf68c5bdb2a9,40,10,23.0,0,23.2,0.0,0,5,54.156268892140126,False,176.0,2021-07,LGB_medium,F2
2021-07-03,2021-07-02 16:00:00,2021-07-03 10:15:00,2021-07-03 10:30:00,71209cf6b664c04414b4ae88c4fb06c40806df98a73458863876cf68c5bdb2a9,41,10,23.0,0,23.2,0.0,0,5,54.85288721026359,False,176.0,2021-07,LGB_medium,F2
2021-07-03,2021-07-02 16:00:00,2021-07-03 10:30:00,2021-07-03 10:45:00,71209cf6b664c04414b4ae88c4fb06c40806df98a73458863876cf68c5bdb2a9,42,10,22.0,0,23.2,0.0,0,5,57.947184775405,False,176.0,2021-07,LGB_medium,F2
2021-07-03,2021-07-02 16:00:00,2021-07-03 10:45:00,2021-07-03 11:00:00,71209cf6b664c04414b4ae88c4fb06c40806df98a73458863876cf68c5bdb2a9,43,10,22.0,0,23.2,0.0,0,5,56.63739323057822,False,176.0,2021-07,LGB_medium,F2
2021-07-03,2021-07-02 16:00:00,2021-07-03 11:00:00,2021-07-03 11:15:00,71209cf6b664c04414b4ae88c4fb06c40806df98a73458863876cf68c5bdb2a9,44,11,22.0,0,23.0,0.0,0,5,53.927403307272364,False,176.0,2021-07,LGB_medium,F2
2021-07-03,2021-07-02 16:00:00,2021-07-03 11:15:00,2021-07-03 11:30:00,71209cf6b664c04414b4ae88c4fb06c40806df98a73458863876cf68c5bdb2a9,45,11,23.0,0,23.0,0.0,0,5,49.00974673029631,False,176.0,2021-07,LGB_medium,F2
2021-07-03,2021-07-02 16:00:00,2021-07-03 11:30:00,2021-07-03 11:45:00,71209cf6b664c04414b4ae88c4fb06c40806df98a73458863876cf68c5bdb2a9,46,11,22.0,0,23.0,0.0,0,5,49.76117824638838,False,176.0,2021-07,LGB_medium,F2
2021-07-03,2021-07-02 16:00:00,2021-07-03 11:45:00,2021-07-03 12:00:00,71209cf6b664c04414b4ae88c4fb06c40806df98a73458863876cf68c5bdb2a9,47,11,23.0,0,23.0,0.0,0,5,49.28720534669331,False,176.0,2021-07,LGB_medium,F2
2021-07-03,2021-07-02 16:00:00,2021-07-03 12:00:00,2021-07-03 12:15:00,71209cf6b664c04414b4ae88c4fb06c40806df98a73458863876cf68c5bdb2a9,48,12,22.0,0,22.6,0.0,0,5,44.4532231195833,False,176.0,2021-07,LGB_medium,F2
2021-07-03,2021-07-02 16:00:00,2021-07-03 12:15:00,2021-07-03 12:30:00,71209cf6b664c04414b4ae88c4fb06c40806df98a73458863876cf68c5bdb2a9,49,12,22.0,0,22.6,0.0,0,5,44.144046030730244,False,176.0,2021-07,LGB_medium,F2
2021-07-03,2021-07-02 16:00:00,2021-07-03 12:30:00,2021-07-03 12:45:00,71209cf6b664c04414b4ae88c4fb06c40806df98a73458863876cf68c5bdb2a9,50,12,27.0,0,22.6,0.0,0,5,44.793004998734055,False,176.0,2021-07,LGB_medium,F2
2021-07-03,2021-07-02 16:00:00,2021-07-03 12:45:00,2021-07-03 13:00:00,71209cf6b664c04414b4ae88c4fb06c40806df98a73458863876cf68c5bdb2a9,51,12,26.0,0,22.6,0.0,0,5,48.22354957238408,False,176.0,2021-07,LGB_medium,F2
2021-07-03,2021-07-02 16:00:00,2021-07-03 13:00:00,2021-07-03 13:15:00,71209cf6b664c04414b4ae88c4fb06c40806df98a73458863876cf68c5bdb2a9,52,13,22.0,0,22.4,0.0,0,5,51.574142306943074,False,176.0,2021-07,LGB_medium,F2
2021-07-03,2021-07-02 16:00:00,2021-07-03 13:15:00,2021-07-03 13:30:00,71209cf6b664c04414b4ae88c4fb06c40806df98a73458863876cf68c5bdb2a9,53,13,22.0,0,22.4,0.0,0,5,52.6756357685176,False,176.0,2021-07,LGB_medium,F2
2021-07-03,2021-07-02 16:00:00,2021-07-03 13:30:00,2021-07-03 13:45:00,71209cf6b664c04414b4ae88c4fb06c40806df98a73458863876cf68c5bdb2a9,54,13,22.0,0,22.4,0.0,0,5,54.35535356681942,False,176.0,2021-07,LGB_medium,F2
2021-07-03,2021-07-02 16:00:00,2021-07-03 13:45:00,2021-07-03 14:00:00,71209cf6b664c04414b4ae88c4fb06c40806df98a73458863876cf68c5bdb2a9,55,13,22.0,0,22.4,0.0,0,5,56.312342220944615,False,176.0,2021-07,LGB_medium,F2
2021-07-03,2021-07-02 16:00:00,2021-07-03 14:00:00,2021-07-03 14:15:00,71209cf6b664c04414b4ae88c4fb06c40806df98a73458863876cf68c5bdb2a9,56,14,22.0,0,21.9,0.0,0,5,53.28808775510063,False,176.0,2021-07,LGB_medium,F2
2021-07-03,2021-07-02 16:00:00,2021-07-03 14:15:00,2021-07-03 14:30:00,71209cf6b664c04414b4ae88c4fb06c40806df98a73458863876cf68c5bdb2a9,57,14,22.0,0,21.9,0.0,0,5,53.00138790699759,False,176.0,2021-07,LGB_medium,F2
2021-07-03,2021-07-02 16:00:00,2021-07-03 14:30:00,2021-07-03 14:45:00,71209cf6b664c04414b4ae88c4fb06c40806df98a73458863876cf68c5bdb2a9,58,14,22.0,0,21.9,0.0,0,5,51.63905178538372,False,176.0,2021-07,LGB_medium,F2
2021-07-03,2021-07-02 16:00:00,2021-07-03 14:45:00,2021-07-03 15:00:00,71209cf6b664c04414b4ae88c4fb06c40806df98a73458863876cf68c5bdb2a9,59,14,23.0,0,21.9,0.0,0,5,51.96666807496909,False,176.0,2021-07,LGB_medium,F2
2021-07-03,2021-07-02 16:00:00,2021-07-03 15:00:00,2021-07-03 15:15:00,71209cf6b664c04414b4ae88c4fb06c40806df98a73458863876cf68c5bdb2a9,60,15,21.0,0,21.5,0.0,0,5,52.54775115420168,False,176.0,2021-07,LGB_medium,F2
2021-07-03,2021-07-02 16:00:00,2021-07-03 15:15:00,2021-07-03 15:30:00,71209cf6b664c04414b4ae88c4fb06c40806df98a73458863876cf68c5bdb2a9,61,15,22.0,0,21.5,0.0,0,5,52.553448720282866,False,176.0,2021-07,LGB_medium,F2
2021-07-03,2021-07-02 16:00:00,2021-07-03 15:30:00,2021-07-03 15:45:00,71209cf6b664c04414b4ae88c4fb06c40806df98a73458863876cf68c5bdb2a9,62,15,22.0,0,21.5,0.0,0,5,52.703244221240176,False,176.0,2021-07,LGB_medium,F2
2021-07-03,2021-07-02 16:00:00,2021-07-03 15:45:00,2021-07-03 16:00:00,71209cf6b664c04414b4ae88c4fb06c40806df98a73458863876cf68c5bdb2a9,63,15,25.0,0,21.5,0.0,0,5,52.950922432161995,False,176.0,2021-07,LGB_medium,F2
2021-07-03,2021-07-02 16:00:00,2021-07-03 16:00:00,2021-07-03 16:15:00,71209cf6b664c04414b4ae88c4fb06c40806df98a73458863876cf68c5bdb2a9,64,16,26.0,0,21.5,0.0,0,5,52.64673634302295,False,176.0,2021-07,LGB_medium,F2
2021-07-03,2021-07-02 16:00:00,2021-07-03 16:15:00,2021-07-03 16:30:00,71209cf6b664c04414b4ae88c4fb06c40806df98a73458863876cf68c5bdb2a9,65,16,22.0,0,21.5,0.0,0,5,52.63417933436539,False,176.0,2021-07,LGB_medium,F2
2021-07-03,2021-07-02 16:00:00,2021-07-03 16:30:00,2021-07-03 16:45:00,71209cf6b664c04414b4ae88c4fb06c40806df98a73458863876cf68c5bdb2a9,66,16,22.0,0,21.5,0.0,0,5,52.80876056364948,False,176.0,2021-07,LGB_medium,F2
2021-07-03,2021-07-02 16:00:00,2021-07-03 16:45:00,2021-07-03 17:00:00,71209cf6b664c04414b4ae88c4fb06c40806df98a73458863876cf68c5bdb2a9,67,16,22.0,0,21.5,0.0,0,5,52.80799339021735,False,176.0,2021-07,LGB_medium,F2
2021-07-03,2021-07-02 16:00:00,2021-07-03 17:00:00,2021-07-03 17:15:00,71209cf6b664c04414b4ae88c4fb06c40806df98a73458863876cf68c5bdb2a9,68,17,22.0,0,21.7,0.0,0,5,56.01955943193799,False,176.0,2021-07,LGB_medium,F2
2021-07-03,2021-07-02 16:00:00,2021-07-03 17:15:00,2021-07-03 17:30:00,71209cf6b664c04414b4ae88c4fb06c40806df98a73458863876cf68c5bdb2a9,69,17,22.0,0,21.7,0.0,0,5,55.80701687402584,False,176.0,2021-07,LGB_medium,F2
2021-07-03,2021-07-02 16:00:00,2021-07-03 17:30:00,2021-07-03 17:45:00,71209cf6b664c04414b4ae88c4fb06c40806df98a73458863876cf68c5bdb2a9,70,17,22.0,0,21.7,0.0,0,5,52.308394429759204,False,176.0,2021-07,LGB_medium,F2
2021-07-03,2021-07-02 16:00:00,2021-07-03 17:45:00,2021-07-03 18:00:00,71209cf6b664c04414b4ae88c4fb06c40806df98a73458863876cf68c5bdb2a9,71,17,22.0,0,21.7,0.0,0,5,55.61147329008006,False,176.0,2021-07,LGB_medium,F2
2021-07-03,2021-07-02 16:00:00,2021-07-03 18:00:00,2021-07-03 18:15:00,71209cf6b664c04414b4ae88c4fb06c40806df98a73458863876cf68c5bdb2a9,72,18,22.0,0,21.8,0.0,0,5,55.61147329008006,False,176.0,2021-07,LGB_medium,F2
2021-07-03,2021-07-02 16:00:00,2021-07-03 18:15:00,2021-07-03 18:30:00,71209cf6b664c04414b4ae88c4fb06c40806df98a73458863876cf68c5bdb2a9,73,18,23.0,0,21.8,0.0,0,5,54.24913716846619,False,176.0,2021-07,LGB_medium,F2
2021-07-03,2021-07-02 16:00:00,2021-07-03 18:30:00,2021-07-03 18:45:00,71209cf6b664c04414b4ae88c4fb06c40806df98a73458863876cf68c5bdb2a9,74,18,21.0,0,21.8,0.0,0,5,52.58632069554841,False,176.0,2021-07,LGB_medium,F2
2021-07-03,2021-07-02 16:00:00,2021-07-03 18:45:00,2021-07-03 19:00:00,71209cf6b664c04414b4ae88c4fb06c40806df98a73458863876cf68c5bdb2a9,75,18,22.0,0,21.8,0.0,0,5,50.51625931844183,False,176.0,2021-07,LGB_medium,F2
2021-07-03,2021-07-02 16:00:00,2021-07-03 19:00:00,2021-07-03 19:15:00,71209cf6b664c04414b4ae88c4fb06c40806df98a73458863876cf68c5bdb2a9,76,19,26.0,0,21.6,0.0,0,5,50.58656425959945,False,176.0,2021-07,LGB_medium,F2
2021-07-03,2021-07-02 16:00:00,2021-07-03 19:15:00,2021-07-03 19:30:00,71209cf6b664c04414b4ae88c4fb06c40806df98a73458863876cf68c5bdb2a9,77,19,27.0,0,21.6,0.0,0,5,50.59310282858797,False,176.0,2021-07,LGB_medium,F2
2021-07-03,2021-07-02 16:00:00,2021-07-03 19:30:00,2021-07-03 19:45:00,71209cf6b664c04414b4ae88c4fb06c40806df98a73458863876cf68c5bdb2a9,78,19,22.0,0,21.6,0.0,0,5,50.03704354056583,False,176.0,2021-07,LGB_medium,F2
2021-07-03,2021-07-02 16:00:00,2021-07-03 19:45:00,2021-07-03 20:00:00,71209cf6b664c04414b4ae88c4fb06c40806df98a73458863876cf68c5bdb2a9,79,19,22.0,0,21.6,0.0,0,5,50.0591813672451,False,176.0,2021-07,LGB_medium,F2
2021-07-03,2021-07-02 16:00:00,2021-07-03 20:00:00,2021-07-03 20:15:00,71209cf6b664c04414b4ae88c4fb06c40806df98a73458863876cf68c5bdb2a9,80,20,23.0,0,21.8,0.0,0,5,50.166061143573735,False,176.0,2021-07,LGB_medium,F2
2021-07-03,2021-07-02 16:00:00,2021-07-03 20:15:00,2021-07-03 20:30:00,71209cf6b664c04414b4ae88c4fb06c40806df98a73458863876cf68c5bdb2a9,81,20,22.0,0,21.8,0.0,0,5,52.65842557738224,False,176.0,2021-07,LGB_medium,F2
2021-07-03,2021-07-02 16:00:00,2021-07-03 20:30:00,2021-07-03 20:45:00,71209cf6b664c04414b4ae88c4fb06c40806df98a73458863876cf68c5bdb2a9,82,20,22.0,0,21.8,0.0,0,5,50.5063965469946,False,176.0,2021-07,LGB_medium,F2
2021-07-03,2021-07-02 16:00:00,2021-07-03 20:45:00,2021-07-03 21:00:00,71209cf6b664c04414b4ae88c4fb06c40806df98a73458863876cf68c5bdb2a9,83,20,22.0,0,21.8,0.0,0,5,50.09646702016746,False,176.0,2021-07,LGB_medium,F2
2021-07-03,2021-07-02 16:00:00,2021-07-03 21:00:00,2021-07-03 21:15:00,71209cf6b664c04414b4ae88c4fb06c40806df98a73458863876cf68c5bdb2a9,84,21,23.0,0,21.8,0.0,0,5,50.09646702016746,False,176.0,2021-07,LGB_medium,F2
2021-07-03,2021-07-02 16:00:00,2021-07-03 21:15:00,2021-07-03 21:30:00,71209cf6b664c04414b4ae88c4fb06c40806df98a73458863876cf68c5bdb2a9,85,21,23.0,0,21.8,0.0,0,5,50.21138486245173,False,176.0,2021-07,LGB_medium,F2
2021-07-03,2021-07-02 16:00:00,2021-07-03 21:30:00,2021-07-03 21:45:00,71209cf6b664c04414b4ae88c4fb06c40806df98a73458863876cf68c5bdb2a9,86,21,23.0,0,21.8,0.0,0,5,50.12755026213854,False,176.0,2021-07,LGB_medium,F2
2021-07-03,2021-07-02 16:00:00,2021-07-03 21:45:00,2021-07-03 22:00:00,71209cf6b664c04414b4ae88c4fb06c40806df98a73458863876cf68c5bdb2a9,87,21,22.0,0,21.8,0.0,0,5,49.77132295659055,False,176.0,2021-07,LGB_medium,F2
2021-07-03,2021-07-02 16:00:00,2021-07-03 22:00:00,2021-07-03 22:15:00,71209cf6b664c04414b4ae88c4fb06c40806df98a73458863876cf68c5bdb2a9,88,22,23.0,0,21.8,0.0,0,5,50.408617773542204,False,176.0,2021-07,LGB_medium,F2
2021-07-03,2021-07-02 16:00:00,2021-07-03 22:15:00,2021-07-03 22:30:00,71209cf6b664c04414b4ae88c4fb06c40806df98a73458863876cf68c5bdb2a9,89,22,24.0,0,21.8,0.0,0,5,50.60127053293081,False,176.0,2021-07,LGB_medium,F2
2021-07-03,2021-07-02 16:00:00,2021-07-03 22:30:00,2021-07-03 22:45:00,71209cf6b664c04414b4ae88c4fb06c40806df98a73458863876cf68c5bdb2a9,90,22,27.0,0,21.8,0.0,0,5,50.387554329839666,False,176.0,2021-07,LGB_medium,F2
2021-07-03,2021-07-02 16:00:00,2021-07-03 22:45:00,2021-07-03 23:00:00,71209cf6b664c04414b4ae88c4fb06c40806df98a73458863876cf68c5bdb2a9,91,22,23.0,0,21.8,0.0,0,5,50.34592849350499,False,176.0,2021-07,LGB_medium,F2
2021-07-03,2021-07-02 16:00:00,2021-07-03 23:00:00,2021-07-03 23:15:00,71209cf6b664c04414b4ae88c4fb06c40806df98a73458863876cf68c5bdb2a9,92,23,23.0,0,21.8,0.0,0,5,45.32781675683049,False,176.0,2021-07,LGB_medium,F2
2021-07-03,2021-07-02 16:00:00,2021-07-03 23:15:00,2021-07-03 23:30:00,71209cf6b664c04414b4ae88c4fb06c40806df98a73458863876cf68c5bdb2a9,93,23,22.0,0,21.8,0.0,0,5,43.486207148860856,False,176.0,2021-07,LGB_medium,F2
2021-07-03,2021-07-02 16:00:00,2021-07-03 23:30:00,2021-07-03 23:45:00,71209cf6b664c04414b4ae88c4fb06c40806df98a73458863876cf68c5bdb2a9,94,23,22.0,0,21.8,0.0,0,5,45.321161742321465,False,176.0,2021-07,LGB_medium,F2
2021-07-03,2021-07-02 16:00:00,2021-07-03 23:45:00,2021-07-04 00:00:00,71209cf6b664c04414b4ae88c4fb06c40806df98a73458863876cf68c5bdb2a9,95,23,22.0,0,21.8,0.0,0,5,42.8017340649394,False,176.0,2021-07,LGB_medium,F2
2021-07-04,2021-07-03 16:00:00,2021-07-04 00:00:00,2021-07-04 00:15:00,7ba19748a927bf6672862f7b601d6b701e8713c3a3ae2ddfbe768b3500380e39,0,0,22.0,0,22.4,0.0,0,6,16.11075321499381,False,176.0,2021-07,LGB_medium,F2
2021-07-04,2021-07-03 16:00:00,2021-07-04 00:15:00,2021-07-04 00:30:00,7ba19748a927bf6672862f7b601d6b701e8713c3a3ae2ddfbe768b3500380e39,1,0,23.0,0,22.4,0.0,0,6,16.11075321499381,False,176.0,2021-07,LGB_medium,F2
2021-07-04,2021-07-03 16:00:00,2021-07-04 00:30:00,2021-07-04 00:45:00,7ba19748a927bf6672862f7b601d6b701e8713c3a3ae2ddfbe768b3500380e39,2,0,22.0,0,22.4,0.0,0,6,16.08730283879813,False,176.0,2021-07,LGB_medium,F2
2021-07-04,2021-07-03 16:00:00,2021-07-04 00:45:00,2021-07-04 01:00:00,7ba19748a927bf6672862f7b601d6b701e8713c3a3ae2ddfbe768b3500380e39,3,0,22.0,0,22.4,0.0,0,6,16.678033256706282,False,176.0,2021-07,LGB_medium,F2
2021-07-04,2021-07-03 16:00:00,2021-07-04 01:00:00,2021-07-04 01:15:00,7ba19748a927bf6672862f7b601d6b701e8713c3a3ae2ddfbe768b3500380e39,4,1,22.0,0,23.6,0.0,0,6,16.853804637581135,False,176.0,2021-07,LGB_medium,F2
2021-07-04,2021-07-03 16:00:00,2021-07-04 01:15:00,2021-07-04 01:30:00,7ba19748a927bf6672862f7b601d6b701e8713c3a3ae2ddfbe768b3500380e39,5,1,22.0,0,23.6,0.0,0,6,21.668778586440947,False,176.0,2021-07,LGB_medium,F2
2021-07-04,2021-07-03 16:00:00,2021-07-04 01:30:00,2021-07-04 01:45:00,7ba19748a927bf6672862f7b601d6b701e8713c3a3ae2ddfbe768b3500380e39,6,1,27.0,0,23.6,0.0,0,6,22.884310758318087,False,176.0,2021-07,LGB_medium,F2
2021-07-04,2021-07-03 16:00:00,2021-07-04 01:45:00,2021-07-04 02:00:00,7ba19748a927bf6672862f7b601d6b701e8713c3a3ae2ddfbe768b3500380e39,7,1,27.0,0,23.6,0.0,0,6,22.90205773310534,False,176.0,2021-07,LGB_medium,F2
2021-07-04,2021-07-03 16:00:00,2021-07-04 02:00:00,2021-07-04 02:15:00,7ba19748a927bf6672862f7b601d6b701e8713c3a3ae2ddfbe768b3500380e39,8,2,24.0,0,24.8,0.0,0,6,22.8682308424822,False,176.0,2021-07,LGB_medium,F2
2021-07-04,2021-07-03 16:00:00,2021-07-04 02:15:00,2021-07-04 02:30:00,7ba19748a927bf6672862f7b601d6b701e8713c3a3ae2ddfbe768b3500380e39,9,2,23.0,0,24.8,0.0,0,6,22.8682308424822,False,176.0,2021-07,LGB_medium,F2
2021-07-04,2021-07-03 16:00:00,2021-07-04 02:30:00,2021-07-04 02:45:00,7ba19748a927bf6672862f7b601d6b701e8713c3a3ae2ddfbe768b3500380e39,10,2,23.0,0,24.8,0.0,0,6,22.72384156470684,False,176.0,2021-07,LGB_medium,F2
2021-07-04,2021-07-03 16:00:00,2021-07-04 02:45:00,2021-07-04 03:00:00,7ba19748a927bf6672862f7b601d6b701e8713c3a3ae2ddfbe768b3500380e39,11,2,22.0,0,24.8,0.0,0,6,22.706094589919587,False,176.0,2021-07,LGB_medium,F2
2021-07-04,2021-07-03 16:00:00,2021-07-04 03:00:00,2021-07-04 03:15:00,7ba19748a927bf6672862f7b601d6b701e8713c3a3ae2ddfbe768b3500380e39,12,3,22.0,0,24.9,0.0,0,6,22.69059109681733,False,176.0,2021-07,LGB_medium,F2
2021-07-04,2021-07-03 16:00:00,2021-07-04 03:15:00,2021-07-04 03:30:00,7ba19748a927bf6672862f7b601d6b701e8713c3a3ae2ddfbe768b3500380e39,13,3,23.0,0,24.9,0.0,0,6,22.864533592736507,False,176.0,2021-07,LGB_medium,F2
2021-07-04,2021-07-03 16:00:00,2021-07-04 03:30:00,2021-07-04 03:45:00,7ba19748a927bf6672862f7b601d6b701e8713c3a3ae2ddfbe768b3500380e39,14,3,23.0,0,24.9,0.0,0,6,22.743918184371047,False,176.0,2021-07,LGB_medium,F2
2021-07-04,2021-07-03 16:00:00,2021-07-04 03:45:00,2021-07-04 04:00:00,7ba19748a927bf6672862f7b601d6b701e8713c3a3ae2ddfbe768b3500380e39,15,3,22.0,0,24.9,0.0,0,6,22.864533592736507,False,176.0,2021-07,LGB_medium,F2
2021-07-04,2021-07-03 16:00:00,2021-07-04 04:00:00,2021-07-04 04:15:00,7ba19748a927bf6672862f7b601d6b701e8713c3a3ae2ddfbe768b3500380e39,16,4,23.0,0,24.6,0.0,0,6,22.27762607988333,False,176.0,2021-07,LGB_medium,F2
2021-07-04,2021-07-03 16:00:00,2021-07-04 04:15:00,2021-07-04 04:30:00,7ba19748a927bf6672862f7b601d6b701e8713c3a3ae2ddfbe768b3500380e39,17,4,23.0,0,24.6,0.0,0,6,22.421021089376577,False,176.0,2021-07,LGB_medium,F2
2021-07-04,2021-07-03 16:00:00,2021-07-04 04:30:00,2021-07-04 04:45:00,7ba19748a927bf6672862f7b601d6b701e8713c3a3ae2ddfbe768b3500380e39,18,4,22.0,0,24.6,0.0,0,6,22.832213601588712,False,176.0,2021-07,LGB_medium,F2
2021-07-04,2021-07-03 16:00:00,2021-07-04 04:45:00,2021-07-04 05:00:00,7ba19748a927bf6672862f7b601d6b701e8713c3a3ae2ddfbe768b3500380e39,19,4,22.0,0,24.6,0.0,0,6,23.0129286237698,False,176.0,2021-07,LGB_medium,F2
2021-07-04,2021-07-03 16:00:00,2021-07-04 05:00:00,2021-07-04 05:15:00,7ba19748a927bf6672862f7b601d6b701e8713c3a3ae2ddfbe768b3500380e39,20,5,23.0,0,24.8,0.0,0,6,21.701263058109607,False,176.0,2021-07,LGB_medium,F2
2021-07-04,2021-07-03 16:00:00,2021-07-04 05:15:00,2021-07-04 05:30:00,7ba19748a927bf6672862f7b601d6b701e8713c3a3ae2ddfbe768b3500380e39,21,5,27.0,0,24.8,0.0,0,6,22.213580743794665,False,176.0,2021-07,LGB_medium,F2
2021-07-04,2021-07-03 16:00:00,2021-07-04 05:30:00,2021-07-04 05:45:00,7ba19748a927bf6672862f7b601d6b701e8713c3a3ae2ddfbe768b3500380e39,22,5,23.0,0,24.8,0.0,0,6,22.201554374660162,False,176.0,2021-07,LGB_medium,F2
2021-07-04,2021-07-03 16:00:00,2021-07-04 05:45:00,2021-07-04 06:00:00,7ba19748a927bf6672862f7b601d6b701e8713c3a3ae2ddfbe768b3500380e39,23,5,23.0,0,24.8,0.0,0,6,22.240652477897964,False,176.0,2021-07,LGB_medium,F2
2021-07-04,2021-07-03 16:00:00,2021-07-04 06:00:00,2021-07-04 06:15:00,7ba19748a927bf6672862f7b601d6b701e8713c3a3ae2ddfbe768b3500380e39,24,6,22.0,0,24.8,0.0,0,6,23.30690291589674,False,176.0,2021-07,LGB_medium,F2
2021-07-04,2021-07-03 16:00:00,2021-07-04 06:15:00,2021-07-04 06:30:00,7ba19748a927bf6672862f7b601d6b701e8713c3a3ae2ddfbe768b3500380e39,25,6,22.0,0,24.8,0.0,0,6,22.329444403425402,False,176.0,2021-07,LGB_medium,F2
2021-07-04,2021-07-03 16:00:00,2021-07-04 06:30:00,2021-07-04 06:45:00,7ba19748a927bf6672862f7b601d6b701e8713c3a3ae2ddfbe768b3500380e39,26,6,23.0,0,24.8,0.0,0,6,22.522967324697042,False,176.0,2021-07,LGB_medium,F2
2021-07-04,2021-07-03 16:00:00,2021-07-04 06:45:00,2021-07-04 07:00:00,7ba19748a927bf6672862f7b601d6b701e8713c3a3ae2ddfbe768b3500380e39,27,6,22.0,0,24.8,0.0,0,6,22.6435827330625,False,176.0,2021-07,LGB_medium,F2
2021-07-04,2021-07-03 16:00:00,2021-07-04 07:00:00,2021-07-04 07:15:00,7ba19748a927bf6672862f7b601d6b701e8713c3a3ae2ddfbe768b3500380e39,28,7,21.0,0,25.8,0.0,0,6,22.66475424218192,False,176.0,2021-07,LGB_medium,F2
2021-07-04,2021-07-03 16:00:00,2021-07-04 07:15:00,2021-07-04 07:30:00,7ba19748a927bf6672862f7b601d6b701e8713c3a3ae2ddfbe768b3500380e39,29,7,22.0,0,25.8,0.0,0,6,22.95850469944302,False,176.0,2021-07,LGB_medium,F2
2021-07-04,2021-07-03 16:00:00,2021-07-04 07:30:00,2021-07-04 07:45:00,7ba19748a927bf6672862f7b601d6b701e8713c3a3ae2ddfbe768b3500380e39,30,7,23.0,0,25.8,0.0,0,6,22.78160802929912,False,176.0,2021-07,LGB_medium,F2
2021-07-04,2021-07-03 16:00:00,2021-07-04 07:45:00,2021-07-04 08:00:00,7ba19748a927bf6672862f7b601d6b701e8713c3a3ae2ddfbe768b3500380e39,31,7,22.0,0,25.8,0.0,0,6,22.609174141110156,False,176.0,2021-07,LGB_medium,F2
2021-07-04,2021-07-03 16:00:00,2021-07-04 08:00:00,2021-07-04 08:15:00,7ba19748a927bf6672862f7b601d6b701e8713c3a3ae2ddfbe768b3500380e39,32,8,24.0,0,27.4,0.0,0,6,22.493270913394245,False,176.0,2021-07,LGB_medium,F2
2021-07-04,2021-07-03 16:00:00,2021-07-04 08:15:00,2021-07-04 08:30:00,7ba19748a927bf6672862f7b601d6b701e8713c3a3ae2ddfbe768b3500380e39,33,8,28.0,0,27.4,0.0,0,6,23.0266929595929,False,176.0,2021-07,LGB_medium,F2
2021-07-04,2021-07-03 16:00:00,2021-07-04 08:30:00,2021-07-04 08:45:00,7ba19748a927bf6672862f7b601d6b701e8713c3a3ae2ddfbe768b3500380e39,34,8,24.0,0,27.4,0.0,0,6,23.4160206073514,False,176.0,2021-07,LGB_medium,F2
2021-07-04,2021-07-03 16:00:00,2021-07-04 08:45:00,2021-07-04 09:00:00,7ba19748a927bf6672862f7b601d6b701e8713c3a3ae2ddfbe768b3500380e39,35,8,21.0,0,27.4,0.0,0,6,23.70663488963454,False,176.0,2021-07,LGB_medium,F2
2021-07-04,2021-07-03 16:00:00,2021-07-04 09:00:00,2021-07-04 09:15:00,7ba19748a927bf6672862f7b601d6b701e8713c3a3ae2ddfbe768b3500380e39,36,9,22.0,0,28.7,0.0,0,6,24.468972206756906,False,176.0,2021-07,LGB_medium,F2
2021-07-04,2021-07-03 16:00:00,2021-07-04 09:15:00,2021-07-04 09:30:00,7ba19748a927bf6672862f7b601d6b701e8713c3a3ae2ddfbe768b3500380e39,37,9,22.0,0,28.7,0.0,0,6,22.37784630002981,False,176.0,2021-07,LGB_medium,F2
2021-07-04,2021-07-03 16:00:00,2021-07-04 09:30:00,2021-07-04 09:45:00,7ba19748a927bf6672862f7b601d6b701e8713c3a3ae2ddfbe768b3500380e39,38,9,22.0,0,28.7,0.0,0,6,22.640917746104964,False,176.0,2021-07,LGB_medium,F2
2021-07-04,2021-07-03 16:00:00,2021-07-04 09:45:00,2021-07-04 10:00:00,7ba19748a927bf6672862f7b601d6b701e8713c3a3ae2ddfbe768b3500380e39,39,9,22.0,0,28.7,0.0,0,6,22.66849346013322,False,176.0,2021-07,LGB_medium,F2
2021-07-04,2021-07-03 16:00:00,2021-07-04 10:00:00,2021-07-04 10:15:00,7ba19748a927bf6672862f7b601d6b701e8713c3a3ae2ddfbe768b3500380e39,40,10,22.0,0,29.1,0.0,0,6,22.412710055434708,False,176.0,2021-07,LGB_medium,F2
2021-07-04,2021-07-03 16:00:00,2021-07-04 10:15:00,2021-07-04 10:30:00,7ba19748a927bf6672862f7b601d6b701e8713c3a3ae2ddfbe768b3500380e39,41,10,23.0,0,29.1,0.0,0,6,22.902848154907566,False,176.0,2021-07,LGB_medium,F2
2021-07-04,2021-07-03 16:00:00,2021-07-04 10:30:00,2021-07-04 10:45:00,7ba19748a927bf6672862f7b601d6b701e8713c3a3ae2ddfbe768b3500380e39,42,10,23.0,0,29.1,0.0,0,6,23.21099571102567,False,176.0,2021-07,LGB_medium,F2
2021-07-04,2021-07-03 16:00:00,2021-07-04 10:45:00,2021-07-04 11:00:00,7ba19748a927bf6672862f7b601d6b701e8713c3a3ae2ddfbe768b3500380e39,43,10,23.0,0,29.1,0.0,0,6,23.45137919306484,False,176.0,2021-07,LGB_medium,F2
2021-07-04,2021-07-03 16:00:00,2021-07-04 11:00:00,2021-07-04 11:15:00,7ba19748a927bf6672862f7b601d6b701e8713c3a3ae2ddfbe768b3500380e39,44,11,24.0,0,29.7,0.0,0,6,22.856088094843642,False,176.0,2021-07,LGB_medium,F2
2021-07-04,2021-07-03 16:00:00,2021-07-04 11:15:00,2021-07-04 11:30:00,7ba19748a927bf6672862f7b601d6b701e8713c3a3ae2ddfbe768b3500380e39,45,11,26.0,0,29.7,0.0,0,6,19.941278108119885,False,176.0,2021-07,LGB_medium,F2
2021-07-04,2021-07-03 16:00:00,2021-07-04 11:30:00,2021-07-04 11:45:00,7ba19748a927bf6672862f7b601d6b701e8713c3a3ae2ddfbe768b3500380e39,46,11,28.0,0,29.7,0.0,0,6,21.24781450531158,False,176.0,2021-07,LGB_medium,F2
2021-07-04,2021-07-03 16:00:00,2021-07-04 11:45:00,2021-07-04 12:00:00,7ba19748a927bf6672862f7b601d6b701e8713c3a3ae2ddfbe768b3500380e39,47,11,25.0,0,29.7,0.0,0,6,20.664448044343583,False,176.0,2021-07,LGB_medium,F2
2021-07-04,2021-07-03 16:00:00,2021-07-04 12:00:00,2021-07-04 12:15:00,7ba19748a927bf6672862f7b601d6b701e8713c3a3ae2ddfbe768b3500380e39,48,12,24.0,0,30.6,0.0,0,6,18.70048783205749,False,176.0,2021-07,LGB_medium,F2
2021-07-04,2021-07-03 16:00:00,2021-07-04 12:15:00,2021-07-04 12:30:00,7ba19748a927bf6672862f7b601d6b701e8713c3a3ae2ddfbe768b3500380e39,49,12,23.0,0,30.6,0.0,0,6,23.0467443155806,False,176.0,2021-07,LGB_medium,F2
2021-07-04,2021-07-03 16:00:00,2021-07-04 12:30:00,2021-07-04 12:45:00,7ba19748a927bf6672862f7b601d6b701e8713c3a3ae2ddfbe768b3500380e39,50,12,23.0,0,30.6,0.0,0,6,18.74186249511562,False,176.0,2021-07,LGB_medium,F2
2021-07-04,2021-07-03 16:00:00,2021-07-04 12:45:00,2021-07-04 13:00:00,7ba19748a927bf6672862f7b601d6b701e8713c3a3ae2ddfbe768b3500380e39,51,12,23.0,0,30.6,0.0,0,6,19.662809383552773,False,176.0,2021-07,LGB_medium,F2
2021-07-04,2021-07-03 16:00:00,2021-07-04 13:00:00,2021-07-04 13:15:00,7ba19748a927bf6672862f7b601d6b701e8713c3a3ae2ddfbe768b3500380e39,52,13,23.0,0,31.3,0.0,0,6,21.612314436310378,False,176.0,2021-07,LGB_medium,F2
2021-07-04,2021-07-03 16:00:00,2021-07-04 13:15:00,2021-07-04 13:30:00,7ba19748a927bf6672862f7b601d6b701e8713c3a3ae2ddfbe768b3500380e39,53,13,24.0,0,31.3,0.0,0,6,22.273775948349975,False,176.0,2021-07,LGB_medium,F2
2021-07-04,2021-07-03 16:00:00,2021-07-04 13:30:00,2021-07-04 13:45:00,7ba19748a927bf6672862f7b601d6b701e8713c3a3ae2ddfbe768b3500380e39,54,13,23.0,0,31.3,0.0,0,6,21.526012832028496,False,176.0,2021-07,LGB_medium,F2
2021-07-04,2021-07-03 16:00:00,2021-07-04 13:45:00,2021-07-04 14:00:00,7ba19748a927bf6672862f7b601d6b701e8713c3a3ae2ddfbe768b3500380e39,55,13,23.0,0,31.3,0.0,0,6,20.684165327783564,False,176.0,2021-07,LGB_medium,F2
2021-07-04,2021-07-03 16:00:00,2021-07-04 14:00:00,2021-07-04 14:15:00,7ba19748a927bf6672862f7b601d6b701e8713c3a3ae2ddfbe768b3500380e39,56,14,23.0,0,29.7,0.0,0,6,21.210651751079585,False,176.0,2021-07,LGB_medium,F2
2021-07-04,2021-07-03 16:00:00,2021-07-04 14:15:00,2021-07-04 14:30:00,7ba19748a927bf6672862f7b601d6b701e8713c3a3ae2ddfbe768b3500380e39,57,14,23.0,0,29.7,0.0,0,6,21.183866003288077,False,176.0,2021-07,LGB_medium,F2
2021-07-04,2021-07-03 16:00:00,2021-07-04 14:30:00,2021-07-04 14:45:00,7ba19748a927bf6672862f7b601d6b701e8713c3a3ae2ddfbe768b3500380e39,58,14,23.0,0,29.7,0.0,0,6,20.963495320813784,False,176.0,2021-07,LGB_medium,F2
2021-07-04,2021-07-03 16:00:00,2021-07-04 14:45:00,2021-07-04 15:00:00,7ba19748a927bf6672862f7b601d6b701e8713c3a3ae2ddfbe768b3500380e39,59,14,27.0,0,29.7,0.0,0,6,20.482836487227814,False,176.0,2021-07,LGB_medium,F2
2021-07-04,2021-07-03 16:00:00,2021-07-04 15:00:00,2021-07-04 15:15:00,7ba19748a927bf6672862f7b601d6b701e8713c3a3ae2ddfbe768b3500380e39,60,15,27.0,0,28.1,0.0,0,6,21.441559869173037,False,176.0,2021-07,LGB_medium,F2
2021-07-04,2021-07-03 16:00:00,2021-07-04 15:15:00,2021-07-04 15:30:00,7ba19748a927bf6672862f7b601d6b701e8713c3a3ae2ddfbe768b3500380e39,61,15,23.0,0,28.1,0.0,0,6,24.60658148791444,False,176.0,2021-07,LGB_medium,F2
2021-07-04,2021-07-03 16:00:00,2021-07-04 15:30:00,2021-07-04 15:45:00,7ba19748a927bf6672862f7b601d6b701e8713c3a3ae2ddfbe768b3500380e39,62,15,23.0,0,28.1,0.0,0,6,23.974403921820468,False,176.0,2021-07,LGB_medium,F2
2021-07-04,2021-07-03 16:00:00,2021-07-04 15:45:00,2021-07-04 16:00:00,7ba19748a927bf6672862f7b601d6b701e8713c3a3ae2ddfbe768b3500380e39,63,15,23.0,0,28.1,0.0,0,6,21.211441717316333,False,176.0,2021-07,LGB_medium,F2
2021-07-04,2021-07-03 16:00:00,2021-07-04 16:00:00,2021-07-04 16:15:00,7ba19748a927bf6672862f7b601d6b701e8713c3a3ae2ddfbe768b3500380e39,64,16,23.0,0,27.4,0.0,0,6,21.211441717316333,False,176.0,2021-07,LGB_medium,F2
2021-07-04,2021-07-03 16:00:00,2021-07-04 16:15:00,2021-07-04 16:30:00,7ba19748a927bf6672862f7b601d6b701e8713c3a3ae2ddfbe768b3500380e39,65,16,23.0,0,27.4,0.0,0,6,21.23372878816746,False,176.0,2021-07,LGB_medium,F2
2021-07-04,2021-07-03 16:00:00,2021-07-04 16:30:00,2021-07-04 16:45:00,7ba19748a927bf6672862f7b601d6b701e8713c3a3ae2ddfbe768b3500380e39,66,16,23.0,0,27.4,0.0,0,6,21.225962024569597,False,176.0,2021-07,LGB_medium,F2
2021-07-04,2021-07-03 16:00:00,2021-07-04 16:45:00,2021-07-04 17:00:00,7ba19748a927bf6672862f7b601d6b701e8713c3a3ae2ddfbe768b3500380e39,67,16,25.0,0,27.4,0.0,0,6,21.225962024569597,False,176.0,2021-07,LGB_medium,F2
2021-07-04,2021-07-03 16:00:00,2021-07-04 17:00:00,2021-07-04 17:15:00,7ba19748a927bf6672862f7b601d6b701e8713c3a3ae2ddfbe768b3500380e39,68,17,22.0,0,27.0,0.0,0,6,21.15877854320346,False,176.0,2021-07,LGB_medium,F2
2021-07-04,2021-07-03 16:00:00,2021-07-04 17:15:00,2021-07-04 17:30:00,7ba19748a927bf6672862f7b601d6b701e8713c3a3ae2ddfbe768b3500380e39,69,17,22.0,0,27.0,0.0,0,6,20.95454619978396,False,176.0,2021-07,LGB_medium,F2
2021-07-04,2021-07-03 16:00:00,2021-07-04 17:30:00,2021-07-04 17:45:00,7ba19748a927bf6672862f7b601d6b701e8713c3a3ae2ddfbe768b3500380e39,70,17,22.0,0,27.0,0.0,0,6,21.395340838571197,False,176.0,2021-07,LGB_medium,F2
2021-07-04,2021-07-03 16:00:00,2021-07-04 17:45:00,2021-07-04 18:00:00,7ba19748a927bf6672862f7b601d6b701e8713c3a3ae2ddfbe768b3500380e39,71,17,22.0,0,27.0,0.0,0,6,22.31206796518896,False,176.0,2021-07,LGB_medium,F2
2021-07-04,2021-07-03 16:00:00,2021-07-04 18:00:00,2021-07-04 18:15:00,7ba19748a927bf6672862f7b601d6b701e8713c3a3ae2ddfbe768b3500380e39,72,18,25.0,0,26.4,0.0,0,6,22.772713999210044,False,176.0,2021-07,LGB_medium,F2
2021-07-04,2021-07-03 16:00:00,2021-07-04 18:15:00,2021-07-04 18:30:00,7ba19748a927bf6672862f7b601d6b701e8713c3a3ae2ddfbe768b3500380e39,73,18,27.0,0,26.4,0.0,0,6,22.772713999210044,False,176.0,2021-07,LGB_medium,F2
2021-07-04,2021-07-03 16:00:00,2021-07-04 18:30:00,2021-07-04 18:45:00,7ba19748a927bf6672862f7b601d6b701e8713c3a3ae2ddfbe768b3500380e39,74,18,23.0,0,26.4,0.0,0,6,22.130737253818836,False,176.0,2021-07,LGB_medium,F2
2021-07-04,2021-07-03 16:00:00,2021-07-04 18:45:00,2021-07-04 19:00:00,7ba19748a927bf6672862f7b601d6b701e8713c3a3ae2ddfbe768b3500380e39,75,18,23.0,0,26.4,0.0,0,6,24.371792620767096,False,176.0,2021-07,LGB_medium,F2
2021-07-04,2021-07-03 16:00:00,2021-07-04 19:00:00,2021-07-04 19:15:00,7ba19748a927bf6672862f7b601d6b701e8713c3a3ae2ddfbe768b3500380e39,76,19,23.0,0,25.9,0.0,0,6,22.05429843879629,False,176.0,2021-07,LGB_medium,F2
2021-07-04,2021-07-03 16:00:00,2021-07-04 19:15:00,2021-07-04 19:30:00,7ba19748a927bf6672862f7b601d6b701e8713c3a3ae2ddfbe768b3500380e39,77,19,22.0,0,25.9,0.0,0,6,22.064288166422088,False,176.0,2021-07,LGB_medium,F2
2021-07-04,2021-07-03 16:00:00,2021-07-04 19:30:00,2021-07-04 19:45:00,7ba19748a927bf6672862f7b601d6b701e8713c3a3ae2ddfbe768b3500380e39,78,19,22.0,0,25.9,0.0,0,6,21.349227047856107,False,176.0,2021-07,LGB_medium,F2
2021-07-04,2021-07-03 16:00:00,2021-07-04 19:45:00,2021-07-04 20:00:00,7ba19748a927bf6672862f7b601d6b701e8713c3a3ae2ddfbe768b3500380e39,79,19,23.0,0,25.9,0.0,0,6,21.26633192097218,False,176.0,2021-07,LGB_medium,F2
2021-07-04,2021-07-03 16:00:00,2021-07-04 20:00:00,2021-07-04 20:15:00,7ba19748a927bf6672862f7b601d6b701e8713c3a3ae2ddfbe768b3500380e39,80,20,22.0,0,25.4,0.0,0,6,21.41396186956314,False,176.0,2021-07,LGB_medium,F2
2021-07-04,2021-07-03 16:00:00,2021-07-04 20:15:00,2021-07-04 20:30:00,7ba19748a927bf6672862f7b601d6b701e8713c3a3ae2ddfbe768b3500380e39,81,20,23.0,0,25.4,0.0,0,6,21.405036538947705,False,176.0,2021-07,LGB_medium,F2
2021-07-04,2021-07-03 16:00:00,2021-07-04 20:30:00,2021-07-04 20:45:00,7ba19748a927bf6672862f7b601d6b701e8713c3a3ae2ddfbe768b3500380e39,82,20,22.0,0,25.4,0.0,0,6,21.405036538947705,False,176.0,2021-07,LGB_medium,F2
2021-07-04,2021-07-03 16:00:00,2021-07-04 20:45:00,2021-07-04 21:00:00,7ba19748a927bf6672862f7b601d6b701e8713c3a3ae2ddfbe768b3500380e39,83,20,22.0,0,25.4,0.0,0,6,21.405036538947705,False,176.0,2021-07,LGB_medium,F2
2021-07-04,2021-07-03 16:00:00,2021-07-04 21:00:00,2021-07-04 21:15:00,7ba19748a927bf6672862f7b601d6b701e8713c3a3ae2ddfbe768b3500380e39,84,21,24.0,0,23.6,0.0,0,6,21.429312793717255,False,176.0,2021-07,LGB_medium,F2
2021-07-04,2021-07-03 16:00:00,2021-07-04 21:15:00,2021-07-04 21:30:00,7ba19748a927bf6672862f7b601d6b701e8713c3a3ae2ddfbe768b3500380e39,85,21,24.0,0,23.6,0.0,0,6,21.398512866598132,False,176.0,2021-07,LGB_medium,F2
2021-07-04,2021-07-03 16:00:00,2021-07-04 21:30:00,2021-07-04 21:45:00,7ba19748a927bf6672862f7b601d6b701e8713c3a3ae2ddfbe768b3500380e39,86,21,28.0,0,23.6,0.0,0,6,21.368896055958217,False,176.0,2021-07,LGB_medium,F2
2021-07-04,2021-07-03 16:00:00,2021-07-04 21:45:00,2021-07-04 22:00:00,7ba19748a927bf6672862f7b601d6b701e8713c3a3ae2ddfbe768b3500380e39,87,21,25.0,0,23.6,0.0,0,6,21.79099019489421,False,176.0,2021-07,LGB_medium,F2
2021-07-04,2021-07-03 16:00:00,2021-07-04 22:00:00,2021-07-04 22:15:00,7ba19748a927bf6672862f7b601d6b701e8713c3a3ae2ddfbe768b3500380e39,88,22,23.0,0,23.1,0.0,0,6,24.67542755664578,False,176.0,2021-07,LGB_medium,F2
2021-07-04,2021-07-03 16:00:00,2021-07-04 22:15:00,2021-07-04 22:30:00,7ba19748a927bf6672862f7b601d6b701e8713c3a3ae2ddfbe768b3500380e39,89,22,24.0,0,23.1,0.0,0,6,22.694572683460873,False,176.0,2021-07,LGB_medium,F2
2021-07-04,2021-07-03 16:00:00,2021-07-04 22:30:00,2021-07-04 22:45:00,7ba19748a927bf6672862f7b601d6b701e8713c3a3ae2ddfbe768b3500380e39,90,22,23.0,0,23.1,0.0,0,6,21.35480099881076,False,176.0,2021-07,LGB_medium,F2
2021-07-04,2021-07-03 16:00:00,2021-07-04 22:45:00,2021-07-04 23:00:00,7ba19748a927bf6672862f7b601d6b701e8713c3a3ae2ddfbe768b3500380e39,91,22,23.0,0,23.1,0.0,0,6,21.1617598269915,False,176.0,2021-07,LGB_medium,F2
2021-07-04,2021-07-03 16:00:00,2021-07-04 23:00:00,2021-07-04 23:15:00,7ba19748a927bf6672862f7b601d6b701e8713c3a3ae2ddfbe768b3500380e39,92,23,23.0,0,22.8,0.0,0,6,19.124968814175013,False,176.0,2021-07,LGB_medium,F2
2021-07-04,2021-07-03 16:00:00,2021-07-04 23:15:00,2021-07-04 23:30:00,7ba19748a927bf6672862f7b601d6b701e8713c3a3ae2ddfbe768b3500380e39,93,23,23.0,0,22.8,0.0,0,6,18.40119195980615,False,176.0,2021-07,LGB_medium,F2
2021-07-04,2021-07-03 16:00:00,2021-07-04 23:30:00,2021-07-04 23:45:00,7ba19748a927bf6672862f7b601d6b701e8713c3a3ae2ddfbe768b3500380e39,94,23,22.0,0,22.8,0.0,0,6,17.89298810940148,False,176.0,2021-07,LGB_medium,F2
2021-07-04,2021-07-03 16:00:00,2021-07-04 23:45:00,2021-07-05 00:00:00,7ba19748a927bf6672862f7b601d6b701e8713c3a3ae2ddfbe768b3500380e39,95,23,22.0,0,22.8,0.0,0,6,17.607147040589677,False,176.0,2021-07,LGB_medium,F2
2021-07-05,2021-07-04 16:00:00,2021-07-05 00:00:00,2021-07-05 00:15:00,ba77fa53d55065005f6017eee04e6443af87de2baed631859bf3bcd6f1cce190,0,0,23.0,0,22.6,0.0,0,0,18.823242034950084,False,176.0,2021-07,LGB_medium,F2
2021-07-05,2021-07-04 16:00:00,2021-07-05 00:15:00,2021-07-05 00:30:00,ba77fa53d55065005f6017eee04e6443af87de2baed631859bf3bcd6f1cce190,1,0,23.0,0,22.6,0.0,0,0,18.13137326771855,False,176.0,2021-07,LGB_medium,F2
2021-07-05,2021-07-04 16:00:00,2021-07-05 00:30:00,2021-07-05 00:45:00,ba77fa53d55065005f6017eee04e6443af87de2baed631859bf3bcd6f1cce190,2,0,27.0,0,22.6,0.0,0,0,18.091499549347972,False,176.0,2021-07,LGB_medium,F2
2021-07-05,2021-07-04 16:00:00,2021-07-05 00:45:00,2021-07-05 01:00:00,ba77fa53d55065005f6017eee04e6443af87de2baed631859bf3bcd6f1cce190,3,0,28.0,0,22.6,0.0,0,0,17.254134159430382,False,176.0,2021-07,LGB_medium,F2
2021-07-05,2021-07-04 16:00:00,2021-07-05 01:00:00,2021-07-05 01:15:00,ba77fa53d55065005f6017eee04e6443af87de2baed631859bf3bcd6f1cce190,4,1,23.0,0,23.5,0.0,0,0,18.2389049415858,False,176.0,2021-07,LGB_medium,F2
2021-07-05,2021-07-04 16:00:00,2021-07-05 01:15:00,2021-07-05 01:30:00,ba77fa53d55065005f6017eee04e6443af87de2baed631859bf3bcd6f1cce190,5,1,23.0,0,23.5,0.0,0,0,20.611884230196868,False,176.0,2021-07,LGB_medium,F2
2021-07-05,2021-07-04 16:00:00,2021-07-05 01:30:00,2021-07-05 01:45:00,ba77fa53d55065005f6017eee04e6443af87de2baed631859bf3bcd6f1cce190,6,1,23.0,0,23.5,0.0,0,0,25.149581688576305,False,176.0,2021-07,LGB_medium,F2
2021-07-05,2021-07-04 16:00:00,2021-07-05 01:45:00,2021-07-05 02:00:00,ba77fa53d55065005f6017eee04e6443af87de2baed631859bf3bcd6f1cce190,7,1,22.0,0,23.5,0.0,0,0,22.070475618448103,False,176.0,2021-07,LGB_medium,F2
2021-07-05,2021-07-04 16:00:00,2021-07-05 02:00:00,2021-07-05 02:15:00,ba77fa53d55065005f6017eee04e6443af87de2baed631859bf3bcd6f1cce190,8,2,23.0,0,22.7,0.0,0,0,21.874434072990315,False,176.0,2021-07,LGB_medium,F2
2021-07-05,2021-07-04 16:00:00,2021-07-05 02:15:00,2021-07-05 02:30:00,ba77fa53d55065005f6017eee04e6443af87de2baed631859bf3bcd6f1cce190,9,2,23.0,0,22.7,0.0,0,0,21.92272741633418,False,176.0,2021-07,LGB_medium,F2
2021-07-05,2021-07-04 16:00:00,2021-07-05 02:30:00,2021-07-05 02:45:00,ba77fa53d55065005f6017eee04e6443af87de2baed631859bf3bcd6f1cce190,10,2,22.0,0,22.7,0.0,0,0,21.765701308768076,False,176.0,2021-07,LGB_medium,F2
2021-07-05,2021-07-04 16:00:00,2021-07-05 02:45:00,2021-07-05 03:00:00,ba77fa53d55065005f6017eee04e6443af87de2baed631859bf3bcd6f1cce190,11,2,23.0,0,22.7,0.0,0,0,21.879622620258857,False,176.0,2021-07,LGB_medium,F2
2021-07-05,2021-07-04 16:00:00,2021-07-05 03:00:00,2021-07-05 03:15:00,ba77fa53d55065005f6017eee04e6443af87de2baed631859bf3bcd6f1cce190,12,3,23.0,0,22.7,0.0,0,0,21.503601992555065,False,176.0,2021-07,LGB_medium,F2
2021-07-05,2021-07-04 16:00:00,2021-07-05 03:15:00,2021-07-05 03:30:00,ba77fa53d55065005f6017eee04e6443af87de2baed631859bf3bcd6f1cce190,13,3,23.0,0,22.7,0.0,0,0,21.883232639911483,False,176.0,2021-07,LGB_medium,F2
2021-07-05,2021-07-04 16:00:00,2021-07-05 03:30:00,2021-07-05 03:45:00,ba77fa53d55065005f6017eee04e6443af87de2baed631859bf3bcd6f1cce190,14,3,23.0,0,22.7,0.0,0,0,21.716349416760615,False,176.0,2021-07,LGB_medium,F2
2021-07-05,2021-07-04 16:00:00,2021-07-05 03:45:00,2021-07-05 04:00:00,ba77fa53d55065005f6017eee04e6443af87de2baed631859bf3bcd6f1cce190,15,3,25.0,0,22.7,0.0,0,0,21.762617231546024,False,176.0,2021-07,LGB_medium,F2
2021-07-05,2021-07-04 16:00:00,2021-07-05 04:00:00,2021-07-05 04:15:00,ba77fa53d55065005f6017eee04e6443af87de2baed631859bf3bcd6f1cce190,16,4,27.0,0,22.8,0.0,0,0,21.95555470493308,False,176.0,2021-07,LGB_medium,F2
2021-07-05,2021-07-04 16:00:00,2021-07-05 04:15:00,2021-07-05 04:30:00,ba77fa53d55065005f6017eee04e6443af87de2baed631859bf3bcd6f1cce190,17,4,23.0,0,22.8,0.0,0,0,22.16719440409777,False,176.0,2021-07,LGB_medium,F2
2021-07-05,2021-07-04 16:00:00,2021-07-05 04:30:00,2021-07-05 04:45:00,ba77fa53d55065005f6017eee04e6443af87de2baed631859bf3bcd6f1cce190,18,4,23.0,0,22.8,0.0,0,0,21.830270728251396,False,176.0,2021-07,LGB_medium,F2
2021-07-05,2021-07-04 16:00:00,2021-07-05 04:45:00,2021-07-05 05:00:00,ba77fa53d55065005f6017eee04e6443af87de2baed631859bf3bcd6f1cce190,19,4,22.0,0,22.8,0.0,0,0,24.317247666073786,False,176.0,2021-07,LGB_medium,F2
2021-07-05,2021-07-04 16:00:00,2021-07-05 05:00:00,2021-07-05 05:15:00,ba77fa53d55065005f6017eee04e6443af87de2baed631859bf3bcd6f1cce190,20,5,23.0,0,23.1,0.0,0,0,20.50907530095654,False,176.0,2021-07,LGB_medium,F2
2021-07-05,2021-07-04 16:00:00,2021-07-05 05:15:00,2021-07-05 05:30:00,ba77fa53d55065005f6017eee04e6443af87de2baed631859bf3bcd6f1cce190,21,5,23.0,0,23.1,0.0,0,0,20.50701797665922,False,176.0,2021-07,LGB_medium,F2
2021-07-05,2021-07-04 16:00:00,2021-07-05 05:30:00,2021-07-05 05:45:00,ba77fa53d55065005f6017eee04e6443af87de2baed631859bf3bcd6f1cce190,22,5,22.0,0,23.1,0.0,0,0,20.66634441537199,False,176.0,2021-07,LGB_medium,F2
2021-07-05,2021-07-04 16:00:00,2021-07-05 05:45:00,2021-07-05 06:00:00,ba77fa53d55065005f6017eee04e6443af87de2baed631859bf3bcd6f1cce190,23,5,22.0,0,23.1,0.0,0,0,21.546640510369638,False,176.0,2021-07,LGB_medium,F2
2021-07-05,2021-07-04 16:00:00,2021-07-05 06:00:00,2021-07-05 06:15:00,ba77fa53d55065005f6017eee04e6443af87de2baed631859bf3bcd6f1cce190,24,6,23.0,0,22.7,0.0,0,0,22.170041379608254,False,176.0,2021-07,LGB_medium,F2
2021-07-05,2021-07-04 16:00:00,2021-07-05 06:15:00,2021-07-05 06:30:00,ba77fa53d55065005f6017eee04e6443af87de2baed631859bf3bcd6f1cce190,25,6,22.0,0,22.7,0.0,0,0,21.428050630562634,False,176.0,2021-07,LGB_medium,F2
2021-07-05,2021-07-04 16:00:00,2021-07-05 06:30:00,2021-07-05 06:45:00,ba77fa53d55065005f6017eee04e6443af87de2baed631859bf3bcd6f1cce190,26,6,21.0,0,22.7,0.0,0,0,21.6139750080311,False,176.0,2021-07,LGB_medium,F2
2021-07-05,2021-07-04 16:00:00,2021-07-05 06:45:00,2021-07-05 07:00:00,ba77fa53d55065005f6017eee04e6443af87de2baed631859bf3bcd6f1cce190,27,6,23.0,0,22.7,0.0,0,0,21.686297073052696,False,176.0,2021-07,LGB_medium,F2
2021-07-05,2021-07-04 16:00:00,2021-07-05 07:00:00,2021-07-05 07:15:00,ba77fa53d55065005f6017eee04e6443af87de2baed631859bf3bcd6f1cce190,28,7,33.0,0,22.4,0.0,0,0,25.758766083550512,False,176.0,2021-07,LGB_medium,F2
2021-07-05,2021-07-04 16:00:00,2021-07-05 07:15:00,2021-07-05 07:30:00,ba77fa53d55065005f6017eee04e6443af87de2baed631859bf3bcd6f1cce190,29,7,46.0,0,22.4,0.0,0,0,44.156756854594306,False,176.0,2021-07,LGB_medium,F2
2021-07-05,2021-07-04 16:00:00,2021-07-05 07:30:00,2021-07-05 07:45:00,ba77fa53d55065005f6017eee04e6443af87de2baed631859bf3bcd6f1cce190,30,7,69.0,0,22.4,0.0,0,0,66.2893281571671,False,176.0,2021-07,LGB_medium,F2
2021-07-05,2021-07-04 16:00:00,2021-07-05 07:45:00,2021-07-05 08:00:00,ba77fa53d55065005f6017eee04e6443af87de2baed631859bf3bcd6f1cce190,31,7,104.0,0,22.4,0.0,0,0,79.93736921587566,False,176.0,2021-07,LGB_medium,F2
2021-07-05,2021-07-04 16:00:00,2021-07-05 08:00:00,2021-07-05 08:15:00,ba77fa53d55065005f6017eee04e6443af87de2baed631859bf3bcd6f1cce190,32,8,145.0,982,23.4,1.459138187,0,0,131.98546900334713,False,176.0,2021-07,LGB_medium,F2
2021-07-05,2021-07-04 16:00:00,2021-07-05 08:15:00,2021-07-05 08:30:00,ba77fa53d55065005f6017eee04e6443af87de2baed631859bf3bcd6f1cce190,33,8,172.0,982,23.4,1.459138187,0,0,152.10271934806062,False,176.0,2021-07,LGB_medium,F2
2021-07-05,2021-07-04 16:00:00,2021-07-05 08:30:00,2021-07-05 08:45:00,ba77fa53d55065005f6017eee04e6443af87de2baed631859bf3bcd6f1cce190,34,8,183.0,982,23.4,1.459138187,0,0,155.0312702281596,False,176.0,2021-07,LGB_medium,F2
2021-07-05,2021-07-04 16:00:00,2021-07-05 08:45:00,2021-07-05 09:00:00,ba77fa53d55065005f6017eee04e6443af87de2baed631859bf3bcd6f1cce190,35,8,173.0,982,23.4,1.459138187,0,0,157.73552622931072,False,176.0,2021-07,LGB_medium,F2
2021-07-05,2021-07-04 16:00:00,2021-07-05 09:00:00,2021-07-05 09:15:00,ba77fa53d55065005f6017eee04e6443af87de2baed631859bf3bcd6f1cce190,36,9,172.0,2566,24.1,3.773529412,0,0,149.49882596869708,False,176.0,2021-07,LGB_medium,F2
2021-07-05,2021-07-04 16:00:00,2021-07-05 09:15:00,2021-07-05 09:30:00,ba77fa53d55065005f6017eee04e6443af87de2baed631859bf3bcd6f1cce190,37,9,170.0,2566,24.1,3.773529412,0,0,148.51869119034103,False,176.0,2021-07,LGB_medium,F2
2021-07-05,2021-07-04 16:00:00,2021-07-05 09:30:00,2021-07-05 09:45:00,ba77fa53d55065005f6017eee04e6443af87de2baed631859bf3bcd6f1cce190,38,9,175.0,2566,24.1,3.773529412,0,0,145.31504116762764,False,176.0,2021-07,LGB_medium,F2
2021-07-05,2021-07-04 16:00:00,2021-07-05 09:45:00,2021-07-05 10:00:00,ba77fa53d55065005f6017eee04e6443af87de2baed631859bf3bcd6f1cce190,39,9,163.0,2566,24.1,3.773529412,0,0,144.67081711778485,False,176.0,2021-07,LGB_medium,F2
2021-07-05,2021-07-04 16:00:00,2021-07-05 10:00:00,2021-07-05 10:15:00,ba77fa53d55065005f6017eee04e6443af87de2baed631859bf3bcd6f1cce190,40,10,148.0,814,24.6,1.176300578,0,0,102.72515363228875,False,176.0,2021-07,LGB_medium,F2
2021-07-05,2021-07-04 16:00:00,2021-07-05 10:15:00,2021-07-05 10:30:00,ba77fa53d55065005f6017eee04e6443af87de2baed631859bf3bcd6f1cce190,41,10,180.0,814,24.6,1.176300578,0,0,148.01369246362768,False,176.0,2021-07,LGB_medium,F2
2021-07-05,2021-07-04 16:00:00,2021-07-05 10:30:00,2021-07-05 10:45:00,ba77fa53d55065005f6017eee04e6443af87de2baed631859bf3bcd6f1cce190,42,10,179.0,814,24.6,1.176300578,0,0,148.69147055000073,False,176.0,2021-07,LGB_medium,F2
2021-07-05,2021-07-04 16:00:00,2021-07-05 10:45:00,2021-07-05 11:00:00,ba77fa53d55065005f6017eee04e6443af87de2baed631859bf3bcd6f1cce190,43,10,185.0,814,24.6,1.176300578,0,0,143.7397818016917,False,176.0,2021-07,LGB_medium,F2
2021-07-05,2021-07-04 16:00:00,2021-07-05 11:00:00,2021-07-05 11:15:00,ba77fa53d55065005f6017eee04e6443af87de2baed631859bf3bcd6f1cce190,44,11,185.0,1097,24.9,1.599125364,0,0,139.8783941545606,False,176.0,2021-07,LGB_medium,F2
2021-07-05,2021-07-04 16:00:00,2021-07-05 11:15:00,2021-07-05 11:30:00,ba77fa53d55065005f6017eee04e6443af87de2baed631859bf3bcd6f1cce190,45,11,169.0,1097,24.9,1.599125364,0,0,139.43350915245938,False,176.0,2021-07,LGB_medium,F2
2021-07-05,2021-07-04 16:00:00,2021-07-05 11:30:00,2021-07-05 11:45:00,ba77fa53d55065005f6017eee04e6443af87de2baed631859bf3bcd6f1cce190,46,11,168.0,1097,24.9,1.599125364,0,0,151.84516713446902,False,176.0,2021-07,LGB_medium,F2
2021-07-05,2021-07-04 16:00:00,2021-07-05 11:45:00,2021-07-05 12:00:00,ba77fa53d55065005f6017eee04e6443af87de2baed631859bf3bcd6f1cce190,47,11,164.0,1097,24.9,1.599125364,0,0,146.61442389055222,False,176.0,2021-07,LGB_medium,F2
2021-07-05,2021-07-04 16:00:00,2021-07-05 12:00:00,2021-07-05 12:15:00,ba77fa53d55065005f6017eee04e6443af87de2baed631859bf3bcd6f1cce190,48,12,116.0,31,25.8,0.074519231,0,0,96.58486197890922,False,176.0,2021-07,LGB_medium,F2
2021-07-05,2021-07-04 16:00:00,2021-07-05 12:15:00,2021-07-05 12:30:00,ba77fa53d55065005f6017eee04e6443af87de2baed631859bf3bcd6f1cce190,49,12,101.0,31,25.8,0.074519231,0,0,87.9337336426314,False,176.0,2021-07,LGB_medium,F2
2021-07-05,2021-07-04 16:00:00,2021-07-05 12:30:00,2021-07-05 12:45:00,ba77fa53d55065005f6017eee04e6443af87de2baed631859bf3bcd6f1cce190,50,12,99.0,31,25.8,0.074519231,0,0,84.01218719710789,False,176.0,2021-07,LGB_medium,F2
2021-07-05,2021-07-04 16:00:00,2021-07-05 12:45:00,2021-07-05 13:00:00,ba77fa53d55065005f6017eee04e6443af87de2baed631859bf3bcd6f1cce190,51,12,100.0,31,25.8,0.074519231,0,0,98.40536135201506,False,176.0,2021-07,LGB_medium,F2
2021-07-05,2021-07-04 16:00:00,2021-07-05 13:00:00,2021-07-05 13:15:00,ba77fa53d55065005f6017eee04e6443af87de2baed631859bf3bcd6f1cce190,52,13,148.0,613,26.0,0.914925373,0,0,143.29892843433416,False,176.0,2021-07,LGB_medium,F2
2021-07-05,2021-07-04 16:00:00,2021-07-05 13:15:00,2021-07-05 13:30:00,ba77fa53d55065005f6017eee04e6443af87de2baed631859bf3bcd6f1cce190,53,13,165.0,613,26.0,0.914925373,0,0,149.18925838059897,False,176.0,2021-07,LGB_medium,F2
2021-07-05,2021-07-04 16:00:00,2021-07-05 13:30:00,2021-07-05 13:45:00,ba77fa53d55065005f6017eee04e6443af87de2baed631859bf3bcd6f1cce190,54,13,176.0,613,26.0,0.914925373,0,0,151.8774861041348,False,176.0,2021-07,LGB_medium,F2
2021-07-05,2021-07-04 16:00:00,2021-07-05 13:45:00,2021-07-05 14:00:00,ba77fa53d55065005f6017eee04e6443af87de2baed631859bf3bcd6f1cce190,55,13,181.0,613,26.0,0.914925373,0,0,151.6015518290067,False,176.0,2021-07,LGB_medium,F2
2021-07-05,2021-07-04 16:00:00,2021-07-05 14:00:00,2021-07-05 14:15:00,ba77fa53d55065005f6017eee04e6443af87de2baed631859bf3bcd6f1cce190,56,14,169.0,2781,25.7,4.12611276,0,0,145.2250221785443,False,176.0,2021-07,LGB_medium,F2
2021-07-05,2021-07-04 16:00:00,2021-07-05 14:15:00,2021-07-05 14:30:00,ba77fa53d55065005f6017eee04e6443af87de2baed631859bf3bcd6f1cce190,57,14,170.0,2781,25.7,4.12611276,0,0,144.2962553205499,False,176.0,2021-07,LGB_medium,F2
2021-07-05,2021-07-04 16:00:00,2021-07-05 14:30:00,2021-07-05 14:45:00,ba77fa53d55065005f6017eee04e6443af87de2baed631859bf3bcd6f1cce190,58,14,167.0,2781,25.7,4.12611276,0,0,147.31976596883237,False,176.0,2021-07,LGB_medium,F2
2021-07-05,2021-07-04 16:00:00,2021-07-05 14:45:00,2021-07-05 15:00:00,ba77fa53d55065005f6017eee04e6443af87de2baed631859bf3bcd6f1cce190,59,14,168.0,2781,25.7,4.12611276,0,0,148.30686288019118,False,176.0,2021-07,LGB_medium,F2
2021-07-05,2021-07-04 16:00:00,2021-07-05 15:00:00,2021-07-05 15:15:00,ba77fa53d55065005f6017eee04e6443af87de2baed631859bf3bcd6f1cce190,60,15,141.0,711,25.5,1.114420063,0,0,135.42955894182643,False,176.0,2021-07,LGB_medium,F2
2021-07-05,2021-07-04 16:00:00,2021-07-05 15:15:00,2021-07-05 15:30:00,ba77fa53d55065005f6017eee04e6443af87de2baed631859bf3bcd6f1cce190,61,15,140.0,711,25.5,1.114420063,0,0,140.90648722935458,False,176.0,2021-07,LGB_medium,F2
2021-07-05,2021-07-04 16:00:00,2021-07-05 15:30:00,2021-07-05 15:45:00,ba77fa53d55065005f6017eee04e6443af87de2baed631859bf3bcd6f1cce190,62,15,174.0,711,25.5,1.114420063,0,0,149.6624663976124,False,176.0,2021-07,LGB_medium,F2
2021-07-05,2021-07-04 16:00:00,2021-07-05 15:45:00,2021-07-05 16:00:00,ba77fa53d55065005f6017eee04e6443af87de2baed631859bf3bcd6f1cce190,63,15,183.0,711,25.5,1.114420063,0,0,140.9291237334302,False,176.0,2021-07,LGB_medium,F2
2021-07-05,2021-07-04 16:00:00,2021-07-05 16:00:00,2021-07-05 16:15:00,ba77fa53d55065005f6017eee04e6443af87de2baed631859bf3bcd6f1cce190,64,16,173.0,2870,24.9,4.533965245,0,0,134.46495939220648,False,176.0,2021-07,LGB_medium,F2
2021-07-05,2021-07-04 16:00:00,2021-07-05 16:15:00,2021-07-05 16:30:00,ba77fa53d55065005f6017eee04e6443af87de2baed631859bf3bcd6f1cce190,65,16,156.0,2870,24.9,4.533965245,0,0,132.7216455973626,False,176.0,2021-07,LGB_medium,F2
2021-07-05,2021-07-04 16:00:00,2021-07-05 16:30:00,2021-07-05 16:45:00,ba77fa53d55065005f6017eee04e6443af87de2baed631859bf3bcd6f1cce190,66,16,151.0,2870,24.9,4.533965245,0,0,133.0188491233461,False,176.0,2021-07,LGB_medium,F2
2021-07-05,2021-07-04 16:00:00,2021-07-05 16:45:00,2021-07-05 17:00:00,ba77fa53d55065005f6017eee04e6443af87de2baed631859bf3bcd6f1cce190,67,16,153.0,2870,24.9,4.533965245,0,0,133.7038914954186,False,176.0,2021-07,LGB_medium,F2
2021-07-05,2021-07-04 16:00:00,2021-07-05 17:00:00,2021-07-05 17:15:00,ba77fa53d55065005f6017eee04e6443af87de2baed631859bf3bcd6f1cce190,68,17,128.0,224,23.9,0.434108527,0,0,94.19508254856476,False,176.0,2021-07,LGB_medium,F2
2021-07-05,2021-07-04 16:00:00,2021-07-05 17:15:00,2021-07-05 17:30:00,ba77fa53d55065005f6017eee04e6443af87de2baed631859bf3bcd6f1cce190,69,17,115.0,224,23.9,0.434108527,0,0,88.54532013844896,False,176.0,2021-07,LGB_medium,F2
2021-07-05,2021-07-04 16:00:00,2021-07-05 17:30:00,2021-07-05 17:45:00,ba77fa53d55065005f6017eee04e6443af87de2baed631859bf3bcd6f1cce190,70,17,133.0,224,23.9,0.434108527,0,0,138.8693009898179,False,176.0,2021-07,LGB_medium,F2
2021-07-05,2021-07-04 16:00:00,2021-07-05 17:45:00,2021-07-05 18:00:00,ba77fa53d55065005f6017eee04e6443af87de2baed631859bf3bcd6f1cce190,71,17,140.0,224,23.9,0.434108527,0,0,137.50787548466215,False,176.0,2021-07,LGB_medium,F2
2021-07-05,2021-07-04 16:00:00,2021-07-05 18:00:00,2021-07-05 18:15:00,ba77fa53d55065005f6017eee04e6443af87de2baed631859bf3bcd6f1cce190,72,18,153.0,308,22.9,0.488888889,0,0,136.62005868749495,False,176.0,2021-07,LGB_medium,F2
2021-07-05,2021-07-04 16:00:00,2021-07-05 18:15:00,2021-07-05 18:30:00,ba77fa53d55065005f6017eee04e6443af87de2baed631859bf3bcd6f1cce190,73,18,156.0,308,22.9,0.488888889,0,0,137.63912278565562,False,176.0,2021-07,LGB_medium,F2
2021-07-05,2021-07-04 16:00:00,2021-07-05 18:30:00,2021-07-05 18:45:00,ba77fa53d55065005f6017eee04e6443af87de2baed631859bf3bcd6f1cce190,74,18,163.0,308,22.9,0.488888889,0,0,133.37667432363725,False,176.0,2021-07,LGB_medium,F2
2021-07-05,2021-07-04 16:00:00,2021-07-05 18:45:00,2021-07-05 19:00:00,ba77fa53d55065005f6017eee04e6443af87de2baed631859bf3bcd6f1cce190,75,18,158.0,308,22.9,0.488888889,0,0,132.02585371140174,False,176.0,2021-07,LGB_medium,F2
2021-07-05,2021-07-04 16:00:00,2021-07-05 19:00:00,2021-07-05 19:15:00,ba77fa53d55065005f6017eee04e6443af87de2baed631859bf3bcd6f1cce190,76,19,153.0,1932,22.6,3.468581688,0,0,136.34082324906316,False,176.0,2021-07,LGB_medium,F2
2021-07-05,2021-07-04 16:00:00,2021-07-05 19:15:00,2021-07-05 19:30:00,ba77fa53d55065005f6017eee04e6443af87de2baed631859bf3bcd6f1cce190,77,19,141.0,1932,22.6,3.468581688,0,0,130.7498772996506,False,176.0,2021-07,LGB_medium,F2
2021-07-05,2021-07-04 16:00:00,2021-07-05 19:30:00,2021-07-05 19:45:00,ba77fa53d55065005f6017eee04e6443af87de2baed631859bf3bcd6f1cce190,78,19,141.0,1932,22.6,3.468581688,0,0,130.210457494579,False,176.0,2021-07,LGB_medium,F2
2021-07-05,2021-07-04 16:00:00,2021-07-05 19:45:00,2021-07-05 20:00:00,ba77fa53d55065005f6017eee04e6443af87de2baed631859bf3bcd6f1cce190,79,19,122.0,1932,22.6,3.468581688,0,0,93.28642630476682,False,176.0,2021-07,LGB_medium,F2
2021-07-05,2021-07-04 16:00:00,2021-07-05 20:00:00,2021-07-05 20:15:00,ba77fa53d55065005f6017eee04e6443af87de2baed631859bf3bcd6f1cce190,80,20,113.0,9,22.1,0.01875,0,0,92.95111753015196,False,176.0,2021-07,LGB_medium,F2
2021-07-05,2021-07-04 16:00:00,2021-07-05 20:15:00,2021-07-05 20:30:00,ba77fa53d55065005f6017eee04e6443af87de2baed631859bf3bcd6f1cce190,81,20,111.0,9,22.1,0.01875,0,0,95.00103665142228,False,176.0,2021-07,LGB_medium,F2
2021-07-05,2021-07-04 16:00:00,2021-07-05 20:30:00,2021-07-05 20:45:00,ba77fa53d55065005f6017eee04e6443af87de2baed631859bf3bcd6f1cce190,82,20,126.0,9,22.1,0.01875,0,0,94.92874721306927,False,176.0,2021-07,LGB_medium,F2
2021-07-05,2021-07-04 16:00:00,2021-07-05 20:45:00,2021-07-05 21:00:00,ba77fa53d55065005f6017eee04e6443af87de2baed631859bf3bcd6f1cce190,83,20,130.0,9,22.1,0.01875,0,0,93.95202030328925,False,176.0,2021-07,LGB_medium,F2
2021-07-05,2021-07-04 16:00:00,2021-07-05 21:00:00,2021-07-05 21:15:00,ba77fa53d55065005f6017eee04e6443af87de2baed631859bf3bcd6f1cce190,84,21,124.0,356,21.5,0.763948498,0,0,93.20896879040366,False,176.0,2021-07,LGB_medium,F2
2021-07-05,2021-07-04 16:00:00,2021-07-05 21:15:00,2021-07-05 21:30:00,ba77fa53d55065005f6017eee04e6443af87de2baed631859bf3bcd6f1cce190,85,21,122.0,356,21.5,0.763948498,0,0,93.32322346182247,False,176.0,2021-07,LGB_medium,F2
2021-07-05,2021-07-04 16:00:00,2021-07-05 21:30:00,2021-07-05 21:45:00,ba77fa53d55065005f6017eee04e6443af87de2baed631859bf3bcd6f1cce190,86,21,110.0,356,21.5,0.763948498,0,0,93.99795461249872,False,176.0,2021-07,LGB_medium,F2
2021-07-05,2021-07-04 16:00:00,2021-07-05 21:45:00,2021-07-05 22:00:00,ba77fa53d55065005f6017eee04e6443af87de2baed631859bf3bcd6f1cce190,87,21,110.0,356,21.5,0.763948498,0,0,94.67116461548352,False,176.0,2021-07,LGB_medium,F2
2021-07-05,2021-07-04 16:00:00,2021-07-05 22:00:00,2021-07-05 22:15:00,ba77fa53d55065005f6017eee04e6443af87de2baed631859bf3bcd6f1cce190,88,22,94.0,89,21.6,0.213429257,0,0,86.86861213408379,False,176.0,2021-07,LGB_medium,F2
2021-07-05,2021-07-04 16:00:00,2021-07-05 22:15:00,2021-07-05 22:30:00,ba77fa53d55065005f6017eee04e6443af87de2baed631859bf3bcd6f1cce190,89,22,100.0,89,21.6,0.213429257,0,0,89.94068412855651,False,176.0,2021-07,LGB_medium,F2
2021-07-05,2021-07-04 16:00:00,2021-07-05 22:30:00,2021-07-05 22:45:00,ba77fa53d55065005f6017eee04e6443af87de2baed631859bf3bcd6f1cce190,90,22,108.0,89,21.6,0.213429257,0,0,91.6300419992647,False,176.0,2021-07,LGB_medium,F2
2021-07-05,2021-07-04 16:00:00,2021-07-05 22:45:00,2021-07-05 23:00:00,ba77fa53d55065005f6017eee04e6443af87de2baed631859bf3bcd6f1cce190,91,22,115.0,89,21.6,0.213429257,0,0,92.37294195123553,False,176.0,2021-07,LGB_medium,F2
2021-07-05,2021-07-04 16:00:00,2021-07-05 23:00:00,2021-07-05 23:15:00,ba77fa53d55065005f6017eee04e6443af87de2baed631859bf3bcd6f1cce190,92,23,116.0,332,22.1,0.81773399,0,0,90.54021671115768,False,176.0,2021-07,LGB_medium,F2
2021-07-05,2021-07-04 16:00:00,2021-07-05 23:15:00,2021-07-05 23:30:00,ba77fa53d55065005f6017eee04e6443af87de2baed631859bf3bcd6f1cce190,93,23,107.0,332,22.1,0.81773399,0,0,91.65912701634883,False,176.0,2021-07,LGB_medium,F2
2021-07-05,2021-07-04 16:00:00,2021-07-05 23:30:00,2021-07-05 23:45:00,ba77fa53d55065005f6017eee04e6443af87de2baed631859bf3bcd6f1cce190,94,23,100.0,332,22.1,0.81773399,0,0,86.85564076068465,False,176.0,2021-07,LGB_medium,F2
2021-07-05,2021-07-04 16:00:00,2021-07-05 23:45:00,2021-07-06 00:00:00,ba77fa53d55065005f6017eee04e6443af87de2baed631859bf3bcd6f1cce190,95,23,83.0,332,22.1,0.81773399,0,0,75.36483519388061,False,176.0,2021-07,LGB_medium,F2
2021-07-06,2021-07-05 16:00:00,2021-07-06 00:00:00,2021-07-06 00:15:00,13a3539e6c73c447878ad9ba59d087359f350522329bfc6e2e70d71ff3aa2289,0,0,68.0,50,22.8,0.183823529,0,1,61.845442519572764,False,176.0,2021-07,LGB_medium,F2
2021-07-06,2021-07-05 16:00:00,2021-07-06 00:15:00,2021-07-06 00:30:00,13a3539e6c73c447878ad9ba59d087359f350522329bfc6e2e70d71ff3aa2289,1,0,68.0,50,22.8,0.183823529,0,1,61.65860877569461,False,176.0,2021-07,LGB_medium,F2
2021-07-06,2021-07-05 16:00:00,2021-07-06 00:30:00,2021-07-06 00:45:00,13a3539e6c73c447878ad9ba59d087359f350522329bfc6e2e70d71ff3aa2289,2,0,68.0,50,22.8,0.183823529,0,1,62.2316484468492,False,176.0,2021-07,LGB_medium,F2
2021-07-06,2021-07-05 16:00:00,2021-07-06 00:45:00,2021-07-06 01:00:00,13a3539e6c73c447878ad9ba59d087359f350522329bfc6e2e70d71ff3aa2289,3,0,68.0,50,22.8,0.183823529,0,1,61.007466948446066,False,176.0,2021-07,LGB_medium,F2
2021-07-06,2021-07-05 16:00:00,2021-07-06 01:00:00,2021-07-06 01:15:00,13a3539e6c73c447878ad9ba59d087359f350522329bfc6e2e70d71ff3aa2289,4,1,86.0,434,23.8,1.050847458,0,1,62.729389979821875,False,176.0,2021-07,LGB_medium,F2
2021-07-06,2021-07-05 16:00:00,2021-07-06 01:15:00,2021-07-06 01:30:00,13a3539e6c73c447878ad9ba59d087359f350522329bfc6e2e70d71ff3aa2289,5,1,108.0,434,23.8,1.050847458,0,1,61.290464476084615,False,176.0,2021-07,LGB_medium,F2
2021-07-06,2021-07-05 16:00:00,2021-07-06 01:30:00,2021-07-06 01:45:00,13a3539e6c73c447878ad9ba59d087359f350522329bfc6e2e70d71ff3aa2289,6,1,111.0,434,23.8,1.050847458,0,1,61.878101238151466,False,176.0,2021-07,LGB_medium,F2
2021-07-06,2021-07-05 16:00:00,2021-07-06 01:45:00,2021-07-06 02:00:00,13a3539e6c73c447878ad9ba59d087359f350522329bfc6e2e70d71ff3aa2289,7,1,108.0,434,23.8,1.050847458,0,1,62.776613948828484,False,176.0,2021-07,LGB_medium,F2
2021-07-06,2021-07-05 16:00:00,2021-07-06 02:00:00,2021-07-06 02:15:00,13a3539e6c73c447878ad9ba59d087359f350522329bfc6e2e70d71ff3aa2289,8,2,110.0,246,23.8,0.588516746,0,1,61.93822913999035,False,176.0,2021-07,LGB_medium,F2
2021-07-06,2021-07-05 16:00:00,2021-07-06 02:15:00,2021-07-06 02:30:00,13a3539e6c73c447878ad9ba59d087359f350522329bfc6e2e70d71ff3aa2289,9,2,108.0,246,23.8,0.588516746,0,1,61.38228516277784,False,176.0,2021-07,LGB_medium,F2
2021-07-06,2021-07-05 16:00:00,2021-07-06 02:30:00,2021-07-06 02:45:00,13a3539e6c73c447878ad9ba59d087359f350522329bfc6e2e70d71ff3aa2289,10,2,107.0,246,23.8,0.588516746,0,1,60.30936639113751,False,176.0,2021-07,LGB_medium,F2
2021-07-06,2021-07-05 16:00:00,2021-07-06 02:45:00,2021-07-06 03:00:00,13a3539e6c73c447878ad9ba59d087359f350522329bfc6e2e70d71ff3aa2289,11,2,93.0,246,23.8,0.588516746,0,1,65.48195737363612,False,176.0,2021-07,LGB_medium,F2
2021-07-06,2021-07-05 16:00:00,2021-07-06 03:00:00,2021-07-06 03:15:00,13a3539e6c73c447878ad9ba59d087359f350522329bfc6e2e70d71ff3aa2289,12,3,88.0,236,23.8,0.561904762,0,1,71.49354709591316,False,176.0,2021-07,LGB_medium,F2
2021-07-06,2021-07-05 16:00:00,2021-07-06 03:15:00,2021-07-06 03:30:00,13a3539e6c73c447878ad9ba59d087359f350522329bfc6e2e70d71ff3aa2289,13,3,102.0,236,23.8,0.561904762,0,1,63.88882119037705,False,176.0,2021-07,LGB_medium,F2
2021-07-06,2021-07-05 16:00:00,2021-07-06 03:30:00,2021-07-06 03:45:00,13a3539e6c73c447878ad9ba59d087359f350522329bfc6e2e70d71ff3aa2289,14,3,114.0,236,23.8,0.561904762,0,1,62.314911147727805,False,176.0,2021-07,LGB_medium,F2
2021-07-06,2021-07-05 16:00:00,2021-07-06 03:45:00,2021-07-06 04:00:00,13a3539e6c73c447878ad9ba59d087359f350522329bfc6e2e70d71ff3aa2289,15,3,116.0,236,23.8,0.561904762,0,1,62.884581602288726,False,176.0,2021-07,LGB_medium,F2
2021-07-06,2021-07-05 16:00:00,2021-07-06 04:00:00,2021-07-06 04:15:00,13a3539e6c73c447878ad9ba59d087359f350522329bfc6e2e70d71ff3aa2289,16,4,106.0,262,23.9,0.617924528,0,1,62.01558929665889,False,176.0,2021-07,LGB_medium,F2
2021-07-06,2021-07-05 16:00:00,2021-07-06 04:15:00,2021-07-06 04:30:00,13a3539e6c73c447878ad9ba59d087359f350522329bfc6e2e70d71ff3aa2289,17,4,103.0,262,23.9,0.617924528,0,1,61.29849542250803,False,176.0,2021-07,LGB_medium,F2
2021-07-06,2021-07-05 16:00:00,2021-07-06 04:30:00,2021-07-06 04:45:00,13a3539e6c73c447878ad9ba59d087359f350522329bfc6e2e70d71ff3aa2289,18,4,103.0,262,23.9,0.617924528,0,1,61.51999899661356,False,176.0,2021-07,LGB_medium,F2
2021-07-06,2021-07-05 16:00:00,2021-07-06 04:45:00,2021-07-06 05:00:00,13a3539e6c73c447878ad9ba59d087359f350522329bfc6e2e70d71ff3aa2289,19,4,112.0,262,23.9,0.617924528,0,1,63.73961153530889,False,176.0,2021-07,LGB_medium,F2
2021-07-06,2021-07-05 16:00:00,2021-07-06 05:00:00,2021-07-06 05:15:00,13a3539e6c73c447878ad9ba59d087359f350522329bfc6e2e70d71ff3aa2289,20,5,94.0,2,23.7,0.00511509,0,1,77.80852862706485,False,176.0,2021-07,LGB_medium,F2
2021-07-06,2021-07-05 16:00:00,2021-07-06 05:15:00,2021-07-06 05:30:00,13a3539e6c73c447878ad9ba59d087359f350522329bfc6e2e70d71ff3aa2289,21,5,89.0,2,23.7,0.00511509,0,1,74.18598336498334,False,176.0,2021-07,LGB_medium,F2
2021-07-06,2021-07-05 16:00:00,2021-07-06 05:30:00,2021-07-06 05:45:00,13a3539e6c73c447878ad9ba59d087359f350522329bfc6e2e70d71ff3aa2289,22,5,98.0,2,23.7,0.00511509,0,1,58.57379072675494,False,176.0,2021-07,LGB_medium,F2
2021-07-06,2021-07-05 16:00:00,2021-07-06 05:45:00,2021-07-06 06:00:00,13a3539e6c73c447878ad9ba59d087359f350522329bfc6e2e70d71ff3aa2289,23,5,110.0,2,23.7,0.00511509,0,1,62.18411148128246,False,176.0,2021-07,LGB_medium,F2
2021-07-06,2021-07-05 16:00:00,2021-07-06 06:00:00,2021-07-06 06:15:00,13a3539e6c73c447878ad9ba59d087359f350522329bfc6e2e70d71ff3aa2289,24,6,105.0,70,23.8,0.179487179,0,1,63.83065039019485,False,176.0,2021-07,LGB_medium,F2
2021-07-06,2021-07-05 16:00:00,2021-07-06 06:15:00,2021-07-06 06:30:00,13a3539e6c73c447878ad9ba59d087359f350522329bfc6e2e70d71ff3aa2289,25,6,99.0,70,23.8,0.179487179,0,1,62.59768614449132,False,176.0,2021-07,LGB_medium,F2
2021-07-06,2021-07-05 16:00:00,2021-07-06 06:30:00,2021-07-06 06:45:00,13a3539e6c73c447878ad9ba59d087359f350522329bfc6e2e70d71ff3aa2289,26,6,95.0,70,23.8,0.179487179,0,1,62.063435882853874,False,176.0,2021-07,LGB_medium,F2
2021-07-06,2021-07-05 16:00:00,2021-07-06 06:45:00,2021-07-06 07:00:00,13a3539e6c73c447878ad9ba59d087359f350522329bfc6e2e70d71ff3aa2289,27,6,91.0,70,23.8,0.179487179,0,1,60.91375031757642,False,176.0,2021-07,LGB_medium,F2
2021-07-06,2021-07-05 16:00:00,2021-07-06 07:00:00,2021-07-06 07:15:00,13a3539e6c73c447878ad9ba59d087359f350522329bfc6e2e70d71ff3aa2289,28,7,93.0,2041,23.7,4.296842105,0,1,58.516335461921194,False,176.0,2021-07,LGB_medium,F2
2021-07-06,2021-07-05 16:00:00,2021-07-06 07:15:00,2021-07-06 07:30:00,13a3539e6c73c447878ad9ba59d087359f350522329bfc6e2e70d71ff3aa2289,29,7,105.0,2041,23.7,4.296842105,0,1,64.0548883926826,False,176.0,2021-07,LGB_medium,F2
2021-07-06,2021-07-05 16:00:00,2021-07-06 07:30:00,2021-07-06 07:45:00,13a3539e6c73c447878ad9ba59d087359f350522329bfc6e2e70d71ff3aa2289,30,7,132.0,2041,23.7,4.296842105,0,1,112.63378336820178,False,176.0,2021-07,LGB_medium,F2
2021-07-06,2021-07-05 16:00:00,2021-07-06 07:45:00,2021-07-06 08:00:00,13a3539e6c73c447878ad9ba59d087359f350522329bfc6e2e70d71ff3aa2289,31,7,145.0,2041,23.7,4.296842105,0,1,114.34650261808059,False,176.0,2021-07,LGB_medium,F2
2021-07-06,2021-07-05 16:00:00,2021-07-06 08:00:00,2021-07-06 08:15:00,13a3539e6c73c447878ad9ba59d087359f350522329bfc6e2e70d71ff3aa2289,32,8,166.0,313,24.2,0.435933148,0,1,123.56842374311185,False,176.0,2021-07,LGB_medium,F2
2021-07-06,2021-07-05 16:00:00,2021-07-06 08:15:00,2021-07-06 08:30:00,13a3539e6c73c447878ad9ba59d087359f350522329bfc6e2e70d71ff3aa2289,33,8,177.0,313,24.2,0.435933148,0,1,130.90400880036574,False,176.0,2021-07,LGB_medium,F2
2021-07-06,2021-07-05 16:00:00,2021-07-06 08:30:00,2021-07-06 08:45:00,13a3539e6c73c447878ad9ba59d087359f350522329bfc6e2e70d71ff3aa2289,34,8,182.0,313,24.2,0.435933148,0,1,131.79240300992893,False,176.0,2021-07,LGB_medium,F2
2021-07-06,2021-07-05 16:00:00,2021-07-06 08:45:00,2021-07-06 09:00:00,13a3539e6c73c447878ad9ba59d087359f350522329bfc6e2e70d71ff3aa2289,35,8,193.0,313,24.2,0.435933148,0,1,132.86153844239885,False,176.0,2021-07,LGB_medium,F2
2021-07-06,2021-07-05 16:00:00,2021-07-06 09:00:00,2021-07-06 09:15:00,13a3539e6c73c447878ad9ba59d087359f350522329bfc6e2e70d71ff3aa2289,36,9,176.0,734,24.6,1.020862309,0,1,126.91147341556702,False,176.0,2021-07,LGB_medium,F2
2021-07-06,2021-07-05 16:00:00,2021-07-06 09:15:00,2021-07-06 09:30:00,13a3539e6c73c447878ad9ba59d087359f350522329bfc6e2e70d71ff3aa2289,37,9,176.0,734,24.6,1.020862309,0,1,129.8998003792207,False,176.0,2021-07,LGB_medium,F2
2021-07-06,2021-07-05 16:00:00,2021-07-06 09:30:00,2021-07-06 09:45:00,13a3539e6c73c447878ad9ba59d087359f350522329bfc6e2e70d71ff3aa2289,38,9,185.0,734,24.6,1.020862309,0,1,126.42604280280177,False,176.0,2021-07,LGB_medium,F2
2021-07-06,2021-07-05 16:00:00,2021-07-06 09:45:00,2021-07-06 10:00:00,13a3539e6c73c447878ad9ba59d087359f350522329bfc6e2e70d71ff3aa2289,39,9,182.0,734,24.6,1.020862309,0,1,126.42604280280177,False,176.0,2021-07,LGB_medium,F2
2021-07-06,2021-07-05 16:00:00,2021-07-06 10:00:00,2021-07-06 10:15:00,13a3539e6c73c447878ad9ba59d087359f350522329bfc6e2e70d71ff3aa2289,40,10,150.0,792,23.1,1.176820208,0,1,104.90886723105359,False,176.0,2021-07,LGB_medium,F2
2021-07-06,2021-07-05 16:00:00,2021-07-06 10:15:00,2021-07-06 10:30:00,13a3539e6c73c447878ad9ba59d087359f350522329bfc6e2e70d71ff3aa2289,41,10,176.0,792,23.1,1.176820208,0,1,127.23185825197442,False,176.0,2021-07,LGB_medium,F2
2021-07-06,2021-07-05 16:00:00,2021-07-06 10:30:00,2021-07-06 10:45:00,13a3539e6c73c447878ad9ba59d087359f350522329bfc6e2e70d71ff3aa2289,42,10,172.0,792,23.1,1.176820208,0,1,131.86167853862955,False,176.0,2021-07,LGB_medium,F2
2021-07-06,2021-07-05 16:00:00,2021-07-06 10:45:00,2021-07-06 11:00:00,13a3539e6c73c447878ad9ba59d087359f350522329bfc6e2e70d71ff3aa2289,43,10,175.0,792,23.1,1.176820208,0,1,131.73330401543265,False,176.0,2021-07,LGB_medium,F2
2021-07-06,2021-07-05 16:00:00,2021-07-06 11:00:00,2021-07-06 11:15:00,13a3539e6c73c447878ad9ba59d087359f350522329bfc6e2e70d71ff3aa2289,44,11,177.0,568,23.2,0.805673759,0,1,129.31374191124775,False,176.0,2021-07,LGB_medium,F2
2021-07-06,2021-07-05 16:00:00,2021-07-06 11:15:00,2021-07-06 11:30:00,13a3539e6c73c447878ad9ba59d087359f350522329bfc6e2e70d71ff3aa2289,45,11,182.0,568,23.2,0.805673759,0,1,131.62874483195236,False,176.0,2021-07,LGB_medium,F2
2021-07-06,2021-07-05 16:00:00,2021-07-06 11:30:00,2021-07-06 11:45:00,13a3539e6c73c447878ad9ba59d087359f350522329bfc6e2e70d71ff3aa2289,46,11,175.0,568,23.2,0.805673759,0,1,134.45221212036532,False,176.0,2021-07,LGB_medium,F2
2021-07-06,2021-07-05 16:00:00,2021-07-06 11:45:00,2021-07-06 12:00:00,13a3539e6c73c447878ad9ba59d087359f350522329bfc6e2e70d71ff3aa2289,47,11,171.0,568,23.2,0.805673759,0,1,132.71739729918045,False,176.0,2021-07,LGB_medium,F2
2021-07-06,2021-07-05 16:00:00,2021-07-06 12:00:00,2021-07-06 12:15:00,13a3539e6c73c447878ad9ba59d087359f350522329bfc6e2e70d71ff3aa2289,48,12,132.0,0,22.5,0.0,0,1,78.1959983818285,False,176.0,2021-07,LGB_medium,F2
2021-07-06,2021-07-05 16:00:00,2021-07-06 12:15:00,2021-07-06 12:30:00,13a3539e6c73c447878ad9ba59d087359f350522329bfc6e2e70d71ff3aa2289,49,12,106.0,0,22.5,0.0,0,1,65.3084741167104,False,176.0,2021-07,LGB_medium,F2
2021-07-06,2021-07-05 16:00:00,2021-07-06 12:30:00,2021-07-06 12:45:00,13a3539e6c73c447878ad9ba59d087359f350522329bfc6e2e70d71ff3aa2289,50,12,106.0,0,22.5,0.0,0,1,61.682806816333276,False,176.0,2021-07,LGB_medium,F2
2021-07-06,2021-07-05 16:00:00,2021-07-06 12:45:00,2021-07-06 13:00:00,13a3539e6c73c447878ad9ba59d087359f350522329bfc6e2e70d71ff3aa2289,51,12,97.0,0,22.5,0.0,0,1,81.41990035193584,False,176.0,2021-07,LGB_medium,F2
2021-07-06,2021-07-05 16:00:00,2021-07-06 13:00:00,2021-07-06 13:15:00,13a3539e6c73c447878ad9ba59d087359f350522329bfc6e2e70d71ff3aa2289,52,13,141.0,2227,22.9,3.512618297,0,1,129.0340600942498,False,176.0,2021-07,LGB_medium,F2
2021-07-06,2021-07-05 16:00:00,2021-07-06 13:15:00,2021-07-06 13:30:00,13a3539e6c73c447878ad9ba59d087359f350522329bfc6e2e70d71ff3aa2289,53,13,170.0,2227,22.9,3.512618297,0,1,131.88379076988156,False,176.0,2021-07,LGB_medium,F2
2021-07-06,2021-07-05 16:00:00,2021-07-06 13:30:00,2021-07-06 13:45:00,13a3539e6c73c447878ad9ba59d087359f350522329bfc6e2e70d71ff3aa2289,54,13,169.0,2227,22.9,3.512618297,0,1,129.74853111780226,False,176.0,2021-07,LGB_medium,F2
2021-07-06,2021-07-05 16:00:00,2021-07-06 13:45:00,2021-07-06 14:00:00,13a3539e6c73c447878ad9ba59d087359f350522329bfc6e2e70d71ff3aa2289,55,13,154.0,2227,22.9,3.512618297,0,1,130.52264213912082,False,176.0,2021-07,LGB_medium,F2
2021-07-06,2021-07-05 16:00:00,2021-07-06 14:00:00,2021-07-06 14:15:00,13a3539e6c73c447878ad9ba59d087359f350522329bfc6e2e70d71ff3aa2289,56,14,182.0,648,23.5,0.906293706,0,1,126.41365473886084,False,176.0,2021-07,LGB_medium,F2
2021-07-06,2021-07-05 16:00:00,2021-07-06 14:15:00,2021-07-06 14:30:00,13a3539e6c73c447878ad9ba59d087359f350522329bfc6e2e70d71ff3aa2289,57,14,176.0,648,23.5,0.906293706,0,1,125.07506120058015,False,176.0,2021-07,LGB_medium,F2
2021-07-06,2021-07-05 16:00:00,2021-07-06 14:30:00,2021-07-06 14:45:00,13a3539e6c73c447878ad9ba59d087359f350522329bfc6e2e70d71ff3aa2289,58,14,172.0,648,23.5,0.906293706,0,1,133.22130120239044,False,176.0,2021-07,LGB_medium,F2
2021-07-06,2021-07-05 16:00:00,2021-07-06 14:45:00,2021-07-06 15:00:00,13a3539e6c73c447878ad9ba59d087359f350522329bfc6e2e70d71ff3aa2289,59,14,185.0,648,23.5,0.906293706,0,1,125.62690795843902,False,176.0,2021-07,LGB_medium,F2
2021-07-06,2021-07-05 16:00:00,2021-07-06 15:00:00,2021-07-06 15:15:00,13a3539e6c73c447878ad9ba59d087359f350522329bfc6e2e70d71ff3aa2289,60,15,147.0,1272,23.0,2.009478673,0,1,88.94105017794722,False,176.0,2021-07,LGB_medium,F2
2021-07-06,2021-07-05 16:00:00,2021-07-06 15:15:00,2021-07-06 15:30:00,13a3539e6c73c447878ad9ba59d087359f350522329bfc6e2e70d71ff3aa2289,61,15,144.0,1272,23.0,2.009478673,0,1,127.7868728805443,False,176.0,2021-07,LGB_medium,F2
2021-07-06,2021-07-05 16:00:00,2021-07-06 15:30:00,2021-07-06 15:45:00,13a3539e6c73c447878ad9ba59d087359f350522329bfc6e2e70d71ff3aa2289,62,15,173.0,1272,23.0,2.009478673,0,1,127.99490958818028,False,176.0,2021-07,LGB_medium,F2
2021-07-06,2021-07-05 16:00:00,2021-07-06 15:45:00,2021-07-06 16:00:00,13a3539e6c73c447878ad9ba59d087359f350522329bfc6e2e70d71ff3aa2289,63,15,169.0,1272,23.0,2.009478673,0,1,126.57629196420272,False,176.0,2021-07,LGB_medium,F2
2021-07-06,2021-07-05 16:00:00,2021-07-06 16:00:00,2021-07-06 16:15:00,13a3539e6c73c447878ad9ba59d087359f350522329bfc6e2e70d71ff3aa2289,64,16,177.0,985,22.7,1.44005848,0,1,130.1426941573973,False,176.0,2021-07,LGB_medium,F2
2021-07-06,2021-07-05 16:00:00,2021-07-06 16:15:00,2021-07-06 16:30:00,13a3539e6c73c447878ad9ba59d087359f350522329bfc6e2e70d71ff3aa2289,65,16,172.0,985,22.7,1.44005848,0,1,123.9652669855139,False,176.0,2021-07,LGB_medium,F2
2021-07-06,2021-07-05 16:00:00,2021-07-06 16:30:00,2021-07-06 16:45:00,13a3539e6c73c447878ad9ba59d087359f350522329bfc6e2e70d71ff3aa2289,66,16,167.0,985,22.7,1.44005848,0,1,118.67021645955354,False,176.0,2021-07,LGB_medium,F2
2021-07-06,2021-07-05 16:00:00,2021-07-06 16:45:00,2021-07-06 17:00:00,13a3539e6c73c447878ad9ba59d087359f350522329bfc6e2e70d71ff3aa2289,67,16,168.0,985,22.7,1.44005848,0,1,117.81280995496093,False,176.0,2021-07,LGB_medium,F2
2021-07-06,2021-07-05 16:00:00,2021-07-06 17:00:00,2021-07-06 17:15:00,13a3539e6c73c447878ad9ba59d087359f350522329bfc6e2e70d71ff3aa2289,68,17,124.0,124,23.2,0.240776699,0,1,65.38217905763754,False,176.0,2021-07,LGB_medium,F2
2021-07-06,2021-07-05 16:00:00,2021-07-06 17:15:00,2021-07-06 17:30:00,13a3539e6c73c447878ad9ba59d087359f350522329bfc6e2e70d71ff3aa2289,69,17,107.0,124,23.2,0.240776699,0,1,61.1424215015997,False,176.0,2021-07,LGB_medium,F2
2021-07-06,2021-07-05 16:00:00,2021-07-06 17:30:00,2021-07-06 17:45:00,13a3539e6c73c447878ad9ba59d087359f350522329bfc6e2e70d71ff3aa2289,70,17,136.0,124,23.2,0.240776699,0,1,80.93816721222473,False,176.0,2021-07,LGB_medium,F2
2021-07-06,2021-07-05 16:00:00,2021-07-06 17:45:00,2021-07-06 18:00:00,13a3539e6c73c447878ad9ba59d087359f350522329bfc6e2e70d71ff3aa2289,71,17,148.0,124,23.2,0.240776699,0,1,118.20502965206859,False,176.0,2021-07,LGB_medium,F2
2021-07-06,2021-07-05 16:00:00,2021-07-06 18:00:00,2021-07-06 18:15:00,13a3539e6c73c447878ad9ba59d087359f350522329bfc6e2e70d71ff3aa2289,72,18,146.0,1300,23.0,2.120717781,0,1,117.88158170353722,False,176.0,2021-07,LGB_medium,F2
2021-07-06,2021-07-05 16:00:00,2021-07-06 18:15:00,2021-07-06 18:30:00,13a3539e6c73c447878ad9ba59d087359f350522329bfc6e2e70d71ff3aa2289,73,18,161.0,1300,23.0,2.120717781,0,1,115.78671190124498,False,176.0,2021-07,LGB_medium,F2
2021-07-06,2021-07-05 16:00:00,2021-07-06 18:30:00,2021-07-06 18:45:00,13a3539e6c73c447878ad9ba59d087359f350522329bfc6e2e70d71ff3aa2289,74,18,153.0,1300,23.0,2.120717781,0,1,124.81059703191778,False,176.0,2021-07,LGB_medium,F2
2021-07-06,2021-07-05 16:00:00,2021-07-06 18:45:00,2021-07-06 19:00:00,13a3539e6c73c447878ad9ba59d087359f350522329bfc6e2e70d71ff3aa2289,75,18,153.0,1300,23.0,2.120717781,0,1,123.26685005637344,False,176.0,2021-07,LGB_medium,F2
2021-07-06,2021-07-05 16:00:00,2021-07-06 19:00:00,2021-07-06 19:15:00,13a3539e6c73c447878ad9ba59d087359f350522329bfc6e2e70d71ff3aa2289,76,19,153.0,3876,23.7,6.427860697,0,1,116.53610015430414,False,176.0,2021-07,LGB_medium,F2
2021-07-06,2021-07-05 16:00:00,2021-07-06 19:15:00,2021-07-06 19:30:00,13a3539e6c73c447878ad9ba59d087359f350522329bfc6e2e70d71ff3aa2289,77,19,157.0,3876,23.7,6.427860697,0,1,124.52105846821915,False,176.0,2021-07,LGB_medium,F2
2021-07-06,2021-07-05 16:00:00,2021-07-06 19:30:00,2021-07-06 19:45:00,13a3539e6c73c447878ad9ba59d087359f350522329bfc6e2e70d71ff3aa2289,78,19,146.0,3876,23.7,6.427860697,0,1,117.40976333288404,False,176.0,2021-07,LGB_medium,F2
2021-07-06,2021-07-05 16:00:00,2021-07-06 19:45:00,2021-07-06 20:00:00,13a3539e6c73c447878ad9ba59d087359f350522329bfc6e2e70d71ff3aa2289,79,19,147.0,3876,23.7,6.427860697,0,1,88.79348210353432,False,176.0,2021-07,LGB_medium,F2
2021-07-06,2021-07-05 16:00:00,2021-07-06 20:00:00,2021-07-06 20:15:00,13a3539e6c73c447878ad9ba59d087359f350522329bfc6e2e70d71ff3aa2289,80,20,131.0,10,23.7,0.018691589,0,1,76.62151073171917,False,176.0,2021-07,LGB_medium,F2
2021-07-06,2021-07-05 16:00:00,2021-07-06 20:15:00,2021-07-06 20:30:00,13a3539e6c73c447878ad9ba59d087359f350522329bfc6e2e70d71ff3aa2289,81,20,133.0,10,23.7,0.018691589,0,1,76.97570453722231,False,176.0,2021-07,LGB_medium,F2
2021-07-06,2021-07-05 16:00:00,2021-07-06 20:30:00,2021-07-06 20:45:00,13a3539e6c73c447878ad9ba59d087359f350522329bfc6e2e70d71ff3aa2289,82,20,138.0,10,23.7,0.018691589,0,1,78.83439822484837,False,176.0,2021-07,LGB_medium,F2
2021-07-06,2021-07-05 16:00:00,2021-07-06 20:45:00,2021-07-06 21:00:00,13a3539e6c73c447878ad9ba59d087359f350522329bfc6e2e70d71ff3aa2289,83,20,133.0,10,23.7,0.018691589,0,1,76.74177483338983,False,176.0,2021-07,LGB_medium,F2
2021-07-06,2021-07-05 16:00:00,2021-07-06 21:00:00,2021-07-06 21:15:00,13a3539e6c73c447878ad9ba59d087359f350522329bfc6e2e70d71ff3aa2289,84,21,132.0,166,24.1,0.330019881,0,1,71.0138416420871,False,176.0,2021-07,LGB_medium,F2
2021-07-06,2021-07-05 16:00:00,2021-07-06 21:15:00,2021-07-06 21:30:00,13a3539e6c73c447878ad9ba59d087359f350522329bfc6e2e70d71ff3aa2289,85,21,120.0,166,24.1,0.330019881,0,1,71.0138416420871,False,176.0,2021-07,LGB_medium,F2
2021-07-06,2021-07-05 16:00:00,2021-07-06 21:30:00,2021-07-06 21:45:00,13a3539e6c73c447878ad9ba59d087359f350522329bfc6e2e70d71ff3aa2289,86,21,122.0,166,24.1,0.330019881,0,1,69.70245489148684,False,176.0,2021-07,LGB_medium,F2
2021-07-06,2021-07-05 16:00:00,2021-07-06 21:45:00,2021-07-06 22:00:00,13a3539e6c73c447878ad9ba59d087359f350522329bfc6e2e70d71ff3aa2289,87,21,129.0,166,24.1,0.330019881,0,1,70.21089322727956,False,176.0,2021-07,LGB_medium,F2
2021-07-06,2021-07-05 16:00:00,2021-07-06 22:00:00,2021-07-06 22:15:00,13a3539e6c73c447878ad9ba59d087359f350522329bfc6e2e70d71ff3aa2289,88,22,109.0,150,24.1,0.334821429,0,1,61.79952670227958,False,176.0,2021-07,LGB_medium,F2
2021-07-06,2021-07-05 16:00:00,2021-07-06 22:15:00,2021-07-06 22:30:00,13a3539e6c73c447878ad9ba59d087359f350522329bfc6e2e70d71ff3aa2289,89,22,114.0,150,24.1,0.334821429,0,1,65.67717960210553,False,176.0,2021-07,LGB_medium,F2
2021-07-06,2021-07-05 16:00:00,2021-07-06 22:30:00,2021-07-06 22:45:00,13a3539e6c73c447878ad9ba59d087359f350522329bfc6e2e70d71ff3aa2289,90,22,110.0,150,24.1,0.334821429,0,1,67.41680744373953,False,176.0,2021-07,LGB_medium,F2
2021-07-06,2021-07-05 16:00:00,2021-07-06 22:45:00,2021-07-06 23:00:00,13a3539e6c73c447878ad9ba59d087359f350522329bfc6e2e70d71ff3aa2289,91,22,115.0,150,24.1,0.334821429,0,1,68.1400652342015,False,176.0,2021-07,LGB_medium,F2
2021-07-06,2021-07-05 16:00:00,2021-07-06 23:00:00,2021-07-06 23:15:00,13a3539e6c73c447878ad9ba59d087359f350522329bfc6e2e70d71ff3aa2289,92,23,104.0,75,23.9,0.176886792,0,1,67.13397384809382,False,176.0,2021-07,LGB_medium,F2
2021-07-06,2021-07-05 16:00:00,2021-07-06 23:15:00,2021-07-06 23:30:00,13a3539e6c73c447878ad9ba59d087359f350522329bfc6e2e70d71ff3aa2289,93,23,99.0,75,23.9,0.176886792,0,1,65.00001049662505,False,176.0,2021-07,LGB_medium,F2
2021-07-06,2021-07-05 16:00:00,2021-07-06 23:30:00,2021-07-06 23:45:00,13a3539e6c73c447878ad9ba59d087359f350522329bfc6e2e70d71ff3aa2289,94,23,114.0,75,23.9,0.176886792,0,1,61.23730784652525,False,176.0,2021-07,LGB_medium,F2
2021-07-06,2021-07-05 16:00:00,2021-07-06 23:45:00,2021-07-07 00:00:00,13a3539e6c73c447878ad9ba59d087359f350522329bfc6e2e70d71ff3aa2289,95,23,107.0,75,23.9,0.176886792,0,1,72.9225483012686,False,176.0,2021-07,LGB_medium,F2
2021-07-07,2021-07-06 16:00:00,2021-07-07 00:00:00,2021-07-07 00:15:00,ca02b2048246b34a832e2684f864861df37d5cfff8d073e6c1e52af511a8466b,0,0,89.0,250,23.6,0.82781457,0,2,68.81368047122125,False,176.0,2021-07,LGB_medium,F2
2021-07-07,2021-07-06 16:00:00,2021-07-07 00:15:00,2021-07-07 00:30:00,ca02b2048246b34a832e2684f864861df37d5cfff8d073e6c1e52af511a8466b,1,0,72.0,250,23.6,0.82781457,0,2,68.8603860998284,False,176.0,2021-07,LGB_medium,F2
2021-07-07,2021-07-06 16:00:00,2021-07-07 00:30:00,2021-07-07 00:45:00,ca02b2048246b34a832e2684f864861df37d5cfff8d073e6c1e52af511a8466b,2,0,71.0,250,23.6,0.82781457,0,2,68.89028581716137,False,176.0,2021-07,LGB_medium,F2
2021-07-07,2021-07-06 16:00:00,2021-07-07 00:45:00,2021-07-07 01:00:00,ca02b2048246b34a832e2684f864861df37d5cfff8d073e6c1e52af511a8466b,3,0,70.0,250,23.6,0.82781457,0,2,69.50877108027596,False,176.0,2021-07,LGB_medium,F2
2021-07-07,2021-07-06 16:00:00,2021-07-07 01:00:00,2021-07-07 01:15:00,ca02b2048246b34a832e2684f864861df37d5cfff8d073e6c1e52af511a8466b,4,1,91.0,5,23.9,0.012315271,0,2,96.0788389959901,False,176.0,2021-07,LGB_medium,F2
2021-07-07,2021-07-06 16:00:00,2021-07-07 01:15:00,2021-07-07 01:30:00,ca02b2048246b34a832e2684f864861df37d5cfff8d073e6c1e52af511a8466b,5,1,97.0,5,23.9,0.012315271,0,2,112.66888964661729,False,176.0,2021-07,LGB_medium,F2
2021-07-07,2021-07-06 16:00:00,2021-07-07 01:30:00,2021-07-07 01:45:00,ca02b2048246b34a832e2684f864861df37d5cfff8d073e6c1e52af511a8466b,6,1,106.0,5,23.9,0.012315271,0,2,114.17178323408045,False,176.0,2021-07,LGB_medium,F2
2021-07-07,2021-07-06 16:00:00,2021-07-07 01:45:00,2021-07-07 02:00:00,ca02b2048246b34a832e2684f864861df37d5cfff8d073e6c1e52af511a8466b,7,1,112.0,5,23.9,0.012315271,0,2,114.84754181594586,False,176.0,2021-07,LGB_medium,F2
2021-07-07,2021-07-06 16:00:00,2021-07-07 02:00:00,2021-07-07 02:15:00,ca02b2048246b34a832e2684f864861df37d5cfff8d073e6c1e52af511a8466b,8,2,106.0,42,23.6,0.099056604,0,2,116.49831245653485,False,176.0,2021-07,LGB_medium,F2
2021-07-07,2021-07-06 16:00:00,2021-07-07 02:15:00,2021-07-07 02:30:00,ca02b2048246b34a832e2684f864861df37d5cfff8d073e6c1e52af511a8466b,9,2,106.0,42,23.6,0.099056604,0,2,115.6374856280714,False,176.0,2021-07,LGB_medium,F2
2021-07-07,2021-07-06 16:00:00,2021-07-07 02:30:00,2021-07-07 02:45:00,ca02b2048246b34a832e2684f864861df37d5cfff8d073e6c1e52af511a8466b,10,2,107.0,42,23.6,0.099056604,0,2,114.6956100041086,False,176.0,2021-07,LGB_medium,F2
2021-07-07,2021-07-06 16:00:00,2021-07-07 02:45:00,2021-07-07 03:00:00,ca02b2048246b34a832e2684f864861df37d5cfff8d073e6c1e52af511a8466b,11,2,105.0,42,23.6,0.099056604,0,2,113.58428186501177,False,176.0,2021-07,LGB_medium,F2
2021-07-07,2021-07-06 16:00:00,2021-07-07 03:00:00,2021-07-07 03:15:00,ca02b2048246b34a832e2684f864861df37d5cfff8d073e6c1e52af511a8466b,12,3,107.0,442,23.8,1.004545455,0,2,105.67173154364453,False,176.0,2021-07,LGB_medium,F2
2021-07-07,2021-07-06 16:00:00,2021-07-07 03:15:00,2021-07-07 03:30:00,ca02b2048246b34a832e2684f864861df37d5cfff8d073e6c1e52af511a8466b,13,3,109.0,442,23.8,1.004545455,0,2,112.87080772725706,False,176.0,2021-07,LGB_medium,F2
2021-07-07,2021-07-06 16:00:00,2021-07-07 03:30:00,2021-07-07 03:45:00,ca02b2048246b34a832e2684f864861df37d5cfff8d073e6c1e52af511a8466b,14,3,115.0,442,23.8,1.004545455,0,2,114.66963715407289,False,176.0,2021-07,LGB_medium,F2
2021-07-07,2021-07-06 16:00:00,2021-07-07 03:45:00,2021-07-07 04:00:00,ca02b2048246b34a832e2684f864861df37d5cfff8d073e6c1e52af511a8466b,15,3,109.0,442,23.8,1.004545455,0,2,116.19520786817033,False,176.0,2021-07,LGB_medium,F2
2021-07-07,2021-07-06 16:00:00,2021-07-07 04:00:00,2021-07-07 04:15:00,ca02b2048246b34a832e2684f864861df37d5cfff8d073e6c1e52af511a8466b,16,4,108.0,90,23.9,0.211764706,0,2,116.37476063145273,False,176.0,2021-07,LGB_medium,F2
2021-07-07,2021-07-06 16:00:00,2021-07-07 04:15:00,2021-07-07 04:30:00,ca02b2048246b34a832e2684f864861df37d5cfff8d073e6c1e52af511a8466b,17,4,105.0,90,23.9,0.211764706,0,2,114.13344993347773,False,176.0,2021-07,LGB_medium,F2
2021-07-07,2021-07-06 16:00:00,2021-07-07 04:30:00,2021-07-07 04:45:00,ca02b2048246b34a832e2684f864861df37d5cfff8d073e6c1e52af511a8466b,18,4,104.0,90,23.9,0.211764706,0,2,112.90886009634248,False,176.0,2021-07,LGB_medium,F2
2021-07-07,2021-07-06 16:00:00,2021-07-07 04:45:00,2021-07-07 05:00:00,ca02b2048246b34a832e2684f864861df37d5cfff8d073e6c1e52af511a8466b,19,4,108.0,90,23.9,0.211764706,0,2,113.56201121762885,False,176.0,2021-07,LGB_medium,F2
2021-07-07,2021-07-06 16:00:00,2021-07-07 05:00:00,2021-07-07 05:15:00,ca02b2048246b34a832e2684f864861df37d5cfff8d073e6c1e52af511a8466b,20,5,95.0,387,24.0,1.026525199,0,2,95.02759687395377,False,176.0,2021-07,LGB_medium,F2
2021-07-07,2021-07-06 16:00:00,2021-07-07 05:15:00,2021-07-07 05:30:00,ca02b2048246b34a832e2684f864861df37d5cfff8d073e6c1e52af511a8466b,21,5,85.0,387,24.0,1.026525199,0,2,82.12382019994656,False,176.0,2021-07,LGB_medium,F2
2021-07-07,2021-07-06 16:00:00,2021-07-07 05:30:00,2021-07-07 05:45:00,ca02b2048246b34a832e2684f864861df37d5cfff8d073e6c1e52af511a8466b,22,5,96.0,387,24.0,1.026525199,0,2,109.3905475495525,False,176.0,2021-07,LGB_medium,F2
2021-07-07,2021-07-06 16:00:00,2021-07-07 05:45:00,2021-07-07 06:00:00,ca02b2048246b34a832e2684f864861df37d5cfff8d073e6c1e52af511a8466b,23,5,101.0,387,24.0,1.026525199,0,2,118.53899206168637,False,176.0,2021-07,LGB_medium,F2
2021-07-07,2021-07-06 16:00:00,2021-07-07 06:00:00,2021-07-07 06:15:00,ca02b2048246b34a832e2684f864861df37d5cfff8d073e6c1e52af511a8466b,24,6,101.0,38,24.2,0.093137255,0,2,117.50537740281648,False,176.0,2021-07,LGB_medium,F2
2021-07-07,2021-07-06 16:00:00,2021-07-07 06:15:00,2021-07-07 06:30:00,ca02b2048246b34a832e2684f864861df37d5cfff8d073e6c1e52af511a8466b,25,6,106.0,38,24.2,0.093137255,0,2,116.53169925153048,False,176.0,2021-07,LGB_medium,F2
2021-07-07,2021-07-06 16:00:00,2021-07-07 06:30:00,2021-07-07 06:45:00,ca02b2048246b34a832e2684f864861df37d5cfff8d073e6c1e52af511a8466b,26,6,101.0,38,24.2,0.093137255,0,2,115.54351038758257,False,176.0,2021-07,LGB_medium,F2
2021-07-07,2021-07-06 16:00:00,2021-07-07 06:45:00,2021-07-07 07:00:00,ca02b2048246b34a832e2684f864861df37d5cfff8d073e6c1e52af511a8466b,27,6,100.0,38,24.2,0.093137255,0,2,117.24948315197891,False,176.0,2021-07,LGB_medium,F2
2021-07-07,2021-07-06 16:00:00,2021-07-07 07:00:00,2021-07-07 07:15:00,ca02b2048246b34a832e2684f864861df37d5cfff8d073e6c1e52af511a8466b,28,7,114.0,1847,25.4,3.558766859,0,2,117.92718841320774,False,176.0,2021-07,LGB_medium,F2
2021-07-07,2021-07-06 16:00:00,2021-07-07 07:15:00,2021-07-07 07:30:00,ca02b2048246b34a832e2684f864861df37d5cfff8d073e6c1e52af511a8466b,29,7,122.0,1847,25.4,3.558766859,0,2,123.72979978005938,False,176.0,2021-07,LGB_medium,F2
2021-07-07,2021-07-06 16:00:00,2021-07-07 07:30:00,2021-07-07 07:45:00,ca02b2048246b34a832e2684f864861df37d5cfff8d073e6c1e52af511a8466b,30,7,138.0,1847,25.4,3.558766859,0,2,151.0389002063302,False,176.0,2021-07,LGB_medium,F2
2021-07-07,2021-07-06 16:00:00,2021-07-07 07:45:00,2021-07-07 08:00:00,ca02b2048246b34a832e2684f864861df37d5cfff8d073e6c1e52af511a8466b,31,7,145.0,1847,25.4,3.558766859,0,2,149.48387290245557,False,176.0,2021-07,LGB_medium,F2
2021-07-07,2021-07-06 16:00:00,2021-07-07 08:00:00,2021-07-07 08:15:00,ca02b2048246b34a832e2684f864861df37d5cfff8d073e6c1e52af511a8466b,32,8,157.0,675,25.0,0.932320442,0,2,159.3329811174016,False,176.0,2021-07,LGB_medium,F2
2021-07-07,2021-07-06 16:00:00,2021-07-07 08:15:00,2021-07-07 08:30:00,ca02b2048246b34a832e2684f864861df37d5cfff8d073e6c1e52af511a8466b,33,8,172.0,675,25.0,0.932320442,0,2,173.6788456825984,False,176.0,2021-07,LGB_medium,F2
2021-07-07,2021-07-06 16:00:00,2021-07-07 08:30:00,2021-07-07 08:45:00,ca02b2048246b34a832e2684f864861df37d5cfff8d073e6c1e52af511a8466b,34,8,192.0,675,25.0,0.932320442,0,2,173.02977565863395,False,176.0,2021-07,LGB_medium,F2
2021-07-07,2021-07-06 16:00:00,2021-07-07 08:45:00,2021-07-07 09:00:00,ca02b2048246b34a832e2684f864861df37d5cfff8d073e6c1e52af511a8466b,35,8,203.0,675,25.0,0.932320442,0,2,175.07727932766363,False,176.0,2021-07,LGB_medium,F2
2021-07-07,2021-07-06 16:00:00,2021-07-07 09:00:00,2021-07-07 09:15:00,ca02b2048246b34a832e2684f864861df37d5cfff8d073e6c1e52af511a8466b,36,9,187.0,1990,25.5,2.79494382,0,2,174.90813338571417,False,176.0,2021-07,LGB_medium,F2
2021-07-07,2021-07-06 16:00:00,2021-07-07 09:15:00,2021-07-07 09:30:00,ca02b2048246b34a832e2684f864861df37d5cfff8d073e6c1e52af511a8466b,37,9,182.0,1990,25.5,2.79494382,0,2,174.38857366015353,False,176.0,2021-07,LGB_medium,F2
2021-07-07,2021-07-06 16:00:00,2021-07-07 09:30:00,2021-07-07 09:45:00,ca02b2048246b34a832e2684f864861df37d5cfff8d073e6c1e52af511a8466b,38,9,168.0,1990,25.5,2.79494382,0,2,175.17584809823853,False,176.0,2021-07,LGB_medium,F2
2021-07-07,2021-07-06 16:00:00,2021-07-07 09:45:00,2021-07-07 10:00:00,ca02b2048246b34a832e2684f864861df37d5cfff8d073e6c1e52af511a8466b,39,9,175.0,1990,25.5,2.79494382,0,2,174.60321416955932,False,176.0,2021-07,LGB_medium,F2
2021-07-07,2021-07-06 16:00:00,2021-07-07 10:00:00,2021-07-07 10:15:00,ca02b2048246b34a832e2684f864861df37d5cfff8d073e6c1e52af511a8466b,40,10,152.0,3638,24.9,5.242074928,0,2,145.5316427459801,False,176.0,2021-07,LGB_medium,F2
2021-07-07,2021-07-06 16:00:00,2021-07-07 10:15:00,2021-07-07 10:30:00,ca02b2048246b34a832e2684f864861df37d5cfff8d073e6c1e52af511a8466b,41,10,185.0,3638,24.9,5.242074928,0,2,173.9957186118813,False,176.0,2021-07,LGB_medium,F2
2021-07-07,2021-07-06 16:00:00,2021-07-07 10:30:00,2021-07-07 10:45:00,ca02b2048246b34a832e2684f864861df37d5cfff8d073e6c1e52af511a8466b,42,10,186.0,3638,24.9,5.242074928,0,2,176.32431078726887,False,176.0,2021-07,LGB_medium,F2
2021-07-07,2021-07-06 16:00:00,2021-07-07 10:45:00,2021-07-07 11:00:00,ca02b2048246b34a832e2684f864861df37d5cfff8d073e6c1e52af511a8466b,43,10,171.0,3638,24.9,5.242074928,0,2,172.65988691291847,False,176.0,2021-07,LGB_medium,F2
2021-07-07,2021-07-06 16:00:00,2021-07-07 11:00:00,2021-07-07 11:15:00,ca02b2048246b34a832e2684f864861df37d5cfff8d073e6c1e52af511a8466b,44,11,172.0,954,23.3,1.343661972,0,2,173.02647722597786,False,176.0,2021-07,LGB_medium,F2
2021-07-07,2021-07-06 16:00:00,2021-07-07 11:15:00,2021-07-07 11:30:00,ca02b2048246b34a832e2684f864861df37d5cfff8d073e6c1e52af511a8466b,45,11,183.0,954,23.3,1.343661972,0,2,168.21584405958788,False,176.0,2021-07,LGB_medium,F2
2021-07-07,2021-07-06 16:00:00,2021-07-07 11:30:00,2021-07-07 11:45:00,ca02b2048246b34a832e2684f864861df37d5cfff8d073e6c1e52af511a8466b,46,11,181.0,954,23.3,1.343661972,0,2,170.68922345931853,False,176.0,2021-07,LGB_medium,F2
2021-07-07,2021-07-06 16:00:00,2021-07-07 11:45:00,2021-07-07 12:00:00,ca02b2048246b34a832e2684f864861df37d5cfff8d073e6c1e52af511a8466b,47,11,174.0,954,23.3,1.343661972,0,2,171.66509130563693,False,176.0,2021-07,LGB_medium,F2
2021-07-07,2021-07-06 16:00:00,2021-07-07 12:00:00,2021-07-07 12:15:00,ca02b2048246b34a832e2684f864861df37d5cfff8d073e6c1e52af511a8466b,48,12,131.0,0,23.8,0.0,0,2,113.96364772854737,False,176.0,2021-07,LGB_medium,F2
2021-07-07,2021-07-06 16:00:00,2021-07-07 12:15:00,2021-07-07 12:30:00,ca02b2048246b34a832e2684f864861df37d5cfff8d073e6c1e52af511a8466b,49,12,105.0,0,23.8,0.0,0,2,97.94494157468817,False,176.0,2021-07,LGB_medium,F2
2021-07-07,2021-07-06 16:00:00,2021-07-07 12:30:00,2021-07-07 12:45:00,ca02b2048246b34a832e2684f864861df37d5cfff8d073e6c1e52af511a8466b,50,12,104.0,0,23.8,0.0,0,2,91.80586217129685,False,176.0,2021-07,LGB_medium,F2
2021-07-07,2021-07-06 16:00:00,2021-07-07 12:45:00,2021-07-07 13:00:00,ca02b2048246b34a832e2684f864861df37d5cfff8d073e6c1e52af511a8466b,51,12,106.0,0,23.8,0.0,0,2,113.82101133582267,False,176.0,2021-07,LGB_medium,F2
2021-07-07,2021-07-06 16:00:00,2021-07-07 13:00:00,2021-07-07 13:15:00,ca02b2048246b34a832e2684f864861df37d5cfff8d073e6c1e52af511a8466b,52,13,146.0,320,23.8,0.463096961,0,2,167.55305885869558,False,176.0,2021-07,LGB_medium,F2
2021-07-07,2021-07-06 16:00:00,2021-07-07 13:15:00,2021-07-07 13:30:00,ca02b2048246b34a832e2684f864861df37d5cfff8d073e6c1e52af511a8466b,53,13,178.0,320,23.8,0.463096961,0,2,174.51403887422572,False,176.0,2021-07,LGB_medium,F2
2021-07-07,2021-07-06 16:00:00,2021-07-07 13:30:00,2021-07-07 13:45:00,ca02b2048246b34a832e2684f864861df37d5cfff8d073e6c1e52af511a8466b,54,13,185.0,320,23.8,0.463096961,0,2,175.62788462715966,False,176.0,2021-07,LGB_medium,F2
2021-07-07,2021-07-06 16:00:00,2021-07-07 13:45:00,2021-07-07 14:00:00,ca02b2048246b34a832e2684f864861df37d5cfff8d073e6c1e52af511a8466b,55,13,182.0,320,23.8,0.463096961,0,2,174.60973520309219,False,176.0,2021-07,LGB_medium,F2
2021-07-07,2021-07-06 16:00:00,2021-07-07 14:00:00,2021-07-07 14:15:00,ca02b2048246b34a832e2684f864861df37d5cfff8d073e6c1e52af511a8466b,56,14,185.0,1323,24.2,1.89,0,2,170.80339290974965,False,176.0,2021-07,LGB_medium,F2
2021-07-07,2021-07-06 16:00:00,2021-07-07 14:15:00,2021-07-07 14:30:00,ca02b2048246b34a832e2684f864861df37d5cfff8d073e6c1e52af511a8466b,57,14,181.0,1323,24.2,1.89,0,2,169.53419009550547,False,176.0,2021-07,LGB_medium,F2
2021-07-07,2021-07-06 16:00:00,2021-07-07 14:30:00,2021-07-07 14:45:00,ca02b2048246b34a832e2684f864861df37d5cfff8d073e6c1e52af511a8466b,58,14,167.0,1323,24.2,1.89,0,2,172.29485540777108,False,176.0,2021-07,LGB_medium,F2
2021-07-07,2021-07-06 16:00:00,2021-07-07 14:45:00,2021-07-07 15:00:00,ca02b2048246b34a832e2684f864861df37d5cfff8d073e6c1e52af511a8466b,59,14,167.0,1323,24.2,1.89,0,2,171.66342563010411,False,176.0,2021-07,LGB_medium,F2
2021-07-07,2021-07-06 16:00:00,2021-07-07 15:00:00,2021-07-07 15:15:00,ca02b2048246b34a832e2684f864861df37d5cfff8d073e6c1e52af511a8466b,60,15,144.0,1208,23.4,1.914421553,0,2,134.29146345249683,False,176.0,2021-07,LGB_medium,F2
2021-07-07,2021-07-06 16:00:00,2021-07-07 15:15:00,2021-07-07 15:30:00,ca02b2048246b34a832e2684f864861df37d5cfff8d073e6c1e52af511a8466b,61,15,138.0,1208,23.4,1.914421553,0,2,168.6944121410344,False,176.0,2021-07,LGB_medium,F2
2021-07-07,2021-07-06 16:00:00,2021-07-07 15:30:00,2021-07-07 15:45:00,ca02b2048246b34a832e2684f864861df37d5cfff8d073e6c1e52af511a8466b,62,15,176.0,1208,23.4,1.914421553,0,2,173.61550608786348,False,176.0,2021-07,LGB_medium,F2
2021-07-07,2021-07-06 16:00:00,2021-07-07 15:45:00,2021-07-07 16:00:00,ca02b2048246b34a832e2684f864861df37d5cfff8d073e6c1e52af511a8466b,63,15,173.0,1208,23.4,1.914421553,0,2,167.77591808998525,False,176.0,2021-07,LGB_medium,F2
2021-07-07,2021-07-06 16:00:00,2021-07-07 16:00:00,2021-07-07 16:15:00,ca02b2048246b34a832e2684f864861df37d5cfff8d073e6c1e52af511a8466b,64,16,178.0,1579,23.6,2.230225989,0,2,162.8551646014853,False,176.0,2021-07,LGB_medium,F2
2021-07-07,2021-07-06 16:00:00,2021-07-07 16:15:00,2021-07-07 16:30:00,ca02b2048246b34a832e2684f864861df37d5cfff8d073e6c1e52af511a8466b,65,16,181.0,1579,23.6,2.230225989,0,2,165.29697256373376,False,176.0,2021-07,LGB_medium,F2
2021-07-07,2021-07-06 16:00:00,2021-07-07 16:30:00,2021-07-07 16:45:00,ca02b2048246b34a832e2684f864861df37d5cfff8d073e6c1e52af511a8466b,66,16,174.0,1579,23.6,2.230225989,0,2,161.53032663943304,False,176.0,2021-07,LGB_medium,F2
2021-07-07,2021-07-06 16:00:00,2021-07-07 16:45:00,2021-07-07 17:00:00,ca02b2048246b34a832e2684f864861df37d5cfff8d073e6c1e52af511a8466b,67,16,175.0,1579,23.6,2.230225989,0,2,164.72066920509036,False,176.0,2021-07,LGB_medium,F2
2021-07-07,2021-07-06 16:00:00,2021-07-07 17:00:00,2021-07-07 17:15:00,ca02b2048246b34a832e2684f864861df37d5cfff8d073e6c1e52af511a8466b,68,17,120.0,175,23.4,0.316455696,0,2,124.76317267218853,False,176.0,2021-07,LGB_medium,F2
2021-07-07,2021-07-06 16:00:00,2021-07-07 17:15:00,2021-07-07 17:30:00,ca02b2048246b34a832e2684f864861df37d5cfff8d073e6c1e52af511a8466b,69,17,98.0,175,23.4,0.316455696,0,2,134.74771063540018,False,176.0,2021-07,LGB_medium,F2
2021-07-07,2021-07-06 16:00:00,2021-07-07 17:30:00,2021-07-07 17:45:00,ca02b2048246b34a832e2684f864861df37d5cfff8d073e6c1e52af511a8466b,70,17,156.0,175,23.4,0.316455696,0,2,154.06893738122687,False,176.0,2021-07,LGB_medium,F2
2021-07-07,2021-07-06 16:00:00,2021-07-07 17:45:00,2021-07-07 18:00:00,ca02b2048246b34a832e2684f864861df37d5cfff8d073e6c1e52af511a8466b,71,17,179.0,175,23.4,0.316455696,0,2,162.0652697044067,False,176.0,2021-07,LGB_medium,F2
2021-07-07,2021-07-06 16:00:00,2021-07-07 18:00:00,2021-07-07 18:15:00,ca02b2048246b34a832e2684f864861df37d5cfff8d073e6c1e52af511a8466b,72,18,169.0,1717,23.4,2.547477745,0,2,164.0969333559929,False,176.0,2021-07,LGB_medium,F2
2021-07-07,2021-07-06 16:00:00,2021-07-07 18:15:00,2021-07-07 18:30:00,ca02b2048246b34a832e2684f864861df37d5cfff8d073e6c1e52af511a8466b,73,18,173.0,1717,23.4,2.547477745,0,2,165.74524493080295,False,176.0,2021-07,LGB_medium,F2
2021-07-07,2021-07-06 16:00:00,2021-07-07 18:30:00,2021-07-07 18:45:00,ca02b2048246b34a832e2684f864861df37d5cfff8d073e6c1e52af511a8466b,74,18,165.0,1717,23.4,2.547477745,0,2,163.9250072554366,False,176.0,2021-07,LGB_medium,F2
2021-07-07,2021-07-06 16:00:00,2021-07-07 18:45:00,2021-07-07 19:00:00,ca02b2048246b34a832e2684f864861df37d5cfff8d073e6c1e52af511a8466b,75,18,167.0,1717,23.4,2.547477745,0,2,162.96416140218673,False,176.0,2021-07,LGB_medium,F2
2021-07-07,2021-07-06 16:00:00,2021-07-07 19:00:00,2021-07-07 19:15:00,ca02b2048246b34a832e2684f864861df37d5cfff8d073e6c1e52af511a8466b,76,19,164.0,2321,22.7,3.707667732,0,2,158.76949748123008,False,176.0,2021-07,LGB_medium,F2
2021-07-07,2021-07-06 16:00:00,2021-07-07 19:15:00,2021-07-07 19:30:00,ca02b2048246b34a832e2684f864861df37d5cfff8d073e6c1e52af511a8466b,77,19,169.0,2321,22.7,3.707667732,0,2,150.92036629060038,False,176.0,2021-07,LGB_medium,F2
2021-07-07,2021-07-06 16:00:00,2021-07-07 19:30:00,2021-07-07 19:45:00,ca02b2048246b34a832e2684f864861df37d5cfff8d073e6c1e52af511a8466b,78,19,159.0,2321,22.7,3.707667732,0,2,144.0518591378006,False,176.0,2021-07,LGB_medium,F2
2021-07-07,2021-07-06 16:00:00,2021-07-07 19:45:00,2021-07-07 20:00:00,ca02b2048246b34a832e2684f864861df37d5cfff8d073e6c1e52af511a8466b,79,19,134.0,2321,22.7,3.707667732,0,2,118.27672006176827,False,176.0,2021-07,LGB_medium,F2
2021-07-07,2021-07-06 16:00:00,2021-07-07 20:00:00,2021-07-07 20:15:00,ca02b2048246b34a832e2684f864861df37d5cfff8d073e6c1e52af511a8466b,80,20,106.0,162,22.5,0.347639485,0,2,116.81509107327987,False,176.0,2021-07,LGB_medium,F2
2021-07-07,2021-07-06 16:00:00,2021-07-07 20:15:00,2021-07-07 20:30:00,ca02b2048246b34a832e2684f864861df37d5cfff8d073e6c1e52af511a8466b,81,20,127.0,162,22.5,0.347639485,0,2,118.0883752641771,False,176.0,2021-07,LGB_medium,F2
2021-07-07,2021-07-06 16:00:00,2021-07-07 20:30:00,2021-07-07 20:45:00,ca02b2048246b34a832e2684f864861df37d5cfff8d073e6c1e52af511a8466b,82,20,124.0,162,22.5,0.347639485,0,2,123.0667914584719,False,176.0,2021-07,LGB_medium,F2
2021-07-07,2021-07-06 16:00:00,2021-07-07 20:45:00,2021-07-07 21:00:00,ca02b2048246b34a832e2684f864861df37d5cfff8d073e6c1e52af511a8466b,83,20,109.0,162,22.5,0.347639485,0,2,126.83541161537046,False,176.0,2021-07,LGB_medium,F2
2021-07-07,2021-07-06 16:00:00,2021-07-07 21:00:00,2021-07-07 21:15:00,ca02b2048246b34a832e2684f864861df37d5cfff8d073e6c1e52af511a8466b,84,21,117.0,68,22.4,0.147826087,0,2,121.04495476916219,False,176.0,2021-07,LGB_medium,F2
2021-07-07,2021-07-06 16:00:00,2021-07-07 21:15:00,2021-07-07 21:30:00,ca02b2048246b34a832e2684f864861df37d5cfff8d073e6c1e52af511a8466b,85,21,120.0,68,22.4,0.147826087,0,2,123.23958471711273,False,176.0,2021-07,LGB_medium,F2
2021-07-07,2021-07-06 16:00:00,2021-07-07 21:30:00,2021-07-07 21:45:00,ca02b2048246b34a832e2684f864861df37d5cfff8d073e6c1e52af511a8466b,86,21,110.0,68,22.4,0.147826087,0,2,120.23576038033714,False,176.0,2021-07,LGB_medium,F2
2021-07-07,2021-07-06 16:00:00,2021-07-07 21:45:00,2021-07-07 22:00:00,ca02b2048246b34a832e2684f864861df37d5cfff8d073e6c1e52af511a8466b,87,21,113.0,68,22.4,0.147826087,0,2,118.22892150316943,False,176.0,2021-07,LGB_medium,F2
2021-07-07,2021-07-06 16:00:00,2021-07-07 22:00:00,2021-07-07 22:15:00,ca02b2048246b34a832e2684f864861df37d5cfff8d073e6c1e52af511a8466b,88,22,87.0,104,22.3,0.24940048,0,2,97.58198784511656,False,176.0,2021-07,LGB_medium,F2
2021-07-07,2021-07-06 16:00:00,2021-07-07 22:15:00,2021-07-07 22:30:00,ca02b2048246b34a832e2684f864861df37d5cfff8d073e6c1e52af511a8466b,89,22,105.0,104,22.3,0.24940048,0,2,115.56341432993274,False,176.0,2021-07,LGB_medium,F2
2021-07-07,2021-07-06 16:00:00,2021-07-07 22:30:00,2021-07-07 22:45:00,ca02b2048246b34a832e2684f864861df37d5cfff8d073e6c1e52af511a8466b,90,22,112.0,104,22.3,0.24940048,0,2,119.370870493102,False,176.0,2021-07,LGB_medium,F2
2021-07-07,2021-07-06 16:00:00,2021-07-07 22:45:00,2021-07-07 23:00:00,ca02b2048246b34a832e2684f864861df37d5cfff8d073e6c1e52af511a8466b,91,22,113.0,104,22.3,0.24940048,0,2,121.64327136119515,False,176.0,2021-07,LGB_medium,F2
2021-07-07,2021-07-06 16:00:00,2021-07-07 23:00:00,2021-07-07 23:15:00,ca02b2048246b34a832e2684f864861df37d5cfff8d073e6c1e52af511a8466b,92,23,110.0,72,22.2,0.171837709,0,2,118.94904648446494,False,176.0,2021-07,LGB_medium,F2
2021-07-07,2021-07-06 16:00:00,2021-07-07 23:15:00,2021-07-07 23:30:00,ca02b2048246b34a832e2684f864861df37d5cfff8d073e6c1e52af511a8466b,93,23,107.0,72,22.2,0.171837709,0,2,119.49437196704557,False,176.0,2021-07,LGB_medium,F2
2021-07-07,2021-07-06 16:00:00,2021-07-07 23:30:00,2021-07-07 23:45:00,ca02b2048246b34a832e2684f864861df37d5cfff8d073e6c1e52af511a8466b,94,23,97.0,72,22.2,0.171837709,0,2,113.84847673667896,False,176.0,2021-07,LGB_medium,F2
2021-07-07,2021-07-06 16:00:00,2021-07-07 23:45:00,2021-07-08 00:00:00,ca02b2048246b34a832e2684f864861df37d5cfff8d073e6c1e52af511a8466b,95,23,105.0,72,22.2,0.171837709,0,2,86.03670882778016,False,176.0,2021-07,LGB_medium,F2
2021-07-08,2021-07-07 16:00:00,2021-07-08 00:00:00,2021-07-08 00:15:00,8f7b73889ffdf4ab203e31dec96e3759b9ce67543508c335ef2cb363b425e73d,0,0,78.0,242,22.0,0.825938567,0,3,67.67736709357749,False,176.0,2021-07,LGB_medium,F2
2021-07-08,2021-07-07 16:00:00,2021-07-08 00:15:00,2021-07-08 00:30:00,8f7b73889ffdf4ab203e31dec96e3759b9ce67543508c335ef2cb363b425e73d,1,0,72.0,242,22.0,0.825938567,0,3,67.73480878276666,False,176.0,2021-07,LGB_medium,F2
2021-07-08,2021-07-07 16:00:00,2021-07-08 00:30:00,2021-07-08 00:45:00,8f7b73889ffdf4ab203e31dec96e3759b9ce67543508c335ef2cb363b425e73d,2,0,73.0,242,22.0,0.825938567,0,3,67.67176965929856,False,176.0,2021-07,LGB_medium,F2
2021-07-08,2021-07-07 16:00:00,2021-07-08 00:45:00,2021-07-08 01:00:00,8f7b73889ffdf4ab203e31dec96e3759b9ce67543508c335ef2cb363b425e73d,3,0,70.0,242,22.0,0.825938567,0,3,67.68722723428468,False,176.0,2021-07,LGB_medium,F2
2021-07-08,2021-07-07 16:00:00,2021-07-08 01:00:00,2021-07-08 01:15:00,8f7b73889ffdf4ab203e31dec96e3759b9ce67543508c335ef2cb363b425e73d,4,1,89.0,703,21.9,1.775252525,0,3,96.57001989372661,False,176.0,2021-07,LGB_medium,F2
2021-07-08,2021-07-07 16:00:00,2021-07-08 01:15:00,2021-07-08 01:30:00,8f7b73889ffdf4ab203e31dec96e3759b9ce67543508c335ef2cb363b425e73d,5,1,102.0,703,21.9,1.775252525,0,3,112.9603506529032,False,176.0,2021-07,LGB_medium,F2
2021-07-08,2021-07-07 16:00:00,2021-07-08 01:30:00,2021-07-08 01:45:00,8f7b73889ffdf4ab203e31dec96e3759b9ce67543508c335ef2cb363b425e73d,6,1,101.0,703,21.9,1.775252525,0,3,116.44292235149547,False,176.0,2021-07,LGB_medium,F2
2021-07-08,2021-07-07 16:00:00,2021-07-08 01:45:00,2021-07-08 02:00:00,8f7b73889ffdf4ab203e31dec96e3759b9ce67543508c335ef2cb363b425e73d,7,1,104.0,703,21.9,1.775252525,0,3,118.14374465770007,False,176.0,2021-07,LGB_medium,F2
2021-07-08,2021-07-07 16:00:00,2021-07-08 02:00:00,2021-07-08 02:15:00,8f7b73889ffdf4ab203e31dec96e3759b9ce67543508c335ef2cb363b425e73d,8,2,106.0,192,21.9,0.461538462,0,3,119.33062643409872,False,176.0,2021-07,LGB_medium,F2
2021-07-08,2021-07-07 16:00:00,2021-07-08 02:15:00,2021-07-08 02:30:00,8f7b73889ffdf4ab203e31dec96e3759b9ce67543508c335ef2cb363b425e73d,9,2,98.0,192,21.9,0.461538462,0,3,116.40909546087234,False,176.0,2021-07,LGB_medium,F2
2021-07-08,2021-07-07 16:00:00,2021-07-08 02:30:00,2021-07-08 02:45:00,8f7b73889ffdf4ab203e31dec96e3759b9ce67543508c335ef2cb363b425e73d,10,2,110.0,192,21.9,0.461538462,0,3,115.92182787415274,False,176.0,2021-07,LGB_medium,F2
2021-07-08,2021-07-07 16:00:00,2021-07-08 02:45:00,2021-07-08 03:00:00,8f7b73889ffdf4ab203e31dec96e3759b9ce67543508c335ef2cb363b425e73d,11,2,102.0,192,21.9,0.461538462,0,3,114.66794041811625,False,176.0,2021-07,LGB_medium,F2
2021-07-08,2021-07-07 16:00:00,2021-07-08 03:00:00,2021-07-08 03:15:00,8f7b73889ffdf4ab203e31dec96e3759b9ce67543508c335ef2cb363b425e73d,12,3,94.0,130,21.9,0.30952381,0,3,112.00740489067702,False,176.0,2021-07,LGB_medium,F2
2021-07-08,2021-07-07 16:00:00,2021-07-08 03:15:00,2021-07-08 03:30:00,8f7b73889ffdf4ab203e31dec96e3759b9ce67543508c335ef2cb363b425e73d,13,3,102.0,130,21.9,0.30952381,0,3,116.38517812467367,False,176.0,2021-07,LGB_medium,F2
2021-07-08,2021-07-07 16:00:00,2021-07-08 03:30:00,2021-07-08 03:45:00,8f7b73889ffdf4ab203e31dec96e3759b9ce67543508c335ef2cb363b425e73d,14,3,115.0,130,21.9,0.30952381,0,3,118.1684127846174,False,176.0,2021-07,LGB_medium,F2
2021-07-08,2021-07-07 16:00:00,2021-07-08 03:45:00,2021-07-08 04:00:00,8f7b73889ffdf4ab203e31dec96e3759b9ce67543508c335ef2cb363b425e73d,15,3,109.0,130,21.9,0.30952381,0,3,118.55855693935132,False,176.0,2021-07,LGB_medium,F2
2021-07-08,2021-07-07 16:00:00,2021-07-08 04:00:00,2021-07-08 04:15:00,8f7b73889ffdf4ab203e31dec96e3759b9ce67543508c335ef2cb363b425e73d,16,4,100.0,208,22.1,0.492890995,0,3,117.79005682805806,False,176.0,2021-07,LGB_medium,F2
2021-07-08,2021-07-07 16:00:00,2021-07-08 04:15:00,2021-07-08 04:30:00,8f7b73889ffdf4ab203e31dec96e3759b9ce67543508c335ef2cb363b425e73d,17,4,105.0,208,22.1,0.492890995,0,3,116.25515370542789,False,176.0,2021-07,LGB_medium,F2
2021-07-08,2021-07-07 16:00:00,2021-07-08 04:30:00,2021-07-08 04:45:00,8f7b73889ffdf4ab203e31dec96e3759b9ce67543508c335ef2cb363b425e73d,18,4,108.0,208,22.1,0.492890995,0,3,114.97623396510834,False,176.0,2021-07,LGB_medium,F2
2021-07-08,2021-07-07 16:00:00,2021-07-08 04:45:00,2021-07-08 05:00:00,8f7b73889ffdf4ab203e31dec96e3759b9ce67543508c335ef2cb363b425e73d,19,4,109.0,208,22.1,0.492890995,0,3,116.65661454324918,False,176.0,2021-07,LGB_medium,F2
2021-07-08,2021-07-07 16:00:00,2021-07-08 05:00:00,2021-07-08 05:15:00,8f7b73889ffdf4ab203e31dec96e3759b9ce67543508c335ef2cb363b425e73d,20,5,102.0,314,22.3,0.817708333,0,3,95.83450842634785,False,176.0,2021-07,LGB_medium,F2
2021-07-08,2021-07-07 16:00:00,2021-07-08 05:15:00,2021-07-08 05:30:00,8f7b73889ffdf4ab203e31dec96e3759b9ce67543508c335ef2cb363b425e73d,21,5,81.0,314,22.3,0.817708333,0,3,84.46282976247036,False,176.0,2021-07,LGB_medium,F2
2021-07-08,2021-07-07 16:00:00,2021-07-08 05:30:00,2021-07-08 05:45:00,8f7b73889ffdf4ab203e31dec96e3759b9ce67543508c335ef2cb363b425e73d,22,5,94.0,314,22.3,0.817708333,0,3,110.80748039948405,False,176.0,2021-07,LGB_medium,F2
2021-07-08,2021-07-07 16:00:00,2021-07-08 05:45:00,2021-07-08 06:00:00,8f7b73889ffdf4ab203e31dec96e3759b9ce67543508c335ef2cb363b425e73d,23,5,107.0,314,22.3,0.817708333,0,3,117.76323901639006,False,176.0,2021-07,LGB_medium,F2
2021-07-08,2021-07-07 16:00:00,2021-07-08 06:00:00,2021-07-08 06:15:00,8f7b73889ffdf4ab203e31dec96e3759b9ce67543508c335ef2cb363b425e73d,24,6,109.0,58,22.8,0.131818182,0,3,118.85051926370515,False,176.0,2021-07,LGB_medium,F2
2021-07-08,2021-07-07 16:00:00,2021-07-08 06:15:00,2021-07-08 06:30:00,8f7b73889ffdf4ab203e31dec96e3759b9ce67543508c335ef2cb363b425e73d,25,6,109.0,58,22.8,0.131818182,0,3,116.09564754924453,False,176.0,2021-07,LGB_medium,F2
2021-07-08,2021-07-07 16:00:00,2021-07-08 06:30:00,2021-07-08 06:45:00,8f7b73889ffdf4ab203e31dec96e3759b9ce67543508c335ef2cb363b425e73d,26,6,107.0,58,22.8,0.131818182,0,3,117.84269191984966,False,176.0,2021-07,LGB_medium,F2
2021-07-08,2021-07-07 16:00:00,2021-07-08 06:45:00,2021-07-08 07:00:00,8f7b73889ffdf4ab203e31dec96e3759b9ce67543508c335ef2cb363b425e73d,27,6,115.0,58,22.8,0.131818182,0,3,116.7581578223085,False,176.0,2021-07,LGB_medium,F2
2021-07-08,2021-07-07 16:00:00,2021-07-08 07:00:00,2021-07-08 07:15:00,8f7b73889ffdf4ab203e31dec96e3759b9ce67543508c335ef2cb363b425e73d,28,7,116.0,436,23.5,0.822641509,0,3,116.09828792470393,False,176.0,2021-07,LGB_medium,F2
2021-07-08,2021-07-07 16:00:00,2021-07-08 07:15:00,2021-07-08 07:30:00,8f7b73889ffdf4ab203e31dec96e3759b9ce67543508c335ef2cb363b425e73d,29,7,125.0,436,23.5,0.822641509,0,3,131.24065302256435,False,176.0,2021-07,LGB_medium,F2
2021-07-08,2021-07-07 16:00:00,2021-07-08 07:30:00,2021-07-08 07:45:00,8f7b73889ffdf4ab203e31dec96e3759b9ce67543508c335ef2cb363b425e73d,30,7,143.0,436,23.5,0.822641509,0,3,166.34488682491266,False,176.0,2021-07,LGB_medium,F2
2021-07-08,2021-07-07 16:00:00,2021-07-08 07:45:00,2021-07-08 08:00:00,8f7b73889ffdf4ab203e31dec96e3759b9ce67543508c335ef2cb363b425e73d,31,7,146.0,436,23.5,0.822641509,0,3,165.62555223089163,False,176.0,2021-07,LGB_medium,F2
2021-07-08,2021-07-07 16:00:00,2021-07-08 08:00:00,2021-07-08 08:15:00,8f7b73889ffdf4ab203e31dec96e3759b9ce67543508c335ef2cb363b425e73d,32,8,150.0,560,23.7,0.843373494,0,3,176.13924375824618,False,176.0,2021-07,LGB_medium,F2
2021-07-08,2021-07-07 16:00:00,2021-07-08 08:15:00,2021-07-08 08:30:00,8f7b73889ffdf4ab203e31dec96e3759b9ce67543508c335ef2cb363b425e73d,33,8,154.0,560,23.7,0.843373494,0,3,184.47229932913405,False,176.0,2021-07,LGB_medium,F2
2021-07-08,2021-07-07 16:00:00,2021-07-08 08:30:00,2021-07-08 08:45:00,8f7b73889ffdf4ab203e31dec96e3759b9ce67543508c335ef2cb363b425e73d,34,8,173.0,560,23.7,0.843373494,0,3,184.1107395204716,False,176.0,2021-07,LGB_medium,F2
2021-07-08,2021-07-07 16:00:00,2021-07-08 08:45:00,2021-07-08 09:00:00,8f7b73889ffdf4ab203e31dec96e3759b9ce67543508c335ef2cb363b425e73d,35,8,187.0,560,23.7,0.843373494,0,3,184.05964030030785,False,176.0,2021-07,LGB_medium,F2
2021-07-08,2021-07-07 16:00:00,2021-07-08 09:00:00,2021-07-08 09:15:00,8f7b73889ffdf4ab203e31dec96e3759b9ce67543508c335ef2cb363b425e73d,36,9,172.0,516,24.8,0.717663421,0,3,176.47716585893363,False,176.0,2021-07,LGB_medium,F2
2021-07-08,2021-07-07 16:00:00,2021-07-08 09:15:00,2021-07-08 09:30:00,8f7b73889ffdf4ab203e31dec96e3759b9ce67543508c335ef2cb363b425e73d,37,9,186.0,516,24.8,0.717663421,0,3,178.07714430994778,False,176.0,2021-07,LGB_medium,F2
2021-07-08,2021-07-07 16:00:00,2021-07-08 09:30:00,2021-07-08 09:45:00,8f7b73889ffdf4ab203e31dec96e3759b9ce67543508c335ef2cb363b425e73d,38,9,177.0,516,24.8,0.717663421,0,3,177.0467300891455,False,176.0,2021-07,LGB_medium,F2
2021-07-08,2021-07-07 16:00:00,2021-07-08 09:45:00,2021-07-08 10:00:00,8f7b73889ffdf4ab203e31dec96e3759b9ce67543508c335ef2cb363b425e73d,39,9,184.0,516,24.8,0.717663421,0,3,177.2761666215136,False,176.0,2021-07,LGB_medium,F2
2021-07-08,2021-07-07 16:00:00,2021-07-08 10:00:00,2021-07-08 10:15:00,8f7b73889ffdf4ab203e31dec96e3759b9ce67543508c335ef2cb363b425e73d,40,10,159.0,112,26.0,0.152173913,0,3,152.74931906443965,False,176.0,2021-07,LGB_medium,F2
2021-07-08,2021-07-07 16:00:00,2021-07-08 10:15:00,2021-07-08 10:30:00,8f7b73889ffdf4ab203e31dec96e3759b9ce67543508c335ef2cb363b425e73d,41,10,186.0,112,26.0,0.152173913,0,3,177.49235678451637,False,176.0,2021-07,LGB_medium,F2
2021-07-08,2021-07-07 16:00:00,2021-07-08 10:30:00,2021-07-08 10:45:00,8f7b73889ffdf4ab203e31dec96e3759b9ce67543508c335ef2cb363b425e73d,42,10,190.0,112,26.0,0.152173913,0,3,180.3249047330174,False,176.0,2021-07,LGB_medium,F2
2021-07-08,2021-07-07 16:00:00,2021-07-08 10:45:00,2021-07-08 11:00:00,8f7b73889ffdf4ab203e31dec96e3759b9ce67543508c335ef2cb363b425e73d,43,10,201.0,112,26.0,0.152173913,0,3,179.74569291504238,False,176.0,2021-07,LGB_medium,F2
2021-07-08,2021-07-07 16:00:00,2021-07-08 11:00:00,2021-07-08 11:15:00,8f7b73889ffdf4ab203e31dec96e3759b9ce67543508c335ef2cb363b425e73d,44,11,191.0,562,26.8,0.739473684,0,3,178.08228032614377,False,176.0,2021-07,LGB_medium,F2
2021-07-08,2021-07-07 16:00:00,2021-07-08 11:15:00,2021-07-08 11:30:00,8f7b73889ffdf4ab203e31dec96e3759b9ce67543508c335ef2cb363b425e73d,45,11,190.0,562,26.8,0.739473684,0,3,177.37191341200432,False,176.0,2021-07,LGB_medium,F2
2021-07-08,2021-07-07 16:00:00,2021-07-08 11:30:00,2021-07-08 11:45:00,8f7b73889ffdf4ab203e31dec96e3759b9ce67543508c335ef2cb363b425e73d,46,11,192.0,562,26.8,0.739473684,0,3,177.82526798399587,False,176.0,2021-07,LGB_medium,F2
2021-07-08,2021-07-07 16:00:00,2021-07-08 11:45:00,2021-07-08 12:00:00,8f7b73889ffdf4ab203e31dec96e3759b9ce67543508c335ef2cb363b425e73d,47,11,187.0,562,26.8,0.739473684,0,3,178.4752704757837,False,176.0,2021-07,LGB_medium,F2
2021-07-08,2021-07-07 16:00:00,2021-07-08 12:00:00,2021-07-08 12:15:00,8f7b73889ffdf4ab203e31dec96e3759b9ce67543508c335ef2cb363b425e73d,48,12,131.0,0,25.5,0.0,0,3,123.77246824672507,False,176.0,2021-07,LGB_medium,F2
2021-07-08,2021-07-07 16:00:00,2021-07-08 12:15:00,2021-07-08 12:30:00,8f7b73889ffdf4ab203e31dec96e3759b9ce67543508c335ef2cb363b425e73d,49,12,112.0,0,25.5,0.0,0,3,106.18826853063821,False,176.0,2021-07,LGB_medium,F2
2021-07-08,2021-07-07 16:00:00,2021-07-08 12:30:00,2021-07-08 12:45:00,8f7b73889ffdf4ab203e31dec96e3759b9ce67543508c335ef2cb363b425e73d,50,12,116.0,0,25.5,0.0,0,3,110.34066295175745,False,176.0,2021-07,LGB_medium,F2
2021-07-08,2021-07-07 16:00:00,2021-07-08 12:45:00,2021-07-08 13:00:00,8f7b73889ffdf4ab203e31dec96e3759b9ce67543508c335ef2cb363b425e73d,51,12,120.0,0,25.5,0.0,0,3,120.30941510834873,False,176.0,2021-07,LGB_medium,F2
2021-07-08,2021-07-07 16:00:00,2021-07-08 13:00:00,2021-07-08 13:15:00,8f7b73889ffdf4ab203e31dec96e3759b9ce67543508c335ef2cb363b425e73d,52,13,166.0,2140,24.1,2.876344086,0,3,168.70098472283223,False,176.0,2021-07,LGB_medium,F2
2021-07-08,2021-07-07 16:00:00,2021-07-08 13:15:00,2021-07-08 13:30:00,8f7b73889ffdf4ab203e31dec96e3759b9ce67543508c335ef2cb363b425e73d,53,13,186.0,2140,24.1,2.876344086,0,3,179.0570602971763,False,176.0,2021-07,LGB_medium,F2
2021-07-08,2021-07-07 16:00:00,2021-07-08 13:30:00,2021-07-08 13:45:00,8f7b73889ffdf4ab203e31dec96e3759b9ce67543508c335ef2cb363b425e73d,54,13,201.0,2140,24.1,2.876344086,0,3,180.02786305313944,False,176.0,2021-07,LGB_medium,F2
2021-07-08,2021-07-07 16:00:00,2021-07-08 13:45:00,2021-07-08 14:00:00,8f7b73889ffdf4ab203e31dec96e3759b9ce67543508c335ef2cb363b425e73d,55,13,191.0,2140,24.1,2.876344086,0,3,180.7902749828342,False,176.0,2021-07,LGB_medium,F2
2021-07-08,2021-07-07 16:00:00,2021-07-08 14:00:00,2021-07-08 14:15:00,8f7b73889ffdf4ab203e31dec96e3759b9ce67543508c335ef2cb363b425e73d,56,14,185.0,1434,23.4,1.948369565,0,3,175.67561846074804,False,176.0,2021-07,LGB_medium,F2
2021-07-08,2021-07-07 16:00:00,2021-07-08 14:15:00,2021-07-08 14:30:00,8f7b73889ffdf4ab203e31dec96e3759b9ce67543508c335ef2cb363b425e73d,57,14,200.0,1434,23.4,1.948369565,0,3,175.85745470795186,False,176.0,2021-07,LGB_medium,F2
2021-07-08,2021-07-07 16:00:00,2021-07-08 14:30:00,2021-07-08 14:45:00,8f7b73889ffdf4ab203e31dec96e3759b9ce67543508c335ef2cb363b425e73d,58,14,190.0,1434,23.4,1.948369565,0,3,173.9757125085147,False,176.0,2021-07,LGB_medium,F2
2021-07-08,2021-07-07 16:00:00,2021-07-08 14:45:00,2021-07-08 15:00:00,8f7b73889ffdf4ab203e31dec96e3759b9ce67543508c335ef2cb363b425e73d,59,14,161.0,1434,23.4,1.948369565,0,3,173.76282850442772,False,176.0,2021-07,LGB_medium,F2
2021-07-08,2021-07-07 16:00:00,2021-07-08 15:00:00,2021-07-08 15:15:00,8f7b73889ffdf4ab203e31dec96e3759b9ce67543508c335ef2cb363b425e73d,60,15,148.0,350,24.6,0.54517134,0,3,138.8668422497143,False,176.0,2021-07,LGB_medium,F2
2021-07-08,2021-07-07 16:00:00,2021-07-08 15:15:00,2021-07-08 15:30:00,8f7b73889ffdf4ab203e31dec96e3759b9ce67543508c335ef2cb363b425e73d,61,15,142.0,350,24.6,0.54517134,0,3,158.86107052577844,False,176.0,2021-07,LGB_medium,F2
2021-07-08,2021-07-07 16:00:00,2021-07-08 15:30:00,2021-07-08 15:45:00,8f7b73889ffdf4ab203e31dec96e3759b9ce67543508c335ef2cb363b425e73d,62,15,168.0,350,24.6,0.54517134,0,3,176.15954564525748,False,176.0,2021-07,LGB_medium,F2
2021-07-08,2021-07-07 16:00:00,2021-07-08 15:45:00,2021-07-08 16:00:00,8f7b73889ffdf4ab203e31dec96e3759b9ce67543508c335ef2cb363b425e73d,63,15,184.0,350,24.6,0.54517134,0,3,177.3664402567859,False,176.0,2021-07,LGB_medium,F2
2021-07-08,2021-07-07 16:00:00,2021-07-08 16:00:00,2021-07-08 16:15:00,8f7b73889ffdf4ab203e31dec96e3759b9ce67543508c335ef2cb363b425e73d,64,16,177.0,2282,24.6,3.283453237,0,3,169.84795633108175,False,176.0,2021-07,LGB_medium,F2
2021-07-08,2021-07-07 16:00:00,2021-07-08 16:15:00,2021-07-08 16:30:00,8f7b73889ffdf4ab203e31dec96e3759b9ce67543508c335ef2cb363b425e73d,65,16,183.0,2282,24.6,3.283453237,0,3,168.533730088131,False,176.0,2021-07,LGB_medium,F2
2021-07-08,2021-07-07 16:00:00,2021-07-08 16:30:00,2021-07-08 16:45:00,8f7b73889ffdf4ab203e31dec96e3759b9ce67543508c335ef2cb363b425e73d,66,16,186.0,2282,24.6,3.283453237,0,3,167.92261914323586,False,176.0,2021-07,LGB_medium,F2
2021-07-08,2021-07-07 16:00:00,2021-07-08 16:45:00,2021-07-08 17:00:00,8f7b73889ffdf4ab203e31dec96e3759b9ce67543508c335ef2cb363b425e73d,67,16,149.0,2282,24.6,3.283453237,0,3,167.63359417058643,False,176.0,2021-07,LGB_medium,F2
2021-07-08,2021-07-07 16:00:00,2021-07-08 17:00:00,2021-07-08 17:15:00,8f7b73889ffdf4ab203e31dec96e3759b9ce67543508c335ef2cb363b425e73d,68,17,118.0,86,23.2,0.167641326,0,3,126.3288292828708,False,176.0,2021-07,LGB_medium,F2
2021-07-08,2021-07-07 16:00:00,2021-07-08 17:15:00,2021-07-08 17:30:00,8f7b73889ffdf4ab203e31dec96e3759b9ce67543508c335ef2cb363b425e73d,69,17,102.0,86,23.2,0.167641326,0,3,116.25351373130414,False,176.0,2021-07,LGB_medium,F2
2021-07-08,2021-07-07 16:00:00,2021-07-08 17:30:00,2021-07-08 17:45:00,8f7b73889ffdf4ab203e31dec96e3759b9ce67543508c335ef2cb363b425e73d,70,17,138.0,86,23.2,0.167641326,0,3,147.8414692189647,False,176.0,2021-07,LGB_medium,F2
2021-07-08,2021-07-07 16:00:00,2021-07-08 17:45:00,2021-07-08 18:00:00,8f7b73889ffdf4ab203e31dec96e3759b9ce67543508c335ef2cb363b425e73d,71,17,155.0,86,23.2,0.167641326,0,3,165.8951959438585,False,176.0,2021-07,LGB_medium,F2
2021-07-08,2021-07-07 16:00:00,2021-07-08 18:00:00,2021-07-08 18:15:00,8f7b73889ffdf4ab203e31dec96e3759b9ce67543508c335ef2cb363b425e73d,72,18,155.0,3577,22.7,6.083333333,0,3,162.47519934076902,False,176.0,2021-07,LGB_medium,F2
2021-07-08,2021-07-07 16:00:00,2021-07-08 18:15:00,2021-07-08 18:30:00,8f7b73889ffdf4ab203e31dec96e3759b9ce67543508c335ef2cb363b425e73d,73,18,153.0,3577,22.7,6.083333333,0,3,161.67351333780212,False,176.0,2021-07,LGB_medium,F2
2021-07-08,2021-07-07 16:00:00,2021-07-08 18:30:00,2021-07-08 18:45:00,8f7b73889ffdf4ab203e31dec96e3759b9ce67543508c335ef2cb363b425e73d,74,18,141.0,3577,22.7,6.083333333,0,3,150.5202426612404,False,176.0,2021-07,LGB_medium,F2
2021-07-08,2021-07-07 16:00:00,2021-07-08 18:45:00,2021-07-08 19:00:00,8f7b73889ffdf4ab203e31dec96e3759b9ce67543508c335ef2cb363b425e73d,75,18,139.0,3577,22.7,6.083333333,0,3,162.96855799129344,False,176.0,2021-07,LGB_medium,F2
2021-07-08,2021-07-07 16:00:00,2021-07-08 19:00:00,2021-07-08 19:15:00,8f7b73889ffdf4ab203e31dec96e3759b9ce67543508c335ef2cb363b425e73d,76,19,141.0,5585,22.2,9.514480409,0,3,163.63492607981092,False,176.0,2021-07,LGB_medium,F2
2021-07-08,2021-07-07 16:00:00,2021-07-08 19:15:00,2021-07-08 19:30:00,8f7b73889ffdf4ab203e31dec96e3759b9ce67543508c335ef2cb363b425e73d,77,19,142.0,5585,22.2,9.514480409,0,3,159.64017625202248,False,176.0,2021-07,LGB_medium,F2
2021-07-08,2021-07-07 16:00:00,2021-07-08 19:30:00,2021-07-08 19:45:00,8f7b73889ffdf4ab203e31dec96e3759b9ce67543508c335ef2cb363b425e73d,78,19,153.0,5585,22.2,9.514480409,0,3,163.07130972379696,False,176.0,2021-07,LGB_medium,F2
2021-07-08,2021-07-07 16:00:00,2021-07-08 19:45:00,2021-07-08 20:00:00,8f7b73889ffdf4ab203e31dec96e3759b9ce67543508c335ef2cb363b425e73d,79,19,151.0,5585,22.2,9.514480409,0,3,156.59657875550096,False,176.0,2021-07,LGB_medium,F2
2021-07-08,2021-07-07 16:00:00,2021-07-08 20:00:00,2021-07-08 20:15:00,8f7b73889ffdf4ab203e31dec96e3759b9ce67543508c335ef2cb363b425e73d,80,20,132.0,26,22.2,0.050096339,0,3,130.91486099204292,False,176.0,2021-07,LGB_medium,F2
2021-07-08,2021-07-07 16:00:00,2021-07-08 20:15:00,2021-07-08 20:30:00,8f7b73889ffdf4ab203e31dec96e3759b9ce67543508c335ef2cb363b425e73d,81,20,132.0,26,22.2,0.050096339,0,3,138.04825409024883,False,176.0,2021-07,LGB_medium,F2
2021-07-08,2021-07-07 16:00:00,2021-07-08 20:30:00,2021-07-08 20:45:00,8f7b73889ffdf4ab203e31dec96e3759b9ce67543508c335ef2cb363b425e73d,82,20,126.0,26,22.2,0.050096339,0,3,144.94399395653403,False,176.0,2021-07,LGB_medium,F2
2021-07-08,2021-07-07 16:00:00,2021-07-08 20:45:00,2021-07-08 21:00:00,8f7b73889ffdf4ab203e31dec96e3759b9ce67543508c335ef2cb363b425e73d,83,20,129.0,26,22.2,0.050096339,0,3,139.93188491537262,False,176.0,2021-07,LGB_medium,F2
2021-07-08,2021-07-07 16:00:00,2021-07-08 21:00:00,2021-07-08 21:15:00,8f7b73889ffdf4ab203e31dec96e3759b9ce67543508c335ef2cb363b425e73d,84,21,127.0,6,22.0,0.012048193,0,3,139.33181654420068,False,176.0,2021-07,LGB_medium,F2
2021-07-08,2021-07-07 16:00:00,2021-07-08 21:15:00,2021-07-08 21:30:00,8f7b73889ffdf4ab203e31dec96e3759b9ce67543508c335ef2cb363b425e73d,85,21,128.0,6,22.0,0.012048193,0,3,137.56406512495926,False,176.0,2021-07,LGB_medium,F2
2021-07-08,2021-07-07 16:00:00,2021-07-08 21:30:00,2021-07-08 21:45:00,8f7b73889ffdf4ab203e31dec96e3759b9ce67543508c335ef2cb363b425e73d,86,21,123.0,6,22.0,0.012048193,0,3,126.46291768588246,False,176.0,2021-07,LGB_medium,F2
2021-07-08,2021-07-07 16:00:00,2021-07-08 21:45:00,2021-07-08 22:00:00,8f7b73889ffdf4ab203e31dec96e3759b9ce67543508c335ef2cb363b425e73d,87,21,120.0,6,22.0,0.012048193,0,3,132.61410792757724,False,176.0,2021-07,LGB_medium,F2
2021-07-08,2021-07-07 16:00:00,2021-07-08 22:00:00,2021-07-08 22:15:00,8f7b73889ffdf4ab203e31dec96e3759b9ce67543508c335ef2cb363b425e73d,88,22,104.0,0,21.9,0.0,0,3,114.76770283033092,False,176.0,2021-07,LGB_medium,F2
2021-07-08,2021-07-07 16:00:00,2021-07-08 22:15:00,2021-07-08 22:30:00,8f7b73889ffdf4ab203e31dec96e3759b9ce67543508c335ef2cb363b425e73d,89,22,109.0,0,21.9,0.0,0,3,122.97191423122861,False,176.0,2021-07,LGB_medium,F2
2021-07-08,2021-07-07 16:00:00,2021-07-08 22:30:00,2021-07-08 22:45:00,8f7b73889ffdf4ab203e31dec96e3759b9ce67543508c335ef2cb363b425e73d,90,22,113.0,0,21.9,0.0,0,3,122.23512476996466,False,176.0,2021-07,LGB_medium,F2
2021-07-08,2021-07-07 16:00:00,2021-07-08 22:45:00,2021-07-08 23:00:00,8f7b73889ffdf4ab203e31dec96e3759b9ce67543508c335ef2cb363b425e73d,91,22,118.0,0,21.9,0.0,0,3,125.9999322697334,False,176.0,2021-07,LGB_medium,F2
2021-07-08,2021-07-07 16:00:00,2021-07-08 23:00:00,2021-07-08 23:15:00,8f7b73889ffdf4ab203e31dec96e3759b9ce67543508c335ef2cb363b425e73d,92,23,119.0,0,21.9,0.0,0,3,123.0101931226023,False,176.0,2021-07,LGB_medium,F2
2021-07-08,2021-07-07 16:00:00,2021-07-08 23:15:00,2021-07-08 23:30:00,8f7b73889ffdf4ab203e31dec96e3759b9ce67543508c335ef2cb363b425e73d,93,23,115.0,0,21.9,0.0,0,3,118.51060767430866,False,176.0,2021-07,LGB_medium,F2
2021-07-08,2021-07-07 16:00:00,2021-07-08 23:30:00,2021-07-08 23:45:00,8f7b73889ffdf4ab203e31dec96e3759b9ce67543508c335ef2cb363b425e73d,94,23,116.0,0,21.9,0.0,0,3,116.72631983049483,False,176.0,2021-07,LGB_medium,F2
2021-07-08,2021-07-07 16:00:00,2021-07-08 23:45:00,2021-07-09 00:00:00,8f7b73889ffdf4ab203e31dec96e3759b9ce67543508c335ef2cb363b425e73d,95,23,103.0,0,21.9,0.0,0,3,90.6048133035583,False,176.0,2021-07,LGB_medium,F2
2021-07-09,2021-07-08 16:00:00,2021-07-09 00:00:00,2021-07-09 00:15:00,ce066052fff6d909b5dec1a1586261968582fa2ccaea1f374ffdec386d5ce5ca,0,0,78.0,0,22.0,0.0,0,4,71.74522019439748,False,176.0,2021-07,LGB_medium,F2
2021-07-09,2021-07-08 16:00:00,2021-07-09 00:15:00,2021-07-09 00:30:00,ce066052fff6d909b5dec1a1586261968582fa2ccaea1f374ffdec386d5ce5ca,1,0,72.0,0,22.0,0.0,0,4,69.98610762398278,False,176.0,2021-07,LGB_medium,F2
2021-07-09,2021-07-08 16:00:00,2021-07-09 00:30:00,2021-07-09 00:45:00,ce066052fff6d909b5dec1a1586261968582fa2ccaea1f374ffdec386d5ce5ca,2,0,72.0,0,22.0,0.0,0,4,69.96847998922497,False,176.0,2021-07,LGB_medium,F2
2021-07-09,2021-07-08 16:00:00,2021-07-09 00:45:00,2021-07-09 01:00:00,ce066052fff6d909b5dec1a1586261968582fa2ccaea1f374ffdec386d5ce5ca,3,0,71.0,0,22.0,0.0,0,4,70.0771006152231,False,176.0,2021-07,LGB_medium,F2
2021-07-09,2021-07-08 16:00:00,2021-07-09 01:00:00,2021-07-09 01:15:00,ce066052fff6d909b5dec1a1586261968582fa2ccaea1f374ffdec386d5ce5ca,4,1,94.0,37,22.1,0.090686275,0,4,106.41460414938241,False,176.0,2021-07,LGB_medium,F2
2021-07-09,2021-07-08 16:00:00,2021-07-09 01:15:00,2021-07-09 01:30:00,ce066052fff6d909b5dec1a1586261968582fa2ccaea1f374ffdec386d5ce5ca,5,1,105.0,37,22.1,0.090686275,0,4,116.70610065232148,False,176.0,2021-07,LGB_medium,F2
2021-07-09,2021-07-08 16:00:00,2021-07-09 01:30:00,2021-07-09 01:45:00,ce066052fff6d909b5dec1a1586261968582fa2ccaea1f374ffdec386d5ce5ca,6,1,104.0,37,22.1,0.090686275,0,4,118.1906525679168,False,176.0,2021-07,LGB_medium,F2
2021-07-09,2021-07-08 16:00:00,2021-07-09 01:45:00,2021-07-09 02:00:00,ce066052fff6d909b5dec1a1586261968582fa2ccaea1f374ffdec386d5ce5ca,7,1,105.0,37,22.1,0.090686275,0,4,120.2811521780175,False,176.0,2021-07,LGB_medium,F2
2021-07-09,2021-07-08 16:00:00,2021-07-09 02:00:00,2021-07-09 02:15:00,ce066052fff6d909b5dec1a1586261968582fa2ccaea1f374ffdec386d5ce5ca,8,2,105.0,12,21.9,0.02739726,0,4,120.26799056499743,False,176.0,2021-07,LGB_medium,F2
2021-07-09,2021-07-08 16:00:00,2021-07-09 02:15:00,2021-07-09 02:30:00,ce066052fff6d909b5dec1a1586261968582fa2ccaea1f374ffdec386d5ce5ca,9,2,111.0,12,21.9,0.02739726,0,4,120.1949107616771,False,176.0,2021-07,LGB_medium,F2
2021-07-09,2021-07-08 16:00:00,2021-07-09 02:30:00,2021-07-09 02:45:00,ce066052fff6d909b5dec1a1586261968582fa2ccaea1f374ffdec386d5ce5ca,10,2,114.0,12,21.9,0.02739726,0,4,115.9622015953001,False,176.0,2021-07,LGB_medium,F2
2021-07-09,2021-07-08 16:00:00,2021-07-09 02:45:00,2021-07-09 03:00:00,ce066052fff6d909b5dec1a1586261968582fa2ccaea1f374ffdec386d5ce5ca,11,2,108.0,12,21.9,0.02739726,0,4,117.60490832614522,False,176.0,2021-07,LGB_medium,F2
2021-07-09,2021-07-08 16:00:00,2021-07-09 03:00:00,2021-07-09 03:15:00,ce066052fff6d909b5dec1a1586261968582fa2ccaea1f374ffdec386d5ce5ca,12,3,86.0,0,21.9,0.0,0,4,108.20692869438966,False,176.0,2021-07,LGB_medium,F2
2021-07-09,2021-07-08 16:00:00,2021-07-09 03:15:00,2021-07-09 03:30:00,ce066052fff6d909b5dec1a1586261968582fa2ccaea1f374ffdec386d5ce5ca,13,3,101.0,0,21.9,0.0,0,4,119.45748228834289,False,176.0,2021-07,LGB_medium,F2
2021-07-09,2021-07-08 16:00:00,2021-07-09 03:30:00,2021-07-09 03:45:00,ce066052fff6d909b5dec1a1586261968582fa2ccaea1f374ffdec386d5ce5ca,14,3,98.0,0,21.9,0.0,0,4,122.57132095478372,False,176.0,2021-07,LGB_medium,F2
2021-07-09,2021-07-08 16:00:00,2021-07-09 03:45:00,2021-07-09 04:00:00,ce066052fff6d909b5dec1a1586261968582fa2ccaea1f374ffdec386d5ce5ca,15,3,109.0,0,21.9,0.0,0,4,119.67045525916039,False,176.0,2021-07,LGB_medium,F2
2021-07-09,2021-07-08 16:00:00,2021-07-09 04:00:00,2021-07-09 04:15:00,ce066052fff6d909b5dec1a1586261968582fa2ccaea1f374ffdec386d5ce5ca,16,4,105.0,32,21.9,0.077108434,0,4,118.23081926105716,False,176.0,2021-07,LGB_medium,F2
2021-07-09,2021-07-08 16:00:00,2021-07-09 04:15:00,2021-07-09 04:30:00,ce066052fff6d909b5dec1a1586261968582fa2ccaea1f374ffdec386d5ce5ca,17,4,105.0,32,21.9,0.077108434,0,4,118.61826202228676,False,176.0,2021-07,LGB_medium,F2
2021-07-09,2021-07-08 16:00:00,2021-07-09 04:30:00,2021-07-09 04:45:00,ce066052fff6d909b5dec1a1586261968582fa2ccaea1f374ffdec386d5ce5ca,18,4,106.0,32,21.9,0.077108434,0,4,117.71282524848237,False,176.0,2021-07,LGB_medium,F2
2021-07-09,2021-07-08 16:00:00,2021-07-09 04:45:00,2021-07-09 05:00:00,ce066052fff6d909b5dec1a1586261968582fa2ccaea1f374ffdec386d5ce5ca,19,4,99.0,32,21.9,0.077108434,0,4,118.10146633547114,False,176.0,2021-07,LGB_medium,F2
2021-07-09,2021-07-08 16:00:00,2021-07-09 05:00:00,2021-07-09 05:15:00,ce066052fff6d909b5dec1a1586261968582fa2ccaea1f374ffdec386d5ce5ca,20,5,99.0,0,22.0,0.0,0,4,95.93139608443894,False,176.0,2021-07,LGB_medium,F2
2021-07-09,2021-07-08 16:00:00,2021-07-09 05:15:00,2021-07-09 05:30:00,ce066052fff6d909b5dec1a1586261968582fa2ccaea1f374ffdec386d5ce5ca,21,5,85.0,0,22.0,0.0,0,4,89.53144046430543,False,176.0,2021-07,LGB_medium,F2
2021-07-09,2021-07-08 16:00:00,2021-07-09 05:30:00,2021-07-09 05:45:00,ce066052fff6d909b5dec1a1586261968582fa2ccaea1f374ffdec386d5ce5ca,22,5,104.0,0,22.0,0.0,0,4,116.75421729525551,False,176.0,2021-07,LGB_medium,F2
2021-07-09,2021-07-08 16:00:00,2021-07-09 05:45:00,2021-07-09 06:00:00,ce066052fff6d909b5dec1a1586261968582fa2ccaea1f374ffdec386d5ce5ca,23,5,105.0,0,22.0,0.0,0,4,118.10342423212582,False,176.0,2021-07,LGB_medium,F2
2021-07-09,2021-07-08 16:00:00,2021-07-09 06:00:00,2021-07-09 06:15:00,ce066052fff6d909b5dec1a1586261968582fa2ccaea1f374ffdec386d5ce5ca,24,6,109.0,0,22.2,0.0,0,4,120.52351801557809,False,176.0,2021-07,LGB_medium,F2
2021-07-09,2021-07-08 16:00:00,2021-07-09 06:15:00,2021-07-09 06:30:00,ce066052fff6d909b5dec1a1586261968582fa2ccaea1f374ffdec386d5ce5ca,25,6,109.0,0,22.2,0.0,0,4,119.82638360609246,False,176.0,2021-07,LGB_medium,F2
2021-07-09,2021-07-08 16:00:00,2021-07-09 06:30:00,2021-07-09 06:45:00,ce066052fff6d909b5dec1a1586261968582fa2ccaea1f374ffdec386d5ce5ca,26,6,125.0,0,22.2,0.0,0,4,119.40788459580429,False,176.0,2021-07,LGB_medium,F2
2021-07-09,2021-07-08 16:00:00,2021-07-09 06:45:00,2021-07-09 07:00:00,ce066052fff6d909b5dec1a1586261968582fa2ccaea1f374ffdec386d5ce5ca,27,6,110.0,0,22.2,0.0,0,4,117.99174353856938,False,176.0,2021-07,LGB_medium,F2
2021-07-09,2021-07-08 16:00:00,2021-07-09 07:00:00,2021-07-09 07:15:00,ce066052fff6d909b5dec1a1586261968582fa2ccaea1f374ffdec386d5ce5ca,28,7,113.0,536,22.3,0.979890311,0,4,119.22051283765124,False,176.0,2021-07,LGB_medium,F2
2021-07-09,2021-07-08 16:00:00,2021-07-09 07:15:00,2021-07-09 07:30:00,ce066052fff6d909b5dec1a1586261968582fa2ccaea1f374ffdec386d5ce5ca,29,7,128.0,536,22.3,0.979890311,0,4,126.97681628098583,False,176.0,2021-07,LGB_medium,F2
2021-07-09,2021-07-08 16:00:00,2021-07-09 07:30:00,2021-07-09 07:45:00,ce066052fff6d909b5dec1a1586261968582fa2ccaea1f374ffdec386d5ce5ca,30,7,150.0,536,22.3,0.979890311,0,4,158.69945246195346,False,176.0,2021-07,LGB_medium,F2
2021-07-09,2021-07-08 16:00:00,2021-07-09 07:45:00,2021-07-09 08:00:00,ce066052fff6d909b5dec1a1586261968582fa2ccaea1f374ffdec386d5ce5ca,31,7,156.0,536,22.3,0.979890311,0,4,147.6478906623416,False,176.0,2021-07,LGB_medium,F2
2021-07-09,2021-07-08 16:00:00,2021-07-09 08:00:00,2021-07-09 08:15:00,ce066052fff6d909b5dec1a1586261968582fa2ccaea1f374ffdec386d5ce5ca,32,8,154.0,564,22.7,0.811510791,0,4,152.80311751171047,False,176.0,2021-07,LGB_medium,F2
2021-07-09,2021-07-08 16:00:00,2021-07-09 08:15:00,2021-07-09 08:30:00,ce066052fff6d909b5dec1a1586261968582fa2ccaea1f374ffdec386d5ce5ca,33,8,170.0,564,22.7,0.811510791,0,4,173.29006178979145,False,176.0,2021-07,LGB_medium,F2
2021-07-09,2021-07-08 16:00:00,2021-07-09 08:30:00,2021-07-09 08:45:00,ce066052fff6d909b5dec1a1586261968582fa2ccaea1f374ffdec386d5ce5ca,34,8,188.0,564,22.7,0.811510791,0,4,180.67774574394667,False,176.0,2021-07,LGB_medium,F2
2021-07-09,2021-07-08 16:00:00,2021-07-09 08:45:00,2021-07-09 09:00:00,ce066052fff6d909b5dec1a1586261968582fa2ccaea1f374ffdec386d5ce5ca,35,8,183.0,564,22.7,0.811510791,0,4,180.67774574394667,False,176.0,2021-07,LGB_medium,F2
2021-07-09,2021-07-08 16:00:00,2021-07-09 09:00:00,2021-07-09 09:15:00,ce066052fff6d909b5dec1a1586261968582fa2ccaea1f374ffdec386d5ce5ca,36,9,168.0,565,22.7,0.850903614,0,4,177.44767337404036,False,176.0,2021-07,LGB_medium,F2
2021-07-09,2021-07-08 16:00:00,2021-07-09 09:15:00,2021-07-09 09:30:00,ce066052fff6d909b5dec1a1586261968582fa2ccaea1f374ffdec386d5ce5ca,37,9,163.0,565,22.7,0.850903614,0,4,177.96306604733476,False,176.0,2021-07,LGB_medium,F2
2021-07-09,2021-07-08 16:00:00,2021-07-09 09:30:00,2021-07-09 09:45:00,ce066052fff6d909b5dec1a1586261968582fa2ccaea1f374ffdec386d5ce5ca,38,9,168.0,565,22.7,0.850903614,0,4,178.2676471681748,False,176.0,2021-07,LGB_medium,F2
2021-07-09,2021-07-08 16:00:00,2021-07-09 09:45:00,2021-07-09 10:00:00,ce066052fff6d909b5dec1a1586261968582fa2ccaea1f374ffdec386d5ce5ca,39,9,165.0,565,22.7,0.850903614,0,4,176.98203819776114,False,176.0,2021-07,LGB_medium,F2
2021-07-09,2021-07-08 16:00:00,2021-07-09 10:00:00,2021-07-09 10:15:00,ce066052fff6d909b5dec1a1586261968582fa2ccaea1f374ffdec386d5ce5ca,40,10,139.0,1753,23.3,2.680428135,0,4,166.55824533128373,False,176.0,2021-07,LGB_medium,F2
2021-07-09,2021-07-08 16:00:00,2021-07-09 10:15:00,2021-07-09 10:30:00,ce066052fff6d909b5dec1a1586261968582fa2ccaea1f374ffdec386d5ce5ca,41,10,171.0,1753,23.3,2.680428135,0,4,179.52519039006006,False,176.0,2021-07,LGB_medium,F2
2021-07-09,2021-07-08 16:00:00,2021-07-09 10:30:00,2021-07-09 10:45:00,ce066052fff6d909b5dec1a1586261968582fa2ccaea1f374ffdec386d5ce5ca,42,10,168.0,1753,23.3,2.680428135,0,4,180.8043475961987,False,176.0,2021-07,LGB_medium,F2
2021-07-09,2021-07-08 16:00:00,2021-07-09 10:45:00,2021-07-09 11:00:00,ce066052fff6d909b5dec1a1586261968582fa2ccaea1f374ffdec386d5ce5ca,43,10,176.0,1753,23.3,2.680428135,0,4,180.13111708490138,False,176.0,2021-07,LGB_medium,F2
2021-07-09,2021-07-08 16:00:00,2021-07-09 11:00:00,2021-07-09 11:15:00,ce066052fff6d909b5dec1a1586261968582fa2ccaea1f374ffdec386d5ce5ca,44,11,163.0,1082,24.7,1.584187408,0,4,179.89784635940543,False,176.0,2021-07,LGB_medium,F2
2021-07-09,2021-07-08 16:00:00,2021-07-09 11:15:00,2021-07-09 11:30:00,ce066052fff6d909b5dec1a1586261968582fa2ccaea1f374ffdec386d5ce5ca,45,11,169.0,1082,24.7,1.584187408,0,4,181.05951283985763,False,176.0,2021-07,LGB_medium,F2
2021-07-09,2021-07-08 16:00:00,2021-07-09 11:30:00,2021-07-09 11:45:00,ce066052fff6d909b5dec1a1586261968582fa2ccaea1f374ffdec386d5ce5ca,46,11,176.0,1082,24.7,1.584187408,0,4,181.4285405728542,False,176.0,2021-07,LGB_medium,F2
2021-07-09,2021-07-08 16:00:00,2021-07-09 11:45:00,2021-07-09 12:00:00,ce066052fff6d909b5dec1a1586261968582fa2ccaea1f374ffdec386d5ce5ca,47,11,175.0,1082,24.7,1.584187408,0,4,180.8163412254334,False,176.0,2021-07,LGB_medium,F2
2021-07-09,2021-07-08 16:00:00,2021-07-09 12:00:00,2021-07-09 12:15:00,ce066052fff6d909b5dec1a1586261968582fa2ccaea1f374ffdec386d5ce5ca,48,12,112.0,0,24.7,0.0,0,4,130.45366329598005,False,176.0,2021-07,LGB_medium,F2
2021-07-09,2021-07-08 16:00:00,2021-07-09 12:15:00,2021-07-09 12:30:00,ce066052fff6d909b5dec1a1586261968582fa2ccaea1f374ffdec386d5ce5ca,49,12,90.0,0,24.7,0.0,0,4,116.16909761687842,False,176.0,2021-07,LGB_medium,F2
2021-07-09,2021-07-08 16:00:00,2021-07-09 12:30:00,2021-07-09 12:45:00,ce066052fff6d909b5dec1a1586261968582fa2ccaea1f374ffdec386d5ce5ca,50,12,97.0,0,24.7,0.0,0,4,118.80731103151614,False,176.0,2021-07,LGB_medium,F2
2021-07-09,2021-07-08 16:00:00,2021-07-09 12:45:00,2021-07-09 13:00:00,ce066052fff6d909b5dec1a1586261968582fa2ccaea1f374ffdec386d5ce5ca,51,12,99.0,0,24.7,0.0,0,4,127.6431961062133,False,176.0,2021-07,LGB_medium,F2
2021-07-09,2021-07-08 16:00:00,2021-07-09 13:00:00,2021-07-09 13:15:00,ce066052fff6d909b5dec1a1586261968582fa2ccaea1f374ffdec386d5ce5ca,52,13,156.0,1119,24.0,1.610071942,0,4,175.40970022415468,False,176.0,2021-07,LGB_medium,F2
2021-07-09,2021-07-08 16:00:00,2021-07-09 13:15:00,2021-07-09 13:30:00,ce066052fff6d909b5dec1a1586261968582fa2ccaea1f374ffdec386d5ce5ca,53,13,186.0,1119,24.0,1.610071942,0,4,180.45046116825043,False,176.0,2021-07,LGB_medium,F2
2021-07-09,2021-07-08 16:00:00,2021-07-09 13:30:00,2021-07-09 13:45:00,ce066052fff6d909b5dec1a1586261968582fa2ccaea1f374ffdec386d5ce5ca,54,13,185.0,1119,24.0,1.610071942,0,4,178.29877014121195,False,176.0,2021-07,LGB_medium,F2
2021-07-09,2021-07-08 16:00:00,2021-07-09 13:45:00,2021-07-09 14:00:00,ce066052fff6d909b5dec1a1586261968582fa2ccaea1f374ffdec386d5ce5ca,55,13,168.0,1119,24.0,1.610071942,0,4,177.79042599622596,False,176.0,2021-07,LGB_medium,F2
2021-07-09,2021-07-08 16:00:00,2021-07-09 14:00:00,2021-07-09 14:15:00,ce066052fff6d909b5dec1a1586261968582fa2ccaea1f374ffdec386d5ce5ca,56,14,165.0,2229,22.6,3.078729282,0,4,177.3315258063527,False,176.0,2021-07,LGB_medium,F2
2021-07-09,2021-07-08 16:00:00,2021-07-09 14:15:00,2021-07-09 14:30:00,ce066052fff6d909b5dec1a1586261968582fa2ccaea1f374ffdec386d5ce5ca,57,14,182.0,2229,22.6,3.078729282,0,4,178.21101656279805,False,176.0,2021-07,LGB_medium,F2
2021-07-09,2021-07-08 16:00:00,2021-07-09 14:30:00,2021-07-09 14:45:00,ce066052fff6d909b5dec1a1586261968582fa2ccaea1f374ffdec386d5ce5ca,58,14,185.0,2229,22.6,3.078729282,0,4,175.01649396032423,False,176.0,2021-07,LGB_medium,F2
2021-07-09,2021-07-08 16:00:00,2021-07-09 14:45:00,2021-07-09 15:00:00,ce066052fff6d909b5dec1a1586261968582fa2ccaea1f374ffdec386d5ce5ca,59,14,192.0,2229,22.6,3.078729282,0,4,176.88492559269588,False,176.0,2021-07,LGB_medium,F2
2021-07-09,2021-07-08 16:00:00,2021-07-09 15:00:00,2021-07-09 15:15:00,ce066052fff6d909b5dec1a1586261968582fa2ccaea1f374ffdec386d5ce5ca,60,15,153.0,774,22.7,1.156950673,0,4,163.1977639460619,False,176.0,2021-07,LGB_medium,F2
2021-07-09,2021-07-08 16:00:00,2021-07-09 15:15:00,2021-07-09 15:30:00,ce066052fff6d909b5dec1a1586261968582fa2ccaea1f374ffdec386d5ce5ca,61,15,149.0,774,22.7,1.156950673,0,4,156.7339531669981,False,176.0,2021-07,LGB_medium,F2
2021-07-09,2021-07-08 16:00:00,2021-07-09 15:30:00,2021-07-09 15:45:00,ce066052fff6d909b5dec1a1586261968582fa2ccaea1f374ffdec386d5ce5ca,62,15,179.0,774,22.7,1.156950673,0,4,173.40485396838872,False,176.0,2021-07,LGB_medium,F2
2021-07-09,2021-07-08 16:00:00,2021-07-09 15:45:00,2021-07-09 16:00:00,ce066052fff6d909b5dec1a1586261968582fa2ccaea1f374ffdec386d5ce5ca,63,15,188.0,774,22.7,1.156950673,0,4,175.86536938012924,False,176.0,2021-07,LGB_medium,F2
2021-07-09,2021-07-08 16:00:00,2021-07-09 16:00:00,2021-07-09 16:15:00,ce066052fff6d909b5dec1a1586261968582fa2ccaea1f374ffdec386d5ce5ca,64,16,176.0,1881,22.9,2.75,0,4,171.38545912209423,False,176.0,2021-07,LGB_medium,F2
2021-07-09,2021-07-08 16:00:00,2021-07-09 16:15:00,2021-07-09 16:30:00,ce066052fff6d909b5dec1a1586261968582fa2ccaea1f374ffdec386d5ce5ca,65,16,163.0,1881,22.9,2.75,0,4,165.6539003912153,False,176.0,2021-07,LGB_medium,F2
2021-07-09,2021-07-08 16:00:00,2021-07-09 16:30:00,2021-07-09 16:45:00,ce066052fff6d909b5dec1a1586261968582fa2ccaea1f374ffdec386d5ce5ca,66,16,173.0,1881,22.9,2.75,0,4,165.67241799842185,False,176.0,2021-07,LGB_medium,F2
2021-07-09,2021-07-08 16:00:00,2021-07-09 16:45:00,2021-07-09 17:00:00,ce066052fff6d909b5dec1a1586261968582fa2ccaea1f374ffdec386d5ce5ca,67,16,172.0,1881,22.9,2.75,0,4,167.013825547701,False,176.0,2021-07,LGB_medium,F2
2021-07-09,2021-07-08 16:00:00,2021-07-09 17:00:00,2021-07-09 17:15:00,ce066052fff6d909b5dec1a1586261968582fa2ccaea1f374ffdec386d5ce5ca,68,17,124.0,955,23.2,1.66958042,0,4,123.89802645434318,False,176.0,2021-07,LGB_medium,F2
2021-07-09,2021-07-08 16:00:00,2021-07-09 17:15:00,2021-07-09 17:30:00,ce066052fff6d909b5dec1a1586261968582fa2ccaea1f374ffdec386d5ce5ca,69,17,120.0,955,23.2,1.66958042,0,4,119.04456436392634,False,176.0,2021-07,LGB_medium,F2
2021-07-09,2021-07-08 16:00:00,2021-07-09 17:30:00,2021-07-09 17:45:00,ce066052fff6d909b5dec1a1586261968582fa2ccaea1f374ffdec386d5ce5ca,70,17,163.0,955,23.2,1.66958042,0,4,159.07775658431243,False,176.0,2021-07,LGB_medium,F2
2021-07-09,2021-07-08 16:00:00,2021-07-09 17:45:00,2021-07-09 18:00:00,ce066052fff6d909b5dec1a1586261968582fa2ccaea1f374ffdec386d5ce5ca,71,17,165.0,955,23.2,1.66958042,0,4,166.8360763398428,False,176.0,2021-07,LGB_medium,F2
2021-07-09,2021-07-08 16:00:00,2021-07-09 18:00:00,2021-07-09 18:15:00,ce066052fff6d909b5dec1a1586261968582fa2ccaea1f374ffdec386d5ce5ca,72,18,168.0,1186,23.0,1.749262537,0,4,162.2563812272625,False,176.0,2021-07,LGB_medium,F2
2021-07-09,2021-07-08 16:00:00,2021-07-09 18:15:00,2021-07-09 18:30:00,ce066052fff6d909b5dec1a1586261968582fa2ccaea1f374ffdec386d5ce5ca,73,18,174.0,1186,23.0,1.749262537,0,4,154.33351406621068,False,176.0,2021-07,LGB_medium,F2
2021-07-09,2021-07-08 16:00:00,2021-07-09 18:30:00,2021-07-09 18:45:00,ce066052fff6d909b5dec1a1586261968582fa2ccaea1f374ffdec386d5ce5ca,74,18,173.0,1186,23.0,1.749262537,0,4,147.73908758986303,False,176.0,2021-07,LGB_medium,F2
2021-07-09,2021-07-08 16:00:00,2021-07-09 18:45:00,2021-07-09 19:00:00,ce066052fff6d909b5dec1a1586261968582fa2ccaea1f374ffdec386d5ce5ca,75,18,163.0,1186,23.0,1.749262537,0,4,146.59913633101755,False,176.0,2021-07,LGB_medium,F2
2021-07-09,2021-07-08 16:00:00,2021-07-09 19:00:00,2021-07-09 19:15:00,ce066052fff6d909b5dec1a1586261968582fa2ccaea1f374ffdec386d5ce5ca,76,19,140.0,3718,23.0,6.936567164,0,4,144.48794271590037,False,176.0,2021-07,LGB_medium,F2
2021-07-09,2021-07-08 16:00:00,2021-07-09 19:15:00,2021-07-09 19:30:00,ce066052fff6d909b5dec1a1586261968582fa2ccaea1f374ffdec386d5ce5ca,77,19,134.0,3718,23.0,6.936567164,0,4,139.0022530128732,False,176.0,2021-07,LGB_medium,F2
2021-07-09,2021-07-08 16:00:00,2021-07-09 19:30:00,2021-07-09 19:45:00,ce066052fff6d909b5dec1a1586261968582fa2ccaea1f374ffdec386d5ce5ca,78,19,139.0,3718,23.0,6.936567164,0,4,135.3761986369877,False,176.0,2021-07,LGB_medium,F2
2021-07-09,2021-07-08 16:00:00,2021-07-09 19:45:00,2021-07-09 20:00:00,ce066052fff6d909b5dec1a1586261968582fa2ccaea1f374ffdec386d5ce5ca,79,19,123.0,3718,23.0,6.936567164,0,4,118.81356395881419,False,176.0,2021-07,LGB_medium,F2
2021-07-09,2021-07-08 16:00:00,2021-07-09 20:00:00,2021-07-09 20:15:00,ce066052fff6d909b5dec1a1586261968582fa2ccaea1f374ffdec386d5ce5ca,80,20,97.0,36,22.9,0.086746988,0,4,116.14644500874337,False,176.0,2021-07,LGB_medium,F2
2021-07-09,2021-07-08 16:00:00,2021-07-09 20:15:00,2021-07-09 20:30:00,ce066052fff6d909b5dec1a1586261968582fa2ccaea1f374ffdec386d5ce5ca,81,20,101.0,36,22.9,0.086746988,0,4,117.17397877557303,False,176.0,2021-07,LGB_medium,F2
2021-07-09,2021-07-08 16:00:00,2021-07-09 20:30:00,2021-07-09 20:45:00,ce066052fff6d909b5dec1a1586261968582fa2ccaea1f374ffdec386d5ce5ca,82,20,106.0,36,22.9,0.086746988,0,4,118.0982932630318,False,176.0,2021-07,LGB_medium,F2
2021-07-09,2021-07-08 16:00:00,2021-07-09 20:45:00,2021-07-09 21:00:00,ce066052fff6d909b5dec1a1586261968582fa2ccaea1f374ffdec386d5ce5ca,83,20,111.0,36,22.9,0.086746988,0,4,117.22562098703253,False,176.0,2021-07,LGB_medium,F2
2021-07-09,2021-07-08 16:00:00,2021-07-09 21:00:00,2021-07-09 21:15:00,ce066052fff6d909b5dec1a1586261968582fa2ccaea1f374ffdec386d5ce5ca,84,21,106.0,3,22.9,0.007263923,0,4,118.89971181495893,False,176.0,2021-07,LGB_medium,F2
2021-07-09,2021-07-08 16:00:00,2021-07-09 21:15:00,2021-07-09 21:30:00,ce066052fff6d909b5dec1a1586261968582fa2ccaea1f374ffdec386d5ce5ca,85,21,97.0,3,22.9,0.007263923,0,4,114.89335620491832,False,176.0,2021-07,LGB_medium,F2
2021-07-09,2021-07-08 16:00:00,2021-07-09 21:30:00,2021-07-09 21:45:00,ce066052fff6d909b5dec1a1586261968582fa2ccaea1f374ffdec386d5ce5ca,86,21,101.0,3,22.9,0.007263923,0,4,116.47373030113975,False,176.0,2021-07,LGB_medium,F2
2021-07-09,2021-07-08 16:00:00,2021-07-09 21:45:00,2021-07-09 22:00:00,ce066052fff6d909b5dec1a1586261968582fa2ccaea1f374ffdec386d5ce5ca,87,21,109.0,3,22.9,0.007263923,0,4,117.03831169767889,False,176.0,2021-07,LGB_medium,F2
2021-07-09,2021-07-08 16:00:00,2021-07-09 22:00:00,2021-07-09 22:15:00,ce066052fff6d909b5dec1a1586261968582fa2ccaea1f374ffdec386d5ce5ca,88,22,91.0,45,22.9,0.110294118,0,4,113.84631921813606,False,176.0,2021-07,LGB_medium,F2
2021-07-09,2021-07-08 16:00:00,2021-07-09 22:15:00,2021-07-09 22:30:00,ce066052fff6d909b5dec1a1586261968582fa2ccaea1f374ffdec386d5ce5ca,89,22,102.0,45,22.9,0.110294118,0,4,117.19756517597357,False,176.0,2021-07,LGB_medium,F2
2021-07-09,2021-07-08 16:00:00,2021-07-09 22:30:00,2021-07-09 22:45:00,ce066052fff6d909b5dec1a1586261968582fa2ccaea1f374ffdec386d5ce5ca,90,22,111.0,45,22.9,0.110294118,0,4,119.36394019068295,False,176.0,2021-07,LGB_medium,F2
2021-07-09,2021-07-08 16:00:00,2021-07-09 22:45:00,2021-07-09 23:00:00,ce066052fff6d909b5dec1a1586261968582fa2ccaea1f374ffdec386d5ce5ca,91,22,104.0,45,22.9,0.110294118,0,4,117.72856674954767,False,176.0,2021-07,LGB_medium,F2
2021-07-09,2021-07-08 16:00:00,2021-07-09 23:00:00,2021-07-09 23:15:00,ce066052fff6d909b5dec1a1586261968582fa2ccaea1f374ffdec386d5ce5ca,92,23,93.0,0,22.7,0.0,0,4,107.99307530536373,False,176.0,2021-07,LGB_medium,F2
2021-07-09,2021-07-08 16:00:00,2021-07-09 23:15:00,2021-07-09 23:30:00,ce066052fff6d909b5dec1a1586261968582fa2ccaea1f374ffdec386d5ce5ca,93,23,100.0,0,22.7,0.0,0,4,113.27037370284496,False,176.0,2021-07,LGB_medium,F2
2021-07-09,2021-07-08 16:00:00,2021-07-09 23:30:00,2021-07-09 23:45:00,ce066052fff6d909b5dec1a1586261968582fa2ccaea1f374ffdec386d5ce5ca,94,23,106.0,0,22.7,0.0,0,4,100.47166252347323,False,176.0,2021-07,LGB_medium,F2
2021-07-09,2021-07-08 16:00:00,2021-07-09 23:45:00,2021-07-10 00:00:00,ce066052fff6d909b5dec1a1586261968582fa2ccaea1f374ffdec386d5ce5ca,95,23,85.0,0,22.7,0.0,0,4,76.93889694915882,False,176.0,2021-07,LGB_medium,F2
2021-07-10,2021-07-09 16:00:00,2021-07-10 00:00:00,2021-07-10 00:15:00,f0a36f94ca4710df54aeeb92df72d769c0d72cb82c7d2ea8a07ebb01b32198fe,0,0,70.0,0,22.3,0.0,0,5,71.35930297771411,False,176.0,2021-07,LGB_medium,F2
2021-07-10,2021-07-09 16:00:00,2021-07-10 00:15:00,2021-07-10 00:30:00,f0a36f94ca4710df54aeeb92df72d769c0d72cb82c7d2ea8a07ebb01b32198fe,1,0,62.0,0,22.3,0.0,0,5,68.7205376383634,False,176.0,2021-07,LGB_medium,F2
2021-07-10,2021-07-09 16:00:00,2021-07-10 00:30:00,2021-07-10 00:45:00,f0a36f94ca4710df54aeeb92df72d769c0d72cb82c7d2ea8a07ebb01b32198fe,2,0,64.0,0,22.3,0.0,0,5,69.34731553061688,False,176.0,2021-07,LGB_medium,F2
2021-07-10,2021-07-09 16:00:00,2021-07-10 00:45:00,2021-07-10 01:00:00,f0a36f94ca4710df54aeeb92df72d769c0d72cb82c7d2ea8a07ebb01b32198fe,3,0,64.0,0,22.3,0.0,0,5,67.85912493993037,False,176.0,2021-07,LGB_medium,F2
2021-07-10,2021-07-09 16:00:00,2021-07-10 01:00:00,2021-07-10 01:15:00,f0a36f94ca4710df54aeeb92df72d769c0d72cb82c7d2ea8a07ebb01b32198fe,4,1,89.0,6,22.1,0.015544041,0,5,98.1256512586208,False,176.0,2021-07,LGB_medium,F2
2021-07-10,2021-07-09 16:00:00,2021-07-10 01:15:00,2021-07-10 01:30:00,f0a36f94ca4710df54aeeb92df72d769c0d72cb82c7d2ea8a07ebb01b32198fe,5,1,102.0,6,22.1,0.015544041,0,5,112.28090506083421,False,176.0,2021-07,LGB_medium,F2
2021-07-10,2021-07-09 16:00:00,2021-07-10 01:30:00,2021-07-10 01:45:00,f0a36f94ca4710df54aeeb92df72d769c0d72cb82c7d2ea8a07ebb01b32198fe,6,1,98.0,6,22.1,0.015544041,0,5,112.89737366245531,False,176.0,2021-07,LGB_medium,F2
2021-07-10,2021-07-09 16:00:00,2021-07-10 01:45:00,2021-07-10 02:00:00,f0a36f94ca4710df54aeeb92df72d769c0d72cb82c7d2ea8a07ebb01b32198fe,7,1,97.0,6,22.1,0.015544041,0,5,112.78931977508586,False,176.0,2021-07,LGB_medium,F2
2021-07-10,2021-07-09 16:00:00,2021-07-10 02:00:00,2021-07-10 02:15:00,f0a36f94ca4710df54aeeb92df72d769c0d72cb82c7d2ea8a07ebb01b32198fe,8,2,100.0,41,22.5,0.105943152,0,5,111.85214878883284,False,176.0,2021-07,LGB_medium,F2
2021-07-10,2021-07-09 16:00:00,2021-07-10 02:15:00,2021-07-10 02:30:00,f0a36f94ca4710df54aeeb92df72d769c0d72cb82c7d2ea8a07ebb01b32198fe,9,2,97.0,41,22.5,0.105943152,0,5,110.26531016453855,False,176.0,2021-07,LGB_medium,F2
2021-07-10,2021-07-09 16:00:00,2021-07-10 02:30:00,2021-07-10 02:45:00,f0a36f94ca4710df54aeeb92df72d769c0d72cb82c7d2ea8a07ebb01b32198fe,10,2,96.0,41,22.5,0.105943152,0,5,111.81481310181445,False,176.0,2021-07,LGB_medium,F2
2021-07-10,2021-07-09 16:00:00,2021-07-10 02:45:00,2021-07-10 03:00:00,f0a36f94ca4710df54aeeb92df72d769c0d72cb82c7d2ea8a07ebb01b32198fe,11,2,94.0,41,22.5,0.105943152,0,5,112.65029736246252,False,176.0,2021-07,LGB_medium,F2
2021-07-10,2021-07-09 16:00:00,2021-07-10 03:00:00,2021-07-10 03:15:00,f0a36f94ca4710df54aeeb92df72d769c0d72cb82c7d2ea8a07ebb01b32198fe,12,3,85.0,0,22.2,0.0,0,5,102.16230681746144,False,176.0,2021-07,LGB_medium,F2
2021-07-10,2021-07-09 16:00:00,2021-07-10 03:15:00,2021-07-10 03:30:00,f0a36f94ca4710df54aeeb92df72d769c0d72cb82c7d2ea8a07ebb01b32198fe,13,3,96.0,0,22.2,0.0,0,5,112.255477858165,False,176.0,2021-07,LGB_medium,F2
2021-07-10,2021-07-09 16:00:00,2021-07-10 03:30:00,2021-07-10 03:45:00,f0a36f94ca4710df54aeeb92df72d769c0d72cb82c7d2ea8a07ebb01b32198fe,14,3,100.0,0,22.2,0.0,0,5,112.89979928922492,False,176.0,2021-07,LGB_medium,F2
2021-07-10,2021-07-09 16:00:00,2021-07-10 03:45:00,2021-07-10 04:00:00,f0a36f94ca4710df54aeeb92df72d769c0d72cb82c7d2ea8a07ebb01b32198fe,15,3,106.0,0,22.2,0.0,0,5,111.58260488610514,False,176.0,2021-07,LGB_medium,F2
2021-07-10,2021-07-09 16:00:00,2021-07-10 04:00:00,2021-07-10 04:15:00,f0a36f94ca4710df54aeeb92df72d769c0d72cb82c7d2ea8a07ebb01b32198fe,16,4,106.0,30,22.0,0.07518797,0,5,112.20303677359848,False,176.0,2021-07,LGB_medium,F2
2021-07-10,2021-07-09 16:00:00,2021-07-10 04:15:00,2021-07-10 04:30:00,f0a36f94ca4710df54aeeb92df72d769c0d72cb82c7d2ea8a07ebb01b32198fe,17,4,96.0,30,22.0,0.07518797,0,5,115.63575297637088,False,176.0,2021-07,LGB_medium,F2
2021-07-10,2021-07-09 16:00:00,2021-07-10 04:30:00,2021-07-10 04:45:00,f0a36f94ca4710df54aeeb92df72d769c0d72cb82c7d2ea8a07ebb01b32198fe,18,4,99.0,30,22.0,0.07518797,0,5,112.39541365900082,False,176.0,2021-07,LGB_medium,F2
2021-07-10,2021-07-09 16:00:00,2021-07-10 04:45:00,2021-07-10 05:00:00,f0a36f94ca4710df54aeeb92df72d769c0d72cb82c7d2ea8a07ebb01b32198fe,19,4,98.0,30,22.0,0.07518797,0,5,111.17003218243943,False,176.0,2021-07,LGB_medium,F2
2021-07-10,2021-07-09 16:00:00,2021-07-10 05:00:00,2021-07-10 05:15:00,f0a36f94ca4710df54aeeb92df72d769c0d72cb82c7d2ea8a07ebb01b32198fe,20,5,83.0,0,21.8,0.0,0,5,89.12539420032594,False,176.0,2021-07,LGB_medium,F2
2021-07-10,2021-07-09 16:00:00,2021-07-10 05:15:00,2021-07-10 05:30:00,f0a36f94ca4710df54aeeb92df72d769c0d72cb82c7d2ea8a07ebb01b32198fe,21,5,69.0,0,21.8,0.0,0,5,78.34132016544562,False,176.0,2021-07,LGB_medium,F2
2021-07-10,2021-07-09 16:00:00,2021-07-10 05:30:00,2021-07-10 05:45:00,f0a36f94ca4710df54aeeb92df72d769c0d72cb82c7d2ea8a07ebb01b32198fe,22,5,84.0,0,21.8,0.0,0,5,105.85593062122857,False,176.0,2021-07,LGB_medium,F2
2021-07-10,2021-07-09 16:00:00,2021-07-10 05:45:00,2021-07-10 06:00:00,f0a36f94ca4710df54aeeb92df72d769c0d72cb82c7d2ea8a07ebb01b32198fe,23,5,97.0,0,21.8,0.0,0,5,114.03944903307516,False,176.0,2021-07,LGB_medium,F2
2021-07-10,2021-07-09 16:00:00,2021-07-10 06:00:00,2021-07-10 06:15:00,f0a36f94ca4710df54aeeb92df72d769c0d72cb82c7d2ea8a07ebb01b32198fe,24,6,103.0,120,22.4,0.297766749,0,5,114.32053456552217,False,176.0,2021-07,LGB_medium,F2
2021-07-10,2021-07-09 16:00:00,2021-07-10 06:15:00,2021-07-10 06:30:00,f0a36f94ca4710df54aeeb92df72d769c0d72cb82c7d2ea8a07ebb01b32198fe,25,6,102.0,120,22.4,0.297766749,0,5,113.76190927930973,False,176.0,2021-07,LGB_medium,F2
2021-07-10,2021-07-09 16:00:00,2021-07-10 06:30:00,2021-07-10 06:45:00,f0a36f94ca4710df54aeeb92df72d769c0d72cb82c7d2ea8a07ebb01b32198fe,26,6,104.0,120,22.4,0.297766749,0,5,111.89180113104574,False,176.0,2021-07,LGB_medium,F2
2021-07-10,2021-07-09 16:00:00,2021-07-10 06:45:00,2021-07-10 07:00:00,f0a36f94ca4710df54aeeb92df72d769c0d72cb82c7d2ea8a07ebb01b32198fe,27,6,94.0,120,22.4,0.297766749,0,5,107.37752530636365,False,176.0,2021-07,LGB_medium,F2
2021-07-10,2021-07-09 16:00:00,2021-07-10 07:00:00,2021-07-10 07:15:00,f0a36f94ca4710df54aeeb92df72d769c0d72cb82c7d2ea8a07ebb01b32198fe,28,7,105.0,290,24.4,0.969899666,0,5,92.74240082439282,False,176.0,2021-07,LGB_medium,F2
2021-07-10,2021-07-09 16:00:00,2021-07-10 07:15:00,2021-07-10 07:30:00,f0a36f94ca4710df54aeeb92df72d769c0d72cb82c7d2ea8a07ebb01b32198fe,29,7,91.0,290,24.4,0.969899666,0,5,87.67272354014825,False,176.0,2021-07,LGB_medium,F2
2021-07-10,2021-07-09 16:00:00,2021-07-10 07:30:00,2021-07-10 07:45:00,f0a36f94ca4710df54aeeb92df72d769c0d72cb82c7d2ea8a07ebb01b32198fe,30,7,69.0,290,24.4,0.969899666,0,5,60.90901417013216,False,176.0,2021-07,LGB_medium,F2
2021-07-10,2021-07-09 16:00:00,2021-07-10 07:45:00,2021-07-10 08:00:00,f0a36f94ca4710df54aeeb92df72d769c0d72cb82c7d2ea8a07ebb01b32198fe,31,7,34.0,290,24.4,0.969899666,0,5,49.62672226573936,False,176.0,2021-07,LGB_medium,F2
2021-07-10,2021-07-09 16:00:00,2021-07-10 08:00:00,2021-07-10 08:15:00,f0a36f94ca4710df54aeeb92df72d769c0d72cb82c7d2ea8a07ebb01b32198fe,32,8,26.0,0,26.3,0.0,0,5,46.799552185246576,False,176.0,2021-07,LGB_medium,F2
2021-07-10,2021-07-09 16:00:00,2021-07-10 08:15:00,2021-07-10 08:30:00,f0a36f94ca4710df54aeeb92df72d769c0d72cb82c7d2ea8a07ebb01b32198fe,33,8,27.0,0,26.3,0.0,0,5,44.305886336408506,False,176.0,2021-07,LGB_medium,F2
2021-07-10,2021-07-09 16:00:00,2021-07-10 08:30:00,2021-07-10 08:45:00,f0a36f94ca4710df54aeeb92df72d769c0d72cb82c7d2ea8a07ebb01b32198fe,34,8,26.0,0,26.3,0.0,0,5,44.305886336408506,False,176.0,2021-07,LGB_medium,F2
2021-07-10,2021-07-09 16:00:00,2021-07-10 08:45:00,2021-07-10 09:00:00,f0a36f94ca4710df54aeeb92df72d769c0d72cb82c7d2ea8a07ebb01b32198fe,35,8,26.0,0,26.3,0.0,0,5,43.982332220978016,False,176.0,2021-07,LGB_medium,F2
2021-07-10,2021-07-09 16:00:00,2021-07-10 09:00:00,2021-07-10 09:15:00,f0a36f94ca4710df54aeeb92df72d769c0d72cb82c7d2ea8a07ebb01b32198fe,36,9,27.0,0,27.1,0.0,0,5,47.801587873816906,False,176.0,2021-07,LGB_medium,F2
2021-07-10,2021-07-09 16:00:00,2021-07-10 09:15:00,2021-07-10 09:30:00,f0a36f94ca4710df54aeeb92df72d769c0d72cb82c7d2ea8a07ebb01b32198fe,37,9,27.0,0,27.1,0.0,0,5,48.17171017247971,False,176.0,2021-07,LGB_medium,F2
2021-07-10,2021-07-09 16:00:00,2021-07-10 09:30:00,2021-07-10 09:45:00,f0a36f94ca4710df54aeeb92df72d769c0d72cb82c7d2ea8a07ebb01b32198fe,38,9,27.0,0,27.1,0.0,0,5,48.26821050509643,False,176.0,2021-07,LGB_medium,F2
2021-07-10,2021-07-09 16:00:00,2021-07-10 09:45:00,2021-07-10 10:00:00,f0a36f94ca4710df54aeeb92df72d769c0d72cb82c7d2ea8a07ebb01b32198fe,39,9,26.0,0,27.1,0.0,0,5,47.42777680942511,False,176.0,2021-07,LGB_medium,F2
2021-07-10,2021-07-09 16:00:00,2021-07-10 10:00:00,2021-07-10 10:15:00,f0a36f94ca4710df54aeeb92df72d769c0d72cb82c7d2ea8a07ebb01b32198fe,40,10,27.0,0,27.9,0.0,0,5,47.46749613160206,False,176.0,2021-07,LGB_medium,F2
2021-07-10,2021-07-09 16:00:00,2021-07-10 10:15:00,2021-07-10 10:30:00,f0a36f94ca4710df54aeeb92df72d769c0d72cb82c7d2ea8a07ebb01b32198fe,41,10,32.0,0,27.9,0.0,0,5,47.12555582776482,False,176.0,2021-07,LGB_medium,F2
2021-07-10,2021-07-09 16:00:00,2021-07-10 10:30:00,2021-07-10 10:45:00,f0a36f94ca4710df54aeeb92df72d769c0d72cb82c7d2ea8a07ebb01b32198fe,42,10,30.0,0,27.9,0.0,0,5,45.72577564571906,False,176.0,2021-07,LGB_medium,F2
2021-07-10,2021-07-09 16:00:00,2021-07-10 10:45:00,2021-07-10 11:00:00,f0a36f94ca4710df54aeeb92df72d769c0d72cb82c7d2ea8a07ebb01b32198fe,43,10,29.0,0,27.9,0.0,0,5,44.965075056765485,False,176.0,2021-07,LGB_medium,F2
2021-07-10,2021-07-09 16:00:00,2021-07-10 11:00:00,2021-07-10 11:15:00,f0a36f94ca4710df54aeeb92df72d769c0d72cb82c7d2ea8a07ebb01b32198fe,44,11,31.0,0,28.4,0.0,0,5,45.94496757460202,False,176.0,2021-07,LGB_medium,F2
2021-07-10,2021-07-09 16:00:00,2021-07-10 11:15:00,2021-07-10 11:30:00,f0a36f94ca4710df54aeeb92df72d769c0d72cb82c7d2ea8a07ebb01b32198fe,45,11,29.0,0,28.4,0.0,0,5,46.07346201922135,False,176.0,2021-07,LGB_medium,F2
2021-07-10,2021-07-09 16:00:00,2021-07-10 11:30:00,2021-07-10 11:45:00,f0a36f94ca4710df54aeeb92df72d769c0d72cb82c7d2ea8a07ebb01b32198fe,46,11,29.0,0,28.4,0.0,0,5,44.73338305173682,False,176.0,2021-07,LGB_medium,F2
2021-07-10,2021-07-09 16:00:00,2021-07-10 11:45:00,2021-07-10 12:00:00,f0a36f94ca4710df54aeeb92df72d769c0d72cb82c7d2ea8a07ebb01b32198fe,47,11,28.0,0,28.4,0.0,0,5,45.8188617793485,False,176.0,2021-07,LGB_medium,F2
2021-07-10,2021-07-09 16:00:00,2021-07-10 12:00:00,2021-07-10 12:15:00,f0a36f94ca4710df54aeeb92df72d769c0d72cb82c7d2ea8a07ebb01b32198fe,48,12,26.0,0,29.5,0.0,0,5,42.0296603723957,False,176.0,2021-07,LGB_medium,F2
2021-07-10,2021-07-09 16:00:00,2021-07-10 12:15:00,2021-07-10 12:30:00,f0a36f94ca4710df54aeeb92df72d769c0d72cb82c7d2ea8a07ebb01b32198fe,49,12,25.0,0,29.5,0.0,0,5,42.17261584836092,False,176.0,2021-07,LGB_medium,F2
2021-07-10,2021-07-09 16:00:00,2021-07-10 12:30:00,2021-07-10 12:45:00,f0a36f94ca4710df54aeeb92df72d769c0d72cb82c7d2ea8a07ebb01b32198fe,50,12,26.0,0,29.5,0.0,0,5,45.2198269183564,False,176.0,2021-07,LGB_medium,F2
2021-07-10,2021-07-09 16:00:00,2021-07-10 12:45:00,2021-07-10 13:00:00,f0a36f94ca4710df54aeeb92df72d769c0d72cb82c7d2ea8a07ebb01b32198fe,51,12,25.0,0,29.5,0.0,0,5,46.120875046601654,False,176.0,2021-07,LGB_medium,F2
2021-07-10,2021-07-09 16:00:00,2021-07-10 13:00:00,2021-07-10 13:15:00,f0a36f94ca4710df54aeeb92df72d769c0d72cb82c7d2ea8a07ebb01b32198fe,52,13,27.0,0,30.0,0.0,0,5,45.211905805255824,False,176.0,2021-07,LGB_medium,F2
2021-07-10,2021-07-09 16:00:00,2021-07-10 13:15:00,2021-07-10 13:30:00,f0a36f94ca4710df54aeeb92df72d769c0d72cb82c7d2ea8a07ebb01b32198fe,53,13,28.0,0,30.0,0.0,0,5,44.22793384909374,False,176.0,2021-07,LGB_medium,F2
2021-07-10,2021-07-09 16:00:00,2021-07-10 13:30:00,2021-07-10 13:45:00,f0a36f94ca4710df54aeeb92df72d769c0d72cb82c7d2ea8a07ebb01b32198fe,54,13,23.0,0,30.0,0.0,0,5,43.75761933677526,False,176.0,2021-07,LGB_medium,F2
2021-07-10,2021-07-09 16:00:00,2021-07-10 13:45:00,2021-07-10 14:00:00,f0a36f94ca4710df54aeeb92df72d769c0d72cb82c7d2ea8a07ebb01b32198fe,55,13,22.0,0,30.0,0.0,0,5,44.83608488130867,False,176.0,2021-07,LGB_medium,F2
2021-07-10,2021-07-09 16:00:00,2021-07-10 14:00:00,2021-07-10 14:15:00,f0a36f94ca4710df54aeeb92df72d769c0d72cb82c7d2ea8a07ebb01b32198fe,56,14,23.0,0,29.6,0.0,0,5,44.00947922668343,False,176.0,2021-07,LGB_medium,F2
2021-07-10,2021-07-09 16:00:00,2021-07-10 14:15:00,2021-07-10 14:30:00,f0a36f94ca4710df54aeeb92df72d769c0d72cb82c7d2ea8a07ebb01b32198fe,57,14,22.0,0,29.6,0.0,0,5,44.52958838809847,False,176.0,2021-07,LGB_medium,F2
2021-07-10,2021-07-09 16:00:00,2021-07-10 14:30:00,2021-07-10 14:45:00,f0a36f94ca4710df54aeeb92df72d769c0d72cb82c7d2ea8a07ebb01b32198fe,58,14,22.0,0,29.6,0.0,0,5,44.52958838809847,False,176.0,2021-07,LGB_medium,F2
2021-07-10,2021-07-09 16:00:00,2021-07-10 14:45:00,2021-07-10 15:00:00,f0a36f94ca4710df54aeeb92df72d769c0d72cb82c7d2ea8a07ebb01b32198fe,59,14,23.0,0,29.6,0.0,0,5,46.09207103379635,False,176.0,2021-07,LGB_medium,F2
2021-07-10,2021-07-09 16:00:00,2021-07-10 15:00:00,2021-07-10 15:15:00,f0a36f94ca4710df54aeeb92df72d769c0d72cb82c7d2ea8a07ebb01b32198fe,60,15,24.0,0,28.8,0.0,0,5,43.68237962461137,False,176.0,2021-07,LGB_medium,F2
2021-07-10,2021-07-09 16:00:00,2021-07-10 15:15:00,2021-07-10 15:30:00,f0a36f94ca4710df54aeeb92df72d769c0d72cb82c7d2ea8a07ebb01b32198fe,61,15,23.0,0,28.8,0.0,0,5,43.8116171538819,False,176.0,2021-07,LGB_medium,F2
2021-07-10,2021-07-09 16:00:00,2021-07-10 15:30:00,2021-07-10 15:45:00,f0a36f94ca4710df54aeeb92df72d769c0d72cb82c7d2ea8a07ebb01b32198fe,62,15,23.0,0,28.8,0.0,0,5,44.34740523368019,False,176.0,2021-07,LGB_medium,F2
2021-07-10,2021-07-09 16:00:00,2021-07-10 15:45:00,2021-07-10 16:00:00,f0a36f94ca4710df54aeeb92df72d769c0d72cb82c7d2ea8a07ebb01b32198fe,63,15,25.0,0,28.8,0.0,0,5,45.63244105384765,False,176.0,2021-07,LGB_medium,F2
2021-07-10,2021-07-09 16:00:00,2021-07-10 16:00:00,2021-07-10 16:15:00,f0a36f94ca4710df54aeeb92df72d769c0d72cb82c7d2ea8a07ebb01b32198fe,64,16,24.0,0,28.9,0.0,0,5,46.359408766899016,False,176.0,2021-07,LGB_medium,F2
2021-07-10,2021-07-09 16:00:00,2021-07-10 16:15:00,2021-07-10 16:30:00,f0a36f94ca4710df54aeeb92df72d769c0d72cb82c7d2ea8a07ebb01b32198fe,65,16,27.0,0,28.9,0.0,0,5,43.83428226817495,False,176.0,2021-07,LGB_medium,F2
2021-07-10,2021-07-09 16:00:00,2021-07-10 16:30:00,2021-07-10 16:45:00,f0a36f94ca4710df54aeeb92df72d769c0d72cb82c7d2ea8a07ebb01b32198fe,66,16,24.0,0,28.9,0.0,0,5,44.075489475478115,False,176.0,2021-07,LGB_medium,F2
2021-07-10,2021-07-09 16:00:00,2021-07-10 16:45:00,2021-07-10 17:00:00,f0a36f94ca4710df54aeeb92df72d769c0d72cb82c7d2ea8a07ebb01b32198fe,67,16,22.0,0,28.9,0.0,0,5,44.069195762317776,False,176.0,2021-07,LGB_medium,F2
2021-07-10,2021-07-09 16:00:00,2021-07-10 17:00:00,2021-07-10 17:15:00,f0a36f94ca4710df54aeeb92df72d769c0d72cb82c7d2ea8a07ebb01b32198fe,68,17,23.0,0,28.4,0.0,0,5,43.74230801378854,False,176.0,2021-07,LGB_medium,F2
2021-07-10,2021-07-09 16:00:00,2021-07-10 17:15:00,2021-07-10 17:30:00,f0a36f94ca4710df54aeeb92df72d769c0d72cb82c7d2ea8a07ebb01b32198fe,69,17,23.0,0,28.4,0.0,0,5,43.20247769911036,False,176.0,2021-07,LGB_medium,F2
2021-07-10,2021-07-09 16:00:00,2021-07-10 17:30:00,2021-07-10 17:45:00,f0a36f94ca4710df54aeeb92df72d769c0d72cb82c7d2ea8a07ebb01b32198fe,70,17,22.0,0,28.4,0.0,0,5,43.69745934124427,False,176.0,2021-07,LGB_medium,F2
2021-07-10,2021-07-09 16:00:00,2021-07-10 17:45:00,2021-07-10 18:00:00,f0a36f94ca4710df54aeeb92df72d769c0d72cb82c7d2ea8a07ebb01b32198fe,71,17,22.0,0,28.4,0.0,0,5,45.47763785482092,False,176.0,2021-07,LGB_medium,F2
2021-07-10,2021-07-09 16:00:00,2021-07-10 18:00:00,2021-07-10 18:15:00,f0a36f94ca4710df54aeeb92df72d769c0d72cb82c7d2ea8a07ebb01b32198fe,72,18,22.0,0,27.6,0.0,0,5,45.47763785482092,False,176.0,2021-07,LGB_medium,F2
2021-07-10,2021-07-09 16:00:00,2021-07-10 18:15:00,2021-07-10 18:30:00,f0a36f94ca4710df54aeeb92df72d769c0d72cb82c7d2ea8a07ebb01b32198fe,73,18,22.0,0,27.6,0.0,0,5,46.972987873929405,False,176.0,2021-07,LGB_medium,F2
2021-07-10,2021-07-09 16:00:00,2021-07-10 18:30:00,2021-07-10 18:45:00,f0a36f94ca4710df54aeeb92df72d769c0d72cb82c7d2ea8a07ebb01b32198fe,74,18,22.0,0,27.6,0.0,0,5,42.61054831464314,False,176.0,2021-07,LGB_medium,F2
2021-07-10,2021-07-09 16:00:00,2021-07-10 18:45:00,2021-07-10 19:00:00,f0a36f94ca4710df54aeeb92df72d769c0d72cb82c7d2ea8a07ebb01b32198fe,75,18,22.0,0,27.6,0.0,0,5,39.635101296465095,False,176.0,2021-07,LGB_medium,F2
2021-07-10,2021-07-09 16:00:00,2021-07-10 19:00:00,2021-07-10 19:15:00,f0a36f94ca4710df54aeeb92df72d769c0d72cb82c7d2ea8a07ebb01b32198fe,76,19,22.0,0,25.7,0.0,0,5,41.86933451838017,False,176.0,2021-07,LGB_medium,F2
2021-07-10,2021-07-09 16:00:00,2021-07-10 19:15:00,2021-07-10 19:30:00,f0a36f94ca4710df54aeeb92df72d769c0d72cb82c7d2ea8a07ebb01b32198fe,77,19,26.0,0,25.7,0.0,0,5,42.342684629747,False,176.0,2021-07,LGB_medium,F2
2021-07-10,2021-07-09 16:00:00,2021-07-10 19:30:00,2021-07-10 19:45:00,f0a36f94ca4710df54aeeb92df72d769c0d72cb82c7d2ea8a07ebb01b32198fe,78,19,26.0,0,25.7,0.0,0,5,40.238000152551464,False,176.0,2021-07,LGB_medium,F2
2021-07-10,2021-07-09 16:00:00,2021-07-10 19:45:00,2021-07-10 20:00:00,f0a36f94ca4710df54aeeb92df72d769c0d72cb82c7d2ea8a07ebb01b32198fe,79,19,23.0,0,25.7,0.0,0,5,39.61480495106652,False,176.0,2021-07,LGB_medium,F2
2021-07-10,2021-07-09 16:00:00,2021-07-10 20:00:00,2021-07-10 20:15:00,f0a36f94ca4710df54aeeb92df72d769c0d72cb82c7d2ea8a07ebb01b32198fe,80,20,21.0,0,21.6,0.0,0,5,40.78932316846616,False,176.0,2021-07,LGB_medium,F2
2021-07-10,2021-07-09 16:00:00,2021-07-10 20:15:00,2021-07-10 20:30:00,f0a36f94ca4710df54aeeb92df72d769c0d72cb82c7d2ea8a07ebb01b32198fe,81,20,22.0,0,21.6,0.0,0,5,40.33922417350695,False,176.0,2021-07,LGB_medium,F2
2021-07-10,2021-07-09 16:00:00,2021-07-10 20:30:00,2021-07-10 20:45:00,f0a36f94ca4710df54aeeb92df72d769c0d72cb82c7d2ea8a07ebb01b32198fe,82,20,23.0,0,21.6,0.0,0,5,39.69922166912556,False,176.0,2021-07,LGB_medium,F2
2021-07-10,2021-07-09 16:00:00,2021-07-10 20:45:00,2021-07-10 21:00:00,f0a36f94ca4710df54aeeb92df72d769c0d72cb82c7d2ea8a07ebb01b32198fe,83,20,22.0,0,21.6,0.0,0,5,39.69922166912556,False,176.0,2021-07,LGB_medium,F2
2021-07-10,2021-07-09 16:00:00,2021-07-10 21:00:00,2021-07-10 21:15:00,f0a36f94ca4710df54aeeb92df72d769c0d72cb82c7d2ea8a07ebb01b32198fe,84,21,23.0,0,21.5,0.0,0,5,41.217656986408265,False,176.0,2021-07,LGB_medium,F2
2021-07-10,2021-07-09 16:00:00,2021-07-10 21:15:00,2021-07-10 21:30:00,f0a36f94ca4710df54aeeb92df72d769c0d72cb82c7d2ea8a07ebb01b32198fe,85,21,22.0,0,21.5,0.0,0,5,41.21195942032708,False,176.0,2021-07,LGB_medium,F2
2021-07-10,2021-07-09 16:00:00,2021-07-10 21:30:00,2021-07-10 21:45:00,f0a36f94ca4710df54aeeb92df72d769c0d72cb82c7d2ea8a07ebb01b32198fe,86,21,22.0,0,21.5,0.0,0,5,41.09521388659477,False,176.0,2021-07,LGB_medium,F2
2021-07-10,2021-07-09 16:00:00,2021-07-10 21:45:00,2021-07-10 22:00:00,f0a36f94ca4710df54aeeb92df72d769c0d72cb82c7d2ea8a07ebb01b32198fe,87,21,22.0,0,21.5,0.0,0,5,39.81194256124364,False,176.0,2021-07,LGB_medium,F2
2021-07-10,2021-07-09 16:00:00,2021-07-10 22:00:00,2021-07-10 22:15:00,f0a36f94ca4710df54aeeb92df72d769c0d72cb82c7d2ea8a07ebb01b32198fe,88,22,23.0,0,21.6,0.0,0,5,41.03029412173047,False,176.0,2021-07,LGB_medium,F2
2021-07-10,2021-07-09 16:00:00,2021-07-10 22:15:00,2021-07-10 22:30:00,f0a36f94ca4710df54aeeb92df72d769c0d72cb82c7d2ea8a07ebb01b32198fe,89,22,26.0,0,21.6,0.0,0,5,41.444481590523935,False,176.0,2021-07,LGB_medium,F2
2021-07-10,2021-07-09 16:00:00,2021-07-10 22:30:00,2021-07-10 22:45:00,f0a36f94ca4710df54aeeb92df72d769c0d72cb82c7d2ea8a07ebb01b32198fe,90,22,26.0,0,21.6,0.0,0,5,42.318295129441715,False,176.0,2021-07,LGB_medium,F2
2021-07-10,2021-07-09 16:00:00,2021-07-10 22:45:00,2021-07-10 23:00:00,f0a36f94ca4710df54aeeb92df72d769c0d72cb82c7d2ea8a07ebb01b32198fe,91,22,23.0,0,21.6,0.0,0,5,41.520695548731055,False,176.0,2021-07,LGB_medium,F2
2021-07-10,2021-07-09 16:00:00,2021-07-10 23:00:00,2021-07-10 23:15:00,f0a36f94ca4710df54aeeb92df72d769c0d72cb82c7d2ea8a07ebb01b32198fe,92,23,22.0,0,21.5,0.0,0,5,38.18490028113591,False,176.0,2021-07,LGB_medium,F2
2021-07-10,2021-07-09 16:00:00,2021-07-10 23:15:00,2021-07-10 23:30:00,f0a36f94ca4710df54aeeb92df72d769c0d72cb82c7d2ea8a07ebb01b32198fe,93,23,22.0,0,21.5,0.0,0,5,35.58132446660593,False,176.0,2021-07,LGB_medium,F2
2021-07-10,2021-07-09 16:00:00,2021-07-10 23:30:00,2021-07-10 23:45:00,f0a36f94ca4710df54aeeb92df72d769c0d72cb82c7d2ea8a07ebb01b32198fe,94,23,22.0,0,21.5,0.0,0,5,37.21941817068888,False,176.0,2021-07,LGB_medium,F2
2021-07-10,2021-07-09 16:00:00,2021-07-10 23:45:00,2021-07-11 00:00:00,f0a36f94ca4710df54aeeb92df72d769c0d72cb82c7d2ea8a07ebb01b32198fe,95,23,23.0,0,21.5,0.0,0,5,36.1727286497422,False,176.0,2021-07,LGB_medium,F2
2021-07-11,2021-07-10 16:00:00,2021-07-11 00:00:00,2021-07-11 00:15:00,f081e5b66500fa42ced35b1c88f13e9f605801fdb57f73029681b30b0dfcca4a,0,0,22.0,0,21.9,0.0,0,6,22.47279160940207,False,176.0,2021-07,LGB_medium,F2
2021-07-11,2021-07-10 16:00:00,2021-07-11 00:15:00,2021-07-11 00:30:00,f081e5b66500fa42ced35b1c88f13e9f605801fdb57f73029681b30b0dfcca4a,1,0,22.0,0,21.9,0.0,0,6,22.775945866280956,False,176.0,2021-07,LGB_medium,F2
2021-07-11,2021-07-10 16:00:00,2021-07-11 00:30:00,2021-07-11 00:45:00,f081e5b66500fa42ced35b1c88f13e9f605801fdb57f73029681b30b0dfcca4a,2,0,23.0,0,21.9,0.0,0,6,22.44934123320639,False,176.0,2021-07,LGB_medium,F2
2021-07-11,2021-07-10 16:00:00,2021-07-11 00:45:00,2021-07-11 01:00:00,f081e5b66500fa42ced35b1c88f13e9f605801fdb57f73029681b30b0dfcca4a,3,0,23.0,0,21.9,0.0,0,6,22.46015079634475,False,176.0,2021-07,LGB_medium,F2
2021-07-11,2021-07-10 16:00:00,2021-07-11 01:00:00,2021-07-11 01:15:00,f081e5b66500fa42ced35b1c88f13e9f605801fdb57f73029681b30b0dfcca4a,4,1,23.0,0,21.6,0.0,0,6,22.461845205217465,False,176.0,2021-07,LGB_medium,F2
2021-07-11,2021-07-10 16:00:00,2021-07-11 01:15:00,2021-07-11 01:30:00,f081e5b66500fa42ced35b1c88f13e9f605801fdb57f73029681b30b0dfcca4a,5,1,26.0,0,21.6,0.0,0,6,22.544688104876656,False,176.0,2021-07,LGB_medium,F2
2021-07-11,2021-07-10 16:00:00,2021-07-11 01:30:00,2021-07-11 01:45:00,f081e5b66500fa42ced35b1c88f13e9f605801fdb57f73029681b30b0dfcca4a,6,1,27.0,0,21.6,0.0,0,6,23.643994085610537,False,176.0,2021-07,LGB_medium,F2
2021-07-11,2021-07-10 16:00:00,2021-07-11 01:45:00,2021-07-11 02:00:00,f081e5b66500fa42ced35b1c88f13e9f605801fdb57f73029681b30b0dfcca4a,7,1,26.0,0,21.6,0.0,0,6,23.91185464674814,False,176.0,2021-07,LGB_medium,F2
2021-07-11,2021-07-10 16:00:00,2021-07-11 02:00:00,2021-07-11 02:15:00,f081e5b66500fa42ced35b1c88f13e9f605801fdb57f73029681b30b0dfcca4a,8,2,23.0,0,21.8,0.0,0,6,23.299876563254866,False,176.0,2021-07,LGB_medium,F2
2021-07-11,2021-07-10 16:00:00,2021-07-11 02:15:00,2021-07-11 02:30:00,f081e5b66500fa42ced35b1c88f13e9f605801fdb57f73029681b30b0dfcca4a,9,2,23.0,0,21.8,0.0,0,6,23.179261154889407,False,176.0,2021-07,LGB_medium,F2
2021-07-11,2021-07-10 16:00:00,2021-07-11 02:30:00,2021-07-11 02:45:00,f081e5b66500fa42ced35b1c88f13e9f605801fdb57f73029681b30b0dfcca4a,10,2,22.0,0,21.8,0.0,0,6,23.250422043420205,False,176.0,2021-07,LGB_medium,F2
2021-07-11,2021-07-10 16:00:00,2021-07-11 02:45:00,2021-07-11 03:00:00,f081e5b66500fa42ced35b1c88f13e9f605801fdb57f73029681b30b0dfcca4a,11,2,22.0,0,21.8,0.0,0,6,22.301664781169826,False,176.0,2021-07,LGB_medium,F2
2021-07-11,2021-07-10 16:00:00,2021-07-11 03:00:00,2021-07-11 03:15:00,f081e5b66500fa42ced35b1c88f13e9f605801fdb57f73029681b30b0dfcca4a,12,3,24.0,0,21.8,0.0,0,6,22.39602420322719,False,176.0,2021-07,LGB_medium,F2
2021-07-11,2021-07-10 16:00:00,2021-07-11 03:15:00,2021-07-11 03:30:00,f081e5b66500fa42ced35b1c88f13e9f605801fdb57f73029681b30b0dfcca4a,13,3,22.0,0,21.8,0.0,0,6,23.078737408081164,False,176.0,2021-07,LGB_medium,F2
2021-07-11,2021-07-10 16:00:00,2021-07-11 03:30:00,2021-07-11 03:45:00,f081e5b66500fa42ced35b1c88f13e9f605801fdb57f73029681b30b0dfcca4a,14,3,23.0,0,21.8,0.0,0,6,23.078737408081164,False,176.0,2021-07,LGB_medium,F2
2021-07-11,2021-07-10 16:00:00,2021-07-11 03:45:00,2021-07-11 04:00:00,f081e5b66500fa42ced35b1c88f13e9f605801fdb57f73029681b30b0dfcca4a,15,3,23.0,0,21.8,0.0,0,6,22.294972273390183,False,176.0,2021-07,LGB_medium,F2
2021-07-11,2021-07-10 16:00:00,2021-07-11 04:00:00,2021-07-11 04:15:00,f081e5b66500fa42ced35b1c88f13e9f605801fdb57f73029681b30b0dfcca4a,16,4,23.0,0,22.2,0.0,0,6,23.225982560853307,False,176.0,2021-07,LGB_medium,F2
2021-07-11,2021-07-10 16:00:00,2021-07-11 04:15:00,2021-07-11 04:30:00,f081e5b66500fa42ced35b1c88f13e9f605801fdb57f73029681b30b0dfcca4a,17,4,22.0,0,22.2,0.0,0,6,23.3044983611407,False,176.0,2021-07,LGB_medium,F2
2021-07-11,2021-07-10 16:00:00,2021-07-11 04:30:00,2021-07-11 04:45:00,f081e5b66500fa42ced35b1c88f13e9f605801fdb57f73029681b30b0dfcca4a,18,4,24.0,0,22.2,0.0,0,6,22.43836728288343,False,176.0,2021-07,LGB_medium,F2
2021-07-11,2021-07-10 16:00:00,2021-07-11 04:45:00,2021-07-11 05:00:00,f081e5b66500fa42ced35b1c88f13e9f605801fdb57f73029681b30b0dfcca4a,19,4,23.0,0,22.2,0.0,0,6,22.3210870057761,False,176.0,2021-07,LGB_medium,F2
2021-07-11,2021-07-10 16:00:00,2021-07-11 05:00:00,2021-07-11 05:15:00,f081e5b66500fa42ced35b1c88f13e9f605801fdb57f73029681b30b0dfcca4a,20,5,27.0,0,21.8,0.0,0,6,22.658618190580732,False,176.0,2021-07,LGB_medium,F2
2021-07-11,2021-07-10 16:00:00,2021-07-11 05:15:00,2021-07-11 05:30:00,f081e5b66500fa42ced35b1c88f13e9f605801fdb57f73029681b30b0dfcca4a,21,5,24.0,0,21.8,0.0,0,6,23.23908046718252,False,176.0,2021-07,LGB_medium,F2
2021-07-11,2021-07-10 16:00:00,2021-07-11 05:30:00,2021-07-11 05:45:00,f081e5b66500fa42ced35b1c88f13e9f605801fdb57f73029681b30b0dfcca4a,22,5,22.0,0,21.8,0.0,0,6,22.648902905177888,False,176.0,2021-07,LGB_medium,F2
2021-07-11,2021-07-10 16:00:00,2021-07-11 05:45:00,2021-07-11 06:00:00,f081e5b66500fa42ced35b1c88f13e9f605801fdb57f73029681b30b0dfcca4a,23,5,21.0,0,21.8,0.0,0,6,23.709072710941538,False,176.0,2021-07,LGB_medium,F2
2021-07-11,2021-07-10 16:00:00,2021-07-11 06:00:00,2021-07-11 06:15:00,f081e5b66500fa42ced35b1c88f13e9f605801fdb57f73029681b30b0dfcca4a,24,6,22.0,0,23.6,0.0,0,6,23.74186840739549,False,176.0,2021-07,LGB_medium,F2
2021-07-11,2021-07-10 16:00:00,2021-07-11 06:15:00,2021-07-11 06:30:00,f081e5b66500fa42ced35b1c88f13e9f605801fdb57f73029681b30b0dfcca4a,25,6,22.0,0,23.6,0.0,0,6,22.639968993772992,False,176.0,2021-07,LGB_medium,F2
2021-07-11,2021-07-10 16:00:00,2021-07-11 06:30:00,2021-07-11 06:45:00,f081e5b66500fa42ced35b1c88f13e9f605801fdb57f73029681b30b0dfcca4a,26,6,22.0,0,23.6,0.0,0,6,23.146366438365238,False,176.0,2021-07,LGB_medium,F2
2021-07-11,2021-07-10 16:00:00,2021-07-11 06:45:00,2021-07-11 07:00:00,f081e5b66500fa42ced35b1c88f13e9f605801fdb57f73029681b30b0dfcca4a,27,6,22.0,0,23.6,0.0,0,6,22.286079721111324,False,176.0,2021-07,LGB_medium,F2
2021-07-11,2021-07-10 16:00:00,2021-07-11 07:00:00,2021-07-11 07:15:00,f081e5b66500fa42ced35b1c88f13e9f605801fdb57f73029681b30b0dfcca4a,28,7,22.0,0,25.8,0.0,0,6,22.17225504332483,False,176.0,2021-07,LGB_medium,F2
2021-07-11,2021-07-10 16:00:00,2021-07-11 07:15:00,2021-07-11 07:30:00,f081e5b66500fa42ced35b1c88f13e9f605801fdb57f73029681b30b0dfcca4a,29,7,22.0,0,25.8,0.0,0,6,22.744517110771724,False,176.0,2021-07,LGB_medium,F2
2021-07-11,2021-07-10 16:00:00,2021-07-11 07:30:00,2021-07-11 07:45:00,f081e5b66500fa42ced35b1c88f13e9f605801fdb57f73029681b30b0dfcca4a,30,7,22.0,0,25.8,0.0,0,6,23.513622175211292,False,176.0,2021-07,LGB_medium,F2
2021-07-11,2021-07-10 16:00:00,2021-07-11 07:45:00,2021-07-11 08:00:00,f081e5b66500fa42ced35b1c88f13e9f605801fdb57f73029681b30b0dfcca4a,31,7,22.0,0,25.8,0.0,0,6,22.807774809211594,False,176.0,2021-07,LGB_medium,F2
2021-07-11,2021-07-10 16:00:00,2021-07-11 08:00:00,2021-07-11 08:15:00,f081e5b66500fa42ced35b1c88f13e9f605801fdb57f73029681b30b0dfcca4a,32,8,22.0,0,27.3,0.0,0,6,23.378716538871103,False,176.0,2021-07,LGB_medium,F2
2021-07-11,2021-07-10 16:00:00,2021-07-11 08:15:00,2021-07-11 08:30:00,f081e5b66500fa42ced35b1c88f13e9f605801fdb57f73029681b30b0dfcca4a,33,8,27.0,0,27.3,0.0,0,6,26.99891381113719,False,176.0,2021-07,LGB_medium,F2
2021-07-11,2021-07-10 16:00:00,2021-07-11 08:30:00,2021-07-11 08:45:00,f081e5b66500fa42ced35b1c88f13e9f605801fdb57f73029681b30b0dfcca4a,34,8,24.0,0,27.3,0.0,0,6,25.66960342095939,False,176.0,2021-07,LGB_medium,F2
2021-07-11,2021-07-10 16:00:00,2021-07-11 08:45:00,2021-07-11 09:00:00,f081e5b66500fa42ced35b1c88f13e9f605801fdb57f73029681b30b0dfcca4a,35,8,22.0,0,27.3,0.0,0,6,24.47315714346022,False,176.0,2021-07,LGB_medium,F2
2021-07-11,2021-07-10 16:00:00,2021-07-11 09:00:00,2021-07-11 09:15:00,f081e5b66500fa42ced35b1c88f13e9f605801fdb57f73029681b30b0dfcca4a,36,9,22.0,0,29.0,0.0,0,6,22.93963593637707,False,176.0,2021-07,LGB_medium,F2
2021-07-11,2021-07-10 16:00:00,2021-07-11 09:15:00,2021-07-11 09:30:00,f081e5b66500fa42ced35b1c88f13e9f605801fdb57f73029681b30b0dfcca4a,37,9,22.0,0,29.0,0.0,0,6,22.727996237212377,False,176.0,2021-07,LGB_medium,F2
2021-07-11,2021-07-10 16:00:00,2021-07-11 09:30:00,2021-07-11 09:45:00,f081e5b66500fa42ced35b1c88f13e9f605801fdb57f73029681b30b0dfcca4a,38,9,22.0,0,29.0,0.0,0,6,22.727996237212377,False,176.0,2021-07,LGB_medium,F2
2021-07-11,2021-07-10 16:00:00,2021-07-11 09:45:00,2021-07-11 10:00:00,f081e5b66500fa42ced35b1c88f13e9f605801fdb57f73029681b30b0dfcca4a,39,9,22.0,0,29.0,0.0,0,6,22.727996237212377,False,176.0,2021-07,LGB_medium,F2
2021-07-11,2021-07-10 16:00:00,2021-07-11 10:00:00,2021-07-11 10:15:00,f081e5b66500fa42ced35b1c88f13e9f605801fdb57f73029681b30b0dfcca4a,40,10,23.0,0,30.4,0.0,0,6,22.322561907915276,False,176.0,2021-07,LGB_medium,F2
2021-07-11,2021-07-10 16:00:00,2021-07-11 10:15:00,2021-07-11 10:30:00,f081e5b66500fa42ced35b1c88f13e9f605801fdb57f73029681b30b0dfcca4a,41,10,22.0,0,30.4,0.0,0,6,23.456672479426953,False,176.0,2021-07,LGB_medium,F2
2021-07-11,2021-07-10 16:00:00,2021-07-11 10:30:00,2021-07-11 10:45:00,f081e5b66500fa42ced35b1c88f13e9f605801fdb57f73029681b30b0dfcca4a,42,10,23.0,0,30.4,0.0,0,6,24.540158865894792,False,176.0,2021-07,LGB_medium,F2
2021-07-11,2021-07-10 16:00:00,2021-07-11 10:45:00,2021-07-11 11:00:00,f081e5b66500fa42ced35b1c88f13e9f605801fdb57f73029681b30b0dfcca4a,43,10,22.0,0,30.4,0.0,0,6,24.762879239047283,False,176.0,2021-07,LGB_medium,F2
2021-07-11,2021-07-10 16:00:00,2021-07-11 11:00:00,2021-07-11 11:15:00,f081e5b66500fa42ced35b1c88f13e9f605801fdb57f73029681b30b0dfcca4a,44,11,22.0,0,30.8,0.0,0,6,23.695644305117337,False,176.0,2021-07,LGB_medium,F2
2021-07-11,2021-07-10 16:00:00,2021-07-11 11:15:00,2021-07-11 11:30:00,f081e5b66500fa42ced35b1c88f13e9f605801fdb57f73029681b30b0dfcca4a,45,11,26.0,0,30.8,0.0,0,6,23.87285532987966,False,176.0,2021-07,LGB_medium,F2
2021-07-11,2021-07-10 16:00:00,2021-07-11 11:30:00,2021-07-11 11:45:00,f081e5b66500fa42ced35b1c88f13e9f605801fdb57f73029681b30b0dfcca4a,46,11,28.0,0,30.8,0.0,0,6,27.06403588884797,False,176.0,2021-07,LGB_medium,F2
2021-07-11,2021-07-10 16:00:00,2021-07-11 11:45:00,2021-07-11 12:00:00,f081e5b66500fa42ced35b1c88f13e9f605801fdb57f73029681b30b0dfcca4a,47,11,23.0,0,30.8,0.0,0,6,24.32423735790714,False,176.0,2021-07,LGB_medium,F2
2021-07-11,2021-07-10 16:00:00,2021-07-11 12:00:00,2021-07-11 12:15:00,f081e5b66500fa42ced35b1c88f13e9f605801fdb57f73029681b30b0dfcca4a,48,12,23.0,0,31.2,0.0,0,6,22.59305534725922,False,176.0,2021-07,LGB_medium,F2
2021-07-11,2021-07-10 16:00:00,2021-07-11 12:15:00,2021-07-11 12:30:00,f081e5b66500fa42ced35b1c88f13e9f605801fdb57f73029681b30b0dfcca4a,49,12,23.0,0,31.2,0.0,0,6,22.053440424406705,False,176.0,2021-07,LGB_medium,F2
2021-07-11,2021-07-10 16:00:00,2021-07-11 12:30:00,2021-07-11 12:45:00,f081e5b66500fa42ced35b1c88f13e9f605801fdb57f73029681b30b0dfcca4a,50,12,24.0,0,31.2,0.0,0,6,21.995949614636853,False,176.0,2021-07,LGB_medium,F2
2021-07-11,2021-07-10 16:00:00,2021-07-11 12:45:00,2021-07-11 13:00:00,f081e5b66500fa42ced35b1c88f13e9f605801fdb57f73029681b30b0dfcca4a,51,12,22.0,0,31.2,0.0,0,6,22.872558494820126,False,176.0,2021-07,LGB_medium,F2
2021-07-11,2021-07-10 16:00:00,2021-07-11 13:00:00,2021-07-11 13:15:00,f081e5b66500fa42ced35b1c88f13e9f605801fdb57f73029681b30b0dfcca4a,52,13,24.0,0,31.8,0.0,0,6,23.355414965911844,False,176.0,2021-07,LGB_medium,F2
2021-07-11,2021-07-10 16:00:00,2021-07-11 13:15:00,2021-07-11 13:30:00,f081e5b66500fa42ced35b1c88f13e9f605801fdb57f73029681b30b0dfcca4a,53,13,24.0,0,31.8,0.0,0,6,24.817866934020866,False,176.0,2021-07,LGB_medium,F2
2021-07-11,2021-07-10 16:00:00,2021-07-11 13:30:00,2021-07-11 13:45:00,f081e5b66500fa42ced35b1c88f13e9f605801fdb57f73029681b30b0dfcca4a,54,13,23.0,0,31.8,0.0,0,6,24.697251525655407,False,176.0,2021-07,LGB_medium,F2
2021-07-11,2021-07-10 16:00:00,2021-07-11 13:45:00,2021-07-11 14:00:00,f081e5b66500fa42ced35b1c88f13e9f605801fdb57f73029681b30b0dfcca4a,55,13,23.0,0,31.8,0.0,0,6,23.224065519515324,False,176.0,2021-07,LGB_medium,F2
2021-07-11,2021-07-10 16:00:00,2021-07-11 14:00:00,2021-07-11 14:15:00,f081e5b66500fa42ced35b1c88f13e9f605801fdb57f73029681b30b0dfcca4a,56,14,24.0,0,31.3,0.0,0,6,23.123618194089534,False,176.0,2021-07,LGB_medium,F2
2021-07-11,2021-07-10 16:00:00,2021-07-11 14:15:00,2021-07-11 14:30:00,f081e5b66500fa42ced35b1c88f13e9f605801fdb57f73029681b30b0dfcca4a,57,14,24.0,0,31.3,0.0,0,6,24.059189238135716,False,176.0,2021-07,LGB_medium,F2
2021-07-11,2021-07-10 16:00:00,2021-07-11 14:30:00,2021-07-11 14:45:00,f081e5b66500fa42ced35b1c88f13e9f605801fdb57f73029681b30b0dfcca4a,58,14,28.0,0,31.3,0.0,0,6,23.970166610950738,False,176.0,2021-07,LGB_medium,F2
2021-07-11,2021-07-10 16:00:00,2021-07-11 14:45:00,2021-07-11 15:00:00,f081e5b66500fa42ced35b1c88f13e9f605801fdb57f73029681b30b0dfcca4a,59,14,27.0,0,31.3,0.0,0,6,25.3571847485266,False,176.0,2021-07,LGB_medium,F2
2021-07-11,2021-07-10 16:00:00,2021-07-11 15:00:00,2021-07-11 15:15:00,f081e5b66500fa42ced35b1c88f13e9f605801fdb57f73029681b30b0dfcca4a,60,15,24.0,0,28.3,0.0,0,6,23.999991461972183,False,176.0,2021-07,LGB_medium,F2
2021-07-11,2021-07-10 16:00:00,2021-07-11 15:15:00,2021-07-11 15:30:00,f081e5b66500fa42ced35b1c88f13e9f605801fdb57f73029681b30b0dfcca4a,61,15,24.0,0,28.3,0.0,0,6,23.133437749178196,False,176.0,2021-07,LGB_medium,F2
2021-07-11,2021-07-10 16:00:00,2021-07-11 15:30:00,2021-07-11 15:45:00,f081e5b66500fa42ced35b1c88f13e9f605801fdb57f73029681b30b0dfcca4a,62,15,24.0,0,28.3,0.0,0,6,23.70114747652946,False,176.0,2021-07,LGB_medium,F2
2021-07-11,2021-07-10 16:00:00,2021-07-11 15:45:00,2021-07-11 16:00:00,f081e5b66500fa42ced35b1c88f13e9f605801fdb57f73029681b30b0dfcca4a,63,15,24.0,0,28.3,0.0,0,6,24.176648184309517,False,176.0,2021-07,LGB_medium,F2
2021-07-11,2021-07-10 16:00:00,2021-07-11 16:00:00,2021-07-11 16:15:00,f081e5b66500fa42ced35b1c88f13e9f605801fdb57f73029681b30b0dfcca4a,64,16,24.0,0,28.6,0.0,0,6,23.561548482208078,False,176.0,2021-07,LGB_medium,F2
2021-07-11,2021-07-10 16:00:00,2021-07-11 16:15:00,2021-07-11 16:30:00,f081e5b66500fa42ced35b1c88f13e9f605801fdb57f73029681b30b0dfcca4a,65,16,24.0,0,28.6,0.0,0,6,23.14669523117741,False,176.0,2021-07,LGB_medium,F2
2021-07-11,2021-07-10 16:00:00,2021-07-11 16:30:00,2021-07-11 16:45:00,f081e5b66500fa42ced35b1c88f13e9f605801fdb57f73029681b30b0dfcca4a,66,16,24.0,0,28.6,0.0,0,6,23.138928467579547,False,176.0,2021-07,LGB_medium,F2
2021-07-11,2021-07-10 16:00:00,2021-07-11 16:45:00,2021-07-11 17:00:00,f081e5b66500fa42ced35b1c88f13e9f605801fdb57f73029681b30b0dfcca4a,67,16,26.0,0,28.6,0.0,0,6,23.457118463890943,False,176.0,2021-07,LGB_medium,F2
2021-07-11,2021-07-10 16:00:00,2021-07-11 17:00:00,2021-07-11 17:15:00,f081e5b66500fa42ced35b1c88f13e9f605801fdb57f73029681b30b0dfcca4a,68,17,23.0,0,28.7,0.0,0,6,22.25671802640028,False,176.0,2021-07,LGB_medium,F2
2021-07-11,2021-07-10 16:00:00,2021-07-11 17:15:00,2021-07-11 17:30:00,f081e5b66500fa42ced35b1c88f13e9f605801fdb57f73029681b30b0dfcca4a,69,17,23.0,0,28.7,0.0,0,6,22.052485682980777,False,176.0,2021-07,LGB_medium,F2
2021-07-11,2021-07-10 16:00:00,2021-07-11 17:30:00,2021-07-11 17:45:00,f081e5b66500fa42ced35b1c88f13e9f605801fdb57f73029681b30b0dfcca4a,70,17,23.0,0,28.7,0.0,0,6,22.71863061663957,False,176.0,2021-07,LGB_medium,F2
2021-07-11,2021-07-10 16:00:00,2021-07-11 17:45:00,2021-07-11 18:00:00,f081e5b66500fa42ced35b1c88f13e9f605801fdb57f73029681b30b0dfcca4a,71,17,26.0,0,28.7,0.0,0,6,23.54988228743305,False,176.0,2021-07,LGB_medium,F2
2021-07-11,2021-07-10 16:00:00,2021-07-11 18:00:00,2021-07-11 18:15:00,f081e5b66500fa42ced35b1c88f13e9f605801fdb57f73029681b30b0dfcca4a,72,18,26.0,0,27.7,0.0,0,6,24.238091150855492,False,176.0,2021-07,LGB_medium,F2
2021-07-11,2021-07-10 16:00:00,2021-07-11 18:15:00,2021-07-11 18:30:00,f081e5b66500fa42ced35b1c88f13e9f605801fdb57f73029681b30b0dfcca4a,73,18,23.0,0,27.7,0.0,0,6,25.296770339451868,False,176.0,2021-07,LGB_medium,F2
2021-07-11,2021-07-10 16:00:00,2021-07-11 18:30:00,2021-07-11 18:45:00,f081e5b66500fa42ced35b1c88f13e9f605801fdb57f73029681b30b0dfcca4a,74,18,22.0,0,27.7,0.0,0,6,23.184837293826586,False,176.0,2021-07,LGB_medium,F2
2021-07-11,2021-07-10 16:00:00,2021-07-11 18:45:00,2021-07-11 19:00:00,f081e5b66500fa42ced35b1c88f13e9f605801fdb57f73029681b30b0dfcca4a,75,18,22.0,0,27.7,0.0,0,6,23.17553129482949,False,176.0,2021-07,LGB_medium,F2
2021-07-11,2021-07-10 16:00:00,2021-07-11 19:00:00,2021-07-11 19:15:00,f081e5b66500fa42ced35b1c88f13e9f605801fdb57f73029681b30b0dfcca4a,76,19,22.0,0,26.6,0.0,0,6,23.019883080489695,False,176.0,2021-07,LGB_medium,F2
2021-07-11,2021-07-10 16:00:00,2021-07-11 19:15:00,2021-07-11 19:30:00,f081e5b66500fa42ced35b1c88f13e9f605801fdb57f73029681b30b0dfcca4a,77,19,23.0,0,26.6,0.0,0,6,22.29574508329568,False,176.0,2021-07,LGB_medium,F2
2021-07-11,2021-07-10 16:00:00,2021-07-11 19:30:00,2021-07-11 19:45:00,f081e5b66500fa42ced35b1c88f13e9f605801fdb57f73029681b30b0dfcca4a,78,19,22.0,0,26.6,0.0,0,6,22.152892509749307,False,176.0,2021-07,LGB_medium,F2
2021-07-11,2021-07-10 16:00:00,2021-07-11 19:45:00,2021-07-11 20:00:00,f081e5b66500fa42ced35b1c88f13e9f605801fdb57f73029681b30b0dfcca4a,79,19,22.0,0,26.6,0.0,0,6,22.890142809532968,False,176.0,2021-07,LGB_medium,F2
2021-07-11,2021-07-10 16:00:00,2021-07-11 20:00:00,2021-07-11 20:15:00,f081e5b66500fa42ced35b1c88f13e9f605801fdb57f73029681b30b0dfcca4a,80,20,23.0,0,26.7,0.0,0,6,22.23566554531712,False,176.0,2021-07,LGB_medium,F2
2021-07-11,2021-07-10 16:00:00,2021-07-11 20:15:00,2021-07-11 20:30:00,f081e5b66500fa42ced35b1c88f13e9f605801fdb57f73029681b30b0dfcca4a,81,20,23.0,0,26.7,0.0,0,6,22.86116156348502,False,176.0,2021-07,LGB_medium,F2
2021-07-11,2021-07-10 16:00:00,2021-07-11 20:30:00,2021-07-11 20:45:00,f081e5b66500fa42ced35b1c88f13e9f605801fdb57f73029681b30b0dfcca4a,82,20,22.0,0,26.7,0.0,0,6,22.21304586757576,False,176.0,2021-07,LGB_medium,F2
2021-07-11,2021-07-10 16:00:00,2021-07-11 20:45:00,2021-07-11 21:00:00,f081e5b66500fa42ced35b1c88f13e9f605801fdb57f73029681b30b0dfcca4a,83,20,23.0,0,26.7,0.0,0,6,22.21304586757576,False,176.0,2021-07,LGB_medium,F2
2021-07-11,2021-07-10 16:00:00,2021-07-11 21:00:00,2021-07-11 21:15:00,f081e5b66500fa42ced35b1c88f13e9f605801fdb57f73029681b30b0dfcca4a,84,21,26.0,0,26.6,0.0,0,6,23.02232375515892,False,176.0,2021-07,LGB_medium,F2
2021-07-11,2021-07-10 16:00:00,2021-07-11 21:15:00,2021-07-11 21:30:00,f081e5b66500fa42ced35b1c88f13e9f605801fdb57f73029681b30b0dfcca4a,85,21,28.0,0,26.6,0.0,0,6,22.88543781825457,False,176.0,2021-07,LGB_medium,F2
2021-07-11,2021-07-10 16:00:00,2021-07-11 21:30:00,2021-07-11 21:45:00,f081e5b66500fa42ced35b1c88f13e9f605801fdb57f73029681b30b0dfcca4a,86,21,24.0,0,26.6,0.0,0,6,26.49533718169021,False,176.0,2021-07,LGB_medium,F2
2021-07-11,2021-07-10 16:00:00,2021-07-11 21:45:00,2021-07-11 22:00:00,f081e5b66500fa42ced35b1c88f13e9f605801fdb57f73029681b30b0dfcca4a,87,21,23.0,0,26.6,0.0,0,6,23.369936045117118,False,176.0,2021-07,LGB_medium,F2
2021-07-11,2021-07-10 16:00:00,2021-07-11 22:00:00,2021-07-11 22:15:00,f081e5b66500fa42ced35b1c88f13e9f605801fdb57f73029681b30b0dfcca4a,88,22,23.0,0,25.2,0.0,0,6,22.47958248250982,False,176.0,2021-07,LGB_medium,F2
2021-07-11,2021-07-10 16:00:00,2021-07-11 22:15:00,2021-07-11 22:30:00,f081e5b66500fa42ced35b1c88f13e9f605801fdb57f73029681b30b0dfcca4a,89,22,22.0,0,25.2,0.0,0,6,23.24270653043677,False,176.0,2021-07,LGB_medium,F2
2021-07-11,2021-07-10 16:00:00,2021-07-11 22:30:00,2021-07-11 22:45:00,f081e5b66500fa42ced35b1c88f13e9f605801fdb57f73029681b30b0dfcca4a,90,22,24.0,0,25.2,0.0,0,6,23.017062274242793,False,176.0,2021-07,LGB_medium,F2
2021-07-11,2021-07-10 16:00:00,2021-07-11 22:45:00,2021-07-11 23:00:00,f081e5b66500fa42ced35b1c88f13e9f605801fdb57f73029681b30b0dfcca4a,91,22,23.0,0,25.2,0.0,0,6,23.035683529713854,False,176.0,2021-07,LGB_medium,F2
2021-07-11,2021-07-10 16:00:00,2021-07-11 23:00:00,2021-07-11 23:15:00,f081e5b66500fa42ced35b1c88f13e9f605801fdb57f73029681b30b0dfcca4a,92,23,23.0,0,24.5,0.0,0,6,22.49433751126095,False,176.0,2021-07,LGB_medium,F2
2021-07-11,2021-07-10 16:00:00,2021-07-11 23:15:00,2021-07-11 23:30:00,f081e5b66500fa42ced35b1c88f13e9f605801fdb57f73029681b30b0dfcca4a,93,23,22.0,0,24.5,0.0,0,6,22.744752056600404,False,176.0,2021-07,LGB_medium,F2
2021-07-11,2021-07-10 16:00:00,2021-07-11 23:30:00,2021-07-11 23:45:00,f081e5b66500fa42ced35b1c88f13e9f605801fdb57f73029681b30b0dfcca4a,94,23,22.0,0,24.5,0.0,0,6,22.62530435635104,False,176.0,2021-07,LGB_medium,F2
2021-07-11,2021-07-10 16:00:00,2021-07-11 23:45:00,2021-07-12 00:00:00,f081e5b66500fa42ced35b1c88f13e9f605801fdb57f73029681b30b0dfcca4a,95,23,23.0,0,24.5,0.0,0,6,22.23818678899412,False,176.0,2021-07,LGB_medium,F2
2021-07-12,2021-07-11 16:00:00,2021-07-12 00:00:00,2021-07-12 00:15:00,dc2070bafeee3d5b4590839db5b774bf1a95f1bb09b6be8637cc037c0e87bee4,0,0,23.0,0,23.6,0.0,0,0,22.50828054898203,False,176.0,2021-07,LGB_medium,F2
2021-07-12,2021-07-11 16:00:00,2021-07-12 00:15:00,2021-07-12 00:30:00,dc2070bafeee3d5b4590839db5b774bf1a95f1bb09b6be8637cc037c0e87bee4,1,0,26.0,0,23.6,0.0,0,0,22.367152816446243,False,176.0,2021-07,LGB_medium,F2
2021-07-12,2021-07-11 16:00:00,2021-07-12 00:30:00,2021-07-12 00:45:00,dc2070bafeee3d5b4590839db5b774bf1a95f1bb09b6be8637cc037c0e87bee4,2,0,26.0,0,23.6,0.0,0,0,23.166252130341256,False,176.0,2021-07,LGB_medium,F2
2021-07-12,2021-07-11 16:00:00,2021-07-12 00:45:00,2021-07-12 01:00:00,dc2070bafeee3d5b4590839db5b774bf1a95f1bb09b6be8637cc037c0e87bee4,3,0,23.0,0,23.6,0.0,0,0,25.361727269670176,False,176.0,2021-07,LGB_medium,F2
2021-07-12,2021-07-11 16:00:00,2021-07-12 01:00:00,2021-07-12 01:15:00,dc2070bafeee3d5b4590839db5b774bf1a95f1bb09b6be8637cc037c0e87bee4,4,1,23.0,0,23.7,0.0,0,0,22.459250864612223,False,176.0,2021-07,LGB_medium,F2
2021-07-12,2021-07-11 16:00:00,2021-07-12 01:15:00,2021-07-12 01:30:00,dc2070bafeee3d5b4590839db5b774bf1a95f1bb09b6be8637cc037c0e87bee4,5,1,23.0,0,23.7,0.0,0,0,22.758217597340344,False,176.0,2021-07,LGB_medium,F2
2021-07-12,2021-07-11 16:00:00,2021-07-12 01:30:00,2021-07-12 01:45:00,dc2070bafeee3d5b4590839db5b774bf1a95f1bb09b6be8637cc037c0e87bee4,6,1,23.0,0,23.7,0.0,0,0,22.48030445710892,False,176.0,2021-07,LGB_medium,F2
2021-07-12,2021-07-11 16:00:00,2021-07-12 01:45:00,2021-07-12 02:00:00,dc2070bafeee3d5b4590839db5b774bf1a95f1bb09b6be8637cc037c0e87bee4,7,1,22.0,0,23.7,0.0,0,0,21.507202237711375,False,176.0,2021-07,LGB_medium,F2
2021-07-12,2021-07-11 16:00:00,2021-07-12 02:00:00,2021-07-12 02:15:00,dc2070bafeee3d5b4590839db5b774bf1a95f1bb09b6be8637cc037c0e87bee4,8,2,23.0,0,23.5,0.0,0,0,22.286038680686545,False,176.0,2021-07,LGB_medium,F2
2021-07-12,2021-07-11 16:00:00,2021-07-12 02:15:00,2021-07-12 02:30:00,dc2070bafeee3d5b4590839db5b774bf1a95f1bb09b6be8637cc037c0e87bee4,9,2,22.0,0,23.5,0.0,0,0,22.234837867321087,False,176.0,2021-07,LGB_medium,F2
2021-07-12,2021-07-11 16:00:00,2021-07-12 02:30:00,2021-07-12 02:45:00,dc2070bafeee3d5b4590839db5b774bf1a95f1bb09b6be8637cc037c0e87bee4,10,2,23.0,0,23.5,0.0,0,0,21.555627911897382,False,176.0,2021-07,LGB_medium,F2
2021-07-12,2021-07-11 16:00:00,2021-07-12 02:45:00,2021-07-12 03:00:00,dc2070bafeee3d5b4590839db5b774bf1a95f1bb09b6be8637cc037c0e87bee4,11,2,22.0,0,23.5,0.0,0,0,22.317090432130236,False,176.0,2021-07,LGB_medium,F2
2021-07-12,2021-07-11 16:00:00,2021-07-12 03:00:00,2021-07-12 03:15:00,dc2070bafeee3d5b4590839db5b774bf1a95f1bb09b6be8637cc037c0e87bee4,12,3,22.0,0,23.5,0.0,0,0,22.017903335360867,False,176.0,2021-07,LGB_medium,F2
2021-07-12,2021-07-11 16:00:00,2021-07-12 03:15:00,2021-07-12 03:30:00,dc2070bafeee3d5b4590839db5b774bf1a95f1bb09b6be8637cc037c0e87bee4,13,3,23.0,0,23.5,0.0,0,0,22.5602203289681,False,176.0,2021-07,LGB_medium,F2
2021-07-12,2021-07-11 16:00:00,2021-07-12 03:30:00,2021-07-12 03:45:00,dc2070bafeee3d5b4590839db5b774bf1a95f1bb09b6be8637cc037c0e87bee4,14,3,24.0,0,23.5,0.0,0,0,22.61142114233356,False,176.0,2021-07,LGB_medium,F2
2021-07-12,2021-07-11 16:00:00,2021-07-12 03:45:00,2021-07-12 04:00:00,dc2070bafeee3d5b4590839db5b774bf1a95f1bb09b6be8637cc037c0e87bee4,15,3,27.0,0,23.5,0.0,0,0,23.16075320394378,False,176.0,2021-07,LGB_medium,F2
2021-07-12,2021-07-11 16:00:00,2021-07-12 04:00:00,2021-07-12 04:15:00,dc2070bafeee3d5b4590839db5b774bf1a95f1bb09b6be8637cc037c0e87bee4,16,4,23.0,0,23.8,0.0,0,0,23.92075371578435,False,176.0,2021-07,LGB_medium,F2
2021-07-12,2021-07-11 16:00:00,2021-07-12 04:15:00,2021-07-12 04:30:00,dc2070bafeee3d5b4590839db5b774bf1a95f1bb09b6be8637cc037c0e87bee4,17,4,21.0,0,23.8,0.0,0,0,22.5602203289681,False,176.0,2021-07,LGB_medium,F2
2021-07-12,2021-07-11 16:00:00,2021-07-12 04:30:00,2021-07-12 04:45:00,dc2070bafeee3d5b4590839db5b774bf1a95f1bb09b6be8637cc037c0e87bee4,18,4,22.0,0,23.8,0.0,0,0,22.61142114233356,False,176.0,2021-07,LGB_medium,F2
2021-07-12,2021-07-11 16:00:00,2021-07-12 04:45:00,2021-07-12 05:00:00,dc2070bafeee3d5b4590839db5b774bf1a95f1bb09b6be8637cc037c0e87bee4,19,4,22.0,0,23.8,0.0,0,0,22.10119493439928,False,176.0,2021-07,LGB_medium,F2
2021-07-12,2021-07-11 16:00:00,2021-07-12 05:00:00,2021-07-12 05:15:00,dc2070bafeee3d5b4590839db5b774bf1a95f1bb09b6be8637cc037c0e87bee4,20,5,23.0,0,23.8,0.0,0,0,21.770258164042062,False,176.0,2021-07,LGB_medium,F2
2021-07-12,2021-07-11 16:00:00,2021-07-12 05:15:00,2021-07-12 05:30:00,dc2070bafeee3d5b4590839db5b774bf1a95f1bb09b6be8637cc037c0e87bee4,21,5,23.0,0,23.8,0.0,0,0,20.640283462208373,False,176.0,2021-07,LGB_medium,F2
2021-07-12,2021-07-11 16:00:00,2021-07-12 05:30:00,2021-07-12 05:45:00,dc2070bafeee3d5b4590839db5b774bf1a95f1bb09b6be8637cc037c0e87bee4,22,5,23.0,0,23.8,0.0,0,0,20.935041087084134,False,176.0,2021-07,LGB_medium,F2
2021-07-12,2021-07-11 16:00:00,2021-07-12 05:45:00,2021-07-12 06:00:00,dc2070bafeee3d5b4590839db5b774bf1a95f1bb09b6be8637cc037c0e87bee4,23,5,23.0,0,23.8,0.0,0,0,22.084151918537554,False,176.0,2021-07,LGB_medium,F2
2021-07-12,2021-07-11 16:00:00,2021-07-12 06:00:00,2021-07-12 06:15:00,dc2070bafeee3d5b4590839db5b774bf1a95f1bb09b6be8637cc037c0e87bee4,24,6,23.0,0,25.9,0.0,0,0,23.09925671044606,False,176.0,2021-07,LGB_medium,F2
2021-07-12,2021-07-11 16:00:00,2021-07-12 06:15:00,2021-07-12 06:30:00,dc2070bafeee3d5b4590839db5b774bf1a95f1bb09b6be8637cc037c0e87bee4,25,6,23.0,0,25.9,0.0,0,0,22.135352731903016,False,176.0,2021-07,LGB_medium,F2
2021-07-12,2021-07-11 16:00:00,2021-07-12 06:30:00,2021-07-12 06:45:00,dc2070bafeee3d5b4590839db5b774bf1a95f1bb09b6be8637cc037c0e87bee4,26,6,23.0,0,25.9,0.0,0,0,22.248937959547604,False,176.0,2021-07,LGB_medium,F2
2021-07-12,2021-07-11 16:00:00,2021-07-12 06:45:00,2021-07-12 07:00:00,dc2070bafeee3d5b4590839db5b774bf1a95f1bb09b6be8637cc037c0e87bee4,27,6,25.0,0,25.9,0.0,0,0,22.671393693143774,False,176.0,2021-07,LGB_medium,F2
2021-07-12,2021-07-11 16:00:00,2021-07-12 07:00:00,2021-07-12 07:15:00,dc2070bafeee3d5b4590839db5b774bf1a95f1bb09b6be8637cc037c0e87bee4,28,7,31.0,0,25.5,0.0,0,0,29.552145021593525,False,176.0,2021-07,LGB_medium,F2
2021-07-12,2021-07-11 16:00:00,2021-07-12 07:15:00,2021-07-12 07:30:00,dc2070bafeee3d5b4590839db5b774bf1a95f1bb09b6be8637cc037c0e87bee4,29,7,40.0,0,25.5,0.0,0,0,46.581079715450095,False,176.0,2021-07,LGB_medium,F2
2021-07-12,2021-07-11 16:00:00,2021-07-12 07:30:00,2021-07-12 07:45:00,dc2070bafeee3d5b4590839db5b774bf1a95f1bb09b6be8637cc037c0e87bee4,30,7,66.0,0,25.5,0.0,0,0,68.11685532054122,False,176.0,2021-07,LGB_medium,F2
2021-07-12,2021-07-11 16:00:00,2021-07-12 07:45:00,2021-07-12 08:00:00,dc2070bafeee3d5b4590839db5b774bf1a95f1bb09b6be8637cc037c0e87bee4,31,7,123.0,0,25.5,0.0,0,0,107.32287310333075,False,176.0,2021-07,LGB_medium,F2
2021-07-12,2021-07-11 16:00:00,2021-07-12 08:00:00,2021-07-12 08:15:00,dc2070bafeee3d5b4590839db5b774bf1a95f1bb09b6be8637cc037c0e87bee4,32,8,153.0,522,28.4,0.703504043,0,0,146.06727689997152,False,176.0,2021-07,LGB_medium,F2
2021-07-12,2021-07-11 16:00:00,2021-07-12 08:15:00,2021-07-12 08:30:00,dc2070bafeee3d5b4590839db5b774bf1a95f1bb09b6be8637cc037c0e87bee4,33,8,196.0,522,28.4,0.703504043,0,0,173.85164829815105,False,176.0,2021-07,LGB_medium,F2
2021-07-12,2021-07-11 16:00:00,2021-07-12 08:30:00,2021-07-12 08:45:00,dc2070bafeee3d5b4590839db5b774bf1a95f1bb09b6be8637cc037c0e87bee4,34,8,198.0,522,28.4,0.703504043,0,0,184.97187429050587,False,176.0,2021-07,LGB_medium,F2
2021-07-12,2021-07-11 16:00:00,2021-07-12 08:45:00,2021-07-12 09:00:00,dc2070bafeee3d5b4590839db5b774bf1a95f1bb09b6be8637cc037c0e87bee4,35,8,195.0,522,28.4,0.703504043,0,0,183.3904560699056,False,176.0,2021-07,LGB_medium,F2
2021-07-12,2021-07-11 16:00:00,2021-07-12 09:00:00,2021-07-12 09:15:00,dc2070bafeee3d5b4590839db5b774bf1a95f1bb09b6be8637cc037c0e87bee4,36,9,195.0,498,30.3,0.650980392,0,0,176.3043872362366,False,176.0,2021-07,LGB_medium,F2
2021-07-12,2021-07-11 16:00:00,2021-07-12 09:15:00,2021-07-12 09:30:00,dc2070bafeee3d5b4590839db5b774bf1a95f1bb09b6be8637cc037c0e87bee4,37,9,192.0,498,30.3,0.650980392,0,0,175.6746563690577,False,176.0,2021-07,LGB_medium,F2
2021-07-12,2021-07-11 16:00:00,2021-07-12 09:30:00,2021-07-12 09:45:00,dc2070bafeee3d5b4590839db5b774bf1a95f1bb09b6be8637cc037c0e87bee4,38,9,187.0,498,30.3,0.650980392,0,0,170.72874890869264,False,176.0,2021-07,LGB_medium,F2
2021-07-12,2021-07-11 16:00:00,2021-07-12 09:45:00,2021-07-12 10:00:00,dc2070bafeee3d5b4590839db5b774bf1a95f1bb09b6be8637cc037c0e87bee4,39,9,191.0,498,30.3,0.650980392,0,0,170.01141284906677,False,176.0,2021-07,LGB_medium,F2
2021-07-12,2021-07-11 16:00:00,2021-07-12 10:00:00,2021-07-12 10:15:00,dc2070bafeee3d5b4590839db5b774bf1a95f1bb09b6be8637cc037c0e87bee4,40,10,149.0,1883,31.6,2.697707736,0,0,147.89679353372333,False,176.0,2021-07,LGB_medium,F2
2021-07-12,2021-07-11 16:00:00,2021-07-12 10:15:00,2021-07-12 10:30:00,dc2070bafeee3d5b4590839db5b774bf1a95f1bb09b6be8637cc037c0e87bee4,41,10,180.0,1883,31.6,2.697707736,0,0,173.94884261439606,False,176.0,2021-07,LGB_medium,F2
2021-07-12,2021-07-11 16:00:00,2021-07-12 10:30:00,2021-07-12 10:45:00,dc2070bafeee3d5b4590839db5b774bf1a95f1bb09b6be8637cc037c0e87bee4,42,10,183.0,1883,31.6,2.697707736,0,0,172.75532079828162,False,176.0,2021-07,LGB_medium,F2
2021-07-12,2021-07-11 16:00:00,2021-07-12 10:45:00,2021-07-12 11:00:00,dc2070bafeee3d5b4590839db5b774bf1a95f1bb09b6be8637cc037c0e87bee4,43,10,186.0,1883,31.6,2.697707736,0,0,171.75440491584126,False,176.0,2021-07,LGB_medium,F2
2021-07-12,2021-07-11 16:00:00,2021-07-12 11:00:00,2021-07-12 11:15:00,dc2070bafeee3d5b4590839db5b774bf1a95f1bb09b6be8637cc037c0e87bee4,44,11,188.0,1127,31.8,1.518867925,0,0,174.35338007161914,False,176.0,2021-07,LGB_medium,F2
2021-07-12,2021-07-11 16:00:00,2021-07-12 11:15:00,2021-07-12 11:30:00,dc2070bafeee3d5b4590839db5b774bf1a95f1bb09b6be8637cc037c0e87bee4,45,11,187.0,1127,31.8,1.518867925,0,0,175.2897980695447,False,176.0,2021-07,LGB_medium,F2
2021-07-12,2021-07-11 16:00:00,2021-07-12 11:30:00,2021-07-12 11:45:00,dc2070bafeee3d5b4590839db5b774bf1a95f1bb09b6be8637cc037c0e87bee4,46,11,187.0,1127,31.8,1.518867925,0,0,178.98811146078128,False,176.0,2021-07,LGB_medium,F2
2021-07-12,2021-07-11 16:00:00,2021-07-12 11:45:00,2021-07-12 12:00:00,dc2070bafeee3d5b4590839db5b774bf1a95f1bb09b6be8637cc037c0e87bee4,47,11,180.0,1127,31.8,1.518867925,0,0,176.36448117356662,False,176.0,2021-07,LGB_medium,F2
2021-07-12,2021-07-11 16:00:00,2021-07-12 12:00:00,2021-07-12 12:15:00,dc2070bafeee3d5b4590839db5b774bf1a95f1bb09b6be8637cc037c0e87bee4,48,12,134.0,194,32.0,0.422657952,0,0,120.20000938723705,False,176.0,2021-07,LGB_medium,F2
2021-07-12,2021-07-11 16:00:00,2021-07-12 12:15:00,2021-07-12 12:30:00,dc2070bafeee3d5b4590839db5b774bf1a95f1bb09b6be8637cc037c0e87bee4,49,12,115.0,194,32.0,0.422657952,0,0,106.89489316745735,False,176.0,2021-07,LGB_medium,F2
2021-07-12,2021-07-11 16:00:00,2021-07-12 12:30:00,2021-07-12 12:45:00,dc2070bafeee3d5b4590839db5b774bf1a95f1bb09b6be8637cc037c0e87bee4,50,12,107.0,194,32.0,0.422657952,0,0,103.64342125991726,False,176.0,2021-07,LGB_medium,F2
2021-07-12,2021-07-11 16:00:00,2021-07-12 12:45:00,2021-07-12 13:00:00,dc2070bafeee3d5b4590839db5b774bf1a95f1bb09b6be8637cc037c0e87bee4,51,12,103.0,194,32.0,0.422657952,0,0,116.60618113010162,False,176.0,2021-07,LGB_medium,F2
2021-07-12,2021-07-11 16:00:00,2021-07-12 13:00:00,2021-07-12 13:15:00,dc2070bafeee3d5b4590839db5b774bf1a95f1bb09b6be8637cc037c0e87bee4,52,13,146.0,676,31.8,1.013493253,0,0,164.47451314997042,False,176.0,2021-07,LGB_medium,F2
2021-07-12,2021-07-11 16:00:00,2021-07-12 13:15:00,2021-07-12 13:30:00,dc2070bafeee3d5b4590839db5b774bf1a95f1bb09b6be8637cc037c0e87bee4,53,13,169.0,676,31.8,1.013493253,0,0,176.2438761608052,False,176.0,2021-07,LGB_medium,F2
2021-07-12,2021-07-11 16:00:00,2021-07-12 13:30:00,2021-07-12 13:45:00,dc2070bafeee3d5b4590839db5b774bf1a95f1bb09b6be8637cc037c0e87bee4,54,13,178.0,676,31.8,1.013493253,0,0,178.31091893143906,False,176.0,2021-07,LGB_medium,F2
2021-07-12,2021-07-11 16:00:00,2021-07-12 13:45:00,2021-07-12 14:00:00,dc2070bafeee3d5b4590839db5b774bf1a95f1bb09b6be8637cc037c0e87bee4,55,13,174.0,676,31.8,1.013493253,0,0,179.87764376050237,False,176.0,2021-07,LGB_medium,F2
2021-07-12,2021-07-11 16:00:00,2021-07-12 14:00:00,2021-07-12 14:15:00,dc2070bafeee3d5b4590839db5b774bf1a95f1bb09b6be8637cc037c0e87bee4,56,14,177.0,5121,31.4,6.957880435,0,0,174.30549035713415,False,176.0,2021-07,LGB_medium,F2
2021-07-12,2021-07-11 16:00:00,2021-07-12 14:15:00,2021-07-12 14:30:00,dc2070bafeee3d5b4590839db5b774bf1a95f1bb09b6be8637cc037c0e87bee4,57,14,184.0,5121,31.4,6.957880435,0,0,169.9044591723481,False,176.0,2021-07,LGB_medium,F2
2021-07-12,2021-07-11 16:00:00,2021-07-12 14:30:00,2021-07-12 14:45:00,dc2070bafeee3d5b4590839db5b774bf1a95f1bb09b6be8637cc037c0e87bee4,58,14,185.0,5121,31.4,6.957880435,0,0,174.91159380163572,False,176.0,2021-07,LGB_medium,F2
2021-07-12,2021-07-11 16:00:00,2021-07-12 14:45:00,2021-07-12 15:00:00,dc2070bafeee3d5b4590839db5b774bf1a95f1bb09b6be8637cc037c0e87bee4,59,14,190.0,5121,31.4,6.957880435,0,0,175.82752429416578,False,176.0,2021-07,LGB_medium,F2
2021-07-12,2021-07-11 16:00:00,2021-07-12 15:00:00,2021-07-12 15:15:00,dc2070bafeee3d5b4590839db5b774bf1a95f1bb09b6be8637cc037c0e87bee4,60,15,143.0,1018,30.6,1.551829268,0,0,156.75379438776056,False,176.0,2021-07,LGB_medium,F2
2021-07-12,2021-07-11 16:00:00,2021-07-12 15:15:00,2021-07-12 15:30:00,dc2070bafeee3d5b4590839db5b774bf1a95f1bb09b6be8637cc037c0e87bee4,61,15,143.0,1018,30.6,1.551829268,0,0,168.6841100748357,False,176.0,2021-07,LGB_medium,F2
2021-07-12,2021-07-11 16:00:00,2021-07-12 15:30:00,2021-07-12 15:45:00,dc2070bafeee3d5b4590839db5b774bf1a95f1bb09b6be8637cc037c0e87bee4,62,15,182.0,1018,30.6,1.551829268,0,0,179.42625923492375,False,176.0,2021-07,LGB_medium,F2
2021-07-12,2021-07-11 16:00:00,2021-07-12 15:45:00,2021-07-12 16:00:00,dc2070bafeee3d5b4590839db5b774bf1a95f1bb09b6be8637cc037c0e87bee4,63,15,188.0,1018,30.6,1.551829268,0,0,178.06104689028507,False,176.0,2021-07,LGB_medium,F2
2021-07-12,2021-07-11 16:00:00,2021-07-12 16:00:00,2021-07-12 16:15:00,dc2070bafeee3d5b4590839db5b774bf1a95f1bb09b6be8637cc037c0e87bee4,64,16,177.0,1233,29.6,1.774100719,0,0,164.5662116412515,False,176.0,2021-07,LGB_medium,F2
2021-07-12,2021-07-11 16:00:00,2021-07-12 16:15:00,2021-07-12 16:30:00,dc2070bafeee3d5b4590839db5b774bf1a95f1bb09b6be8637cc037c0e87bee4,65,16,164.0,1233,29.6,1.774100719,0,0,161.27666644473538,False,176.0,2021-07,LGB_medium,F2
2021-07-12,2021-07-11 16:00:00,2021-07-12 16:30:00,2021-07-12 16:45:00,dc2070bafeee3d5b4590839db5b774bf1a95f1bb09b6be8637cc037c0e87bee4,66,16,177.0,1233,29.6,1.774100719,0,0,157.5042005114145,False,176.0,2021-07,LGB_medium,F2
2021-07-12,2021-07-11 16:00:00,2021-07-12 16:45:00,2021-07-12 17:00:00,dc2070bafeee3d5b4590839db5b774bf1a95f1bb09b6be8637cc037c0e87bee4,67,16,177.0,1233,29.6,1.774100719,0,0,162.62530161099812,False,176.0,2021-07,LGB_medium,F2
2021-07-12,2021-07-11 16:00:00,2021-07-12 17:00:00,2021-07-12 17:15:00,dc2070bafeee3d5b4590839db5b774bf1a95f1bb09b6be8637cc037c0e87bee4,68,17,125.0,509,29.7,0.925454545,0,0,125.64623696435288,False,176.0,2021-07,LGB_medium,F2
2021-07-12,2021-07-11 16:00:00,2021-07-12 17:15:00,2021-07-12 17:30:00,dc2070bafeee3d5b4590839db5b774bf1a95f1bb09b6be8637cc037c0e87bee4,69,17,105.0,509,29.7,0.925454545,0,0,119.24077143258948,False,176.0,2021-07,LGB_medium,F2
2021-07-12,2021-07-11 16:00:00,2021-07-12 17:30:00,2021-07-12 17:45:00,dc2070bafeee3d5b4590839db5b774bf1a95f1bb09b6be8637cc037c0e87bee4,70,17,147.0,509,29.7,0.925454545,0,0,149.5501760222115,False,176.0,2021-07,LGB_medium,F2
2021-07-12,2021-07-11 16:00:00,2021-07-12 17:45:00,2021-07-12 18:00:00,dc2070bafeee3d5b4590839db5b774bf1a95f1bb09b6be8637cc037c0e87bee4,71,17,173.0,509,29.7,0.925454545,0,0,165.74467318734423,False,176.0,2021-07,LGB_medium,F2
2021-07-12,2021-07-11 16:00:00,2021-07-12 18:00:00,2021-07-12 18:15:00,dc2070bafeee3d5b4590839db5b774bf1a95f1bb09b6be8637cc037c0e87bee4,72,18,164.0,1047,28.0,1.667197452,0,0,172.1983702193119,False,176.0,2021-07,LGB_medium,F2
2021-07-12,2021-07-11 16:00:00,2021-07-12 18:15:00,2021-07-12 18:30:00,dc2070bafeee3d5b4590839db5b774bf1a95f1bb09b6be8637cc037c0e87bee4,73,18,153.0,1047,28.0,1.667197452,0,0,172.7138577595601,False,176.0,2021-07,LGB_medium,F2
2021-07-12,2021-07-11 16:00:00,2021-07-12 18:30:00,2021-07-12 18:45:00,dc2070bafeee3d5b4590839db5b774bf1a95f1bb09b6be8637cc037c0e87bee4,74,18,162.0,1047,28.0,1.667197452,0,0,163.11051486856545,False,176.0,2021-07,LGB_medium,F2
2021-07-12,2021-07-11 16:00:00,2021-07-12 18:45:00,2021-07-12 19:00:00,dc2070bafeee3d5b4590839db5b774bf1a95f1bb09b6be8637cc037c0e87bee4,75,18,149.0,1047,28.0,1.667197452,0,0,162.76036195984156,False,176.0,2021-07,LGB_medium,F2
2021-07-12,2021-07-11 16:00:00,2021-07-12 19:00:00,2021-07-12 19:15:00,dc2070bafeee3d5b4590839db5b774bf1a95f1bb09b6be8637cc037c0e87bee4,76,19,158.0,2885,27.0,4.601275917,0,0,158.92336474387406,False,176.0,2021-07,LGB_medium,F2
2021-07-12,2021-07-11 16:00:00,2021-07-12 19:15:00,2021-07-12 19:30:00,dc2070bafeee3d5b4590839db5b774bf1a95f1bb09b6be8637cc037c0e87bee4,77,19,175.0,2885,27.0,4.601275917,0,0,154.31233554667583,False,176.0,2021-07,LGB_medium,F2
2021-07-12,2021-07-11 16:00:00,2021-07-12 19:30:00,2021-07-12 19:45:00,dc2070bafeee3d5b4590839db5b774bf1a95f1bb09b6be8637cc037c0e87bee4,78,19,165.0,2885,27.0,4.601275917,0,0,152.4747523240285,False,176.0,2021-07,LGB_medium,F2
2021-07-12,2021-07-11 16:00:00,2021-07-12 19:45:00,2021-07-12 20:00:00,dc2070bafeee3d5b4590839db5b774bf1a95f1bb09b6be8637cc037c0e87bee4,79,19,129.0,2885,27.0,4.601275917,0,0,121.85952911714934,False,176.0,2021-07,LGB_medium,F2
2021-07-12,2021-07-11 16:00:00,2021-07-12 20:00:00,2021-07-12 20:15:00,dc2070bafeee3d5b4590839db5b774bf1a95f1bb09b6be8637cc037c0e87bee4,80,20,117.0,6,27.0,0.012024048,0,0,115.4581025110905,False,176.0,2021-07,LGB_medium,F2
2021-07-12,2021-07-11 16:00:00,2021-07-12 20:15:00,2021-07-12 20:30:00,dc2070bafeee3d5b4590839db5b774bf1a95f1bb09b6be8637cc037c0e87bee4,81,20,119.0,6,27.0,0.012024048,0,0,115.95901123544147,False,176.0,2021-07,LGB_medium,F2
2021-07-12,2021-07-11 16:00:00,2021-07-12 20:30:00,2021-07-12 20:45:00,dc2070bafeee3d5b4590839db5b774bf1a95f1bb09b6be8637cc037c0e87bee4,82,20,136.0,6,27.0,0.012024048,0,0,121.72318932538025,False,176.0,2021-07,LGB_medium,F2
2021-07-12,2021-07-11 16:00:00,2021-07-12 20:45:00,2021-07-12 21:00:00,dc2070bafeee3d5b4590839db5b774bf1a95f1bb09b6be8637cc037c0e87bee4,83,20,127.0,6,27.0,0.012024048,0,0,123.95800712025385,False,176.0,2021-07,LGB_medium,F2
2021-07-12,2021-07-11 16:00:00,2021-07-12 21:00:00,2021-07-12 21:15:00,dc2070bafeee3d5b4590839db5b774bf1a95f1bb09b6be8637cc037c0e87bee4,84,21,119.0,217,26.3,0.453974895,0,0,121.81033017887134,False,176.0,2021-07,LGB_medium,F2
2021-07-12,2021-07-11 16:00:00,2021-07-12 21:15:00,2021-07-12 21:30:00,dc2070bafeee3d5b4590839db5b774bf1a95f1bb09b6be8637cc037c0e87bee4,85,21,133.0,217,26.3,0.453974895,0,0,121.11106120520702,False,176.0,2021-07,LGB_medium,F2
2021-07-12,2021-07-11 16:00:00,2021-07-12 21:30:00,2021-07-12 21:45:00,dc2070bafeee3d5b4590839db5b774bf1a95f1bb09b6be8637cc037c0e87bee4,86,21,120.0,217,26.3,0.453974895,0,0,116.21894248321419,False,176.0,2021-07,LGB_medium,F2
2021-07-12,2021-07-11 16:00:00,2021-07-12 21:45:00,2021-07-12 22:00:00,dc2070bafeee3d5b4590839db5b774bf1a95f1bb09b6be8637cc037c0e87bee4,87,21,106.0,217,26.3,0.453974895,0,0,115.14107809356116,False,176.0,2021-07,LGB_medium,F2
2021-07-12,2021-07-11 16:00:00,2021-07-12 22:00:00,2021-07-12 22:15:00,dc2070bafeee3d5b4590839db5b774bf1a95f1bb09b6be8637cc037c0e87bee4,88,22,104.0,28,25.8,0.060606061,0,0,99.10470430215435,False,176.0,2021-07,LGB_medium,F2
2021-07-12,2021-07-11 16:00:00,2021-07-12 22:15:00,2021-07-12 22:30:00,dc2070bafeee3d5b4590839db5b774bf1a95f1bb09b6be8637cc037c0e87bee4,89,22,120.0,28,25.8,0.060606061,0,0,105.63700373507938,False,176.0,2021-07,LGB_medium,F2
2021-07-12,2021-07-11 16:00:00,2021-07-12 22:30:00,2021-07-12 22:45:00,dc2070bafeee3d5b4590839db5b774bf1a95f1bb09b6be8637cc037c0e87bee4,90,22,125.0,28,25.8,0.060606061,0,0,112.21639497617348,False,176.0,2021-07,LGB_medium,F2
2021-07-12,2021-07-11 16:00:00,2021-07-12 22:45:00,2021-07-12 23:00:00,dc2070bafeee3d5b4590839db5b774bf1a95f1bb09b6be8637cc037c0e87bee4,91,22,113.0,28,25.8,0.060606061,0,0,117.77377491004081,False,176.0,2021-07,LGB_medium,F2
2021-07-12,2021-07-11 16:00:00,2021-07-12 23:00:00,2021-07-12 23:15:00,dc2070bafeee3d5b4590839db5b774bf1a95f1bb09b6be8637cc037c0e87bee4,92,23,112.0,79,25.3,0.192214112,0,0,119.07101621611373,False,176.0,2021-07,LGB_medium,F2
2021-07-12,2021-07-11 16:00:00,2021-07-12 23:15:00,2021-07-12 23:30:00,dc2070bafeee3d5b4590839db5b774bf1a95f1bb09b6be8637cc037c0e87bee4,93,23,115.0,79,25.3,0.192214112,0,0,111.85190583323585,False,176.0,2021-07,LGB_medium,F2
2021-07-12,2021-07-11 16:00:00,2021-07-12 23:30:00,2021-07-12 23:45:00,dc2070bafeee3d5b4590839db5b774bf1a95f1bb09b6be8637cc037c0e87bee4,94,23,105.0,79,25.3,0.192214112,0,0,106.03912555338113,False,176.0,2021-07,LGB_medium,F2
2021-07-12,2021-07-11 16:00:00,2021-07-12 23:45:00,2021-07-13 00:00:00,dc2070bafeee3d5b4590839db5b774bf1a95f1bb09b6be8637cc037c0e87bee4,95,23,79.0,79,25.3,0.192214112,0,0,81.77609627413065,False,176.0,2021-07,LGB_medium,F2
2021-07-14,2021-07-13 16:00:00,2021-07-14 00:00:00,2021-07-14 00:15:00,bd20b52bd77c9eaf41494db9c761093acb96a6188658527ed298117049dccbc4,0,0,75.0,327,26.3,1.12371134,0,2,57.371129661381225,False,176.0,2021-07,LGB_medium,F2
2021-07-14,2021-07-13 16:00:00,2021-07-14 00:15:00,2021-07-14 00:30:00,bd20b52bd77c9eaf41494db9c761093acb96a6188658527ed298117049dccbc4,1,0,71.0,327,26.3,1.12371134,0,2,61.337814856464384,False,176.0,2021-07,LGB_medium,F2
2021-07-14,2021-07-13 16:00:00,2021-07-14 00:30:00,2021-07-14 00:45:00,bd20b52bd77c9eaf41494db9c761093acb96a6188658527ed298117049dccbc4,2,0,73.0,327,26.3,1.12371134,0,2,52.38375444320354,False,176.0,2021-07,LGB_medium,F2
2021-07-14,2021-07-13 16:00:00,2021-07-14 00:45:00,2021-07-14 01:00:00,bd20b52bd77c9eaf41494db9c761093acb96a6188658527ed298117049dccbc4,3,0,72.0,327,26.3,1.12371134,0,2,52.886311735470066,False,176.0,2021-07,LGB_medium,F2
2021-07-14,2021-07-13 16:00:00,2021-07-14 01:00:00,2021-07-14 01:15:00,bd20b52bd77c9eaf41494db9c761093acb96a6188658527ed298117049dccbc4,4,1,90.0,166,26.1,0.406862745,0,2,72.4355389448607,False,176.0,2021-07,LGB_medium,F2
2021-07-14,2021-07-13 16:00:00,2021-07-14 01:15:00,2021-07-14 01:30:00,bd20b52bd77c9eaf41494db9c761093acb96a6188658527ed298117049dccbc4,5,1,112.0,166,26.1,0.406862745,0,2,90.87833216810068,False,176.0,2021-07,LGB_medium,F2
2021-07-14,2021-07-13 16:00:00,2021-07-14 01:30:00,2021-07-14 01:45:00,bd20b52bd77c9eaf41494db9c761093acb96a6188658527ed298117049dccbc4,6,1,107.0,166,26.1,0.406862745,0,2,98.21937409803044,False,176.0,2021-07,LGB_medium,F2
2021-07-14,2021-07-13 16:00:00,2021-07-14 01:45:00,2021-07-14 02:00:00,bd20b52bd77c9eaf41494db9c761093acb96a6188658527ed298117049dccbc4,7,1,99.0,166,26.1,0.406862745,0,2,99.13206865100945,False,176.0,2021-07,LGB_medium,F2
2021-07-14,2021-07-13 16:00:00,2021-07-14 02:00:00,2021-07-14 02:15:00,bd20b52bd77c9eaf41494db9c761093acb96a6188658527ed298117049dccbc4,8,2,109.0,354,25.7,0.840855107,0,2,98.35293924723656,False,176.0,2021-07,LGB_medium,F2
2021-07-14,2021-07-13 16:00:00,2021-07-14 02:15:00,2021-07-14 02:30:00,bd20b52bd77c9eaf41494db9c761093acb96a6188658527ed298117049dccbc4,9,2,108.0,354,25.7,0.840855107,0,2,97.71092335347036,False,176.0,2021-07,LGB_medium,F2
2021-07-14,2021-07-13 16:00:00,2021-07-14 02:30:00,2021-07-14 02:45:00,bd20b52bd77c9eaf41494db9c761093acb96a6188658527ed298117049dccbc4,10,2,107.0,354,25.7,0.840855107,0,2,97.94233699308349,False,176.0,2021-07,LGB_medium,F2
2021-07-14,2021-07-13 16:00:00,2021-07-14 02:45:00,2021-07-14 03:00:00,bd20b52bd77c9eaf41494db9c761093acb96a6188658527ed298117049dccbc4,11,2,97.0,354,25.7,0.840855107,0,2,95.63252299795555,False,176.0,2021-07,LGB_medium,F2
2021-07-14,2021-07-13 16:00:00,2021-07-14 03:00:00,2021-07-14 03:15:00,bd20b52bd77c9eaf41494db9c761093acb96a6188658527ed298117049dccbc4,12,3,86.0,111,25.6,0.271393643,0,2,95.74389708990446,False,176.0,2021-07,LGB_medium,F2
2021-07-14,2021-07-13 16:00:00,2021-07-14 03:15:00,2021-07-14 03:30:00,bd20b52bd77c9eaf41494db9c761093acb96a6188658527ed298117049dccbc4,13,3,100.0,111,25.6,0.271393643,0,2,98.58876008662813,False,176.0,2021-07,LGB_medium,F2
2021-07-14,2021-07-13 16:00:00,2021-07-14 03:30:00,2021-07-14 03:45:00,bd20b52bd77c9eaf41494db9c761093acb96a6188658527ed298117049dccbc4,14,3,114.0,111,25.6,0.271393643,0,2,103.12462470319718,False,176.0,2021-07,LGB_medium,F2
2021-07-14,2021-07-13 16:00:00,2021-07-14 03:45:00,2021-07-14 04:00:00,bd20b52bd77c9eaf41494db9c761093acb96a6188658527ed298117049dccbc4,15,3,109.0,111,25.6,0.271393643,0,2,99.1871412542959,False,176.0,2021-07,LGB_medium,F2
2021-07-14,2021-07-13 16:00:00,2021-07-14 04:00:00,2021-07-14 04:15:00,bd20b52bd77c9eaf41494db9c761093acb96a6188658527ed298117049dccbc4,16,4,106.0,66,24.3,0.156769596,0,2,99.12622203343359,False,176.0,2021-07,LGB_medium,F2
2021-07-14,2021-07-13 16:00:00,2021-07-14 04:15:00,2021-07-14 04:30:00,bd20b52bd77c9eaf41494db9c761093acb96a6188658527ed298117049dccbc4,17,4,107.0,66,24.3,0.156769596,0,2,96.44340767150766,False,176.0,2021-07,LGB_medium,F2
2021-07-14,2021-07-13 16:00:00,2021-07-14 04:30:00,2021-07-14 04:45:00,bd20b52bd77c9eaf41494db9c761093acb96a6188658527ed298117049dccbc4,18,4,105.0,66,24.3,0.156769596,0,2,96.1041668047215,False,176.0,2021-07,LGB_medium,F2
2021-07-14,2021-07-13 16:00:00,2021-07-14 04:45:00,2021-07-14 05:00:00,bd20b52bd77c9eaf41494db9c761093acb96a6188658527ed298117049dccbc4,19,4,103.0,66,24.3,0.156769596,0,2,96.30614554082295,False,176.0,2021-07,LGB_medium,F2
2021-07-14,2021-07-13 16:00:00,2021-07-14 05:00:00,2021-07-14 05:15:00,bd20b52bd77c9eaf41494db9c761093acb96a6188658527ed298117049dccbc4,20,5,81.0,0,25.3,0.0,0,2,86.39809753853096,False,176.0,2021-07,LGB_medium,F2
2021-07-14,2021-07-13 16:00:00,2021-07-14 05:15:00,2021-07-14 05:30:00,bd20b52bd77c9eaf41494db9c761093acb96a6188658527ed298117049dccbc4,21,5,73.0,0,25.3,0.0,0,2,69.37276426183253,False,176.0,2021-07,LGB_medium,F2
2021-07-14,2021-07-13 16:00:00,2021-07-14 05:30:00,2021-07-14 05:45:00,bd20b52bd77c9eaf41494db9c761093acb96a6188658527ed298117049dccbc4,22,5,88.0,0,25.3,0.0,0,2,90.20321021757275,False,176.0,2021-07,LGB_medium,F2
2021-07-14,2021-07-13 16:00:00,2021-07-14 05:45:00,2021-07-14 06:00:00,bd20b52bd77c9eaf41494db9c761093acb96a6188658527ed298117049dccbc4,23,5,115.0,0,25.3,0.0,0,2,95.08225915969388,False,176.0,2021-07,LGB_medium,F2
2021-07-14,2021-07-13 16:00:00,2021-07-14 06:00:00,2021-07-14 06:15:00,bd20b52bd77c9eaf41494db9c761093acb96a6188658527ed298117049dccbc4,24,6,112.0,45,27.4,0.106635071,0,2,95.7758341988803,False,176.0,2021-07,LGB_medium,F2
2021-07-14,2021-07-13 16:00:00,2021-07-14 06:15:00,2021-07-14 06:30:00,bd20b52bd77c9eaf41494db9c761093acb96a6188658527ed298117049dccbc4,25,6,100.0,45,27.4,0.106635071,0,2,98.45258194030441,False,176.0,2021-07,LGB_medium,F2
2021-07-14,2021-07-13 16:00:00,2021-07-14 06:30:00,2021-07-14 06:45:00,bd20b52bd77c9eaf41494db9c761093acb96a6188658527ed298117049dccbc4,26,6,100.0,45,27.4,0.106635071,0,2,94.2220024285114,False,176.0,2021-07,LGB_medium,F2
2021-07-14,2021-07-13 16:00:00,2021-07-14 06:45:00,2021-07-14 07:00:00,bd20b52bd77c9eaf41494db9c761093acb96a6188658527ed298117049dccbc4,27,6,110.0,45,27.4,0.106635071,0,2,93.96269833881361,False,176.0,2021-07,LGB_medium,F2
2021-07-14,2021-07-13 16:00:00,2021-07-14 07:00:00,2021-07-14 07:15:00,bd20b52bd77c9eaf41494db9c761093acb96a6188658527ed298117049dccbc4,28,7,111.0,582,28.9,1.102272727,0,2,93.33702567126541,False,176.0,2021-07,LGB_medium,F2
2021-07-14,2021-07-13 16:00:00,2021-07-14 07:15:00,2021-07-14 07:30:00,bd20b52bd77c9eaf41494db9c761093acb96a6188658527ed298117049dccbc4,29,7,126.0,582,28.9,1.102272727,0,2,102.04066949534248,False,176.0,2021-07,LGB_medium,F2
2021-07-14,2021-07-13 16:00:00,2021-07-14 07:30:00,2021-07-14 07:45:00,bd20b52bd77c9eaf41494db9c761093acb96a6188658527ed298117049dccbc4,30,7,154.0,582,28.9,1.102272727,0,2,133.2657515253441,False,176.0,2021-07,LGB_medium,F2
2021-07-14,2021-07-13 16:00:00,2021-07-14 07:45:00,2021-07-14 08:00:00,bd20b52bd77c9eaf41494db9c761093acb96a6188658527ed298117049dccbc4,31,7,137.0,582,28.9,1.102272727,0,2,141.57845934173653,False,176.0,2021-07,LGB_medium,F2
2021-07-14,2021-07-13 16:00:00,2021-07-14 08:00:00,2021-07-14 08:15:00,bd20b52bd77c9eaf41494db9c761093acb96a6188658527ed298117049dccbc4,32,8,157.0,530,29.4,0.741258741,0,2,162.90925882911472,False,176.0,2021-07,LGB_medium,F2
2021-07-14,2021-07-13 16:00:00,2021-07-14 08:15:00,2021-07-14 08:30:00,bd20b52bd77c9eaf41494db9c761093acb96a6188658527ed298117049dccbc4,33,8,186.0,530,29.4,0.741258741,0,2,177.54776454013685,False,176.0,2021-07,LGB_medium,F2
2021-07-14,2021-07-13 16:00:00,2021-07-14 08:30:00,2021-07-14 08:45:00,bd20b52bd77c9eaf41494db9c761093acb96a6188658527ed298117049dccbc4,34,8,186.0,530,29.4,0.741258741,0,2,180.3836278922964,False,176.0,2021-07,LGB_medium,F2
2021-07-14,2021-07-13 16:00:00,2021-07-14 08:45:00,2021-07-14 09:00:00,bd20b52bd77c9eaf41494db9c761093acb96a6188658527ed298117049dccbc4,35,8,186.0,530,29.4,0.741258741,0,2,182.72933611368657,False,176.0,2021-07,LGB_medium,F2
2021-07-14,2021-07-13 16:00:00,2021-07-14 09:00:00,2021-07-14 09:15:00,bd20b52bd77c9eaf41494db9c761093acb96a6188658527ed298117049dccbc4,36,9,177.0,1304,30.2,1.762162162,0,2,172.4794147581038,False,176.0,2021-07,LGB_medium,F2
2021-07-14,2021-07-13 16:00:00,2021-07-14 09:15:00,2021-07-14 09:30:00,bd20b52bd77c9eaf41494db9c761093acb96a6188658527ed298117049dccbc4,37,9,180.0,1304,30.2,1.762162162,0,2,171.1810199771331,False,176.0,2021-07,LGB_medium,F2
2021-07-14,2021-07-13 16:00:00,2021-07-14 09:30:00,2021-07-14 09:45:00,bd20b52bd77c9eaf41494db9c761093acb96a6188658527ed298117049dccbc4,38,9,195.0,1304,30.2,1.762162162,0,2,168.2960764423882,False,176.0,2021-07,LGB_medium,F2
2021-07-14,2021-07-13 16:00:00,2021-07-14 09:45:00,2021-07-14 10:00:00,bd20b52bd77c9eaf41494db9c761093acb96a6188658527ed298117049dccbc4,39,9,188.0,1304,30.2,1.762162162,0,2,168.49307046310255,False,176.0,2021-07,LGB_medium,F2
2021-07-14,2021-07-13 16:00:00,2021-07-14 10:00:00,2021-07-14 10:15:00,bd20b52bd77c9eaf41494db9c761093acb96a6188658527ed298117049dccbc4,40,10,158.0,1851,30.4,2.651862464,0,2,154.01763361030032,False,176.0,2021-07,LGB_medium,F2
2021-07-14,2021-07-13 16:00:00,2021-07-14 10:15:00,2021-07-14 10:30:00,bd20b52bd77c9eaf41494db9c761093acb96a6188658527ed298117049dccbc4,41,10,182.0,1851,30.4,2.651862464,0,2,168.72860322946013,False,176.0,2021-07,LGB_medium,F2
2021-07-14,2021-07-13 16:00:00,2021-07-14 10:30:00,2021-07-14 10:45:00,bd20b52bd77c9eaf41494db9c761093acb96a6188658527ed298117049dccbc4,42,10,185.0,1851,30.4,2.651862464,0,2,168.99856390454565,False,176.0,2021-07,LGB_medium,F2
2021-07-14,2021-07-13 16:00:00,2021-07-14 10:45:00,2021-07-14 11:00:00,bd20b52bd77c9eaf41494db9c761093acb96a6188658527ed298117049dccbc4,43,10,173.0,1851,30.4,2.651862464,0,2,167.71166245999896,False,176.0,2021-07,LGB_medium,F2
2021-07-14,2021-07-13 16:00:00,2021-07-14 11:00:00,2021-07-14 11:15:00,bd20b52bd77c9eaf41494db9c761093acb96a6188658527ed298117049dccbc4,44,11,182.0,1796,30.4,2.423751687,0,2,164.89327524740264,False,176.0,2021-07,LGB_medium,F2
2021-07-14,2021-07-13 16:00:00,2021-07-14 11:15:00,2021-07-14 11:30:00,bd20b52bd77c9eaf41494db9c761093acb96a6188658527ed298117049dccbc4,45,11,193.0,1796,30.4,2.423751687,0,2,165.09889985506626,False,176.0,2021-07,LGB_medium,F2
2021-07-14,2021-07-13 16:00:00,2021-07-14 11:30:00,2021-07-14 11:45:00,bd20b52bd77c9eaf41494db9c761093acb96a6188658527ed298117049dccbc4,46,11,189.0,1796,30.4,2.423751687,0,2,165.75968376862141,False,176.0,2021-07,LGB_medium,F2
2021-07-14,2021-07-13 16:00:00,2021-07-14 11:45:00,2021-07-14 12:00:00,bd20b52bd77c9eaf41494db9c761093acb96a6188658527ed298117049dccbc4,47,11,177.0,1796,30.4,2.423751687,0,2,167.04186715455106,False,176.0,2021-07,LGB_medium,F2
2021-07-14,2021-07-13 16:00:00,2021-07-14 12:00:00,2021-07-14 12:15:00,bd20b52bd77c9eaf41494db9c761093acb96a6188658527ed298117049dccbc4,48,12,110.0,88,31.5,0.221662469,0,2,122.08290804319269,False,176.0,2021-07,LGB_medium,F2
2021-07-14,2021-07-13 16:00:00,2021-07-14 12:15:00,2021-07-14 12:30:00,bd20b52bd77c9eaf41494db9c761093acb96a6188658527ed298117049dccbc4,49,12,94.0,88,31.5,0.221662469,0,2,104.55671227859075,False,176.0,2021-07,LGB_medium,F2
2021-07-14,2021-07-13 16:00:00,2021-07-14 12:30:00,2021-07-14 12:45:00,bd20b52bd77c9eaf41494db9c761093acb96a6188658527ed298117049dccbc4,50,12,96.0,88,31.5,0.221662469,0,2,104.49105694901512,False,176.0,2021-07,LGB_medium,F2
2021-07-14,2021-07-13 16:00:00,2021-07-14 12:45:00,2021-07-14 13:00:00,bd20b52bd77c9eaf41494db9c761093acb96a6188658527ed298117049dccbc4,51,12,97.0,88,31.5,0.221662469,0,2,108.63570427572076,False,176.0,2021-07,LGB_medium,F2
2021-07-14,2021-07-13 16:00:00,2021-07-14 13:00:00,2021-07-14 13:15:00,bd20b52bd77c9eaf41494db9c761093acb96a6188658527ed298117049dccbc4,52,13,143.0,1564,31.4,2.358974359,0,2,155.39947199765328,False,176.0,2021-07,LGB_medium,F2
2021-07-14,2021-07-13 16:00:00,2021-07-14 13:15:00,2021-07-14 13:30:00,bd20b52bd77c9eaf41494db9c761093acb96a6188658527ed298117049dccbc4,53,13,179.0,1564,31.4,2.358974359,0,2,170.04162873562566,False,176.0,2021-07,LGB_medium,F2
2021-07-14,2021-07-13 16:00:00,2021-07-14 13:30:00,2021-07-14 13:45:00,bd20b52bd77c9eaf41494db9c761093acb96a6188658527ed298117049dccbc4,54,13,168.0,1564,31.4,2.358974359,0,2,169.22035685773213,False,176.0,2021-07,LGB_medium,F2
2021-07-14,2021-07-13 16:00:00,2021-07-14 13:45:00,2021-07-14 14:00:00,bd20b52bd77c9eaf41494db9c761093acb96a6188658527ed298117049dccbc4,55,13,173.0,1564,31.4,2.358974359,0,2,172.38206008122262,False,176.0,2021-07,LGB_medium,F2
2021-07-14,2021-07-13 16:00:00,2021-07-14 14:00:00,2021-07-14 14:15:00,bd20b52bd77c9eaf41494db9c761093acb96a6188658527ed298117049dccbc4,56,14,186.0,1154,32.1,1.623066104,0,2,170.69013140015298,False,176.0,2021-07,LGB_medium,F2
2021-07-14,2021-07-13 16:00:00,2021-07-14 14:15:00,2021-07-14 14:30:00,bd20b52bd77c9eaf41494db9c761093acb96a6188658527ed298117049dccbc4,57,14,176.0,1154,32.1,1.623066104,0,2,166.98332440462812,False,176.0,2021-07,LGB_medium,F2
2021-07-14,2021-07-13 16:00:00,2021-07-14 14:30:00,2021-07-14 14:45:00,bd20b52bd77c9eaf41494db9c761093acb96a6188658527ed298117049dccbc4,58,14,170.0,1154,32.1,1.623066104,0,2,167.0151285569193,False,176.0,2021-07,LGB_medium,F2
2021-07-14,2021-07-13 16:00:00,2021-07-14 14:45:00,2021-07-14 15:00:00,bd20b52bd77c9eaf41494db9c761093acb96a6188658527ed298117049dccbc4,59,14,179.0,1154,32.1,1.623066104,0,2,167.5662489523248,False,176.0,2021-07,LGB_medium,F2
2021-07-14,2021-07-13 16:00:00,2021-07-14 15:00:00,2021-07-14 15:15:00,bd20b52bd77c9eaf41494db9c761093acb96a6188658527ed298117049dccbc4,60,15,141.0,587,30.9,1.095149254,0,2,138.78324450188373,False,176.0,2021-07,LGB_medium,F2
2021-07-14,2021-07-13 16:00:00,2021-07-14 15:15:00,2021-07-14 15:30:00,bd20b52bd77c9eaf41494db9c761093acb96a6188658527ed298117049dccbc4,61,15,123.0,587,30.9,1.095149254,0,2,157.898843738671,False,176.0,2021-07,LGB_medium,F2
2021-07-14,2021-07-13 16:00:00,2021-07-14 15:30:00,2021-07-14 15:45:00,bd20b52bd77c9eaf41494db9c761093acb96a6188658527ed298117049dccbc4,62,15,136.0,587,30.9,1.095149254,0,2,171.42314665350878,False,176.0,2021-07,LGB_medium,F2
2021-07-14,2021-07-13 16:00:00,2021-07-14 15:45:00,2021-07-14 16:00:00,bd20b52bd77c9eaf41494db9c761093acb96a6188658527ed298117049dccbc4,63,15,136.0,587,30.9,1.095149254,0,2,168.65696864168544,False,176.0,2021-07,LGB_medium,F2
2021-07-14,2021-07-13 16:00:00,2021-07-14 16:00:00,2021-07-14 16:15:00,bd20b52bd77c9eaf41494db9c761093acb96a6188658527ed298117049dccbc4,64,16,155.0,1732,30.3,2.80713128,0,2,162.52882393667616,False,176.0,2021-07,LGB_medium,F2
2021-07-14,2021-07-13 16:00:00,2021-07-14 16:15:00,2021-07-14 16:30:00,bd20b52bd77c9eaf41494db9c761093acb96a6188658527ed298117049dccbc4,65,16,150.0,1732,30.3,2.80713128,0,2,163.8130778029885,False,176.0,2021-07,LGB_medium,F2
2021-07-14,2021-07-13 16:00:00,2021-07-14 16:30:00,2021-07-14 16:45:00,bd20b52bd77c9eaf41494db9c761093acb96a6188658527ed298117049dccbc4,66,16,156.0,1732,30.3,2.80713128,0,2,161.6669487999254,False,176.0,2021-07,LGB_medium,F2
2021-07-14,2021-07-13 16:00:00,2021-07-14 16:45:00,2021-07-14 17:00:00,bd20b52bd77c9eaf41494db9c761093acb96a6188658527ed298117049dccbc4,67,16,156.0,1732,30.3,2.80713128,0,2,162.5884045238579,False,176.0,2021-07,LGB_medium,F2
2021-07-14,2021-07-13 16:00:00,2021-07-14 17:00:00,2021-07-14 17:15:00,bd20b52bd77c9eaf41494db9c761093acb96a6188658527ed298117049dccbc4,68,17,125.0,2473,29.6,4.423971377,0,2,119.31468539995858,False,176.0,2021-07,LGB_medium,F2
2021-07-14,2021-07-13 16:00:00,2021-07-14 17:15:00,2021-07-14 17:30:00,bd20b52bd77c9eaf41494db9c761093acb96a6188658527ed298117049dccbc4,69,17,110.0,2473,29.6,4.423971377,0,2,123.31952822586636,False,176.0,2021-07,LGB_medium,F2
2021-07-14,2021-07-13 16:00:00,2021-07-14 17:30:00,2021-07-14 17:45:00,bd20b52bd77c9eaf41494db9c761093acb96a6188658527ed298117049dccbc4,70,17,145.0,2473,29.6,4.423971377,0,2,165.7666126142401,False,176.0,2021-07,LGB_medium,F2
2021-07-14,2021-07-13 16:00:00,2021-07-14 17:45:00,2021-07-14 18:00:00,bd20b52bd77c9eaf41494db9c761093acb96a6188658527ed298117049dccbc4,71,17,179.0,2473,29.6,4.423971377,0,2,165.7588450232027,False,176.0,2021-07,LGB_medium,F2
2021-07-14,2021-07-13 16:00:00,2021-07-14 18:00:00,2021-07-14 18:15:00,bd20b52bd77c9eaf41494db9c761093acb96a6188658527ed298117049dccbc4,72,18,169.0,283,28.2,0.429438543,0,2,163.62582317836643,False,176.0,2021-07,LGB_medium,F2
2021-07-14,2021-07-13 16:00:00,2021-07-14 18:15:00,2021-07-14 18:30:00,bd20b52bd77c9eaf41494db9c761093acb96a6188658527ed298117049dccbc4,73,18,164.0,283,28.2,0.429438543,0,2,164.93824818405065,False,176.0,2021-07,LGB_medium,F2
2021-07-14,2021-07-13 16:00:00,2021-07-14 18:30:00,2021-07-14 18:45:00,bd20b52bd77c9eaf41494db9c761093acb96a6188658527ed298117049dccbc4,74,18,163.0,283,28.2,0.429438543,0,2,164.09926763704405,False,176.0,2021-07,LGB_medium,F2
2021-07-14,2021-07-13 16:00:00,2021-07-14 18:45:00,2021-07-14 19:00:00,bd20b52bd77c9eaf41494db9c761093acb96a6188658527ed298117049dccbc4,75,18,163.0,283,28.2,0.429438543,0,2,162.0926241852765,False,176.0,2021-07,LGB_medium,F2
2021-07-14,2021-07-13 16:00:00,2021-07-14 19:00:00,2021-07-14 19:15:00,bd20b52bd77c9eaf41494db9c761093acb96a6188658527ed298117049dccbc4,76,19,148.0,1793,27.6,3.248188406,0,2,162.01074364608817,False,176.0,2021-07,LGB_medium,F2
2021-07-14,2021-07-13 16:00:00,2021-07-14 19:15:00,2021-07-14 19:30:00,bd20b52bd77c9eaf41494db9c761093acb96a6188658527ed298117049dccbc4,77,19,148.0,1793,27.6,3.248188406,0,2,159.0091329000346,False,176.0,2021-07,LGB_medium,F2
2021-07-14,2021-07-13 16:00:00,2021-07-14 19:30:00,2021-07-14 19:45:00,bd20b52bd77c9eaf41494db9c761093acb96a6188658527ed298117049dccbc4,78,19,142.0,1793,27.6,3.248188406,0,2,158.36999224884553,False,176.0,2021-07,LGB_medium,F2
2021-07-14,2021-07-13 16:00:00,2021-07-14 19:45:00,2021-07-14 20:00:00,bd20b52bd77c9eaf41494db9c761093acb96a6188658527ed298117049dccbc4,79,19,114.0,1793,27.6,3.248188406,0,2,121.61381811628755,False,176.0,2021-07,LGB_medium,F2
2021-07-14,2021-07-13 16:00:00,2021-07-14 20:00:00,2021-07-14 20:15:00,bd20b52bd77c9eaf41494db9c761093acb96a6188658527ed298117049dccbc4,80,20,110.0,268,27.8,0.599552573,0,2,108.41782156208892,False,176.0,2021-07,LGB_medium,F2
2021-07-14,2021-07-13 16:00:00,2021-07-14 20:15:00,2021-07-14 20:30:00,bd20b52bd77c9eaf41494db9c761093acb96a6188658527ed298117049dccbc4,81,20,120.0,268,27.8,0.599552573,0,2,121.2573926535109,False,176.0,2021-07,LGB_medium,F2
2021-07-14,2021-07-13 16:00:00,2021-07-14 20:30:00,2021-07-14 20:45:00,bd20b52bd77c9eaf41494db9c761093acb96a6188658527ed298117049dccbc4,82,20,111.0,268,27.8,0.599552573,0,2,124.34989723989814,False,176.0,2021-07,LGB_medium,F2
2021-07-14,2021-07-13 16:00:00,2021-07-14 20:45:00,2021-07-14 21:00:00,bd20b52bd77c9eaf41494db9c761093acb96a6188658527ed298117049dccbc4,83,20,106.0,268,27.8,0.599552573,0,2,112.05764821345369,False,176.0,2021-07,LGB_medium,F2
2021-07-14,2021-07-13 16:00:00,2021-07-14 21:00:00,2021-07-14 21:15:00,bd20b52bd77c9eaf41494db9c761093acb96a6188658527ed298117049dccbc4,84,21,113.0,58,27.2,0.130044843,0,2,116.57566759965583,False,176.0,2021-07,LGB_medium,F2
2021-07-14,2021-07-13 16:00:00,2021-07-14 21:15:00,2021-07-14 21:30:00,bd20b52bd77c9eaf41494db9c761093acb96a6188658527ed298117049dccbc4,85,21,110.0,58,27.2,0.130044843,0,2,120.96747509833196,False,176.0,2021-07,LGB_medium,F2
2021-07-14,2021-07-13 16:00:00,2021-07-14 21:30:00,2021-07-14 21:45:00,bd20b52bd77c9eaf41494db9c761093acb96a6188658527ed298117049dccbc4,86,21,112.0,58,27.2,0.130044843,0,2,114.04254121819777,False,176.0,2021-07,LGB_medium,F2
2021-07-14,2021-07-13 16:00:00,2021-07-14 21:45:00,2021-07-14 22:00:00,bd20b52bd77c9eaf41494db9c761093acb96a6188658527ed298117049dccbc4,87,21,111.0,58,27.2,0.130044843,0,2,112.8896722329543,False,176.0,2021-07,LGB_medium,F2
2021-07-14,2021-07-13 16:00:00,2021-07-14 22:00:00,2021-07-14 22:15:00,bd20b52bd77c9eaf41494db9c761093acb96a6188658527ed298117049dccbc4,88,22,101.0,51,27.1,0.115646259,0,2,83.78331233085324,False,176.0,2021-07,LGB_medium,F2
2021-07-14,2021-07-13 16:00:00,2021-07-14 22:15:00,2021-07-14 22:30:00,bd20b52bd77c9eaf41494db9c761093acb96a6188658527ed298117049dccbc4,89,22,115.0,51,27.1,0.115646259,0,2,108.48474861123012,False,176.0,2021-07,LGB_medium,F2
2021-07-14,2021-07-13 16:00:00,2021-07-14 22:30:00,2021-07-14 22:45:00,bd20b52bd77c9eaf41494db9c761093acb96a6188658527ed298117049dccbc4,90,22,113.0,51,27.1,0.115646259,0,2,114.01717767522803,False,176.0,2021-07,LGB_medium,F2
2021-07-14,2021-07-13 16:00:00,2021-07-14 22:45:00,2021-07-14 23:00:00,bd20b52bd77c9eaf41494db9c761093acb96a6188658527ed298117049dccbc4,91,22,112.0,51,27.1,0.115646259,0,2,113.30363242492822,False,176.0,2021-07,LGB_medium,F2
2021-07-14,2021-07-13 16:00:00,2021-07-14 23:00:00,2021-07-14 23:15:00,bd20b52bd77c9eaf41494db9c761093acb96a6188658527ed298117049dccbc4,92,23,109.0,70,26.3,0.168269231,0,2,112.86341299717934,False,176.0,2021-07,LGB_medium,F2
2021-07-14,2021-07-13 16:00:00,2021-07-14 23:15:00,2021-07-14 23:30:00,bd20b52bd77c9eaf41494db9c761093acb96a6188658527ed298117049dccbc4,93,23,112.0,70,26.3,0.168269231,0,2,110.48224227826958,False,176.0,2021-07,LGB_medium,F2
2021-07-14,2021-07-13 16:00:00,2021-07-14 23:30:00,2021-07-14 23:45:00,bd20b52bd77c9eaf41494db9c761093acb96a6188658527ed298117049dccbc4,94,23,112.0,70,26.3,0.168269231,0,2,99.26162649607069,False,176.0,2021-07,LGB_medium,F2
2021-07-14,2021-07-13 16:00:00,2021-07-14 23:45:00,2021-07-15 00:00:00,bd20b52bd77c9eaf41494db9c761093acb96a6188658527ed298117049dccbc4,95,23,83.0,70,26.3,0.168269231,0,2,81.20523373600403,False,176.0,2021-07,LGB_medium,F2
2021-07-16,2021-07-15 16:00:00,2021-07-16 00:00:00,2021-07-16 00:15:00,49683028352627f022e574c2b765a51389e996fecec24567cb215b0e57aaff5b,0,0,67.0,36,23.9,0.137931034,0,4,63.812161465762955,False,176.0,2021-07,LGB_medium,F2
2021-07-16,2021-07-15 16:00:00,2021-07-16 00:15:00,2021-07-16 00:30:00,49683028352627f022e574c2b765a51389e996fecec24567cb215b0e57aaff5b,1,0,65.0,36,23.9,0.137931034,0,4,63.82191938797916,False,176.0,2021-07,LGB_medium,F2
2021-07-16,2021-07-15 16:00:00,2021-07-16 00:30:00,2021-07-16 00:45:00,49683028352627f022e574c2b765a51389e996fecec24567cb215b0e57aaff5b,2,0,64.0,36,23.9,0.137931034,0,4,63.733420244162026,False,176.0,2021-07,LGB_medium,F2
2021-07-16,2021-07-15 16:00:00,2021-07-16 00:45:00,2021-07-16 01:00:00,49683028352627f022e574c2b765a51389e996fecec24567cb215b0e57aaff5b,3,0,65.0,36,23.9,0.137931034,0,4,55.617506306059674,False,176.0,2021-07,LGB_medium,F2
2021-07-16,2021-07-15 16:00:00,2021-07-16 01:00:00,2021-07-16 01:15:00,49683028352627f022e574c2b765a51389e996fecec24567cb215b0e57aaff5b,4,1,95.0,74,24.4,0.193211488,0,4,84.05415278219535,False,176.0,2021-07,LGB_medium,F2
2021-07-16,2021-07-15 16:00:00,2021-07-16 01:15:00,2021-07-16 01:30:00,49683028352627f022e574c2b765a51389e996fecec24567cb215b0e57aaff5b,5,1,96.0,74,24.4,0.193211488,0,4,86.85351053197911,False,176.0,2021-07,LGB_medium,F2
2021-07-16,2021-07-15 16:00:00,2021-07-16 01:30:00,2021-07-16 01:45:00,49683028352627f022e574c2b765a51389e996fecec24567cb215b0e57aaff5b,6,1,100.0,74,24.4,0.193211488,0,4,86.88706419790117,False,176.0,2021-07,LGB_medium,F2
2021-07-16,2021-07-15 16:00:00,2021-07-16 01:45:00,2021-07-16 02:00:00,49683028352627f022e574c2b765a51389e996fecec24567cb215b0e57aaff5b,7,1,92.0,74,24.4,0.193211488,0,4,86.23151598299782,False,176.0,2021-07,LGB_medium,F2
2021-07-16,2021-07-15 16:00:00,2021-07-16 02:00:00,2021-07-16 02:15:00,49683028352627f022e574c2b765a51389e996fecec24567cb215b0e57aaff5b,8,2,99.0,37,23.8,0.091358025,0,4,87.45679725148328,False,176.0,2021-07,LGB_medium,F2
2021-07-16,2021-07-15 16:00:00,2021-07-16 02:15:00,2021-07-16 02:30:00,49683028352627f022e574c2b765a51389e996fecec24567cb215b0e57aaff5b,9,2,103.0,37,23.8,0.091358025,0,4,88.67422484001959,False,176.0,2021-07,LGB_medium,F2
2021-07-16,2021-07-15 16:00:00,2021-07-16 02:30:00,2021-07-16 02:45:00,49683028352627f022e574c2b765a51389e996fecec24567cb215b0e57aaff5b,10,2,101.0,37,23.8,0.091358025,0,4,89.32076360657835,False,176.0,2021-07,LGB_medium,F2
2021-07-16,2021-07-15 16:00:00,2021-07-16 02:45:00,2021-07-16 03:00:00,49683028352627f022e574c2b765a51389e996fecec24567cb215b0e57aaff5b,11,2,102.0,37,23.8,0.091358025,0,4,86.0210459771147,False,176.0,2021-07,LGB_medium,F2
2021-07-16,2021-07-15 16:00:00,2021-07-16 03:00:00,2021-07-16 03:15:00,49683028352627f022e574c2b765a51389e996fecec24567cb215b0e57aaff5b,12,3,98.0,175,23.4,0.410798122,0,4,78.62602359114419,False,176.0,2021-07,LGB_medium,F2
2021-07-16,2021-07-15 16:00:00,2021-07-16 03:15:00,2021-07-16 03:30:00,49683028352627f022e574c2b765a51389e996fecec24567cb215b0e57aaff5b,13,3,114.0,175,23.4,0.410798122,0,4,85.64770317229127,False,176.0,2021-07,LGB_medium,F2
2021-07-16,2021-07-15 16:00:00,2021-07-16 03:30:00,2021-07-16 03:45:00,49683028352627f022e574c2b765a51389e996fecec24567cb215b0e57aaff5b,14,3,106.0,175,23.4,0.410798122,0,4,86.61126945842523,False,176.0,2021-07,LGB_medium,F2
2021-07-16,2021-07-15 16:00:00,2021-07-16 03:45:00,2021-07-16 04:00:00,49683028352627f022e574c2b765a51389e996fecec24567cb215b0e57aaff5b,15,3,108.0,175,23.4,0.410798122,0,4,88.17843264206894,False,176.0,2021-07,LGB_medium,F2
2021-07-16,2021-07-15 16:00:00,2021-07-16 04:00:00,2021-07-16 04:15:00,49683028352627f022e574c2b765a51389e996fecec24567cb215b0e57aaff5b,16,4,109.0,211,23.1,0.5,0,4,87.64862381986607,False,176.0,2021-07,LGB_medium,F2
2021-07-16,2021-07-15 16:00:00,2021-07-16 04:15:00,2021-07-16 04:30:00,49683028352627f022e574c2b765a51389e996fecec24567cb215b0e57aaff5b,17,4,106.0,211,23.1,0.5,0,4,87.64862381986607,False,176.0,2021-07,LGB_medium,F2
2021-07-16,2021-07-15 16:00:00,2021-07-16 04:30:00,2021-07-16 04:45:00,49683028352627f022e574c2b765a51389e996fecec24567cb215b0e57aaff5b,18,4,105.0,211,23.1,0.5,0,4,88.30234033134747,False,176.0,2021-07,LGB_medium,F2
2021-07-16,2021-07-15 16:00:00,2021-07-16 04:45:00,2021-07-16 05:00:00,49683028352627f022e574c2b765a51389e996fecec24567cb215b0e57aaff5b,19,4,102.0,211,23.1,0.5,0,4,85.73672759177244,False,176.0,2021-07,LGB_medium,F2
2021-07-16,2021-07-15 16:00:00,2021-07-16 05:00:00,2021-07-16 05:15:00,49683028352627f022e574c2b765a51389e996fecec24567cb215b0e57aaff5b,20,5,80.0,92,23.3,0.262857143,0,4,65.62770670963518,False,176.0,2021-07,LGB_medium,F2
2021-07-16,2021-07-15 16:00:00,2021-07-16 05:15:00,2021-07-16 05:30:00,49683028352627f022e574c2b765a51389e996fecec24567cb215b0e57aaff5b,21,5,74.0,92,23.3,0.262857143,0,4,67.23030049483232,False,176.0,2021-07,LGB_medium,F2
2021-07-16,2021-07-15 16:00:00,2021-07-16 05:30:00,2021-07-16 05:45:00,49683028352627f022e574c2b765a51389e996fecec24567cb215b0e57aaff5b,22,5,89.0,92,23.3,0.262857143,0,4,84.75287869635072,False,176.0,2021-07,LGB_medium,F2
2021-07-16,2021-07-15 16:00:00,2021-07-16 05:45:00,2021-07-16 06:00:00,49683028352627f022e574c2b765a51389e996fecec24567cb215b0e57aaff5b,23,5,107.0,92,23.3,0.262857143,0,4,87.65091634067562,False,176.0,2021-07,LGB_medium,F2
2021-07-16,2021-07-15 16:00:00,2021-07-16 06:00:00,2021-07-16 06:15:00,49683028352627f022e574c2b765a51389e996fecec24567cb215b0e57aaff5b,24,6,108.0,304,24.9,0.716981132,0,4,88.27586979189059,False,176.0,2021-07,LGB_medium,F2
2021-07-16,2021-07-15 16:00:00,2021-07-16 06:15:00,2021-07-16 06:30:00,49683028352627f022e574c2b765a51389e996fecec24567cb215b0e57aaff5b,25,6,109.0,304,24.9,0.716981132,0,4,86.64484517222245,False,176.0,2021-07,LGB_medium,F2
2021-07-16,2021-07-15 16:00:00,2021-07-16 06:30:00,2021-07-16 06:45:00,49683028352627f022e574c2b765a51389e996fecec24567cb215b0e57aaff5b,26,6,98.0,304,24.9,0.716981132,0,4,91.47858963367918,False,176.0,2021-07,LGB_medium,F2
2021-07-16,2021-07-15 16:00:00,2021-07-16 06:45:00,2021-07-16 07:00:00,49683028352627f022e574c2b765a51389e996fecec24567cb215b0e57aaff5b,27,6,109.0,304,24.9,0.716981132,0,4,87.89417568478754,False,176.0,2021-07,LGB_medium,F2
2021-07-16,2021-07-15 16:00:00,2021-07-16 07:00:00,2021-07-16 07:15:00,49683028352627f022e574c2b765a51389e996fecec24567cb215b0e57aaff5b,28,7,107.0,563,27.0,1.040665434,0,4,88.63143494218322,False,176.0,2021-07,LGB_medium,F2
2021-07-16,2021-07-15 16:00:00,2021-07-16 07:15:00,2021-07-16 07:30:00,49683028352627f022e574c2b765a51389e996fecec24567cb215b0e57aaff5b,29,7,120.0,563,27.0,1.040665434,0,4,102.68521974037964,False,176.0,2021-07,LGB_medium,F2
2021-07-16,2021-07-15 16:00:00,2021-07-16 07:30:00,2021-07-16 07:45:00,49683028352627f022e574c2b765a51389e996fecec24567cb215b0e57aaff5b,30,7,157.0,563,27.0,1.040665434,0,4,140.7356101429975,False,176.0,2021-07,LGB_medium,F2
2021-07-16,2021-07-15 16:00:00,2021-07-16 07:45:00,2021-07-16 08:00:00,49683028352627f022e574c2b765a51389e996fecec24567cb215b0e57aaff5b,31,7,157.0,563,27.0,1.040665434,0,4,140.06662998091917,False,176.0,2021-07,LGB_medium,F2
2021-07-16,2021-07-15 16:00:00,2021-07-16 08:00:00,2021-07-16 08:15:00,49683028352627f022e574c2b765a51389e996fecec24567cb215b0e57aaff5b,32,8,177.0,555,27.5,0.743967828,0,4,149.01101611905813,False,176.0,2021-07,LGB_medium,F2
2021-07-16,2021-07-15 16:00:00,2021-07-16 08:15:00,2021-07-16 08:30:00,49683028352627f022e574c2b765a51389e996fecec24567cb215b0e57aaff5b,33,8,193.0,555,27.5,0.743967828,0,4,167.35443041200665,False,176.0,2021-07,LGB_medium,F2
2021-07-16,2021-07-15 16:00:00,2021-07-16 08:30:00,2021-07-16 08:45:00,49683028352627f022e574c2b765a51389e996fecec24567cb215b0e57aaff5b,34,8,194.0,555,27.5,0.743967828,0,4,168.69222704898078,False,176.0,2021-07,LGB_medium,F2
2021-07-16,2021-07-15 16:00:00,2021-07-16 08:45:00,2021-07-16 09:00:00,49683028352627f022e574c2b765a51389e996fecec24567cb215b0e57aaff5b,35,8,182.0,555,27.5,0.743967828,0,4,168.88662467204688,False,176.0,2021-07,LGB_medium,F2
2021-07-16,2021-07-15 16:00:00,2021-07-16 09:00:00,2021-07-16 09:15:00,49683028352627f022e574c2b765a51389e996fecec24567cb215b0e57aaff5b,36,9,190.0,1863,28.4,2.517567568,0,4,168.0147944565448,False,176.0,2021-07,LGB_medium,F2
2021-07-16,2021-07-15 16:00:00,2021-07-16 09:15:00,2021-07-16 09:30:00,49683028352627f022e574c2b765a51389e996fecec24567cb215b0e57aaff5b,37,9,173.0,1863,28.4,2.517567568,0,4,164.15857865169647,False,176.0,2021-07,LGB_medium,F2
2021-07-16,2021-07-15 16:00:00,2021-07-16 09:30:00,2021-07-16 09:45:00,49683028352627f022e574c2b765a51389e996fecec24567cb215b0e57aaff5b,38,9,188.0,1863,28.4,2.517567568,0,4,164.30090057360997,False,176.0,2021-07,LGB_medium,F2
2021-07-16,2021-07-15 16:00:00,2021-07-16 09:45:00,2021-07-16 10:00:00,49683028352627f022e574c2b765a51389e996fecec24567cb215b0e57aaff5b,39,9,189.0,1863,28.4,2.517567568,0,4,163.2759204392656,False,176.0,2021-07,LGB_medium,F2
2021-07-16,2021-07-15 16:00:00,2021-07-16 10:00:00,2021-07-16 10:15:00,49683028352627f022e574c2b765a51389e996fecec24567cb215b0e57aaff5b,40,10,130.0,4118,29.0,6.100740741,0,4,141.53756749825962,False,176.0,2021-07,LGB_medium,F2
2021-07-16,2021-07-15 16:00:00,2021-07-16 10:15:00,2021-07-16 10:30:00,49683028352627f022e574c2b765a51389e996fecec24567cb215b0e57aaff5b,41,10,171.0,4118,29.0,6.100740741,0,4,163.9723943341156,False,176.0,2021-07,LGB_medium,F2
2021-07-16,2021-07-15 16:00:00,2021-07-16 10:30:00,2021-07-16 10:45:00,49683028352627f022e574c2b765a51389e996fecec24567cb215b0e57aaff5b,42,10,187.0,4118,29.0,6.100740741,0,4,167.40403631436297,False,176.0,2021-07,LGB_medium,F2
2021-07-16,2021-07-15 16:00:00,2021-07-16 10:45:00,2021-07-16 11:00:00,49683028352627f022e574c2b765a51389e996fecec24567cb215b0e57aaff5b,43,10,187.0,4118,29.0,6.100740741,0,4,163.02099927414935,False,176.0,2021-07,LGB_medium,F2
2021-07-16,2021-07-15 16:00:00,2021-07-16 11:00:00,2021-07-16 11:15:00,49683028352627f022e574c2b765a51389e996fecec24567cb215b0e57aaff5b,44,11,177.0,1964,28.3,2.618666667,0,4,166.36610989933854,False,176.0,2021-07,LGB_medium,F2
2021-07-16,2021-07-15 16:00:00,2021-07-16 11:15:00,2021-07-16 11:30:00,49683028352627f022e574c2b765a51389e996fecec24567cb215b0e57aaff5b,45,11,182.0,1964,28.3,2.618666667,0,4,164.58414308061444,False,176.0,2021-07,LGB_medium,F2
2021-07-16,2021-07-15 16:00:00,2021-07-16 11:30:00,2021-07-16 11:45:00,49683028352627f022e574c2b765a51389e996fecec24567cb215b0e57aaff5b,46,11,194.0,1964,28.3,2.618666667,0,4,164.73754063371797,False,176.0,2021-07,LGB_medium,F2
2021-07-16,2021-07-15 16:00:00,2021-07-16 11:45:00,2021-07-16 12:00:00,49683028352627f022e574c2b765a51389e996fecec24567cb215b0e57aaff5b,47,11,197.0,1964,28.3,2.618666667,0,4,161.8519350417703,False,176.0,2021-07,LGB_medium,F2
2021-07-16,2021-07-15 16:00:00,2021-07-16 12:00:00,2021-07-16 12:15:00,49683028352627f022e574c2b765a51389e996fecec24567cb215b0e57aaff5b,48,12,128.0,248,29.0,0.533333333,0,4,108.05588361404803,False,176.0,2021-07,LGB_medium,F2
2021-07-16,2021-07-15 16:00:00,2021-07-16 12:15:00,2021-07-16 12:30:00,49683028352627f022e574c2b765a51389e996fecec24567cb215b0e57aaff5b,49,12,108.0,248,29.0,0.533333333,0,4,88.56694641571481,False,176.0,2021-07,LGB_medium,F2
2021-07-16,2021-07-15 16:00:00,2021-07-16 12:30:00,2021-07-16 12:45:00,49683028352627f022e574c2b765a51389e996fecec24567cb215b0e57aaff5b,50,12,110.0,248,29.0,0.533333333,0,4,96.35923380007398,False,176.0,2021-07,LGB_medium,F2
2021-07-16,2021-07-15 16:00:00,2021-07-16 12:45:00,2021-07-16 13:00:00,49683028352627f022e574c2b765a51389e996fecec24567cb215b0e57aaff5b,51,12,119.0,248,29.0,0.533333333,0,4,100.50856126059647,False,176.0,2021-07,LGB_medium,F2
2021-07-16,2021-07-15 16:00:00,2021-07-16 13:00:00,2021-07-16 13:15:00,49683028352627f022e574c2b765a51389e996fecec24567cb215b0e57aaff5b,52,13,154.0,2135,28.5,3.103197674,0,4,157.89042611981935,False,176.0,2021-07,LGB_medium,F2
2021-07-16,2021-07-15 16:00:00,2021-07-16 13:15:00,2021-07-16 13:30:00,49683028352627f022e574c2b765a51389e996fecec24567cb215b0e57aaff5b,53,13,176.0,2135,28.5,3.103197674,0,4,163.35277214616357,False,176.0,2021-07,LGB_medium,F2
2021-07-16,2021-07-15 16:00:00,2021-07-16 13:30:00,2021-07-16 13:45:00,49683028352627f022e574c2b765a51389e996fecec24567cb215b0e57aaff5b,54,13,177.0,2135,28.5,3.103197674,0,4,165.09026830727373,False,176.0,2021-07,LGB_medium,F2
2021-07-16,2021-07-15 16:00:00,2021-07-16 13:45:00,2021-07-16 14:00:00,49683028352627f022e574c2b765a51389e996fecec24567cb215b0e57aaff5b,55,13,181.0,2135,28.5,3.103197674,0,4,164.7723227648106,False,176.0,2021-07,LGB_medium,F2
2021-07-16,2021-07-15 16:00:00,2021-07-16 14:00:00,2021-07-16 14:15:00,49683028352627f022e574c2b765a51389e996fecec24567cb215b0e57aaff5b,56,14,161.0,2010,28.3,3.036253776,0,4,159.08075269650442,False,176.0,2021-07,LGB_medium,F2
2021-07-16,2021-07-15 16:00:00,2021-07-16 14:15:00,2021-07-16 14:30:00,49683028352627f022e574c2b765a51389e996fecec24567cb215b0e57aaff5b,57,14,147.0,2010,28.3,3.036253776,0,4,159.88772911661354,False,176.0,2021-07,LGB_medium,F2
2021-07-16,2021-07-15 16:00:00,2021-07-16 14:30:00,2021-07-16 14:45:00,49683028352627f022e574c2b765a51389e996fecec24567cb215b0e57aaff5b,58,14,173.0,2010,28.3,3.036253776,0,4,161.96651504009753,False,176.0,2021-07,LGB_medium,F2
2021-07-16,2021-07-15 16:00:00,2021-07-16 14:45:00,2021-07-16 15:00:00,49683028352627f022e574c2b765a51389e996fecec24567cb215b0e57aaff5b,59,14,181.0,2010,28.3,3.036253776,0,4,165.6644033972739,False,176.0,2021-07,LGB_medium,F2
2021-07-16,2021-07-15 16:00:00,2021-07-16 15:00:00,2021-07-16 15:15:00,49683028352627f022e574c2b765a51389e996fecec24567cb215b0e57aaff5b,60,15,134.0,1731,27.4,2.738924051,0,4,146.24004306382844,False,176.0,2021-07,LGB_medium,F2
2021-07-16,2021-07-15 16:00:00,2021-07-16 15:15:00,2021-07-16 15:30:00,49683028352627f022e574c2b765a51389e996fecec24567cb215b0e57aaff5b,61,15,133.0,1731,27.4,2.738924051,0,4,130.30409230532484,False,176.0,2021-07,LGB_medium,F2
2021-07-16,2021-07-15 16:00:00,2021-07-16 15:30:00,2021-07-16 15:45:00,49683028352627f022e574c2b765a51389e996fecec24567cb215b0e57aaff5b,62,15,189.0,1731,27.4,2.738924051,0,4,151.63302044806625,False,176.0,2021-07,LGB_medium,F2
2021-07-16,2021-07-15 16:00:00,2021-07-16 15:45:00,2021-07-16 16:00:00,49683028352627f022e574c2b765a51389e996fecec24567cb215b0e57aaff5b,63,15,176.0,1731,27.4,2.738924051,0,4,157.27413179204456,False,176.0,2021-07,LGB_medium,F2
2021-07-16,2021-07-15 16:00:00,2021-07-16 16:00:00,2021-07-16 16:15:00,49683028352627f022e574c2b765a51389e996fecec24567cb215b0e57aaff5b,64,16,178.0,2823,27.0,4.283763278,0,4,152.74394406803927,False,176.0,2021-07,LGB_medium,F2
2021-07-16,2021-07-15 16:00:00,2021-07-16 16:15:00,2021-07-16 16:30:00,49683028352627f022e574c2b765a51389e996fecec24567cb215b0e57aaff5b,65,16,176.0,2823,27.0,4.283763278,0,4,152.27926371692777,False,176.0,2021-07,LGB_medium,F2
2021-07-16,2021-07-15 16:00:00,2021-07-16 16:30:00,2021-07-16 16:45:00,49683028352627f022e574c2b765a51389e996fecec24567cb215b0e57aaff5b,66,16,149.0,2823,27.0,4.283763278,0,4,152.44913626341526,False,176.0,2021-07,LGB_medium,F2
2021-07-16,2021-07-15 16:00:00,2021-07-16 16:45:00,2021-07-16 17:00:00,49683028352627f022e574c2b765a51389e996fecec24567cb215b0e57aaff5b,67,16,156.0,2823,27.0,4.283763278,0,4,152.44913626341526,False,176.0,2021-07,LGB_medium,F2
2021-07-16,2021-07-15 16:00:00,2021-07-16 17:00:00,2021-07-16 17:15:00,49683028352627f022e574c2b765a51389e996fecec24567cb215b0e57aaff5b,68,17,114.0,2670,26.9,4.828209765,0,4,114.0540776647935,False,176.0,2021-07,LGB_medium,F2
2021-07-16,2021-07-15 16:00:00,2021-07-16 17:15:00,2021-07-16 17:30:00,49683028352627f022e574c2b765a51389e996fecec24567cb215b0e57aaff5b,69,17,106.0,2670,26.9,4.828209765,0,4,112.08174442766376,False,176.0,2021-07,LGB_medium,F2
2021-07-16,2021-07-15 16:00:00,2021-07-16 17:30:00,2021-07-16 17:45:00,49683028352627f022e574c2b765a51389e996fecec24567cb215b0e57aaff5b,70,17,157.0,2670,26.9,4.828209765,0,4,150.70107799716584,False,176.0,2021-07,LGB_medium,F2
2021-07-16,2021-07-15 16:00:00,2021-07-16 17:45:00,2021-07-16 18:00:00,49683028352627f022e574c2b765a51389e996fecec24567cb215b0e57aaff5b,71,17,176.0,2670,26.9,4.828209765,0,4,152.44144544066972,False,176.0,2021-07,LGB_medium,F2
2021-07-16,2021-07-15 16:00:00,2021-07-16 18:00:00,2021-07-16 18:15:00,49683028352627f022e574c2b765a51389e996fecec24567cb215b0e57aaff5b,72,18,168.0,1066,26.0,1.692063492,0,4,151.860711538643,False,176.0,2021-07,LGB_medium,F2
2021-07-16,2021-07-15 16:00:00,2021-07-16 18:15:00,2021-07-16 18:30:00,49683028352627f022e574c2b765a51389e996fecec24567cb215b0e57aaff5b,73,18,155.0,1066,26.0,1.692063492,0,4,151.95949532996713,False,176.0,2021-07,LGB_medium,F2
2021-07-16,2021-07-15 16:00:00,2021-07-16 18:30:00,2021-07-16 18:45:00,49683028352627f022e574c2b765a51389e996fecec24567cb215b0e57aaff5b,74,18,156.0,1066,26.0,1.692063492,0,4,151.16782400856908,False,176.0,2021-07,LGB_medium,F2
2021-07-16,2021-07-15 16:00:00,2021-07-16 18:45:00,2021-07-16 19:00:00,49683028352627f022e574c2b765a51389e996fecec24567cb215b0e57aaff5b,75,18,151.0,1066,26.0,1.692063492,0,4,150.7378183488412,False,176.0,2021-07,LGB_medium,F2
2021-07-16,2021-07-15 16:00:00,2021-07-16 19:00:00,2021-07-16 19:15:00,49683028352627f022e574c2b765a51389e996fecec24567cb215b0e57aaff5b,76,19,143.0,1287,25.4,2.36146789,0,4,143.2432143154928,False,176.0,2021-07,LGB_medium,F2
2021-07-16,2021-07-15 16:00:00,2021-07-16 19:15:00,2021-07-16 19:30:00,49683028352627f022e574c2b765a51389e996fecec24567cb215b0e57aaff5b,77,19,141.0,1287,25.4,2.36146789,0,4,134.67581341761272,False,176.0,2021-07,LGB_medium,F2
2021-07-16,2021-07-15 16:00:00,2021-07-16 19:30:00,2021-07-16 19:45:00,49683028352627f022e574c2b765a51389e996fecec24567cb215b0e57aaff5b,78,19,146.0,1287,25.4,2.36146789,0,4,125.71194924811834,False,176.0,2021-07,LGB_medium,F2
2021-07-16,2021-07-15 16:00:00,2021-07-16 19:45:00,2021-07-16 20:00:00,49683028352627f022e574c2b765a51389e996fecec24567cb215b0e57aaff5b,79,19,115.0,1287,25.4,2.36146789,0,4,116.47492141343422,False,176.0,2021-07,LGB_medium,F2
2021-07-16,2021-07-15 16:00:00,2021-07-16 20:00:00,2021-07-16 20:15:00,49683028352627f022e574c2b765a51389e996fecec24567cb215b0e57aaff5b,80,20,104.0,16,25.1,0.035164835,0,4,101.59535912941237,False,176.0,2021-07,LGB_medium,F2
2021-07-16,2021-07-15 16:00:00,2021-07-16 20:15:00,2021-07-16 20:30:00,49683028352627f022e574c2b765a51389e996fecec24567cb215b0e57aaff5b,81,20,111.0,16,25.1,0.035164835,0,4,104.26090512787353,False,176.0,2021-07,LGB_medium,F2
2021-07-16,2021-07-15 16:00:00,2021-07-16 20:30:00,2021-07-16 20:45:00,49683028352627f022e574c2b765a51389e996fecec24567cb215b0e57aaff5b,82,20,123.0,16,25.1,0.035164835,0,4,110.71373623800301,False,176.0,2021-07,LGB_medium,F2
2021-07-16,2021-07-15 16:00:00,2021-07-16 20:45:00,2021-07-16 21:00:00,49683028352627f022e574c2b765a51389e996fecec24567cb215b0e57aaff5b,83,20,117.0,16,25.1,0.035164835,0,4,110.50861109810043,False,176.0,2021-07,LGB_medium,F2
2021-07-16,2021-07-15 16:00:00,2021-07-16 21:00:00,2021-07-16 21:15:00,49683028352627f022e574c2b765a51389e996fecec24567cb215b0e57aaff5b,84,21,117.0,45,25.0,0.099118943,0,4,108.32503472357993,False,176.0,2021-07,LGB_medium,F2
2021-07-16,2021-07-15 16:00:00,2021-07-16 21:15:00,2021-07-16 21:30:00,49683028352627f022e574c2b765a51389e996fecec24567cb215b0e57aaff5b,85,21,120.0,45,25.0,0.099118943,0,4,101.94688186302628,False,176.0,2021-07,LGB_medium,F2
2021-07-16,2021-07-15 16:00:00,2021-07-16 21:30:00,2021-07-16 21:45:00,49683028352627f022e574c2b765a51389e996fecec24567cb215b0e57aaff5b,86,21,111.0,45,25.0,0.099118943,0,4,104.78560744477534,False,176.0,2021-07,LGB_medium,F2
2021-07-16,2021-07-15 16:00:00,2021-07-16 21:45:00,2021-07-16 22:00:00,49683028352627f022e574c2b765a51389e996fecec24567cb215b0e57aaff5b,87,21,106.0,45,25.0,0.099118943,0,4,107.71418585351287,False,176.0,2021-07,LGB_medium,F2
2021-07-16,2021-07-15 16:00:00,2021-07-16 22:00:00,2021-07-16 22:15:00,49683028352627f022e574c2b765a51389e996fecec24567cb215b0e57aaff5b,88,22,94.0,59,24.7,0.144963145,0,4,99.07521756708303,False,176.0,2021-07,LGB_medium,F2
2021-07-16,2021-07-15 16:00:00,2021-07-16 22:15:00,2021-07-16 22:30:00,49683028352627f022e574c2b765a51389e996fecec24567cb215b0e57aaff5b,89,22,106.0,59,24.7,0.144963145,0,4,106.27136802049768,False,176.0,2021-07,LGB_medium,F2
2021-07-16,2021-07-15 16:00:00,2021-07-16 22:30:00,2021-07-16 22:45:00,49683028352627f022e574c2b765a51389e996fecec24567cb215b0e57aaff5b,90,22,112.0,59,24.7,0.144963145,0,4,108.56692948160865,False,176.0,2021-07,LGB_medium,F2
2021-07-16,2021-07-15 16:00:00,2021-07-16 22:45:00,2021-07-16 23:00:00,49683028352627f022e574c2b765a51389e996fecec24567cb215b0e57aaff5b,91,22,95.0,59,24.7,0.144963145,0,4,106.28882039001427,False,176.0,2021-07,LGB_medium,F2
2021-07-16,2021-07-15 16:00:00,2021-07-16 23:00:00,2021-07-16 23:15:00,49683028352627f022e574c2b765a51389e996fecec24567cb215b0e57aaff5b,92,23,118.0,330,24.8,0.814814815,0,4,96.68296605066958,False,176.0,2021-07,LGB_medium,F2
2021-07-16,2021-07-15 16:00:00,2021-07-16 23:15:00,2021-07-16 23:30:00,49683028352627f022e574c2b765a51389e996fecec24567cb215b0e57aaff5b,93,23,111.0,330,24.8,0.814814815,0,4,104.22731162278976,False,176.0,2021-07,LGB_medium,F2
2021-07-16,2021-07-15 16:00:00,2021-07-16 23:30:00,2021-07-16 23:45:00,49683028352627f022e574c2b765a51389e996fecec24567cb215b0e57aaff5b,94,23,99.0,330,24.8,0.814814815,0,4,101.02344269569693,False,176.0,2021-07,LGB_medium,F2
2021-07-16,2021-07-15 16:00:00,2021-07-16 23:45:00,2021-07-17 00:00:00,49683028352627f022e574c2b765a51389e996fecec24567cb215b0e57aaff5b,95,23,77.0,330,24.8,0.814814815,0,4,76.87106270333074,False,176.0,2021-07,LGB_medium,F2
2021-07-17,2021-07-16 16:00:00,2021-07-17 00:00:00,2021-07-17 00:15:00,a84ee64f6552390ac0ad141d30f0d65f16c1ffd6f8f093dec0a13e0638bd49de,0,0,66.0,21,24.6,0.082677165,0,5,66.89698797803864,False,176.0,2021-07,LGB_medium,F2
2021-07-17,2021-07-16 16:00:00,2021-07-17 00:15:00,2021-07-17 00:30:00,a84ee64f6552390ac0ad141d30f0d65f16c1ffd6f8f093dec0a13e0638bd49de,1,0,63.0,21,24.6,0.082677165,0,5,64.87480093629445,False,176.0,2021-07,LGB_medium,F2
2021-07-17,2021-07-16 16:00:00,2021-07-17 00:30:00,2021-07-17 00:45:00,a84ee64f6552390ac0ad141d30f0d65f16c1ffd6f8f093dec0a13e0638bd49de,2,0,62.0,21,24.6,0.082677165,0,5,65.42454079956362,False,176.0,2021-07,LGB_medium,F2
2021-07-17,2021-07-16 16:00:00,2021-07-17 00:45:00,2021-07-17 01:00:00,a84ee64f6552390ac0ad141d30f0d65f16c1ffd6f8f093dec0a13e0638bd49de,3,0,63.0,21,24.6,0.082677165,0,5,63.7325332089391,False,176.0,2021-07,LGB_medium,F2
2021-07-17,2021-07-16 16:00:00,2021-07-17 01:00:00,2021-07-17 01:15:00,a84ee64f6552390ac0ad141d30f0d65f16c1ffd6f8f093dec0a13e0638bd49de,4,1,90.0,130,24.6,0.323383085,0,5,86.94871692543512,False,176.0,2021-07,LGB_medium,F2
2021-07-17,2021-07-16 16:00:00,2021-07-17 01:15:00,2021-07-17 01:30:00,a84ee64f6552390ac0ad141d30f0d65f16c1ffd6f8f093dec0a13e0638bd49de,5,1,110.0,130,24.6,0.323383085,0,5,107.94129405259957,False,176.0,2021-07,LGB_medium,F2
2021-07-17,2021-07-16 16:00:00,2021-07-17 01:30:00,2021-07-17 01:45:00,a84ee64f6552390ac0ad141d30f0d65f16c1ffd6f8f093dec0a13e0638bd49de,6,1,102.0,130,24.6,0.323383085,0,5,104.48180439965974,False,176.0,2021-07,LGB_medium,F2
2021-07-17,2021-07-16 16:00:00,2021-07-17 01:45:00,2021-07-17 02:00:00,a84ee64f6552390ac0ad141d30f0d65f16c1ffd6f8f093dec0a13e0638bd49de,7,1,100.0,130,24.6,0.323383085,0,5,103.46744631150732,False,176.0,2021-07,LGB_medium,F2
2021-07-17,2021-07-16 16:00:00,2021-07-17 02:00:00,2021-07-17 02:15:00,a84ee64f6552390ac0ad141d30f0d65f16c1ffd6f8f093dec0a13e0638bd49de,8,2,105.0,426,24.4,1.083969466,0,5,107.10928612602177,False,176.0,2021-07,LGB_medium,F2
2021-07-17,2021-07-16 16:00:00,2021-07-17 02:15:00,2021-07-17 02:30:00,a84ee64f6552390ac0ad141d30f0d65f16c1ffd6f8f093dec0a13e0638bd49de,9,2,101.0,426,24.4,1.083969466,0,5,103.69936796497433,False,176.0,2021-07,LGB_medium,F2
2021-07-17,2021-07-16 16:00:00,2021-07-17 02:30:00,2021-07-17 02:45:00,a84ee64f6552390ac0ad141d30f0d65f16c1ffd6f8f093dec0a13e0638bd49de,10,2,92.0,426,24.4,1.083969466,0,5,102.3269262509561,False,176.0,2021-07,LGB_medium,F2
2021-07-17,2021-07-16 16:00:00,2021-07-17 02:45:00,2021-07-17 03:00:00,a84ee64f6552390ac0ad141d30f0d65f16c1ffd6f8f093dec0a13e0638bd49de,11,2,95.0,426,24.4,1.083969466,0,5,97.3804732963816,False,176.0,2021-07,LGB_medium,F2
2021-07-17,2021-07-16 16:00:00,2021-07-17 03:00:00,2021-07-17 03:15:00,a84ee64f6552390ac0ad141d30f0d65f16c1ffd6f8f093dec0a13e0638bd49de,12,3,85.0,108,23.6,0.287234043,0,5,89.65245982439494,False,176.0,2021-07,LGB_medium,F2
2021-07-17,2021-07-16 16:00:00,2021-07-17 03:15:00,2021-07-17 03:30:00,a84ee64f6552390ac0ad141d30f0d65f16c1ffd6f8f093dec0a13e0638bd49de,13,3,90.0,108,23.6,0.287234043,0,5,103.3363108835007,False,176.0,2021-07,LGB_medium,F2
2021-07-17,2021-07-16 16:00:00,2021-07-17 03:30:00,2021-07-17 03:45:00,a84ee64f6552390ac0ad141d30f0d65f16c1ffd6f8f093dec0a13e0638bd49de,14,3,99.0,108,23.6,0.287234043,0,5,106.63483852186583,False,176.0,2021-07,LGB_medium,F2
2021-07-17,2021-07-16 16:00:00,2021-07-17 03:45:00,2021-07-17 04:00:00,a84ee64f6552390ac0ad141d30f0d65f16c1ffd6f8f093dec0a13e0638bd49de,15,3,102.0,108,23.6,0.287234043,0,5,108.52428229771141,False,176.0,2021-07,LGB_medium,F2
2021-07-17,2021-07-16 16:00:00,2021-07-17 04:00:00,2021-07-17 04:15:00,a84ee64f6552390ac0ad141d30f0d65f16c1ffd6f8f093dec0a13e0638bd49de,16,4,97.0,95,23.9,0.246753247,0,5,108.82370971978042,False,176.0,2021-07,LGB_medium,F2
2021-07-17,2021-07-16 16:00:00,2021-07-17 04:15:00,2021-07-17 04:30:00,a84ee64f6552390ac0ad141d30f0d65f16c1ffd6f8f093dec0a13e0638bd49de,17,4,89.0,95,23.9,0.246753247,0,5,103.20224233650062,False,176.0,2021-07,LGB_medium,F2
2021-07-17,2021-07-16 16:00:00,2021-07-17 04:30:00,2021-07-17 04:45:00,a84ee64f6552390ac0ad141d30f0d65f16c1ffd6f8f093dec0a13e0638bd49de,18,4,96.0,95,23.9,0.246753247,0,5,102.89501602339543,False,176.0,2021-07,LGB_medium,F2
2021-07-17,2021-07-16 16:00:00,2021-07-17 04:45:00,2021-07-17 05:00:00,a84ee64f6552390ac0ad141d30f0d65f16c1ffd6f8f093dec0a13e0638bd49de,19,4,103.0,95,23.9,0.246753247,0,5,102.69150832784103,False,176.0,2021-07,LGB_medium,F2
2021-07-17,2021-07-16 16:00:00,2021-07-17 05:00:00,2021-07-17 05:15:00,a84ee64f6552390ac0ad141d30f0d65f16c1ffd6f8f093dec0a13e0638bd49de,20,5,77.0,63,24.3,0.1875,0,5,77.659762643097,False,176.0,2021-07,LGB_medium,F2
2021-07-17,2021-07-16 16:00:00,2021-07-17 05:15:00,2021-07-17 05:30:00,a84ee64f6552390ac0ad141d30f0d65f16c1ffd6f8f093dec0a13e0638bd49de,21,5,64.0,63,24.3,0.1875,0,5,68.02733388783243,False,176.0,2021-07,LGB_medium,F2
2021-07-17,2021-07-16 16:00:00,2021-07-17 05:30:00,2021-07-17 05:45:00,a84ee64f6552390ac0ad141d30f0d65f16c1ffd6f8f093dec0a13e0638bd49de,22,5,87.0,63,24.3,0.1875,0,5,79.83564570479022,False,176.0,2021-07,LGB_medium,F2
2021-07-17,2021-07-16 16:00:00,2021-07-17 05:45:00,2021-07-17 06:00:00,a84ee64f6552390ac0ad141d30f0d65f16c1ffd6f8f093dec0a13e0638bd49de,23,5,108.0,63,24.3,0.1875,0,5,105.82565911129,False,176.0,2021-07,LGB_medium,F2
2021-07-17,2021-07-16 16:00:00,2021-07-17 06:00:00,2021-07-17 06:15:00,a84ee64f6552390ac0ad141d30f0d65f16c1ffd6f8f093dec0a13e0638bd49de,24,6,96.0,30,25.3,0.088235294,0,5,112.57341530415452,False,176.0,2021-07,LGB_medium,F2
2021-07-17,2021-07-16 16:00:00,2021-07-17 06:15:00,2021-07-17 06:30:00,a84ee64f6552390ac0ad141d30f0d65f16c1ffd6f8f093dec0a13e0638bd49de,25,6,76.0,30,25.3,0.088235294,0,5,111.32349194877226,False,176.0,2021-07,LGB_medium,F2
2021-07-17,2021-07-16 16:00:00,2021-07-17 06:30:00,2021-07-17 06:45:00,a84ee64f6552390ac0ad141d30f0d65f16c1ffd6f8f093dec0a13e0638bd49de,26,6,81.0,30,25.3,0.088235294,0,5,107.84045923270027,False,176.0,2021-07,LGB_medium,F2
2021-07-17,2021-07-16 16:00:00,2021-07-17 06:45:00,2021-07-17 07:00:00,a84ee64f6552390ac0ad141d30f0d65f16c1ffd6f8f093dec0a13e0638bd49de,27,6,87.0,30,25.3,0.088235294,0,5,94.78281679900026,False,176.0,2021-07,LGB_medium,F2
2021-07-17,2021-07-16 16:00:00,2021-07-17 07:00:00,2021-07-17 07:15:00,a84ee64f6552390ac0ad141d30f0d65f16c1ffd6f8f093dec0a13e0638bd49de,28,7,88.0,994,25.5,4.340611354,0,5,103.52960869404228,False,176.0,2021-07,LGB_medium,F2
2021-07-17,2021-07-16 16:00:00,2021-07-17 07:15:00,2021-07-17 07:30:00,a84ee64f6552390ac0ad141d30f0d65f16c1ffd6f8f093dec0a13e0638bd49de,29,7,73.0,994,25.5,4.340611354,0,5,91.8536910278341,False,176.0,2021-07,LGB_medium,F2
2021-07-17,2021-07-16 16:00:00,2021-07-17 07:30:00,2021-07-17 07:45:00,a84ee64f6552390ac0ad141d30f0d65f16c1ffd6f8f093dec0a13e0638bd49de,30,7,40.0,994,25.5,4.340611354,0,5,76.39045524741088,False,176.0,2021-07,LGB_medium,F2
2021-07-17,2021-07-16 16:00:00,2021-07-17 07:45:00,2021-07-17 08:00:00,a84ee64f6552390ac0ad141d30f0d65f16c1ffd6f8f093dec0a13e0638bd49de,31,7,28.0,994,25.5,4.340611354,0,5,55.74405179372343,False,176.0,2021-07,LGB_medium,F2
2021-07-17,2021-07-16 16:00:00,2021-07-17 08:00:00,2021-07-17 08:15:00,a84ee64f6552390ac0ad141d30f0d65f16c1ffd6f8f093dec0a13e0638bd49de,32,8,25.0,0,25.3,0.0,0,5,55.438938004775665,False,176.0,2021-07,LGB_medium,F2
2021-07-17,2021-07-16 16:00:00,2021-07-17 08:15:00,2021-07-17 08:30:00,a84ee64f6552390ac0ad141d30f0d65f16c1ffd6f8f093dec0a13e0638bd49de,33,8,27.0,0,25.3,0.0,0,5,56.70487888233497,False,176.0,2021-07,LGB_medium,F2
2021-07-17,2021-07-16 16:00:00,2021-07-17 08:30:00,2021-07-17 08:45:00,a84ee64f6552390ac0ad141d30f0d65f16c1ffd6f8f093dec0a13e0638bd49de,34,8,24.0,0,25.3,0.0,0,5,56.12596870134863,False,176.0,2021-07,LGB_medium,F2
2021-07-17,2021-07-16 16:00:00,2021-07-17 08:45:00,2021-07-17 09:00:00,a84ee64f6552390ac0ad141d30f0d65f16c1ffd6f8f093dec0a13e0638bd49de,35,8,23.0,0,25.3,0.0,0,5,56.12596870134863,False,176.0,2021-07,LGB_medium,F2
2021-07-17,2021-07-16 16:00:00,2021-07-17 09:00:00,2021-07-17 09:15:00,a84ee64f6552390ac0ad141d30f0d65f16c1ffd6f8f093dec0a13e0638bd49de,36,9,23.0,0,25.9,0.0,0,5,56.30179864639921,False,176.0,2021-07,LGB_medium,F2
2021-07-17,2021-07-16 16:00:00,2021-07-17 09:15:00,2021-07-17 09:30:00,a84ee64f6552390ac0ad141d30f0d65f16c1ffd6f8f093dec0a13e0638bd49de,37,9,23.0,0,25.9,0.0,0,5,55.83148413408073,False,176.0,2021-07,LGB_medium,F2
2021-07-17,2021-07-16 16:00:00,2021-07-17 09:30:00,2021-07-17 09:45:00,a84ee64f6552390ac0ad141d30f0d65f16c1ffd6f8f093dec0a13e0638bd49de,38,9,22.0,0,25.9,0.0,0,5,56.30179864639921,False,176.0,2021-07,LGB_medium,F2
2021-07-17,2021-07-16 16:00:00,2021-07-17 09:45:00,2021-07-17 10:00:00,a84ee64f6552390ac0ad141d30f0d65f16c1ffd6f8f093dec0a13e0638bd49de,39,9,24.0,0,25.9,0.0,0,5,55.72288846541288,False,176.0,2021-07,LGB_medium,F2
2021-07-17,2021-07-16 16:00:00,2021-07-17 10:00:00,2021-07-17 10:15:00,a84ee64f6552390ac0ad141d30f0d65f16c1ffd6f8f093dec0a13e0638bd49de,40,10,24.0,0,26.4,0.0,0,5,56.02753678900869,False,176.0,2021-07,LGB_medium,F2
2021-07-17,2021-07-16 16:00:00,2021-07-17 10:15:00,2021-07-17 10:30:00,a84ee64f6552390ac0ad141d30f0d65f16c1ffd6f8f093dec0a13e0638bd49de,41,10,23.0,0,26.4,0.0,0,5,59.63808502623653,False,176.0,2021-07,LGB_medium,F2
2021-07-17,2021-07-16 16:00:00,2021-07-17 10:30:00,2021-07-17 10:45:00,a84ee64f6552390ac0ad141d30f0d65f16c1ffd6f8f093dec0a13e0638bd49de,42,10,23.0,0,26.4,0.0,0,5,59.693682601593366,False,176.0,2021-07,LGB_medium,F2
2021-07-17,2021-07-16 16:00:00,2021-07-17 10:45:00,2021-07-17 11:00:00,a84ee64f6552390ac0ad141d30f0d65f16c1ffd6f8f093dec0a13e0638bd49de,43,10,23.0,0,26.4,0.0,0,5,59.693682601593366,False,176.0,2021-07,LGB_medium,F2
2021-07-17,2021-07-16 16:00:00,2021-07-17 11:00:00,2021-07-17 11:15:00,a84ee64f6552390ac0ad141d30f0d65f16c1ffd6f8f093dec0a13e0638bd49de,44,11,23.0,0,26.8,0.0,0,5,60.05599655084423,False,176.0,2021-07,LGB_medium,F2
2021-07-17,2021-07-16 16:00:00,2021-07-17 11:15:00,2021-07-17 11:30:00,a84ee64f6552390ac0ad141d30f0d65f16c1ffd6f8f093dec0a13e0638bd49de,45,11,24.0,0,26.8,0.0,0,5,53.51301952660433,False,176.0,2021-07,LGB_medium,F2
2021-07-17,2021-07-16 16:00:00,2021-07-17 11:30:00,2021-07-17 11:45:00,a84ee64f6552390ac0ad141d30f0d65f16c1ffd6f8f093dec0a13e0638bd49de,46,11,23.0,0,26.8,0.0,0,5,52.71633887255605,False,176.0,2021-07,LGB_medium,F2
2021-07-17,2021-07-16 16:00:00,2021-07-17 11:45:00,2021-07-17 12:00:00,a84ee64f6552390ac0ad141d30f0d65f16c1ffd6f8f093dec0a13e0638bd49de,47,11,27.0,0,26.8,0.0,0,5,52.540397213892994,False,176.0,2021-07,LGB_medium,F2
2021-07-17,2021-07-16 16:00:00,2021-07-17 12:00:00,2021-07-17 12:15:00,a84ee64f6552390ac0ad141d30f0d65f16c1ffd6f8f093dec0a13e0638bd49de,48,12,26.0,0,27.0,0.0,0,5,44.557488627953816,False,176.0,2021-07,LGB_medium,F2
2021-07-17,2021-07-16 16:00:00,2021-07-17 12:15:00,2021-07-17 12:30:00,a84ee64f6552390ac0ad141d30f0d65f16c1ffd6f8f093dec0a13e0638bd49de,49,12,24.0,0,27.0,0.0,0,5,43.966969295133154,False,176.0,2021-07,LGB_medium,F2
2021-07-17,2021-07-16 16:00:00,2021-07-17 12:30:00,2021-07-17 12:45:00,a84ee64f6552390ac0ad141d30f0d65f16c1ffd6f8f093dec0a13e0638bd49de,50,12,23.0,0,27.0,0.0,0,5,44.36721326848833,False,176.0,2021-07,LGB_medium,F2
2021-07-17,2021-07-16 16:00:00,2021-07-17 12:45:00,2021-07-17 13:00:00,a84ee64f6552390ac0ad141d30f0d65f16c1ffd6f8f093dec0a13e0638bd49de,51,12,24.0,0,27.0,0.0,0,5,48.83718715426387,False,176.0,2021-07,LGB_medium,F2
2021-07-17,2021-07-16 16:00:00,2021-07-17 13:00:00,2021-07-17 13:15:00,a84ee64f6552390ac0ad141d30f0d65f16c1ffd6f8f093dec0a13e0638bd49de,52,13,24.0,0,27.3,0.0,0,5,54.366079231941974,False,176.0,2021-07,LGB_medium,F2
2021-07-17,2021-07-16 16:00:00,2021-07-17 13:15:00,2021-07-17 13:30:00,a84ee64f6552390ac0ad141d30f0d65f16c1ffd6f8f093dec0a13e0638bd49de,53,13,23.0,0,27.3,0.0,0,5,58.28871210449648,False,176.0,2021-07,LGB_medium,F2
2021-07-17,2021-07-16 16:00:00,2021-07-17 13:30:00,2021-07-17 13:45:00,a84ee64f6552390ac0ad141d30f0d65f16c1ffd6f8f093dec0a13e0638bd49de,54,13,23.0,0,27.3,0.0,0,5,55.53849351189972,False,176.0,2021-07,LGB_medium,F2
2021-07-17,2021-07-16 16:00:00,2021-07-17 13:45:00,2021-07-17 14:00:00,a84ee64f6552390ac0ad141d30f0d65f16c1ffd6f8f093dec0a13e0638bd49de,55,13,23.0,0,27.3,0.0,0,5,54.85766689880603,False,176.0,2021-07,LGB_medium,F2
2021-07-17,2021-07-16 16:00:00,2021-07-17 14:00:00,2021-07-17 14:15:00,a84ee64f6552390ac0ad141d30f0d65f16c1ffd6f8f093dec0a13e0638bd49de,56,14,23.0,0,26.8,0.0,0,5,54.51405388377975,False,176.0,2021-07,LGB_medium,F2
2021-07-17,2021-07-16 16:00:00,2021-07-17 14:15:00,2021-07-17 14:30:00,a84ee64f6552390ac0ad141d30f0d65f16c1ffd6f8f093dec0a13e0638bd49de,57,14,24.0,0,26.8,0.0,0,5,54.24674352321795,False,176.0,2021-07,LGB_medium,F2
2021-07-17,2021-07-16 16:00:00,2021-07-17 14:30:00,2021-07-17 14:45:00,a84ee64f6552390ac0ad141d30f0d65f16c1ffd6f8f093dec0a13e0638bd49de,58,14,23.0,0,26.8,0.0,0,5,54.24674352321795,False,176.0,2021-07,LGB_medium,F2
2021-07-17,2021-07-16 16:00:00,2021-07-17 14:45:00,2021-07-17 15:00:00,a84ee64f6552390ac0ad141d30f0d65f16c1ffd6f8f093dec0a13e0638bd49de,59,14,23.0,0,26.8,0.0,0,5,54.617226858722624,False,176.0,2021-07,LGB_medium,F2
2021-07-17,2021-07-16 16:00:00,2021-07-17 15:00:00,2021-07-17 15:15:00,a84ee64f6552390ac0ad141d30f0d65f16c1ffd6f8f093dec0a13e0638bd49de,60,15,28.0,0,28.2,0.0,0,5,54.617226858722624,False,176.0,2021-07,LGB_medium,F2
2021-07-17,2021-07-16 16:00:00,2021-07-17 15:15:00,2021-07-17 15:30:00,a84ee64f6552390ac0ad141d30f0d65f16c1ffd6f8f093dec0a13e0638bd49de,61,15,27.0,0,28.2,0.0,0,5,54.62292442480381,False,176.0,2021-07,LGB_medium,F2
2021-07-17,2021-07-16 16:00:00,2021-07-17 15:30:00,2021-07-17 15:45:00,a84ee64f6552390ac0ad141d30f0d65f16c1ffd6f8f093dec0a13e0638bd49de,62,15,23.0,0,28.2,0.0,0,5,54.62292442480381,False,176.0,2021-07,LGB_medium,F2
2021-07-17,2021-07-16 16:00:00,2021-07-17 15:45:00,2021-07-17 16:00:00,a84ee64f6552390ac0ad141d30f0d65f16c1ffd6f8f093dec0a13e0638bd49de,63,15,23.0,0,28.2,0.0,0,5,54.83091764777661,False,176.0,2021-07,LGB_medium,F2
2021-07-17,2021-07-16 16:00:00,2021-07-17 16:00:00,2021-07-17 16:15:00,a84ee64f6552390ac0ad141d30f0d65f16c1ffd6f8f093dec0a13e0638bd49de,64,16,23.0,0,28.4,0.0,0,5,54.62292442480381,False,176.0,2021-07,LGB_medium,F2
2021-07-17,2021-07-16 16:00:00,2021-07-17 16:15:00,2021-07-17 16:30:00,a84ee64f6552390ac0ad141d30f0d65f16c1ffd6f8f093dec0a13e0638bd49de,65,16,23.0,0,28.4,0.0,0,5,55.60936186034479,False,176.0,2021-07,LGB_medium,F2
2021-07-17,2021-07-16 16:00:00,2021-07-17 16:30:00,2021-07-17 16:45:00,a84ee64f6552390ac0ad141d30f0d65f16c1ffd6f8f093dec0a13e0638bd49de,66,16,24.0,0,28.4,0.0,0,5,54.990308686087005,False,176.0,2021-07,LGB_medium,F2
2021-07-17,2021-07-16 16:00:00,2021-07-17 16:45:00,2021-07-17 17:00:00,a84ee64f6552390ac0ad141d30f0d65f16c1ffd6f8f093dec0a13e0638bd49de,67,16,22.0,0,28.4,0.0,0,5,54.7056517863901,False,176.0,2021-07,LGB_medium,F2
2021-07-17,2021-07-16 16:00:00,2021-07-17 17:00:00,2021-07-17 17:15:00,a84ee64f6552390ac0ad141d30f0d65f16c1ffd6f8f093dec0a13e0638bd49de,68,17,22.0,0,26.4,0.0,0,5,52.523810412204085,False,176.0,2021-07,LGB_medium,F2
2021-07-17,2021-07-16 16:00:00,2021-07-17 17:15:00,2021-07-17 17:30:00,a84ee64f6552390ac0ad141d30f0d65f16c1ffd6f8f093dec0a13e0638bd49de,69,17,22.0,0,26.4,0.0,0,5,52.31957806878458,False,176.0,2021-07,LGB_medium,F2
2021-07-17,2021-07-16 16:00:00,2021-07-17 17:30:00,2021-07-17 17:45:00,a84ee64f6552390ac0ad141d30f0d65f16c1ffd6f8f093dec0a13e0638bd49de,70,17,23.0,0,26.4,0.0,0,5,53.72133710151405,False,176.0,2021-07,LGB_medium,F2
2021-07-17,2021-07-16 16:00:00,2021-07-17 17:45:00,2021-07-17 18:00:00,a84ee64f6552390ac0ad141d30f0d65f16c1ffd6f8f093dec0a13e0638bd49de,71,17,22.0,0,26.4,0.0,0,5,55.47631189340039,False,176.0,2021-07,LGB_medium,F2
2021-07-17,2021-07-16 16:00:00,2021-07-17 18:00:00,2021-07-17 18:15:00,a84ee64f6552390ac0ad141d30f0d65f16c1ffd6f8f093dec0a13e0638bd49de,72,18,22.0,0,25.9,0.0,0,5,55.515948225439075,False,176.0,2021-07,LGB_medium,F2
2021-07-17,2021-07-16 16:00:00,2021-07-17 18:15:00,2021-07-17 18:30:00,a84ee64f6552390ac0ad141d30f0d65f16c1ffd6f8f093dec0a13e0638bd49de,73,18,25.0,0,25.9,0.0,0,5,54.7462820268215,False,176.0,2021-07,LGB_medium,F2
2021-07-17,2021-07-16 16:00:00,2021-07-17 18:30:00,2021-07-17 18:45:00,a84ee64f6552390ac0ad141d30f0d65f16c1ffd6f8f093dec0a13e0638bd49de,74,18,27.0,0,25.9,0.0,0,5,52.146726589119005,False,176.0,2021-07,LGB_medium,F2
2021-07-17,2021-07-16 16:00:00,2021-07-17 18:45:00,2021-07-17 19:00:00,a84ee64f6552390ac0ad141d30f0d65f16c1ffd6f8f093dec0a13e0638bd49de,75,18,23.0,0,25.9,0.0,0,5,47.66704555354223,False,176.0,2021-07,LGB_medium,F2
2021-07-17,2021-07-16 16:00:00,2021-07-17 19:00:00,2021-07-17 19:15:00,a84ee64f6552390ac0ad141d30f0d65f16c1ffd6f8f093dec0a13e0638bd49de,76,19,22.0,0,25.3,0.0,0,5,47.480027198470964,False,176.0,2021-07,LGB_medium,F2
2021-07-17,2021-07-16 16:00:00,2021-07-17 19:15:00,2021-07-17 19:30:00,a84ee64f6552390ac0ad141d30f0d65f16c1ffd6f8f093dec0a13e0638bd49de,77,19,23.0,0,25.3,0.0,0,5,48.231343475952315,False,176.0,2021-07,LGB_medium,F2
2021-07-17,2021-07-16 16:00:00,2021-07-17 19:30:00,2021-07-17 19:45:00,a84ee64f6552390ac0ad141d30f0d65f16c1ffd6f8f093dec0a13e0638bd49de,78,19,23.0,0,25.3,0.0,0,5,47.31661442902616,False,176.0,2021-07,LGB_medium,F2
2021-07-17,2021-07-16 16:00:00,2021-07-17 19:45:00,2021-07-17 20:00:00,a84ee64f6552390ac0ad141d30f0d65f16c1ffd6f8f093dec0a13e0638bd49de,79,19,23.0,0,25.3,0.0,0,5,44.9773111073748,False,176.0,2021-07,LGB_medium,F2
2021-07-17,2021-07-16 16:00:00,2021-07-17 20:00:00,2021-07-17 20:15:00,a84ee64f6552390ac0ad141d30f0d65f16c1ffd6f8f093dec0a13e0638bd49de,80,20,23.0,0,25.3,0.0,0,5,45.688266744349185,False,176.0,2021-07,LGB_medium,F2
2021-07-17,2021-07-16 16:00:00,2021-07-17 20:15:00,2021-07-17 20:30:00,a84ee64f6552390ac0ad141d30f0d65f16c1ffd6f8f093dec0a13e0638bd49de,81,20,22.0,0,25.3,0.0,0,5,44.66395705875454,False,176.0,2021-07,LGB_medium,F2
2021-07-17,2021-07-16 16:00:00,2021-07-17 20:30:00,2021-07-17 20:45:00,a84ee64f6552390ac0ad141d30f0d65f16c1ffd6f8f093dec0a13e0638bd49de,82,20,23.0,0,25.3,0.0,0,5,44.81534683881173,False,176.0,2021-07,LGB_medium,F2
2021-07-17,2021-07-16 16:00:00,2021-07-17 20:45:00,2021-07-17 21:00:00,a84ee64f6552390ac0ad141d30f0d65f16c1ffd6f8f093dec0a13e0638bd49de,83,20,23.0,0,25.3,0.0,0,5,44.217873538258345,False,176.0,2021-07,LGB_medium,F2
2021-07-17,2021-07-16 16:00:00,2021-07-17 21:00:00,2021-07-17 21:15:00,a84ee64f6552390ac0ad141d30f0d65f16c1ffd6f8f093dec0a13e0638bd49de,84,21,24.0,0,25.4,0.0,0,5,44.33733780898163,False,176.0,2021-07,LGB_medium,F2
2021-07-17,2021-07-16 16:00:00,2021-07-17 21:15:00,2021-07-17 21:30:00,a84ee64f6552390ac0ad141d30f0d65f16c1ffd6f8f093dec0a13e0638bd49de,85,21,24.0,0,25.4,0.0,0,5,44.180250462843254,False,176.0,2021-07,LGB_medium,F2
2021-07-17,2021-07-16 16:00:00,2021-07-17 21:30:00,2021-07-17 21:45:00,a84ee64f6552390ac0ad141d30f0d65f16c1ffd6f8f093dec0a13e0638bd49de,86,21,23.0,0,25.4,0.0,0,5,44.134813089895225,False,176.0,2021-07,LGB_medium,F2
2021-07-17,2021-07-16 16:00:00,2021-07-17 21:45:00,2021-07-17 22:00:00,a84ee64f6552390ac0ad141d30f0d65f16c1ffd6f8f093dec0a13e0638bd49de,87,21,24.0,0,25.4,0.0,0,5,43.57728394588219,False,176.0,2021-07,LGB_medium,F2
2021-07-17,2021-07-16 16:00:00,2021-07-17 22:00:00,2021-07-17 22:15:00,a84ee64f6552390ac0ad141d30f0d65f16c1ffd6f8f093dec0a13e0638bd49de,88,22,28.0,0,25.3,0.0,0,5,43.02472138500338,False,176.0,2021-07,LGB_medium,F2
2021-07-17,2021-07-16 16:00:00,2021-07-17 22:15:00,2021-07-17 22:30:00,a84ee64f6552390ac0ad141d30f0d65f16c1ffd6f8f093dec0a13e0638bd49de,89,22,24.0,0,25.3,0.0,0,5,43.491826757723324,False,176.0,2021-07,LGB_medium,F2
2021-07-17,2021-07-16 16:00:00,2021-07-17 22:30:00,2021-07-17 22:45:00,a84ee64f6552390ac0ad141d30f0d65f16c1ffd6f8f093dec0a13e0638bd49de,90,22,24.0,0,25.3,0.0,0,5,43.70438089723379,False,176.0,2021-07,LGB_medium,F2
2021-07-17,2021-07-16 16:00:00,2021-07-17 22:45:00,2021-07-17 23:00:00,a84ee64f6552390ac0ad141d30f0d65f16c1ffd6f8f093dec0a13e0638bd49de,91,22,24.0,0,25.3,0.0,0,5,43.13437129298893,False,176.0,2021-07,LGB_medium,F2
2021-07-17,2021-07-16 16:00:00,2021-07-17 23:00:00,2021-07-17 23:15:00,a84ee64f6552390ac0ad141d30f0d65f16c1ffd6f8f093dec0a13e0638bd49de,92,23,23.0,0,25.0,0.0,0,5,42.05228193995524,False,176.0,2021-07,LGB_medium,F2
2021-07-17,2021-07-16 16:00:00,2021-07-17 23:15:00,2021-07-17 23:30:00,a84ee64f6552390ac0ad141d30f0d65f16c1ffd6f8f093dec0a13e0638bd49de,93,23,22.0,0,25.0,0.0,0,5,40.11549199831178,False,176.0,2021-07,LGB_medium,F2
2021-07-17,2021-07-16 16:00:00,2021-07-17 23:30:00,2021-07-17 23:45:00,a84ee64f6552390ac0ad141d30f0d65f16c1ffd6f8f093dec0a13e0638bd49de,94,23,23.0,0,25.0,0.0,0,5,39.25663719280171,False,176.0,2021-07,LGB_medium,F2
2021-07-17,2021-07-16 16:00:00,2021-07-17 23:45:00,2021-07-18 00:00:00,a84ee64f6552390ac0ad141d30f0d65f16c1ffd6f8f093dec0a13e0638bd49de,95,23,24.0,0,25.0,0.0,0,5,39.15949570060904,False,176.0,2021-07,LGB_medium,F2
2021-07-18,2021-07-17 16:00:00,2021-07-18 00:00:00,2021-07-18 00:15:00,738ffc06780fbddfc50b1ba026b0d3515080ba38325f2d987ef2f4c06e7f4023,0,0,23.0,0,24.5,0.0,0,6,16.199141051299424,False,176.0,2021-07,LGB_medium,F2
2021-07-18,2021-07-17 16:00:00,2021-07-18 00:15:00,2021-07-18 00:30:00,738ffc06780fbddfc50b1ba026b0d3515080ba38325f2d987ef2f4c06e7f4023,1,0,22.0,0,24.5,0.0,0,6,16.148198288423355,False,176.0,2021-07,LGB_medium,F2
2021-07-18,2021-07-17 16:00:00,2021-07-18 00:30:00,2021-07-18 00:45:00,738ffc06780fbddfc50b1ba026b0d3515080ba38325f2d987ef2f4c06e7f4023,2,0,23.0,0,24.5,0.0,0,6,17.125507289294987,False,176.0,2021-07,LGB_medium,F2
2021-07-18,2021-07-17 16:00:00,2021-07-18 00:45:00,2021-07-18 01:00:00,738ffc06780fbddfc50b1ba026b0d3515080ba38325f2d987ef2f4c06e7f4023,3,0,24.0,0,24.5,0.0,0,6,17.647881545320246,False,176.0,2021-07,LGB_medium,F2
2021-07-18,2021-07-17 16:00:00,2021-07-18 01:00:00,2021-07-18 01:15:00,738ffc06780fbddfc50b1ba026b0d3515080ba38325f2d987ef2f4c06e7f4023,4,1,28.0,0,24.5,0.0,0,6,17.780546826329424,False,176.0,2021-07,LGB_medium,F2
2021-07-18,2021-07-17 16:00:00,2021-07-18 01:15:00,2021-07-18 01:30:00,738ffc06780fbddfc50b1ba026b0d3515080ba38325f2d987ef2f4c06e7f4023,5,1,26.0,0,24.5,0.0,0,6,18.60105889788343,False,176.0,2021-07,LGB_medium,F2
2021-07-18,2021-07-17 16:00:00,2021-07-18 01:30:00,2021-07-18 01:45:00,738ffc06780fbddfc50b1ba026b0d3515080ba38325f2d987ef2f4c06e7f4023,6,1,23.0,0,24.5,0.0,0,6,20.259862143663725,False,176.0,2021-07,LGB_medium,F2
2021-07-18,2021-07-17 16:00:00,2021-07-18 01:45:00,2021-07-18 02:00:00,738ffc06780fbddfc50b1ba026b0d3515080ba38325f2d987ef2f4c06e7f4023,7,1,23.0,0,24.5,0.0,0,6,18.883181235221357,False,176.0,2021-07,LGB_medium,F2
2021-07-18,2021-07-17 16:00:00,2021-07-18 02:00:00,2021-07-18 02:15:00,738ffc06780fbddfc50b1ba026b0d3515080ba38325f2d987ef2f4c06e7f4023,8,2,23.0,0,24.2,0.0,0,6,18.001767680178315,False,176.0,2021-07,LGB_medium,F2
2021-07-18,2021-07-17 16:00:00,2021-07-18 02:15:00,2021-07-18 02:30:00,738ffc06780fbddfc50b1ba026b0d3515080ba38325f2d987ef2f4c06e7f4023,9,2,23.0,0,24.2,0.0,0,6,18.001767680178315,False,176.0,2021-07,LGB_medium,F2
2021-07-18,2021-07-17 16:00:00,2021-07-18 02:30:00,2021-07-18 02:45:00,738ffc06780fbddfc50b1ba026b0d3515080ba38325f2d987ef2f4c06e7f4023,10,2,23.0,0,24.2,0.0,0,6,15.930306499319808,False,176.0,2021-07,LGB_medium,F2
2021-07-18,2021-07-17 16:00:00,2021-07-18 02:45:00,2021-07-18 03:00:00,738ffc06780fbddfc50b1ba026b0d3515080ba38325f2d987ef2f4c06e7f4023,11,2,24.0,0,24.2,0.0,0,6,15.930306499319808,False,176.0,2021-07,LGB_medium,F2
2021-07-18,2021-07-17 16:00:00,2021-07-18 03:00:00,2021-07-18 03:15:00,738ffc06780fbddfc50b1ba026b0d3515080ba38325f2d987ef2f4c06e7f4023,12,3,22.0,0,24.0,0.0,0,6,17.770241311960408,False,176.0,2021-07,LGB_medium,F2
2021-07-18,2021-07-17 16:00:00,2021-07-18 03:15:00,2021-07-18 03:30:00,738ffc06780fbddfc50b1ba026b0d3515080ba38325f2d987ef2f4c06e7f4023,13,3,23.0,0,24.0,0.0,0,6,15.680455056415441,False,176.0,2021-07,LGB_medium,F2
2021-07-18,2021-07-17 16:00:00,2021-07-18 03:30:00,2021-07-18 03:45:00,738ffc06780fbddfc50b1ba026b0d3515080ba38325f2d987ef2f4c06e7f4023,14,3,24.0,0,24.0,0.0,0,6,17.55035474472086,False,176.0,2021-07,LGB_medium,F2
2021-07-18,2021-07-17 16:00:00,2021-07-18 03:45:00,2021-07-18 04:00:00,738ffc06780fbddfc50b1ba026b0d3515080ba38325f2d987ef2f4c06e7f4023,15,3,23.0,0,24.0,0.0,0,6,17.55035474472086,False,176.0,2021-07,LGB_medium,F2
2021-07-18,2021-07-17 16:00:00,2021-07-18 04:00:00,2021-07-18 04:15:00,738ffc06780fbddfc50b1ba026b0d3515080ba38325f2d987ef2f4c06e7f4023,16,4,23.0,0,23.6,0.0,0,6,17.55035474472086,False,176.0,2021-07,LGB_medium,F2
2021-07-18,2021-07-17 16:00:00,2021-07-18 04:15:00,2021-07-18 04:30:00,738ffc06780fbddfc50b1ba026b0d3515080ba38325f2d987ef2f4c06e7f4023,17,4,28.0,0,23.6,0.0,0,6,15.085387936754978,False,176.0,2021-07,LGB_medium,F2
2021-07-18,2021-07-17 16:00:00,2021-07-18 04:30:00,2021-07-18 04:45:00,738ffc06780fbddfc50b1ba026b0d3515080ba38325f2d987ef2f4c06e7f4023,18,4,25.0,0,23.6,0.0,0,6,17.80062166125376,False,176.0,2021-07,LGB_medium,F2
2021-07-18,2021-07-17 16:00:00,2021-07-18 04:45:00,2021-07-18 05:00:00,738ffc06780fbddfc50b1ba026b0d3515080ba38325f2d987ef2f4c06e7f4023,19,4,23.0,0,23.6,0.0,0,6,17.72710048387456,False,176.0,2021-07,LGB_medium,F2
2021-07-18,2021-07-17 16:00:00,2021-07-18 05:00:00,2021-07-18 05:15:00,738ffc06780fbddfc50b1ba026b0d3515080ba38325f2d987ef2f4c06e7f4023,20,5,22.0,0,23.5,0.0,0,6,18.172968785072303,False,176.0,2021-07,LGB_medium,F2
2021-07-18,2021-07-17 16:00:00,2021-07-18 05:15:00,2021-07-18 05:30:00,738ffc06780fbddfc50b1ba026b0d3515080ba38325f2d987ef2f4c06e7f4023,21,5,22.0,0,23.5,0.0,0,6,15.68876639648547,False,176.0,2021-07,LGB_medium,F2
2021-07-18,2021-07-17 16:00:00,2021-07-18 05:30:00,2021-07-18 05:45:00,738ffc06780fbddfc50b1ba026b0d3515080ba38325f2d987ef2f4c06e7f4023,22,5,22.0,0,23.5,0.0,0,6,12.590162720455416,False,176.0,2021-07,LGB_medium,F2
2021-07-18,2021-07-17 16:00:00,2021-07-18 05:45:00,2021-07-18 06:00:00,738ffc06780fbddfc50b1ba026b0d3515080ba38325f2d987ef2f4c06e7f4023,23,5,22.0,0,23.5,0.0,0,6,13.954894480726379,False,176.0,2021-07,LGB_medium,F2
2021-07-18,2021-07-17 16:00:00,2021-07-18 06:00:00,2021-07-18 06:15:00,738ffc06780fbddfc50b1ba026b0d3515080ba38325f2d987ef2f4c06e7f4023,24,6,23.0,0,24.0,0.0,0,6,15.736171663158999,False,176.0,2021-07,LGB_medium,F2
2021-07-18,2021-07-17 16:00:00,2021-07-18 06:15:00,2021-07-18 06:30:00,738ffc06780fbddfc50b1ba026b0d3515080ba38325f2d987ef2f4c06e7f4023,25,6,23.0,0,24.0,0.0,0,6,14.078434443915718,False,176.0,2021-07,LGB_medium,F2
2021-07-18,2021-07-17 16:00:00,2021-07-18 06:30:00,2021-07-18 06:45:00,738ffc06780fbddfc50b1ba026b0d3515080ba38325f2d987ef2f4c06e7f4023,26,6,23.0,0,24.0,0.0,0,6,13.900032450382216,False,176.0,2021-07,LGB_medium,F2
2021-07-18,2021-07-17 16:00:00,2021-07-18 06:45:00,2021-07-18 07:00:00,738ffc06780fbddfc50b1ba026b0d3515080ba38325f2d987ef2f4c06e7f4023,27,6,22.0,0,24.0,0.0,0,6,13.792048666747544,False,176.0,2021-07,LGB_medium,F2
2021-07-18,2021-07-17 16:00:00,2021-07-18 07:00:00,2021-07-18 07:15:00,738ffc06780fbddfc50b1ba026b0d3515080ba38325f2d987ef2f4c06e7f4023,28,7,23.0,0,26.5,0.0,0,6,14.382236910772495,False,176.0,2021-07,LGB_medium,F2
2021-07-18,2021-07-17 16:00:00,2021-07-18 07:15:00,2021-07-18 07:30:00,738ffc06780fbddfc50b1ba026b0d3515080ba38325f2d987ef2f4c06e7f4023,29,7,25.0,0,26.5,0.0,0,6,16.47299099148295,False,176.0,2021-07,LGB_medium,F2
2021-07-18,2021-07-17 16:00:00,2021-07-18 07:30:00,2021-07-18 07:45:00,738ffc06780fbddfc50b1ba026b0d3515080ba38325f2d987ef2f4c06e7f4023,30,7,28.0,0,26.5,0.0,0,6,20.11972381704291,False,176.0,2021-07,LGB_medium,F2
2021-07-18,2021-07-17 16:00:00,2021-07-18 07:45:00,2021-07-18 08:00:00,738ffc06780fbddfc50b1ba026b0d3515080ba38325f2d987ef2f4c06e7f4023,31,7,25.0,0,26.5,0.0,0,6,21.007605534114017,False,176.0,2021-07,LGB_medium,F2
2021-07-18,2021-07-17 16:00:00,2021-07-18 08:00:00,2021-07-18 08:15:00,738ffc06780fbddfc50b1ba026b0d3515080ba38325f2d987ef2f4c06e7f4023,32,8,22.0,0,27.2,0.0,0,6,27.602518851979056,False,176.0,2021-07,LGB_medium,F2
2021-07-18,2021-07-17 16:00:00,2021-07-18 08:15:00,2021-07-18 08:30:00,738ffc06780fbddfc50b1ba026b0d3515080ba38325f2d987ef2f4c06e7f4023,33,8,23.0,0,27.2,0.0,0,6,31.837286165148537,False,176.0,2021-07,LGB_medium,F2
2021-07-18,2021-07-17 16:00:00,2021-07-18 08:30:00,2021-07-18 08:45:00,738ffc06780fbddfc50b1ba026b0d3515080ba38325f2d987ef2f4c06e7f4023,34,8,23.0,0,27.2,0.0,0,6,30.969027092692286,False,176.0,2021-07,LGB_medium,F2
2021-07-18,2021-07-17 16:00:00,2021-07-18 08:45:00,2021-07-18 09:00:00,738ffc06780fbddfc50b1ba026b0d3515080ba38325f2d987ef2f4c06e7f4023,35,8,24.0,0,27.2,0.0,0,6,29.45984333679682,False,176.0,2021-07,LGB_medium,F2
2021-07-18,2021-07-17 16:00:00,2021-07-18 09:00:00,2021-07-18 09:15:00,738ffc06780fbddfc50b1ba026b0d3515080ba38325f2d987ef2f4c06e7f4023,36,9,22.0,0,27.7,0.0,0,6,28.89226694316928,False,176.0,2021-07,LGB_medium,F2
2021-07-18,2021-07-17 16:00:00,2021-07-18 09:15:00,2021-07-18 09:30:00,738ffc06780fbddfc50b1ba026b0d3515080ba38325f2d987ef2f4c06e7f4023,37,9,23.0,0,27.7,0.0,0,6,25.282161667953197,False,176.0,2021-07,LGB_medium,F2
2021-07-18,2021-07-17 16:00:00,2021-07-18 09:30:00,2021-07-18 09:45:00,738ffc06780fbddfc50b1ba026b0d3515080ba38325f2d987ef2f4c06e7f4023,38,9,23.0,0,27.7,0.0,0,6,28.43524830839681,False,176.0,2021-07,LGB_medium,F2
2021-07-18,2021-07-17 16:00:00,2021-07-18 09:45:00,2021-07-18 10:00:00,738ffc06780fbddfc50b1ba026b0d3515080ba38325f2d987ef2f4c06e7f4023,39,9,23.0,0,27.7,0.0,0,6,28.740201570967994,False,176.0,2021-07,LGB_medium,F2
2021-07-18,2021-07-17 16:00:00,2021-07-18 10:00:00,2021-07-18 10:15:00,738ffc06780fbddfc50b1ba026b0d3515080ba38325f2d987ef2f4c06e7f4023,40,10,22.0,0,28.8,0.0,0,6,25.351132395208147,False,176.0,2021-07,LGB_medium,F2
2021-07-18,2021-07-17 16:00:00,2021-07-18 10:15:00,2021-07-18 10:30:00,738ffc06780fbddfc50b1ba026b0d3515080ba38325f2d987ef2f4c06e7f4023,41,10,22.0,0,28.8,0.0,0,6,25.988221088878614,False,176.0,2021-07,LGB_medium,F2
2021-07-18,2021-07-17 16:00:00,2021-07-18 10:30:00,2021-07-18 10:45:00,738ffc06780fbddfc50b1ba026b0d3515080ba38325f2d987ef2f4c06e7f4023,42,10,23.0,0,28.8,0.0,0,6,30.319728829517317,False,176.0,2021-07,LGB_medium,F2
2021-07-18,2021-07-17 16:00:00,2021-07-18 10:45:00,2021-07-18 11:00:00,738ffc06780fbddfc50b1ba026b0d3515080ba38325f2d987ef2f4c06e7f4023,43,10,23.0,0,28.8,0.0,0,6,29.596287335818012,False,176.0,2021-07,LGB_medium,F2
2021-07-18,2021-07-17 16:00:00,2021-07-18 11:00:00,2021-07-18 11:15:00,738ffc06780fbddfc50b1ba026b0d3515080ba38325f2d987ef2f4c06e7f4023,44,11,24.0,0,28.1,0.0,0,6,27.834423797663977,False,176.0,2021-07,LGB_medium,F2
2021-07-18,2021-07-17 16:00:00,2021-07-18 11:15:00,2021-07-18 11:30:00,738ffc06780fbddfc50b1ba026b0d3515080ba38325f2d987ef2f4c06e7f4023,45,11,27.0,0,28.1,0.0,0,6,26.925786221678113,False,176.0,2021-07,LGB_medium,F2
2021-07-18,2021-07-17 16:00:00,2021-07-18 11:30:00,2021-07-18 11:45:00,738ffc06780fbddfc50b1ba026b0d3515080ba38325f2d987ef2f4c06e7f4023,46,11,23.0,0,28.1,0.0,0,6,28.898474354762676,False,176.0,2021-07,LGB_medium,F2
2021-07-18,2021-07-17 16:00:00,2021-07-18 11:45:00,2021-07-18 12:00:00,738ffc06780fbddfc50b1ba026b0d3515080ba38325f2d987ef2f4c06e7f4023,47,11,24.0,0,28.1,0.0,0,6,26.330888820285384,False,176.0,2021-07,LGB_medium,F2
2021-07-18,2021-07-17 16:00:00,2021-07-18 12:00:00,2021-07-18 12:15:00,738ffc06780fbddfc50b1ba026b0d3515080ba38325f2d987ef2f4c06e7f4023,48,12,23.0,0,28.4,0.0,0,6,21.234571510031543,False,176.0,2021-07,LGB_medium,F2
2021-07-18,2021-07-17 16:00:00,2021-07-18 12:15:00,2021-07-18 12:30:00,738ffc06780fbddfc50b1ba026b0d3515080ba38325f2d987ef2f4c06e7f4023,49,12,23.0,0,28.4,0.0,0,6,20.37838453718014,False,176.0,2021-07,LGB_medium,F2
2021-07-18,2021-07-17 16:00:00,2021-07-18 12:30:00,2021-07-18 12:45:00,738ffc06780fbddfc50b1ba026b0d3515080ba38325f2d987ef2f4c06e7f4023,50,12,22.0,0,28.4,0.0,0,6,21.47958355816295,False,176.0,2021-07,LGB_medium,F2
2021-07-18,2021-07-17 16:00:00,2021-07-18 12:45:00,2021-07-18 13:00:00,738ffc06780fbddfc50b1ba026b0d3515080ba38325f2d987ef2f4c06e7f4023,51,12,23.0,0,28.4,0.0,0,6,22.611549927166976,False,176.0,2021-07,LGB_medium,F2
2021-07-18,2021-07-17 16:00:00,2021-07-18 13:00:00,2021-07-18 13:15:00,738ffc06780fbddfc50b1ba026b0d3515080ba38325f2d987ef2f4c06e7f4023,52,13,23.0,0,28.4,0.0,0,6,25.667770546745267,False,176.0,2021-07,LGB_medium,F2
2021-07-18,2021-07-17 16:00:00,2021-07-18 13:15:00,2021-07-18 13:30:00,738ffc06780fbddfc50b1ba026b0d3515080ba38325f2d987ef2f4c06e7f4023,53,13,23.0,0,28.4,0.0,0,6,26.726181832907315,False,176.0,2021-07,LGB_medium,F2
2021-07-18,2021-07-17 16:00:00,2021-07-18 13:30:00,2021-07-18 13:45:00,738ffc06780fbddfc50b1ba026b0d3515080ba38325f2d987ef2f4c06e7f4023,54,13,23.0,0,28.4,0.0,0,6,27.305596123341452,False,176.0,2021-07,LGB_medium,F2
2021-07-18,2021-07-17 16:00:00,2021-07-18 13:45:00,2021-07-18 14:00:00,738ffc06780fbddfc50b1ba026b0d3515080ba38325f2d987ef2f4c06e7f4023,55,13,23.0,0,28.4,0.0,0,6,26.610373631967,False,176.0,2021-07,LGB_medium,F2
2021-07-18,2021-07-17 16:00:00,2021-07-18 14:00:00,2021-07-18 14:15:00,738ffc06780fbddfc50b1ba026b0d3515080ba38325f2d987ef2f4c06e7f4023,56,14,24.0,0,28.7,0.0,0,6,24.644460889556232,False,176.0,2021-07,LGB_medium,F2
2021-07-18,2021-07-17 16:00:00,2021-07-18 14:15:00,2021-07-18 14:30:00,738ffc06780fbddfc50b1ba026b0d3515080ba38325f2d987ef2f4c06e7f4023,57,14,25.0,0,28.7,0.0,0,6,24.92503795460124,False,176.0,2021-07,LGB_medium,F2
2021-07-18,2021-07-17 16:00:00,2021-07-18 14:30:00,2021-07-18 14:45:00,738ffc06780fbddfc50b1ba026b0d3515080ba38325f2d987ef2f4c06e7f4023,58,14,27.0,0,28.7,0.0,0,6,28.16840731228742,False,176.0,2021-07,LGB_medium,F2
2021-07-18,2021-07-17 16:00:00,2021-07-18 14:45:00,2021-07-18 15:00:00,738ffc06780fbddfc50b1ba026b0d3515080ba38325f2d987ef2f4c06e7f4023,59,14,24.0,0,28.7,0.0,0,6,27.536566469638924,False,176.0,2021-07,LGB_medium,F2
2021-07-18,2021-07-17 16:00:00,2021-07-18 15:00:00,2021-07-18 15:15:00,738ffc06780fbddfc50b1ba026b0d3515080ba38325f2d987ef2f4c06e7f4023,60,15,24.0,0,27.8,0.0,0,6,25.196042224536075,False,176.0,2021-07,LGB_medium,F2
2021-07-18,2021-07-17 16:00:00,2021-07-18 15:15:00,2021-07-18 15:30:00,738ffc06780fbddfc50b1ba026b0d3515080ba38325f2d987ef2f4c06e7f4023,61,15,26.0,0,27.8,0.0,0,6,24.94825029321311,False,176.0,2021-07,LGB_medium,F2
2021-07-18,2021-07-17 16:00:00,2021-07-18 15:30:00,2021-07-18 15:45:00,738ffc06780fbddfc50b1ba026b0d3515080ba38325f2d987ef2f4c06e7f4023,62,15,24.0,0,27.8,0.0,0,6,27.241504173080333,False,176.0,2021-07,LGB_medium,F2
2021-07-18,2021-07-17 16:00:00,2021-07-18 15:45:00,2021-07-18 16:00:00,738ffc06780fbddfc50b1ba026b0d3515080ba38325f2d987ef2f4c06e7f4023,63,15,23.0,0,27.8,0.0,0,6,25.67960560058147,False,176.0,2021-07,LGB_medium,F2
2021-07-18,2021-07-17 16:00:00,2021-07-18 16:00:00,2021-07-18 16:15:00,738ffc06780fbddfc50b1ba026b0d3515080ba38325f2d987ef2f4c06e7f4023,64,16,23.0,0,27.6,0.0,0,6,26.379635299381068,False,176.0,2021-07,LGB_medium,F2
2021-07-18,2021-07-17 16:00:00,2021-07-18 16:15:00,2021-07-18 16:30:00,738ffc06780fbddfc50b1ba026b0d3515080ba38325f2d987ef2f4c06e7f4023,65,16,23.0,0,27.6,0.0,0,6,25.52498553716671,False,176.0,2021-07,LGB_medium,F2
2021-07-18,2021-07-17 16:00:00,2021-07-18 16:30:00,2021-07-18 16:45:00,738ffc06780fbddfc50b1ba026b0d3515080ba38325f2d987ef2f4c06e7f4023,66,16,23.0,0,27.6,0.0,0,6,24.862967296207888,False,176.0,2021-07,LGB_medium,F2
2021-07-18,2021-07-17 16:00:00,2021-07-18 16:45:00,2021-07-18 17:00:00,738ffc06780fbddfc50b1ba026b0d3515080ba38325f2d987ef2f4c06e7f4023,67,16,23.0,0,27.6,0.0,0,6,25.07096051918069,False,176.0,2021-07,LGB_medium,F2
2021-07-18,2021-07-17 16:00:00,2021-07-18 17:00:00,2021-07-18 17:15:00,738ffc06780fbddfc50b1ba026b0d3515080ba38325f2d987ef2f4c06e7f4023,68,17,23.0,0,27.7,0.0,0,6,23.306091310396788,False,176.0,2021-07,LGB_medium,F2
2021-07-18,2021-07-17 16:00:00,2021-07-18 17:15:00,2021-07-18 17:30:00,738ffc06780fbddfc50b1ba026b0d3515080ba38325f2d987ef2f4c06e7f4023,69,17,24.0,0,27.7,0.0,0,6,23.073874280677472,False,176.0,2021-07,LGB_medium,F2
2021-07-18,2021-07-17 16:00:00,2021-07-18 17:30:00,2021-07-18 17:45:00,738ffc06780fbddfc50b1ba026b0d3515080ba38325f2d987ef2f4c06e7f4023,70,17,23.0,0,27.7,0.0,0,6,23.621218784419426,False,176.0,2021-07,LGB_medium,F2
2021-07-18,2021-07-17 16:00:00,2021-07-18 17:45:00,2021-07-18 18:00:00,738ffc06780fbddfc50b1ba026b0d3515080ba38325f2d987ef2f4c06e7f4023,71,17,27.0,0,27.7,0.0,0,6,25.359393453599182,False,176.0,2021-07,LGB_medium,F2
2021-07-18,2021-07-17 16:00:00,2021-07-18 18:00:00,2021-07-18 18:15:00,738ffc06780fbddfc50b1ba026b0d3515080ba38325f2d987ef2f4c06e7f4023,72,18,25.0,0,26.8,0.0,0,6,24.842675952557364,False,176.0,2021-07,LGB_medium,F2
2021-07-18,2021-07-17 16:00:00,2021-07-18 18:15:00,2021-07-18 18:30:00,738ffc06780fbddfc50b1ba026b0d3515080ba38325f2d987ef2f4c06e7f4023,73,18,23.0,0,26.8,0.0,0,6,24.884378379321163,False,176.0,2021-07,LGB_medium,F2
2021-07-18,2021-07-17 16:00:00,2021-07-18 18:30:00,2021-07-18 18:45:00,738ffc06780fbddfc50b1ba026b0d3515080ba38325f2d987ef2f4c06e7f4023,74,18,23.0,0,26.8,0.0,0,6,23.491537536969496,False,176.0,2021-07,LGB_medium,F2
2021-07-18,2021-07-17 16:00:00,2021-07-18 18:45:00,2021-07-18 19:00:00,738ffc06780fbddfc50b1ba026b0d3515080ba38325f2d987ef2f4c06e7f4023,75,18,23.0,0,26.8,0.0,0,6,23.691055040896952,False,176.0,2021-07,LGB_medium,F2
2021-07-18,2021-07-17 16:00:00,2021-07-18 19:00:00,2021-07-18 19:15:00,738ffc06780fbddfc50b1ba026b0d3515080ba38325f2d987ef2f4c06e7f4023,76,19,23.0,0,25.9,0.0,0,6,22.910022240489017,False,176.0,2021-07,LGB_medium,F2
2021-07-18,2021-07-17 16:00:00,2021-07-18 19:15:00,2021-07-18 19:30:00,738ffc06780fbddfc50b1ba026b0d3515080ba38325f2d987ef2f4c06e7f4023,77,19,23.0,0,25.9,0.0,0,6,23.69336027627787,False,176.0,2021-07,LGB_medium,F2
2021-07-18,2021-07-17 16:00:00,2021-07-18 19:30:00,2021-07-18 19:45:00,738ffc06780fbddfc50b1ba026b0d3515080ba38325f2d987ef2f4c06e7f4023,78,19,23.0,0,25.9,0.0,0,6,23.099809625596205,False,176.0,2021-07,LGB_medium,F2
2021-07-18,2021-07-17 16:00:00,2021-07-18 19:45:00,2021-07-18 20:00:00,738ffc06780fbddfc50b1ba026b0d3515080ba38325f2d987ef2f4c06e7f4023,79,19,22.0,0,25.9,0.0,0,6,22.673601986613676,False,176.0,2021-07,LGB_medium,F2
2021-07-18,2021-07-17 16:00:00,2021-07-18 20:00:00,2021-07-18 20:15:00,738ffc06780fbddfc50b1ba026b0d3515080ba38325f2d987ef2f4c06e7f4023,80,20,23.0,0,25.3,0.0,0,6,23.129509217504392,False,176.0,2021-07,LGB_medium,F2
2021-07-18,2021-07-17 16:00:00,2021-07-18 20:15:00,2021-07-18 20:30:00,738ffc06780fbddfc50b1ba026b0d3515080ba38325f2d987ef2f4c06e7f4023,81,20,23.0,0,25.3,0.0,0,6,23.10701737911142,False,176.0,2021-07,LGB_medium,F2
2021-07-18,2021-07-17 16:00:00,2021-07-18 20:30:00,2021-07-18 20:45:00,738ffc06780fbddfc50b1ba026b0d3515080ba38325f2d987ef2f4c06e7f4023,82,20,22.0,0,25.3,0.0,0,6,22.635482071471074,False,176.0,2021-07,LGB_medium,F2
2021-07-18,2021-07-17 16:00:00,2021-07-18 20:45:00,2021-07-18 21:00:00,738ffc06780fbddfc50b1ba026b0d3515080ba38325f2d987ef2f4c06e7f4023,83,20,23.0,0,25.3,0.0,0,6,21.47955263116203,False,176.0,2021-07,LGB_medium,F2
2021-07-18,2021-07-17 16:00:00,2021-07-18 21:00:00,2021-07-18 21:15:00,738ffc06780fbddfc50b1ba026b0d3515080ba38325f2d987ef2f4c06e7f4023,84,21,26.0,0,24.7,0.0,0,6,22.017713822204158,False,176.0,2021-07,LGB_medium,F2
2021-07-18,2021-07-17 16:00:00,2021-07-18 21:15:00,2021-07-18 21:30:00,738ffc06780fbddfc50b1ba026b0d3515080ba38325f2d987ef2f4c06e7f4023,85,21,28.0,0,24.7,0.0,0,6,24.99190179355026,False,176.0,2021-07,LGB_medium,F2
2021-07-18,2021-07-17 16:00:00,2021-07-18 21:30:00,2021-07-18 21:45:00,738ffc06780fbddfc50b1ba026b0d3515080ba38325f2d987ef2f4c06e7f4023,86,21,23.0,0,24.7,0.0,0,6,21.59917598548371,False,176.0,2021-07,LGB_medium,F2
2021-07-18,2021-07-17 16:00:00,2021-07-18 21:45:00,2021-07-18 22:00:00,738ffc06780fbddfc50b1ba026b0d3515080ba38325f2d987ef2f4c06e7f4023,87,21,24.0,0,24.7,0.0,0,6,21.397215060063168,False,176.0,2021-07,LGB_medium,F2
2021-07-18,2021-07-17 16:00:00,2021-07-18 22:00:00,2021-07-18 22:15:00,738ffc06780fbddfc50b1ba026b0d3515080ba38325f2d987ef2f4c06e7f4023,88,22,23.0,0,24.2,0.0,0,6,20.758191761260697,False,176.0,2021-07,LGB_medium,F2
2021-07-18,2021-07-17 16:00:00,2021-07-18 22:15:00,2021-07-18 22:30:00,738ffc06780fbddfc50b1ba026b0d3515080ba38325f2d987ef2f4c06e7f4023,89,22,23.0,0,24.2,0.0,0,6,20.486204485786793,False,176.0,2021-07,LGB_medium,F2
2021-07-18,2021-07-17 16:00:00,2021-07-18 22:30:00,2021-07-18 22:45:00,738ffc06780fbddfc50b1ba026b0d3515080ba38325f2d987ef2f4c06e7f4023,90,22,24.0,0,24.2,0.0,0,6,21.106339888092407,False,176.0,2021-07,LGB_medium,F2
2021-07-18,2021-07-17 16:00:00,2021-07-18 22:45:00,2021-07-18 23:00:00,738ffc06780fbddfc50b1ba026b0d3515080ba38325f2d987ef2f4c06e7f4023,91,22,24.0,0,24.2,0.0,0,6,20.98665858382202,False,176.0,2021-07,LGB_medium,F2
2021-07-18,2021-07-17 16:00:00,2021-07-18 23:00:00,2021-07-18 23:15:00,738ffc06780fbddfc50b1ba026b0d3515080ba38325f2d987ef2f4c06e7f4023,92,23,23.0,0,24.6,0.0,0,6,20.944807019523772,False,176.0,2021-07,LGB_medium,F2
2021-07-18,2021-07-17 16:00:00,2021-07-18 23:15:00,2021-07-18 23:30:00,738ffc06780fbddfc50b1ba026b0d3515080ba38325f2d987ef2f4c06e7f4023,93,23,22.0,0,24.6,0.0,0,6,20.52955070999377,False,176.0,2021-07,LGB_medium,F2
2021-07-18,2021-07-17 16:00:00,2021-07-18 23:30:00,2021-07-18 23:45:00,738ffc06780fbddfc50b1ba026b0d3515080ba38325f2d987ef2f4c06e7f4023,94,23,22.0,0,24.6,0.0,0,6,19.69376550737068,False,176.0,2021-07,LGB_medium,F2
2021-07-18,2021-07-17 16:00:00,2021-07-18 23:45:00,2021-07-19 00:00:00,738ffc06780fbddfc50b1ba026b0d3515080ba38325f2d987ef2f4c06e7f4023,95,23,23.0,0,24.6,0.0,0,6,19.144006974138502,False,176.0,2021-07,LGB_medium,F2
2021-07-19,2021-07-18 16:00:00,2021-07-19 00:00:00,2021-07-19 00:15:00,0b4fcebc5a8a32bb918faeecf3f2f58de687ba36031c78d9e6b8403f723f7749,0,0,23.0,0,24.3,0.0,0,0,18.48160803796221,False,176.0,2021-07,LGB_medium,F2
2021-07-19,2021-07-18 16:00:00,2021-07-19 00:15:00,2021-07-19 00:30:00,0b4fcebc5a8a32bb918faeecf3f2f58de687ba36031c78d9e6b8403f723f7749,1,0,25.0,0,24.3,0.0,0,0,18.39925816238555,False,176.0,2021-07,LGB_medium,F2
2021-07-19,2021-07-18 16:00:00,2021-07-19 00:30:00,2021-07-19 00:45:00,0b4fcebc5a8a32bb918faeecf3f2f58de687ba36031c78d9e6b8403f723f7749,2,0,28.0,0,24.3,0.0,0,0,18.88550347324096,False,176.0,2021-07,LGB_medium,F2
2021-07-19,2021-07-18 16:00:00,2021-07-19 00:45:00,2021-07-19 01:00:00,0b4fcebc5a8a32bb918faeecf3f2f58de687ba36031c78d9e6b8403f723f7749,3,0,26.0,0,24.3,0.0,0,0,18.48277354797736,False,176.0,2021-07,LGB_medium,F2
2021-07-19,2021-07-18 16:00:00,2021-07-19 01:00:00,2021-07-19 01:15:00,0b4fcebc5a8a32bb918faeecf3f2f58de687ba36031c78d9e6b8403f723f7749,4,1,24.0,0,24.1,0.0,0,0,18.914101980900114,False,176.0,2021-07,LGB_medium,F2
2021-07-19,2021-07-18 16:00:00,2021-07-19 01:15:00,2021-07-19 01:30:00,0b4fcebc5a8a32bb918faeecf3f2f58de687ba36031c78d9e6b8403f723f7749,5,1,24.0,0,24.1,0.0,0,0,19.1425598215734,False,176.0,2021-07,LGB_medium,F2
2021-07-19,2021-07-18 16:00:00,2021-07-19 01:30:00,2021-07-19 01:45:00,0b4fcebc5a8a32bb918faeecf3f2f58de687ba36031c78d9e6b8403f723f7749,6,1,23.0,0,24.1,0.0,0,0,19.243329203221133,False,176.0,2021-07,LGB_medium,F2
2021-07-19,2021-07-18 16:00:00,2021-07-19 01:45:00,2021-07-19 02:00:00,0b4fcebc5a8a32bb918faeecf3f2f58de687ba36031c78d9e6b8403f723f7749,7,1,23.0,0,24.1,0.0,0,0,18.302751993802396,False,176.0,2021-07,LGB_medium,F2
2021-07-19,2021-07-18 16:00:00,2021-07-19 02:00:00,2021-07-19 02:15:00,0b4fcebc5a8a32bb918faeecf3f2f58de687ba36031c78d9e6b8403f723f7749,8,2,23.0,0,23.7,0.0,0,0,19.17378447316776,False,176.0,2021-07,LGB_medium,F2
2021-07-19,2021-07-18 16:00:00,2021-07-19 02:15:00,2021-07-19 02:30:00,0b4fcebc5a8a32bb918faeecf3f2f58de687ba36031c78d9e6b8403f723f7749,9,2,22.0,0,23.7,0.0,0,0,18.650008086435022,False,176.0,2021-07,LGB_medium,F2
2021-07-19,2021-07-18 16:00:00,2021-07-19 02:30:00,2021-07-19 02:45:00,0b4fcebc5a8a32bb918faeecf3f2f58de687ba36031c78d9e6b8403f723f7749,10,2,24.0,0,23.7,0.0,0,0,19.10213322668914,False,176.0,2021-07,LGB_medium,F2
2021-07-19,2021-07-18 16:00:00,2021-07-19 02:45:00,2021-07-19 03:00:00,0b4fcebc5a8a32bb918faeecf3f2f58de687ba36031c78d9e6b8403f723f7749,11,2,24.0,0,23.7,0.0,0,0,18.586654280222856,False,176.0,2021-07,LGB_medium,F2
2021-07-19,2021-07-18 16:00:00,2021-07-19 03:00:00,2021-07-19 03:15:00,0b4fcebc5a8a32bb918faeecf3f2f58de687ba36031c78d9e6b8403f723f7749,12,3,24.0,0,23.6,0.0,0,0,18.46996399027386,False,176.0,2021-07,LGB_medium,F2
2021-07-19,2021-07-18 16:00:00,2021-07-19 03:15:00,2021-07-19 03:30:00,0b4fcebc5a8a32bb918faeecf3f2f58de687ba36031c78d9e6b8403f723f7749,13,3,23.0,0,23.6,0.0,0,0,18.438706309159148,False,176.0,2021-07,LGB_medium,F2
2021-07-19,2021-07-18 16:00:00,2021-07-19 03:30:00,2021-07-19 03:45:00,0b4fcebc5a8a32bb918faeecf3f2f58de687ba36031c78d9e6b8403f723f7749,14,3,22.0,0,23.6,0.0,0,0,18.746202475523482,False,176.0,2021-07,LGB_medium,F2
2021-07-19,2021-07-18 16:00:00,2021-07-19 03:45:00,2021-07-19 04:00:00,0b4fcebc5a8a32bb918faeecf3f2f58de687ba36031c78d9e6b8403f723f7749,15,3,23.0,0,23.6,0.0,0,0,20.48584078941792,False,176.0,2021-07,LGB_medium,F2
2021-07-19,2021-07-18 16:00:00,2021-07-19 04:00:00,2021-07-19 04:15:00,0b4fcebc5a8a32bb918faeecf3f2f58de687ba36031c78d9e6b8403f723f7749,16,4,27.0,0,23.6,0.0,0,0,18.88593899701311,False,176.0,2021-07,LGB_medium,F2
2021-07-19,2021-07-18 16:00:00,2021-07-19 04:15:00,2021-07-19 04:30:00,0b4fcebc5a8a32bb918faeecf3f2f58de687ba36031c78d9e6b8403f723f7749,17,4,27.0,0,23.6,0.0,0,0,16.801699892199757,False,176.0,2021-07,LGB_medium,F2
2021-07-19,2021-07-18 16:00:00,2021-07-19 04:30:00,2021-07-19 04:45:00,0b4fcebc5a8a32bb918faeecf3f2f58de687ba36031c78d9e6b8403f723f7749,18,4,22.0,0,23.6,0.0,0,0,17.531923118522798,False,176.0,2021-07,LGB_medium,F2
2021-07-19,2021-07-18 16:00:00,2021-07-19 04:45:00,2021-07-19 05:00:00,0b4fcebc5a8a32bb918faeecf3f2f58de687ba36031c78d9e6b8403f723f7749,19,4,22.0,0,23.6,0.0,0,0,17.040775530774315,False,176.0,2021-07,LGB_medium,F2
2021-07-19,2021-07-18 16:00:00,2021-07-19 05:00:00,2021-07-19 05:15:00,0b4fcebc5a8a32bb918faeecf3f2f58de687ba36031c78d9e6b8403f723f7749,20,5,22.0,0,23.4,0.0,0,0,16.5426229207947,False,176.0,2021-07,LGB_medium,F2
2021-07-19,2021-07-18 16:00:00,2021-07-19 05:15:00,2021-07-19 05:30:00,0b4fcebc5a8a32bb918faeecf3f2f58de687ba36031c78d9e6b8403f723f7749,21,5,23.0,0,23.4,0.0,0,0,15.723769743972325,False,176.0,2021-07,LGB_medium,F2
2021-07-19,2021-07-18 16:00:00,2021-07-19 05:30:00,2021-07-19 05:45:00,0b4fcebc5a8a32bb918faeecf3f2f58de687ba36031c78d9e6b8403f723f7749,22,5,23.0,0,23.4,0.0,0,0,16.26706517451004,False,176.0,2021-07,LGB_medium,F2
2021-07-19,2021-07-18 16:00:00,2021-07-19 05:45:00,2021-07-19 06:00:00,0b4fcebc5a8a32bb918faeecf3f2f58de687ba36031c78d9e6b8403f723f7749,23,5,23.0,0,23.4,0.0,0,0,18.411113556239236,False,176.0,2021-07,LGB_medium,F2
2021-07-19,2021-07-18 16:00:00,2021-07-19 06:00:00,2021-07-19 06:15:00,0b4fcebc5a8a32bb918faeecf3f2f58de687ba36031c78d9e6b8403f723f7749,24,6,23.0,0,23.8,0.0,0,0,19.951482082472957,False,176.0,2021-07,LGB_medium,F2
2021-07-19,2021-07-18 16:00:00,2021-07-19 06:15:00,2021-07-19 06:30:00,0b4fcebc5a8a32bb918faeecf3f2f58de687ba36031c78d9e6b8403f723f7749,25,6,23.0,0,23.8,0.0,0,0,18.056610639848394,False,176.0,2021-07,LGB_medium,F2
2021-07-19,2021-07-18 16:00:00,2021-07-19 06:30:00,2021-07-19 06:45:00,0b4fcebc5a8a32bb918faeecf3f2f58de687ba36031c78d9e6b8403f723f7749,26,6,22.0,0,23.8,0.0,0,0,16.88026523335802,False,176.0,2021-07,LGB_medium,F2
2021-07-19,2021-07-18 16:00:00,2021-07-19 06:45:00,2021-07-19 07:00:00,0b4fcebc5a8a32bb918faeecf3f2f58de687ba36031c78d9e6b8403f723f7749,27,6,23.0,0,23.8,0.0,0,0,17.185012964825336,False,176.0,2021-07,LGB_medium,F2
2021-07-19,2021-07-18 16:00:00,2021-07-19 07:00:00,2021-07-19 07:15:00,0b4fcebc5a8a32bb918faeecf3f2f58de687ba36031c78d9e6b8403f723f7749,28,7,24.0,0,25.0,0.0,0,0,29.329832293693887,False,176.0,2021-07,LGB_medium,F2
2021-07-19,2021-07-18 16:00:00,2021-07-19 07:15:00,2021-07-19 07:30:00,0b4fcebc5a8a32bb918faeecf3f2f58de687ba36031c78d9e6b8403f723f7749,29,7,39.0,0,25.0,0.0,0,0,45.10741561029545,False,176.0,2021-07,LGB_medium,F2
2021-07-19,2021-07-18 16:00:00,2021-07-19 07:30:00,2021-07-19 07:45:00,0b4fcebc5a8a32bb918faeecf3f2f58de687ba36031c78d9e6b8403f723f7749,30,7,76.0,0,25.0,0.0,0,0,66.35774109637748,False,176.0,2021-07,LGB_medium,F2
2021-07-19,2021-07-18 16:00:00,2021-07-19 07:45:00,2021-07-19 08:00:00,0b4fcebc5a8a32bb918faeecf3f2f58de687ba36031c78d9e6b8403f723f7749,31,7,119.0,0,25.0,0.0,0,0,116.86609289464562,False,176.0,2021-07,LGB_medium,F2
2021-07-19,2021-07-18 16:00:00,2021-07-19 08:00:00,2021-07-19 08:15:00,0b4fcebc5a8a32bb918faeecf3f2f58de687ba36031c78d9e6b8403f723f7749,32,8,172.0,604,27.3,0.804260985,0,0,152.06044690917687,False,176.0,2021-07,LGB_medium,F2
2021-07-19,2021-07-18 16:00:00,2021-07-19 08:15:00,2021-07-19 08:30:00,0b4fcebc5a8a32bb918faeecf3f2f58de687ba36031c78d9e6b8403f723f7749,33,8,200.0,604,27.3,0.804260985,0,0,176.53835708903028,False,176.0,2021-07,LGB_medium,F2
2021-07-19,2021-07-18 16:00:00,2021-07-19 08:30:00,2021-07-19 08:45:00,0b4fcebc5a8a32bb918faeecf3f2f58de687ba36031c78d9e6b8403f723f7749,34,8,194.0,604,27.3,0.804260985,0,0,182.2760156850407,False,176.0,2021-07,LGB_medium,F2
2021-07-19,2021-07-18 16:00:00,2021-07-19 08:45:00,2021-07-19 09:00:00,0b4fcebc5a8a32bb918faeecf3f2f58de687ba36031c78d9e6b8403f723f7749,35,8,185.0,604,27.3,0.804260985,0,0,178.05599978455032,False,176.0,2021-07,LGB_medium,F2
2021-07-19,2021-07-18 16:00:00,2021-07-19 09:00:00,2021-07-19 09:15:00,0b4fcebc5a8a32bb918faeecf3f2f58de687ba36031c78d9e6b8403f723f7749,36,9,182.0,1431,28.3,1.9958159,0,0,173.92749860443357,False,176.0,2021-07,LGB_medium,F2
2021-07-19,2021-07-18 16:00:00,2021-07-19 09:15:00,2021-07-19 09:30:00,0b4fcebc5a8a32bb918faeecf3f2f58de687ba36031c78d9e6b8403f723f7749,37,9,174.0,1431,28.3,1.9958159,0,0,172.7256263494527,False,176.0,2021-07,LGB_medium,F2
2021-07-19,2021-07-18 16:00:00,2021-07-19 09:30:00,2021-07-19 09:45:00,0b4fcebc5a8a32bb918faeecf3f2f58de687ba36031c78d9e6b8403f723f7749,38,9,185.0,1431,28.3,1.9958159,0,0,170.73195300058046,False,176.0,2021-07,LGB_medium,F2
2021-07-19,2021-07-18 16:00:00,2021-07-19 09:45:00,2021-07-19 10:00:00,0b4fcebc5a8a32bb918faeecf3f2f58de687ba36031c78d9e6b8403f723f7749,39,9,176.0,1431,28.3,1.9958159,0,0,171.6061161682195,False,176.0,2021-07,LGB_medium,F2
2021-07-19,2021-07-18 16:00:00,2021-07-19 10:00:00,2021-07-19 10:15:00,0b4fcebc5a8a32bb918faeecf3f2f58de687ba36031c78d9e6b8403f723f7749,40,10,146.0,568,27.9,0.769647696,0,0,152.6055742467057,False,176.0,2021-07,LGB_medium,F2
2021-07-19,2021-07-18 16:00:00,2021-07-19 10:15:00,2021-07-19 10:30:00,0b4fcebc5a8a32bb918faeecf3f2f58de687ba36031c78d9e6b8403f723f7749,41,10,180.0,568,27.9,0.769647696,0,0,175.48919153638954,False,176.0,2021-07,LGB_medium,F2
2021-07-19,2021-07-18 16:00:00,2021-07-19 10:30:00,2021-07-19 10:45:00,0b4fcebc5a8a32bb918faeecf3f2f58de687ba36031c78d9e6b8403f723f7749,42,10,209.0,568,27.9,0.769647696,0,0,176.080933648073,False,176.0,2021-07,LGB_medium,F2
2021-07-19,2021-07-18 16:00:00,2021-07-19 10:45:00,2021-07-19 11:00:00,0b4fcebc5a8a32bb918faeecf3f2f58de687ba36031c78d9e6b8403f723f7749,43,10,203.0,568,27.9,0.769647696,0,0,176.3500686518686,False,176.0,2021-07,LGB_medium,F2
2021-07-19,2021-07-18 16:00:00,2021-07-19 11:00:00,2021-07-19 11:15:00,0b4fcebc5a8a32bb918faeecf3f2f58de687ba36031c78d9e6b8403f723f7749,44,11,182.0,1280,28.4,1.606022585,0,0,176.04204302036115,False,176.0,2021-07,LGB_medium,F2
2021-07-19,2021-07-18 16:00:00,2021-07-19 11:15:00,2021-07-19 11:30:00,0b4fcebc5a8a32bb918faeecf3f2f58de687ba36031c78d9e6b8403f723f7749,45,11,222.0,1280,28.4,1.606022585,0,0,171.22506403258322,False,176.0,2021-07,LGB_medium,F2
2021-07-19,2021-07-18 16:00:00,2021-07-19 11:30:00,2021-07-19 11:45:00,0b4fcebc5a8a32bb918faeecf3f2f58de687ba36031c78d9e6b8403f723f7749,46,11,207.0,1280,28.4,1.606022585,0,0,172.10199685545385,False,176.0,2021-07,LGB_medium,F2
2021-07-19,2021-07-18 16:00:00,2021-07-19 11:45:00,2021-07-19 12:00:00,0b4fcebc5a8a32bb918faeecf3f2f58de687ba36031c78d9e6b8403f723f7749,47,11,186.0,1280,28.4,1.606022585,0,0,170.56206662565887,False,176.0,2021-07,LGB_medium,F2
2021-07-19,2021-07-18 16:00:00,2021-07-19 12:00:00,2021-07-19 12:15:00,0b4fcebc5a8a32bb918faeecf3f2f58de687ba36031c78d9e6b8403f723f7749,48,12,134.0,0,29.8,0.0,0,0,124.27675116384253,False,176.0,2021-07,LGB_medium,F2
2021-07-19,2021-07-18 16:00:00,2021-07-19 12:15:00,2021-07-19 12:30:00,0b4fcebc5a8a32bb918faeecf3f2f58de687ba36031c78d9e6b8403f723f7749,49,12,111.0,0,29.8,0.0,0,0,114.35764502881908,False,176.0,2021-07,LGB_medium,F2
2021-07-19,2021-07-18 16:00:00,2021-07-19 12:30:00,2021-07-19 12:45:00,0b4fcebc5a8a32bb918faeecf3f2f58de687ba36031c78d9e6b8403f723f7749,50,12,111.0,0,29.8,0.0,0,0,109.49181705206804,False,176.0,2021-07,LGB_medium,F2
2021-07-19,2021-07-18 16:00:00,2021-07-19 12:45:00,2021-07-19 13:00:00,0b4fcebc5a8a32bb918faeecf3f2f58de687ba36031c78d9e6b8403f723f7749,51,12,113.0,0,29.8,0.0,0,0,112.99080095847403,False,176.0,2021-07,LGB_medium,F2
2021-07-19,2021-07-18 16:00:00,2021-07-19 13:00:00,2021-07-19 13:15:00,0b4fcebc5a8a32bb918faeecf3f2f58de687ba36031c78d9e6b8403f723f7749,52,13,157.0,645,28.8,0.905898876,0,0,155.25854600316828,False,176.0,2021-07,LGB_medium,F2
2021-07-19,2021-07-18 16:00:00,2021-07-19 13:15:00,2021-07-19 13:30:00,0b4fcebc5a8a32bb918faeecf3f2f58de687ba36031c78d9e6b8403f723f7749,53,13,188.0,645,28.8,0.905898876,0,0,170.75289090006174,False,176.0,2021-07,LGB_medium,F2
2021-07-19,2021-07-18 16:00:00,2021-07-19 13:30:00,2021-07-19 13:45:00,0b4fcebc5a8a32bb918faeecf3f2f58de687ba36031c78d9e6b8403f723f7749,54,13,193.0,645,28.8,0.905898876,0,0,174.96138698751508,False,176.0,2021-07,LGB_medium,F2
2021-07-19,2021-07-18 16:00:00,2021-07-19 13:45:00,2021-07-19 14:00:00,0b4fcebc5a8a32bb918faeecf3f2f58de687ba36031c78d9e6b8403f723f7749,55,13,174.0,645,28.8,0.905898876,0,0,174.94580861501353,False,176.0,2021-07,LGB_medium,F2
2021-07-19,2021-07-18 16:00:00,2021-07-19 14:00:00,2021-07-19 14:15:00,0b4fcebc5a8a32bb918faeecf3f2f58de687ba36031c78d9e6b8403f723f7749,56,14,175.0,2075,28.5,2.914325843,0,0,166.1647035602422,False,176.0,2021-07,LGB_medium,F2
2021-07-19,2021-07-18 16:00:00,2021-07-19 14:15:00,2021-07-19 14:30:00,0b4fcebc5a8a32bb918faeecf3f2f58de687ba36031c78d9e6b8403f723f7749,57,14,190.0,2075,28.5,2.914325843,0,0,167.11367247358967,False,176.0,2021-07,LGB_medium,F2
2021-07-19,2021-07-18 16:00:00,2021-07-19 14:30:00,2021-07-19 14:45:00,0b4fcebc5a8a32bb918faeecf3f2f58de687ba36031c78d9e6b8403f723f7749,58,14,177.0,2075,28.5,2.914325843,0,0,167.01004791239342,False,176.0,2021-07,LGB_medium,F2
2021-07-19,2021-07-18 16:00:00,2021-07-19 14:45:00,2021-07-19 15:00:00,0b4fcebc5a8a32bb918faeecf3f2f58de687ba36031c78d9e6b8403f723f7749,59,14,170.0,2075,28.5,2.914325843,0,0,167.01004791239342,False,176.0,2021-07,LGB_medium,F2
2021-07-19,2021-07-18 16:00:00,2021-07-19 15:00:00,2021-07-19 15:15:00,0b4fcebc5a8a32bb918faeecf3f2f58de687ba36031c78d9e6b8403f723f7749,60,15,141.0,2253,28.9,3.327917282,0,0,151.76838139793892,False,176.0,2021-07,LGB_medium,F2
2021-07-19,2021-07-18 16:00:00,2021-07-19 15:15:00,2021-07-19 15:30:00,0b4fcebc5a8a32bb918faeecf3f2f58de687ba36031c78d9e6b8403f723f7749,61,15,141.0,2253,28.9,3.327917282,0,0,152.36517622928906,False,176.0,2021-07,LGB_medium,F2
2021-07-19,2021-07-18 16:00:00,2021-07-19 15:30:00,2021-07-19 15:45:00,0b4fcebc5a8a32bb918faeecf3f2f58de687ba36031c78d9e6b8403f723f7749,62,15,194.0,2253,28.9,3.327917282,0,0,167.93304250789794,False,176.0,2021-07,LGB_medium,F2
2021-07-19,2021-07-18 16:00:00,2021-07-19 15:45:00,2021-07-19 16:00:00,0b4fcebc5a8a32bb918faeecf3f2f58de687ba36031c78d9e6b8403f723f7749,63,15,201.0,2253,28.9,3.327917282,0,0,171.65346929370756,False,176.0,2021-07,LGB_medium,F2
2021-07-19,2021-07-18 16:00:00,2021-07-19 16:00:00,2021-07-19 16:15:00,0b4fcebc5a8a32bb918faeecf3f2f58de687ba36031c78d9e6b8403f723f7749,64,16,187.0,1495,29.5,2.039563438,0,0,161.91934563533414,False,176.0,2021-07,LGB_medium,F2
2021-07-19,2021-07-18 16:00:00,2021-07-19 16:15:00,2021-07-19 16:30:00,0b4fcebc5a8a32bb918faeecf3f2f58de687ba36031c78d9e6b8403f723f7749,65,16,183.0,1495,29.5,2.039563438,0,0,158.7078395059877,False,176.0,2021-07,LGB_medium,F2
2021-07-19,2021-07-18 16:00:00,2021-07-19 16:30:00,2021-07-19 16:45:00,0b4fcebc5a8a32bb918faeecf3f2f58de687ba36031c78d9e6b8403f723f7749,66,16,185.0,1495,29.5,2.039563438,0,0,155.50782440905274,False,176.0,2021-07,LGB_medium,F2
2021-07-19,2021-07-18 16:00:00,2021-07-19 16:45:00,2021-07-19 17:00:00,0b4fcebc5a8a32bb918faeecf3f2f58de687ba36031c78d9e6b8403f723f7749,67,16,178.0,1495,29.5,2.039563438,0,0,155.3016352401649,False,176.0,2021-07,LGB_medium,F2
2021-07-19,2021-07-18 16:00:00,2021-07-19 17:00:00,2021-07-19 17:15:00,0b4fcebc5a8a32bb918faeecf3f2f58de687ba36031c78d9e6b8403f723f7749,68,17,136.0,389,29.0,0.65159129,0,0,121.85210298254248,False,176.0,2021-07,LGB_medium,F2
2021-07-19,2021-07-18 16:00:00,2021-07-19 17:15:00,2021-07-19 17:30:00,0b4fcebc5a8a32bb918faeecf3f2f58de687ba36031c78d9e6b8403f723f7749,69,17,110.0,389,29.0,0.65159129,0,0,112.4648474290043,False,176.0,2021-07,LGB_medium,F2
2021-07-19,2021-07-18 16:00:00,2021-07-19 17:30:00,2021-07-19 17:45:00,0b4fcebc5a8a32bb918faeecf3f2f58de687ba36031c78d9e6b8403f723f7749,70,17,161.0,389,29.0,0.65159129,0,0,142.3155463182108,False,176.0,2021-07,LGB_medium,F2
2021-07-19,2021-07-18 16:00:00,2021-07-19 17:45:00,2021-07-19 18:00:00,0b4fcebc5a8a32bb918faeecf3f2f58de687ba36031c78d9e6b8403f723f7749,71,17,190.0,389,29.0,0.65159129,0,0,154.97515452798388,False,176.0,2021-07,LGB_medium,F2
2021-07-19,2021-07-18 16:00:00,2021-07-19 18:00:00,2021-07-19 18:15:00,0b4fcebc5a8a32bb918faeecf3f2f58de687ba36031c78d9e6b8403f723f7749,72,18,188.0,465,28.1,0.680819912,0,0,155.61692557734034,False,176.0,2021-07,LGB_medium,F2
2021-07-19,2021-07-18 16:00:00,2021-07-19 18:15:00,2021-07-19 18:30:00,0b4fcebc5a8a32bb918faeecf3f2f58de687ba36031c78d9e6b8403f723f7749,73,18,167.0,465,28.1,0.680819912,0,0,157.1159326035204,False,176.0,2021-07,LGB_medium,F2
2021-07-19,2021-07-18 16:00:00,2021-07-19 18:30:00,2021-07-19 18:45:00,0b4fcebc5a8a32bb918faeecf3f2f58de687ba36031c78d9e6b8403f723f7749,74,18,166.0,465,28.1,0.680819912,0,0,155.0905047776016,False,176.0,2021-07,LGB_medium,F2
2021-07-19,2021-07-18 16:00:00,2021-07-19 18:45:00,2021-07-19 19:00:00,0b4fcebc5a8a32bb918faeecf3f2f58de687ba36031c78d9e6b8403f723f7749,75,18,162.0,465,28.1,0.680819912,0,0,151.31683867435018,False,176.0,2021-07,LGB_medium,F2
2021-07-19,2021-07-18 16:00:00,2021-07-19 19:00:00,2021-07-19 19:15:00,0b4fcebc5a8a32bb918faeecf3f2f58de687ba36031c78d9e6b8403f723f7749,76,19,154.0,1962,27.5,3.253731343,0,0,152.1652771567735,False,176.0,2021-07,LGB_medium,F2
2021-07-19,2021-07-18 16:00:00,2021-07-19 19:15:00,2021-07-19 19:30:00,0b4fcebc5a8a32bb918faeecf3f2f58de687ba36031c78d9e6b8403f723f7749,77,19,162.0,1962,27.5,3.253731343,0,0,152.67799679899306,False,176.0,2021-07,LGB_medium,F2
2021-07-19,2021-07-18 16:00:00,2021-07-19 19:30:00,2021-07-19 19:45:00,0b4fcebc5a8a32bb918faeecf3f2f58de687ba36031c78d9e6b8403f723f7749,78,19,156.0,1962,27.5,3.253731343,0,0,152.0285053038609,False,176.0,2021-07,LGB_medium,F2
2021-07-19,2021-07-18 16:00:00,2021-07-19 19:45:00,2021-07-19 20:00:00,0b4fcebc5a8a32bb918faeecf3f2f58de687ba36031c78d9e6b8403f723f7749,79,19,131.0,1962,27.5,3.253731343,0,0,126.97694954004491,False,176.0,2021-07,LGB_medium,F2
2021-07-19,2021-07-18 16:00:00,2021-07-19 20:00:00,2021-07-19 20:15:00,0b4fcebc5a8a32bb918faeecf3f2f58de687ba36031c78d9e6b8403f723f7749,80,20,115.0,72,26.3,0.141453831,0,0,120.92222936398801,False,176.0,2021-07,LGB_medium,F2
2021-07-19,2021-07-18 16:00:00,2021-07-19 20:15:00,2021-07-19 20:30:00,0b4fcebc5a8a32bb918faeecf3f2f58de687ba36031c78d9e6b8403f723f7749,81,20,126.0,72,26.3,0.141453831,0,0,120.9264941299462,False,176.0,2021-07,LGB_medium,F2
2021-07-19,2021-07-18 16:00:00,2021-07-19 20:30:00,2021-07-19 20:45:00,0b4fcebc5a8a32bb918faeecf3f2f58de687ba36031c78d9e6b8403f723f7749,82,20,136.0,72,26.3,0.141453831,0,0,128.38373981391896,False,176.0,2021-07,LGB_medium,F2
2021-07-19,2021-07-18 16:00:00,2021-07-19 20:45:00,2021-07-19 21:00:00,0b4fcebc5a8a32bb918faeecf3f2f58de687ba36031c78d9e6b8403f723f7749,83,20,132.0,72,26.3,0.141453831,0,0,129.03206497329495,False,176.0,2021-07,LGB_medium,F2
2021-07-19,2021-07-18 16:00:00,2021-07-19 21:00:00,2021-07-19 21:15:00,0b4fcebc5a8a32bb918faeecf3f2f58de687ba36031c78d9e6b8403f723f7749,84,21,129.0,94,25.7,0.189516129,0,0,121.80784363873256,False,176.0,2021-07,LGB_medium,F2
2021-07-19,2021-07-18 16:00:00,2021-07-19 21:15:00,2021-07-19 21:30:00,0b4fcebc5a8a32bb918faeecf3f2f58de687ba36031c78d9e6b8403f723f7749,85,21,126.0,94,25.7,0.189516129,0,0,126.95746118776715,False,176.0,2021-07,LGB_medium,F2
2021-07-19,2021-07-18 16:00:00,2021-07-19 21:30:00,2021-07-19 21:45:00,0b4fcebc5a8a32bb918faeecf3f2f58de687ba36031c78d9e6b8403f723f7749,86,21,127.0,94,25.7,0.189516129,0,0,119.79548268308476,False,176.0,2021-07,LGB_medium,F2
2021-07-19,2021-07-18 16:00:00,2021-07-19 21:45:00,2021-07-19 22:00:00,0b4fcebc5a8a32bb918faeecf3f2f58de687ba36031c78d9e6b8403f723f7749,87,21,114.0,94,25.7,0.189516129,0,0,113.61815706583525,False,176.0,2021-07,LGB_medium,F2
2021-07-19,2021-07-18 16:00:00,2021-07-19 22:00:00,2021-07-19 22:15:00,0b4fcebc5a8a32bb918faeecf3f2f58de687ba36031c78d9e6b8403f723f7749,88,22,94.0,70,25.4,0.165484634,0,0,107.17514235555699,False,176.0,2021-07,LGB_medium,F2
2021-07-19,2021-07-18 16:00:00,2021-07-19 22:15:00,2021-07-19 22:30:00,0b4fcebc5a8a32bb918faeecf3f2f58de687ba36031c78d9e6b8403f723f7749,89,22,106.0,70,25.4,0.165484634,0,0,115.83197431757186,False,176.0,2021-07,LGB_medium,F2
2021-07-19,2021-07-18 16:00:00,2021-07-19 22:30:00,2021-07-19 22:45:00,0b4fcebc5a8a32bb918faeecf3f2f58de687ba36031c78d9e6b8403f723f7749,90,22,109.0,70,25.4,0.165484634,0,0,120.74152425269347,False,176.0,2021-07,LGB_medium,F2
2021-07-19,2021-07-18 16:00:00,2021-07-19 22:45:00,2021-07-19 23:00:00,0b4fcebc5a8a32bb918faeecf3f2f58de687ba36031c78d9e6b8403f723f7749,91,22,114.0,70,25.4,0.165484634,0,0,114.92496223921965,False,176.0,2021-07,LGB_medium,F2
2021-07-19,2021-07-18 16:00:00,2021-07-19 23:00:00,2021-07-19 23:15:00,0b4fcebc5a8a32bb918faeecf3f2f58de687ba36031c78d9e6b8403f723f7749,92,23,119.0,181,25.7,0.413242009,0,0,114.62953138455164,False,176.0,2021-07,LGB_medium,F2
2021-07-19,2021-07-18 16:00:00,2021-07-19 23:15:00,2021-07-19 23:30:00,0b4fcebc5a8a32bb918faeecf3f2f58de687ba36031c78d9e6b8403f723f7749,93,23,120.0,181,25.7,0.413242009,0,0,116.59106908369625,False,176.0,2021-07,LGB_medium,F2
2021-07-19,2021-07-18 16:00:00,2021-07-19 23:30:00,2021-07-19 23:45:00,0b4fcebc5a8a32bb918faeecf3f2f58de687ba36031c78d9e6b8403f723f7749,94,23,106.0,181,25.7,0.413242009,0,0,107.24195419071103,False,176.0,2021-07,LGB_medium,F2
2021-07-19,2021-07-18 16:00:00,2021-07-19 23:45:00,2021-07-20 00:00:00,0b4fcebc5a8a32bb918faeecf3f2f58de687ba36031c78d9e6b8403f723f7749,95,23,93.0,181,25.7,0.413242009,0,0,79.46246931022625,False,176.0,2021-07,LGB_medium,F2
2021-07-20,2021-07-19 16:00:00,2021-07-20 00:00:00,2021-07-20 00:15:00,1ccbb5fc7ebe6e186a9f1671b2b11754d81a743148ddac88ac31fef2d117f367,0,0,76.0,1584,26.1,5.617021277,0,1,64.71857275080934,False,176.0,2021-07,LGB_medium,F2
2021-07-20,2021-07-19 16:00:00,2021-07-20 00:15:00,2021-07-20 00:30:00,1ccbb5fc7ebe6e186a9f1671b2b11754d81a743148ddac88ac31fef2d117f367,1,0,69.0,1584,26.1,5.617021277,0,1,64.64850869317385,False,176.0,2021-07,LGB_medium,F2
2021-07-20,2021-07-19 16:00:00,2021-07-20 00:30:00,2021-07-20 00:45:00,1ccbb5fc7ebe6e186a9f1671b2b11754d81a743148ddac88ac31fef2d117f367,2,0,68.0,1584,26.1,5.617021277,0,1,64.34687446039331,False,176.0,2021-07,LGB_medium,F2
2021-07-20,2021-07-19 16:00:00,2021-07-20 00:45:00,2021-07-20 01:00:00,1ccbb5fc7ebe6e186a9f1671b2b11754d81a743148ddac88ac31fef2d117f367,3,0,69.0,1584,26.1,5.617021277,0,1,64.92634571813244,False,176.0,2021-07,LGB_medium,F2
2021-07-20,2021-07-19 16:00:00,2021-07-20 01:00:00,2021-07-20 01:15:00,1ccbb5fc7ebe6e186a9f1671b2b11754d81a743148ddac88ac31fef2d117f367,4,1,83.0,567,25.7,1.413965087,0,1,78.74785909127638,False,176.0,2021-07,LGB_medium,F2
2021-07-20,2021-07-19 16:00:00,2021-07-20 01:15:00,2021-07-20 01:30:00,1ccbb5fc7ebe6e186a9f1671b2b11754d81a743148ddac88ac31fef2d117f367,5,1,104.0,567,25.7,1.413965087,0,1,92.57167814082895,False,176.0,2021-07,LGB_medium,F2
2021-07-20,2021-07-19 16:00:00,2021-07-20 01:30:00,2021-07-20 01:45:00,1ccbb5fc7ebe6e186a9f1671b2b11754d81a743148ddac88ac31fef2d117f367,6,1,112.0,567,25.7,1.413965087,0,1,95.07313583917816,False,176.0,2021-07,LGB_medium,F2
2021-07-20,2021-07-19 16:00:00,2021-07-20 01:45:00,2021-07-20 02:00:00,1ccbb5fc7ebe6e186a9f1671b2b11754d81a743148ddac88ac31fef2d117f367,7,1,102.0,567,25.7,1.413965087,0,1,94.99929870073693,False,176.0,2021-07,LGB_medium,F2
2021-07-20,2021-07-19 16:00:00,2021-07-20 02:00:00,2021-07-20 02:15:00,1ccbb5fc7ebe6e186a9f1671b2b11754d81a743148ddac88ac31fef2d117f367,8,2,106.0,591,25.7,1.430992736,0,1,94.9654718101138,False,176.0,2021-07,LGB_medium,F2
2021-07-20,2021-07-19 16:00:00,2021-07-20 02:15:00,2021-07-20 02:30:00,1ccbb5fc7ebe6e186a9f1671b2b11754d81a743148ddac88ac31fef2d117f367,9,2,104.0,591,25.7,1.430992736,0,1,94.9654718101138,False,176.0,2021-07,LGB_medium,F2
2021-07-20,2021-07-19 16:00:00,2021-07-20 02:30:00,2021-07-20 02:45:00,1ccbb5fc7ebe6e186a9f1671b2b11754d81a743148ddac88ac31fef2d117f367,10,2,100.0,591,25.7,1.430992736,0,1,93.17689200973473,False,176.0,2021-07,LGB_medium,F2
2021-07-20,2021-07-19 16:00:00,2021-07-20 02:45:00,2021-07-20 03:00:00,1ccbb5fc7ebe6e186a9f1671b2b11754d81a743148ddac88ac31fef2d117f367,11,2,103.0,591,25.7,1.430992736,0,1,88.3211704886418,False,176.0,2021-07,LGB_medium,F2
2021-07-20,2021-07-19 16:00:00,2021-07-20 03:00:00,2021-07-20 03:15:00,1ccbb5fc7ebe6e186a9f1671b2b11754d81a743148ddac88ac31fef2d117f367,12,3,87.0,392,25.2,0.937799043,0,1,86.54993056940297,False,176.0,2021-07,LGB_medium,F2
2021-07-20,2021-07-19 16:00:00,2021-07-20 03:15:00,2021-07-20 03:30:00,1ccbb5fc7ebe6e186a9f1671b2b11754d81a743148ddac88ac31fef2d117f367,13,3,103.0,392,25.2,0.937799043,0,1,91.48043156050467,False,176.0,2021-07,LGB_medium,F2
2021-07-20,2021-07-19 16:00:00,2021-07-20 03:30:00,2021-07-20 03:45:00,1ccbb5fc7ebe6e186a9f1671b2b11754d81a743148ddac88ac31fef2d117f367,14,3,116.0,392,25.2,0.937799043,0,1,95.87814484462398,False,176.0,2021-07,LGB_medium,F2
2021-07-20,2021-07-19 16:00:00,2021-07-20 03:45:00,2021-07-20 04:00:00,1ccbb5fc7ebe6e186a9f1671b2b11754d81a743148ddac88ac31fef2d117f367,15,3,112.0,392,25.2,0.937799043,0,1,95.87814484462398,False,176.0,2021-07,LGB_medium,F2
2021-07-20,2021-07-19 16:00:00,2021-07-20 04:00:00,2021-07-20 04:15:00,1ccbb5fc7ebe6e186a9f1671b2b11754d81a743148ddac88ac31fef2d117f367,16,4,110.0,796,25.2,1.859813084,0,1,95.63008143123467,False,176.0,2021-07,LGB_medium,F2
2021-07-20,2021-07-19 16:00:00,2021-07-20 04:15:00,2021-07-20 04:30:00,1ccbb5fc7ebe6e186a9f1671b2b11754d81a743148ddac88ac31fef2d117f367,17,4,110.0,796,25.2,1.859813084,0,1,90.28773538888825,False,176.0,2021-07,LGB_medium,F2
2021-07-20,2021-07-19 16:00:00,2021-07-20 04:30:00,2021-07-20 04:45:00,1ccbb5fc7ebe6e186a9f1671b2b11754d81a743148ddac88ac31fef2d117f367,18,4,108.0,796,25.2,1.859813084,0,1,90.28773538888825,False,176.0,2021-07,LGB_medium,F2
2021-07-20,2021-07-19 16:00:00,2021-07-20 04:45:00,2021-07-20 05:00:00,1ccbb5fc7ebe6e186a9f1671b2b11754d81a743148ddac88ac31fef2d117f367,19,4,100.0,796,25.2,1.859813084,0,1,94.48886874791675,False,176.0,2021-07,LGB_medium,F2
2021-07-20,2021-07-19 16:00:00,2021-07-20 05:00:00,2021-07-20 05:15:00,1ccbb5fc7ebe6e186a9f1671b2b11754d81a743148ddac88ac31fef2d117f367,20,5,91.0,388,25.1,1.068870523,0,1,84.53607616593075,False,176.0,2021-07,LGB_medium,F2
2021-07-20,2021-07-19 16:00:00,2021-07-20 05:15:00,2021-07-20 05:30:00,1ccbb5fc7ebe6e186a9f1671b2b11754d81a743148ddac88ac31fef2d117f367,21,5,79.0,388,25.1,1.068870523,0,1,83.10194119842018,False,176.0,2021-07,LGB_medium,F2
2021-07-20,2021-07-19 16:00:00,2021-07-20 05:30:00,2021-07-20 05:45:00,1ccbb5fc7ebe6e186a9f1671b2b11754d81a743148ddac88ac31fef2d117f367,22,5,87.0,388,25.1,1.068870523,0,1,84.14029721180987,False,176.0,2021-07,LGB_medium,F2
2021-07-20,2021-07-19 16:00:00,2021-07-20 05:45:00,2021-07-20 06:00:00,1ccbb5fc7ebe6e186a9f1671b2b11754d81a743148ddac88ac31fef2d117f367,23,5,106.0,388,25.1,1.068870523,0,1,95.00870838767436,False,176.0,2021-07,LGB_medium,F2
2021-07-20,2021-07-19 16:00:00,2021-07-20 06:00:00,2021-07-20 06:15:00,1ccbb5fc7ebe6e186a9f1671b2b11754d81a743148ddac88ac31fef2d117f367,24,6,109.0,102,26.7,0.231818182,0,1,94.90786801195935,False,176.0,2021-07,LGB_medium,F2
2021-07-20,2021-07-19 16:00:00,2021-07-20 06:15:00,2021-07-20 06:30:00,1ccbb5fc7ebe6e186a9f1671b2b11754d81a743148ddac88ac31fef2d117f367,25,6,110.0,102,26.7,0.231818182,0,1,91.35750745841905,False,176.0,2021-07,LGB_medium,F2
2021-07-20,2021-07-19 16:00:00,2021-07-20 06:30:00,2021-07-20 06:45:00,1ccbb5fc7ebe6e186a9f1671b2b11754d81a743148ddac88ac31fef2d117f367,26,6,117.0,102,26.7,0.231818182,0,1,89.72820750850124,False,176.0,2021-07,LGB_medium,F2
2021-07-20,2021-07-19 16:00:00,2021-07-20 06:45:00,2021-07-20 07:00:00,1ccbb5fc7ebe6e186a9f1671b2b11754d81a743148ddac88ac31fef2d117f367,27,6,104.0,102,26.7,0.231818182,0,1,90.75520521719152,False,176.0,2021-07,LGB_medium,F2
2021-07-20,2021-07-19 16:00:00,2021-07-20 07:00:00,2021-07-20 07:15:00,1ccbb5fc7ebe6e186a9f1671b2b11754d81a743148ddac88ac31fef2d117f367,28,7,109.0,1086,28.4,2.037523452,0,1,91.96304274377084,False,176.0,2021-07,LGB_medium,F2
2021-07-20,2021-07-19 16:00:00,2021-07-20 07:15:00,2021-07-20 07:30:00,1ccbb5fc7ebe6e186a9f1671b2b11754d81a743148ddac88ac31fef2d117f367,29,7,130.0,1086,28.4,2.037523452,0,1,99.76130914914859,False,176.0,2021-07,LGB_medium,F2
2021-07-20,2021-07-19 16:00:00,2021-07-20 07:30:00,2021-07-20 07:45:00,1ccbb5fc7ebe6e186a9f1671b2b11754d81a743148ddac88ac31fef2d117f367,30,7,148.0,1086,28.4,2.037523452,0,1,117.4875266518676,False,176.0,2021-07,LGB_medium,F2
2021-07-20,2021-07-19 16:00:00,2021-07-20 07:45:00,2021-07-20 08:00:00,1ccbb5fc7ebe6e186a9f1671b2b11754d81a743148ddac88ac31fef2d117f367,31,7,146.0,1086,28.4,2.037523452,0,1,127.6021747771819,False,176.0,2021-07,LGB_medium,F2
2021-07-20,2021-07-19 16:00:00,2021-07-20 08:00:00,2021-07-20 08:15:00,1ccbb5fc7ebe6e186a9f1671b2b11754d81a743148ddac88ac31fef2d117f367,32,8,170.0,1248,29.7,1.657370518,0,1,133.2942200941228,False,176.0,2021-07,LGB_medium,F2
2021-07-20,2021-07-19 16:00:00,2021-07-20 08:15:00,2021-07-20 08:30:00,1ccbb5fc7ebe6e186a9f1671b2b11754d81a743148ddac88ac31fef2d117f367,33,8,191.0,1248,29.7,1.657370518,0,1,133.9973179567545,False,176.0,2021-07,LGB_medium,F2
2021-07-20,2021-07-19 16:00:00,2021-07-20 08:30:00,2021-07-20 08:45:00,1ccbb5fc7ebe6e186a9f1671b2b11754d81a743148ddac88ac31fef2d117f367,34,8,201.0,1248,29.7,1.657370518,0,1,133.93248600123678,False,176.0,2021-07,LGB_medium,F2
2021-07-20,2021-07-19 16:00:00,2021-07-20 08:45:00,2021-07-20 09:00:00,1ccbb5fc7ebe6e186a9f1671b2b11754d81a743148ddac88ac31fef2d117f367,35,8,191.0,1248,29.7,1.657370518,0,1,134.0743705102269,False,176.0,2021-07,LGB_medium,F2
2021-07-20,2021-07-19 16:00:00,2021-07-20 09:00:00,2021-07-20 09:15:00,1ccbb5fc7ebe6e186a9f1671b2b11754d81a743148ddac88ac31fef2d117f367,36,9,199.0,1828,30.8,2.389542484,0,1,129.91338488425504,False,176.0,2021-07,LGB_medium,F2
2021-07-20,2021-07-19 16:00:00,2021-07-20 09:15:00,2021-07-20 09:30:00,1ccbb5fc7ebe6e186a9f1671b2b11754d81a743148ddac88ac31fef2d117f367,37,9,195.0,1828,30.8,2.389542484,0,1,129.91338488425504,False,176.0,2021-07,LGB_medium,F2
2021-07-20,2021-07-19 16:00:00,2021-07-20 09:30:00,2021-07-20 09:45:00,1ccbb5fc7ebe6e186a9f1671b2b11754d81a743148ddac88ac31fef2d117f367,38,9,171.0,1828,30.8,2.389542484,0,1,129.84855292873732,False,176.0,2021-07,LGB_medium,F2
2021-07-20,2021-07-19 16:00:00,2021-07-20 09:45:00,2021-07-20 10:00:00,1ccbb5fc7ebe6e186a9f1671b2b11754d81a743148ddac88ac31fef2d117f367,39,9,200.0,1828,30.8,2.389542484,0,1,130.00965877367912,False,176.0,2021-07,LGB_medium,F2
2021-07-20,2021-07-19 16:00:00,2021-07-20 10:00:00,2021-07-20 10:15:00,1ccbb5fc7ebe6e186a9f1671b2b11754d81a743148ddac88ac31fef2d117f367,40,10,164.0,1282,31.1,1.700265252,0,1,129.36243622090208,False,176.0,2021-07,LGB_medium,F2
2021-07-20,2021-07-19 16:00:00,2021-07-20 10:15:00,2021-07-20 10:30:00,1ccbb5fc7ebe6e186a9f1671b2b11754d81a743148ddac88ac31fef2d117f367,41,10,196.0,1282,31.1,1.700265252,0,1,130.6613339168284,False,176.0,2021-07,LGB_medium,F2
2021-07-20,2021-07-19 16:00:00,2021-07-20 10:30:00,2021-07-20 10:45:00,1ccbb5fc7ebe6e186a9f1671b2b11754d81a743148ddac88ac31fef2d117f367,42,10,197.0,1282,31.1,1.700265252,0,1,132.88696863459563,False,176.0,2021-07,LGB_medium,F2
2021-07-20,2021-07-19 16:00:00,2021-07-20 10:45:00,2021-07-20 11:00:00,1ccbb5fc7ebe6e186a9f1671b2b11754d81a743148ddac88ac31fef2d117f367,43,10,197.0,1282,31.1,1.700265252,0,1,132.13863972318185,False,176.0,2021-07,LGB_medium,F2
2021-07-20,2021-07-19 16:00:00,2021-07-20 11:00:00,2021-07-20 11:15:00,1ccbb5fc7ebe6e186a9f1671b2b11754d81a743148ddac88ac31fef2d117f367,44,11,192.0,1327,31.7,1.743758213,0,1,130.99870146764735,False,176.0,2021-07,LGB_medium,F2
2021-07-20,2021-07-19 16:00:00,2021-07-20 11:15:00,2021-07-20 11:30:00,1ccbb5fc7ebe6e186a9f1671b2b11754d81a743148ddac88ac31fef2d117f367,45,11,191.0,1327,31.7,1.743758213,0,1,127.54265821108054,False,176.0,2021-07,LGB_medium,F2
2021-07-20,2021-07-19 16:00:00,2021-07-20 11:30:00,2021-07-20 11:45:00,1ccbb5fc7ebe6e186a9f1671b2b11754d81a743148ddac88ac31fef2d117f367,46,11,188.0,1327,31.7,1.743758213,0,1,127.49293923762603,False,176.0,2021-07,LGB_medium,F2
2021-07-20,2021-07-19 16:00:00,2021-07-20 11:45:00,2021-07-20 12:00:00,1ccbb5fc7ebe6e186a9f1671b2b11754d81a743148ddac88ac31fef2d117f367,47,11,190.0,1327,31.7,1.743758213,0,1,126.12574167033749,False,176.0,2021-07,LGB_medium,F2
2021-07-20,2021-07-19 16:00:00,2021-07-20 12:00:00,2021-07-20 12:15:00,1ccbb5fc7ebe6e186a9f1671b2b11754d81a743148ddac88ac31fef2d117f367,48,12,142.0,0,31.7,0.0,0,1,112.65574617356792,False,176.0,2021-07,LGB_medium,F2
2021-07-20,2021-07-19 16:00:00,2021-07-20 12:15:00,2021-07-20 12:30:00,1ccbb5fc7ebe6e186a9f1671b2b11754d81a743148ddac88ac31fef2d117f367,49,12,121.0,0,31.7,0.0,0,1,97.67397284885188,False,176.0,2021-07,LGB_medium,F2
2021-07-20,2021-07-19 16:00:00,2021-07-20 12:30:00,2021-07-20 12:45:00,1ccbb5fc7ebe6e186a9f1671b2b11754d81a743148ddac88ac31fef2d117f367,50,12,109.0,0,31.7,0.0,0,1,97.62608596267461,False,176.0,2021-07,LGB_medium,F2
2021-07-20,2021-07-19 16:00:00,2021-07-20 12:45:00,2021-07-20 13:00:00,1ccbb5fc7ebe6e186a9f1671b2b11754d81a743148ddac88ac31fef2d117f367,51,12,112.0,0,31.7,0.0,0,1,94.31333997777116,False,176.0,2021-07,LGB_medium,F2
2021-07-20,2021-07-19 16:00:00,2021-07-20 13:00:00,2021-07-20 13:15:00,1ccbb5fc7ebe6e186a9f1671b2b11754d81a743148ddac88ac31fef2d117f367,52,13,157.0,1234,30.1,1.735583685,0,1,125.81819250717872,False,176.0,2021-07,LGB_medium,F2
2021-07-20,2021-07-19 16:00:00,2021-07-20 13:15:00,2021-07-20 13:30:00,1ccbb5fc7ebe6e186a9f1671b2b11754d81a743148ddac88ac31fef2d117f367,53,13,177.0,1234,30.1,1.735583685,0,1,128.8765208278329,False,176.0,2021-07,LGB_medium,F2
2021-07-20,2021-07-19 16:00:00,2021-07-20 13:30:00,2021-07-20 13:45:00,1ccbb5fc7ebe6e186a9f1671b2b11754d81a743148ddac88ac31fef2d117f367,54,13,183.0,1234,30.1,1.735583685,0,1,128.8765208278329,False,176.0,2021-07,LGB_medium,F2
2021-07-20,2021-07-19 16:00:00,2021-07-20 13:45:00,2021-07-20 14:00:00,1ccbb5fc7ebe6e186a9f1671b2b11754d81a743148ddac88ac31fef2d117f367,55,13,194.0,1234,30.1,1.735583685,0,1,127.3577466573156,False,176.0,2021-07,LGB_medium,F2
2021-07-20,2021-07-19 16:00:00,2021-07-20 14:00:00,2021-07-20 14:15:00,1ccbb5fc7ebe6e186a9f1671b2b11754d81a743148ddac88ac31fef2d117f367,56,14,192.0,823,29.9,1.103217158,0,1,126.54094762410956,False,176.0,2021-07,LGB_medium,F2
2021-07-20,2021-07-19 16:00:00,2021-07-20 14:15:00,2021-07-20 14:30:00,1ccbb5fc7ebe6e186a9f1671b2b11754d81a743148ddac88ac31fef2d117f367,57,14,186.0,823,29.9,1.103217158,0,1,126.9659711495016,False,176.0,2021-07,LGB_medium,F2
2021-07-20,2021-07-19 16:00:00,2021-07-20 14:30:00,2021-07-20 14:45:00,1ccbb5fc7ebe6e186a9f1671b2b11754d81a743148ddac88ac31fef2d117f367,58,14,185.0,823,29.9,1.103217158,0,1,126.97780487291897,False,176.0,2021-07,LGB_medium,F2
2021-07-20,2021-07-19 16:00:00,2021-07-20 14:45:00,2021-07-20 15:00:00,1ccbb5fc7ebe6e186a9f1671b2b11754d81a743148ddac88ac31fef2d117f367,59,14,183.0,823,29.9,1.103217158,0,1,126.75272437102396,False,176.0,2021-07,LGB_medium,F2
2021-07-20,2021-07-19 16:00:00,2021-07-20 15:00:00,2021-07-20 15:15:00,1ccbb5fc7ebe6e186a9f1671b2b11754d81a743148ddac88ac31fef2d117f367,60,15,145.0,419,30.2,0.627245509,0,1,126.14996020768288,False,176.0,2021-07,LGB_medium,F2
2021-07-20,2021-07-19 16:00:00,2021-07-20 15:15:00,2021-07-20 15:30:00,1ccbb5fc7ebe6e186a9f1671b2b11754d81a743148ddac88ac31fef2d117f367,61,15,144.0,419,30.2,0.627245509,0,1,126.33071395586813,False,176.0,2021-07,LGB_medium,F2
2021-07-20,2021-07-19 16:00:00,2021-07-20 15:30:00,2021-07-20 15:45:00,1ccbb5fc7ebe6e186a9f1671b2b11754d81a743148ddac88ac31fef2d117f367,62,15,180.0,419,30.2,0.627245509,0,1,127.15855862110422,False,176.0,2021-07,LGB_medium,F2
2021-07-20,2021-07-19 16:00:00,2021-07-20 15:45:00,2021-07-20 16:00:00,1ccbb5fc7ebe6e186a9f1671b2b11754d81a743148ddac88ac31fef2d117f367,63,15,199.0,419,30.2,0.627245509,0,1,127.15486732278889,False,176.0,2021-07,LGB_medium,F2
2021-07-20,2021-07-19 16:00:00,2021-07-20 16:00:00,2021-07-20 16:15:00,1ccbb5fc7ebe6e186a9f1671b2b11754d81a743148ddac88ac31fef2d117f367,64,16,201.0,2403,29.7,3.247297297,0,1,126.99831007472692,False,176.0,2021-07,LGB_medium,F2
2021-07-20,2021-07-19 16:00:00,2021-07-20 16:15:00,2021-07-20 16:30:00,1ccbb5fc7ebe6e186a9f1671b2b11754d81a743148ddac88ac31fef2d117f367,65,16,179.0,2403,29.7,3.247297297,0,1,127.13618339866652,False,176.0,2021-07,LGB_medium,F2
2021-07-20,2021-07-19 16:00:00,2021-07-20 16:30:00,2021-07-20 16:45:00,1ccbb5fc7ebe6e186a9f1671b2b11754d81a743148ddac88ac31fef2d117f367,66,16,179.0,2403,29.7,3.247297297,0,1,126.38263078130895,False,176.0,2021-07,LGB_medium,F2
2021-07-20,2021-07-19 16:00:00,2021-07-20 16:45:00,2021-07-20 17:00:00,1ccbb5fc7ebe6e186a9f1671b2b11754d81a743148ddac88ac31fef2d117f367,67,16,181.0,2403,29.7,3.247297297,0,1,126.38263078130895,False,176.0,2021-07,LGB_medium,F2
2021-07-20,2021-07-19 16:00:00,2021-07-20 17:00:00,2021-07-20 17:15:00,1ccbb5fc7ebe6e186a9f1671b2b11754d81a743148ddac88ac31fef2d117f367,68,17,116.0,881,29.1,1.671726755,0,1,100.59072559391494,False,176.0,2021-07,LGB_medium,F2
2021-07-20,2021-07-19 16:00:00,2021-07-20 17:15:00,2021-07-20 17:30:00,1ccbb5fc7ebe6e186a9f1671b2b11754d81a743148ddac88ac31fef2d117f367,69,17,107.0,881,29.1,1.671726755,0,1,99.27384696252943,False,176.0,2021-07,LGB_medium,F2
2021-07-20,2021-07-19 16:00:00,2021-07-20 17:30:00,2021-07-20 17:45:00,1ccbb5fc7ebe6e186a9f1671b2b11754d81a743148ddac88ac31fef2d117f367,70,17,145.0,881,29.1,1.671726755,0,1,122.10610573676924,False,176.0,2021-07,LGB_medium,F2
2021-07-20,2021-07-19 16:00:00,2021-07-20 17:45:00,2021-07-20 18:00:00,1ccbb5fc7ebe6e186a9f1671b2b11754d81a743148ddac88ac31fef2d117f367,71,17,159.0,881,29.1,1.671726755,0,1,125.58184119516355,False,176.0,2021-07,LGB_medium,F2
2021-07-20,2021-07-19 16:00:00,2021-07-20 18:00:00,2021-07-20 18:15:00,1ccbb5fc7ebe6e186a9f1671b2b11754d81a743148ddac88ac31fef2d117f367,72,18,179.0,2031,27.5,2.90974212,0,1,125.87816907729211,False,176.0,2021-07,LGB_medium,F2
2021-07-20,2021-07-19 16:00:00,2021-07-20 18:15:00,2021-07-20 18:30:00,1ccbb5fc7ebe6e186a9f1671b2b11754d81a743148ddac88ac31fef2d117f367,73,18,182.0,2031,27.5,2.90974212,0,1,126.47912211901252,False,176.0,2021-07,LGB_medium,F2
2021-07-20,2021-07-19 16:00:00,2021-07-20 18:30:00,2021-07-20 18:45:00,1ccbb5fc7ebe6e186a9f1671b2b11754d81a743148ddac88ac31fef2d117f367,74,18,160.0,2031,27.5,2.90974212,0,1,124.03643560857196,False,176.0,2021-07,LGB_medium,F2
2021-07-20,2021-07-19 16:00:00,2021-07-20 18:45:00,2021-07-20 19:00:00,1ccbb5fc7ebe6e186a9f1671b2b11754d81a743148ddac88ac31fef2d117f367,75,18,177.0,2031,27.5,2.90974212,0,1,123.54688274187102,False,176.0,2021-07,LGB_medium,F2
2021-07-20,2021-07-19 16:00:00,2021-07-20 19:00:00,2021-07-20 19:15:00,1ccbb5fc7ebe6e186a9f1671b2b11754d81a743148ddac88ac31fef2d117f367,76,19,176.0,3506,26.5,5.148311307,0,1,123.35986438679976,False,176.0,2021-07,LGB_medium,F2
2021-07-20,2021-07-19 16:00:00,2021-07-20 19:15:00,2021-07-20 19:30:00,1ccbb5fc7ebe6e186a9f1671b2b11754d81a743148ddac88ac31fef2d117f367,77,19,173.0,3506,26.5,5.148311307,0,1,123.77355984684036,False,176.0,2021-07,LGB_medium,F2
2021-07-20,2021-07-19 16:00:00,2021-07-20 19:30:00,2021-07-20 19:45:00,1ccbb5fc7ebe6e186a9f1671b2b11754d81a743148ddac88ac31fef2d117f367,78,19,173.0,3506,26.5,5.148311307,0,1,122.18824547483068,False,176.0,2021-07,LGB_medium,F2
2021-07-20,2021-07-19 16:00:00,2021-07-20 19:45:00,2021-07-20 20:00:00,1ccbb5fc7ebe6e186a9f1671b2b11754d81a743148ddac88ac31fef2d117f367,79,19,159.0,3506,26.5,5.148311307,0,1,121.87564303667226,False,176.0,2021-07,LGB_medium,F2
2021-07-20,2021-07-19 16:00:00,2021-07-20 20:00:00,2021-07-20 20:15:00,1ccbb5fc7ebe6e186a9f1671b2b11754d81a743148ddac88ac31fef2d117f367,80,20,132.0,80,26.0,0.157790927,0,1,112.79882406969392,False,176.0,2021-07,LGB_medium,F2
2021-07-20,2021-07-19 16:00:00,2021-07-20 20:15:00,2021-07-20 20:30:00,1ccbb5fc7ebe6e186a9f1671b2b11754d81a743148ddac88ac31fef2d117f367,81,20,131.0,80,26.0,0.157790927,0,1,120.04172179340732,False,176.0,2021-07,LGB_medium,F2
2021-07-20,2021-07-19 16:00:00,2021-07-20 20:30:00,2021-07-20 20:45:00,1ccbb5fc7ebe6e186a9f1671b2b11754d81a743148ddac88ac31fef2d117f367,82,20,124.0,80,26.0,0.157790927,0,1,121.09160281179535,False,176.0,2021-07,LGB_medium,F2
2021-07-20,2021-07-19 16:00:00,2021-07-20 20:45:00,2021-07-20 21:00:00,1ccbb5fc7ebe6e186a9f1671b2b11754d81a743148ddac88ac31fef2d117f367,83,20,120.0,80,26.0,0.157790927,0,1,119.80779208957483,False,176.0,2021-07,LGB_medium,F2
2021-07-20,2021-07-19 16:00:00,2021-07-20 21:00:00,2021-07-20 21:15:00,1ccbb5fc7ebe6e186a9f1671b2b11754d81a743148ddac88ac31fef2d117f367,84,21,121.0,562,26.1,1.084942085,0,1,112.28851373003272,False,176.0,2021-07,LGB_medium,F2
2021-07-20,2021-07-19 16:00:00,2021-07-20 21:15:00,2021-07-20 21:30:00,1ccbb5fc7ebe6e186a9f1671b2b11754d81a743148ddac88ac31fef2d117f367,85,21,127.0,562,26.1,1.084942085,0,1,96.96831989655777,False,176.0,2021-07,LGB_medium,F2
2021-07-20,2021-07-19 16:00:00,2021-07-20 21:30:00,2021-07-20 21:45:00,1ccbb5fc7ebe6e186a9f1671b2b11754d81a743148ddac88ac31fef2d117f367,86,21,137.0,562,26.1,1.084942085,0,1,97.2798129805905,False,176.0,2021-07,LGB_medium,F2
2021-07-20,2021-07-19 16:00:00,2021-07-20 21:45:00,2021-07-20 22:00:00,1ccbb5fc7ebe6e186a9f1671b2b11754d81a743148ddac88ac31fef2d117f367,87,21,133.0,562,26.1,1.084942085,0,1,106.87045850740695,False,176.0,2021-07,LGB_medium,F2
2021-07-20,2021-07-19 16:00:00,2021-07-20 22:00:00,2021-07-20 22:15:00,1ccbb5fc7ebe6e186a9f1671b2b11754d81a743148ddac88ac31fef2d117f367,88,22,108.0,235,25.9,0.524553571,0,1,94.96088520747118,False,176.0,2021-07,LGB_medium,F2
2021-07-20,2021-07-19 16:00:00,2021-07-20 22:15:00,2021-07-20 22:30:00,1ccbb5fc7ebe6e186a9f1671b2b11754d81a743148ddac88ac31fef2d117f367,89,22,111.0,235,25.9,0.524553571,0,1,95.02381468142782,False,176.0,2021-07,LGB_medium,F2
2021-07-20,2021-07-19 16:00:00,2021-07-20 22:30:00,2021-07-20 22:45:00,1ccbb5fc7ebe6e186a9f1671b2b11754d81a743148ddac88ac31fef2d117f367,90,22,108.0,235,25.9,0.524553571,0,1,95.04399004656491,False,176.0,2021-07,LGB_medium,F2
2021-07-20,2021-07-19 16:00:00,2021-07-20 22:45:00,2021-07-20 23:00:00,1ccbb5fc7ebe6e186a9f1671b2b11754d81a743148ddac88ac31fef2d117f367,91,22,121.0,235,25.9,0.524553571,0,1,95.11782718500615,False,176.0,2021-07,LGB_medium,F2
2021-07-20,2021-07-19 16:00:00,2021-07-20 23:00:00,2021-07-20 23:15:00,1ccbb5fc7ebe6e186a9f1671b2b11754d81a743148ddac88ac31fef2d117f367,92,23,117.0,108,25.3,0.247706422,0,1,85.14079875687388,False,176.0,2021-07,LGB_medium,F2
2021-07-20,2021-07-19 16:00:00,2021-07-20 23:15:00,2021-07-20 23:30:00,1ccbb5fc7ebe6e186a9f1671b2b11754d81a743148ddac88ac31fef2d117f367,93,23,111.0,108,25.3,0.247706422,0,1,82.03868486710302,False,176.0,2021-07,LGB_medium,F2
2021-07-20,2021-07-19 16:00:00,2021-07-20 23:30:00,2021-07-20 23:45:00,1ccbb5fc7ebe6e186a9f1671b2b11754d81a743148ddac88ac31fef2d117f367,94,23,112.0,108,25.3,0.247706422,0,1,85.41115149814104,False,176.0,2021-07,LGB_medium,F2
2021-07-20,2021-07-19 16:00:00,2021-07-20 23:45:00,2021-07-21 00:00:00,1ccbb5fc7ebe6e186a9f1671b2b11754d81a743148ddac88ac31fef2d117f367,95,23,96.0,108,25.3,0.247706422,0,1,85.17760403616262,False,176.0,2021-07,LGB_medium,F2
2021-07-21,2021-07-20 16:00:00,2021-07-21 00:00:00,2021-07-21 00:15:00,f266403f0a38876934dee5f9b09e82e6787f25e18eb53babbde4cf44d8ee9cd0,0,0,85.0,286,24.5,0.922580645,0,2,79.35125965390523,False,176.0,2021-07,LGB_medium,F2
2021-07-21,2021-07-20 16:00:00,2021-07-21 00:15:00,2021-07-21 00:30:00,f266403f0a38876934dee5f9b09e82e6787f25e18eb53babbde4cf44d8ee9cd0,1,0,79.0,286,24.5,0.922580645,0,2,75.35712387584034,False,176.0,2021-07,LGB_medium,F2
2021-07-21,2021-07-20 16:00:00,2021-07-21 00:30:00,2021-07-21 00:45:00,f266403f0a38876934dee5f9b09e82e6787f25e18eb53babbde4cf44d8ee9cd0,2,0,74.0,286,24.5,0.922580645,0,2,77.49647072245844,False,176.0,2021-07,LGB_medium,F2
2021-07-21,2021-07-20 16:00:00,2021-07-21 00:45:00,2021-07-21 01:00:00,f266403f0a38876934dee5f9b09e82e6787f25e18eb53babbde4cf44d8ee9cd0,3,0,72.0,286,24.5,0.922580645,0,2,78.51150495666529,False,176.0,2021-07,LGB_medium,F2
2021-07-21,2021-07-20 16:00:00,2021-07-21 01:00:00,2021-07-21 01:15:00,f266403f0a38876934dee5f9b09e82e6787f25e18eb53babbde4cf44d8ee9cd0,4,1,96.0,270,24.1,0.633802817,0,2,65.8664906203214,False,176.0,2021-07,LGB_medium,F2
2021-07-21,2021-07-20 16:00:00,2021-07-21 01:15:00,2021-07-21 01:30:00,f266403f0a38876934dee5f9b09e82e6787f25e18eb53babbde4cf44d8ee9cd0,5,1,105.0,270,24.1,0.633802817,0,2,64.49387117843371,False,176.0,2021-07,LGB_medium,F2
2021-07-21,2021-07-20 16:00:00,2021-07-21 01:30:00,2021-07-21 01:45:00,f266403f0a38876934dee5f9b09e82e6787f25e18eb53babbde4cf44d8ee9cd0,6,1,112.0,270,24.1,0.633802817,0,2,66.63861863550822,False,176.0,2021-07,LGB_medium,F2
2021-07-21,2021-07-20 16:00:00,2021-07-21 01:45:00,2021-07-21 02:00:00,f266403f0a38876934dee5f9b09e82e6787f25e18eb53babbde4cf44d8ee9cd0,7,1,113.0,270,24.1,0.633802817,0,2,63.34415669634372,False,176.0,2021-07,LGB_medium,F2
2021-07-21,2021-07-20 16:00:00,2021-07-21 02:00:00,2021-07-21 02:15:00,f266403f0a38876934dee5f9b09e82e6787f25e18eb53babbde4cf44d8ee9cd0,8,2,89.0,126,24.3,0.316582915,0,2,66.60479174488509,False,176.0,2021-07,LGB_medium,F2
2021-07-21,2021-07-20 16:00:00,2021-07-21 02:15:00,2021-07-21 02:30:00,f266403f0a38876934dee5f9b09e82e6787f25e18eb53babbde4cf44d8ee9cd0,9,2,100.0,126,24.3,0.316582915,0,2,66.60479174488509,False,176.0,2021-07,LGB_medium,F2
2021-07-21,2021-07-20 16:00:00,2021-07-21 02:30:00,2021-07-21 02:45:00,f266403f0a38876934dee5f9b09e82e6787f25e18eb53babbde4cf44d8ee9cd0,10,2,108.0,126,24.3,0.316582915,0,2,65.33603408047954,False,176.0,2021-07,LGB_medium,F2
2021-07-21,2021-07-20 16:00:00,2021-07-21 02:45:00,2021-07-21 03:00:00,f266403f0a38876934dee5f9b09e82e6787f25e18eb53babbde4cf44d8ee9cd0,11,2,101.0,126,24.3,0.316582915,0,2,59.21462298971546,False,176.0,2021-07,LGB_medium,F2
2021-07-21,2021-07-20 16:00:00,2021-07-21 03:00:00,2021-07-21 03:15:00,f266403f0a38876934dee5f9b09e82e6787f25e18eb53babbde4cf44d8ee9cd0,12,3,85.0,528,23.2,1.300492611,0,2,74.76094778563217,False,176.0,2021-07,LGB_medium,F2
2021-07-21,2021-07-20 16:00:00,2021-07-21 03:15:00,2021-07-21 03:30:00,f266403f0a38876934dee5f9b09e82e6787f25e18eb53babbde4cf44d8ee9cd0,13,3,104.0,528,23.2,1.300492611,0,2,65.05590369328746,False,176.0,2021-07,LGB_medium,F2
2021-07-21,2021-07-20 16:00:00,2021-07-21 03:30:00,2021-07-21 03:45:00,f266403f0a38876934dee5f9b09e82e6787f25e18eb53babbde4cf44d8ee9cd0,14,3,106.0,528,23.2,1.300492611,0,2,69.54073480116509,False,176.0,2021-07,LGB_medium,F2
2021-07-21,2021-07-20 16:00:00,2021-07-21 03:45:00,2021-07-21 04:00:00,f266403f0a38876934dee5f9b09e82e6787f25e18eb53babbde4cf44d8ee9cd0,15,3,111.0,528,23.2,1.300492611,0,2,67.07389467299679,False,176.0,2021-07,LGB_medium,F2
2021-07-21,2021-07-20 16:00:00,2021-07-21 04:00:00,2021-07-21 04:15:00,f266403f0a38876934dee5f9b09e82e6787f25e18eb53babbde4cf44d8ee9cd0,16,4,100.0,158,23.0,0.370023419,0,2,66.50903766088265,False,176.0,2021-07,LGB_medium,F2
2021-07-21,2021-07-20 16:00:00,2021-07-21 04:15:00,2021-07-21 04:30:00,f266403f0a38876934dee5f9b09e82e6787f25e18eb53babbde4cf44d8ee9cd0,17,4,117.0,158,23.0,0.370023419,0,2,65.02118278332068,False,176.0,2021-07,LGB_medium,F2
2021-07-21,2021-07-20 16:00:00,2021-07-21 04:30:00,2021-07-21 04:45:00,f266403f0a38876934dee5f9b09e82e6787f25e18eb53babbde4cf44d8ee9cd0,18,4,111.0,158,23.0,0.370023419,0,2,65.27810794763452,False,176.0,2021-07,LGB_medium,F2
2021-07-21,2021-07-20 16:00:00,2021-07-21 04:45:00,2021-07-21 05:00:00,f266403f0a38876934dee5f9b09e82e6787f25e18eb53babbde4cf44d8ee9cd0,19,4,99.0,158,23.0,0.370023419,0,2,66.00915945727715,False,176.0,2021-07,LGB_medium,F2
2021-07-21,2021-07-20 16:00:00,2021-07-21 05:00:00,2021-07-21 05:15:00,f266403f0a38876934dee5f9b09e82e6787f25e18eb53babbde4cf44d8ee9cd0,20,5,86.0,187,24.0,0.5,0,2,87.71304791534097,False,176.0,2021-07,LGB_medium,F2
2021-07-21,2021-07-20 16:00:00,2021-07-21 05:15:00,2021-07-21 05:30:00,f266403f0a38876934dee5f9b09e82e6787f25e18eb53babbde4cf44d8ee9cd0,21,5,78.0,187,24.0,0.5,0,2,84.6779642728521,False,176.0,2021-07,LGB_medium,F2
2021-07-21,2021-07-20 16:00:00,2021-07-21 05:30:00,2021-07-21 05:45:00,f266403f0a38876934dee5f9b09e82e6787f25e18eb53babbde4cf44d8ee9cd0,22,5,99.0,187,24.0,0.5,0,2,69.06295236112776,False,176.0,2021-07,LGB_medium,F2
2021-07-21,2021-07-20 16:00:00,2021-07-21 05:45:00,2021-07-21 06:00:00,f266403f0a38876934dee5f9b09e82e6787f25e18eb53babbde4cf44d8ee9cd0,23,5,111.0,187,24.0,0.5,0,2,66.50036805622221,False,176.0,2021-07,LGB_medium,F2
2021-07-21,2021-07-20 16:00:00,2021-07-21 06:00:00,2021-07-21 06:15:00,f266403f0a38876934dee5f9b09e82e6787f25e18eb53babbde4cf44d8ee9cd0,24,6,108.0,56,24.7,0.132387707,0,2,67.62114586762401,False,176.0,2021-07,LGB_medium,F2
2021-07-21,2021-07-20 16:00:00,2021-07-21 06:15:00,2021-07-21 06:30:00,f266403f0a38876934dee5f9b09e82e6787f25e18eb53babbde4cf44d8ee9cd0,25,6,99.0,56,24.7,0.132387707,0,2,62.439838698837484,False,176.0,2021-07,LGB_medium,F2
2021-07-21,2021-07-20 16:00:00,2021-07-21 06:30:00,2021-07-21 06:45:00,f266403f0a38876934dee5f9b09e82e6787f25e18eb53babbde4cf44d8ee9cd0,26,6,110.0,56,24.7,0.132387707,0,2,60.836296235761104,False,176.0,2021-07,LGB_medium,F2
2021-07-21,2021-07-20 16:00:00,2021-07-21 06:45:00,2021-07-21 07:00:00,f266403f0a38876934dee5f9b09e82e6787f25e18eb53babbde4cf44d8ee9cd0,27,6,106.0,56,24.7,0.132387707,0,2,65.13705162188985,False,176.0,2021-07,LGB_medium,F2
2021-07-21,2021-07-20 16:00:00,2021-07-21 07:00:00,2021-07-21 07:15:00,f266403f0a38876934dee5f9b09e82e6787f25e18eb53babbde4cf44d8ee9cd0,28,7,104.0,842,27.0,1.64453125,0,2,67.25959248102703,False,176.0,2021-07,LGB_medium,F2
2021-07-21,2021-07-20 16:00:00,2021-07-21 07:15:00,2021-07-21 07:30:00,f266403f0a38876934dee5f9b09e82e6787f25e18eb53babbde4cf44d8ee9cd0,29,7,111.0,842,27.0,1.64453125,0,2,72.02384821344214,False,176.0,2021-07,LGB_medium,F2
2021-07-21,2021-07-20 16:00:00,2021-07-21 07:30:00,2021-07-21 07:45:00,f266403f0a38876934dee5f9b09e82e6787f25e18eb53babbde4cf44d8ee9cd0,30,7,149.0,842,27.0,1.64453125,0,2,117.99761492466394,False,176.0,2021-07,LGB_medium,F2
2021-07-21,2021-07-20 16:00:00,2021-07-21 07:45:00,2021-07-21 08:00:00,f266403f0a38876934dee5f9b09e82e6787f25e18eb53babbde4cf44d8ee9cd0,31,7,148.0,842,27.0,1.64453125,0,2,91.04862173377441,False,176.0,2021-07,LGB_medium,F2
2021-07-21,2021-07-20 16:00:00,2021-07-21 08:00:00,2021-07-21 08:15:00,f266403f0a38876934dee5f9b09e82e6787f25e18eb53babbde4cf44d8ee9cd0,32,8,164.0,933,28.3,1.208549223,0,2,123.53284748369248,False,176.0,2021-07,LGB_medium,F2
2021-07-21,2021-07-20 16:00:00,2021-07-21 08:15:00,2021-07-21 08:30:00,f266403f0a38876934dee5f9b09e82e6787f25e18eb53babbde4cf44d8ee9cd0,33,8,200.0,933,28.3,1.208549223,0,2,129.17696134945672,False,176.0,2021-07,LGB_medium,F2
2021-07-21,2021-07-20 16:00:00,2021-07-21 08:30:00,2021-07-21 08:45:00,f266403f0a38876934dee5f9b09e82e6787f25e18eb53babbde4cf44d8ee9cd0,34,8,209.0,933,28.3,1.208549223,0,2,132.16937157184176,False,176.0,2021-07,LGB_medium,F2
2021-07-21,2021-07-20 16:00:00,2021-07-21 08:45:00,2021-07-21 09:00:00,f266403f0a38876934dee5f9b09e82e6787f25e18eb53babbde4cf44d8ee9cd0,35,8,199.0,933,28.3,1.208549223,0,2,132.04573583092358,False,176.0,2021-07,LGB_medium,F2
2021-07-21,2021-07-20 16:00:00,2021-07-21 09:00:00,2021-07-21 09:15:00,f266403f0a38876934dee5f9b09e82e6787f25e18eb53babbde4cf44d8ee9cd0,36,9,195.0,1013,29.1,1.244471744,0,2,128.94706047568485,False,176.0,2021-07,LGB_medium,F2
2021-07-21,2021-07-20 16:00:00,2021-07-21 09:15:00,2021-07-21 09:30:00,f266403f0a38876934dee5f9b09e82e6787f25e18eb53babbde4cf44d8ee9cd0,37,9,200.0,1013,29.1,1.244471744,0,2,125.95525067687464,False,176.0,2021-07,LGB_medium,F2
2021-07-21,2021-07-20 16:00:00,2021-07-21 09:30:00,2021-07-21 09:45:00,f266403f0a38876934dee5f9b09e82e6787f25e18eb53babbde4cf44d8ee9cd0,38,9,205.0,1013,29.1,1.244471744,0,2,129.01102073322485,False,176.0,2021-07,LGB_medium,F2
2021-07-21,2021-07-20 16:00:00,2021-07-21 09:45:00,2021-07-21 10:00:00,f266403f0a38876934dee5f9b09e82e6787f25e18eb53babbde4cf44d8ee9cd0,39,9,214.0,1013,29.1,1.244471744,0,2,124.79880886920115,False,176.0,2021-07,LGB_medium,F2
2021-07-21,2021-07-20 16:00:00,2021-07-21 10:00:00,2021-07-21 10:15:00,f266403f0a38876934dee5f9b09e82e6787f25e18eb53babbde4cf44d8ee9cd0,40,10,164.0,628,29.1,0.875871688,0,2,119.92544966857366,False,176.0,2021-07,LGB_medium,F2
2021-07-21,2021-07-20 16:00:00,2021-07-21 10:15:00,2021-07-21 10:30:00,f266403f0a38876934dee5f9b09e82e6787f25e18eb53babbde4cf44d8ee9cd0,41,10,197.0,628,29.1,0.875871688,0,2,127.29588964084967,False,176.0,2021-07,LGB_medium,F2
2021-07-21,2021-07-20 16:00:00,2021-07-21 10:30:00,2021-07-21 10:45:00,f266403f0a38876934dee5f9b09e82e6787f25e18eb53babbde4cf44d8ee9cd0,42,10,183.0,628,29.1,0.875871688,0,2,128.14711250413797,False,176.0,2021-07,LGB_medium,F2
2021-07-21,2021-07-20 16:00:00,2021-07-21 10:45:00,2021-07-21 11:00:00,f266403f0a38876934dee5f9b09e82e6787f25e18eb53babbde4cf44d8ee9cd0,43,10,173.0,628,29.1,0.875871688,0,2,127.38246707762323,False,176.0,2021-07,LGB_medium,F2
2021-07-21,2021-07-20 16:00:00,2021-07-21 11:00:00,2021-07-21 11:15:00,f266403f0a38876934dee5f9b09e82e6787f25e18eb53babbde4cf44d8ee9cd0,44,11,180.0,1336,29.3,1.699745547,0,2,126.03471612771634,False,176.0,2021-07,LGB_medium,F2
2021-07-21,2021-07-20 16:00:00,2021-07-21 11:15:00,2021-07-21 11:30:00,f266403f0a38876934dee5f9b09e82e6787f25e18eb53babbde4cf44d8ee9cd0,45,11,200.0,1336,29.3,1.699745547,0,2,127.83668270275648,False,176.0,2021-07,LGB_medium,F2
2021-07-21,2021-07-20 16:00:00,2021-07-21 11:30:00,2021-07-21 11:45:00,f266403f0a38876934dee5f9b09e82e6787f25e18eb53babbde4cf44d8ee9cd0,46,11,200.0,1336,29.3,1.699745547,0,2,125.54870722121689,False,176.0,2021-07,LGB_medium,F2
2021-07-21,2021-07-20 16:00:00,2021-07-21 11:45:00,2021-07-21 12:00:00,f266403f0a38876934dee5f9b09e82e6787f25e18eb53babbde4cf44d8ee9cd0,47,11,206.0,1336,29.3,1.699745547,0,2,123.33522079652951,False,176.0,2021-07,LGB_medium,F2
2021-07-21,2021-07-20 16:00:00,2021-07-21 12:00:00,2021-07-21 12:15:00,f266403f0a38876934dee5f9b09e82e6787f25e18eb53babbde4cf44d8ee9cd0,48,12,150.0,88,29.7,0.17254902,0,2,65.52304626030772,False,176.0,2021-07,LGB_medium,F2
2021-07-21,2021-07-20 16:00:00,2021-07-21 12:15:00,2021-07-21 12:30:00,f266403f0a38876934dee5f9b09e82e6787f25e18eb53babbde4cf44d8ee9cd0,49,12,128.0,88,29.7,0.17254902,0,2,68.3002295526635,False,176.0,2021-07,LGB_medium,F2
2021-07-21,2021-07-20 16:00:00,2021-07-21 12:30:00,2021-07-21 12:45:00,f266403f0a38876934dee5f9b09e82e6787f25e18eb53babbde4cf44d8ee9cd0,50,12,116.0,88,29.7,0.17254902,0,2,49.09758947510638,False,176.0,2021-07,LGB_medium,F2
2021-07-21,2021-07-20 16:00:00,2021-07-21 12:45:00,2021-07-21 13:00:00,f266403f0a38876934dee5f9b09e82e6787f25e18eb53babbde4cf44d8ee9cd0,51,12,116.0,88,29.7,0.17254902,0,2,54.14541551957869,False,176.0,2021-07,LGB_medium,F2
2021-07-21,2021-07-20 16:00:00,2021-07-21 13:00:00,2021-07-21 13:15:00,f266403f0a38876934dee5f9b09e82e6787f25e18eb53babbde4cf44d8ee9cd0,52,13,177.0,1911,29.2,2.531125828,0,2,130.70183011579488,False,176.0,2021-07,LGB_medium,F2
2021-07-21,2021-07-20 16:00:00,2021-07-21 13:15:00,2021-07-21 13:30:00,f266403f0a38876934dee5f9b09e82e6787f25e18eb53babbde4cf44d8ee9cd0,53,13,181.0,1911,29.2,2.531125828,0,2,125.85266594851049,False,176.0,2021-07,LGB_medium,F2
2021-07-21,2021-07-20 16:00:00,2021-07-21 13:30:00,2021-07-21 13:45:00,f266403f0a38876934dee5f9b09e82e6787f25e18eb53babbde4cf44d8ee9cd0,54,13,193.0,1911,29.2,2.531125828,0,2,126.08838658741838,False,176.0,2021-07,LGB_medium,F2
2021-07-21,2021-07-20 16:00:00,2021-07-21 13:45:00,2021-07-21 14:00:00,f266403f0a38876934dee5f9b09e82e6787f25e18eb53babbde4cf44d8ee9cd0,55,13,204.0,1911,29.2,2.531125828,0,2,124.65702808984436,False,176.0,2021-07,LGB_medium,F2
2021-07-21,2021-07-20 16:00:00,2021-07-21 14:00:00,2021-07-21 14:15:00,f266403f0a38876934dee5f9b09e82e6787f25e18eb53babbde4cf44d8ee9cd0,56,14,197.0,972,29.4,1.222641509,0,2,123.12135762258143,False,176.0,2021-07,LGB_medium,F2
2021-07-21,2021-07-20 16:00:00,2021-07-21 14:15:00,2021-07-21 14:30:00,f266403f0a38876934dee5f9b09e82e6787f25e18eb53babbde4cf44d8ee9cd0,57,14,203.0,972,29.4,1.222641509,0,2,125.77035308016237,False,176.0,2021-07,LGB_medium,F2
2021-07-21,2021-07-20 16:00:00,2021-07-21 14:30:00,2021-07-21 14:45:00,f266403f0a38876934dee5f9b09e82e6787f25e18eb53babbde4cf44d8ee9cd0,58,14,201.0,972,29.4,1.222641509,0,2,124.40591582847,False,176.0,2021-07,LGB_medium,F2
2021-07-21,2021-07-20 16:00:00,2021-07-21 14:45:00,2021-07-21 15:00:00,f266403f0a38876934dee5f9b09e82e6787f25e18eb53babbde4cf44d8ee9cd0,59,14,194.0,972,29.4,1.222641509,0,2,124.03646563895828,False,176.0,2021-07,LGB_medium,F2
2021-07-21,2021-07-20 16:00:00,2021-07-21 15:00:00,2021-07-21 15:15:00,f266403f0a38876934dee5f9b09e82e6787f25e18eb53babbde4cf44d8ee9cd0,60,15,151.0,4021,28.9,5.878654971,0,2,112.63744249131327,False,176.0,2021-07,LGB_medium,F2
2021-07-21,2021-07-20 16:00:00,2021-07-21 15:15:00,2021-07-21 15:30:00,f266403f0a38876934dee5f9b09e82e6787f25e18eb53babbde4cf44d8ee9cd0,61,15,151.0,4021,28.9,5.878654971,0,2,90.12406469057913,False,176.0,2021-07,LGB_medium,F2
2021-07-21,2021-07-20 16:00:00,2021-07-21 15:30:00,2021-07-21 15:45:00,f266403f0a38876934dee5f9b09e82e6787f25e18eb53babbde4cf44d8ee9cd0,62,15,199.0,4021,28.9,5.878654971,0,2,103.47558622700572,False,176.0,2021-07,LGB_medium,F2
2021-07-21,2021-07-20 16:00:00,2021-07-21 15:45:00,2021-07-21 16:00:00,f266403f0a38876934dee5f9b09e82e6787f25e18eb53babbde4cf44d8ee9cd0,63,15,183.0,4021,28.9,5.878654971,0,2,102.19099374240926,False,176.0,2021-07,LGB_medium,F2
2021-07-21,2021-07-20 16:00:00,2021-07-21 16:00:00,2021-07-21 16:15:00,f266403f0a38876934dee5f9b09e82e6787f25e18eb53babbde4cf44d8ee9cd0,64,16,180.0,865,28.1,1.186556927,0,2,123.29135520809263,False,176.0,2021-07,LGB_medium,F2
2021-07-21,2021-07-20 16:00:00,2021-07-21 16:15:00,2021-07-21 16:30:00,f266403f0a38876934dee5f9b09e82e6787f25e18eb53babbde4cf44d8ee9cd0,65,16,178.0,865,28.1,1.186556927,0,2,124.20599096795983,False,176.0,2021-07,LGB_medium,F2
2021-07-21,2021-07-20 16:00:00,2021-07-21 16:30:00,2021-07-21 16:45:00,f266403f0a38876934dee5f9b09e82e6787f25e18eb53babbde4cf44d8ee9cd0,66,16,182.0,865,28.1,1.186556927,0,2,119.95502851583754,False,176.0,2021-07,LGB_medium,F2
2021-07-21,2021-07-20 16:00:00,2021-07-21 16:45:00,2021-07-21 17:00:00,f266403f0a38876934dee5f9b09e82e6787f25e18eb53babbde4cf44d8ee9cd0,67,16,189.0,865,28.1,1.186556927,0,2,119.37102813629865,False,176.0,2021-07,LGB_medium,F2
2021-07-21,2021-07-20 16:00:00,2021-07-21 17:00:00,2021-07-21 17:15:00,f266403f0a38876934dee5f9b09e82e6787f25e18eb53babbde4cf44d8ee9cd0,68,17,133.0,593,27.3,1.076225045,0,2,65.46692446013667,False,176.0,2021-07,LGB_medium,F2
2021-07-21,2021-07-20 16:00:00,2021-07-21 17:15:00,2021-07-21 17:30:00,f266403f0a38876934dee5f9b09e82e6787f25e18eb53babbde4cf44d8ee9cd0,69,17,116.0,593,27.3,1.076225045,0,2,61.29490072380957,False,176.0,2021-07,LGB_medium,F2
2021-07-21,2021-07-20 16:00:00,2021-07-21 17:30:00,2021-07-21 17:45:00,f266403f0a38876934dee5f9b09e82e6787f25e18eb53babbde4cf44d8ee9cd0,70,17,149.0,593,27.3,1.076225045,0,2,123.01997808874407,False,176.0,2021-07,LGB_medium,F2
2021-07-21,2021-07-20 16:00:00,2021-07-21 17:45:00,2021-07-21 18:00:00,f266403f0a38876934dee5f9b09e82e6787f25e18eb53babbde4cf44d8ee9cd0,71,17,153.0,593,27.3,1.076225045,0,2,124.82790405781793,False,176.0,2021-07,LGB_medium,F2
2021-07-21,2021-07-20 16:00:00,2021-07-21 18:00:00,2021-07-21 18:15:00,f266403f0a38876934dee5f9b09e82e6787f25e18eb53babbde4cf44d8ee9cd0,72,18,162.0,972,27.0,1.497688752,0,2,123.03009177454794,False,176.0,2021-07,LGB_medium,F2
2021-07-21,2021-07-20 16:00:00,2021-07-21 18:15:00,2021-07-21 18:30:00,f266403f0a38876934dee5f9b09e82e6787f25e18eb53babbde4cf44d8ee9cd0,73,18,168.0,972,27.0,1.497688752,0,2,121.47461884385412,False,176.0,2021-07,LGB_medium,F2
2021-07-21,2021-07-20 16:00:00,2021-07-21 18:30:00,2021-07-21 18:45:00,f266403f0a38876934dee5f9b09e82e6787f25e18eb53babbde4cf44d8ee9cd0,74,18,152.0,972,27.0,1.497688752,0,2,120.03848646111359,False,176.0,2021-07,LGB_medium,F2
2021-07-21,2021-07-20 16:00:00,2021-07-21 18:45:00,2021-07-21 19:00:00,f266403f0a38876934dee5f9b09e82e6787f25e18eb53babbde4cf44d8ee9cd0,75,18,167.0,972,27.0,1.497688752,0,2,119.40010321833356,False,176.0,2021-07,LGB_medium,F2
2021-07-21,2021-07-20 16:00:00,2021-07-21 19:00:00,2021-07-21 19:15:00,f266403f0a38876934dee5f9b09e82e6787f25e18eb53babbde4cf44d8ee9cd0,76,19,170.0,3122,26.6,4.817901235,0,2,121.15190358235049,False,176.0,2021-07,LGB_medium,F2
2021-07-21,2021-07-20 16:00:00,2021-07-21 19:15:00,2021-07-21 19:30:00,f266403f0a38876934dee5f9b09e82e6787f25e18eb53babbde4cf44d8ee9cd0,77,19,161.0,3122,26.6,4.817901235,0,2,120.08884300245344,False,176.0,2021-07,LGB_medium,F2
2021-07-21,2021-07-20 16:00:00,2021-07-21 19:30:00,2021-07-21 19:45:00,f266403f0a38876934dee5f9b09e82e6787f25e18eb53babbde4cf44d8ee9cd0,78,19,174.0,3122,26.6,4.817901235,0,2,115.79032420013745,False,176.0,2021-07,LGB_medium,F2
2021-07-21,2021-07-20 16:00:00,2021-07-21 19:45:00,2021-07-21 20:00:00,f266403f0a38876934dee5f9b09e82e6787f25e18eb53babbde4cf44d8ee9cd0,79,19,143.0,3122,26.6,4.817901235,0,2,65.13470510993915,False,176.0,2021-07,LGB_medium,F2
2021-07-21,2021-07-20 16:00:00,2021-07-21 20:00:00,2021-07-21 20:15:00,f266403f0a38876934dee5f9b09e82e6787f25e18eb53babbde4cf44d8ee9cd0,80,20,126.0,0,26.3,0.0,0,2,61.087854069034805,False,176.0,2021-07,LGB_medium,F2
2021-07-21,2021-07-20 16:00:00,2021-07-21 20:15:00,2021-07-21 20:30:00,f266403f0a38876934dee5f9b09e82e6787f25e18eb53babbde4cf44d8ee9cd0,81,20,138.0,0,26.3,0.0,0,2,62.27072814315283,False,176.0,2021-07,LGB_medium,F2
2021-07-21,2021-07-20 16:00:00,2021-07-21 20:30:00,2021-07-21 20:45:00,f266403f0a38876934dee5f9b09e82e6787f25e18eb53babbde4cf44d8ee9cd0,82,20,131.0,0,26.3,0.0,0,2,64.2989585442922,False,176.0,2021-07,LGB_medium,F2
2021-07-21,2021-07-20 16:00:00,2021-07-21 20:45:00,2021-07-21 21:00:00,f266403f0a38876934dee5f9b09e82e6787f25e18eb53babbde4cf44d8ee9cd0,83,20,128.0,0,26.3,0.0,0,2,61.15247641220167,False,176.0,2021-07,LGB_medium,F2
2021-07-21,2021-07-20 16:00:00,2021-07-21 21:00:00,2021-07-21 21:15:00,f266403f0a38876934dee5f9b09e82e6787f25e18eb53babbde4cf44d8ee9cd0,84,21,118.0,273,26.4,0.583333333,0,2,61.86980907434203,False,176.0,2021-07,LGB_medium,F2
2021-07-21,2021-07-20 16:00:00,2021-07-21 21:15:00,2021-07-21 21:30:00,f266403f0a38876934dee5f9b09e82e6787f25e18eb53babbde4cf44d8ee9cd0,85,21,116.0,273,26.4,0.583333333,0,2,61.86980907434203,False,176.0,2021-07,LGB_medium,F2
2021-07-21,2021-07-20 16:00:00,2021-07-21 21:30:00,2021-07-21 21:45:00,f266403f0a38876934dee5f9b09e82e6787f25e18eb53babbde4cf44d8ee9cd0,86,21,118.0,273,26.4,0.583333333,0,2,61.04442456870988,False,176.0,2021-07,LGB_medium,F2
2021-07-21,2021-07-20 16:00:00,2021-07-21 21:45:00,2021-07-21 22:00:00,f266403f0a38876934dee5f9b09e82e6787f25e18eb53babbde4cf44d8ee9cd0,87,21,116.0,273,26.4,0.583333333,0,2,62.1158447571665,False,176.0,2021-07,LGB_medium,F2
2021-07-21,2021-07-20 16:00:00,2021-07-21 22:00:00,2021-07-21 22:15:00,f266403f0a38876934dee5f9b09e82e6787f25e18eb53babbde4cf44d8ee9cd0,88,22,88.0,275,26.0,0.664251208,0,2,46.97333531752059,False,176.0,2021-07,LGB_medium,F2
2021-07-21,2021-07-20 16:00:00,2021-07-21 22:15:00,2021-07-21 22:30:00,f266403f0a38876934dee5f9b09e82e6787f25e18eb53babbde4cf44d8ee9cd0,89,22,102.0,275,26.0,0.664251208,0,2,60.051295268774666,False,176.0,2021-07,LGB_medium,F2
2021-07-21,2021-07-20 16:00:00,2021-07-21 22:30:00,2021-07-21 22:45:00,f266403f0a38876934dee5f9b09e82e6787f25e18eb53babbde4cf44d8ee9cd0,90,22,110.0,275,26.0,0.664251208,0,2,61.12016910629604,False,176.0,2021-07,LGB_medium,F2
2021-07-21,2021-07-20 16:00:00,2021-07-21 22:45:00,2021-07-21 23:00:00,f266403f0a38876934dee5f9b09e82e6787f25e18eb53babbde4cf44d8ee9cd0,91,22,114.0,275,26.0,0.664251208,0,2,61.30761991838123,False,176.0,2021-07,LGB_medium,F2
2021-07-21,2021-07-20 16:00:00,2021-07-21 23:00:00,2021-07-21 23:15:00,f266403f0a38876934dee5f9b09e82e6787f25e18eb53babbde4cf44d8ee9cd0,92,23,106.0,6,26.1,0.014563107,0,2,56.68541769299398,False,176.0,2021-07,LGB_medium,F2
2021-07-21,2021-07-20 16:00:00,2021-07-21 23:15:00,2021-07-21 23:30:00,f266403f0a38876934dee5f9b09e82e6787f25e18eb53babbde4cf44d8ee9cd0,93,23,111.0,6,26.1,0.014563107,0,2,57.37875690199742,False,176.0,2021-07,LGB_medium,F2
2021-07-21,2021-07-20 16:00:00,2021-07-21 23:30:00,2021-07-21 23:45:00,f266403f0a38876934dee5f9b09e82e6787f25e18eb53babbde4cf44d8ee9cd0,94,23,107.0,6,26.1,0.014563107,0,2,52.741915364585125,False,176.0,2021-07,LGB_medium,F2
2021-07-21,2021-07-20 16:00:00,2021-07-21 23:45:00,2021-07-22 00:00:00,f266403f0a38876934dee5f9b09e82e6787f25e18eb53babbde4cf44d8ee9cd0,95,23,88.0,6,26.1,0.014563107,0,2,90.06019266001307,False,176.0,2021-07,LGB_medium,F2
2021-07-22,2021-07-21 16:00:00,2021-07-22 00:00:00,2021-07-22 00:15:00,dea5f37dc95bdd1290cce2f6733b48a569be996fad842d82e9cc4d3463cc6120,0,0,73.0,222,25.7,0.787234043,0,3,75.31495761663892,False,176.0,2021-07,LGB_medium,F2
2021-07-22,2021-07-21 16:00:00,2021-07-22 00:15:00,2021-07-22 00:30:00,dea5f37dc95bdd1290cce2f6733b48a569be996fad842d82e9cc4d3463cc6120,1,0,72.0,222,25.7,0.787234043,0,3,73.8101645254734,False,176.0,2021-07,LGB_medium,F2
2021-07-22,2021-07-21 16:00:00,2021-07-22 00:30:00,2021-07-22 00:45:00,dea5f37dc95bdd1290cce2f6733b48a569be996fad842d82e9cc4d3463cc6120,2,0,70.0,222,25.7,0.787234043,0,3,73.9383922796932,False,176.0,2021-07,LGB_medium,F2
2021-07-22,2021-07-21 16:00:00,2021-07-22 00:45:00,2021-07-22 01:00:00,dea5f37dc95bdd1290cce2f6733b48a569be996fad842d82e9cc4d3463cc6120,3,0,67.0,222,25.7,0.787234043,0,3,74.55923200009474,False,176.0,2021-07,LGB_medium,F2
2021-07-22,2021-07-21 16:00:00,2021-07-22 01:00:00,2021-07-22 01:15:00,dea5f37dc95bdd1290cce2f6733b48a569be996fad842d82e9cc4d3463cc6120,4,1,88.0,150,25.4,0.378787879,0,3,79.08818204061271,False,176.0,2021-07,LGB_medium,F2
2021-07-22,2021-07-21 16:00:00,2021-07-22 01:15:00,2021-07-22 01:30:00,dea5f37dc95bdd1290cce2f6733b48a569be996fad842d82e9cc4d3463cc6120,5,1,96.0,150,25.4,0.378787879,0,3,88.17014157505359,False,176.0,2021-07,LGB_medium,F2
2021-07-22,2021-07-21 16:00:00,2021-07-22 01:30:00,2021-07-22 01:45:00,dea5f37dc95bdd1290cce2f6733b48a569be996fad842d82e9cc4d3463cc6120,6,1,106.0,150,25.4,0.378787879,0,3,90.52557002628485,False,176.0,2021-07,LGB_medium,F2
2021-07-22,2021-07-21 16:00:00,2021-07-22 01:45:00,2021-07-22 02:00:00,dea5f37dc95bdd1290cce2f6733b48a569be996fad842d82e9cc4d3463cc6120,7,1,106.0,150,25.4,0.378787879,0,3,90.30552816422292,False,176.0,2021-07,LGB_medium,F2
2021-07-22,2021-07-21 16:00:00,2021-07-22 02:00:00,2021-07-22 02:15:00,dea5f37dc95bdd1290cce2f6733b48a569be996fad842d82e9cc4d3463cc6120,8,2,97.0,23,25.2,0.055961071,0,3,93.37063073479791,False,176.0,2021-07,LGB_medium,F2
2021-07-22,2021-07-21 16:00:00,2021-07-22 02:15:00,2021-07-22 02:30:00,dea5f37dc95bdd1290cce2f6733b48a569be996fad842d82e9cc4d3463cc6120,9,2,111.0,23,25.2,0.055961071,0,3,89.74735636361375,False,176.0,2021-07,LGB_medium,F2
2021-07-22,2021-07-21 16:00:00,2021-07-22 02:30:00,2021-07-22 02:45:00,dea5f37dc95bdd1290cce2f6733b48a569be996fad842d82e9cc4d3463cc6120,10,2,108.0,23,25.2,0.055961071,0,3,91.89446200059477,False,176.0,2021-07,LGB_medium,F2
2021-07-22,2021-07-21 16:00:00,2021-07-22 02:45:00,2021-07-22 03:00:00,dea5f37dc95bdd1290cce2f6733b48a569be996fad842d82e9cc4d3463cc6120,11,2,95.0,23,25.2,0.055961071,0,3,89.61436063190065,False,176.0,2021-07,LGB_medium,F2
2021-07-22,2021-07-21 16:00:00,2021-07-22 03:00:00,2021-07-22 03:15:00,dea5f37dc95bdd1290cce2f6733b48a569be996fad842d82e9cc4d3463cc6120,12,3,86.0,162,25.1,0.407035176,0,3,88.87835625173082,False,176.0,2021-07,LGB_medium,F2
2021-07-22,2021-07-21 16:00:00,2021-07-22 03:15:00,2021-07-22 03:30:00,dea5f37dc95bdd1290cce2f6733b48a569be996fad842d82e9cc4d3463cc6120,13,3,104.0,162,25.1,0.407035176,0,3,93.14905402683685,False,176.0,2021-07,LGB_medium,F2
2021-07-22,2021-07-21 16:00:00,2021-07-22 03:30:00,2021-07-22 03:45:00,dea5f37dc95bdd1290cce2f6733b48a569be996fad842d82e9cc4d3463cc6120,14,3,103.0,162,25.1,0.407035176,0,3,96.42376963780177,False,176.0,2021-07,LGB_medium,F2
2021-07-22,2021-07-21 16:00:00,2021-07-22 03:45:00,2021-07-22 04:00:00,dea5f37dc95bdd1290cce2f6733b48a569be996fad842d82e9cc4d3463cc6120,15,3,105.0,162,25.1,0.407035176,0,3,96.24798348803498,False,176.0,2021-07,LGB_medium,F2
2021-07-22,2021-07-21 16:00:00,2021-07-22 04:00:00,2021-07-22 04:15:00,dea5f37dc95bdd1290cce2f6733b48a569be996fad842d82e9cc4d3463cc6120,16,4,101.0,82,25.2,0.195238095,0,3,93.28396115572262,False,176.0,2021-07,LGB_medium,F2
2021-07-22,2021-07-21 16:00:00,2021-07-22 04:15:00,2021-07-22 04:30:00,dea5f37dc95bdd1290cce2f6733b48a569be996fad842d82e9cc4d3463cc6120,17,4,105.0,82,25.2,0.195238095,0,3,93.83672535844129,False,176.0,2021-07,LGB_medium,F2
2021-07-22,2021-07-21 16:00:00,2021-07-22 04:30:00,2021-07-22 04:45:00,dea5f37dc95bdd1290cce2f6733b48a569be996fad842d82e9cc4d3463cc6120,18,4,106.0,82,25.2,0.195238095,0,3,95.4862113555817,False,176.0,2021-07,LGB_medium,F2
2021-07-22,2021-07-21 16:00:00,2021-07-22 04:45:00,2021-07-22 05:00:00,dea5f37dc95bdd1290cce2f6733b48a569be996fad842d82e9cc4d3463cc6120,19,4,108.0,82,25.2,0.195238095,0,3,95.2196560742136,False,176.0,2021-07,LGB_medium,F2
2021-07-22,2021-07-21 16:00:00,2021-07-22 05:00:00,2021-07-22 05:15:00,dea5f37dc95bdd1290cce2f6733b48a569be996fad842d82e9cc4d3463cc6120,20,5,80.0,0,25.2,0.0,0,3,88.10383993128777,False,176.0,2021-07,LGB_medium,F2
2021-07-22,2021-07-21 16:00:00,2021-07-22 05:15:00,2021-07-22 05:30:00,dea5f37dc95bdd1290cce2f6733b48a569be996fad842d82e9cc4d3463cc6120,21,5,74.0,0,25.2,0.0,0,3,82.85671873606553,False,176.0,2021-07,LGB_medium,F2
2021-07-22,2021-07-21 16:00:00,2021-07-22 05:30:00,2021-07-22 05:45:00,dea5f37dc95bdd1290cce2f6733b48a569be996fad842d82e9cc4d3463cc6120,22,5,85.0,0,25.2,0.0,0,3,87.07832957189223,False,176.0,2021-07,LGB_medium,F2
2021-07-22,2021-07-21 16:00:00,2021-07-22 05:45:00,2021-07-22 06:00:00,dea5f37dc95bdd1290cce2f6733b48a569be996fad842d82e9cc4d3463cc6120,23,5,103.0,0,25.2,0.0,0,3,99.35717332446612,False,176.0,2021-07,LGB_medium,F2
2021-07-22,2021-07-21 16:00:00,2021-07-22 06:00:00,2021-07-22 06:15:00,dea5f37dc95bdd1290cce2f6733b48a569be996fad842d82e9cc4d3463cc6120,24,6,104.0,482,25.7,1.139479905,0,3,100.3634907680901,False,176.0,2021-07,LGB_medium,F2
2021-07-22,2021-07-21 16:00:00,2021-07-22 06:15:00,2021-07-22 06:30:00,dea5f37dc95bdd1290cce2f6733b48a569be996fad842d82e9cc4d3463cc6120,25,6,106.0,482,25.7,1.139479905,0,3,99.35717332446612,False,176.0,2021-07,LGB_medium,F2
2021-07-22,2021-07-21 16:00:00,2021-07-22 06:30:00,2021-07-22 06:45:00,dea5f37dc95bdd1290cce2f6733b48a569be996fad842d82e9cc4d3463cc6120,26,6,109.0,482,25.7,1.139479905,0,3,99.68559562850591,False,176.0,2021-07,LGB_medium,F2
2021-07-22,2021-07-21 16:00:00,2021-07-22 06:45:00,2021-07-22 07:00:00,dea5f37dc95bdd1290cce2f6733b48a569be996fad842d82e9cc4d3463cc6120,27,6,104.0,482,25.7,1.139479905,0,3,99.65984908498862,False,176.0,2021-07,LGB_medium,F2
2021-07-22,2021-07-21 16:00:00,2021-07-22 07:00:00,2021-07-22 07:15:00,dea5f37dc95bdd1290cce2f6733b48a569be996fad842d82e9cc4d3463cc6120,28,7,101.0,1255,27.1,2.577002053,0,3,100.03434158892398,False,176.0,2021-07,LGB_medium,F2
2021-07-22,2021-07-21 16:00:00,2021-07-22 07:15:00,2021-07-22 07:30:00,dea5f37dc95bdd1290cce2f6733b48a569be996fad842d82e9cc4d3463cc6120,29,7,108.0,1255,27.1,2.577002053,0,3,117.23670209351319,False,176.0,2021-07,LGB_medium,F2
2021-07-22,2021-07-21 16:00:00,2021-07-22 07:30:00,2021-07-22 07:45:00,dea5f37dc95bdd1290cce2f6733b48a569be996fad842d82e9cc4d3463cc6120,30,7,132.0,1255,27.1,2.577002053,0,3,140.49131608962367,False,176.0,2021-07,LGB_medium,F2
2021-07-22,2021-07-21 16:00:00,2021-07-22 07:45:00,2021-07-22 08:00:00,dea5f37dc95bdd1290cce2f6733b48a569be996fad842d82e9cc4d3463cc6120,31,7,146.0,1255,27.1,2.577002053,0,3,140.79937175251322,False,176.0,2021-07,LGB_medium,F2
2021-07-22,2021-07-21 16:00:00,2021-07-22 08:00:00,2021-07-22 08:15:00,dea5f37dc95bdd1290cce2f6733b48a569be996fad842d82e9cc4d3463cc6120,32,8,184.0,709,27.7,0.902035623,0,3,149.89391665646997,False,176.0,2021-07,LGB_medium,F2
2021-07-22,2021-07-21 16:00:00,2021-07-22 08:15:00,2021-07-22 08:30:00,dea5f37dc95bdd1290cce2f6733b48a569be996fad842d82e9cc4d3463cc6120,33,8,213.0,709,27.7,0.902035623,0,3,152.08184068307386,False,176.0,2021-07,LGB_medium,F2
2021-07-22,2021-07-21 16:00:00,2021-07-22 08:30:00,2021-07-22 08:45:00,dea5f37dc95bdd1290cce2f6733b48a569be996fad842d82e9cc4d3463cc6120,34,8,193.0,709,27.7,0.902035623,0,3,153.86896023740175,False,176.0,2021-07,LGB_medium,F2
2021-07-22,2021-07-21 16:00:00,2021-07-22 08:45:00,2021-07-22 09:00:00,dea5f37dc95bdd1290cce2f6733b48a569be996fad842d82e9cc4d3463cc6120,35,8,196.0,709,27.7,0.902035623,0,3,154.2236601533827,False,176.0,2021-07,LGB_medium,F2
2021-07-22,2021-07-21 16:00:00,2021-07-22 09:00:00,2021-07-22 09:15:00,dea5f37dc95bdd1290cce2f6733b48a569be996fad842d82e9cc4d3463cc6120,36,9,186.0,491,28.1,0.640992167,0,3,150.83052638546724,False,176.0,2021-07,LGB_medium,F2
2021-07-22,2021-07-21 16:00:00,2021-07-22 09:15:00,2021-07-22 09:30:00,dea5f37dc95bdd1290cce2f6733b48a569be996fad842d82e9cc4d3463cc6120,37,9,197.0,491,28.1,0.640992167,0,3,151.04511314174843,False,176.0,2021-07,LGB_medium,F2
2021-07-22,2021-07-21 16:00:00,2021-07-22 09:30:00,2021-07-22 09:45:00,dea5f37dc95bdd1290cce2f6733b48a569be996fad842d82e9cc4d3463cc6120,38,9,192.0,491,28.1,0.640992167,0,3,148.00773816528738,False,176.0,2021-07,LGB_medium,F2
2021-07-22,2021-07-21 16:00:00,2021-07-22 09:45:00,2021-07-22 10:00:00,dea5f37dc95bdd1290cce2f6733b48a569be996fad842d82e9cc4d3463cc6120,39,9,191.0,491,28.1,0.640992167,0,3,151.04511314174843,False,176.0,2021-07,LGB_medium,F2
2021-07-22,2021-07-21 16:00:00,2021-07-22 10:00:00,2021-07-22 10:15:00,dea5f37dc95bdd1290cce2f6733b48a569be996fad842d82e9cc4d3463cc6120,40,10,148.0,679,28.7,0.945682451,0,3,146.85776675921292,False,176.0,2021-07,LGB_medium,F2
2021-07-22,2021-07-21 16:00:00,2021-07-22 10:15:00,2021-07-22 10:30:00,dea5f37dc95bdd1290cce2f6733b48a569be996fad842d82e9cc4d3463cc6120,41,10,192.0,679,28.7,0.945682451,0,3,150.29124762600222,False,176.0,2021-07,LGB_medium,F2
2021-07-22,2021-07-21 16:00:00,2021-07-22 10:30:00,2021-07-22 10:45:00,dea5f37dc95bdd1290cce2f6733b48a569be996fad842d82e9cc4d3463cc6120,42,10,188.0,679,28.7,0.945682451,0,3,151.41535668268244,False,176.0,2021-07,LGB_medium,F2
2021-07-22,2021-07-21 16:00:00,2021-07-22 10:45:00,2021-07-22 11:00:00,dea5f37dc95bdd1290cce2f6733b48a569be996fad842d82e9cc4d3463cc6120,43,10,190.0,679,28.7,0.945682451,0,3,151.13673281934715,False,176.0,2021-07,LGB_medium,F2
2021-07-22,2021-07-21 16:00:00,2021-07-22 11:00:00,2021-07-22 11:15:00,dea5f37dc95bdd1290cce2f6733b48a569be996fad842d82e9cc4d3463cc6120,44,11,177.0,691,29.5,0.927516779,0,3,150.75935549087913,False,176.0,2021-07,LGB_medium,F2
2021-07-22,2021-07-21 16:00:00,2021-07-22 11:15:00,2021-07-22 11:30:00,dea5f37dc95bdd1290cce2f6733b48a569be996fad842d82e9cc4d3463cc6120,45,11,188.0,691,29.5,0.927516779,0,3,149.91200377777548,False,176.0,2021-07,LGB_medium,F2
2021-07-22,2021-07-21 16:00:00,2021-07-22 11:30:00,2021-07-22 11:45:00,dea5f37dc95bdd1290cce2f6733b48a569be996fad842d82e9cc4d3463cc6120,46,11,188.0,691,29.5,0.927516779,0,3,150.2288489897654,False,176.0,2021-07,LGB_medium,F2
2021-07-22,2021-07-21 16:00:00,2021-07-22 11:45:00,2021-07-22 12:00:00,dea5f37dc95bdd1290cce2f6733b48a569be996fad842d82e9cc4d3463cc6120,47,11,192.0,691,29.5,0.927516779,0,3,147.62574500126547,False,176.0,2021-07,LGB_medium,F2
2021-07-22,2021-07-21 16:00:00,2021-07-22 12:00:00,2021-07-22 12:15:00,dea5f37dc95bdd1290cce2f6733b48a569be996fad842d82e9cc4d3463cc6120,48,12,119.0,30,29.2,0.072463768,0,3,131.69932856894894,False,176.0,2021-07,LGB_medium,F2
2021-07-22,2021-07-21 16:00:00,2021-07-22 12:15:00,2021-07-22 12:30:00,dea5f37dc95bdd1290cce2f6733b48a569be996fad842d82e9cc4d3463cc6120,49,12,99.0,30,29.2,0.072463768,0,3,122.69588218643277,False,176.0,2021-07,LGB_medium,F2
2021-07-22,2021-07-21 16:00:00,2021-07-22 12:30:00,2021-07-22 12:45:00,dea5f37dc95bdd1290cce2f6733b48a569be996fad842d82e9cc4d3463cc6120,50,12,99.0,30,29.2,0.072463768,0,3,122.3784765022966,False,176.0,2021-07,LGB_medium,F2
2021-07-22,2021-07-21 16:00:00,2021-07-22 12:45:00,2021-07-22 13:00:00,dea5f37dc95bdd1290cce2f6733b48a569be996fad842d82e9cc4d3463cc6120,51,12,97.0,30,29.2,0.072463768,0,3,123.30725511294297,False,176.0,2021-07,LGB_medium,F2
2021-07-22,2021-07-21 16:00:00,2021-07-22 13:00:00,2021-07-22 13:15:00,dea5f37dc95bdd1290cce2f6733b48a569be996fad842d82e9cc4d3463cc6120,52,13,157.0,2297,28.3,3.368035191,0,3,144.43531344375967,False,176.0,2021-07,LGB_medium,F2
2021-07-22,2021-07-21 16:00:00,2021-07-22 13:15:00,2021-07-22 13:30:00,dea5f37dc95bdd1290cce2f6733b48a569be996fad842d82e9cc4d3463cc6120,53,13,174.0,2297,28.3,3.368035191,0,3,147.4095616720553,False,176.0,2021-07,LGB_medium,F2
2021-07-22,2021-07-21 16:00:00,2021-07-22 13:30:00,2021-07-22 13:45:00,dea5f37dc95bdd1290cce2f6733b48a569be996fad842d82e9cc4d3463cc6120,54,13,177.0,2297,28.3,3.368035191,0,3,149.57735906390573,False,176.0,2021-07,LGB_medium,F2
2021-07-22,2021-07-21 16:00:00,2021-07-22 13:45:00,2021-07-22 14:00:00,dea5f37dc95bdd1290cce2f6733b48a569be996fad842d82e9cc4d3463cc6120,55,13,174.0,2297,28.3,3.368035191,0,3,150.13296656242943,False,176.0,2021-07,LGB_medium,F2
2021-07-22,2021-07-21 16:00:00,2021-07-22 14:00:00,2021-07-22 14:15:00,dea5f37dc95bdd1290cce2f6733b48a569be996fad842d82e9cc4d3463cc6120,56,14,178.0,383,28.6,0.526822558,0,3,148.99588581902077,False,176.0,2021-07,LGB_medium,F2
2021-07-22,2021-07-21 16:00:00,2021-07-22 14:15:00,2021-07-22 14:30:00,dea5f37dc95bdd1290cce2f6733b48a569be996fad842d82e9cc4d3463cc6120,57,14,178.0,383,28.6,0.526822558,0,3,150.77042307911796,False,176.0,2021-07,LGB_medium,F2
2021-07-22,2021-07-21 16:00:00,2021-07-22 14:30:00,2021-07-22 14:45:00,dea5f37dc95bdd1290cce2f6733b48a569be996fad842d82e9cc4d3463cc6120,58,14,182.0,383,28.6,0.526822558,0,3,150.77042307911796,False,176.0,2021-07,LGB_medium,F2
2021-07-22,2021-07-21 16:00:00,2021-07-22 14:45:00,2021-07-22 15:00:00,dea5f37dc95bdd1290cce2f6733b48a569be996fad842d82e9cc4d3463cc6120,59,14,189.0,383,28.6,0.526822558,0,3,147.81323218670474,False,176.0,2021-07,LGB_medium,F2
2021-07-22,2021-07-21 16:00:00,2021-07-22 15:00:00,2021-07-22 15:15:00,dea5f37dc95bdd1290cce2f6733b48a569be996fad842d82e9cc4d3463cc6120,60,15,149.0,727,28.7,1.111620795,0,3,139.1025799959113,False,176.0,2021-07,LGB_medium,F2
2021-07-22,2021-07-21 16:00:00,2021-07-22 15:15:00,2021-07-22 15:30:00,dea5f37dc95bdd1290cce2f6733b48a569be996fad842d82e9cc4d3463cc6120,61,15,143.0,727,28.7,1.111620795,0,3,139.09704030075676,False,176.0,2021-07,LGB_medium,F2
2021-07-22,2021-07-21 16:00:00,2021-07-22 15:30:00,2021-07-22 15:45:00,dea5f37dc95bdd1290cce2f6733b48a569be996fad842d82e9cc4d3463cc6120,62,15,182.0,727,28.7,1.111620795,0,3,148.0700177463737,False,176.0,2021-07,LGB_medium,F2
2021-07-22,2021-07-21 16:00:00,2021-07-22 15:45:00,2021-07-22 16:00:00,dea5f37dc95bdd1290cce2f6733b48a569be996fad842d82e9cc4d3463cc6120,63,15,180.0,727,28.7,1.111620795,0,3,149.6755763847299,False,176.0,2021-07,LGB_medium,F2
2021-07-22,2021-07-21 16:00:00,2021-07-22 16:00:00,2021-07-22 16:15:00,dea5f37dc95bdd1290cce2f6733b48a569be996fad842d82e9cc4d3463cc6120,64,16,172.0,634,29.3,0.959152799,0,3,149.5398981105872,False,176.0,2021-07,LGB_medium,F2
2021-07-22,2021-07-21 16:00:00,2021-07-22 16:15:00,2021-07-22 16:30:00,dea5f37dc95bdd1290cce2f6733b48a569be996fad842d82e9cc4d3463cc6120,65,16,166.0,634,29.3,0.959152799,0,3,149.16632821705537,False,176.0,2021-07,LGB_medium,F2
2021-07-22,2021-07-21 16:00:00,2021-07-22 16:30:00,2021-07-22 16:45:00,dea5f37dc95bdd1290cce2f6733b48a569be996fad842d82e9cc4d3463cc6120,66,16,166.0,634,29.3,0.959152799,0,3,148.35228989929584,False,176.0,2021-07,LGB_medium,F2
2021-07-22,2021-07-21 16:00:00,2021-07-22 16:45:00,2021-07-22 17:00:00,dea5f37dc95bdd1290cce2f6733b48a569be996fad842d82e9cc4d3463cc6120,67,16,157.0,634,29.3,0.959152799,0,3,146.07494212289404,False,176.0,2021-07,LGB_medium,F2
2021-07-22,2021-07-21 16:00:00,2021-07-22 17:00:00,2021-07-22 17:15:00,dea5f37dc95bdd1290cce2f6733b48a569be996fad842d82e9cc4d3463cc6120,68,17,110.0,552,27.4,1.115151515,0,3,116.88852607837588,False,176.0,2021-07,LGB_medium,F2
2021-07-22,2021-07-21 16:00:00,2021-07-22 17:15:00,2021-07-22 17:30:00,dea5f37dc95bdd1290cce2f6733b48a569be996fad842d82e9cc4d3463cc6120,69,17,97.0,552,27.4,1.115151515,0,3,112.8998934663929,False,176.0,2021-07,LGB_medium,F2
2021-07-22,2021-07-21 16:00:00,2021-07-22 17:30:00,2021-07-22 17:45:00,dea5f37dc95bdd1290cce2f6733b48a569be996fad842d82e9cc4d3463cc6120,70,17,133.0,552,27.4,1.115151515,0,3,129.75033035608104,False,176.0,2021-07,LGB_medium,F2
2021-07-22,2021-07-21 16:00:00,2021-07-22 17:45:00,2021-07-22 18:00:00,dea5f37dc95bdd1290cce2f6733b48a569be996fad842d82e9cc4d3463cc6120,71,17,155.0,552,27.4,1.115151515,0,3,137.15926523580168,False,176.0,2021-07,LGB_medium,F2
2021-07-22,2021-07-21 16:00:00,2021-07-22 18:00:00,2021-07-22 18:15:00,dea5f37dc95bdd1290cce2f6733b48a569be996fad842d82e9cc4d3463cc6120,72,18,157.0,992,26.8,1.516819572,0,3,138.36707576075278,False,176.0,2021-07,LGB_medium,F2
2021-07-22,2021-07-21 16:00:00,2021-07-22 18:15:00,2021-07-22 18:30:00,dea5f37dc95bdd1290cce2f6733b48a569be996fad842d82e9cc4d3463cc6120,73,18,168.0,992,26.8,1.516819572,0,3,139.09227695050532,False,176.0,2021-07,LGB_medium,F2
2021-07-22,2021-07-21 16:00:00,2021-07-22 18:30:00,2021-07-22 18:45:00,dea5f37dc95bdd1290cce2f6733b48a569be996fad842d82e9cc4d3463cc6120,74,18,160.0,992,26.8,1.516819572,0,3,135.27657295603512,False,176.0,2021-07,LGB_medium,F2
2021-07-22,2021-07-21 16:00:00,2021-07-22 18:45:00,2021-07-22 19:00:00,dea5f37dc95bdd1290cce2f6733b48a569be996fad842d82e9cc4d3463cc6120,75,18,169.0,992,26.8,1.516819572,0,3,130.83720240194813,False,176.0,2021-07,LGB_medium,F2
2021-07-22,2021-07-21 16:00:00,2021-07-22 19:00:00,2021-07-22 19:15:00,dea5f37dc95bdd1290cce2f6733b48a569be996fad842d82e9cc4d3463cc6120,76,19,163.0,4520,26.0,7.349593496,0,3,129.77355377225388,False,176.0,2021-07,LGB_medium,F2
2021-07-22,2021-07-21 16:00:00,2021-07-22 19:15:00,2021-07-22 19:30:00,dea5f37dc95bdd1290cce2f6733b48a569be996fad842d82e9cc4d3463cc6120,77,19,152.0,4520,26.0,7.349593496,0,3,129.30178465826643,False,176.0,2021-07,LGB_medium,F2
2021-07-22,2021-07-21 16:00:00,2021-07-22 19:30:00,2021-07-22 19:45:00,dea5f37dc95bdd1290cce2f6733b48a569be996fad842d82e9cc4d3463cc6120,78,19,162.0,4520,26.0,7.349593496,0,3,129.05930228590634,False,176.0,2021-07,LGB_medium,F2
2021-07-22,2021-07-21 16:00:00,2021-07-22 19:45:00,2021-07-22 20:00:00,dea5f37dc95bdd1290cce2f6733b48a569be996fad842d82e9cc4d3463cc6120,79,19,138.0,4520,26.0,7.349593496,0,3,128.36554902531705,False,176.0,2021-07,LGB_medium,F2
2021-07-22,2021-07-21 16:00:00,2021-07-22 20:00:00,2021-07-22 20:15:00,dea5f37dc95bdd1290cce2f6733b48a569be996fad842d82e9cc4d3463cc6120,80,20,132.0,368,25.5,0.69829222,0,3,118.68129223658998,False,176.0,2021-07,LGB_medium,F2
2021-07-22,2021-07-21 16:00:00,2021-07-22 20:15:00,2021-07-22 20:30:00,dea5f37dc95bdd1290cce2f6733b48a569be996fad842d82e9cc4d3463cc6120,81,20,138.0,368,25.5,0.69829222,0,3,118.75538682433991,False,176.0,2021-07,LGB_medium,F2
2021-07-22,2021-07-21 16:00:00,2021-07-22 20:30:00,2021-07-22 20:45:00,dea5f37dc95bdd1290cce2f6733b48a569be996fad842d82e9cc4d3463cc6120,82,20,127.0,368,25.5,0.69829222,0,3,111.6581965171668,False,176.0,2021-07,LGB_medium,F2
2021-07-22,2021-07-21 16:00:00,2021-07-22 20:45:00,2021-07-22 21:00:00,dea5f37dc95bdd1290cce2f6733b48a569be996fad842d82e9cc4d3463cc6120,83,20,130.0,368,25.5,0.69829222,0,3,110.98006684652142,False,176.0,2021-07,LGB_medium,F2
2021-07-22,2021-07-21 16:00:00,2021-07-22 21:00:00,2021-07-22 21:15:00,dea5f37dc95bdd1290cce2f6733b48a569be996fad842d82e9cc4d3463cc6120,84,21,119.0,0,25.8,0.0,0,3,108.94949387578717,False,176.0,2021-07,LGB_medium,F2
2021-07-22,2021-07-21 16:00:00,2021-07-22 21:15:00,2021-07-22 21:30:00,dea5f37dc95bdd1290cce2f6733b48a569be996fad842d82e9cc4d3463cc6120,85,21,119.0,0,25.8,0.0,0,3,111.3449463498762,False,176.0,2021-07,LGB_medium,F2
2021-07-22,2021-07-21 16:00:00,2021-07-22 21:30:00,2021-07-22 21:45:00,dea5f37dc95bdd1290cce2f6733b48a569be996fad842d82e9cc4d3463cc6120,86,21,123.0,0,25.8,0.0,0,3,110.58899219970083,False,176.0,2021-07,LGB_medium,F2
2021-07-22,2021-07-21 16:00:00,2021-07-22 21:45:00,2021-07-22 22:00:00,dea5f37dc95bdd1290cce2f6733b48a569be996fad842d82e9cc4d3463cc6120,87,21,118.0,0,25.8,0.0,0,3,108.77195387753672,False,176.0,2021-07,LGB_medium,F2
2021-07-22,2021-07-21 16:00:00,2021-07-22 22:00:00,2021-07-22 22:15:00,dea5f37dc95bdd1290cce2f6733b48a569be996fad842d82e9cc4d3463cc6120,88,22,104.0,270,25.3,0.588235294,0,3,102.38144484653368,False,176.0,2021-07,LGB_medium,F2
2021-07-22,2021-07-21 16:00:00,2021-07-22 22:15:00,2021-07-22 22:30:00,dea5f37dc95bdd1290cce2f6733b48a569be996fad842d82e9cc4d3463cc6120,89,22,122.0,270,25.3,0.588235294,0,3,106.13698186438474,False,176.0,2021-07,LGB_medium,F2
2021-07-22,2021-07-21 16:00:00,2021-07-22 22:30:00,2021-07-22 22:45:00,dea5f37dc95bdd1290cce2f6733b48a569be996fad842d82e9cc4d3463cc6120,90,22,119.0,270,25.3,0.588235294,0,3,106.2168897842849,False,176.0,2021-07,LGB_medium,F2
2021-07-22,2021-07-21 16:00:00,2021-07-22 22:45:00,2021-07-22 23:00:00,dea5f37dc95bdd1290cce2f6733b48a569be996fad842d82e9cc4d3463cc6120,91,22,114.0,270,25.3,0.588235294,0,3,105.88572386696706,False,176.0,2021-07,LGB_medium,F2
2021-07-22,2021-07-21 16:00:00,2021-07-22 23:00:00,2021-07-22 23:15:00,dea5f37dc95bdd1290cce2f6733b48a569be996fad842d82e9cc4d3463cc6120,92,23,107.0,82,25.2,0.191142191,0,3,101.21484170441896,False,176.0,2021-07,LGB_medium,F2
2021-07-22,2021-07-21 16:00:00,2021-07-22 23:15:00,2021-07-22 23:30:00,dea5f37dc95bdd1290cce2f6733b48a569be996fad842d82e9cc4d3463cc6120,93,23,104.0,82,25.2,0.191142191,0,3,99.23391736800951,False,176.0,2021-07,LGB_medium,F2
2021-07-22,2021-07-21 16:00:00,2021-07-22 23:30:00,2021-07-22 23:45:00,dea5f37dc95bdd1290cce2f6733b48a569be996fad842d82e9cc4d3463cc6120,94,23,114.0,82,25.2,0.191142191,0,3,96.23458997793666,False,176.0,2021-07,LGB_medium,F2
2021-07-22,2021-07-21 16:00:00,2021-07-22 23:45:00,2021-07-23 00:00:00,dea5f37dc95bdd1290cce2f6733b48a569be996fad842d82e9cc4d3463cc6120,95,23,104.0,82,25.2,0.191142191,0,3,91.92022640361877,False,176.0,2021-07,LGB_medium,F2
2021-07-23,2021-07-22 16:00:00,2021-07-23 00:00:00,2021-07-23 00:15:00,5233b86e7c6af93f2acd7b2dac75a983a10fcf42c1a3456251b73df4ab1a1a23,0,0,87.0,200,24.9,0.643086817,0,4,79.85641935444659,False,176.0,2021-07,LGB_medium,F2
2021-07-23,2021-07-22 16:00:00,2021-07-23 00:15:00,2021-07-23 00:30:00,5233b86e7c6af93f2acd7b2dac75a983a10fcf42c1a3456251b73df4ab1a1a23,1,0,79.0,200,24.9,0.643086817,0,4,79.22764739868144,False,176.0,2021-07,LGB_medium,F2
2021-07-23,2021-07-22 16:00:00,2021-07-23 00:30:00,2021-07-23 00:45:00,5233b86e7c6af93f2acd7b2dac75a983a10fcf42c1a3456251b73df4ab1a1a23,2,0,74.0,200,24.9,0.643086817,0,4,79.35587515290125,False,176.0,2021-07,LGB_medium,F2
2021-07-23,2021-07-22 16:00:00,2021-07-23 00:45:00,2021-07-23 01:00:00,5233b86e7c6af93f2acd7b2dac75a983a10fcf42c1a3456251b73df4ab1a1a23,3,0,71.0,200,24.9,0.643086817,0,4,79.30999812698339,False,176.0,2021-07,LGB_medium,F2
2021-07-23,2021-07-22 16:00:00,2021-07-23 01:00:00,2021-07-23 01:15:00,5233b86e7c6af93f2acd7b2dac75a983a10fcf42c1a3456251b73df4ab1a1a23,4,1,98.0,91,24.5,0.217703349,0,4,60.69984408190246,False,176.0,2021-07,LGB_medium,F2
2021-07-23,2021-07-22 16:00:00,2021-07-23 01:15:00,2021-07-23 01:30:00,5233b86e7c6af93f2acd7b2dac75a983a10fcf42c1a3456251b73df4ab1a1a23,5,1,111.0,91,24.5,0.217703349,0,4,72.52939250762827,False,176.0,2021-07,LGB_medium,F2
2021-07-23,2021-07-22 16:00:00,2021-07-23 01:30:00,2021-07-23 01:45:00,5233b86e7c6af93f2acd7b2dac75a983a10fcf42c1a3456251b73df4ab1a1a23,6,1,106.0,91,24.5,0.217703349,0,4,67.2324058270803,False,176.0,2021-07,LGB_medium,F2
2021-07-23,2021-07-22 16:00:00,2021-07-23 01:45:00,2021-07-23 02:00:00,5233b86e7c6af93f2acd7b2dac75a983a10fcf42c1a3456251b73df4ab1a1a23,7,1,103.0,91,24.5,0.217703349,0,4,86.2829065097669,False,176.0,2021-07,LGB_medium,F2
2021-07-23,2021-07-22 16:00:00,2021-07-23 02:00:00,2021-07-23 02:15:00,5233b86e7c6af93f2acd7b2dac75a983a10fcf42c1a3456251b73df4ab1a1a23,8,2,104.0,376,24.4,0.893111639,0,4,73.11010669299087,False,176.0,2021-07,LGB_medium,F2
2021-07-23,2021-07-22 16:00:00,2021-07-23 02:15:00,2021-07-23 02:30:00,5233b86e7c6af93f2acd7b2dac75a983a10fcf42c1a3456251b73df4ab1a1a23,9,2,105.0,376,24.4,0.893111639,0,4,69.2905713951856,False,176.0,2021-07,LGB_medium,F2
2021-07-23,2021-07-22 16:00:00,2021-07-23 02:30:00,2021-07-23 02:45:00,5233b86e7c6af93f2acd7b2dac75a983a10fcf42c1a3456251b73df4ab1a1a23,10,2,102.0,376,24.4,0.893111639,0,4,69.50621841258972,False,176.0,2021-07,LGB_medium,F2
2021-07-23,2021-07-22 16:00:00,2021-07-23 02:45:00,2021-07-23 03:00:00,5233b86e7c6af93f2acd7b2dac75a983a10fcf42c1a3456251b73df4ab1a1a23,11,2,110.0,376,24.4,0.893111639,0,4,67.19163572217538,False,176.0,2021-07,LGB_medium,F2
2021-07-23,2021-07-22 16:00:00,2021-07-23 03:00:00,2021-07-23 03:15:00,5233b86e7c6af93f2acd7b2dac75a983a10fcf42c1a3456251b73df4ab1a1a23,12,3,89.0,102,24.2,0.250614251,0,4,66.45403448424139,False,176.0,2021-07,LGB_medium,F2
2021-07-23,2021-07-22 16:00:00,2021-07-23 03:15:00,2021-07-23 03:30:00,5233b86e7c6af93f2acd7b2dac75a983a10fcf42c1a3456251b73df4ab1a1a23,13,3,103.0,102,24.2,0.250614251,0,4,68.92369398109864,False,176.0,2021-07,LGB_medium,F2
2021-07-23,2021-07-22 16:00:00,2021-07-23 03:30:00,2021-07-23 03:45:00,5233b86e7c6af93f2acd7b2dac75a983a10fcf42c1a3456251b73df4ab1a1a23,14,3,109.0,102,24.2,0.250614251,0,4,67.47957547427181,False,176.0,2021-07,LGB_medium,F2
2021-07-23,2021-07-22 16:00:00,2021-07-23 03:45:00,2021-07-23 04:00:00,5233b86e7c6af93f2acd7b2dac75a983a10fcf42c1a3456251b73df4ab1a1a23,15,3,106.0,102,24.2,0.250614251,0,4,70.03025465857753,False,176.0,2021-07,LGB_medium,F2
2021-07-23,2021-07-22 16:00:00,2021-07-23 04:00:00,2021-07-23 04:15:00,5233b86e7c6af93f2acd7b2dac75a983a10fcf42c1a3456251b73df4ab1a1a23,16,4,100.0,162,24.1,0.409090909,0,4,68.74798780597659,False,176.0,2021-07,LGB_medium,F2
2021-07-23,2021-07-22 16:00:00,2021-07-23 04:15:00,2021-07-23 04:30:00,5233b86e7c6af93f2acd7b2dac75a983a10fcf42c1a3456251b73df4ab1a1a23,17,4,97.0,162,24.1,0.409090909,0,4,69.1098848247841,False,176.0,2021-07,LGB_medium,F2
2021-07-23,2021-07-22 16:00:00,2021-07-23 04:30:00,2021-07-23 04:45:00,5233b86e7c6af93f2acd7b2dac75a983a10fcf42c1a3456251b73df4ab1a1a23,18,4,101.0,162,24.1,0.409090909,0,4,69.42339340676827,False,176.0,2021-07,LGB_medium,F2
2021-07-23,2021-07-22 16:00:00,2021-07-23 04:45:00,2021-07-23 05:00:00,5233b86e7c6af93f2acd7b2dac75a983a10fcf42c1a3456251b73df4ab1a1a23,19,4,98.0,162,24.1,0.409090909,0,4,66.40830062785341,False,176.0,2021-07,LGB_medium,F2
2021-07-23,2021-07-22 16:00:00,2021-07-23 05:00:00,2021-07-23 05:15:00,5233b86e7c6af93f2acd7b2dac75a983a10fcf42c1a3456251b73df4ab1a1a23,20,5,87.0,0,24.1,0.0,0,4,96.74690316750711,False,176.0,2021-07,LGB_medium,F2
2021-07-23,2021-07-22 16:00:00,2021-07-23 05:15:00,2021-07-23 05:30:00,5233b86e7c6af93f2acd7b2dac75a983a10fcf42c1a3456251b73df4ab1a1a23,21,5,76.0,0,24.1,0.0,0,4,93.27988024927522,False,176.0,2021-07,LGB_medium,F2
2021-07-23,2021-07-22 16:00:00,2021-07-23 05:30:00,2021-07-23 05:45:00,5233b86e7c6af93f2acd7b2dac75a983a10fcf42c1a3456251b73df4ab1a1a23,22,5,93.0,0,24.1,0.0,0,4,87.19878369179686,False,176.0,2021-07,LGB_medium,F2
2021-07-23,2021-07-22 16:00:00,2021-07-23 05:45:00,2021-07-23 06:00:00,5233b86e7c6af93f2acd7b2dac75a983a10fcf42c1a3456251b73df4ab1a1a23,23,5,99.0,0,24.1,0.0,0,4,68.68221916131027,False,176.0,2021-07,LGB_medium,F2
2021-07-23,2021-07-22 16:00:00,2021-07-23 06:00:00,2021-07-23 06:15:00,5233b86e7c6af93f2acd7b2dac75a983a10fcf42c1a3456251b73df4ab1a1a23,24,6,103.0,0,24.6,0.0,0,4,69.59145534819788,False,176.0,2021-07,LGB_medium,F2
2021-07-23,2021-07-22 16:00:00,2021-07-23 06:15:00,2021-07-23 06:30:00,5233b86e7c6af93f2acd7b2dac75a983a10fcf42c1a3456251b73df4ab1a1a23,25,6,105.0,0,24.6,0.0,0,4,68.22021107123993,False,176.0,2021-07,LGB_medium,F2
2021-07-23,2021-07-22 16:00:00,2021-07-23 06:30:00,2021-07-23 06:45:00,5233b86e7c6af93f2acd7b2dac75a983a10fcf42c1a3456251b73df4ab1a1a23,26,6,100.0,0,24.6,0.0,0,4,76.31987914704241,False,176.0,2021-07,LGB_medium,F2
2021-07-23,2021-07-22 16:00:00,2021-07-23 06:45:00,2021-07-23 07:00:00,5233b86e7c6af93f2acd7b2dac75a983a10fcf42c1a3456251b73df4ab1a1a23,27,6,105.0,0,24.6,0.0,0,4,68.3163074600976,False,176.0,2021-07,LGB_medium,F2
2021-07-23,2021-07-22 16:00:00,2021-07-23 07:00:00,2021-07-23 07:15:00,5233b86e7c6af93f2acd7b2dac75a983a10fcf42c1a3456251b73df4ab1a1a23,28,7,98.0,2387,26.2,4.881390593,0,4,68.79624893968841,False,176.0,2021-07,LGB_medium,F2
2021-07-23,2021-07-22 16:00:00,2021-07-23 07:15:00,2021-07-23 07:30:00,5233b86e7c6af93f2acd7b2dac75a983a10fcf42c1a3456251b73df4ab1a1a23,29,7,104.0,2387,26.2,4.881390593,0,4,77.10506276236958,False,176.0,2021-07,LGB_medium,F2
2021-07-23,2021-07-22 16:00:00,2021-07-23 07:30:00,2021-07-23 07:45:00,5233b86e7c6af93f2acd7b2dac75a983a10fcf42c1a3456251b73df4ab1a1a23,30,7,143.0,2387,26.2,4.881390593,0,4,103.1128248532185,False,176.0,2021-07,LGB_medium,F2
2021-07-23,2021-07-22 16:00:00,2021-07-23 07:45:00,2021-07-23 08:00:00,5233b86e7c6af93f2acd7b2dac75a983a10fcf42c1a3456251b73df4ab1a1a23,31,7,144.0,2387,26.2,4.881390593,0,4,105.17316419314503,False,176.0,2021-07,LGB_medium,F2
2021-07-23,2021-07-22 16:00:00,2021-07-23 08:00:00,2021-07-23 08:15:00,5233b86e7c6af93f2acd7b2dac75a983a10fcf42c1a3456251b73df4ab1a1a23,32,8,169.0,999,26.8,1.311023622,0,4,112.4162744955865,False,176.0,2021-07,LGB_medium,F2
2021-07-23,2021-07-22 16:00:00,2021-07-23 08:15:00,2021-07-23 08:30:00,5233b86e7c6af93f2acd7b2dac75a983a10fcf42c1a3456251b73df4ab1a1a23,33,8,202.0,999,26.8,1.311023622,0,4,121.90623222016447,False,176.0,2021-07,LGB_medium,F2
2021-07-23,2021-07-22 16:00:00,2021-07-23 08:30:00,2021-07-23 08:45:00,5233b86e7c6af93f2acd7b2dac75a983a10fcf42c1a3456251b73df4ab1a1a23,34,8,199.0,999,26.8,1.311023622,0,4,123.81914660079873,False,176.0,2021-07,LGB_medium,F2
2021-07-23,2021-07-22 16:00:00,2021-07-23 08:45:00,2021-07-23 09:00:00,5233b86e7c6af93f2acd7b2dac75a983a10fcf42c1a3456251b73df4ab1a1a23,35,8,192.0,999,26.8,1.311023622,0,4,123.30164940249198,False,176.0,2021-07,LGB_medium,F2
2021-07-23,2021-07-22 16:00:00,2021-07-23 09:00:00,2021-07-23 09:15:00,5233b86e7c6af93f2acd7b2dac75a983a10fcf42c1a3456251b73df4ab1a1a23,36,9,179.0,1838,27.8,2.480431849,0,4,116.8263133421237,False,176.0,2021-07,LGB_medium,F2
2021-07-23,2021-07-22 16:00:00,2021-07-23 09:15:00,2021-07-23 09:30:00,5233b86e7c6af93f2acd7b2dac75a983a10fcf42c1a3456251b73df4ab1a1a23,37,9,183.0,1838,27.8,2.480431849,0,4,115.73027442332965,False,176.0,2021-07,LGB_medium,F2
2021-07-23,2021-07-22 16:00:00,2021-07-23 09:30:00,2021-07-23 09:45:00,5233b86e7c6af93f2acd7b2dac75a983a10fcf42c1a3456251b73df4ab1a1a23,38,9,190.0,1838,27.8,2.480431849,0,4,116.2456139299141,False,176.0,2021-07,LGB_medium,F2
2021-07-23,2021-07-22 16:00:00,2021-07-23 09:45:00,2021-07-23 10:00:00,5233b86e7c6af93f2acd7b2dac75a983a10fcf42c1a3456251b73df4ab1a1a23,39,9,189.0,1838,27.8,2.480431849,0,4,116.02146307444329,False,176.0,2021-07,LGB_medium,F2
2021-07-23,2021-07-22 16:00:00,2021-07-23 10:00:00,2021-07-23 10:15:00,5233b86e7c6af93f2acd7b2dac75a983a10fcf42c1a3456251b73df4ab1a1a23,40,10,162.0,1231,28.9,1.721678322,0,4,90.1102918282651,False,176.0,2021-07,LGB_medium,F2
2021-07-23,2021-07-22 16:00:00,2021-07-23 10:15:00,2021-07-23 10:30:00,5233b86e7c6af93f2acd7b2dac75a983a10fcf42c1a3456251b73df4ab1a1a23,41,10,189.0,1231,28.9,1.721678322,0,4,117.22209050284845,False,176.0,2021-07,LGB_medium,F2
2021-07-23,2021-07-22 16:00:00,2021-07-23 10:30:00,2021-07-23 10:45:00,5233b86e7c6af93f2acd7b2dac75a983a10fcf42c1a3456251b73df4ab1a1a23,42,10,182.0,1231,28.9,1.721678322,0,4,116.4945534791098,False,176.0,2021-07,LGB_medium,F2
2021-07-23,2021-07-22 16:00:00,2021-07-23 10:45:00,2021-07-23 11:00:00,5233b86e7c6af93f2acd7b2dac75a983a10fcf42c1a3456251b73df4ab1a1a23,43,10,182.0,1231,28.9,1.721678322,0,4,114.11982208938653,False,176.0,2021-07,LGB_medium,F2
2021-07-23,2021-07-22 16:00:00,2021-07-23 11:00:00,2021-07-23 11:15:00,5233b86e7c6af93f2acd7b2dac75a983a10fcf42c1a3456251b73df4ab1a1a23,44,11,179.0,1813,28.9,2.410904255,0,4,114.37015301682466,False,176.0,2021-07,LGB_medium,F2
2021-07-23,2021-07-22 16:00:00,2021-07-23 11:15:00,2021-07-23 11:30:00,5233b86e7c6af93f2acd7b2dac75a983a10fcf42c1a3456251b73df4ab1a1a23,45,11,185.0,1813,28.9,2.410904255,0,4,114.42202125790777,False,176.0,2021-07,LGB_medium,F2
2021-07-23,2021-07-22 16:00:00,2021-07-23 11:30:00,2021-07-23 11:45:00,5233b86e7c6af93f2acd7b2dac75a983a10fcf42c1a3456251b73df4ab1a1a23,46,11,199.0,1813,28.9,2.410904255,0,4,115.98461655574242,False,176.0,2021-07,LGB_medium,F2
2021-07-23,2021-07-22 16:00:00,2021-07-23 11:45:00,2021-07-23 12:00:00,5233b86e7c6af93f2acd7b2dac75a983a10fcf42c1a3456251b73df4ab1a1a23,47,11,189.0,1813,28.9,2.410904255,0,4,113.78811770938059,False,176.0,2021-07,LGB_medium,F2
2021-07-23,2021-07-22 16:00:00,2021-07-23 12:00:00,2021-07-23 12:15:00,5233b86e7c6af93f2acd7b2dac75a983a10fcf42c1a3456251b73df4ab1a1a23,48,12,125.0,0,29.2,0.0,0,4,84.89847393671512,False,176.0,2021-07,LGB_medium,F2
2021-07-23,2021-07-22 16:00:00,2021-07-23 12:15:00,2021-07-23 12:30:00,5233b86e7c6af93f2acd7b2dac75a983a10fcf42c1a3456251b73df4ab1a1a23,49,12,110.0,0,29.2,0.0,0,4,65.4923719870033,False,176.0,2021-07,LGB_medium,F2
2021-07-23,2021-07-22 16:00:00,2021-07-23 12:30:00,2021-07-23 12:45:00,5233b86e7c6af93f2acd7b2dac75a983a10fcf42c1a3456251b73df4ab1a1a23,50,12,108.0,0,29.2,0.0,0,4,67.31444158917468,False,176.0,2021-07,LGB_medium,F2
2021-07-23,2021-07-22 16:00:00,2021-07-23 12:45:00,2021-07-23 13:00:00,5233b86e7c6af93f2acd7b2dac75a983a10fcf42c1a3456251b73df4ab1a1a23,51,12,109.0,0,29.2,0.0,0,4,69.85933071292146,False,176.0,2021-07,LGB_medium,F2
2021-07-23,2021-07-22 16:00:00,2021-07-23 13:00:00,2021-07-23 13:15:00,5233b86e7c6af93f2acd7b2dac75a983a10fcf42c1a3456251b73df4ab1a1a23,52,13,161.0,979,29.2,1.361613352,0,4,110.616186463742,False,176.0,2021-07,LGB_medium,F2
2021-07-23,2021-07-22 16:00:00,2021-07-23 13:15:00,2021-07-23 13:30:00,5233b86e7c6af93f2acd7b2dac75a983a10fcf42c1a3456251b73df4ab1a1a23,53,13,192.0,979,29.2,1.361613352,0,4,115.05916527622485,False,176.0,2021-07,LGB_medium,F2
2021-07-23,2021-07-22 16:00:00,2021-07-23 13:30:00,2021-07-23 13:45:00,5233b86e7c6af93f2acd7b2dac75a983a10fcf42c1a3456251b73df4ab1a1a23,54,13,178.0,979,29.2,1.361613352,0,4,115.83272469632706,False,176.0,2021-07,LGB_medium,F2
2021-07-23,2021-07-22 16:00:00,2021-07-23 13:45:00,2021-07-23 14:00:00,5233b86e7c6af93f2acd7b2dac75a983a10fcf42c1a3456251b73df4ab1a1a23,55,13,188.0,979,29.2,1.361613352,0,4,115.06248754372476,False,176.0,2021-07,LGB_medium,F2
2021-07-23,2021-07-22 16:00:00,2021-07-23 14:00:00,2021-07-23 14:15:00,5233b86e7c6af93f2acd7b2dac75a983a10fcf42c1a3456251b73df4ab1a1a23,56,14,177.0,1335,29.3,1.813858696,0,4,113.91073819444027,False,176.0,2021-07,LGB_medium,F2
2021-07-23,2021-07-22 16:00:00,2021-07-23 14:15:00,2021-07-23 14:30:00,5233b86e7c6af93f2acd7b2dac75a983a10fcf42c1a3456251b73df4ab1a1a23,57,14,186.0,1335,29.3,1.813858696,0,4,117.22002253919206,False,176.0,2021-07,LGB_medium,F2
2021-07-23,2021-07-22 16:00:00,2021-07-23 14:30:00,2021-07-23 14:45:00,5233b86e7c6af93f2acd7b2dac75a983a10fcf42c1a3456251b73df4ab1a1a23,58,14,190.0,1335,29.3,1.813858696,0,4,116.3311173795105,False,176.0,2021-07,LGB_medium,F2
2021-07-23,2021-07-22 16:00:00,2021-07-23 14:45:00,2021-07-23 15:00:00,5233b86e7c6af93f2acd7b2dac75a983a10fcf42c1a3456251b73df4ab1a1a23,59,14,183.0,1335,29.3,1.813858696,0,4,116.9453811574265,False,176.0,2021-07,LGB_medium,F2
2021-07-23,2021-07-22 16:00:00,2021-07-23 15:00:00,2021-07-23 15:15:00,5233b86e7c6af93f2acd7b2dac75a983a10fcf42c1a3456251b73df4ab1a1a23,60,15,152.0,923,28.4,1.316690442,0,4,82.30804728714351,False,176.0,2021-07,LGB_medium,F2
2021-07-23,2021-07-22 16:00:00,2021-07-23 15:15:00,2021-07-23 15:30:00,5233b86e7c6af93f2acd7b2dac75a983a10fcf42c1a3456251b73df4ab1a1a23,61,15,151.0,923,28.4,1.316690442,0,4,83.4995972832201,False,176.0,2021-07,LGB_medium,F2
2021-07-23,2021-07-22 16:00:00,2021-07-23 15:30:00,2021-07-23 15:45:00,5233b86e7c6af93f2acd7b2dac75a983a10fcf42c1a3456251b73df4ab1a1a23,62,15,192.0,923,28.4,1.316690442,0,4,115.53943256923748,False,176.0,2021-07,LGB_medium,F2
2021-07-23,2021-07-22 16:00:00,2021-07-23 15:45:00,2021-07-23 16:00:00,5233b86e7c6af93f2acd7b2dac75a983a10fcf42c1a3456251b73df4ab1a1a23,63,15,206.0,923,28.4,1.316690442,0,4,116.16042714105322,False,176.0,2021-07,LGB_medium,F2
2021-07-23,2021-07-22 16:00:00,2021-07-23 16:00:00,2021-07-23 16:15:00,5233b86e7c6af93f2acd7b2dac75a983a10fcf42c1a3456251b73df4ab1a1a23,64,16,195.0,6161,28.1,8.138705416,0,4,114.01060775612831,False,176.0,2021-07,LGB_medium,F2
2021-07-23,2021-07-22 16:00:00,2021-07-23 16:15:00,2021-07-23 16:30:00,5233b86e7c6af93f2acd7b2dac75a983a10fcf42c1a3456251b73df4ab1a1a23,65,16,197.0,6161,28.1,8.138705416,0,4,111.5570474865664,False,176.0,2021-07,LGB_medium,F2
2021-07-23,2021-07-22 16:00:00,2021-07-23 16:30:00,2021-07-23 16:45:00,5233b86e7c6af93f2acd7b2dac75a983a10fcf42c1a3456251b73df4ab1a1a23,66,16,188.0,6161,28.1,8.138705416,0,4,112.40459863962829,False,176.0,2021-07,LGB_medium,F2
2021-07-23,2021-07-22 16:00:00,2021-07-23 16:45:00,2021-07-23 17:00:00,5233b86e7c6af93f2acd7b2dac75a983a10fcf42c1a3456251b73df4ab1a1a23,67,16,177.0,6161,28.1,8.138705416,0,4,111.1343755126788,False,176.0,2021-07,LGB_medium,F2
2021-07-23,2021-07-22 16:00:00,2021-07-23 17:00:00,2021-07-23 17:15:00,5233b86e7c6af93f2acd7b2dac75a983a10fcf42c1a3456251b73df4ab1a1a23,68,17,110.0,555,27.8,1.003616637,0,4,79.05898949696237,False,176.0,2021-07,LGB_medium,F2
2021-07-23,2021-07-22 16:00:00,2021-07-23 17:15:00,2021-07-23 17:30:00,5233b86e7c6af93f2acd7b2dac75a983a10fcf42c1a3456251b73df4ab1a1a23,69,17,111.0,555,27.8,1.003616637,0,4,72.45145208498484,False,176.0,2021-07,LGB_medium,F2
2021-07-23,2021-07-22 16:00:00,2021-07-23 17:30:00,2021-07-23 17:45:00,5233b86e7c6af93f2acd7b2dac75a983a10fcf42c1a3456251b73df4ab1a1a23,70,17,154.0,555,27.8,1.003616637,0,4,103.32446143096031,False,176.0,2021-07,LGB_medium,F2
2021-07-23,2021-07-22 16:00:00,2021-07-23 17:45:00,2021-07-23 18:00:00,5233b86e7c6af93f2acd7b2dac75a983a10fcf42c1a3456251b73df4ab1a1a23,71,17,178.0,555,27.8,1.003616637,0,4,106.35738061676115,False,176.0,2021-07,LGB_medium,F2
2021-07-23,2021-07-22 16:00:00,2021-07-23 18:00:00,2021-07-23 18:15:00,5233b86e7c6af93f2acd7b2dac75a983a10fcf42c1a3456251b73df4ab1a1a23,72,18,175.0,1693,26.6,2.425501433,0,4,106.60968495096121,False,176.0,2021-07,LGB_medium,F2
2021-07-23,2021-07-22 16:00:00,2021-07-23 18:15:00,2021-07-23 18:30:00,5233b86e7c6af93f2acd7b2dac75a983a10fcf42c1a3456251b73df4ab1a1a23,73,18,174.0,1693,26.6,2.425501433,0,4,105.93589281690757,False,176.0,2021-07,LGB_medium,F2
2021-07-23,2021-07-22 16:00:00,2021-07-23 18:30:00,2021-07-23 18:45:00,5233b86e7c6af93f2acd7b2dac75a983a10fcf42c1a3456251b73df4ab1a1a23,74,18,173.0,1693,26.6,2.425501433,0,4,105.20297693814655,False,176.0,2021-07,LGB_medium,F2
2021-07-23,2021-07-22 16:00:00,2021-07-23 18:45:00,2021-07-23 19:00:00,5233b86e7c6af93f2acd7b2dac75a983a10fcf42c1a3456251b73df4ab1a1a23,75,18,176.0,1693,26.6,2.425501433,0,4,106.60100142958692,False,176.0,2021-07,LGB_medium,F2
2021-07-23,2021-07-22 16:00:00,2021-07-23 19:00:00,2021-07-23 19:15:00,5233b86e7c6af93f2acd7b2dac75a983a10fcf42c1a3456251b73df4ab1a1a23,76,19,165.0,2039,25.9,3.527681661,0,4,112.31807242384853,False,176.0,2021-07,LGB_medium,F2
2021-07-23,2021-07-22 16:00:00,2021-07-23 19:15:00,2021-07-23 19:30:00,5233b86e7c6af93f2acd7b2dac75a983a10fcf42c1a3456251b73df4ab1a1a23,77,19,148.0,2039,25.9,3.527681661,0,4,112.86181591468194,False,176.0,2021-07,LGB_medium,F2
2021-07-23,2021-07-22 16:00:00,2021-07-23 19:30:00,2021-07-23 19:45:00,5233b86e7c6af93f2acd7b2dac75a983a10fcf42c1a3456251b73df4ab1a1a23,78,19,145.0,2039,25.9,3.527681661,0,4,112.6935640599573,False,176.0,2021-07,LGB_medium,F2
2021-07-23,2021-07-22 16:00:00,2021-07-23 19:45:00,2021-07-23 20:00:00,5233b86e7c6af93f2acd7b2dac75a983a10fcf42c1a3456251b73df4ab1a1a23,79,19,120.0,2039,25.9,3.527681661,0,4,79.06900491613854,False,176.0,2021-07,LGB_medium,F2
2021-07-23,2021-07-22 16:00:00,2021-07-23 20:00:00,2021-07-23 20:15:00,5233b86e7c6af93f2acd7b2dac75a983a10fcf42c1a3456251b73df4ab1a1a23,80,20,107.0,113,25.6,0.255656109,0,4,67.91340810779133,False,176.0,2021-07,LGB_medium,F2
2021-07-23,2021-07-22 16:00:00,2021-07-23 20:15:00,2021-07-23 20:30:00,5233b86e7c6af93f2acd7b2dac75a983a10fcf42c1a3456251b73df4ab1a1a23,81,20,115.0,113,25.6,0.255656109,0,4,72.36157949931442,False,176.0,2021-07,LGB_medium,F2
2021-07-23,2021-07-22 16:00:00,2021-07-23 20:30:00,2021-07-23 20:45:00,5233b86e7c6af93f2acd7b2dac75a983a10fcf42c1a3456251b73df4ab1a1a23,82,20,115.0,113,25.6,0.255656109,0,4,75.56338923465364,False,176.0,2021-07,LGB_medium,F2
2021-07-23,2021-07-22 16:00:00,2021-07-23 20:45:00,2021-07-23 21:00:00,5233b86e7c6af93f2acd7b2dac75a983a10fcf42c1a3456251b73df4ab1a1a23,83,20,105.0,113,25.6,0.255656109,0,4,74.30486735848919,False,176.0,2021-07,LGB_medium,F2
2021-07-23,2021-07-22 16:00:00,2021-07-23 21:00:00,2021-07-23 21:15:00,5233b86e7c6af93f2acd7b2dac75a983a10fcf42c1a3456251b73df4ab1a1a23,84,21,104.0,12,24.9,0.028169014,0,4,71.6497095586453,False,176.0,2021-07,LGB_medium,F2
2021-07-23,2021-07-22 16:00:00,2021-07-23 21:15:00,2021-07-23 21:30:00,5233b86e7c6af93f2acd7b2dac75a983a10fcf42c1a3456251b73df4ab1a1a23,85,21,110.0,12,24.9,0.028169014,0,4,67.9802479130373,False,176.0,2021-07,LGB_medium,F2
2021-07-23,2021-07-22 16:00:00,2021-07-23 21:30:00,2021-07-23 21:45:00,5233b86e7c6af93f2acd7b2dac75a983a10fcf42c1a3456251b73df4ab1a1a23,86,21,107.0,12,24.9,0.028169014,0,4,68.1860632895706,False,176.0,2021-07,LGB_medium,F2
2021-07-23,2021-07-22 16:00:00,2021-07-23 21:45:00,2021-07-23 22:00:00,5233b86e7c6af93f2acd7b2dac75a983a10fcf42c1a3456251b73df4ab1a1a23,87,21,105.0,12,24.9,0.028169014,0,4,69.41606916203138,False,176.0,2021-07,LGB_medium,F2
2021-07-23,2021-07-22 16:00:00,2021-07-23 22:00:00,2021-07-23 22:15:00,5233b86e7c6af93f2acd7b2dac75a983a10fcf42c1a3456251b73df4ab1a1a23,88,22,93.0,371,25.0,0.9275,0,4,82.26601193750878,False,176.0,2021-07,LGB_medium,F2
2021-07-23,2021-07-22 16:00:00,2021-07-23 22:15:00,2021-07-23 22:30:00,5233b86e7c6af93f2acd7b2dac75a983a10fcf42c1a3456251b73df4ab1a1a23,89,22,104.0,371,25.0,0.9275,0,4,64.75880362872813,False,176.0,2021-07,LGB_medium,F2
2021-07-23,2021-07-22 16:00:00,2021-07-23 22:30:00,2021-07-23 22:45:00,5233b86e7c6af93f2acd7b2dac75a983a10fcf42c1a3456251b73df4ab1a1a23,90,22,107.0,371,25.0,0.9275,0,4,70.93361166850168,False,176.0,2021-07,LGB_medium,F2
2021-07-23,2021-07-22 16:00:00,2021-07-23 22:45:00,2021-07-23 23:00:00,5233b86e7c6af93f2acd7b2dac75a983a10fcf42c1a3456251b73df4ab1a1a23,91,22,96.0,371,25.0,0.9275,0,4,70.06746325668618,False,176.0,2021-07,LGB_medium,F2
2021-07-23,2021-07-22 16:00:00,2021-07-23 23:00:00,2021-07-23 23:15:00,5233b86e7c6af93f2acd7b2dac75a983a10fcf42c1a3456251b73df4ab1a1a23,92,23,98.0,180,24.9,0.442260442,0,4,63.46762860180129,False,176.0,2021-07,LGB_medium,F2
2021-07-23,2021-07-22 16:00:00,2021-07-23 23:15:00,2021-07-23 23:30:00,5233b86e7c6af93f2acd7b2dac75a983a10fcf42c1a3456251b73df4ab1a1a23,93,23,111.0,180,24.9,0.442260442,0,4,63.04735658713398,False,176.0,2021-07,LGB_medium,F2
2021-07-23,2021-07-22 16:00:00,2021-07-23 23:30:00,2021-07-23 23:45:00,5233b86e7c6af93f2acd7b2dac75a983a10fcf42c1a3456251b73df4ab1a1a23,94,23,107.0,180,24.9,0.442260442,0,4,64.69464073997251,False,176.0,2021-07,LGB_medium,F2
2021-07-23,2021-07-22 16:00:00,2021-07-23 23:45:00,2021-07-24 00:00:00,5233b86e7c6af93f2acd7b2dac75a983a10fcf42c1a3456251b73df4ab1a1a23,95,23,91.0,180,24.9,0.442260442,0,4,92.9926534795198,False,176.0,2021-07,LGB_medium,F2
2021-07-24,2021-07-23 16:00:00,2021-07-24 00:00:00,2021-07-24 00:15:00,be2349db3d45309ede7beefb3d8020a4fa2e59eb5d453df6048cd17b68712609,0,0,72.0,0,24.7,0.0,0,5,66.7910751485447,False,176.0,2021-07,LGB_medium,F2
2021-07-24,2021-07-23 16:00:00,2021-07-24 00:15:00,2021-07-24 00:30:00,be2349db3d45309ede7beefb3d8020a4fa2e59eb5d453df6048cd17b68712609,1,0,67.0,0,24.7,0.0,0,5,66.47540035152974,False,176.0,2021-07,LGB_medium,F2
2021-07-24,2021-07-23 16:00:00,2021-07-24 00:30:00,2021-07-24 00:45:00,be2349db3d45309ede7beefb3d8020a4fa2e59eb5d453df6048cd17b68712609,2,0,65.0,0,24.7,0.0,0,5,66.11441738862209,False,176.0,2021-07,LGB_medium,F2
2021-07-24,2021-07-23 16:00:00,2021-07-24 00:45:00,2021-07-24 01:00:00,be2349db3d45309ede7beefb3d8020a4fa2e59eb5d453df6048cd17b68712609,3,0,69.0,0,24.7,0.0,0,5,66.26024733479031,False,176.0,2021-07,LGB_medium,F2
2021-07-24,2021-07-23 16:00:00,2021-07-24 01:00:00,2021-07-24 01:15:00,be2349db3d45309ede7beefb3d8020a4fa2e59eb5d453df6048cd17b68712609,4,1,93.0,501,24.6,1.301298701,0,5,65.70121038905725,False,176.0,2021-07,LGB_medium,F2
2021-07-24,2021-07-23 16:00:00,2021-07-24 01:15:00,2021-07-24 01:30:00,be2349db3d45309ede7beefb3d8020a4fa2e59eb5d453df6048cd17b68712609,5,1,92.0,501,24.6,1.301298701,0,5,56.547265273638004,False,176.0,2021-07,LGB_medium,F2
2021-07-24,2021-07-23 16:00:00,2021-07-24 01:30:00,2021-07-24 01:45:00,be2349db3d45309ede7beefb3d8020a4fa2e59eb5d453df6048cd17b68712609,6,1,101.0,501,24.6,1.301298701,0,5,56.893844080127245,False,176.0,2021-07,LGB_medium,F2
2021-07-24,2021-07-23 16:00:00,2021-07-24 01:45:00,2021-07-24 02:00:00,be2349db3d45309ede7beefb3d8020a4fa2e59eb5d453df6048cd17b68712609,7,1,99.0,501,24.6,1.301298701,0,5,57.68019233373285,False,176.0,2021-07,LGB_medium,F2
2021-07-24,2021-07-23 16:00:00,2021-07-24 02:00:00,2021-07-24 02:15:00,be2349db3d45309ede7beefb3d8020a4fa2e59eb5d453df6048cd17b68712609,8,2,100.0,51,24.4,0.134210526,0,5,57.002520924495606,False,176.0,2021-07,LGB_medium,F2
2021-07-24,2021-07-23 16:00:00,2021-07-24 02:15:00,2021-07-24 02:30:00,be2349db3d45309ede7beefb3d8020a4fa2e59eb5d453df6048cd17b68712609,9,2,99.0,51,24.4,0.134210526,0,5,57.42916776464629,False,176.0,2021-07,LGB_medium,F2
2021-07-24,2021-07-23 16:00:00,2021-07-24 02:30:00,2021-07-24 02:45:00,be2349db3d45309ede7beefb3d8020a4fa2e59eb5d453df6048cd17b68712609,10,2,97.0,51,24.4,0.134210526,0,5,73.99292732137097,False,176.0,2021-07,LGB_medium,F2
2021-07-24,2021-07-23 16:00:00,2021-07-24 02:45:00,2021-07-24 03:00:00,be2349db3d45309ede7beefb3d8020a4fa2e59eb5d453df6048cd17b68712609,11,2,84.0,51,24.4,0.134210526,0,5,62.21008816797473,False,176.0,2021-07,LGB_medium,F2
2021-07-24,2021-07-23 16:00:00,2021-07-24 03:00:00,2021-07-24 03:15:00,be2349db3d45309ede7beefb3d8020a4fa2e59eb5d453df6048cd17b68712609,12,3,72.0,42,24.0,0.112600536,0,5,73.89235162916611,False,176.0,2021-07,LGB_medium,F2
2021-07-24,2021-07-23 16:00:00,2021-07-24 03:15:00,2021-07-24 03:30:00,be2349db3d45309ede7beefb3d8020a4fa2e59eb5d453df6048cd17b68712609,13,3,96.0,42,24.0,0.112600536,0,5,79.54433068586023,False,176.0,2021-07,LGB_medium,F2
2021-07-24,2021-07-23 16:00:00,2021-07-24 03:30:00,2021-07-24 03:45:00,be2349db3d45309ede7beefb3d8020a4fa2e59eb5d453df6048cd17b68712609,14,3,104.0,42,24.0,0.112600536,0,5,64.65932699025672,False,176.0,2021-07,LGB_medium,F2
2021-07-24,2021-07-23 16:00:00,2021-07-24 03:45:00,2021-07-24 04:00:00,be2349db3d45309ede7beefb3d8020a4fa2e59eb5d453df6048cd17b68712609,15,3,101.0,42,24.0,0.112600536,0,5,60.677471325527,False,176.0,2021-07,LGB_medium,F2
2021-07-24,2021-07-23 16:00:00,2021-07-24 04:00:00,2021-07-24 04:15:00,be2349db3d45309ede7beefb3d8020a4fa2e59eb5d453df6048cd17b68712609,16,4,100.0,262,23.9,0.678756477,0,5,68.93327736165294,False,176.0,2021-07,LGB_medium,F2
2021-07-24,2021-07-23 16:00:00,2021-07-24 04:15:00,2021-07-24 04:30:00,be2349db3d45309ede7beefb3d8020a4fa2e59eb5d453df6048cd17b68712609,17,4,98.0,262,23.9,0.678756477,0,5,79.05309939547648,False,176.0,2021-07,LGB_medium,F2
2021-07-24,2021-07-23 16:00:00,2021-07-24 04:30:00,2021-07-24 04:45:00,be2349db3d45309ede7beefb3d8020a4fa2e59eb5d453df6048cd17b68712609,18,4,98.0,262,23.9,0.678756477,0,5,65.56453233590318,False,176.0,2021-07,LGB_medium,F2
2021-07-24,2021-07-23 16:00:00,2021-07-24 04:45:00,2021-07-24 05:00:00,be2349db3d45309ede7beefb3d8020a4fa2e59eb5d453df6048cd17b68712609,19,4,90.0,262,23.9,0.678756477,0,5,57.22774736715246,False,176.0,2021-07,LGB_medium,F2
2021-07-24,2021-07-23 16:00:00,2021-07-24 05:00:00,2021-07-24 05:15:00,be2349db3d45309ede7beefb3d8020a4fa2e59eb5d453df6048cd17b68712609,20,5,75.0,62,23.8,0.192546584,0,5,82.23282502952553,False,176.0,2021-07,LGB_medium,F2
2021-07-24,2021-07-23 16:00:00,2021-07-24 05:15:00,2021-07-24 05:30:00,be2349db3d45309ede7beefb3d8020a4fa2e59eb5d453df6048cd17b68712609,21,5,69.0,62,23.8,0.192546584,0,5,76.32883137769284,False,176.0,2021-07,LGB_medium,F2
2021-07-24,2021-07-23 16:00:00,2021-07-24 05:30:00,2021-07-24 05:45:00,be2349db3d45309ede7beefb3d8020a4fa2e59eb5d453df6048cd17b68712609,22,5,87.0,62,23.8,0.192546584,0,5,71.75630926436793,False,176.0,2021-07,LGB_medium,F2
2021-07-24,2021-07-23 16:00:00,2021-07-24 05:45:00,2021-07-24 06:00:00,be2349db3d45309ede7beefb3d8020a4fa2e59eb5d453df6048cd17b68712609,23,5,91.0,62,23.8,0.192546584,0,5,56.45522591432656,False,176.0,2021-07,LGB_medium,F2
2021-07-24,2021-07-23 16:00:00,2021-07-24 06:00:00,2021-07-24 06:15:00,be2349db3d45309ede7beefb3d8020a4fa2e59eb5d453df6048cd17b68712609,24,6,98.0,919,24.9,2.431216931,0,5,65.69848365603899,False,176.0,2021-07,LGB_medium,F2
2021-07-24,2021-07-23 16:00:00,2021-07-24 06:15:00,2021-07-24 06:30:00,be2349db3d45309ede7beefb3d8020a4fa2e59eb5d453df6048cd17b68712609,25,6,97.0,919,24.9,2.431216931,0,5,89.24872759359087,False,176.0,2021-07,LGB_medium,F2
2021-07-24,2021-07-23 16:00:00,2021-07-24 06:30:00,2021-07-24 06:45:00,be2349db3d45309ede7beefb3d8020a4fa2e59eb5d453df6048cd17b68712609,26,6,96.0,919,24.9,2.431216931,0,5,89.05828843138306,False,176.0,2021-07,LGB_medium,F2
2021-07-24,2021-07-23 16:00:00,2021-07-24 06:45:00,2021-07-24 07:00:00,be2349db3d45309ede7beefb3d8020a4fa2e59eb5d453df6048cd17b68712609,27,6,87.0,919,24.9,2.431216931,0,5,78.30556028523414,False,176.0,2021-07,LGB_medium,F2
2021-07-24,2021-07-23 16:00:00,2021-07-24 07:00:00,2021-07-24 07:15:00,be2349db3d45309ede7beefb3d8020a4fa2e59eb5d453df6048cd17b68712609,28,7,81.0,482,25.8,1.975409836,0,5,81.04323293472584,False,176.0,2021-07,LGB_medium,F2
2021-07-24,2021-07-23 16:00:00,2021-07-24 07:15:00,2021-07-24 07:30:00,be2349db3d45309ede7beefb3d8020a4fa2e59eb5d453df6048cd17b68712609,29,7,75.0,482,25.8,1.975409836,0,5,93.04523965280045,False,176.0,2021-07,LGB_medium,F2
2021-07-24,2021-07-23 16:00:00,2021-07-24 07:30:00,2021-07-24 07:45:00,be2349db3d45309ede7beefb3d8020a4fa2e59eb5d453df6048cd17b68712609,30,7,56.0,482,25.8,1.975409836,0,5,85.89902305286763,False,176.0,2021-07,LGB_medium,F2
2021-07-24,2021-07-23 16:00:00,2021-07-24 07:45:00,2021-07-24 08:00:00,be2349db3d45309ede7beefb3d8020a4fa2e59eb5d453df6048cd17b68712609,31,7,32.0,482,25.8,1.975409836,0,5,58.121836163121046,False,176.0,2021-07,LGB_medium,F2
2021-07-24,2021-07-23 16:00:00,2021-07-24 08:00:00,2021-07-24 08:15:00,be2349db3d45309ede7beefb3d8020a4fa2e59eb5d453df6048cd17b68712609,32,8,28.0,0,26.9,0.0,0,5,58.14273523629409,False,176.0,2021-07,LGB_medium,F2
2021-07-24,2021-07-23 16:00:00,2021-07-24 08:15:00,2021-07-24 08:30:00,be2349db3d45309ede7beefb3d8020a4fa2e59eb5d453df6048cd17b68712609,33,8,23.0,0,26.9,0.0,0,5,59.599917506777466,False,176.0,2021-07,LGB_medium,F2
2021-07-24,2021-07-23 16:00:00,2021-07-24 08:30:00,2021-07-24 08:45:00,be2349db3d45309ede7beefb3d8020a4fa2e59eb5d453df6048cd17b68712609,34,8,23.0,0,26.9,0.0,0,5,59.77164355100291,False,176.0,2021-07,LGB_medium,F2
2021-07-24,2021-07-23 16:00:00,2021-07-24 08:45:00,2021-07-24 09:00:00,be2349db3d45309ede7beefb3d8020a4fa2e59eb5d453df6048cd17b68712609,35,8,24.0,0,26.9,0.0,0,5,59.65102814263745,False,176.0,2021-07,LGB_medium,F2
2021-07-24,2021-07-23 16:00:00,2021-07-24 09:00:00,2021-07-24 09:15:00,be2349db3d45309ede7beefb3d8020a4fa2e59eb5d453df6048cd17b68712609,36,9,24.0,0,29.1,0.0,0,5,55.555653760537325,False,176.0,2021-07,LGB_medium,F2
2021-07-24,2021-07-23 16:00:00,2021-07-24 09:15:00,2021-07-24 09:30:00,be2349db3d45309ede7beefb3d8020a4fa2e59eb5d453df6048cd17b68712609,37,9,24.0,0,29.1,0.0,0,5,56.06708859646728,False,176.0,2021-07,LGB_medium,F2
2021-07-24,2021-07-23 16:00:00,2021-07-24 09:30:00,2021-07-24 09:45:00,be2349db3d45309ede7beefb3d8020a4fa2e59eb5d453df6048cd17b68712609,38,9,24.0,0,29.1,0.0,0,5,53.38454759749347,False,176.0,2021-07,LGB_medium,F2
2021-07-24,2021-07-23 16:00:00,2021-07-24 09:45:00,2021-07-24 10:00:00,be2349db3d45309ede7beefb3d8020a4fa2e59eb5d453df6048cd17b68712609,39,9,24.0,0,29.1,0.0,0,5,56.819124362093,False,176.0,2021-07,LGB_medium,F2
2021-07-24,2021-07-23 16:00:00,2021-07-24 10:00:00,2021-07-24 10:15:00,be2349db3d45309ede7beefb3d8020a4fa2e59eb5d453df6048cd17b68712609,40,10,24.0,0,28.8,0.0,0,5,54.14768518195042,False,176.0,2021-07,LGB_medium,F2
2021-07-24,2021-07-23 16:00:00,2021-07-24 10:15:00,2021-07-24 10:30:00,be2349db3d45309ede7beefb3d8020a4fa2e59eb5d453df6048cd17b68712609,41,10,24.0,0,28.8,0.0,0,5,57.098174347326875,False,176.0,2021-07,LGB_medium,F2
2021-07-24,2021-07-23 16:00:00,2021-07-24 10:30:00,2021-07-24 10:45:00,be2349db3d45309ede7beefb3d8020a4fa2e59eb5d453df6048cd17b68712609,42,10,24.0,0,28.8,0.0,0,5,57.58367514665835,False,176.0,2021-07,LGB_medium,F2
2021-07-24,2021-07-23 16:00:00,2021-07-24 10:45:00,2021-07-24 11:00:00,be2349db3d45309ede7beefb3d8020a4fa2e59eb5d453df6048cd17b68712609,43,10,24.0,0,28.8,0.0,0,5,57.140631723209346,False,176.0,2021-07,LGB_medium,F2
2021-07-24,2021-07-23 16:00:00,2021-07-24 11:00:00,2021-07-24 11:15:00,be2349db3d45309ede7beefb3d8020a4fa2e59eb5d453df6048cd17b68712609,44,11,26.0,0,28.5,0.0,0,5,54.95755197324247,False,176.0,2021-07,LGB_medium,F2
2021-07-24,2021-07-23 16:00:00,2021-07-24 11:15:00,2021-07-24 11:30:00,be2349db3d45309ede7beefb3d8020a4fa2e59eb5d453df6048cd17b68712609,45,11,27.0,0,28.5,0.0,0,5,50.74537218084153,False,176.0,2021-07,LGB_medium,F2
2021-07-24,2021-07-23 16:00:00,2021-07-24 11:30:00,2021-07-24 11:45:00,be2349db3d45309ede7beefb3d8020a4fa2e59eb5d453df6048cd17b68712609,46,11,29.0,0,28.5,0.0,0,5,49.798683734423484,False,176.0,2021-07,LGB_medium,F2
2021-07-24,2021-07-23 16:00:00,2021-07-24 11:45:00,2021-07-24 12:00:00,be2349db3d45309ede7beefb3d8020a4fa2e59eb5d453df6048cd17b68712609,47,11,25.0,0,28.5,0.0,0,5,49.65591385010526,False,176.0,2021-07,LGB_medium,F2
2021-07-24,2021-07-23 16:00:00,2021-07-24 12:00:00,2021-07-24 12:15:00,be2349db3d45309ede7beefb3d8020a4fa2e59eb5d453df6048cd17b68712609,48,12,24.0,0,29.6,0.0,0,5,45.5006401687933,False,176.0,2021-07,LGB_medium,F2
2021-07-24,2021-07-23 16:00:00,2021-07-24 12:15:00,2021-07-24 12:30:00,be2349db3d45309ede7beefb3d8020a4fa2e59eb5d453df6048cd17b68712609,49,12,22.0,0,29.6,0.0,0,5,44.60431163558543,False,176.0,2021-07,LGB_medium,F2
2021-07-24,2021-07-23 16:00:00,2021-07-24 12:30:00,2021-07-24 12:45:00,be2349db3d45309ede7beefb3d8020a4fa2e59eb5d453df6048cd17b68712609,50,12,23.0,0,29.6,0.0,0,5,44.275031717729455,False,176.0,2021-07,LGB_medium,F2
2021-07-24,2021-07-23 16:00:00,2021-07-24 12:45:00,2021-07-24 13:00:00,be2349db3d45309ede7beefb3d8020a4fa2e59eb5d453df6048cd17b68712609,51,12,23.0,0,29.6,0.0,0,5,44.53694185976093,False,176.0,2021-07,LGB_medium,F2
2021-07-24,2021-07-23 16:00:00,2021-07-24 13:00:00,2021-07-24 13:15:00,be2349db3d45309ede7beefb3d8020a4fa2e59eb5d453df6048cd17b68712609,52,13,23.0,0,30.0,0.0,0,5,50.85990210741868,False,176.0,2021-07,LGB_medium,F2
2021-07-24,2021-07-23 16:00:00,2021-07-24 13:15:00,2021-07-24 13:30:00,be2349db3d45309ede7beefb3d8020a4fa2e59eb5d453df6048cd17b68712609,53,13,24.0,0,30.0,0.0,0,5,51.84329713049461,False,176.0,2021-07,LGB_medium,F2
2021-07-24,2021-07-23 16:00:00,2021-07-24 13:30:00,2021-07-24 13:45:00,be2349db3d45309ede7beefb3d8020a4fa2e59eb5d453df6048cd17b68712609,54,13,24.0,0,30.0,0.0,0,5,52.5204468277107,False,176.0,2021-07,LGB_medium,F2
2021-07-24,2021-07-23 16:00:00,2021-07-24 13:45:00,2021-07-24 14:00:00,be2349db3d45309ede7beefb3d8020a4fa2e59eb5d453df6048cd17b68712609,55,13,24.0,0,30.0,0.0,0,5,50.39998295281473,False,176.0,2021-07,LGB_medium,F2
2021-07-24,2021-07-23 16:00:00,2021-07-24 14:00:00,2021-07-24 14:15:00,be2349db3d45309ede7beefb3d8020a4fa2e59eb5d453df6048cd17b68712609,56,14,24.0,0,29.8,0.0,0,5,51.44685424101786,False,176.0,2021-07,LGB_medium,F2
2021-07-24,2021-07-23 16:00:00,2021-07-24 14:15:00,2021-07-24 14:30:00,be2349db3d45309ede7beefb3d8020a4fa2e59eb5d453df6048cd17b68712609,57,14,24.0,0,29.8,0.0,0,5,51.86581985923318,False,176.0,2021-07,LGB_medium,F2
2021-07-24,2021-07-23 16:00:00,2021-07-24 14:30:00,2021-07-24 14:45:00,be2349db3d45309ede7beefb3d8020a4fa2e59eb5d453df6048cd17b68712609,58,14,24.0,0,29.8,0.0,0,5,51.72055274969959,False,176.0,2021-07,LGB_medium,F2
2021-07-24,2021-07-23 16:00:00,2021-07-24 14:45:00,2021-07-24 15:00:00,be2349db3d45309ede7beefb3d8020a4fa2e59eb5d453df6048cd17b68712609,59,14,24.0,0,29.8,0.0,0,5,52.04587939010551,False,176.0,2021-07,LGB_medium,F2
2021-07-24,2021-07-23 16:00:00,2021-07-24 15:00:00,2021-07-24 15:15:00,be2349db3d45309ede7beefb3d8020a4fa2e59eb5d453df6048cd17b68712609,60,15,27.0,0,29.3,0.0,0,5,53.10235816531174,False,176.0,2021-07,LGB_medium,F2
2021-07-24,2021-07-23 16:00:00,2021-07-24 15:15:00,2021-07-24 15:30:00,be2349db3d45309ede7beefb3d8020a4fa2e59eb5d453df6048cd17b68712609,61,15,28.0,0,29.3,0.0,0,5,51.44446950331038,False,176.0,2021-07,LGB_medium,F2
2021-07-24,2021-07-23 16:00:00,2021-07-24 15:30:00,2021-07-24 15:45:00,be2349db3d45309ede7beefb3d8020a4fa2e59eb5d453df6048cd17b68712609,62,15,24.0,0,29.3,0.0,0,5,51.77816426720179,False,176.0,2021-07,LGB_medium,F2
2021-07-24,2021-07-23 16:00:00,2021-07-24 15:45:00,2021-07-24 16:00:00,be2349db3d45309ede7beefb3d8020a4fa2e59eb5d453df6048cd17b68712609,63,15,24.0,0,29.3,0.0,0,5,51.655234452981865,False,176.0,2021-07,LGB_medium,F2
2021-07-24,2021-07-23 16:00:00,2021-07-24 16:00:00,2021-07-24 16:15:00,be2349db3d45309ede7beefb3d8020a4fa2e59eb5d453df6048cd17b68712609,64,16,24.0,0,29.2,0.0,0,5,50.75591859611746,False,176.0,2021-07,LGB_medium,F2
2021-07-24,2021-07-23 16:00:00,2021-07-24 16:15:00,2021-07-24 16:30:00,be2349db3d45309ede7beefb3d8020a4fa2e59eb5d453df6048cd17b68712609,65,16,24.0,0,29.2,0.0,0,5,50.52675634221795,False,176.0,2021-07,LGB_medium,F2
2021-07-24,2021-07-23 16:00:00,2021-07-24 16:30:00,2021-07-24 16:45:00,be2349db3d45309ede7beefb3d8020a4fa2e59eb5d453df6048cd17b68712609,66,16,24.0,0,29.2,0.0,0,5,50.60547298943371,False,176.0,2021-07,LGB_medium,F2
2021-07-24,2021-07-23 16:00:00,2021-07-24 16:45:00,2021-07-24 17:00:00,be2349db3d45309ede7beefb3d8020a4fa2e59eb5d453df6048cd17b68712609,67,16,25.0,0,29.2,0.0,0,5,49.6978103657785,False,176.0,2021-07,LGB_medium,F2
2021-07-24,2021-07-23 16:00:00,2021-07-24 17:00:00,2021-07-24 17:15:00,be2349db3d45309ede7beefb3d8020a4fa2e59eb5d453df6048cd17b68712609,68,17,24.0,0,28.7,0.0,0,5,46.33897426178187,False,176.0,2021-07,LGB_medium,F2
2021-07-24,2021-07-23 16:00:00,2021-07-24 17:15:00,2021-07-24 17:30:00,be2349db3d45309ede7beefb3d8020a4fa2e59eb5d453df6048cd17b68712609,69,17,24.0,0,28.7,0.0,0,5,45.66935160233318,False,176.0,2021-07,LGB_medium,F2
2021-07-24,2021-07-23 16:00:00,2021-07-24 17:30:00,2021-07-24 17:45:00,be2349db3d45309ede7beefb3d8020a4fa2e59eb5d453df6048cd17b68712609,70,17,24.0,0,28.7,0.0,0,5,50.2414172108832,False,176.0,2021-07,LGB_medium,F2
2021-07-24,2021-07-23 16:00:00,2021-07-24 17:45:00,2021-07-24 18:00:00,be2349db3d45309ede7beefb3d8020a4fa2e59eb5d453df6048cd17b68712609,71,17,24.0,0,28.7,0.0,0,5,50.15809649663056,False,176.0,2021-07,LGB_medium,F2
2021-07-24,2021-07-23 16:00:00,2021-07-24 18:00:00,2021-07-24 18:15:00,be2349db3d45309ede7beefb3d8020a4fa2e59eb5d453df6048cd17b68712609,72,18,24.0,0,26.9,0.0,0,5,50.15809649663056,False,176.0,2021-07,LGB_medium,F2
2021-07-24,2021-07-23 16:00:00,2021-07-24 18:15:00,2021-07-24 18:30:00,be2349db3d45309ede7beefb3d8020a4fa2e59eb5d453df6048cd17b68712609,73,18,23.0,0,26.9,0.0,0,5,51.109700919784515,False,176.0,2021-07,LGB_medium,F2
2021-07-24,2021-07-23 16:00:00,2021-07-24 18:30:00,2021-07-24 18:45:00,be2349db3d45309ede7beefb3d8020a4fa2e59eb5d453df6048cd17b68712609,74,18,24.0,0,26.9,0.0,0,5,49.88829998084454,False,176.0,2021-07,LGB_medium,F2
2021-07-24,2021-07-23 16:00:00,2021-07-24 18:45:00,2021-07-24 19:00:00,be2349db3d45309ede7beefb3d8020a4fa2e59eb5d453df6048cd17b68712609,75,18,29.0,0,26.9,0.0,0,5,46.20099815862375,False,176.0,2021-07,LGB_medium,F2
2021-07-24,2021-07-23 16:00:00,2021-07-24 19:00:00,2021-07-24 19:15:00,be2349db3d45309ede7beefb3d8020a4fa2e59eb5d453df6048cd17b68712609,76,19,28.0,0,26.3,0.0,0,5,44.85711996458926,False,176.0,2021-07,LGB_medium,F2
2021-07-24,2021-07-23 16:00:00,2021-07-24 19:15:00,2021-07-24 19:30:00,be2349db3d45309ede7beefb3d8020a4fa2e59eb5d453df6048cd17b68712609,77,19,24.0,0,26.3,0.0,0,5,46.26545196859722,False,176.0,2021-07,LGB_medium,F2
2021-07-24,2021-07-23 16:00:00,2021-07-24 19:30:00,2021-07-24 19:45:00,be2349db3d45309ede7beefb3d8020a4fa2e59eb5d453df6048cd17b68712609,78,19,23.0,0,26.3,0.0,0,5,45.76603505692264,False,176.0,2021-07,LGB_medium,F2
2021-07-24,2021-07-23 16:00:00,2021-07-24 19:45:00,2021-07-24 20:00:00,be2349db3d45309ede7beefb3d8020a4fa2e59eb5d453df6048cd17b68712609,79,19,23.0,0,26.3,0.0,0,5,44.4875755280387,False,176.0,2021-07,LGB_medium,F2
2021-07-24,2021-07-23 16:00:00,2021-07-24 20:00:00,2021-07-24 20:15:00,be2349db3d45309ede7beefb3d8020a4fa2e59eb5d453df6048cd17b68712609,80,20,23.0,0,26.1,0.0,0,5,44.586246086052746,False,176.0,2021-07,LGB_medium,F2
2021-07-24,2021-07-23 16:00:00,2021-07-24 20:15:00,2021-07-24 20:30:00,be2349db3d45309ede7beefb3d8020a4fa2e59eb5d453df6048cd17b68712609,81,20,23.0,0,26.1,0.0,0,5,43.18277927101166,False,176.0,2021-07,LGB_medium,F2
2021-07-24,2021-07-23 16:00:00,2021-07-24 20:30:00,2021-07-24 20:45:00,be2349db3d45309ede7beefb3d8020a4fa2e59eb5d453df6048cd17b68712609,82,20,24.0,0,26.1,0.0,0,5,44.660340673802665,False,176.0,2021-07,LGB_medium,F2
2021-07-24,2021-07-23 16:00:00,2021-07-24 20:45:00,2021-07-24 21:00:00,be2349db3d45309ede7beefb3d8020a4fa2e59eb5d453df6048cd17b68712609,83,20,25.0,0,26.1,0.0,0,5,44.660340673802665,False,176.0,2021-07,LGB_medium,F2
2021-07-24,2021-07-23 16:00:00,2021-07-24 21:00:00,2021-07-24 21:15:00,be2349db3d45309ede7beefb3d8020a4fa2e59eb5d453df6048cd17b68712609,84,21,24.0,0,26.2,0.0,0,5,42.72227420587737,False,176.0,2021-07,LGB_medium,F2
2021-07-24,2021-07-23 16:00:00,2021-07-24 21:15:00,2021-07-24 21:30:00,be2349db3d45309ede7beefb3d8020a4fa2e59eb5d453df6048cd17b68712609,85,21,24.0,0,26.2,0.0,0,5,42.72227420587737,False,176.0,2021-07,LGB_medium,F2
2021-07-24,2021-07-23 16:00:00,2021-07-24 21:30:00,2021-07-24 21:45:00,be2349db3d45309ede7beefb3d8020a4fa2e59eb5d453df6048cd17b68712609,86,21,25.0,0,26.2,0.0,0,5,44.60574831725937,False,176.0,2021-07,LGB_medium,F2
2021-07-24,2021-07-23 16:00:00,2021-07-24 21:45:00,2021-07-24 22:00:00,be2349db3d45309ede7beefb3d8020a4fa2e59eb5d453df6048cd17b68712609,87,21,25.0,0,26.2,0.0,0,5,42.97431863472344,False,176.0,2021-07,LGB_medium,F2
2021-07-24,2021-07-23 16:00:00,2021-07-24 22:00:00,2021-07-24 22:15:00,be2349db3d45309ede7beefb3d8020a4fa2e59eb5d453df6048cd17b68712609,88,22,24.0,0,26.1,0.0,0,5,44.47954531539573,False,176.0,2021-07,LGB_medium,F2
2021-07-24,2021-07-23 16:00:00,2021-07-24 22:15:00,2021-07-24 22:30:00,be2349db3d45309ede7beefb3d8020a4fa2e59eb5d453df6048cd17b68712609,89,22,25.0,0,26.1,0.0,0,5,42.68644453688199,False,176.0,2021-07,LGB_medium,F2
2021-07-24,2021-07-23 16:00:00,2021-07-24 22:30:00,2021-07-24 22:45:00,be2349db3d45309ede7beefb3d8020a4fa2e59eb5d453df6048cd17b68712609,90,22,28.0,0,26.1,0.0,0,5,42.75967831075623,False,176.0,2021-07,LGB_medium,F2
2021-07-24,2021-07-23 16:00:00,2021-07-24 22:45:00,2021-07-24 23:00:00,be2349db3d45309ede7beefb3d8020a4fa2e59eb5d453df6048cd17b68712609,91,22,25.0,0,26.1,0.0,0,5,42.44859771395638,False,176.0,2021-07,LGB_medium,F2
2021-07-24,2021-07-23 16:00:00,2021-07-24 23:00:00,2021-07-24 23:15:00,be2349db3d45309ede7beefb3d8020a4fa2e59eb5d453df6048cd17b68712609,92,23,24.0,0,26.0,0.0,0,5,37.99920537408476,False,176.0,2021-07,LGB_medium,F2
2021-07-24,2021-07-23 16:00:00,2021-07-24 23:15:00,2021-07-24 23:30:00,be2349db3d45309ede7beefb3d8020a4fa2e59eb5d453df6048cd17b68712609,93,23,24.0,0,26.0,0.0,0,5,35.87405268874353,False,176.0,2021-07,LGB_medium,F2
2021-07-24,2021-07-23 16:00:00,2021-07-24 23:30:00,2021-07-24 23:45:00,be2349db3d45309ede7beefb3d8020a4fa2e59eb5d453df6048cd17b68712609,94,23,24.0,0,26.0,0.0,0,5,34.67769656512924,False,176.0,2021-07,LGB_medium,F2
2021-07-24,2021-07-23 16:00:00,2021-07-24 23:45:00,2021-07-25 00:00:00,be2349db3d45309ede7beefb3d8020a4fa2e59eb5d453df6048cd17b68712609,95,23,24.0,0,26.0,0.0,0,5,34.66518089039569,False,176.0,2021-07,LGB_medium,F2
2021-07-25,2021-07-24 16:00:00,2021-07-25 00:00:00,2021-07-25 00:15:00,b5f1969f3952250c2f06a2c18849f313e3e35a7e2b39f71eca3ea6ee4023b9d3,0,0,24.0,0,25.6,0.0,0,6,73.14129668017816,False,176.0,2021-07,LGB_medium,F2
2021-07-25,2021-07-24 16:00:00,2021-07-25 00:15:00,2021-07-25 00:30:00,b5f1969f3952250c2f06a2c18849f313e3e35a7e2b39f71eca3ea6ee4023b9d3,1,0,24.0,0,25.6,0.0,0,6,74.22584554870089,False,176.0,2021-07,LGB_medium,F2
2021-07-25,2021-07-24 16:00:00,2021-07-25 00:30:00,2021-07-25 00:45:00,b5f1969f3952250c2f06a2c18849f313e3e35a7e2b39f71eca3ea6ee4023b9d3,2,0,24.0,0,25.6,0.0,0,6,73.52039193302869,False,176.0,2021-07,LGB_medium,F2
2021-07-25,2021-07-24 16:00:00,2021-07-25 00:45:00,2021-07-25 01:00:00,b5f1969f3952250c2f06a2c18849f313e3e35a7e2b39f71eca3ea6ee4023b9d3,3,0,24.0,0,25.6,0.0,0,6,74.34501328384191,False,176.0,2021-07,LGB_medium,F2
2021-07-25,2021-07-24 16:00:00,2021-07-25 01:00:00,2021-07-25 01:15:00,b5f1969f3952250c2f06a2c18849f313e3e35a7e2b39f71eca3ea6ee4023b9d3,4,1,24.0,0,24.8,0.0,0,6,75.63250493050239,False,176.0,2021-07,LGB_medium,F2
2021-07-25,2021-07-24 16:00:00,2021-07-25 01:15:00,2021-07-25 01:30:00,b5f1969f3952250c2f06a2c18849f313e3e35a7e2b39f71eca3ea6ee4023b9d3,5,1,24.0,0,24.8,0.0,0,6,80.61595140353883,False,176.0,2021-07,LGB_medium,F2
2021-07-25,2021-07-24 16:00:00,2021-07-25 01:30:00,2021-07-25 01:45:00,b5f1969f3952250c2f06a2c18849f313e3e35a7e2b39f71eca3ea6ee4023b9d3,6,1,24.0,0,24.8,0.0,0,6,82.14052043394987,False,176.0,2021-07,LGB_medium,F2
2021-07-25,2021-07-24 16:00:00,2021-07-25 01:45:00,2021-07-25 02:00:00,b5f1969f3952250c2f06a2c18849f313e3e35a7e2b39f71eca3ea6ee4023b9d3,7,1,26.0,0,24.8,0.0,0,6,81.69833325877012,False,176.0,2021-07,LGB_medium,F2
2021-07-25,2021-07-24 16:00:00,2021-07-25 02:00:00,2021-07-25 02:15:00,b5f1969f3952250c2f06a2c18849f313e3e35a7e2b39f71eca3ea6ee4023b9d3,8,2,29.0,0,24.9,0.0,0,6,81.66450636814699,False,176.0,2021-07,LGB_medium,F2
2021-07-25,2021-07-24 16:00:00,2021-07-25 02:15:00,2021-07-25 02:30:00,b5f1969f3952250c2f06a2c18849f313e3e35a7e2b39f71eca3ea6ee4023b9d3,9,2,25.0,0,24.9,0.0,0,6,81.68612210988697,False,176.0,2021-07,LGB_medium,F2
2021-07-25,2021-07-24 16:00:00,2021-07-25 02:30:00,2021-07-25 02:45:00,b5f1969f3952250c2f06a2c18849f313e3e35a7e2b39f71eca3ea6ee4023b9d3,10,2,23.0,0,24.9,0.0,0,6,81.28117553789762,False,176.0,2021-07,LGB_medium,F2
2021-07-25,2021-07-24 16:00:00,2021-07-25 02:45:00,2021-07-25 03:00:00,b5f1969f3952250c2f06a2c18849f313e3e35a7e2b39f71eca3ea6ee4023b9d3,11,2,24.0,0,24.9,0.0,0,6,83.27291736773095,False,176.0,2021-07,LGB_medium,F2
2021-07-25,2021-07-24 16:00:00,2021-07-25 03:00:00,2021-07-25 03:15:00,b5f1969f3952250c2f06a2c18849f313e3e35a7e2b39f71eca3ea6ee4023b9d3,12,3,24.0,0,24.3,0.0,0,6,82.65163857932937,False,176.0,2021-07,LGB_medium,F2
2021-07-25,2021-07-24 16:00:00,2021-07-25 03:15:00,2021-07-25 03:30:00,b5f1969f3952250c2f06a2c18849f313e3e35a7e2b39f71eca3ea6ee4023b9d3,13,3,26.0,0,24.3,0.0,0,6,84.17481541762098,False,176.0,2021-07,LGB_medium,F2
2021-07-25,2021-07-24 16:00:00,2021-07-25 03:30:00,2021-07-25 03:45:00,b5f1969f3952250c2f06a2c18849f313e3e35a7e2b39f71eca3ea6ee4023b9d3,14,3,23.0,0,24.3,0.0,0,6,84.71605669776677,False,176.0,2021-07,LGB_medium,F2
2021-07-25,2021-07-24 16:00:00,2021-07-25 03:45:00,2021-07-25 04:00:00,b5f1969f3952250c2f06a2c18849f313e3e35a7e2b39f71eca3ea6ee4023b9d3,15,3,23.0,0,24.3,0.0,0,6,84.59544128940132,False,176.0,2021-07,LGB_medium,F2
2021-07-25,2021-07-24 16:00:00,2021-07-25 04:00:00,2021-07-25 04:15:00,b5f1969f3952250c2f06a2c18849f313e3e35a7e2b39f71eca3ea6ee4023b9d3,16,4,23.0,0,24.5,0.0,0,6,84.08968068444482,False,176.0,2021-07,LGB_medium,F2
2021-07-25,2021-07-24 16:00:00,2021-07-25 04:15:00,2021-07-25 04:30:00,b5f1969f3952250c2f06a2c18849f313e3e35a7e2b39f71eca3ea6ee4023b9d3,17,4,24.0,0,24.5,0.0,0,6,84.1985613151957,False,176.0,2021-07,LGB_medium,F2
2021-07-25,2021-07-24 16:00:00,2021-07-25 04:30:00,2021-07-25 04:45:00,b5f1969f3952250c2f06a2c18849f313e3e35a7e2b39f71eca3ea6ee4023b9d3,18,4,24.0,0,24.5,0.0,0,6,83.34166820685701,False,176.0,2021-07,LGB_medium,F2
2021-07-25,2021-07-24 16:00:00,2021-07-25 04:45:00,2021-07-25 05:00:00,b5f1969f3952250c2f06a2c18849f313e3e35a7e2b39f71eca3ea6ee4023b9d3,19,4,24.0,0,24.5,0.0,0,6,83.1450882817662,False,176.0,2021-07,LGB_medium,F2
2021-07-25,2021-07-24 16:00:00,2021-07-25 05:00:00,2021-07-25 05:15:00,b5f1969f3952250c2f06a2c18849f313e3e35a7e2b39f71eca3ea6ee4023b9d3,20,5,24.0,0,24.7,0.0,0,6,80.75024513448817,False,176.0,2021-07,LGB_medium,F2
2021-07-25,2021-07-24 16:00:00,2021-07-25 05:15:00,2021-07-25 05:30:00,b5f1969f3952250c2f06a2c18849f313e3e35a7e2b39f71eca3ea6ee4023b9d3,21,5,24.0,0,24.7,0.0,0,6,80.67870586141596,False,176.0,2021-07,LGB_medium,F2
2021-07-25,2021-07-24 16:00:00,2021-07-25 05:30:00,2021-07-25 05:45:00,b5f1969f3952250c2f06a2c18849f313e3e35a7e2b39f71eca3ea6ee4023b9d3,22,5,28.0,0,24.7,0.0,0,6,80.66667949228146,False,176.0,2021-07,LGB_medium,F2
2021-07-25,2021-07-24 16:00:00,2021-07-25 05:45:00,2021-07-25 06:00:00,b5f1969f3952250c2f06a2c18849f313e3e35a7e2b39f71eca3ea6ee4023b9d3,23,5,27.0,0,24.7,0.0,0,6,91.00484276110177,False,176.0,2021-07,LGB_medium,F2
2021-07-25,2021-07-24 16:00:00,2021-07-25 06:00:00,2021-07-25 06:15:00,b5f1969f3952250c2f06a2c18849f313e3e35a7e2b39f71eca3ea6ee4023b9d3,24,6,23.0,0,25.5,0.0,0,6,94.1118534434201,False,176.0,2021-07,LGB_medium,F2
2021-07-25,2021-07-24 16:00:00,2021-07-25 06:15:00,2021-07-25 06:30:00,b5f1969f3952250c2f06a2c18849f313e3e35a7e2b39f71eca3ea6ee4023b9d3,25,6,24.0,0,25.5,0.0,0,6,92.82619626520685,False,176.0,2021-07,LGB_medium,F2
2021-07-25,2021-07-24 16:00:00,2021-07-25 06:30:00,2021-07-25 06:45:00,b5f1969f3952250c2f06a2c18849f313e3e35a7e2b39f71eca3ea6ee4023b9d3,26,6,24.0,0,25.5,0.0,0,6,93.06181956131498,False,176.0,2021-07,LGB_medium,F2
2021-07-25,2021-07-24 16:00:00,2021-07-25 06:45:00,2021-07-25 07:00:00,b5f1969f3952250c2f06a2c18849f313e3e35a7e2b39f71eca3ea6ee4023b9d3,27,6,24.0,0,25.5,0.0,0,6,92.50926151125753,False,176.0,2021-07,LGB_medium,F2
2021-07-25,2021-07-24 16:00:00,2021-07-25 07:00:00,2021-07-25 07:15:00,b5f1969f3952250c2f06a2c18849f313e3e35a7e2b39f71eca3ea6ee4023b9d3,28,7,24.0,0,27.1,0.0,0,6,93.25695846164076,False,176.0,2021-07,LGB_medium,F2
2021-07-25,2021-07-24 16:00:00,2021-07-25 07:15:00,2021-07-25 07:30:00,b5f1969f3952250c2f06a2c18849f313e3e35a7e2b39f71eca3ea6ee4023b9d3,29,7,24.0,0,27.1,0.0,0,6,105.94636452603844,False,176.0,2021-07,LGB_medium,F2
2021-07-25,2021-07-24 16:00:00,2021-07-25 07:30:00,2021-07-25 07:45:00,b5f1969f3952250c2f06a2c18849f313e3e35a7e2b39f71eca3ea6ee4023b9d3,30,7,24.0,0,27.1,0.0,0,6,127.42881708557026,False,176.0,2021-07,LGB_medium,F2
2021-07-25,2021-07-24 16:00:00,2021-07-25 07:45:00,2021-07-25 08:00:00,b5f1969f3952250c2f06a2c18849f313e3e35a7e2b39f71eca3ea6ee4023b9d3,31,7,24.0,0,27.1,0.0,0,6,126.5739872544649,False,176.0,2021-07,LGB_medium,F2
2021-07-25,2021-07-24 16:00:00,2021-07-25 08:00:00,2021-07-25 08:15:00,b5f1969f3952250c2f06a2c18849f313e3e35a7e2b39f71eca3ea6ee4023b9d3,32,8,24.0,0,28.4,0.0,0,6,129.29578782504305,False,176.0,2021-07,LGB_medium,F2
2021-07-25,2021-07-24 16:00:00,2021-07-25 08:15:00,2021-07-25 08:30:00,b5f1969f3952250c2f06a2c18849f313e3e35a7e2b39f71eca3ea6ee4023b9d3,33,8,23.0,0,28.4,0.0,0,6,130.94916188643413,False,176.0,2021-07,LGB_medium,F2
2021-07-25,2021-07-24 16:00:00,2021-07-25 08:30:00,2021-07-25 08:45:00,b5f1969f3952250c2f06a2c18849f313e3e35a7e2b39f71eca3ea6ee4023b9d3,34,8,23.0,0,28.4,0.0,0,6,131.53283445954466,False,176.0,2021-07,LGB_medium,F2
2021-07-25,2021-07-24 16:00:00,2021-07-25 08:45:00,2021-07-25 09:00:00,b5f1969f3952250c2f06a2c18849f313e3e35a7e2b39f71eca3ea6ee4023b9d3,35,8,24.0,0,28.4,0.0,0,6,131.6534498679101,False,176.0,2021-07,LGB_medium,F2
2021-07-25,2021-07-24 16:00:00,2021-07-25 09:00:00,2021-07-25 09:15:00,b5f1969f3952250c2f06a2c18849f313e3e35a7e2b39f71eca3ea6ee4023b9d3,36,9,25.0,0,28.1,0.0,0,6,128.88063949952834,False,176.0,2021-07,LGB_medium,F2
2021-07-25,2021-07-24 16:00:00,2021-07-25 09:15:00,2021-07-25 09:30:00,b5f1969f3952250c2f06a2c18849f313e3e35a7e2b39f71eca3ea6ee4023b9d3,37,9,29.0,0,28.1,0.0,0,6,129.5901298793834,False,176.0,2021-07,LGB_medium,F2
2021-07-25,2021-07-24 16:00:00,2021-07-25 09:30:00,2021-07-25 09:45:00,b5f1969f3952250c2f06a2c18849f313e3e35a7e2b39f71eca3ea6ee4023b9d3,38,9,25.0,0,28.1,0.0,0,6,130.10156471531337,False,176.0,2021-07,LGB_medium,F2
2021-07-25,2021-07-24 16:00:00,2021-07-25 09:45:00,2021-07-25 10:00:00,b5f1969f3952250c2f06a2c18849f313e3e35a7e2b39f71eca3ea6ee4023b9d3,39,9,24.0,0,28.1,0.0,0,6,130.10156471531337,False,176.0,2021-07,LGB_medium,F2
2021-07-25,2021-07-24 16:00:00,2021-07-25 10:00:00,2021-07-25 10:15:00,b5f1969f3952250c2f06a2c18849f313e3e35a7e2b39f71eca3ea6ee4023b9d3,40,10,24.0,0,28.8,0.0,0,6,129.08685303674383,False,176.0,2021-07,LGB_medium,F2
2021-07-25,2021-07-24 16:00:00,2021-07-25 10:15:00,2021-07-25 10:30:00,b5f1969f3952250c2f06a2c18849f313e3e35a7e2b39f71eca3ea6ee4023b9d3,41,10,23.0,0,28.8,0.0,0,6,130.02123727996505,False,176.0,2021-07,LGB_medium,F2
2021-07-25,2021-07-24 16:00:00,2021-07-25 10:30:00,2021-07-25 10:45:00,b5f1969f3952250c2f06a2c18849f313e3e35a7e2b39f71eca3ea6ee4023b9d3,42,10,24.0,0,28.8,0.0,0,6,130.06691873730387,False,176.0,2021-07,LGB_medium,F2
2021-07-25,2021-07-24 16:00:00,2021-07-25 10:45:00,2021-07-25 11:00:00,b5f1969f3952250c2f06a2c18849f313e3e35a7e2b39f71eca3ea6ee4023b9d3,43,10,24.0,0,28.8,0.0,0,6,130.06691873730387,False,176.0,2021-07,LGB_medium,F2
2021-07-25,2021-07-24 16:00:00,2021-07-25 11:00:00,2021-07-25 11:15:00,b5f1969f3952250c2f06a2c18849f313e3e35a7e2b39f71eca3ea6ee4023b9d3,44,11,23.0,0,29.0,0.0,0,6,128.29901879930128,False,176.0,2021-07,LGB_medium,F2
2021-07-25,2021-07-24 16:00:00,2021-07-25 11:15:00,2021-07-25 11:30:00,b5f1969f3952250c2f06a2c18849f313e3e35a7e2b39f71eca3ea6ee4023b9d3,45,11,23.0,0,29.0,0.0,0,6,124.34151513456948,False,176.0,2021-07,LGB_medium,F2
2021-07-25,2021-07-24 16:00:00,2021-07-25 11:30:00,2021-07-25 11:45:00,b5f1969f3952250c2f06a2c18849f313e3e35a7e2b39f71eca3ea6ee4023b9d3,46,11,24.0,0,29.0,0.0,0,6,122.04738380231626,False,176.0,2021-07,LGB_medium,F2
2021-07-25,2021-07-24 16:00:00,2021-07-25 11:45:00,2021-07-25 12:00:00,b5f1969f3952250c2f06a2c18849f313e3e35a7e2b39f71eca3ea6ee4023b9d3,47,11,24.0,0,29.0,0.0,0,6,121.22243383609118,False,176.0,2021-07,LGB_medium,F2
2021-07-25,2021-07-24 16:00:00,2021-07-25 12:00:00,2021-07-25 12:15:00,b5f1969f3952250c2f06a2c18849f313e3e35a7e2b39f71eca3ea6ee4023b9d3,48,12,26.0,0,30.5,0.0,0,6,116.89572644162594,False,176.0,2021-07,LGB_medium,F2
2021-07-25,2021-07-24 16:00:00,2021-07-25 12:15:00,2021-07-25 12:30:00,b5f1969f3952250c2f06a2c18849f313e3e35a7e2b39f71eca3ea6ee4023b9d3,49,12,25.0,0,30.5,0.0,0,6,116.80260999570318,False,176.0,2021-07,LGB_medium,F2
2021-07-25,2021-07-24 16:00:00,2021-07-25 12:30:00,2021-07-25 12:45:00,b5f1969f3952250c2f06a2c18849f313e3e35a7e2b39f71eca3ea6ee4023b9d3,50,12,28.0,0,30.5,0.0,0,6,117.84276688823088,False,176.0,2021-07,LGB_medium,F2
2021-07-25,2021-07-24 16:00:00,2021-07-25 12:45:00,2021-07-25 13:00:00,b5f1969f3952250c2f06a2c18849f313e3e35a7e2b39f71eca3ea6ee4023b9d3,51,12,26.0,0,30.5,0.0,0,6,121.21941914225278,False,176.0,2021-07,LGB_medium,F2
2021-07-25,2021-07-24 16:00:00,2021-07-25 13:00:00,2021-07-25 13:15:00,b5f1969f3952250c2f06a2c18849f313e3e35a7e2b39f71eca3ea6ee4023b9d3,52,13,24.0,0,31.0,0.0,0,6,126.02683314100167,False,176.0,2021-07,LGB_medium,F2
2021-07-25,2021-07-24 16:00:00,2021-07-25 13:15:00,2021-07-25 13:30:00,b5f1969f3952250c2f06a2c18849f313e3e35a7e2b39f71eca3ea6ee4023b9d3,53,13,24.0,0,31.0,0.0,0,6,126.8423938876473,False,176.0,2021-07,LGB_medium,F2
2021-07-25,2021-07-24 16:00:00,2021-07-25 13:30:00,2021-07-25 13:45:00,b5f1969f3952250c2f06a2c18849f313e3e35a7e2b39f71eca3ea6ee4023b9d3,54,13,24.0,0,31.0,0.0,0,6,126.44521477975469,False,176.0,2021-07,LGB_medium,F2
2021-07-25,2021-07-24 16:00:00,2021-07-25 13:45:00,2021-07-25 14:00:00,b5f1969f3952250c2f06a2c18849f313e3e35a7e2b39f71eca3ea6ee4023b9d3,55,13,23.0,0,31.0,0.0,0,6,127.31052021273263,False,176.0,2021-07,LGB_medium,F2
2021-07-25,2021-07-24 16:00:00,2021-07-25 14:00:00,2021-07-25 14:15:00,b5f1969f3952250c2f06a2c18849f313e3e35a7e2b39f71eca3ea6ee4023b9d3,56,14,24.0,0,30.5,0.0,0,6,126.35976959864418,False,176.0,2021-07,LGB_medium,F2
2021-07-25,2021-07-24 16:00:00,2021-07-25 14:15:00,2021-07-25 14:30:00,b5f1969f3952250c2f06a2c18849f313e3e35a7e2b39f71eca3ea6ee4023b9d3,57,14,24.0,0,30.5,0.0,0,6,127.01136298488018,False,176.0,2021-07,LGB_medium,F2
2021-07-25,2021-07-24 16:00:00,2021-07-25 14:30:00,2021-07-25 14:45:00,b5f1969f3952250c2f06a2c18849f313e3e35a7e2b39f71eca3ea6ee4023b9d3,58,14,25.0,0,30.5,0.0,0,6,127.08182588810693,False,176.0,2021-07,LGB_medium,F2
2021-07-25,2021-07-24 16:00:00,2021-07-25 14:45:00,2021-07-25 15:00:00,b5f1969f3952250c2f06a2c18849f313e3e35a7e2b39f71eca3ea6ee4023b9d3,59,14,24.0,0,30.5,0.0,0,6,126.26179740225064,False,176.0,2021-07,LGB_medium,F2
2021-07-25,2021-07-24 16:00:00,2021-07-25 15:00:00,2021-07-25 15:15:00,b5f1969f3952250c2f06a2c18849f313e3e35a7e2b39f71eca3ea6ee4023b9d3,60,15,24.0,0,30.0,0.0,0,6,126.65707910273461,False,176.0,2021-07,LGB_medium,F2
2021-07-25,2021-07-24 16:00:00,2021-07-25 15:15:00,2021-07-25 15:30:00,b5f1969f3952250c2f06a2c18849f313e3e35a7e2b39f71eca3ea6ee4023b9d3,61,15,24.0,0,30.0,0.0,0,6,126.66277666881581,False,176.0,2021-07,LGB_medium,F2
2021-07-25,2021-07-24 16:00:00,2021-07-25 15:30:00,2021-07-25 15:45:00,b5f1969f3952250c2f06a2c18849f313e3e35a7e2b39f71eca3ea6ee4023b9d3,62,15,25.0,0,30.0,0.0,0,6,127.12915655589147,False,176.0,2021-07,LGB_medium,F2
2021-07-25,2021-07-24 16:00:00,2021-07-25 15:45:00,2021-07-25 16:00:00,b5f1969f3952250c2f06a2c18849f313e3e35a7e2b39f71eca3ea6ee4023b9d3,63,15,25.0,0,30.0,0.0,0,6,127.00854114752602,False,176.0,2021-07,LGB_medium,F2
2021-07-25,2021-07-24 16:00:00,2021-07-25 16:00:00,2021-07-25 16:15:00,b5f1969f3952250c2f06a2c18849f313e3e35a7e2b39f71eca3ea6ee4023b9d3,64,16,29.0,0,29.2,0.0,0,6,127.00854114752602,False,176.0,2021-07,LGB_medium,F2
2021-07-25,2021-07-24 16:00:00,2021-07-25 16:15:00,2021-07-25 16:30:00,b5f1969f3952250c2f06a2c18849f313e3e35a7e2b39f71eca3ea6ee4023b9d3,65,16,27.0,0,29.2,0.0,0,6,127.0584039324054,False,176.0,2021-07,LGB_medium,F2
2021-07-25,2021-07-24 16:00:00,2021-07-25 16:30:00,2021-07-25 16:45:00,b5f1969f3952250c2f06a2c18849f313e3e35a7e2b39f71eca3ea6ee4023b9d3,66,16,25.0,0,29.2,0.0,0,6,126.64091226902018,False,176.0,2021-07,LGB_medium,F2
2021-07-25,2021-07-24 16:00:00,2021-07-25 16:45:00,2021-07-25 17:00:00,b5f1969f3952250c2f06a2c18849f313e3e35a7e2b39f71eca3ea6ee4023b9d3,67,16,24.0,0,29.2,0.0,0,6,125.83360283950319,False,176.0,2021-07,LGB_medium,F2
2021-07-25,2021-07-24 16:00:00,2021-07-25 17:00:00,2021-07-25 17:15:00,b5f1969f3952250c2f06a2c18849f313e3e35a7e2b39f71eca3ea6ee4023b9d3,68,17,24.0,0,28.0,0.0,0,6,109.44344207543779,False,176.0,2021-07,LGB_medium,F2
2021-07-25,2021-07-24 16:00:00,2021-07-25 17:15:00,2021-07-25 17:30:00,b5f1969f3952250c2f06a2c18849f313e3e35a7e2b39f71eca3ea6ee4023b9d3,69,17,24.0,0,28.0,0.0,0,6,109.35982514038373,False,176.0,2021-07,LGB_medium,F2
2021-07-25,2021-07-24 16:00:00,2021-07-25 17:30:00,2021-07-25 17:45:00,b5f1969f3952250c2f06a2c18849f313e3e35a7e2b39f71eca3ea6ee4023b9d3,70,17,24.0,0,28.0,0.0,0,6,110.1127507011616,False,176.0,2021-07,LGB_medium,F2
2021-07-25,2021-07-24 16:00:00,2021-07-25 17:45:00,2021-07-25 18:00:00,b5f1969f3952250c2f06a2c18849f313e3e35a7e2b39f71eca3ea6ee4023b9d3,71,17,23.0,0,28.0,0.0,0,6,111.5933683846279,False,176.0,2021-07,LGB_medium,F2
2021-07-25,2021-07-24 16:00:00,2021-07-25 18:00:00,2021-07-25 18:15:00,b5f1969f3952250c2f06a2c18849f313e3e35a7e2b39f71eca3ea6ee4023b9d3,72,18,23.0,0,27.6,0.0,0,6,111.2784713906712,False,176.0,2021-07,LGB_medium,F2
2021-07-25,2021-07-24 16:00:00,2021-07-25 18:15:00,2021-07-25 18:30:00,b5f1969f3952250c2f06a2c18849f313e3e35a7e2b39f71eca3ea6ee4023b9d3,73,18,24.0,0,27.6,0.0,0,6,111.2637850526735,False,176.0,2021-07,LGB_medium,F2
2021-07-25,2021-07-24 16:00:00,2021-07-25 18:30:00,2021-07-25 18:45:00,b5f1969f3952250c2f06a2c18849f313e3e35a7e2b39f71eca3ea6ee4023b9d3,74,18,23.0,0,27.6,0.0,0,6,110.4533719279209,False,176.0,2021-07,LGB_medium,F2
2021-07-25,2021-07-24 16:00:00,2021-07-25 18:45:00,2021-07-25 19:00:00,b5f1969f3952250c2f06a2c18849f313e3e35a7e2b39f71eca3ea6ee4023b9d3,75,18,23.0,0,27.6,0.0,0,6,99.74525451185896,False,176.0,2021-07,LGB_medium,F2
2021-07-25,2021-07-24 16:00:00,2021-07-25 19:00:00,2021-07-25 19:15:00,b5f1969f3952250c2f06a2c18849f313e3e35a7e2b39f71eca3ea6ee4023b9d3,76,19,24.0,0,26.2,0.0,0,6,100.38156263728855,False,176.0,2021-07,LGB_medium,F2
2021-07-25,2021-07-24 16:00:00,2021-07-25 19:15:00,2021-07-25 19:30:00,b5f1969f3952250c2f06a2c18849f313e3e35a7e2b39f71eca3ea6ee4023b9d3,77,19,24.0,0,26.2,0.0,0,6,99.8418568861875,False,176.0,2021-07,LGB_medium,F2
2021-07-25,2021-07-24 16:00:00,2021-07-25 19:30:00,2021-07-25 19:45:00,b5f1969f3952250c2f06a2c18849f313e3e35a7e2b39f71eca3ea6ee4023b9d3,78,19,25.0,0,26.2,0.0,0,6,99.76566325162972,False,176.0,2021-07,LGB_medium,F2
2021-07-25,2021-07-24 16:00:00,2021-07-25 19:45:00,2021-07-25 20:00:00,b5f1969f3952250c2f06a2c18849f313e3e35a7e2b39f71eca3ea6ee4023b9d3,79,19,28.0,0,26.2,0.0,0,6,99.17632170551566,False,176.0,2021-07,LGB_medium,F2
2021-07-25,2021-07-24 16:00:00,2021-07-25 20:00:00,2021-07-25 20:15:00,b5f1969f3952250c2f06a2c18849f313e3e35a7e2b39f71eca3ea6ee4023b9d3,80,20,23.0,0,25.9,0.0,0,6,99.24331157757882,False,176.0,2021-07,LGB_medium,F2
2021-07-25,2021-07-24 16:00:00,2021-07-25 20:15:00,2021-07-25 20:30:00,b5f1969f3952250c2f06a2c18849f313e3e35a7e2b39f71eca3ea6ee4023b9d3,81,20,24.0,0,25.9,0.0,0,6,99.26237093326321,False,176.0,2021-07,LGB_medium,F2
2021-07-25,2021-07-24 16:00:00,2021-07-25 20:30:00,2021-07-25 20:45:00,b5f1969f3952250c2f06a2c18849f313e3e35a7e2b39f71eca3ea6ee4023b9d3,82,20,24.0,0,25.9,0.0,0,6,99.46911221289838,False,176.0,2021-07,LGB_medium,F2
2021-07-25,2021-07-24 16:00:00,2021-07-25 20:45:00,2021-07-25 21:00:00,b5f1969f3952250c2f06a2c18849f313e3e35a7e2b39f71eca3ea6ee4023b9d3,83,20,24.0,0,25.9,0.0,0,6,98.83537611692303,False,176.0,2021-07,LGB_medium,F2
2021-07-25,2021-07-24 16:00:00,2021-07-25 21:00:00,2021-07-25 21:15:00,b5f1969f3952250c2f06a2c18849f313e3e35a7e2b39f71eca3ea6ee4023b9d3,84,21,24.0,0,25.0,0.0,0,6,97.86379254679183,False,176.0,2021-07,LGB_medium,F2
2021-07-25,2021-07-24 16:00:00,2021-07-25 21:15:00,2021-07-25 21:30:00,b5f1969f3952250c2f06a2c18849f313e3e35a7e2b39f71eca3ea6ee4023b9d3,85,21,24.0,0,25.0,0.0,0,6,100.18529726365908,False,176.0,2021-07,LGB_medium,F2
2021-07-25,2021-07-24 16:00:00,2021-07-25 21:30:00,2021-07-25 21:45:00,b5f1969f3952250c2f06a2c18849f313e3e35a7e2b39f71eca3ea6ee4023b9d3,86,21,23.0,0,25.0,0.0,0,6,96.843615727758,False,176.0,2021-07,LGB_medium,F2
2021-07-25,2021-07-24 16:00:00,2021-07-25 21:45:00,2021-07-25 22:00:00,b5f1969f3952250c2f06a2c18849f313e3e35a7e2b39f71eca3ea6ee4023b9d3,87,21,24.0,0,25.0,0.0,0,6,96.65562652953636,False,176.0,2021-07,LGB_medium,F2
2021-07-25,2021-07-24 16:00:00,2021-07-25 22:00:00,2021-07-25 22:15:00,b5f1969f3952250c2f06a2c18849f313e3e35a7e2b39f71eca3ea6ee4023b9d3,88,22,23.0,0,25.5,0.0,0,6,95.65538149202744,False,176.0,2021-07,LGB_medium,F2
2021-07-25,2021-07-24 16:00:00,2021-07-25 22:15:00,2021-07-25 22:30:00,b5f1969f3952250c2f06a2c18849f313e3e35a7e2b39f71eca3ea6ee4023b9d3,89,22,24.0,0,25.5,0.0,0,6,96.23688243575116,False,176.0,2021-07,LGB_medium,F2
2021-07-25,2021-07-24 16:00:00,2021-07-25 22:30:00,2021-07-25 22:45:00,b5f1969f3952250c2f06a2c18849f313e3e35a7e2b39f71eca3ea6ee4023b9d3,90,22,24.0,0,25.5,0.0,0,6,96.42536572905772,False,176.0,2021-07,LGB_medium,F2
2021-07-25,2021-07-24 16:00:00,2021-07-25 22:45:00,2021-07-25 23:00:00,b5f1969f3952250c2f06a2c18849f313e3e35a7e2b39f71eca3ea6ee4023b9d3,91,22,24.0,0,25.5,0.0,0,6,95.45025821870951,False,176.0,2021-07,LGB_medium,F2
2021-07-25,2021-07-24 16:00:00,2021-07-25 23:00:00,2021-07-25 23:15:00,b5f1969f3952250c2f06a2c18849f313e3e35a7e2b39f71eca3ea6ee4023b9d3,92,23,26.0,0,25.3,0.0,0,6,90.26574993195392,False,176.0,2021-07,LGB_medium,F2
2021-07-25,2021-07-24 16:00:00,2021-07-25 23:15:00,2021-07-25 23:30:00,b5f1969f3952250c2f06a2c18849f313e3e35a7e2b39f71eca3ea6ee4023b9d3,93,23,28.0,0,25.3,0.0,0,6,89.33293189195726,False,176.0,2021-07,LGB_medium,F2
2021-07-25,2021-07-24 16:00:00,2021-07-25 23:30:00,2021-07-25 23:45:00,b5f1969f3952250c2f06a2c18849f313e3e35a7e2b39f71eca3ea6ee4023b9d3,94,23,24.0,0,25.3,0.0,0,6,87.3718418161334,False,176.0,2021-07,LGB_medium,F2
2021-07-25,2021-07-24 16:00:00,2021-07-25 23:45:00,2021-07-26 00:00:00,b5f1969f3952250c2f06a2c18849f313e3e35a7e2b39f71eca3ea6ee4023b9d3,95,23,24.0,0,25.3,0.0,0,6,85.94547965515217,False,176.0,2021-07,LGB_medium,F2
2021-07-26,2021-07-25 16:00:00,2021-07-26 00:00:00,2021-07-26 00:15:00,e498e0850141d1eb6102944e8468072300bbf5f3c1006c2aea7368b94d11c906,0,0,24.0,0,25.1,0.0,0,0,20.69061574149452,False,176.0,2021-07,LGB_medium,F2
2021-07-26,2021-07-25 16:00:00,2021-07-26 00:15:00,2021-07-26 00:30:00,e498e0850141d1eb6102944e8468072300bbf5f3c1006c2aea7368b94d11c906,1,0,24.0,0,25.1,0.0,0,0,20.786095779711285,False,176.0,2021-07,LGB_medium,F2
2021-07-26,2021-07-25 16:00:00,2021-07-26 00:30:00,2021-07-26 00:45:00,e498e0850141d1eb6102944e8468072300bbf5f3c1006c2aea7368b94d11c906,2,0,24.0,0,25.1,0.0,0,0,22.558168870078873,False,176.0,2021-07,LGB_medium,F2
2021-07-26,2021-07-25 16:00:00,2021-07-26 00:45:00,2021-07-26 01:00:00,e498e0850141d1eb6102944e8468072300bbf5f3c1006c2aea7368b94d11c906,3,0,24.0,0,25.1,0.0,0,0,20.287044734884894,False,176.0,2021-07,LGB_medium,F2
2021-07-26,2021-07-25 16:00:00,2021-07-26 01:00:00,2021-07-26 01:15:00,e498e0850141d1eb6102944e8468072300bbf5f3c1006c2aea7368b94d11c906,4,1,23.0,0,24.8,0.0,0,0,21.21542889561783,False,176.0,2021-07,LGB_medium,F2
2021-07-26,2021-07-25 16:00:00,2021-07-26 01:15:00,2021-07-26 01:30:00,e498e0850141d1eb6102944e8468072300bbf5f3c1006c2aea7368b94d11c906,5,1,24.0,0,24.8,0.0,0,0,23.546514000284663,False,176.0,2021-07,LGB_medium,F2
2021-07-26,2021-07-25 16:00:00,2021-07-26 01:30:00,2021-07-26 01:45:00,e498e0850141d1eb6102944e8468072300bbf5f3c1006c2aea7368b94d11c906,6,1,24.0,0,24.8,0.0,0,0,25.02387555570735,False,176.0,2021-07,LGB_medium,F2
2021-07-26,2021-07-25 16:00:00,2021-07-26 01:45:00,2021-07-26 02:00:00,e498e0850141d1eb6102944e8468072300bbf5f3c1006c2aea7368b94d11c906,7,1,24.0,0,24.8,0.0,0,0,25.02387555570735,False,176.0,2021-07,LGB_medium,F2
2021-07-26,2021-07-25 16:00:00,2021-07-26 02:00:00,2021-07-26 02:15:00,e498e0850141d1eb6102944e8468072300bbf5f3c1006c2aea7368b94d11c906,8,2,24.0,0,24.6,0.0,0,0,24.990048665084206,False,176.0,2021-07,LGB_medium,F2
2021-07-26,2021-07-25 16:00:00,2021-07-26 02:15:00,2021-07-26 02:30:00,e498e0850141d1eb6102944e8468072300bbf5f3c1006c2aea7368b94d11c906,9,2,24.0,0,24.6,0.0,0,0,24.220977635764754,False,176.0,2021-07,LGB_medium,F2
2021-07-26,2021-07-25 16:00:00,2021-07-26 02:30:00,2021-07-26 02:45:00,e498e0850141d1eb6102944e8468072300bbf5f3c1006c2aea7368b94d11c906,10,2,24.0,0,24.6,0.0,0,0,24.833022557518103,False,176.0,2021-07,LGB_medium,F2
2021-07-26,2021-07-25 16:00:00,2021-07-26 02:45:00,2021-07-26 03:00:00,e498e0850141d1eb6102944e8468072300bbf5f3c1006c2aea7368b94d11c906,11,2,27.0,0,24.6,0.0,0,0,24.783085124860285,False,176.0,2021-07,LGB_medium,F2
2021-07-26,2021-07-25 16:00:00,2021-07-26 03:00:00,2021-07-26 03:15:00,e498e0850141d1eb6102944e8468072300bbf5f3c1006c2aea7368b94d11c906,12,3,27.0,0,24.5,0.0,0,0,24.185725422744415,False,176.0,2021-07,LGB_medium,F2
2021-07-26,2021-07-25 16:00:00,2021-07-26 03:15:00,2021-07-26 03:30:00,e498e0850141d1eb6102944e8468072300bbf5f3c1006c2aea7368b94d11c906,13,3,24.0,0,24.5,0.0,0,0,25.276377477976766,False,176.0,2021-07,LGB_medium,F2
2021-07-26,2021-07-25 16:00:00,2021-07-26 03:30:00,2021-07-26 03:45:00,e498e0850141d1eb6102944e8468072300bbf5f3c1006c2aea7368b94d11c906,14,3,24.0,0,24.5,0.0,0,0,25.070886238733458,False,176.0,2021-07,LGB_medium,F2
2021-07-26,2021-07-25 16:00:00,2021-07-26 03:45:00,2021-07-26 04:00:00,e498e0850141d1eb6102944e8468072300bbf5f3c1006c2aea7368b94d11c906,15,3,24.0,0,24.5,0.0,0,0,25.488017177141458,False,176.0,2021-07,LGB_medium,F2
2021-07-26,2021-07-25 16:00:00,2021-07-26 04:00:00,2021-07-26 04:15:00,e498e0850141d1eb6102944e8468072300bbf5f3c1006c2aea7368b94d11c906,16,4,23.0,0,24.4,0.0,0,0,25.430572061616264,False,176.0,2021-07,LGB_medium,F2
2021-07-26,2021-07-25 16:00:00,2021-07-26 04:15:00,2021-07-26 04:30:00,e498e0850141d1eb6102944e8468072300bbf5f3c1006c2aea7368b94d11c906,17,4,23.0,0,24.4,0.0,0,0,25.430572061616264,False,176.0,2021-07,LGB_medium,F2
2021-07-26,2021-07-25 16:00:00,2021-07-26 04:30:00,2021-07-26 04:45:00,e498e0850141d1eb6102944e8468072300bbf5f3c1006c2aea7368b94d11c906,18,4,24.0,0,24.4,0.0,0,0,24.598103875156657,False,176.0,2021-07,LGB_medium,F2
2021-07-26,2021-07-25 16:00:00,2021-07-26 04:45:00,2021-07-26 05:00:00,e498e0850141d1eb6102944e8468072300bbf5f3c1006c2aea7368b94d11c906,19,4,24.0,0,24.4,0.0,0,0,24.29145934557315,False,176.0,2021-07,LGB_medium,F2
2021-07-26,2021-07-25 16:00:00,2021-07-26 05:00:00,2021-07-26 05:15:00,e498e0850141d1eb6102944e8468072300bbf5f3c1006c2aea7368b94d11c906,20,5,24.0,0,24.7,0.0,0,0,21.682503219323266,False,176.0,2021-07,LGB_medium,F2
2021-07-26,2021-07-25 16:00:00,2021-07-26 05:15:00,2021-07-26 05:30:00,e498e0850141d1eb6102944e8468072300bbf5f3c1006c2aea7368b94d11c906,21,5,24.0,0,24.7,0.0,0,0,21.036592455600683,False,176.0,2021-07,LGB_medium,F2
2021-07-26,2021-07-25 16:00:00,2021-07-26 05:30:00,2021-07-26 05:45:00,e498e0850141d1eb6102944e8468072300bbf5f3c1006c2aea7368b94d11c906,22,5,23.0,0,24.7,0.0,0,0,21.810831349306284,False,176.0,2021-07,LGB_medium,F2
2021-07-26,2021-07-25 16:00:00,2021-07-26 05:45:00,2021-07-26 06:00:00,e498e0850141d1eb6102944e8468072300bbf5f3c1006c2aea7368b94d11c906,23,5,23.0,0,24.7,0.0,0,0,22.856052538510024,False,176.0,2021-07,LGB_medium,F2
2021-07-26,2021-07-25 16:00:00,2021-07-26 06:00:00,2021-07-26 06:15:00,e498e0850141d1eb6102944e8468072300bbf5f3c1006c2aea7368b94d11c906,24,6,25.0,0,26.9,0.0,0,0,24.528589703677785,False,176.0,2021-07,LGB_medium,F2
2021-07-26,2021-07-25 16:00:00,2021-07-26 06:15:00,2021-07-26 06:30:00,e498e0850141d1eb6102944e8468072300bbf5f3c1006c2aea7368b94d11c906,25,6,26.0,0,26.9,0.0,0,0,22.944844464037462,False,176.0,2021-07,LGB_medium,F2
2021-07-26,2021-07-25 16:00:00,2021-07-26 06:30:00,2021-07-26 06:45:00,e498e0850141d1eb6102944e8468072300bbf5f3c1006c2aea7368b94d11c906,26,6,26.0,0,26.9,0.0,0,0,23.13575694679684,False,176.0,2021-07,LGB_medium,F2
2021-07-26,2021-07-25 16:00:00,2021-07-26 06:45:00,2021-07-26 07:00:00,e498e0850141d1eb6102944e8468072300bbf5f3c1006c2aea7368b94d11c906,27,6,27.0,0,26.9,0.0,0,0,23.065235241745974,False,176.0,2021-07,LGB_medium,F2
2021-07-26,2021-07-25 16:00:00,2021-07-26 07:00:00,2021-07-26 07:15:00,e498e0850141d1eb6102944e8468072300bbf5f3c1006c2aea7368b94d11c906,28,7,30.0,0,27.9,0.0,0,0,26.255951157846557,False,176.0,2021-07,LGB_medium,F2
2021-07-26,2021-07-25 16:00:00,2021-07-26 07:15:00,2021-07-26 07:30:00,e498e0850141d1eb6102944e8468072300bbf5f3c1006c2aea7368b94d11c906,29,7,50.0,0,27.9,0.0,0,0,46.707342045763816,False,176.0,2021-07,LGB_medium,F2
2021-07-26,2021-07-25 16:00:00,2021-07-26 07:30:00,2021-07-26 07:45:00,e498e0850141d1eb6102944e8468072300bbf5f3c1006c2aea7368b94d11c906,30,7,75.0,0,27.9,0.0,0,0,76.35019862096492,False,176.0,2021-07,LGB_medium,F2
2021-07-26,2021-07-25 16:00:00,2021-07-26 07:45:00,2021-07-26 08:00:00,e498e0850141d1eb6102944e8468072300bbf5f3c1006c2aea7368b94d11c906,31,7,127.0,0,27.9,0.0,0,0,89.5533031744537,False,176.0,2021-07,LGB_medium,F2
2021-07-26,2021-07-25 16:00:00,2021-07-26 08:00:00,2021-07-26 08:15:00,e498e0850141d1eb6102944e8468072300bbf5f3c1006c2aea7368b94d11c906,32,8,177.0,805,29.4,1.017699115,0,0,136.43250921036892,False,176.0,2021-07,LGB_medium,F2
2021-07-26,2021-07-25 16:00:00,2021-07-26 08:15:00,2021-07-26 08:30:00,e498e0850141d1eb6102944e8468072300bbf5f3c1006c2aea7368b94d11c906,33,8,217.0,805,29.4,1.017699115,0,0,160.18271951966173,False,176.0,2021-07,LGB_medium,F2
2021-07-26,2021-07-25 16:00:00,2021-07-26 08:30:00,2021-07-26 08:45:00,e498e0850141d1eb6102944e8468072300bbf5f3c1006c2aea7368b94d11c906,34,8,206.0,805,29.4,1.017699115,0,0,161.1183474446432,False,176.0,2021-07,LGB_medium,F2
2021-07-26,2021-07-25 16:00:00,2021-07-26 08:45:00,2021-07-26 09:00:00,e498e0850141d1eb6102944e8468072300bbf5f3c1006c2aea7368b94d11c906,35,8,191.0,805,29.4,1.017699115,0,0,158.660543977954,False,176.0,2021-07,LGB_medium,F2
2021-07-26,2021-07-25 16:00:00,2021-07-26 09:00:00,2021-07-26 09:15:00,e498e0850141d1eb6102944e8468072300bbf5f3c1006c2aea7368b94d11c906,36,9,182.0,1283,29.8,1.745578231,0,0,154.29762468038987,False,176.0,2021-07,LGB_medium,F2
2021-07-26,2021-07-25 16:00:00,2021-07-26 09:15:00,2021-07-26 09:30:00,e498e0850141d1eb6102944e8468072300bbf5f3c1006c2aea7368b94d11c906,37,9,178.0,1283,29.8,1.745578231,0,0,152.76149089442026,False,176.0,2021-07,LGB_medium,F2
2021-07-26,2021-07-25 16:00:00,2021-07-26 09:30:00,2021-07-26 09:45:00,e498e0850141d1eb6102944e8468072300bbf5f3c1006c2aea7368b94d11c906,38,9,189.0,1283,29.8,1.745578231,0,0,151.708530089307,False,176.0,2021-07,LGB_medium,F2
2021-07-26,2021-07-25 16:00:00,2021-07-26 09:45:00,2021-07-26 10:00:00,e498e0850141d1eb6102944e8468072300bbf5f3c1006c2aea7368b94d11c906,39,9,186.0,1283,29.8,1.745578231,0,0,152.86300911514627,False,176.0,2021-07,LGB_medium,F2
2021-07-26,2021-07-25 16:00:00,2021-07-26 10:00:00,2021-07-26 10:15:00,e498e0850141d1eb6102944e8468072300bbf5f3c1006c2aea7368b94d11c906,40,10,148.0,1149,29.9,1.556910569,0,0,136.25708091070314,False,176.0,2021-07,LGB_medium,F2
2021-07-26,2021-07-25 16:00:00,2021-07-26 10:15:00,2021-07-26 10:30:00,e498e0850141d1eb6102944e8468072300bbf5f3c1006c2aea7368b94d11c906,41,10,192.0,1149,29.9,1.556910569,0,0,151.85901191115863,False,176.0,2021-07,LGB_medium,F2
2021-07-26,2021-07-25 16:00:00,2021-07-26 10:30:00,2021-07-26 10:45:00,e498e0850141d1eb6102944e8468072300bbf5f3c1006c2aea7368b94d11c906,42,10,191.0,1149,29.9,1.556910569,0,0,156.35184652283797,False,176.0,2021-07,LGB_medium,F2
2021-07-26,2021-07-25 16:00:00,2021-07-26 10:45:00,2021-07-26 11:00:00,e498e0850141d1eb6102944e8468072300bbf5f3c1006c2aea7368b94d11c906,43,10,207.0,1149,29.9,1.556910569,0,0,156.20149800577116,False,176.0,2021-07,LGB_medium,F2
2021-07-26,2021-07-25 16:00:00,2021-07-26 11:00:00,2021-07-26 11:15:00,e498e0850141d1eb6102944e8468072300bbf5f3c1006c2aea7368b94d11c906,44,11,202.0,3069,30.8,4.038157895,0,0,152.1151463648937,False,176.0,2021-07,LGB_medium,F2
2021-07-26,2021-07-25 16:00:00,2021-07-26 11:15:00,2021-07-26 11:30:00,e498e0850141d1eb6102944e8468072300bbf5f3c1006c2aea7368b94d11c906,45,11,190.0,3069,30.8,4.038157895,0,0,154.14731983725764,False,176.0,2021-07,LGB_medium,F2
2021-07-26,2021-07-25 16:00:00,2021-07-26 11:30:00,2021-07-26 11:45:00,e498e0850141d1eb6102944e8468072300bbf5f3c1006c2aea7368b94d11c906,46,11,182.0,3069,30.8,4.038157895,0,0,154.81640925765169,False,176.0,2021-07,LGB_medium,F2
2021-07-26,2021-07-25 16:00:00,2021-07-26 11:45:00,2021-07-26 12:00:00,e498e0850141d1eb6102944e8468072300bbf5f3c1006c2aea7368b94d11c906,47,11,186.0,3069,30.8,4.038157895,0,0,150.7572686046079,False,176.0,2021-07,LGB_medium,F2
2021-07-26,2021-07-25 16:00:00,2021-07-26 12:00:00,2021-07-26 12:15:00,e498e0850141d1eb6102944e8468072300bbf5f3c1006c2aea7368b94d11c906,48,12,130.0,0,30.7,0.0,0,0,100.33319070616363,False,176.0,2021-07,LGB_medium,F2
2021-07-26,2021-07-25 16:00:00,2021-07-26 12:15:00,2021-07-26 12:30:00,e498e0850141d1eb6102944e8468072300bbf5f3c1006c2aea7368b94d11c906,49,12,111.0,0,30.7,0.0,0,0,91.87623839552325,False,176.0,2021-07,LGB_medium,F2
2021-07-26,2021-07-25 16:00:00,2021-07-26 12:30:00,2021-07-26 12:45:00,e498e0850141d1eb6102944e8468072300bbf5f3c1006c2aea7368b94d11c906,50,12,105.0,0,30.7,0.0,0,0,90.7509283901863,False,176.0,2021-07,LGB_medium,F2
2021-07-26,2021-07-25 16:00:00,2021-07-26 12:45:00,2021-07-26 13:00:00,e498e0850141d1eb6102944e8468072300bbf5f3c1006c2aea7368b94d11c906,51,12,106.0,0,30.7,0.0,0,0,90.97722068099928,False,176.0,2021-07,LGB_medium,F2
2021-07-26,2021-07-25 16:00:00,2021-07-26 13:00:00,2021-07-26 13:15:00,e498e0850141d1eb6102944e8468072300bbf5f3c1006c2aea7368b94d11c906,52,13,151.0,1969,31.1,2.912721893,0,0,145.58795253219645,False,176.0,2021-07,LGB_medium,F2
2021-07-26,2021-07-25 16:00:00,2021-07-26 13:15:00,2021-07-26 13:30:00,e498e0850141d1eb6102944e8468072300bbf5f3c1006c2aea7368b94d11c906,53,13,178.0,1969,31.1,2.912721893,0,0,148.139026517102,False,176.0,2021-07,LGB_medium,F2
2021-07-26,2021-07-25 16:00:00,2021-07-26 13:30:00,2021-07-26 13:45:00,e498e0850141d1eb6102944e8468072300bbf5f3c1006c2aea7368b94d11c906,54,13,180.0,1969,31.1,2.912721893,0,0,155.4060349314038,False,176.0,2021-07,LGB_medium,F2
2021-07-26,2021-07-25 16:00:00,2021-07-26 13:45:00,2021-07-26 14:00:00,e498e0850141d1eb6102944e8468072300bbf5f3c1006c2aea7368b94d11c906,55,13,167.0,1969,31.1,2.912721893,0,0,145.87712145835863,False,176.0,2021-07,LGB_medium,F2
2021-07-26,2021-07-25 16:00:00,2021-07-26 14:00:00,2021-07-26 14:15:00,e498e0850141d1eb6102944e8468072300bbf5f3c1006c2aea7368b94d11c906,56,14,176.0,669,30.5,0.901617251,0,0,146.5109402307191,False,176.0,2021-07,LGB_medium,F2
2021-07-26,2021-07-25 16:00:00,2021-07-26 14:15:00,2021-07-26 14:30:00,e498e0850141d1eb6102944e8468072300bbf5f3c1006c2aea7368b94d11c906,57,14,182.0,669,30.5,0.901617251,0,0,148.42688504288003,False,176.0,2021-07,LGB_medium,F2
2021-07-26,2021-07-25 16:00:00,2021-07-26 14:30:00,2021-07-26 14:45:00,e498e0850141d1eb6102944e8468072300bbf5f3c1006c2aea7368b94d11c906,58,14,199.0,669,30.5,0.901617251,0,0,147.45956086617227,False,176.0,2021-07,LGB_medium,F2
2021-07-26,2021-07-25 16:00:00,2021-07-26 14:45:00,2021-07-26 15:00:00,e498e0850141d1eb6102944e8468072300bbf5f3c1006c2aea7368b94d11c906,59,14,185.0,669,30.5,0.901617251,0,0,148.71231359642698,False,176.0,2021-07,LGB_medium,F2
2021-07-26,2021-07-25 16:00:00,2021-07-26 15:00:00,2021-07-26 15:15:00,e498e0850141d1eb6102944e8468072300bbf5f3c1006c2aea7368b94d11c906,60,15,137.0,2463,30.4,3.90952381,0,0,130.81244614503635,False,176.0,2021-07,LGB_medium,F2
2021-07-26,2021-07-25 16:00:00,2021-07-26 15:15:00,2021-07-26 15:30:00,e498e0850141d1eb6102944e8468072300bbf5f3c1006c2aea7368b94d11c906,61,15,136.0,2463,30.4,3.90952381,0,0,131.3329741311285,False,176.0,2021-07,LGB_medium,F2
2021-07-26,2021-07-25 16:00:00,2021-07-26 15:30:00,2021-07-26 15:45:00,e498e0850141d1eb6102944e8468072300bbf5f3c1006c2aea7368b94d11c906,62,15,180.0,2463,30.4,3.90952381,0,0,151.17534978961658,False,176.0,2021-07,LGB_medium,F2
2021-07-26,2021-07-25 16:00:00,2021-07-26 15:45:00,2021-07-26 16:00:00,e498e0850141d1eb6102944e8468072300bbf5f3c1006c2aea7368b94d11c906,63,15,177.0,2463,30.4,3.90952381,0,0,150.9311953272265,False,176.0,2021-07,LGB_medium,F2
2021-07-26,2021-07-25 16:00:00,2021-07-26 16:00:00,2021-07-26 16:15:00,e498e0850141d1eb6102944e8468072300bbf5f3c1006c2aea7368b94d11c906,64,16,163.0,1238,29.3,1.831360947,0,0,144.9332362067497,False,176.0,2021-07,LGB_medium,F2
2021-07-26,2021-07-25 16:00:00,2021-07-26 16:15:00,2021-07-26 16:30:00,e498e0850141d1eb6102944e8468072300bbf5f3c1006c2aea7368b94d11c906,65,16,163.0,1238,29.3,1.831360947,0,0,138.32864313359505,False,176.0,2021-07,LGB_medium,F2
2021-07-26,2021-07-25 16:00:00,2021-07-26 16:30:00,2021-07-26 16:45:00,e498e0850141d1eb6102944e8468072300bbf5f3c1006c2aea7368b94d11c906,66,16,177.0,1238,29.3,1.831360947,0,0,140.83746608180383,False,176.0,2021-07,LGB_medium,F2
2021-07-26,2021-07-25 16:00:00,2021-07-26 16:45:00,2021-07-26 17:00:00,e498e0850141d1eb6102944e8468072300bbf5f3c1006c2aea7368b94d11c906,67,16,173.0,1238,29.3,1.831360947,0,0,140.28147170689326,False,176.0,2021-07,LGB_medium,F2
2021-07-26,2021-07-25 16:00:00,2021-07-26 17:00:00,2021-07-26 17:15:00,e498e0850141d1eb6102944e8468072300bbf5f3c1006c2aea7368b94d11c906,68,17,122.0,6579,28.3,12.1160221,0,0,95.37246885463925,False,176.0,2021-07,LGB_medium,F2
2021-07-26,2021-07-25 16:00:00,2021-07-26 17:15:00,2021-07-26 17:30:00,e498e0850141d1eb6102944e8468072300bbf5f3c1006c2aea7368b94d11c906,69,17,108.0,6579,28.3,12.1160221,0,0,87.45962323357212,False,176.0,2021-07,LGB_medium,F2
2021-07-26,2021-07-25 16:00:00,2021-07-26 17:30:00,2021-07-26 17:45:00,e498e0850141d1eb6102944e8468072300bbf5f3c1006c2aea7368b94d11c906,70,17,144.0,6579,28.3,12.1160221,0,0,136.60396883501494,False,176.0,2021-07,LGB_medium,F2
2021-07-26,2021-07-25 16:00:00,2021-07-26 17:45:00,2021-07-26 18:00:00,e498e0850141d1eb6102944e8468072300bbf5f3c1006c2aea7368b94d11c906,71,17,169.0,6579,28.3,12.1160221,0,0,137.40500844563778,False,176.0,2021-07,LGB_medium,F2
2021-07-26,2021-07-25 16:00:00,2021-07-26 18:00:00,2021-07-26 18:15:00,e498e0850141d1eb6102944e8468072300bbf5f3c1006c2aea7368b94d11c906,72,18,186.0,1120,27.3,1.604584527,0,0,136.18732090035274,False,176.0,2021-07,LGB_medium,F2
2021-07-26,2021-07-25 16:00:00,2021-07-26 18:15:00,2021-07-26 18:30:00,e498e0850141d1eb6102944e8468072300bbf5f3c1006c2aea7368b94d11c906,73,18,181.0,1120,27.3,1.604584527,0,0,133.10456922056002,False,176.0,2021-07,LGB_medium,F2
2021-07-26,2021-07-25 16:00:00,2021-07-26 18:30:00,2021-07-26 18:45:00,e498e0850141d1eb6102944e8468072300bbf5f3c1006c2aea7368b94d11c906,74,18,169.0,1120,27.3,1.604584527,0,0,132.86720897852618,False,176.0,2021-07,LGB_medium,F2
2021-07-26,2021-07-25 16:00:00,2021-07-26 18:45:00,2021-07-26 19:00:00,e498e0850141d1eb6102944e8468072300bbf5f3c1006c2aea7368b94d11c906,75,18,162.0,1120,27.3,1.604584527,0,0,132.2657145379349,False,176.0,2021-07,LGB_medium,F2
2021-07-26,2021-07-25 16:00:00,2021-07-26 19:00:00,2021-07-26 19:15:00,e498e0850141d1eb6102944e8468072300bbf5f3c1006c2aea7368b94d11c906,76,19,169.0,3479,26.4,5.539808917,0,0,127.70760585430243,False,176.0,2021-07,LGB_medium,F2
2021-07-26,2021-07-25 16:00:00,2021-07-26 19:15:00,2021-07-26 19:30:00,e498e0850141d1eb6102944e8468072300bbf5f3c1006c2aea7368b94d11c906,77,19,177.0,3479,26.4,5.539808917,0,0,130.90582806184113,False,176.0,2021-07,LGB_medium,F2
2021-07-26,2021-07-25 16:00:00,2021-07-26 19:30:00,2021-07-26 19:45:00,e498e0850141d1eb6102944e8468072300bbf5f3c1006c2aea7368b94d11c906,78,19,160.0,3479,26.4,5.539808917,0,0,131.57409422513405,False,176.0,2021-07,LGB_medium,F2
2021-07-26,2021-07-25 16:00:00,2021-07-26 19:45:00,2021-07-26 20:00:00,e498e0850141d1eb6102944e8468072300bbf5f3c1006c2aea7368b94d11c906,79,19,122.0,3479,26.4,5.539808917,0,0,99.578025608733,False,176.0,2021-07,LGB_medium,F2
2021-07-26,2021-07-25 16:00:00,2021-07-26 20:00:00,2021-07-26 20:15:00,e498e0850141d1eb6102944e8468072300bbf5f3c1006c2aea7368b94d11c906,80,20,98.0,19,25.9,0.04679803,0,0,92.38536745150455,False,176.0,2021-07,LGB_medium,F2
2021-07-26,2021-07-25 16:00:00,2021-07-26 20:15:00,2021-07-26 20:30:00,e498e0850141d1eb6102944e8468072300bbf5f3c1006c2aea7368b94d11c906,81,20,103.0,19,25.9,0.04679803,0,0,92.19585936361007,False,176.0,2021-07,LGB_medium,F2
2021-07-26,2021-07-25 16:00:00,2021-07-26 20:30:00,2021-07-26 20:45:00,e498e0850141d1eb6102944e8468072300bbf5f3c1006c2aea7368b94d11c906,82,20,103.0,19,25.9,0.04679803,0,0,100.40039528838469,False,176.0,2021-07,LGB_medium,F2
2021-07-26,2021-07-25 16:00:00,2021-07-26 20:45:00,2021-07-26 21:00:00,e498e0850141d1eb6102944e8468072300bbf5f3c1006c2aea7368b94d11c906,83,20,102.0,19,25.9,0.04679803,0,0,99.51024924560609,False,176.0,2021-07,LGB_medium,F2
2021-07-26,2021-07-25 16:00:00,2021-07-26 21:00:00,2021-07-26 21:15:00,e498e0850141d1eb6102944e8468072300bbf5f3c1006c2aea7368b94d11c906,84,21,105.0,0,25.6,0.0,0,0,98.67764709791624,False,176.0,2021-07,LGB_medium,F2
2021-07-26,2021-07-25 16:00:00,2021-07-26 21:15:00,2021-07-26 21:30:00,e498e0850141d1eb6102944e8468072300bbf5f3c1006c2aea7368b94d11c906,85,21,108.0,0,25.6,0.0,0,0,93.7236142963159,False,176.0,2021-07,LGB_medium,F2
2021-07-26,2021-07-25 16:00:00,2021-07-26 21:30:00,2021-07-26 21:45:00,e498e0850141d1eb6102944e8468072300bbf5f3c1006c2aea7368b94d11c906,86,21,116.0,0,25.6,0.0,0,0,98.34804999764272,False,176.0,2021-07,LGB_medium,F2
2021-07-26,2021-07-25 16:00:00,2021-07-26 21:45:00,2021-07-26 22:00:00,e498e0850141d1eb6102944e8468072300bbf5f3c1006c2aea7368b94d11c906,87,21,110.0,0,25.6,0.0,0,0,91.1676655729973,False,176.0,2021-07,LGB_medium,F2
2021-07-26,2021-07-25 16:00:00,2021-07-26 22:00:00,2021-07-26 22:15:00,e498e0850141d1eb6102944e8468072300bbf5f3c1006c2aea7368b94d11c906,88,22,96.0,132,24.9,0.301369863,0,0,81.87678779740295,False,176.0,2021-07,LGB_medium,F2
2021-07-26,2021-07-25 16:00:00,2021-07-26 22:15:00,2021-07-26 22:30:00,e498e0850141d1eb6102944e8468072300bbf5f3c1006c2aea7368b94d11c906,89,22,112.0,132,24.9,0.301369863,0,0,90.17915560288728,False,176.0,2021-07,LGB_medium,F2
2021-07-26,2021-07-25 16:00:00,2021-07-26 22:30:00,2021-07-26 22:45:00,e498e0850141d1eb6102944e8468072300bbf5f3c1006c2aea7368b94d11c906,90,22,116.0,132,24.9,0.301369863,0,0,90.70680964195509,False,176.0,2021-07,LGB_medium,F2
2021-07-26,2021-07-25 16:00:00,2021-07-26 22:45:00,2021-07-26 23:00:00,e498e0850141d1eb6102944e8468072300bbf5f3c1006c2aea7368b94d11c906,91,22,114.0,132,24.9,0.301369863,0,0,92.84989198729748,False,176.0,2021-07,LGB_medium,F2
2021-07-26,2021-07-25 16:00:00,2021-07-26 23:00:00,2021-07-26 23:15:00,e498e0850141d1eb6102944e8468072300bbf5f3c1006c2aea7368b94d11c906,92,23,106.0,48,24.7,0.126315789,0,0,90.25636683029383,False,176.0,2021-07,LGB_medium,F2
2021-07-26,2021-07-25 16:00:00,2021-07-26 23:15:00,2021-07-26 23:30:00,e498e0850141d1eb6102944e8468072300bbf5f3c1006c2aea7368b94d11c906,93,23,107.0,48,24.7,0.126315789,0,0,89.58254590371199,False,176.0,2021-07,LGB_medium,F2
2021-07-26,2021-07-25 16:00:00,2021-07-26 23:30:00,2021-07-26 23:45:00,e498e0850141d1eb6102944e8468072300bbf5f3c1006c2aea7368b94d11c906,94,23,95.0,48,24.7,0.126315789,0,0,82.70719106719126,False,176.0,2021-07,LGB_medium,F2
2021-07-26,2021-07-25 16:00:00,2021-07-26 23:45:00,2021-07-27 00:00:00,e498e0850141d1eb6102944e8468072300bbf5f3c1006c2aea7368b94d11c906,95,23,72.0,48,24.7,0.126315789,0,0,70.56302518769387,False,176.0,2021-07,LGB_medium,F2
2021-07-27,2021-07-26 16:00:00,2021-07-27 00:00:00,2021-07-27 00:15:00,da8114dd6157d3658d6c439a6cf7870005b770ed8b84649956d042e8fb7c1306,0,0,70.0,89,24.8,0.327205882,0,1,57.360278589121585,False,176.0,2021-07,LGB_medium,F2
2021-07-27,2021-07-26 16:00:00,2021-07-27 00:15:00,2021-07-27 00:30:00,da8114dd6157d3658d6c439a6cf7870005b770ed8b84649956d042e8fb7c1306,1,0,70.0,89,24.8,0.327205882,0,1,55.057888854703975,False,176.0,2021-07,LGB_medium,F2
2021-07-27,2021-07-26 16:00:00,2021-07-27 00:30:00,2021-07-27 00:45:00,da8114dd6157d3658d6c439a6cf7870005b770ed8b84649956d042e8fb7c1306,2,0,67.0,89,24.8,0.327205882,0,1,54.73740793443692,False,176.0,2021-07,LGB_medium,F2
2021-07-27,2021-07-26 16:00:00,2021-07-27 00:45:00,2021-07-27 01:00:00,da8114dd6157d3658d6c439a6cf7870005b770ed8b84649956d042e8fb7c1306,3,0,65.0,89,24.8,0.327205882,0,1,55.15488184754303,False,176.0,2021-07,LGB_medium,F2
2021-07-27,2021-07-26 16:00:00,2021-07-27 01:00:00,2021-07-27 01:15:00,da8114dd6157d3658d6c439a6cf7870005b770ed8b84649956d042e8fb7c1306,4,1,84.0,63,24.4,0.15403423,0,1,62.13443111807354,False,176.0,2021-07,LGB_medium,F2
2021-07-27,2021-07-26 16:00:00,2021-07-27 01:15:00,2021-07-27 01:30:00,da8114dd6157d3658d6c439a6cf7870005b770ed8b84649956d042e8fb7c1306,5,1,106.0,63,24.4,0.15403423,0,1,62.89307743481277,False,176.0,2021-07,LGB_medium,F2
2021-07-27,2021-07-26 16:00:00,2021-07-27 01:30:00,2021-07-27 01:45:00,da8114dd6157d3658d6c439a6cf7870005b770ed8b84649956d042e8fb7c1306,6,1,109.0,63,24.4,0.15403423,0,1,67.28435170762945,False,176.0,2021-07,LGB_medium,F2
2021-07-27,2021-07-26 16:00:00,2021-07-27 01:45:00,2021-07-27 02:00:00,da8114dd6157d3658d6c439a6cf7870005b770ed8b84649956d042e8fb7c1306,7,1,110.0,63,24.4,0.15403423,0,1,64.67875463188948,False,176.0,2021-07,LGB_medium,F2
2021-07-27,2021-07-26 16:00:00,2021-07-27 02:00:00,2021-07-27 02:15:00,da8114dd6157d3658d6c439a6cf7870005b770ed8b84649956d042e8fb7c1306,8,2,116.0,4,23.9,0.008695652,0,1,64.64492774126634,False,176.0,2021-07,LGB_medium,F2
2021-07-27,2021-07-26 16:00:00,2021-07-27 02:15:00,2021-07-27 02:30:00,da8114dd6157d3658d6c439a6cf7870005b770ed8b84649956d042e8fb7c1306,9,2,113.0,4,23.9,0.008695652,0,1,65.29313533611247,False,176.0,2021-07,LGB_medium,F2
2021-07-27,2021-07-26 16:00:00,2021-07-27 02:30:00,2021-07-27 02:45:00,da8114dd6157d3658d6c439a6cf7870005b770ed8b84649956d042e8fb7c1306,10,2,119.0,4,23.9,0.008695652,0,1,61.77832862553722,False,176.0,2021-07,LGB_medium,F2
2021-07-27,2021-07-26 16:00:00,2021-07-27 02:45:00,2021-07-27 03:00:00,da8114dd6157d3658d6c439a6cf7870005b770ed8b84649956d042e8fb7c1306,11,2,112.0,4,23.9,0.008695652,0,1,63.81321777859298,False,176.0,2021-07,LGB_medium,F2
2021-07-27,2021-07-26 16:00:00,2021-07-27 03:00:00,2021-07-27 03:15:00,da8114dd6157d3658d6c439a6cf7870005b770ed8b84649956d042e8fb7c1306,12,3,95.0,74,23.5,0.175771971,0,1,67.69847267674571,False,176.0,2021-07,LGB_medium,F2
2021-07-27,2021-07-26 16:00:00,2021-07-27 03:15:00,2021-07-27 03:30:00,da8114dd6157d3658d6c439a6cf7870005b770ed8b84649956d042e8fb7c1306,13,3,109.0,74,23.5,0.175771971,0,1,65.68255935894456,False,176.0,2021-07,LGB_medium,F2
2021-07-27,2021-07-26 16:00:00,2021-07-27 03:30:00,2021-07-27 03:45:00,da8114dd6157d3658d6c439a6cf7870005b770ed8b84649956d042e8fb7c1306,14,3,111.0,74,23.5,0.175771971,0,1,69.0123874448979,False,176.0,2021-07,LGB_medium,F2
2021-07-27,2021-07-26 16:00:00,2021-07-27 03:45:00,2021-07-27 04:00:00,da8114dd6157d3658d6c439a6cf7870005b770ed8b84649956d042e8fb7c1306,15,3,106.0,74,23.5,0.175771971,0,1,68.28815643468457,False,176.0,2021-07,LGB_medium,F2
2021-07-27,2021-07-26 16:00:00,2021-07-27 04:00:00,2021-07-27 04:15:00,da8114dd6157d3658d6c439a6cf7870005b770ed8b84649956d042e8fb7c1306,16,4,114.0,36,23.4,0.083140878,0,1,68.2030217015084,False,176.0,2021-07,LGB_medium,F2
2021-07-27,2021-07-26 16:00:00,2021-07-27 04:15:00,2021-07-27 04:30:00,da8114dd6157d3658d6c439a6cf7870005b770ed8b84649956d042e8fb7c1306,17,4,113.0,36,23.4,0.083140878,0,1,67.80470237996673,False,176.0,2021-07,LGB_medium,F2
2021-07-27,2021-07-26 16:00:00,2021-07-27 04:30:00,2021-07-27 04:45:00,da8114dd6157d3658d6c439a6cf7870005b770ed8b84649956d042e8fb7c1306,18,4,110.0,36,23.4,0.083140878,0,1,65.72629630013112,False,176.0,2021-07,LGB_medium,F2
2021-07-27,2021-07-26 16:00:00,2021-07-27 04:45:00,2021-07-27 05:00:00,da8114dd6157d3658d6c439a6cf7870005b770ed8b84649956d042e8fb7c1306,19,4,96.0,36,23.4,0.083140878,0,1,63.615843820926315,False,176.0,2021-07,LGB_medium,F2
2021-07-27,2021-07-26 16:00:00,2021-07-27 05:00:00,2021-07-27 05:15:00,da8114dd6157d3658d6c439a6cf7870005b770ed8b84649956d042e8fb7c1306,20,5,81.0,2,23.5,0.005633803,0,1,63.73493647680734,False,176.0,2021-07,LGB_medium,F2
2021-07-27,2021-07-26 16:00:00,2021-07-27 05:15:00,2021-07-27 05:30:00,da8114dd6157d3658d6c439a6cf7870005b770ed8b84649956d042e8fb7c1306,21,5,76.0,2,23.5,0.005633803,0,1,64.16084538889481,False,176.0,2021-07,LGB_medium,F2
2021-07-27,2021-07-26 16:00:00,2021-07-27 05:30:00,2021-07-27 05:45:00,da8114dd6157d3658d6c439a6cf7870005b770ed8b84649956d042e8fb7c1306,22,5,92.0,2,23.5,0.005633803,0,1,64.34664485652968,False,176.0,2021-07,LGB_medium,F2
2021-07-27,2021-07-26 16:00:00,2021-07-27 05:45:00,2021-07-27 06:00:00,da8114dd6157d3658d6c439a6cf7870005b770ed8b84649956d042e8fb7c1306,23,5,106.0,2,23.5,0.005633803,0,1,64.5999210715364,False,176.0,2021-07,LGB_medium,F2
2021-07-27,2021-07-26 16:00:00,2021-07-27 06:00:00,2021-07-27 06:15:00,da8114dd6157d3658d6c439a6cf7870005b770ed8b84649956d042e8fb7c1306,24,6,111.0,229,24.9,0.543942993,0,1,67.75239581505146,False,176.0,2021-07,LGB_medium,F2
2021-07-27,2021-07-26 16:00:00,2021-07-27 06:15:00,2021-07-27 06:30:00,da8114dd6157d3658d6c439a6cf7870005b770ed8b84649956d042e8fb7c1306,25,6,109.0,229,24.9,0.543942993,0,1,67.00421396354206,False,176.0,2021-07,LGB_medium,F2
2021-07-27,2021-07-26 16:00:00,2021-07-27 06:30:00,2021-07-27 06:45:00,da8114dd6157d3658d6c439a6cf7870005b770ed8b84649956d042e8fb7c1306,26,6,103.0,229,24.9,0.543942993,0,1,67.64998486594122,False,176.0,2021-07,LGB_medium,F2
2021-07-27,2021-07-26 16:00:00,2021-07-27 06:45:00,2021-07-27 07:00:00,da8114dd6157d3658d6c439a6cf7870005b770ed8b84649956d042e8fb7c1306,27,6,98.0,229,24.9,0.543942993,0,1,66.68489482432344,False,176.0,2021-07,LGB_medium,F2
2021-07-27,2021-07-26 16:00:00,2021-07-27 07:00:00,2021-07-27 07:15:00,da8114dd6157d3658d6c439a6cf7870005b770ed8b84649956d042e8fb7c1306,28,7,104.0,1262,27.1,2.358878505,0,1,67.3446837609519,False,176.0,2021-07,LGB_medium,F2
2021-07-27,2021-07-26 16:00:00,2021-07-27 07:15:00,2021-07-27 07:30:00,da8114dd6157d3658d6c439a6cf7870005b770ed8b84649956d042e8fb7c1306,29,7,122.0,1262,27.1,2.358878505,0,1,72.7190989175519,False,176.0,2021-07,LGB_medium,F2
2021-07-27,2021-07-26 16:00:00,2021-07-27 07:30:00,2021-07-27 07:45:00,da8114dd6157d3658d6c439a6cf7870005b770ed8b84649956d042e8fb7c1306,30,7,148.0,1262,27.1,2.358878505,0,1,117.34323489745188,False,176.0,2021-07,LGB_medium,F2
2021-07-27,2021-07-26 16:00:00,2021-07-27 07:45:00,2021-07-27 08:00:00,da8114dd6157d3658d6c439a6cf7870005b770ed8b84649956d042e8fb7c1306,31,7,161.0,1262,27.1,2.358878505,0,1,112.58878194844438,False,176.0,2021-07,LGB_medium,F2
2021-07-27,2021-07-26 16:00:00,2021-07-27 08:00:00,2021-07-27 08:15:00,da8114dd6157d3658d6c439a6cf7870005b770ed8b84649956d042e8fb7c1306,32,8,179.0,1862,27.8,2.402580645,0,1,128.61952813997829,False,176.0,2021-07,LGB_medium,F2
2021-07-27,2021-07-26 16:00:00,2021-07-27 08:15:00,2021-07-27 08:30:00,da8114dd6157d3658d6c439a6cf7870005b770ed8b84649956d042e8fb7c1306,33,8,207.0,1862,27.8,2.402580645,0,1,135.3585140844354,False,176.0,2021-07,LGB_medium,F2
2021-07-27,2021-07-26 16:00:00,2021-07-27 08:30:00,2021-07-27 08:45:00,da8114dd6157d3658d6c439a6cf7870005b770ed8b84649956d042e8fb7c1306,34,8,202.0,1862,27.8,2.402580645,0,1,135.3585140844354,False,176.0,2021-07,LGB_medium,F2
2021-07-27,2021-07-26 16:00:00,2021-07-27 08:45:00,2021-07-27 09:00:00,da8114dd6157d3658d6c439a6cf7870005b770ed8b84649956d042e8fb7c1306,35,8,187.0,1862,27.8,2.402580645,0,1,135.13621614657063,False,176.0,2021-07,LGB_medium,F2
2021-07-27,2021-07-26 16:00:00,2021-07-27 09:00:00,2021-07-27 09:15:00,da8114dd6157d3658d6c439a6cf7870005b770ed8b84649956d042e8fb7c1306,36,9,171.0,593,29.9,0.820193638,0,1,131.2663231566979,False,176.0,2021-07,LGB_medium,F2
2021-07-27,2021-07-26 16:00:00,2021-07-27 09:15:00,2021-07-27 09:30:00,da8114dd6157d3658d6c439a6cf7870005b770ed8b84649956d042e8fb7c1306,37,9,172.0,593,29.9,0.820193638,0,1,129.56377848653014,False,176.0,2021-07,LGB_medium,F2
2021-07-27,2021-07-26 16:00:00,2021-07-27 09:30:00,2021-07-27 09:45:00,da8114dd6157d3658d6c439a6cf7870005b770ed8b84649956d042e8fb7c1306,38,9,188.0,593,29.9,0.820193638,0,1,127.91366155567242,False,176.0,2021-07,LGB_medium,F2
2021-07-27,2021-07-26 16:00:00,2021-07-27 09:45:00,2021-07-27 10:00:00,da8114dd6157d3658d6c439a6cf7870005b770ed8b84649956d042e8fb7c1306,39,9,192.0,593,29.9,0.820193638,0,1,130.36013905584184,False,176.0,2021-07,LGB_medium,F2
2021-07-27,2021-07-26 16:00:00,2021-07-27 10:00:00,2021-07-27 10:15:00,da8114dd6157d3658d6c439a6cf7870005b770ed8b84649956d042e8fb7c1306,40,10,152.0,976,30.0,1.296148738,0,1,126.3155204400775,False,176.0,2021-07,LGB_medium,F2
2021-07-27,2021-07-26 16:00:00,2021-07-27 10:15:00,2021-07-27 10:30:00,da8114dd6157d3658d6c439a6cf7870005b770ed8b84649956d042e8fb7c1306,41,10,194.0,976,30.0,1.296148738,0,1,131.76583560050034,False,176.0,2021-07,LGB_medium,F2
2021-07-27,2021-07-26 16:00:00,2021-07-27 10:30:00,2021-07-27 10:45:00,da8114dd6157d3658d6c439a6cf7870005b770ed8b84649956d042e8fb7c1306,42,10,206.0,976,30.0,1.296148738,0,1,132.21249636565213,False,176.0,2021-07,LGB_medium,F2
2021-07-27,2021-07-26 16:00:00,2021-07-27 10:45:00,2021-07-27 11:00:00,da8114dd6157d3658d6c439a6cf7870005b770ed8b84649956d042e8fb7c1306,43,10,201.0,976,30.0,1.296148738,0,1,131.93387250231683,False,176.0,2021-07,LGB_medium,F2
2021-07-27,2021-07-26 16:00:00,2021-07-27 11:00:00,2021-07-27 11:15:00,da8114dd6157d3658d6c439a6cf7870005b770ed8b84649956d042e8fb7c1306,44,11,203.0,857,30.7,1.036275695,0,1,130.77779872773004,False,176.0,2021-07,LGB_medium,F2
2021-07-27,2021-07-26 16:00:00,2021-07-27 11:15:00,2021-07-27 11:30:00,da8114dd6157d3658d6c439a6cf7870005b770ed8b84649956d042e8fb7c1306,45,11,210.0,857,30.7,1.036275695,0,1,126.49498383273144,False,176.0,2021-07,LGB_medium,F2
2021-07-27,2021-07-26 16:00:00,2021-07-27 11:30:00,2021-07-27 11:45:00,da8114dd6157d3658d6c439a6cf7870005b770ed8b84649956d042e8fb7c1306,46,11,211.0,857,30.7,1.036275695,0,1,123.32596054704992,False,176.0,2021-07,LGB_medium,F2
2021-07-27,2021-07-26 16:00:00,2021-07-27 11:45:00,2021-07-27 12:00:00,da8114dd6157d3658d6c439a6cf7870005b770ed8b84649956d042e8fb7c1306,47,11,203.0,857,30.7,1.036275695,0,1,122.80441179672529,False,176.0,2021-07,LGB_medium,F2
2021-07-27,2021-07-26 16:00:00,2021-07-27 12:00:00,2021-07-27 12:15:00,da8114dd6157d3658d6c439a6cf7870005b770ed8b84649956d042e8fb7c1306,48,12,124.0,184,30.0,0.420091324,0,1,87.80339840522198,False,176.0,2021-07,LGB_medium,F2
2021-07-27,2021-07-26 16:00:00,2021-07-27 12:15:00,2021-07-27 12:30:00,da8114dd6157d3658d6c439a6cf7870005b770ed8b84649956d042e8fb7c1306,49,12,97.0,184,30.0,0.420091324,0,1,68.56430035739086,False,176.0,2021-07,LGB_medium,F2
2021-07-27,2021-07-26 16:00:00,2021-07-27 12:30:00,2021-07-27 12:45:00,da8114dd6157d3658d6c439a6cf7870005b770ed8b84649956d042e8fb7c1306,50,12,105.0,184,30.0,0.420091324,0,1,66.7572288141484,False,176.0,2021-07,LGB_medium,F2
2021-07-27,2021-07-26 16:00:00,2021-07-27 12:45:00,2021-07-27 13:00:00,da8114dd6157d3658d6c439a6cf7870005b770ed8b84649956d042e8fb7c1306,51,12,112.0,184,30.0,0.420091324,0,1,71.15548174504084,False,176.0,2021-07,LGB_medium,F2
2021-07-27,2021-07-26 16:00:00,2021-07-27 13:00:00,2021-07-27 13:15:00,da8114dd6157d3658d6c439a6cf7870005b770ed8b84649956d042e8fb7c1306,52,13,156.0,606,29.7,0.833562586,0,1,120.96274293102104,False,176.0,2021-07,LGB_medium,F2
2021-07-27,2021-07-26 16:00:00,2021-07-27 13:15:00,2021-07-27 13:30:00,da8114dd6157d3658d6c439a6cf7870005b770ed8b84649956d042e8fb7c1306,53,13,186.0,606,29.7,0.833562586,0,1,125.83636749979911,False,176.0,2021-07,LGB_medium,F2
2021-07-27,2021-07-26 16:00:00,2021-07-27 13:30:00,2021-07-27 13:45:00,da8114dd6157d3658d6c439a6cf7870005b770ed8b84649956d042e8fb7c1306,54,13,187.0,606,29.7,0.833562586,0,1,126.99565071163991,False,176.0,2021-07,LGB_medium,F2
2021-07-27,2021-07-26 16:00:00,2021-07-27 13:45:00,2021-07-27 14:00:00,da8114dd6157d3658d6c439a6cf7870005b770ed8b84649956d042e8fb7c1306,55,13,198.0,606,29.7,0.833562586,0,1,129.28749862913762,False,176.0,2021-07,LGB_medium,F2
2021-07-27,2021-07-26 16:00:00,2021-07-27 14:00:00,2021-07-27 14:15:00,da8114dd6157d3658d6c439a6cf7870005b770ed8b84649956d042e8fb7c1306,56,14,194.0,1654,29.6,2.120512821,0,1,125.68400972490943,False,176.0,2021-07,LGB_medium,F2
2021-07-27,2021-07-26 16:00:00,2021-07-27 14:15:00,2021-07-27 14:30:00,da8114dd6157d3658d6c439a6cf7870005b770ed8b84649956d042e8fb7c1306,57,14,192.0,1654,29.6,2.120512821,0,1,122.73164482663361,False,176.0,2021-07,LGB_medium,F2
2021-07-27,2021-07-26 16:00:00,2021-07-27 14:30:00,2021-07-27 14:45:00,da8114dd6157d3658d6c439a6cf7870005b770ed8b84649956d042e8fb7c1306,58,14,199.0,1654,29.6,2.120512821,0,1,122.40824097633225,False,176.0,2021-07,LGB_medium,F2
2021-07-27,2021-07-26 16:00:00,2021-07-27 14:45:00,2021-07-27 15:00:00,da8114dd6157d3658d6c439a6cf7870005b770ed8b84649956d042e8fb7c1306,59,14,195.0,1654,29.6,2.120512821,0,1,122.40040712563469,False,176.0,2021-07,LGB_medium,F2
2021-07-27,2021-07-26 16:00:00,2021-07-27 15:00:00,2021-07-27 15:15:00,da8114dd6157d3658d6c439a6cf7870005b770ed8b84649956d042e8fb7c1306,60,15,155.0,1224,29.2,1.707112971,0,1,112.0526255872562,False,176.0,2021-07,LGB_medium,F2
2021-07-27,2021-07-26 16:00:00,2021-07-27 15:15:00,2021-07-27 15:30:00,da8114dd6157d3658d6c439a6cf7870005b770ed8b84649956d042e8fb7c1306,61,15,162.0,1224,29.2,1.707112971,0,1,112.37924477826101,False,176.0,2021-07,LGB_medium,F2
2021-07-27,2021-07-26 16:00:00,2021-07-27 15:30:00,2021-07-27 15:45:00,da8114dd6157d3658d6c439a6cf7870005b770ed8b84649956d042e8fb7c1306,62,15,199.0,1224,29.2,1.707112971,0,1,122.76083212943048,False,176.0,2021-07,LGB_medium,F2
2021-07-27,2021-07-26 16:00:00,2021-07-27 15:45:00,2021-07-27 16:00:00,da8114dd6157d3658d6c439a6cf7870005b770ed8b84649956d042e8fb7c1306,63,15,201.0,1224,29.2,1.707112971,0,1,125.45835492505181,False,176.0,2021-07,LGB_medium,F2
2021-07-27,2021-07-26 16:00:00,2021-07-27 16:00:00,2021-07-27 16:15:00,da8114dd6157d3658d6c439a6cf7870005b770ed8b84649956d042e8fb7c1306,64,16,184.0,1271,28.6,1.710632571,0,1,123.68816176925131,False,176.0,2021-07,LGB_medium,F2
2021-07-27,2021-07-26 16:00:00,2021-07-27 16:15:00,2021-07-27 16:30:00,da8114dd6157d3658d6c439a6cf7870005b770ed8b84649956d042e8fb7c1306,65,16,186.0,1271,28.6,1.710632571,0,1,120.51676687114025,False,176.0,2021-07,LGB_medium,F2
2021-07-27,2021-07-26 16:00:00,2021-07-27 16:30:00,2021-07-27 16:45:00,da8114dd6157d3658d6c439a6cf7870005b770ed8b84649956d042e8fb7c1306,66,16,187.0,1271,28.6,1.710632571,0,1,119.81584955308942,False,176.0,2021-07,LGB_medium,F2
2021-07-27,2021-07-26 16:00:00,2021-07-27 16:45:00,2021-07-27 17:00:00,da8114dd6157d3658d6c439a6cf7870005b770ed8b84649956d042e8fb7c1306,67,16,186.0,1271,28.6,1.710632571,0,1,120.30371530524025,False,176.0,2021-07,LGB_medium,F2
2021-07-27,2021-07-26 16:00:00,2021-07-27 17:00:00,2021-07-27 17:15:00,da8114dd6157d3658d6c439a6cf7870005b770ed8b84649956d042e8fb7c1306,68,17,143.0,350,28.4,0.551181102,0,1,73.38614872663203,False,176.0,2021-07,LGB_medium,F2
2021-07-27,2021-07-26 16:00:00,2021-07-27 17:15:00,2021-07-27 17:30:00,da8114dd6157d3658d6c439a6cf7870005b770ed8b84649956d042e8fb7c1306,69,17,136.0,350,28.4,0.551181102,0,1,71.54446800110912,False,176.0,2021-07,LGB_medium,F2
2021-07-27,2021-07-26 16:00:00,2021-07-27 17:30:00,2021-07-27 17:45:00,da8114dd6157d3658d6c439a6cf7870005b770ed8b84649956d042e8fb7c1306,70,17,172.0,350,28.4,0.551181102,0,1,110.31495920176857,False,176.0,2021-07,LGB_medium,F2
2021-07-27,2021-07-26 16:00:00,2021-07-27 17:45:00,2021-07-27 18:00:00,da8114dd6157d3658d6c439a6cf7870005b770ed8b84649956d042e8fb7c1306,71,17,184.0,350,28.4,0.551181102,0,1,121.71585997663321,False,176.0,2021-07,LGB_medium,F2
2021-07-27,2021-07-26 16:00:00,2021-07-27 18:00:00,2021-07-27 18:15:00,da8114dd6157d3658d6c439a6cf7870005b770ed8b84649956d042e8fb7c1306,72,18,170.0,5796,27.1,8.586666667,0,1,122.74253311109052,False,176.0,2021-07,LGB_medium,F2
2021-07-27,2021-07-26 16:00:00,2021-07-27 18:15:00,2021-07-27 18:30:00,da8114dd6157d3658d6c439a6cf7870005b770ed8b84649956d042e8fb7c1306,73,18,159.0,5796,27.1,8.586666667,0,1,123.20303022436684,False,176.0,2021-07,LGB_medium,F2
2021-07-27,2021-07-26 16:00:00,2021-07-27 18:30:00,2021-07-27 18:45:00,da8114dd6157d3658d6c439a6cf7870005b770ed8b84649956d042e8fb7c1306,74,18,172.0,5796,27.1,8.586666667,0,1,120.45385356834707,False,176.0,2021-07,LGB_medium,F2
2021-07-27,2021-07-26 16:00:00,2021-07-27 18:45:00,2021-07-27 19:00:00,da8114dd6157d3658d6c439a6cf7870005b770ed8b84649956d042e8fb7c1306,75,18,174.0,5796,27.1,8.586666667,0,1,118.51578723558563,False,176.0,2021-07,LGB_medium,F2
2021-07-27,2021-07-26 16:00:00,2021-07-27 19:00:00,2021-07-27 19:15:00,da8114dd6157d3658d6c439a6cf7870005b770ed8b84649956d042e8fb7c1306,76,19,172.0,3392,26.4,5.025185185,0,1,118.46684671263363,False,176.0,2021-07,LGB_medium,F2
2021-07-27,2021-07-26 16:00:00,2021-07-27 19:15:00,2021-07-27 19:30:00,da8114dd6157d3658d6c439a6cf7870005b770ed8b84649956d042e8fb7c1306,77,19,162.0,3392,26.4,5.025185185,0,1,117.79794407278217,False,176.0,2021-07,LGB_medium,F2
2021-07-27,2021-07-26 16:00:00,2021-07-27 19:30:00,2021-07-27 19:45:00,da8114dd6157d3658d6c439a6cf7870005b770ed8b84649956d042e8fb7c1306,78,19,180.0,3392,26.4,5.025185185,0,1,117.44172451428686,False,176.0,2021-07,LGB_medium,F2
2021-07-27,2021-07-26 16:00:00,2021-07-27 19:45:00,2021-07-27 20:00:00,da8114dd6157d3658d6c439a6cf7870005b770ed8b84649956d042e8fb7c1306,79,19,161.0,3392,26.4,5.025185185,0,1,115.9150596929821,False,176.0,2021-07,LGB_medium,F2
2021-07-27,2021-07-26 16:00:00,2021-07-27 20:00:00,2021-07-27 20:15:00,da8114dd6157d3658d6c439a6cf7870005b770ed8b84649956d042e8fb7c1306,80,20,146.0,2,26.0,0.003478261,0,1,70.92788463680948,False,176.0,2021-07,LGB_medium,F2
2021-07-27,2021-07-26 16:00:00,2021-07-27 20:15:00,2021-07-27 20:30:00,da8114dd6157d3658d6c439a6cf7870005b770ed8b84649956d042e8fb7c1306,81,20,147.0,2,26.0,0.003478261,0,1,71.0019792245594,False,176.0,2021-07,LGB_medium,F2
2021-07-27,2021-07-26 16:00:00,2021-07-27 20:30:00,2021-07-27 20:45:00,da8114dd6157d3658d6c439a6cf7870005b770ed8b84649956d042e8fb7c1306,82,20,141.0,2,26.0,0.003478261,0,1,72.69639170753035,False,176.0,2021-07,LGB_medium,F2
2021-07-27,2021-07-26 16:00:00,2021-07-27 20:45:00,2021-07-27 21:00:00,da8114dd6157d3658d6c439a6cf7870005b770ed8b84649956d042e8fb7c1306,83,20,141.0,2,26.0,0.003478261,0,1,73.59022276841421,False,176.0,2021-07,LGB_medium,F2
2021-07-27,2021-07-26 16:00:00,2021-07-27 21:00:00,2021-07-27 21:15:00,da8114dd6157d3658d6c439a6cf7870005b770ed8b84649956d042e8fb7c1306,84,21,144.0,8,25.6,0.013937282,0,1,73.41373033311777,False,176.0,2021-07,LGB_medium,F2
2021-07-27,2021-07-26 16:00:00,2021-07-27 21:15:00,2021-07-27 21:30:00,da8114dd6157d3658d6c439a6cf7870005b770ed8b84649956d042e8fb7c1306,85,21,138.0,8,25.6,0.013937282,0,1,70.52499123958714,False,176.0,2021-07,LGB_medium,F2
2021-07-27,2021-07-26 16:00:00,2021-07-27 21:30:00,2021-07-27 21:45:00,da8114dd6157d3658d6c439a6cf7870005b770ed8b84649956d042e8fb7c1306,86,21,144.0,8,25.6,0.013937282,0,1,73.9217439559676,False,176.0,2021-07,LGB_medium,F2
2021-07-27,2021-07-26 16:00:00,2021-07-27 21:45:00,2021-07-27 22:00:00,da8114dd6157d3658d6c439a6cf7870005b770ed8b84649956d042e8fb7c1306,87,21,148.0,8,25.6,0.013937282,0,1,68.97994595871576,False,176.0,2021-07,LGB_medium,F2
2021-07-27,2021-07-26 16:00:00,2021-07-27 22:00:00,2021-07-27 22:15:00,da8114dd6157d3658d6c439a6cf7870005b770ed8b84649956d042e8fb7c1306,88,22,131.0,41,25.0,0.079303675,0,1,68.32275760143222,False,176.0,2021-07,LGB_medium,F2
2021-07-27,2021-07-26 16:00:00,2021-07-27 22:15:00,2021-07-27 22:30:00,da8114dd6157d3658d6c439a6cf7870005b770ed8b84649956d042e8fb7c1306,89,22,132.0,41,25.0,0.079303675,0,1,70.26923941784148,False,176.0,2021-07,LGB_medium,F2
2021-07-27,2021-07-26 16:00:00,2021-07-27 22:30:00,2021-07-27 22:45:00,da8114dd6157d3658d6c439a6cf7870005b770ed8b84649956d042e8fb7c1306,90,22,127.0,41,25.0,0.079303675,0,1,68.4313710852064,False,176.0,2021-07,LGB_medium,F2
2021-07-27,2021-07-26 16:00:00,2021-07-27 22:45:00,2021-07-27 23:00:00,da8114dd6157d3658d6c439a6cf7870005b770ed8b84649956d042e8fb7c1306,91,22,127.0,41,25.0,0.079303675,0,1,70.65891773889317,False,176.0,2021-07,LGB_medium,F2
2021-07-27,2021-07-26 16:00:00,2021-07-27 23:00:00,2021-07-27 23:15:00,da8114dd6157d3658d6c439a6cf7870005b770ed8b84649956d042e8fb7c1306,92,23,139.0,201,24.7,0.413580247,0,1,67.93750119571972,False,176.0,2021-07,LGB_medium,F2
2021-07-27,2021-07-26 16:00:00,2021-07-27 23:15:00,2021-07-27 23:30:00,da8114dd6157d3658d6c439a6cf7870005b770ed8b84649956d042e8fb7c1306,93,23,138.0,201,24.7,0.413580247,0,1,66.2913793511518,False,176.0,2021-07,LGB_medium,F2
2021-07-27,2021-07-26 16:00:00,2021-07-27 23:30:00,2021-07-27 23:45:00,da8114dd6157d3658d6c439a6cf7870005b770ed8b84649956d042e8fb7c1306,94,23,116.0,201,24.7,0.413580247,0,1,65.32177496158936,False,176.0,2021-07,LGB_medium,F2
2021-07-27,2021-07-26 16:00:00,2021-07-27 23:45:00,2021-07-28 00:00:00,da8114dd6157d3658d6c439a6cf7870005b770ed8b84649956d042e8fb7c1306,95,23,93.0,201,24.7,0.413580247,0,1,57.497601127369414,False,176.0,2021-07,LGB_medium,F2
2021-07-28,2021-07-27 16:00:00,2021-07-28 00:00:00,2021-07-28 00:15:00,0c908e4442e44ccefdcb1f0eaf272d40329f19c4800fc519cf6d6c555a3c672e,0,0,91.0,1158,24.1,3.308571429,0,2,58.24578225093459,False,176.0,2021-07,LGB_medium,F2
2021-07-28,2021-07-27 16:00:00,2021-07-28 00:15:00,2021-07-28 00:30:00,0c908e4442e44ccefdcb1f0eaf272d40329f19c4800fc519cf6d6c555a3c672e,1,0,88.0,1158,24.1,3.308571429,0,2,68.14618240893695,False,176.0,2021-07,LGB_medium,F2
2021-07-28,2021-07-27 16:00:00,2021-07-28 00:30:00,2021-07-28 00:45:00,0c908e4442e44ccefdcb1f0eaf272d40329f19c4800fc519cf6d6c555a3c672e,2,0,86.0,1158,24.1,3.308571429,0,2,66.0119057227631,False,176.0,2021-07,LGB_medium,F2
2021-07-28,2021-07-27 16:00:00,2021-07-28 00:45:00,2021-07-28 01:00:00,0c908e4442e44ccefdcb1f0eaf272d40329f19c4800fc519cf6d6c555a3c672e,3,0,85.0,1158,24.1,3.308571429,0,2,66.2916866602773,False,176.0,2021-07,LGB_medium,F2
2021-07-28,2021-07-27 16:00:00,2021-07-28 01:00:00,2021-07-28 01:15:00,0c908e4442e44ccefdcb1f0eaf272d40329f19c4800fc519cf6d6c555a3c672e,4,1,110.0,83,23.8,0.171134021,0,2,55.21280391558476,False,176.0,2021-07,LGB_medium,F2
2021-07-28,2021-07-27 16:00:00,2021-07-28 01:15:00,2021-07-28 01:30:00,0c908e4442e44ccefdcb1f0eaf272d40329f19c4800fc519cf6d6c555a3c672e,5,1,123.0,83,23.8,0.171134021,0,2,65.76904007132637,False,176.0,2021-07,LGB_medium,F2
2021-07-28,2021-07-27 16:00:00,2021-07-28 01:30:00,2021-07-28 01:45:00,0c908e4442e44ccefdcb1f0eaf272d40329f19c4800fc519cf6d6c555a3c672e,6,1,130.0,83,23.8,0.171134021,0,2,68.28578419610976,False,176.0,2021-07,LGB_medium,F2
2021-07-28,2021-07-27 16:00:00,2021-07-28 01:45:00,2021-07-28 02:00:00,0c908e4442e44ccefdcb1f0eaf272d40329f19c4800fc519cf6d6c555a3c672e,7,1,122.0,83,23.8,0.171134021,0,2,66.64644833423459,False,176.0,2021-07,LGB_medium,F2
2021-07-28,2021-07-27 16:00:00,2021-07-28 02:00:00,2021-07-28 02:15:00,0c908e4442e44ccefdcb1f0eaf272d40329f19c4800fc519cf6d6c555a3c672e,8,2,119.0,4,24.1,0.008385744,0,2,82.53163591858194,False,176.0,2021-07,LGB_medium,F2
2021-07-28,2021-07-27 16:00:00,2021-07-28 02:15:00,2021-07-28 02:30:00,0c908e4442e44ccefdcb1f0eaf272d40329f19c4800fc519cf6d6c555a3c672e,9,2,113.0,4,24.1,0.008385744,0,2,67.98095581711736,False,176.0,2021-07,LGB_medium,F2
2021-07-28,2021-07-27 16:00:00,2021-07-28 02:30:00,2021-07-28 02:45:00,0c908e4442e44ccefdcb1f0eaf272d40329f19c4800fc519cf6d6c555a3c672e,10,2,115.0,4,24.1,0.008385744,0,2,65.64155544785743,False,176.0,2021-07,LGB_medium,F2
2021-07-28,2021-07-27 16:00:00,2021-07-28 02:45:00,2021-07-28 03:00:00,0c908e4442e44ccefdcb1f0eaf272d40329f19c4800fc519cf6d6c555a3c672e,11,2,130.0,4,24.1,0.008385744,0,2,62.4872420792856,False,176.0,2021-07,LGB_medium,F2
2021-07-28,2021-07-27 16:00:00,2021-07-28 03:00:00,2021-07-28 03:15:00,0c908e4442e44ccefdcb1f0eaf272d40329f19c4800fc519cf6d6c555a3c672e,12,3,109.0,308,23.9,0.631147541,0,2,73.16268750008842,False,176.0,2021-07,LGB_medium,F2
2021-07-28,2021-07-27 16:00:00,2021-07-28 03:15:00,2021-07-28 03:30:00,0c908e4442e44ccefdcb1f0eaf272d40329f19c4800fc519cf6d6c555a3c672e,13,3,124.0,308,23.9,0.631147541,0,2,66.53871052471318,False,176.0,2021-07,LGB_medium,F2
2021-07-28,2021-07-27 16:00:00,2021-07-28 03:30:00,2021-07-28 03:45:00,0c908e4442e44ccefdcb1f0eaf272d40329f19c4800fc519cf6d6c555a3c672e,14,3,128.0,308,23.9,0.631147541,0,2,69.11902206087869,False,176.0,2021-07,LGB_medium,F2
2021-07-28,2021-07-27 16:00:00,2021-07-28 03:45:00,2021-07-28 04:00:00,0c908e4442e44ccefdcb1f0eaf272d40329f19c4800fc519cf6d6c555a3c672e,15,3,127.0,308,23.9,0.631147541,0,2,69.53232137207632,False,176.0,2021-07,LGB_medium,F2
2021-07-28,2021-07-27 16:00:00,2021-07-28 04:00:00,2021-07-28 04:15:00,0c908e4442e44ccefdcb1f0eaf272d40329f19c4800fc519cf6d6c555a3c672e,16,4,119.0,177,23.3,0.371848739,0,2,69.1761851505309,False,176.0,2021-07,LGB_medium,F2
2021-07-28,2021-07-27 16:00:00,2021-07-28 04:15:00,2021-07-28 04:30:00,0c908e4442e44ccefdcb1f0eaf272d40329f19c4800fc519cf6d6c555a3c672e,17,4,123.0,177,23.3,0.371848739,0,2,69.82081582909022,False,176.0,2021-07,LGB_medium,F2
2021-07-28,2021-07-27 16:00:00,2021-07-28 04:30:00,2021-07-28 04:45:00,0c908e4442e44ccefdcb1f0eaf272d40329f19c4800fc519cf6d6c555a3c672e,18,4,116.0,177,23.3,0.371848739,0,2,68.05241236559662,False,176.0,2021-07,LGB_medium,F2
2021-07-28,2021-07-27 16:00:00,2021-07-28 04:45:00,2021-07-28 05:00:00,0c908e4442e44ccefdcb1f0eaf272d40329f19c4800fc519cf6d6c555a3c672e,19,4,118.0,177,23.3,0.371848739,0,2,67.54556555942177,False,176.0,2021-07,LGB_medium,F2
2021-07-28,2021-07-27 16:00:00,2021-07-28 05:00:00,2021-07-28 05:15:00,0c908e4442e44ccefdcb1f0eaf272d40329f19c4800fc519cf6d6c555a3c672e,20,5,97.0,56,23.6,0.133333333,0,2,71.32089996326027,False,176.0,2021-07,LGB_medium,F2
2021-07-28,2021-07-27 16:00:00,2021-07-28 05:15:00,2021-07-28 05:30:00,0c908e4442e44ccefdcb1f0eaf272d40329f19c4800fc519cf6d6c555a3c672e,21,5,91.0,56,23.6,0.133333333,0,2,78.5524605638975,False,176.0,2021-07,LGB_medium,F2
2021-07-28,2021-07-27 16:00:00,2021-07-28 05:30:00,2021-07-28 05:45:00,0c908e4442e44ccefdcb1f0eaf272d40329f19c4800fc519cf6d6c555a3c672e,22,5,113.0,56,23.6,0.133333333,0,2,58.767087304587605,False,176.0,2021-07,LGB_medium,F2
2021-07-28,2021-07-27 16:00:00,2021-07-28 05:45:00,2021-07-28 06:00:00,0c908e4442e44ccefdcb1f0eaf272d40329f19c4800fc519cf6d6c555a3c672e,23,5,119.0,56,23.6,0.133333333,0,2,68.01615032938564,False,176.0,2021-07,LGB_medium,F2
2021-07-28,2021-07-27 16:00:00,2021-07-28 06:00:00,2021-07-28 06:15:00,0c908e4442e44ccefdcb1f0eaf272d40329f19c4800fc519cf6d6c555a3c672e,24,6,123.0,52,25.2,0.105263158,0,2,67.89240073571692,False,176.0,2021-07,LGB_medium,F2
2021-07-28,2021-07-27 16:00:00,2021-07-28 06:15:00,2021-07-28 06:30:00,0c908e4442e44ccefdcb1f0eaf272d40329f19c4800fc519cf6d6c555a3c672e,25,6,122.0,52,25.2,0.105263158,0,2,66.00083604608479,False,176.0,2021-07,LGB_medium,F2
2021-07-28,2021-07-27 16:00:00,2021-07-28 06:30:00,2021-07-28 06:45:00,0c908e4442e44ccefdcb1f0eaf272d40329f19c4800fc519cf6d6c555a3c672e,26,6,122.0,52,25.2,0.105263158,0,2,64.77371991892798,False,176.0,2021-07,LGB_medium,F2
2021-07-28,2021-07-27 16:00:00,2021-07-28 06:45:00,2021-07-28 07:00:00,0c908e4442e44ccefdcb1f0eaf272d40329f19c4800fc519cf6d6c555a3c672e,27,6,127.0,52,25.2,0.105263158,0,2,65.06827304496477,False,176.0,2021-07,LGB_medium,F2
2021-07-28,2021-07-27 16:00:00,2021-07-28 07:00:00,2021-07-28 07:15:00,0c908e4442e44ccefdcb1f0eaf272d40329f19c4800fc519cf6d6c555a3c672e,28,7,132.0,1841,26.2,2.950320513,0,2,65.82537781579575,False,176.0,2021-07,LGB_medium,F2
2021-07-28,2021-07-27 16:00:00,2021-07-28 07:15:00,2021-07-28 07:30:00,0c908e4442e44ccefdcb1f0eaf272d40329f19c4800fc519cf6d6c555a3c672e,29,7,144.0,1841,26.2,2.950320513,0,2,72.38173037043605,False,176.0,2021-07,LGB_medium,F2
2021-07-28,2021-07-27 16:00:00,2021-07-28 07:30:00,2021-07-28 07:45:00,0c908e4442e44ccefdcb1f0eaf272d40329f19c4800fc519cf6d6c555a3c672e,30,7,174.0,1841,26.2,2.950320513,0,2,109.22951118474107,False,176.0,2021-07,LGB_medium,F2
2021-07-28,2021-07-27 16:00:00,2021-07-28 07:45:00,2021-07-28 08:00:00,0c908e4442e44ccefdcb1f0eaf272d40329f19c4800fc519cf6d6c555a3c672e,31,7,174.0,1841,26.2,2.950320513,0,2,116.9950223148936,False,176.0,2021-07,LGB_medium,F2
2021-07-28,2021-07-27 16:00:00,2021-07-28 08:00:00,2021-07-28 08:15:00,0c908e4442e44ccefdcb1f0eaf272d40329f19c4800fc519cf6d6c555a3c672e,32,8,187.0,2013,27.2,2.544879899,0,2,120.79510268392875,False,176.0,2021-07,LGB_medium,F2
2021-07-28,2021-07-27 16:00:00,2021-07-28 08:15:00,2021-07-28 08:30:00,0c908e4442e44ccefdcb1f0eaf272d40329f19c4800fc519cf6d6c555a3c672e,33,8,200.0,2013,27.2,2.544879899,0,2,126.79837556719113,False,176.0,2021-07,LGB_medium,F2
2021-07-28,2021-07-27 16:00:00,2021-07-28 08:30:00,2021-07-28 08:45:00,0c908e4442e44ccefdcb1f0eaf272d40329f19c4800fc519cf6d6c555a3c672e,34,8,200.0,2013,27.2,2.544879899,0,2,126.79837556719113,False,176.0,2021-07,LGB_medium,F2
2021-07-28,2021-07-27 16:00:00,2021-07-28 08:45:00,2021-07-28 09:00:00,0c908e4442e44ccefdcb1f0eaf272d40329f19c4800fc519cf6d6c555a3c672e,35,8,204.0,2013,27.2,2.544879899,0,2,126.66856611905935,False,176.0,2021-07,LGB_medium,F2
2021-07-28,2021-07-27 16:00:00,2021-07-28 09:00:00,2021-07-28 09:15:00,0c908e4442e44ccefdcb1f0eaf272d40329f19c4800fc519cf6d6c555a3c672e,36,9,192.0,2284,29.0,2.880201765,0,2,121.91728377041696,False,176.0,2021-07,LGB_medium,F2
2021-07-28,2021-07-27 16:00:00,2021-07-28 09:15:00,2021-07-28 09:30:00,0c908e4442e44ccefdcb1f0eaf272d40329f19c4800fc519cf6d6c555a3c672e,37,9,198.0,2284,29.0,2.880201765,0,2,120.1099936831916,False,176.0,2021-07,LGB_medium,F2
2021-07-28,2021-07-27 16:00:00,2021-07-28 09:30:00,2021-07-28 09:45:00,0c908e4442e44ccefdcb1f0eaf272d40329f19c4800fc519cf6d6c555a3c672e,38,9,199.0,2284,29.0,2.880201765,0,2,125.08932824288807,False,176.0,2021-07,LGB_medium,F2
2021-07-28,2021-07-27 16:00:00,2021-07-28 09:45:00,2021-07-28 10:00:00,0c908e4442e44ccefdcb1f0eaf272d40329f19c4800fc519cf6d6c555a3c672e,39,9,204.0,2284,29.0,2.880201765,0,2,121.25070580662546,False,176.0,2021-07,LGB_medium,F2
2021-07-28,2021-07-27 16:00:00,2021-07-28 10:00:00,2021-07-28 10:15:00,0c908e4442e44ccefdcb1f0eaf272d40329f19c4800fc519cf6d6c555a3c672e,40,10,160.0,1029,30.5,1.368351064,0,2,116.50046502997007,False,176.0,2021-07,LGB_medium,F2
2021-07-28,2021-07-27 16:00:00,2021-07-28 10:15:00,2021-07-28 10:30:00,0c908e4442e44ccefdcb1f0eaf272d40329f19c4800fc519cf6d6c555a3c672e,41,10,196.0,1029,30.5,1.368351064,0,2,121.21714919084692,False,176.0,2021-07,LGB_medium,F2
2021-07-28,2021-07-27 16:00:00,2021-07-28 10:30:00,2021-07-28 10:45:00,0c908e4442e44ccefdcb1f0eaf272d40329f19c4800fc519cf6d6c555a3c672e,42,10,194.0,1029,30.5,1.368351064,0,2,121.91418598068009,False,176.0,2021-07,LGB_medium,F2
2021-07-28,2021-07-27 16:00:00,2021-07-28 10:45:00,2021-07-28 11:00:00,0c908e4442e44ccefdcb1f0eaf272d40329f19c4800fc519cf6d6c555a3c672e,43,10,202.0,1029,30.5,1.368351064,0,2,120.94000771190649,False,176.0,2021-07,LGB_medium,F2
2021-07-28,2021-07-27 16:00:00,2021-07-28 11:00:00,2021-07-28 11:15:00,0c908e4442e44ccefdcb1f0eaf272d40329f19c4800fc519cf6d6c555a3c672e,44,11,202.0,2429,31.0,2.926506024,0,2,120.19772230832149,False,176.0,2021-07,LGB_medium,F2
2021-07-28,2021-07-27 16:00:00,2021-07-28 11:15:00,2021-07-28 11:30:00,0c908e4442e44ccefdcb1f0eaf272d40329f19c4800fc519cf6d6c555a3c672e,45,11,211.0,2429,31.0,2.926506024,0,2,122.00679271263918,False,176.0,2021-07,LGB_medium,F2
2021-07-28,2021-07-27 16:00:00,2021-07-28 11:30:00,2021-07-28 11:45:00,0c908e4442e44ccefdcb1f0eaf272d40329f19c4800fc519cf6d6c555a3c672e,46,11,205.0,2429,31.0,2.926506024,0,2,118.36410062593835,False,176.0,2021-07,LGB_medium,F2
2021-07-28,2021-07-27 16:00:00,2021-07-28 11:45:00,2021-07-28 12:00:00,0c908e4442e44ccefdcb1f0eaf272d40329f19c4800fc519cf6d6c555a3c672e,47,11,212.0,2429,31.0,2.926506024,0,2,117.78187251305233,False,176.0,2021-07,LGB_medium,F2
2021-07-28,2021-07-27 16:00:00,2021-07-28 12:00:00,2021-07-28 12:15:00,0c908e4442e44ccefdcb1f0eaf272d40329f19c4800fc519cf6d6c555a3c672e,48,12,145.0,296,30.8,0.612836439,0,2,116.14368842094143,False,176.0,2021-07,LGB_medium,F2
2021-07-28,2021-07-27 16:00:00,2021-07-28 12:15:00,2021-07-28 12:30:00,0c908e4442e44ccefdcb1f0eaf272d40329f19c4800fc519cf6d6c555a3c672e,49,12,111.0,296,30.8,0.612836439,0,2,64.46155810965936,False,176.0,2021-07,LGB_medium,F2
2021-07-28,2021-07-27 16:00:00,2021-07-28 12:30:00,2021-07-28 12:45:00,0c908e4442e44ccefdcb1f0eaf272d40329f19c4800fc519cf6d6c555a3c672e,50,12,111.0,296,30.8,0.612836439,0,2,58.91837466425779,False,176.0,2021-07,LGB_medium,F2
2021-07-28,2021-07-27 16:00:00,2021-07-28 12:45:00,2021-07-28 13:00:00,0c908e4442e44ccefdcb1f0eaf272d40329f19c4800fc519cf6d6c555a3c672e,51,12,116.0,296,30.8,0.612836439,0,2,61.594431381001414,False,176.0,2021-07,LGB_medium,F2
2021-07-28,2021-07-27 16:00:00,2021-07-28 13:00:00,2021-07-28 13:15:00,0c908e4442e44ccefdcb1f0eaf272d40329f19c4800fc519cf6d6c555a3c672e,52,13,178.0,1488,30.2,1.915057915,0,2,119.83313611677251,False,176.0,2021-07,LGB_medium,F2
2021-07-28,2021-07-27 16:00:00,2021-07-28 13:15:00,2021-07-28 13:30:00,0c908e4442e44ccefdcb1f0eaf272d40329f19c4800fc519cf6d6c555a3c672e,53,13,200.0,1488,30.2,1.915057915,0,2,118.53899206750768,False,176.0,2021-07,LGB_medium,F2
2021-07-28,2021-07-27 16:00:00,2021-07-28 13:30:00,2021-07-28 13:45:00,0c908e4442e44ccefdcb1f0eaf272d40329f19c4800fc519cf6d6c555a3c672e,54,13,200.0,1488,30.2,1.915057915,0,2,118.46697681286687,False,176.0,2021-07,LGB_medium,F2
2021-07-28,2021-07-27 16:00:00,2021-07-28 13:45:00,2021-07-28 14:00:00,0c908e4442e44ccefdcb1f0eaf272d40329f19c4800fc519cf6d6c555a3c672e,55,13,199.0,1488,30.2,1.915057915,0,2,117.71975978504021,False,176.0,2021-07,LGB_medium,F2
2021-07-28,2021-07-27 16:00:00,2021-07-28 14:00:00,2021-07-28 14:15:00,0c908e4442e44ccefdcb1f0eaf272d40329f19c4800fc519cf6d6c555a3c672e,56,14,190.0,1197,29.5,1.524840764,0,2,116.22575589720914,False,176.0,2021-07,LGB_medium,F2
2021-07-28,2021-07-27 16:00:00,2021-07-28 14:15:00,2021-07-28 14:30:00,0c908e4442e44ccefdcb1f0eaf272d40329f19c4800fc519cf6d6c555a3c672e,57,14,196.0,1197,29.5,1.524840764,0,2,118.46218868487644,False,176.0,2021-07,LGB_medium,F2
2021-07-28,2021-07-27 16:00:00,2021-07-28 14:30:00,2021-07-28 14:45:00,0c908e4442e44ccefdcb1f0eaf272d40329f19c4800fc519cf6d6c555a3c672e,58,14,203.0,1197,29.5,1.524840764,0,2,116.99463917234476,False,176.0,2021-07,LGB_medium,F2
2021-07-28,2021-07-27 16:00:00,2021-07-28 14:45:00,2021-07-28 15:00:00,0c908e4442e44ccefdcb1f0eaf272d40329f19c4800fc519cf6d6c555a3c672e,59,14,196.0,1197,29.5,1.524840764,0,2,118.01964918107068,False,176.0,2021-07,LGB_medium,F2
2021-07-28,2021-07-27 16:00:00,2021-07-28 15:00:00,2021-07-28 15:15:00,0c908e4442e44ccefdcb1f0eaf272d40329f19c4800fc519cf6d6c555a3c672e,60,15,135.0,300,28.6,0.465116279,0,2,115.44735981342014,False,176.0,2021-07,LGB_medium,F2
2021-07-28,2021-07-27 16:00:00,2021-07-28 15:15:00,2021-07-28 15:30:00,0c908e4442e44ccefdcb1f0eaf272d40329f19c4800fc519cf6d6c555a3c672e,61,15,143.0,300,28.6,0.465116279,0,2,119.06010094424214,False,176.0,2021-07,LGB_medium,F2
2021-07-28,2021-07-27 16:00:00,2021-07-28 15:30:00,2021-07-28 15:45:00,0c908e4442e44ccefdcb1f0eaf272d40329f19c4800fc519cf6d6c555a3c672e,62,15,187.0,300,28.6,0.465116279,0,2,130.51358785329566,False,176.0,2021-07,LGB_medium,F2
2021-07-28,2021-07-27 16:00:00,2021-07-28 15:45:00,2021-07-28 16:00:00,0c908e4442e44ccefdcb1f0eaf272d40329f19c4800fc519cf6d6c555a3c672e,63,15,180.0,300,28.6,0.465116279,0,2,129.73966678187364,False,176.0,2021-07,LGB_medium,F2
2021-07-28,2021-07-27 16:00:00,2021-07-28 16:00:00,2021-07-28 16:15:00,0c908e4442e44ccefdcb1f0eaf272d40329f19c4800fc519cf6d6c555a3c672e,64,16,181.0,2747,29.5,3.958213256,0,2,113.21962626963948,False,176.0,2021-07,LGB_medium,F2
2021-07-28,2021-07-27 16:00:00,2021-07-28 16:15:00,2021-07-28 16:30:00,0c908e4442e44ccefdcb1f0eaf272d40329f19c4800fc519cf6d6c555a3c672e,65,16,177.0,2747,29.5,3.958213256,0,2,112.43365543492168,False,176.0,2021-07,LGB_medium,F2
2021-07-28,2021-07-27 16:00:00,2021-07-28 16:30:00,2021-07-28 16:45:00,0c908e4442e44ccefdcb1f0eaf272d40329f19c4800fc519cf6d6c555a3c672e,66,16,171.0,2747,29.5,3.958213256,0,2,111.05329325894189,False,176.0,2021-07,LGB_medium,F2
2021-07-28,2021-07-27 16:00:00,2021-07-28 16:45:00,2021-07-28 17:00:00,0c908e4442e44ccefdcb1f0eaf272d40329f19c4800fc519cf6d6c555a3c672e,67,16,165.0,2747,29.5,3.958213256,0,2,110.32996557967192,False,176.0,2021-07,LGB_medium,F2
2021-07-28,2021-07-27 16:00:00,2021-07-28 17:00:00,2021-07-28 17:15:00,0c908e4442e44ccefdcb1f0eaf272d40329f19c4800fc519cf6d6c555a3c672e,68,17,123.0,682,28.7,1.159863946,0,2,66.41032792702804,False,176.0,2021-07,LGB_medium,F2
2021-07-28,2021-07-27 16:00:00,2021-07-28 17:15:00,2021-07-28 17:30:00,0c908e4442e44ccefdcb1f0eaf272d40329f19c4800fc519cf6d6c555a3c672e,69,17,106.0,682,28.7,1.159863946,0,2,60.200296537891646,False,176.0,2021-07,LGB_medium,F2
2021-07-28,2021-07-27 16:00:00,2021-07-28 17:30:00,2021-07-28 17:45:00,0c908e4442e44ccefdcb1f0eaf272d40329f19c4800fc519cf6d6c555a3c672e,70,17,169.0,682,28.7,1.159863946,0,2,112.74771688241763,False,176.0,2021-07,LGB_medium,F2
2021-07-28,2021-07-27 16:00:00,2021-07-28 17:45:00,2021-07-28 18:00:00,0c908e4442e44ccefdcb1f0eaf272d40329f19c4800fc519cf6d6c555a3c672e,71,17,190.0,682,28.7,1.159863946,0,2,113.5760840221848,False,176.0,2021-07,LGB_medium,F2
2021-07-28,2021-07-27 16:00:00,2021-07-28 18:00:00,2021-07-28 18:15:00,0c908e4442e44ccefdcb1f0eaf272d40329f19c4800fc519cf6d6c555a3c672e,72,18,190.0,1952,27.4,2.663028649,0,2,114.05730620789694,False,176.0,2021-07,LGB_medium,F2
2021-07-28,2021-07-27 16:00:00,2021-07-28 18:15:00,2021-07-28 18:30:00,0c908e4442e44ccefdcb1f0eaf272d40329f19c4800fc519cf6d6c555a3c672e,73,18,177.0,1952,27.4,2.663028649,0,2,112.19070942074681,False,176.0,2021-07,LGB_medium,F2
2021-07-28,2021-07-27 16:00:00,2021-07-28 18:30:00,2021-07-28 18:45:00,0c908e4442e44ccefdcb1f0eaf272d40329f19c4800fc519cf6d6c555a3c672e,74,18,181.0,1952,27.4,2.663028649,0,2,111.30226024636218,False,176.0,2021-07,LGB_medium,F2
2021-07-28,2021-07-27 16:00:00,2021-07-28 18:45:00,2021-07-28 19:00:00,0c908e4442e44ccefdcb1f0eaf272d40329f19c4800fc519cf6d6c555a3c672e,75,18,185.0,1952,27.4,2.663028649,0,2,111.12098585904866,False,176.0,2021-07,LGB_medium,F2
2021-07-28,2021-07-27 16:00:00,2021-07-28 19:00:00,2021-07-28 19:15:00,0c908e4442e44ccefdcb1f0eaf272d40329f19c4800fc519cf6d6c555a3c672e,76,19,175.0,3635,26.5,6.018211921,0,2,118.80511386080586,False,176.0,2021-07,LGB_medium,F2
2021-07-28,2021-07-27 16:00:00,2021-07-28 19:15:00,2021-07-28 19:30:00,0c908e4442e44ccefdcb1f0eaf272d40329f19c4800fc519cf6d6c555a3c672e,77,19,152.0,3635,26.5,6.018211921,0,2,118.53838204016714,False,176.0,2021-07,LGB_medium,F2
2021-07-28,2021-07-27 16:00:00,2021-07-28 19:30:00,2021-07-28 19:45:00,0c908e4442e44ccefdcb1f0eaf272d40329f19c4800fc519cf6d6c555a3c672e,78,19,153.0,3635,26.5,6.018211921,0,2,119.53111402800899,False,176.0,2021-07,LGB_medium,F2
2021-07-28,2021-07-27 16:00:00,2021-07-28 19:45:00,2021-07-28 20:00:00,0c908e4442e44ccefdcb1f0eaf272d40329f19c4800fc519cf6d6c555a3c672e,79,19,124.0,3635,26.5,6.018211921,0,2,106.38689893743863,False,176.0,2021-07,LGB_medium,F2
2021-07-28,2021-07-27 16:00:00,2021-07-28 20:00:00,2021-07-28 20:15:00,0c908e4442e44ccefdcb1f0eaf272d40329f19c4800fc519cf6d6c555a3c672e,80,20,104.0,308,26.0,0.721311475,0,2,59.787026086430785,False,176.0,2021-07,LGB_medium,F2
2021-07-28,2021-07-27 16:00:00,2021-07-28 20:15:00,2021-07-28 20:30:00,0c908e4442e44ccefdcb1f0eaf272d40329f19c4800fc519cf6d6c555a3c672e,81,20,110.0,308,26.0,0.721311475,0,2,77.11496487332244,False,176.0,2021-07,LGB_medium,F2
2021-07-28,2021-07-27 16:00:00,2021-07-28 20:30:00,2021-07-28 20:45:00,0c908e4442e44ccefdcb1f0eaf272d40329f19c4800fc519cf6d6c555a3c672e,82,20,100.0,308,26.0,0.721311475,0,2,65.74002750125315,False,176.0,2021-07,LGB_medium,F2
2021-07-28,2021-07-27 16:00:00,2021-07-28 20:45:00,2021-07-28 21:00:00,0c908e4442e44ccefdcb1f0eaf272d40329f19c4800fc519cf6d6c555a3c672e,83,20,113.0,308,26.0,0.721311475,0,2,64.93279825829661,False,176.0,2021-07,LGB_medium,F2
2021-07-28,2021-07-27 16:00:00,2021-07-28 21:00:00,2021-07-28 21:15:00,0c908e4442e44ccefdcb1f0eaf272d40329f19c4800fc519cf6d6c555a3c672e,84,21,115.0,21,25.9,0.047945205,0,2,61.37459784794835,False,176.0,2021-07,LGB_medium,F2
2021-07-28,2021-07-27 16:00:00,2021-07-28 21:15:00,2021-07-28 21:30:00,0c908e4442e44ccefdcb1f0eaf272d40329f19c4800fc519cf6d6c555a3c672e,85,21,104.0,21,25.9,0.047945205,0,2,59.84189611957143,False,176.0,2021-07,LGB_medium,F2
2021-07-28,2021-07-27 16:00:00,2021-07-28 21:30:00,2021-07-28 21:45:00,0c908e4442e44ccefdcb1f0eaf272d40329f19c4800fc519cf6d6c555a3c672e,86,21,108.0,21,25.9,0.047945205,0,2,61.37003875914541,False,176.0,2021-07,LGB_medium,F2
2021-07-28,2021-07-27 16:00:00,2021-07-28 21:45:00,2021-07-28 22:00:00,0c908e4442e44ccefdcb1f0eaf272d40329f19c4800fc519cf6d6c555a3c672e,87,21,111.0,21,25.9,0.047945205,0,2,60.730527888820745,False,176.0,2021-07,LGB_medium,F2
2021-07-28,2021-07-27 16:00:00,2021-07-28 22:00:00,2021-07-28 22:15:00,0c908e4442e44ccefdcb1f0eaf272d40329f19c4800fc519cf6d6c555a3c672e,88,22,95.0,189,24.9,0.458737864,0,2,78.06064634877211,False,176.0,2021-07,LGB_medium,F2
2021-07-28,2021-07-27 16:00:00,2021-07-28 22:15:00,2021-07-28 22:30:00,0c908e4442e44ccefdcb1f0eaf272d40329f19c4800fc519cf6d6c555a3c672e,89,22,107.0,189,24.9,0.458737864,0,2,58.401702439913144,False,176.0,2021-07,LGB_medium,F2
2021-07-28,2021-07-27 16:00:00,2021-07-28 22:30:00,2021-07-28 22:45:00,0c908e4442e44ccefdcb1f0eaf272d40329f19c4800fc519cf6d6c555a3c672e,90,22,101.0,189,24.9,0.458737864,0,2,59.981723834412776,False,176.0,2021-07,LGB_medium,F2
2021-07-28,2021-07-27 16:00:00,2021-07-28 22:45:00,2021-07-28 23:00:00,0c908e4442e44ccefdcb1f0eaf272d40329f19c4800fc519cf6d6c555a3c672e,91,22,109.0,189,24.9,0.458737864,0,2,59.81475511315364,False,176.0,2021-07,LGB_medium,F2
2021-07-28,2021-07-27 16:00:00,2021-07-28 23:00:00,2021-07-28 23:15:00,0c908e4442e44ccefdcb1f0eaf272d40329f19c4800fc519cf6d6c555a3c672e,92,23,116.0,36,24.6,0.087804878,0,2,56.024777031105685,False,176.0,2021-07,LGB_medium,F2
2021-07-28,2021-07-27 16:00:00,2021-07-28 23:15:00,2021-07-28 23:30:00,0c908e4442e44ccefdcb1f0eaf272d40329f19c4800fc519cf6d6c555a3c672e,93,23,111.0,36,24.6,0.087804878,0,2,57.85033691273947,False,176.0,2021-07,LGB_medium,F2
2021-07-28,2021-07-27 16:00:00,2021-07-28 23:30:00,2021-07-28 23:45:00,0c908e4442e44ccefdcb1f0eaf272d40329f19c4800fc519cf6d6c555a3c672e,94,23,103.0,36,24.6,0.087804878,0,2,53.801693368393124,False,176.0,2021-07,LGB_medium,F2
2021-07-28,2021-07-27 16:00:00,2021-07-28 23:45:00,2021-07-29 00:00:00,0c908e4442e44ccefdcb1f0eaf272d40329f19c4800fc519cf6d6c555a3c672e,95,23,80.0,36,24.6,0.087804878,0,2,64.63392511762355,False,176.0,2021-07,LGB_medium,F2
2021-07-29,2021-07-28 16:00:00,2021-07-29 00:00:00,2021-07-29 00:15:00,e4f4f910da5b981393d38fd74b3c97d0161234719167a8c0386a58acd9fb0a4c,0,0,68.0,0,24.0,0.0,0,3,70.67490329146494,False,176.0,2021-07,LGB_medium,F2
2021-07-29,2021-07-28 16:00:00,2021-07-29 00:15:00,2021-07-29 00:30:00,e4f4f910da5b981393d38fd74b3c97d0161234719167a8c0386a58acd9fb0a4c,1,0,70.0,0,24.0,0.0,0,3,70.67490329146494,False,176.0,2021-07,LGB_medium,F2
2021-07-29,2021-07-28 16:00:00,2021-07-29 00:30:00,2021-07-29 00:45:00,e4f4f910da5b981393d38fd74b3c97d0161234719167a8c0386a58acd9fb0a4c,2,0,67.0,0,24.0,0.0,0,3,69.30375864319109,False,176.0,2021-07,LGB_medium,F2
2021-07-29,2021-07-28 16:00:00,2021-07-29 00:45:00,2021-07-29 01:00:00,e4f4f910da5b981393d38fd74b3c97d0161234719167a8c0386a58acd9fb0a4c,3,0,67.0,0,24.0,0.0,0,3,70.19543833144117,False,176.0,2021-07,LGB_medium,F2
2021-07-29,2021-07-28 16:00:00,2021-07-29 01:00:00,2021-07-29 01:15:00,e4f4f910da5b981393d38fd74b3c97d0161234719167a8c0386a58acd9fb0a4c,4,1,98.0,313,23.5,0.709750567,0,3,62.66458624414444,False,176.0,2021-07,LGB_medium,F2
2021-07-29,2021-07-28 16:00:00,2021-07-29 01:15:00,2021-07-29 01:30:00,e4f4f910da5b981393d38fd74b3c97d0161234719167a8c0386a58acd9fb0a4c,5,1,118.0,313,23.5,0.709750567,0,3,59.67284199143234,False,176.0,2021-07,LGB_medium,F2
2021-07-29,2021-07-28 16:00:00,2021-07-29 01:30:00,2021-07-29 01:45:00,e4f4f910da5b981393d38fd74b3c97d0161234719167a8c0386a58acd9fb0a4c,6,1,116.0,313,23.5,0.709750567,0,3,68.27562606422768,False,176.0,2021-07,LGB_medium,F2
2021-07-29,2021-07-28 16:00:00,2021-07-29 01:45:00,2021-07-29 02:00:00,e4f4f910da5b981393d38fd74b3c97d0161234719167a8c0386a58acd9fb0a4c,7,1,109.0,313,23.5,0.709750567,0,3,68.27562606422768,False,176.0,2021-07,LGB_medium,F2
2021-07-29,2021-07-28 16:00:00,2021-07-29 02:00:00,2021-07-29 02:15:00,e4f4f910da5b981393d38fd74b3c97d0161234719167a8c0386a58acd9fb0a4c,8,2,103.0,206,23.1,0.466063348,0,3,61.98752541864258,False,176.0,2021-07,LGB_medium,F2
2021-07-29,2021-07-28 16:00:00,2021-07-29 02:15:00,2021-07-29 02:30:00,e4f4f910da5b981393d38fd74b3c97d0161234719167a8c0386a58acd9fb0a4c,9,2,118.0,206,23.1,0.466063348,0,3,71.49954745422835,False,176.0,2021-07,LGB_medium,F2
2021-07-29,2021-07-28 16:00:00,2021-07-29 02:30:00,2021-07-29 02:45:00,e4f4f910da5b981393d38fd74b3c97d0161234719167a8c0386a58acd9fb0a4c,10,2,115.0,206,23.1,0.466063348,0,3,66.28148260327656,False,176.0,2021-07,LGB_medium,F2
2021-07-29,2021-07-28 16:00:00,2021-07-29 02:45:00,2021-07-29 03:00:00,e4f4f910da5b981393d38fd74b3c97d0161234719167a8c0386a58acd9fb0a4c,11,2,106.0,206,23.1,0.466063348,0,3,60.88304909550489,False,176.0,2021-07,LGB_medium,F2
2021-07-29,2021-07-28 16:00:00,2021-07-29 03:00:00,2021-07-29 03:15:00,e4f4f910da5b981393d38fd74b3c97d0161234719167a8c0386a58acd9fb0a4c,12,3,91.0,49,23.5,0.111111111,0,3,69.67174411897399,False,176.0,2021-07,LGB_medium,F2
2021-07-29,2021-07-28 16:00:00,2021-07-29 03:15:00,2021-07-29 03:30:00,e4f4f910da5b981393d38fd74b3c97d0161234719167a8c0386a58acd9fb0a4c,13,3,116.0,49,23.5,0.111111111,0,3,69.7716010856604,False,176.0,2021-07,LGB_medium,F2
2021-07-29,2021-07-28 16:00:00,2021-07-29 03:30:00,2021-07-29 03:45:00,e4f4f910da5b981393d38fd74b3c97d0161234719167a8c0386a58acd9fb0a4c,14,3,117.0,49,23.5,0.111111111,0,3,70.05432290704181,False,176.0,2021-07,LGB_medium,F2
2021-07-29,2021-07-28 16:00:00,2021-07-29 03:45:00,2021-07-29 04:00:00,e4f4f910da5b981393d38fd74b3c97d0161234719167a8c0386a58acd9fb0a4c,15,3,117.0,49,23.5,0.111111111,0,3,69.7716010856604,False,176.0,2021-07,LGB_medium,F2
2021-07-29,2021-07-28 16:00:00,2021-07-29 04:00:00,2021-07-29 04:15:00,e4f4f910da5b981393d38fd74b3c97d0161234719167a8c0386a58acd9fb0a4c,16,4,113.0,100,23.4,0.225225225,0,3,65.23633502746776,False,176.0,2021-07,LGB_medium,F2
2021-07-29,2021-07-28 16:00:00,2021-07-29 04:15:00,2021-07-29 04:30:00,e4f4f910da5b981393d38fd74b3c97d0161234719167a8c0386a58acd9fb0a4c,17,4,110.0,100,23.4,0.225225225,0,3,69.40496050509127,False,176.0,2021-07,LGB_medium,F2
2021-07-29,2021-07-28 16:00:00,2021-07-29 04:30:00,2021-07-29 04:45:00,e4f4f910da5b981393d38fd74b3c97d0161234719167a8c0386a58acd9fb0a4c,18,4,116.0,100,23.4,0.225225225,0,3,69.16473983385113,False,176.0,2021-07,LGB_medium,F2
2021-07-29,2021-07-28 16:00:00,2021-07-29 04:45:00,2021-07-29 05:00:00,e4f4f910da5b981393d38fd74b3c97d0161234719167a8c0386a58acd9fb0a4c,19,4,105.0,100,23.4,0.225225225,0,3,67.23234480707262,False,176.0,2021-07,LGB_medium,F2
2021-07-29,2021-07-28 16:00:00,2021-07-29 05:00:00,2021-07-29 05:15:00,e4f4f910da5b981393d38fd74b3c97d0161234719167a8c0386a58acd9fb0a4c,20,5,85.0,156,23.8,0.414893617,0,3,78.05139048838022,False,176.0,2021-07,LGB_medium,F2
2021-07-29,2021-07-28 16:00:00,2021-07-29 05:15:00,2021-07-29 05:30:00,e4f4f910da5b981393d38fd74b3c97d0161234719167a8c0386a58acd9fb0a4c,21,5,73.0,156,23.8,0.414893617,0,3,78.97085169686198,False,176.0,2021-07,LGB_medium,F2
2021-07-29,2021-07-28 16:00:00,2021-07-29 05:30:00,2021-07-29 05:45:00,e4f4f910da5b981393d38fd74b3c97d0161234719167a8c0386a58acd9fb0a4c,22,5,99.0,156,23.8,0.414893617,0,3,67.79993578943713,False,176.0,2021-07,LGB_medium,F2
2021-07-29,2021-07-28 16:00:00,2021-07-29 05:45:00,2021-07-29 06:00:00,e4f4f910da5b981393d38fd74b3c97d0161234719167a8c0386a58acd9fb0a4c,23,5,119.0,156,23.8,0.414893617,0,3,70.02653637916207,False,176.0,2021-07,LGB_medium,F2
2021-07-29,2021-07-28 16:00:00,2021-07-29 06:00:00,2021-07-29 06:15:00,e4f4f910da5b981393d38fd74b3c97d0161234719167a8c0386a58acd9fb0a4c,24,6,121.0,94,26.0,0.202150538,0,3,72.3743995979096,False,176.0,2021-07,LGB_medium,F2
2021-07-29,2021-07-28 16:00:00,2021-07-29 06:15:00,2021-07-29 06:30:00,e4f4f910da5b981393d38fd74b3c97d0161234719167a8c0386a58acd9fb0a4c,25,6,121.0,94,26.0,0.202150538,0,3,71.07070848816585,False,176.0,2021-07,LGB_medium,F2
2021-07-29,2021-07-28 16:00:00,2021-07-29 06:30:00,2021-07-29 06:45:00,e4f4f910da5b981393d38fd74b3c97d0161234719167a8c0386a58acd9fb0a4c,26,6,112.0,94,26.0,0.202150538,0,3,69.46583091501196,False,176.0,2021-07,LGB_medium,F2
2021-07-29,2021-07-28 16:00:00,2021-07-29 06:45:00,2021-07-29 07:00:00,e4f4f910da5b981393d38fd74b3c97d0161234719167a8c0386a58acd9fb0a4c,27,6,111.0,94,26.0,0.202150538,0,3,69.01460431228772,False,176.0,2021-07,LGB_medium,F2
2021-07-29,2021-07-28 16:00:00,2021-07-29 07:00:00,2021-07-29 07:15:00,e4f4f910da5b981393d38fd74b3c97d0161234719167a8c0386a58acd9fb0a4c,28,7,121.0,925,27.0,1.645907473,0,3,66.0645538071879,False,176.0,2021-07,LGB_medium,F2
2021-07-29,2021-07-28 16:00:00,2021-07-29 07:15:00,2021-07-29 07:30:00,e4f4f910da5b981393d38fd74b3c97d0161234719167a8c0386a58acd9fb0a4c,29,7,133.0,925,27.0,1.645907473,0,3,75.44685530348283,False,176.0,2021-07,LGB_medium,F2
2021-07-29,2021-07-28 16:00:00,2021-07-29 07:30:00,2021-07-29 07:45:00,e4f4f910da5b981393d38fd74b3c97d0161234719167a8c0386a58acd9fb0a4c,30,7,149.0,925,27.0,1.645907473,0,3,85.23347890660659,False,176.0,2021-07,LGB_medium,F2
2021-07-29,2021-07-28 16:00:00,2021-07-29 07:45:00,2021-07-29 08:00:00,e4f4f910da5b981393d38fd74b3c97d0161234719167a8c0386a58acd9fb0a4c,31,7,159.0,925,27.0,1.645907473,0,3,122.7143884003524,False,176.0,2021-07,LGB_medium,F2
2021-07-29,2021-07-28 16:00:00,2021-07-29 08:00:00,2021-07-29 08:15:00,e4f4f910da5b981393d38fd74b3c97d0161234719167a8c0386a58acd9fb0a4c,32,8,175.0,909,28.6,1.182054616,0,3,134.04634492659696,False,176.0,2021-07,LGB_medium,F2
2021-07-29,2021-07-28 16:00:00,2021-07-29 08:15:00,2021-07-29 08:30:00,e4f4f910da5b981393d38fd74b3c97d0161234719167a8c0386a58acd9fb0a4c,33,8,189.0,909,28.6,1.182054616,0,3,136.2677415059267,False,176.0,2021-07,LGB_medium,F2
2021-07-29,2021-07-28 16:00:00,2021-07-29 08:30:00,2021-07-29 08:45:00,e4f4f910da5b981393d38fd74b3c97d0161234719167a8c0386a58acd9fb0a4c,34,8,201.0,909,28.6,1.182054616,0,3,136.2677415059267,False,176.0,2021-07,LGB_medium,F2
2021-07-29,2021-07-28 16:00:00,2021-07-29 08:45:00,2021-07-29 09:00:00,e4f4f910da5b981393d38fd74b3c97d0161234719167a8c0386a58acd9fb0a4c,35,8,204.0,909,28.6,1.182054616,0,3,136.16284041782498,False,176.0,2021-07,LGB_medium,F2
2021-07-29,2021-07-28 16:00:00,2021-07-29 09:00:00,2021-07-29 09:15:00,e4f4f910da5b981393d38fd74b3c97d0161234719167a8c0386a58acd9fb0a4c,36,9,195.0,1181,30.1,1.489281211,0,3,130.2769971757093,False,176.0,2021-07,LGB_medium,F2
2021-07-29,2021-07-28 16:00:00,2021-07-29 09:15:00,2021-07-29 09:30:00,e4f4f910da5b981393d38fd74b3c97d0161234719167a8c0386a58acd9fb0a4c,37,9,198.0,1181,30.1,1.489281211,0,3,129.57635768806014,False,176.0,2021-07,LGB_medium,F2
2021-07-29,2021-07-28 16:00:00,2021-07-29 09:30:00,2021-07-29 09:45:00,e4f4f910da5b981393d38fd74b3c97d0161234719167a8c0386a58acd9fb0a4c,38,9,205.0,1181,30.1,1.489281211,0,3,131.95533319000128,False,176.0,2021-07,LGB_medium,F2
2021-07-29,2021-07-28 16:00:00,2021-07-29 09:45:00,2021-07-29 10:00:00,e4f4f910da5b981393d38fd74b3c97d0161234719167a8c0386a58acd9fb0a4c,39,9,195.0,1181,30.1,1.489281211,0,3,131.91618652294454,False,176.0,2021-07,LGB_medium,F2
2021-07-29,2021-07-28 16:00:00,2021-07-29 10:00:00,2021-07-29 10:15:00,e4f4f910da5b981393d38fd74b3c97d0161234719167a8c0386a58acd9fb0a4c,40,10,161.0,884,30.5,1.183400268,0,3,113.93243586844589,False,176.0,2021-07,LGB_medium,F2
2021-07-29,2021-07-28 16:00:00,2021-07-29 10:15:00,2021-07-29 10:30:00,e4f4f910da5b981393d38fd74b3c97d0161234719167a8c0386a58acd9fb0a4c,41,10,187.0,884,30.5,1.183400268,0,3,131.6233673364539,False,176.0,2021-07,LGB_medium,F2
2021-07-29,2021-07-28 16:00:00,2021-07-29 10:30:00,2021-07-29 10:45:00,e4f4f910da5b981393d38fd74b3c97d0161234719167a8c0386a58acd9fb0a4c,42,10,196.0,884,30.5,1.183400268,0,3,131.36874017672542,False,176.0,2021-07,LGB_medium,F2
2021-07-29,2021-07-28 16:00:00,2021-07-29 10:45:00,2021-07-29 11:00:00,e4f4f910da5b981393d38fd74b3c97d0161234719167a8c0386a58acd9fb0a4c,43,10,203.0,884,30.5,1.183400268,0,3,131.09011631339013,False,176.0,2021-07,LGB_medium,F2
2021-07-29,2021-07-28 16:00:00,2021-07-29 11:00:00,2021-07-29 11:15:00,e4f4f910da5b981393d38fd74b3c97d0161234719167a8c0386a58acd9fb0a4c,44,11,207.0,1597,30.2,1.92641737,0,3,129.79429430416158,False,176.0,2021-07,LGB_medium,F2
2021-07-29,2021-07-28 16:00:00,2021-07-29 11:15:00,2021-07-29 11:30:00,e4f4f910da5b981393d38fd74b3c97d0161234719167a8c0386a58acd9fb0a4c,45,11,206.0,1597,30.2,1.92641737,0,3,126.56516990795,False,176.0,2021-07,LGB_medium,F2
2021-07-29,2021-07-28 16:00:00,2021-07-29 11:30:00,2021-07-29 11:45:00,e4f4f910da5b981393d38fd74b3c97d0161234719167a8c0386a58acd9fb0a4c,46,11,205.0,1597,30.2,1.92641737,0,3,125.59786116716076,False,176.0,2021-07,LGB_medium,F2
2021-07-29,2021-07-28 16:00:00,2021-07-29 11:45:00,2021-07-29 12:00:00,e4f4f910da5b981393d38fd74b3c97d0161234719167a8c0386a58acd9fb0a4c,47,11,211.0,1597,30.2,1.92641737,0,3,124.61852604606467,False,176.0,2021-07,LGB_medium,F2
2021-07-29,2021-07-28 16:00:00,2021-07-29 12:00:00,2021-07-29 12:15:00,e4f4f910da5b981393d38fd74b3c97d0161234719167a8c0386a58acd9fb0a4c,48,12,133.0,200,31.6,0.446428571,0,3,61.77190147034912,False,176.0,2021-07,LGB_medium,F2
2021-07-29,2021-07-28 16:00:00,2021-07-29 12:15:00,2021-07-29 12:30:00,e4f4f910da5b981393d38fd74b3c97d0161234719167a8c0386a58acd9fb0a4c,49,12,108.0,200,31.6,0.446428571,0,3,59.08957712595285,False,176.0,2021-07,LGB_medium,F2
2021-07-29,2021-07-28 16:00:00,2021-07-29 12:30:00,2021-07-29 12:45:00,e4f4f910da5b981393d38fd74b3c97d0161234719167a8c0386a58acd9fb0a4c,50,12,106.0,200,31.6,0.446428571,0,3,59.777180701124536,False,176.0,2021-07,LGB_medium,F2
2021-07-29,2021-07-28 16:00:00,2021-07-29 12:45:00,2021-07-29 13:00:00,e4f4f910da5b981393d38fd74b3c97d0161234719167a8c0386a58acd9fb0a4c,51,12,101.0,200,31.6,0.446428571,0,3,61.714010157182734,False,176.0,2021-07,LGB_medium,F2
2021-07-29,2021-07-28 16:00:00,2021-07-29 13:00:00,2021-07-29 13:15:00,e4f4f910da5b981393d38fd74b3c97d0161234719167a8c0386a58acd9fb0a4c,52,13,170.0,1480,31.6,1.929595828,0,3,112.04037712801787,False,176.0,2021-07,LGB_medium,F2
2021-07-29,2021-07-28 16:00:00,2021-07-29 13:15:00,2021-07-29 13:30:00,e4f4f910da5b981393d38fd74b3c97d0161234719167a8c0386a58acd9fb0a4c,53,13,196.0,1480,31.6,1.929595828,0,3,125.74620671630747,False,176.0,2021-07,LGB_medium,F2
2021-07-29,2021-07-28 16:00:00,2021-07-29 13:30:00,2021-07-29 13:45:00,e4f4f910da5b981393d38fd74b3c97d0161234719167a8c0386a58acd9fb0a4c,54,13,206.0,1480,31.6,1.929595828,0,3,126.24185357955217,False,176.0,2021-07,LGB_medium,F2
2021-07-29,2021-07-28 16:00:00,2021-07-29 13:45:00,2021-07-29 14:00:00,e4f4f910da5b981393d38fd74b3c97d0161234719167a8c0386a58acd9fb0a4c,55,13,195.0,1480,31.6,1.929595828,0,3,126.6272277066618,False,176.0,2021-07,LGB_medium,F2
2021-07-29,2021-07-28 16:00:00,2021-07-29 14:00:00,2021-07-29 14:15:00,e4f4f910da5b981393d38fd74b3c97d0161234719167a8c0386a58acd9fb0a4c,56,14,170.0,3092,30.7,4.128170895,0,3,125.23886562979476,False,176.0,2021-07,LGB_medium,F2
2021-07-29,2021-07-28 16:00:00,2021-07-29 14:15:00,2021-07-29 14:30:00,e4f4f910da5b981393d38fd74b3c97d0161234719167a8c0386a58acd9fb0a4c,57,14,187.0,3092,30.7,4.128170895,0,3,125.86522812751139,False,176.0,2021-07,LGB_medium,F2
2021-07-29,2021-07-28 16:00:00,2021-07-29 14:30:00,2021-07-29 14:45:00,e4f4f910da5b981393d38fd74b3c97d0161234719167a8c0386a58acd9fb0a4c,58,14,191.0,3092,30.7,4.128170895,0,3,125.59105410479879,False,176.0,2021-07,LGB_medium,F2
2021-07-29,2021-07-28 16:00:00,2021-07-29 14:45:00,2021-07-29 15:00:00,e4f4f910da5b981393d38fd74b3c97d0161234719167a8c0386a58acd9fb0a4c,59,14,201.0,3092,30.7,4.128170895,0,3,125.39700897606836,False,176.0,2021-07,LGB_medium,F2
2021-07-29,2021-07-28 16:00:00,2021-07-29 15:00:00,2021-07-29 15:15:00,e4f4f910da5b981393d38fd74b3c97d0161234719167a8c0386a58acd9fb0a4c,60,15,143.0,2184,30.3,3.339449541,0,3,112.79911329922511,False,176.0,2021-07,LGB_medium,F2
2021-07-29,2021-07-28 16:00:00,2021-07-29 15:15:00,2021-07-29 15:30:00,e4f4f910da5b981393d38fd74b3c97d0161234719167a8c0386a58acd9fb0a4c,61,15,147.0,2184,30.3,3.339449541,0,3,117.97996507927999,False,176.0,2021-07,LGB_medium,F2
2021-07-29,2021-07-28 16:00:00,2021-07-29 15:30:00,2021-07-29 15:45:00,e4f4f910da5b981393d38fd74b3c97d0161234719167a8c0386a58acd9fb0a4c,62,15,186.0,2184,30.3,3.339449541,0,3,125.89775347908359,False,176.0,2021-07,LGB_medium,F2
2021-07-29,2021-07-28 16:00:00,2021-07-29 15:45:00,2021-07-29 16:00:00,e4f4f910da5b981393d38fd74b3c97d0161234719167a8c0386a58acd9fb0a4c,63,15,178.0,2184,30.3,3.339449541,0,3,125.89775347908359,False,176.0,2021-07,LGB_medium,F2
2021-07-29,2021-07-28 16:00:00,2021-07-29 16:00:00,2021-07-29 16:15:00,e4f4f910da5b981393d38fd74b3c97d0161234719167a8c0386a58acd9fb0a4c,64,16,164.0,2656,29.7,4.006033183,0,3,124.6672851277411,False,176.0,2021-07,LGB_medium,F2
2021-07-29,2021-07-28 16:00:00,2021-07-29 16:15:00,2021-07-29 16:30:00,e4f4f910da5b981393d38fd74b3c97d0161234719167a8c0386a58acd9fb0a4c,65,16,158.0,2656,29.7,4.006033183,0,3,124.77954741354604,False,176.0,2021-07,LGB_medium,F2
2021-07-29,2021-07-28 16:00:00,2021-07-29 16:30:00,2021-07-29 16:45:00,e4f4f910da5b981393d38fd74b3c97d0161234719167a8c0386a58acd9fb0a4c,66,16,169.0,2656,29.7,4.006033183,0,3,123.04203316692242,False,176.0,2021-07,LGB_medium,F2
2021-07-29,2021-07-28 16:00:00,2021-07-29 16:45:00,2021-07-29 17:00:00,e4f4f910da5b981393d38fd74b3c97d0161234719167a8c0386a58acd9fb0a4c,67,16,172.0,2656,29.7,4.006033183,0,3,122.61855032010217,False,176.0,2021-07,LGB_medium,F2
2021-07-29,2021-07-28 16:00:00,2021-07-29 17:00:00,2021-07-29 17:15:00,e4f4f910da5b981393d38fd74b3c97d0161234719167a8c0386a58acd9fb0a4c,68,17,117.0,735,29.9,1.421663443,0,3,68.80713886482033,False,176.0,2021-07,LGB_medium,F2
2021-07-29,2021-07-28 16:00:00,2021-07-29 17:15:00,2021-07-29 17:30:00,e4f4f910da5b981393d38fd74b3c97d0161234719167a8c0386a58acd9fb0a4c,69,17,106.0,735,29.9,1.421663443,0,3,68.16287191018547,False,176.0,2021-07,LGB_medium,F2
2021-07-29,2021-07-28 16:00:00,2021-07-29 17:30:00,2021-07-29 17:45:00,e4f4f910da5b981393d38fd74b3c97d0161234719167a8c0386a58acd9fb0a4c,70,17,142.0,735,29.9,1.421663443,0,3,91.81220098628056,False,176.0,2021-07,LGB_medium,F2
2021-07-29,2021-07-28 16:00:00,2021-07-29 17:45:00,2021-07-29 18:00:00,e4f4f910da5b981393d38fd74b3c97d0161234719167a8c0386a58acd9fb0a4c,71,17,152.0,735,29.9,1.421663443,0,3,127.12061196482351,False,176.0,2021-07,LGB_medium,F2
2021-07-29,2021-07-28 16:00:00,2021-07-29 18:00:00,2021-07-29 18:15:00,e4f4f910da5b981393d38fd74b3c97d0161234719167a8c0386a58acd9fb0a4c,72,18,165.0,5687,28.2,8.182733813,0,3,125.13783918112576,False,176.0,2021-07,LGB_medium,F2
2021-07-29,2021-07-28 16:00:00,2021-07-29 18:15:00,2021-07-29 18:30:00,e4f4f910da5b981393d38fd74b3c97d0161234719167a8c0386a58acd9fb0a4c,73,18,171.0,5687,28.2,8.182733813,0,3,125.32665696734271,False,176.0,2021-07,LGB_medium,F2
2021-07-29,2021-07-28 16:00:00,2021-07-29 18:30:00,2021-07-29 18:45:00,e4f4f910da5b981393d38fd74b3c97d0161234719167a8c0386a58acd9fb0a4c,74,18,180.0,5687,28.2,8.182733813,0,3,122.70054508969244,False,176.0,2021-07,LGB_medium,F2
2021-07-29,2021-07-28 16:00:00,2021-07-29 18:45:00,2021-07-29 19:00:00,e4f4f910da5b981393d38fd74b3c97d0161234719167a8c0386a58acd9fb0a4c,75,18,179.0,5687,28.2,8.182733813,0,3,121.44158774798858,False,176.0,2021-07,LGB_medium,F2
2021-07-29,2021-07-28 16:00:00,2021-07-29 19:00:00,2021-07-29 19:15:00,e4f4f910da5b981393d38fd74b3c97d0161234719167a8c0386a58acd9fb0a4c,76,19,172.0,2616,27.5,3.875555556,0,3,120.83169513441474,False,176.0,2021-07,LGB_medium,F2
2021-07-29,2021-07-28 16:00:00,2021-07-29 19:15:00,2021-07-29 19:30:00,e4f4f910da5b981393d38fd74b3c97d0161234719167a8c0386a58acd9fb0a4c,77,19,163.0,2616,27.5,3.875555556,0,3,121.3809124557111,False,176.0,2021-07,LGB_medium,F2
2021-07-29,2021-07-28 16:00:00,2021-07-29 19:30:00,2021-07-29 19:45:00,e4f4f910da5b981393d38fd74b3c97d0161234719167a8c0386a58acd9fb0a4c,78,19,181.0,2616,27.5,3.875555556,0,3,122.45614400338007,False,176.0,2021-07,LGB_medium,F2
2021-07-29,2021-07-28 16:00:00,2021-07-29 19:45:00,2021-07-29 20:00:00,e4f4f910da5b981393d38fd74b3c97d0161234719167a8c0386a58acd9fb0a4c,79,19,159.0,2616,27.5,3.875555556,0,3,97.19446537868775,False,176.0,2021-07,LGB_medium,F2
2021-07-29,2021-07-28 16:00:00,2021-07-29 20:00:00,2021-07-29 20:15:00,e4f4f910da5b981393d38fd74b3c97d0161234719167a8c0386a58acd9fb0a4c,80,20,130.0,149,26.9,0.290448343,0,3,73.11344644790279,False,176.0,2021-07,LGB_medium,F2
2021-07-29,2021-07-28 16:00:00,2021-07-29 20:15:00,2021-07-29 20:30:00,e4f4f910da5b981393d38fd74b3c97d0161234719167a8c0386a58acd9fb0a4c,81,20,134.0,149,26.9,0.290448343,0,3,84.34596763498384,False,176.0,2021-07,LGB_medium,F2
2021-07-29,2021-07-28 16:00:00,2021-07-29 20:30:00,2021-07-29 20:45:00,e4f4f910da5b981393d38fd74b3c97d0161234719167a8c0386a58acd9fb0a4c,82,20,120.0,149,26.9,0.290448343,0,3,67.88644172341718,False,176.0,2021-07,LGB_medium,F2
2021-07-29,2021-07-28 16:00:00,2021-07-29 20:45:00,2021-07-29 21:00:00,e4f4f910da5b981393d38fd74b3c97d0161234719167a8c0386a58acd9fb0a4c,83,20,129.0,149,26.9,0.290448343,0,3,67.88644172341718,False,176.0,2021-07,LGB_medium,F2
2021-07-29,2021-07-28 16:00:00,2021-07-29 21:00:00,2021-07-29 21:15:00,e4f4f910da5b981393d38fd74b3c97d0161234719167a8c0386a58acd9fb0a4c,84,21,124.0,131,25.8,0.260437376,0,3,71.85105028621055,False,176.0,2021-07,LGB_medium,F2
2021-07-29,2021-07-28 16:00:00,2021-07-29 21:15:00,2021-07-29 21:30:00,e4f4f910da5b981393d38fd74b3c97d0161234719167a8c0386a58acd9fb0a4c,85,21,119.0,131,25.8,0.260437376,0,3,64.98679955497056,False,176.0,2021-07,LGB_medium,F2
2021-07-29,2021-07-28 16:00:00,2021-07-29 21:30:00,2021-07-29 21:45:00,e4f4f910da5b981393d38fd74b3c97d0161234719167a8c0386a58acd9fb0a4c,86,21,131.0,131,25.8,0.260437376,0,3,73.95326762641355,False,176.0,2021-07,LGB_medium,F2
2021-07-29,2021-07-28 16:00:00,2021-07-29 21:45:00,2021-07-29 22:00:00,e4f4f910da5b981393d38fd74b3c97d0161234719167a8c0386a58acd9fb0a4c,87,21,129.0,131,25.8,0.260437376,0,3,72.19536364924082,False,176.0,2021-07,LGB_medium,F2
2021-07-29,2021-07-28 16:00:00,2021-07-29 22:00:00,2021-07-29 22:15:00,e4f4f910da5b981393d38fd74b3c97d0161234719167a8c0386a58acd9fb0a4c,88,22,114.0,180,25.3,0.368852459,0,3,60.75145541364896,False,176.0,2021-07,LGB_medium,F2
2021-07-29,2021-07-28 16:00:00,2021-07-29 22:15:00,2021-07-29 22:30:00,e4f4f910da5b981393d38fd74b3c97d0161234719167a8c0386a58acd9fb0a4c,89,22,130.0,180,25.3,0.368852459,0,3,64.4299108358549,False,176.0,2021-07,LGB_medium,F2
2021-07-29,2021-07-28 16:00:00,2021-07-29 22:30:00,2021-07-29 22:45:00,e4f4f910da5b981393d38fd74b3c97d0161234719167a8c0386a58acd9fb0a4c,90,22,123.0,180,25.3,0.368852459,0,3,62.171156753306576,False,176.0,2021-07,LGB_medium,F2
2021-07-29,2021-07-28 16:00:00,2021-07-29 22:45:00,2021-07-29 23:00:00,e4f4f910da5b981393d38fd74b3c97d0161234719167a8c0386a58acd9fb0a4c,91,22,121.0,180,25.3,0.368852459,0,3,61.34274410141839,False,176.0,2021-07,LGB_medium,F2
2021-07-29,2021-07-28 16:00:00,2021-07-29 23:00:00,2021-07-29 23:15:00,e4f4f910da5b981393d38fd74b3c97d0161234719167a8c0386a58acd9fb0a4c,92,23,127.0,174,25.2,0.380743982,0,3,57.68019214487936,False,176.0,2021-07,LGB_medium,F2
2021-07-29,2021-07-28 16:00:00,2021-07-29 23:15:00,2021-07-29 23:30:00,e4f4f910da5b981393d38fd74b3c97d0161234719167a8c0386a58acd9fb0a4c,93,23,120.0,174,25.2,0.380743982,0,3,56.59034961214609,False,176.0,2021-07,LGB_medium,F2
2021-07-29,2021-07-28 16:00:00,2021-07-29 23:30:00,2021-07-29 23:45:00,e4f4f910da5b981393d38fd74b3c97d0161234719167a8c0386a58acd9fb0a4c,94,23,117.0,174,25.2,0.380743982,0,3,53.993346275961294,False,176.0,2021-07,LGB_medium,F2
2021-07-29,2021-07-28 16:00:00,2021-07-29 23:45:00,2021-07-30 00:00:00,e4f4f910da5b981393d38fd74b3c97d0161234719167a8c0386a58acd9fb0a4c,95,23,93.0,174,25.2,0.380743982,0,3,49.54508465010957,False,176.0,2021-07,LGB_medium,F2
2021-07-30,2021-07-29 16:00:00,2021-07-30 00:00:00,2021-07-30 00:15:00,0c908e4442e44ccefdcb1f0eaf272d40329f19c4800fc519cf6d6c555a3c672e,0,0,91.0,82,25.2,0.234285714,0,4,71.03885540159723,False,176.0,2021-07,LGB_medium,F2
2021-07-30,2021-07-29 16:00:00,2021-07-30 00:15:00,2021-07-30 00:30:00,0c908e4442e44ccefdcb1f0eaf272d40329f19c4800fc519cf6d6c555a3c672e,1,0,88.0,82,25.2,0.234285714,0,4,81.99420842899507,False,176.0,2021-07,LGB_medium,F2
2021-07-30,2021-07-29 16:00:00,2021-07-30 00:30:00,2021-07-30 00:45:00,0c908e4442e44ccefdcb1f0eaf272d40329f19c4800fc519cf6d6c555a3c672e,2,0,86.0,82,25.2,0.234285714,0,4,81.538380004432,False,176.0,2021-07,LGB_medium,F2
2021-07-30,2021-07-29 16:00:00,2021-07-30 00:45:00,2021-07-30 01:00:00,0c908e4442e44ccefdcb1f0eaf272d40329f19c4800fc519cf6d6c555a3c672e,3,0,85.0,82,25.2,0.234285714,0,4,80.17092414761798,False,176.0,2021-07,LGB_medium,F2
2021-07-30,2021-07-29 16:00:00,2021-07-30 01:00:00,2021-07-30 01:15:00,0c908e4442e44ccefdcb1f0eaf272d40329f19c4800fc519cf6d6c555a3c672e,4,1,110.0,164,25.0,0.33814433,0,4,68.77814402613687,False,176.0,2021-07,LGB_medium,F2
2021-07-30,2021-07-29 16:00:00,2021-07-30 01:15:00,2021-07-30 01:30:00,0c908e4442e44ccefdcb1f0eaf272d40329f19c4800fc519cf6d6c555a3c672e,5,1,123.0,164,25.0,0.33814433,0,4,83.68920471840418,False,176.0,2021-07,LGB_medium,F2
2021-07-30,2021-07-29 16:00:00,2021-07-30 01:30:00,2021-07-30 01:45:00,0c908e4442e44ccefdcb1f0eaf272d40329f19c4800fc519cf6d6c555a3c672e,6,1,130.0,164,25.0,0.33814433,0,4,87.72055413753986,False,176.0,2021-07,LGB_medium,F2
2021-07-30,2021-07-29 16:00:00,2021-07-30 01:45:00,2021-07-30 02:00:00,0c908e4442e44ccefdcb1f0eaf272d40329f19c4800fc519cf6d6c555a3c672e,7,1,122.0,164,25.0,0.33814433,0,4,82.5020888553309,False,176.0,2021-07,LGB_medium,F2
2021-07-30,2021-07-29 16:00:00,2021-07-30 02:00:00,2021-07-30 02:15:00,0c908e4442e44ccefdcb1f0eaf272d40329f19c4800fc519cf6d6c555a3c672e,8,2,119.0,30,24.7,0.062893082,0,4,83.07835661956705,False,176.0,2021-07,LGB_medium,F2
2021-07-30,2021-07-29 16:00:00,2021-07-30 02:15:00,2021-07-30 02:30:00,0c908e4442e44ccefdcb1f0eaf272d40329f19c4800fc519cf6d6c555a3c672e,9,2,113.0,30,24.7,0.062893082,0,4,83.07835661956705,False,176.0,2021-07,LGB_medium,F2
2021-07-30,2021-07-29 16:00:00,2021-07-30 02:30:00,2021-07-30 02:45:00,0c908e4442e44ccefdcb1f0eaf272d40329f19c4800fc519cf6d6c555a3c672e,10,2,115.0,30,24.7,0.062893082,0,4,81.79213879492495,False,176.0,2021-07,LGB_medium,F2
2021-07-30,2021-07-29 16:00:00,2021-07-30 02:45:00,2021-07-30 03:00:00,0c908e4442e44ccefdcb1f0eaf272d40329f19c4800fc519cf6d6c555a3c672e,11,2,130.0,30,24.7,0.062893082,0,4,88.31433354593362,False,176.0,2021-07,LGB_medium,F2
2021-07-30,2021-07-29 16:00:00,2021-07-30 03:00:00,2021-07-30 03:15:00,0c908e4442e44ccefdcb1f0eaf272d40329f19c4800fc519cf6d6c555a3c672e,12,3,109.0,498,24.1,1.020491803,0,4,88.10974012670648,False,176.0,2021-07,LGB_medium,F2
2021-07-30,2021-07-29 16:00:00,2021-07-30 03:15:00,2021-07-30 03:30:00,0c908e4442e44ccefdcb1f0eaf272d40329f19c4800fc519cf6d6c555a3c672e,13,3,124.0,498,24.1,1.020491803,0,4,89.8136697782525,False,176.0,2021-07,LGB_medium,F2
2021-07-30,2021-07-29 16:00:00,2021-07-30 03:30:00,2021-07-30 03:45:00,0c908e4442e44ccefdcb1f0eaf272d40329f19c4800fc519cf6d6c555a3c672e,14,3,128.0,498,24.1,1.020491803,0,4,89.1825558841133,False,176.0,2021-07,LGB_medium,F2
2021-07-30,2021-07-29 16:00:00,2021-07-30 03:45:00,2021-07-30 04:00:00,0c908e4442e44ccefdcb1f0eaf272d40329f19c4800fc519cf6d6c555a3c672e,15,3,127.0,498,24.1,1.020491803,0,4,89.1825558841133,False,176.0,2021-07,LGB_medium,F2
2021-07-30,2021-07-29 16:00:00,2021-07-30 04:00:00,2021-07-30 04:15:00,0c908e4442e44ccefdcb1f0eaf272d40329f19c4800fc519cf6d6c555a3c672e,16,4,119.0,42,24.4,0.088235294,0,4,83.88213206199818,False,176.0,2021-07,LGB_medium,F2
2021-07-30,2021-07-29 16:00:00,2021-07-30 04:15:00,2021-07-30 04:30:00,0c908e4442e44ccefdcb1f0eaf272d40329f19c4800fc519cf6d6c555a3c672e,17,4,123.0,42,24.4,0.088235294,0,4,83.42758702658351,False,176.0,2021-07,LGB_medium,F2
2021-07-30,2021-07-29 16:00:00,2021-07-30 04:30:00,2021-07-30 04:45:00,0c908e4442e44ccefdcb1f0eaf272d40329f19c4800fc519cf6d6c555a3c672e,18,4,116.0,42,24.4,0.088235294,0,4,81.62134230061228,False,176.0,2021-07,LGB_medium,F2
2021-07-30,2021-07-29 16:00:00,2021-07-30 04:45:00,2021-07-30 05:00:00,0c908e4442e44ccefdcb1f0eaf272d40329f19c4800fc519cf6d6c555a3c672e,19,4,118.0,42,24.4,0.088235294,0,4,77.37496022467121,False,176.0,2021-07,LGB_medium,F2
2021-07-30,2021-07-29 16:00:00,2021-07-30 05:00:00,2021-07-30 05:15:00,0c908e4442e44ccefdcb1f0eaf272d40329f19c4800fc519cf6d6c555a3c672e,20,5,97.0,108,24.3,0.257142857,0,4,81.53909775519654,False,176.0,2021-07,LGB_medium,F2
2021-07-30,2021-07-29 16:00:00,2021-07-30 05:15:00,2021-07-30 05:30:00,0c908e4442e44ccefdcb1f0eaf272d40329f19c4800fc519cf6d6c555a3c672e,21,5,91.0,108,24.3,0.257142857,0,4,91.26250367833542,False,176.0,2021-07,LGB_medium,F2
2021-07-30,2021-07-29 16:00:00,2021-07-30 05:30:00,2021-07-30 05:45:00,0c908e4442e44ccefdcb1f0eaf272d40329f19c4800fc519cf6d6c555a3c672e,22,5,113.0,108,24.3,0.257142857,0,4,79.48433268267037,False,176.0,2021-07,LGB_medium,F2
2021-07-30,2021-07-29 16:00:00,2021-07-30 05:45:00,2021-07-30 06:00:00,0c908e4442e44ccefdcb1f0eaf272d40329f19c4800fc519cf6d6c555a3c672e,23,5,119.0,108,24.3,0.257142857,0,4,82.7107255333628,False,176.0,2021-07,LGB_medium,F2
2021-07-30,2021-07-29 16:00:00,2021-07-30 06:00:00,2021-07-30 06:15:00,0c908e4442e44ccefdcb1f0eaf272d40329f19c4800fc519cf6d6c555a3c672e,24,6,123.0,461,26.6,0.933198381,0,4,89.53766043746216,False,176.0,2021-07,LGB_medium,F2
2021-07-30,2021-07-29 16:00:00,2021-07-30 06:15:00,2021-07-30 06:30:00,0c908e4442e44ccefdcb1f0eaf272d40329f19c4800fc519cf6d6c555a3c672e,25,6,122.0,461,26.6,0.933198381,0,4,86.75388683741829,False,176.0,2021-07,LGB_medium,F2
2021-07-30,2021-07-29 16:00:00,2021-07-30 06:30:00,2021-07-30 06:45:00,0c908e4442e44ccefdcb1f0eaf272d40329f19c4800fc519cf6d6c555a3c672e,26,6,122.0,461,26.6,0.933198381,0,4,77.814444990822,False,176.0,2021-07,LGB_medium,F2
2021-07-30,2021-07-29 16:00:00,2021-07-30 06:45:00,2021-07-30 07:00:00,0c908e4442e44ccefdcb1f0eaf272d40329f19c4800fc519cf6d6c555a3c672e,27,6,127.0,461,26.6,0.933198381,0,4,87.34860884783164,False,176.0,2021-07,LGB_medium,F2
2021-07-30,2021-07-29 16:00:00,2021-07-30 07:00:00,2021-07-30 07:15:00,0c908e4442e44ccefdcb1f0eaf272d40329f19c4800fc519cf6d6c555a3c672e,28,7,132.0,1229,28.5,1.969551282,0,4,86.07830014610924,False,176.0,2021-07,LGB_medium,F2
2021-07-30,2021-07-29 16:00:00,2021-07-30 07:15:00,2021-07-30 07:30:00,0c908e4442e44ccefdcb1f0eaf272d40329f19c4800fc519cf6d6c555a3c672e,29,7,144.0,1229,28.5,1.969551282,0,4,101.55036992131708,False,176.0,2021-07,LGB_medium,F2
2021-07-30,2021-07-29 16:00:00,2021-07-30 07:30:00,2021-07-30 07:45:00,0c908e4442e44ccefdcb1f0eaf272d40329f19c4800fc519cf6d6c555a3c672e,30,7,174.0,1229,28.5,1.969551282,0,4,117.42585050808381,False,176.0,2021-07,LGB_medium,F2
2021-07-30,2021-07-29 16:00:00,2021-07-30 07:45:00,2021-07-30 08:00:00,0c908e4442e44ccefdcb1f0eaf272d40329f19c4800fc519cf6d6c555a3c672e,31,7,174.0,1229,28.5,1.969551282,0,4,117.43528381967563,False,176.0,2021-07,LGB_medium,F2
2021-07-30,2021-07-29 16:00:00,2021-07-30 08:00:00,2021-07-30 08:15:00,0c908e4442e44ccefdcb1f0eaf272d40329f19c4800fc519cf6d6c555a3c672e,32,8,187.0,1134,30.3,1.433628319,0,4,123.44029833079757,False,176.0,2021-07,LGB_medium,F2
2021-07-30,2021-07-29 16:00:00,2021-07-30 08:15:00,2021-07-30 08:30:00,0c908e4442e44ccefdcb1f0eaf272d40329f19c4800fc519cf6d6c555a3c672e,33,8,200.0,1134,30.3,1.433628319,0,4,123.56679164238379,False,176.0,2021-07,LGB_medium,F2
2021-07-30,2021-07-29 16:00:00,2021-07-30 08:30:00,2021-07-30 08:45:00,0c908e4442e44ccefdcb1f0eaf272d40329f19c4800fc519cf6d6c555a3c672e,34,8,200.0,1134,30.3,1.433628319,0,4,123.56679164238379,False,176.0,2021-07,LGB_medium,F2
2021-07-30,2021-07-29 16:00:00,2021-07-30 08:45:00,2021-07-30 09:00:00,0c908e4442e44ccefdcb1f0eaf272d40329f19c4800fc519cf6d6c555a3c672e,35,8,204.0,1134,30.3,1.433628319,0,4,123.12800084098998,False,176.0,2021-07,LGB_medium,F2
2021-07-30,2021-07-29 16:00:00,2021-07-30 09:00:00,2021-07-30 09:15:00,0c908e4442e44ccefdcb1f0eaf272d40329f19c4800fc519cf6d6c555a3c672e,36,9,192.0,2079,30.5,2.621689786,0,4,121.30739503272021,False,176.0,2021-07,LGB_medium,F2
2021-07-30,2021-07-29 16:00:00,2021-07-30 09:15:00,2021-07-30 09:30:00,0c908e4442e44ccefdcb1f0eaf272d40329f19c4800fc519cf6d6c555a3c672e,37,9,198.0,2079,30.5,2.621689786,0,4,117.87946747826429,False,176.0,2021-07,LGB_medium,F2
2021-07-30,2021-07-29 16:00:00,2021-07-30 09:30:00,2021-07-30 09:45:00,0c908e4442e44ccefdcb1f0eaf272d40329f19c4800fc519cf6d6c555a3c672e,38,9,199.0,2079,30.5,2.621689786,0,4,119.40575227505063,False,176.0,2021-07,LGB_medium,F2
2021-07-30,2021-07-29 16:00:00,2021-07-30 09:45:00,2021-07-30 10:00:00,0c908e4442e44ccefdcb1f0eaf272d40329f19c4800fc519cf6d6c555a3c672e,39,9,204.0,2079,30.5,2.621689786,0,4,119.40575227505063,False,176.0,2021-07,LGB_medium,F2
2021-07-30,2021-07-29 16:00:00,2021-07-30 10:00:00,2021-07-30 10:15:00,0c908e4442e44ccefdcb1f0eaf272d40329f19c4800fc519cf6d6c555a3c672e,40,10,160.0,439,32.4,0.583776596,0,4,141.51059232799165,False,176.0,2021-07,LGB_medium,F2
2021-07-30,2021-07-29 16:00:00,2021-07-30 10:15:00,2021-07-30 10:30:00,0c908e4442e44ccefdcb1f0eaf272d40329f19c4800fc519cf6d6c555a3c672e,41,10,196.0,439,32.4,0.583776596,0,4,117.86612594639445,False,176.0,2021-07,LGB_medium,F2
2021-07-30,2021-07-29 16:00:00,2021-07-30 10:30:00,2021-07-30 10:45:00,0c908e4442e44ccefdcb1f0eaf272d40329f19c4800fc519cf6d6c555a3c672e,42,10,194.0,439,32.4,0.583776596,0,4,119.17659781717762,False,176.0,2021-07,LGB_medium,F2
2021-07-30,2021-07-29 16:00:00,2021-07-30 10:45:00,2021-07-30 11:00:00,0c908e4442e44ccefdcb1f0eaf272d40329f19c4800fc519cf6d6c555a3c672e,43,10,202.0,439,32.4,0.583776596,0,4,118.89797395384232,False,176.0,2021-07,LGB_medium,F2
2021-07-30,2021-07-29 16:00:00,2021-07-30 11:00:00,2021-07-30 11:15:00,0c908e4442e44ccefdcb1f0eaf272d40329f19c4800fc519cf6d6c555a3c672e,44,11,202.0,1084,31.8,1.306024096,0,4,118.02897928895456,False,176.0,2021-07,LGB_medium,F2
2021-07-30,2021-07-29 16:00:00,2021-07-30 11:15:00,2021-07-30 11:30:00,0c908e4442e44ccefdcb1f0eaf272d40329f19c4800fc519cf6d6c555a3c672e,45,11,211.0,1084,31.8,1.306024096,0,4,115.40776171600827,False,176.0,2021-07,LGB_medium,F2
2021-07-30,2021-07-29 16:00:00,2021-07-30 11:30:00,2021-07-30 11:45:00,0c908e4442e44ccefdcb1f0eaf272d40329f19c4800fc519cf6d6c555a3c672e,46,11,205.0,1084,31.8,1.306024096,0,4,115.60968691962847,False,176.0,2021-07,LGB_medium,F2
2021-07-30,2021-07-29 16:00:00,2021-07-30 11:45:00,2021-07-30 12:00:00,0c908e4442e44ccefdcb1f0eaf272d40329f19c4800fc519cf6d6c555a3c672e,47,11,212.0,1084,31.8,1.306024096,0,4,115.38798640756757,False,176.0,2021-07,LGB_medium,F2
2021-07-30,2021-07-29 16:00:00,2021-07-30 12:00:00,2021-07-30 12:15:00,0c908e4442e44ccefdcb1f0eaf272d40329f19c4800fc519cf6d6c555a3c672e,48,12,145.0,0,31.7,0.0,0,4,88.22929292536696,False,176.0,2021-07,LGB_medium,F2
2021-07-30,2021-07-29 16:00:00,2021-07-30 12:15:00,2021-07-30 12:30:00,0c908e4442e44ccefdcb1f0eaf272d40329f19c4800fc519cf6d6c555a3c672e,49,12,111.0,0,31.7,0.0,0,4,68.60720863765933,False,176.0,2021-07,LGB_medium,F2
2021-07-30,2021-07-29 16:00:00,2021-07-30 12:30:00,2021-07-30 12:45:00,0c908e4442e44ccefdcb1f0eaf272d40329f19c4800fc519cf6d6c555a3c672e,50,12,111.0,0,31.7,0.0,0,4,66.97971688664666,False,176.0,2021-07,LGB_medium,F2
2021-07-30,2021-07-29 16:00:00,2021-07-30 12:45:00,2021-07-30 13:00:00,0c908e4442e44ccefdcb1f0eaf272d40329f19c4800fc519cf6d6c555a3c672e,51,12,116.0,0,31.7,0.0,0,4,69.21248519103781,False,176.0,2021-07,LGB_medium,F2
2021-07-30,2021-07-29 16:00:00,2021-07-30 13:00:00,2021-07-30 13:15:00,0c908e4442e44ccefdcb1f0eaf272d40329f19c4800fc519cf6d6c555a3c672e,52,13,178.0,1769,32.1,2.276705277,0,4,112.93470476539208,False,176.0,2021-07,LGB_medium,F2
2021-07-30,2021-07-29 16:00:00,2021-07-30 13:15:00,2021-07-30 13:30:00,0c908e4442e44ccefdcb1f0eaf272d40329f19c4800fc519cf6d6c555a3c672e,53,13,200.0,1769,32.1,2.276705277,0,4,117.4194256226115,False,176.0,2021-07,LGB_medium,F2
2021-07-30,2021-07-29 16:00:00,2021-07-30 13:30:00,2021-07-30 13:45:00,0c908e4442e44ccefdcb1f0eaf272d40329f19c4800fc519cf6d6c555a3c672e,54,13,200.0,1769,32.1,2.276705277,0,4,117.8318114232312,False,176.0,2021-07,LGB_medium,F2
2021-07-30,2021-07-29 16:00:00,2021-07-30 13:45:00,2021-07-30 14:00:00,0c908e4442e44ccefdcb1f0eaf272d40329f19c4800fc519cf6d6c555a3c672e,55,13,199.0,1769,32.1,2.276705277,0,4,117.69363218279962,False,176.0,2021-07,LGB_medium,F2
2021-07-30,2021-07-29 16:00:00,2021-07-30 14:00:00,2021-07-30 14:15:00,0c908e4442e44ccefdcb1f0eaf272d40329f19c4800fc519cf6d6c555a3c672e,56,14,190.0,1204,33.2,1.533757962,0,4,116.64887916402168,False,176.0,2021-07,LGB_medium,F2
2021-07-30,2021-07-29 16:00:00,2021-07-30 14:15:00,2021-07-30 14:30:00,0c908e4442e44ccefdcb1f0eaf272d40329f19c4800fc519cf6d6c555a3c672e,57,14,196.0,1204,33.2,1.533757962,0,4,119.62918288552063,False,176.0,2021-07,LGB_medium,F2
2021-07-30,2021-07-29 16:00:00,2021-07-30 14:30:00,2021-07-30 14:45:00,0c908e4442e44ccefdcb1f0eaf272d40329f19c4800fc519cf6d6c555a3c672e,58,14,203.0,1204,33.2,1.533757962,0,4,115.66882694395936,False,176.0,2021-07,LGB_medium,F2
2021-07-30,2021-07-29 16:00:00,2021-07-30 14:45:00,2021-07-30 15:00:00,0c908e4442e44ccefdcb1f0eaf272d40329f19c4800fc519cf6d6c555a3c672e,59,14,196.0,1204,33.2,1.533757962,0,4,117.09867885833631,False,176.0,2021-07,LGB_medium,F2
2021-07-30,2021-07-29 16:00:00,2021-07-30 15:00:00,2021-07-30 15:15:00,0c908e4442e44ccefdcb1f0eaf272d40329f19c4800fc519cf6d6c555a3c672e,60,15,135.0,790,33.2,1.224806202,0,4,114.65935383922807,False,176.0,2021-07,LGB_medium,F2
2021-07-30,2021-07-29 16:00:00,2021-07-30 15:15:00,2021-07-30 15:30:00,0c908e4442e44ccefdcb1f0eaf272d40329f19c4800fc519cf6d6c555a3c672e,61,15,143.0,790,33.2,1.224806202,0,4,116.33295336249289,False,176.0,2021-07,LGB_medium,F2
2021-07-30,2021-07-29 16:00:00,2021-07-30 15:30:00,2021-07-30 15:45:00,0c908e4442e44ccefdcb1f0eaf272d40329f19c4800fc519cf6d6c555a3c672e,62,15,187.0,790,33.2,1.224806202,0,4,117.62982526721765,False,176.0,2021-07,LGB_medium,F2
2021-07-30,2021-07-29 16:00:00,2021-07-30 15:45:00,2021-07-30 16:00:00,0c908e4442e44ccefdcb1f0eaf272d40329f19c4800fc519cf6d6c555a3c672e,63,15,180.0,790,33.2,1.224806202,0,4,116.80982541891082,False,176.0,2021-07,LGB_medium,F2
2021-07-30,2021-07-29 16:00:00,2021-07-30 16:00:00,2021-07-30 16:15:00,0c908e4442e44ccefdcb1f0eaf272d40329f19c4800fc519cf6d6c555a3c672e,64,16,181.0,1575,32.7,2.26945245,0,4,116.20982708674406,False,176.0,2021-07,LGB_medium,F2
2021-07-30,2021-07-29 16:00:00,2021-07-30 16:15:00,2021-07-30 16:30:00,0c908e4442e44ccefdcb1f0eaf272d40329f19c4800fc519cf6d6c555a3c672e,65,16,177.0,1575,32.7,2.26945245,0,4,116.46135512843709,False,176.0,2021-07,LGB_medium,F2
2021-07-30,2021-07-29 16:00:00,2021-07-30 16:30:00,2021-07-30 16:45:00,0c908e4442e44ccefdcb1f0eaf272d40329f19c4800fc519cf6d6c555a3c672e,66,16,171.0,1575,32.7,2.26945245,0,4,112.52090255355712,False,176.0,2021-07,LGB_medium,F2
2021-07-30,2021-07-29 16:00:00,2021-07-30 16:45:00,2021-07-30 17:00:00,0c908e4442e44ccefdcb1f0eaf272d40329f19c4800fc519cf6d6c555a3c672e,67,16,165.0,1575,32.7,2.26945245,0,4,110.8633744084397,False,176.0,2021-07,LGB_medium,F2
2021-07-30,2021-07-29 16:00:00,2021-07-30 17:00:00,2021-07-30 17:15:00,0c908e4442e44ccefdcb1f0eaf272d40329f19c4800fc519cf6d6c555a3c672e,68,17,123.0,0,30.7,0.0,0,4,78.40249734873576,False,176.0,2021-07,LGB_medium,F2
2021-07-30,2021-07-29 16:00:00,2021-07-30 17:15:00,2021-07-30 17:30:00,0c908e4442e44ccefdcb1f0eaf272d40329f19c4800fc519cf6d6c555a3c672e,69,17,106.0,0,30.7,0.0,0,4,73.36069955834857,False,176.0,2021-07,LGB_medium,F2
2021-07-30,2021-07-29 16:00:00,2021-07-30 17:30:00,2021-07-30 17:45:00,0c908e4442e44ccefdcb1f0eaf272d40329f19c4800fc519cf6d6c555a3c672e,70,17,169.0,0,30.7,0.0,0,4,111.0335358105303,False,176.0,2021-07,LGB_medium,F2
2021-07-30,2021-07-29 16:00:00,2021-07-30 17:45:00,2021-07-30 18:00:00,0c908e4442e44ccefdcb1f0eaf272d40329f19c4800fc519cf6d6c555a3c672e,71,17,190.0,0,30.7,0.0,0,4,117.3733086217892,False,176.0,2021-07,LGB_medium,F2
2021-07-30,2021-07-29 16:00:00,2021-07-30 18:00:00,2021-07-30 18:15:00,0c908e4442e44ccefdcb1f0eaf272d40329f19c4800fc519cf6d6c555a3c672e,72,18,190.0,0,29.3,0.0,0,4,115.95924475639933,False,176.0,2021-07,LGB_medium,F2
2021-07-30,2021-07-29 16:00:00,2021-07-30 18:15:00,2021-07-30 18:30:00,0c908e4442e44ccefdcb1f0eaf272d40329f19c4800fc519cf6d6c555a3c672e,73,18,177.0,0,29.3,0.0,0,4,113.54998451669715,False,176.0,2021-07,LGB_medium,F2
2021-07-30,2021-07-29 16:00:00,2021-07-30 18:30:00,2021-07-30 18:45:00,0c908e4442e44ccefdcb1f0eaf272d40329f19c4800fc519cf6d6c555a3c672e,74,18,181.0,0,29.3,0.0,0,4,113.51624115034511,False,176.0,2021-07,LGB_medium,F2
2021-07-30,2021-07-29 16:00:00,2021-07-30 18:45:00,2021-07-30 19:00:00,0c908e4442e44ccefdcb1f0eaf272d40329f19c4800fc519cf6d6c555a3c672e,75,18,185.0,0,29.3,0.0,0,4,114.49147112837797,False,176.0,2021-07,LGB_medium,F2
2021-07-30,2021-07-29 16:00:00,2021-07-30 19:00:00,2021-07-30 19:15:00,0c908e4442e44ccefdcb1f0eaf272d40329f19c4800fc519cf6d6c555a3c672e,76,19,175.0,0,28.7,0.0,0,4,115.58236239435101,False,176.0,2021-07,LGB_medium,F2
2021-07-30,2021-07-29 16:00:00,2021-07-30 19:15:00,2021-07-30 19:30:00,0c908e4442e44ccefdcb1f0eaf272d40329f19c4800fc519cf6d6c555a3c672e,77,19,152.0,0,28.7,0.0,0,4,99.50466469370957,False,176.0,2021-07,LGB_medium,F2
2021-07-30,2021-07-29 16:00:00,2021-07-30 19:30:00,2021-07-30 19:45:00,0c908e4442e44ccefdcb1f0eaf272d40329f19c4800fc519cf6d6c555a3c672e,78,19,153.0,0,28.7,0.0,0,4,104.4041468841081,False,176.0,2021-07,LGB_medium,F2
2021-07-30,2021-07-29 16:00:00,2021-07-30 19:45:00,2021-07-30 20:00:00,0c908e4442e44ccefdcb1f0eaf272d40329f19c4800fc519cf6d6c555a3c672e,79,19,124.0,0,28.7,0.0,0,4,77.06416624288552,False,176.0,2021-07,LGB_medium,F2
2021-07-30,2021-07-29 16:00:00,2021-07-30 20:00:00,2021-07-30 20:15:00,0c908e4442e44ccefdcb1f0eaf272d40329f19c4800fc519cf6d6c555a3c672e,80,20,104.0,0,27.2,0.0,0,4,66.18788728431834,False,176.0,2021-07,LGB_medium,F2
2021-07-30,2021-07-29 16:00:00,2021-07-30 20:15:00,2021-07-30 20:30:00,0c908e4442e44ccefdcb1f0eaf272d40329f19c4800fc519cf6d6c555a3c672e,81,20,110.0,0,27.2,0.0,0,4,74.53168870598488,False,176.0,2021-07,LGB_medium,F2
2021-07-30,2021-07-29 16:00:00,2021-07-30 20:30:00,2021-07-30 20:45:00,0c908e4442e44ccefdcb1f0eaf272d40329f19c4800fc519cf6d6c555a3c672e,82,20,100.0,0,27.2,0.0,0,4,74.33549647284785,False,176.0,2021-07,LGB_medium,F2
2021-07-30,2021-07-29 16:00:00,2021-07-30 20:45:00,2021-07-30 21:00:00,0c908e4442e44ccefdcb1f0eaf272d40329f19c4800fc519cf6d6c555a3c672e,83,20,113.0,0,27.2,0.0,0,4,73.83850705624273,False,176.0,2021-07,LGB_medium,F2
2021-07-30,2021-07-29 16:00:00,2021-07-30 21:00:00,2021-07-30 21:15:00,0c908e4442e44ccefdcb1f0eaf272d40329f19c4800fc519cf6d6c555a3c672e,84,21,115.0,0,26.7,0.0,0,4,73.74364981537728,False,176.0,2021-07,LGB_medium,F2
2021-07-30,2021-07-29 16:00:00,2021-07-30 21:15:00,2021-07-30 21:30:00,0c908e4442e44ccefdcb1f0eaf272d40329f19c4800fc519cf6d6c555a3c672e,85,21,104.0,0,26.7,0.0,0,4,73.58570065270126,False,176.0,2021-07,LGB_medium,F2
2021-07-30,2021-07-29 16:00:00,2021-07-30 21:30:00,2021-07-30 21:45:00,0c908e4442e44ccefdcb1f0eaf272d40329f19c4800fc519cf6d6c555a3c672e,86,21,108.0,0,26.7,0.0,0,4,73.10516561361341,False,176.0,2021-07,LGB_medium,F2
2021-07-30,2021-07-29 16:00:00,2021-07-30 21:45:00,2021-07-30 22:00:00,0c908e4442e44ccefdcb1f0eaf272d40329f19c4800fc519cf6d6c555a3c672e,87,21,111.0,0,26.7,0.0,0,4,72.09257280973291,False,176.0,2021-07,LGB_medium,F2
2021-07-30,2021-07-29 16:00:00,2021-07-30 22:00:00,2021-07-30 22:15:00,0c908e4442e44ccefdcb1f0eaf272d40329f19c4800fc519cf6d6c555a3c672e,88,22,95.0,0,26.7,0.0,0,4,77.66981195515672,False,176.0,2021-07,LGB_medium,F2
2021-07-30,2021-07-29 16:00:00,2021-07-30 22:15:00,2021-07-30 22:30:00,0c908e4442e44ccefdcb1f0eaf272d40329f19c4800fc519cf6d6c555a3c672e,89,22,107.0,0,26.7,0.0,0,4,71.74026447113881,False,176.0,2021-07,LGB_medium,F2
2021-07-30,2021-07-29 16:00:00,2021-07-30 22:30:00,2021-07-30 22:45:00,0c908e4442e44ccefdcb1f0eaf272d40329f19c4800fc519cf6d6c555a3c672e,90,22,101.0,0,26.7,0.0,0,4,71.45669094241818,False,176.0,2021-07,LGB_medium,F2
2021-07-30,2021-07-29 16:00:00,2021-07-30 22:45:00,2021-07-30 23:00:00,0c908e4442e44ccefdcb1f0eaf272d40329f19c4800fc519cf6d6c555a3c672e,91,22,109.0,0,26.7,0.0,0,4,65.31058752581848,False,176.0,2021-07,LGB_medium,F2
2021-07-30,2021-07-29 16:00:00,2021-07-30 23:00:00,2021-07-30 23:15:00,0c908e4442e44ccefdcb1f0eaf272d40329f19c4800fc519cf6d6c555a3c672e,92,23,116.0,0,26.2,0.0,0,4,72.5469113632197,False,176.0,2021-07,LGB_medium,F2
2021-07-30,2021-07-29 16:00:00,2021-07-30 23:15:00,2021-07-30 23:30:00,0c908e4442e44ccefdcb1f0eaf272d40329f19c4800fc519cf6d6c555a3c672e,93,23,111.0,0,26.2,0.0,0,4,70.74520400567873,False,176.0,2021-07,LGB_medium,F2
2021-07-30,2021-07-29 16:00:00,2021-07-30 23:30:00,2021-07-30 23:45:00,0c908e4442e44ccefdcb1f0eaf272d40329f19c4800fc519cf6d6c555a3c672e,94,23,103.0,0,26.2,0.0,0,4,60.933790923196554,False,176.0,2021-07,LGB_medium,F2
2021-07-30,2021-07-29 16:00:00,2021-07-30 23:45:00,2021-07-31 00:00:00,0c908e4442e44ccefdcb1f0eaf272d40329f19c4800fc519cf6d6c555a3c672e,95,23,80.0,0,26.2,0.0,0,4,70.21304395847311,False,176.0,2021-07,LGB_medium,F2
2021-07-31,2021-07-30 16:00:00,2021-07-31 00:00:00,2021-07-31 00:15:00,f687f6fbf063217c3d828c9511ae23ba8a8df6324b15adf5988685b8fd5be12e,0,0,21.0,0,25.1,0.0,0,5,87.20539624625953,False,176.0,2021-07,LGB_medium,F2
2021-07-31,2021-07-30 16:00:00,2021-07-31 00:15:00,2021-07-31 00:30:00,f687f6fbf063217c3d828c9511ae23ba8a8df6324b15adf5988685b8fd5be12e,1,0,21.0,0,25.1,0.0,0,5,85.53691376834065,False,176.0,2021-07,LGB_medium,F2
2021-07-31,2021-07-30 16:00:00,2021-07-31 00:30:00,2021-07-31 00:45:00,f687f6fbf063217c3d828c9511ae23ba8a8df6324b15adf5988685b8fd5be12e,2,0,24.0,0,25.1,0.0,0,5,86.42138559867665,False,176.0,2021-07,LGB_medium,F2
2021-07-31,2021-07-30 16:00:00,2021-07-31 00:45:00,2021-07-31 01:00:00,f687f6fbf063217c3d828c9511ae23ba8a8df6324b15adf5988685b8fd5be12e,3,0,24.0,0,25.1,0.0,0,5,87.76510483524352,False,176.0,2021-07,LGB_medium,F2
2021-07-31,2021-07-30 16:00:00,2021-07-31 01:00:00,2021-07-31 01:15:00,f687f6fbf063217c3d828c9511ae23ba8a8df6324b15adf5988685b8fd5be12e,4,1,21.0,0,25.4,0.0,0,5,79.46152630931485,False,176.0,2021-07,LGB_medium,F2
2021-07-31,2021-07-30 16:00:00,2021-07-31 01:15:00,2021-07-31 01:30:00,f687f6fbf063217c3d828c9511ae23ba8a8df6324b15adf5988685b8fd5be12e,5,1,21.0,0,25.4,0.0,0,5,97.61277865947291,False,176.0,2021-07,LGB_medium,F2
2021-07-31,2021-07-30 16:00:00,2021-07-31 01:30:00,2021-07-31 01:45:00,f687f6fbf063217c3d828c9511ae23ba8a8df6324b15adf5988685b8fd5be12e,6,1,21.0,0,25.4,0.0,0,5,86.01398093822428,False,176.0,2021-07,LGB_medium,F2
2021-07-31,2021-07-30 16:00:00,2021-07-31 01:45:00,2021-07-31 02:00:00,f687f6fbf063217c3d828c9511ae23ba8a8df6324b15adf5988685b8fd5be12e,7,1,21.0,0,25.4,0.0,0,5,85.77990871078087,False,176.0,2021-07,LGB_medium,F2
2021-07-31,2021-07-30 16:00:00,2021-07-31 02:00:00,2021-07-31 02:15:00,f687f6fbf063217c3d828c9511ae23ba8a8df6324b15adf5988685b8fd5be12e,8,2,21.0,0,24.4,0.0,0,5,88.11224935461347,False,176.0,2021-07,LGB_medium,F2
2021-07-31,2021-07-30 16:00:00,2021-07-31 02:15:00,2021-07-31 02:30:00,f687f6fbf063217c3d828c9511ae23ba8a8df6324b15adf5988685b8fd5be12e,9,2,21.0,0,24.4,0.0,0,5,86.27690831705108,False,176.0,2021-07,LGB_medium,F2
2021-07-31,2021-07-30 16:00:00,2021-07-31 02:30:00,2021-07-31 02:45:00,f687f6fbf063217c3d828c9511ae23ba8a8df6324b15adf5988685b8fd5be12e,10,2,21.0,0,24.4,0.0,0,5,83.03961756564986,False,176.0,2021-07,LGB_medium,F2
2021-07-31,2021-07-30 16:00:00,2021-07-31 02:45:00,2021-07-31 03:00:00,f687f6fbf063217c3d828c9511ae23ba8a8df6324b15adf5988685b8fd5be12e,11,2,21.0,0,24.4,0.0,0,5,105.93203892323545,False,176.0,2021-07,LGB_medium,F2
2021-07-31,2021-07-30 16:00:00,2021-07-31 03:00:00,2021-07-31 03:15:00,f687f6fbf063217c3d828c9511ae23ba8a8df6324b15adf5988685b8fd5be12e,12,3,21.0,0,24.0,0.0,0,5,102.71671650782501,False,176.0,2021-07,LGB_medium,F2
2021-07-31,2021-07-30 16:00:00,2021-07-31 03:15:00,2021-07-31 03:30:00,f687f6fbf063217c3d828c9511ae23ba8a8df6324b15adf5988685b8fd5be12e,13,3,20.0,0,24.0,0.0,0,5,81.54575064978155,False,176.0,2021-07,LGB_medium,F2
2021-07-31,2021-07-30 16:00:00,2021-07-31 03:30:00,2021-07-31 03:45:00,f687f6fbf063217c3d828c9511ae23ba8a8df6324b15adf5988685b8fd5be12e,14,3,21.0,0,24.0,0.0,0,5,87.91454437523183,False,176.0,2021-07,LGB_medium,F2
2021-07-31,2021-07-30 16:00:00,2021-07-31 03:45:00,2021-07-31 04:00:00,f687f6fbf063217c3d828c9511ae23ba8a8df6324b15adf5988685b8fd5be12e,15,3,21.0,0,24.0,0.0,0,5,86.08123551829063,False,176.0,2021-07,LGB_medium,F2
2021-07-31,2021-07-30 16:00:00,2021-07-31 04:00:00,2021-07-31 04:15:00,f687f6fbf063217c3d828c9511ae23ba8a8df6324b15adf5988685b8fd5be12e,16,4,26.0,0,23.9,0.0,0,5,85.61484572623831,False,176.0,2021-07,LGB_medium,F2
2021-07-31,2021-07-30 16:00:00,2021-07-31 04:15:00,2021-07-31 04:30:00,f687f6fbf063217c3d828c9511ae23ba8a8df6324b15adf5988685b8fd5be12e,17,4,24.0,0,23.9,0.0,0,5,81.59936023802852,False,176.0,2021-07,LGB_medium,F2
2021-07-31,2021-07-30 16:00:00,2021-07-31 04:30:00,2021-07-31 04:45:00,f687f6fbf063217c3d828c9511ae23ba8a8df6324b15adf5988685b8fd5be12e,18,4,21.0,0,23.9,0.0,0,5,85.13660049964629,False,176.0,2021-07,LGB_medium,F2
2021-07-31,2021-07-30 16:00:00,2021-07-31 04:45:00,2021-07-31 05:00:00,f687f6fbf063217c3d828c9511ae23ba8a8df6324b15adf5988685b8fd5be12e,19,4,21.0,0,23.9,0.0,0,5,97.82713100733515,False,176.0,2021-07,LGB_medium,F2
2021-07-31,2021-07-30 16:00:00,2021-07-31 05:00:00,2021-07-31 05:15:00,f687f6fbf063217c3d828c9511ae23ba8a8df6324b15adf5988685b8fd5be12e,20,5,21.0,0,23.6,0.0,0,5,101.29462273712434,False,176.0,2021-07,LGB_medium,F2
2021-07-31,2021-07-30 16:00:00,2021-07-31 05:15:00,2021-07-31 05:30:00,f687f6fbf063217c3d828c9511ae23ba8a8df6324b15adf5988685b8fd5be12e,21,5,20.0,0,23.6,0.0,0,5,99.93555002028555,False,176.0,2021-07,LGB_medium,F2
2021-07-31,2021-07-30 16:00:00,2021-07-31 05:30:00,2021-07-31 05:45:00,f687f6fbf063217c3d828c9511ae23ba8a8df6324b15adf5988685b8fd5be12e,22,5,20.0,0,23.6,0.0,0,5,91.06008245565206,False,176.0,2021-07,LGB_medium,F2
2021-07-31,2021-07-30 16:00:00,2021-07-31 05:45:00,2021-07-31 06:00:00,f687f6fbf063217c3d828c9511ae23ba8a8df6324b15adf5988685b8fd5be12e,23,5,19.0,0,23.6,0.0,0,5,100.90010311317424,False,176.0,2021-07,LGB_medium,F2
2021-07-31,2021-07-30 16:00:00,2021-07-31 06:00:00,2021-07-31 06:15:00,f687f6fbf063217c3d828c9511ae23ba8a8df6324b15adf5988685b8fd5be12e,24,6,20.0,0,26.4,0.0,0,5,86.58641230092634,False,176.0,2021-07,LGB_medium,F2
2021-07-31,2021-07-30 16:00:00,2021-07-31 06:15:00,2021-07-31 06:30:00,f687f6fbf063217c3d828c9511ae23ba8a8df6324b15adf5988685b8fd5be12e,25,6,21.0,0,26.4,0.0,0,5,83.73958581911198,False,176.0,2021-07,LGB_medium,F2
2021-07-31,2021-07-30 16:00:00,2021-07-31 06:30:00,2021-07-31 06:45:00,f687f6fbf063217c3d828c9511ae23ba8a8df6324b15adf5988685b8fd5be12e,26,6,20.0,0,26.4,0.0,0,5,82.66498569951766,False,176.0,2021-07,LGB_medium,F2
2021-07-31,2021-07-30 16:00:00,2021-07-31 06:45:00,2021-07-31 07:00:00,f687f6fbf063217c3d828c9511ae23ba8a8df6324b15adf5988685b8fd5be12e,27,6,21.0,0,26.4,0.0,0,5,99.81619780165258,False,176.0,2021-07,LGB_medium,F2
2021-07-31,2021-07-30 16:00:00,2021-07-31 07:00:00,2021-07-31 07:15:00,f687f6fbf063217c3d828c9511ae23ba8a8df6324b15adf5988685b8fd5be12e,28,7,20.0,0,28.3,0.0,0,5,111.53991801887317,False,176.0,2021-07,LGB_medium,F2
2021-07-31,2021-07-30 16:00:00,2021-07-31 07:15:00,2021-07-31 07:30:00,f687f6fbf063217c3d828c9511ae23ba8a8df6324b15adf5988685b8fd5be12e,29,7,20.0,0,28.3,0.0,0,5,130.31389882256528,False,176.0,2021-07,LGB_medium,F2
2021-07-31,2021-07-30 16:00:00,2021-07-31 07:30:00,2021-07-31 07:45:00,f687f6fbf063217c3d828c9511ae23ba8a8df6324b15adf5988685b8fd5be12e,30,7,23.0,0,28.3,0.0,0,5,146.8626520955318,False,176.0,2021-07,LGB_medium,F2
2021-07-31,2021-07-30 16:00:00,2021-07-31 07:45:00,2021-07-31 08:00:00,f687f6fbf063217c3d828c9511ae23ba8a8df6324b15adf5988685b8fd5be12e,31,7,23.0,0,28.3,0.0,0,5,142.36315972008651,False,176.0,2021-07,LGB_medium,F2
2021-07-31,2021-07-30 16:00:00,2021-07-31 08:00:00,2021-07-31 08:15:00,f687f6fbf063217c3d828c9511ae23ba8a8df6324b15adf5988685b8fd5be12e,32,8,20.0,0,29.8,0.0,0,5,142.25116299530322,False,176.0,2021-07,LGB_medium,F2
2021-07-31,2021-07-30 16:00:00,2021-07-31 08:15:00,2021-07-31 08:30:00,f687f6fbf063217c3d828c9511ae23ba8a8df6324b15adf5988685b8fd5be12e,33,8,20.0,0,29.8,0.0,0,5,141.80498895964877,False,176.0,2021-07,LGB_medium,F2
2021-07-31,2021-07-30 16:00:00,2021-07-31 08:30:00,2021-07-31 08:45:00,f687f6fbf063217c3d828c9511ae23ba8a8df6324b15adf5988685b8fd5be12e,34,8,21.0,0,29.8,0.0,0,5,141.49390836284894,False,176.0,2021-07,LGB_medium,F2
2021-07-31,2021-07-30 16:00:00,2021-07-31 08:45:00,2021-07-31 09:00:00,f687f6fbf063217c3d828c9511ae23ba8a8df6324b15adf5988685b8fd5be12e,35,8,21.0,0,29.8,0.0,0,5,141.2644810308203,False,176.0,2021-07,LGB_medium,F2
2021-07-31,2021-07-30 16:00:00,2021-07-31 09:00:00,2021-07-31 09:15:00,f687f6fbf063217c3d828c9511ae23ba8a8df6324b15adf5988685b8fd5be12e,36,9,21.0,0,31.3,0.0,0,5,139.52359120799622,False,176.0,2021-07,LGB_medium,F2
2021-07-31,2021-07-30 16:00:00,2021-07-31 09:15:00,2021-07-31 09:30:00,f687f6fbf063217c3d828c9511ae23ba8a8df6324b15adf5988685b8fd5be12e,37,9,21.0,0,31.3,0.0,0,5,139.52359120799622,False,176.0,2021-07,LGB_medium,F2
2021-07-31,2021-07-30 16:00:00,2021-07-31 09:30:00,2021-07-31 09:45:00,f687f6fbf063217c3d828c9511ae23ba8a8df6324b15adf5988685b8fd5be12e,38,9,21.0,0,31.3,0.0,0,5,139.52359120799622,False,176.0,2021-07,LGB_medium,F2
2021-07-31,2021-07-30 16:00:00,2021-07-31 09:45:00,2021-07-31 10:00:00,f687f6fbf063217c3d828c9511ae23ba8a8df6324b15adf5988685b8fd5be12e,39,9,20.0,0,31.3,0.0,0,5,139.52359120799622,False,176.0,2021-07,LGB_medium,F2
2021-07-31,2021-07-30 16:00:00,2021-07-31 10:00:00,2021-07-31 10:15:00,f687f6fbf063217c3d828c9511ae23ba8a8df6324b15adf5988685b8fd5be12e,40,10,21.0,0,32.4,0.0,0,5,136.61949141855868,False,176.0,2021-07,LGB_medium,F2
2021-07-31,2021-07-30 16:00:00,2021-07-31 10:15:00,2021-07-31 10:30:00,f687f6fbf063217c3d828c9511ae23ba8a8df6324b15adf5988685b8fd5be12e,41,10,21.0,0,32.4,0.0,0,5,138.57719777164317,False,176.0,2021-07,LGB_medium,F2
2021-07-31,2021-07-30 16:00:00,2021-07-31 10:30:00,2021-07-31 10:45:00,f687f6fbf063217c3d828c9511ae23ba8a8df6324b15adf5988685b8fd5be12e,42,10,21.0,0,32.4,0.0,0,5,138.22822532976485,False,176.0,2021-07,LGB_medium,F2
2021-07-31,2021-07-30 16:00:00,2021-07-31 10:45:00,2021-07-31 11:00:00,f687f6fbf063217c3d828c9511ae23ba8a8df6324b15adf5988685b8fd5be12e,43,10,23.0,0,32.4,0.0,0,5,137.94960146642956,False,176.0,2021-07,LGB_medium,F2
2021-07-31,2021-07-30 16:00:00,2021-07-31 11:00:00,2021-07-31 11:15:00,f687f6fbf063217c3d828c9511ae23ba8a8df6324b15adf5988685b8fd5be12e,44,11,26.0,0,32.7,0.0,0,5,137.04103101622036,False,176.0,2021-07,LGB_medium,F2
2021-07-31,2021-07-30 16:00:00,2021-07-31 11:15:00,2021-07-31 11:30:00,f687f6fbf063217c3d828c9511ae23ba8a8df6324b15adf5988685b8fd5be12e,45,11,25.0,0,32.7,0.0,0,5,129.64508302806328,False,176.0,2021-07,LGB_medium,F2
2021-07-31,2021-07-30 16:00:00,2021-07-31 11:30:00,2021-07-31 11:45:00,f687f6fbf063217c3d828c9511ae23ba8a8df6324b15adf5988685b8fd5be12e,46,11,21.0,0,32.7,0.0,0,5,129.6360672962983,False,176.0,2021-07,LGB_medium,F2
2021-07-31,2021-07-30 16:00:00,2021-07-31 11:45:00,2021-07-31 12:00:00,f687f6fbf063217c3d828c9511ae23ba8a8df6324b15adf5988685b8fd5be12e,47,11,21.0,0,32.7,0.0,0,5,126.95430943130746,False,176.0,2021-07,LGB_medium,F2
2021-07-31,2021-07-30 16:00:00,2021-07-31 12:00:00,2021-07-31 12:15:00,f687f6fbf063217c3d828c9511ae23ba8a8df6324b15adf5988685b8fd5be12e,48,12,21.0,0,32.8,0.0,0,5,122.31015461863285,False,176.0,2021-07,LGB_medium,F2
2021-07-31,2021-07-30 16:00:00,2021-07-31 12:15:00,2021-07-31 12:30:00,f687f6fbf063217c3d828c9511ae23ba8a8df6324b15adf5988685b8fd5be12e,49,12,21.0,0,32.8,0.0,0,5,115.93167771666509,False,176.0,2021-07,LGB_medium,F2
2021-07-31,2021-07-30 16:00:00,2021-07-31 12:30:00,2021-07-31 12:45:00,f687f6fbf063217c3d828c9511ae23ba8a8df6324b15adf5988685b8fd5be12e,50,12,21.0,0,32.8,0.0,0,5,117.65798497512506,False,176.0,2021-07,LGB_medium,F2
2021-07-31,2021-07-30 16:00:00,2021-07-31 12:45:00,2021-07-31 13:00:00,f687f6fbf063217c3d828c9511ae23ba8a8df6324b15adf5988685b8fd5be12e,51,12,21.0,0,32.8,0.0,0,5,117.72051678115925,False,176.0,2021-07,LGB_medium,F2
2021-07-31,2021-07-30 16:00:00,2021-07-31 13:00:00,2021-07-31 13:15:00,f687f6fbf063217c3d828c9511ae23ba8a8df6324b15adf5988685b8fd5be12e,52,13,21.0,0,32.1,0.0,0,5,127.30749403354773,False,176.0,2021-07,LGB_medium,F2
2021-07-31,2021-07-30 16:00:00,2021-07-31 13:15:00,2021-07-31 13:30:00,f687f6fbf063217c3d828c9511ae23ba8a8df6324b15adf5988685b8fd5be12e,53,13,21.0,0,32.1,0.0,0,5,129.62627516046842,False,176.0,2021-07,LGB_medium,F2
2021-07-31,2021-07-30 16:00:00,2021-07-31 13:30:00,2021-07-31 13:45:00,f687f6fbf063217c3d828c9511ae23ba8a8df6324b15adf5988685b8fd5be12e,54,13,21.0,0,32.1,0.0,0,5,129.62627516046842,False,176.0,2021-07,LGB_medium,F2
2021-07-31,2021-07-30 16:00:00,2021-07-31 13:45:00,2021-07-31 14:00:00,f687f6fbf063217c3d828c9511ae23ba8a8df6324b15adf5988685b8fd5be12e,55,13,21.0,0,32.1,0.0,0,5,130.4756226816734,False,176.0,2021-07,LGB_medium,F2
2021-07-31,2021-07-30 16:00:00,2021-07-31 14:00:00,2021-07-31 14:15:00,f687f6fbf063217c3d828c9511ae23ba8a8df6324b15adf5988685b8fd5be12e,56,14,21.0,0,30.8,0.0,0,5,128.59863949677987,False,176.0,2021-07,LGB_medium,F2
2021-07-31,2021-07-30 16:00:00,2021-07-31 14:15:00,2021-07-31 14:30:00,f687f6fbf063217c3d828c9511ae23ba8a8df6324b15adf5988685b8fd5be12e,57,14,21.0,0,30.8,0.0,0,5,130.61476576494795,False,176.0,2021-07,LGB_medium,F2
2021-07-31,2021-07-30 16:00:00,2021-07-31 14:30:00,2021-07-31 14:45:00,f687f6fbf063217c3d828c9511ae23ba8a8df6324b15adf5988685b8fd5be12e,58,14,22.0,0,30.8,0.0,0,5,130.26754754390896,False,176.0,2021-07,LGB_medium,F2
2021-07-31,2021-07-30 16:00:00,2021-07-31 14:45:00,2021-07-31 15:00:00,f687f6fbf063217c3d828c9511ae23ba8a8df6324b15adf5988685b8fd5be12e,59,14,25.0,0,30.8,0.0,0,5,130.26754754390896,False,176.0,2021-07,LGB_medium,F2
2021-07-31,2021-07-30 16:00:00,2021-07-31 15:00:00,2021-07-31 15:15:00,f687f6fbf063217c3d828c9511ae23ba8a8df6324b15adf5988685b8fd5be12e,60,15,21.0,0,29.5,0.0,0,5,129.17939136501818,False,176.0,2021-07,LGB_medium,F2
2021-07-31,2021-07-30 16:00:00,2021-07-31 15:15:00,2021-07-31 15:30:00,f687f6fbf063217c3d828c9511ae23ba8a8df6324b15adf5988685b8fd5be12e,61,15,23.0,0,29.5,0.0,0,5,129.20279719382063,False,176.0,2021-07,LGB_medium,F2
2021-07-31,2021-07-30 16:00:00,2021-07-31 15:30:00,2021-07-31 15:45:00,f687f6fbf063217c3d828c9511ae23ba8a8df6324b15adf5988685b8fd5be12e,62,15,21.0,0,29.5,0.0,0,5,129.83992218257092,False,176.0,2021-07,LGB_medium,F2
2021-07-31,2021-07-30 16:00:00,2021-07-31 15:45:00,2021-07-31 16:00:00,f687f6fbf063217c3d828c9511ae23ba8a8df6324b15adf5988685b8fd5be12e,63,15,21.0,0,29.5,0.0,0,5,129.39961806031894,False,176.0,2021-07,LGB_medium,F2
2021-07-31,2021-07-30 16:00:00,2021-07-31 16:00:00,2021-07-31 16:15:00,f687f6fbf063217c3d828c9511ae23ba8a8df6324b15adf5988685b8fd5be12e,64,16,20.0,0,28.4,0.0,0,5,128.14219772054548,False,176.0,2021-07,LGB_medium,F2
2021-07-31,2021-07-30 16:00:00,2021-07-31 16:15:00,2021-07-31 16:30:00,f687f6fbf063217c3d828c9511ae23ba8a8df6324b15adf5988685b8fd5be12e,65,16,21.0,0,28.4,0.0,0,5,128.32495658732805,False,176.0,2021-07,LGB_medium,F2
2021-07-31,2021-07-30 16:00:00,2021-07-31 16:30:00,2021-07-31 16:45:00,f687f6fbf063217c3d828c9511ae23ba8a8df6324b15adf5988685b8fd5be12e,66,16,21.0,0,28.4,0.0,0,5,128.1742763822468,False,176.0,2021-07,LGB_medium,F2
2021-07-31,2021-07-30 16:00:00,2021-07-31 16:45:00,2021-07-31 17:00:00,f687f6fbf063217c3d828c9511ae23ba8a8df6324b15adf5988685b8fd5be12e,67,16,21.0,0,28.4,0.0,0,5,128.1742763822468,False,176.0,2021-07,LGB_medium,F2
2021-07-31,2021-07-30 16:00:00,2021-07-31 17:00:00,2021-07-31 17:15:00,f687f6fbf063217c3d828c9511ae23ba8a8df6324b15adf5988685b8fd5be12e,68,17,21.0,0,28.5,0.0,0,5,107.02439262245181,False,176.0,2021-07,LGB_medium,F2
2021-07-31,2021-07-30 16:00:00,2021-07-31 17:15:00,2021-07-31 17:30:00,f687f6fbf063217c3d828c9511ae23ba8a8df6324b15adf5988685b8fd5be12e,69,17,21.0,0,28.5,0.0,0,5,106.5295544533791,False,176.0,2021-07,LGB_medium,F2
2021-07-31,2021-07-30 16:00:00,2021-07-31 17:30:00,2021-07-31 17:45:00,f687f6fbf063217c3d828c9511ae23ba8a8df6324b15adf5988685b8fd5be12e,70,17,21.0,0,28.5,0.0,0,5,112.36201210833146,False,176.0,2021-07,LGB_medium,F2
2021-07-31,2021-07-30 16:00:00,2021-07-31 17:45:00,2021-07-31 18:00:00,f687f6fbf063217c3d828c9511ae23ba8a8df6324b15adf5988685b8fd5be12e,71,17,21.0,0,28.5,0.0,0,5,113.50352520899766,False,176.0,2021-07,LGB_medium,F2
2021-07-31,2021-07-30 16:00:00,2021-07-31 18:00:00,2021-07-31 18:15:00,f687f6fbf063217c3d828c9511ae23ba8a8df6324b15adf5988685b8fd5be12e,72,18,23.0,0,28.4,0.0,0,5,113.76962051115832,False,176.0,2021-07,LGB_medium,F2
2021-07-31,2021-07-30 16:00:00,2021-07-31 18:15:00,2021-07-31 18:30:00,f687f6fbf063217c3d828c9511ae23ba8a8df6324b15adf5988685b8fd5be12e,73,18,28.0,0,28.4,0.0,0,5,113.75493417316062,False,176.0,2021-07,LGB_medium,F2
2021-07-31,2021-07-30 16:00:00,2021-07-31 18:30:00,2021-07-31 18:45:00,f687f6fbf063217c3d828c9511ae23ba8a8df6324b15adf5988685b8fd5be12e,74,18,21.0,0,28.4,0.0,0,5,114.3706858346279,False,176.0,2021-07,LGB_medium,F2
2021-07-31,2021-07-30 16:00:00,2021-07-31 18:45:00,2021-07-31 19:00:00,f687f6fbf063217c3d828c9511ae23ba8a8df6324b15adf5988685b8fd5be12e,75,18,21.0,0,28.4,0.0,0,5,106.79587393051156,False,176.0,2021-07,LGB_medium,F2
2021-07-31,2021-07-30 16:00:00,2021-07-31 19:00:00,2021-07-31 19:15:00,f687f6fbf063217c3d828c9511ae23ba8a8df6324b15adf5988685b8fd5be12e,76,19,20.0,0,28.0,0.0,0,5,105.2765112961588,False,176.0,2021-07,LGB_medium,F2
2021-07-31,2021-07-30 16:00:00,2021-07-31 19:15:00,2021-07-31 19:30:00,f687f6fbf063217c3d828c9511ae23ba8a8df6324b15adf5988685b8fd5be12e,77,19,20.0,0,28.0,0.0,0,5,103.10828371032449,False,176.0,2021-07,LGB_medium,F2
2021-07-31,2021-07-30 16:00:00,2021-07-31 19:30:00,2021-07-31 19:45:00,f687f6fbf063217c3d828c9511ae23ba8a8df6324b15adf5988685b8fd5be12e,78,19,21.0,0,28.0,0.0,0,5,104.2418692651275,False,176.0,2021-07,LGB_medium,F2
2021-07-31,2021-07-30 16:00:00,2021-07-31 19:45:00,2021-07-31 20:00:00,f687f6fbf063217c3d828c9511ae23ba8a8df6324b15adf5988685b8fd5be12e,79,19,21.0,0,28.0,0.0,0,5,102.1003329101517,False,176.0,2021-07,LGB_medium,F2
2021-07-31,2021-07-30 16:00:00,2021-07-31 20:00:00,2021-07-31 20:15:00,f687f6fbf063217c3d828c9511ae23ba8a8df6324b15adf5988685b8fd5be12e,80,20,21.0,0,27.6,0.0,0,5,100.56318056884753,False,176.0,2021-07,LGB_medium,F2
2021-07-31,2021-07-30 16:00:00,2021-07-31 20:15:00,2021-07-31 20:30:00,f687f6fbf063217c3d828c9511ae23ba8a8df6324b15adf5988685b8fd5be12e,81,20,20.0,0,27.6,0.0,0,5,100.63727515659745,False,176.0,2021-07,LGB_medium,F2
2021-07-31,2021-07-30 16:00:00,2021-07-31 20:30:00,2021-07-31 20:45:00,f687f6fbf063217c3d828c9511ae23ba8a8df6324b15adf5988685b8fd5be12e,82,20,20.0,0,27.6,0.0,0,5,97.00881562406755,False,176.0,2021-07,LGB_medium,F2
2021-07-31,2021-07-30 16:00:00,2021-07-31 20:45:00,2021-07-31 21:00:00,f687f6fbf063217c3d828c9511ae23ba8a8df6324b15adf5988685b8fd5be12e,83,20,21.0,0,27.6,0.0,0,5,99.03557199102441,False,176.0,2021-07,LGB_medium,F2
2021-07-31,2021-07-30 16:00:00,2021-07-31 21:00:00,2021-07-31 21:15:00,f687f6fbf063217c3d828c9511ae23ba8a8df6324b15adf5988685b8fd5be12e,84,21,21.0,0,27.6,0.0,0,5,98.07441463412421,False,176.0,2021-07,LGB_medium,F2
2021-07-31,2021-07-30 16:00:00,2021-07-31 21:15:00,2021-07-31 21:30:00,f687f6fbf063217c3d828c9511ae23ba8a8df6324b15adf5988685b8fd5be12e,85,21,21.0,0,27.6,0.0,0,5,96.25125339468431,False,176.0,2021-07,LGB_medium,F2
2021-07-31,2021-07-30 16:00:00,2021-07-31 21:30:00,2021-07-31 21:45:00,f687f6fbf063217c3d828c9511ae23ba8a8df6324b15adf5988685b8fd5be12e,86,21,24.0,0,27.6,0.0,0,5,98.8739634167126,False,176.0,2021-07,LGB_medium,F2
2021-07-31,2021-07-30 16:00:00,2021-07-31 21:45:00,2021-07-31 22:00:00,f687f6fbf063217c3d828c9511ae23ba8a8df6324b15adf5988685b8fd5be12e,87,21,25.0,0,27.6,0.0,0,5,97.17854258195945,False,176.0,2021-07,LGB_medium,F2
2021-07-31,2021-07-30 16:00:00,2021-07-31 22:00:00,2021-07-31 22:15:00,f687f6fbf063217c3d828c9511ae23ba8a8df6324b15adf5988685b8fd5be12e,88,22,21.0,0,27.6,0.0,0,5,95.81841022345863,False,176.0,2021-07,LGB_medium,F2
2021-07-31,2021-07-30 16:00:00,2021-07-31 22:15:00,2021-07-31 22:30:00,f687f6fbf063217c3d828c9511ae23ba8a8df6324b15adf5988685b8fd5be12e,89,22,21.0,0,27.6,0.0,0,5,98.54855281730384,False,176.0,2021-07,LGB_medium,F2
2021-07-31,2021-07-30 16:00:00,2021-07-31 22:30:00,2021-07-31 22:45:00,f687f6fbf063217c3d828c9511ae23ba8a8df6324b15adf5988685b8fd5be12e,90,22,21.0,0,27.6,0.0,0,5,97.45978066618562,False,176.0,2021-07,LGB_medium,F2
2021-07-31,2021-07-30 16:00:00,2021-07-31 22:45:00,2021-07-31 23:00:00,f687f6fbf063217c3d828c9511ae23ba8a8df6324b15adf5988685b8fd5be12e,91,22,21.0,0,27.6,0.0,0,5,94.37397771310417,False,176.0,2021-07,LGB_medium,F2
2021-07-31,2021-07-30 16:00:00,2021-07-31 23:00:00,2021-07-31 23:15:00,f687f6fbf063217c3d828c9511ae23ba8a8df6324b15adf5988685b8fd5be12e,92,23,21.0,0,27.6,0.0,0,5,93.86643587990487,False,176.0,2021-07,LGB_medium,F2
2021-07-31,2021-07-30 16:00:00,2021-07-31 23:15:00,2021-07-31 23:30:00,f687f6fbf063217c3d828c9511ae23ba8a8df6324b15adf5988685b8fd5be12e,93,23,21.0,0,27.6,0.0,0,5,89.85798901415129,False,176.0,2021-07,LGB_medium,F2
2021-07-31,2021-07-30 16:00:00,2021-07-31 23:30:00,2021-07-31 23:45:00,f687f6fbf063217c3d828c9511ae23ba8a8df6324b15adf5988685b8fd5be12e,94,23,21.0,0,27.6,0.0,0,5,87.57277210055365,False,176.0,2021-07,LGB_medium,F2
2021-07-31,2021-07-30 16:00:00,2021-07-31 23:45:00,2021-08-01 00:00:00,f687f6fbf063217c3d828c9511ae23ba8a8df6324b15adf5988685b8fd5be12e,95,23,21.0,0,27.6,0.0,0,5,86.35077295085583,False,176.0,2021-07,LGB_medium,F2
